dns_branch_code,dns_destination_code,destination_name,acedns
A101,DES00001,12 MILE (KAM),Y
A101,DES00002,ABHOYPUR,Y
A101,DES00003,AJARA,Y
A101,DES00004,AMSING JORABAT (KAM),Y
A101,DES00005,BAJARA,Y
A101,DES00006,BAMUNI GAON (KAM),Y
A101,DES00007,BANGALIPARA,Y
A101,DES00008,BARAMBOI (KAM),Y
A101,DES00009,BARBHAG - BIJULI GHAT,N
A101,DES00010,BARBHAG - DAMODAR DHAM,N
A101,DES00011,BARBHAG - KAMAR KUCHI,N
A101,DES00012,BARBHAG - KAVIA,N
A101,DES00013,BARBHAG - KOYA,N
A101,DES00014,BARKHETRI - ADABARI,N
A101,DES00015,BARKHETRI - CHARABARI,N
A101,DES00016,BARKHETRI - LOHARKATHA,N
A101,DES00017,BARKHETRI_1 - BARTALA,N
A101,DES00018,BARKHETRI_1 - BORI,N
A101,DES00019,BARKHETRI_1 - CHATLA,N
A101,DES00020,BARKHETRI_1 - KAPALHARI,N
A101,DES00021,BARKHETRI_1 - KAPLABORI,N
A101,DES00022,BARKHETRI_1 - MUKALMUA,N
A101,DES00023,BARKHETRI_1 - RAMPUR (MUKALMA),N
A101,DES00024,BARKHETRI_KHANDBARI - BARLIARPUR,N
A101,DES00025,BARKHETRI_KHANDBARI - DAULASAL,N
A101,DES00026,BARKHETRI_KHANDBARI - KHANDBARI,N
A101,DES00027,BARNI DUMP,Y
A101,DES00028,BENGALIPARA_GORESWAR - AMRESH NAGAR,N
A101,DES00029,BENGALIPARA_GORESWAR - ANDHRA GHAT,N
A101,DES00030,BENGALIPARA_GORESWAR - BENGALIPARA (GORESWAR),N
A101,DES00031,BENGALIPARA_GORESWAR - SOAGPUR / SUATPUR,N
A101,DES00032,BEZRA - BALIKUCHI,N
A101,DES00033,BEZRA - FULING,N
A101,DES00034,BEZRA - GASHBARI,N
A101,DES00035,BEZRA - MANDAKANTA,N
A101,DES00036,BEZRA - SHOLAMARI,N
A101,DES00037,BIDHIA_JAJIKONA - BAGAL CHOWK,N
A101,DES00038,BIDHIA_JAJIKONA - MUKTAPUR,N
A101,DES00039,BIDHIA_JAJIKONA - SUTARGAON,N
A101,DES00040,BIDHIA_JAJIKONA 1 - BEJERA,N
A101,DES00041,BIDHIA_JAJIKONA 1 - NANORA,N
A101,DES00042,BIDHIA_JAJIKONA 1 - TRILOKYA CHOWK,N
A101,DES00043,BIJOLI,Y
A101,DES00044,BOKO - BAMUNIGAON,N
A101,DES00045,BOKO - BHALUKGHATA,N
A101,DES00046,BOKO - BOKO,N
A101,DES00047,BOKO - GOHALCONA,N
A101,DES00048,BOKO - HAHEM TINALI,N
A101,DES00049,BOKO - JAMBARI,N
A101,DES00050,BOKO - KOMAPATULI,N
A101,DES00051,BOKO - LAMPARA,N
A101,DES00052,BOKO - SINGARA,N
A101,DES00053,BOKO - SUKUNIA,N
A101,DES00054,BOKO 1 - BONDIPARA,N
A101,DES00055,BOKO 1 - HAHEM,N
A101,DES00056,BOKO 1 - MALANG TINALI,N
A101,DES00057,BOKO 1 - RAJAPARA,N
A101,DES00058,BONGARA (GHY),Y
A101,DES00059,BORIGOG_BONBHAG - ARIKUCHI,N
A101,DES00060,BORIGOG_BONBHAG - BORKHOLA,N
A101,DES00061,BORKA (GHY),Y
A101,DES00062,BULLUT BAZAR (GHY),Y
A101,DES00063,CHAMARIA - ANDAMANA BAZAR,N
A101,DES00064,CHAMARIA - BADLA BAZAR,N
A101,DES00065,CHAMARIA - BALIJHAR,N
A101,DES00066,CHAMARIA - CHAMARIA,N
A101,DES00067,CHAMARIA - DEKACHANG,N
A101,DES00068,CHAMARIA - DEKAPARA,N
A101,DES00069,CHAMARIA - HEKARA,N
A101,DES00070,CHAMARIA - JAMLAI,N
A101,DES00071,CHAMARIA - MALIBARI NEW,N
A101,DES00072,CHAMARIA - MALIBARI OLD,N
A101,DES00073,CHAMARIA - MANDIRA,N
A101,DES00074,CHAMARIA - NAGARBERA,N
A101,DES00075,CHAMARIA - TOPAMARI,N
A101,DES00076,CHANDRAPUR - BONDA,N
A101,DES00077,CHANDRAPUR - CHANDRAPUR,N
A101,DES00078,CHANDRAPUR - N.E.ROOFING BONDA,N
A101,DES00079,CHANDRAPUR - PANIKHETI,N
A101,DES00080,CHANDRAPUR(HILL SIDE) - CHANDRAPUR HILL SIDE,N
A101,DES00081,CHANDRAPUR(HILL SIDE) - PANIKHETI(HILL SIDE),N
A101,DES00082,CHARABARI (GHY),Y
A101,DES00083,CHAYANI BORDUAR - BORIHAT,N
A101,DES00084,CHAYANI BORDUAR - LAHOR GHAT,N
A101,DES00085,CHAYANI BORDUAR - MANIYARI,N
A101,DES00086,CHAYANI BORDUAR - MIRZA,N
A101,DES00087,CHAYANI BORDUAR - PALASBARI,N
A101,DES00088,CHAYANI BORDUAR L - BAGAN BAZAR,N
A101,DES00089,CHAYANI BORDUAR L - GARLIK,N
A101,DES00090,CHAYANI BORDUAR L - JAROBARI,N
A101,DES00091,CHAYANI BORDUAR L - RANI BARI,N
A101,DES00092,CHAYANI BORDUAR L - SONDUBHI,N
A101,DES00093,CHAYGAON,Y
A101,DES00094,CHAYGAON - CHHAYGAON,N
A101,DES00095,CHAYGAON - GOBORDHAN,N
A101,DES00096,CHAYGAON - GUMI,N
A101,DES00097,CHENGA - BOHARI / TARABARI,N
A101,DES00098,CHENGA - CHENGA,N
A101,DES00099,CHENGA - KONGRA,N
A101,DES00100,CHENGA - KUKARPAR,N
A101,DES00101,CHENGA - MAJDIA,N
A101,DES00102,CHENGA - NAOGAON,N
A101,DES00103,CHEPTI (GHY),Y
A101,DES00104,DEMOW (GUWAHATI),Y
A101,DES00105,DHUBGURI (GHY),Y
A101,DES00106,DIMORIA,N
A101,DES00107,DIMORIA - 12 MILE,N
A101,DES00108,DIMORIA - BERNIHAT,N
A101,DES00109,DIMORIA - JORABAT,N
A101,DES00110,DIMORIA - KAMAKUCHI,N
A101,DES00111,DIMORIA - NAZIRA GHAT,N
A101,DES00112,DIMORIA - NINETH MILE HILL SIDE,N
A101,DES00113,DIMORIA - SONAPUR,N
A101,DES00114,DIMORIA 1 - AMSING JORABAT,N
A101,DES00115,DIMORIA 1 - CHAMTA / TETILIA,N
A101,DES00116,DIMORIA 1 - DIGARU,N
A101,DES00117,DIMORIA 1 - KALANGPAR,N
A101,DES00118,DIMORIA 1 - MALIABARI,N
A101,DES00119,DIMORIA L - KHETRI,N
A101,DES00120,DULAHAL,Y
A101,DES00121,DUMUNI CHOWKI,Y
A101,DES00122,EX- FACTORY (GGU),Y
A101,DES00123,GMC 1 - BAMUNIMAIDAN,N
A101,DES00124,GMC 1 - BHANGAGARH,N
A101,DES00125,GMC 1 - BIRKUCHI,N
A101,DES00126,GMC 1 - CRISTIAN BASTI,N
A101,DES00127,GMC 1 - GANESHGURI,N
A101,DES00128,GMC 1 - GUWAHATI HIGHCOURT,N
A101,DES00129,GMC 1 - HENGRABARI,N
A101,DES00130,GMC 1 - KHARGULI,N
A101,DES00131,GMC 1 - NARENGI TINALI,N
A101,DES00132,GMC 1 - PALTAN BAZAR,N
A101,DES00133,GMC 1 - PATHARQUARY,N
A101,DES00134,GMC 1 - SATHGAON,N
A101,DES00135,GMC 1 - SHAKTI,N
A101,DES00136,GMC 1 - SIX MILE,N
A101,DES00137,GMC 1 - TARUN NAGAR,N
A101,DES00138,GMC 1 - ZOO ROAD,N
A101,DES00139,GMC 2 - BETKUCHI,N
A101,DES00140,GMC 2 - BHARALUMUKH,N
A101,DES00141,GMC 2 - DHIRENPARA,N
A101,DES00142,GMC 2 - FANCY BAZAR,N
A101,DES00143,GMC 2 - KALAPAHAR,N
A101,DES00144,GMC 2 - LALGANESH,N
A101,DES00145,GMC 2 - MACHKHOWA,N
A101,DES00146,GMC 2 - MALIGAON,N
A101,DES00147,GMC 2 - SARABBHATI,N
A101,DES00148,GMC HILL SIDE - GMC HILL SIDE,N
A101,DES00149,GMC HILL SIDE - KAMAKHYA HILL SIDE,N
A101,DES00150,GMC HILL SIDE - KHARGULI HILL SIDE,N
A101,DES00151,GMC HILL SIDE - LATASIL HILL SIDE,N
A101,DES00152,GMC HILL SIDE - NOONMATI(HILLSIDE),N
A101,DES00153,GMC NH - BEHARBARI,N
A101,DES00154,GMC NH - BELTOLA CHARIALI,N
A101,DES00155,GMC NH - BHETAPARA,N
A101,DES00156,GMC NH - JALUK BARI,N
A101,DES00157,GMC NH - KHANAPARA,N
A101,DES00158,GMC NH - KHELGAON / SARUSAJAI,N
A101,DES00159,GOMAPHULBARI - BHELA,N
A101,DES00160,GOMAPHULBARI 1 - PALHAJI,N
A101,DES00161,GORAIMARI - GORAIMARI,N
A101,DES00162,GORAIMARI - SANTOLI,N
A101,DES00163,GORAIMARI - UKIAM,N
A101,DES00164,GORAIMARI (GHY),Y
A101,DES00165,GORESWAR - GORESWAR,N
A101,DES00166,GORESWAR 1 - MOHARIPARA,N
A101,DES00167,GORESWAR 1 - NAOKATA,N
A101,DES00168,GORESWAR 1 - SUKLAI,N
A101,DES00169,GUWAHATI CITY,Y
A101,DES00170,GUWAHATI CITY (GMC 1),Y
A101,DES00171,GUWAHATI CITY (GMC NH),Y
A101,DES00172,GUWAHATI DUMP,Y
A101,DES00173,HAJO,Y
A101,DES00174,HAJO - ABHAIPUR / SHERSA,N
A101,DES00175,HAJO - BOROKA,N
A101,DES00176,HAJO - BULLUT BAZAR,N
A101,DES00177,HAJO - HAJO CHOWK,N
A101,DES00178,HAJO - HAJO P.S.,N
A101,DES00179,HAJO - MADHAB MANDIR,N
A101,DES00180,HAJO - NAYANPUR,N
A101,DES00181,HAJO - PANITEMA,N
A101,DES00182,HAJO - RAMDIA,N
A101,DES00183,HAJO - SRINGARPARA,N
A101,DES00184,HAJO (EX- LOKHRA),Y
A101,DES00185,HAJO_BAGTA - BAGTA,N
A101,DES00186,HAJO_BAGTA - BORNI,N
A101,DES00187,HAJO_BAGTA - BULDUT,N
A101,DES00188,HAJO_BAGTA - KALITAKUCHI,N
A101,DES00189,KAMALPUR - BAIHATA,N
A101,DES00190,KAMALPUR - BAIHATA CHARIALI,N
A101,DES00191,KAMALPUR - BIHIDIA,N
A101,DES00192,KAMALPUR - DUMNICHOWKI,N
A101,DES00193,KAMALPUR - KAMALPUR,N
A101,DES00194,KAMALPUR - KOYALAJOL,N
A101,DES00195,KAMALPUR - SAUTARGAON,N
A101,DES00196,KOYA (NO. 1 DUHI),Y
A101,DES00197,LOTIBARI - LOTIBARI,N
A101,DES00198,MORIPARA,Y
A101,DES00199,NAGERBERA,Y
A101,DES00200,NANORA (GHY),Y
A101,DES00201,NARENGI 2 DUMP,Y
A101,DES00202,NARENGI DUMP,Y
A101,DES00203,NOONMATI (HILL SIDE),Y
A101,DES00204,NORTH GUWAHATI - AMINGAON,N
A101,DES00205,NORTH GUWAHATI - AMINGON NEW HIGHCOURT,N
A101,DES00206,NORTH GUWAHATI - CHANGSARI,N
A101,DES00207,NORTH GUWAHATI - DEODUAR,N
A101,DES00208,NORTH GUWAHATI - DOL GOVINDA,N
A101,DES00209,NORTH GUWAHATI - NORTH GUWAHATI,N
A101,DES00210,NORTH GUWAHATI - RANGMAHAL,N
A101,DES00211,RAJAPARA (GHY),Y
A101,DES00212,RAMPUR - KUKURMARA,N
A101,DES00213,RAMPUR - RAMPUR( VIJOYNAGAR),N
A101,DES00214,RAMPUR - UPARHALI,N
A101,DES00215,RAMPUR - VIJOYNAGAR,N
A101,DES00216,RANGIA - CHOGA,N
A101,DES00217,RANGIA - MACHKHALI,N
A101,DES00218,RANGIA - NONANADI,N
A101,DES00219,RANGIA - TULSI BARI,N
A101,DES00220,RANGIA-PUTHIMARI - CHEPTI,N
A101,DES00221,RANGIA-PUTHIMARI - KANIHA,N
A101,DES00222,RANGIA-PUTHIMARI - KANIKUCHI,N
A101,DES00223,RANGIA-PUTHIMARI - KARORA,N
A101,DES00224,RANGIA-PUTHIMARI - KENDUKONA,N
A101,DES00225,RANGIA-PUTHIMARI - KUMARGAON,N
A101,DES00226,RANGIA-PUTHIMARI - MILAN CHOWK,N
A101,DES00227,RANGIA-PUTHIMARI - MORANJONA,N
A101,DES00228,RANGIA-PUTHIMARI - PALARA,N
A101,DES00229,RANGIA-PUTHIMARI - PUTHIMARI,N
A101,DES00230,RANGIA-PUTHIMARI 2 - BOROMBOI,N
A101,DES00231,RANGIA-PUTHIMARI 2 - DIMU,N
A101,DES00232,RANGIA-PUTHIMARI 2 - PACHARIA,N
A101,DES00233,RANGIA-PUTHIMARI 2 - RANGIA,N
A101,DES00234,RANI - AIRPORT,N
A101,DES00235,RANI - AZARA,N
A101,DES00236,RANI - BONGARA,N
A101,DES00237,RANI - BORJHAR,N
A101,DES00238,RANI - DHARAPUR,N
A101,DES00239,RANI - GARIGAON,N
A101,DES00240,RANI - KAHIKUCHI,N
A101,DES00241,RANI - PARLLY,N
A101,DES00242,RANI - RANI,N
A101,DES00243,RANI - VIP,N
A101,DES00244,SANTALI,Y
A101,DES00245,SANTULI,Y
A101,DES00246,SARUKHETRI - BAGORI,N
A101,DES00247,SARUKHETRI - SARTHEBARI,N
A101,DES00248,SUALKUCHI - BAMUNDI,N
A101,DES00249,SUALKUCHI - BARAMBOI,N
A101,DES00250,SUALKUCHI - BONKHOT TINIALI,N
A101,DES00251,SUALKUCHI - DADRA,N
A101,DES00252,SUALKUCHI - DAMPUR,N
A101,DES00253,SUALKUCHI - DUMDUMA,N
A101,DES00254,SUALKUCHI - KULHATI (CHATRASHAL),N
A101,DES00255,SUALKUCHI - MILANPUR,N
A101,DES00256,SUALKUCHI - SINGHIMARI,N
A101,DES00257,SUALKUCHI - SUALKUCHI,N
A101,DES00258,TOPAMARU,Y
A101,DES00259,TOPATOLI,N
A101,DES00260,UKIAM (GHY),Y
A101,DES00261,ULUNI,N
A101,DES00262,VIJAY NAGAR,Y
A102,DES00263,AGIA (LA),Y
A102,DES00264,AGOMONI - AGOMONI,N
A102,DES00265,AGOMONI - BELGURI,N
A102,DES00266,AGOMONI - BINACHARA,N
A102,DES00267,AGOMONI - BOTERHAT,N
A102,DES00268,AGOMONI - HALAKURA,N
A102,DES00269,AGOMONI - HARIGHAT,N
A102,DES00270,AGOMONI - LOHAJANI,N
A102,DES00271,AGOMONI - RATIADAHA,N
A102,DES00272,AGOMONI - SAGOLIA,N
A102,DES00273,AGOMONI - SATRASAL,N
A102,DES00274,AGOMONI - SONAHAT,N
A102,DES00275,AGOMONI 1 - KHERBARI,N
A102,DES00276,AKHRA CHOCK,Y
A102,DES00277,"ALAMGANJ, DHUBRI",Y
A102,DES00278,ALLIA (LA),Y
A102,DES00279,AMOYAPUR,Y
A102,DES00280,ANANDA BAZAR (PATHSALA),Y
A102,DES00281,ANANDAPUR (LA),Y
A102,DES00282,ARIKUCHI,Y
A102,DES00283,ATHIABARI (PATHSALA),Y
A102,DES00284,BAGANA (PATHSALA),Y
A102,DES00285,BAGHMARA(LA),N
A102,DES00286,BAGRIBARI,Y
A102,DES00287,BAJALI - BAGANA,N
A102,DES00288,BAJALI - KENDUGURI,N
A102,DES00289,BAJALI - MALIPARA,N
A102,DES00290,BAJALI - NITYANAND,N
A102,DES00291,BAJALI - PATHACHARKUCHI,N
A102,DES00292,BAJALI - PATHSALA,N
A102,DES00293,BAJALI - RAJAGHAT,N
A102,DES00294,BAJALI - REHABARI,N
A102,DES00295,BAJALI - SADERI,N
A102,DES00296,BAJALI - TALTOL,N
A102,DES00297,BAKRIBARI,Y
A102,DES00298,BALAPARA (LA),N
A102,DES00299,BALIJANA - AGIA,N
A102,DES00300,BALIJANA - BAMUNDANGA,N
A102,DES00301,BALIJANA - GOALPARA,N
A102,DES00302,BALIJANA - SOLMARI,N
A102,DES00303,BANGIAMORI,Y
A102,DES00304,BARAKHALA (LA),Y
A102,DES00305,BARAMA - BARMA,N
A102,DES00306,BARPETA - BARPETA TOWN,N
A102,DES00307,BARTALA,Y
A102,DES00308,BHABANIPUR,Y
A102,DES00309,BHALPUR,Y
A102,DES00310,BHAWANIPUR - BHAWANIPUR,N
A102,DES00311,BHAWANIPUR - GANAKPARA,N
A102,DES00312,BHAWANIPUR - GATI,N
A102,DES00313,BHAWANIPUR - HAWLI,N
A102,DES00314,BHAWANIPUR - POHUMARA,N
A102,DES00315,BHAWANIPUR - SORUPETA,N
A102,DES00316,BHAWANIPUR - TAPA,N
A102,DES00317,BHELA,Y
A102,DES00318,BHELA BRIDGE,Y
A102,DES00319,BIJLIGHAT,Y
A102,DES00320,BIJULI GHAT (EX- DUMP),Y
A102,DES00321,BILASIPARA - BELTOLI,N
A102,DES00322,BILASIPARA - BENGALIPARA (BILASIPARA),N
A102,DES00323,BILASIPARA - BILASIPARA,N
A102,DES00324,BILASIPARA - GAURANG,N
A102,DES00325,BILASIPARA - TILAPARA,N
A102,DES00326,BOHARI,Y
A102,DES00327,BOITAMARI - BOITAMARI,N
A102,DES00328,BOITAMARI - DEOHATTI,N
A102,DES00329,BOITAMARI - DHANTOLA,N
A102,DES00330,BOITAMARI - GARODOKAN,N
A102,DES00331,BOITAMARI - KHAGARPUR,N
A102,DES00332,BOITAMARI - SALMARA,N
A102,DES00333,BOITAMARI - TULUNGIA,N
A102,DES00334,BOITAMARI (LA),Y
A102,DES00335,BOITAMARI BALAPAR - BALAPARA,N
A102,DES00336,BOITAMARI BALAPAR - CHALANTAPARA,N
A102,DES00337,BOITAMARI BALAPAR - JOGIGHOPA,N
A102,DES00338,BOITAMARI BALAPAR - KABAITARI,N
A102,DES00339,BOITAMARI BALAPAR - KABAITARI TINIALI,N
A102,DES00340,BOITAMARI BALAPAR - KERKHABARI/NAYEKGAON,N
A102,DES00341,BOITAMARI BALAPAR - PACHENIA,N
A102,DES00342,BOKRIBARI (LA),Y
A102,DES00343,BOLBOLA,Y
A102,DES00344,BONGAIGAON - BONGAIGAON,N
A102,DES00345,BONGAIGAON - BRPL(REFINERY),N
A102,DES00346,BONGAIGAON - CHAPAGURI,N
A102,DES00347,BONGAIGAON - DHALIGAON,N
A102,DES00348,BONGAIGAON - HATIMUTURA,N
A102,DES00349,BONGAIGAON - MULAGAON,N
A102,DES00350,BONGAIGAON - NORTH BOITHAMARI,N
A102,DES00351,BONGAON (LA),Y
A102,DES00352,BONGAON (PATHSALA),Y
A102,DES00353,BORIGOG-BONBHAG - ALLIA,N
A102,DES00354,BORIGOG-BONBHAG - BARAJOL,N
A102,DES00355,BORIGOG-BONBHAG - GHAGHARAPARA,N
A102,DES00356,BORKHOLA (LA),Y
A102,DES00357,BOXIRHAT (ASSAM),Y
A102,DES00358,BRPL,Y
A102,DES00359,BUGALCHOCK,Y
A102,DES00360,CHAKCHAKA - CHAKCHAKA,N
A102,DES00361,CHAKCHAKA - SARBHOG,N
A102,DES00362,CHAMTA,Y
A102,DES00363,CHAPAR - BHAKATGAON,N
A102,DES00364,CHAPAR - BIDYAPUR,N
A102,DES00365,CHAPAR - BOHOLPUR,N
A102,DES00366,CHAPAR - CHAPAR,N
A102,DES00367,CHAPAR - DHIRGHAT,N
A102,DES00368,CHAPAR - DHOLMARA,N
A102,DES00369,CHAPAR - RANGAMATI,N
A102,DES00370,CHAPAR - SALKOCHA,N
A102,DES00371,CHENGA,Y
A102,DES00372,CHENGA (LA),Y
A102,DES00373,CHIRANG - BECHIMARI,N
A102,DES00374,CHIRANG - CHAKIHALI,N
A102,DES00375,CHIRANG - DANGAIGAON,N
A102,DES00376,CHIRANG - GERUKABARI,N
A102,DES00377,CHIRANG - KHORICHALA,N
A102,DES00378,CHIRANG - MANIKPUR,N
A102,DES00379,CHIRANG - PATILADAHA,N
A102,DES00380,CHIRANG BIJNI - BALLAMGURI,N
A102,DES00381,CHIRANG BIJNI - BHANDARA,N
A102,DES00382,CHIRANG BIJNI - BIJNI,N
A102,DES00383,CHIRANG BIJNI - CHAPRAKATA,N
A102,DES00384,CHIRANG BIJNI - KIRTANPARA,N
A102,DES00385,CHIRANG BIJNI - PANBARI,N
A102,DES00386,CHIRANG BIJNI - RAKHALDUBI,N
A102,DES00387,CHIRANG BIJNI - SIDALSATI,N
A102,DES00388,CHOGA,Y
A102,DES00389,CHUNARI (LA),Y
A102,DES00390,DALKUMA,Y
A102,DES00391,DARANGIRI (LA),Y
A102,DES00392,DAULASAL,Y
A102,DES00393,DHALIGOAN,Y
A102,DES00394,DHAMDHAMA - DHAMDHAMA,N
A102,DES00395,DHUBRI - DHUBRI,N
A102,DES00396,DHUBRI - KALAHAT,N
A102,DES00397,DHUMDHUMA,Y
A102,DES00398,DINGDINGA,Y
A102,DES00399,DOTMA - DOTMA,N
A102,DES00400,DOTMA - PATGAON,N
A102,DES00401,DOTMA - SERFANGURI,N
A102,DES00402,DUMONI,Y
A102,DES00403,DUTMA,Y
A102,DES00404,FAKIRAGRAM - CHITHILA,N
A102,DES00405,FAKIRAGRAM - FAKIRAGRAM,N
A102,DES00406,FAKIRAGRAM - PAULPARA,N
A102,DES00407,GATI (PATHSALA),Y
A102,DES00408,GAURAN,Y
A102,DES00409,GOBARDHANA - ANANDABAZAR,N
A102,DES00410,GOBARDHANA - BARPETA ROAD,N
A102,DES00411,GOBARDHANA - GOBARDHANA,N
A102,DES00412,GOBARDHANA - SIMLAGURI,N
A102,DES00413,GOLAKGANJ - BANIAMORI,N
A102,DES00414,GOLAKGANJ - BIRAT NAGAR,N
A102,DES00415,GOLAKGANJ - DHARMASHALA,N
A102,DES00416,GOLAKGANJ - GOLAKGANJ,N
A102,DES00417,GOSAIGAON,Y
A102,DES00418,GOSSAINGAON - BHAWRAGURI,N
A102,DES00419,GOSSAINGAON - GOKUL KATA,N
A102,DES00420,GOSSAINGAON - GOSSAIGAON,N
A102,DES00421,GOSSAINGAON - SRIRAMPUR,N
A102,DES00422,GOSSAINGAON - TULSIBIL,N
A102,DES00423,GOSSAINGAON MUKULDANGA - BHADEYAGURI,N
A102,DES00424,GOSSAINGAON MUKULDANGA - KACHUGAON,N
A102,DES00425,GOSSAINGAON MUKULDANGA - MUKULDANGA,N
A102,DES00426,HALAGURA,Y
A102,DES00427,HATSINGIMARI (LA),Y
A102,DES00428,HELONA (PATHSALA),Y
A102,DES00429,HOWLI,Y
A102,DES00430,JALAH,Y
A102,DES00431,JALAH - ANANDANAGAR,N
A102,DES00432,JALAH - ANCHALI,N
A102,DES00433,JALAH - JALIKHATA,N
A102,DES00434,JALAH - PAKHAMARA,N
A102,DES00435,JALAH - RUPAHI,N
A102,DES00436,JALAH - SALBARI,N
A102,DES00437,JALAH-1 - ATHIABARI,N
A102,DES00438,JALAH-1 - BAGHMARA,N
A102,DES00439,JALAH-1 - BANGAON,N
A102,DES00440,JALAH-1 - BHOOTIAMARA,N
A102,DES00441,JALAH-1 - GOLAGAON,N
A102,DES00442,JALAH-1 - JALAGHAT,N
A102,DES00443,JALAH-1 - SIMLA,N
A102,DES00444,JALAH-1 - THAMANA,N
A102,DES00445,JALAH-1 - THATHANBANDH,N
A102,DES00446,JALAHGHAT,Y
A102,DES00447,JALESHWAR - DHUMERGHAT,N
A102,DES00448,JALESHWAR - GOURNAGAR,N
A102,DES00449,JALESHWAR - JALESAR,N
A102,DES00450,JALESHWAR - PORABHITA,N
A102,DES00451,JALESHWAR - RADURAMCHARIALI,N
A102,DES00452,JALESHWAR (LA),Y
A102,DES00453,JALESWAR SALAKATA - AIRKATA,N
A102,DES00454,JALESWAR SALAKATA - BOGULARBHITA,N
A102,DES00455,JALESWAR SALAKATA - CHIRAKUTI,N
A102,DES00456,JALESWAR SALAKATA - FAKIRGANJ,N
A102,DES00457,JALESWAR SALAKATA - KHALISABHITA,N
A102,DES00458,JALESWAR SALAKATA - MADERTARI,N
A102,DES00459,JALESWAR SALAKATA - SALKATA,N
A102,DES00460,JALESWAR SALAKATA - SIMALABARI,N
A102,DES00461,JOGIGOPPA,Y
A102,DES00462,JONIA (LA),N
A102,DES00463,JONTA,N
A102,DES00464,KABAITRI,Y
A102,DES00465,KACHHUGAON,Y
A102,DES00466,"KAJALGAON,LOWER ASSAM",Y
A102,DES00467,KASHIKOTRA (LA),Y
A102,DES00468,KERKHABARI / NAYAGAON,Y
A102,DES00469,KHAIRBARI (LA),Y
A102,DES00470,KHANDBARI,N
A102,DES00471,KHARADHARA (LA),Y
A102,DES00472,KHARBUJA,Y
A102,DES00473,KHARMOUZA - AMBARI,N
A102,DES00474,KHARMOUZA - KHARMUZA,N
A102,DES00475,KHARMOUZA - MAKREE / DAKURBHITA,N
A102,DES00476,KHARMOUZA - PANCHRATNA,N
A102,DES00477,KHONAGHAT,Y
A102,DES00478,KOILAJAL (LA),Y
A102,DES00479,KOILAMELA - KOILAMELA,N
A102,DES00480,KOKHLABARI,Y
A102,DES00481,KOKRAJHAR - BISHMURI,N
A102,DES00482,KOKRAJHAR - KARIGAON,N
A102,DES00483,KOKRAJHAR - KOKHILABARI,N
A102,DES00484,KOKRAJHAR - KOKRAJHAR,N
A102,DES00485,KOKRAJHAR - SALAKATI,N
A102,DES00486,KOKRAJHAR - TINIALI,N
A102,DES00487,KOKRAJHAR - TITAGURI,N
A102,DES00488,KOKRAJHAR-1 - NTPC SALAKATI,N
A102,DES00489,KOLAGACHI,Y
A102,DES00490,KONGRA,Y
A102,DES00491,KRISHNOI,Y
A102,DES00492,KUCHDHOWA - DAMRA,N
A102,DES00493,KUCHDHOWA - DUDHNOI,N
A102,DES00494,KUCHDHOWA - GAROMARI,N
A102,DES00495,LAKHIPUR - BESORKONA,N
A102,DES00496,LAKHIPUR - KALJANI,N
A102,DES00497,LAKHIPUR - PHOTAMAT,N
A102,DES00498,LAKHIPUR 1,Y
A102,DES00499,LAKHIPUR MALPARA - DWARKA,N
A102,DES00500,LAKHIPUR MALPARA - MALAPARA,N
A102,DES00501,LAKHIPUR MALPARA - MARKULA,N
A102,DES00502,LAKHIPUR MALPARA - RONGSAI,N
A102,DES00503,LAKHIPUR MALPARA - SIGNBOARD,N
A102,DES00504,LAKHIPUR-1 - CHUNARI,N
A102,DES00505,LAKHIPUR-1 - LAKHIPUR,N
A102,DES00506,LENGLA,Y
A102,DES00507,LENGTI SENGA,Y
A102,DES00508,LOTIBARI,Y
A102,DES00509,MADHUPUR - KAITHALKUCHI,N
A102,DES00510,MAHAMAYA - BOGRIBARI,N
A102,DES00511,MAHAMAYA - KHORAGHAT,N
A102,DES00512,MAHAMAYA - LAKHIGANJ,N
A102,DES00513,MAHAMAYA - MAKRIJHORA,N
A102,DES00514,MAHAMAYA - NAYAHAT,N
A102,DES00515,MAHAMAYA - RANGAMATI MASJID,N
A102,DES00516,MAHAMAYA - RANIGANJ,N
A102,DES00517,MAHAMAYA - SAPATGRAM,N
A102,DES00518,MAJDIA,N
A102,DES00519,MAKHIBAHA,Y
A102,DES00520,MANCACHAR,Y
A102,DES00521,MANDIA - MANDIA,N
A102,DES00522,MASSALPUR - MASALPUR,N
A102,DES00523,MASSALPUR - SUBANKHATA,N
A102,DES00524,MATIA - DALGOMA,N
A102,DES00525,MATIA - MATIA,N
A102,DES00526,MATIA - SUTARPARA,N
A102,DES00527,MATIA MORNOI - DHUPTOLA,N
A102,DES00528,MATIA MORNOI - DUBAPARA,N
A102,DES00529,MATIA MORNOI-1 - BOHOTI SALMARA,N
A102,DES00530,MATIA MORNOI-1 - MORNOI,N
A102,DES00531,MATIA MORNOI-1 - NEPALIKHUTI,N
A102,DES00532,MELABAZAR,Y
A102,DES00533,MOINBORI,Y
A102,DES00534,MUKALMA,Y
A102,DES00535,MUKULDANGA (LA),Y
A102,DES00536,NABASTI (LA),Y
A102,DES00537,NAGARJULI,Y
A102,DES00538,NALBARI - BAGALS ROAD,N
A102,DES00539,NALBARI - BAHJANI,N
A102,DES00540,NALBARI - CHOWK BAZAR,N
A102,DES00541,NALBARI - KORBAHA,N
A102,DES00542,NALBARI - MOROWA,N
A102,DES00543,NALBARI - MUGKUCHI,N
A102,DES00544,NALBARI - NARDI,N
A102,DES00545,NALBARI - YAGYA BHUMI/ JAGRA,N
A102,DES00546,NALBARI SANGRGHAT - AKHARA CHOWK,N
A102,DES00547,NALBARI SANGRGHAT - GOBRADAL,N
A102,DES00548,NALBARI SANGRGHAT - NALBARI,N
A102,DES00549,NALBARI SANGRGHAT - PAIKARKUCHI,N
A102,DES00550,NALBARI SANGRGHAT - SANGRIGHAT,N
A102,DES00551,NAOGAON (LA),Y
A102,DES00552,NIKASI - NIKASHI,N
A102,DES00553,PAKABETBARI - CHAKIRBHITA,N
A102,DES00554,PAKABETBARI - KAYAKUCHI,N
A102,DES00555,PALHAJI,Y
A102,DES00556,PASCHIM NALBARI - BARNIBARI,N
A102,DES00557,PASCHIM NALBARI - CHAMTA (NALBARI),N
A102,DES00558,PASCHIM NALBARI - GOBLALPUR,N
A102,DES00559,PASCHIM NALBARI - SOLMARA,N
A102,DES00560,PATGAON (LA),Y
A102,DES00561,PATHACHARKUCHI (LA),Y
A102,DES00562,POHUMARA (LA),Y
A102,DES00563,RAMPUR,N
A102,DES00564,RAMPUR (PATHSALA),Y
A102,DES00565,RANGAPANI (LA),Y
A102,DES00566,RANGJULI - ADUGURI,N
A102,DES00567,RANGJULI - BIDANAGAR,N
A102,DES00568,RANGJULI - DARANGIRI,N
A102,DES00569,RANGJULI - DHANUBHANGA,N
A102,DES00570,RANGJULI - DHUPDHARA,N
A102,DES00571,RANGJULI - PADUPARA,N
A102,DES00572,RANGJULI - PATPARA,N
A102,DES00573,RANGJULI - RANGJULI,N
A102,DES00574,RANGJULI (LA),Y
A102,DES00575,RANGJULI (TIPLAI) - GARUSAKTA,N
A102,DES00576,RANGJULI (TIPLAI) - GERUA,N
A102,DES00577,RANGJULI (TIPLAI) - PALASHARTARI,N
A102,DES00578,RANGJULI (TIPLAI) - PALPARA,N
A102,DES00579,RANGJULI (TIPLAI) - SIMALITOLA,N
A102,DES00580,RANGJULI (TIPLAI) - TIPLAI / MALANGCHA,N
A102,DES00581,RUPAHI (PATHSALA),Y
A102,DES00582,RUPSHI - ALAMGANJ,N
A102,DES00583,RUPSHI - BALAJAN,N
A102,DES00584,RUPSHI - GAURIPUR,N
A102,DES00585,RUPSHI - KAZIGAON,N
A102,DES00586,RUPSI - BALAGAON,N
A102,DES00587,RUPSI - BAMUNTARI,N
A102,DES00588,RUPSI - BORITALI,N
A102,DES00589,RUPSI - CHENIMARI,N
A102,DES00590,RUPSI - JONIA,N
A102,DES00591,RUPSI - JONIA MOR,N
A102,DES00592,RUPSI - JONTA,N
A102,DES00593,RUPSI - KOLGACHIA,N
A102,DES00594,RUPSI - LANGLA,N
A102,DES00595,RUPSI - RANGAPANI,N
A102,DES00596,RUPSI - TND BRIDGE,N
A102,DES00597,RUPSI LANGLA - BORTARI,N
A102,DES00598,"RUPSI LANGLA - KANTAKHALI, JAIPUR",N
A102,DES00599,RUPSI LANGLA - MOINBARI,N
A102,DES00600,SAFRUNGURI,Y
A102,DES00601,SALBARI (PATHSALA),Y
A102,DES00602,SALKUCHA,Y
A102,DES00603,SALMARA (LA),Y
A102,DES00604,SALMARI,Y
A102,DES00605,SARTHEBARI,Y
A102,DES00606,SATABARI,Y
A102,DES00607,SATYABARI,Y
A102,DES00608,SIDLI - BASUGAON,N
A102,DES00609,SIDLI - KAJALGAON,N
A102,DES00610,SIDLI - KASHIKOTRA,N
A102,DES00611,SIDLI - SIDLI,N
A102,DES00612,SIMALTOLA,Y
A102,DES00613,SONAHAT (LA),Y
A102,DES00614,SORUPATA,Y
A102,DES00615,SRIJANGRAM - ABHAYAPURI,N
A102,DES00616,SRIJANGRAM - BORBOLA,N
A102,DES00617,SRIJANGRAM - LALMATI,N
A102,DES00618,SRIJANGRAM - LENGTISINGA,N
A102,DES00619,SRIJANGRAM - MALEGARH,N
A102,DES00620,SUATPUR,Y
A102,DES00621,TAMARHAT - TAMARHAT,N
A102,DES00622,TAMARHAT (LA),Y
A102,DES00623,TAMULPUR - DRANG,N
A102,DES00624,TAMULPUR - KUMARIKATA,N
A102,DES00625,TAMULPUR - MELA,N
A102,DES00626,TAMULPUR - NAGARJULI   (TRUCK ROUTE VIA GORESHWAR),N
A102,DES00627,TAMULPUR - TAMULPUR,N
A102,DES00628,TAMULPUR DUMANI - ANANDAPUR,N
A102,DES00629,TAMULPUR DUMANI - DUMANI,N
A102,DES00630,TAMULPUR DUMANI - TETULIGURI,N
A102,DES00631,THAPHAM BANDH,Y
A102,DES00632,TIHU - DIPTA,N
A102,DES00633,TIHU - HARIBHANGA,N
A102,DES00634,TIHU - HELONA,N
A102,DES00635,TIHU - KADAMTAL,N
A102,DES00636,TIHU - KHARADHARA,N
A102,DES00637,TIHU - MAKHIBOHA,N
A102,DES00638,TIHU - TIHU,N
A102,DES00639,TIHU - TIHU TINALI (NATHKUCHI),N
A102,DES00640,TIMALI,Y
A102,DES00641,TIPLAI,Y
A102,DES00642,TUKRESHWARI,Y
A102,DES00643,TULINGIA,Y
A103,DES00644,AMPATI - AMPATI,N
A103,DES00645,BAGHMARA - BAGHMARA,N
A103,DES00646,BAGHMARA (TURA),Y
A103,DES00647,BAJENGDOBA - BEJONGDOBA,N
A103,DES00648,BAJENGDOBA - BEJONGDOBA DUMP,N
A103,DES00649,BAJENGDOBA - MALADHARA,N
A103,DES00650,CHIBINANG - CHIBINANG,N
A103,DES00651,CHIBINANG - PHULBARI,N
A103,DES00652,CHIBINANG - SHYAMNAGAR,N
A103,DES00653,CHOKPOT - CHOKPOT,N
A103,DES00654,DADENGGRE - DADENGGRE,N
A103,DES00655,DALU - DALU,N
A103,DES00656,GAROBADHA - GAROBADHA,N
A103,DES00657,HALCHATTI - HALCHATTI,N
A103,DES00658,HATIMARA - HATIMARA,N
A103,DES00659,JADI - JADI,N
A103,DES00660,JADI (EX-BARNI MEGH),Y
A103,DES00661,MAHENDRAGANJ - MAHENDRAGANJ,N
A103,DES00662,MANKACHAR - DIARA,N
A103,DES00663,MANKACHAR - MANKACHAR,N
A103,DES00664,MENDIPATHAR - MENDIPATHAR,N
A103,DES00665,MENDIPATHAR - RESUBELPARA,N
A103,DES00666,MONABARI - MONABARI,N
A103,DES00667,NANGALBIBRA - NANGALBIBRA,N
A103,DES00668,NANGKERA - NANGKERA,N
A103,DES00669,PURAKHASIA - PURAKHASIA,N
A103,DES00670,RAJABALA - RAJABALA,N
A103,DES00671,RONGJENG - RONGJENG,N
A103,DES00672,RONGRA - RONGRA,N
A103,DES00673,RONGRAM - RONGRAM,N
A103,DES00674,SAMANDA - SAMANDA,N
A103,DES00675,SINGHIMARI - SELSELLA,N
A103,DES00676,SINGHIMARI - SINGHIMARI,N
A103,DES00677,SIZU - SIZU,N
A103,DES00678,SONGSAK - SONGSAK,N
A103,DES00679,TIKRIKILA - NIDANPUR,N
A103,DES00680,TIKRIKILA - PAHAM,N
A103,DES00681,TIKRIKILA - TIKRIKILA,N
A103,DES00682,TIKRIKILLA(MEG),Y
A103,DES00683,TURA - TURA,N
A103,DES00684,WILLIAM NAGAR,Y
A103,DES00685,WILLIAMNAGAR - WILLIAMNAGAR,N
A103,DES00686,ZIKZAK - ZIKZAK,N
A104,DES00687,AAHATGURI,Y
A104,DES00688,AMANI,Y
A104,DES00689,AMBAGAN (NGN),Y
A104,DES00690,AMLIGHAT (NGN),Y
A104,DES00691,AMTRENG (NGN),Y
A104,DES00692,BASANA GHAT (MGN),N
A104,DES00693,BAGHARA (MGN),Y
A104,DES00694,BAITHALAGSU - BAITHLANGSU,N
A104,DES00695,BAITHALAGSU - DONKAMOKAM,N
A104,DES00696,BAJIAGAON - AMONI,N
A104,DES00697,BAJIAGAON - MISSA,N
A104,DES00698,BAJIAGAON - SALANA,N
A104,DES00699,BARAKHOWA (NGN),Y
A104,DES00700,BARBOHA (NGN),Y
A104,DES00701,BARHAMPUR - CHALCHALI,N
A104,DES00702,BARHAMPUR - NONOI,N
A104,DES00703,BARHAMPUR - PURANIGODAM,N
A104,DES00704,BARHAMPUR - SARUPATHAR,N
A104,DES00705,BARHAMPUR - URIAGAON,N
A104,DES00706,BATLANGSU,Y
A104,DES00707,BEBEJIA,Y
A104,DES00708,BECHAMARI (NGN),Y
A104,DES00709,BELTOLI BAZAR (NGN),Y
A104,DES00710,BHAKAT GAON (MGN),Y
A104,DES00711,BHALUKMARI (NGN),Y
A104,DES00712,BHURAGAON,Y
A104,DES00713,BHURBANDHA (MGN),Y
A104,DES00714,BIDAMBARA (NGN),Y
A104,DES00715,BINNAKANDI  (JOGIJAN) - BARHAWAR,N
A104,DES00716,BINNAKANDI - CHOUDHURY BAZAR,N
A104,DES00717,BINNAKANDI - DOBOKA,N
A104,DES00718,BINNAKANDI - JAYNAGAR,N
A104,DES00719,BINNAKANDI - MURAJHAR,N
A104,DES00720,BINNAKANDI - NAMDOBOKA,N
A104,DES00721,BINNAKANDI - NILBAGAN,N
A104,DES00722,BINNAKANDI ( JOGIJAN) - JAMUNAMUKH,N
A104,DES00723,BINNAKANDI ( JOGIJAN) - JOGIJAN,N
A104,DES00724,BINNAKANDI ( JOGIJAN) - JORAPUKHURI,N
A104,DES00725,BINNAKANDI ( JOGIJAN) - SANKARDEV NAGAR,N
A104,DES00726,BOKOLIA - BOKOLIA,N
A104,DES00727,BOKOLIA - HOWRA GHAT,N
A104,DES00728,BOKOLIA - HOWRA GHAT TINALI,N
A104,DES00729,BOKOLIA (DENGAON) - DENGAON,N
A104,DES00730,BOKOLIA (DENGAON) - LENGING,N
A104,DES00731,BOKOLIA (DENGAON) - PARKHOA,N
A104,DES00732,BOKOLIA (NGN),Y
A104,DES00733,BORAHUR (NGN),Y
A104,DES00734,BORANGA BARI (MGN),Y
A104,DES00735,BORDUA (NGN),Y
A104,DES00736,BORPUJIA (MGN),Y
A104,DES00737,BORSHALLA (NGN),Y
A104,DES00738,CHALCHALI (NGN),Y
A104,DES00739,CHAPARMUKH (NGN),Y
A104,DES00740,CHOWDHURY BAZAR (NGN),Y
A104,DES00741,DAKHINPAT (NGN),Y
A104,DES00742,DANDUA (MGN),Y
A104,DES00743,DATWAJHA (NGN),Y
A104,DES00744,DAYANG (NGN),Y
A104,DES00745,DEMULGURI (ITAKHOLI),Y
A104,DES00746,DERAPATHAR (NGN),Y
A104,DES00747,DHALPUKHURI - DHALPUKHURI,N
A104,DES00748,DHALPUKHURI - KAPASBARI,N
A104,DES00749,DHALPUKHURI (LANKA) - DAYANGMUKH,N
A104,DES00750,DHALPUKHURI (LANKA) - KARIKHONA,N
A104,DES00751,DHALPUKHURI (LANKA) - KHERONI,N
A104,DES00752,DHALPUKHURI (LANKA) - LANKA,N
A104,DES00753,DHALPUKHURI (LANKA) - LASKAR PATHAR,N
A104,DES00754,DHALPUKHURI (LANKA) - NAKHUTI,N
A104,DES00755,DHING,Y
A104,DES00756,DHUPAGURI (NGN),Y
A104,DES00757,DIMORIA 2 - ULUNI,N
A104,DES00758,DIMORIA L - DHUBGURI,N
A104,DES00759,DIMORIA L - DIMORIA,N
A104,DES00760,DIMORIA L - TOPATOLI,N
A104,DES00761,DIYUNG VELLEY - DIAKHO,N
A104,DES00762,DIYUNG VELLEY - MIGRINDESHA,N
A104,DES00763,DIYUNG VELLEY - MULKOI,N
A104,DES00764,DIYUNG VELLEY - MUPA,N
A104,DES00765,DIYUNG VELLEY 1 - LANTING,N
A104,DES00766,DOGAON,Y
A104,DES00767,DOGAON BAZAR (NGN),Y
A104,DES00768,DOKMOKA (NGN),Y
A104,DES00769,DONKAMOKAM (NGN),Y
A104,DES00770,DOOMDOOMIA (NGN),Y
A104,DES00771,DUTTAHAZAR (NGN),Y
A104,DES00772,GAGALMARI (NGN),Y
A104,DES00773,GERUA (NGN),Y
A104,DES00774,HAFLONG (NCH),Y
A104,DES00775,HALFLONG - HALFLONG,N
A104,DES00776,HAMREN - HAMREN,N
A104,DES00777,HAMRENG (NGN),N
A104,DES00778,HARANGAJAO - HARENGAJAO,N
A104,DES00779,HARANGAJAO - JATINGA,N
A104,DES00780,HARANGAJAO - MIYANGKRO,N
A104,DES00781,HARANGAJAO - RADZOL,N
A104,DES00782,HATIGAON (NAGAON),Y
A104,DES00783,HOWRAGHAT,Y
A104,DES00784,HP MILL (MGN),Y
A104,DES00785,ISLAM NAGAR (NGN),Y
A104,DES00786,JAGIROAD,Y
A104,DES00787,JAJORI SIMULTAL (NGN),Y
A104,DES00788,JAKHLABANDHA,Y
A104,DES00789,JALUGUTI,Y
A104,DES00790,JAMUNAMUKH (NGN),Y
A104,DES00791,JAPHRAJAN (NCH),Y
A104,DES00792,JATINGA (NCH),Y
A104,DES00793,JATINGA VELLEY - DAOTOHAJA,N
A104,DES00794,JATINGA VELLEY - MAHUR,N
A104,DES00795,JATINGA VELLEY - PHIDING,N
A104,DES00796,JHARGAON (MNG),Y
A104,DES00797,JORAPUKHURI (NGN),Y
A104,DES00798,JUGIJAN,N
A104,DES00799,JUGIJAN - BHALUKMARI,N
A104,DES00800,JUGIJAN - HOJAI,N
A104,DES00801,JUGIJAN - ISLAM NAGAR,N
A104,DES00802,JUGIJAN - RANIPUKHURI,N
A104,DES00803,JURIA - BALUCHAR BAZAR,N
A104,DES00804,JURIA - DOGAON BAZAR,N
A104,DES00805,JURIA - JURIA CHARALI,N
A104,DES00806,JURIA - RAIDONGIA,N
A104,DES00807,KACHARIBARAI (NGN),Y
A104,DES00808,KACHARIBASTI (NGN),Y
A104,DES00809,KACHUA (NGN),Y
A104,DES00810,KAKI (NGN),Y
A104,DES00811,KALAIBOR (AMGURI) - AMGURI,N
A104,DES00812,KALIABOR,N
A104,DES00813,KALIABOR - BARPATHIA,N
A104,DES00814,KALIABOR - HATBOR,N
A104,DES00815,KALIABOR - JAKHALABANDHA,N
A104,DES00816,KALIABOR - KOLIABOR,N
A104,DES00817,KALIABOR - KOLIABOR TINALI,N
A104,DES00818,KALIABOR - NALTALI,N
A104,DES00819,KALIABOR - SILGHAT,N
A104,DES00820,KALIABOR (HARMATI) - KUTHORI,N
A104,DES00821,KALIBOR - RANGGHAR,N
A104,DES00822,KALIBOR (AMGURI) - FALUGURI,N
A104,DES00823,KALIBOR (HARMATI) - BAGORI,N
A104,DES00824,KALIBOR (HARMATI) - HARMATI,N
A104,DES00825,KALIBOR (HARMATI) - NAOJAN,N
A104,DES00826,KAMPUR (HOJAI),Y
A104,DES00827,KARAIJHAR (NGN),Y
A104,DES00828,KARIKHONA (NGN),Y
A104,DES00829,KATHIATOLI - KAMPUR,N
A104,DES00830,KATHIATOLI - KATHIATOLI,N
A104,DES00831,KATHIATOLI - RAJAALI,N
A104,DES00832,KATHIATOLI - RANGALOO,N
A104,DES00833,KATHIATOLI - RANGBANG,N
A104,DES00834,KATHIATOLI (NGN),Y
A104,DES00835,KATHIATOLI(RAJAGAON) - KACHUA,N
A104,DES00836,KATHIATOLI(RAJAGAON) - LUTUMARI,N
A104,DES00837,KATHIATOLI(RAJAGAON) - RAJAGAON,N
A104,DES00838,KATHIATOLI(RAJAGAON) - SIMALGURI,N
A104,DES00839,KHAGORIJAN - BABEJIA,N
A104,DES00840,KHAGORIJAN - DEMOW,N
A104,DES00841,KHAGORIJAN - PHULGURI,N
A104,DES00842,KHAGORIJAN (NAGAON) - BARAPUJIA,N
A104,DES00843,KHAGORIJAN (NAGAON) - DIMORUGURI (ITAKHOLI),N
A104,DES00844,KHAGORIJAN (NAGAON) - HAIBORGAON,N
A104,DES00845,KHAGORIJAN (NAGAON) - KOPAHARA,N
A104,DES00846,KHAGORIJAN (NAGAON) - NAGAON,N
A104,DES00847,KHAGORIJAN (NAGAON) - SENSUA,N
A104,DES00848,KHAGORIJAN (NAGAON) - UDAMARI,N
A104,DES00849,KHERONI (NGN),Y
A104,DES00850,KOPAHARA (NGN),Y
A104,DES00851,KUTHARI,Y
A104,DES00852,LAHORIGHAT,Y
A104,DES00853,LAICHONG (NGN),Y
A104,DES00854,LAMDING,Y
A104,DES00855,LANGTING (NCH),Y
A104,DES00856,LUMBAJAON - DIPHU,N
A104,DES00857,LUMBAJAON - MANJA,N
A104,DES00858,LUMDING - LUMDING,N
A104,DES00859,MAHUR (NCH),Y
A104,DES00860,MAIBONG (NCH),Y
A104,DES00861,MAILOO (NGN),Y
A104,DES00862,MANDERDISHA - MANDERDISHA,N
A104,DES00863,MANJA (NGN),Y
A104,DES00864,MAYONG - HP MILL,N
A104,DES00865,MAYONG - JAGI ROAD,N
A104,DES00866,MAYONG - NELLI,N
A104,DES00867,MAYONG (MORIGAON) - BACHARA GHAT,N
A104,DES00868,MAYONG (MORIGAON) - CHARON BILL,N
A104,DES00869,MAYONG (MORIGAON) - JHARGAON,N
A104,DES00870,MAYONG (MORIGAON) - MAYANG,N
A104,DES00871,MAYONG (MORIGAON) - MORIGAON,N
A104,DES00872,MAYONG (MORIGAON) - TELAHI,N
A104,DES00873,MELAKADING (NGN),N
A104,DES00874,"MIGRENDISA, HAFLONG (NCH)",Y
A104,DES00875,MISA,Y
A104,DES00876,MIYANGKRO (NCH),Y
A104,DES00877,MOIRABARI,Y
A104,DES00878,MULKOI (NCH),Y
A104,DES00879,MUPA (NCH),Y
A104,DES00880,MURAJHAR (NGN),Y
A104,DES00881,NAGAON 1 DUMP,Y
A104,DES00882,NAHKHUTI (NGN),Y
A104,DES00883,NALTALI (NGN),Y
A104,DES00884,NAMDOBOKA (NGN),Y
A104,DES00885,NAOJAN (NGN),Y
A104,DES00886,NEWSANGBAR - MAIBONG,N
A104,DES00887,NILBAGAN (NGN),Y
A104,DES00888,PALIGURI (NGN),Y
A104,DES00889,PANIGAON,Y
A104,DES00890,PHIDING (NCH),Y
A104,DES00891,RAHA,Y
A104,DES00892,RAJAALI (NAOGON),Y
A104,DES00893,RANGBANG (NGN),Y
A104,DES00894,RANGLU,Y
A104,DES00895,RANIPUKHURI (HOJAI),N
A104,DES00896,"REDZOLE, HAFLONG (NCH)",Y
A104,DES00897,ROHA - DHARAMTUL,N
A104,DES00898,ROHA - ROHA,N
A104,DES00899,ROHA - THEKARAGURI,N
A104,DES00900,ROHA (CHAPARMUKH) - CHAPARMUKH,N
A104,DES00901,ROHA (CHAPARMUKH) - JAJORI SIMULTOL,N
A104,DES00902,RUPOHI - AMBAGAN,N
A104,DES00903,RUPOHI - LAWKHOWA,N
A104,DES00904,RUPOHI - RUPOHI,N
A104,DES00905,RUPOHI (NGN),Y
A104,DES00906,SALANA (NGN),Y
A104,DES00907,SAMAGURI - SAMAGURI,N
A104,DES00908,SANKARDEV NAGAR (NGN),Y
A104,DES00909,SARAIBHAI,Y
A104,DES00910,SENCHUA (NGN),Y
A104,DES00911,SENGYUNGPUR (NGN),Y
A104,DES00912,SITALMARI (NGN),Y
A104,DES00913,SORAIBARI (MGN),Y
A104,DES00914,SULUNG (NGN),Y
A104,DES00915,TELAHI (MGN),Y
A104,DES00916,THAIJUWARI (NGN),N
A104,DES00917,TOOKTOKI (NGN),Y
A104,DES00918,UDALI - BORBOHA,N
A104,DES00919,UDALI - DEBOSTHAN,N
A104,DES00920,UDALI - KAKI,N
A104,DES00921,UDALI - KAKI-2,N
A104,DES00922,UDALI - UDALI,N
A104,DES00923,URIAGAON (NGN),Y
A105,DES00924,ALICHINGA (TEZ),Y
A105,DES00925,AMBACHOWK (DRNG),Y
A105,DES00926,AULA CHOWK (DRNG),Y
A105,DES00927,B N TINALI (TEZ),Y
A105,DES00928,BAGHMARA PABHOI - DHULI,N
A105,DES00929,BAGHMARA PABHOI - MISICA TEA,N
A105,DES00930,BAGHMARA PABHOI - PABHOI,N
A105,DES00931,BAGHMARI (TEZ),Y
A105,DES00932,BAITAMARI,Y
A105,DES00933,BALIJAN (TEZ),Y
A105,DES00934,BALIPARA - BALIPARA,N
A105,DES00935,BALIPARA - CENTRAL UNIVERSITY,N
A105,DES00936,BALIPARA - CHARDUAR,N
A105,DES00937,BALIPARA - KHONAMUKH,N
A105,DES00938,BALIPARA - MANSIRI,N
A105,DES00939,BALIPARA - SOLAGAON,N
A105,DES00940,BALIPUKHURI (TEZ),Y
A105,DES00941,BALISANG - BALISANG,N
A105,DES00942,BALLYPARA,Y
A105,DES00943,BAMUNJULI,Y
A105,DES00944,BARDOLGURI,Y
A105,DES00945,BARNAGAON (DRNG),Y
A105,DES00946,BATABARI (DRNG),Y
A105,DES00947,BATADROWA - BATADROWA (BORDUA),N
A105,DES00948,BATADROWA - BORDUA,N
A105,DES00949,BATADROWA - DHING,N
A105,DES00950,BATADROWA - DHING CHARIALI,N
A105,DES00951,BATADROWA - DHUPAGURI,N
A105,DES00952,BATADROWA - DUMDUMIA,N
A105,DES00953,BATADROWA - MELAKADING,N
A105,DES00954,BATASIPUR (TEZ),Y
A105,DES00955,BECHIMARI - BESSIMARI,N
A105,DES00956,BECHIMARI - ORANG NATIONAL PARK,N
A105,DES00957,BEHALI - BORGANG,N
A105,DES00958,BEHALI (TEZ),Y
A105,DES00959,BESSIMARI (DRNG),Y
A105,DES00960,BHAIRAVKUNDA (DRNG),Y
A105,DES00961,BHALUKPONG - BHALUKPONG,N
A105,DES00962,BHOLAJHAR (DRNG),Y
A105,DES00963,BHURBANDHA - BORANGA BARI,N
A105,DES00964,BHURBANDHA - DANDUA,N
A105,DES00965,BIHALI - BEDETI / BIJOUTI,N
A105,DES00966,BIHALI - BEHALI,N
A105,DES00967,BIHALI - DALANI (DAKSHIN BEHALI),N
A105,DES00968,BIHALI - KAURI POTHAR,N
A105,DES00969,BIHALI - RANGSALI,N
A105,DES00970,BIHUGURI - BIHUGURI,N
A105,DES00971,BIHUGURI - KABOIMARI,N
A105,DES00972,BIHUGURI - KALAKUCHI,N
A105,DES00973,BIHUGURI - PITHAKHUA,N
A105,DES00974,BIJOUTI,Y
A105,DES00975,BIKHPUKHARI,Y
A105,DES00976,BISHWANATH - BIKHPUKHURI,N
A105,DES00977,BISHWANATH - BISHWANATH CHARALI,N
A105,DES00978,BISHWANATH - BISHWANATHGHAT,N
A105,DES00979,BISHWANATH - DAMANI,N
A105,DES00980,BISHWANATH - KETELLA,N
A105,DES00981,BISHWANATH - KUHIARBARI,N
A105,DES00982,BISHWANATH - ROTUA,N
A105,DES00983,BISHWANATH - SERELIA,N
A105,DES00984,BISWANATH CHARIALI,Y
A105,DES00985,BISWANATH GHAT,Y
A105,DES00986,BOKOLA (TEZ),Y
A105,DES00987,BOKOLIA,N
A105,DES00988,BORAI (TEZ),Y
A105,DES00989,BORBIL (TEZ),Y
A105,DES00990,BORGAON (TEZ),Y
A105,DES00991,BORSOLA - ALISINGA,N
A105,DES00992,BORSOLA - BORSOLA,N
A105,DES00993,BORSOLA - NARAYANPUR,N
A105,DES00994,BORSOLA - SERAJULLI,N
A105,DES00995,BORSOLA (DRNG),Y
A105,DES00996,BRAHMAJAN (TEZ),Y
A105,DES00997,BURIGAON (DRNG),Y
A105,DES00998,CHARDUR,Y
A105,DES00999,CHARON BILL (DRNG),Y
A105,DES01000,CHIKONMATI (DRNG),Y
A105,DES01001,DALGAON - BATABARI,N
A105,DES01002,DALGAON - BURIGAON,N
A105,DES01003,DALGAON - DALGAON,N
A105,DES01004,DALGAON - KHARUPETHIA,N
A105,DES01005,DALGAON - KOPATI,N
A105,DES01006,DALGAON - NEPALIBAZAR,N
A105,DES01007,DALGAON - SILBORI,N
A105,DES01008,DALGAON SEALMARI - NATIONAL PARK TINALI,N
A105,DES01009,DHEKIAJULI,Y
A105,DES01010,DHEKIAJULI - BORBIL,N
A105,DES01011,DHEKIAJULI - BORGAON,N
A105,DES01012,DHEKIAJULI - DHEKIAJULLI,N
A105,DES01013,DHEKIAJULI - GORUBANDHA,N
A105,DES01014,DHEKIAJULI - MISSAMARI,N
A105,DES01015,DHEKIAJULI - THELAMARA,N
A105,DES01016,DHOLAIBILL,Y
A105,DES01017,DHOLI,Y
A105,DES01018,DHULA (DRNG),Y
A105,DES01019,DIKRAI (TEZ),Y
A105,DES01020,DIMAKUCHI (DRNG),Y
A105,DES01021,DUNI (DRNG),Y
A105,DES01022,GAMANI (TEZ),Y
A105,DES01023,GAURIMARI (TEZ),Y
A105,DES01024,GHAGRA (DRNG),Y
A105,DES01025,GHAIGAON - BORAI,N
A105,DES01026,GHAIGAON - BORANGABARI,N
A105,DES01027,GHAIGAON - BRAHMAJAN,N
A105,DES01028,GHAIGAON - DAFLAGARH,N
A105,DES01029,GHAIGAON - GHAIGAON,N
A105,DES01030,GHAIGAON - GUMERI,N
A105,DES01031,GHAIGAON - HALEM,N
A105,DES01032,GHAIGAON - TETONBARI,N
A105,DES01033,GHAIGAON - TOWAKBARI,N
A105,DES01034,GOHPUR - GOHPUR,N
A105,DES01035,GOHPUR (KOLABARI) - CHENGMARA,N
A105,DES01036,GOHPUR (KOLABARI) - DUBIA,N
A105,DES01037,GOHPUR (KOLABARI) - GOPALPUR,N
A105,DES01038,GOHPUR (KOLABARI) - KOLABARI,N
A105,DES01039,GOHPUR (KOLABARI) - MALIPUR,N
A105,DES01040,GOHPUR (KOLABARI) - RAJABARI,N
A105,DES01041,GOPALPUR (TEZ),Y
A105,DES01042,GORAIMARI (TEZ),Y
A105,DES01043,HARISINGHA,Y
A105,DES01044,HATIGARH TEA ESTATE (DRNG),Y
A105,DES01045,HATIGOR,Y
A105,DES01046,HAZARIKA PARA (DRNG),Y
A105,DES01047,HELAM,Y
A105,DES01048,HOWAJAN,Y
A105,DES01049,JINJIA - JINJIA,N
A105,DES01050,KALAIGAON - ANDHERIGHAT,N
A105,DES01051,KALAIGAON - BALIPOTA,N
A105,DES01052,KALAIGAON - BHERBRIA,N
A105,DES01053,KALAIGAON - KALAIGAON,N
A105,DES01054,KALAIGAON - KHAIRABARI,N
A105,DES01055,KALAIGAON - SHYAMTILA,N
A105,DES01056,KALAIGAON - TANGALA,N
A105,DES01057,KALAKUCHI (TEZ),Y
A105,DES01058,KAPILI - JALUGUTI,N
A105,DES01059,KAPILI - SORAIBARI,N
A105,DES01060,KENDUGURI (DRNG),Y
A105,DES01061,KHELAKUTI (TEZ),Y
A105,DES01062,KHERBARI (TEZ),Y
A105,DES01063,KHERUPETIA,Y
A105,DES01064,KHOIRABARI (DRNG),Y
A105,DES01065,KOLABARI (TEZ),Y
A105,DES01066,LAHORIGHAT - BHURAGAON,N
A105,DES01067,LAHORIGHAT - BHURBANDA,N
A105,DES01068,LAHORIGHAT - BORSHALLA,N
A105,DES01069,LAHORIGHAT - GORAIMARI,N
A105,DES01070,LAHORIGHAT - LAHORIGHAT,N
A105,DES01071,LALPUL (DRNG),Y
A105,DES01072,LAMABARI TEA ESTATE (DRNG),Y
A105,DES01073,LOHARIJAN,Y
A105,DES01074,MANGALDOI - AULA CHOWK,N
A105,DES01075,MANGALDOI - BORDOLGURI,N
A105,DES01076,MANGALDOI - DEOMORNOI,N
A105,DES01077,MANGALDOI - DEVENDRADARRANG,N
A105,DES01078,MANGALDOI - DHULA,N
A105,DES01079,MANGALDOI - HAZARIKAPARA,N
A105,DES01080,MANGALDOI - INDUSTRIAL BLOCK,N
A105,DES01081,MANGALDOI - JANARAMCHOWK,N
A105,DES01082,MANGALDOI - KALIRAM CHOWK,N
A105,DES01083,MANGALDOI - MANGALDOI,N
A105,DES01084,MAZBAT - LAMABARI TEA ESTATE,N
A105,DES01085,MAZBAT - MAZBAT,N
A105,DES01086,MAZEBAT,Y
A105,DES01087,MOIRABARI - MOIRABARI,N
A105,DES01088,NADUAR - BOKOLA,N
A105,DES01089,NADUAR - DIKRAI,N
A105,DES01090,NADUAR - DOLABIL,N
A105,DES01091,NADUAR - JAMUGURI,N
A105,DES01092,NADUAR - KUSUMTOLA,N
A105,DES01093,NADUAR - MORISUTI,N
A105,DES01094,NADUAR - NAGSANKAR,N
A105,DES01095,NADUAR - TOPIA,N
A105,DES01096,NAMKHOLA (DRNG),Y
A105,DES01097,NAPAM,Y
A105,DES01098,NARIKOLIA MANDIR (DRNG),Y
A105,DES01099,NATIONAL PARK TINALI (DRNG),Y
A105,DES01100,NIMERI - NIMERI TINALI,N
A105,DES01101,NIMERI - NIMERI WL SANCTURY,N
A105,DES01102,NIMERI TINALI (TEZ),Y
A105,DES01103,NIMERI WL SANCTURY (TEZ),Y
A105,DES01104,ORANG NATIONAL PARK (DRNG),Y
A105,DES01105,PANERI (DRNG),Y
A105,DES01106,PHULOGURI (TEZ),Y
A105,DES01107,PITHAKHUA (TEZ),Y
A105,DES01108,POHUMARA (TEZ),Y
A105,DES01109,PUB CHARIDUAR - BORBORI,N
A105,DES01110,PUB CHARIDUAR - HAWAJAN,N
A105,DES01111,RANGAPARA - BARBARITY,N
A105,DES01112,RANGAPARA - BARJULI,N
A105,DES01113,RANGAPARA - BINDUGURI,N
A105,DES01114,RANGAPARA - KHELAKUTI,N
A105,DES01115,RANGAPARA - PHULOGURI,N
A105,DES01116,RANGAPARA - RANGAPARA,N
A105,DES01117,RAWTA CHARIALI,Y
A105,DES01118,ROWTA - DHANSRIGHAT,N
A105,DES01119,ROWTA - DIMAKUCHI,N
A105,DES01120,ROWTA - LALPUL,N
A105,DES01121,ROWTA - NAMKHOLA,N
A105,DES01122,ROWTA - ROWTA,N
A105,DES01123,SALMARA(TEZ),Y
A105,DES01124,SHAKOMATO - BAGHMARI,N
A105,DES01125,SHAKOMATO - SHAKOMATO T.E,N
A105,DES01126,SHAMTILA (DRNG),Y
A105,DES01127,SIPAJHAR - BLOCK ROAD,N
A105,DES01128,SIPAJHAR - BRHAMPUR,N
A105,DES01129,SIPAJHAR - COLLEGE CHOWK,N
A105,DES01130,SIPAJHAR - DIPILIA,N
A105,DES01131,SIPAJHAR - DONI BORBORI,N
A105,DES01132,SIPAJHAR - DUNI,N
A105,DES01133,SIPAJHAR - GANESHKWARI,N
A105,DES01134,SIPAJHAR - GOALJHAR,N
A105,DES01135,SIPAJHAR - GORUKHUTI,N
A105,DES01136,SIPAJHAR - KHALIHOI,N
A105,DES01137,SIPAJHAR - KHANDJAN,N
A105,DES01138,SIPAJHAR - KHANUA,N
A105,DES01139,SIPAJHAR - MARHOI,N
A105,DES01140,SIPAJHAR - MUSLIMGOPPA,N
A105,DES01141,SIPAJHAR - NARIKOLI MANDIR,N
A105,DES01142,SIPAJHAR - PADAMTULI,N
A105,DES01143,SIPAJHAR - RUPOHI CHOWK,N
A105,DES01144,SIPAJHAR - SALMARA,N
A105,DES01145,SIPAJHAR - SINGHIMARI CHOWK,N
A105,DES01146,SIPAJHAR - SIPAJHAR,N
A105,DES01147,SIPAJHAR - TUNIBARI,N
A105,DES01148,SIRAJULI,Y
A105,DES01149,SONABIL (TEZ),Y
A105,DES01150,SOOTIA - SOOTIA,N
A105,DES01151,SOTIA,Y
A105,DES01152,TANGLA,Y
A105,DES01153,TEZPUR - B N TINALI,N
A105,DES01154,TEZPUR - DEKARGAON,N
A105,DES01155,TEZPUR - MISSION CHARALI,N
A105,DES01156,TEZPUR - PORUWA CHARALI,N
A105,DES01157,TEZPUR - TEZPUR,N
A105,DES01158,TEZPUR - TEZPUR(UNIVERSITY SITE),N
A105,DES01159,TEZPUR - UNIVERSITY CHARALI,N
A105,DES01160,TEZPUR DUMP,Y
A105,DES01161,TOKOUBARI,Y
A105,DES01162,TOPIA (TEZ),Y
A105,DES01163,TOWAKBARI (TEZ),Y
A105,DES01164,UDALGURI - AMBACHOWK,N
A105,DES01165,UDALGURI - BHAIRAVKUND,N
A105,DES01166,UDALGURI - HARISINGA,N
A105,DES01167,UDALGURI - HATIGARH TEA ESTATE,N
A105,DES01168,UDALGURI - MAJULI TEA ESTATE,N
A105,DES01169,UDALGURI - ORANG,N
A105,DES01170,UDALGURI - PANERI,N
A105,DES01171,UDALGURI - UDALGURI,N
A105,DES01172,URRANG,Y
A106,DES01173,AKAJAN (NLP),Y
A106,DES01174,ANAND TINALI (NLP),Y
A106,DES01175,BALIJAN (NLP),Y
A106,DES01176,BANDERDEWA (ASSAM),Y
A106,DES01177,BEBEJIA (NLP),Y
A106,DES01178,BIHPURIA - BIHPURIA,N
A106,DES01179,BIHPURIA - PATHALIPARA,N
A106,DES01180,BIHUPURIA,Y
A106,DES01181,BOGINADI (NLP),Y
A106,DES01182,BOGINODI - ANAND TINALI,N
A106,DES01183,BOGINODI - BALIJAN,N
A106,DES01184,BOGINODI - BOGINADI,N
A106,DES01185,BOGINODI - CHAULDHUA GHAT,N
A106,DES01186,BOGINODI - GAGAN NAGAR,N
A106,DES01187,BOGINODI - PADUMONI DHAM,N
A106,DES01188,BORBIL(NLP),Y
A106,DES01189,BORDOLONI,Y
A106,DES01190,BORDOLONI - BARDOLONI,N
A106,DES01191,BORDOLONI - GERUKAMUKH,N
A106,DES01192,BORDOLONI - GOGAMUKH,N
A106,DES01193,BORDOLONI - MOHARI CAMP,N
A106,DES01194,BUTIKUR,Y
A106,DES01195,CHAULDHUA GHAT (NLP),Y
A106,DES01196,CHINATOLA (NLP),Y
A106,DES01197,DEOTALA (NLP),Y
A106,DES01198,DHAKUAKHANA,Y
A106,DES01199,DHAKUAKHANA - BEBJIA,N
A106,DES01200,DHAKUAKHANA - DEKUAKHANA,N
A106,DES01201,DHAKUAKHANA - KAHUJA TINIALI,N
A106,DES01202,DHAKUAKHANA - SONARI CHAPRI,N
A106,DES01203,DHALPUR,Y
A106,DES01204,DHEMAJI - DHEMAJI,N
A106,DES01205,DHEMAJI - GUTIPUR,N
A106,DES01206,DHEMAJI - HATHIGARH,N
A106,DES01207,DHEMAJI - MORIDHOL,N
A106,DES01208,DHEMAJI - NAULI,N
A106,DES01209,DHEMAJI - TELIJAN,N
A106,DES01210,DHEMAJI (BY RAIL),Y
A106,DES01211,DIJMUR / DIKRAI (NLP),Y
A106,DES01212,DIMOU (NLP),Y
A106,DES01213,DOOLAHAT (NLP),Y
A106,DES01214,GAGAN NAGAR (NLP),Y
A106,DES01215,GHAGUA,Y
A106,DES01216,GHILAMARA - GHILAMARA,N
A106,DES01217,GOVINDAPUR,Y
A106,DES01218,HARIBOR (NLP),Y
A106,DES01219,HARMOTY,Y
A106,DES01220,HATHIGARH (NLP),Y
A106,DES01221,JORABARI,Y
A106,DES01222,KARUNABARI - BANDERDEWA,N
A106,DES01223,KARUNABARI - BANGALMARA,N
A106,DES01224,KARUNABARI - HARMUTY,N
A106,DES01225,KARUNABARI - LALUK,N
A106,DES01226,KHOLIAMARI,Y
A106,DES01227,KULIAJAN (NLP),Y
A106,DES01228,LAIMAKURI (NLP),Y
A106,DES01229,LAKHIMPUR - CHINATOLA,N
A106,DES01230,LAKHIMPUR - NORTH LAKHIMPUR,N
A106,DES01231,LAKHIMPUR - SEAJULI TINIALI,N
A106,DES01232,LEKHABALI (ASSAM),Y
A106,DES01233,LILABARI,Y
A106,DES01234,MACHKHOWA - KARENGACHAPORI,N
A106,DES01235,MACHKHOWA - MACHKHOWA,N
A106,DES01236,MACHKHOWA (NLK),N
A106,DES01237,MAJULI  - BALICHAPORI,N
A106,DES01238,MAJULI  - BONGAON,N
A106,DES01239,MAJULI  - GORMUR,N
A106,DES01240,MAJULI  - KAMALABARI,N
A106,DES01241,MAJULI (KHAJUWA) - BORDUBIBUM,N
A106,DES01242,MAJULI (KHAJUWA) - KHAJUWA,N
A106,DES01243,MAJULI (SONARI CHAPURI) - JENGRAIMUKH,N
A106,DES01244,MAJULI (SONARI CHAPURI) - PHULANI,N
A106,DES01245,MAJULI (SONARI CHAPURI) - RANGACHAHI,N
A106,DES01246,MAJULI (SONARI CHAPURI) - SONARU CHAPURI,N
A106,DES01247,MAZGAON (NLP),Y
A106,DES01248,MEBO - MEBO(AP),N
A106,DES01249,MORIDHAL,Y
A106,DES01250,MURKONGSELEK - DEKAPAM,N
A106,DES01251,MURKONGSELEK - DIMOU,N
A106,DES01252,MURKONGSELEK - SIMONCHAPRI,N
A106,DES01253,MURKONGSELEK TELAM - DIJMUR / DIKRAI,N
A106,DES01254,MURKONGSELEK TELAM - LAIMAKURI,N
A106,DES01255,MURKONGSELEK TELAM - TELAM,N
A106,DES01256,NARAYANPUR - BHOGPUR,N
A106,DES01257,NARAYANPUR - DEOTALA,N
A106,DES01258,NARAYANPUR - DHOLPUR,N
A106,DES01259,NARAYANPUR - NARAYANPUR,N
A106,DES01260,NARWATHAN,Y
A106,DES01261,NAULI (NLP),Y
A106,DES01262,NAWBOICHA - DOOLAHAT,N
A106,DES01263,NAWBOICHA - HARIBOR,N
A106,DES01264,NAWBOICHA - MAZGAON,N
A106,DES01265,NAWBOICHA - NOWBOICHA,N
A106,DES01266,NAWBOICHA - POHUMARA,N
A106,DES01267,PADUMONI DHAM (NLP),Y
A106,DES01268,PASSIGHAT - PASIGHAT(AP),N
A106,DES01269,PATHALIPAHAR (NLP),Y
A106,DES01270,PUKHIYA,Y
A106,DES01271,RUKSIN - JONAI,N
A106,DES01272,RUKSIN - NIGLOK,N
A106,DES01273,RUKSIN - RUKSIN(AP),N
A106,DES01274,SEMEN CHAPORI,Y
A106,DES01275,SIBJAN (NLP),Y
A106,DES01276,SILAPATHAR (BY RAIL),Y
A106,DES01277,SIMALUGURI,Y
A106,DES01278,SISIBAR (NLP),Y
A106,DES01279,SISSIBORGAON LEKHABALI - BOGIBIL,N
A106,DES01280,SISSIBORGAON LEKHABALI - LEKHABALI(AP),N
A106,DES01281,SISSIBORGAON SILAPATHAR - AKAJAN,N
A106,DES01282,SISSIBORGAON SILAPATHAR - KULIAJAN,N
A106,DES01283,SISSIBORGAON SILAPATHAR - SIBJAN,N
A106,DES01284,SISSIBORGAON SILAPATHAR - SILAPATHAR,N
A106,DES01285,SISSIBORGAON SILAPATHAR - SISSIBARGAON,N
A106,DES01286,SISSIBORGAON SILAPATHAR - SRIPANI,N
A106,DES01287,SRIPANI (NLP),Y
A106,DES01288,TELIJAN (NLP),Y
A106,DES01289,YUPIA - NAHARLAGAN(AP),N
A106,DES01290,YUPIA - NIRJULI(AP),N
A107,DES01291,AAHULI,Y
A107,DES01292,BANDARDEWA DUMP,Y
A107,DES01293,ITANAGAR (AP),Y
A107,DES01294,NAHARLAGUN (AP),Y
A107,DES01295,NIRJULI (AP),Y
A107,DES01296,PASIGHAT,Y
A107,DES01297,RUKSIN,Y
A108,DES01298,AALO (AP),Y
A108,DES01299,BASAR (AP),Y
A108,DES01300,BOLING (AP),Y
A108,DES01301,DAPORIZO (AP),Y
A108,DES01302,KAMBANG (AP),Y
A108,DES01303,KAYING (AP),Y
A108,DES01304,LIKABALI 1 DUMP,Y
A108,DES01305,LIKABALI DUMP,Y
A108,DES01306,MECHUKA (AP),Y
A108,DES01307,TUTING (AP),Y
A108,DES01308,YINKIONG (AP),Y
A109,DES01309,BHALUKPONG DUMP,Y
A109,DES01310,BOMDILA (AP),Y
A109,DES01311,SEPPA (AP),Y
A109,DES01312,TAWANG (AP),Y
A110,DES01313,CHANGLANG (AP),Y
A110,DES01314,JAIRAMPUR(AP),N
A110,DES01315,KHARSANG,Y
A110,DES01316,KHONSA (AP),Y
A110,DES01317,MAHADAVPUR (AP),Y
A110,DES01318,NAMSAI,Y
A110,DES01319,ROING (AP),Y
A110,DES01320,TEZU,Y
A112,DES01321,BAGCHUNG - CHINAMARA,N
A112,DES01322,BAGCHUNG - DOKHLANGIA,N
A112,DES01323,BAGCHUNG - JORHAT RAJABARI,N
A112,DES01324,BAGCHUNG - LICHUMARI,N
A112,DES01325,BAGCHUNG - RORIYA,N
A112,DES01326,BOGIBIL - CHILOWNIJAN,N
A112,DES01327,BOGIBIL - DEOPANI,N
A112,DES01328,BOKAJAN - BOKAJAN,N
A112,DES01329,BOKAJAN - KATKATI,N
A112,DES01330,BOKAKHAT - BOKAKHAT,N
A112,DES01331,BOKAKHAT - GURMUR GAON,N
A112,DES01332,BOKAKHAT - RAJABARI,N
A112,DES01333,BOKAKHAT (KOHORA) - HATHIKHULI,N
A112,DES01334,BOKAKHAT (KOHORA) - KOHORA (KAZIRANGA),N
A112,DES01335,BORHOLA (JHR),Y
A112,DES01336,CHINAMARA (JHR),Y
A112,DES01337,CHIPAHIKHOLA - CHENIJAN,N
A112,DES01338,CHIPAHIKHOLA - KAKOJAN,N
A112,DES01339,CHIPAHIKHOLA - LADOIGARGH,N
A112,DES01340,CHIPAHIKHOLA - MELONG (PHESUAL),N
A112,DES01341,CHIPAHIKHOLA - PODUMANI (HATIGARH),N
A112,DES01342,DEBERAPARA (JHR),Y
A112,DES01343,DERGAON - DERGAON,N
A112,DES01344,DERGAON - GORUMARA,N
A112,DES01345,DERGAON - KURALGURI,N
A112,DES01346,DERGAON - NAHORUNI,N
A112,DES01347,DERGAON - NEGHERTING,N
A112,DES01348,DERGAON - RANGAMATI,N
A112,DES01349,DERGAON - SIKARIGHAT,N
A112,DES01350,DERGAON - SOKALATING,N
A112,DES01351,DHEKORGORA - JORHAT TINALI,N
A112,DES01352,DHEKORGORA - MAHUBANDHA,N
A112,DES01353,DHEKORGORA - PULIBOR JORHAT,N
A112,DES01354,DHEKORGORA - RRL TINALI,N
A112,DES01355,DHEKORGORA (JORHAT) - JORHAT,N
A112,DES01356,DHEKORGORA (JORHAT) - NIMATIGHAT,N
A112,DES01357,DHEKORGORA (JORHAT) - PANICHAKUWA,N
A112,DES01358,GOLAGHAT - GARAMPANI,N
A112,DES01359,GOLAGHAT - GOLAGHAT,N
A112,DES01360,GOLAGHAT - GOLAGHAT TINALI,N
A112,DES01361,GOLAGHAT - JAMUGURI (GOLAGHAT),N
A112,DES01362,GOLAGHAT - KAMARBANDHA,N
A112,DES01363,GOLAGHAT - LAMBAWA,N
A112,DES01364,GOLAGHAT - PULIBOR (GOLAGHAT),N
A112,DES01365,GOMARI - FURKATING,N
A112,DES01366,GOMARI - MERAPANI,N
A112,DES01367,HASARA,Y
A112,DES01368,JAGDUAR (JHR),Y
A112,DES01369,JORHAT DUMP,Y
A112,DES01370,KAMALABARI (MAJULI),Y
A112,DES01371,KATHALGURI,Y
A112,DES01372,KHANAMUKH (TEOK),Y
A112,DES01373,KOKILAMUKH,Y
A112,DES01374,KOTHALGURI - BADULIPARA,N
A112,DES01375,KOTHALGURI - BANGAON,N
A112,DES01376,KOTHALGURI - KAMARGAON,N
A112,DES01377,KOTHALGURI - KOOMTAI,N
A112,DES01378,KOTHALGURI (DHEKIAL) - DHEKIAL,N
A112,DES01379,KOTHALGURI (DHEKIAL) - GANAK PUKHURI,N
A112,DES01380,LADOIGARH (JHR),Y
A112,DES01381,MARIANI,Y
A112,DES01382,MELAMATHI,Y
A112,DES01383,MORONGI - LAKHOWAJAN,N
A112,DES01384,MORONGI - NUMALIGARH,N
A112,DES01385,NAUKACHARI (JHR),Y
A112,DES01386,PANICHAKUA,Y
A112,DES01387,PULIBOR (JHT),Y
A112,DES01388,RARAIA (JHT),Y
A112,DES01389,SORUPATHAR - BORPATHAR,N
A112,DES01390,SORUPATHAR - JAPARJAN,N
A112,DES01391,SORUPATHAR - NAOJAN,N
A112,DES01392,SORUPATHAR - SORUPATHAR,N
A112,DES01393,TEOK,Y
A112,DES01394,TITABAR,Y
A113,DES01395,BADULIPAR (GOL),Y
A113,DES01396,BANGAON (GOL),Y
A113,DES01397,BARPATHER,Y
A113,DES01398,BOKAGHAT,Y
A113,DES01399,DERGAON,Y
A113,DES01400,DHEKYAL,Y
A113,DES01401,FURKATING (GOL),Y
A113,DES01402,GOLAGHAT,Y
A113,DES01403,GORUMARA,Y
A113,DES01404,JAMUGURI (GOLAGHAT),Y
A113,DES01405,KAMARBANDHA,Y
A113,DES01406,KAMARBONDHA,Y
A113,DES01407,KAMARGAON,Y
A113,DES01408,KANAIGHAT (GOL),Y
A113,DES01409,KHUNTAI,Y
A113,DES01410,KURALGURI (GOL),Y
A113,DES01411,MERAPANI,Y
A113,DES01412,NAHORUNI,Y
A113,DES01413,NUMALIGARH,Y
A113,DES01414,RANGAJAN,Y
A113,DES01415,SARUPATHAR,N
A114,DES01416,AMGUDI,Y
A114,DES01417,AMGURI - AMGURI,N
A114,DES01418,AMGURI - HALUATING,N
A114,DES01419,AMGURI - JAMUGURI,N
A114,DES01420,AMGURI - JHANJI,N
A114,DES01421,BOGIDOL (SIB),Y
A114,DES01422,BORHAT (SIB),Y
A114,DES01423,DEMOW - DEMOW,N
A114,DES01424,DEMOW - LAKUWA,N
A114,DES01425,DEMOW - NITAIPUKHURI,N
A114,DES01426,DEMOW - SEPON,N
A114,DES01427,GAURISAGAR,Y
A114,DES01428,HALOATING,Y
A114,DES01429,JAJI,Y
A114,DES01430,JAYSAGAR,Y
A114,DES01431,KALIAPANI - BADULPUKHURI,N
A114,DES01432,KALIAPANI - BAMUN PUKHURI,N
A114,DES01433,KALIAPANI - BIDYAPURI,N
A114,DES01434,KALIAPANI - HANSARA,N
A114,DES01435,KALIAPANI - JAGDUAR,N
A114,DES01436,KALIAPANI - MIDHAGHAT,N
A114,DES01437,KALIAPANI - TEOK,N
A114,DES01438,KHANAMUKH,N
A114,DES01439,NAMTI (SIB),Y
A114,DES01440,NAZIRA,Y
A114,DES01441,NAZIRA - BALIGHAT (NAZIRA),N
A114,DES01442,NAZIRA - BIHUBAR,N
A114,DES01443,NAZIRA - GELEKY,N
A114,DES01444,NAZIRA - GORMUR,N
A114,DES01445,NAZIRA - SIMULGURI,N
A114,DES01446,NAZIRA - SONPURA,N
A114,DES01447,NETAI PUKHURI,Y
A114,DES01448,SAPEHKATI,Y
A114,DES01449,SAPEKHATI - BORHAT,N
A114,DES01450,SAPEKHATI - SAPEKHATI,N
A114,DES01451,SELENGHAT - DEBERAPARA,N
A114,DES01452,SELENGHAT - KAITHALGURI,N
A114,DES01453,SELENGHAT - KAKOJAN T.E.,N
A114,DES01454,SELENGHAT - MARIYANI,N
A114,DES01455,SELENGHAT - NAUKACHARI,N
A114,DES01456,SIBSAGAR,Y
A114,DES01457,SIMALGUDI,Y
A114,DES01458,SIVSAGAR - BYPASS TINALI,N
A114,DES01459,SIVSAGAR - GOURISAGAR,N
A114,DES01460,SIVSAGAR - JOYSAGAR,N
A114,DES01461,SIVSAGAR - KALUGAON,N
A114,DES01462,SIVSAGAR - NAMTI,N
A114,DES01463,SIVSAGAR - RANGGHAR,N
A114,DES01464,SIVSAGAR - RUDRASAGAR,N
A114,DES01465,SIVSAGAR - SIVSAGAR,N
A114,DES01466,SONARI - MYBELLA,N
A114,DES01467,SONARI - SONARI,N
A114,DES01468,TITABOR - BORHOLLA,N
A114,DES01469,TITABOR - KHORIKATIA,N
A114,DES01470,TITABOR - MADHAVPUR,N
A114,DES01471,TITABOR - MELAMATI,N
A114,DES01472,TITABOR - RONGAJAN,N
A114,DES01473,TITABOR - TITABOR,N
A114,DES01474,TITABOR - TITABOR NOALI,N
A114,DES01475,TITABOR - TITABOR TINALI,N
A115,DES01476,ALIMUR (DIB),Y
A115,DES01477,BABANBARI (DIB),Y
A115,DES01478,BAHADUR CHARIALI (TSK),Y
A115,DES01479,BALIJAN (DIB),Y
A115,DES01480,BARBARUAH - BARBARUAH,N
A115,DES01481,BARBARUAH - JAMIRAH,N
A115,DES01482,BARBARUAH - LEPETKATA,N
A115,DES01483,BARBARUAH (BOGIBIL) - BOGIBIL,N
A115,DES01484,BARGOLAI (TSK),Y
A115,DES01485,BHADOI PANCHALI (DIB),Y
A115,DES01486,BOKEL (DIB),Y
A115,DES01487,BOKULONI CHARALI,Y
A115,DES01488,BORBARUAH,Y
A115,DES01489,BORDUMOHA (TSK),N
A115,DES01490,CHAULKHOWA (DIB),Y
A115,DES01491,DHOLA,N
A115,DES01492,DHOLA,N
A115,DES01493,DIBRUGARH - DIB. UNIVERSITY,N
A115,DES01494,DIBRUGARH - DIBRUGARH,N
A115,DES01495,DIBRUGARH DUMP,Y
A115,DES01496,DICOM,Y
A115,DES01497,DINJAN (TSK),Y
A115,DES01498,DIROK GATE (TSK),Y
A115,DES01499,DOOMDUMA,Y
A115,DES01500,GOLAI (TSK),Y
A115,DES01501,HANSARA (TSK),Y
A115,DES01502,HAPJAN - BARHAPJAN,N
A115,DES01503,HAPJAN - HANSARA,N
A115,DES01504,HAPJAN - HAPJAN,N
A115,DES01505,HAPJAN - MAKUM,N
A115,DES01506,HAPJAN (TSK),Y
A115,DES01507,HATHIALI (DIB),Y
A115,DES01508,ITAKHULI - BORDUBI,N
A115,DES01509,ITAKHULI - TINGRAI,N
A115,DES01510,JAIRAMPUR - JAIRAMPUR(AP),N
A115,DES01511,JAIRAMPUR (TSK),Y
A115,DES01512,JAMIRA,Y
A115,DES01513,JAYPUR - JAIPUR,N
A115,DES01514,JAYPUR - NAHARKATIA,N
A115,DES01515,JAYPUR - NAMRUP,N
A115,DES01516,JAYPUR (SASONI) - SASONI,N
A115,DES01517,KAKOPATHAR - DIRAK,N
A115,DES01518,KAKOPATHAR - KAKOPATHAR,N
A115,DES01519,KAKOPATHAR - PHILLOBARI,N
A115,DES01520,KAKOPATHAR (RUPAI) - DUMDUMA,N
A115,DES01521,KAKOPATHAR (RUPAI) - RUPAI,N
A115,DES01522,KAKOPATHAR (RUPAI) - TALAP,N
A115,DES01523,KAKOPATHER,Y
A115,DES01524,KANJIKHOWA (TSK),Y
A115,DES01525,KATHALGURI (DIB),Y
A115,DES01526,KHARSANG - NAMCHIK(AP),N
A115,DES01527,KHOWANG - BAMUNBARI,N
A115,DES01528,KHOWANG - KHOWANG,N
A115,DES01529,KHOWANG - MORANHAT,N
A115,DES01530,KHOWEANG GHAT,Y
A115,DES01531,LAHOAL - BOKEL,N
A115,DES01532,LAHOAL - CHAULKHOWA,N
A115,DES01533,LAHOAL - LAHOAL,N
A115,DES01534,LAHOAL - MOHANBARI,N
A115,DES01535,LAHOL,Y
A115,DES01536,LEDO - BARGOLAI,N
A115,DES01537,LEDO - BORDUMSA,N
A115,DES01538,LEDO - JAGUN,N
A115,DES01539,LEDO - LEDO,N
A115,DES01540,LEDO - LEKHAPANI,N
A115,DES01541,LEDO - TIRAP,N
A115,DES01542,LEKHAPANI (LEDO),Y
A115,DES01543,LEPETKETA,Y
A115,DES01544,MADHUTING (DIB),Y
A115,DES01545,MARGHERITA - DIGBOI,N
A115,DES01546,MARGHERITA - GOLAI,N
A115,DES01547,MARGHERITA - LAKHI PATHAR,N
A115,DES01548,MARGHERITA - MARGHERITA,N
A115,DES01549,MARGHERITA - PENGAREE,N
A115,DES01550,MARGHERITA - POWAI,N
A115,DES01551,MARGHERITA - SEGUNBARI,N
A115,DES01552,MIAO - KHARSANG(AP),N
A115,DES01553,MORAN,Y
A115,DES01554,NADUWA,Y
A115,DES01555,NAHOLIA (DIB),Y
A115,DES01556,NAMCHI GATE (TSK),Y
A115,DES01557,NAMSAI - NAMSAI(AP),N
A115,DES01558,NAMSAI-1 - CHOWKHAM(AP),N
A115,DES01559,PANITOLA - DINJAN,N
A115,DES01560,PANITOLA - KANJIKHOWA,N
A115,DES01561,PANITOLA - PANITOLA,N
A115,DES01562,PANITOLA ( CHABUA) - ALIMUR,N
A115,DES01563,PANITOLA ( CHABUA) - BALIJAN,N
A115,DES01564,PANITOLA ( CHABUA) - CHABUA,N
A115,DES01565,PANITOLA ( CHABUA) - CHENGLIJAN,N
A115,DES01566,PANITOLA ( CHABUA) - DIKOM,N
A115,DES01567,PANITOLA ( CHABUA) - HATHIALI,N
A115,DES01568,PAWAI (TSK),Y
A115,DES01569,PENGRI,Y
A115,DES01570,PHILLOBARI (TSK),Y
A115,DES01571,RUPAI (TSK),Y
A115,DES01572,SADYA - DHOLLA,N
A115,DES01573,SADYA - SAIKHOWAGHAT,N
A115,DES01574,SEGUNBARI (TSK),Y
A115,DES01575,TALAB,Y
A115,DES01576,TENGAKHAT - TENGAKHAT,N
A115,DES01577,TENGAKHAT (BORBIL) - BHADOI PANCHALI,N
A115,DES01578,TENGAKHAT (BORBIL) - BOGAPANI,N
A115,DES01579,TENGAKHAT (BORBIL) - BOKOLUNI,N
A115,DES01580,TENGAKHAT (BORBIL) - BORBIL,N
A115,DES01581,TENGAKHAT (BORBIL) - MADHUTING,N
A115,DES01582,TENGAKHAT (BORBIL) - NAHOLIA,N
A115,DES01583,TENGAKHAT (DULIAJAN) - DULIAJAN,N
A115,DES01584,TENGAKHAT (DULIAJAN) - DULIAJAN (IOCL),N
A115,DES01585,TEZU-SUNPURA - PARSURAMKUND(AP),N
A115,DES01586,TINGKHONG,Y
A115,DES01587,TINGRAI (TSK),Y
A115,DES01588,TINKHANG - RAJGARH,N
A115,DES01589,TINKHANG - TINKHANG,N
A115,DES01590,TINSUKIA - BAHADUR CHARIALI,N
A115,DES01591,TINSUKIA - TINSUKIA,N
A115,DES01592,TINSUKIA DUMP,Y
A115,DES01593,TIPLING,Y
A115,DES01594,TIRAP (TSK),Y
B001,DES01595,AGARTALA,Y
B001,DES01596,AGARTALA DUMP,Y
B001,DES01597,AGARTALA VIA TELIAMURA,Y
B001,DES01598,AMARPUR (AGT),Y
B001,DES01599,BELONIA,Y
B001,DES01600,BISHALGARH,Y
B001,DES01601,JIRANIA (RAIL YARD),Y
B001,DES01602,KHOWAI,Y
B001,DES01603,KILLA BLOCK (AGT),Y
B001,DES01604,MANU BAZAR (AGT),Y
B001,DES01605,MELAGHAR,Y
B001,DES01606,NATUN BAZAR (AGT),Y
B001,DES01607,PALATANA,Y
B001,DES01608,PUTIA (AGT),Y
B001,DES01609,SANTIR BAZAR (AGT),Y
B001,DES01610,SHANTI BAZAR,Y
B001,DES01611,SONAMURA (AGT),Y
B001,DES01612,TELIAMURA,Y
B001,DES01613,TEPENIA (AGT),Y
B001,DES01614,UDAIPUR,Y
B001,DES01615,UDAIPUR BAZAR,Y
B001,DES01616,UDAIPUR DUMP,N
B002,DES01617,82 MILE,Y
B002,DES01618,AMBASA,Y
B002,DES01619,BAGBASA,Y
B002,DES01620,CHAILENGTHA,Y
B002,DES01621,CHAMTILA,Y
B002,DES01622,CHURAIBARI DUMP,Y
B002,DES01623,DAMCHIRA (DHARMANAGAR),Y
B002,DES01624,DASDA,Y
B002,DES01625,DHARAMNAGAR,Y
B002,DES01626,DHARMANAGAR DUMP,Y
B002,DES01627,DOLUBARI,Y
B002,DES01628,GONDACHERA,Y
B002,DES01629,HALAHALI,Y
B002,DES01630,KAILASHAR,Y
B002,DES01631,KAILASHWAR,Y
B002,DES01632,KAMALPUR,Y
B002,DES01633,KANCHANPUR,Y
B002,DES01634,KULAI,Y
B002,DES01635,KUMARGHAT,Y
B002,DES01636,MASMARA,Y
B002,DES01637,MONU,Y
B002,DES01638,PANISAGAR,Y
B002,DES01639,PECHARTAL,Y
B002,DES01640,SALEMA,Y
B003,DES01641,AIBAWK,Y
B003,DES01642,AIZWAL,Y
B003,DES01643,AIZWAL DUMP,Y
B003,DES01644,BUNGTLANG SOUTH,Y
B003,DES01645,BUNGTLANG SOUTH (EX-THENZAWL),N
B003,DES01646,CHAMPAI,Y
B003,DES01647,CHAWNGTEE,Y
B003,DES01648,CHAWNGTEE (EX-THENZAWL),N
B003,DES01649,DARLAWN,Y
B003,DES01650,DEMAGIRI,Y
B003,DES01651,DEMAGIRI (EX-THENZAWL),N
B003,DES01652,EAST LUNGDER,Y
B003,DES01653,HAULAWANG,Y
B003,DES01654,HAULAWANG (EX-THENZAWL),N
B003,DES01655,KAWLKULH,Y
B003,DES01656,KAWNPUI,N
B003,DES01657,KAWNPUI,N
B003,DES01658,KEIFANG,Y
B003,DES01659,KHAWBUNG,Y
B003,DES01660,KHAWDUNGSEI,Y
B003,DES01661,KHAWLAILUNG,Y
B003,DES01662,KHAWZAWL,Y
B003,DES01663,KOLASIB,Y
B003,DES01664,LONGTLAI,Y
B003,DES01665,LONGTLAI (EX-THENZAWL),N
B003,DES01666,LUNGLEI,Y
B003,DES01667,LUNGLEI (EX-THENZAWL),N
B003,DES01668,LUNGSEN,Y
B003,DES01669,LUNGSEN (EX-THENZAWL),N
B003,DES01670,MAMIT,Y
B003,DES01671,NATHEIL,Y
B003,DES01672,NATHEIL (EX-THENZAWL),N
B003,DES01673,NGOPA,Y
B003,DES01674,NH54 DUMP(AIZWAL),N
B003,DES01675,PHULLEN,Y
B003,DES01676,RATU,Y
B003,DES01677,RAWPUICHHIP,Y
B003,DES01678,SAIHA,Y
B003,DES01679,SAIHA (EX-THENZAWL),N
B003,DES01680,SAIRANG,Y
B003,DES01681,SAITUAL,Y
B003,DES01682,SELLING,Y
B003,DES01683,SERCHIP,Y
B003,DES01684,SERCHIP (EX-THENZAWL),N
B003,DES01685,THENZAWL,Y
B003,DES01686,THENZAWL DUMP,N
B003,DES01687,THINGSULTHLIAH,Y
B003,DES01688,TUIPANG,Y
B003,DES01689,TUIPANG (EX-THENZAWL),N
B003,DES01690,VAIRENGTEE,Y
B003,DES01691,WEST PHALLENG,Y
B003,DES01692,ZOBAWK,Y
B003,DES01693,ZOKHAWTHAR,Y
B004,DES01694,ALGABAZAR,Y
B004,DES01695,ALGAPUR - ALGAPUR,N
B004,DES01696,ALGAPUR - ALGAPUR TIMUKA,N
B004,DES01697,ALGAPUR - CIPRASANGAN,N
B004,DES01698,ALGAPUR - GULALIA BAZAR,N
B004,DES01699,ALGAPUR - JANKIBAZAR,N
B004,DES01700,ALGAPUR - MOHONPUR,N
B004,DES01701,ALGAPUR - UTTAR NARAYANPUR,N
B004,DES01702,ANIPUR - ANIPUR,N
B004,DES01703,ANIPUR - BIDYANAGAR,N
B004,DES01704,ANIPUR - CHAMELABAZAR,N
B004,DES01705,ANIPUR - DULLAVCHERRA,N
B004,DES01706,ANIPUR - GANDHI NAGAR,N
B004,DES01707,ANIPUR - KADAMTALA,N
B004,DES01708,ANIPUR - KALIBARI,N
B004,DES01709,ANIPUR - KANAI BAZAR,N
B004,DES01710,ANIPUR - NIVIA,N
B004,DES01711,ANIPUR - R.K. NAGAR,N
B004,DES01712,ANIPUR - RATABARI,N
B004,DES01713,ASHIMGANJ - ARELIGUL,N
B004,DES01714,ASHIMGANJ - ASHIMGANJ,N
B004,DES01715,ASHIMGANJ - BAZARGHAT,N
B004,DES01716,ASHIMGANJ - BINODINI BAZAR,N
B004,DES01717,ASHIMGANJ - CHAMELA  (A),N
B004,DES01718,ASHIMGANJ - DOHALIA,N
B004,DES01719,ASHIMGANJ - ERALIGOOL,N
B004,DES01720,ASHIMGANJ - FAKUA,N
B004,DES01721,ASHIMGANJ - FARIR MUKH,N
B004,DES01722,ASHIMGANJ - GOBINDGANJ,N
B004,DES01723,ASHIMGANJ - GULCHEERA,N
B004,DES01724,ASHIMGANJ - KHANAI BAZAR,N
B004,DES01725,ASHIMGANJ - KUOTKUNA,N
B004,DES01726,ASHIMGANJ - MAINA BAZAR,N
B004,DES01727,ASHIMGANJ - PATHERKANDI,N
B004,DES01728,ASHIMGANJ - SONBIL,N
B004,DES01729,ASHIMGANJ - TALTALA,N
B004,DES01730,ASHIMGANJ - TUKAR BAZAR,N
B004,DES01731,BABA HOTEL,Y
B004,DES01732,BADARPUR,Y
B004,DES01733,BADARPUR - BADARPUR (TOWN),N
B004,DES01734,BADARPUR - BADARPURGHAT,N
B004,DES01735,BADARPUR - CHOURANGI,N
B004,DES01736,BADARPUR - CHUARANGI,N
B004,DES01737,BADARPUR - DHOLESHOR,N
B004,DES01738,BADARPUR - DUDHPUR,N
B004,DES01739,BADARPUR - JALAPUR,N
B004,DES01740,BADARPUR - JUMBASTI,N
B004,DES01741,BADARPUR - KATIGARAH,N
B004,DES01742,BADARPUR - KATIRAIL,N
B004,DES01743,BADARPUR - MALOA,N
B004,DES01744,BADARPUR - MALUA,N
B004,DES01745,BADARPUR - MOHANPUR,N
B004,DES01746,BADARPUR - PANCHGRAM,N
B004,DES01747,BADARPUR - SRIGOURI,N
B004,DES01748,BADARPUR - SWISGATE,N
B004,DES01749,BADARPUR- 1 DUMP,Y
B004,DES01750,BADARPUR DUMP,Y
B004,DES01751,BALIA BAZAR,Y
B004,DES01752,BANDARKHAL - BANDARKHAL,N
B004,DES01753,BANSKANDI - ARKATIPUR,N
B004,DES01754,BANSKANDI - BADARI BASTI,N
B004,DES01755,BANSKANDI - BADARIPAR,N
B004,DES01756,BANSKANDI - BAGPUR,N
B004,DES01757,BANSKANDI - BASKANDI,N
B004,DES01758,BANSKANDI - GOBINDPUR,N
B004,DES01759,BANSKANDI - KASHIPUR,N
B004,DES01760,BANSKANDI - NUTUN DAYAPUR,N
B004,DES01761,BANSKANDI - PURAN BASKANDI,N
B004,DES01762,BANSKANDI - UJJANTARAPUR,N
B004,DES01763,BARAKHALA,Y
B004,DES01764,BARIGRAM,Y
B004,DES01765,BARJATRA PUR,Y
B004,DES01766,BARJATRAPUR,Y
B004,DES01767,BARKHOLA,Y
B004,DES01768,BAZAR GHAT,Y
B004,DES01769,BAZARI CHERRA,Y
B004,DES01770,BHAIROVI - BHAIROVI,N
B004,DES01771,BHANGA - AURANGBAD,N
B004,DES01772,BHANGA - BHANGHA,N
B004,DES01773,BHANGA - CHARGOLA,N
B004,DES01774,BHANGA - JABAINPUR,N
B004,DES01775,BHANGA - LAMAJOUR,N
B004,DES01776,BHANGA - MAKAI BHANGHA,N
B004,DES01777,BHANGA - NANDAPUR,N
B004,DES01778,BIHARA,Y
B004,DES01779,BOALIPAR,Y
B004,DES01780,BORJALANGA,Y
B004,DES01781,BORJALANGA - CHOTA JALANGA,N
B004,DES01782,BORJALANGA - DAKBANGLOW,N
B004,DES01783,BORJALANGA - IRONGAMARA,N
B004,DES01784,BORJALANGA - IRONGMARA,N
B004,DES01785,BORJATRAPUR - ARUNACHAL,N
B004,DES01786,BORJATRAPUR - BALIGHAT,N
B004,DES01787,BORJATRAPUR - BHANGARPAR,N
B004,DES01788,BORJATRAPUR - BORJATRAPUR,N
B004,DES01789,BORJATRAPUR - CHANDPUR,N
B004,DES01790,BORJATRAPUR - GHONIGRAM,N
B004,DES01791,BORJATRAPUR - JATINGAMUKH,N
B004,DES01792,BORJATRAPUR - JATRAPUR,N
B004,DES01793,BORJATRAPUR - KHAMBAR BAZAR,N
B004,DES01794,BORJATRAPUR - LASKAR BAZAR,N
B004,DES01795,BORJATRAPUR - MASIMPUR,N
B004,DES01796,BORJATRAPUR - MOHANPUR (B),N
B004,DES01797,BORJATRAPUR - RANIGHAT,N
B004,DES01798,BORJATRAPUR - SHANTIPUR,N
B004,DES01799,BORJATRAPUR - UJJAN GRAM,N
B004,DES01800,BORKHOLA - BABUR BAZAR,N
B004,DES01801,BORKHOLA - BABURBAZAR,N
B004,DES01802,BORKHOLA - BARAPUA,N
B004,DES01803,BORKHOLA - BIHARA BAZAR,N
B004,DES01804,BORKHOLA - BORKHOLA,N
B004,DES01805,BORKHOLA - CHANDRA NATHPUR,N
B004,DES01806,BORKHOLA - CHANDRANATHPUR,N
B004,DES01807,BORKHOLA - CHERAGI,N
B004,DES01808,BORKHOLA - DLOU T E,N
B004,DES01809,BORKHOLA - DOLCHEERA,N
B004,DES01810,BORKHOLA - DOLU,N
B004,DES01811,BORKHOLA - JALAGRAM,N
B004,DES01812,BORKHOLA - JARULTALA,N
B004,DES01813,BORKHOLA - UJANGRAM,N
B004,DES01814,BOURGHAT,Y
B004,DES01815,BRAMHAN SASHO,Y
B004,DES01816,CHAMELA BAZAR,Y
B004,DES01817,CHANKIRA - BAITAKHAL,N
B004,DES01818,CHANKIRA - CHANKIRA,N
B004,DES01819,CHANKIRA - DEFOLALA,N
B004,DES01820,CHANKIRA - HATHIKHIRA,N
B004,DES01821,CHANKIRA - KOLKOLIGHAT,N
B004,DES01822,CHANKIRA - RADHAPAYARI,N
B004,DES01823,CHANKIRA - SOLGOI,N
B004,DES01824,CHANKIRA - SONAKIRA,N
B004,DES01825,CHAWRANGHI,Y
B004,DES01826,CHORGULA,Y
B004,DES01827,CHOTOJALANGA,Y
B004,DES01828,CHURAI BARI,Y
B004,DES01829,CONTECHCHERRA,Y
B004,DES01830,DHOLAI,Y
B004,DES01831,DORGAKONA,Y
B004,DES01832,DOWARBOND,Y
B004,DES01833,DOWERBOND - DOWERBOND,N
B004,DES01834,DOWERBOND - LOWERBOND,N
B004,DES01835,DOWERBOND - ROSEKANDI,N
B004,DES01836,DUHALIA,Y
B004,DES01837,DULLAV CHERRA,Y
B004,DES01838,DULLAVCHERRA - CHERAGI (D),N
B004,DES01839,DULLAVCHERRA - SONA TOLA,N
B004,DES01840,DUMP - BADARPUR 1 (BADARPURGHAT),N
B004,DES01841,DUMP - BADARPUR 2 (MALUA),N
B004,DES01842,DUMP - FOOLARTAL,N
B004,DES01843,DUMP - KALAIN,N
B004,DES01844,DUMP - SILCHAR,N
B004,DES01845,DUTTAPUR,Y
B004,DES01846,DUTTAPUR - ADARKONA,N
B004,DES01847,DUTTAPUR - ANGLABAZAR,N
B004,DES01848,DUTTAPUR - BAGARGOL,N
B004,DES01849,DUTTAPUR - BASLA,N
B004,DES01850,DUTTAPUR - BORTAL,N
B004,DES01851,DUTTAPUR - DORGABOND,N
B004,DES01852,DUTTAPUR - DUTTA PUR,N
B004,DES01853,DUTTAPUR - GAMARIA,N
B004,DES01854,DUTTAPUR - MODONMOHON,N
B004,DES01855,DUTTAPUR - MURZATKANDI,N
B004,DES01856,DUTTAPUR - RAKESHNAGAR,N
B004,DES01857,FAKIRTILA,Y
B004,DES01858,GABINDPUR,Y
B004,DES01859,GANIGRAM,Y
B004,DES01860,GHARMURA - BAIRABI,N
B004,DES01861,GHARMURA - BILAIPUR,N
B004,DES01862,GHARMURA - GHARMURA,N
B004,DES01863,GHARMURA - JAMIRA,N
B004,DES01864,GHARMURA - KARICHERRA,N
B004,DES01865,GHARMURA - RAMNATHPUR,N
B004,DES01866,GHARMURA - SULTANI BAZAR,N
B004,DES01867,GHARMURA - SULTANI CHEERA,N
B004,DES01868,GHORGULA,Y
B004,DES01869,GHUMRA,Y
B004,DES01870,GHUMRAH BAZAR,Y
B004,DES01871,GHURAMURA,Y
B004,DES01872,GOBIND GANJ,Y
B004,DES01873,GODOWN GHAT,Y
B004,DES01874,"GUMRA,KALAIN",Y
B004,DES01875,GUMRAH - AMTALA,N
B004,DES01876,GUMRAH - DIGARKHAL,N
B004,DES01877,GUMRAH - DURGANAGAR,N
B004,DES01878,GUMRAH - GUMRAH BAZAR,N
B004,DES01879,GUMRAH - JALALPUR,N
B004,DES01880,GUMRAH - NATANPUR,N
B004,DES01881,GUMRAH - NATHANPUR,N
B004,DES01882,GUMRAH - SHADIRKHAL,N
B004,DES01883,HAILAKANDI - BAIRAVNAGAR,N
B004,DES01884,HAILAKANDI - BANDUKMARA,N
B004,DES01885,HAILAKANDI - BASIC CHOURANGI,N
B004,DES01886,HAILAKANDI - BATIRKUPA,N
B004,DES01887,HAILAKANDI - BATUKUBA,N
B004,DES01888,HAILAKANDI - BOWERGHAT,N
B004,DES01889,HAILAKANDI - BUALIPAR,N
B004,DES01890,HAILAKANDI - CHULAGHAT,N
B004,DES01891,HAILAKANDI - DEBENDRA NAGAR,N
B004,DES01892,HAILAKANDI - GODEMGHAT,N
B004,DES01893,HAILAKANDI - GODOWNMGHAT,N
B004,DES01894,HAILAKANDI - HAILAKANDI,N
B004,DES01895,HAILAKANDI - KALACHARA,N
B004,DES01896,HAILAKANDI - KUCHILA,N
B004,DES01897,HAILAKANDI - MATIGURI,N
B004,DES01898,HAILAKANDI - MONACHERRA,N
B004,DES01899,HAILAKANDI - PAIKAN,N
B004,DES01900,HAILAKANDI - RANGAUTI,N
B004,DES01901,HAILAKANDI - SARASPUR,N
B004,DES01902,HAILAKANDI - SOMARIKONA,N
B004,DES01903,HAILAKANDI - TINGAURI,N
B004,DES01904,HAILAKANDI - UJJANKUPAN,N
B004,DES01905,HARANGAJAO,N
B004,DES01906,JALENGA,Y
B004,DES01907,JANKI BAZAR,Y
B004,DES01908,JARUILTALA,Y
B004,DES01909,JIRIBUM (SILCHAR),Y
B004,DES01910,JIRIGHAT - JIRIGHAT,N
B004,DES01911,JIRIGHAT - LALPANI (J),N
B004,DES01912,KABUGANJ - CHANDPUR (K),N
B004,DES01913,KABUGANJ - DAMCHERRA,N
B004,DES01914,KABUGANJ - DERBY T.E,N
B004,DES01915,KABUGANJ - DHOLAI,N
B004,DES01916,KABUGANJ - KABUGANJ,N
B004,DES01917,KABUGANJ - KACHUDARAM,N
B004,DES01918,KABUGANJ - KATAKHAL (K),N
B004,DES01919,KABUGANJ - KAZIDAHAR,N
B004,DES01920,KABUGANJ - MOTINAGAR,N
B004,DES01921,KABUGANJ - NADIGRAM,N
B004,DES01922,KABUGANJ - NARSINGPUR,N
B004,DES01923,KABUGANJ - NUTUN BAZAR,N
B004,DES01924,KABUGANJ - PANIBHORA,N
B004,DES01925,KABUGANJ - POLOI T.E,N
B004,DES01926,KABUGANJ - RAMNAGAR (K),N
B004,DES01927,KACHUKHAL - KACHUKHAL,N
B004,DES01928,KALAIN - CHIRAGI (K),N
B004,DES01929,KALAIN - DUDPUR,N
B004,DES01930,KALAIN - KALAIN BAZAR,N
B004,DES01931,KALAIN - KARAIKANDI,N
B004,DES01932,KALAIN - RAJATILA,N
B004,DES01933,KALAIN - TARNIPUR,N
B004,DES01934,KALAIN DUMP,Y
B004,DES01935,KALIGANJ - BASIC,N
B004,DES01936,KALIGANJ - CHOUDHURY BAZAR,N
B004,DES01937,KALIGANJ - GHURAMARA,N
B004,DES01938,KALIGANJ - KALIGANJ,N
B004,DES01939,KALIGANJ - KAZIRBAZAR,N
B004,DES01940,KALIGANJ - LASKARBAZAR,N
B004,DES01941,KARIMGANJ - FAKIRABAZAR,N
B004,DES01942,KARIMGANJ - GIRISHGANJ,N
B004,DES01943,KARIMGANJ - KANISHAIL,N
B004,DES01944,KARIMGANJ - KARIMGANJ,N
B004,DES01945,KARIMGANJ - KARNOMODHU,N
B004,DES01946,KARIMGANJ - LONGAI,N
B004,DES01947,KARIMGANJ - MAIZED CAMP(BSF),N
B004,DES01948,KARIMGANJ - POAMARA,N
B004,DES01949,KARIMGANJ - SONIBARI BAZAR,N
B004,DES01950,KARIMGANJ - SUPRAKANDI,N
B004,DES01951,KAROIKANDI,Y
B004,DES01952,KATAKHAL (D),Y
B004,DES01953,KATAKHAL (S),Y
B004,DES01954,KATIGORAH,Y
B004,DES01955,KATLICHERRA - ANANDA BAZAR,N
B004,DES01956,KATLICHERRA - BOKABIL,N
B004,DES01957,KATLICHERRA - DHALAI TEA ESTATE,N
B004,DES01958,KATLICHERRA - DHOLAI TIMUKA,N
B004,DES01959,KATLICHERRA - DINONATHPUR,N
B004,DES01960,KATLICHERRA - KATLICHERRA,N
B004,DES01961,KATLICHERRA - LALPANI,N
B004,DES01962,KATLICHERRA - LOTAKANDI,N
B004,DES01963,KATLICHERRA - MANIPUR,N
B004,DES01964,KATLICHERRA - NATUN BAZAR,N
B004,DES01965,KATLICHERRA - NATUNBAZAR,N
B004,DES01966,KATLICHERRA - RUPA CHEERA,N
B004,DES01967,KATLICHERRA - SAHABAD,N
B004,DES01968,KATLICHERRA - SONA CHEERA,N
B004,DES01969,KAZIR BAZAR,Y
B004,DES01970,KOIA BAGAN,Y
B004,DES01971,KOLKALIGHAT,Y
B004,DES01972,KONTACHERRA,Y
B004,DES01973,KUMBHIRGRAM SILCHAR,Y
B004,DES01974,LAILAPOOL,Y
B004,DES01975,LAILAPUR - AMRAGHAT,N
B004,DES01976,LAILAPUR - BHAGA BAZAR,N
B004,DES01977,LAILAPUR - BHUBONDOR,N
B004,DES01978,LAILAPUR - CHANNIGHAT,N
B004,DES01979,LAILAPUR - ISLAMABAD,N
B004,DES01980,LAILAPUR - LAILAPUR,N
B004,DES01981,LAILAPUR - MANIPURI MARKET,N
B004,DES01982,LAILAPUR - ROYNAGAR,N
B004,DES01983,LAILAPUR - SAPTAGRAM,N
B004,DES01984,LAILAPUR - ZARAILTOLA (L),N
B004,DES01985,LAKHIPUR (P),Y
B004,DES01986,LAKHIPUR ROAD,Y
B004,DES01987,LALA BAZAR - ABDULLAPUR,N
B004,DES01988,LALA BAZAR - AINAKHAL,N
B004,DES01989,LALA BAZAR - AMALA,N
B004,DES01990,LALA BAZAR - CHARARPAR,N
B004,DES01991,LALA BAZAR - GALACHERRA,N
B004,DES01992,LALA BAZAR - KALACHERA,N
B004,DES01993,LALA BAZAR - KALINAGAR,N
B004,DES01994,LALA BAZAR - KOIA  BAGAN,N
B004,DES01995,LALA BAZAR - KRISHNAPUR,N
B004,DES01996,LALA BAZAR - LAKHINAGAR,N
B004,DES01997,LALA BAZAR - LALA BAZAR,N
B004,DES01998,LALA BAZAR - LALACHEERA,N
B004,DES01999,LALA BAZAR - LALAMUK,N
B004,DES02000,LALA BAZAR - NUTAN BAZAR (L),N
B004,DES02001,LALA BAZAR - SAHABADBAZAR,N
B004,DES02002,LALA BAZAR - SARBANANDAPUR,N
B004,DES02003,LALA BAZAR - TANTU,N
B004,DES02004,LALABAZAR,Y
B004,DES02005,LALACHERRA,Y
B004,DES02006,LALPANI (KATHLICHERA),Y
B004,DES02007,LALPANI (KATHLICHERRA),Y
B004,DES02008,LALPANI (PAILAPOOL),Y
B004,DES02009,LAMAJUAR,Y
B004,DES02010,LASKAR BAZAR (KALIGANG),Y
B004,DES02011,LAXMI BAZAR,Y
B004,DES02012,LOWARPUIA - BAZARICHERRA,N
B004,DES02013,LOWARPUIA - CHURAIBARI,N
B004,DES02014,LOWARPUIA - CONTECHCHEERA,N
B004,DES02015,LOWARPUIA - KATALTALI,N
B004,DES02016,LOWARPUIA - KATHALTOLI,N
B004,DES02017,LOWARPUIA - KOTAMONI,N
B004,DES02018,LOWARPUIA - KUKIRTAL,N
B004,DES02019,LOWARPUIA - LOWARPUIA,N
B004,DES02020,LOWARPUIA - NAGRA,N
B004,DES02021,LOWARPUIA - RANGAMATI,N
B004,DES02022,MACHIMPUR (BJPR),Y
B004,DES02023,MACHIMPUR (SILCHAR),Y
B004,DES02024,MAIZED CAMP (BSF),Y
B004,DES02025,MANIPUR (BDR),Y
B004,DES02026,MANUBAZAR,Y
B004,DES02027,MATINAGAR,Y
B004,DES02028,NATUN BAZAR (AMRAGHAT),Y
B004,DES02029,NATUN BAZAR (KATLICHERA),Y
B004,DES02030,NILAM BAZAR - BARIGRAM,N
B004,DES02031,NILAM BAZAR - BATOIYA,N
B004,DES02032,NILAM BAZAR - BRAMHAN SASHON,N
B004,DES02033,NILAM BAZAR - CHERAGI BAZAR,N
B004,DES02034,NILAM BAZAR - EAST BALIA,N
B004,DES02035,NILAM BAZAR - GANDHAI BAZAR,N
B004,DES02036,NILAM BAZAR - KAYSTAGRAM,N
B004,DES02037,NILAM BAZAR - LAPOOL,N
B004,DES02038,NILAM BAZAR - MULLAGANJ,N
B004,DES02039,NILAM BAZAR - NILAMBAZAR,N
B004,DES02040,NILAM BAZAR - WEST BALIA,N
B004,DES02041,PAILAPOOL - BINNAKANDI,N
B004,DES02042,PAILAPOOL - CHRIPOOL,N
B004,DES02043,PAILAPOOL - HARINAGAR,N
B004,DES02044,PAILAPOOL - JOYNAGAR,N
B004,DES02045,PAILAPOOL - JOYPUR,N
B004,DES02046,PAILAPOOL - LABOK,N
B004,DES02047,PAILAPOOL - LAKHIPUR,N
B004,DES02048,PAILAPOOL - PAILAPOOL,N
B004,DES02049,PAILAPOOL - PALIORBOND,N
B004,DES02050,PANCHGRAM - DHOLESWAR,N
B004,DES02051,PANCHGRAM - KATAKHAL,N
B004,DES02052,POILAPOOL,Y
B004,DES02053,PUAMARA,Y
B004,DES02054,SALCAHPRA - KATAKHAL(S),N
B004,DES02055,SALCAHPRA - MOHANPUR (S),N
B004,DES02056,SALCAHPRA - SALCHAPRA,N
B004,DES02057,SALCAHPRA - SURTARA,N
B004,DES02058,SANI BARI BAZAR,Y
B004,DES02059,SANTIPUR,Y
B004,DES02060,SILAHAR,Y
B004,DES02061,SILCHAR - AULIA,N
B004,DES02062,SILCHAR - CHAMMA GUDAM,N
B004,DES02063,SILCHAR - CHAMRA GUDAM,N
B004,DES02064,SILCHAR - CHANKURI,N
B004,DES02065,SILCHAR - CHIRIKUNDA,N
B004,DES02066,SILCHAR - DAMCHEERA,N
B004,DES02067,SILCHAR - DUDPATHIL,N
B004,DES02068,SILCHAR - FAKIRTILLA,N
B004,DES02069,SILCHAR - GHUNGOOR,N
B004,DES02070,SILCHAR - GHUNGUR,N
B004,DES02071,SILCHAR - HATIRHAR,N
B004,DES02072,SILCHAR - ITKHOLA,N
B004,DES02073,SILCHAR - KANAKPUR,N
B004,DES02074,SILCHAR - KUARPAR,N
B004,DES02075,SILCHAR - LAKHIPUR RAOD,N
B004,DES02076,SILCHAR - MALUGRAM,N
B004,DES02077,SILCHAR - MANIARKHAL,N
B004,DES02078,SILCHAR - MAZUMDAR BAZAR,N
B004,DES02079,SILCHAR - MEHERPUR,N
B004,DES02080,SILCHAR - MODURAMUKH,N
B004,DES02081,SILCHAR - N S AVENUE,N
B004,DES02082,SILCHAR - NAGATILA,N
B004,DES02083,SILCHAR - PREMTOLA,N
B004,DES02084,SILCHAR - R.E.C,N
B004,DES02085,SILCHAR - RAJNAGAR,N
B004,DES02086,SILCHAR - RAMNAGAR,N
B004,DES02087,SILCHAR - RANGPUR,N
B004,DES02088,SILCHAR - RONGPUR,N
B004,DES02089,SILCHAR - SADARGHAT,N
B004,DES02090,SILCHAR - SILCHAR(CHIRIKUNDA),N
B004,DES02091,SILCHAR - SILKURI,N
B004,DES02092,SILCHAR - SINGARBOND,N
B004,DES02093,SILCHAR - SITAPUR,N
B004,DES02094,SILCHAR - SONAIROAD,N
B004,DES02095,SILCHAR - SRIKONA,N
B004,DES02096,SILCHAR - TARAPUR,N
B004,DES02097,SILCHAR DUMP,Y
B004,DES02098,SONAI - PALONGHAT,N
B004,DES02099,SONAI - SAIDPOR,N
B004,DES02100,SONAI - SILDUBI,N
B004,DES02101,SONAI - SONABARIGHAT,N
B004,DES02102,SONAI - SONAI,N
B004,DES02103,SONAI ROAD,Y
B004,DES02104,SONAIMUKH,Y
B004,DES02105,SRIKONA (SALCHAPRA),Y
B004,DES02106,SUTARKANDI - BAKORSANGAM,N
B004,DES02107,SUTARKANDI - EULABARI,N
B004,DES02108,SUTARKANDI - LAKHIBAZAR,N
B004,DES02109,SUTARKANDI - LATU,N
B004,DES02110,SUTARKANDI - MOHISASHAN,N
B004,DES02111,SUTARKANDI - NAYABAZAR,N
B004,DES02112,SUTARKANDI - PANIGHAT BAZAR,N
B004,DES02113,SUTARKANDI - RANIBARI,N
B004,DES02114,SUTARKANDI - SUTARKANDI,N
B004,DES02115,SUTARKANDI - TAKURBARI,N
B004,DES02116,UDHARBOND,Y
B004,DES02117,UDHARBOND - CHOTA DUDHPATHIL,N
B004,DES02118,UDHARBOND - DAYAPUR,N
B004,DES02119,UDHARBOND - DIGIRPAR,N
B004,DES02120,UDHARBOND - DOLU MUKHA,N
B004,DES02121,UDHARBOND - DUDHPATHIL,N
B004,DES02122,UDHARBOND - DUMARGHAT,N
B004,DES02123,UDHARBOND - GOSSAIPUR,N
B004,DES02124,UDHARBOND - HATICHERA,N
B004,DES02125,UDHARBOND - KHASPUR,N
B004,DES02126,UDHARBOND - KUMBA,N
B004,DES02127,UDHARBOND - KUMBIRGRAM,N
B004,DES02128,UDHARBOND - LATHIGRAM,N
B004,DES02129,UDHARBOND - MACHU GAHT,N
B004,DES02130,UDHARBOND - MOINARBOND,N
B004,DES02131,UDHARBOND - SALGANGA,N
B004,DES02132,UDHARBOND - UDHARBAND,N
B005,DES02133,1 KILO (EX-FACTORY),Y
B005,DES02134,14TH MILE (EX-FACTORY),Y
B005,DES02135,14TH MILE (MEG),N
B005,DES02136,4 KILO (EX-FACTORY),Y
B005,DES02137,8TH MILE (EX-FACTORY),Y
B005,DES02138,9TH MILE (EX-FACTORY),Y
B005,DES02139,AMLAREM (EX-FACTORY),Y
B005,DES02140,AMTAPOH (EX-FACTORY),Y
B005,DES02141,BAKUR (EX-FACTORY),Y
B005,DES02142,BALLAT,Y
B005,DES02143,BALLAT (EX-FACTORY),Y
B005,DES02144,BARAPANI,Y
B005,DES02145,BARAPANI (EX-FACTORY),Y
B005,DES02146,BELKIRI,Y
B005,DES02147,BELKIRI (EX-FACTORY),Y
B005,DES02148,BHAWLYNBUN,Y
B005,DES02149,BHAWLYNBUN (EX-FACTORY),Y
B005,DES02150,BORSORA,Y
B005,DES02151,BORSORA (EX-FACTORY),Y
B005,DES02152,BYRNIHAT,Y
B005,DES02153,BYRNIHAT (EX-FACTORY),Y
B005,DES02154,BYRNIHAT (MEG),N
B005,DES02155,CHERAPUNJEE,Y
B005,DES02156,CHERAPUNJEE (EX-FACTORY),Y
B005,DES02157,DAWKI (EX-FACTORY),Y
B005,DES02158,DEMTHRING,Y
B005,DES02159,DEMTHRING (EX-FACTORY),Y
B005,DES02160,HATMAWDON,Y
B005,DES02161,HATMAWDON (EX-FACTORY),Y
B005,DES02162,ICHAMATI,Y
B005,DES02163,ICHAMATI (EX-FACTORY),Y
B005,DES02164,JARAIN (EX-FACTORY),Y
B005,DES02165,JOWAI (EX-FACTORY),Y
B005,DES02166,KAMARKUCHI (EX-FACTORY),Y
B005,DES02167,KESHPONDNG (EX-FACTORY),Y
B005,DES02168,KHANDULI (EX-FACTORY),Y
B005,DES02169,KHARPATTI,Y
B005,DES02170,KHARPATTI (EX-FACTORY),Y
B005,DES02171,KHLIEHRIAT (EX-FACTORY),Y
B005,DES02172,KIMI (EX-FACTORY),Y
B005,DES02173,KRANG,Y
B005,DES02174,KRANG (EX-FACTORY),Y
B005,DES02175,KRIANGRIN,Y
B005,DES02176,KRIANGRIN (EX-FACTORY),Y
B005,DES02177,KYNRUDK,Y
B005,DES02178,KYNRUDK (EX-FACTORY),Y
B005,DES02179,KYNSHI,Y
B005,DES02180,KYNSHI (EX-FACTORY),Y
B005,DES02181,LAD BURMA,Y
B005,DES02182,LAD BURMA (EX-FACTORY),Y
B005,DES02183,LADMAWPHLANG,Y
B005,DES02184,LADMAWPHLANG (EX-FACTORY),Y
B005,DES02185,LADRYMBAI (EX-FACTORY),Y
B005,DES02186,LADSOHBAR,Y
B005,DES02187,LADSOHBAR (EX-FACTORY),Y
B005,DES02188,LAITKOR,Y
B005,DES02189,LAITKOR (EX-FACTORY),Y
B005,DES02190,LAITKOR PEAK,Y
B005,DES02191,LAITKOR PEAK (EX-FACTORY),Y
B005,DES02192,LAITLYRA,Y
B005,DES02193,LAITLYRA (EX-FACTORY),Y
B005,DES02194,LAITRYNGEW,Y
B005,DES02195,LAITRYNGEW (EX-FACTORY),Y
B005,DES02196,LAWBAH,Y
B005,DES02197,LAWBAH (EX-FACTORY),Y
B005,DES02198,LUMKHUDUNG (EX-FACTORY),Y
B005,DES02199,LWANG,Y
B005,DES02200,LWANG (EX-FACTORY),Y
B005,DES02201,LYNGIONG,Y
B005,DES02202,LYNGIONG (EX-FACTORY),Y
B005,DES02203,LYNGKIEN,Y
B005,DES02204,LYNGKIEN (EX-FACTORY),Y
B005,DES02205,MAIRANG,Y
B005,DES02206,MAIRANG (EX-FACTORY),Y
B005,DES02207,MANAI,Y
B005,DES02208,MANAI (EX-FACTORY),Y
B005,DES02209,MARKASA,Y
B005,DES02210,MARKASA (EX-FACTORY),Y
B005,DES02211,MARMAIN,Y
B005,DES02212,MARMAIN (EX-FACTORY),Y
B005,DES02213,MARNGOR,Y
B005,DES02214,MARNGOR (EX-FACTORY),Y
B005,DES02215,MAWDNGDUNG,Y
B005,DES02216,MAWDNGDUNG (EX-FACTORY),Y
B005,DES02217,MAWHATI,Y
B005,DES02218,MAWHATI (EX-FACTORY),Y
B005,DES02219,MAWKDOK,Y
B005,DES02220,MAWKDOK (EX-FACTORY),Y
B005,DES02221,MAWLANGSU,Y
B005,DES02222,MAWLANGSU (EX-FACTORY),Y
B005,DES02223,MAWLEIN,Y
B005,DES02224,MAWLEIN (EX-FACTORY),Y
B005,DES02225,MAWLONG,Y
B005,DES02226,MAWLONG (EX-FACTORY),Y
B005,DES02227,MAWLYNGDEP,Y
B005,DES02228,MAWLYNGDEP (EX-FACTORY),Y
B005,DES02229,MAWLYNNONG,Y
B005,DES02230,MAWLYNNONG (EX-FACTORY),Y
B005,DES02231,MAWMIHTHIEL,Y
B005,DES02232,MAWMIHTHIEL (EX-FACTORY),Y
B005,DES02233,MAWNGAP,Y
B005,DES02234,MAWNGAP (EX-FACTORY),Y
B005,DES02235,MAWPHLANG,Y
B005,DES02236,MAWPHLANG (EX-FACTORY),Y
B005,DES02237,MAWRYNGKNEG,Y
B005,DES02238,MAWRYNGKNEG (EX-FACTORY),Y
B005,DES02239,MAWSAW,Y
B005,DES02240,MAWSAW (EX-FACTORY),Y
B005,DES02241,MAWTHAWPDAH,N
B005,DES02242,MAWTHIANGBAH,Y
B005,DES02243,MAWTHIANGBAH (EX-FACTORY),Y
B005,DES02244,MHUMKHEN,Y
B005,DES02245,MHUMKHEN (EX-FACTORY),Y
B005,DES02246,MOOKAIAW (EX-FACTORY),Y
B005,DES02247,MOOKHEP (EX-FACTORY),Y
B005,DES02248,MUKERWAT,Y
B005,DES02249,MUKERWAT (EX-FACTORY),Y
B005,DES02250,MUKHLA (EX-FACTORY),Y
B005,DES02251,MUKTAPUR (EX-FACTORY),Y
B005,DES02252,MYNSOO (EX-FACTORY),Y
B005,DES02253,MYRIAW,Y
B005,DES02254,MYRIAW (EX-FACTORY),Y
B005,DES02255,MYSINRAM,Y
B005,DES02256,MYSINRAM (EX-FACTORY),Y
B005,DES02257,NAYA BUNGLOW,Y
B005,DES02258,NAYA BUNGLOW (EX-FACTORY),Y
B005,DES02259,NINETH MILE,Y
B005,DES02260,NINETH MILE (EX-FACTORY),Y
B005,DES02261,NONGAAWLIA,Y
B005,DES02262,NONGAAWLIA (EX-FACTORY),Y
B005,DES02263,NONGIRI,Y
B005,DES02264,NONGIRI (EX-FACTORY),Y
B005,DES02265,NONGKHLAW,Y
B005,DES02266,NONGKHLAW (EX-FACTORY),Y
B005,DES02267,NONGLANG,Y
B005,DES02268,NONGLANG (EX-FACTORY),Y
B005,DES02269,NONGLWAI,Y
B005,DES02270,NONGLWAI (EX-FACTORY),Y
B005,DES02271,NONGPOH,Y
B005,DES02272,NONGPOH (EX-FACTORY),Y
B005,DES02273,NONGSDER,Y
B005,DES02274,NONGSDER (EX-FACTORY),Y
B005,DES02275,NONGSHILLONG,Y
B005,DES02276,NONGSHILLONG (EX-FACTORY),Y
B005,DES02277,NONGSHRAM,Y
B005,DES02278,NONGSHRAM (EX-FACTORY),Y
B005,DES02279,NONGSPUNG,N
B005,DES02280,NONGSTAIN,Y
B005,DES02281,NONGSTAIN (EX-FACTORY),Y
B005,DES02282,NONGTALANG (EX-FACTORY),Y
B005,DES02283,NONGTHYMMAI,Y
B005,DES02284,NONGTHYMMAI (EX-FACTORY),Y
B005,DES02285,PARIONG,Y
B005,DES02286,PARIONG (EX-FACTORY),Y
B005,DES02287,PATHARKHAMA (EX-FACTORY),Y
B005,DES02288,PATHARKHAMAH,N
B005,DES02289,PDENGSHAKP (EX-FACTORY),Y
B005,DES02290,PHLANGDILOIN,Y
B005,DES02291,PHLANGDILOIN (EX-FACTORY),Y
B005,DES02292,PHLINGINGIRM (EX-FACTORY),Y
B005,DES02293,PHUDKROH,Y
B005,DES02294,PHUDKROH (EX-FACTORY),Y
B005,DES02295,POMBLANG,Y
B005,DES02296,POMBLANG (EX-FACTORY),Y
B005,DES02297,POMJARI,Y
B005,DES02298,POMJARI (EX-FACTORY),Y
B005,DES02299,POMLAHIER,Y
B005,DES02300,POMLAHIER (EX-FACTORY),Y
B005,DES02301,POMMURA,Y
B005,DES02302,POMMURA (EX-FACTORY),Y
B005,DES02303,POMSHUTIA,Y
B005,DES02304,POMSHUTIA (EX-FACTORY),Y
B005,DES02305,POMSOHMEN,Y
B005,DES02306,POMSOHMEN (EX-FACTORY),Y
B005,DES02307,PONGKUNG,Y
B005,DES02308,PONGKUNG (EX-FACTORY),Y
B005,DES02309,PURIANG,Y
B005,DES02310,PURIANG (EX-FACTORY),Y
B005,DES02311,PYLENGLITHA,Y
B005,DES02312,PYLENGLITHA (EX-FACTORY),Y
B005,DES02313,PYNURSLA,Y
B005,DES02314,PYNURSLA (EX-FACTORY),Y
B005,DES02315,RALIANG (EX-FACTORY),Y
B005,DES02316,RAMBRAI,Y
B005,DES02317,RAMBRAI (EX-FACTORY),Y
B005,DES02318,RANGBLANG,Y
B005,DES02319,RANGBLANG (EX-FACTORY),Y
B005,DES02320,RANGSHKEN,Y
B005,DES02321,RANGSHKEN (EX-FACTORY),Y
B005,DES02322,RANIKOR,Y
B005,DES02323,RANIKOR (EX-FACTORY),Y
B005,DES02324,RIANGDO,Y
B005,DES02325,RIANGDO (EX-FACTORY),Y
B005,DES02326,RYNGKU,Y
B005,DES02327,RYNGKU (EX-FACTORY),Y
B005,DES02328,SAHSNIANG (EX-FACTORY),Y
B005,DES02329,SEINDULI,Y
B005,DES02330,SEINDULI (EX-FACTORY),Y
B005,DES02331,SHALLANG,Y
B005,DES02332,SHALLANG (EX-FACTORY),Y
B005,DES02333,SHANGBANGLA,Y
B005,DES02334,SHANGBANGLA (EX-FACTORY),Y
B005,DES02335,SHANGPUNG (EX-FACTORY),Y
B005,DES02336,SHELLA,Y
B005,DES02337,SHELLA (EX-FACTORY),Y
B005,DES02338,SHILLONG,Y
B005,DES02339,SHILLONG (EX-FACTORY),Y
B005,DES02340,SHKENPYRSIT (EX-FACTORY),Y
B005,DES02341,SHKENTALANG (EX-FACTORY),Y
B005,DES02342,SMIT,Y
B005,DES02343,SMIT (EX-FACTORY),Y
B005,DES02344,SOHIONG,Y
B005,DES02345,SOHIONG (EX-FACTORY),Y
B005,DES02346,SOHKHA (EX-FACTORY),Y
B005,DES02347,SOHKYMPHOR (EX-FACTORY),Y
B005,DES02348,SOHLONG,Y
B005,DES02349,SOHLONG (EX-FACTORY),Y
B005,DES02350,SOHNIDAN,Y
B005,DES02351,SOHNIDAN (EX-FACTORY),Y
B005,DES02352,SOHPHOH (EX-FACTORY),Y
B005,DES02353,SOHRARIM,Y
B005,DES02354,SOHRARIM (EX-FACTORY),Y
B005,DES02355,SOHRYNGKHAM,Y
B005,DES02356,SOHRYNGKHAM (EX-FACTORY),Y
B005,DES02357,SONATOLA,Y
B005,DES02358,SONATOLA (EX-FACTORY),Y
B005,DES02359,SUMER,Y
B005,DES02360,SUMER (EX-FACTORY),Y
B005,DES02361,TAMABIL (EX-FACTORY),Y
B005,DES02362,THADLASKEIN (EX-FACTORY),Y
B005,DES02363,THANGBULI (EX-FACTORY),Y
B005,DES02364,TYRSAD,Y
B005,DES02365,TYRSAD (EX-FACTORY),Y
B005,DES02366,U.C.COLLEGE,Y
B005,DES02367,U.C.COLLEGE (EX-FACTORY),Y
B005,DES02368,UMBANG,Y
B005,DES02369,UMBANG (EX-FACTORY),Y
B005,DES02370,UMDANG,Y
B005,DES02371,UMDANG (EX-FACTORY),Y
B005,DES02372,UMDEN,Y
B005,DES02373,UMDEN (EX-FACTORY),Y
B005,DES02374,UMDIENGPOH,Y
B005,DES02375,UMDIENGPOH (EX-FACTORY),Y
B005,DES02376,UMDIHAR,Y
B005,DES02377,UMDIHAR (EX-FACTORY),Y
B005,DES02378,UMDOHLUN,Y
B005,DES02379,UMDOHLUN (EX-FACTORY),Y
B005,DES02380,UMIAM,Y
B005,DES02381,UMIAM (EX-FACTORY),Y
B005,DES02382,UMJARAIN,Y
B005,DES02383,UMJARAIN (EX-FACTORY),Y
B005,DES02384,UMLING,Y
B005,DES02385,UMLING (EX-FACTORY),Y
B005,DES02386,UMMULONG (EX-FACTORY),Y
B005,DES02387,UMRAN,Y
B005,DES02388,UMRAN (EX-FACTORY),Y
B005,DES02389,UMROI,Y
B005,DES02390,UMROI (EX-FACTORY),Y
B005,DES02391,UMSAMLEM,Y
B005,DES02392,UMSAMLEM (EX-FACTORY),Y
B005,DES02393,UMSAW,Y
B005,DES02394,UMSAW (EX-FACTORY),Y
B005,DES02395,UMSLING,Y
B005,DES02396,UMSLING (EX-FACTORY),Y
B005,DES02397,UMTRU,Y
B005,DES02398,UMTRU (EX-FACTORY),Y
B005,DES02399,UMWANG,Y
B005,DES02400,UMWANG (EX-FACTORY),Y
B005,DES02401,WAHKAJI,Y
B005,DES02402,WAHKAJI (EX-FACTORY),Y
B005,DES02403,WAHKDAIT,Y
B005,DES02404,WAHKDAIT (EX-FACTORY),Y
B005,DES02405,WAHLANG,Y
B005,DES02406,WAHLANG (EX-FACTORY),Y
B005,DES02407,WEILOI,Y
B005,DES02408,WEILOI (EX-FACTORY),Y
B006,DES02409,1 KILO,Y
B006,DES02410,4 KILO,Y
B006,DES02411,8TH MILE (JH),Y
B006,DES02412,AMLAREM,Y
B006,DES02413,AMTAPOH,Y
B006,DES02414,BAKUR,Y
B006,DES02415,DAWKI,Y
B006,DES02416,JARAIN,Y
B006,DES02417,JOWAI,Y
B006,DES02418,KESHPONDNG,Y
B006,DES02419,KHANDULI,Y
B006,DES02420,KHLIEHRIAT,Y
B006,DES02421,LADRYMBAI,Y
B006,DES02422,LUMKHUDUNG,Y
B006,DES02423,MOOKAIAW,Y
B006,DES02424,MOOKHEP,Y
B006,DES02425,MUKHLA,Y
B006,DES02426,MUKTAPUR,Y
B006,DES02427,MYNSOO,Y
B006,DES02428,NONGTALANG,Y
B006,DES02429,PDENGSHAKP,Y
B006,DES02430,PHLINGINGIRM,Y
B006,DES02431,RALIANG,Y
B006,DES02432,SAHSNIANG,Y
B006,DES02433,SHANGPUNG,Y
B006,DES02434,SHKENPYRSIT,Y
B006,DES02435,SHKENTALANG,Y
B006,DES02436,SOHKHA,Y
B006,DES02437,SOHPHOH,Y
B006,DES02438,TAMABIL,Y
B006,DES02439,THADLASKEIN,Y
B006,DES02440,THANGBULI,Y
B006,DES02441,UMMULONG,Y
C001,DES02442,BISHNUPUR (MNP),Y
C001,DES02443,CHANDEL (MNP),Y
C001,DES02444,CHURACHANDPUR,Y
C001,DES02445,IMPHAL,Y
C001,DES02446,JIRIBUM DUMP,Y
C001,DES02447,JIRIBUM RAILWAY YARD,Y
C001,DES02448,KAKCHING,Y
C001,DES02449,KANGLATONGBI,Y
C001,DES02450,KANGLATONGBI DUMP,N
C001,DES02451,KEITHELMAMBI (MNP),Y
C001,DES02452,MOIRANG(MANIPUR),Y
C001,DES02453,NAMBOL (MNP),Y
C001,DES02454,PALLEL (MNP),Y
C001,DES02455,SENAPATI,Y
C001,DES02456,SIGNGAT,Y
C001,DES02457,THOUBAL (MNP),Y
C001,DES02458,UKHRUL,Y
C001,DES02459,YARIPOK (MNP),Y
C002,DES02460,CHANTONGIA,Y
C002,DES02461,DIMAPUR (BY ROAD),Y
C002,DES02462,DIMAPUR DUMP,Y
C002,DES02463,KOHIMA,Y
C002,DES02464,LONGTHO (NLD),Y
C002,DES02465,MON (NLD),Y
C002,DES02466,MUKUKCHUNG,Y
C002,DES02467,NAGANIMORA,Y
C002,DES02468,TIZIT(NLD),Y
C002,DES02469,TUENSANG (NLD),Y
C002,DES02470,TULI (NLD),Y
C002,DES02471,WOKHA,Y
C002,DES02472,WOKHA (FOR),Y
C002,DES02473,ZUNHEBOTO (NLD),Y
F004,DES02474,DEOGHAR (EX DEOGHAR),N
F004,DES02475,DEVIPUR (EX DEOGHAR),N
F004,DES02476,GHORMARA (EX DEOGHAR),N
F004,DES02477,MADHUPUR (EX DEOGHAR),N
F004,DES02478,SARATH (EX DEOGHAR),N
F004,DES02479,DUMKA SADAR (EX DEOGHAR),N
F004,DES02480,HANSDIHA (EX DEOGHAR),N
F004,DES02481,JARMUNDI (EX DEOGHAR),N
F004,DES02482,RAMGARH (EX DEOGHAR),N
F004,DES02483,RANESHWAR (EX DEOGHAR),N
F004,DES02484,SHIKARIPARA (EX DEOGHAR),N
F004,DES02485,BELBADAA (EX DEOGHAR),N
F004,DES02486,GODDA DISTRICT (EX DEOGHAR),N
F004,DES02487,AMRAPARA (EX DEOGHAR),N
F004,DES02488,HIRANPUR (EX DEOGHAR),N
F004,DES02489,LITTIPRA (EX DEOGHAR),N
F004,DES02490,MAHESHPUR (EX DEOGHAR),N
F004,DES02491,PAKUR SADAR (EX DEOGHAR),N
F004,DES02492,BARHARWA (EX DEOGHAR),N
F004,DES02493,SAHEBGANJ SADAR (EX DEOGHAR),N
F001,DES02494,BERMO/GOMIA (EX DHANBAD),N
F001,DES02495,CHANDANKYARI (EX DHANBAD),N
F001,DES02496,CHANDRAPURA (EX DHANBAD),N
F001,DES02497,CHAS (EX DHANBAD),N
F001,DES02498,JAINA MOD (EX DHANBAD),N
F001,DES02499,LALPANIA (EX DHANBAD),N
F001,DES02500,NAWADIH (EX DHANBAD),N
F001,DES02501,PHUSRO (EX DHANBAD),N
F001,DES02502,TOPKADIH/ANGWALI (EX DHANBAD),N
F001,DES02503,BAGHMARA (EX DHANBAD),N
F001,DES02504,GOMOH (EX DHANBAD),N
F001,DES02505,GOVINDPUR (EX DHANBAD),N
F001,DES02506,JAMADOBA/SINDRI (EX DHANBAD),N
F001,DES02507,JAMTARA (EX DHANBAD),N
F001,DES02508,KARMATAND (EX DHANBAD),N
F001,DES02509,KATRAS (EX DHANBAD),N
F001,DES02510,MAHUDA (EX DHANBAD),N
F001,DES02511,MIHIJAM (EX DHANBAD),N
F001,DES02512,NIRSA/CHIRKUNDA (EX DHANBAD),N
F001,DES02513,RAJGANJ (EX DHANBAD),N
F001,DES02514,TOPCHACHI (EX DHANBAD),N
F001,DES02515,TUNDI (EX DHANBAD),N
F001,DES02516,BAGODAR/APKA (EX DHANBAD),N
F001,DES02517,GAWAN (EX DHANBAD),N
F001,DES02518,GIRIDIH (EX DHANBAD),N
F001,DES02519,HIRODIH (EX DHANBAD),N
F001,DES02520,ISRI/DUMRI/PORDAG (EX DHANBAD),N
F001,DES02521,JAMUA (EX DHANBAD),N
F001,DES02522,KULGO/AUARA (EX DHANBAD),N
F001,DES02523,MADHUBAN MOD/ PIRTAND (EX DHANBAD),N
F001,DES02524,MAHESH MUNDA/GANDE (EX DHANBAD),N
F001,DES02525,NIMIAGHAT (EX DHANBAD),N
F001,DES02526,RAJDHANBAR (EX DHANBAD),N
F001,DES02527,SARIYA/BIRINI/KESWARI (EX DHANBAD),N
F001,DES02528,SIYATAD/CHATROO (EX DHANBAD),N
F001,DES02529,TARATAND (EX DHANBAD),N
F001,DES02530,TISRI (EX DHANBAD),N
F001,DES02531,BALHARA (EX DHANBAD),N
F001,DES02532,BARKATHA (EX DHANBAD),N
F001,DES02533,DOMCHANCH (EX DHANBAD),N
F001,DES02534,DORANDA (EX DHANBAD),N
F001,DES02535,MALHO (EX DHANBAD),N
F001,DES02536,PURNADIH (EX DHANBAD),N
F001,DES02537,SATGAWAN (EX DHANBAD),N
F003,DES02538,BARHI ( EX RANCHI),N
F003,DES02539,BARKAGAON ( EX RANCHI),N
F003,DES02540,BHURKUNDA ( EX RANCHI),N
F003,DES02541,BUNDU ( EX RANCHI),N
F003,DES02542,CHAINPUR ( EX RANCHI),N
F003,DES02543,CHANHO ( EX RANCHI),N
F003,DES02544,CHATRA ( EX RANCHI),N
F003,DES02545,CHOUPARAN ( EX RANCHI),N
F003,DES02546,DOMCHANCH ( EX RANCHI),N
F003,DES02547,GHAGRA ( EX RANCHI),N
F003,DES02548,GUMLA ( EX RANCHI),N
F003,DES02549,HAZARIBAGH ( EX RANCHI),N
F003,DES02550,ICHAK MR/ITKHORI BZR (EX RANCHI),N
F003,DES02551,KARIATPUR/GHANGRI ( EX RANCHI),N
F003,DES02552,KHELARI ( EX RANCHI),N
F003,DES02553,KHUNTI ( EX RANCHI),N
F003,DES02554,KURU ( EX RANCHI),N
F003,DES02555,LOHARDAGGA ( EX RANCHI),N
F003,DES02556,MANDAR ( EX RANCHI),N
F003,DES02557,MURHU ( EX RANCHI),N
F003,DES02558,PADMA/KARMA ( EX RANCHI),N
F003,DES02559,PETARWAR/ GOLA ( EX RANCHI),N
F003,DES02560,RAMGARH ( EX RANCHI),N
F003,DES02561,RAMPUR ( EX RANCHI),N
F003,DES02562,RANCHI SADAR ( EX RANCHI),N
F003,DES02563,SATGAWAN ( EX RANCHI),N
F003,DES02564,SILLI ( EX RANCHI),N
F003,DES02565,TILAIYA DAM/TILAIYA(EX RANCHI),N
F002,DES02566,BEHRAGHORA (EX TATA),N
F002,DES02567,CHAIBASHA (EX TATA),N
F002,DES02568,CHAKARDHARPUR (EX TATA),N
F002,DES02569,CHAKULIA (EX TATA),N
F002,DES02570,CHANDIL (EX TATA),N
F002,DES02571,CHOUKA (EX TATA),N
F002,DES02572,DALBHUMGARH (EX TATA),N
F002,DES02573,GAMHARIA/KNDRA (EX TATA),N
F002,DES02574,GAYALKERA (EX TATA),N
F002,DES02575,GHATSHILA/ MUSABANI (EX TATA),N
F002,DES02576,HATA (EX TATA),N
F002,DES02577,JAGANNATHPUR (EX TATA),N
F002,DES02578,JAMSHEDPUR TOWN (EX TATA),N
F002,DES02579,MANOHARPUR (EX TATA),N
F002,DES02580,NOWAMUNDI (EX TATA),N
F002,DES02581,PATAMDA KATING (EX TATA),N
F002,DES02582,SARIEKELA (EX TATA),N
F002,DES02583,SINNI (EX TATA),N
F002,DES02584,SONUA (EX TATA),N
F002,DES02585,TAMAR/ BUNDU (EX TATA),N
EE06,DES02586,BEGUSARAI (EX BARAUNI),Y
EE06,DES02587,BACHHWARA (EX BARAUNI),Y
EE06,DES02588,BAKHRI (EX BARAUNI),Y
EE06,DES02589,BALIA  (EX BARAUNI),Y
EE06,DES02590,BARAUNI (EX BARAUNI),Y
EE06,DES02591,BHAGWANPUR (EX BARAUNI),Y
EE06,DES02592,BIRPUR (EX BARAUNI),Y
EE06,DES02593,CHERIA (EX BARAUNI),Y
EE06,DES02594,CHHAURAHI (EX BARAUNI),Y
EE06,DES02595,DANDARI (EX BARAUNI),Y
EE06,DES02596,GARHPURA (EX BARAUNI),Y
EE06,DES02597,KHODABANDPUR (EX BARAUNI),Y
EE06,DES02598,MANSOORCHAK (EX BARAUNI),Y
EE06,DES02599,MATIHANI (EX BARAUNI),Y
EE06,DES02600,NAVKOTHI (EX BARAUNI),Y
EE06,DES02601,SAHEBPUR KAMAL (EX BARAUNI),Y
EE06,DES02602,SHAMO AKHA KURHA (EX BARAUNI),Y
EE06,DES02603,TEGHRA (EX BARAUNI),Y
EE06,DES02604,BARAHIYA (EX BARAUNI),Y
EE06,DES02605,KHAGARIA (EX BARAUNI),Y
EE06,DES02606,ALOULI (EX BARAUNI),Y
EE06,DES02607,BELDOUR (EX BARAUNI),Y
EE06,DES02608,CHOUTHAM (EX BARAUNI),Y
EE06,DES02609,GOGRI (EX BARAUNI),Y
EE06,DES02610,PARBATTA(EX BARAUNI),Y
EE06,DES02611,SAMASTIPUR(BARAUNI),Y
EE06,DES02612,TAJPUR (BARAUNI),Y
EE06,DES02613,BARAUNI RLY YARD DUMP,Y
EE06,DES02614,ALOULI (EX- BGSRI),Y
EE06,DES02615,BELDOUR (EX-BGSRI),Y
EE06,DES02616,CHOUTHAM (EX - BGSRI),Y
EE06,DES02617,GOGRI (EX- BGSRI),Y
EE06,DES02618,PARBATTA (EX- BGSRI),Y
EE06,DES02619,BARAHIYA (EX- BGSRI),Y
EE06,DES02620,BAKSAMA,Y
EE06,DES02621,BAKTHIYARPUR,Y
EE06,DES02622,CHAKOSAN,Y
EE06,DES02623,CHERAKALA,Y
EE06,DES02624,FATUWA,Y
EE06,DES02625,HAJIPUR,Y
EE06,DES02626,KANHAULI,Y
EE06,DES02627,MOKAMA (EX- BGSRI),Y
EE06,DES02628,SHAHPUR,Y
EE06,DES02629,SILOA,Y
EE06,DES02630,KHAGARIA,Y
EE06,DES02631,ALAULI,Y
EE06,DES02632,BELDAUR,Y
EE06,DES02633,CHAUTHAM,Y
EE06,DES02634,RAATAN,Y
EE06,DES02635,MARAIA BAZAR,Y
EE06,DES02636,GOGRI,Y
EE06,DES02637,SHOBHANI,Y
EE06,DES02638,MANSI,Y
EE06,DES02639,PARBATTA,Y
EE06,DES02640,KULHARIA,Y
EE06,DES02641,BACHCHWARA,Y
EE06,DES02642,BAKHRI,Y
EE06,DES02643,BALIA(BGS),Y
EE06,DES02644,BARAUNI,Y
EE06,DES02645,BEGUSARAI,Y
EE06,DES02646,HASANPUR,Y
EE06,DES02647,BIBHUTIPUR,Y
EE06,DES02648,BHAGWANPUR (BGS),Y
EE06,DES02649,BIRPUR,Y
EE06,DES02650,CHERIA BARIYARPUR,Y
EE06,DES02651,CHHAURAHI,Y
EE06,DES02652,DANDARI,Y
EE06,DES02653,GARHPURA,Y
EE06,DES02654,KHODABANDPUR,Y
EE06,DES02655,MANSOORCHAK,Y
EE06,DES02656,MATIHANI,Y
EE06,DES02657,NAWKOTHI,Y
EE06,DES02658,SAHEBPUR KAMAL,Y
EE06,DES02659,KURHA,Y
EE06,DES02660,TEGHRA,Y
EE06,DES02661,BACHWARA (EX-BGSRI),Y
EE06,DES02662,BAKHRI (EX-BGSRI),Y
EE06,DES02663,BALIA (EX- BGSRI),Y
EE06,DES02664,BARAUNI (EX- BGSRI),Y
EE06,DES02665,BEGUSARAI DUMP,Y
EE06,DES02666,BHAGWANPUR (EX- BGSRI),Y
EE06,DES02667,BIRPUR (EX- BGSRI),Y
EE06,DES02668,CHERIA (EX- BGSRI),Y
EE06,DES02669,CHHAURAHI (EX- BGSRI),Y
EE06,DES02670,DANDARI (EX- BGSRI),Y
EE06,DES02671,GARHPURA (EX- BGSRI),Y
EE06,DES02672,KHAGARIA (EX- BGSRI),Y
EE06,DES02673,KHODABANDPUR (EX- BGSRI),Y
EE06,DES02674,MANSOORCHAK (EX- BGSRI),Y
EE06,DES02675,MATIHANI (EX- BGSRI),Y
EE06,DES02676,NAVKOTHI (EX- BGSRI),Y
EE06,DES02677,SAHEBPUR KAMAL (EX- BGSRI),Y
EE06,DES02678,SHAMO AKHA KURHA (EX- BGSRI),Y
EE06,DES02679,TEGHRA (EX- BGSRI),Y
EE06,DES02680,BARAHIA,Y
EE06,DES02681,CHANAN,Y
EE06,DES02682,MANANPUR,Y
EE06,DES02683,HALSI,Y
EE06,DES02684,LAKHISARAI,Y
EE06,DES02685,PIPARIA,Y
EE06,DES02686,RAMGARH,Y
EE06,DES02687,SURYAGARHA,Y
EE06,DES02688,SAMASTIPUR,Y
EE06,DES02689,TAJPUR,Y
EE04,DES02690,JAGDISHPUR,Y
EE04,DES02691,NAUGACHIA,Y
EE04,DES02692,BANKA,Y
EE04,DES02693,BHAGALPUR,Y
EE04,DES02694,BIHPUR BAZAR,Y
EE04,DES02695,GOPALPUR,Y
EE04,DES02696,GORADIH,Y
EE04,DES02697,ISHMAILPUR,Y
EE04,DES02698,KAHALGAON,Y
EE04,DES02699,KHARIK,Y
EE04,DES02700,NARAYANPUR (BHR),Y
EE04,DES02701,NATHNAGAR,Y
EE04,DES02702,PIRPAINTY,Y
EE04,DES02703,RANGRA CHOWK,Y
EE04,DES02704,SABOUR,Y
EE04,DES02705,SANHOULA,Y
EE04,DES02706,SHAHKUND,Y
EE04,DES02707,SULTANGANJ,N
EE04,DES02708,ADAMPUR(EX BHAGALPUR),Y
EE04,DES02709,AMARPUR(EX BHAGALPUR),Y
EE04,DES02710,BADI KHANJARPUR(EX BHAGALPUR),Y
EE04,DES02711,BAHADURPUR(EX BHAGALPUR),Y
EE04,DES02712,BHAGALPUR DUMP,Y
EE04,DES02713,BANKA(EX BHAGALPUR),Y
EE04,DES02714,BAUNSI(EX BHAGALPUR),Y
EE04,DES02715,BHAGALPUR LOCAL(EX BHAGALPUR),Y
EE04,DES02716,BHIKHANPUR(EX BHAGALPUR),Y
EE04,DES02717,BIHPUR(EX BHAGALPUR),Y
EE04,DES02718,BUDHU CHAK(EX BHAGALPUR),Y
EE04,DES02719,CHAMPANAGAR(EX BHAGALPUR),Y
EE04,DES02720,DPS SABAUR(EX BHAGALPUR),Y
EE04,DES02721,DR R P ROAD(EX BHAGALPUR),Y
EE04,DES02722,B N COLLEGE ROAD(EX BHAGALPUR),Y
EE04,DES02723,ENGLISH MORE(EX BHAGALPUR),Y
EE04,DES02724,GHOGHA(EX BHAGALPUR),Y
EE04,DES02725,GOLDARPATTI(EX BHAGALPUR),Y
EE04,DES02726,GORHATTA CHOWK(EX BHAGALPUR),Y
EE04,DES02727,HOSPITAL ROAD(EX BHAGALPUR),Y
EE04,DES02728,JAIL ROAD(EX BHAGALPUR),Y
EE04,DES02729,JHANDA CHOWK(EX BHAGALPUR),Y
EE04,DES02730,JHIRWA(EX BHAGALPUR),Y
EE04,DES02731,JOKSAR(EX BHAGALPUR),Y
EE04,DES02732,KAHALGAON(EX BHAGALPUR),Y
EE04,DES02733,KATORIYA ROAD(EX BHAGALPUR),Y
EE04,DES02734,KATCHARI ROAD(EX BHAGALPUR),Y
EE04,DES02735,KURSELA(EX BHAGALPUR),Y
EE04,DES02736,MANDROJA(EX BHAGALPUR),Y
EE04,DES02737,MASAKCHAK(EX BHAGALPUR),Y
EE04,DES02738,MIRJAN CHOWK(EX BHAGALPUR),Y
EE04,DES02739,MIRJANHATT(EX BHAGALPUR),Y
EE04,DES02740,NARAYANPUR(EX BHAGALPUR),Y
EE04,DES02741,NAUGACHIYA(EX BHAGALPUR),Y
EE04,DES02742,NOORPUR(EX BHAGALPUR),Y
EE04,DES02743,NTPC ROAD(EX BHAGALPUR),Y
EE04,DES02744,PACHGACHIYA(EX BHAGALPUR),Y
EE04,DES02745,PARBATTI(EX BHAGALPUR),Y
EE04,DES02746,PIRPAINTI(EX BHAGALPUR),Y
EE04,DES02747,RAJAUN(EX BHAGALPUR),Y
EE04,DES02748,RAJENDRA PRASAD ROAD(EX BHAGALPUR),Y
EE04,DES02749,S M SCHOOL(EX BHAGALPUR),Y
EE04,DES02750,SAJAUR(EX BHAGALPUR),Y
EE04,DES02751,SABAUR(EX BHAGALPUR),Y
EE04,DES02752,SAHUPARWATTA(EX BHAGALPUR),Y
EE04,DES02753,SANOKHAR(EX BHAGALPUR),Y
EE04,DES02754,SIMARIYA(EX BHAGALPUR),Y
EE04,DES02755,SULTANGANJ(EX BHAGALPUR),Y
EE04,DES02756,TATARPUR(EX BHAGALPUR),Y
EE04,DES02757,ZERO MILE BARRIER(EX BHAGALPUR),N
EE04,DES02758,PURAINI(EX BHAGALPUR),Y
EE04,DES02759,JAGDISHPUR (EX BHAGALPUR),Y
EE04,DES02760,GOPALPUR (EX BHAGALPUR),Y
EE04,DES02761,GORADIH (EX BHAGALPUR),Y
EE04,DES02762,ISHMAILPUR (EX BHAGALPUR),Y
EE04,DES02763,KHARIK (EX BHAGALPUR),Y
EE04,DES02764,RANGRA CHOWK (EX BHAGALPUR),Y
EE04,DES02765,SANHOULA (EX BHAGALPUR),Y
EE04,DES02766,SHAHKUND (EX BHAGALPUR),Y
EE04,DES02767,PUNSIA (EX BHAGALPUR),Y
EE04,DES02768,DHORAIYA (EX BHAGALPUR),Y
EE04,DES02769,VIJAYHAT (EX BHAGALPUR),Y
EE04,DES02770,KHESAR (EX BHAGALPUR),Y
EE04,DES02771,SHAMBHUGANJ (EX BHAGALPUR),Y
EE04,DES02772,PHULLIDOMAR (EX BHAGALPUR),Y
EE04,DES02773,DUDHARI (EX BHAGALPUR),Y
EW07,DES02774,AMARUT (G T ROAD) (EX GAYA),Y
EW07,DES02775,AMAS (G T ROAD) (EX GAYA),Y
EW07,DES02776,ARWAL (EX GAYA),Y
EW07,DES02777,ATRI (EX GAYA),Y
EW07,DES02778,BAIDRABAD (EX GAYA),Y
EW07,DES02779,BANDHUGANJ (EX GAYA),Y
EW07,DES02780,BANKEY-BAZAR (EX GAYA),Y
EW07,DES02781,BARACHATTI (G T ROAD) (EX GAYA),Y
EW07,DES02782,BARTARA (EX GAYA),Y
EW07,DES02783,BATHANI (EX GAYA),Y
EW07,DES02784,BELAGANJ (EX GAYA),Y
EW07,DES02785,BISUNGANJ (EX GAYA),Y
EW07,DES02786,BODH-GAYA (EX GAYA),Y
EW07,DES02787,BUDHGERE (EX GAYA),Y
EW07,DES02788,CHAKAND (EX GAYA),Y
EW07,DES02789,CHERKI (G T ROAD) (EX GAYA),Y
EW07,DES02790,CHIRAILY (EX GAYA),Y
EW07,DES02791,DHIBAR (EX GAYA),Y
EW07,DES02792,DOBHI (G T ROAD) (EX GAYA),Y
EW07,DES02793,DUMARIYA (G T ROAD) (EX GAYA),Y
EW07,DES02794,DUMRICHATTI (EX GAYA),Y
EW07,DES02795,FATEHPUR (EX GAYA),Y
DS05,DES02795,FATEHPUR (EX GAYA),Y
EW07,DES02796,GAYA DUMP,Y
EW07,DES02797,GAYA TOWN (EX GAYA),Y
EW07,DES02798,GHOSI (EX GAYA),Y
EW07,DES02799,GOH (EX GAYA),Y
EW07,DES02800,GOPALPUR (G T ROAD) (EX GAYA),Y
EW07,DES02801,GOPI MORE (EX GAYA),Y
EW07,DES02802,GURARU (G T ROAD) (EX GAYA),Y
EW07,DES02803,GURPA (EX GAYA),Y
EW07,DES02804,GURUA (G T ROAD) (EX GAYA),Y
EW07,DES02805,HISUA (EX GAYA),Y
EW07,DES02806,HULLASGANJ (EX GAYA),Y
EW07,DES02807,IMAMGANJ (EX GAYA),Y
EW07,DES02808,IMAMGANJ (G T ROAD) (EX GAYA),Y
EW07,DES02809,ISLAMPUR (EX GAYA),Y
EW07,DES02810,ITWAN (G T ROAD) (EX GAYA),N
EW07,DES02811,JAMHETA (EX GAYA),Y
EW07,DES02812,JAMUAAWAN (EX GAYA),Y
EW07,DES02813,JEHANABAD (EX GAYA),Y
EW07,DES02814,KAKO (EX GAYA),Y
EW07,DES02815,KARIYADPUR (EX GAYA),Y
EW07,DES02816,KARMAUNI ( G T ROAD) (EX GAYA),Y
EW07,DES02817,KARPI (EX GAYA),Y
EW07,DES02818,KHANJAHAPUR (EX GAYA),Y
EW07,DES02819,"KHARKHURA, (EX GAYA)",N
EW07,DES02820,KHIZERSARAI (EX GAYA),Y
EW07,DES02821,KHUDAGANJ (EX GAYA),Y
EW07,DES02822,KINZER (EX GAYA),Y
EW07,DES02823,KONCH (EX GAYA),Y
EW07,DES02824,KURTHA (EX GAYA),Y
EW07,DES02825,MAIGRA (G T ROAD) (EX GAYA),Y
EW07,DES02826,MAKHDUMPUR (EX GAYA),Y
EW07,DES02827,MANJHWAY (EX GAYA),Y
EW07,DES02828,MANPUR (EX GAYA),Y
EW07,DES02829,MASOURHI (EX GAYA),Y
EW07,DES02830,MATHURAPUR (G T ROAD) (EX GAYA),Y
EW07,DES02831,MAU (EX GAYA),Y
EW07,DES02832,MEHANDIYA (EX GAYA),Y
EW07,DES02833,MODANGANJ (EX GAYA),Y
EW07,DES02834,MOHANPUR (G T ROAD) (EX GAYA),Y
EW07,DES02835,NADAUL (EX GAYA),Y
EW07,DES02836,NAI BAZAR (EX GAYA),Y
EW07,DES02837,NARDIGANJ(EX GAYA),N
EW07,DES02838,NARHAT (EX-GAYA),Y
EW07,DES02839,NAWABGANJ (EX GAYA),Y
EW07,DES02840,OKRI (EX GAYA),Y
EW07,DES02841,PADMAUL (EX- GAYA),Y
EW07,DES02842,PAHARPUR (EX GAYA),Y
EW07,DES02843,PAI BIGHA (EX GAYA),Y
EW07,DES02844,PANCHANPUR (EX GAYA),Y
EW07,DES02845,PAVERI MORE (EX GAYA),Y
EW07,DES02846,PUNAWA (EX GAYA),Y
EW07,DES02847,RAFIGUNJ (EX GAYA),Y
EW07,DES02848,RANIGANJ (G T ROAD) (EX GAYA),N
EW07,DES02849,SAGAHI (G T ROAD) (EX GAYA),N
EW07,DES02850,SAHADEO KHAP (EX GAYA),Y
EW07,DES02851,SAKURABAD (EX GAYA),Y
EW07,DES02852,SARBAHDA (EX GAYA),Y
EW07,DES02853,SEWTAR (EX GAYA),Y
EW07,DES02854,SHARMA BAZAR (G T ROAD) (EX GAYA),Y
EW07,DES02855,SHERGHATI (G T ROAD) (EX GAYA),N
EW07,DES02856,SOBH (G T ROAD) (EX GAYA),Y
EW07,DES02857,SRI GAON (EX GAYA),Y
EW07,DES02858,TANKUPPA (EX GAYA),Y
EW07,DES02859,TARMA (EX GAYA),Y
EW07,DES02860,TEHTA (EX GAYA),Y
EW07,DES02861,TEKARI (EX GAYA),Y
EW07,DES02862,TEUSA (EX GAYA),Y
EW07,DES02863,WAZIRGANJ (EX GAYA),Y
EE02,DES02864,AMADABAD(SALMARI) (EX KATIHAR),Y
EE02,DES02865,AMOUR (EX KATIHAR),Y
EE02,DES02866,AZAMNAGAR (EX KATIHAR),Y
EE02,DES02867,BAISA (EX KATIHAR),Y
EE02,DES02868,BAISI (EX KATIHAR),Y
EE02,DES02869,BALRAMPUR (EX KATIHAR),Y
EE02,DES02870,BANMANKHI (EX KATIHAR),Y
EE02,DES02871,BARARI (EX KATIHAR),Y
EE02,DES02872,BARHARAKOTHI (EX KATIHAR),Y
EE02,DES02873,BARSOI (EX KATIHAR),Y
EE02,DES02874,BHAWANIPUR (EX KATIHAR),Y
EE02,DES02875,DAGARUA (EX KATIHAR),Y
EE02,DES02876,DANGKHORA (EX KATIHAR),Y
EE02,DES02877,DHAMDAHA (EX KATIHAR),Y
EE02,DES02878,FALKA (EX KATIHAR),Y
EE02,DES02879,HASANGANJ (EX KATIHAR),Y
EE02,DES02880,JALALGARH (EX KATIHAR),Y
EE02,DES02881,K NAGAR ( EX KATIHAR),Y
EE02,DES02882,KASBA (EX KATIHAR),Y
EE02,DES02883,KATIHAR DUMP,Y
EE02,DES02884,KORHA (EX KATIHAR),Y
EE02,DES02885,KURSELA (EX KATIHAR),Y
EE02,DES02886,LAVA (EX-KATIHAR),Y
EE02,DES02887,MANIHARI (EX KATIHAR),Y
EE02,DES02888,MANSAHI (EX KATIHAR),Y
EE02,DES02889,POTHIYA (EX-KATIHAR),Y
EE02,DES02890,PURNEA (EX KATIHAR),Y
EE02,DES02891,ROSANA (PRANPUR ) (EX KATIHAR),Y
EE02,DES02892,RUPOULI (EX KATIHAR),Y
EE02,DES02893,SALMARI (EX-KATIHAR),Y
EE02,DES02894,SAMELI (EX KATIHAR),Y
EE02,DES02895,SONAILY (KADWA) (EX KATIHAR),Y
EE02,DES02896,SRINAGAR (EX KATIHAR),Y
EE01,DES02897,AMOUR (EX-KISHANGANJ),Y
EE01,DES02898,ARARIA (EX-KISHANGANJ),Y
EE01,DES02899,BAHADURGANJ (EX-KISHANGANJ),Y
EE01,DES02900,BAISI (EX-KISHANGANJ),Y
EE01,DES02901,BARBATTA (EX-KISHANGANJ),Y
EE01,DES02902,BARIZAN (EX-KISHANGANJ),Y
EE01,DES02903,BATHNAHA (EX-KISHANGANJ),Y
EE01,DES02904,CHATTARGACHCH (EX-KISHANGANJ),Y
EE01,DES02905,DAGARUA (EX-KISHANGANJ),Y
EE01,DES02906,DAMALBARI (EX-KISHANGANJ),Y
EE01,DES02907,DIGHAL BANK (EX-KISHANGANJ),Y
EE01,DES02908,FORBESGANJ (EX-KISHANGANJ),Y
EE01,DES02909,GALGALIA(KNE) (EX-KISHANGANJ),Y
EE01,DES02910,JOGBANI (EX-KISHANGANJ),Y
EE01,DES02911,JOKI (EX-KISHANGANJ),Y
EE01,DES02912,KALIAGANJ(KNE) (EX-KISHANGANJ),Y
EE01,DES02913,KISHANGANJ DUMP,Y
EE01,DES02914,KOCHADHAMAN (EX KISHANGANJ),Y
EE01,DES02915,KURSAKANTA (EX-KISHANGANJ),Y
EE01,DES02916,LOHAGARA (EX-KISHANGANJ),Y
EE01,DES02917,MAJHGAWAN (EX-KISHANGANJ),Y
EE01,DES02918,PALASI (EX-KISHANGANJ),Y
EE01,DES02919,POTHIA (EX KISHANGANJ),Y
EE01,DES02920,POWAKHALI (EX-KISHANGANJ),Y
EE01,DES02921,PURNEA (EX-KISHANGANJ),Y
EE01,DES02922,RANIGANJ (KNE) (EX-KISHANGANJ),Y
EE01,DES02923,TERHAGACHH (EX KISHANGANJ),Y
EE01,DES02924,THAKURGANJ (EX KISHANGANJ),Y
EE01,DES02925,THAKURGANJ,Y
EE01,DES02926,KISHANGANJ,Y
EE01,DES02927,POTHIA,Y
EE01,DES02928,CHATTARGACHCH,Y
EE01,DES02929,DAMALBARI,Y
EE01,DES02930,BELWA,Y
EE01,DES02931,BAHADURGANJ,Y
EE01,DES02932,JOKI,Y
EE01,DES02933,BARBATTA,Y
EE01,DES02934,KOCHADHAMAN,Y
EE01,DES02935,MAJHGAWAN,Y
EE01,DES02936,GALGALIA(KNE),Y
EE01,DES02937,ALTA,Y
EE01,DES02938,BARIZAN,Y
EE01,DES02939,LOHAGARA,Y
EE01,DES02940,POWAKHALI,Y
EE01,DES02941,DIGHALBANK,Y
EE01,DES02942,ARARIA,Y
EE01,DES02943,FORBESGANJ,Y
EE01,DES02944,JOGBANI,Y
EE01,DES02945,RANIGANJ (KNE),Y
EE01,DES02946,BATHNAHA,Y
EE01,DES02947,KALIAGANJ(KNE),Y
EE01,DES02948,KURSAKANTA,Y
EE01,DES02949,PALASI,Y
EE05,DES02950,BARHIYA( EX LAKHISARAI),N
EE05,DES02951,MANANPUR(EX LAKHISARAI),Y
EE05,DES02952,HALSI(EX LAKHISARAI),Y
EE05,DES02953,RAMGHADH(EX LAKHISARAI),Y
EE05,DES02954,SURJGARHA(EX LAKHISARAI),Y
EE05,DES02955,ABHAYPUR(EX LAKHISARAI),Y
EE05,DES02956,KAJRA(EX LAKHISARAI),Y
EE05,DES02957,TATARHAT(EX LAKHISARAI),Y
EE05,DES02958,MEDNICHOKI(EX LAKHISARAI),Y
EE05,DES02959,LAKHISARAI LOCAL,Y
EE05,DES02960,LAKHISARAI DUMP,Y
EE05,DES02961,BARHAT(EX LAKHISARAI),Y
EE05,DES02962,CHAKAT(EX LAKHISARAI),Y
EE05,DES02963,GIDHUR(EX LAKHISARAI),Y
EE05,DES02964,ALIGANG(EX LAKHISARAI),Y
EE05,DES02965,JHAJHA(EX LAKHISARAI),Y
EE05,DES02966,LAXMIPUR(EX LAKHISARAI),Y
EE05,DES02967,SIKANDRA(EX LAKHISARAI),Y
EE05,DES02968,SONE(EX LAKHISARAI),Y
EE05,DES02969,ALIGANJ(EX LAKHISARAI),Y
EE05,DES02970,RATANPURA(EX LAKHISARAI),Y
EE05,DES02971,KHARAGPUR (EX LAKHISARAI),Y
EE05,DES02972,ASARGANJ(EX LAKHISARAI),Y
EE05,DES02973,BARIYARPUR(EX LAKHISARAI),Y
EE05,DES02974,DHARAHARA(EX LAKHISARAI),Y
EE05,DES02975,HAVELI KHARAGPUR(EX LAKHISARAI),Y
EE05,DES02976,JAMALPUR(EX LAKHISARAI),Y
EE05,DES02977,SADAR MUNGER(EX LAKHISARAI),Y
EE05,DES02978,SANGRAMPUR(EX LAKHISARAI),Y
EE05,DES02979,TARAPUR(EX LAKHISARAI),Y
EE05,DES02980,TETIYABABER (EX LAKHISARAI),Y
EE05,DES02981,NAWGHARHI(EX LAKHISARAI),Y
EE05,DES02982,MOKAMA(EX LAKHISARAI),Y
EW01,DES02983,AURAHI (EX-MZFR),Y
EW01,DES02984,BAHERI (DARBHANGA),N
EW01,DES02985,BANDRA (EX-MZFR),Y
EW01,DES02986,BARURAJ (EX-MZFR),Y
EW01,DES02987,BOCHAHA (EX-MFZR),Y
EW01,DES02988,DHOLI (EX -MZFR),Y
EW01,DES02989,DILWARPUR,N
EW01,DES02990,GHAYGHAT (EX-MZFR),Y
EW01,DES02991,KANTI (EX - MFZR),Y
EW01,DES02992,KAPLESHWARASTHAN (DARBHANGA),N
EW01,DES02993,KATRA (EX-MZFR),Y
EW01,DES02994,KURANHI (EX-MFZR),Y
EW01,DES02995,MARWAN (EX-MZFR),Y
EW01,DES02996,MINAPUR (EX-MZFR),Y
EW01,DES02997,MUSAHARI (EX- MZFR),Y
EW01,DES02998,MUZAFFURPUR DUMP,Y
EW01,DES02999,PAROO (EX-MZFR),Y
EW01,DES03000,SAHEBJUNG (EX-MZFR),Y
EW01,DES03001,SAKRA (EX-MZFR),Y
EW01,DES03002,SARIYA (EX-MZFR),Y
EW01,DES03003,BAIRGANIYA (EX-MZFR),Y
EW01,DES03004,BAJPATTI (EX-MZFR),Y
EW01,DES03005,BATNAHA (EX-MZFR),Y
EW01,DES03006,BELSAND (EX-MZFR),Y
EW01,DES03007,BOKHRA (EX-MZFR),Y
EW01,DES03008,CHOROTH (EX-MZFR),Y
EW01,DES03009,DUMRA (EX-MZFR),Y
EW01,DES03010,MAJORGUNG (EX-MZFR),Y
EW01,DES03011,NANPUR (EX-MZFR),Y
EW01,DES03012,PARIHAR (EX-MZFR),Y
EW01,DES03013,PARSAUNI (EX-MZFR),Y
EW01,DES03014,PUPRI (EX-MZFR),Y
EW01,DES03015,RIGA (EX-MZFR),Y
EW01,DES03016,RUNNI SAIDPUR (EX-MZFR),Y
EW01,DES03017,SITAMARHI (EX-MZFR),Y
EW01,DES03018,SONBARSHA (EX-MZFR),Y
EW01,DES03019,SUPPI (EX-MZFR),Y
EW01,DES03020,SURSAND (EX-MZFR),Y
EE04,DES03021,ADAMPUR (EX NAUGACHIA),Y
EE04,DES03022,AMARPUR (EX NAUGACHIA),Y
EE04,DES03023,BADI KHANJARPUR (EX NAUGACHIA),Y
EE04,DES03024,BAHADURPUR (EX NAUGACHIA),Y
EE04,DES03025,BANKA (EX NAUGACHIA),Y
EE04,DES03026,BAUNSI (EX NAUGACHIA),Y
EE04,DES03027,BHAGALPUR LOCAL (EX NAUGACHIA),Y
EE04,DES03028,BHIKHAMPUR (EX NAUGACHIA),Y
EE04,DES03029,BIHPUR (EX NAUGACHIA),Y
EE04,DES03030,BUDHU CHAK (EX NAUGACHIA),Y
EE04,DES03031,CHAMPANAGAR (EX NAUGACHIA),Y
EE04,DES03032,DHAMDAHA (EX NAUGACHIA),Y
EE04,DES03033,DPS SABAUR (EX NAUGACHIA),Y
EE04,DES03034,DR R P ROAD (EX NAUGACHIA),Y
EE04,DES03035,B N COLLEGE ROAD (EX NAUGACHIA),Y
EE04,DES03036,ENGLISH MORE (EX NAUGACHIA),N
EE04,DES03037,GHOGHA (EX NAUGACHIA),Y
EE04,DES03038,GOLDARPATTI (EX NAUGACHIA),Y
EE04,DES03039,GORHATTA CHOWK (EX NAUGACHIA),Y
EE04,DES03040,HOSPITAL ROAD (EX NAUGACHIA),Y
EE04,DES03041,JAIL ROAD (EX NAUGACHIA),Y
EE04,DES03042,JHANDA CHOWK (EX NAUGACHIA),Y
EE04,DES03043,JHIRWA (EX NAUGACHIA),Y
EE04,DES03044,JOKSAR (EX NAUGACHIA),Y
EE04,DES03045,KAHALGAON (EX NAUGACHIA),Y
EE04,DES03046,KATORIYA ROAD (EX NAUGACHIA),Y
EE04,DES03047,KATCHARI ROAD (EX NAUGACHIA),Y
EE04,DES03048,KURSELA (EX NAUGACHIA),Y
EE04,DES03049,MANDROJA (EX NAUGACHIA),Y
EE04,DES03050,MASAKCHAK (EX NAUGACHIA),Y
EE04,DES03051,MIRJAN CHOWK (EX NAUGACHIA),Y
EE04,DES03052,MIRJANHATT (EX NAUGACHIA),Y
EE04,DES03053,NARAYANPUR (EX NAUGACHIA),Y
EE04,DES03054,NAUGACHIYA(EX NAUGACHIA),Y
EE04,DES03055,NAUGACHIYA DUMP,Y
EE04,DES03056,NOORPUR (EX NAUGACHIA),Y
EE04,DES03057,NTPC ROAD (EX NAUGACHIA),Y
EE04,DES03058,PACHGACHIYA (EX NAUGACHIA),Y
EE04,DES03059,PARBATTI (EX NAUGACHIA),Y
EE04,DES03060,PIRPAINTI (EX NAUGACHIA),Y
EE04,DES03061,RAJAUN (EX NAUGACHIA),Y
EE04,DES03062,RAJENDRA PRASAD ROAD (EX NAUGACHIA),Y
EE04,DES03063,S M SCHOOL (EX NAUGACHIA),Y
EE04,DES03064,SAJAUR (EX NAUGACHIA),Y
EE04,DES03065,GOPALPUR (EX-NAUGACHIA),Y
EE04,DES03066,ISHMAILPUR (EX-NAUGACHIA),Y
EE04,DES03067,JAGDISHPUR (EX-NAUGACHIA),Y
EE04,DES03068,KHARIK (EX-NAUGACHIA),Y
EE04,DES03069,NATHNAGAR (EX-NAUGACHIA),Y
EE04,DES03070,PURAINI (EX-NAUGACHIA),Y
EE04,DES03071,RANGRA CHOWK (EX-NAUGACHIA),Y
EE04,DES03072,SAHUPARWATTA (EX-NAUGACHIA),Y
EE04,DES03073,SANHOULA (EX-NAUGACHIA),Y
EE04,DES03074,SHAHKUND (EX-NAUGACHIA),Y
EE04,DES03075,SAMBHUGANJ (EX-NAUGACHIA),Y
EE04,DES03076,ASHARGANJ (EX-NAUGACHIA),Y
EE04,DES03077,PUNSIA (EX-NAUGACHIA),Y
EE04,DES03078,DHORAIYA (EX-NAUGACHIA),Y
EE04,DES03079,VIJAYHAT (EX-NAUGACHIA),Y
EE04,DES03080,KHESAR (EX-NAUGACHIA),Y
EE04,DES03081,PHULLIDOMAR (EX-NAUGACHIA),Y
EE04,DES03082,DUDHARI (EX-NAUGACHIA),Y
EE04,DES03083,SABAUR (EX NAUGACHIA),Y
EE04,DES03084,SAHUPARWATTA (EX NAUGACHIA),Y
EE04,DES03085,SANOKHAR (EX NAUGACHIA),Y
EE04,DES03086,SIMARIYA (EX NAUGACHIA),Y
EE04,DES03087,SULTANGANJ (EX NAUGACHIA),Y
EE04,DES03088,TATARPUR (EX NAUGACHIA),Y
EE04,DES03089,ZERO MILE BARRIER (EX NAUGACHIA),Y
EE04,DES03090,GORADIH (EX NAUGACHHIYA),Y
EW05,DES03091,ARRAH (EX-FATUWA),Y
EW05,DES03092,BAKTHIYARPUR (EX-FATUWA),Y
EW05,DES03093,BAKSAMA (EX-FATUWA),Y
EW05,DES03094,BARH (EX-FATUWA),Y
EW05,DES03095,BIHTA (EX- FATUWA),Y
EW05,DES03096,CHAKOSAN (EX-FATUWA),Y
EW05,DES03097,CHEHRAKALA (EX-FATUWA),Y
EW05,DES03098,KURHANI (EX-FATUWA),Y
EW05,DES03099,KANHAULI (EX-FATUWA),Y
EW05,DES03100,FATUWA DUMP,Y
EW05,DES03101,NAUBATPUR (EX-FATUWA),Y
EW05,DES03102,PALIGANJ (EX-FATUWA),Y
EW05,DES03103,PAWAPURI (EX-FATUWA),Y
EW05,DES03104,PUNPUN (EX-FATUWA),Y
EW05,DES03105,SILOA (EX-FATUWA),Y
EW05,DES03106,MANHAR (EX-FATUWA),Y
EW05,DES03107,HAJIPUR (EX-FATUWA),Y
EW05,DES03108,BHAGWANPUR (EX-FATUWA),Y
EW05,DES03109,GADAUL (EX-FATUWA),Y
EW05,DES03110,DAULATPUR (EX-FATUWA),Y
EW05,DES03111,PATNA (EX-FATUWA),Y
EW05,DES03112,PATNA SADAR (EX-FATUWA),Y
EW05,DES03113,SIPARA (EX-FATUWA),Y
EW05,DES03114,ATHMALGOLA (EX-FATUWA),Y
EW05,DES03115,EKANGARSARAI (EX-FATUWA),Y
EW05,DES03116,BIHARSARIF (EX-FATUWA),Y
EW05,DES03117,ISLAMPUR (EX-FATUWA),Y
EW05,DES03118,HARNAUT (EX-FATUWA),Y
EW05,DES03119,HULASGANJ (EX-FATUWA),Y
EW05,DES03120,VAISHALI(EX FATUWA),Y
EW05,DES03121,JAGDEO MAHATO PATH(EX-FATUA),Y
EW05,DES03122,GOLA ROAD(EX-FATUA),Y
EW05,DES03123,SAGUNA MORE(EX-FATUA),Y
EW05,DES03124,DANAPUR CANTT(EX-FATUA),Y
EW05,DES03125,DIGHA(EX-FATUA),Y
EW05,DES03126,NAUBATPUR(EX-FATUA),Y
EW05,DES03127,PALI(EX-FATUA),Y
EW05,DES03128,PHULWARISARIF(EX-FATUA),Y
EW05,DES03129,ANISHABAD(EX-FATUA),Y
EW05,DES03130,DULHIN BAZAR(EX-FATUA),Y
EW05,DES03131,MANER(EX-FATUA),Y
EW05,DES03132,KURTHAUL(EX-FATUA),Y
EW05,DES03133,PARSA(EX-FATUA),Y
EW05,DES03134,KURJI(EX-FATUA),Y
EW05,DES03135,MASAURHI(EX-FATUA),N
EW05,DES03136,BAKHTIYARPUR,Y
EW05,DES03137,BARH,Y
EW05,DES03138,PATNA CITY,Y
EW05,DES03139,SAMPATCHAK,Y
EW05,DES03140,GAURICHAK,Y
EW05,DES03141,MASAURHI,Y
EW05,DES03142,HILSA,Y
EW05,DES03143,PABERI MORE,Y
EW05,DES03144,DANIYAWAN,Y
EW05,DES03145,PANDARAK,Y
EW05,DES03146,FATUHA,Y
EW05,DES03147,KACHCHI DARGAH,Y
EW05,DES03148,RAGHOPUR,Y
EW05,DES03149,DIGHA,Y
EW05,DES03150,DANAPUR,Y
EW05,DES03151,SAGUNA MORE,Y
EW05,DES03152,SHERPUR,Y
EW05,DES03153,MANER,Y
EW05,DES03154,BIHTA,Y
EW05,DES03155,BIKRAM,Y
EW05,DES03156,DULHIN BAZAR,Y
EW05,DES03157,PALIGANJ,Y
EW05,DES03158,NAUBATPUR,Y
EW05,DES03159,LAKH,Y
EW05,DES03160,PHULWARISHARIF,Y
EW05,DES03161,BEUR MORE,Y
EW05,DES03162,PUNPUN,Y
EW05,DES03163,SIPARA,Y
EW05,DES03164,KHEMNICHAK,Y
EE03,DES03165,SAHARSA,Y
EE03,DES03166,SIMRI BAKHTIYARPUR,Y
EE03,DES03167,SONBARSA RAJ,Y
EE03,DES03168,SAUR BAZAR,Y
EE03,DES03169,SALKHUWA/KHOPARIA,Y
EE03,DES03170,PATARGHAT,Y
EE03,DES03171,PACHGACHIA,Y
EE03,DES03172,NAUHATTA,Y
EE03,DES03173,MADHEPURA,Y
EE03,DES03174,SINGHESHWAR,Y
EE03,DES03175,GAMHARIA,Y
EE03,DES03176,MURLIGANJ,Y
EE03,DES03177,GWALPARA,Y
EE03,DES03178,UDAKISHUNGANJ,Y
EE03,DES03179,BIHARIGANJ,Y
EE03,DES03180,ALAMNAGAR,Y
EE03,DES03181,PURAINI,Y
EE03,DES03182,CHAUSA,Y
EE03,DES03183,KUMARKHAND,Y
EE03,DES03184,SUPAUL,Y
EE03,DES03185,PIPRA,N
EE03,DES03186,TRIVENIGANJ,Y
EE03,DES03187,CHATAPUR,Y
EE03,DES03188,KISHANPUR,Y
EE03,DES03189,SARAIGARH,Y
EE03,DES03190,NIRMALI,Y
EE03,DES03191,BASANTPUR,Y
EE03,DES03192,BHIMNAGAR,Y
EE03,DES03193,SIMRAHI,Y
EE03,DES03194,PRATAPGANJ,Y
EE03,DES03195,ALAMNAGAR EX SAHARSHA,N
EE03,DES03196,BANMA ITAHARI EX SAHARSHA,Y
EE03,DES03197,BASANTPUR ANCHAL EX SAHARSHA,Y
EE03,DES03198,BASANTPUR(EX SAHARSA),Y
EE03,DES03199,BIHARIGANJ EX SAHARSHA,Y
EE03,DES03200,BIHARIGANJ(EX SAHARSA),N
EE03,DES03201,CHHATAPUR EX SAHARSHA,Y
EE03,DES03202,CHOUSA EX SAHARSHA,Y
EE03,DES03203,GAMHARIYA EX SAHARSHA,Y
EE03,DES03204,GHELARDH EX SAHARSHA,Y
EE03,DES03205,GWALPARA EX SAHARSHA,Y
EE03,DES03206,KAHRA - EX SAHARSHA,Y
EE03,DES03207,KISHANPUR EX SAHARSHA,Y
EE03,DES03208,KUMARKHAND EX SAHARSHA,Y
EE03,DES03209,MADHEPURA/TOWN(EX SAHARSA),Y
EE03,DES03210,MAHISHI EX SAHARSHA,Y
EE03,DES03211,MARAUNA EX SAHARSHA,Y
EE03,DES03212,MURLIGANJ EX SAHARSHA,Y
EE03,DES03213,NAUHATTA EX SAHARSHA,Y
EE03,DES03214,NIRMALI EX SAHARSHA,N
EE03,DES03215,PACHGACHIA(EX SAHARSA),Y
EE03,DES03216,PATARGHAT EX SAHARSHA,Y
EE03,DES03217,PIPRA EX SAHARSHA,Y
EE03,DES03218,PRATAPGANJ EX SAHARSHA,Y
EE03,DES03219,PURANI EX SAHARSHA,Y
EE03,DES03220,RAGHOPUR EX SAHARSHA,N
EE03,DES03221,SAHARSA DUMP,Y
EE03,DES03222,SALKHUA/KHOPARIA(EX SAHARSA),Y
EE03,DES03223,SARAIGARH(EX SAHARSA),Y
EE03,DES03224,SATTAR KATAIYA EX SAHARSHA,Y
EE03,DES03225,SAURBAZAR(EX SAHARSA),Y
EE03,DES03226,SHANKARPUR EX SAHARSHA,Y
EE03,DES03227,SIMRI BAKHTIARPUR EX SAHARSHA,Y
EE03,DES03228,SIMRIBAKTIYARPUR(EX SAHARSA),Y
EE03,DES03229,SINGHESWAR EX SAHARSHA,Y
EE03,DES03230,SONBARSA EX SAHARSHA,Y
EE03,DES03231,SONBARSA RAJ(EX SAHARSA),Y
EE03,DES03232,SOURBAZAR EX SAHARSHA,Y
EE03,DES03233,SUPAUL/TOWN(EX SAHARSA),Y
EE03,DES03234,TRIVENGANJ EX SAHARSHA,N
EE03,DES03235,TRIVENIGANJ(EX SAHARSA),Y
EE03,DES03236,UDAKISHUNGANJ EX SAHARSHA,N
EW06,DES03237,HAJIPUR(EX SARAI),Y
EW06,DES03238,MAHUWA(EX SARAI),Y
EW06,DES03239,SAHPUR KHURD(EX SARAI),Y
EW06,DES03240,BAKSAWAN(EX SARAI),Y
EW06,DES03241,CHERA KALAN(EX SARAI),Y
EW06,DES03242,CHIKNAUTA(EX SARAI),Y
EW06,DES03243,BAHUWARA(EX SARAI),Y
EW06,DES03244,GAWAICH(EX SARAI),Y
EW06,DES03245,HARPUR(EX SARAI),Y
EW06,DES03246,MANSURPUR(EX SARAI),Y
EW06,DES03247,PEERAPUR(EX SARAI),Y
EW06,DES03248,GOARAIA(EX SARAI),Y
EW06,DES03249,ANDARIGACHCHI(EX SARAI),Y
EW06,DES03250,MALAND(EX SARAI),Y
EW06,DES03251,JARAN(EX SARAI),Y
EW06,DES03252,BELSAR(EX SARAI),Y
EW06,DES03253,BALIACHOWK(EX SARAI),Y
EW06,DES03254,GARAUL(EX SARAI),Y
EW06,DES03255,SUMERGANJ(EX SARAI),Y
EW06,DES03256,PATEPUR(EX SARAI),Y
EW06,DES03257,HAROULI(EX SARAI),Y
EW06,DES03258,SARAI DUMP,Y
EW06,DES03259,BHAGWANPUR(EX SARAI),Y
EW06,DES03260,KANHAULI(EX SARAI),Y
EW06,DES03261,LALGANJ(EX SARAI),Y
EW06,DES03262,VAISHALI(EX SARAI),Y
EW06,DES03263,GHATARO(EX SARAI),Y
EW06,DES03264,MAHNAR(EX SARAI),Y
EW06,DES03265,DHAMAUL(EX SARAI),Y
EW06,DES03266,CHAKOSAN(EX SARAI),Y
EW06,DES03267,BIDUPUR(EX SARAI),Y
EW06,DES03268,TESRI(EX SARAI),Y
EW06,DES03269,JANDAHA(EX SARAI),Y
EW06,DES03270,CHAK SIKANDAR(EX SARAI),Y
EW06,DES03271,KURNHI(EX SARAI),Y
EW08,DES03272,AKBARPUR (EX WARS),Y
EW08,DES03273,ALIGANJ (EX WARS),Y
EW08,DES03274,AMARUT (EX WARS),Y
EW08,DES03275,AMERIKA BIGHA (EX WARS),Y
EW08,DES03276,ANELA  (EX WARS),Y
EW08,DES03277,ASTHAWAN (EX WARS),Y
EW08,DES03278,ATRI(EX-WARS),N
EW08,DES03279,BADRAJJI (EX WARS),Y
EW08,DES03280,BAGI BARDIHA (EX WARS),Y
EW08,DES03281,BAKSAUTI (EX WARS),Y
EW08,DES03282,BARACHATTI (EX WARS),Y
EW08,DES03283,BARBIGHA (EX WARS),Y
EW08,DES03284,BARDAHA (EX WARS),Y
EW08,DES03285,BAREB (EX WARS),Y
EW08,DES03286,BATHANI (EX WARS),Y
EW08,DES03287,BIHARSARIF (EX WARS),Y
EW08,DES03288,BIND (EX WARS),Y
EW08,DES03289,BODH-GAYA (EX WARS),Y
EW08,DES03290,CHANDI (EX WARS),Y
EW08,DES03291,CHANDRADEEP (EX WARS),Y
EW08,DES03292,CHEWADA (EX WARS),Y
EW08,DES03293,CHHOTI SEIKHPURA (EX WARS),Y
EW08,DES03294,CHIRAILY(EX-WARS,N
EW08,DES03295,DEEPNAGAR (EX WARS),Y
EW08,DES03296,DHAMOULI (EX WARS),Y
EW08,DES03297,DHIBAR (EX WARS),Y
EW08,DES03298,DUMRICHATTI (EX WARS),Y
EW08,DES03299,EKANGER SARAI (EX WARS),Y
EW08,DES03300,FATEHPUR MORE (EX WARS),Y
EW08,DES03301,FATEHPUR(EX WRS),N
EW08,DES03302,GAYA TOWN (EX WARS),Y
EW08,DES03303,GHOSI(EX WRS),N
EW08,DES03304,GIRIYAK (EX WARS),Y
EW08,DES03305,GOBINDPUR (EX WARS),Y
EW08,DES03306,GOPI MORE (EX WARS),Y
EW08,DES03307,GURARU (EX WARS),Y
EW08,DES03308,HALSI (EX WARS),Y
EW08,DES03309,HARNAUT (EX WARS),Y
EW08,DES03310,HILSA (EX WARS),Y
EW08,DES03311,HISUA (EX WARS),Y
EW08,DES03312,HULASGANJ (EX WARS),Y
EW08,DES03313,HUSSAINA (EX WARS),Y
EW08,DES03314,JAMHETA (EX WARS),Y
EW08,DES03315,JEHANABAD(EX-WARS),N
EW08,DES03316,KADIRGANJ (EX WARS),Y
EW08,DES03317,KAJISARAI (EX WARS),Y
EW08,DES03318,KARIYADPUR(EX WRS),N
EW08,DES03319,KASHICHAK (EX WARS),Y
EW08,DES03320,KATRISARAI (EX WARS),Y
EW08,DES03321,KAWAKOL (EX WARS),Y
EW08,DES03322,KHIZERSARAI EX WARS,N
EW08,DES03323,LAUND (EX WARS),Y
EW08,DES03324,MADHOPUR (EX WARS),Y
EW08,DES03325,MANJHWEY (EX WARS),N
EW08,DES03326,MANPUR (EX WARS),Y
EW08,DES03327,MINA BAZAR (EX WRS),Y
EW08,DES03328,NAGARNAUSA (EX WARS),Y
EW08,DES03329,NALANDA (EX WARS),Y
EW08,DES03330,NARDIGANJ (EX WARS),Y
EW08,DES03331,NARHAT (EX WARS),Y
EW08,DES03332,NAWADA (EX WARS),Y
EW08,DES03333,NEMDARGANJ (EX WARS),Y
EW08,DES03334,NISCHALGANJ (EX WARS),Y
EW08,DES03335,NOORSARAI (EX WARS),Y
EW08,DES03336,PADMAUL (EX WARS),Y
EW08,DES03337,PAKRIBARAWAN (EX WARS),Y
EW08,DES03338,PARWALPUR (EX WARS),Y
EW08,DES03339,PAWAPURI (EX WARS),Y
EW08,DES03340,PUNAWA (EX WARS),Y
EW08,DES03341,RAHUI (EX WARS),Y
EW08,DES03342,RAJAULI (EX WARS),Y
EW08,DES03343,RAJGIR (EX WARS),Y
EW08,DES03344,RANI BAZAR(EX WARS),Y
EW08,DES03345,ROH (EX WARS),Y
EW08,DES03346,RUPOH (EX WARS),Y
EW08,DES03347,SAHOBIGHA (EX WARS),Y
EW08,DES03348,SARBAHDA (EX WRS),Y
EW08,DES03349,SARMERA (EX WARS),Y
EW08,DES03350,SATHOPUR (EX WARS),Y
EW08,DES03351,SEIKHPURA (EX WARS),Y
EW08,DES03352,SEKHOPUR BAZAAR (EX WARS),N
EW08,DES03353,SIKANDARA (EX WARS),Y
EW08,DES03354,SILAO (EX WARISALIGANJ),Y
EW08,DES03355,SIRDALLA (EX WARS),N
EW08,DES03356,TARMA (EX WRS),Y
EW08,DES03357,TEHTA (EX WARS),Y
EW08,DES03358,TELHARA (EX WARS),Y
EW08,DES03359,TEUSA(EX WRS),N
EW08,DES03360,THAALI (EX WARS),Y
EW08,DES03361,THEKAI (EX WARS),Y
EW08,DES03362,TUNGI (EX WARS),Y
EW08,DES03363,WARSALIGANJ  DUMP,N
EW08,DES03364,WARSALIGANJ TOWN (EX WARS),Y
EW08,DES03365,WAZIRGUNJ (EX WARS),Y
EW08,DES03366,WENA (EX WARS),Y
EW02,DES03367,ALINAGAR (EX DARBHANGA),N
EW02,DES03368,ASHAPUR (EX DARBHANGA),N
EW02,DES03369,AUNSI (EX DARBHANGA),N
EW02,DES03370,BANGHAT (EX DARBHANGA),N
EW02,DES03371,BAHEDA (EX DARBHANGA),N
EW02,DES03372,BAHEDA BAGHAUNI (EX DARBHANGA),N
EW02,DES03373,BAJITPUR (EX DARBHANGA),N
EW02,DES03374,BALNI BAHEDA (EX DARBHANGA),N
EW02,DES03375,BANDA (EX DARBHANGA),N
EW02,DES03376,BARDEPUR (EX DARBHANGA),N
EW02,DES03377,BASUDEOPUR BYPASS (EX DARBHANGA),N
EW02,DES03378,BAZAR SAMITI (EX DARBHANGA),N
EW02,DES03379,CHUNABHATTI BELA (EX DARBHANGA),N
EW02,DES03380,BENIPUR (EX DARBHANGA),N
EW02,DES03381,BELA POHADDI (EX DARBHANGA),N
EW02,DES03382,BISHANPUR (EX DARBHANGA),N
EW02,DES03383,BISFI (EX DARBHANGA),N
EW02,DES03384,BITHAULI SHANKAR LOHAR (EX DARBHANGA),N
EW02,DES03385,BRAHMPUR (MANICACHI) (EX DARBHANGA),N
EW02,DES03386,DARBHANGA (EX DARBHANGA),N
EW02,DES03387,DEKULIDHAM (EX DARBHANGA),N
EW02,DES03388,DEVHAR (EX DARBHANGA),N
EW02,DES03389,DHAJWA (EX DARBHANGA),N
EW02,DES03390,DHOIGHAT (EX DARBHANGA),N
EW02,DES03391,FARDAHA/SHIVRAM (EX DARBHANGA),N
EW02,DES03392,GANAULI (EX DARBHANGA),N
EW02,DES03393,GORAUL (EX DARBHANGA),N
EW02,DES03394,GAUSAGHAT (EX DARBHANGA),N
EW02,DES03395,GHANSHYAMPUR (EX DARBHANGA),N
EW02,DES03396,HAABI BUHAR (EX DARBHANGA),N
EW02,DES03397,HARIPUR CHOWK (EX DARBHANGA),N
EW02,DES03398,HAIRPUR (EX DARBHANGA),N
EW02,DES03399,HARNE (EX DARBHANGA),N
EW02,DES03400,ITWA SHIVNAGAR (EX DARBHANGA),N
EW02,DES03401,JAYANTIPUR (EX DARBHANGA),N
EW02,DES03402,KAIDRABAD (EX DARBHANGA),N
EW02,DES03403,KAITHWAR (EX DARBHANGA),N
EW02,DES03404,KAYEETOLA (EX DARBHANGA),N
EW02,DES03405,KAKORHA (EX DARBHANGA),N
EW02,DES03406,KANTHUDEEH (EX DARBHANGA),N
EW02,DES03407,KAMTAUL (EX DARBHANGA),N
EW02,DES03408,KASRAUR (EX DARBHANGA),N
EW02,DES03409,KHAJEDEEH (EX DARBHANGA),N
EW02,DES03410,KOYLASTHAN (EX DARBHANGA),N
EW02,DES03411,KURSON (EX DARBHANGA),N
EW02,DES03412,KUSHESHWAR ASTHAN (EX DARBHANGA),N
EW02,DES03413,LAGMA RASIYAARI (EX DARBHANGA),N
EW02,DES03414,LAGMA UJJAN (EX DARBHANGA),N
EW02,DES03415,"LAHERIASARAI, PANDASARAI (EX DARBHANGA)",N
EW02,DES03416,MACHHAITA DASAUT (EX DARBHANGA),N
EW02,DES03417,MADHOPATTI (EX DARBHANGA),N
EW02,DES03418,MAHINAAM POHADDI (EX DARBHANGA),N
EW02,DES03419,MAHTHAUR CHOWK (EX DARBHANGA),N
EW02,DES03420,MANIGACHHI (EX DARBHANGA),N
EW02,DES03421,MAJHAURA NAWADA (EX DARBHANGA),N
EW02,DES03422,MILKI/PAKRI (EX DARBHANGA),N
EW02,DES03423,MURHIA (EX DARBHANGA),N
EW02,DES03424,NADIYAAMI (EX DARBHANGA),N
EW02,DES03425,NARAYANPUR (EX DARBHANGA),N
EW02,DES03426,"NAVWEDGA, BAHERI (EX DARBHANGA)",N
EW02,DES03427,"NAVTOL, SUPAUL (EX DARBHANGA)",N
EW02,DES03428,NIMAITHI (EX DARBHANGA),N
EW02,DES03429,NEHRA (EX DARBHANGA),N
EW02,DES03430,NAZRAMAHAMDA (EX DARBHANGA),N
EW02,DES03431,PAALI (EX DARBHANGA),N
EW02,DES03432,HABIDEEH (EX DARBHANGA),N
EW02,DES03433,FARDAHA (EX DARBHANGA),N
EW02,DES03434,FEKLA (EX DARBHANGA),N
EW02,DES03435,POKHRAAM (EX DARBHANGA),N
EW02,DES03436,"PUNHAD,NAVTOL (EX DARBHANGA)",N
EW02,DES03437,RAGHOPUR (EX DARBHANGA),N
EW02,DES03438,RAMAULI (EX DARBHANGA),N
EW02,DES03439,RASIYAARI (EX DARBHANGA),N
EW02,DES03440,SAHOPARRI (EX DARBHANGA),N
EW02,DES03441,SAKATPUR (EX DARBHANGA),N
EW02,DES03442,"SANAHPUR,BRAHMPUR (EX DARBHANGA)",N
EW02,DES03443,SATTIGHAT (EX DARBHANGA),N
EW02,DES03444,SHIVNAGAR (KAMTAUL) (EX DARBHANGA),N
EW02,DES03445,SHIVDHARA (EX DARBHANGA),N
EW02,DES03446,SHIVNAGARGHAT (EX DARBHANGA),N
EW02,DES03447,SHIVRAM (EX DARBHANGA),N
EW02,DES03448,"SIMRI, KANSI (EX DARBHANGA)",N
EW02,DES03449,"SIMRI, BHOJPARAUL (EX DARBHANGA)",N
EW02,DES03450,SIGHWARA (EX DARBHANGA),N
EW02,DES03451,SONKI (EX DARBHANGA),N
EW02,DES03452,SUPAUL (EX DARBHANGA),N
EW02,DES03453,SURHACHATTI (EX DARBHANGA),N
EW02,DES03454,TARSARAI (EX DARBHANGA),N
EW02,DES03455,TECTAR (EX DARBHANGA),N
EW02,DES03456,UCHCHAIT ASTHAN (EX DARBHANGA),N
EW02,DES03457,UGHARA (EX DARBHANGA),N
EW02,DES03458,UJAAN (EX DARBHANGA),N
EW02,DES03459,SAKHWAR (MANIGACHHI) (EX DARBHANGA),N
EW02,DES03460,TETUAAR (EX DARBHANGA),N
EW02,DES03461,EKMIGHAT-DARBHANGA (EX DARBHANGA),N
EW02,DES03462,ANDHRATHADHI (EX DARBHANGA),N
EW02,DES03463,ARARIA (EX DARBHANGA),N
EW02,DES03464,ARER (EX DARBHANGA),N
EW02,DES03465,ANDHRA MATHH (EX DARBHANGA),N
EW02,DES03466,BABUBARHI (EX DARBHANGA),N
EW02,DES03467,BASAITHA (EX DARBHANGA),N
EW02,DES03468,BASOPATTI (EX DARBHANGA),N
EW02,DES03469,BELAUCHA (EX DARBHANGA),N
EW02,DES03470,BENIPATTI (EX DARBHANGA),N
EW02,DES03471,BERCHOWK (EX DARBHANGA),N
EW02,DES03472,BHAGWANPUR (EX DARBHANGA),N
EW02,DES03473,BHAGWATIPUR (EX DARBHANGA),N
EW02,DES03474,BHAIRAV ASTHAN (EX DARBHANGA),N
EW02,DES03475,BHEJA (EX DARBHANGA),N
EW02,DES03476,BHOOPATTI (EX DARBHANGA),N
EW02,DES03477,VIDESHWAR ASTHAN (EX DARBHANGA),N
EW02,DES03478,BISHAULI (EX DARBHANGA),N
EW02,DES03479,BRAHMPUR PHOOLPARAS) (EX DARBHANGA),N
EW02,DES03480,BAIRAMPUR (EX DARBHANGA),N
EW02,DES03481,CHHATVAN (EX DARBHANGA),N
EW02,DES03482,CHUNAURAGANJ (EX DARBHANGA),N
EW02,DES03483,DHAKJHARI (EX DARBHANGA),N
EW02,DES03484,DOOMBH (EX DARBHANGA),N
EW02,DES03485,DULLAPATTI (EX DARBHANGA),N
EW02,DES03486,EKDARA (EX DARBHANGA),N
EW02,DES03487,EKHATHHA (EX DARBHANGA),N
EW02,DES03488,GHANGHAUR (EX DARBHANGA),N
EW02,DES03489,GOGHARDEEHA (EX DARBHANGA),N
EW02,DES03490,HAJIPUR KHEERMA (EX DARBHANGA),N
EW02,DES03491,HARLAAKHI (EX DARBHANGA),N
EW02,DES03492,JAINAGAR (EX DARBHANGA),N
EW02,DES03493,JHANJHARPUR (EX DARBHANGA),N
EW02,DES03494,KAKRAUL (EX DARBHANGA),N
EW02,DES03495,KALUAHI (EX DARBHANGA),N
EW02,DES03496,KARMAULI (EX DARBHANGA),N
EW02,DES03497,KEOTI (EX DARBHANGA),N
EW02,DES03498,KHAJAULI (EX DARBHANGA),N
EW02,DES03499,KHOPA (EX DARBHANGA),N
EW02,DES03500,KHUTAUNA (EX DARBHANGA),N
EW02,DES03501,KISHNIPATTI PARSA CHOWK(EX DARBHANGA),N
EW02,DES03502,KISHNIPATTI ZERO MILE (EX DARBHANGA),N
EW02,DES03503,KUNHAULI BORDER (EX DARBHANGA),N
EW02,DES03504,LADANIA (EX DARBHANGA),N
EW02,DES03505,LAKHNAUR (EX DARBHANGA),N
EW02,DES03506,LAUKAHI (EX DARBHANGA),N
EW02,DES03507,LOHA KAPSIYA (EX DARBHANGA),N
EW02,DES03508,LOHATMEEL (EX DARBHANGA),N
EW02,DES03509,LAUFA (EX DARBHANGA),N
EW02,DES03510,LAUKAHA (EX DARBHANGA),N
EW02,DES03511,MADHEPUR (EX DARBHANGA),N
EW02,DES03512,MADHUBANI (EX DARBHANGA),N
EW02,DES03513,MADHWAPUR (EX DARBHANGA),N
EW02,DES03514,MAHADEV MATH (EX DARBHANGA),N
EW02,DES03515,MAHINATHPUR (EX DARBHANGA),N
EW02,DES03516,MAHRAIL (EX DARBHANGA),N
EW02,DES03517,MANMOHAN (EX DARBHANGA),N
EW02,DES03518,NARAUR (EX DARBHANGA),N
EW02,DES03519,NARUAAR (EX DARBHANGA),N
EW02,DES03520,NARAAR (EX DARBHANGA),N
EW02,DES03521,PADMA (EX DARBHANGA),N
EW02,DES03522,PAIGAMBARPUR (EX DARBHANGA),N
EW02,DES03523,PAITHGHAT (EX DARBHANGA),N
EW02,DES03524,PANDAUL (EX DARBHANGA),N
EW02,DES03525,PARSAAHI (EX DARBHANGA),N
EW02,DES03526,PHULHARA (EX DARBHANGA),N
EW02,DES03527,PHULKANHI (EX DARBHANGA),N
EW02,DES03528,PHULPARAS (EX DARBHANGA),N
EW02,DES03529,"PHUTANI CHOWK,JHANJHARPUR (EX DARBHANGA)",N
EW02,DES03530,PIRHI (EX DARBHANGA),N
EW02,DES03531,RAHIKA (EX DARBHANGA),N
EW02,DES03532,RAHUVA CHOWK (EX DARBHANGA),N
EW02,DES03533,RAJNAGAR (EX DARBHANGA),N
EW02,DES03534,RAMPATTI (EX DARBHANGA),N
EW02,DES03535,RAIYYAM (EX DARBHANGA),N
EW02,DES03536,RUPAULI (EX DARBHANGA),N
EW02,DES03537,SAHARGHAT (EX DARBHANGA),N
EW02,DES03538,SAKRI (EX DARBHANGA),N
EW02,DES03539,SARSOPAAHI (EX DARBHANGA),N
EW02,DES03540,"SGAPATTI,PHULPARAS (EX DARBHANGA)",N
EW02,DES03541,SISWAAR (EX DARBHANGA),N
EW02,DES03542,TUMURIA (EX DARBHANGA),N
EW02,DES03543,TENUAVAHI (EX DARBHANGA),N
EW02,DES03544,UMGAON (EX DARBHANGA),N
EW02,DES03545,UTARA (EX DARBHANGA),N
EW02,DES03546,YADUPATTI (EX DARBHANGA),N
EW02,DES03547,RAGHEPUR (ARER) (EX DARBHANGA),N
EW02,DES03548,KASMAMDAR (EX DARBHANGA),N
EW02,DES03549,NIRMALLI (EX DARBHANGA),N
EW05,DES03550,BIHTA EX DANAPUR,Y
EW05,DES03551,BIKRAM EX DANAPUR,Y
EW05,DES03552,DANAPUR EX DANAPUR,Y
EW05,DES03553,NEORA EX DANAPUR,Y
EW05,DES03554,USARI EX DANAPUR,Y
EW05,DES03555,SHAHPUR EX DANAPUR,Y
EW05,DES03556,KHAGAUL  EX DANAPUR,Y
EW05,DES03557,SAGUNA MORE EX DANAPUR,Y
EW05,DES03558,GOLA ROAD EX DANAPUR,Y
EW05,DES03559,DIGHA EX DANAPUR,Y
EW05,DES03560,DULHIN BAZAR EX DANAPUR,Y
EW05,DES03561,MANER EX DANAPUR,Y
EW05,DES03562,SHERPUR EX DANAPUR,Y
EW05,DES03563,NAUBATPUR EX DANAPUR,Y
EW05,DES03564,PALIGANJ EX DANAPUR,Y
EW05,DES03565,PHULWARI EX DANAPUR,Y
EW05,DES03566,JANIPUR EX DANAPUR,Y
EW05,DES03567,ARRAH EX DANAPUR,Y
EW05,DES03568,KOILWAR EX DANAPUR,Y
EW05,DES03569,JAMALPUR EX DANAPUR,Y
EW05,DES03570,PATNA EX DANAPUR,Y
EW04,DES03571,CHANCHAURA EX CHAPRA,N
EW04,DES03572,KHAIRA EX CHAPRA,N
EW04,DES03573,PATHRA EX CHAPRA,N
EW04,DES03574,KHODHIBAGH EX CHAPRA,N
EW04,DES03575,CHAPRA DUMP,N
EW04,DES03576,MADHORA EX CHAPRA,N
EW04,DES03577,AMNOUR EX CHAPRA,N
EW04,DES03578,REVILGANJ EX CHAPRA,N
EW04,DES03579,MANJHI EX CHAPRA,N
EW04,DES03580,NARPALIYA EX CHAPRA,N
EW04,DES03581,SHITALPUR BARAIJA EX CHAPRA,N
EW04,DES03582,TAJPUR EX CHAPRA,N
EW04,DES03583,BANYAPUR EX CHAPRA,N
EW04,DES03584,SHIMARIYA EX CHAPRA,N
EW04,DES03585,VISHUNPURA EX CHAPRA,N
EW04,DES03586,DORIGANJ EX CHAPRA,N
EW04,DES03587,MUSHAPUR EX CHAPRA,N
EW04,DES03588,DHANOURA EX CHAPRA,N
EW04,DES03589,AMI EX CHAPRA,N
EW04,DES03590,DIGHWARA EX CHAPRA,N
EW04,DES03591,KHANPUR EX CHAPRA,N
EW04,DES03592,SHITALPUR EX CHAPRA,N
EW04,DES03593,NAYAGOAN EX CHAPRA,N
EW04,DES03594,BELA EX CHAPRA,N
EW04,DES03595,POUCHI PARSA EX CHAPRA,N
EW04,DES03596,DHARIYAPUR EX CHAPRA,N
EW04,DES03597,MAKER EX CHAPRA,N
EW04,DES03598,REVAGHAT EX CHAPRA,N
EW04,DES03599,CHINTABANGANJ EX CHAPRA,N
EW04,DES03600,BASANT EX CHAPRA,N
EW04,DES03601,GARKHA EX CHAPRA,N
EW04,DES03602,MURAPULL EX CHAPRA,N
EW04,DES03603,MATIHAN CHOWK EX CHAPRA,N
EW04,DES03604,KHADANA EX CHAPRA,N
EW04,DES03605,RASULPUR EX CHAPRA,N
EW04,DES03606,EKMA EX CHAPRA,N
EW04,DES03607,PARASAGAD EX CHAPRA,N
EW04,DES03608,KOPA EX CHAPRA,N
EW04,DES03609,DHAUDPUR EX CHAPRA,N
EW04,DES03610,KOHRA BAZAR EX CHAPRA,N
EW04,DES03611,TARAYYA EX CHAPRA,N
EW04,DES03612,PANAPUR EX CHAPRA,N
EW04,DES03613,SHATJODA EX CHAPRA,N
EW04,DES03614,PACHRAUL EX CHAPRA,N
EW04,DES03615,KAMATA BAZAR EX CHAPRA,N
EW04,DES03616,DHOWAL EX CHAPRA,N
EW04,DES03617,SHAHAJEETPUR EX CHAPRA,N
EW04,DES03618,BHAGWANPUR EX CHAPRA,N
EW04,DES03619,HARPUR EX CHAPRA,N
EW04,DES03620,SONEPUR EX CHAPRA,N
EW04,DES03621,KESHRI BAZAR EX CHAPRA,N
EW04,DES03622,JANTA BAZAR EX CHAPRA,N
EW04,DES03623,LAHLADPUR EX CHAPRA,N
EW04,DES03624,MASHRAKH EX CHAPRA,N
EE07,DES03625,ALAULI EX KHAGARIA,Y
EE07,DES03626,BANDHERA EX KHAGARIA,Y
EE07,DES03627,BELA EX KHAGARIA,Y
EE07,DES03628,BELDAUR EX KHAGARIA,Y
EE07,DES03629,BHADAS EX KHAGARIA,Y
EE07,DES03630,BISHANPUR EX KHAGARIA,Y
EE07,DES03631,CHAUTHAM EX KHAGARIA,Y
EE07,DES03632,ELAS EX KHAGARIA,Y
EE07,DES03633,GOCHHARI EX KHAGARIA,Y
EE07,DES03634,GOGRI EX KHAGARIA,Y
EE07,DES03635,HARIPUR EX KHAGARIA,Y
EE07,DES03636,JALKORA EX KHAGARIA,Y
EE07,DES03637,JAMALPUR EX KHAGARIA,Y
EE07,DES03638,KHAGARIA LOCAL EX KHAGARIA,Y
EE07,DES03639,KULHARIA EX KHAGARIA,Y
EE07,DES03640,KURHA  EX KHAGARIA,Y
EE07,DES03641,MAHESHKHUT EX KHAGARIA,Y
EE07,DES03642,MANSI EX KHAGARIA,Y
EE07,DES03643,MARAIA EX KHAGARIA,Y
EE07,DES03644,MARAR EX KHAGARIA,Y
EE07,DES03645,PANCHBIR EX KHAGARIA,Y
EE07,DES03646,PARBATTA EX KHAGARIA,Y
EE07,DES03647,PASRAHA EX KHAGARIA,Y
EE07,DES03648,PIPRA EX KHAGARIA,Y
EE07,DES03649,SHOBHANI EX KHAGARIA,Y
EE08,DES03650,ANGAR GHAT (EX SAMASTIPUR),Y
EE08,DES03651,BAGOPUR BALHA (EX SAMASTIPUR),Y
EE08,DES03652,BAHUARA (EX SAMASTIPUR),Y
EE08,DES03653,BAIRAMPUR (EX SAMASTIPUR),Y
EE08,DES03654,BALLIPUR (EX SAMASTIPUR),Y
EE08,DES03655,BANDA (EX SAMASTIPUR),Y
EE08,DES03656,BANGRA (EX SAMASTIPUR),Y
EE08,DES03657,BARIATA (EX SAMASTIPUR),Y
EE08,DES03658,BASARIA CHOWK (EX SAMASTIPUR),Y
EE08,DES03659,BELA (EX SAMASTIPUR),Y
EE08,DES03660,BELARI (EX SAMASTIPUR),Y
EE08,DES03661,BELSANDI (EX SAMASTIPUR),Y
EE08,DES03662,BELSANDI TARA (EX SAMASTIPUR),Y
EE08,DES03663,BERA CHOWK (EX SAMASTIPUR),Y
EE08,DES03664,BHAGWATPUR (EX SAMASTIPUR),Y
EE08,DES03665,BHATTI CHOWK (EX SAMASTIPUR),Y
EE08,DES03666,BHIRHA (EX SAMASTIPUR),Y
EE08,DES03667,BHUSKAUL CHOWK (EX SAMASTIPUR),Y
EE08,DES03668,BIBHUTIPUR (EX SAMASTIPUR),Y
EE08,DES03669,BIDYAPATINAGAR (EX SAMASTIPUR),Y
EE08,DES03670,BIKRAMPUR BANDE (EX SAMASTIPUR),Y
EE08,DES03671,BIRAULI (EX SAMASTIPUR),Y
EE08,DES03672,BIRSINGPUR (EX SAMASTIPUR),Y
EE08,DES03673,BISHANPUR (EX SAMASTIPUR),Y
EE08,DES03674,BITHAN (EX SAMASTIPUR),Y
EE08,DES03675,CHAITA (EX SAMASTIPUR),Y
EE08,DES03676,CHAK LALSI (EX SAMASTIPUR),Y
EE08,DES03677,CHAK MAISI (EX SAMASTIPUR),Y
EE08,DES03678,CHAK SAHO (EX SAMASTIPUR),Y
EE08,DES03679,CHAK VALLY (EX SAMASTIPUR),Y
EE08,DES03680,CHAKBAKHAR (EX SAMASTIPUR),Y
EE08,DES03681,CHIKNAUTA (EX SAMASTIPUR),Y
EE08,DES03682,DALSINGSARAI (EX SAMASTIPUR),Y
EE08,DES03683,DHOLI (EX SAMASTIPUR),Y
EE08,DES03684,DIHULI (EX SAMASTIPUR),Y
EE08,DES03685,DUBAHA (EX SAMASTIPUR),Y
EE08,DES03686,DUDHPURA (EX SAMASTIPUR),Y
EE08,DES03687,GANGAPUR (EX SAMASTIPUR),Y
EE08,DES03688,GANGAPUR NH (EX SAMASTIPUR),Y
EE08,DES03689,GAWPUR (EX SAMASTIPUR),Y
EE08,DES03690,GUDAR GHAT (EX SAMASTIPUR),Y
EE08,DES03691,HARPUR ALAUTH (EX SAMASTIPUR),Y
EE08,DES03692,HASANPUR (EX SAMASTIPUR),Y
EE08,DES03693,HATHAURI KOTHI (EX SAMASTIPUR),Y
EE08,DES03694,ILMAS NAGAR (EX SAMASTIPUR),Y
EE08,DES03695,JATAMALPUR (EX SAMASTIPUR),Y
EE08,DES03696,JHAKHRA (EX SAMASTIPUR),Y
EE08,DES03697,KALYANPUR (EX SAMASTIPUR),Y
EE08,DES03698,KHAJURI (EX SAMASTIPUR),Y
EE08,DES03699,KHANPUR (EX SAMASTIPUR),Y
EE08,DES03700,KHOKSAHA (EX SAMASTIPUR),Y
EE08,DES03701,KISHANPUR (EX SAMASTIPUR),Y
EE08,DES03702,KOTHIA PATEPUR (EX SAMASTIPUR),Y
EE08,DES03703,KUSHESHWAR STHAN (EX SAMASTIPUR),Y
EE08,DES03704,KUSHIYARI (EX SAMASTIPUR),Y
EE08,DES03705,MADUDABAD (EX SAMASTIPUR),Y
EE08,DES03706,MAHE SINGHIA (EX SAMASTIPUR),Y
EE08,DES03707,MALI NAGAR (EX SAMASTIPUR),Y
EE08,DES03708,MAU BAJAR (EX SAMASTIPUR),Y
EE08,DES03709,MOHADDINAGAR (EX SAMASTIPUR),Y
EE08,DES03710,MORWA (EX SAMASTIPUR),Y
EE08,DES03711,MUKTAPUR (EX SAMASTIPUR),Y
EE08,DES03712,MUSARI GHARARI (EX SAMASTIPUR),Y
EE08,DES03713,MUSTAFAPUR (EX SAMASTIPUR),Y
EE08,DES03714,NAGAR BASTI (EX SAMASTIPUR),Y
EE08,DES03715,NARHAN (EX SAMASTIPUR),Y
EE08,DES03716,NATTHU DWAR (EX SAMASTIPUR),Y
EE08,DES03717,PATAILI (EX SAMASTIPUR),Y
EE08,DES03718,PATORI (EX SAMASTIPUR),Y
EE08,DES03719,PATPARA (EX SAMASTIPUR),Y
EE08,DES03720,PATTHAR GHAT (EX SAMASTIPUR),Y
EE08,DES03721,PHULHARA (EX SAMASTIPUR),Y
EE08,DES03722,PUSA (EX SAMASTIPUR),Y
EE08,DES03723,RAHUA (EX SAMASTIPUR),Y
EE08,DES03724,ROSERA (EX SAMASTIPUR),Y
EE08,DES03725,SAIDPUR (EX SAMASTIPUR),Y
EE08,DES03726,SAMARTHA KALYANPUR (EX SAMASTIPUR),Y
EE08,DES03727,SAMASTIPUR LOCAL (EX SAMASTIPUR),Y
EE08,DES03728,SARAIYA PUL (EX SAMASTIPUR),Y
EE08,DES03729,SARAY RANJAN (EX SAMASTIPUR),Y
EE08,DES03730,SARI (EX SAMASTIPUR),Y
EE08,DES03731,SATANPUR (EX SAMASTIPUR),Y
EE08,DES03732,SATI GHAT (EX SAMASTIPUR),Y
EE08,DES03733,SATMALPUR (EX SAMASTIPUR),Y
EE08,DES03734,SIHMA (EX SAMASTIPUR),Y
EE08,DES03735,SINGHIA GHAT (EX SAMASTIPUR),Y
EE08,DES03736,SOHARWA GHAT (EX SAMASTIPUR),Y
EE08,DES03737,SUZAWALPUR (EX SAMASTIPUR),Y
EE08,DES03738,TAJPUR (EX SAMASTIPUR),Y
EE08,DES03739,TARA CHOWK (EX SAMASTIPUR),Y
EE08,DES03740,UZIYARPUR (EX SAMASTIPUR),Y
EE08,DES03741,WAINI (EX SAMASTIPUR),Y
EE08,DES03742,WARIS NAGAR (EX SAMASTIPUR),Y
EE08,DES03743,WAZIDPUR (EX SAMASTIPUR),Y
EW03,DES03744,ZIRADEI EX SIWAN,Y
EW03,DES03745,BHRTHUI EX SIWAN,Y
EW03,DES03746,JAMAPUR EX SIWAN,Y
EW03,DES03747,SHIVPUR SAKRA EX SIWAN,Y
EW03,DES03748,SHAMPUR EX SIWAN,Y
EW03,DES03749,GOPLAPUR EX SIWAN,Y
EW03,DES03750,AMLORI SARSAR EX SIWAN,Y
EW03,DES03751,SIWAN EX SIWAN,Y
EW03,DES03752,SARAWE EX SIWAN,Y
EW03,DES03753,TITRA EX SIWAN,Y
EW03,DES03754,MAIRWA EX SIWAN,N
EW03,DES03755,NAUTAN EX SIWAN,N
EW03,DES03756,MAIRWA EX SIWAN,N
EW03,DES03757,KANHAULI EX SIWAN,Y
EW03,DES03758,DARAULI EX SIWAN,Y
EW03,DES03759,GUTHNI EX SIWAN,Y
EW03,DES03760,GOPALPUR EX SIWAN,Y
EW03,DES03761,HASANPURA EX SIWAN,Y
EW03,DES03762,HUSSAINGANJ EX SIWAN,Y
EW03,DES03763,TEDHI GATH EX SIWAN,Y
EW03,DES03764,USRI  EX SIWAN,Y
EW03,DES03765,CHAINPUR EX SIWAN,Y
EW03,DES03766,SISWAN EX SIWAN,Y
EW03,DES03767,TARI EX SIWAN,Y
EW03,DES03768,RAGHUNATHPUR EX SIWAN,Y
EW03,DES03769,CHAKRI EX SIWAN,Y
EW03,DES03770,MURARPATTI EX SIWAN,Y
EW03,DES03771,NAUTAN EX SIWAN,N
EW03,DES03772,PATAR EX SIWAN,Y
EW03,DES03773,ANDER EX SIWAN,Y
EW03,DES03774,TIYAY EX SIWAN,Y
EW03,DES03775,ASAW EX SIWAN,Y
EW03,DES03776,PACHRUKHI EX SIWAN,Y
EW03,DES03777,MAHRAJGANJ EX SIWAN,N
EW03,DES03778,DURAUDHA EX SIWAN,Y
EW03,DES03779,MAHRAJGANJ EX SIWAN,N
EW03,DES03780,TAKKIPUR EX SIWAN,Y
EW03,DES03781,AKASHI MOD EX SIWAN,Y
EW03,DES03782,PATEDHA EX SIWAN,Y
EW03,DES03783,MORA EX SIWAN,Y
EW03,DES03784,MAGHARI EX SIWAN,Y
EW03,DES03785,BHAGWANPUR EX SIWAN,Y
EW03,DES03786,BASANTPUR EX SIWAN,Y
EW03,DES03787,MADARPUR EX SIWAN,Y
EW03,DES03788,CHITAULI EX SIWAN,Y
EW03,DES03789,DUMARI EX SIWAN,Y
EW03,DES03790,MUSEHRI EX SIWAN,Y
EW03,DES03791,KHWASHPUR EX SIWAN,Y
EW03,DES03792,SAIDPUR EX SIWAN,Y
EW03,DES03793,LAGDHI EX SIWAN,Y
EW03,DES03794,BARHARIA EX SIWAN,Y
EW03,DES03795,JAMO EX SIWAN,Y
EW03,DES03796,MADHOPUR EX SIWAN,Y
EW03,DES03797,JAGDESHPUR EX SIWAN,Y
EW03,DES03798,GORIAKHOTHI EX SIWAN,Y
EW03,DES03799,TARWARA EX SIWAN,Y
EW03,DES03800,AFRAD EX SIWAN,Y
DS06,DES03801,AGARPARA (EX- COSPR),Y
DS06,DES03802,AIRPORT (EX- COSPR),Y
DS07,DES03803,AMDANGA (EX- COSPR),Y
DS07,DES03804,ASHOKNAGAR (EX- COSPR),Y
DS07,DES03805,AWALSIDDHI (EX- COSPR),Y
DS07,DES03806,BADURIA (EX- COSPR),Y
DS06,DES03807,BAGH BAZAR (EX- COSPR),Y
DS06,DES03808,BAGJOLA (EX- COSPR),Y
DS06,DES03809,BAGUIATI (EX- COSPR),Y
DS06,DES03810,BALLYGUNGE (EX- COSPR),Y
DS07,DES03811,BAMANGACHI (EX- COSPR),Y
DS07,DES03812,BANGAON (EX- COSPR),Y
DS06,DES03813,BANGUR (EX- COSPR),Y
DS06,DES03814,BANTALA (EX- COSPR),Y
DS06,DES03815,BARANAGAR (EX- COSPR),Y
DS07,DES03816,BARRACKPORE (EX- COSPR),Y
DS06,DES03817,BASANTI (EX- COSPR),Y
DS07,DES03818,BASIRHAT (EX- COSPR),Y
DS06,DES03819,BELEGHATA-KOLKATA (EX- COSPR),Y
DS07,DES03820,BELEGHATA-TAKI ROAD (EX- COSP),Y
DS06,DES03821,BELGHARIA (EX- COSPR),Y
DS07,DES03822,BERACHAMPA (EX- COSPR),Y
DS06,DES03823,BHANGAR (EX- COSPR),Y
DS07,DES03824,BIRA (EX- COSPR),Y
DS06,DES03825,BIRATI (EX- COSPR),Y
DS06,DES03826,CHAITALGHAT (EX- COSPR),Y
DS07,DES03827,CHANDPARA (EX- COSPR),Y
DS06,DES03828,CHITPUR (EX- COSPR),Y
DS06,DES03829,COSSIPORE DUMP,Y
DS06,DES03830,COSSIPORE RAIL YARD DUMP,Y
DS07,DES03831,DEGANGA (EX- COSPR),Y
DS06,DES03832,DHANPOTA (EX- COSPR),Y
DS06,DES03833,DUM DUM STATION (EX- COSPR),Y
DS06,DES03834,DUNLOP (EX- COSPR),Y
DS07,DES03835,DUTTAPUKUR (EX- COSPR),Y
DS07,DES03836,GAIGHATA (EX- COSPR),Y
DS06,DES03837,GHATAKPUKUR (EX- COSPR),Y
DS07,DES03838,GOBORDANGA (EX- COSPR),Y
DS07,DES03839,GOLABARI (EX- COSPR),Y
DS07,DES03840,GOPALNAGAR (EX- COSPR),Y
DS07,DES03841,GUMA (EX- COSPR),Y
DS07,DES03842,HABRA (EX- COSPR),Y
DS07,DES03843,HALISAHAR (EX- COSPR),Y
DS07,DES03844,HAROA (EX- COSPR),Y
DS07,DES03845,HINGALGUNJ (EX- COSPR),Y
DS07,DES03846,HASNABAD (EX- COSPR),Y
DS06,DES03847,HOWRAH (EX- COSPR),Y
DS07,DES03848,ICHAPUR (EX- COSPR),Y
DS07,DES03849,KAKINARA (EX- COSPR),Y
DS07,DES03850,KALYANI (EX- COSPR),Y
DS07,DES03851,KANCHRAPARA (EX- COSPR),Y
DS06,DES03852,KANKURGACHI (EX- COSPR),Y
DS07,DES03853,KATIAHAT (EX- COSPR),Y
DS06,DES03854,KHARDAH (EX- COSPR),Y
DS07,DES03855,KHOLAPOTA (EX- COSPR),Y
DS06,DES03856,KOLKATA NO ENTRY (EX- COSPR),Y
DS06,DES03857,KUMARTULLY (EX- COSPR),Y
DS06,DES03858,LAKE TOWN (EX- COSPR),Y
DS06,DES03859,LAUHATI (EX- COSPR),Y
DS06,DES03860,MADHYAMGRAM (EX- COSPR),Y
DS06,DES03861,MALANCHA (EX- COSPR),Y
DS06,DES03862,MANIKTOLLA (EX- COSPR),Y
DS07,DES03863,MASLANDPUR (EX- COSPR),Y
DS07,DES03864,MATIA (EX- COSPR),Y
DS06,DES03865,NAGERBAZAR (EX- COSPR),Y
DS07,DES03866,NAIHATI (EX- COSPR),Y
DS07,DES03867,NAZZAT (EX- COSPR),Y
DS06,DES03868,NIMTA (EX- COSPR),Y
DS06,DES03869,PAKAPOLE (EX- COSPR),Y
DS06,DES03870,PANIHATI (EX- COSPR),Y
DS06,DES03871,POLARHAT (EX- COSPR),Y
DS06,DES03872,POSTA (EX- COSPR),Y
DS06,DES03873,RAJARHAT (EX- COSPR),Y
DS06,DES03874,RAJARHAT NEW TOWN (EX- COSPR),Y
DS06,DES03875,SALT LAKE (EX- COSPR),Y
DS06,DES03876,SHAKSAHARPUKUR (EX- COSPR),Y
DS06,DES03877,SHRIRAMPUR (EX- COSPR),Y
DS06,DES03878,SHYAM BAZAR (EX- COSPR),Y
DS06,DES03879,SONEPUR (EX- COSPR),Y
DS07,DES03880,SWARUPNAGAR (EX- COSPR),Y
DS06,DES03881,TANGRA (EX- COSPR),Y
DS06,DES03882,TEGHARIA (EX- COSPR),Y
DS07,DES03883,TENTULIA (EX- COSPR),Y
DS07,DES03884,THAKURNAGAR (EX- COSPR),Y
DS06,DES03885,TITAGARH (EX- COSPR),Y
DS06,DES03886,TOPSIA (EX- COSPR),Y
DS06,DES03887,ULTADANGA (EX- COSPR),Y
DS07,DES03888,BARASAT (EX- COSPR 1),N
DS08,DES03889,SHYAMNAGAR (EX- COSPR 1),N
DS09,DES03890,SODEPUR (EX- COSPR 1),N
DS07,DES03891,BARASAT (EX- COSPR 2),N
DS07,DES03892,SHYAMNAGAR (EX- COSPR 2),N
DS07,DES03893,SODEPUR (EX- COSPR 2),N
DS06,DES03894,VIP (EX- COSPR),Y
EW07,DES03895,ABAD (EX-SAITHIA),Y
DS01,DES03895,ABAD (EX-SAITHIA),Y
DS01,DES03896,ABDARPUR (EX-SAITHIA),Y
EW07,DES03896,ABDARPUR (EX-SAITHIA),Y
DS01,DES03897,ABDULPUR (EX-SAITHIA),Y
EW07,DES03897,ABDULPUR (EX-SAITHIA),Y
EW07,DES03898,ABHADANGA (EX-SAITHIA),Y
DS01,DES03898,ABHADANGA (EX-SAITHIA),Y
EW07,DES03899,ABHINASHPUR (EX-SAITHIA),Y
DS01,DES03899,ABHINASHPUR (EX-SAITHIA),Y
DS01,DES03900,AHAMEDPUR (EX- SAITHIA),Y
EW07,DES03900,AHAMEDPUR (EX- SAITHIA),Y
DS01,DES03901,AKUPURCHATI (EX-SAITHIA),Y
EW07,DES03901,AKUPURCHATI (EX-SAITHIA),Y
EW07,DES03902,AKHIRA (EX-SAITHIA),Y
DS01,DES03902,AKHIRA (EX-SAITHIA),Y
EW07,DES03903,ALIGARARH (EX-SAITHIA),Y
DS01,DES03903,ALIGARARH (EX-SAITHIA),Y
DS01,DES03904,AMAIPUR (EX-SAITHIA),Y
EW07,DES03904,AMAIPUR (EX-SAITHIA),Y
DS01,DES03905,AMUDDYA (EX-SAITHIA),Y
EW07,DES03905,AMUDDYA (EX-SAITHIA),Y
EW07,DES03906,ANGARGORIA (EX-SAITHIA),Y
DS01,DES03906,ANGARGORIA (EX-SAITHIA),Y
EW07,DES03907,ATKULA (EX-SAITHIA),Y
DS01,DES03907,ATKULA (EX-SAITHIA),Y
DS01,DES03908,B.T.I COLLEGE (EX-SAITHIA),Y
EW07,DES03908,B.T.I COLLEGE (EX-SAITHIA),Y
DS01,DES03909,BABUIJORE (EX-SAITHIA),Y
EW07,DES03909,BABUIJORE (EX-SAITHIA),Y
EW07,DES03910,BAGDAHARI (EX-SAITHIA),Y
DS01,DES03910,BAGDAHARI (EX-SAITHIA),Y
EW07,DES03911,BAGDANGA (EX-SAITHIA),Y
DS01,DES03911,BAGDANGA (EX-SAITHIA),Y
DS01,DES03912,BAHIRI (EX-SAITHIA),Y
EW07,DES03912,BAHIRI (EX-SAITHIA),Y
DS01,DES03913,BAHUTAL (EX-SAITHIA),Y
EW07,DES03913,BAHUTAL (EX-SAITHIA),Y
EW07,DES03914,BAKTORE (EX-SAITHIA),Y
DS01,DES03914,BAKTORE (EX-SAITHIA),Y
EW07,DES03915,BAKUL (EX-SAITHIA),Y
DS01,DES03915,BAKUL (EX-SAITHIA),Y
DS01,DES03916,BALIA (EX-SAITHIA),Y
EW07,DES03916,BALIA (EX-SAITHIA),Y
DS01,DES03917,BALLVPUR (EX-SAITHIA),Y
EW07,DES03917,BALLVPUR (EX-SAITHIA),Y
EW07,DES03918,BANDHKHALA (EX-SAITHIA),Y
DS01,DES03918,BANDHKHALA (EX-SAITHIA),Y
EW07,DES03919,BANDRA (EX-SAITHIA),Y
DS01,DES03919,BANDRA (EX-SAITHIA),Y
DS01,DES03920,BANGACHATRA (EX-SAITHIA),Y
EW07,DES03920,BANGACHATRA (EX-SAITHIA),Y
DS01,DES03921,BARPAHARI (EX-SAITHIA),Y
EW07,DES03921,BARPAHARI (EX-SAITHIA),Y
EW07,DES03922,BASAPARA (EX-SAITHIA),Y
DS01,DES03922,BASAPARA (EX-SAITHIA),Y
EW07,DES03923,BASIC MORE (EX-SAITHIA),Y
DS01,DES03923,BASIC MORE (EX-SAITHIA),Y
DS01,DES03924,BATASPUR (EX-SAITHIA),Y
EW07,DES03924,BATASPUR (EX-SAITHIA),Y
DS01,DES03925,BATIKAR 9EX-SAITHIA),Y
EW07,DES03925,BATIKAR 9EX-SAITHIA),Y
EW07,DES03926,BELUTI (EX-SAITHIA),Y
DS01,DES03926,BELUTI (EX-SAITHIA),Y
EW07,DES03927,BEZRA (EX-SAITHIA),Y
DS01,DES03927,BEZRA (EX-SAITHIA),Y
DS01,DES03928,BHAVANIPUR (EX-SAITHIA),Y
EW07,DES03928,BHAVANIPUR (EX-SAITHIA),Y
DS01,DES03929,BHIMGARH (EX-SAITHIA),Y
EW07,DES03929,BHIMGARH (EX-SAITHIA),Y
EW07,DES03930,BIPRATIKURI (EX-SAITHIA),Y
DS01,DES03930,BIPRATIKURI (EX-SAITHIA),Y
EW07,DES03931,BIRCHANDRAPUR (EX-SAITHIA0,Y
DS01,DES03931,BIRCHANDRAPUR (EX-SAITHIA0,Y
DS01,DES03932,BISHNUPUR (EX-SAITHIA),Y
EW07,DES03932,BISHNUPUR (EX-SAITHIA),Y
DS01,DES03933,BOLPUR (EX-SAITHIA),Y
EW07,DES03933,BOLPUR (EX-SAITHIA),Y
EW07,DES03934,BUDHIGRAM (EX-SAITHIA),Y
DS01,DES03934,BUDHIGRAM (EX-SAITHIA),Y
EW07,DES03935,CHARKALGRAM (EX-SAITHIA),Y
DS01,DES03935,CHARKALGRAM (EX-SAITHIA),Y
DS01,DES03936,CHATRA (EX-SAITHIA),Y
EW07,DES03936,CHATRA (EX-SAITHIA),Y
DS01,DES03937,CHINPAI (EX-SAITHIA),Y
EW07,DES03937,CHINPAI (EX-SAITHIA),Y
EW07,DES03938,CHOWHATTA (EX-SAITHIA),Y
DS01,DES03938,CHOWHATTA (EX-SAITHIA),Y
EW07,DES03939,DUBRAJPUR (EX-SAITHIA),Y
DS01,DES03939,DUBRAJPUR (EX-SAITHIA),Y
DS01,DES03940,FATEPUR (EX-SAITHIA),Y
EW07,DES03940,FATEPUR (EX-SAITHIA),Y
DS01,DES03941,FEWGRAM (EX-SAITHIA),Y
EW07,DES03941,FEWGRAM (EX-SAITHIA),Y
EW07,DES03942,GADHADHARPUR (EX-SAITHIA),Y
DS01,DES03942,GADHADHARPUR (EX-SAITHIA),Y
EW07,DES03943,GANDHPUR (EX-SAITHIA),Y
DS01,DES03943,GANDHPUR (EX-SAITHIA),Y
DS01,DES03944,GANPUR (EX-SAITHIA),Y
EW07,DES03944,GANPUR (EX-SAITHIA),Y
DS01,DES03945,HASAN MORE (EX-SAITHIA),Y
EW07,DES03945,HASAN MORE (EX-SAITHIA),Y
EW07,DES03946,HAZARATHPUR (EX-SAITHIA),Y
DS01,DES03946,HAZARATHPUR (EX-SAITHIA),Y
EW07,DES03947,HAZIPUR (EX-SAITHIA),Y
DS01,DES03947,HAZIPUR (EX-SAITHIA),Y
DS01,DES03948,HETAMPUR (EX-SAITHIA0,Y
EW07,DES03948,HETAMPUR (EX-SAITHIA0,Y
DS01,DES03949,HIYATNAGAR (EX-SAITHIA),Y
EW07,DES03949,HIYATNAGAR (EX-SAITHIA),Y
EW07,DES03950,ILLAMBAZAR (EX-SAITHIA),Y
DS01,DES03950,ILLAMBAZAR (EX-SAITHIA),Y
EW07,DES03951,ITAGARIA (EX-SAITHIA),Y
DS01,DES03951,ITAGARIA (EX-SAITHIA),Y
DS01,DES03952,JAZIGRAM (EX-SAITHIA),Y
EW07,DES03952,JAZIGRAM (EX-SAITHIA),Y
DS01,DES03953,JHILLY (EX-SAITHIA),Y
EW07,DES03953,JHILLY (EX-SAITHIA),Y
EW07,DES03954,JOYDEV (EX-SAITHIA),Y
DS01,DES03954,JOYDEV (EX-SAITHIA),Y
EW07,DES03955,JOYDEV MORE (EX-SAITHIA),Y
DS01,DES03955,JOYDEV MORE (EX-SAITHIA),Y
DS01,DES03956,KAITHA (EX-SAITHIA),Y
EW07,DES03956,KAITHA (EX-SAITHIA),Y
DS01,DES03957,KALLESWAR MORE (EX-SAITHIA),Y
EW07,DES03957,KALLESWAR MORE (EX-SAITHIA),Y
EW07,DES03958,KALYANPUR (EX-SAITHIA),Y
DS01,DES03958,KALYANPUR (EX-SAITHIA),Y
EW07,DES03959,KAMARGHAT (EX-SAITHIA),Y
DS01,DES03959,KAMARGHAT (EX-SAITHIA),Y
DS01,DES03960,KARRIDHYA 9EX-SAITHIA),Y
EW07,DES03960,KARRIDHYA 9EX-SAITHIA),Y
DS01,DES03961,KASBA (EX-SAITHIA),Y
EW07,DES03961,KASBA (EX-SAITHIA),Y
EW07,DES03962,KHOYRASOLE (EX-SAITHIA),Y
DS01,DES03962,KHOYRASOLE (EX-SAITHIA),Y
EW07,DES03963,KHUJUTIPARA (EX-SAITHIA),Y
DS01,DES03963,KHUJUTIPARA (EX-SAITHIA),Y
DS01,DES03964,KIRNAHAR (EX-SAITHIA),Y
EW07,DES03964,KIRNAHAR (EX-SAITHIA),Y
DS01,DES03965,KOPAI (EX-SAITHIA),Y
EW07,DES03965,KOPAI (EX-SAITHIA),Y
EW07,DES03966,KOTASUR (EX-SAITHIA),Y
DS01,DES03966,KOTASUR (EX-SAITHIA),Y
EW07,DES03967,KURMITHA (EX-SAITHIA),Y
DS01,DES03967,KURMITHA (EX-SAITHIA),Y
DS01,DES03968,KURNAHAR (EX-SAITHIA),Y
EW07,DES03968,KURNAHAR (EX-SAITHIA),Y
DS01,DES03969,LABPUR (EX-SAITHIA),Y
EW07,DES03969,LABPUR (EX-SAITHIA),Y
EW07,DES03970,LANGALHATA (EX-SAITHIA),Y
DS01,DES03970,LANGALHATA (EX-SAITHIA),Y
EW07,DES03971,LOHAPUR (EX-SAITHIA),Y
DS01,DES03971,LOHAPUR (EX-SAITHIA),Y
DS01,DES03972,LOKPUR (EX-SAITHIA),Y
EW07,DES03972,LOKPUR (EX-SAITHIA),Y
DS01,DES03973,MALLERPUR (EX-SAITHIA),Y
EW07,DES03973,MALLERPUR (EX-SAITHIA),Y
EW07,DES03974,MARGRAM (EX-SAITHIA),Y
DS01,DES03974,MARGRAM (EX-SAITHIA),Y
EW07,DES03975,MD BAZAR (EX-SAITHIA),Y
DS01,DES03975,MD BAZAR (EX-SAITHIA),Y
DS01,DES03976,MOURESWAR (EX-SAITHIA),Y
EW07,DES03976,MOURESWAR (EX-SAITHIA),Y
DS01,DES03977,MURARAI (EX-SAITHIA),Y
EW07,DES03977,MURARAI (EX-SAITHIA),Y
EW07,DES03978,NAGPUR CHECK POST (EX-SAITHIA),Y
DS01,DES03978,NAGPUR CHECK POST (EX-SAITHIA),Y
EW07,DES03979,NALHATI (EX-SAITHIA),Y
DS01,DES03979,NALHATI (EX-SAITHIA),Y
DS01,DES03980,NANOOR (EX-SAITHIA),Y
EW07,DES03980,NANOOR (EX-SAITHIA),Y
DS01,DES03981,NARAYANPUR (EX-SAITHIA),Y
EW07,DES03981,NARAYANPUR (EX-SAITHIA),Y
EW07,DES03982,NARAYANGATHI (EX-SAITHIA),Y
DS01,DES03982,NARAYANGATHI (EX-SAITHIA),Y
EW07,DES03983,NISHCHINTAPUR (EX-SAITHIA),Y
DS01,DES03983,NISHCHINTAPUR (EX-SAITHIA),Y
DS01,DES03984,PACHANI (EX-SAITHIA),Y
EW07,DES03984,PACHANI (EX-SAITHIA),Y
DS01,DES03985,PAIKAR (EX-SAITHIA),Y
EW07,DES03985,PAIKAR (EX-SAITHIA),Y
EW07,DES03986,PANCHRA (EX-SAITHIA),Y
DS01,DES03986,PANCHRA (EX-SAITHIA),Y
EW07,DES03987,PANRUI (EX-SAITHIA),Y
DS01,DES03987,PANRUI (EX-SAITHIA),Y
DS01,DES03988,PATELNAGAR (EX-SAITHIA),Y
EW07,DES03988,PATELNAGAR (EX-SAITHIA),Y
DS01,DES03989,PURNADAPUR (EX-SAITHIA),Y
EW07,DES03989,PURNADAPUR (EX-SAITHIA),Y
EW07,DES03990,RAJGRAM (EX-SAITHIA),Y
DS01,DES03990,RAJGRAM (EX-SAITHIA),Y
EW07,DES03991,RAJNAGAR (EX-SAITHIA),Y
DS01,DES03991,RAJNAGAR (EX-SAITHIA),Y
DS01,DES03992,RAMPURHAT (EX-SAITHIA),Y
EW07,DES03992,RAMPURHAT (EX-SAITHIA),Y
DS01,DES03993,RUDRA NAGAR (EX-SAITHIA),Y
EW07,DES03993,RUDRA NAGAR (EX-SAITHIA),Y
EW07,DES03994,SAITHIA DUMP,Y
DS01,DES03994,SAITHIA DUMP,Y
EW07,DES03995,SAKEDDA (EX-SAITHIA),Y
DS01,DES03995,SAKEDDA (EX-SAITHIA),Y
DS01,DES03996,SALBADRA (EX-SAITHIA),Y
EW07,DES03996,SALBADRA (EX-SAITHIA),Y
DS01,DES03997,SARADA MILLL (EX-SAITHIA),Y
EW07,DES03997,SARADA MILLL (EX-SAITHIA),Y
EW07,DES03998,SIAN (EX-SAITHIA),Y
DS01,DES03998,SIAN (EX-SAITHIA),Y
EW07,DES03999,SRINIKETAN (EX-SAITHIA),Y
DS01,DES03999,SRINIKETAN (EX-SAITHIA),Y
DS01,DES04000,SRIKANTAPUR (EX-SAITHIA),Y
EW07,DES04000,SRIKANTAPUR (EX-SAITHIA),Y
DS01,DES04001,SOUTA (EX-SAITHIA),Y
EW07,DES04001,SOUTA (EX-SAITHIA),Y
EW07,DES04002,SURI (EX- SAITHIA),Y
DS01,DES04002,SURI (EX- SAITHIA),Y
EW07,DES04003,TALTALA (EX-SAITHIA),Y
DS01,DES04003,TALTALA (EX-SAITHIA),Y
DS01,DES04004,TANTIPARA (EX-SAITHIA),Y
EW07,DES04004,TANTIPARA (EX-SAITHIA),Y
DS01,DES04005,TARAPITH (EX-SAITHIA),Y
EW07,DES04005,TARAPITH (EX-SAITHIA),Y
B003,DES04006,ALIPORE (EX-KALIGHAT),Y
DS10,DES04006,ALIPORE (EX-KALIGHAT),Y
B003,DES04007,AMTALA (EX-KALIGHAT),Y
DS10,DES04007,AMTALA (EX-KALIGHAT),Y
DS10,DES04008,BAKKHALI (EX-KALIGHAT),Y
B003,DES04008,BAKKHALI (EX-KALIGHAT),Y
B003,DES04009,BAKRAHAT (EX-KALIGHAT),Y
DS10,DES04009,BAKRAHAT (EX-KALIGHAT),Y
B003,DES04010,BAKULTALA (EX-KALIGHAT),Y
DS10,DES04010,BAKULTALA (EX-KALIGHAT),Y
B003,DES04011,BALLYGUNGE (EX-KALIGHAT),Y
DS10,DES04011,BALLYGUNGE (EX-KALIGHAT),Y
DS10,DES04012,BARUIPUR (EX-KALIGHAT),Y
B003,DES04012,BARUIPUR (EX-KALIGHAT),Y
B003,DES04013,BASANTI (EX-KALIGHAT),Y
DS10,DES04013,BASANTI (EX-KALIGHAT),Y
B003,DES04014,BATANAGAR (EX-KALIGHAT),Y
DS10,DES04014,BATANAGAR (EX-KALIGHAT),Y
B003,DES04015,BEHALA (EX-KALIGHAT),Y
DS10,DES04015,BEHALA (EX-KALIGHAT),Y
DS10,DES04016,BIBIRHAT (EX-KALIGHAT),Y
B003,DES04016,BIBIRHAT (EX-KALIGHAT),Y
B003,DES04017,BIRLAPUR (EX-KALIGHAT),Y
DS10,DES04017,BIRLAPUR (EX-KALIGHAT),Y
B003,DES04018,BUDGE BUDGE (EX-KALIGHAT),Y
DS10,DES04018,BUDGE BUDGE (EX-KALIGHAT),Y
B003,DES04019,CANNING (EX-KALIGHAT),Y
DS10,DES04019,CANNING (EX-KALIGHAT),Y
DS10,DES04020,CHAMPAHATI (EX-KALIGHAT),Y
B003,DES04020,CHAMPAHATI (EX-KALIGHAT),Y
B003,DES04021,DAKGHAR (EX-KALIGHAT),Y
DS10,DES04021,DAKGHAR (EX-KALIGHAT),Y
B003,DES04022,DAKSHIN BARASAT (EX-KALIGHAT),Y
DS10,DES04022,DAKSHIN BARASAT (EX-KALIGHAT),Y
B003,DES04023,DHAKI (EX-KALIGHAT),Y
DS10,DES04023,DHAKI (EX-KALIGHAT),Y
DS10,DES04024,DIAMOND HARBOUR (EX-KALIGHAT),Y
B003,DES04024,DIAMOND HARBOUR (EX-KALIGHAT),Y
B003,DES04025,FALTA (EX-KALIGHAT),Y
DS10,DES04025,FALTA (EX-KALIGHAT),Y
B003,DES04026,FATHEPUR (EX-KALIGHAT),Y
DS10,DES04026,FATHEPUR (EX-KALIGHAT),Y
B003,DES04027,GARIA (EX-KALIGHAT),Y
DS10,DES04027,GARIA (EX-KALIGHAT),Y
DS10,DES04028,GHOSHAPUR BAZAR (EX-KALIGHAT),Y
B003,DES04028,GHOSHAPUR BAZAR (EX-KALIGHAT),Y
B003,DES04029,GHUTIARI SHARIF (EX-KALIGHAT),Y
DS10,DES04029,GHUTIARI SHARIF (EX-KALIGHAT),Y
B003,DES04030,HARINAVI (EX-KALIGHAT),Y
DS10,DES04030,HARINAVI (EX-KALIGHAT),Y
B003,DES04031,HATUGAUNGE (EX-KALIGHAT),Y
DS10,DES04031,HATUGAUNGE (EX-KALIGHAT),Y
DS10,DES04032,JADAVPUR (EX-KALIGHAT),Y
B003,DES04032,JADAVPUR (EX-KALIGHAT),Y
B003,DES04033,JINJIRA BAZAR (EX-KALIGHAT),Y
DS10,DES04033,JINJIRA BAZAR (EX-KALIGHAT),Y
B003,DES04034,JOKA (EX-KALIGHAT),Y
DS10,DES04034,JOKA (EX-KALIGHAT),Y
B003,DES04035,JOYNAGAR (EX-KALIGHAT),Y
DS10,DES04035,JOYNAGAR (EX-KALIGHAT),Y
DS10,DES04036,JUMAINASKARHAT (EX-KALIGHAT),Y
B003,DES04036,JUMAINASKARHAT (EX-KALIGHAT),Y
B003,DES04037,KABARDANGA (EX-KALIGHAT),Y
DS10,DES04037,KABARDANGA (EX-KALIGHAT),Y
B003,DES04038,KAKDWIP (EX-KALIGHAT),Y
DS10,DES04038,KAKDWIP (EX-KALIGHAT),Y
B003,DES04039,KALIGHAT DUMP,Y
DS10,DES04039,KALIGHAT DUMP,Y
DS10,DES04040,KASBA (NO ENTRY ) (EX-KALIGHAT),Y
B003,DES04040,KASBA (NO ENTRY ) (EX-KALIGHAT),Y
B003,DES04041,KASHINAGAR (EX-KALIGHAT),Y
DS10,DES04041,KASHINAGAR (EX-KALIGHAT),Y
B003,DES04042,KULPI (EX-KALIGHAT),Y
DS10,DES04042,KULPI (EX-KALIGHAT),Y
B003,DES04043,LASMIKANTAPUR (EX-KALIGHAT),Y
DS10,DES04043,LASMIKANTAPUR (EX-KALIGHAT),Y
DS10,DES04044,M.G. ROAD (EX-KALIGHAT),Y
B003,DES04044,M.G. ROAD (EX-KALIGHAT),Y
B003,DES04045,MALLICKPUR (EX-KALIGHAT),Y
DS10,DES04045,MALLICKPUR (EX-KALIGHAT),Y
B003,DES04046,MANDIR BAZAR (EX-KALIGHAT),Y
DS10,DES04046,MANDIR BAZAR (EX-KALIGHAT),Y
B003,DES04047,MOGRAHAT (EX-KALIGHAT),Y
DS10,DES04047,MOGRAHAT (EX-KALIGHAT),Y
DS10,DES04048,MUKUNDAPUR (EX-KALIGHAT),Y
B003,DES04048,MUKUNDAPUR (EX-KALIGHAT),Y
B003,DES04049,NAMKHANA (EX-KALIGHAT),Y
DS10,DES04049,NAMKHANA (EX-KALIGHAT),Y
B003,DES04050,NARENDRAPUR (EX-KALIGHAT),Y
DS10,DES04050,NARENDRAPUR (EX-KALIGHAT),Y
B003,DES04051,NEPAL GAUNGE (EX-KALIGHAT),Y
DS10,DES04051,NEPAL GAUNGE (EX-KALIGHAT),Y
DS10,DES04052,NEW ALIPORE (EX-KALIGHAT),Y
B003,DES04052,NEW ALIPORE (EX-KALIGHAT),Y
B003,DES04053,NIMPITH (EX-KALIGHAT),Y
DS10,DES04053,NIMPITH (EX-KALIGHAT),Y
B003,DES04054,NUNGI (EX-KALIGHAT),Y
DS10,DES04054,NUNGI (EX-KALIGHAT),Y
B003,DES04055,PARNASHREE (EX-KALIGHAT),Y
DS10,DES04055,PARNASHREE (EX-KALIGHAT),Y
DS10,DES04056,PUJALI (EX-KALIGHAT),Y
B003,DES04056,PUJALI (EX-KALIGHAT),Y
B003,DES04057,RAIDHIGI (EX-KALIGHAT),Y
DS10,DES04057,RAIDHIGI (EX-KALIGHAT),Y
B003,DES04058,RAJARHAT (EX-KALIGHAT),Y
DS10,DES04058,RAJARHAT (EX-KALIGHAT),Y
B003,DES04059,RAJPUR (EX-KALIGHAT),Y
DS10,DES04059,RAJPUR (EX-KALIGHAT),Y
DS10,DES04060,RAMGANGA (EX-KALIGHAT),Y
B003,DES04060,RAMGANGA (EX-KALIGHAT),Y
B003,DES04061,RAMLAL BAZAR (EX-KALIGHAT),Y
DS10,DES04061,RAMLAL BAZAR (EX-KALIGHAT),Y
B003,DES04062,SAGAR (EX-KALIGHAT),Y
DS10,DES04062,SAGAR (EX-KALIGHAT),Y
B003,DES04063,SANTOSHPUR (EX-KALIGHAT),Y
DS10,DES04063,SANTOSHPUR (EX-KALIGHAT),Y
DS10,DES04064,SHAKUNTALA PARK (EX-KALIGHAT),Y
B003,DES04064,SHAKUNTALA PARK (EX-KALIGHAT),Y
B003,DES04065,SIRAKOLE (EX-KALIGHAT),Y
DS10,DES04065,SIRAKOLE (EX-KALIGHAT),Y
B003,DES04066,SONAKHALI (EX-KALIGHAT),Y
DS10,DES04066,SONAKHALI (EX-KALIGHAT),Y
B003,DES04067,SONAMUKHI (EX-KALIGHAT),Y
DS10,DES04067,SONAMUKHI (EX-KALIGHAT),Y
DS10,DES04068,SONERPUR (EX-KALIGHAT),Y
B003,DES04068,SONERPUR (EX-KALIGHAT),Y
B003,DES04069,SUBASH GRAM (EX-KALIGHAT),Y
DS10,DES04069,SUBASH GRAM (EX-KALIGHAT),Y
B003,DES04070,T.C. ROAD (EX-KALIGHAT),Y
DS10,DES04070,T.C. ROAD (EX-KALIGHAT),Y
B003,DES04071,TARATALA (EX-KALIGHAT),Y
DS10,DES04071,TARATALA (EX-KALIGHAT),Y
DS10,DES04072,THAKURPUKUR (EX-KALIGHAT),Y
B003,DES04072,THAKURPUKUR (EX-KALIGHAT),Y
B003,DES04073,USTHI (EX-KALIGHAT),Y
DS10,DES04073,USTHI (EX-KALIGHAT),Y
DS13,DES04074,AAMRAGARH EX BURDWAN,Y
DS02,DES04074,AAMRAGARH EX BURDWAN,Y
DS02,DES04075,AGRADWIP EX BURDWAN,Y
DS13,DES04075,AGRADWIP EX BURDWAN,Y
DS13,DES04076,AJAPUR EX BURDWAN,Y
DS02,DES04076,AJAPUR EX BURDWAN,Y
DS13,DES04077,AKUI EX BURDWAN,Y
DS02,DES04077,AKUI EX BURDWAN,Y
DS13,DES04078,ALAMGANG EX BURDWAN,Y
DS02,DES04078,ALAMGANG EX BURDWAN,Y
DS02,DES04079,AMARUN EX BURDWAN,Y
DS13,DES04079,AMARUN EX BURDWAN,Y
DS13,DES04080,ARAMBAGH EX BURDWAN,Y
DS02,DES04080,ARAMBAGH EX BURDWAN,Y
DS13,DES04081,ATAGARH EX BURDWAN,Y
DS02,DES04081,ATAGARH EX BURDWAN,Y
DS13,DES04082,AVIRAMPUR EX BURDWAN,Y
DS02,DES04082,AVIRAMPUR EX BURDWAN,Y
DS02,DES04083,BALAGARH EX BURDWAN,Y
DS13,DES04083,BALAGARH EX BURDWAN,Y
DS13,DES04084,BALGONA EX BURDWAN,Y
DS02,DES04084,BALGONA EX BURDWAN,Y
DS13,DES04085,BANDAR EX BURDWAN,Y
DS02,DES04085,BANDAR EX BURDWAN,Y
DS13,DES04086,BANKAPASHI EX BURDWAN,Y
DS02,DES04086,BANKAPASHI EX BURDWAN,Y
DS02,DES04087,BANKURA MORE EX BURDWAN,Y
DS13,DES04087,BANKURA MORE EX BURDWAN,Y
DS13,DES04088,BANPAS EX BURDWAN,Y
DS02,DES04088,BANPAS EX BURDWAN,Y
DS13,DES04089,BARSUL EX BURDWAN,Y
DS02,DES04089,BARSUL EX BURDWAN,Y
DS13,DES04090,BARU GRAM EX BURDWAN,Y
DS02,DES04090,BARU GRAM EX BURDWAN,Y
DS02,DES04091,BAGNA PARA EX BURDWAN,Y
DS13,DES04091,BAGNA PARA EX BURDWAN,Y
DS13,DES04092,BHATAR EX BURDWAN,Y
DS02,DES04092,BHATAR EX BURDWAN,Y
DS13,DES04093,BHEDIA EX BURDWAN,Y
DS02,DES04093,BHEDIA EX BURDWAN,Y
DS13,DES04094,BOHAR EX BURDWAN,Y
DS02,DES04094,BOHAR EX BURDWAN,Y
DS02,DES04095,BUDBUD EX BURDWAN,Y
DS13,DES04095,BUDBUD EX BURDWAN,Y
DS13,DES04096,BULBULITALA EX BURDWAN,Y
DS02,DES04096,BULBULITALA EX BURDWAN,Y
DS13,DES04097,BURDWAN EX BURDWAN,Y
DS02,DES04097,BURDWAN EX BURDWAN,Y
DS13,DES04098,CHAKDIGHI EX BURDWAN,Y
DS02,DES04098,CHAKDIGHI EX BURDWAN,Y
DS02,DES04099,DHATRIGRAM EX BURDWAN,Y
DS13,DES04099,DHATRIGRAM EX BURDWAN,Y
DS13,DES04100,DIGNAGAR EX BURDWAN,Y
DS02,DES04100,DIGNAGAR EX BURDWAN,Y
DS13,DES04101,EKLAXMI EX BURDWAN,Y
DS02,DES04101,EKLAXMI EX BURDWAN,Y
DS13,DES04102,GALSI EX BURDWAN,Y
DS02,DES04102,GALSI EX BURDWAN,Y
DS02,DES04103,GANGPUR EX BURDWAN,Y
DS13,DES04103,GANGPUR EX BURDWAN,Y
DS13,DES04104,GOBINDAPUR EX BURDWAN,Y
DS02,DES04104,GOBINDAPUR EX BURDWAN,Y
DS13,DES04105,GOLIGRAM EX BURDWAN,Y
DS02,DES04105,GOLIGRAM EX BURDWAN,Y
DS13,DES04106,GUSKARA EX BURDWAN,Y
DS02,DES04106,GUSKARA EX BURDWAN,Y
DS02,DES04107,HATGOBINDAPUR EX BURDWAN,Y
DS13,DES04107,HATGOBINDAPUR EX BURDWAN,Y
DS13,DES04108,HELAN EX BURDWAN,Y
DS02,DES04108,HELAN EX BURDWAN,Y
DS13,DES04109,HEMATPUR EX BUEDWAN,Y
DS02,DES04109,HEMATPUR EX BUEDWAN,Y
DS13,DES04110,INDAS EX BURDWAN,Y
DS02,DES04110,INDAS EX BURDWAN,Y
DS02,DES04111,INDAS GOBINDAPUR EX BURDWAN,Y
DS13,DES04111,INDAS GOBINDAPUR EX BURDWAN,Y
DS13,DES04112,JAGIGRAM EX BURDWAN,Y
DS02,DES04112,JAGIGRAM EX BURDWAN,Y
DS13,DES04113,JAUGRAM EX BURDWAN,Y
DS02,DES04113,JAUGRAM EX BURDWAN,Y
DS13,DES04114,KALNAGATE EX BURDWAN,Y
DS02,DES04114,KALNAGATE EX BURDWAN,Y
DS02,DES04115,KATWA EX BURDWAN,Y
DS13,DES04115,KATWA EX BURDWAN,Y
DS13,DES04116,KHANAKUL EX BURDWAN,Y
DS02,DES04116,KHANAKUL EX BURDWAN,Y
DS13,DES04117,KHANDAGHOSH EX BURDWAN,Y
DS02,DES04117,KHANDAGHOSH EX BURDWAN,Y
DS13,DES04118,KHANPUR EX BURDWAN,Y
DS02,DES04118,KHANPUR EX BURDWAN,Y
DS02,DES04119,KHIRGRAM EX BURDWAN,Y
DS13,DES04119,KHIRGRAM EX BURDWAN,Y
DS13,DES04120,KURMUN EX BURDWAN,Y
DS02,DES04120,KURMUN EX BURDWAN,Y
DS13,DES04121,KUSUMGRAM EX BURDWAN,Y
DS02,DES04121,KUSUMGRAM EX BURDWAN,Y
DS13,DES04122,LAKURDI EX BURDWAN,Y
DS02,DES04122,LAKURDI EX BURDWAN,Y
DS02,DES04123,MADHYAMGRAM EX BURDWAN,Y
DS13,DES04123,MADHYAMGRAM EX BURDWAN,Y
DS13,DES04124,MAJIGRAM EX BURDWAN,Y
DS02,DES04124,MAJIGRAM EX BURDWAN,Y
DS13,DES04125,MALDANGA EX BURDWAN,Y
DS02,DES04125,MALDANGA EX BURDWAN,Y
DS13,DES04126,MEMARI EX BURDWAN,Y
DS02,DES04126,MEMARI EX BURDWAN,Y
DS02,DES04127,MONDALGRAM EX BURDWAN,Y
DS13,DES04127,MONDALGRAM EX BURDWAN,Y
DS13,DES04128,MONGOLKOT EX BURDWAN,Y
DS02,DES04128,MONGOLKOT EX BURDWAN,Y
DS13,DES04129,MONTESWAR EX BURDWAN,Y
DS02,DES04129,MONTESWAR EX BURDWAN,Y
DS13,DES04130,NABASTHA EX BURDWAN,Y
DS02,DES04130,NABASTHA EX BURDWAN,Y
DS02,DES04131,NADANGHAT EX BURDWAN,Y
DS13,DES04131,NADANGHAT EX BURDWAN,Y
DS13,DES04132,NIBHUJIBAZAR EX BURDWAN,Y
DS02,DES04132,NIBHUJIBAZAR EX BURDWAN,Y
DS13,DES04133,NIGON EX BURDWAN,Y
DS02,DES04133,NIGON EX BURDWAN,Y
DS13,DES04134,NUTUNHAT EX BURDWAN,Y
DS02,DES04134,NUTUNHAT EX BURDWAN,Y
DS02,DES04135,ORGRAM EX BURDWAN,Y
DS13,DES04135,ORGRAM EX BURDWAN,Y
DS13,DES04136,PAHALANPUR EX BURDWAN,Y
DS02,DES04136,PAHALANPUR EX BURDWAN,Y
DS13,DES04137,PALASON EX BURDWAN,Y
DS02,DES04137,PALASON EX BURDWAN,Y
DS13,DES04138,PALLAROAD EX BURDWAN,Y
DS02,DES04138,PALLAROAD EX BURDWAN,Y
DS02,DES04139,PALSIT EX BURDWAN,Y
DS13,DES04139,PALSIT EX BURDWAN,Y
DS13,DES04140,PARAJ EX BURDWAN,Y
DS02,DES04140,PARAJ EX BURDWAN,Y
DS13,DES04141,PIPLON EX BURDWAN,Y
DS02,DES04141,PIPLON EX BURDWAN,Y
DS13,DES04142,PUTSURI EX BURDWAN,Y
DS02,DES04142,PUTSURI EX BURDWAN,Y
DS02,DES04143,RAINA EX BURDWAN,Y
DS13,DES04143,RAINA EX BURDWAN,Y
DS13,DES04144,RAIPUR EX BURDWAN,Y
DS02,DES04144,RAIPUR EX BURDWAN,Y
DS13,DES04145,RASULPUR EX BURDWAN,Y
DS02,DES04145,RASULPUR EX BURDWAN,Y
DS13,DES04146,RASULPUR (BNK) EX BURDWAN,Y
DS02,DES04146,RASULPUR (BNK) EX BURDWAN,Y
DS02,DES04147,SAGRAIMORE EX BURDWAN,Y
DS13,DES04147,SAGRAIMORE EX BURDWAN,Y
DS13,DES04148,SODPUR EX BURDWAN,Y
DS02,DES04148,SODPUR EX BURDWAN,Y
DS13,DES04149,SAKTIGARH EX BURDWAN,Y
DS02,DES04149,SAKTIGARH EX BURDWAN,Y
DS13,DES04150,SAMUDRAGARH EX BURDWAN,Y
DS02,DES04150,SAMUDRAGARH EX BURDWAN,Y
DS02,DES04151,SANKARPUR EX BURDWAN,Y
DS13,DES04151,SANKARPUR EX BURDWAN,Y
DS13,DES04152,SATGACHIA EX BURDWAN,Y
DS02,DES04152,SATGACHIA EX BURDWAN,Y
DS13,DES04153,SEHARABAZAR EX BURDWAN,Y
DS02,DES04153,SEHARABAZAR EX BURDWAN,Y
DS13,DES04154,SHAMSUNDAR EX BURDWAN,Y
DS02,DES04154,SHAMSUNDAR EX BURDWAN,Y
DS02,DES04155,TALIT EX BURDWAN,Y
DS13,DES04155,TALIT EX BURDWAN,Y
DS13,DES04156,TEGHARIPARA EX BURDWAN,Y
DS02,DES04156,TEGHARIPARA EX BURDWAN,Y
DS13,DES04157,UCHALAN EX BURDWAN,Y
DS02,DES04157,UCHALAN EX BURDWAN,Y
DS13,DES04158,KOICHOR EX BURDWAN,Y
DS02,DES04158,KOICHOR EX BURDWAN,Y
DS02,DES04159,BADANGANJ (EX BURDWAN),Y
DS13,DES04159,BADANGANJ (EX BURDWAN),Y
DS13,DES04160,RAJBALHAT (EX BURDWAN),Y
DS02,DES04160,RAJBALHAT (EX BURDWAN),Y
DS13,DES04161,SUREKALNA (EX BURDWAN),Y
DS02,DES04161,SUREKALNA (EX BURDWAN),Y
DS13,DES04162,KETUGRAM (EX BURDWAN),Y
DS02,DES04162,KETUGRAM (EX BURDWAN),Y
DS02,DES04163,KANDRA (EX BURDWAN),Y
DS13,DES04163,KANDRA (EX BURDWAN),Y
DS13,DES04164,FUTISANKO (EX BURDWAN),Y
DS02,DES04164,FUTISANKO (EX BURDWAN),Y
DS13,DES04165,KAHANDAGOSH (EX BURDWAN),Y
DS02,DES04165,KAHANDAGOSH (EX BURDWAN),Y
DS13,DES04166,RAJHATI (EX BURDWAN),Y
DS02,DES04166,RAJHATI (EX BURDWAN),Y
DS02,DES04167,KHUSIGANJ (EX BURDWAN),Y
DS13,DES04167,KHUSIGANJ (EX BURDWAN),Y
DS13,DES04168,SAMUDRAGARH (EX BURDWAN),Y
DS02,DES04168,SAMUDRAGARH (EX BURDWAN),Y
DS13,DES04169,PURBASTHALI (EX BURDWAN),Y
DS02,DES04169,PURBASTHALI (EX BURDWAN),Y
DS13,DES04170,GOTAN (EX BURDWAN),Y
DS02,DES04170,GOTAN (EX BURDWAN),Y
DS02,DES04171,KANKARDANGA (EX BURDWAN),Y
DS13,DES04171,KANKARDANGA (EX BURDWAN),Y
DS13,DES04172,KASEMNAGAR (EX BURDWAN),Y
DS02,DES04172,KASEMNAGAR (EX BURDWAN),Y
DS13,DES04173,NATUNHAT (EX BURDWAN),Y
DS02,DES04173,NATUNHAT (EX BURDWAN),Y
DS13,DES04174,KOICHAR (EX BURDWAN),Y
DS02,DES04174,KOICHAR (EX BURDWAN),Y
DS02,DES04175,BONKAPASI (EX BURDWAN),Y
DS13,DES04175,BONKAPASI (EX BURDWAN),Y
DS13,DES04176,PARULIA (EX BURDWAN),Y
DS02,DES04176,PARULIA (EX BURDWAN),Y
DS13,DES04177,MOSAGRAM (EX BURDWAN),Y
DS02,DES04177,MOSAGRAM (EX BURDWAN),Y
DS13,DES04178,CHOTOBAINAN (EX BURDWAN),Y
DS02,DES04178,CHOTOBAINAN (EX BURDWAN),Y
DS02,DES04179,GALIGRAM EX BURDWAN,Y
DS13,DES04179,GALIGRAM EX BURDWAN,Y
DS13,DES04180,SUREKALNA EX BURDWAN,Y
DS02,DES04180,SUREKALNA EX BURDWAN,Y
DS13,DES04181,NIMO EX BURDWAN,Y
DS02,DES04181,NIMO EX BURDWAN,Y
DS13,DES04182,PANDUA EX BURDWAN,Y
DS02,DES04182,PANDUA EX BURDWAN,Y
DS02,DES04183,KABLE EX BURDWAN,Y
DS13,DES04183,KABLE EX BURDWAN,Y
DS13,DES04184,BAIDYAPUR EX BURDWAN,Y
DS02,DES04184,BAIDYAPUR EX BURDWAN,Y
DS13,DES04185,MATISWARBAZAR EX BURDWAN,Y
DS02,DES04185,MATISWARBAZAR EX BURDWAN,Y
DS13,DES04186,SULTANPUR EX BURDWAN,Y
DS02,DES04186,SULTANPUR EX BURDWAN,Y
DS02,DES04187,JALUIDANGA EX BURDWAN,Y
DS13,DES04187,JALUIDANGA EX BURDWAN,Y
DS13,DES04188,BORO EX BURDWAN,Y
DS02,DES04188,BORO EX BURDWAN,Y
DS13,DES04189,BOROBAINAN EX BURDWAN,Y
DS02,DES04189,BOROBAINAN EX BURDWAN,Y
DS13,DES04190,VHDIA EX BURDWAN,Y
DS02,DES04190,VHDIA EX BURDWAN,Y
DS02,DES04191,RADHAANTAPUR EX BURDWAN,Y
DS13,DES04191,RADHAANTAPUR EX BURDWAN,Y
DS13,DES04192,SRIDHARPUR EX BURDWAN,Y
DS02,DES04192,SRIDHARPUR EX BURDWAN,Y
DS13,DES04193,GARAGACHA EX BURDWAN,Y
DS02,DES04193,GARAGACHA EX BURDWAN,Y
DS13,DES04194,BAROBAINAN EX BURDWAN,Y
DS02,DES04194,BAROBAINAN EX BURDWAN,Y
DS02,DES04195,CHAPADANGA EX BURDWAN,Y
DS13,DES04195,CHAPADANGA EX BURDWAN,Y
DS13,DES04196,MORBANDH EX BURDWAN,Y
DS02,DES04196,MORBANDH EX BURDWAN,Y
DS13,DES04197,BADAMTALA EX BURDWAN,Y
DS02,DES04197,BADAMTALA EX BURDWAN,Y
DS13,DES04198,MALAMBA EX BURDWAN,Y
DS02,DES04198,MALAMBA EX BURDWAN,Y
DS02,DES04199,UKHRID EX BURDWAN,Y
DS13,DES04199,UKHRID EX BURDWAN,Y
DS13,DES04200,PALPARA EX BURDWAN,Y
DS02,DES04200,PALPARA EX BURDWAN,Y
DS13,DES04201,ANDUL (EX-DANKUNI),Y
DS11,DES04201,ANDUL (EX-DANKUNI),Y
DS13,DES04202,BAGNAN (EX-DANKUNI),Y
DS11,DES04202,BAGNAN (EX-DANKUNI),Y
DS11,DES04203,BALIGURI (EX-DANKUNI),Y
DS13,DES04203,BALIGURI (EX-DANKUNI),Y
DS13,DES04204,BALLY (EX-DANKUNI),Y
DS11,DES04204,BALLY (EX-DANKUNI),Y
DS13,DES04205,BEGRI (EX-DANKUNI),Y
DS11,DES04205,BEGRI (EX-DANKUNI),Y
DS13,DES04206,BELUR (EX-DANKUNI),Y
DS11,DES04206,BELUR (EX-DANKUNI),Y
DS11,DES04207,CHAMRAIL (EX-DANKUNI),Y
DS13,DES04207,CHAMRAIL (EX-DANKUNI),Y
DS13,DES04208,DASNAGAR (EX-DANKUNI),Y
DS11,DES04208,DASNAGAR (EX-DANKUNI),Y
DS13,DES04209,DOMJUR (EX-DANKUNI),Y
DS11,DES04209,DOMJUR (EX-DANKUNI),Y
DS13,DES04210,LILUAH (EX-DANKUNI),Y
DS11,DES04210,LILUAH (EX-DANKUNI),Y
DS11,DES04211,RANIHATI (EX-DANKUNI),Y
DS13,DES04211,RANIHATI (EX-DANKUNI),Y
DS13,DES04212,SANKRAIL (SHL) (EX-DANKUNI),Y
DS11,DES04212,SANKRAIL (SHL) (EX-DANKUNI),Y
DS13,DES04213,SHIBPUR (EX-DANKUNI),Y
DS11,DES04213,SHIBPUR (EX-DANKUNI),Y
DS13,DES04214,SHYMPUR-1 (EX-DANKUNI),Y
DS11,DES04214,SHYMPUR-1 (EX-DANKUNI),Y
DS11,DES04215,SHYMPUR-2 (EX-DANKUNI),Y
DS13,DES04215,SHYMPUR-2 (EX-DANKUNI),Y
DS13,DES04216,ULUBERIA (EX-DANKUNI),Y
DS11,DES04216,ULUBERIA (EX-DANKUNI),Y
DS13,DES04217,KAZIPADA (EX-DANKUNI),Y
DS11,DES04217,KAZIPADA (EX-DANKUNI),Y
DS13,DES04218,FAZIRBAZAR (EX-DANKUNI),Y
DS11,DES04218,FAZIRBAZAR (EX-DANKUNI),Y
DS11,DES04219,ALOKA (EX-DANKUNI),Y
DS13,DES04219,ALOKA (EX-DANKUNI),Y
DS13,DES04220,HOWRAH MAIDAN (EX-DANKUNI),Y
DS11,DES04220,HOWRAH MAIDAN (EX-DANKUNI),Y
DS13,DES04221,BAKSHI (EX-DANKUNI),Y
DS11,DES04221,BAKSHI (EX-DANKUNI),Y
DS13,DES04222,AMTA/JHIKIRA (EX-DANKUNI),Y
DS11,DES04222,AMTA/JHIKIRA (EX-DANKUNI),Y
DS11,DES04223,UDAYNARYANPUR (EX-DANKUNI),Y
DS13,DES04223,UDAYNARYANPUR (EX-DANKUNI),Y
DS13,DES04224,KANUPATH (EX-DANKUNI),Y
DS11,DES04224,KANUPATH (EX-DANKUNI),Y
DS13,DES04225,KHILA (EX-DANKUNI),Y
DS11,DES04225,KHILA (EX-DANKUNI),Y
DS13,DES04226,PEDRO (EX-DANKUNI),Y
DS11,DES04226,PEDRO (EX-DANKUNI),Y
DS11,DES04227,MUNSHIRHAT (EX-DANKUNI),Y
DS13,DES04227,MUNSHIRHAT (EX-DANKUNI),Y
DS13,DES04228,KONA (EX-DANKUNI),Y
DS11,DES04228,KONA (EX-DANKUNI),Y
DS13,DES04229,CHENGAIL (EX-DANKUNI),Y
DS11,DES04229,CHENGAIL (EX-DANKUNI),Y
DS13,DES04230,PANCHLA (EX-DANKUNI),Y
DS11,DES04230,PANCHLA (EX-DANKUNI),Y
DS11,DES04231,BAURIA (EX-DANKUNI),Y
DS13,DES04231,BAURIA (EX-DANKUNI),Y
DS13,DES04232,BARGACHIA (EX-DANKUNI),Y
DS11,DES04232,BARGACHIA (EX-DANKUNI),Y
DS13,DES04233,58 GATE (EX-DANKUNI),Y
DS11,DES04233,58 GATE (EX-DANKUNI),Y
DS13,DES04234,BOLUHATI (EX-DANKUNI),Y
DS11,DES04234,BOLUHATI (EX-DANKUNI),Y
DS11,DES04235,CARRY ROAD (EX-DANKUNI),Y
DS13,DES04235,CARRY ROAD (EX-DANKUNI),Y
DS13,DES04236,SALKIA (EX-DANKUNI),Y
DS11,DES04236,SALKIA (EX-DANKUNI),Y
DS13,DES04237,BARUIPARA (EX-DANKUNI),Y
DS11,DES04237,BARUIPARA (EX-DANKUNI),Y
DS13,DES04238,JONAI (EX-DANKUNI),Y
DS11,DES04238,JONAI (EX-DANKUNI),Y
DS11,DES04239,BEGAMPUR (EX-DANKUNI),Y
DS13,DES04239,BEGAMPUR (EX-DANKUNI),Y
DS13,DES04240,NAITI (EX-DANKUNI),Y
DS11,DES04240,NAITI (EX-DANKUNI),Y
DS13,DES04241,CHAMPADANGA (EX-DANKUNI),Y
DS11,DES04241,CHAMPADANGA (EX-DANKUNI),Y
DS13,DES04242,DANKUNI (EX-DANKUNI),Y
DS11,DES04242,DANKUNI (EX-DANKUNI),Y
DS11,DES04243,JANGIPARA (EX-DANKUNI),Y
DS13,DES04243,JANGIPARA (EX-DANKUNI),Y
DS13,DES04244,UDAYNARAYANPUR (EX-DANKUNI),Y
DS11,DES04244,UDAYNARAYANPUR (EX-DANKUNI),Y
DS13,DES04245,UDANG (EX-DANKUNI),Y
DS11,DES04245,UDANG (EX-DANKUNI),Y
DS13,DES04246,"58, NO. GATE (EX-DANKUNI)",Y
DS11,DES04246,"58, NO. GATE (EX-DANKUNI)",Y
DS11,DES04247,RAJBALHAT (EX-DANKUNI),Y
DS13,DES04247,RAJBALHAT (EX-DANKUNI),Y
DS13,DES04248,SREERAMPUR (EX-DANKUNI),Y
DS11,DES04248,SREERAMPUR (EX-DANKUNI),Y
DS13,DES04249,TARAKESHWAR (EX-DANKUNI),Y
DS11,DES04249,TARAKESHWAR (EX-DANKUNI),Y
DS13,DES04250,BHADRESWAR (EX-DANKUNI),Y
DS11,DES04250,BHADRESWAR (EX-DANKUNI),Y
DS11,DES04251,UTTARPARA (EX-DANKUNI),Y
DS13,DES04251,UTTARPARA (EX-DANKUNI),Y
DS11,DES04252,SODHPUR(HOOGLY) (EX-DANKUNI),Y
DS11,DES04253,GURAP (EX-DANKUNI),Y
DS11,DES04254,KON NAGAR EX DANKUNI,Y
DS11,DES04255,RISHRA EX DANKUNI,Y
DS11,DES04256,CHANDAN NAGAR (EX-DANKUNI),Y
DS11,DES04257,CHANDITALA (EX-DANKUNI),Y
DS11,DES04258,HARIPAL (EX-DANKUNI),Y
DS11,DES04259,SIAKHALA (EX-DANKUNI),Y
DS11,DES04260,SINGUR (EX-DANKUNI),Y
DS11,DES04261,BALIPUR(EX-DANKUNI),Y
B003,DES04262,AISHMALI(EX KNJ),Y
B003,DES04263,AKAIPUR (EX KNJ),Y
B003,DES04264,ALAIPUR (EX KNJ),Y
B003,DES04265,ARANGHATA (EX KNJ),Y
B003,DES04266,BAGDAH (EX KNJ),N
B003,DES04267,BAJITPUR (EX KNJ),Y
B003,DES04268,BALLAVPARA(EX KNJ),Y
B003,DES04269,BANESWARPUR (EX KNJ),Y
B003,DES04270,BANGAON(EX KNJ),Y
B003,DES04271,BARNIA(EX KNJ),Y
B003,DES04272,BETAI(EX KNJ),Y
B003,DES04273,BETHUADAHARY(EX KNJ),Y
B003,DES04274,BIROHI(EX KNJ),Y
B003,DES04275,CHAKDAHA(EX KNJ),Y
B003,DES04276,DARERMATH (KARIMPUR)(EX KNJ),Y
B003,DES04277,DEBOGRAM(EX KNJ),Y
B003,DES04278,DHANTALA(EX KNJ),Y
B003,DES04279,DUTTAFULIA(EX KNJ),Y
B003,DES04280,GANGNAPUR(EX KNJ),Y
B003,DES04281,GOPAL NAGAR(EX KNJ),Y
B003,DES04282,HARINGHATA(EX KNJ),Y
B003,DES04283,HABIBPUR (EX KNJ),Y
B003,DES04284,JAGULIA(EX KNJ),Y
B003,DES04285,KALAMBAGAN(EX KNJ),Y
B003,DES04286,KARIMPUR(EX KNJ),Y
B003,DES04287,KRISHNA NAGAR DUMP,Y
B003,DES04288,MADANPUR(EX KNJ),Y
B003,DES04289,MAJHERGRAM(EX KNJ),Y
B003,DES04290,NABADWIP(EX KNJ),Y
B003,DES04291,NAGARUKHRA(EX KNJ),Y
B003,DES04292,NIMTALA(EX KNJ),Y
B003,DES04293,NOAPARA(EAST)(EX KNJ),Y
B003,DES04294,PAIRADANGA(EX KNJ),Y
B003,DES04295,PALPARA(EX KNJ),Y
B003,DES04296,PLASSEY(EX KNJ),Y
B003,DES04297,PLASSEYPARA(EX KNJ),Y
B003,DES04298,SILINDA(EX KNJ),Y
B003,DES04299,SIMURALI(EX KNJ),Y
DS03,DES04300,ANDAL (EX RNJ),Y
EW07,DES04300,ANDAL (EX RNJ),Y
DS03,DES04301,ANGADPUR (EX RNJ),Y
EW07,DES04301,ANGADPUR (EX RNJ),Y
DS03,DES04302,ANGADPUR INDUSTIAL AREA (EX RNJ),Y
EW07,DES04302,ANGADPUR INDUSTIAL AREA (EX RNJ),Y
DS03,DES04303,ARRAHA (EX RNJ),Y
EW07,DES04303,ARRAHA (EX RNJ),Y
DS03,DES04304,ASANSOL (EX RNJ),Y
EW07,DES04304,ASANSOL (EX RNJ),Y
DS03,DES04305,BANSKOPA (EX RNJ),Y
EW07,DES04305,BANSKOPA (EX RNJ),Y
DS03,DES04306,BAGANGORA (EX RNJ),Y
EW07,DES04306,BAGANGORA (EX RNJ),Y
DS03,DES04307,BAMUNNARA (EX RNJ),Y
EW07,DES04307,BAMUNNARA (EX RNJ),Y
DS03,DES04308,BANKURA (EX RNJ),Y
EW07,DES04308,BANKURA (EX RNJ),Y
DS03,DES04309,BARJORA (EX RNJ),Y
EW07,DES04309,BARJORA (EX RNJ),Y
DS03,DES04310,BARAKAR (EX RNJ),Y
EW07,DES04310,BARAKAR (EX RNJ),Y
DS03,DES04311,BENACHITI (EX RNJ),Y
EW07,DES04311,BENACHITI (EX RNJ),Y
DS03,DES04312,BHIMGHAR (EX RNJ),Y
EW07,DES04312,BHIMGHAR (EX RNJ),Y
DS03,DES04313,BENACHITYAPUR (EX RNJ),Y
EW07,DES04313,BENACHITYAPUR (EX RNJ),Y
DS03,DES04314,BIRBHANPUR (EX RNJ),Y
EW07,DES04314,BIRBHANPUR (EX RNJ),Y
DS03,DES04315,BUDHAMORE (ASANSOLE) (EX RNJ),Y
EW07,DES04315,BUDHAMORE (ASANSOLE) (EX RNJ),Y
DS03,DES04316,BURNPUR (EX RNJ),Y
EW07,DES04316,BURNPUR (EX RNJ),Y
DS03,DES04317,BUDBUD (EX RNJ),Y
EW07,DES04317,BUDBUD (EX RNJ),Y
DS03,DES04318,BURDWAN (EX RNJ),Y
EW07,DES04318,BURDWAN (EX RNJ),Y
DS03,DES04319,CHANDA MORE (EX RNJ),Y
EW07,DES04319,CHANDA MORE (EX RNJ),Y
DS03,DES04320,CHELOD (EX RNJ),Y
EW07,DES04320,CHELOD (EX RNJ),Y
DS03,DES04321,DAKSHIN KHANDA (EX RNJ),Y
EW07,DES04321,DAKSHIN KHANDA (EX RNJ),Y
DS03,DES04322,DENDUA (EX RNJ),Y
EW07,DES04322,DENDUA (EX RNJ),Y
DS03,DES04323,DURLAVPUR (EX RNJ),Y
EW07,DES04323,DURLAVPUR (EX RNJ),Y
DS03,DES04324,DOMANI (EX RNJ),Y
EW07,DES04324,DOMANI (EX RNJ),Y
DS03,DES04325,DURGAPUR (EX RNJ)],Y
EW07,DES04325,DURGAPUR (EX RNJ)],Y
DS03,DES04326,FULJHOR (EX RNJ),Y
EW07,DES04326,FULJHOR (EX RNJ),Y
DS03,DES04327,GANGALGHATI (EX RNJ),Y
EW07,DES04327,GANGALGHATI (EX RNJ),Y
DS03,DES04328,GOPAL MATH (EX RNJ),Y
EW07,DES04328,GOPAL MATH (EX RNJ),Y
DS03,DES04329,GOURANDI (EX RNJ),Y
EW07,DES04329,GOURANDI (EX RNJ),Y
DS03,DES04330,GOURBAZAR (EX RNJ),Y
EW07,DES04330,GOURBAZAR (EX RNJ),Y
DS03,DES04331,IKRA (EX RNJ),Y
EW07,DES04331,IKRA (EX RNJ),Y
DS03,DES04332,IISCO STEEL PLANT (EX RNJ),Y
EW07,DES04332,IISCO STEEL PLANT (EX RNJ),Y
DS03,DES04333,"INDO-AMERICAN MORE, DURGAPUR (EX RNJ)",Y
EW07,DES04333,"INDO-AMERICAN MORE, DURGAPUR (EX RNJ)",Y
DS03,DES04334,JAMURIA (EX RNJ),Y
EW07,DES04334,JAMURIA (EX RNJ),Y
DS03,DES04335,JAMURIA (INDUSTRIAL) (EX RNJ),Y
EW07,DES04335,JAMURIA (INDUSTRIAL) (EX RNJ),Y
DS03,DES04336,JHANJRA COLONY (EX RNJ),Y
EW07,DES04336,JHANJRA COLONY (EX RNJ),Y
DS03,DES04337,KALIPAHARI (EX RNJ),Y
EW07,DES04337,KALIPAHARI (EX RNJ),Y
DS03,DES04338,KATABERIA (EX RNJ),Y
EW07,DES04338,KATABERIA (EX RNJ),Y
DS03,DES04339,KALIDASPUR (EX RNJ),Y
EW07,DES04339,KALIDASPUR (EX RNJ),Y
DS03,DES04340,KENDRA  (EX RNJ),Y
EW07,DES04340,KENDRA  (EX RNJ),Y
DS03,DES04341,KALLA CENT HOSPITAL (EX RNJ),Y
EW07,DES04341,KALLA CENT HOSPITAL (EX RNJ),Y
DS03,DES04342,KENDRA GRAM (EX RNJ),Y
EW07,DES04342,KENDRA GRAM (EX RNJ),Y
DS03,DES04343,KULTI (EX RNJ),Y
EW07,DES04343,KULTI (EX RNJ),Y
DS03,DES04344,LAUDOHA (EX RNJ),Y
EW07,DES04344,LAUDOHA (EX RNJ),Y
DS03,DES04345,LALGANG (EX RNJ),Y
EW07,DES04345,LALGANG (EX RNJ),Y
DS03,DES04346,MADHUKUNDA (EX RNJ),Y
EW07,DES04346,MADHUKUNDA (EX RNJ),Y
DS03,DES04347,MAMRA (EX RNJ),Y
EW07,DES04347,MAMRA (EX RNJ),Y
DS03,DES04348,MANGALPUR (EX RNJ),Y
EW07,DES04348,MANGALPUR (EX RNJ),Y
DS03,DES04349,MANGALPUR INDUSTRIAL AREA (EX RNJ),Y
EW07,DES04349,MANGALPUR INDUSTRIAL AREA (EX RNJ),Y
DS03,DES04350,MEJIA (EX RNJ),Y
EW07,DES04350,MEJIA (EX RNJ),Y
DS03,DES04351,METALI (EX RNJ),Y
EW07,DES04351,METALI (EX RNJ),Y
DS03,DES04352,MOHAL (EX RNJ),Y
EW07,DES04352,MOHAL (EX RNJ),Y
DS03,DES04353,MOLANDIGI (EX RNJ),Y
EW07,DES04353,MOLANDIGI (EX RNJ),Y
DS03,DES04354,MOHISHILA (EX RNJ),Y
EW07,DES04354,MOHISHILA (EX RNJ),Y
DS03,DES04355,MUCHIPARA (EX RNJ),Y
EW07,DES04355,MUCHIPARA (EX RNJ),Y
DS03,DES04356,NATUNDANGA (EX RNJ),Y
EW07,DES04356,NATUNDANGA (EX RNJ),Y
DS03,DES04357,NINGHA (EX RNJ),Y
EW07,DES04357,NINGHA (EX RNJ),Y
DS03,DES04358,NEW EGARA (EX RNJ),Y
EW07,DES04358,NEW EGARA (EX RNJ),Y
DS03,DES04359,PABRA MORE (EX RNJ),Y
EW07,DES04359,PABRA MORE (EX RNJ),Y
DS03,DES04360,PANAGARH (EX RNJ),Y
EW07,DES04360,PANAGARH (EX RNJ),Y
DS03,DES04361,PANDABESHWAR (EX RNJ),Y
EW07,DES04361,PANDABESHWAR (EX RNJ),Y
DS03,DES04362,PURULIA (EX RNJ),Y
EW07,DES04362,PURULIA (EX RNJ),Y
DS05,DES04362,PURULIA (EX RNJ),Y
DS03,DES04363,RAJBANDH (EX RNJ),Y
EW07,DES04363,RAJBANDH (EX RNJ),Y
DS03,DES04364,RANIGANJ  DUMP,Y
EW07,DES04364,RANIGANJ  DUMP,Y
DS03,DES04365,RANIGANJ (EX RNJ),Y
EW07,DES04365,RANIGANJ (EX RNJ),Y
DS03,DES04366,RANISAYER (EX RNJ),Y
EW07,DES04366,RANISAYER (EX RNJ),Y
DS03,DES04367,RATI- BATI (EX RNJ),Y
EW07,DES04367,RATI- BATI (EX RNJ),Y
DS03,DES04368,RANISAYER MORE (EX RNJ),Y
EW07,DES04368,RANISAYER MORE (EX RNJ),Y
DS03,DES04369,RAKHITPUR (EX RNJ),Y
EW07,DES04369,RAKHITPUR (EX RNJ),Y
DS03,DES04370,RANITALA (KULTI) (EX RNJ),Y
EW07,DES04370,RANITALA (KULTI) (EX RNJ),Y
DS03,DES04371,RUPNARAINPUR (EX RNJ),Y
EW07,DES04371,RUPNARAINPUR (EX RNJ),Y
DS03,DES04372,SALTORA (EX RNJ),Y
EW07,DES04372,SALTORA (EX RNJ),Y
DS03,DES04373,SALANPUR (EX RNJ),Y
EW07,DES04373,SALANPUR (EX RNJ),Y
DS03,DES04374,SANTALDIHI (EX RNJ),Y
EW07,DES04374,SANTALDIHI (EX RNJ),Y
DS03,DES04375,SARPI MORE (EX RNJ),Y
EW07,DES04375,SARPI MORE (EX RNJ),Y
DS03,DES04376,SONPUR BAZARI (EX RNJ),Y
EW07,DES04376,SONPUR BAZARI (EX RNJ),Y
DS03,DES04377,SHIBPUR (EX RNJ),Y
EW07,DES04377,SHIBPUR (EX RNJ),Y
DS03,DES04378,UKRA (EX RNJ),Y
EW07,DES04378,UKRA (EX RNJ),Y
DS03,DES04379,"UTTARAYAN,NADIHA ROAD (EX RNJ)",Y
EW07,DES04379,"UTTARAYAN,NADIHA ROAD (EX RNJ)",Y
DS03,DES04380,SNAAMUKHI (EX RNJ),Y
EW07,DES04380,SNAAMUKHI (EX RNJ),Y
DS03,DES04381,POKHNNA (EX RNJ),Y
EW07,DES04381,POKHNNA (EX RNJ),Y
DS03,DES04382,BORJORA (EX RNJ),Y
EW07,DES04382,BORJORA (EX RNJ),Y
DS03,DES04383,MEGIA (EX RNJ),Y
EW07,DES04383,MEGIA (EX RNJ),Y
DS03,DES04384,KHATRA (EX RNJ),Y
EW07,DES04384,KHATRA (EX RNJ),Y
DS03,DES04385,RAGHUNATHPUR (EX RNJ),Y
EW07,DES04385,RAGHUNATHPUR (EX RNJ),Y
DS03,DES04386,GANGAJAL GHATI (EX RNJ),Y
EW07,DES04386,GANGAJAL GHATI (EX RNJ),Y
DS03,DES04387,NANDANPUR (EX RNJ),Y
EW07,DES04387,NANDANPUR (EX RNJ),Y
DS03,DES04388,GODARDIH (EX RNJ),Y
EW07,DES04388,GODARDIH (EX RNJ),Y
DS09,DES04389,ADISAPTAGRAM ( EX MOGRA),Y
EE07,DES04389,ADISAPTAGRAM ( EX MOGRA),Y
DS09,DES04390,AKNA ( EX MOGRA),Y
EE07,DES04390,AKNA ( EX MOGRA),Y
DS09,DES04391,BAHIRKHANDA ( EX MOGRA),Y
EE07,DES04391,BAHIRKHANDA ( EX MOGRA),Y
DS09,DES04392,BAHULA ( EX MOGRA),Y
EE07,DES04392,BAHULA ( EX MOGRA),Y
DS09,DES04393,BAIDYAPUR ( EX MOGRA),Y
EE07,DES04393,BAIDYAPUR ( EX MOGRA),Y
DS09,DES04394,BAINCHI ( EX MOGRA),Y
EE07,DES04394,BAINCHI ( EX MOGRA),Y
DS09,DES04395,BAINCHIGRAM ( EX MOGRA),Y
EE07,DES04395,BAINCHIGRAM ( EX MOGRA),Y
DS09,DES04396,BAJITPUR ( EX MOGRA),Y
EE07,DES04396,BAJITPUR ( EX MOGRA),Y
DS09,DES04397,BALAGARH ( EX MOGRA),Y
EE07,DES04397,BALAGARH ( EX MOGRA),Y
DS09,DES04398,BALIGURI ( EX MOGRA),Y
EE07,DES04398,BALIGURI ( EX MOGRA),Y
DS09,DES04399,BANASBARIA ( EX MOGRA),Y
EE07,DES04399,BANASBARIA ( EX MOGRA),Y
DS09,DES04400,BANDEL ( EX MOGRA),Y
EE07,DES04400,BANDEL ( EX MOGRA),Y
DS09,DES04401,BANESWARPUR ( EX MOGRA),Y
EE07,DES04401,BANESWARPUR ( EX MOGRA),Y
DS09,DES04402,BHANDERHATI( EX MOGRA),Y
EE07,DES04402,BHANDERHATI( EX MOGRA),Y
DS09,DES04403,BHASTARA ( EX MOGRA),Y
EE07,DES04403,BHASTARA ( EX MOGRA),Y
DS09,DES04404,BOSO ( EX MOGRA),Y
EE07,DES04404,BOSO ( EX MOGRA),Y
DS09,DES04405,BELMURI ( EX MOGRA),Y
EE07,DES04405,BELMURI ( EX MOGRA),Y
DS09,DES04406,CHAGRAM ( EX MOGRA),Y
EE07,DES04406,CHAGRAM ( EX MOGRA),Y
DS09,DES04407,CHANDANNAGAR ( EX MOGRA),Y
EE07,DES04407,CHANDANNAGAR ( EX MOGRA),Y
DS09,DES04408,CHINSURA ( EX MOGRA),Y
EE07,DES04408,CHINSURA ( EX MOGRA),Y
DS09,DES04409,CHOUTARA ( EX MOGRA),Y
EE07,DES04409,CHOUTARA ( EX MOGRA),Y
DS09,DES04410,DASGHARA( EX MOGRA),Y
EE07,DES04410,DASGHARA( EX MOGRA),Y
DS09,DES04411,DHANIAKHALI ( EX MOGRA),Y
EE07,DES04411,DHANIAKHALI ( EX MOGRA),Y
DS09,DES04412,DIARA ( EX MOGRA),Y
EE07,DES04412,DIARA ( EX MOGRA),Y
DS09,DES04413,DUMURDAHA ( EX MOGRA),Y
EE07,DES04413,DUMURDAHA ( EX MOGRA),Y
DS09,DES04414,DWARBASANI ( EX MOGRA),Y
EE07,DES04414,DWARBASANI ( EX MOGRA),Y
DS09,DES04415,FEETER ROAD ( EX MOGRA),Y
EE07,DES04415,FEETER ROAD ( EX MOGRA),Y
DS09,DES04416,GOTU ( EX MOGRA),Y
EE07,DES04416,GOTU ( EX MOGRA),Y
DS09,DES04417,GUPTIPARA ( EX MOGRA),Y
EE07,DES04417,GUPTIPARA ( EX MOGRA),Y
DS09,DES04418,GURAP ( EX MOGRA),Y
EE07,DES04418,GURAP ( EX MOGRA),Y
DS09,DES04419,HARIPAL ( EX MOGRA),Y
EE07,DES04419,HARIPAL ( EX MOGRA),Y
DS09,DES04420,HARIT ( EX MOGRA),Y
EE07,DES04420,HARIT ( EX MOGRA),Y
DS09,DES04421,HASNAN ( EX MOGRA),Y
EE07,DES04421,HASNAN ( EX MOGRA),Y
DS09,DES04422,HATGACHA ( EX MOGRA),Y
EE07,DES04422,HATGACHA ( EX MOGRA),Y
DS09,DES04423,HOOGHLY ( EX MOGRA),Y
EE07,DES04423,HOOGHLY ( EX MOGRA),Y
DS09,DES04424,HOYRA ( EX MOGRA),Y
EE07,DES04424,HOYRA ( EX MOGRA),Y
DS09,DES04425,INCHURA ( EX MOGRA),Y
EE07,DES04425,INCHURA ( EX MOGRA),Y
DS09,DES04426,ITUCHUNA ( EX MOGRA),Y
EE07,DES04426,ITUCHUNA ( EX MOGRA),Y
DS09,DES04427,JAIER ( EX MOGRA),Y
EE07,DES04427,JAIER ( EX MOGRA),Y
DS09,DES04428,JAMGRAM ( EX MOGRA),Y
EE07,DES04428,JAMGRAM ( EX MOGRA),Y
DS09,DES04429,JHARUBATI ( EX MOGRA),Y
EE07,DES04429,JHARUBATI ( EX MOGRA),Y
DS09,DES04430,JIRAT ( EX MOGRA),Y
EE07,DES04430,JIRAT ( EX MOGRA),Y
DS09,DES04431,KAIKALA ( EX MOGRA),Y
EE07,DES04431,KAIKALA ( EX MOGRA),Y
DS09,DES04432,KALACHARA ( EX MOGRA),Y
EE07,DES04432,KALACHARA ( EX MOGRA),Y
DS09,DES04433,KALNA ( EX MOGRA),Y
EE07,DES04433,KALNA ( EX MOGRA),Y
DS09,DES04434,KAMARKUNDU ( EX MOGRA),Y
EE07,DES04434,KAMARKUNDU ( EX MOGRA),Y
DS09,DES04435,KANAJHULI ( EX MOGRA),Y
EE07,DES04435,KANAJHULI ( EX MOGRA),Y
DS09,DES04436,KHAJURDAHA ( EX MOGRA),Y
EE07,DES04436,KHAJURDAHA ( EX MOGRA),Y
DS09,DES04437,KHAMARGACHI ( EX MOGRA),Y
EE07,DES04437,KHAMARGACHI ( EX MOGRA),Y
DS09,DES04438,KHANAN ( EX MOGRA),Y
EE07,DES04438,KHANAN ( EX MOGRA),Y
DS09,DES04439,KHIRKUNDI ( EX MOGRA),Y
EE07,DES04439,KHIRKUNDI ( EX MOGRA),Y
DS09,DES04440,KOROLA ( EX MOGRA),Y
EE07,DES04440,KOROLA ( EX MOGRA),Y
DS09,DES04441,KULIAPARA ( EX MOGRA),Y
EE07,DES04441,KULIAPARA ( EX MOGRA),Y
DS09,DES04442,KUNTIGHAT ( EX MOGRA),Y
EE07,DES04442,KUNTIGHAT ( EX MOGRA),Y
DS09,DES04443,LOKNATH ( EX MOGRA),Y
EE07,DES04443,LOKNATH ( EX MOGRA),Y
DS09,DES04444,MAGRA ( EX MOGRA),N
EE07,DES04444,MAGRA ( EX MOGRA),N
DS09,DES04445,MOHANDA ( EX MOGRA),Y
EE07,DES04445,MOHANDA ( EX MOGRA),Y
DS09,DES04446,MALIYA ( EX MOGRA),Y
EE07,DES04446,MALIYA ( EX MOGRA),Y
DS09,DES04447,MOMUDPUR ( EX MOGRA),Y
EE07,DES04447,MOMUDPUR ( EX MOGRA),Y
DS09,DES04448,MANKUNDU ( EX MOGRA),Y
EE07,DES04448,MANKUNDU ( EX MOGRA),Y
DS09,DES04449,MOHIPALPUR ( EX MOGRA),Y
EE07,DES04449,MOHIPALPUR ( EX MOGRA),Y
DS09,DES04450,MUKTARPUR ( EX MOGRA),Y
EE07,DES04450,MUKTARPUR ( EX MOGRA),Y
DS09,DES04451,MUKTIKURI ( EX MOGRA),Y
EE07,DES04451,MUKTIKURI ( EX MOGRA),Y
DS09,DES04452,MURAGACHA ( EX MOGRA),Y
EE07,DES04452,MURAGACHA ( EX MOGRA),Y
DS09,DES04453,NAKSHA ( EX MOGRA),Y
EE07,DES04453,NAKSHA ( EX MOGRA),Y
DS09,DES04454,NALIKUL ( EX MOGRA),Y
EE07,DES04454,NALIKUL ( EX MOGRA),Y
DS09,DES04455,NASIBPUR ( EX MOGRA),Y
EE07,DES04455,NASIBPUR ( EX MOGRA),Y
DS09,DES04456,NATAGARH ( EX MOGRA),Y
EE07,DES04456,NATAGARH ( EX MOGRA),Y
DS09,DES04457,NIYALA ( EX MOGRA),Y
EE07,DES04457,NIYALA ( EX MOGRA),Y
DS09,DES04458,PANDUA ( EX MOGRA),Y
EE07,DES04458,PANDUA ( EX MOGRA),Y
DS09,DES04459,PARAMBUA ( EX MOGRA),Y
EE07,DES04459,PARAMBUA ( EX MOGRA),Y
DS09,DES04460,PHULPUKUR ( EX MOGRA),Y
EE07,DES04460,PHULPUKUR ( EX MOGRA),Y
DS09,DES04461,POLBA ( EX MOGRA),Y
EE07,DES04461,POLBA ( EX MOGRA),Y
DS09,DES04462,PORA BAZAR ( EX MOGRA),Y
EE07,DES04462,PORA BAZAR ( EX MOGRA),Y
DS09,DES04463,PUINAN ( EX MOGRA),Y
EE07,DES04463,PUINAN ( EX MOGRA),Y
DS09,DES04464,RAMESWARPUR ( EX MOGRA),Y
EE07,DES04464,RAMESWARPUR ( EX MOGRA),Y
DS09,DES04465,SENERDANGA( EX MOGRA),Y
EE07,DES04465,SENERDANGA( EX MOGRA),Y
DS09,DES04466,SIMALGARH ( EX MOGRA),Y
EE07,DES04466,SIMALGARH ( EX MOGRA),Y
DS09,DES04467,SINGARKON ( EX MOGRA),Y
EE07,DES04467,SINGARKON ( EX MOGRA),Y
DS09,DES04468,SINGUR ( EX MOGRA),Y
EE07,DES04468,SINGUR ( EX MOGRA),Y
DS09,DES04469,SOMRABAZAR ( EX MOGRA),Y
EE07,DES04469,SOMRABAZAR ( EX MOGRA),Y
DS09,DES04470,SONATKRI ( EX MOGRA),Y
EE07,DES04470,SONATKRI ( EX MOGRA),Y
DS09,DES04471,SUDARSAN ( EX MOGRA),Y
EE07,DES04471,SUDARSAN ( EX MOGRA),Y
DS09,DES04472,SUGANDHA ( EX MOGRA),Y
EE07,DES04472,SUGANDHA ( EX MOGRA),Y
DS09,DES04473,SULTANGACHA ( EX MOGRA),Y
EE07,DES04473,SULTANGACHA ( EX MOGRA),Y
DS09,DES04474,TALANDU ( EX MOGRA),Y
EE07,DES04474,TALANDU ( EX MOGRA),Y
DS09,DES04475,TALSHARI ( EX MOGRA),Y
EE07,DES04475,TALSHARI ( EX MOGRA),Y
DS09,DES04476,TARAKESWAR ( EX MOGRA),Y
EE07,DES04476,TARAKESWAR ( EX MOGRA),Y
DS09,DES04477,TINNA ( EX MOGRA),Y
EE07,DES04477,TINNA ( EX MOGRA),Y
DS09,DES04478,TRIBENI ( EX MOGRA),Y
EE07,DES04478,TRIBENI ( EX MOGRA),Y
DS09,DES04479,CHAKDA ( EX MOGRA),Y
EE07,DES04479,CHAKDA ( EX MOGRA),Y
DS09,DES04480,MADANPUR ( EX MOGRA),Y
EE07,DES04480,MADANPUR ( EX MOGRA),Y
DS09,DES04481,SILINDA ( EX MOGRA),Y
EE07,DES04481,SILINDA ( EX MOGRA),Y
DS09,DES04482,JAGULI ( EX MOGRA),Y
EE07,DES04482,JAGULI ( EX MOGRA),Y
DS09,DES04483,SIMURALI ( EX MOGRA),Y
EE07,DES04483,SIMURALI ( EX MOGRA),Y
DS09,DES04484,KALYANI ( EX MOGRA),Y
EE07,DES04484,KALYANI ( EX MOGRA),Y
DS09,DES04485,HARINGHATA ( EX MOGRA),Y
EE07,DES04485,HARINGHATA ( EX MOGRA),Y
DS13,DES04486,ABHIRAMPUR (EX MDNP),Y
B003,DES04486,ABHIRAMPUR (EX MDNP),Y
DS13,DES04487,AMLASULI (EX MDNP),Y
B003,DES04487,AMLASULI (EX MDNP),Y
DS13,DES04488,BAJKUL (EX MDNP),Y
B003,DES04488,BAJKUL (EX MDNP),Y
DS13,DES04489,BALIGHAI (EX MDNP),Y
B003,DES04489,BALIGHAI (EX MDNP),Y
DS13,DES04490,BALISHAI (EX MDNP),Y
B003,DES04490,BALISHAI (EX MDNP),Y
DS13,DES04491,BARDA CHOWKAN (EX MDNP),Y
B003,DES04491,BARDA CHOWKAN (EX MDNP),Y
DS13,DES04492,BELDA (EX MDNP),Y
B003,DES04492,BELDA (EX MDNP),Y
DS13,DES04493,BELTALA (DASPIR) (EX MDNP),Y
B003,DES04493,BELTALA (DASPIR) (EX MDNP),Y
DS13,DES04494,BIDYAPITH (EX MDNP),Y
B003,DES04494,BIDYAPITH (EX MDNP),Y
DS13,DES04495,BRAJALAL CHAK (EX MDNP),Y
B003,DES04495,BRAJALAL CHAK (EX MDNP),Y
DS13,DES04496,CHANDIPUR (EX MDNP),Y
B003,DES04496,CHANDIPUR (EX MDNP),Y
DS13,DES04497,CONTAI (EX MDNP),Y
B003,DES04497,CONTAI (EX MDNP),Y
DS13,DES04498,DADHIKA (EX MDNP),Y
B003,DES04498,DADHIKA (EX MDNP),Y
DS13,DES04499,DANTAN (EX MDNP),Y
B003,DES04499,DANTAN (EX MDNP),Y
DS13,DES04500,DASPUR (EX MDNP),Y
B003,DES04500,DASPUR (EX MDNP),Y
DS13,DES04501,DEBRA (EX MDNP),Y
B003,DES04501,DEBRA (EX MDNP),Y
DS13,DES04502,DEOLIHAT (EX MDNP),Y
B003,DES04502,DEOLIHAT (EX MDNP),Y
DS13,DES04503,DIGHA (EX MDNP),Y
B003,DES04503,DIGHA (EX MDNP),Y
DS13,DES04504,EGRA (EX MDNP),Y
B003,DES04504,EGRA (EX MDNP),Y
DS13,DES04505,GARBETA (EX MDNP),Y
B003,DES04505,GARBETA (EX MDNP),Y
DS13,DES04506,GHATAL (EX MDNP),Y
B003,DES04506,GHATAL (EX MDNP),Y
DS13,DES04507,GOPIBALLAVPUR (EX MDNP),Y
B003,DES04507,GOPIBALLAVPUR (EX MDNP),Y
DS13,DES04508,GOURA (EX MDNP),Y
B003,DES04508,GOURA (EX MDNP),Y
DS13,DES04509,HALDIA (EX MDNP),Y
B003,DES04509,HALDIA (EX MDNP),Y
DS13,DES04510,HERIA (EX MDNP),Y
B003,DES04510,HERIA (EX MDNP),Y
DS13,DES04511,ITABERIA (EX MDNP),Y
B003,DES04511,ITABERIA (EX MDNP),Y
DS13,DES04512,JASORA (EX MDNP),Y
B003,DES04512,JASORA (EX MDNP),Y
DS13,DES04513,KAKTIA (EX MDNP),Y
B003,DES04513,KAKTIA (EX MDNP),Y
DS13,DES04514,KESHAPAT (MECHOGRAM) (EX MDNP),Y
B003,DES04514,KESHAPAT (MECHOGRAM) (EX MDNP),Y
DS13,DES04515,KHAKURDA(BELDA) (EX MDNP),Y
B003,DES04515,KHAKURDA(BELDA) (EX MDNP),Y
DS13,DES04516,KHORAR (EX MDNP),Y
B003,DES04516,KHORAR (EX MDNP),Y
DS13,DES04517,KHIRPAI (EX MDNP),Y
B003,DES04517,KHIRPAI (EX MDNP),Y
DS13,DES04518,KHUDIMORE (EX MDNP),Y
B003,DES04518,KHUDIMORE (EX MDNP),Y
DS13,DES04519,KOLAGHAT (EX MDNP),Y
B003,DES04519,KOLAGHAT (EX MDNP),Y
DS13,DES04520,MADHAKALI (EX MDNP),Y
B003,DES04520,MADHAKALI (EX MDNP),Y
DS13,DES04521,MAHISADAL (EX MDNP),Y
B003,DES04521,MAHISADAL (EX MDNP),Y
DS13,DES04522,MANGLAMARO (EX MDNP),Y
B003,DES04522,MANGLAMARO (EX MDNP),Y
DS13,DES04523,MARISDA (EX MDNP),Y
B003,DES04523,MARISDA (EX MDNP),Y
DS13,DES04524,NANDAKUMAR (EX MDNP),Y
B003,DES04524,NANDAKUMAR (EX MDNP),Y
DS13,DES04525,NANDIGRAM (EX MDNP),Y
B003,DES04525,NANDIGRAM (EX MDNP),Y
DS13,DES04526,NEGUA (EX MDNP),Y
B003,DES04526,NEGUA (EX MDNP),Y
DS13,DES04527,PANIPARUL (EX MDNP),Y
B003,DES04527,PANIPARUL (EX MDNP),Y
DS13,DES04528,PATASPUR (EX MDNP),Y
B003,DES04528,PATASPUR (EX MDNP),Y
DS13,DES04529,PRATAPDIGHI (EX MDNP),Y
B003,DES04529,PRATAPDIGHI (EX MDNP),Y
DS13,DES04530,RADHAMONI (EX MDNP),Y
B003,DES04530,RADHAMONI (EX MDNP),Y
DS13,DES04531,RAMNAGAR (EX MDNP),Y
B003,DES04531,RAMNAGAR (EX MDNP),Y
DS13,DES04532,SONAKHALI (EX MDNP),Y
B003,DES04532,SONAKHALI (EX MDNP),Y
DS13,DES04533,SONAMAIHAT (EX MDNP),Y
B003,DES04533,SONAMAIHAT (EX MDNP),Y
DS13,DES04534,SRINAGAR (EX MDNP),Y
B003,DES04534,SRINAGAR (EX MDNP),Y
DS13,DES04535,SUTAHATA (EX MDNP),Y
B003,DES04535,SUTAHATA (EX MDNP),Y
DS13,DES04536,TAMLUK (EX MDNP),Y
B003,DES04536,TAMLUK (EX MDNP),Y
DS13,DES04537,TURKA (EX MDNP),Y
B003,DES04537,TURKA (EX MDNP),Y
DS13,DES04538,AJODYAPUR (EX MDNP),Y
B003,DES04538,AJODYAPUR (EX MDNP),Y
DS13,DES04539,ALAMGIRI (EX MDNP),Y
B003,DES04539,ALAMGIRI (EX MDNP),Y
DS13,DES04540,ALANKARPUR (EX MDNP),Y
B003,DES04540,ALANKARPUR (EX MDNP),Y
DS13,DES04541,AMARSHI (EX MDNP),Y
B003,DES04541,AMARSHI (EX MDNP),Y
DS13,DES04542,ARGOAL (EX MDNP),Y
B003,DES04542,ARGOAL (EX MDNP),Y
DS13,DES04543,ASARI (EX MDNP),Y
B003,DES04543,ASARI (EX MDNP),Y
DS13,DES04544,BAIKUNTHAPUR (EX MDNP),Y
B003,DES04544,BAIKUNTHAPUR (EX MDNP),Y
DS13,DES04545,BALAIPANDA (EX MDNP),Y
B003,DES04545,BALAIPANDA (EX MDNP),Y
DS13,DES04546,BALICHAK (EX MDNP),Y
B003,DES04546,BALICHAK (EX MDNP),Y
DS13,DES04547,BAPURHAT (EX MDNP),Y
B003,DES04547,BAPURHAT (EX MDNP),Y
B003,DES04548,BASANTAPUR (EX MDNP),Y
DS13,DES04548,BASANTAPUR (EX MDNP),Y
DS13,DES04549,BELEGHATA (EX MDNP),Y
B003,DES04549,BELEGHATA (EX MDNP),Y
DS13,DES04550,BENAPUR (EX MDNP),Y
B003,DES04550,BENAPUR (EX MDNP),Y
DS13,DES04551,BHAWNICHAK (EX MDNP),Y
B003,DES04551,BHAWNICHAK (EX MDNP),Y
B003,DES04552,BHIMESWARI (EX MDNP),Y
DS13,DES04552,BHIMESWARI (EX MDNP),Y
DS13,DES04553,BRAJALALCHAK (EX MDNP),Y
B003,DES04553,BRAJALALCHAK (EX MDNP),Y
DS13,DES04554,C.K.ROAD (EX MDNP),Y
B003,DES04554,C.K.ROAD (EX MDNP),Y
DS13,DES04555,C.K.TOWN (EX MDNP),Y
B003,DES04555,C.K.TOWN (EX MDNP),Y
B003,DES04556,CHAIPAT (EX MDNP),Y
DS13,DES04556,CHAIPAT (EX MDNP),Y
DS13,DES04557,CHAITANYAPUR (EX MDNP),Y
B003,DES04557,CHAITANYAPUR (EX MDNP),Y
DS13,DES04558,CHAULKHOLA(CONTAI) (EX MDNP),Y
B003,DES04558,CHAULKHOLA(CONTAI) (EX MDNP),Y
DS13,DES04559,DASAGRAM (EX MDNP),Y
B003,DES04559,DASAGRAM (EX MDNP),Y
B003,DES04560,DENAN(KOLAGHAT) (EX MDNP),Y
DS13,DES04560,DENAN(KOLAGHAT) (EX MDNP),Y
DS13,DES04561,DEOLI(DIGHA) (EX MDNP),Y
B003,DES04561,DEOLI(DIGHA) (EX MDNP),Y
DS13,DES04562,DHADIKA (EX MDNP),Y
B003,DES04562,DHADIKA (EX MDNP),Y
DS13,DES04563,DHERUA (EX MDNP),Y
B003,DES04563,DHERUA (EX MDNP),Y
B003,DES04564,GEOKHALI (EX MDNP),Y
DS13,DES04564,GEOKHALI (EX MDNP),Y
DS13,DES04565,GOALTORE (EX MDNP),Y
B003,DES04565,GOALTORE (EX MDNP),Y
DS13,DES04566,HUMGARH (EX MDNP),Y
B003,DES04566,HUMGARH (EX MDNP),Y
DS13,DES04567,LODHASULI (EX MDNP),Y
B003,DES04567,LODHASULI (EX MDNP),Y
B003,DES04568,MADPUR (EX MDNP),Y
DS13,DES04568,MADPUR (EX MDNP),Y
DS13,DES04569,MAKRAMPUR (EX MDNP),Y
B003,DES04569,MAKRAMPUR (EX MDNP),Y
DS13,DES04570,MALIGRAM (EX MDNP),Y
B003,DES04570,MALIGRAM (EX MDNP),Y
DS13,DES04571,MANIKPARA (EX MDNP),Y
B003,DES04571,MANIKPARA (EX MDNP),Y
B003,DES04572,MAZNA (CONTAI) (EX MDNP),Y
DS13,DES04572,MAZNA (CONTAI) (EX MDNP),Y
DS13,DES04573,MECHEDA (EX MDNP),Y
B003,DES04573,MECHEDA (EX MDNP),Y
DS13,DES04574,MECHOGRAM (EX MDNP),Y
B003,DES04574,MECHOGRAM (EX MDNP),Y
DS13,DES04575,MIRGODA (EX MDNP),Y
B003,DES04575,MIRGODA (EX MDNP),Y
B003,DES04576,MOHAR (EX MDNP),Y
DS13,DES04576,MOHAR (EX MDNP),Y
DS13,DES04577,MONDERMONI (EX MDNP),Y
B003,DES04577,MONDERMONI (EX MDNP),Y
DS13,DES04578,MONGLAMARO (EX MDNP),Y
B003,DES04578,MONGLAMARO (EX MDNP),Y
DS13,DES04579,MOYNA (EX MDNP),Y
B003,DES04579,MOYNA (EX MDNP),Y
B003,DES04580,MUGBASAN (EX MDNP),Y
DS13,DES04580,MUGBASAN (EX MDNP),Y
DS13,DES04581,MUKUNDAPUR (EX MDNP),Y
B003,DES04581,MUKUNDAPUR (EX MDNP),Y
DS13,DES04582,MUNDUMARI (JAMNA) (EX MDNP),Y
B003,DES04582,MUNDUMARI (JAMNA) (EX MDNP),Y
DS13,DES04583,NACHINDA (EX MDNP),Y
B003,DES04583,NACHINDA (EX MDNP),Y
B003,DES04584,NARGHAT (EX MDNP),Y
DS13,DES04584,NARGHAT (EX MDNP),Y
DS13,DES04585,NAYAGRAM (MIDNAPORE) (EX MDNP),Y
B003,DES04585,NAYAGRAM (MIDNAPORE) (EX MDNP),Y
DS13,DES04586,NAYAGRAM (VASRA) (EX MDNP),Y
B003,DES04586,NAYAGRAM (VASRA) (EX MDNP),Y
DS13,DES04587,NAZIRBAZAR (EX MDNP),Y
B003,DES04587,NAZIRBAZAR (EX MDNP),Y
B003,DES04588,NEKURSINI (EX MDNP),Y
DS13,DES04588,NEKURSINI (EX MDNP),Y
DS13,DES04589,NERADEUL (EX MDNP),Y
B003,DES04589,NERADEUL (EX MDNP),Y
DS13,DES04590,NIKASHIBAZAR (EX MDNP),Y
B003,DES04590,NIKASHIBAZAR (EX MDNP),Y
DS13,DES04591,NILPORE (CONTAI) (EX MDNP),Y
B003,DES04591,NILPORE (CONTAI) (EX MDNP),Y
B003,DES04592,NIMTORY (EX MDNP),Y
DS13,DES04592,NIMTORY (EX MDNP),Y
DS13,DES04593,TOPSIYA (EX MDNP),Y
B003,DES04593,TOPSIYA (EX MDNP),Y
DS13,DES04594,NUTANPUKUR (EX MDNP),Y
B003,DES04594,NUTANPUKUR (EX MDNP),Y
DS13,DES04595,PANCHKURI (EX MDNP),Y
B003,DES04595,PANCHKURI (EX MDNP),Y
B003,DES04596,PANCHRUL (ALAMGIRI) (EX MDNP),Y
DS13,DES04596,PANCHRUL (ALAMGIRI) (EX MDNP),Y
DS13,DES04597,PANSKURA (EX MDNP),Y
B003,DES04597,PANSKURA (EX MDNP),Y
DS13,DES04598,PATASHPUR (EX MDNP),Y
B003,DES04598,PATASHPUR (EX MDNP),Y
DS13,DES04599,PATNA (MARATOLA) (EX MDNP),Y
B003,DES04599,PATNA (MARATOLA) (EX MDNP),Y
B003,DES04600,PAUSI (KALINAGAR) (EX MDNP),Y
DS13,DES04600,PAUSI (KALINAGAR) (EX MDNP),Y
DS13,DES04601,PETUAGHAT (EX MDNP),Y
B003,DES04601,PETUAGHAT (EX MDNP),Y
DS13,DES04602,PIARDOBAMORE (EX MDNP),Y
B003,DES04602,PIARDOBAMORE (EX MDNP),Y
DS13,DES04603,PICHABONI (EX MDNP),Y
B003,DES04603,PICHABONI (EX MDNP),Y
B003,DES04604,PINGLA (EX MDNP),Y
DS13,DES04604,PINGLA (EX MDNP),Y
DS13,DES04605,PIRAKATA (EX MDNP),Y
B003,DES04605,PIRAKATA (EX MDNP),Y
DS13,DES04606,PRATAPPUR (EX MDNP),Y
B003,DES04606,PRATAPPUR (EX MDNP),Y
DS13,DES04607,PREMBAZAR (EX MDNP),Y
B003,DES04607,PREMBAZAR (EX MDNP),Y
B003,DES04608,PUKURAI (JHARGRAM) (EX MDNP),Y
DS13,DES04608,PUKURAI (JHARGRAM) (EX MDNP),Y
DS13,DES04609,PULSITA (EX MDNP),Y
B003,DES04609,PULSITA (EX MDNP),Y
DS13,DES04610,PURSAGHAT (EX MDNP),Y
B003,DES04610,PURSAGHAT (EX MDNP),Y
DS13,DES04611,PURUSATTAMPUR (EX MDNP),Y
B003,DES04611,PURUSATTAMPUR (EX MDNP),Y
B003,DES04612,RADHAMOHANPUR (EX MDNP),Y
DS13,DES04612,RADHAMOHANPUR (EX MDNP),Y
DS13,DES04613,RADHANAGAR (EX MDNP),Y
B003,DES04613,RADHANAGAR (EX MDNP),Y
DS13,DES04614,RAGHUNATHBARI (EX MDNP),Y
B003,DES04614,RAGHUNATHBARI (EX MDNP),Y
DS13,DES04615,RAGRA (EX MDNP),Y
B003,DES04615,RAGRA (EX MDNP),Y
B003,DES04616,RAJMA (EX MDNP),Y
DS13,DES04616,RAJMA (EX MDNP),Y
DS13,DES04617,RAJNAGAR (KESHPUR) (EX MDNP),Y
B003,DES04617,RAJNAGAR (KESHPUR) (EX MDNP),Y
DS13,DES04618,RAMGARH (EX MDNP),Y
B003,DES04618,RAMGARH (EX MDNP),Y
DS13,DES04619,RAMJIBANPUR (EX MDNP),Y
B003,DES04619,RAMJIBANPUR (EX MDNP),Y
B003,DES04620,RAMTARAKUT (EX MDNP),Y
DS13,DES04620,RAMTARAKUT (EX MDNP),Y
DS13,DES04621,RANICHAK (GHATAL) (EX MDNP),Y
B003,DES04621,RANICHAK (GHATAL) (EX MDNP),Y
DS13,DES04622,RANICHAK (HALDIA) (EX MDNP),Y
B003,DES04622,RANICHAK (HALDIA) (EX MDNP),Y
DS13,DES04623,RANTUA (GOPI) (EX MDNP),Y
B003,DES04623,RANTUA (GOPI) (EX MDNP),Y
B003,DES04624,RAOTARA (EX MDNP),Y
DS13,DES04624,RAOTARA (EX MDNP),Y
DS13,DES04625,RATULIA (EX MDNP),Y
B003,DES04625,RATULIA (EX MDNP),Y
DS13,DES04626,REYAPRARA (EX MDNP),Y
B003,DES04626,REYAPRARA (EX MDNP),Y
DS13,DES04627,ROHINI (EX MDNP),Y
B003,DES04627,ROHINI (EX MDNP),Y
B003,DES04628,RUINAN (EX MDNP),Y
DS13,DES04628,RUINAN (EX MDNP),Y
DS13,DES04629,SABANG (EX MDNP),Y
B003,DES04629,SABANG (EX MDNP),Y
DS13,DES04630,SAGARBAR (EX MDNP),Y
B003,DES04630,SAGARBAR (EX MDNP),Y
DS13,DES04631,SAGARPUR (EX MDNP),Y
B003,DES04631,SAGARPUR (EX MDNP),Y
B003,DES04632,SALBONI (EX MDNP),Y
DS13,DES04632,SALBONI (EX MDNP),Y
DS13,DES04633,SHANKARPUR (DIGHA) (EX MDNP),Y
B003,DES04633,SHANKARPUR (DIGHA) (EX MDNP),Y
DS13,DES04634,SHAYAM SUNDARPUR (EX MDNP),Y
B003,DES04634,SHAYAM SUNDARPUR (EX MDNP),Y
DS13,DES04635,SHYAMCHANDPUR (EX MDNP),Y
B003,DES04635,SHYAMCHANDPUR (EX MDNP),Y
B003,DES04636,SIDDHA BAZAR (EX MDNP),Y
DS13,DES04636,SIDDHA BAZAR (EX MDNP),Y
DS13,DES04637,SILDA (EX MDNP),Y
B003,DES04637,SILDA (EX MDNP),Y
DS13,DES04638,SINGHAGHI (EX MDNP),Y
B003,DES04638,SINGHAGHI (EX MDNP),Y
DS13,DES04639,SONAKANYA (EX MDNP),Y
B003,DES04639,SONAKANYA (EX MDNP),Y
B003,DES04640,RASULPUR (EX MDNP),Y
DS13,DES04640,RASULPUR (EX MDNP),Y
DS13,DES04641,SRIPUR (EX MDNP),Y
B003,DES04641,SRIPUR (EX MDNP),Y
DS13,DES04642,SULTANGAR (EX MDNP),Y
B003,DES04642,SULTANGAR (EX MDNP),Y
DS13,DES04643,SUPA (EX MDNP),Y
B003,DES04643,SUPA (EX MDNP),Y
B003,DES04644,TABAGARI (EX MDNP),Y
DS13,DES04644,TABAGARI (EX MDNP),Y
DS13,DES04645,TAJPUR (EX MDNP),Y
B003,DES04645,TAJPUR (EX MDNP),Y
DS13,DES04646,TALBAGHICHA (EX MDNP),Y
B003,DES04646,TALBAGHICHA (EX MDNP),Y
DS13,DES04647,TALIBHATA (EX MDNP),Y
B003,DES04647,TALIBHATA (EX MDNP),Y
B003,DES04648,TEMATHANI (EX MDNP),Y
DS13,DES04648,TEMATHANI (EX MDNP),Y
DS13,DES04649,TENGUA (EX MDNP),Y
B003,DES04649,TENGUA (EX MDNP),Y
DS13,DES04650,TEPAR PARA (EX MDNP),Y
B003,DES04650,TEPAR PARA (EX MDNP),Y
DS13,DES04651,TERAPAKHIA (KAPASGARIA) (EX MDNP),Y
B003,DES04651,TERAPAKHIA (KAPASGARIA) (EX MDNP),Y
B003,DES04652,TERAPAKHIA (NGM) (EX MDNP),Y
DS13,DES04652,TERAPAKHIA (NGM) (EX MDNP),Y
DS13,DES04653,THAKUR CHOWK (EX MDNP),Y
B003,DES04653,THAKUR CHOWK (EX MDNP),Y
DS13,DES04654,THEKUABAZAR (EX MDNP),Y
B003,DES04654,THEKUABAZAR (EX MDNP),Y
DS13,DES04655,TIKRAMORE (DHIGA) (EX MDNP),Y
B003,DES04655,TIKRAMORE (DHIGA) (EX MDNP),Y
B003,DES04656,TILAKULA (SALBONI) (EX MDNP),Y
DS13,DES04656,TILAKULA (SALBONI) (EX MDNP),Y
DS13,DES04657,TOTANALA (EX MDNP),Y
B003,DES04657,TOTANALA (EX MDNP),Y
DS13,DES04658,TOWNSHIP (HALDIA) (EX MDNP),Y
B003,DES04658,TOWNSHIP (HALDIA) (EX MDNP),Y
DS13,DES04659,TRILOCHANPUR (EX MDNP),Y
B003,DES04659,TRILOCHANPUR (EX MDNP),Y
B003,DES04660,TULSICHOTI (EX MDNP),Y
DS13,DES04660,TULSICHOTI (EX MDNP),Y
DS13,DES04661,UBADAL (EX MDNP),Y
B003,DES04661,UBADAL (EX MDNP),Y
DS13,DES04662,UTTARBIL (EX MDNP),Y
B003,DES04662,UTTARBIL (EX MDNP),Y
DS13,DES04663,VASRAGHAT(EX MDNP),Y
B003,DES04663,VASRAGHAT(EX MDNP),Y
DS04,DES04664,AJODHYA EX BANKURA,Y
DS04,DES04665,AKUI EX BANKURA,Y
DS04,DES04666,AMARKANAN EX BANKURA,Y
DS04,DES04667,AMBIKANAGAR EX BANKURA,Y
DS04,DES04668,ARALDIH EX BANKURA,Y
DS04,DES04669,ARKAMA EX BANKURA,Y
DS04,DES04670,BAIBARDA EX BANKURA,Y
DS04,DES04671,BAITAL EX BANKURA,Y
DS04,DES04672,BALLAVPUR EX BANKURA,Y
DS04,DES04673,BALSI EX BANKURA,Y
DS04,DES04674,BAMUNDIHA  EX BANKURA,Y
DS04,DES04675,BANGLA EX BANKURA,Y
DS04,DES04676,BANKADAHA EX BANKURA,Y
DS04,DES04677,BANKURA EX BANKURA,Y
DS04,DES04678,BANKURA-1 EX BANKURA,Y
DS04,DES04679,BANKURA-2 EX BANKURA,Y
DS04,DES04680,BARABANI  EX BANKURA,Y
DS04,DES04681,BARJORA EX BANKURA,Y
DS04,DES04682,BELIATORE EX BANKURA,Y
DS04,DES04683,BHATPUKUR  EX BANKURA,Y
DS04,DES04684,BHEDIASOLE  EX BANKURA,Y
DS04,DES04685,BHOOTSAHAR EX BANKURA,Y
DS04,DES04686,BIBARDA EX BANKURA,Y
DS04,DES04687,BIKRAMPUR EX BANKURA,Y
DS04,DES04688,BISHNUPUR EX BANKURA,Y
DS04,DES04689,BISHNUPUR ST RD EX BNK,Y
DS04,DES04690,CHAGULIAH EX BANKURA,Y
DS04,DES04691,CHAKA EX BANKURA,Y
DS04,DES04692,CHATNA EX BANKURA,Y
DS04,DES04693,CHATRAMORE  EX BANKURA,Y
DS04,DES04694,CHHANDAR  EX BANKURA,Y
DS04,DES04695,DAMUGHOSA  EX BANKURA,Y
DS04,DES04696,DANGARAMPUR EX BANKURA,Y
DS04,DES04697,DESHRA EX BANKURA,Y
DS04,DES04698,DESHURIAMORE EX BANKURA,Y
DS04,DES04699,DHALDANGA EX BANKURA,Y
DS04,DES04700,DURLAVPUR EX BANKURA,Y
DS04,DES04701,FULKUSHMA EX BANKURA,Y
DS04,DES04702,GANGAJALL GHATI EX BANKURA,Y
DS04,DES04703,GARH RAIPUR EX BANKURA,Y
DS04,DES04704,GELIA EX BANKURA,Y
DS04,DES04705,GHAT RANGAMATI EX BANKURA,Y
DS04,DES04706,GHUTGORIA  EX BANKURA,Y
DS04,DES04707,GORABARI EX BANKURA,Y
DS04,DES04708,GORGARIA EX BANKURA,Y
DS04,DES04709,HARIGRAM EX BANKURA,Y
DS04,DES04710,HARIGRAMSALURI EX BANKURA,Y
DS04,DES04711,HARMASRA EX BANKURA,Y
DS04,DES04712,HATASURIA EX BANKURA,Y
DS04,DES04713,HATIRAMPUR EX BANKURA,Y
DS04,DES04714,HETIA EX BANKURA,Y
DS04,DES04715,HOSPITAL MAINGATE EX BNK,Y
DS04,DES04716,INDPUR EX BANKURA,Y
DS04,DES04717,INDUS EX BANKURA,Y
DS04,DES04718,JAIKRISHNAPUR  EX BANKURA,Y
DS04,DES04719,JAIPUR EX BANKURA,Y
DS04,DES04720,JAIRAMBATI EX BANKURA,Y
DS04,DES04721,JAMBEDIA EX BANKURA,Y
DS04,DES04722,JHANTI PAHARI EX BANKURA,Y
DS04,DES04723,JHILIMILI EX BANKURA,Y
DS04,DES04724,JHORDA EX BANKURA,Y
DS04,DES04725,JORHIRA EX BANKURA,Y
DS04,DES04726,JOYKRISHNAPUR EX BANKURA,Y
DS04,DES04727,JOYNAGAR EX BANKURA,Y
DS04,DES04728,JOYRAMPUR EX BANKURA,Y
DS04,DES04729,KAMALPUR EX BANKURA,Y
DS04,DES04730,KANKARBERIA EX BANKURA,Y
DS04,DES04731,KANKARDANGA EX BANKURA,Y
DS04,DES04732,KANKATA MORE EX BANKURA,Y
DS04,DES04733,KASTORA MORE EX BANKURA,Y
DS04,DES04734,KATJURIDANGA EX BANKURA,Y
DS04,DES04735,KENJAKURA EX BANKURA,Y
DS04,DES04736,KESHIAKOL EX BANKURA,Y
DS04,DES04737,KHATRA EX BANKURA,Y
DS04,DES04738,KOTALPUR EX BANKURA,Y
DS04,DES04739,KOTULPR(NETAJI MR EX BNK,Y
DS04,DES04740,KOYLAPARA  EX BANKURA,Y
DS04,DES04741,KUSTHAL EX BANKURA,Y
DS04,DES04742,KUCHIAKOL EX BANKURA,Y
DS04,DES04743,LAKHISAGAR EX BANKURA,Y
DS04,DES04744,LAKSHMANPUR EX BANKURA,Y
DS04,DES04745,"LALBAZAR(JAYRMBTI,BQA)EX BNK",Y
DS04,DES04746,LEGO EX BANKURA,Y
DS04,DES04747,MACHATORA EX BANKURA,Y
DS04,DES04748,MAKURGRAM EX BANKURA,Y
DS04,DES04749,MALIAN  EX BANKURA,Y
DS04,DES04750,MALIARA EX BANKURA,Y
DS04,DES04751,MANKANALI  EX BANKURA,Y
DS04,DES04752,MATGODA  EX BANKURA,Y
DS04,DES04753,MEJIA EX BANKURA,Y
DS04,DES04754,MEJIA TPS  EX BANKURA,Y
DS04,DES04755,METALI  EX BANKURA,Y
DS04,DES04756,MIRJAPUR  EX BANKURA,Y
DS04,DES04757,MOYNAPUR EX BANKURA,Y
DS04,DES04758,NAKAIJURI EX BANKURA,Y
DS04,DES04759,NATUNGRAM EX BANKURA,Y
DS04,DES04760,NIKUNJAPUR EX BANKURA,Y
DS04,DES04761,NUTANCHATI EX BANKURA,Y
DS04,DES04762,NUTANGANJ EX BANKURA,Y
DS04,DES04763,OLA EX BANKURA,Y
DS04,DES04764,ONDA EX BANKURA,Y
DS04,DES04765,P.MORE EX BANKURA,Y
DS04,DES04766,PABRAMORE EX BANKURA,Y
DS04,DES04767,PALASHDANGA  EX BANKURA,Y
DS04,DES04768,PANCHMURA EX BANKURA,Y
DS04,DES04769,PANDUA EX BANKURA,Y
DS04,DES04770,PATHARMORA EX BANKURA,Y
DS04,DES04771,PATRASAAYER EX BANKURA,Y
DS04,DES04772,POABAGAN EX BANKURA,Y
DS04,DES04773,POKHANNA EX BANKURA,Y
DS04,DES04774,RABINDRA SARANI EX BNK,Y
DS04,DES04775,RADHAMADHABPUR EX BNK,Y
DS04,DES04776,RADHANAGAR EX BANKURA,Y
DS04,DES04777,RAIPUR  EX BANKURA,Y
DS04,DES04778,RAJGRAM (BANKURA) EX BNK,Y
DS04,DES04779,RAMDIHA EX BANKURA,Y
DS04,DES04780,RAMPUR EX BANKURA,Y
DS04,DES04781,RAMSAGAR EX BANKURA,Y
DS04,DES04782,RANGAMATI EX BANKURA,Y
DS04,DES04783,RANIBANDH EX BANKURA,Y
DS04,DES04784,RASULPUR EX BANKURA,Y
DS04,DES04785,RATANPUR EX BANKURA,Y
DS04,DES04786,RUDRA  EX BANKURA,Y
DS04,DES04787,SABRAKONE EX BANKURA,Y
DS04,DES04788,SALBEDIA EX BANKURA,Y
DS04,DES04789,SALDIHA EX BANKURA,Y
DS04,DES04790,SALTORA EX BANKURA,Y
DS04,DES04791,SANBANDHA MORE EX BNK,Y
DS04,DES04792,SANTASRAM EX BANKURA,Y
DS04,DES04793,SARBERIA EX BANKURA,Y
DS04,DES04794,SASHPUR EX BANKURA,Y
DS04,DES04795,SARENGA EX BANKURA,Y
DS04,DES04796,SIHAR  EX BANKURA,Y
DS04,DES04797,SIMLAPAL EX BANKURA,Y
DS04,DES04798,SONAMUKHI EX BANKURA,Y
DS04,DES04799,SONAMAKHI(RATNGNJ)EX BNK,Y
DS04,DES04800,SOOKJORA M/CHATRA EX BNK,Y
DS04,DES04801,SRIHAR EX BANKURA,Y
DS04,DES04802,SUNUKPAHARI EX BANKURA,Y
DS04,DES04803,SUSUNIA EX BANKURA,Y
DS04,DES04804,TALDANGRA EX BANKURA,Y
DS04,DES04805,TILURI EX BANKURA,Y
DS04,DES04806,VEDUASOL EX BANKURA,Y
EW07,DES04807,ADRA (EX-PURULIA),Y
DS05,DES04807,ADRA (EX-PURULIA),Y
EW07,DES04808,ANARA (EX-PURULIA),Y
DS05,DES04808,ANARA (EX-PURULIA),Y
DS05,DES04809,ARSHA (EX-PURULIA),Y
EW07,DES04809,ARSHA (EX-PURULIA),Y
EW07,DES04810,BAGMUNDI (EX-PURULIA),Y
DS05,DES04810,BAGMUNDI (EX-PURULIA),Y
EW07,DES04811,BALARAMPUR (EX-PURULIA),Y
DS05,DES04811,BALARAMPUR (EX-PURULIA),Y
EW07,DES04812,BANDWAN (EX-PURULIA),Y
DS05,DES04812,BANDWAN (EX-PURULIA),Y
DS05,DES04813,BARABAZAR (EX-PURULIA),Y
EW07,DES04813,BARABAZAR (EX-PURULIA),Y
EW07,DES04814,BARAM (EX-PURULIA),Y
DS05,DES04814,BARAM (EX-PURULIA),Y
EW07,DES04815,BARGORIA (EX-PURULIA),Y
DS05,DES04815,BARGORIA (EX-PURULIA),Y
EW07,DES04816,BEGUNKODAR (EX-PURULIA),Y
DS05,DES04816,BEGUNKODAR (EX-PURULIA),Y
DS05,DES04817,BHADSHA (EX-PURULIA),Y
EW07,DES04817,BHADSHA (EX-PURULIA),Y
EW07,DES04818,BISPURIA (EX-PURULIA),Y
DS05,DES04818,BISPURIA (EX-PURULIA),Y
EW07,DES04819,BONGABARI (EX-PURULIA),Y
DS05,DES04819,BONGABARI (EX-PURULIA),Y
EW07,DES04820,BORO (EX-PURULIA),Y
DS05,DES04820,BORO (EX-PURULIA),Y
DS05,DES04821,CHAKOLTORE (EX-PURULIA),Y
EW07,DES04821,CHAKOLTORE (EX-PURULIA),Y
EW07,DES04822,CHANDANPUR (EX-PURULIA),Y
DS05,DES04822,CHANDANPUR (EX-PURULIA),Y
EW07,DES04823,CHAS MORE (EX-PURULIA),Y
DS05,DES04823,CHAS MORE (EX-PURULIA),Y
EW07,DES04824,CHATUMADAR (EX-PURULIA),Y
DS05,DES04824,CHATUMADAR (EX-PURULIA),Y
DS05,DES04825,CHELIYAMA (EX-PURULIA),Y
EW07,DES04825,CHELIYAMA (EX-PURULIA),Y
EW07,DES04826,DUBRA (EX-PURULIA),Y
DS05,DES04826,DUBRA (EX-PURULIA),Y
EW07,DES04827,GOBAG (EX-PURULIA),Y
DS05,DES04827,GOBAG (EX-PURULIA),Y
EW07,DES04828,GOPALNAGAR (EX-PURULIA),Y
DS05,DES04828,GOPALNAGAR (EX-PURULIA),Y
DS05,DES04829,GOPALPUR (EX-PURULIA),Y
EW07,DES04829,GOPALPUR (EX-PURULIA),Y
EW07,DES04830,HURA (EX-PURULIA),Y
DS05,DES04830,HURA (EX-PURULIA),Y
EW07,DES04831,ILU (EX-PURULIA),Y
DS05,DES04831,ILU (EX-PURULIA),Y
EW07,DES04832,JAMTARIA (EX-PURULIA),Y
DS05,DES04832,JAMTARIA (EX-PURULIA),Y
DS05,DES04833,JHALDA (EX-PURULIA),Y
EW07,DES04833,JHALDA (EX-PURULIA),Y
EW07,DES04834,JHAPRA (EX-PURULIA),Y
DS05,DES04834,JHAPRA (EX-PURULIA),Y
EW07,DES04835,JOYNAGAR (EX-PURULIA),Y
DS05,DES04835,JOYNAGAR (EX-PURULIA),Y
EW07,DES04836,JOYPUR (EX-PURULIA),Y
DS05,DES04836,JOYPUR (EX-PURULIA),Y
DS05,DES04837,KALABANI (EX-PURULIA),Y
EW07,DES04837,KALABANI (EX-PURULIA),Y
EW07,DES04838,KANTADIH (EX-PURULIA),Y
DS05,DES04838,KANTADIH (EX-PURULIA),Y
EW07,DES04839,KASHIPUR (EX-PURULIA),Y
DS05,DES04839,KASHIPUR (EX-PURULIA),Y
EW07,DES04840,KENDA (EX-PURULIA),Y
DS05,DES04840,KENDA (EX-PURULIA),Y
DS05,DES04841,KOTSHILA (EX-PURULIA),Y
EW07,DES04841,KOTSHILA (EX-PURULIA),Y
EW07,DES04842,KUSTAUR (EX-PURULIA),Y
DS05,DES04842,KUSTAUR (EX-PURULIA),Y
EW07,DES04843,LADHURKA (EX-PURULIA),Y
DS05,DES04843,LADHURKA (EX-PURULIA),Y
EW07,DES04844,LAGDA (EX-PURULIA),Y
DS05,DES04844,LAGDA (EX-PURULIA),Y
DS05,DES04845,LAKHANPUR (EX-PURULIA),Y
EW07,DES04845,LAKHANPUR (EX-PURULIA),Y
EW07,DES04846,LAKRA (EX-PURULIA),Y
DS05,DES04846,LAKRA (EX-PURULIA),Y
EW07,DES04847,LALPUR (EX-PURULIA),Y
DS05,DES04847,LALPUR (EX-PURULIA),Y
EW07,DES04848,MADHUKUNDA (EX-PURULIA),Y
DS05,DES04848,MADHUKUNDA (EX-PURULIA),Y
DS05,DES04849,MAHATO MARA (EX-PURULIA),Y
EW07,DES04849,MAHATO MARA (EX-PURULIA),Y
EW07,DES04850,MANBAZAR (EX-PURULIA),Y
DS05,DES04850,MANBAZAR (EX-PURULIA),Y
EW07,DES04851,MISIRDIH (EX-PURULIA),Y
DS05,DES04851,MISIRDIH (EX-PURULIA),Y
EW07,DES04852,MURADDI (EX-PURULIA),Y
DS05,DES04852,MURADDI (EX-PURULIA),Y
DS05,DES04853,NETURIA (EX-PURULIA),Y
EW07,DES04853,NETURIA (EX-PURULIA),Y
EW07,DES04854,NODIHA (EX-PURULIA),Y
DS05,DES04854,NODIHA (EX-PURULIA),Y
EW07,DES04855,PARA (EX-PURULIA),Y
DS05,DES04855,PARA (EX-PURULIA),Y
EW07,DES04856,PARBELIYA (EX-PURULIA),Y
DS05,DES04856,PARBELIYA (EX-PURULIA),Y
DS05,DES04857,PUNCHA (EX-PURULIA),Y
EW07,DES04857,PUNCHA (EX-PURULIA),Y
EW07,DES04858,PUNDAG (EX-PURULIA),Y
DS05,DES04858,PUNDAG (EX-PURULIA),Y
EW07,DES04859,PURIYARA (EX-PURULIA),Y
DS05,DES04859,PURIYARA (EX-PURULIA),Y
EW07,DES04860,PURULIA (EX-PURULIA),Y
DS05,DES04860,PURULIA (EX-PURULIA),Y
DS05,DES04861,RAGHUNATHPUR (EX-PURULIA),Y
EW07,DES04861,RAGHUNATHPUR (EX-PURULIA),Y
EW07,DES04862,RAIBANDH (EX-PURULIA),Y
DS05,DES04862,RAIBANDH (EX-PURULIA),Y
EW07,DES04863,RAMCHANDRAPUR (EX-PURULIA),Y
DS05,DES04863,RAMCHANDRAPUR (EX-PURULIA),Y
EW07,DES04864,RANGAMATI (EX-PURULIA),Y
DS05,DES04864,RANGAMATI (EX-PURULIA),Y
DS05,DES04865,SANTALDIH (EX-PURULIA),Y
EW07,DES04865,SANTALDIH (EX-PURULIA),Y
EW07,DES04866,SARBORI (EX-PURULIA),Y
DS05,DES04866,SARBORI (EX-PURULIA),Y
EW07,DES04867,SERANGDIH (EX-PURULIA),Y
DS05,DES04867,SERANGDIH (EX-PURULIA),Y
EW07,DES04868,SIMLA (EX-PURULIA),Y
DS05,DES04868,SIMLA (EX-PURULIA),Y
DS05,DES04869,SINDRI (EX-PURULIA),Y
EW07,DES04869,SINDRI (EX-PURULIA),Y
EW07,DES04870,SIRKABAD (EX-PURULIA),Y
DS05,DES04870,SIRKABAD (EX-PURULIA),Y
EW07,DES04871,SUISA (EX-PURULIA),Y
DS05,DES04871,SUISA (EX-PURULIA),Y
EW07,DES04872,TULIN (EX-PURULIA),Y
DS05,DES04872,TULIN (EX-PURULIA),Y
DN01,DES04873,BADOMIRCHA,Y
DN01,DES04874,BALRAMPUR,Y
DN01,DES04875,BAMANHAT,Y
DN01,DES04876,BANESHWAR,Y
DN01,DES04877,CHANGRABANDA,Y
DN01,DES04878,CHILAKHANA,Y
DN01,DES04879,CHILKIRHAT,Y
DN01,DES04880,COOCH BIHAR,Y
DN01,DES04881,DEVANHAT,Y
DN01,DES04882,DEWANHAT (NCB),Y
DN01,DES04883,DINHATA ( NCB),Y
DN01,DES04884,GITALDAH,Y
DN01,DES04885,GOSAIRHAT,Y
DN01,DES04886,GOSANIMARI,Y
DN01,DES04887,HALDIBARI (NCB),Y
DN01,DES04888,JAMALDAH (NCB),Y
DN01,DES04889,JAMALDEH,Y
DN01,DES04890,KHOLTA,Y
DN01,DES04891,MATHALBHANGA,Y
DN01,DES04892,NISHIGANJ,Y
DN01,DES04893,PARASIHAT,Y
DN01,DES04894,PHUNDHIBARI,Y
DN01,DES04895,RAJARHAT,Y
DN01,DES04896,SAGARDIGHIGHAT,Y
DN01,DES04897,SAHEBGANJ(NCB),Y
DN01,DES04898,SITAI,Y
DN01,DES04899,SITALKUCHI,Y
DN01,DES04900,TAPURHAT,Y
DN01,DES04901,COOCHBEHAR TOWN,Y
DN01,DES04902,COOCHBEHAR (FCI),Y
DN01,DES04903,NEW COOCHBEHAR TOWN TRIP,Y
DN01,DES04904,NEEL KUTHI,Y
DN01,DES04905,FALAKATA,Y
DN01,DES04906,KHAPAI DHARGA,Y
DN01,DES04907,KALJANI,Y
DN01,DES04908,DOWRAGURI,Y
DN01,DES04909,TALLIGURI,Y
DN01,DES04910,MARUGANJ,Y
DN01,DES04911,CHELAKHANA,Y
DN01,DES04912,DEOCHARAI MORE,Y
DN01,DES04913,DEOCHARAI BANDER,Y
DN01,DES04914,NATA BARI,Y
DN01,DES04915,BAALA BHUT,Y
DN01,DES04916,TUFANGANJ,Y
DN01,DES04917,LANGAL GRAM,Y
DN01,DES04918,HARIR HAT,Y
DN01,DES04919,BAARKODALI,Y
DN01,DES04920,SHALLDANGAA,Y
DN01,DES04921,BOXIRHAT(NCB),Y
DN01,DES04922,BAKLA,Y
DN01,DES04923,BHANUKUMARI,Y
DN01,DES04924,BHATIBARI (NCB),Y
DN01,DES04925,KRISHNAPUR (NCB),Y
DN01,DES04926,DHOLPAUL,Y
DN01,DES04927,KAMAKHYGURI,Y
DN01,DES04928,BAROBISHA,Y
DN01,DES04929,JORAI,Y
DN01,DES04930,RAMPUR (NCB),Y
DN01,DES04931,KUMARGRAM (NCB),Y
DN01,DES04932,KUMAR GRAM SANKOSH GRAM,Y
DN01,DES04933,KHUARDANGA,Y
DN01,DES04934,NAGURHAT,Y
DN01,DES04935,DEEPER PAR,Y
DN01,DES04936,DUDEAR HAT,Y
DN01,DES04937,GOPALPUR CHOUPATHI,Y
DN01,DES04938,SONARI,Y
DN01,DES04939,GOPALPUR BANDER,Y
DN01,DES04940,DHANG DHING GURI,Y
DN01,DES04941,CHAGALBER CHOUPATI,Y
DN01,DES04942,BUKALI,Y
DN01,DES04943,KHULTA BAZAR,Y
DN01,DES04944,KHULTA CHECK POST,Y
DN01,DES04945,BIRPARA CHUPATI,Y
DN01,DES04946,TAPASIKHATA,Y
DN01,DES04947,GHARGHARIA,Y
DN01,DES04948,MORICH BARI,Y
DN01,DES04949,KUNTIR HAT,Y
DN01,DES04950,ALIPURDUAR(NCB),Y
DN01,DES04951,ALIPURDUAR COURT (NCB),N
DN01,DES04952,ALIPUR JUNCTION (NCB),N
DN01,DES04953,DAMANPUR,Y
DN01,DES04954,JAYANTI,Y
DN01,DES04955,NIMTI,Y
DN01,DES04956,KALCHINI (NCB),N
DN01,DES04957,HAMILTAN GANI,Y
DN01,DES04958,PURATAN HASHIMARA,Y
DN01,DES04959,DALSINGH PARA,Y
DN01,DES04960,JAIGAN,Y
DN01,DES04961,PHUNTSELLING (BHUTAN),Y
DN01,DES04962,RAJABHAT KHAWA,Y
DN01,DES04963,MADHUPUR,Y
DN01,DES04964,PUNDIBARI (NCB),Y
DN01,DES04965,PATLA KHAWA,Y
DN01,DES04966,SONAPUR ( NCB),Y
DN01,DES04967,SONAPUR BABURHAT,Y
DN01,DES04968,MATHURA BAGAN,Y
DN01,DES04969,CHEELA PATA,Y
DN01,DES04970,KODAL BASTI VIA CHELAPATA,Y
DN01,DES04971,HASHIMARA VIA CHELAPATA,Y
DN01,DES04972,DALSLINGH PARA VIA CHELAPATA,Y
DN01,DES04973,JAIGAN VIA CHELAPATA,Y
DN01,DES04974,MADARIHAT VIA SONAPUR,Y
DN01,DES04975,PALASHBARI(NCB),Y
DN01,DES04976,SHALKUMAR,Y
DN01,DES04977,FALAKATA VIA SONAPUR,Y
DN01,DES04978,JATESHWAR (NCB),Y
DN01,DES04979,BIRPARA,N
DN01,DES04980,BIRPARA(NCB),Y
DN01,DES04981,ETHELBARI (NCB),Y
DN01,DES04982,BINNAGURI (NCB),Y
DN01,DES04983,GOERKATA,Y
DN01,DES04984,NAGRAKANTA,N
DN01,DES04985,CHALSA (NCB),N
DN01,DES04986,MAAL BAZAR,Y
DN01,DES04987,ODLABARI (NCB),Y
DN01,DES04988,SEVOK,Y
DN01,DES04989,BANARHAT,Y
DN01,DES04990,GHUGHUMARI,Y
DN01,DES04991,DHOLUABARI,Y
DN01,DES04992,KALAKANTA,Y
DN01,DES04993,DEWANHAT,Y
DN01,DES04994,BHETAGURI,Y
DN01,DES04995,NAYABAZAR(NCB),Y
DN03,DES04996,DINHATA,N
DN03,DES04997,MOINAGURI,N
DN03,DES04998,MOINAGURI(SLG),Y
DN01,DES04999,DHAPRAHAT VIA DINHATA,Y
DN01,DES05000,NAYARHAT (DINHATA),Y
DN01,DES05001,NIGAM NAGAR,Y
DN01,DES05002,CHOWDHURY HAT(NCB),Y
DN01,DES05003,DHUPGURI(NCB),Y
DN01,DES05004,GITALDAHA,Y
DN01,DES05005,PETLAA,Y
DN01,DES05006,ADABARI,Y
DN01,DES05007,NATKUBARI,Y
DN01,DES05008,ATIABARI,Y
DN01,DES05009,UKARABARI,Y
DN01,DES05010,JIRANPUR,Y
DN01,DES05011,CHEKADARA,Y
DN01,DES05012,NAZIRHAT VIA CHEKDARA,Y
DN01,DES05013,BURIRHAT,Y
DN01,DES05014,HOWRAHAT,Y
DN01,DES05015,GOBRA CHARA ( NCB),Y
DN01,DES05016,KADAMTALA PALPARA,Y
DN01,DES05017,PASHARIR HAT,Y
DN01,DES05018,SHAHEBER HAT,Y
DN01,DES05019,SHUKTABARI,Y
DN01,DES05020,BALIAMARI,Y
DN01,DES05021,7TH MILE (SAT MILE),Y
DN01,DES05022,AKRAR HAT,Y
DN01,DES05023,MUANMARI,Y
DN01,DES05024,NARAYAN GANJ,Y
DN01,DES05025,KALIRHAT SITAI,Y
DN01,DES05026,JANJA NARAYAN KUTI,Y
DN01,DES05027,DURAR BABRI (JAMALDAH),Y
DN01,DES05028,MANSAI AMBARI,Y
DN01,DES05029,MOINAGURI CHOUPATHI,Y
DN01,DES05030,MAGFALA,Y
DN01,DES05031,CHANDAMARI,Y
DN01,DES05032,JAI BANGLAR HAT,Y
DN01,DES05033,NISHIGANJ (NCB),Y
DN01,DES05034,MANABARI,Y
DN01,DES05035,HINDUSTAN MORE,Y
DN01,DES05036,GHUKSHADANGA,Y
DN01,DES05037,PREMER DANGA,Y
DN01,DES05038,MATHA BHANGA(NCB),Y
DN01,DES05039,MATHA BHANGA,Y
DN01,DES05040,KAWARDARA,Y
DN01,DES05041,DAKGHAR,Y
DN01,DES05042,PANCHARHAT,Y
DN01,DES05043,SHITALKUCH,N
DN01,DES05044,BARA MORICHA,Y
DN01,DES05045,GIRIDHARI,Y
DN01,DES05046,LAL BAZAR,Y
DN01,DES05047,NAGARLAL BAZAR,Y
DN01,DES05048,SHEKARPUR / CHENAKATA,Y
DN01,DES05049,NAYARHAT (MATHABHANGA),Y
DN01,DES05050,GILADANGA,Y
DN01,DES05051,BOIRAGIHAT,Y
DN01,DES05052,CHANGRABANDHA,N
DN01,DES05053,DHAPURHAT,Y
DN01,DES05054,UCHALPUKHURI,Y
DN01,DES05055,MEKHLIGANJ (NCB),Y
DN01,DES05056,BORAIBARI,Y
DN01,DES05057,PARADUBI,Y
DN01,DES05058,RAMTHENGA,Y
DN01,DES05059,GHUGHUDANGA (NCB),N
DN01,DES05060,DHUPGARI (NCB),N
DN01,DES05061,MOINAGURI(NCB),Y
DN01,DES05062,RANINAGAR (NCB),N
DN01,DES05063,RAJGANJ (NCB),Y
DN01,DES05064,FULBARI (NCB),Y
DN01,DES05065,SILIGURI (NCB),Y
DN01,DES05066,HALDIBARI,Y
DN01,DES05067,SALBARI (NCB),Y
DN01,DES05068,SALSALABARI,Y
DN01,DES05069,SHAMUKTALA,Y
DN01,DES05070,CHEKO VIA ALIPUR,Y
DN01,DES05071,CHAPANIHAT,Y
DN01,DES05072,CHAPANI,Y
DN01,DES05073,HARIBOLAHAT,Y
DN01,DES05074,NETAJI BAZAR,Y
DN01,DES05075,KURSAHAT,Y
DN01,DES05076,CHUKIPARA,Y
DN01,DES05077,MORANGA BAZAR,Y
DN01,DES05078,MORANGA CHOUPATHI,Y
DN01,DES05079,DOMUKHA,Y
DN01,DES05080,RANIRHAT ( NCB),Y
DN01,DES05081,ATIALGURI (NCB),N
DN01,DES05082,CHILKIGURI,Y
DN01,DES05083,HAZRAHAT ( NCB),Y
DN01,DES05084,DEVIRHAT (CHANDMARI),Y
DN01,DES05085,SHAMUKHTALA ROAD,Y
DN01,DES05086,KEDARHAT,Y
DN01,DES05087,LALBAZAR,Y
DN01,DES05088,FAKIRCHAKI,Y
DN01,DES05089,GOBRA CHARA,Y
DN01,DES05090,SATHPUKHRI,Y
DN01,DES05091,KHOCHA BARI,Y
DN01,DES05092,NAK KATI,Y
DN01,DES05093,MOUA MARI,Y
DN01,DES05094,BAUDEAR DANGA,Y
DN01,DES05095,MANSAI,Y
DN01,DES05096,HARIPUR,Y
DN01,DES05097,JORAPUKRI,Y
DN01,DES05098,PUTIMARI,Y
DN01,DES05099,KARTIKA CHA BAGAN,Y
DN01,DES05100,KERON,Y
DN01,DES05101,MATIGARA(COOCHBIHAR),Y
DN01,DES05102,BIRPARA VIA CHILAPATA,Y
DN01,DES05103,MADARIHAT VIA CHILAPATA,Y
DN01,DES05104,DEWARHAT,Y
DN01,DES05105,BHATRI GACHA,Y
DN01,DES05106,7TH MILE DUMUKHA,Y
DN01,DES05107,BOCHAMARI,Y
DN01,DES05108,PAKHIHAGA,Y
DN01,DES05109,LAKSMIBAZAR,Y
DN01,DES05110,DANGARHAT,Y
DN01,DES05111,FALAKATA 5TH MILE,Y
DN01,DES05112,CHATRAMPUR,Y
DN01,DES05113,NAKKATI(DEWARHAT),Y
DN01,DES05114,PANISHALA 4NO:,Y
DN01,DES05115,CHEKO ALIPUR,Y
DN01,DES05116,PAITKAPARA,Y
DN01,DES05117,KHAPSADANGA,Y
DN01,DES05118,KATAMARI SATMILE,Y
DN01,DES05119,RAJARKUTHI,Y
DN01,DES05120,AKRARHAT,N
DN01,DES05121,BAODEAR DANGA,Y
DN01,DES05122,SIPRA (SAMUKTALA),Y
DN01,DES05123,SCHOOLDANGA (SAMUKTALA),Y
DN01,DES05124,SHINGADANGA,Y
DN01,DES05125,KASIRDANGA,Y
DN01,DES05126,BAROBHITA,Y
DN01,DES05127,JAMIRDANGA,Y
DN01,DES05128,GORAIN HAT,Y
DN01,DES05129,KADAMTALA  (PUNDIBARI),Y
DN01,DES05130,BAMANI DANGA,Y
DN01,DES05131,MALIRHAT (CHANDAMARI),Y
DN01,DES05132,LAKSMIR HAT,Y
DN01,DES05133,BASHANTIHAT,Y
DN01,DES05134,SALMARA,Y
DN01,DES05135,KALMATI,Y
DN01,DES05136,BALIKA,Y
DN01,DES05137,KURSHAMARI,Y
DN01,DES05138,KHATIMARI,Y
DN01,DES05139,BORO CHOUKI,Y
DN01,DES05140,LOOHA PARI,Y
DN01,DES05141,JASHODA DANGA,Y
DN01,DES05142,CHILKI GURI,Y
DN01,DES05143,SARKARER HAT,Y
DN01,DES05144,CHAPORER HAT,Y
DN01,DES05145,MORANADIR KUTHI,Y
DN01,DES05146,MAJHIR BARI (JAMALDAH),Y
DN01,DES05147,KHARUBAHJ,Y
DN01,DES05148,SAPUR HAT(NCB),Y
DN01,DES05149,LALPUL,Y
DN01,DES05150,OARLESS (FALAKATA),Y
DN01,DES05151,KRANTI,Y
DN01,DES05152,KULKULI HAT,Y
DN01,DES05153,GUKHSADANDA (PUNDIBARI),Y
DN01,DES05154,DAKLIR HAT,Y
DN01,DES05155,BHAVER KHANA,Y
DN01,DES05156,ROTHER DANGA (MATHABHANGA),Y
DN01,DES05157,KHOGENER HAT,Y
DN01,DES05158,RAMPUR FOLIMARI,Y
DN01,DES05159,19 BEESHA,Y
DN01,DES05160,NEW CHANGRABANDHA T.E,Y
DN01,DES05161,SAAT BHANDARI,Y
DN01,DES05162,NAJIRHAAT,Y
DN01,DES05163,CHUAPARA T.E.,Y
DN01,DES05164,BHATPARA T.E,Y
DN01,DES05165,CENTRAL DUARS T.E.,Y
DN01,DES05166,NEW LANDS T.E.,Y
DN01,DES05167,HATIPOTA T.E,Y
DN01,DES05168,MAJHER DABRI T.E.,Y
DN01,DES05169,NIMTIJHORA T.E.,Y
DN01,DES05170,HELPAKRI,Y
DN01,DES05171,TURTURI,Y
DN01,DES05172,BAMONVITA,Y
DN01,DES05173,PAROPARA (DEWANHAT),Y
DN01,DES05174,BARO SOLMARI,Y
DN01,DES05175,KHERBARI HAAT,Y
DN01,DES05176,NIGAMNAGAR KADAMTALA,Y
DN01,DES05177,KIRIKIRI VANG,Y
DN01,DES05178,TIL DANGA,Y
DN01,DES05179,SHIVPUR(NCB),Y
DN01,DES05180,KHERBARI,Y
DN01,DES05181,NAYARHAT (GOPALPUR),Y
DN01,DES05182,NATABARI(NCB),Y
DN01,DES05183,NAYARBAZAR (SITALKUCHI),Y
DN01,DES05184,NATABARI SHYAMGANJ,Y
DN01,DES05185,SATISHER HAT,Y
DN01,DES05186,GHEGIR HAT,Y
DN01,DES05187,ROTHERDANGA,Y
DN01,DES05188,DAKALIR HAT,Y
DN01,DES05189,BHUTNIR GHAT,Y
DN01,DES05190,NATABARI POLASHTOLI,Y
DN01,DES05191,FALAKATA 9TH MILE,Y
DN01,DES05192,KESHARER HAT,Y
DN01,DES05193,MAHESHER PAAT,Y
DN01,DES05194,NOTUN BOXIRHAT,Y
DN01,DES05195,GHORGORIA 8TH MILE,Y
DN01,DES05196,DURAR DABRI JAMADOH,Y
DN01,DES05197,HAJIR DOKAN (MATHABHANGA),Y
DN01,DES05198,SHIVPUR,Y
DN01,DES05199,KHETIFULBARI,Y
DN01,DES05200,KALIR HAT,Y
DN01,DES05201,GOSANIMARI (SAGARDIGHI GHAT),Y
DN01,DES05202,TOPASHIKATA,Y
DN01,DES05203,JORE SIMLI,Y
DN01,DES05204,MADHUPUR MORE,Y
DN01,DES05205,JAGYANARAYAN KUTHI,Y
DN01,DES05206,BURIR HAT,Y
DN01,DES05207,KHARIJA GOPALPUR (NAYARHAT),Y
DN01,DES05208,DAANGI (SAMUKTALA),Y
DN01,DES05209,PAANCH KONYA,Y
DN01,DES05210,KHATIMARI(NCB),Y
DN01,DES05211,ALOKJHORA,Y
DN01,DES05212,BALAJAN,Y
DN01,DES05213,CONTROL HAT,Y
DN01,DES05214,KUSARBARI,Y
DN01,DES05215,BHAVER HAT (MATHABHANGA),Y
DN01,DES05216,ICCHAGANJ,Y
DN01,DES05217,SALBARAI (TUFANGANJ),Y
DN01,DES05218,BAROBARI (SUTKABARI),Y
DN01,DES05219,ALLARBARI,Y
DN01,DES05220,GUMANI HAT,Y
DN01,DES05221,ABUTARA,Y
DN07,DES05222,BANSHIHARI,Y
DN07,DES05223,BALURGHAT,Y
DN07,DES05224,BALURGHAT MARKET,Y
DN07,DES05225,BAUL,Y
DN07,DES05226,BUNIYADPUR,Y
DN07,DES05227,DAULATPUR,Y
DN07,DES05228,DETOLHAT,Y
DN07,DES05229,GANGARAMPUR,Y
DN07,DES05230,GOPALGANJ,Y
DN07,DES05231,HARIRAMPUR,Y
DN07,DES05232,HILLI,Y
DN07,DES05233,KUMARGANJ,Y
DN07,DES05234,KUSHMANDI,Y
DN07,DES05235,LASKAR HAT,Y
DN07,DES05236,MAHIPAL,N
DN07,DES05237,MAHIPAL,N
DN07,DES05238,NAROI,Y
DN07,DES05239,NAYA BAZAR(D DINAJPUR),Y
DN07,DES05240,PATIRAM,Y
DN07,DES05241,RAMPUR -DDP,Y
DN07,DES05242,SHUKDEVPUR DDP,Y
DN07,DES05243,TAPAN,Y
DN07,DES05244,TEOR,Y
DN07,DES05245,TRIMOHINI,Y
DN07,DES05246,BOLLA,Y
DN07,DES05247,ASHOK GRAM,Y
DN07,DES05248,SAKHABARI,Y
DN07,DES05249,FULBARI (DLK),Y
DN07,DES05250,KARGIL MORE,Y
DN07,DES05251,BANGLAPARA,Y
DN07,DES05252,SHYAM NAGAR,N
DN07,DES05253,BOTH TOLI,Y
DN07,DES05254,AMINPUR,Y
DN07,DES05255,TALUKAMORE,Y
DN07,DES05256,KANBAHA,Y
DN07,DES05257,LOUHA NAGAR,Y
DN07,DES05258,BOLIPOKHOR,Y
DN07,DES05259,SHIB BARI,Y
DN07,DES05260,CHAMPATOLA,Y
DN07,DES05261,SARBAMANGLA,Y
DN07,DES05262,GOTAHAR,Y
DN07,DES05263,PRANSAGAR,Y
DN07,DES05264,KASHEN MORE,Y
DN07,DES05265,MAJHIHAR,Y
DN03,DES05266,ALIPURDUAR,Y
DN03,DES05267,ALIPURDWAR(JAL),N
DN03,DES05268,AAMBARI(SLG),Y
DN03,DES05269,AAMBARI,Y
DN03,DES05270,BANARHAT(SLG),Y
DN03,DES05271,BANARAHAT,Y
DN03,DES05272,BARABISA,Y
DN03,DES05273,BELAKOBA,Y
DN03,DES05274,BINNAGURI,Y
DN03,DES05275,BIRPARA,N
DN03,DES05276,CHANGRABANDA(SLG),Y
DN03,DES05277,CHAMURCHI,Y
DN03,DES05278,DELIPARA,Y
DN03,DES05279,DHUPGURI(SLG),Y
DN03,DES05280,DHUPGURI (SLG),Y
DN03,DES05281,ETHELBARI(SLG),Y
DN03,DES05282,ETHELBARI,Y
DN03,DES05283,FALAKATA(NJP),Y
DN03,DES05284,HASIMARA,Y
DN03,DES05285,JALPAIGURI,Y
DN03,DES05286,JALPAIGURI(SLG),Y
DN03,DES05287,JOTIAKHALI,Y
DN03,DES05288,JOTIAKHALI(SLG),Y
DN03,DES05289,KAMAKHYAGURI,N
DN03,DES05290,KAMAKHYAGURI,N
DN03,DES05291,MADARIHAT(SLG),Y
DN03,DES05292,MADARIHAT,Y
DN03,DES05293,MAINAGURI,Y
DN03,DES05294,MALBAZAR(SLG),Y
DN03,DES05295,MALBAZAR,Y
DN03,DES05296,MATELI,Y
DN03,DES05297,NAGARKATA(SLG),Y
DN03,DES05298,NAGRAKATA(SLG),Y
DN03,DES05299,NOIRHAT,Y
DN03,DES05300,ODALBARI,Y
DN03,DES05301,ODALBARI (NCB),N
DN03,DES05302,RAJGANJ(SLG),Y
DN03,DES05303,SONAPUR (FALAKATA),Y
DN03,DES05304,SHIVMANDIR,Y
DN03,DES05305,TELIPARA,Y
DN03,DES05306,BAGDOGRA,N
DN03,DES05307,BATASI,N
DN03,DES05308,BATASI(SLG),N
DN03,DES05309,BIDHAN NAGAR,N
DN03,DES05310,BIDHAN NAGAR(SLG),N
DN03,DES05311,BHUTKI,N
DN03,DES05312,CHATERHAT,N
DN03,DES05313,CHALSA(SLG),N
DN03,DES05314,CHALSA,N
DN03,DES05315,DARJEELING MORE,N
DN03,DES05316,DEBIDANGA,N
DN03,DES05317,EASTERN BYPASS(SILIGURI) DUMP,N
DN03,DES05318,GHOSH PUKUR,N
DN03,DES05319,GHOKSADANGA,N
DN03,DES05320,OWA,N
DN03,DES05321,HASKOA,N
DN03,DES05322,HASKUA,N
DN03,DES05323,KADAMTALA,N
DN03,DES05324,KHARIBARI(SLG),N
DN03,DES05325,KHORIBARI,N
DN03,DES05326,KHORIBARI(SLG),N
DN03,DES05327,LICHUPOKHRI,N
DN03,DES05328,LICHUPOKHRI(SLG),N
DN03,DES05329,NAXALBARI,N
DN03,DES05330,NAXALBARI(SLG),N
DN03,DES05331,PALASHBARI (SILIGURI),N
DN03,DES05332,PANIGHATA,N
DN03,DES05333,PHANSIDEWA,N
DN03,DES05334,PHASIDEWA(SLG),N
DN03,DES05335,RANGAPANI(SLG),N
DN03,DES05336,SILIGURI,N
DN03,DES05337,ADHIKARI,N
DN03,DES05338,BHAISBHITA,N
DN03,DES05339,BHOPATTI,N
DN03,DES05340,BERUBARI,N
DN03,DES05341,BERUBARI,N
DN03,DES05342,BAGRACOTE,N
DN03,DES05343,BURIMARI,N
DN03,DES05344,BARNESHHAT,N
DN03,DES05345,BAROBHISHA,N
DN03,DES05346,BHATIBARI,N
DN03,DES05347,BAROMARICHA,N
DN03,DES05348,BAKSHIRHAT,N
DN03,DES05349,CHATTERHAT,N
DN03,DES05350,CHAMPAGURI,N
DN03,DES05351,CHANGMARI,N
DN03,DES05352,CHANGABASTI,N
DN03,DES05353,CHAUDHURIHAT,N
DN03,DES05354,DAMDIM,N
DN03,DES05355,DEWANGANJ,N
DN03,DES05356,DALSINGPARA,N
DN03,DES05357,DHARMAPUR,N
DN03,DES05358,DHAPRAHAT,N
DN03,DES05359,DHAPGANJ,N
DN03,DES05360,DHUPRAMARI,N
DN03,DES05361,DOODERHAT,N
DN03,DES05362,FULBARI(SLG),N
DN03,DES05363,FULBARI (SILIGURI),N
DN03,DES05364,GAJALDOBA,N
DN03,DES05365,GHOSHPUKKUR,N
DN03,DES05366,GORUBATHAN,N
DN03,DES05367,GORUBATHAN,N
DN03,DES05368,GORUBATHAN(SLG),N
DN03,DES05369,GHUGHUDANGA,N
DN03,DES05370,GALGALIA,N
DN03,DES05371,GAIRKATA,N
DN03,DES05372,GUKUSDANGA,N
DN03,DES05373,HANSKHOA,N
DN03,DES05374,HAMILTONGAN,N
DN03,DES05375,HARIBOLAHA,N
DN03,DES05376,HAPTIAGACH,N
DN03,DES05377,HAZRAHAT,N
DN03,DES05378,JAIMALDA,N
DN03,DES05379,JAIGAON,N
DN03,DES05380,JATESHWAR,N
DN03,DES05381,KHAPRAIL (SLG),N
DN03,DES05382,KHAPRAIL(SLG),N
DN03,DES05383,KHAPRAIL,N
DN03,DES05384,KRANTIHAT,N
DN03,DES05385,KALAGACH,N
DN03,DES05386,KALCHINI,N
DN03,DES05387,KUMARGRAM,N
DN03,DES05388,LATHAGURI,N
DN03,DES05389,LAKGHATA,N
DN03,DES05390,MEKHLIGANJ,N
DN03,DES05391,MANDALGHAT,N
DN03,DES05392,NIMATI,N
DN03,DES05393,NAYERHAT,N
DN03,DES05394,NATABARI,N
DN03,DES05395,ODLABARI,N
DN03,DES05396,ODLABARI (SLG),N
DN03,DES05397,PANITANKI,N
DN03,DES05398,RAMGANJ SLG,N
DN03,DES05399,RANIRHAT,N
DN03,DES05400,RAMDHAMALI,N
DN03,DES05401,RANINAGAR SLG,N
DN03,DES05402,RAMPUR,N
DN03,DES05403,SALBARI (F),N
DN03,DES05404,SISUBARI,N
DN03,DES05405,SONAPUR (NH-34),N
DN03,DES05406,SONAPUR (APDJ),N
DN03,DES05407,SAMUKTALA,N
DN03,DES05408,SANKOSH,N
DN03,DES05409,SHILBARIHAT,N
DN03,DES05410,SALKUMAR,N
DN03,DES05411,SAMSING,N
DN03,DES05412,SAILI,N
DN03,DES05413,SUKTABARI,N
DN03,DES05414,WASABARI,N
DN03,DES05415,LANKAPARA T.E,N
DN03,DES05416,HANTUPARA T.E,N
DN03,DES05417,DUMCHIPARA T.E,N
DN03,DES05418,TULSIPARA T.E,N
DN03,DES05419,BIRPARA T.E,N
DN03,DES05420,DIMDIMA T.E,N
DN03,DES05421,GOALGACHI T.E,N
DN03,DES05422,KILLKOTT T.E,N
DN03,DES05423,KARLAVALLEY T.E,N
DN03,DES05424,CHUKMARI (MNG),N
DN03,DES05425,"GUMPTU, BHUTAN (CLINK )",N
DN03,DES05426,SAONPUR (CHIPATA ),N
DN03,DES05427,GUNJARIA,N
DN03,DES05428,MEHEDIPUR,N
DN03,DES05429,OREPAKURI,N
DN03,DES05430,KACHCHAKALI,N
DN03,DES05431,KUMANI T.E,N
DN03,DES05432,KALIAGANJ,N
DN03,DES05433,SAHPUR,N
DN03,DES05434,NJP (LOCAL),N
DN03,DES05435,I.O.W.,N
DN03,DES05436,WEIGHT BRIDGE AND BACK,N
DN03,DES05437,IOW TO NORTH JN,N
DN03,DES05438,SEVOKE ROAD AREA,N
DN03,DES05439,TOWN STATION,N
DN03,DES05440,GREF,N
DN03,DES05441,MORE SERVICE,N
DN03,DES05442,TINBATTI,N
DN03,DES05443,CENTRAL BANK,N
DN03,DES05444,JHANKARMORE,N
DN03,DES05445,GOSALA,N
DN03,DES05446,JALPAIMORE,N
DN03,DES05447,FULBAR,N
DN03,DES05448,BENFED,N
DN03,DES05449,SHAKTIGARH,N
DN03,DES05450,HALDIMILL,N
DN03,DES05451,DESBANDHUPARA,N
DN03,DES05452,LAKE TOWN BASAK,N
DN03,DES05453,W/H FULBARI,N
DN03,DES05454,SOUTH COLONY,N
DN03,DES05455,2ND MILE AREA,N
DN03,DES05456,ASHIGARH,N
DN03,DES05457,EASTERN BY PASS,N
DN03,DES05458,GHUGHMALI,N
DN03,DES05459,SUBHASHPALLY,N
DN03,DES05460,HAKIMPARA,N
DN03,DES05461,HAIDERPARA,N
DN03,DES05462,CHAMPASARIMORE,N
DN03,DES05463,PRADHAN NAGAR,N
DN03,DES05464,GURUNGBASTI,N
DN03,DES05465,PATTI COLONY,N
DN03,DES05466,DUDHIA,N
DN03,DES05467,DARJEELINGMORE,N
DN03,DES05468,DAGAPUR(UP TO PANCHNOI RIVER),N
DN03,DES05469,PAUL PARA,N
DN03,DES05470,SHIV MANDIR,N
DN03,DES05471,MATIGARA(SLG),N
DN03,DES05472,ASHRAMPARA,N
DN03,DES05473,BIDHANROAD,N
DN03,DES05474,GHORAR MORE,N
DN03,DES05475,MES,N
DN03,DES05476,BENGDUBI,N
DN03,DES05477,585 ENGRS PARK,N
DN03,DES05478,NAYA BAZAAR(SLG),N
DN03,DES05479,AGRASEN RD.,N
DN03,DES05480,OM BHANDAR GODOWN/GOWALAPATTI,N
DN03,DES05481,SALUGARA BAZAR/HALIPAD,N
DN03,DES05482,SEVOKE (HELIPAD TO SEVOKE BAZAR),N
DN03,DES05483,LICHUPUKRI,N
DN03,DES05484,NEW RANGIA,N
DN03,DES05485,SALBARI(SLG),N
DN03,DES05486,SUKNA,N
DN03,DES05487,CHELIBARI,N
DN03,DES05488,BHELAKOPA,N
DN03,DES05489,TALMA,N
DN03,DES05490,BANDHUNAGAR,N
DN03,DES05491,S.W.C. BABUPARA,N
DN03,DES05492,JOTIAKALI,N
DN03,DES05493,MADHUBAN PARK,N
DN03,DES05494,MADHUBAN ARMY CAMP,N
DN03,DES05495,SEVOKE BAZAR,N
DN03,DES05496,RADHABARI,N
DN03,DES05497,KACHCHAKALI(SLG),N
DN03,DES05498,RAMGANJ (SLG),N
DN03,DES05499,DASPARA (SLG),N
DN03,DES05500,SONAPUR (ISLAMPUR) (SLG),N
DN06,DES05501,BINDOL,Y
DN06,DES05502,CHAKULIA,Y
DN06,DES05503,CHOPRA,Y
DN06,DES05504,DALKHOLA,Y
DN06,DES05505,DALKOHLA,N
DN06,DES05506,DASPARA,Y
DN06,DES05507,DEBIGANJ,Y
DN06,DES05508,DHARAMPUR,Y
DN06,DES05509,DOMOHANA,Y
DN06,DES05510,DURGAPUR-ITAHAR,Y
DN06,DES05511,GOAGAON,Y
DN06,DES05512,GOALPOKHOR,Y
DN06,DES05513,GOAL POKHOR,Y
DN06,DES05514,HEMTABAD,Y
DN06,DES05515,ISLAMPUR,Y
DN06,DES05516,ITAHAR,Y
DN06,DES05517,JANTA HAT,Y
DN06,DES05518,KACHHAKALI,Y
DN06,DES05519,KALAGACHI,Y
DN06,DES05520,KALIAGANJ,N
DN06,DES05521,KALIAGANJ (SLG),Y
DN06,DES05522,KANKI,Y
DN06,DES05523,KARANDIGHI,Y
DN06,DES05524,PANJIPARA,Y
DN06,DES05525,RAIGANJ,Y
DN06,DES05526,RAIGANJ TOWN,Y
DN06,DES05527,RAMGANJ,Y
DN06,DES05528,RASAKHOA,Y
DN06,DES05529,RASKHOYAHAT,Y
DN06,DES05530,SAHAPUR-UDP,Y
DN06,DES05531,SONAPUR (ISLAMPUR),Y
DN06,DES05532,SURJAPUR,Y
DN06,DES05533,TUNGIDIGHI,Y
DN06,DES05534,DHALTOLA,Y
DN06,DES05535,JHARBARI (SOLPARA),Y
DN06,DES05536,KALLOPARA,Y
DN06,DES05537,SOLPARA,Y
DN06,DES05538,JHILJHILI (VIA GOALPOKHER),N
DN06,DES05539,GOPALPUR (DLK),Y
DN06,DES05540,SAMAJPUR,Y
DN06,DES05541,PAMOL HAT,Y
DN06,DES05542,JHITKA,Y
DN06,DES05543,PANISALA,Y
DN06,DES05544,BOTAL BARI,Y
DN10,DES05545,AHIRON,Y
DN10,DES05546,AURANGABAD,Y
DN11,DES05547,AZIMGANJ,Y
DN10,DES05548,BALIA,Y
DN11,DES05549,BELDANGA,Y
DN10,DES05550,BHAGABANGOLA,Y
DN11,DES05551,BHARATPUR,Y
DN10,DES05552,CHANDER MORE,Y
DN10,DES05553,DAKBUNGLOW,Y
DN10,DES05554,DHULIAN,Y
DN11,DES05555,DOMKAL,Y
DN10,DES05556,FARAKKA (MURSHIDABAD),N
DN11,DES05557,HARIHARPARA,Y
DN11,DES05558,ISLAMPUR (MUR),Y
DN11,DES05559,JALANGI,Y
DN10,DES05560,JANGIPUR,Y
DN11,DES05561,JIAGANJ,Y
DN11,DES05562,JIBANTI,Y
DN11,DES05563,KANDI,Y
DN11,DES05564,KORNA SUBORNA,Y
DN10,DES05565,LAL KHANDIA,Y
DN11,DES05566,LALBAG,Y
DN10,DES05567,LALGOLA,Y
DN10,DES05568,MADNA,Y
DN10,DES05569,MIRZAPUR,Y
DN11,DES05570,MURSHIDABAD(BERHAMPORE) DUMP,Y
DN10,DES05571,MOREGRAM,Y
DN10,DES05572,NABAGRAM,Y
DN10,DES05573,PANCHGRAM (MUR),Y
DN11,DES05574,POLSONDA,Y
DN10,DES05575,RAGHUNATHGANG,Y
DN11,DES05576,RANINAGAR,Y
DN11,DES05577,REZINAGAR,Y
DN10,DES05578,SAGARDIGHI,Y
DN11,DES05579,SAGARPARA,Y
DN11,DES05580,SALAR,Y
DN10,DES05581,SAMMATINAGAR,Y
DN10,DES05582,SANYASIDANGA,Y
DN11,DES05583,SHEKHPARA,Y
DN11,DES05584,SHERPUR (MUR),Y
DN10,DES05585,TEGOHARI,Y
DN11,DES05586,TRIMOHINI (MUR),Y
DN10,DES05587,UMARPUR,Y
DN08,DES05588,16 MILES,Y
DN08,DES05589,18 MILES,Y
DN08,DES05590,21 MILE,Y
DN08,DES05591,8 MILE,Y
DN08,DES05592,ADINA(MLD),Y
DN08,DES05593,AHURA,Y
DN08,DES05594,AIHYO,Y
DN08,DES05595,ALAL,Y
DN08,DES05596,ALAM PUR,Y
DN08,DES05597,AMRITI,Y
DN08,DES05598,ARABINDO PARK,Y
DN08,DES05599,ARAPUR,Y
DN08,DES05600,ARJUN PUR,Y
DN08,DES05601,ASHAPUR,Y
DN08,DES05602,BABLA(MLD),Y
DN08,DES05603,BAHARAL,Y
DN08,DES05604,BAISHNABNAGAR,N
DN08,DES05605,BALIADANGA,Y
DN08,DES05606,BALUCHAR,Y
DN08,DES05607,BAMONGOLA,Y
DN08,DES05608,BARODUARY,Y
DN08,DES05609,BHADWO,Y
DN08,DES05610,BHAGABANPUR-MLD,Y
DN08,DES05611,BHALUKA BAZAR,Y
DN08,DES05612,BHARTITARY,Y
DN08,DES05613,BIRAMPUR-RATHBARI,Y
DN08,DES05614,BULBULCHANDI,Y
DN08,DES05615,CHAMAGRAM,Y
DN08,DES05616,CHANCHAL,Y
DN08,DES05617,CHANDRAPARA,Y
DN08,DES05618,CHARSUJAPUR,N
DN08,DES05619,DALIMPUR,Y
DN08,DES05620,DEBIPUR,Y
DN08,DES05621,DHULAORI,Y
DN08,DES05622,EKLAKHI,Y
DN08,DES05623,ENGLISH BAZAR,Y
DN08,DES05624,FARAKKA,Y
DN08,DES05625,FARAKKA PLANT,Y
DN08,DES05626,GALIMPUR,Y
DN08,DES05627,GANGAPRASAD,Y
DN08,DES05628,GAZOLE,Y
DN08,DES05629,GHORAI PARA,Y
DN08,DES05630,GOBRAHAT,Y
DN08,DES05631,GOLAMORE,Y
DN08,DES05632,GOLAPGANJ,Y
DN08,DES05633,GOPRAHAT,Y
DN08,DES05634,GOROKHPUR,Y
DN08,DES05635,HABIBPUR,Y
DN08,DES05636,HARISHCHANDRAPUR,Y
DN08,DES05637,JADUPUR,Y
DN08,DES05638,JALALPUR(WB),N
DN08,DES05639,JATRADANGA,Y
DN08,DES05640,JHALJHALIA-ENGLISHBAR,Y
DN08,DES05641,K.B.S.SCHOOL,Y
DN08,DES05642,KALIACHAK,Y
DN08,DES05643,KALIGRAM,Y
DN08,DES05644,KAN PUKUR,Y
DN08,DES05645,KANCHANTAIRE MALDA,Y
DN08,DES05646,KANUA,Y
DN08,DES05647,KARIALI,Y
DN08,DES05648,KASHIMBAZAR,Y
DN08,DES05649,KHARBA,Y
DN08,DES05650,KHOPAKATHI,Y
DN08,DES05651,KORIALI,Y
DN08,DES05652,KUMARGANJ(MLD),Y
DN08,DES05653,KUMBHIRA,Y
DN08,DES05654,KUMEDPUR(MLD),Y
DN08,DES05655,KUSHIDA,Y
DN08,DES05656,LAKHIPUR(WB),Y
DN08,DES05657,LOLABAG,Y
DN08,DES05658,MADHAB NAGAR,Y
DN08,DES05659,MAHADIPUR,Y
DN08,DES05660,MAHANANDA PALLI,Y
DN08,DES05661,MAHANANDATOLA,Y
DN08,DES05662,MAHARAJNAGAR,Y
DN08,DES05663,MAKAIYA,Y
DN08,DES05664,MAKDUMPUR,Y
DN08,DES05665,MALAHAR,Y
DN08,DES05666,MALATIPUR,Y
DN08,DES05667,MALDA,Y
DN08,DES05668,MANGALBARI,Y
DN08,DES05669,MANIKCHAK,Y
DN08,DES05670,MATHURAPUR,N
DN08,DES05671,MATHURAPUR,N
DN08,DES05672,MEHERPUR(MLD),Y
DN08,DES05673,MILKY,Y
DN08,DES05674,MODIPUKUR,Y
DN08,DES05675,MOHODIPUR,Y
DN08,DES05676,MOKDAMPUR,Y
DN08,DES05677,MOTHABARI,Y
DN08,DES05678,MOYNA(MLD),Y
DN08,DES05679,MUCHIA,Y
DN08,DES05680,N.T.P.C. MORE,Y
DN08,DES05681,NABABGANJ,Y
DN08,DES05682,NALAGOLA,Y
DN08,DES05683,NALDUBI,Y
DN08,DES05684,NARAYAN PUR,Y
DN08,DES05685,NAZIRPUR(MLD),Y
DN08,DES05686,NIMAISARA,Y
DN08,DES05687,OLD 18 MILE,Y
DN08,DES05688,PACHPARA,Y
DN08,DES05689,PAKUA HAT,Y
DN08,DES05690,PANCHANANDAPUR,Y
DN08,DES05691,PARBOTI DANGA,Y
DN08,DES05692,PAYKHANA MORE,Y
DN08,DES05693,PIASBARI,Y
DN08,DES05694,POPRA,Y
DN08,DES05695,PUKHURIA,Y
DN08,DES05696,RAJARHAT(MLD),N
DN08,DES05697,RAJNAGAR(MLD),Y
DN08,DES05698,RATHBARI SODHLA PUR,Y
DN08,DES05699,RATUA,Y
DN08,DES05700,SAHAPUR(MLD),Y
DN08,DES05701,SAMSI,Y
DN08,DES05702,SATTARI,Y
DN08,DES05703,SERSAHI,Y
DN08,DES05704,SHAHBAZPUR,Y
DN08,DES05705,SHANKARTOLA GHAT,Y
DN08,DES05706,SOVANAGAR,Y
DN08,DES05707,SREEPUR,Y
DN08,DES05708,SUJAPUR,Y
DN08,DES05709,SUSTANI MORE,Y
DN08,DES05710,SWARUPGANJ(MLD),Y
DN08,DES05711,TULSIHATTA,Y
DN08,DES05712,UTTAR KUMEDPUR,Y
DN08,DES05713,VALUKA,Y
A104,DES06332,SAMAGURI,Y
A104,DES06325,PURANIGODAM,Y
A104,DES06320,NAGAON,Y
A104,DES06319,HAIBORGAON,Y
A114,DES06314,DEMOW,Y
A104,DES06313,PHULGURI,Y
A104,DES06308,DHARAMTUL,Y
A104,DES06307,MORIGAON,Y
A104,DES06301,NELLI,Y
A104,DES06047,DIPHU,Y
A104,DES06035,LANKA,Y
A104,DES06033,KAPASBARI,Y
A104,DES06020,JOGIJAN,Y
A104,DES06011,DOBOKA,Y
A104,DES06008,HOJAI,Y
B005,DES07229,14TH MILE,Y
DN08,DES07230,16 Miles (Ex Malda),Y
DN08,DES07231,18 MILES (EX-MALDA),Y
DN08,DES07232,21 Mile (Ex Malda),Y
DS11,DES07233,58 GATE,Y
DS11,DES07234,"58, NO. Gate",Y
DN08,DES07235,8 MILE (Ex Malda),Y
B005,DES07236,9TH MILE,Y
DN11,DES07237,AACHRA(EX- BERHAMPORE),Y
DN10,DES07238,AACHRA(EX RAGHUNATHGANJ),Y
DS02,DES07239,Aamragarh,Y
DN11,DES07240,AANDHI(EX- BERHAMPORE),Y
DN10,DES07241,AANDHI(EX RAGHUNATHGANJ),Y
DN11,DES07242,AANDUL BERIA(EX- BERHAMPORE),Y
DN10,DES07243,AANDUL BERIA(EX RAGHUNATHGANJ),Y
DS01,DES07244,ABAD,Y
DS01,DES07245,ABDARPUR,Y
B004,DES07246,ABDULLAPUR,Y
DS01,DES07247,ABDULPUR,Y
A102,DES07248,ABHAYAPURI,Y
A102,DES07249,ABHAYAPURI (BY RAIL),Y
DS01,DES07250,ABHINASHPUR,Y
DS12,DES07251,ABHIRAMPUR,Y
A101,DES07252,ADABARI (HAJO),Y
B004,DES07253,ADARKONA,Y
DN08,DES07254,ADINA(MLD) (Ex Malda),Y
DS09,DES07255,Adisaptagram,Y
DS05,DES07256,ADRA,Y
DS06,DES07257,AGARPARA,Y
B001,DES07258,AGARTALA (Frm Jrnya),Y
A102,DES07259,Agomoni,Y
DS02,DES07260,Agradwip,Y
DS01,DES07261,AHAMMADPUR,Y
DN11,DES07262,AHIRON (Ex BEHRM),Y
DN11,DES07263,AHIRON(EX- BERHAMPORE),Y
DN10,DES07264,AHIRON(EX RAGHUNATHGANJ),Y
DN08,DES07265,AHURA (Ex Malda),Y
B003,DES07266,Aibawk (Frm Aiz),Y
DN08,DES07267,AIHYO (EX-MALDA),Y
B004,DES07268,AINAKHAL,Y
DN11,DES07269,AIRA(EX- BERHAMPORE),Y
DN10,DES07270,AIRA(EX RAGHUNATHGANJ),Y
A102,DES07271,AIRKATA (LA),Y
DS06,DES07272,AIRPORT,Y
A101,DES07273,AIRPORT (GHY),Y
DS08,DES07274,AISHMALI,Y
B003,DES07275,AIZWAL (Frm Aiz),Y
DS02,DES07276,Ajapur,Y
DN11,DES07277,AJIMGANJ / MAHINAGAR(EX- BERHAMPORE),Y
DN10,DES07278,AJIMGANJ / MAHINAGAR(EX RAGHUNATHGANJ),Y
DS04,DES07279,Ajodhya,Y
DS12,DES07280,AJODYAPUR,Y
DS08,DES07281,AKAIPUR,Y
EW08,DES07282,AKBARPUR ,Y
DS01,DES07283,AKHIRA,Y
A102,DES07284,AKHRA CHOWK,Y
DS09,DES07285,Akna,Y
DN01,DES07286,AKRARHAT(GOSAIRHAT),Y
DS02,DES07287,Akui,Y
DS04,DES07288,AKUI (BNK),Y
DN11,DES07289,AKURA(EX- BERHAMPORE),Y
DN10,DES07290,AKURA(EX RAGHUNATHGANJ),Y
DS08,DES07291,ALAIPUR,Y
DN08,DES07292,ALAL (Ex Malda),Y
DN08,DES07293,ALAM PUR (Ex Malda),Y
DS02,DES07294,Alamgang,Y
DS12,DES07295,ALAMGIRI,Y
EE03,DES07296,ALAMNAGAR (EX-SAHARSHA),Y
DS12,DES07297,ALANKARPUR,Y
B004,DES07298,ALGAPUR,Y
B004,DES07299,ALGAPUR TIMUKA,Y
DS10,DES07300,ALIPORE,Y
DN01,DES07301,ALIPUR JUNCTION(NCB),Y
DN01,DES07302,ALIPURDUAR COURT(NCB),Y
DN01,DES07303,ALIPURDWAR (JAL),Y
DS11,DES07304,ALOKA,Y
DN11,DES07305,ALUGRAM(EX- BERHAMPORE),Y
DN10,DES07306,ALUGRAM(EX RAGHUNATHGANJ),Y
B004,DES07307,AMALA,Y
DS04,DES07308,Amarkanan,Y
DS12,DES07309,AMARSHI,Y
DS02,DES07310,Amarun,Y
EW07,DES07311,AMARUT ,Y
A102,DES07312,AMBARI,Y
DS04,DES07313,AMBIKANAGAR,Y
DS06,DES07314,AMDANGA,Y
EW08,DES07315,AMERIKA BIGHA ,Y
A101,DES07316,AMINGAON,Y
DS12,DES07317,AMLASULI,Y
A103,DES07318,AMPATI,Y
B004,DES07319,AMRAGHAT,Y
A101,DES07320,AMRESH NAGAR,Y
DN11,DES07321,AMRITA KUNDU(EX- BERHAMPORE),Y
DN10,DES07322,AMRITA KUNDU(EX RAGHUNATHGANJ),Y
DN08,DES07323,Amriti (Ex Malda),Y
DS11,DES07324,AMTA/JHIKIRA,Y
DS10,DES07325,AMTALA,Y
DN11,DES07326,AMTALA(EX- BERHAMPORE),Y
DN10,DES07327,AMTALA(EX RAGHUNATHGANJ),Y
DN11,DES07328,AMUA (Ex BEHRM),Y
DN11,DES07329,AMUA(EX- BERHAMPORE),Y
DN10,DES07330,AMUA(EX RAGHUNATHGANJ),Y
DN10,DES07331,AMUA(EX-RAGHUNATHGANJ),Y
B004,DES07332,ANANDA BAZAR,Y
DN11,DES07333,ANANTAPUR(EX- BERHAMPORE),Y
DN10,DES07334,ANANTAPUR(EX RAGHUNATHGANJ),Y
DS05,DES07335,ANARA,Y
A102,DES07336,ANCHALI (LA),Y
DS03,DES07337,ANDAL,Y
DN11,DES07338,ANDHARMANICK (EX- BERHAMPORE),Y
DN10,DES07339,ANDHARMANICK (EX RAGHUNATHGANJ),Y
A101,DES07340,ANDHRA GHAT,Y
DS11,DES07341,ANDUL,Y
EW08,DES07342,ANELA  ,Y
DS03,DES07343,ANGADPUR (RNJ),Y
DS03,DES07344,ANGADPUR INDUSTIAL AREA (RNJ),Y
DS01,DES07345,ANGARGARIA,Y
B004,DES07346,ANGLABAZAR,Y
B004,DES07347,ANIPUR,Y
DN11,DES07348,ANTARDWIPA (Ex BEHRM),Y
DN11,DES07349,ANTARDWIPA(EX- BERHAMPORE),Y
DN10,DES07350,ANTARDWIPA(EX RAGHUNATHGANJ),Y
DN08,DES07351,ARABINDO PARK (Ex Malda),Y
DS04,DES07352,ARALDIH,Y
DS02,DES07353,Arambagh,Y
DS08,DES07354,ARANGHATA,Y
DN08,DES07355,Arapur (Ex Malda),Y
DS12,DES07356,ARGOAL,Y
DN08,DES07357,ARJUN PUR (Ex Malda),Y
DN11,DES07358,ARJUNPUR(EX- BERHAMPORE),Y
DN10,DES07359,ARJUNPUR(EX RAGHUNATHGANJ),Y
DS04,DES07360,ARKAMA,Y
B004,DES07361,ARKATIPUR,Y
DS03,DES07362,ARRAHA,Y
DS05,DES07363,ARSHA,Y
DS03,DES07364,ASANSOL,Y
DS12,DES07365,ASARI,Y
DN08,DES07366,ASHAPUR - EX MALDA,Y
DN08,DES07367,ASHAPUR (Ex Malda),Y
B004,DES07368,ASHIMGANJ,Y
DS06,DES07369,ASHOKNAGAR,Y
DN11,DES07370,ASIRA DAHA(EX- BERHAMPORE),Y
DN10,DES07371,ASIRA DAHA(EX RAGHUNATHGANJ),Y
EW08,DES07372,ASTHAWAN ,Y
DS02,DES07373,Atagarh,Y
DN01,DES07374,ATIALGURI ( NCB),Y
EW07,DES07375,ATRI,Y
EW08,DES07376,Atri(Ex-Warisaliganj) ,Y
DN11,DES07377,AURANGABAD(Ex BEHRM),Y
DN11,DES07378,AURANGABAD(EX- BERHAMPORE),Y
DN10,DES07379,AURANGABAD(EX RAGHUNATHGANJ),Y
DN10,DES07380,AURANGABAD(EX-RAGHUNATHGANJ),Y
DS02,DES07381,Avirampur,Y
DS06,DES07382,AWALSIDDHI,Y
C001,DES07383,AWANGKHUL (MNP),Y
DN08,DES07384,BABLA(MLD) (Ex Malda),Y
DS01,DES07385,BABUIJORE,Y
B004,DES07386,BABURBAZAR,Y
A104,DES07387,BACHARA GHAT (MGN),Y
DN11,DES07388,BACHRA(EX- BERHAMPORE),Y
DN10,DES07389,BACHRA(EX RAGHUNATHGANJ),Y
DS11,DES07390,BACHRI,Y
DS02,DES07391,BADANGANJ,Y
B004,DES07392,BADARPURGHAT,Y
EW08,DES07393,BADRAJJI ,Y
DS06,DES07394,BADURIA,Y
A102,DES07395,BAGAL''S ROAD (LA),Y
DS03,DES07396,BAGANGORA,Y
B004,DES07397,BAGARGOL,Y
DS08,DES07398,BAGDAH,Y
DN11,DES07399,BAGDANGA(EX- BERHAMPORE),Y
DN10,DES07400,BAGDANGA(EX RAGHUNATHGANJ),Y
DS06,DES07401,BAGH BAZAR,Y
A102,DES07402,BAGHAPARA,Y
A102,DES07403,BAGHMARA (LA),Y
EW08,DES07404,BAGI BARDIHA ,Y
DS06,DES07405,BAGJOLA,Y
B001,DES07406,BAGMA (AGT) (Frm Jrnya),Y
DS05,DES07407,BAGMUNDI,Y
DS11,DES07408,BAGNAN,Y
A102,DES07409,BAGODI BAZAR,Y
DS06,DES07410,BAGUIATI,Y
DN11,DES07411,BAHADURPUR (BHAGAWANGOLA)(EX- BERHAMPORE),Y
DN10,DES07412,BAHADURPUR (EX RAGHUNATHGANJ),Y
DN08,DES07413,Baharal (Ex Malda),Y
DS01,DES07414,BAHIRI,Y
DS09,DES07415,Bahirkhanda,Y
A102,DES07416,BAHJANI (LA),Y
DS09,DES07417,Bahula,Y
DS01,DES07418,BAHUTAL,Y
DS04,DES07419,BAIBARDA,Y
DS02,DES07420,Baidyapur  ,Y
DS09,DES07421,Baidyapur (MOGRA),Y
A101,DES07422,BAIHATA CHARIALI,Y
DS12,DES07423,BAIKUNTHAPUR,Y
DS09,DES07424,Bainchi,Y
DS09,DES07425,Bainchigram,Y
B004,DES07426,BAIRAVNAGAR,Y
DN08,DES07427,BAISHABNAGAR,Y
DN08,DES07428,Baishnabnagar (Ex Malda),Y
DN11,DES07429,BAISNAB DANGA (AJGARPARA)(EX- BERHAMPORE),Y
DN10,DES07430,BAISNAB DANGA (AJGARPARA)(EX RAGHUNATHGANJ),Y
DS04,DES07431,BAITAL,Y
DS08,DES07432,BAJITPUR,Y
DS09,DES07433,BAJITPUR (MOGRA),Y
DS12,DES07434,BAJKUL,Y
DS10,DES07435,BAKKHALI,Y
B004,DES07436,BAKORSANGAM,Y
DS10,DES07437,BAKRAHAT,Y
EW08,DES07438,BAKSAUTI ,Y
DS11,DES07439,BAKSHI,Y
DN11,DES07440,BAKSHIPUR GHAT(EX- BERHAMPORE),Y
DN10,DES07441,BAKSHIPUR GHAT(EX RAGHUNATHGANJ),Y
DS01,DES07442,BAKTORE,Y
DS01,DES07443,BAKUL,Y
DS10,DES07444,BAKULTALA,Y
A102,DES07445,BALA BHITTA (LA),Y
A102,DES07446,BALAGAON,Y
DS02,DES07447,Balagarh,Y
DS09,DES07448,Balagarh (MOGRA),Y
DS12,DES07449,BALAIPANDA,Y
A102,DES07450,BALAPARA (JOGIGHOPA),Y
A102,DES07451,BALAPARA (PATHSALA),Y
DS05,DES07452,BALARAMPUR,Y
DS02,DES07453,Balgona,Y
DN11,DES07454,BALI / TUNGA (Ex BEHRM),Y
DN10,DES07455,BALI / TUNGA(EX RAGHUNATHGANJ),Y
EW06,DES07456,Balia Chowk,Y
DN11,DES07457,BALIA GHATA (RAGHUNATHGUNJ)(EX- BERHAMPORE),Y
DN10,DES07458,BALIA GHATA (RAGHUNATHGUNJ)(EX RAGHUNATHGANJ),Y
DN11,DES07459,BALIA(EX- BERHAMPORE),Y
DN10,DES07460,BALIA(EX RAGHUNATHGANJ),Y
DN10,DES07461,BALIA(EX- RAGHUNATHGANJ),Y
DN08,DES07462,BALIADANGA (Ex Malda),Y
DS12,DES07463,BALICHAK,Y
DS12,DES07464,BALIGHAI,Y
DS09,DES07465,Baliguri,Y
A101,DES07466,BALIKUCHI,Y
DS11,DES07467,BALIPUR,Y
DN11,DES07468,BALIRGHAT(EX- BERHAMPORE),Y
DN10,DES07469,BALIRGHAT(EX RAGHUNATHGANJ),Y
A105,DES07470,BALISANG,Y
DS12,DES07471,BALISHAI,Y
DS08,DES07472,BALLAVPARA,Y
DS04,DES07473,BALLAVPUR,Y
DS11,DES07474,BALLY,Y
DS06,DES07475,BALLYGUNGE,Y
DS04,DES07476,BALSI,Y
DS06,DES07477,BALTI,Y
DN08,DES07478,BALUCHAR (Ex Malda),Y
DN07,DES07479,BALURGHAT (EX GANGARAMPUR),Y
DN08,DES07480,BALURGHAT (EX-MALDA),Y
DS06,DES07481,BAMANGACHI,Y
DN08,DES07482,Bamongola (Ex Malda),Y
A101,DES07483,Bamundi,Y
DS04,DES07484,BAMUNDIHA,Y
DS03,DES07485,BAMUNNARA,Y
DS09,DES07486,Banasbaria,Y
DS02,DES07487,Bandar,Y
B004,DES07488,BANDARKHAL,Y
DS09,DES07489,Bandel,Y
A107,DES07490,BANDERDEWA,Y
B004,DES07491,BANDUKMARA,Y
DS05,DES07492,BANDWAN,Y
DS08,DES07493,BANESWARPUR,Y
DS09,DES07494,Baneswarpur (MOGRA),Y
A106,DES07495,Bangalmara,Y
DS11,DES07496,BANGALPUR,Y
DS06,DES07497,BANGAON,Y
DS08,DES07498,BANGAON (KSN),Y
DS04,DES07499,BANGLA,Y
DS06,DES07500,BANGUR,Y
DS04,DES07501,Bankadaha,Y
DS02,DES07502,Bankapashi,Y
DS03,DES07503,BANKURA,Y
DS02,DES07504,Bankura more,Y
DS04,DES07505,Bankura(BNK),Y
DS04,DES07506,BANKURA-1,Y
DS04,DES07507,BANKURA-2,Y
DS02,DES07508,Banpas,Y
DS03,DES07509,BANSKOPA,Y
DS06,DES07510,BANTALA,Y
DS12,DES07511,BAPURHAT,Y
DS04,DES07512,BARABANI,Y
DS05,DES07513,BARABAZAR,Y
EW07,DES07514,BARACHATTI ,Y
A102,DES07515,BARAJOL,Y
DS03,DES07516,BARAKAR (RNJ),Y
DN11,DES07517,BARALA (Ex BEHRM),Y
DN11,DES07518,BARALA(EX- BERHAMPORE),Y
DN10,DES07519,BARALA(EX RAGHUNATHGANJ),Y
DS05,DES07520,BARAM,Y
DS06,DES07521,BARANAGAR,Y
B004,DES07522,BARAPUA,Y
DS06,DES07523,BARASAT,Y
DS06,DES07524,BARASAT (EX- COSPR),Y
EW08,DES07525,BARBIGHA ,Y
DS12,DES07526,BARDA CHOWKAN,Y
EW08,DES07527,BARDAHA ,Y
A102,DES07528,BARDAMAL (LA),Y
EW08,DES07529,BAREB ,Y
DS11,DES07530,BARGACHIA,Y
DS05,DES07531,BARGORIA,Y
EE05,DES07532,BARHIYA(EX LAKHISARAI),Y
B004,DES07533,BARIGRAM ,Y
A102,DES07534,BARJHORA (LA),Y
DS03,DES07535,BARJORA,Y
DS04,DES07536,Barjora(BNK),Y
A105,DES07537,BARJULI,Y
A102,DES07538,BARMA,Y
DS08,DES07539,BARNIA,Y
DN08,DES07540,BARODUARY - EX MALDA,Y
A102,DES07541,BARPETA ROAD,Y
A102,DES07542,BARPETA TOWN,Y
DS06,DES07543,BARRACKPORE,Y
DS02,DES07544,Barsul,Y
DS02,DES07545,Baru gram,Y
DN11,DES07546,BARUIPARA(EX- BERHAMPORE),Y
DN10,DES07547,BARUIPARA(EX RAGHUNATHGANJ),Y
DS10,DES07548,BARUIPUR,Y
DS12,DES07549,BASANTAPUR,Y
DS06,DES07550,BASANTI,Y
DS01,DES07551,BASAPARA,Y
DS06,DES07552,BASIRHAT,Y
B004,DES07553,BASKANDI,Y
B004,DES07554,BASLA,Y
DN10,DES07555,BASUDEVPORE (EX RAGHUNATHGANJ),Y
DN11,DES07556,BASUDEVPORE -DHULIAN (Ex BEHRM),Y
DN11,DES07557,BASUDEVPORE DOMKAL(EX- BERHAMPORE),Y
DN10,DES07558,BASUDEVPORE DOMKAL(EX RAGHUNATHGANJ),Y
A102,DES07559,BASUGAON,Y
DS10,DES07560,BATANAGAR,Y
DS01,DES07561,BATASPUR,Y
EW08,DES07562,BATHANI ,Y
DS01,DES07563,BATIKAR,Y
A102,DES07564,BATSOR,Y
DN07,DES07565,BAUL (EX GANGARAMPUR),Y
DS11,DES07566,BAURIA,Y
DN11,DES07567,BAZAR SO(EX- BERHAMPORE),Y
DN10,DES07568,BAZAR SO(EX RAGHUNATHGANJ),Y
B004,DES07569,BAZARICHERRA,Y
DS11,DES07570,BEGAMPUR,Y
DS11,DES07571,BEGRI,Y
DS05,DES07572,BEGUNKODAR,Y
EE06,DES07573,BEGUSARAI (frm Kishanganj)  BACHCHWARA,Y
EE06,DES07574,BEGUSARAI (frm Kishanganj)  BAGDOV,Y
EE06,DES07575,BEGUSARAI (frm Kishanganj)  BAKHRI,Y
EE06,DES07576,BEGUSARAI (frm Kishanganj)  BALIA(BGS),Y
EE06,DES07577,BEGUSARAI (frm Kishanganj)  BARAUNI,Y
EE06,DES07578,BEGUSARAI (frm Kishanganj)  BEGUSARAI,Y
EE06,DES07579,BEGUSARAI (frm Kishanganj)  HASANPUR,Y
EE06,DES07580,BEGUSARAI (frm Kishanganj)  MURLITOL,Y
EE06,DES07581,BEGUSARAI (frm Kishanganj)  PAKTHAUL,Y
EE06,DES07582,BEGUSARAI (frm Kishanganj)  TEGHRA,Y
EE06,DES07583,BEGUSARAI (KHAGARIA) (frm Kishanganj) BISUNPUR,Y
EE06,DES07584,BEGUSARAI (KHAGARIA) (frm Kishanganj) HARIPUR (KHAGARIA),Y
EE06,DES07585,BEGUSARAI (KHAGARIA) (frm Kishanganj) JAMAL PUR,Y
EE06,DES07586,BEGUSARAI (KHAGARIA) (frm Kishanganj) KHAGARIA LOCAL,Y
EE06,DES07587,BEGUSARAI (KHAGARIA) (frm Kishanganj) KULHARIA (KHAGARIA),Y
EE06,DES07588,BEGUSARAI (KHAGARIA) (frm Kishanganj) MAHESHKHUT,Y
EE06,DES07589,BEGUSARAI (KHAGARIA) (frm Kishanganj) SAHABPUR-KAMAL,Y
EE06,DES07590,BEGUSARAI (KHAGARIA) (frm Kishanganj) SOBHNI,Y
EE06,DES07591,BEGUSARAI (KHAGARIA) BISUNPUR,Y
EE06,DES07592,BEGUSARAI (KHAGARIA) HARIPUR (KHAGARIA),Y
EE06,DES07593,BEGUSARAI (KHAGARIA) JAMAL PUR,Y
EE06,DES07594,BEGUSARAI (KHAGARIA) KHAGARIA LOCAL,Y
EE06,DES07595,BEGUSARAI (KHAGARIA) MAHESHKHUT,Y
EE06,DES07596,BEGUSARAI (KHAGARIA) SAHABPUR-KAMAL,Y
EE06,DES07597,BEGUSARAI (KHAGARIA) SOBHNI,Y
EE06,DES07598,BEGUSARAY LOCAL,Y
DS10,DES07599,BEHALA,Y
DS12,DES07600,BELDA,Y
DN11,DES07601,BELDANGA(EX- BERHAMPORE),Y
DN10,DES07602,BELDANGA(EX RAGHUNATHGANJ),Y
DS12,DES07603,BELEGHATA,Y
DS06,DES07604,BELEGHATA-KOLKATA,Y
DS06,DES07605,BELEGHATA-TAKI ROAD,Y
DS06,DES07606,BELGHARIA,Y
A102,DES07607,BELGURI,Y
DS04,DES07608,Beliatore,Y
DS09,DES07609,Belmuri,Y
B001,DES07610,BELONIA (Frm Jrnya),Y
EW06,DES07611,Belsar,Y
DS12,DES07612,BELTALA (DASPIR),Y
A102,DES07613,BELTOLI,Y
DS11,DES07614,BELUR,Y
DS03,DES07615,BENACHITI,Y
DS03,DES07616,BENACHITYAPUR,Y
DS12,DES07617,BENAPUR,Y
DN11,DES07618,BENEDAHA(EX- BERHAMPORE),Y
DN10,DES07619,BENEDAHA(EX RAGHUNATHGANJ),Y
A102,DES07620,BENGALIPARA (BILASIPARA),Y
A101,DES07621,BENGALIPARA (GORESWAR),Y
DS06,DES07622,BERACHAMPA,Y
DN08,DES07623,BERHAMPORE (EX-MALDA),Y
DS08,DES07624,BETAI,Y
DS08,DES07625,BETHUADAHARY,Y
DN11,DES07626,BHABTA(EX- BERHAMPORE),Y
DN10,DES07627,BHABTA(EX RAGHUNATHGANJ),Y
DS11,DES07628,BHADRESWAR,Y
DS05,DES07629,BHADSHA,Y
DN11,DES07630,BHADURIAPARA(EX- BERHAMPORE),Y
DN10,DES07631,BHADURIAPARA(EX RAGHUNATHGANJ),Y
DN08,DES07632,BHADWO (Ex Malda),Y
B004,DES07633,BHAGA BAZAR,Y
DN08,DES07634,Bhagabanpur-Mld (Ex Malda),Y
EE04,DES07635,BHAGALPUR (Frm DRGP) AKBARNAGAR,Y
EE04,DES07636,BHAGALPUR (Frm DRGP) AMARPUR,Y
EE04,DES07637,BHAGALPUR (Frm DRGP) B N College Road,Y
EE04,DES07638,BHAGALPUR (Frm DRGP) Bahadurpur,Y
EE04,DES07639,BHAGALPUR (Frm DRGP) BANKA,Y
EE04,DES07640,BHAGALPUR (Frm DRGP) BAROTHA,Y
EE04,DES07641,BHAGALPUR (Frm DRGP) BAUNSI,Y
EE04,DES07642,BHAGALPUR (Frm DRGP) BUDHU CHAK,Y
EE04,DES07643,BHAGALPUR (Frm DRGP) Champanagar,Y
EE04,DES07644,BHAGALPUR (Frm DRGP) CHANAN,Y
EE04,DES07645,BHAGALPUR (Frm DRGP) Dhoraiya ,Y
EE04,DES07646,BHAGALPUR (Frm DRGP) DPS Sabaur,Y
EE04,DES07647,BHAGALPUR (Frm DRGP) Dr R P Road,Y
EE04,DES07648,BHAGALPUR (Frm DRGP) Dudhari ,Y
EE04,DES07649,BHAGALPUR (Frm DRGP) English More,Y
EE04,DES07650,BHAGALPUR (Frm DRGP) Ghogha,Y
EE04,DES07651,BHAGALPUR (Frm DRGP) Goldarpatti,Y
EE04,DES07652,BHAGALPUR (Frm DRGP) GORADIH ,Y
EE04,DES07653,BHAGALPUR (Frm DRGP) JAGDISHPUR ,Y
EE04,DES07654,BHAGALPUR (Frm DRGP) JHIRWA,Y
EE04,DES07655,BHAGALPUR (Frm DRGP) Joksar,Y
EE04,DES07656,BHAGALPUR (Frm DRGP) Kahalgaon,Y
EE04,DES07657,BHAGALPUR (Frm DRGP) KAHALGAON ,Y
EE04,DES07658,BHAGALPUR (Frm DRGP) Katchari Road,Y
EE04,DES07659,BHAGALPUR (Frm DRGP) KATORIYA,Y
EE04,DES07660,BHAGALPUR (Frm DRGP) KATORIYA ROAD,Y
EE04,DES07661,BHAGALPUR (Frm DRGP) Khesar ,Y
EE04,DES07662,BHAGALPUR (Frm DRGP) NATHNAGAR,Y
EE04,DES07663,BHAGALPUR (Frm DRGP) Noorpur,Y
EE04,DES07664,BHAGALPUR (Frm DRGP) NTPC Road,Y
EE04,DES07665,BHAGALPUR (Frm DRGP) Parbatti,Y
EE04,DES07666,BHAGALPUR (Frm DRGP) Phullidomar ,Y
EE04,DES07667,BHAGALPUR (Frm DRGP) PIRPAINTI,Y
EE04,DES07668,BHAGALPUR (Frm DRGP) Punsia,Y
EE04,DES07669,BHAGALPUR (Frm DRGP) Puraini,Y
EE04,DES07670,BHAGALPUR (Frm DRGP) Rajaun,Y
EE04,DES07671,BHAGALPUR (Frm DRGP) Rajendra Prasad Road,Y
EE04,DES07672,BHAGALPUR (Frm DRGP) S M School,Y
EE04,DES07673,BHAGALPUR (Frm DRGP) Sabaur,Y
EE04,DES07674,BHAGALPUR (Frm DRGP) Sajaur,Y
EE04,DES07675,BHAGALPUR (Frm DRGP) SANHOULA ,Y
EE04,DES07676,BHAGALPUR (Frm DRGP) Sanokhar,Y
EE04,DES07677,BHAGALPUR (Frm DRGP) SHAHKUND ,Y
EE04,DES07678,BHAGALPUR (Frm DRGP) shambhuganj ,Y
EE04,DES07679,BHAGALPUR (Frm DRGP) SHIVNARAYAN PUR,Y
EE04,DES07680,BHAGALPUR (Frm DRGP) Simariya,Y
EE04,DES07681,BHAGALPUR (Frm DRGP) Sultanganj,Y
EE04,DES07682,BHAGALPUR (Frm DRGP) Tatarpur,Y
EE04,DES07683,BHAGALPUR (Frm DRGP) Vijayhat ,Y
EE04,DES07684,BHAGALPUR (frm Kishanganj) ADAMPUR,Y
EE04,DES07685,BHAGALPUR (frm Kishanganj) AKBARNAGAR,Y
EE04,DES07686,BHAGALPUR (frm Kishanganj) AMARPUR,Y
EE04,DES07687,BHAGALPUR (frm Kishanganj) BADI KHANJARPUR,Y
EE04,DES07688,BHAGALPUR (frm Kishanganj) BANKA,Y
EE04,DES07689,BHAGALPUR (frm Kishanganj) BAROTHA,Y
EE04,DES07690,BHAGALPUR (frm Kishanganj) BAUNSI,Y
EE04,DES07691,BHAGALPUR (frm Kishanganj) BHAGALPUR,Y
EE04,DES07692,BHAGALPUR (frm Kishanganj) BHIKHANPUR,Y
EE04,DES07693,BHAGALPUR (frm Kishanganj) BIHPUR,Y
EE04,DES07694,BHAGALPUR (frm Kishanganj) CHANAN,Y
EE04,DES07695,BHAGALPUR (frm Kishanganj) DHORAIYA,Y
EE04,DES07696,BHAGALPUR (frm Kishanganj) DUDHARI,Y
EE04,DES07697,BHAGALPUR (frm Kishanganj) ENGLISH MORE,Y
EE04,DES07698,BHAGALPUR (frm Kishanganj) GHOGHA,Y
EE04,DES07699,BHAGALPUR (frm Kishanganj) GOPALPUR ,Y
EE04,DES07700,BHAGALPUR (frm Kishanganj) GORADIH ,Y
EE04,DES07701,BHAGALPUR (frm Kishanganj) GORHATTA CHOWK,Y
EE04,DES07702,BHAGALPUR (frm Kishanganj) HOSPITAL ROAD,Y
EE04,DES07703,BHAGALPUR (frm Kishanganj) ISHMAILPUR ,Y
EE04,DES07704,BHAGALPUR (frm Kishanganj) JAGDISHPUR ,Y
EE04,DES07705,BHAGALPUR (frm Kishanganj) JAIL ROAD,Y
EE04,DES07706,BHAGALPUR (frm Kishanganj) JHANDA CHOWK,Y
EE04,DES07707,BHAGALPUR (frm Kishanganj) KAHALGAON ,Y
EE04,DES07708,BHAGALPUR (frm Kishanganj) KATORIYA,Y
EE04,DES07709,BHAGALPUR (frm Kishanganj) KATORIYA ROAD,Y
EE04,DES07710,BHAGALPUR (frm Kishanganj) KHARIK ,Y
EE04,DES07711,BHAGALPUR (frm Kishanganj) KHESAR,Y
EE04,DES07712,BHAGALPUR (frm Kishanganj) KURSELA,Y
EE04,DES07713,BHAGALPUR (frm Kishanganj) MANDROJA,Y
EE04,DES07714,BHAGALPUR (frm Kishanganj) MASAKCHAK,Y
EE04,DES07715,BHAGALPUR (frm Kishanganj) MIRJAN CHOWK,Y
EE04,DES07716,BHAGALPUR (frm Kishanganj) MIRJANHATT,Y
EE04,DES07717,BHAGALPUR (frm Kishanganj) NARAYANPUR (BHR),Y
EE04,DES07718,BHAGALPUR (frm Kishanganj) NATHNAGAR,Y
EE04,DES07719,BHAGALPUR (frm Kishanganj) NAUGACHIYA,Y
EE04,DES07720,BHAGALPUR (frm Kishanganj) PACHGACHIYA,Y
EE04,DES07721,BHAGALPUR (frm Kishanganj) PHULLIDOMAR,Y
EE04,DES07722,BHAGALPUR (frm Kishanganj) PIRPAINTI,Y
EE04,DES07723,BHAGALPUR (frm Kishanganj) PURAINI,Y
EE04,DES07724,BHAGALPUR (frm Kishanganj) RAJAUN,Y
EE04,DES07725,BHAGALPUR (frm Kishanganj) RANGRA CHOWK ,Y
EE04,DES07726,BHAGALPUR (frm Kishanganj) Sabaur,Y
EE04,DES07727,BHAGALPUR (frm Kishanganj) SAHUPARWATTA,Y
EE04,DES07728,BHAGALPUR (frm Kishanganj) SAJAUR,Y
EE04,DES07729,BHAGALPUR (frm Kishanganj) SANHOULA ,Y
EE04,DES07730,BHAGALPUR (frm Kishanganj) SANOKHAR,Y
EE04,DES07731,BHAGALPUR (frm Kishanganj) SHAHKUND ,Y
EE04,DES07732,BHAGALPUR (frm Kishanganj) SHAMBHUGANJ,Y
EE04,DES07733,BHAGALPUR (frm Kishanganj) SHIVNARAYAN PUR,Y
EE04,DES07734,BHAGALPUR (frm Kishanganj) SULTANGANJ,Y
EE04,DES07735,BHAGALPUR (frm Kishanganj) VIJAYHAT,Y
EE04,DES07736,BHAGALPUR (frm Kishanganj) ZERO MILE BARRIER,Y
DN11,DES07737,BHAGAWANGOLA(EX- BERHAMPORE),Y
DN10,DES07738,BHAGAWANGOLA(EX RAGHUNATHGANJ),Y
DN11,DES07739,BHAGIRATHPUR(EX- BERHAMPORE),Y
DN10,DES07740,BHAGIRATHPUR(EX RAGHUNATHGANJ),Y
EW06,DES07741,Bhagwanpur,Y
DN11,DES07742,BHAIRABTOLA (LOBON CHOWA)(EX- BERHAMPORE),Y
DN10,DES07743,BHAIRABTOLA (LOBON CHOWA)(EX RAGHUNATHGANJ),Y
B004,DES07744,BHAIROVI,Y
DN08,DES07745,Bhaluka Bazar (Ex Malda),Y
A109,DES07746,BHALUKPONG,Y
A105,DES07747,BHALUKPONG (ASSAM),Y
DS09,DES07748,Bhanderhati,Y
DS06,DES07749,BHANGAR,Y
B004,DES07750,BHANGARPAR,Y
B004,DES07751,BHANGHA,Y
DN11,DES07752,BHARATPUR(EX- BERHAMPORE),Y
DN10,DES07753,BHARATPUR(EX RAGHUNATHGANJ),Y
DN08,DES07754,BHARTITARY (Ex Malda),Y
DS09,DES07755,Bhastara,Y
DS02,DES07756,Bhatar,Y
DS04,DES07757,BHATPUKUR,Y
DN11,DES07758,BHATSALA(EX- BERHAMPORE),Y
DN10,DES07759,BHATSALA(EX RAGHUNATHGANJ),Y
DS12,DES07760,BHAWANICHAK,Y
A102,DES07761,BHAWRAGURI (LA),Y
DS06,DES07762,BHEBIA,Y
DS02,DES07763,Bhedia  ,Y
DS04,DES07764,BHEDIASOLE,Y
A102,DES07765,BHELLA BAZAR,Y
A102,DES07766,BHERAGAON,Y
DS12,DES07767,BHIMESWARI,Y
DS03,DES07768,BHIMGHAR,Y
A106,DES07769,BHOGPUR,Y
DS06,DES07770,BHOJERHAT,Y
DS04,DES07771,BHOOTSAHAR,Y
DS04,DES07772,Bibarda,Y
DS10,DES07773,BIBIRHAT,Y
EW06,DES07774,Bidupur,Y
DS12,DES07775,BIDYAPITH,Y
A102,DES07776,BIDYAPUR,Y
B004,DES07777,BIHARA BAZAR,Y
EW08,DES07778,BIHARSARIF ,Y
A114,DES07779,BIHUBAR,Y
A105,DES07780,BIHUGURI,Y
A102,DES07781,BIJNI,Y
A102,DES07782,BIJNI (BY RAIL),Y
DN11,DES07783,BIKOLNAGAR(EX- BERHAMPORE),Y
DN10,DES07784,BIKOLNAGAR(EX RAGHUNATHGANJ),Y
DS04,DES07785,BIKRAMPUR,Y
A102,DES07786,BILASIPARA,Y
DN06,DES07787,BILASPUR - EX DUMP,Y
A102,DES07788,BINACHARA,Y
EW08,DES07789,BIND ,Y
DN06,DES07790,BINDOL - EX DUMP,Y
DN01,DES07791,BINNAGURI(SLG),Y
DN11,DES07792,BINOD(EX- BERHAMPORE),Y
DN10,DES07793,BINOD(EX RAGHUNATHGANJ),Y
DN11,DES07794,BINODIA(EX- BERHAMPORE),Y
DN10,DES07795,BINODIA(EX RAGHUNATHGANJ),Y
DS01,DES07796,BIPRATIKURI,Y
DS06,DES07797,BIRA,Y
DN08,DES07798,Birampur-Rathbari (Ex Malda),Y
A102,DES07799,BIRAT NAGAR,Y
DS06,DES07800,BIRATI,Y
DS03,DES07801,BIRBHANPUR,Y
DS10,DES07802,BIRLAPUR,Y
DS08,DES07803,BIROHI,Y
DN01,DES07804,Birpara(dlk),Y
B001,DES07805,BISHALGHAR (Frm Jrnya),Y
DS01,DES07806,BISHNUPUR,Y
DS04,DES07807,BISHNUPUR STATION RO,Y
DS04,DES07808,Bishnupur(BNK),Y
B001,DES07809,BISHRAMGANJ (Frm Jrnya),Y
DS05,DES07810,BISPURIA,Y
DS06,DES07811,BITHARI,Y
EW07,DES07812,BODH-GAYA,Y
DS02,DES07813,Bohar  ,Y
B004,DES07814,BOKABIL,Y
A104,DES07815,BOKAJAN (NGN),Y
A101,DES07816,BOKO,Y
DS01,DES07817,BOLPUR,Y
DS11,DES07818,BOLUHATI,Y
DS05,DES07819,BONGABARI,Y
A102,DES07820,BONGAIGAON,Y
A102,DES07821,BONGAIGAON (BY RAIL),Y
A101,DES07822,BORAGAON DUMP,Y
DN11,DES07823,BORAKULI (Ex BEHRM),Y
DN10,DES07824,BORAKULI(EX RAGHUNATHGANJ),Y
A102,DES07825,BORBOLA (LA),Y
A115,DES07826,BORDUBI,Y
A115,DES07827,BORDUMSA (TSK),Y
A105,DES07828,BORGANG,Y
A102,DES07829,BORITALI,Y
A101,DES07830,BORJHAR,Y
DS03,DES07831,BORJORA,Y
B004,DES07832,BORKHOLA,Y
DS05,DES07833,BORO,Y
DN11,DES07834,BOROA(EX- BERHAMPORE),Y
DN10,DES07835,BOROA(EX RAGHUNATHGANJ),Y
A102,DES07836,BORTARI,Y
DS09,DES07837,Boso,Y
DS12,DES07838,BRAJALAL CHAK,Y
DS12,DES07839,BRAJALALCHAK,Y
B004,DES07840,BRAMHAN SASHON,Y
DS02,DES07841,Budbud  ,Y
DS03,DES07842,BUDBUD (RNJ),Y
DS10,DES07843,BUDGE BUDGE,Y
DS03,DES07844,BUDHAMORE (ASANSOLE),Y
DN08,DES07845,Bulbulchandi (Ex Malda),Y
DN08,DES07846,BULBULCHANDI (EX-MALDA),Y
DS02,DES07847,Bulbulitala  ,Y
B003,DES07848,BUNGTLANG SOUTH (Frm Aiz),Y
DN07,DES07849,BUNIADPUR (EX GANGARAMPUR),Y
DS02,DES07850,Burdwan,Y
DS03,DES07851,BURDWAN (RNJ),Y
DS03,DES07852,BURNPUR,Y
A101,DES07853,BYRNIHAT DUMP (MEGHALAYA),Y
DS12,DES07854,C.K.ROAD,Y
DS12,DES07855,C.K.TOWN,Y
DS10,DES07856,CANNING,Y
DS11,DES07857,CARRY ROAD,Y
A115,DES07858,CHABUA,Y
DS09,DES07859,Chagram,Y
DS04,DES07860,CHAGULIAH,Y
DS12,DES07861,CHAIPAT,Y
DS06,DES07862,CHAITALGHAT,Y
DS12,DES07863,CHAITANYAPUR,Y
DN11,DES07864,CHAITPORE(EX- BERHAMPORE),Y
DN10,DES07865,CHAITPORE(EX RAGHUNATHGANJ),Y
DS04,DES07866,CHAKA,Y
DS08,DES07867,CHAKDAHA,Y
DS02,DES07868,Chakdighi  ,Y
A102,DES07869,CHAKIRBHITA (LA),Y
DS05,DES07870,CHAKOLTORE,Y
DN06,DES07871,Chakulia(dlk),Y
DN01,DES07872,CHALSA ( NCB),Y
DN11,DES07873,CHALTIA (EX- BERHAMPORE),Y
DN10,DES07874,CHALTIA (EX RAGHUNATHGANJ),Y
DN08,DES07875,Chamagram (Ex-Malda),Y
DS11,DES07876,CHAMPADANGA,Y
DS10,DES07877,CHAMPAHATI,Y
B003,DES07878,CHAMPAI (Frm Aiz),Y
B001,DES07879,CHAMPAKNAGAR (AGT) (Frm Jrnya),Y
DS11,DES07880,CHAMRAIL,Y
DN08,DES07881,CHANCHAL  EX MALDA,Y
DN08,DES07882,Chanchal - EX MALDA,Y
DS03,DES07883,CHANDA MORE,Y
A102,DES07884,CHANDAMARI (LA),Y
DN11,DES07885,CHANDANBATI(EX- BERHAMPORE),Y
DN10,DES07886,CHANDANBATI(EX RAGHUNATHGANJ),Y
DS09,DES07887,Chandannagar,Y
DS05,DES07888,CHANDANPUR,Y
DN11,DES07889,CHANDER MORE(EX- BERHAMPORE),Y
DN10,DES07890,CHANDER MORE(EX RAGHUNATHGANJ),Y
DN11,DES07891,CHANDI CHOWK(EX- BERHAMPORE),Y
DN10,DES07892,CHANDI CHOWK(EX RAGHUNATHGANJ),Y
EW08,DES07893,CHANDI -WARSALIGANJ,Y
DS12,DES07894,CHANDIPUR,Y
DS11,DES07895,CHANDITALA,Y
DS06,DES07896,CHANDPARA,Y
DN11,DES07897,CHANDPUR(EX- BERHAMPORE),Y
DN10,DES07898,CHANDPUR(EX RAGHUNATHGANJ),Y
B004,DES07899,CHANDRANATHPUR,Y
DN08,DES07900,CHANDRAPARA - EX MALDA,Y
DN08,DES07901,CHANDRAPARA (Ex Malda),Y
A102,DES07902,CHANDRAPARA (LA),Y
A101,DES07903,Chandrapur,Y
A101,DES07904,CHANDRAPUR HILL SIDE,Y
A101,DES07905,CHANGSARI,Y
A101,DES07906,CHANGSARI-1 DUMP,Y
B004,DES07907,CHANKIRA,Y
B004,DES07908,CHANKURI,Y
A102,DES07909,CHAPAGURI (LA),Y
A102,DES07910,CHAPAR,Y
A102,DES07911,CHAPAR (BY RAIL),Y
A102,DES07912,CHAPORBORI,Y
DS08,DES07913,Chapra,Y
DN08,DES07914,CHAR SUJAPUR,Y
B004,DES07915,CHARARPAR,Y
B001,DES07916,CHARILAM (AGT) (Frm Jrnya),Y
DS05,DES07917,CHAS MORE,Y
A103,DES07918,CHATIBHUI,Y
DS04,DES07919,CHATNA,Y
DS04,DES07920,Chatramore,Y
DS05,DES07921,CHATUMADAR,Y
DS12,DES07922,CHAULKHOLA(CONTAI),Y
B003,DES07923,CHAWNGTEE (Frm Aiz),Y
EW06,DES07924,Chehrakala,Y
DS05,DES07925,CHELIYAMA,Y
DS03,DES07926,CHELOD,Y
DS11,DES07927,CHENGAIL,Y
B004,DES07928,CHERAGI,Y
EW08,DES07929,CHEWADA ,Y
DS04,DES07930,CHHANDAR,Y
DN11,DES07931,CHHAPGHATI(EX- BERHAMPORE),Y
DN10,DES07932,CHHAPGHATI(EX RAGHUNATHGANJ),Y
EW08,DES07933,CHHOTI SEIKHPURA ,Y
A103,DES07934,CHIBINANG,Y
DS01,DES07935,CHINPAI,Y
DS09,DES07936,Chinsura,Y
EW07,DES07937,CHIRAILI,Y
EW08,DES07938,Chiraily(Ex-Warisaliganj,Y
A102,DES07939,CHITHILA (LA),Y
DS06,DES07940,CHITPUR,Y
DN11,DES07941,CHOANPUR (EX- BERHAMPORE),Y
DN10,DES07942,CHOANPUR (EX RAGHUNATHGANJ),Y
A103,DES07943,CHOKPOT (TURA),Y
A102,DES07944,CHOTO BAJJANI (LA),Y
DS02,DES07945,CHOTOBAINAN,Y
DS09,DES07946,Choutara,Y
DN11,DES07947,CHOWAN(EX- BERHAMPORE),Y
DN10,DES07948,CHOWAN(EX RAGHUNATHGANJ),Y
A102,DES07949,CHOWK BAZAR,Y
DN11,DES07950,CHUAPARA(EX- BERHAMPORE),Y
DN10,DES07951,CHUAPARA(EX RAGHUNATHGANJ),Y
B004,DES07952,CHUARANGI,Y
DN11,DES07953,CHUNAKHALI (EX- BERHAMPORE),Y
DN10,DES07954,CHUNAKHALI (EX RAGHUNATHGANJ),Y
A102,DES07955,Chunari,Y
B004,DES07956,CHURAIBARI,Y
B004,DES07957,CIPRASANGAN,Y
DS12,DES07958,CONTAI,Y
DN01,DES07959,COOCH BIHAR (SLG),Y
DN01,DES07960,Coochbehar,Y
DN01,DES07961,COOCHBEHAR DUMP,Y
DS06,DES07962,COSSIPORE,Y
DN11,DES07963,DACK BUNGLOW(EX- BERHAMPORE),Y
DN10,DES07964,DACK BUNGLOW(EX RAGHUNATHGANJ),Y
A103,DES07965,DADENGGRE,Y
DS12,DES07966,DADHIKA,Y
A101,DES07967,DADRA,Y
A105,DES07968,DAFLAGARH,Y
DN11,DES07969,DAHAPARA(EX- BERHAMPORE),Y
DN10,DES07970,DAHAPARA(EX RAGHUNATHGANJ),Y
DN01,DES07971,DAKGHAR (NB),Y
A103,DES07972,DAKHOPGRE,Y
DS10,DES07973,DAKSHIN BARASAT,Y
DS03,DES07974,DAKSHIN KHANDA,Y
A116,DES07975,DALGAON,Y
DN08,DES07976,DALIMPUR (Ex Malda),Y
DN06,DES07977,DALKHOLA DUMP,Y
A103,DES07978,DALU,Y
B004,DES07979,DAMCHEERA,Y
DS04,DES07980,DAMUGHOSA,Y
DS04,DES07981,DANGARAMPUR,Y
DS11,DES07982,DANKUNI,Y
DS12,DES07983,DANTAN,Y
DN11,DES07984,DARAKHATI(EX- BERHAMPORE),Y
DN10,DES07985,DARAKHATI(EX RAGHUNATHGANJ),Y
DS08,DES07986,DARERMATH (KARIMPUR),Y
B003,DES07987,DARLAWN (Frm Aiz),Y
DS12,DES07988,DASAGRAM,Y
DS09,DES07989,Dasghara,Y
DS11,DES07990,DASNAGAR,Y
DS12,DES07991,DASPUR,Y
DN07,DES07992,DAULATPUR (EX GANGARAMPUR),Y
DN11,DES07993,DEBAI PUR(EX- BERHAMPORE),Y
DN10,DES07994,DEBAI PUR(EX RAGHUNATHGANJ),Y
DN06,DES07995,DEBIGANJ - EX DUMP,Y
DN08,DES07996,DEBIPUR - EX MALDA,Y
DN11,DES07997,DEBIPUR(EX- BERHAMPORE),Y
DN10,DES07998,DEBIPUR(EX RAGHUNATHGANJ),Y
DS08,DES07999,DEBOGRAM,Y
DS12,DES08000,DEBRA,Y
EW08,DES08001,DEEPNAGAR ,Y
DS06,DES08002,DEGANGA,Y
B003,DES08003,DEMAGIRI (Frm Aiz),Y
DS12,DES08004,DENAN(KOLAGHAT),Y
DS03,DES08005,DENDUA,Y
A101,DES08006,DEODUAR,Y
DS12,DES08007,DEOLI(DIGHA),Y
DS12,DES08008,DEOLIHAT,Y
A110,DES08009,DEOMALI(AP),Y
EW06,DES08010,Desari,Y
DS04,DES08011,DESHRA,Y
DS04,DES08012,DESHURIAMORE,Y
DN11,DES08013,DEWAN SARAI(EX- BERHAMPORE),Y
DN10,DES08014,DEWAN SARAI(EX RAGHUNATHGANJ),Y
DS12,DES08015,DHADIKA,Y
DS10,DES08016,DHAKI,Y
DS04,DES08017,DHALDANGA,Y
A102,DES08018,Dhaligaon,Y
EW08,DES08019,DHAMOULI ,Y
DS09,DES08020,Dhaniakhali,Y
A104,DES08021,DHANSIRI,Y
DS08,DES08022,DHANTALA,Y
A102,DES08023,DHANUBHANGA,Y
A102,DES08024,DHARAMASHALA (SHIP),Y
A102,DES08025,DHARMASHALA (LA),Y
DS02,DES08026,Dhatrigram  ,Y
A106,DES08027,DHEMAJI,Y
DS12,DES08028,DHERUA,Y
EW08,DES08029,DHIBAR ,Y
A102,DES08030,DHIRGHAT,Y
A115,DES08031,DHOLA ,Y
DN11,DES08032,DHOLA(EX- BERHAMPORE),Y
DN10,DES08033,DHOLA(EX RAGHUNATHGANJ),Y
B004,DES08034,DHOLAI TIMUKA,Y
B004,DES08035,DHOLESHOR,Y
DN11,DES08036,DHONIRAMPUR(EX- BERHAMPORE),Y
DN10,DES08037,DHONIRAMPUR(EX RAGHUNATHGANJ),Y
A102,DES08038,DHUBRI,Y
A102,DES08039,DHUBRI (BY RAIL),Y
A102,DES08040,DHUBRI (SHIP),Y
DN08,DES08041,DHULAORI (Ex Malda),Y
DN11,DES08042,DHULAURI HAT(EX- BERHAMPORE),Y
DN10,DES08043,DHULAURI HAT(EX RAGHUNATHGANJ),Y
DN11,DES08044,DHULIAN (Ex BEHRM),Y
DN11,DES08045,DHULIAN(EX- BERHAMPORE),Y
DN10,DES08046,DHULIAN(EX RAGHUNATHGANJ),Y
DN10,DES08047,DHULIAN(EX-RAGHUNATHGANJ),Y
A102,DES08048,DHUMARKUR (LA),Y
A102,DES08049,DHUMERGHAT,Y
DS12,DES08050,DHUMSAI,Y
A102,DES08051,DHUPDHARA,Y
DS10,DES08052,DIAMOND HARBOUR,Y
DS09,DES08053,Diara,Y
A102,DES08054,DIARA (LA),Y
A115,DES08055,DIBRUGARH,Y
B004,DES08056,DIGARKHAL,Y
A101,DES08057,DIGARU,Y
A115,DES08058,DIGBOI,Y
EW05,DES08059,DIGHA(FATUWA),Y
A105,DES08060,DIGHALJULI (TEZ),Y
DS02,DES08061,Dignagar  ,Y
B004,DES08062,DINONATHPUR,Y
B004,DES08063,DOHALIA,Y
DN11,DES08064,DOHALIA(EX- BERHAMPORE),Y
DN10,DES08065,DOHALIA(EX RAGHUNATHGANJ),Y
A107,DES08066,DOIMUKH (AP),Y
A101,DES08067,DOL GOVINDA,Y
B004,DES08068,DOLU,Y
DS03,DES08069,DOMANI,Y
DN11,DES08070,DOMDOMA (Ex BEHRM),Y
DN10,DES08071,DOMDOMA(EX RAGHUNATHGANJ),Y
DS11,DES08072,DOMJUR,Y
DN11,DES08073,DOMKOL(EX- BERHAMPORE),Y
DN10,DES08074,DOMKOL(EX RAGHUNATHGANJ),Y
DN06,DES08075,DOMOHANA - EX DUMP,Y
DN11,DES08076,DOPUKURIA(EX- BERHAMPORE),Y
DN10,DES08077,DOPUKURIA(EX RAGHUNATHGANJ),Y
B004,DES08078,DORGABOND,Y
DN11,DES08079,DOULATABAD(EX- BERHAMPORE),Y
DN10,DES08080,DOULATABAD(EX RAGHUNATHGANJ),Y
A102,DES08081,DUBAPARA,Y
A102,DES08082,DUBI,Y
DS05,DES08083,DUBRA,Y
DS01,DES08084,DUBRAJPUR,Y
A102,DES08085,DUDHNOI,Y
B004,DES08086,DUDHPUR,Y
B004,DES08087,DUDPATHIL,Y
EW05,DES08088,DULHIN BAZAAR,Y
A115,DES08089,DULIAJAN,Y
B004,DES08090,DULLAVCHERRA,Y
DS06,DES08091,DUM DUM STATION,Y
A101,DES08092,DUMDUMA(GHY),Y
EW08,DES08093,DUMRICHATTI ,Y
DS09,DES08094,Dumurdaha,Y
DS06,DES08095,DUNLOP,Y
B001,DES08096,DURGABARI (AGT) (Frm Jrnya),Y
DS03,DES08097,DURGAPUR,Y
DN06,DES08098,DURGAPUR-ITAHAR - EX DUMP,Y
DN11,DES08099,DURLAVPARA (JALANGI)(EX- BERHAMPORE),Y
DN10,DES08100,DURLAVPARA (JALANGI)(EX RAGHUNATHGANJ),Y
DS03,DES08101,DURLAVPUR,Y
DS04,DES08102,Durlavpur(BNK),Y
B004,DES08103,DUTTA PUR,Y
DS08,DES08104,DUTTAFULIA,Y
DS06,DES08105,DUTTAPUKUR,Y
DS09,DES08106,Dwarbasani,Y
B003,DES08107,EAST LUNGDER (Frm Aiz),Y
DS12,DES08108,EGRA,Y
EW05,DES08109,EKANGARSARAI,Y
EW08,DES08110,EKANGER SARAI ,Y
DN08,DES08111,EKLAKHI - EX MALDA,Y
DN08,DES08112,EKLAKHI (Ex Malda),Y
DS02,DES08113,Eklaxmi  ,Y
DN08,DES08114,English Bazr(Ex Malda),Y
EE04,DES08115,English More (Ex Naugachia) ,Y
DN11,DES08116,EROALI(EX- BERHAMPORE),Y
DN10,DES08117,EROALI(EX RAGHUNATHGANJ),Y
B005,DES08118,EX-FACTORY,Y
B004,DES08119,FAKIRABAZAR,Y
A102,DES08120,FAKIRAGRAM,Y
A102,DES08121,FAKIRGANJ (LA),Y
A102,DES08122,FAKIRGHAT (LA),Y
DS10,DES08123,FALTA,Y
DN08,DES08124,FARAKKA (Ex Malda),Y
DN11,DES08125,FARAKKA / BALLALPORE(EX- BERHAMPORE),Y
DN10,DES08126,FARAKKA / BALLALPORE(EX RAGHUNATHGANJ),Y
DN08,DES08127,FARAKKA PLANT - EX MALDA,Y
DN11,DES08128,FARIDPORE(EX- BERHAMPORE),Y
DN10,DES08129,FARIDPORE(EX RAGHUNATHGANJ),Y
DN11,DES08130,FARIDPUR(EX- BERHAMPORE),Y
DN10,DES08131,FARIDPUR(EX RAGHUNATHGANJ),Y
DN01,DES08132,FATAPUKUR,Y
EW08,DES08133,FATEHPUR,Y
EW08,DES08134,FATEHPUR MORE ,Y
EW08,DES08135,Fatehpur(EX WRS)    ,Y
DN11,DES08136,FATELLA PORE(EX- BERHAMPORE),Y
DN10,DES08137,FATELLA PORE(EX RAGHUNATHGANJ),Y
DN06,DES08138,FATEPUR HAT - UDP - EX DUMP,Y
DS10,DES08139,FATHEPUR,Y
DS11,DES08140,FAZIRBAZAR,Y
DS09,DES08141,Feeter Road,Y
A102,DES08142,FEKAMARI,Y
B004,DES08143,FOOLARTAL,Y
A102,DES08144,FOREST GATE,Y
DS06,DES08145,FORT WILLIAM,Y
A101,DES08146,FULING (GHY),Y
DS03,DES08147,FULJHOR,Y
DS04,DES08148,Fulkushma,Y
DN11,DES08149,FULPUR(EX- BERHAMPORE),Y
DN10,DES08150,FULPUR(EX RAGHUNATHGANJ),Y
DS02,DES08151,FUTISANKO,Y
DS06,DES08152,GAIGHATA,Y
DN11,DES08153,GAJDHARPARA (EX- BERHAMPORE),Y
DN10,DES08154,GAJDHARPARA (EX RAGHUNATHGANJ),Y
DN11,DES08155,GAJNIPORE(EX- BERHAMPORE),Y
DN10,DES08156,GAJNIPORE(EX RAGHUNATHGANJ),Y
DS02,DES08157,Galigram  ,Y
DN08,DES08158,GALIMPUR - EX MALDA,Y
DN08,DES08159,GALIMPUR (Ex Malda),Y
DS02,DES08160,Galsi  ,Y
B004,DES08161,GAMARIA,Y
A102,DES08162,GANAKPARA,Y
B001,DES08163,GANDIGRAM (AGT) (Frm Jrnya),Y
DN11,DES08164,GANGADHARI GHAT(EX- BERHAMPORE),Y
DN10,DES08165,GANGADHARI GHAT(EX RAGHUNATHGANJ),Y
DS04,DES08166,GANGAJALL GHATI,Y
DS03,DES08167,GANGALGHATI,Y
DN11,DES08168,GANGAPRASAD (DOULATABAD)(EX- BERHAMPORE),Y
DN08,DES08169,Gangaprasad (Ex Malda),Y
DN10,DES08170,GANGAPRASAD (EX RAGHUNATHGANJ),Y
DN11,DES08171,GANGAPRASAD (HARIHARPARA)(EX- BERHAMPORE),Y
DN11,DES08172,GANGAPUR(EX- BERHAMPORE),Y
DN10,DES08173,GANGAPUR(EX RAGHUNATHGANJ),Y
DN07,DES08174,GANGARAMPUR - EX DUMP,Y
DN07,DES08175,GANGARAMPUR (EX GANGARAMPUR),Y
DN08,DES08176,GANGARAMPUR (EX-MALDA),Y
DN07,DES08177,GANGARAMPUR DUMP,Y
DN11,DES08178,GANGARDA(EX- BERHAMPORE),Y
DN10,DES08179,GANGARDA(EX RAGHUNATHGANJ),Y
DS08,DES08180,GANGNAPUR,Y
DS02,DES08181,Gangpur  ,Y
DN11,DES08182,GARAIMARI(EX- BERHAMPORE),Y
DN10,DES08183,GARAIMARI(EX RAGHUNATHGANJ),Y
DS12,DES08184,GARBETA,Y
DS04,DES08185,Garh Raipur,Y
DS10,DES08186,GARIA,Y
A101,DES08187,Garigaon,Y
A103,DES08188,GAROBADHA,Y
A101,DES08189,GASHBARI,Y
A103,DES08190,GASUAPARA,Y
DN11,DES08191,GATLA GHAT(EX- BERHAMPORE),Y
DN10,DES08192,GATLA GHAT(EX RAGHUNATHGANJ),Y
A102,DES08193,GAURIPUR,Y
EW07,DES08194,GAYA TOWN ,Y
DN08,DES08195,GAZOLE (EX-MALDA),Y
A114,DES08196,GELEKY,Y
DS04,DES08197,Gelia,Y
DS12,DES08198,GEOKHALI,Y
A102,DES08199,GERUKABARI,Y
A102,DES08200,Ghagharapara,Y
A105,DES08201,GHAIGAON,Y
B004,DES08202,GHARMURA,Y
DS04,DES08203,GHAT RANGAMATI,Y
DS06,DES08204,GHATAKPUKUR,Y
DS12,DES08205,GHATAL,Y
A106,DES08206,Ghilamara,Y
DN10,DES08207,GHOLDOBA (EX RAGHUNATHGANJ),Y
DN11,DES08208,GHOLDOBA (PIPREKHALI)(EX- BERHAMPORE),Y
B004,DES08209,GHONIGRAM,Y
DN08,DES08210,GHORAI PARA (Ex Malda),Y
DN11,DES08211,GHORAIPARA(EX- BERHAMPORE),Y
DN10,DES08212,GHORAIPARA(EX RAGHUNATHGANJ),Y
EW08,DES08213,Ghoshi,Y
EW08,DES08214,GHOSHI (EX-WARSALIGANJ),Y
DN11,DES08215,GHOSHPARA(EX- BERHAMPORE),Y
DN10,DES08216,GHOSHPARA(EX RAGHUNATHGANJ),Y
DN01,DES08217,GHUGHUDANGA ( NCB),Y
DS04,DES08218,GHUTGORIA,Y
DS10,DES08219,GHUTIARI SHARIF,Y
B004,DES08220,GIRISHGANJ,Y
EW08,DES08221,GIRIYAK ,Y
A101,DES08222,GMC HILL SIDE,Y
DN06,DES08223,GOAGAON - EX DUMP,Y
A102,DES08224,GOALPARA,Y
DN06,DES08225,GOALPOKHOR - EX DUMP,Y
DS12,DES08226,GOALTORE,Y
DN11,DES08227,GOAS(EX- BERHAMPORE),Y
DN10,DES08228,GOAS(EX RAGHUNATHGANJ),Y
DS05,DES08229,GOBAG,Y
DS02,DES08230,Gobindapur  ,Y
DN10,DES08231,GOBINDAPUR (EX RAGHUNATHGANJ),Y
DN11,DES08232,GOBINDAPUR (RUKUNPUR)(EX- BERHAMPORE),Y
B004,DES08233,GOBINDGANJ,Y
B004,DES08234,GOBINDPUR,Y
EW08,DES08235,GOBINDPUR -WARSALIGANJ,Y
DS06,DES08236,GOBORDANGA,Y
DN08,DES08237,GOBRA HAT  - EX MALDA,Y
DN08,DES08238,GOBRA HAT EX MALDA,Y
DN11,DES08239,GODHANPARA(EX- BERHAMPORE),Y
DN10,DES08240,GODHANPARA(EX RAGHUNATHGANJ),Y
A106,DES08241,GOGAMUKH,Y
DN11,DES08242,GOGHATA(EX- BERHAMPORE),Y
DN10,DES08243,GOGHATA(EX RAGHUNATHGANJ),Y
A105,DES08244,GOHPUR,Y
DN11,DES08245,GOKORNO(EX- BERHAMPORE),Y
DN10,DES08246,GOKORNO(EX RAGHUNATHGANJ),Y
DS06,DES08247,GOLABARI,Y
A102,DES08248,GOLAKGANJ,Y
DN08,DES08249,GOLAMORE - EX MALDA,Y
DN08,DES08250,GOLAPGANJ (Ex Malda),Y
DS02,DES08251,Goligram  ,Y
DS03,DES08252,GOPAL MATH,Y
DS08,DES08253,GOPAL NAGAR(HGLY),Y
DS05,DES08254,GOPALNAGAR,Y
DN11,DES08255,GOPALPUR GHAT(EX- BERHAMPORE),Y
DN10,DES08256,GOPALPUR GHAT(EX RAGHUNATHGANJ),Y
EW08,DES08257,GOPI MORE ,Y
DS12,DES08258,GOPIBALLAVPUR,Y
DN10,DES08259,GOPINATHPUR (EX RAGHUNATHGANJ),Y
DN11,DES08260,GOPINATHPUR (GOAS)(EX- BERHAMPORE),Y
DN08,DES08261,GOPRAHAT (Ex Malda),Y
DS04,DES08262,GORABARI,Y
A102,DES08263,GORAIMARI (LA),Y
EW06,DES08264,Goraul,Y
A101,DES08265,GORESWAR,Y
DS04,DES08266,GORGARIA,Y
DN08,DES08267,GOROKHPUR (Ex Malda),Y
A105,DES08268,Gorubandha,Y
DS02,DES08269,GOTAN,Y
DS09,DES08270,Gotu,Y
DS12,DES08271,GOURA,Y
DS03,DES08272,GOURANDI,Y
DS03,DES08273,GOURBAZAR,Y
DN11,DES08274,GUDHIA(EX- BERHAMPORE),Y
DN10,DES08275,GUDHIA(EX RAGHUNATHGANJ),Y
B004,DES08276,GULALIA BAZAR,Y
DS06,DES08277,GUMA,Y
A105,DES08278,GUMERI,Y
DN11,DES08279,GUNANANDABATI(EX- BERHAMPORE),Y
DN10,DES08280,GUNANANDABATI(EX RAGHUNATHGANJ),Y
DS09,DES08281,Guptipara,Y
DS11,DES08282,GURAP,Y
DS09,DES08283,GURAP (MOGRA),Y
EW07,DES08284,GURARU ,Y
DS02,DES08285,Guskara  ,Y
A106,DES08286,GUTIPUR,Y
DN08,DES08287,Habibpur (Ex Malda),Y
DN08,DES08288,Habibpur(MLD),Y
DS06,DES08289,HABRA,Y
A104,DES08290,HAHCHARA GAON,Y
A101,DES08291,HAHEM,Y
A101,DES08292,HAHEM TINALI,Y
B004,DES08293,HAILAKANDI,Y
DS12,DES08294,HALDIA (MDNP),Y
DS06,DES08295,HALISAHAR,Y
A104,DES08296,HAMREN (NGN),Y
A104,DES08297,HARANGAJAO ,Y
B004,DES08298,HARANGAJAO (SIL),Y
A102,DES08299,HARIBHANGA,Y
DS04,DES08300,HARIGRAM,Y
DS04,DES08301,HARIGRAMSALURI,Y
DN11,DES08302,HARIHARPARA(EX- BERHAMPORE),Y
DN10,DES08303,HARIHARPARA(EX RAGHUNATHGANJ),Y
B004,DES08304,HARINAGAR,Y
DS10,DES08305,HARINAVI,Y
DS08,DES08306,HARINGHATA,Y
DS09,DES08307,Haringhata (MOGRA),Y
DS02,DES08308,Harinkhola,Y
DS11,DES08309,HARIPAL,Y
DS09,DES08310,HARIPAL (MOGRA),Y
DN07,DES08311,HARIRAMPUR (EX GANGARAMPUR),Y
DN11,DES08312,HARIRAMPUR HAT(EX- BERHAMPORE),Y
DN10,DES08313,HARIRAMPUR HAT(EX RAGHUNATHGANJ),Y
DN08,DES08314,HARISHCHANDRAPUR (EX-MALDA),Y
DS09,DES08315,Harit,Y
DS04,DES08316,HARMASRA,Y
EW08,DES08317,HARNAUT ,Y
DS06,DES08318,HAROA,Y
EW06,DES08319,Harpur,Y
DN11,DES08320,HARUA(EX- BERHAMPORE),Y
DN10,DES08321,HARUA(EX RAGHUNATHGANJ),Y
DN11,DES08322,HASANPUR (EX- BERHAMPORE),Y
DN10,DES08323,HASANPUR (EX RAGHUNATHGANJ),Y
DS06,DES08324,HASNABAD,Y
DS09,DES08325,Hasnan,Y
DS04,DES08326,Hatasuria,Y
DS09,DES08327,Hatgacha,Y
DS02,DES08328,Hatgobindapur,Y
A102,DES08329,HATHINAPUR,Y
B004,DES08330,HATICHERA,Y
A102,DES08331,HATIMUTRA,Y
DS04,DES08332,Hatirampur,Y
DS10,DES08333,HATUGAUNGE,Y
B003,DES08334,HAULAWANG (Frm Aiz),Y
A101,DES08335,HEKARA,Y
DS02,DES08336,Helan  ,Y
DS02,DES08337,Hematpur  ,Y
DN06,DES08338,HEMTABAD - EX DUMP,Y
DN11,DES08339,HERAMPORE(EX- BERHAMPORE),Y
DN10,DES08340,HERAMPORE(EX RAGHUNATHGANJ),Y
DS12,DES08341,HERIA,Y
DS01,DES08342,HETAMPUR,Y
DS04,DES08343,HETIA,Y
DN11,DES08344,HIJROL(EX- BERHAMPORE),Y
DN10,DES08345,HIJROL(EX RAGHUNATHGANJ),Y
DN07,DES08346,HILI (EX GANGARAMPUR),Y
EW08,DES08347,HILSA -WARSALIGANJ,Y
EW08,DES08348,HISUA ,Y
DS09,DES08349,Hooghly,Y
DN11,DES08350,HOSANNAGAR(EX- BERHAMPORE),Y
DN10,DES08351,HOSANNAGAR(EX RAGHUNATHGANJ),Y
DS04,DES08352,HOSPITAL MAINGATE,Y
DS11,DES08353,HOWRAH MAIDAN,Y
DS09,DES08354,Hoyra,Y
DN11,DES08355,HUKOR HAT(EX- BERHAMPORE),Y
DN10,DES08356,HUKOR HAT(EX RAGHUNATHGANJ),Y
EW08,DES08357,HULASGANJ ,Y
DS12,DES08358,HUMGARH,Y
DS05,DES08359,HURA,Y
EW08,DES08360,HUSSAINA ,Y
DS06,DES08361,ICHAPUR,Y
DS03,DES08362,IISCO STEEL PLANT,Y
DS03,DES08363,IKRA,Y
DS01,DES08364,ILLAMBAZAR,Y
DS05,DES08365,ILU,Y
DN11,DES08366,IMAJ MORE (PANDITPUR)(EX- BERHAMPORE),Y
DN10,DES08367,IMAJ MORE (PANDITPUR)(EX RAGHUNATHGANJ),Y
C001,DES08368,IMPHAL DUMP,Y
DS09,DES08369,Inchura,Y
DS02,DES08370,Indas  ,Y
DS02,DES08371,Indas Gobindapur   ,Y
DS03,DES08372,"INDO-AMERICAN MORE, DURGAPUR",Y
DS04,DES08373,Indpur,Y
DS04,DES08374,INDUS,Y
B004,DES08375,IRONGMARA,Y
DN11,DES08376,ISLAMPUR(EX- BERHAMPORE),Y
DN10,DES08377,ISLAMPUR(EX RAGHUNATHGANJ),Y
DS12,DES08378,ITABERIA,Y
DN06,DES08379,ITAHAR - EX DUMP,Y
B004,DES08380,ITKHOLA,Y
DS09,DES08381,Ituchuna,Y
EW07,DES08382,ITWAN GT (EX GAYA),Y
DS10,DES08383,JADAVPUR,Y
A103,DES08384,JADI,Y
DN08,DES08385,JADUPUR (Ex Malda),Y
DN11,DES08386,JAFARER MORE(EX- BERHAMPORE),Y
DN11,DES08387,JAFARGUNJ(EX- BERHAMPORE),Y
DN10,DES08388,JAFARGUNJ(EX RAGHUNATHGANJ),Y
DS02,DES08389,Jagigram,Y
DS08,DES08390,JAGULIA,Y
A115,DES08391,JAGUN,Y
DS09,DES08392,Jaier,Y
DS04,DES08393,JAIKRISHNAPUR,Y
A115,DES08394,Jaipur,Y
DS04,DES08395,Jaipur(BNK),Y
A110,DES08396,JAIRAMPUR(AP) ,Y
A102,DES08397,JALAGHAT,Y
B004,DES08398,JALAGRAM,Y
A102,DES08399,JALAH (BY RAIL),Y
A102,DES08400,JALAHGAON,Y
B004,DES08401,JALALPUR,Y
DN08,DES08402,JALALPUR (WB),Y
DN08,DES08403,Jalalpur(WB) (Ex Malda),Y
DN11,DES08404,JALANGI (Ex BEHRM),Y
DN10,DES08405,JALANGI(EX RAGHUNATHGANJ),Y
DN11,DES08406,JALI BAGAN (BOROA)(EX- BERHAMPORE),Y
DN10,DES08407,JALI BAGAN (EX RAGHUNATHGANJ),Y
A102,DES08408,JALIKHATA,Y
C002,DES08409,JALUKIE (NLD),Y
DN01,DES08410,JAMALDAH,Y
DS04,DES08411,Jambedia,Y
DS09,DES08412,Jamgram,Y
EW08,DES08413,JAMHETA ,Y
DS05,DES08414,JAMTARIA,Y
A105,DES08415,JAMUGURI,Y
DS03,DES08416,JAMURIA,Y
DS03,DES08417,JAMURIA (INDUSTRIAL),Y
EW06,DES08418,Jandaha,Y
DS11,DES08419,JANGIPARA,Y
DN11,DES08420,JANGIPUR(EX- BERHAMPORE),Y
DN10,DES08421,JANGIPUR(EX RAGHUNATHGANJ),Y
DN06,DES08422,JANTA HAT - EX DUMP,Y
A101,DES08423,JAROBARI,Y
B004,DES08424,JARULTALA,Y
DS12,DES08425,JASORA,Y
DN08,DES08426,JATRADANGA (Ex Malda),Y
B004,DES08427,JATRAPUR,Y
DS02,DES08428,Jaugram,Y
DS04,DES08429,JAYRAMBATI,Y
EW08,DES08430,Jehanabad,Y
EW08,DES08431,JEHANABAD (EX WARS),Y
DN11,DES08432,JEMO KANDI(EX- BERHAMPORE),Y
DN10,DES08433,JEMO KANDI(EX RAGHUNATHGANJ),Y
A103,DES08434,JENGJAL (TURA),Y
DS05,DES08435,JHALDA,Y
DN08,DES08436,Jhaljhalia-Englishbar (Ex Malda),Y
DS03,DES08437,JHANJRA COLONY,Y
DS04,DES08438,JHANTI PAHARI,Y
DS05,DES08439,JHAPRA,Y
DS09,DES08440,Jharubati,Y
DN06,DES08441,JHIL JHILI (VIA GOALPOKHER),Y
DS04,DES08442,JHILIMILI,Y
DN06,DES08443,JHITKA - EX DUMP,Y
DS04,DES08444,JHORDA,Y
DN11,DES08445,JIAGANJ(EX- BERHAMPORE),Y
DN10,DES08446,JIAGANJ(EX RAGHUNATHGANJ),Y
DN11,DES08447,JIBANTI(EX- BERHAMPORE),Y
DN10,DES08448,JIBANTI(EX RAGHUNATHGANJ),Y
A105,DES08449,JINJIA,Y
DS10,DES08450,JINJIRA BAZAR,Y
B001,DES08451,JIRANIA (Frm Jrnya),Y
B001,DES08452,JIRANIA (RAIL YARD) (Frm Jrnya),Y
DS09,DES08453,Jirat,Y
C001,DES08454,JIRIBUM,Y
B004,DES08455,JIRIGHAT,Y
A102,DES08456,JOGIGOPPA (BY RAIL),Y
DS10,DES08457,JOKA (KLG),Y
DS11,DES08458,JONAI,Y
A102,DES08459,JONIA (LA) ,Y
A102,DES08460,JONTA ,Y
A112,DES08461,JORHAT,Y
DS04,DES08462,Jorhira,Y
DN11,DES08463,JOSHORITALA(EX- BERHAMPORE),Y
DN10,DES08464,JOSHORITALA(EX RAGHUNATHGANJ),Y
DS04,DES08465,Joykrishnapur,Y
DS05,DES08466,JOYNAGAR,Y
DS04,DES08467,JOYNAGAR (BNK),Y
DN11,DES08468,JOYNAGAR(EX- BERHAMPORE),Y
DN10,DES08469,JOYNAGAR(EX RAGHUNATHGANJ),Y
B004,DES08470,JOYPUR,Y
DS05,DES08471,JOYPUR (PURULIA),Y
A102,DES08472,JOYPUR HOWLY (LA),Y
DS04,DES08473,JOYRAMPUR,Y
A114,DES08474,JOYSAGAR,Y
DN11,DES08475,JUGINDA(EX- BERHAMPORE),Y
DN10,DES08476,JUGINDA(EX RAGHUNATHGANJ),Y
DS10,DES08477,JUMAINASKARHAT,Y
B004,DES08478,JUMBASTI,Y
DN08,DES08479,K.B.S.SCHOOL - EX MALDA,Y
DN08,DES08480,K.B.S.SCHOOL (Ex Malda),Y
DS10,DES08481,KABARDANGA,Y
DN11,DES08482,KABILPORE(EX- BERHAMPORE),Y
DN10,DES08483,KABILPORE(EX RAGHUNATHGANJ),Y
A105,DES08484,KABOIMARI,Y
B004,DES08485,KABUGANJ,Y
B004,DES08486,KACHUDARAM,Y
EW08,DES08487,KADIRGANJ ,Y
A101,DES08488,KAHIKUCHI,Y
DS09,DES08489,Kaikala,Y
A102,DES08490,KAITHALKUCHI,Y
A102,DES08491,KAJALGAON,Y
DN11,DES08492,KAJIPARA(EX- BERHAMPORE),Y
DN10,DES08493,KAJIPARA(EX RAGHUNATHGANJ),Y
DN11,DES08494,KAJISA(EX- BERHAMPORE),Y
DN10,DES08495,KAJISA(EX RAGHUNATHGANJ),Y
EW08,DES08496,KAJISARAI ,Y
DS10,DES08497,KAKDWIP,Y
DS06,DES08498,KAKINARA,Y
A112,DES08499,KAKOJAN,Y
A115,DES08500,KAKOPATHAR,Y
A102,DES08501,KAKRIPARA,Y
DS12,DES08502,KAKTIA (MNDP),Y
DS05,DES08503,KALABANI,Y
DS09,DES08504,Kalachara,Y
A102,DES08505,KALAH BHANGA (LA),Y
A116,DES08506,KALAIGAON,Y
B004,DES08507,KALAIN,Y
DS08,DES08508,KALAMBAGAN,Y
A101,DES08509,KALANGPAR,Y
A102,DES08510,KALAPANI,Y
DN01,DES08511,KALCHINI ( NCB),Y
DN08,DES08512,KALIACHAK (EX-MALDA),Y
DN06,DES08513,KALIAGANJ - EX DUMP,Y
DS03,DES08514,KALIDASPUR,Y
B004,DES08515,KALIGANJ,Y
DN11,DES08516,KALIGANJ(EX- BERHAMPORE),Y
DN10,DES08517,KALIGANJ(EX RAGHUNATHGANJ),Y
DN08,DES08518,KALIGRAM - EX MALDA,Y
DN08,DES08519,KALIGRAM (Ex Malda),Y
B004,DES08520,KALINAGAR,Y
DS03,DES08521,KALIPAHARI,Y
A101,DES08522,KALITAKUCHI,Y
DN11,DES08523,KALITALA(EX- BERHAMPORE),Y
DN10,DES08524,KALITALA(EX RAGHUNATHGANJ),Y
A102,DES08525,KALJHAR (LA),Y
DS03,DES08526,KALLA CENT HOSPITAL,Y
DN11,DES08527,KALMEGHA(EX- BERHAMPORE),Y
DN10,DES08528,KALMEGHA(EX RAGHUNATHGANJ),Y
DS09,DES08529,Kalna,Y
DS02,DES08530,Kalnagate  ,Y
DN11,DES08531,KALU KHALI(EX- BERHAMPORE),Y
DN10,DES08532,KALU KHALI(EX RAGHUNATHGANJ),Y
DS06,DES08533,KALYANI,Y
DS08,DES08534,KALYANI - 1,Y
B001,DES08535,KALYANPUR (AGT) (Frm Jrnya),Y
A101,DES08536,KAMAKHYA HILL SIDE,Y
DS04,DES08537,KAMALPUR(BNK),Y
A101,DES08538,KAMALPUR(GHY),Y
B005,DES08539,KAMARKUCHI,Y
DS09,DES08540,Kamarkundu,Y
DN08,DES08541,KAN PUKUR (Ex Malda),Y
DS09,DES08542,Kanajhuli,Y
B004,DES08543,KANAKPUR,Y
DN08,DES08544,Kanchantaire Malda (Ex Malda),Y
DS06,DES08545,KANCHRAPARA,Y
DN11,DES08546,KANDI(EX- BERHAMPORE),Y
DN10,DES08547,KANDI(EX RAGHUNATHGANJ),Y
DS02,DES08548,KANDRA,Y
DN11,DES08549,KANDRA(EX- BERHAMPORE),Y
DN10,DES08550,KANDRA(EX RAGHUNATHGANJ),Y
A101,DES08551,KANIKUCHI,Y
DS04,DES08552,Kankarberia,Y
DS02,DES08553,KANKARDANGA,Y
DS04,DES08554,KANKATA MORE,Y
DS06,DES08555,KANKURGACHI,Y
DS06,DES08556,KANMARI,Y
DS05,DES08557,KANTADIH,Y
DS08,DES08558,KANTHALIA,Y
DN08,DES08559,KANUA (Ex Malda),Y
DS11,DES08560,KANUPATH,Y
DN11,DES08561,KANUPUR (RAGHUNATHGUNJ)(EX- BERHAMPORE),Y
DN10,DES08562,KANUPUR(RAGHUNATHGUNJ)(EX RAGH,Y
DN10,DES08563,KANUPUR(RAGHUNATHGUNJ)(EX RAGHUNATHGANJ),Y
A102,DES08564,KAPLABARI,Y
DN06,DES08565,KARANDIGHI - EX DUMP,Y
DN08,DES08566,Kariali (Ex Malda),Y
B004,DES08567,KARICHERRA,Y
A102,DES08568,KARIGAON,Y
B004,DES08569,KARIMGANJ,Y
DS08,DES08570,KARIMPUR,Y
EW08,DES08571,Kariyadpur,Y
EW08,DES08572,KARIYADPUR (EX- WRS),Y
A101,DES08573,KARORA,Y
DS10,DES08574,KASBA (No Entry ),Y
DS02,DES08575,KASEMNAGAR,Y
EW08,DES08576,KASHICHAK ,Y
DN08,DES08577,Kashimbazar (Ex Malda),Y
DS10,DES08578,KASHINAGAR,Y
A102,DES08579,KASHIPARA,Y
DS05,DES08580,KASHIPUR,Y
DN11,DES08581,KASIADANGA(EX- BERHAMPORE),Y
DN10,DES08582,KASIADANGA(EX RAGHUNATHGANJ),Y
DN11,DES08583,KASIPUR(EX- BERHAMPORE),Y
DN10,DES08584,KASIPUR(EX RAGHUNATHGANJ),Y
DS04,DES08585,KASTORA MORE,Y
DN11,DES08586,KATA KOBRA(EX- BERHAMPORE),Y
DN10,DES08587,KATA KOBRA(EX RAGHUNATHGANJ),Y
DN11,DES08588,KATABARI(EX- BERHAMPORE),Y
DN10,DES08589,KATABARI(EX RAGHUNATHGANJ),Y
DS03,DES08590,KATABERIA,Y
DN11,DES08591,KATAKHALI(EX- BERHAMPORE),Y
DN10,DES08592,KATAKHALI(EX RAGHUNATHGANJ),Y
DS06,DES08593,KATIAHAT,Y
EE02,DES08594,KATIHAR (Frm Kishanganj) AMDABAD,Y
EE02,DES08595,KATIHAR (Frm Kishanganj) AZAMNAGAR,Y
EE02,DES08596,KATIHAR (Frm Kishanganj) BAISA,Y
EE02,DES08597,KATIHAR (Frm Kishanganj) BANMANKI,Y
EE02,DES08598,KATIHAR (Frm Kishanganj) BARHRAKOTHI,Y
EE02,DES08599,KATIHAR (Frm Kishanganj) BARSOI,Y
EE02,DES08600,KATIHAR (Frm Kishanganj) BRARI,Y
EE02,DES08601,KATIHAR (Frm Kishanganj) DHAMDAHA,Y
EE02,DES08602,KATIHAR (Frm Kishanganj) FALKA,Y
EE02,DES08603,KATIHAR (Frm Kishanganj) GERABARI,Y
EE02,DES08604,KATIHAR (Frm Kishanganj) HASANGANJ,Y
EE02,DES08605,KATIHAR (Frm Kishanganj) KADWA,Y
EE02,DES08606,KATIHAR (Frm Kishanganj) KASBA,Y
EE02,DES08607,KATIHAR (Frm Kishanganj) KATIHAR LOCAL,Y
EE02,DES08608,KATIHAR (Frm Kishanganj) KORHA,Y
EE02,DES08609,KATIHAR (Frm Kishanganj) KUMHARI,Y
EE02,DES08610,KATIHAR (Frm Kishanganj) LABHA,Y
EE02,DES08611,KATIHAR (Frm Kishanganj) MANSAHI,Y
EE02,DES08612,KATIHAR (Frm Kishanganj) PRANPUR,Y
EE02,DES08613,KATIHAR (Frm Kishanganj) PURNEA,Y
EE02,DES08614,KATIHAR (Frm Kishanganj) RUPOULI,Y
EE02,DES08615,KATIHAR (Frm Kishanganj) SALMARI,Y
EE02,DES08616,KATIHAR (Frm Kishanganj) SARSI,Y
EE02,DES08617,KATIHAR (Frm Kishanganj) SEMAPUR,Y
EE02,DES08618,KATIHAR (Frm Kishanganj) SONAILI,Y
DS04,DES08619,KATJURIDANGA,Y
DN11,DES08620,KATLAMARI(EX- BERHAMPORE),Y
DN10,DES08621,KATLAMARI(EX RAGHUNATHGANJ),Y
B004,DES08622,KATLICHERRA,Y
EW08,DES08623,KATRISARAI ,Y
DS02,DES08624,Katwa,Y
A105,DES08625,KAURI POTHAR,Y
EW08,DES08626,KAWAKOL ,Y
B003,DES08627,KAWLKULH (Frm Aiz),Y
B003,DES08628,KAWNPUI ,Y
B003,DES08629,KAWNPUI (Frm Aiz),Y
A102,DES08630,Kayakuchi,Y
B004,DES08631,KAYSTAGRAM,Y
A102,DES08632,KAZIGAON,Y
DS11,DES08633,KAZIPADA,Y
B003,DES08634,KEIFANG (Frm Aiz),Y
DS05,DES08635,KENDA,Y
DS03,DES08636,KENDRA  ,Y
DS03,DES08637,KENDRA GRAM,Y
A102,DES08638,Kenduguri,Y
A101,DES08639,KENDUKONA,Y
DS04,DES08640,Kenjakura,Y
DS12,DES08641,KESHAPAT (MECHOGRAM),Y
DS04,DES08642,KESHIAKOL,Y
DS12,DES08643,KESHIARY,Y
DN11,DES08644,KESTOMATI VIA MANKORA(EX- BERHAMPORE),Y
DN10,DES08645,KESTOMATI VIA MANKORA(EX RAGHUNATHGANJ),Y
DS02,DES08646,KETUGRAM,Y
DN11,DES08647,KHAIRAMARI(EX- BERHAMPORE),Y
DN10,DES08648,KHAIRAMARI(EX RAGHUNATHGANJ),Y
A102,DES08649,KHAIRBARI (SHIP),Y
DS09,DES08650,Khajurdaha,Y
DS12,DES08651,KHAKURDA(BELDA),Y
A102,DES08652,KHALISABHITA (LA),Y
DS09,DES08653,Khamargachi,Y
DN11,DES08654,KHAMARPARA(EX- BERHAMPORE),Y
DN10,DES08655,KHAMARPARA(EX RAGHUNATHGANJ),Y
DS02,DES08656,Khanakul  ,Y
DS09,DES08657,Khanan,Y
DS02,DES08658,Khandaghosh  ,Y
A102,DES08659,KHANDBARI ,Y
DS02,DES08660,Khanpur  ,Y
DN11,DES08661,KHAR GRAM(EX- BERHAMPORE),Y
DN10,DES08662,KHAR GRAM(EX RAGHUNATHGANJ),Y
DN08,DES08663,Kharba (Ex Malda),Y
DS06,DES08664,KHARDAH,Y
A101,DES08665,KHARGULI HILL SIDE,Y
A102,DES08666,KHARICHALA BAZAR,Y
EW07,DES08667,KHARKHURA (EX GAYA),Y
DS11,DES08668,KHARUBERIA,Y
DS04,DES08669,Khatra(BNK),Y
B003,DES08670,KHAWBUNG (Frm Aiz),Y
B003,DES08671,KHAWDUNGSEI (Frm Aiz),Y
B003,DES08672,KHAWLAILUNG (Frm Aiz),Y
B003,DES08673,KHAWZAWL (Frm Aiz),Y
A101,DES08674,KHETRI,Y
DS11,DES08675,KHILA,Y
DS06,DES08676,KHIRDIRPUR,Y
DS02,DES08677,Khirgram  ,Y
DS09,DES08678,Khirkundi,Y
DS12,DES08679,KHIRPAI,Y
EW07,DES08680,KHIZERSARAI,Y
EW08,DES08681,KHIZERSARAI EX WARISALIGUNJ,Y
DS06,DES08682,KHOLAPOTA,Y
A105,DES08683,KHONAMUKH,Y
C001,DES08684,KHONSANG,Y
DS12,DES08685,KHORAR,Y
DN11,DES08686,KHORJONA(EX- BERHAMPORE),Y
DN10,DES08687,KHORJONA(EX RAGHUNATHGANJ),Y
DS01,DES08688,KHOYRASOLE,Y
DS12,DES08689,KHUDIMORE,Y
DS01,DES08690,KHUJUTIPARA,Y
DS02,DES08691,KHUSIGANJ,Y
C002,DES08692,KHUZAMA,Y
B005,DES08693,KIMI,Y
DS01,DES08694,KIRNAHAR,Y
EE01,DES08695,KISHANGANJ FRM KISHANGANJ ARARIA,Y
EE01,DES08696,KISHANGANJ FRM KISHANGANJ BAHADURGANJ,Y
EE01,DES08697,KISHANGANJ FRM KISHANGANJ BARBATTA,Y
EE01,DES08698,KISHANGANJ FRM KISHANGANJ BHARGAMA,Y
EE01,DES08699,KISHANGANJ FRM KISHANGANJ Forbesganj,Y
EE01,DES08700,KISHANGANJ FRM KISHANGANJ JOGBANI,Y
EE01,DES08701,KISHANGANJ FRM KISHANGANJ Kaliaganj(KNE),Y
EE01,DES08702,KISHANGANJ FRM KISHANGANJ KISHANGANJ,Y
EE01,DES08703,KISHANGANJ FRM KISHANGANJ LOHAGARA,Y
EE01,DES08704,KISHANGANJ FRM KISHANGANJ NARPATGANJ,Y
EE01,DES08705,KISHANGANJ FRM KISHANGANJ PATGANA PLASI,Y
EE01,DES08706,KISHANGANJ FRM KISHANGANJ POTHIA,Y
EE01,DES08707,KISHANGANJ FRM KISHANGANJ POWAKHALI,Y
EE01,DES08708,KISHANGANJ FRM KISHANGANJ RANIGANJ,Y
EE01,DES08709,KISHANGANJ FRM KISHANGANJ TERHAGACHI,Y
EE01,DES08710,KISHANGANJ FRM KISHANGANJ THAKURGANJ,Y
DS02,DES08711,KOICHAR,Y
A102,DES08712,Koilamela,Y
A102,DES08713,KOKRAJHAR,Y
DS12,DES08714,KOLAGHAT,Y
B003,DES08715,KOLASIB (Frm Aiz),Y
DS06,DES08716,KOLKATA NO ENTRY,Y
DS11,DES08717,KONA,Y
A116,DES08718,KOPATI,Y
DN08,DES08719,KORIALI - EX MALDA,Y
DN08,DES08720,KORIALI -EX MALDA,Y
DN11,DES08721,KORKETA PARA(EX- BERHAMPORE),Y
DN10,DES08722,KORKETA PARA(EX RAGHUNATHGANJ),Y
DN11,DES08723,KORNOSUBORNO(EX- BERHAMPORE),Y
DN10,DES08724,KORNOSUBORNO(EX RAGHUNATHGANJ),Y
DS09,DES08725,Korola,Y
DS04,DES08726,Kotalpur,Y
DN11,DES08727,KOTALPUR(EX- BERHAMPORE),Y
DN10,DES08728,KOTALPUR(EX RAGHUNATHGANJ),Y
B004,DES08729,KOTAMONI,Y
DS01,DES08730,KOTASUR,Y
DS05,DES08731,KOTSHILA,Y
DS04,DES08732,KOTULPUR(NETAJI MORE,Y
A101,DES08733,KOYALAJOL,Y
DS04,DES08734,KOYLAPARA,Y
DS08,DES08735,KRISHNA NAGAR,Y
DS08,DES08736,KRISHNANAGAR Ex,Y
B004,DES08737,KRISHNAPUR,Y
DN11,DES08738,KRISTOSAL CHAIPARA (EX- BERHAMPORE),Y
DN10,DES08739,KRISTOSAL CHAIPARA (EX RAGHUNATHGANJ),Y
DS04,DES08740,Kuchiakol,Y
B004,DES08741,KUCHILA,Y
A101,DES08742,Kukurmara,Y
DN11,DES08743,KULGACHI BOTTALA(EX- BERHAMPORE),Y
DN10,DES08744,KULGACHI BOTTALA(EX RAGHUNATHGANJ),Y
EE06,DES08745,KULHARIA (BGS),Y
A101,DES08746,KULHATI (CHATRASHAL),Y
DN11,DES08747,KULI(EX- BERHAMPORE),Y
DN10,DES08748,KULI(EX RAGHUNATHGANJ),Y
DS09,DES08749,Kuliapara,Y
DS10,DES08750,KULPI,Y
DS03,DES08751,KULTI,Y
DN07,DES08752,KUMARGANJ (EX GANGARAMPUR),Y
DN08,DES08753,KUMARGANJ- EX MALDA,Y
A101,DES08754,KUMARGAON,Y
A102,DES08755,KUMARIKATA (MUKALMA),Y
A102,DES08756,KUMARIKATA (TAMULPUR),Y
DN11,DES08757,KUMARPUR HAT(EX- BERHAMPORE),Y
DN10,DES08758,KUMARPUR HAT(EX RAGHUNATHGANJ),Y
DN11,DES08759,KUMARPUR(EX- BERHAMPORE),Y
DN10,DES08760,KUMARPUR(EX RAGHUNATHGANJ),Y
DS06,DES08761,KUMARTULLY,Y
B004,DES08762,KUMBA,Y
DN08,DES08763,KUMBHIRA (Ex Malda),Y
B004,DES08764,KUMBIRGRAM,Y
DN08,DES08765,KUMEDPUR - EX MALDA,Y
DN11,DES08766,KUMRADOHO GHAT (EX- BERHAMPORE),Y
DN10,DES08767,KUMRADOHO GHAT (EX RAGHUNATHGANJ),Y
DN06,DES08768,KUNOR - EX DUMP,Y
DS09,DES08769,kuntighat,Y
DS01,DES08770,KURMITHA,Y
DS02,DES08771,Kurmun  ,Y
DN08,DES08772,Kushida (Ex Malda),Y
DN08,DES08773,KUSHMANDI (EX-MALDA),Y
DN07,DES08774,KUSHMUNDI (EX GANGARAMPUR),Y
DS05,DES08775,KUSTAUR,Y
DS04,DES08776,Kusthal,Y
DS02,DES08777,Kusumgram  ,Y
DS01,DES08778,LABHPUR,Y
B004,DES08779,LABOK,Y
DS05,DES08780,LADHURKA,Y
DS05,DES08781,LAGDA,Y
DS06,DES08782,LAKE TOWN,Y
DS05,DES08783,LAKHANPUR,Y
A102,DES08784,LAKHIGANJ,Y
B004,DES08785,LAKHINAGAR,Y
B004,DES08786,LAKHIPUR,Y
A102,DES08787,LAKHIPUR(LA),Y
DN08,DES08788,Lakhipur(WB) (Ex Malda),Y
DS04,DES08789,Lakhisagar,Y
EE05,DES08790,LAKHISARAI (Frm DRGP) ABHAYPUR,Y
EE05,DES08791,LAKHISARAI (Frm DRGP) ALIGANJ,Y
EE05,DES08792,LAKHISARAI (Frm DRGP) ASARGANJ,Y
EE05,DES08793,LAKHISARAI (Frm DRGP) BARHAT,Y
EE05,DES08794,LAKHISARAI (Frm DRGP) BATIYA,Y
EE05,DES08795,LAKHISARAI (Frm DRGP) CHANDANPURA,Y
EE05,DES08796,LAKHISARAI (Frm DRGP) DHARAHARA,Y
EE05,DES08797,LAKHISARAI (Frm DRGP) FARDA,Y
EE05,DES08798,LAKHISARAI (Frm DRGP) HALSI,Y
EE05,DES08799,LAKHISARAI (Frm DRGP) HATHIDAH,Y
EE05,DES08800,LAKHISARAI (Frm DRGP) HAVELI KHARAGPUR,Y
EE05,DES08801,LAKHISARAI (Frm DRGP) JAMALPUR,Y
EE05,DES08802,LAKHISARAI (Frm DRGP) KAJRA,Y
EE05,DES08803,LAKHISARAI (Frm DRGP) KALYANPUR,Y
EE05,DES08804,LAKHISARAI (Frm DRGP) KHARAGPUR,Y
EE05,DES08805,LAKHISARAI (Frm DRGP) KHUTHA,Y
EE05,DES08806,LAKHISARAI (Frm DRGP) MAHADEV SIMARIYA,Y
EE05,DES08807,LAKHISARAI (Frm DRGP) MANANPUR,Y
EE05,DES08808,LAKHISARAI (Frm DRGP) MIDNICHOWKI,Y
EE05,DES08809,LAKHISARAI (Frm DRGP) MOKAMA,Y
EE05,DES08810,LAKHISARAI (Frm DRGP) NAWAGARHI,Y
EE05,DES08811,LAKHISARAI (Frm DRGP) PAHARPUR,Y
EE05,DES08812,LAKHISARAI (Frm DRGP) PIRI BARIYARPUR,Y
EE05,DES08813,LAKHISARAI (Frm DRGP) RAMGARH,Y
EE05,DES08814,LAKHISARAI (Frm DRGP) RATANPURA,Y
EE05,DES08815,LAKHISARAI (Frm DRGP) SADAR MUNGER,Y
EE05,DES08816,LAKHISARAI (Frm DRGP) SANGRAMPUR,Y
EE05,DES08817,LAKHISARAI (Frm DRGP) SIKANDARA,Y
EE05,DES08818,LAKHISARAI (Frm DRGP) SURYAGARHA,Y
EE05,DES08819,LAKHISARAI (Frm DRGP) TAHADIYA,Y
EE05,DES08820,LAKHISARAI (Frm DRGP) TARAPUR,Y
EE05,DES08821,LAKHISARAI (Frm DRGP) TETARHAT,Y
EE05,DES08822,LAKHISARAI (Frm DRGP) TETIYABABER,Y
EE05,DES08823,LAKHISARAI (Frm Kishanganj) ABHAYPUR,Y
EE05,DES08824,LAKHISARAI (Frm Kishanganj) ALIGANJ,Y
EE05,DES08825,LAKHISARAI (Frm Kishanganj) ASARGANJ,Y
EE05,DES08826,LAKHISARAI (Frm Kishanganj) BARHAT,Y
EE05,DES08827,LAKHISARAI (Frm Kishanganj) BARHIYA,Y
EE05,DES08828,LAKHISARAI (Frm Kishanganj) BATIYA,Y
EE05,DES08829,LAKHISARAI (Frm Kishanganj) CHAKAI,Y
EE05,DES08830,LAKHISARAI (Frm Kishanganj) CHANDANPURA,Y
EE05,DES08831,LAKHISARAI (Frm Kishanganj) DHARAHARA,Y
EE05,DES08832,LAKHISARAI (Frm Kishanganj) FARDA,Y
EE05,DES08833,LAKHISARAI (Frm Kishanganj) GIDHAUR,Y
EE05,DES08834,LAKHISARAI (Frm Kishanganj) HALSI,Y
EE05,DES08835,LAKHISARAI (Frm Kishanganj) HATHIDAH,Y
EE05,DES08836,LAKHISARAI (Frm Kishanganj) HAVELI KHARAGPUR,Y
EE05,DES08837,LAKHISARAI (Frm Kishanganj) JAMALPUR,Y
EE05,DES08838,LAKHISARAI (Frm Kishanganj) JAMUI,Y
EE05,DES08839,LAKHISARAI (Frm Kishanganj) JHAJHA,Y
EE05,DES08840,LAKHISARAI (Frm Kishanganj) KAJRA,Y
EE05,DES08841,LAKHISARAI (Frm Kishanganj) KALYANPUR,Y
EE05,DES08842,LAKHISARAI (Frm Kishanganj) KHARAGPUR,Y
EE05,DES08843,LAKHISARAI (Frm Kishanganj) KHUTHA,Y
EE05,DES08844,LAKHISARAI (Frm Kishanganj) LAKHISARAI DUMP,Y
EE05,DES08845,LAKHISARAI (Frm Kishanganj) LAKHISARAI LOCAL,Y
EE05,DES08846,LAKHISARAI (Frm Kishanganj) LAXMIPUR,Y
EE05,DES08847,LAKHISARAI (Frm Kishanganj) MAHADEV SIMARIYA,Y
EE05,DES08848,LAKHISARAI (Frm Kishanganj) MANANPUR,Y
EE05,DES08849,LAKHISARAI (Frm Kishanganj) MANKATTHA,Y
EE05,DES08850,LAKHISARAI (Frm Kishanganj) MIDNICHOWKI,Y
EE05,DES08851,LAKHISARAI (Frm Kishanganj) MOKAMA,Y
EE05,DES08852,LAKHISARAI (Frm Kishanganj) NAWAGARHI,Y
EE05,DES08853,LAKHISARAI (Frm Kishanganj) RAMGARH,Y
EE05,DES08854,LAKHISARAI (Frm Kishanganj) RATANPURA,Y
EE05,DES08855,LAKHISARAI (Frm Kishanganj) SADAR MUNGER,Y
EE05,DES08856,LAKHISARAI (Frm Kishanganj) SANGRAMPUR,Y
EE05,DES08857,LAKHISARAI (Frm Kishanganj) SATGAMA,Y
EE05,DES08858,LAKHISARAI (Frm Kishanganj) SIKANDARA,Y
EE05,DES08859,LAKHISARAI (Frm Kishanganj) SONO,Y
EE05,DES08860,LAKHISARAI (Frm Kishanganj) SURYAGARHA,Y
EE05,DES08861,LAKHISARAI (Frm Kishanganj) TARAPUR,Y
EE05,DES08862,LAKHISARAI (Frm Kishanganj) TETARHAT,Y
DS05,DES08863,LAKRA,Y
DS04,DES08864,Lakshmanpur,Y
DS02,DES08865,Lakurdi  ,Y
B004,DES08866,LALAMUK,Y
DN11,DES08867,LALBAGH(EX- BERHAMPORE),Y
DN10,DES08868,LALBAGH(EX RAGHUNATHGANJ),Y
DS04,DES08869,"LALBAZAR, (jayrambati,bqa)",Y
DS03,DES08870,LALGANG,Y
EW06,DES08871,Lalganj,Y
DN11,DES08872,LALGOLA (Ex BEHRM),Y
DN11,DES08873,LALGOLA(EX- BERHAMPORE),Y
DN10,DES08874,LALGOLA(EX RAGHUNATHGANJ),Y
DN11,DES08875,LALKANDIAR(EX- BERHAMPORE),Y
DN10,DES08876,LALKANDIAR(EX RAGHUNATHGANJ),Y
A102,DES08877,LALMATI,Y
B004,DES08878,LALPANI (JIRIGHAT),Y
DS05,DES08879,LALPUR,Y
A106,DES08880,LALUK,Y
A102,DES08881,LANGLA,Y
B004,DES08882,LASKARBAZAR,Y
DS10,DES08883,LASMIKANTAPUR,Y
A101,DES08884,LATASIL HILL SIDE,Y
B004,DES08885,LATU,Y
DS03,DES08886,LAUDOHA,Y
DS06,DES08887,LAUHATI,Y
EW08,DES08888,LAUND ,Y
DN11,DES08889,LAXMI NARAYAN PORE (NATIAL)(EX- BERHAMPORE),Y
DN10,DES08890,LAXMI NARAYAN PORE (NATIAL)(EX RAGHUNATHGANJ),Y
A115,DES08891,LEDO,Y
DS04,DES08892,Lego,Y
A107,DES08893,LEKHI VILLAGE (AP),Y
A102,DES08894,LELA (LA),Y
A102,DES08895,Lengti Senga (BY RAIL),Y
DS11,DES08896,LILUAH,Y
DN11,DES08897,LOBON CHOWA(EX- BERHAMPORE),Y
DN10,DES08898,LOBON CHOWA(EX RAGHUNATHGANJ),Y
DN11,DES08899,LOCHONPORE(EX- BERHAMPORE),Y
DN10,DES08900,LOCHONPORE(EX RAGHUNATHGANJ),Y
DS12,DES08901,LODHASULI,Y
DN11,DES08902,LOHAPORE(EX- BERHAMPORE),Y
DN10,DES08903,LOHAPORE(EX RAGHUNATHGANJ),Y
DS01,DES08904,LOHAPUR,Y
DS09,DES08905,Loknath,Y
DN11,DES08906,LOKNATHPUR(EX- BERHAMPORE),Y
DN10,DES08907,LOKNATHPUR(EX RAGHUNATHGANJ),Y
DS01,DES08908,LOKPUR,Y
DN08,DES08909,LOLABAG (Ex Malda),Y
DN08,DES08910,LOLABAG- EX MALDA,Y
B004,DES08911,LONGAI,Y
B003,DES08912,LONGTLAI (Frm Aiz),Y
A104,DES08913,LORING THEPI,Y
B004,DES08914,LOTAKANDI,Y
B004,DES08915,LOWARPUIA,Y
B003,DES08916,LUNGLEI (Frm Aiz),Y
B003,DES08917,LUNGSEN (Frm Aiz),Y
DS10,DES08918,M.G. ROAD,Y
DS04,DES08919,MACHATORA,Y
A106,DES08920,MACHKHOWA,Y
A106,DES08921,MACHKHOWA (NLP),Y
DS08,DES08922,MADANPUR,Y
DS09,DES08923,Madanpur (MOGRA),Y
A102,DES08924,Madertari (Jaleswar),Y
A102,DES08925,MADERTARI (LA),Y
DN08,DES08926,MADHAB NAGAR (Ex Malda),Y
DS12,DES08927,MADHAKALI,Y
EW08,DES08928,MADHOPUR ,Y
DS03,DES08929,MADHUKUNDA,Y
B001,DES08930,MADHUPUR (AGT) (Frm Jrnya),Y
DN10,DES08931,MADHUPUR (EX RAGHUNATHGANJ),Y
DN11,DES08932,MADHUPUR (LALGOLA)(EX- BERHAMPORE),Y
DN11,DES08933,MADHUPUR(EX- BERHAMPORE),Y
DS06,DES08934,MADHYAMGRAM,Y
DS02,DES08935,Madhyamgram (BDWN)  ,Y
DS12,DES08936,MADPUR,Y
DN08,DES08937,Mahadipur (Ex Malda),Y
DN11,DES08938,MAHALANDI COLONY(EX- BERHAMPORE),Y
DN10,DES08939,MAHALANDI COLONY(EX RAGHUNATHGANJ),Y
DN08,DES08940,MAHANANDA PALLI (Ex Malda),Y
DN08,DES08941,Mahanandatola (Ex Malda),Y
DN08,DES08942,Maharajnagar (Ex Malda),Y
DS05,DES08943,MAHATO MARA,Y
A103,DES08944,MAHENDRAGANJ,Y
DN07,DES08945,MAHIPAL (EX GANGARAMPUR),Y
DS12,DES08946,MAHISADAL,Y
DS08,DES08947,MAHISBATHAN,Y
EW06,DES08948,Mahnar,Y
EW06,DES08949,Mahua,Y
A104,DES08950,MAILOO BAZAR (NGN),Y
A102,DES08951,MAJDIA (LA),Y
DS08,DES08952,MAJHERGRAM,Y
DN11,DES08953,MAJHPARA (DOMKOL)(EX- BERHAMPORE),Y
DN10,DES08954,MAJHPARA (EX RAGHUNATHGANJ),Y
DS02,DES08955,Majigram,Y
A105,DES08956,MAJIKUCHI (TEZ),Y
B004,DES08957,MAKAI BHANGHA,Y
DN08,DES08958,MAKAIYA - EX MALDA,Y
DN08,DES08959,MAKAIYA (Ex Malda),Y
DN08,DES08960,MAKDUMPUR (Ex Malda),Y
A102,DES08961,Makhibaha (BY RAIL),Y
DS12,DES08962,MAKRAMPUR,Y
A102,DES08963,MAKREE / DAKURBHITA,Y
A102,DES08964,MAKRIJHORA,Y
A115,DES08965,MAKUM,Y
DS04,DES08966,MAKURGRAM,Y
DN08,DES08967,MALAHAR (Ex Malda),Y
DN08,DES08968,MALAHAR -EX MALDA,Y
DS06,DES08969,MALANCHA,Y
A102,DES08970,MALAPARA,Y
DN08,DES08971,MALATIPUR (Ex Malda),Y
DN08,DES08972,MALDA DUMP,Y
DS02,DES08973,Maldanga,Y
A102,DES08974,MALEGARH (LA),Y
A101,DES08975,MALIABARI,Y
DS04,DES08976,MALIAN,Y
DS04,DES08977,Maliara,Y
DS12,DES08978,MALIGRAM,Y
A102,DES08979,MALIPARA,Y
DS09,DES08980,Maliya,Y
DS10,DES08981,MALLICKPUR,Y
B004,DES08982,MALOA,Y
B004,DES08983,MALUGRAM,Y
B003,DES08984,MAMIT (Frm Aiz),Y
DS03,DES08985,MAMRA,Y
DS09,DES08986,Mamudpur,Y
DS05,DES08987,MANBAZAR,Y
B001,DES08988,MANDAI (AGT) (Frm Jrnya),Y
A101,DES08989,MANDAKANTA,Y
A102,DES08990,Mandia,Y
DS10,DES08991,MANDIR BAZAR,Y
DN08,DES08992,Mangalbari (Ex Malda),Y
A105,DES08993,MANGALBARIA (TEZ),Y
A116,DES08994,MANGALDOI,Y
DS03,DES08995,MANGALPUR,Y
DS03,DES08996,MANGALPUR INDUSTRIAL AREA,Y
DS12,DES08997,MANGLAMARO,Y
DN08,DES08998,Manikchak (Ex Malda),Y
DS12,DES08999,MANIKPARA,Y
A102,DES09000,MANIKPUR,Y
DS06,DES09001,MANIKTOLLA,Y
A101,DES09002,MANIYARI,Y
EW08,DES09003,MANJHWEY ,Y
EW08,DES09004,MANJHWEY(EX Warisaliganj),Y
A102,DES09005,MANKACHAR DUMP,Y
DS04,DES09006,MANKANALI,Y
DS09,DES09007,Mankundu,Y
EW07,DES09008,MANPUR ,Y
A105,DES09009,MANSIRI,Y
A115,DES09010,MARGHERITA,Y
DS12,DES09011,MARISDA,Y
A102,DES09012,MARKULA,Y
A102,DES09013,MASALPUR,Y
EW05,DES09014,MASAURHI(EX-FATUWA),Y
DS06,DES09015,MASLANDPUR,Y
DS04,DES09016,MATGODA,Y
DN08,DES09017,Mathurapur  (Ex Malda),Y
DN08,DES09018,MATHURAPUR (Ex Malda),Y
DN08,DES09019,MATHURAPUR(MLD),Y
DS06,DES09020,MATIA,Y
A102,DES09021,MATIA (ASSAM) ,Y
B004,DES09022,MATIGURI,Y
DS01,DES09023,MAYURESWAR,Y
DS12,DES09024,MAZNA (CONTAI),Y
B004,DES09025,MAZUMDAR BAZAR,Y
DS01,DES09026,MD BAZAR,Y
DS12,DES09027,MECHEDA,Y
DS12,DES09028,MECHOGRAM (MDNP),Y
A102,DES09029,MEDHAGHAT (LA),Y
A102,DES09030,MEDHIRTARI,Y
DN10,DES09031,MEHEDIPUR (EX RAGHUNATHGANJ),Y
DN11,DES09032,MEHEDIPUR(EX- BERHAMPORE),Y
B004,DES09033,MEHERPUR,Y
DN08,DES09034,MEHERPUR(MLD) (Ex Malda),Y
DS03,DES09035,MEJIA,Y
DS04,DES09036,MEJIA TPS,Y
DS04,DES09037,MEJIA(BNK),Y
B001,DES09038,MELAGHAR (Frm Jrnya),Y
A104,DES09039,MELAKADING (NGN) ,Y
DS02,DES09040,Memari,Y
A103,DES09041,MENDIPATHAR,Y
A102,DES09042,MENDIPATHAR (ASSAM GATE),Y
DS03,DES09043,METALI,Y
DS04,DES09044,METALI (BNK),Y
DN01,DES09045,Meteli,Y
DN08,DES09046,Milky (Ex Malda),Y
DS12,DES09047,MIRGODA,Y
DN11,DES09048,MIRJAPORE / MOJJHOMPORE(EX- BERHAMPORE),Y
DN10,DES09049,MIRJAPORE / MOJJHOMPORE(EX RAGHUNATHGANJ),Y
DS04,DES09050,MIRJAPUR,Y
DN11,DES09051,MIRJAPUR(EX- BERHAMPORE),Y
DN10,DES09052,MIRJAPUR(EX RAGHUNATHGANJ),Y
A101,DES09053,MIRZA,Y
DS05,DES09054,MISIRDIH,Y
A105,DES09055,MISSAMARI,Y
DN10,DES09056,MITHUPUR (JANGIPUR)(EX- BERHAMPORE),Y
DN11,DES09057,MITRAPUR(EX- BERHAMPORE),Y
DN10,DES09058,MITRAPUR(EX RAGHUNATHGANJ),Y
DN08,DES09059,MODIPUKUR (Ex Malda),Y
B004,DES09060,MODONMOHON,Y
DS09,DES09061,Mogra,Y
DS09,DES09062,Mogra ( Ex MOGRA),Y
DS10,DES09063,MOGRAHAT,Y
DS03,DES09064,MOHAL,Y
DN10,DES09065,MOHALONDI (EX RAGHUNATHGANJ),Y
DN11,DES09066,MOHALONDI(EX- BERHAMPORE),Y
DS09,DES09067,Mohanda,Y
B001,DES09068,MOHANPUR (AGT) (Frm Jrnya),Y
DS12,DES09069,MOHAR,Y
A101,DES09070,MOHARIPARA,Y
DN11,DES09071,MOHIPAL(EX- BERHAMPORE),Y
DN10,DES09072,MOHIPAL(EX RAGHUNATHGANJ),Y
DS09,DES09073,Mohipaulpur,Y
B004,DES09074,MOHISASHAN,Y
DS03,DES09075,MOHISHILA,Y
DN10,DES09076,MOHLDR PARA(SAMMTINGR)(EX RAGHUNATHGANJ),Y
DN08,DES09077,Mohodipur (Ex Malda),Y
DN11,DES09078,MOHOLDAR PARA (SAMMATINAGAR)(EX- BERHAMPORE),Y
DN11,DES09079,MOHONGUNJ(EX- BERHAMPORE),Y
DN10,DES09080,MOHONGUNJ(EX RAGHUNATHGANJ),Y
B004,DES09081,MOHONPUR,Y
A102,DES09082,MOINAMOTI,Y
A102,DES09083,MOINBORI (BY RAIL),Y
DN08,DES09084,Mokdampur (Ex Malda),Y
DS03,DES09085,MOLANDIGI,Y
DS01,DES09086,MOLLERPUR,Y
A103,DES09087,MONABARI,Y
B004,DES09088,MONACHERRA,Y
DS02,DES09089,Mondalgram,Y
DS12,DES09090,MONDERMONI,Y
DS12,DES09091,MONGLAMARO,Y
DS02,DES09092,Mongolkot  ,Y
DN11,DES09093,MONIGRAM(EX- BERHAMPORE),Y
DN10,DES09094,MONIGRAM(EX RAGHUNATHGANJ),Y
DS02,DES09095,Monteswar,Y
A101,DES09096,MORANJONA,Y
DN10,DES09097,MOREGRAM (EX RAGHUNATHGANJ),Y
DN11,DES09098,MOREGRAM(EX- BERHAMPORE),Y
A105,DES09099,MORISUTI,Y
A102,DES09100,Mornoi,Y
A102,DES09101,MOROWA,Y
DS02,DES09102,MOSAGRAM,Y
DN08,DES09103,Mothabari (Ex Malda),Y
DS06,DES09104,MOULALI,Y
DS12,DES09105,MOYNA,Y
DN08,DES09106,MOYNA(MLD) (Ex Malda),Y
DS04,DES09107,Moynapur,Y
DN08,DES09108,Muchia (Ex Malda),Y
DS03,DES09109,MUCHIPARA,Y
DS12,DES09110,MUGBASAN,Y
DS12,DES09111,MUGBERIA,Y
A102,DES09112,MUGKUCHI,Y
A101,DES09113,MUKTAPUR(GHY),Y
DS09,DES09114,Muktarpur,Y
DS09,DES09115,Muktikuri,Y
DS10,DES09116,MUKUNDAPUR,Y
DS12,DES09117,MUKUNDAPUR (MDNP),Y
DN11,DES09118,MUKUNDOBAG(EX- BERHAMPORE),Y
DN10,DES09119,MUKUNDOBAG(EX RAGHUNATHGANJ),Y
B004,DES09120,MULLAGANJ,Y
DS12,DES09121,MUNDUMARI (JAMNA),Y
DS11,DES09122,MUNSHIRHAT,Y
DS05,DES09123,MURADDI,Y
DS09,DES09124,Muragachi,Y
DS01,DES09125,MURARAI,Y
EE03,DES09126,murliganj(ex saharsa),Y
EW01,DES09127,MUZAFFARPUR (Frm Kishanganj) BAJPATTI,Y
EW01,DES09128,MUZAFFARPUR (Frm Kishanganj) BANDRA,Y
EW01,DES09129,MUZAFFARPUR (Frm Kishanganj) BARKA GOWN,Y
EW01,DES09130,MUZAFFARPUR (Frm Kishanganj) BARURAJ,Y
EW01,DES09131,MUZAFFARPUR (Frm Kishanganj) BASBITT,Y
EW01,DES09132,MUZAFFARPUR (Frm Kishanganj) BELSUND,Y
EW01,DES09133,MUZAFFARPUR (Frm Kishanganj) BHUTAHI,Y
EW01,DES09134,MUZAFFARPUR (Frm Kishanganj) BISHUNPUR,Y
EW01,DES09135,MUZAFFARPUR (Frm Kishanganj) DEORIA,Y
EW01,DES09136,MUZAFFARPUR (Frm Kishanganj) DHENG,Y
EW01,DES09137,MUZAFFARPUR (Frm Kishanganj) DUMARA,Y
EW01,DES09138,MUZAFFARPUR (Frm Kishanganj) DUMARI,Y
EW01,DES09139,MUZAFFARPUR (Frm Kishanganj) FULWARIYA,Y
EW01,DES09140,MUZAFFARPUR (Frm Kishanganj) GANJBAZAR,Y
EW01,DES09141,MUZAFFARPUR (Frm Kishanganj) KATAUJHA,Y
EW01,DES09142,MUZAFFARPUR (Frm Kishanganj) KUDHANI,Y
EW01,DES09143,MUZAFFARPUR (Frm Kishanganj) KUMMA,Y
EW01,DES09144,MUZAFFARPUR (Frm Kishanganj) KWAHI,Y
EW01,DES09145,MUZAFFARPUR (Frm Kishanganj) MAJORGUNJ,Y
EW01,DES09146,MUZAFFARPUR (Frm Kishanganj) MARICHA,Y
EW01,DES09147,MUZAFFARPUR (Frm Kishanganj) MEENAPUR,Y
EW01,DES09148,MUZAFFARPUR (Frm Kishanganj) MOTIPUR,Y
EW01,DES09149,MUZAFFARPUR (Frm Kishanganj) MUJAFARPUR FOR,Y
EW01,DES09150,MUZAFFARPUR (Frm Kishanganj) PARIHAR,Y
EW01,DES09151,MUZAFFARPUR (Frm Kishanganj) PARSAUNI,Y
EW01,DES09152,MUZAFFARPUR (Frm Kishanganj) PARWAHA,Y
EW01,DES09153,MUZAFFARPUR (Frm Kishanganj) PILKHI,Y
EW01,DES09154,MUZAFFARPUR (Frm Kishanganj) PIRAUCHA,Y
EW01,DES09155,MUZAFFARPUR (Frm Kishanganj) PUPARI,Y
EW01,DES09156,MUZAFFARPUR (Frm Kishanganj) RIGA,Y
EW01,DES09157,MUZAFFARPUR (Frm Kishanganj) RUNNI SAIDPUR,Y
EW01,DES09158,MUZAFFARPUR (Frm Kishanganj) RUPANPATTI,Y
EW01,DES09159,MUZAFFARPUR (Frm Kishanganj) SAHEBGUNJ,Y
EW01,DES09160,MUZAFFARPUR (Frm Kishanganj) SARFUDDINPUR,Y
EW01,DES09161,MUZAFFARPUR (Frm Kishanganj) SARIYA,Y
EW01,DES09162,MUZAFFARPUR (Frm Kishanganj) SHEOHAR,Y
EW01,DES09163,MUZAFFARPUR (Frm Kishanganj) SITAMRHI,Y
EW01,DES09164,MUZAFFARPUR (Frm Kishanganj) SONVERSA,Y
EW01,DES09165,MUZAFFARPUR (Frm Kishanganj) SUJAWAL PUR,Y
EW01,DES09166,MUZAFFARPUR (Frm Kishanganj) SURSAND,Y
EW01,DES09167,MUZAFFARPUR (Frm Kishanganj) SUTIHARA,Y
DN08,DES09168,N.T.P.C. MORE (Ex Malda),Y
DN08,DES09169,NABABGANJ (Ex Malda),Y
DS08,DES09170,NABADWIP,Y
DN11,DES09171,NABAGRAM(EX- BERHAMPORE),Y
DN10,DES09172,NABAGRAM(EX RAGHUNATHGANJ),Y
DS02,DES09173,Nabastha  ,Y
DN11,DES09174,NABIPORE(EX- BERHAMPORE),Y
DN10,DES09175,NABIPORE(EX RAGHUNATHGANJ),Y
DS12,DES09176,NACHINDA,Y
DS02,DES09177,Nadanghat,Y
A102,DES09178,NAGAON (LA),Y
DN11,DES09179,NAGAR(EX- BERHAMPORE),Y
DN10,DES09180,NAGAR(EX RAGHUNATHGANJ),Y
EW08,DES09181,NAGARNAUSA ,Y
DS08,DES09182,NAGARUKHRA,Y
B004,DES09183,NAGATILA,Y
DN11,DES09184,NAGRAJAL (EX- BERHAMPORE),Y
DN10,DES09185,NAGRAJAL (EX RAGHUNATHGANJ),Y
DN01,DES09186,NAGRAKATA,Y
A105,DES09187,Nagsankar,Y
A115,DES09188,NAHARKATIA,Y
A107,DES09189,NAHARLAGUN DUMP,Y
DS06,DES09190,NAIHATI,Y
DN11,DES09191,NAJIRPORE ( REJINAGAR)(EX- BERHAMPORE),Y
DN10,DES09192,NAJIRPORE (EX RAGHUNATHGANJ),Y
DS04,DES09193,Nakaijuri,Y
DS09,DES09194,Naksha,Y
DN08,DES09195,Nalagola (Ex Malda),Y
A102,DES09196,NALBARI,Y
DN08,DES09197,Naldubi (Ex Malda),Y
DS01,DES09198,NALHATI,Y
DS09,DES09199,Nalikul,Y
DS10,DES09200,NAMKHANA,Y
A115,DES09201,NAMRUP,Y
DS12,DES09202,NANDAKUMAR,Y
DS12,DES09203,NANDIGRAM,Y
A103,DES09204,NANGALBIBRA,Y
DS01,DES09205,NANOOR,Y
A101,DES09206,NAOKATA,Y
DN08,DES09207,NARAYAN PUR (Ex Malda),Y
A106,DES09208,NARAYANPUR,Y
A102,DES09209,NARDI (LA),Y
EW08,DES09210,NARDIGANJ ,Y
EW07,DES09211,Nardiganj (EX Gaya),Y
DS10,DES09212,NARENDRAPUR,Y
DS12,DES09213,NARGHAT,Y
EW08,DES09214,NARHAT ,Y
DN11,DES09215,NARKEL BARI(EX- BERHAMPORE),Y
DN10,DES09216,NARKEL BARI(EX RAGHUNATHGANJ),Y
DN11,DES09217,NARSINGHAPUR(Ex BEHRM),Y
DN10,DES09218,NARSINGHAPUR(EX RAGHUNATHGANJ),Y
DS09,DES09219,Nasibpur,Y
DN11,DES09220,NASIPUR(EX- BERHAMPORE),Y
DN10,DES09221,NASIPUR(EX RAGHUNATHGANJ),Y
DS09,DES09222,Natagarh,Y
B004,DES09223,NATANPUR,Y
DN11,DES09224,NATATALA (LALGOLA)(EX- BERHAMPORE),Y
DN10,DES09225,NATATALA (LALGOLA)(EX RAGHUNATHGANJ),Y
B003,DES09226,NATHEIL (Frm Aiz),Y
B004,DES09227,NATUN BAZAR,Y
DS03,DES09228,NATUNDANGA,Y
DS04,DES09229,NATUNGRAM,Y
DN10,DES09230,NATUNGRAM (EX RAGHUNATHGANJ),Y
DN11,DES09231,NATUNGRAM (PURONDOPORE)(EX- BERHAMPORE),Y
DN10,DES09232,NATUNGUNJ (EX RAGHUNATHGANJ),Y
DN11,DES09233,NATUNGUNJ (RAGHUNATHGUNJ)(EX- B),Y
DN11,DES09234,NATUNPARA (BAGDHAR)(EX- BERHAMPORE),Y
DN10,DES09235,NATUNPARA (BAGDHAR)(EX RAGHUNATHGANJ),Y
EW08,DES09236,NAWADA ,Y
DN11,DES09237,NAYA BAHADARPORE(EX- BERHAMPORE),Y
DN10,DES09238,NAYA BAHADARPORE(EX RAGHUNATHGANJ),Y
DN08,DES09239,NAYA BAZAR (EX-MALDA),Y
DN07,DES09240,NAYABAZAR (EX GANGARAMPUR),Y
DS12,DES09241,NAYAGRAM (MIDNAPORE),Y
DS12,DES09242,NAYAGRAM (VASRA),Y
A102,DES09243,NAYAHAT,Y
A102,DES09244,NAYAHAT(SHIP),Y
A101,DES09245,NAYANPUR,Y
DS12,DES09246,NAZIRBAZAR,Y
DN11,DES09247,NAZIRPUR(EX- BERHAMPORE),Y
DN10,DES09248,NAZIRPUR(EX RAGHUNATHGANJ),Y
DN08,DES09249,Nazirpur(Mld) (Ex Malda),Y
DS12,DES09250,NEGUI,Y
DS12,DES09251,NEKURSINI,Y
EW08,DES09252,NEMDARGANJ ,Y
DS10,DES09253,NEPAL GAUNGE,Y
DS12,DES09254,NERADEUL,Y
DS05,DES09255,NETURIA,Y
A102,DES09256,NEULABITHA (LA),Y
DS10,DES09257,NEW ALIPORE,Y
C002,DES09258,NEW CHUNGTIA (NLD),Y
DS03,DES09259,NEW EGARA,Y
DS06,DES09260,NEW TOWN,Y
B003,DES09261,NGOPA (Frm Aiz),Y
DN11,DES09262,NIALLIS PARA(EX- BERHAMPORE),Y
DN10,DES09263,NIALLIS PARA(EX RAGHUNATHGANJ),Y
DS02,DES09264,Nibhujibazar,Y
DS02,DES09265,Nigon  ,Y
A102,DES09266,NIKASHI,Y
DS12,DES09267,NIKASHIBAZAR,Y
DS04,DES09268,Nikunjapur,Y
B004,DES09269,NILAMBAZAR,Y
DS12,DES09270,NILPORE (CONTAI),Y
DN08,DES09271,NIMAISARA (Ex Malda),Y
A112,DES09272,Nimatighat,Y
DN11,DES09273,NIMGRAM BELORI(EX- BERHAMPORE),Y
DN10,DES09274,NIMGRAM BELORI(EX RAGHUNATHGANJ),Y
DS10,DES09275,NIMPITH,Y
DS06,DES09276,NIMTA,Y
DS08,DES09277,NIMTALA,Y
DS12,DES09278,NIMTORI,Y
A101,DES09279,NINETH MILE HILL SIDE,Y
DS03,DES09280,NINGHA,Y
EE03,DES09281,NIRMALI (EX-SAHARSHA),Y
EW08,DES09282,NISCHALGANJ ,Y
DN11,DES09283,NISCHINTAPUR(EX- BERHAMPORE),Y
DN10,DES09284,NISCHINTAPUR(EX RAGHUNATHGANJ),Y
DN01,DES09285,NISHIGANJ(SLG),Y
A102,DES09286,NITYA BAZAR,Y
A102,DES09287,NITYANAND,Y
B004,DES09288,NIVIA,Y
DS09,DES09289,Niyala,Y
DS08,DES09290,NOAPARA(EAST),Y
DS05,DES09291,NODIHA,Y
C001,DES09292,NONEY,Y
EW08,DES09293,NOORSARAI ,Y
A101,DES09294,NORTH GUWAHATI,Y
A106,DES09295,NORTH LAKHIMPUR,Y
DN11,DES09296,NOTIAL(EX- BERHAMPORE),Y
DN10,DES09297,NOTIAL(EX RAGHUNATHGANJ),Y
A106,DES09298,NOWBOICHA,Y
DN11,DES09299,NTPC(EX- BERHAMPORE),Y
DN10,DES09300,NTPC(EX RAGHUNATHGANJ),Y
DS10,DES09301,NUNGI,Y
DS04,DES09302,NUTANCHATI,Y
DS04,DES09303,NUTANGANJ,Y
DS12,DES09304,NUTANPUKUR,Y
DS02,DES09305,Nutunhat,Y
DN01,DES09306,ODALBARI(SLG),Y
A104,DES09307,OKRENG,Y
DS04,DES09308,OLA,Y
DN08,DES09309,OLD 18 MILE (Ex Malda),Y
DS04,DES09310,Onda,Y
DS02,DES09311,Orgram  ,Y
DN11,DES09312,OSMANPUR(EX- BERHAMPORE),Y
DN10,DES09313,OSMANPUR(EX RAGHUNATHGANJ),Y
DN11,DES09314,P.D.C.L(EX- BERHAMPORE),Y
DN10,DES09315,P.D.C.L(EX RAGHUNATHGANJ),Y
DS04,DES09316,P.MORE,Y
EW05,DES09317,PABHERI MORE,Y
A105,DES09318,PABHOI,Y
DS03,DES09319,PABRA MORE,Y
DS04,DES09320,Pabramore,Y
A102,DES09321,PACHENIA,Y
DN08,DES09322,PACHPARA (Ex Malda),Y
EW08,DES09323,PADMAUL ,Y
DS02,DES09324,Pahalanpur  ,Y
DN11,DES09325,PAHARPORE(EX- BERHAMPORE),Y
DN10,DES09326,PAHARPORE(EX RAGHUNATHGANJ),Y
DN10,DES09327,PAHARPUR (EX RAGHUNATHGANJ),Y
DN11,DES09328,PAHARPUR (GOAS)(EX- BERHAMPORE),Y
B004,DES09329,PAIKAN,Y
DS01,DES09330,PAIKAR,Y
A102,DES09331,PAIKARKUCHI,Y
DS08,DES09332,PAIRADANGA,Y
A102,DES09333,PAKHAMARA,Y
EW08,DES09334,PAKRIBARAWAN ,Y
DN08,DES09335,PAKUA HAT (EX-MALDA),Y
DN11,DES09336,PAKUR DIAR HAT(EX- BERHAMPORE),Y
DN10,DES09337,PAKUR DIAR HAT(EX RAGHUNATHGANJ),Y
A101,DES09338,PALARA,Y
A101,DES09339,PALASBARI,Y
DS04,DES09340,PALASHDANGA,Y
DS02,DES09341,Palason,Y
DS02,DES09342,Pallaroad  ,Y
B004,DES09343,PALONGHAT,Y
DS02,DES09344,Palpara,Y
DS08,DES09345,PALPARA (KSN),Y
DS02,DES09346,Palsit,Y
DS03,DES09347,PANAGARH,Y
A102,DES09348,PANBARI (DHUBRI),Y
DN08,DES09349,Panchanandapur (Ex Malda),Y
B004,DES09350,PANCHGRAM,Y
DN11,DES09351,PANCHGRAM(EX- BERHAMPORE),Y
DN10,DES09352,PANCHGRAM(EX RAGHUNATHGANJ),Y
DS12,DES09353,PANCHKURI,Y
DS11,DES09354,PANCHLA,Y
DS04,DES09355,Panchmura,Y
DS01,DES09356,PANCHRA,Y
A102,DES09357,PANCHRATNA,Y
DS12,DES09358,PANCHRUL (ALAMGIRI),Y
DN11,DES09359,PANCTHUPI(EX- BERHAMPORE),Y
DN10,DES09360,PANCTHUPI(EX RAGHUNATHGANJ),Y
DS03,DES09361,PANDABESHWAR,Y
DS09,DES09362,Pandua (MOGRA),Y
DS04,DES09363,Pandua(BNK),Y
B004,DES09364,PANIBHORA,Y
DS06,DES09365,PANIHATI,Y
A101,DES09366,PANIKHATI,Y
A101,DES09367,PANIKHETI (HILL SIDE),Y
DS12,DES09368,PANIPARUL,Y
A115,DES09369,Panitola,Y
DS01,DES09370,PANRUI,Y
DS12,DES09371,PANSKURA (MDNP),Y
DS05,DES09372,PARA,Y
DS02,DES09373,Paraj  ,Y
DS09,DES09374,Parambua,Y
DS05,DES09375,PARBELIYA,Y
DN08,DES09376,PARBOTI DANGA - EX MALDA,Y
DN11,DES09377,PARDIA JITPUR(EX- BERHAMPORE),Y
DN10,DES09378,PARDIA JITPUR(EX RAGHUNATHGANJ),Y
A101,DES09379,PARLLY,Y
DS10,DES09380,PARNASHREE,Y
DS02,DES09381,PARULIA,Y
EW08,DES09382,PARWALPUR ,Y
DN11,DES09383,PATANDA(EX- BERHAMPORE),Y
DN10,DES09384,PATANDA(EX RAGHUNATHGANJ),Y
DS12,DES09385,PATASHPUR,Y
DS12,DES09386,PATASPUR,Y
DS01,DES09387,PATELNAGAR,Y
EW06,DES09388,Patepur,Y
A102,DES09389,Pathacharkuchi,Y
B004,DES09390,PATHARKANDI,Y
B005,DES09391,PATHARKHAMA,Y
DS04,DES09392,PATHARMORA,Y
A102,DES09393,PATHSALA,Y
A102,DES09394,PATILADAHA,Y
DN07,DES09395,PATIRAM (EX GANGARAMPUR),Y
DN11,DES09396,PATKEBARI(EX- BERHAMPORE),Y
DN10,DES09397,PATKEBARI(EX RAGHUNATHGANJ),Y
EW05,DES09398,PATNA (Frm Kishanganj) ATHMAL GOLA,Y
EW05,DES09399,PATNA (Frm Kishanganj) BAKHTIYARPUR,Y
EW05,DES09400,PATNA (Frm Kishanganj) BARH,Y
EW05,DES09401,PATNA (Frm Kishanganj) BIHTA,Y
EW05,DES09402,PATNA (Frm Kishanganj) BIKRAM,Y
EW05,DES09403,PATNA (Frm Kishanganj) DANAPUR,Y
EW05,DES09404,PATNA (Frm Kishanganj) DANIYAWAN,Y
EW05,DES09405,PATNA (Frm Kishanganj) DIGHA,Y
EW05,DES09406,PATNA (Frm Kishanganj) DULHIN BAZAAR,Y
EW05,DES09407,PATNA (Frm Kishanganj) EKANGARSARAI,Y
EW05,DES09408,PATNA (Frm Kishanganj) FATUWA,Y
EW05,DES09409,PATNA (Frm Kishanganj) HILSA,Y
EW05,DES09410,PATNA (Frm Kishanganj) KHUSRUPUR,Y
EW05,DES09411,PATNA (Frm Kishanganj) MANER,Y
EW05,DES09412,PATNA (Frm Kishanganj) MASAURHI,Y
EW05,DES09413,PATNA (Frm Kishanganj) NAUBATPUR,Y
EW05,DES09414,PATNA (Frm Kishanganj) PABHERI MORE,Y
EW05,DES09415,PATNA (Frm Kishanganj) PALIGANJ,Y
EW05,DES09416,PATNA (Frm Kishanganj) PATNA ,Y
EW05,DES09417,PATNA (Frm Kishanganj) PATNA CITY,Y
EW05,DES09418,PATNA (Frm Kishanganj) PATNA SADAR,Y
EW05,DES09419,PATNA (Frm Kishanganj) PHULWARISHARIF,Y
EW05,DES09420,PATNA (Frm Kishanganj) PUNPUN,Y
EW05,DES09421,PATNA (Frm Kishanganj) SAMPATCHAK,Y
EW05,DES09422,PATNA (Frm Kishanganj) SARARI,Y
EW05,DES09423,PATNA (Frm Kishanganj) SIPARA,Y
EW05,DES09424,PATNA SADAR,Y
DS12,DES09425,PATNABAZAR (MARATOLA),Y
DS04,DES09426,PATRASAAYER,Y
DS12,DES09427,PAUSI (KALINAGAR),Y
EW08,DES09428,PAWAPURI ,Y
DN08,DES09429,PAYKHANA MORE - EX MALDA,Y
DS11,DES09430,PEDRO,Y
DS12,DES09431,PETUAGHAT,Y
A103,DES09432,PHULBARI,Y
B003,DES09433,PHULLEN (Frm Aiz),Y
DS09,DES09434,Phulpukur,Y
DS12,DES09435,PIARDOBAMORE,Y
DN08,DES09436,PIASBARI (Ex Malda),Y
DS12,DES09437,PICHABONI,Y
DN11,DES09438,PILKHANA(EX- BERHAMPORE),Y
DN10,DES09439,PILKHANA(EX RAGHUNATHGANJ),Y
DS12,DES09440,PINGLA,Y
DS02,DES09441,Piplon,Y
DN11,DES09442,PIPREKHALI(EX- BERHAMPORE),Y
DN10,DES09443,PIPREKHALI(EX RAGHUNATHGANJ),Y
DS12,DES09444,PIRAKATA,Y
DS08,DES09445,PLASSEY,Y
DS08,DES09446,PLASSEYPARA,Y
DS04,DES09447,Poabagan,Y
DS04,DES09448,Pokhanna,Y
DS06,DES09449,POLARHAT,Y
DS09,DES09450,Polba,Y
DN11,DES09451,POLSONDA(EX- BERHAMPORE),Y
DN10,DES09452,POLSONDA(EX RAGHUNATHGANJ),Y
DN11,DES09453,PONDITPUR(EX- BERHAMPORE),Y
DN10,DES09454,PONDITPUR(EX RAGHUNATHGANJ),Y
DN11,DES09455,PONERO MILE (AMTALA)(EX- BERHAMPORE),Y
DN10,DES09456,PONERO MILE (EX RAGHUNATHGANJ),Y
DN08,DES09457,POPRA (Ex Malda),Y
DS09,DES09458,Pora Bazar,Y
DN11,DES09459,POSLA(EX- BERHAMPORE),Y
DN10,DES09460,POSLA(EX RAGHUNATHGANJ),Y
DS06,DES09461,POSTA,Y
DN07,DES09462,PRANSAGAR (EX GANGARAMPUR),Y
DS12,DES09463,PRATAPDIGHI,Y
DS12,DES09464,PRATAPPUR,Y
DS12,DES09465,PREMBAZAR,Y
DS09,DES09466,Puinan,Y
DS10,DES09467,PUJALI,Y
DN08,DES09468,Pukhuria (Ex Malda),Y
DN08,DES09469,PUKHURIA (EX-MALDA),Y
DS12,DES09470,PUKURAI (JHARGRAM),Y
DS12,DES09471,PULSITA,Y
EW07,DES09472,PUNAWA ,Y
DS05,DES09473,PUNCHA,Y
DS05,DES09474,PUNDAG,Y
DN01,DES09475,PUNDIBARI,Y
A103,DES09476,PURAKHASIA,Y
DS02,DES09477,PURBASTHALI,Y
DS05,DES09478,PURIYARA,Y
DS01,DES09479,PURNADAPUR,Y
DN11,DES09480,PURONDOPUR(EX- BERHAMPORE),Y
DN10,DES09481,PURONDOPUR(EX RAGHUNATHGANJ),Y
DS12,DES09482,PURSAGHAT,Y
DS03,DES09483,PURULIA,Y
DS05,DES09484,PURULIA (PURULIA),Y
DS12,DES09485,PURUSATTAMPUR,Y
A101,DES09486,Puthimari,Y
B004,DES09487,R.E.C,Y
B004,DES09488,R.K.NAGAR,Y
DS04,DES09489,RABINDRA SARANI,Y
DS04,DES09490,Radhamadhabpur,Y
DS12,DES09491,RADHAMOHANPUR,Y
DS12,DES09492,RADHAMONI,Y
DS04,DES09493,RADHANAGAR,Y
DS12,DES09494,RADHANAGAR (MDNP),Y
DN11,DES09495,RADHANAGAR GHAT(EX- BERHAMPORE),Y
DN10,DES09496,RADHANAGAR GHAT(EX RAGHUNATHGANJ),Y
DN11,DES09497,RADHARGHAT (EX- BERHAMPORE),Y
DN10,DES09498,RADHARGHAT (EX RAGHUNATHGANJ),Y
EE03,DES09499,RAGHOPUR (EX-SAHARSHA),Y
DS12,DES09500,RAGHUNATHBARI,Y
DN11,DES09501,RAGHUNATHGUNNJ(EX- BERHAMPORE),Y
DN10,DES09502,RAGHUNATHGUNNJ(EX RAGHUNATHGANJ),Y
DS05,DES09503,RAGHUNATHPUR,Y
DS12,DES09504,RAGRA,Y
EW08,DES09505,RAHUI ,Y
DS05,DES09506,RAIBANDH,Y
A101,DES09507,RAIBORI DUMP,Y
DS10,DES09508,RAIDHIGI,Y
DN06,DES09509,RAIGANJ - EX DUMP,Y
DN06,DES09510,RAIGANJ DUMP,Y
DN06,DES09511,RAIGANJ TOWN - EX DUMP,Y
DS02,DES09512,Raina,Y
DS02,DES09513,Raipur,Y
DS04,DES09514,Raipur (BNK),Y
DN11,DES09515,RAIPUR(EX- BERHAMPORE),Y
DN10,DES09516,RAIPUR(EX RAGHUNATHGANJ),Y
A103,DES09517,RAJABALA,Y
DN11,DES09518,RAJANAGAR (SAGARDIGHI)(EX- BERHAMPORE),Y
DN10,DES09519,RAJANAGAR (SAGARDIGHI)(EX RAGHUNATHGANJ),Y
DN08,DES09520,Rajarhat (MLD),Y
DN01,DES09521,RAJARHAT (NB),Y
DN01,DES09522,RAJARHAT(COOCH),Y
DN08,DES09523,Rajarhat(MLD) (Ex Malda),Y
B004,DES09524,RAJATILA,Y
EW08,DES09525,RAJAULI ,Y
DS02,DES09526,RAJBALHAT,Y
DS03,DES09527,RAJBANDH,Y
DS06,DES09528,RAJBARI,Y
DN01,DES09529,RAJGANJ,Y
A115,DES09530,RAJGARH,Y
EW08,DES09531,RAJGIR ,Y
DS01,DES09532,RAJGRAM,Y
DS04,DES09533,RAJGRAM (BANKURA),Y
DS02,DES09534,RAJHATI,Y
DS12,DES09535,RAJMA,Y
A102,DES09536,RAJMITA (LA),Y
DS01,DES09537,RAJNAGAR,Y
DS12,DES09538,RAJNAGAR (KESHPUR),Y
DN08,DES09539,RAJNAGAR(MLD) (Ex Malda),Y
DS10,DES09540,RAJPUR,Y
B004,DES09541,RAKESH NAGAR,Y
B004,DES09542,RAKESHNAGAR,Y
DS03,DES09543,RAKHITPUR,Y
DN11,DES09544,RAMAKANTAPORE(EX- BERHAMPORE),Y
DN10,DES09545,RAMAKANTAPORE(EX RAGHUNATHGANJ),Y
DS05,DES09546,RAMCHANDRAPUR,Y
A101,DES09547,RAMDIA,Y
DS04,DES09548,RAMDIHA,Y
DS09,DES09549,RAMESHWARPUR,Y
DS10,DES09550,RAMGANGA,Y
DS12,DES09551,RAMJIBANPUR,Y
DS10,DES09552,RAMLAL BAZAR,Y
B004,DES09553,RAMNAGAR,Y
DN11,DES09554,RAMNAGAR(EX- BERHAMPORE),Y
DN10,DES09555,RAMNAGAR(EX RAGHUNATHGANJ),Y
DS12,DES09556,RAMNAGAR(MDNP),Y
B004,DES09557,RAMNATHPUR,Y
DN10,DES09558,RAMPARA (EX RAGHUNATHGANJ),Y
DN11,DES09559,RAMPARA (REJINAGAR)(EX- BERHAMPORE),Y
A101,DES09560,RAMPUR( VIJOYNAGAR),Y
DS04,DES09561,RAMPUR(BNK),Y
DN11,DES09562,RAMPURA(EX- BERHAMPORE),Y
DN10,DES09563,RAMPURA(EX RAGHUNATHGANJ),Y
DS01,DES09564,RAMPURHAT,Y
DS04,DES09565,Ramsagar,Y
DS12,DES09566,RAMTARAKHUT,Y
DS05,DES09567,RANGAMATI,Y
A102,DES09568,RANGAMATI MASJID (LA),Y
DS04,DES09569,RANGAMATI(BNK),Y
A105,DES09570,RANGAPARA,Y
A101,DES09571,RANGIA,Y
A101,DES09572,RANGMAHAL,Y
B004,DES09573,RANGPUR,Y
A105,DES09574,RANGSALI,Y
A101,DES09575,Rani,Y
EW08,DES09576,RANI BAZAR,Y
DS04,DES09577,RANIBANDH,Y
B001,DES09578,RANIBAZAR (AGT) (Frm Jrnya),Y
DS12,DES09579,RANICHAK (GHATAL),Y
DS12,DES09580,RANICHAK (HALDIA),Y
DS03,DES09581,RANIGANJ,Y
EW07,DES09582,RANIGANJ (EX GAYA),Y
A102,DES09583,RANIGANJ (LA),Y
B004,DES09584,RANIGHAT,Y
DS11,DES09585,RANIHATI,Y
DN01,DES09586,RANINAGAR ( NCB),Y
DN11,DES09587,RANINAGAR (SAGARDIGHI)(EX- BERHAMPORE),Y
DN10,DES09588,RANINAGAR (SAGARDIGHI)(EX RAGHUNATHGANJ),Y
DN11,DES09589,RANINAGAR(EX- BERHAMPORE),Y
DN10,DES09590,RANINAGAR(EX RAGHUNATHGANJ),Y
A104,DES09591,RANIPUKHURI (HOJAI) ,Y
DS03,DES09592,RANISAYER,Y
DS03,DES09593,RANISAYER MORE,Y
DS03,DES09594,RANITALA (KULTI),Y
DN11,DES09595,RANITALA(EX- BERHAMPORE),Y
DN10,DES09596,RANITALA(EX RAGHUNATHGANJ),Y
DS12,DES09597,RANTUA (GOPI),Y
DS12,DES09598,RAOTARA,Y
DN06,DES09599,RASAKHOA - EX DUMP,Y
DN06,DES09600,RASKHOYAHAT - EX DUMP,Y
DS02,DES09601,Rasulpur,Y
DS02,DES09602,Rasulpur (BNK)  ,Y
DS12,DES09603,RASULPUR (MDNP),Y
DS04,DES09604,RASULPUR(BNK),Y
B004,DES09605,RATABARI,Y
DN11,DES09606,RATAN PUR GHAT(EX- BERHAMPORE),Y
DN10,DES09607,RATAN PUR GHAT(EX RAGHUNATHGANJ),Y
DS04,DES09608,Ratanpur,Y
DN11,DES09609,RATANPUR (Ex BEHRM),Y
DN11,DES09610,RATANPUR(EX- BERHAMPORE),Y
DN10,DES09611,RATANPUR(EX RAGHUNATHGANJ),Y
DN08,DES09612,RATHBARI SODHLA PUR (Ex Malda),Y
DS03,DES09613,RATI- BATI,Y
DN08,DES09614,RATUA (EX-MALDA),Y
DS12,DES09615,RATULIA,Y
B003,DES09616,RAWPUICHHIP (Frm Aiz),Y
A102,DES09617,REHABARI (LA),Y
DN11,DES09618,REJINAGAR(EX- BERHAMPORE),Y
DN10,DES09619,REJINAGAR(EX RAGHUNATHGANJ),Y
A103,DES09620,RESUBELPARA,Y
DS12,DES09621,REYAPRARA,Y
EW08,DES09622,ROH ,Y
DS12,DES09623,ROHINI,Y
A103,DES09624,RONGJENG,Y
A103,DES09625,RONGRA,Y
A103,DES09626,RONGRAM (TURA),Y
DN11,DES09627,RONOGRAM (EX- BERHAMPORE),Y
DN10,DES09628,RONOGRAM (EX RAGHUNATHGANJ),Y
DS04,DES09629,RUDRA,Y
DS12,DES09630,RUINAN,Y
DN11,DES09631,RUKUNPUR(EX- BERHAMPORE),Y
DN10,DES09632,RUKUNPUR(EX RAGHUNATHGANJ),Y
DS03,DES09633,RUPNARAINPUR,Y
EW08,DES09634,RUPOH ,Y
DS12,DES09635,SABANG,Y
DN11,DES09636,SABDANAGAR(EX- BERHAMPORE),Y
DN10,DES09637,SABDANAGAR(EX RAGHUNATHGANJ),Y
DS04,DES09638,SABRAKONE,Y
DN11,DES09639,SADIKANDIAR(EX- BERHAMPORE),Y
DN10,DES09640,SADIKANDIAR(EX RAGHUNATHGANJ),Y
DN11,DES09641,SADIKPUR(EX- BERHAMPORE),Y
DN10,DES09642,SADIKPUR(EX RAGHUNATHGANJ),Y
EW07,DES09643,SAGAHI GT (EX GAYA),Y
DS10,DES09644,SAGAR,Y
DS12,DES09645,SAGARBAR,Y
DN11,DES09646,SAGARDIGHI(EX- BERHAMPORE),Y
DN10,DES09647,SAGARDIGHI(EX RAGHUNATHGANJ),Y
DN11,DES09648,SAGARPARA(Ex BEHRM),Y
DN11,DES09649,SAGARPARA(EX- BERHAMPORE),Y
DN10,DES09650,SAGARPARA(EX RAGHUNATHGANJ),Y
DS12,DES09651,SAGARPUR,Y
A102,DES09652,SAGOLIA,Y
DS02,DES09653,Sagraimore,Y
B004,DES09654,SAHABAD,Y
DN08,DES09655,SAHAPUR(MLD) (Ex Malda),Y
DN06,DES09656,SAHAPUR-UDP - EX DUMP,Y
EE03,DES09657,SAHARSA (Frm Kishanganj) ALAMNAGAR,Y
EE03,DES09658,SAHARSA (Frm Kishanganj) BHAPTIAHI,Y
EE03,DES09659,SAHARSA (Frm Kishanganj) BHIMNAGAR,Y
EE03,DES09660,SAHARSA (Frm Kishanganj) BIHARIGANJ,Y
EE03,DES09661,SAHARSA (Frm Kishanganj) DINAPATI,Y
EE03,DES09662,SAHARSA (Frm Kishanganj) GANDAUL,Y
EE03,DES09663,SAHARSA (Frm Kishanganj) KASNAGAR,Y
EE03,DES09664,SAHARSA (Frm Kishanganj) MADHEPURA,Y
EE03,DES09665,SAHARSA (Frm Kishanganj) MURLIGANJ,Y
EE03,DES09666,SAHARSA (Frm Kishanganj) Nirmali,Y
EE03,DES09667,SAHARSA (Frm Kishanganj) PACHGACHIA,Y
EE03,DES09668,SAHARSA (Frm Kishanganj) PASTPAR,Y
EE03,DES09669,SAHARSA (Frm Kishanganj) Pipra,Y
EE03,DES09670,SAHARSA (Frm Kishanganj) PRATAPGANJ,Y
EE03,DES09671,SAHARSA (Frm Kishanganj) RAGHOPUR,Y
EE03,DES09672,SAHARSA (Frm Kishanganj) SAHARSA,Y
EE03,DES09673,SAHARSA (Frm Kishanganj) SUPAUL,Y
EE03,DES09674,SAHARSA (Frm Kishanganj) TRIBENIGANJ,Y
EE03,DES09675,SAHARSA (Frm Kishanganj) UDAIKISHANGANJ,Y
DN10,DES09676,SAHEB NAGAR(EX- BERHAMPORE),Y
EW08,DES09677,SAHOBIGHA ,Y
B003,DES09678,SAIHA (Frm Aiz),Y
DN11,DES09679,SAIKH DIGHI(EX- BERHAMPORE),Y
DN10,DES09680,SAIKH DIGHI(EX RAGHUNATHGANJ),Y
DS01,DES09681,SAINTHIA,Y
B003,DES09682,SAIRANG (Frm Aiz),Y
B003,DES09683,SAITUAL (Frm Aiz),Y
DN11,DES09684,SAJURMORE(Ex BEHRM),Y
DN11,DES09685,SAJURMORE(EX- BERHAMPORE),Y
DN10,DES09686,SAJURMORE(EX RAGHUNATHGANJ),Y
DS02,DES09687,Saktigarh  ,Y
DN11,DES09688,SAKTIPUR(EX- BERHAMPORE),Y
DN10,DES09689,SAKTIPUR(EX RAGHUNATHGANJ),Y
A102,DES09690,Salakati,Y
DS03,DES09691,SALANPUR,Y
DN11,DES09692,SALAR(EX- BERHAMPORE),Y
DN10,DES09693,SALAR(EX RAGHUNATHGANJ),Y
DS04,DES09694,Salbedia,Y
DS12,DES09695,SALBONI,Y
B004,DES09696,SALCHAPRA,Y
DS04,DES09697,SALDIHA,Y
B004,DES09698,SALGANGA,Y
A102,DES09699,SALKATA,Y
A104,DES09700,SALKATI PATHAR,Y
DS11,DES09701,SALKIA,Y
A102,DES09702,SALKOCHA,Y
DS06,DES09703,SALT LAKE,Y
DS03,DES09704,SALTORA,Y
DS04,DES09705,Saltora(BNK),Y
DN06,DES09706,SAMASPURHAT - EX DUMP,Y
EE08,DES09707,SAMASTIPUR (Frm Kishanganj) BIRAULI,Y
EE08,DES09708,SAMASTIPUR (Frm Kishanganj) BISHANPUR,Y
EE08,DES09709,SAMASTIPUR (Frm Kishanganj) CHIKNAUTA,Y
EE08,DES09710,SAMASTIPUR (Frm Kishanganj) DALSINGHSARAI,Y
EE08,DES09711,SAMASTIPUR (Frm Kishanganj) DHARMPUR,Y
EE08,DES09712,SAMASTIPUR (Frm Kishanganj) GANGAPUR,Y
EE08,DES09713,SAMASTIPUR (Frm Kishanganj) MALLINAGAR,Y
EE08,DES09714,SAMASTIPUR (Frm Kishanganj) MORWA (SAMASTIPUR),Y
EE08,DES09715,SAMASTIPUR (Frm Kishanganj) MUSRIGHARARI,Y
EE08,DES09716,SAMASTIPUR (Frm Kishanganj) SAIDPUR,Y
EE08,DES09717,SAMASTIPUR (Frm Kishanganj) SAMASTIPUR(LOCAL),Y
EE08,DES09718,SAMASTIPUR (Frm Kishanganj) SINGHIAGHAT,Y
EE08,DES09719,SAMASTIPUR (Frm Kishanganj) TAJPUR (SAMASTIPUR),Y
EE08,DES09720,SAMASTIPUR (Frm Kishanganj) WAINI PUSA,Y
A104,DES09721,SAMELANGSO,Y
DN10,DES09722,SAMMATINAGAR(EX- BERHAMPORE),Y
DN08,DES09723,SAMSI (EX-MALDA),Y
DS02,DES09724,Samudragarh,Y
DS04,DES09725,SANBANDHA MORE,Y
A103,DES09726,SANGKHIGRE,Y
DS02,DES09727,Sankarpur,Y
DN11,DES09728,SANKARPUR(EX- BERHAMPORE),Y
DN10,DES09729,SANKARPUR(EX RAGHUNATHGANJ),Y
DN11,DES09730,SANKO GHAT(EX- BERHAMPORE),Y
DN10,DES09731,SANKO GHAT(EX RAGHUNATHGANJ),Y
DS11,DES09732,SANKRAIL (SHL),Y
DN11,DES09733,SANNASIDANGA(EX- BERHAMPORE),Y
DN10,DES09734,SANNASIDANGA(EX RAGHUNATHGANJ),Y
DS05,DES09735,SANTALDIH,Y
DS03,DES09736,SANTALDIHI,Y
DS04,DES09737,Santasram,Y
B001,DES09738,SANTIR BAZAR (AGT) (Frm Jrnya),Y
DS10,DES09739,SANTOSHPUR,Y
A102,DES09740,SAPATGRAM,Y
A114,DES09741,SAPEKHATI,Y
EW06,DES09742,Sarai,Y
EW06,DES09743,SARAI (Frm Fatuha) BAKSAWAN,Y
EW06,DES09744,SARAI (Frm Fatuha) BALIACHOWK,Y
EW06,DES09745,SARAI (Frm Fatuha) BELSAR,Y
EW06,DES09746,SARAI (Frm Fatuha) BHAGWANPUR (SARAI),Y
EW06,DES09747,SARAI (Frm Fatuha) BIDUPUR,Y
EW06,DES09748,SARAI (Frm Fatuha) CHAKOSAN (SARAI),Y
EW06,DES09749,SARAI (Frm Fatuha) CHERA KALAN,Y
EW06,DES09750,SARAI (Frm Fatuha) DESRI,Y
EW06,DES09751,SARAI (Frm Fatuha) DHAMAUL,Y
EW06,DES09752,SARAI (Frm Fatuha) GARAUL,Y
EW06,DES09753,SARAI (Frm Fatuha) HAJIPUR (SARAI),Y
EW06,DES09754,SARAI (Frm Fatuha) JANDAHA,Y
EW06,DES09755,SARAI (Frm Fatuha) KANHAULI,Y
EW06,DES09756,SARAI (Frm Fatuha) KURNHI,Y
EW06,DES09757,SARAI (Frm Fatuha) LALGANJ (SARAI),Y
EW06,DES09758,SARAI (Frm Fatuha) MAHNAR,Y
EW06,DES09759,SARAI (Frm Fatuha) MAHUWA,Y
EW06,DES09760,SARAI (Frm Fatuha) PATEPUR,Y
EW06,DES09761,SARAI (Frm Fatuha) SAHPUR KHURD,Y
EW06,DES09762,SARAI (Frm Fatuha) SARAI,Y
EW06,DES09763,SARAI (Frm Kishanganj) BAKSAWAN,Y
EW06,DES09764,SARAI (Frm Kishanganj) BALIACHOWK,Y
EW06,DES09765,SARAI (Frm Kishanganj) BELSAR,Y
EW06,DES09766,SARAI (Frm Kishanganj) BHAGWANPUR (SARAI),Y
EW06,DES09767,SARAI (Frm Kishanganj) BIDUPUR,Y
EW06,DES09768,SARAI (Frm Kishanganj) CHAKOSAN (SARAI),Y
EW06,DES09769,SARAI (Frm Kishanganj) CHERA KALAN,Y
EW06,DES09770,SARAI (Frm Kishanganj) DESRI,Y
EW06,DES09771,SARAI (Frm Kishanganj) DHAMAUL,Y
EW06,DES09772,SARAI (Frm Kishanganj) GARAUL,Y
EW06,DES09773,SARAI (Frm Kishanganj) HAJIPUR (SARAI),Y
EW06,DES09774,SARAI (Frm Kishanganj) JANDAHA,Y
EW06,DES09775,SARAI (Frm Kishanganj) KANHAULI,Y
EW06,DES09776,SARAI (Frm Kishanganj) KURNHI,Y
EW06,DES09777,SARAI (Frm Kishanganj) LALGANJ (SARAI),Y
EW06,DES09778,SARAI (Frm Kishanganj) MAHNAR,Y
EW06,DES09779,SARAI (Frm Kishanganj) MAHUWA,Y
EW06,DES09780,SARAI (Frm Kishanganj) PATEPUR,Y
EW06,DES09781,SARAI (Frm Kishanganj) SAHPUR KHURD,Y
EW06,DES09782,SARAI (Frm Kishanganj) SARAI,Y
EW06,DES09783,SARAI (Frm Kishanganj) SUMERGANJ,Y
EW06,DES09784,SARAI (Frm Kishanganj) VAISHALI,Y
EW05,DES09785,SARARI,Y
B004,DES09786,SARASPUR,Y
EW07,DES09787,SARBAHDA ,Y
DN11,DES09788,SARBANGAPUR(EX- BERHAMPORE),Y
DN10,DES09789,SARBANGAPUR(EX RAGHUNATHGANJ),Y
DS04,DES09790,SARBERIA,Y
A102,DES09791,SARBHOG,Y
DS05,DES09792,SARBORI,Y
DS04,DES09793,Sarenga,Y
DN11,DES09794,SARGACHI(EX- BERHAMPORE),Y
DN10,DES09795,SARGACHI(EX RAGHUNATHGANJ),Y
EW08,DES09796,SARMERA ,Y
DS03,DES09797,SARPI MORE,Y
DS04,DES09798,Sashpur,Y
A115,DES09799,SASONI,Y
DS02,DES09800,Satgachia,Y
EW08,DES09801,SATHOPUR ,Y
A102,DES09802,SATRASAL,Y
DN08,DES09803,Sattari (Ex Malda),Y
DN11,DES09804,SATUI(EX- BERHAMPORE),Y
DN10,DES09805,SATUI(EX RAGHUNATHGANJ),Y
DN11,DES09806,SECENDRA(EX- BERHAMPORE),Y
DN10,DES09807,SECENDRA(EX RAGHUNATHGANJ),Y
DS02,DES09808,Seharabazar  ,Y
EW08,DES09809,SEIKHPURA ,Y
EW08,DES09810,SEKHOPUR BAZAAR ,Y
EW08,DES09811,SEKHOPUR BAZAR (EX WARS),Y
DN11,DES09812,SEKHPARA (Ex BEHRM),Y
DN10,DES09813,SEKHPARA(EX RAGHUNATHGANJ),Y
B003,DES09814,SELLING (Frm Aiz),Y
DS09,DES09815,Senerdanga,Y
DS05,DES09816,SERANGDIH,Y
B003,DES09817,SERCHIP (Frm Aiz),Y
C001,DES09818,SEROU (MNP),Y
DN11,DES09819,SERPUR(EX- BERHAMPORE),Y
DN10,DES09820,SERPUR(EX RAGHUNATHGANJ),Y
DN08,DES09821,SERSAHI (Ex Malda),Y
DN08,DES09822,Shahbazpur (Ex Malda),Y
B001,DES09823,SHAKERCORT (AGT) (Frm Jrnya),Y
DS10,DES09824,SHAKUNTALA PARK,Y
DS02,DES09825,Shamsundar  ,Y
DS12,DES09826,SHANKARPUR (DIGHA),Y
DN08,DES09827,Shankartola Ghat (Ex Malda),Y
C001,DES09828,SHANTIKONA (MNP),Y
EW07,DES09829,SHERGHATI GT (EX GAYA),Y
DS11,DES09830,SHIBPUR,Y
DS03,DES09831,SHIBPUR (RNJ),Y
A102,DES09832,SHILABAZAR,Y
A101,DES09833,SHOLAMARI,Y
DS06,DES09834,SHYAM BAZAR,Y
DN07,DES09835,SHYAM NAGAR (DLK),Y
DS12,DES09836,SHYAM SUNDARPUR,Y
DS12,DES09837,SHYAMCHANDPUR,Y
DS06,DES09838,SHYAMNAGAR,Y
DS06,DES09839,SHYAMNAGAR (EX- COSPR),Y
DS11,DES09840,SHYAMPUR,Y
DS11,DES09841,SHYMPUR-1,Y
DS11,DES09842,SHYMPUR-2,Y
DS11,DES09843,SIAKHALA,Y
DN11,DES09844,SIALMARI(EX- BERHAMPORE),Y
DN10,DES09845,SIALMARI(EX RAGHUNATHGANJ),Y
DS12,DES09846,SIDDHA BAZAR,Y
A102,DES09847,SIDLI,Y
DS04,DES09848,SIHAR,Y
A103,DES09849,SIJU,Y
EW08,DES09850,SILAO ,Y
A106,DES09851,SILAPATHAR,Y
B004,DES09852,SILCHAR,Y
DS12,DES09853,SILDA,Y
B004,DES09854,SILDUBI,Y
DS08,DES09855,SILINDA,Y
DS09,DES09856,Silinda (MOGRA),Y
A102,DES09857,Simalabari,Y
DS09,DES09858,Simalgarh,Y
DS05,DES09859,SIMLA,Y
A102,DES09860,SIMLAGURI,Y
A104,DES09861,SIMLAI PATHAR (NGN),Y
DS04,DES09862,Simlapal,Y
DS08,DES09863,SIMURALI,Y
DS09,DES09864,Simurali (MOGRA),Y
DS05,DES09865,SINDRI,Y
A101,DES09866,SINGARA,Y
DS09,DES09867,Singarkon,Y
DS12,DES09868,SINGHAGHI,Y
EE03,DES09869,SINGHESWAR  (EX-SAHARSHA),Y
A103,DES09870,SINGHIMARI,Y
DS11,DES09871,SINGUR,Y
DS09,DES09872,Singur (MOGRA),Y
A116,DES09873,SIPAJHAR,Y
DS10,DES09874,SIRAKOLE,Y
EW08,DES09875,SIRDHALLA (EX WARS),Y
DS05,DES09876,SIRKABAD,Y
DN11,DES09877,SISGRAM(EX- BERHAMPORE),Y
DN10,DES09878,SISGRAM(EX RAGHUNATHGANJ),Y
DN01,DES09879,SITAI(SLG),Y
B004,DES09880,SITAPUR,Y
A114,DES09881,SIVASAGAR DUMP,Y
EW03,DES09882,SIWAN (Frm Kishanganj) AMLORI SARSAR ,Y
EW03,DES09883,SIWAN (Frm Kishanganj) ANDER ,Y
EW03,DES09884,SIWAN (Frm Kishanganj) BAIKUNTHPUR ,Y
EW03,DES09885,SIWAN (Frm Kishanganj) BARHARIA ,Y
EW03,DES09886,SIWAN (Frm Kishanganj) BASANTPUR ,Y
EW03,DES09887,SIWAN (Frm Kishanganj) BHORE ,Y
EW03,DES09888,SIWAN (Frm Kishanganj) BHRTHUI ,Y
EW03,DES09889,SIWAN (Frm Kishanganj) DARAULI,Y
EW03,DES09890,SIWAN (Frm Kishanganj) DURAUDHA ,Y
EW03,DES09891,SIWAN (Frm Kishanganj) GOPALGANJ (SIWAN),Y
EW03,DES09892,SIWAN (Frm Kishanganj) GOPALPUR ,Y
EW03,DES09893,SIWAN (Frm Kishanganj) GORIYAKOTHI ,Y
EW03,DES09894,SIWAN (Frm Kishanganj) GUTHNI ,Y
EW03,DES09895,SIWAN (Frm Kishanganj) HASANPURA ,Y
EW03,DES09896,SIWAN (Frm Kishanganj) HATHUWA ,Y
EW03,DES09897,SIWAN (Frm Kishanganj) HUSSAINGANJ ,Y
EW03,DES09898,SIWAN (Frm Kishanganj) JAMAPUR ,Y
EW03,DES09899,SIWAN (Frm Kishanganj) JAMO ,Y
EW03,DES09900,SIWAN (Frm Kishanganj) JAMUNAHA ,Y
EW03,DES09901,SIWAN (Frm Kishanganj) KANHAULI ,Y
EW03,DES09902,SIWAN (Frm Kishanganj) KATEYA ,Y
EW03,DES09903,SIWAN (Frm Kishanganj) KUCHAIKOTE ,Y
EW03,DES09904,SIWAN (Frm Kishanganj) LAGDHI ,Y
EW03,DES09905,SIWAN (Frm Kishanganj) LAKDI NABIGANJ ,Y
EW03,DES09906,SIWAN (Frm Kishanganj) MADARPUR ,Y
EW03,DES09907,SIWAN (Frm Kishanganj) MAHRAJGANJ ,Y
EW03,DES09908,SIWAN (Frm Kishanganj) MAIRWA ,Y
EW03,DES09909,SIWAN (Frm Kishanganj) MANJHA ,Y
EW03,DES09910,SIWAN (Frm Kishanganj) NAUTAN ,Y
EW03,DES09911,SIWAN (Frm Kishanganj) PACHRUKHI ,Y
EW03,DES09912,SIWAN (Frm Kishanganj) PATAR ,Y
EW03,DES09913,SIWAN (Frm Kishanganj) PHULWARIYA ,Y
EW03,DES09914,SIWAN (Frm Kishanganj) RAGHUNATHPUR ,Y
EW03,DES09915,SIWAN (Frm Kishanganj) SIWAN,Y
EW03,DES09916,SIWAN (Frm Kishanganj) THAWE ,Y
EW03,DES09917,SIWAN (Frm Kishanganj) UCHKAGAW ,Y
EW03,DES09918,SIWAN (Frm Kishanganj) ZIRADEI ,Y
DS06,DES09919,SODEPUR,Y
DS06,DES09920,SODEPUR (EX- COSPR),Y
DS02,DES09921,Sodpur  ,Y
B005,DES09922,SOHKYMPHOR,Y
B004,DES09923,SOLGOI,Y
B004,DES09924,SOMARIKONA,Y
DN11,DES09925,SOMPARA(EX- BERHAMPORE),Y
DN10,DES09926,SOMPARA(EX RAGHUNATHGANJ),Y
DS09,DES09927,Somrabazar,Y
DS04,DES09928,SONA MUKHI,Y
B004,DES09929,SONABARIGHAT,Y
B004,DES09930,SONAI,Y
DS12,DES09931,SONAKANYA,Y
DS10,DES09932,SONAKHALI,Y
DS12,DES09933,SONAKHALI (MDNP),Y
B004,DES09934,SONAKIRA,Y
DS12,DES09935,SONAMAIHAT,Y
DS10,DES09936,SONAMUKHI,Y
DS04,DES09937,SONAMUKHI(RATANGANJ),Y
A101,DES09938,SONAPUR,Y
DN06,DES09939,SONAPUR HAT- EX DUMP,Y
DN01,DES09940,SONARI (NCB),Y
DS10,DES09941,SONARPUR,Y
DS09,DES09942,Sonatkri,Y
B004,DES09943,SONBIL,Y
A102,DES09944,SONKUCHI,Y
DS03,DES09945,SONPUR BAZARI,Y
DS04,DES09946,SOOKJORA MORE/CHATRA,Y
DN08,DES09947,Sovanagar (Ex Malda),Y
DN08,DES09948,Sreepur (Ex Malda),Y
DS11,DES09949,SREERAMPUR,Y
B004,DES09950,SRIGOURI,Y
DS04,DES09951,SRIHAR,Y
B004,DES09952,SRIKONA,Y
DS12,DES09953,SRINAGAR,Y
A101,DES09954,SRINGARPARA,Y
DS12,DES09955,SRIPUR,Y
A102,DES09956,SRIRAMPUR,Y
A101,DES09957,SUALKUCHI,Y
A102,DES09958,SUBANKHATA,Y
DS10,DES09959,SUBASH GRAM,Y
DS09,DES09960,Sudarsan,Y
DS09,DES09961,Sugandha,Y
DS05,DES09962,SUISA,Y
DN08,DES09963,SUJAPUR (EX-MALDA),Y
DN11,DES09964,SUJNIPARA / MODNA(EX- BERHAMPORE),Y
DN10,DES09965,SUJNIPARA / MODNA(EX RAGHUNATHGANJ),Y
DN11,DES09966,SUKI(EX- BERHAMPORE),Y
DN10,DES09967,SUKI(EX RAGHUNATHGANJ),Y
A101,DES09968,SUKLAI,Y
A101,DES09969,SUKUNIA,Y
DS09,DES09970,Sultangacha,Y
EE04,DES09971,SULTANGANJ ,Y
DS12,DES09972,SULTANGAR,Y
B004,DES09973,SULTANI BAZAR,Y
EW06,DES09974,Sumerganj,Y
B001,DES09975,SUNAMURA (Frm Jrnya),Y
DN11,DES09976,SUNDARPUR(EX- BERHAMPORE),Y
DN10,DES09977,SUNDARPUR(EX RAGHUNATHGANJ),Y
DS04,DES09978,Sunukpahari,Y
DS12,DES09979,SUPA,Y
EE03,DES09980,SUPAUL (EX-SAHARSHA),Y
B004,DES09981,SUPRAKANDI,Y
DS02,DES09982,SUREKALNA,Y
DS01,DES09983,SURI,Y
DN06,DES09984,SURJAPUR - EX DUMP,Y
DN08,DES09985,SUSTANI MORE (Ex Malda),Y
DS04,DES09986,SUSUNIA,Y
DS12,DES09987,SUTAHATA,Y
A101,DES09988,SUTARGAON,Y
B004,DES09989,SUTARKANDI,Y
A102,DES09990,SUTARPARA (LA),Y
DN11,DES09991,SUTI (AHIRON)(EX- BERHAMPORE),Y
DN10,DES09992,SUTI (EX RAGHUNATHGANJ),Y
DN11,DES09993,SWARUP PORE(EX- BERHAMPORE),Y
DN10,DES09994,SWARUP PORE(EX RAGHUNATHGANJ),Y
DN08,DES09995,Swarupganj(Mld) (Ex Malda),Y
DS06,DES09996,SWARUPNAGAR,Y
B004,DES09997,SWISGATE,Y
DS12,DES09998,TABAGARI,Y
DN11,DES09999,TAJ PORE(EX- BERHAMPORE),Y
DN10,DES10000,TAJ PORE(EX RAGHUNATHGANJ),Y
EE06,DES10001,TAJPUR (SAMASTIPUR),Y
DN11,DES10002,TAKTIPORE(EX- BERHAMPORE),Y
DN10,DES10003,TAKTIPORE(EX RAGHUNATHGANJ),Y
DS09,DES10004,Talandu,Y
DS12,DES10005,TALBAGHICHA,Y
DS04,DES10006,Taldangra,Y
DS12,DES10007,TALIBHATA,Y
DS02,DES10008,Talit  ,Y
DS09,DES10009,Talshari HGLY,Y
C001,DES10010,TAMENGLONG (MNP),Y
DS12,DES10011,TAMLUK,Y
A102,DES10012,TAMULPUR,Y
DS06,DES10013,TANGRA,Y
DN08,DES10014,TAPAN (EX MALDA),Y
DS11,DES10015,TARAKESHWAR,Y
DS09,DES10016,Tarakeswar (MOGRA),Y
DS01,DES10017,TARAPITH,Y
B004,DES10018,TARAPUR,Y
DS06,DES10019,TEGHARIA,Y
DN11,DES10020,TEGHORI(EX- BERHAMPORE),Y
DN10,DES10021,TEGHORI(EX RAGHUNATHGANJ),Y
EE06,DES10022,TEGHRA ex,Y
A106,DES10023,TELAM,Y
B001,DES10024,TELIAMURA (Frm Jrnya),Y
DS12,DES10025,TEMATHANI,Y
A115,DES10026,TENGAKHAT,Y
DS12,DES10027,TENGUA,Y
DS06,DES10028,TENTULIA,Y
DN11,DES10029,TENTULIA(EX- BERHAMPORE),Y
DN10,DES10030,TENTULIA(EX RAGHUNATHGANJ),Y
DN07,DES10031,TEOR (EX GANGARAMPUR),Y
DN08,DES10032,TEOR (EX MALDA),Y
DS12,DES10033,TEPAR PARA,Y
DS12,DES10034,TERAPAKHIA (KAPASGARIA),Y
DS12,DES10035,TERAPAKHIA (NGM),Y
EW08,DES10036,Teusa(EX WRS)     ,Y
A105,DES10037,TEZPUR,Y
A104,DES10038,THAIJUWARI (NGN) ,Y
DS12,DES10039,THAKUR CHOWK,Y
DS06,DES10040,THAKURNAGAR,Y
DS10,DES10041,THAKURPUKUR,Y
DN07,DES10042,THAKURPURA (EX GANGARAMPUR),Y
A102,DES10043,THAMANA (LA),Y
DS12,DES10044,THEKUABAZAR,Y
A105,DES10045,THELAMARA,Y
B003,DES10046,THENZAWL (Frm Aiz),Y
B003,DES10047,THINGSULTHLIAH (Frm Aiz),Y
DN11,DES10048,TIAKATA(EX- BERHAMPORE),Y
DN10,DES10049,TIAKATA(EX RAGHUNATHGANJ),Y
A102,DES10050,TIHU,Y
DS12,DES10051,TIKRAMORE (DIGHA),Y
DS12,DES10052,TILAKULA (SALBONI),Y
A102,DES10053,Tilapara,Y
DS04,DES10054,TILURI,Y
B004,DES10055,TINGAURI,Y
DS09,DES10056,Tinna,Y
A115,DES10057,TINSUKIA,Y
A115,DES10058,TINSUKIA(MKM RD) DUMP,Y
A115,DES10059,TINSUKIA-2 DUMP,Y
A102,DES10060,TIPKAI (LA),Y
DS06,DES10061,TITAGARH,Y
A102,DES10062,TND BRIDGE,Y
DN11,DES10063,TOFA PORE(EX- BERHAMPORE),Y
DN10,DES10064,TOFA PORE(EX RAGHUNATHGANJ),Y
DN11,DES10065,TOKIPUR(EX- BERHAMPORE),Y
DN10,DES10066,TOKIPUR(EX RAGHUNATHGANJ),Y
DS06,DES10067,TOPSIA,Y
DS12,DES10068,TOPSIYA,Y
DS12,DES10069,TOTANALA,Y
DS12,DES10070,TOWNSHIP (HALDIA),Y
DS09,DES10071,Tribani,Y
DS12,DES10072,TRILOCHANPUR,Y
A101,DES10073,TRILOKYA CHOWK,Y
DN11,DES10074,TRIMOHINI (Ex BEHRM),Y
DN07,DES10075,TRIMOHINI (EX GANGARAMPUR),Y
DN11,DES10076,TRIMOHINI(EX- BERHAMPORE),Y
DN10,DES10077,TRIMOHINI(EX RAGHUNATHGANJ),Y
EE03,DES10078,TRIVENGANJ (EX-SAHARSHA),Y
B001,DES10079,TUCHINDRAI (AGT) (Frm Jrnya),Y
B003,DES10080,TUIPANG (Frm Aiz),Y
DS05,DES10081,TULIN,Y
DS12,DES10082,TULSICHOTI,Y
DN08,DES10083,TULSIHATTA-EX MALDA,Y
A102,DES10084,TUMNI,Y
DN06,DES10085,TUNGIDIGHI - EX DUMP,Y
A103,DES10086,TURA,Y
DS12,DES10087,TURKA,Y
DS12,DES10088,UBADAL,Y
DS02,DES10089,Uchalan  ,Y
B001,DES10090,UDAIPUR (Frm Jrnya),Y
EE03,DES10091,UDAKISHUNGANJ (EX-SAHARSHA),Y
A105,DES10092,UDALGURI,Y
DS11,DES10093,UDANG,Y
DS11,DES10094,UDAYNARYANPUR,Y
B004,DES10095,UDHARBAND,Y
DS03,DES10096,UKRA,Y
DS06,DES10097,ULTADANGA,Y
DS11,DES10098,ULUBERIA,Y
DN11,DES10099,UMARPUR(EX- BERHAMPORE),Y
DN10,DES10100,UMARPUR(EX RAGHUNATHGANJ),Y
A104,DES10101,UMRANGSHU (NCH),Y
A101,DES10102,UPARHALI,Y
DN11,DES10103,URAHAR / CHOAPUKUR(EX- BERHAMPORE),Y
DN10,DES10104,URAHAR / CHOAPUKUR(EX RAGHUNATHGANJ),Y
DN11,DES10105,URAHAR(EX- BERHAMPORE),Y
DN10,DES10106,URAHAR(EX RAGHUNATHGANJ),Y
A113,DES10107,URIAMGHAT,Y
B001,DES10108,USHABAZAR (AGT) (Frm Jrnya),Y
DS10,DES10109,USTHI,Y
DN10,DES10110,USTIA (EX RAGHUNATHGANJ),Y
DN11,DES10111,USTIA(EX- BERHAMPORE),Y
A104,DES10112,UTTAR BORBIL,Y
DN08,DES10113,Uttar Kumedpur (Ex Malda),Y
DS03,DES10114,"UTTARAYAN,NADIHA ROAD",Y
DS12,DES10115,UTTARBIL,Y
EW06,DES10116,Vaishali,Y
DN08,DES10117,VALUKA (Ex Malda),Y
DS12,DES10118,VASRAGHAT,Y
DS04,DES10119,VEDUASOL,Y
EW08,DES10120,WARSALIGANJ (Frm Kishanganj) AKBARPUR ,Y
EW08,DES10121,WARSALIGANJ (Frm Kishanganj) ALIGANJ ,Y
EW08,DES10122,WARSALIGANJ (Frm Kishanganj) AMARUT ,Y
EW08,DES10123,WARSALIGANJ (Frm Kishanganj) AMERIKA BIGHA ,Y
EW08,DES10124,WARSALIGANJ (Frm Kishanganj) ANELA  ,Y
EW08,DES10125,WARSALIGANJ (Frm Kishanganj) ASTHAWAN ,Y
EW08,DES10126,WARSALIGANJ (Frm Kishanganj) ATRI,Y
EW08,DES10127,WARSALIGANJ (Frm Kishanganj) BADRAJJI ,Y
EW08,DES10128,WARSALIGANJ (Frm Kishanganj) BAGI BARDIHA ,Y
EW08,DES10129,WARSALIGANJ (Frm Kishanganj) BAKSAUTI ,Y
EW08,DES10130,WARSALIGANJ (Frm Kishanganj) BARACHATTI,Y
EW08,DES10131,WARSALIGANJ (Frm Kishanganj) BARBIGHA,Y
EW08,DES10132,WARSALIGANJ (Frm Kishanganj) BARDAHA,Y
EW08,DES10133,WARSALIGANJ (Frm Kishanganj) BAREB,Y
EW08,DES10134,WARSALIGANJ (Frm Kishanganj) BATHANI,Y
EW08,DES10135,WARSALIGANJ (Frm Kishanganj) BELAGUNJ,Y
EW08,DES10136,WARSALIGANJ (Frm Kishanganj) BIHARSARIF,Y
EW08,DES10137,WARSALIGANJ (Frm Kishanganj) BIND ,Y
EW08,DES10138,WARSALIGANJ (Frm Kishanganj) BODH-GAYA ,Y
EW08,DES10139,WARSALIGANJ (Frm Kishanganj) CHABILAPUR,Y
EW08,DES10140,WARSALIGANJ (Frm Kishanganj) CHANDI,Y
EW08,DES10141,WARSALIGANJ (Frm Kishanganj) CHANDRADEEP ,Y
EW08,DES10142,WARSALIGANJ (Frm Kishanganj) CHERKI,Y
EW08,DES10143,WARSALIGANJ (Frm Kishanganj) CHEWADA,Y
EW08,DES10144,WARSALIGANJ (Frm Kishanganj) CHHOTI SEIKHPURA,Y
EW08,DES10145,WARSALIGANJ (Frm Kishanganj) CHIRAILI,Y
EW08,DES10146,WARSALIGANJ (Frm Kishanganj) DAHPAR,Y
EW08,DES10147,WARSALIGANJ (Frm Kishanganj) DEEPNAGAR,Y
EW08,DES10148,WARSALIGANJ (Frm Kishanganj) DHAMOULI,Y
EW08,DES10149,WARSALIGANJ (Frm Kishanganj) DHIBAR,Y
EW08,DES10150,WARSALIGANJ (Frm Kishanganj) DUMRICHATTI ,Y
EW08,DES10151,WARSALIGANJ (Frm Kishanganj) EKANGER SARAI ,Y
EW08,DES10152,WARSALIGANJ (Frm Kishanganj) FATEHPUR,Y
EW08,DES10153,WARSALIGANJ (Frm Kishanganj) FATEHPUR MORE ,Y
EW08,DES10154,WARSALIGANJ (Frm Kishanganj) GAYA TOWN ,Y
EW08,DES10155,WARSALIGANJ (Frm Kishanganj) GHOSI,Y
EW08,DES10156,WARSALIGANJ (Frm Kishanganj) GIRIYAK ,Y
EW08,DES10157,WARSALIGANJ (Frm Kishanganj) GOBINDPUR ,Y
EW08,DES10158,WARSALIGANJ (Frm Kishanganj) GOPI MORE ,Y
EW08,DES10159,WARSALIGANJ (Frm Kishanganj) GURARU ,Y
EW08,DES10160,WARSALIGANJ (Frm Kishanganj) HALSI ,Y
EW08,DES10161,WARSALIGANJ (Frm Kishanganj) HARNAUT ,Y
EW08,DES10162,WARSALIGANJ (Frm Kishanganj) HILSA ,Y
EW08,DES10163,WARSALIGANJ (Frm Kishanganj) HISUA ,Y
EW08,DES10164,WARSALIGANJ (Frm Kishanganj) HULASGANJ ,Y
EW08,DES10165,WARSALIGANJ (Frm Kishanganj) HUSSAINA ,Y
EW08,DES10166,WARSALIGANJ (Frm Kishanganj) ISHLAMPUR,Y
EW08,DES10167,WARSALIGANJ (Frm Kishanganj) ITWAN,Y
EW08,DES10168,WARSALIGANJ (Frm Kishanganj) JAMHETA ,Y
EW08,DES10169,WARSALIGANJ (Frm Kishanganj) JEHANABAD,Y
EW08,DES10170,WARSALIGANJ (Frm Kishanganj) KADIRGANJ ,Y
EW08,DES10171,WARSALIGANJ (Frm Kishanganj) KAJISARAI ,Y
EW08,DES10172,WARSALIGANJ (Frm Kishanganj) KARIYADPUR,Y
EW08,DES10173,WARSALIGANJ (Frm Kishanganj) KASHICHAK ,Y
EW08,DES10174,WARSALIGANJ (Frm Kishanganj) KATRISARAI ,Y
EW08,DES10175,WARSALIGANJ (Frm Kishanganj) KAWAKOL ,Y
EW08,DES10176,WARSALIGANJ (Frm Kishanganj) KHANDAKPAR,Y
EW08,DES10177,WARSALIGANJ (Frm Kishanganj) KHANJHAPUR,Y
EW08,DES10178,WARSALIGANJ (Frm Kishanganj) KHIZERSARAI,Y
EW08,DES10179,WARSALIGANJ (Frm Kishanganj) KONCH,Y
EW08,DES10180,WARSALIGANJ (Frm Kishanganj) KORIYONA,Y
EW08,DES10181,WARSALIGANJ (Frm Kishanganj) LAUND ,Y
EW08,DES10182,WARSALIGANJ (Frm Kishanganj) MADHOPUR ,Y
EW08,DES10183,WARSALIGANJ (Frm Kishanganj) MANJHWEY ,Y
EW08,DES10184,WARSALIGANJ (Frm Kishanganj) MANPUR ,Y
EW08,DES10185,WARSALIGANJ (Frm Kishanganj) MINA BAZAR ,Y
EW08,DES10186,WARSALIGANJ (Frm Kishanganj) MOHANPUR,Y
EW08,DES10187,WARSALIGANJ (Frm Kishanganj) NAGARNAUSA ,Y
EW08,DES10188,WARSALIGANJ (Frm Kishanganj) NAIBAZAR,Y
EW08,DES10189,WARSALIGANJ (Frm Kishanganj) NALANDA ,Y
EW08,DES10190,WARSALIGANJ (Frm Kishanganj) NARDIGANJ ,Y
EW08,DES10191,WARSALIGANJ (Frm Kishanganj) NARHAT ,Y
EW08,DES10192,WARSALIGANJ (Frm Kishanganj) NAWADA ,Y
EW08,DES10193,WARSALIGANJ (Frm Kishanganj) NEMDARGANJ ,Y
EW08,DES10194,WARSALIGANJ (Frm Kishanganj) NISCHALGANJ ,Y
EW08,DES10195,WARSALIGANJ (Frm Kishanganj) NOORSARAI ,Y
EW08,DES10196,WARSALIGANJ (Frm Kishanganj) PADMAUL ,Y
EW08,DES10197,WARSALIGANJ (Frm Kishanganj) PAKRIBARAWAN ,Y
EW08,DES10198,WARSALIGANJ (Frm Kishanganj) PARWALPUR ,Y
EW08,DES10199,WARSALIGANJ (Frm Kishanganj) PAWAPURI ,Y
EW08,DES10200,WARSALIGANJ (Frm Kishanganj) PUNAWA ,Y
EW08,DES10201,WARSALIGANJ (Frm Kishanganj) RAHUI ,Y
EW08,DES10202,WARSALIGANJ (Frm Kishanganj) RAJAULI ,Y
EW08,DES10203,WARSALIGANJ (Frm Kishanganj) RAJGIR ,Y
EW08,DES10204,WARSALIGANJ (Frm Kishanganj) RANI BAZAR,Y
EW08,DES10205,WARSALIGANJ (Frm Kishanganj) RANIGANJ,Y
EW08,DES10206,WARSALIGANJ (Frm Kishanganj) ROH ,Y
EW08,DES10207,WARSALIGANJ (Frm Kishanganj) RUPOH ,Y
EW08,DES10208,WARSALIGANJ (Frm Kishanganj) SAGAHI,Y
EW08,DES10209,WARSALIGANJ (Frm Kishanganj) SAHOBIGHA ,Y
EW08,DES10210,WARSALIGANJ (Frm Kishanganj) SARBAHDA ,Y
EW08,DES10211,WARSALIGANJ (Frm Kishanganj) SARMERA ,Y
EW08,DES10212,WARSALIGANJ (Frm Kishanganj) SATHOPUR ,Y
EW08,DES10213,WARSALIGANJ (Frm Kishanganj) SEIKHPURA ,Y
EW08,DES10214,WARSALIGANJ (Frm Kishanganj) SEKHOPUR BAZAAR ,Y
EW08,DES10215,WARSALIGANJ (Frm Kishanganj) SHAHPURMORE,Y
EW08,DES10216,WARSALIGANJ (Frm Kishanganj) SHERGHATI,Y
EW08,DES10217,WARSALIGANJ (Frm Kishanganj) SIKANDARA ,Y
EW08,DES10218,WARSALIGANJ (Frm Kishanganj) SILAO ,Y
EW08,DES10219,WARSALIGANJ (Frm Kishanganj) SIRDALLA ,Y
EW08,DES10220,WARSALIGANJ (Frm Kishanganj) SOABH,Y
EW08,DES10221,WARSALIGANJ (Frm Kishanganj) TARMA ,Y
EW08,DES10222,WARSALIGANJ (Frm Kishanganj) TEHTA ,Y
EW08,DES10223,WARSALIGANJ (Frm Kishanganj) TEKARI,Y
EW08,DES10224,WARSALIGANJ (Frm Kishanganj) TELHARA ,Y
EW08,DES10225,WARSALIGANJ (Frm Kishanganj) TEUSA   ,Y
EW08,DES10226,WARSALIGANJ (Frm Kishanganj) THAALI ,Y
EW08,DES10227,WARSALIGANJ (Frm Kishanganj) THARTHARI,Y
EW08,DES10228,WARSALIGANJ (Frm Kishanganj) THEKAI ,Y
EW08,DES10229,WARSALIGANJ (Frm Kishanganj) TUNGI ,Y
EW08,DES10230,WARSALIGANJ (Frm Kishanganj) WARSALIGANJ TOWN ,Y
EW08,DES10231,WARSALIGANJ (Frm Kishanganj) WAZIRGUNJ ,Y
EW08,DES10232,WARSALIGANJ (Frm Kishanganj) WENA ,Y
EW08,DES10233,WARSALIGANJ DUMP,Y
B003,DES10234,WEST PHALLENG (Frm Aiz),Y
A102,DES10235,YAGYA BHUMI/ JAGRA,Y
A107,DES10236,ZERO (AP),Y
EE04,DES10237,Zero Mile Barrier(EX BHAGALPUR,Y
A103,DES10238,ZIKZAK BAZAR,Y
B003,DES10239,Zobawk (Frm Aiz),Y
B003,DES10240,Zokhawthar (Frm Aiz),Y
