Customer Code,Name ,April,April Achv.,May,May Achv.,June,June Achv.,July,July Achv.,August,August Achv.,September,September Achv.,October,October Achv.,November,November Achv.,December,December Achv.,January,January Achv.,February,February Achv.,March,March Achv.
B150,BARUAH TRADE CENTRE (RSSB104),20,0,20,0,20,0,20,0,20,0,20,0,20,0,20,0,20,0,20,0,20,0,20,0
H135,HONTOROI NONGPLUH (RSSH058),15,0,15,0,15,0,15,0,15,0,15,0,15,0,15,0,15,0,15,0,15,0,15,0
NEB113,BROTHERS HARDWARE STORE,44,0,44,300,44,0,44,0,44,0,44,0,44,0,44,0,44,0,44,0,44,0,44,0
NEK019,TORES LYNGKHOI,25,0,25,0,25,0,25,0,25,0,25,0,25,0,25,0,25,0,25,0,25,0,25,0
NEM028,M.G. STORE & HARDWARE,40,0,40,0,40,0,40,0,40,0,40,0,40,0,40,0,40,0,40,0,40,0,40,0
NEM066,MINATI HARDWARE,5,0,5,0,5,0,5,0,5,0,5,0,5,0,5,0,5,0,5,0,5,0,5,0
NES084,SANTOSH HARDWARE (RSSS022),12.6,0,12.6,0,12.6,0,12.6,0,12.6,0,12.6,0,12.6,0,12.6,0,12.6,0,12.6,0,12.6,0,12.6,0
NET014,NEW TARUN HARDWARE STORE (RSSN067),20,0,20,0,20,0,20,0,20,0,20,0,20,0,20,0,20,0,20,0,20,0,20,0
NSNE00271,SHAAN TRADERS (RSSS174),27.5,0,27.5,0,27.5,0,27.5,0,27.5,0,27.5,0,27.5,0,27.5,0,27.5,0,27.5,0,27.5,0,27.5,0
NSNE00329,EASTERN HARDWARE (RSSE012),27.5,0,27.5,0,27.5,0,27.5,0,27.5,0,27.5,0,27.5,0,27.5,0,27.5,0,27.5,0,27.5,0,27.5,0
NSNE00356,K MARBOH,20,0,20,0,20,0,20,0,20,0,20,0,20,0,20,0,20,0,20,0,20,0,20,0
NSNE00370,WELDHAR,12,0,12,0,12,0,12,0,12,0,12,0,12,0,12,0,12,0,12,0,12,0,12,0
NSNE02314,TASNIM HARDWARE,5,0,5,0,5,0,5,0,5,0,5,0,5,0,5,0,5,0,5,0,5,0,5,0
NSNE02317,RADHA RANI ENTERPRISE,10,0,10,0,10,0,10,0,10,0,10,0,10,0,10,0,10,0,10,0,10,0,10,0
NSNE02359,KEISAM TRADERS ( RSSD),20,0,20,170,20,0,20,0,20,0,20,0,20,0,20,0,20,0,20,0,20,0,20,0
NSNE02365,MAUSHOMI HARDWARE,55,0,55,100,55,0,55,0,55,0,55,0,55,0,55,0,55,0,55,0,55,0,55,0
NSNE02376,JAMUNA HARDWARE,20,0,20,200,20,0,20,0,20,0,20,0,20,0,20,0,20,0,20,0,20,0,20,0
NSNE02402,A.R HARDWARE,20,0,20,200,20,0,20,0,20,0,20,0,20,0,20,0,20,0,20,0,20,0,20,0
NSNE02455,BIJIT HARDWARE (RSSB072),10,0,10,0,10,0,10,0,10,0,10,0,10,0,10,0,10,0,10,0,10,0,10,0
NSNE02500,RAJIB HARDWARE (RSSR042),25,0,25,0,25,0,25,0,25,0,25,0,25,0,25,0,25,0,25,0,25,0,25,0
NSNE02565,TRILUKCHAN HARDWARE & ELECTRICAL STORE (RSST007),40,0,40,0,40,0,40,0,40,0,40,0,40,0,40,0,40,0,40,0,40,0,40,0
NSNE02759,LALITA HARDWARE (RSSL008),10,0,10,0,10,0,10,0,10,0,10,0,10,0,10,0,10,0,10,0,10,0,10,0
NSNE02762,SAIKIA HARDWARE (PRASANTA) ,15,0,15,0,15,0,15,0,15,0,15,0,15,0,15,0,15,0,15,0,15,0,15,0
NSNE02786,AGARWALLA TIMBER SHOP,27.22222222,0,27.22222222,0,27.22222222,0,27.22222222,0,27.22222222,0,27.22222222,0,27.22222222,0,27.22222222,0,27.22222222,0,27.22222222,0,27.22222222,0,27.22222222,0
NSNE02816,CHENIAMGURI HARDWARE STORE (RSSC021),35.77777778,0,35.77777778,0,35.77777778,0,35.77777778,0,35.77777778,0,35.77777778,0,35.77777778,0,35.77777778,0,35.77777778,0,35.77777778,0,35.77777778,0,35.77777778,0
NSNE02822,DUTTA HARDWARE (PRABIR) (RSSD173),24.88888889,0,24.88888889,0,24.88888889,0,24.88888889,0,24.88888889,0,24.88888889,0,24.88888889,0,24.88888889,0,24.88888889,0,24.88888889,0,24.88888889,0,24.88888889,0
NSNE02825,GOGOI HARDWARE & FERTILIZER (RSSG067),76.68888889,0,76.68888889,0,76.68888889,0,76.68888889,0,76.68888889,0,76.68888889,0,76.68888889,0,76.68888889,0,76.68888889,0,76.68888889,0,76.68888889,0,76.68888889,0
NSNE02834,J P TRADERS (RSSJ050),10.11111111,0,10.11111111,0,10.11111111,0,10.11111111,0,10.11111111,0,10.11111111,0,10.11111111,0,10.11111111,0,10.11111111,0,10.11111111,0,10.11111111,0,10.11111111,0
NSNE02929,PAUL HARDWARE(SAJAL),10,0,10,0,10,0,10,0,10,0,10,0,10,0,10,0,10,0,10,0,10,0,10,0
NSNE02938,JOY GURU ENTERPRISE,40,0,40,0,40,0,40,0,40,0,40,0,40,0,40,0,40,0,40,0,40,0,40,0
NSNE02982,PUSPA ENTERPRISE (RSSP144),16.5,0,16.5,0,16.5,0,16.5,0,16.5,0,16.5,0,16.5,0,16.5,0,16.5,0,16.5,0,16.5,0,16.5,0
NSNE02986,HB STORE(RSSH081),36,0,36,0,36,0,36,0,36,0,36,0,36,0,36,0,36,0,36,0,36,0,36,0
NSNE03003,BHABA JYOTI ENTERPRISE,27.5,0,27.5,150,27.5,0,27.5,0,27.5,0,27.5,0,27.5,0,27.5,0,27.5,0,27.5,0,27.5,0,27.5,0
NSNE03041,KUNJALOTA TRADERS (RSSK020),34.6875,0,34.6875,140,34.6875,0,34.6875,0,34.6875,0,34.6875,0,34.6875,0,34.6875,0,34.6875,0,34.6875,0,34.6875,0,34.6875,0
NSNE03056,SRI GANESH ENTERPRISE & HARDWARE (RSSS430),15,0,15,0,15,0,15,0,15,0,15,0,15,0,15,0,15,0,15,0,15,0,15,0
NSNE03176,K D ENTERPRISE,44,0,44,350,44,0,44,0,44,0,44,0,44,0,44,0,44,0,44,0,44,0,44,0
NSNE03197,DEKA ENTERPRISE (HATIMARA) (RSSD004),5,0,5,30,5,0,5,0,5,0,5,0,5,0,5,0,5,0,5,0,5,0,5,0
NSNE03200,HEMANTA HAZARIKA  (RSSH076),12,0,12,300,12,0,12,0,12,0,12,0,12,0,12,0,12,0,12,0,12,0,12,0
NSNE03232,LUBNA HARDWARE (RSSL003),7.5,0,7.5,0,7.5,0,7.5,0,7.5,0,7.5,0,7.5,0,7.5,0,7.5,0,7.5,0,7.5,0,7.5,0
NSNE03246,AHMED ENTERPRISE (SHAMSHER),15.4,0,15.4,200,15.4,0,15.4,0,15.4,0,15.4,0,15.4,0,15.4,0,15.4,0,15.4,0,15.4,0,15.4,0
NSNE03281,ZAMAN ENTERPRISE,27.5,0,27.5,400,27.5,0,27.5,0,27.5,0,27.5,0,27.5,0,27.5,0,27.5,0,27.5,0,27.5,0,27.5,0
NSNE03299,MADINA ENTERPRISE,12.1,0,12.1,0,12.1,0,12.1,0,12.1,0,12.1,0,12.1,0,12.1,0,12.1,0,12.1,0,12.1,0,12.1,0
NSNE03396,BAKUL ENTERPRISE,25,0,25,0,25,0,25,0,25,0,25,0,25,0,25,0,25,0,25,0,25,0,25,0
NSNE03423,NILLUM HARDWARE (RSSN122),25,0,25,1480,25,0,25,0,25,0,25,0,25,0,25,0,25,0,25,0,25,0,25,0
NSNE03425,MAA STEEL  FABRICATION,15,0,15,0,15,0,15,0,15,0,15,0,15,0,15,0,15,0,15,0,15,0,15,0
NSNE03434,KALITA ASSOCIATE (MANOJ) (RSSK061),23,0,23,100,23,0,23,0,23,0,23,0,23,0,23,0,23,0,23,0,23,0,23,0
NSNE03445,C.R. AGENCY,35,0,35,0,35,0,35,0,35,0,35,0,35,0,35,0,35,0,35,0,35,0,35,0
NSNE03463,FHL ENTERPRISE,18,0,18,0,18,0,18,0,18,0,18,0,18,0,18,0,18,0,18,0,18,0,18,0
NSNE03475,SAINIK ENTERPRISE (RSSS154),22,0,22,100,22,0,22,0,22,0,22,0,22,0,22,0,22,0,22,0,22,0,22,0
NSNE03486,BABA SHIVA ENTERPRISE,5,0,5,0,5,0,5,0,5,0,5,0,5,0,5,0,5,0,5,0,5,0,5,0
NSNE03494,KRISHNA ENTERPRISE,2.5,0,2.5,0,2.5,0,2.5,0,2.5,0,2.5,0,2.5,0,2.5,0,2.5,0,2.5,0,2.5,0,2.5,0
NSNE03563,LUCKY ENTERPRISE (RSSL046),14,0,14,0,14,0,14,0,14,0,14,0,14,0,14,0,14,0,14,0,14,0,14,0
NSNE03567,MAA JAGGYA ENTERPRISE (RSSM147),6.5,0,6.5,50,6.5,0,6.5,0,6.5,0,6.5,0,6.5,0,6.5,0,6.5,0,6.5,0,6.5,0,6.5,0
NSNE03587,SAIFUDDIN ENTERPRISE,4.5,0,4.5,70,4.5,0,4.5,0,4.5,0,4.5,0,4.5,0,4.5,0,4.5,0,4.5,0,4.5,0,4.5,0
NSNE03654,RABINDRA HARDWARE,22,0,22,500,22,0,22,0,22,0,22,0,22,0,22,0,22,0,22,0,22,0,22,0
NSNE03676,DWIPENDU SEKHAR DAS (RSSD101),27.5,0,27.5,0,27.5,0,27.5,0,27.5,0,27.5,0,27.5,0,27.5,0,27.5,0,27.5,0,27.5,0,27.5,0
NSNE03688,MAA LAXMI HARDWARE,17.6,0,17.6,250,17.6,0,17.6,0,17.6,0,17.6,0,17.6,0,17.6,0,17.6,0,17.6,0,17.6,0,17.6,0
NSNE03710,NIEWLAITSTAR RAMSIEJ (RSSN115),12,0,12,0,12,0,12,0,12,0,12,0,12,0,12,0,12,0,12,0,12,0,12,0
NSNE03739,SUTING ENTERPRISE (RSSS316),23,0,23,0,23,0,23,0,23,0,23,0,23,0,23,0,23,0,23,0,23,0,23,0
NSNE03743,RAGHAV HARDWARE,10,0,10,0,10,0,10,0,10,0,10,0,10,0,10,0,10,0,10,0,10,0,10,0
NSNE03757,NILACHAL ENTERPRISE,2.5,0,2.5,0,2.5,0,2.5,0,2.5,0,2.5,0,2.5,0,2.5,0,2.5,0,2.5,0,2.5,0,2.5,0
NSNE03793,LAKSHMI NARAYAN HARDWARE,30,0,30,0,30,0,30,0,30,0,30,0,30,0,30,0,30,0,30,0,30,0,30,0
NSNE03825,SARMA ENTERPRISE(CHANDAN),18,0,18,150,18,0,18,0,18,0,18,0,18,0,18,0,18,0,18,0,18,0,18,0
NSNE03855,DHRITI TRADERS,5.5,0,5.5,280,5.5,0,5.5,0,5.5,0,5.5,0,5.5,0,5.5,0,5.5,0,5.5,0,5.5,0,5.5,0
NSNE03871,JOYGURU HARDWARE,10,0,10,0,10,0,10,0,10,0,10,0,10,0,10,0,10,0,10,0,10,0,10,0
NSNE03872,DHAR HARDWARES,8,0,8,0,8,0,8,0,8,0,8,0,8,0,8,0,8,0,8,0,8,0,8,0
NSNE03882,SAHANI HARDWARE (RSSS403),33,0,33,0,33,0,33,0,33,0,33,0,33,0,33,0,33,0,33,0,33,0,33,0
NSNE03912,M.M ENTERPRISE,14.3,0,14.3,0,14.3,0,14.3,0,14.3,0,14.3,0,14.3,0,14.3,0,14.3,0,14.3,0,14.3,0,14.3,0
NSNE05247,REHANA ENTERPRISE,14.5,0,14.5,0,14.5,0,14.5,0,14.5,0,14.5,0,14.5,0,14.5,0,14.5,0,14.5,0,14.5,0,14.5,0
NSNE05255,BAHNIMAN ENTERPRISE,2.5,0,2.5,0,2.5,0,2.5,0,2.5,0,2.5,0,2.5,0,2.5,0,2.5,0,2.5,0,2.5,0,2.5,0
NSNE05267,B&C TRADE CENTER,2.5,0,2.5,0,2.5,0,2.5,0,2.5,0,2.5,0,2.5,0,2.5,0,2.5,0,2.5,0,2.5,0,2.5,0
NSNE05311,SANAND STEEL AND CEMENT,6.5,0,6.5,0,6.5,0,6.5,0,6.5,0,6.5,0,6.5,0,6.5,0,6.5,0,6.5,0,6.5,0,6.5,0
NSNE05318,B.P. ENTERPRISE,28.325,0,28.325,100,28.325,0,28.325,0,28.325,0,28.325,0,28.325,0,28.325,0,28.325,0,28.325,0,28.325,0,28.325,0
NSNE05368,ASHIK ENTERPRISE,120,0,120,440,120,0,120,0,120,0,120,0,120,0,120,0,120,0,120,0,120,0,120,0
NSNE05378,CHINAKI ENTERPRISE,25,0,25,100,25,0,25,0,25,0,25,0,25,0,25,0,25,0,25,0,25,0,25,0
NSNE05386,SHARMA ENTERPRISE (DEBENDRA) (RSSS081),34,0,34,200,34,0,34,0,34,0,34,0,34,0,34,0,34,0,34,0,34,0,34,0
NSNE05402,GEETA ENTERPRISE (RSSG021),22,0,22,70,22,0,22,0,22,0,22,0,22,0,22,0,22,0,22,0,22,0,22,0
NSNE05415,P. Z. ENTERPRISE,18,0,18,200,18,0,18,0,18,0,18,0,18,0,18,0,18,0,18,0,18,0,18,0
NSNE05420,BALAJI HARDWARE,16.5,0,16.5,100,16.5,0,16.5,0,16.5,0,16.5,0,16.5,0,16.5,0,16.5,0,16.5,0,16.5,0,16.5,0
NSNE05424,SARMA ENTERPRISE,41.8,0,41.8,0,41.8,0,41.8,0,41.8,0,41.8,0,41.8,0,41.8,0,41.8,0,41.8,0,41.8,0,41.8,0
NSNE05426,NORTH GUWAHATI PROPERTIES & CONSULTANT (RSSN065),35,0,35,70,35,0,35,0,35,0,35,0,35,0,35,0,35,0,35,0,35,0,35,0
NSNE05436,S R K HARDWARE (RSSS249),5,0,5,540,5,0,5,0,5,0,5,0,5,0,5,0,5,0,5,0,5,0,5,0
NSNE05449,BLACK SEA ENTERPRISE,10.5,0,10.5,100,10.5,0,10.5,0,10.5,0,10.5,0,10.5,0,10.5,0,10.5,0,10.5,0,10.5,0,10.5,0
NSNE05456,DEKA ENTERPRISE (DEBAJIT) (RSSD143),37,0,37,340,37,0,37,0,37,0,37,0,37,0,37,0,37,0,37,0,37,0,37,0
NSNE05458,DE VILLA ENTERPRISE (RSSD106),34,0,34,270,34,0,34,0,34,0,34,0,34,0,34,0,34,0,34,0,34,0,34,0
NSNE05494,MAA KAMAKHYA HARDWARE,2.5,0,2.5,0,2.5,0,2.5,0,2.5,0,2.5,0,2.5,0,2.5,0,2.5,0,2.5,0,2.5,0,2.5,0
NSNE05503,DEKA ENTERPRISE (SUKLESWAR),13.2,0,13.2,50,13.2,0,13.2,0,13.2,0,13.2,0,13.2,0,13.2,0,13.2,0,13.2,0,13.2,0,13.2,0
NSNE05538,PAUL HARDWARE (PRABHAT) (RSSP038),9,0,9,100,9,0,9,0,9,0,9,0,9,0,9,0,9,0,9,0,9,0,9,0
NSNE05554,KABERI ENTERPRISE,5.5,0,5.5,0,5.5,0,5.5,0,5.5,0,5.5,0,5.5,0,5.5,0,5.5,0,5.5,0,5.5,0,5.5,0
NSNE05618,A.B ENTERPRISE,20,0,20,0,20,0,20,0,20,0,20,0,20,0,20,0,20,0,20,0,20,0,20,0
NSNE05633,PITASHREE ENTERPRISE,11,0,11,0,11,0,11,0,11,0,11,0,11,0,11,0,11,0,11,0,11,0,11,0
NSNE05640,GUDDEE ENTERPRISE & HARDWARE,19.8,0,19.8,340,19.8,0,19.8,0,19.8,0,19.8,0,19.8,0,19.8,0,19.8,0,19.8,0,19.8,0,19.8,0
NSNE05794,M M ENTERPRISE (ANUP),16.5,0,16.5,300,16.5,0,16.5,0,16.5,0,16.5,0,16.5,0,16.5,0,16.5,0,16.5,0,16.5,0,16.5,0
NSNE05805,TIRUPATI HARDWARE,7.7,0,7.7,200,7.7,0,7.7,0,7.7,0,7.7,0,7.7,0,7.7,0,7.7,0,7.7,0,7.7,0,7.7,0
NSNE05806,B P P ENTERPRISE,8.8,0,8.8,0,8.8,0,8.8,0,8.8,0,8.8,0,8.8,0,8.8,0,8.8,0,8.8,0,8.8,0,8.8,0
NSNE05849,BALIRAM ENTERPRISE,40.7,0,40.7,250,40.7,0,40.7,0,40.7,0,40.7,0,40.7,0,40.7,0,40.7,0,40.7,0,40.7,0,40.7,0
NSNE05851,THAKURIA ENTERPRISE (KISHOR),15.4,0,15.4,0,15.4,0,15.4,0,15.4,0,15.4,0,15.4,0,15.4,0,15.4,0,15.4,0,15.4,0,15.4,0
NSNE05853,MAA LAKHSMI ENTERPRISE,78.1,0,78.1,750,78.1,0,78.1,0,78.1,0,78.1,0,78.1,0,78.1,0,78.1,0,78.1,0,78.1,0,78.1,0
NSNE05930,ABHI ENTERPRISE,33,0,33,400,33,0,33,0,33,0,33,0,33,0,33,0,33,0,33,0,33,0,33,0
NSNE05967,E H K HARDWARE,22,0,22,350,22,0,22,0,22,0,22,0,22,0,22,0,22,0,22,0,22,0,22,0
NSNE05972,ALI HARDWARE STORES,16.5,0,16.5,250,16.5,0,16.5,0,16.5,0,16.5,0,16.5,0,16.5,0,16.5,0,16.5,0,16.5,0,16.5,0
NSNE06042,CINARY HARDWARE,66,0,66,500,66,0,66,0,66,0,66,0,66,0,66,0,66,0,66,0,66,0,66,0
NSNE06044,HUSSAIN HARDWARE (ABIDA ),25.3,0,25.3,500,25.3,0,25.3,0,25.3,0,25.3,0,25.3,0,25.3,0,25.3,0,25.3,0,25.3,0,25.3,0
NSNE06071,SHREE KRISHNA ENTERPRISE (LA),11,0,11,0,11,0,11,0,11,0,11,0,11,0,11,0,11,0,11,0,11,0,11,0
NSNE06149,OM GANESHA HARDWARE,16.5,0,16.5,0,16.5,0,16.5,0,16.5,0,16.5,0,16.5,0,16.5,0,16.5,0,16.5,0,16.5,0,16.5,0
NSNE06150,D J HARDWARE,22,0,22,0,22,0,22,0,22,0,22,0,22,0,22,0,22,0,22,0,22,0,22,0
NSNE06178,SARMA ENTERPRISE,17.6,0,17.6,150,17.6,0,17.6,0,17.6,0,17.6,0,17.6,0,17.6,0,17.6,0,17.6,0,17.6,0,17.6,0
NSNE06180,S K TRIPTI HARDWARE,22,0,22,200,22,0,22,0,22,0,22,0,22,0,22,0,22,0,22,0,22,0,22,0
NSNE06298,ANAND HARDWARE & ELECTRICAL ,150,0,150,0,150,0,150,0,150,0,150,0,150,0,150,0,150,0,150,0,150,0,150,0
NSNE06308,CHOUDHURY HARDWARE (SAFIQUL) (RSSC035),10,0,10,0,10,0,10,0,10,0,10,0,10,0,10,0,10,0,10,0,10,0,10,0
NSNE06480,MAA DURGA STORE (RSSM141),43.05,0,43.05,0,43.05,0,43.05,0,43.05,0,43.05,0,43.05,0,43.05,0,43.05,0,43.05,0,43.05,0,43.05,0
NSNE06494,SANKARLAL AGARWALA (RSSS021),5,0,5,0,5,0,5,0,5,0,5,0,5,0,5,0,5,0,5,0,5,0,5,0
NSNE06537,AHMED ENTERPRISE (LALPUL) (RSSA236),25,0,25,100,25,0,25,0,25,0,25,0,25,0,25,0,25,0,25,0,25,0,25,0
NSNE06562,A S ENTERPRISE (RSSA049),25,0,25,0,25,0,25,0,25,0,25,0,25,0,25,0,25,0,25,0,25,0,25,0
NSNE06563,BIMAL HARDWARE (RSSB065),15,0,15,300,15,0,15,0,15,0,15,0,15,0,15,0,15,0,15,0,15,0,15,0
NSNE06599,GANAPATI HARDWARE (MANGALDOI) (RSSG008) (T20),35,0,35,0,35,0,35,0,35,0,35,0,35,0,35,0,35,0,35,0,35,0,35,0
NSNE06680,SAIKIA STORE (RSSS281),6,0,6,0,6,0,6,0,6,0,6,0,6,0,6,0,6,0,6,0,6,0,6,0
NSNE06695,JOY GURU TRADERS (RSSJ086),36,0,36,0,36,0,36,0,36,0,36,0,36,0,36,0,36,0,36,0,36,0,36,0
NSNE06696,M/S C B ENTERPRISE,12,0,12,0,12,0,12,0,12,0,12,0,12,0,12,0,12,0,12,0,12,0,12,0
NSNE06700,BALAJI HARDWARE (HARINDER) (RSSB212),42,0,42,0,42,0,42,0,42,0,42,0,42,0,42,0,42,0,42,0,42,0,42,0
NSNE06703,SHREE JAGDAMBA HARDWARE (RSSS215),18,0,18,0,18,0,18,0,18,0,18,0,18,0,18,0,18,0,18,0,18,0,18,0
NSNE06713,JAJODIA STEEL (RSSJ036),12,0,12,0,12,0,12,0,12,0,12,0,12,0,12,0,12,0,12,0,12,0,12,0
NSNE06722,KEJARIWAL ENTERPRISES (RSSK094),24,0,24,0,24,0,24,0,24,0,24,0,24,0,24,0,24,0,24,0,24,0,24,0
NSNE06723,BALAJEE STEEL (RSSB070),48.45,0,48.45,0,48.45,0,48.45,0,48.45,0,48.45,0,48.45,0,48.45,0,48.45,0,48.45,0,48.45,0,48.45,0
NSNE06751,TAKAR TRADING AGENCY (RSST057),70,0,70,0,70,0,70,0,70,0,70,0,70,0,70,0,70,0,70,0,70,0,70,0
NSNE06855,LAXMI HARDWARE & ELECTRICALS (RSSL027),30,0,30,600,30,0,30,0,30,0,30,0,30,0,30,0,30,0,30,0,30,0,30,0
NSNE06893,GANPATRAI MOHANLAL,20,0,20,0,20,0,20,0,20,0,20,0,20,0,20,0,20,0,20,0,20,0,20,0
NSNE06917,SREE GONESH CEMENT AND HARDWARE (RSSS308),20,0,20,0,20,0,20,0,20,0,20,0,20,0,20,0,20,0,20,0,20,0,20,0
NSNE07011,SAMRAT ENTERPRISE & TRADING,2.5,0,2.5,0,2.5,0,2.5,0,2.5,0,2.5,0,2.5,0,2.5,0,2.5,0,2.5,0,2.5,0,2.5,0
NSNE07131,BHABANI ENTERPRISE,6.6,0,6.6,0,6.6,0,6.6,0,6.6,0,6.6,0,6.6,0,6.6,0,6.6,0,6.6,0,6.6,0,6.6,0
NSNE07169,S.G HARDWARE,9.14375,0,9.14375,900,9.14375,0,9.14375,0,9.14375,0,9.14375,0,9.14375,0,9.14375,0,9.14375,0,9.14375,0,9.14375,0,9.14375,0
NSNE07208,JITUMANI ENTERPRISE,2.5,0,2.5,0,2.5,0,2.5,0,2.5,0,2.5,0,2.5,0,2.5,0,2.5,0,2.5,0,2.5,0,2.5,0
NSNE07209,PRATIMA ENTERPRISE,27.5,0,27.5,0,27.5,0,27.5,0,27.5,0,27.5,0,27.5,0,27.5,0,27.5,0,27.5,0,27.5,0,27.5,0
NSNE07240,RAGINI ENTERPRISE,14.3,0,14.3,930,14.3,0,14.3,0,14.3,0,14.3,0,14.3,0,14.3,0,14.3,0,14.3,0,14.3,0,14.3,0
NSNE07301,MAA AMBIKA TRADERS,12,0,12,0,12,0,12,0,12,0,12,0,12,0,12,0,12,0,12,0,12,0,12,0
NSNE40176,RUOKUO KIRE ENTERPRISES,70,0,70,0,70,0,70,0,70,0,70,0,70,0,70,0,70,0,70,0,70,0,70,0
O028,OSWAL TRADERS (RSSO005),15,0,15,100,15,0,15,0,15,0,15,0,15,0,15,0,15,0,15,0,15,0,15,0
P028,PIONEER HARDWARE (RSSP041),7,0,7,0,7,0,7,0,7,0,7,0,7,0,7,0,7,0,7,0,7,0,7,0
P123,PAWAN KUMAR SAHU,120,0,120,0,120,0,120,0,120,0,120,0,120,0,120,0,120,0,120,0,120,0,120,0
P143,PUJASHREE HARDWARE (RSSP074),10,0,10,0,10,0,10,0,10,0,10,0,10,0,10,0,10,0,10,0,10,0,10,0
R148,R I HARDWARE (RSSR125),43,0,43,0,43,0,43,0,43,0,43,0,43,0,43,0,43,0,43,0,43,0,43,0
S307,SOUTHERN IRON LINK (RSSS108),420,1400,420,0,420,0,420,0,420,0,420,0,420,0,420,0,420,0,420,0,420,0,420,0
S400,SRI RAM ASSOCIATES (RSSS093),96,0,96,0,96,0,96,0,96,0,96,0,96,0,96,0,96,0,96,0,96,0,96,0
SDNE00007,SUHAN ENTERPRISE (RSSS082),15,0,15,110,15,0,15,0,15,0,15,0,15,0,15,0,15,0,15,0,15,0,15,0
SDNE00019,MAA ROHAN ENTERPRISE (RSSM032),100,0,100,940,100,0,100,0,100,0,100,0,100,0,100,0,100,0,100,0,100,0,100,0
SDNE00024,DEBAJANI HARDWARE & ENTERPRISE (RSSD033),55,0,55,300,55,0,55,0,55,0,55,0,55,0,55,0,55,0,55,0,55,0,55,0
SDNE00025,BEZBARUAH HARDWARE (RSSB053),23,0,23,450,23,0,23,0,23,0,23,0,23,0,23,0,23,0,23,0,23,0,23,0
SDNE00026,KALITA ENTERPRISE (DILIP) (RSSK021),25,0,25,0,25,0,25,0,25,0,25,0,25,0,25,0,25,0,25,0,25,0,25,0
SDNE00030,MAA ENTERPRISE (IFTIKAR) (RSSM098),7,0,7,0,7,0,7,0,7,0,7,0,7,0,7,0,7,0,7,0,7,0,7,0
SDNE00031,ISLAM ENTERPRISE (RSSI006),10,0,10,60,10,0,10,0,10,0,10,0,10,0,10,0,10,0,10,0,10,0,10,0
SDNE00033,BAISHYA ENTERPRISE (RSSB088),34,0,34,110,34,0,34,0,34,0,34,0,34,0,34,0,34,0,34,0,34,0,34,0
SDNE00036,RESMINA CONCRETE (RSSR012),17,0,17,380,17,0,17,0,17,0,17,0,17,0,17,0,17,0,17,0,17,0,17,0
SDNE00038,HIYANJYOTI ENTERPRISE (RSSH014),12,0,12,20,12,0,12,0,12,0,12,0,12,0,12,0,12,0,12,0,12,0,12,0
SDNE00039,MEDHI ENTERPRISE (RSSM051),55,0,55,400,55,0,55,0,55,0,55,0,55,0,55,0,55,0,55,0,55,0,55,0
SDNE00042,BHAI BHAI ENTERPRISE (RSSB014),18,0,18,50,18,0,18,0,18,0,18,0,18,0,18,0,18,0,18,0,18,0,18,0
SDNE00046,TRISHNA ENTERPRISE (RSST011),15,0,15,180,15,0,15,0,15,0,15,0,15,0,15,0,15,0,15,0,15,0,15,0
SDNE00049,JITURAJ ENTERPRISE (RSSJ006),47,0,47,520,47,0,47,0,47,0,47,0,47,0,47,0,47,0,47,0,47,0,47,0
SDNE00050,N. H. ENTERPRISE (RSSN022),27,0,27,470,27,0,27,0,27,0,27,0,27,0,27,0,27,0,27,0,27,0,27,0
SDNE00051,MAA SABINE ENTERPRISE (RSSM114),16,0,16,170,16,0,16,0,16,0,16,0,16,0,16,0,16,0,16,0,16,0,16,0
SDNE00052,KALITA ENTERPRISE (DHIREN) (RSSK022),20,0,20,180,20,0,20,0,20,0,20,0,20,0,20,0,20,0,20,0,20,0,20,0
SDNE00056,PARVES ENTERPRISE (RSSP010),30,0,30,150,30,0,30,0,30,0,30,0,30,0,30,0,30,0,30,0,30,0,30,0
SDNE00057,IRSHAD HARDWARE (RSSI011),18,0,18,150,18,0,18,0,18,0,18,0,18,0,18,0,18,0,18,0,18,0,18,0
SDNE00059,FRIEND ENTERPRISE (RSSF003),6,0,6,0,6,0,6,0,6,0,6,0,6,0,6,0,6,0,6,0,6,0,6,0
SDNE00062,BARMAN BHANDAR (RSSB030),30,0,30,50,30,0,30,0,30,0,30,0,30,0,30,0,30,0,30,0,30,0,30,0
SDNE00067,DAS ENTERPRISE (HAJO) (RSSD017),47,0,47,490,47,0,47,0,47,0,47,0,47,0,47,0,47,0,47,0,47,0,47,0
SDNE00068,MILAN ENTERPRISE (RSSM093),65,0,65,360,65,0,65,0,65,0,65,0,65,0,65,0,65,0,65,0,65,0,65,0
SDNE00069,MAINUL ENTERPRISE (RSSM024),85,0,85,770,85,0,85,0,85,0,85,0,85,0,85,0,85,0,85,0,85,0,85,0
SDNE00070,BISWASI ENTERPRISE,20,0,20,160,20,0,20,0,20,0,20,0,20,0,20,0,20,0,20,0,20,0,20,0
SDNE00074,ELITE ENTERPRISE (RSSE002),37,0,37,150,37,0,37,0,37,0,37,0,37,0,37,0,37,0,37,0,37,0,37,0
SDNE00075,R D ELECTRICALS & HARDWARE STORE (RSSR006),15,0,15,220,15,0,15,0,15,0,15,0,15,0,15,0,15,0,15,0,15,0,15,0
SDNE00080,SARMA MADHOBIPRIYA ENTERPRISE,4.5,0,4.5,50,4.5,0,4.5,0,4.5,0,4.5,0,4.5,0,4.5,0,4.5,0,4.5,0,4.5,0,4.5,0
SDNE00084,PURNIMA HARDWARE (RSSP040),9,0,9,0,9,0,9,0,9,0,9,0,9,0,9,0,9,0,9,0,9,0,9,0
SDNE00085,KALITA ENTERPRISE (ABHIRAM) (RSSK056),15,0,15,195,15,0,15,0,15,0,15,0,15,0,15,0,15,0,15,0,15,0,15,0
SDNE00088,THAKURIA ENTERPRISE(MAHANANDA),11,0,11,490,11,0,11,0,11,0,11,0,11,0,11,0,11,0,11,0,11,0,11,0
SDNE00089,LAKHI MAA HARDWARE (RSSL014),8,0,8,50,8,0,8,0,8,0,8,0,8,0,8,0,8,0,8,0,8,0,8,0
SDNE00091,AMIN ENTERPRISE (RSSA048),20,0,20,270,20,0,20,0,20,0,20,0,20,0,20,0,20,0,20,0,20,0,20,0
SDNE00093,N R A HARDWARE (RSSN053),20,0,20,0,20,0,20,0,20,0,20,0,20,0,20,0,20,0,20,0,20,0,20,0
SDNE00098,JEEVANDEEP ENTERPRISE (RSSJ015),10,0,10,20,10,0,10,0,10,0,10,0,10,0,10,0,10,0,10,0,10,0,10,0
SDNE00101,BISWAKARMA ENTERPRISE,5.5,0,5.5,150,5.5,0,5.5,0,5.5,0,5.5,0,5.5,0,5.5,0,5.5,0,5.5,0,5.5,0,5.5,0
SDNE00106,KAMRUP CONCRETE UDYOG (RSSK004),40,0,40,660,40,0,40,0,40,0,40,0,40,0,40,0,40,0,40,0,40,0,40,0
SDNE00110,BIBHAGYA BHANDAR (RSSB051),18,0,18,80,18,0,18,0,18,0,18,0,18,0,18,0,18,0,18,0,18,0,18,0
SDNE00116,AHMED HARDWARE,36,0,36,450,36,0,36,0,36,0,36,0,36,0,36,0,36,0,36,0,36,0,36,0
SDNE00117,MAA HARDWARE (ABDUL),25.64375,0,25.64375,100,25.64375,0,25.64375,0,25.64375,0,25.64375,0,25.64375,0,25.64375,0,25.64375,0,25.64375,0,25.64375,0,25.64375,0
SDNE00120,NOOR HARDWARE (AMINUL),8.8825,0,8.8825,140,8.8825,0,8.8825,0,8.8825,0,8.8825,0,8.8825,0,8.8825,0,8.8825,0,8.8825,0,8.8825,0,8.8825,0
SDNE00121,SUMUNA HARDWARE,36.403125,0,36.403125,780,36.403125,0,36.403125,0,36.403125,0,36.403125,0,36.403125,0,36.403125,0,36.403125,0,36.403125,0,36.403125,0,36.403125,0
SDNE00123,MM ENTERPRISE,9,0,9,0,9,0,9,0,9,0,9,0,9,0,9,0,9,0,9,0,9,0,9,0
SDNE00128,MAA HARDWARE (CHITTARANJAN),16.809375,0,16.809375,0,16.809375,0,16.809375,0,16.809375,0,16.809375,0,16.809375,0,16.809375,0,16.809375,0,16.809375,0,16.809375,0,16.809375,0
SDNE00129,AKRAM HARDWARE,20,0,20,230,20,0,20,0,20,0,20,0,20,0,20,0,20,0,20,0,20,0,20,0
SDNE00131,BORO HARDWARE (DIGANTA),35,0,35,0,35,0,35,0,35,0,35,0,35,0,35,0,35,0,35,0,35,0,35,0
SDNE00133,BABA HARDWARE (ABDUR),30.59375,0,30.59375,0,30.59375,0,30.59375,0,30.59375,0,30.59375,0,30.59375,0,30.59375,0,30.59375,0,30.59375,0,30.59375,0,30.59375,0
SDNE00134,RIYAN ENTERPRISE,30,0,30,590,30,0,30,0,30,0,30,0,30,0,30,0,30,0,30,0,30,0,30,0
SDNE00140,KALITA AGENCY,47.91875,0,47.91875,300,47.91875,0,47.91875,0,47.91875,0,47.91875,0,47.91875,0,47.91875,0,47.91875,0,47.91875,0,47.91875,0,47.91875,0
SDNE00142,G.D.R. ENTERPRISE,40,0,40,120,40,0,40,0,40,0,40,0,40,0,40,0,40,0,40,0,40,0,40,0
SDNE00143,RAHUL ENTERPRISE,14.575,0,14.575,0,14.575,0,14.575,0,14.575,0,14.575,0,14.575,0,14.575,0,14.575,0,14.575,0,14.575,0,14.575,0
SDNE00146,AZIM HARDWARE,15,0,15,200,15,0,15,0,15,0,15,0,15,0,15,0,15,0,15,0,15,0,15,0
SDNE00147,RAHMATULLAH HARDWAARE,34.43,0,34.43,278,34.43,0,34.43,0,34.43,0,34.43,0,34.43,0,34.43,0,34.43,0,34.43,0,34.43,0,34.43,0
SDNE00154,HIRA MONI HARDWARE,25,0,25,370,25,0,25,0,25,0,25,0,25,0,25,0,25,0,25,0,25,0,25,0
SDNE00156,SARAIGHAT ENTERPRISE,15.125,0,15.125,90,15.125,0,15.125,0,15.125,0,15.125,0,15.125,0,15.125,0,15.125,0,15.125,0,15.125,0,15.125,0
SDNE00157,MAA DURGA HARDWARE,47.444375,0,47.444375,460,47.444375,0,47.444375,0,47.444375,0,47.444375,0,47.444375,0,47.444375,0,47.444375,0,47.444375,0,47.444375,0,47.444375,0
SDNE00158,SAHA AUTOMOBILES & HARDWARE,19.9375,0,19.9375,0,19.9375,0,19.9375,0,19.9375,0,19.9375,0,19.9375,0,19.9375,0,19.9375,0,19.9375,0,19.9375,0,19.9375,0
SDNE00160,MAZNUR HARDWARE,14.471875,0,14.471875,400,14.471875,0,14.471875,0,14.471875,0,14.471875,0,14.471875,0,14.471875,0,14.471875,0,14.471875,0,14.471875,0,14.471875,0
SDNE00162,JESMINA PARBIN HARDWARE,8.84125,0,8.84125,80,8.84125,0,8.84125,0,8.84125,0,8.84125,0,8.84125,0,8.84125,0,8.84125,0,8.84125,0,8.84125,0,8.84125,0
SDNE00163,MAA KALI HARDWARE,21.0375,0,21.0375,120,21.0375,0,21.0375,0,21.0375,0,21.0375,0,21.0375,0,21.0375,0,21.0375,0,21.0375,0,21.0375,0,21.0375,0
SDNE00165,A.H.HARDWARE,22,0,22,100,22,0,22,0,22,0,22,0,22,0,22,0,22,0,22,0,22,0,22,0
SDNE00167,AR STEEL AND BABU HARDWARE STORE,36.4375,0,36.4375,0,36.4375,0,36.4375,0,36.4375,0,36.4375,0,36.4375,0,36.4375,0,36.4375,0,36.4375,0,36.4375,0,36.4375,0
SDNE00169,A.P ENTERPRISE,50,0,50,0,50,0,50,0,50,0,50,0,50,0,50,0,50,0,50,0,50,0,50,0
SDNE00173,SHAKTI HARDWARE,61.325,0,61.325,290,61.325,0,61.325,0,61.325,0,61.325,0,61.325,0,61.325,0,61.325,0,61.325,0,61.325,0,61.325,0
SDNE00174,THAKURIA ENTERPRISE,34.58125,0,34.58125,150,34.58125,0,34.58125,0,34.58125,0,34.58125,0,34.58125,0,34.58125,0,34.58125,0,34.58125,0,34.58125,0,34.58125,0
SDNE00176,GULAB RUBBANI HARDWARE,26.4,0,26.4,0,26.4,0,26.4,0,26.4,0,26.4,0,26.4,0,26.4,0,26.4,0,26.4,0,26.4,0,26.4,0
SDNE00180,AHMED ENTERPRISE,2.5,0,2.5,0,2.5,0,2.5,0,2.5,0,2.5,0,2.5,0,2.5,0,2.5,0,2.5,0,2.5,0,2.5,0
SDNE00181,ASHIRBAD STEEL,26,0,26,320,26,0,26,0,26,0,26,0,26,0,26,0,26,0,26,0,26,0,26,0
SDNE00183,MAHANTA ENTERPRISE,11.061875,0,11.061875,90,11.061875,0,11.061875,0,11.061875,0,11.061875,0,11.061875,0,11.061875,0,11.061875,0,11.061875,0,11.061875,0,11.061875,0
SDNE00184,MAA ENTERPRISE (AHMED),38.286875,0,38.286875,430,38.286875,0,38.286875,0,38.286875,0,38.286875,0,38.286875,0,38.286875,0,38.286875,0,38.286875,0,38.286875,0,38.286875,0
SDNE00187,BORO HARDWARE,26,0,26,315,26,0,26,0,26,0,26,0,26,0,26,0,26,0,26,0,26,0,26,0
SDNE00188,KALITA TRADE CENTRE,16.603125,0,16.603125,0,16.603125,0,16.603125,0,16.603125,0,16.603125,0,16.603125,0,16.603125,0,16.603125,0,16.603125,0,16.603125,0,16.603125,0
SDNE00189,SAKAL ENTERPRISE,5.5,0,5.5,50,5.5,0,5.5,0,5.5,0,5.5,0,5.5,0,5.5,0,5.5,0,5.5,0,5.5,0,5.5,0
SDNE00191,J.K. ENTERPRISE (KAMAL),36.7125,0,36.7125,650,36.7125,0,36.7125,0,36.7125,0,36.7125,0,36.7125,0,36.7125,0,36.7125,0,36.7125,0,36.7125,0,36.7125,0
SDNE00192,S.M. HARDWARE,14.91875,0,14.91875,200,14.91875,0,14.91875,0,14.91875,0,14.91875,0,14.91875,0,14.91875,0,14.91875,0,14.91875,0,14.91875,0,14.91875,0
SDNE00195,ABU HARDWARE,26,0,26,200,26,0,26,0,26,0,26,0,26,0,26,0,26,0,26,0,26,0,26,0
SDNE00196,B. B. ENTERPRISE,12,0,12,490,12,0,12,0,12,0,12,0,12,0,12,0,12,0,12,0,12,0,12,0
SDNE00197,AZADUL HARDWARE,36,0,36,680,36,0,36,0,36,0,36,0,36,0,36,0,36,0,36,0,36,0,36,0
SDNE00198,THAKURIA ENTERPRISE (JAYANTA),14.85,0,14.85,380,14.85,0,14.85,0,14.85,0,14.85,0,14.85,0,14.85,0,14.85,0,14.85,0,14.85,0,14.85,0
SDNE00200,TALUKDAR HARDWARE,23.753125,0,23.753125,260,23.753125,0,23.753125,0,23.753125,0,23.753125,0,23.753125,0,23.753125,0,23.753125,0,23.753125,0,23.753125,0,23.753125,0
SDNE00201,MAROMI ENTERPRISE,3,0,3,0,3,0,3,0,3,0,3,0,3,0,3,0,3,0,3,0,3,0,3,0
SDNE00202,PATHAK ENTERPRISE (BABUL),19.59375,0,19.59375,50,19.59375,0,19.59375,0,19.59375,0,19.59375,0,19.59375,0,19.59375,0,19.59375,0,19.59375,0,19.59375,0,19.59375,0
SDNE00203,S. AHMED ENTERPRISE,14.91875,0,14.91875,100,14.91875,0,14.91875,0,14.91875,0,14.91875,0,14.91875,0,14.91875,0,14.91875,0,14.91875,0,14.91875,0,14.91875,0
SDNE00205,NEW HARDWARE,10.484375,0,10.484375,100,10.484375,0,10.484375,0,10.484375,0,10.484375,0,10.484375,0,10.484375,0,10.484375,0,10.484375,0,10.484375,0,10.484375,0
SDNE00206,BINAY ENTERPRISE,8,0,8,100,8,0,8,0,8,0,8,0,8,0,8,0,8,0,8,0,8,0,8,0
SDNE00207,S. R. ENTERPRISE,18.7,0,18.7,269,18.7,0,18.7,0,18.7,0,18.7,0,18.7,0,18.7,0,18.7,0,18.7,0,18.7,0,18.7,0
SDNE00208,ZAHANGIR ALAM HARDWARE,25,0,25,500,25,0,25,0,25,0,25,0,25,0,25,0,25,0,25,0,25,0,25,0
SDNE00209,NAZMIN ENTERPRISE,6.5,0,6.5,50,6.5,0,6.5,0,6.5,0,6.5,0,6.5,0,6.5,0,6.5,0,6.5,0,6.5,0,6.5,0
SDNE00210,POPULAR ENTERPRISE,42.728125,0,42.728125,770,42.728125,0,42.728125,0,42.728125,0,42.728125,0,42.728125,0,42.728125,0,42.728125,0,42.728125,0,42.728125,0,42.728125,0
SDNE00213,DEKA ENTERPRISE (NRIPENDRA),41.8,0,41.8,240,41.8,0,41.8,0,41.8,0,41.8,0,41.8,0,41.8,0,41.8,0,41.8,0,41.8,0,41.8,0
SDNE00214,ALINUR ENTERPRISE,25,0,25,300,25,0,25,0,25,0,25,0,25,0,25,0,25,0,25,0,25,0,25,0
SDNE00216,DEKA HARDWARE (KHARABHANGA),22,0,22,0,22,0,22,0,22,0,22,0,22,0,22,0,22,0,22,0,22,0,22,0
SDNE00217,RUMI ENTERPRISE,47.059375,0,47.059375,650,47.059375,0,47.059375,0,47.059375,0,47.059375,0,47.059375,0,47.059375,0,47.059375,0,47.059375,0,47.059375,0,47.059375,0
SDNE00219,SIMA HARDWARE,68.76375,0,68.76375,450,68.76375,0,68.76375,0,68.76375,0,68.76375,0,68.76375,0,68.76375,0,68.76375,0,68.76375,0,68.76375,0,68.76375,0
SDNE00225,N B ENTERPRISE (JEHIRUL),9,0,9,60,9,0,9,0,9,0,9,0,9,0,9,0,9,0,9,0,9,0,9,0
SDNE00227,K B ENTERPRISE,25.265625,0,25.265625,190,25.265625,0,25.265625,0,25.265625,0,25.265625,0,25.265625,0,25.265625,0,25.265625,0,25.265625,0,25.265625,0,25.265625,0
SDNE00230,J.R. HARDWARE,27.328125,0,27.328125,190,27.328125,0,27.328125,0,27.328125,0,27.328125,0,27.328125,0,27.328125,0,27.328125,0,27.328125,0,27.328125,0,27.328125,0
SDNE00235,BRAHMAPUTRA HARDWARE,15.5,0,15.5,130,15.5,0,15.5,0,15.5,0,15.5,0,15.5,0,15.5,0,15.5,0,15.5,0,15.5,0,15.5,0
SDNE00236,BABU HARDWARE HOUSE,12.5,0,12.5,160,12.5,0,12.5,0,12.5,0,12.5,0,12.5,0,12.5,0,12.5,0,12.5,0,12.5,0,12.5,0
SDNE00239,MAA HARDWARE (ANOWAR),20.41875,0,20.41875,560,20.41875,0,20.41875,0,20.41875,0,20.41875,0,20.41875,0,20.41875,0,20.41875,0,20.41875,0,20.41875,0,20.41875,0
SDNE00242,PAPU ENTERPRISE,40.335625,0,40.335625,172,40.335625,0,40.335625,0,40.335625,0,40.335625,0,40.335625,0,40.335625,0,40.335625,0,40.335625,0,40.335625,0,40.335625,0
SDNE00252,DAVID ENTERPRISE,7,0,7,0,7,0,7,0,7,0,7,0,7,0,7,0,7,0,7,0,7,0,7,0
SDNE00257,DEKA ENTERPRISE (KATABARI),27.5,0,27.5,200,27.5,0,27.5,0,27.5,0,27.5,0,27.5,0,27.5,0,27.5,0,27.5,0,27.5,0,27.5,0
SDNE00259,MAA ENTERPRISES (NRIPEN),5.5,0,5.5,0,5.5,0,5.5,0,5.5,0,5.5,0,5.5,0,5.5,0,5.5,0,5.5,0,5.5,0,5.5,0
SDNE00260,SHREE MAA ENTERPRISE,22,0,22,0,22,0,22,0,22,0,22,0,22,0,22,0,22,0,22,0,22,0,22,0
SDNE00262,ROHAN ENTERPRISE,21.65625,0,21.65625,100,21.65625,0,21.65625,0,21.65625,0,21.65625,0,21.65625,0,21.65625,0,21.65625,0,21.65625,0,21.65625,0,21.65625,0
SDNE00266,MAA BHAGAWATI ENTERPRISE,9.46,0,9.46,0,9.46,0,9.46,0,9.46,0,9.46,0,9.46,0,9.46,0,9.46,0,9.46,0,9.46,0,9.46,0
SDNE00270,SHARMA'S ENTERPRISE,5.5,0,5.5,100,5.5,0,5.5,0,5.5,0,5.5,0,5.5,0,5.5,0,5.5,0,5.5,0,5.5,0,5.5,0
SDNE00271,OM SHIVAM ENTERPRISE,2.5,0,2.5,0,2.5,0,2.5,0,2.5,0,2.5,0,2.5,0,2.5,0,2.5,0,2.5,0,2.5,0,2.5,0
SDNE00275,M.D. ENTERPRISE,125,0,125,0,125,0,125,0,125,0,125,0,125,0,125,0,125,0,125,0,125,0,125,0
SDNE00282,SHIVAM HARDWARE (RSSS050),33,0,33,0,33,0,33,0,33,0,33,0,33,0,33,0,33,0,33,0,33,0,33,0
SDNE00288,TRISHNA TRADERS,6,0,6,0,6,0,6,0,6,0,6,0,6,0,6,0,6,0,6,0,6,0,6,0
SDNE00293,KALITA ENTERPRISE (UTTARA) (RSSK085),5.5,0,5.5,0,5.5,0,5.5,0,5.5,0,5.5,0,5.5,0,5.5,0,5.5,0,5.5,0,5.5,0,5.5,0
SDNE00294,PULAK ENTERPRISE,11,0,11,0,11,0,11,0,11,0,11,0,11,0,11,0,11,0,11,0,11,0,11,0
SDNE00300,S T STEEL (RSSS266),15,0,15,0,15,0,15,0,15,0,15,0,15,0,15,0,15,0,15,0,15,0,15,0
SDNE00301,DAS ENTERPRISE - BIRKUCHI (RSSD014),15.4,0,15.4,50,15.4,0,15.4,0,15.4,0,15.4,0,15.4,0,15.4,0,15.4,0,15.4,0,15.4,0,15.4,0
SDNE00304,DK TRADERS,5.5,0,5.5,50,5.5,0,5.5,0,5.5,0,5.5,0,5.5,0,5.5,0,5.5,0,5.5,0,5.5,0,5.5,0
SDNE00308,MAHESH ENTERPRISE (RSSM027),20,0,20,70,20,0,20,0,20,0,20,0,20,0,20,0,20,0,20,0,20,0,20,0
SDNE00309,KALITA ENTERPRISE (CHATRA) (RSSK032),15,0,15,170,15,0,15,0,15,0,15,0,15,0,15,0,15,0,15,0,15,0,15,0
SDNE00312,DEEP ENTERPRISE (RSSD035),15,0,15,100,15,0,15,0,15,0,15,0,15,0,15,0,15,0,15,0,15,0,15,0
SDNE00313,RAHMAN ENTERPRISE (MOFIJUR) (RSSR163),2.5,0,2.5,0,2.5,0,2.5,0,2.5,0,2.5,0,2.5,0,2.5,0,2.5,0,2.5,0,2.5,0,2.5,0
SDNE00315,JANANI ENTERPRISE (RSSJ008),5,0,5,0,5,0,5,0,5,0,5,0,5,0,5,0,5,0,5,0,5,0,5,0
SDNE00316,P M ENTERPRISE (RSSP137),10,0,10,170,10,0,10,0,10,0,10,0,10,0,10,0,10,0,10,0,10,0,10,0
SDNE00318,MAA LAXMI ENTERPRISE (RSSM081),55,0,55,70,55,0,55,0,55,0,55,0,55,0,55,0,55,0,55,0,55,0,55,0
SDNE00320,J K HARDWARE (RSSJ017),5,0,5,60,5,0,5,0,5,0,5,0,5,0,5,0,5,0,5,0,5,0,5,0
SDNE00321,ANJALI HARDWARE (RSSA018),15.35625,0,15.35625,100,15.35625,0,15.35625,0,15.35625,0,15.35625,0,15.35625,0,15.35625,0,15.35625,0,15.35625,0,15.35625,0,15.35625,0
SDNE00322,KAMAKHYA HARDWARE (NIRANJAN) (RSSK036),30,0,30,70,30,0,30,0,30,0,30,0,30,0,30,0,30,0,30,0,30,0,30,0
SDNE00323,SHIVAM ENTERPRISE (RANJIT) (RSSS037),6,0,6,0,6,0,6,0,6,0,6,0,6,0,6,0,6,0,6,0,6,0,6,0
SDNE00324,KALITA ENTERPRISE (RSSK010),30,0,30,170,30,0,30,0,30,0,30,0,30,0,30,0,30,0,30,0,30,0,30,0
SDNE00325,SHIVAM ENTERPRISE (DIPEN) (RSSS036),10,0,10,0,10,0,10,0,10,0,10,0,10,0,10,0,10,0,10,0,10,0,10,0
SDNE00334,KALITA ENTERPRISE (PANKAJ) (RSSK045),25,0,25,60,25,0,25,0,25,0,25,0,25,0,25,0,25,0,25,0,25,0,25,0
SDNE00335,KAMRUPA TRADERS (RSSK006),20,0,20,100,20,0,20,0,20,0,20,0,20,0,20,0,20,0,20,0,20,0,20,0
SDNE00336,UMANANDA ENTERPRISE (RSSU002),5,0,5,0,5,0,5,0,5,0,5,0,5,0,5,0,5,0,5,0,5,0,5,0
SDNE00339,BIJAY AND SONS ENTERPRISE (RSSB012),15,0,15,0,15,0,15,0,15,0,15,0,15,0,15,0,15,0,15,0,15,0,15,0
SDNE00340,KALIKA ENTERPRISE (RSSK025),2.5,0,2.5,0,2.5,0,2.5,0,2.5,0,2.5,0,2.5,0,2.5,0,2.5,0,2.5,0,2.5,0,2.5,0
SDNE00341,MAA ENTERPRISE (NATH),5,0,5,0,5,0,5,0,5,0,5,0,5,0,5,0,5,0,5,0,5,0,5,0
SDNE00343,MAA KAMAKHYA HARDWARE (RSSM039),15,0,15,0,15,0,15,0,15,0,15,0,15,0,15,0,15,0,15,0,15,0,15,0
SDNE00347,MAA ENTERPRISE (NOONMATI) (RSSM025),55,0,55,200,55,0,55,0,55,0,55,0,55,0,55,0,55,0,55,0,55,0,55,0
SDNE00348,MUSTAFA ENTERPRISE (RSSM026),25,0,25,80,25,0,25,0,25,0,25,0,25,0,25,0,25,0,25,0,25,0,25,0
SDNE00352,G P ENTERPRISE (RSSG020),15,0,15,120,15,0,15,0,15,0,15,0,15,0,15,0,15,0,15,0,15,0,15,0
SDNE00355,M.K ENTERPRISE (RSSM028),37,0,37,270,37,0,37,0,37,0,37,0,37,0,37,0,37,0,37,0,37,0,37,0
SDNE00357,BAJRANG HARDWARE (RSSB013),7,0,7,0,7,0,7,0,7,0,7,0,7,0,7,0,7,0,7,0,7,0,7,0
SDNE00359,H D HARDWARE (RSSH015),10,0,10,0,10,0,10,0,10,0,10,0,10,0,10,0,10,0,10,0,10,0,10,0
SDNE00361,J K ENTERPRISE (JOINUR) (RSSJ077),37,0,37,150,37,0,37,0,37,0,37,0,37,0,37,0,37,0,37,0,37,0,37,0
SDNE00363,N. K. HARDWARE,25,0,25,380,25,0,25,0,25,0,25,0,25,0,25,0,25,0,25,0,25,0,25,0
SDNE00364,MAHENDRA ENTERPRISE (RSSM091),30,0,30,100,30,0,30,0,30,0,30,0,30,0,30,0,30,0,30,0,30,0,30,0
SDNE00368,SONARAM HARDWARE (RSSS032),34,0,34,70,34,0,34,0,34,0,34,0,34,0,34,0,34,0,34,0,34,0,34,0
SDNE00369,MAA STORE (RSSM094),12,0,12,100,12,0,12,0,12,0,12,0,12,0,12,0,12,0,12,0,12,0,12,0
SDNE00381,MANASH BHANDAR,6,0,6,0,6,0,6,0,6,0,6,0,6,0,6,0,6,0,6,0,6,0,6,0
SDNE00382,R.J.B. ENTERPRISE (RSSR036),19,0,19,150,19,0,19,0,19,0,19,0,19,0,19,0,19,0,19,0,19,0,19,0
SDNE00385,SARADA ENTERPRISE (RSSS040),27,0,27,0,27,0,27,0,27,0,27,0,27,0,27,0,27,0,27,0,27,0,27,0
SDNE00389,ABINASH & ANISHA ENTERPRISE (RSSA075),22,0,22,200,22,0,22,0,22,0,22,0,22,0,22,0,22,0,22,0,22,0,22,0
SDNE00391,KUMAR ENTERPRISE (RSSK026),24,0,24,200,24,0,24,0,24,0,24,0,24,0,24,0,24,0,24,0,24,0,24,0
SDNE00392,AFRUZA ENTERPRISE (RSSA079),20,0,20,150,20,0,20,0,20,0,20,0,20,0,20,0,20,0,20,0,20,0,20,0
SDNE00395,BHAI BHAI HARDWARE (RSSB020),28,0,28,200,28,0,28,0,28,0,28,0,28,0,28,0,28,0,28,0,28,0,28,0
SDNE00396,RINKU MONI BHANDAR (RSSR022),15,0,15,100,15,0,15,0,15,0,15,0,15,0,15,0,15,0,15,0,15,0,15,0
SDNE00397,KANGKANA HARDWARE (RSSK051),30,0,30,290,30,0,30,0,30,0,30,0,30,0,30,0,30,0,30,0,30,0,30,0
SDNE00400,MAA ENTERPRISE,8,0,8,110,8,0,8,0,8,0,8,0,8,0,8,0,8,0,8,0,8,0,8,0
SDNE00402,HARSH HARDWARE (RSSH006),40,0,40,200,40,0,40,0,40,0,40,0,40,0,40,0,40,0,40,0,40,0,40,0
SDNE00403,R N ENTERPRISE (RSSR055),6,0,6,0,6,0,6,0,6,0,6,0,6,0,6,0,6,0,6,0,6,0,6,0
SDNE00405,P B ENTERPRISE,17.6,0,17.6,470,17.6,0,17.6,0,17.6,0,17.6,0,17.6,0,17.6,0,17.6,0,17.6,0,17.6,0,17.6,0
SDNE00406,ASHIRBAD HARDWARE,8,0,8,0,8,0,8,0,8,0,8,0,8,0,8,0,8,0,8,0,8,0,8,0
SDNE00408,R ENTERPRISE (RSSR133),5,0,5,0,5,0,5,0,5,0,5,0,5,0,5,0,5,0,5,0,5,0,5,0
SDNE00409,BABUL ENTERPRISE HARDWARE (RSSB050),12.5,0,12.5,100,12.5,0,12.5,0,12.5,0,12.5,0,12.5,0,12.5,0,12.5,0,12.5,0,12.5,0,12.5,0
SDNE00410,A TO Z KALITA ENTERPRISE,12.1,0,12.1,330,12.1,0,12.1,0,12.1,0,12.1,0,12.1,0,12.1,0,12.1,0,12.1,0,12.1,0,12.1,0
SDNE00412,R B ENTERPRISE (RSSR033),22,0,22,50,22,0,22,0,22,0,22,0,22,0,22,0,22,0,22,0,22,0,22,0
SDNE00413,ANURAG HARDWARE (RSSA080),15,0,15,100,15,0,15,0,15,0,15,0,15,0,15,0,15,0,15,0,15,0,15,0
SDNE00414,BHAI BHAI ENTERPRISE & HARDWARE (RSSB028),80,0,80,0,80,0,80,0,80,0,80,0,80,0,80,0,80,0,80,0,80,0,80,0
SDNE00415,GRIHALAKSHMI ENTERPRISE (RSSG014),18,0,18,140,18,0,18,0,18,0,18,0,18,0,18,0,18,0,18,0,18,0,18,0
SDNE00418,BROTHER HARDWARE AND ENTERPRISE (RSSB041),15,0,15,95,15,0,15,0,15,0,15,0,15,0,15,0,15,0,15,0,15,0,15,0
SDNE00421,AHMED ENTERPRISE (MAJNURUDDIN) (RSSA168),16,0,16,170,16,0,16,0,16,0,16,0,16,0,16,0,16,0,16,0,16,0,16,0
SDNE00428,SANI ENTERPRISE (RSSS079),27,0,27,440,27,0,27,0,27,0,27,0,27,0,27,0,27,0,27,0,27,0,27,0
SDNE00429,S S HARDWARE (SAIFUDDIN) (RSSS168),16.5,0,16.5,290,16.5,0,16.5,0,16.5,0,16.5,0,16.5,0,16.5,0,16.5,0,16.5,0,16.5,0,16.5,0
SDNE00430,ERINA ENTERPRISE (RSSE003),18,0,18,100,18,0,18,0,18,0,18,0,18,0,18,0,18,0,18,0,18,0,18,0
SDNE00432,M.R. ENTERPRISE,45,0,45,0,45,0,45,0,45,0,45,0,45,0,45,0,45,0,45,0,45,0,45,0
SDNE00438,MATRI HARDWARE,8.8,0,8.8,100,8.8,0,8.8,0,8.8,0,8.8,0,8.8,0,8.8,0,8.8,0,8.8,0,8.8,0,8.8,0
SDNE00440,F A ENTERPRISE (RSSF002),11,0,11,90,11,0,11,0,11,0,11,0,11,0,11,0,11,0,11,0,11,0,11,0
SDNE00441,NARJIMA HARDWARE & ENTERPRISE (RSSN018),10,0,10,240,10,0,10,0,10,0,10,0,10,0,10,0,10,0,10,0,10,0,10,0
SDNE00443,KALITA HARDWARE (BHUGI) (RSSK012),15,0,15,200,15,0,15,0,15,0,15,0,15,0,15,0,15,0,15,0,15,0,15,0
SDNE00444,M. N. HARDWARE (RSSM042),13,0,13,150,13,0,13,0,13,0,13,0,13,0,13,0,13,0,13,0,13,0,13,0
SDNE00445,MOMI ENTERPRISE (RSSM034),23,0,23,150,23,0,23,0,23,0,23,0,23,0,23,0,23,0,23,0,23,0,23,0
SDNE00446,J. S. HARDWARE (RSSJ021),21,0,21,150,21,0,21,0,21,0,21,0,21,0,21,0,21,0,21,0,21,0,21,0
SDNE00449,ISA HARDWARE,15,0,15,450,15,0,15,0,15,0,15,0,15,0,15,0,15,0,15,0,15,0,15,0
SDNE00450,SHIVA HARDWARE (RSSS044),48,0,48,440,48,0,48,0,48,0,48,0,48,0,48,0,48,0,48,0,48,0,48,0
SDNE00451,HUSSAIN E HARDWARE (RSSH008),37,0,37,0,37,0,37,0,37,0,37,0,37,0,37,0,37,0,37,0,37,0,37,0
SDNE00453,BRAHMAPUTRA TRADERS,25,0,25,100,25,0,25,0,25,0,25,0,25,0,25,0,25,0,25,0,25,0,25,0
SDNE00456,RAHMAN ENTERPRISE (RSSR011),48,0,48,670,48,0,48,0,48,0,48,0,48,0,48,0,48,0,48,0,48,0,48,0
SDNE00462,BAKULI ENTERPRISE,3,0,3,180,3,0,3,0,3,0,3,0,3,0,3,0,3,0,3,0,3,0,3,0
SDNE00463,MOON ENTERPRISE (RSSM052),28,0,28,350,28,0,28,0,28,0,28,0,28,0,28,0,28,0,28,0,28,0,28,0
SDNE00464,LIZA ENTERPRISE (RSSL004),25,0,25,300,25,0,25,0,25,0,25,0,25,0,25,0,25,0,25,0,25,0,25,0
SDNE00465,AKASH ENTERPRISE (RSSA024),18,0,18,50,18,0,18,0,18,0,18,0,18,0,18,0,18,0,18,0,18,0,18,0
SDNE00467,DAS STEEL INDUSTRY,65,0,65,660,65,0,65,0,65,0,65,0,65,0,65,0,65,0,65,0,65,0,65,0
SDNE00468,NARESWAR DEKA ENTERPRISE (RSSN012),25,0,25,0,25,0,25,0,25,0,25,0,25,0,25,0,25,0,25,0,25,0,25,0
SDNE00473,R.K. HARDWARE (RATUL) (RSSR030),20,0,20,70,20,0,20,0,20,0,20,0,20,0,20,0,20,0,20,0,20,0,20,0
SDNE00476,BG ENTERPRISE,15,0,15,230,15,0,15,0,15,0,15,0,15,0,15,0,15,0,15,0,15,0,15,0
SDNE00478,IZAZ HARDWARE,12.5,0,12.5,0,12.5,0,12.5,0,12.5,0,12.5,0,12.5,0,12.5,0,12.5,0,12.5,0,12.5,0,12.5,0
SDNE00480,SHREE GANESH BHANDAR (RSSS088),5,0,5,0,5,0,5,0,5,0,5,0,5,0,5,0,5,0,5,0,5,0,5,0
SDNE00481,BARUAH ENTERPRISE (PARSHU RAM) (RSSB111),12,0,12,90,12,0,12,0,12,0,12,0,12,0,12,0,12,0,12,0,12,0,12,0
SDNE00487,LUNA ENTERPRISE,35,0,35,220,35,0,35,0,35,0,35,0,35,0,35,0,35,0,35,0,35,0,35,0
SDNE00488,ALLIED STEEL & CEMENT,8.91,0,8.91,200,8.91,0,8.91,0,8.91,0,8.91,0,8.91,0,8.91,0,8.91,0,8.91,0,8.91,0,8.91,0
SDNE00489,GANAPATI STEEL & SANITATION,25,0,25,5080,25,0,25,0,25,0,25,0,25,0,25,0,25,0,25,0,25,0,25,0
SDNE00493,BALEN ENTERPRISE,14.3,0,14.3,640,14.3,0,14.3,0,14.3,0,14.3,0,14.3,0,14.3,0,14.3,0,14.3,0,14.3,0,14.3,0
SDNE00501,RAJU ENTERPRISE,25,0,25,100,25,0,25,0,25,0,25,0,25,0,25,0,25,0,25,0,25,0,25,0
SDNE00502,NEW GANESH TRADING CORPORATION,11,0,11,0,11,0,11,0,11,0,11,0,11,0,11,0,11,0,11,0,11,0,11,0
SDNE00503,L.J ENTERPRISE,2.5,0,2.5,120,2.5,0,2.5,0,2.5,0,2.5,0,2.5,0,2.5,0,2.5,0,2.5,0,2.5,0,2.5,0
SDNE00509,NEW ENTERPRISE,11,0,11,0,11,0,11,0,11,0,11,0,11,0,11,0,11,0,11,0,11,0,11,0
SDNE00510,DURGA ENTERPRISE,89.1,0,89.1,1430,89.1,0,89.1,0,89.1,0,89.1,0,89.1,0,89.1,0,89.1,0,89.1,0,89.1,0,89.1,0
SDNE00511,MAA HARDWARE ENTERPRISE,12.1,0,12.1,100,12.1,0,12.1,0,12.1,0,12.1,0,12.1,0,12.1,0,12.1,0,12.1,0,12.1,0,12.1,0
SDNE00513,SHREE KRISHNA HARDWARE,3,0,3,0,3,0,3,0,3,0,3,0,3,0,3,0,3,0,3,0,3,0,3,0
SDNE00514,DAS ENTERPRISE(HARKANTA),7,0,7,50,7,0,7,0,7,0,7,0,7,0,7,0,7,0,7,0,7,0,7,0
SDNE00521,RAJDHANI ENTERPRISE,17.6,0,17.6,0,17.6,0,17.6,0,17.6,0,17.6,0,17.6,0,17.6,0,17.6,0,17.6,0,17.6,0,17.6,0
SDNE00523,BARMAN STEEL ENTERPRISE,26.4,0,26.4,210,26.4,0,26.4,0,26.4,0,26.4,0,26.4,0,26.4,0,26.4,0,26.4,0,26.4,0,26.4,0
SDNE00525,S.G ENTERPRISE,5.5,0,5.5,0,5.5,0,5.5,0,5.5,0,5.5,0,5.5,0,5.5,0,5.5,0,5.5,0,5.5,0,5.5,0
SDNE00526,KALITA ENTERPRISE(BINOY),22,0,22,50,22,0,22,0,22,0,22,0,22,0,22,0,22,0,22,0,22,0,22,0
SDNE00529,TALUKDAR ENTERPRISE,8.8,0,8.8,0,8.8,0,8.8,0,8.8,0,8.8,0,8.8,0,8.8,0,8.8,0,8.8,0,8.8,0,8.8,0
SDNE00532,PATHAK ENTERPRISE,15,0,15,170,15,0,15,0,15,0,15,0,15,0,15,0,15,0,15,0,15,0,15,0
SDNE00535,KAMAKHYA TRADERS,25,0,25,0,25,0,25,0,25,0,25,0,25,0,25,0,25,0,25,0,25,0,25,0
SDNE00538,DEKA ENTERPRISE ( BEHARBARI),7,0,7,0,7,0,7,0,7,0,7,0,7,0,7,0,7,0,7,0,7,0,7,0
SDNE00539,NOVA HARDWARE,29.7,0,29.7,0,29.7,0,29.7,0,29.7,0,29.7,0,29.7,0,29.7,0,29.7,0,29.7,0,29.7,0,29.7,0
SDNE00540,DEKA ENTERPRISE(SONARAM),23.1,0,23.1,50,23.1,0,23.1,0,23.1,0,23.1,0,23.1,0,23.1,0,23.1,0,23.1,0,23.1,0,23.1,0
SDNE00545,RANGDHALI ENTERPRISE,15.4,0,15.4,0,15.4,0,15.4,0,15.4,0,15.4,0,15.4,0,15.4,0,15.4,0,15.4,0,15.4,0,15.4,0
SDNE00550,NEHA ENTERPRISE,22,0,22,0,22,0,22,0,22,0,22,0,22,0,22,0,22,0,22,0,22,0,22,0
SDNE00551,SHIKHAMANI ENTERPRISE,13.2,0,13.2,50,13.2,0,13.2,0,13.2,0,13.2,0,13.2,0,13.2,0,13.2,0,13.2,0,13.2,0,13.2,0
SDNE00552,AGARWALA ASSOCIATES,5.5,0,5.5,0,5.5,0,5.5,0,5.5,0,5.5,0,5.5,0,5.5,0,5.5,0,5.5,0,5.5,0,5.5,0
SDNE00556,B.B ENTERPRISE,8.8,0,8.8,150,8.8,0,8.8,0,8.8,0,8.8,0,8.8,0,8.8,0,8.8,0,8.8,0,8.8,0,8.8,0
SDNE00559,BHUYAN ENTERPRISE,5,0,5,0,5,0,5,0,5,0,5,0,5,0,5,0,5,0,5,0,5,0,5,0
SDNE00561,SUKUMAL ENTERPRISE,13.2,0,13.2,50,13.2,0,13.2,0,13.2,0,13.2,0,13.2,0,13.2,0,13.2,0,13.2,0,13.2,0,13.2,0
SDNE00562,TRISHAN ENTERPRISE,38.5,0,38.5,150,38.5,0,38.5,0,38.5,0,38.5,0,38.5,0,38.5,0,38.5,0,38.5,0,38.5,0,38.5,0
SDNE00565,R.B ENTERPRISE (RSSR009),2.5,0,2.5,0,2.5,0,2.5,0,2.5,0,2.5,0,2.5,0,2.5,0,2.5,0,2.5,0,2.5,0,2.5,0
SDNE00572,MURLI HARDWARE,11,0,11,0,11,0,11,0,11,0,11,0,11,0,11,0,11,0,11,0,11,0,11,0
SDNE00576,JNK HARDWARE & ELECTRICALS (RSSJ011),25,0,25,0,25,0,25,0,25,0,25,0,25,0,25,0,25,0,25,0,25,0,25,0
SDNE00579,DEKA ENTERPRISE (MINAKSHI) (RSSD038),12,0,12,70,12,0,12,0,12,0,12,0,12,0,12,0,12,0,12,0,12,0,12,0
SDNE00580,DB ENTERPRISE (RSSD034),20,0,20,300,20,0,20,0,20,0,20,0,20,0,20,0,20,0,20,0,20,0,20,0
SDNE00581,GANPATI ENTERPRISE (RSSG037),200,0,200,2610,200,0,200,0,200,0,200,0,200,0,200,0,200,0,200,0,200,0,200,0
SDNE00583,SALOI ENTERPRISE,48.05625,0,48.05625,0,48.05625,0,48.05625,0,48.05625,0,48.05625,0,48.05625,0,48.05625,0,48.05625,0,48.05625,0,48.05625,0,48.05625,0
SDNE00584,ARTI & SONS HARDWARE,11,0,11,0,11,0,11,0,11,0,11,0,11,0,11,0,11,0,11,0,11,0,11,0
SDNE00586,M.A ENTERPRISE,40.7,0,40.7,0,40.7,0,40.7,0,40.7,0,40.7,0,40.7,0,40.7,0,40.7,0,40.7,0,40.7,0,40.7,0
SDNE00587,SHREE MOYEE HARDWARE (RSSS073),11,0,11,0,11,0,11,0,11,0,11,0,11,0,11,0,11,0,11,0,11,0,11,0
SDNE00590,BHAGIN ENTERPRISE,2.5,0,2.5,0,2.5,0,2.5,0,2.5,0,2.5,0,2.5,0,2.5,0,2.5,0,2.5,0,2.5,0,2.5,0
SDNE00602,SONAPUR HARDWARE CENTRE (RSSS051),125,0,125,1270,125,0,125,0,125,0,125,0,125,0,125,0,125,0,125,0,125,0,125,0
SDNE00608,DEKA HARDWARE (KHETRI) (RSSD013),2.5,0,2.5,0,2.5,0,2.5,0,2.5,0,2.5,0,2.5,0,2.5,0,2.5,0,2.5,0,2.5,0,2.5,0
SDNE00609,PURNASUCHI HARDWARE (RSSP030),2.5,0,2.5,400,2.5,0,2.5,0,2.5,0,2.5,0,2.5,0,2.5,0,2.5,0,2.5,0,2.5,0,2.5,0
SDNE00611,GHOSH HARDWARE (RSSG010),10,0,10,0,10,0,10,0,10,0,10,0,10,0,10,0,10,0,10,0,10,0,10,0
SDNE00612,CEMENT CENTRE MALAYBARI (RSSC007),55,0,55,680,55,0,55,0,55,0,55,0,55,0,55,0,55,0,55,0,55,0,55,0
SDNE00623,M B ENTERPRISE,11,0,11,0,11,0,11,0,11,0,11,0,11,0,11,0,11,0,11,0,11,0,11,0
SDNE00624,DEY ENTERPRISE,2.5,0,2.5,0,2.5,0,2.5,0,2.5,0,2.5,0,2.5,0,2.5,0,2.5,0,2.5,0,2.5,0,2.5,0
SDNE00629,SING HARDWARE STOR,51.7,0,51.7,150,51.7,0,51.7,0,51.7,0,51.7,0,51.7,0,51.7,0,51.7,0,51.7,0,51.7,0,51.7,0
SDNE00631,MAA ENTERPRISE (NABAJYOTI-JAGAT) (RSSM038),20.9,0,20.9,300,20.9,0,20.9,0,20.9,0,20.9,0,20.9,0,20.9,0,20.9,0,20.9,0,20.9,0,20.9,0
SDNE00636,BROTHERS ENTERPRISE,22,0,22,100,22,0,22,0,22,0,22,0,22,0,22,0,22,0,22,0,22,0,22,0
SDNE00637,SHIVAM ENTERPRISE,70,0,70,900,70,0,70,0,70,0,70,0,70,0,70,0,70,0,70,0,70,0,70,0
SDNE00638,KALITA ENTERPRIS (DHIREJ),2.5,0,2.5,0,2.5,0,2.5,0,2.5,0,2.5,0,2.5,0,2.5,0,2.5,0,2.5,0,2.5,0,2.5,0
SDNE00642,NEEHAR ENTERPRISE,11,0,11,0,11,0,11,0,11,0,11,0,11,0,11,0,11,0,11,0,11,0,11,0
SDNE00644,MAHAMAYA ENTERPRISE,8.8,0,8.8,50,8.8,0,8.8,0,8.8,0,8.8,0,8.8,0,8.8,0,8.8,0,8.8,0,8.8,0,8.8,0
SDNE00646,FAZIR ENTERPRISE,19.8,0,19.8,60,19.8,0,19.8,0,19.8,0,19.8,0,19.8,0,19.8,0,19.8,0,19.8,0,19.8,0,19.8,0
SDNE00647,JOY GURU ENTERPRISE,5,0,5,0,5,0,5,0,5,0,5,0,5,0,5,0,5,0,5,0,5,0,5,0
SDNE00649,DUTTA TRADERS,39.6,0,39.6,90,39.6,0,39.6,0,39.6,0,39.6,0,39.6,0,39.6,0,39.6,0,39.6,0,39.6,0,39.6,0
SDNE00655,ANIL COMPOSITE FIRM (RSSA090),16.5,0,16.5,0,16.5,0,16.5,0,16.5,0,16.5,0,16.5,0,16.5,0,16.5,0,16.5,0,16.5,0,16.5,0
SDNE00656,AYUSHMAN HARDWARE (RSSA116),11,0,11,0,11,0,11,0,11,0,11,0,11,0,11,0,11,0,11,0,11,0,11,0
SDNE00658,CHOUDHURY ENTERPRISE (TAPAN) (RSSC020),56.1,0,56.1,1300,56.1,0,56.1,0,56.1,0,56.1,0,56.1,0,56.1,0,56.1,0,56.1,0,56.1,0,56.1,0
SDNE00660,JOHN HARDWARE (RSSJ046),84.7,0,84.7,880,84.7,0,84.7,0,84.7,0,84.7,0,84.7,0,84.7,0,84.7,0,84.7,0,84.7,0,84.7,0
SDNE00665,SARMA HARDWARE (BEDANTA) (RSSS185),16.5,0,16.5,0,16.5,0,16.5,0,16.5,0,16.5,0,16.5,0,16.5,0,16.5,0,16.5,0,16.5,0,16.5,0
SDNE00666,ANGIRA HARDWARE (RSSA114),36.3,0,36.3,220,36.3,0,36.3,0,36.3,0,36.3,0,36.3,0,36.3,0,36.3,0,36.3,0,36.3,0,36.3,0
SDNE00668,CHOUDHURY ENTERPRISE (BIRAJ) (RSSC045),14.3,0,14.3,100,14.3,0,14.3,0,14.3,0,14.3,0,14.3,0,14.3,0,14.3,0,14.3,0,14.3,0,14.3,0
SDNE00669,DAS HARDWARE (HERAMBA) (RSSD092),15.4,0,15.4,240,15.4,0,15.4,0,15.4,0,15.4,0,15.4,0,15.4,0,15.4,0,15.4,0,15.4,0,15.4,0
SDNE00678,DAS ENTERPRISE (TARANI) (RSSD076),28.6,0,28.6,880,28.6,0,28.6,0,28.6,0,28.6,0,28.6,0,28.6,0,28.6,0,28.6,0,28.6,0,28.6,0
SDNE00680,JINTU HARDWARE (RSSJ045),30.8,0,30.8,980,30.8,0,30.8,0,30.8,0,30.8,0,30.8,0,30.8,0,30.8,0,30.8,0,30.8,0,30.8,0
SDNE00684,PARIHARESWARE HARDWARE (RSSP056),14.3,0,14.3,300,14.3,0,14.3,0,14.3,0,14.3,0,14.3,0,14.3,0,14.3,0,14.3,0,14.3,0,14.3,0
SDNE00691,HUSSAIN HARDWARE (SAFIKUL) (RSSH040),7.7,0,7.7,0,7.7,0,7.7,0,7.7,0,7.7,0,7.7,0,7.7,0,7.7,0,7.7,0,7.7,0,7.7,0
SDNE00694,SHIVAM HARDWARE (RSSS187),22,0,22,0,22,0,22,0,22,0,22,0,22,0,22,0,22,0,22,0,22,0,22,0
SDNE00722,BHASKAR HARDWARE (RSSB162),5.5,0,5.5,0,5.5,0,5.5,0,5.5,0,5.5,0,5.5,0,5.5,0,5.5,0,5.5,0,5.5,0,5.5,0
SDNE00723,MOHIT HARDWARE (RSSM181),33,0,33,0,33,0,33,0,33,0,33,0,33,0,33,0,33,0,33,0,33,0,33,0
SDNE00725,PATGIRI HARDWARE (RSSP052),28.6,0,28.6,0,28.6,0,28.6,0,28.6,0,28.6,0,28.6,0,28.6,0,28.6,0,28.6,0,28.6,0,28.6,0
SDNE00727,SWASTI STEEL HOUSE (RSSS166),37.4,0,37.4,0,37.4,0,37.4,0,37.4,0,37.4,0,37.4,0,37.4,0,37.4,0,37.4,0,37.4,0,37.4,0
SDNE00728,ABBAS ALI ENTERPRISE (RSSA109),16.5,0,16.5,0,16.5,0,16.5,0,16.5,0,16.5,0,16.5,0,16.5,0,16.5,0,16.5,0,16.5,0,16.5,0
SDNE00734,HOQUE HARDWARE (RSSH034),36.3,0,36.3,0,36.3,0,36.3,0,36.3,0,36.3,0,36.3,0,36.3,0,36.3,0,36.3,0,36.3,0,36.3,0
SDNE00735,I H HARDWARE (RSSI016),5.5,0,5.5,0,5.5,0,5.5,0,5.5,0,5.5,0,5.5,0,5.5,0,5.5,0,5.5,0,5.5,0,5.5,0
SDNE00736,JANNAT HARDWARE (RSSJ044),5.5,0,5.5,0,5.5,0,5.5,0,5.5,0,5.5,0,5.5,0,5.5,0,5.5,0,5.5,0,5.5,0,5.5,0
SDNE00738,MOON HARDWARE (RSSM184),36.3,0,36.3,0,36.3,0,36.3,0,36.3,0,36.3,0,36.3,0,36.3,0,36.3,0,36.3,0,36.3,0,36.3,0
SDNE00739,NARGISH HARDWARE,39.6,0,39.6,0,39.6,0,39.6,0,39.6,0,39.6,0,39.6,0,39.6,0,39.6,0,39.6,0,39.6,0,39.6,0
SDNE00747,SHIKHDAR HARDWARE (RSSS232),1.65,0,1.65,0,1.65,0,1.65,0,1.65,0,1.65,0,1.65,0,1.65,0,1.65,0,1.65,0,1.65,0,1.65,0
SDNE00749,ASSAM HARDWARE (GULAM) (RSSA115),11,0,11,0,11,0,11,0,11,0,11,0,11,0,11,0,11,0,11,0,11,0,11,0
SDNE00762,MAJANI HARDWARE (RSSM157),64.9,0,64.9,0,64.9,0,64.9,0,64.9,0,64.9,0,64.9,0,64.9,0,64.9,0,64.9,0,64.9,0,64.9,0
SDNE00765,RAHMAN HARDWARE (ATOWAR) (RSSR103),30.8,0,30.8,0,30.8,0,30.8,0,30.8,0,30.8,0,30.8,0,30.8,0,30.8,0,30.8,0,30.8,0,30.8,0
SDNE00778,BAISHYA ENTERPRISE (DILIP),18.7,0,18.7,0,18.7,0,18.7,0,18.7,0,18.7,0,18.7,0,18.7,0,18.7,0,18.7,0,18.7,0,18.7,0
SDNE00783,HRIDAYANA ENTERPRISE,13.2,0,13.2,0,13.2,0,13.2,0,13.2,0,13.2,0,13.2,0,13.2,0,13.2,0,13.2,0,13.2,0,13.2,0
SDNE00791,BARMAN BORO HARDWARE,2.2,0,2.2,0,2.2,0,2.2,0,2.2,0,2.2,0,2.2,0,2.2,0,2.2,0,2.2,0,2.2,0,2.2,0
SDNE00792,BHARAT HARDWARE,6.6,0,6.6,0,6.6,0,6.6,0,6.6,0,6.6,0,6.6,0,6.6,0,6.6,0,6.6,0,6.6,0,6.6,0
SDNE00794,CEMENT AND STILL HOUSE,91.3,0,91.3,1330,91.3,0,91.3,0,91.3,0,91.3,0,91.3,0,91.3,0,91.3,0,91.3,0,91.3,0,91.3,0
SDNE00796,I R HARDWARE,57.2,0,57.2,300,57.2,0,57.2,0,57.2,0,57.2,0,57.2,0,57.2,0,57.2,0,57.2,0,57.2,0,57.2,0
SDNE00803,VIOLEENA ENTERPRISE,15.4,0,15.4,100,15.4,0,15.4,0,15.4,0,15.4,0,15.4,0,15.4,0,15.4,0,15.4,0,15.4,0,15.4,0
SDNE00804,BARBHAG HARDWARE,8.8,0,8.8,0,8.8,0,8.8,0,8.8,0,8.8,0,8.8,0,8.8,0,8.8,0,8.8,0,8.8,0,8.8,0
SDNE00805,BISHNU JYOTI ENTERPRISE,9.9,0,9.9,0,9.9,0,9.9,0,9.9,0,9.9,0,9.9,0,9.9,0,9.9,0,9.9,0,9.9,0,9.9,0
SDNE00816,SAIKIA HARDWARE,20.9,0,20.9,0,20.9,0,20.9,0,20.9,0,20.9,0,20.9,0,20.9,0,20.9,0,20.9,0,20.9,0,20.9,0
SDNE00825,M/S BABUL ENTERPRISE,11,0,11,150,11,0,11,0,11,0,11,0,11,0,11,0,11,0,11,0,11,0,11,0
SDNE00826,CHOUDHURY HARDWARE (KULEN),19.8,0,19.8,220,19.8,0,19.8,0,19.8,0,19.8,0,19.8,0,19.8,0,19.8,0,19.8,0,19.8,0,19.8,0
SDNE00828,J.D HARDWARE,19.8,0,19.8,200,19.8,0,19.8,0,19.8,0,19.8,0,19.8,0,19.8,0,19.8,0,19.8,0,19.8,0,19.8,0
SDNE00831,MAHAMMADI ENTERPRISE,28.6,0,28.6,150,28.6,0,28.6,0,28.6,0,28.6,0,28.6,0,28.6,0,28.6,0,28.6,0,28.6,0,28.6,0
SDNE00852,ASHA ENTERPRISE,11,0,11,0,11,0,11,0,11,0,11,0,11,0,11,0,11,0,11,0,11,0,11,0
SDNE00854,SARASWATI ENTERPRISE,22,0,22,0,22,0,22,0,22,0,22,0,22,0,22,0,22,0,22,0,22,0,22,0
SDNE00858,RAJ ENTERPRISE,24.2,0,24.2,0,24.2,0,24.2,0,24.2,0,24.2,0,24.2,0,24.2,0,24.2,0,24.2,0,24.2,0,24.2,0
SDNE00860,BARMAN ENTERPRISE (DHARANI),15.4,0,15.4,200,15.4,0,15.4,0,15.4,0,15.4,0,15.4,0,15.4,0,15.4,0,15.4,0,15.4,0,15.4,0
SDNE00861,KALITA HARDWARE (HITESH),25.3,0,25.3,230,25.3,0,25.3,0,25.3,0,25.3,0,25.3,0,25.3,0,25.3,0,25.3,0,25.3,0,25.3,0
SDNE00863,PRAGATI ENTERPRISE,15.4,0,15.4,300,15.4,0,15.4,0,15.4,0,15.4,0,15.4,0,15.4,0,15.4,0,15.4,0,15.4,0,15.4,0
SDNE00864,PRANJAL STORE,18.7,0,18.7,500,18.7,0,18.7,0,18.7,0,18.7,0,18.7,0,18.7,0,18.7,0,18.7,0,18.7,0,18.7,0
SDNE00865,KRISHNA ENTERPRISE,8.8,0,8.8,100,8.8,0,8.8,0,8.8,0,8.8,0,8.8,0,8.8,0,8.8,0,8.8,0,8.8,0,8.8,0
SDNE00871,KALITA ENTERPRISE (UTTAM),51.7,0,51.7,450,51.7,0,51.7,0,51.7,0,51.7,0,51.7,0,51.7,0,51.7,0,51.7,0,51.7,0,51.7,0
SDNE00907,POMPI HARDWARE,12.1,0,12.1,0,12.1,0,12.1,0,12.1,0,12.1,0,12.1,0,12.1,0,12.1,0,12.1,0,12.1,0,12.1,0
SDNE00909,TINKU MONI STORE AND BARMAN HARDWARE,14.3,0,14.3,500,14.3,0,14.3,0,14.3,0,14.3,0,14.3,0,14.3,0,14.3,0,14.3,0,14.3,0,14.3,0
SDNE00914,SANKGKARJYOTI BHANDER (RSSS130),18,0,18,250,18,0,18,0,18,0,18,0,18,0,18,0,18,0,18,0,18,0,18,0
SDNE00947,MAA LAXMI HARDWARE,6.6,0,6.6,0,6.6,0,6.6,0,6.6,0,6.6,0,6.6,0,6.6,0,6.6,0,6.6,0,6.6,0,6.6,0
SDNE00951,B N HARDWARE,26.4,0,26.4,880,26.4,0,26.4,0,26.4,0,26.4,0,26.4,0,26.4,0,26.4,0,26.4,0,26.4,0,26.4,0
SDNE00952,DEKA HARDWARE (UTPAL),16.5,0,16.5,400,16.5,0,16.5,0,16.5,0,16.5,0,16.5,0,16.5,0,16.5,0,16.5,0,16.5,0,16.5,0
SDNE00957,RAJ ENTERPRISE,9.9,0,9.9,220,9.9,0,9.9,0,9.9,0,9.9,0,9.9,0,9.9,0,9.9,0,9.9,0,9.9,0,9.9,0
SDNE00959,ANKUR JYOTI STORE,27.5,0,27.5,300,27.5,0,27.5,0,27.5,0,27.5,0,27.5,0,27.5,0,27.5,0,27.5,0,27.5,0,27.5,0
SDNE00961,B.ENTERPRISE,16.5,0,16.5,0,16.5,0,16.5,0,16.5,0,16.5,0,16.5,0,16.5,0,16.5,0,16.5,0,16.5,0,16.5,0
SDNE00963,D K ENTERPRISE (DHIRAJ),16.5,0,16.5,0,16.5,0,16.5,0,16.5,0,16.5,0,16.5,0,16.5,0,16.5,0,16.5,0,16.5,0,16.5,0
SDNE00967,JUGANTAR STORE,22,0,22,50,22,0,22,0,22,0,22,0,22,0,22,0,22,0,22,0,22,0,22,0
SDNE00970,NATH ENTERPRISE,38.5,0,38.5,150,38.5,0,38.5,0,38.5,0,38.5,0,38.5,0,38.5,0,38.5,0,38.5,0,38.5,0,38.5,0
SDNE00971,MILIJULI ENTERPRISE,16.5,0,16.5,50,16.5,0,16.5,0,16.5,0,16.5,0,16.5,0,16.5,0,16.5,0,16.5,0,16.5,0,16.5,0
SDNE00972,AHIRWAD ENTERPRISE,27.5,0,27.5,0,27.5,0,27.5,0,27.5,0,27.5,0,27.5,0,27.5,0,27.5,0,27.5,0,27.5,0,27.5,0
SDNE00974,RIKU HARDWARE,22,0,22,100,22,0,22,0,22,0,22,0,22,0,22,0,22,0,22,0,22,0,22,0
SDNE00975,RAY HARDWARE,16.5,0,16.5,0,16.5,0,16.5,0,16.5,0,16.5,0,16.5,0,16.5,0,16.5,0,16.5,0,16.5,0,16.5,0
SDNE00976,KALITA ENTERPRISE (PRANJAL),33,0,33,0,33,0,33,0,33,0,33,0,33,0,33,0,33,0,33,0,33,0,33,0
SDNE00978,SMITASREE ENTERPRISE,55,0,55,400,55,0,55,0,55,0,55,0,55,0,55,0,55,0,55,0,55,0,55,0
SDNE00979,S S P ENTERPRISE,44,0,44,100,44,0,44,0,44,0,44,0,44,0,44,0,44,0,44,0,44,0,44,0
SDNE00981,DAS HARDWARE STORE (SANDIPAN),11,0,11,0,11,0,11,0,11,0,11,0,11,0,11,0,11,0,11,0,11,0,11,0
SDNE00996,MONOWAR ENTERPRISE,11,0,11,100,11,0,11,0,11,0,11,0,11,0,11,0,11,0,11,0,11,0,11,0
SDNE01017,ATIFA STORE,11,0,11,0,11,0,11,0,11,0,11,0,11,0,11,0,11,0,11,0,11,0,11,0
SDNE01018,MAA STORE (WAHIDUR),22,0,22,0,22,0,22,0,22,0,22,0,22,0,22,0,22,0,22,0,22,0,22,0
SDNE01019,MAMUNI HARDWARE,16.5,0,16.5,100,16.5,0,16.5,0,16.5,0,16.5,0,16.5,0,16.5,0,16.5,0,16.5,0,16.5,0,16.5,0
SDNE01024,ABEDIN HARDWARE,8.8,0,8.8,0,8.8,0,8.8,0,8.8,0,8.8,0,8.8,0,8.8,0,8.8,0,8.8,0,8.8,0,8.8,0
SDNE01033,MONDOL STORE,22,0,22,410,22,0,22,0,22,0,22,0,22,0,22,0,22,0,22,0,22,0,22,0
SDNE01035,RAHMAN HARDWARE (MIZANUR),5.5,0,5.5,100,5.5,0,5.5,0,5.5,0,5.5,0,5.5,0,5.5,0,5.5,0,5.5,0,5.5,0,5.5,0
SDNE01037,ALOM HARDWARE STORE (SHAHIDUR),6.6,0,6.6,0,6.6,0,6.6,0,6.6,0,6.6,0,6.6,0,6.6,0,6.6,0,6.6,0,6.6,0,6.6,0
SDNE01039,AZAD STORE,22,0,22,550,22,0,22,0,22,0,22,0,22,0,22,0,22,0,22,0,22,0,22,0
SDNE01040,SRI SRI BISHWAKARMA HARDWARE,16.5,0,16.5,300,16.5,0,16.5,0,16.5,0,16.5,0,16.5,0,16.5,0,16.5,0,16.5,0,16.5,0,16.5,0
SDNE01041,LAXMI HARDWARE (SOMESWAR),22,0,22,200,22,0,22,0,22,0,22,0,22,0,22,0,22,0,22,0,22,0,22,0
SDNE01046,N UDDIN HARDWARE,16.5,0,16.5,150,16.5,0,16.5,0,16.5,0,16.5,0,16.5,0,16.5,0,16.5,0,16.5,0,16.5,0,16.5,0
SDNE01052,BHAI BHAI STORE (AMIR),22,0,22,100,22,0,22,0,22,0,22,0,22,0,22,0,22,0,22,0,22,0,22,0
SDNE01060,MONDAL HARDWARE STORE,55,0,55,550,55,0,55,0,55,0,55,0,55,0,55,0,55,0,55,0,55,0,55,0
SDNE01061,MASUM STORE,16.5,0,16.5,200,16.5,0,16.5,0,16.5,0,16.5,0,16.5,0,16.5,0,16.5,0,16.5,0,16.5,0,16.5,0
SDNE01065,SMALL HARDWARE,49.5,0,49.5,650,49.5,0,49.5,0,49.5,0,49.5,0,49.5,0,49.5,0,49.5,0,49.5,0,49.5,0,49.5,0
SDNE01069,MAA HARDWARE,22,0,22,800,22,0,22,0,22,0,22,0,22,0,22,0,22,0,22,0,22,0,22,0
SDNE01070,NUR ISLAM HARDWARE STORE,11,0,11,200,11,0,11,0,11,0,11,0,11,0,11,0,11,0,11,0,11,0,11,0
SDNE01071,NATH HARDWARE (ARUP),18.7,0,18.7,0,18.7,0,18.7,0,18.7,0,18.7,0,18.7,0,18.7,0,18.7,0,18.7,0,18.7,0,18.7,0
SDNE01074,PATHAK ENTERPRISE (GANAJIT),27.5,0,27.5,100,27.5,0,27.5,0,27.5,0,27.5,0,27.5,0,27.5,0,27.5,0,27.5,0,27.5,0,27.5,0
SDNE01076,RAJU F & C AGENCY,16.5,0,16.5,150,16.5,0,16.5,0,16.5,0,16.5,0,16.5,0,16.5,0,16.5,0,16.5,0,16.5,0,16.5,0
SDNE01097,AMISHA ENTERPRISE,16.5,0,16.5,100,16.5,0,16.5,0,16.5,0,16.5,0,16.5,0,16.5,0,16.5,0,16.5,0,16.5,0,16.5,0
SDNE01099,HEMLATA ENTERPRISE,22,0,22,0,22,0,22,0,22,0,22,0,22,0,22,0,22,0,22,0,22,0,22,0
SDNE01102,NIRMAN HARDWARE,44,0,44,350,44,0,44,0,44,0,44,0,44,0,44,0,44,0,44,0,44,0,44,0
SDNE01104,MAA HARDWARE (PRAFULLA),27.5,0,27.5,100,27.5,0,27.5,0,27.5,0,27.5,0,27.5,0,27.5,0,27.5,0,27.5,0,27.5,0,27.5,0
SDNE01107,PARBIN STORE,16.5,0,16.5,100,16.5,0,16.5,0,16.5,0,16.5,0,16.5,0,16.5,0,16.5,0,16.5,0,16.5,0,16.5,0
SDNE01109,RUNJUN HARDWARE,33,0,33,150,33,0,33,0,33,0,33,0,33,0,33,0,33,0,33,0,33,0,33,0
SDNE01111,RONJIT STORES,11,0,11,150,11,0,11,0,11,0,11,0,11,0,11,0,11,0,11,0,11,0,11,0
SDNE01126,ASHADUL HARDWARE,16.5,0,16.5,0,16.5,0,16.5,0,16.5,0,16.5,0,16.5,0,16.5,0,16.5,0,16.5,0,16.5,0,16.5,0
SDNE01128,ALI HARDWARE,16.5,0,16.5,0,16.5,0,16.5,0,16.5,0,16.5,0,16.5,0,16.5,0,16.5,0,16.5,0,16.5,0,16.5,0
SDNE01133,KIRON STORE,11,0,11,0,11,0,11,0,11,0,11,0,11,0,11,0,11,0,11,0,11,0,11,0
SDNE01137,PAUL BROTHERS,16.5,0,16.5,0,16.5,0,16.5,0,16.5,0,16.5,0,16.5,0,16.5,0,16.5,0,16.5,0,16.5,0,16.5,0
SDNE01149,BABA HARDWARE,11,0,11,0,11,0,11,0,11,0,11,0,11,0,11,0,11,0,11,0,11,0,11,0
SDNE01154,ALI HARDWARE,27.5,0,27.5,400,27.5,0,27.5,0,27.5,0,27.5,0,27.5,0,27.5,0,27.5,0,27.5,0,27.5,0,27.5,0
SDNE01156,BHAI BHAI HARDWARE (SHAHABUDDIN),11,0,11,0,11,0,11,0,11,0,11,0,11,0,11,0,11,0,11,0,11,0,11,0
SDNE01157,DIPRAJ HARDWARE,22,0,22,0,22,0,22,0,22,0,22,0,22,0,22,0,22,0,22,0,22,0,22,0
SDNE01159,FATEMA HARDWARE STORE,22,0,22,100,22,0,22,0,22,0,22,0,22,0,22,0,22,0,22,0,22,0,22,0
SDNE01161,LAXMI HARDWARE (SRINATH),22,0,22,0,22,0,22,0,22,0,22,0,22,0,22,0,22,0,22,0,22,0,22,0
SDNE01172,SAMRAT HARDWARE,60.5,0,60.5,100,60.5,0,60.5,0,60.5,0,60.5,0,60.5,0,60.5,0,60.5,0,60.5,0,60.5,0,60.5,0
SDNE01173,STAR HARDWARE,22,0,22,0,22,0,22,0,22,0,22,0,22,0,22,0,22,0,22,0,22,0,22,0
SDNE01175,AAHIL ENTERPRISE,49.5,0,49.5,0,49.5,0,49.5,0,49.5,0,49.5,0,49.5,0,49.5,0,49.5,0,49.5,0,49.5,0,49.5,0
SDNE01177,ANAND TRADERS,55,0,55,0,55,0,55,0,55,0,55,0,55,0,55,0,55,0,55,0,55,0,55,0
SDNE01181,HANUMAN TRADERS,22,0,22,0,22,0,22,0,22,0,22,0,22,0,22,0,22,0,22,0,22,0,22,0
SDNE01184,KHURSHID ENTERPRISE,27.5,0,27.5,0,27.5,0,27.5,0,27.5,0,27.5,0,27.5,0,27.5,0,27.5,0,27.5,0,27.5,0,27.5,0
SDNE01186,NUR HARDWARE,49.5,0,49.5,0,49.5,0,49.5,0,49.5,0,49.5,0,49.5,0,49.5,0,49.5,0,49.5,0,49.5,0,49.5,0
SDNE01189,MAA MONOSHA HARDWARE,165,0,165,0,165,0,165,0,165,0,165,0,165,0,165,0,165,0,165,0,165,0,165,0
SDNE01190,ROHAN STORE,11,0,11,0,11,0,11,0,11,0,11,0,11,0,11,0,11,0,11,0,11,0,11,0
SDNE01193,ACHIB HARDWARE,16.5,0,16.5,0,16.5,0,16.5,0,16.5,0,16.5,0,16.5,0,16.5,0,16.5,0,16.5,0,16.5,0,16.5,0
SDNE01197,G.M.ENTERPRISE,5.5,0,5.5,0,5.5,0,5.5,0,5.5,0,5.5,0,5.5,0,5.5,0,5.5,0,5.5,0,5.5,0,5.5,0
SDNE01203,SIM ENTERPRISE,16.5,0,16.5,0,16.5,0,16.5,0,16.5,0,16.5,0,16.5,0,16.5,0,16.5,0,16.5,0,16.5,0,16.5,0
SDNE01207,SADHANA STORES,55,0,55,0,55,0,55,0,55,0,55,0,55,0,55,0,55,0,55,0,55,0,55,0
SDNE01209,SHAKIRA HARDWARE,99,0,99,0,99,0,99,0,99,0,99,0,99,0,99,0,99,0,99,0,99,0,99,0
SDNE01210,Sima Stores,22,0,22,0,22,0,22,0,22,0,22,0,22,0,22,0,22,0,22,0,22,0,22,0
SDNE01213,BHOLANATH H/W,22,0,22,0,22,0,22,0,22,0,22,0,22,0,22,0,22,0,22,0,22,0,22,0
SDNE01216,HARIPRIYA ENTERPRISE,38.5,0,38.5,0,38.5,0,38.5,0,38.5,0,38.5,0,38.5,0,38.5,0,38.5,0,38.5,0,38.5,0,38.5,0
SDNE01226,MAA ENTERPRISE,22,0,22,0,22,0,22,0,22,0,22,0,22,0,22,0,22,0,22,0,22,0,22,0
SDNE01227,GAUR AUTOMOBILE,5.5,0,5.5,0,5.5,0,5.5,0,5.5,0,5.5,0,5.5,0,5.5,0,5.5,0,5.5,0,5.5,0,5.5,0
SDNE01231,UMA STORES,66,0,66,0,66,0,66,0,66,0,66,0,66,0,66,0,66,0,66,0,66,0,66,0
SDNE01233,MAA ANJALI H/W,33,0,33,0,33,0,33,0,33,0,33,0,33,0,33,0,33,0,33,0,33,0,33,0
SDNE01242,RAHMAN STORES(B),22,0,22,0,22,0,22,0,22,0,22,0,22,0,22,0,22,0,22,0,22,0,22,0
SDNE01243,RAHMAN H/W(H),11,0,11,0,11,0,11,0,11,0,11,0,11,0,11,0,11,0,11,0,11,0,11,0
SDNE01244,MUNNA CUMMUNICATION,130,0,130,0,130,0,130,0,130,0,130,0,130,0,130,0,130,0,130,0,130,0,130,0
SDNE01248,A K ENTERPRISE,33,0,33,1400,33,0,33,0,33,0,33,0,33,0,33,0,33,0,33,0,33,0,33,0
SDNE01253,RAHMAN HARDWARE (HAFIZUR),5.5,0,5.5,0,5.5,0,5.5,0,5.5,0,5.5,0,5.5,0,5.5,0,5.5,0,5.5,0,5.5,0,5.5,0
SDNE01255,ABU HANIF STORE,11,0,11,200,11,0,11,0,11,0,11,0,11,0,11,0,11,0,11,0,11,0,11,0
SDNE01257,SAHA STORES,22,0,22,260,22,0,22,0,22,0,22,0,22,0,22,0,22,0,22,0,22,0,22,0
SDNE01258,BABLU STORE,38.5,0,38.5,400,38.5,0,38.5,0,38.5,0,38.5,0,38.5,0,38.5,0,38.5,0,38.5,0,38.5,0,38.5,0
SDNE01267,MOZIDUL HARDWARE,33,0,33,400,33,0,33,0,33,0,33,0,33,0,33,0,33,0,33,0,33,0,33,0
SDNE01269,PRAMANIK STORE,16.5,0,16.5,0,16.5,0,16.5,0,16.5,0,16.5,0,16.5,0,16.5,0,16.5,0,16.5,0,16.5,0,16.5,0
SDNE01302,ALI HARDWARE,35.2,0,35.2,0,35.2,0,35.2,0,35.2,0,35.2,0,35.2,0,35.2,0,35.2,0,35.2,0,35.2,0,35.2,0
SDNE01307,DOSTI STORES,22,0,22,300,22,0,22,0,22,0,22,0,22,0,22,0,22,0,22,0,22,0,22,0
SDNE01309,AR ENTERPRISE,11,0,11,0,11,0,11,0,11,0,11,0,11,0,11,0,11,0,11,0,11,0,11,0
SDNE01317,B S ENTERPRISE (BIJU),38.5,0,38.5,150,38.5,0,38.5,0,38.5,0,38.5,0,38.5,0,38.5,0,38.5,0,38.5,0,38.5,0,38.5,0
SDNE01319,NEW CHIRANG HARDWARE,38.5,0,38.5,0,38.5,0,38.5,0,38.5,0,38.5,0,38.5,0,38.5,0,38.5,0,38.5,0,38.5,0,38.5,0
SDNE01324,BHAI BHAI KRISHI KENDRA & HARDWARE,33,0,33,300,33,0,33,0,33,0,33,0,33,0,33,0,33,0,33,0,33,0,33,0
SDNE01326,HUSSAIN HARDWARE (AMIR),40.7,0,40.7,800,40.7,0,40.7,0,40.7,0,40.7,0,40.7,0,40.7,0,40.7,0,40.7,0,40.7,0,40.7,0
SDNE01328,HASHI STORE,22,0,22,150,22,0,22,0,22,0,22,0,22,0,22,0,22,0,22,0,22,0,22,0
SDNE01334,BARMAN RCC STORES,33,0,33,200,33,0,33,0,33,0,33,0,33,0,33,0,33,0,33,0,33,0,33,0
SDNE01335,BARUAH ENTERPRISE,12.1,0,12.1,0,12.1,0,12.1,0,12.1,0,12.1,0,12.1,0,12.1,0,12.1,0,12.1,0,12.1,0,12.1,0
SDNE01338,MAA GANGA HARDWARE STORE,11,0,11,500,11,0,11,0,11,0,11,0,11,0,11,0,11,0,11,0,11,0,11,0
SDNE01343,TRINATH HARDWARE,11,0,11,0,11,0,11,0,11,0,11,0,11,0,11,0,11,0,11,0,11,0,11,0
SDNE01347,ISLAM HARDWARE,66,0,66,690,66,0,66,0,66,0,66,0,66,0,66,0,66,0,66,0,66,0,66,0
SDNE01349,M/S MOHANLAL NARAYANMAL,16.5,0,16.5,0,16.5,0,16.5,0,16.5,0,16.5,0,16.5,0,16.5,0,16.5,0,16.5,0,16.5,0,16.5,0
SDNE01356,A K ENTERPRISE (GIYAS),30.8,0,30.8,500,30.8,0,30.8,0,30.8,0,30.8,0,30.8,0,30.8,0,30.8,0,30.8,0,30.8,0,30.8,0
SDNE01359,ARIFUR HARDWARE STORE,60.5,0,60.5,400,60.5,0,60.5,0,60.5,0,60.5,0,60.5,0,60.5,0,60.5,0,60.5,0,60.5,0,60.5,0
SDNE01367,SAHENA HARDWARE,38.5,0,38.5,450,38.5,0,38.5,0,38.5,0,38.5,0,38.5,0,38.5,0,38.5,0,38.5,0,38.5,0,38.5,0
SDNE01372,LAKHESWARI HARDWARE,160,0,160,450,160,0,160,0,160,0,160,0,160,0,160,0,160,0,160,0,160,0,160,0
SDNE01378,BODOLAND HARDWARE STORES,33,0,33,0,33,0,33,0,33,0,33,0,33,0,33,0,33,0,33,0,33,0,33,0
SDNE01379,BWIRATHI HARDWARE,25,0,25,200,25,0,25,0,25,0,25,0,25,0,25,0,25,0,25,0,25,0,25,0
SDNE01381,MITINGA STORE,22,0,22,200,22,0,22,0,22,0,22,0,22,0,22,0,22,0,22,0,22,0,22,0
SDNE01383,SIVA ENTERPRISE,49.5,0,49.5,300,49.5,0,49.5,0,49.5,0,49.5,0,49.5,0,49.5,0,49.5,0,49.5,0,49.5,0,49.5,0
SDNE01384,STAR ENTERPRISE,45,0,45,0,45,0,45,0,45,0,45,0,45,0,45,0,45,0,45,0,45,0,45,0
SDNE01386,LOKNATH HARDWARE,22,0,22,200,22,0,22,0,22,0,22,0,22,0,22,0,22,0,22,0,22,0,22,0
SDNE01389,NATIONAL ENTERPRISE,11,0,11,250,11,0,11,0,11,0,11,0,11,0,11,0,11,0,11,0,11,0,11,0
SDNE01390,MUSTAFIJUR STORE,38.5,0,38.5,0,38.5,0,38.5,0,38.5,0,38.5,0,38.5,0,38.5,0,38.5,0,38.5,0,38.5,0,38.5,0
SDNE01392,RIYA HARDWARE,22,0,22,440,22,0,22,0,22,0,22,0,22,0,22,0,22,0,22,0,22,0,22,0
SDNE01405,SINGHA ENTERPRISE,22,0,22,250,22,0,22,0,22,0,22,0,22,0,22,0,22,0,22,0,22,0,22,0
SDNE01412,JAKIR ENTERPRISE,30,0,30,600,30,0,30,0,30,0,30,0,30,0,30,0,30,0,30,0,30,0,30,0
SDNE01413,BHAI BAHI ENTERPRISE,11,0,11,50,11,0,11,0,11,0,11,0,11,0,11,0,11,0,11,0,11,0,11,0
SDNE01417,NARESH AGRWAL,93.5,0,93.5,1100,93.5,0,93.5,0,93.5,0,93.5,0,93.5,0,93.5,0,93.5,0,93.5,0,93.5,0,93.5,0
SDNE01418,PAYEL CEMENT BHANDER,11,0,11,100,11,0,11,0,11,0,11,0,11,0,11,0,11,0,11,0,11,0,11,0
SDNE01420,ASHIK HARDWARE,15.4,0,15.4,300,15.4,0,15.4,0,15.4,0,15.4,0,15.4,0,15.4,0,15.4,0,15.4,0,15.4,0,15.4,0
SDNE01424,BARMAN STORE,27.5,0,27.5,100,27.5,0,27.5,0,27.5,0,27.5,0,27.5,0,27.5,0,27.5,0,27.5,0,27.5,0,27.5,0
SDNE01425,BHAI BHAI HARDWARE (KHOSHMAMUD),31.9,0,31.9,500,31.9,0,31.9,0,31.9,0,31.9,0,31.9,0,31.9,0,31.9,0,31.9,0,31.9,0,31.9,0
SDNE01427,ISLAM HARDWARE,16.5,0,16.5,250,16.5,0,16.5,0,16.5,0,16.5,0,16.5,0,16.5,0,16.5,0,16.5,0,16.5,0,16.5,0
SDNE01429,JOYGURU HARDWARE,22,0,22,150,22,0,22,0,22,0,22,0,22,0,22,0,22,0,22,0,22,0,22,0
SDNE01431,KANCHAN ENTERPRISE,5.5,0,5.5,0,5.5,0,5.5,0,5.5,0,5.5,0,5.5,0,5.5,0,5.5,0,5.5,0,5.5,0,5.5,0
SDNE01432,MOON ENTERPRISE,16.5,0,16.5,900,16.5,0,16.5,0,16.5,0,16.5,0,16.5,0,16.5,0,16.5,0,16.5,0,16.5,0,16.5,0
SDNE01436,BMY HARDWARE,16.5,0,16.5,230,16.5,0,16.5,0,16.5,0,16.5,0,16.5,0,16.5,0,16.5,0,16.5,0,16.5,0,16.5,0
SDNE01440,S D HARDWARE SHOP,46.2,0,46.2,100,46.2,0,46.2,0,46.2,0,46.2,0,46.2,0,46.2,0,46.2,0,46.2,0,46.2,0,46.2,0
SDNE01443,CHANUBA HARDWARE,30,0,30,200,30,0,30,0,30,0,30,0,30,0,30,0,30,0,30,0,30,0,30,0
SDNE01444,CHINAKI ENTERPRISE,30,0,30,400,30,0,30,0,30,0,30,0,30,0,30,0,30,0,30,0,30,0,30,0
SDNE01447,HIRALAL HARDWARE,12,0,12,249,12,0,12,0,12,0,12,0,12,0,12,0,12,0,12,0,12,0,12,0
SDNE01449,KHAN HARDWARE (JNGASHER),11,0,11,250,11,0,11,0,11,0,11,0,11,0,11,0,11,0,11,0,11,0,11,0
SDNE01450,SAHA HARDWARE,22,0,22,300,22,0,22,0,22,0,22,0,22,0,22,0,22,0,22,0,22,0,22,0
SDNE01452,MANOJ HARDWARE,49.5,0,49.5,500,49.5,0,49.5,0,49.5,0,49.5,0,49.5,0,49.5,0,49.5,0,49.5,0,49.5,0,49.5,0
SDNE01457,BOLE BOM HARDWARE,33,0,33,200,33,0,33,0,33,0,33,0,33,0,33,0,33,0,33,0,33,0,33,0
SDNE01458,CHOUDHARY HARDWARE,16.5,0,16.5,100,16.5,0,16.5,0,16.5,0,16.5,0,16.5,0,16.5,0,16.5,0,16.5,0,16.5,0,16.5,0
SDNE01461,MASUM HARDWARE,150,0,150,2070,150,0,150,0,150,0,150,0,150,0,150,0,150,0,150,0,150,0,150,0
SDNE01466,SHIVAM ENTERPRISE,22,0,22,300,22,0,22,0,22,0,22,0,22,0,22,0,22,0,22,0,22,0,22,0
SDNE01474,S R ENTERPRISE,38.5,0,38.5,200,38.5,0,38.5,0,38.5,0,38.5,0,38.5,0,38.5,0,38.5,0,38.5,0,38.5,0,38.5,0
SDNE01476,ASSAM HARDWARE STORE,66,0,66,750,66,0,66,0,66,0,66,0,66,0,66,0,66,0,66,0,66,0,66,0
SDNE01480,JYOTI HARDWARE STORES (MINTOO),60,0,60,750,60,0,60,0,60,0,60,0,60,0,60,0,60,0,60,0,60,0,60,0
SDNE01482,MAA HARDWARE,22,0,22,0,22,0,22,0,22,0,22,0,22,0,22,0,22,0,22,0,22,0,22,0
SDNE01483,REYAN HARDWARE STORES,22,0,22,300,22,0,22,0,22,0,22,0,22,0,22,0,22,0,22,0,22,0,22,0
SDNE01486,SHEIKH & SONS HARDWARE STORE,33,0,33,0,33,0,33,0,33,0,33,0,33,0,33,0,33,0,33,0,33,0,33,0
SDNE01488,GULZAR ALI,16.5,0,16.5,200,16.5,0,16.5,0,16.5,0,16.5,0,16.5,0,16.5,0,16.5,0,16.5,0,16.5,0,16.5,0
SDNE01489,BHUBAN KALITA,22,0,22,0,22,0,22,0,22,0,22,0,22,0,22,0,22,0,22,0,22,0,22,0
SDNE01490,JINTI ENTERPRISE,11,0,11,150,11,0,11,0,11,0,11,0,11,0,11,0,11,0,11,0,11,0,11,0
SDNE01492,SUMAN HARDAWRE,11,0,11,0,11,0,11,0,11,0,11,0,11,0,11,0,11,0,11,0,11,0,11,0
SDNE01493,ASHIQ HARDWARE,22,0,22,500,22,0,22,0,22,0,22,0,22,0,22,0,22,0,22,0,22,0,22,0
SDNE01513,NABA KUMAR SAHA ,50,0,50,0,50,0,50,0,50,0,50,0,50,0,50,0,50,0,50,0,50,0,50,0
SDNE01543,JOHNY A SANGMA,350,0,350,0,350,0,350,0,350,0,350,0,350,0,350,0,350,0,350,0,350,0,350,0
SDNE01583,SARAWGI SANITARY,12,0,12,0,12,0,12,0,12,0,12,0,12,0,12,0,12,0,12,0,12,0,12,0
SDNE01604,R.K. HARDWARE,5,0,5,0,5,0,5,0,5,0,5,0,5,0,5,0,5,0,5,0,5,0,5,0
SDNE01641,P D ENTERPRSE ,20,0,20,0,20,0,20,0,20,0,20,0,20,0,20,0,20,0,20,0,20,0,20,0
SDNE01661,MAA ENTERPRISE (HARJAT) ,18,0,18,100,18,0,18,0,18,0,18,0,18,0,18,0,18,0,18,0,18,0,18,0
SDNE01664,RITHAH Enterprise,60,0,60,0,60,0,60,0,60,0,60,0,60,0,60,0,60,0,60,0,60,0,60,0
SDNE01677,AMAN HW STORE,62,0,62,1620,62,0,62,0,62,0,62,0,62,0,62,0,62,0,62,0,62,0,62,0
SDNE01712,RUBUL BIJULIGHAR & HARDWARE ,14,0,14,150,14,0,14,0,14,0,14,0,14,0,14,0,14,0,14,0,14,0,14,0
SDNE01720,SAHIN HARDWARE & ELECTRICAL ,17,0,17,0,17,0,17,0,17,0,17,0,17,0,17,0,17,0,17,0,17,0,17,0
SDNE01722,ASSAM HARDWARE,7,0,7,0,7,0,7,0,7,0,7,0,7,0,7,0,7,0,7,0,7,0,7,0
SDNE01745,NARAYAN ENTERPRISE ,80,0,80,0,80,0,80,0,80,0,80,0,80,0,80,0,80,0,80,0,80,0,80,0
SDNE01787,KUHI HARDWARE (RSSK019),10,0,10,0,10,0,10,0,10,0,10,0,10,0,10,0,10,0,10,0,10,0,10,0
SDNE01807,VISHAL HARDWARE (RSSV001),25,0,25,0,25,0,25,0,25,0,25,0,25,0,25,0,25,0,25,0,25,0,25,0
SDNE01809,BORGOHAIN HARDWARE (RSSB025),5,0,5,0,5,0,5,0,5,0,5,0,5,0,5,0,5,0,5,0,5,0,5,0
SDNE01812,LAKHIMI HARDWARE (BORDOLOI) (RSSL005),30,0,30,0,30,0,30,0,30,0,30,0,30,0,30,0,30,0,30,0,30,0,30,0
SDNE01828,UTTAM CHETRI,60,0,60,0,60,0,60,0,60,0,60,0,60,0,60,0,60,0,60,0,60,0,60,0
SDNE01834,SMITI RINA GHARTI,10,0,10,0,10,0,10,0,10,0,10,0,10,0,10,0,10,0,10,0,10,0,10,0
SDNE01835,B.U. STORES,15,0,15,0,15,0,15,0,15,0,15,0,15,0,15,0,15,0,15,0,15,0,15,0
SDNE01837,MUSSABIR ALI LASKAR,5,0,5,0,5,0,5,0,5,0,5,0,5,0,5,0,5,0,5,0,5,0,5,0
SDNE01839,DANIEL LALRIMGUM JOUTE,80,0,80,0,80,0,80,0,80,0,80,0,80,0,80,0,80,0,80,0,80,0,80,0
SDNE01841,JOYRAM HARDWARE,8,0,8,0,8,0,8,0,8,0,8,0,8,0,8,0,8,0,8,0,8,0,8,0
SDNE01848,SAURAV TIMBER & HARDWARE STORE,40,0,40,0,40,0,40,0,40,0,40,0,40,0,40,0,40,0,40,0,40,0,40,0
SDNE01851,DIBAKAR HARDWARE,25,0,25,0,25,0,25,0,25,0,25,0,25,0,25,0,25,0,25,0,25,0,25,0
SDNE01857,CHAKRABORTY TRADERS,30,0,30,0,30,0,30,0,30,0,30,0,30,0,30,0,30,0,30,0,30,0,30,0
SDNE01864,SHANKAR STORE (RSSS014),49.35,0,49.35,0,49.35,0,49.35,0,49.35,0,49.35,0,49.35,0,49.35,0,49.35,0,49.35,0,49.35,0,49.35,0
SDNE01867,PRADHAN HARDWARE (RSSP003),57.75,0,57.75,0,57.75,0,57.75,0,57.75,0,57.75,0,57.75,0,57.75,0,57.75,0,57.75,0,57.75,0,57.75,0
SDNE01871,TEWARI HARDWARE (RSST039),39.9,0,39.9,0,39.9,0,39.9,0,39.9,0,39.9,0,39.9,0,39.9,0,39.9,0,39.9,0,39.9,0,39.9,0
SDNE01872,MATRI HARDWARE STORE (RSSM143),25,0,25,0,25,0,25,0,25,0,25,0,25,0,25,0,25,0,25,0,25,0,25,0
SDNE01873,CHETRI HARDWARE (RSSC017),9.45,0,9.45,0,9.45,0,9.45,0,9.45,0,9.45,0,9.45,0,9.45,0,9.45,0,9.45,0,9.45,0,9.45,0
SDNE01874,ACHARYA HARDWARE AND ELECTRICAL (RSSA016),23.1,0,23.1,0,23.1,0,23.1,0,23.1,0,23.1,0,23.1,0,23.1,0,23.1,0,23.1,0,23.1,0,23.1,0
SDNE01875,O P STORE (RSSO001),23.1,0,23.1,0,23.1,0,23.1,0,23.1,0,23.1,0,23.1,0,23.1,0,23.1,0,23.1,0,23.1,0,23.1,0
SDNE01878,SHARMA STORE (RSSS015),14.7,0,14.7,0,14.7,0,14.7,0,14.7,0,14.7,0,14.7,0,14.7,0,14.7,0,14.7,0,14.7,0,14.7,0
SDNE01883,JUNAKY HARDWARE (RSSJ042),36.75,0,36.75,0,36.75,0,36.75,0,36.75,0,36.75,0,36.75,0,36.75,0,36.75,0,36.75,0,36.75,0,36.75,0
SDNE01888,ANURADHA ENTERPRISE (RSSA007),50,0,50,0,50,0,50,0,50,0,50,0,50,0,50,0,50,0,50,0,50,0,50,0
SDNE01890,BUILDER CENTRE (RSSB047),14.7,0,14.7,0,14.7,0,14.7,0,14.7,0,14.7,0,14.7,0,14.7,0,14.7,0,14.7,0,14.7,0,14.7,0
SDNE01891,CHOUDHURY ENTERPRISE (RSSC004),50.4,0,50.4,0,50.4,0,50.4,0,50.4,0,50.4,0,50.4,0,50.4,0,50.4,0,50.4,0,50.4,0,50.4,0
SDNE01892,SHYAM STORE (RSSS024),6.3,0,6.3,0,6.3,0,6.3,0,6.3,0,6.3,0,6.3,0,6.3,0,6.3,0,6.3,0,6.3,0,6.3,0
SDNE01893,BARUAH STORE (RSSB045),15,0,15,0,15,0,15,0,15,0,15,0,15,0,15,0,15,0,15,0,15,0,15,0
SDNE01894,BARUAH ENTERPRISE (RSSB010),20,0,20,0,20,0,20,0,20,0,20,0,20,0,20,0,20,0,20,0,20,0,20,0
SDNE01896,TAMANG HARDWARE STORE (RSST012),5.25,0,5.25,0,5.25,0,5.25,0,5.25,0,5.25,0,5.25,0,5.25,0,5.25,0,5.25,0,5.25,0,5.25,0
SDNE01898,GAUHATI HARDWARE STORES (RSSG004),79.8,0,79.8,0,79.8,0,79.8,0,79.8,0,79.8,0,79.8,0,79.8,0,79.8,0,79.8,0,79.8,0,79.8,0
SDNE01899,MOTILAL SOHANLAL (RSSM145),54.6,0,54.6,0,54.6,0,54.6,0,54.6,0,54.6,0,54.6,0,54.6,0,54.6,0,54.6,0,54.6,0,54.6,0
SDNE01900,MAA KALYANI STORE,10.5,0,10.5,0,10.5,0,10.5,0,10.5,0,10.5,0,10.5,0,10.5,0,10.5,0,10.5,0,10.5,0,10.5,0
SDNE01901,SATI STORE (RSSS013),72.45,0,72.45,0,72.45,0,72.45,0,72.45,0,72.45,0,72.45,0,72.45,0,72.45,0,72.45,0,72.45,0,72.45,0
SDNE01904,AGARWAL TRADING (RSSA047),9.45,0,9.45,0,9.45,0,9.45,0,9.45,0,9.45,0,9.45,0,9.45,0,9.45,0,9.45,0,9.45,0,9.45,0
SDNE01905,MAJUMDAR STORE AND MINI RICE MILL (RSSM086),2.1,0,2.1,0,2.1,0,2.1,0,2.1,0,2.1,0,2.1,0,2.1,0,2.1,0,2.1,0,2.1,0,2.1,0
SDNE01907,THUNIKI HARDWARE (RSST038),5.25,0,5.25,0,5.25,0,5.25,0,5.25,0,5.25,0,5.25,0,5.25,0,5.25,0,5.25,0,5.25,0,5.25,0
SDNE01908,NEWAR ENTERPRISE (RSSN003),27.3,0,27.3,0,27.3,0,27.3,0,27.3,0,27.3,0,27.3,0,27.3,0,27.3,0,27.3,0,27.3,0,27.3,0
SDNE01909,GUPTA STORE,8,0,8,0,8,0,8,0,8,0,8,0,8,0,8,0,8,0,8,0,8,0,8,0
SDNE01919,MAA GINI ENTERPEISES (RSSM249),31.5,0,31.5,0,31.5,0,31.5,0,31.5,0,31.5,0,31.5,0,31.5,0,31.5,0,31.5,0,31.5,0,31.5,0
SDNE01921,PABITRA HARDWARE (RSSP002),25.2,0,25.2,0,25.2,0,25.2,0,25.2,0,25.2,0,25.2,0,25.2,0,25.2,0,25.2,0,25.2,0,25.2,0
SDNE01922,NAGSANKAR SAMABAI SAMITTEE LTD (RSSN090),21,0,21,0,21,0,21,0,21,0,21,0,21,0,21,0,21,0,21,0,21,0,21,0
SDNE01924,GOGOI STORE (RSSG024),61.95,0,61.95,0,61.95,0,61.95,0,61.95,0,61.95,0,61.95,0,61.95,0,61.95,0,61.95,0,61.95,0,61.95,0
SDNE01926,JAAN HARDWARE (RSSJ040),7.35,0,7.35,0,7.35,0,7.35,0,7.35,0,7.35,0,7.35,0,7.35,0,7.35,0,7.35,0,7.35,0,7.35,0
SDNE01928,JULEE STORE (RSSJ004),35,0,35,0,35,0,35,0,35,0,35,0,35,0,35,0,35,0,35,0,35,0,35,0
SDNE01929,BORAH BROTHERS,22,0,22,0,22,0,22,0,22,0,22,0,22,0,22,0,22,0,22,0,22,0,22,0
SDNE01931,CHUNNU ENTERPRISE (RSSC003),10.5,0,10.5,0,10.5,0,10.5,0,10.5,0,10.5,0,10.5,0,10.5,0,10.5,0,10.5,0,10.5,0,10.5,0
SDNE01932,ROSHAN HARDWARE,30,0,30,0,30,0,30,0,30,0,30,0,30,0,30,0,30,0,30,0,30,0,30,0
SDNE01933,RAJA STORE (RSSR003),18.9,0,18.9,0,18.9,0,18.9,0,18.9,0,18.9,0,18.9,0,18.9,0,18.9,0,18.9,0,18.9,0,18.9,0
SDNE01935,RAJ HARDWARE (RSSR004),37.8,0,37.8,0,37.8,0,37.8,0,37.8,0,37.8,0,37.8,0,37.8,0,37.8,0,37.8,0,37.8,0,37.8,0
SDNE01939,CHOWDHURY ELECTRICALS (RSSC005),35.7,0,35.7,0,35.7,0,35.7,0,35.7,0,35.7,0,35.7,0,35.7,0,35.7,0,35.7,0,35.7,0,35.7,0
SDNE01940,SIVAM HARDWARE (RSSS012),153.3,0,153.3,0,153.3,0,153.3,0,153.3,0,153.3,0,153.3,0,153.3,0,153.3,0,153.3,0,153.3,0,153.3,0
SDNE01941,SAHU BROTHERS (RSSS016),14.7,0,14.7,0,14.7,0,14.7,0,14.7,0,14.7,0,14.7,0,14.7,0,14.7,0,14.7,0,14.7,0,14.7,0
SDNE01945,S B STORE (RSSS075),36.75,0,36.75,0,36.75,0,36.75,0,36.75,0,36.75,0,36.75,0,36.75,0,36.75,0,36.75,0,36.75,0,36.75,0
SDNE01947,M.K. HARDWARE (BECHIMARI) (RSSM022),20,0,20,300,20,0,20,0,20,0,20,0,20,0,20,0,20,0,20,0,20,0,20,0
SDNE01948,MORIM HARDWARE (RSSM010),17.5,0,17.5,100,17.5,0,17.5,0,17.5,0,17.5,0,17.5,0,17.5,0,17.5,0,17.5,0,17.5,0,17.5,0
SDNE01982,SULTANA HARDWARE (RSSS002),22,0,22,2177,22,0,22,0,22,0,22,0,22,0,22,0,22,0,22,0,22,0,22,0
SDNE01999,SARMAH HARDWARE (RSSS027),10,0,10,200,10,0,10,0,10,0,10,0,10,0,10,0,10,0,10,0,10,0,10,0
SDNE02000,TATI SUPPLY CENTER (RSST002),7.5,0,7.5,99,7.5,0,7.5,0,7.5,0,7.5,0,7.5,0,7.5,0,7.5,0,7.5,0,7.5,0,7.5,0
SDNE02007,ANURADHA ENTERPRISE (HITESH) (RSSA046),15,0,15,550,15,0,15,0,15,0,15,0,15,0,15,0,15,0,15,0,15,0,15,0
SDNE02010,BAPA ENTERPRISE (RSSB077),22,0,22,50,22,0,22,0,22,0,22,0,22,0,22,0,22,0,22,0,22,0,22,0
SDNE02022,M/S MARAL ENTERPRISE (RSSM021),10,0,10,0,10,0,10,0,10,0,10,0,10,0,10,0,10,0,10,0,10,0,10,0
SDNE02028,KALITA ENTERPRISE (PUSPA) (RSSK052),5,0,5,400,5,0,5,0,5,0,5,0,5,0,5,0,5,0,5,0,5,0,5,0
SDNE02029,JYOTI ENTERPRISE (RSSJ001),15,0,15,100,15,0,15,0,15,0,15,0,15,0,15,0,15,0,15,0,15,0,15,0
SDNE02032,BHAI BHAI HARDWARE (DINU) (RSSB260),30,0,30,0,30,0,30,0,30,0,30,0,30,0,30,0,30,0,30,0,30,0,30,0
SDNE02041,M.K.ENTERPRISE (DARRANG) (RSSM096),15,0,15,40,15,0,15,0,15,0,15,0,15,0,15,0,15,0,15,0,15,0,15,0
SDNE02043,ANAMIKA HARDWARE (RSSA005),35,0,35,128,35,0,35,0,35,0,35,0,35,0,35,0,35,0,35,0,35,0,35,0
SDNE02047,N A ENTERPRISE (RSSN005),15,0,15,400,15,0,15,0,15,0,15,0,15,0,15,0,15,0,15,0,15,0,15,0
SDNE02048,BHAGYA STORE (RSSB001),45,0,45,170,45,0,45,0,45,0,45,0,45,0,45,0,45,0,45,0,45,0,45,0
SDNE02051,DEBANATH HARDWARE(RSSD006),15,0,15,0,15,0,15,0,15,0,15,0,15,0,15,0,15,0,15,0,15,0,15,0
SDNE02062,SAIKIA HARDWARE (DALAIPARA) (RSSS006),20,0,20,690,20,0,20,0,20,0,20,0,20,0,20,0,20,0,20,0,20,0,20,0
SDNE02068,NAYAN MONI STORES (RSSN001),32,0,32,0,32,0,32,0,32,0,32,0,32,0,32,0,32,0,32,0,32,0,32,0
SDNE02076,MAA ENTERPRISE (DARRANG) (RSSM097),6,0,6,375,6,0,6,0,6,0,6,0,6,0,6,0,6,0,6,0,6,0,6,0
SDNE02086,DEKA ENTERPRISE (RSSD001),10,0,10,0,10,0,10,0,10,0,10,0,10,0,10,0,10,0,10,0,10,0,10,0
SDNE02093,BABA HARDWARE (RSSB005),60,0,60,100,60,0,60,0,60,0,60,0,60,0,60,0,60,0,60,0,60,0,60,0
SDNE02097,SAHARA ENTERPRISE (RSSS001),12,0,12,340,12,0,12,0,12,0,12,0,12,0,12,0,12,0,12,0,12,0,12,0
SDNE02104,BORA ENTERPRISE (RSSB003),12,0,12,140,12,0,12,0,12,0,12,0,12,0,12,0,12,0,12,0,12,0,12,0
SDNE02110,GOSWAMI HARDWARE (RSSG001),20,0,20,417,20,0,20,0,20,0,20,0,20,0,20,0,20,0,20,0,20,0,20,0
SDNE02122,AZIZ ENTERPRISE (RSSA073),55,0,55,250,55,0,55,0,55,0,55,0,55,0,55,0,55,0,55,0,55,0,55,0
SDNE02123,PATHAK HARDWARE (RSSP005),5,0,5,140,5,0,5,0,5,0,5,0,5,0,5,0,5,0,5,0,5,0,5,0
SDNE02124,SAHARIA BROTHERS (RSSS008),12,0,12,110,12,0,12,0,12,0,12,0,12,0,12,0,12,0,12,0,12,0,12,0
SDNE02125,K J ENTERPRISE (RSSK098),15,0,15,300,15,0,15,0,15,0,15,0,15,0,15,0,15,0,15,0,15,0,15,0
SDNE02134,POKHREL ENTERPRISE (RSSP008),15.75,0,15.75,0,15.75,0,15.75,0,15.75,0,15.75,0,15.75,0,15.75,0,15.75,0,15.75,0,15.75,0,15.75,0
SDNE02135,DEEPA & OM ENTERPRISE (RSSD063),12.6,0,12.6,0,12.6,0,12.6,0,12.6,0,12.6,0,12.6,0,12.6,0,12.6,0,12.6,0,12.6,0,12.6,0
SDNE02136,PRATIMA HARDWARE (DHARMANANDA) (RSSP050),10,0,10,0,10,0,10,0,10,0,10,0,10,0,10,0,10,0,10,0,10,0,10,0
SDNE02138,PRAKASH GEHLOT (RSSP009),50,0,50,0,50,0,50,0,50,0,50,0,50,0,50,0,50,0,50,0,50,0,50,0
SDNE02140,MANSIRI NEW HARDWARE (RSSM012),45,0,45,0,45,0,45,0,45,0,45,0,45,0,45,0,45,0,45,0,45,0,45,0
SDNE02141,NITA SUPPLY CENTER (RSSN088),21,0,21,0,21,0,21,0,21,0,21,0,21,0,21,0,21,0,21,0,21,0,21,0
SDNE02144,BRETHEN STORE (RSSB109),6.3,0,6.3,0,6.3,0,6.3,0,6.3,0,6.3,0,6.3,0,6.3,0,6.3,0,6.3,0,6.3,0,6.3,0
SDNE02147,MARBLE HARDWARE (RSSM015),60,0,60,0,60,0,60,0,60,0,60,0,60,0,60,0,60,0,60,0,60,0,60,0
SDNE02149,LAKHMI ENTERPRISE (RSSL015),22,0,22,0,22,0,22,0,22,0,22,0,22,0,22,0,22,0,22,0,22,0,22,0
SDNE02157,BHUYAN HARDWARE (RSSB046),21,0,21,0,21,0,21,0,21,0,21,0,21,0,21,0,21,0,21,0,21,0,21,0
SDNE02158,JAGDISH PANDIA (RSSJ064),15,0,15,0,15,0,15,0,15,0,15,0,15,0,15,0,15,0,15,0,15,0,15,0
SDNE02160,DAS ENTERPRISE (DULAL) (RSSD105),64.05,0,64.05,0,64.05,0,64.05,0,64.05,0,64.05,0,64.05,0,64.05,0,64.05,0,64.05,0,64.05,0,64.05,0
SDNE02162,AYUB ALI STORE (RSSA014),10,0,10,0,10,0,10,0,10,0,10,0,10,0,10,0,10,0,10,0,10,0,10,0
SDNE02163,GHORAMARI HARDWARE CENTRE (RSSG006),86.1,0,86.1,0,86.1,0,86.1,0,86.1,0,86.1,0,86.1,0,86.1,0,86.1,0,86.1,0,86.1,0,86.1,0
SDNE02166,MANGALAM (RSSM231),15,0,15,0,15,0,15,0,15,0,15,0,15,0,15,0,15,0,15,0,15,0,15,0
SDNE02168,SUMAN AUTO ENTERPRISE (RSSS029),15,0,15,400,15,0,15,0,15,0,15,0,15,0,15,0,15,0,15,0,15,0,15,0
SDNE02171,KALAKUCHI HARDWARE (RSSK023),5,0,5,0,5,0,5,0,5,0,5,0,5,0,5,0,5,0,5,0,5,0,5,0
SDNE02173,SAIKIA HARDWARE (BIHAGURI) (RSSS020),20,0,20,0,20,0,20,0,20,0,20,0,20,0,20,0,20,0,20,0,20,0,20,0
SDNE02176,THREE STAR ENTERPRISE (RSST001),5,0,5,0,5,0,5,0,5,0,5,0,5,0,5,0,5,0,5,0,5,0,5,0
SDNE02177,MANIK HARDWARE (RSSM005),10.5,0,10.5,0,10.5,0,10.5,0,10.5,0,10.5,0,10.5,0,10.5,0,10.5,0,10.5,0,10.5,0,10.5,0
SDNE02180,NUR HARDWARE (RSSN002),24.15,0,24.15,0,24.15,0,24.15,0,24.15,0,24.15,0,24.15,0,24.15,0,24.15,0,24.15,0,24.15,0,24.15,0
SDNE02183,N.C. STORE (RSSN006),48.3,0,48.3,0,48.3,0,48.3,0,48.3,0,48.3,0,48.3,0,48.3,0,48.3,0,48.3,0,48.3,0,48.3,0
SDNE02187,R.K. HARDWARE (RSSR005),6.3,0,6.3,0,6.3,0,6.3,0,6.3,0,6.3,0,6.3,0,6.3,0,6.3,0,6.3,0,6.3,0,6.3,0
SDNE02192,NOOR HARDWARE (NAPAM) (RSSN009),90,0,90,0,90,0,90,0,90,0,90,0,90,0,90,0,90,0,90,0,90,0,90,0
SDNE02193,LAXMI ENTERPRISE (RSSL002),28.35,0,28.35,0,28.35,0,28.35,0,28.35,0,28.35,0,28.35,0,28.35,0,28.35,0,28.35,0,28.35,0,28.35,0
SDNE02194,DEB HARDWARE (RSSD007),13,0,13,0,13,0,13,0,13,0,13,0,13,0,13,0,13,0,13,0,13,0,13,0
SDNE02195,KAMAL HARDWARE (RSSK001),42,0,42,0,42,0,42,0,42,0,42,0,42,0,42,0,42,0,42,0,42,0,42,0
SDNE02196,BORAH ENTERPRISE (HIRANYA) (RSSB195),13.65,0,13.65,0,13.65,0,13.65,0,13.65,0,13.65,0,13.65,0,13.65,0,13.65,0,13.65,0,13.65,0,13.65,0
SDNE02197,BORAH HARDWARE (RSSB008),30,0,30,0,30,0,30,0,30,0,30,0,30,0,30,0,30,0,30,0,30,0,30,0
SDNE02198,HAZARIKA ENTERPRISE (RSSH005),30,0,30,0,30,0,30,0,30,0,30,0,30,0,30,0,30,0,30,0,30,0,30,0
SDNE02200,SANJEEVNI HARDWARE (RSSS019),37.8,0,37.8,0,37.8,0,37.8,0,37.8,0,37.8,0,37.8,0,37.8,0,37.8,0,37.8,0,37.8,0,37.8,0
SDNE02201,GANESH STORES (RSSG002),30,0,30,0,30,0,30,0,30,0,30,0,30,0,30,0,30,0,30,0,30,0,30,0
SDNE02203,R.S. HARDWARE (RSSR002),30,0,30,0,30,0,30,0,30,0,30,0,30,0,30,0,30,0,30,0,30,0,30,0
SDNE02205,B.K.HARDWARE (RSSB007),25,0,25,0,25,0,25,0,25,0,25,0,25,0,25,0,25,0,25,0,25,0,25,0
SDNE02207,KAUSHIK HARDWARE (RSSK002),18.9,0,18.9,0,18.9,0,18.9,0,18.9,0,18.9,0,18.9,0,18.9,0,18.9,0,18.9,0,18.9,0,18.9,0
SDNE02212,RATNESWARI HARDWARE (RSSR032),25,0,25,0,25,0,25,0,25,0,25,0,25,0,25,0,25,0,25,0,25,0,25,0
SDNE02214,NOOR HARDWARE (RSSN008),35,0,35,0,35,0,35,0,35,0,35,0,35,0,35,0,35,0,35,0,35,0,35,0
SDNE02217,SUNIL HARDWARE (RSSS011),9.45,0,9.45,0,9.45,0,9.45,0,9.45,0,9.45,0,9.45,0,9.45,0,9.45,0,9.45,0,9.45,0,9.45,0
SDNE02220,SOMAYA HARDWARE (RSSS025),72.45,0,72.45,0,72.45,0,72.45,0,72.45,0,72.45,0,72.45,0,72.45,0,72.45,0,72.45,0,72.45,0,72.45,0
SDNE02221,ALAM NURSERY (RSSA012),40,0,40,0,40,0,40,0,40,0,40,0,40,0,40,0,40,0,40,0,40,0,40,0
SDNE02222,MANJUSHREE STORE (RSSM013),25,0,25,0,25,0,25,0,25,0,25,0,25,0,25,0,25,0,25,0,25,0,25,0
SDNE02224,K.S. STORES (RSSK003),20,0,20,0,20,0,20,0,20,0,20,0,20,0,20,0,20,0,20,0,20,0,20,0
SDNE02225,MAHALAXMI HARDWARE (RSSM014),25.2,0,25.2,0,25.2,0,25.2,0,25.2,0,25.2,0,25.2,0,25.2,0,25.2,0,25.2,0,25.2,0,25.2,0
SDNE02229,BORA HARDWARE (AMITABH) (RSSB205),15.75,0,15.75,0,15.75,0,15.75,0,15.75,0,15.75,0,15.75,0,15.75,0,15.75,0,15.75,0,15.75,0,15.75,0
SDNE02231,MAHAT ENTERPRISE (RSSM011),15,0,15,0,15,0,15,0,15,0,15,0,15,0,15,0,15,0,15,0,15,0,15,0
SDNE02233,K S HARDWARE (RSSK049),5,0,5,0,5,0,5,0,5,0,5,0,5,0,5,0,5,0,5,0,5,0,5,0
SDNE02238,SAIKIA HARDWARE (DEKARGAON) (RSSS010),30,0,30,0,30,0,30,0,30,0,30,0,30,0,30,0,30,0,30,0,30,0,30,0
SDNE02240,GANPATI HARDWARE (RSSG003),25,0,25,0,25,0,25,0,25,0,25,0,25,0,25,0,25,0,25,0,25,0,25,0
SDNE02241,NIKAMUL HARDWARE (RSSN007),16,0,16,0,16,0,16,0,16,0,16,0,16,0,16,0,16,0,16,0,16,0,16,0
SDNE02243,PAPPU HARDWARE (RSSP006),32.55,0,32.55,0,32.55,0,32.55,0,32.55,0,32.55,0,32.55,0,32.55,0,32.55,0,32.55,0,32.55,0,32.55,0
SDNE02245,PRIYAMBINI STORES (RSSP007),37.8,0,37.8,0,37.8,0,37.8,0,37.8,0,37.8,0,37.8,0,37.8,0,37.8,0,37.8,0,37.8,0,37.8,0
SDNE02246,GUPTA ENTERPRISE (RSSG007),25,0,25,0,25,0,25,0,25,0,25,0,25,0,25,0,25,0,25,0,25,0,25,0
SDNE02251,ALAL HARDWARE (RSSA098),24,0,24,0,24,0,24,0,24,0,24,0,24,0,24,0,24,0,24,0,24,0,24,0
SDNE02254,AZAD TIMBER & HARDWARE (RSSA159),18,0,18,0,18,0,18,0,18,0,18,0,18,0,18,0,18,0,18,0,18,0,18,0
SDNE02261,M S HARDWARE (RSSM165),36,0,36,0,36,0,36,0,36,0,36,0,36,0,36,0,36,0,36,0,36,0,36,0
SDNE02264,PUTU HARDWARE (RSSD072),12,0,12,0,12,0,12,0,12,0,12,0,12,0,12,0,12,0,12,0,12,0,12,0
SDNE02265,RAJ HARDWARE (SHARIFUL) (RSSR075),48,0,48,0,48,0,48,0,48,0,48,0,48,0,48,0,48,0,48,0,48,0,48,0
SDNE02269,CHETIA STORE (RSSC031),42,0,42,0,42,0,42,0,42,0,42,0,42,0,42,0,42,0,42,0,42,0,42,0
SDNE02270,B D ENTERPRISE (RSSB100),77,0,77,0,77,0,77,0,77,0,77,0,77,0,77,0,77,0,77,0,77,0,77,0
SDNE02271,DUTTA ENTERPRISE (JUGAL DUTTA) (RSSD085),63,0,63,0,63,0,63,0,63,0,63,0,63,0,63,0,63,0,63,0,63,0,63,0
SDNE02272,DUTTA STORES DIPEN DUTTA),28,0,28,0,28,0,28,0,28,0,28,0,28,0,28,0,28,0,28,0,28,0,28,0
SDNE02274,KAMALA STORE (RSSK035),120,0,120,0,120,0,120,0,120,0,120,0,120,0,120,0,120,0,120,0,120,0,120,0
SDNE02276,LEKHAN ENTERPRISE (RSSL024),56,0,56,0,56,0,56,0,56,0,56,0,56,0,56,0,56,0,56,0,56,0,56,0
SDNE02277,MAA RANGILI AND BITUPAN STORE (RSSM107),18,0,18,0,18,0,18,0,18,0,18,0,18,0,18,0,18,0,18,0,18,0,18,0
SDNE02285,GOGOI STORE (MUNINDRA) (RSSG038),42,0,42,0,42,0,42,0,42,0,42,0,42,0,42,0,42,0,42,0,42,0,42,0
SDNE02288,K S ENTERPRISE (RSSK037),60,0,60,0,60,0,60,0,60,0,60,0,60,0,60,0,60,0,60,0,60,0,60,0
SDNE02295,BHATTA HARDWARE (RSSB155),24,0,24,0,24,0,24,0,24,0,24,0,24,0,24,0,24,0,24,0,24,0,24,0
SDNE02298,CHANGMAI HARDWARE (GIRISH) (RSSC015),30,0,30,0,30,0,30,0,30,0,30,0,30,0,30,0,30,0,30,0,30,0,30,0
SDNE02303,S N TRADING CO (RSSS091),48,0,48,0,48,0,48,0,48,0,48,0,48,0,48,0,48,0,48,0,48,0,48,0
SDNE02318,BHARTON BHANDAR (RSSB075),24,0,24,0,24,0,24,0,24,0,24,0,24,0,24,0,24,0,24,0,24,0,24,0
SDNE02319,BHUYAN ENTERPRISE (ABHIJIT) (RSSB062),36,0,36,0,36,0,36,0,36,0,36,0,36,0,36,0,36,0,36,0,36,0,36,0
SDNE02324,M H HARDWARE STORE (RSSM117),24,250,24,0,24,0,24,0,24,0,24,0,24,0,24,0,24,0,24,0,24,0,24,0
SDNE02325,HAZARIKA HARDWARE (RSSH049),18,0,18,0,18,0,18,0,18,0,18,0,18,0,18,0,18,0,18,0,18,0,18,0
SDNE02326,K K HARDWARE (RSSK029),48,500,48,0,48,0,48,0,48,0,48,0,48,0,48,0,48,0,48,0,48,0,48,0
SDNE02327,M R HARDWARE (MATIUR) (RSSM100),108,0,108,0,108,0,108,0,108,0,108,0,108,0,108,0,108,0,108,0,108,0,108,0
SDNE02335,SAIKIA HARDWARE (RSSS292),84,350,84,0,84,0,84,0,84,0,84,0,84,0,84,0,84,0,84,0,84,0,84,0
SDNE02337,ISLAM HARDWARE (RSSI008),30,0,30,0,30,0,30,0,30,0,30,0,30,0,30,0,30,0,30,0,30,0,30,0
SDNE02338,SARKAR HARDWARE (RSSS106),54,450,54,0,54,0,54,0,54,0,54,0,54,0,54,0,54,0,54,0,54,0,54,0
SDNE02339,SARMAH STORE (RSSS092),60,300,60,0,60,0,60,0,60,0,60,0,60,0,60,0,60,0,60,0,60,0,60,0
SDNE02349,KHUSHI DIVAS ENTERPRISE (RSSK017),24,0,24,0,24,0,24,0,24,0,24,0,24,0,24,0,24,0,24,0,24,0,24,0
SDNE02357,SHIVOM HARDWARE (RSSS135),18,0,18,0,18,0,18,0,18,0,18,0,18,0,18,0,18,0,18,0,18,0,18,0
SDNE02358,PUBALI HARDWARE (RSSP044),24,0,24,0,24,0,24,0,24,0,24,0,24,0,24,0,24,0,24,0,24,0,24,0
SDNE02368,LAKHI HARDWARE (RSSL011),50.4,0,50.4,0,50.4,0,50.4,0,50.4,0,50.4,0,50.4,0,50.4,0,50.4,0,50.4,0,50.4,0,50.4,0
SDNE02372,MAA PADMESWARI HARDWARE,60,0,60,0,60,0,60,0,60,0,60,0,60,0,60,0,60,0,60,0,60,0,60,0
SDNE02376,P K ENTERPRISE (PAWAN) (RSSP026),18,0,18,0,18,0,18,0,18,0,18,0,18,0,18,0,18,0,18,0,18,0,18,0
SDNE02383,BABUDHAN KALITA HARDAWARE,9.6,0,9.6,0,9.6,0,9.6,0,9.6,0,9.6,0,9.6,0,9.6,0,9.6,0,9.6,0,9.6,0,9.6,0
SDNE02386,BIJOY ENTERPRISE (RSSB042),72,0,72,0,72,0,72,0,72,0,72,0,72,0,72,0,72,0,72,0,72,0,72,0
SDNE02387,DDR HARDWARE (RSSD027),48,0,48,0,48,0,48,0,48,0,48,0,48,0,48,0,48,0,48,0,48,0,48,0
SDNE02388,D.J ENTERPRISE,30,0,30,0,30,0,30,0,30,0,30,0,30,0,30,0,30,0,30,0,30,0,30,0
SDNE02391,DURGA HARDWARE (RSSD028),159.6,0,159.6,0,159.6,0,159.6,0,159.6,0,159.6,0,159.6,0,159.6,0,159.6,0,159.6,0,159.6,0,159.6,0
SDNE02397,DUTTA STORES (RSSD029),18,0,18,0,18,0,18,0,18,0,18,0,18,0,18,0,18,0,18,0,18,0,18,0
SDNE02398,GOGOI HARDWARE (RSSG022),72,0,72,0,72,0,72,0,72,0,72,0,72,0,72,0,72,0,72,0,72,0,72,0
SDNE02399,J K HARDWARE (PARINITA) (RSSJ022),150,1100,150,0,150,0,150,0,150,0,150,0,150,0,150,0,150,0,150,0,150,0,150,0
SDNE02402,KARABI HARDWARE STORE (RSSK030),42,400,42,0,42,0,42,0,42,0,42,0,42,0,42,0,42,0,42,0,42,0,42,0
SDNE02403,B STORE (RSSB234),24,0,24,0,24,0,24,0,24,0,24,0,24,0,24,0,24,0,24,0,24,0,24,0
SDNE02405,JINTU BAILUNG HARDWARE (RSSJ112),24,0,24,0,24,0,24,0,24,0,24,0,24,0,24,0,24,0,24,0,24,0,24,0
SDNE02407,THANURAM GOGOI (RSST016),15.6,0,15.6,0,15.6,0,15.6,0,15.6,0,15.6,0,15.6,0,15.6,0,15.6,0,15.6,0,15.6,0,15.6,0
SDNE02408,AMULYA HARDWARE (RSSA126),36,0,36,0,36,0,36,0,36,0,36,0,36,0,36,0,36,0,36,0,36,0,36,0
SDNE02411,DAIMARY STORE (RSSD061),42,0,42,0,42,0,42,0,42,0,42,0,42,0,42,0,42,0,42,0,42,0,42,0
SDNE02414,KOYU STORE (RSSK047),48,0,48,0,48,0,48,0,48,0,48,0,48,0,48,0,48,0,48,0,48,0,48,0
SDNE02424,ALO HARDWARE (RSSA127),18,0,18,0,18,0,18,0,18,0,18,0,18,0,18,0,18,0,18,0,18,0,18,0
SDNE02427,CHANDANA HARDWRAE (RSSC023),24,0,24,0,24,0,24,0,24,0,24,0,24,0,24,0,24,0,24,0,24,0,24,0
SDNE02428,CHUTIA HARDWARE  (RSSC040),18,0,18,0,18,0,18,0,18,0,18,0,18,0,18,0,18,0,18,0,18,0,18,0
SDNE02430,K SENCHOWA HARDWARE STORE (RSSK046),36,0,36,0,36,0,36,0,36,0,36,0,36,0,36,0,36,0,36,0,36,0,36,0
SDNE02435,ROY HARDWARE (RSSR077),30,0,30,0,30,0,30,0,30,0,30,0,30,0,30,0,30,0,30,0,30,0,30,0
SDNE02436,SANJOY HARDWARE (TELAM) (RSSS134),24,0,24,0,24,0,24,0,24,0,24,0,24,0,24,0,24,0,24,0,24,0,24,0
SDNE02440,BIKI HARDWARE (RSSB102),24,0,24,0,24,0,24,0,24,0,24,0,24,0,24,0,24,0,24,0,24,0,24,0
SDNE02448,MALINI HARDWRAE (RSSM202),42,0,42,0,42,0,42,0,42,0,42,0,42,0,42,0,42,0,42,0,42,0,42,0
SDNE02451,JHA HARDWARE & ELECTRICAL (RSSJ037),6,0,6,0,6,0,6,0,6,0,6,0,6,0,6,0,6,0,6,0,6,0,6,0
SDNE02455,BITUL HARDWARE (RSSB213),12,0,12,0,12,0,12,0,12,0,12,0,12,0,12,0,12,0,12,0,12,0,12,0
SDNE02456,FANCY HARDWARE (RSSF015),18,0,18,0,18,0,18,0,18,0,18,0,18,0,18,0,18,0,18,0,18,0,18,0
SDNE02462,BORA STORE (RSSB231),24,0,24,0,24,0,24,0,24,0,24,0,24,0,24,0,24,0,24,0,24,0,24,0
SDNE02473,DAS HARDWARE STORE (RSSD052),54,0,54,0,54,0,54,0,54,0,54,0,54,0,54,0,54,0,54,0,54,0,54,0
SDNE02476,PRAKASH SAHANI (RSSP033),66,600,66,0,66,0,66,0,66,0,66,0,66,0,66,0,66,0,66,0,66,0,66,0
SDNE02478,MAA HARDWARE STORE (RSSM101),84,500,84,0,84,0,84,0,84,0,84,0,84,0,84,0,84,0,84,0,84,0,84,0
SDNE02482,VIJAY KUMAR HARDWARE (RSSV010),72,0,72,0,72,0,72,0,72,0,72,0,72,0,72,0,72,0,72,0,72,0,72,0
SDNE02495,AGARWALLA STORE (RSSA068),42,0,42,0,42,0,42,0,42,0,42,0,42,0,42,0,42,0,42,0,42,0,42,0
SDNE02496,BINIMOY HARDWARE (RSSB103),48,0,48,0,48,0,48,0,48,0,48,0,48,0,48,0,48,0,48,0,48,0,48,0
SDNE02497,CHANGMAI HARDWARE (RSSC009),288,1600,288,0,288,0,288,0,288,0,288,0,288,0,288,0,288,0,288,0,288,0,288,0
SDNE02502,P C STORE (RSSP034),54,0,54,0,54,0,54,0,54,0,54,0,54,0,54,0,54,0,54,0,54,0,54,0
SDNE02520,LAXMI PLY AND HARDWARE (RSSL019),24,0,24,0,24,0,24,0,24,0,24,0,24,0,24,0,24,0,24,0,24,0,24,0
SDNE02530,PURBANCHAL HARDWARE STORE (RSSP029),30,0,30,0,30,0,30,0,30,0,30,0,30,0,30,0,30,0,30,0,30,0,30,0
SDNE02536,MAYANK HARDWARE (RSSM103),60,0,60,0,60,0,60,0,60,0,60,0,60,0,60,0,60,0,60,0,60,0,60,0
SDNE02539,BHOWAL HARDWARE (RSSB061),42,0,42,0,42,0,42,0,42,0,42,0,42,0,42,0,42,0,42,0,42,0,42,0
SDNE02544,DAS HARDWARE (CHANDRA) (RSSD044),108,0,108,0,108,0,108,0,108,0,108,0,108,0,108,0,108,0,108,0,108,0,108,0
SDNE02550,PHUKAN HARDWARE (RSSP028),102,0,102,0,102,0,102,0,102,0,102,0,102,0,102,0,102,0,102,0,102,0,102,0
SDNE02553,SUBHA CHANDRA DUTTA (RSSS319),36,300,36,0,36,0,36,0,36,0,36,0,36,0,36,0,36,0,36,0,36,0,36,0
SDNE02557,BHUYAN HARDWARE STORES (RSSB121),24,0,24,0,24,0,24,0,24,0,24,0,24,0,24,0,24,0,24,0,24,0,24,0
SDNE02559,BORAH BROTHERS (RSSB122),24,0,24,0,24,0,24,0,24,0,24,0,24,0,24,0,24,0,24,0,24,0,24,0
SDNE02560,BORAH STORE (RSSB063),66,500,66,0,66,0,66,0,66,0,66,0,66,0,66,0,66,0,66,0,66,0,66,0
SDNE02561,SHARMA STORE (RAKESH) (RSSS126),10.8,0,10.8,0,10.8,0,10.8,0,10.8,0,10.8,0,10.8,0,10.8,0,10.8,0,10.8,0,10.8,0,10.8,0
SDNE02567,MANOJ KR MAHESHWARI (RSSM191),18,0,18,0,18,0,18,0,18,0,18,0,18,0,18,0,18,0,18,0,18,0,18,0
SDNE02568,MEGHRAJ MAHESHWARI (RSSM112),78,0,78,0,78,0,78,0,78,0,78,0,78,0,78,0,78,0,78,0,78,0,78,0
SDNE02572,HAZARIKA STORE (RSSH030),42,300,42,0,42,0,42,0,42,0,42,0,42,0,42,0,42,0,42,0,42,0,42,0
SDNE02606,ARUNACHAL TRADERS (RSSA193),70,0,70,0,70,0,70,0,70,0,70,0,70,0,70,0,70,0,70,0,70,0,70,0
SDNE02618,RJJJ ENTERPRISE (RSSR095),100,0,100,0,100,0,100,0,100,0,100,0,100,0,100,0,100,0,100,0,100,0,100,0
SDNE02619,R L STEEL (RSSR094),70,0,70,0,70,0,70,0,70,0,70,0,70,0,70,0,70,0,70,0,70,0,70,0
SDNE02620,R BROTHER & SONS (RSSR093),70,0,70,0,70,0,70,0,70,0,70,0,70,0,70,0,70,0,70,0,70,0,70,0
SDNE02657,BORAH HARDWARE (NAKUL) (RSSB125),3.266666667,0,3.266666667,0,3.266666667,0,3.266666667,0,3.266666667,0,3.266666667,0,3.266666667,0,3.266666667,0,3.266666667,0,3.266666667,0,3.266666667,0,3.266666667,0
SDNE02675,BORAH HARDWARE & SUPPLIERS (RSSB124),5.288888889,0,5.288888889,0,5.288888889,0,5.288888889,0,5.288888889,0,5.288888889,0,5.288888889,0,5.288888889,0,5.288888889,0,5.288888889,0,5.288888889,0,5.288888889,0
SDNE02682,BEE HARDWARE STORES (RSSB204),132.8444444,0,132.8444444,0,132.8444444,0,132.8444444,0,132.8444444,0,132.8444444,0,132.8444444,0,132.8444444,0,132.8444444,0,132.8444444,0,132.8444444,0,132.8444444,0
SDNE02701,SUJA HARDWARE & ELECTRICAL (RSSS283),14,0,14,0,14,0,14,0,14,0,14,0,14,0,14,0,14,0,14,0,14,0,14,0
SDNE02731,JAIN HARDWARE STORES (RSSJ051),97.22222222,0,97.22222222,0,97.22222222,0,97.22222222,0,97.22222222,0,97.22222222,0,97.22222222,0,97.22222222,0,97.22222222,0,97.22222222,0,97.22222222,0,97.22222222,0
SDNE02761,RAJEN STORES (RSS),31.5,0,31.5,0,31.5,0,31.5,0,31.5,0,31.5,0,31.5,0,31.5,0,31.5,0,31.5,0,31.5,0,31.5,0
SDNE02769,MUSKAN HARDWARE STORE (RSSM171),10,0,10,0,10,0,10,0,10,0,10,0,10,0,10,0,10,0,10,0,10,0,10,0
SDNE02817,NIKHITA HARDWARE (RSSN056),28,0,28,0,28,0,28,0,28,0,28,0,28,0,28,0,28,0,28,0,28,0,28,0
SDNE02826,SHREE LAXMI STORE (RSSS242),40,0,40,1200,40,0,40,0,40,0,40,0,40,0,40,0,40,0,40,0,40,0,40,0
SDNE02827,SINGH STORE (DEEP) (RSSS206),118.1444444,0,118.1444444,0,118.1444444,0,118.1444444,0,118.1444444,0,118.1444444,0,118.1444444,0,118.1444444,0,118.1444444,0,118.1444444,0,118.1444444,0,118.1444444,0
SDNE02829,A. K. ENTERPRISE,36.55555556,0,36.55555556,0,36.55555556,0,36.55555556,0,36.55555556,0,36.55555556,0,36.55555556,0,36.55555556,0,36.55555556,0,36.55555556,0,36.55555556,0,36.55555556,0
SDNE02839,MAHANTA HARDWARE & GROCERY,62.53333333,0,62.53333333,0,62.53333333,0,62.53333333,0,62.53333333,0,62.53333333,0,62.53333333,0,62.53333333,0,62.53333333,0,62.53333333,0,62.53333333,0,62.53333333,0
SDNE02842,SHREE SHYAM STEEL (RSS),36.86666667,0,36.86666667,0,36.86666667,0,36.86666667,0,36.86666667,0,36.86666667,0,36.86666667,0,36.86666667,0,36.86666667,0,36.86666667,0,36.86666667,0,36.86666667,0
SDNE02870,BORAH HARDWARE (HITESWAR) (RSSB123),15,0,15,0,15,0,15,0,15,0,15,0,15,0,15,0,15,0,15,0,15,0,15,0
SDNE02871,DURGA ISPAT (RSSD162),15,0,15,0,15,0,15,0,15,0,15,0,15,0,15,0,15,0,15,0,15,0,15,0
SDNE02887,MARUTI INDUSTRIES (RSSM287),20,0,20,0,20,0,20,0,20,0,20,0,20,0,20,0,20,0,20,0,20,0,20,0
SDNE02893,SUMAN AGARWALA(SAME COUNTER ASHOK AGARWAL,10,0,10,0,10,0,10,0,10,0,10,0,10,0,10,0,10,0,10,0,10,0,10,0
SDNE02895,NIRANJAN KHANDAIT,15,0,15,0,15,0,15,0,15,0,15,0,15,0,15,0,15,0,15,0,15,0,15,0
SDNE02900,DURGA HARDWARE & ELECTRICALS (RSSD069),50,0,50,0,50,0,50,0,50,0,50,0,50,0,50,0,50,0,50,0,50,0,50,0
SDNE02911,SANJU HARDWARE (RSSS171),10,0,10,0,10,0,10,0,10,0,10,0,10,0,10,0,10,0,10,0,10,0,10,0
SDNE02919,MONALISHA HARDWARE (RSSM170),10,0,10,0,10,0,10,0,10,0,10,0,10,0,10,0,10,0,10,0,10,0,10,0
SDNE02920,SARASWATI STORE (RSSS355),10,0,10,0,10,0,10,0,10,0,10,0,10,0,10,0,10,0,10,0,10,0,10,0
SDNE02927,ASSAM HARDWARE & ELECTRICAL STORES (RSSA184),30,0,30,450,30,0,30,0,30,0,30,0,30,0,30,0,30,0,30,0,30,0,30,0
SDNE02932,MAHABIR HARDWARE & ELECTRICAL (RSSM197),60,0,60,760,60,0,60,0,60,0,60,0,60,0,60,0,60,0,60,0,60,0,60,0
SDNE02933,MOHAN HARDWARE (RSSM195),25,0,25,555,25,0,25,0,25,0,25,0,25,0,25,0,25,0,25,0,25,0,25,0
SDNE02934,RAJU HARDWARE STORE (RSSR092),10,0,10,0,10,0,10,0,10,0,10,0,10,0,10,0,10,0,10,0,10,0,10,0
SDNE02935,BORTHAKUR HARDWARE (RSSB216),18,0,18,310,18,0,18,0,18,0,18,0,18,0,18,0,18,0,18,0,18,0,18,0
SDNE02937,BORAH ENTERPRISE (RSSB147),18,0,18,0,18,0,18,0,18,0,18,0,18,0,18,0,18,0,18,0,18,0,18,0
SDNE02938,GOGOI HARDWARE (ANADA) (RSSG051),25,0,25,550,25,0,25,0,25,0,25,0,25,0,25,0,25,0,25,0,25,0,25,0
SDNE02939,BAJARANG TRADERS (RSSB119),15,0,15,130,15,0,15,0,15,0,15,0,15,0,15,0,15,0,15,0,15,0,15,0
SDNE02941,MAA STORE (KISHORE) (RSSM167),15,0,15,205,15,0,15,0,15,0,15,0,15,0,15,0,15,0,15,0,15,0,15,0
SDNE02942,MAA LAXMI HARDWARE (RATUL) (RSSM166),30,0,30,600,30,0,30,0,30,0,30,0,30,0,30,0,30,0,30,0,30,0,30,0
SDNE02948,TANTI HARDWARE STORES (RSST041),18,0,18,0,18,0,18,0,18,0,18,0,18,0,18,0,18,0,18,0,18,0,18,0
SDNE02953,HAZARIKA HARDWARE STORE (RSSH029),15,0,15,50,15,0,15,0,15,0,15,0,15,0,15,0,15,0,15,0,15,0,15,0
SDNE02956,SUMIT STORE (RSSS204),100,0,100,0,100,0,100,0,100,0,100,0,100,0,100,0,100,0,100,0,100,0,100,0
SDNE02957,SUSHIL HARDWARE & TOOLS (RSSS208),70,0,70,0,70,0,70,0,70,0,70,0,70,0,70,0,70,0,70,0,70,0,70,0
SDNE02966,D B HARDWARE STORES (RSSD087),20,0,20,0,20,0,20,0,20,0,20,0,20,0,20,0,20,0,20,0,20,0,20,0
SDNE02982,KHAKHOLIA HARDWARE STORE (RSSK075),60,0,60,0,60,0,60,0,60,0,60,0,60,0,60,0,60,0,60,0,60,0,60,0
SDNE02987,CHETIA TRADERS,15,0,15,0,15,0,15,0,15,0,15,0,15,0,15,0,15,0,15,0,15,0,15,0
SDNE02989,LOHIT ENTERPRISE (RSSL043),20,0,20,300,20,0,20,0,20,0,20,0,20,0,20,0,20,0,20,0,20,0,20,0
SDNE02992,KAZIRANGA HARDWARE (RSSK089),20,0,20,0,20,0,20,0,20,0,20,0,20,0,20,0,20,0,20,0,20,0,20,0
SDNE02995,BHAGWATI TRADING,60,0,60,0,60,0,60,0,60,0,60,0,60,0,60,0,60,0,60,0,60,0,60,0
SDNE02999,SANGAM ENTERPRISE (RSSS123),30,0,30,0,30,0,30,0,30,0,30,0,30,0,30,0,30,0,30,0,30,0,30,0
SDNE03000,R.P. HARDWARE,10,0,10,0,10,0,10,0,10,0,10,0,10,0,10,0,10,0,10,0,10,0,10,0
SDNE03001,AGARWAL HARDWARE (OMPRAKASH) (RSSA247),30,0,30,0,30,0,30,0,30,0,30,0,30,0,30,0,30,0,30,0,30,0,30,0
SDNE03010,K.D STEEL,30,0,30,0,30,0,30,0,30,0,30,0,30,0,30,0,30,0,30,0,30,0,30,0
SDNE03016,M.K .HARDWARE,60,0,60,0,60,0,60,0,60,0,60,0,60,0,60,0,60,0,60,0,60,0,60,0
SDNE03017,MAHESWARI HARDWARE STORES (RSSM131),40,0,40,0,40,0,40,0,40,0,40,0,40,0,40,0,40,0,40,0,40,0,40,0
SDNE03022,B S STORES (RSSB089),40,0,40,0,40,0,40,0,40,0,40,0,40,0,40,0,40,0,40,0,40,0,40,0
SDNE03023,GOHAIN HARDWARE,20,0,20,0,20,0,20,0,20,0,20,0,20,0,20,0,20,0,20,0,20,0,20,0
SDNE03024,AKASH ENTERPRISE,50,0,50,0,50,0,50,0,50,0,50,0,50,0,50,0,50,0,50,0,50,0,50,0
SDNE03034,JAY SHREE TRADING CO.,40,0,40,0,40,0,40,0,40,0,40,0,40,0,40,0,40,0,40,0,40,0,40,0
SDNE03035,P.P ENTERPRISE,20,0,20,0,20,0,20,0,20,0,20,0,20,0,20,0,20,0,20,0,20,0,20,0
SDNE03038,PANKAJ STORES,20,0,20,0,20,0,20,0,20,0,20,0,20,0,20,0,20,0,20,0,20,0,20,0
SDNE03085,NAMRUP TRADERS,30,0,30,0,30,0,30,0,30,0,30,0,30,0,30,0,30,0,30,0,30,0,30,0
SDNE03123,DUTTA HARDWARE (DEBABRATA) (RSSD119),30,0,30,0,30,0,30,0,30,0,30,0,30,0,30,0,30,0,30,0,30,0,30,0
SDNE03144,RUBUL HARDWARE,30,0,30,0,30,0,30,0,30,0,30,0,30,0,30,0,30,0,30,0,30,0,30,0
SDNE03163,DILIP DEBNATH (RSSD146),18,0,18,0,18,0,18,0,18,0,18,0,18,0,18,0,18,0,18,0,18,0,18,0
SDNE03167,JOYRAM ENTERPRISE (SUKANTA) (RSSJ100),45,0,45,0,45,0,45,0,45,0,45,0,45,0,45,0,45,0,45,0,45,0,45,0
SDNE03171,KALPANA ENTERPRISE (RSSK118),40,0,40,0,40,0,40,0,40,0,40,0,40,0,40,0,40,0,40,0,40,0,40,0
SDNE03172,KHAGENDRA CHANDRA DAS (RSSK102),19,0,19,0,19,0,19,0,19,0,19,0,19,0,19,0,19,0,19,0,19,0,19,0
SDNE03177,MINATI TRADING CO. (RSSM347),40,0,40,0,40,0,40,0,40,0,40,0,40,0,40,0,40,0,40,0,40,0,40,0
SDNE03178,BISWA RANJAN PAUL (RSSB208),35,0,35,0,35,0,35,0,35,0,35,0,35,0,35,0,35,0,35,0,35,0,35,0
SDNE03181,MALINA TRADERS (RSSM263),50,0,50,0,50,0,50,0,50,0,50,0,50,0,50,0,50,0,50,0,50,0,50,0
SDNE03186,SHIBANANDA CEMENT CENTER (RSSS346),20,0,20,0,20,0,20,0,20,0,20,0,20,0,20,0,20,0,20,0,20,0,20,0
SDNE03190,TRIPURA TRADE CENTRE (RSST055),5,0,5,0,5,0,5,0,5,0,5,0,5,0,5,0,5,0,5,0,5,0,5,0
SDNE03215,CHAKRABORTY TRADERS (NIBEDITA) (RSSC043),45,0,45,0,45,0,45,0,45,0,45,0,45,0,45,0,45,0,45,0,45,0,45,0
SDNE03216,D.K ENTERPRISE (RSSD149),2.5,0,2.5,0,2.5,0,2.5,0,2.5,0,2.5,0,2.5,0,2.5,0,2.5,0,2.5,0,2.5,0,2.5,0
SDNE03220,HIMANGSHU PAUL (RSSH055),35,0,35,0,35,0,35,0,35,0,35,0,35,0,35,0,35,0,35,0,35,0,35,0
SDNE03221,JOY GURU ENTERPRISE (DEBASHIS) (RSSJ105),12,0,12,0,12,0,12,0,12,0,12,0,12,0,12,0,12,0,12,0,12,0,12,0
SDNE03236,SOURIYA CEMENT MART (RSSS295),22,0,22,0,22,0,22,0,22,0,22,0,22,0,22,0,22,0,22,0,22,0,22,0
SDNE03275,DEBNATH CARRYING CENTRE (RSSD116),15,0,15,0,15,0,15,0,15,0,15,0,15,0,15,0,15,0,15,0,15,0,15,0
SDNE03280,SATYENDRA SARKAR (RSSS408),12,0,12,0,12,0,12,0,12,0,12,0,12,0,12,0,12,0,12,0,12,0,12,0
SDNE03286,SRIPARNA ENTERPRISE (RSSS337),18,0,18,0,18,0,18,0,18,0,18,0,18,0,18,0,18,0,18,0,18,0,18,0
SDNE03287,JOYGURU HARDWARE (NARESH) (RSSJ116),23,0,23,0,23,0,23,0,23,0,23,0,23,0,23,0,23,0,23,0,23,0,23,0
SDNE03301,BABA LOKNATH IRON STORE AND CEMENT HOUSE (RSSB209),8,0,8,0,8,0,8,0,8,0,8,0,8,0,8,0,8,0,8,0,8,0,8,0
SDNE03378,SUBRATA DAS (RSSS338),50,0,50,0,50,0,50,0,50,0,50,0,50,0,50,0,50,0,50,0,50,0,50,0
SDNE03380,SWARUPANANDA HARDWARE AND ELECTRICAL (RSSS384),25,0,25,0,25,0,25,0,25,0,25,0,25,0,25,0,25,0,25,0,25,0,25,0
SDNE03526,DATTA HARDWARE (RSSD122),45,0,45,0,45,0,45,0,45,0,45,0,45,0,45,0,45,0,45,0,45,0,45,0
SDNE03541,BISWAS COLOUR & HARDWARE (RSSB232),12,0,12,0,12,0,12,0,12,0,12,0,12,0,12,0,12,0,12,0,12,0,12,0
SDNE03587,ADI SRIKRISHNA H/W,30,0,30,0,30,0,30,0,30,0,30,0,30,0,30,0,30,0,30,0,30,0,30,0
SDNE03592,M/S MAHENDRA CHANDRA DEB,38,0,38,0,38,0,38,0,38,0,38,0,38,0,38,0,38,0,38,0,38,0,38,0
SDNE03607,SAHA VARIETIES,16,0,16,0,16,0,16,0,16,0,16,0,16,0,16,0,16,0,16,0,16,0,16,0
SDNE03612,KAMALESWARI ENTERPRISE,15,0,15,0,15,0,15,0,15,0,15,0,15,0,15,0,15,0,15,0,15,0,15,0
SDNE03614,RAJA STORE,10,0,10,0,10,0,10,0,10,0,10,0,10,0,10,0,10,0,10,0,10,0,10,0
SDNE03617,SREE DURGA HARDWARE,15,0,15,0,15,0,15,0,15,0,15,0,15,0,15,0,15,0,15,0,15,0,15,0
SDNE03618,JABA HARDWARE,115,0,115,0,115,0,115,0,115,0,115,0,115,0,115,0,115,0,115,0,115,0,115,0
SDNE03620,SHEPRA HARDWARE ,70,0,70,0,70,0,70,0,70,0,70,0,70,0,70,0,70,0,70,0,70,0,70,0
SDNE03638,RADHARAMAN STORES,10,0,10,0,10,0,10,0,10,0,10,0,10,0,10,0,10,0,10,0,10,0,10,0
SDNE03647,TINA ENTERPRISE,43,0,43,0,43,0,43,0,43,0,43,0,43,0,43,0,43,0,43,0,43,0,43,0
SDNE03650,DEBNATH HARDWARE,6,0,6,0,6,0,6,0,6,0,6,0,6,0,6,0,6,0,6,0,6,0,6,0
SDNE03651,L.N.ENTERPRISE,24,0,24,0,24,0,24,0,24,0,24,0,24,0,24,0,24,0,24,0,24,0,24,0
SDNE03652,NEW LAXMI BHANDER,13,0,13,0,13,0,13,0,13,0,13,0,13,0,13,0,13,0,13,0,13,0,13,0
SDNE03663,MD RAJU MIAH,15,0,15,0,15,0,15,0,15,0,15,0,15,0,15,0,15,0,15,0,15,0,15,0
SDNE03665,GLOBAL TRADERS,45,0,45,0,45,0,45,0,45,0,45,0,45,0,45,0,45,0,45,0,45,0,45,0
SDNE03668,IMDHADIYA HARDWARE,6,0,6,0,6,0,6,0,6,0,6,0,6,0,6,0,6,0,6,0,6,0,6,0
SDNE03670,KUSUM STORES,14,0,14,0,14,0,14,0,14,0,14,0,14,0,14,0,14,0,14,0,14,0,14,0
SDNE03673,REXONA HARDWARES & VARITIES,7,0,7,0,7,0,7,0,7,0,7,0,7,0,7,0,7,0,7,0,7,0,7,0
SDNE03675,SIDDASBARI HARDWARE,20,0,20,0,20,0,20,0,20,0,20,0,20,0,20,0,20,0,20,0,20,0,20,0
SDNE03679,SHREE LAXMI HARDWARE,8,0,8,0,8,0,8,0,8,0,8,0,8,0,8,0,8,0,8,0,8,0,8,0
SDNE03682,DIPANKAR GHOSH,8,0,8,0,8,0,8,0,8,0,8,0,8,0,8,0,8,0,8,0,8,0,8,0
SDNE03686,PAL ENTERPRISE,10,0,10,0,10,0,10,0,10,0,10,0,10,0,10,0,10,0,10,0,10,0,10,0
SDNE03692,MAYA HARDWARE,25,0,25,0,25,0,25,0,25,0,25,0,25,0,25,0,25,0,25,0,25,0,25,0
SDNE03699,LOKNATH HARDWARE,18,0,18,0,18,0,18,0,18,0,18,0,18,0,18,0,18,0,18,0,18,0,18,0
SDNE03701,MINARA TRADERS,16,0,16,0,16,0,16,0,16,0,16,0,16,0,16,0,16,0,16,0,16,0,16,0
SDNE03702,NIBASINI HARDWARE,11,0,11,0,11,0,11,0,11,0,11,0,11,0,11,0,11,0,11,0,11,0,11,0
SDNE03703,PURNIMA HARDWARE,9,0,9,0,9,0,9,0,9,0,9,0,9,0,9,0,9,0,9,0,9,0,9,0
SDNE03707,LAXMI NARAYAN STORE,60,0,60,0,60,0,60,0,60,0,60,0,60,0,60,0,60,0,60,0,60,0,60,0
SDNE03777,AZIZ HARDWARE (RSSA180),11,0,11,0,11,0,11,0,11,0,11,0,11,0,11,0,11,0,11,0,11,0,11,0
SDNE03789,B C TRADERS (RSSB134),11,0,11,0,11,0,11,0,11,0,11,0,11,0,11,0,11,0,11,0,11,0,11,0
SDNE03826,NEW SANTOSHIMAA ENTERPRISE (RSSN064),10.89,0,10.89,0,10.89,0,10.89,0,10.89,0,10.89,0,10.89,0,10.89,0,10.89,0,10.89,0,10.89,0,10.89,0
SDNE03828,S M HARDWARE (REJAUL) (RSSS277),22,0,22,0,22,0,22,0,22,0,22,0,22,0,22,0,22,0,22,0,22,0,22,0
SDNE03829,STEEL TRADERS (RSSS198),11,0,11,0,11,0,11,0,11,0,11,0,11,0,11,0,11,0,11,0,11,0,11,0
SDNE03833,FASHION HARDWARE (RSSF016),16.5,0,16.5,0,16.5,0,16.5,0,16.5,0,16.5,0,16.5,0,16.5,0,16.5,0,16.5,0,16.5,0,16.5,0
SDNE03845,SANDHAYA TRADERS,38.5,0,38.5,0,38.5,0,38.5,0,38.5,0,38.5,0,38.5,0,38.5,0,38.5,0,38.5,0,38.5,0,38.5,0
SDNE03851,G R F HARDWARE (RSSG065),10.89,0,10.89,0,10.89,0,10.89,0,10.89,0,10.89,0,10.89,0,10.89,0,10.89,0,10.89,0,10.89,0,10.89,0
SDNE03870,CHOUDHURY HARDWARE (NAZIR) (RSSC036),11,0,11,0,11,0,11,0,11,0,11,0,11,0,11,0,11,0,11,0,11,0,11,0
SDNE03882,SRINATH ENTERPRISE (RSSS351),22,0,22,0,22,0,22,0,22,0,22,0,22,0,22,0,22,0,22,0,22,0,22,0
SDNE03893,DILIP CHANDRA DEY (RSSD082),10.89,0,10.89,0,10.89,0,10.89,0,10.89,0,10.89,0,10.89,0,10.89,0,10.89,0,10.89,0,10.89,0,10.89,0
SDNE03894,DHAR ENTERPRISE (RSSD081),22,0,22,0,22,0,22,0,22,0,22,0,22,0,22,0,22,0,22,0,22,0,22,0
SDNE03897,APURBA ENTERPRISE (RSSA218),22,0,22,0,22,0,22,0,22,0,22,0,22,0,22,0,22,0,22,0,22,0,22,0
SDNE03900,SHIBRAJ TRADERS (RSSS304),27.5,0,27.5,0,27.5,0,27.5,0,27.5,0,27.5,0,27.5,0,27.5,0,27.5,0,27.5,0,27.5,0,27.5,0
SDNE03901,R C ENTERPRISE (RSSR105),27.5,0,27.5,0,27.5,0,27.5,0,27.5,0,27.5,0,27.5,0,27.5,0,27.5,0,27.5,0,27.5,0,27.5,0
SDNE03903,ABHINOY CHUTIA (RSSA188),27.5,0,27.5,0,27.5,0,27.5,0,27.5,0,27.5,0,27.5,0,27.5,0,27.5,0,27.5,0,27.5,0,27.5,0
SDNE03916,B TRADERS (RSSB255),16.5,0,16.5,0,16.5,0,16.5,0,16.5,0,16.5,0,16.5,0,16.5,0,16.5,0,16.5,0,16.5,0,16.5,0
SDNE03918,MAA DURGA TRADERS (RSSM217),22,0,22,0,22,0,22,0,22,0,22,0,22,0,22,0,22,0,22,0,22,0,22,0
SDNE03919,PANDEY HARDWARE (RSSP053),33,0,33,0,33,0,33,0,33,0,33,0,33,0,33,0,33,0,33,0,33,0,33,0
SDNE03937,SANKARI ENTERPRISE (RSSS191),27.5,0,27.5,0,27.5,0,27.5,0,27.5,0,27.5,0,27.5,0,27.5,0,27.5,0,27.5,0,27.5,0,27.5,0
SDNE03944,MEHER TRADING (RSSM338),22,0,22,0,22,0,22,0,22,0,22,0,22,0,22,0,22,0,22,0,22,0,22,0
SDNE03951,LASKAR TRADERS (AMIN) (RSSL071),27.5,0,27.5,0,27.5,0,27.5,0,27.5,0,27.5,0,27.5,0,27.5,0,27.5,0,27.5,0,27.5,0,27.5,0
SDNE03956,CEMENT CORNER (RSSC026),49.5,0,49.5,0,49.5,0,49.5,0,49.5,0,49.5,0,49.5,0,49.5,0,49.5,0,49.5,0,49.5,0,49.5,0
SDNE03957,AVIJIT ROY (RSSA147),22,0,22,0,22,0,22,0,22,0,22,0,22,0,22,0,22,0,22,0,22,0,22,0
SDNE03959,SURESH CHANDRA PAUL (RSSS245),22,0,22,0,22,0,22,0,22,0,22,0,22,0,22,0,22,0,22,0,22,0,22,0
SDNE03974,JOYGURU STORES (RSSJ119),16.5,0,16.5,0,16.5,0,16.5,0,16.5,0,16.5,0,16.5,0,16.5,0,16.5,0,16.5,0,16.5,0,16.5,0
SDNE03979,COnSUMER SERVICE CENTRE (RSSC022),22,0,22,0,22,0,22,0,22,0,22,0,22,0,22,0,22,0,22,0,22,0,22,0
SDNE03985,BHARAT TRADERS (RSSB141),22,0,22,0,22,0,22,0,22,0,22,0,22,0,22,0,22,0,22,0,22,0,22,0
SDNE03986,BHARAT STEEL (RSSB169),22,0,22,0,22,0,22,0,22,0,22,0,22,0,22,0,22,0,22,0,22,0,22,0
SDNE03997,RATNA HARDWARE (RSSR089),21.78,0,21.78,0,21.78,0,21.78,0,21.78,0,21.78,0,21.78,0,21.78,0,21.78,0,21.78,0,21.78,0,21.78,0
SDNE03998,RAJA DUMP (RSSR084),22,0,22,0,22,0,22,0,22,0,22,0,22,0,22,0,22,0,22,0,22,0,22,0
SDNE04012,BISHOWARI CEMENT CENTRE (RSSB181),27.5,0,27.5,0,27.5,0,27.5,0,27.5,0,27.5,0,27.5,0,27.5,0,27.5,0,27.5,0,27.5,0,27.5,0
SDNE04014,BHAI BHAI TRADERS (RSSB282),11,0,11,0,11,0,11,0,11,0,11,0,11,0,11,0,11,0,11,0,11,0,11,0
SDNE04017,MOUSUMI ENTERPRISE (RSSM190),27.5,0,27.5,0,27.5,0,27.5,0,27.5,0,27.5,0,27.5,0,27.5,0,27.5,0,27.5,0,27.5,0,27.5,0
SDNE04025,JYOTI ENTERPRISE (DIDHER) (RSSJ131),27.5,0,27.5,0,27.5,0,27.5,0,27.5,0,27.5,0,27.5,0,27.5,0,27.5,0,27.5,0,27.5,0,27.5,0
SDNE04030,BARBHUIYA ENTERPRISE (RSSB105),22,0,22,0,22,0,22,0,22,0,22,0,22,0,22,0,22,0,22,0,22,0,22,0
SDNE04031,ASSAM STEEL (RSSA213),44,0,44,0,44,0,44,0,44,0,44,0,44,0,44,0,44,0,44,0,44,0,44,0
SDNE04039,SANTOSHI HARDWARE (RSSS172),22,0,22,0,22,0,22,0,22,0,22,0,22,0,22,0,22,0,22,0,22,0,22,0
SDNE04050,LOKENATH HARDWARE (RSSL042),22,0,22,0,22,0,22,0,22,0,22,0,22,0,22,0,22,0,22,0,22,0,22,0
SDNE04051,HAJI HARDWARE (RSSH041),22,0,22,0,22,0,22,0,22,0,22,0,22,0,22,0,22,0,22,0,22,0,22,0
SDNE04056,MAA LAXMI HARDWARE (BADRI) (RSSM218),16.5,0,16.5,0,16.5,0,16.5,0,16.5,0,16.5,0,16.5,0,16.5,0,16.5,0,16.5,0,16.5,0,16.5,0
SDNE04060,BHAI BHAI HARDWARE (ABDUL) (RSSB140),27.72,0,27.72,0,27.72,0,27.72,0,27.72,0,27.72,0,27.72,0,27.72,0,27.72,0,27.72,0,27.72,0,27.72,0
SDNE04069,S A TRADERS (RSSS147),27.5,0,27.5,0,27.5,0,27.5,0,27.5,0,27.5,0,27.5,0,27.5,0,27.5,0,27.5,0,27.5,0,27.5,0
SDNE04081,SHIVALAY TRADERS (RSSS362),16.5,0,16.5,0,16.5,0,16.5,0,16.5,0,16.5,0,16.5,0,16.5,0,16.5,0,16.5,0,16.5,0,16.5,0
SDNE04087,JAGANNATH HARDWARE (RSSJ097),16.5,0,16.5,0,16.5,0,16.5,0,16.5,0,16.5,0,16.5,0,16.5,0,16.5,0,16.5,0,16.5,0,16.5,0
SDNE04089,GREEN HARDWARE (RSSG076),22,0,22,0,22,0,22,0,22,0,22,0,22,0,22,0,22,0,22,0,22,0,22,0
SDNE04100,MAA SARADA TRADING (RSSM340),25.245,0,25.245,0,25.245,0,25.245,0,25.245,0,25.245,0,25.245,0,25.245,0,25.245,0,25.245,0,25.245,0,25.245,0
SDNE04103,B M TRADRERS (RSSB136),16.5,0,16.5,0,16.5,0,16.5,0,16.5,0,16.5,0,16.5,0,16.5,0,16.5,0,16.5,0,16.5,0,16.5,0
SDNE04111,A M HARDWARE (RSSA148),33,0,33,0,33,0,33,0,33,0,33,0,33,0,33,0,33,0,33,0,33,0,33,0
SDNE04192,NAJMUL HUSSAIN MAJHARBHUIYA,11,0,11,0,11,0,11,0,11,0,11,0,11,0,11,0,11,0,11,0,11,0,11,0
SDNE04135,MAZARBHUIYA TRADING (RSSM394),11,0,11,0,11,0,11,0,11,0,11,0,11,0,11,0,11,0,11,0,11,0,11,0
SDNE04136,N S TRADING (RSSN082),22,0,22,0,22,0,22,0,22,0,22,0,22,0,22,0,22,0,22,0,22,0,22,0
SDNE04149,BARBHUIYA TRADERS (ZAKIR) (RSSB277),38.5,0,38.5,0,38.5,0,38.5,0,38.5,0,38.5,0,38.5,0,38.5,0,38.5,0,38.5,0,38.5,0,38.5,0
SDNE04165,NATIONAL TRADERS (RSSN079),11,0,11,0,11,0,11,0,11,0,11,0,11,0,11,0,11,0,11,0,11,0,11,0
SDNE04166,BAHARUL ISLAM MAZUMDER,16.5,0,16.5,0,16.5,0,16.5,0,16.5,0,16.5,0,16.5,0,16.5,0,16.5,0,16.5,0,16.5,0,16.5,0
SDNE04173,ROYAL TRADING (RSSR194),22,0,22,0,22,0,22,0,22,0,22,0,22,0,22,0,22,0,22,0,22,0,22,0
SDNE04185,MAZUMDER HARDWARE (RSSM220),16.5,0,16.5,0,16.5,0,16.5,0,16.5,0,16.5,0,16.5,0,16.5,0,16.5,0,16.5,0,16.5,0,16.5,0
SDNE04188,KOHINOOR TRADERS (RSSK108),11,0,11,0,11,0,11,0,11,0,11,0,11,0,11,0,11,0,11,0,11,0,11,0
SDNE04202,ASAN UDDIN (RSSA182),11,0,11,0,11,0,11,0,11,0,11,0,11,0,11,0,11,0,11,0,11,0,11,0
SDNE04226,N S HARDWARE (RSSN061),5.5,0,5.5,0,5.5,0,5.5,0,5.5,0,5.5,0,5.5,0,5.5,0,5.5,0,5.5,0,5.5,0,5.5,0
SDNE04227,PARBIN HARDWARE (RSSP083),22,0,22,0,22,0,22,0,22,0,22,0,22,0,22,0,22,0,22,0,22,0,22,0
SDNE04249,JASMIN TRADERS (RSSJ039),11,0,11,0,11,0,11,0,11,0,11,0,11,0,11,0,11,0,11,0,11,0,11,0
SDNE04250,LUCKY TRADERS (RSSL049),11,0,11,0,11,0,11,0,11,0,11,0,11,0,11,0,11,0,11,0,11,0,11,0
SDNE04257,SHYAMAL KUMAR DEB (RSSS177),11,0,11,0,11,0,11,0,11,0,11,0,11,0,11,0,11,0,11,0,11,0,11,0
SDNE04269,STAR HARDWARE (RSSS146),27.5,0,27.5,0,27.5,0,27.5,0,27.5,0,27.5,0,27.5,0,27.5,0,27.5,0,27.5,0,27.5,0,27.5,0
SDNE04279,MUNNA HARDWARE (AZIR) (RSSM308),5.5,0,5.5,0,5.5,0,5.5,0,5.5,0,5.5,0,5.5,0,5.5,0,5.5,0,5.5,0,5.5,0,5.5,0
SDNE04294,NANDITA TRADERS (RSSN078),11,0,11,0,11,0,11,0,11,0,11,0,11,0,11,0,11,0,11,0,11,0,11,0
SDNE04305,DEB HARDWARE (DIPU) (RSSD068),27.5,0,27.5,0,27.5,0,27.5,0,27.5,0,27.5,0,27.5,0,27.5,0,27.5,0,27.5,0,27.5,0,27.5,0
SDNE04315,N.H. HARDWARE (RSSN118),38.5,0,38.5,0,38.5,0,38.5,0,38.5,0,38.5,0,38.5,0,38.5,0,38.5,0,38.5,0,38.5,0,38.5,0
SDNE04320,SAMS UDDIN MAZUMDER (RSSS286),22,0,22,0,22,0,22,0,22,0,22,0,22,0,22,0,22,0,22,0,22,0,22,0
SDNE04326,RIYAJ BROTHERS (RSSR209),22,0,22,0,22,0,22,0,22,0,22,0,22,0,22,0,22,0,22,0,22,0,22,0
SDNE04327,SHAW ENTERPRISE (RSSS278),22,0,22,0,22,0,22,0,22,0,22,0,22,0,22,0,22,0,22,0,22,0,22,0
SDNE04334,ISLAM UDDIN (RSSI017),16.5,0,16.5,0,16.5,0,16.5,0,16.5,0,16.5,0,16.5,0,16.5,0,16.5,0,16.5,0,16.5,0,16.5,0
SDNE04338,M H STORE (RSSM137),22,0,22,0,22,0,22,0,22,0,22,0,22,0,22,0,22,0,22,0,22,0,22,0
SDNE04343,UJJALA HARDWARE (RSSU009),22,0,22,0,22,0,22,0,22,0,22,0,22,0,22,0,22,0,22,0,22,0,22,0
SDNE04344,DUTTA HARDWARE (AJOY) (RSSD099),22,0,22,0,22,0,22,0,22,0,22,0,22,0,22,0,22,0,22,0,22,0,22,0
SDNE04370,PRADIP PAUL (RSSP049),16.5,0,16.5,0,16.5,0,16.5,0,16.5,0,16.5,0,16.5,0,16.5,0,16.5,0,16.5,0,16.5,0,16.5,0
SDNE04385,BARBHUIYA HARDWARE (RSSB138),27.5,0,27.5,0,27.5,0,27.5,0,27.5,0,27.5,0,27.5,0,27.5,0,27.5,0,27.5,0,27.5,0,27.5,0
SDNE04391,MISBAUL HAQUE BARBHUIYA (RSSM189),33,0,33,0,33,0,33,0,33,0,33,0,33,0,33,0,33,0,33,0,33,0,33,0
SDNE04411,BISHAL HARDWARE (RSSB170),16.83,0,16.83,0,16.83,0,16.83,0,16.83,0,16.83,0,16.83,0,16.83,0,16.83,0,16.83,0,16.83,0,16.83,0
SDNE04422,C R DAS & SONS HARDWARE (RSSC046),11.385,0,11.385,0,11.385,0,11.385,0,11.385,0,11.385,0,11.385,0,11.385,0,11.385,0,11.385,0,11.385,0,11.385,0
SDNE04434,LALMOHAN TRADERS (RSSL025),11,0,11,0,11,0,11,0,11,0,11,0,11,0,11,0,11,0,11,0,11,0,11,0
SDNE04449,M R HARDWARE (RONIK) (RSSM138),22,0,22,0,22,0,22,0,22,0,22,0,22,0,22,0,22,0,22,0,22,0,22,0
SDNE04456,JAMIA STORES (RSSJ118),33,0,33,0,33,0,33,0,33,0,33,0,33,0,33,0,33,0,33,0,33,0,33,0
SDNE04457,K D TRADING (RSSK093),27.5,0,27.5,0,27.5,0,27.5,0,27.5,0,27.5,0,27.5,0,27.5,0,27.5,0,27.5,0,27.5,0,27.5,0
SDNE04465,NAG BROTHERS (RSSN103),22,0,22,0,22,0,22,0,22,0,22,0,22,0,22,0,22,0,22,0,22,0,22,0
SDNE04467,NIDHU SEN (RSSN045),27.5,0,27.5,0,27.5,0,27.5,0,27.5,0,27.5,0,27.5,0,27.5,0,27.5,0,27.5,0,27.5,0,27.5,0
SDNE04472,RANJIT KUMAR BANIK (RSSR062),33,0,33,0,33,0,33,0,33,0,33,0,33,0,33,0,33,0,33,0,33,0,33,0
SDNE04479,ALTAF HUSSAIN BARBHUIYA (RSSA171),16.5,0,16.5,0,16.5,0,16.5,0,16.5,0,16.5,0,16.5,0,16.5,0,16.5,0,16.5,0,16.5,0,16.5,0
SDNE04487,RADHAKRISHNA TRADING (RSSR176),22,0,22,0,22,0,22,0,22,0,22,0,22,0,22,0,22,0,22,0,22,0,22,0
SDNE04491,LASKAR TRADERS (ISLAM) (RSSL038),22,0,22,0,22,0,22,0,22,0,22,0,22,0,22,0,22,0,22,0,22,0,22,0
SDNE04494,DAS TRADERS (MIHIR) (RSSD133),38.5,0,38.5,0,38.5,0,38.5,0,38.5,0,38.5,0,38.5,0,38.5,0,38.5,0,38.5,0,38.5,0,38.5,0
SDNE04498,RAJA TRADERS (RSSR191),22,0,22,0,22,0,22,0,22,0,22,0,22,0,22,0,22,0,22,0,22,0,22,0
SDNE04503,SALMAN HARDWARE (RSSS240),4.95,0,4.95,0,4.95,0,4.95,0,4.95,0,4.95,0,4.95,0,4.95,0,4.95,0,4.95,0,4.95,0,4.95,0
SDNE04511,GULSHAN TRADING (RSSG079),11,0,11,0,11,0,11,0,11,0,11,0,11,0,11,0,11,0,11,0,11,0,11,0
SDNE04512,LASKAR TRADERS (HUSSAIN) (RSSL073),5.5,0,5.5,0,5.5,0,5.5,0,5.5,0,5.5,0,5.5,0,5.5,0,5.5,0,5.5,0,5.5,0,5.5,0
SDNE04513,JATAN ENTERPRISE (RSSJ055),11,0,11,0,11,0,11,0,11,0,11,0,11,0,11,0,11,0,11,0,11,0,11,0
SDNE04516,MAZUMDER TRADERS (NOSIR) (RSSM360),11,0,11,0,11,0,11,0,11,0,11,0,11,0,11,0,11,0,11,0,11,0,11,0
SDNE04522,PRABHA GLASS HOUSE (RSSP104),4.95,0,4.95,0,4.95,0,4.95,0,4.95,0,4.95,0,4.95,0,4.95,0,4.95,0,4.95,0,4.95,0,4.95,0
SDNE04524,SAUVIK PAUL (RSSS329),16.5,0,16.5,0,16.5,0,16.5,0,16.5,0,16.5,0,16.5,0,16.5,0,16.5,0,16.5,0,16.5,0,16.5,0
SDNE04533,JAYANTA HARDWARE (JAYANTA) (RSSJ056),16.5,0,16.5,0,16.5,0,16.5,0,16.5,0,16.5,0,16.5,0,16.5,0,16.5,0,16.5,0,16.5,0,16.5,0
SDNE04547,HUSSAIN STORES (RSSH065),16.5,0,16.5,0,16.5,0,16.5,0,16.5,0,16.5,0,16.5,0,16.5,0,16.5,0,16.5,0,16.5,0,16.5,0
SDNE04577,M MYLLIEM (RSSM271),25,0,25,0,25,0,25,0,25,0,25,0,25,0,25,0,25,0,25,0,25,0,25,0
SDNE04588,J K HARDWARE (RSSJ111),15,0,15,0,15,0,15,0,15,0,15,0,15,0,15,0,15,0,15,0,15,0,15,0
SDNE04591,L PYNGROPE HARDWARE (RSSL032),23,0,23,0,23,0,23,0,23,0,23,0,23,0,23,0,23,0,23,0,23,0,23,0
SDNE04594,N SHANPRU (RSSN091),55,0,55,0,55,0,55,0,55,0,55,0,55,0,55,0,55,0,55,0,55,0,55,0
SDNE04598,B KHARBANGNGAR,15,0,15,0,15,0,15,0,15,0,15,0,15,0,15,0,15,0,15,0,15,0,15,0
SDNE04616,M BAMON,18,0,18,0,18,0,18,0,18,0,18,0,18,0,18,0,18,0,18,0,18,0,18,0
SDNE04617,D M MAWLEIN (RSSD107),15,0,15,0,15,0,15,0,15,0,15,0,15,0,15,0,15,0,15,0,15,0,15,0
SDNE04621,K S B SYIEM (RSSK080),32,0,32,0,32,0,32,0,32,0,32,0,32,0,32,0,32,0,32,0,32,0,32,0
SDNE04623,M KHARMUMNUID (RSSM314),23,0,23,0,23,0,23,0,23,0,23,0,23,0,23,0,23,0,23,0,23,0,23,0
SDNE04631,S.THABAH (RSSS353),12,0,12,0,12,0,12,0,12,0,12,0,12,0,12,0,12,0,12,0,12,0,12,0
SDNE04638,KHYLLEP ENTERPRISE (RSSK107),27,0,27,0,27,0,27,0,27,0,27,0,27,0,27,0,27,0,27,0,27,0,27,0
SDNE04653,M SOHKHWAI,10,0,10,0,10,0,10,0,10,0,10,0,10,0,10,0,10,0,10,0,10,0,10,0
SDNE04664,NANGSAN HARDWARE,17,0,17,0,17,0,17,0,17,0,17,0,17,0,17,0,17,0,17,0,17,0,17,0
SDNE04681,S DKHAR (RSSS236),25,0,25,0,25,0,25,0,25,0,25,0,25,0,25,0,25,0,25,0,25,0,25,0
SDNE04686,R NONGSIEJ (RSSR113),23,0,23,0,23,0,23,0,23,0,23,0,23,0,23,0,23,0,23,0,23,0,23,0
SDNE04692,K K DEWSAW (RSSK063),15,0,15,0,15,0,15,0,15,0,15,0,15,0,15,0,15,0,15,0,15,0,15,0
SDNE04694,M K NONGSIEJ (RSSM193),23,0,23,0,23,0,23,0,23,0,23,0,23,0,23,0,23,0,23,0,23,0,23,0
SDNE04697,K LYNGDOH (RSSK077),22,0,22,0,22,0,22,0,22,0,22,0,22,0,22,0,22,0,22,0,22,0,22,0
SDNE04698,P NONGSIEJ (RSSP076),12,0,12,0,12,0,12,0,12,0,12,0,12,0,12,0,12,0,12,0,12,0,12,0
SDNE04704,KRENLY K DEWSAW (RSSK064),15,0,15,0,15,0,15,0,15,0,15,0,15,0,15,0,15,0,15,0,15,0,15,0
SDNE04730,KOLINA LYNGKHOI (RSSK078),90,0,90,0,90,0,90,0,90,0,90,0,90,0,90,0,90,0,90,0,90,0,90,0
SDNE04731,MORA NONGPHUD (RSSM216),38,0,38,0,38,0,38,0,38,0,38,0,38,0,38,0,38,0,38,0,38,0,38,0
SDNE04735,STAN NONGRUM (RSSS237),15,0,15,0,15,0,15,0,15,0,15,0,15,0,15,0,15,0,15,0,15,0,15,0
SDNE04743,TWILBIOLIN MARTHONG (RSST034),38,0,38,0,38,0,38,0,38,0,38,0,38,0,38,0,38,0,38,0,38,0,38,0
SDNE04754,TARIANG BROTHER (RSST056),26,0,26,0,26,0,26,0,26,0,26,0,26,0,26,0,26,0,26,0,26,0,26,0
SDNE04756,B.M ENTERPRISE (RSSB173),32,0,32,0,32,0,32,0,32,0,32,0,32,0,32,0,32,0,32,0,32,0,32,0
SDNE04769,BALAJI HARDWARE (HARI) (RSSB174),10,0,10,0,10,0,10,0,10,0,10,0,10,0,10,0,10,0,10,0,10,0,10,0
SDNE04776,S K HARDWARE (RSSS258),12,0,12,0,12,0,12,0,12,0,12,0,12,0,12,0,12,0,12,0,12,0,12,0
SDNE04783,PAKYNTEIN HARDWARE (RSSP086),42,0,42,0,42,0,42,0,42,0,42,0,42,0,42,0,42,0,42,0,42,0,42,0
SDNE04784,POMULA HARDWARE (RSSP064),20,0,20,0,20,0,20,0,20,0,20,0,20,0,20,0,20,0,20,0,20,0,20,0
SDNE04796,UMATI STORE (RSSU010),32,0,32,0,32,0,32,0,32,0,32,0,32,0,32,0,32,0,32,0,32,0,32,0
SDNE08650,KHUMAN ENTERPRISES,20,0,20,0,20,0,20,0,20,0,20,0,20,0,20,0,20,0,20,0,20,0,20,0
SDNE04805,KHUMAN ENTERPRISE (RSSK117),40,0,40,0,40,0,40,0,40,0,40,0,40,0,40,0,40,0,40,0,40,0,40,0
SDNE04813,YAI TRADERS (RSSY003),100,680,100,0,100,0,100,0,100,0,100,0,100,0,100,0,100,0,100,0,100,0,100,0
SDNE04816,DS ENTERPRISES (RSSD053),320,0,320,0,320,0,320,0,320,0,320,0,320,0,320,0,320,0,320,0,320,0,320,0
SDNE04831,KESHO ENTERPRISES (RSSK058),20,0,20,0,20,0,20,0,20,0,20,0,20,0,20,0,20,0,20,0,20,0,20,0
SDNE04832,KN SONS VARIETY STORE (RSSK042),20,0,20,0,20,0,20,0,20,0,20,0,20,0,20,0,20,0,20,0,20,0,20,0
SDNE04847,ANIL HARDWARE (RSSA122),30,0,30,0,30,0,30,0,30,0,30,0,30,0,30,0,30,0,30,0,30,0,30,0
SDNE04851,KOUBRU STEEL (RSSK115),26,0,26,0,26,0,26,0,26,0,26,0,26,0,26,0,26,0,26,0,26,0,26,0
SDNE04855,GUNGUN ENTERPRISES (RSSG029),420,0,420,0,420,0,420,0,420,0,420,0,420,0,420,0,420,0,420,0,420,0,420,0
SDNE04856,OK JS SONS ENTERPRISE (RSSO002),450,1860,450,0,450,0,450,0,450,0,450,0,450,0,450,0,450,0,450,0,450,0,450,0
SDNE04858,A SAKA AND SONS (RSSA062),350,0,350,0,350,0,350,0,350,0,350,0,350,0,350,0,350,0,350,0,350,0,350,0
SDNE04859,RK BROTHERS ENTERPRISES (RSSR044),80,340,80,0,80,0,80,0,80,0,80,0,80,0,80,0,80,0,80,0,80,0,80,0
SDNE04862,E K ENTERPRISES (RSSE007),250,0,250,0,250,0,250,0,250,0,250,0,250,0,250,0,250,0,250,0,250,0,250,0
SDNE04882,M M TRADER (RSSM125),85,0,85,0,85,0,85,0,85,0,85,0,85,0,85,0,85,0,85,0,85,0,85,0
SDNE04891,STAR ENTERPRISES (RSSS109),17,0,17,0,17,0,17,0,17,0,17,0,17,0,17,0,17,0,17,0,17,0,17,0
SDNE04892,A B HARDWARE (RSSA061),40,0,40,0,40,0,40,0,40,0,40,0,40,0,40,0,40,0,40,0,40,0,40,0
SDNE04895,RAJU HARDWARES (RSSR087),17,0,17,0,17,0,17,0,17,0,17,0,17,0,17,0,17,0,17,0,17,0,17,0
SDNE04897,SHREE GANESH STEEL (RSSS118),140,0,140,0,140,0,140,0,140,0,140,0,140,0,140,0,140,0,140,0,140,0,140,0
SDNE04902,K T ENTERPRISES (RSSK040),260,800,260,0,260,0,260,0,260,0,260,0,260,0,260,0,260,0,260,0,260,0,260,0
SDNE04911,RK SONS STEEL STORE (RSSR090),25,400,25,0,25,0,25,0,25,0,25,0,25,0,25,0,25,0,25,0,25,0,25,0
SDNE04912,RINGKU HARDWARE (HANGLEM) (RSSR049),80,0,80,0,80,0,80,0,80,0,80,0,80,0,80,0,80,0,80,0,80,0,80,0
SDNE04950,DHANESHWORI TRADER (RSSD141),70,0,70,0,70,0,70,0,70,0,70,0,70,0,70,0,70,0,70,0,70,0,70,0
SDNE04962,TIDDIM STEEL (RSST017),100,0,100,0,100,0,100,0,100,0,100,0,100,0,100,0,100,0,100,0,100,0,100,0
SDNE04970,L B STEEL HOUSE (RSSL020),70,0,70,0,70,0,70,0,70,0,70,0,70,0,70,0,70,0,70,0,70,0,70,0
SDNE04975,L MUHINDRO HARDWARE STORE (RSSL034),39,0,39,0,39,0,39,0,39,0,39,0,39,0,39,0,39,0,39,0,39,0,39,0
SDNE04978,SEEMA AGENCY (RSSS193),25,0,25,0,25,0,25,0,25,0,25,0,25,0,25,0,25,0,25,0,25,0,25,0
SDNE04990,SHARAT STEEL & HARDWARE (RSSS107),40,0,40,0,40,0,40,0,40,0,40,0,40,0,40,0,40,0,40,0,40,0,40,0
SDNE05024,ROHIT IRON STORE (RSSR050),70,0,70,0,70,0,70,0,70,0,70,0,70,0,70,0,70,0,70,0,70,0,70,0
SDNE05025,SAPAM HARDWARE AND STEEL STORE (RSSS192),7,0,7,0,7,0,7,0,7,0,7,0,7,0,7,0,7,0,7,0,7,0,7,0
SDNE05036,G M ENTERPRISES (RSSG048),85,0,85,0,85,0,85,0,85,0,85,0,85,0,85,0,85,0,85,0,85,0,85,0
SDNE05038,J K ENTERPRISES (RSSJ031),100,0,100,0,100,0,100,0,100,0,100,0,100,0,100,0,100,0,100,0,100,0,100,0
SDNE05039,K T STEEL (RSSK041),35,0,35,0,35,0,35,0,35,0,35,0,35,0,35,0,35,0,35,0,35,0,35,0
SDNE05045,MUAN CEMENT AND STEEL (RSSM302),25,0,25,0,25,0,25,0,25,0,25,0,25,0,25,0,25,0,25,0,25,0,25,0
SDNE05058,VENGNUAM ENTERPRISE (RSSV008),40,0,40,0,40,0,40,0,40,0,40,0,40,0,40,0,40,0,40,0,40,0,40,0
SDNE05071,I J CEMENT STEEL & HARDWARE (RSSI024),40,0,40,0,40,0,40,0,40,0,40,0,40,0,40,0,40,0,40,0,40,0,40,0
SDNE05073,JENT HOUSE (RSSJ057),37,0,37,0,37,0,37,0,37,0,37,0,37,0,37,0,37,0,37,0,37,0,37,0
SDNE05075,SHANTI YENG ENTERPRISES (RSSS195),30,0,30,0,30,0,30,0,30,0,30,0,30,0,30,0,30,0,30,0,30,0,30,0
SDNE05271,MANIK HARDWARE (MAINUL) (RSSM102),96,480,96,0,96,0,96,0,96,0,96,0,96,0,96,0,96,0,96,0,96,0,96,0
SDNE05275,BABA STORE (RSSB101),21,0,21,0,21,0,21,0,21,0,21,0,21,0,21,0,21,0,21,0,21,0,21,0
SDNE05287,SAHU STORE (RSSS129),72,500,72,0,72,0,72,0,72,0,72,0,72,0,72,0,72,0,72,0,72,0,72,0
SDNE05291,DAS STORE (RSSD045),156,400,156,0,156,0,156,0,156,0,156,0,156,0,156,0,156,0,156,0,156,0,156,0
SDNE05363,RUPAHI HARDWARE,21,0,21,0,21,0,21,0,21,0,21,0,21,0,21,0,21,0,21,0,21,0,21,0
SDNE05365,OM SHREE HARDWARE (RSSO006),5,0,5,0,5,0,5,0,5,0,5,0,5,0,5,0,5,0,5,0,5,0,5,0
SDNE05366,I ALI STORE (RSSI003),10,0,10,0,10,0,10,0,10,0,10,0,10,0,10,0,10,0,10,0,10,0,10,0
SDNE05367,MAMATA STORE (RSSM020),1.05,0,1.05,0,1.05,0,1.05,0,1.05,0,1.05,0,1.05,0,1.05,0,1.05,0,1.05,0,1.05,0,1.05,0
SDNE05370,SONITPUR HARDWARE (RSSS026),19.95,0,19.95,0,19.95,0,19.95,0,19.95,0,19.95,0,19.95,0,19.95,0,19.95,0,19.95,0,19.95,0,19.95,0
SDNE05372,ISAAN HARDWARE (RSSI001),5,0,5,0,5,0,5,0,5,0,5,0,5,0,5,0,5,0,5,0,5,0,5,0
SDNE05376,J.K. ENTERPRISE (RSSJ005),30,0,30,0,30,0,30,0,30,0,30,0,30,0,30,0,30,0,30,0,30,0,30,0
SDNE05377,BANIA HARDWARE STORE (RSSB194),10,0,10,0,10,0,10,0,10,0,10,0,10,0,10,0,10,0,10,0,10,0,10,0
SDNE05378,PRATIMA HARDWARE (JAYANTA) (RSSP051),14.7,0,14.7,0,14.7,0,14.7,0,14.7,0,14.7,0,14.7,0,14.7,0,14.7,0,14.7,0,14.7,0,14.7,0
SDNE05379,GOGOI HARDWARE & KRISHI BHANDAR (RSSG043),39.51111111,0,39.51111111,0,39.51111111,0,39.51111111,0,39.51111111,0,39.51111111,0,39.51111111,0,39.51111111,0,39.51111111,0,39.51111111,0,39.51111111,0,39.51111111,0
SDNE05380,DURGA HARDWARE (DIPLU) (RSSD070),33.05555556,0,33.05555556,0,33.05555556,0,33.05555556,0,33.05555556,0,33.05555556,0,33.05555556,0,33.05555556,0,33.05555556,0,33.05555556,0,33.05555556,0,33.05555556,0
SDNE05382,BAJRANG HARDWARE (RSSB164),67.19222222,0,67.19222222,0,67.19222222,0,67.19222222,0,67.19222222,0,67.19222222,0,67.19222222,0,67.19222222,0,67.19222222,0,67.19222222,0,67.19222222,0,67.19222222,0
SDNE05383,MAHESWARI HARDWARE STORES (RUCHIT) (RSSM169),37.95555556,0,37.95555556,0,37.95555556,0,37.95555556,0,37.95555556,0,37.95555556,0,37.95555556,0,37.95555556,0,37.95555556,0,37.95555556,0,37.95555556,0,37.95555556,0
SDNE05386,RPS ENTERPRISE (RSSR109),70,0,70,798,70,0,70,0,70,0,70,0,70,0,70,0,70,0,70,0,70,0,70,0
SDNE05400,TRIDEV HARDWARE STORE (RSST030),80.88888889,0,80.88888889,0,80.88888889,0,80.88888889,0,80.88888889,0,80.88888889,0,80.88888889,0,80.88888889,0,80.88888889,0,80.88888889,0,80.88888889,0,80.88888889,0
SDNE05405,MAA HARDWARE STORE (DIMPUL) (RSSM242),41.37777778,0,41.37777778,0,41.37777778,0,41.37777778,0,41.37777778,0,41.37777778,0,41.37777778,0,41.37777778,0,41.37777778,0,41.37777778,0,41.37777778,0,41.37777778,0
SDNE05423, SRI BALAJI HARDWARE,4.2,0,4.2,0,4.2,0,4.2,0,4.2,0,4.2,0,4.2,0,4.2,0,4.2,0,4.2,0,4.2,0,4.2,0
SDNE05425,SANGAM STEEL & CEMENT CENTRE,8.244444444,0,8.244444444,0,8.244444444,0,8.244444444,0,8.244444444,0,8.244444444,0,8.244444444,0,8.244444444,0,8.244444444,0,8.244444444,0,8.244444444,0,8.244444444,0
SDNE05448,KAZI JAHAN HARDWARE (RSSK104),22,0,22,0,22,0,22,0,22,0,22,0,22,0,22,0,22,0,22,0,22,0,22,0
SDNE05451,NATH HARDWARE (ABHIJIT) (RSSN063),22,0,22,0,22,0,22,0,22,0,22,0,22,0,22,0,22,0,22,0,22,0,22,0
SDNE05455,M A TRADERS (RSSM186),44,0,44,0,44,0,44,0,44,0,44,0,44,0,44,0,44,0,44,0,44,0,44,0
SDNE05479,ANIL TRADERS (RSSA123),33,0,33,0,33,0,33,0,33,0,33,0,33,0,33,0,33,0,33,0,33,0,33,0
SDNE05480,LASKAR TRADERS (TUTA) (RSSL040),77,0,77,0,77,0,77,0,77,0,77,0,77,0,77,0,77,0,77,0,77,0,77,0
SDNE05482,MAZUMDER HARDWARE (FAKRUL) (RSSM252),33,0,33,0,33,0,33,0,33,0,33,0,33,0,33,0,33,0,33,0,33,0,33,0
SDNE05490,SAJJAN KUMAR AGARWAL (RSS),15,0,15,0,15,0,15,0,15,0,15,0,15,0,15,0,15,0,15,0,15,0,15,0
SDNE05508,MAA HARDWARE,30,0,30,500,30,0,30,0,30,0,30,0,30,0,30,0,30,0,30,0,30,0,30,0
SDNE05514,SUDARSHAN HARDWARE,5,0,5,100,5,0,5,0,5,0,5,0,5,0,5,0,5,0,5,0,5,0,5,0
SDNE05518,LAXMI HARDWARE,12,0,12,0,12,0,12,0,12,0,12,0,12,0,12,0,12,0,12,0,12,0,12,0
SDNE05519,G.D. HARDWARE,20,0,20,0,20,0,20,0,20,0,20,0,20,0,20,0,20,0,20,0,20,0,20,0
SDNE05535,BOLMIKI HARDWARE,6,0,6,0,6,0,6,0,6,0,6,0,6,0,6,0,6,0,6,0,6,0,6,0
SDNE05561,HANUMAN HARDWARE,10,0,10,0,10,0,10,0,10,0,10,0,10,0,10,0,10,0,10,0,10,0,10,0
SDNE05567,SIDDHI VINAYAK HARDWARE (RSSS285),15,0,15,0,15,0,15,0,15,0,15,0,15,0,15,0,15,0,15,0,15,0,15,0
SDNE05569,ABHIJIT HARDWARE ,12,0,12,0,12,0,12,0,12,0,12,0,12,0,12,0,12,0,12,0,12,0,12,0
SDNE05576,MABAVA HARDWARE,10,0,10,0,10,0,10,0,10,0,10,0,10,0,10,0,10,0,10,0,10,0,10,0
SDNE05580,G R HARDWARE ,40,0,40,300,40,0,40,0,40,0,40,0,40,0,40,0,40,0,40,0,40,0,40,0
SDNE05581,G N K ENTERPRISE ,5,0,5,0,5,0,5,0,5,0,5,0,5,0,5,0,5,0,5,0,5,0,5,0
SDNE05582,HERO HARDWARE ,45,0,45,0,45,0,45,0,45,0,45,0,45,0,45,0,45,0,45,0,45,0,45,0
SDNE05583,DEEPAK HARDWARE ,10,0,10,250,10,0,10,0,10,0,10,0,10,0,10,0,10,0,10,0,10,0,10,0
SDNE05590,PA ENTERPRISE,3,0,3,0,3,0,3,0,3,0,3,0,3,0,3,0,3,0,3,0,3,0,3,0
SDNE05596,DEKA STORE ,20,0,20,0,20,0,20,0,20,0,20,0,20,0,20,0,20,0,20,0,20,0,20,0
SDNE05605,BALAJI HARDWARE,7,0,7,0,7,0,7,0,7,0,7,0,7,0,7,0,7,0,7,0,7,0,7,0
SDNE05607,POPULAR HARDWARE,40,0,40,0,40,0,40,0,40,0,40,0,40,0,40,0,40,0,40,0,40,0,40,0
SDNE05617,MEGHALI HARDWARE & STEEL FABRICATION (RSSM062),20,0,20,0,20,0,20,0,20,0,20,0,20,0,20,0,20,0,20,0,20,0,20,0
SDNE05623,S ISLAM HARDWARE ,20,0,20,0,20,0,20,0,20,0,20,0,20,0,20,0,20,0,20,0,20,0,20,0
SDNE05631,GOPAL HARDWARE ,15,0,15,150,15,0,15,0,15,0,15,0,15,0,15,0,15,0,15,0,15,0,15,0
SDNE05632,MAHENDRA HARDWARE ,22,0,22,200,22,0,22,0,22,0,22,0,22,0,22,0,22,0,22,0,22,0,22,0
SDNE05633,JUNMONI KHUNMONI HARDWARE ,10,0,10,0,10,0,10,0,10,0,10,0,10,0,10,0,10,0,10,0,10,0,10,0
SDNE05634,NEW LAXMI Hardware,5,0,5,0,5,0,5,0,5,0,5,0,5,0,5,0,5,0,5,0,5,0,5,0
SDNE05646,RASARAJ ENTERPRISE ,10,0,10,0,10,0,10,0,10,0,10,0,10,0,10,0,10,0,10,0,10,0,10,0
SDNE05652,JAMUNA HARDWARE,15,0,15,100,15,0,15,0,15,0,15,0,15,0,15,0,15,0,15,0,15,0,15,0
SDNE05657,ANIK HARDWARE,30,0,30,340,30,0,30,0,30,0,30,0,30,0,30,0,30,0,30,0,30,0,30,0
SDNE05659,ANKIT HARDWARE,20,0,20,100,20,0,20,0,20,0,20,0,20,0,20,0,20,0,20,0,20,0,20,0
SDNE05665,PURANIGUDAM HARDWARE (RSSP032),10,0,10,0,10,0,10,0,10,0,10,0,10,0,10,0,10,0,10,0,10,0,10,0
SDNE05674,CHOWDHURY HARDWARE,12,0,12,0,12,0,12,0,12,0,12,0,12,0,12,0,12,0,12,0,12,0,12,0
SDNE05681,SARMA HARDWARE (PREM) ,10,0,10,30,10,0,10,0,10,0,10,0,10,0,10,0,10,0,10,0,10,0,10,0
SDNE05684,JANANI HARDWARE ,5,0,5,0,5,0,5,0,5,0,5,0,5,0,5,0,5,0,5,0,5,0,5,0
SDNE05687,ANSHU HARDWARE ,20,0,20,0,20,0,20,0,20,0,20,0,20,0,20,0,20,0,20,0,20,0,20,0
SDNE05692,A M ENTERPRISE ,20,0,20,0,20,0,20,0,20,0,20,0,20,0,20,0,20,0,20,0,20,0,20,0
SDNE05693,SARMAH HARDWARE (TIKEN) ,50,0,50,0,50,0,50,0,50,0,50,0,50,0,50,0,50,0,50,0,50,0,50,0
SDNE05694,TINA ENTTERPRISE ,18,0,18,0,18,0,18,0,18,0,18,0,18,0,18,0,18,0,18,0,18,0,18,0
SDNE05696,SANTOSH STORE ,15,0,15,0,15,0,15,0,15,0,15,0,15,0,15,0,15,0,15,0,15,0,15,0
SDNE05697,J .U. AHMED HARDWARE ,15,0,15,300,15,0,15,0,15,0,15,0,15,0,15,0,15,0,15,0,15,0,15,0
SDNE05699,RAJA HARDWARE ,10,0,10,150,10,0,10,0,10,0,10,0,10,0,10,0,10,0,10,0,10,0,10,0
SDNE05700,DEEPJYOTI HARDWARE ,10,0,10,50,10,0,10,0,10,0,10,0,10,0,10,0,10,0,10,0,10,0,10,0
SDNE05701,NATH HARDWARE (PRADIP) (RSSN017),10,0,10,0,10,0,10,0,10,0,10,0,10,0,10,0,10,0,10,0,10,0,10,0
SDNE05702,SHREE KRISHNS GLASS HOUSE & HARDWARE ,13,0,13,200,13,0,13,0,13,0,13,0,13,0,13,0,13,0,13,0,13,0,13,0
SDNE05708,SUNIL HARDWARE,40,0,40,950,40,0,40,0,40,0,40,0,40,0,40,0,40,0,40,0,40,0,40,0
SDNE05709,BROTHER HARDWARE,25,0,25,100,25,0,25,0,25,0,25,0,25,0,25,0,25,0,25,0,25,0,25,0
SDNE05713,SUHANA HARDWARE (RSSS062),30,0,30,0,30,0,30,0,30,0,30,0,30,0,30,0,30,0,30,0,30,0,30,0
SDNE05718,ENTIHAS PRADHANI HARDWARE,8,0,8,0,8,0,8,0,8,0,8,0,8,0,8,0,8,0,8,0,8,0,8,0
SDNE05720,MUSLEM HARDWARE ,30,0,30,0,30,0,30,0,30,0,30,0,30,0,30,0,30,0,30,0,30,0,30,0
SDNE05723,MANJUR HARDWARE ,25,0,25,300,25,0,25,0,25,0,25,0,25,0,25,0,25,0,25,0,25,0,25,0
SDNE05724,BILLAH HARDWARE ,12,0,12,0,12,0,12,0,12,0,12,0,12,0,12,0,12,0,12,0,12,0,12,0
SDNE05726,ALAM ENTERPRISE (ASHRAFUL) ,30,0,30,0,30,0,30,0,30,0,30,0,30,0,30,0,30,0,30,0,30,0,30,0
SDNE05727,M ALOM HARDWARE ,15,0,15,0,15,0,15,0,15,0,15,0,15,0,15,0,15,0,15,0,15,0,15,0
SDNE05728,ASSAM ENTERPRISE ,8,0,8,0,8,0,8,0,8,0,8,0,8,0,8,0,8,0,8,0,8,0,8,0
SDNE05731,RAJ HARDWARE (KAILASH) ,15,0,15,200,15,0,15,0,15,0,15,0,15,0,15,0,15,0,15,0,15,0,15,0
SDNE05734,SHIV ENTERPRISE ,35,0,35,0,35,0,35,0,35,0,35,0,35,0,35,0,35,0,35,0,35,0,35,0
SDNE05738,RAJ STORE ,35,0,35,0,35,0,35,0,35,0,35,0,35,0,35,0,35,0,35,0,35,0,35,0
SDNE05740,SANKAR HARDWARE,18,0,18,0,18,0,18,0,18,0,18,0,18,0,18,0,18,0,18,0,18,0,18,0
SDNE05741,SANJOY HARDWARE ,20,0,20,0,20,0,20,0,20,0,20,0,20,0,20,0,20,0,20,0,20,0,20,0
SDNE05742,SRI SRI KRISHNA HARDWARE ,5,0,5,0,5,0,5,0,5,0,5,0,5,0,5,0,5,0,5,0,5,0,5,0
SDNE05743,MARUTI HARDWARE ,12,0,12,0,12,0,12,0,12,0,12,0,12,0,12,0,12,0,12,0,12,0,12,0
SDNE05745,MAA HARDWARE (JITU) ,80,0,80,700,80,0,80,0,80,0,80,0,80,0,80,0,80,0,80,0,80,0,80,0
SDNE05748,DIP KUMAR HARDWARE ,80,0,80,1500,80,0,80,0,80,0,80,0,80,0,80,0,80,0,80,0,80,0,80,0
SDNE05752,DEKA ENTERPRISE (RAJAMAYANG) (RSSD040),55,0,55,100,55,0,55,0,55,0,55,0,55,0,55,0,55,0,55,0,55,0,55,0
SDNE05753,MEDHI STORE ,45,0,45,0,45,0,45,0,45,0,45,0,45,0,45,0,45,0,45,0,45,0,45,0
SDNE05754,DEKA HARDWARE (RUDRA) ,22,0,22,0,22,0,22,0,22,0,22,0,22,0,22,0,22,0,22,0,22,0,22,0
SDNE05755,SARMAH HARDWARE (JYOTI) ,20,0,20,0,20,0,20,0,20,0,20,0,20,0,20,0,20,0,20,0,20,0,20,0
SDNE05756,PAUL HARDWARE (RSSP023),37,0,37,200,37,0,37,0,37,0,37,0,37,0,37,0,37,0,37,0,37,0,37,0
SDNE05759,NATH BROTHERS HARDWARE (RSSN016),15,0,15,0,15,0,15,0,15,0,15,0,15,0,15,0,15,0,15,0,15,0,15,0
SDNE05762,PRARTHANA HARDWARE (RSSP015),25,0,25,0,25,0,25,0,25,0,25,0,25,0,25,0,25,0,25,0,25,0,25,0
SDNE05763,B N U ENTERPRISE ,30,0,30,100,30,0,30,0,30,0,30,0,30,0,30,0,30,0,30,0,30,0,30,0
SDNE05769,NIHARIKA TRADING (RSSN092),27.5,0,27.5,0,27.5,0,27.5,0,27.5,0,27.5,0,27.5,0,27.5,0,27.5,0,27.5,0,27.5,0,27.5,0
SDNE05770,LASKAR TRADERS (MOINUL) (RSSL081),16.5,0,16.5,0,16.5,0,16.5,0,16.5,0,16.5,0,16.5,0,16.5,0,16.5,0,16.5,0,16.5,0,16.5,0
SDNE05775,MEERA ENTERPRISE (RSSM385),33,0,33,0,33,0,33,0,33,0,33,0,33,0,33,0,33,0,33,0,33,0,33,0
SDNE05777,RAJASHREE HARDWARE (RSSR107),22,0,22,0,22,0,22,0,22,0,22,0,22,0,22,0,22,0,22,0,22,0,22,0
SDNE05785,NATIONAL TRADERS (CHOUDHURY) (RSSN112),22,0,22,0,22,0,22,0,22,0,22,0,22,0,22,0,22,0,22,0,22,0,22,0
SDNE05793,A TRADERS (RSSA170),11,0,11,0,11,0,11,0,11,0,11,0,11,0,11,0,11,0,11,0,11,0,11,0
SDNE05802,ASHIM DEBNATH (RSSA203),18,0,18,0,18,0,18,0,18,0,18,0,18,0,18,0,18,0,18,0,18,0,18,0
SDNE05810,SHREE ANNAPURNA TRADERS,18,0,18,0,18,0,18,0,18,0,18,0,18,0,18,0,18,0,18,0,18,0,18,0
SDNE05844,M B HARDWARE (RSSM099),48,0,48,0,48,0,48,0,48,0,48,0,48,0,48,0,48,0,48,0,48,0,48,0
SDNE05879,KIRAN HARDWARE,10,0,10,0,10,0,10,0,10,0,10,0,10,0,10,0,10,0,10,0,10,0,10,0
SDNE05880,NEW DEB HARDWARE,4,0,4,0,4,0,4,0,4,0,4,0,4,0,4,0,4,0,4,0,4,0,4,0
SDNE05881,M/S SRIMAA HARDWARE,4,0,4,0,4,0,4,0,4,0,4,0,4,0,4,0,4,0,4,0,4,0,4,0
SDNE05883,SWASTI HARDWARE,15,0,15,0,15,0,15,0,15,0,15,0,15,0,15,0,15,0,15,0,15,0,15,0
SDNE05886,BASUDEB BHANDER,12,0,12,0,12,0,12,0,12,0,12,0,12,0,12,0,12,0,12,0,12,0,12,0
SDNE05896,LOKNATH ENTERPRISE,50,0,50,0,50,0,50,0,50,0,50,0,50,0,50,0,50,0,50,0,50,0,50,0
SDNE05901,RADHIKA STORES,15,0,15,0,15,0,15,0,15,0,15,0,15,0,15,0,15,0,15,0,15,0,15,0
SDNE05909,MONOHAR HARDWARE (RSSM199),20,0,20,0,20,0,20,0,20,0,20,0,20,0,20,0,20,0,20,0,20,0,20,0
SDNE05912,R.N.B TRADERS,22,0,22,150,22,0,22,0,22,0,22,0,22,0,22,0,22,0,22,0,22,0,22,0
SDNE05921,MAKHDUM ENTERPRISE,31.9,0,31.9,190,31.9,0,31.9,0,31.9,0,31.9,0,31.9,0,31.9,0,31.9,0,31.9,0,31.9,0,31.9,0
SDNE05926,HIYA ENTERPRISE,7,0,7,0,7,0,7,0,7,0,7,0,7,0,7,0,7,0,7,0,7,0,7,0
SDNE05930,D.K ENTERPRISE (RSSD019),40,0,40,190,40,0,40,0,40,0,40,0,40,0,40,0,40,0,40,0,40,0,40,0
SDNE05938,RIMPI ENTERPRISE (RSSR108),33,0,33,0,33,0,33,0,33,0,33,0,33,0,33,0,33,0,33,0,33,0,33,0
SDNE05942,B H HARDWARE (MUJAKKIR) (RSSB262),16.5,0,16.5,0,16.5,0,16.5,0,16.5,0,16.5,0,16.5,0,16.5,0,16.5,0,16.5,0,16.5,0,16.5,0
SDNE05966,MAHADEB BHANDAR (RSSM293),16.5,0,16.5,0,16.5,0,16.5,0,16.5,0,16.5,0,16.5,0,16.5,0,16.5,0,16.5,0,16.5,0,16.5,0
SDNE05973,LASKAR TRADERS (SAKIR) (RSSL039),11,0,11,0,11,0,11,0,11,0,11,0,11,0,11,0,11,0,11,0,11,0,11,0
SDNE05984,L T HARDWARE (RSSL050),16.5,0,16.5,0,16.5,0,16.5,0,16.5,0,16.5,0,16.5,0,16.5,0,16.5,0,16.5,0,16.5,0,16.5,0
SDNE05988,ALI HUSSAIN (RSSA226),22,0,22,0,22,0,22,0,22,0,22,0,22,0,22,0,22,0,22,0,22,0,22,0
SDNE05995,CHOUDHURY ENTERPRISE (RSSC028),11,0,11,0,11,0,11,0,11,0,11,0,11,0,11,0,11,0,11,0,11,0,11,0
SDNE05999,SHRI GANESH LAKSHMI STORE (RSSS383),30,0,30,0,30,0,30,0,30,0,30,0,30,0,30,0,30,0,30,0,30,0,30,0
SDNE06001,J R HARDWARE STORE (RSSJ048),48,150,48,0,48,0,48,0,48,0,48,0,48,0,48,0,48,0,48,0,48,0,48,0
SDNE06014,ARIF HARDWARE (RSSA102),12,0,12,0,12,0,12,0,12,0,12,0,12,0,12,0,12,0,12,0,12,0,12,0
SDNE06019,MAHABIR STORE (RSSM168),12.83333333,0,12.83333333,0,12.83333333,0,12.83333333,0,12.83333333,0,12.83333333,0,12.83333333,0,12.83333333,0,12.83333333,0,12.83333333,0,12.83333333,0,12.83333333,0
SDNE06021,A G TRADERS (RSSA095),49.77777778,0,49.77777778,0,49.77777778,0,49.77777778,0,49.77777778,0,49.77777778,0,49.77777778,0,49.77777778,0,49.77777778,0,49.77777778,0,49.77777778,0,49.77777778,0
SDNE06024,SELENGHAT HARDWARE,15.47777778,0,15.47777778,0,15.47777778,0,15.47777778,0,15.47777778,0,15.47777778,0,15.47777778,0,15.47777778,0,15.47777778,0,15.47777778,0,15.47777778,0,15.47777778,0
SDNE06033,J D STORE (RSSJ063),15,0,15,0,15,0,15,0,15,0,15,0,15,0,15,0,15,0,15,0,15,0,15,0
SDNE06051,BHATTACHARJEE HARDWARE (RSSB120),10.34444444,0,10.34444444,0,10.34444444,0,10.34444444,0,10.34444444,0,10.34444444,0,10.34444444,0,10.34444444,0,10.34444444,0,10.34444444,0,10.34444444,0,10.34444444,0
SDNE06055,RUKMONI HARDWARE (RSSR126),32.35555556,0,32.35555556,0,32.35555556,0,32.35555556,0,32.35555556,0,32.35555556,0,32.35555556,0,32.35555556,0,32.35555556,0,32.35555556,0,32.35555556,0,32.35555556,0
SDNE06063,PRAKASH HARDWARE (PRAKASH) (RSSP095),6,0,6,0,6,0,6,0,6,0,6,0,6,0,6,0,6,0,6,0,6,0,6,0
SDNE06067,PRADIP HARDWARE (RSSP004),22.5,0,22.5,250,22.5,0,22.5,0,22.5,0,22.5,0,22.5,0,22.5,0,22.5,0,22.5,0,22.5,0,22.5,0
SDNE06107,BEDA BORA HARDWARE (RSSB049),27.6,0,27.6,0,27.6,0,27.6,0,27.6,0,27.6,0,27.6,0,27.6,0,27.6,0,27.6,0,27.6,0,27.6,0
SDNE06132,MAFUL HARDWARE,52.6625,0,52.6625,450,52.6625,0,52.6625,0,52.6625,0,52.6625,0,52.6625,0,52.6625,0,52.6625,0,52.6625,0,52.6625,0,52.6625,0
SDNE06134,ALI CALL CENTER,16.9125,0,16.9125,400,16.9125,0,16.9125,0,16.9125,0,16.9125,0,16.9125,0,16.9125,0,16.9125,0,16.9125,0,16.9125,0,16.9125,0
SDNE06136,REHAN ENTERPRISE,11.1375,0,11.1375,900,11.1375,0,11.1375,0,11.1375,0,11.1375,0,11.1375,0,11.1375,0,11.1375,0,11.1375,0,11.1375,0,11.1375,0
SDNE06138,KHAN ENTERPRISE (HANNAN),31.41875,0,31.41875,400,31.41875,0,31.41875,0,31.41875,0,31.41875,0,31.41875,0,31.41875,0,31.41875,0,31.41875,0,31.41875,0,31.41875,0
SDNE06141,H. ALI HARDWARE,15,0,15,280,15,0,15,0,15,0,15,0,15,0,15,0,15,0,15,0,15,0,15,0
SDNE06142,M.K. ENTERPRISE (MOKSED),16.84375,0,16.84375,180,16.84375,0,16.84375,0,16.84375,0,16.84375,0,16.84375,0,16.84375,0,16.84375,0,16.84375,0,16.84375,0,16.84375,0
SDNE06147,M K TRADERS,9.494375,0,9.494375,100,9.494375,0,9.494375,0,9.494375,0,9.494375,0,9.494375,0,9.494375,0,9.494375,0,9.494375,0,9.494375,0,9.494375,0
SDNE06148,HAZI AB HARDWARE,22.55,0,22.55,300,22.55,0,22.55,0,22.55,0,22.55,0,22.55,0,22.55,0,22.55,0,22.55,0,22.55,0,22.55,0
SDNE06150,AMINA STORE AND HARDWARE,10,0,10,100,10,0,10,0,10,0,10,0,10,0,10,0,10,0,10,0,10,0,10,0
SDNE06153,JASMIN HARDWARE (RSSJ009),18,0,18,100,18,0,18,0,18,0,18,0,18,0,18,0,18,0,18,0,18,0,18,0
SDNE06157,SUMITRA HARDWARE(DULAL),23,0,23,240,23,0,23,0,23,0,23,0,23,0,23,0,23,0,23,0,23,0,23,0
SDNE06162,BARNALI ELECTRICAL & HARDWARE,8,0,8,100,8,0,8,0,8,0,8,0,8,0,8,0,8,0,8,0,8,0,8,0
SDNE06168,RIHAN HARDWARE,7,0,7,0,7,0,7,0,7,0,7,0,7,0,7,0,7,0,7,0,7,0,7,0
SDNE06172,J A ENTERPRISE(RSSJ117),16.5,0,16.5,80,16.5,0,16.5,0,16.5,0,16.5,0,16.5,0,16.5,0,16.5,0,16.5,0,16.5,0,16.5,0
SDNE06174,S.D. ENTERPRISE (RSSS087),18,0,18,150,18,0,18,0,18,0,18,0,18,0,18,0,18,0,18,0,18,0,18,0
SDNE06176,PRAYAS ENTERPRISE,20,0,20,100,20,0,20,0,20,0,20,0,20,0,20,0,20,0,20,0,20,0,20,0
SDNE06179,A. B. ENTERPRISE,30,0,30,490,30,0,30,0,30,0,30,0,30,0,30,0,30,0,30,0,30,0,30,0
SDNE06186,SHREE KRISHNA ENTERPRISE (RSSS069),30,0,30,100,30,0,30,0,30,0,30,0,30,0,30,0,30,0,30,0,30,0,30,0
SDNE06189,ASHIF ENTERPRISE (RSSA045),35,0,35,290,35,0,35,0,35,0,35,0,35,0,35,0,35,0,35,0,35,0,35,0
SDNE06191,NISHARANI ENTERPRISE (RSSN023),20,0,20,50,20,0,20,0,20,0,20,0,20,0,20,0,20,0,20,0,20,0,20,0
SDNE06198,J K ENTERPRISE (RSSJ019),21,0,21,210,21,0,21,0,21,0,21,0,21,0,21,0,21,0,21,0,21,0,21,0
SDNE06199,SARMA ENTERPRISE (GAYATRI) (RSSS080),15,0,15,350,15,0,15,0,15,0,15,0,15,0,15,0,15,0,15,0,15,0,15,0
SDNE06203,SHIVAM HARDWARE (BHUPEN) (RSSS176),6,0,6,110,6,0,6,0,6,0,6,0,6,0,6,0,6,0,6,0,6,0,6,0
SDNE06204,N R ENTERPRISE (RSSN052),10,0,10,100,10,0,10,0,10,0,10,0,10,0,10,0,10,0,10,0,10,0,10,0
SDNE06210,MAA BIMALA ENTERPRISE (RSSM045),10,0,10,40,10,0,10,0,10,0,10,0,10,0,10,0,10,0,10,0,10,0,10,0
SDNE06217,BARUAH ENTERPRISE,2.5,0,2.5,0,2.5,0,2.5,0,2.5,0,2.5,0,2.5,0,2.5,0,2.5,0,2.5,0,2.5,0,2.5,0
SDNE06245,SARMA ENTERPRISE (DURGA) (RSSS076),5,0,5,0,5,0,5,0,5,0,5,0,5,0,5,0,5,0,5,0,5,0,5,0
SDNE06246,P K ENTERPRISE (RSSP024),5,0,5,0,5,0,5,0,5,0,5,0,5,0,5,0,5,0,5,0,5,0,5,0
SDNE06247,MAA LAXMI HARDWARE (RSSM004),24.15,0,24.15,0,24.15,0,24.15,0,24.15,0,24.15,0,24.15,0,24.15,0,24.15,0,24.15,0,24.15,0,24.15,0
SDNE06269,NEW D.B ENTERPRISE,5.5,0,5.5,0,5.5,0,5.5,0,5.5,0,5.5,0,5.5,0,5.5,0,5.5,0,5.5,0,5.5,0,5.5,0
SDNE06270,DHARITRI ENTERPRISE,33,0,33,30,33,0,33,0,33,0,33,0,33,0,33,0,33,0,33,0,33,0,33,0
SDNE06272,AKATA ENTERPRISE,34.1,0,34.1,350,34.1,0,34.1,0,34.1,0,34.1,0,34.1,0,34.1,0,34.1,0,34.1,0,34.1,0,34.1,0
SDNE06274,BIMAL ENTERPRISE,40.7,0,40.7,120,40.7,0,40.7,0,40.7,0,40.7,0,40.7,0,40.7,0,40.7,0,40.7,0,40.7,0,40.7,0
SDNE06292,BHAITI ENTERPRISE,7,0,7,100,7,0,7,0,7,0,7,0,7,0,7,0,7,0,7,0,7,0,7,0
SDNE06309,S B ENTERPRISE,33,0,33,260,33,0,33,0,33,0,33,0,33,0,33,0,33,0,33,0,33,0,33,0
SDNE06310,SAMINA ENTERPRISE,5.5,0,5.5,400,5.5,0,5.5,0,5.5,0,5.5,0,5.5,0,5.5,0,5.5,0,5.5,0,5.5,0,5.5,0
SDNE06322,DUTTA HARDWARE STORE,20,0,20,0,20,0,20,0,20,0,20,0,20,0,20,0,20,0,20,0,20,0,20,0
SDNE06329,KANOI HARDWARE & CO (RSSK143),20,0,20,0,20,0,20,0,20,0,20,0,20,0,20,0,20,0,20,0,20,0,20,0
SDNE06330,SANJAY HARDWARE (RSSS128),20,0,20,0,20,0,20,0,20,0,20,0,20,0,20,0,20,0,20,0,20,0,20,0
SDNE06333,OMI HARDWARE,20,0,20,0,20,0,20,0,20,0,20,0,20,0,20,0,20,0,20,0,20,0,20,0
SDNE06334,HANUMAN STORE (RSSH022),20,0,20,0,20,0,20,0,20,0,20,0,20,0,20,0,20,0,20,0,20,0,20,0
SDNE06346,MAA RADHA HARDWARE (RSSM061),36,0,36,0,36,0,36,0,36,0,36,0,36,0,36,0,36,0,36,0,36,0,36,0
SDNE06347,SAIKIA STORE (DHARMESWAR) (RSSS060),66,0,66,0,66,0,66,0,66,0,66,0,66,0,66,0,66,0,66,0,66,0,66,0
SDNE06365,S M B HARDWARE ,7,0,7,0,7,0,7,0,7,0,7,0,7,0,7,0,7,0,7,0,7,0,7,0
SDNE06375,MH HARDWARE AND ENTERPRISE,12,0,12,0,12,0,12,0,12,0,12,0,12,0,12,0,12,0,12,0,12,0,12,0
SDNE06382,LAXMI STORE,18,0,18,0,18,0,18,0,18,0,18,0,18,0,18,0,18,0,18,0,18,0,18,0
SDNE06386,GOHAIN AGENCY,20,0,20,0,20,0,20,0,20,0,20,0,20,0,20,0,20,0,20,0,20,0,20,0
SDNE06388,AFRIN HARDWARE STORE (RSSA015),13.65,0,13.65,0,13.65,0,13.65,0,13.65,0,13.65,0,13.65,0,13.65,0,13.65,0,13.65,0,13.65,0,13.65,0
SDNE06390,BABA LOKENATH ENTERPRISE (RSSB107),50,0,50,0,50,0,50,0,50,0,50,0,50,0,50,0,50,0,50,0,50,0,50,0
SDNE06398,H.M. ENTERPRISE (RSSH001),1.05,0,1.05,0,1.05,0,1.05,0,1.05,0,1.05,0,1.05,0,1.05,0,1.05,0,1.05,0,1.05,0,1.05,0
SDNE06403,SAHU HARDWARE (RSSS269),25,0,25,0,25,0,25,0,25,0,25,0,25,0,25,0,25,0,25,0,25,0,25,0
SDNE06404,MATRI ENTERPRISE (RSSM017),46.2,0,46.2,0,46.2,0,46.2,0,46.2,0,46.2,0,46.2,0,46.2,0,46.2,0,46.2,0,46.2,0,46.2,0
SDNE06417,SHIV HARDWARE (RSSS017),3.15,0,3.15,0,3.15,0,3.15,0,3.15,0,3.15,0,3.15,0,3.15,0,3.15,0,3.15,0,3.15,0,3.15,0
SDNE06433,MAA HARDWARE,61.80625,0,61.80625,800,61.80625,0,61.80625,0,61.80625,0,61.80625,0,61.80625,0,61.80625,0,61.80625,0,61.80625,0,61.80625,0,61.80625,0
SDNE06436,RG ENTERPRISE,9.9,0,9.9,210,9.9,0,9.9,0,9.9,0,9.9,0,9.9,0,9.9,0,9.9,0,9.9,0,9.9,0,9.9,0
SDNE06444,ADHUNIK ENTERPRISE (RSSA002),5,0,5,0,5,0,5,0,5,0,5,0,5,0,5,0,5,0,5,0,5,0,5,0
SDNE06445,AKHTAR HARDWARE (RSSA011),90,0,90,460,90,0,90,0,90,0,90,0,90,0,90,0,90,0,90,0,90,0,90,0
SDNE06468,4 STAR ENTERPRISE,27.5,0,27.5,100,27.5,0,27.5,0,27.5,0,27.5,0,27.5,0,27.5,0,27.5,0,27.5,0,27.5,0,27.5,0
SDNE06469,A MANDAL HARDWARE,20,0,20,500,20,0,20,0,20,0,20,0,20,0,20,0,20,0,20,0,20,0,20,0
SDNE06472,AZ HARDWARE,8.8,0,8.8,100,8.8,0,8.8,0,8.8,0,8.8,0,8.8,0,8.8,0,8.8,0,8.8,0,8.8,0,8.8,0
SDNE06479,AKON HARDWARE,22,0,22,0,22,0,22,0,22,0,22,0,22,0,22,0,22,0,22,0,22,0,22,0
SDNE06481,ALI STORE,16.5,0,16.5,50,16.5,0,16.5,0,16.5,0,16.5,0,16.5,0,16.5,0,16.5,0,16.5,0,16.5,0,16.5,0
SDNE06491,BABUL STORE,45,0,45,500,45,0,45,0,45,0,45,0,45,0,45,0,45,0,45,0,45,0,45,0
SDNE06496,BORO MAA HARDWARE,22,0,22,0,22,0,22,0,22,0,22,0,22,0,22,0,22,0,22,0,22,0,22,0
SDNE06504,BHAI BHAI STORE,33,0,33,150,33,0,33,0,33,0,33,0,33,0,33,0,33,0,33,0,33,0,33,0
SDNE06521,G N HARDWARE,44,0,44,1494,44,0,44,0,44,0,44,0,44,0,44,0,44,0,44,0,44,0,44,0
SDNE06523,GUNGUN HARDWARE (RSSG057),11,0,11,0,11,0,11,0,11,0,11,0,11,0,11,0,11,0,11,0,11,0,11,0
SDNE06526,HANUMAN ENTERPRISE (RSSH033),27.5,0,27.5,0,27.5,0,27.5,0,27.5,0,27.5,0,27.5,0,27.5,0,27.5,0,27.5,0,27.5,0,27.5,0
SDNE06528,ISLAM HARDWARE (ASHRAFUL),5.5,0,5.5,0,5.5,0,5.5,0,5.5,0,5.5,0,5.5,0,5.5,0,5.5,0,5.5,0,5.5,0,5.5,0
SDNE06537,JAI HANUMAN ENTERPRISE,18.7,0,18.7,270,18.7,0,18.7,0,18.7,0,18.7,0,18.7,0,18.7,0,18.7,0,18.7,0,18.7,0,18.7,0
SDNE06539,JAY SANTOSHI MAA BHANDER,44,0,44,700,44,0,44,0,44,0,44,0,44,0,44,0,44,0,44,0,44,0,44,0
SDNE06541,JAMIR HARDWARE (RSSJ054),17.6,0,17.6,0,17.6,0,17.6,0,17.6,0,17.6,0,17.6,0,17.6,0,17.6,0,17.6,0,17.6,0,17.6,0
SDNE06542,JAY MAA DURGA HARDWARE,33,0,33,100,33,0,33,0,33,0,33,0,33,0,33,0,33,0,33,0,33,0,33,0
SDNE06545,JOYPUR HARDWARE,33,0,33,550,33,0,33,0,33,0,33,0,33,0,33,0,33,0,33,0,33,0,33,0
SDNE06551,KALAM ENTERPRISE (ABUL),5,0,5,0,5,0,5,0,5,0,5,0,5,0,5,0,5,0,5,0,5,0,5,0
SDNE06554,MAA KAMALA HARDWARE STORE,16.5,0,16.5,400,16.5,0,16.5,0,16.5,0,16.5,0,16.5,0,16.5,0,16.5,0,16.5,0,16.5,0,16.5,0
SDNE06559,M B HARDWARE STORE,16.5,0,16.5,100,16.5,0,16.5,0,16.5,0,16.5,0,16.5,0,16.5,0,16.5,0,16.5,0,16.5,0,16.5,0
SDNE06561,M R HARDWARE,16.5,0,16.5,100,16.5,0,16.5,0,16.5,0,16.5,0,16.5,0,16.5,0,16.5,0,16.5,0,16.5,0,16.5,0
SDNE06565,SANOWAR ALI,22,0,22,150,22,0,22,0,22,0,22,0,22,0,22,0,22,0,22,0,22,0,22,0
SDNE06566,MAA ENTERPRISE (ATIKUR),36.540625,0,36.540625,350,36.540625,0,36.540625,0,36.540625,0,36.540625,0,36.540625,0,36.540625,0,36.540625,0,36.540625,0,36.540625,0,36.540625,0
SDNE06568,MAA HARDWARE (ROHOM),6.6,0,6.6,0,6.6,0,6.6,0,6.6,0,6.6,0,6.6,0,6.6,0,6.6,0,6.6,0,6.6,0,6.6,0
SDNE06573,MANDAL HARDWARE,22,0,22,200,22,0,22,0,22,0,22,0,22,0,22,0,22,0,22,0,22,0,22,0
SDNE06574,MASUMA HARDWARE,27.5,0,27.5,200,27.5,0,27.5,0,27.5,0,27.5,0,27.5,0,27.5,0,27.5,0,27.5,0,27.5,0,27.5,0
SDNE06576,MEHTABUL ENTERPRISE,44,0,44,100,44,0,44,0,44,0,44,0,44,0,44,0,44,0,44,0,44,0,44,0
SDNE06578,MILON HARDWARE (RSSM159),36.3,0,36.3,180,36.3,0,36.3,0,36.3,0,36.3,0,36.3,0,36.3,0,36.3,0,36.3,0,36.3,0,36.3,0
SDNE06580,MOLLAH HARDWARE,5.5,0,5.5,0,5.5,0,5.5,0,5.5,0,5.5,0,5.5,0,5.5,0,5.5,0,5.5,0,5.5,0,5.5,0
SDNE06582,MANDAL STORE,16.5,0,16.5,100,16.5,0,16.5,0,16.5,0,16.5,0,16.5,0,16.5,0,16.5,0,16.5,0,16.5,0,16.5,0
SDNE06583,MONI ENTERPRISE,16.5,0,16.5,0,16.5,0,16.5,0,16.5,0,16.5,0,16.5,0,16.5,0,16.5,0,16.5,0,16.5,0,16.5,0
SDNE06584,MOON HARDWARE STORE,5.5,0,5.5,0,5.5,0,5.5,0,5.5,0,5.5,0,5.5,0,5.5,0,5.5,0,5.5,0,5.5,0,5.5,0
SDNE06588,NARESWAR HARDWARE,22,0,22,300,22,0,22,0,22,0,22,0,22,0,22,0,22,0,22,0,22,0,22,0
SDNE06596,PATHAK HARDWARE (SUNIL),5.5,0,5.5,0,5.5,0,5.5,0,5.5,0,5.5,0,5.5,0,5.5,0,5.5,0,5.5,0,5.5,0,5.5,0
SDNE06599,R G STORE,13.2,0,13.2,100,13.2,0,13.2,0,13.2,0,13.2,0,13.2,0,13.2,0,13.2,0,13.2,0,13.2,0,13.2,0
SDNE06613,S.N HARDWARE,22,0,22,50,22,0,22,0,22,0,22,0,22,0,22,0,22,0,22,0,22,0,22,0
SDNE06617,SAHID HARDWARE,27.5,0,27.5,250,27.5,0,27.5,0,27.5,0,27.5,0,27.5,0,27.5,0,27.5,0,27.5,0,27.5,0,27.5,0
SDNE06618,SAHINA HARDWARE,22,0,22,200,22,0,22,0,22,0,22,0,22,0,22,0,22,0,22,0,22,0,22,0
SDNE06620,SHAKIL ENTERPRISE,11,0,11,100,11,0,11,0,11,0,11,0,11,0,11,0,11,0,11,0,11,0,11,0
SDNE06622,SARKAR BHANDAR,22,0,22,150,22,0,22,0,22,0,22,0,22,0,22,0,22,0,22,0,22,0,22,0
SDNE06625,SASHANKA STORE,11,0,11,50,11,0,11,0,11,0,11,0,11,0,11,0,11,0,11,0,11,0,11,0
SDNE06628,SHIVA HARDWARE (KUNJAR) (RSSS234),33,0,33,400,33,0,33,0,33,0,33,0,33,0,33,0,33,0,33,0,33,0,33,0
SDNE06629,SHREE KRISHNA HARDWARE (HIRANYA),22,0,22,0,22,0,22,0,22,0,22,0,22,0,22,0,22,0,22,0,22,0,22,0
SDNE06630,SREE KRISHNA HARDWARE,16.5,0,16.5,100,16.5,0,16.5,0,16.5,0,16.5,0,16.5,0,16.5,0,16.5,0,16.5,0,16.5,0,16.5,0
SDNE06631,S I HARDWARE STORES,14.3,0,14.3,200,14.3,0,14.3,0,14.3,0,14.3,0,14.3,0,14.3,0,14.3,0,14.3,0,14.3,0,14.3,0
SDNE06632,SIKDAR HARDWARE,38.5,0,38.5,200,38.5,0,38.5,0,38.5,0,38.5,0,38.5,0,38.5,0,38.5,0,38.5,0,38.5,0,38.5,0
SDNE06636,SRI KRISHNA HARDWARE,23.1,0,23.1,470,23.1,0,23.1,0,23.1,0,23.1,0,23.1,0,23.1,0,23.1,0,23.1,0,23.1,0,23.1,0
SDNE06645,R B GROCERY & HARDWARE (RSSR115),18,0,18,0,18,0,18,0,18,0,18,0,18,0,18,0,18,0,18,0,18,0,18,0
SDNE06647,B B ENTERPRISE (RSSB076),35,0,35,0,35,0,35,0,35,0,35,0,35,0,35,0,35,0,35,0,35,0,35,0
SDNE06648,B.P. ENTERPRISE (RSSB002),13,0,13,0,13,0,13,0,13,0,13,0,13,0,13,0,13,0,13,0,13,0,13,0
SDNE06650,J. N. ENTERPRISE (RSSJ002),15,0,15,475,15,0,15,0,15,0,15,0,15,0,15,0,15,0,15,0,15,0,15,0
SDNE06651,ALAM ENTERPRISE (RSSA001),5,0,5,289,5,0,5,0,5,0,5,0,5,0,5,0,5,0,5,0,5,0,5,0
SDNE06652,MOMPI TRADERS (RSSM008),7.5,0,7.5,120,7.5,0,7.5,0,7.5,0,7.5,0,7.5,0,7.5,0,7.5,0,7.5,0,7.5,0,7.5,0
SDNE06654,BARUAH ENTERPRISE (DIGANTA) (RSSB093),10,0,10,830,10,0,10,0,10,0,10,0,10,0,10,0,10,0,10,0,10,0,10,0
SDNE06655,MAA KALI ENTERPRISE (RSSM133),15,0,15,110,15,0,15,0,15,0,15,0,15,0,15,0,15,0,15,0,15,0,15,0
SDNE06658,DEKA HARDWARE (RSSD002),10,0,10,400,10,0,10,0,10,0,10,0,10,0,10,0,10,0,10,0,10,0,10,0
SDNE06662,M.B. HARDWARE & SANITARIES (RSSM006),7.5,0,7.5,890,7.5,0,7.5,0,7.5,0,7.5,0,7.5,0,7.5,0,7.5,0,7.5,0,7.5,0,7.5,0
SDNE06675,AMIN HARDWARE,7.5,0,7.5,0,7.5,0,7.5,0,7.5,0,7.5,0,7.5,0,7.5,0,7.5,0,7.5,0,7.5,0,7.5,0
SDNE06696,B D HARDWARE (RSSB135),32,0,32,0,32,0,32,0,32,0,32,0,32,0,32,0,32,0,32,0,32,0,32,0
SDNE06697,SARMA COMMERCIAL,20,0,20,0,20,0,20,0,20,0,20,0,20,0,20,0,20,0,20,0,20,0,20,0
SDNE06698,RAHUL DEBROY,10,0,10,0,10,0,10,0,10,0,10,0,10,0,10,0,10,0,10,0,10,0,10,0
SDNE06710,S & G HARDWARE (RSSS090),60,0,60,0,60,0,60,0,60,0,60,0,60,0,60,0,60,0,60,0,60,0,60,0
SDNE06717,GUPTA ENTERPRISE,20,0,20,0,20,0,20,0,20,0,20,0,20,0,20,0,20,0,20,0,20,0,20,0
SDNE06742,CEMENT CENTRE,45,0,45,0,45,0,45,0,45,0,45,0,45,0,45,0,45,0,45,0,45,0,45,0
SDNE06743,T G ENTERPRISE (RSST042),15,0,15,0,15,0,15,0,15,0,15,0,15,0,15,0,15,0,15,0,15,0,15,0
SDNE06745,GANESH HARDWARE STORES (RSSG041),15,0,15,60,15,0,15,0,15,0,15,0,15,0,15,0,15,0,15,0,15,0,15,0
SDNE06747,BHARAT STEEL (ASHIM) (RSSB201),35,0,35,210,35,0,35,0,35,0,35,0,35,0,35,0,35,0,35,0,35,0,35,0
SDNE06748,MAHESH HARDWARE (RSSM273),15,0,15,105,15,0,15,0,15,0,15,0,15,0,15,0,15,0,15,0,15,0,15,0
SDNE06752,NANDAN HARDWARE (RSSN054),60,0,60,1673,60,0,60,0,60,0,60,0,60,0,60,0,60,0,60,0,60,0,60,0
SDNE06767,DUTTA STORE (RSSD120),28.38888889,0,28.38888889,0,28.38888889,0,28.38888889,0,28.38888889,0,28.38888889,0,28.38888889,0,28.38888889,0,28.38888889,0,28.38888889,0,28.38888889,0,28.38888889,0
SDNE06769,DEBLINA HARDWARE AND STORE (RSSD113),58.02222222,0,58.02222222,0,58.02222222,0,58.02222222,0,58.02222222,0,58.02222222,0,58.02222222,0,58.02222222,0,58.02222222,0,58.02222222,0,58.02222222,0,58.02222222,0
SDNE06776,RANJAN HARDWARE (RSSR076),1.555555556,0,1.555555556,0,1.555555556,0,1.555555556,0,1.555555556,0,1.555555556,0,1.555555556,0,1.555555556,0,1.555555556,0,1.555555556,0,1.555555556,0,1.555555556,0
SDNE06781,GAYAN HARDWARE & ELECTRICAL (RSSG042),9.333333333,0,9.333333333,0,9.333333333,0,9.333333333,0,9.333333333,0,9.333333333,0,9.333333333,0,9.333333333,0,9.333333333,0,9.333333333,0,9.333333333,0,9.333333333,0
SDNE06784,BARUAH & SONS ENTERPRISE (RSSB291),45.11111111,0,45.11111111,0,45.11111111,0,45.11111111,0,45.11111111,0,45.11111111,0,45.11111111,0,45.11111111,0,45.11111111,0,45.11111111,0,45.11111111,0,45.11111111,0
SDNE06791,SAIKIA STORE (RSSS018),20,0,20,300,20,0,20,0,20,0,20,0,20,0,20,0,20,0,20,0,20,0,20,0
SDNE06792,MAHEK ENTERPRISE(RSSM007),12,0,12,100,12,0,12,0,12,0,12,0,12,0,12,0,12,0,12,0,12,0,12,0
SDNE06793,I.S. ENTERPRISE (RSSI002),75,0,75,315,75,0,75,0,75,0,75,0,75,0,75,0,75,0,75,0,75,0,75,0
SDNE06794,J J HARDWARE (RSSJ003),3,0,3,200,3,0,3,0,3,0,3,0,3,0,3,0,3,0,3,0,3,0,3,0
SDNE06796,H. N. ENTERPRISE (RSSH003),27.5,0,27.5,300,27.5,0,27.5,0,27.5,0,27.5,0,27.5,0,27.5,0,27.5,0,27.5,0,27.5,0,27.5,0
SDNE06797,HEMANTA & RUPAM HARDWARE (RSSH004),5,0,5,0,5,0,5,0,5,0,5,0,5,0,5,0,5,0,5,0,5,0,5,0
SDNE06798,DISANG TRADERS (RSSD009),18.9,0,18.9,0,18.9,0,18.9,0,18.9,0,18.9,0,18.9,0,18.9,0,18.9,0,18.9,0,18.9,0,18.9,0
SDNE06799,MAA ENTERPRISE - BIHAGURI (RSSM016),29.4,0,29.4,0,29.4,0,29.4,0,29.4,0,29.4,0,29.4,0,29.4,0,29.4,0,29.4,0,29.4,0,29.4,0
SDNE06801,MAA TULASA HARDWARE (RSSM018),14.7,0,14.7,0,14.7,0,14.7,0,14.7,0,14.7,0,14.7,0,14.7,0,14.7,0,14.7,0,14.7,0,14.7,0
SDNE06803,M.K. HARDWARE (RSSM019),5,0,5,0,5,0,5,0,5,0,5,0,5,0,5,0,5,0,5,0,5,0,5,0
SDNE06805,NATH HARDWARE (RSSN0010),10,0,10,100,10,0,10,0,10,0,10,0,10,0,10,0,10,0,10,0,10,0,10,0
SDNE06807,ALI HARDWARE (SAFIDUL),14.1625,0,14.1625,330,14.1625,0,14.1625,0,14.1625,0,14.1625,0,14.1625,0,14.1625,0,14.1625,0,14.1625,0,14.1625,0,14.1625,0
SDNE06812,AMBIA MACHINERY STORE,20.28125,0,20.28125,0,20.28125,0,20.28125,0,20.28125,0,20.28125,0,20.28125,0,20.28125,0,20.28125,0,20.28125,0,20.28125,0,20.28125,0
SDNE06819,DEKA ENTERPRISE (CHAMPAK)(RSSD059),21,0,21,100,21,0,21,0,21,0,21,0,21,0,21,0,21,0,21,0,21,0,21,0
SDNE06820,SARMA ENTERPRISE (RSSS041),50,0,50,290,50,0,50,0,50,0,50,0,50,0,50,0,50,0,50,0,50,0,50,0
SDNE06826,KALITA STORE,35,0,35,420,35,0,35,0,35,0,35,0,35,0,35,0,35,0,35,0,35,0,35,0
SDNE06827,MAA ENTERPRISE (RAMEN) (RSSM066),10,0,10,90,10,0,10,0,10,0,10,0,10,0,10,0,10,0,10,0,10,0,10,0
SDNE06829,MAA ENTERPRISE (MIRAZUL) (RSSM089),20,0,20,160,20,0,20,0,20,0,20,0,20,0,20,0,20,0,20,0,20,0,20,0
SDNE06830,SHREE RAM ENTERPRISE,15,0,15,0,15,0,15,0,15,0,15,0,15,0,15,0,15,0,15,0,15,0,15,0
SDNE06831,DAS ENTERPRISE,56.1,0,56.1,145,56.1,0,56.1,0,56.1,0,56.1,0,56.1,0,56.1,0,56.1,0,56.1,0,56.1,0,56.1,0
SDNE06832,BORO ENTERPRISE,5,0,5,100,5,0,5,0,5,0,5,0,5,0,5,0,5,0,5,0,5,0,5,0
SDNE06833,R AND R ENTERPRISE (RSSR008),57,0,57,1530,57,0,57,0,57,0,57,0,57,0,57,0,57,0,57,0,57,0,57,0
SDNE06835,MAA CHARU HARDWARE (RSSM035),51.45,0,51.45,0,51.45,0,51.45,0,51.45,0,51.45,0,51.45,0,51.45,0,51.45,0,51.45,0,51.45,0,51.45,0
SDNE06836,GARGARAM ENTERPRISE,27.5,0,27.5,50,27.5,0,27.5,0,27.5,0,27.5,0,27.5,0,27.5,0,27.5,0,27.5,0,27.5,0,27.5,0
SDNE06837,LAKHMEE ENTERPRISE (RSSL012),60,0,60,0,60,0,60,0,60,0,60,0,60,0,60,0,60,0,60,0,60,0,60,0
SDNE06838,SANKAR ENTERPRISE,16.5,0,16.5,150,16.5,0,16.5,0,16.5,0,16.5,0,16.5,0,16.5,0,16.5,0,16.5,0,16.5,0,16.5,0
SDNE06839,M.K. ENTERPRISE (ALAUDDIN),30.25,0,30.25,0,30.25,0,30.25,0,30.25,0,30.25,0,30.25,0,30.25,0,30.25,0,30.25,0,30.25,0,30.25,0
SDNE06840,T.H. ENTERPRISE,12.03125,0,12.03125,150,12.03125,0,12.03125,0,12.03125,0,12.03125,0,12.03125,0,12.03125,0,12.03125,0,12.03125,0,12.03125,0,12.03125,0
SDNE06841,MAA ENTERPRISE(DEBOJYOTI),12.1,0,12.1,0,12.1,0,12.1,0,12.1,0,12.1,0,12.1,0,12.1,0,12.1,0,12.1,0,12.1,0,12.1,0
SDNE06846,HELAL AHMED HARDWARE,30,0,30,0,30,0,30,0,30,0,30,0,30,0,30,0,30,0,30,0,30,0,30,0
SDNE06848,SABRIN SUHANA ENTERPRISE ,10,0,10,0,10,0,10,0,10,0,10,0,10,0,10,0,10,0,10,0,10,0,10,0
SDNE06849,SHARA ENTERPRISE ,15,0,15,200,15,0,15,0,15,0,15,0,15,0,15,0,15,0,15,0,15,0,15,0
SDNE06850,LAKHYAJIT HARDWARE ,7,0,7,0,7,0,7,0,7,0,7,0,7,0,7,0,7,0,7,0,7,0,7,0
SDNE06853,MITA HARDWARE,25,0,25,0,25,0,25,0,25,0,25,0,25,0,25,0,25,0,25,0,25,0,25,0
SDNE06854,BARGHULI HARDWARE (RSSB024),5,0,5,0,5,0,5,0,5,0,5,0,5,0,5,0,5,0,5,0,5,0,5,0
SDNE06857,LOKHNATH ENTERPRISE (RSSL013),10,0,10,400,10,0,10,0,10,0,10,0,10,0,10,0,10,0,10,0,10,0,10,0
SDNE06858,DIVYA HARDWARE (RSSD046),18,0,18,0,18,0,18,0,18,0,18,0,18,0,18,0,18,0,18,0,18,0,18,0
SDNE06860,SWAGATAM HARDWARE (GITUMONI) ,5,0,5,0,5,0,5,0,5,0,5,0,5,0,5,0,5,0,5,0,5,0,5,0
SDNE06861,SAIKIA ENTERPRISE (RSSS059),20,0,20,0,20,0,20,0,20,0,20,0,20,0,20,0,20,0,20,0,20,0,20,0
SDNE06862,AMBIA ENTERPRISE (RSSA034),12,0,12,200,12,0,12,0,12,0,12,0,12,0,12,0,12,0,12,0,12,0,12,0
SDNE06863,LAHKAR STORE (RSSL010),15,0,15,60,15,0,15,0,15,0,15,0,15,0,15,0,15,0,15,0,15,0,15,0
SDNE06864,KRISHNA HARDWARE (DAS) (RSSK018),10,0,10,0,10,0,10,0,10,0,10,0,10,0,10,0,10,0,10,0,10,0,10,0
SDNE06865,YASIN ENTERPRISE (RSSY001),27,0,27,0,27,0,27,0,27,0,27,0,27,0,27,0,27,0,27,0,27,0,27,0
SDNE06868,LASKAR TRADERS (SALEH) (RSSL058),22,0,22,0,22,0,22,0,22,0,22,0,22,0,22,0,22,0,22,0,22,0,22,0
SDNE06870,BAISHYA HARDWARE,20,0,20,300,20,0,20,0,20,0,20,0,20,0,20,0,20,0,20,0,20,0,20,0
SDNE06874,PADMA ENTERPRISE (RSSP018),15,0,15,40,15,0,15,0,15,0,15,0,15,0,15,0,15,0,15,0,15,0,15,0
SDNE06875,ABDUL FARUK HARDWARE,24,0,24,200,24,0,24,0,24,0,24,0,24,0,24,0,24,0,24,0,24,0,24,0
SDNE06876,MAMONI HARDWARE,2.5,0,2.5,0,2.5,0,2.5,0,2.5,0,2.5,0,2.5,0,2.5,0,2.5,0,2.5,0,2.5,0,2.5,0
SDNE06877,ML MAZOMDAR HARDWARE,14.47875,0,14.47875,150,14.47875,0,14.47875,0,14.47875,0,14.47875,0,14.47875,0,14.47875,0,14.47875,0,14.47875,0,14.47875,0,14.47875,0
SDNE06879,BIKI ENTERPRISE (RSSB034),12,0,12,300,12,0,12,0,12,0,12,0,12,0,12,0,12,0,12,0,12,0,12,0
SDNE06880,NURHAMID HARDWARE,2.5,0,2.5,0,2.5,0,2.5,0,2.5,0,2.5,0,2.5,0,2.5,0,2.5,0,2.5,0,2.5,0,2.5,0
SDNE06881,MASUM HARDWARE,2.5,0,2.5,0,2.5,0,2.5,0,2.5,0,2.5,0,2.5,0,2.5,0,2.5,0,2.5,0,2.5,0,2.5,0
SDNE06882,GOUTAM ENTERPRISE,5,0,5,0,5,0,5,0,5,0,5,0,5,0,5,0,5,0,5,0,5,0,5,0
SDNE06883,DAS ENTERPRISE(JITU),20,0,20,100,20,0,20,0,20,0,20,0,20,0,20,0,20,0,20,0,20,0,20,0
SDNE06884,SALI HARDWARE,13.2,0,13.2,0,13.2,0,13.2,0,13.2,0,13.2,0,13.2,0,13.2,0,13.2,0,13.2,0,13.2,0,13.2,0
SDNE06885,MAA ENTERPRISE (DANDA),17.6,0,17.6,0,17.6,0,17.6,0,17.6,0,17.6,0,17.6,0,17.6,0,17.6,0,17.6,0,17.6,0,17.6,0
SDNE06886,RAHMAN ENTERPRISE (TABIBAR) (RSSR031),25,0,25,170,25,0,25,0,25,0,25,0,25,0,25,0,25,0,25,0,25,0,25,0
SDNE06887,G.K CONSTRUCTION,15,0,15,0,15,0,15,0,15,0,15,0,15,0,15,0,15,0,15,0,15,0,15,0
SDNE06888,SARALA ENTERPRISE,19,0,19,0,19,0,19,0,19,0,19,0,19,0,19,0,19,0,19,0,19,0,19,0
SDNE06890,J.N CONSTRUCTION,12,0,12,0,12,0,12,0,12,0,12,0,12,0,12,0,12,0,12,0,12,0,12,0
SDNE06891,EMPIRE ENTERPRISE,12,0,12,0,12,0,12,0,12,0,12,0,12,0,12,0,12,0,12,0,12,0,12,0
SDNE06892,MINARA HARDWARE,8,0,8,0,8,0,8,0,8,0,8,0,8,0,8,0,8,0,8,0,8,0,8,0
SDNE06930,MAA MANASHA ENTERPRISE (RSSM219),11,0,11,0,11,0,11,0,11,0,11,0,11,0,11,0,11,0,11,0,11,0,11,0
SDNE06940,L D ENTERPRISE (RSSL016),36,0,36,0,36,0,36,0,36,0,36,0,36,0,36,0,36,0,36,0,36,0,36,0
SDNE06942,SONOWAL ENTERPRISE (RSSS083),21.6,0,21.6,0,21.6,0,21.6,0,21.6,0,21.6,0,21.6,0,21.6,0,21.6,0,21.6,0,21.6,0,21.6,0
SDNE06943,M B ENTERPRISE (HAFIZUL),83.6,0,83.6,300,83.6,0,83.6,0,83.6,0,83.6,0,83.6,0,83.6,0,83.6,0,83.6,0,83.6,0,83.6,0
SDNE06946,MAA JAGADHATRI HARDWARE (RSSM084),10,0,10,0,10,0,10,0,10,0,10,0,10,0,10,0,10,0,10,0,10,0,10,0
SDNE06947,M N ENTERPRISE (RSSM083),10,0,10,0,10,0,10,0,10,0,10,0,10,0,10,0,10,0,10,0,10,0,10,0
SDNE06953,DEEPJYOTI HARDWARE & FABRICATION (RSSD139),12,0,12,0,12,0,12,0,12,0,12,0,12,0,12,0,12,0,12,0,12,0,12,0
SDNE06966,R J ENTERPRISE (RUNARITIK) (RSSR119),27.84444444,0,27.84444444,0,27.84444444,0,27.84444444,0,27.84444444,0,27.84444444,0,27.84444444,0,27.84444444,0,27.84444444,0,27.84444444,0,27.84444444,0,27.84444444,0
SDNE06974,SHREE HANUMAN ENTERPRISE (RSSS417),30,0,30,0,30,0,30,0,30,0,30,0,30,0,30,0,30,0,30,0,30,0,30,0
SDNE06982,SR TRADERS,45,0,45,0,45,0,45,0,45,0,45,0,45,0,45,0,45,0,45,0,45,0,45,0
SDNE06984,BORUAH H M HARDWARE (RSSB058),30,0,30,0,30,0,30,0,30,0,30,0,30,0,30,0,30,0,30,0,30,0,30,0
SDNE06986,DAS ENTERPRISE (KUSUMPUR) (RSSD041),10,0,10,200,10,0,10,0,10,0,10,0,10,0,10,0,10,0,10,0,10,0,10,0
SDNE07000,GUNAMALA HARDWARE (RSSG053),20,0,20,400,20,0,20,0,20,0,20,0,20,0,20,0,20,0,20,0,20,0,20,0
SDNE07004,BRAHMAPUTRA ENTERPRISE (RSSB052),21,0,21,270,21,0,21,0,21,0,21,0,21,0,21,0,21,0,21,0,21,0,21,0
SDNE07005,KALITA ENTERPRISE (BIJOY) (RSSK027),21,0,21,250,21,0,21,0,21,0,21,0,21,0,21,0,21,0,21,0,21,0,21,0
SDNE07006,NABANITA ENTERPRISE,27.5,0,27.5,250,27.5,0,27.5,0,27.5,0,27.5,0,27.5,0,27.5,0,27.5,0,27.5,0,27.5,0,27.5,0
SDNE07011,T K ENTERPRISE (RSST026),15,0,15,50,15,0,15,0,15,0,15,0,15,0,15,0,15,0,15,0,15,0,15,0
SDNE07015,BANDHU ENTERPRISE (RSSB068),30,0,30,150,30,0,30,0,30,0,30,0,30,0,30,0,30,0,30,0,30,0,30,0
SDNE07017,A B ENTERPRISE (RSSA074),20,0,20,40,20,0,20,0,20,0,20,0,20,0,20,0,20,0,20,0,20,0,20,0
SDNE07027,MAJUMDER HARDWARE,8,0,8,0,8,0,8,0,8,0,8,0,8,0,8,0,8,0,8,0,8,0,8,0
SDNE07028,SHAKIR HARDWARE,10,0,10,0,10,0,10,0,10,0,10,0,10,0,10,0,10,0,10,0,10,0,10,0
SDNE07029,SWASTYAYAN ENTERPRISE,34.1,0,34.1,550,34.1,0,34.1,0,34.1,0,34.1,0,34.1,0,34.1,0,34.1,0,34.1,0,34.1,0,34.1,0
SDNE07030,PRANJIT HARDWARE & REPARING CENTER,12.1,0,12.1,150,12.1,0,12.1,0,12.1,0,12.1,0,12.1,0,12.1,0,12.1,0,12.1,0,12.1,0,12.1,0
SDNE07031,AHMED HARDWARE (JAHIRUDDIN),5,0,5,180,5,0,5,0,5,0,5,0,5,0,5,0,5,0,5,0,5,0,5,0
SDNE07044,BORBORUAH HARDWARE (RSSB064),30,0,30,0,30,0,30,0,30,0,30,0,30,0,30,0,30,0,30,0,30,0,30,0
SDNE07045,KULDEEP STORE (RSSK031),42,0,42,0,42,0,42,0,42,0,42,0,42,0,42,0,42,0,42,0,42,0,42,0
SDNE07048,H.N.TRADERS,30,0,30,0,30,0,30,0,30,0,30,0,30,0,30,0,30,0,30,0,30,0,30,0
SDNE07049,DEBAKANTA DAS HARDWARE (RSS),20,0,20,0,20,0,20,0,20,0,20,0,20,0,20,0,20,0,20,0,20,0,20,0
SDNE07052,MOINA HARDWARE (RSSM265),15,0,15,0,15,0,15,0,15,0,15,0,15,0,15,0,15,0,15,0,15,0,15,0
SDNE07085,DADA BHAI ENTERPRISE ,13,0,13,0,13,0,13,0,13,0,13,0,13,0,13,0,13,0,13,0,13,0,13,0
SDNE07086,ENAMUL HARDWARE ,5,0,5,0,5,0,5,0,5,0,5,0,5,0,5,0,5,0,5,0,5,0,5,0
SDNE07087,J H ENTERPRISE ,25,0,25,0,25,0,25,0,25,0,25,0,25,0,25,0,25,0,25,0,25,0,25,0
SDNE07088,JAMAI HARDWARE ,30,0,30,0,30,0,30,0,30,0,30,0,30,0,30,0,30,0,30,0,30,0,30,0
SDNE07089,KHAN HARDWARE (RSSK033),24,0,24,0,24,0,24,0,24,0,24,0,24,0,24,0,24,0,24,0,24,0,24,0
SDNE07094,SABNAM ENTERRPISE ,17,0,17,400,17,0,17,0,17,0,17,0,17,0,17,0,17,0,17,0,17,0,17,0
SDNE07095,SONALI KRISHI BHANDAR ,13,0,13,0,13,0,13,0,13,0,13,0,13,0,13,0,13,0,13,0,13,0,13,0
SDNE07096,BALAJI HARDWARE,5,0,5,0,5,0,5,0,5,0,5,0,5,0,5,0,5,0,5,0,5,0,5,0
SDNE07097,BOBBY LALMAMPUI RALTE,25,0,25,0,25,0,25,0,25,0,25,0,25,0,25,0,25,0,25,0,25,0,25,0
SDNE07098,N.R. STORE,50,0,50,0,50,0,50,0,50,0,50,0,50,0,50,0,50,0,50,0,50,0,50,0
SDNE07099,ARATI ENTERPRISE ,10,0,10,0,10,0,10,0,10,0,10,0,10,0,10,0,10,0,10,0,10,0,10,0
SDNE07100,DUTTA HARDWARE ,21,0,21,0,21,0,21,0,21,0,21,0,21,0,21,0,21,0,21,0,21,0,21,0
SDNE07102,MASUD ENTERPRISE ,10,0,10,0,10,0,10,0,10,0,10,0,10,0,10,0,10,0,10,0,10,0,10,0
SDNE07105,MAA ENTERPRISE,15,0,15,100,15,0,15,0,15,0,15,0,15,0,15,0,15,0,15,0,15,0,15,0
SDNE07108,KALPANA STEELS (RSSK128),24,0,24,0,24,0,24,0,24,0,24,0,24,0,24,0,24,0,24,0,24,0,24,0
SDNE07109,CHETIA HARDWARE (RSSC054),18,0,18,0,18,0,18,0,18,0,18,0,18,0,18,0,18,0,18,0,18,0,18,0
SDNE07118,HUSSAIN HARDWARE (ANOWAR) (RSSH018),13,0,13,0,13,0,13,0,13,0,13,0,13,0,13,0,13,0,13,0,13,0,13,0
SDNE07121,JATINDRA TRADERS,18,0,18,0,18,0,18,0,18,0,18,0,18,0,18,0,18,0,18,0,18,0,18,0
SDNE07123,DIPTI ENTERPRISE,8,0,8,0,8,0,8,0,8,0,8,0,8,0,8,0,8,0,8,0,8,0,8,0
SDNE07142,SK ENTERPRISE (RSSS156),7.5,0,7.5,340,7.5,0,7.5,0,7.5,0,7.5,0,7.5,0,7.5,0,7.5,0,7.5,0,7.5,0,7.5,0
SDNE07144,UMI ELECTRICAL & HARDWARE (RSSU014),70,0,70,0,70,0,70,0,70,0,70,0,70,0,70,0,70,0,70,0,70,0,70,0
SDNE07148,LUCKY TRADER (RSSL054),70,0,70,0,70,0,70,0,70,0,70,0,70,0,70,0,70,0,70,0,70,0,70,0
SDNE07152,M R HARDWARE,15,0,15,110,15,0,15,0,15,0,15,0,15,0,15,0,15,0,15,0,15,0,15,0
SDNE07153,BRAHMAPUTRA ENTERPRISE (NRIPEN) (RSSB095),14.5,0,14.5,50,14.5,0,14.5,0,14.5,0,14.5,0,14.5,0,14.5,0,14.5,0,14.5,0,14.5,0,14.5,0
SDNE07154,M R ENTEPRISE (RSSM135),9,0,9,130,9,0,9,0,9,0,9,0,9,0,9,0,9,0,9,0,9,0,9,0
SDNE07157,MAA HARDWARE (JOYFUL) (RSSM136),10,0,10,0,10,0,10,0,10,0,10,0,10,0,10,0,10,0,10,0,10,0,10,0
SDNE07159,R T NATH HARDWARE (RSSR067),37,0,37,680,37,0,37,0,37,0,37,0,37,0,37,0,37,0,37,0,37,0,37,0
SDNE07161,NIRMAN ENTERPRISE & STEEL FABRICATION,30,0,30,360,30,0,30,0,30,0,30,0,30,0,30,0,30,0,30,0,30,0,30,0
SDNE07169,M K ENTERPRISE (AZMOT),9.625,0,9.625,150,9.625,0,9.625,0,9.625,0,9.625,0,9.625,0,9.625,0,9.625,0,9.625,0,9.625,0,9.625,0
SDNE07170,MOTIUR HARDWARE,16.1390625,0,16.1390625,250,16.1390625,0,16.1390625,0,16.1390625,0,16.1390625,0,16.1390625,0,16.1390625,0,16.1390625,0,16.1390625,0,16.1390625,0,16.1390625,0
SDNE07171,SUHANI HARDWARE,54.27125,0,54.27125,750,54.27125,0,54.27125,0,54.27125,0,54.27125,0,54.27125,0,54.27125,0,54.27125,0,54.27125,0,54.27125,0,54.27125,0
SDNE07177,S S KRISHI BHANDAR (RSSS169),20.92222222,0,20.92222222,0,20.92222222,0,20.92222222,0,20.92222222,0,20.92222222,0,20.92222222,0,20.92222222,0,20.92222222,0,20.92222222,0,20.92222222,0,20.92222222,0
SDNE07178,PRERANA GLASS & HARDWARE (RSSP054),9.403333333,0,9.403333333,0,9.403333333,0,9.403333333,0,9.403333333,0,9.403333333,0,9.403333333,0,9.403333333,0,9.403333333,0,9.403333333,0,9.403333333,0,9.403333333,0
SDNE07182,B S ENTERPRISE (RSSB078),30,0,30,0,30,0,30,0,30,0,30,0,30,0,30,0,30,0,30,0,30,0,30,0
SDNE07185,AGARWAL HARDWARE STORE (RSSA097),30,0,30,499,30,0,30,0,30,0,30,0,30,0,30,0,30,0,30,0,30,0,30,0
SDNE07188,ANKUR HARDWARE (RSSA199),25,0,25,0,25,0,25,0,25,0,25,0,25,0,25,0,25,0,25,0,25,0,25,0
SDNE07189,ASHOK AGARAWALLA & SONS(HUF) (RSSA179),25,0,25,440,25,0,25,0,25,0,25,0,25,0,25,0,25,0,25,0,25,0,25,0
SDNE07190,ASOMI HARDWARE (RSSA215),15,0,15,294,15,0,15,0,15,0,15,0,15,0,15,0,15,0,15,0,15,0,15,0
SDNE07193,B K HARDWARE (BEDANTA) (RSSB215),15,0,15,0,15,0,15,0,15,0,15,0,15,0,15,0,15,0,15,0,15,0,15,0
SDNE07198,SANJAY HARDWARE STORE,25,0,25,0,25,0,25,0,25,0,25,0,25,0,25,0,25,0,25,0,25,0,25,0
SDNE07203,DEVI STORE (RSSD086),25,0,25,656,25,0,25,0,25,0,25,0,25,0,25,0,25,0,25,0,25,0,25,0
SDNE07205,DUTTA HARDWARE STORE (RSSD104),25,0,25,0,25,0,25,0,25,0,25,0,25,0,25,0,25,0,25,0,25,0,25,0
SDNE07208,GANESH HARDWARE STORES (SANJIB) (RSSG052),18,0,18,0,18,0,18,0,18,0,18,0,18,0,18,0,18,0,18,0,18,0,18,0
SDNE07210,SRI GANGA HARDWARE (RSSS244),20,0,20,150,20,0,20,0,20,0,20,0,20,0,20,0,20,0,20,0,20,0,20,0
SDNE07214,GOSWAMI HARDWARE STORE (RSSG050),65,0,65,880,65,0,65,0,65,0,65,0,65,0,65,0,65,0,65,0,65,0,65,0
SDNE07225,KAMAL HARDWARE STORE (RSSK096),20,0,20,0,20,0,20,0,20,0,20,0,20,0,20,0,20,0,20,0,20,0,20,0
SDNE07237,NEHA HARDWARE (MOHESH) (RSSN127),30,0,30,0,30,0,30,0,30,0,30,0,30,0,30,0,30,0,30,0,30,0,30,0
SDNE07238,NIRMAL HARDWARE & ELECTRICAL (RSSN087),53,0,53,0,53,0,53,0,53,0,53,0,53,0,53,0,53,0,53,0,53,0,53,0
SDNE07240,OM ENTERPRISE (DEEPAK) (RSSO013),45,0,45,0,45,0,45,0,45,0,45,0,45,0,45,0,45,0,45,0,45,0,45,0
SDNE07246,SURAJMAL RADHESHYAM (RSSS356),10,0,10,100,10,0,10,0,10,0,10,0,10,0,10,0,10,0,10,0,10,0,10,0
SDNE07247,SHIV HARDWARE STORE (RSSS175),20,0,20,0,20,0,20,0,20,0,20,0,20,0,20,0,20,0,20,0,20,0,20,0
SDNE07248,SUSHIL AGRO CHEMICAL (RSSS205),40,0,40,0,40,0,40,0,40,0,40,0,40,0,40,0,40,0,40,0,40,0,40,0
SDNE07253,JYOTI RCC INDUSTRY (RSSJ035),15,0,15,0,15,0,15,0,15,0,15,0,15,0,15,0,15,0,15,0,15,0,15,0
SDNE07257,SAHU HARDWARE (BIJU) (RSSS298),70,0,70,0,70,0,70,0,70,0,70,0,70,0,70,0,70,0,70,0,70,0,70,0
SDNE07266,BHAGAWATI CEMENT UDYOG (RSSB192),20,0,20,0,20,0,20,0,20,0,20,0,20,0,20,0,20,0,20,0,20,0,20,0
SDNE07269,VAISHNAVI IRON & STEEL (RSSV004),35,0,35,120,35,0,35,0,35,0,35,0,35,0,35,0,35,0,35,0,35,0,35,0
SDNE07270,F A HARDWARE (RSSF004),36,0,36,0,36,0,36,0,36,0,36,0,36,0,36,0,36,0,36,0,36,0,36,0
SDNE07271,APSANA ENTERPRISE,5.5,0,5.5,0,5.5,0,5.5,0,5.5,0,5.5,0,5.5,0,5.5,0,5.5,0,5.5,0,5.5,0,5.5,0
SDNE07272,U K ENTERPRISE,22,0,22,0,22,0,22,0,22,0,22,0,22,0,22,0,22,0,22,0,22,0,22,0
SDNE07274,BIPUL HARDWARE (RSSB126),30,0,30,0,30,0,30,0,30,0,30,0,30,0,30,0,30,0,30,0,30,0,30,0
SDNE07278,COLOUR WORLD HARDWARE,60,0,60,0,60,0,60,0,60,0,60,0,60,0,60,0,60,0,60,0,60,0,60,0
SDNE07282,H K ENTERPRISES (RSSH019),150,400,150,0,150,0,150,0,150,0,150,0,150,0,150,0,150,0,150,0,150,0,150,0
SDNE07283,OK STAR (RSSO003),30,0,30,0,30,0,30,0,30,0,30,0,30,0,30,0,30,0,30,0,30,0,30,0
SDNE07284,CNS TRADERS (RSSC012),210,0,210,0,210,0,210,0,210,0,210,0,210,0,210,0,210,0,210,0,210,0,210,0
SDNE07286,MANIK ENTERPRISE ,7,0,7,0,7,0,7,0,7,0,7,0,7,0,7,0,7,0,7,0,7,0,7,0
SDNE07287,MANNAN HARDWARE ,20,0,20,0,20,0,20,0,20,0,20,0,20,0,20,0,20,0,20,0,20,0,20,0
SDNE07288,RENUKA HARDWARE & ELECTRICALS ,20,0,20,300,20,0,20,0,20,0,20,0,20,0,20,0,20,0,20,0,20,0,20,0
SDNE07289,U R HARDWARE ,7,0,7,0,7,0,7,0,7,0,7,0,7,0,7,0,7,0,7,0,7,0,7,0
SDNE07290,GOGOI ENTERPRISE (TINEN) (RSSG030),54,0,54,0,54,0,54,0,54,0,54,0,54,0,54,0,54,0,54,0,54,0,54,0
SDNE07295,ARUN AND SONS STEEL STORE (RSSA212),45,300,45,0,45,0,45,0,45,0,45,0,45,0,45,0,45,0,45,0,45,0,45,0
SDNE07296,B S HARDWARE (RSSB084),450,2840,450,0,450,0,450,0,450,0,450,0,450,0,450,0,450,0,450,0,450,0,450,0
SDNE07299,SOVA ENTERPRISE (RSSS152),18,0,18,240,18,0,18,0,18,0,18,0,18,0,18,0,18,0,18,0,18,0,18,0
SDNE07301,DEKA ENTERPRISE & HARDWARE (RSSD066),35,0,35,520,35,0,35,0,35,0,35,0,35,0,35,0,35,0,35,0,35,0,35,0
SDNE07307,SHRE KAILASH UDYOG,11,0,11,0,11,0,11,0,11,0,11,0,11,0,11,0,11,0,11,0,11,0,11,0
SDNE07308,BARMAN HARDWARE,2.5,0,2.5,120,2.5,0,2.5,0,2.5,0,2.5,0,2.5,0,2.5,0,2.5,0,2.5,0,2.5,0,2.5,0
SDNE07309,RAHMAN HARDWARE & ELECTRICALS (RSSR134),42,300,42,0,42,0,42,0,42,0,42,0,42,0,42,0,42,0,42,0,42,0,42,0
SDNE07312,AHMED ENTERPRISE (SAIFUDDIN),16.5,0,16.5,100,16.5,0,16.5,0,16.5,0,16.5,0,16.5,0,16.5,0,16.5,0,16.5,0,16.5,0,16.5,0
SDNE07313,LOKNATH HARDWARE ,15,0,15,0,15,0,15,0,15,0,15,0,15,0,15,0,15,0,15,0,15,0,15,0
SDNE07314,J M S ENTERPRISE ,15,0,15,0,15,0,15,0,15,0,15,0,15,0,15,0,15,0,15,0,15,0,15,0
SDNE07315,RAJLAXMI HARDWARE ,8,0,8,0,8,0,8,0,8,0,8,0,8,0,8,0,8,0,8,0,8,0,8,0
SDNE07316,MOTIBUR HARDWARE,12,0,12,0,12,0,12,0,12,0,12,0,12,0,12,0,12,0,12,0,12,0,12,0
SDNE07317,ARFAN STEEL,30,0,30,0,30,0,30,0,30,0,30,0,30,0,30,0,30,0,30,0,30,0,30,0
SDNE07320,SUDIPTA HARDWARE ,10,0,10,0,10,0,10,0,10,0,10,0,10,0,10,0,10,0,10,0,10,0,10,0
SDNE07321,UMESH HARDWARE ,27,0,27,550,27,0,27,0,27,0,27,0,27,0,27,0,27,0,27,0,27,0,27,0
SDNE07322,M I ENTERPRISE ,20,0,20,0,20,0,20,0,20,0,20,0,20,0,20,0,20,0,20,0,20,0,20,0
SDNE07326,EARTH MOVER,10,0,10,0,10,0,10,0,10,0,10,0,10,0,10,0,10,0,10,0,10,0,10,0
SDNE07328,MONDAL STORE,16.5,0,16.5,0,16.5,0,16.5,0,16.5,0,16.5,0,16.5,0,16.5,0,16.5,0,16.5,0,16.5,0,16.5,0
SDNE07329,M J HARDWARE,11,0,11,200,11,0,11,0,11,0,11,0,11,0,11,0,11,0,11,0,11,0,11,0
SDNE07330,J.J HARDWARE,13.2,0,13.2,100,13.2,0,13.2,0,13.2,0,13.2,0,13.2,0,13.2,0,13.2,0,13.2,0,13.2,0,13.2,0
SDNE07331,P K HARDWARE (PUNA) (RSSP043),30,0,30,0,30,0,30,0,30,0,30,0,30,0,30,0,30,0,30,0,30,0,30,0
SDNE07339,HUJAIPHA STORE,11,0,11,100,11,0,11,0,11,0,11,0,11,0,11,0,11,0,11,0,11,0,11,0
SDNE07342,ANSARY HARDWARE,49.5,0,49.5,800,49.5,0,49.5,0,49.5,0,49.5,0,49.5,0,49.5,0,49.5,0,49.5,0,49.5,0,49.5,0
SDNE07343,M B ENTERPRISE (MADHAB) (RSSM132),10,0,10,210,10,0,10,0,10,0,10,0,10,0,10,0,10,0,10,0,10,0,10,0
SDNE07348,NUR HARDWARE (NUR),33,0,33,300,33,0,33,0,33,0,33,0,33,0,33,0,33,0,33,0,33,0,33,0
SDNE07349,PRIYA HARDWARE (RSSP042),25,0,25,200,25,0,25,0,25,0,25,0,25,0,25,0,25,0,25,0,25,0,25,0
SDNE07350,U B ENTERPRISE (RSSU006),12,0,12,200,12,0,12,0,12,0,12,0,12,0,12,0,12,0,12,0,12,0,12,0
SDNE07354,MEHEDI HARDWARE,11,0,11,250,11,0,11,0,11,0,11,0,11,0,11,0,11,0,11,0,11,0,11,0
SDNE07356,NIHARIKA HARDWARE,11,0,11,50,11,0,11,0,11,0,11,0,11,0,11,0,11,0,11,0,11,0,11,0
SDNE07357,RAHMAN HARDWARE STORES (AFZALUR),11,0,11,100,11,0,11,0,11,0,11,0,11,0,11,0,11,0,11,0,11,0,11,0
SDNE07358,AKAND HARDWARE,27.5,0,27.5,100,27.5,0,27.5,0,27.5,0,27.5,0,27.5,0,27.5,0,27.5,0,27.5,0,27.5,0,27.5,0
SDNE07359,MAA HARDWARE (AWAL),22,0,22,270,22,0,22,0,22,0,22,0,22,0,22,0,22,0,22,0,22,0,22,0
SDNE07360,BASUDEV STORE,16.5,0,16.5,0,16.5,0,16.5,0,16.5,0,16.5,0,16.5,0,16.5,0,16.5,0,16.5,0,16.5,0,16.5,0
SDNE07361,JOY MAA KALI ENTERPRISE,16.5,0,16.5,0,16.5,0,16.5,0,16.5,0,16.5,0,16.5,0,16.5,0,16.5,0,16.5,0,16.5,0,16.5,0
SDNE07364,DAVID ENTERPRISE (GAUTAM) (RSSD056),20,0,20,190,20,0,20,0,20,0,20,0,20,0,20,0,20,0,20,0,20,0,20,0
SDNE07366,AKRAM HARDWARE (DIDARUL) ,45,0,45,0,45,0,45,0,45,0,45,0,45,0,45,0,45,0,45,0,45,0,45,0
SDNE07367,BHAI BHAI STORE (SHUKKUR) ,8,0,8,0,8,0,8,0,8,0,8,0,8,0,8,0,8,0,8,0,8,0,8,0
SDNE07373,RAHMAN HARDWARE,16.5,0,16.5,0,16.5,0,16.5,0,16.5,0,16.5,0,16.5,0,16.5,0,16.5,0,16.5,0,16.5,0,16.5,0
SDNE07393,PHULBILIS HINGE,25,0,25,0,25,0,25,0,25,0,25,0,25,0,25,0,25,0,25,0,25,0,25,0
SDNE07402,D S TRADERS (RSSD148),11,0,11,0,11,0,11,0,11,0,11,0,11,0,11,0,11,0,11,0,11,0,11,0
SDNE07412,BURHAN HARDWARE (RSSB106),16.5,0,16.5,0,16.5,0,16.5,0,16.5,0,16.5,0,16.5,0,16.5,0,16.5,0,16.5,0,16.5,0,16.5,0
SDNE07417,DUTTA ENTERPRISE (PARAGJYOTI) (RSSD089),30,0,30,0,30,0,30,0,30,0,30,0,30,0,30,0,30,0,30,0,30,0,30,0
SDNE07423,RAHMAN ENTERPRISE,11,0,11,0,11,0,11,0,11,0,11,0,11,0,11,0,11,0,11,0,11,0,11,0
SDNE07425,NERISH RURAL HARDWARE (RSSN089),24,0,24,0,24,0,24,0,24,0,24,0,24,0,24,0,24,0,24,0,24,0,24,0
SDNE07426,PRADIP HARDWARE (DEBAESWAR) (RSSP081),30,0,30,0,30,0,30,0,30,0,30,0,30,0,30,0,30,0,30,0,30,0,30,0
SDNE07427,KUMBANG HARDWARE STORE (RSSK079),24,0,24,0,24,0,24,0,24,0,24,0,24,0,24,0,24,0,24,0,24,0,24,0
SDNE07428,S K KARDONG STORE (RSSS217),18,0,18,0,18,0,18,0,18,0,18,0,18,0,18,0,18,0,18,0,18,0,18,0
SDNE07429,KAMAL UDDIN HARDWARE,11.941875,0,11.941875,0,11.941875,0,11.941875,0,11.941875,0,11.941875,0,11.941875,0,11.941875,0,11.941875,0,11.941875,0,11.941875,0,11.941875,0
SDNE07431,PORI ENTERPRISE,9.700625,0,9.700625,0,9.700625,0,9.700625,0,9.700625,0,9.700625,0,9.700625,0,9.700625,0,9.700625,0,9.700625,0,9.700625,0,9.700625,0
SDNE07432,HOQUE HARDWARE (AZMOL),5.5,0,5.5,330,5.5,0,5.5,0,5.5,0,5.5,0,5.5,0,5.5,0,5.5,0,5.5,0,5.5,0,5.5,0
SDNE07434,VIP HARDWARE AND SANATARY,4.5,0,4.5,300,4.5,0,4.5,0,4.5,0,4.5,0,4.5,0,4.5,0,4.5,0,4.5,0,4.5,0,4.5,0
SDNE07435,RAMESHWAR PRASAD STEEL,11,0,11,70,11,0,11,0,11,0,11,0,11,0,11,0,11,0,11,0,11,0,11,0
SDNE07438,T M ENTERPRISE,2.5,0,2.5,0,2.5,0,2.5,0,2.5,0,2.5,0,2.5,0,2.5,0,2.5,0,2.5,0,2.5,0,2.5,0
SDNE07440,SWASTIK HARDWARE,40,0,40,0,40,0,40,0,40,0,40,0,40,0,40,0,40,0,40,0,40,0,40,0
SDNE07449,SUPRIYA ENTERPRISE,30,0,30,0,30,0,30,0,30,0,30,0,30,0,30,0,30,0,30,0,30,0,30,0
SDNE07454,DUTTA HARDWARE (RSSD096),18,0,18,0,18,0,18,0,18,0,18,0,18,0,18,0,18,0,18,0,18,0,18,0
SDNE07463,MAA HARDWARE,15,0,15,200,15,0,15,0,15,0,15,0,15,0,15,0,15,0,15,0,15,0,15,0
SDNE07473,J.S. HARDWARE,50,0,50,0,50,0,50,0,50,0,50,0,50,0,50,0,50,0,50,0,50,0,50,0
SDNE07474,JAYNAL HARDWARE,5,0,5,0,5,0,5,0,5,0,5,0,5,0,5,0,5,0,5,0,5,0,5,0
SDNE07480,RAJBONGSHI ENTERPRISE (DHANESWAR) (RSSR072),12,0,12,550,12,0,12,0,12,0,12,0,12,0,12,0,12,0,12,0,12,0,12,0
SDNE07494,D S ENTERPRISE,24.2,0,24.2,760,24.2,0,24.2,0,24.2,0,24.2,0,24.2,0,24.2,0,24.2,0,24.2,0,24.2,0,24.2,0
SDNE07498,SARASWATI ENTERPRISE,14.3,0,14.3,250,14.3,0,14.3,0,14.3,0,14.3,0,14.3,0,14.3,0,14.3,0,14.3,0,14.3,0,14.3,0
SDNE07508,B M ENTERPRISE (SAILENDRA) (RSSB184),5,0,5,0,5,0,5,0,5,0,5,0,5,0,5,0,5,0,5,0,5,0,5,0
SDNE07509,HEMANTA HARDWARE,30,0,30,0,30,0,30,0,30,0,30,0,30,0,30,0,30,0,30,0,30,0,30,0
SDNE07510,MONIKA ENTERPRISE,12,0,12,200,12,0,12,0,12,0,12,0,12,0,12,0,12,0,12,0,12,0,12,0
SDNE07511,T.T. ENTERPRISE,5,0,5,0,5,0,5,0,5,0,5,0,5,0,5,0,5,0,5,0,5,0,5,0
SDNE07512,A.R. ENTERPRISE,35,0,35,0,35,0,35,0,35,0,35,0,35,0,35,0,35,0,35,0,35,0,35,0
SDNE07518,N N TRADERS (RSSN044),16.5,0,16.5,0,16.5,0,16.5,0,16.5,0,16.5,0,16.5,0,16.5,0,16.5,0,16.5,0,16.5,0,16.5,0
SDNE07521,K G N HARDWARE (RSSK048),27.5,0,27.5,0,27.5,0,27.5,0,27.5,0,27.5,0,27.5,0,27.5,0,27.5,0,27.5,0,27.5,0,27.5,0
SDNE07522,TAIYABUR RAHAMAN BARBHUIYA (RSST022),22,0,22,0,22,0,22,0,22,0,22,0,22,0,22,0,22,0,22,0,22,0,22,0
SDNE07533,B S ENTERPRISE (BINAY),9,0,9,530,9,0,9,0,9,0,9,0,9,0,9,0,9,0,9,0,9,0,9,0
SDNE07534,N K ENTERPRISE,15,0,15,0,15,0,15,0,15,0,15,0,15,0,15,0,15,0,15,0,15,0,15,0
SDNE07535,SAMIR HARDWARE (RSSS150),30,0,30,100,30,0,30,0,30,0,30,0,30,0,30,0,30,0,30,0,30,0,30,0
SDNE07539,KALITA HARDWARE (MANOJ),15.8125,0,15.8125,130,15.8125,0,15.8125,0,15.8125,0,15.8125,0,15.8125,0,15.8125,0,15.8125,0,15.8125,0,15.8125,0,15.8125,0
SDNE07540,RAHMAN ENTERPRISE (MAKIBUR) (RSSR074),40,0,40,520,40,0,40,0,40,0,40,0,40,0,40,0,40,0,40,0,40,0,40,0
SDNE07541,SAGAR ENTERPRISE (RSSS170),10,0,10,180,10,0,10,0,10,0,10,0,10,0,10,0,10,0,10,0,10,0,10,0
SDNE07543,SHIV ENTERPRISE (PARTHA) (RSSS299),9.5,0,9.5,0,9.5,0,9.5,0,9.5,0,9.5,0,9.5,0,9.5,0,9.5,0,9.5,0,9.5,0,9.5,0
SDNE07544,REZAUL ENTERPRISE,21.0375,0,21.0375,200,21.0375,0,21.0375,0,21.0375,0,21.0375,0,21.0375,0,21.0375,0,21.0375,0,21.0375,0,21.0375,0,21.0375,0
SDNE07552,D.D. HARDWARE,18,0,18,0,18,0,18,0,18,0,18,0,18,0,18,0,18,0,18,0,18,0,18,0
SDNE07556,DHRUBA STORE (RSSD090),20,0,20,0,20,0,20,0,20,0,20,0,20,0,20,0,20,0,20,0,20,0,20,0
SDNE07572,SUKRIT ENTERPRISE,30,0,30,665,30,0,30,0,30,0,30,0,30,0,30,0,30,0,30,0,30,0,30,0
SDNE07573,PRAKASH TRADERS,5,0,5,0,5,0,5,0,5,0,5,0,5,0,5,0,5,0,5,0,5,0,5,0
SDNE07576,MAJONI HARDWARE,12,0,12,0,12,0,12,0,12,0,12,0,12,0,12,0,12,0,12,0,12,0,12,0
SDNE07578,T M Y ENTERPRISE (RSST046),70,0,70,0,70,0,70,0,70,0,70,0,70,0,70,0,70,0,70,0,70,0,70,0
SDNE07581,TALAR ENTERPRISE (RSST031),70,0,70,0,70,0,70,0,70,0,70,0,70,0,70,0,70,0,70,0,70,0,70,0
SDNE07583,BKN HARDWARE,17,0,17,500,17,0,17,0,17,0,17,0,17,0,17,0,17,0,17,0,17,0,17,0
SDNE07584,MEGHNA ENTERPRISE (RSSM149),20,0,20,180,20,0,20,0,20,0,20,0,20,0,20,0,20,0,20,0,20,0,20,0
SDNE07585,RADHARAMAN HARDWARE,8,0,8,0,8,0,8,0,8,0,8,0,8,0,8,0,8,0,8,0,8,0,8,0
SDNE07586,SARMA HARDWARE ( AMIYA),9.9,0,9.9,70,9.9,0,9.9,0,9.9,0,9.9,0,9.9,0,9.9,0,9.9,0,9.9,0,9.9,0,9.9,0
SDNE07587,DURGANAGAR ENTERPRISE (RSSD071),27.5,0,27.5,0,27.5,0,27.5,0,27.5,0,27.5,0,27.5,0,27.5,0,27.5,0,27.5,0,27.5,0,27.5,0
SDNE07589,A K BARBHUIYA HARDWARE (RSSA103),21.78,0,21.78,0,21.78,0,21.78,0,21.78,0,21.78,0,21.78,0,21.78,0,21.78,0,21.78,0,21.78,0,21.78,0
SDNE07590,ABDUL FATTAH (RSSA096),16.5,0,16.5,0,16.5,0,16.5,0,16.5,0,16.5,0,16.5,0,16.5,0,16.5,0,16.5,0,16.5,0,16.5,0
SDNE07591,K A HARDWARE (RSSK055),11,0,11,0,11,0,11,0,11,0,11,0,11,0,11,0,11,0,11,0,11,0,11,0
SDNE07592,RAJBONGSHI ENTERPRISE (RSSR068),10,0,10,50,10,0,10,0,10,0,10,0,10,0,10,0,10,0,10,0,10,0,10,0
SDNE07593,TARIKA ENTERPRISE,15,0,15,570,15,0,15,0,15,0,15,0,15,0,15,0,15,0,15,0,15,0,15,0
SDNE07594,LAXMI HARDWARE (RSSL026),20,0,20,100,20,0,20,0,20,0,20,0,20,0,20,0,20,0,20,0,20,0,20,0
SDNE07595,ADITYA HARDWARE (RSSA078),11.55,0,11.55,0,11.55,0,11.55,0,11.55,0,11.55,0,11.55,0,11.55,0,11.55,0,11.55,0,11.55,0,11.55,0
SDNE07596,BISWAJIT STORE (RSSB108),20,0,20,0,20,0,20,0,20,0,20,0,20,0,20,0,20,0,20,0,20,0,20,0
SDNE07597,DUBEY STORE (RSSD064),14.7,0,14.7,0,14.7,0,14.7,0,14.7,0,14.7,0,14.7,0,14.7,0,14.7,0,14.7,0,14.7,0,14.7,0
SDNE07598,FARNAZ HARDWARE (RSSF005),39.9,0,39.9,0,39.9,0,39.9,0,39.9,0,39.9,0,39.9,0,39.9,0,39.9,0,39.9,0,39.9,0,39.9,0
SDNE07599,GANESH STORE (RSSG039),35,0,35,0,35,0,35,0,35,0,35,0,35,0,35,0,35,0,35,0,35,0,35,0
SDNE07600,HUSSAIN HARDWARE (IMRAN) (RSSH025),5,0,5,0,5,0,5,0,5,0,5,0,5,0,5,0,5,0,5,0,5,0,5,0
SDNE07601,M A ENTERPRISE (RSSM139),2.1,0,2.1,0,2.1,0,2.1,0,2.1,0,2.1,0,2.1,0,2.1,0,2.1,0,2.1,0,2.1,0,2.1,0
SDNE07602,M D HARDWARE STORE (RSSM140),20,0,20,0,20,0,20,0,20,0,20,0,20,0,20,0,20,0,20,0,20,0,20,0
SDNE07603,MAHADEV ENTERPRISE (RSSM142),16.8,0,16.8,0,16.8,0,16.8,0,16.8,0,16.8,0,16.8,0,16.8,0,16.8,0,16.8,0,16.8,0,16.8,0
SDNE07604,M S J HARDWARE (RSSM146),12,0,12,0,12,0,12,0,12,0,12,0,12,0,12,0,12,0,12,0,12,0,12,0
SDNE07605,RAHMAN HARDWARE (RSSR064),6,0,6,0,6,0,6,0,6,0,6,0,6,0,6,0,6,0,6,0,6,0,6,0
SDNE07606,RAJ HARDWARE (TEK) (RSSR065),5,0,5,0,5,0,5,0,5,0,5,0,5,0,5,0,5,0,5,0,5,0,5,0
SDNE07607,RUPJYOTI ENTERPRISE (RSSR066),10,0,10,0,10,0,10,0,10,0,10,0,10,0,10,0,10,0,10,0,10,0,10,0
SDNE07608,SAIKIA STORE (NABA),58.8,0,58.8,0,58.8,0,58.8,0,58.8,0,58.8,0,58.8,0,58.8,0,58.8,0,58.8,0,58.8,0,58.8,0
SDNE07609,SKB ENTERPRISE (RSSS149),26.25,0,26.25,0,26.25,0,26.25,0,26.25,0,26.25,0,26.25,0,26.25,0,26.25,0,26.25,0,26.25,0,26.25,0
SDNE07610,TALUKDAR HARDWARE (TAFAZUL) (RSST023),5,0,5,0,5,0,5,0,5,0,5,0,5,0,5,0,5,0,5,0,5,0,5,0
SDNE07611,AMINA ENTERPRISE ,20,0,20,0,20,0,20,0,20,0,20,0,20,0,20,0,20,0,20,0,20,0,20,0
SDNE07613,TAJ CONNECTING ,37,0,37,0,37,0,37,0,37,0,37,0,37,0,37,0,37,0,37,0,37,0,37,0
SDNE07614,D B STORES (RSSD073),48,0,48,0,48,0,48,0,48,0,48,0,48,0,48,0,48,0,48,0,48,0,48,0
SDNE07615,CHUTIA HARDWARE STORE (RSSC024),12,0,12,0,12,0,12,0,12,0,12,0,12,0,12,0,12,0,12,0,12,0,12,0
SDNE07616,J B HAZARIKA ENTERPRISE (RSSJ052),120,0,120,0,120,0,120,0,120,0,120,0,120,0,120,0,120,0,120,0,120,0,120,0
SDNE07617,GOGOI ENTERPRISE GROCERY & HARDWARE (RSSG044),24,0,24,0,24,0,24,0,24,0,24,0,24,0,24,0,24,0,24,0,24,0,24,0
SDNE07622,ALOM HARDWARE STORE (SHAHNUR),11,0,11,140,11,0,11,0,11,0,11,0,11,0,11,0,11,0,11,0,11,0,11,0
SDNE07623,NOOR HARDWARE STORE,16.5,0,16.5,0,16.5,0,16.5,0,16.5,0,16.5,0,16.5,0,16.5,0,16.5,0,16.5,0,16.5,0,16.5,0
SDNE07624,RAHMAN HARDWARE STORE (RAIZUDDIN),19.8,0,19.8,300,19.8,0,19.8,0,19.8,0,19.8,0,19.8,0,19.8,0,19.8,0,19.8,0,19.8,0,19.8,0
SDNE07625,MAA HARDWARE STORES (RSSM155),1.65,0,1.65,0,1.65,0,1.65,0,1.65,0,1.65,0,1.65,0,1.65,0,1.65,0,1.65,0,1.65,0,1.65,0
SDNE07626,MD MOFIDUL ISLAM (RSSM158),19.8,0,19.8,0,19.8,0,19.8,0,19.8,0,19.8,0,19.8,0,19.8,0,19.8,0,19.8,0,19.8,0,19.8,0
SDNE07627,SHREE GANESH HARDWARE & COLOUR HOUSE (RSSS163),14.3,0,14.3,300,14.3,0,14.3,0,14.3,0,14.3,0,14.3,0,14.3,0,14.3,0,14.3,0,14.3,0,14.3,0
SDNE07628,NISHANTA HARDWARE STORE (RSSN060),33,0,33,450,33,0,33,0,33,0,33,0,33,0,33,0,33,0,33,0,33,0,33,0
SDNE07629,CHOUDHURY HARDWARE (RSSC025),13.2,0,13.2,300,13.2,0,13.2,0,13.2,0,13.2,0,13.2,0,13.2,0,13.2,0,13.2,0,13.2,0,13.2,0
SDNE07630,HUSSAIN HARDWARE (ALI) (RSSH035),37.4,0,37.4,0,37.4,0,37.4,0,37.4,0,37.4,0,37.4,0,37.4,0,37.4,0,37.4,0,37.4,0,37.4,0
SDNE07631,GANAPATI HARDWARE (RSSG047),25.3,0,25.3,0,25.3,0,25.3,0,25.3,0,25.3,0,25.3,0,25.3,0,25.3,0,25.3,0,25.3,0,25.3,0
SDNE07632,ROFIKA HARDWARE (RSSR081),18.7,0,18.7,0,18.7,0,18.7,0,18.7,0,18.7,0,18.7,0,18.7,0,18.7,0,18.7,0,18.7,0,18.7,0
SDNE07633,MOKIBUL HARDWARE (RSSM182),11,0,11,0,11,0,11,0,11,0,11,0,11,0,11,0,11,0,11,0,11,0,11,0
SDNE07635,SHORIFUL STORES (RSSS188),2.2,0,2.2,0,2.2,0,2.2,0,2.2,0,2.2,0,2.2,0,2.2,0,2.2,0,2.2,0,2.2,0,2.2,0
SDNE07636,BRAHMAPUTRA HARDWARE (SANJIB) (RSSB133),51.7,0,51.7,0,51.7,0,51.7,0,51.7,0,51.7,0,51.7,0,51.7,0,51.7,0,51.7,0,51.7,0,51.7,0
SDNE07637,MOUSUMI HARDWARE (RSSM185),8.8,0,8.8,0,8.8,0,8.8,0,8.8,0,8.8,0,8.8,0,8.8,0,8.8,0,8.8,0,8.8,0,8.8,0
SDNE07638,ZAKIR HARDWARE (RSSZ004),22,0,22,0,22,0,22,0,22,0,22,0,22,0,22,0,22,0,22,0,22,0,22,0
SDNE07639,BHAI BHAI HARDWARE (JOYNAL) (RSSB132),31.9,0,31.9,0,31.9,0,31.9,0,31.9,0,31.9,0,31.9,0,31.9,0,31.9,0,31.9,0,31.9,0,31.9,0
SDNE07640,M M ENTERPRRISE (RSSM175),1.65,0,1.65,0,1.65,0,1.65,0,1.65,0,1.65,0,1.65,0,1.65,0,1.65,0,1.65,0,1.65,0,1.65,0
SDNE07641,MAA HARDWARE (RSSM176),6.66875,0,6.66875,0,6.66875,0,6.66875,0,6.66875,0,6.66875,0,6.66875,0,6.66875,0,6.66875,0,6.66875,0,6.66875,0,6.66875,0
SDNE07642,BHAI BHAI ENTERPRISE (RAJANI) (RSSB131),33,0,33,650,33,0,33,0,33,0,33,0,33,0,33,0,33,0,33,0,33,0,33,0
SDNE07643,BOMBAY HARDWARE,11,0,11,100,11,0,11,0,11,0,11,0,11,0,11,0,11,0,11,0,11,0,11,0
SDNE07644,HAI HARDWARE,82.5,0,82.5,0,82.5,0,82.5,0,82.5,0,82.5,0,82.5,0,82.5,0,82.5,0,82.5,0,82.5,0,82.5,0
SDNE07645,ISLAM H/W STORE,11,0,11,170,11,0,11,0,11,0,11,0,11,0,11,0,11,0,11,0,11,0,11,0
SDNE07646,JUWAL HARDWARE STORES,19.8,0,19.8,0,19.8,0,19.8,0,19.8,0,19.8,0,19.8,0,19.8,0,19.8,0,19.8,0,19.8,0,19.8,0
SDNE07647,M BROTHERS,16.5,0,16.5,0,16.5,0,16.5,0,16.5,0,16.5,0,16.5,0,16.5,0,16.5,0,16.5,0,16.5,0,16.5,0
SDNE07648,NUR STORE HARDWARE,16.5,0,16.5,750,16.5,0,16.5,0,16.5,0,16.5,0,16.5,0,16.5,0,16.5,0,16.5,0,16.5,0,16.5,0
SDNE07649,SAKIR HARDWARE STORES,55,0,55,0,55,0,55,0,55,0,55,0,55,0,55,0,55,0,55,0,55,0,55,0
SDNE07650,NEW HARDWARE STORE,27.5,0,27.5,300,27.5,0,27.5,0,27.5,0,27.5,0,27.5,0,27.5,0,27.5,0,27.5,0,27.5,0,27.5,0
SDNE07651,FEROZA HARDWARE STORE,126.5,0,126.5,0,126.5,0,126.5,0,126.5,0,126.5,0,126.5,0,126.5,0,126.5,0,126.5,0,126.5,0,126.5,0
SDNE07652,ANSAR ENTERPRISE,49.5,0,49.5,0,49.5,0,49.5,0,49.5,0,49.5,0,49.5,0,49.5,0,49.5,0,49.5,0,49.5,0,49.5,0
SDNE07654,BHOLANATH HARDWARE,23.1,0,23.1,350,23.1,0,23.1,0,23.1,0,23.1,0,23.1,0,23.1,0,23.1,0,23.1,0,23.1,0,23.1,0
SDNE07655,KRISHNA HARDWARE (TAPAN),27.5,0,27.5,100,27.5,0,27.5,0,27.5,0,27.5,0,27.5,0,27.5,0,27.5,0,27.5,0,27.5,0,27.5,0
SDNE07656,SIMANTA ENTERPRISE,59.4,0,59.4,800,59.4,0,59.4,0,59.4,0,59.4,0,59.4,0,59.4,0,59.4,0,59.4,0,59.4,0,59.4,0
SDNE07657,SURAVI ENTERPRISE (RSSS207),30,0,30,0,30,0,30,0,30,0,30,0,30,0,30,0,30,0,30,0,30,0,30,0
SDNE07661,SIMCHI R MARAK,180,0,180,0,180,0,180,0,180,0,180,0,180,0,180,0,180,0,180,0,180,0,180,0
SDNE07662,M/S-SANKAR STEEL HARDWARE,40,0,40,0,40,0,40,0,40,0,40,0,40,0,40,0,40,0,40,0,40,0,40,0
SDNE07667,SHARMA HARDWARE,21,0,21,0,21,0,21,0,21,0,21,0,21,0,21,0,21,0,21,0,21,0,21,0
SDNE07672,MAA HARDWARE (KAJAL) (RSSM239),11,0,11,0,11,0,11,0,11,0,11,0,11,0,11,0,11,0,11,0,11,0,11,0
SDNE07673,BHAI BHAI ENTERPRISE (JAHIR) (RSSB185),15,0,15,0,15,0,15,0,15,0,15,0,15,0,15,0,15,0,15,0,15,0,15,0
SDNE07675,RRR ENTERPRISE (RSSR135),70,0,70,0,70,0,70,0,70,0,70,0,70,0,70,0,70,0,70,0,70,0,70,0
SDNE07676,BBBB ENTERPRISE (RSSB180),70,0,70,0,70,0,70,0,70,0,70,0,70,0,70,0,70,0,70,0,70,0,70,0
SDNE07687,BANTI HARDWARE ,30,0,30,0,30,0,30,0,30,0,30,0,30,0,30,0,30,0,30,0,30,0,30,0
SDNE07688,DHAR & SONS (RSSD080),33,0,33,0,33,0,33,0,33,0,33,0,33,0,33,0,33,0,33,0,33,0,33,0
SDNE07689,RAJDEEP ENTERPRISE,8,0,8,0,8,0,8,0,8,0,8,0,8,0,8,0,8,0,8,0,8,0,8,0
SDNE07690,CHOITALI VARIETIES,50,0,50,0,50,0,50,0,50,0,50,0,50,0,50,0,50,0,50,0,50,0,50,0
SDNE07691,RAJ BHANDAR,15,0,15,0,15,0,15,0,15,0,15,0,15,0,15,0,15,0,15,0,15,0,15,0
SDNE07692,DIMPI BHANDAR (RSSD083),5,0,5,0,5,0,5,0,5,0,5,0,5,0,5,0,5,0,5,0,5,0,5,0
SDNE07693,S.G HARDWARE,60,0,60,0,60,0,60,0,60,0,60,0,60,0,60,0,60,0,60,0,60,0,60,0
SDNE07694,K B ENTERPRISE (ANOJ) (RSSK062),18,0,18,0,18,0,18,0,18,0,18,0,18,0,18,0,18,0,18,0,18,0,18,0
SDNE07696,BHUYAN ENTERPRISE (BISHNU) (RSSB145),12,0,12,0,12,0,12,0,12,0,12,0,12,0,12,0,12,0,12,0,12,0,12,0
SDNE07697,APURBA HARDWARE (RSSA133),18,0,18,0,18,0,18,0,18,0,18,0,18,0,18,0,18,0,18,0,18,0,18,0
SDNE07702,A M TRADERS (RSSA128),20,0,20,0,20,0,20,0,20,0,20,0,20,0,20,0,20,0,20,0,20,0,20,0
SDNE07703,MAA HARDWARE (PUTUL) (RSSM198),30,0,30,0,30,0,30,0,30,0,30,0,30,0,30,0,30,0,30,0,30,0,30,0
SDNE07704,PUSPA TRADERS (RSSP061),5.5,0,5.5,0,5.5,0,5.5,0,5.5,0,5.5,0,5.5,0,5.5,0,5.5,0,5.5,0,5.5,0,5.5,0
SDNE07706,ARMAN TRADERS (RSSA124),22,0,22,0,22,0,22,0,22,0,22,0,22,0,22,0,22,0,22,0,22,0,22,0
SDNE07707,DAS TRADING (RSSD078),22,0,22,0,22,0,22,0,22,0,22,0,22,0,22,0,22,0,22,0,22,0,22,0
SDNE07708,A B ENTERPRISE (MASUM) (RSSA117),22,0,22,0,22,0,22,0,22,0,22,0,22,0,22,0,22,0,22,0,22,0,22,0
SDNE07709,AHSAN HARDWARE (RSSA120),33,0,33,0,33,0,33,0,33,0,33,0,33,0,33,0,33,0,33,0,33,0,33,0
SDNE07710,SALMAN STORE (RSSS190),10.89,0,10.89,0,10.89,0,10.89,0,10.89,0,10.89,0,10.89,0,10.89,0,10.89,0,10.89,0,10.89,0,10.89,0
SDNE07711,AHMED TRADERS (RSSA119),33,0,33,0,33,0,33,0,33,0,33,0,33,0,33,0,33,0,33,0,33,0,33,0
SDNE07712,DAS HARDWARE (RANJIT) (RSSD077),16.5,0,16.5,0,16.5,0,16.5,0,16.5,0,16.5,0,16.5,0,16.5,0,16.5,0,16.5,0,16.5,0,16.5,0
SDNE07713,SIDDHARTHA SHANKAR DAS PURKAYASTHA (RSSS196),11,0,11,0,11,0,11,0,11,0,11,0,11,0,11,0,11,0,11,0,11,0,11,0
SDNE07714,CLASSIC HARDWARE (RSSC030),22,0,22,0,22,0,22,0,22,0,22,0,22,0,22,0,22,0,22,0,22,0,22,0
SDNE07715,MANASHA HARDWARE (RSSM188),22,0,22,0,22,0,22,0,22,0,22,0,22,0,22,0,22,0,22,0,22,0,22,0
SDNE07716,CHOWRINGEE HARDWARE (RSSC029),22,0,22,0,22,0,22,0,22,0,22,0,22,0,22,0,22,0,22,0,22,0,22,0
SDNE07717,PAUL TRADERS (NIKHILESH) (RSSP059),33,0,33,0,33,0,33,0,33,0,33,0,33,0,33,0,33,0,33,0,33,0,33,0
SDNE07718,R B TRADING (RSSR082),11,0,11,0,11,0,11,0,11,0,11,0,11,0,11,0,11,0,11,0,11,0,11,0
SDNE07720,PAUL TRADERS (RSSP058),38.5,0,38.5,0,38.5,0,38.5,0,38.5,0,38.5,0,38.5,0,38.5,0,38.5,0,38.5,0,38.5,0,38.5,0
SDNE07721,DEB ENTERPRISE (RSSD079),82.5,0,82.5,0,82.5,0,82.5,0,82.5,0,82.5,0,82.5,0,82.5,0,82.5,0,82.5,0,82.5,0,82.5,0
SDNE07722,RAMKRISHNA STORE (RSSR088),16.5,0,16.5,0,16.5,0,16.5,0,16.5,0,16.5,0,16.5,0,16.5,0,16.5,0,16.5,0,16.5,0,16.5,0
SDNE07724,BAISHALI TRADERS (RSSB137),11,0,11,0,11,0,11,0,11,0,11,0,11,0,11,0,11,0,11,0,11,0,11,0
SDNE07725,JOY STORES (RSSJ058),33,0,33,0,33,0,33,0,33,0,33,0,33,0,33,0,33,0,33,0,33,0,33,0
SDNE07726,ASSAM STEEL CENTRE (RSSA131),30,0,30,1100,30,0,30,0,30,0,30,0,30,0,30,0,30,0,30,0,30,0,30,0
SDNE07727,SHREE SHYAM HARDWARE (RSSS203),32,0,32,400,32,0,32,0,32,0,32,0,32,0,32,0,32,0,32,0,32,0,32,0
SDNE07728,R M ENTERPRISE (RSSR091),40,0,40,598,40,0,40,0,40,0,40,0,40,0,40,0,40,0,40,0,40,0,40,0
SDNE07731,ZIYA ENTERPRISE (RSSZ006),2.2,0,2.2,0,2.2,0,2.2,0,2.2,0,2.2,0,2.2,0,2.2,0,2.2,0,2.2,0,2.2,0,2.2,0
SDNE07732,SUMI HARDWARE (RSSS230),18.7,0,18.7,0,18.7,0,18.7,0,18.7,0,18.7,0,18.7,0,18.7,0,18.7,0,18.7,0,18.7,0,18.7,0
SDNE07733,SALMA HARDWARE AND UDDOG (RSSS231),11,0,11,0,11,0,11,0,11,0,11,0,11,0,11,0,11,0,11,0,11,0,11,0
SDNE07734,AASTHA HARDWARE (RSSA146),2.2,0,2.2,0,2.2,0,2.2,0,2.2,0,2.2,0,2.2,0,2.2,0,2.2,0,2.2,0,2.2,0,2.2,0
SDNE07736,MAMA BHAGIN HARDWARE (RSSM215),8.8,0,8.8,0,8.8,0,8.8,0,8.8,0,8.8,0,8.8,0,8.8,0,8.8,0,8.8,0,8.8,0,8.8,0
SDNE07737,S I S HARDWARE (RSSS233),88,0,88,0,88,0,88,0,88,0,88,0,88,0,88,0,88,0,88,0,88,0,88,0
SDNE07739,SHIV SHAKTI HARDWARE (RSSS235),5.5,0,5.5,250,5.5,0,5.5,0,5.5,0,5.5,0,5.5,0,5.5,0,5.5,0,5.5,0,5.5,0,5.5,0
SDNE07740,P MARWEIN (RSSP065),14,0,14,0,14,0,14,0,14,0,14,0,14,0,14,0,14,0,14,0,14,0,14,0
SDNE07741,TONLAN DONBON (RSST029),25,0,25,0,25,0,25,0,25,0,25,0,25,0,25,0,25,0,25,0,25,0,25,0
SDNE07742,FOUR STAR ENTERPRISE,30,0,30,0,30,0,30,0,30,0,30,0,30,0,30,0,30,0,30,0,30,0,30,0
SDNE07743,JANAPRIYA STORE,10,0,10,0,10,0,10,0,10,0,10,0,10,0,10,0,10,0,10,0,10,0,10,0
SDNE07744,MARUFA HARDWARE,38.5,0,38.5,0,38.5,0,38.5,0,38.5,0,38.5,0,38.5,0,38.5,0,38.5,0,38.5,0,38.5,0,38.5,0
SDNE07745,ALI HARDWARE,60.5,0,60.5,650,60.5,0,60.5,0,60.5,0,60.5,0,60.5,0,60.5,0,60.5,0,60.5,0,60.5,0,60.5,0
SDNE07746,BABA BHOLANATH STORE,16.5,0,16.5,300,16.5,0,16.5,0,16.5,0,16.5,0,16.5,0,16.5,0,16.5,0,16.5,0,16.5,0,16.5,0
SDNE07747,NUR HARDWARE (ALOM),3.3,0,3.3,0,3.3,0,3.3,0,3.3,0,3.3,0,3.3,0,3.3,0,3.3,0,3.3,0,3.3,0,3.3,0
SDNE07748,BAPPI HARDWARE STORE,16.5,0,16.5,0,16.5,0,16.5,0,16.5,0,16.5,0,16.5,0,16.5,0,16.5,0,16.5,0,16.5,0,16.5,0
SDNE07749,AHMED HARDWARE (REZZKUL),11,0,11,0,11,0,11,0,11,0,11,0,11,0,11,0,11,0,11,0,11,0,11,0
SDNE07750,ENTERPRISE SHOP,33,0,33,0,33,0,33,0,33,0,33,0,33,0,33,0,33,0,33,0,33,0,33,0
SDNE07751,FRIENDS HARDWARE,55,0,55,2300,55,0,55,0,55,0,55,0,55,0,55,0,55,0,55,0,55,0,55,0
SDNE07754,SANOWAR HUSSAIN,16.5,0,16.5,0,16.5,0,16.5,0,16.5,0,16.5,0,16.5,0,16.5,0,16.5,0,16.5,0,16.5,0,16.5,0
SDNE07755,ANOWAR HUSSAIN(MONDAL H/W),11,0,11,0,11,0,11,0,11,0,11,0,11,0,11,0,11,0,11,0,11,0,11,0
SDNE07756,JUMIYARA HARDWARE,16.5,0,16.5,0,16.5,0,16.5,0,16.5,0,16.5,0,16.5,0,16.5,0,16.5,0,16.5,0,16.5,0,16.5,0
SDNE07757,SARADA TRADING,22,0,22,0,22,0,22,0,22,0,22,0,22,0,22,0,22,0,22,0,22,0,22,0
SDNE07758,SALMA TRADERS,30,0,30,0,30,0,30,0,30,0,30,0,30,0,30,0,30,0,30,0,30,0,30,0
SDNE07759,NUR HUSSAIN SHEIKH STORE,5.5,0,5.5,0,5.5,0,5.5,0,5.5,0,5.5,0,5.5,0,5.5,0,5.5,0,5.5,0,5.5,0,5.5,0
SDNE07760,SAHABUL HARDWARE,16.5,0,16.5,0,16.5,0,16.5,0,16.5,0,16.5,0,16.5,0,16.5,0,16.5,0,16.5,0,16.5,0,16.5,0
SDNE07761,DURGA HARDWARE,16.5,0,16.5,300,16.5,0,16.5,0,16.5,0,16.5,0,16.5,0,16.5,0,16.5,0,16.5,0,16.5,0,16.5,0
SDNE07762,SHIV HARDWARE,16.5,0,16.5,150,16.5,0,16.5,0,16.5,0,16.5,0,16.5,0,16.5,0,16.5,0,16.5,0,16.5,0,16.5,0
SDNE07763,ILAMUDDIN HARDWARE,24.2,0,24.2,200,24.2,0,24.2,0,24.2,0,24.2,0,24.2,0,24.2,0,24.2,0,24.2,0,24.2,0,24.2,0
SDNE07764,ABHINANDAN ENTERPRISE,23.1,0,23.1,800,23.1,0,23.1,0,23.1,0,23.1,0,23.1,0,23.1,0,23.1,0,23.1,0,23.1,0,23.1,0
SDNE07766,MODERN CEMENT,95,0,95,1300,95,0,95,0,95,0,95,0,95,0,95,0,95,0,95,0,95,0,95,0
SDNE07767,ANJUMA ENTERPRISE,11,0,11,100,11,0,11,0,11,0,11,0,11,0,11,0,11,0,11,0,11,0,11,0
SDNE07768,ZAKARIA ENTERPRISE,27.5,0,27.5,300,27.5,0,27.5,0,27.5,0,27.5,0,27.5,0,27.5,0,27.5,0,27.5,0,27.5,0,27.5,0
SDNE07769,KHAIRUL HARDWARE,40,0,40,500,40,0,40,0,40,0,40,0,40,0,40,0,40,0,40,0,40,0,40,0
SDNE07770,BHAI BHAI HARDWARE,11,0,11,50,11,0,11,0,11,0,11,0,11,0,11,0,11,0,11,0,11,0,11,0
SDNE07771,GHOSH BROTHERS,33,0,33,200,33,0,33,0,33,0,33,0,33,0,33,0,33,0,33,0,33,0,33,0
SDNE07772,S C ENTERPRISE,11,0,11,0,11,0,11,0,11,0,11,0,11,0,11,0,11,0,11,0,11,0,11,0
SDNE07773,SAMRAT HARDWARE,77,0,77,900,77,0,77,0,77,0,77,0,77,0,77,0,77,0,77,0,77,0,77,0
SDNE07774,MINHAJUL HARDWARE,16.5,0,16.5,347,16.5,0,16.5,0,16.5,0,16.5,0,16.5,0,16.5,0,16.5,0,16.5,0,16.5,0,16.5,0
SDNE07775,ASHA HARDWARE,11,0,11,100,11,0,11,0,11,0,11,0,11,0,11,0,11,0,11,0,11,0,11,0
SDNE07776,LEIMA ENTERPRISES (RSSL031),80,0,80,0,80,0,80,0,80,0,80,0,80,0,80,0,80,0,80,0,80,0,80,0
SDNE07777,NALINI HARDWARE (RSSN062),25,0,25,0,25,0,25,0,25,0,25,0,25,0,25,0,25,0,25,0,25,0,25,0
SDNE07779,K PRADIP STEEL AND CEMENT STORE (RSSK057),120,0,120,0,120,0,120,0,120,0,120,0,120,0,120,0,120,0,120,0,120,0,120,0
SDNE07780,PT ENTERPRISES (RSSP060),55,0,55,0,55,0,55,0,55,0,55,0,55,0,55,0,55,0,55,0,55,0,55,0
SDNE07783,R B ASSOCIATE,13.2,0,13.2,300,13.2,0,13.2,0,13.2,0,13.2,0,13.2,0,13.2,0,13.2,0,13.2,0,13.2,0,13.2,0
SDNE07784,HALOI ENTERPRISE (DWIPEN),18.7,0,18.7,200,18.7,0,18.7,0,18.7,0,18.7,0,18.7,0,18.7,0,18.7,0,18.7,0,18.7,0,18.7,0
SDNE07785,BARMAN ENTERPRISE (SAMIN),20.9,0,20.9,250,20.9,0,20.9,0,20.9,0,20.9,0,20.9,0,20.9,0,20.9,0,20.9,0,20.9,0,20.9,0
SDNE07786,NABIN HARDWARE,3.3,0,3.3,0,3.3,0,3.3,0,3.3,0,3.3,0,3.3,0,3.3,0,3.3,0,3.3,0,3.3,0,3.3,0
SDNE07787,PRATISHTHAN HARDWARE,5.5,0,5.5,0,5.5,0,5.5,0,5.5,0,5.5,0,5.5,0,5.5,0,5.5,0,5.5,0,5.5,0,5.5,0
SDNE07788,KALITA HARDWARE (MINTU),41.8,0,41.8,730,41.8,0,41.8,0,41.8,0,41.8,0,41.8,0,41.8,0,41.8,0,41.8,0,41.8,0,41.8,0
SDNE07789,M S ENTERPRISE,9.9,0,9.9,70,9.9,0,9.9,0,9.9,0,9.9,0,9.9,0,9.9,0,9.9,0,9.9,0,9.9,0,9.9,0
SDNE07792,LAKHIMA ENTERPRISE,14.3,0,14.3,0,14.3,0,14.3,0,14.3,0,14.3,0,14.3,0,14.3,0,14.3,0,14.3,0,14.3,0,14.3,0
SDNE07793,MAA ENTERPRISE,7.7,0,7.7,200,7.7,0,7.7,0,7.7,0,7.7,0,7.7,0,7.7,0,7.7,0,7.7,0,7.7,0,7.7,0
SDNE07794,KALITA HARDWARE (BANAMALI),18.7,0,18.7,100,18.7,0,18.7,0,18.7,0,18.7,0,18.7,0,18.7,0,18.7,0,18.7,0,18.7,0,18.7,0
SDNE07798,SANKHA HARDWARE,24.2,0,24.2,100,24.2,0,24.2,0,24.2,0,24.2,0,24.2,0,24.2,0,24.2,0,24.2,0,24.2,0,24.2,0
SDNE07799,HIMALAYA HARDWARE,38.5,0,38.5,450,38.5,0,38.5,0,38.5,0,38.5,0,38.5,0,38.5,0,38.5,0,38.5,0,38.5,0,38.5,0
SDNE07800,ISLAM HARDWARE,8.8,0,8.8,100,8.8,0,8.8,0,8.8,0,8.8,0,8.8,0,8.8,0,8.8,0,8.8,0,8.8,0,8.8,0
SDNE07801,K H ENTERPRISE,50,0,50,1000,50,0,50,0,50,0,50,0,50,0,50,0,50,0,50,0,50,0,50,0
SDNE07808,SARKAR HARDWARE,11,0,11,200,11,0,11,0,11,0,11,0,11,0,11,0,11,0,11,0,11,0,11,0
SDNE07809,SAHAJ ENTERPRISE,44,0,44,320,44,0,44,0,44,0,44,0,44,0,44,0,44,0,44,0,44,0,44,0
SDNE07821,M T ENTERPRISE (RSSM196),40,0,40,0,40,0,40,0,40,0,40,0,40,0,40,0,40,0,40,0,40,0,40,0
SDNE07822,R K HARDWARE (RAHUL) (RSSR120),12,0,12,0,12,0,12,0,12,0,12,0,12,0,12,0,12,0,12,0,12,0,12,0
SDNE07823,KALITA ENTERPRISE (NAREN),5.5,0,5.5,0,5.5,0,5.5,0,5.5,0,5.5,0,5.5,0,5.5,0,5.5,0,5.5,0,5.5,0,5.5,0
SDNE07825,SHIKUMAR SAHU (RSSS241),15,0,15,0,15,0,15,0,15,0,15,0,15,0,15,0,15,0,15,0,15,0,15,0
SDNE07828,ANISUR HARDWARE,3.3,0,3.3,0,3.3,0,3.3,0,3.3,0,3.3,0,3.3,0,3.3,0,3.3,0,3.3,0,3.3,0,3.3,0
SDNE07829,RAJU STORE,22,0,22,0,22,0,22,0,22,0,22,0,22,0,22,0,22,0,22,0,22,0,22,0
SDNE07830,MOLLAH ENTERPRISE,27.5,0,27.5,210,27.5,0,27.5,0,27.5,0,27.5,0,27.5,0,27.5,0,27.5,0,27.5,0,27.5,0,27.5,0
SDNE07831,R.S HARDWARE,14.3,0,14.3,140,14.3,0,14.3,0,14.3,0,14.3,0,14.3,0,14.3,0,14.3,0,14.3,0,14.3,0,14.3,0
SDNE07832,ARATI ENTERPRISE,14,0,14,0,14,0,14,0,14,0,14,0,14,0,14,0,14,0,14,0,14,0,14,0
SDNE07833,PAUL TRADERS (PRASENJIT) (RSSP073),11,0,11,0,11,0,11,0,11,0,11,0,11,0,11,0,11,0,11,0,11,0,11,0
SDNE07834,SOIDUL HUSSAIN HARDWARE (RSSS243),38.5,0,38.5,0,38.5,0,38.5,0,38.5,0,38.5,0,38.5,0,38.5,0,38.5,0,38.5,0,38.5,0,38.5,0
SDNE07835,LASKAR HARDWARE (NURUL) (RSSL037),27.5,0,27.5,0,27.5,0,27.5,0,27.5,0,27.5,0,27.5,0,27.5,0,27.5,0,27.5,0,27.5,0,27.5,0
SDNE07836,KAMRAN TRADERS (RSSK074),16.5,0,16.5,0,16.5,0,16.5,0,16.5,0,16.5,0,16.5,0,16.5,0,16.5,0,16.5,0,16.5,0,16.5,0
SDNE07837,LIZA STORES (RSSL041),22,0,22,0,22,0,22,0,22,0,22,0,22,0,22,0,22,0,22,0,22,0,22,0
SDNE07839,RAJ HARDWARE (RASENDRA) (RSSR106),22,0,22,0,22,0,22,0,22,0,22,0,22,0,22,0,22,0,22,0,22,0,22,0
SDNE07840,MOZUMDER TRADERS (RSSM222),11,0,11,0,11,0,11,0,11,0,11,0,11,0,11,0,11,0,11,0,11,0,11,0
SDNE07841,DIYA ENTERPRISE (RSSD098),22,0,22,0,22,0,22,0,22,0,22,0,22,0,22,0,22,0,22,0,22,0,22,0
SDNE07842,G A TRADERS (RSSG058),33,0,33,0,33,0,33,0,33,0,33,0,33,0,33,0,33,0,33,0,33,0,33,0
SDNE07844,J K ENTERPRISE (KULSUMA) (RSSJ069),22,0,22,0,22,0,22,0,22,0,22,0,22,0,22,0,22,0,22,0,22,0,22,0
SDNE07846,SWARUPA DAS (RSSS246),22,0,22,0,22,0,22,0,22,0,22,0,22,0,22,0,22,0,22,0,22,0,22,0
SDNE07847,A R HARDWARE (RSSA149),33,0,33,0,33,0,33,0,33,0,33,0,33,0,33,0,33,0,33,0,33,0,33,0
SDNE07848,PANKAJ HARDWARE (RSSP072),11,0,11,0,11,0,11,0,11,0,11,0,11,0,11,0,11,0,11,0,11,0,11,0
SDNE07849,BANIK HARDWARE (RSSB165),16.5,0,16.5,0,16.5,0,16.5,0,16.5,0,16.5,0,16.5,0,16.5,0,16.5,0,16.5,0,16.5,0,16.5,0
SDNE07850,ANJOLI HARDWARE (RSSA151),22,0,22,0,22,0,22,0,22,0,22,0,22,0,22,0,22,0,22,0,22,0,22,0
SDNE07851,BARBBHUIYA TRADERS (RSSB166),11,0,11,0,11,0,11,0,11,0,11,0,11,0,11,0,11,0,11,0,11,0,11,0
SDNE07852,DEB ENTERPRISE (ANUPAM) (RSSD097),22,0,22,0,22,0,22,0,22,0,22,0,22,0,22,0,22,0,22,0,22,0,22,0
SDNE07853,FAHIMA HARDWARE (RSSF009),16.5,0,16.5,0,16.5,0,16.5,0,16.5,0,16.5,0,16.5,0,16.5,0,16.5,0,16.5,0,16.5,0,16.5,0
SDNE07854,BIJOYA TRADERS (RSSB171),27.5,0,27.5,0,27.5,0,27.5,0,27.5,0,27.5,0,27.5,0,27.5,0,27.5,0,27.5,0,27.5,0,27.5,0
SDNE07855,RAHI ENTERPRISE (RSSR114),22,0,22,0,22,0,22,0,22,0,22,0,22,0,22,0,22,0,22,0,22,0,22,0
SDNE07856,GAURANGA PAUL (RSSG060),11,0,11,0,11,0,11,0,11,0,11,0,11,0,11,0,11,0,11,0,11,0,11,0
SDNE07857,ANUP DAS (RSSA156),16.5,0,16.5,0,16.5,0,16.5,0,16.5,0,16.5,0,16.5,0,16.5,0,16.5,0,16.5,0,16.5,0,16.5,0
SDNE07858,PRAKASH HARDWARE (RSSP078),12,0,12,0,12,0,12,0,12,0,12,0,12,0,12,0,12,0,12,0,12,0,12,0
SDNE07860,D.K ENTERPRISE (HEMEN),34,0,34,0,34,0,34,0,34,0,34,0,34,0,34,0,34,0,34,0,34,0,34,0
SDNE07861,SAMIM HARDWARE,16.5,0,16.5,350,16.5,0,16.5,0,16.5,0,16.5,0,16.5,0,16.5,0,16.5,0,16.5,0,16.5,0,16.5,0
SDNE07862,MAA HARDWARE,16.5,0,16.5,400,16.5,0,16.5,0,16.5,0,16.5,0,16.5,0,16.5,0,16.5,0,16.5,0,16.5,0,16.5,0
SDNE07863,LOKNATH ENTERPRISE,11,0,11,100,11,0,11,0,11,0,11,0,11,0,11,0,11,0,11,0,11,0,11,0
SDNE07864,NUR HARDWARE,11,0,11,50,11,0,11,0,11,0,11,0,11,0,11,0,11,0,11,0,11,0,11,0
SDNE07865,MINU HARDWARE,16.5,0,16.5,750,16.5,0,16.5,0,16.5,0,16.5,0,16.5,0,16.5,0,16.5,0,16.5,0,16.5,0,16.5,0
SDNE07866,ASHIRBAD HARDWARE,20,0,20,200,20,0,20,0,20,0,20,0,20,0,20,0,20,0,20,0,20,0,20,0
SDNE07867,KARTIK STORE,11,0,11,200,11,0,11,0,11,0,11,0,11,0,11,0,11,0,11,0,11,0,11,0
SDNE07869,MD. AQUIL (RSSM230),15,0,15,0,15,0,15,0,15,0,15,0,15,0,15,0,15,0,15,0,15,0,15,0
SDNE07871,SWASATH ENTERPRISE (RSSS253),35.7,0,35.7,0,35.7,0,35.7,0,35.7,0,35.7,0,35.7,0,35.7,0,35.7,0,35.7,0,35.7,0,35.7,0
SDNE07874,SHUBHAM ENTERPRISE,40.7,0,40.7,0,40.7,0,40.7,0,40.7,0,40.7,0,40.7,0,40.7,0,40.7,0,40.7,0,40.7,0,40.7,0
SDNE07875,SAHIL ENTERPRISE,22,0,22,100,22,0,22,0,22,0,22,0,22,0,22,0,22,0,22,0,22,0,22,0
SDNE07876,FAHIM ENTERPRISE,11,0,11,150,11,0,11,0,11,0,11,0,11,0,11,0,11,0,11,0,11,0,11,0
SDNE07881,CHARALI HARDWARE (RSS),10,0,10,0,10,0,10,0,10,0,10,0,10,0,10,0,10,0,10,0,10,0,10,0
SDNE07882,DEKA STORE ,7,0,7,50,7,0,7,0,7,0,7,0,7,0,7,0,7,0,7,0,7,0,7,0
SDNE07884,NATH ENTERPRISE (RSSN119),33,0,33,100,33,0,33,0,33,0,33,0,33,0,33,0,33,0,33,0,33,0,33,0
SDNE07886,FIROZ ENTERPRISE (RSSF014),20,0,20,100,20,0,20,0,20,0,20,0,20,0,20,0,20,0,20,0,20,0,20,0
SDNE07887,SELIMA ENTERPRISE,8,0,8,50,8,0,8,0,8,0,8,0,8,0,8,0,8,0,8,0,8,0,8,0
SDNE07888,CHOUDHURY ENTERPRISE (SULTAN) (RSSC041),47,0,47,300,47,0,47,0,47,0,47,0,47,0,47,0,47,0,47,0,47,0,47,0
SDNE07890,J K ENTERPRISE (SAMUJJAL) (RSSJ096),3.75,0,3.75,0,3.75,0,3.75,0,3.75,0,3.75,0,3.75,0,3.75,0,3.75,0,3.75,0,3.75,0,3.75,0
SDNE07894,MIRI ENTERPRISE,7,0,7,0,7,0,7,0,7,0,7,0,7,0,7,0,7,0,7,0,7,0,7,0
SDNE07895,PANDAJI HARDWARE (RSSP084),16.5,0,16.5,0,16.5,0,16.5,0,16.5,0,16.5,0,16.5,0,16.5,0,16.5,0,16.5,0,16.5,0,16.5,0
SDNE07897,WILLIAM CEMENT MART (RSSW003),17,0,17,0,17,0,17,0,17,0,17,0,17,0,17,0,17,0,17,0,17,0,17,0
SDNE07898,MEGHA HARDWARE (RSSM233),130,1900,130,0,130,0,130,0,130,0,130,0,130,0,130,0,130,0,130,0,130,0,130,0
SDNE07899,KHUMUKCHAM ENTERPRISE (RSSK081),25,0,25,0,25,0,25,0,25,0,25,0,25,0,25,0,25,0,25,0,25,0,25,0
SDNE07900,SANTANU STEEL AND CEMENT (RSSS264),50,560,50,0,50,0,50,0,50,0,50,0,50,0,50,0,50,0,50,0,50,0,50,0
SDNE07901,GANESH STEEL (RSSG063),124,0,124,0,124,0,124,0,124,0,124,0,124,0,124,0,124,0,124,0,124,0,124,0
SDNE07902,KAMAL HARDWARE (CHAYGAON),19.6625,0,19.6625,270,19.6625,0,19.6625,0,19.6625,0,19.6625,0,19.6625,0,19.6625,0,19.6625,0,19.6625,0,19.6625,0,19.6625,0
SDNE07903,KUMAR ENTERPRISE (NABA),22,0,22,150,22,0,22,0,22,0,22,0,22,0,22,0,22,0,22,0,22,0,22,0
SDNE07904,KALITA HARDWARE (AMAR),16.98125,0,16.98125,110,16.98125,0,16.98125,0,16.98125,0,16.98125,0,16.98125,0,16.98125,0,16.98125,0,16.98125,0,16.98125,0,16.98125,0
SDNE07905,TWO BROTHERS HARDWARE,14.575,0,14.575,250,14.575,0,14.575,0,14.575,0,14.575,0,14.575,0,14.575,0,14.575,0,14.575,0,14.575,0,14.575,0
SDNE07906,MAA ENTERPRISE (KISHOR),13.2,0,13.2,0,13.2,0,13.2,0,13.2,0,13.2,0,13.2,0,13.2,0,13.2,0,13.2,0,13.2,0,13.2,0
SDNE07907,MAA HARDWARE (ABDUR),21.3125,0,21.3125,500,21.3125,0,21.3125,0,21.3125,0,21.3125,0,21.3125,0,21.3125,0,21.3125,0,21.3125,0,21.3125,0,21.3125,0
SDNE07915,AMIN HARDWARE (ROFIKUL),11,0,11,0,11,0,11,0,11,0,11,0,11,0,11,0,11,0,11,0,11,0,11,0
SDNE07917,GANESH HARDWARE AND ELECTRICAL (RSSG064),10,0,10,0,10,0,10,0,10,0,10,0,10,0,10,0,10,0,10,0,10,0,10,0
SDNE07918,SABITA STORE (RSSS276),27.5,0,27.5,0,27.5,0,27.5,0,27.5,0,27.5,0,27.5,0,27.5,0,27.5,0,27.5,0,27.5,0,27.5,0
SDNE07919,JOY GURU HARDWARE (RSSJ078),11,0,11,0,11,0,11,0,11,0,11,0,11,0,11,0,11,0,11,0,11,0,11,0
SDNE07920,USHA TRADERS (RSSU012),22,0,22,0,22,0,22,0,22,0,22,0,22,0,22,0,22,0,22,0,22,0,22,0
SDNE07921,ASSAM SALES CORPORATION (RSSA165),19.44444444,0,19.44444444,0,19.44444444,0,19.44444444,0,19.44444444,0,19.44444444,0,19.44444444,0,19.44444444,0,19.44444444,0,19.44444444,0,19.44444444,0,19.44444444,0
SDNE07922,BHARALI HARDWARE & ELECTRICALS (RSSB190),8.322222222,0,8.322222222,0,8.322222222,0,8.322222222,0,8.322222222,0,8.322222222,0,8.322222222,0,8.322222222,0,8.322222222,0,8.322222222,0,8.322222222,0,8.322222222,0
SDNE07923,BICHITRA BORUAH (RSSB191),37.33333333,0,37.33333333,0,37.33333333,0,37.33333333,0,37.33333333,0,37.33333333,0,37.33333333,0,37.33333333,0,37.33333333,0,37.33333333,0,37.33333333,0,37.33333333,0
SDNE07924,SHIV BABA HARDWARE (RSSS267),25,0,25,100,25,0,25,0,25,0,25,0,25,0,25,0,25,0,25,0,25,0,25,0
SDNE07925,MODERN INTERIOR DECOR (RSSM243),40,0,40,0,40,0,40,0,40,0,40,0,40,0,40,0,40,0,40,0,40,0,40,0
SDNE07926,M S STORE (YUVRAJ) (RSSM244),40,0,40,0,40,0,40,0,40,0,40,0,40,0,40,0,40,0,40,0,40,0,40,0
SDNE07927,M/S SAIKIA HARDWARE,31.5,0,31.5,0,31.5,0,31.5,0,31.5,0,31.5,0,31.5,0,31.5,0,31.5,0,31.5,0,31.5,0,31.5,0
SDNE07928,KRISHNA HARDWARE (DIPU) (RSSK087),60,0,60,0,60,0,60,0,60,0,60,0,60,0,60,0,60,0,60,0,60,0,60,0
SDNE07929,BAISHYA STORE (SUNIT) (RSSB193),19.95,0,19.95,0,19.95,0,19.95,0,19.95,0,19.95,0,19.95,0,19.95,0,19.95,0,19.95,0,19.95,0,19.95,0
SDNE07930,S K ENTERPRISE (RSSS270),50,0,50,0,50,0,50,0,50,0,50,0,50,0,50,0,50,0,50,0,50,0,50,0
SDNE07931,SONITPUR PLASTIC HOUSE (RSSS271),53.55,0,53.55,0,53.55,0,53.55,0,53.55,0,53.55,0,53.55,0,53.55,0,53.55,0,53.55,0,53.55,0,53.55,0
SDNE07932,S S K HARDWARE (RSSS272),21,0,21,0,21,0,21,0,21,0,21,0,21,0,21,0,21,0,21,0,21,0,21,0
SDNE07933,LAHKAR ENTERPRISE (RSSL044),12,0,12,0,12,0,12,0,12,0,12,0,12,0,12,0,12,0,12,0,12,0,12,0
SDNE07934,BISTI HARDWARE,12,0,12,0,12,0,12,0,12,0,12,0,12,0,12,0,12,0,12,0,12,0,12,0
SDNE07935,BASUMATARY HARDWARE (RSSB197),6,0,6,0,6,0,6,0,6,0,6,0,6,0,6,0,6,0,6,0,6,0,6,0
SDNE07936,MAA DURGA HARDWARE (ANUP) (RSSM248),10,0,10,0,10,0,10,0,10,0,10,0,10,0,10,0,10,0,10,0,10,0,10,0
SDNE07937,RAHMAN ENTERPRISE (JIAUL) (RSSR121),35,0,35,0,35,0,35,0,35,0,35,0,35,0,35,0,35,0,35,0,35,0,35,0
SDNE07938,A K HARDWARE & ELECTRICALS (RSSA167),35,0,35,0,35,0,35,0,35,0,35,0,35,0,35,0,35,0,35,0,35,0,35,0
SDNE07939,HAZARIKA ENTERPRISE (SANJIB) (RSSH047),25,0,25,0,25,0,25,0,25,0,25,0,25,0,25,0,25,0,25,0,25,0,25,0
SDNE07940,R KHARJANA & SONS (RSSR122),15,0,15,0,15,0,15,0,15,0,15,0,15,0,15,0,15,0,15,0,15,0,15,0
SDNE07941,P S JYRWA (RSSP082),10,0,10,0,10,0,10,0,10,0,10,0,10,0,10,0,10,0,10,0,10,0,10,0
SDNE07942,K J TRADING (RSSK088),22,0,22,0,22,0,22,0,22,0,22,0,22,0,22,0,22,0,22,0,22,0,22,0
SDNE07943,LASKAR TRADERS (MD SAMS) (RSSL047),5.5,0,5.5,0,5.5,0,5.5,0,5.5,0,5.5,0,5.5,0,5.5,0,5.5,0,5.5,0,5.5,0,5.5,0
SDNE07944,DIPALI STORE,40,0,40,0,40,0,40,0,40,0,40,0,40,0,40,0,40,0,40,0,40,0,40,0
SDNE07945,MAA TARA STORES,13,0,13,0,13,0,13,0,13,0,13,0,13,0,13,0,13,0,13,0,13,0,13,0
SDNE07947,BIKASH ENTERPRISE,27.5,0,27.5,200,27.5,0,27.5,0,27.5,0,27.5,0,27.5,0,27.5,0,27.5,0,27.5,0,27.5,0,27.5,0
SDNE07948,N S HOUQE ENTERPRISE,2.2,0,2.2,0,2.2,0,2.2,0,2.2,0,2.2,0,2.2,0,2.2,0,2.2,0,2.2,0,2.2,0,2.2,0
SDNE07949,AJIT ENTERPRISE,27.5,0,27.5,100,27.5,0,27.5,0,27.5,0,27.5,0,27.5,0,27.5,0,27.5,0,27.5,0,27.5,0,27.5,0
SDNE07950,B C HARDWARE,25.3,0,25.3,0,25.3,0,25.3,0,25.3,0,25.3,0,25.3,0,25.3,0,25.3,0,25.3,0,25.3,0,25.3,0
SDNE07951,ZINNAH HARDWARE,22,0,22,400,22,0,22,0,22,0,22,0,22,0,22,0,22,0,22,0,22,0,22,0
SDNE07952,ADARSHA HARDWARE (RSSA175),11,0,11,0,11,0,11,0,11,0,11,0,11,0,11,0,11,0,11,0,11,0,11,0
SDNE07953,RAHUL ENTERPRISE,11,0,11,100,11,0,11,0,11,0,11,0,11,0,11,0,11,0,11,0,11,0,11,0
SDNE07954,V MYLLIEMNGAP HARDWARE (RSSV009),26,0,26,0,26,0,26,0,26,0,26,0,26,0,26,0,26,0,26,0,26,0,26,0
SDNE07957,CHOUDHURY ENTERPRISE,66,0,66,0,66,0,66,0,66,0,66,0,66,0,66,0,66,0,66,0,66,0,66,0
SDNE07958,TATA STAR HARDWARE SHOP,5.5,0,5.5,0,5.5,0,5.5,0,5.5,0,5.5,0,5.5,0,5.5,0,5.5,0,5.5,0,5.5,0,5.5,0
SDNE07963,DIMPAL HARDWARE,10,0,10,395,10,0,10,0,10,0,10,0,10,0,10,0,10,0,10,0,10,0,10,0
SDNE07967,MAJONI ENTERPRISE,5.5,0,5.5,150,5.5,0,5.5,0,5.5,0,5.5,0,5.5,0,5.5,0,5.5,0,5.5,0,5.5,0,5.5,0
SDNE07968,P L ENTERPRISE,85.25,0,85.25,595,85.25,0,85.25,0,85.25,0,85.25,0,85.25,0,85.25,0,85.25,0,85.25,0,85.25,0,85.25,0
SDNE07969,MAZUMDAR HARDWARE,10.731875,0,10.731875,0,10.731875,0,10.731875,0,10.731875,0,10.731875,0,10.731875,0,10.731875,0,10.731875,0,10.731875,0,10.731875,0,10.731875,0
SDNE07980,NIHARIKA HARDWARE  (MINTU) (RSSN098),40,0,40,100,40,0,40,0,40,0,40,0,40,0,40,0,40,0,40,0,40,0,40,0
SDNE07984,MAA ENTERPRISE (SAILENDRA) (RSSM329),15,0,15,0,15,0,15,0,15,0,15,0,15,0,15,0,15,0,15,0,15,0,15,0
SDNE07985,DEKA TENT (RSSD168),25,0,25,0,25,0,25,0,25,0,25,0,25,0,25,0,25,0,25,0,25,0,25,0
SDNE07987,D.WANNIANG (RSSD114),15,0,15,0,15,0,15,0,15,0,15,0,15,0,15,0,15,0,15,0,15,0,15,0
SDNE07996,PRODHANI HARDWARE,27.5,0,27.5,500,27.5,0,27.5,0,27.5,0,27.5,0,27.5,0,27.5,0,27.5,0,27.5,0,27.5,0,27.5,0
SDNE07997,MONI STEEL ENTERPRISE (RSSM285),6,0,6,0,6,0,6,0,6,0,6,0,6,0,6,0,6,0,6,0,6,0,6,0
SDNE08001,SHAQUIL QURESHI (RSSS287),12,0,12,0,12,0,12,0,12,0,12,0,12,0,12,0,12,0,12,0,12,0,12,0
SDNE08002,P NONGRUM (RSSP088),12,0,12,0,12,0,12,0,12,0,12,0,12,0,12,0,12,0,12,0,12,0,12,0
SDNE08003,OM HARDWARE ,140,0,140,800,140,0,140,0,140,0,140,0,140,0,140,0,140,0,140,0,140,0,140,0
SDNE08004,HARUNAL RASHID HARDWARE,10,0,10,150,10,0,10,0,10,0,10,0,10,0,10,0,10,0,10,0,10,0,10,0
SDNE08005,RABINDRA HARDWARE,101.13125,0,101.13125,630,101.13125,0,101.13125,0,101.13125,0,101.13125,0,101.13125,0,101.13125,0,101.13125,0,101.13125,0,101.13125,0,101.13125,0
SDNE08006,PARES PRASAD,14.77777778,0,14.77777778,0,14.77777778,0,14.77777778,0,14.77777778,0,14.77777778,0,14.77777778,0,14.77777778,0,14.77777778,0,14.77777778,0,14.77777778,0,14.77777778,0
SDNE08007,JAI SHREE SHYAM STEEL (RSSJ083),10,0,10,0,10,0,10,0,10,0,10,0,10,0,10,0,10,0,10,0,10,0,10,0
SDNE08008,MRD ENTERPRISE (RSSM260),20,0,20,0,20,0,20,0,20,0,20,0,20,0,20,0,20,0,20,0,20,0,20,0
SDNE08009,SHREE SHYAM HARDWARE (NABIN) (RSSS282),40,0,40,0,40,0,40,0,40,0,40,0,40,0,40,0,40,0,40,0,40,0,40,0
SDNE08011,ABDUL BAIS (RSSA181),11,0,11,0,11,0,11,0,11,0,11,0,11,0,11,0,11,0,11,0,11,0,11,0
SDNE08012,T N HARDWARE (RSST043),16.5,0,16.5,0,16.5,0,16.5,0,16.5,0,16.5,0,16.5,0,16.5,0,16.5,0,16.5,0,16.5,0,16.5,0
SDNE08013,JD & SONS HARDWARE (RSSJ082),43,0,43,0,43,0,43,0,43,0,43,0,43,0,43,0,43,0,43,0,43,0,43,0
SDNE08017,SHAKIL HASSAN HARDWARE (RSSS284),1.65,0,1.65,0,1.65,0,1.65,0,1.65,0,1.65,0,1.65,0,1.65,0,1.65,0,1.65,0,1.65,0,1.65,0
SDNE08018,MITHISAR HARDWARE (RSSM259),26.4,0,26.4,650,26.4,0,26.4,0,26.4,0,26.4,0,26.4,0,26.4,0,26.4,0,26.4,0,26.4,0,26.4,0
SDNE08019,ANNAPURNA SPUN PIPES (RSSA183),27.5,0,27.5,0,27.5,0,27.5,0,27.5,0,27.5,0,27.5,0,27.5,0,27.5,0,27.5,0,27.5,0,27.5,0
SDNE08020,MATHURAPUR HARDWARE (RSSM261),75,0,75,0,75,0,75,0,75,0,75,0,75,0,75,0,75,0,75,0,75,0,75,0
SDNE08021,D J ENTERPRISE (RSSD115),100,0,100,0,100,0,100,0,100,0,100,0,100,0,100,0,100,0,100,0,100,0,100,0
SDNE08023,D J ENTERPRISE (AMARJIT) (RSSD112),40.44444444,0,40.44444444,0,40.44444444,0,40.44444444,0,40.44444444,0,40.44444444,0,40.44444444,0,40.44444444,0,40.44444444,0,40.44444444,0,40.44444444,0,40.44444444,0
SDNE08025,RAY ENTERPRISE,22,0,22,240,22,0,22,0,22,0,22,0,22,0,22,0,22,0,22,0,22,0,22,0
SDNE08046,MALLIK ENTERPRISE ,15,0,15,0,15,0,15,0,15,0,15,0,15,0,15,0,15,0,15,0,15,0,15,0
SDNE08049,R K HARDWARE (HARJYOTI),5.5,0,5.5,0,5.5,0,5.5,0,5.5,0,5.5,0,5.5,0,5.5,0,5.5,0,5.5,0,5.5,0,5.5,0
SDNE08052,SARKAR ENTERPRISE,18.81,0,18.81,0,18.81,0,18.81,0,18.81,0,18.81,0,18.81,0,18.81,0,18.81,0,18.81,0,18.81,0,18.81,0
SDNE08057,SONALI ENTERPRISE,18.7,0,18.7,100,18.7,0,18.7,0,18.7,0,18.7,0,18.7,0,18.7,0,18.7,0,18.7,0,18.7,0,18.7,0
SDNE08058,LALIT HARDWARE & SANATARY,13.2,0,13.2,0,13.2,0,13.2,0,13.2,0,13.2,0,13.2,0,13.2,0,13.2,0,13.2,0,13.2,0,13.2,0
SDNE08060,KARSHNAYON HARDWARE (RSSK097),20,0,20,0,20,0,20,0,20,0,20,0,20,0,20,0,20,0,20,0,20,0,20,0
SDNE08061,RAJKUMAR HARDWARE & ELECTRIC (RSSR140),20,0,20,0,20,0,20,0,20,0,20,0,20,0,20,0,20,0,20,0,20,0,20,0
SDNE08062,OBING TRADERS (RSSO011),70,0,70,0,70,0,70,0,70,0,70,0,70,0,70,0,70,0,70,0,70,0,70,0
SDNE08063,G L X BAJAJ ENTERPRISE (RSSG071),70,0,70,0,70,0,70,0,70,0,70,0,70,0,70,0,70,0,70,0,70,0,70,0
SDNE08064,SHIVA HARDWARE & ELECTRICALS,3.523333333,0,3.523333333,0,3.523333333,0,3.523333333,0,3.523333333,0,3.523333333,0,3.523333333,0,3.523333333,0,3.523333333,0,3.523333333,0,3.523333333,0,3.523333333,0
SDNE08065,MILI HARDWARE (RSSM266),18,0,18,0,18,0,18,0,18,0,18,0,18,0,18,0,18,0,18,0,18,0,18,0
SDNE08067,MONUJ HARDWARE (RSSM267),24,0,24,0,24,0,24,0,24,0,24,0,24,0,24,0,24,0,24,0,24,0,24,0
SDNE06348,PEGU ENTERPRISE,12,0,12,0,12,0,12,0,12,0,12,0,12,0,12,0,12,0,12,0,12,0,12,0
SDNE08068,PEGU HARDWARE SHOP (RSSP094),6,0,6,0,6,0,6,0,6,0,6,0,6,0,6,0,6,0,6,0,6,0,6,0
SDNE08069,SWARGIARY STORE (RSSS301),24,0,24,0,24,0,24,0,24,0,24,0,24,0,24,0,24,0,24,0,24,0,24,0
SDNE08070,GOGOI HARDWARE STORE (RSSG069),6,0,6,0,6,0,6,0,6,0,6,0,6,0,6,0,6,0,6,0,6,0,6,0
SDNE08071,MAA KAMAKHYA HARDWARE (RAM) (RSSM268),12,0,12,0,12,0,12,0,12,0,12,0,12,0,12,0,12,0,12,0,12,0,12,0
SDNE08072,T N ENTERPRISES (RSST047),70,0,70,0,70,0,70,0,70,0,70,0,70,0,70,0,70,0,70,0,70,0,70,0
SDNE08073,JIBAN JYOTI STORE (RSSJ088),10,0,10,0,10,0,10,0,10,0,10,0,10,0,10,0,10,0,10,0,10,0,10,0
SDNE08074,SUSHIL BORAH HARDWARE (RSSS303),20,0,20,0,20,0,20,0,20,0,20,0,20,0,20,0,20,0,20,0,20,0,20,0
SDNE08075,B K ENTERPRISE (BAKAL) (RSSB214),20,0,20,0,20,0,20,0,20,0,20,0,20,0,20,0,20,0,20,0,20,0,20,0
SDNE08076,MAHADEV HARDWARE & ELECTRICAL STORE (RSSM274),30,0,30,0,30,0,30,0,30,0,30,0,30,0,30,0,30,0,30,0,30,0,30,0
SDNE08077,SABITA TRADERS (RSSS305),27.5,0,27.5,0,27.5,0,27.5,0,27.5,0,27.5,0,27.5,0,27.5,0,27.5,0,27.5,0,27.5,0,27.5,0
SDNE08078,PAUL AND TRADERS (RSSP096),27.5,0,27.5,0,27.5,0,27.5,0,27.5,0,27.5,0,27.5,0,27.5,0,27.5,0,27.5,0,27.5,0,27.5,0
SDNE08079,AHMED HARDWARE (HUSSAIN) (RSSA189),16.5,0,16.5,0,16.5,0,16.5,0,16.5,0,16.5,0,16.5,0,16.5,0,16.5,0,16.5,0,16.5,0,16.5,0
SDNE04555,REAZUDDIN,27.5,0,27.5,0,27.5,0,27.5,0,27.5,0,27.5,0,27.5,0,27.5,0,27.5,0,27.5,0,27.5,0,27.5,0
SDNE08080,A R TRADERS (RSSA190),22,0,22,0,22,0,22,0,22,0,22,0,22,0,22,0,22,0,22,0,22,0,22,0
SDNE08081,MUJIBUR  RAHMAN CHOUDHURY (RSSM275),11,0,11,0,11,0,11,0,11,0,11,0,11,0,11,0,11,0,11,0,11,0,11,0
SDNE08082,AAMAN TRADERS (RSSA191),33,0,33,0,33,0,33,0,33,0,33,0,33,0,33,0,33,0,33,0,33,0,33,0
SDNE08083,SWARUPANANDA TRADERS (RSSS306),33,0,33,0,33,0,33,0,33,0,33,0,33,0,33,0,33,0,33,0,33,0,33,0
SDNE08084,SAJJAD SHOP (RSSS307),16.5,0,16.5,0,16.5,0,16.5,0,16.5,0,16.5,0,16.5,0,16.5,0,16.5,0,16.5,0,16.5,0,16.5,0
SDNE08085,M/S- MAA HARDWARE,40,0,40,0,40,0,40,0,40,0,40,0,40,0,40,0,40,0,40,0,40,0,40,0
SDNE08086,A B TRADERS (RSSA192),11,0,11,0,11,0,11,0,11,0,11,0,11,0,11,0,11,0,11,0,11,0,11,0
SDNE08088,HARSH ENTERPRISE,300.3,0,300.3,1070,300.3,0,300.3,0,300.3,0,300.3,0,300.3,0,300.3,0,300.3,0,300.3,0,300.3,0,300.3,0
SDNE08095,M.KHONJEE (RSSM272),25,0,25,0,25,0,25,0,25,0,25,0,25,0,25,0,25,0,25,0,25,0,25,0
SDNE08101,NIKU HARDWARE,11,0,11,170,11,0,11,0,11,0,11,0,11,0,11,0,11,0,11,0,11,0,11,0
SDNE08103,RIYA HARDWARE,13.2,0,13.2,150,13.2,0,13.2,0,13.2,0,13.2,0,13.2,0,13.2,0,13.2,0,13.2,0,13.2,0,13.2,0
SDNE08105,NATH VARIETY STORE,50,0,50,0,50,0,50,0,50,0,50,0,50,0,50,0,50,0,50,0,50,0,50,0
SDNE08106,KAKATI HARDWARE,15,0,15,0,15,0,15,0,15,0,15,0,15,0,15,0,15,0,15,0,15,0,15,0
SDNE08107,PRINCE HARDWARE,15,0,15,0,15,0,15,0,15,0,15,0,15,0,15,0,15,0,15,0,15,0,15,0
SDNE08108,DEV HARDWARE,25,0,25,0,25,0,25,0,25,0,25,0,25,0,25,0,25,0,25,0,25,0,25,0
SDNE08109,M/S- KHOGEN SAHA,65,0,65,0,65,0,65,0,65,0,65,0,65,0,65,0,65,0,65,0,65,0,65,0
SDNE08112,TUSHAR KANTI NATH (RSST052),33,0,33,0,33,0,33,0,33,0,33,0,33,0,33,0,33,0,33,0,33,0,33,0
SDNE08113,DOLPHIN STEEL & FABRICATIONS,18,0,18,0,18,0,18,0,18,0,18,0,18,0,18,0,18,0,18,0,18,0,18,0
SDNE08114,SUMATI HARDWARE,20,0,20,0,20,0,20,0,20,0,20,0,20,0,20,0,20,0,20,0,20,0,20,0
SDNE08115,DILIP KUMAR SINGH (RSSD125),22,0,22,0,22,0,22,0,22,0,22,0,22,0,22,0,22,0,22,0,22,0,22,0
SDNE08116,HUSSAIN ENTERPRISE (PALAHARTARI),42.075,0,42.075,450,42.075,0,42.075,0,42.075,0,42.075,0,42.075,0,42.075,0,42.075,0,42.075,0,42.075,0,42.075,0
SDNE08117,SHABBIR ENTERPRISE,50.80625,0,50.80625,450,50.80625,0,50.80625,0,50.80625,0,50.80625,0,50.80625,0,50.80625,0,50.80625,0,50.80625,0,50.80625,0,50.80625,0
SDNE08119,BABU KOM DAM,38.5,0,38.5,0,38.5,0,38.5,0,38.5,0,38.5,0,38.5,0,38.5,0,38.5,0,38.5,0,38.5,0,38.5,0
SDNE08120,JUN ENTERPRISE,11,0,11,0,11,0,11,0,11,0,11,0,11,0,11,0,11,0,11,0,11,0,11,0
SDNE08121,HUSSAIN H/W,16.5,0,16.5,0,16.5,0,16.5,0,16.5,0,16.5,0,16.5,0,16.5,0,16.5,0,16.5,0,16.5,0,16.5,0
SDNE08122,AILINDALIS JARAIN (RSSA196),15,0,15,0,15,0,15,0,15,0,15,0,15,0,15,0,15,0,15,0,15,0,15,0
SDNE08123,ABEDIN ENTERPRISE,10,0,10,150,10,0,10,0,10,0,10,0,10,0,10,0,10,0,10,0,10,0,10,0
SDNE08124,J R STORES,11,0,11,0,11,0,11,0,11,0,11,0,11,0,11,0,11,0,11,0,11,0,11,0
SDNE08125,RAHMAN HARDWARE,22,0,22,200,22,0,22,0,22,0,22,0,22,0,22,0,22,0,22,0,22,0,22,0
SDNE08126,MAA HARDWARE (ASHED) (RSSM283),12.1,0,12.1,250,12.1,0,12.1,0,12.1,0,12.1,0,12.1,0,12.1,0,12.1,0,12.1,0,12.1,0,12.1,0
SDNE08127,TAGRA RAHO HARDWARE (RSST051),6.6,0,6.6,0,6.6,0,6.6,0,6.6,0,6.6,0,6.6,0,6.6,0,6.6,0,6.6,0,6.6,0,6.6,0
SDNE08129,K P MILI STORE (RSSK110),15,0,15,0,15,0,15,0,15,0,15,0,15,0,15,0,15,0,15,0,15,0,15,0
SDNE08132,CHOWDHURY ENTERPRISE ,27,0,27,0,27,0,27,0,27,0,27,0,27,0,27,0,27,0,27,0,27,0,27,0
SDNE08133,HANDIQUE HARDWARE ,30,0,30,0,30,0,30,0,30,0,30,0,30,0,30,0,30,0,30,0,30,0,30,0
SDNE08134,JINA HARDWARE,25,0,25,0,25,0,25,0,25,0,25,0,25,0,25,0,25,0,25,0,25,0,25,0
SDNE08139,B K ENTERPRISE (RSSB256),30,0,30,0,30,0,30,0,30,0,30,0,30,0,30,0,30,0,30,0,30,0,30,0
SDNE08140,ASHIK HARDWARE,15,0,15,0,15,0,15,0,15,0,15,0,15,0,15,0,15,0,15,0,15,0,15,0
SDNE08146,FATIMA ENTERPRISE (RSSF018),32.5,0,32.5,100,32.5,0,32.5,0,32.5,0,32.5,0,32.5,0,32.5,0,32.5,0,32.5,0,32.5,0,32.5,0
SDNE08147,SREE MAA TRADERS (RSSS325),27.5,0,27.5,0,27.5,0,27.5,0,27.5,0,27.5,0,27.5,0,27.5,0,27.5,0,27.5,0,27.5,0,27.5,0
SDNE08148,RAHMAN HARDWARE (MONI) (RSSR143),22,0,22,0,22,0,22,0,22,0,22,0,22,0,22,0,22,0,22,0,22,0,22,0
SDNE08149,LASKAR TRADERS (NASIR) (RSSL055),11,0,11,0,11,0,11,0,11,0,11,0,11,0,11,0,11,0,11,0,11,0,11,0
SDNE08151,POPULAR TRADING (RSSP098),11,0,11,0,11,0,11,0,11,0,11,0,11,0,11,0,11,0,11,0,11,0,11,0
SDNE08152,BARUAH HARDWARE (AKHIL) ,12,0,12,0,12,0,12,0,12,0,12,0,12,0,12,0,12,0,12,0,12,0,12,0
SDNE08153,GOGOI ENTERPRISE (JAY) ,10,0,10,0,10,0,10,0,10,0,10,0,10,0,10,0,10,0,10,0,10,0,10,0
SDNE08155,P.DAS ENTERPRISE ,10,0,10,0,10,0,10,0,10,0,10,0,10,0,10,0,10,0,10,0,10,0,10,0
SDNE08156,AVIGHNA HARDWARE (RSSA197),10,0,10,0,10,0,10,0,10,0,10,0,10,0,10,0,10,0,10,0,10,0,10,0
SDNE08157,MAA DURGA HARDWARE,25.3,0,25.3,0,25.3,0,25.3,0,25.3,0,25.3,0,25.3,0,25.3,0,25.3,0,25.3,0,25.3,0,25.3,0
SDNE08158,SUSHMITA HARDWARE (RSSS339),22,0,22,0,22,0,22,0,22,0,22,0,22,0,22,0,22,0,22,0,22,0,22,0
SDNE08159,JAMAL TRADERS (JAMAL) (RSSJ107),22,0,22,0,22,0,22,0,22,0,22,0,22,0,22,0,22,0,22,0,22,0,22,0
SDNE08163,DISHAYETA TRADERS (RSSD127),15,0,15,0,15,0,15,0,15,0,15,0,15,0,15,0,15,0,15,0,15,0,15,0
SDNE08164,MAA CARRYING CENTER (SAHADEB) (RSSM290),17,0,17,0,17,0,17,0,17,0,17,0,17,0,17,0,17,0,17,0,17,0,17,0
SDNE08171,DEBNATH CARING CENTRE (SAMIR) (RSSD129),22,0,22,0,22,0,22,0,22,0,22,0,22,0,22,0,22,0,22,0,22,0,22,0
SDNE08173,J S ENTERPRISE (RSSJ102),25,0,25,0,25,0,25,0,25,0,25,0,25,0,25,0,25,0,25,0,25,0,25,0
SDNE08180,P K HARDWARE (FAIZUL) (RSSP105),24,0,24,0,24,0,24,0,24,0,24,0,24,0,24,0,24,0,24,0,24,0,24,0
SDNE08181,SUSMITA HARDWARE & ELECTRICALS,18,0,18,0,18,0,18,0,18,0,18,0,18,0,18,0,18,0,18,0,18,0,18,0
SDNE08182,RATISH CHANDRA DAS,15,0,15,0,15,0,15,0,15,0,15,0,15,0,15,0,15,0,15,0,15,0,15,0
SDNE08185,MINA ENTERPRISE,5,0,5,0,5,0,5,0,5,0,5,0,5,0,5,0,5,0,5,0,5,0,5,0
SDNE08186,SAMRAT TRADERS,18,0,18,0,18,0,18,0,18,0,18,0,18,0,18,0,18,0,18,0,18,0,18,0
SDNE08187,N R TRADERS (RSSN102),15,0,15,0,15,0,15,0,15,0,15,0,15,0,15,0,15,0,15,0,15,0,15,0
SDNE08188,RANA HARDWARE STORE (RSSR145),20,0,20,0,20,0,20,0,20,0,20,0,20,0,20,0,20,0,20,0,20,0,20,0
SDNE08189,BALAJI HARDWARE (AMIT) (RSSB221),40,0,40,0,40,0,40,0,40,0,40,0,40,0,40,0,40,0,40,0,40,0,40,0
SDNE08190,SYAM ENTERPRISE (RSSS323),38.88888889,0,38.88888889,0,38.88888889,0,38.88888889,0,38.88888889,0,38.88888889,0,38.88888889,0,38.88888889,0,38.88888889,0,38.88888889,0,38.88888889,0,38.88888889,0
SDNE08191,SR HARDWARE,17.88888889,0,17.88888889,0,17.88888889,0,17.88888889,0,17.88888889,0,17.88888889,0,17.88888889,0,17.88888889,0,17.88888889,0,17.88888889,0,17.88888889,0,17.88888889,0
SDNE08192,B B ENTERPRISE (RAHUL) (RSSB230),70,0,70,0,70,0,70,0,70,0,70,0,70,0,70,0,70,0,70,0,70,0,70,0
SDNE08193,BABU HARDWARE (RSSB228),16.5,0,16.5,0,16.5,0,16.5,0,16.5,0,16.5,0,16.5,0,16.5,0,16.5,0,16.5,0,16.5,0,16.5,0
SDNE08194,RAJASHREE HARDWARE (BHUPEN),33,0,33,400,33,0,33,0,33,0,33,0,33,0,33,0,33,0,33,0,33,0,33,0
SDNE08195,J A B HARDWARE,17.6,0,17.6,250,17.6,0,17.6,0,17.6,0,17.6,0,17.6,0,17.6,0,17.6,0,17.6,0,17.6,0,17.6,0
SDNE08196,GOPAL ENTERPRISE,16.5,0,16.5,0,16.5,0,16.5,0,16.5,0,16.5,0,16.5,0,16.5,0,16.5,0,16.5,0,16.5,0,16.5,0
SDNE08198,RIFAH VERITY STORE,22,0,22,300,22,0,22,0,22,0,22,0,22,0,22,0,22,0,22,0,22,0,22,0
SDNE08199,M.K STORE,11,0,11,0,11,0,11,0,11,0,11,0,11,0,11,0,11,0,11,0,11,0,11,0
SDNE08201,RAJ ENTERPRISE (MONORANJAN),16.5,0,16.5,100,16.5,0,16.5,0,16.5,0,16.5,0,16.5,0,16.5,0,16.5,0,16.5,0,16.5,0,16.5,0
SDNE08202,ALFAZ STORE,22,0,22,0,22,0,22,0,22,0,22,0,22,0,22,0,22,0,22,0,22,0,22,0
SDNE08203,SURJYO HARDWARE STORE,16.5,0,16.5,90,16.5,0,16.5,0,16.5,0,16.5,0,16.5,0,16.5,0,16.5,0,16.5,0,16.5,0,16.5,0
SDNE08204,MAA TARA HARDWARE (PROVAT ),22,0,22,0,22,0,22,0,22,0,22,0,22,0,22,0,22,0,22,0,22,0,22,0
SDNE08205,SA ENTERPRISE,22,0,22,0,22,0,22,0,22,0,22,0,22,0,22,0,22,0,22,0,22,0,22,0
SDNE08206,JAHIN HARDWARE,11,0,11,0,11,0,11,0,11,0,11,0,11,0,11,0,11,0,11,0,11,0,11,0
SDNE08207,SURJO HARDWARE,11,0,11,0,11,0,11,0,11,0,11,0,11,0,11,0,11,0,11,0,11,0,11,0
SDNE08208,PAGLA BABA H/W,22,0,22,0,22,0,22,0,22,0,22,0,22,0,22,0,22,0,22,0,22,0,22,0
SDNE08209,AP ENTERPRISE,16.5,0,16.5,400,16.5,0,16.5,0,16.5,0,16.5,0,16.5,0,16.5,0,16.5,0,16.5,0,16.5,0,16.5,0
SDNE08210,ICYDORA JARIAN (RSSI023),15,0,15,0,15,0,15,0,15,0,15,0,15,0,15,0,15,0,15,0,15,0,15,0
SDNE08211,B D ENTERPRISE (DAALIAD) (RSSB229),15,0,15,0,15,0,15,0,15,0,15,0,15,0,15,0,15,0,15,0,15,0,15,0
SDNE08214,BARNALI SAHA (RSSB226),20,0,20,0,20,0,20,0,20,0,20,0,20,0,20,0,20,0,20,0,20,0,20,0
SDNE08216,PIJUSH KANTI PAUL (RSSP102),12,0,12,0,12,0,12,0,12,0,12,0,12,0,12,0,12,0,12,0,12,0,12,0
SDNE08219,A.S CEMENT STORE (RSSA204),67,0,67,0,67,0,67,0,67,0,67,0,67,0,67,0,67,0,67,0,67,0,67,0
SDNE08220,R D HARDWARE (RSSR156),20,0,20,0,20,0,20,0,20,0,20,0,20,0,20,0,20,0,20,0,20,0,20,0
SDNE08221,J.J. & SONS ENTERPRISES (RSSJ106),42,0,42,0,42,0,42,0,42,0,42,0,42,0,42,0,42,0,42,0,42,0,42,0
SDNE08222,S.K. ENTERPRISES (RSSS368),20,0,20,0,20,0,20,0,20,0,20,0,20,0,20,0,20,0,20,0,20,0,20,0
SDNE08223,LBS ENTERPRISES (RSSL063),75,0,75,0,75,0,75,0,75,0,75,0,75,0,75,0,75,0,75,0,75,0,75,0
SDNE08224,RK CEMENT STORE (RSSR157),200,0,200,0,200,0,200,0,200,0,200,0,200,0,200,0,200,0,200,0,200,0,200,0
SDNE08225,KHORIPHABA STEEL & HARDWARE (RSSK106),75,0,75,0,75,0,75,0,75,0,75,0,75,0,75,0,75,0,75,0,75,0,75,0
SDNE08227,VANGAITANG ENTERPRISE (RSSV011),10,0,10,0,10,0,10,0,10,0,10,0,10,0,10,0,10,0,10,0,10,0,10,0
SDNE08228,BS ENTERPRISES (RSSB227),15,0,15,0,15,0,15,0,15,0,15,0,15,0,15,0,15,0,15,0,15,0,15,0
SDNE08229,ALAM ENTERPRISE (SIRAJUL) (RSSA214),7.5,0,7.5,100,7.5,0,7.5,0,7.5,0,7.5,0,7.5,0,7.5,0,7.5,0,7.5,0,7.5,0,7.5,0
SDNE08234,MAHABIR TRADERS (RSSM313),15,0,15,0,15,0,15,0,15,0,15,0,15,0,15,0,15,0,15,0,15,0,15,0
SDNE08242,DAS ENTERPRISE (SANDIP) (RSSD134),11,0,11,0,11,0,11,0,11,0,11,0,11,0,11,0,11,0,11,0,11,0,11,0
SDNE08243,GHOSH TRADERS (BARUN) (RSSG080),5.5,0,5.5,0,5.5,0,5.5,0,5.5,0,5.5,0,5.5,0,5.5,0,5.5,0,5.5,0,5.5,0,5.5,0
SDNE08245,B K HARDWARE (RSSB233),25,0,25,0,25,0,25,0,25,0,25,0,25,0,25,0,25,0,25,0,25,0,25,0
SDNE08246,D NONGKHLAW (RSSD136),15,0,15,0,15,0,15,0,15,0,15,0,15,0,15,0,15,0,15,0,15,0,15,0
SDNE08248,PAUL ENTERPRISE(PRANESH),35,0,35,0,35,0,35,0,35,0,35,0,35,0,35,0,35,0,35,0,35,0,35,0
SDNE08249,ZIRO VALLY ELECTRICAL & HARDWARE STORE (RSSZ008),70,0,70,0,70,0,70,0,70,0,70,0,70,0,70,0,70,0,70,0,70,0,70,0
SDNE08250,GOOD WILL SUPPLIERS (RSSG078),70,0,70,0,70,0,70,0,70,0,70,0,70,0,70,0,70,0,70,0,70,0,70,0
SDNE08251,PHUKAN HARDWARE & GROCERY (RSSP114),18,0,18,0,18,0,18,0,18,0,18,0,18,0,18,0,18,0,18,0,18,0,18,0
SDNE08259,MS HARDWARE,40,0,40,0,40,0,40,0,40,0,40,0,40,0,40,0,40,0,40,0,40,0,40,0
SDNE08260,MAA HARDWARE,60,0,60,0,60,0,60,0,60,0,60,0,60,0,60,0,60,0,60,0,60,0,60,0
SDNE08261,DEKA ENTERPRISE (RAMEN),22,0,22,0,22,0,22,0,22,0,22,0,22,0,22,0,22,0,22,0,22,0,22,0
SDNE08262,SULTAN HARDWARE,38.5,0,38.5,0,38.5,0,38.5,0,38.5,0,38.5,0,38.5,0,38.5,0,38.5,0,38.5,0,38.5,0,38.5,0
SDNE08264,SOHOR STORE,11,0,11,0,11,0,11,0,11,0,11,0,11,0,11,0,11,0,11,0,11,0,11,0
SDNE08265,DAS STORE,11,0,11,0,11,0,11,0,11,0,11,0,11,0,11,0,11,0,11,0,11,0,11,0
SDNE08266,HEMANTA  HARDWARE ,30.45,0,30.45,0,30.45,0,30.45,0,30.45,0,30.45,0,30.45,0,30.45,0,30.45,0,30.45,0,30.45,0,30.45,0
SDNE08267,SARKAR  HARDWARE,10,0,10,0,10,0,10,0,10,0,10,0,10,0,10,0,10,0,10,0,10,0,10,0
SDNE08268,SANATOMBA AGENCIES (RSST058),15,0,15,0,15,0,15,0,15,0,15,0,15,0,15,0,15,0,15,0,15,0,15,0
SDNE08269,DM IRON & CEMENT (RSSD142),50,1800,50,0,50,0,50,0,50,0,50,0,50,0,50,0,50,0,50,0,50,0,50,0
SDNE08272,BABA HARDWARE (AYUB),26.4,0,26.4,340,26.4,0,26.4,0,26.4,0,26.4,0,26.4,0,26.4,0,26.4,0,26.4,0,26.4,0,26.4,0
SDNE08280,KAMALAPATI ENTERPRISE,14.68444444,0,14.68444444,0,14.68444444,0,14.68444444,0,14.68444444,0,14.68444444,0,14.68444444,0,14.68444444,0,14.68444444,0,14.68444444,0,14.68444444,0,14.68444444,0
SDNE08281,MAA DURGA HARDWARE & STEEL,13.2,0,13.2,0,13.2,0,13.2,0,13.2,0,13.2,0,13.2,0,13.2,0,13.2,0,13.2,0,13.2,0,13.2,0
SDNE08282,A HARDWARE (BADARUDDIN) (RSSA209),33,0,33,655,33,0,33,0,33,0,33,0,33,0,33,0,33,0,33,0,33,0,33,0
SDNE08283,BHARGAB ENTERPRISE (RSSB237),30,0,30,0,30,0,30,0,30,0,30,0,30,0,30,0,30,0,30,0,30,0,30,0
SDNE08284,SHREE SHYAM HARDWARE ,70,0,70,0,70,0,70,0,70,0,70,0,70,0,70,0,70,0,70,0,70,0,70,0
SDNE08285,MAA HARDWARE(BHASKAR),9.9,0,9.9,210,9.9,0,9.9,0,9.9,0,9.9,0,9.9,0,9.9,0,9.9,0,9.9,0,9.9,0,9.9,0
SDNE08287,J.B ENTERPRISE,3,0,3,80,3,0,3,0,3,0,3,0,3,0,3,0,3,0,3,0,3,0,3,0
SDNE08296,R.K ENTERPRISE,26.4,0,26.4,640,26.4,0,26.4,0,26.4,0,26.4,0,26.4,0,26.4,0,26.4,0,26.4,0,26.4,0,26.4,0
SDNE08306,AAYN HARDWARE,32.55,0,32.55,0,32.55,0,32.55,0,32.55,0,32.55,0,32.55,0,32.55,0,32.55,0,32.55,0,32.55,0,32.55,0
SDNE08307,MAA KAMAKHYA HARDWARE ,64.05,0,64.05,0,64.05,0,64.05,0,64.05,0,64.05,0,64.05,0,64.05,0,64.05,0,64.05,0,64.05,0,64.05,0
SDNE08308,SHANKAR HARDWARE,95,0,95,0,95,0,95,0,95,0,95,0,95,0,95,0,95,0,95,0,95,0,95,0
SDNE08309,BARMAN HARDWARE,8.4,0,8.4,0,8.4,0,8.4,0,8.4,0,8.4,0,8.4,0,8.4,0,8.4,0,8.4,0,8.4,0,8.4,0
SDNE08310,MAA KALAYANI HARDWARE,10,0,10,0,10,0,10,0,10,0,10,0,10,0,10,0,10,0,10,0,10,0,10,0
SDNE08311,BITU  STORE,10,0,10,0,10,0,10,0,10,0,10,0,10,0,10,0,10,0,10,0,10,0,10,0
SDNE08312,MAA HARDWARE,27.5,0,27.5,950,27.5,0,27.5,0,27.5,0,27.5,0,27.5,0,27.5,0,27.5,0,27.5,0,27.5,0,27.5,0
SDNE08313,JONOPRIYO HARDWARE,22,0,22,200,22,0,22,0,22,0,22,0,22,0,22,0,22,0,22,0,22,0,22,0
SDNE08314,J.R.STORE,33,0,33,200,33,0,33,0,33,0,33,0,33,0,33,0,33,0,33,0,33,0,33,0
SDNE08316,MAA BIJAYA STORE (RSSM327),75,0,75,0,75,0,75,0,75,0,75,0,75,0,75,0,75,0,75,0,75,0,75,0
SDNE08321,ANANDA HARDWARE,22,0,22,0,22,0,22,0,22,0,22,0,22,0,22,0,22,0,22,0,22,0,22,0
SDNE08322,MAA HARDWARE,13.2,0,13.2,0,13.2,0,13.2,0,13.2,0,13.2,0,13.2,0,13.2,0,13.2,0,13.2,0,13.2,0,13.2,0
SDNE08323,ROFIK HARDWARE,6.6,0,6.6,0,6.6,0,6.6,0,6.6,0,6.6,0,6.6,0,6.6,0,6.6,0,6.6,0,6.6,0,6.6,0
SDNE08324,L SHABONG (RSSL066),12,0,12,0,12,0,12,0,12,0,12,0,12,0,12,0,12,0,12,0,12,0,12,0
SDNE08325,T HARDWARE (RSST059),10.89,0,10.89,0,10.89,0,10.89,0,10.89,0,10.89,0,10.89,0,10.89,0,10.89,0,10.89,0,10.89,0,10.89,0
SDNE08326,MAA DURGA BHANDAR (RSSM333),22,0,22,0,22,0,22,0,22,0,22,0,22,0,22,0,22,0,22,0,22,0,22,0
SDNE08327,SUBHRA BANIK (RSSS372),27.5,0,27.5,0,27.5,0,27.5,0,27.5,0,27.5,0,27.5,0,27.5,0,27.5,0,27.5,0,27.5,0,27.5,0
SDNE08329,R & J BROTHERS STEEL (RSSR173),70,0,70,0,70,0,70,0,70,0,70,0,70,0,70,0,70,0,70,0,70,0,70,0
SDNE08331,MALOM CEMENT & STEEL (RSSM332),50,0,50,0,50,0,50,0,50,0,50,0,50,0,50,0,50,0,50,0,50,0,50,0
SDNE08333,KEISHAM TRADERS (RSSK116),145,540,145,0,145,0,145,0,145,0,145,0,145,0,145,0,145,0,145,0,145,0,145,0
SDNE08334,LMS ENTERPRISES (RSSL064),15,0,15,0,15,0,15,0,15,0,15,0,15,0,15,0,15,0,15,0,15,0,15,0
SDNE08335,N S VARIETY STORE (RSSN121),130,2720,130,0,130,0,130,0,130,0,130,0,130,0,130,0,130,0,130,0,130,0,130,0
SDNE08336,BORPATRA GOHAIN HARDWARE (RSSB244),10,0,10,0,10,0,10,0,10,0,10,0,10,0,10,0,10,0,10,0,10,0,10,0
SDNE08341,MOON ENTERPRISE,10,0,10,0,10,0,10,0,10,0,10,0,10,0,10,0,10,0,10,0,10,0,10,0
SDNE08342,BASAK ENTERPRISE,30,0,30,720,30,0,30,0,30,0,30,0,30,0,30,0,30,0,30,0,30,0,30,0
SDNE08345,RAY HARDWARE & ELECTRONICS,30,0,30,0,30,0,30,0,30,0,30,0,30,0,30,0,30,0,30,0,30,0,30,0
SDNE08347,NIBIR HARDWARE,60,0,60,0,60,0,60,0,60,0,60,0,60,0,60,0,60,0,60,0,60,0,60,0
SDNE08348,PURUSUTTAM HARDWARE ,12,0,12,0,12,0,12,0,12,0,12,0,12,0,12,0,12,0,12,0,12,0,12,0
SDNE08349,SANJAY HARDWARE (RSSS367),6,0,6,0,6,0,6,0,6,0,6,0,6,0,6,0,6,0,6,0,6,0,6,0
SDNE08350,RAJBONGSHI ENTERPRISE (CHANDAN),11,0,11,0,11,0,11,0,11,0,11,0,11,0,11,0,11,0,11,0,11,0,11,0
SDNE08354,DIPU HARDWARE (THANESWAR) (RSSD154),12,0,12,0,12,0,12,0,12,0,12,0,12,0,12,0,12,0,12,0,12,0,12,0
SDNE08358,HEEMJYOTI HARDWARE,8.4,0,8.4,0,8.4,0,8.4,0,8.4,0,8.4,0,8.4,0,8.4,0,8.4,0,8.4,0,8.4,0,8.4,0
SDNE08362,MATA VAISNO DEVI ENTPZ,30,0,30,0,30,0,30,0,30,0,30,0,30,0,30,0,30,0,30,0,30,0,30,0
SDNE08363,P S TRADERS (RSSP123),20,0,20,0,20,0,20,0,20,0,20,0,20,0,20,0,20,0,20,0,20,0,20,0
SDNE08364,MAHESWARI TRADING (RSSM335),60,0,60,0,60,0,60,0,60,0,60,0,60,0,60,0,60,0,60,0,60,0,60,0
SDNE08365,M/S N.C HARDWARE,17.6,0,17.6,300,17.6,0,17.6,0,17.6,0,17.6,0,17.6,0,17.6,0,17.6,0,17.6,0,17.6,0,17.6,0
SDNE08368,BORA ENTERPRISE(HIROKJYOTI),15.4,0,15.4,50,15.4,0,15.4,0,15.4,0,15.4,0,15.4,0,15.4,0,15.4,0,15.4,0,15.4,0,15.4,0
SDNE08372,LAHKAR ENTERPRISE (DURGESHWAR) (RSSL072),15,0,15,0,15,0,15,0,15,0,15,0,15,0,15,0,15,0,15,0,15,0,15,0
SDNE08375,RUKSHANA HARDWARE,2.75,0,2.75,0,2.75,0,2.75,0,2.75,0,2.75,0,2.75,0,2.75,0,2.75,0,2.75,0,2.75,0,2.75,0
SDNE08376,SAMINA HARDWARE,22,0,22,0,22,0,22,0,22,0,22,0,22,0,22,0,22,0,22,0,22,0,22,0
SDNE08377,NARAYAN HARDWARE (RSSN125),24.2,0,24.2,300,24.2,0,24.2,0,24.2,0,24.2,0,24.2,0,24.2,0,24.2,0,24.2,0,24.2,0,24.2,0
SDNE08378,SIVAM ENTERPRISE (NILAMONI) (RSSS374),60,0,60,150,60,0,60,0,60,0,60,0,60,0,60,0,60,0,60,0,60,0,60,0
SDNE08381,ANSARI TRADERS (RSSA217),27.5,0,27.5,0,27.5,0,27.5,0,27.5,0,27.5,0,27.5,0,27.5,0,27.5,0,27.5,0,27.5,0,27.5,0
SDNE08382,K B HARDWARE (RSSK121),16.5,0,16.5,0,16.5,0,16.5,0,16.5,0,16.5,0,16.5,0,16.5,0,16.5,0,16.5,0,16.5,0,16.5,0
SDNE08385,BARLASKAR TIMBER SALE DEPOT (RSSB253),22,0,22,0,22,0,22,0,22,0,22,0,22,0,22,0,22,0,22,0,22,0,22,0
SDNE08386,CHOUDHURY HARDWARE (HABIBUR) (RSSC053),11,0,11,0,11,0,11,0,11,0,11,0,11,0,11,0,11,0,11,0,11,0,11,0
SDNE08387,RIYA HARDWARE (BABUL) (RSSR177),16.5,0,16.5,0,16.5,0,16.5,0,16.5,0,16.5,0,16.5,0,16.5,0,16.5,0,16.5,0,16.5,0,16.5,0
SDNE08388,H K TRADERS (RSSH066),11,0,11,0,11,0,11,0,11,0,11,0,11,0,11,0,11,0,11,0,11,0,11,0
SDNE08389,WANDARIHUN NONGRANG (RSSW004),25,0,25,0,25,0,25,0,25,0,25,0,25,0,25,0,25,0,25,0,25,0,25,0
SDNE08391,SNOWDROP HARDWARES (RSSS379),10,0,10,0,10,0,10,0,10,0,10,0,10,0,10,0,10,0,10,0,10,0,10,0
SDNE08392,H.H STORE,16.5,0,16.5,0,16.5,0,16.5,0,16.5,0,16.5,0,16.5,0,16.5,0,16.5,0,16.5,0,16.5,0,16.5,0
SDNE08393,BARNALI HARDWARE,11,0,11,0,11,0,11,0,11,0,11,0,11,0,11,0,11,0,11,0,11,0,11,0
SDNE08394,ARIFUL STORE,33,0,33,0,33,0,33,0,33,0,33,0,33,0,33,0,33,0,33,0,33,0,33,0
SDNE08398,MAA HARDWARE,27.5,0,27.5,250,27.5,0,27.5,0,27.5,0,27.5,0,27.5,0,27.5,0,27.5,0,27.5,0,27.5,0,27.5,0
SDNE08404,BARMAN ENTERPRISE,11,0,11,0,11,0,11,0,11,0,11,0,11,0,11,0,11,0,11,0,11,0,11,0
SDNE08407,MOIRANG ENTERPRISES (RSSM337),12,0,12,0,12,0,12,0,12,0,12,0,12,0,12,0,12,0,12,0,12,0,12,0
SDNE08408,LUWANG ENTERPRISE (RSSL067),38,0,38,0,38,0,38,0,38,0,38,0,38,0,38,0,38,0,38,0,38,0,38,0
SDNE08409,KANGLEI ENTERPRISES (RSSK120),33,0,33,0,33,0,33,0,33,0,33,0,33,0,33,0,33,0,33,0,33,0,33,0
SDNE08411,MOU HARDWARE (RSSM341),30,0,30,0,30,0,30,0,30,0,30,0,30,0,30,0,30,0,30,0,30,0,30,0
SDNE08414,DIPAMONI HARDWARE (RSSD150),20,0,20,0,20,0,20,0,20,0,20,0,20,0,20,0,20,0,20,0,20,0,20,0
SDNE08415,HARLEENA TIMBER (RSSH067),7,0,7,0,7,0,7,0,7,0,7,0,7,0,7,0,7,0,7,0,7,0,7,0
SDNE08416,L K ENTERPRISE,15.4,0,15.4,0,15.4,0,15.4,0,15.4,0,15.4,0,15.4,0,15.4,0,15.4,0,15.4,0,15.4,0,15.4,0
SDNE08417,NDD ENTERPRISE,15,0,15,0,15,0,15,0,15,0,15,0,15,0,15,0,15,0,15,0,15,0,15,0
SDNE08418,MAZUMDAR HARDWARE (SHANIDUL),30,0,30,630,30,0,30,0,30,0,30,0,30,0,30,0,30,0,30,0,30,0,30,0
SDNE08419,T U ENTERPRISE,8.8,0,8.8,0,8.8,0,8.8,0,8.8,0,8.8,0,8.8,0,8.8,0,8.8,0,8.8,0,8.8,0,8.8,0
SDNE08420,A M & SONS ENTERPRISE,12,0,12,170,12,0,12,0,12,0,12,0,12,0,12,0,12,0,12,0,12,0,12,0
SDNE08421,BIKASH CYCLE SERVICE ,13,0,13,50,13,0,13,0,13,0,13,0,13,0,13,0,13,0,13,0,13,0,13,0
SDNE08422,MAA MACHINERY AND FERTILIZER,5,0,5,0,5,0,5,0,5,0,5,0,5,0,5,0,5,0,5,0,5,0,5,0
SDNE08424,GOBINDA HARDWARE ,10,0,10,0,10,0,10,0,10,0,10,0,10,0,10,0,10,0,10,0,10,0,10,0
SDNE08425,DOJANE HARDWARE,20,0,20,0,20,0,20,0,20,0,20,0,20,0,20,0,20,0,20,0,20,0,20,0
SDNE08426,PARMITA HARDWARE,33,0,33,200,33,0,33,0,33,0,33,0,33,0,33,0,33,0,33,0,33,0,33,0
SDNE08427,GOURI HARDWARE,16.5,0,16.5,0,16.5,0,16.5,0,16.5,0,16.5,0,16.5,0,16.5,0,16.5,0,16.5,0,16.5,0,16.5,0
SDNE08428,S N HARDWARE,5.5,0,5.5,0,5.5,0,5.5,0,5.5,0,5.5,0,5.5,0,5.5,0,5.5,0,5.5,0,5.5,0,5.5,0
SDNE08429,SUN ENTERPRISE,11,0,11,0,11,0,11,0,11,0,11,0,11,0,11,0,11,0,11,0,11,0,11,0
SDNE08430,TARAFDAR TRADERS,22,0,22,200,22,0,22,0,22,0,22,0,22,0,22,0,22,0,22,0,22,0,22,0
SDNE08431,SALBARI HARDWARE,11,0,11,250,11,0,11,0,11,0,11,0,11,0,11,0,11,0,11,0,11,0,11,0
SDNE08432,DAS ENTERPRISE,11,0,11,0,11,0,11,0,11,0,11,0,11,0,11,0,11,0,11,0,11,0,11,0
SDNE08433,AROHI CONSTRUCTION,19.8,0,19.8,0,19.8,0,19.8,0,19.8,0,19.8,0,19.8,0,19.8,0,19.8,0,19.8,0,19.8,0,19.8,0
SDNE08434,K.K ENTERPRISE,36.3,0,36.3,0,36.3,0,36.3,0,36.3,0,36.3,0,36.3,0,36.3,0,36.3,0,36.3,0,36.3,0,36.3,0
SDNE08435,USHA HARDWARE,5,0,5,0,5,0,5,0,5,0,5,0,5,0,5,0,5,0,5,0,5,0,5,0
SDNE08436,HIMASHREE HARDWARE,27.3,0,27.3,0,27.3,0,27.3,0,27.3,0,27.3,0,27.3,0,27.3,0,27.3,0,27.3,0,27.3,0,27.3,0
SDNE08437,DEBNATH HARDWARE,11.55,0,11.55,0,11.55,0,11.55,0,11.55,0,11.55,0,11.55,0,11.55,0,11.55,0,11.55,0,11.55,0,11.55,0
SDNE08438,NAMERI STORE,5.25,0,5.25,0,5.25,0,5.25,0,5.25,0,5.25,0,5.25,0,5.25,0,5.25,0,5.25,0,5.25,0,5.25,0
SDNE08439,SAIKIA HARDWARE (JIBON),11.55,0,11.55,0,11.55,0,11.55,0,11.55,0,11.55,0,11.55,0,11.55,0,11.55,0,11.55,0,11.55,0,11.55,0
SDNE08440,SWASTI STORE (RATHINDRA),14.7,0,14.7,0,14.7,0,14.7,0,14.7,0,14.7,0,14.7,0,14.7,0,14.7,0,14.7,0,14.7,0,14.7,0
SDNE08441,MAHAVIR HARDWARE,7.35,0,7.35,0,7.35,0,7.35,0,7.35,0,7.35,0,7.35,0,7.35,0,7.35,0,7.35,0,7.35,0,7.35,0
SDNE08442,ASHOK HARDWARE,25,0,25,0,25,0,25,0,25,0,25,0,25,0,25,0,25,0,25,0,25,0,25,0
SDNE08443,BISHWANATH HARDWARE,17.85,0,17.85,0,17.85,0,17.85,0,17.85,0,17.85,0,17.85,0,17.85,0,17.85,0,17.85,0,17.85,0,17.85,0
SDNE08444,KRISHANA HARDWARE ( KUSAMTALA),15.75,0,15.75,0,15.75,0,15.75,0,15.75,0,15.75,0,15.75,0,15.75,0,15.75,0,15.75,0,15.75,0,15.75,0
SDNE08446,ISLAM HARDWARE STORE,17.6,0,17.6,0,17.6,0,17.6,0,17.6,0,17.6,0,17.6,0,17.6,0,17.6,0,17.6,0,17.6,0,17.6,0
SDNE08447,MAA HARDWARE,77,0,77,0,77,0,77,0,77,0,77,0,77,0,77,0,77,0,77,0,77,0,77,0
SDNE08448,HASSAN BROTHERS HARDWARE,69.3,0,69.3,0,69.3,0,69.3,0,69.3,0,69.3,0,69.3,0,69.3,0,69.3,0,69.3,0,69.3,0,69.3,0
SDNE08451,SANTI STORE,27.5,0,27.5,300,27.5,0,27.5,0,27.5,0,27.5,0,27.5,0,27.5,0,27.5,0,27.5,0,27.5,0,27.5,0
SDNE08452,ROY H/W,48.4,0,48.4,300,48.4,0,48.4,0,48.4,0,48.4,0,48.4,0,48.4,0,48.4,0,48.4,0,48.4,0,48.4,0
SDNE08453,MAA HARDWARE STORE (DHUB),11,0,11,0,11,0,11,0,11,0,11,0,11,0,11,0,11,0,11,0,11,0,11,0
SDNE08454,KHAN HARDWARE,16.5,0,16.5,250,16.5,0,16.5,0,16.5,0,16.5,0,16.5,0,16.5,0,16.5,0,16.5,0,16.5,0,16.5,0
SDNE08455,M/S SUMAIYA HARDWARE,16.5,0,16.5,100,16.5,0,16.5,0,16.5,0,16.5,0,16.5,0,16.5,0,16.5,0,16.5,0,16.5,0,16.5,0
SDNE08456,SIKDAR HARDWARE,27.5,0,27.5,300,27.5,0,27.5,0,27.5,0,27.5,0,27.5,0,27.5,0,27.5,0,27.5,0,27.5,0,27.5,0
SDNE08461,DELUX TRADERS (RSSD157),11,0,11,0,11,0,11,0,11,0,11,0,11,0,11,0,11,0,11,0,11,0,11,0
SDNE08462,RIDIMA HOLDING PVT LTD (RSSR189),22,0,22,0,22,0,22,0,22,0,22,0,22,0,22,0,22,0,22,0,22,0,22,0
SDNE08463,DUTTA TYRE SERVICE (RSSD158),11,0,11,0,11,0,11,0,11,0,11,0,11,0,11,0,11,0,11,0,11,0,11,0
SDNE08465,MAA ENTERPRISE,42.9,0,42.9,0,42.9,0,42.9,0,42.9,0,42.9,0,42.9,0,42.9,0,42.9,0,42.9,0,42.9,0,42.9,0
SDNE08466,SAIKIA TRADERS (SUKHEWAR) (RSSS395),40,0,40,0,40,0,40,0,40,0,40,0,40,0,40,0,40,0,40,0,40,0,40,0
SDNE08467,R.K.TRADERS,40,0,40,0,40,0,40,0,40,0,40,0,40,0,40,0,40,0,40,0,40,0,40,0
SDNE08468,JAI GANESH TRADING,20,0,20,0,20,0,20,0,20,0,20,0,20,0,20,0,20,0,20,0,20,0,20,0
SDNE08469,M S ENTERPRISE (MOSKED) (RSSM351),7.5,0,7.5,100,7.5,0,7.5,0,7.5,0,7.5,0,7.5,0,7.5,0,7.5,0,7.5,0,7.5,0,7.5,0
SDNE08470,PAKI ENTERPRISE (RSSP127),28,0,28,100,28,0,28,0,28,0,28,0,28,0,28,0,28,0,28,0,28,0,28,0
SDNE08472,DEV ENTERPRISE,24.2,0,24.2,380,24.2,0,24.2,0,24.2,0,24.2,0,24.2,0,24.2,0,24.2,0,24.2,0,24.2,0,24.2,0
SDNE08473,SHARMA STORE(KANHAIYA),120,0,120,0,120,0,120,0,120,0,120,0,120,0,120,0,120,0,120,0,120,0,120,0
SDNE08474,MAA H/W HOUSE,66,0,66,0,66,0,66,0,66,0,66,0,66,0,66,0,66,0,66,0,66,0,66,0
SDNE08482,ASHA VARIETIES,35,0,35,0,35,0,35,0,35,0,35,0,35,0,35,0,35,0,35,0,35,0,35,0
SDNE08483,MD.SABAJ ALI,35,0,35,0,35,0,35,0,35,0,35,0,35,0,35,0,35,0,35,0,35,0,35,0
SDNE08484,RAHMAN ENTERPRISE (MAIDUL) ,5,0,5,0,5,0,5,0,5,0,5,0,5,0,5,0,5,0,5,0,5,0,5,0
SDNE08485,MAINA STORE,5,0,5,0,5,0,5,0,5,0,5,0,5,0,5,0,5,0,5,0,5,0,5,0
SDNE08486,MANNA ENTERPRISE,20,0,20,0,20,0,20,0,20,0,20,0,20,0,20,0,20,0,20,0,20,0,20,0
SDNE08487,M/S ROHAN ENTERPRISE,15,0,15,0,15,0,15,0,15,0,15,0,15,0,15,0,15,0,15,0,15,0,15,0
SDNE08492,ARUP ENTERPRISE,16.5,0,16.5,0,16.5,0,16.5,0,16.5,0,16.5,0,16.5,0,16.5,0,16.5,0,16.5,0,16.5,0,16.5,0
SDNE08514,KRISHNA HARDWARE,15,0,15,0,15,0,15,0,15,0,15,0,15,0,15,0,15,0,15,0,15,0,15,0
SDNE08534,S.D.HARDWARE,10,0,10,0,10,0,10,0,10,0,10,0,10,0,10,0,10,0,10,0,10,0,10,0
SDNE08541,D.M.ENTERPRISE,30,0,30,0,30,0,30,0,30,0,30,0,30,0,30,0,30,0,30,0,30,0,30,0
SDNE08573,BORAH STEEL,19.36666667,0,19.36666667,0,19.36666667,0,19.36666667,0,19.36666667,0,19.36666667,0,19.36666667,0,19.36666667,0,19.36666667,0,19.36666667,0,19.36666667,0,19.36666667,0
SDNE08574,DURGA HARDWARE (PRAKASH) (RSSD164),20,0,20,0,20,0,20,0,20,0,20,0,20,0,20,0,20,0,20,0,20,0,20,0
SDNE08575,SIVA HARDWARE STORE (RSSS373),70,0,70,0,70,0,70,0,70,0,70,0,70,0,70,0,70,0,70,0,70,0,70,0
SDNE08576,N K SAI TRADING,20,0,20,0,20,0,20,0,20,0,20,0,20,0,20,0,20,0,20,0,20,0,20,0
SDNE08577,SANJAY STORE (RSSS411),90,0,90,0,90,0,90,0,90,0,90,0,90,0,90,0,90,0,90,0,90,0,90,0
SDNE08578,SWARGIARY HARDWARE (RSSS399),22.5,0,22.5,0,22.5,0,22.5,0,22.5,0,22.5,0,22.5,0,22.5,0,22.5,0,22.5,0,22.5,0,22.5,0
SDNE08579,N K HARDWARE (BULI) ,13,0,13,0,13,0,13,0,13,0,13,0,13,0,13,0,13,0,13,0,13,0,13,0
SDNE08580,GAYATRI HARDWARE,4.2,0,4.2,0,4.2,0,4.2,0,4.2,0,4.2,0,4.2,0,4.2,0,4.2,0,4.2,0,4.2,0,4.2,0
SDNE08581,BORA HARDWARE  HOUSE,10,0,10,0,10,0,10,0,10,0,10,0,10,0,10,0,10,0,10,0,10,0,10,0
SDNE08582,HARDWARE STORES,15,0,15,0,15,0,15,0,15,0,15,0,15,0,15,0,15,0,15,0,15,0,15,0
SDNE08583,BARUAH  HARDWARE(BIJIT),15.75,0,15.75,0,15.75,0,15.75,0,15.75,0,15.75,0,15.75,0,15.75,0,15.75,0,15.75,0,15.75,0,15.75,0
SDNE08585,J J STORE (RSSJ125),19,0,19,0,19,0,19,0,19,0,19,0,19,0,19,0,19,0,19,0,19,0,19,0
SDNE08587,BM ENTERPRISES (RSSB268),23,0,23,0,23,0,23,0,23,0,23,0,23,0,23,0,23,0,23,0,23,0,23,0
SDNE08589,PRABAL STORE,12.1,0,12.1,80,12.1,0,12.1,0,12.1,0,12.1,0,12.1,0,12.1,0,12.1,0,12.1,0,12.1,0,12.1,0
SDNE08597,AM ENTERPRISE (ABDUL),3,0,3,160,3,0,3,0,3,0,3,0,3,0,3,0,3,0,3,0,3,0,3,0
SDNE08604,ALOM HARDWARE,30,0,30,1050,30,0,30,0,30,0,30,0,30,0,30,0,30,0,30,0,30,0,30,0
SDNE08610,ROCKY ENTERPRISE,27.5,0,27.5,280,27.5,0,27.5,0,27.5,0,27.5,0,27.5,0,27.5,0,27.5,0,27.5,0,27.5,0,27.5,0
SDNE08669,NS ENTERPRISES,95,1640,95,0,95,0,95,0,95,0,95,0,95,0,95,0,95,0,95,0,95,0,95,0
SDNE08742,ADITI HARDWARE,15,0,15,0,15,0,15,0,15,0,15,0,15,0,15,0,15,0,15,0,15,0,15,0
SDNE08743,MARUTI ASSOCIATES,10.5,0,10.5,0,10.5,0,10.5,0,10.5,0,10.5,0,10.5,0,10.5,0,10.5,0,10.5,0,10.5,0,10.5,0
SDNE08744,BHAWANI ELECTRICAL HARDWARE,13.65,0,13.65,0,13.65,0,13.65,0,13.65,0,13.65,0,13.65,0,13.65,0,13.65,0,13.65,0,13.65,0,13.65,0
SDNE08745,NUMAL HW & ELECTRICAL,10,0,10,0,10,0,10,0,10,0,10,0,10,0,10,0,10,0,10,0,10,0,10,0
SDNE08753,P.K ENTERPRISE,15.4,0,15.4,550,15.4,0,15.4,0,15.4,0,15.4,0,15.4,0,15.4,0,15.4,0,15.4,0,15.4,0,15.4,0
SDNE08755,DIPAMANI HARDWARE (SAMAR),9,0,9,50,9,0,9,0,9,0,9,0,9,0,9,0,9,0,9,0,9,0,9,0
SDNE08768,SHANTI HARDWARE STORE (RSSS415),20,0,20,0,20,0,20,0,20,0,20,0,20,0,20,0,20,0,20,0,20,0,20,0
SDNE08769,SHYAM SANITARY (RSSS416),30,0,30,300,30,0,30,0,30,0,30,0,30,0,30,0,30,0,30,0,30,0,30,0
SDNE08772,KALPATARU STORE,6,0,6,240,6,0,6,0,6,0,6,0,6,0,6,0,6,0,6,0,6,0,6,0
SDNE08773,AHMED ENTERPRISE,6,0,6,0,6,0,6,0,6,0,6,0,6,0,6,0,6,0,6,0,6,0,6,0
SDNE08777,MAA MAHAMAYA HARDWARE,22,0,22,200,22,0,22,0,22,0,22,0,22,0,22,0,22,0,22,0,22,0,22,0
SDNE08778,ROY HARDWARE,11,0,11,0,11,0,11,0,11,0,11,0,11,0,11,0,11,0,11,0,11,0,11,0
SDNE08779,AMIN STORES,30.8,0,30.8,0,30.8,0,30.8,0,30.8,0,30.8,0,30.8,0,30.8,0,30.8,0,30.8,0,30.8,0,30.8,0
SDNE08780,MANASH HARDWARE & ENTERPRISE,16.5,0,16.5,0,16.5,0,16.5,0,16.5,0,16.5,0,16.5,0,16.5,0,16.5,0,16.5,0,16.5,0,16.5,0
SDNE08781,M/S- RASHID RAHMAN,65,0,65,0,65,0,65,0,65,0,65,0,65,0,65,0,65,0,65,0,65,0,65,0
SDNE08784,JAI MAA LAKXMI HARDWARE,15,0,15,0,15,0,15,0,15,0,15,0,15,0,15,0,15,0,15,0,15,0,15,0
SDNE08785,PARAJULI STORE,8.4,0,8.4,0,8.4,0,8.4,0,8.4,0,8.4,0,8.4,0,8.4,0,8.4,0,8.4,0,8.4,0,8.4,0
SDNE08786,AZIM ENTERPRISE,51.02222222,0,51.02222222,0,51.02222222,0,51.02222222,0,51.02222222,0,51.02222222,0,51.02222222,0,51.02222222,0,51.02222222,0,51.02222222,0,51.02222222,0,51.02222222,0
SDNE08787,M/S NUPUR PAUL,18,0,18,0,18,0,18,0,18,0,18,0,18,0,18,0,18,0,18,0,18,0,18,0
SDNE08788,KALPATARU HARDWARES,25,0,25,0,25,0,25,0,25,0,25,0,25,0,25,0,25,0,25,0,25,0,25,0
SDNE08789,DATTA ENTERPRISE,18,0,18,0,18,0,18,0,18,0,18,0,18,0,18,0,18,0,18,0,18,0,18,0
SDNE08796,ROSHNA HARDWARE,13,0,13,0,13,0,13,0,13,0,13,0,13,0,13,0,13,0,13,0,13,0,13,0
SDNE08797,MIRA HARDWARE & ELECTRICALS,13,0,13,0,13,0,13,0,13,0,13,0,13,0,13,0,13,0,13,0,13,0,13,0
SDNE08798,SAGAR HARDWARE,8,0,8,0,8,0,8,0,8,0,8,0,8,0,8,0,8,0,8,0,8,0,8,0
SDNE08800,PURPLE JONES KHURBA,32,0,32,0,32,0,32,0,32,0,32,0,32,0,32,0,32,0,32,0,32,0,32,0
SDNE08802,G P STORE (RSSG089),17,0,17,0,17,0,17,0,17,0,17,0,17,0,17,0,17,0,17,0,17,0,17,0
SDNE08803,A A ENTERPRISE (RSSA229),2.5,0,2.5,200,2.5,0,2.5,0,2.5,0,2.5,0,2.5,0,2.5,0,2.5,0,2.5,0,2.5,0,2.5,0
SDNE08804,MAA HARDWARE (BABUL) (RSSM368),7,0,7,400,7,0,7,0,7,0,7,0,7,0,7,0,7,0,7,0,7,0,7,0
SDNE08807,KHAKHLARI HARDWARE (RSSK135),15,0,15,0,15,0,15,0,15,0,15,0,15,0,15,0,15,0,15,0,15,0,15,0
SDNE08808,PRADIP HARDWARE,18,0,18,0,18,0,18,0,18,0,18,0,18,0,18,0,18,0,18,0,18,0,18,0
SDNE08809,KARIM STORES (RSSK137),30,0,30,0,30,0,30,0,30,0,30,0,30,0,30,0,30,0,30,0,30,0,30,0
SDNE08811,PAPA'S HARDWARE STORE,6,0,6,0,6,0,6,0,6,0,6,0,6,0,6,0,6,0,6,0,6,0,6,0
SDNE08812,P S STEEL (RSSP128),75,2630,75,0,75,0,75,0,75,0,75,0,75,0,75,0,75,0,75,0,75,0,75,0
SDNE08813,TUMDIHUNGBE NEWME,40,0,40,0,40,0,40,0,40,0,40,0,40,0,40,0,40,0,40,0,40,0,40,0
SDNE08814,BARBHUIYA TRADERS (MOTIBUR) (RSSB270),11,0,11,0,11,0,11,0,11,0,11,0,11,0,11,0,11,0,11,0,11,0,11,0
SDNE08815,NEW LASKAR TRADERS (RSSN136),5.5,0,5.5,0,5.5,0,5.5,0,5.5,0,5.5,0,5.5,0,5.5,0,5.5,0,5.5,0,5.5,0,5.5,0
SDNE08817,B K HARDWARE (KUMAR),20,0,20,0,20,0,20,0,20,0,20,0,20,0,20,0,20,0,20,0,20,0,20,0
SDNE08818,M L HARDWARE (RSSM367),20,0,20,0,20,0,20,0,20,0,20,0,20,0,20,0,20,0,20,0,20,0,20,0
SDNE08819,SARMAH ENTERPRISE,7,0,7,0,7,0,7,0,7,0,7,0,7,0,7,0,7,0,7,0,7,0,7,0
SDNE08820,DAS TRADERS (RSSD167),22,0,22,0,22,0,22,0,22,0,22,0,22,0,22,0,22,0,22,0,22,0,22,0
SDNE08824,BHAI BHAI STORES,22,0,22,400,22,0,22,0,22,0,22,0,22,0,22,0,22,0,22,0,22,0,22,0
SDNE08858,PARSHURAM HARDWARE & GENERAL STORES (RSSP139),40,0,40,0,40,0,40,0,40,0,40,0,40,0,40,0,40,0,40,0,40,0,40,0
SDNE08876,J R ENTERPRISE & SUPPLIER,8,0,8,80,8,0,8,0,8,0,8,0,8,0,8,0,8,0,8,0,8,0,8,0
SDNE08877,PARAMANIK HARDWARE STORE,16.5,0,16.5,500,16.5,0,16.5,0,16.5,0,16.5,0,16.5,0,16.5,0,16.5,0,16.5,0,16.5,0,16.5,0
SDNE08884,AMIN ENTERPRISE (ATAUR) (RSSA241),7.5,0,7.5,100,7.5,0,7.5,0,7.5,0,7.5,0,7.5,0,7.5,0,7.5,0,7.5,0,7.5,0,7.5,0
SDNE08888,SAGAR ENTERPRISE,50,0,50,0,50,0,50,0,50,0,50,0,50,0,50,0,50,0,50,0,50,0,50,0
SDNE08889,MONDOL HARDWARE STORE,35,0,35,0,35,0,35,0,35,0,35,0,35,0,35,0,35,0,35,0,35,0,35,0
SDNE08894,C.B HARDWARE,9.9,0,9.9,350,9.9,0,9.9,0,9.9,0,9.9,0,9.9,0,9.9,0,9.9,0,9.9,0,9.9,0,9.9,0
SDNE08896,BHARAT SHOP,11,0,11,0,11,0,11,0,11,0,11,0,11,0,11,0,11,0,11,0,11,0,11,0
SDNE08897,BHAI BHAI VARIETY STORES,17.6,0,17.6,650,17.6,0,17.6,0,17.6,0,17.6,0,17.6,0,17.6,0,17.6,0,17.6,0,17.6,0,17.6,0
SDNE08898,LAXMI HARDWARE,6.6,0,6.6,100,6.6,0,6.6,0,6.6,0,6.6,0,6.6,0,6.6,0,6.6,0,6.6,0,6.6,0,6.6,0
SDNE08899,JALIL HARDWARE,8.8,0,8.8,100,8.8,0,8.8,0,8.8,0,8.8,0,8.8,0,8.8,0,8.8,0,8.8,0,8.8,0,8.8,0
SDNE08900,DAS HARDWARE,6.6,0,6.6,0,6.6,0,6.6,0,6.6,0,6.6,0,6.6,0,6.6,0,6.6,0,6.6,0,6.6,0,6.6,0
SDNE08901,ROZINA TRADERS,22,0,22,200,22,0,22,0,22,0,22,0,22,0,22,0,22,0,22,0,22,0,22,0
SDNE08902,AZIZ STORES,16.5,0,16.5,300,16.5,0,16.5,0,16.5,0,16.5,0,16.5,0,16.5,0,16.5,0,16.5,0,16.5,0,16.5,0
SDNE08903,G ENTERPRISE,8.8,0,8.8,200,8.8,0,8.8,0,8.8,0,8.8,0,8.8,0,8.8,0,8.8,0,8.8,0,8.8,0,8.8,0
SDNE08904,RAJ HARDWARE (AJIT),8.8,0,8.8,200,8.8,0,8.8,0,8.8,0,8.8,0,8.8,0,8.8,0,8.8,0,8.8,0,8.8,0,8.8,0
SDNE08905,NOOR STORE,22,0,22,0,22,0,22,0,22,0,22,0,22,0,22,0,22,0,22,0,22,0,22,0
SDNE08906,NASRIN HARDWARE,38.5,0,38.5,100,38.5,0,38.5,0,38.5,0,38.5,0,38.5,0,38.5,0,38.5,0,38.5,0,38.5,0,38.5,0
SDNE08907,JULHASH HARDWARE,11,0,11,200,11,0,11,0,11,0,11,0,11,0,11,0,11,0,11,0,11,0,11,0
SDNE08911,JENT HOUSE IRON & CEMENT (RSSJ134),37,0,37,0,37,0,37,0,37,0,37,0,37,0,37,0,37,0,37,0,37,0,37,0
SDNE08912,LINGJENTHOIBI ENTERPRISES (RSSL075),290,1280,290,0,290,0,290,0,290,0,290,0,290,0,290,0,290,0,290,0,290,0,290,0
SDNE08913,MD YASIN (RSSM388),12,0,12,0,12,0,12,0,12,0,12,0,12,0,12,0,12,0,12,0,12,0,12,0
SDNE08916,WASHIM HARDWARE,8,0,8,0,8,0,8,0,8,0,8,0,8,0,8,0,8,0,8,0,8,0,8,0
SDNE08921,MAA HARDWARE,3.3,0,3.3,640,3.3,0,3.3,0,3.3,0,3.3,0,3.3,0,3.3,0,3.3,0,3.3,0,3.3,0,3.3,0
SDNE08932,DOBOKA IRON,12,0,12,400,12,0,12,0,12,0,12,0,12,0,12,0,12,0,12,0,12,0,12,0
SDNE08936,MAA ANJU ENTERPRISE,11,0,11,0,11,0,11,0,11,0,11,0,11,0,11,0,11,0,11,0,11,0,11,0
SDNE08949,B.K.HARDWARE & ELECTRICALS (RSS),24.88888889,0,24.88888889,0,24.88888889,0,24.88888889,0,24.88888889,0,24.88888889,0,24.88888889,0,24.88888889,0,24.88888889,0,24.88888889,0,24.88888889,0,24.88888889,0
SDNE08951,NAKSHATRA ENTERPRISE,4.5,0,4.5,60,4.5,0,4.5,0,4.5,0,4.5,0,4.5,0,4.5,0,4.5,0,4.5,0,4.5,0,4.5,0
SDNE08953,BORAH HARDWARE(MRINALI)(RSSB317),42,600,42,0,42,0,42,0,42,0,42,0,42,0,42,0,42,0,42,0,42,0,42,0
SDNE08954,PANNA ENTERPRISE (RSSP136),15,0,15,0,15,0,15,0,15,0,15,0,15,0,15,0,15,0,15,0,15,0,15,0
SDNE08955,NIBIR ENTERPRISE,4.5,0,4.5,90,4.5,0,4.5,0,4.5,0,4.5,0,4.5,0,4.5,0,4.5,0,4.5,0,4.5,0,4.5,0
SDNE08956,RADHA HARDWARE,10,0,10,0,10,0,10,0,10,0,10,0,10,0,10,0,10,0,10,0,10,0,10,0
SDNE08958,NOOR HARDWARE SHOP,5.5,0,5.5,450,5.5,0,5.5,0,5.5,0,5.5,0,5.5,0,5.5,0,5.5,0,5.5,0,5.5,0,5.5,0
SDNE08959,AZAD HARDWARE,6.6,0,6.6,0,6.6,0,6.6,0,6.6,0,6.6,0,6.6,0,6.6,0,6.6,0,6.6,0,6.6,0,6.6,0
SDNE08960,MONDAL HARDWARE,6.6,0,6.6,0,6.6,0,6.6,0,6.6,0,6.6,0,6.6,0,6.6,0,6.6,0,6.6,0,6.6,0,6.6,0
SDNE08961,KARIMA YESMIN HARDWARE,6.6,0,6.6,0,6.6,0,6.6,0,6.6,0,6.6,0,6.6,0,6.6,0,6.6,0,6.6,0,6.6,0,6.6,0
SDNE08962,S A HARDWARE,11,0,11,0,11,0,11,0,11,0,11,0,11,0,11,0,11,0,11,0,11,0,11,0
SDNE08963,M B HARDWARE (IBRAHIM),11,0,11,0,11,0,11,0,11,0,11,0,11,0,11,0,11,0,11,0,11,0,11,0
SDNE08964,RAHMAN HARDWARE (AIRKATA),11,0,11,0,11,0,11,0,11,0,11,0,11,0,11,0,11,0,11,0,11,0,11,0
SDNE08965,HASEN ALI,16.5,0,16.5,100,16.5,0,16.5,0,16.5,0,16.5,0,16.5,0,16.5,0,16.5,0,16.5,0,16.5,0,16.5,0
SDNE08966,S G ENTERPRISE,11,0,11,0,11,0,11,0,11,0,11,0,11,0,11,0,11,0,11,0,11,0,11,0
SDNE08967,MUSKAN ENTERPRISE,11,0,11,0,11,0,11,0,11,0,11,0,11,0,11,0,11,0,11,0,11,0,11,0
SDNE08968,AKAND HARDWARE & STORE,22,0,22,450,22,0,22,0,22,0,22,0,22,0,22,0,22,0,22,0,22,0,22,0
SDNE08969,CHOYANNITA STORE,22,0,22,1000,22,0,22,0,22,0,22,0,22,0,22,0,22,0,22,0,22,0,22,0
SDNE08970,STAR HARWDARE,11,0,11,700,11,0,11,0,11,0,11,0,11,0,11,0,11,0,11,0,11,0,11,0
SDNE08972,LUAN ENTERPRISES (RSSL076),40,0,40,0,40,0,40,0,40,0,40,0,40,0,40,0,40,0,40,0,40,0,40,0
SDNE08973,CHINGA CEMENT ( UPENDRA RAI),130,0,130,0,130,0,130,0,130,0,130,0,130,0,130,0,130,0,130,0,130,0,130,0
SDNE08974,YUMNAM ENTERPRISES (RSSY005),140,1780,140,0,140,0,140,0,140,0,140,0,140,0,140,0,140,0,140,0,140,0,140,0
SDNE08975,TH RAJEN SINGH (RSST069),40,0,40,0,40,0,40,0,40,0,40,0,40,0,40,0,40,0,40,0,40,0,40,0
SDNE08976,T M ENTERPRISES (RSST070),176,2000,176,0,176,0,176,0,176,0,176,0,176,0,176,0,176,0,176,0,176,0,176,0
SDNE08982,BIDHU BHUSAN GHOSH,15,0,15,0,15,0,15,0,15,0,15,0,15,0,15,0,15,0,15,0,15,0,15,0
SDNE08983,BINA ENTERPRISE,15,0,15,0,15,0,15,0,15,0,15,0,15,0,15,0,15,0,15,0,15,0,15,0
SDNE08984,MEHAKE ENTERPRISE,6,0,6,0,6,0,6,0,6,0,6,0,6,0,6,0,6,0,6,0,6,0,6,0
SDNE08985,MAA IRON STORE,4,0,4,0,4,0,4,0,4,0,4,0,4,0,4,0,4,0,4,0,4,0,4,0
SDNE08987,GHOSH ENTERPRISE,9,0,9,0,9,0,9,0,9,0,9,0,9,0,9,0,9,0,9,0,9,0,9,0
SDNE08990,NAWAZ HUSSAIN (RSSN146),10.88888889,0,10.88888889,0,10.88888889,0,10.88888889,0,10.88888889,0,10.88888889,0,10.88888889,0,10.88888889,0,10.88888889,0,10.88888889,0,10.88888889,0,10.88888889,0
SDNE09006,T T L ENTERPRISES,70,0,70,0,70,0,70,0,70,0,70,0,70,0,70,0,70,0,70,0,70,0,70,0
SDNE09007,RB ENTERPRISE,2.5,0,2.5,350,2.5,0,2.5,0,2.5,0,2.5,0,2.5,0,2.5,0,2.5,0,2.5,0,2.5,0,2.5,0
SDNE09009,A TO Z HARDWARE,6.6,0,6.6,0,6.6,0,6.6,0,6.6,0,6.6,0,6.6,0,6.6,0,6.6,0,6.6,0,6.6,0,6.6,0
SDNE09014,JANNATI HARDWARE,11,0,11,0,11,0,11,0,11,0,11,0,11,0,11,0,11,0,11,0,11,0,11,0
SDNE09017,SARAIGHAT ENTERPRISE,9.9,0,9.9,130,9.9,0,9.9,0,9.9,0,9.9,0,9.9,0,9.9,0,9.9,0,9.9,0,9.9,0,9.9,0
SDNE09019,BB HARDWARE,10,0,10,0,10,0,10,0,10,0,10,0,10,0,10,0,10,0,10,0,10,0,10,0
SDNE09027,RABHA ENTERPRISE,5.5,0,5.5,470,5.5,0,5.5,0,5.5,0,5.5,0,5.5,0,5.5,0,5.5,0,5.5,0,5.5,0,5.5,0
SDNE09029,A.B.ENTERPRISE (KUMAR),2.5,0,2.5,305,2.5,0,2.5,0,2.5,0,2.5,0,2.5,0,2.5,0,2.5,0,2.5,0,2.5,0,2.5,0
SDNE09040,OM HARDWARE,11,0,11,100,11,0,11,0,11,0,11,0,11,0,11,0,11,0,11,0,11,0,11,0
SDNE09044,NEW SWARUPANANDA STORES,35,0,35,0,35,0,35,0,35,0,35,0,35,0,35,0,35,0,35,0,35,0,35,0
SDNE09046,ZIA HARDWARE,8,0,8,0,8,0,8,0,8,0,8,0,8,0,8,0,8,0,8,0,8,0,8,0
SDNE09047,NIPUL HARDWARE,10,0,10,0,10,0,10,0,10,0,10,0,10,0,10,0,10,0,10,0,10,0,10,0
SDNE09048,SRI GANESH HARDWARE (GUNAJIT),9.9,0,9.9,270,9.9,0,9.9,0,9.9,0,9.9,0,9.9,0,9.9,0,9.9,0,9.9,0,9.9,0,9.9,0
SDNE09049,DAS ENTERPRISE(SUALKUCHI),8,0,8,50,8,0,8,0,8,0,8,0,8,0,8,0,8,0,8,0,8,0,8,0
SDNE09050,CHETRY HARDWARE,15,0,15,400,15,0,15,0,15,0,15,0,15,0,15,0,15,0,15,0,15,0,15,0
SDNE09051,BARMAN HARDWARE,11,0,11,350,11,0,11,0,11,0,11,0,11,0,11,0,11,0,11,0,11,0,11,0
SDNE09053,BIPUL STORE (RSS),28.7,0,28.7,0,28.7,0,28.7,0,28.7,0,28.7,0,28.7,0,28.7,0,28.7,0,28.7,0,28.7,0,28.7,0
SDNE09059,B.P STORE,35,0,35,0,35,0,35,0,35,0,35,0,35,0,35,0,35,0,35,0,35,0,35,0
SDNE09060,MEDHI HARDWARE,16.5,0,16.5,100,16.5,0,16.5,0,16.5,0,16.5,0,16.5,0,16.5,0,16.5,0,16.5,0,16.5,0,16.5,0
SDNE09061,BROTHERS ENTERPRISE,25,0,25,0,25,0,25,0,25,0,25,0,25,0,25,0,25,0,25,0,25,0,25,0
SDNE09062,RUPSHA HARDWARE,13,0,13,0,13,0,13,0,13,0,13,0,13,0,13,0,13,0,13,0,13,0,13,0
SDNE09063,BHAI BHAI ENTERPRISE,11,0,11,0,11,0,11,0,11,0,11,0,11,0,11,0,11,0,11,0,11,0,11,0
SDNE09064,MAA HARDWARE (ABDUR),11,0,11,0,11,0,11,0,11,0,11,0,11,0,11,0,11,0,11,0,11,0,11,0
SDNE09065,PRASAD TRADERS,12.1,0,12.1,600,12.1,0,12.1,0,12.1,0,12.1,0,12.1,0,12.1,0,12.1,0,12.1,0,12.1,0,12.1,0
SDNE09066,C M TRADERS,10,0,10,0,10,0,10,0,10,0,10,0,10,0,10,0,10,0,10,0,10,0,10,0
SDNE09067,WELDING GARAJ,21,0,21,0,21,0,21,0,21,0,21,0,21,0,21,0,21,0,21,0,21,0,21,0
SDNE09068,PACHIM BHAGMARA S S LTD,5.25,0,5.25,0,5.25,0,5.25,0,5.25,0,5.25,0,5.25,0,5.25,0,5.25,0,5.25,0,5.25,0,5.25,0
SDNE09069,SEMIM ENTERPRISE,8.8,0,8.8,200,8.8,0,8.8,0,8.8,0,8.8,0,8.8,0,8.8,0,8.8,0,8.8,0,8.8,0,8.8,0
SDNE09071,S.C.ENTERPRISES (RSS),10,0,10,0,10,0,10,0,10,0,10,0,10,0,10,0,10,0,10,0,10,0,10,0
SDNE09072,MAA ENTERPRISE,11,0,11,530,11,0,11,0,11,0,11,0,11,0,11,0,11,0,11,0,11,0,11,0
SDNE09073,NANDA ENTERPRISE,11,0,11,900,11,0,11,0,11,0,11,0,11,0,11,0,11,0,11,0,11,0,11,0
SDNE09075,BISHAL ENTERPRISE,7.7,0,7.7,0,7.7,0,7.7,0,7.7,0,7.7,0,7.7,0,7.7,0,7.7,0,7.7,0,7.7,0,7.7,0
SDNE09085,TAM TRADING AGENCY,70,0,70,0,70,0,70,0,70,0,70,0,70,0,70,0,70,0,70,0,70,0,70,0
SDNE09108,ISLAM HARDWARE,22,0,22,200,22,0,22,0,22,0,22,0,22,0,22,0,22,0,22,0,22,0,22,0
SDNE09109,BROTHERS ENTERPRISE,16.5,0,16.5,350,16.5,0,16.5,0,16.5,0,16.5,0,16.5,0,16.5,0,16.5,0,16.5,0,16.5,0,16.5,0
SDNE09110,J.K ENTERPRISE,11,0,11,200,11,0,11,0,11,0,11,0,11,0,11,0,11,0,11,0,11,0,11,0
SDNE09111,TANVIR STORE,11,0,11,0,11,0,11,0,11,0,11,0,11,0,11,0,11,0,11,0,11,0,11,0
SDNE09112,KALITA ENTERPRISE,16.5,0,16.5,150,16.5,0,16.5,0,16.5,0,16.5,0,16.5,0,16.5,0,16.5,0,16.5,0,16.5,0,16.5,0
SDNE09113,ASSAM HARDWARE,11,0,11,0,11,0,11,0,11,0,11,0,11,0,11,0,11,0,11,0,11,0,11,0
SDNE09115,BOROLAND H/W,38.5,0,38.5,400,38.5,0,38.5,0,38.5,0,38.5,0,38.5,0,38.5,0,38.5,0,38.5,0,38.5,0,38.5,0
SDNE09116,P K ENTERPRISE,11,0,11,400,11,0,11,0,11,0,11,0,11,0,11,0,11,0,11,0,11,0,11,0
SDNE09117,PUJA HARDWARE,11,0,11,200,11,0,11,0,11,0,11,0,11,0,11,0,11,0,11,0,11,0,11,0
SDNE09118,NURJANNAT HARDWARE,5.5,0,5.5,200,5.5,0,5.5,0,5.5,0,5.5,0,5.5,0,5.5,0,5.5,0,5.5,0,5.5,0,5.5,0
SDNE09119,RAHMAN ENTERPRISE,44,0,44,1000,44,0,44,0,44,0,44,0,44,0,44,0,44,0,44,0,44,0,44,0
SDNE09120,SWEETY STORES,15.4,0,15.4,100,15.4,0,15.4,0,15.4,0,15.4,0,15.4,0,15.4,0,15.4,0,15.4,0,15.4,0,15.4,0
SDNE09121,DIBAKAR HARDWARE,5.5,0,5.5,0,5.5,0,5.5,0,5.5,0,5.5,0,5.5,0,5.5,0,5.5,0,5.5,0,5.5,0,5.5,0
SDNE09122,SAIFUL HARDWARE,6.6,0,6.6,100,6.6,0,6.6,0,6.6,0,6.6,0,6.6,0,6.6,0,6.6,0,6.6,0,6.6,0,6.6,0
SDNE09123,MIYA HARDWARE,11,0,11,200,11,0,11,0,11,0,11,0,11,0,11,0,11,0,11,0,11,0,11,0
SDNE09124,PROMI HARDWARE,11,0,11,100,11,0,11,0,11,0,11,0,11,0,11,0,11,0,11,0,11,0,11,0
SDNE09125,ANU HARDWARE,16.5,0,16.5,100,16.5,0,16.5,0,16.5,0,16.5,0,16.5,0,16.5,0,16.5,0,16.5,0,16.5,0,16.5,0
SDNE09126,BOIDYA PAUL HARDWARE,16.5,0,16.5,130,16.5,0,16.5,0,16.5,0,16.5,0,16.5,0,16.5,0,16.5,0,16.5,0,16.5,0,16.5,0
SDNE09127,MADHU AGARWALA,11,0,11,0,11,0,11,0,11,0,11,0,11,0,11,0,11,0,11,0,11,0,11,0
SDNE09128,MAA SARASWATI HARDWARE,22,0,22,550,22,0,22,0,22,0,22,0,22,0,22,0,22,0,22,0,22,0,22,0
SDNE09129,MAA DURGA HARDWARE,27.5,0,27.5,350,27.5,0,27.5,0,27.5,0,27.5,0,27.5,0,27.5,0,27.5,0,27.5,0,27.5,0,27.5,0
SDNE09130,TRINAYAN ENTERPRISE,9.9,0,9.9,100,9.9,0,9.9,0,9.9,0,9.9,0,9.9,0,9.9,0,9.9,0,9.9,0,9.9,0,9.9,0
SDNE09131,SANKAR STORE,25,0,25,0,25,0,25,0,25,0,25,0,25,0,25,0,25,0,25,0,25,0,25,0
SDNE09132,DILIP PAUL(RSSD181),10,0,10,0,10,0,10,0,10,0,10,0,10,0,10,0,10,0,10,0,10,0,10,0
SDNE09133,ARJU HARDWARE,16.5,0,16.5,0,16.5,0,16.5,0,16.5,0,16.5,0,16.5,0,16.5,0,16.5,0,16.5,0,16.5,0,16.5,0
SDNE09135,TAJ H/W,8.8,0,8.8,0,8.8,0,8.8,0,8.8,0,8.8,0,8.8,0,8.8,0,8.8,0,8.8,0,8.8,0,8.8,0
SDNE09136,KALITA ENTERPRISE(AMAR),35,0,35,460,35,0,35,0,35,0,35,0,35,0,35,0,35,0,35,0,35,0,35,0
SDNE09139,ROMAN INGTI,15,0,15,0,15,0,15,0,15,0,15,0,15,0,15,0,15,0,15,0,15,0,15,0
SDNE09141,R.S.ENTERPRISE,48,0,48,0,48,0,48,0,48,0,48,0,48,0,48,0,48,0,48,0,48,0,48,0
SDNE09142,MOMIN KHAN,40.44444444,0,40.44444444,0,40.44444444,0,40.44444444,0,40.44444444,0,40.44444444,0,40.44444444,0,40.44444444,0,40.44444444,0,40.44444444,0,40.44444444,0,40.44444444,0
SDNE09143,HANUMAN STORE,33,600,33,0,33,0,33,0,33,0,33,0,33,0,33,0,33,0,33,0,33,0,33,0
SDNE09145,LASKAR HW,12,0,12,255,12,0,12,0,12,0,12,0,12,0,12,0,12,0,12,0,12,0,12,0
SDNE09148,CHOUDHURY HARDWARE,10,0,10,800,10,0,10,0,10,0,10,0,10,0,10,0,10,0,10,0,10,0,10,0
SDNE09151,KRISHNA HARDWARE,10,0,10,0,10,0,10,0,10,0,10,0,10,0,10,0,10,0,10,0,10,0,10,0
SDNE09152,RAJU STORE (ABDUL) (RSSR217),18,0,18,100,18,0,18,0,18,0,18,0,18,0,18,0,18,0,18,0,18,0,18,0
SDNE09153,GANAPATI ENTERPRISE (RSSG097),10,0,10,68,10,0,10,0,10,0,10,0,10,0,10,0,10,0,10,0,10,0,10,0
SDNE09154,KALITA ENTERPRISE (MANI) (RSSK144),10,0,10,50,10,0,10,0,10,0,10,0,10,0,10,0,10,0,10,0,10,0,10,0
SDNE09155,KAKATI ENTERPRISE (RSSK145),35,0,35,0,35,0,35,0,35,0,35,0,35,0,35,0,35,0,35,0,35,0,35,0
SDNE09221,RUKSHAN HARDWARE,11,0,11,500,11,0,11,0,11,0,11,0,11,0,11,0,11,0,11,0,11,0,11,0
SDNE09232,HUSSAIN TRADERS (MATIUR) (RSSH082),11,0,11,0,11,0,11,0,11,0,11,0,11,0,11,0,11,0,11,0,11,0,11,0
SDNE09236,NATH HARDWARE(JAYANTA),4.2,0,4.2,0,4.2,0,4.2,0,4.2,0,4.2,0,4.2,0,4.2,0,4.2,0,4.2,0,4.2,0,4.2,0
SDNE09237,HAQUE HARDWER,10,0,10,0,10,0,10,0,10,0,10,0,10,0,10,0,10,0,10,0,10,0,10,0
SDNE09238,BARUAH HARDWARE CENTER,2.1,0,2.1,0,2.1,0,2.1,0,2.1,0,2.1,0,2.1,0,2.1,0,2.1,0,2.1,0,2.1,0,2.1,0
SDNE09239,NAYANJYOTI HARDWARE,5,0,5,0,5,0,5,0,5,0,5,0,5,0,5,0,5,0,5,0,5,0,5,0
SDNE09240,BHAGAWATI ENTERPRISE,5.25,0,5.25,0,5.25,0,5.25,0,5.25,0,5.25,0,5.25,0,5.25,0,5.25,0,5.25,0,5.25,0,5.25,0
SDNE09241,ABHIJIT SAIKIA,5,0,5,0,5,0,5,0,5,0,5,0,5,0,5,0,5,0,5,0,5,0,5,0
SDNE09242,JAGADISH HARDWARE,5,0,5,0,5,0,5,0,5,0,5,0,5,0,5,0,5,0,5,0,5,0,5,0
SDNE09243,R K ENTERPRISE,4.2,0,4.2,0,4.2,0,4.2,0,4.2,0,4.2,0,4.2,0,4.2,0,4.2,0,4.2,0,4.2,0,4.2,0
SDNE09245,OM HARDWARE & SUPPLIERS (RSSO014),5.444444444,0,5.444444444,0,5.444444444,0,5.444444444,0,5.444444444,0,5.444444444,0,5.444444444,0,5.444444444,0,5.444444444,0,5.444444444,0,5.444444444,0,5.444444444,0
SDNE09246,N R HARDWARE,7.777777778,0,7.777777778,0,7.777777778,0,7.777777778,0,7.777777778,0,7.777777778,0,7.777777778,0,7.777777778,0,7.777777778,0,7.777777778,0,7.777777778,0,7.777777778,0
SDNE09252,M/S MAA BAGESWARI STEELS,11,0,11,0,11,0,11,0,11,0,11,0,11,0,11,0,11,0,11,0,11,0,11,0
SDNE09255,AJOY KUMAR ROY,5,0,5,0,5,0,5,0,5,0,5,0,5,0,5,0,5,0,5,0,5,0,5,0
SDNE09260,BLOUSE MADHUMITA,5,0,5,0,5,0,5,0,5,0,5,0,5,0,5,0,5,0,5,0,5,0,5,0
SDNE09269,HINA ENTERPRISE,8,0,8,0,8,0,8,0,8,0,8,0,8,0,8,0,8,0,8,0,8,0,8,0
SDNE09272,BABA GANESH HARDWARE,5.5,0,5.5,170,5.5,0,5.5,0,5.5,0,5.5,0,5.5,0,5.5,0,5.5,0,5.5,0,5.5,0,5.5,0
SDNE09277,MAA KALI ENTERPRISE,6,0,6,120,6,0,6,0,6,0,6,0,6,0,6,0,6,0,6,0,6,0,6,0
SDNE09286,BABU ENTERPRISE,2.2,0,2.2,365,2.2,0,2.2,0,2.2,0,2.2,0,2.2,0,2.2,0,2.2,0,2.2,0,2.2,0,2.2,0
SDNE09296,SHREE SASHI STORE,50,0,50,0,50,0,50,0,50,0,50,0,50,0,50,0,50,0,50,0,50,0,50,0
SDNE09320,DRAGON TRADE AGENCY,11,0,11,0,11,0,11,0,11,0,11,0,11,0,11,0,11,0,11,0,11,0,11,0
SDNE09321,GILBERT LYNGKHOI,8,0,8,0,8,0,8,0,8,0,8,0,8,0,8,0,8,0,8,0,8,0,8,0
SDNE09325,ROFIK HARDWARE,2.5,0,2.5,0,2.5,0,2.5,0,2.5,0,2.5,0,2.5,0,2.5,0,2.5,0,2.5,0,2.5,0,2.5,0
SDNE09356,TALUKDAR HARDWARE,5.5,0,5.5,0,5.5,0,5.5,0,5.5,0,5.5,0,5.5,0,5.5,0,5.5,0,5.5,0,5.5,0,5.5,0
SDNE09399,J HUSSAIN HARDWARE,11,0,11,500,11,0,11,0,11,0,11,0,11,0,11,0,11,0,11,0,11,0,11,0
SDNE09400,Bharat steel,300,0,300,0,300,0,300,0,300,0,300,0,300,0,300,0,300,0,300,0,300,0,300,0
SDNE09401,PRAJAPAT SUPPLIER,150,0,150,0,150,0,150,0,150,0,150,0,150,0,150,0,150,0,150,0,150,0,150,0
SDNE09402,BRICKS AND STONES,100,0,100,0,100,0,100,0,100,0,100,0,100,0,100,0,100,0,100,0,100,0,100,0
SDNE09403,P.D.ENTERPRISE,100,0,100,0,100,0,100,0,100,0,100,0,100,0,100,0,100,0,100,0,100,0,100,0
SDNE09404,HALLELEUJAH ENTERPRISE,70,0,70,0,70,0,70,0,70,0,70,0,70,0,70,0,70,0,70,0,70,0,70,0
SDNE09405,L.K.KHRO,100,0,100,0,100,0,100,0,100,0,100,0,100,0,100,0,100,0,100,0,100,0,100,0
SDNE09407,T.S. CONSTRUCTION & SUPPLIES,35,0,35,0,35,0,35,0,35,0,35,0,35,0,35,0,35,0,35,0,35,0,35,0
SDNE09413,MAA DURGA ENTERPRISE,6,0,6,0,6,0,6,0,6,0,6,0,6,0,6,0,6,0,6,0,6,0,6,0
SDNE09414,MALATI ENTERPRISE,2.5,0,2.5,300,2.5,0,2.5,0,2.5,0,2.5,0,2.5,0,2.5,0,2.5,0,2.5,0,2.5,0,2.5,0
SDNE09431,M/S PAUL HARDWARE,5,0,5,0,5,0,5,0,5,0,5,0,5,0,5,0,5,0,5,0,5,0,5,0
SDNE09432,M/S AMITAVA DHAR,5,0,5,0,5,0,5,0,5,0,5,0,5,0,5,0,5,0,5,0,5,0,5,0
SDNE09433,CHOUDHURY HARDWARE,15,0,15,0,15,0,15,0,15,0,15,0,15,0,15,0,15,0,15,0,15,0,15,0
SDNE09434,BISWAKARMA HARDWARE,20,0,20,0,20,0,20,0,20,0,20,0,20,0,20,0,20,0,20,0,20,0,20,0
SDNE09435,RATNAPRADIP CHAKRABORTY,5,0,5,0,5,0,5,0,5,0,5,0,5,0,5,0,5,0,5,0,5,0,5,0
SDNE09454,USHA STORES,3,0,3,0,3,0,3,0,3,0,3,0,3,0,3,0,3,0,3,0,3,0,3,0
SDNE09467,MAA MANASHA HARDWARE,16.5,0,16.5,0,16.5,0,16.5,0,16.5,0,16.5,0,16.5,0,16.5,0,16.5,0,16.5,0,16.5,0,16.5,0
SDNE09511,JAKIR HARDWARE ,5,0,5,0,5,0,5,0,5,0,5,0,5,0,5,0,5,0,5,0,5,0,5,0
SDNE09526,M/S M M ENTERPRISE,70,0,70,0,70,0,70,0,70,0,70,0,70,0,70,0,70,0,70,0,70,0,70,0
SDNE09527,K K ENTERPRISES,70,0,70,0,70,0,70,0,70,0,70,0,70,0,70,0,70,0,70,0,70,0,70,0
SDNE09528,TDL ENTERPRISES,70,0,70,0,70,0,70,0,70,0,70,0,70,0,70,0,70,0,70,0,70,0,70,0
SDNE09529,LEGO LEMGO ENTERPRISES,70,0,70,0,70,0,70,0,70,0,70,0,70,0,70,0,70,0,70,0,70,0,70,0
SDNE09549,SURRENDRA ENTERPRISE,100,0,100,0,100,0,100,0,100,0,100,0,100,0,100,0,100,0,100,0,100,0,100,0
SDNE09550,HILLS TRADERS,35,0,35,0,35,0,35,0,35,0,35,0,35,0,35,0,35,0,35,0,35,0,35,0
SDNE09551,ALI TRADERS,35,0,35,0,35,0,35,0,35,0,35,0,35,0,35,0,35,0,35,0,35,0,35,0
SDNE09552,M.K. Hardware store,35,0,35,0,35,0,35,0,35,0,35,0,35,0,35,0,35,0,35,0,35,0,35,0
SDNE09553,MULTI PURPOSE SHOPE,50,0,50,0,50,0,50,0,50,0,50,0,50,0,50,0,50,0,50,0,50,0,50,0
SDNE09554,K KIRE ENTERPRISES,70,0,70,0,70,0,70,0,70,0,70,0,70,0,70,0,70,0,70,0,70,0,70,0
SDNE09575,M/S KHOKAN NAMASUDRA,20,0,20,0,20,0,20,0,20,0,20,0,20,0,20,0,20,0,20,0,20,0,20,0
SDNE09576,DADOU HARDWARE & VARIETIES,10,0,10,0,10,0,10,0,10,0,10,0,10,0,10,0,10,0,10,0,10,0,10,0
SDNE09577,SRI KRISHNA HARDWARE,10,0,10,0,10,0,10,0,10,0,10,0,10,0,10,0,10,0,10,0,10,0,10,0
SDNE09708,S D HARDWARE,5,0,5,50,5,0,5,0,5,0,5,0,5,0,5,0,5,0,5,0,5,0,5,0
SDNE09798,SAND SOLO,70,0,70,0,70,0,70,0,70,0,70,0,70,0,70,0,70,0,70,0,70,0,70,0
SDNE00518,MANASHA TRADERS (RSSM040),18,0,18,0,18,0,18,0,18,0,18,0,18,0,18,0,18,0,18,0,18,0,18,0
SDNE03241,ASISH SAHA (RSSA187),34,0,34,0,34,0,34,0,34,0,34,0,34,0,34,0,34,0,34,0,34,0,34,0
SDNE03104,ANKITA HARDWARE AND ELECTRICAL (RSSA076),40,0,40,0,40,0,40,0,40,0,40,0,40,0,40,0,40,0,40,0,40,0,40,0
SDNE07477,RAJ LAXMI AGENCY (RSSR079),20,0,20,0,20,0,20,0,20,0,20,0,20,0,20,0,20,0,20,0,20,0,20,0
SDNE03090,HIRA HARDWARE (RSSH023),40,0,40,0,40,0,40,0,40,0,40,0,40,0,40,0,40,0,40,0,40,0,40,0
SDNE03070,RAJAT HARDWARE (RSSR056),80,0,80,0,80,0,80,0,80,0,80,0,80,0,80,0,80,0,80,0,80,0,80,0
SDNE07374,SONOWAL HARDWARE (DIGANTA) (RSSS131),20,0,20,0,20,0,20,0,20,0,20,0,20,0,20,0,20,0,20,0,20,0,20,0
SDNE05236,VISHAL HARDWARE STORE (RSSV005),20,0,20,0,20,0,20,0,20,0,20,0,20,0,20,0,20,0,20,0,20,0,20,0
SDNE03068,ALIMUR HARDWARE STORE (RSSA106),20,0,20,0,20,0,20,0,20,0,20,0,20,0,20,0,20,0,20,0,20,0,20,0
SDNE06039,BAGRI HARDWARE STORE (RSSB129),25,0,25,0,25,0,25,0,25,0,25,0,25,0,25,0,25,0,25,0,25,0,25,0
SDNE07057,BARUAH HARDWARE (RSSB086),30,0,30,0,30,0,30,0,30,0,30,0,30,0,30,0,30,0,30,0,30,0,30,0
SDNE06027,GANAPATI TIMBER SHOP (RSSG045),40,0,40,0,40,0,40,0,40,0,40,0,40,0,40,0,40,0,40,0,40,0,40,0
SDNE03151,NILMONI KONWAR (RSSN057),60,0,60,0,60,0,60,0,60,0,60,0,60,0,60,0,60,0,60,0,60,0,60,0
SDNE07387,NIRANJAN HARDWARE (RSSN038),30,0,30,0,30,0,30,0,30,0,30,0,30,0,30,0,30,0,30,0,30,0,30,0
SDNE07050,PABITRA  DEORI (RSSP048),40,0,40,0,40,0,40,0,40,0,40,0,40,0,40,0,40,0,40,0,40,0,40,0
NSNE03345,BIBEK TRADE & AGENCIES (RSSB297),10,0,10,0,10,0,10,0,10,0,10,0,10,0,10,0,10,0,10,0,10,0,10,0
SDNE08520,PAWAN HARDWARE & GENERAL STORE (RSSP140),10,0,10,0,10,0,10,0,10,0,10,0,10,0,10,0,10,0,10,0,10,0,10,0
SDNE08999,GOGOI BROTHERS (RSSG096),15,0,15,0,15,0,15,0,15,0,15,0,15,0,15,0,15,0,15,0,15,0,15,0
SDNE09001,SWASTI STORE (RSSS436),15,0,15,0,15,0,15,0,15,0,15,0,15,0,15,0,15,0,15,0,15,0,15,0
SDNE08298,TRISHUL ENTERPRISE (RSST080),20.9,0,20.9,310,20.9,0,20.9,0,20.9,0,20.9,0,20.9,0,20.9,0,20.9,0,20.9,0,20.9,0,20.9,0
SDNE08330,SONA CEMENT CENTRE (RSSS369),15,0,15,0,15,0,15,0,15,0,15,0,15,0,15,0,15,0,15,0,15,0,15,0
SDNE02421,POPPU HARDWARE (RSSD),8.4,0,8.4,0,8.4,0,8.4,0,8.4,0,8.4,0,8.4,0,8.4,0,8.4,0,8.4,0,8.4,0,8.4,0
SDNE02990,MARUTI HARDWARE STORES (RSSM330),20,0,20,600,20,0,20,0,20,0,20,0,20,0,20,0,20,0,20,0,20,0,20,0
SDNE06751,SHREE ANJANI HARDWARE (RSSS365),25,0,25,300,25,0,25,0,25,0,25,0,25,0,25,0,25,0,25,0,25,0,25,0
SDNE07229,LACHIT STORE (RSSL062),38,0,38,385,38,0,38,0,38,0,38,0,38,0,38,0,38,0,38,0,38,0,38,0
SDNE02955,GOPAL AGARWALLA (RSSG083),45,0,45,0,45,0,45,0,45,0,45,0,45,0,45,0,45,0,45,0,45,0,45,0
SDNE08344,OMKAR HARDWARE (RSSO012),35,0,35,0,35,0,35,0,35,0,35,0,35,0,35,0,35,0,35,0,35,0,35,0
SDNE09408,SUFIAN TRADERS (RSSDS568),11,0,11,0,11,0,11,0,11,0,11,0,11,0,11,0,11,0,11,0,11,0,11,0
SDNE03047,A K GOGOI HARDWARE (RSSA077),20,0,20,0,20,0,20,0,20,0,20,0,20,0,20,0,20,0,20,0,20,0,20,0
SDNE08343,DULIA ENTERPRISE (RSSD145),20,0,20,0,20,0,20,0,20,0,20,0,20,0,20,0,20,0,20,0,20,0,20,0
SDNE07447,NANDA DEKA (RSSN042),20,0,20,0,20,0,20,0,20,0,20,0,20,0,20,0,20,0,20,0,20,0,20,0
SDNE07448,UNITED INDIA (RSSU007),40,0,40,0,40,0,40,0,40,0,40,0,40,0,40,0,40,0,40,0,40,0,40,0
SDNE07563,MAHESH HARDWARE STORES (RSSM173),40,0,40,0,40,0,40,0,40,0,40,0,40,0,40,0,40,0,40,0,40,0,40,0
SDNE07445,PHUL ENTERPRISE (RSSP047),30,0,30,0,30,0,30,0,30,0,30,0,30,0,30,0,30,0,30,0,30,0,30,0
SDNE08346,PRITAMBARA HARDWARE STORE (RSSP122),20,0,20,0,20,0,20,0,20,0,20,0,20,0,20,0,20,0,20,0,20,0,20,0
NSNE06873,S S TRADERS (RSSD),20,0,20,0,20,0,20,0,20,0,20,0,20,0,20,0,20,0,20,0,20,0,20,0
SDNE06975,UPDHAYA HARDWARE (RSSU008),30,0,30,0,30,0,30,0,30,0,30,0,30,0,30,0,30,0,30,0,30,0,30,0
SDNE03053,VERMA HARDWARE (RSSV007),40,0,40,0,40,0,40,0,40,0,40,0,40,0,40,0,40,0,40,0,40,0,40,0
SDNE09428,BAWA HARDWARE (RSSD),20,0,20,0,20,0,20,0,20,0,20,0,20,0,20,0,20,0,20,0,20,0,20,0
SDNE00394,ASHRIBAD ENTERPRISE (RSSA138),60,0,60,0,60,0,60,0,60,0,60,0,60,0,60,0,60,0,60,0,60,0,60,0
NSNE03401,BARNAWAL HARDWARE (RSSB163),15,0,15,0,15,0,15,0,15,0,15,0,15,0,15,0,15,0,15,0,15,0,15,0
SDNE07653,HANUMAN STEEL STORE (RSSH039),25,0,25,0,25,0,25,0,25,0,25,0,25,0,25,0,25,0,25,0,25,0,25,0
SDNE00164,R G HARDWARE (RSSR097),30,0,30,0,30,0,30,0,30,0,30,0,30,0,30,0,30,0,30,0,30,0,30,0
SDNE00103,SAMSON TRADING (RSSS250),80,0,80,0,80,0,80,0,80,0,80,0,80,0,80,0,80,0,80,0,80,0,80,0
SDRE06321,BENJIR HARDWARE,10,0,10,0,10,0,10,0,10,0,10,0,10,0,10,0,10,0,10,0,10,0,10,0
NSRE12923,SRI GOPAL HARDWARE,20,0,20,0,20,0,20,0,20,0,20,0,20,0,20,0,20,0,20,0,20,0,20,0
SDRE04103,ASHIRBAD HARDWARE,10,0,10,0,10,0,10,0,10,0,10,0,10,0,10,0,10,0,10,0,10,0,10,0
SDRE04090,MONDAL HARDWARE,10,0,10,0,10,0,10,0,10,0,10,0,10,0,10,0,10,0,10,0,10,0,10,0
SDRE07097,JOY MA TARA HARDWARE,10,0,10,0,10,0,10,0,10,0,10,0,10,0,10,0,10,0,10,0,10,0,10,0
SDRE07098,ALI HARDWARE,10,0,10,0,10,0,10,0,10,0,10,0,10,0,10,0,10,0,10,0,10,0,10,0
SDRE06428,MAA KALI HARDWARE,20,0,20,0,20,0,20,0,20,0,20,0,20,0,20,0,20,0,20,0,20,0,20,0
SDRE06429,SHAIKH HARDWARE,10,0,10,0,10,0,10,0,10,0,10,0,10,0,10,0,10,0,10,0,10,0,10,0
SDRE07207,AIJUDDUN SK,80,0,80,0,80,0,80,0,80,0,80,0,80,0,80,0,80,0,80,0,80,0,80,0
SDRE07149,RAJHARDWARE,40,0,40,0,40,0,40,0,40,0,40,0,40,0,40,0,40,0,40,0,40,0,40,0
SDRE07200,BIKASH KESHRI,50,0,50,0,50,0,50,0,50,0,50,0,50,0,50,0,50,0,50,0,50,0,50,0
NSRE12248,HAQUE HARDWARE,16,0,16,0,16,0,16,0,16,0,16,0,16,0,16,0,16,0,16,0,16,0,16,0
NSRE12803,MALLICK HARDWARE,16,0,16,0,16,0,16,0,16,0,16,0,16,0,16,0,16,0,16,0,16,0,16,0
SDRE07235,SHARMIN HARDWARES,16,0,16,0,16,0,16,0,16,0,16,0,16,0,16,0,16,0,16,0,16,0,16,0
SDRE07303,PARVAG AND MOINUDDIN HARDWARE,16,0,16,0,16,0,16,0,16,0,16,0,16,0,16,0,16,0,16,0,16,0,16,0
SDRE07236,RATNA ROOJ,50,0,50,0,50,0,50,0,50,0,50,0,50,0,50,0,50,0,50,0,50,0,50,0
SDRE06763,MONDAL BUILDERS & HARDWARES,50,400,50,0,50,0,50,0,50,0,50,0,50,0,50,0,50,0,50,0,50,0,50,0
SDRE00544,SUKUMAR GORAI,40,100,40,0,40,0,30,0,40,0,40,0,40,0,40,0,40,0,40,0,40,0,40,0
SDRE04935,MONDAL HARDWARE,30,0,30,0,30,0,20,0,30,0,30,0,30,0,30,0,30,0,30,0,30,0,30,0
SDRE04965,DEBNATH CONSTRUCTION,20,0,20,0,20,0,10,0,20,0,20,0,20,0,20,0,20,0,20,0,20,0,20,0
SDRE06764,NEW GOLDEN BUILDERS,10,0,10,0,10,0,10,0,10,0,10,0,10,0,10,0,10,0,10,0,10,0,10,0
SDRE00494,DEY CONTRUCTION,10,0,10,0,10,0,10,0,10,0,10,0,10,0,10,0,10,0,10,0,10,0,10,0
SDRE04901,SUBHENDU KUNDU,10,160,10,0,10,0,10,0,10,0,10,0,10,0,10,0,10,0,10,0,10,0,10,0
SDRE04920,RAGHUNATH ENTERPRISE,10,0,10,0,10,0,10,0,10,0,10,0,10,0,10,0,10,0,10,0,10,0,10,0
SDRE06102,SUMANA KRISHI BHANDER,40,200,40,0,40,0,40,0,40,0,40,0,40,0,40,0,40,0,40,0,40,0,40,0
SDRE06104,STAR BUILDERS,10,0,10,0,10,0,10,0,10,0,10,0,10,0,10,0,10,0,10,0,10,0,10,0
SDRE04942,MANIK NANDI(SISTER CONCERN),15,0,15,0,15,0,15,0,15,0,15,0,15,0,15,0,15,0,15,0,15,0,15,0
SDRE04959,LALU MONDAL  PLAMBING WORKS,20,100,20,0,20,0,20,0,20,0,20,0,20,0,20,0,20,0,20,0,20,0,20,0
SDRE04963,KUNDU BUILDERS,15,100,15,0,15,0,15,0,15,0,15,0,15,0,15,0,15,0,15,0,15,0,15,0
SDRE04988,ISLAM BUILDERS,10,0,10,0,10,0,10,0,10,0,10,0,10,0,10,0,10,0,10,0,10,0,10,0
NSRE01273,CHANDNI TRADERS,10,120,10,0,10,0,10,0,10,0,10,0,10,0,10,0,10,0,10,0,10,0,10,0
SDRE06293,SRIKRISHNA CONSTRUCTION,20,140,20,0,20,0,20,0,20,0,20,0,20,0,20,0,20,0,20,0,20,0,20,0
SDRE06944,SWAPAN KUMAR KUNDU,10,160,10,0,10,0,10,0,10,0,10,0,10,0,10,0,10,0,10,0,10,0,10,0
NSRE12747,SATHI BUILDERS,20,100,20,0,20,0,20,0,20,0,20,0,20,0,20,0,20,0,20,0,20,0,20,0
SDRE06634,JOYGURU HARDWARE,20,200,20,0,20,0,20,0,20,0,20,0,20,0,20,0,20,0,20,0,20,0,20,0
SDRE07029,M.S. HARDWARE,15,200,15,0,15,0,15,0,15,0,15,0,15,0,15,0,15,0,15,0,15,0,15,0
SDRE07185,MAA KALI HARDWARE,15,200,15,0,15,0,15,0,15,0,15,0,15,0,15,0,15,0,15,0,15,0,15,0
NSRE13889,Sristi Construction,10,0,15,0,15,0,15,0,15,0,15,0,15,0,15,0,15,0,15,0,15,0,15,0
SDRE07174,Jasmine Enterprise,10,0,15,0,15,0,15,0,15,0,15,0,15,0,15,0,15,0,15,0,15,0,15,0
SDRE07253,Maa Manasa Hardware,10,0,10,0,10,0,10,0,10,0,10,0,10,0,10,0,10,0,10,0,20,0,20,0
SDRE06328,Unique Enterprisemallick hardware,10,0,10,0,5,0,5,0,10,0,10,0,10,0,10,0,15,0,15,0,10,0,20,0
SDRE05858,MAHA MAYA BUILDERS,13,0,13,0,13,0,13,0,13,0,13,0,13,0,20,0,20,0,20,0,20,0,20,0
SDRE01557,RABIA BIBI,40,0,35,0,30,0,30,0,40,0,40,0,40,0,52,0,52,0,52,0,52,0,52,0
SDRE01618,SHIL BUILDERS,17,0,17,0,17,0,17,0,17,0,17,0,17,0,21,0,21,0,21,0,24,0,25,0
SDRE01470,KHAN HARDWARE,20,0,18,0,16,0,16,0,20,0,20,0,20,0,26,0,26,0,26,0,34,0,31,0
SDRE05469,MIJANUR RAHAMAN,24,0,21,0,18,0,18,0,24,0,24,0,24,0,33,0,33,0,33,0,33,0,33,0
SDRE05422,MASUM HARDWARE,36,0,31,0,32,0,32,0,36,0,36,0,36,0,41,0,41,0,41,0,41,0,41,0
SDRE05577,MONDAL HARDWARE,20,0,20,0,20,0,20,0,20,0,20,0,20,0,31,0,31,0,31,0,31,0,33,0
SDRE05458,PARIMAL ENTERPRISE,48,0,42,0,26,0,26,0,48,0,48,0,48,0,49,0,49,0,49,0,49,0,49,0
SDRE05740,BROTHERS BUILDERS,20,0,20,0,16,0,16,0,20,0,20,0,20,0,28,0,28,0,28,0,28,0,32,0
SDRE06326,KRISHNA BUILDERS,20,0,20,0,20,0,20,0,20,0,20,0,20,0,22,0,22,0,22,0,26,0,28,0
SDRE01632,SOVA HARDWARE,40,0,32,0,28,0,28,0,40,0,40,0,40,0,52,0,52,0,52,0,52,0,56,0
SDRE07060,SAMRAT HARDWARE,31,0,26,0,20,0,20,0,31,0,31,0,31,0,42,0,42,0,42,0,42,0,42,0
SDRE07122,PIJUS BUILDERS,31,0,20,0,14,0,14,0,31,0,31,0,31,0,33,0,33,0,33,0,36,0,35,0
SDRE06972,DOYEL HARDWARE,38,0,38,0,24,0,24,0,38,0,38,0,38,0,42,0,42,0,46,0,46,0,46,0
SDRE07002,MOLLA HARDWARE,64,0,64,0,34,0,34,0,64,0,64,0,64,0,66,0,66,0,83,0,83,0,83,0
SDRE07003,ASHA HARDWARE,84,0,84,0,44,0,44,0,84,0,84,0,84,0,100,0,100,0,113,0,113,0,113,0
SDRE07154,SELIM HARDWARE,40,0,40,0,32,0,32,0,40,0,40,0,40,0,52,0,52,0,70,0,70,0,70,0
SDRE05641,SULTAN HARDWARE,40,0,40,0,26,0,26,0,40,0,40,0,40,0,46,0,46,0,48,0,48,0,48,0
NSRE03189,BISWAS ENTERPRISE,13,0,12,0,10,0,10,0,13,0,13,0,16,0,16,0,16,0,15,0,15,0,15,0
SDRE05532,SUHANA HARDWARE,20,0,20,0,20,0,20,0,20,0,20,0,20,0,20,0,20,0,22,0,22,0,22,0
SDRE05563,DAS HARDWARE,22,0,22,0,22,0,22,0,22,0,22,0,22,0,22,0,24,0,26,0,26,0,26,0
SDRE05472,AMON HARDWARE,44,0,37,0,28,0,28,0,44,0,44,0,44,0,44,0,44,0,50,0,50,0,50,0
SDRE06982,RANA HARDWARE,43,0,30,0,28,0,28,0,43,0,43,0,43,0,43,0,48,0,48,0,48,0,48,0
SDRE06981,RAHAMAN HARDWARE,22,0,22,0,22,0,22,0,22,0,22,0,22,0,22,0,24,0,30,0,30,0,30,0
SDRE06969,SAKIL HARDWARE,27,0,27,0,27,0,27,0,27,0,27,0,31,0,31,0,36,0,37,0,37,0,37,0
SDRE06968,BAKUL CHANDRA DAS,42,0,46,0,34,0,34,0,42,0,42,0,42,0,42,0,53,0,61,0,61,0,61,0
SDRE06970,NEHA HARDWARE,20,0,20,0,20,0,20,0,20,0,20,0,24,0,24,0,28,0,30,0,30,0,30,0
SDRE06971,MASTER HARDWARE,64,0,43,0,38,0,38,0,64,0,64,0,64,0,64,0,64,0,64,0,64,0,64,0
SDRE06978,RAFIKUL ISLAM,36,0,40,0,36,0,36,0,36,0,36,0,42,0,42,0,50,0,60,0,60,0,60,0
SDRE06977,ALFAZ HARDWARE,81,0,80,0,52,0,52,0,81,0,81,0,96,0,96,0,104,0,114,0,114,0,114,0
SDRE06967,SOMA HARDWARE,50,0,48,0,36,0,36,0,50,0,50,0,50,0,50,0,50,0,46,0,46,0,46,0
NSRE03332,MUSTAK HARDWARE,41,0,38,0,30,0,30,0,41,0,41,0,43,0,43,0,52,0,50,0,50,0,50,0
SDRE07034,KUNAL HARDWARE,32,0,32,0,28,0,28,0,32,0,32,0,32,0,32,0,32,0,38,0,38,0,38,0
SDRE07035,MONU BUILDERS,38,0,44,0,32,0,32,0,38,0,38,0,42,0,42,0,50,0,57,0,57,0,57,0
SDRE07036,JANAPRIYA HARDWARE,22,0,24,0,24,0,24,0,22,0,22,0,24,0,24,0,24,0,29,0,29,0,29,0
SDRE07037,SEKH HARDWARE,22,0,22,0,20,0,20,0,22,0,22,0,22,0,22,0,22,0,26,0,26,0,26,0
SDRE07038,SHAHI HARDWARE,19,0,23,0,23,0,23,0,19,0,19,0,21,0,21,0,24,0,30,0,30,0,30,0
SDRE07039,SABRINA HARDWARE,26,0,26,0,26,0,26,0,26,0,26,0,31,0,31,0,31,0,31,0,31,0,31,0
SDRE07041,BHAI BHAI HARDWARE,32,0,22,0,22,0,22,0,32,0,32,0,32,0,32,0,32,0,36,0,36,0,36,0
SDRE07042,ASIF HARDWARE,24,0,24,0,24,0,24,0,24,0,24,0,24,0,24,0,24,0,28,0,28,0,28,0
SDRE07046,RAJJAK SK,30,0,30,0,26,0,26,0,30,0,30,0,35,0,35,0,35,0,41,0,41,0,41,0
SDRE07061,NABAB HARDWARE,32,0,32,0,22,0,22,0,32,0,32,0,32,0,32,0,32,0,42,0,42,0,42,0
SDRE07078,NARESH MONDAL,26,0,26,0,22,0,22,0,26,0,26,0,26,0,26,0,32,0,34,0,34,0,34,0
SDRE07089,MONDAL HARDWARE,25,0,25,0,25,0,25,0,25,0,25,0,32,0,32,0,32,0,32,0,32,0,32,0
SDRE07090,MD.MOKIM HOSSAIN,22,0,22,0,22,0,22,0,22,0,22,0,24,0,24,0,24,0,26,0,26,0,26,0
SDRE07094,KHOS MOHAMMAD SK,20,0,24,0,24,0,24,0,20,0,20,0,25,0,25,0,25,0,28,0,28,0,28,0
SDRE07115,SARKAR HARDWARE,51,0,40,0,22,0,22,0,51,0,51,0,50,0,50,0,50,0,50,0,50,0,50,0
SDRE07138,MAHAFIJ HARDWARE,41,0,31,0,10,0,10,0,41,0,41,0,41,0,41,0,41,0,41,0,41,0,41,0
SDRE07140,AINAL HOQUE,27,0,25,0,23,0,23,0,27,0,27,0,30,0,30,0,32,0,32,0,32,0,32,0
SDRE07141,SAMRAT HARDWARE,32,0,34,0,26,0,26,0,32,0,32,0,35,0,35,0,35,0,44,0,44,0,44,0
SDRE07152,MOULOBHEE MASTER HARDWARE,25,0,25,0,25,0,25,0,25,0,25,0,25,0,25,0,25,0,39,0,39,0,39,0
SDRE07168,BHAI BHAI HARDWARE,15,0,19,0,14,0,14,0,15,0,15,0,20,0,20,0,22,0,33,0,33,0,33,0
SDRE07169,MILON SUPPLIERS,28,0,28,0,24,0,24,0,28,0,28,0,28,0,28,0,30,0,32,0,32,0,32,0
SDRE07170,GHOSH ENTERPRISE,22,0,25,0,24,0,24,0,22,0,22,0,27,0,27,0,32,0,36,0,36,0,36,0
SDRE07204,SATHI HARDWARE,52,0,40,0,31,0,31,0,52,0,52,0,50,0,50,0,52,0,52,0,52,0,52,0
SDRE01428,HAZI HARDWARE,60,0,44,0,24,0,24,0,60,0,60,0,60,0,60,0,62,0,95,0,95,0,95,0
NSRE11343,BARDHAN BUILDERS,32,0,30,0,24,0,24,0,32,0,32,0,38,0,38,0,39,0,39,0,39,0,39,0
SDRE07282,AKKAS SK,26,0,23,0,22,0,22,0,26,0,26,0,31,0,31,0,32,0,33,0,33,0,33,0
SDRE07283,SAYAN HARDWARE,50,0,43,0,24,0,24,0,50,0,50,0,44,0,44,0,44,0,44,0,44,0,44,0
SDRE07301,PRASENJIT SAHA,44,0,38,0,22,0,22,0,44,0,44,0,41,0,41,0,41,0,41,0,41,0,41,0
SDRE07302,NEW HARDWARE,40,0,34,0,22,0,22,0,40,0,40,0,44,0,44,0,46,0,53,0,53,0,53,0
SDRE01592,RIYA ENTERPRISE,21,0,21,0,15,0,15,0,21,0,21,0,21,0,21,0,21,0,21,0,21,0,21,0
SDRE05574,HEMANTA GHOSH,27,0,27,0,16,0,16,0,27,0,27,0,27,0,27,0,27,0,27,0,27,0,27,0
SDRE06835,NAIMAIL RAJ DEPO,23,0,23,0,18,0,18,0,23,0,23,0,23,0,23,0,23,0,23,0,23,0,23,0
SDRE07153,MAMATA HARDWARE,34,0,34,0,15,0,15,0,34,0,34,0,34,0,34,0,34,0,34,0,34,0,34,0
SDRE07209,MONDAL HARDWARE,25,0,25,0,19,0,19,0,25,0,25,0,25,0,25,0,25,0,25,0,25,0,25,0
SDRE01364,BHAI BHAI HARDWARE(BINU),33,0,33,0,25,0,25,0,33,0,33,0,33,0,33,0,33,0,33,0,33,0,33,0
SDRE07202,BISWAS HARDWARE,29,0,29,0,20,0,20,0,29,0,29,0,29,0,29,0,29,0,29,0,29,0,29,0
SDRE07284,K.I.ENTERPRISE,14,0,14,0,10,0,10,0,14,0,14,0,14,0,14,0,14,0,14,0,14,0,14,0
SDRE07171,SARKAR HARDWARE,20,0,20,0,20,0,20,0,20,0,20,0,20,0,20,0,20,0,20,0,20,0,20,0
SDRE07203,MONDAL HARDWARE,20,0,20,0,20,0,20,0,20,0,20,0,20,0,20,0,20,0,20,0,20,0,20,0
SDRE07205,RITA HARDWARE,21,0,21,0,21,0,21,0,21,0,21,0,21,0,21,0,21,0,21,0,21,0,21,0
SDRE07172,HASIF HARDWARE,23,0,23,0,23,0,23,0,23,0,23,0,23,0,23,0,23,0,23,0,23,0,23,0
NSRE18408,BABLU HARDWARE,62,0,62,0,47,0,47,0,62,0,62,0,84,0,94,0,112,0,122,0,142,0,142,0
WBM229,MUJIBUR RAHAMAN,23,0,23,0,10,0,10,0,23,0,23,0,27,0,39,0,43,0,53,0,57,0,57,0
NSRE18411,HABAL HARDWARE,25,0,25,0,20,0,20,0,25,0,25,0,28,0,42,0,48,0,57,0,70,0,70,0
NSRE18410,ZIAUR RAHAMAN,60,0,60,0,52,0,52,0,60,0,60,0,81,0,87,0,107,0,119,0,145,0,145,0
SDRE07077,MARIYA ENTERPRISE,34,0,34,0,34,0,24,0,34,0,34,0,34,0,53,0,53,0,53,0,53,0,53,0
SDRE07219,AYESHA ENTERPRISE & KHANA KHAJANA,23,0,23,0,23,0,16,0,23,0,23,0,23,0,27,0,27,0,27,0,27,0,27,0
SDRE07285,SAHIN ENTERPRISE,28,0,28,0,28,0,22,0,28,0,28,0,28,0,48,0,48,0,48,0,48,0,48,0
SDRE01423,GOURI BUILDERS,21,0,21,0,16,0,16,0,21,0,21,0,21,0,21,0,21,0,21,0,21,0,21,0
SDRE01652,TAMAL HARDWARE,40,0,40,0,29,0,29,0,40,0,40,0,40,0,40,0,40,0,40,0,40,0,40,0
SDRE07286,PAUL BUILDERS AND HARDWARE,21,0,21,0,20,0,20,0,21,0,21,0,21,0,21,0,21,0,21,0,21,0,21,0
SDRE05554,M.H HARDWARE,90,0,90,0,60,0,60,0,90,0,80,0,75,0,90,0,90,0,110,0,104,0,112,0
SDRE01333,ANISUR RAHAMAN,10,0,10,0,10,0,10,0,10,0,10,0,10,0,15,0,15,0,25,0,25,0,45,0
SDRE01417,GANGARAM DAS,10,0,15,0,10,0,10,0,10,0,15,0,15,0,35,0,35,0,35,0,35,0,55,0
SDRE01441,HOQUE HARDWARE,25,0,25,0,25,0,25,0,25,0,25,0,35,0,35,0,35,0,35,0,35,0,45,0
SDRE01472,DADA BHAI HARDWARE,10,0,10,0,10,0,10,0,10,0,10,0,10,0,10,0,10,0,10,0,10,0,20,0
SDRE01508,MIJARUL  RAHAMAN,75,0,75,0,65,0,65,0,65,0,75,0,75,0,70,0,70,0,75,0,75,0,85,0
SDRE01521,MOTIUR RAHAMAN,30,0,30,0,20,0,20,0,20,0,30,0,30,0,30,0,30,0,30,0,30,0,35,0
SDRE01548,PANCHANAN HARDWARE,15,0,20,0,15,0,15,0,15,0,20,0,30,0,40,0,35,0,45,0,45,0,50,0
SDRE01576,RONY HARDWARE,35,0,35,0,35,0,35,0,35,0,35,0,40,0,50,0,45,0,50,0,50,0,55,0
SDRE01590,SAHEB HARDWARE,30,0,30,0,20,0,20,0,20,0,30,0,30,0,30,0,25,0,35,0,35,0,35,0
SDRE01597,SAMIM HOQUE,25,0,35,0,20,0,20,0,20,0,35,0,35,0,50,0,40,0,40,0,40,0,45,0
SDRE01617,SHAIN HARDWARE,20,0,20,0,10,0,10,0,10,0,20,0,25,0,25,0,25,0,25,0,25,0,25,0
SDRE01637,SUJOY DAS,10,0,20,0,10,0,10,0,10,0,20,0,20,0,20,0,25,0,20,0,20,0,25,0
SDRE05114,ABDUL HASIM,35,0,35,0,25,0,25,0,25,0,35,0,35,0,35,0,25,0,25,0,25,0,25,0
SDRE06218,MAHIR HARDWARE,30,0,30,0,30,0,30,0,30,0,30,0,30,0,40,0,45,0,40,0,40,0,45,0
SDRE06220,M. HARDWARE,30,0,35,0,30,0,30,0,30,0,35,0,40,0,50,0,55,0,50,0,50,0,55,0
SDRE05090,JINIA ENTERPRISE,30,0,30,0,30,0,30,0,30,0,40,0,50,0,55,0,50,0,60,0,60,0,85,0
SDRE05101,J.R ENTERPRISE,35,0,35,0,35,0,35,0,35,0,35,0,50,0,50,0,45,0,55,0,55,0,90,0
SDRE01419,GHOSH ENTERPRISE,20,0,25,0,20,0,20,0,20,0,25,0,40,0,40,0,40,0,45,0,45,0,75,0
SDRE01459,JINNATUN ENTERPRISE,5,0,20,0,5,0,5,0,5,0,10,0,25,0,25,0,25,0,45,0,45,0,50,0
SDRE05092,MASTER ENTERPRISE,5,0,5,0,10,0,10,0,10,0,10,0,15,0,15,0,15,0,15,0,15,0,55,0
SDRE05093,MANDAL HARDWARE,15,0,20,0,15,0,15,0,15,0,20,0,30,0,30,0,25,0,40,0,35,0,80,0
SDRE06788,DATA HARDWARE,10,0,20,0,10,0,10,0,10,0,20,0,10,0,30,0,45,0,25,0,15,0,45,0
SDRE01342,ASGAR ALI,30,0,30,0,25,0,25,0,25,0,25,0,35,0,45,0,45,0,45,0,45,0,50,0
SDRE01381,BISWAS HARDWARE,35,0,35,0,25,0,25,0,25,0,35,0,50,0,50,0,50,0,50,0,50,0,50,0
SDRE01434,HASANUJJAMAN,35,0,35,0,35,0,35,0,35,0,35,0,40,0,45,0,45,0,45,0,45,0,60,0
SDRE01429,HAZI HARDWARE,10,0,20,0,10,0,10,0,10,0,5,0,25,0,30,0,30,0,30,0,30,0,65,0
SDRE01462,JOYDUR RAHAMAN,20,0,20,0,10,0,10,0,10,0,20,0,20,0,25,0,25,0,25,0,25,0,50,0
SDRE01503,MD SOFIKUL ISLAM,30,0,25,0,25,0,25,0,25,0,30,0,45,0,55,0,55,0,55,0,55,0,75,0
SDRE01636,SUHANA HARDWARE,10,0,10,0,10,0,10,0,10,0,10,0,10,0,10,0,10,0,10,0,10,0,20,0
SDRE01500,MASTER HARDWARE,20,0,15,0,15,0,15,0,15,0,20,0,25,0,25,0,25,0,25,0,25,0,20,0
SDRE01390,DADA BHAI HARDWARE,25,0,30,0,25,0,25,0,25,0,30,0,55,0,55,0,55,0,70,0,60,0,80,0
SDRE01445,ISLAM HARDWARE,20,0,25,0,20,0,20,0,20,0,25,0,25,0,25,0,30,0,30,0,25,0,35,0
SDRE01596,SALEM HARDWARE,45,0,45,0,45,0,45,0,45,0,35,0,30,0,30,0,35,0,35,0,35,0,55,0
SDRE05095,NATASA HARDWARE,40,0,35,0,40,0,40,0,40,0,35,0,45,0,45,0,45,0,45,0,30,0,50,0
SDRE05097,DAS HARDWARE(SRIRAMPORE),20,0,30,0,20,0,20,0,20,0,25,0,30,0,30,0,35,0,35,0,35,0,40,0
SDRE05099,SAHEB HARDWARE,35,0,40,0,35,0,35,0,35,0,40,0,40,0,40,0,45,0,45,0,45,0,60,0
SDRE05100,J.F HARDWARE,50,0,50,0,50,0,50,0,50,0,50,0,50,0,50,0,45,0,45,0,40,0,55,0
SDRE05112,DEEP ENTERPRISE,15,0,15,0,15,0,15,0,15,0,15,0,20,0,20,0,20,0,20,0,25,0,25,0
SDRE05113,SAMIM HARDWARE,15,0,15,0,15,0,15,0,15,0,15,0,20,0,20,0,30,0,30,0,30,0,30,0
NSRE18454,SHAKTI HARDWARE,0,0,35,0,0,0,0,0,0,0,35,0,40,0,40,0,50,0,50,0,50,0,85,0
SDRE06998,J HASAN HARDWARE,10,0,20,0,20,0,20,0,20,0,20,0,20,0,20,0,20,0,20,0,20,0,30,0
SDRE06787,IMRAN SK,25,0,20,0,20,0,20,0,20,0,25,0,30,0,30,0,30,0,40,0,40,0,45,0
SDRE06786,ARIYAN ENTERPRISE,20,0,5,0,5,0,5,0,5,0,5,0,15,0,15,0,15,0,25,0,25,0,35,0
SDRE07255,R I ENTERPRISE,40,0,40,0,40,0,40,0,40,0,40,0,70,0,70,0,70,0,115,0,115,0,155,0
SDRE07256,M K TRADERS,40,0,40,0,40,0,40,0,40,0,40,0,70,0,70,0,70,0,105,0,105,0,115,0
SDRE07257,GENTLE ENTERPRISE,30,0,35,0,30,0,30,0,30,0,35,0,45,0,45,0,45,0,65,0,65,0,85,0
SDRE07258,ABDUL ENTERPRISE,30,0,30,0,30,0,30,0,30,0,30,0,40,0,40,0,40,0,70,0,70,0,95,0
SDRE07259,ABDUL RAHED ALI,15,0,30,0,15,0,15,0,15,0,30,0,35,0,35,0,35,0,45,0,45,0,80,0
SDRE07260,SAHIL ENTERPRISE,20,0,25,0,20,0,20,0,20,0,25,0,45,0,45,0,45,0,55,0,55,0,85,0
SDRE07261,AHAMED & SONS,25,0,30,0,25,0,25,0,25,0,30,0,40,0,40,0,40,0,60,0,60,0,100,0
NSRE03384,RAISUDDIN HARDWARE,20,0,20,0,20,0,20,0,20,0,20,0,20,0,20,0,20,0,20,0,20,0,30,0
SDRE01630,MD. ASHRAFUL HOQUE,20,0,20,0,20,0,20,0,20,0,20,0,30,0,30,0,30,0,25,0,20,0,35,0
SDRE06221,RAJESH ENTERPRISE,25,0,25,0,20,0,20,0,20,0,25,0,20,0,25,0,25,0,25,0,25,0,35,0
SDRE06222,MONIMUL HARDWARE,10,0,10,0,5,0,5,0,5,0,10,0,15,0,15,0,15,0,15,0,20,0,35,0
SDRE06223,ANWAR HOSSAIN,5,0,5,0,5,0,5,0,5,0,5,0,15,0,15,0,15,0,25,0,25,0,45,0
SDRE06224,M/S JASMIN HARDWARE,30,0,30,0,25,0,25,0,25,0,30,0,40,0,45,0,45,0,45,0,45,0,70,0
SDRE06408,S.R ENTERPRISE,5,0,5,0,5,0,5,0,5,0,5,0,5,0,5,0,5,0,10,0,15,0,25,0
SDRE06406,KAMANUJJAMAN,25,0,25,0,15,0,15,0,15,0,25,0,35,0,40,0,40,0,50,0,40,0,65,0
SDRE01383,AKMAL HOSSAIN,0,0,0,0,0,0,0,0,0,0,0,0,20,0,20,0,20,0,20,0,20,0,20,0
SDRE01394,DAS HARDWARE,50,0,50,0,50,0,50,0,50,0,50,0,60,0,70,0,70,0,65,0,65,0,70,0
SDRE01467,KAIF HARDWARE,30,0,30,0,30,0,30,0,30,0,30,0,40,0,30,0,30,0,45,0,45,0,50,0
SDRE01543,NOOR HARDWARE,25,0,25,0,25,0,25,0,25,0,25,0,25,0,25,0,25,0,25,0,25,0,30,0
SDRE01570,RANIMA HARDWARE,20,0,20,0,20,0,20,0,20,0,20,0,25,0,25,0,25,0,25,0,25,0,25,0
SDRE01577,ROY HARDWARE,25,0,25,0,25,0,25,0,25,0,15,0,25,0,20,0,20,0,25,0,25,0,25,0
SDRE01579,RUNA HARDWARE,35,0,35,0,35,0,35,0,35,0,30,0,25,0,35,0,35,0,30,0,30,0,30,0
SDRE06031,SUMAN HARDWARE,10,0,10,0,10,0,10,0,10,0,10,0,25,0,25,0,25,0,25,0,25,0,25,0
SDRE05105,JOSNA HARDWARE,25,0,25,0,25,0,25,0,25,0,25,0,25,0,20,0,20,0,25,0,25,0,30,0
SDRE05106,HOQUE ENTERPRISE,15,0,15,0,15,0,15,0,15,0,15,0,25,0,25,0,25,0,25,0,25,0,25,0
SDRE06784,ARIF HARDWARE,20,0,20,0,20,0,20,0,20,0,30,0,25,0,15,0,15,0,25,0,25,0,35,0
SDRE06785,SAHA ENTERPRISE,25,0,25,0,25,0,25,0,25,0,25,0,15,0,30,0,30,0,35,0,35,0,40,0
D115,DIKSHIT HARDWARE,35,0,25,0,25,0,35,0,40,0,40,0,40,0,40,0,40,0,40,0,40,0,40,0
NSRE03512,A.K.ENTERPRISE,35,0,25,0,25,0,35,0,35,0,35,0,40,0,40,0,40,0,50,0,50,0,50,0
NSRE03577,GITANJALI ENTERPRISE,35,0,20,0,35,0,35,0,45,0,45,0,40,0,40,0,40,0,40,0,40,0,40,0
SDRE01775,ROSE HARDWARE,35,0,35,0,35,0,35,0,40,0,40,0,40,0,40,0,40,0,50,0,50,0,50,0
SDRE01788,KALPANA HARDWARE,35,0,35,0,35,0,35,0,35,0,35,0,35,0,35,0,35,0,35,0,35,0,35,0
SDRE06258,RAJIKUL TRADERS,35,0,35,0,30,0,35,0,55,0,55,0,50,0,50,0,50,0,60,0,60,0,55,0
SDRE06416,B.K.DAS ENTERPRISE,30,0,30,0,30,0,30,0,40,0,40,0,45,0,45,0,45,0,50,0,50,0,50,0
SDRE06417,BHAI  BHAI HARDWARE,25,0,25,0,25,0,25,0,25,0,25,0,25,0,25,0,25,0,35,0,35,0,35,0
SDRE06475,MINTU ENTERPRISE,40,0,40,0,35,0,40,0,45,0,45,0,45,0,45,0,45,0,50,0,50,0,50,0
SDRE06476,GIRISH ENTERPRISE,40,0,40,0,25,0,40,0,45,0,45,0,45,0,45,0,45,0,45,0,45,0,45,0
SDRE06477,MASUMA ENTERPRISE,25,0,35,0,25,0,25,0,40,0,40,0,35,0,35,0,35,0,35,0,35,0,35,0
SDRE06478,MAYA HARDWARE,20,0,30,0,20,0,20,0,35,0,35,0,35,0,35,0,35,0,50,0,50,0,50,0
SDRE06479,FULOBATI HARDWARE,45,0,35,0,30,0,45,0,45,0,45,0,50,0,50,0,50,0,50,0,50,0,50,0
SDRE06480,SABJAL ANSARI,40,0,40,0,30,0,40,0,55,0,55,0,45,0,45,0,45,0,55,0,55,0,55,0
SDRE06481,GHOSH CEMENT CENTER,30,0,20,0,20,0,30,0,45,0,45,0,45,0,45,0,45,0,45,0,45,0,45,0
SDRE06482,TIRUPATI HARDWARE,35,0,35,0,25,0,35,0,45,0,45,0,45,0,45,0,45,0,55,0,55,0,55,0
SDRE06483,MADAL HARDWARE AND BUILDERS,35,0,30,0,25,0,35,0,50,0,50,0,45,0,45,0,45,0,45,0,45,0,45,0
SDRE06484,NOOR ENTERPRISE,35,0,35,0,30,0,35,0,35,0,35,0,40,0,40,0,40,0,50,0,50,0,50,0
SDRE06485,A.R.STEEL AGENCY,30,0,30,0,30,0,30,0,30,0,30,0,30,0,30,0,30,0,35,0,35,0,35,0
SDRE06526,ENGINEERING CONTRACTOR ENTERPRISE,30,0,25,0,25,0,30,0,40,0,40,0,30,0,30,0,30,0,35,0,35,0,35,0
SDRE06630,SULTAN HARDWARE,30,0,20,0,20,0,30,0,30,0,30,0,40,0,40,0,40,0,40,0,40,0,40,0
SDRE06631,DADA BHAI ENTERPRISE,30,0,30,0,30,0,30,0,35,0,35,0,35,0,35,0,35,0,45,0,45,0,45,0
SDRE06633,MANDAL HARDWARE,35,0,25,0,20,0,35,0,35,0,35,0,30,0,30,0,30,0,40,0,40,0,40,0
SDRE06680,DAS & SONS TRADING,40,0,25,0,20,0,40,0,40,0,40,0,35,0,35,0,35,0,50,0,50,0,50,0
SDRE06681,JERAT ENTERPRISE,35,0,25,0,25,0,35,0,50,0,50,0,45,0,45,0,45,0,60,0,60,0,60,0
SDRE06682,KUNDU HARDWARE AND SUPPLIER,30,0,30,0,30,0,30,0,30,0,30,0,40,0,40,0,40,0,40,0,40,0,40,0
SDRE06683,M/S M&D ENTERPRISE,50,0,30,0,25,0,50,0,50,0,50,0,40,0,40,0,40,0,60,0,60,0,60,0
SDRE06684,MD HUMAUN SEKH,30,0,30,0,30,0,30,0,30,0,30,0,30,0,30,0,30,0,30,0,30,0,30,0
SDRE06685,ANURIYA HARDWARE,40,0,40,0,35,0,40,0,40,0,40,0,45,0,45,0,45,0,40,0,40,0,40,0
SDRE06687,NATIBPUR HARDWARE ,40,0,40,0,20,0,40,0,40,0,40,0,40,0,40,0,40,0,35,0,35,0,35,0
SDRE06775,GOUR TRADERS,20,0,30,0,30,0,20,0,20,0,20,0,40,0,40,0,40,0,40,0,40,0,45,0
SDRE06776,S.S.K.U.S.,70,0,30,0,30,0,70,0,75,0,75,0,30,0,30,0,30,0,35,0,35,0,35,0
SDRE06880,RATAN RAJBANSHING,40,0,20,0,20,0,40,0,50,0,50,0,20,0,20,0,20,0,35,0,35,0,50,0
SDRE06881,RAJU & RIYA ENTERPRISE,30,0,30,0,25,0,30,0,30,0,30,0,30,0,30,0,30,0,30,0,30,0,40,0
SDRE06882,SAHA HARDWARTE,35,0,35,0,30,0,35,0,45,0,45,0,25,0,25,0,25,0,25,0,25,0,40,0
SDRE06935,DADA  BHAI HARDWARE,20,0,30,0,30,0,20,0,20,0,20,0,20,0,20,0,20,0,25,0,25,0,35,0
SDRE06936,ISRAR AHAMED & ANJALA HARDWARE,20,0,20,0,20,0,20,0,20,0,20,0,20,0,20,0,20,0,30,0,30,0,40,0
SDRE06937,S K ENTERPRISE,30,0,30,0,30,0,30,0,30,0,30,0,30,0,30,0,30,0,30,0,30,0,35,0
SDRE06938,K G N ENTERPRISE,45,0,35,0,25,0,45,0,50,0,50,0,45,0,45,0,45,0,45,0,45,0,50,0
SDRE06939,GHOSH HARDWARE,25,0,35,0,25,0,25,0,25,0,25,0,25,0,25,0,25,0,25,0,25,0,40,0
SDRE06940,SAHA HARDWARE,35,0,35,0,20,0,35,0,30,0,30,0,30,0,30,0,30,0,30,0,30,0,45,0
SDRE01683,BARKAT ALI,20,0,20,0,20,0,20,0,20,0,20,0,20,0,20,0,20,0,20,0,20,0,20,0
SDRE01692,BISWAS TRADERS,25,0,25,0,20,0,20,0,25,0,25,0,25,0,25,0,25,0,25,0,25,0,20,0
SDRE01707,FAJU CEMENT CENTER,30,0,30,0,15,0,15,0,30,0,30,0,30,0,30,0,30,0,30,0,30,0,30,0
SDRE01711,GOSH ENTERPRISE,20,0,20,0,10,0,10,0,20,0,20,0,20,0,20,0,20,0,20,0,20,0,20,0
SDRE01728,S.S ENTERPRISE,10,0,10,0,10,0,10,0,10,0,10,0,10,0,10,0,10,0,10,0,10,0,10,0
SDRE01733,ABDUL KARIM ENTERPRISE,50,0,50,0,40,0,40,0,50,0,50,0,50,0,50,0,50,0,50,0,50,0,70,0
SDRE01737,M. A SUPPLIERS,10,0,10,0,0,0,0,0,10,0,10,0,10,0,10,0,10,0,10,0,10,0,10,0
SDRE01764,PAYEL ENTERPRISE,10,0,10,0,0,0,0,0,10,0,10,0,10,0,10,0,10,0,10,0,10,0,10,0
SDRE01777,S.S.ENTERPRISE,10,0,10,0,0,0,0,0,10,0,10,0,10,0,10,0,10,0,10,0,10,0,10,0
SDRE01781,SABITA ENTERPRISE,10,0,10,0,0,0,0,0,10,0,10,0,10,0,10,0,10,0,10,0,10,0,10,0
SDRE01801,SUKHIT ALI,10,0,10,0,0,0,0,0,10,0,10,0,10,0,10,0,10,0,10,0,10,0,10,0
SDRE01804,TAMANNA CONSTRUCTION,10,0,10,0,0,0,0,0,10,0,10,0,10,0,10,0,10,0,10,0,10,0,10,0
SDRE05404,ARFAJ CONSTRUCTION,10,0,10,0,0,0,0,0,10,0,10,0,10,0,10,0,10,0,10,0,10,0,10,0
SDRE05459,SAHAJAN HARDWARE,10,0,10,0,10,0,10,0,10,0,10,0,10,0,10,0,10,0,10,0,10,0,10,0
SDRE05507,SABNAM CONSTRUCTION,10,0,10,0,10,0,10,0,10,0,10,0,10,0,10,0,10,0,10,0,10,0,10,0
SDRE05560,MD.MUSSARAF HOSSIAN,10,0,10,0,10,0,10,0,10,0,10,0,10,0,10,0,10,0,10,0,10,0,10,0
SDRE06027,M.R.ENTERPRISE,50,0,45,0,45,0,45,0,45,0,45,0,50,0,50,0,50,0,60,0,60,0,65,0
SDRE06276,HAJRAT HANJALA ENTERPRISE,45,0,40,0,40,0,40,0,40,0,40,0,45,0,45,0,45,0,55,0,55,0,65,0
SDRE01720,JAMAN ENTERPRISE,120,0,120,0,100,0,100,0,120,0,120,0,120,0,120,0,120,0,130,0,130,0,140,0
SDRE01732,KHAN TRADERS,45,0,45,0,30,0,30,0,35,0,35,0,35,0,35,0,35,0,35,0,35,0,35,0
SDRE01746,MASUD ENTERPRISE,45,0,45,0,30,0,30,0,35,0,35,0,35,0,35,0,35,0,35,0,35,0,35,0
SDRE01811,ZAHIN TRADERS,10,0,10,0,10,0,10,0,10,0,10,0,10,0,10,0,10,0,10,0,10,0,10,0
SDRE01812,ZAMINI HW,10,0,10,0,10,0,10,0,10,0,10,0,10,0,10,0,10,0,10,0,10,0,10,0
SDRE04710,JAMAN HARDWARE,10,0,10,0,10,0,10,0,10,0,10,0,10,0,10,0,10,0,10,0,10,0,10,0
SDRE05894,ANIKA ENTERPRISE,135,0,135,0,70,0,70,0,80,0,85,0,85,0,95,0,105,0,105,0,105,0,125,0
SDRE06127,SAMIM ENTERPRISE,20,0,20,0,15,0,15,0,15,0,15,0,15,0,15,0,15,0,15,0,15,0,15,0
SDRE06348,ISMAILE ENTERPRISE,20,0,20,0,20,0,20,0,20,0,20,0,20,0,20,0,20,0,20,0,20,0,20,0
SDRE06418,MD RINTU,45,0,45,0,25,0,25,0,35,0,40,0,40,0,40,0,40,0,40,0,40,0,40,0
SDRE01668,ABDUR RAHAMAN,10,0,0,0,0,0,10,0,0,0,0,0,0,0,0,0,10,0,0,0,0,0,0,0
SDRE01669,ABU NISHAD,10,0,0,0,0,0,10,0,0,0,0,0,0,0,0,0,10,0,0,0,0,0,10,0
SDRE01670,AKBAR & ANWAR HW,10,0,10,0,0,0,10,0,0,0,0,0,10,0,0,0,10,0,0,0,0,0,10,0
SDRE01672,ALEKRA ENTERPRISE,10,0,10,0,0,0,10,0,0,0,0,0,10,0,0,0,10,0,0,0,0,0,0,0
SDRE01673,ANCHAL DAS,0,0,0,0,0,0,0,0,0,0,0,0,10,0,0,0,10,0,0,0,0,0,0,0
SDRE01675,ANJALI HARDWARE,0,0,10,0,10,0,0,0,10,0,10,0,10,0,0,0,10,0,10,0,10,0,10,0
SDRE01676,ANSER ENTERPRISE,10,0,10,0,10,0,0,0,10,0,10,0,10,0,0,0,0,0,10,0,10,0,10,0
SDRE01677,ARNOB ROY,10,0,10,0,10,0,0,0,10,0,10,0,0,0,15,0,0,0,10,0,10,0,10,0
SDRE01678,ARUNA H/W,0,0,10,0,10,0,0,0,10,0,10,0,0,0,15,0,0,0,10,0,10,0,10,0
SDRE01685,BARMAN TRADERS,0,0,0,0,0,0,0,0,0,0,0,0,0,0,10,0,0,0,10,0,10,0,10,0
SDRE01691,BISWAS CONSTRUCTION,0,0,0,0,0,0,0,0,0,0,0,0,0,0,10,0,0,0,10,0,10,0,10,0
SDRE01695,D.N DUTTA HARDWARE,10,0,10,0,0,0,0,0,0,0,0,0,0,0,0,0,0,0,10,0,10,0,10,0
SDRE01757,NEW MONDAL H/W,0,0,0,0,0,0,0,0,0,0,0,0,0,0,0,0,0,0,10,0,10,0,10,0
SDRE01761,PALASHI  ROY,70,0,70,0,65,0,65,0,65,0,65,0,65,0,65,0,65,0,65,0,70,0,70,0
SDRE01785,SAIDUL ENTERPRISE,10,0,10,0,0,0,0,0,0,0,0,0,0,0,0,0,0,0,0,0,0,0,0,0
SDRE01789,SANKAR ROY,10,0,10,0,0,0,0,0,0,0,0,0,0,0,0,0,0,0,0,0,0,0,0,0
SDRE01790,SANKAR SAHA,10,0,10,0,0,0,0,0,0,0,0,0,0,0,0,0,0,0,0,0,0,0,0,0
SDRE04708,ASTHA CONSTRUCTION,50,0,50,0,35,0,35,0,35,0,35,0,35,0,35,0,35,0,35,0,40,0,40,0
SDRE06026,F.S.TRADING,30,0,30,0,20,0,20,0,20,0,20,0,20,0,20,0,20,0,20,0,20,0,20,0
SDRE06349,SIKDAR HARDWARE ,100,0,100,0,100,0,100,0,100,0,100,0,100,0,105,0,110,0,110,0,110,0,120,0
SDRE01704,DILURUBA H/W,10,0,10,0,10,0,10,0,10,0,10,0,10,0,10,0,10,0,10,0,10,0,10,0
SDRE01721,JANATA ENTERPRISE,10,0,10,0,10,0,10,0,10,0,10,0,10,0,10,0,10,0,10,0,10,0,10,0
SDRE01742,MAA ENTERPRISE,0,0,0,0,0,0,0,0,0,0,0,0,0,0,0,0,0,0,0,0,5,0,5,0
SDRE01745,MANDAL HARDWARE,20,0,20,0,20,0,20,0,20,0,20,0,20,0,20,0,20,0,20,0,20,0,20,0
SDRE01753,MUKLESH SK.,20,0,20,0,20,0,20,0,20,0,20,0,20,0,20,0,20,0,20,0,10,0,10,0
SDRE01755,MUSKAN H/W,25,0,25,0,25,0,25,0,25,0,25,0,25,0,25,0,25,0,25,0,10,0,10,0
SDRE01765,PAYEL HARDWARE,5,0,5,0,5,0,5,0,5,0,5,0,5,0,5,0,5,0,5,0,10,0,10,0
SDRE01780,SABINA HARDWARE,20,0,20,0,20,0,20,0,20,0,20,0,20,0,20,0,20,0,20,0,5,0,5,0
SDRE01807,TEWARI H/W,10,0,10,0,10,0,10,0,10,0,10,0,10,0,10,0,10,0,10,0,5,0,5,0
SDRE01895,ALOK PAUL,25,0,25,0,20,0,20,0,25,0,25,0,25,0,25,0,25,0,30,0,30,0,30,0
SDRE01916,M/S. SUJIT GHOSH,25,0,25,0,20,0,20,0,25,0,25,0,25,0,25,0,25,0,30,0,30,0,30,0
SDRE01920,MAA SAROMONI ENTERPRISE,25,0,25,0,20,0,20,0,25,0,25,0,25,0,25,0,25,0,25,0,25,0,25,0
SDRE01922,MONDAL ENTERPRISE,25,0,25,0,20,0,20,0,25,0,25,0,25,0,25,0,25,0,35,0,35,0,35,0
SDRE01930,SARKAR ENTERPRISE,20,0,20,0,20,0,20,0,20,0,20,0,20,0,20,0,20,0,30,0,30,0,30,0
SDRE01931,SATYANARAYAN LOUHA BHANDAR,25,0,25,0,25,0,25,0,25,0,25,0,25,0,25,0,25,0,25,0,25,0,25,0
SDRE01932,SRI CHAITANYA ENTERPRISE,20,0,20,0,20,0,20,0,20,0,20,0,20,0,20,0,20,0,20,0,20,0,20,0
SDRE01933,SRI HARI ENTERPRISE,25,0,25,0,25,0,25,0,25,0,25,0,25,0,25,0,25,0,25,0,25,0,25,0
SDRE01936,NEW HARDWARE,25,0,25,0,25,0,25,0,25,0,25,0,25,0,25,0,25,0,25,0,25,0,25,0
SDRE06702,NARAYAN CHANDRA DEY,25,0,25,0,25,0,25,0,25,0,25,0,25,0,25,0,25,0,25,0,25,0,25,0
SDRE06703,MODINA ENTERPRISE,25,0,25,0,25,0,25,0,25,0,25,0,25,0,25,0,25,0,25,0,25,0,25,0
SDRE06723,SHANTI ENTERPRISE,25,0,25,0,25,0,25,0,25,0,25,0,25,0,25,0,25,0,25,0,25,0,25,0
SDRE01921,MANJU HARDWARE,25,0,25,0,25,0,25,0,25,0,25,0,25,0,25,0,25,0,25,0,25,0,25,0
SDRE06724,TRINATH HARDWARE,25,0,25,0,25,0,25,0,25,0,25,0,25,0,25,0,25,0,25,0,25,0,25,0
SDRE05688,TRISHAKTI HARDWARE,25,0,25,0,25,0,25,0,30,0,30,0,30,0,40,0,40,0,40,0,40,0,50,0
SDRE01950,M.M ENTERPRISE,40,0,40,0,40,0,40,0,40,0,40,0,50,0,50,0,50,0,50,0,50,0,50,0
SDRE07134,LAHA TRADERS,40,0,40,0,40,0,40,0,40,0,40,0,50,0,50,0,50,0,50,0,50,0,50,0
SDRE07136,MAA MONOSHA ENTERPRISE,40,0,40,0,40,0,40,0,40,0,40,0,40,0,40,0,40,0,40,0,40,0,40,0
SDRE07137,SARKAR ENTERPRISE,65,0,65,0,65,0,65,0,65,0,65,0,65,0,65,0,65,0,65,0,65,0,65,0
SDRE05699,MAA DURGA HARDWARE,40,0,40,0,40,0,40,0,40,0,40,0,40,0,40,0,40,0,40,0,40,0,40,0
SDRE07135,PROBIR ENTERPRISE,40,0,40,0,40,0,40,0,40,0,40,0,40,0,40,0,40,0,40,0,40,0,40,0
SDRE06722,ABDUL AZAD,65,0,65,0,65,0,65,0,65,0,65,0,65,0,65,0,65,0,65,0,65,0,65,0
SDRE05687,MAA TARA ENTERPRISE,50,0,50,0,50,0,50,0,50,0,50,0,50,0,50,0,50,0,50,0,50,0,50,0
SDRE06559,BIDDYESWARI CONSTRUCTION,15,0,15,0,15,0,15,0,15,0,15,0,15,0,15,0,15,0,15,0,15,0,15,0
SDRE05696,BARMAN ENTERPRISE,15,0,15,0,15,0,15,0,15,0,15,0,15,0,15,0,15,0,15,0,15,0,15,0
SDRE06039,RIYAN ENTERPRISE,10,0,10,0,10,0,10,0,10,0,10,0,10,0,10,0,10,0,10,0,10,0,10,0
SDRE01902,CHOWDHURY BUILDERS,35,0,35,0,35,0,35,0,35,0,35,0,35,0,35,0,35,0,35,0,35,0,35,0
SDRE05683,NIDHU BALA HARDWARE,70,0,70,0,70,0,70,0,70,0,70,0,70,0,70,0,70,0,70,0,70,0,70,0
SDRE06777,RAHAMAN HARDWARE,25,0,25,0,25,0,25,0,25,0,25,0,25,0,25,0,25,0,25,0,25,0,25,0
NSRE04075,BABA SANYAS ENTERPRISE,60,0,60,0,60,0,60,0,60,0,60,0,60,0,60,0,60,0,60,0,60,0,60,0
SDRE01971,SHUBHO ENTERPRISE,70,0,70,0,70,0,70,0,70,0,70,0,70,0,70,0,70,0,70,0,70,0,70,0
SDRE05698,TAPAS BARMAN,60,0,60,0,60,0,60,0,60,0,60,0,60,0,60,0,60,0,60,0,60,0,60,0
NSRE03758,BHOWAL HARDWARE STORES,10,0,20,0,20,0,10,0,10,0,10,0,10,0,10,0,10,0,10,0,10,0,20,0
NSRE03782,RADHAKRISHNA STORES,10,0,10,0,20,0,10,0,10,0,10,0,10,0,10,0,10,0,10,0,10,0,30,0
SDRE01819,BHOWMIK HARDWARE,10,0,10,0,10,0,10,0,10,0,10,0,10,0,10,0,10,0,10,0,10,0,10,0
SDRE01820,DAS HARDWARE,5,0,5,0,10,0,5,0,5,0,5,0,5,0,5,0,15,0,10,0,10,0,20,0
SDRE01821,DAS HARDWARE.,15,0,15,0,15,0,15,0,15,0,15,0,15,0,15,0,15,0,15,0,15,0,25,0
SDRE01824,DUTTA HARDWARE,140,0,120,0,120,0,120,0,120,0,120,0,120,0,120,0,130,0,130,0,120,0,130,0
SDRE01833,LAXMI HARDWARE STORES,25,0,25,0,25,0,25,0,25,0,25,0,25,0,25,0,25,0,25,0,35,0,45,0
SDRE01834,DAS HARDWARE STORES,10,0,5,0,5,0,5,0,15,0,15,0,5,0,10,0,5,0,5,0,10,0,10,0
SDRE06124,GURUCHAND BUILDERS,10,0,10,0,10,0,10,0,10,0,10,0,10,0,10,0,10,0,10,0,10,0,10,0
SDRE06125,MITRA HARDWARE,10,0,10,0,10,0,10,0,10,0,10,0,10,0,10,0,10,0,10,0,10,0,10,0
SDRE06323,HARDWARE STORES,10,0,10,0,10,0,10,0,10,0,10,0,10,0,10,0,10,0,10,0,10,0,10,0
SDRE06698,SALMA HARDWARE,10,0,10,0,10,0,10,0,10,0,10,0,10,0,10,0,10,0,10,0,20,0,10,0
SDRE06859,JAHID SA,10,0,10,0,10,0,10,0,10,0,10,0,10,0,10,0,10,0,10,0,10,0,10,0
SDRE05468,RAZA HARDWARE STORES,25,0,25,0,25,0,25,0,25,0,25,0,25,0,25,0,25,0,25,0,25,0,25,0
SDRE06838,S.S ENTERPRISE,25,0,25,0,25,0,25,0,25,0,25,0,25,0,25,0,25,0,25,0,25,0,25,0
SDRE07064,JOY GURU BHANDAR,110,0,110,0,110,0,110,0,110,0,110,0,120,0,110,0,110,0,110,0,110,0,110,0
SDRE07075,SANJAY HARDWARE,120,0,120,0,120,0,120,0,120,0,120,0,120,0,120,0,120,0,120,0,120,0,120,0
NSRE03756,DEBNATH HARDWARES,170,0,170,0,170,0,170,0,170,0,170,0,170,0,170,0,170,0,170,0,190,0,170,0
NSRE03841,JAHANGIR ALAM,140,0,140,0,140,0,140,0,140,0,140,0,140,0,140,0,140,0,140,0,140,0,140,0
SDRE07112,NOOR HARDWARE,110,0,110,0,110,0,110,0,110,0,110,0,110,0,110,0,110,0,110,0,110,0,110,0
NSRE03741,ANWAR BUILDERS,120,0,120,0,120,0,120,0,120,0,120,0,120,0,120,0,120,0,120,0,120,0,120,0
SDRE07160,BISTU RAM SINGHA,190,0,190,0,190,0,190,0,210,0,200,0,190,0,190,0,210,0,190,0,210,0,220,0
SDRE07161,ABDUL RASED,100,0,100,0,100,0,120,0,100,0,120,0,100,0,100,0,100,0,100,0,110,0,100,0
SDRE07234,REJA HARDWARE,100,0,100,0,100,0,100,0,120,0,100,0,100,0,100,0,100,0,100,0,120,0,100,0
NSRE03768,MAHAMAYA HARDWARE,120,0,120,0,120,0,120,0,120,0,120,0,120,0,120,0,120,0,120,0,120,0,120,0
SDRE07287,SHARMA HARDWARE STORES,130,0,130,0,130,0,130,0,130,0,130,0,130,0,130,0,130,0,130,0,130,0,130,0
SDRE07288,RASHID HARDWARE,100,0,100,0,100,0,100,0,100,0,100,0,100,0,100,0,100,0,100,0,100,0,100,0
SDRE07289,RATAN SHARMA,100,0,100,0,100,0,120,0,100,0,120,0,120,0,120,0,120,0,100,0,120,0,100,0
SDRE07292,SAFIKUL BUILDERS,100,0,80,0,120,0,100,0,90,0,80,0,130,0,100,0,75,0,100,0,120,0,120,0
SDRE06782,QADRI BUILDERS,30,0,30,0,30,0,30,0,30,0,30,0,30,0,30,0,30,0,30,0,30,0,30,0
SDRE06783,NILU HARDWARE,50,0,50,0,50,0,50,0,50,0,50,0,50,0,50,0,50,0,50,0,50,0,50,0
SDRE07128,FARHIN ENTERPRISE,30,0,30,0,30,0,30,0,30,0,30,0,30,0,30,0,30,0,30,0,30,0,30,0
SDRE07030,ALI HARDWARE,20,0,20,0,20,0,20,0,20,0,20,0,20,0,20,0,20,0,20,0,20,0,20,0
SDRE07291,HARDWARE SHOP,25,0,25,0,25,0,25,0,25,0,25,0,25,0,25,0,25,0,25,0,25,0,25,0
SDRE07290,MANSUR HARDWARE,30,0,30,0,30,0,30,0,30,0,30,0,30,0,30,0,30,0,30,0,30,0,30,0
SDRE01816,AKRAM HARDWARE STORES,250,0,100,0,150,0,250,0,120,0,300,0,200,0,250,0,150,0,200,0,300,0,290,0
SDRE06324,SWAPAN KUMAR ROY,50,0,50,0,50,0,50,0,50,0,50,0,50,0,50,0,50,0,50,0,50,0,50,0
SDRE06464,MINANGSI HARDWARE,120,0,120,0,120,0,120,0,120,0,120,0,120,0,120,0,120,0,120,0,120,0,120,0
SDRE06890,SAMIR HARDWARE,120,0,120,0,120,0,120,0,120,0,120,0,120,0,120,0,130,0,120,0,120,0,170,0
SDRE07129,K G N HARDWARE,70,0,70,0,70,0,70,0,70,0,70,0,70,0,70,0,70,0,70,0,70,0,70,0
SDRE07159,ABDUL KARIM ENTERPRISE,60,0,60,0,60,0,60,0,60,0,60,0,60,0,60,0,60,0,60,0,60,0,60,0
SDRE07293,MEGHA HARDWARE,40,0,40,0,40,0,40,0,40,0,40,0,40,0,40,0,40,0,40,0,40,0,40,0
SDRE03775,ANZAR STORE,35,0,35,0,35,0,35,0,35,0,35,0,35,0,35,0,35,0,35,0,35,0,35,0
SDRE05461,LADLY HARDWARE,40,0,40,0,40,0,40,0,40,0,40,0,40,0,40,0,40,0,40,0,40,0,40,0
SDRE05540,SAMA ENTERPRISE,35,0,35,0,35,0,35,0,35,0,35,0,35,0,35,0,35,0,35,0,35,0,35,0
SDRE07057,DAS DROCCERY,100,0,100,0,120,0,120,0,100,0,100,0,100,0,110,0,100,0,100,0,120,0,120,0
SDRE01839,MD MIRZA GHALIB,50,0,50,0,50,0,50,0,50,0,50,0,50,0,50,0,50,0,50,0,50,0,60,0
SDRE01840,ALAUDDIN,40,0,40,0,40,0,40,0,40,0,40,0,40,0,50,0,40,0,40,0,40,0,50,0
SDRE01842,MUNNA MUSTAQUE HARDWARE,60,0,60,0,60,0,60,0,60,0,60,0,60,0,60,0,60,0,60,0,60,0,70,0
SDRE06322,MOTIUR RAHAMAN,20,0,20,0,20,0,30,0,20,0,20,0,20,0,30,0,20,0,20,0,20,0,30,0
SDRE06651,S R ENTERPRISE,60,0,60,0,60,0,60,0,60,0,60,0,60,0,60,0,60,0,60,0,60,0,70,0
SDRE06720,RAJA HARDWARE,40,0,40,0,40,0,40,0,40,0,40,0,40,0,50,0,40,0,40,0,50,0,40,0
SDRE06766,TAJAMUL HAQUE,50,0,50,0,50,0,50,0,50,0,60,0,50,0,50,0,50,0,50,0,60,0,70,0
SDRE06767,RIZVI HARDWARE STORES,50,0,50,0,50,0,60,0,50,0,50,0,50,0,60,0,50,0,50,0,70,0,60,0
SDRE06836,EJABUL HAQUE,60,0,60,0,60,0,60,0,60,0,60,0,80,0,60,0,60,0,60,0,70,0,70,0
SDRE06837,AZAZ HARDWARE,30,0,25,0,40,0,40,0,20,0,42,0,15,0,20,0,30,0,21,0,28,0,40,0
SDRE07337,ALAM HARDWARE,110,0,100,0,90,0,90,0,90,0,90,0,90,0,70,0,90,0,90,0,90,0,100,0
SDRE01852,SAHINA HARDWARE & CEMENT SUPPLIER,20,0,20,0,20,0,20,0,20,0,20,0,20,0,20,0,20,0,20,0,20,0,20,0
SDRE06840,NOORUL ISLAM ENTERPRISE,135,0,135,0,135,0,135,0,135,0,135,0,135,0,135,0,135,0,135,0,135,0,135,0
SDRE06872,H R HARDWARE,120,0,120,0,120,0,120,0,120,0,120,0,120,0,120,0,120,0,120,0,120,0,120,0
SDRE01825,GULAM HARDWARE STORES,50,0,50,0,50,0,50,0,50,0,50,0,50,0,50,0,50,0,50,0,50,0,50,0
NSRE03807,MONDAL LOUHA BHANDAR,10,0,20,0,10,0,10,0,10,0,20,0,20,0,10,0,20,0,20,0,10,0,30,0
NSRE03928,SUSHILA HARDWARE STORE,20,0,20,0,20,0,20,0,20,0,20,0,20,0,20,0,20,0,20,0,20,0,30,0
SDRE01828,KAMAKHA HARDWARE STORES,20,0,20,0,20,0,20,0,20,0,20,0,20,0,20,0,20,0,20,0,20,0,30,0
SDRE06214,JOADDAR COMMERCIAL,50,0,40,0,40,0,50,0,40,0,40,0,60,0,40,0,40,0,40,0,40,0,40,0
SDRE06215,AMIT CEMENT SHOP,40,0,40,0,40,0,40,0,40,0,40,0,40,0,40,0,40,0,40,0,40,0,40,0
SDRE06330,ASHIK HARDWARE,20,0,20,0,20,0,20,0,20,0,20,0,20,0,20,0,20,0,20,0,20,0,30,0
SDRE06367,ASHFAQUE HARDWARE,80,0,80,0,80,0,80,0,80,0,80,0,80,0,80,0,100,0,80,0,80,0,100,0
SDRE01872,HAQUE SUPPLIER,20,0,20,0,15,0,10,0,20,0,16,0,15,0,20,0,16,0,20,0,15,0,20,0
SDRE01879,MAHATO CONSTUTION &SUPPLIERS,20,0,20,0,15,0,10,0,20,0,16,0,15,0,20,0,16,0,20,0,15,0,20,0
SDRE04804,RABI ENTERPRISE,80,0,80,0,80,0,80,0,80,0,80,0,80,0,80,0,80,0,80,0,80,0,80,0
SDRE01867,BISWAS CONSTRUCTION,50,0,50,0,50,0,50,0,50,0,50,0,50,0,50,0,50,0,50,0,50,0,50,0
SDRE01889,ROY CONSTRUCTION,40,0,40,0,40,0,40,0,40,0,40,0,40,0,40,0,40,0,40,0,40,0,60,0
SDRE01870,G.S. TRADING,20,0,30,0,25,0,20,0,21,0,20,0,30,0,32,0,20,0,21,0,21,0,30,0
SDRE01877,KOHINUR ENTERPRISE,50,0,60,0,40,0,40,0,60,0,40,0,50,0,40,0,40,0,40,0,40,0,50,0
SDRE04806,HAIDER HARDWARE,20,0,20,0,20,0,20,0,20,0,20,0,30,0,20,0,20,0,25,0,30,0,35,0
SDRE06463,MAA HARDWARE,20,0,20,0,20,0,20,0,30,0,20,0,20,0,20,0,20,0,20,0,20,0,20,0
SDRE06700,ROY HARDWARE,20,0,20,0,20,0,20,0,20,0,20,0,20,0,20,0,20,0,20,0,20,0,20,0
SDRE07113,HALIM CONSTRUCTION,50,0,50,0,40,0,40,0,50,0,40,0,50,0,40,0,40,0,40,0,40,0,70,0
SDRE02052,BAKUL ENTERPRISE(RSDB496),80,0,80,0,80,0,72,0,72,0,72,0,72,0,87,0,87,0,87,0,87,0,87,0
SDRE02085,BIPLAB HARDWARE STORES(RSDB423),45,180,45,0,45,0,41,0,41,0,41,0,41,0,49,0,49,0,49,0,49,0,49,0
SDRE02104,CHANDIKA HARWDARE(RSDC521),90,0,90,0,90,0,81,0,81,0,81,0,81,0,98,0,98,0,98,0,98,0,98,0
SDRE02266,ROY ENTERPRISE (ALIPURDUAR)(RSDM231),90,0,90,0,90,0,81,0,81,0,81,0,81,0,98,0,98,0,98,0,98,0,98,0
SDRE02288,MAA ASTAMI ENTERPRISE (RSDM349),90,0,90,0,90,0,81,0,81,0,81,0,81,0,98,0,98,0,98,0,98,0,98,0
SDRE02306,MAA KALI HARDWARE (ALIPURDUAR)(RSDM350),80,0,80,0,80,0,72,0,72,0,72,0,72,0,87,0,87,0,87,0,87,0,87,0
SDRE02309,MAA LAXMI HARDWARE (RSDM275),65,0,65,0,65,0,59,0,59,0,59,0,59,0,71,0,71,0,71,0,71,0,71,0
SDRE02379,NARAYAN ENTERPRISE (RSDN374),50,0,50,0,50,0,45,0,45,0,45,0,45,0,54,0,54,0,54,0,54,0,54,0
SDRE02399,NISHANT HARDWARE(RSDN279),105,0,105,0,105,0,95,0,95,0,95,0,95,0,114,0,114,0,114,0,114,0,114,0
SDRE02528,BISWNATH SAHA (RSDB436),80,0,80,0,80,0,72,0,72,0,72,0,72,0,87,0,87,0,87,0,87,0,87,0
SDRE02576,SIKDAR HARDWARE (RSDS252),120,0,120,0,120,0,108,0,108,0,108,0,108,0,130,0,130,0,130,0,130,0,130,0
SDRE02666,ROY HARDWARE (DHUPGURI)(RSDR631),90,0,90,0,90,0,81,0,81,0,81,0,81,0,98,0,98,0,98,0,98,0,98,0
SDRE02667,JOY HARDWARE (RSDJ347),90,0,90,0,90,0,81,0,81,0,81,0,81,0,98,0,98,0,98,0,98,0,98,0
SDRE03789,SARKAR HARDWARE CENTER(RSDS382),65,0,65,0,65,0,59,0,59,0,59,0,59,0,71,0,71,0,71,0,71,0,71,0
SDRE04701,LAXMI ENTERPRISE (RSDL260),80,0,80,0,80,0,72,0,72,0,72,0,72,0,87,0,87,0,87,0,87,0,87,0
SDRE04702,RADHA KRISHNA HARDWARE (RSDR474),120,0,120,0,120,0,108,0,108,0,108,0,108,0,130,0,130,0,130,0,130,0,130,0
SDRE05484,SHIV IRON ENTERPRISE (RSDS195),80,0,80,0,80,0,72,0,72,0,72,0,72,0,87,0,87,0,87,0,87,0,87,0
SDRE05514,NEW HARDWARE STORES (RSDN255),80,0,80,0,80,0,72,0,72,0,72,0,72,0,87,0,87,0,87,0,87,0,87,0
SDRE05538,RADHA KRISHNA HARDWARE (FALAKATA)(RSDR541),40,0,40,0,40,0,36,0,36,0,36,0,36,0,44,0,44,0,44,0,44,0,44,0
SDRE06070,SHREE KRISHNA HARDWARE (RSDS227),105,0,105,0,105,0,95,0,95,0,95,0,95,0,114,0,114,0,114,0,114,0,114,0
SDRE06346,SARKAR HARDWARE (FALAKATA) (RSDS475),50,0,50,0,50,0,45,0,45,0,45,0,45,0,54,0,54,0,54,0,54,0,54,0
SDRE06369,BHAI BHAI HARDWARE STORES(RSDB478),80,0,80,0,80,0,72,0,72,0,72,0,72,0,87,0,87,0,87,0,87,0,87,0
SDRE06424,SHAKTI HARDWARE(RSDS531),65,0,65,0,65,0,59,0,59,0,59,0,59,0,71,0,71,0,71,0,71,0,71,0
SDRE06426,JOY HARDWARE (FALAKATA)(RSDJ533),40,180,40,0,40,0,36,0,36,0,36,0,36,0,44,0,44,0,44,0,44,0,44,0
SDRE06507,SAHANUR ENTERPRISE(RSDS555),50,0,50,0,50,0,45,0,45,0,45,0,45,0,54,0,54,0,54,0,54,0,54,0
SDRE06752,ADURI BALO HARDWARE(RSDA629),50,0,65,0,65,0,59,0,59,0,59,0,59,0,71,0,71,0,71,0,71,0,71,0
SDRE06753,SUSMITA ENTERPRISE(RSDS630),40,0,40,0,40,0,36,0,36,0,36,0,36,0,44,0,44,0,44,0,44,0,44,0
SDRE02214,JOY GURU HARDWARE (RSDJ463),80,0,80,0,80,0,72,0,72,0,72,0,72,0,87,0,87,0,87,0,87,0,87,0
SDRE02236,KRITTANIYA WORLD (RSDK383),65,0,65,0,65,0,59,0,59,0,59,0,59,0,71,0,71,0,71,0,71,0,71,0
SDRE02659,MA KALI HARDWARE (RSDM194),20,0,20,0,20,0,18,0,18,0,18,0,18,0,22,0,22,0,22,0,22,0,22,0
SDRE02671,SUDHAN BHOWMIK (RSDS223),50,0,50,0,50,0,45,0,45,0,45,0,45,0,54,0,54,0,54,0,54,0,54,0
SDRE03784,MAYA HARDWARE STORES(RSDM378),80,0,80,0,80,0,72,0,72,0,72,0,72,0,87,0,87,0,87,0,87,0,87,0
SDRE05448,DAS ENTERPRISE (FULBARI) (RSDD376),50,140,50,0,50,0,45,0,45,0,45,0,45,0,54,0,54,0,54,0,54,0,54,0
SDRE05523,SANKAR HARDWARE (RSDS422),45,0,45,0,45,0,41,0,41,0,41,0,41,0,49,0,49,0,49,0,49,0,49,0
SDRE05608,GAURAV ENTERPRISE(RSDG348),40,0,40,0,40,0,36,0,36,0,36,0,36,0,44,0,44,0,44,0,44,0,44,0
SDRE05610,BASANTI HARDWARE (RSDB196),40,0,40,0,40,0,36,0,36,0,36,0,36,0,44,0,44,0,44,0,44,0,44,0
SDRE02669,ROY VARIETIES (RSDR228),40,0,40,0,40,0,36,0,36,0,36,0,36,0,44,0,44,0,44,0,44,0,44,0
SDRE03790,SHOVA HARDWARE(RSDS508),50,0,50,0,50,0,45,0,45,0,45,0,45,0,54,0,54,0,54,0,54,0,54,0
SDRE02290,MAA BHABANI HARDWARE (RSDM379),30,0,30,0,30,0,27,0,27,0,27,0,27,0,33,0,33,0,33,0,33,0,33,0
SDRE06856,ANANYA HARDWARE STORES(RSDA668),40,0,40,0,40,0,36,0,36,0,36,0,36,0,44,0,44,0,44,0,44,0,44,0
NSRE11566,BABA LOKENATH HARDWARE (MEKHLIGANJ)(RSDB731),90,0,90,0,90,0,81,0,81,0,81,0,81,0,98,0,98,0,98,0,98,0,98,0
SDRE02072,SHIBSAKTI HARDWARE STORES (RSDS351),65,0,65,0,65,0,59,0,59,0,59,0,59,0,71,0,71,0,71,0,71,0,71,0
NSRE11472,PAUL HARDWARE (NATUNPARA)(RSDP723),50,0,50,0,50,0,45,0,45,0,45,0,45,0,54,0,54,0,54,0,54,0,54,0
SDRE06918,KAMALA HARDWARE (ALIPURDUAR)(RSDK722),30,0,30,0,30,0,27,0,27,0,27,0,27,0,33,0,33,0,33,0,33,0,33,0
NSRE04277,SAHA ENTERPRISE(RSDS164),90,0,90,0,90,0,81,0,81,0,81,0,81,0,98,0,98,0,98,0,98,0,98,0
SDRE02137,DIGANTA DAS(RSDD420),80,0,80,0,80,0,72,0,72,0,72,0,72,0,87,0,87,0,87,0,87,0,87,0
SDRE02143,DURGA HARDWARE STORES (RSDD304),80,0,80,0,80,0,72,0,72,0,72,0,72,0,87,0,87,0,87,0,87,0,87,0
SDRE02213,JAY GURU ENTERPRISE (ALIPURDUAR) (RSDJ291),65,0,65,0,65,0,59,0,59,0,59,0,59,0,71,0,71,0,71,0,71,0,71,0
SDRE02343,MONMOHAN HARDWARE (RSDM226),30,0,30,0,30,0,27,0,27,0,27,0,27,0,33,0,33,0,33,0,33,0,33,0
SDRE02390,NEW RAMKRISHNA STORE(RSDN590),65,0,65,0,65,0,59,0,59,0,59,0,59,0,71,0,71,0,71,0,71,0,71,0
SDRE02409,ANKIT GHOSH(RSDA640),90,0,90,0,90,0,81,0,81,0,81,0,81,0,98,0,98,0,98,0,98,0,98,0
SDRE02439,PUJA ENTERPRISE (KUMARGRAM)(RSDP635),65,0,65,0,65,0,59,0,59,0,59,0,59,0,71,0,71,0,71,0,71,0,71,0
SDRE02441,PUJA HARDWARE(RSDP419),65,0,65,0,65,0,59,0,59,0,59,0,59,0,71,0,71,0,71,0,71,0,71,0
SDRE06888,DEBABRATA GHOSH(RSDD721),100,0,100,0,100,0,90,0,90,0,90,0,90,0,108,0,108,0,108,0,108,0,108,0
SDRE02264,RANJAN SAHA(RSDR643),100,0,100,0,100,0,90,0,90,0,90,0,90,0,108,0,108,0,108,0,108,0,108,0
SDRE02252,LOKNATH HARDWARE STORE(RSDL767),30,0,30,0,30,0,27,0,27,0,27,0,27,0,33,0,33,0,33,0,33,0,33,0
SDRE02304,MAA KALI BUILDERS(RSDM421),40,0,40,0,40,0,36,0,36,0,36,0,36,0,44,0,44,0,44,0,44,0,44,0
SDRE02410,PALIT ENTERPRISE(RSDP428),50,0,50,0,50,0,45,0,45,0,45,0,45,0,54,0,54,0,54,0,54,0,54,0
SDRE02536,SARKAR ENTERPRISE (BOXIRHAT)(RSDS429),50,0,50,0,50,0,45,0,45,0,45,0,45,0,54,0,54,0,54,0,54,0,54,0
SDRE04204,SUBRATA ENTERPRISE (RSDS243),40,0,40,0,40,0,36,0,36,0,36,0,36,0,44,0,44,0,44,0,44,0,44,0
SDRE05573,SAGAR POLL FACTORY (RSDS444),40,0,40,0,40,0,36,0,36,0,36,0,36,0,44,0,44,0,44,0,44,0,44,0
SDRE05640,BISWAS HARDWARE(RSDB553),80,0,80,0,80,0,72,0,72,0,72,0,72,0,87,0,87,0,87,0,87,0,87,0
SDRE06246,NIRMAL BARMAN ENTERPRISE (RSDN446),50,0,50,0,50,0,45,0,45,0,45,0,45,0,54,0,54,0,54,0,54,0,54,0
SDRE06655,ANSARI HARDWARE(RSDA591),30,0,30,0,30,0,27,0,27,0,27,0,27,0,33,0,33,0,33,0,33,0,33,0
SDRE05528,MONDAL HARDWARE(RSDM750),50,0,50,0,50,0,45,0,45,0,45,0,45,0,54,0,54,0,54,0,54,0,54,0
SDRE02120,DEB STOCK DEPOT(RSDD430),40,0,40,0,40,0,36,0,36,0,36,0,36,0,44,0,44,0,44,0,44,0,44,0
SDRE02188,HIRA MONI ENTERPRISE (RSDH197),50,0,50,0,50,0,45,0,45,0,45,0,45,0,54,0,54,0,54,0,54,0,54,0
SDRE02623,TAPAS RAY (RSDT380),50,0,50,0,50,0,45,0,45,0,45,0,45,0,54,0,54,0,54,0,54,0,54,0
SDRE03799,SHREE DURGA HARDWARE(RSDS217),25,0,25,0,25,0,23,0,23,0,23,0,23,0,27,0,27,0,27,0,27,0,27,0
SDRE05479,DAS HARDWARE (ALIPURDUAR) (RSDD375),105,0,105,0,105,0,95,0,95,0,95,0,95,0,114,0,114,0,114,0,114,0,114,0
SDRE06339,NUR HARDWARE (RSDN462),25,0,25,0,25,0,23,0,23,0,23,0,23,0,27,0,27,0,27,0,27,0,27,0
SDRE06547,BISWAS FECTORY(RSDB569),30,0,30,0,30,0,27,0,27,0,27,0,27,0,33,0,33,0,33,0,33,0,33,0
SDRE06744,RAY HARDWARE (PUNDIBARI)(RSDR617),50,0,50,0,50,0,45,0,45,0,45,0,45,0,54,0,54,0,54,0,54,0,54,0
SDRE02353,MINATI ENTERPRISE (RSDM363),65,0,65,0,65,0,59,0,59,0,59,0,59,0,71,0,71,0,71,0,71,0,71,0
SDRE06908,KAR HARDWARE STORE(RSDK720),20,0,20,0,20,0,18,0,18,0,18,0,18,0,22,0,22,0,22,0,22,0,22,0
SDRE03786,NASIRUDDIN MIYA (RSDN386),5,0,5,0,5,0,5,0,5,0,5,0,5,0,6,0,6,0,6,0,6,0,6,0
SDRE03782,CHAKRABORTY HARDWARE (RSDC261),105,0,105,0,105,0,95,0,95,0,95,0,95,0,114,0,114,0,114,0,114,0,114,0
SDRE03793,TARAFDAR ENTERPRISE (RSDT190),30,0,30,0,30,0,27,0,27,0,27,0,27,0,33,0,33,0,33,0,33,0,33,0
SDRE03794,MAHAKAL STORES(RSDM214),20,0,20,0,20,0,18,0,18,0,18,0,18,0,22,0,22,0,22,0,22,0,22,0
SDRE04697,APURBA HARDWARE(RSDA212),50,0,50,0,50,0,45,0,45,0,45,0,45,0,54,0,54,0,54,0,54,0,54,0
SDRE04698,MALATI HARDWARE(RSDM427),25,0,25,0,25,0,23,0,23,0,23,0,23,0,27,0,27,0,27,0,27,0,27,0
SDRE06654,RADHA RANI HARDWARE(RSDR608),30,0,30,0,30,0,27,0,27,0,27,0,27,0,33,0,33,0,33,0,33,0,33,0
SDRE05513,RAMESH HARDWARE (RSDR434),25,0,25,0,25,0,23,0,23,0,23,0,23,0,27,0,27,0,27,0,27,0,27,0
SDRE05464,LITAN ENTERPRISE(RSDL179),25,0,25,0,25,0,23,0,23,0,23,0,23,0,27,0,27,0,27,0,27,0,27,0
SDRE05497,HANUMAN HARDWARE(RSDH525),20,0,20,0,20,0,18,0,18,0,18,0,18,0,22,0,22,0,22,0,22,0,22,0
NSRE04170,SRI GOPAL HARDWARE(RSDS587),50,0,50,0,50,0,45,0,45,0,45,0,45,0,54,0,54,0,54,0,54,0,54,0
SDRE01975,ANANDAMOYEE ENTERPRISE(RSDM426),45,0,45,0,45,0,41,0,41,0,41,0,41,0,49,0,49,0,49,0,49,0,49,0
SDRE03780,GHOSH ENTERPRISE (PUNDIBARI)(RSDG616),30,0,30,0,30,0,27,0,27,0,27,0,27,0,33,0,33,0,33,0,33,0,33,0
SDRE03792,PAUL HARDWARE (ALIPURDUAR) (RSDP240),80,0,80,0,80,0,72,0,72,0,72,0,72,0,87,0,87,0,87,0,87,0,87,0
SDRE04205,MONTRESH SAHA(RSDM507),65,0,65,0,65,0,59,0,59,0,59,0,59,0,71,0,71,0,71,0,71,0,71,0
SDRE06639,RADHA GOBINDA VARIETIES(RSDR588),50,0,50,0,50,0,45,0,45,0,45,0,45,0,54,0,54,0,54,0,54,0,54,0
SDRE02029,ARYA HARDWARE(RSDA641),10,0,10,0,10,0,9,0,9,0,9,0,9,0,11,0,11,0,11,0,11,0,11,0
SDRE02672,DAS ENTERPRISE (RSDD213),50,0,50,0,50,0,45,0,45,0,45,0,45,0,54,0,54,0,54,0,54,0,54,0
SDRE01990,ABUL KASHEM MIYA (RSDA452),45,0,40,0,40,0,36,0,36,0,36,0,36,0,44,0,44,0,44,0,44,0,44,0
SDRE01997,AKASH DATTA (RSDA310),50,0,50,0,50,0,45,0,45,0,45,0,45,0,54,0,54,0,54,0,54,0,54,0
SDRE02034,LOKNATH HARDWARE STORES(RSDL570),35,0,35,0,35,0,32,0,32,0,32,0,32,0,38,0,38,0,38,0,38,0,38,0
SDRE02051,BAKSI HARDWARE (RSDB317),60,0,60,0,60,0,54,0,54,0,54,0,54,0,65,0,65,0,65,0,65,0,65,0
SDRE02090,BROJOGOPAL BISWAS (RSDB325),50,0,50,0,50,0,45,0,45,0,45,0,45,0,54,0,54,0,54,0,54,0,54,0
SDRE02219,JYOTSNA HARDWARE & ENTERPRISE (RSDJ316),60,0,60,0,60,0,54,0,54,0,54,0,54,0,65,0,65,0,65,0,65,0,65,0
SDRE02295,MAA DURGA HARDWERE (RSDM326),60,0,60,0,60,0,54,0,54,0,54,0,54,0,65,0,65,0,65,0,65,0,65,0
SDRE02385,MOSHARAF HOSSAIN (RSDM307),30,0,30,0,30,0,27,0,27,0,27,0,27,0,33,0,33,0,33,0,33,0,33,0
SDRE02457,RADHA KRISHNA HARDWARE (SITALKUCHI)(RSDR694),75,0,75,0,75,0,68,0,68,0,68,0,68,0,81,0,81,0,81,0,81,0,81,0
SDRE02627,TITALI HARDWARDS (RSDT315),40,0,40,0,40,0,36,0,36,0,36,0,36,0,44,0,44,0,44,0,44,0,44,0
SDRE03779,VARITY HARDWARE (RSDV453),50,0,50,0,50,0,45,0,45,0,45,0,45,0,54,0,54,0,54,0,54,0,54,0
SDRE06053,SHANTIMAYI HARDWARE (RSDS308),80,0,80,0,80,0,72,0,72,0,72,0,72,0,87,0,87,0,87,0,87,0,87,0
SDRE06054,ALAMIN RASUL HARDWARE (RSDA318),55,0,55,0,55,0,50,0,50,0,50,0,50,0,60,0,60,0,60,0,60,0,60,0
SDRE06055,APURBA ENTERPRISE (RSDA327),45,0,45,0,45,0,41,0,41,0,41,0,41,0,49,0,49,0,49,0,49,0,49,0
SDRE06056,DADA BHAI HARDWARE (PAHARBARI) (RSDD328),100,0,100,0,100,0,90,0,90,0,90,0,90,0,108,0,108,0,108,0,108,0,108,0
SDRE06249,PARVIN HARDWARE (RSDP450),50,0,50,0,50,0,45,0,45,0,45,0,45,0,54,0,54,0,54,0,54,0,54,0
SDRE06344,G.M.K.HARDWARE (RSDG472),40,0,40,0,40,0,36,0,36,0,36,0,36,0,44,0,44,0,44,0,44,0,44,0
SDRE06372,MONALI HARDWARE(RSDM483),60,0,60,0,60,0,54,0,54,0,54,0,54,0,65,0,65,0,65,0,65,0,65,0
SDRE02149,FLYAS ENTERPRISE (RSDF309),50,0,55,0,55,0,50,0,50,0,50,0,50,0,60,0,60,0,60,0,60,0,60,0
SDRE02180,HAQUE HARDWARE (RSDH218),15,0,15,0,15,0,14,0,14,0,14,0,14,0,17,0,17,0,17,0,17,0,17,0
SDRE03805,ABDUL ENTERPRISE(RSDA692),45,0,45,0,45,0,41,0,41,0,41,0,41,0,49,0,49,0,49,0,49,0,49,0
SDRE06342,R.K.STEEL (RSDR468),30,0,30,0,30,0,27,0,27,0,27,0,27,0,33,0,33,0,33,0,33,0,33,0
SDRE06894,SWAPAN DAS(RSDS693),25,0,25,0,25,0,23,0,23,0,23,0,23,0,27,0,27,0,27,0,27,0,27,0
NSRE11567,MAA LAXMI HARDWARE (MEKHLIGANJ)(RSDM762),60,0,60,0,60,0,54,0,54,0,54,0,54,0,65,0,65,0,65,0,65,0,65,0
NSRE04389,ROY HARDWARE (COOCHBIHAR)(RSDR189),50,0,50,0,50,0,45,0,45,0,45,0,45,0,54,0,54,0,54,0,54,0,54,0
SDRE02059,BAPARI HARDWARE (RSDB192),50,0,50,0,50,0,45,0,45,0,45,0,45,0,54,0,54,0,54,0,54,0,54,0
SDRE02098,CHAKRABORTY HARDWARE STORES (RSDC249),45,0,45,0,45,0,41,0,41,0,41,0,41,0,49,0,49,0,49,0,49,0,49,0
SDRE02108,P.B.TRADING (RSDP193),50,0,50,0,50,0,45,0,45,0,45,0,45,0,54,0,54,0,54,0,54,0,54,0
SDRE02142,DOLA PHOUZDER (RSDD283),50,0,50,0,50,0,45,0,45,0,45,0,45,0,54,0,54,0,54,0,54,0,54,0
SDRE02234,KWANDAKAR HARDWARE(RSDK185),130,0,130,0,130,0,117,0,117,0,117,0,117,0,141,0,141,0,141,0,141,0,141,0
SDRE02299,MAA ENTERPRISE (MATALHAT) (RSDM207),50,0,50,0,50,0,45,0,45,0,45,0,45,0,54,0,54,0,54,0,54,0,54,0
SDRE02403,NURJAMAL MIYA (RSDN220),50,0,50,0,50,0,45,0,45,0,45,0,45,0,54,0,54,0,54,0,54,0,54,0
SDRE02408,OM NAMAH SHIBAYAM ENTERPRISE (RSDO210),50,0,50,0,50,0,45,0,45,0,45,0,45,0,54,0,54,0,54,0,54,0,54,0
SDRE02472,RAJJAK FERTILIZER & CEMENT (RSDR237),70,0,70,0,70,0,63,0,63,0,63,0,63,0,76,0,76,0,76,0,76,0,76,0
SDRE02494,ROY CEMENT COUNTER(RSDR177),70,0,70,0,70,0,63,0,63,0,63,0,63,0,76,0,76,0,76,0,76,0,76,0
SDRE02515,SAHA BUILDERS (RSDS206),60,0,60,0,60,0,54,0,54,0,54,0,54,0,65,0,65,0,65,0,65,0,65,0
SDRE03817,PAUL ENTERPRISE (COOCHBIHAR) (RSDP241),50,0,50,0,50,0,45,0,45,0,45,0,45,0,54,0,54,0,54,0,54,0,54,0
SDRE03820,SARKAR HARDWARE(GOOSANIMARI) (RSDS219),60,0,60,0,60,0,54,0,54,0,54,0,54,0,65,0,65,0,65,0,65,0,65,0
SDRE03821,HOQUE ENTERPRISE (RSDH238),30,0,30,0,30,0,27,0,27,0,27,0,27,0,33,0,33,0,33,0,33,0,33,0
SDRE06044,JOY GURU ENTERPRISE (RSDJ208),40,0,40,0,40,0,36,0,36,0,36,0,36,0,44,0,44,0,44,0,44,0,44,0
SDRE06052,B.R HARDWARES & VARIETIES (RSDB302),25,0,25,0,25,0,23,0,23,0,23,0,23,0,27,0,27,0,27,0,27,0,27,0
SDRE06079,SARKAR ENTERPRISE (BHUTKURA) (RSDS209),40,0,40,0,40,0,36,0,36,0,36,0,36,0,44,0,44,0,44,0,44,0,44,0
SDRE06508,SUBHA ENTERPRISE(RSDS556),60,0,60,0,60,0,54,0,54,0,54,0,54,0,65,0,65,0,65,0,65,0,65,0
SDRE02605,GANDHESWARI ENTERPRISE (RSDG457),15,0,15,0,15,0,14,0,14,0,14,0,14,0,17,0,17,0,17,0,17,0,17,0
SDRE02063,BARMAN HARDWARE (RSDB303),10,0,10,0,10,0,9,0,9,0,9,0,9,0,11,0,11,0,11,0,11,0,11,0
SDRE02183,GOUR GOBINDHA HARDWARE (RSDG306),70,0,70,0,70,0,63,0,63,0,63,0,63,0,76,0,76,0,76,0,76,0,76,0
SDRE02231,KESHAB CH BARMAN (RSDK305),40,0,40,0,40,0,36,0,36,0,36,0,36,0,44,0,44,0,44,0,44,0,44,0
SDRE02400,NUR ISLAM ENTERPRISE (RSDN312),45,0,45,0,45,0,41,0,41,0,41,0,41,0,49,0,49,0,49,0,49,0,49,0
SDRE02540,SARKAR HARDWARE(RSDM311),65,0,65,0,65,0,59,0,59,0,59,0,59,0,71,0,71,0,71,0,71,0,71,0
SDRE02683,DUTTA HARDWARE (TUFANGANJ)(RSDD618),35,0,35,0,35,0,32,0,32,0,32,0,32,0,38,0,38,0,38,0,38,0,38,0
SDRE02086,BIREN BARMAN(RSDB166),100,320,100,0,100,0,90,0,90,0,90,0,90,0,108,0,108,0,108,0,108,0,108,0
SDRE02107,RADHAMURARI ENTERPRISE (RSDR267),50,0,50,0,50,0,45,0,45,0,45,0,45,0,54,0,54,0,54,0,54,0,54,0
SDRE02136,SAHA HARDWARE (COOCHBIHAR)(RSDM215),130,500,130,0,130,0,117,0,117,0,117,0,117,0,141,0,141,0,141,0,141,0,141,0
SDRE02147,DUTTA VARIETY(RSDD187),40,0,40,0,40,0,36,0,36,0,36,0,36,0,44,0,44,0,44,0,44,0,44,0
SDRE02177,HAQUE ENTERPRISE (RSDH369),55,0,55,0,55,0,50,0,50,0,50,0,50,0,60,0,60,0,60,0,60,0,60,0
SDRE02212,JOY GURU BUILDERS(RSDJ362),40,0,40,0,40,0,36,0,36,0,36,0,36,0,44,0,44,0,44,0,44,0,44,0
SDRE02227,KAMALA HARDWARE (RSDK361),50,0,50,0,50,0,45,0,45,0,45,0,45,0,54,0,54,0,54,0,54,0,54,0
SDRE02549,SATTWATA NIRMAN BIPONI (RSDS432),25,0,25,0,25,0,23,0,23,0,23,0,23,0,27,0,27,0,27,0,27,0,27,0
SDRE02615,SWASTI HARDWARE (RSDS254),10,0,10,0,10,0,9,0,9,0,9,0,9,0,11,0,11,0,11,0,11,0,11,0
SDRE02630,TUFANGANJ HARDWARE(RSDT168),85,0,85,0,85,0,77,0,77,0,77,0,77,0,92,0,92,0,92,0,92,0,92,0
SDRE02660,BISWAJIT PAUL (RSDB280),50,0,50,0,50,0,45,0,45,0,45,0,45,0,54,0,54,0,54,0,54,0,54,0
SDRE02661,BASANTI HARDWARE (COOCHBIHAR) (RSDB337),90,0,90,0,90,0,81,0,81,0,81,0,81,0,98,0,98,0,98,0,98,0,98,0
SDRE02662,TUHINA HARDWARE(RSDT188),100,0,100,0,100,0,90,0,90,0,90,0,90,0,108,0,108,0,108,0,108,0,108,0
SDRE02664,MODOK HARDWARE (RSDM385),30,0,30,0,30,0,27,0,27,0,27,0,27,0,33,0,33,0,33,0,33,0,33,0
SDRE02682,SREE DURGA BHANDAR(RSDS636),30,0,30,0,30,0,27,0,27,0,27,0,27,0,33,0,33,0,33,0,33,0,33,0
SDRE03787,SREE DURGA HARDWARE(RSDS418),45,0,45,0,45,0,41,0,41,0,41,0,41,0,49,0,49,0,49,0,49,0,49,0
SDRE04209,DUTTA ENTERPRISE(RSDD167),90,0,90,0,90,0,81,0,81,0,81,0,81,0,98,0,98,0,98,0,98,0,98,0
SDRE05405,ABDUL HABIB(RSDA186),10,0,10,0,10,0,9,0,9,0,9,0,9,0,11,0,11,0,11,0,11,0,11,0
SDRE05463,LOKNATH HARDWARE (RSDL273),20,0,20,0,20,0,18,0,18,0,18,0,18,0,22,0,22,0,22,0,22,0,22,0
SDRE05515,JUWEL ENTERPRISE(RSDJ654),20,0,20,0,20,0,18,0,18,0,18,0,18,0,22,0,22,0,22,0,22,0,22,0
SDRE06045,TAJ ENTERPRISE (RSDT253),70,0,70,0,70,0,63,0,63,0,63,0,63,0,76,0,76,0,76,0,76,0,76,0
SDRE06059,G.N. HARDWARE (RSDG336),45,0,45,0,45,0,41,0,41,0,41,0,41,0,49,0,49,0,49,0,49,0,49,0
SDRE06060,SATHI ENTERPRISE (RSDS338),10,0,10,0,10,0,9,0,9,0,9,0,9,0,11,0,11,0,11,0,11,0,11,0
SDRE06154,NEW SAHA ENTERPRISE (RSDN373),50,0,50,0,50,0,45,0,45,0,45,0,45,0,54,0,54,0,54,0,54,0,54,0
SDRE06378,BABA LOKNATH ENTERPRISE(RSDB497),40,0,40,0,40,0,36,0,36,0,36,0,36,0,44,0,44,0,44,0,44,0,44,0
SDRE06422,MAA SUROBALA HARDWARE(RSDM527),45,0,45,0,45,0,41,0,41,0,41,0,41,0,49,0,49,0,49,0,49,0,49,0
SDRE06423,PAUL HARDWARE (TUFANGANJ)(RSDP528),40,0,40,0,40,0,36,0,36,0,36,0,36,0,44,0,44,0,44,0,44,0,44,0
SDRE06425,MANJUSREE HARDWARE(RSDM532),30,0,30,0,30,0,27,0,27,0,27,0,27,0,33,0,33,0,33,0,33,0,33,0
SDRE06509,DE HARDWARE(RSDD558),25,0,25,0,25,0,23,0,23,0,23,0,23,0,27,0,27,0,27,0,27,0,27,0
SDRE03788,BALARAMPUR HARDWARE STORE (RSDB372),30,0,30,0,30,0,27,0,27,0,27,0,27,0,33,0,33,0,33,0,33,0,33,0
SDRE05572,AKASH HARDWARE(RSDA706),10,0,10,0,10,0,9,0,9,0,9,0,9,0,11,0,11,0,11,0,11,0,11,0
SDRE05635,ASHA HARDWARE (RSDA290),30,0,30,0,30,0,27,0,27,0,27,0,27,0,33,0,33,0,33,0,33,0,33,0
SDRE05637,GOURI HARI HARDWARE SHOP (RSDG288),15,0,15,0,15,0,14,0,14,0,14,0,14,0,17,0,17,0,17,0,17,0,17,0
SDRE06924,JOY GURU HARDWARE (TUFANGANJ)(RSDJ702),15,0,15,0,15,0,14,0,14,0,14,0,14,0,17,0,17,0,17,0,17,0,17,0
SDRE06929,MAA KAMAKHYA ENTERPRISE(RSDM705),10,0,10,0,10,0,9,0,9,0,9,0,9,0,11,0,11,0,11,0,11,0,11,0
SDRE06986,DAYARNOBI ENTERPRISE(RSDD728),25,0,25,0,25,0,23,0,23,0,23,0,23,0,27,0,27,0,27,0,27,0,27,0
SDRE07070,HOSSAIN HARDWARE(RSDH761),10,0,10,0,10,0,9,0,9,0,9,0,9,0,11,0,11,0,11,0,11,0,11,0
SDRE02300,MAA ENTERPRISE (DINHATA) (RSDM199),40,0,40,0,40,0,36,0,36,0,36,0,36,0,44,0,44,0,44,0,44,0,44,0
SDRE02518,SAHA HARDWARE (DINHATA) (RSDS445),100,0,100,0,100,0,90,0,90,0,90,0,90,0,108,0,108,0,108,0,108,0,108,0
SDRE02618,TAMMIN HARDWARE(RSDT173),50,0,50,0,50,0,45,0,45,0,45,0,45,0,54,0,54,0,54,0,54,0,54,0
SDRE03818,MAINUDDIN MIYA(RSDM666),20,0,20,0,20,0,18,0,18,0,18,0,18,0,22,0,22,0,22,0,22,0,22,0
SDRE03819,NIKITA HARDWARE(RSDN175),20,0,20,0,20,0,18,0,18,0,18,0,18,0,22,0,22,0,22,0,22,0,22,0
SDRE03837,KHANDAKAR ENTERPRISE(RSDK198),10,0,10,0,10,0,9,0,9,0,9,0,9,0,11,0,11,0,11,0,11,0,11,0
SDRE03838,MOON ENTERPRISE (COOCHBIHAR) (RSDM211),45,0,45,0,45,0,41,0,41,0,41,0,41,0,49,0,49,0,49,0,49,0,49,0
SDRE06081,RAJU STORES (RSDR400),35,0,35,0,35,0,32,0,32,0,32,0,32,0,38,0,38,0,38,0,38,0,38,0
SDRE06497,MAHABUB RAHAMAN(RSDM554),60,0,60,0,60,0,54,0,54,0,54,0,54,0,65,0,65,0,65,0,65,0,65,0
SDRE06650,NUR HARDWARE (DINHATA)(RSDN580),55,0,55,0,55,0,50,0,50,0,50,0,50,0,60,0,60,0,60,0,60,0,60,0
SDRE06854,SABUJ SATHI BUILDERS(RSDS665),30,0,30,0,30,0,27,0,27,0,27,0,27,0,33,0,33,0,33,0,33,0,33,0
SDRE06855,SITUMA ENTERPRISE(RSDS667),20,0,20,0,20,0,18,0,18,0,18,0,18,0,22,0,22,0,22,0,22,0,22,0
NSRE04292,MAA KALI TRADERS(RSDM182),50,0,50,0,50,0,45,0,45,0,45,0,45,0,54,0,54,0,54,0,54,0,54,0
SDRE02171,GOURI HARDWARE (RSDG357),130,0,130,0,130,0,117,0,117,0,117,0,117,0,141,0,141,0,141,0,141,0,141,0
SDRE02256,M.T ENTERPRISE (RSDM353),65,0,65,0,65,0,59,0,59,0,59,0,59,0,71,0,71,0,71,0,71,0,71,0
SDRE02517,SAHA HARDWARE (MATHABHANGA)(RSDS741),30,0,30,0,30,0,27,0,27,0,27,0,27,0,33,0,33,0,33,0,33,0,33,0
SDRE07022,SWAPNA HARDWARE(RSDS734),10,0,10,0,10,0,9,0,9,0,9,0,9,0,11,0,11,0,11,0,11,0,11,0
SDRE07071,AINUL HARDWARE(RSDA764),35,0,35,0,35,0,32,0,32,0,32,0,32,0,38,0,38,0,38,0,38,0,38,0
SDRE02071,BHAI BHAI HARDWARE (RSDB323),60,0,60,0,60,0,54,0,54,0,54,0,54,0,65,0,65,0,65,0,65,0,65,0
SDRE02091,BISWAS HARDWARE STORES (RSDB286),10,0,10,0,10,0,9,0,9,0,9,0,9,0,11,0,11,0,11,0,11,0,11,0
SDRE02093,BROTHERS HARDWARE (RSDB278),200,300,200,0,200,0,180,0,180,0,180,0,180,0,216,0,216,0,216,0,216,0,216,0
SDRE02125,DEBNATH HARDWARE (RSDD242),45,0,45,0,45,0,41,0,41,0,41,0,41,0,49,0,49,0,49,0,49,0,49,0
SDRE02176,HAMID & SONS HARDWARE (RSDH246),45,0,45,0,45,0,41,0,41,0,41,0,41,0,49,0,49,0,49,0,49,0,49,0
SDRE02293,MAA CHANDORBI HARDWARE (RSDM293),40,0,40,0,40,0,36,0,36,0,36,0,36,0,44,0,44,0,44,0,44,0,44,0
SDRE02311,MAA OPIYA HARDWARE (RSDM377),50,0,50,0,50,0,45,0,45,0,45,0,45,0,54,0,54,0,54,0,54,0,54,0
SDRE02319,MADAN GOPAL SAHA (RSDM268),110,0,110,0,110,0,99,0,99,0,99,0,99,0,119,0,119,0,119,0,119,0,119,0
SDRE02332,MAJUMDER HARDWARE SHOP (RSDM289),45,0,45,0,45,0,41,0,41,0,41,0,41,0,49,0,49,0,49,0,49,0,49,0
SDRE02367,MOON HARDWARE (RSDM278),50,0,50,0,50,0,45,0,45,0,45,0,45,0,54,0,54,0,54,0,54,0,54,0
SDRE02394,NILKANTHA ROY (RSDN282),30,0,30,0,30,0,27,0,27,0,27,0,27,0,33,0,33,0,33,0,33,0,33,0
SDRE02416,PARIMAL DAS (RSDP271),50,0,50,0,50,0,45,0,45,0,45,0,45,0,54,0,54,0,54,0,54,0,54,0
SDRE02444,PUSHPA HARDWARE (RSDP281),80,0,80,0,80,0,72,0,72,0,72,0,72,0,87,0,87,0,87,0,87,0,87,0
SDRE02445,PUSPA HARDWARE(RSDP355),70,0,70,0,70,0,63,0,63,0,63,0,63,0,76,0,76,0,76,0,76,0,76,0
SDRE02461,RADHA GOBINDA HARDWARE (RSDR456),65,0,65,0,65,0,59,0,59,0,59,0,59,0,71,0,71,0,71,0,71,0,71,0
SDRE02463,RAHUL ENTERPRISE (RSDR359),70,0,70,0,70,0,63,0,63,0,63,0,63,0,76,0,76,0,76,0,76,0,76,0
SDRE02477,RAMKRISHNA HARDWARE (RSDR393),30,0,30,0,30,0,27,0,27,0,27,0,27,0,33,0,33,0,33,0,33,0,33,0
SDRE02500,ROY METAL STORES (RSDR272),85,200,85,0,85,0,77,0,77,0,77,0,77,0,92,0,92,0,92,0,92,0,92,0
SDRE02575,SIDDIQUE BUILDERS(RSDS484),80,0,80,0,80,0,72,0,72,0,72,0,72,0,87,0,87,0,87,0,87,0,87,0
SDRE02595,SUBRATA GHOSH(RSDS520),100,0,100,0,100,0,90,0,90,0,90,0,90,0,108,0,108,0,108,0,108,0,108,0
SDRE02612,SUSANTA SARKAR (RSDS274),60,0,60,0,60,0,54,0,54,0,54,0,54,0,65,0,65,0,65,0,65,0,65,0
SDRE03809,SHANI MAHARAJA HARDWARE(RSDM285),45,0,45,0,45,0,41,0,41,0,41,0,41,0,49,0,49,0,49,0,49,0,49,0
SDRE03810,MAA MANASA HARDWARE (RSDM295),40,0,40,0,40,0,36,0,36,0,36,0,36,0,44,0,44,0,44,0,44,0,44,0
SDRE03812,SANTI HARDWARE (RSDS330),40,0,40,0,40,0,36,0,36,0,36,0,36,0,44,0,44,0,44,0,44,0,44,0
SDRE06048,JAY GURU HARDWARE (RSDJ280),15,0,15,0,15,0,14,0,14,0,14,0,14,0,17,0,17,0,17,0,17,0,17,0
SDRE06057,SHYAM CHARAN BARMAN (RSDS329),20,0,20,0,20,0,18,0,18,0,18,0,18,0,22,0,22,0,22,0,22,0,22,0
SDRE06341,ASIM KUMAR BARMAN (RSDA467),90,0,90,0,90,0,81,0,81,0,81,0,81,0,98,0,98,0,98,0,98,0,98,0
SDRE06345,PITAR HARDWARE (RSDP473),45,0,45,0,45,0,41,0,41,0,41,0,41,0,49,0,49,0,49,0,49,0,49,0
SDRE06540,DADA BHAI HARDWARE (SITAI)(RSDD568),35,0,35,0,35,0,32,0,32,0,32,0,32,0,38,0,38,0,38,0,38,0,38,0
SDRE06656,MAA DURGA HARDWARE (SITAI MORE)(RSDM598),30,0,30,0,30,0,27,0,27,0,27,0,27,0,33,0,33,0,33,0,33,0,33,0
SDRE06657,MOON ENTERPRISE (AKRAHAT)(RSDM599),33,0,33,0,33,0,30,0,30,0,30,0,30,0,36,0,36,0,36,0,36,0,36,0
SDRE06893,BIDHAN CHANDRA BARMAN(RSDB691),25,0,25,0,25,0,23,0,23,0,23,0,23,0,27,0,27,0,27,0,27,0,27,0
SDRE07026,LAXMI NARAYAN HARDWARE (MEKHLIGANJ)(RSDL744),10,0,10,0,10,0,9,0,9,0,9,0,9,0,11,0,11,0,11,0,11,0,11,0
NSRE11560,MAA MANGAL CHANDI HARDWARE(RSDM763),15,0,15,0,15,0,14,0,14,0,14,0,14,0,17,0,17,0,17,0,17,0,17,0
NSRE11590,MIRA ENTERPRISE(RSDM745),10,0,10,0,10,0,9,0,9,0,9,0,9,0,11,0,11,0,11,0,11,0,11,0
SDRE03839,SARKAR ENTERPRISE (COOCHBIHAR) (RSDS346),40,0,40,0,40,0,36,0,36,0,36,0,36,0,44,0,44,0,44,0,44,0,44,0
SDRE03840,SURESH BARMAN(RSDS174),55,0,55,0,55,0,50,0,50,0,50,0,50,0,60,0,60,0,60,0,60,0,60,0
SDRE03841,EYAZ UDDIN SEKH (RSDE358),50,0,50,0,50,0,45,0,45,0,45,0,45,0,54,0,54,0,54,0,54,0,54,0
SDRE03842,TAPAN KAR (RSDT344),45,0,45,0,45,0,41,0,41,0,41,0,41,0,49,0,49,0,49,0,49,0,49,0
SDRE06251,BABA LOKENATH HARDWARE (RSDB454),30,0,30,0,30,0,27,0,27,0,27,0,27,0,33,0,33,0,33,0,33,0,33,0
SDRE06253,SRI MANTA HARDWARE (RSDS455),40,0,40,0,40,0,36,0,36,0,36,0,36,0,44,0,44,0,44,0,44,0,44,0
SDRE06557,RAJAT CHAKRABORTY(RSDR584),35,0,35,0,35,0,32,0,32,0,32,0,32,0,38,0,38,0,38,0,38,0,38,0
SDRE06558,SAHIDUL HOQUE BYAPARI(RSDS585),30,0,30,0,30,0,27,0,27,0,27,0,27,0,33,0,33,0,33,0,33,0,33,0
SDRE06780,MINA SHIKDAR KHATUN(RSDM637),15,0,15,0,15,0,14,0,14,0,14,0,14,0,17,0,17,0,17,0,17,0,17,0
SDRE06550,SANDIP ENTERPRISE(RSDS573),15,0,15,0,15,0,14,0,14,0,14,0,14,0,17,0,17,0,17,0,17,0,17,0
SDRE06931,KALYAN SARKAR(RSDK708),10,0,10,0,10,0,9,0,9,0,9,0,9,0,11,0,11,0,11,0,11,0,11,0
SDRE06250,SAHA HARDWARE (SAHEBGANJ) (RSDS451),8,0,8,0,8,0,8,0,8,0,8,0,8,0,9,0,9,0,9,0,9,0,9,0
NSRE04113,BARMAN ENTERPRISE (RSDB287),25,0,25,0,25,0,23,0,23,0,23,0,23,0,27,0,27,0,27,0,27,0,27,0
SDRE02418,PANDIT HARDWARE (RSDP232),40,0,40,0,40,0,36,0,36,0,36,0,36,0,44,0,44,0,44,0,44,0,44,0
SDRE02480,RANUKALAM ENTERPRISE & CONCRETE FIRM(RSDR658),60,0,60,0,60,0,54,0,54,0,54,0,54,0,65,0,65,0,65,0,65,0,65,0
SDRE02551,S.A.B HARDWARE(RSDS671),25,0,25,0,25,0,23,0,23,0,23,0,23,0,27,0,27,0,27,0,27,0,27,0
SDRE03824,KHAIRUL STORE (RSDK300),40,0,40,0,40,0,36,0,36,0,36,0,36,0,44,0,44,0,44,0,44,0,44,0
SDRE03825,R.S ENTERPRISE (RSDR301),30,0,30,0,30,0,27,0,27,0,27,0,27,0,33,0,33,0,33,0,33,0,33,0
SDRE03829,SWAPNAMAYA TRADERS (RSDS342),15,0,15,0,15,0,14,0,14,0,14,0,14,0,17,0,17,0,17,0,17,0,17,0
SDRE06050,SAYAN ENTERPRISE (RSDS298),35,0,35,0,35,0,32,0,32,0,32,0,32,0,38,0,38,0,38,0,38,0,38,0
SDRE06051,HINDUSTAN HARDWARE (RSDH299),60,0,60,0,60,0,54,0,54,0,54,0,54,0,65,0,65,0,65,0,65,0,65,0
SDRE06072,MOON ENTERPRISE (RSDM368),35,0,35,0,35,0,32,0,32,0,32,0,32,0,38,0,38,0,38,0,38,0,38,0
SDRE06247,HAQUE BUILDERS (RSDH447),35,0,35,0,35,0,32,0,32,0,32,0,32,0,38,0,38,0,38,0,38,0,38,0
SDRE06847,MANNAN HARDWARE STORES(RSDM657),85,0,85,0,85,0,77,0,77,0,77,0,77,0,92,0,92,0,92,0,92,0,92,0
SDRE06848,FHAKIR BABA HARDWARE(RSDF659),26,0,26,0,26,0,24,0,24,0,24,0,24,0,29,0,29,0,29,0,29,0,29,0
SDRE06849,RADHA KRISHNA HARDWARE (SITAI)(RSDR660),45,0,45,0,45,0,41,0,41,0,41,0,41,0,49,0,49,0,49,0,49,0,49,0
SDRE06850,MAA RAHIMA HARDWARE & ELECTRIC(RSDM661),50,0,50,0,50,0,45,0,45,0,45,0,45,0,54,0,54,0,54,0,54,0,54,0
SDRE06851,SONALI HARDWARE(RSDS662),80,0,80,0,80,0,72,0,72,0,72,0,72,0,87,0,87,0,87,0,87,0,87,0
SDRE06852,BARMAN HARDWARE STORE (PETLA)(RSDB663),10,0,10,0,10,0,9,0,9,0,9,0,9,0,11,0,11,0,11,0,11,0,11,0
SDRE06853,HOQUE HARDWARE ENTEPRISE(RSDH664),90,0,90,0,90,0,81,0,81,0,81,0,81,0,98,0,98,0,98,0,98,0,98,0
SDRE06857,PARBATI STEEL & HARDWARE(RSDP670),10,0,10,0,10,0,9,0,9,0,9,0,9,0,11,0,11,0,11,0,11,0,11,0
SDRE02527,SAHIDUL HAQUE (RSDS314),20,0,20,0,20,0,18,0,18,0,18,0,18,0,22,0,22,0,22,0,22,0,22,0
SDRE03834,PAPAI ENTERPRISE(RSDP684),15,0,15,0,15,0,14,0,14,0,14,0,14,0,17,0,17,0,17,0,17,0,17,0
SDRE06068,SWASTIK HARDWARE (RSDS364),25,0,25,0,25,0,23,0,23,0,23,0,23,0,27,0,27,0,27,0,27,0,27,0
SDRE06108,NIRMAN HARDWARE (COOCHBIHAR) (RSDN414),20,0,20,0,20,0,18,0,18,0,18,0,18,0,22,0,22,0,22,0,22,0,22,0
SDRE06895,NEW BENGAL HARDWARE(RSDN682),45,0,45,0,45,0,41,0,41,0,41,0,41,0,49,0,49,0,49,0,49,0,49,0
SDRE06896,PULAKESH SARKAR(RSDP683),10,0,10,0,10,0,9,0,9,0,9,0,9,0,11,0,11,0,11,0,11,0,11,0
SDRE06921,VOROSA CONCRETE FACTORY(RSDV619),10,0,10,0,10,0,9,0,9,0,9,0,9,0,11,0,11,0,11,0,11,0,11,0
SDRE02248,LIMA HARDWARE STORES & ELECTRICAL(RSDL697),20,0,20,0,20,0,18,0,18,0,18,0,18,0,22,0,22,0,22,0,22,0,22,0
SDRE06107,RAHAMAN HARDWARE (RSDR413),10,0,10,0,10,0,9,0,9,0,9,0,9,0,11,0,11,0,11,0,11,0,11,0
SDRE06492,SOYEL & SUNNY BUILDERS(RSDS548),20,0,20,0,20,0,18,0,18,0,18,0,18,0,22,0,22,0,22,0,22,0,22,0
SDRE02404,OKRABARI HARDWARE STORES (RSDO313),20,0,20,0,20,0,18,0,18,0,18,0,18,0,22,0,22,0,22,0,22,0,22,0
SDRE02192,IMRAN ENTERPRISE (RSDI205),15,0,15,0,15,0,14,0,14,0,14,0,14,0,17,0,17,0,17,0,17,0,17,0
SDRE02490,ROMONA ENTERPRISE(RSDR181),25,0,25,0,25,0,23,0,23,0,23,0,23,0,27,0,27,0,27,0,27,0,27,0
SDRE04695,SARKAR BUILDERS(RSDS638),40,0,40,0,40,0,36,0,36,0,36,0,36,0,44,0,44,0,44,0,44,0,44,0
SDRE06659,MAA ENTERPRISE (KOTWALI)(RSDM601),30,0,30,0,30,0,27,0,27,0,27,0,27,0,33,0,33,0,33,0,33,0,33,0
SDRE06899,REZIA ENTERPRISE(RSDR687),35,0,35,0,35,0,32,0,32,0,32,0,32,0,38,0,38,0,38,0,38,0,38,0
SDRE02100,CHANDA ENTERPRISE(RSDC180),35,0,35,0,35,0,32,0,32,0,32,0,32,0,38,0,38,0,38,0,38,0,38,0
SDRE06080,MADAN MOHAN ENTERPRISE (RSDM397),50,0,50,0,50,0,45,0,45,0,45,0,45,0,54,0,54,0,54,0,54,0,54,0
SDRE02134,MAYA ENTERPRISE(RSDM381),40,0,40,0,40,0,36,0,36,0,36,0,36,0,44,0,44,0,44,0,44,0,44,0
SDRE02062,BARMAN ENTERPRISE (CHOUDHRIHAT) (RSDB345),10,0,10,0,10,0,9,0,9,0,9,0,9,0,11,0,11,0,11,0,11,0,11,0
SDRE02258,GANESH BUILDERS (RSDG292),10,0,10,0,10,0,9,0,9,0,9,0,9,0,11,0,11,0,11,0,11,0,11,0
SDRE02464,RAHUL SARKAR (RSDR281),30,0,30,0,30,0,27,0,27,0,27,0,27,0,33,0,33,0,33,0,33,0,33,0
SDRE05967,DAS TRADERS(RSDD171),70,0,70,0,70,0,63,0,63,0,63,0,63,0,76,0,76,0,76,0,76,0,76,0
SDRE06047,NIRMAN HARDWARE (RSDN277),32,0,32,0,32,0,29,0,29,0,29,0,29,0,35,0,35,0,35,0,35,0,35,0
SDRE06071,SUROJ HARDWARE (RSDS367),70,0,70,0,70,0,63,0,63,0,63,0,63,0,76,0,76,0,76,0,76,0,76,0
SDRE06248,HAQUE STORES (RSDH448),40,0,40,0,40,0,36,0,36,0,36,0,36,0,44,0,44,0,44,0,44,0,44,0
SDRE06373,HYDROLICK BLOCK FACTORY(RSDH486),45,0,45,0,45,0,41,0,41,0,41,0,41,0,49,0,49,0,49,0,49,0,49,0
SDRE06549,PAUL CONCRETE INDUSTRIES(RSDP572),20,0,20,0,20,0,18,0,18,0,18,0,18,0,22,0,22,0,22,0,22,0,22,0
SDRE06658,MOLLIK ENTERPRISE(RSDM600),10,0,10,0,10,0,9,0,9,0,9,0,9,0,11,0,11,0,11,0,11,0,11,0
SDRE06845,MIM ENTERPRISE(RSDM655),20,0,20,0,20,0,18,0,18,0,18,0,18,0,22,0,22,0,22,0,22,0,22,0
SDRE06846,ADHIKARY ENTERPRISE (DINHATA)(RSDA656),25,0,25,0,25,0,23,0,23,0,23,0,23,0,27,0,27,0,27,0,27,0,27,0
SDRE06858,RAISA HARDWARE STORES(RSDR672),25,0,25,0,25,0,23,0,23,0,23,0,23,0,27,0,27,0,27,0,27,0,27,0
SDRE02023,ABDUL LATIF MIYA (RSDA251),30,0,30,0,30,0,27,0,27,0,27,0,27,0,33,0,33,0,33,0,33,0,33,0
SDRE02338,MANDAL ODDER SUPPLIERS (RSDM201),25,0,25,0,25,0,23,0,23,0,23,0,23,0,27,0,27,0,27,0,27,0,27,0
SDRE02616,SWEETY HARDWARE (RSDS297),25,0,25,0,25,0,23,0,23,0,23,0,23,0,27,0,27,0,27,0,27,0,27,0
SDRE06013,BROTHERS ENTERPRISE(RSDB176),35,0,35,0,35,0,32,0,32,0,32,0,32,0,38,0,38,0,38,0,38,0,38,0
SDRE06898,RUBI ENTERPRISE(RSDR686),10,0,10,0,10,0,9,0,9,0,9,0,9,0,11,0,11,0,11,0,11,0,11,0
SDRE06900,B.D ENTERPRISE(RSDB688),10,0,10,0,10,0,9,0,9,0,9,0,9,0,11,0,11,0,11,0,11,0,11,0
SDRE06901,NURJAMAL MIAH(RSDN689),20,0,20,0,20,0,18,0,18,0,18,0,18,0,22,0,22,0,22,0,22,0,22,0
SDRE02440,PUJA ENTERPRISE (RSDP360),35,0,35,0,35,0,32,0,32,0,32,0,32,0,38,0,38,0,38,0,38,0,38,0
SDRE02625,TIP TOP HARDWARE (RSDT435),20,0,20,0,20,0,18,0,18,0,18,0,18,0,22,0,22,0,22,0,22,0,22,0
SDRE03801,MAA DURGA ENTERPRISE (RSDM250),70,0,70,0,70,0,63,0,63,0,63,0,63,0,76,0,76,0,76,0,76,0,76,0
SDRE05412,SAHA HARDWARE (RSDS276),45,0,45,0,45,0,41,0,41,0,41,0,41,0,49,0,49,0,49,0,49,0,49,0
SDRE05431,MAA LAXMI HARDWARES (RSDM334),40,0,40,0,40,0,36,0,36,0,36,0,36,0,44,0,44,0,44,0,44,0,44,0
SDRE05510,JOY GURU HARDWARE STORES(RSDJ233),25,0,25,0,25,0,23,0,23,0,23,0,23,0,27,0,27,0,27,0,27,0,27,0
SDRE05559,PRABHU JAGAT BANDHU ENTERPRISE (RSDP370),30,0,30,0,30,0,27,0,27,0,27,0,27,0,33,0,33,0,33,0,33,0,33,0
SDRE05625,GHOSH ENTERPRISE (COOCHBIHAR) (RSDG395),30,0,30,0,30,0,27,0,27,0,27,0,27,0,33,0,33,0,33,0,33,0,33,0
SDRE06421,RADHA GOBINDA STUDIO & STORES(RSDR526),55,0,55,0,55,0,50,0,50,0,50,0,50,0,60,0,60,0,60,0,60,0,60,0
SDRE06510,BARMAN HARDWARE STORE(RSDB559),20,0,20,0,20,0,18,0,18,0,18,0,18,0,22,0,22,0,22,0,22,0,22,0
SDRE02257,ADHIKARI ENTERPRISE(RSDA732),35,0,35,0,35,0,32,0,32,0,32,0,32,0,38,0,38,0,38,0,38,0,38,0
SDRE07052,MAA KALI BUILDERS (BOXIRHAT)(RSDM756),15,0,15,0,15,0,14,0,14,0,14,0,14,0,17,0,17,0,17,0,17,0,17,0
SDRE07051,BHARAT HARDWARE (BOXIRHAT)(RSDB755),12,0,12,0,12,0,11,0,11,0,11,0,11,0,13,0,13,0,13,0,13,0,13,0
SDRE06843,ADHIKARY ENTERPRISE(RSDA652),31,0,31,0,31,0,28,0,28,0,28,0,28,0,34,0,34,0,34,0,34,0,34,0
SDRE07055,KHUSBU HARDWARE(RSDK759),10,0,10,0,10,0,9,0,9,0,9,0,9,0,11,0,11,0,11,0,11,0,11,0
SDRE06844,BHARAT CHANDRA BARMAN(RSDB653),45,0,45,0,45,0,41,0,41,0,41,0,41,0,49,0,49,0,49,0,49,0,49,0
SDRE06902,TUHIN HARDWARE & HAZRA ENTERPRISE(RSDT690),10,0,10,0,10,0,9,0,9,0,9,0,9,0,11,0,11,0,11,0,11,0,11,0
SDRE02415,PARESH BAISHYA (RSDP244),30,0,30,0,30,0,27,0,27,0,27,0,27,0,33,0,33,0,33,0,33,0,33,0
SDRE02417,PARIMAL SAHA (RSDP248),80,0,80,0,80,0,72,0,72,0,72,0,72,0,87,0,87,0,87,0,87,0,87,0
SDRE02432,CHARUBALA HARDWARE (RSDC354),60,0,60,0,60,0,54,0,54,0,54,0,54,0,65,0,65,0,65,0,65,0,65,0
SDRE02458,PRAFULLA HARDWARE (RSDP247),40,0,40,0,40,0,36,0,36,0,36,0,36,0,44,0,44,0,44,0,44,0,44,0
SDRE02566,SHIVAM HARDWARE (RSDS202),65,0,65,0,65,0,59,0,59,0,59,0,59,0,71,0,71,0,71,0,71,0,71,0
SDRE06049,SAHA TRADERS (RSDS284),35,0,35,0,35,0,32,0,32,0,32,0,32,0,38,0,38,0,38,0,38,0,38,0
SDRE06745,MAA DURGA ENTERPRISE (GHOKSADANGA)(RSDM620),40,0,40,0,40,0,36,0,36,0,36,0,36,0,44,0,44,0,44,0,44,0,44,0
SDRE02492,ROY ENTERPRISE (MEKHLIGANJ)(RSDR735),35,0,35,0,35,0,32,0,32,0,32,0,32,0,38,0,38,0,38,0,38,0,38,0
SDRE06867,ROUTH HARDWARE(RSDR679),20,0,20,0,20,0,18,0,18,0,18,0,18,0,22,0,22,0,22,0,22,0,22,0
SDRE06868,DESHBANDHU ENTERPRISE(RSDD680),20,0,20,0,20,0,18,0,18,0,18,0,18,0,22,0,22,0,22,0,22,0,22,0
SDRE03833,SONU ENTERPRISE (RSDS412),25,0,25,0,25,0,23,0,23,0,23,0,23,0,27,0,27,0,27,0,27,0,27,0
SDRE07069,LIPI HARDWARE(RSDL760),15,0,15,0,15,0,14,0,14,0,14,0,14,0,17,0,17,0,17,0,17,0,17,0
SDRE02259,DEY ENTERPRISE (RSDD390),10,0,10,0,10,0,9,0,9,0,9,0,9,0,11,0,11,0,11,0,11,0,11,0
SDRE02377,NAGEN ROY (RSDN388),20,0,20,0,20,0,18,0,18,0,18,0,18,0,22,0,22,0,22,0,22,0,22,0
SDRE03798,R.K.HARDWARE (RSDR352),40,0,40,0,40,0,36,0,36,0,36,0,36,0,44,0,44,0,44,0,44,0,44,0
SDRE04706,MAA BAGESHWARI ENTERPRISE (RSDM396),15,0,15,0,15,0,14,0,14,0,14,0,14,0,17,0,17,0,17,0,17,0,17,0
SDRE05492,DIP POLE AND RING FACTORY (RSDD229),15,0,15,0,15,0,14,0,14,0,14,0,14,0,17,0,17,0,17,0,17,0,17,0
SDRE05543,BARMAN STOCK DEPOT (RSDB221),10,0,10,0,10,0,9,0,9,0,9,0,9,0,11,0,11,0,11,0,11,0,11,0
SDRE05546,RAMESH ROY (RSDR402),25,0,25,0,25,0,23,0,23,0,23,0,23,0,27,0,27,0,27,0,27,0,27,0
SDRE06082,DAS ENTERPRISE (KHARIJA KAKRIBARI) (RSDD401),10,0,10,0,10,0,9,0,9,0,9,0,9,0,11,0,11,0,11,0,11,0,11,0
SDRE06153,HITENDRA NATH ROY (RSDH224),15,0,15,0,15,0,14,0,14,0,14,0,14,0,17,0,17,0,17,0,17,0,17,0
SDRE06412,ROY HARDWARE & ELECTRICS(RSDR522),10,0,10,0,10,0,9,0,9,0,9,0,9,0,11,0,11,0,11,0,11,0,11,0
SDRE06548,DAS ENTERPRISE (PUNDIBARI)(RSDD571),30,0,30,0,30,0,27,0,27,0,27,0,27,0,33,0,33,0,33,0,33,0,33,0
SDRE04692,LOKNATH ENTERPRISE (RSDL387),5,0,5,0,5,0,5,0,5,0,5,0,5,0,6,0,6,0,6,0,6,0,6,0
SDRE02424,PAUL STORES(RSDP431),20,0,20,0,20,0,18,0,18,0,18,0,18,0,22,0,22,0,22,0,22,0,22,0
SDRE06046,PAUL ENTERPRISE (KOTWALI) (RSDP257),30,0,30,0,30,0,27,0,27,0,27,0,27,0,33,0,33,0,33,0,33,0,33,0
SDRE06750,ANSHURA ENTERPRISE(RSDA626),15,0,15,0,15,0,14,0,14,0,14,0,14,0,17,0,17,0,17,0,17,0,17,0
SDRE06930,ROUSAN ENTERPRISE (KOTWALI)(RSDR707),10,0,10,0,10,0,9,0,9,0,9,0,9,0,11,0,11,0,11,0,11,0,11,0
SDRE02096,CEMENT HOUSE (JALPAIGURI) (RSDC415),90,0,85,0,80,0,75,0,75,0,75,0,85,0,96,0,96,0,106,0,96,0,128,0
SDRE02396,NIRMAL AGARWAL (RSDN416),50,0,48,0,45,0,42,0,42,0,42,0,48,0,53,0,53,0,59,0,53,0,71,0
SDRE02407,OM PRAKASH GUPTA (RSDO417),60,0,57,0,53,0,50,0,50,0,50,0,57,0,64,0,64,0,71,0,64,0,85,0
SDRE02617,T.R.ENTERPRISE(RSDT091),60,0,57,0,53,0,50,0,50,0,50,0,57,0,64,0,64,0,71,0,64,0,85,0
SDRE02456,FIVE STAR SUPPLIER(RSDF714),40,0,38,0,36,0,34,0,34,0,34,0,38,0,44,0,44,0,48,0,44,0,58,0
SDRE02481,RATAN HARDWARE(RSDR406),40,0,38,0,36,0,33,0,33,0,33,0,38,0,43,0,43,0,48,0,43,0,57,0
SDRE06552,SOVA HARDWARE (BHAKTINAGAR)(RSDS576),45,0,43,0,40,0,38,0,38,0,38,0,43,0,48,0,48,0,53,0,48,0,64,0
SDRE06743,TUSHAR AGARWAL(RSDT614),25,0,24,0,23,0,21,0,21,0,21,0,24,0,27,0,27,0,30,0,27,0,36,0
SDRE02175,HAREN CHANDRA DAS(RSDH578),20,0,19,0,18,0,17,0,17,0,17,0,19,0,22,0,22,0,24,0,22,0,29,0
SDRE02397,NIRMAN INDIA(RSDM610),20,0,19,0,18,0,17,0,17,0,17,0,19,0,22,0,22,0,24,0,22,0,29,0
SDRE03953,ABUL HOSSAIN(RSDA646),20,0,19,0,18,0,17,0,17,0,17,0,19,0,22,0,22,0,24,0,22,0,29,0
SDRE04721,ALAMGIR CHOUDHARY(RSDA595),40,0,38,0,36,0,33,0,33,0,33,0,38,0,43,0,43,0,48,0,43,0,57,0
SDRE06084,SALEMAN HARDWARE (RSDS469),40,0,38,0,36,0,33,0,33,0,33,0,38,0,43,0,43,0,48,0,43,0,57,0
SDRE06458,HAIDAR ALI(RSDH542),35,0,33,0,31,0,29,0,29,0,29,0,33,0,38,0,38,0,42,0,38,0,50,0
SDRE06555,JOY GURU HARDWARE (BHAKTINAGAR)(RSDJ581),30,0,29,0,27,0,25,0,25,0,25,0,29,0,32,0,32,0,36,0,32,0,43,0
SDRE06915,AMINUR AHAMED(RSDA701),70,0,66,0,62,0,58,0,58,0,58,0,66,0,75,0,75,0,83,0,75,0,99,0
SDRE05613,M.M. HARDWARE(RSDM725),35,0,33,0,31,0,29,0,29,0,29,0,33,0,38,0,38,0,42,0,38,0,50,0
SDRE02077,DEBABRATA BHOWMIK(RSDD008),20,0,19,0,18,0,17,0,17,0,17,0,19,0,22,0,22,0,24,0,22,0,29,0
SDRE02111,CONCRETE CORNER(RSDC039),20,0,19,0,18,0,17,0,17,0,17,0,19,0,22,0,22,0,24,0,22,0,29,0
SDRE02209,JOGAMAYA ENTERPRISE(RSDJ121),25,0,24,0,23,0,21,0,21,0,21,0,24,0,27,0,27,0,30,0,27,0,36,0
SDRE02246,RAJU PAUL(RSDR481),25,0,24,0,23,0,21,0,21,0,21,0,24,0,27,0,27,0,30,0,27,0,36,0
SDRE02411,BEJEN ROY(RSDB060),20,0,19,0,18,0,17,0,17,0,17,0,19,0,22,0,22,0,24,0,22,0,29,0
SDRE02586,ROHIT ENTERPRISE(RSDM612),15,0,15,0,14,0,13,0,13,0,13,0,15,0,16,0,16,0,18,0,16,0,22,0
SDRE03928,SUBRATA BAIDYA(RSDS046),35,0,33,0,31,0,29,0,29,0,29,0,33,0,38,0,38,0,42,0,38,0,50,0
SDRE02030,A.S.ENTERPRISE(RSDA133),25,0,24,0,23,0,21,0,21,0,21,0,24,0,27,0,27,0,30,0,27,0,36,0
SDRE02065,BASAK ENTERPRISE(RSDB037),15,0,15,0,14,0,13,0,13,0,13,0,15,0,16,0,16,0,18,0,16,0,22,0
SDRE02285,MAA ENTERPRISE(RSDM132),35,0,33,0,31,0,29,0,29,0,29,0,33,0,38,0,38,0,42,0,38,0,50,0
SDRE02303,MAA ENTERPRISE (SILIGURI)(RSDM615),25,0,24,0,23,0,21,0,21,0,21,0,24,0,27,0,27,0,30,0,27,0,36,0
SDRE02330,MAJUMDER ENTERPRISE(RSDM611),25,0,24,0,23,0,21,0,21,0,21,0,24,0,27,0,27,0,30,0,27,0,36,0
SDRE02427,PODDER ENTERPRISE(RSDP134),40,0,38,0,36,0,33,0,33,0,33,0,38,0,43,0,43,0,48,0,43,0,57,0
SDRE02584,SOVA ENTERPRISE(RSDS490),15,0,15,0,14,0,13,0,13,0,13,0,15,0,16,0,16,0,18,0,16,0,22,0
SDRE02598,SUDHANGSHU SAHA(RSDS040),30,0,29,0,27,0,25,0,25,0,25,0,29,0,32,0,32,0,36,0,32,0,43,0
SDRE02631,TULSHI TRADERS(RSDT424),40,0,38,0,36,0,33,0,33,0,33,0,38,0,43,0,43,0,48,0,43,0,57,0
SDRE03859,PAUL HARDWARE (MALBAZAR)(RSDP613),80,0,76,0,71,0,66,0,66,0,66,0,76,0,85,0,85,0,95,0,85,0,113,0
SDRE05960,LOKENATH ENTERPRISE(RSDL125),40,0,38,0,36,0,33,0,33,0,33,0,38,0,43,0,43,0,48,0,43,0,57,0
SDRE06643,RADHA GOBINDA HARDWARE (GHOGOMALI)(RSDR602),25,0,24,0,23,0,21,0,21,0,21,0,24,0,27,0,27,0,30,0,27,0,36,0
SDRE06778,NEW SHIBTOSH ENTERPRISE(RSDN632),20,0,19,0,18,0,17,0,17,0,17,0,19,0,22,0,22,0,24,0,22,0,29,0
SDRE02015,ANJALI HARDWARE(RSDA543),15,0,15,0,14,0,13,0,13,0,13,0,15,0,16,0,16,0,18,0,16,0,22,0
SDRE02089,KOUSHIK BISWAS(RSDK502),30,0,29,0,27,0,25,0,25,0,25,0,29,0,32,0,32,0,36,0,32,0,43,0
SDRE02138,DILIP NANDI(RSDD028),40,0,38,0,36,0,33,0,33,0,33,0,38,0,43,0,43,0,48,0,43,0,57,0
SDRE02163,GHOSH ENTERPRISE(RSDG051),20,0,19,0,18,0,17,0,17,0,17,0,19,0,22,0,22,0,24,0,22,0,29,0
SDRE02273,MAA BHANDANI HARDWARE(RSDM030),20,0,19,0,18,0,17,0,17,0,17,0,19,0,22,0,22,0,24,0,22,0,29,0
SDRE02284,SUNIL MORE(RSDS049),35,0,33,0,31,0,29,0,29,0,29,0,33,0,38,0,38,0,42,0,38,0,50,0
SDRE02328,GOPAL MAZUMDAR(RSDG083),40,0,38,0,36,0,33,0,33,0,33,0,38,0,43,0,43,0,48,0,43,0,57,0
SDRE02374,A.M ENTERPRISE(RSDA087),15,0,15,0,14,0,13,0,13,0,13,0,15,0,16,0,16,0,18,0,16,0,22,0
SDRE02425,PAUL BROTHERS(RSDM027),100,0,95,0,89,0,83,0,83,0,83,0,95,0,106,0,106,0,118,0,106,0,142,0
SDRE02443,BALAJI HARDWARE (RSDB398),20,0,19,0,18,0,17,0,17,0,17,0,19,0,22,0,22,0,24,0,22,0,29,0
SDRE02600,SUDHIR SHIL(RSDS047),80,0,76,0,71,0,66,0,66,0,66,0,76,0,85,0,85,0,95,0,85,0,113,0
SDRE04408,PANKAJ KUMAR AGARWAL(RSDP673),30,0,29,0,27,0,25,0,25,0,25,0,29,0,32,0,32,0,36,0,32,0,43,0
SDRE05467,RADHA GOBINDA ENTERPRISE(RSDR029),40,0,38,0,36,0,33,0,33,0,33,0,38,0,43,0,43,0,48,0,43,0,57,0
SDRE02211,JYOTI CYCLE AND HARDWARE(RSDJ082),25,0,24,0,23,0,21,0,21,0,21,0,24,0,27,0,27,0,30,0,27,0,36,0
SDRE02146,DUTTA HARDWARE (MAYNAGURI)(RSDD787),20,0,20,0,18,0,18,0,18,0,18,0,20,0,22,0,22,0,24,0,22,0,30,0
SDRE02578,SHIV SANKAR HARDWARE(RSDS780),30,0,30,0,28,0,26,0,26,0,26,0,30,0,32,0,32,0,36,0,32,0,44,0
SDRE06163,BISWANATH ROY(RSDB779),60,0,58,0,54,0,50,0,50,0,50,0,58,0,64,0,64,0,72,0,64,0,86,0
SDRE06877,TAPAS RAY (MAYNAGURI)(RSDT772),80,0,76,0,72,0,66,0,66,0,66,0,76,0,86,0,86,0,96,0,86,0,114,0
SDRE02061,BARAI HARDWARE(RSDB145),30,0,29,0,27,0,25,0,25,0,25,0,29,0,32,0,32,0,36,0,32,0,43,0
SDRE02384,NATH ENTERPRISE(RSDN021),30,0,29,0,27,0,25,0,25,0,25,0,29,0,32,0,32,0,36,0,32,0,43,0
SDRE02009,AKRITI HARDWARE(RSDA064),40,0,38,0,36,0,33,0,33,0,33,0,38,0,43,0,43,0,48,0,43,0,57,0
SDRE02013,ANJALI ENTERPRISE(RSDA135),50,0,48,0,45,0,42,0,42,0,42,0,48,0,53,0,53,0,59,0,53,0,71,0
SDRE02032,ASHIM HARDWARE (RSDA239),50,0,48,0,45,0,42,0,42,0,42,0,48,0,53,0,53,0,59,0,53,0,71,0
SDRE02047,BABA LOKENATH METAL AND HARDWARE(RSDB079),50,0,48,0,45,0,42,0,42,0,42,0,48,0,53,0,53,0,59,0,53,0,71,0
SDRE02074,BHAWANI HARDWRARE (RSDB340),40,0,38,0,36,0,33,0,33,0,33,0,38,0,43,0,43,0,48,0,43,0,57,0
SDRE02155,GANESH BHANDAR(RSDG033),60,400,57,0,53,0,50,0,50,0,50,0,57,0,64,0,64,0,71,0,64,0,85,0
SDRE02205,JAISWAL HARDWARE(RSDJ062),50,0,48,0,45,0,42,0,42,0,42,0,48,0,53,0,53,0,59,0,53,0,71,0
SDRE02228,KANCHAN ENTERPRISES(RSDM110),40,0,38,0,36,0,33,0,33,0,33,0,38,0,43,0,43,0,48,0,43,0,57,0
SDRE02247,LAXMI NARAYAN HARDWARE(RSDL057),45,0,43,0,40,0,38,0,38,0,38,0,43,0,48,0,48,0,53,0,48,0,64,0
SDRE02265,RANJIT BASAK(RSDM282),120,0,113,0,106,0,99,0,99,0,99,0,113,0,128,0,128,0,142,0,128,0,170,0
SDRE02337,MANDAL HARDWARE SHOP(RSDM139),40,0,38,0,36,0,33,0,33,0,33,0,38,0,43,0,43,0,48,0,43,0,57,0
SDRE02345,MANTHAN HARDWARE(RSDM056),50,0,48,0,45,0,42,0,42,0,42,0,48,0,53,0,53,0,59,0,53,0,71,0
SDRE02412,PANDU HARDWARE (RSDP442),25,0,24,0,23,0,21,0,21,0,21,0,24,0,27,0,27,0,30,0,27,0,36,0
SDRE02428,POUDEL HARDWARE & ELECTRICALS(RSDP405),60,0,57,0,53,0,50,0,50,0,50,0,57,0,64,0,64,0,71,0,64,0,85,0
SDRE02484,REBA ENTERPRISE(RSDR065),45,0,43,0,40,0,38,0,38,0,38,0,43,0,48,0,48,0,53,0,48,0,64,0
SDRE02498,ROY HARDWARE(RSDR043),45,0,43,0,40,0,38,0,38,0,38,0,43,0,48,0,48,0,53,0,48,0,64,0
SDRE02521,SAHA HARDWARE STORES (RSDS339),15,0,15,0,14,0,13,0,13,0,13,0,15,0,16,0,16,0,18,0,16,0,22,0
SDRE02542,SARKAR HARDWARE ENTERPRISE(RSDS061),35,0,33,0,31,0,29,0,29,0,29,0,33,0,38,0,38,0,42,0,38,0,50,0
SDRE02655,MAA DURGA HARDWARE(RSDM137),35,0,33,0,31,0,29,0,29,0,29,0,33,0,38,0,38,0,42,0,38,0,50,0
SDRE03851,BASANTI ENTERPRISE(RSDB070),45,0,43,0,40,0,38,0,38,0,38,0,43,0,48,0,48,0,53,0,48,0,64,0
SDRE04232,TARAI HARDWARE(RSDT054),70,400,66,0,62,0,58,0,58,0,58,0,66,0,75,0,75,0,83,0,75,0,99,0
SDRE04233,NANDI ENTERPRISE(RSDN052),80,0,76,0,71,0,66,0,66,0,66,0,76,0,85,0,85,0,95,0,85,0,113,0
SDRE04244,SUSHIL KUMAR MANDAL(RSDS022),50,400,48,0,45,0,42,0,42,0,42,0,48,0,53,0,53,0,59,0,53,0,71,0
SDRE04385,MAA TARA TRADING(RSDM068),30,0,29,0,27,0,25,0,25,0,25,0,29,0,32,0,32,0,36,0,32,0,43,0
SDRE04391,GITANJALI HARDWARE AND FURNITURE(RSDG055),80,0,76,0,71,0,66,0,66,0,66,0,76,0,85,0,85,0,95,0,85,0,113,0
SDRE05500,NANDI BHANDAR(RSDN067),60,0,57,0,53,0,50,0,50,0,50,0,57,0,64,0,64,0,71,0,64,0,85,0
SDRE06340,DEEP HARDWARE (RSDD466),35,0,33,0,31,0,29,0,29,0,29,0,33,0,38,0,38,0,42,0,38,0,50,0
SDRE02642,VARAITY HARDWARE STORE(RSDV506),35,0,33,0,31,0,29,0,29,0,29,0,33,0,38,0,38,0,42,0,38,0,50,0
SDRE05593,DAS HARDWARE(RSDD017),50,0,48,0,45,0,42,0,42,0,42,0,48,0,53,0,53,0,59,0,53,0,71,0
SDRE02426,PODDAR HARDWARE(RSDP157),45,0,43,0,40,0,38,0,38,0,38,0,43,0,48,0,48,0,53,0,48,0,64,0
SDRE02560,SHARMA HARDWARE SHOP(RSDS718),90,0,86,0,80,0,76,0,76,0,76,0,86,0,96,0,96,0,106,0,96,0,128,0
SDRE07073,BUILDERS STEEL CENTRE(RSDB768),25,0,24,0,23,0,21,0,21,0,21,0,24,0,27,0,27,0,30,0,27,0,36,0
SDRE04387,HUSSAIN HARDWARE(RSDH743),60,0,58,0,54,0,50,0,50,0,50,0,58,0,64,0,64,0,72,0,64,0,86,0
NSRE04350,PAWAN HARDWARE STORES(RSDP650),34,0,32,0,30,0,28,0,28,0,28,0,32,0,36,0,36,0,40,0,36,0,48,0
SDRE06640,SUBHASH CHANDRA RAY(RSDS589),32,0,31,0,29,0,27,0,27,0,27,0,31,0,34,0,34,0,38,0,34,0,46,0
SDRE06653,MIJANUR RAHAMAN(RSDM607),32,0,31,0,29,0,27,0,27,0,27,0,31,0,34,0,34,0,38,0,34,0,46,0
SDRE06746,MD ABID HOSSAIN(RSDM622),40,0,38,0,36,0,33,0,33,0,33,0,38,0,43,0,43,0,48,0,43,0,57,0
SDRE06747,SAHARUL HOQUE(RSDS623),21,0,20,0,19,0,18,0,18,0,18,0,20,0,23,0,23,0,25,0,23,0,30,0
SDRE06923,ROY'S HARDWARE SHOP(RSDR698),20,0,19,0,18,0,17,0,17,0,17,0,19,0,22,0,22,0,24,0,22,0,29,0
SDRE06794,KAILASH KARMAKAR(RSDK730),30,0,30,0,28,0,26,0,26,0,26,0,30,0,32,0,32,0,36,0,32,0,44,0
SDRE03931,DEEPITA ENTERPRISE (RSDD439),30,0,29,0,27,0,25,0,25,0,25,0,29,0,32,0,32,0,36,0,32,0,43,0
SDRE05615,NEW MANDAL ENTERPRISE(RSDN018),25,0,24,0,23,0,21,0,21,0,21,0,24,0,27,0,27,0,30,0,27,0,36,0
SDRE02151,FOURMEN HARDWARE SHOP (RSDF476),35,0,33,0,31,0,29,0,29,0,29,0,33,0,38,0,38,0,42,0,38,0,50,0
SDRE02221,KABIRAJ ENTERPRISE (RSDK399),15,0,15,0,14,0,13,0,13,0,13,0,15,0,16,0,16,0,18,0,16,0,22,0
SDRE02637,UNITY ENTERPRISE(RSDU149),15,0,15,0,14,0,13,0,13,0,13,0,15,0,16,0,16,0,18,0,16,0,22,0
SDRE02195,JOGESWAR ROY (RSDJ438),15,0,15,0,14,0,13,0,13,0,13,0,15,0,16,0,16,0,18,0,16,0,22,0
SDRE02438,PRAMILA HARDWARE & STORES (RSDP460),15,0,15,0,14,0,13,0,13,0,13,0,15,0,16,0,16,0,18,0,16,0,22,0
NSRE04374,RAKESH ENTERPRISE(RSDR567),25,0,24,0,23,0,21,0,21,0,21,0,24,0,27,0,27,0,30,0,27,0,36,0
NSRE04385,RANI SATI ENTERPRISES(RSDR077),35,0,33,0,31,0,29,0,29,0,29,0,33,0,38,0,38,0,42,0,38,0,50,0
SDRE02084,SIKDAR ENTERPRISE(RSDS101),60,0,57,0,53,0,50,0,50,0,50,0,57,0,64,0,64,0,71,0,64,0,85,0
SDRE02547,SARADA STORES(RSDS003),70,0,66,0,62,0,58,0,58,0,58,0,66,0,75,0,75,0,83,0,75,0,99,0
SDRE03847,ARNAV BUILDERS(RSDA106),35,0,33,0,31,0,29,0,29,0,29,0,33,0,38,0,38,0,42,0,38,0,50,0
SDRE04713,MANDAL FURNITURE & HARDWARE(RSDM044),50,0,48,0,45,0,42,0,42,0,42,0,48,0,53,0,53,0,59,0,53,0,71,0
SDRE05599,GANESH STEEL SYNDICATE(RSDG124),55,0,52,0,49,0,46,0,46,0,46,0,52,0,59,0,59,0,65,0,59,0,78,0
SDRE02174,GUPTA HARDWARE(RSDG009),120,0,113,0,106,0,99,0,99,0,99,0,113,0,128,0,128,0,142,0,128,0,170,0
SDRE02199,JAGANNATH SHIV KUMAR(RSDJ557),50,0,48,0,45,0,42,0,42,0,42,0,48,0,53,0,53,0,59,0,53,0,71,0
SDRE02590,SREE GURU HARDWARE (RSDS332),20,0,19,0,18,0,17,0,17,0,17,0,19,0,22,0,22,0,24,0,22,0,29,0
SDRE03945,SATYA BUILDERS(RSDS100),29,0,28,0,26,0,24,0,24,0,24,0,28,0,31,0,31,0,35,0,31,0,41,0
SDRE03948,ROY ENTERPRISE(RSDR122),30,0,29,0,27,0,25,0,25,0,25,0,29,0,32,0,32,0,36,0,32,0,43,0
SDRE06556,RAJ KUMAR JAIN(RSDR582),50,0,48,0,45,0,42,0,42,0,42,0,48,0,53,0,53,0,59,0,53,0,71,0
SDRE06958,GANPATI ENTERPRISE(RSDG715),80,0,76,0,71,0,66,0,66,0,66,0,76,0,85,0,85,0,95,0,85,0,113,0
SDRE07056,DURGA HARDWARE(RSDD752),120,0,113,0,106,0,99,0,99,0,99,0,113,0,128,0,128,0,142,0,128,0,170,0
NSRE04390,ROY HARDWARE STORES(RSDR709),25,0,24,0,23,0,21,0,21,0,21,0,24,0,27,0,27,0,30,0,27,0,36,0
SDRE04250,AJIT KUMAR BAKSHI(RSDA739),20,0,19,0,18,0,17,0,17,0,17,0,19,0,22,0,22,0,24,0,22,0,29,0
SDRE02038,B.K. HARDWARE(RSDB081),17,0,16,0,15,0,14,0,14,0,14,0,16,0,18,0,18,0,20,0,18,0,24,0
SDRE02110,MAHSIN ALAM REZA(RSDM112),17,0,16,0,15,0,14,0,14,0,14,0,16,0,18,0,18,0,20,0,18,0,24,0
SDRE02593,SUBHAM TRADERS(RSDS084),17,0,16,0,15,0,14,0,14,0,14,0,16,0,18,0,18,0,20,0,18,0,24,0
SDRE05631,SUBASH HARDWARWE(RSDS116),17,0,16,0,15,0,14,0,14,0,14,0,16,0,18,0,18,0,20,0,18,0,24,0
SDRE06712,BHAGIRATHI ENTERPRISE(RSDB609),34,0,32,0,30,0,28,0,28,0,28,0,32,0,36,0,36,0,40,0,36,0,48,0
SDRE06791,BAJRANG TRADING CO.(RSDB644),34,0,32,0,30,0,28,0,28,0,28,0,32,0,36,0,36,0,40,0,36,0,48,0
SDRE06792,ROCKEY SHARMA(RSDR645),17,0,16,0,15,0,14,0,14,0,14,0,16,0,18,0,18,0,20,0,18,0,24,0
SDRE06957,SHREE SHYAM HARDWARE (MAL)(RSDS713),17,0,16,0,15,0,14,0,14,0,14,0,16,0,18,0,18,0,20,0,18,0,24,0
SDRE02028,PAUL ENTERPRISE(RSDP161),35,0,33,0,31,0,29,0,29,0,29,0,33,0,38,0,38,0,42,0,38,0,50,0
SDRE02282,DILIP SARKAR(RSDD488),40,0,38,0,36,0,33,0,33,0,33,0,38,0,43,0,43,0,48,0,43,0,57,0
SDRE03880,PAUL HARDWARE(RSDP162),30,0,29,0,27,0,25,0,25,0,25,0,29,0,32,0,32,0,36,0,32,0,43,0
SDRE02376,N.K HARDWARE (RSDN392),100,0,95,0,89,0,83,0,83,0,83,0,95,0,106,0,106,0,118,0,106,0,142,0
SDRE03882,RAJESH GUPTA(RSDR142),70,0,66,0,62,0,58,0,58,0,58,0,66,0,75,0,75,0,83,0,75,0,99,0
SDRE03956,NIRANJAN KANWAR(RSDN513),110,0,104,0,98,0,91,0,91,0,91,0,104,0,117,0,117,0,130,0,117,0,156,0
SDRE03957,PRASAD HARDWARE(RSDP143),140,0,132,0,124,0,116,0,116,0,116,0,132,0,149,0,149,0,165,0,149,0,198,0
SDRE03958,DEEPAK HARDWARE (RSDD391),40,0,38,0,36,0,33,0,33,0,33,0,38,0,43,0,43,0,48,0,43,0,57,0
SDRE05898,PRAMOD HARDWARE(RSDP603),50,0,48,0,45,0,42,0,42,0,42,0,48,0,53,0,53,0,59,0,53,0,71,0
SDRE04213,HANUMAN HARDWARE STORE (SUKHIAPOKRI)(RSDH621),20,0,19,0,18,0,17,0,17,0,17,0,19,0,22,0,22,0,24,0,22,0,29,0
SDRE02235,KIRAN ENTERPRISES(RSDK103),20,0,19,0,18,0,17,0,17,0,17,0,19,0,22,0,22,0,24,0,22,0,29,0
SDRE03850,RITA SINGH(RSDR102),30,0,29,0,27,0,25,0,25,0,25,0,29,0,32,0,32,0,36,0,32,0,43,0
SDRE02043,BABA LOKNATH HARDWARE(RSDB086),20,0,19,0,18,0,17,0,17,0,17,0,19,0,22,0,22,0,24,0,22,0,29,0
SDRE02140,DIPAK STORES(RSDD089),40,0,38,0,36,0,33,0,33,0,33,0,38,0,43,0,43,0,48,0,43,0,57,0
SDRE02240,KUNDU ENTERPRISE(RSDM096),20,0,19,0,18,0,17,0,17,0,17,0,19,0,22,0,22,0,24,0,22,0,29,0
SDRE02554,RAJESH SETHI(RSDR113),25,0,24,0,23,0,21,0,21,0,21,0,24,0,27,0,27,0,30,0,27,0,36,0
SDRE02331,BAPI MAJUMDAR(RSDB785),30,0,30,0,28,0,26,0,26,0,26,0,30,0,32,0,32,0,36,0,32,0,44,0
SDRE05509,MAA SHANTI HARDWARE & STORE(RSDM058),25,0,24,0,23,0,21,0,21,0,21,0,24,0,27,0,27,0,30,0,27,0,36,0
SDRE06748,BAJRANG TRADERS (BHAKTINAGAR)(RSDB624),25,0,24,0,23,0,21,0,21,0,21,0,24,0,27,0,27,0,30,0,27,0,36,0
SDRE06790,CHETTRI HARDWARE(RSDC642),180,0,170,0,159,0,149,0,149,0,149,0,170,0,191,0,191,0,212,0,191,0,255,0
SDRE06869,SHIV SHAKTI SUPPLIERS(RSDS681),60,0,57,0,53,0,50,0,50,0,50,0,57,0,64,0,64,0,71,0,64,0,85,0
SDRE02244,LAKHOTIA VARIETY STORE (RSDL441),65,0,62,0,58,0,54,0,54,0,54,0,62,0,69,0,69,0,77,0,69,0,92,0
SDRE06987,PRADHAN STORE(RSDP729),80,0,76,0,71,0,66,0,66,0,66,0,76,0,85,0,85,0,95,0,85,0,113,0
SDRE02040,BABA LOKNATH HARDWARES(RSDB085),35,0,33,0,31,0,29,0,29,0,29,0,33,0,38,0,38,0,42,0,38,0,50,0
SDRE02170,SHRI SHRI GOUR GOBINDA VARIETIES STORES(RSDS025),20,0,19,0,18,0,17,0,17,0,17,0,19,0,22,0,22,0,24,0,22,0,29,0
SDRE02206,JALDHAKA HARDWARE STORES(RSDJ094),25,0,24,0,23,0,21,0,21,0,21,0,24,0,27,0,27,0,30,0,27,0,36,0
SDRE02281,MA KALI STORES(RSDM026),40,0,38,0,36,0,33,0,33,0,33,0,38,0,43,0,43,0,48,0,43,0,57,0
SDRE03909,ROY INDUSTRIES(RSDR050),10,0,10,0,9,0,9,0,9,0,9,0,10,0,11,0,11,0,12,0,11,0,15,0
SDRE04249,KRISHNA INDUSTRIES(RSDK023),10,0,10,0,9,0,9,0,9,0,9,0,10,0,11,0,11,0,12,0,11,0,15,0
SDRE02067,BASUNIA ENTERPRISE(RSDB131),40,0,38,0,36,0,33,0,33,0,33,0,38,0,43,0,43,0,48,0,43,0,57,0
SDRE02271,TAPAN KUMAR DUTTA(RSDT099),20,0,19,0,18,0,17,0,17,0,17,0,19,0,22,0,22,0,24,0,22,0,29,0
SDRE02278,BASUDEB ROY(RSDB115),50,0,48,0,45,0,42,0,42,0,42,0,48,0,53,0,53,0,59,0,53,0,71,0
SDRE02543,JAY GURU ENTERPRISE(RSDJ092),30,0,29,0,27,0,25,0,25,0,25,0,29,0,32,0,32,0,36,0,32,0,43,0
SDRE04251,CEMENT HOUSE (RSDC235),20,0,19,0,18,0,17,0,17,0,17,0,19,0,22,0,22,0,24,0,22,0,29,0
SDRE05477,SWAPAN GHOSH(RSDS130),55,0,52,0,49,0,46,0,46,0,46,0,52,0,59,0,59,0,65,0,59,0,78,0
SDRE05634,P.K. ENTERPRISE(RSDP606),35,0,33,0,31,0,29,0,29,0,29,0,33,0,38,0,38,0,42,0,38,0,50,0
SDRE06495,SHREE SAAWARIYA HARDWARE(RSDS551),30,0,29,0,27,0,25,0,25,0,25,0,29,0,32,0,32,0,36,0,32,0,43,0
SDRE06537,BROJENDRANATH BARMAN(RSDB564),35,0,33,0,31,0,29,0,29,0,29,0,33,0,38,0,38,0,42,0,38,0,50,0
NSRE04392,GOPAL CHANDRA ROY(RSDG498),20,0,19,0,18,0,17,0,17,0,17,0,19,0,22,0,22,0,24,0,22,0,29,0
NSRE04398,SADHANA HARDWARE(RSDS712),25,0,24,0,23,0,21,0,21,0,21,0,24,0,27,0,27,0,30,0,27,0,36,0
SDRE02102,NARAYAN DAS(RSDN534),30,0,29,0,27,0,25,0,25,0,25,0,29,0,32,0,32,0,36,0,32,0,43,0
SDRE06459,TIRUPATI ENTERPRISES(RSDT537),25,0,24,0,23,0,21,0,21,0,21,0,24,0,27,0,27,0,30,0,27,0,36,0
SDRE07024,M H ENTERPRIS SHOP(RSDM737),30,0,29,0,27,0,25,0,25,0,25,0,29,0,32,0,32,0,36,0,32,0,43,0
SDRE02041,BABA LOKNATH HARDWARE (JALPAIGURI)(RSDB129),20,0,19,0,18,0,17,0,17,0,17,0,19,0,22,0,22,0,24,0,22,0,29,0
SDRE02114,DADA BHAI SUPPLIERS(RSDD128),25,0,24,0,23,0,21,0,21,0,21,0,24,0,27,0,27,0,30,0,27,0,36,0
SDRE02210,JOLLY HARDWARE(RSDJ140),25,0,24,0,23,0,21,0,21,0,21,0,24,0,27,0,27,0,30,0,27,0,36,0
SDRE03920,PAUL HARDWARE (HALDIBARI) (RSDP234),20,0,19,0,18,0,17,0,17,0,17,0,19,0,22,0,22,0,24,0,22,0,29,0
SDRE04253,SAUGATA SEN(RSDS503),60,0,57,0,53,0,50,0,50,0,50,0,57,0,64,0,64,0,71,0,64,0,85,0
SDRE05429,SANGHAMIRA AGARWAL(RSDS151),25,0,24,0,23,0,21,0,21,0,21,0,24,0,27,0,27,0,30,0,27,0,36,0
SDRE05462,KARUNA HARDWARE(RSDK160),55,0,52,0,49,0,46,0,46,0,46,0,52,0,59,0,59,0,65,0,59,0,78,0
SDRE05622,PARESH BHOWMIK(RSDP515),25,0,24,0,23,0,21,0,21,0,21,0,24,0,27,0,27,0,30,0,27,0,36,0
SDRE05626,KALPANA AGENCY(RSDK141),25,0,24,0,23,0,21,0,21,0,21,0,24,0,27,0,27,0,30,0,27,0,36,0
SDRE05644,ROY CONSTRUCTION(RSDR117),30,0,29,0,27,0,25,0,25,0,25,0,29,0,32,0,32,0,36,0,32,0,43,0
SDRE05747,SHRI KRISHNA HARDWARE (RSDS394),45,0,43,0,40,0,38,0,38,0,38,0,43,0,48,0,48,0,53,0,48,0,64,0
SDRE05961,FAJLUL HAQUE(RSDF155),25,0,24,0,23,0,21,0,21,0,21,0,24,0,27,0,27,0,30,0,27,0,36,0
SDRE06376,BIPUL ROY(RSDB492),20,0,19,0,18,0,17,0,17,0,17,0,19,0,22,0,22,0,24,0,22,0,29,0
SDRE06413,MANJIT MALLIK(RSDM523),15,0,15,0,14,0,13,0,13,0,13,0,15,0,16,0,16,0,18,0,16,0,22,0
SDRE06553,OM HARDWARE STORE(RSDO577),10,0,10,0,9,0,9,0,9,0,9,0,10,0,11,0,11,0,12,0,11,0,15,0
SDRE06932,DAS HARDWARE AND SUPPLIERS(RSDD711),20,0,19,0,18,0,17,0,17,0,17,0,19,0,22,0,22,0,24,0,22,0,29,0
NSRE04094,MD. JAHANGIR ALAM(RSDM500),30,0,29,0,27,0,25,0,25,0,25,0,29,0,32,0,32,0,36,0,32,0,43,0
SDRE02491,ROUSHAN ENTERPRISE(RSDR090),20,0,19,0,18,0,17,0,17,0,17,0,19,0,22,0,22,0,24,0,22,0,29,0
SDRE05638,JEWEL HARDWARE(RSDJ489),15,0,15,0,14,0,13,0,13,0,13,0,15,0,16,0,16,0,18,0,16,0,22,0
SDRE03858,RABINDRA DEB(RSDR501),15,0,15,0,14,0,13,0,13,0,13,0,15,0,16,0,16,0,18,0,16,0,22,0
SDRE01995,AHMED ENTERPRISE(RSDA048),20,0,19,0,18,0,17,0,17,0,17,0,19,0,22,0,22,0,24,0,22,0,29,0
SDRE02153,GAZOLDOBA HARDWARE STORES(RSDG095),60,0,57,0,53,0,50,0,50,0,50,0,57,0,64,0,64,0,71,0,64,0,85,0
SDRE02448,R.N.ENTERPRISE(RSDR154),25,0,24,0,23,0,21,0,21,0,21,0,24,0,27,0,27,0,30,0,27,0,36,0
SDRE06842,MEGHA ENTERPRISE(RSDM651),25,0,24,0,23,0,21,0,21,0,21,0,24,0,27,0,27,0,30,0,27,0,36,0
SDRE06538,JURAN MANDAL(RSDJ565),30,0,29,0,27,0,25,0,25,0,25,0,29,0,32,0,32,0,36,0,32,0,43,0
SDRE06648,ROY ENTERPRISE (PANIKOURI)(RSDR592),20,0,19,0,18,0,17,0,17,0,17,0,19,0,22,0,22,0,24,0,22,0,29,0
SDRE06649,MANDAL HARDWARE STORES(RSDM593),50,0,48,0,45,0,42,0,42,0,42,0,48,0,53,0,53,0,59,0,53,0,71,0
SDRE06903,BHAI BHAI ENTERPRISE HARDWARE & ELECTRICAL(RSDB700),15,0,15,0,14,0,13,0,13,0,13,0,15,0,16,0,16,0,18,0,16,0,22,0
SDRE02066,KHAGEN BASAK (RSDK470),25,0,24,0,23,0,21,0,21,0,21,0,24,0,27,0,27,0,30,0,27,0,36,0
SDRE02511,SADHNANA HARDWARE(RSDS153),25,0,24,0,23,0,21,0,21,0,21,0,24,0,27,0,27,0,30,0,27,0,36,0
SDRE02582,DIPANKAR DEY(RSDD120),35,0,33,0,31,0,29,0,29,0,29,0,33,0,38,0,38,0,42,0,38,0,50,0
SDRE03907,NURUL HAQUE(RSDN493),15,0,15,0,14,0,13,0,13,0,13,0,15,0,16,0,16,0,18,0,16,0,22,0
SDRE05433,NUR ISLAM (RSDN471),25,0,24,0,23,0,21,0,21,0,21,0,24,0,27,0,27,0,30,0,27,0,36,0
SDRE06379,UTTAM KUMAR ROY(RSDU499),35,0,33,0,31,0,29,0,29,0,29,0,33,0,38,0,38,0,42,0,38,0,50,0
SDRE06652,MAA KALI HARDWARE (JOREPAKRI)(RSDM605),35,0,33,0,31,0,29,0,29,0,29,0,33,0,38,0,38,0,42,0,38,0,50,0
SDRE05624,BABLU ROY(RSDB740),40,0,38,0,36,0,34,0,34,0,34,0,38,0,44,0,44,0,48,0,44,0,58,0
SDRE02182,HARI METAL STORES(RSDH098),20,0,19,0,18,0,17,0,17,0,17,0,19,0,22,0,22,0,24,0,22,0,29,0
SDRE02601,SUDIP SARKAR(RSDS126),15,0,15,0,14,0,13,0,13,0,13,0,15,0,16,0,16,0,18,0,16,0,22,0
SDRE02283,MAA LAXMI HARDWARE STORE(RSDM494),40,0,38,0,36,0,33,0,33,0,33,0,38,0,43,0,43,0,48,0,43,0,57,0
SDRE02460,MANIDIP GHOSH(RSDM511),20,0,19,0,18,0,17,0,17,0,17,0,19,0,22,0,22,0,24,0,22,0,29,0
SDRE03916,BALAJEE HARDWARE STORES(RSDB114),50,0,48,0,45,0,42,0,42,0,42,0,48,0,53,0,53,0,59,0,53,0,71,0
SDRE03917,BIPLAB MAITRA(RSDB150),40,0,38,0,36,0,33,0,33,0,33,0,38,0,43,0,43,0,48,0,43,0,57,0
SDRE03918,MITRA HARDWARE(RSDM127),40,0,38,0,36,0,33,0,33,0,33,0,38,0,43,0,43,0,48,0,43,0,57,0
SDRE05503,NANDINI HARDWARE(RSDN118),25,0,24,0,23,0,21,0,21,0,21,0,24,0,27,0,27,0,30,0,27,0,36,0
SDRE05621,SARKAR ENTERPRISE(RSDS119),25,0,24,0,23,0,21,0,21,0,21,0,24,0,27,0,27,0,30,0,27,0,36,0
SDRE06166,ARUP SARKAR(RSDA604),25,0,24,0,23,0,21,0,21,0,21,0,24,0,27,0,27,0,30,0,27,0,36,0
SDRE06536,ENAMULA HAK(RSDE563),50,0,48,0,45,0,42,0,42,0,42,0,48,0,53,0,53,0,59,0,53,0,71,0
SDRE06627,SARKAR STORES(RSDS574),50,0,48,0,45,0,42,0,42,0,42,0,48,0,53,0,53,0,59,0,53,0,71,0
SDRE06864,GAFUR ALI(RSDG676),50,0,48,0,45,0,42,0,42,0,42,0,48,0,53,0,53,0,59,0,53,0,71,0
SDRE03862,PRADIP AGARWALA(RSDP529),55,0,52,0,49,0,46,0,46,0,46,0,52,0,59,0,59,0,65,0,59,0,78,0
SDRE06377,SUSHIL KUMAR MALLICK(RSDS495),15,0,15,0,14,0,13,0,13,0,13,0,15,0,16,0,16,0,18,0,16,0,22,0
SDRE06984,SAHIN HAQUE SARKAR(RSDS726),25,0,24,0,23,0,21,0,21,0,21,0,24,0,27,0,27,0,30,0,27,0,36,0
NSRE04380,MALLICK HARDWARE(RSDM748),15,0,15,0,14,0,13,0,13,0,13,0,15,0,16,0,16,0,18,0,16,0,22,0
SDRE02558,SHANTI HARDWARE(RSDS766),25,0,24,0,23,0,21,0,21,0,21,0,24,0,27,0,27,0,30,0,27,0,36,0
SDRE05454,RASIDA HARDWARE(RSDR746),50,0,48,0,46,0,42,0,42,0,42,0,48,0,54,0,54,0,60,0,54,0,72,0
SDRE06730,PABIN CHANDRA ROY(RSDP733),80,0,76,0,72,0,66,0,66,0,66,0,76,0,86,0,86,0,96,0,86,0,114,0
SDRE06735,SANJAY SEN(RSDS738),100,0,96,0,90,0,84,0,84,0,84,0,96,0,106,0,106,0,118,0,106,0,142,0
SDRE06919,BAJRANGBALI HARDWARE(RSDB703),55,0,52,0,49,0,46,0,46,0,46,0,52,0,59,0,59,0,65,0,59,0,78,0
SDRE02401,N.P. ENTERPRISE(RSDN719),25,0,24,0,23,0,21,0,21,0,21,0,24,0,27,0,27,0,30,0,27,0,36,0
SDRE07025,SAHA TRADERS (BAGDOGRA)(RSDS742),40,0,38,0,36,0,33,0,33,0,33,0,38,0,43,0,43,0,48,0,43,0,57,0
SDRE07054,BISWAS TRADERS(RSDB758),25,0,24,0,23,0,21,0,21,0,21,0,24,0,27,0,27,0,30,0,27,0,36,0
SDRE02433,PRATIBHA HARDWARE(RSDP024),45,0,43,0,40,0,38,0,38,0,38,0,43,0,48,0,48,0,53,0,48,0,64,0
SDRE06862,SHYAMAL MANDAL(RSDS674),34,0,32,0,30,0,28,0,28,0,28,0,32,0,36,0,36,0,40,0,36,0,48,0
SDRE06715,SUJIT PAUL(RSDS699),64,0,62,0,58,0,54,0,54,0,54,0,62,0,68,0,68,0,76,0,68,0,92,0
SDRE07023,ATUL CH. ROY(RSDA736),34,0,32,0,30,0,28,0,28,0,28,0,32,0,36,0,36,0,40,0,36,0,48,0
NSRE11467,HAMIDAR RAHAMAN(RSDH724),70,0,66,0,62,0,58,0,58,0,58,0,66,0,75,0,75,0,83,0,75,0,99,0
SDRE06841,M/S SINGH ENTERPRISE(RSDM648),30,0,29,0,27,0,25,0,25,0,25,0,29,0,32,0,32,0,36,0,32,0,43,0
NSRE10608,JYOTSNA ENTERPRISE(RSDJ594),25,0,24,0,23,0,21,0,21,0,21,0,24,0,27,0,27,0,30,0,27,0,36,0
SDRE06865,UJJAL ROY(RSDU677),20,0,19,0,18,0,17,0,17,0,17,0,19,0,22,0,22,0,24,0,22,0,29,0
SDRE06779,PATIT PABAN DAS(RSDP633),30,0,29,0,27,0,25,0,25,0,25,0,29,0,32,0,32,0,36,0,32,0,43,0
SDRE03914,MOHUYA HARDWARE(RSDM716),100,0,96,0,90,0,84,0,84,0,84,0,96,0,106,0,106,0,118,0,106,0,142,0
SDRE07048,SHREE SHYAM TRADING(RSDS749),25,0,24,0,23,0,21,0,21,0,21,0,24,0,27,0,27,0,30,0,27,0,36,0
SDRE06739,KALYAN DAS,50,0,48,0,46,0,42,0,42,0,42,0,48,0,54,0,54,0,60,0,54,0,72,0
SDRE03873,MAA LAXMI HARDWARE (BELAKOBA BAZAR)(RSDM560),15,0,15,0,14,0,13,0,13,0,13,0,15,0,16,0,16,0,18,0,16,0,22,0
SDRE06496,SAMIR DAS(RSDS552),30,0,29,0,27,0,25,0,25,0,25,0,29,0,32,0,32,0,36,0,32,0,43,0
SDRE06863,NAYAN KUMAR SAHA(RSDN675),40,0,38,0,36,0,33,0,33,0,33,0,38,0,43,0,43,0,48,0,43,0,57,0
SDRE06740,BABLA ROY(RSDB747),20,0,20,0,18,0,18,0,18,0,18,0,20,0,22,0,22,0,24,0,22,0,30,0
SDRE03903,ROHIT ENTERPRISES(RSDR156),35,0,33,0,31,0,29,0,29,0,29,0,33,0,38,0,38,0,42,0,38,0,50,0
SDRE03906,DILIP GUPTA (RSDD365),220,0,208,0,195,0,182,0,182,0,182,0,208,0,233,0,233,0,259,0,233,0,311,0
SDRE04236,SHREE SHIV TRADERS(RSDS076),150,0,142,0,133,0,124,0,124,0,124,0,142,0,159,0,159,0,177,0,159,0,212,0
SDRE05521,GITA STORE(RSDG016),20,0,19,0,18,0,17,0,17,0,17,0,19,0,22,0,22,0,24,0,22,0,29,0
SDRE05971,DURGA TRADING COMPANY(RSDD159),40,0,38,0,36,0,33,0,33,0,33,0,38,0,43,0,43,0,48,0,43,0,57,0
SDRE02312,CHATHAT BUILDER STORES(RSDC036),80,0,76,0,71,0,66,0,66,0,66,0,76,0,85,0,85,0,95,0,85,0,113,0
SDRE04396,MD. REJABBADDIN(RSDM063),100,0,95,0,89,0,83,0,83,0,83,0,95,0,106,0,106,0,118,0,106,0,142,0
NSRE04413,UDAY KUMAR SINGH(RSDU517),20,0,19,0,18,0,17,0,17,0,17,0,19,0,22,0,22,0,24,0,22,0,29,0
SDRE02050,BAJRANG TRADERS (RSDB449),20,0,19,0,18,0,17,0,17,0,17,0,19,0,22,0,22,0,24,0,22,0,29,0
SDRE02157,GOURI ENTERPRISE(RSDG669),60,0,57,0,53,0,50,0,50,0,50,0,57,0,64,0,64,0,71,0,64,0,85,0
SDRE02324,MAHAMAYA ENTERPRISE (RSDM443),40,0,38,0,36,0,33,0,33,0,33,0,38,0,43,0,43,0,48,0,43,0,57,0
SDRE02488,SHREE R.K. TRADERS(RSDS123),40,0,38,0,36,0,33,0,33,0,33,0,38,0,43,0,43,0,48,0,43,0,57,0
SDRE02503,S.B.ENTERPRISE(RSDS042),20,0,19,0,18,0,17,0,17,0,17,0,19,0,22,0,22,0,24,0,22,0,29,0
SDRE03885,SAGAR HARDWARE (RSDS459),80,0,76,0,71,0,66,0,66,0,66,0,76,0,85,0,85,0,95,0,85,0,113,0
SDRE04722,J.S.ENTERPRISE(RSDJ012),60,0,57,0,53,0,50,0,50,0,50,0,57,0,64,0,64,0,71,0,64,0,85,0
SDRE04724,MAA DURGA BUILDERS(RSDM516),80,0,76,0,71,0,66,0,66,0,66,0,76,0,85,0,85,0,95,0,85,0,113,0
SDRE05597,PAWAN TRADERS(RSDP518),20,0,19,0,18,0,17,0,17,0,17,0,19,0,22,0,22,0,24,0,22,0,29,0
SDRE06132,GOPAL ENTERPRISE(RSDG458),25,0,25,0,25,0,15,0,15,0,15,0,15,0,20,0,20,0,25,0,25,0,25,0
NSRE04297,MAA TARA BUILDERS(RSDM514),25,0,24,0,23,0,21,0,21,0,21,0,24,0,27,0,27,0,30,0,27,0,36,0
SDRE02294,MAA DURGA ENTERPRISES (RSDM104),130,0,123,0,115,0,108,0,108,0,108,0,123,0,138,0,138,0,153,0,138,0,184,0
SDRE03874,MAHABIR STORE(RSDM158),20,0,19,0,18,0,17,0,17,0,17,0,19,0,22,0,22,0,24,0,22,0,29,0
SDRE03899,MAA DURGA TRADERS(RSDM530),35,0,33,0,31,0,29,0,29,0,29,0,33,0,38,0,38,0,42,0,38,0,50,0
SDRE05465,RAJESH HARDWARE (RSDR258),120,0,113,0,106,0,99,0,99,0,99,0,113,0,128,0,128,0,142,0,128,0,170,0
SDRE07049,MAHESH HARDWARE STORES(RSDM753),50,0,50,0,50,0,50,0,40,0,40,0,40,0,40,0,50,0,50,0,50,0,50,0
SDRE02135,DHAKA HARDWARE(RSDD038),60,0,57,0,53,0,50,0,50,0,50,0,57,0,64,0,64,0,71,0,64,0,85,0
SDRE02638,UPANANDA SARKAR(RSDU059),40,0,38,0,36,0,33,0,33,0,33,0,38,0,43,0,43,0,48,0,43,0,57,0
SDRE02563,SHIBAM HARDWARE(RSDS020),60,0,57,0,53,0,50,0,50,0,50,0,57,0,64,0,64,0,71,0,64,0,85,0
SDRE06375,JOY GURU BUILDERS (DARJEELING)(RSDJ491),80,200,76,0,71,0,66,0,66,0,66,0,76,0,85,0,85,0,95,0,85,0,113,0
SDRE02597,SUBRATA TALUKDAR(RSDS704),15,0,14,0,13,0,12,0,12,0,12,0,14,0,16,0,16,0,18,0,14,0,21,0
SDRE02055,BALAJI ENTEPRISE(RSDB480),50,0,48,0,45,0,42,0,42,0,42,0,48,0,53,0,53,0,59,0,53,0,71,0
SDRE02216,JOY DEEP HARDWARE(RSDJ485),80,0,76,0,71,0,66,0,66,0,66,0,76,0,85,0,85,0,95,0,85,0,113,0
SDRE02270,SURENDRA SAHANI(RSDS634),20,0,19,0,18,0,17,0,17,0,17,0,19,0,22,0,22,0,24,0,22,0,29,0
SDRE02358,MITRA BUILDERS(RSDM540),60,0,57,0,53,0,50,0,50,0,50,0,57,0,64,0,64,0,71,0,64,0,85,0
SDRE02524,SAI GANAPATI TRADERS(RSDS411),150,0,142,0,133,0,124,0,124,0,124,0,142,0,159,0,159,0,177,0,159,0,212,0
SDRE02541,SARKAR HARDWARE (PRADHAN NAGAR)(RSDS628),30,0,30,0,30,0,30,0,25,0,25,0,25,0,25,0,30,0,30,0,30,0,30,0
SDRE03868,MAA KAMAKHYA TRADERS (RSDM409),20,0,19,0,18,0,17,0,17,0,17,0,19,0,22,0,22,0,24,0,22,0,29,0
SDRE03935,SUCHITRA HARDWARE (RSDS005),30,0,29,0,27,0,25,0,25,0,25,0,29,0,32,0,32,0,36,0,32,0,43,0
SDRE03937,BHAGAT ENTERPRISE(RSDB045),100,0,95,0,89,0,83,0,83,0,83,0,95,0,106,0,106,0,118,0,106,0,142,0
SDRE03938,DISHA TRADING COMPANY(RSDD596),25,0,25,0,25,0,15,0,15,0,15,0,15,0,20,0,20,0,25,0,25,0,25,0
SDRE03939,SHREE SHYAM ENTERPRISE(RSDS041),70,0,66,0,62,0,58,0,58,0,58,0,66,0,75,0,75,0,83,0,75,0,99,0
SDRE04219,NEW MADHURI HARDWARE(RSDN647),30,0,29,0,27,0,25,0,25,0,25,0,29,0,32,0,32,0,36,0,32,0,43,0
SDRE04389,SURAJ HARDWARE STORES(RSDS649),20,0,20,0,20,0,20,0,15,0,15,0,15,0,15,0,20,0,20,0,20,0,20,0
SDRE04715,SARKAR HARDWARE (DARJEELING) (RSDS002),20,0,19,0,18,0,17,0,17,0,17,0,19,0,22,0,22,0,24,0,22,0,29,0
SDRE05952,SHREE DURGA TRADING(RSDS144),120,0,113,0,106,0,99,0,99,0,99,0,113,0,128,0,128,0,142,0,128,0,170,0
SDRE06338,ANADI ENTERPRISE (RSDA461),30,0,29,0,27,0,25,0,25,0,25,0,29,0,32,0,32,0,36,0,32,0,43,0
SDRE06371,SAHA HARDWARE (DARJEELING)(RSDS482),20,0,19,0,18,0,17,0,17,0,17,0,19,0,22,0,22,0,24,0,22,0,29,0
SDRE06456,DHAMALA ENTERPRISE(RSDD536),10,0,10,0,9,0,9,0,9,0,9,0,10,0,11,0,11,0,12,0,11,0,15,0
SDRE06539,RAJEEV KUMAR(RSDR566),80,0,76,0,71,0,66,0,66,0,66,0,76,0,85,0,85,0,95,0,85,0,113,0
SDRE06679,RAM GOPAL KHEMKA & SONS(RSDR597),80,0,76,0,71,0,66,0,66,0,66,0,76,0,85,0,85,0,95,0,85,0,113,0
SDRE06347,M.P. JOSEPH (RSDM477),50,0,48,0,45,0,42,0,42,0,42,0,48,0,53,0,53,0,59,0,53,0,71,0
SDRE06396,RAMKRISHNA HARDWARE (BARASHIMULGUR)(RSDR512),60,0,57,0,53,0,50,0,50,0,50,0,57,0,64,0,64,0,71,0,64,0,85,0
SDRE06457,MAA ANJALI IRON ENTERPRISE(RSDM538),80,0,76,0,71,0,66,0,66,0,66,0,76,0,85,0,85,0,95,0,85,0,113,0
SDRE06988,ARUN KR. AGARWAL(RSDA717),60,0,57,0,53,0,50,0,50,0,50,0,57,0,64,0,64,0,71,0,64,0,85,0
SDRE07059,BARMAN & SONS(RSDB695),30,0,29,0,27,0,25,0,25,0,25,0,29,0,32,0,32,0,36,0,32,0,43,0
SDRE02083,BIKASH ENTERPRISE(RSDB019),100,600,95,0,89,0,83,0,83,0,83,0,95,0,106,0,106,0,118,0,106,0,142,0
SDRE06129,D ENTERPRISE (RSDD505),20,0,19,0,18,0,17,0,17,0,17,0,19,0,22,0,22,0,24,0,22,0,29,0
SDRE06751,ASHOK JAISWAL(RSDA627),50,0,48,0,45,0,42,0,42,0,42,0,48,0,53,0,53,0,59,0,53,0,71,0
SDRE07053,PAUL HARDWARE (PHASIDEWA)(RSDP757),50,0,48,0,45,0,42,0,42,0,42,0,48,0,53,0,53,0,59,0,53,0,71,0
SDRE02027,ARUN ENTERPRISES(RSDA136),250,0,236,0,221,0,206,0,206,0,206,0,236,0,265,0,265,0,295,0,265,0,353,0
SDRE02139,DIPAK HARDWARE(RSDD032),150,0,142,0,133,0,124,0,124,0,124,0,142,0,159,0,159,0,177,0,159,0,212,0
SDRE02230,KANKANI BROTHERS(RSDK639),20,0,19,0,18,0,17,0,17,0,17,0,19,0,22,0,22,0,24,0,22,0,29,0
SDRE02556,SHAKAMBARI TRADERS(RSDS075),250,0,236,0,221,0,206,0,206,0,206,0,236,0,265,0,265,0,295,0,265,0,353,0
SDRE02565,SHIV STORE(RSDS138),55,0,52,0,49,0,46,0,46,0,46,0,52,0,59,0,59,0,65,0,59,0,78,0
SDRE03849,ASHA HARDWARE STORES(RSDA107),50,0,48,0,45,0,42,0,42,0,42,0,48,0,53,0,53,0,59,0,53,0,71,0
SDRE03865,GOYAL HARDWARE(RSDG073),30,0,29,0,27,0,25,0,25,0,25,0,29,0,32,0,32,0,36,0,32,0,43,0
SDRE03890,SUBBA STORE(RSDM163),100,0,95,0,89,0,83,0,83,0,83,0,95,0,106,0,106,0,118,0,106,0,142,0
SDRE03898,SAI KRIPA STORE (RSDS464),20,0,19,0,18,0,17,0,17,0,17,0,19,0,22,0,22,0,24,0,22,0,29,0
SDRE04235,JITEN CONSTRUCTION(RSDJ069),50,0,48,0,45,0,42,0,42,0,42,0,48,0,53,0,53,0,59,0,53,0,71,0
SDRE04246,SHIVA SHAKTI STORE(RSDS109),150,0,142,0,133,0,124,0,124,0,124,0,142,0,159,0,159,0,177,0,159,0,212,0
SDRE05418,LAXMI HARDWARE SHOP (RSDL410),70,0,66,0,62,0,58,0,58,0,58,0,66,0,75,0,75,0,83,0,75,0,99,0
SDRE05443,NUPPO BHOUTIA (RSDN333),20,0,19,0,18,0,17,0,17,0,17,0,19,0,22,0,22,0,24,0,22,0,29,0
SDRE05520,MAHAKAL HARDWARE(RSDM074),50,0,48,0,45,0,42,0,42,0,42,0,48,0,53,0,53,0,59,0,53,0,71,0
SDRE05587,RAJAT SARIA(RSDR072),20,0,19,0,18,0,17,0,17,0,17,0,19,0,22,0,22,0,24,0,22,0,29,0
SDRE05598,SHRI RAJ HARDWARE(RSDS147),80,0,76,0,71,0,66,0,66,0,66,0,76,0,85,0,85,0,95,0,85,0,113,0
SDRE05604,TIRUPATI TRADERS(RSDT053),500,0,471,0,442,0,412,0,412,0,412,0,471,0,530,0,530,0,589,0,530,0,706,0
SDRE05900,OM NAMO BUILDERS(RSDO004),250,0,236,0,221,0,206,0,206,0,206,0,236,0,265,0,265,0,295,0,265,0,353,0
SDRE06062,MEERA HARDWARE (RSDM465),200,0,189,0,177,0,165,0,165,0,165,0,189,0,212,0,212,0,236,0,212,0,283,0
SDRE06167,SHREE OM BUILDERS (RSDS440),20,0,19,0,18,0,17,0,17,0,17,0,19,0,22,0,22,0,24,0,22,0,29,0
SDRE06534,DURGA HARDWARE & ELECTRICAL(RSDD561),20,0,19,0,18,0,17,0,17,0,17,0,19,0,22,0,22,0,24,0,22,0,29,0
SDRE06535,MANORAMA TRADERS(RSDM562),220,0,208,0,195,0,182,0,182,0,182,0,208,0,233,0,233,0,259,0,233,0,311,0
SDRE04234,EKTA HARDWARE(RSDE001),25,0,20,0,18,0,18,0,18,0,18,0,20,0,22,0,22,0,25,0,22,0,25,0
NSRE04234,NEW JYOTI ENTERPRISES(RSDN795),60,0,60,0,60,0,60,0,50,0,50,0,50,0,50,0,60,0,60,0,60,0,60,0
NSRE04349,PAUL HARDWARE STORES (BHATIBARI)(RSDP800),25,0,25,0,25,0,23,0,23,0,23,0,23,0,27,0,27,0,27,0,27,0,27,0
SDRE04207,PRIYANKA HARDWARE AND GENERAL STORES(RSDP788),140,0,140,0,140,0,126,0,126,0,126,0,126,0,152,0,152,0,152,0,152,0,152,0
SDRE07083,A.R.ENTERPRISE(RSDA774),15,0,15,0,15,0,14,0,14,0,14,0,14,0,17,0,17,0,17,0,17,0,17,0
SDRE07099,BARMAN HARDWARE (TUFANGANJ)(RSDB789),10,0,10,0,10,0,9,0,9,0,9,0,9,0,11,0,11,0,11,0,11,0,11,0
SDRE02064,HARA KUMAR BARMAN (RSDH331),30,0,30,0,30,0,27,0,27,0,27,0,27,0,33,0,33,0,33,0,33,0,33,0
SDRE07100,GOURNITAI HARDWARE(RSDG791),40,0,40,0,40,0,36,0,36,0,36,0,36,0,44,0,44,0,44,0,44,0,44,0
SDRE06067,MAA KALI HARDWARE (COOCHBIHAR)(RSDM356),40,0,40,0,40,0,36,0,36,0,36,0,36,0,44,0,44,0,44,0,44,0,44,0
SDRE06834,MOSTAFA MIA(RSDM792),25,0,25,0,25,0,23,0,23,0,23,0,23,0,27,0,27,0,27,0,27,0,27,0
SDRE06878,BALAJI STORES(RSDB778),15,0,15,0,14,0,13,0,13,0,13,0,15,0,16,0,16,0,18,0,16,0,22,0
SDRE07103,SEN ENTERPRISE(RSDS799),10,0,10,0,9,0,9,0,9,0,9,0,10,0,11,0,11,0,12,0,11,0,15,0
NSRE11583,GHOSH HARDWARE (KAICHINI)(RSDG773),40,0,40,0,40,0,36,0,36,0,36,0,36,0,44,0,44,0,44,0,44,0,44,0
SDRE06961,PRANESWARI HARDWARE(RSDP786),10,0,10,0,9,0,9,0,9,0,9,0,10,0,11,0,11,0,12,0,11,0,15,0
SDRE07085,BOSE ENTERPRISE(RSDB776),30,0,30,0,30,0,27,0,27,0,27,0,27,0,33,0,33,0,33,0,33,0,33,0
SDRE07107,M/S PABITRA DEBNATH(RSDM808),10,0,10,0,10,0,9,0,9,0,9,0,9,0,11,0,11,0,11,0,11,0,11,0
SDRE07072,UPENDRA HARDWARE(RSDU765),15,0,15,0,15,0,14,0,14,0,14,0,14,0,17,0,17,0,17,0,17,0,17,0
NSRE11535,SANDEEP BROTHERS(RSDS793),25,0,20,0,18,0,18,0,18,0,18,0,20,0,22,0,22,0,25,0,22,0,25,0
SDRE07082,AIRAN ENTERPRISE(RSDA771),30,0,26,0,20,0,18,0,18,0,18,0,20,0,22,0,22,0,30,0,25,0,30,0
SDRE04206,MANIK HARDWARE(RSDM806),40,0,40,0,40,0,36,0,36,0,36,0,36,0,44,0,44,0,44,0,44,0,44,0
SDRE03856,DAS ENTERPRISE (KOTWALI)(RSDD811),40,0,38,0,36,0,34,0,34,0,34,0,38,0,44,0,44,0,48,0,44,0,58,0
SDRE06897,MAA MANASA ENTERPRISE(RSDM685),10,0,10,0,10,0,9,0,9,0,9,0,9,0,11,0,11,0,11,0,11,0,11,0
SDRE07105,MANISHA HARDWARE(RSDM803),20,0,19,0,18,0,17,0,17,0,17,0,19,0,22,0,22,0,24,0,22,0,29,0
SDRE07050,SANKAR DEY(RSDS754),30,0,30,0,30,0,27,0,27,0,27,0,27,0,33,0,33,0,33,0,33,0,33,0
SDRE07102,BALAJI TRADING(RSDB797),40,0,38,0,36,0,33,0,33,0,33,0,38,0,43,0,43,0,48,0,43,0,57,0
NSRE11544,CHAKRAVARTY ENTERPRISE(RSDC804),25,0,25,0,25,0,23,0,23,0,23,0,23,0,27,0,27,0,27,0,27,0,27,0
SDRE07086,SKEUNUS ALI(RSDS777),60,0,60,0,60,0,54,0,54,0,54,0,54,0,65,0,65,0,65,0,65,0,65,0
SDRE06866,RAHAMAN ENTERPRISE(RSDR678),12,0,12,0,12,0,11,0,11,0,11,0,11,0,13,0,13,0,13,0,13,0,13,0
NSRE11573,M.K.TRADERS(RSDM751),270,0,270,0,270,0,243,0,243,0,243,0,243,0,292,0,292,0,292,0,292,0,292,0
SDRE02606,FULBARI HARDWARE STORE(RSDF790),60,0,57,0,53,0,50,0,50,0,50,0,57,0,64,0,64,0,71,0,64,0,85,0
NSRE11352,SANDHYA JAY STORES(RSDS809),30,0,29,0,27,0,25,0,25,0,25,0,29,0,32,0,32,0,36,0,32,0,43,0
SDRE07087,S.A HARDWARE(RSDS782),50,0,48,0,45,0,42,0,42,0,42,0,48,0,53,0,53,0,59,0,53,0,71,0
SDRE07088,ROY ENTERPRISE (MATIGARA)(RSDR783),30,0,29,0,27,0,25,0,25,0,25,0,29,0,32,0,32,0,36,0,32,0,43,0
SDRE07101,BIDHAN NAGAR HARDWARE STORES(RSDB796),30,0,29,0,27,0,25,0,25,0,25,0,29,0,32,0,32,0,36,0,32,0,43,0
SDRE07119,GOPAL ENTERPRISE (TUFANGANJ)(RSDG816),20,0,20,0,20,0,18,0,18,0,18,0,18,0,22,0,22,0,22,0,22,0,22,0
SDRE02649,SOVA HARDWARE(RSDS071),70,400,66,0,62,0,58,0,58,0,58,0,66,0,75,0,75,0,83,0,75,0,99,0
SDRE03940,JALPESH HARDWARE(RSDJ798),10,0,10,0,9,0,9,0,9,0,9,0,10,0,11,0,11,0,12,0,11,0,15,0
SDRE06729,MAHABUL HARDWARE(RSDM823),40,0,38,0,36,0,34,0,34,0,34,0,38,0,44,0,44,0,48,0,44,0,58,0
SDRE07131,KRISHNA ADHIKARI(RSDK825),20,0,20,0,20,0,18,0,18,0,18,0,18,0,22,0,22,0,22,0,22,0,22,0
SDRE07132,SHREE KRISHNA HARDWARE (MATHABHANGA)(RSDS827),140,0,140,0,140,0,126,0,126,0,126,0,126,0,152,0,152,0,152,0,152,0,152,0
SDRE07109,AGARWALA HARDWARE(RSDA812),10,0,10,0,9,0,9,0,9,0,9,0,10,0,11,0,11,0,12,0,11,0,15,0
SDRE07118,RATAN ENTERPRISE(RSDR815),25,0,25,0,25,0,23,0,23,0,23,0,23,0,27,0,27,0,27,0,27,0,27,0
SDRE07133,NIRANJAN MANDAL(RSDN828),25,0,25,0,25,0,23,0,23,0,23,0,23,0,27,0,27,0,27,0,27,0,27,0
SDRE02423,PAUL HARDWARE NO. 2(RSDP111),40,0,38,0,36,0,33,0,33,0,33,0,38,0,43,0,43,0,48,0,43,0,57,0
SDRE02591,SIMA HARDWARE(RSDS146),30,0,29,0,27,0,25,0,25,0,25,0,29,0,32,0,32,0,36,0,32,0,43,0
SDRE07074,SIMNANI HARDWARE(RSDS769),40,0,38,0,36,0,33,0,33,0,33,0,38,0,43,0,43,0,48,0,43,0,57,0
SDRE07127,ANOWAR HUSSAIN(RSDA824),10,0,10,0,9,0,9,0,9,0,9,0,10,0,11,0,11,0,12,0,11,0,15,0
SDRE05549,MAYER ASHIRBAD ENTERPRISE(RSDM425),25,0,25,0,25,0,23,0,23,0,23,0,23,0,27,0,27,0,27,0,27,0,27,0
SDRE06927,KAMAL HARDWARE SHOP(RSDK794),10,0,10,0,9,0,9,0,9,0,9,0,10,0,11,0,11,0,12,0,11,0,15,0
SDRE07110,M/S BIPUL ENTERPRISE(RSDB814),10,0,10,0,9,0,9,0,9,0,9,0,10,0,11,0,11,0,12,0,11,0,15,0
SDRE02405,OM A MAHAKALI HARDWARE(RSDO818),50,0,48,0,45,0,42,0,42,0,42,0,48,0,53,0,53,0,59,0,53,0,71,0
SDRE02069,NIBEDITA STORES(RSDN807),250,0,250,0,250,0,225,0,225,0,225,0,225,0,270,0,270,0,270,0,270,0,270,0
SDRE06732,GITA HARDWARE(RSDG813),40,0,38,0,36,0,34,0,34,0,34,0,38,0,44,0,44,0,48,0,44,0,58,0
SDRE07126,MAJUMDER HARDWARE(RSDM821),15,0,15,0,14,0,13,0,13,0,13,0,15,0,16,0,16,0,18,0,16,0,22,0
SDRE07081,TINA HARDWARE(RSDT770),25,0,24,0,23,0,21,0,21,0,21,0,24,0,27,0,27,0,30,0,27,0,36,0
SDRE07106,SHREE SHYAM HARDWARE (MATIGARA)(RSDS805),50,0,48,0,45,0,42,0,42,0,42,0,48,0,53,0,53,0,59,0,53,0,71,0
SDRE02479,PAUL HARDWARE STORES(RSDP583),10,0,10,0,10,0,9,0,9,0,9,0,9,0,11,0,11,0,11,0,11,0,11,0
SDRE07125,MRINMAY HARDWARE(RSDM820),21,0,21,0,21,0,19,0,19,0,19,0,19,0,23,0,23,0,23,0,23,0,23,0
SDRE07104,NAKUL ROY(RSDN801),20,0,19,0,18,0,17,0,17,0,17,0,19,0,22,0,22,0,24,0,22,0,29,0
SDRE07144,SAHED ALI MIA(RSDS831),65,0,65,0,65,0,59,0,59,0,59,0,59,0,71,0,71,0,71,0,71,0,71,0
SDRE07146,MOSTAFA MIA (SHITALKUCHI)(RSDM834),50,0,50,0,50,0,45,0,45,0,45,0,45,0,54,0,54,0,54,0,54,0,54,0
SDRE07178,R.J.ENTERPRISE(RSDR845),10,0,10,0,10,0,9,0,9,0,9,0,9,0,11,0,11,0,11,0,11,0,11,0
SDRE07176,BISWAJIT BARMAN(RSDB841),10,0,10,0,10,0,9,0,9,0,9,0,9,0,11,0,11,0,11,0,11,0,11,0
SDRE07124,PRITILATA HARDWARE(RSDP842),25,0,25,0,25,0,23,0,23,0,23,0,23,0,27,0,27,0,27,0,27,0,27,0
SDRE07177,BHOWMIK HARDWARE STORES(RSDB844),15,0,15,0,15,0,14,0,14,0,14,0,14,0,17,0,17,0,17,0,17,0,17,0
SDRE03930,PROMILA HARDWARE (BHAKTINAGAR)(RSDP838),100,0,95,0,89,0,83,0,83,0,83,0,95,0,106,0,106,0,118,0,106,0,142,0
NSRE11402,MAA MANGAL CHANDI BUILDERS(RSDM829),65,0,65,0,65,0,59,0,59,0,59,0,59,0,71,0,71,0,71,0,71,0,71,0
SDRE06889,GUPTA STORES(RSDG846),50,0,50,0,50,0,45,0,45,0,45,0,45,0,54,0,54,0,54,0,54,0,54,0
SDRE07180,RENUKA HARDWARE(RSDR848),50,0,50,0,50,0,45,0,45,0,45,0,45,0,54,0,54,0,54,0,54,0,54,0
SDRE07148,SHREE SHYAM SUPPLIERS(RSDS837),150,0,142,0,133,0,124,0,124,0,124,0,142,0,159,0,159,0,177,0,159,0,212,0
SDRE03896,JORINA BIBI(RSDJ832),25,0,20,0,18,0,18,0,18,0,18,0,20,0,20,0,23,0,25,0,22,0,25,0
SDRE06063,SARASWATI STORE(RSDS802),25,0,24,0,23,0,21,0,21,0,21,0,24,0,27,0,27,0,30,0,27,0,36,0
SDRE07084,MAHESH HARDWARE(RSDM775),15,0,15,0,12,0,12,0,12,0,13,0,13,0,13,0,15,0,15,0,12,0,15,0
SDRE07145,RAJSHREE SARIA(RSDR833),250,0,236,0,221,0,206,0,206,0,206,0,236,0,265,0,265,0,295,0,265,0,353,0
SDRE02054,SREE BALAJI ENTERPRISE(RSDS835),40,0,38,0,36,0,34,0,34,0,34,0,38,0,44,0,44,0,48,0,44,0,58,0
SDRE04407,M/S MD JAHIRUL ISLAM(RSDM822),40,0,38,0,36,0,34,0,34,0,34,0,38,0,44,0,44,0,48,0,44,0,58,0
SDRE07147,SARKAR HARDWARE STORES(RSDS836),20,0,19,0,18,0,17,0,17,0,17,0,19,0,22,0,22,0,24,0,22,0,29,0
SDRE07143,BISWAS ENTERPRISE(RSDB830),20,0,19,0,18,0,17,0,17,0,17,0,19,0,22,0,22,0,24,0,22,0,29,0
SDRE02263,M/S M. ENTERPRISE(RSDM152),10,0,10,0,9,0,9,0,9,0,9,0,10,0,11,0,11,0,12,0,11,0,15,0
SDRE06953,MAA SARASWATI HARDWARE(RSDM819),10,0,10,0,9,0,9,0,9,0,9,0,10,0,11,0,11,0,12,0,11,0,15,0
SDRE06374,J.M. HARDWARE(RSDJ487),15,0,15,0,15,0,14,0,14,0,14,0,14,0,17,0,17,0,17,0,17,0,17,0
SDRE07108,K.S HARDWARE(RSDK810),35,0,35,0,35,0,35,0,30,0,30,0,30,0,30,0,35,0,35,0,35,0,35,0
SDRE07018,JOY BABA BHOLANATH HARDWARE(RSDJ861),20,0,20,0,20,0,18,0,18,0,18,0,18,0,22,0,22,0,22,0,22,0,22,0
SDRE06733,M/S HARDWARE(RSDM859),40,0,38,0,36,0,34,0,34,0,34,0,38,0,44,0,44,0,48,0,44,0,58,0
SDRE06827,SINGHA ENTERPRISE (KOTWALI)(RSDS860),50,0,48,0,46,0,42,0,42,0,42,0,48,0,54,0,54,0,60,0,54,0,72,0
SDRE07195,HOQUE ENTERPRISE (RAJGANJ)(RSDH855),10,0,10,0,9,0,9,0,9,0,9,0,10,0,11,0,11,0,12,0,11,0,15,0
SDRE06941,SAMRAT HARDWARE(RSDS826),15,0,15,0,15,0,15,0,10,0,10,0,10,0,10,0,15,0,15,0,15,0,15,0
SDRE02450,R.B. HARDWARE STORES (RSDR245),15,0,15,0,15,0,15,0,10,0,10,0,10,0,10,0,15,0,15,0,15,0,15,0
SDRE07190,DARJEELING BUILDER STORE(RSDD857),100,0,100,0,100,0,100,0,70,0,70,0,70,0,80,0,80,0,80,0,120,0,120,0
SDRE07191,RAJU HARDWARE (KHORIBARI)(RSDR858),25,0,25,0,25,0,25,0,20,0,20,0,20,0,20,0,25,0,25,0,25,0,25,0
SDRE07210,KHALED HOSSAIN MIAH(RSDK862),30,0,30,0,30,0,30,0,25,0,25,0,25,0,25,0,30,0,30,0,30,0,30,0
SDRE04714,RAM ENTERPRISE(RSDR843),40,0,40,0,40,0,40,0,30,0,30,0,30,0,30,0,40,0,40,0,40,0,40,0
SDRE07192,SREE KRISHNA BUILDERS(RSDS849),20,0,20,0,20,0,20,0,15,0,15,0,15,0,15,0,20,0,20,0,20,0,20,0
SDRE07175,SAHERAF HOSSAIN(RSDS839),10,0,10,0,9,0,9,0,9,0,9,0,10,0,11,0,11,0,12,0,11,0,15,0
SDRE07193,MOUMITA HARDWARE(RSDM850),15,0,15,0,15,0,15,0,10,0,10,0,10,0,10,0,15,0,15,0,15,0,15,0
SDRE07194,SOYEL HARDWARE(RSDS852),15,0,15,0,15,0,15,0,10,0,10,0,10,0,10,0,15,0,15,0,15,0,15,0
SDRE07179,SIMA STORES(RSDS847),25,0,25,0,25,0,23,0,23,0,23,0,23,0,27,0,27,0,27,0,27,0,27,0
SDRE07196,JANAPRIYA METAL STORES(RSDJ856),10,0,10,0,10,0,10,0,10,0,10,0,10,0,10,0,10,0,10,0,10,0,10,0
SDRE02131,DEY BROTHERS(RSDD148),20,0,19,0,18,0,17,0,17,0,17,0,19,0,22,0,22,0,24,0,22,0,29,0
SDRE04216,AMIT HARDWARE (RSDA888),30,0,29,0,27,0,25,0,25,0,25,0,29,0,32,0,32,0,36,0,32,0,43,0
SDRE07215,TRINATH HARDWARE(RSDT870),20,0,20,0,20,0,20,0,15,0,15,0,15,0,15,0,20,0,20,0,20,0,20,0
SDRE07212,RAYHAN ALI(RSDR864),25,0,24,0,23,0,21,0,21,0,21,0,24,0,27,0,27,0,30,0,27,0,36,0
SDRE07228,BARMAN HARDWARE (MATHABHANGA) (RSDB879),50,0,50,0,50,0,50,0,40,0,40,0,40,0,40,0,50,0,50,0,50,0,50,0
SDRE07227,HOQUE HARDWARE (RSDH878),40,0,40,0,40,0,40,0,35,0,35,0,35,0,35,0,40,0,40,0,40,0,40,0
SDRE07229,GITANJALI HARDWARE (RSDG880),20,0,20,0,20,0,20,0,15,0,15,0,15,0,15,0,20,0,20,0,20,0,20,0
SDRE07223,BALAJI HARDWARE (SALKUMARHAT) (RSDB877),30,0,30,0,30,0,30,0,25,0,25,0,25,0,25,0,30,0,30,0,30,0,30,0
SDRE02154,GANDHESWARI TRADERS (RSDG898),80,0,76,0,72,0,66,0,66,0,66,0,76,0,86,0,86,0,96,0,86,0,114,0
SDRE07214,SAHA HARDWARE STORES (ALIPURDUAR)(RSDS869),50,0,50,0,50,0,50,0,30,0,30,0,30,0,30,0,50,0,50,0,50,0,50,0
SDRE06795,SUBRATA HORE (RSDS884),20,0,19,0,18,0,17,0,17,0,17,0,19,0,22,0,22,0,24,0,22,0,29,0
SDRE03863,DURGA HARDWARE STORE(RSDD871),85,0,80,0,75,0,70,0,70,0,70,0,68,0,90,0,90,0,100,0,77,0,120,0
SDRE05614,OM BHANDAR(RSDO865),30,0,29,0,27,0,25,0,25,0,25,0,29,0,32,0,32,0,36,0,32,0,43,0
SDRE06083,HONUMAN HARDWEAR (RSDH403),30,0,30,0,30,0,27,0,27,0,27,0,27,0,33,0,33,0,33,0,33,0,33,0
SDRE07221,GURU HARDWARE (RSDG873),100,0,100,0,100,0,100,0,75,0,75,0,75,0,75,0,100,0,100,0,100,0,100,0
SDRE06737,MA LAXMI HARDWARE (RSDM882),20,0,20,0,18,0,18,0,18,0,18,0,20,0,22,0,22,0,24,0,22,0,30,0
SDRE07224,SUN HARDWARE & ELECTRICAL (RSDS874),15,0,15,0,15,0,15,0,10,0,10,0,10,0,10,0,15,0,15,0,15,0,15,0
SDRE07226,LAXMI NARAYAN HARDWARE (KOTOWALI) (RSDL876),20,0,20,0,20,0,20,0,15,0,15,0,15,0,15,0,20,0,20,0,20,0,20,0
SDRE07232,PAUL & CO. (RSDP887),20,0,20,0,20,0,20,0,15,0,15,0,15,0,15,0,20,0,20,0,20,0,20,0
SDRE02537,SARKAR ENTERPRISE (ALIPURDUAR)(RSDS866),30,0,30,0,30,0,30,0,25,0,25,0,25,0,25,0,30,0,30,0,30,0,30,0
SDRE03915,ROY HARDWARE (MEKHLIGANJ) (RSDR885),20,0,20,0,18,0,18,0,18,0,18,0,20,0,22,0,22,0,24,0,22,0,30,0
SDRE07213,MA KALI ENTERPRISE(RSDM868),20,0,20,0,20,0,20,0,15,0,15,0,15,0,15,0,20,0,20,0,20,0,20,0
SDRE07231,KALYAN GHOSE (RSDK883),25,0,25,0,25,0,25,0,20,0,20,0,20,0,20,0,25,0,25,0,25,0,25,0
SDRE07220,AJAY & SONS (RSDA872),60,0,60,0,60,0,60,0,50,0,50,0,50,0,50,0,60,0,60,0,60,0,60,0
SDRE07222,PAWAN ENTERPRISE (RSDP886),100,800,100,0,100,0,100,0,75,0,75,0,75,0,75,0,100,0,100,0,100,0,100,0
SDRE07251,SABITA SHAH (RSDS897),120,0,120,0,120,0,120,0,100,0,100,0,100,0,100,0,120,0,120,0,120,0,120,0
SDRE07271,RAKHIB ENTERPRISE (RSDR906),15,0,15,0,15,0,15,0,15,0,10,0,10,0,10,0,10,0,15,0,15,0,15,0
SDRE07266,RAJ ENTERPRISE (RSDR900),40,0,40,0,20,0,20,0,20,0,20,0,30,0,30,0,30,0,40,0,40,0,40,0
SDRE07268,MAA LAXMI BHANDAR (RSDM902),20,0,20,0,15,0,15,0,15,0,15,0,20,0,20,0,20,0,30,0,30,0,30,0
SDRE07274,JAHANUR ISLAM (RSDJ910),25,0,25,0,25,0,25,0,20,0,20,0,20,0,20,0,25,0,25,0,25,0,25,0
SDRE07272,NARAYAN CHANDRA DEY (RSDN907),20,0,20,0,20,0,20,0,15,0,15,0,15,0,15,0,20,0,20,0,20,0,20,0
SDRE07265,ABDUL RAHAMAN (MATHABHANGA) (RSDA840),30,0,30,0,30,0,30,0,25,0,25,0,25,0,25,0,30,0,30,0,30,0,30,0
SDRE07278,MAA KALI TRADERS (MATHABHANGA) (RSDM918),100,0,100,0,100,0,100,0,80,0,80,0,80,0,80,0,100,0,100,0,100,0,100,0
SDRE07238,DIWASH HARDWARE STORE (RSDD889),15,0,15,0,15,0,15,0,10,0,10,0,10,0,10,0,15,0,15,0,15,0,15,0
SDRE07270,KABIR FERTILIZER (RSDK905),20,0,20,0,20,0,15,0,15,0,15,0,15,0,18,0,18,0,18,0,20,0,20,0
SDRE07247,PUNDIBARI BUILDERS (RSDP890),80,0,80,0,80,0,80,0,60,0,60,0,60,0,60,0,80,0,80,0,80,0,80,0
SDRE07233,RITU RAJ STORE (RSDR911),50,0,50,0,35,0,30,0,30,0,30,0,30,0,38,0,38,0,38,0,45,0,45,0
SDRE07262,DEO HARDWARE (RSDD899),50,0,50,0,50,0,40,0,40,0,40,0,40,0,50,0,50,0,50,0,55,0,55,0
SDRE07264,MAA TARA HARDWARE (RSDM912),20,0,20,0,20,0,15,0,15,0,15,0,15,0,18,0,18,0,18,0,20,0,20,0
SDRE02679,JAYANTA DUTTA (RSDJ919),15,0,15,0,15,0,15,0,10,0,10,0,10,0,10,0,15,0,15,0,15,0,15,0
SDRE07250,M/S BUDDHIRAJ CHHETRI (RSDM896),20,0,20,0,20,0,20,0,15,0,15,0,15,0,15,0,20,0,20,0,20,0,20,0
SDRE07297,RATAN KUMAR ISWARARY (RSDR920),30,0,30,0,30,0,30,0,25,0,25,0,25,0,25,0,30,0,30,0,30,0,30,0
SDRE07298,BHATT RAI PASAL (RSDB921),15,0,15,0,15,0,15,0,10,0,10,0,10,0,10,0,15,0,15,0,15,0,15,0
SDRE07248,ROHIT HARDWARE (RSDR894),50,0,50,0,50,0,50,0,45,0,45,0,45,0,45,0,50,0,50,0,50,0,50,0
SDRE07249,SALANI BUILDERS (RSDS895),15,0,15,0,15,0,15,0,10,0,10,0,10,0,10,0,15,0,15,0,15,0,15,0
SDRE06947,DURGA HARDWARE (SAMUKHTALA) (RSDD892),25,0,25,0,25,0,25,0,20,0,20,0,20,0,20,0,25,0,25,0,25,0,25,0
NSRE11577,ASMIN HARDWARE (RSDA891),30,0,30,0,30,0,30,0,25,0,25,0,25,0,25,0,30,0,30,0,30,0,30,0
SDRE07230,BABAN SINGHA (RSDB881),15,0,15,0,15,0,10,0,10,0,10,0,10,0,10,0,15,0,15,0,15,0,15,0
SDRE07273,MAA JAGADHATTRI HARDWARE (RSDM909),20,0,20,0,20,0,20,0,15,0,15,0,15,0,15,0,20,0,20,0,20,0,20,0
NSRE04296,MAA STORES (RSDM923),30,0,29,0,27,0,25,0,25,0,25,0,29,0,32,0,32,0,36,0,32,0,43,0
NSRE18328,BANI BUILDERS (RSDB903),45,0,45,0,30,0,30,0,30,0,35,0,35,0,35,0,35,0,45,0,45,0,45,0
SDRE07267,PRADIP SEAL (RSDP901),30,0,30,0,30,0,20,0,20,0,20,0,20,0,25,0,25,0,25,0,30,0,30,0
SDRE07294,SUJIT ROY (RSDS922),50,0,50,0,40,0,40,0,40,0,40,0,45,0,45,0,45,0,45,0,50,0,55,0
SDRE07295,TRISHA CEMENT SHOP (RSDT924),25,0,25,0,20,0,20,0,20,0,20,0,20,0,25,0,25,0,25,0,25,0,25,0
SDRE07276,SURAJ IRON & STEEL (RSDS914),50,0,50,0,50,0,50,0,45,0,45,0,45,0,45,0,50,0,50,0,50,0,50,0
SDRE02044,BABA LOKNATH BUILDERS,90,0,90,0,90,0,81,0,81,0,81,0,81,0,98,0,98,0,98,0,98,0,98,0
SDRE02316,MAA TARA ENTERPRISE,65,0,65,0,65,0,59,0,59,0,59,0,59,0,71,0,71,0,71,0,71,0,71,0
SDRE05550,DAS HARDWARE STORES,15,0,15,0,15,0,14,0,14,0,14,0,14,0,17,0,17,0,17,0,17,0,17,0
SDRE03800,PAUL HARDWARE,50,0,50,0,50,0,45,0,45,0,45,0,45,0,54,0,54,0,54,0,54,0,54,0
SDRE05630,BAPPI ENTERPRISE,10,0,10,0,10,0,9,0,9,0,9,0,9,0,11,0,11,0,11,0,11,0,11,0
SDRE02305,MAA KALI ENTERPRISE,20,0,20,0,20,0,18,0,18,0,18,0,18,0,22,0,22,0,22,0,22,0,22,0
SDRE02167,GOPAL PAL,20,0,20,0,20,0,18,0,18,0,18,0,18,0,22,0,22,0,22,0,22,0,22,0
SDRE02201,PODDAR BHANDAR,10,0,10,0,10,0,9,0,9,0,9,0,9,0,11,0,11,0,11,0,11,0,11,0
SDRE06950,ROY ENTERPRISE,20,0,20,0,20,0,18,0,18,0,18,0,18,0,22,0,22,0,22,0,22,0,22,0
SDRE05575,BENGAL HARDWARE,15,0,15,0,14,0,13,0,13,0,13,0,15,0,16,0,16,0,18,0,16,0,22,0
SDRE02117,DAS ENTERPRISE,25,0,24,0,23,0,21,0,21,0,21,0,24,0,27,0,27,0,30,0,27,0,36,0
SDRE02350,JYOTIRMOY MAZUMDER,25,0,24,0,23,0,21,0,21,0,21,0,24,0,27,0,27,0,30,0,27,0,36,0
SDRE06886,SARKAR HARDWARE,15,0,15,0,14,0,13,0,13,0,13,0,15,0,16,0,16,0,18,0,16,0,22,0
SDRE02523,SAHAJAHAN HARDWARE,20,0,19,0,18,0,17,0,17,0,17,0,19,0,22,0,22,0,24,0,22,0,29,0
SDRE02169,GOSHWAMI HARDWARE,25,0,24,0,23,0,21,0,21,0,21,0,24,0,27,0,27,0,30,0,27,0,36,0
SDRE02292,MAA BIPADTARINI BUILDERS & SUPPLIERS,15,0,15,0,14,0,13,0,13,0,13,0,15,0,16,0,16,0,18,0,16,0,22,0
SDRE02414,PARBOTI IRON STORE,20,0,19,0,18,0,17,0,17,0,17,0,19,0,22,0,22,0,24,0,22,0,29,0
SDRE02539,SARKAR ENTERPRISE,10,0,10,0,9,0,9,0,9,0,9,0,10,0,11,0,11,0,12,0,11,0,15,0
SDRE03926,DIPTI HARDWARE & ENTERPRISE,10,0,10,0,9,0,9,0,9,0,9,0,10,0,11,0,11,0,12,0,11,0,15,0
NSRE04212,GOUTAM BISWAS,20,0,19,0,18,0,17,0,17,0,17,0,19,0,22,0,22,0,24,0,22,0,29,0
SDRE05748,SOVA ENTERPRISE,30,0,29,0,27,0,25,0,25,0,25,0,29,0,32,0,32,0,36,0,32,0,43,0
SDRE02088,BISHNU PRIYA HARDWARE,30,0,29,0,27,0,25,0,25,0,25,0,29,0,32,0,32,0,36,0,32,0,43,0
SDRE02129,DEO HARDWARE STORE,85,0,80,0,75,0,70,0,70,0,70,0,80,0,90,0,90,0,100,0,90,0,120,0
SDRE04394,GOPAL PRADHAN HARDWARE,20,0,19,0,18,0,17,0,17,0,17,0,19,0,22,0,22,0,24,0,22,0,29,0
SDRE02362,MONDEL HARDWARE,10,0,10,0,9,0,9,0,9,0,9,0,10,0,11,0,11,0,12,0,11,0,15,0
SDRE02583,SONU HARDWARE STORE,10,0,10,0,9,0,9,0,9,0,9,0,10,0,11,0,11,0,12,0,11,0,15,0
SDRE02073,BHANDARI ENTERPRISE,10,0,10,0,9,0,9,0,9,0,9,0,10,0,11,0,11,0,12,0,11,0,15,0
SDRE06714,AMINUR ISLAM,10,0,10,0,9,0,9,0,9,0,9,0,10,0,11,0,11,0,12,0,11,0,15,0
SDRE06798,SAMIR KAR,20,0,19,0,18,0,17,0,17,0,17,0,19,0,22,0,22,0,24,0,22,0,29,0
SDRE02380,NARAYAN ENTERPRISE,15,0,15,0,14,0,13,0,13,0,13,0,15,0,16,0,16,0,18,0,16,0,22,0
SDRE02579,S.M. HARDWARE,15,0,15,0,14,0,13,0,13,0,13,0,15,0,16,0,16,0,18,0,16,0,22,0
SDRE06647,KABITA ENTERPRISE,15,0,15,0,14,0,13,0,13,0,13,0,15,0,16,0,16,0,18,0,16,0,22,0
SDRE02168,GORA MORE HARDWARE,20,0,19,0,18,0,17,0,17,0,17,0,19,0,22,0,22,0,24,0,22,0,29,0
SDRE06728,GAYETRI HARDWARE,10,0,10,0,9,0,9,0,9,0,9,0,10,0,11,0,11,0,12,0,11,0,15,0
SDRE02274,MAA BHANDANI HARDWARE,10,0,10,0,9,0,9,0,9,0,9,0,10,0,11,0,11,0,12,0,11,0,15,0
SDRE02534,MARAN SARKAR,10,0,10,0,9,0,9,0,9,0,9,0,10,0,11,0,11,0,12,0,11,0,15,0
SDRE06162,SUKANTA SIDDHA,15,0,15,0,14,0,13,0,13,0,13,0,15,0,16,0,16,0,18,0,16,0,22,0
SDRE02325,MAHAMAYA HARDWEAR,10,0,10,0,9,0,9,0,9,0,9,0,10,0,11,0,11,0,12,0,11,0,15,0
SDRE02360,MOHAN HARDWARE,20,0,19,0,18,0,17,0,17,0,17,0,19,0,22,0,22,0,24,0,22,0,29,0
SDRE04716,DUTTA BUILDER,25,0,24,0,23,0,21,0,21,0,21,0,24,0,27,0,27,0,30,0,27,0,36,0
SDRE02369,KURSHAMARI HARDWARE,10,0,10,0,9,0,9,0,9,0,9,0,10,0,11,0,11,0,12,0,11,0,15,0
SDRE03884,SADHANA HARDWARE,10,0,10,0,10,0,10,0,10,0,10,0,10,0,10,0,10,0,10,0,10,0,10,0
SDRE03911,AKHTAR ALI,20,0,19,0,18,0,17,0,17,0,17,0,19,0,22,0,22,0,24,0,22,0,29,0
SDRE02602,SARKAR HARDWARE,5,0,5,0,5,0,5,0,5,0,5,0,5,0,7,0,7,0,7,0,7,0,10,0
SDRE02178,HAQUE ENTERPRISE,10,0,10,0,10,0,8,0,8,0,8,0,8,0,8,0,10,0,10,0,10,0,10,0
SDRE02148,DWIP HARDWARE,5,0,5,0,5,0,5,0,5,0,5,0,5,0,6,0,6,0,6,0,6,0,8,0
SDRE02561,SHAYAM HARDWARE,10,0,10,0,9,0,9,0,9,0,9,0,10,0,11,0,11,0,12,0,11,0,15,0
SDRE05425,MUSKAN HARDWARE,10,0,10,0,9,0,9,0,9,0,9,0,10,0,11,0,11,0,12,0,11,0,15,0
SDRE05564,SAHIDA AKTAR BANU,10,0,10,0,10,0,10,0,10,0,10,0,10,0,10,0,10,0,10,0,10,0,10,0
SDRE05623,KRISHNA HARDWARE,10,0,10,0,9,0,9,0,9,0,9,0,10,0,11,0,11,0,12,0,11,0,15,0
SDRE06734,AMLAN KUMAR SARKAR,10,0,10,0,9,0,9,0,9,0,9,0,10,0,11,0,11,0,12,0,11,0,15,0
NSRE11550,DIPTI HARDWARE,10,0,10,0,9,0,9,0,9,0,9,0,10,0,11,0,11,0,12,0,11,0,15,0
SDRE04247,PANKAJ DEB,20,0,19,0,18,0,17,0,17,0,17,0,19,0,22,0,22,0,24,0,22,0,29,0
SDRE02179,EKRAMUL HAQUE,15,0,15,0,14,0,13,0,13,0,13,0,15,0,16,0,16,0,18,0,16,0,22,0
NSRE10958,JAY MAA KALI HARDWARE,30,0,29,0,27,0,25,0,25,0,25,0,29,0,32,0,32,0,36,0,32,0,43,0
SDRE03852,BHAI BHAI HARDWARE,20,0,19,0,18,0,17,0,17,0,17,0,19,0,22,0,22,0,24,0,22,0,29,0
SDRE06546,GOURANGA HARDWARE,20,0,19,0,18,0,17,0,17,0,17,0,19,0,22,0,22,0,24,0,22,0,29,0
SDRE05536,DEY HARDWARE,20,0,19,0,18,0,17,0,17,0,17,0,19,0,22,0,22,0,24,0,22,0,29,0
SDRE06731,BAPI CYCLE STORES,15,0,15,0,14,0,13,0,13,0,13,0,15,0,16,0,16,0,18,0,16,0,22,0
NSRE10964,HUMAUN KABIR,25,0,24,0,23,0,21,0,21,0,21,0,24,0,27,0,27,0,30,0,27,0,36,0
SDRE03854,DADA BHAI HARDWARE,15,0,15,0,14,0,13,0,13,0,13,0,15,0,16,0,16,0,18,0,16,0,22,0
SDRE02113,DADA BHAI HARDWARE,15,0,15,0,14,0,13,0,13,0,13,0,15,0,16,0,16,0,18,0,16,0,22,0
SDRE06793,K.J HARDWARE,10,0,10,0,9,0,9,0,9,0,9,0,10,0,11,0,11,0,12,0,11,0,15,0
SDRE06965,BHAI BHAI HARDWARE,15,0,15,0,14,0,13,0,13,0,13,0,15,0,16,0,16,0,18,0,16,0,22,0
SDRE06716,IMRAN ISLAM,20,0,19,0,18,0,17,0,17,0,17,0,19,0,22,0,22,0,24,0,22,0,29,0
SDRE06717,SUDHANSHU SARKAR,15,0,15,0,14,0,13,0,13,0,13,0,15,0,16,0,16,0,18,0,16,0,22,0
NSRE10963,MASUD HARDWARE,15,0,15,0,14,0,13,0,13,0,13,0,15,0,16,0,16,0,18,0,16,0,22,0
SDRE06736,SUKUMAR BAIRAGI,10,0,10,0,9,0,9,0,9,0,9,0,10,0,11,0,11,0,12,0,11,0,15,0
SDRE06738,DIPCHAND DAS,5,0,5,0,5,0,5,0,5,0,5,0,5,0,6,0,6,0,6,0,6,0,8,0
SDRE06826,DULICHAND HARDWARE,15,0,15,0,14,0,13,0,13,0,13,0,15,0,16,0,16,0,18,0,16,0,22,0
SDRE06830,MENOKA HARDWARE,10,0,10,0,9,0,9,0,9,0,9,0,10,0,11,0,11,0,12,0,11,0,15,0
SDRE06829,ASGAR ALI,10,0,10,0,9,0,9,0,9,0,9,0,10,0,11,0,11,0,12,0,11,0,15,0
SDRE06335,YES ENTRPRISES,35,0,35,0,35,0,32,0,32,0,32,0,32,0,38,0,38,0,38,0,38,0,38,0
SDRE06336,REDIANT ENTERPRISES,35,0,35,0,35,0,32,0,32,0,32,0,32,0,38,0,38,0,38,0,38,0,38,0
SDRE06337,ASIAN ENTERPRISES,20,0,20,0,20,0,18,0,18,0,18,0,18,0,22,0,22,0,22,0,22,0,22,0
SDRE01497,MANOKAMNA HARDWARE,60,0,60,0,60,0,54,0,54,0,54,0,54,0,65,0,65,0,65,0,65,0,65,0
SDRE01340,ARUN TRADER,30,0,30,0,30,0,27,0,27,0,27,0,27,0,33,0,33,0,33,0,33,0,33,0
SDRE01425,GOVIND HARDWARE,300,0,300,0,300,0,270,0,270,0,270,0,270,0,324,0,324,0,324,0,324,0,324,0
SDRE06078,AD HARDWARE,35,0,35,0,35,0,32,0,32,0,32,0,32,0,38,0,38,0,38,0,38,0,38,0
SDRE06661,BISHNU KUMAR AGARWAL,50,0,50,0,50,0,45,0,45,0,45,0,45,0,54,0,54,0,54,0,54,0,54,0
SDRE06662,SANDEEP KUMAR AGARWAL,100,0,100,0,100,0,90,0,90,0,90,0,90,0,108,0,108,0,108,0,108,0,108,0
SDRE02387,NEW DREAM ENTERPRISE,20,0,19,0,18,0,17,0,17,0,17,0,19,0,22,0,22,0,24,0,22,0,29,0
SDRE03870,LAXMI HARDWARE,30,0,29,0,27,0,25,0,25,0,25,0,29,0,32,0,32,0,36,0,32,0,43,0
SDRE05601,SHRI SWAPAN HARDWARE,5,0,5,0,5,0,5,0,5,0,5,0,5,0,6,0,6,0,6,0,6,0,8,0
SDRE05524,GUPTA ENTERPRISE,20,0,19,0,18,0,17,0,17,0,17,0,19,0,22,0,22,0,24,0,22,0,29,0
SDRE07017,JOY MAA KALI ENTERPRISE,10,0,10,0,10,0,9,0,9,0,9,0,9,0,11,0,11,0,11,0,11,0,11,0
SDRE03867,NEW JYOTI ENTERPRISE,80,0,76,0,71,0,66,0,66,0,66,0,76,0,85,0,85,0,95,0,85,0,113,0
SDRE02663,SARKAR HARDWARE,10,0,10,0,10,0,9,0,9,0,9,0,9,0,11,0,11,0,11,0,11,0,11,0
SDRE05547,MAA HARDWARE STORE,5,0,5,0,5,0,5,0,5,0,5,0,5,0,6,0,6,0,6,0,6,0,6,0
SDRE01620,SIDDHANT AGARWAL,30,0,30,0,30,0,25,0,25,0,25,0,25,0,25,0,25,0,25,0,30,0,30,0
SDRE07183,SARASWATI ENTERPRISE,10,0,10,0,9,0,9,0,9,0,9,0,10,0,11,0,11,0,12,0,11,0,15,0
SDRE07016,SUTRADHAR ENTERPRISE,15,0,15,0,15,0,14,0,14,0,14,0,14,0,17,0,17,0,17,0,17,0,17,0
SDRE07020,GONI ENTERPRISE,10,0,10,0,10,0,9,0,9,0,9,0,9,0,11,0,11,0,11,0,11,0,11,0
SDRE07206,KACHO BHUTIA,50,0,50,0,50,0,45,0,45,0,45,0,45,0,54,0,54,0,54,0,54,0,54,0
SDRE02589,SRI BALAJEE ENT.,30,0,30,0,30,0,30,0,25,0,25,0,25,0,25,0,30,0,30,0,30,0,30,0
SDRE06954,BARMAN HARDWARE,10,0,10,0,10,0,10,0,10,0,10,0,10,0,10,0,10,0,10,0,10,0,10,0
SDRE03864,EX ARMY ENTERPRISE,15,0,15,0,14,0,13,0,13,0,13,0,15,0,16,0,16,0,18,0,16,0,22,0
NSRE11388,KARUNA ENTERPRISE,20,0,12,0,12,0,12,0,12,0,12,0,15,0,15,0,15,0,15,0,15,0,15,0
SDRE03910,SARKAR ENTERPRISE,5,0,5,0,5,0,5,0,5,0,5,0,5,0,11,0,5,0,5,0,5,0,5,0
SDRE03933,AZAD STORE,25,0,25,0,25,0,25,0,20,0,20,0,20,0,20,0,25,0,25,0,25,0,25,0
SDRE06334,SHARDA ENTERPRISE(T20),50,0,50,0,50,0,50,0,50,0,50,0,50,0,50,0,50,0,50,0,50,0,50,0
SDRE06691,NEEM  ENTERPRISE,44,0,44,0,44,0,44,0,44,0,44,0,44,0,44,0,44,0,44,0,44,0,44,0
SDRE05568,ROY HARDWARE,40,0,40,0,30,0,30,0,20,0,30,0,30,0,30,0,30,0,40,0,40,0,40,0
SDRE02419,PAUL AND COMPANY,15,0,15,0,14,0,13,0,13,0,13,0,15,0,16,0,16,0,18,0,16,0,22,0
SDRE05619,ADHIKARI HARDWARE,10,0,10,0,9,0,9,0,9,0,9,0,10,0,11,0,11,0,12,0,11,0,15,0
NSRE02022,MAA TARA ENTERPRISE,70,0,60,0,40,0,25,0,25,0,25,0,45,0,45,0,45,0,45,0,25,0,55,0
SDRE05782,LAXMI NARAYAN BUILDERS,30,0,20,0,20,0,15,0,15,0,15,0,25,0,25,0,25,0,25,0,15,0,35,0
SDRE06361,M/S. SOUMEN GHOSH,25,0,20,0,20,0,20,0,20,0,20,0,20,0,20,0,20,0,20,0,20,0,20,0
SDRE06362,MA KALI BUILDERS AND HARDWARE,15,0,15,0,10,0,5,0,5,0,5,0,5,0,5,0,5,0,5,0,5,0,5,0
NSRE02026,SATYANARAYON BUILDERS,80,0,60,0,60,0,30,0,30,0,30,0,30,0,30,0,30,0,30,0,30,0,80,0
SDRE05788,SEN BUILDERS,100,0,80,0,90,0,30,0,25,0,25,0,60,0,60,0,55,0,65,0,25,0,100,0
NSRE11723,KANTHA BUILDERS,10,0,11,0,10,0,11,0,10,0,11,0,10,0,11,0,10,0,11,0,10,0,11,0
NSRE11739,RUPA BUILDERS,15,0,10,0,15,0,10,0,15,0,10,0,15,0,10,0,15,0,10,0,15,0,10,0
SDRE04172,ECONOMICS INDUSTRY,100,0,80,0,80,0,40,0,40,0,40,0,40,0,40,0,40,0,40,0,40,0,80,0
SDRE05910,TARA MA ENTERPRISE(BALLY),20,0,20,0,20,0,24,0,24,0,24,0,30,0,30,0,30,0,30,0,24,0,40,0
SDRE06002,BACHHI DEVI & CO,20,0,20,0,20,0,20,0,20,0,20,0,20,0,20,0,20,0,20,0,20,0,23,0
SDRE00909,OM CONCRETE,35,0,35,0,30,0,20,0,20,0,20,0,20,0,35,0,40,0,40,0,40,0,40,0
SDRE04294,MAA SATI TRADERS,50,0,50,0,45,0,40,0,40,0,40,0,40,0,50,0,55,0,60,0,60,0,60,0
SDRE06619,B.S.CONSTRUCTION,20,0,20,0,21,0,10,0,15,0,15,0,15,0,20,0,25,0,30,0,30,0,30,0
SDRE04278,GITA BUILDERS,20,0,20,0,20,0,14,0,14,0,20,0,20,0,24,0,24,0,24,0,30,0,30,0
SDRE06773,SIMA ENTERPRISE,15,0,15,0,18,0,11,0,11,0,18,0,18,0,22,0,22,0,22,0,25,0,25,0
SDRE04286,JK BUILDERS,15,0,15,0,15,0,10,0,10,0,15,0,15,0,20,0,20,0,20,0,25,0,25,0
SDRE00899,SUPER BUILDERS,10,0,10,0,10,0,10,0,10,0,10,0,10,0,15,0,15,0,15,0,15,0,15,0
NSRE02257,SUPER BUILDERS,10,0,10,0,10,0,8,0,8,0,10,0,10,0,10,0,10,0,10,0,10,0,10,0
SDRE07199,KHADIJA ENTERPRISE,18,0,18,0,20,0,12,0,13,0,20,0,22,0,20,0,22,0,22,0,22,0,22,0
SDRE00866,ELAHI ENTERPRISE,22,0,14,0,14,0,14,0,8,0,8,0,10,0,10,0,15,0,15,0,15,0,15,0
SDRE00900,FARUK ENTERPRISE,16,0,14,0,14,0,14,0,8,0,8,0,10,0,10,0,15,0,15,0,15,0,15,0
SDRE06400,PIR GORA CHAND BUILDERS,42,0,26,0,26,0,26,0,16,0,16,0,20,0,30,0,15,0,15,0,15,0,15,0
SDRE06992,MODINA CONSTRUCTION,10,0,10,0,10,0,10,0,8,0,8,0,10,0,10,0,15,0,15,0,15,0,15,0
SDRE06398,SABANA ENTERPRISE,10,0,10,0,10,0,10,0,8,0,8,0,10,0,10,0,15,0,15,0,15,0,15,0
SDRE06399,REHAN ENTERPRISE,10,0,10,0,10,0,10,0,8,0,8,0,10,0,10,0,15,0,15,0,15,0,15,0
SDRE00854,NEW LOKENATH BUILDERS(SISTER CONCERN),50,0,55,0,56,0,45,0,40,0,35,0,50,0,70,0,70,0,70,0,70,0,70,0
SDRE00916,JP STATE,10,0,10,0,10,0,10,0,10,0,8,0,10,0,10,0,10,0,10,0,10,0,10,0
SDRE00918,MP CONSTRUCTION,10,0,10,0,10,0,10,0,10,0,8,0,10,0,10,0,10,0,10,0,10,0,10,0
SDRE05818,J P ESTATE,10,0,10,0,10,0,10,0,10,0,10,0,10,0,10,0,10,0,10,0,10,0,10,0
SDRE06989,S.R.CONSTRUCTION,5,0,5,0,5,0,5,0,5,0,4,0,5,0,10,0,5,0,5,0,5,0,5,0
SDRE00989,BHOR BUILDERS,30,0,25,0,45,0,30,0,50,0,30,0,35,0,45,0,25,0,25,0,25,0,25,0
N131,NAIMUL ENTERPRISE,15,0,15,0,25,0,20,0,20,0,20,0,20,0,25,0,15,0,15,0,15,0,15,0
SDRE04383,UNIQUE TRADERS,100,0,90,0,70,0,40,0,40,0,40,0,48,0,70,0,70,0,70,0,85,0,85,0
SDRE03624,PRITHA BUILDERS,20,0,20,0,18,0,13,0,13,0,13,0,13,0,15,0,15,0,15,0,18,0,18,0
SDRE03628,PUJA HARDWARE,20,0,20,0,18,0,13,0,13,0,13,0,13,0,15,0,15,0,15,0,18,0,18,0
SDRE03630,MAA KARUNA BUILDERS & HARDWARE,20,0,20,0,18,0,13,0,13,0,13,0,13,0,15,0,15,0,15,0,18,0,18,0
SDRE04808,RUPAL BUILDERS,20,0,20,0,18,0,13,0,13,0,13,0,13,0,15,0,15,0,15,0,18,0,18,0
SDRE03627,DEBNATH BUILDERS,20,0,20,0,18,0,13,0,13,0,13,0,13,0,15,0,15,0,15,0,18,0,18,0
SDRE03623,JOGOMAYA BUILDERS,20,0,20,0,18,0,13,0,13,0,13,0,13,0,15,0,15,0,15,0,18,0,18,0
SDRE04340,JOGOMAYA BUILDERS,20,0,20,0,18,0,13,0,13,0,13,0,13,0,15,0,15,0,15,0,18,0,18,0
SDRE06996,SONA ENTERPRISE,90,0,90,0,65,0,40,0,40,0,40,0,50,0,50,0,50,0,50,0,55,0,55,0
SDRE06278,SOVA BUILDERS,16,0,16,0,14,0,8,0,8,0,8,0,8,0,11,0,11,0,11,0,11,0,11,0
SDRE06771,MAYA BUILDERS,16,0,16,0,14,0,8,0,8,0,8,0,8,0,11,0,11,0,11,0,11,0,11,0
SDRE06990,SANTANU HOWLADAR,16,0,16,0,14,0,8,0,8,0,8,0,8,0,11,0,11,0,11,0,11,0,11,0
SDRE07197,SHIB SHAKTI BUILDERS,16,0,16,0,14,0,8,0,8,0,8,0,8,0,11,0,11,0,11,0,11,0,11,0
SDRE06832,SANJAY DAS,16,0,16,0,14,0,8,0,8,0,8,0,8,0,11,0,11,0,11,0,11,0,11,0
SDRE01279,MONDAL BUILDERS,22,0,22,0,21,0,17,0,14,0,14,0,14,0,14,0,11,0,11,0,11,0,11,0
SDRE01282,DAKHINESHWARI BUILDERS & HARDWARES,22,0,22,0,21,0,17,0,14,0,14,0,14,0,14,0,11,0,11,0,11,0,11,0
SDRE05801,PAYAL BUILDERS,30,0,30,0,30,0,18,0,10,0,10,0,10,0,10,0,10,0,10,0,10,0,15,0
SDRE06518,MAA BHUBANESHWARI BUILDERS,50,0,40,0,35,0,20,0,20,0,14,0,12,0,25,0,8,0,15,0,15,0,25,0
SDRE06519,SANKARI PAUL,50,0,40,0,35,0,20,0,20,0,15,0,12,0,20,0,8,0,20,0,20,0,20,0
SDRE06523,BHOWMICK TRADERS,50,0,40,0,30,0,20,0,20,0,15,0,14,0,25,0,5,0,15,0,15,0,20,0
SDRE00679,M/S PAL HARDWARE AND BUILDERS,15,0,15,0,15,0,8,0,15,0,15,0,15,0,15,0,15,0,15,0,10,0,10,0
SDRE05084,RENUKA ENTERPRISE,10,0,10,0,10,0,8,0,10,0,10,0,10,0,10,0,10,0,10,0,10,0,10,0
SDRE00742,BENGAL HARDWARE,10,0,10,0,10,0,7,0,10,0,10,0,10,0,10,0,10,0,10,0,10,0,10,0
SDRE00718,MAHIM HARDWARE,10,0,10,0,5,0,5,0,5,0,5,0,10,0,10,0,10,0,10,0,5,0,5,0
SDRE00678,M/S SARASWATI ENTERPRISE,10,0,10,0,5,0,5,0,5,0,5,0,10,0,10,0,10,0,10,0,5,0,5,0
SDRE06911,JOY MA TARA HARDWARE,10,0,10,0,5,0,5,0,5,0,5,0,10,0,10,0,10,0,10,0,5,0,5,0
NSRE01789,MOHASINA HARDWARE,10,0,10,0,5,0,5,0,5,0,5,0,10,0,10,0,10,0,10,0,5,0,5,0
SDRE06934,MAA AMELA ENTERPRISE,10,0,10,0,5,0,0,0,5,0,5,0,10,0,10,0,10,0,10,0,5,0,5,0
SDRE06933,MAHATO HARDWARE,10,0,10,0,5,0,0,0,5,0,5,0,10,0,10,0,10,0,10,0,5,0,5,0
SDRE00719,JOGOBONDHU TRADING,10,0,10,0,5,0,0,0,5,0,5,0,10,0,10,0,10,0,10,0,5,0,5,0
SDRE05071,ISLAM ENTERPRISE,45.5,0,37.8,0,39.9,0,21,0,45.5,0,45.5,0,45.5,0,40.6,0,40.6,0,40.6,0,40.6,0,43.4,0
SDRE07045,TRIBHUBAN ENTERPRISE,70,0,63,0,49,0,28,0,49,0,49,0,70,0,56,0,56,0,42,0,42,0,42,0
SDRE06366,GUHA HARDWARE,10,0,10,0,10,0,10,0,10,0,10,0,10,0,10,0,10,0,10,0,10,0,10,0
SDRE07163,SAYEMA KHATUN,20,0,20,0,20,0,20,0,20,0,20,0,20,0,20,0,20,0,20,0,20,0,20,0
SDRE00736,MONDAL HARDWARE,56,0,50,0,28,0,28,0,56,0,56,0,56,0,56,0,35,0,35,0,28,0,28,0
NSRE14747,TARAMAA CONSTRUCTION,28,0,28,0,28,0,20,0,28,0,28,0,28,0,28,0,28,0,28,0,28,0,28,0
SDRE00709,DAS REPAIRING & HARDWARE STORES,20,0,20,0,10,0,10,0,20,0,20,0,20,0,20,0,20,0,20,0,10,0,10,0
SDRE00711,SANTASHI MATA BUILDERS,15,0,15,0,15,0,15,0,15,0,15,0,15,0,15,0,15,0,15,0,15,0,15,0
SDRE05529,UMA TRADERS,10,0,10,0,10,0,10,0,10,0,10,0,20,0,20,0,20,0,20,0,20,0,20,0
SDRE00755,SHREE DURGA BHANDER,10,0,10,0,10,0,5,0,10,0,10,0,10,0,10,0,10,0,10,0,10,0,10,0
SDRE00730,HAZRA HARDWARE,10,0,10,0,10,0,5,0,10,0,10,0,10,0,10,0,10,0,10,0,10,0,10,0
SDRE05072,M/S JAHARA BUILDERS,5,0,5,0,5,0,5,0,5,0,5,0,10,0,10,0,10,0,5,0,5,0,5,0
SDRE06009,SAYANI BUILDERS,5,0,5,0,5,0,5,0,5,0,5,0,5,0,5,0,5,0,7.5,0,7.5,0,10,0
SDRE06187,GRIHA NIRMAN,5,0,5,0,5,0,5,0,5,0,5,0,5,0,5,0,5,0,7.5,0,7.5,0,10,0
SDRE05648,LAXMI BUILDERS,5,0,5,0,5,0,5,0,5,0,5,0,5,0,5,0,5,0,7.5,0,7.5,0,10,0
SDRE06036,DAS ENTERPRISE,5,0,5,0,5,0,5,0,5,0,5,0,5,0,5,0,5,0,7.5,0,7.5,0,10,0
SDRE06088,HALDAR BUILDERS,5,0,5,0,5,0,5,0,5,0,5,0,5,0,5,0,5,0,7.5,0,7.5,0,10,0
SDRE06089,MAA BUILDERS,5,0,5,0,5,0,5,0,5,0,5,0,5,0,5,0,5,0,7.5,0,7.5,0,10,0
SDRE00089,NEW JOY GURU BUILDERS,30,0,30,0,30,0,25,0,25,0,25,0,30,0,40,0,50,0,60,0,60,0,70,0
SDRE00086,TARA MAA BUILDERS,5,0,5,0,5,0,5,0,5,0,5,0,5,0,5,0,5,0,5,0,5,0,5,0
SDRE00087,LAXMINARAYAN BUILDERS,5,0,5,0,5,0,5,0,5,0,5,0,5,0,5,0,5,0,5,0,5,0,5,0
SDRE00088,MONDAL HARDWARES,5,0,5,0,5,0,5,0,5,0,5,0,5,0,5,0,5,0,5,0,5,0,5,0
SDRE06710,RESHMINA BUILDERS,50,0,50,0,50,0,50,0,50,0,50,0,50,0,50,0,50,0,60,0,60,0,60,0
SDRE06099,BAISAKHI BUILDERS,5,0,5,0,5,0,5,0,5,0,5,0,5,0,5,0,5,0,5,0,5,0,5,0
SDRE05939,BHAI BHAI BUILDERS,5,0,5,0,5,0,5,0,5,0,5,0,5,0,5,0,5,0,10,0,10,0,10,0
SDRE05947,RAMIJ CONTRACTOR AND GENERAL ORDER SUPPLIERS,5,0,5,0,5,0,5,0,5,0,5,0,5,0,5,0,5,0,10,0,10,0,10,0
SDRE05662,MA NANDARANI BISWAKARMA BUILDERS,5,0,5,0,5,0,5,0,5,0,5,0,5,0,5,0,5,0,10,0,10,0,10,0
SDRE06190,MASTER BUILDERS,5,0,5,0,5,0,5,0,5,0,5,0,5,0,5,0,5,0,10,0,10,0,10,0
SDRE06469,PURKAIT BUILDERS,5,0,5,0,5,0,5,0,5,0,5,0,5,0,5,0,5,0,10,0,10,0,10,0
SDRE05932,TRIPHATHI BUILDERS,5,0,5,0,5,0,5,0,5,0,5,0,5,0,5,0,5,0,10,0,10,0,10,0
SDRE06093,M/S MAA KALI ENTERPRISE,5,0,5,0,5,0,5,0,5,0,5,0,5,0,5,0,5,0,10,0,10,0,10,0
SDRE00176,TARA MAA ENTERPRISE,5,0,5,0,5,0,5,0,5,0,5,0,5,0,5,0,5,0,10,0,10,0,10,0
SDRE00151,RAMKRISHNA BUILDER,5,0,5,0,5,0,5,0,5,0,5,0,5,0,5,0,5,0,10,0,10,0,10,0
SDRE00156,NITAI JANA (JOY BABA LOKNATH BUILDERS),5,0,5,0,5,0,5,0,5,0,5,0,5,0,5,0,5,0,10,0,10,0,10,0
SDRE05931,MAA BISHALAKHI BUILDERS & ORDERS SUPPLIERS,5,0,5,0,5,0,5,0,5,0,5,0,5,0,5,0,5,0,10,0,10,0,10,0
SDRE05933,DHARA BUILDERS,5,0,5,0,5,0,5,0,5,0,5,0,5,0,5,0,5,0,10,0,10,0,10,0
SDRE05935,ALAMIN ENTERPRISE,5,0,5,0,5,0,5,0,5,0,5,0,5,0,5,0,5,0,10,0,10,0,10,0
SDRE05936,PITA MATA BUILDERS,5,0,5,0,5,0,5,0,5,0,5,0,5,0,5,0,5,0,10,0,10,0,10,0
SDRE06092,KHALIL BUILDERS,5,0,5,0,5,0,5,0,5,0,5,0,5,0,5,0,5,0,10,0,10,0,10,0
SDRE06139,MISTRI BUILDERS,5,0,5,0,5,0,5,0,5,0,5,0,5,0,5,0,5,0,10,0,10,0,10,0
SDRE06140,SUBHAJIT BUILDERS,5,0,5,0,5,0,5,0,5,0,5,0,5,0,5,0,5,0,10,0,10,0,10,0
SDRE06141,MATRI BUILDERS,5,0,5,0,5,0,5,0,5,0,5,0,5,0,5,0,5,0,10,0,10,0,10,0
SDRE06182,LASKAR BUILDERS,5,0,5,0,5,0,5,0,5,0,5,0,5,0,5,0,5,0,10,0,10,0,10,0
SDRE06470,BD ENTERPRISE,5,0,5,0,5,0,5,0,5,0,5,0,5,0,5,0,5,0,10,0,10,0,10,0
SDRE06532,RUPA ENTERPRISE,5,0,5,0,5,0,5,0,5,0,5,0,5,0,5,0,5,0,10,0,10,0,10,0
SDRE06621,MAA BUILDERS,5,0,5,0,5,0,5,0,5,0,5,0,5,0,5,0,5,0,10,0,10,0,10,0
SDRE06622,MAA DULALI BUILDERS,5,0,5,0,5,0,5,0,5,0,5,0,5,0,5,0,5,0,10,0,10,0,10,0
SDRE00064,GARGI ENTERPRISE (BUILDERS),5,0,5,0,5,0,5,0,5,0,5,0,5,0,5,0,5,0,10,0,10,0,10,0
SDRE05934,SUBHA BUILDERS,5,0,5,0,5,0,5,0,5,0,5,0,5,0,5,0,5,0,10,0,10,0,10,0
SDRE05937,HALDER BUILDERS,5,0,5,0,5,0,5,0,5,0,5,0,5,0,5,0,5,0,10,0,10,0,10,0
SDRE05938,MONDAL BUILDERS,5,0,5,0,5,0,5,0,5,0,5,0,5,0,5,0,5,0,10,0,10,0,10,0
SDRE05940,SHAKUNTALA BUILDERS,5,0,5,0,5,0,5,0,5,0,5,0,5,0,5,0,5,0,10,0,10,0,10,0
SDRE05948,KC ENTERPRISE,5,0,5,0,5,0,5,0,5,0,5,0,5,0,5,0,5,0,10,0,10,0,10,0
SDRE06090,AKASH BUILDERS,5,0,5,0,5,0,5,0,5,0,5,0,5,0,5,0,5,0,10,0,10,0,10,0
SDRE06447,MAA BUILDERS,5,0,5,0,5,0,5,0,5,0,5,0,5,0,5,0,5,0,10,0,10,0,10,0
SDRE06468,RENUKA ENTERPRISE,5,0,5,0,5,0,5,0,5,0,5,0,5,0,5,0,5,0,10,0,10,0,10,0
SDRE06533,TARA MAA ENTERPRISE,5,0,5,0,5,0,5,0,5,0,5,0,5,0,5,0,5,0,10,0,10,0,10,0
SDRE06701,BHABENDRANATH BUILDERS,5,0,5,0,5,0,5,0,5,0,5,0,5,0,5,0,5,0,10,0,10,0,10,0
SDRE06812,MATRI BUILDERS,5,0,5,0,5,0,5,0,5,0,5,0,5,0,5,0,5,0,10,0,10,0,10,0
SDRE06815,PITA MATA BUILDERS,5,0,5,0,5,0,5,0,5,0,5,0,5,0,5,0,5,0,10,0,10,0,10,0
SDRE07217,SAMRAT CONSTRUCTION,5,0,5,0,5,0,5,0,5,0,5,0,5,0,5,0,5,0,10,0,10,0,10,0
SDRE07334,ANIMA HARDWARE,5,0,5,0,5,0,5,0,5,0,5,0,5,0,5,0,5,0,10,0,10,0,10,0
SDRE00172,T.S. BUILDERS,5,0,5,0,5,0,5,0,5,0,5,0,5,0,5,0,5,0,10,0,10,0,10,0
NSRE00131,BIKRAM BUILDERS,5,0,5,0,5,0,5,0,5,0,5,0,5,0,5,0,5,0,10,0,10,0,10,0
SDRE00053,MAA KALI BUILDERS,5,0,5,0,5,0,5,0,5,0,5,0,5,0,5,0,5,0,10,0,10,0,10,0
SDRE00054,RAJESWAR BUILDERS,5,0,5,0,5,0,5,0,5,0,5,0,5,0,5,0,5,0,10,0,10,0,10,0
SDRE00324,KAMALA BUILDERS,5,0,5,0,5,0,5,0,5,0,5,0,5,0,5,0,5,0,10,0,10,0,10,0
SDRE06091,TAPAS BUILDERS,5,0,5,0,5,0,5,0,5,0,5,0,5,0,5,0,5,0,7,0,7,0,10,0
SDRE06170,RAHUL ENTERPRISE,5,0,5,0,5,0,5,0,5,0,5,0,5,0,5,0,5,0,7,0,7,0,10,0
SDRE06188,SHIVAM BUILDERS,5,0,5,0,5,0,5,0,5,0,5,0,5,0,5,0,5,0,7,0,7,0,10,0
NSRE10637,JOY GURU BUILDERS,5,0,5,0,5,0,5,0,5,0,5,0,5,0,5,0,5,0,7,0,7,0,10,0
NSRE18093,MAA KALI BUILDERS,8,0,8,0,8,0,8,0,8,0,8,0,8,0,8,0,8,0,10,0,10,0,10,0
NSRE18094,M.P. BUILDERS,8,0,8,0,8,0,8,0,8,0,8,0,8,0,8,0,8,0,10,0,10,0,10,0
SDRE06530,RADHAKRISHNA ENTERPRISE,8,0,8,0,8,0,8,0,8,0,8,0,8,0,8,0,8,0,10,0,10,0,10,0
SDRE06801,BANDANA BUILDERS,10,0,10,0,10,0,10,0,10,0,10,0,10,0,10,0,10,0,15,0,15,0,15,0
SDRE07279,M/S. KANJI ENTERPRISE,10,0,10,0,10,0,10,0,10,0,10,0,10,0,10,0,10,0,15,0,15,0,15,0
SDRE07280,GURUDASPUR HARDWARES,10,0,10,0,10,0,10,0,10,0,10,0,10,0,10,0,10,0,15,0,15,0,15,0
SDRE00215,RADHA GOBINDA BUILDERS,10,0,10,0,10,0,10,0,10,0,10,0,10,0,10,0,10,0,15,0,15,0,15,0
SDRE05363,PRAMANIK ENTERPRISE,10,0,12,0,12,0,15,0,10,0,8,0,8,0,15,0,20,0,20,0,20,0,20,0
SDRE05366,SHREE DURGA IMARATI BHANDER,10,0,12,0,12,0,15,0,10,0,8,0,8,0,15,0,20,0,20,0,20,0,20,0
SDRE05368,BERA ENTERPRISE,10,0,12,0,12,0,15,0,10,0,8,0,8,0,15,0,20,0,20,0,20,0,20,0
SDRE05370,PATRA IMARATI,10,0,12,0,12,0,15,0,10,0,8,0,8,0,15,0,20,0,20,0,20,0,20,0
SDRE05371,ARZOO ENTERPRISE,10,0,12,0,12,0,15,0,10,0,8,0,8,0,15,0,20,0,20,0,20,0,20,0
SDRE05646,MAA CHANDI ENTERPRISE (BGP),10,0,12,0,12,0,15,0,10,0,8,0,8,0,15,0,20,0,20,0,20,0,20,0
SDRE05816,SUBHASINI ENTERPRISE,10,0,12,0,12,0,15,0,10,0,8,0,8,0,15,0,20,0,20,0,20,0,20,0
SDRE06263,PAL ENTERPRISE,10,0,12,0,12,0,15,0,10,0,8,0,8,0,15,0,20,0,20,0,20,0,20,0
SDRE05367, MAA KALI IMARATI STORES,10,0,12,0,12,0,15,0,10,0,8,0,8,0,15,0,20,0,20,0,20,0,20,0
SDRE04053,BISWAJIT ENTERPRISE,10,0,12,0,12,0,15,0,10,0,8,0,8,0,15,0,20,0,20,0,20,0,20,0
SDRE05364, Bera Variety Stores,10,0,12,0,12,0,15,0,10,0,8,0,8,0,15,0,20,0,20,0,20,0,20,0
SDRE05951,LAXMI KAMALA ENTERPRISE,10,0,12,0,12,0,15,0,10,0,8,0,8,0,15,0,20,0,20,0,20,0,20,0
SDRE05372,MAA SITOLA IMAROTI BHANDER & HARDWARE,12,0,12,0,12,0,12,0,12,0,12,0,12,0,12,0,12,0,12,0,12,0,12,0
SDRE04879,UNIQUE ENTERPRISE,12,0,12,0,12,0,12,0,12,0,12,0,12,0,12,0,12,0,12,0,12,0,12,0
SDRE05356,MAA BASULI BUILDERS,16,0,16,0,16,0,16,0,16,0,16,0,16,0,16,0,16,0,32,0,32,0,32,0
SDRE07162,BALARAM ENTERPRISE,16,0,16,0,16,0,16,0,16,0,16,0,16,0,16,0,16,0,32,0,32,0,32,0
SDRE00366,SATYANARAYAN CENTERING & CONCRETE WORKS,16,0,16,0,16,0,16,0,16,0,16,0,16,0,16,0,16,0,32,0,32,0,32,0
SDRE04618,BOISAKHI VARIETY STORES,16,0,16,0,16,0,16,0,16,0,16,0,16,0,32,0,32,0,32,0,32,0,32,0
SDRE05388,M/S SURJAKANTA PANI(PANI ENTERPRISE),16,0,16,0,16,0,16,0,16,0,16,0,16,0,32,0,32,0,32,0,32,0,32,0
SDRE00390,KUILA HARDWARE,16,0,16,0,16,0,16,0,16,0,16,0,16,0,32,0,32,0,32,0,32,0,32,0
SDRE04438,BAPI HARDWARE,15,0,15,0,15,0,15,0,15,0,15,0,15,0,15,0,15,0,30,0,30,0,30,0
SDRE04602,SAHOO & KUNDU ENTERPRISE,15,0,15,0,15,0,15,0,15,0,15,0,15,0,15,0,15,0,30,0,30,0,30,0
SDRE04633,SRI KRISHNA ENTERPRISE,15,0,15,0,15,0,15,0,15,0,15,0,15,0,15,0,15,0,30,0,30,0,30,0
SDRE05397,SHREE GOPAL ENTERPRISE,15,0,15,0,15,0,15,0,15,0,15,0,15,0,15,0,15,0,30,0,30,0,30,0
SDRE04421,MAA TARA ENTERPRISE,32,0,32,0,32,0,32,0,32,0,32,0,32,0,32,0,32,0,32,0,32,0,32,0
SDRE04865,TARAK NATH KUILA,21,0,21,0,21,0,21,0,21,0,21,0,21,0,21,0,21,0,21,0,21,0,21,0
NSRE10353,MAA MANASA ENTERPRISE,10,0,10,0,10,0,10,0,10,0,10,0,10,0,10,0,15,0,15,0,15,0,15,0
SDRE04429,DAS HARDWARE,10,0,10,0,10,0,10,0,10,0,10,0,10,0,10,0,15,0,15,0,15,0,15,0
SDRE04454,SOMA ENTERPRISE,10,0,10,0,10,0,10,0,10,0,10,0,10,0,10,0,15,0,15,0,15,0,15,0
SDRE04870,MAA HASIBURI HARDWARE,10,0,10,0,10,0,10,0,10,0,10,0,10,0,10,0,15,0,15,0,15,0,15,0
SDRE04881,DINABANDHU HARDWARE,10,0,10,0,10,0,10,0,10,0,10,0,10,0,10,0,15,0,15,0,15,0,15,0
SDRE05384,ARMAN HARDWARE,10,0,10,0,10,0,10,0,10,0,10,0,10,0,10,0,15,0,15,0,15,0,15,0
SDRE07182,OM HARDWARES,10,0,10,0,10,0,10,0,10,0,10,0,10,0,10,0,10,0,15,0,15,0,15,0
SDRE00387,RADHA GOBINDO STORE,10,0,10,0,10,0,10,0,10,0,10,0,10,0,10,0,15,0,15,0,15,0,15,0
SDRE00388,MA SARADA BUILDERS,10,0,10,0,10,0,10,0,10,0,10,0,10,0,10,0,15,0,15,0,15,0,15,0
SDRE04621,LAXMI BUILDERS,10,0,10,0,10,0,10,0,10,0,10,0,10,0,10,0,15,0,15,0,15,0,15,0
SDRE04623,GOSWAMI BUILDERS,10,0,10,0,10,0,10,0,10,0,10,0,10,0,10,0,15,0,15,0,15,0,15,0
SDRE04624,M/S MAA DURGA BUILDING & GENERAL ORDER SUPPLIERS,10,0,10,0,10,0,10,0,10,0,10,0,10,0,10,0,15,0,15,0,15,0,15,0
SDRE04626,MAHAPRABHU BUILDERS,10,0,10,0,10,0,10,0,10,0,10,0,10,0,10,0,15,0,15,0,15,0,15,0
SDRE05390,SRI DURGA CEMENT WORKS,10,0,10,0,10,0,10,0,10,0,10,0,10,0,10,0,15,0,15,0,15,0,15,0
SDRE05395,TARA MAA BUILDERS,10,0,10,0,10,0,10,0,10,0,10,0,10,0,10,0,15,0,15,0,15,0,15,0
