DNS Customer Code,Customer Name,Phone no,Route code,Route Name,Emp Code name,acedns,Credit Limit,Credit Days,Current Balance,Black list,TD,Branch code,Cust type,rds tag,Sauda validity period,Address,Landline no,Owner name,Owner phone,Cust class,Weekly closing day,Coverage type,TIN,PAN,District,Minimum stock,Bank name,Bank account number,Email,Visit Day,State,Monthly Potential,Sauda limit,Incoterms,Loadability ton,Transport mode,Sauda type,Zone,Visit sequence,Appointment date,date_of_birth,date_of_anniversary,whatsapp_no,beneficiary_name,IFS_code,pin,Base lattitude,Base longitude,Retailer app
,"",,,"",,,0,,0,N,0,,D,"",,"",,"",,,,,,,,0,,,,,,0,0,,0,,,,0,2000-00-00,2000-00-00,2000-00-00,,,,,0,0,
,"",,,"",,,0,,0,N,0,,D,"",,"",,"",,,,,,,,0,,,,,,0,0,,0,,,,0,2000-00-00,2000-00-00,2000-00-00,,,,,0,0,
,"0",0,,"0",,,0,0,0,N,0,,,"",450331,"0",0,"no",,,,,,,,0,,,,,,0,0,,0,,,,0,0000-00-00,0000-00-00,0000-00-00,,,,,0,0,
NE010720200715152158,"8607908780",8607908780,,"DIGHAWA",Ramesh Kr.Verma,Y,0,,0,N,0,,R,"",,"DIGHAWA",,"",,,,,,,,0,,,,,HARYANA,0,0,,0,,,,0,2000-00-00,2000-00-00,2000-00-00,,,,123705,0,0,no
,"A P TRADING CO",9728050090,,"Mahendergarh",Sanjay Kr Sharma,Y,0,,0,N,0,,D,"",,"",,"",,,,,,,,0,,,,,HARYANA,0,0,,0,,,,0,0000-00-00,0000-00-00,0000-00-00,,,,,0,0,
D000090,"A. T. S. TRADING CO",9991725444,,"Tosham",Ajay Kr Yadav,N,0,,0,N,0,,D,"",,"",,"",,,,,,,,0,,,,,HARYANA,0,0,,0,,,,0,0000-00-00,0000-00-00,0000-00-00,,,,,0,0,
D000090,"A. T. S. TRADING CO",9991725444,,"Tosham",Ramesh Kr.Verma,Y,0,,0,N,0,,D,"",,"",,"",,,,,,,,0,,,,,HARYANA,0,0,,0,,,,0,0000-00-00,0000-00-00,0000-00-00,,,,,0,0,
D000481,"A.K.METAL",9636368841,,"AKLERA",Devendra Kr.Tripathi,Y,0,,0,N,0,,D,"",,"",,"",,,,,,,,0,,,,,RAJASTHAN,0,0,,0,,,,0,0000-00-00,0000-00-00,0000-00-00,,,,,0,0,
D000481,"A.K.METAL",9636368841,,"Chhan (Jhalawar )",Devendra Kr.Tripathi,Y,0,,0,N,0,,D,"",,"",,"",,,,,,,,0,,,,,RAJASTHAN,0,0,,0,,,,0,0000-00-00,0000-00-00,0000-00-00,,,,,0,0,
,"A.P.ENTERPRISES",,,"",Sanjay Kr Singh,Y,0,,0,N,0,,D,"",,"",,"",,,,,,,,0,,,,,,0,0,,0,,,,0,0000-00-00,0000-00-00,0000-00-00,,,,,0,0,
,"A.P.ENTERPRISES",,,"Hazaribagh",Sanjay Kr Singh,Y,0,,0,N,0,,D,"",,"",,"",,,,,,,,0,,,,,,0,0,,0,,,,0,0000-00-00,0000-00-00,0000-00-00,,,,,0,0,
,"A.R.S. AGENCIES (BHARADI)",,,"Aurangabad",Hemant S Shinde,N,0,,0,N,0,,D,"",,"",,"",,,,,,,,0,,,,,MAHARASHTRA,0,0,,0,,,,0,0000-00-00,0000-00-00,0000-00-00,,,,,0,0,
,"Aaditya Irrigation & Machinery",,,"",Hemant S Shinde,Y,0,,0,N,0,,D,"",,"",,"",,,,,,,,0,,,,,MAHARASHTRA,0,0,,0,,,,0,0000-00-00,0000-00-00,0000-00-00,,,,,0,0,
,"Aaditya Irrigation & Machinery",,,"Akola",Gopal C Rathod,Y,0,,0,N,0,,D,"",,"",,"",,,,,,,,0,,,,,MAHARASHTRA,0,0,,0,,,,0,2000-00-00,2000-00-00,2000-00-00,,,,,0,0,
D000153,"AARADHYA ENTERPRISES",9538430214,,"NEAR LIC OFFICE, MSK MITT ROAD",Anand Rampure,Y,0,,0,N,0,,D,"",,"",,"",,,,,,,,0,,,,,KARNATAKA,0,0,,0,,,,0,0000-00-00,0000-00-00,0000-00-00,,,,,0,0,no
D000153,"AARADHYA ENTERPRISES",9538430214,,"NEAR LIC OFFICE MSK MITT ROAD",Anand Rampure,Y,0,,0,N,0,,D,"",,"",,"",,,,,,,,0,,,,,KARNATAKA,0,0,,0,,,,0,2000-00-00,2000-00-00,2000-00-00,,,,,0,0,no
,"AARIF KHURSHID TRADERS",9414770836,,"SURWAL",Devendra Kr.Tripathi,Y,0,,0,N,0,,D,"",,"",,"",,,,,,,,0,,,,,RAJASTHAN,0,0,,0,,,,0,2000-00-00,2000-00-00,2000-00-00,,,,,0,0,
D000482,"AASHAPURA TRADING COMPANY",9828271094,,"JALORE",Praveen Sharma,Y,0,,0,N,0,,D,"",,"",,"",,,,,,,,0,,,,,RAJASTHAN,0,0,,0,,,,0,0000-00-00,0000-00-00,0000-00-00,,,,,0,0,
D000482,"AASHAPURA TRADING COMPANY",9828271094,,"JALORE",Aditya Rathi,Y,0,,0,N,0,,D,"",,"",,"",,,,,,,,0,,,,,RAJASTHAN,0,0,,0,,,,0,0000-00-00,0000-00-00,0000-00-00,,,,,0,0,
D000480,"AASHISH AGROTECH & COMPANY",7073070030,,"HANUMANGARH",A.K Sharma,Y,0,,0,N,0,,D,"",,"",,"",,,,,,,,0,,,,,RAJASTHAN,0,0,,0,,,,0,0000-00-00,0000-00-00,0000-00-00,,,,,0,0,
D000102,"AB INFRASTRUCTURE",9779747980,,"28A SECTOR 20",,Y,0,,0,N,0,,D,"",,"",,"",,,,,,,,0,,,,,HARYANA,0,0,,0,,,,0,0000-00-00,0000-00-00,0000-00-00,,,,,0,0,no
D000102,"AB INFRASTRUCTURE",9779747980,,"28A SECTOR 20",,Y,0,,0,N,0,,D,"",,"",,"",,,,,,,,0,,,,,HARYANA,0,0,,0,,,,0,0000-00-00,0000-00-00,0000-00-00,,,,,0,0,no
NE002220190727095626,"ABCD",9829921068,,"BIKANER",A.K Sharma,Y,0,,0,N,0,,D,"",,"",,"",,,,,,,,0,,,,,RAJASTHAN,0,0,,0,,,,0,0000-00-00,0000-00-00,0000-00-00,,,,,0,0,
D000475,"ABHAY TRADERS",9777173432,,"GAJAPATI CHOWK",Ashok Kr Nayak,Y,0,,0,N,0,,D,"",,"",,"",,,,,,,,0,,,,,ODISHA,0,0,,0,,,,0,0000-00-00,0000-00-00,0000-00-00,,,,,0,0,no
D000475,"ABHAY TRADERS",9777173432,,"Navrangpur",Lakhan Sunani,Y,0,,0,N,0,,D,"",,"",,"",,,,,,,,0,,,,,ODISHA,0,0,,0,,,,0,2000-00-00,2000-00-00,2000-00-00,,,,,0,0,no
D000863,"ABI EVER GREEN DRIP IRRIGATION",9042478275,,"Rasipuram main road",,N,0,,0,N,0,,D,"",,"",,"",,,,,,,,0,,,,,Tamil Nadu,0,0,,0,,,,0,2000-00-00,2000-00-00,2000-00-00,,,,,0,0,
D000863,"ABI EVER GREEN DRIP IRRIGATION",9042478275,,"Rasipuram main road",,Y,0,,0,N,0,,D,"",,"",,"",,,,,,,,0,,,,,Tamil Nadu,0,0,,0,,,,0,2000-00-00,2000-00-00,2000-00-00,,,,,0,0,
D000863,"ABI EVER GREEN DRIP IRRIGATION",9042478275,,"Rasipuram main road",SAKTHIVEL.P,N,0,,0,N,0,,D,"",,"",,"",,,,,,,,0,,,,,Tamil Nadu,0,0,,0,,,,0,2000-00-00,2000-00-00,2000-00-00,,,,,0,0,
D000863,"ABI EVER GREEN DRIP IRRIGATION",9042478275,,"Rasipuram main road",,Y,0,,0,N,0,,D,"",,"",,"",,,,,,,,0,,,,,Tamil Nadu,0,0,,0,,,,0,2000-00-00,2000-00-00,2000-00-00,,,,,0,0,
,"ABI EVER GREEN DRIP IRRIGATION",9042478275,,"SALEM",,N,0,,0,N,0,,D,"",,"",,"",,,,,,,,0,,,,,TAMIL NADU,0,0,,0,,,,0,0000-00-00,0000-00-00,0000-00-00,,,,,0,0,
,"ABI EVER GREEN DRIP IRRIGATION",9042478275,,"SALEM",SAKTHIVEL.P,N,0,,0,N,0,,D,"",,"",,"",,,,,,,,0,,,,,TAMIL NADU,0,0,,0,,,,0,0000-00-00,0000-00-00,0000-00-00,,,,,0,0,
,"ABI EVER GREEN DRIP IRRIGATION",9042478275,,"SALEM",,N,0,,0,N,0,,D,"",,"",,"",,,,,,,,0,,,,,TAMIL NADU,0,0,,0,,,,0,0000-00-00,0000-00-00,0000-00-00,,,,,0,0,
,"ABI EVER GREEN DRIP IRRIGATION",9042478275,,"ATTUR",Venkatesh,Y,0,,0,N,0,,D,"",,"",,"",,,,,,,,0,,,,,TAMIL NADU,0,0,,0,,,,0,0000-00-00,0000-00-00,0000-00-00,,,,636108,0,0,no
,"AD HORTICULTURE-AJMER",,,"AJMER",Vivek Kumar,Y,0,,0,N,0,,D,"",,"",,"",,,,,,,,0,,,,,RAJASTHAN,0,0,,0,,,,0,0000-00-00,0000-00-00,0000-00-00,,,,,0,0,
,"AD HORTICULTURE-ALWAR",,,"ALWAR",Vivek Kumar,Y,0,,0,N,0,,D,"",,"",,"",,,,,,,,0,,,,,RAJASTHAN,0,0,,0,,,,0,0000-00-00,0000-00-00,0000-00-00,,,,,0,0,
,"AD HORTICULTURE-BHARATPUR",,,"BHARATPUR",Vivek Kumar,Y,0,,0,N,0,,D,"",,"",,"",,,,,,,,0,,,,,RAJASTHAN,0,0,,0,,,,0,0000-00-00,0000-00-00,0000-00-00,,,,,0,0,
,"AD HORTICULTURE-DAUSA",,,"DAUSA",Vivek Kumar,Y,0,,0,N,0,,D,"",,"",,"",,,,,,,,0,,,,,RAJASTHAN,0,0,,0,,,,0,0000-00-00,0000-00-00,0000-00-00,,,,,0,0,
,"AD HORTICULTURE-DHOLPUR",,,"Dholpur",Vivek Kumar,Y,0,,0,N,0,,D,"",,"",,"",,,,,,,,0,,,,,RAJASTHAN,0,0,,0,,,,0,0000-00-00,0000-00-00,0000-00-00,,,,,0,0,
,"AD HORTICULTURE-JHALAWAR",,,"JHALAWAR",Vivek Kumar,Y,0,,0,N,0,,D,"",,"",,"",,,,,,,,0,,,,,RAJASTHAN,0,0,,0,,,,0,0000-00-00,0000-00-00,0000-00-00,,,,,0,0,
,"AD HORTICULTURE-JHUNJHUNU",,,"JHUNJHUNU",Vivek Kumar,Y,0,,0,N,0,,D,"",,"",,"",,,,,,,,0,,,,,RAJASTHAN,0,0,,0,,,,0,0000-00-00,0000-00-00,0000-00-00,,,,,0,0,
,"AD HORTICULTURE-SIKAR",,,"SIKAR",Vivek Kumar,Y,0,,0,N,0,,D,"",,"",,"",,,,,,,,0,,,,,RAJASTHAN,0,0,,0,,,,0,0000-00-00,0000-00-00,0000-00-00,,,,,0,0,
D000889,"ADARSH AGRO TECH",9442642619,,"GANDHIPURAM",,N,0,,0,N,0,,D,"",,"",,"",,,,,,,,0,,,,,Tamil Nadu,0,0,,0,,,,0,2000-00-00,2000-00-00,2000-00-00,,,,,0,0,
D000889,"ADARSH AGRO TECH",9442642619,,"GANDHIPURAM",,Y,0,,0,N,0,,D,"",,"",,"",,,,,,,,0,,,,,Tamil Nadu,0,0,,0,,,,0,2000-00-00,2000-00-00,2000-00-00,,,,,0,0,
D000889,"ADARSH AGRO TECH",9442642619,,"GANDHIPURAM",,Y,0,,0,N,0,,D,"",,"",,"",,,,,,,,0,,,,,Tamil Nadu,0,0,,0,,,,0,2000-00-00,2000-00-00,2000-00-00,,,,,0,0,
,"ADARSH AGRO TECH",9442642619,,"COIMBATORE",,N,0,,0,N,0,,D,"",,"",,"",,,,,,,,0,,,,,TAMIL NADU,0,0,,0,,,,0,0000-00-00,0000-00-00,0000-00-00,,,,,0,0,
,"ADARSH AGRO TECH",9442642619,,"COIMBATORE",SARANRAJ.P,N,0,,0,N,0,,D,"",,"",,"",,,,,,,,0,,,,,TAMIL NADU,0,0,,0,,,,0,0000-00-00,0000-00-00,0000-00-00,,,,,0,0,
,"ADARSH AGRO TECH",9442642619,,"COIMBATORE",,N,0,,0,N,0,,D,"",,"",,"",,,,,,,,0,,,,,TAMIL NADU,0,0,,0,,,,0,0000-00-00,0000-00-00,0000-00-00,,,,,0,0,
,"ADHISHESHA AGRO TECH",8508883020,,"CHINNAMANUR",ESWARAN.M,Y,0,,0,N,0,,D,"",,"",,"",,,,,,,,0,,,,,TAMIL NADU,0,0,,0,,,,0,0000-00-00,0000-00-00,0000-00-00,,,,625515,0,0,no
,"ADHUNIK KRISHI BAHAR",,,"GOVINDGARH",Vivek Kumar,Y,0,,0,N,0,,D,"",,"",,"",,,,,,,,0,,,,,RAJASTHAN,0,0,,0,,,,0,0000-00-00,0000-00-00,0000-00-00,,,,,0,0,
,"ADHUNIK KRISHI BAHAR",,,"GOVINDGARH",Prathviraj,Y,0,,0,N,0,,D,"",,"",,"",,,,,,,,0,,,,,RAJASTHAN,0,0,,0,,,,0,0000-00-00,0000-00-00,0000-00-00,,,,,0,0,
,"Aditya Agro",,,"",Anup Kumar,Y,0,,0,N,0,,D,"",,"",,"",,,,,,,,0,,,,,,0,0,,0,,,,0,0000-00-00,0000-00-00,0000-00-00,,,,,0,0,
,"Aditya Agro",,,"Ranchi",Anup Kumar,Y,0,,0,N,0,,D,"",,"",,"",,,,,,,,0,,,,,,0,0,,0,,,,0,0000-00-00,0000-00-00,0000-00-00,,,,,0,0,
D000485,"ADITYA ASSOCIATE",9549790000,,"SARDARPURA",Praveen Sharma,Y,0,,0,N,0,,D,"",,"",,"",,,,,,,,0,,,,,RAJASTHAN,0,0,,0,,,,0,0000-00-00,0000-00-00,0000-00-00,,,,,0,0,
D000485,"ADITYA ASSOCIATE",9549790000,,"SARDARPURA",Aditya Rathi,Y,0,,0,N,0,,D,"",,"",,"",,,,,,,,0,,,,,RAJASTHAN,0,0,,0,,,,0,0000-00-00,0000-00-00,0000-00-00,,,,,0,0,
,"Aditya Seeds & Furtilizers, Selu",,,"PARBHANI",Hemant S Shinde,N,0,,0,N,0,,D,"",,"",,"",,,,,,,,0,,,,,MAHARASHTRA,0,0,,0,,,,0,0000-00-00,0000-00-00,0000-00-00,,,,,0,0,
,"AGARWAL AGENCIES",,,"KRISHI MANDI",Devendra Kr.Tripathi,Y,0,,0,N,0,,D,"",,"",,"",,,,,,,,0,,,,,RAJASTHAN,0,0,,0,,,,0,2000-00-00,2000-00-00,2000-00-00,,,,,0,0,
,"AGARWAL AGENCIES",,,"KRISHI MANDI",Vivek Kumar,Y,0,,0,N,0,,D,"",,"",,"",,,,,,,,0,,,,,RAJASTHAN,0,0,,0,,,,0,2000-00-00,2000-00-00,2000-00-00,,,,,0,0,
D000487,"AGARWAL AGRO AGENCY",9414137962,,"BIKANER",A.K Sharma,Y,0,,0,N,0,,D,"",,"",,"",,,,,,,,0,,,,,RAJASTHAN,0,0,,0,,,,0,0000-00-00,0000-00-00,0000-00-00,,,,,0,0,
D000489,"AGARWAL KRISHI YANTRALYA",9414078647,,"DAUSA",Devendra Kr.Tripathi,Y,0,,0,N,0,,D,"",,"",,"",,,,,,,,0,,,,,RAJASTHAN,0,0,,0,,,,0,0000-00-00,0000-00-00,0000-00-00,,,,,0,0,
D000489,"AGARWAL KRISHI YANTRALYA",9414078647,,"Mahuwa",Devendra Kr.Tripathi,Y,0,,0,N,0,,D,"",,"",,"",,,,,,,,0,,,,,RAJASTHAN,0,0,,0,,,,0,0000-00-00,0000-00-00,0000-00-00,,,,,0,0,
,"AGARWAL MACHINERY STORE",9414408860,,"DAUSA",Devendra Kr.Tripathi,Y,0,,0,N,0,,D,"",,"",,"",,,,,,,,0,,,,,RAJASTHAN,0,0,,0,,,,0,2000-00-00,2000-00-00,2000-00-00,,,,,0,0,
,"AGRI POINT",9649019111,,"UDAIPURWATI",Vivek Kumar,Y,0,,0,N,0,,D,"",,"",,"",,,,,,,,0,,,,,RAJASTHAN,0,0,,0,,,,0,0000-00-00,0000-00-00,0000-00-00,,,,,0,0,
,"AGRI POINT",9649019111,,"UDAIPURWATI",Prathviraj,Y,0,,0,N,0,,D,"",,"",,"",,,,,,,,0,,,,,RAJASTHAN,0,0,,0,,,,0,0000-00-00,0000-00-00,0000-00-00,,,,,0,0,
D000495,"AGRICULTURE HOUSE",9414919445,,"JODHPUR",Praveen Sharma,Y,0,,0,N,0,,D,"",,"",,"",,,,,,,,0,,,,,RAJASTHAN,0,0,,0,,,,0,0000-00-00,0000-00-00,0000-00-00,,,,,0,0,
D000495,"AGRICULTURE HOUSE",9414919445,,"JODHPUR",Aditya Rathi,Y,0,,0,N,0,,D,"",,"",,"",,,,,,,,0,,,,,RAJASTHAN,0,0,,0,,,,0,0000-00-00,0000-00-00,0000-00-00,,,,,0,0,
D000497,"AGRO ELECTRIC STORE",9414401220,,"HANUMAN CITY",Devendra Kr.Tripathi,Y,0,,0,N,0,,D,"",,"",,"",,,,,,,,0,,,,,RAJASTHAN,0,0,,0,,,,0,0000-00-00,0000-00-00,0000-00-00,,,,,0,0,
D000497,"AGRO ELECTRIC STORE",9414401220,,"Hindon city",Devendra Kr.Tripathi,Y,0,,0,N,0,,D,"",,"",,"",,,,,,,,0,,,,,RAJASTHAN,0,0,,0,,,,0,0000-00-00,0000-00-00,0000-00-00,,,,,0,0,
D000478,"AGRO IMPLEMENTS & SYNDICTATE",9178835333,,"NEAR RAILWAY STATION, CHATRAPUR",Ashok Kr Nayak,Y,0,,0,N,0,,D,"",,"",,"",,,,,,,,0,,,,,ODISHA,0,0,,0,,,,0,0000-00-00,0000-00-00,0000-00-00,,,,,0,0,no
D000478,"AGRO IMPLEMENTS & SYNDICTATE",9178835333,,"GAJAPATI",Ashok Kr Nayak,Y,0,,0,N,0,,D,"",,"",,"",,,,,,,,0,,,,,ODISHA,0,0,,0,,,,0,0000-00-00,0000-00-00,0000-00-00,,,,,0,0,no
D000478,"AGRO IMPLEMENTS & SYNDICTATE",9178835333,,"NEAR RAILWAY STATION CHATRAPUR",Ashok Kr Nayak,Y,0,,0,N,0,,D,"",,"",,"",,,,,,,,0,,,,,ODISHA,0,0,,0,,,,0,2000-00-00,2000-00-00,2000-00-00,,,,,0,0,no
,"Ajay Kisan Irrigation",9416348367,,"Mahendergarh",Sanjay Kr Sharma,Y,0,,0,N,0,,D,"",,"",,"",,,,,,,,0,,,,,HARYANA,0,0,,0,,,,0,2000-00-00,2000-00-00,2000-00-00,,,,,0,0,
D000864,"AJITH RAJ JAIN AGRO AGENCIES",99440 48895,,"Neethaiyampalayam",,N,0,,0,N,0,,D,"",,"",,"",,,,,,,,0,,,,,Tamil Nadu,0,0,,0,,,,0,2000-00-00,2000-00-00,2000-00-00,,,,,0,0,
D000864,"AJITH RAJ JAIN AGRO AGENCIES",99440 48895,,"Neethaiyampalayam",,Y,0,,0,N,0,,D,"",,"",,"",,,,,,,,0,,,,,Tamil Nadu,0,0,,0,,,,0,2000-00-00,2000-00-00,2000-00-00,,,,,0,0,
D000864,"AJITH RAJ JAIN AGRO AGENCIES",99440 48895,,"Neethaiyampalayam",,Y,0,,0,N,0,,D,"",,"",,"",,,,,,,,0,,,,,Tamil Nadu,0,0,,0,,,,0,2000-00-00,2000-00-00,2000-00-00,,,,,0,0,
,"AJITH RAJ JAIN AGRO AGENCIES",99440 48895,,"NAMAKKAL",DHANASEELAN.U,N,0,,0,N,0,,D,"",,"",,"",,,,,,,,0,,,,,TAMIL NADU,0,0,,0,,,,0,0000-00-00,0000-00-00,0000-00-00,,,,,0,0,
,"AJITH RAJ JAIN AGRO AGENCIES",99440 48895,,"NAMAKKAL",SELVAKUMAR.M-1,N,0,,0,N,0,,D,"",,"",,"",,,,,,,,0,,,,,TAMIL NADU,0,0,,0,,,,0,0000-00-00,0000-00-00,0000-00-00,,,,,0,0,
,"AK AGRI SOLUTIONS",9003485769,,"KALLAKURICHI",Parthiban,Y,0,,0,N,0,,D,"",,"",,"",,,,,,,,0,,,,,TAMIL NADU,0,0,,0,,,,0,0000-00-00,0000-00-00,0000-00-00,,,,606202,0,0,no
,"Akanksha Traders",,,"",Anup Kumar,Y,0,,0,N,0,,D,"",,"",,"",,,,,,,,0,,,,,,0,0,,0,,,,0,0000-00-00,0000-00-00,0000-00-00,,,,,0,0,
,"Akanksha Traders",,,"Ranchi",Anup Kumar,Y,0,,0,N,0,,D,"",,"",,"",,,,,,,,0,,,,,,0,0,,0,,,,0,0000-00-00,0000-00-00,0000-00-00,,,,,0,0,
D000106,"AKJ PLAST PVT LTD",8930066607,,"KHURD",Ramesh Kr.Verma,Y,0,,0,N,0,,D,"",,"",,"",,,,,,,,0,,,,,HARYANA,0,0,,0,,,,0,0000-00-00,0000-00-00,0000-00-00,,,,,0,0,no
,"AKSHA POLYMERS",9414189230,,"KOTA",Devendra Kr.Tripathi,Y,0,,0,N,0,,D,"",,"",,"",,,,,,,,0,,,,,RAJASTHAN,0,0,,0,,,,0,2000-00-00,2000-00-00,2000-00-00,,,,,0,0,
,"Alfa Pumps",,,"JABALPUR",Sunil Awadhwal,Y,0,,0,N,0,,D,"",,"",,"",,,,,,,,0,,,,,MADHYA PRADESH,0,0,,0,,,,0,0000-00-00,0000-00-00,0000-00-00,,,,,0,0,
,"Ambika & Co",9950651240,,"Bapawer",Devendra Kr.Tripathi,Y,0,,0,N,0,,D,"",,"",,"",,,,,,,,0,,,,,RAJASTHAN,0,0,,0,,,,0,2000-00-00,2000-00-00,2000-00-00,,,,,0,0,
D000501,"AMBIKA ELECTRIC STORE",,,"SAYALA",Praveen Sharma,Y,0,,0,N,0,,D,"",,"",,"",,,,,,,,0,,,,,RAJASTHAN,0,0,,0,,,,0,0000-00-00,0000-00-00,0000-00-00,,,,,0,0,
D000501,"AMBIKA ELECTRIC STORE",,,"SAYALA",Aditya Rathi,Y,0,,0,N,0,,D,"",,"",,"",,,,,,,,0,,,,,RAJASTHAN,0,0,,0,,,,0,0000-00-00,0000-00-00,0000-00-00,,,,,0,0,
,"AMBIKA MACHINERY (CHIKHLI)",,,"BULDHANA",Hemant S Shinde,N,0,,0,N,0,,D,"",,"",,"",,,,,,,,0,,,,,MAHARASHTRA,0,0,,0,,,,0,0000-00-00,0000-00-00,0000-00-00,,,,,0,0,
,"Ambika Traders",9460680983,,"KOTA",Devendra Kr.Tripathi,Y,0,,0,N,0,,D,"",,"",,"",,,,,,,,0,,,,,RAJASTHAN,0,0,,0,,,,0,2000-00-00,2000-00-00,2000-00-00,,,,,0,0,
,"AMIRA ENTERPRISES",8057501665,,"Dehradun",Arvind Pathak,Y,0,,0,N,0,,D,"",,"",,"",,,,,,,,0,,,,,Uttaranchal,0,0,,0,,,,0,2000-00-00,2000-00-00,2000-00-00,,,,,0,0,
,"AMMAN AGENCIES",,,"ARIYALUR",PRAKASH.K,N,0,,0,N,0,,D,"",,"",,"",,,,,,,,0,,,,,TAMIL NADU,0,0,,0,,,,0,2000-00-00,2000-00-00,2000-00-00,,,,,0,0,
,"AMMAN AGENCIES",9976131070,,"KALLATHUR",SELVARAJ,Y,0,,0,N,0,,D,"",,"",,"",,,,,,,,0,,,,,TAMIL NADU,0,0,,0,,,,0,0000-00-00,0000-00-00,0000-00-00,,,,621803,0,0,no
D000503,"AMRITA KRISHI KENDRA",9928013685,,"SIKAR",A.K Sharma,Y,0,,0,N,0,,D,"",,"",,"",,,,,,,,0,,,,,RAJASTHAN,0,0,,0,,,,0,0000-00-00,0000-00-00,0000-00-00,,,,,0,0,
,"ANAND AGRO TECH",,,"JALANA",Hemant S Shinde,Y,0,,0,N,0,,D,"",,"",,"",,,,,,,,0,,,,,MAHARASHTRA,0,0,,0,,,,0,2000-00-00,2000-00-00,2000-00-00,,,,,0,0,
,"Anand and Company",,,"Sultana",A.K Sharma,Y,0,,0,N,0,,D,"",,"",,"",,,,,,,,0,,,,,RAJASTHAN,0,0,,0,,,,0,2000-00-00,2000-00-00,2000-00-00,,,,,0,0,
NE025320210328104240,"ANAND SARUP",9357184332,,"KUNJPURA",Rahul Kumar,Y,0,,0,N,0,,R,"",,"VILL-KUNJPURAKARNALKARNAL",,"",,,,,,,,,,,,,HARYANA,0,0,,0,,,,0,0000-00-00,0000-00-00,0000-00-00,,,,132022,0,0,no
,"ANANT IRRIGATION  (ARDHAPUR)",,,"NANDED",Hemant S Shinde,N,0,,0,N,0,,D,"",,"",,"",,,,,,,,0,,,,,MAHARASHTRA,0,0,,0,,,,0,0000-00-00,0000-00-00,0000-00-00,,,,,0,0,
NE022820200901092410,"ANBARASAN",9944328814,,"TIRUVANNAMALAI-ARNI",Anbarasan.T,N,0,,0,N,0,,R,"",,"1834/C GUBERA NAGAR 2ND STREET VENGIKKAL TIRUVANNAMALAI",,"",,,,,,,,0,,,,,TAMIL NADU,0,0,,0,,,,0,0000-00-00,0000-00-00,0000-00-00,,,,606604,0,0,no
,"ANGEL IRRIGATION TECH",9444100859,,"DHARMAPURI",,N,0,,0,N,0,,D,"",,"",,"",,,,,,,,0,,,,,TAMIL NADU,0,0,,0,,,,0,0000-00-00,0000-00-00,0000-00-00,,,,,0,0,
,"ANGEL IRRIGATION TECH",9444100859,,"DHARMAPURI",RAMKUMAR.N,N,0,,0,N,0,,D,"",,"",,"",,,,,,,,0,,,,,TAMIL NADU,0,0,,0,,,,0,0000-00-00,0000-00-00,0000-00-00,,,,,0,0,
,"ANGEL IRRIGATION TECH",9444100859,,"DHARMAPURI",,N,0,,0,N,0,,D,"",,"",,"",,,,,,,,0,,,,,TAMIL NADU,0,0,,0,,,,0,0000-00-00,0000-00-00,0000-00-00,,,,,0,0,
,"ANGEL IRRIGATION TECH",9444100859,,"HARUR",RAMKUMAR.N,Y,0,,0,N,0,,D,"",,"",,"",,,,,,,,0,,,,,TAMIL NADU,0,0,,0,,,,0,0000-00-00,0000-00-00,0000-00-00,,,,636903,0,0,no
,"ANIKET AGRO (BHARADI)",,,"Aurangabad",Hemant S Shinde,N,0,,0,N,0,,D,"",,"",,"",,,,,,,,0,,,,,MAHARASHTRA,0,0,,0,,,,0,0000-00-00,0000-00-00,0000-00-00,,,,,0,0,
D000145,"ANIRUDHA TRADERS",9740372696,,"SHIVAMMOGGA",M.S Shrikanta,Y,0,,0,N,0,,D,"",,"",,"",,,,,,,,0,,,,,KARNATAKA,0,0,,0,,,,0,2000-00-00,2000-00-00,2000-00-00,,,,,0,0,no
NE014520191204113421,"ANJALI ENTERPRISE",6395066743,,"MATHURA",Shivkant,Y,0,,0,N,0,,R,"",,"MATHURA",,"",,,,,,,,0,,,,,UP,0,0,,0,,,,0,2000-00-00,2000-00-00,2000-00-00,,,,281001,0,0,no
,"ANJALI ENTERPRISES",,,"MATHURA",Praveer Kr Dixit,N,0,,0,N,0,,D,"",,"",,"",,,,,,,,0,,,,,UP,0,0,,0,,,,0,0000-00-00,0000-00-00,0000-00-00,,,,,0,0,
,"ANJALI ENTERPRISES",,,"MATHURA",Shivkant,Y,0,,0,N,0,,D,"",,"",,"",,,,,,,,0,,,,,UP,0,0,,0,,,,0,0000-00-00,0000-00-00,0000-00-00,,,,,0,0,
NE009520191004134731,"ANJALI TRADERS",7607007171,,"ORAI",Pradeep Kumar,Y,0,,0,N,0,,D,"",,"",,"",,,,,,,,0,,,,,Uttar Pradesh,0,0,,0,,,,0,2000-00-00,2000-00-00,2000-00-00,,,,,0,0,
NE009520191004134731,"ANJALI TRADERS",7607007171,,"ORAI",Praveer Kr Dixit,N,0,,0,N,0,,D,"",,"",,"",,,,,,,,0,,,,,Uttar Pradesh,0,0,,0,,,,0,2000-00-00,2000-00-00,2000-00-00,,,,,0,0,
D000505,"ANJANA PUMP SERVICES",,,"NIMBAHERA",Surya Bhan Singh Bhati,Y,0,,0,N,0,,D,"",,"",,"",,,,,,,,0,,,,,RAJASTHAN,0,0,,0,,,,0,0000-00-00,0000-00-00,0000-00-00,,,,,0,0,
,"ANJANAYA AGRO SERVICE",9443062023,,"THENI",ESWARAN.M,Y,0,,0,N,0,,D,"",,"",,"",,,,,,,,0,,,,,TAMIL NADU,0,0,,0,,,,0,0000-00-00,0000-00-00,0000-00-00,,,,625531,0,0,no
,"ANNAI THERESA TRADERS",8098009205,,"KARIAPATTI",SHENBAGARAJA,Y,0,,0,N,0,,D,"",,"",,"",,,,,,,,0,,,,,TAMIL NADU,0,0,,0,,,,0,0000-00-00,0000-00-00,0000-00-00,,,,626106,0,0,no
D000147,"ANNAPOORNA ENTERPRISES",9731932871,,"NILAYA, BARLINE ROAD",M.S Shrikanta,Y,0,,0,N,0,,D,"",,"",,"",,,,,,,,0,,,,,KARNATAKA,0,0,,0,,,,0,0000-00-00,0000-00-00,0000-00-00,,,,,0,0,no
D000147,"ANNAPOORNA ENTERPRISES",9731932871,,"NILAYA BARLINE ROAD",M.S Shrikanta,Y,0,,0,N,0,,D,"",,"",,"",,,,,,,,0,,,,,KARNATAKA,0,0,,0,,,,0,2000-00-00,2000-00-00,2000-00-00,,,,,0,0,no
D000128,"ANSHUL GAUTAM",9882206617,,"SADAR",Anil Guleria,N,0,,0,N,0,,D,"",,"",,"",,,,,,,,0,,,,,HIMACHAL PRADESH,0,0,,0,,,,0,0000-00-00,0000-00-00,0000-00-00,,,,,0,0,no
,"ANUJ INFOTECH (DONGARKADA)",,,"NANDED",Hemant S Shinde,N,0,,0,N,0,,D,"",,"",,"",,,,,,,,0,,,,,MAHARASHTRA,0,0,,0,,,,0,0000-00-00,0000-00-00,0000-00-00,,,,,0,0,
,"AP ENTERPRISES",9355135754,,"",Sushil Kumar,Y,0,,0,N,0,,D,"",,"",,"",,,,,,,,0,,,,,HARAYANA,0,0,,0,,,,0,0000-00-00,0000-00-00,0000-00-00,,,,,0,0,
D000065,"AQUALIA IRRIGATION SYSTEM",9254126436,,"HISSAR",Ramesh Kr.Verma,Y,0,,0,N,0,,D,"",,"",,"",,,,,,,,0,,,,,HARYANA,0,0,,0,,,,0,0000-00-00,0000-00-00,0000-00-00,,,,,0,0,no
D000848,"ARASAKULAM FARMER  PRODUCER GROUP",9750474112,,"KARIAPATTI TALUK,",,Y,0,,0,N,0,,D,"",,"",,"",,,,,,,,0,,,,,Tamil Nadu,0,0,,0,,,,0,0000-00-00,0000-00-00,0000-00-00,,,,,0,0,no
,"ARASAKULAM FARMER  PRODUCER GROUP",9750474112,,"VIRUDHUNAGAR",,N,0,,0,N,0,,D,"",,"",,"",,,,,,,,0,,,,,TAMIL NADU,0,0,,0,,,,0,0000-00-00,0000-00-00,0000-00-00,,,,,0,0,
,"ARASAKULAM FARMER  PRODUCER GROUP",9750474112,,"VIRUDHUNAGAR",,N,0,,0,N,0,,D,"",,"",,"",,,,,,,,0,,,,,TAMIL NADU,0,0,,0,,,,0,0000-00-00,0000-00-00,0000-00-00,,,,,0,0,
D000848,"ARASAKULAM FARMER  PRODUCER GROUP",9750474112,,"KARIAPATTI TALUK",,N,0,,0,N,0,,D,"",,"",,"",,,,,,,,0,,,,,Tamil Nadu,0,0,,0,,,,0,2000-00-00,2000-00-00,2000-00-00,,,,,0,0,
D000848,"ARASAKULAM FARMER  PRODUCER GROUP",9750474112,,"KARIAPATTI TALUK",PRAKASH.K,N,0,,0,N,0,,D,"",,"",,"",,,,,,,,0,,,,,Tamil Nadu,0,0,,0,,,,0,2000-00-00,2000-00-00,2000-00-00,,,,,0,0,
D000848,"ARASAKULAM FARMER  PRODUCER GROUP",9750474112,,"KARIAPATTI TALUK",,N,0,,0,N,0,,D,"",,"",,"",,,,,,,,0,,,,,Tamil Nadu,0,0,,0,,,,0,2000-00-00,2000-00-00,2000-00-00,,,,,0,0,
,"ARIHANT IRRIGATION AGENCY (TORANALA",,,"Washim",Hemant S Shinde,N,0,,0,N,0,,D,"",,"",,"",,,,,,,,0,,,,,MAHARASHTRA,0,0,,0,,,,0,0000-00-00,0000-00-00,0000-00-00,,,,,0,0,
D000158,"ARIHANT IRRIGATORS",9886273941,,"AT POST: BAIRANATTI, TQ: GOKAK,",M.S Shrikanta,Y,0,,0,N,0,,D,"",,"",,"",,,,,,,,0,,,,,KARNATAKA,0,0,,0,,,,0,0000-00-00,0000-00-00,0000-00-00,,,,,0,0,no
D000158,"ARIHANT IRRIGATORS",9886273941,,"AT POST: BAIRANATTI TQ: GOKAK",M.S Shrikanta,Y,0,,0,N,0,,D,"",,"",,"",,,,,,,,0,,,,,KARNATAKA,0,0,,0,,,,0,2000-00-00,2000-00-00,2000-00-00,,,,,0,0,no
NE014320191210102712,"ARMY AREA",9459412459,,"Jaipur",Devendra Kr.Tripathi,Y,0,,0,N,0,,D,"",,"",,"",,,,,,,,0,,,,,RAJASTHAN,0,0,,0,,,,0,0000-00-00,0000-00-00,0000-00-00,,,,,26.9746326,75.706747,
NE014320191210102712,"ARMY AREA",9459412459,,"Jaipur",Aditya Rathi,Y,0,,0,N,0,,D,"",,"",,"",,,,,,,,0,,,,,RAJASTHAN,0,0,,0,,,,0,0000-00-00,0000-00-00,0000-00-00,,,,,26.9746326,75.706747,
D000508,"ARUN AGRO AGENCY",9414963261,,"NAINWA",Devendra Kr.Tripathi,Y,0,,0,N,0,,D,"",,"",,"",,,,,,,,0,,,,,RAJASTHAN,0,0,,0,,,,0,0000-00-00,0000-00-00,0000-00-00,,,,,0,0,
,"Arvind Agro Agencies",,,"Akola",Hemant S Shinde,Y,0,,0,N,0,,D,"",,"",,"",,,,,,,,0,,,,,MAHARASHTRA,0,0,,0,,,,0,0000-00-00,0000-00-00,0000-00-00,,,,,0,0,
,"Arvind Enterprises",,,"",Anup Kumar,Y,0,,0,N,0,,D,"",,"",,"",,,,,,,,0,,,,,,0,0,,0,,,,0,0000-00-00,0000-00-00,0000-00-00,,,,,0,0,
,"Arvind Enterprises",,,"Ramgarh",Anup Kumar,Y,0,,0,N,0,,D,"",,"",,"",,,,,,,,0,,,,,,0,0,,0,,,,0,0000-00-00,0000-00-00,0000-00-00,,,,,0,0,
NE010720191209190118,"ASCO &HORTICULTURE",9354305264,,"BHIWANI",Ramesh Kr.Verma,Y,0,,0,N,0,,R,"",,"LOCAL NHIWANI",,"",,,,,,,,0,,,,,HARAYANA,0,0,,0,,,,0,2000-00-00,2000-00-00,2000-00-00,,,,127021,0,0,no
D000510,"ASHAPURA AGRO SERVICE CENTRE",9783125916,,"GANDHAV",Praveen Sharma,Y,0,,0,N,0,,D,"",,"",,"",,,,,,,,0,,,,,RAJASTHAN,0,0,,0,,,,0,0000-00-00,0000-00-00,0000-00-00,,,,,0,0,
D000510,"ASHAPURA AGRO SERVICE CENTRE",9783125916,,"GANDHAV",Aditya Rathi,Y,0,,0,N,0,,D,"",,"",,"",,,,,,,,0,,,,,RAJASTHAN,0,0,,0,,,,0,0000-00-00,0000-00-00,0000-00-00,,,,,0,0,
D000511,"ASHAPURA IRRIGATION",9460836062,,"SIWANA",Praveen Sharma,Y,0,,0,N,0,,D,"",,"",,"",,,,,,,,0,,,,,RAJASTHAN,0,0,,0,,,,0,0000-00-00,0000-00-00,0000-00-00,,,,,0,0,
D000511,"ASHAPURA IRRIGATION",9460836062,,"SIWANA",Aditya Rathi,Y,0,,0,N,0,,D,"",,"",,"",,,,,,,,0,,,,,RAJASTHAN,0,0,,0,,,,0,0000-00-00,0000-00-00,0000-00-00,,,,,0,0,
D000509,"ASHAPURA TRADING COMPANY",9828271094,,"BAGODA",Praveen Sharma,Y,0,,0,N,0,,D,"",,"",,"",,,,,,,,0,,,,,RAJASTHAN,0,0,,0,,,,0,0000-00-00,0000-00-00,0000-00-00,,,,,0,0,
D000509,"ASHAPURA TRADING COMPANY",9828271094,,"BAGODA",Aditya Rathi,Y,0,,0,N,0,,D,"",,"",,"",,,,,,,,0,,,,,RAJASTHAN,0,0,,0,,,,0,0000-00-00,0000-00-00,0000-00-00,,,,,0,0,
D000513,"ASHOKA TRADERS",0.941497291,,"KHATUSHYAM JI",A.K Sharma,Y,0,,0,N,0,,D,"",,"",,"",,,,,,,,0,,,,,RAJASTHAN,0,0,,0,,,,0,0000-00-00,0000-00-00,0000-00-00,,,,,0,0,
D000001,"ASMITHA ENTERPRISES",9912395802,,"SANKEPALLI (V&P)",,Y,0,,0,N,0,,D,"",,"",,"",,,,,,,,0,,,,,ANDHRA PRADESH,0,0,,0,,,,0,2000-00-00,2000-00-00,2000-00-00,,,,,0,0,no
D000001,"ASMITHA ENTERPRISES",9912395802,,"SANKEPALLI (V&P)",,Y,0,,0,N,0,,D,"",,"",,"",,,,,,,,0,,,,,ANDHRA PRADESH,0,0,,0,,,,0,2000-00-00,2000-00-00,2000-00-00,,,,,0,0,no
,"ASR AGRO TRADERS",8610644353,,"TIRUNELVELI",SENTHILMURUGAN.N,N,0,,0,N,0,,D,"",,"",,"",,,,,,,,0,,,,,TAMIL NADU,0,0,,0,,,,0,0000-00-00,0000-00-00,0000-00-00,,,,,0,0,
,"ASR AGRO TRADERS",8610644353,,"SENGOTTAI",SENTHILMURUGAN.N,Y,0,,0,N,0,,D,"",,"",,"",,,,,,,,0,,,,,TAMIL NADU,0,0,,0,,,,0,0000-00-00,0000-00-00,0000-00-00,,,,627810,0,0,no
,"ASR AGRO TRADERS",8610644353,,"SENGOTTAI",ARJUNRAJA,Y,0,,0,N,0,,D,"",,"",,"",,,,,,,,0,,,,,TAMIL NADU,0,0,,0,,,,0,0000-00-00,0000-00-00,0000-00-00,,,,627810,0,0,no
D000165,"ASTHI AGROTECH PRODUCER CO",,,"570 M G ROAD",Sunil Awadhwal,Y,0,,0,N,0,,D,"",,"",,"",,,,,,,,0,,,,,MADHYA PRADESH,0,0,,0,,,,0,2000-00-00,2000-00-00,2000-00-00,,,,,0,0,no
D000515,"ASWANI ENTERPRISES",,,"SHEKHPUR MOHALLA",A.K Sharma,Y,0,,0,N,0,,D,"",,"",,"",,,,,,,,0,,,,,RAJASTHAN,0,0,,0,,,,0,0000-00-00,0000-00-00,0000-00-00,,,,,0,0,
,"ATARA AGENCY (GHATANJI)",,,"",Hemant S Shinde,N,0,,0,N,0,,D,"",,"",,"",,,,,,,,0,,,,,MAHARASHTRA,0,0,,0,,,,0,2000-00-00,2000-00-00,2000-00-00,,,,,0,0,
D000483,"AUDHUNIK KRISHI BAHAR",9829085024,,"CHOMU",A.K Sharma,Y,0,,0,N,0,,D,"",,"",,"",,,,,,,,0,,,,,RAJASTHAN,0,0,,0,,,,0,0000-00-00,0000-00-00,0000-00-00,,,,,0,0,
D000143,"AVANI AGRO LINK",9448263224,,"ARSIKERE",M.S Shrikanta,Y,0,,0,N,0,,D,"",,"",,"",,,,,,,,0,,,,,KARNATAKA,0,0,,0,,,,0,2000-00-00,2000-00-00,2000-00-00,,,,,0,0,no
D000517,"AYUSH  TRADING COMPANY",9929124151,,"KHOOD",A.K Sharma,Y,0,,0,N,0,,D,"",,"",,"",,,,,,,,0,,,,,RAJASTHAN,0,0,,0,,,,0,0000-00-00,0000-00-00,0000-00-00,,,,,0,0,
D000092,"AZAD ENTERPRISES",9813936508,,"BEHIND MARUTI WORKSHOP",Kiranpal Singh,Y,0,,0,N,0,,D,"",,"",,"",,,,,,,,0,,,,,HARYANA,0,0,,0,,,,0,0000-00-00,0000-00-00,0000-00-00,,,,,0,0,no
D000138,"B. S. TRADING CO.",9218616500,,"BALH",Anil Guleria,N,0,,0,N,0,,D,"",,"",,"",,,,,,,,0,,,,,HIMACHAL PRADESH,0,0,,0,,,,0,0000-00-00,0000-00-00,0000-00-00,,,,,0,0,no
D000070,"BABA AGROTECH",9812106132,,"MAIN ROAD ISHARWAL",Ramesh Kr.Verma,Y,0,,0,N,0,,D,"",,"",,"",,,,,,,,0,,,,,HARYANA,0,0,,0,,,,0,0000-00-00,0000-00-00,0000-00-00,,,,,0,0,no
,"Baba Construction",,,"Dumka",Abhijeet Saha,Y,0,,0,N,0,,D,"",,"",,"",,,,,,,,0,,,,,,0,0,,0,,,,0,0000-00-00,0000-00-00,0000-00-00,,,,,0,0,
,"Baba Construction, Dumka",,,"",Abhijeet Saha,Y,0,,0,N,0,,D,"",,"",,"",,,,,,,,0,,,,,,0,0,,0,,,,0,0000-00-00,0000-00-00,0000-00-00,,,,,0,0,
,"BABA MATH WALA ENTERPRISES",9813267345,,"",Amarjeet Yadav,Y,0,,0,N,0,,D,"",,"",,"",,,,,,,,0,,,,,HARAYANA,0,0,,0,,,,0,0000-00-00,0000-00-00,0000-00-00,,,,,0,0,
D000103,"BABA MUNGIPA TRADING CO",9813080028,,"BHIWANI ROAD BAHAL",Ajay Kr Yadav,N,0,,0,N,0,,D,"",,"",,"",,,,,,,,0,,,,,HARYANA,0,0,,0,,,,0,0000-00-00,0000-00-00,0000-00-00,,,,,0,0,
D000103,"BABA MUNGIPA TRADING CO",9813080028,,"BHIWANI ROAD BAHAL",Amarjeet Yadav,Y,0,,0,N,0,,D,"",,"",,"",,,,,,,,0,,,,,HARYANA,0,0,,0,,,,0,0000-00-00,0000-00-00,0000-00-00,,,,,0,0,
D000518,"BABEL SPRINKLER SUPPLIER",9829756963,,"BADI SADRI",Surya Bhan Singh Bhati,Y,0,,0,N,0,,D,"",,"",,"",,,,,,,,0,,,,,RAJASTHAN,0,0,,0,,,,0,0000-00-00,0000-00-00,0000-00-00,,,,,0,0,
D000519,"BABULAL OMPRAKASH VIJAY VARGIYA",9314628551,,"GANGAPUR",Devendra Kr.Tripathi,Y,0,,0,N,0,,D,"",,"",,"",,,,,,,,0,,,,,RAJASTHAN,0,0,,0,,,,0,0000-00-00,0000-00-00,0000-00-00,,,,,0,0,
D000519,"BABULAL OMPRAKASH VIJAY VARGIYA",9314628551,,"Gangapurcity",Devendra Kr.Tripathi,Y,0,,0,N,0,,D,"",,"",,"",,,,,,,,0,,,,,RAJASTHAN,0,0,,0,,,,0,0000-00-00,0000-00-00,0000-00-00,,,,,0,0,
,"Badkul Sales Corp",,,"Khurai",Sunil Awadhwal,Y,0,,0,N,0,,D,"",,"",,"",,,,,,,,0,,,,,MADHYA PRADESH,0,0,,0,,,,0,0000-00-00,0000-00-00,0000-00-00,,,,,0,0,
D000521,"BAGARIA TRADERS",9928259499,,"MALIKPUR",A.K Sharma,Y,0,,0,N,0,,D,"",,"",,"",,,,,,,,0,,,,,RAJASTHAN,0,0,,0,,,,0,0000-00-00,0000-00-00,0000-00-00,,,,,0,0,
D000520,"BAJRANG TRADERS",9414486845,,"BHAROTI",Praveer Kr Dixit,Y,0,,0,N,0,,D,"",,"",,"",,,,,,,,0,,,,,RAJASTHAN,0,0,,0,,,,0,0000-00-00,0000-00-00,0000-00-00,,,,,0,0,
D000899,"BAJRANG TRADERS",9125241327,,"LAKHIMPUR",Praveer Kr Dixit,N,0,,0,N,0,,D,"",,"",,"",,,,,,,,0,,,,,UP,0,0,,0,,,,0,2000-00-00,2000-00-00,2000-00-00,,,,,0,0,
D000899,"BAJRANG TRADERS",9125241327,,"LAKHIMPUR",Yogesh Babu,Y,0,,0,N,0,,D,"",,"",,"",,,,,,,,0,,,,,UP,0,0,,0,,,,0,2000-00-00,2000-00-00,2000-00-00,,,,,0,0,
,"Bajrang Traders",9587611111,,"Bassi",Devendra Kr.Tripathi,Y,0,,0,N,0,,D,"",,"",,"",,,,,,,,0,,,,,RAJASTHAN,0,0,,0,,,,0,2000-00-00,2000-00-00,2000-00-00,,,,,0,0,
,"Bajrang Traders",9587611111,,"Bassi",Vivek Kumar,Y,0,,0,N,0,,D,"",,"",,"",,,,,,,,0,,,,,RAJASTHAN,0,0,,0,,,,0,2000-00-00,2000-00-00,2000-00-00,,,,,0,0,
,"Bajrang Traders",9587611111,,"Bassi",Prathviraj,Y,0,,0,N,0,,D,"",,"",,"",,,,,,,,0,,,,,RAJASTHAN,0,0,,0,,,,0,2000-00-00,2000-00-00,2000-00-00,,,,,0,0,
D000520,"BAJRANG TRADERS",9414486845,,"SHAHJAHPUR",Yogesh Babu,Y,0,,0,N,0,,D,"",,"",,"",,,,,,,,0,,,,,UP,0,0,,0,,,,0,2000-00-00,2000-00-00,2000-00-00,,,,,0,0,
D000793,"BALAJI AGRO CLINIC",9001639851,,"Bundi",Devendra Kr.Tripathi,Y,0,,0,N,0,,D,"",,"",,"",,,,,,,,0,,,,,RAJASTHAN,0,0,,0,,,,0,2000-00-00,2000-00-00,2000-00-00,,,,,0,0,
D000793,"BALAJI AGRO CLINIC",9001639851,,"Bundi",Praveer Kr Dixit,Y,0,,0,N,0,,D,"",,"",,"",,,,,,,,0,,,,,RAJASTHAN,0,0,,0,,,,0,2000-00-00,2000-00-00,2000-00-00,,,,,0,0,
D000522,"BALAJI ASSOCIATES",9462682174,,"UDAIPURWATI",A.K Sharma,Y,0,,0,N,0,,D,"",,"",,"",,,,,,,,0,,,,,RAJASTHAN,0,0,,0,,,,0,0000-00-00,0000-00-00,0000-00-00,,,,,0,0,
,"BALAJI ENTERPRISES",,,"JODHPUR",Praveen Sharma,Y,0,,0,N,0,,D,"",,"",,"",,,,,,,,0,,,,,UP,0,0,,0,,,,0,0000-00-00,0000-00-00,0000-00-00,,,,,0,0,
,"Balaji Irrigation",,,"Akola",Gopal C Rathod,Y,0,,0,N,0,,D,"",,"",,"",,,,,,,,0,,,,,MAHARASHTRA,0,0,,0,,,,0,2000-00-00,2000-00-00,2000-00-00,,,,,0,0,
D000898,"BALAJI MACHINERY STORE",9415474142,,"RATH",Praveen Sharma,N,0,,0,N,0,,D,"",,"",,"",,,,,,,,0,,,,,UP,0,0,,0,,,,0,2000-00-00,2000-00-00,2000-00-00,,,,,0,0,
D000898,"BALAJI MACHINERY STORE",9415474142,,"RATH",Praveer Kr Dixit,Y,0,,0,N,0,,D,"",,"",,"",,,,,,,,0,,,,,UP,0,0,,0,,,,0,2000-00-00,2000-00-00,2000-00-00,,,,,0,0,
D000898,"BALAJI MACHINERY STORE",9415474142,,"RATH",Aditya Rathi,Y,0,,0,N,0,,D,"",,"",,"",,,,,,,,0,,,,,UP,0,0,,0,,,,0,2000-00-00,2000-00-00,2000-00-00,,,,,0,0,
,"Balaji Machinery Stores , Palam",,,"PARBHANI",Hemant S Shinde,N,0,,0,N,0,,D,"",,"",,"",,,,,,,,0,,,,,MAHARASHTRA,0,0,,0,,,,0,0000-00-00,0000-00-00,0000-00-00,,,,,0,0,
D000091,"BALAJI PIPE AGENCY",8814996096,,"GAWALISON",Ramesh Kr.Verma,Y,0,,0,N,0,,D,"",,"",,"",,,,,,,,0,,,,,HARYANA,0,0,,0,,,,0,0000-00-00,0000-00-00,0000-00-00,,,,,0,0,no
,"BALGIKAR IRRIGATORS (SOLAPUR)",,,"SOLAPUR",Hemant S Shinde,N,0,,0,N,0,,D,"",,"",,"",,,,,,,,0,,,,,MAHARASHTRA,0,0,,0,,,,0,0000-00-00,0000-00-00,0000-00-00,,,,,0,0,
,"Baliraja Seeds",,,"BULDHANA",Hemant S Shinde,N,0,,0,N,0,,D,"",,"",,"",,,,,,,,0,,,,,MAHARASHTRA,0,0,,0,,,,0,0000-00-00,0000-00-00,0000-00-00,,,,,0,0,
D000527,"BANSAL AGROTECH",9414090110,,"SURATGARH",A.K Sharma,Y,0,,0,N,0,,D,"",,"",,"",,,,,,,,0,,,,,RAJASTHAN,0,0,,0,,,,0,0000-00-00,0000-00-00,0000-00-00,,,,,0,0,
D000068,"BANSAL ENTERPRISES",9355371700,,"RANIA ROAD",Ramesh Kr.Verma,Y,0,,0,N,0,,D,"",,"",,"",,,,,,,,0,,,,,HARYANA,0,0,,0,,,,0,0000-00-00,0000-00-00,0000-00-00,,,,,0,0,no
D000111,"BANSAL TRADING CO",9034156896,,"INDRI ROAD",Ramesh Kr.Verma,Y,0,,0,N,0,,D,"",,"",,"",,,,,,,,0,,,,,HARYANA,0,0,,0,,,,0,0000-00-00,0000-00-00,0000-00-00,,,,,0,0,no
D000130,"BANTI SHARMA",9857308708,,"SADAR",Anil Guleria,N,0,,0,N,0,,D,"",,"",,"",,,,,,,,0,,,,,HIMACHAL PRADESH,0,0,,0,,,,0,0000-00-00,0000-00-00,0000-00-00,,,,,0,0,no
D000529,"BARALA TRADING COMPANY",9782928309,,"CHOMU",A.K Sharma,Y,0,,0,N,0,,D,"",,"",,"",,,,,,,,0,,,,,RAJASTHAN,0,0,,0,,,,0,0000-00-00,0000-00-00,0000-00-00,,,,,0,0,
D000877,"BB AGRO SERVICE",97512 97054,,"THIRUVANNAMALAI",,N,0,,0,N,0,,D,"",,"",,"",,,,,,,,0,,,,,Tamil Nadu,0,0,,0,,,,0,2000-00-00,2000-00-00,2000-00-00,,,,,0,0,
D000877,"BB AGRO SERVICE",97512 97054,,"THIRUVANNAMALAI",,N,0,,0,N,0,,D,"",,"",,"",,,,,,,,0,,,,,Tamil Nadu,0,0,,0,,,,0,2000-00-00,2000-00-00,2000-00-00,,,,,0,0,
D000911,"BEENA SALES CORPORATION",9412151128,,"RAMPUR",Praveer Kr Dixit,Y,0,,0,N,0,,D,"",,"",,"",,,,,,,,0,,,,,UP,0,0,,0,,,,0,2000-00-00,2000-00-00,2000-00-00,,,,,0,0,
D000911,"BEENA SALES CORPORATION",9412151128,,"RAMPUR",Vivek Kumar,N,0,,0,N,0,,D,"",,"",,"",,,,,,,,0,,,,,UP,0,0,,0,,,,0,2000-00-00,2000-00-00,2000-00-00,,,,,0,0,
D000459,"BHAGABAN SAHOO",8917427775,,"ANALAKATA",Ashok Kr Nayak,Y,0,,0,N,0,,D,"",,"",,"",,,,,,,,0,,,,,ODISHA,0,0,,0,,,,0,2000-00-00,2000-00-00,2000-00-00,,,,,0,0,no
D000459,"BHAGABAN SAHOO",8917427775,,"DHENKANAL",Ashok Kr Nayak,Y,0,,0,N,0,,D,"",,"",,"",,,,,,,,0,,,,,ODISHA,0,0,,0,,,,0,0000-00-00,0000-00-00,0000-00-00,,,,,0,0,no
,"Bhagwati Agro Agency",,,"JABALPUR",Sunil Awadhwal,Y,0,,0,N,0,,D,"",,"",,"",,,,,,,,0,,,,,MADHYA PRADESH,0,0,,0,,,,0,2000-00-00,2000-00-00,2000-00-00,,,,,0,0,
,"BHAGWATI KRISHI KENDRA",9660517701,,"AMARSAR",Vivek Kumar,Y,0,,0,N,0,,D,"",,"",,"",,,,,,,,0,,,,,RAJASTHAN,0,0,,0,,,,0,0000-00-00,0000-00-00,0000-00-00,,,,,0,0,
,"BHAGYASHREE AGRO AGENCIES",,,"Akola",Gopal C Rathod,Y,0,,0,N,0,,D,"",,"",,"",,,,,,,,0,,,,,MAHARASHTRA,0,0,,0,,,,0,2000-00-00,2000-00-00,2000-00-00,,,,,0,0,
D000155,"BHARANI ENTERPRISES",9880517464,,"Kr pet",M.S Shrikanta,Y,0,,0,N,0,,D,"",,"",,"",,,,,,,,0,,,,,KARNATAKA,0,0,,0,,,,0,2000-00-00,2000-00-00,2000-00-00,,,,,0,0,no
,"BHARAT OORJA SUSTAINABLE SOLUTION",9351688883,,"NIWARU ROAD",Vivek Kumar,Y,0,,0,N,0,,D,"",,"",,"",,,,,,,,0,,,,,RAJASTHAN,0,0,,0,,,,0,0000-00-00,0000-00-00,0000-00-00,,,,,0,0,
,"BHARAT OORJA SUSTAINABLE SOLUTION",9351688883,,"NIWARU ROAD",Prathviraj,Y,0,,0,N,0,,D,"",,"",,"",,,,,,,,0,,,,,RAJASTHAN,0,0,,0,,,,0,0000-00-00,0000-00-00,0000-00-00,,,,,0,0,
D000537,"BHARAT TRADERS",9414607449,,"SIKAR",A.K Sharma,Y,0,,0,N,0,,D,"",,"",,"",,,,,,,,0,,,,,RAJASTHAN,0,0,,0,,,,0,0000-00-00,0000-00-00,0000-00-00,,,,,0,0,
D000538,"BHARAT TRADING COMPANY",9828072443,,"SIKAR",A.K Sharma,Y,0,,0,N,0,,D,"",,"",,"",,,,,,,,0,,,,,RAJASTHAN,0,0,,0,,,,0,0000-00-00,0000-00-00,0000-00-00,,,,,0,0,
,"BHARAT TRADING COMPANY",,,"LOSAL",A.K Sharma,Y,0,,0,N,0,,D,"",,"",,"",,,,,,,,0,,,,,RAJASTHAN,0,0,,0,,,,0,2000-00-00,2000-00-00,2000-00-00,,,,,0,0,
D000156,"BHARATH AGENCIES",9663425009,,"PINJAR GALLI, CHEBBI",M.S Shrikanta,Y,0,,0,N,0,,D,"",,"",,"",,,,,,,,0,,,,,KARNATAKA,0,0,,0,,,,0,0000-00-00,0000-00-00,0000-00-00,,,,,0,0,no
D000156,"BHARATH AGENCIES",9663425009,,"PINJAR GALLI CHEBBI",M.S Shrikanta,Y,0,,0,N,0,,D,"",,"",,"",,,,,,,,0,,,,,KARNATAKA,0,0,,0,,,,0,2000-00-00,2000-00-00,2000-00-00,,,,,0,0,no
,"BHARATHI IRRIGATION",9715595283,,"Vargur",SAKTHIVEL.D,Y,0,,0,N,0,,D,"",,"",,"",,,,,,,,0,,,,,TAMIL NADU,0,0,,0,,,,0,2000-00-00,2000-00-00,2000-00-00,,,,606753,0,0,no
D000539,"BHAWANI IRRIATION",9414565327,,"BHINMAL",Praveen Sharma,Y,0,,0,N,0,,D,"",,"",,"",,,,,,,,0,,,,,RAJASTHAN,0,0,,0,,,,0,0000-00-00,0000-00-00,0000-00-00,,,,,0,0,
D000539,"BHAWANI IRRIATION",9414565327,,"BHINMAL",Aditya Rathi,Y,0,,0,N,0,,D,"",,"",,"",,,,,,,,0,,,,,RAJASTHAN,0,0,,0,,,,0,0000-00-00,0000-00-00,0000-00-00,,,,,0,0,
D000540,"BHOOMI AGRO SALES",9660064301,,"FATAHGARH",Praveen Sharma,Y,0,,0,N,0,,D,"",,"",,"",,,,,,,,0,,,,,RAJASTHAN,0,0,,0,,,,0,0000-00-00,0000-00-00,0000-00-00,,,,,0,0,
D000540,"BHOOMI AGRO SALES",9660064301,,"FATAHGARH",Aditya Rathi,Y,0,,0,N,0,,D,"",,"",,"",,,,,,,,0,,,,,RAJASTHAN,0,0,,0,,,,0,0000-00-00,0000-00-00,0000-00-00,,,,,0,0,
,"Bhumiputra Thibak (Jalna)",,,"JALANA",Hemant S Shinde,N,0,,0,N,0,,D,"",,"",,"",,,,,,,,0,,,,,MAHARASHTRA,0,0,,0,,,,0,0000-00-00,0000-00-00,0000-00-00,,,,,0,0,
D000541,"BIGGAJI ENTERPRISES",9413074231,,"DUNGARGARH",A.K Sharma,Y,0,,0,N,0,,D,"",,"",,"",,,,,,,,0,,,,,RAJASTHAN,0,0,,0,,,,0,0000-00-00,0000-00-00,0000-00-00,,,,,0,0,
,"Binayak Micro  Irrigation  and  Services",,,"Sambalpur",Ashok Kr Nayak,Y,0,,0,N,0,,Dealer,"",,"",,"",,,,,,,,0,,,,,ODISHA,0,0,,0,,,,0,2000-00-00,2000-00-00,2000-00-00,,,,,0,0,
D000122,"BISHAN DASS",9882055300,,"GHUMARWIN",Anil Guleria,N,0,,0,N,0,,D,"",,"",,"",,,,,,,,0,,,,,HIMACHAL PRADESH,0,0,,0,,,,0,0000-00-00,0000-00-00,0000-00-00,,,,,0,0,no
,"Bishwajit Enterprises",,,"",Anup Kumar,Y,0,,0,N,0,,D,"",,"",,"",,,,,,,,0,,,,,,0,0,,0,,,,0,0000-00-00,0000-00-00,0000-00-00,,,,,0,0,
,"Bishwajit Enterprises",,,"Ranchi",Anup Kumar,Y,0,,0,N,0,,D,"",,"",,"",,,,,,,,0,,,,,,0,0,,0,,,,0,0000-00-00,0000-00-00,0000-00-00,,,,,0,0,
,"Bodhake Agency, Mehkar",,,"BULDHANA",Hemant S Shinde,N,0,,0,N,0,,D,"",,"",,"",,,,,,,,0,,,,,MAHARASHTRA,0,0,,0,,,,0,0000-00-00,0000-00-00,0000-00-00,,,,,0,0,
,"BOHRA MACHINERY STORE",9414821272,,"DAUSA",Devendra Kr.Tripathi,Y,0,,0,N,0,,D,"",,"",,"",,,,,,,,0,,,,,RAJASTHAN,0,0,,0,,,,0,2000-00-00,2000-00-00,2000-00-00,,,,,0,0,
,"BUNDELKHAND IRRIGATION",,,"FATEHPUR",Praveer Kr Dixit,Y,0,,0,N,0,,D,"",,"",,"",,,,,,,,0,,,,,UP,0,0,,0,,,,0,0000-00-00,0000-00-00,0000-00-00,,,,,0,0,
,"CHAUDHARY TRADERS",8607908780,,"",Kiranpal Singh,Y,0,,0,N,0,,D,"",,"",,"",,,,,,,,0,,,,,HARAYANA,0,0,,0,,,,0,0000-00-00,0000-00-00,0000-00-00,,,,,0,0,
,"Chaudhary Traders",,,"Dhigawa",Sanjay Kr Sharma,Y,0,,0,N,0,,D,"",,"",,"",,,,,,,,0,,,,,HARYANA,0,0,,0,,,,0,2000-00-00,2000-00-00,2000-00-00,,,,,0,0,
,"CHAUHAN TRADERS",,,"KUOSHAMBI",Md. Rahid,Y,0,,0,N,0,,D,"",,"",,"",,,,,,,,0,,,,,Uttar Pradesh,0,0,,0,,,,0,0000-00-00,0000-00-00,0000-00-00,,,,,0,0,
,"CHAUHAN TRADERS",,,"KUOSHAMBI",Praveer Kr Dixit,Y,0,,0,N,0,,D,"",,"",,"",,,,,,,,0,,,,,Uttar Pradesh,0,0,,0,,,,0,0000-00-00,0000-00-00,0000-00-00,,,,,0,0,
,"CHELLAM TRADERS",8220336676,,"SIVAGANGAI",SUBARASU.A,Y,0,,0,N,0,,D,"",,"",,"",,,,,,,,0,,,,,TAMIL NADU,0,0,,0,,,,0,0000-00-00,0000-00-00,0000-00-00,,,,623701,0,0,no
D000146,"CHETAN ENTERPRISES",9449270263,,"CHANNAGIRI",M.S Shrikanta,Y,0,,0,N,0,,D,"",,"",,"",,,,,,,,0,,,,,KARNATAKA,0,0,,0,,,,0,2000-00-00,2000-00-00,2000-00-00,,,,,0,0,no
D000544,"CHOUDHARY ELECTRICAL COMPANY",9829053651,,"CHOMU",A.K Sharma,Y,0,,0,N,0,,D,"",,"",,"",,,,,,,,0,,,,,RAJASTHAN,0,0,,0,,,,0,0000-00-00,0000-00-00,0000-00-00,,,,,0,0,
,"Choudhary Hari Singh  Agro Company",,,"Saharanpur",Praveer Kr Dixit,Y,0,,0,N,0,,D,"",,"",,"",,,,,,,,0,,,,,Uttar Pradesh,0,0,,0,,,,0,2000-00-00,2000-00-00,2000-00-00,,,,,0,0,
D000546,"CHOUDHARY KRISHI YANTRALYA",9414038676,,"LOSAL",A.K Sharma,Y,0,,0,N,0,,D,"",,"",,"",,,,,,,,0,,,,,RAJASTHAN,0,0,,0,,,,0,0000-00-00,0000-00-00,0000-00-00,,,,,0,0,
D000547,"CHOUDHARY KRISHI YANTRALYA",9414117109,,"KUCHAMAN CITY",A.K Sharma,Y,0,,0,N,0,,D,"",,"",,"",,,,,,,,0,,,,,RAJASTHAN,0,0,,0,,,,0,0000-00-00,0000-00-00,0000-00-00,,,,,0,0,
D000116,"CHOUDHARY PIPE AGENCY",9812070022,,"OBERA",Ramesh Kr.Verma,Y,0,,0,N,0,,D,"",,"",,"",,,,,,,,0,,,,,HARYANA,0,0,,0,,,,0,0000-00-00,0000-00-00,0000-00-00,,,,,0,0,no
D000548,"CHOUDHARY TRADERS",9413942130,,"SHAH BAD ROAD",Devendra Kr.Tripathi,Y,0,,0,N,0,,D,"",,"",,"",,,,,,,,0,,,,,RAJASTHAN,0,0,,0,,,,0,0000-00-00,0000-00-00,0000-00-00,,,,,0,0,
D000548,"CHOUDHARY TRADERS",9413942130,,"BARAN",Lalit Kr Jain,Y,0,,0,N,0,,D,"",,"",,"",,,,,,,,0,,,,,RAJASTHAN,0,0,,0,,,,0,0000-00-00,0000-00-00,0000-00-00,,,,,0,0,
D000900,"D.D.SUREFIRE",8826194609,,"GHAZIABAD",Praveer Kr Dixit,N,0,,0,N,0,,D,"",,"",,"",,,,,,,,0,,,,,UP,0,0,,0,,,,0,0000-00-00,0000-00-00,0000-00-00,,,,,0,0,
D000900,"D.D.SUREFIRE",8826194609,,"GHAZIABAD",Vivek Kumar,N,0,,0,N,0,,D,"",,"",,"",,,,,,,,0,,,,,UP,0,0,,0,,,,0,0000-00-00,0000-00-00,0000-00-00,,,,,0,0,
D000127,"DALIP KUMAR",9418295697,,"SUNDER NAGAR",Anil Guleria,N,0,,0,N,0,,D,"",,"",,"",,,,,,,,0,,,,,HIMACHAL PRADESH,0,0,,0,,,,0,0000-00-00,0000-00-00,0000-00-00,,,,,0,0,no
,"DANVEER AGRO AGENCY",9167975126,,"KHERLI",Devendra Kr.Tripathi,Y,0,,0,N,0,,D,"",,"",,"",,,,,,,,0,,,,,RAJASTHAN,0,0,,0,,,,0,2000-00-00,2000-00-00,2000-00-00,,,,,0,0,
,"DANVEER AGRO AGENCY",9167975126,,"KHERLI",Vivek Kumar,Y,0,,0,N,0,,D,"",,"",,"",,,,,,,,0,,,,,RAJASTHAN,0,0,,0,,,,0,2000-00-00,2000-00-00,2000-00-00,,,,,0,0,
,"DANVEER AGRO AGENCY",9167975126,,"KHERLI",Prathviraj,N,0,,0,N,0,,D,"",,"",,"",,,,,,,,0,,,,,RAJASTHAN,0,0,,0,,,,0,2000-00-00,2000-00-00,2000-00-00,,,,,0,0,
D000080,"DASHMESH ELECTRIC WORKS",9812170552,,"SHAHABAD",Ramesh Kr.Verma,Y,0,,0,N,0,,D,"",,"",,"",,,,,,,,0,,,,,HARYANA,0,0,,0,,,,0,0000-00-00,0000-00-00,0000-00-00,,,,,0,0,no
,"Dashmesh Irrigation & Farm Solution",9855309036,,"Jalandhar",Arvind Pathak,Y,0,,0,N,0,,D,"",,"",,"",,,,,,,,0,,,,,Punjab,0,0,,0,,,,0,2000-00-00,2000-00-00,2000-00-00,,,,,0,0,
D000079,"DASHMESH SUBMERSIBLE SERVICES",9896671797,,"PUNDRI",Ramesh Kr.Verma,Y,0,,0,N,0,,D,"",,"",,"",,,,,,,,0,,,,,HARYANA,0,0,,0,,,,0,0000-00-00,0000-00-00,0000-00-00,,,,,0,0,no
,"DATTA KRUPA IRRIGATION SYSTEM",,,"NANDED",Hemant S Shinde,N,0,,0,N,0,,D,"",,"",,"",,,,,,,,0,,,,,MAHARASHTRA,0,0,,0,,,,0,0000-00-00,0000-00-00,0000-00-00,,,,,0,0,
D000121,"DAULAT RAM",9459900616,,"RATTI",Anil Guleria,N,0,,0,N,0,,D,"",,"",,"",,,,,,,,0,,,,,HIMACHAL PRADESH,0,0,,0,,,,0,0000-00-00,0000-00-00,0000-00-00,,,,,0,0,no
,"Dawande Krishi Agency",,,"Chicholi",Anil Kr Vishwakarma,Y,0,,0,N,0,,D,"",,"",,"",,,,,,,,0,,,,,MADHYA PRADESH,0,0,,0,,,,0,0000-00-00,0000-00-00,0000-00-00,,,,,0,0,
NE012620190911122537,"DAYALAL T SHAH",9425054505,,"BYPASS ROAD",Sumit Kr Gupta,Y,0,,0,N,0,,R,"",,"LOHA MANDI INDORE",,"",,,,,,,,0,,,,,MADHYA PRADESH,0,0,,0,,,,0,0000-00-00,0000-00-00,0000-00-00,,,,,0,0,
D000556,"DAYMA ENTERPRISES",8005633593,,"THANWALA",Praveer Kr Dixit,Y,0,,0,N,0,,D,"",,"",,"",,,,,,,,0,,,,,RAJASTHAN,0,0,,0,,,,0,0000-00-00,0000-00-00,0000-00-00,,,,,0,0,
,"Deeplaxmi Light House",,,"NASHIK",Hemant S Shinde,N,0,,0,N,0,,D,"",,"",,"",,,,,,,,0,,,,,MAHARASHTRA,0,0,,0,,,,0,0000-00-00,0000-00-00,0000-00-00,,,,,0,0,
D000849,"DELTA IRRIGATION AND CROP SOLUTIONS",9442929760,,"Vattipillaiyar kovil",,N,0,,0,N,0,,D,"",,"",,"",,,,,,,,0,,,,,Tamil Nadu,0,0,,0,,,,0,2000-00-00,2000-00-00,2000-00-00,,,,,0,0,
D000849,"DELTA IRRIGATION AND CROP SOLUTIONS",9442929760,,"Vattipillaiyar kovil",,Y,0,,0,N,0,,D,"",,"",,"",,,,,,,,0,,,,,Tamil Nadu,0,0,,0,,,,0,2000-00-00,2000-00-00,2000-00-00,,,,,0,0,
D000849,"DELTA IRRIGATION AND CROP SOLUTIONS",9442929760,,"Vattipillaiyar kovil",,Y,0,,0,N,0,,D,"",,"",,"",,,,,,,,0,,,,,Tamil Nadu,0,0,,0,,,,0,2000-00-00,2000-00-00,2000-00-00,,,,,0,0,
,"DELTA IRRIGATION AND CROP SOLUTIONS",9442929760,,"THANJAVUR",MANIKANDAN.M,N,0,,0,N,0,,D,"",,"",,"",,,,,,,,0,,,,,TAMIL NADU,0,0,,0,,,,0,0000-00-00,0000-00-00,0000-00-00,,,,,0,0,
,"DELTA IRRIGATION AND CROP SOLUTIONS",9442929760,,"THIRUVARUR",SENTHILKUMAR.L,N,0,,0,N,0,,D,"",,"",,"",,,,,,,,0,,,,,TAMIL NADU,0,0,,0,,,,0,0000-00-00,0000-00-00,0000-00-00,,,,,0,0,
,"DELTA IRRIGATION AND CROP SOLUTIONS",9087087442,,"Kumbakonam",Arivalagan,Y,0,,0,N,0,,D,"",,"",,"",,,,,,,,0,,,,,TAMIL NADU,0,0,,0,,,,0,0000-00-00,0000-00-00,0000-00-00,,,,612001,0,0,no
,"DELTA IRRIGATION AND CROP SOLUTIONS",9087087442,,"Thiruvonam",MANIKANDAN.M,Y,0,,0,N,0,,D,"",,"",,"",,,,,,,,0,,,,,TAMIL NADU,0,0,,0,,,,0,0000-00-00,0000-00-00,0000-00-00,,,,612001,0,0,no
,"DELTA IRRIGATION AND CROP SOLUTIONS",9087087442,,"Ammapettai",SIVASAMI,Y,0,,0,N,0,,D,"",,"",,"",,,,,,,,0,,,,,TAMIL NADU,0,0,,0,,,,0,0000-00-00,0000-00-00,0000-00-00,,,,612001,0,0,no
,"DELTA IRRIGATION AND CROP SOLUTIONS",9087087442,,"Nannilam",SENTHILKUMAR.L,Y,0,,0,N,0,,D,"",,"",,"",,,,,,,,0,,,,,TAMIL NADU,0,0,,0,,,,0,0000-00-00,0000-00-00,0000-00-00,,,,612001,0,0,no
,"DELTA IRRIGATION AND CROP SOLUTIONS",9087087442,,"Thiruthuraipoondi",Abilash.M,Y,0,,0,N,0,,D,"",,"",,"",,,,,,,,0,,,,,TAMIL NADU,0,0,,0,,,,0,0000-00-00,0000-00-00,0000-00-00,,,,612001,0,0,no
,"DELTA IRRIGATION AND CROP SOLUTIONS",9087087442,,"Mayiladuthurai",INBARAJ.A,Y,0,,0,N,0,,D,"",,"",,"",,,,,,,,0,,,,,TAMIL NADU,0,0,,0,,,,0,0000-00-00,0000-00-00,0000-00-00,,,,612001,0,0,no
,"DEPARTMENT",,,"JODHPUR",Aditya Rathi,Y,0,,0,N,0,,D,"",,"",,"",,,,,,,,0,,,,,RAJASTHAN,0,0,,0,,,,0,0000-00-00,0000-00-00,0000-00-00,,,,,0,0,
,"DEPARTMENT",7742072109,,"BARMER",Aditya Rathi,Y,0,,0,N,0,,D,"",,"",,"",,,,,,,,0,,,,,RAJASTHAN,0,0,,0,,,,0,0000-00-00,0000-00-00,0000-00-00,,,,,0,0,
,"DEPARTMENT",9982688982,,"JAISELMER",Aditya Rathi,Y,0,,0,N,0,,D,"",,"",,"",,,,,,,,0,,,,,RAJASTHAN,0,0,,0,,,,0,0000-00-00,0000-00-00,0000-00-00,,,,,0,0,
,"DEPARTMENT",,,"SIROHI",Aditya Rathi,Y,0,,0,N,0,,D,"",,"",,"",,,,,,,,0,,,,,RAJASTHAN,0,0,,0,,,,0,0000-00-00,0000-00-00,0000-00-00,,,,,0,0,
,"DEPARTMENT",,,"JALORE",Aditya Rathi,Y,0,,0,N,0,,D,"",,"",,"",,,,,,,,0,,,,,RAJASTHAN,0,0,,0,,,,0,0000-00-00,0000-00-00,0000-00-00,,,,,0,0,
,"Department",,,"Gumla",Krishna C Premee,Y,0,,0,N,0,,D,"",,"",,"",,,,,,,,0,,,,,JHARKHAND,0,0,,0,,,,0,2000-00-00,2000-00-00,2000-00-00,,,,,0,0,
,"Department",,,"Seemdega",Dhiraj Kr.Singh,Y,0,,0,N,0,,D,"",,"",,"",,,,,,,,0,,,,,JHARKHAND,0,0,,0,,,,0,0000-00-00,0000-00-00,0000-00-00,,,,,0,0,
,"Department",,,"Seemdega",Krishna C Premee,Y,0,,0,N,0,,D,"",,"",,"",,,,,,,,0,,,,,JHARKHAND,0,0,,0,,,,0,0000-00-00,0000-00-00,0000-00-00,,,,,0,0,
,"Department",,,"Latehar",Krishna C Premee,Y,0,,0,N,0,,D,"",,"",,"",,,,,,,,0,,,,,JHARKHAND,0,0,,0,,,,0,2000-00-00,2000-00-00,2000-00-00,,,,,0,0,
,"Department",,,"Dhanabad",Krishna C Premee,Y,0,,0,N,0,,D,"",,"",,"",,,,,,,,0,,,,,JHARKHAND,0,0,,0,,,,0,2000-00-00,2000-00-00,2000-00-00,,,,,0,0,
,"Department",,,"Chaibasa",Krishna C Premee,Y,0,,0,N,0,,D,"",,"",,"",,,,,,,,0,,,,,JHARKHAND,0,0,,0,,,,0,2000-00-00,2000-00-00,2000-00-00,,,,,0,0,
,"Department",,,"Hazaribagh",Krishna C Premee,Y,0,,0,N,0,,D,"",,"",,"",,,,,,,,0,,,,,JHARKHAND,0,0,,0,,,,0,0000-00-00,0000-00-00,0000-00-00,,,,,0,0,
,"Department",,,"Hazaribagh",Sanjay Kr Singh,Y,0,,0,N,0,,D,"",,"",,"",,,,,,,,0,,,,,JHARKHAND,0,0,,0,,,,0,0000-00-00,0000-00-00,0000-00-00,,,,,0,0,
,"Department",,,"Khunti",Hemant Kr Mahto,Y,0,,0,N,0,,D,"",,"",,"",,,,,,,,0,,,,,JHARKHAND,0,0,,0,,,,0,0000-00-00,0000-00-00,0000-00-00,,,,,0,0,
,"Department",,,"Khunti",Krishna C Premee,Y,0,,0,N,0,,D,"",,"",,"",,,,,,,,0,,,,,JHARKHAND,0,0,,0,,,,0,0000-00-00,0000-00-00,0000-00-00,,,,,0,0,
,"Department",,,"Loharda",Krishna C Premee,Y,0,,0,N,0,,D,"",,"",,"",,,,,,,,0,,,,,JHARKHAND,0,0,,0,,,,0,0000-00-00,0000-00-00,0000-00-00,,,,,0,0,
,"Department",,,"Bokaro",Krishna C Premee,Y,0,,0,N,0,,D,"",,"",,"",,,,,,,,0,,,,,JHARKHAND,0,0,,0,,,,0,2000-00-00,2000-00-00,2000-00-00,,,,,0,0,
,"Department of Agriculture",,,"Bokaro",Sanjay Kr Singh,Y,0,,0,N,0,,D,"",,"",,"",,,,,,,,0,,,,,JHARKHAND,0,0,,0,,,,0,0000-00-00,0000-00-00,0000-00-00,,,,,0,0,
,"Department of Agriculture",,,"Ramgarh",Sanjay Kr Singh,Y,0,,0,N,0,,D,"",,"",,"",,,,,,,,0,,,,,JHARKHAND,0,0,,0,,,,0,0000-00-00,0000-00-00,0000-00-00,,,,,0,0,
,"Department of Agriculture",,,"Koderma",Sanjay Kr Singh,Y,0,,0,N,0,,D,"",,"",,"",,,,,,,,0,,,,,JHARKHAND,0,0,,0,,,,0,0000-00-00,0000-00-00,0000-00-00,,,,,0,0,
,"Department of Agriculture",,,"Chatra",Sanjay Kr Singh,Y,0,,0,N,0,,D,"",,"",,"",,,,,,,,0,,,,,JHARKHAND,0,0,,0,,,,0,0000-00-00,0000-00-00,0000-00-00,,,,,0,0,
,"Department of Agriculture",,,"Giridih",Sanjay Kr Singh,Y,0,,0,N,0,,D,"",,"",,"",,,,,,,,0,,,,,JHARKHAND,0,0,,0,,,,0,0000-00-00,0000-00-00,0000-00-00,,,,,0,0,
,"Department of Agriculture",,,"Dumka",Abhijeet Saha,Y,0,,0,N,0,,D,"",,"",,"",,,,,,,,0,,,,,JHARKHAND,0,0,,0,,,,0,0000-00-00,0000-00-00,0000-00-00,,,,,0,0,
,"Department of Agriculture",,,"Sahibganj",Abhijeet Saha,Y,0,,0,N,0,,D,"",,"",,"",,,,,,,,0,,,,,JHARKHAND,0,0,,0,,,,0,0000-00-00,0000-00-00,0000-00-00,,,,,0,0,
,"Department of Agriculture",,,"Pakur",Abhijeet Saha,Y,0,,0,N,0,,D,"",,"",,"",,,,,,,,0,,,,,JHARKHAND,0,0,,0,,,,0,0000-00-00,0000-00-00,0000-00-00,,,,,0,0,
,"Department of Agriculture",,,"Deoghar",Abhijeet Saha,Y,0,,0,N,0,,D,"",,"",,"",,,,,,,,0,,,,,JHARKHAND,0,0,,0,,,,0,0000-00-00,0000-00-00,0000-00-00,,,,,0,0,
,"DEPUTY DIRECTOR HORTICULTURE-JAIPUR",,,"Jaipur",Vivek Kumar,Y,0,,0,N,0,,D,"",,"",,"",,,,,,,,0,,,,,RAJASTHAN,0,0,,0,,,,0,0000-00-00,0000-00-00,0000-00-00,,,,,0,0,
,"DESERT FARM DEVELOPMENT SOLUTION",9875038273,,"RAMKUI",Devendra Kr.Tripathi,Y,0,,0,N,0,,D,"",,"",,"",,,,,,,,0,,,,,RAJASTHAN,0,0,,0,,,,0,2000-00-00,2000-00-00,2000-00-00,,,,,0,0,
,"Deshmukh Agro Service",,,"LATUR",Hemant S Shinde,N,0,,0,N,0,,D,"",,"",,"",,,,,,,,0,,,,,MAHARASHTRA,0,0,,0,,,,0,0000-00-00,0000-00-00,0000-00-00,,,,,0,0,
,"Desson Autotech Pvt. Ltd.",9041416611,,"",Sushil Kumar,Y,0,,0,N,0,,D,"",,"",,"",,,,,,,,0,,,,,HARAYANA,0,0,,0,,,,0,0000-00-00,0000-00-00,0000-00-00,,,,,0,0,
D000557,"DEV AGRO AGENCY",,,"DUNGARGARH",Praveer Kr Dixit,Y,0,,0,N,0,,D,"",,"",,"",,,,,,,,0,,,,,RAJASTHAN,0,0,,0,,,,0,0000-00-00,0000-00-00,0000-00-00,,,,,0,0,
D000558,"DHABAI KRISHI YANTRALAYA",9414807850,,"LAXMANGARH",A.K Sharma,Y,0,,0,N,0,,D,"",,"",,"",,,,,,,,0,,,,,RAJASTHAN,0,0,,0,,,,0,0000-00-00,0000-00-00,0000-00-00,,,,,0,0,
D000559,"DHABAS MACHINERY STORE",9784706656,,"KANWAT",A.K Sharma,Y,0,,0,N,0,,D,"",,"",,"",,,,,,,,0,,,,,RAJASTHAN,0,0,,0,,,,0,0000-00-00,0000-00-00,0000-00-00,,,,,0,0,
D000560,"DHABHAI KRISHI SEVA KENDRA",,,"LAXMANGARH",A.K Sharma,Y,0,,0,N,0,,D,"",,"",,"",,,,,,,,0,,,,,RAJASTHAN,0,0,,0,,,,0,0000-00-00,0000-00-00,0000-00-00,,,,,0,0,
D000561,"DHAKAD KHAD BEEJ BHANDAR",9462390139,,"BUS STAND",Vivek Kumar,N,0,,0,N,0,,D,"",,"",,"",,,,,,,,0,,,,,RAJASTHAN,0,0,,0,,,,0,0000-00-00,0000-00-00,0000-00-00,,,,,0,0,
,"DHAKAD KHAD BEEJ BHANDAR",9462390139,,"BHARATPUR",Vivek Kumar,Y,0,,0,N,0,,D,"",,"",,"",,,,,,,,0,,,,,RAJASTHAN,0,0,,0,,,,0,0000-00-00,0000-00-00,0000-00-00,,,,,0,0,
,"DHAKAD KHAD BEEJ BHANDAR",9462390139,,"BHARATPUR",Prathviraj,Y,0,,0,N,0,,D,"",,"",,"",,,,,,,,0,,,,,RAJASTHAN,0,0,,0,,,,0,0000-00-00,0000-00-00,0000-00-00,,,,,0,0,
D000563,"DHAN LAXMI BOREWELL COMPANY",9001025350,,"SARDARSAHAR",A.K Sharma,Y,0,,0,N,0,,D,"",,"",,"",,,,,,,,0,,,,,RAJASTHAN,0,0,,0,,,,0,0000-00-00,0000-00-00,0000-00-00,,,,,0,0,
D000887,"DHANASEKARAN AGENCIES",80566 05340,,"RETTAINAI VILLAGE",,N,0,,0,N,0,,D,"",,"",,"",,,,,,,,0,,,,,Tamil Nadu,0,0,,0,,,,0,2000-00-00,2000-00-00,2000-00-00,,,,,0,0,
D000887,"DHANASEKARAN AGENCIES",80566 05340,,"RETTAINAI VILLAGE",,Y,0,,0,N,0,,D,"",,"",,"",,,,,,,,0,,,,,Tamil Nadu,0,0,,0,,,,0,2000-00-00,2000-00-00,2000-00-00,,,,,0,0,
D000887,"DHANASEKARAN AGENCIES",80566 05340,,"RETTAINAI VILLAGE",,Y,0,,0,N,0,,D,"",,"",,"",,,,,,,,0,,,,,Tamil Nadu,0,0,,0,,,,0,2000-00-00,2000-00-00,2000-00-00,,,,,0,0,
,"DHANASEKARAN AGENCIES",80566 05340,,"VILLUPURAM",,N,0,,0,N,0,,D,"",,"",,"",,,,,,,,0,,,,,TAMIL NADU,0,0,,0,,,,0,0000-00-00,0000-00-00,0000-00-00,,,,,0,0,
,"DHANASEKARAN AGENCIES",80566 05340,,"VILLUPURAM",SARANRAJ.P,N,0,,0,N,0,,D,"",,"",,"",,,,,,,,0,,,,,TAMIL NADU,0,0,,0,,,,0,0000-00-00,0000-00-00,0000-00-00,,,,,0,0,
,"DHANASEKARAN AGENCIES",80566 05340,,"VILLUPURAM",,N,0,,0,N,0,,D,"",,"",,"",,,,,,,,0,,,,,TAMIL NADU,0,0,,0,,,,0,0000-00-00,0000-00-00,0000-00-00,,,,,0,0,
,"DHANASEKARAN AGENCIES",8056605340,,"MAILAM, KOOTERIPATTU",Jayabal. J,Y,0,,0,N,0,,D,"",,"",,"",,,,,,,,0,,,,,TAMIL NADU,0,0,,0,,,,0,2000-00-00,2000-00-00,2000-00-00,,,,604306,0,0,no
,"DHANASEKARAN AGENCIES",8056605340,,"MAILAM KOOTERIPATTU",Jayabal. J,Y,0,,0,N,0,,D,"",,"",,"",,,,,,,,0,,,,,TAMIL NADU,0,0,,0,,,,0,0000-00-00,0000-00-00,0000-00-00,,,,604306,0,0,no
,"Dhanishtha Krishi Kendra",,,"Seoni",Sunil Awadhwal,Y,0,,0,N,0,,D,"",,"",,"",,,,,,,,0,,,,,MADHYA PRADESH,0,0,,0,,,,0,2000-00-00,2000-00-00,2000-00-00,,,,,0,0,
D000117,"DHANKAR IRRIGATION COMPANY",8813834153,,"BUROLI",Kiranpal Singh,Y,0,,0,N,0,,D,"",,"",,"",,,,,,,,0,,,,,HARYANA,0,0,,0,,,,0,0000-00-00,0000-00-00,0000-00-00,,,,,0,0,no
D000029,"DHARANI IRRIGATION",9148626067,,"JAYANAGAR",M.S Shrikanta,Y,0,,0,N,0,,D,"",,"",,"",,,,,,,,0,,,,,KARNATAKA,0,0,,0,,,,0,2000-00-00,2000-00-00,2000-00-00,,,,,0,0,no
,"Dharaskar Agencies",,,"Washim",Hemant S Shinde,Y,0,,0,N,0,,D,"",,"",,"",,,,,,,,0,,,,,MAHARASHTRA,0,0,,0,,,,0,0000-00-00,0000-00-00,0000-00-00,,,,,0,0,
,"Dharaskar Agencies",,,"Akola",Gopal C Rathod,Y,0,,0,N,0,,D,"",,"",,"",,,,,,,,0,,,,,MAHARASHTRA,0,0,,0,,,,0,2000-00-00,2000-00-00,2000-00-00,,,,,0,0,
,"Dharitri Traders",,,"Sundargarh",Ashok Kr Nayak,Y,0,,0,N,0,,D,"",,"",,"",,,,,,,,0,,,,,Odisha,0,0,,0,,,,0,2000-00-00,2000-00-00,2000-00-00,,,,,0,0,
NE002620191206152224,"DHO",8637299396,,"NAYAPALLI BHUBANESWAR",Ashok Kr Nayak,Y,0,,0,N,0,,R,"",,"BHBANESWAR",674,"",,,,,,,,0,,,,,ODDISSA,0,0,,0,,,,0,2000-00-00,2000-00-00,2000-00-00,,,,756124,0,0,no
NE002620191206152224,"DHO",8637299396,,"NAYAPALLI, BHUBANESWAR",Ashok Kr Nayak,Y,0,,0,N,0,,R,"",,"BHBANESWAR",0674,"",,,,,,,,,,,,,ODDISSA,0,0,,0,,,,0,0000-00-00,0000-00-00,0000-00-00,,,,756124,0,0,no
,"DIAMOND MOTORS",9828271843,,"Kekri",Devendra Kr.Tripathi,Y,0,,0,N,0,,D,"",,"",,"",,,,,,,,0,,,,,RAJASTHAN,0,0,,0,,,,0,2000-00-00,2000-00-00,2000-00-00,,,,,0,0,
,"DIRECTORATE OF HORTICULTURE",,,"Jaipur",Vivek Kumar,Y,0,,0,N,0,,D,"",,"",,"",,,,,,,,0,,,,,RAJASTHAN,0,0,,0,,,,0,0000-00-00,0000-00-00,0000-00-00,,,,,0,0,
,"Dixit  Krishi  Seva Kendra",,,"PANNA",Sunil Awadhwal,Y,0,,0,N,0,,D,"",,"",,"",,,,,,,,0,,,,,MADHYA PRADESH,0,0,,0,,,,0,0000-00-00,0000-00-00,0000-00-00,,,,,0,0,
,"Dnyaneshwar Agro Agency",,,"",Hemant S Shinde,N,0,,0,N,0,,D,"",,"",,"",,,,,,,,0,,,,,MAHARASHTRA,0,0,,0,,,,0,2000-00-00,2000-00-00,2000-00-00,,,,,0,0,
,"Dosti Agro Services",,,"A NAGAR",Hemant S Shinde,N,0,,0,N,0,,D,"",,"",,"",,,,,,,,0,,,,,MAHARASHTRA,0,0,,0,,,,0,0000-00-00,0000-00-00,0000-00-00,,,,,0,0,
,"DSB Electrical and Engineering works",,,"WARDHA",Hemant S Shinde,Y,0,,0,N,0,,D,"",,"",,"",,,,,,,,0,,,,,MAHARASHTRA,0,0,,0,,,,0,0000-00-00,0000-00-00,0000-00-00,,,,,0,0,
D000565,"DURGA SALES & ENGINEERING",9462478757,,"BISSAU",A.K Sharma,Y,0,,0,N,0,,D,"",,"",,"",,,,,,,,0,,,,,RAJASTHAN,0,0,,0,,,,0,0000-00-00,0000-00-00,0000-00-00,,,,,0,0,
D000566,"DURGA TRADERS",8890284554,,"PIRAWA",Devendra Kr.Tripathi,Y,0,,0,N,0,,D,"",,"",,"",,,,,,,,0,,,,,RAJASTHAN,0,0,,0,,,,0,0000-00-00,0000-00-00,0000-00-00,,,,,0,0,
D000477,"EASTCOAST TRADERS",7683928592,,"NEAR FLY OVER, PIPILI",Ashok Kr Nayak,Y,0,,0,N,0,,D,"",,"",,"",,,,,,,,0,,,,,ODISHA,0,0,,0,,,,0,0000-00-00,0000-00-00,0000-00-00,,,,,0,0,no
D000477,"EASTCOAST TRADERS",7683928592,,"JAGATSING PUR",Ashok Kr Nayak,Y,0,,0,N,0,,D,"",,"",,"",,,,,,,,0,,,,,ODISHA,0,0,,0,,,,0,0000-00-00,0000-00-00,0000-00-00,,,,,0,0,no
D000477,"EASTCOAST TRADERS",7683928592,,"NEAR FLY OVER PIPILI",Ashok Kr Nayak,Y,0,,0,N,0,,D,"",,"",,"",,,,,,,,0,,,,,ODISHA,0,0,,0,,,,0,2000-00-00,2000-00-00,2000-00-00,,,,,0,0,no
,"EPS AGRO MARKETING",9047158311,,"THIRUVANNAMALAI",,N,0,,0,N,0,,D,"",,"",,"",,,,,,,,0,,,,,TAMIL NADU,0,0,,0,,,,0,0000-00-00,0000-00-00,0000-00-00,,,,,0,0,
,"EPS AGRO MARKETING",9047158311,,"THIRUVANNAMALAI",SANKAR.K,N,0,,0,N,0,,D,"",,"",,"",,,,,,,,0,,,,,TAMIL NADU,0,0,,0,,,,0,0000-00-00,0000-00-00,0000-00-00,,,,,0,0,
,"EPS AGRO MARKETING",9047158311,,"THIRUVANNAMALAI",,N,0,,0,N,0,,D,"",,"",,"",,,,,,,,0,,,,,TAMIL NADU,0,0,,0,,,,0,0000-00-00,0000-00-00,0000-00-00,,,,,0,0,
,"Forcepower",,,"kolkata",Suman Saini,Y,0,,0,N,0,,D,"",,"",,"",,,,,,,,0,,,,,,0,0,,0,,,,0,2000-00-00,2000-00-00,2000-00-00,,,,,0,0,
,"Forcepower 1",,,"kolkata 1",Suman Saini,Y,0,,0,N,0,,R,"",,"",,"",,,,,,,,0,,,,,,0,0,,0,,,,0,2000-00-00,2000-00-00,2000-00-00,,,,,0,0,
,"FRIENDS ENTERPRISES",,,"U.P.",Praveer Kr Dixit,N,0,,0,N,0,,D,"",,"",,"",,,,,,,,0,,,,,UP,0,0,,0,,,,0,2000-00-00,2000-00-00,2000-00-00,,,,,0,0,
D000167,"G. K. ENTERPRISES",,,"NEAR PANCHAL DHARAMSHALA",Anil Kr Vishwakarma,Y,0,,0,N,0,,D,"",,"",,"",,,,,,,,0,,,,,MADHYA PRADESH,0,0,,0,,,,0,2000-00-00,2000-00-00,2000-00-00,,,,,0,0,no
,"G.K  IRRIGATION",9042653720,,"VELLORE",,N,0,,0,N,0,,D,"",,"",,"",,,,,,,,0,,,,,TAMIL NADU,0,0,,0,,,,0,0000-00-00,0000-00-00,0000-00-00,,,,,0,0,
,"G.K  IRRIGATION",9042653720,,"VELLORE",VENKATARAMAN.P,N,0,,0,N,0,,D,"",,"",,"",,,,,,,,0,,,,,TAMIL NADU,0,0,,0,,,,0,0000-00-00,0000-00-00,0000-00-00,,,,,0,0,
,"G.K  IRRIGATION",9042653720,,"VELLORE",,N,0,,0,N,0,,D,"",,"",,"",,,,,,,,0,,,,,TAMIL NADU,0,0,,0,,,,0,0000-00-00,0000-00-00,0000-00-00,,,,,0,0,
,"G.K IRRIGATION",9042653720,,"THIRUPATHUR",MOHANKUMAR.R,Y,0,,0,N,0,,D,"",,"",,"",,,,,,,,0,,,,,TAMIL NADU,0,0,,0,,,,0,0000-00-00,0000-00-00,0000-00-00,,,,635653,0,0,no
D000567,"G.K.KRISHI YANTRALYA",9414036879,,"SIKAR",A.K Sharma,Y,0,,0,N,0,,D,"",,"",,"",,,,,,,,0,,,,,RAJASTHAN,0,0,,0,,,,0,0000-00-00,0000-00-00,0000-00-00,,,,,0,0,
D000567,"G.K.KRISHI YANTRALYA",9414036879,,"STATION ROAD",A.K Sharma,Y,0,,0,N,0,,D,"",,"",,"",,,,,,,,0,,,,,RAJASTHAN,0,0,,0,,,,0,2000-00-00,2000-00-00,2000-00-00,,,,,0,0,
,"Gajanan Agro Agency",,,"Washim",Hemant S Shinde,N,0,,0,N,0,,D,"",,"",,"",,,,,,,,0,,,,,MAHARASHTRA,0,0,,0,,,,0,0000-00-00,0000-00-00,0000-00-00,,,,,0,0,
,"GANESH MACHINERY STORE",9461590293,,"BARAN",Devendra Kr.Tripathi,Y,0,,0,N,0,,D,"",,"",,"",,,,,,,,0,,,,,RAJASTHAN,0,0,,0,,,,0,2000-00-00,2000-00-00,2000-00-00,,,,,0,0,
NE003720201223180356,"GANESH MACHINERY STORE",9414191293,,"",Devendra Kr.Tripathi,Y,0,,0,N,0,,R,"",,"DEENDAYAL PARK BARAN",,"",,,,,,,,0,,,,,RAJASTHAN,0,0,,0,,,,0,2000-00-00,2000-00-00,2000-00-00,,,,325205,0,0,no
NE003720201223180356,"GANESH MACHINERY STORE",9414191293,,"",Devendra Kr.Tripathi,Y,0,,0,N,0,,R,"",,"DEENDAYAL PARK BARAN",,"",,,,,,,,,,,,,RAJASTHAN,0,0,,0,,,,0,0000-00-00,0000-00-00,0000-00-00,,,,325205,0,0,no
D000104,"GANESH PIPES",9813530713,,"LOHARU ROAD",Ramesh Kr.Verma,Y,0,,0,N,0,,D,"",,"",,"",,,,,,,,0,,,,,HARYANA,0,0,,0,,,,0,0000-00-00,0000-00-00,0000-00-00,,,,,0,0,no
D000571,"GANESH TRADERS",9414492706,,"BARMER",Praveen Sharma,Y,0,,0,N,0,,D,"",,"",,"",,,,,,,,0,,,,,RAJASTHAN,0,0,,0,,,,0,0000-00-00,0000-00-00,0000-00-00,,,,,0,0,
D000571,"GANESH TRADERS",9414492706,,"BARMER",Aditya Rathi,Y,0,,0,N,0,,D,"",,"",,"",,,,,,,,0,,,,,RAJASTHAN,0,0,,0,,,,0,0000-00-00,0000-00-00,0000-00-00,,,,,0,0,
,"Ganges Engineering",,,"",Anup Kumar,Y,0,,0,N,0,,D,"",,"",,"",,,,,,,,0,,,,,,0,0,,0,,,,0,0000-00-00,0000-00-00,0000-00-00,,,,,0,0,
,"Ganges Engineering",,,"Ranchi",Anup Kumar,Y,0,,0,N,0,,D,"",,"",,"",,,,,,,,0,,,,,,0,0,,0,,,,0,0000-00-00,0000-00-00,0000-00-00,,,,,0,0,
,"Gangotri Traders",,,"DHULE",Hemant S Shinde,N,0,,0,N,0,,D,"",,"",,"",,,,,,,,0,,,,,MAHARASHTRA,0,0,,0,,,,0,0000-00-00,0000-00-00,0000-00-00,,,,,0,0,
D000572,"GANPATI AGRO AGENCY",9929076968,,"DENCHU",Praveen Sharma,Y,0,,0,N,0,,D,"",,"",,"",,,,,,,,0,,,,,RAJASTHAN,0,0,,0,,,,0,0000-00-00,0000-00-00,0000-00-00,,,,,0,0,
D000572,"GANPATI AGRO AGENCY",9929076968,,"DENCHU",Aditya Rathi,Y,0,,0,N,0,,D,"",,"",,"",,,,,,,,0,,,,,RAJASTHAN,0,0,,0,,,,0,0000-00-00,0000-00-00,0000-00-00,,,,,0,0,
NE003720210115140801,"GARG ELECTRIC & MACH.STORE",9414623870,,"SHAHPURA",Devendra Kr.Tripathi,Y,0,,0,N,0,,R,"",,"NERAR PURANI CHUNGI SHAHPURA",,"",,,,,,,,0,,,,,RAJASTHAN,0,0,,0,,,,0,2000-00-00,2000-00-00,2000-00-00,,,,303103,0,0,no
,"Gargi Enterprises",,,"NASHIK",Hemant S Shinde,N,0,,0,N,0,,D,"",,"",,"",,,,,,,,0,,,,,MAHARASHTRA,0,0,,0,,,,0,0000-00-00,0000-00-00,0000-00-00,,,,,0,0,
D000893,"GAYATHRI CONSTRUCTION",9790168366,,"EDIAIYALAM THOZHUPET",,N,0,,0,N,0,,D,"",,"",,"",,,,,,,,0,,,,,Tamil Nadu,0,0,,0,,,,0,2000-00-00,2000-00-00,2000-00-00,,,,,0,0,
D000893,"GAYATHRI CONSTRUCTION",9790168366,,"EDIAIYALAM THOZHUPET",VENKATARAMAN.P,N,0,,0,N,0,,D,"",,"",,"",,,,,,,,0,,,,,Tamil Nadu,0,0,,0,,,,0,2000-00-00,2000-00-00,2000-00-00,,,,,0,0,
D000893,"GAYATHRI CONSTRUCTION",9790168366,,"EDIAIYALAM THOZHUPET",,N,0,,0,N,0,,D,"",,"",,"",,,,,,,,0,,,,,Tamil Nadu,0,0,,0,,,,0,2000-00-00,2000-00-00,2000-00-00,,,,,0,0,
,"GAYATHRI CONSTRUCTION",9790168366,,"KANCHEEPURAM",,N,0,,0,N,0,,D,"",,"",,"",,,,,,,,0,,,,,TAMIL NADU,0,0,,0,,,,0,0000-00-00,0000-00-00,0000-00-00,,,,,0,0,
,"GAYATHRI CONSTRUCTION",9790168366,,"KANCHEEPURAM",VENKATARAMAN.P,N,0,,0,N,0,,D,"",,"",,"",,,,,,,,0,,,,,TAMIL NADU,0,0,,0,,,,0,0000-00-00,0000-00-00,0000-00-00,,,,,0,0,
,"GAYATHRI CONSTRUCTION",9790168366,,"KANCHEEPURAM",,N,0,,0,N,0,,D,"",,"",,"",,,,,,,,0,,,,,TAMIL NADU,0,0,,0,,,,0,0000-00-00,0000-00-00,0000-00-00,,,,,0,0,
,"Gayatri Sales & Services, Sheogaon",,,"",Hemant S Shinde,Y,0,,0,N,0,,D,"",,"",,"",,,,,,,,0,,,,,MAHARASHTRA,0,0,,0,,,,0,0000-00-00,0000-00-00,0000-00-00,,,,,0,0,
,"Gayatri Sales & Services, Sheogaon",,,"BULDHANA",Hemant S Shinde,Y,0,,0,N,0,,D,"",,"",,"",,,,,,,,0,,,,,MAHARASHTRA,0,0,,0,,,,0,2000-00-00,2000-00-00,2000-00-00,,,,,0,0,
,"GC TECH",8667660866,,"NAMAKKAL",DHANASEELAN.U,N,0,,0,N,0,,D,"",,"",,"",,,,,,,,0,,,,,TAMIL NADU,0,0,,0,,,,0,0000-00-00,0000-00-00,0000-00-00,,,,,0,0,
,"GC TECH",8667660866,,"NAMAKKAL",THANGAIYAN.A,N,0,,0,N,0,,D,"",,"",,"",,,,,,,,0,,,,,TAMIL NADU,0,0,,0,,,,0,0000-00-00,0000-00-00,0000-00-00,,,,,0,0,
,"GC TECH",8667660866,,"PARAMATHY",Santhosh,Y,0,,0,N,0,,D,"",,"",,"",,,,,,,,0,,,,,TAMIL NADU,0,0,,0,,,,0,0000-00-00,0000-00-00,0000-00-00,,,,637207,0,0,no
D000574,"GEHLOT ELECTRICALS (GUDHA MALANI)",9783418330,,"GUDAMALANI",Praveen Sharma,Y,0,,0,N,0,,D,"",,"",,"",,,,,,,,0,,,,,RAJASTHAN,0,0,,0,,,,0,0000-00-00,0000-00-00,0000-00-00,,,,,0,0,
D000574,"GEHLOT ELECTRICALS (GUDHA MALANI)",9783418330,,"GUDAMALANI",Aditya Rathi,Y,0,,0,N,0,,D,"",,"",,"",,,,,,,,0,,,,,RAJASTHAN,0,0,,0,,,,0,0000-00-00,0000-00-00,0000-00-00,,,,,0,0,
D000575,"GEHLOT MACHINERY STORE(DHORIMANNA)",9414529344,,"DHORIMANNA",Praveen Sharma,N,0,,0,N,0,,D,"",,"",,"",,,,,,,,0,,,,,RAJASTHAN,0,0,,0,,,,0,0000-00-00,0000-00-00,0000-00-00,,,,,0,0,
D000575,"GEHLOT MACHINERY STORE(DHORIMANNA)",9414529344,,"DHORIMANNA",Aditya Rathi,Y,0,,0,N,0,,D,"",,"",,"",,,,,,,,0,,,,,RAJASTHAN,0,0,,0,,,,0,0000-00-00,0000-00-00,0000-00-00,,,,,0,0,
,"Ghadge Agro Agency",,,"SATARA",Hemant S Shinde,N,0,,0,N,0,,D,"",,"",,"",,,,,,,,0,,,,,MAHARASHTRA,0,0,,0,,,,0,0000-00-00,0000-00-00,0000-00-00,,,,,0,0,
,"Global Agrotech India Nandkheda",,,"",Hemant S Shinde,N,0,,0,N,0,,D,"",,"",,"",,,,,,,,0,,,,,MAHARASHTRA,0,0,,0,,,,0,2000-00-00,2000-00-00,2000-00-00,,,,,0,0,
D000836,"GO GREEN AGENCY",7708799191,,"Pudhuvayal, karaikudi",,Y,0,,0,N,0,,D,"",,"",,"",,,,,,,,0,,,,,Tamil Nadu,0,0,,0,,,,0,0000-00-00,0000-00-00,0000-00-00,,,,,0,0,no
,"GO GREEN AGENCY",7708799191,,"SIVAGANGAI",,N,0,,0,N,0,,D,"",,"",,"",,,,,,,,0,,,,,TAMIL NADU,0,0,,0,,,,0,0000-00-00,0000-00-00,0000-00-00,,,,,0,0,
,"GO GREEN AGENCY",7708799191,,"SIVAGANGAI",SUBARASU.A,N,0,,0,N,0,,D,"",,"",,"",,,,,,,,0,,,,,TAMIL NADU,0,0,,0,,,,0,0000-00-00,0000-00-00,0000-00-00,,,,,0,0,
,"GO GREEN AGENCY",7708799191,,"SIVAGANGAI",,N,0,,0,N,0,,D,"",,"",,"",,,,,,,,0,,,,,TAMIL NADU,0,0,,0,,,,0,0000-00-00,0000-00-00,0000-00-00,,,,,0,0,
D000836,"GO GREEN AGENCY",7708799191,,"Pudhuvayal karaikudi",,N,0,,0,N,0,,D,"",,"",,"",,,,,,,,0,,,,,Tamil Nadu,0,0,,0,,,,0,2000-00-00,2000-00-00,2000-00-00,,,,,0,0,
D000836,"GO GREEN AGENCY",7708799191,,"Pudhuvayal karaikudi",SUBARASU.A,N,0,,0,N,0,,D,"",,"",,"",,,,,,,,0,,,,,Tamil Nadu,0,0,,0,,,,0,2000-00-00,2000-00-00,2000-00-00,,,,,0,0,
D000836,"GO GREEN AGENCY",7708799191,,"Pudhuvayal karaikudi",,N,0,,0,N,0,,D,"",,"",,"",,,,,,,,0,,,,,Tamil Nadu,0,0,,0,,,,0,2000-00-00,2000-00-00,2000-00-00,,,,,0,0,
,"GO GREEN AGENCY",7708799191,,"KARAIKUDI",SUBARASU.A,Y,0,,0,N,0,,D,"",,"",,"",,,,,,,,0,,,,,TAMIL NADU,0,0,,0,,,,0,0000-00-00,0000-00-00,0000-00-00,,,,630108,0,0,no
,"GOKUL RAJ",9486434560,,"ALANGAIYAM",MOHANKUMAR.R,Y,0,,0,N,0,,D,"",,"",,"",,,,,,,,0,,,,,TAMIL NADU,0,0,,0,,,,0,0000-00-00,0000-00-00,0000-00-00,,,,635752,0,0,no
,"GOKULRAJ",9486434560,,"VELLORE",,N,0,,0,N,0,,D,"",,"",,"",,,,,,,,0,,,,,TAMIL NADU,0,0,,0,,,,0,0000-00-00,0000-00-00,0000-00-00,,,,,0,0,
,"GOKULRAJ",9486434560,,"VELLORE",VENKATARAMAN.P,N,0,,0,N,0,,D,"",,"",,"",,,,,,,,0,,,,,TAMIL NADU,0,0,,0,,,,0,0000-00-00,0000-00-00,0000-00-00,,,,,0,0,
,"GOKULRAJ",9486434560,,"VELLORE",,N,0,,0,N,0,,D,"",,"",,"",,,,,,,,0,,,,,TAMIL NADU,0,0,,0,,,,0,0000-00-00,0000-00-00,0000-00-00,,,,,0,0,
,"Goswami Krishi Kendra",,,"Gotegaon",Sunil Awadhwal,Y,0,,0,N,0,,D,"",,"",,"",,,,,,,,0,,,,,MADHYA PRADESH,0,0,,0,,,,0,2000-00-00,2000-00-00,2000-00-00,,,,,0,0,
,"GOUNDER TRADING COMPANY",95977 11155,,"NAMAKKAL",,N,0,,0,N,0,,D,"",,"",,"",,,,,,,,0,,,,,TAMIL NADU,0,0,,0,,,,0,0000-00-00,0000-00-00,0000-00-00,,,,,0,0,
,"GOUNDER TRADING COMPANY",95977 11155,,"NAMAKKAL",DHANASEELAN.U,N,0,,0,N,0,,D,"",,"",,"",,,,,,,,0,,,,,TAMIL NADU,0,0,,0,,,,0,0000-00-00,0000-00-00,0000-00-00,,,,,0,0,
,"GOUNDER TRADING COMPANY",95977 11155,,"NAMAKKAL",SELVAKUMAR.M-1,N,0,,0,N,0,,D,"",,"",,"",,,,,,,,0,,,,,TAMIL NADU,0,0,,0,,,,0,0000-00-00,0000-00-00,0000-00-00,,,,,0,0,
,"GOUNDER TRADING COMPANY",95977 11155,,"NAMAKKAL",,N,0,,0,N,0,,D,"",,"",,"",,,,,,,,0,,,,,TAMIL NADU,0,0,,0,,,,0,0000-00-00,0000-00-00,0000-00-00,,,,,0,0,
D000577,"GOURI SHANKAR FILLING STORE",9414548232,,"DIDWANA",A.K Sharma,Y,0,,0,N,0,,D,"",,"",,"",,,,,,,,0,,,,,RAJASTHAN,0,0,,0,,,,0,0000-00-00,0000-00-00,0000-00-00,,,,,0,0,
,"Govind Traders",,,"Neemuch",Basant Lal Patidar,Y,0,,0,N,0,,D,"",,"",,"",,,,,,,,0,,,,,MADHYA PRADESH,0,0,,0,,,,0,2000-00-00,2000-00-00,2000-00-00,,,,,0,0,
D000105,"GRAWAL & SONS",9812064703,,"MARODHI",Kiranpal Singh,Y,0,,0,N,0,,D,"",,"",,"",,,,,,,,0,,,,,HARYANA,0,0,,0,,,,0,2000-00-00,2000-00-00,2000-00-00,,,,,0,0,no
,"GREE AGRI TECH",6369951607,,"MITTAPALLAI POST",Lakshmigandhan,Y,0,,0,N,0,,D,"",,"",,"",,,,,,,,0,,,,,TAMIL NADU,0,0,,0,,,,0,0000-00-00,0000-00-00,0000-00-00,,,,635307,0,0,no
D000137,"GREEN FIELDS AGRO TECH",9736250347,,"SADAR",Anil Guleria,N,0,,0,N,0,,D,"",,"",,"",,,,,,,,0,,,,,HIMACHAL PRADESH,0,0,,0,,,,0,0000-00-00,0000-00-00,0000-00-00,,,,,0,0,no
,"Green Power System",,,"Ranchi",Anup Kumar,Y,0,,0,N,0,,Dealer,"",,"",,"",,,,,,,,0,,,,,JHARKHAND,0,0,,0,,,,0,0000-00-00,0000-00-00,0000-00-00,,,,,0,0,
D000865,"GREEN TECH IRRIGAION",94422 16015,,"OLD SURAMANGALAM",,N,0,,0,N,0,,D,"",,"",,"",,,,,,,,0,,,,,Tamil Nadu,0,0,,0,,,,0,2000-00-00,2000-00-00,2000-00-00,,,,,0,0,
D000865,"GREEN TECH IRRIGAION",94422 16015,,"OLD SURAMANGALAM",,Y,0,,0,N,0,,D,"",,"",,"",,,,,,,,0,,,,,Tamil Nadu,0,0,,0,,,,0,2000-00-00,2000-00-00,2000-00-00,,,,,0,0,
D000865,"GREEN TECH IRRIGAION",94422 16015,,"OLD SURAMANGALAM",VENKATARAMAN.P,N,0,,0,N,0,,D,"",,"",,"",,,,,,,,0,,,,,Tamil Nadu,0,0,,0,,,,0,2000-00-00,2000-00-00,2000-00-00,,,,,0,0,
D000865,"GREEN TECH IRRIGAION",94422 16015,,"OLD SURAMANGALAM",,Y,0,,0,N,0,,D,"",,"",,"",,,,,,,,0,,,,,Tamil Nadu,0,0,,0,,,,0,2000-00-00,2000-00-00,2000-00-00,,,,,0,0,
,"GREEN TECH IRRIGAION",94422 16015,,"SALEM",,N,0,,0,N,0,,D,"",,"",,"",,,,,,,,0,,,,,TAMIL NADU,0,0,,0,,,,0,0000-00-00,0000-00-00,0000-00-00,,,,,0,0,
,"GREEN TECH IRRIGAION",94422 16015,,"SALEM",VENKATARAMAN.P,N,0,,0,N,0,,D,"",,"",,"",,,,,,,,0,,,,,TAMIL NADU,0,0,,0,,,,0,0000-00-00,0000-00-00,0000-00-00,,,,,0,0,
,"GREEN TECH IRRIGAION",94422 16015,,"SALEM",,N,0,,0,N,0,,D,"",,"",,"",,,,,,,,0,,,,,TAMIL NADU,0,0,,0,,,,0,0000-00-00,0000-00-00,0000-00-00,,,,,0,0,
,"GREEN TECH IRRIGAION",9003042006,,"THIRUVELLORE",,N,0,,0,N,0,,D,"",,"",,"",,,,,,,,0,,,,,TAMIL NADU,0,0,,0,,,,0,0000-00-00,0000-00-00,0000-00-00,,,,,0,0,
,"GREEN TECH IRRIGAION",9003042006,,"THIRUVELLORE",VENKATARAMAN.P,N,0,,0,N,0,,D,"",,"",,"",,,,,,,,0,,,,,TAMIL NADU,0,0,,0,,,,0,0000-00-00,0000-00-00,0000-00-00,,,,,0,0,
,"GREEN TECH IRRIGAION",9003042006,,"THIRUVELLORE",,N,0,,0,N,0,,D,"",,"",,"",,,,,,,,0,,,,,TAMIL NADU,0,0,,0,,,,0,0000-00-00,0000-00-00,0000-00-00,,,,,0,0,
,"GREEN WAY AGRO TECH",9123569956,,"SATHANUR",Anbarasan.T,Y,0,,0,N,0,,D,"",,"",,"",,,,,,,,0,,,,,TAMIL NADU,0,0,,0,,,,0,0000-00-00,0000-00-00,0000-00-00,,,,606706,0,0,no
,"Greenray Traders",,,"Bihar",Nirmal Kumar,Y,0,,0,N,0,,D,"",,"",,"",,,,,,,,0,,,,,JHARKHAND,0,0,,0,,,,0,0000-00-00,0000-00-00,0000-00-00,,,,,0,0,
,"Greenray Traders",,,"Sitamarhi",Nirmal Kumar,Y,0,,0,N,0,,D,"",,"",,"",,,,,,,,0,,,,,JHARKHAND,0,0,,0,,,,0,2000-00-00,2000-00-00,2000-00-00,,,,,0,0,
NE021620201203084526,"GREENTECH",9508072531,,"SHOLAVARAM",Selvapandian,Y,0,,0,N,0,,R,"",,"SHOLAVARAM",,"",,,,,,,,0,,,,,TAMIL NADU,0,0,,0,,,,0,2000-00-00,2000-00-00,2000-00-00,,,,606832,0,0,no
NE021620200901090158,"GREENWAY AGROTECH",9123569956,,"TIRUVANNAMALAI -SATHANUR",Selvapandian,N,0,,0,N,0,,R,"",,"SATHANUR",,"",,,,,,,,0,,,,,TAMIL NADU,0,0,,0,,,,0,0000-00-00,0000-00-00,0000-00-00,,,,606803,0,0,no
D000579,"GUPTA ELECTRICALS",9414654113,,"BHARATPUR",Praveer Kr Dixit,Y,0,,0,N,0,,D,"",,"",,"",,,,,,,,0,,,,,RAJASTHAN,0,0,,0,,,,0,0000-00-00,0000-00-00,0000-00-00,,,,,0,0,
,"GUPTA ENGINEERING CORP",9414315921,,"NIWAI",Devendra Kr.Tripathi,Y,0,,0,N,0,,D,"",,"",,"",,,,,,,,0,,,,,RAJASTHAN,0,0,,0,,,,0,2000-00-00,2000-00-00,2000-00-00,,,,,0,0,
D000580,"GURJAR AGRO",9414978756,,"BHILWARA",Surya Bhan Singh Bhati,Y,0,,0,N,0,,D,"",,"",,"",,,,,,,,0,,,,,RAJASTHAN,0,0,,0,,,,0,0000-00-00,0000-00-00,0000-00-00,,,,,0,0,
,"Gurudatta Irrigation, Bhokardan",,,"JALANA",Hemant S Shinde,N,0,,0,N,0,,D,"",,"",,"",,,,,,,,0,,,,,MAHARASHTRA,0,0,,0,,,,0,0000-00-00,0000-00-00,0000-00-00,,,,,0,0,
,"Gurukrupa Agro Agencies",,,"NANDED",Hemant S Shinde,N,0,,0,N,0,,D,"",,"",,"",,,,,,,,0,,,,,MAHARASHTRA,0,0,,0,,,,0,0000-00-00,0000-00-00,0000-00-00,,,,,0,0,
,"GURUMAULI IRRIGATION SYSTEM",,,"YAVATMAL",Hemant S Shinde,Y,0,,0,N,0,,D,"",,"",,"",,,,,,,,0,,,,,MAHARASHTRA,0,0,,0,,,,0,2000-00-00,2000-00-00,2000-00-00,,,,,0,0,
D000581,"HARI OM AGENCIES",9660130565,,"IKTASA",Devendra Kr.Tripathi,Y,0,,0,N,0,,D,"",,"",,"",,,,,,,,0,,,,,RAJASTHAN,0,0,,0,,,,0,0000-00-00,0000-00-00,0000-00-00,,,,,0,0,
D000582,"HARI OM ENTERPRISES",9982365067,,"PHALODI",Praveen Sharma,Y,0,,0,N,0,,D,"",,"",,"",,,,,,,,0,,,,,RAJASTHAN,0,0,,0,,,,0,0000-00-00,0000-00-00,0000-00-00,,,,,0,0,
D000582,"HARI OM ENTERPRISES",9982365067,,"PHALODI",Aditya Rathi,Y,0,,0,N,0,,D,"",,"",,"",,,,,,,,0,,,,,RAJASTHAN,0,0,,0,,,,0,0000-00-00,0000-00-00,0000-00-00,,,,,0,0,
NE014320191011100640,"HARI TRADERS",6377021461,,"CHOHTAN",Praveen Sharma,N,0,,0,N,0,,D,"",,"",,"",,,,,,,,0,,,,,RAJASTHAN,0,0,,0,,,,0,0000-00-00,0000-00-00,0000-00-00,,,,,0,0,
NE014320191011100640,"HARI TRADERS",6377021461,,"CHOHTAN",Aditya Rathi,Y,0,,0,N,0,,D,"",,"",,"",,,,,,,,0,,,,,RAJASTHAN,0,0,,0,,,,0,0000-00-00,0000-00-00,0000-00-00,,,,,0,0,
NE014320191011100640,"HARI TRADERS",6377021461,,"BARMER",Aditya Rathi,Y,0,,0,N,0,,D,"",,"",,"",,,,,,,,0,,,,,RAJASTHAN,0,0,,0,,,,0,0000-00-00,0000-00-00,0000-00-00,,,,,0,0,
,"Harsh Traders",,,"BULDHANA",Hemant S Shinde,N,0,,0,N,0,,D,"",,"",,"",,,,,,,,0,,,,,MAHARASHTRA,0,0,,0,,,,0,0000-00-00,0000-00-00,0000-00-00,,,,,0,0,
,"Harshal Agro Agency",,,"NANDURBAR",Hemant S Shinde,N,0,,0,N,0,,D,"",,"",,"",,,,,,,,0,,,,,MAHARASHTRA,0,0,,0,,,,0,0000-00-00,0000-00-00,0000-00-00,,,,,0,0,
D000585,"HARSHIT ENTERPRISES",9829251788,,"MAHAVEER NAGAR",Devendra Kr.Tripathi,Y,0,,0,N,0,,D,"",,"",,"",,,,,,,,0,,,,,RAJASTHAN,0,0,,0,,,,0,0000-00-00,0000-00-00,0000-00-00,,,,,0,0,
D000585,"HARSHIT ENTERPRISES",9829251788,,"KOTA",Devendra Kr.Tripathi,Y,0,,0,N,0,,D,"",,"",,"",,,,,,,,0,,,,,RAJASTHAN,0,0,,0,,,,0,0000-00-00,0000-00-00,0000-00-00,,,,,0,0,
,"Haryana Agriculture Implements",,,"",Sushil Kumar,Y,0,,0,N,0,,D,"",,"",,"",,,,,,,,0,,,,,HARAYANA,0,0,,0,,,,0,0000-00-00,0000-00-00,0000-00-00,,,,,0,0,
D000060,"HARYANA IRRIGATION SYSTEMS",9813880001,,"NEW GRAIN MARKET , OPP DDA OFFICE",Ramesh Kr.Verma,Y,0,,0,N,0,,D,"",,"",,"",,,,,,,,0,,,,,HARYANA,0,0,,0,,,,0,0000-00-00,0000-00-00,0000-00-00,,,,,0,0,no
D000060,"HARYANA IRRIGATION SYSTEMS",9813880001,,"NEW GRAIN MARKET  OPP DDA OFFICE",Ramesh Kr.Verma,N,0,,0,N,0,,D,"",,"",,"",,,,,,,,0,,,,,HARYANA,0,0,,0,,,,0,0000-00-00,0000-00-00,0000-00-00,,,,,0,0,
D000114,"HARYANA SPRINKLER AGNCY",9812193114,,"LOHARU",Ajay Kr Yadav,Y,0,,0,N,0,,D,"",,"",,"",,,,,,,,0,,,,,HARYANA,0,0,,0,,,,0,0000-00-00,0000-00-00,0000-00-00,,,,,0,0,no
,"Hawa Singh",,,"BHIWANI",Amarjeet Yadav,Y,0,,0,N,0,,D,"",,"",,"",,,,,,,,0,,,,,HARYANA,0,0,,0,,,,0,0000-00-00,0000-00-00,0000-00-00,,,,,0,0,
,"HDM AGRI TECH",9941228199,,"VILLUPURAM",,N,0,,0,N,0,,D,"",,"",,"",,,,,,,,0,,,,,TAMIL NADU,0,0,,0,,,,0,0000-00-00,0000-00-00,0000-00-00,,,,,0,0,
,"HDM AGRI TECH",9941228199,,"VILLUPURAM",SARANRAJ.P,N,0,,0,N,0,,D,"",,"",,"",,,,,,,,0,,,,,TAMIL NADU,0,0,,0,,,,0,0000-00-00,0000-00-00,0000-00-00,,,,,0,0,
,"HDM AGRI TECH",9941228199,,"VILLUPURAM",,N,0,,0,N,0,,D,"",,"",,"",,,,,,,,0,,,,,TAMIL NADU,0,0,,0,,,,0,0000-00-00,0000-00-00,0000-00-00,,,,,0,0,
,"HEAD QUARTER",,,"Jaipur",Devendra Kr.Tripathi,Y,0,,0,N,0,,D,"",,"",,"",,,,,,,,0,,,,,RAJASTHAN,0,0,,0,,,,0,0000-00-00,0000-00-00,0000-00-00,,,,,0,0,
,"HEAD QUARTER",,,"Jaipur",Aditya Rathi,Y,0,,0,N,0,,D,"",,"",,"",,,,,,,,0,,,,,RAJASTHAN,0,0,,0,,,,0,0000-00-00,0000-00-00,0000-00-00,,,,,0,0,
,"Headquarter",,,"Chittorgarh",Surya Bhan Singh Bhati,Y,0,,0,N,0,,D,"",,"",,"",,,,,,,,0,,,,,RAJASTHAN,0,0,,0,,,,0,0000-00-00,0000-00-00,0000-00-00,,,,,0,0,
,"HEADQUARTER",,,"Jaipur",Vivek Kumar,Y,0,,0,N,0,,D,"",,"",,"",,,,,,,,0,,,,,RAJASTHAN,0,0,,0,,,,0,0000-00-00,0000-00-00,0000-00-00,,,,,0,0,
D000005,"HEMANTH SAI ENTERPRISES",9490087943,,"BATHALAPALLI MANDAL",P Naresh Kumar,Y,0,,0,N,0,,D,"",,"",,"",,,,,,,,0,,,,,ANDHRA PRADESH,0,0,,0,,,,0,2000-00-00,2000-00-00,2000-00-00,,,,,0,0,no
D000006,"HEMANTH SAI ENTERPRISES",,,"Y.S.R KADAPA",P Naresh Kumar,Y,0,,0,N,0,,D,"",,"",,"",,,,,,,,0,,,,,ANDHRA PRADESH,0,0,,0,,,,0,2000-00-00,2000-00-00,2000-00-00,,,,,0,0,no
D000850,"HERITAGE AGRO SERVICE",9787525920,,"VEPPUR",,N,0,,0,N,0,,D,"",,"",,"",,,,,,,,0,,,,,Tamil Nadu,0,0,,0,,,,0,2000-00-00,2000-00-00,2000-00-00,,,,,0,0,
D000850,"HERITAGE AGRO SERVICE",9787525920,,"VEPPUR",,Y,0,,0,N,0,,D,"",,"",,"",,,,,,,,0,,,,,Tamil Nadu,0,0,,0,,,,0,2000-00-00,2000-00-00,2000-00-00,,,,,0,0,
D000850,"HERITAGE AGRO SERVICE",9787525920,,"VEPPUR",,Y,0,,0,N,0,,D,"",,"",,"",,,,,,,,0,,,,,Tamil Nadu,0,0,,0,,,,0,2000-00-00,2000-00-00,2000-00-00,,,,,0,0,
,"HERITAGE AGRO SERVICE",9787525920,,"PARAMBALUR",GANAVEL.S,N,0,,0,N,0,,D,"",,"",,"",,,,,,,,0,,,,,TAMIL NADU,0,0,,0,,,,0,0000-00-00,0000-00-00,0000-00-00,,,,,0,0,
,"HERITAGE AGRO SERVICE",9787525920,,"VELLUR  OLAIPADDY (WEST)",GANAVEL.S,Y,0,,0,N,0,,D,"",,"",,"",,,,,,,,0,,,,,TAMIL NADU,0,0,,0,,,,0,0000-00-00,0000-00-00,0000-00-00,,,,621717,0,0,no
D000907,"HI- TECH SOLUTION",7080914998-,,"PANTHNAGAR",Praveer Kr Dixit,N,0,,0,N,0,,D,"",,"",,"",,,,,,,,0,,,,,UP,0,0,,0,,,,0,2000-00-00,2000-00-00,2000-00-00,,,,,0,0,
D000586,"HIND BEEJ COMPANY",9783670023,,"THAWALA",Praveer Kr Dixit,Y,0,,0,N,0,,D,"",,"",,"",,,,,,,,0,,,,,RAJASTHAN,0,0,,0,,,,0,0000-00-00,0000-00-00,0000-00-00,,,,,0,0,
D000587,"HIND MACHINERY STORE",9929411099,,"GULABPURA",Surya Bhan Singh Bhati,Y,0,,0,N,0,,D,"",,"",,"",,,,,,,,0,,,,,RAJASTHAN,0,0,,0,,,,0,0000-00-00,0000-00-00,0000-00-00,,,,,0,0,
D000588,"HINDUSTAN ENGINEERING COMPANY",,,"",Vivek Kumar,N,0,,0,N,0,,D,"",,"",,"",,,,,,,,0,,,,,RAJASTHAN,0,0,,0,,,,0,0000-00-00,0000-00-00,0000-00-00,,,,,0,0,
,"HINDUSTAN ENGINEERING COMPANY",,,"AJMER",Vivek Kumar,Y,0,,0,N,0,,D,"",,"",,"",,,,,,,,0,,,,,RAJASTHAN,0,0,,0,,,,0,0000-00-00,0000-00-00,0000-00-00,,,,,0,0,
,"HINDUSTAN ENGINEERING COMPANY",,,"AJMER",Prathviraj,Y,0,,0,N,0,,D,"",,"",,"",,,,,,,,0,,,,,RAJASTHAN,0,0,,0,,,,0,0000-00-00,0000-00-00,0000-00-00,,,,,0,0,
D000172,"HINDUSTAN TRADERS",9826352961,,"KHURGONE",Sumit Kr Gupta,Y,0,,0,N,0,,D,"",,"",,"",,,,,,,,0,,,,,MADHYA PRADESH,0,0,,0,,,,0,2000-00-00,2000-00-00,2000-00-00,,,,,0,0,no
D000589,"HITECH IRRIGATION SYSTEM",9694114903,,"DIVYA JYOTI APPt",Surya Bhan Singh Bhati,Y,0,,0,N,0,,D,"",,"",,"",,,,,,,,0,,,,,RAJASTHAN,0,0,,0,,,,0,0000-00-00,0000-00-00,0000-00-00,,,,,0,0,
NE003720210122152142,"HORTICULTURE DEPARTMENT",9414303815,,"BHARATPUR",Devendra Kr.Tripathi,Y,0,,0,N,0,,R,"",,"BHARATPUR",,"",,,,,,,,,,,,,RAJASTHAN,0,0,,0,,,,0,0000-00-00,0000-00-00,0000-00-00,,,,321001,0,0,no
,"Horticulture office",,,"Sitamarhi",Nirmal Kumar,Y,0,,0,N,0,,D,"",,"",,"",,,,,,,,0,,,,,Bihar,0,0,,0,,,,0,0000-00-00,0000-00-00,0000-00-00,,,,,0,0,
,"Horticulture office",,,"Sheohar",Nirmal Kumar,Y,0,,0,N,0,,D,"",,"",,"",,,,,,,,0,,,,,Bihar,0,0,,0,,,,0,2000-00-00,2000-00-00,2000-00-00,,,,,0,0,
,"Horticulture office",,,"Muzaffarpur",Nirmal Kumar,Y,0,,0,N,0,,D,"",,"",,"",,,,,,,,0,,,,,Bihar,0,0,,0,,,,0,2000-00-00,2000-00-00,2000-00-00,,,,,0,0,
,"Horticulture office",,,"East Champaran",Nirmal Kumar,Y,0,,0,N,0,,D,"",,"",,"",,,,,,,,0,,,,,Bihar,0,0,,0,,,,0,0000-00-00,0000-00-00,0000-00-00,,,,,0,0,
,"Horticulture office",,,"West Champaran",Nirmal Kumar,Y,0,,0,N,0,,D,"",,"",,"",,,,,,,,0,,,,,Bihar,0,0,,0,,,,0,0000-00-00,0000-00-00,0000-00-00,,,,,0,0,
,"Horticulture office",,,"Samastipur",Nirmal Kumar,Y,0,,0,N,0,,D,"",,"",,"",,,,,,,,0,,,,,Bihar,0,0,,0,,,,0,0000-00-00,0000-00-00,0000-00-00,,,,,0,0,
,"Horticulture office",,,"Vaishali",Nirmal Kumar,Y,0,,0,N,0,,D,"",,"",,"",,,,,,,,0,,,,,Bihar,0,0,,0,,,,0,0000-00-00,0000-00-00,0000-00-00,,,,,0,0,
,"Horticulture office",,,"Madhubani",Nirmal Kumar,Y,0,,0,N,0,,D,"",,"",,"",,,,,,,,0,,,,,Bihar,0,0,,0,,,,0,0000-00-00,0000-00-00,0000-00-00,,,,,0,0,
,"Horticulture office",,,"Darbhanga",Nirmal Kumar,Y,0,,0,N,0,,D,"",,"",,"",,,,,,,,0,,,,,Bihar,0,0,,0,,,,0,2000-00-00,2000-00-00,2000-00-00,,,,,0,0,
,"Horticulture office",,,"Patna",Nirmal Kumar,Y,0,,0,N,0,,D,"",,"",,"",,,,,,,,0,,,,,Bihar,0,0,,0,,,,0,0000-00-00,0000-00-00,0000-00-00,,,,,0,0,
,"Horticulture office",,,"Nalanda",Nirmal Kumar,Y,0,,0,N,0,,D,"",,"",,"",,,,,,,,0,,,,,Bihar,0,0,,0,,,,0,0000-00-00,0000-00-00,0000-00-00,,,,,0,0,
,"Horticulture office",,,"Nawada",Nirmal Kumar,Y,0,,0,N,0,,D,"",,"",,"",,,,,,,,0,,,,,Bihar,0,0,,0,,,,0,0000-00-00,0000-00-00,0000-00-00,,,,,0,0,
,"Horticulture office",,,"Gaya",Anurag Kumar,Y,0,,0,N,0,,D,"",,"",,"",,,,,,,,0,,,,,Bihar,0,0,,0,,,,0,0000-00-00,0000-00-00,0000-00-00,,,,,0,0,
,"Horticulture office",,,"Gaya",Nirmal Kumar,Y,0,,0,N,0,,D,"",,"",,"",,,,,,,,0,,,,,Bihar,0,0,,0,,,,0,0000-00-00,0000-00-00,0000-00-00,,,,,0,0,
,"Horticulture office",,,"Rohtas",Anurag Kumar,Y,0,,0,N,0,,D,"",,"",,"",,,,,,,,0,,,,,Bihar,0,0,,0,,,,0,0000-00-00,0000-00-00,0000-00-00,,,,,0,0,
,"Horticulture office",,,"Rohtas",Nirmal Kumar,Y,0,,0,N,0,,D,"",,"",,"",,,,,,,,0,,,,,Bihar,0,0,,0,,,,0,0000-00-00,0000-00-00,0000-00-00,,,,,0,0,
,"Horticulture office",,,"Aurangabad",Anurag Kumar,Y,0,,0,N,0,,D,"",,"",,"",,,,,,,,0,,,,,Bihar,0,0,,0,,,,0,0000-00-00,0000-00-00,0000-00-00,,,,,0,0,
,"Horticulture office",,,"Aurangabad",Nirmal Kumar,Y,0,,0,N,0,,D,"",,"",,"",,,,,,,,0,,,,,Bihar,0,0,,0,,,,0,0000-00-00,0000-00-00,0000-00-00,,,,,0,0,
,"Horticulture office",,,"Kaimur",Anurag Kumar,Y,0,,0,N,0,,D,"",,"",,"",,,,,,,,0,,,,,Bihar,0,0,,0,,,,0,0000-00-00,0000-00-00,0000-00-00,,,,,0,0,
,"Horticulture office",,,"Kaimur",Nirmal Kumar,Y,0,,0,N,0,,D,"",,"",,"",,,,,,,,0,,,,,Bihar,0,0,,0,,,,0,0000-00-00,0000-00-00,0000-00-00,,,,,0,0,
,"Horticulture office",,,"Chaibasa",Amit Kumar,Y,0,,0,N,0,,D,"",,"",,"",,,,,,,,0,,,,,JHARKHAND,0,0,,0,,,,0,0000-00-00,0000-00-00,0000-00-00,,,,,0,0,
,"Horticulture office",,,"Saraikela",Amit Kumar,Y,0,,0,N,0,,D,"",,"",,"",,,,,,,,0,,,,,Bihar,0,0,,0,,,,0,0000-00-00,0000-00-00,0000-00-00,,,,,0,0,
,"Horticulture office",,,"E Singhbhum",Amit Kumar,Y,0,,0,N,0,,D,"",,"",,"",,,,,,,,0,,,,,Bihar,0,0,,0,,,,0,0000-00-00,0000-00-00,0000-00-00,,,,,0,0,
,"Horticulture office",,,"West Singhbhum",Amit Kumar,Y,0,,0,N,0,,D,"",,"",,"",,,,,,,,0,,,,,Bihar,0,0,,0,,,,0,0000-00-00,0000-00-00,0000-00-00,,,,,0,0,
,"Horticulture office",,,"Ranchi",Anurag Kumar,Y,0,,0,N,0,,D,"",,"",,"",,,,,,,,0,,,,,Bihar,0,0,,0,,,,0,0000-00-00,0000-00-00,0000-00-00,,,,,0,0,
,"Horticulture office",,,"Ranchi",Deepak Gupta,Y,0,,0,N,0,,D,"",,"",,"",,,,,,,,0,,,,,Bihar,0,0,,0,,,,0,0000-00-00,0000-00-00,0000-00-00,,,,,0,0,
,"Horticulture office",,,"Ranchi",Amit Kumar,Y,0,,0,N,0,,D,"",,"",,"",,,,,,,,0,,,,,Bihar,0,0,,0,,,,0,0000-00-00,0000-00-00,0000-00-00,,,,,0,0,
,"Horticulture office",,,"Ranchi",Nirmal Kumar,Y,0,,0,N,0,,D,"",,"",,"",,,,,,,,0,,,,,Bihar,0,0,,0,,,,0,0000-00-00,0000-00-00,0000-00-00,,,,,0,0,
,"Horticulture office",,,"Daltanganj",Deepak Gupta,Y,0,,0,N,0,,D,"",,"",,"",,,,,,,,0,,,,,Bihar,0,0,,0,,,,0,0000-00-00,0000-00-00,0000-00-00,,,,,0,0,
,"Horticulture office",,,"Garwa",Deepak Gupta,Y,0,,0,N,0,,D,"",,"",,"",,,,,,,,0,,,,,Bihar,0,0,,0,,,,0,0000-00-00,0000-00-00,0000-00-00,,,,,0,0,
,"Horticulture office",,,"Mujaffarpur",Nirmal Kumar,Y,0,,0,N,0,,D,"",,"",,"",,,,,,,,0,,,,,Bihar,0,0,,0,,,,0,0000-00-00,0000-00-00,0000-00-00,,,,,0,0,
,"Horticulture office",,,"Darbhnga",Nirmal Kumar,Y,0,,0,N,0,,D,"",,"",,"",,,,,,,,0,,,,,Bihar,0,0,,0,,,,0,0000-00-00,0000-00-00,0000-00-00,,,,,0,0,
,"INNOVATIVE AGRI SOLUTION",,,"U.P.",Praveer Kr Dixit,N,0,,0,N,0,,D,"",,"",,"",,,,,,,,0,,,,,UP,0,0,,0,,,,0,2000-00-00,2000-00-00,2000-00-00,,,,,0,0,
D000171,"IQBAL MACHINERY STORES",9425982572,,"ANJAD",Sumit Kr Gupta,Y,0,,0,N,0,,D,"",,"",,"",,,,,,,,0,,,,,MADHYA PRADESH,0,0,,0,,,,0,2000-00-00,2000-00-00,2000-00-00,,,,,0,0,no
NE022520200902103925,"J K S AGRO MARKETING",9787721822,,"KILPENNATHUR TO THIRUVANNAMALAI",Vignesh.M,N,0,,0,N,0,,R,"",,"1720F VELLORE MAIN ROAD MUTHAMMAL NAGAR VENGIKKAL PUDUR THORUVANNAMALAI",4175298,"",,,,,,,,0,,,,,TAMIL NADU,0,0,,0,,,,0,0000-00-00,0000-00-00,0000-00-00,,,,606604,0,0,no
,"J P OAD AND SONS",9414407324,,"SIKANDRA",Devendra Kr.Tripathi,Y,0,,0,N,0,,D,"",,"",,"",,,,,,,,0,,,,,RAJASTHAN,0,0,,0,,,,0,2000-00-00,2000-00-00,2000-00-00,,,,,0,0,
NE003720191128133723,"J.B.STORE",9414208179,,"BHARATPUR",Devendra Kr.Tripathi,Y,0,,0,N,0,,D,"",,"",,"",,,,,,,,0,,,,,RAJASTHAN,0,0,,0,,,,0,0000-00-00,0000-00-00,0000-00-00,,,,,0,0,
,"J.K. TRADERS",,,"U.P.",Praveer Kr Dixit,N,0,,0,N,0,,D,"",,"",,"",,,,,,,,0,,,,,UP,0,0,,0,,,,0,2000-00-00,2000-00-00,2000-00-00,,,,,0,0,
,"J.K.S AGRO MARKETING",9787721822,,"VENIGIKKAL",,N,0,,0,N,0,,D,"",,"",,"",,,,,,,,0,,,,,TAMIL NADU,0,0,,0,,,,0,0000-00-00,0000-00-00,0000-00-00,,,,606604,0,0,no
,"J.K.S AGRO MARKETING",9787721822,,"VENIGIKKAL",,Y,0,,0,N,0,,D,"",,"",,"",,,,,,,,0,,,,,TAMIL NADU,0,0,,0,,,,0,0000-00-00,0000-00-00,0000-00-00,,,,606604,0,0,no
,"J.K.S AGRO MARKETING",9787721822,,"VENIGIKKAL",SANKAR.K,N,0,,0,N,0,,D,"",,"",,"",,,,,,,,0,,,,,TAMIL NADU,0,0,,0,,,,0,0000-00-00,0000-00-00,0000-00-00,,,,606604,0,0,no
,"J.K.S AGRO MARKETING",9787721822,,"VENIGIKKAL",Vignesh.M,Y,0,,0,N,0,,D,"",,"",,"",,,,,,,,0,,,,,TAMIL NADU,0,0,,0,,,,0,0000-00-00,0000-00-00,0000-00-00,,,,606604,0,0,no
,"J.K.S AGRO MARKETING",9787721822,,"VENIGIKKAL",,Y,0,,0,N,0,,D,"",,"",,"",,,,,,,,0,,,,,TAMIL NADU,0,0,,0,,,,0,0000-00-00,0000-00-00,0000-00-00,,,,606604,0,0,no
,"J.K.S AGRO MARKETING",9787721822,,"THIRUVANNAMALAI",,N,0,,0,N,0,,D,"",,"",,"",,,,,,,,0,,,,,TAMIL NADU,0,0,,0,,,,0,0000-00-00,0000-00-00,0000-00-00,,,,,0,0,
,"J.K.S AGRO MARKETING",9787721822,,"THIRUVANNAMALAI",SANKAR.K,N,0,,0,N,0,,D,"",,"",,"",,,,,,,,0,,,,,TAMIL NADU,0,0,,0,,,,0,0000-00-00,0000-00-00,0000-00-00,,,,,0,0,
,"J.K.S AGRO MARKETING",9787721822,,"THIRUVANNAMALAI",,N,0,,0,N,0,,D,"",,"",,"",,,,,,,,0,,,,,TAMIL NADU,0,0,,0,,,,0,0000-00-00,0000-00-00,0000-00-00,,,,,0,0,
,"Jagdamba Agencies",,,"OSMANABAD",Hemant S Shinde,N,0,,0,N,0,,D,"",,"",,"",,,,,,,,0,,,,,MAHARASHTRA,0,0,,0,,,,0,0000-00-00,0000-00-00,0000-00-00,,,,,0,0,
D000595,"JAGDAMBA ELECTRICALS",9460902491,,"MARWAR Jn.",Praveen Sharma,Y,0,,0,N,0,,D,"",,"",,"",,,,,,,,0,,,,,RAJASTHAN,0,0,,0,,,,0,0000-00-00,0000-00-00,0000-00-00,,,,,0,0,
D000595,"JAGDAMBA ELECTRICALS",9460902491,,"MARWAR Jn.",Aditya Rathi,Y,0,,0,N,0,,D,"",,"",,"",,,,,,,,0,,,,,RAJASTHAN,0,0,,0,,,,0,0000-00-00,0000-00-00,0000-00-00,,,,,0,0,
,"Jagdamba Krishi Seva Kendra",,,"Akola",Gopal C Rathod,Y,0,,0,N,0,,D,"",,"",,"",,,,,,,,0,,,,,MAHARASHTRA,0,0,,0,,,,0,2000-00-00,2000-00-00,2000-00-00,,,,,0,0,
D000596,"JAGDAMBA PIPES SPR.SEWA KENDRA",9772743479,,"SEWAD BADI",A.K Sharma,Y,0,,0,N,0,,D,"",,"",,"",,,,,,,,0,,,,,RAJASTHAN,0,0,,0,,,,0,0000-00-00,0000-00-00,0000-00-00,,,,,0,0,
NE003720191012132118,"JAGDAMBA TRADERS",9799750241,,"Bassi",Devendra Kr.Tripathi,Y,0,,0,N,0,,D,"",,"",,"",,,,,,,,0,,,,,RAJASTHAN,0,0,,0,,,,0,0000-00-00,0000-00-00,0000-00-00,,,,,0,0,
D000466,"JAGULAI NURSERY",7504937933,,"P.S.-KUAKHA",Ashok Kr Nayak,Y,0,,0,N,0,,D,"",,"",,"",,,,,,,,0,,,,,ODISHA,0,0,,0,,,,0,2000-00-00,2000-00-00,2000-00-00,,,,,0,0,no
D000466,"JAGULAI NURSERY",7504937933,,"JAJPUR",Ashok Kr Nayak,Y,0,,0,N,0,,D,"",,"",,"",,,,,,,,0,,,,,ODISHA,0,0,,0,,,,0,0000-00-00,0000-00-00,0000-00-00,,,,,0,0,no
,"Jai Ambe Irrigation(Anjangaon-Surji)",,,"",Gopal C Rathod,N,0,,0,N,0,,D,"",,"",,"",,,,,,,,0,,,,,MAHARASHTRA,0,0,,0,,,,0,2000-00-00,2000-00-00,2000-00-00,,,,,0,0,
,"Jai Ambe Irrigation(Anjangaon-Surji)",,,"",Hemant S Shinde,N,0,,0,N,0,,D,"",,"",,"",,,,,,,,0,,,,,MAHARASHTRA,0,0,,0,,,,0,2000-00-00,2000-00-00,2000-00-00,,,,,0,0,
,"Jai Ambe Irrigation(Anjangaon-Surji)",,,"Akola",Gopal C Rathod,N,0,,0,N,0,,D,"",,"",,"",,,,,,,,0,,,,,MAHARASHTRA,0,0,,0,,,,0,2000-00-00,2000-00-00,2000-00-00,,,,,0,0,
,"Jai Ambe Irrigation(Chandur Bazar)",,,"",Gopal C Rathod,N,0,,0,N,0,,D,"",,"",,"",,,,,,,,0,,,,,MAHARASHTRA,0,0,,0,,,,0,2000-00-00,2000-00-00,2000-00-00,,,,,0,0,
,"Jai Ambe Irrigation(Chandur Bazar)",,,"",Hemant S Shinde,N,0,,0,N,0,,D,"",,"",,"",,,,,,,,0,,,,,MAHARASHTRA,0,0,,0,,,,0,2000-00-00,2000-00-00,2000-00-00,,,,,0,0,
,"Jai Ambe Irrigation(Chandur Bazar)",,,"Akola",Gopal C Rathod,N,0,,0,N,0,,D,"",,"",,"",,,,,,,,0,,,,,MAHARASHTRA,0,0,,0,,,,0,2000-00-00,2000-00-00,2000-00-00,,,,,0,0,
,"Jai Ambika Drip & Sprinkler",,,"OSMANABAD",Hemant S Shinde,N,0,,0,N,0,,D,"",,"",,"",,,,,,,,0,,,,,MAHARASHTRA,0,0,,0,,,,0,0000-00-00,0000-00-00,0000-00-00,,,,,0,0,
,"Jai Balaji Krushi Seva Kendra",,,"",Hemant S Shinde,N,0,,0,N,0,,D,"",,"",,"",,,,,,,,0,,,,,MAHARASHTRA,0,0,,0,,,,0,2000-00-00,2000-00-00,2000-00-00,,,,,0,0,
,"JAI BHAGWAN BABA KRUSHI SEVA KENDRA",,,"JALANA",Hemant S Shinde,N,0,,0,N,0,,D,"",,"",,"",,,,,,,,0,,,,,MAHARASHTRA,0,0,,0,,,,0,0000-00-00,0000-00-00,0000-00-00,,,,,0,0,
,"Jai Durga Traders & Contractor",,,"Firozabad",Praveer Kr Dixit,Y,0,,0,N,0,,D,"",,"",,"",,,,,,,,0,,,,,UP,0,0,,0,,,,0,2000-00-00,2000-00-00,2000-00-00,,,,,0,0,
D000598,"JAI HANUMAN PIPE & FITTING STORE",9414208356,,"BHARATPUR",Devendra Kr.Tripathi,Y,0,,0,N,0,,D,"",,"",,"",,,,,,,,0,,,,,RAJASTHAN,0,0,,0,,,,0,0000-00-00,0000-00-00,0000-00-00,,,,,0,0,
,"Jai Jawan Irrigation",,,"Aurangabad",Hemant S Shinde,N,0,,0,N,0,,D,"",,"",,"",,,,,,,,0,,,,,MAHARASHTRA,0,0,,0,,,,0,0000-00-00,0000-00-00,0000-00-00,,,,,0,0,
D000597,"JAI KISAN ELECTRICALS",9414771900,,"BHAWANI MANDI",Ajay Kr Yadav,Y,0,,0,N,0,,D,"",,"",,"",,,,,,,,0,,,,,RAJASTHAN,0,0,,0,,,,0,0000-00-00,0000-00-00,0000-00-00,,,,,0,0,
,"JAI KISAN IRRIGATION & AGRO COMPANY",,,"Saharanpur",Pradeep Kumar,Y,0,,0,N,0,,D,"",,"",,"",,,,,,,,0,,,,,UP,0,0,,0,,,,0,0000-00-00,0000-00-00,0000-00-00,,,,,0,0,
,"JAI MATESHWARI ENTERPRISES",8107452369,,"TALEDA",Devendra Kr.Tripathi,Y,0,,0,N,0,,D,"",,"",,"",,,,,,,,0,,,,,RAJASTHAN,0,0,,0,,,,0,2000-00-00,2000-00-00,2000-00-00,,,,,0,0,
NE003720201222171354,"JAI MATESHWARIENTERPRISES",8107453269,,"Bundi",Devendra Kr.Tripathi,Y,0,,0,N,0,,R,"",,"NEAR TVS SHOWROOM TALERA",,"",,,,,,,,0,,,,,RAJASTHAN,0,0,,0,,,,0,2000-00-00,2000-00-00,2000-00-00,,,,323021,0,0,no
D000600,"JAI SHREE AGRICULTURE",9928298322,,"ADARSH NAGAR",Devendra Kr.Tripathi,Y,0,,0,N,0,,D,"",,"",,"",,,,,,,,0,,,,,RAJASTHAN,0,0,,0,,,,0,0000-00-00,0000-00-00,0000-00-00,,,,,0,0,
D000600,"JAI SHREE AGRICULTURE",9928298322,,"KOTA",Devendra Kr.Tripathi,Y,0,,0,N,0,,D,"",,"",,"",,,,,,,,0,,,,,RAJASTHAN,0,0,,0,,,,0,0000-00-00,0000-00-00,0000-00-00,,,,,0,0,
D000602,"JAI SHREE KRSHI SEWA KENDRA",9929176705,,"BAKANI",Lalit Kr Jain,Y,0,,0,N,0,,D,"",,"",,"",,,,,,,,0,,,,,RAJASTHAN,0,0,,0,,,,0,0000-00-00,0000-00-00,0000-00-00,,,,,0,0,
D000088,"JAIN ENTERPRISES",9996781384,,"AHUJA CINEMA COMPLEX",,Y,0,,0,N,0,,D,"",,"",,"",,,,,,,,0,,,,,HARYANA,0,0,,0,,,,0,0000-00-00,0000-00-00,0000-00-00,,,,,0,0,no
D000088,"JAIN ENTERPRISES",9996781384,,"AHUJA CINEMA COMPLEX",,Y,0,,0,N,0,,D,"",,"",,"",,,,,,,,0,,,,,HARYANA,0,0,,0,,,,0,0000-00-00,0000-00-00,0000-00-00,,,,,0,0,no
,"Jain Enterprises",,,"Mandsaur",Anil Kr Vishwakarma,Y,0,,0,N,0,,D,"",,"",,"",,,,,,,,0,,,,,MADHYA PRADESH,0,0,,0,,,,0,0000-00-00,0000-00-00,0000-00-00,,,,,0,0,
,"Jain Enterprises",9996363111,,"Sarkaghat",Arvind Pathak,Y,0,,0,N,0,,D,"",,"",,"",,,,,,,,0,,,,,HIMACHAL PRADESH,0,0,,0,,,,0,2000-00-00,2000-00-00,2000-00-00,,,,,0,0,no
D000084,"JAIN PIPE TRADERS",981068781,,"NEW RLY ROAD",,Y,0,,0,N,0,,D,"",,"",,"",,,,,,,,0,,,,,HARYANA,0,0,,0,,,,0,0000-00-00,0000-00-00,0000-00-00,,,,,0,0,no
D000084,"JAIN PIPE TRADERS",981068781,,"NEW RLY ROAD",,Y,0,,0,N,0,,D,"",,"",,"",,,,,,,,0,,,,,HARYANA,0,0,,0,,,,0,0000-00-00,0000-00-00,0000-00-00,,,,,0,0,no
D000603,"JAIN PUMP & SPARES",9549790000,,"JODHPUR",Praveen Sharma,Y,0,,0,N,0,,D,"",,"",,"",,,,,,,,0,,,,,RAJASTHAN,0,0,,0,,,,0,0000-00-00,0000-00-00,0000-00-00,,,,,0,0,
D000603,"JAIN PUMP & SPARES",9549790000,,"JODHPUR",Aditya Rathi,Y,0,,0,N,0,,D,"",,"",,"",,,,,,,,0,,,,,RAJASTHAN,0,0,,0,,,,0,0000-00-00,0000-00-00,0000-00-00,,,,,0,0,
D000604,"JAIRAM PIPE TRADERS",9660731371,,"DUNGARGARH",A.K Sharma,Y,0,,0,N,0,,D,"",,"",,"",,,,,,,,0,,,,,RAJASTHAN,0,0,,0,,,,0,0000-00-00,0000-00-00,0000-00-00,,,,,0,0,
D000007,"JALA DHARA DRIP SYSTEMS",,,"Y.S.R KADAPA",M.Ayub Sait,Y,0,,0,N,0,,D,"",,"",,"",,,,,,,,0,,,,,ANDHRA PRADESH,0,0,,0,,,,0,2000-00-00,2000-00-00,2000-00-00,,,,,0,0,no
D000888,"JANA MARKETING",9943766359,,"VANIYAMBADI",,N,0,,0,N,0,,D,"",,"",,"",,,,,,,,0,,,,,Tamil Nadu,0,0,,0,,,,0,2000-00-00,2000-00-00,2000-00-00,,,,,0,0,
D000888,"JANA MARKETING",9943766359,,"VANIYAMBADI",,Y,0,,0,N,0,,D,"",,"",,"",,,,,,,,0,,,,,Tamil Nadu,0,0,,0,,,,0,2000-00-00,2000-00-00,2000-00-00,,,,,0,0,
D000888,"JANA MARKETING",9943766359,,"VANIYAMBADI",VENKATARAMAN.P,N,0,,0,N,0,,D,"",,"",,"",,,,,,,,0,,,,,Tamil Nadu,0,0,,0,,,,0,2000-00-00,2000-00-00,2000-00-00,,,,,0,0,
D000888,"JANA MARKETING",9943766359,,"VANIYAMBADI",,Y,0,,0,N,0,,D,"",,"",,"",,,,,,,,0,,,,,Tamil Nadu,0,0,,0,,,,0,2000-00-00,2000-00-00,2000-00-00,,,,,0,0,
,"JANA MARKETING",9943766359,,"VELLORE",,N,0,,0,N,0,,D,"",,"",,"",,,,,,,,0,,,,,TAMIL NADU,0,0,,0,,,,0,0000-00-00,0000-00-00,0000-00-00,,,,,0,0,
,"JANA MARKETING",9943766359,,"VELLORE",,N,0,,0,N,0,,D,"",,"",,"",,,,,,,,0,,,,,TAMIL NADU,0,0,,0,,,,0,0000-00-00,0000-00-00,0000-00-00,,,,,0,0,
D000605,"JANU AGRO AGENCY",9413306281,,"BANSWARA",Praveer Kr Dixit,Y,0,,0,N,0,,D,"",,"",,"",,,,,,,,0,,,,,RAJASTHAN,0,0,,0,,,,0,0000-00-00,0000-00-00,0000-00-00,,,,,0,0,
D000605,"JANU AGRO AGENCY",9413306281,,"BANSWARA",Surya Bhan Singh Bhati,Y,0,,0,N,0,,D,"",,"",,"",,,,,,,,0,,,,,RAJASTHAN,0,0,,0,,,,0,0000-00-00,0000-00-00,0000-00-00,,,,,0,0,
NE022420200903091602,"JAVADHU TRADERS",9751794688,,"KALASAPAKKAM-JAMUNAMARATHUR",Baskaran.M,N,0,,0,N,0,,R,"",,"JAMUNAMARATHUR",,"",,,,,,,,0,,,,,TAMIL NADU,0,0,,0,,,,0,0000-00-00,0000-00-00,0000-00-00,,,,635703,0,0,no
NE021620200725080404,"JAWADHU AGRO SERVICE",7639080680,,"THIRUVANNAMALAI -JAMMUNAMARATHUR",Selvapandian,N,0,,0,N,0,,R,"",,"VELLIKOTTAI",,"",,,,,,,,0,,,,,TAMIL NADU,0,0,,0,,,,0,0000-00-00,0000-00-00,0000-00-00,,,,606823,0,0,no
D000601,"JAY KISHAN TRADING COMPANY",9928876934,,"JAIPURA CHOMU",Vivek Kumar,N,0,,0,N,0,,D,"",,"",,"",,,,,,,,0,,,,,RAJASTHAN,0,0,,0,,,,0,0000-00-00,0000-00-00,0000-00-00,,,,,0,0,
,"JAY KISHAN TRADING COMPANY",9928876934,,"ANANTPURA",Devendra Kr.Tripathi,Y,0,,0,N,0,,D,"",,"",,"",,,,,,,,0,,,,,RAJASTHAN,0,0,,0,,,,0,2000-00-00,2000-00-00,2000-00-00,,,,,0,0,
,"JAY KISHAN TRADING COMPANY",9928876934,,"ANANTPURA",Vivek Kumar,Y,0,,0,N,0,,D,"",,"",,"",,,,,,,,0,,,,,RAJASTHAN,0,0,,0,,,,0,2000-00-00,2000-00-00,2000-00-00,,,,,0,0,
D000901,"JAY SHRI KAMADNATH MACHINERY STORES",8874069909,,"CHITRKOOT DHAM",Praveer Kr Dixit,Y,0,,0,N,0,,D,"",,"",,"",,,,,,,,0,,,,,UP,0,0,,0,,,,0,0000-00-00,0000-00-00,0000-00-00,,,,,0,0,
D000879,"JAYA AGRI FARM",9080736210,,"sethiathope, cuddalore",,Y,0,,0,N,0,,D,"",,"",,"",,,,,,,,0,,,,,Tamil Nadu,0,0,,0,,,,0,0000-00-00,0000-00-00,0000-00-00,,,,,0,0,no
,"Jaya agri farm",9080736210,,"CUDDALORE",,N,0,,0,N,0,,D,"",,"",,"",,,,,,,,0,,,,,TAMIL NADU,0,0,,0,,,,0,0000-00-00,0000-00-00,0000-00-00,,,,,0,0,
,"Jaya agri farm",9080736210,,"CUDDALORE",,N,0,,0,N,0,,D,"",,"",,"",,,,,,,,0,,,,,TAMIL NADU,0,0,,0,,,,0,0000-00-00,0000-00-00,0000-00-00,,,,,0,0,
D000879,"JAYA AGRI FARM",9080736210,,"sethiathope cuddalore",,N,0,,0,N,0,,D,"",,"",,"",,,,,,,,0,,,,,Tamil Nadu,0,0,,0,,,,0,2000-00-00,2000-00-00,2000-00-00,,,,,0,0,
D000879,"JAYA AGRI FARM",9080736210,,"sethiathope cuddalore",SARANRAJ.P,N,0,,0,N,0,,D,"",,"",,"",,,,,,,,0,,,,,Tamil Nadu,0,0,,0,,,,0,2000-00-00,2000-00-00,2000-00-00,,,,,0,0,
D000879,"JAYA AGRI FARM",9080736210,,"sethiathope cuddalore",,N,0,,0,N,0,,D,"",,"",,"",,,,,,,,0,,,,,Tamil Nadu,0,0,,0,,,,0,2000-00-00,2000-00-00,2000-00-00,,,,,0,0,
,"JAYA AGRI FARM",9080736210,,"SETHIYATHOP",MANIKANDAN.D,Y,0,,0,N,0,,D,"",,"",,"",,,,,,,,0,,,,,TAMIL NADU,0,0,,0,,,,0,0000-00-00,0000-00-00,0000-00-00,,,,608704,0,0,no
,"JAYAM PANNAI SERVICE",9842276819,,"VILLUPURAM",VENKATESWARAN.J,N,0,,0,N,0,,D,"",,"",,"",,,,,,,,0,,,,,TAMIL NADU,0,0,,0,,,,0,0000-00-00,0000-00-00,0000-00-00,,,,,0,0,
,"JAYAM PANNAI SERVICE",9842276819,,"SANKARAPURAM",Parthiban,Y,0,,0,N,0,,D,"",,"",,"",,,,,,,,0,,,,,TAMIL NADU,0,0,,0,,,,0,0000-00-00,0000-00-00,0000-00-00,,,,606402,0,0,no
,"Jayant Agro Dhad",,,"BULDHANA",Hemant S Shinde,N,0,,0,N,0,,D,"",,"",,"",,,,,,,,0,,,,,MAHARASHTRA,0,0,,0,,,,0,0000-00-00,0000-00-00,0000-00-00,,,,,0,0,
D000162,"JAYARAM AGRI HOUSE",,,"KALYAN MANTAP ROAD, KRISHI NAGAR, NH-4, SIRA",M.S Shrikanta,Y,0,,0,N,0,,D,"",,"",,"",,,,,,,,0,,,,,KARNATAKA,0,0,,0,,,,0,0000-00-00,0000-00-00,0000-00-00,,,,,0,0,no
D000162,"JAYARAM AGRI HOUSE",,,"KALYAN MANTAP ROAD KRISHI NAGAR NH-4 SIRA",M.S Shrikanta,Y,0,,0,N,0,,D,"",,"",,"",,,,,,,,0,,,,,KARNATAKA,0,0,,0,,,,0,2000-00-00,2000-00-00,2000-00-00,,,,,0,0,no
NE021620200824073954,"JAYASENHA AGENCY",9361278889,,"TIRUVANNAMALAI -GUDIYATHAM",Selvapandian,N,0,,0,N,0,,R,"",,"GUDIYATHAM",,"",,,,,,,,0,,,,,TAMIL NADU,0,0,,0,,,,0,0000-00-00,0000-00-00,0000-00-00,,,,632602,0,0,no
NE021620201014085714,"JAYASENHA AGENCY",9361278889,,"Gudiyatham",Selvapandian,Y,0,,0,N,0,,R,"",,"GUDIYATHAM",,"",,,,,,,,0,,,,,TAMIL NADU,0,0,,0,,,,0,2000-00-00,2000-00-00,2000-00-00,,,,632602,0,0,no
,"JAYESHNA AGENCY",9047123523,,"Gudiyatham",VETRIVEL.T,Y,0,,0,N,0,,D,"",,"",,"",,,,,,,,0,,,,,TAMIL NADU,0,0,,0,,,,0,2000-00-00,2000-00-00,2000-00-00,,,,632601,0,0,no
D000867,"JEEVI AGRITECH",8056672475,,"NANJUNDESWARA NAGAR",,N,0,,0,N,0,,D,"",,"",,"",,,,,,,,0,,,,,Tamil Nadu,0,0,,0,,,,0,2000-00-00,2000-00-00,2000-00-00,,,,,0,0,
D000867,"JEEVI AGRITECH",8056672475,,"NANJUNDESWARA NAGAR",,Y,0,,0,N,0,,D,"",,"",,"",,,,,,,,0,,,,,Tamil Nadu,0,0,,0,,,,0,2000-00-00,2000-00-00,2000-00-00,,,,,0,0,
D000867,"JEEVI AGRITECH",8056672475,,"NANJUNDESWARA NAGAR",SELVAKUMAR.M-1,N,0,,0,N,0,,D,"",,"",,"",,,,,,,,0,,,,,Tamil Nadu,0,0,,0,,,,0,2000-00-00,2000-00-00,2000-00-00,,,,,0,0,
D000867,"JEEVI AGRITECH",8056672475,,"NANJUNDESWARA NAGAR",,Y,0,,0,N,0,,D,"",,"",,"",,,,,,,,0,,,,,Tamil Nadu,0,0,,0,,,,0,2000-00-00,2000-00-00,2000-00-00,,,,,0,0,
,"JEEVI AGRITECH",8056672475,,"KRISHNAGIRI",,N,0,,0,N,0,,D,"",,"",,"",,,,,,,,0,,,,,TAMIL NADU,0,0,,0,,,,0,0000-00-00,0000-00-00,0000-00-00,,,,,0,0,
,"JEEVI AGRITECH",8056672475,,"KRISHNAGIRI",,N,0,,0,N,0,,D,"",,"",,"",,,,,,,,0,,,,,TAMIL NADU,0,0,,0,,,,0,0000-00-00,0000-00-00,0000-00-00,,,,,0,0,
,"JEEVI AGRITECH",8056672475,,"HOSUR",KABILAN,Y,0,,0,N,0,,D,"",,"",,"",,,,,,,,0,,,,,TAMIL NADU,0,0,,0,,,,0,0000-00-00,0000-00-00,0000-00-00,,,,635109,0,0,no
,"Jharkhand Rural Development Agency",,,"",Anup Kumar,Y,0,,0,N,0,,D,"",,"",,"",,,,,,,,0,,,,,,0,0,,0,,,,0,0000-00-00,0000-00-00,0000-00-00,,,,,0,0,
,"Jharkhand Rural Development Agency",,,"Ranchi",Anup Kumar,Y,0,,0,N,0,,D,"",,"",,"",,,,,,,,0,,,,,,0,0,,0,,,,0,0000-00-00,0000-00-00,0000-00-00,,,,,0,0,
NE021620200907084833,"JKS",9942985103,,"TIRUVANNAMALAI -VENGIKAL",Selvapandian,N,0,,0,N,0,,R,"",,"VENGIKAL",,"",,,,,,,,0,,,,,TAMIL NADU,0,0,,0,,,,0,0000-00-00,0000-00-00,0000-00-00,,,,606803,0,0,no
D000611,"JODHPUR TRADERS",9414044151,,"SARDARPURA",Praveen Sharma,Y,0,,0,N,0,,D,"",,"",,"",,,,,,,,0,,,,,RAJASTHAN,0,0,,0,,,,0,0000-00-00,0000-00-00,0000-00-00,,,,,0,0,
D000611,"JODHPUR TRADERS",9414044151,,"SARDARPURA",Aditya Rathi,Y,0,,0,N,0,,D,"",,"",,"",,,,,,,,0,,,,,RAJASTHAN,0,0,,0,,,,0,0000-00-00,0000-00-00,0000-00-00,,,,,0,0,
D000612,"JOGANIYA ENTERPRISES",7976277621,,"BHADSOA",Devendra Kr.Tripathi,Y,0,,0,N,0,,D,"",,"",,"",,,,,,,,0,,,,,RAJASTHAN,0,0,,0,,,,0,0000-00-00,0000-00-00,0000-00-00,,,,,0,0,
,"JP TRADERS",,,"VANDAVASI",Baskaran.M,Y,0,,0,N,0,,D,"",,"",,"",,,,,,,,0,,,,,TAMIL NADU,0,0,,0,,,,0,0000-00-00,0000-00-00,0000-00-00,,,,632315,0,0,no
NE021620200727074436,"JP TRADERS",8870661717,,"TIRUVANNAMALAI -VANDAVASI",Selvapandian,N,0,,0,N,0,,R,"",,"VANDAVASI",,"",,,,,,,,0,,,,,TAMIL NADU,0,0,,0,,,,0,0000-00-00,0000-00-00,0000-00-00,,,,604408,0,0,no
NE022420200802200439,"JP TRADERS",8870661717,,"KALASAPAKKAM- VANDAVASI",Baskaran.M,N,0,,0,N,0,,R,"",,"VANDAVASI",,"",,,,,,,,0,,,,,TAMIL NADU,0,0,,0,,,,0,0000-00-00,0000-00-00,0000-00-00,,,,604408,0,0,no
D000008,"JYOTHI DRIP&SPRINKLER ENTERPRISES",,,"PRAKASAM",K. Soma Sekhar,Y,0,,0,N,0,,D,"",,"",,"",,,,,,,,0,,,,,ANDHRA PRADESH,0,0,,0,,,,0,2000-00-00,2000-00-00,2000-00-00,,,,,0,0,no
,"Jyoti Motors",,,"KATNI",Sunil Awadhwal,Y,0,,0,N,0,,D,"",,"",,"",,,,,,,,0,,,,,MADHYA PRADESH,0,0,,0,,,,0,0000-00-00,0000-00-00,0000-00-00,,,,,0,0,
D000615,"JYOTI TRADERS",9829231132,,"RINGUS",A.K Sharma,Y,0,,0,N,0,,D,"",,"",,"",,,,,,,,0,,,,,RAJASTHAN,0,0,,0,,,,0,0000-00-00,0000-00-00,0000-00-00,,,,,0,0,
D000009,"K J DRIP IRRIGATION",,,"NELLORE",,Y,0,,0,N,0,,D,"",,"",,"",,,,,,,,0,,,,,ANDHRA PRADESH,0,0,,0,,,,0,2000-00-00,2000-00-00,2000-00-00,,,,,0,0,no
D000009,"K J DRIP IRRIGATION",,,"NELLORE",,Y,0,,0,N,0,,D,"",,"",,"",,,,,,,,0,,,,,ANDHRA PRADESH,0,0,,0,,,,0,2000-00-00,2000-00-00,2000-00-00,,,,,0,0,no
,"K P AGRI TECH",9025348878,,"NATRAMPALLI",Vadivelan,Y,0,,0,N,0,,D,"",,"",,"",,,,,,,,0,,,,,TAMIL NADU,0,0,,0,,,,0,0000-00-00,0000-00-00,0000-00-00,,,,635852,0,0,no
D000109,"K.K. IRRIGATION CO",9991809122,,"BADHRA",Ajay Kr Yadav,N,0,,0,N,0,,D,"",,"",,"",,,,,,,,0,,,,,HARYANA,0,0,,0,,,,0,0000-00-00,0000-00-00,0000-00-00,,,,,0,0,
D000109,"K.K. IRRIGATION CO",9991809122,,"Dadri",Amarjeet Yadav,Y,0,,0,N,0,,D,"",,"",,"",,,,,,,,0,,,,,HARYANA,0,0,,0,,,,0,2000-00-00,2000-00-00,2000-00-00,,,,,0,0,
,"Kailash Electrical & Machinery",,,"Washim",Hemant S Shinde,N,0,,0,N,0,,D,"",,"",,"",,,,,,,,0,,,,,MAHARASHTRA,0,0,,0,,,,0,0000-00-00,0000-00-00,0000-00-00,,,,,0,0,
D000617,"KALER ELECTRICALS PVT.LTD",9414037765,,"SIKAR",A.K Sharma,Y,0,,0,N,0,,D,"",,"",,"",,,,,,,,0,,,,,RAJASTHAN,0,0,,0,,,,0,0000-00-00,0000-00-00,0000-00-00,,,,,0,0,
D000077,"KALRA IRON & HARDWARE STORE",9416191781,,"PRATAP MANDI",Ramesh Kr.Verma,Y,0,,0,N,0,,D,"",,"",,"",,,,,,,,0,,,,,HARYANA,0,0,,0,,,,0,0000-00-00,0000-00-00,0000-00-00,,,,,0,0,no
,"KALYANI TRADERS",,,"",Hemant S Shinde,N,0,,0,N,0,,D,"",,"",,"",,,,,,,,0,,,,,MAHARASHTRA,0,0,,0,,,,0,2000-00-00,2000-00-00,2000-00-00,,,,,0,0,
,"Kamla Instrument",,,"Ranchi",Anup Kumar,Y,0,,0,N,0,,Dealer,"",,"",,"",,,,,,,,0,,,,,JHARKHAND,0,0,,0,,,,0,0000-00-00,0000-00-00,0000-00-00,,,,,0,0,
,"Kamla Instrument",,,"Ranchi",Krishna C Premee,N,0,,0,N,0,,Dealer,"",,"",,"",,,,,,,,0,,,,,JHARKHAND,0,0,,0,,,,0,0000-00-00,0000-00-00,0000-00-00,,,,,0,0,
NE005620200507122900,"KAMLA INSTRUMENTS",7762923828,,"Ranchi",Anup Kumar,Y,0,,0,N,0,,R,"",,"INDRAPURI ROAD -5OPP. BITT BALPAN PLAY  SCHOOL RATU ROAD RANCHI",,"",,,,,,,,0,,,,,JHARKHAND,0,0,,0,,,,0,0000-00-00,0000-00-00,0000-00-00,,,,834001,0,0,
NE005620200507122900,"KAMLA INSTRUMENTS",7762923828,,"Ranchi",Krishna C Premee,Y,0,,0,N,0,,R,"",,"INDRAPURI ROAD -5OPP. BITT BALPAN PLAY  SCHOOL RATU ROAD RANCHI",,"",,,,,,,,0,,,,,JHARKHAND,0,0,,0,,,,0,0000-00-00,0000-00-00,0000-00-00,,,,834001,0,0,
D000620,"KAMLESH KRISHI KENDRA",,,"",Praveen Sharma,Y,0,,0,N,0,,D,"",,"",,"",,,,,,,,0,,,,,RAJASTHAN,0,0,,0,,,,0,0000-00-00,0000-00-00,0000-00-00,,,,,0,0,
D000902,"KANKANE MACHINERY STORE",9838866101,,"ORAI",Praveer Kr Dixit,N,0,,0,N,0,,D,"",,"",,"",,,,,,,,0,,,,,UP,0,0,,0,,,,0,2000-00-00,2000-00-00,2000-00-00,,,,,0,0,
D000622,"KARANI KRISHI STORE",9509995886,,"POKRAN",Praveen Sharma,Y,0,,0,N,0,,D,"",,"",,"",,,,,,,,0,,,,,RAJASTHAN,0,0,,0,,,,0,0000-00-00,0000-00-00,0000-00-00,,,,,0,0,
D000622,"KARANI KRISHI STORE",9509995886,,"POKRAN",Aditya Rathi,Y,0,,0,N,0,,D,"",,"",,"",,,,,,,,0,,,,,RAJASTHAN,0,0,,0,,,,0,0000-00-00,0000-00-00,0000-00-00,,,,,0,0,
D000623,"KARNI MA IRRIGATION",9784497838,,"OSIA",Praveen Sharma,Y,0,,0,N,0,,D,"",,"",,"",,,,,,,,0,,,,,RAJASTHAN,0,0,,0,,,,0,0000-00-00,0000-00-00,0000-00-00,,,,,0,0,
D000623,"KARNI MA IRRIGATION",9784497838,,"OSIA",Aditya Rathi,Y,0,,0,N,0,,D,"",,"",,"",,,,,,,,0,,,,,RAJASTHAN,0,0,,0,,,,0,0000-00-00,0000-00-00,0000-00-00,,,,,0,0,
,"KARNI MATA AGRO AGENCY",7665011844,,"SEDWA",Aditya Rathi,Y,0,,0,N,0,,D,"",,"",,"",,,,,,,,0,,,,,RAJASTHAN,0,0,,0,,,,0,0000-00-00,0000-00-00,0000-00-00,,,,,0,0,
,"KAVIN AGRO TECH",,,"VEPPUR",Vijay.E,Y,0,,0,N,0,,D,"",,"",,"",,,,,,,,0,,,,,TAMIL NADU,0,0,,0,,,,0,0000-00-00,0000-00-00,0000-00-00,,,,,0,0,no
,"KCS123",,,"UDAIPUR",K.C Sharma,Y,0,,0,N,0,,D,"",,"",,"",,,,,,,,0,,,,,RAJASTHAN,0,0,,0,,,,0,0000-00-00,0000-00-00,0000-00-00,,,,,0,0,
,"KCSAAA",,,"UDAIPUR",K.C Sharma,Y,0,,0,N,0,,D,"",,"",,"",,,,,,,,0,,,,,RAJASTHAN,0,0,,0,,,,0,0000-00-00,0000-00-00,0000-00-00,,,,,0,0,
,"KCSABC",,,"UDAIPUR",K.C Sharma,Y,0,,0,N,0,,D,"",,"",,"",,,,,,,,0,,,,,RAJASTHAN,0,0,,0,,,,0,0000-00-00,0000-00-00,0000-00-00,,,,,0,0,
,"KCSBBB",,,"AJMER",K.C Sharma,Y,0,,0,N,0,,D,"",,"",,"",,,,,,,,0,,,,,RAJASTHAN,0,0,,0,,,,0,0000-00-00,0000-00-00,0000-00-00,,,,,0,0,
,"KCSXYZ",,,"ALWAR",K.C Sharma,Y,0,,0,N,0,,D,"",,"",,"",,,,,,,,0,,,,,RAJASTHAN,0,0,,0,,,,0,0000-00-00,0000-00-00,0000-00-00,,,,,0,0,
,"KHANDELWAL AND COMPANY",9928150675,,"SIKANDRA",Devendra Kr.Tripathi,Y,0,,0,N,0,,D,"",,"",,"",,,,,,,,0,,,,,RAJASTHAN,0,0,,0,,,,0,2000-00-00,2000-00-00,2000-00-00,,,,,0,0,
,"KHANDELWAL ENGINEERING CO",9588821226,,"LALSOT",Devendra Kr.Tripathi,Y,0,,0,N,0,,D,"",,"",,"",,,,,,,,0,,,,,RAJASTHAN,0,0,,0,,,,0,2000-00-00,2000-00-00,2000-00-00,,,,,0,0,
,"KHANDELWAL SALES CORPORATION",9414810445,,"BANDIKUI",Devendra Kr.Tripathi,Y,0,,0,N,0,,D,"",,"",,"",,,,,,,,0,,,,,RAJASTHAN,0,0,,0,,,,0,2000-00-00,2000-00-00,2000-00-00,,,,,0,0,
,"KHANDELWAL SANETRY",,,"Shivdaspura",Devendra Kr.Tripathi,Y,0,,0,N,0,,D,"",,"",,"",,,,,,,,0,,,,,RAJASTHAN,0,0,,0,,,,0,2000-00-00,2000-00-00,2000-00-00,,,,,0,0,
D000627,"KHETAWAT TRADING CO",9783070707,,"MANDALGARH",Praveen Sharma,Y,0,,0,N,0,,D,"",,"",,"",,,,,,,,0,,,,,RAJASTHAN,0,0,,0,,,,0,0000-00-00,0000-00-00,0000-00-00,,,,,0,0,
D000627,"KHETAWAT TRADING CO",9783070707,,"MANDALGARH",Aditya Rathi,Y,0,,0,N,0,,D,"",,"",,"",,,,,,,,0,,,,,RAJASTHAN,0,0,,0,,,,0,0000-00-00,0000-00-00,0000-00-00,,,,,0,0,
D000627,"KHETAWAT TRADING CO",9783070707,,"BHINMAL",Praveen Sharma,N,0,,0,N,0,,D,"",,"",,"",,,,,,,,0,,,,,RAJASTHAN,0,0,,0,,,,0,0000-00-00,0000-00-00,0000-00-00,,,,,0,0,
D000627,"KHETAWAT TRADING CO",9783070707,,"BHINMAL",Aditya Rathi,Y,0,,0,N,0,,D,"",,"",,"",,,,,,,,0,,,,,RAJASTHAN,0,0,,0,,,,0,0000-00-00,0000-00-00,0000-00-00,,,,,0,0,
,"Kirti Traders",,,"Washim",Hemant S Shinde,N,0,,0,N,0,,D,"",,"",,"",,,,,,,,0,,,,,MAHARASHTRA,0,0,,0,,,,0,0000-00-00,0000-00-00,0000-00-00,,,,,0,0,
D000630,"KISAN AGRO SALES & SERVICE (SPK.)",9414244395,,"NAGAUR",A.K Sharma,Y,0,,0,N,0,,D,"",,"",,"",,,,,,,,0,,,,,RAJASTHAN,0,0,,0,,,,0,0000-00-00,0000-00-00,0000-00-00,,,,,0,0,
,"KISAN AGROTECH (NANDED)",,,"NANDED",Hemant S Shinde,N,0,,0,N,0,,D,"",,"",,"",,,,,,,,0,,,,,MAHARASHTRA,0,0,,0,,,,0,0000-00-00,0000-00-00,0000-00-00,,,,,0,0,
D000632,"KISAN ELEC.& IRRIGATION",9829796621,,"KHEJROLI, CHOMU",Vivek Kumar,Y,0,,0,N,0,,D,"",,"",,"",,,,,,,,0,,,,,RAJASTHAN,0,0,,0,,,,0,0000-00-00,0000-00-00,0000-00-00,,,,,0,0,no
,"KISAN ELEC.& IRRIGATION",9829796621,,"KHEJROLI",Vivek Kumar,Y,0,,0,N,0,,D,"",,"",,"",,,,,,,,0,,,,,RAJASTHAN,0,0,,0,,,,0,0000-00-00,0000-00-00,0000-00-00,,,,,0,0,
,"KISAN ELEC.& IRRIGATION",9829796621,,"KHEJROLI",Prathviraj,Y,0,,0,N,0,,D,"",,"",,"",,,,,,,,0,,,,,RAJASTHAN,0,0,,0,,,,0,0000-00-00,0000-00-00,0000-00-00,,,,,0,0,
D000632,"KISAN ELEC.& IRRIGATION",9829796621,,"KHEJROLI CHOMU",Vivek Kumar,N,0,,0,N,0,,D,"",,"",,"",,,,,,,,0,,,,,RAJASTHAN,0,0,,0,,,,0,0000-00-00,0000-00-00,0000-00-00,,,,,0,0,
,"KISAN INDUSTRIES",,,"Saharanpur",Vivek Kumar,Y,0,,0,N,0,,D,"",,"",,"",,,,,,,,0,,,,,RAJASTHAN,0,0,,0,,,,0,0000-00-00,0000-00-00,0000-00-00,,,,,0,0,
D000633,"KISAN INDUSTRIES",,,"U.P.",Praveer Kr Dixit,N,0,,0,N,0,,D,"",,"",,"",,,,,,,,0,,,,,UP,0,0,,0,,,,0,0000-00-00,0000-00-00,0000-00-00,,,,,0,0,
D000634,"KISAN IRRIGATION",8104278865,,"OLD RTO Office",A.K Sharma,Y,0,,0,N,0,,D,"",,"",,"",,,,,,,,0,,,,,RAJASTHAN,0,0,,0,,,,0,0000-00-00,0000-00-00,0000-00-00,,,,,0,0,
D000636,"KISAN KRISHI KENDER",9828475452,,"KHATUSHYAM JI",A.K Sharma,Y,0,,0,N,0,,D,"",,"",,"",,,,,,,,0,,,,,RAJASTHAN,0,0,,0,,,,0,0000-00-00,0000-00-00,0000-00-00,,,,,0,0,
D000638,"KISAN KRISHI SEWA KENDER",9413344414,,"STATION ROAD",A.K Sharma,Y,0,,0,N,0,,D,"",,"",,"",,,,,,,,0,,,,,RAJASTHAN,0,0,,0,,,,0,0000-00-00,0000-00-00,0000-00-00,,,,,0,0,
D000640,"KISAN KRISHI YANTRALYA",9414665600,,"SALASAR BUS STAND",A.K Sharma,Y,0,,0,N,0,,D,"",,"",,"",,,,,,,,0,,,,,RAJASTHAN,0,0,,0,,,,0,0000-00-00,0000-00-00,0000-00-00,,,,,0,0,
,"Kisan Krushi Seva Kendra, Chincholi",,,"",Hemant S Shinde,N,0,,0,N,0,,D,"",,"",,"",,,,,,,,0,,,,,MAHARASHTRA,0,0,,0,,,,0,2000-00-00,2000-00-00,2000-00-00,,,,,0,0,
,"Kisan Pipe Agency",86885914087,,"BHIWANI ROAD BAHAL",Amarjeet Yadav,Y,0,,0,N,0,,D,"",,"",,"",,,,,,,,0,,,,,HARYANA,0,0,,0,,,,0,0000-00-00,0000-00-00,0000-00-00,,,,,0,0,
D000064,"KISAN SALES ENTERPRISES",9416078559,,"ATELI",Ramesh Kr.Verma,Y,0,,0,N,0,,D,"",,"",,"",,,,,,,,0,,,,,HARYANA,0,0,,0,,,,0,0000-00-00,0000-00-00,0000-00-00,,,,,0,0,no
D000644,"KISAN SEWA KENDRA",9001013299,,"BAJJU",A.K Sharma,Y,0,,0,N,0,,D,"",,"",,"",,,,,,,,0,,,,,RAJASTHAN,0,0,,0,,,,0,0000-00-00,0000-00-00,0000-00-00,,,,,0,0,
,"KISAN SUSTAINBLE IRRIGATION (KONDALADI)",,,"NANDED",Hemant S Shinde,N,0,,0,N,0,,D,"",,"",,"",,,,,,,,0,,,,,MAHARASHTRA,0,0,,0,,,,0,0000-00-00,0000-00-00,0000-00-00,,,,,0,0,
D000476,"KISHAN AGROTECH",9937671946,,"WARD NO-10",Ashok Kr Nayak,Y,0,,0,N,0,,D,"",,"",,"",,,,,,,,0,,,,,ODISHA,0,0,,0,,,,0,2000-00-00,2000-00-00,2000-00-00,,,,,0,0,no
D000476,"KISHAN AGROTECH",9937671946,,"BARGARH",Ashok Kr Nayak,Y,0,,0,N,0,,D,"",,"",,"",,,,,,,,0,,,,,ODISHA,0,0,,0,,,,0,2000-00-00,2000-00-00,2000-00-00,,,,,0,0,no
D000476,"KISHAN AGROTECH",9937671946,,"BARGARH",Lakhan Sunani,Y,0,,0,N,0,,D,"",,"",,"",,,,,,,,0,,,,,ODISHA,0,0,,0,,,,0,2000-00-00,2000-00-00,2000-00-00,,,,,0,0,no
,"Kishan Borewell Company",,,"Gurugram",Sanjay Kr Sharma,Y,0,,0,N,0,,D,"",,"",,"",,,,,,,,0,,,,,HARYANA,0,0,,0,,,,0,2000-00-00,2000-00-00,2000-00-00,,,,,0,0,
D000635,"KISHAN ENGINEERING",8946904802,,"TUNGA",Devendra Kr.Tripathi,Y,0,,0,N,0,,D,"",,"",,"",,,,,,,,0,,,,,RAJASTHAN,0,0,,0,,,,0,0000-00-00,0000-00-00,0000-00-00,,,,,0,0,
D000635,"KISHAN ENGINEERING",8946904802,,"Bassi",Devendra Kr.Tripathi,Y,0,,0,N,0,,D,"",,"",,"",,,,,,,,0,,,,,RAJASTHAN,0,0,,0,,,,0,0000-00-00,0000-00-00,0000-00-00,,,,,0,0,
D000061,"KISSAN PHAWARA AGENCY",9812366679,,"OBERA",Ajay Kr Yadav,Y,0,,0,N,0,,D,"",,"",,"",,,,,,,,0,,,,,HARYANA,0,0,,0,,,,0,0000-00-00,0000-00-00,0000-00-00,,,,,0,0,no
D000085,"KISSAN PIPE AGENCY",8053643545,,"SATNALI",Ramesh Kr.Verma,Y,0,,0,N,0,,D,"",,"",,"",,,,,,,,0,,,,,HARYANA,0,0,,0,,,,0,0000-00-00,0000-00-00,0000-00-00,,,,,0,0,no
,"KKSR AGRI TECH",9443067227,,"TIRUPUR",,N,0,,0,N,0,,D,"",,"",,"",,,,,,,,0,,,,,TAMIL NADU,0,0,,0,,,,0,0000-00-00,0000-00-00,0000-00-00,,,,,0,0,
,"KKSR AGRI TECH",9443067227,,"TIRUPUR",VENKATARAMAN.P,N,0,,0,N,0,,D,"",,"",,"",,,,,,,,0,,,,,TAMIL NADU,0,0,,0,,,,0,0000-00-00,0000-00-00,0000-00-00,,,,,0,0,
,"KKSR AGRI TECH",9443067227,,"TIRUPUR",,N,0,,0,N,0,,D,"",,"",,"",,,,,,,,0,,,,,TAMIL NADU,0,0,,0,,,,0,0000-00-00,0000-00-00,0000-00-00,,,,,0,0,
,"KOMATA IRRIGATION",9488023038,,"MANAMADURAI",,N,0,,0,N,0,,D,"",,"",,"",,,,,,,,0,,,,,TAMIL NADU,0,0,,0,,,,0,0000-00-00,0000-00-00,0000-00-00,,,,630606,0,0,no
,"KOMATA IRRIGATION",9488023038,,"MANAMADURAI",,Y,0,,0,N,0,,D,"",,"",,"",,,,,,,,0,,,,,TAMIL NADU,0,0,,0,,,,0,0000-00-00,0000-00-00,0000-00-00,,,,630606,0,0,no
,"KOMATA IRRIGATION",9488023038,,"MANAMADURAI",DURAIPANDI.K,N,0,,0,N,0,,D,"",,"",,"",,,,,,,,0,,,,,TAMIL NADU,0,0,,0,,,,0,0000-00-00,0000-00-00,0000-00-00,,,,630606,0,0,no
,"KOMATA IRRIGATION",9488023038,,"MANAMADURAI",Thirumurugan.K,Y,0,,0,N,0,,D,"",,"",,"",,,,,,,,0,,,,,TAMIL NADU,0,0,,0,,,,0,0000-00-00,0000-00-00,0000-00-00,,,,630606,0,0,no
,"KOMATA IRRIGATION",9488023038,,"MANAMADURAI",,Y,0,,0,N,0,,D,"",,"",,"",,,,,,,,0,,,,,TAMIL NADU,0,0,,0,,,,0,0000-00-00,0000-00-00,0000-00-00,,,,630606,0,0,no
,"KOMATA IRRIGATION",9488023038,,"SIVAGANGAI",,N,0,,0,N,0,,D,"",,"",,"",,,,,,,,0,,,,,TAMIL NADU,0,0,,0,,,,0,0000-00-00,0000-00-00,0000-00-00,,,,,0,0,
,"KOMATA IRRIGATION",9488023038,,"SIVAGANGAI",DURAIPANDI.K,N,0,,0,N,0,,D,"",,"",,"",,,,,,,,0,,,,,TAMIL NADU,0,0,,0,,,,0,0000-00-00,0000-00-00,0000-00-00,,,,,0,0,
,"KOMATA IRRIGATION",9488023038,,"SIVAGANGAI",,N,0,,0,N,0,,D,"",,"",,"",,,,,,,,0,,,,,TAMIL NADU,0,0,,0,,,,0,0000-00-00,0000-00-00,0000-00-00,,,,,0,0,
,"Kongu Agro Agencies",9787730933,,"SALEM",,N,0,,0,N,0,,D,"",,"",,"",,,,,,,,0,,,,,TAMIL NADU,0,0,,0,,,,0,0000-00-00,0000-00-00,0000-00-00,,,,,0,0,
,"Kongu Agro Agencies",9787730933,,"SALEM",SAKTHIVEL.P,N,0,,0,N,0,,D,"",,"",,"",,,,,,,,0,,,,,TAMIL NADU,0,0,,0,,,,0,0000-00-00,0000-00-00,0000-00-00,,,,,0,0,
,"Kongu Agro Agencies",9787730933,,"SALEM",,N,0,,0,N,0,,D,"",,"",,"",,,,,,,,0,,,,,TAMIL NADU,0,0,,0,,,,0,0000-00-00,0000-00-00,0000-00-00,,,,,0,0,
,"KOODAL ENTERPRISES",6381493630,,"ERODE",GANAVEL.S,N,0,,0,N,0,,D,"",,"",,"",,,,,,,,0,,,,,TAMIL NADU,0,0,,0,,,,0,0000-00-00,0000-00-00,0000-00-00,,,,,0,0,
,"KOODAL ENTERPRISES",6381493630,,"ERODE",THANGAIYAN.A,N,0,,0,N,0,,D,"",,"",,"",,,,,,,,0,,,,,TAMIL NADU,0,0,,0,,,,0,0000-00-00,0000-00-00,0000-00-00,,,,,0,0,
,"Kranti Bio Tech & Machineries",,,"",Hemant S Shinde,Y,0,,0,N,0,,D,"",,"",,"",,,,,,,,0,,,,,MAHARASHTRA,0,0,,0,,,,0,0000-00-00,0000-00-00,0000-00-00,,,,,0,0,
,"Kranti Bio Tech & Machineries",,,"CHANDRAPUR",Hemant S Shinde,Y,0,,0,N,0,,D,"",,"",,"",,,,,,,,0,,,,,MAHARASHTRA,0,0,,0,,,,0,2000-00-00,2000-00-00,2000-00-00,,,,,0,0,
NE013020191224121229,"KRISHAK SEWA KENDRA",9829551011,,"NIMBAHERA",Surya Bhan Singh Bhati,Y,0,,0,N,0,,R,"",,"NIMBHEDA",,"",,,,,,,,0,,,,,RAJASTHAN,0,0,,0,,,,0,2000-00-00,2000-00-00,2000-00-00,,,,312601,24.6189733,74.6850767,no
D000123,"KRISHAN DEV",9736757538,,"BARSAR",Anil Guleria,N,0,,0,N,0,,D,"",,"",,"",,,,,,,,0,,,,,HIMACHAL PRADESH,0,0,,0,,,,0,0000-00-00,0000-00-00,0000-00-00,,,,,0,0,no
NE003720191128130810,"KRISHI KRANTI KENDRA",9414358009,,"BHARATPUR",Devendra Kr.Tripathi,Y,0,,0,N,0,,D,"",,"",,"",,,,,,,,0,,,,,RAJASTHAN,0,0,,0,,,,0,0000-00-00,0000-00-00,0000-00-00,,,,,0,0,
,"Krishi Sewa Kendra",,,"JABALPUR",Sunil Awadhwal,Y,0,,0,N,0,,D,"",,"",,"",,,,,,,,0,,,,,MADHYA PRADESH,0,0,,0,,,,0,0000-00-00,0000-00-00,0000-00-00,,,,,0,0,
D000457,"KRISHI WORLD",7008309595,,"CHANDABALI",Ashok Kr Nayak,Y,0,,0,N,0,,D,"",,"",,"",,,,,,,,0,,,,,ODISHA,0,0,,0,,,,0,2000-00-00,2000-00-00,2000-00-00,,,,,0,0,no
D000457,"KRISHI WORLD",7008309595,,"BALASORE",Ashok Kr Nayak,Y,0,,0,N,0,,D,"",,"",,"",,,,,,,,0,,,,,ODISHA,0,0,,0,,,,0,0000-00-00,0000-00-00,0000-00-00,,,,,0,0,no
,"KRISHNA AGROTECH",9414885838,,"BARI",Vivek Kumar,Y,0,,0,N,0,,D,"",,"",,"",,,,,,,,0,,,,,RAJASTHAN,0,0,,0,,,,0,0000-00-00,0000-00-00,0000-00-00,,,,,0,0,
,"KRISHNA AGROTECH",9414885838,,"BARI",Prathviraj,Y,0,,0,N,0,,D,"",,"",,"",,,,,,,,0,,,,,RAJASTHAN,0,0,,0,,,,0,0000-00-00,0000-00-00,0000-00-00,,,,,0,0,
NE003720191128121952,"KRISHNA IRON STORE",9460454579,,"BHARATPUR",Devendra Kr.Tripathi,Y,0,,0,N,0,,D,"",,"",,"",,,,,,,,0,,,,,RAJASTHAN,0,0,,0,,,,0,0000-00-00,0000-00-00,0000-00-00,,,,,0,0,
D000637,"KRISHNA IRRIGATION COMPANY",7727885500,,"BHOPAL SAGAR",Surya Bhan Singh Bhati,Y,0,,0,N,0,,D,"",,"",,"",,,,,,,,0,,,,,RAJASTHAN,0,0,,0,,,,0,0000-00-00,0000-00-00,0000-00-00,,,,,0,0,
D000904,"KRISHNA TRADERS",9956977591,,"ROBERTSGANJ",Praveer Kr Dixit,N,0,,0,N,0,,D,"",,"",,"",,,,,,,,0,,,,,UP,0,0,,0,,,,0,0000-00-00,0000-00-00,0000-00-00,,,,,0,0,
D000904,"KRISHNA TRADERS",9956977591,,"SONBHADR",Md. Rahid,Y,0,,0,N,0,,D,"",,"",,"",,,,,,,,0,,,,,UP,0,0,,0,,,,0,2000-00-00,2000-00-00,2000-00-00,,,,,0,0,
D000643,"KRITI INDUSTRIES",,,"BUPALPURA",Surya Bhan Singh Bhati,Y,0,,0,N,0,,D,"",,"",,"",,,,,,,,0,,,,,RAJASTHAN,0,0,,0,,,,0,0000-00-00,0000-00-00,0000-00-00,,,,,0,0,
,"Krushi Bhushan Agencies",,,"NASHIK",Hemant S Shinde,N,0,,0,N,0,,D,"",,"",,"",,,,,,,,0,,,,,MAHARASHTRA,0,0,,0,,,,0,0000-00-00,0000-00-00,0000-00-00,,,,,0,0,
,"Krushi Vaibhav Agro Agencies NEW MONDH",,,"BEED",Hemant S Shinde,N,0,,0,N,0,,D,"",,"",,"",,,,,,,,0,,,,,MAHARASHTRA,0,0,,0,,,,0,0000-00-00,0000-00-00,0000-00-00,,,,,0,0,
,"Krushimitra Enterprises, Risod",,,"Washim",Hemant S Shinde,N,0,,0,N,0,,D,"",,"",,"",,,,,,,,0,,,,,MAHARASHTRA,0,0,,0,,,,0,0000-00-00,0000-00-00,0000-00-00,,,,,0,0,
D000862,"KUMARAN AGENCIES",,,"PERUGAMANI",,N,0,,0,N,0,,D,"",,"",,"",,,,,,,,0,,,,,Tamil Nadu,0,0,,0,,,,0,2000-00-00,2000-00-00,2000-00-00,,,,,0,0,
D000862,"KUMARAN AGENCIES",,,"PERUGAMANI",,Y,0,,0,N,0,,D,"",,"",,"",,,,,,,,0,,,,,Tamil Nadu,0,0,,0,,,,0,2000-00-00,2000-00-00,2000-00-00,,,,,0,0,
D000862,"KUMARAN AGENCIES",,,"PERUGAMANI",,Y,0,,0,N,0,,D,"",,"",,"",,,,,,,,0,,,,,Tamil Nadu,0,0,,0,,,,0,2000-00-00,2000-00-00,2000-00-00,,,,,0,0,
,"KUMARAN AGENCIES",8675744723,,"PUDUKOTTAI",SENTHILMURUGAN.N,N,0,,0,N,0,,D,"",,"",,"",,,,,,,,0,,,,,TAMIL NADU,0,0,,0,,,,0,0000-00-00,0000-00-00,0000-00-00,,,,,0,0,
D000168,"KUSHWAH ENTERPRISES",8959946265,,"BYPASS ROAD",Sumit Kr Gupta,Y,0,,0,N,0,,D,"",,"",,"",,,,,,,,0,,,,,MADHYA PRADESH,0,0,,0,,,,0,2000-00-00,2000-00-00,2000-00-00,,,,,0,0,no
,"Kutubi Hardware and  Maachinery",,,"Ali Rajpur",Sumit Kr Gupta,Y,0,,0,N,0,,D,"",,"",,"",,,,,,,,0,,,,,MADHYA PRADESH,0,0,,0,,,,0,0000-00-00,0000-00-00,0000-00-00,,,,,0,0,
,"Lakeeta Enterprises",,,"CHINDWARA",Sunil Awadhwal,Y,0,,0,N,0,,D,"",,"",,"",,,,,,,,0,,,,,MADHYA PRADESH,0,0,,0,,,,0,2000-00-00,2000-00-00,2000-00-00,,,,,0,0,
D000148,"LAKSHMI AGENCNIES",9448080040,,"3RD CROSS, D.NO. 952/895",M.S Shrikanta,Y,0,,0,N,0,,D,"",,"",,"",,,,,,,,0,,,,,KARNATAKA,0,0,,0,,,,0,0000-00-00,0000-00-00,0000-00-00,,,,,0,0,no
D000148,"LAKSHMI AGENCNIES",9448080040,,"3RD CROSS D.NO. 952/895",M.S Shrikanta,Y,0,,0,N,0,,D,"",,"",,"",,,,,,,,0,,,,,KARNATAKA,0,0,,0,,,,0,2000-00-00,2000-00-00,2000-00-00,,,,,0,0,no
NE003720191012141901,"LALIT ASHOK & CO.",9950059002,,"TUNGA",Devendra Kr.Tripathi,N,0,,0,N,0,,D,"",,"",,"",,,,,,,,0,,,,,RAJASTHAN,0,0,,0,,,,0,2000-00-00,2000-00-00,2000-00-00,,,,,0,0,
D000648,"LALIT ASHOK & COMPANY",9414738408,,"Bassi",Devendra Kr.Tripathi,N,0,,0,N,0,,D,"",,"",,"",,,,,,,,0,,,,,RAJASTHAN,0,0,,0,,,,0,2000-00-00,2000-00-00,2000-00-00,,,,,0,0,
D000648,"LALIT ASHOK & COMPANY",9414738408,,"TUNGA",Devendra Kr.Tripathi,Y,0,,0,N,0,,D,"",,"",,"",,,,,,,,0,,,,,RAJASTHAN,0,0,,0,,,,0,2000-00-00,2000-00-00,2000-00-00,,,,,0,0,
,"LAXMI AGRO & AUTOMOBILES (UNDRI)",,,"BULDHANA",Hemant S Shinde,N,0,,0,N,0,,D,"",,"",,"",,,,,,,,0,,,,,MAHARASHTRA,0,0,,0,,,,0,0000-00-00,0000-00-00,0000-00-00,,,,,0,0,
,"LAXMI AGRO SYSTEM",,,"",Sushil Kumar,Y,0,,0,N,0,,D,"",,"",,"",,,,,,,,0,,,,,HARAYANA,0,0,,0,,,,0,0000-00-00,0000-00-00,0000-00-00,,,,,0,0,
,"LAXMI AGRO TRADING COMPNAY (MAHUD)",,,"SOLAPUR",Hemant S Shinde,N,0,,0,N,0,,D,"",,"",,"",,,,,,,,0,,,,,MAHARASHTRA,0,0,,0,,,,0,0000-00-00,0000-00-00,0000-00-00,,,,,0,0,
D000099,"LAXMI ENTERPRISES",9812041499,,"Tosham",Ajay Kr Yadav,N,0,,0,N,0,,D,"",,"",,"",,,,,,,,0,,,,,HARYANA,0,0,,0,,,,0,0000-00-00,0000-00-00,0000-00-00,,,,,0,0,
D000099,"LAXMI ENTERPRISES",9812041499,,"BHIWANI ROAD BAHAL",Amarjeet Yadav,Y,0,,0,N,0,,D,"",,"",,"",,,,,,,,0,,,,,HARYANA,0,0,,0,,,,0,0000-00-00,0000-00-00,0000-00-00,,,,,0,0,
D000645,"LAXMI IRON & ELECTRIC STORE",,,"NAWALGARH",A.K Sharma,Y,0,,0,N,0,,D,"",,"",,"",,,,,,,,0,,,,,RAJASTHAN,0,0,,0,,,,0,0000-00-00,0000-00-00,0000-00-00,,,,,0,0,
D000646,"LAXMI SPARE PARTS",9414633144,,"SIWANA",Praveen Sharma,N,0,,0,N,0,,D,"",,"",,"",,,,,,,,0,,,,,RAJASTHAN,0,0,,0,,,,0,0000-00-00,0000-00-00,0000-00-00,,,,,0,0,
NE014320191122135705,"LAXMI SPAYERS PART",9462280176,,"SIWANA",Aditya Rathi,Y,0,,0,N,0,,D,"",,"",,"",,,,,,,,0,,,,,RAJASTHAN,0,0,,0,,,,0,0000-00-00,0000-00-00,0000-00-00,,,,,0,0,
NE014320191122135705,"LAXMI SPAYERS PART",9462280176,,"BARMER",Aditya Rathi,Y,0,,0,N,0,,D,"",,"",,"",,,,,,,,0,,,,,RAJASTHAN,0,0,,0,,,,0,0000-00-00,0000-00-00,0000-00-00,,,,,0,0,
,"LEPASWAL MACHIENRY STORE AND HARDWARE",9772429548,,"RENWAL",Devendra Kr.Tripathi,Y,0,,0,N,0,,D,"",,"",,"",,,,,,,,0,,,,,RAJASTHAN,0,0,,0,,,,0,0000-00-00,0000-00-00,0000-00-00,,,,,0,0,
,"LMRS",,,"KEONJHAR",Ashok Kr Nayak,Y,0,,0,N,0,,D,"",,"",,"",,,,,,,,0,,,,,ODISHA,0,0,,0,,,,0,0000-00-00,0000-00-00,0000-00-00,,,,,0,0,no
D000011,"LOKESH DRIP IRRIGATION",8008958219,,"BOJJAYAPALLI, SIMHADRI PURAM",C Rajesh Naidu,Y,0,,0,N,0,,D,"",,"",,"",,,,,,,,0,,,,,ANDHRA PRADESH,0,0,,0,,,,0,0000-00-00,0000-00-00,0000-00-00,,,,,0,0,no
D000011,"LOKESH DRIP IRRIGATION",8008958219,,"BOJJAYAPALLI SIMHADRI PURAM",C Rajesh Naidu,Y,0,,0,N,0,,D,"",,"",,"",,,,,,,,0,,,,,ANDHRA PRADESH,0,0,,0,,,,0,2000-00-00,2000-00-00,2000-00-00,,,,,0,0,no
D000647,"LOKESH ELECTRICALS",9460950779,,"HINDON CITY ROAD",Devendra Kr.Tripathi,Y,0,,0,N,0,,D,"",,"",,"",,,,,,,,0,,,,,RAJASTHAN,0,0,,0,,,,0,0000-00-00,0000-00-00,0000-00-00,,,,,0,0,
D000647,"LOKESH ELECTRICALS",9460950779,,"Karauli",Devendra Kr.Tripathi,Y,0,,0,N,0,,D,"",,"",,"",,,,,,,,0,,,,,RAJASTHAN,0,0,,0,,,,0,0000-00-00,0000-00-00,0000-00-00,,,,,0,0,
,"Lord Venktesh Petrolium ( Shiradhone)",,,"OSMANABAD",Hemant S Shinde,N,0,,0,N,0,,D,"",,"",,"",,,,,,,,0,,,,,MAHARASHTRA,0,0,,0,,,,0,0000-00-00,0000-00-00,0000-00-00,,,,,0,0,
,"LOVELY GROUPS",9787619331,,"MOTTUR VILLAGE",Lakshmigandhan,Y,0,,0,N,0,,D,"",,"",,"",,,,,,,,0,,,,,TAMIL NADU,0,0,,0,,,,0,0000-00-00,0000-00-00,0000-00-00,,,,635207,0,0,no
,"M A I D C LTD",,,"",Hemant S Shinde,N,0,,0,N,0,,D,"",,"",,"",,,,,,,,0,,,,,MAHARASHTRA,0,0,,0,,,,0,2000-00-00,2000-00-00,2000-00-00,,,,,0,0,
,"M M Marketing",,,"",Gopal C Rathod,N,0,,0,N,0,,D,"",,"",,"",,,,,,,,0,,,,,MAHARASHTRA,0,0,,0,,,,0,2000-00-00,2000-00-00,2000-00-00,,,,,0,0,
,"M M Marketing",,,"",Hemant S Shinde,N,0,,0,N,0,,D,"",,"",,"",,,,,,,,0,,,,,MAHARASHTRA,0,0,,0,,,,0,2000-00-00,2000-00-00,2000-00-00,,,,,0,0,
,"M M Marketing",,,"Akola",Gopal C Rathod,N,0,,0,N,0,,D,"",,"",,"",,,,,,,,0,,,,,MAHARASHTRA,0,0,,0,,,,0,2000-00-00,2000-00-00,2000-00-00,,,,,0,0,
D000101,"M. S. Y. ENTERPRISES",9466883837,,"BAKRODA",Kiranpal Singh,Y,0,,0,N,0,,D,"",,"",,"",,,,,,,,0,,,,,HARYANA,0,0,,0,,,,0,0000-00-00,0000-00-00,0000-00-00,,,,,0,0,no
D000101,"M. S. Y. ENTERPRISES",9466883837,,"BAKRODA",Sanjay Kr Sharma,Y,0,,0,N,0,,D,"",,"",,"",,,,,,,,0,,,,,HARYANA,0,0,,0,,,,0,0000-00-00,0000-00-00,0000-00-00,,,,,0,0,no
,"M.I.Dealers",,,"Itarsi",Sumit Kr Gupta,Y,0,,0,N,0,,D,"",,"",,"",,,,,,,,0,,,,,MADHYA PRADESH,0,0,,0,,,,0,0000-00-00,0000-00-00,0000-00-00,,,,,0,0,
,"M.P. AGRO",,,"CHINDWARA",Sunil Awadhwal,Y,0,,0,N,0,,D,"",,"",,"",,,,,,,,0,,,,,MADHYA PRADESH,0,0,,0,,,,0,0000-00-00,0000-00-00,0000-00-00,,,,,0,0,
,"M.P. AGRO",,,"Seoni",Sunil Awadhwal,Y,0,,0,N,0,,D,"",,"",,"",,,,,,,,0,,,,,MADHYA PRADESH,0,0,,0,,,,0,0000-00-00,0000-00-00,0000-00-00,,,,,0,0,
,"M.P. AGRO",,,"Mandla",Sunil Awadhwal,Y,0,,0,N,0,,D,"",,"",,"",,,,,,,,0,,,,,MADHYA PRADESH,0,0,,0,,,,0,0000-00-00,0000-00-00,0000-00-00,,,,,0,0,
,"M.P. AGRO",,,"BALAGHAT",Sunil Awadhwal,Y,0,,0,N,0,,D,"",,"",,"",,,,,,,,0,,,,,MADHYA PRADESH,0,0,,0,,,,0,0000-00-00,0000-00-00,0000-00-00,,,,,0,0,
,"M.P. AGRO",,,"JABALPUR",Sunil Awadhwal,Y,0,,0,N,0,,D,"",,"",,"",,,,,,,,0,,,,,MADHYA PRADESH,0,0,,0,,,,0,0000-00-00,0000-00-00,0000-00-00,,,,,0,0,
,"M.P. AGRO",,,"KATNI",Sunil Awadhwal,Y,0,,0,N,0,,D,"",,"",,"",,,,,,,,0,,,,,MADHYA PRADESH,0,0,,0,,,,0,0000-00-00,0000-00-00,0000-00-00,,,,,0,0,
,"M.P. AGRO",,,"DAMOH",Sunil Awadhwal,Y,0,,0,N,0,,D,"",,"",,"",,,,,,,,0,,,,,MADHYA PRADESH,0,0,,0,,,,0,0000-00-00,0000-00-00,0000-00-00,,,,,0,0,
,"M.P. AGRO",,,"UMARIYA",Sunil Awadhwal,Y,0,,0,N,0,,D,"",,"",,"",,,,,,,,0,,,,,MADHYA PRADESH,0,0,,0,,,,0,0000-00-00,0000-00-00,0000-00-00,,,,,0,0,
,"M.P. AGRO",,,"SATNA",Sunil Awadhwal,Y,0,,0,N,0,,D,"",,"",,"",,,,,,,,0,,,,,MADHYA PRADESH,0,0,,0,,,,0,0000-00-00,0000-00-00,0000-00-00,,,,,0,0,
,"M.P. AGRO",,,"SAGAR",Sunil Awadhwal,Y,0,,0,N,0,,D,"",,"",,"",,,,,,,,0,,,,,MADHYA PRADESH,0,0,,0,,,,0,0000-00-00,0000-00-00,0000-00-00,,,,,0,0,
,"M.P. AGRO",,,"Narsinghpur",Sunil Awadhwal,Y,0,,0,N,0,,D,"",,"",,"",,,,,,,,0,,,,,MADHYA PRADESH,0,0,,0,,,,0,2000-00-00,2000-00-00,2000-00-00,,,,,0,0,
,"M.P. AGRO",,,"Neemuch",Anil Kr Vishwakarma,Y,0,,0,N,0,,D,"",,"",,"",,,,,,,,0,,,,,MADHYA PRADESH,0,0,,0,,,,0,2000-00-00,2000-00-00,2000-00-00,,,,,0,0,
,"M.P. AGRO",,,"Mandsaur",Anil Kr Vishwakarma,Y,0,,0,N,0,,D,"",,"",,"",,,,,,,,0,,,,,MADHYA PRADESH,0,0,,0,,,,0,2000-00-00,2000-00-00,2000-00-00,,,,,0,0,
,"M.P. AGRO",,,"Ratlam",Anil Kr Vishwakarma,Y,0,,0,N,0,,D,"",,"",,"",,,,,,,,0,,,,,MADHYA PRADESH,0,0,,0,,,,0,2000-00-00,2000-00-00,2000-00-00,,,,,0,0,
,"M.P. AGRO",,,"Shajapur",Anil Kr Vishwakarma,Y,0,,0,N,0,,D,"",,"",,"",,,,,,,,0,,,,,MADHYA PRADESH,0,0,,0,,,,0,2000-00-00,2000-00-00,2000-00-00,,,,,0,0,
,"M.P. AGRO",,,"Vidisha",Anil Kr Vishwakarma,Y,0,,0,N,0,,D,"",,"",,"",,,,,,,,0,,,,,MADHYA PRADESH,0,0,,0,,,,0,2000-00-00,2000-00-00,2000-00-00,,,,,0,0,
,"M.P. AGRO",,,"Raisen",Anil Kr Vishwakarma,Y,0,,0,N,0,,D,"",,"",,"",,,,,,,,0,,,,,MADHYA PRADESH,0,0,,0,,,,0,2000-00-00,2000-00-00,2000-00-00,,,,,0,0,
,"M.P. AGRO",,,"Ujjain",Anil Kr Vishwakarma,Y,0,,0,N,0,,D,"",,"",,"",,,,,,,,0,,,,,MADHYA PRADESH,0,0,,0,,,,0,0000-00-00,0000-00-00,0000-00-00,,,,,0,0,
NE002220190730155546,"MA TARA",9874450813,,"DUNGARGARH",A.K Sharma,Y,0,,0,N,0,,D,"",,"",,"",,,,,,,,0,,,,,RAJASTHAN,0,0,,0,,,,0,0000-00-00,0000-00-00,0000-00-00,,,,,0,0,
,"MAA AMBIKA HARDWARE & BOREWELL",9799783032,,"PRATAPGARH",Praveer Kr Dixit,N,0,,0,N,0,,D,"",,"",,"",,,,,,,,0,,,,,RAJASTHAN,0,0,,0,,,,0,0000-00-00,0000-00-00,0000-00-00,,,,,0,0,
,"MAA AMBIKA HARDWARE & BOREWELL",9799783032,,"PRATAPGARH",Surya Bhan Singh Bhati,Y,0,,0,N,0,,D,"",,"",,"",,,,,,,,0,,,,,RAJASTHAN,0,0,,0,,,,0,0000-00-00,0000-00-00,0000-00-00,,,,,0,0,
,"MAA AMBIKA HARDWARE & BOREWELL",9799783032,,"",Surya Bhan Singh Bhati,Y,0,,0,N,0,,D,"",,"",,"",,,,,,,,0,,,,,RAJASTHAN,0,0,,0,,,,0,0000-00-00,0000-00-00,0000-00-00,,,,,0,0,
,"Maa Ambika Hardware and Borewell",9799783032,,"",Surya Bhan Singh Bhati,Y,0,,0,N,0,,D,"",,"",,"",,,,,,,,0,,,,,RAJASTHAN,0,0,,0,,,,0,0000-00-00,0000-00-00,0000-00-00,,,,,0,0,
D000651,"MAA BHADRIA TRADING COMPANY",,,"BIKANER",A.K Sharma,Y,0,,0,N,0,,D,"",,"",,"",,,,,,,,0,,,,,RAJASTHAN,0,0,,0,,,,0,0000-00-00,0000-00-00,0000-00-00,,,,,0,0,
D000652,"MAA BHAWANI ENTERPRISES",9414633425,,"SIWANA",Praveen Sharma,Y,0,,0,N,0,,D,"",,"",,"",,,,,,,,0,,,,,RAJASTHAN,0,0,,0,,,,0,0000-00-00,0000-00-00,0000-00-00,,,,,0,0,
D000652,"MAA BHAWANI ENTERPRISES",9414633425,,"SIWANA",Aditya Rathi,Y,0,,0,N,0,,D,"",,"",,"",,,,,,,,0,,,,,RAJASTHAN,0,0,,0,,,,0,0000-00-00,0000-00-00,0000-00-00,,,,,0,0,
D000653,"MAA BHAWANI IRRIGATION",9414633425,,"SIWANA",Praveen Sharma,Y,0,,0,N,0,,D,"",,"",,"",,,,,,,,0,,,,,RAJASTHAN,0,0,,0,,,,0,0000-00-00,0000-00-00,0000-00-00,,,,,0,0,
D000653,"MAA BHAWANI IRRIGATION",9414633425,,"SIWANA",Aditya Rathi,Y,0,,0,N,0,,D,"",,"",,"",,,,,,,,0,,,,,RAJASTHAN,0,0,,0,,,,0,0000-00-00,0000-00-00,0000-00-00,,,,,0,0,
,"Maa Durga Enterprises",,,"",Hemant S Shinde,Y,0,,0,N,0,,D,"",,"",,"",,,,,,,,0,,,,,MAHARASHTRA,0,0,,0,,,,0,0000-00-00,0000-00-00,0000-00-00,,,,,0,0,
,"Maa Durga Enterprises",,,"CHANDRAPUR",Hemant S Shinde,Y,0,,0,N,0,,D,"",,"",,"",,,,,,,,0,,,,,MAHARASHTRA,0,0,,0,,,,0,2000-00-00,2000-00-00,2000-00-00,,,,,0,0,
,"MAA GIRIJA AGRO AGENCIES (SILLOD)",,,"Aurangabad",Hemant S Shinde,N,0,,0,N,0,,D,"",,"",,"",,,,,,,,0,,,,,MAHARASHTRA,0,0,,0,,,,0,0000-00-00,0000-00-00,0000-00-00,,,,,0,0,
,"Maa Kailadevi Agrotech",,,"Gwalior",Sumit Kr Gupta,Y,0,,0,N,0,,D,"",,"",,"",,,,,,,,0,,,,,MADHYA PRADESH,0,0,,0,,,,0,0000-00-00,0000-00-00,0000-00-00,,,,,0,0,
D000110,"MAAN IRRIGATION COMPANY",9812017240,,"BADHRA",Ajay Kr Yadav,N,0,,0,N,0,,D,"",,"",,"",,,,,,,,0,,,,,HARYANA,0,0,,0,,,,0,2000-00-00,2000-00-00,2000-00-00,,,,,0,0,
D000110,"MAAN IRRIGATION COMPANY",9812017240,,"Dadri",Amarjeet Yadav,Y,0,,0,N,0,,D,"",,"",,"",,,,,,,,0,,,,,HARYANA,0,0,,0,,,,0,0000-00-00,0000-00-00,0000-00-00,,,,,0,0,
D000100,"MAGNIFICENT DESIGN ENGINEERS",9818708091,,"PATEL NAGAR",,Y,0,,0,N,0,,D,"",,"",,"",,,,,,,,0,,,,,HARYANA,0,0,,0,,,,0,0000-00-00,0000-00-00,0000-00-00,,,,,0,0,no
D000100,"MAGNIFICENT DESIGN ENGINEERS",9818708091,,"PATEL NAGAR",,Y,0,,0,N,0,,D,"",,"",,"",,,,,,,,0,,,,,HARYANA,0,0,,0,,,,0,0000-00-00,0000-00-00,0000-00-00,,,,,0,0,no
D000654,"MAHA LAXMI IRRIGATION (PADRU)",9413028332,,"PADRU",Praveen Sharma,Y,0,,0,N,0,,D,"",,"",,"",,,,,,,,0,,,,,RAJASTHAN,0,0,,0,,,,0,0000-00-00,0000-00-00,0000-00-00,,,,,0,0,
D000654,"MAHA LAXMI IRRIGATION (PADRU)",9413028332,,"PADRU",Aditya Rathi,Y,0,,0,N,0,,D,"",,"",,"",,,,,,,,0,,,,,RAJASTHAN,0,0,,0,,,,0,0000-00-00,0000-00-00,0000-00-00,,,,,0,0,
D000655,"MAHA LAXMI TRADING COMPANY",9829028246,,"BONLI",Devendra Kr.Tripathi,Y,0,,0,N,0,,D,"",,"",,"",,,,,,,,0,,,,,RAJASTHAN,0,0,,0,,,,0,0000-00-00,0000-00-00,0000-00-00,,,,,0,0,
,"MAHA MAYA GREEN",9467840390,,"",Sushil Kumar,Y,0,,0,N,0,,D,"",,"",,"",,,,,,,,0,,,,,HARAYANA,0,0,,0,,,,0,0000-00-00,0000-00-00,0000-00-00,,,,,0,0,
,"MAHABEER ENTERPRISES",,,"SONBHADR",Praveer Kr Dixit,N,0,,0,N,0,,D,"",,"",,"",,,,,,,,0,,,,,UP,0,0,,0,,,,0,2000-00-00,2000-00-00,2000-00-00,,,,,0,0,
D000467,"MAHABIR MOTORS",9348618099,,"MANATRI",Ashok Kr Nayak,Y,0,,0,N,0,,D,"",,"",,"",,,,,,,,0,,,,,ODISHA,0,0,,0,,,,0,2000-00-00,2000-00-00,2000-00-00,,,,,0,0,no
D000467,"MAHABIR MOTORS",9348618099,,"MAYUR BHANJ",Ashok Kr Nayak,Y,0,,0,N,0,,D,"",,"",,"",,,,,,,,0,,,,,ODISHA,0,0,,0,,,,0,0000-00-00,0000-00-00,0000-00-00,,,,,0,0,no
NE010720190924122751,"MAHABIR SHARMA",9416130962,,"ATELI",Ramesh Kr.Verma,Y,0,,0,N,0,,R,"",,"MAHENDER GARH",,"",,,,,,,,0,,,,,HARYANA,0,0,,0,,,,0,0000-00-00,0000-00-00,0000-00-00,,,,,0,0,
D000656,"MAHADEV AGENCIES",9982724924,,"MANDAR",Praveen Sharma,Y,0,,0,N,0,,D,"",,"",,"",,,,,,,,0,,,,,RAJASTHAN,0,0,,0,,,,0,0000-00-00,0000-00-00,0000-00-00,,,,,0,0,
D000656,"MAHADEV AGENCIES",9982724924,,"MANDAR",Aditya Rathi,Y,0,,0,N,0,,D,"",,"",,"",,,,,,,,0,,,,,RAJASTHAN,0,0,,0,,,,0,0000-00-00,0000-00-00,0000-00-00,,,,,0,0,
D000658,"MAHADEV ENTERPRISES",9414739775,,"DEGANA",Vivek Kumar,N,0,,0,N,0,,D,"",,"",,"",,,,,,,,0,,,,,RAJASTHAN,0,0,,0,,,,0,0000-00-00,0000-00-00,0000-00-00,,,,,0,0,
,"MAHADEV ENTERPRISES",9414739775,,"THANWLA",Vivek Kumar,Y,0,,0,N,0,,D,"",,"",,"",,,,,,,,0,,,,,RAJASTHAN,0,0,,0,,,,0,0000-00-00,0000-00-00,0000-00-00,,,,,0,0,
,"MAHADEV ENTERPRISES",9414739775,,"THANWLA",Prathviraj,Y,0,,0,N,0,,D,"",,"",,"",,,,,,,,0,,,,,RAJASTHAN,0,0,,0,,,,0,0000-00-00,0000-00-00,0000-00-00,,,,,0,0,
,"MAHADEV IRRIGATION",9783085285,,"PUSKAR",Vivek Kumar,Y,0,,0,N,0,,D,"",,"",,"",,,,,,,,0,,,,,RAJASTHAN,0,0,,0,,,,0,0000-00-00,0000-00-00,0000-00-00,,,,,0,0,
,"MAHADEV IRRIGATION",9783085285,,"PUSKAR",Prathviraj,Y,0,,0,N,0,,D,"",,"",,"",,,,,,,,0,,,,,RAJASTHAN,0,0,,0,,,,0,0000-00-00,0000-00-00,0000-00-00,,,,,0,0,
,"MAHADEV KRISHI YANTRALAYA",9462974626,,"SEDWA",Aditya Rathi,Y,0,,0,N,0,,D,"",,"",,"",,,,,,,,0,,,,,RAJASTHAN,0,0,,0,,,,0,0000-00-00,0000-00-00,0000-00-00,,,,,0,0,
D000661,"MAHADEV TRADING COMPANY",9982234064,,"MORSIMA",Praveen Sharma,Y,0,,0,N,0,,D,"",,"",,"",,,,,,,,0,,,,,RAJASTHAN,0,0,,0,,,,0,0000-00-00,0000-00-00,0000-00-00,,,,,0,0,
D000661,"MAHADEV TRADING COMPANY",9982234064,,"MORSIMA",Aditya Rathi,Y,0,,0,N,0,,D,"",,"",,"",,,,,,,,0,,,,,RAJASTHAN,0,0,,0,,,,0,0000-00-00,0000-00-00,0000-00-00,,,,,0,0,
,"Mahalaxmi Agro Services (WAI BAZAR)",,,"NANDED",Hemant S Shinde,N,0,,0,N,0,,D,"",,"",,"",,,,,,,,0,,,,,MAHARASHTRA,0,0,,0,,,,0,0000-00-00,0000-00-00,0000-00-00,,,,,0,0,
,"MAHALAXMI KRUSHI KENDRA (RELEGAON)",,,"YAVATMAL",Hemant S Shinde,N,0,,0,N,0,,D,"",,"",,"",,,,,,,,0,,,,,MAHARASHTRA,0,0,,0,,,,0,0000-00-00,0000-00-00,0000-00-00,,,,,0,0,
,"Mahalaxmi Krushi Seva Kendra (Andarsul)",,,"NASHIK",Hemant S Shinde,N,0,,0,N,0,,D,"",,"",,"",,,,,,,,0,,,,,MAHARASHTRA,0,0,,0,,,,0,0000-00-00,0000-00-00,0000-00-00,,,,,0,0,
D000662,"MAHALAXMI MACHINERY STORE",9414530591,,"GUDAMALANI",Praveen Sharma,Y,0,,0,N,0,,D,"",,"",,"",,,,,,,,0,,,,,RAJASTHAN,0,0,,0,,,,0,0000-00-00,0000-00-00,0000-00-00,,,,,0,0,
D000662,"MAHALAXMI MACHINERY STORE",9414530591,,"GUDAMALANI",Aditya Rathi,Y,0,,0,N,0,,D,"",,"",,"",,,,,,,,0,,,,,RAJASTHAN,0,0,,0,,,,0,0000-00-00,0000-00-00,0000-00-00,,,,,0,0,
,"MAHARIYA AND COMPANY",,,"RINGUS",Vivek Kumar,Y,0,,0,N,0,,D,"",,"",,"",,,,,,,,0,,,,,RAJASTHAN,0,0,,0,,,,0,0000-00-00,0000-00-00,0000-00-00,,,,,0,0,
NE013920200102115355,"MAHARIYA TRADING CO.",9983870882,,"Jaipur",Suman Saini,Y,0,,0,N,0,,R,"",,"RAMKUI  JAIPUR",,"",,,,,,,,0,,,,,RAJASTHAN,0,0,,0,,,,0,0000-00-00,0000-00-00,0000-00-00,,,,303706,26.9584253,75.5404503,
NE013920200102115355,"MAHARIYA TRADING CO.",9983870882,,"Jaipur",Vivek Kumar,Y,0,,0,N,0,,R,"",,"RAMKUI  JAIPUR",,"",,,,,,,,0,,,,,RAJASTHAN,0,0,,0,,,,0,0000-00-00,0000-00-00,0000-00-00,,,,303706,26.9584253,75.5404503,
,"MAHARIYA TRADING COMPANY",9983870881,,"PHULERA",Vivek Kumar,Y,0,,0,N,0,,D,"",,"",,"",,,,,,,,0,,,,,RAJASTHAN,0,0,,0,,,,0,0000-00-00,0000-00-00,0000-00-00,,,,,0,0,
D000456,"MAHAVEER TRADERS",9437094202,,"DHENKANAL",Ashok Kr Nayak,Y,0,,0,N,0,,D,"",,"",,"",,,,,,,,0,,,,,ODISHA,0,0,,0,,,,0,0000-00-00,0000-00-00,0000-00-00,,,,,0,0,no
D000159,"MAHENDRA AGENCIES",9449645229,,"KUNDAPURA",M.S Shrikanta,Y,0,,0,N,0,,D,"",,"",,"",,,,,,,,0,,,,,KARNATAKA,0,0,,0,,,,0,2000-00-00,2000-00-00,2000-00-00,,,,,0,0,no
,"Mahesh Enterprises",,,"SOLAPUR",Hemant S Shinde,N,0,,0,N,0,,D,"",,"",,"",,,,,,,,0,,,,,MAHARASHTRA,0,0,,0,,,,0,0000-00-00,0000-00-00,0000-00-00,,,,,0,0,
D000666,"MAHI SOLAR",7611819118,,"Bassi",Devendra Kr.Tripathi,Y,0,,0,N,0,,D,"",,"",,"",,,,,,,,0,,,,,RAJASTHAN,0,0,,0,,,,0,0000-00-00,0000-00-00,0000-00-00,,,,,0,0,
D000118,"MALIK IRRIGATION SYSTEM",9991885813,,"BHIWANI",Ajay Kr Yadav,Y,0,,0,N,0,,D,"",,"",,"",,,,,,,,0,,,,,HARYANA,0,0,,0,,,,0,0000-00-00,0000-00-00,0000-00-00,,,,,0,0,
D000118,"MALIK IRRIGATION SYSTEM",9991885813,,"BHIWANI",Kiranpal Singh,Y,0,,0,N,0,,D,"",,"",,"",,,,,,,,0,,,,,HARYANA,0,0,,0,,,,0,0000-00-00,0000-00-00,0000-00-00,,,,,0,0,
NE005520200506132318,"MALIK IRRIGATION SYSTEM",9991885813,,"NORANGABASS",Kiranpal Singh,Y,0,,0,N,0,,R,"",,"NORANGABASS",,"",,,,,,,,0,,,,,HARAYANA,0,0,,0,,,,0,2000-00-00,2000-00-00,2000-00-00,,,,127310,0,0,no
,"MALJE IRRIGATION",,,"SARDARSAHAR",A.K Sharma,Y,0,,0,N,0,,D,"",,"",,"",,,,,,,,0,,,,,RAJASTHAN,0,0,,0,,,,0,2000-00-00,2000-00-00,2000-00-00,,,,,0,0,
,"Malji Irrigation",,,"",A.K Sharma,Y,0,,0,N,0,,D,"",,"",,"",,,,,,,,0,,,,,RAJASTHAN,0,0,,0,,,,0,0000-00-00,0000-00-00,0000-00-00,,,,,0,0,
D000668,"MAMLODA IRON STORE",9602069218,,"SRI MADHOPUR",A.K Sharma,Y,0,,0,N,0,,D,"",,"",,"",,,,,,,,0,,,,,RAJASTHAN,0,0,,0,,,,0,0000-00-00,0000-00-00,0000-00-00,,,,,0,0,
,"MANGAL SALES",7469235747,,"HINDAUN CITY",Devendra Kr.Tripathi,Y,0,,0,N,0,,D,"",,"",,"",,,,,,,,0,,,,,RAJASTHAN,0,0,,0,,,,0,2000-00-00,2000-00-00,2000-00-00,,,,,0,0,
D000134,"MANI RAM",9817533214,,"BALI CHOWKI",Anil Guleria,N,0,,0,N,0,,D,"",,"",,"",,,,,,,,0,,,,,HIMACHAL PRADESH,0,0,,0,,,,0,0000-00-00,0000-00-00,0000-00-00,,,,,0,0,no
,"Manish Agro Agency,Badnapur",,,"JALANA",Hemant S Shinde,N,0,,0,N,0,,D,"",,"",,"",,,,,,,,0,,,,,MAHARASHTRA,0,0,,0,,,,0,0000-00-00,0000-00-00,0000-00-00,,,,,0,0,
D000670,"MANISH MACHINERY STORE",9414036574,,"SRI MADHOPUR",Vivek Kumar,N,0,,0,N,0,,D,"",,"",,"",,,,,,,,0,,,,,RAJASTHAN,0,0,,0,,,,0,0000-00-00,0000-00-00,0000-00-00,,,,,0,0,
,"MANISH MACHINERY STORE",9414036574,,"THOI",Vivek Kumar,Y,0,,0,N,0,,D,"",,"",,"",,,,,,,,0,,,,,RAJASTHAN,0,0,,0,,,,0,0000-00-00,0000-00-00,0000-00-00,,,,,0,0,
D000671,"MANJEET & COMPANY",9414664858,,"SALASAR BUS STAND",A.K Sharma,Y,0,,0,N,0,,D,"",,"",,"",,,,,,,,0,,,,,RAJASTHAN,0,0,,0,,,,0,0000-00-00,0000-00-00,0000-00-00,,,,,0,0,
,"MANJEET ENTERPRISES",9992393159,,"RAM NAGAR",Kiranpal Singh,Y,0,,0,N,0,,D,"",,"",,"",,,,,,,,0,,,,,HARYANA,0,0,,0,,,,0,2000-00-00,2000-00-00,2000-00-00,,,,,0,0,
NE010720191121155545,"MANJEET ENTERPRISES",9992393159,,"GHASALA",Ramesh Kr.Verma,N,0,,0,N,0,,D,"",,"",,"",,,,,,,,0,,,,,HARYANA,0,0,,0,,,,0,0000-00-00,0000-00-00,0000-00-00,,,,,0,0,
,"Manjeet Machineries Stores",,,"Kala Peepal",Sumit Kr Gupta,Y,0,,0,N,0,,D,"",,"",,"",,,,,,,,0,,,,,MADHYA PRADESH,0,0,,0,,,,0,0000-00-00,0000-00-00,0000-00-00,,,,,0,0,
D000095,"MANJIT ENTERPRISES",9813207689,,"GHASALA",Ramesh Kr.Verma,Y,0,,0,N,0,,D,"",,"",,"",,,,,,,,0,,,,,HARYANA,0,0,,0,,,,0,0000-00-00,0000-00-00,0000-00-00,,,,,0,0,no
D000120,"MANJUSHREE AGROTECH",9816277591,,"SECTOR 5",Anil Guleria,N,0,,0,N,0,,D,"",,"",,"",,,,,,,,0,,,,,HIMACHAL PRADESH,0,0,,0,,,,0,0000-00-00,0000-00-00,0000-00-00,,,,,0,0,no
D000672,"MANOJ AGRICULTURE STORE",9680372698,,"MANDAWAR",Devendra Kr.Tripathi,Y,0,,0,N,0,,D,"",,"",,"",,,,,,,,0,,,,,RAJASTHAN,0,0,,0,,,,0,0000-00-00,0000-00-00,0000-00-00,,,,,0,0,
D000673,"MANOJ ELECTRICALS WORKS",9309062408,,"Ramgarh",Devendra Kr.Tripathi,Y,0,,0,N,0,,D,"",,"",,"",,,,,,,,0,,,,,RAJASTHAN,0,0,,0,,,,0,0000-00-00,0000-00-00,0000-00-00,,,,,0,0,
D000013,"MANSHWINI DRIP IRRIGATION",9000138595,,"LINGALA, MANDAL",M.Ayub Sait,Y,0,,0,N,0,,D,"",,"",,"",,,,,,,,0,,,,,ANDHRA PRADESH,0,0,,0,,,,0,0000-00-00,0000-00-00,0000-00-00,,,,,0,0,no
D000013,"MANSHWINI DRIP IRRIGATION",9000138595,,"LINGALA MANDAL",M.Ayub Sait,Y,0,,0,N,0,,D,"",,"",,"",,,,,,,,0,,,,,ANDHRA PRADESH,0,0,,0,,,,0,2000-00-00,2000-00-00,2000-00-00,,,,,0,0,no
,"MANSI AGRO SERVICE ,TAKA",,,"LATUR",Hemant S Shinde,N,0,,0,N,0,,D,"",,"",,"",,,,,,,,0,,,,,MAHARASHTRA,0,0,,0,,,,0,0000-00-00,0000-00-00,0000-00-00,,,,,0,0,
,"Maratha Krushi Seva Kendra -Malegaon",,,"Washim",Hemant S Shinde,N,0,,0,N,0,,D,"",,"",,"",,,,,,,,0,,,,,MAHARASHTRA,0,0,,0,,,,0,0000-00-00,0000-00-00,0000-00-00,,,,,0,0,
D000861,"MARIMUTHU TRADE CENTRE",9655336543,,"VALLAM",,N,0,,0,N,0,,D,"",,"",,"",,,,,,,,0,,,,,Tamil Nadu,0,0,,0,,,,0,2000-00-00,2000-00-00,2000-00-00,,,,,0,0,
D000861,"MARIMUTHU TRADE CENTRE",9655336543,,"VALLAM",,Y,0,,0,N,0,,D,"",,"",,"",,,,,,,,0,,,,,Tamil Nadu,0,0,,0,,,,0,2000-00-00,2000-00-00,2000-00-00,,,,,0,0,
D000861,"MARIMUTHU TRADE CENTRE",9655336543,,"VALLAM",PRAKASH.K,N,0,,0,N,0,,D,"",,"",,"",,,,,,,,0,,,,,Tamil Nadu,0,0,,0,,,,0,2000-00-00,2000-00-00,2000-00-00,,,,,0,0,
D000861,"MARIMUTHU TRADE CENTRE",9655336543,,"VALLAM",,Y,0,,0,N,0,,D,"",,"",,"",,,,,,,,0,,,,,Tamil Nadu,0,0,,0,,,,0,2000-00-00,2000-00-00,2000-00-00,,,,,0,0,
,"MARIMUTHU TRADE CENTRE",9655336543,,"THANJAVUR",,N,0,,0,N,0,,D,"",,"",,"",,,,,,,,0,,,,,TAMIL NADU,0,0,,0,,,,0,0000-00-00,0000-00-00,0000-00-00,,,,,0,0,
,"MARIMUTHU TRADE CENTRE",9655336543,,"THANJAVUR",,N,0,,0,N,0,,D,"",,"",,"",,,,,,,,0,,,,,TAMIL NADU,0,0,,0,,,,0,0000-00-00,0000-00-00,0000-00-00,,,,,0,0,
D000675,"MARUDHAR AGENCIES",9460322091,,"PALSANA",A.K Sharma,Y,0,,0,N,0,,D,"",,"",,"",,,,,,,,0,,,,,RAJASTHAN,0,0,,0,,,,0,0000-00-00,0000-00-00,0000-00-00,,,,,0,0,
D000674,"MARUDHAR POLYMERS",9799405609,,"KUCHERA",Praveen Sharma,Y,0,,0,N,0,,D,"",,"",,"",,,,,,,,0,,,,,RAJASTHAN,0,0,,0,,,,0,0000-00-00,0000-00-00,0000-00-00,,,,,0,0,
D000674,"MARUDHAR POLYMERS",9799405609,,"KUCHERA",Aditya Rathi,Y,0,,0,N,0,,D,"",,"",,"",,,,,,,,0,,,,,RAJASTHAN,0,0,,0,,,,0,0000-00-00,0000-00-00,0000-00-00,,,,,0,0,
D000677,"MATESHWARI AGRO AGENCY-SPK",9460532719,,"TIWARI",Praveen Sharma,Y,0,,0,N,0,,D,"",,"",,"",,,,,,,,0,,,,,RAJASTHAN,0,0,,0,,,,0,0000-00-00,0000-00-00,0000-00-00,,,,,0,0,
D000677,"MATESHWARI AGRO AGENCY-SPK",9460532719,,"TIWARI",Aditya Rathi,Y,0,,0,N,0,,D,"",,"",,"",,,,,,,,0,,,,,RAJASTHAN,0,0,,0,,,,0,0000-00-00,0000-00-00,0000-00-00,,,,,0,0,
,"Mauli Kurshi Seva Kendra",,,"Akola",Gopal C Rathod,Y,0,,0,N,0,,D,"",,"",,"",,,,,,,,0,,,,,MAHARASHTRA,0,0,,0,,,,0,2000-00-00,2000-00-00,2000-00-00,,,,,0,0,
,"Mauli Machinery Stores (Parbhani)",,,"PARBHANI",Hemant S Shinde,N,0,,0,N,0,,D,"",,"",,"",,,,,,,,0,,,,,MAHARASHTRA,0,0,,0,,,,0,0000-00-00,0000-00-00,0000-00-00,,,,,0,0,
D000115,"MAYA MICRO IRRIGATION CO",9253878127,,"HODAL",Kiranpal Singh,Y,0,,0,N,0,,D,"",,"",,"",,,,,,,,0,,,,,HARYANA,0,0,,0,,,,0,0000-00-00,0000-00-00,0000-00-00,,,,,0,0,no
D000081,"MEHRAB TYRES",9813703115,,"NEAR POWER HOUSE",Ramesh Kr.Verma,Y,0,,0,N,0,,D,"",,"",,"",,,,,,,,0,,,,,HARYANA,0,0,,0,,,,0,0000-00-00,0000-00-00,0000-00-00,,,,,0,0,no
D000170,"MEHTA AGRO SALES",9826304567,,"NARSULLAGANJ",Sumit Kr Gupta,Y,0,,0,N,0,,D,"",,"",,"",,,,,,,,0,,,,,MADHYA PRADESH,0,0,,0,,,,0,2000-00-00,2000-00-00,2000-00-00,,,,,0,0,no
,"MEHTA IRRIGATION SYSTEM",9812320841,,"",Sushil Kumar,Y,0,,0,N,0,,D,"",,"",,"",,,,,,,,0,,,,,HARAYANA,0,0,,0,,,,0,0000-00-00,0000-00-00,0000-00-00,,,,,0,0,
,"Milap Enterprises",,,"NASHIK",Hemant S Shinde,N,0,,0,N,0,,D,"",,"",,"",,,,,,,,0,,,,,MAHARASHTRA,0,0,,0,,,,0,0000-00-00,0000-00-00,0000-00-00,,,,,0,0,
,"Mirani Krushi Seva Kendra (WAYGAON)",,,"",Gopal C Rathod,N,0,,0,N,0,,D,"",,"",,"",,,,,,,,0,,,,,MAHARASHTRA,0,0,,0,,,,0,2000-00-00,2000-00-00,2000-00-00,,,,,0,0,
,"Mirani Krushi Seva Kendra (WAYGAON)",,,"",Hemant S Shinde,N,0,,0,N,0,,D,"",,"",,"",,,,,,,,0,,,,,MAHARASHTRA,0,0,,0,,,,0,2000-00-00,2000-00-00,2000-00-00,,,,,0,0,
,"Mirani Krushi Seva Kendra (WAYGAON)",,,"Akola",Gopal C Rathod,N,0,,0,N,0,,D,"",,"",,"",,,,,,,,0,,,,,MAHARASHTRA,0,0,,0,,,,0,2000-00-00,2000-00-00,2000-00-00,,,,,0,0,
,"Mirani Krushi Seva Kendra (WAYGAON)",,,"WARDHA",Hemant S Shinde,Y,0,,0,N,0,,D,"",,"",,"",,,,,,,,0,,,,,MAHARASHTRA,0,0,,0,,,,0,2000-00-00,2000-00-00,2000-00-00,,,,,0,0,
NE003720191121114021,"MISHRA ELECTRICALS",9799994942,,"Bassi",Devendra Kr.Tripathi,Y,0,,0,N,0,,D,"",,"",,"",,,,,,,,0,,,,,RAJASTHAN,0,0,,0,,,,0,0000-00-00,0000-00-00,0000-00-00,,,,,0,0,
,"MITHAS ENTERPRISES",9688660033,,"THIRUCHENGODE",Santhosh,Y,0,,0,N,0,,D,"",,"",,"",,,,,,,,0,,,,,TAMIL NADU,0,0,,0,,,,0,0000-00-00,0000-00-00,0000-00-00,,,,637205,0,0,no
D000108,"MITTAL IRRIGATION",9728141000,,"HISAR RAJGARH ROAD",Ajay Kr Yadav,Y,0,,0,N,0,,D,"",,"",,"",,,,,,,,0,,,,,HARYANA,0,0,,0,,,,0,0000-00-00,0000-00-00,0000-00-00,,,,,0,0,no
D000108,"MITTAL IRRIGATION",9728141000,,"SIWANI",Ramesh Kr.Verma,Y,0,,0,N,0,,Dealer,"",,"",,"",,,,,,,,0,,,,,HARYANA,0,0,,0,,,,0,2000-00-00,2000-00-00,2000-00-00,,,,,0,0,
,"MODERN AGRI SOLUTION",,,"MATHURA",Praveer Kr Dixit,N,0,,0,N,0,,D,"",,"",,"",,,,,,,,0,,,,,UP,0,0,,0,,,,0,0000-00-00,0000-00-00,0000-00-00,,,,,0,0,
,"MODERN AGRI SOLUTION",,,"MATHURA",Shivkant,Y,0,,0,N,0,,D,"",,"",,"",,,,,,,,0,,,,,UP,0,0,,0,,,,0,0000-00-00,0000-00-00,0000-00-00,,,,,0,0,
NE003720201223123607,"MODERN IRRIGATION",9414189230,,"KOTA",Devendra Kr.Tripathi,Y,0,,0,N,0,,R,"",,"F-376 BHAMASHAH MANDI KOTA",2490200,"",,,,,,,,0,,,,,RAJASTHAN,0,0,,0,,,,0,2000-00-00,2000-00-00,2000-00-00,,,,324005,0,0,no
,"Modi Auto Parts",,,"Maltohne",Sunil Awadhwal,Y,0,,0,N,0,,D,"",,"",,"",,,,,,,,0,,,,,MADHYA PRADESH,0,0,,0,,,,0,0000-00-00,0000-00-00,0000-00-00,,,,,0,0,no
,"MOHAN AGENCIES",9659041305,,"DHARMAPURI",,N,0,,0,N,0,,D,"",,"",,"",,,,,,,,0,,,,,TAMIL NADU,0,0,,0,,,,0,0000-00-00,0000-00-00,0000-00-00,,,,,0,0,
,"MOHAN AGENCIES",9659041305,,"DHARMAPURI",RAMKUMAR.N,N,0,,0,N,0,,D,"",,"",,"",,,,,,,,0,,,,,TAMIL NADU,0,0,,0,,,,0,0000-00-00,0000-00-00,0000-00-00,,,,,0,0,
,"MOHAN AGENCIES",9659041305,,"DHARMAPURI",,N,0,,0,N,0,,D,"",,"",,"",,,,,,,,0,,,,,TAMIL NADU,0,0,,0,,,,0,0000-00-00,0000-00-00,0000-00-00,,,,,0,0,
,"MOHAN AGENCY",6379420530,,"MATHUR",RAMKUMAR.N,Y,0,,0,N,0,,D,"",,"",,"",,,,,,,,0,,,,,TAMIL NADU,0,0,,0,,,,0,0000-00-00,0000-00-00,0000-00-00,,,,635201,0,0,no
D000678,"MOHAN AGRO SUPPLIERS",9772751509,,"RAYALA",Surya Bhan Singh Bhati,Y,0,,0,N,0,,D,"",,"",,"",,,,,,,,0,,,,,RAJASTHAN,0,0,,0,,,,0,0000-00-00,0000-00-00,0000-00-00,,,,,0,0,
,"MOHIT AGRO AGENCY (GIROD)",,,"DHULE",Hemant S Shinde,N,0,,0,N,0,,D,"",,"",,"",,,,,,,,0,,,,,MAHARASHTRA,0,0,,0,,,,0,0000-00-00,0000-00-00,0000-00-00,,,,,0,0,
,"Monika Enterprises",9592578941,,"Jalandhar",Arvind Pathak,Y,0,,0,N,0,,D,"",,"",,"",,,,,,,,0,,,,,Punjab,0,0,,0,,,,0,2000-00-00,2000-00-00,2000-00-00,,,,,0,0,
,"Moongipa Enterprises",9416104027,,"Tosham",Ramesh Kr.Verma,Y,0,,0,N,0,,D,"",,"",,"",,,,,,,,0,,,,,HARYANA,0,0,,0,,,,0,2000-00-00,2000-00-00,2000-00-00,,,,,0,0,
,"Moongipa Enterprises",9416104027,,"Tosham",Amarjeet Yadav,Y,0,,0,N,0,,D,"",,"",,"",,,,,,,,0,,,,,HARYANA,0,0,,0,,,,0,2000-00-00,2000-00-00,2000-00-00,,,,,0,0,
,"MP AGRO SERVICES",9944597160,,"SALEM",SELVAKUMAR.M-2,N,0,,0,N,0,,D,"",,"",,"",,,,,,,,0,,,,,TAMIL NADU,0,0,,0,,,,0,0000-00-00,0000-00-00,0000-00-00,,,,,0,0,
,"MP AGRO SERVICES",9944597160,,"OMALUR",SAKTHIVEL.P,Y,0,,0,N,0,,D,"",,"",,"",,,,,,,,0,,,,,TAMIL NADU,0,0,,0,,,,0,0000-00-00,0000-00-00,0000-00-00,,,,636351,0,0,no
D000843,"MSM AGENCIES",9952441310,,"RADHAPURAM (TK)",,N,0,,0,N,0,,D,"",,"",,"",,,,,,,,0,,,,,Tamil Nadu,0,0,,0,,,,0,2000-00-00,2000-00-00,2000-00-00,,,,,0,0,
D000843,"MSM AGENCIES",9952441310,,"RADHAPURAM (TK)",,Y,0,,0,N,0,,D,"",,"",,"",,,,,,,,0,,,,,Tamil Nadu,0,0,,0,,,,0,2000-00-00,2000-00-00,2000-00-00,,,,,0,0,
D000843,"MSM AGENCIES",9952441310,,"RADHAPURAM (TK)",PRAKASH.K,N,0,,0,N,0,,D,"",,"",,"",,,,,,,,0,,,,,Tamil Nadu,0,0,,0,,,,0,2000-00-00,2000-00-00,2000-00-00,,,,,0,0,
D000843,"MSM AGENCIES",9952441310,,"RADHAPURAM (TK)",,Y,0,,0,N,0,,D,"",,"",,"",,,,,,,,0,,,,,Tamil Nadu,0,0,,0,,,,0,2000-00-00,2000-00-00,2000-00-00,,,,,0,0,
,"MSM AGENCIES",9952441310,,"TIRUNELVELI",,N,0,,0,N,0,,D,"",,"",,"",,,,,,,,0,,,,,TAMIL NADU,0,0,,0,,,,0,0000-00-00,0000-00-00,0000-00-00,,,,,0,0,
,"MSM AGENCIES",9952441310,,"TIRUNELVELI",,N,0,,0,N,0,,D,"",,"",,"",,,,,,,,0,,,,,TAMIL NADU,0,0,,0,,,,0,0000-00-00,0000-00-00,0000-00-00,,,,,0,0,
D000676,"MUKESH ENTERPRISES",9928423589,,"CHAKSU",Devendra Kr.Tripathi,Y,0,,0,N,0,,D,"",,"",,"",,,,,,,,0,,,,,RAJASTHAN,0,0,,0,,,,0,0000-00-00,0000-00-00,0000-00-00,,,,,0,0,
,"Mukesh Enterprises",,,"Ujjain",Anil Kr Vishwakarma,Y,0,,0,N,0,,D,"",,"",,"",,,,,,,,0,,,,,MADHYA PRADESH,0,0,,0,,,,0,0000-00-00,0000-00-00,0000-00-00,,,,,0,0,
D000851,"MURUGU FARMS",99769 53718,,"Kahja nagar,",,Y,0,,0,N,0,,D,"",,"",,"",,,,,,,,0,,,,,Tamil Nadu,0,0,,0,,,,0,0000-00-00,0000-00-00,0000-00-00,,,,,0,0,no
,"MURUGU FARMS",99769 53718,,"THIRUCHIRAPALLI",GANAVEL.S,N,0,,0,N,0,,D,"",,"",,"",,,,,,,,0,,,,,TAMIL NADU,0,0,,0,,,,0,0000-00-00,0000-00-00,0000-00-00,,,,,0,0,
D000851,"MURUGU FARMS",99769 53718,,"Kahja nagar",,N,0,,0,N,0,,D,"",,"",,"",,,,,,,,0,,,,,Tamil Nadu,0,0,,0,,,,0,2000-00-00,2000-00-00,2000-00-00,,,,,0,0,
D000851,"MURUGU FARMS",99769 53718,,"Kahja nagar",,N,0,,0,N,0,,D,"",,"",,"",,,,,,,,0,,,,,Tamil Nadu,0,0,,0,,,,0,2000-00-00,2000-00-00,2000-00-00,,,,,0,0,
,"MUSHRAF TRADING COMPNAY (JAVALA PANCHAL)",,,"HINGOLI",Hemant S Shinde,N,0,,0,N,0,,D,"",,"",,"",,,,,,,,0,,,,,MAHARASHTRA,0,0,,0,,,,0,0000-00-00,0000-00-00,0000-00-00,,,,,0,0,
D000912,"MUSKAN TRADERS",9026320111,,"AGRA",Praveer Kr Dixit,Y,0,,0,N,0,,D,"",,"",,"",,,,,,,,0,,,,,UP,0,0,,0,,,,0,2000-00-00,2000-00-00,2000-00-00,,,,,0,0,
D000912,"MUSKAN TRADERS",9026320111,,"AGRA",Vivek Kumar,N,0,,0,N,0,,D,"",,"",,"",,,,,,,,0,,,,,UP,0,0,,0,,,,0,2000-00-00,2000-00-00,2000-00-00,,,,,0,0,
,"N K AGRI DEVELOP & SERVICES",968888126,,"MORAPPUR",RAMKUMAR.N,Y,0,,0,N,0,,D,"",,"",,"",,,,,,,,0,,,,,TAMIL NADU,0,0,,0,,,,0,0000-00-00,0000-00-00,0000-00-00,,,,636809,0,0,no
D000087,"N. S. IRRIGATION",,,"Tosham",Ramesh Kr.Verma,Y,0,,0,N,0,,D,"",,"",,"",,,,,,,,0,,,,,HARYANA,0,0,,0,,,,0,0000-00-00,0000-00-00,0000-00-00,,,,,0,0,no
D000472,"NABIN UNIFIED SOLUTION",7008094189,,"G.B.-1,TALSANKARA",Ashok Kr Nayak,Y,0,,0,N,0,,D,"",,"",,"",,,,,,,,0,,,,,ODISHA,0,0,,0,,,,0,0000-00-00,0000-00-00,0000-00-00,,,,,0,0,no
D000472,"NABIN UNIFIED SOLUTION",7008094189,,"G.B.-1TALSANKARA",Ashok Kr Nayak,N,0,,0,N,0,,D,"",,"",,"",,,,,,,,0,,,,,ODISHA,0,0,,0,,,,0,0000-00-00,0000-00-00,0000-00-00,,,,,0,0,no
D000868,"NAGAMMAI AGRO TRADERS",9994142736,,"andaan kovil post ,",,Y,0,,0,N,0,,D,"",,"",,"",,,,,,,,0,,,,,Tamil Nadu,0,0,,0,,,,0,0000-00-00,0000-00-00,0000-00-00,,,,,0,0,no
,"Nagammai Agro Traders",9994142736,,"KARUR",,N,0,,0,N,0,,D,"",,"",,"",,,,,,,,0,,,,,TAMIL NADU,0,0,,0,,,,0,0000-00-00,0000-00-00,0000-00-00,,,,,0,0,
,"Nagammai Agro Traders",9994142736,,"KARUR",,N,0,,0,N,0,,D,"",,"",,"",,,,,,,,0,,,,,TAMIL NADU,0,0,,0,,,,0,0000-00-00,0000-00-00,0000-00-00,,,,,0,0,
D000868,"NAGAMMAI AGRO TRADERS",9994142736,,"andaan kovil post",,N,0,,0,N,0,,D,"",,"",,"",,,,,,,,0,,,,,Tamil Nadu,0,0,,0,,,,0,2000-00-00,2000-00-00,2000-00-00,,,,,0,0,
D000868,"NAGAMMAI AGRO TRADERS",9994142736,,"andaan kovil post",PRAKASH.K,N,0,,0,N,0,,D,"",,"",,"",,,,,,,,0,,,,,Tamil Nadu,0,0,,0,,,,0,2000-00-00,2000-00-00,2000-00-00,,,,,0,0,
D000868,"NAGAMMAI AGRO TRADERS",9994142736,,"andaan kovil post",,N,0,,0,N,0,,D,"",,"",,"",,,,,,,,0,,,,,Tamil Nadu,0,0,,0,,,,0,2000-00-00,2000-00-00,2000-00-00,,,,,0,0,
D000680,"NAGANARAY ENTERPRISES",,,"POKRAN",Praveen Sharma,Y,0,,0,N,0,,D,"",,"",,"",,,,,,,,0,,,,,RAJASTHAN,0,0,,0,,,,0,0000-00-00,0000-00-00,0000-00-00,,,,,0,0,
D000680,"NAGANARAY ENTERPRISES",,,"POKRAN",Aditya Rathi,Y,0,,0,N,0,,D,"",,"",,"",,,,,,,,0,,,,,RAJASTHAN,0,0,,0,,,,0,0000-00-00,0000-00-00,0000-00-00,,,,,0,0,
D000681,"NAGANECHY TRADING COMPANY",9928586906,,"GUDAMALANI",Praveen Sharma,Y,0,,0,N,0,,D,"",,"",,"",,,,,,,,0,,,,,RAJASTHAN,0,0,,0,,,,0,0000-00-00,0000-00-00,0000-00-00,,,,,0,0,
D000681,"NAGANECHY TRADING COMPANY",9928586906,,"GUDAMALANI",Aditya Rathi,Y,0,,0,N,0,,D,"",,"",,"",,,,,,,,0,,,,,RAJASTHAN,0,0,,0,,,,0,0000-00-00,0000-00-00,0000-00-00,,,,,0,0,
D000473,"NAGEN KUMAR BISWAL",9437279491,,"OLD TOWN, BHUBANESWAR-2",Ajaya Kr Behera,Y,0,,0,N,0,,D,"",,"",,"",,,,,,,,0,,,,,ODISHA,0,0,,0,,,,0,0000-00-00,0000-00-00,0000-00-00,,,,,0,0,no
D000473,"NAGEN KUMAR BISWAL",9437279491,,"OLD TOWN BHUBANESWAR-2",Ajaya Kr Behera,N,0,,0,N,0,,D,"",,"",,"",,,,,,,,0,,,,,ODISHA,0,0,,0,,,,0,0000-00-00,0000-00-00,0000-00-00,,,,,0,0,no
,"NAGOUR KRISHI YANTRALAYA",,,"NAGAUR",A.K Sharma,Y,0,,0,N,0,,D,"",,"",,"",,,,,,,,0,,,,,RAJASTHAN,0,0,,0,,,,0,2000-00-00,2000-00-00,2000-00-00,,,,,0,0,
D000682,"NAKODA MACHINERY",9414750991,,"MG ROAD",Surya Bhan Singh Bhati,Y,0,,0,N,0,,D,"",,"",,"",,,,,,,,0,,,,,RAJASTHAN,0,0,,0,,,,0,0000-00-00,0000-00-00,0000-00-00,,,,,0,0,
,"NANDAI THIBAK & KRUSHI KENDRA (JALGAON)",,,"JALGAON",Hemant S Shinde,N,0,,0,N,0,,D,"",,"",,"",,,,,,,,0,,,,,MAHARASHTRA,0,0,,0,,,,0,0000-00-00,0000-00-00,0000-00-00,,,,,0,0,
,"NANDHI AGRI TECH",9787545577,,"MUSAGOUNDENKOTTAI",KUMARESAN.B,Y,0,,0,N,0,,D,"",,"",,"",,,,,,,,0,,,,,TAMIL NADU,0,0,,0,,,,0,0000-00-00,0000-00-00,0000-00-00,,,,636803,0,0,no
D000096,"NARESH ENTERPRISES",8053491444,,"KURHAWATA",Ramesh Kr.Verma,N,0,,0,N,0,,D,"",,"",,"",,,,,,,,0,,,,,HARYANA,0,0,,0,,,,0,0000-00-00,0000-00-00,0000-00-00,,,,,0,0,
D000096,"NARESH ENTERPRISES",8053491444,,"Mahendergarh",Amarjeet Yadav,Y,0,,0,N,0,,D,"",,"",,"",,,,,,,,0,,,,,HARYANA,0,0,,0,,,,0,0000-00-00,0000-00-00,0000-00-00,,,,,0,0,
D000096,"NARESH ENTERPRISES",8053491444,,"Mahendergarh",Sanjay Kr Sharma,Y,0,,0,N,0,,D,"",,"",,"",,,,,,,,0,,,,,HARYANA,0,0,,0,,,,0,0000-00-00,0000-00-00,0000-00-00,,,,,0,0,
NE019220200520134152,"NARESH ENTERPRISES",9416606444,,"SATNALI MAHENDERGARH ROAD KHATODRA.",Sanjay Kr Sharma,Y,0,,0,N,0,,R,"",,"VIL KHATODRA MAHENDERGARH",,"",,,,,,,,0,,,,,HARYANA,0,0,,0,,,,0,2000-00-00,2000-00-00,2000-00-00,,,,123029,0,0,no
NE025420201202123347,"NARESH KUMAR",9116548855,,"BARAGAON",Nagendra Kumar,Y,0,,0,N,0,,R,"",,"KESHRIPURA TEH. UDEPURWATI JHUNJHUNU",,"",,,,,,,,0,,,,,RAJASTHAN,0,0,,0,,,,0,2000-00-00,2000-00-00,2000-00-00,,,,333021,0,0,no
,"Natraj Drip Irrigation",,,"A NAGAR",Hemant S Shinde,N,0,,0,N,0,,D,"",,"",,"",,,,,,,,0,,,,,MAHARASHTRA,0,0,,0,,,,0,0000-00-00,0000-00-00,0000-00-00,,,,,0,0,
D000139,"NAVJYOTI IRRIGATION",,,"BARSAR",Anil Guleria,N,0,,0,N,0,,D,"",,"",,"",,,,,,,,0,,,,,HIMACHAL PRADESH,0,0,,0,,,,0,0000-00-00,0000-00-00,0000-00-00,,,,,0,0,no
,"Nayadaur Krishak Sansthan LLP",,,"Sultanpur- Mau",Praveer Kr Dixit,Y,0,,0,N,0,,D,"",,"",,"",,,,,,,,0,,,,,UP,0,0,,0,,,,0,2000-00-00,2000-00-00,2000-00-00,,,,,0,0,
,"NCS GREEN EARTH",,,"NAGPUR",Hemant S Shinde,Y,0,,0,N,0,,D,"",,"",,"",,,,,,,,0,,,,,MAHARASHTRA,0,0,,0,,,,0,0000-00-00,0000-00-00,0000-00-00,,,,,0,0,
D000683,"NEHA IRRIGATION",9413567119,,"JHALAWAR",A.K Sharma,Y,0,,0,N,0,,D,"",,"",,"",,,,,,,,0,,,,,RAJASTHAN,0,0,,0,,,,0,0000-00-00,0000-00-00,0000-00-00,,,,,0,0,
D000896,"NEW ANNAMALAI",9976351272,,"PAPPARAPADDI",,N,0,,0,N,0,,D,"",,"",,"",,,,,,,,0,,,,,Tamil Nadu,0,0,,0,,,,0,2000-00-00,2000-00-00,2000-00-00,,,,,0,0,
D000896,"NEW ANNAMALAI",9976351272,,"PAPPARAPADDI",,N,0,,0,N,0,,D,"",,"",,"",,,,,,,,0,,,,,Tamil Nadu,0,0,,0,,,,0,2000-00-00,2000-00-00,2000-00-00,,,,,0,0,
,"NEW ANNAMALAI AGENCIES",9976351272,,"DHARMAPURI",,N,0,,0,N,0,,D,"",,"",,"",,,,,,,,0,,,,,TAMIL NADU,0,0,,0,,,,0,0000-00-00,0000-00-00,0000-00-00,,,,,0,0,
,"NEW ANNAMALAI AGENCIES",9976351272,,"DHARMAPURI",KUMARESAN.B,N,0,,0,N,0,,D,"",,"",,"",,,,,,,,0,,,,,TAMIL NADU,0,0,,0,,,,0,0000-00-00,0000-00-00,0000-00-00,,,,,0,0,
,"NEW ANNAMALAI AGENCIES",9976351272,,"DHARMAPURI",,N,0,,0,N,0,,D,"",,"",,"",,,,,,,,0,,,,,TAMIL NADU,0,0,,0,,,,0,0000-00-00,0000-00-00,0000-00-00,,,,,0,0,
,"NEW ANNAMALAI AGENCIES",9976351272,,"PAPPARAPADDI",KUMARESAN.B,Y,0,,0,N,0,,D,"",,"",,"",,,,,,,,0,,,,,TAMIL NADU,0,0,,0,,,,0,0000-00-00,0000-00-00,0000-00-00,,,,636809,0,0,no
D000876,"NEW ANNAMALAI ENTERPRISES",76397 71609,,"Pochampalli Taluk,",,Y,0,,0,N,0,,D,"",,"",,"",,,,,,,,0,,,,,Tamil Nadu,0,0,,0,,,,0,0000-00-00,0000-00-00,0000-00-00,,,,,0,0,no
D000876,"NEW ANNAMALAI ENTERPRISES",76397 71609,,"Pochampalli Taluk",,N,0,,0,N,0,,D,"",,"",,"",,,,,,,,0,,,,,Tamil Nadu,0,0,,0,,,,0,2000-00-00,2000-00-00,2000-00-00,,,,,0,0,
D000876,"NEW ANNAMALAI ENTERPRISES",76397 71609,,"Pochampalli Taluk",,N,0,,0,N,0,,D,"",,"",,"",,,,,,,,0,,,,,Tamil Nadu,0,0,,0,,,,0,2000-00-00,2000-00-00,2000-00-00,,,,,0,0,
,"New Devba Hardware & Electrical",,,"",Hemant S Shinde,Y,0,,0,N,0,,D,"",,"",,"",,,,,,,,0,,,,,MAHARASHTRA,0,0,,0,,,,0,0000-00-00,0000-00-00,0000-00-00,,,,,0,0,
,"New Devba Hardware & Electrical",,,"Akola",Gopal C Rathod,Y,0,,0,N,0,,D,"",,"",,"",,,,,,,,0,,,,,MAHARASHTRA,0,0,,0,,,,0,2000-00-00,2000-00-00,2000-00-00,,,,,0,0,
,"New Harit Kranti Krishi Seva Kendra",,,"NASHIK",Hemant S Shinde,N,0,,0,N,0,,D,"",,"",,"",,,,,,,,0,,,,,MAHARASHTRA,0,0,,0,,,,0,0000-00-00,0000-00-00,0000-00-00,,,,,0,0,
,"NEW MANSOORI MACHINERY STORE",,,"BANDA",Md. Rahid,Y,0,,0,N,0,,D,"",,"",,"",,,,,,,,0,,,,,UP,0,0,,0,,,,0,0000-00-00,0000-00-00,0000-00-00,,,,,0,0,
D000169,"NEW RAGHURAJ KRISHI KENDRA",7000455171,,"BURHANPUR",Sumit Kr Gupta,Y,0,,0,N,0,,D,"",,"",,"",,,,,,,,0,,,,,MADHYA PRADESH,0,0,,0,,,,0,2000-00-00,2000-00-00,2000-00-00,,,,,0,0,no
NE010720190926155740,"NICE IRRIGATION",9812025043,,"ATELI",Ramesh Kr.Verma,Y,0,,0,N,0,,R,"",,"RWR ATELI",,"",,,,,,,,0,,,,,HARYANA,0,0,,0,,,,0,0000-00-00,0000-00-00,0000-00-00,,,,,0,0,
,"Nikhil Sales",,,"DHULE",Hemant S Shinde,N,0,,0,N,0,,D,"",,"",,"",,,,,,,,0,,,,,MAHARASHTRA,0,0,,0,,,,0,0000-00-00,0000-00-00,0000-00-00,,,,,0,0,
,"NILKANTHESHWAR KRUSHI KENDRA",,,"HINGOLI",Hemant S Shinde,N,0,,0,N,0,,D,"",,"",,"",,,,,,,,0,,,,,MAHARASHTRA,0,0,,0,,,,0,0000-00-00,0000-00-00,0000-00-00,,,,,0,0,
,"Nishechan Incorporation",,,"",Sanjay Kr Singh,Y,0,,0,N,0,,D,"",,"",,"",,,,,,,,0,,,,,,0,0,,0,,,,0,0000-00-00,0000-00-00,0000-00-00,,,,,0,0,
,"Nishechan Incorporation",,,"Ranchi",Sanjay Kr Singh,Y,0,,0,N,0,,D,"",,"",,"",,,,,,,,0,,,,,,0,0,,0,,,,0,0000-00-00,0000-00-00,0000-00-00,,,,,0,0,
,"NR INTERRATION FARMING SYSTEM",7904804200,,"SIRUVALAI VILLAGE",,N,0,,0,N,0,,D,"",,"",,"",,,,,,,,0,,,,,TAMIL NADU,0,0,,0,,,,0,0000-00-00,0000-00-00,0000-00-00,,,,605402,0,0,no
,"NR INTERRATION FARMING SYSTEM",7904804200,,"SIRUVALAI VILLAGE",,Y,0,,0,N,0,,D,"",,"",,"",,,,,,,,0,,,,,TAMIL NADU,0,0,,0,,,,0,0000-00-00,0000-00-00,0000-00-00,,,,605402,0,0,no
,"NR INTERRATION FARMING SYSTEM",7904804200,,"SIRUVALAI VILLAGE",SARANRAJ.P,N,0,,0,N,0,,D,"",,"",,"",,,,,,,,0,,,,,TAMIL NADU,0,0,,0,,,,0,0000-00-00,0000-00-00,0000-00-00,,,,605402,0,0,no
,"NR INTERRATION FARMING SYSTEM",7904804200,,"SIRUVALAI VILLAGE",Sivakumar. S,Y,0,,0,N,0,,D,"",,"",,"",,,,,,,,0,,,,,TAMIL NADU,0,0,,0,,,,0,0000-00-00,0000-00-00,0000-00-00,,,,605402,0,0,no
,"NR INTERRATION FARMING SYSTEM",7904804200,,"SIRUVALAI VILLAGE",,Y,0,,0,N,0,,D,"",,"",,"",,,,,,,,0,,,,,TAMIL NADU,0,0,,0,,,,0,0000-00-00,0000-00-00,0000-00-00,,,,605402,0,0,no
,"NR INTERRATION FARMING SYSTEM",7904804200,,"VILLUPURAM",,N,0,,0,N,0,,D,"",,"",,"",,,,,,,,0,,,,,TAMIL NADU,0,0,,0,,,,0,0000-00-00,0000-00-00,0000-00-00,,,,,0,0,
,"NR INTERRATION FARMING SYSTEM",7904804200,,"VILLUPURAM",,N,0,,0,N,0,,D,"",,"",,"",,,,,,,,0,,,,,TAMIL NADU,0,0,,0,,,,0,0000-00-00,0000-00-00,0000-00-00,,,,,0,0,
,"NVR TRADERS",,,"CHINNASELAM",Parthiban,Y,0,,0,N,0,,D,"",,"",,"",,,,,,,,0,,,,,TAMIL NADU,0,0,,0,,,,0,0000-00-00,0000-00-00,0000-00-00,,,,,0,0,no
D000881,"OCEAN AGRO SERVICE",9787685462,,"OMIPER VILLAGE, TINDIVANAM TALUK,",,Y,0,,0,N,0,,D,"",,"",,"",,,,,,,,0,,,,,Tamil Nadu,0,0,,0,,,,0,0000-00-00,0000-00-00,0000-00-00,,,,,0,0,no
,"OCEAN AGRO SERVICE",9787685462,,"VILLUPURAM",,N,0,,0,N,0,,D,"",,"",,"",,,,,,,,0,,,,,TAMIL NADU,0,0,,0,,,,0,0000-00-00,0000-00-00,0000-00-00,,,,,0,0,
,"OCEAN AGRO SERVICE",9787685462,,"VILLUPURAM",,N,0,,0,N,0,,D,"",,"",,"",,,,,,,,0,,,,,TAMIL NADU,0,0,,0,,,,0,0000-00-00,0000-00-00,0000-00-00,,,,,0,0,
D000881,"OCEAN AGRO SERVICE",9787685462,,"OMIPER VILLAGE TINDIVANAM TALUK",,N,0,,0,N,0,,D,"",,"",,"",,,,,,,,0,,,,,Tamil Nadu,0,0,,0,,,,0,2000-00-00,2000-00-00,2000-00-00,,,,,0,0,
D000881,"OCEAN AGRO SERVICE",9787685462,,"OMIPER VILLAGE TINDIVANAM TALUK",VENKATARAMAN.P,N,0,,0,N,0,,D,"",,"",,"",,,,,,,,0,,,,,Tamil Nadu,0,0,,0,,,,0,2000-00-00,2000-00-00,2000-00-00,,,,,0,0,
D000881,"OCEAN AGRO SERVICE",9787685462,,"OMIPER VILLAGE TINDIVANAM TALUK",,N,0,,0,N,0,,D,"",,"",,"",,,,,,,,0,,,,,Tamil Nadu,0,0,,0,,,,0,2000-00-00,2000-00-00,2000-00-00,,,,,0,0,
,"Office Visit",,,"Ranchi",Abhijeet Saha,Y,0,,0,N,0,,D,"",,"",,"",,,,,,,,0,,,,,JHARKHAND,0,0,,0,,,,0,2000-00-00,2000-00-00,2000-00-00,,,,,0,0,
,"Office Visit",,,"Ranchi",Anup Kumar,Y,0,,0,N,0,,D,"",,"",,"",,,,,,,,0,,,,,JHARKHAND,0,0,,0,,,,0,2000-00-00,2000-00-00,2000-00-00,,,,,0,0,
,"Office Visit",,,"Ranchi",Hemant Kr Mahto,Y,0,,0,N,0,,D,"",,"",,"",,,,,,,,0,,,,,JHARKHAND,0,0,,0,,,,0,2000-00-00,2000-00-00,2000-00-00,,,,,0,0,
,"Office Visit",,,"Ranchi",Krishna C Premee,Y,0,,0,N,0,,D,"",,"",,"",,,,,,,,0,,,,,JHARKHAND,0,0,,0,,,,0,2000-00-00,2000-00-00,2000-00-00,,,,,0,0,
,"Office Visit",,,"Ranchi",Ravikant Sharma,Y,0,,0,N,0,,D,"",,"",,"",,,,,,,,0,,,,,JHARKHAND,0,0,,0,,,,0,2000-00-00,2000-00-00,2000-00-00,,,,,0,0,
,"Office Visit",,,"Ranchi",Sanjay Kr Singh,Y,0,,0,N,0,,D,"",,"",,"",,,,,,,,0,,,,,JHARKHAND,0,0,,0,,,,0,2000-00-00,2000-00-00,2000-00-00,,,,,0,0,
,"Office Visit",,,"Lohardaga (JHK)",Dhiraj Kr.Singh,Y,0,,0,N,0,,D,"",,"",,"",,,,,,,,0,,,,,JHARKHAND,0,0,,0,,,,0,2000-00-00,2000-00-00,2000-00-00,,,,,0,0,
,"OFFICE VISIT - AGRI/HORTI",,,"DISTRICT HEAD QUARTERS",AJITH KUMAR,Y,0,,0,N,0,,R,"",,"",,"",,,,,,,,0,,,,,TAMIL NADU,0,0,,0,,,,0,2000-00-00,2000-00-00,2000-00-00,,,,,0,0,no
,"OFFICE VISIT - AGRI/HORTI",,,"DISTRICT HEAD QUARTERS",GANAVEL.S,Y,0,,0,N,0,,R,"",,"",,"",,,,,,,,0,,,,,TAMIL NADU,0,0,,0,,,,0,2000-00-00,2000-00-00,2000-00-00,,,,,0,0,no
,"OFFICE VISIT - AGRI/HORTI",,,"DISTRICT HEAD QUARTERS",INBARAJ.A,Y,0,,0,N,0,,R,"",,"",,"",,,,,,,,0,,,,,TAMIL NADU,0,0,,0,,,,0,2000-00-00,2000-00-00,2000-00-00,,,,,0,0,no
,"OFFICE VISIT - AGRI/HORTI",,,"DISTRICT HEAD QUARTERS",KUMARESAN.B,Y,0,,0,N,0,,R,"",,"",,"",,,,,,,,0,,,,,TAMIL NADU,0,0,,0,,,,0,2000-00-00,2000-00-00,2000-00-00,,,,,0,0,no
,"OFFICE VISIT - AGRI/HORTI",,,"DISTRICT HEAD QUARTERS",MANIKANDAN.M,Y,0,,0,N,0,,R,"",,"",,"",,,,,,,,0,,,,,TAMIL NADU,0,0,,0,,,,0,2000-00-00,2000-00-00,2000-00-00,,,,,0,0,no
,"OFFICE VISIT - AGRI/HORTI",,,"DISTRICT HEAD QUARTERS",MUTHUSELVAN.P,Y,0,,0,N,0,,R,"",,"",,"",,,,,,,,0,,,,,TAMIL NADU,0,0,,0,,,,0,2000-00-00,2000-00-00,2000-00-00,,,,,0,0,no
,"OFFICE VISIT - AGRI/HORTI",,,"DISTRICT HEAD QUARTERS",PRAKASH.K,Y,0,,0,N,0,,R,"",,"",,"",,,,,,,,0,,,,,TAMIL NADU,0,0,,0,,,,0,2000-00-00,2000-00-00,2000-00-00,,,,,0,0,no
,"OFFICE VISIT - AGRI/HORTI",,,"DISTRICT HEAD QUARTERS",RAMKUMAR.N,Y,0,,0,N,0,,R,"",,"",,"",,,,,,,,0,,,,,TAMIL NADU,0,0,,0,,,,0,2000-00-00,2000-00-00,2000-00-00,,,,,0,0,no
,"OFFICE VISIT - AGRI/HORTI",,,"DISTRICT HEAD QUARTERS",SAKTHIVEL.P,Y,0,,0,N,0,,R,"",,"",,"",,,,,,,,0,,,,,TAMIL NADU,0,0,,0,,,,0,2000-00-00,2000-00-00,2000-00-00,,,,,0,0,no
,"OFFICE VISIT - AGRI/HORTI",,,"DISTRICT HEAD QUARTERS",SARANRAJ.P,Y,0,,0,N,0,,R,"",,"",,"",,,,,,,,0,,,,,TAMIL NADU,0,0,,0,,,,0,2000-00-00,2000-00-00,2000-00-00,,,,,0,0,no
,"OFFICE VISIT - AGRI/HORTI",,,"DISTRICT HEAD QUARTERS",SASIKUMAR.S,Y,0,,0,N,0,,R,"",,"",,"",,,,,,,,0,,,,,TAMIL NADU,0,0,,0,,,,0,2000-00-00,2000-00-00,2000-00-00,,,,,0,0,no
,"OFFICE VISIT - AGRI/HORTI",,,"DISTRICT HEAD QUARTERS",SELVAKUMAR.M-1,Y,0,,0,N,0,,R,"",,"",,"",,,,,,,,0,,,,,TAMIL NADU,0,0,,0,,,,0,2000-00-00,2000-00-00,2000-00-00,,,,,0,0,no
,"OFFICE VISIT - AGRI/HORTI",,,"DISTRICT HEAD QUARTERS",SELVAKUMAR.M-2,Y,0,,0,N,0,,R,"",,"",,"",,,,,,,,0,,,,,TAMIL NADU,0,0,,0,,,,0,2000-00-00,2000-00-00,2000-00-00,,,,,0,0,no
,"OFFICE VISIT - AGRI/HORTI",,,"DISTRICT HEAD QUARTERS",SENTHILKUMAR.L,Y,0,,0,N,0,,R,"",,"",,"",,,,,,,,0,,,,,TAMIL NADU,0,0,,0,,,,0,2000-00-00,2000-00-00,2000-00-00,,,,,0,0,no
,"OFFICE VISIT - AGRI/HORTI",,,"DISTRICT HEAD QUARTERS",SENTHILMURUGAN.N,Y,0,,0,N,0,,R,"",,"",,"",,,,,,,,0,,,,,TAMIL NADU,0,0,,0,,,,0,2000-00-00,2000-00-00,2000-00-00,,,,,0,0,no
,"OFFICE VISIT - AGRI/HORTI",,,"DISTRICT HEAD QUARTERS",SUBARASU.A,Y,0,,0,N,0,,R,"",,"",,"",,,,,,,,0,,,,,TAMIL NADU,0,0,,0,,,,0,2000-00-00,2000-00-00,2000-00-00,,,,,0,0,no
,"OFFICE VISIT - AGRI/HORTI",,,"DISTRICT HEAD QUARTERS",VENKATARAMAN.P,Y,0,,0,N,0,,R,"",,"",,"",,,,,,,,0,,,,,TAMIL NADU,0,0,,0,,,,0,2000-00-00,2000-00-00,2000-00-00,,,,,0,0,no
,"OFFICE VISIT - AGRI/HORTI",,,"DISTRICT HEAD QUARTERS",Vijay.E,Y,0,,0,N,0,,R,"",,"",,"",,,,,,,,0,,,,,TAMIL NADU,0,0,,0,,,,0,2000-00-00,2000-00-00,2000-00-00,,,,,0,0,no
,"OFFICE VISIT - AGRI/HORTI",,,"DISTRICT HEAD QUARTERS",VILFREDROY.A,Y,0,,0,N,0,,R,"",,"",,"",,,,,,,,0,,,,,TAMIL NADU,0,0,,0,,,,0,2000-00-00,2000-00-00,2000-00-00,,,,,0,0,no
,"OFFICE VISIT - AGRI/HORTI",,,"DISTRICT HEAD QUARTERS",MANOJ KUMAR RAI,Y,0,,0,N,0,,R,"",,"",,"",,,,,,,,0,,,,,TAMIL NADU,0,0,,0,,,,0,2000-00-00,2000-00-00,2000-00-00,,,,,0,0,no
,"OFFICE VISIT - AGRI/HORTI",,,"DISTRICT HEAD QUARTERS",Arivalagan,Y,0,,0,N,0,,R,"",,"",,"",,,,,,,,0,,,,,TAMIL NADU,0,0,,0,,,,0,2000-00-00,2000-00-00,2000-00-00,,,,,0,0,no
,"OFFICE VISIT - AGRI/HORTI",,,"DISTRICT HEAD QUARTERS",Saravanan .L,Y,0,,0,N,0,,R,"",,"",,"",,,,,,,,0,,,,,TAMIL NADU,0,0,,0,,,,0,2000-00-00,2000-00-00,2000-00-00,,,,,0,0,no
,"OFFICE VISIT - AGRI/HORTI",,,"DISTRICT HEAD QUARTERS",Vadivelan,Y,0,,0,N,0,,R,"",,"",,"",,,,,,,,0,,,,,TAMIL NADU,0,0,,0,,,,0,2000-00-00,2000-00-00,2000-00-00,,,,,0,0,no
,"OFFICE VISIT - AGRI/HORTI",,,"DISTRICT HEAD QUARTERS",MANIKANDAN.D,Y,0,,0,N,0,,R,"",,"",,"",,,,,,,,0,,,,,TAMIL NADU,0,0,,0,,,,0,2000-00-00,2000-00-00,2000-00-00,,,,,0,0,no
,"OFFICE VISIT - AGRI/HORTI",,,"DISTRICT HEAD QUARTERS",ARJUNRAJA,Y,0,,0,N,0,,R,"",,"",,"",,,,,,,,0,,,,,TAMIL NADU,0,0,,0,,,,0,2000-00-00,2000-00-00,2000-00-00,,,,,0,0,no
,"OFFICE VISIT - AGRI/HORTI",,,"DISTRICT HEAD QUARTERS",KABILAN,Y,0,,0,N,0,,R,"",,"",,"",,,,,,,,0,,,,,TAMIL NADU,0,0,,0,,,,0,2000-00-00,2000-00-00,2000-00-00,,,,,0,0,no
,"OFFICE VISIT - AGRI/HORTI",,,"DISTRICT HEAD QUARTERS",SHENBAGARAJA,Y,0,,0,N,0,,R,"",,"",,"",,,,,,,,0,,,,,TAMIL NADU,0,0,,0,,,,0,2000-00-00,2000-00-00,2000-00-00,,,,,0,0,no
,"OFFICE VISIT - AGRI/HORTI",,,"DISTRICT HEAD QUARTERS",SELVARAJ,Y,0,,0,N,0,,R,"",,"",,"",,,,,,,,0,,,,,TAMIL NADU,0,0,,0,,,,0,2000-00-00,2000-00-00,2000-00-00,,,,,0,0,no
,"OFFICE VISIT - AGRI/HORTI",,,"DISTRICT HEAD QUARTERS",SIVASAMI,Y,0,,0,N,0,,R,"",,"",,"",,,,,,,,0,,,,,TAMIL NADU,0,0,,0,,,,0,2000-00-00,2000-00-00,2000-00-00,,,,,0,0,no
,"OFFICE VISIT - AGRI/HORTI",,,"DISTRICT HEAD QUARTERS",Parthiban,Y,0,,0,N,0,,R,"",,"",,"",,,,,,,,0,,,,,TAMIL NADU,0,0,,0,,,,0,2000-00-00,2000-00-00,2000-00-00,,,,,0,0,no
,"OFFICE VISIT - AGRI/HORTI",,,"DISTRICT HEAD QUARTERS",Lakshmigandhan,Y,0,,0,N,0,,R,"",,"",,"",,,,,,,,0,,,,,TAMIL NADU,0,0,,0,,,,0,2000-00-00,2000-00-00,2000-00-00,,,,,0,0,no
,"OFFICE VISIT - AGRI/HORTI",,,"DISTRICT HEAD QUARTERS",Santhosh,Y,0,,0,N,0,,R,"",,"",,"",,,,,,,,0,,,,,TAMIL NADU,0,0,,0,,,,0,2000-00-00,2000-00-00,2000-00-00,,,,,0,0,no
,"OFFICE VISIT - AGRI/HORTI",,,"DISTRICT HEAD QUARTERS",Venkatesh,Y,0,,0,N,0,,R,"",,"",,"",,,,,,,,0,,,,,TAMIL NADU,0,0,,0,,,,0,2000-00-00,2000-00-00,2000-00-00,,,,,0,0,no
,"OFFICE VISIT - AGRI/HORTI",,,"DISTRICT HEAD QUARTERS",Kirubagaran,Y,0,,0,N,0,,R,"",,"",,"",,,,,,,,0,,,,,TAMIL NADU,0,0,,0,,,,0,2000-00-00,2000-00-00,2000-00-00,,,,,0,0,no
,"OFFICE VISIT - AGRI/HORTI",,,"DISTRICT HEAD QUARTERS",JAYAPAL,Y,0,,0,N,0,,R,"",,"",,"",,,,,,,,0,,,,,TAMIL NADU,0,0,,0,,,,0,2000-00-00,2000-00-00,2000-00-00,,,,,0,0,no
,"OFFICE VISIT - AGRI/HORTI",,,"DISTRICT HEAD QUARTERS",Selvapandian,Y,0,,0,N,0,,R,"",,"",,"",,,,,,,,0,,,,,TAMIL NADU,0,0,,0,,,,0,2000-00-00,2000-00-00,2000-00-00,,,,,0,0,no
,"OFFICE VISIT - AGRI/HORTI",,,"DISTRICT HEAD QUARTERS",Jayapal. G,Y,0,,0,N,0,,R,"",,"",,"",,,,,,,,0,,,,,TAMIL NADU,0,0,,0,,,,0,2000-00-00,2000-00-00,2000-00-00,,,,,0,0,no
,"OFFICE VISIT - AGRI/HORTI",,,"DISTRICT HEAD QUARTERS",Arvinth.R,Y,0,,0,N,0,,R,"",,"",,"",,,,,,,,0,,,,,TAMIL NADU,0,0,,0,,,,0,2000-00-00,2000-00-00,2000-00-00,,,,,0,0,no
,"OFFICE VISIT - AGRI/HORTI",,,"DISTRICT HEAD QUARTERS",Jayabal. J,Y,0,,0,N,0,,R,"",,"",,"",,,,,,,,0,,,,,TAMIL NADU,0,0,,0,,,,0,2000-00-00,2000-00-00,2000-00-00,,,,,0,0,no
,"OFFICE VISIT - AGRI/HORTI",,,"DISTRICT HEAD QUARTERS",Thirumurugan.K,Y,0,,0,N,0,,R,"",,"",,"",,,,,,,,0,,,,,TAMIL NADU,0,0,,0,,,,0,2000-00-00,2000-00-00,2000-00-00,,,,,0,0,no
,"OFFICE VISIT - AGRI/HORTI",,,"DISTRICT HEAD QUARTERS",Baskaran.M,Y,0,,0,N,0,,R,"",,"",,"",,,,,,,,0,,,,,TAMIL NADU,0,0,,0,,,,0,2000-00-00,2000-00-00,2000-00-00,,,,,0,0,no
,"OFFICE VISIT - AGRI/HORTI",,,"DISTRICT HEAD QUARTERS",Vignesh.M,Y,0,,0,N,0,,R,"",,"",,"",,,,,,,,0,,,,,TAMIL NADU,0,0,,0,,,,0,2000-00-00,2000-00-00,2000-00-00,,,,,0,0,no
,"OFFICE VISIT - AGRI/HORTI",,,"DISTRICT HEAD QUARTERS",Abilash.M,Y,0,,0,N,0,,R,"",,"",,"",,,,,,,,0,,,,,TAMIL NADU,0,0,,0,,,,0,2000-00-00,2000-00-00,2000-00-00,,,,,0,0,no
,"OFFICE VISIT - AGRI/HORTI",,,"DISTRICT HEAD QUARTERS",Sivakumar. S,Y,0,,0,N,0,,R,"",,"",,"",,,,,,,,0,,,,,TAMIL NADU,0,0,,0,,,,0,2000-00-00,2000-00-00,2000-00-00,,,,,0,0,no
,"OFFICE VISIT - AGRI/HORTI",,,"DISTRICT HEAD QUARTERS",Anbarasan.T,Y,0,,0,N,0,,R,"",,"",,"",,,,,,,,0,,,,,TAMIL NADU,0,0,,0,,,,0,2000-00-00,2000-00-00,2000-00-00,,,,,0,0,no
,"OFFICE VISIT - AGRI/HORTI",,,"DISTRICT HEAD QUARTERS",ESWARAN.M,Y,0,,0,N,0,,R,"",,"",,"",,,,,,,,0,,,,,TAMIL NADU,0,0,,0,,,,0,2000-00-00,2000-00-00,2000-00-00,,,,,0,0,no
,"OFFICE VISIT - AGRI/HORTI",,,"DISTRICT HEAD QUARTERS",MANIKANDAN.G,Y,0,,0,N,0,,R,"",,"",,"",,,,,,,,0,,,,,TAMIL NADU,0,0,,0,,,,0,2000-00-00,2000-00-00,2000-00-00,,,,,0,0,no
,"OFFICE VISIT - AGRI/HORTI",,,"DISTRICT HEAD QUARTERS",PONMANI.K,Y,0,,0,N,0,,R,"",,"",,"",,,,,,,,0,,,,,TAMIL NADU,0,0,,0,,,,0,2000-00-00,2000-00-00,2000-00-00,,,,,0,0,no
,"OFFICE VISIT - AGRI/HORTI",,,"DISTRICT HEAD QUARTERS",RAHUNATH.S,Y,0,,0,N,0,,R,"",,"",,"",,,,,,,,0,,,,,TAMIL NADU,0,0,,0,,,,0,2000-00-00,2000-00-00,2000-00-00,,,,,0,0,no
,"OFFICE VISIT - AGRI/HORTI",,,"DISTRICT HEAD QUARTERS",KARUPPASAMY.M,Y,0,,0,N,0,,R,"",,"",,"",,,,,,,,0,,,,,TAMIL NADU,0,0,,0,,,,0,2000-00-00,2000-00-00,2000-00-00,,,,,0,0,no
,"OM AGRO  (JALGAON)",,,"JALGAON",Hemant S Shinde,N,0,,0,N,0,,D,"",,"",,"",,,,,,,,0,,,,,MAHARASHTRA,0,0,,0,,,,0,0000-00-00,0000-00-00,0000-00-00,,,,,0,0,
,"Om Agro Agencies",,,"HINGOLI",Hemant S Shinde,N,0,,0,N,0,,D,"",,"",,"",,,,,,,,0,,,,,MAHARASHTRA,0,0,,0,,,,0,0000-00-00,0000-00-00,0000-00-00,,,,,0,0,
,"Om Agro Agency, Bhopla",,,"LATUR",Hemant S Shinde,N,0,,0,N,0,,D,"",,"",,"",,,,,,,,0,,,,,MAHARASHTRA,0,0,,0,,,,0,0000-00-00,0000-00-00,0000-00-00,,,,,0,0,
D000686,"OM AGRO SALES",9214491000,,"JODHPUR",Praveen Sharma,Y,0,,0,N,0,,D,"",,"",,"",,,,,,,,0,,,,,RAJASTHAN,0,0,,0,,,,0,0000-00-00,0000-00-00,0000-00-00,,,,,0,0,
D000686,"OM AGRO SALES",9214491000,,"JODHPUR",Aditya Rathi,Y,0,,0,N,0,,D,"",,"",,"",,,,,,,,0,,,,,RAJASTHAN,0,0,,0,,,,0,0000-00-00,0000-00-00,0000-00-00,,,,,0,0,
NE003720191213100819,"OM ELECTRIC & MACH.STORE",9461951675,,"BEAWAR",Devendra Kr.Tripathi,Y,0,,0,N,0,,D,"",,"",,"",,,,,,,,0,,,,,RAJASTHAN,0,0,,0,,,,0,0000-00-00,0000-00-00,0000-00-00,,,,,26.1050518,74.3138482,
D000089,"OM IRRIGATION CO",9034700123,,"CHANDOLI",Ramesh Kr.Verma,Y,0,,0,N,0,,D,"",,"",,"",,,,,,,,0,,,,,HARYANA,0,0,,0,,,,0,0000-00-00,0000-00-00,0000-00-00,,,,,0,0,no
,"Om Sai Irrigation Co.",,,"Mahua",Praveer Kr Dixit,N,0,,0,N,0,,D,"",,"",,"",,,,,,,,0,,,,,Uttar Pradesh,0,0,,0,,,,0,2000-00-00,2000-00-00,2000-00-00,,,,,0,0,
,"Om Sai Irrigation Co.",,,"Mahoba",Pradeep Kumar,Y,0,,0,N,0,,D,"",,"",,"",,,,,,,,0,,,,,Uttar Pradesh,0,0,,0,,,,0,2000-00-00,2000-00-00,2000-00-00,,,,,0,0,
,"Om Sai Irrigation Co.",,,"Mahoba",Praveer Kr Dixit,Y,0,,0,N,0,,D,"",,"",,"",,,,,,,,0,,,,,Uttar Pradesh,0,0,,0,,,,0,2000-00-00,2000-00-00,2000-00-00,,,,,0,0,
,"Om Sai Irrigation(Pusad)",,,"",Hemant S Shinde,N,0,,0,N,0,,D,"",,"",,"",,,,,,,,0,,,,,MAHARASHTRA,0,0,,0,,,,0,2000-00-00,2000-00-00,2000-00-00,,,,,0,0,
,"Om Sai Krushi Seva Kendra",,,"NASHIK",Hemant S Shinde,N,0,,0,N,0,,D,"",,"",,"",,,,,,,,0,,,,,MAHARASHTRA,0,0,,0,,,,0,0000-00-00,0000-00-00,0000-00-00,,,,,0,0,
D000089,"Om Shri Irrigation",,,"Panipat",Amarjeet Yadav,Y,0,,0,N,0,,D,"",,"",,"",,,,,,,,0,,,,,HARYANA,0,0,,0,,,,0,2000-00-00,2000-00-00,2000-00-00,,,,,0,0,
,"Omkar Krupa Krusi Seva Kendra(Washim)",,,"",Hemant S Shinde,N,0,,0,N,0,,D,"",,"",,"",,,,,,,,0,,,,,MAHARASHTRA,0,0,,0,,,,0,0000-00-00,0000-00-00,0000-00-00,,,,,0,0,
,"Omkar Krupa Krusi Seva Kendra(Washim)",,,"Washim",Hemant S Shinde,Y,0,,0,N,0,,D,"",,"",,"",,,,,,,,0,,,,,MAHARASHTRA,0,0,,0,,,,0,2000-00-00,2000-00-00,2000-00-00,,,,,0,0,
,"Omkar Krushi Kendra (Wadgaon)",,,"HINGOLI",Hemant S Shinde,N,0,,0,N,0,,D,"",,"",,"",,,,,,,,0,,,,,MAHARASHTRA,0,0,,0,,,,0,0000-00-00,0000-00-00,0000-00-00,,,,,0,0,
,"OMKARESHWAR AGRO SERVICE (BELAPUR)",,,"NASHIK",Hemant S Shinde,N,0,,0,N,0,,D,"",,"",,"",,,,,,,,0,,,,,MAHARASHTRA,0,0,,0,,,,0,0000-00-00,0000-00-00,0000-00-00,,,,,0,0,
,"one",,,"Jaipur",Suman Saini,Y,0,,0,N,0,,D,"",,"",,"",,,,,,,,0,,,,,RAJASTHAN,0,0,,0,,,,0,0000-00-00,0000-00-00,0000-00-00,,,,,0,0,
,"ORGANIC WORLD",9790184246,,"AMBATHURAI",,N,0,,0,N,0,,D,"",,"",,"",,,,,,,,0,,,,,TAMIL NADU,0,0,,0,,,,0,0000-00-00,0000-00-00,0000-00-00,,,,624302,0,0,no
,"ORGANIC WORLD",9790184246,,"AMBATHURAI",,Y,0,,0,N,0,,D,"",,"",,"",,,,,,,,0,,,,,TAMIL NADU,0,0,,0,,,,0,0000-00-00,0000-00-00,0000-00-00,,,,624302,0,0,no
,"ORGANIC WORLD",9790184246,,"AMBATHURAI",SENTHILMURUGAN.N,N,0,,0,N,0,,D,"",,"",,"",,,,,,,,0,,,,,TAMIL NADU,0,0,,0,,,,0,0000-00-00,0000-00-00,0000-00-00,,,,624302,0,0,no
,"ORGANIC WORLD",9790184246,,"AMBATHURAI",VILFREDROY.A,Y,0,,0,N,0,,D,"",,"",,"",,,,,,,,0,,,,,TAMIL NADU,0,0,,0,,,,0,0000-00-00,0000-00-00,0000-00-00,,,,624302,0,0,no
,"ORGANIC WORLD",9790184246,,"AMBATHURAI",,Y,0,,0,N,0,,D,"",,"",,"",,,,,,,,0,,,,,TAMIL NADU,0,0,,0,,,,0,0000-00-00,0000-00-00,0000-00-00,,,,624302,0,0,no
,"ORGANIC WORLD",9790184246,,"DINDIGUL",,N,0,,0,N,0,,D,"",,"",,"",,,,,,,,0,,,,,TAMIL NADU,0,0,,0,,,,0,0000-00-00,0000-00-00,0000-00-00,,,,,0,0,
,"ORGANIC WORLD",9790184246,,"DINDIGUL",SENTHILMURUGAN.N,N,0,,0,N,0,,D,"",,"",,"",,,,,,,,0,,,,,TAMIL NADU,0,0,,0,,,,0,0000-00-00,0000-00-00,0000-00-00,,,,,0,0,
,"ORGANIC WORLD",9790184246,,"DINDIGUL",,N,0,,0,N,0,,D,"",,"",,"",,,,,,,,0,,,,,TAMIL NADU,0,0,,0,,,,0,0000-00-00,0000-00-00,0000-00-00,,,,,0,0,
D000136,"P & K ASSOCIATES",9625604556,,"SADAR",Anil Guleria,N,0,,0,N,0,,D,"",,"",,"",,,,,,,,0,,,,,HIMACHAL PRADESH,0,0,,0,,,,0,0000-00-00,0000-00-00,0000-00-00,,,,,0,0,no
D000838,"P.K.M TRADERS",9626751240,,"THIRUMALAI NAGAR",,N,0,,0,N,0,,D,"",,"",,"",,,,,,,,0,,,,,Tamil Nadu,0,0,,0,,,,0,2000-00-00,2000-00-00,2000-00-00,,,,,0,0,
D000838,"P.K.M TRADERS",9626751240,,"THIRUMALAI NAGAR",,Y,0,,0,N,0,,D,"",,"",,"",,,,,,,,0,,,,,Tamil Nadu,0,0,,0,,,,0,2000-00-00,2000-00-00,2000-00-00,,,,,0,0,
D000838,"P.K.M TRADERS",9626751240,,"THIRUMALAI NAGAR",SENTHILMURUGAN.N,N,0,,0,N,0,,D,"",,"",,"",,,,,,,,0,,,,,Tamil Nadu,0,0,,0,,,,0,2000-00-00,2000-00-00,2000-00-00,,,,,0,0,
D000838,"P.K.M TRADERS",9626751240,,"THIRUMALAI NAGAR",,Y,0,,0,N,0,,D,"",,"",,"",,,,,,,,0,,,,,Tamil Nadu,0,0,,0,,,,0,2000-00-00,2000-00-00,2000-00-00,,,,,0,0,
,"P.K.M TRADERS",9626751240,,"THENI",,N,0,,0,N,0,,D,"",,"",,"",,,,,,,,0,,,,,TAMIL NADU,0,0,,0,,,,0,0000-00-00,0000-00-00,0000-00-00,,,,,0,0,
,"P.K.M TRADERS",9626751240,,"THENI",,N,0,,0,N,0,,D,"",,"",,"",,,,,,,,0,,,,,TAMIL NADU,0,0,,0,,,,0,0000-00-00,0000-00-00,0000-00-00,,,,,0,0,
,"PACHAIYAMMAL IRRIGATION",7904938876,,"OTTAPALAYAM",KUMARESAN.B,Y,0,,0,N,0,,D,"",,"",,"",,,,,,,,0,,,,,TAMIL NADU,0,0,,0,,,,0,0000-00-00,0000-00-00,0000-00-00,,,,636809,0,0,no
D000157,"PADMAVATI IRRIGATORS",8884109590,,"YARNAL",M.S Shrikanta,Y,0,,0,N,0,,D,"",,"",,"",,,,,,,,0,,,,,KARNATAKA,0,0,,0,,,,0,2000-00-00,2000-00-00,2000-00-00,,,,,0,0,no
,"PAHARI MATA TRADING CO",9050931876,,"Mahendergarh",Sanjay Kr Sharma,Y,0,,0,N,0,,D,"",,"",,"",,,,,,,,0,,,,,HARYANA,0,0,,0,,,,0,2000-00-00,2000-00-00,2000-00-00,,,,,0,0,
NE003720210203140524,"PANKAJ HARDWARE",9571991180,,"PAWATA",Devendra Kr.Tripathi,Y,0,,0,N,0,,R,"",,"J.K.COMPLEX",,"",,,,,,,,,,,,,RAJASTHAN,0,0,,0,,,,0,0000-00-00,0000-00-00,0000-00-00,,,,303106,0,0,no
,"PAPLU AGRO",,,"JABALPUR",Sunil Awadhwal,Y,0,,0,N,0,,D,"",,"",,"",,,,,,,,0,,,,,MADHYA PRADESH,0,0,,0,,,,0,2000-00-00,2000-00-00,2000-00-00,,,,,0,0,
D000072,"PARAG TRADING COMPANY",9729883904,,"PATAUDI",Ramesh Kr.Verma,N,0,,0,N,0,,D,"",,"",,"",,,,,,,,0,,,,,HARYANA,0,0,,0,,,,0,0000-00-00,0000-00-00,0000-00-00,,,,,0,0,
D000072,"PARAG TRADING COMPANY",9729883904,,"Rewari",Amarjeet Yadav,Y,0,,0,N,0,,D,"",,"",,"",,,,,,,,0,,,,,HARYANA,0,0,,0,,,,0,0000-00-00,0000-00-00,0000-00-00,,,,,0,0,
D000690,"PARASRAM ENTERPRISES",9413380825,,"SAWAIMADHOPUR",Devendra Kr.Tripathi,Y,0,,0,N,0,,D,"",,"",,"",,,,,,,,0,,,,,RAJASTHAN,0,0,,0,,,,0,0000-00-00,0000-00-00,0000-00-00,,,,,0,0,
,"Parth Agro Agencies, Nandurbar",,,"NANDURBAR",Hemant S Shinde,N,0,,0,N,0,,D,"",,"",,"",,,,,,,,0,,,,,MAHARASHTRA,0,0,,0,,,,0,0000-00-00,0000-00-00,0000-00-00,,,,,0,0,
D000844,"PARUTHI VIVASAYA ARVALAR KULU MOOVARAIVENDAN",9789584224,,"KEELUR, SRIVILIPUTHUR TALUK",,Y,0,,0,N,0,,D,"",,"",,"",,,,,,,,0,,,,,Tamil Nadu,0,0,,0,,,,0,0000-00-00,0000-00-00,0000-00-00,,,,,0,0,no
,"PARUTHI VIVASAYA ARVALAR KULU MOOVARAIVENDAN",9789584224,,"VIRUDHUNAGAR",,N,0,,0,N,0,,D,"",,"",,"",,,,,,,,0,,,,,TAMIL NADU,0,0,,0,,,,0,0000-00-00,0000-00-00,0000-00-00,,,,,0,0,
,"PARUTHI VIVASAYA ARVALAR KULU MOOVARAIVENDAN",9789584224,,"VIRUDHUNAGAR",SENTHILMURUGAN.N,N,0,,0,N,0,,D,"",,"",,"",,,,,,,,0,,,,,TAMIL NADU,0,0,,0,,,,0,0000-00-00,0000-00-00,0000-00-00,,,,,0,0,
,"PARUTHI VIVASAYA ARVALAR KULU MOOVARAIVENDAN",9789584224,,"VIRUDHUNAGAR",,N,0,,0,N,0,,D,"",,"",,"",,,,,,,,0,,,,,TAMIL NADU,0,0,,0,,,,0,0000-00-00,0000-00-00,0000-00-00,,,,,0,0,
D000844,"PARUTHI VIVASAYA ARVALAR KULU MOOVARAIVENDAN",9789584224,,"KEELUR SRIVILIPUTHUR TALUK",,N,0,,0,N,0,,D,"",,"",,"",,,,,,,,0,,,,,Tamil Nadu,0,0,,0,,,,0,2000-00-00,2000-00-00,2000-00-00,,,,,0,0,
D000844,"PARUTHI VIVASAYA ARVALAR KULU MOOVARAIVENDAN",9789584224,,"KEELUR SRIVILIPUTHUR TALUK",SENTHILMURUGAN.N,N,0,,0,N,0,,D,"",,"",,"",,,,,,,,0,,,,,Tamil Nadu,0,0,,0,,,,0,2000-00-00,2000-00-00,2000-00-00,,,,,0,0,
D000844,"PARUTHI VIVASAYA ARVALAR KULU MOOVARAIVENDAN",9789584224,,"KEELUR SRIVILIPUTHUR TALUK",,N,0,,0,N,0,,D,"",,"",,"",,,,,,,,0,,,,,Tamil Nadu,0,0,,0,,,,0,2000-00-00,2000-00-00,2000-00-00,,,,,0,0,
D000869,"PASUMAI IRRIGATION",9487986696,,"UTHANGARAI TALUK",,N,0,,0,N,0,,D,"",,"",,"",,,,,,,,0,,,,,Tamil Nadu,0,0,,0,,,,0,2000-00-00,2000-00-00,2000-00-00,,,,,0,0,
D000869,"PASUMAI IRRIGATION",9487986696,,"UTHANGARAI TALUK",,Y,0,,0,N,0,,D,"",,"",,"",,,,,,,,0,,,,,Tamil Nadu,0,0,,0,,,,0,2000-00-00,2000-00-00,2000-00-00,,,,,0,0,
D000869,"PASUMAI IRRIGATION",9487986696,,"UTHANGARAI TALUK",RAMKUMAR.N,N,0,,0,N,0,,D,"",,"",,"",,,,,,,,0,,,,,Tamil Nadu,0,0,,0,,,,0,2000-00-00,2000-00-00,2000-00-00,,,,,0,0,
D000869,"PASUMAI IRRIGATION",9487986696,,"UTHANGARAI TALUK",,Y,0,,0,N,0,,D,"",,"",,"",,,,,,,,0,,,,,Tamil Nadu,0,0,,0,,,,0,2000-00-00,2000-00-00,2000-00-00,,,,,0,0,
,"PASUMAI IRRIGATION",9487986696,,"KRISHNAGIRI",,N,0,,0,N,0,,D,"",,"",,"",,,,,,,,0,,,,,TAMIL NADU,0,0,,0,,,,0,0000-00-00,0000-00-00,0000-00-00,,,,,0,0,
,"PASUMAI IRRIGATION",9487986696,,"KRISHNAGIRI",,N,0,,0,N,0,,D,"",,"",,"",,,,,,,,0,,,,,TAMIL NADU,0,0,,0,,,,0,0000-00-00,0000-00-00,0000-00-00,,,,,0,0,
,"Patange Elecricals & Machinries, Kalamnuri",,,"HINGOLI",Hemant S Shinde,N,0,,0,N,0,,D,"",,"",,"",,,,,,,,0,,,,,MAHARASHTRA,0,0,,0,,,,0,0000-00-00,0000-00-00,0000-00-00,,,,,0,0,
D000689,"PATEL MACHINERIES",9610382478,,"OSHIYA VIHAR COLONY",Surya Bhan Singh Bhati,Y,0,,0,N,0,,D,"",,"",,"",,,,,,,,0,,,,,RAJASTHAN,0,0,,0,,,,0,0000-00-00,0000-00-00,0000-00-00,,,,,0,0,
NE013020191226123751,"PATEL MACHINERY",9610382476,,"PRATAPGARH",Surya Bhan Singh Bhati,Y,0,,0,N,0,,R,"",,"PRATAPGARH",,"",,,,,,,,0,,,,,RAJASTHAN,0,0,,0,,,,0,2000-00-00,2000-00-00,2000-00-00,,,,312605,24.037272,74.7805463,no
D000058,"PATHAK SALES CORPORTION",9896124379,,"UTTAM NAGAR, DELHI ROAD",Kiranpal Singh,Y,0,,0,N,0,,D,"",,"",,"",,,,,,,,0,,,,,HARYANA,0,0,,0,,,,0,0000-00-00,0000-00-00,0000-00-00,,,,,0,0,no
D000058,"PATHAK SALES CORPORTION",9416114832,,"UTTAM NAGAR DELHI ROAD",Kiranpal Singh,N,0,,0,N,0,,D,"",,"",,"",,,,,,,,0,,,,,HARYANA,0,0,,0,,,,0,2000-00-00,2000-00-00,2000-00-00,,,,,0,0,no
D000058,"PATHAK SALES CORPORTION",9416114832,,"UTTAM NAGAR DELHI ROAD",Sanjay Kr Sharma,Y,0,,0,N,0,,D,"",,"",,"",,,,,,,,0,,,,,HARYANA,0,0,,0,,,,0,2000-00-00,2000-00-00,2000-00-00,,,,,0,0,no
,"Pathak Traders",,,"Seoni",Sunil Awadhwal,Y,0,,0,N,0,,D,"",,"",,"",,,,,,,,0,,,,,MADHYA PRADESH,0,0,,0,,,,0,2000-00-00,2000-00-00,2000-00-00,,,,,0,0,
D000693,"PATIDAR  TRADERS",8290203427,,"BHAWANI MANDI",Lalit Kr Jain,Y,0,,0,N,0,,D,"",,"",,"",,,,,,,,0,,,,,RAJASTHAN,0,0,,0,,,,0,0000-00-00,0000-00-00,0000-00-00,,,,,0,0,
,"Patidar Electricals",,,"Mandsaur",Basant Lal Patidar,Y,0,,0,N,0,,D,"",,"",,"",,,,,,,,0,,,,,MADHYA PRADESH,0,0,,0,,,,0,2000-00-00,2000-00-00,2000-00-00,,,,,0,0,
,"Patidar Kisan Bazar",,,"Mandsaur",Anil Kr Vishwakarma,Y,0,,0,N,0,,D,"",,"",,"",,,,,,,,0,,,,,MADHYA PRADESH,0,0,,0,,,,0,2000-00-00,2000-00-00,2000-00-00,,,,,0,0,
,"Patil Krushi Sewa Kendar",,,"Washim",Hemant S Shinde,Y,0,,0,N,0,,D,"",,"",,"",,,,,,,,0,,,,,MAHARASHTRA,0,0,,0,,,,0,0000-00-00,0000-00-00,0000-00-00,,,,,0,0,
,"PAVISREE IRRIGATION",995236496,,"SALEM",SELVAKUMAR.M-2,N,0,,0,N,0,,D,"",,"",,"",,,,,,,,0,,,,,TAMIL NADU,0,0,,0,,,,0,0000-00-00,0000-00-00,0000-00-00,,,,,0,0,
,"PAVISREE IRRIGATION",9865977142,,"EDAPADI",SAKTHIVEL.P,Y,0,,0,N,0,,D,"",,"",,"",,,,,,,,0,,,,,TAMIL NADU,0,0,,0,,,,0,0000-00-00,0000-00-00,0000-00-00,,,,637101,0,0,no
,"Pawan Agro  Service",,,"DHULE",Hemant S Shinde,N,0,,0,N,0,,D,"",,"",,"",,,,,,,,0,,,,,MAHARASHTRA,0,0,,0,,,,0,0000-00-00,0000-00-00,0000-00-00,,,,,0,0,
D000692,"PAWAN FURNITURE UDYOG",9983362466,,"JHALAWAR",Vivek Kumar,N,0,,0,N,0,,D,"",,"",,"",,,,,,,,0,,,,,RAJASTHAN,0,0,,0,,,,0,0000-00-00,0000-00-00,0000-00-00,,,,,0,0,
,"PAWAN FURNITURE UDYOG",9983362466,,"BARA GAON",Vivek Kumar,Y,0,,0,N,0,,D,"",,"",,"",,,,,,,,0,,,,,RAJASTHAN,0,0,,0,,,,0,0000-00-00,0000-00-00,0000-00-00,,,,,0,0,
,"PAWAN IRRIGATION SERVICES  (JODMOHA)",,,"YAVATMAL",Hemant S Shinde,N,0,,0,N,0,,D,"",,"",,"",,,,,,,,0,,,,,MAHARASHTRA,0,0,,0,,,,0,0000-00-00,0000-00-00,0000-00-00,,,,,0,0,
,"Pilania Beej  Bhandar",9416385987,,"",Sanjay Kr Sharma,Y,0,,0,N,0,,D,"",,"",,"",,,,,,,,0,,,,,HARAYANA,0,0,,0,,,,0,0000-00-00,0000-00-00,0000-00-00,,,,,0,0,
D000696,"PIPE HOUSE",9351327928,,"STATION ROAD",Devendra Kr.Tripathi,Y,0,,0,N,0,,D,"",,"",,"",,,,,,,,0,,,,,RAJASTHAN,0,0,,0,,,,0,0000-00-00,0000-00-00,0000-00-00,,,,,0,0,
D000696,"PIPE HOUSE",9351327928,,"Jaipur",Devendra Kr.Tripathi,Y,0,,0,N,0,,D,"",,"",,"",,,,,,,,0,,,,,RAJASTHAN,0,0,,0,,,,0,0000-00-00,0000-00-00,0000-00-00,,,,,0,0,
D000697,"POONAM IRON & ELECTRICALS",9828699319,,"NAWALGARH",A.K Sharma,Y,0,,0,N,0,,D,"",,"",,"",,,,,,,,0,,,,,RAJASTHAN,0,0,,0,,,,0,0000-00-00,0000-00-00,0000-00-00,,,,,0,0,
D000469,"PRADHAN TRADERS",9778570016,,"NAYAPALLI, BHUBANESWAR",Ashok Kr Nayak,Y,0,,0,N,0,,D,"",,"",,"",,,,,,,,0,,,,,ODISHA,0,0,,0,,,,0,0000-00-00,0000-00-00,0000-00-00,,,,,0,0,no
D000469,"PRADHAN TRADERS",9778570016,,"NABRANG PUR",Ashok Kr Nayak,Y,0,,0,N,0,,D,"",,"",,"",,,,,,,,0,,,,,ODISHA,0,0,,0,,,,0,0000-00-00,0000-00-00,0000-00-00,,,,,0,0,no
D000469,"PRADHAN TRADERS",9778570016,,"NAYAPALLI BHUBANESWAR",Ashok Kr Nayak,Y,0,,0,N,0,,D,"",,"",,"",,,,,,,,0,,,,,ODISHA,0,0,,0,,,,0,2000-00-00,2000-00-00,2000-00-00,,,,,0,0,no
,"PRAGATI ENTERPRISES",,,"BAHRAICH",Yogesh Babu,Y,0,,0,N,0,,D,"",,"",,"",,,,,,,,0,,,,,UP,0,0,,0,,,,0,0000-00-00,0000-00-00,0000-00-00,,,,,0,0,
,"Pragati Krishi Kendra",,,"Narsinghpur",Sunil Awadhwal,Y,0,,0,N,0,,D,"",,"",,"",,,,,,,,0,,,,,MADHYA PRADESH,0,0,,0,,,,0,0000-00-00,0000-00-00,0000-00-00,,,,,0,0,
,"Prakash Trading Company",,,"Sihora",Sunil Awadhwal,Y,0,,0,N,0,,D,"",,"",,"",,,,,,,,0,,,,,MADHYA PRADESH,0,0,,0,,,,0,0000-00-00,0000-00-00,0000-00-00,,,,,0,0,
,"PRASANNA ENTERPRISES",9786903606,,"VILLUPURAM",,N,0,,0,N,0,,D,"",,"",,"",,,,,,,,0,,,,,TAMIL NADU,0,0,,0,,,,0,0000-00-00,0000-00-00,0000-00-00,,,,,0,0,
,"PRASANNA ENTERPRISES",9786903606,,"VILLUPURAM",SARANRAJ.P,N,0,,0,N,0,,D,"",,"",,"",,,,,,,,0,,,,,TAMIL NADU,0,0,,0,,,,0,0000-00-00,0000-00-00,0000-00-00,,,,,0,0,
,"PRASANNA ENTERPRISES",9786903606,,"VILLUPURAM",,N,0,,0,N,0,,D,"",,"",,"",,,,,,,,0,,,,,TAMIL NADU,0,0,,0,,,,0,0000-00-00,0000-00-00,0000-00-00,,,,,0,0,
,"PRASANNA ENTERPRISES",9786903606,,"VALLAM",Jayabal. J,Y,0,,0,N,0,,D,"",,"",,"",,,,,,,,0,,,,,TAMIL NADU,0,0,,0,,,,0,0000-00-00,0000-00-00,0000-00-00,,,,604206,0,0,no
,"Prashant Traders, Malegaon",,,"NASHIK",Hemant S Shinde,N,0,,0,N,0,,D,"",,"",,"",,,,,,,,0,,,,,MAHARASHTRA,0,0,,0,,,,0,0000-00-00,0000-00-00,0000-00-00,,,,,0,0,
,"Pratik Agro Agencies  & Machinery Stores",,,"LATUR",Hemant S Shinde,N,0,,0,N,0,,D,"",,"",,"",,,,,,,,0,,,,,MAHARASHTRA,0,0,,0,,,,0,0000-00-00,0000-00-00,0000-00-00,,,,,0,0,
,"Pratik Agro Agencyes KALAMB ROAD",,,"BEED",Hemant S Shinde,N,0,,0,N,0,,D,"",,"",,"",,,,,,,,0,,,,,MAHARASHTRA,0,0,,0,,,,0,0000-00-00,0000-00-00,0000-00-00,,,,,0,0,
D000135,"PRAVEEN SAINI",9218602935,,"BALH",Anil Guleria,N,0,,0,N,0,,D,"",,"",,"",,,,,,,,0,,,,,HIMACHAL PRADESH,0,0,,0,,,,0,0000-00-00,0000-00-00,0000-00-00,,,,,0,0,no
,"PREM AGRO SERVICE",9585030316,,"KANNAMANGALAM",VETRIVEL.T,Y,0,,0,N,0,,D,"",,"",,"",,,,,,,,0,,,,,TAMIL NADU,0,0,,0,,,,0,2000-00-00,2000-00-00,2000-00-00,,,,632311,0,0,no
NE021620200804085102,"PREM AGRO SERVICE",8122127843,,"TIRUVANNAMALAI -VELLORE",Selvapandian,N,0,,0,N,0,,R,"",,"VELLORE",,"",,,,,,,,0,,,,,TAMIL NADU,0,0,,0,,,,0,0000-00-00,0000-00-00,0000-00-00,,,,632002,0,0,no
D000173,"PRINCE TRADERS",,,"NR SUNBEEN SCHOOL",Sunil Awadhwal,N,0,,0,N,0,,D,"",,"",,"",,,,,,,,0,,,,,MADHYA PRADESH,0,0,,0,,,,0,0000-00-00,0000-00-00,0000-00-00,,,,,0,0,
D000173,"PRINCE TRADERS",,,"ANUPPUR",Sunil Awadhwal,Y,0,,0,N,0,,D,"",,"",,"",,,,,,,,0,,,,,MADHYA PRADESH,0,0,,0,,,,0,2000-00-00,2000-00-00,2000-00-00,,,,,0,0,
D000133,"PRITTAM CHAND BHARDWAJ",,,"BARSAR",Anil Guleria,N,0,,0,N,0,,D,"",,"",,"",,,,,,,,0,,,,,HIMACHAL PRADESH,0,0,,0,,,,0,0000-00-00,0000-00-00,0000-00-00,,,,,0,0,no
D000161,"PROMPT TECHCOM SERVICES PVT LTD",9731432968,,"K.H.M. BLOCK",M.S Shrikanta,Y,0,,0,N,0,,D,"",,"",,"",,,,,,,,0,,,,,KARNATAKA,0,0,,0,,,,0,2000-00-00,2000-00-00,2000-00-00,,,,,0,0,no
,"PUDHUMAI AGRI TECH",9444613523,,"SIRKAZHI",INBARAJ.A,Y,0,,0,N,0,,D,"",,"",,"",,,,,,,,0,,,,,TAMIL NADU,0,0,,0,,,,0,0000-00-00,0000-00-00,0000-00-00,,,,609110,0,0,no
,"PUDUMAI AGRI TECH",9444613523,,"NAGAPATTINAM",INBARAJ.A,N,0,,0,N,0,,D,"",,"",,"",,,,,,,,0,,,,,TAMIL NADU,0,0,,0,,,,0,0000-00-00,0000-00-00,0000-00-00,,,,,0,0,
,"Pujani Agrotech",,,"Khushi Nagar",Praveer Kr Dixit,Y,0,,0,N,0,,D,"",,"",,"",,,,,,,,0,,,,,Uttar Pradesh,0,0,,0,,,,0,2000-00-00,2000-00-00,2000-00-00,,,,,0,0,
,"Pushkar Agro Tech-Karanja",,,"Washim",Hemant S Shinde,N,0,,0,N,0,,D,"",,"",,"",,,,,,,,0,,,,,MAHARASHTRA,0,0,,0,,,,0,0000-00-00,0000-00-00,0000-00-00,,,,,0,0,
,"Pushkraj Agencies",,,"NANDED",Hemant S Shinde,N,0,,0,N,0,,D,"",,"",,"",,,,,,,,0,,,,,MAHARASHTRA,0,0,,0,,,,0,0000-00-00,0000-00-00,0000-00-00,,,,,0,0,
,"QAZI ENTERPRISES",,,"UMARIYA",Sunil Awadhwal,Y,0,,0,N,0,,D,"",,"",,"",,,,,,,,0,,,,,MADHYA PRADESH,0,0,,0,,,,0,2000-00-00,2000-00-00,2000-00-00,,,,,0,0,
D000891,"R- TECH SOLUTIONS",8668185560,,"PANDIYAN NAGAR VILLUPURAM",,N,0,,0,N,0,,D,"",,"",,"",,,,,,,,0,,,,,Tamil Nadu,0,0,,0,,,,0,2000-00-00,2000-00-00,2000-00-00,,,,,0,0,
D000891,"R- TECH SOLUTIONS",8668185560,,"PANDIYAN NAGAR VILLUPURAM",,Y,0,,0,N,0,,D,"",,"",,"",,,,,,,,0,,,,,Tamil Nadu,0,0,,0,,,,0,2000-00-00,2000-00-00,2000-00-00,,,,,0,0,
D000891,"R- TECH SOLUTIONS",8668185560,,"PANDIYAN NAGAR VILLUPURAM",SARANRAJ.P,N,0,,0,N,0,,D,"",,"",,"",,,,,,,,0,,,,,Tamil Nadu,0,0,,0,,,,0,2000-00-00,2000-00-00,2000-00-00,,,,,0,0,
D000891,"R- TECH SOLUTIONS",8668185560,,"PANDIYAN NAGAR VILLUPURAM",,Y,0,,0,N,0,,D,"",,"",,"",,,,,,,,0,,,,,Tamil Nadu,0,0,,0,,,,0,2000-00-00,2000-00-00,2000-00-00,,,,,0,0,
,"R- TECH SOLUTIONS",8668185560,,"VILLUPURAM",,N,0,,0,N,0,,D,"",,"",,"",,,,,,,,0,,,,,TAMIL NADU,0,0,,0,,,,0,0000-00-00,0000-00-00,0000-00-00,,,,,0,0,
,"R- TECH SOLUTIONS",8668185560,,"VILLUPURAM",,N,0,,0,N,0,,D,"",,"",,"",,,,,,,,0,,,,,TAMIL NADU,0,0,,0,,,,0,0000-00-00,0000-00-00,0000-00-00,,,,,0,0,
D000075,"R. K. HI-TECH AGRI SOLUTION",9992600603,,"SIRSA ROAD",Ramesh Kr.Verma,Y,0,,0,N,0,,D,"",,"",,"",,,,,,,,0,,,,,HARYANA,0,0,,0,,,,0,0000-00-00,0000-00-00,0000-00-00,,,,,0,0,no
,"R.K.TRADERS",8684085668,,"",Sushil Kumar,Y,0,,0,N,0,,D,"",,"",,"",,,,,,,,0,,,,,HARAYANA,0,0,,0,,,,0,0000-00-00,0000-00-00,0000-00-00,,,,,0,0,
,"RAASI AGRI INPUT CENTRE",8489184662,,"CHENGAM",,N,0,,0,N,0,,D,"",,"",,"",,,,,,,,0,,,,,TAMIL NADU,0,0,,0,,,,0,0000-00-00,0000-00-00,0000-00-00,,,,606701,0,0,no
,"RAASI AGRI INPUT CENTRE",8489184662,,"CHENGAM",,Y,0,,0,N,0,,D,"",,"",,"",,,,,,,,0,,,,,TAMIL NADU,0,0,,0,,,,0,0000-00-00,0000-00-00,0000-00-00,,,,606701,0,0,no
,"RAASI AGRI INPUT CENTRE",8489184662,,"CHENGAM",SANKAR.K,N,0,,0,N,0,,D,"",,"",,"",,,,,,,,0,,,,,TAMIL NADU,0,0,,0,,,,0,0000-00-00,0000-00-00,0000-00-00,,,,606701,0,0,no
,"RAASI AGRI INPUT CENTRE",8489184662,,"CHENGAM",Anbarasan.T,Y,0,,0,N,0,,D,"",,"",,"",,,,,,,,0,,,,,TAMIL NADU,0,0,,0,,,,0,0000-00-00,0000-00-00,0000-00-00,,,,606701,0,0,no
,"RAASI AGRI INPUT CENTRE",8489184662,,"CHENGAM",,Y,0,,0,N,0,,D,"",,"",,"",,,,,,,,0,,,,,TAMIL NADU,0,0,,0,,,,0,0000-00-00,0000-00-00,0000-00-00,,,,606701,0,0,no
,"RAASI AGRI INPUT CENTRE",8489184662,,"THIRUVANNAMALAI",,N,0,,0,N,0,,D,"",,"",,"",,,,,,,,0,,,,,TAMIL NADU,0,0,,0,,,,0,0000-00-00,0000-00-00,0000-00-00,,,,,0,0,
,"RAASI AGRI INPUT CENTRE",8489184662,,"THIRUVANNAMALAI",,N,0,,0,N,0,,D,"",,"",,"",,,,,,,,0,,,,,TAMIL NADU,0,0,,0,,,,0,0000-00-00,0000-00-00,0000-00-00,,,,,0,0,
D000470,"RABINDRA FARM HOUSE",9437032659,,"JEYPOR",Ashok Kr Nayak,N,0,,0,N,0,,D,"",,"",,"",,,,,,,,0,,,,,ODISHA,0,0,,0,,,,0,0000-00-00,0000-00-00,0000-00-00,,,,,0,0,no
,"RACP",,,"Jaipur",Vivek Kumar,Y,0,,0,N,0,,D,"",,"",,"",,,,,,,,0,,,,,RAJASTHAN,0,0,,0,,,,0,0000-00-00,0000-00-00,0000-00-00,,,,,0,0,
,"RACP",,,"Dholpur",Devendra Kr.Tripathi,Y,0,,0,N,0,,D,"",,"",,"",,,,,,,,0,,,,,RAJASTHAN,0,0,,0,,,,0,2000-00-00,2000-00-00,2000-00-00,,,,,0,0,
,"RACP BARI",,,"BARI",Vivek Kumar,Y,0,,0,N,0,,D,"",,"",,"",,,,,,,,0,,,,,RAJASTHAN,0,0,,0,,,,0,0000-00-00,0000-00-00,0000-00-00,,,,,0,0,
,"RADHA AGRO AGENCY (LATUR)",,,"LATUR",Hemant S Shinde,N,0,,0,N,0,,D,"",,"",,"",,,,,,,,0,,,,,MAHARASHTRA,0,0,,0,,,,0,0000-00-00,0000-00-00,0000-00-00,,,,,0,0,
D000705,"RADHEY AGRO TEC.",9413702264,,"SIKAR",A.K Sharma,Y,0,,0,N,0,,D,"",,"",,"",,,,,,,,0,,,,,RAJASTHAN,0,0,,0,,,,0,0000-00-00,0000-00-00,0000-00-00,,,,,0,0,
,"Radhika Krishi Seva Kendra",,,"YAVATMAL",Hemant S Shinde,Y,0,,0,N,0,,D,"",,"",,"",,,,,,,,0,,,,,MAHARASHTRA,0,0,,0,,,,0,0000-00-00,0000-00-00,0000-00-00,,,,,0,0,
,"Rahul Trading co.",,,"JABALPUR",Sunil Awadhwal,Y,0,,0,N,0,,D,"",,"",,"",,,,,,,,0,,,,,MADHYA PRADESH,0,0,,0,,,,0,2000-00-00,2000-00-00,2000-00-00,,,,,0,0,
,"RAHUL TRADING COMPANY",9776556349,,"JAHOTA",Vivek Kumar,Y,0,,0,N,0,,D,"",,"",,"",,,,,,,,0,,,,,RAJASTHAN,0,0,,0,,,,0,0000-00-00,0000-00-00,0000-00-00,,,,,0,0,
,"Raj Agency",,,"Tikamgarh",Sunil Awadhwal,Y,0,,0,N,0,,D,"",,"",,"",,,,,,,,0,,,,,MADHYA PRADESH,0,0,,0,,,,0,2000-00-00,2000-00-00,2000-00-00,,,,,0,0,
D000471,"RAJ AGRO TRADERS",9437728656,,"KOTAGARA",Ashok Kr Nayak,N,0,,0,N,0,,D,"",,"",,"",,,,,,,,0,,,,,ODISHA,0,0,,0,,,,0,0000-00-00,0000-00-00,0000-00-00,,,,,0,0,no
,"Raj Enterprises",,,"",Anup Kumar,Y,0,,0,N,0,,D,"",,"",,"",,,,,,,,0,,,,,,0,0,,0,,,,0,0000-00-00,0000-00-00,0000-00-00,,,,,0,0,
,"Raj Enterprises",,,"Chatra",Anup Kumar,Y,0,,0,N,0,,D,"",,"",,"",,,,,,,,0,,,,,,0,0,,0,,,,0,0000-00-00,0000-00-00,0000-00-00,,,,,0,0,
,"RAJ TRADERS",,,"BHARATPUR",Devendra Kr.Tripathi,Y,0,,0,N,0,,D,"",,"",,"",,,,,,,,0,,,,,RAJASTHAN,0,0,,0,,,,0,0000-00-00,0000-00-00,0000-00-00,,,,,0,0,
,"RAJ TRADERS",,,"BHARATPUR",Vivek Kumar,Y,0,,0,N,0,,D,"",,"",,"",,,,,,,,0,,,,,RAJASTHAN,0,0,,0,,,,0,0000-00-00,0000-00-00,0000-00-00,,,,,0,0,
,"RAJ TRADERS",,,"BHARATPUR",Prathviraj,Y,0,,0,N,0,,D,"",,"",,"",,,,,,,,0,,,,,RAJASTHAN,0,0,,0,,,,0,0000-00-00,0000-00-00,0000-00-00,,,,,0,0,
D000708,"RAJ TRADERS",9414261458,,"ALWAR",Devendra Kr.Tripathi,Y,0,,0,N,0,,D,"",,"",,"",,,,,,,,0,,,,,RAJASTHAN,0,0,,0,,,,0,0000-00-00,0000-00-00,0000-00-00,,,,,0,0,
,"RAJ TRADERS (Bharatpur)",,,"BHARATPUR",Devendra Kr.Tripathi,Y,0,,0,N,0,,D,"",,"",,"",,,,,,,,0,,,,,RAJASTHAN,0,0,,0,,,,0,2000-00-00,2000-00-00,2000-00-00,,,,,0,0,
D000709,"RAJA RAM TRADING COMPANY",9930961704,,"",Praveen Sharma,Y,0,,0,N,0,,D,"",,"",,"",,,,,,,,0,,,,,RAJASTHAN,0,0,,0,,,,0,0000-00-00,0000-00-00,0000-00-00,,,,,0,0,
D000709,"RAJA RAM TRADING COMPANY",9930961704,,"MALWADA",Aditya Rathi,Y,0,,0,N,0,,D,"",,"",,"",,,,,,,,0,,,,,RAJASTHAN,0,0,,0,,,,0,0000-00-00,0000-00-00,0000-00-00,,,,,0,0,
D000711,"RAJAL BORWELL COMPANY",9414400660,,"SARDARSAHAR",A.K Sharma,Y,0,,0,N,0,,D,"",,"",,"",,,,,,,,0,,,,,RAJASTHAN,0,0,,0,,,,0,0000-00-00,0000-00-00,0000-00-00,,,,,0,0,
NE014320191203155435,"RAJARAM TRADING CO.",8503859869,,"MANDAR",Aditya Rathi,Y,0,,0,N,0,,D,"",,"",,"",,,,,,,,0,,,,,RAJASTHAN,0,0,,0,,,,0,0000-00-00,0000-00-00,0000-00-00,,,,,0,0,
NE014320191201115204,"RAJARAM TRADING COMPANY",9983987103,,"MALWADA",Aditya Rathi,Y,0,,0,N,0,,D,"",,"",,"",,,,,,,,0,,,,,RAJASTHAN,0,0,,0,,,,0,0000-00-00,0000-00-00,0000-00-00,,,,,0,0,
,"RAJASTHAN ELECTRICALS",,,"SIWANA",Aditya Rathi,Y,0,,0,N,0,,D,"",,"",,"",,,,,,,,0,,,,,RAJASTHAN,0,0,,0,,,,0,0000-00-00,0000-00-00,0000-00-00,,,,,0,0,
D000714,"RAJASTHAN KRISHI KENDRA",9983684311,,"SARDARSAHAR",A.K Sharma,Y,0,,0,N,0,,D,"",,"",,"",,,,,,,,0,,,,,RAJASTHAN,0,0,,0,,,,0,0000-00-00,0000-00-00,0000-00-00,,,,,0,0,
D000715,"RAJAT IRRIGATION",9783586721,,"SIKAR",A.K Sharma,Y,0,,0,N,0,,D,"",,"",,"",,,,,,,,0,,,,,RAJASTHAN,0,0,,0,,,,0,0000-00-00,0000-00-00,0000-00-00,,,,,0,0,
,"Rajesh Electricls & Machinery , Pandharkawda",,,"",Hemant S Shinde,N,0,,0,N,0,,D,"",,"",,"",,,,,,,,0,,,,,MAHARASHTRA,0,0,,0,,,,0,2000-00-00,2000-00-00,2000-00-00,,,,,0,0,
,"RAJESHWAR IRRIGATION",8094323075,,"MANDAR",Aditya Rathi,Y,0,,0,N,0,,D,"",,"",,"",,,,,,,,0,,,,,RAJASTHAN,0,0,,0,,,,0,0000-00-00,0000-00-00,0000-00-00,,,,,0,0,
,"Rajmata Krushi Seva Kendra",,,"JALANA",Hemant S Shinde,N,0,,0,N,0,,D,"",,"",,"",,,,,,,,0,,,,,MAHARASHTRA,0,0,,0,,,,0,0000-00-00,0000-00-00,0000-00-00,,,,,0,0,
NE003720200210113328,"RAJNI ENTERPRISES",7822928478,,"Jaipur",Devendra Kr.Tripathi,Y,0,,0,N,0,,R,"",,"LINK ROAD BAGARU JAIPUR",,"",,,,,,,,0,,,,,RAJASTHAN,0,0,,0,,,,0,2000-00-00,2000-00-00,2000-00-00,,,,303007,26.8170818,75.5432164,no
,"RAJOTIYA ENTERPRISES",,,"Chotisadri",Surya Bhan Singh Bhati,Y,0,,0,N,0,,D,"",,"",,"",,,,,,,,0,,,,,RAJASTHAN,0,0,,0,,,,0,2000-00-00,2000-00-00,2000-00-00,,,,,0,0,
,"Ram Enterprises",,,"",Gopal C Rathod,N,0,,0,N,0,,D,"",,"",,"",,,,,,,,0,,,,,MAHARASHTRA,0,0,,0,,,,0,2000-00-00,2000-00-00,2000-00-00,,,,,0,0,
,"Ram Enterprises",,,"",Hemant S Shinde,N,0,,0,N,0,,D,"",,"",,"",,,,,,,,0,,,,,MAHARASHTRA,0,0,,0,,,,0,2000-00-00,2000-00-00,2000-00-00,,,,,0,0,
,"Ram Enterprises",,,"Akola",Gopal C Rathod,Y,0,,0,N,0,,D,"",,"",,"",,,,,,,,0,,,,,MAHARASHTRA,0,0,,0,,,,0,2000-00-00,2000-00-00,2000-00-00,,,,,0,0,
,"RAM TRADERS",,,"SIVANMALAI",SENTHILMURUGAN.N,N,0,,0,N,0,,D,"",,"",,"",,,,,,,,0,,,,,TAMIL NADU,0,0,,0,,,,0,0000-00-00,0000-00-00,0000-00-00,,,,,0,0,
,"RAM TRADERS",7871200000,,"SIVAGIRI",SENTHILMURUGAN.N,Y,0,,0,N,0,,D,"",,"",,"",,,,,,,,0,,,,,TAMIL NADU,0,0,,0,,,,0,0000-00-00,0000-00-00,0000-00-00,,,,627757,0,0,no
,"RAM TRADERS",7871200000,,"SIVAGIRI",ARJUNRAJA,Y,0,,0,N,0,,D,"",,"",,"",,,,,,,,0,,,,,TAMIL NADU,0,0,,0,,,,0,0000-00-00,0000-00-00,0000-00-00,,,,627757,0,0,no
,"RAMANA AGENCIES",9786278787,,"Needamangalam",MANIKANDAN.M,Y,0,,0,N,0,,D,"",,"",,"",,,,,,,,0,,,,,TAMIL NADU,0,0,,0,,,,0,0000-00-00,0000-00-00,0000-00-00,,,,614404,0,0,no
D000852,"RAMANA AGENCY",97862 78787,,"Nidamangalam",,N,0,,0,N,0,,D,"",,"",,"",,,,,,,,0,,,,,Tamil Nadu,0,0,,0,,,,0,2000-00-00,2000-00-00,2000-00-00,,,,,0,0,
D000852,"RAMANA AGENCY",97862 78787,,"Nidamangalam",,Y,0,,0,N,0,,D,"",,"",,"",,,,,,,,0,,,,,Tamil Nadu,0,0,,0,,,,0,2000-00-00,2000-00-00,2000-00-00,,,,,0,0,
D000852,"RAMANA AGENCY",97862 78787,,"Nidamangalam",,Y,0,,0,N,0,,D,"",,"",,"",,,,,,,,0,,,,,Tamil Nadu,0,0,,0,,,,0,2000-00-00,2000-00-00,2000-00-00,,,,,0,0,
,"RAMANA AGENCY",97862 78787,,"THIRUVARUR",SENTHILKUMAR.L,N,0,,0,N,0,,D,"",,"",,"",,,,,,,,0,,,,,TAMIL NADU,0,0,,0,,,,0,0000-00-00,0000-00-00,0000-00-00,,,,,0,0,
D000716,"RAMDEV KRISHI BHANDAR",9983591091,,"SIYAWAT",Praveen Sharma,Y,0,,0,N,0,,D,"",,"",,"",,,,,,,,0,,,,,RAJASTHAN,0,0,,0,,,,0,0000-00-00,0000-00-00,0000-00-00,,,,,0,0,
D000716,"RAMDEV KRISHI BHANDAR",9983591091,,"SIYAWAT",Aditya Rathi,Y,0,,0,N,0,,D,"",,"",,"",,,,,,,,0,,,,,RAJASTHAN,0,0,,0,,,,0,0000-00-00,0000-00-00,0000-00-00,,,,,0,0,
D000717,"RAMKARAN RAKESH KUAMAR KHAITAN",9414038442,,"KHUR",A.K Sharma,Y,0,,0,N,0,,D,"",,"",,"",,,,,,,,0,,,,,RAJASTHAN,0,0,,0,,,,0,0000-00-00,0000-00-00,0000-00-00,,,,,0,0,
,"Ramnath Agro Irrigation (DARVA)",,,"YAVATMAL",Hemant S Shinde,N,0,,0,N,0,,D,"",,"",,"",,,,,,,,0,,,,,MAHARASHTRA,0,0,,0,,,,0,0000-00-00,0000-00-00,0000-00-00,,,,,0,0,
,"Ramnath Krushi Sewa Kendra (Darva)",,,"YAVATMAL",Hemant S Shinde,N,0,,0,N,0,,D,"",,"",,"",,,,,,,,0,,,,,MAHARASHTRA,0,0,,0,,,,0,0000-00-00,0000-00-00,0000-00-00,,,,,0,0,
NE010720190728121552,"RAMNIWAS",9416342428,,"BHIWANI",Ramesh Kr.Verma,Y,0,,0,N,0,,R,"",,"BHIWANI",0,"",,,,,,,,0,,,,,HARYANA,0,0,,0,,,,0,0000-00-00,0000-00-00,0000-00-00,,,,127021,0,0,no
NE021620200801083002,"RASI AGRO",8754845122,,"TIRUVANNAMALAI -CHENGAM",Selvapandian,N,0,,0,N,0,,R,"",,"CHENGAM",,"",,,,,,,,0,,,,,TAMIL NADU,0,0,,0,,,,0,0000-00-00,0000-00-00,0000-00-00,,,,606701,0,0,no
NE022820200801111057,"RASI AGRO",9688018288,,"TIRUVANNAMALAI-CHENGAM",Anbarasan.T,N,0,,0,N,0,,R,"",,"CHENGAM",,"",,,,,,,,0,,,,,TAMIL NADU,0,0,,0,,,,0,0000-00-00,0000-00-00,0000-00-00,,,,606701,0,0,no
D000718,"RATHOR ELECTRICALS",9828924115,,"JEEWANA",Praveen Sharma,N,0,,0,N,0,,D,"",,"",,"",,,,,,,,0,,,,,RAJASTHAN,0,0,,0,,,,0,0000-00-00,0000-00-00,0000-00-00,,,,,0,0,
D000718,"RATHOR ELECTRICALS",9828924115,,"JEEWANA",Aditya Rathi,Y,0,,0,N,0,,D,"",,"",,"",,,,,,,,0,,,,,RAJASTHAN,0,0,,0,,,,0,0000-00-00,0000-00-00,0000-00-00,,,,,0,0,
NE014320191130094120,"RATHORE ELECTRICALS",9828924198,,"JEEWANA",Aditya Rathi,Y,0,,0,N,0,,D,"",,"",,"",,,,,,,,0,,,,,RAJASTHAN,0,0,,0,,,,0,0000-00-00,0000-00-00,0000-00-00,,,,,0,0,
D000126,"RAVINDER SHARMA",,,"NADAUN",Anil Guleria,N,0,,0,N,0,,D,"",,"",,"",,,,,,,,0,,,,,HIMACHAL PRADESH,0,0,,0,,,,0,0000-00-00,0000-00-00,0000-00-00,,,,,0,0,no
D000125,"RAVINDER SINGH",9882397977,,"CHACHYOT",Anil Guleria,N,0,,0,N,0,,D,"",,"",,"",,,,,,,,0,,,,,HIMACHAL PRADESH,0,0,,0,,,,0,0000-00-00,0000-00-00,0000-00-00,,,,,0,0,no
D000702,"RAWAT MOTOR CENTER",9460138655,,"LALSOT",Devendra Kr.Tripathi,Y,0,,0,N,0,,D,"",,"",,"",,,,,,,,0,,,,,RAJASTHAN,0,0,,0,,,,0,0000-00-00,0000-00-00,0000-00-00,,,,,0,0,
D000853,"RB AGRI TRADERS",9688433471,,"UDAYAMPLAYAM TALUK",,N,0,,0,N,0,,D,"",,"",,"",,,,,,,,0,,,,,Tamil Nadu,0,0,,0,,,,0,2000-00-00,2000-00-00,2000-00-00,,,,,0,0,
D000853,"RB AGRI TRADERS",9688433471,,"UDAYAMPLAYAM TALUK",,Y,0,,0,N,0,,D,"",,"",,"",,,,,,,,0,,,,,Tamil Nadu,0,0,,0,,,,0,2000-00-00,2000-00-00,2000-00-00,,,,,0,0,
D000853,"RB AGRI TRADERS",9688433471,,"UDAYAMPLAYAM TALUK",PRAKASH.K,N,0,,0,N,0,,D,"",,"",,"",,,,,,,,0,,,,,Tamil Nadu,0,0,,0,,,,0,2000-00-00,2000-00-00,2000-00-00,,,,,0,0,
D000853,"RB AGRI TRADERS",9688433471,,"UDAYAMPLAYAM TALUK",,Y,0,,0,N,0,,D,"",,"",,"",,,,,,,,0,,,,,Tamil Nadu,0,0,,0,,,,0,2000-00-00,2000-00-00,2000-00-00,,,,,0,0,
,"RB AGRI TRADERS",96884 33471,,"ARIYALUR",,N,0,,0,N,0,,D,"",,"",,"",,,,,,,,0,,,,,TAMIL NADU,0,0,,0,,,,0,0000-00-00,0000-00-00,0000-00-00,,,,,0,0,
,"RB AGRI TRADERS",96884 33471,,"ARIYALUR",,N,0,,0,N,0,,D,"",,"",,"",,,,,,,,0,,,,,TAMIL NADU,0,0,,0,,,,0,0000-00-00,0000-00-00,0000-00-00,,,,,0,0,
NE022420200901092304,"RENUGAMBAL AGRO SERVICES",9500388457,,"KALASAPAKKAM-ARANI",Baskaran.M,N,0,,0,N,0,,R,"",,"ARANI",,"",,,,,,,,0,,,,,TAMIL NADU,0,0,,0,,,,0,0000-00-00,0000-00-00,0000-00-00,,,,632301,0,0,no
,"Renuka Machinery Store",,,"OSMANABAD",Hemant S Shinde,N,0,,0,N,0,,D,"",,"",,"",,,,,,,,0,,,,,MAHARASHTRA,0,0,,0,,,,0,0000-00-00,0000-00-00,0000-00-00,,,,,0,0,
D000710,"REX PIPES & CABLES INDUSTRISE LTD",9414037765,,"SIKAR",A.K Sharma,Y,0,,0,N,0,,D,"",,"",,"",,,,,,,,0,,,,,RAJASTHAN,0,0,,0,,,,0,0000-00-00,0000-00-00,0000-00-00,,,,,0,0,
,"REX PIPES & CABLES INDUSTRISE LTD",,,"RIICO Ind Area",A.K Sharma,Y,0,,0,N,0,,D,"",,"",,"",,,,,,,,0,,,,,RAJASTHAN,0,0,,0,,,,0,2000-00-00,2000-00-00,2000-00-00,,,,,0,0,
,"RIDDHI SIDDHI MACHINERY STORE",,,"SONBHADR",Md. Rahid,Y,0,,0,N,0,,D,"",,"",,"",,,,,,,,0,,,,,UP,0,0,,0,,,,0,2000-00-00,2000-00-00,2000-00-00,,,,,0,0,
,"RIDDHI SIDDHI MACHINERY STORE",,,"JHANSI",Md. Rahid,N,0,,0,N,0,,D,"",,"",,"",,,,,,,,0,,,,,UP,0,0,,0,,,,0,2000-00-00,2000-00-00,2000-00-00,,,,,0,0,
,"RISHABH M/C STORE",9950927470,,"DHORIMANA",Aditya Rathi,Y,0,,0,N,0,,D,"",,"",,"",,,,,,,,0,,,,,RAJASTHAN,0,0,,0,,,,0,0000-00-00,0000-00-00,0000-00-00,,,,,0,0,
,"Ritambhara Enterprises",,,"SATNA",Sunil Awadhwal,Y,0,,0,N,0,,D,"",,"",,"",,,,,,,,0,,,,,MADHYA PRADESH,0,0,,0,,,,0,2000-00-00,2000-00-00,2000-00-00,,,,,0,0,
,"RJC TRADERS",7339497345,,"ALANGULAM",SENTHILMURUGAN.N,Y,0,,0,N,0,,D,"",,"",,"",,,,,,,,0,,,,,TAMIL NADU,0,0,,0,,,,0,0000-00-00,0000-00-00,0000-00-00,,,,627851,0,0,no
,"RJC TRADERS",7339497345,,"ALANGULAM",ARJUNRAJA,Y,0,,0,N,0,,D,"",,"",,"",,,,,,,,0,,,,,TAMIL NADU,0,0,,0,,,,0,0000-00-00,0000-00-00,0000-00-00,,,,627851,0,0,no
,"RL Aluminium Works",9416511366,,"Narnol",Sanjay Kr Sharma,Y,0,,0,N,0,,D,"",,"",,"",,,,,,,,0,,,,,HARYANA,0,0,,0,,,,0,2000-00-00,2000-00-00,2000-00-00,,,,,0,0,
,"RL IRRIGATION SYSTEM",,,"Narnol",Sanjay Kr Sharma,Y,0,,0,N,0,,D,"",,"",,"",,,,,,,,0,,,,,HARYANA,0,0,,0,,,,0,2000-00-00,2000-00-00,2000-00-00,,,,,0,0,
,"ROJAA LUCKY ELECTRICALS",9443129271,,"PUDUKOTTAI",,N,0,,0,N,0,,D,"",,"",,"",,,,,,,,0,,,,,TAMIL NADU,0,0,,0,,,,0,0000-00-00,0000-00-00,0000-00-00,,,,622502,0,0,no
,"ROJAA LUCKY ELECTRICALS",9443129271,,"PUDUKOTTAI",Saravanan .L,Y,0,,0,N,0,,D,"",,"",,"",,,,,,,,0,,,,,TAMIL NADU,0,0,,0,,,,0,0000-00-00,0000-00-00,0000-00-00,,,,622502,0,0,no
,"ROJAA LUCKY ELECTRICALS",9443129271,,"PUDUKOTTAI",,N,0,,0,N,0,,D,"",,"",,"",,,,,,,,0,,,,,TAMIL NADU,0,0,,0,,,,0,0000-00-00,0000-00-00,0000-00-00,,,,622502,0,0,no
D000719,"ROSHAN DRIP IRRIGATION",,,"CHOMU",A.K Sharma,Y,0,,0,N,0,,D,"",,"",,"",,,,,,,,0,,,,,RAJASTHAN,0,0,,0,,,,0,0000-00-00,0000-00-00,0000-00-00,,,,,0,0,
NE003720191213133926,"RUBBER INDIA",9414009768,,"BEAWAR",Devendra Kr.Tripathi,Y,0,,0,N,0,,D,"",,"",,"",,,,,,,,0,,,,,RAJASTHAN,0,0,,0,,,,0,0000-00-00,0000-00-00,0000-00-00,,,,,26.1047281,74.3196342,
D000720,"RUNDLA TRADING CO.",9929799709,,"CHOMU",A.K Sharma,Y,0,,0,N,0,,D,"",,"",,"",,,,,,,,0,,,,,RAJASTHAN,0,0,,0,,,,0,0000-00-00,0000-00-00,0000-00-00,,,,,0,0,
,"S G Enterprises",,,"Ranchi",Anup Kumar,Y,0,,0,N,0,,Dealer,"",,"",,"",,,,,,,,0,,,,,JHARKHAND,0,0,,0,,,,0,0000-00-00,0000-00-00,0000-00-00,,,,,0,0,
,"S G Enterprises",,,"Ranchi",Krishna C Premee,N,0,,0,N,0,,Dealer,"",,"",,"",,,,,,,,0,,,,,JHARKHAND,0,0,,0,,,,0,0000-00-00,0000-00-00,0000-00-00,,,,,0,0,
,"S V Agro Services",,,"NASHIK",Hemant S Shinde,N,0,,0,N,0,,D,"",,"",,"",,,,,,,,0,,,,,MAHARASHTRA,0,0,,0,,,,0,0000-00-00,0000-00-00,0000-00-00,,,,,0,0,
D000083,"S. B. IRRIQUE",9992022123,,"SIRSA ROAD",Kiranpal Singh,Y,0,,0,N,0,,D,"",,"",,"",,,,,,,,0,,,,,HARYANA,0,0,,0,,,,0,0000-00-00,0000-00-00,0000-00-00,,,,,0,0,
D000083,"S. B. IRRIQUE",9992022123,,"SIRSA ROAD",Ramesh Kr.Verma,Y,0,,0,N,0,,D,"",,"",,"",,,,,,,,0,,,,,HARYANA,0,0,,0,,,,0,0000-00-00,0000-00-00,0000-00-00,,,,,0,0,
D000462,"S. S. MARKETING",9439409235,,"DHANKAUDA",Ashok Kr Nayak,N,0,,0,N,0,,D,"",,"",,"",,,,,,,,0,,,,,ODISHA,0,0,,0,,,,0,0000-00-00,0000-00-00,0000-00-00,,,,,0,0,no
D000855,"S.K. ENTERPRISES",75024 84644,,"Peramblaur",,N,0,,0,N,0,,D,"",,"",,"",,,,,,,,0,,,,,Tamil Nadu,0,0,,0,,,,0,2000-00-00,2000-00-00,2000-00-00,,,,,0,0,
D000855,"S.K. ENTERPRISES",75024 84644,,"Peramblaur",,Y,0,,0,N,0,,D,"",,"",,"",,,,,,,,0,,,,,Tamil Nadu,0,0,,0,,,,0,2000-00-00,2000-00-00,2000-00-00,,,,,0,0,
D000855,"S.K. ENTERPRISES",75024 84644,,"Peramblaur",PRAKASH.K,N,0,,0,N,0,,D,"",,"",,"",,,,,,,,0,,,,,Tamil Nadu,0,0,,0,,,,0,2000-00-00,2000-00-00,2000-00-00,,,,,0,0,
D000855,"S.K. ENTERPRISES",75024 84644,,"Peramblaur",,Y,0,,0,N,0,,D,"",,"",,"",,,,,,,,0,,,,,Tamil Nadu,0,0,,0,,,,0,2000-00-00,2000-00-00,2000-00-00,,,,,0,0,
,"S.K. ENTERPRISES",75024 84644,,"PARAMBALUR",,N,0,,0,N,0,,D,"",,"",,"",,,,,,,,0,,,,,TAMIL NADU,0,0,,0,,,,0,0000-00-00,0000-00-00,0000-00-00,,,,,0,0,
,"S.K. ENTERPRISES",75024 84644,,"PARAMBALUR",,N,0,,0,N,0,,D,"",,"",,"",,,,,,,,0,,,,,TAMIL NADU,0,0,,0,,,,0,0000-00-00,0000-00-00,0000-00-00,,,,,0,0,
,"S.K. ENTERPRISES",7502434644,,"PERAMBALUR",JAYAPAL,Y,0,,0,N,0,,D,"",,"",,"",,,,,,,,0,,,,,TAMIL NADU,0,0,,0,,,,0,0000-00-00,0000-00-00,0000-00-00,,,,621212,0,0,no
D000730,"S.S. IRRIGATION",9214526802,,"CHOMU",A.K Sharma,Y,0,,0,N,0,,D,"",,"",,"",,,,,,,,0,,,,,RAJASTHAN,0,0,,0,,,,0,0000-00-00,0000-00-00,0000-00-00,,,,,0,0,
D000474,"S.S. IRRIGATION & SERVICE",6371000767,,"SANKULEI",Ashok Kr Nayak,Y,0,,0,N,0,,D,"",,"",,"",,,,,,,,0,,,,,ODISHA,0,0,,0,,,,0,2000-00-00,2000-00-00,2000-00-00,,,,,0,0,no
D000474,"S.S. IRRIGATION & SERVICE",6371000767,,"BOUDH",Ashok Kr Nayak,Y,0,,0,N,0,,D,"",,"",,"",,,,,,,,0,,,,,ODISHA,0,0,,0,,,,0,0000-00-00,0000-00-00,0000-00-00,,,,,0,0,no
D000857,"S.S.S. TRADING PALACE",83443 42323,,"East Rampart,",,Y,0,,0,N,0,,D,"",,"",,"",,,,,,,,0,,,,,Tamil Nadu,0,0,,0,,,,0,0000-00-00,0000-00-00,0000-00-00,,,,,0,0,no
,"S.S.S. TRADING PALACE",83443 42323,,"THANJAVUR",,N,0,,0,N,0,,D,"",,"",,"",,,,,,,,0,,,,,TAMIL NADU,0,0,,0,,,,0,0000-00-00,0000-00-00,0000-00-00,,,,,0,0,
,"S.S.S. TRADING PALACE",83443 42323,,"THANJAVUR",,N,0,,0,N,0,,D,"",,"",,"",,,,,,,,0,,,,,TAMIL NADU,0,0,,0,,,,0,0000-00-00,0000-00-00,0000-00-00,,,,,0,0,
D000857,"S.S.S. TRADING PALACE",83443 42323,,"East Rampart",,N,0,,0,N,0,,D,"",,"",,"",,,,,,,,0,,,,,Tamil Nadu,0,0,,0,,,,0,2000-00-00,2000-00-00,2000-00-00,,,,,0,0,
D000857,"S.S.S. TRADING PALACE",83443 42323,,"East Rampart",PRAKASH.K,N,0,,0,N,0,,D,"",,"",,"",,,,,,,,0,,,,,Tamil Nadu,0,0,,0,,,,0,2000-00-00,2000-00-00,2000-00-00,,,,,0,0,
D000857,"S.S.S. TRADING PALACE",83443 42323,,"East Rampart",,N,0,,0,N,0,,D,"",,"",,"",,,,,,,,0,,,,,Tamil Nadu,0,0,,0,,,,0,2000-00-00,2000-00-00,2000-00-00,,,,,0,0,
D000839,"SABARI IRRIGATION",9750358320,,"Sempatti",,N,0,,0,N,0,,D,"",,"",,"",,,,,,,,0,,,,,Tamil Nadu,0,0,,0,,,,0,2000-00-00,2000-00-00,2000-00-00,,,,,0,0,
D000839,"SABARI IRRIGATION",9750358320,,"Sempatti",,Y,0,,0,N,0,,D,"",,"",,"",,,,,,,,0,,,,,Tamil Nadu,0,0,,0,,,,0,2000-00-00,2000-00-00,2000-00-00,,,,,0,0,
D000839,"SABARI IRRIGATION",9750358320,,"Sempatti",PRAKASH.K,N,0,,0,N,0,,D,"",,"",,"",,,,,,,,0,,,,,Tamil Nadu,0,0,,0,,,,0,2000-00-00,2000-00-00,2000-00-00,,,,,0,0,
D000839,"SABARI IRRIGATION",9750358320,,"Sempatti",,Y,0,,0,N,0,,D,"",,"",,"",,,,,,,,0,,,,,Tamil Nadu,0,0,,0,,,,0,2000-00-00,2000-00-00,2000-00-00,,,,,0,0,
,"SABARI IRRIGATION",97503 58320,,"DINDIGUL",,N,0,,0,N,0,,D,"",,"",,"",,,,,,,,0,,,,,TAMIL NADU,0,0,,0,,,,0,0000-00-00,0000-00-00,0000-00-00,,,,,0,0,
,"SABARI IRRIGATION",97503 58320,,"DINDIGUL",,N,0,,0,N,0,,D,"",,"",,"",,,,,,,,0,,,,,TAMIL NADU,0,0,,0,,,,0,0000-00-00,0000-00-00,0000-00-00,,,,,0,0,
,"SABITHA AGRI TECH",9047736035,,"KV KUPPAM",VETRIVEL.T,Y,0,,0,N,0,,D,"",,"",,"",,,,,,,,0,,,,,TAMIL NADU,0,0,,0,,,,0,2000-00-00,2000-00-00,2000-00-00,,,,606751,0,0,no
NE022420200926101843,"SABITHA TRADERS",9047736035,,"KALASAPAKKAM -VELLORE",Baskaran.M,Y,0,,0,N,0,,R,"",,"VELLORE",,"",,,,,,,,0,,,,,TAMIL NADU,0,0,,0,,,,0,2000-00-00,2000-00-00,2000-00-00,,,,632001,0,0,no
,"Sadanand Irrigation , Wadgaon",,,"JALANA",Hemant S Shinde,N,0,,0,N,0,,D,"",,"",,"",,,,,,,,0,,,,,MAHARASHTRA,0,0,,0,,,,0,0000-00-00,0000-00-00,0000-00-00,,,,,0,0,
,"Sahay Traders",,,"",Sanjay Kr Singh,Y,0,,0,N,0,,D,"",,"",,"",,,,,,,,0,,,,,,0,0,,0,,,,0,0000-00-00,0000-00-00,0000-00-00,,,,,0,0,
,"Sahay Traders",,,"Chatra",Sanjay Kr Singh,Y,0,,0,N,0,,D,"",,"",,"",,,,,,,,0,,,,,,0,0,,0,,,,0,0000-00-00,0000-00-00,0000-00-00,,,,,0,0,
,"Sai Agrotech Services, Shirala",,,"LATUR",Hemant S Shinde,N,0,,0,N,0,,D,"",,"",,"",,,,,,,,0,,,,,MAHARASHTRA,0,0,,0,,,,0,0000-00-00,0000-00-00,0000-00-00,,,,,0,0,
,"SAI ANAND KRUSHI KENDRA  (PANDHARKAWDA)",,,"",Hemant S Shinde,N,0,,0,N,0,,D,"",,"",,"",,,,,,,,0,,,,,MAHARASHTRA,0,0,,0,,,,0,2000-00-00,2000-00-00,2000-00-00,,,,,0,0,
,"SAI IRRIGATION (AKOLA)",,,"",Gopal C Rathod,N,0,,0,N,0,,D,"",,"",,"",,,,,,,,0,,,,,MAHARASHTRA,0,0,,0,,,,0,2000-00-00,2000-00-00,2000-00-00,,,,,0,0,
,"SAI IRRIGATION (AKOLA)",,,"",Hemant S Shinde,N,0,,0,N,0,,D,"",,"",,"",,,,,,,,0,,,,,MAHARASHTRA,0,0,,0,,,,0,2000-00-00,2000-00-00,2000-00-00,,,,,0,0,
,"SAI IRRIGATION (AKOLA)",,,"Akola",Gopal C Rathod,Y,0,,0,N,0,,D,"",,"",,"",,,,,,,,0,,,,,MAHARASHTRA,0,0,,0,,,,0,2000-00-00,2000-00-00,2000-00-00,,,,,0,0,
,"SAI IRRIGATION (BHOKAR)",,,"JALGAON",Hemant S Shinde,N,0,,0,N,0,,D,"",,"",,"",,,,,,,,0,,,,,MAHARASHTRA,0,0,,0,,,,0,0000-00-00,0000-00-00,0000-00-00,,,,,0,0,
,"Sai Krupa Hardwere & Electricals (BARSHITAKLI)",,,"Akola",Gopal C Rathod,Y,0,,0,N,0,,D,"",,"",,"",,,,,,,,0,,,,,MAHARASHTRA,0,0,,0,,,,0,2000-00-00,2000-00-00,2000-00-00,,,,,0,0,
,"SAI KRUSHI KENDRA  (MAHAGAON)",,,"YAVATMAL",Hemant S Shinde,N,0,,0,N,0,,D,"",,"",,"",,,,,,,,0,,,,,MAHARASHTRA,0,0,,0,,,,0,0000-00-00,0000-00-00,0000-00-00,,,,,0,0,
,"Sai Ram Drip & Sprinkler Latur",,,"LATUR",Hemant S Shinde,N,0,,0,N,0,,D,"",,"",,"",,,,,,,,0,,,,,MAHARASHTRA,0,0,,0,,,,0,0000-00-00,0000-00-00,0000-00-00,,,,,0,0,
D000723,"SAINI ELECTRICALS",9414841643,,"Niwai (Tonk)",Devendra Kr.Tripathi,Y,0,,0,N,0,,D,"",,"",,"",,,,,,,,0,,,,,RAJASTHAN,0,0,,0,,,,0,0000-00-00,0000-00-00,0000-00-00,,,,,0,0,
D000723,"SAINI ELECTRICLAS",9414841643,,"DAMODAR JI KA KUND",Devendra Kr.Tripathi,Y,0,,0,N,0,,D,"",,"",,"",,,,,,,,0,,,,,RAJASTHAN,0,0,,0,,,,0,0000-00-00,0000-00-00,0000-00-00,,,,,0,0,
D000723,"SAINI ELECTRICLAS",9414841643,,"NIWAI",Devendra Kr.Tripathi,Y,0,,0,N,0,,D,"",,"",,"",,,,,,,,0,,,,,RAJASTHAN,0,0,,0,,,,0,0000-00-00,0000-00-00,0000-00-00,,,,,0,0,
,"SAINI KISAN KENDRA",8058221698,,"KHERLI",Devendra Kr.Tripathi,Y,0,,0,N,0,,D,"",,"",,"",,,,,,,,0,,,,,RAJASTHAN,0,0,,0,,,,0,2000-00-00,2000-00-00,2000-00-00,,,,,0,0,
,"SAINI KISAN KENDRA",8058221698,,"KHERLI",Vivek Kumar,Y,0,,0,N,0,,D,"",,"",,"",,,,,,,,0,,,,,RAJASTHAN,0,0,,0,,,,0,2000-00-00,2000-00-00,2000-00-00,,,,,0,0,
,"SAINI KISAN KENDRA",8058221698,,"KHERLI",Prathviraj,Y,0,,0,N,0,,D,"",,"",,"",,,,,,,,0,,,,,RAJASTHAN,0,0,,0,,,,0,2000-00-00,2000-00-00,2000-00-00,,,,,0,0,
,"SALLIAMMAN AGRO SERVICES",6369755219,,"ERODE",GANAVEL.S,N,0,,0,N,0,,D,"",,"",,"",,,,,,,,0,,,,,TAMIL NADU,0,0,,0,,,,0,0000-00-00,0000-00-00,0000-00-00,,,,,0,0,
,"SALLIAMMAN AGRO SERVICES",6369755219,,"ERODE",THANGAIYAN.A,N,0,,0,N,0,,D,"",,"",,"",,,,,,,,0,,,,,TAMIL NADU,0,0,,0,,,,0,0000-00-00,0000-00-00,0000-00-00,,,,,0,0,
D000113,"SAMAR DRIP IRRIGATION",9780025605,,"ANAJ MANDI",Kiranpal Singh,Y,0,,0,N,0,,D,"",,"",,"",,,,,,,,0,,,,,HARYANA,0,0,,0,,,,0,0000-00-00,0000-00-00,0000-00-00,,,,,0,0,no
,"SAMARTH AGRO AGENCY (AAMTANE)",,,"Aurangabad",Hemant S Shinde,N,0,,0,N,0,,D,"",,"",,"",,,,,,,,0,,,,,MAHARASHTRA,0,0,,0,,,,0,0000-00-00,0000-00-00,0000-00-00,,,,,0,0,
,"SAMRUDDHI AGRO AGENCY (MANORA)",,,"MANORA",Hemant S Shinde,Y,0,,0,N,0,,D,"",,"washim",,"ABHIJEET VITTHALRAO PATIL",,,,,,,,0,,,,,MAHARASHTRA,0,0,,0,,,,0,0000-00-00,0000-00-00,0000-00-00,,,,,0,0,
,"SAMRUDDHI AGRO AGENCY (MANORA)",,,"Washim",Hemant S Shinde,Y,0,,0,N,0,,D,"",,"washim",,"ABHIJEET VITTHALRAO PATIL",,,,,,,,0,,,,,MAHARASHTRA,0,0,,0,,,,0,2000-00-00,2000-00-00,2000-00-00,,,,,0,0,
,"SANDEEP IRRIGATION COMPANY",,,"HAMIRPUR",Pradeep Kumar,Y,0,,0,N,0,,D,"",,"",,"",,,,,,,,0,,,,,UP,0,0,,0,,,,0,2000-00-00,2000-00-00,2000-00-00,,,,,0,0,
,"SANDEEP IRRIGATION COMPANY",,,"HAMIRPUR",Praveer Kr Dixit,Y,0,,0,N,0,,D,"",,"",,"",,,,,,,,0,,,,,UP,0,0,,0,,,,0,2000-00-00,2000-00-00,2000-00-00,,,,,0,0,
,"Sandip Agro Agencies",,,"",Gopal C Rathod,N,0,,0,N,0,,D,"",,"",,"",,,,,,,,0,,,,,MAHARASHTRA,0,0,,0,,,,0,2000-00-00,2000-00-00,2000-00-00,,,,,0,0,
,"Sandip Agro Agencies",,,"",Hemant S Shinde,N,0,,0,N,0,,D,"",,"",,"",,,,,,,,0,,,,,MAHARASHTRA,0,0,,0,,,,0,2000-00-00,2000-00-00,2000-00-00,,,,,0,0,
,"Sandip Agro Agencies",,,"Akola",Gopal C Rathod,N,0,,0,N,0,,D,"",,"",,"",,,,,,,,0,,,,,MAHARASHTRA,0,0,,0,,,,0,2000-00-00,2000-00-00,2000-00-00,,,,,0,0,
,"Sandip Agro Agencies",,,"Amravati",Hemant S Shinde,Y,0,,0,N,0,,D,"",,"",,"",,,,,,,,0,,,,,MAHARASHTRA,0,0,,0,,,,0,2000-00-00,2000-00-00,2000-00-00,,,,,0,0,
D000073,"SANGAM PUMPS",9416104027,,"OLD HOUSING COLONY",Ramesh Kr.Verma,Y,0,,0,N,0,,D,"",,"",,"",,,,,,,,0,,,,,HARYANA,0,0,,0,,,,0,0000-00-00,0000-00-00,0000-00-00,,,,,0,0,no
NE013020191224132459,"SANGWI KRISHI SEWA",7073134747,,"NIMBAHERA",Surya Bhan Singh Bhati,Y,0,,0,N,0,,R,"",,"CHOTISADRI",,"",,,,,,,,0,,,,,RAJASTHAN,0,0,,0,,,,0,2000-00-00,2000-00-00,2000-00-00,,,,312604,24.3865192,74.7119996,no
,"Sangwi Krishi Sewa Kendra",,,"Chotisadri",Surya Bhan Singh Bhati,Y,0,,0,N,0,,D,"",,"",,"",,,,,,,,0,,,,,RAJASTHAN,0,0,,0,,,,0,0000-00-00,0000-00-00,0000-00-00,,,,,0,0,
D000129,"SANJAY KUMAR",9129475472,,"RAJGARH BLOCK",Anil Guleria,N,0,,0,N,0,,D,"",,"",,"",,,,,,,,0,,,,,HIMACHAL PRADESH,0,0,,0,,,,0,0000-00-00,0000-00-00,0000-00-00,,,,,0,0,no
,"Sanjay Motors , Jalna",,,"JALANA",Hemant S Shinde,N,0,,0,N,0,,D,"",,"",,"",,,,,,,,0,,,,,MAHARASHTRA,0,0,,0,,,,0,0000-00-00,0000-00-00,0000-00-00,,,,,0,0,
,"Sankalp Agro",,,"JABALPUR",Sunil Awadhwal,Y,0,,0,N,0,,D,"",,"",,"",,,,,,,,0,,,,,MADHYA PRADESH,0,0,,0,,,,0,0000-00-00,0000-00-00,0000-00-00,,,,,0,0,
NE014720200122132008,"SANKAR",9600000000,,"SALEM",ANBALAGAN.R,N,0,,0,N,0,,R,"",,"CHENNAI",,"",,,,,,,,0,,,,,TAMIL NADU,0,0,,0,,,,0,2000-00-00,2000-00-00,2000-00-00,,,,600012,0,0,
NE014720200122132008,"SANKAR",9600000000,,"SALEM",SELVAKUMAR.M-1,N,0,,0,N,0,,R,"",,"CHENNAI",,"",,,,,,,,0,,,,,TAMIL NADU,0,0,,0,,,,0,2000-00-00,2000-00-00,2000-00-00,,,,600012,0,0,
,"SANKARAN AGRI TECH",9976724803,,"THOOTHUKUDI",SENTHILMURUGAN.N,N,0,,0,N,0,,D,"",,"",,"",,,,,,,,0,,,,,TAMIL NADU,0,0,,0,,,,0,0000-00-00,0000-00-00,0000-00-00,,,,,0,0,
D000152,"SANTOSH AGRO AGENCIES",9590118555,,"GALA NO. 4 AMBEDKAR CIRCLE",Anand Rampure,Y,0,,0,N,0,,D,"",,"",,"",,,,,,,,0,,,,,KARNATAKA,0,0,,0,,,,0,2000-00-00,2000-00-00,2000-00-00,,,,,0,0,no
D000734,"SANWALYA MACHINERIES  & ELECTRICALS",9950222647,,"RAILMAGRA",Surya Bhan Singh Bhati,Y,0,,0,N,0,,D,"",,"",,"",,,,,,,,0,,,,,RAJASTHAN,0,0,,0,,,,0,0000-00-00,0000-00-00,0000-00-00,,,,,0,0,
,"Saraswati Traders",,,"Washim",Hemant S Shinde,Y,0,,0,N,0,,D,"",,"",,"",,,,,,,,0,,,,,MAHARASHTRA,0,0,,0,,,,0,2000-00-00,2000-00-00,2000-00-00,,,,,0,0,
,"Sarita Gernral Stores",,,"Akola",Gopal C Rathod,Y,0,,0,N,0,,D,"",,"",,"",,,,,,,,0,,,,,MAHARASHTRA,0,0,,0,,,,0,2000-00-00,2000-00-00,2000-00-00,,,,,0,0,
D000858,"SAROO TRADERS",770897 78137,,"Railady,",,Y,0,,0,N,0,,D,"",,"",,"",,,,,,,,0,,,,,Tamil Nadu,0,0,,0,,,,0,0000-00-00,0000-00-00,0000-00-00,,,,,0,0,no
,"SAROO TRADERS",7708978137,,"THANJAVUR",,N,0,,0,N,0,,D,"",,"",,"",,,,,,,,0,,,,,TAMIL NADU,0,0,,0,,,,0,0000-00-00,0000-00-00,0000-00-00,,,,,0,0,
,"SAROO TRADERS",7708978137,,"THANJAVUR",,N,0,,0,N,0,,D,"",,"",,"",,,,,,,,0,,,,,TAMIL NADU,0,0,,0,,,,0,0000-00-00,0000-00-00,0000-00-00,,,,,0,0,
D000858,"SAROO TRADERS",770897 78137,,"Railady",,N,0,,0,N,0,,D,"",,"",,"",,,,,,,,0,,,,,Tamil Nadu,0,0,,0,,,,0,2000-00-00,2000-00-00,2000-00-00,,,,,0,0,
D000858,"SAROO TRADERS",770897 78137,,"Railady",PRAKASH.K,N,0,,0,N,0,,D,"",,"",,"",,,,,,,,0,,,,,Tamil Nadu,0,0,,0,,,,0,2000-00-00,2000-00-00,2000-00-00,,,,,0,0,
D000858,"SAROO TRADERS",770897 78137,,"Railady",,N,0,,0,N,0,,D,"",,"",,"",,,,,,,,0,,,,,Tamil Nadu,0,0,,0,,,,0,2000-00-00,2000-00-00,2000-00-00,,,,,0,0,
D000736,"SARVODAY ELECTRICALS",9414424104,,"DHORIMANNA",Praveen Sharma,Y,0,,0,N,0,,D,"",,"",,"",,,,,,,,0,,,,,RAJASTHAN,0,0,,0,,,,0,0000-00-00,0000-00-00,0000-00-00,,,,,0,0,
D000736,"SARVODAY ELECTRICALS",9414424104,,"DHORIMANNA",Aditya Rathi,Y,0,,0,N,0,,D,"",,"",,"",,,,,,,,0,,,,,RAJASTHAN,0,0,,0,,,,0,0000-00-00,0000-00-00,0000-00-00,,,,,0,0,
D000854,"SASI ENTERPRISES",9444308634,,"UPPILIYA PURAM",,N,0,,0,N,0,,D,"",,"",,"",,,,,,,,0,,,,,Tamil Nadu,0,0,,0,,,,0,2000-00-00,2000-00-00,2000-00-00,,,,,0,0,
D000854,"SASI ENTERPRISES",9444308634,,"UPPILIYA PURAM",,Y,0,,0,N,0,,D,"",,"",,"",,,,,,,,0,,,,,Tamil Nadu,0,0,,0,,,,0,2000-00-00,2000-00-00,2000-00-00,,,,,0,0,
D000854,"SASI ENTERPRISES",9444308634,,"UPPILIYA PURAM",PRAKASH.K,N,0,,0,N,0,,D,"",,"",,"",,,,,,,,0,,,,,Tamil Nadu,0,0,,0,,,,0,2000-00-00,2000-00-00,2000-00-00,,,,,0,0,
D000854,"SASI ENTERPRISES",9444308634,,"UPPILIYA PURAM",,Y,0,,0,N,0,,D,"",,"",,"",,,,,,,,0,,,,,Tamil Nadu,0,0,,0,,,,0,2000-00-00,2000-00-00,2000-00-00,,,,,0,0,
,"SASI ENTERPRISES",9444308634,,"THIRUCHIRAPALLI",,N,0,,0,N,0,,D,"",,"",,"",,,,,,,,0,,,,,TAMIL NADU,0,0,,0,,,,0,0000-00-00,0000-00-00,0000-00-00,,,,,0,0,
,"SASI ENTERPRISES",9444308634,,"THIRUCHIRAPALLI",,N,0,,0,N,0,,D,"",,"",,"",,,,,,,,0,,,,,TAMIL NADU,0,0,,0,,,,0,0000-00-00,0000-00-00,0000-00-00,,,,,0,0,
,"SATHYA AGENCIES",9865375215,,"DHARMAPURI",,N,0,,0,N,0,,D,"",,"",,"",,,,,,,,0,,,,,TAMIL NADU,0,0,,0,,,,0,0000-00-00,0000-00-00,0000-00-00,,,,,0,0,
,"SATHYA AGENCIES",9865375215,,"DHARMAPURI",SELVAKUMAR.M-1,N,0,,0,N,0,,D,"",,"",,"",,,,,,,,0,,,,,TAMIL NADU,0,0,,0,,,,0,0000-00-00,0000-00-00,0000-00-00,,,,,0,0,
,"SATHYA AGENCIES",9865375215,,"DHARMAPURI",,N,0,,0,N,0,,D,"",,"",,"",,,,,,,,0,,,,,TAMIL NADU,0,0,,0,,,,0,0000-00-00,0000-00-00,0000-00-00,,,,,0,0,
,"SATHYA AGENCIES",9865375215,,"PALACODE",Vadivelan,Y,0,,0,N,0,,D,"",,"",,"",,,,,,,,0,,,,,TAMIL NADU,0,0,,0,,,,0,0000-00-00,0000-00-00,0000-00-00,,,,636705,0,0,no
,"Satish Agro Agency , Adas",,,"LATUR",Hemant S Shinde,N,0,,0,N,0,,D,"",,"",,"",,,,,,,,0,,,,,MAHARASHTRA,0,0,,0,,,,0,0000-00-00,0000-00-00,0000-00-00,,,,,0,0,
,"Satyabhama Enterprises",,,"",Anup Kumar,Y,0,,0,N,0,,D,"",,"",,"",,,,,,,,0,,,,,,0,0,,0,,,,0,0000-00-00,0000-00-00,0000-00-00,,,,,0,0,
,"Satyabhama Enterprises",,,"Ranchi",Anup Kumar,Y,0,,0,N,0,,D,"",,"",,"",,,,,,,,0,,,,,,0,0,,0,,,,0,0000-00-00,0000-00-00,0000-00-00,,,,,0,0,
,"SATYAM CONSTRACTION COMPANY",9413100237,,"MANOHARTHANA",Vivek Kumar,Y,0,,0,N,0,,D,"",,"",,"",,,,,,,,0,,,,,RAJASTHAN,0,0,,0,,,,0,0000-00-00,0000-00-00,0000-00-00,,,,,0,0,
,"Satyam Traders",,,"HINGOLI",Hemant S Shinde,Y,0,,0,N,0,,D,"",,"",,"",,,,,,,,0,,,,,MAHARASHTRA,0,0,,0,,,,0,2000-00-00,2000-00-00,2000-00-00,,,,,0,0,
NE005520200430151912,"SB IRRIEQU",9992022123,,"HISAR",Kiranpal Singh,Y,0,,0,N,0,,R,"",,"HISAR",,"",,,,,,,,0,,,,,HARAYANA,0,0,,0,,,,0,2000-00-00,2000-00-00,2000-00-00,,,,125001,0,0,no
D000018,"SBMS ENTERPRISES",9959239223,,"VUYYALAKUNTA, NARPALA",C Rajesh Naidu,Y,0,,0,N,0,,D,"",,"",,"",,,,,,,,0,,,,,ANDHRA PRADESH,0,0,,0,,,,0,0000-00-00,0000-00-00,0000-00-00,,,,,0,0,no
D000018,"SBMS ENTERPRISES",9959239223,,"VUYYALAKUNTA NARPALA",C Rajesh Naidu,Y,0,,0,N,0,,D,"",,"",,"",,,,,,,,0,,,,,ANDHRA PRADESH,0,0,,0,,,,0,2000-00-00,2000-00-00,2000-00-00,,,,,0,0,no
D000908,"SCIENCE FARM AGRO TECH",7080914998-,,"PANTHNAGAR",Praveer Kr Dixit,N,0,,0,N,0,,D,"",,"",,"",,,,,,,,0,,,,,UP,0,0,,0,,,,0,2000-00-00,2000-00-00,2000-00-00,,,,,0,0,
D000872,"SEELAKARIYMMAN IRRIGATION",9842029001,,"MORAPUR",,N,0,,0,N,0,,D,"",,"",,"",,,,,,,,0,,,,,Tamil Nadu,0,0,,0,,,,0,2000-00-00,2000-00-00,2000-00-00,,,,,0,0,
D000872,"SEELAKARIYMMAN IRRIGATION",9842029001,,"MORAPUR",,Y,0,,0,N,0,,D,"",,"",,"",,,,,,,,0,,,,,Tamil Nadu,0,0,,0,,,,0,2000-00-00,2000-00-00,2000-00-00,,,,,0,0,
D000872,"SEELAKARIYMMAN IRRIGATION",9842029001,,"MORAPUR",RAMKUMAR.N,N,0,,0,N,0,,D,"",,"",,"",,,,,,,,0,,,,,Tamil Nadu,0,0,,0,,,,0,2000-00-00,2000-00-00,2000-00-00,,,,,0,0,
D000872,"SEELAKARIYMMAN IRRIGATION",9842029001,,"MORAPUR",,Y,0,,0,N,0,,D,"",,"",,"",,,,,,,,0,,,,,Tamil Nadu,0,0,,0,,,,0,2000-00-00,2000-00-00,2000-00-00,,,,,0,0,
,"SEELAKARIYMMAN IRRIGATION",9842029001,,"DHARMAPURI",,N,0,,0,N,0,,D,"",,"",,"",,,,,,,,0,,,,,TAMIL NADU,0,0,,0,,,,0,0000-00-00,0000-00-00,0000-00-00,,,,,0,0,
,"SEELAKARIYMMAN IRRIGATION",9842029001,,"DHARMAPURI",,N,0,,0,N,0,,D,"",,"",,"",,,,,,,,0,,,,,TAMIL NADU,0,0,,0,,,,0,0000-00-00,0000-00-00,0000-00-00,,,,,0,0,
D000132,"SEEMA SHARMA",9459430899,,"SUNDER NAGAR",Anil Guleria,N,0,,0,N,0,,D,"",,"",,"",,,,,,,,0,,,,,HIMACHAL PRADESH,0,0,,0,,,,0,0000-00-00,0000-00-00,0000-00-00,,,,,0,0,no
,"SENDHUR IRRIGATION",,,"GOPI",RAHUNATH.S,Y,0,,0,N,0,,D,"",,"",,"",,,,,,,,0,,,,,TAMIL NADU,0,0,,0,,,,0,0000-00-00,0000-00-00,0000-00-00,,,,,0,0,no
D000464,"SHA ENTERPRISES",9438260399,,"UTKELA, KESINGA",Ashok Kr Nayak,Y,0,,0,N,0,,D,"",,"",,"",,,,,,,,0,,,,,ODISHA,0,0,,0,,,,0,0000-00-00,0000-00-00,0000-00-00,,,,,0,0,no
D000464,"SHA ENTERPRISES",9438260399,,"BHABANIPATNA",Ashok Kr Nayak,Y,0,,0,N,0,,D,"",,"",,"",,,,,,,,0,,,,,ODISHA,0,0,,0,,,,0,0000-00-00,0000-00-00,0000-00-00,,,,,0,0,no
D000464,"SHA ENTERPRISES",9438260399,,"BHAWANIPATNA",Lakhan Sunani,Y,0,,0,N,0,,D,"",,"",,"",,,,,,,,0,,,,,ODISHA,0,0,,0,,,,0,2000-00-00,2000-00-00,2000-00-00,,,,,0,0,no
D000464,"SHA ENTERPRISES",9438260399,,"UTKELA KESINGA",Ashok Kr Nayak,Y,0,,0,N,0,,D,"",,"",,"",,,,,,,,0,,,,,ODISHA,0,0,,0,,,,0,2000-00-00,2000-00-00,2000-00-00,,,,,0,0,no
,"Shanikrupa Agro",,,"NANDURBAR",Hemant S Shinde,N,0,,0,N,0,,D,"",,"",,"",,,,,,,,0,,,,,MAHARASHTRA,0,0,,0,,,,0,0000-00-00,0000-00-00,0000-00-00,,,,,0,0,
D000870,"SHANKAR IRRIGATION",95003 25173,,"Tiruchangode,",,Y,0,,0,N,0,,D,"",,"",,"",,,,,,,,0,,,,,Tamil Nadu,0,0,,0,,,,0,0000-00-00,0000-00-00,0000-00-00,,,,,0,0,no
,"SHANKAR IRRIGATION",95003 25173,,"NAMAKKAL",DHANASEELAN.U,N,0,,0,N,0,,D,"",,"",,"",,,,,,,,0,,,,,TAMIL NADU,0,0,,0,,,,0,0000-00-00,0000-00-00,0000-00-00,,,,,0,0,
D000870,"SHANKAR IRRIGATION",95003 25173,,"Tiruchangode",,N,0,,0,N,0,,D,"",,"",,"",,,,,,,,0,,,,,Tamil Nadu,0,0,,0,,,,0,2000-00-00,2000-00-00,2000-00-00,,,,,0,0,
D000870,"SHANKAR IRRIGATION",95003 25173,,"Tiruchangode",,N,0,,0,N,0,,D,"",,"",,"",,,,,,,,0,,,,,Tamil Nadu,0,0,,0,,,,0,2000-00-00,2000-00-00,2000-00-00,,,,,0,0,
,"SHANKAR IRRIGATION",9500325173,,"Mahasamudram",SELVAKUMAR.M-2,Y,0,,0,N,0,,D,"",,"",,"",,,,,,,,0,,,,,TAMIL NADU,0,0,,0,,,,0,0000-00-00,0000-00-00,0000-00-00,,,,637503,0,0,no
,"SHANMUGA TRADERS",9790328255,,"KRISHNAGIRI",,N,0,,0,N,0,,D,"",,"",,"",,,,,,,,0,,,,,TAMIL NADU,0,0,,0,,,,0,0000-00-00,0000-00-00,0000-00-00,,,,,0,0,
,"SHANMUGA TRADERS",9790328255,,"KRISHNAGIRI",,N,0,,0,N,0,,D,"",,"",,"",,,,,,,,0,,,,,TAMIL NADU,0,0,,0,,,,0,0000-00-00,0000-00-00,0000-00-00,,,,,0,0,
D000883,"SHANTHI AGRO CENTRE",9025280876,,"ENDIYUR VILLAGE & POST, TINDIVANAM TK",,Y,0,,0,N,0,,D,"",,"",,"",,,,,,,,0,,,,,Tamil Nadu,0,0,,0,,,,0,0000-00-00,0000-00-00,0000-00-00,,,,,0,0,no
D000883,"SHANTHI AGRO CENTRE",9025280876,,"ENDIYUR VILLAGE & POST TINDIVANAM TK",,N,0,,0,N,0,,D,"",,"",,"",,,,,,,,0,,,,,Tamil Nadu,0,0,,0,,,,0,2000-00-00,2000-00-00,2000-00-00,,,,,0,0,
D000883,"SHANTHI AGRO CENTRE",9025280876,,"ENDIYUR VILLAGE & POST TINDIVANAM TK",,N,0,,0,N,0,,D,"",,"",,"",,,,,,,,0,,,,,Tamil Nadu,0,0,,0,,,,0,2000-00-00,2000-00-00,2000-00-00,,,,,0,0,
D000067,"SHANTI IRRIGATIO SYSTEM",9416753323,,"NEAR NARNAUL BYE PASS",Ajay Kr Yadav,N,0,,0,N,0,,D,"",,"",,"",,,,,,,,0,,,,,HARYANA,0,0,,0,,,,0,0000-00-00,0000-00-00,0000-00-00,,,,,0,0,
D000107,"SHANTI IRRIGATIO SYSTEM",9812673331,,"DAYAL SINGH COLONY, NR BARF FACTORY",Ajay Kr Yadav,Y,0,,0,N,0,,D,"",,"",,"",,,,,,,,0,,,,,HARYANA,0,0,,0,,,,0,0000-00-00,0000-00-00,0000-00-00,,,,,0,0,no
D000107,"SHANTI IRRIGATIO SYSTEM",9812673331,,"DAYAL SINGH COLONY NR BARF FACTORY",Ajay Kr Yadav,N,0,,0,N,0,,D,"",,"",,"",,,,,,,,0,,,,,HARYANA,0,0,,0,,,,0,0000-00-00,0000-00-00,0000-00-00,,,,,0,0,
,"Sharad Krushi Seva Kendra",,,"BEED",Hemant S Shinde,N,0,,0,N,0,,D,"",,"",,"",,,,,,,,0,,,,,MAHARASHTRA,0,0,,0,,,,0,0000-00-00,0000-00-00,0000-00-00,,,,,0,0,
,"Sharda Drip Agency",,,"LATUR",Hemant S Shinde,N,0,,0,N,0,,D,"",,"",,"",,,,,,,,0,,,,,MAHARASHTRA,0,0,,0,,,,0,0000-00-00,0000-00-00,0000-00-00,,,,,0,0,
NE022820200905090352,"SHARIF",9123569956,,"TIRUVANNAMALAI-THANDARAMPATTU",Anbarasan.T,N,0,,0,N,0,,R,"",,"THANDARAPATTUTIRUVANNAMALAI",,"",,,,,,,,0,,,,,TAMIL NADU,0,0,,0,,,,0,0000-00-00,0000-00-00,0000-00-00,,,,606601,0,0,no
D000744,"SHARMA & SONS",9414891809,,"Bundi",Devendra Kr.Tripathi,Y,0,,0,N,0,,D,"",,"",,"",,,,,,,,0,,,,,RAJASTHAN,0,0,,0,,,,0,0000-00-00,0000-00-00,0000-00-00,,,,,0,0,
D000737,"SHARMA TRADING COMPANY",9413803182,,"DEOLI",Devendra Kr.Tripathi,Y,0,,0,N,0,,D,"",,"",,"",,,,,,,,0,,,,,RAJASTHAN,0,0,,0,,,,0,0000-00-00,0000-00-00,0000-00-00,,,,,0,0,
,"Shashi Electricals & Irrigators",,,"LATUR",Hemant S Shinde,N,0,,0,N,0,,D,"",,"",,"",,,,,,,,0,,,,,MAHARASHTRA,0,0,,0,,,,0,0000-00-00,0000-00-00,0000-00-00,,,,,0,0,
D000746,"SHEENA TRADING COMPANY",9413882452,,"GANGANAGAR",A.K Sharma,Y,0,,0,N,0,,D,"",,"",,"",,,,,,,,0,,,,,RAJASTHAN,0,0,,0,,,,0,0000-00-00,0000-00-00,0000-00-00,,,,,0,0,
D000749,"SHEKHAWATI IRRIGATION",9414418377,,"PHALODI",Praveen Sharma,Y,0,,0,N,0,,D,"",,"",,"",,,,,,,,0,,,,,RAJASTHAN,0,0,,0,,,,0,0000-00-00,0000-00-00,0000-00-00,,,,,0,0,
D000749,"SHEKHAWATI IRRIGATION",9414418377,,"PHALODI",Aditya Rathi,Y,0,,0,N,0,,D,"",,"",,"",,,,,,,,0,,,,,RAJASTHAN,0,0,,0,,,,0,0000-00-00,0000-00-00,0000-00-00,,,,,0,0,
NE010720200703160403,"SHEORAN SPRINKLER AG.",9050937590,,"BHIWANI",Kiranpal Singh,Y,0,,0,N,0,,R,"",,"VILL BHERA",,"",,,,,,,,0,,,,,HARYANA,0,0,,0,,,,0,0000-00-00,0000-00-00,0000-00-00,,,,127043,0,0,no
NE010720200703160403,"SHEORAN SPRINKLER AG.",9050937590,,"BHIWANI",Ramesh Kr.Verma,Y,0,,0,N,0,,R,"",,"VILL BHERA",,"",,,,,,,,0,,,,,HARYANA,0,0,,0,,,,0,0000-00-00,0000-00-00,0000-00-00,,,,127043,0,0,no
,"Shetkari Seva Irrigation-Chalishgaon",,,"JALGAON",Hemant S Shinde,N,0,,0,N,0,,D,"",,"",,"",,,,,,,,0,,,,,MAHARASHTRA,0,0,,0,,,,0,0000-00-00,0000-00-00,0000-00-00,,,,,0,0,
,"Shinde Agro Agencies, Osmanabad",,,"OSMANABAD",Hemant S Shinde,N,0,,0,N,0,,D,"",,"",,"",,,,,,,,0,,,,,MAHARASHTRA,0,0,,0,,,,0,0000-00-00,0000-00-00,0000-00-00,,,,,0,0,
,"SHIRSH AGRO TECH",,,"LUCKNOW",Praveer Kr Dixit,Y,0,,0,N,0,,D,"",,"",,"",,,,,,,,0,,,,,UP,0,0,,0,,,,0,0000-00-00,0000-00-00,0000-00-00,,,,,0,0,
D000750,"SHIV AGRO AGENCY",8696529331,,"KATHUMAR",Vivek Kumar,Y,0,,0,N,0,,D,"",,"",,"",,,,,,,,0,,,,,RAJASTHAN,0,0,,0,,,,0,0000-00-00,0000-00-00,0000-00-00,,,,,0,0,
D000750,"SHIV AGRO AGENCY",8696529331,,"KATHUMAR",Prathviraj,Y,0,,0,N,0,,D,"",,"",,"",,,,,,,,0,,,,,RAJASTHAN,0,0,,0,,,,0,0000-00-00,0000-00-00,0000-00-00,,,,,0,0,
,"Shiv Agro Agency",,,"",Gopal C Rathod,N,0,,0,N,0,,D,"",,"",,"",,,,,,,,0,,,,,MAHARASHTRA,0,0,,0,,,,0,2000-00-00,2000-00-00,2000-00-00,,,,,0,0,
,"Shiv Agro Agency",,,"",Hemant S Shinde,N,0,,0,N,0,,D,"",,"",,"",,,,,,,,0,,,,,MAHARASHTRA,0,0,,0,,,,0,2000-00-00,2000-00-00,2000-00-00,,,,,0,0,
,"SHIV AGRO AGENCY",8696529331,,"KHERLI",Vivek Kumar,Y,0,,0,N,0,,D,"",,"",,"",,,,,,,,0,,,,,RAJASTHAN,0,0,,0,,,,0,0000-00-00,0000-00-00,0000-00-00,,,,,0,0,
,"SHIV AGRO AGENCY",8696529331,,"KHERLI",Prathviraj,Y,0,,0,N,0,,D,"",,"",,"",,,,,,,,0,,,,,RAJASTHAN,0,0,,0,,,,0,0000-00-00,0000-00-00,0000-00-00,,,,,0,0,
,"Shiv Agro Agency",,,"Akola",Gopal C Rathod,N,0,,0,N,0,,D,"",,"",,"",,,,,,,,0,,,,,MAHARASHTRA,0,0,,0,,,,0,2000-00-00,2000-00-00,2000-00-00,,,,,0,0,
D000753,"SHIV KRISHI YANTRALAYA",9414037029,,"LAXMANGARH",A.K Sharma,Y,0,,0,N,0,,D,"",,"",,"",,,,,,,,0,,,,,RAJASTHAN,0,0,,0,,,,0,0000-00-00,0000-00-00,0000-00-00,,,,,0,0,
D000727,"SHIV SHAKTI AGENCY",9829325483,,"SHAHPURA",Vivek Kumar,Y,0,,0,N,0,,D,"",,"",,"",,,,,,,,0,,,,,RAJASTHAN,0,0,,0,,,,0,0000-00-00,0000-00-00,0000-00-00,,,,,0,0,
D000727,"SHIV SHAKTI AGENCY",9829325483,,"SHAHPURA",Prathviraj,Y,0,,0,N,0,,D,"",,"",,"",,,,,,,,0,,,,,RAJASTHAN,0,0,,0,,,,0,0000-00-00,0000-00-00,0000-00-00,,,,,0,0,
,"SHIV SHAKTI AGENCY",9829325483,,"RANAWAS",Vivek Kumar,Y,0,,0,N,0,,D,"",,"",,"",,,,,,,,0,,,,,RAJASTHAN,0,0,,0,,,,0,0000-00-00,0000-00-00,0000-00-00,,,,,0,0,
D000754,"SHIV SHAKTI SUPPLIER",9982844001,,"TALARIYA PARA",Praveen Sharma,Y,0,,0,N,0,,D,"",,"",,"",,,,,,,,0,,,,,RAJASTHAN,0,0,,0,,,,0,0000-00-00,0000-00-00,0000-00-00,,,,,0,0,
D000754,"SHIV SHAKTI SUPPLIER",9982844001,,"TALARIYA PARA",Aditya Rathi,Y,0,,0,N,0,,D,"",,"",,"",,,,,,,,0,,,,,RAJASTHAN,0,0,,0,,,,0,0000-00-00,0000-00-00,0000-00-00,,,,,0,0,
D000755,"SHIVA DRIP IRRIGATION CENTER",9667350700,,"KHEJROLI, CHOMU",Vivek Kumar,Y,0,,0,N,0,,D,"",,"",,"",,,,,,,,0,,,,,RAJASTHAN,0,0,,0,,,,0,0000-00-00,0000-00-00,0000-00-00,,,,,0,0,no
,"SHIVA DRIP IRRIGATION CENTER",9667350700,,"KHEJROLI",Vivek Kumar,Y,0,,0,N,0,,D,"",,"",,"",,,,,,,,0,,,,,RAJASTHAN,0,0,,0,,,,0,0000-00-00,0000-00-00,0000-00-00,,,,,0,0,
,"SHIVA DRIP IRRIGATION CENTER",9667350700,,"KHEJROLI",Prathviraj,Y,0,,0,N,0,,D,"",,"",,"",,,,,,,,0,,,,,RAJASTHAN,0,0,,0,,,,0,0000-00-00,0000-00-00,0000-00-00,,,,,0,0,
D000755,"SHIVA DRIP IRRIGATION CENTER",9667350700,,"KHEJROLI CHOMU",Vivek Kumar,Y,0,,0,N,0,,D,"",,"",,"",,,,,,,,0,,,,,RAJASTHAN,0,0,,0,,,,0,0000-00-00,0000-00-00,0000-00-00,,,,,0,0,
D000755,"SHIVA DRIP IRRIGATION CENTER",9667350700,,"KHEJROLI CHOMU",Prathviraj,Y,0,,0,N,0,,D,"",,"",,"",,,,,,,,0,,,,,RAJASTHAN,0,0,,0,,,,0,0000-00-00,0000-00-00,0000-00-00,,,,,0,0,
,"SHIVA ENTERPRISES",0744-2331407,,"KOTA",Devendra Kr.Tripathi,Y,0,,0,N,0,,D,"",,"",,"",,,,,,,,0,,,,,RAJASTHAN,0,0,,0,,,,0,2000-00-00,2000-00-00,2000-00-00,,,,,0,0,
,"SHIVA IRRIGATION SYSTEM",9896437777,,"",Amarjeet Yadav,Y,0,,0,N,0,,D,"",,"",,"",,,,,,,,0,,,,,HARAYANA,0,0,,0,,,,0,0000-00-00,0000-00-00,0000-00-00,,,,,0,0,
D000082,"SHIVA SALES CORPORATION",,,"LIC ROAD HUDA CITY CENTER",Ramesh Kr.Verma,Y,0,,0,N,0,,D,"",,"",,"",,,,,,,,0,,,,,HARYANA,0,0,,0,,,,0,0000-00-00,0000-00-00,0000-00-00,,,,,0,0,no
D000149,"SHIVABASAVA ENTERPRISES",8660419785,,"OPP. AASARE HOSPITAL, KALBURGI ROAD",Anand Rampure,Y,0,,0,N,0,,D,"",,"",,"",,,,,,,,0,,,,,KARNATAKA,0,0,,0,,,,0,0000-00-00,0000-00-00,0000-00-00,,,,,0,0,no
D000149,"SHIVABASAVA ENTERPRISES",8660419785,,"OPP. AASARE HOSPITAL KALBURGI ROAD",Anand Rampure,Y,0,,0,N,0,,D,"",,"",,"",,,,,,,,0,,,,,KARNATAKA,0,0,,0,,,,0,2000-00-00,2000-00-00,2000-00-00,,,,,0,0,no
D000910,"SHIVAJI MACHINERY STORE",9415073556,,"JHANSI",Praveer Kr Dixit,N,0,,0,N,0,,D,"",,"",,"",,,,,,,,0,,,,,UP,0,0,,0,,,,0,2000-00-00,2000-00-00,2000-00-00,,,,,0,0,
,"Shivam Irrigation Shinkheda Dhule",,,"NANDURBAR",Hemant S Shinde,N,0,,0,N,0,,D,"",,"",,"",,,,,,,,0,,,,,MAHARASHTRA,0,0,,0,,,,0,0000-00-00,0000-00-00,0000-00-00,,,,,0,0,
,"SHIVAM KRUSHI SEVA KENDRA",,,"Washim",Hemant S Shinde,Y,0,,0,N,0,,D,"",,"",,"",,,,,,,,0,,,,,MAHARASHTRA,0,0,,0,,,,0,2000-00-00,2000-00-00,2000-00-00,,,,,0,0,
,"SHIVAY ENTERPRISES",,,"Seoni",Sunil Awadhwal,Y,0,,0,N,0,,D,"",,"",,"",,,,,,,,0,,,,,MADHYA PRADESH,0,0,,0,,,,0,0000-00-00,0000-00-00,0000-00-00,,,,,0,0,
D000728,"SHIVDHARA DRIP IRRIGATION",9929062202,,"KALADERA, CHOMU",Vivek Kumar,Y,0,,0,N,0,,D,"",,"",,"",,,,,,,,0,,,,,RAJASTHAN,0,0,,0,,,,0,0000-00-00,0000-00-00,0000-00-00,,,,,0,0,no
,"SHIVDHARA DRIP IRRIGATION",9929062202,,"KALADERA",Vivek Kumar,Y,0,,0,N,0,,D,"",,"",,"",,,,,,,,0,,,,,RAJASTHAN,0,0,,0,,,,0,0000-00-00,0000-00-00,0000-00-00,,,,,0,0,
,"SHIVDHARA DRIP IRRIGATION",9929062202,,"KALADERA",Prathviraj,Y,0,,0,N,0,,D,"",,"",,"",,,,,,,,0,,,,,RAJASTHAN,0,0,,0,,,,0,0000-00-00,0000-00-00,0000-00-00,,,,,0,0,
D000728,"SHIVDHARA DRIP IRRIGATION",9929062202,,"KALADERA CHOMU",Vivek Kumar,Y,0,,0,N,0,,D,"",,"",,"",,,,,,,,0,,,,,RAJASTHAN,0,0,,0,,,,0,0000-00-00,0000-00-00,0000-00-00,,,,,0,0,
D000728,"SHIVDHARA DRIP IRRIGATION",9929062202,,"KALADERA CHOMU",Prathviraj,Y,0,,0,N,0,,D,"",,"",,"",,,,,,,,0,,,,,RAJASTHAN,0,0,,0,,,,0,0000-00-00,0000-00-00,0000-00-00,,,,,0,0,
,"Shivkrupa Krushi Kendra",,,"YAVATMAL",Hemant S Shinde,N,0,,0,N,0,,D,"",,"",,"",,,,,,,,0,,,,,MAHARASHTRA,0,0,,0,,,,0,0000-00-00,0000-00-00,0000-00-00,,,,,0,0,
,"Shivran Sales",,,"LAXMANGARH",A.K Sharma,Y,0,,0,N,0,,D,"",,"",,"",,,,,,,,0,,,,,RAJASTHAN,0,0,,0,,,,0,2000-00-00,2000-00-00,2000-00-00,,,,,0,0,
NE012620191005084151,"SHREE AGENCY",9826374337,,"BURHANPUR",Sumit Kr Gupta,Y,0,,0,N,0,,R,"",,"RASTIPURA",253196,"",,,,,,,,0,,,,,MADHYA PRADESH,0,0,,0,,,,0,0000-00-00,0000-00-00,0000-00-00,,,,,0,0,
NE009520191004153255,"SHREE BADRI VISHAL TRADERS",7355019943,,"ORAI",Praveer Kr Dixit,Y,0,,0,N,0,,D,"",,"",,"",,,,,,,,0,,,,,RAJASTHAN,0,0,,0,,,,0,0000-00-00,0000-00-00,0000-00-00,,,,,0,0,
NE003720201225134030,"SHREE BALAJEE AGRO CLINIC",9828299622,,"KARWAR",Devendra Kr.Tripathi,Y,0,,0,N,0,,R,"",,"TALWASH ROAD KARWAR",,"",,,,,,,,0,,,,,RAJASTHAN,0,0,,0,,,,0,2000-00-00,2000-00-00,2000-00-00,,,,323616,0,0,no
D000758,"SHREE BALAJI AGENCY",9929870441,,"SHAHPURA",Vivek Kumar,Y,0,,0,N,0,,D,"",,"",,"",,,,,,,,0,,,,,RAJASTHAN,0,0,,0,,,,0,0000-00-00,0000-00-00,0000-00-00,,,,,0,0,
D000758,"SHREE BALAJI AGENCY",9929870441,,"SHAHPURA",Prathviraj,Y,0,,0,N,0,,D,"",,"",,"",,,,,,,,0,,,,,RAJASTHAN,0,0,,0,,,,0,0000-00-00,0000-00-00,0000-00-00,,,,,0,0,
,"SHREE BALAJI AGENCY",9929870441,,"MANOHARPUR",Vivek Kumar,Y,0,,0,N,0,,D,"",,"",,"",,,,,,,,0,,,,,RAJASTHAN,0,0,,0,,,,0,0000-00-00,0000-00-00,0000-00-00,,,,,0,0,
,"SHREE BALAJI AGENCY",9929870441,,"MANOHARPUR",Prathviraj,Y,0,,0,N,0,,D,"",,"",,"",,,,,,,,0,,,,,RAJASTHAN,0,0,,0,,,,0,0000-00-00,0000-00-00,0000-00-00,,,,,0,0,
D000759,"SHREE BALAJI ENTERPRISES",9314211907,,"JHUNJHUNU",A.K Sharma,Y,0,,0,N,0,,D,"",,"",,"",,,,,,,,0,,,,,RAJASTHAN,0,0,,0,,,,0,0000-00-00,0000-00-00,0000-00-00,,,,,0,0,
D000760,"SHREE BALAJI ENTERPRISES",9982016764,,"UDAIPURWATI",A.K Sharma,Y,0,,0,N,0,,D,"",,"",,"",,,,,,,,0,,,,,RAJASTHAN,0,0,,0,,,,0,0000-00-00,0000-00-00,0000-00-00,,,,,0,0,
D000767,"SHREE BALAJI ENTERPRISES",9828317216,,"BOBAS",A.K Sharma,Y,0,,0,N,0,,D,"",,"",,"",,,,,,,,0,,,,,RAJASTHAN,0,0,,0,,,,0,0000-00-00,0000-00-00,0000-00-00,,,,,0,0,
D000747,"SHREE BALAJI IRRIGATION",9983791851,,"LADNU",A.K Sharma,Y,0,,0,N,0,,D,"",,"",,"",,,,,,,,0,,,,,RAJASTHAN,0,0,,0,,,,0,0000-00-00,0000-00-00,0000-00-00,,,,,0,0,
D000770,"SHREE BALAJI TOOLS",9783657724,,"DIDWANA",A.K Sharma,Y,0,,0,N,0,,D,"",,"",,"",,,,,,,,0,,,,,RAJASTHAN,0,0,,0,,,,0,0000-00-00,0000-00-00,0000-00-00,,,,,0,0,
,"SHREE BALAJI TRADERS(PEE THAWLA)",,,"PEETHAWALA",Vivek Kumar,Y,0,,0,N,0,,D,"",,"",,"",,,,,,,,0,,,,,RAJASTHAN,0,0,,0,,,,0,0000-00-00,0000-00-00,0000-00-00,,,,,0,0,
,"Shree Baliraja Agro Agency",,,"PARBHANI",Hemant S Shinde,N,0,,0,N,0,,D,"",,"",,"",,,,,,,,0,,,,,MAHARASHTRA,0,0,,0,,,,0,0000-00-00,0000-00-00,0000-00-00,,,,,0,0,
D000772,"SHREE DEV AGRO CENTER",9413457190,,"SRASH",Surya Bhan Singh Bhati,Y,0,,0,N,0,,D,"",,"",,"",,,,,,,,0,,,,,RAJASTHAN,0,0,,0,,,,0,0000-00-00,0000-00-00,0000-00-00,,,,,0,0,
D000458,"SHREE DURGA TRADING",8984633013,,"BALASORE",Ashok Kr Nayak,Y,0,,0,N,0,,D,"",,"",,"",,,,,,,,0,,,,,ODISHA,0,0,,0,,,,0,0000-00-00,0000-00-00,0000-00-00,,,,,0,0,no
D000773,"SHREE GURU KRIPA PIPES",9887764877,,"SHAHPURA",Devendra Kr.Tripathi,Y,0,,0,N,0,,D,"",,"",,"",,,,,,,,0,,,,,RAJASTHAN,0,0,,0,,,,0,0000-00-00,0000-00-00,0000-00-00,,,,,0,0,
,"SHREE KRUSHNA AGRO AGENCY  POPAT",,,"JALANA",Hemant S Shinde,N,0,,0,N,0,,D,"",,"",,"",,,,,,,,0,,,,,MAHARASHTRA,0,0,,0,,,,0,0000-00-00,0000-00-00,0000-00-00,,,,,0,0,
,"SHREE MAALAV KRISHI SEWA KENDRA",9929469266,,"BARAN",Devendra Kr.Tripathi,Y,0,,0,N,0,,D,"",,"",,"",,,,,,,,0,,,,,RAJASTHAN,0,0,,0,,,,0,2000-00-00,2000-00-00,2000-00-00,,,,,0,0,
,"SHREE MAHALAXMI TRADING CO",9166116734,,"GUDHA MALANI",Aditya Rathi,Y,0,,0,N,0,,D,"",,"",,"",,,,,,,,0,,,,,RAJASTHAN,0,0,,0,,,,0,0000-00-00,0000-00-00,0000-00-00,,,,,0,0,
NE003720201224143908,"SHREE MALAV KRISHI SEWA KENDRA",9929469266,,"CHHABRA",Devendra Kr.Tripathi,Y,0,,0,N,0,,R,"",,"NEAR S D M BUNGOLAW CHHABRA BARAN",,"",,,,,,,,0,,,,,RAJASTHAN,0,0,,0,,,,0,2000-00-00,2000-00-00,2000-00-00,,,,325220,0,0,no
D000779,"SHREE NATH ELE .& REPAIR",9829505909,,"TIBAPARA",Praveen Sharma,Y,0,,0,N,0,,D,"",,"",,"",,,,,,,,0,,,,,RAJASTHAN,0,0,,0,,,,0,0000-00-00,0000-00-00,0000-00-00,,,,,0,0,
D000779,"SHREE NATH ELE .& REPAIR",9829505909,,"TIBAPARA",Aditya Rathi,Y,0,,0,N,0,,D,"",,"",,"",,,,,,,,0,,,,,RAJASTHAN,0,0,,0,,,,0,0000-00-00,0000-00-00,0000-00-00,,,,,0,0,
NE012620191001092828,"SHREE PATEL AGRO",9827216337,,"BYPASS ROAD",Sumit Kr Gupta,N,0,,0,N,0,,R,"",,"RASTIPURA",,"",,,,,,,,0,,,,,MADHYA PRADESH,0,0,,0,,,,0,2000-00-00,2000-00-00,2000-00-00,,,,,0,0,
NE012620191119142639,"SHREE PATEL AGRO",6261332303,,"BURHANPUR",Sumit Kr Gupta,Y,0,,0,N,0,,R,"",,"RASTIPURA",253196,"",,,,,,,,0,,,,,MADHYA PRADESH,0,0,,0,,,,0,2000-00-00,2000-00-00,2000-00-00,,,,,0,0,
D000792,"SHREE RAJASTHAN AGENCY",9414484572,,"PARBATSAR",A.K Sharma,Y,0,,0,N,0,,D,"",,"",,"",,,,,,,,0,,,,,RAJASTHAN,0,0,,0,,,,0,0000-00-00,0000-00-00,0000-00-00,,,,,0,0,
D000780,"SHREE RAJASTHAN ELECTRICALS",8107128615,,"SIWANA",Praveen Sharma,Y,0,,0,N,0,,D,"",,"",,"",,,,,,,,0,,,,,RAJASTHAN,0,0,,0,,,,0,0000-00-00,0000-00-00,0000-00-00,,,,,0,0,
D000780,"SHREE RAJASTHAN ELECTRICALS",8107128615,,"SIWANA",Aditya Rathi,Y,0,,0,N,0,,D,"",,"",,"",,,,,,,,0,,,,,RAJASTHAN,0,0,,0,,,,0,0000-00-00,0000-00-00,0000-00-00,,,,,0,0,
D000781,"SHREE RAM ENGINE STORE",9982563839,,"PAWATA",Devendra Kr.Tripathi,Y,0,,0,N,0,,D,"",,"",,"",,,,,,,,0,,,,,RAJASTHAN,0,0,,0,,,,0,0000-00-00,0000-00-00,0000-00-00,,,,,0,0,
D000782,"SHREE RAM MACHINERY MART",9414732146,,"BHOPAL SAGAR",Surya Bhan Singh Bhati,Y,0,,0,N,0,,D,"",,"",,"",,,,,,,,0,,,,,RAJASTHAN,0,0,,0,,,,0,0000-00-00,0000-00-00,0000-00-00,,,,,0,0,
D000762,"SHREE SHYAM AGENCIES",9828573322,,"SHAHPURA",Devendra Kr.Tripathi,Y,0,,0,N,0,,D,"",,"",,"",,,,,,,,0,,,,,RAJASTHAN,0,0,,0,,,,0,0000-00-00,0000-00-00,0000-00-00,,,,,0,0,
,"SHREE SHYAM AGENCY",9929131477,,"CHOMU",Vivek Kumar,Y,0,,0,N,0,,D,"",,"",,"",,,,,,,,0,,,,,RAJASTHAN,0,0,,0,,,,0,0000-00-00,0000-00-00,0000-00-00,,,,,0,0,
,"SHREE SHYAM AGENCY",9929131477,,"CHOMU",Prathviraj,Y,0,,0,N,0,,D,"",,"",,"",,,,,,,,0,,,,,RAJASTHAN,0,0,,0,,,,0,0000-00-00,0000-00-00,0000-00-00,,,,,0,0,
D000787,"SHREE SHYAM ENTERPRISES",9460604321,,"NARAYANPUR",Devendra Kr.Tripathi,Y,0,,0,N,0,,D,"",,"",,"",,,,,,,,0,,,,,RAJASTHAN,0,0,,0,,,,0,0000-00-00,0000-00-00,0000-00-00,,,,,0,0,
,"SHREE SHYAM HARDWARE",,,"SARDARSAHAR",A.K Sharma,Y,0,,0,N,0,,D,"",,"",,"",,,,,,,,0,,,,,RAJASTHAN,0,0,,0,,,,0,0000-00-00,0000-00-00,0000-00-00,,,,,0,0,
D000788,"SHREE SHYAM IRRIGATION CENTER",9829406378,,"KHATUSHYAM JI",A.K Sharma,Y,0,,0,N,0,,D,"",,"",,"",,,,,,,,0,,,,,RAJASTHAN,0,0,,0,,,,0,0000-00-00,0000-00-00,0000-00-00,,,,,0,0,
,"Shree Shyam Krishi & Hardwar",,,"",A.K Sharma,Y,0,,0,N,0,,D,"",,"",,"",,,,,,,,0,,,,,RAJASTHAN,0,0,,0,,,,0,0000-00-00,0000-00-00,0000-00-00,,,,,0,0,
D000791,"SHREE SHYAM KRSHI SEWA KENDRA",9772198726,,"KISHANGARH BAS",Devendra Kr.Tripathi,Y,0,,0,N,0,,D,"",,"",,"",,,,,,,,0,,,,,RAJASTHAN,0,0,,0,,,,0,0000-00-00,0000-00-00,0000-00-00,,,,,0,0,
,"Shreekunj Agro Equipment",,,"GAJAPATI/RAYGADA",Ashok Kr Nayak,Y,0,,0,N,0,,D,"",,"",,"",,,,,,,,0,,,,,ODISHA,0,0,,0,,,,0,0000-00-00,0000-00-00,0000-00-00,,,,,0,0,no
D000174,"SHRI ANNAPURNA KRISHI KENDRA",,,"FCI CORNER",Sunil Awadhwal,Y,0,,0,N,0,,D,"",,"",,"",,,,,,,,0,,,,,MADHYA PRADESH,0,0,,0,,,,0,2000-00-00,2000-00-00,2000-00-00,,,,,0,0,no
D000793,"SHRI BALAJI AGRO CLINIC",9001639851,,"NAINWA",Praveer Kr Dixit,Y,0,,0,N,0,,D,"",,"",,"",,,,,,,,0,,,,,RAJASTHAN,0,0,,0,,,,0,0000-00-00,0000-00-00,0000-00-00,,,,,0,0,
D000059,"SHRI BALAJI ENTERPRISES",9813023542,,"MAIN ROAD ISHARWAL",A.K Sharma,N,0,,0,N,0,,D,"",,"",,"",,,,,,,,0,,,,,HARYANA,0,0,,0,,,,0,2000-00-00,2000-00-00,2000-00-00,,,,,0,0,
D000999,"SHRI BALAJI ENTERPRISES",9726100047,,"SIWANI",Ajay Kr Yadav,N,0,,0,N,0,,Dealer,"",,"",,"",,,,,,,,0,,,,,HARYANA,0,0,,0,,,,0,0000-00-00,0000-00-00,0000-00-00,,,,,0,0,
D000999,"SHRI BALAJI ENTERPRISES",9726100047,,"SIWANI",Ramesh Kr.Verma,Y,0,,0,N,0,,Dealer,"",,"",,"",,,,,,,,0,,,,,HARYANA,0,0,,0,,,,0,0000-00-00,0000-00-00,0000-00-00,,,,,0,0,
D000999,"SHRI BALAJI ENTERPRISES",9726100047,,"SIWANI",Amarjeet Yadav,Y,0,,0,N,0,,Dealer,"",,"",,"",,,,,,,,0,,,,,HARYANA,0,0,,0,,,,0,0000-00-00,0000-00-00,0000-00-00,,,,,0,0,
,"SHRI BALAJI ENTERPRISES",9813023542,,"BHIWANI",Amarjeet Yadav,Y,0,,0,N,0,,D,"",,"",,"",,,,,,,,0,,,,,HARYANA,0,0,,0,,,,0,2000-00-00,2000-00-00,2000-00-00,,,,,0,0,
,"Shri Balaji Irrigation (Risod)",,,"",Hemant S Shinde,Y,0,,0,N,0,,D,"",,"",,"",,,,,,,,0,,,,,MAHARASHTRA,0,0,,0,,,,0,0000-00-00,0000-00-00,0000-00-00,,,,,0,0,
,"Shri Balaji Irrigation (Risod)",,,"Washim",Hemant S Shinde,Y,0,,0,N,0,,D,"",,"",,"",,,,,,,,0,,,,,MAHARASHTRA,0,0,,0,,,,0,2000-00-00,2000-00-00,2000-00-00,,,,,0,0,
,"SHRI BALAJI KHAD BEEJ BHANDHAR",9636033795,,"BALOTRA",Vivek Kumar,Y,0,,0,N,0,,D,"",,"",,"",,,,,,,,0,,,,,RAJASTHAN,0,0,,0,,,,0,0000-00-00,0000-00-00,0000-00-00,,,,,0,0,
D000795,"SHRI BALAJI KRISHI SEWA KENDRA",9413807316,,"JHALRAPATTAN",A.K Sharma,Y,0,,0,N,0,,D,"",,"",,"",,,,,,,,0,,,,,RAJASTHAN,0,0,,0,,,,0,0000-00-00,0000-00-00,0000-00-00,,,,,0,0,
D000160,"SHRI BASAWESHWAR IRRIGATORS",8023439778,,"APMC YARD,JAMKHANDI",M.S Shrikanta,Y,0,,0,N,0,,D,"",,"",,"",,,,,,,,0,,,,,KARNATAKA,0,0,,0,,,,0,0000-00-00,0000-00-00,0000-00-00,,,,,0,0,no
D000160,"SHRI BASAWESHWAR IRRIGATORS",8023439778,,"APMC YARDJAMKHANDI",M.S Shrikanta,Y,0,,0,N,0,,D,"",,"",,"",,,,,,,,0,,,,,KARNATAKA,0,0,,0,,,,0,2000-00-00,2000-00-00,2000-00-00,,,,,0,0,no
,"Shri Ganesh Agro Agencies-Pangri",,,"PARBHANI",Hemant S Shinde,N,0,,0,N,0,,D,"",,"",,"",,,,,,,,0,,,,,MAHARASHTRA,0,0,,0,,,,0,0000-00-00,0000-00-00,0000-00-00,,,,,0,0,
,"Shri Ganesh Agro Services",,,"LATUR",Hemant S Shinde,N,0,,0,N,0,,D,"",,"",,"",,,,,,,,0,,,,,MAHARASHTRA,0,0,,0,,,,0,0000-00-00,0000-00-00,0000-00-00,,,,,0,0,
,"Shri Ganesh Agro Services (Ahmednagar)",,,"A NAGAR",Hemant S Shinde,N,0,,0,N,0,,D,"",,"",,"",,,,,,,,0,,,,,MAHARASHTRA,0,0,,0,,,,0,0000-00-00,0000-00-00,0000-00-00,,,,,0,0,
,"Shri Ganesh Traders",,,"BEED",Hemant S Shinde,N,0,,0,N,0,,D,"",,"",,"",,,,,,,,0,,,,,MAHARASHTRA,0,0,,0,,,,0,0000-00-00,0000-00-00,0000-00-00,,,,,0,0,
,"Shri Ganga Traders",,,"JABALPUR",Sunil Awadhwal,Y,0,,0,N,0,,D,"",,"",,"",,,,,,,,0,,,,,MADHYA PRADESH,0,0,,0,,,,0,2000-00-00,2000-00-00,2000-00-00,,,,,0,0,
D000796,"SHRI GANGANAGAR PUMP & AGRO SALES",9667718802,,"FATEHNAGAR",Praveen Sharma,Y,0,,0,N,0,,D,"",,"",,"",,,,,,,,0,,,,,RAJASTHAN,0,0,,0,,,,0,0000-00-00,0000-00-00,0000-00-00,,,,,0,0,
D000796,"SHRI GANGANAGAR PUMP & AGRO SALES",9667718802,,"FATEHNAGAR",Aditya Rathi,Y,0,,0,N,0,,D,"",,"",,"",,,,,,,,0,,,,,RAJASTHAN,0,0,,0,,,,0,0000-00-00,0000-00-00,0000-00-00,,,,,0,0,
D000776,"SHRI HARI COMPANY",9571164654,,"SANGANER",Praveer Kr Dixit,Y,0,,0,N,0,,D,"",,"",,"",,,,,,,,0,,,,,RAJASTHAN,0,0,,0,,,,0,0000-00-00,0000-00-00,0000-00-00,,,,,0,0,
D000776,"SHRI HARI COMPANY",9571164654,,"Bundi",Ashish Sharma,Y,0,,0,N,0,,D,"",,"",,"",,,,,,,,0,,,,,RAJASTHAN,0,0,,0,,,,0,2000-00-00,2000-00-00,2000-00-00,,,,,0,0,
D000776,"SHRI HARI COMPANY",9571164654,,"Bundi",Praveer Kr Dixit,Y,0,,0,N,0,,D,"",,"",,"",,,,,,,,0,,,,,RAJASTHAN,0,0,,0,,,,0,2000-00-00,2000-00-00,2000-00-00,,,,,0,0,
D000797,"SHRI HARI HITECH HORTICULTURE",9414827997,,"CHHARODA",Vivek Kumar,Y,0,,0,N,0,,D,"",,"",,"",,,,,,,,0,,,,,RAJASTHAN,0,0,,0,,,,0,0000-00-00,0000-00-00,0000-00-00,,,,,0,0,
,"SHRI HARI HITECH HORTICULTURE",9414827997,,"SAWAI MADHOPUR",Vivek Kumar,Y,0,,0,N,0,,D,"",,"",,"",,,,,,,,0,,,,,RAJASTHAN,0,0,,0,,,,0,0000-00-00,0000-00-00,0000-00-00,,,,,0,0,
,"SHRI HARI HITECH HORTICULTURE",9414827997,,"SAWAI MADHOPUR",Prathviraj,Y,0,,0,N,0,,D,"",,"",,"",,,,,,,,0,,,,,RAJASTHAN,0,0,,0,,,,0,0000-00-00,0000-00-00,0000-00-00,,,,,0,0,
,"Shri Hari Irrigation Services",9552826096,,"Akola",Gopal C Rathod,Y,0,,0,N,0,,D,"",,"LONAGRE COMPLEX BYPAS CHOWK",,"NILESH DHANRAJ MAHALLE",,,,,,,,0,,,,,MAHARASHTRA,0,0,,0,,,,0,2000-00-00,2000-00-00,2000-00-00,,,,,0,0,
,"Shri Hari Irrigation Services",9552826096,,"Akola",Hemant S Shinde,N,0,,0,N,0,,D,"",,"LONAGRE COMPLEX BYPAS CHOWK",,"NILESH DHANRAJ MAHALLE",,,,,,,,0,,,,,MAHARASHTRA,0,0,,0,,,,0,2000-00-00,2000-00-00,2000-00-00,,,,,0,0,
,"Shri Hari Irrigation Services",9552826096,,"",Hemant S Shinde,N,0,,0,N,0,,D,"",,"LONAGRE COMPLEX BYPAS CHOWK",,"NILESH DHANRAJ MAHALLE",,,,,,,,0,,,,,MAHARASHTRA,0,0,,0,,,,0,2000-00-00,2000-00-00,2000-00-00,,,,,0,0,
D000166,"SHRI HARI KRISHI SEVA KENDRA",9993041064,,"BATERA",Anil Kr Vishwakarma,Y,0,,0,N,0,,D,"",,"",,"",,,,,,,,0,,,,,MADHYA PRADESH,0,0,,0,,,,0,2000-00-00,2000-00-00,2000-00-00,,,,,0,0,no
D000913,"SHRI JI AGRO",7999646763,,"KINCH",Praveer Kr Dixit,Y,0,,0,N,0,,D,"",,"",,"",,,,,,,,0,,,,,UP,0,0,,0,,,,0,2000-00-00,2000-00-00,2000-00-00,,,,,0,0,no
D000804,"SHRI JI IRRIGATION",7665506666,,"PAWATA",Praveen Sharma,Y,0,,0,N,0,,D,"",,"",,"",,,,,,,,0,,,,,RAJASTHAN,0,0,,0,,,,0,0000-00-00,0000-00-00,0000-00-00,,,,,0,0,
D000804,"SHRI JI IRRIGATION",7665506666,,"PAWATA",Aditya Rathi,Y,0,,0,N,0,,D,"",,"",,"",,,,,,,,0,,,,,RAJASTHAN,0,0,,0,,,,0,0000-00-00,0000-00-00,0000-00-00,,,,,0,0,
,"SHRI KALYAN TRADING CO",9414922998,,"PHAGI",Devendra Kr.Tripathi,Y,0,,0,N,0,,D,"",,"",,"",,,,,,,,0,,,,,RAJASTHAN,0,0,,0,,,,0,0000-00-00,0000-00-00,0000-00-00,,,,,0,0,
,"SHRI KHETESHWAR KRISHI STORE",,,"STATION ROAD",A.K Sharma,Y,0,,0,N,0,,D,"",,"",,"",,,,,,,,0,,,,,RAJASTHAN,0,0,,0,,,,0,2000-00-00,2000-00-00,2000-00-00,,,,,0,0,
,"Shri Khodkeswar Trading Company",9730535520,,"HINGOLI",Hemant S Shinde,Y,0,,0,N,0,,D,"",,"HINGOLI",,"GANGADHAR SHIVRAM ANAGONDE",,,,,,,,0,,,,,MAHARASHTRA,0,0,,0,,,,0,2000-00-00,2000-00-00,2000-00-00,,,,,0,0,
D000799,"SHRI KISAN TRADING CO.",9660460940,,"RATANGARH",A.K Sharma,Y,0,,0,N,0,,D,"",,"",,"",,,,,,,,0,,,,,RAJASTHAN,0,0,,0,,,,0,0000-00-00,0000-00-00,0000-00-00,,,,,0,0,
,"Shri Krishan Krishi Yantralaya",,,"CHHATARGARH",A.K Sharma,Y,0,,0,N,0,,D,"",,"",,"",,,,,,,,0,,,,,RAJASTHAN,0,0,,0,,,,0,2000-00-00,2000-00-00,2000-00-00,,,,,0,0,
,"SHRI KRISHNA TRADING COMPANY",7023483656,,"VIRAT NAGAR",Vivek Kumar,Y,0,,0,N,0,,D,"",,"",,"",,,,,,,,0,,,,,RAJASTHAN,0,0,,0,,,,0,0000-00-00,0000-00-00,0000-00-00,,,,,0,0,
,"SHRI KRISHNA TRADING COMPANY",7023483656,,"VIRAT NAGAR",Prathviraj,Y,0,,0,N,0,,D,"",,"",,"",,,,,,,,0,,,,,RAJASTHAN,0,0,,0,,,,0,0000-00-00,0000-00-00,0000-00-00,,,,,0,0,
,"Shri Krupa Hardware & Machinery",,,"Washim",Hemant S Shinde,Y,0,,0,N,0,,D,"",,"",,"",,,,,,,,0,,,,,MAHARASHTRA,0,0,,0,,,,0,0000-00-00,0000-00-00,0000-00-00,,,,,0,0,
D000800,"SHRI LAXMI ENTERPRISES",9530071155,,"UDAIPURWATI",A.K Sharma,Y,0,,0,N,0,,D,"",,"",,"",,,,,,,,0,,,,,RAJASTHAN,0,0,,0,,,,0,0000-00-00,0000-00-00,0000-00-00,,,,,0,0,
,"SHRI NAGESHWAR THIBAK AGENCY (JALGAON)",,,"JALGAON",Hemant S Shinde,N,0,,0,N,0,,D,"",,"",,"",,,,,,,,0,,,,,MAHARASHTRA,0,0,,0,,,,0,0000-00-00,0000-00-00,0000-00-00,,,,,0,0,
,"SHRI NATH AGRO",9413693547,,"PUSKAR",Vivek Kumar,Y,0,,0,N,0,,D,"",,"",,"",,,,,,,,0,,,,,RAJASTHAN,0,0,,0,,,,0,0000-00-00,0000-00-00,0000-00-00,,,,,0,0,
,"SHRI NATH AGRO",9413693547,,"PUSKAR",Prathviraj,Y,0,,0,N,0,,D,"",,"",,"",,,,,,,,0,,,,,RAJASTHAN,0,0,,0,,,,0,0000-00-00,0000-00-00,0000-00-00,,,,,0,0,
,"SHRI NATH TRADING CO.(NANDED)",,,"NANDED",Hemant S Shinde,N,0,,0,N,0,,D,"",,"",,"",,,,,,,,0,,,,,MAHARASHTRA,0,0,,0,,,,0,0000-00-00,0000-00-00,0000-00-00,,,,,0,0,
D000766,"SHRI OM AGENCY",9571164654,,"MALPURA",Ashish Sharma,Y,0,,0,N,0,,D,"",,"",,"",,,,,,,,0,,,,,RAJASTHAN,0,0,,0,,,,0,2000-00-00,2000-00-00,2000-00-00,,,,,0,0,
D000766,"SHRI OM AGENCY",9571164654,,"MALPURA",Praveer Kr Dixit,Y,0,,0,N,0,,D,"",,"",,"",,,,,,,,0,,,,,RAJASTHAN,0,0,,0,,,,0,2000-00-00,2000-00-00,2000-00-00,,,,,0,0,
D000766,"SHRI OM AGENCY",9571164654,,"Tonk",Praveer Kr Dixit,Y,0,,0,N,0,,D,"",,"",,"",,,,,,,,0,,,,,RAJASTHAN,0,0,,0,,,,0,0000-00-00,0000-00-00,0000-00-00,,,,,0,0,
,"SHRI PAHARI MATA TRADING CO",9050931876,,"Mahendergarh",Sanjay Kr Sharma,Y,0,,0,N,0,,D,"",,"",,"",,,,,,,,0,,,,,HARYANA,0,0,,0,,,,0,0000-00-00,0000-00-00,0000-00-00,,,,,0,0,
D000805,"SHRI RAM ENTERPRISES",9414771578,,"BHAWANI MANDI",Devendra Kr.Tripathi,Y,0,,0,N,0,,D,"",,"",,"",,,,,,,,0,,,,,RAJASTHAN,0,0,,0,,,,0,0000-00-00,0000-00-00,0000-00-00,,,,,0,0,
D000806,"SHRI RAM MACHINERY STORE",9887276001,,"CHOMU",A.K Sharma,Y,0,,0,N,0,,D,"",,"",,"",,,,,,,,0,,,,,RAJASTHAN,0,0,,0,,,,0,0000-00-00,0000-00-00,0000-00-00,,,,,0,0,
,"SHRI RAM TRADERS (SILLOD)",,,"Aurangabad",Hemant S Shinde,N,0,,0,N,0,,D,"",,"",,"",,,,,,,,0,,,,,MAHARASHTRA,0,0,,0,,,,0,0000-00-00,0000-00-00,0000-00-00,,,,,0,0,
D000733,"SHRI RANATBHANWAR IRRIGATION SYSTEM",9694572264,,"SAWAIMADHOPUR",Devendra Kr.Tripathi,Y,0,,0,N,0,,D,"",,"",,"",,,,,,,,0,,,,,RAJASTHAN,0,0,,0,,,,0,0000-00-00,0000-00-00,0000-00-00,,,,,0,0,
D000807,"SHRI SADAFAL SALES CORP.",7597779888,,"SEWAD BADI",A.K Sharma,Y,0,,0,N,0,,D,"",,"",,"",,,,,,,,0,,,,,RAJASTHAN,0,0,,0,,,,0,0000-00-00,0000-00-00,0000-00-00,,,,,0,0,
,"SHRI SADGURU IRRIGATION  (NAYADEVI)",,,"BULDHANA",Hemant S Shinde,N,0,,0,N,0,,D,"",,"",,"",,,,,,,,0,,,,,MAHARASHTRA,0,0,,0,,,,0,0000-00-00,0000-00-00,0000-00-00,,,,,0,0,
,"Shri Sai Traders, Nanded",,,"NANDED",Hemant S Shinde,N,0,,0,N,0,,D,"",,"",,"",,,,,,,,0,,,,,MAHARASHTRA,0,0,,0,,,,0,0000-00-00,0000-00-00,0000-00-00,,,,,0,0,
,"Shri Samarth Agro Agency Osmanabad",,,"OSMANABAD",Hemant S Shinde,N,0,,0,N,0,,D,"",,"",,"",,,,,,,,0,,,,,MAHARASHTRA,0,0,,0,,,,0,0000-00-00,0000-00-00,0000-00-00,,,,,0,0,
,"Shri Santkrupa Agro Traders",,,"JALANA",Hemant S Shinde,N,0,,0,N,0,,D,"",,"",,"",,,,,,,,0,,,,,MAHARASHTRA,0,0,,0,,,,0,0000-00-00,0000-00-00,0000-00-00,,,,,0,0,
NE003720210203115353,"SHRI SHYAM ELECTRIC STORE",9928168912,,"PAWATA",Devendra Kr.Tripathi,Y,0,,0,N,0,,R,"",,"SHYAM MARKET PAOTA",,"",,,,,,,,,,,,,RAJASTHAN,0,0,,0,,,,0,0000-00-00,0000-00-00,0000-00-00,,,,303106,0,0,no
,"Shri Swami Samartha Krishi Seva Kendra,Nandgaon",,,"NASHIK",Hemant S Shinde,N,0,,0,N,0,,D,"",,"",,"",,,,,,,,0,,,,,MAHARASHTRA,0,0,,0,,,,0,0000-00-00,0000-00-00,0000-00-00,,,,,0,0,
,"Shri Vishnu Trading Co",,,"SIKAR",A.K Sharma,Y,0,,0,N,0,,D,"",,"",,"",,,,,,,,0,,,,,RAJASTHAN,0,0,,0,,,,0,2000-00-00,2000-00-00,2000-00-00,,,,,0,0,
,"Shrikrushna Agency , Bhokardan",,,"JALANA",Hemant S Shinde,N,0,,0,N,0,,D,"",,"",,"",,,,,,,,0,,,,,MAHARASHTRA,0,0,,0,,,,0,0000-00-00,0000-00-00,0000-00-00,,,,,0,0,
,"SHRISHANT TRADERS",,,"OSMANABAD",Hemant S Shinde,N,0,,0,N,0,,D,"",,"",,"",,,,,,,,0,,,,,MAHARASHTRA,0,0,,0,,,,0,0000-00-00,0000-00-00,0000-00-00,,,,,0,0,
,"Shrushti Agro AgenciesHI",,,"NASHIK",Hemant S Shinde,N,0,,0,N,0,,D,"",,"",,"",,,,,,,,0,,,,,MAHARASHTRA,0,0,,0,,,,0,0000-00-00,0000-00-00,0000-00-00,,,,,0,0,
D000816,"SHUBHAM AGRO TECH",9414720106,,"GAYATRI NAGAR PAL ROAD",Praveen Sharma,Y,0,,0,N,0,,D,"",,"",,"",,,,,,,,0,,,,,RAJASTHAN,0,0,,0,,,,0,0000-00-00,0000-00-00,0000-00-00,,,,,0,0,
D000816,"SHUBHAM AGRO TECH",9414720106,,"GAYATRI NAGAR PAL ROAD",Aditya Rathi,Y,0,,0,N,0,,D,"",,"",,"",,,,,,,,0,,,,,RAJASTHAN,0,0,,0,,,,0,0000-00-00,0000-00-00,0000-00-00,,,,,0,0,
D000816,"SHUBHAM AGRO TECH",9414720106,,"JODHPUR",Praveen Sharma,N,0,,0,N,0,,D,"",,"",,"",,,,,,,,0,,,,,RAJASTHAN,0,0,,0,,,,0,0000-00-00,0000-00-00,0000-00-00,,,,,0,0,
D000816,"SHUBHAM AGRO TECH",9414720106,,"JODHPUR",Aditya Rathi,Y,0,,0,N,0,,D,"",,"",,"",,,,,,,,0,,,,,RAJASTHAN,0,0,,0,,,,0,0000-00-00,0000-00-00,0000-00-00,,,,,0,0,
,"Shyam Agro",,,"Hathras",Yogesh Babu,Y,0,,0,N,0,,D,"",,"",,"",,,,,,,,0,,,,,UP,0,0,,0,,,,0,0000-00-00,0000-00-00,0000-00-00,,,,,0,0,
,"SIDDESH AGRO AGENCY (AMALNER)",,,"JALGAON",Hemant S Shinde,N,0,,0,N,0,,D,"",,"",,"",,,,,,,,0,,,,,MAHARASHTRA,0,0,,0,,,,0,0000-00-00,0000-00-00,0000-00-00,,,,,0,0,
D000731,"SIDDHARTH PIPES",9828858884,,"JODHPUR",Praveen Sharma,Y,0,,0,N,0,,D,"",,"",,"",,,,,,,,0,,,,,RAJASTHAN,0,0,,0,,,,0,0000-00-00,0000-00-00,0000-00-00,,,,,0,0,
D000731,"SIDDHARTH PIPES",9828858884,,"JODHPUR",Aditya Rathi,Y,0,,0,N,0,,D,"",,"",,"",,,,,,,,0,,,,,RAJASTHAN,0,0,,0,,,,0,0000-00-00,0000-00-00,0000-00-00,,,,,0,0,
,"SIDDHESHWAR KRUSHI KENDRA (VIDUL)",,,"YAVATMAL",Hemant S Shinde,N,0,,0,N,0,,D,"",,"",,"",,,,,,,,0,,,,,MAHARASHTRA,0,0,,0,,,,0,0000-00-00,0000-00-00,0000-00-00,,,,,0,0,
,"Siddhi Agro Agency",,,"",Hemant S Shinde,N,0,,0,N,0,,D,"",,"",,"",,,,,,,,0,,,,,MAHARASHTRA,0,0,,0,,,,0,2000-00-00,2000-00-00,2000-00-00,,,,,0,0,
,"Siddhi Agro Agency",,,"Risod",Hemant S Shinde,Y,0,,0,N,0,,D,"",,"",,"",,,,,,,,0,,,,,MAHARASHTRA,0,0,,0,,,,0,2000-00-00,2000-00-00,2000-00-00,,,,,0,0,
,"Siddhi Agro Agency",,,"Washim",Hemant S Shinde,Y,0,,0,N,0,,D,"",,"",,"",,,,,,,,0,,,,,MAHARASHTRA,0,0,,0,,,,0,0000-00-00,0000-00-00,0000-00-00,,,,,0,0,
,"Siddhivinayak  Agro, Jalna",,,"JALANA",Hemant S Shinde,N,0,,0,N,0,,D,"",,"",,"",,,,,,,,0,,,,,MAHARASHTRA,0,0,,0,,,,0,0000-00-00,0000-00-00,0000-00-00,,,,,0,0,
D000093,"SINGHAL IRRIGATION SYSTEM",9873960891,,"SONIPAT ROAD",Ramesh Kr.Verma,Y,0,,0,N,0,,D,"",,"",,"",,,,,,,,0,,,,,HARYANA,0,0,,0,,,,0,0000-00-00,0000-00-00,0000-00-00,,,,,0,0,no
D000811,"SIRSA SALES",9413379799,,"JAWAHAR NAGAR",Praveen Sharma,Y,0,,0,N,0,,D,"",,"",,"",,,,,,,,0,,,,,RAJASTHAN,0,0,,0,,,,0,0000-00-00,0000-00-00,0000-00-00,,,,,0,0,
D000811,"SIRSA SALES",9413379799,,"JAWAHAR NAGAR",Aditya Rathi,Y,0,,0,N,0,,D,"",,"",,"",,,,,,,,0,,,,,RAJASTHAN,0,0,,0,,,,0,0000-00-00,0000-00-00,0000-00-00,,,,,0,0,
,"SIVAN ENTERPRISES",9080498409,,"GINJEE",Jayabal. J,Y,0,,0,N,0,,D,"",,"",,"",,,,,,,,0,,,,,TAMIL NADU,0,0,,0,,,,0,0000-00-00,0000-00-00,0000-00-00,,,,604202,0,0,no
D000752,"SIYAK TRADING COMPANY",9413442817,,"SIKAR",A.K Sharma,Y,0,,0,N,0,,D,"",,"",,"",,,,,,,,0,,,,,RAJASTHAN,0,0,,0,,,,0,0000-00-00,0000-00-00,0000-00-00,,,,,0,0,
D000062,"SIYARAM IRRITECH",9416042768,,"NEW GRAIN MARKET",Ramesh Kr.Verma,Y,0,,0,N,0,,D,"",,"",,"",,,,,,,,0,,,,,HARYANA,0,0,,0,,,,0,0000-00-00,0000-00-00,0000-00-00,,,,,0,0,no
D000140,"SKY CONTRACTORS & TRADERSA PVT.LTD.",7250229393,,"LALPUR CHOWK",Anup Kumar,Y,0,,0,N,0,,D,"",,"",,"",,,,,,,,0,,,,,JHARKHAND,0,0,,0,,,,0,2000-00-00,2000-00-00,2000-00-00,,,,,0,0,no
,"Sodhiya Pipe Traders",,,"SAGAR",Sunil Awadhwal,Y,0,,0,N,0,,D,"",,"",,"",,,,,,,,0,,,,,MADHYA PRADESH,0,0,,0,,,,0,0000-00-00,0000-00-00,0000-00-00,,,,,0,0,
,"Sohan Lal Bharat Bhushan Modi",,,"Fazilka",Vivek Kumar,Y,0,,0,N,0,,D,"",,"",,"",,,,,,,,0,,,,,Punjab,0,0,,0,,,,0,2000-00-00,2000-00-00,2000-00-00,,,,,0,0,
,"Sohan Lal Bharat Bhushan Modi",,,"Fazilka",Arvind Pathak,Y,0,,0,N,0,,D,"",,"",,"",,,,,,,,0,,,,,Punjab,0,0,,0,,,,0,2000-00-00,2000-00-00,2000-00-00,,,,,0,0,
,"Solanki  Krishi Bazar",,,"Satrunda",Basant Lal Patidar,Y,0,,0,N,0,,D,"",,"",,"",,,,,,,,0,,,,,MADHYA PRADESH,0,0,,0,,,,0,2000-00-00,2000-00-00,2000-00-00,,,,,0,0,
,"Solanki Kisan Bazar",,,"Mandsaur",Anil Kr Vishwakarma,Y,0,,0,N,0,,D,"",,"",,"",,,,,,,,0,,,,,MADHYA PRADESH,0,0,,0,,,,0,2000-00-00,2000-00-00,2000-00-00,,,,,0,0,
,"SOLAR ENERGY",8233906613,,"Jaipur",Vivek Kumar,Y,0,,0,N,0,,D,"",,"",,"",,,,,,,,0,,,,,RAJASTHAN,0,0,,0,,,,0,0000-00-00,0000-00-00,0000-00-00,,,,,0,0,
,"SOLAR ENERGY",8233906613,,"Jaipur",Prathviraj,Y,0,,0,N,0,,D,"",,"",,"",,,,,,,,0,,,,,RAJASTHAN,0,0,,0,,,,0,0000-00-00,0000-00-00,0000-00-00,,,,,0,0,
D000812,"SOLAR ENRGY & IRRIGATION",7742383828,,"KHEJROLI, CHOMU",Vivek Kumar,Y,0,,0,N,0,,D,"",,"",,"",,,,,,,,0,,,,,RAJASTHAN,0,0,,0,,,,0,0000-00-00,0000-00-00,0000-00-00,,,,,0,0,no
,"SOLAR ENRGY & IRRIGATION",7742383828,,"KHEJROLI",Vivek Kumar,Y,0,,0,N,0,,D,"",,"",,"",,,,,,,,0,,,,,RAJASTHAN,0,0,,0,,,,0,0000-00-00,0000-00-00,0000-00-00,,,,,0,0,
,"SOLAR ENRGY & IRRIGATION",7742383828,,"KHEJROLI",Prathviraj,Y,0,,0,N,0,,D,"",,"",,"",,,,,,,,0,,,,,RAJASTHAN,0,0,,0,,,,0,0000-00-00,0000-00-00,0000-00-00,,,,,0,0,
D000812,"SOLAR ENRGY & IRRIGATION",7742383828,,"KHEJROLI CHOMU",Vivek Kumar,Y,0,,0,N,0,,D,"",,"",,"",,,,,,,,0,,,,,RAJASTHAN,0,0,,0,,,,0,0000-00-00,0000-00-00,0000-00-00,,,,,0,0,
D000812,"SOLAR ENRGY & IRRIGATION",7742383828,,"KHEJROLI CHOMU",Prathviraj,Y,0,,0,N,0,,D,"",,"",,"",,,,,,,,0,,,,,RAJASTHAN,0,0,,0,,,,0,0000-00-00,0000-00-00,0000-00-00,,,,,0,0,
,"Soumya Irrigation & Food Products",,,"Loharda",Krishna C Premee,N,0,,0,N,0,,D,"",,"",,"",,,,,,,,0,,,,,JHARKHAND,0,0,,0,,,,0,0000-00-00,0000-00-00,0000-00-00,,,,,0,0,
,"Soumya Irrigation & Food Products",,,"Lohardaga",Krishna C Premee,Y,0,,0,N,0,,D,"",,"",,"",,,,,,,,0,,,,,JHARKHAND,0,0,,0,,,,0,0000-00-00,0000-00-00,0000-00-00,,,,,0,0,
,"SRI ANDAL IRRIGATION",,,"VIRUDHUNAGAR",PRAKASH.K,N,0,,0,N,0,,D,"",,"",,"",,,,,,,,0,,,,,TAMIL NADU,0,0,,0,,,,0,2000-00-00,2000-00-00,2000-00-00,,,,,0,0,
,"SRI ANDAL IRRIGATION",9789584224,,"MOOVARAI VENDAN",SHENBAGARAJA,Y,0,,0,N,0,,D,"",,"",,"",,,,,,,,0,,,,,TAMIL NADU,0,0,,0,,,,0,0000-00-00,0000-00-00,0000-00-00,,,,626138,0,0,no
,"SRI ANNAMALAI ENTERPRISES",76397 71609,,"KRISHNAGIRI",,N,0,,0,N,0,,D,"",,"",,"",,,,,,,,0,,,,,TAMIL NADU,0,0,,0,,,,0,0000-00-00,0000-00-00,0000-00-00,,,,,0,0,
,"SRI ANNAMALAI ENTERPRISES",76397 71609,,"KRISHNAGIRI",VENKATARAMAN.P,N,0,,0,N,0,,D,"",,"",,"",,,,,,,,0,,,,,TAMIL NADU,0,0,,0,,,,0,0000-00-00,0000-00-00,0000-00-00,,,,,0,0,
,"SRI ANNAMALAI ENTERPRISES",76397 71609,,"KRISHNAGIRI",,N,0,,0,N,0,,D,"",,"",,"",,,,,,,,0,,,,,TAMIL NADU,0,0,,0,,,,0,0000-00-00,0000-00-00,0000-00-00,,,,,0,0,
,"Sri Bala Ji Tube Spare Parts",,,"BHIWANI",Amarjeet Yadav,Y,0,,0,N,0,,D,"",,"",,"",,,,,,,,0,,,,,HARYANA,0,0,,0,,,,0,0000-00-00,0000-00-00,0000-00-00,,,,,0,0,
D000765,"SRI BALAJI AGRO CLINIC",9001639851,,"NAINWA",Praveer Kr Dixit,Y,0,,0,N,0,,D,"",,"",,"",,,,,,,,0,,,,,RAJASTHAN,0,0,,0,,,,0,0000-00-00,0000-00-00,0000-00-00,,,,,0,0,
D000845,"SRI DINESH AGRO",9626265277,,"seethaparpa nallur",,N,0,,0,N,0,,D,"",,"",,"",,,,,,,,0,,,,,Tamil Nadu,0,0,,0,,,,0,2000-00-00,2000-00-00,2000-00-00,,,,,0,0,
D000845,"SRI DINESH AGRO",9626265277,,"seethaparpa nallur",,Y,0,,0,N,0,,D,"",,"",,"",,,,,,,,0,,,,,Tamil Nadu,0,0,,0,,,,0,2000-00-00,2000-00-00,2000-00-00,,,,,0,0,
D000845,"SRI DINESH AGRO",9626265277,,"seethaparpa nallur",PRAKASH.K,N,0,,0,N,0,,D,"",,"",,"",,,,,,,,0,,,,,Tamil Nadu,0,0,,0,,,,0,2000-00-00,2000-00-00,2000-00-00,,,,,0,0,
D000845,"SRI DINESH AGRO",9626265277,,"seethaparpa nallur",,Y,0,,0,N,0,,D,"",,"",,"",,,,,,,,0,,,,,Tamil Nadu,0,0,,0,,,,0,2000-00-00,2000-00-00,2000-00-00,,,,,0,0,
,"SRI DINESH AGRO",9626265277,,"TIRUNELVELI",,N,0,,0,N,0,,D,"",,"",,"",,,,,,,,0,,,,,TAMIL NADU,0,0,,0,,,,0,0000-00-00,0000-00-00,0000-00-00,,,,,0,0,
,"SRI DINESH AGRO",9626265277,,"TIRUNELVELI",,N,0,,0,N,0,,D,"",,"",,"",,,,,,,,0,,,,,TAMIL NADU,0,0,,0,,,,0,0000-00-00,0000-00-00,0000-00-00,,,,,0,0,
D000150,"SRI GANESH ENTERPRISES",9900493798,,"CHANNAGIRI",M.S Shrikanta,Y,0,,0,N,0,,D,"",,"",,"",,,,,,,,0,,,,,KARNATAKA,0,0,,0,,,,0,2000-00-00,2000-00-00,2000-00-00,,,,,0,0,no
,"SRI HARI IRRIGATION",,,"DHARMAPURI",SELVAKUMAR.M-1,N,0,,0,N,0,,D,"",,"",,"",,,,,,,,0,,,,,TAMIL NADU,0,0,,0,,,,0,0000-00-00,0000-00-00,0000-00-00,,,,,0,0,
,"SRI HARI IRRIGATION",986565316,,"PALACODE",Kirubagaran,Y,0,,0,N,0,,D,"",,"",,"",,,,,,,,0,,,,,TAMIL NADU,0,0,,0,,,,0,0000-00-00,0000-00-00,0000-00-00,,,,636805,0,0,no
D000020,"SRI HARSHITHA AGENCIES",8142543133,,"KOTHACHERUVU, MANDAL",C Rajesh Naidu,Y,0,,0,N,0,,D,"",,"",,"",,,,,,,,0,,,,,ANDHRA PRADESH,0,0,,0,,,,0,0000-00-00,0000-00-00,0000-00-00,,,,,0,0,no
D000020,"SRI HARSHITHA AGENCIES",8142543133,,"KOTHACHERUVU MANDAL",C Rajesh Naidu,Y,0,,0,N,0,,D,"",,"",,"",,,,,,,,0,,,,,ANDHRA PRADESH,0,0,,0,,,,0,2000-00-00,2000-00-00,2000-00-00,,,,,0,0,no
D000892,"SRI KRISHNA AGENCIES",8903980773,,"SANKARAPURAM TALUK",,N,0,,0,N,0,,D,"",,"",,"",,,,,,,,0,,,,,Tamil Nadu,0,0,,0,,,,0,2000-00-00,2000-00-00,2000-00-00,,,,,0,0,
D000892,"SRI KRISHNA AGENCIES",8903980773,,"SANKARAPURAM TALUK",,N,0,,0,N,0,,D,"",,"",,"",,,,,,,,0,,,,,Tamil Nadu,0,0,,0,,,,0,2000-00-00,2000-00-00,2000-00-00,,,,,0,0,
,"SRI KRISHNA AGENCIES",8903980773,,"VILLUPURAM",VENKATESWARAN.J,N,0,,0,N,0,,D,"",,"",,"",,,,,,,,0,,,,,TAMIL NADU,0,0,,0,,,,0,0000-00-00,0000-00-00,0000-00-00,,,,,0,0,
,"SRI KRISHNA AGENCIES",8903980773,,"VELLIMALAI,PALAPATTU",Parthiban,Y,0,,0,N,0,,D,"",,"",,"",,,,,,,,0,,,,,TAMIL NADU,0,0,,0,,,,0,2000-00-00,2000-00-00,2000-00-00,,,,606401,0,0,no
,"SRI KRISHNA AGENCIES",8903980773,,"VELLIMALAIPALAPATTU",Parthiban,Y,0,,0,N,0,,D,"",,"",,"",,,,,,,,0,,,,,TAMIL NADU,0,0,,0,,,,0,0000-00-00,0000-00-00,0000-00-00,,,,606401,0,0,no
,"SRI LAKSHMI AGENCY",9952483064,,"PERAMBALUR JUDE COMPLEX",JAYAPAL,Y,0,,0,N,0,,D,"",,"",,"",,,,,,,,0,,,,,TAMIL NADU,0,0,,0,,,,0,0000-00-00,0000-00-00,0000-00-00,,,,621220,0,0,no
D000021,"SRI LAKSHMI VINAYAKA AGENCIES",8500227568,,"RAJAMPET MANDAL",M.Ayub Sait,Y,0,,0,N,0,,D,"",,"",,"",,,,,,,,0,,,,,ANDHRA PRADESH,0,0,,0,,,,0,2000-00-00,2000-00-00,2000-00-00,,,,,0,0,no
D000846,"SRI MAHALAKSHMI AGENCIES",9976414111,,"KAYATHAR",,N,0,,0,N,0,,D,"",,"",,"",,,,,,,,0,,,,,Tamil Nadu,0,0,,0,,,,0,2000-00-00,2000-00-00,2000-00-00,,,,,0,0,
D000846,"SRI MAHALAKSHMI AGENCIES",9976414111,,"KAYATHAR",,Y,0,,0,N,0,,D,"",,"",,"",,,,,,,,0,,,,,Tamil Nadu,0,0,,0,,,,0,2000-00-00,2000-00-00,2000-00-00,,,,,0,0,
D000846,"SRI MAHALAKSHMI AGENCIES",9976414111,,"KAYATHAR",PRAKASH.K,N,0,,0,N,0,,D,"",,"",,"",,,,,,,,0,,,,,Tamil Nadu,0,0,,0,,,,0,2000-00-00,2000-00-00,2000-00-00,,,,,0,0,
D000846,"SRI MAHALAKSHMI AGENCIES",9976414111,,"KAYATHAR",,Y,0,,0,N,0,,D,"",,"",,"",,,,,,,,0,,,,,Tamil Nadu,0,0,,0,,,,0,2000-00-00,2000-00-00,2000-00-00,,,,,0,0,
,"SRI MAHALAKSHMI AGENCIES",9976414111,,"THOOTHUKUDI",,N,0,,0,N,0,,D,"",,"",,"",,,,,,,,0,,,,,TAMIL NADU,0,0,,0,,,,0,0000-00-00,0000-00-00,0000-00-00,,,,,0,0,
,"SRI MAHALAKSHMI AGENCIES",9976414111,,"THOOTHUKUDI",,N,0,,0,N,0,,D,"",,"",,"",,,,,,,,0,,,,,TAMIL NADU,0,0,,0,,,,0,0000-00-00,0000-00-00,0000-00-00,,,,,0,0,
D000023,"SRI MALLIKARJUNA ENTERPRISES",,,"ANANTAPURAMU",C Rajesh Naidu,Y,0,,0,N,0,,D,"",,"",,"",,,,,,,,0,,,,,ANDHRA PRADESH,0,0,,0,,,,0,2000-00-00,2000-00-00,2000-00-00,,,,,0,0,no
D000024,"SRI MARUTI ENTERPRISES",9963280280,,"V&P BATHALAPALLI, MANDAL",P Naresh Kumar,Y,0,,0,N,0,,D,"",,"",,"",,,,,,,,0,,,,,ANDHRA PRADESH,0,0,,0,,,,0,0000-00-00,0000-00-00,0000-00-00,,,,,0,0,no
D000024,"SRI MARUTI ENTERPRISES",9963280280,,"V&P BATHALAPALLI MANDAL",P Naresh Kumar,Y,0,,0,N,0,,D,"",,"",,"",,,,,,,,0,,,,,ANDHRA PRADESH,0,0,,0,,,,0,2000-00-00,2000-00-00,2000-00-00,,,,,0,0,no
D000841,"SRI MEENAKSHI AGRO AGENCY",9788030468,,"PUDUKOTTAI",,N,0,,0,N,0,,D,"",,"",,"",,,,,,,,0,,,,,Tamil Nadu,0,0,,0,,,,0,2000-00-00,2000-00-00,2000-00-00,,,,,0,0,
D000841,"SRI MEENAKSHI AGRO AGENCY",9788030468,,"PUDUKOTTAI",,Y,0,,0,N,0,,D,"",,"",,"",,,,,,,,0,,,,,Tamil Nadu,0,0,,0,,,,0,2000-00-00,2000-00-00,2000-00-00,,,,,0,0,
D000841,"SRI MEENAKSHI AGRO AGENCY",9788030468,,"PUDUKOTTAI",AJITH KUMAR,N,0,,0,N,0,,D,"",,"",,"",,,,,,,,0,,,,,Tamil Nadu,0,0,,0,,,,0,2000-00-00,2000-00-00,2000-00-00,,,,,0,0,
D000841,"SRI MEENAKSHI AGRO AGENCY",9788030468,,"PUDUKOTTAI",,Y,0,,0,N,0,,D,"",,"",,"",,,,,,,,0,,,,,Tamil Nadu,0,0,,0,,,,0,2000-00-00,2000-00-00,2000-00-00,,,,,0,0,
,"SRI MEENAKSHI AGRO AGENCY",9788030468,,"MADURAI",,N,0,,0,N,0,,D,"",,"",,"",,,,,,,,0,,,,,TAMIL NADU,0,0,,0,,,,0,0000-00-00,0000-00-00,0000-00-00,,,,,0,0,
,"SRI MEENAKSHI AGRO AGENCY",9788030468,,"MADURAI",AJITH KUMAR,N,0,,0,N,0,,D,"",,"",,"",,,,,,,,0,,,,,TAMIL NADU,0,0,,0,,,,0,0000-00-00,0000-00-00,0000-00-00,,,,,0,0,
,"SRI MEENAKSHI AGRO AGENCY",9788030468,,"MADURAI",,N,0,,0,N,0,,D,"",,"",,"",,,,,,,,0,,,,,TAMIL NADU,0,0,,0,,,,0,0000-00-00,0000-00-00,0000-00-00,,,,,0,0,
,"SRI MEENAKSHI AGRO TRADERS",9585551880,,"MADURAI",AJITH KUMAR,Y,0,,0,N,0,,D,"",,"",,"",,,,,,,,0,,,,,TAMIL NADU,0,0,,0,,,,0,0000-00-00,0000-00-00,0000-00-00,,,,625019,0,0,no
,"SRI MEENAKSHI AGRO TRADERS",9585551880,,"Thirumangalam",KARUPPASAMY.M,Y,0,,0,N,0,,D,"",,"",,"",,,,,,,,0,,,,,TAMIL NADU,0,0,,0,,,,0,2000-00-00,2000-00-00,2000-00-00,,,,625019,0,0,no
,"SRI MURUGAN ENTERPRISES",9698119991,,"Keeranur",,N,0,,0,N,0,,D,"",,"",,"",,,,,,,,0,,,,,TAMIL NADU,0,0,,0,,,,0,0000-00-00,0000-00-00,0000-00-00,,,,622502,0,0,no
,"SRI MURUGAN ENTERPRISES",9698119991,,"Keeranur",,Y,0,,0,N,0,,D,"",,"",,"",,,,,,,,0,,,,,TAMIL NADU,0,0,,0,,,,0,0000-00-00,0000-00-00,0000-00-00,,,,622502,0,0,no
,"SRI MURUGAN ENTERPRISES",9698119991,,"Keeranur",Saravanan .L,Y,0,,0,N,0,,D,"",,"",,"",,,,,,,,0,,,,,TAMIL NADU,0,0,,0,,,,0,0000-00-00,0000-00-00,0000-00-00,,,,622502,0,0,no
,"SRI MURUGAN ENTERPRISES",9698119991,,"Keeranur",,Y,0,,0,N,0,,D,"",,"",,"",,,,,,,,0,,,,,TAMIL NADU,0,0,,0,,,,0,0000-00-00,0000-00-00,0000-00-00,,,,622502,0,0,no
,"SRI MURUGAN ENTERPRISES",96981 19991,,"PUDUKOTTAI",,N,0,,0,N,0,,D,"",,"",,"",,,,,,,,0,,,,,TAMIL NADU,0,0,,0,,,,0,0000-00-00,0000-00-00,0000-00-00,,,,,0,0,
,"SRI MURUGAN ENTERPRISES",96981 19991,,"PUDUKOTTAI",,N,0,,0,N,0,,D,"",,"",,"",,,,,,,,0,,,,,TAMIL NADU,0,0,,0,,,,0,0000-00-00,0000-00-00,0000-00-00,,,,,0,0,
,"SRI MURUGAN TRADERS",8144110338,,"NALLAMPALLI",Kirubagaran,Y,0,,0,N,0,,D,"",,"",,"",,,,,,,,0,,,,,TAMIL NADU,0,0,,0,,,,0,0000-00-00,0000-00-00,0000-00-00,,,,636803,0,0,no
D000884,"SRI RENUGAMBAL AGRO AGENCY",9500388457,,"PUDUPALAYAM VILLAGE,ONNUPURAM POST,",,Y,0,,0,N,0,,D,"",,"",,"",,,,,,,,0,,,,,Tamil Nadu,0,0,,0,,,,0,0000-00-00,0000-00-00,0000-00-00,,,,,0,0,no
,"SRI RENUGAMBAL AGRO AGENCY",9500388457,,"THIRUVANNAMALAI",,N,0,,0,N,0,,D,"",,"",,"",,,,,,,,0,,,,,TAMIL NADU,0,0,,0,,,,0,0000-00-00,0000-00-00,0000-00-00,,,,,0,0,
,"SRI RENUGAMBAL AGRO AGENCY",9500388457,,"THIRUVANNAMALAI",,N,0,,0,N,0,,D,"",,"",,"",,,,,,,,0,,,,,TAMIL NADU,0,0,,0,,,,0,0000-00-00,0000-00-00,0000-00-00,,,,,0,0,
D000884,"SRI RENUGAMBAL AGRO AGENCY",9500388457,,"PUDUPALAYAM VILLAGEONNUPURAM POST",,N,0,,0,N,0,,D,"",,"",,"",,,,,,,,0,,,,,Tamil Nadu,0,0,,0,,,,0,2000-00-00,2000-00-00,2000-00-00,,,,,0,0,
D000884,"SRI RENUGAMBAL AGRO AGENCY",9500388457,,"PUDUPALAYAM VILLAGEONNUPURAM POST",SANKAR.K,N,0,,0,N,0,,D,"",,"",,"",,,,,,,,0,,,,,Tamil Nadu,0,0,,0,,,,0,2000-00-00,2000-00-00,2000-00-00,,,,,0,0,
D000884,"SRI RENUGAMBAL AGRO AGENCY",9500388457,,"PUDUPALAYAM VILLAGEONNUPURAM POST",,N,0,,0,N,0,,D,"",,"",,"",,,,,,,,0,,,,,Tamil Nadu,0,0,,0,,,,0,2000-00-00,2000-00-00,2000-00-00,,,,,0,0,
,"SRI RENUGAMBAL AGRO AGENCY",9500388457,,"ARNI",Baskaran.M,Y,0,,0,N,0,,D,"",,"",,"",,,,,,,,0,,,,,TAMIL NADU,0,0,,0,,,,0,0000-00-00,0000-00-00,0000-00-00,,,,632315,0,0,no
NE021620200728090416,"SRI RENUGAMBAL AGRO AGENCY",9500388457,,"TIRUVANNAMALAI -PUDUPALAYAM ARNI",Selvapandian,N,0,,0,N,0,,R,"",,"PUDUPALAYAM ARNI",,"",,,,,,,,0,,,,,TAMIL NADU,0,0,,0,,,,0,0000-00-00,0000-00-00,0000-00-00,,,,632315,0,0,no
D000144,"SRI RENUKA AGRI IMPLIMENTS",9448165684,,"BAHADDURBANDI",M.S Shrikanta,Y,0,,0,N,0,,D,"",,"",,"",,,,,,,,0,,,,,KARNATAKA,0,0,,0,,,,0,2000-00-00,2000-00-00,2000-00-00,,,,,0,0,no
D000025,"SRI SAI ENTERPRISES",9177651965,,"NARPALA MANDAL",C Rajesh Naidu,Y,0,,0,N,0,,D,"",,"",,"",,,,,,,,0,,,,,ANDHRA PRADESH,0,0,,0,,,,0,2000-00-00,2000-00-00,2000-00-00,,,,,0,0,no
D000871,"SRI SELVAVINAYAGA AGRI AGENCIES",9500718186,,"kamaraj nagar, raasipuram",,Y,0,,0,N,0,,D,"",,"",,"",,,,,,,,0,,,,,Tamil Nadu,0,0,,0,,,,0,0000-00-00,0000-00-00,0000-00-00,,,,,0,0,no
,"Sri Selvavinayaga agri agencies",9500718186,,"NAMAKKAL",,N,0,,0,N,0,,D,"",,"",,"",,,,,,,,0,,,,,TAMIL NADU,0,0,,0,,,,0,0000-00-00,0000-00-00,0000-00-00,,,,,0,0,
,"Sri Selvavinayaga agri agencies",9500718186,,"NAMAKKAL",,N,0,,0,N,0,,D,"",,"",,"",,,,,,,,0,,,,,TAMIL NADU,0,0,,0,,,,0,0000-00-00,0000-00-00,0000-00-00,,,,,0,0,
D000871,"SRI SELVAVINAYAGA AGRI AGENCIES",9500718186,,"kamaraj nagar raasipuram",,N,0,,0,N,0,,D,"",,"",,"",,,,,,,,0,,,,,Tamil Nadu,0,0,,0,,,,0,2000-00-00,2000-00-00,2000-00-00,,,,,0,0,
D000871,"SRI SELVAVINAYAGA AGRI AGENCIES",9500718186,,"kamaraj nagar raasipuram",SAKTHIVEL.P,N,0,,0,N,0,,D,"",,"",,"",,,,,,,,0,,,,,Tamil Nadu,0,0,,0,,,,0,2000-00-00,2000-00-00,2000-00-00,,,,,0,0,
D000871,"SRI SELVAVINAYAGA AGRI AGENCIES",9500718186,,"kamaraj nagar raasipuram",,N,0,,0,N,0,,D,"",,"",,"",,,,,,,,0,,,,,Tamil Nadu,0,0,,0,,,,0,2000-00-00,2000-00-00,2000-00-00,,,,,0,0,
D000154,"SRI SIDDESHWAR AGROTECH & HORTICULTURE CLINIC",,,"GANDHI GANJ",Anand Rampure,Y,0,,0,N,0,,D,"",,"",,"",,,,,,,,0,,,,,KARNATAKA,0,0,,0,,,,0,2000-00-00,2000-00-00,2000-00-00,,,,,0,0,no
D000026,"SRI TIRUMALA DRIP IRRIGATION",9666962566,,"RAYADURG",C Rajesh Naidu,Y,0,,0,N,0,,D,"",,"",,"",,,,,,,,0,,,,,ANDHRA PRADESH,0,0,,0,,,,0,2000-00-00,2000-00-00,2000-00-00,,,,,0,0,no
,"Sri Varshini Irrigation",9944093531,,"DHARMAPURI",,N,0,,0,N,0,,D,"",,"",,"",,,,,,,,0,,,,,TAMIL NADU,0,0,,0,,,,0,0000-00-00,0000-00-00,0000-00-00,,,,,0,0,
,"Sri Varshini Irrigation",9944093531,,"DHARMAPURI",SELVAKUMAR.M-1,N,0,,0,N,0,,D,"",,"",,"",,,,,,,,0,,,,,TAMIL NADU,0,0,,0,,,,0,0000-00-00,0000-00-00,0000-00-00,,,,,0,0,
,"Sri Varshini Irrigation",9944093531,,"DHARMAPURI",,N,0,,0,N,0,,D,"",,"",,"",,,,,,,,0,,,,,TAMIL NADU,0,0,,0,,,,0,0000-00-00,0000-00-00,0000-00-00,,,,,0,0,
,"SRI VARSHINI IRRIGATION",9944093531,,"KRISHNAGIRI",Vadivelan,Y,0,,0,N,0,,D,"",,"",,"",,,,,,,,0,,,,,TAMIL NADU,0,0,,0,,,,0,0000-00-00,0000-00-00,0000-00-00,,,,635305,0,0,no
D000874,"SRI VARSINI IRRIGATION",9944093531,,"MPRAPPUR",,N,0,,0,N,0,,D,"",,"",,"",,,,,,,,0,,,,,Tamil Nadu,0,0,,0,,,,0,2000-00-00,2000-00-00,2000-00-00,,,,,0,0,
D000874,"SRI VARSINI IRRIGATION",9944093531,,"MPRAPPUR",,Y,0,,0,N,0,,D,"",,"",,"",,,,,,,,0,,,,,Tamil Nadu,0,0,,0,,,,0,2000-00-00,2000-00-00,2000-00-00,,,,,0,0,
D000874,"SRI VARSINI IRRIGATION",9944093531,,"MPRAPPUR",,Y,0,,0,N,0,,D,"",,"",,"",,,,,,,,0,,,,,Tamil Nadu,0,0,,0,,,,0,2000-00-00,2000-00-00,2000-00-00,,,,,0,0,
D000875,"SRI VELAVAN TRADERS",:9842546413,,"MUDUDURAI POST, P.PULIYAMPATTI (VIA)",,Y,0,,0,N,0,,D,"",,"",,"",,,,,,,,0,,,,,Tamil Nadu,0,0,,0,,,,0,0000-00-00,0000-00-00,0000-00-00,,,,,0,0,no
D000875,"SRI VELAVAN TRADERS",:9842546413,,"MUDUDURAI POST P.PULIYAMPATTI (VIA)",,N,0,,0,N,0,,D,"",,"",,"",,,,,,,,0,,,,,Tamil Nadu,0,0,,0,,,,0,2000-00-00,2000-00-00,2000-00-00,,,,,0,0,
D000875,"SRI VELAVAN TRADERS",:9842546413,,"MUDUDURAI POST P.PULIYAMPATTI (VIA)",,N,0,,0,N,0,,D,"",,"",,"",,,,,,,,0,,,,,Tamil Nadu,0,0,,0,,,,0,2000-00-00,2000-00-00,2000-00-00,,,,,0,0,
,"SRI VENKATESHWARA IRRIGATION",9585979726,,"KRISHNAGIRI",,N,0,,0,N,0,,D,"",,"",,"",,,,,,,,0,,,,,TAMIL NADU,0,0,,0,,,,0,0000-00-00,0000-00-00,0000-00-00,,,,,0,0,
,"SRI VENKATESHWARA IRRIGATION",9585979726,,"KRISHNAGIRI",SELVAKUMAR.M-1,N,0,,0,N,0,,D,"",,"",,"",,,,,,,,0,,,,,TAMIL NADU,0,0,,0,,,,0,0000-00-00,0000-00-00,0000-00-00,,,,,0,0,
,"SRI VENKATESHWARA IRRIGATION",9585979726,,"KRISHNAGIRI",,N,0,,0,N,0,,D,"",,"",,"",,,,,,,,0,,,,,TAMIL NADU,0,0,,0,,,,0,0000-00-00,0000-00-00,0000-00-00,,,,,0,0,
,"SRI VENKATESHWARA IRRIGATION",9585979726,,"HOSUR",Jayapal. G,Y,0,,0,N,0,,D,"",,"",,"",,,,,,,,0,,,,,TAMIL NADU,0,0,,0,,,,0,0000-00-00,0000-00-00,0000-00-00,,,,635113,0,0,no
D000860,"SRI VENKATESWARA AGENCIES",9659290152,,"Musiri(TK)",,Y,0,,0,N,0,,D,"",,"",,"",,,,,,,,0,,,,,ANDHRA PRADESH,0,0,,0,,,,0,2000-00-00,2000-00-00,2000-00-00,,,,,0,0,no
D000860,"SRI VENKATESWARA AGENCIES",9659290152,,"Musiri(TK)",,Y,0,,0,N,0,,D,"",,"",,"",,,,,,,,0,,,,,ANDHRA PRADESH,0,0,,0,,,,0,2000-00-00,2000-00-00,2000-00-00,,,,,0,0,no
,"SRI VENKATESWARA AGENCIES",9659290152,,"THIRUCHIRAPALLI",GANAVEL.S,N,0,,0,N,0,,D,"",,"",,"",,,,,,,,0,,,,,TAMIL NADU,0,0,,0,,,,0,0000-00-00,0000-00-00,0000-00-00,,,,,0,0,
,"SRI VENKATESWARA AGENCIES",9659290152,,"Thathaiengapettai",GANAVEL.S,Y,0,,0,N,0,,D,"",,"",,"",,,,,,,,0,,,,,TAMIL NADU,0,0,,0,,,,0,0000-00-00,0000-00-00,0000-00-00,,,,621214,0,0,no
D000859,"Sri Vinayaga Agencies",9942211322,,"Mettumahadhanapuram,",,Y,0,,0,N,0,,D,"",,"",,"",,,,,,,,0,,,,,Tamil Nadu,0,0,,0,,,,0,0000-00-00,0000-00-00,0000-00-00,,,,,0,0,no
,"Sri Vinayaga Agencies",9942211322,,"KARUR",,N,0,,0,N,0,,D,"",,"",,"",,,,,,,,0,,,,,TAMIL NADU,0,0,,0,,,,0,0000-00-00,0000-00-00,0000-00-00,,,,,0,0,
,"Sri Vinayaga Agencies",9942211322,,"KARUR",,N,0,,0,N,0,,D,"",,"",,"",,,,,,,,0,,,,,TAMIL NADU,0,0,,0,,,,0,0000-00-00,0000-00-00,0000-00-00,,,,,0,0,
D000859,"Sri Vinayaga Agencies",9942211322,,"Mettumahadhanapuram",,N,0,,0,N,0,,D,"",,"",,"",,,,,,,,0,,,,,Tamil Nadu,0,0,,0,,,,0,2000-00-00,2000-00-00,2000-00-00,,,,,0,0,
D000859,"Sri Vinayaga Agencies",9942211322,,"Mettumahadhanapuram",PRAKASH.K,N,0,,0,N,0,,D,"",,"",,"",,,,,,,,0,,,,,Tamil Nadu,0,0,,0,,,,0,2000-00-00,2000-00-00,2000-00-00,,,,,0,0,
D000859,"Sri Vinayaga Agencies",9942211322,,"Mettumahadhanapuram",,N,0,,0,N,0,,D,"",,"",,"",,,,,,,,0,,,,,Tamil Nadu,0,0,,0,,,,0,2000-00-00,2000-00-00,2000-00-00,,,,,0,0,
D000873,"SRI VINAYAGA AGENCIES - ANNUR",9894135228,,"vadakala thotam, k.g. palayam post",,Y,0,,0,N,0,,D,"",,"",,"",,,,,,,,0,,,,,Tamil Nadu,0,0,,0,,,,0,0000-00-00,0000-00-00,0000-00-00,,,,,0,0,no
,"SRI VINAYAGA AGENCIES - ANNUR",9894135228,,"COIMBATORE",THANGAIYAN.A,N,0,,0,N,0,,D,"",,"",,"",,,,,,,,0,,,,,TAMIL NADU,0,0,,0,,,,0,0000-00-00,0000-00-00,0000-00-00,,,,,0,0,
D000873,"SRI VINAYAGA AGENCIES - ANNUR",9894135228,,"vadakala thotam k.g. palayam post",,N,0,,0,N,0,,D,"",,"",,"",,,,,,,,0,,,,,Tamil Nadu,0,0,,0,,,,0,2000-00-00,2000-00-00,2000-00-00,,,,,0,0,
D000873,"SRI VINAYAGA AGENCIES - ANNUR",9894135228,,"vadakala thotam k.g. palayam post",,N,0,,0,N,0,,D,"",,"",,"",,,,,,,,0,,,,,Tamil Nadu,0,0,,0,,,,0,2000-00-00,2000-00-00,2000-00-00,,,,,0,0,
NE022420201201092042,"SRI VINAYAGA AGRO",9843966915,,"KALASAPAKKAM-CHENGAM",Baskaran.M,Y,0,,0,N,0,,R,"",,"CHENGAM",,"",,,,,,,,0,,,,,TAMIL NADU,0,0,,0,,,,0,2000-00-00,2000-00-00,2000-00-00,,,,606703,0,0,no
,"SRUSHTI ENTERPRISES (KHED)",,,"PUNE",Hemant S Shinde,N,0,,0,N,0,,D,"",,"",,"",,,,,,,,0,,,,,MAHARASHTRA,0,0,,0,,,,0,0000-00-00,0000-00-00,0000-00-00,,,,,0,0,
D000840,"SUBAM IRRIGATION",8883335849,,"REDDIYARCHALQAM",,N,0,,0,N,0,,D,"",,"",,"",,,,,,,,0,,,,,Tamil Nadu,0,0,,0,,,,0,2000-00-00,2000-00-00,2000-00-00,,,,,0,0,
D000840,"SUBAM IRRIGATION",8883335849,,"REDDIYARCHALQAM",,Y,0,,0,N,0,,D,"",,"",,"",,,,,,,,0,,,,,Tamil Nadu,0,0,,0,,,,0,2000-00-00,2000-00-00,2000-00-00,,,,,0,0,
D000840,"SUBAM IRRIGATION",8883335849,,"REDDIYARCHALQAM",PRAKASH.K,N,0,,0,N,0,,D,"",,"",,"",,,,,,,,0,,,,,Tamil Nadu,0,0,,0,,,,0,2000-00-00,2000-00-00,2000-00-00,,,,,0,0,
D000840,"SUBAM IRRIGATION",8883335849,,"REDDIYARCHALQAM",,Y,0,,0,N,0,,D,"",,"",,"",,,,,,,,0,,,,,Tamil Nadu,0,0,,0,,,,0,2000-00-00,2000-00-00,2000-00-00,,,,,0,0,
,"SUBAM IRRIGATION",8883335849,,"DINDIGUL",,N,0,,0,N,0,,D,"",,"",,"",,,,,,,,0,,,,,TAMIL NADU,0,0,,0,,,,0,0000-00-00,0000-00-00,0000-00-00,,,,,0,0,
,"SUBAM IRRIGATION",8883335849,,"DINDIGUL",,N,0,,0,N,0,,D,"",,"",,"",,,,,,,,0,,,,,TAMIL NADU,0,0,,0,,,,0,0000-00-00,0000-00-00,0000-00-00,,,,,0,0,
D000814,"SUBHAM TRADERS",9413143597,,"CHHATARGARH",A.K Sharma,Y,0,,0,N,0,,D,"",,"",,"",,,,,,,,0,,,,,RAJASTHAN,0,0,,0,,,,0,0000-00-00,0000-00-00,0000-00-00,,,,,0,0,
,"Sudarshan Trading Corporation",,,"YAVATMAL",Hemant S Shinde,N,0,,0,N,0,,D,"",,"",,"",,,,,,,,0,,,,,MAHARASHTRA,0,0,,0,,,,0,0000-00-00,0000-00-00,0000-00-00,,,,,0,0,
D000455,"SUJATA TRADERS",8908153234,,"NEAR TOWN",Ashok Kr Nayak,Y,0,,0,N,0,,D,"",,"",,"",,,,,,,,0,,,,,ODISHA,0,0,,0,,,,0,2000-00-00,2000-00-00,2000-00-00,,,,,0,0,no
D000455,"SUJATA TRADERS",8908153234,,"BHADRAK",Ashok Kr Nayak,Y,0,,0,N,0,,D,"",,"",,"",,,,,,,,0,,,,,ODISHA,0,0,,0,,,,0,0000-00-00,0000-00-00,0000-00-00,,,,,0,0,no
D000815,"SUMAN AGRO AGENCY",9983823820,,"BEAWAR",Devendra Kr.Tripathi,Y,0,,0,N,0,,D,"",,"",,"",,,,,,,,0,,,,,RAJASTHAN,0,0,,0,,,,0,0000-00-00,0000-00-00,0000-00-00,,,,,0,0,
D000131,"SUNIL KUMAR",9318007120,,"MASERAN",Anil Guleria,N,0,,0,N,0,,D,"",,"",,"",,,,,,,,0,,,,,HIMACHAL PRADESH,0,0,,0,,,,0,0000-00-00,0000-00-00,0000-00-00,,,,,0,0,no
,"SURAJ IRRIGATION  (DHANDANE)",,,"DHULE",Hemant S Shinde,N,0,,0,N,0,,D,"",,"",,"",,,,,,,,0,,,,,MAHARASHTRA,0,0,,0,,,,0,0000-00-00,0000-00-00,0000-00-00,,,,,0,0,
,"Suresh Bhikamchand Kothari",,,"JALGAON",Hemant S Shinde,N,0,,0,N,0,,D,"",,"",,"",,,,,,,,0,,,,,MAHARASHTRA,0,0,,0,,,,0,0000-00-00,0000-00-00,0000-00-00,,,,,0,0,
NE022220200916080418,"SUREYA",9043169654,,"GINJEE",Jayabal. J,Y,0,,0,N,0,,R,"",,"GINGEE",,"",,,,,,,,0,,,,,TAMIL NADU,0,0,,0,,,,0,2000-00-00,2000-00-00,2000-00-00,,,,604202,0,0,no
D000076,"SURINDERA MACHINERY STORE",9255485612,,"GHARAUNDA",Ramesh Kr.Verma,Y,0,,0,N,0,,D,"",,"",,"",,,,,,,,0,,,,,HARYANA,0,0,,0,,,,0,0000-00-00,0000-00-00,0000-00-00,,,,,0,0,no
,"Surya Irrigation Agency Ram complex",,,"DHULE",Hemant S Shinde,N,0,,0,N,0,,D,"",,"",,"",,,,,,,,0,,,,,MAHARASHTRA,0,0,,0,,,,0,0000-00-00,0000-00-00,0000-00-00,,,,,0,0,
D000074,"SURYA IRRIGATION ENTERPRISES",9812239800,,"GUDHA",Ajay Kr Yadav,Y,0,,0,N,0,,D,"",,"",,"",,,,,,,,0,,,,,HARYANA,0,0,,0,,,,0,0000-00-00,0000-00-00,0000-00-00,,,,,0,0,no
D000074,"SURYA IRRIGATION ENTERPRISES",9812239800,,"GUDHA",Kiranpal Singh,Y,0,,0,N,0,,D,"",,"",,"",,,,,,,,0,,,,,HARYANA,0,0,,0,,,,0,0000-00-00,0000-00-00,0000-00-00,,,,,0,0,no
D000074,"SURYA IRRIGATION ENTERPRISES",9812239800,,"GUDHA",Sanjay Kr Sharma,Y,0,,0,N,0,,D,"",,"",,"",,,,,,,,0,,,,,HARYANA,0,0,,0,,,,0,0000-00-00,0000-00-00,0000-00-00,,,,,0,0,no
,"SURYA IRRIGATION ENTERPRISES",8570815015,,"",Sanjay Kr Sharma,Y,0,,0,N,0,,D,"",,"",,"",,,,,,,,0,,,,,HARAYANA,0,0,,0,,,,0,0000-00-00,0000-00-00,0000-00-00,,,,,0,0,
D000818,"SWAMI NARAYAN ENTERPRISES",9929339716,,"GUDAMALANI",Praveen Sharma,Y,0,,0,N,0,,D,"",,"",,"",,,,,,,,0,,,,,RAJASTHAN,0,0,,0,,,,0,2000-00-00,2000-00-00,2000-00-00,,,,,0,0,
NE014320191120122859,"SWAMI NARAYAN ENTERPRISES",9929339716,,"GUDHA MALANI",Aditya Rathi,Y,0,,0,N,0,,D,"",,"",,"",,,,,,,,0,,,,,RAJASTHAN,0,0,,0,,,,0,0000-00-00,0000-00-00,0000-00-00,,,,,0,0,
,"Swastik Irrigation Agency",,,"PARBHANI",Hemant S Shinde,N,0,,0,N,0,,D,"",,"",,"",,,,,,,,0,,,,,MAHARASHTRA,0,0,,0,,,,0,0000-00-00,0000-00-00,0000-00-00,,,,,0,0,
D000028,"SWETHA TRADERS",9948586841,,"CHOWDEPALLE",,Y,0,,0,N,0,,D,"",,"",,"",,,,,,,,0,,,,,ANDHRA PRADESH,0,0,,0,,,,0,2000-00-00,2000-00-00,2000-00-00,,,,,0,0,no
D000028,"SWETHA TRADERS",9948586841,,"CHOWDEPALLE",,Y,0,,0,N,0,,D,"",,"",,"",,,,,,,,0,,,,,ANDHRA PRADESH,0,0,,0,,,,0,2000-00-00,2000-00-00,2000-00-00,,,,,0,0,no
,"Syam Agro",,,"BHUBANESWAR",Ashok Kr Nayak,Y,0,,0,N,0,,D,"",,"",,"",,,,,,,,0,,,,,ODISHA,0,0,,0,,,,0,0000-00-00,0000-00-00,0000-00-00,,,,,0,0,no
,"TAKSHAK FAWARA AGENCY",9728434000,,"Tosham",Kiranpal Singh,Y,0,,0,N,0,,D,"",,"",,"",,,,,,,,0,,,,,HARYANA,0,0,,0,,,,0,2000-00-00,2000-00-00,2000-00-00,,,,,0,0,
,"TAKSHAK FAWARA AGENCY",9728434000,,"Tosham",Ramesh Kr.Verma,N,0,,0,N,0,,D,"",,"",,"",,,,,,,,0,,,,,HARYANA,0,0,,0,,,,0,2000-00-00,2000-00-00,2000-00-00,,,,,0,0,
D000880,"TAMILAN ENTERPRISES",8870097400,,"GINGEE TALUK,",,Y,0,,0,N,0,,D,"",,"",,"",,,,,,,,0,,,,,Tamil Nadu,0,0,,0,,,,0,0000-00-00,0000-00-00,0000-00-00,,,,,0,0,no
,"TAMILAN ENTERPRISES",8870097400,,"VILLUPURAM",,N,0,,0,N,0,,D,"",,"",,"",,,,,,,,0,,,,,TAMIL NADU,0,0,,0,,,,0,0000-00-00,0000-00-00,0000-00-00,,,,,0,0,
,"TAMILAN ENTERPRISES",8870097400,,"VILLUPURAM",,N,0,,0,N,0,,D,"",,"",,"",,,,,,,,0,,,,,TAMIL NADU,0,0,,0,,,,0,0000-00-00,0000-00-00,0000-00-00,,,,,0,0,
D000880,"TAMILAN ENTERPRISES",8870097400,,"GINGEE TALUK",,N,0,,0,N,0,,D,"",,"",,"",,,,,,,,0,,,,,Tamil Nadu,0,0,,0,,,,0,2000-00-00,2000-00-00,2000-00-00,,,,,0,0,
D000880,"TAMILAN ENTERPRISES",8870097400,,"GINGEE TALUK",VENKATARAMAN.P,N,0,,0,N,0,,D,"",,"",,"",,,,,,,,0,,,,,Tamil Nadu,0,0,,0,,,,0,2000-00-00,2000-00-00,2000-00-00,,,,,0,0,
D000880,"TAMILAN ENTERPRISES",8870097400,,"GINGEE TALUK",,N,0,,0,N,0,,D,"",,"",,"",,,,,,,,0,,,,,Tamil Nadu,0,0,,0,,,,0,2000-00-00,2000-00-00,2000-00-00,,,,,0,0,
,"TANHODA - Chennai",9500161226,,"CHENNAI",Meenakshi Sundareswaran AU,N,0,,0,N,0,,D,"",,"",,"",,,,,,,,0,,,,,TAMIL NADU,0,0,,0,,,,0,2000-00-00,2000-00-00,2000-00-00,,,,,0,0,
,"Tejas Agencies, Jalna",,,"JALANA",Hemant S Shinde,N,0,,0,N,0,,D,"",,"",,"",,,,,,,,0,,,,,MAHARASHTRA,0,0,,0,,,,0,0000-00-00,0000-00-00,0000-00-00,,,,,0,0,
NE005220200515115416,"TEST",9874450813,,"Jaipur",K.C Sharma,Y,0,,0,N,0,,R,"",,"KOLKATA",,"",,,,,,,,0,,,,,RAJASTHAN,0,0,,0,,,,0,2000-00-00,2000-00-00,2000-00-00,,,,111111,0,0,no
NE005220200515155403,"TEST",9874450812,,"AJMER",K.C Sharma,Y,0,,0,N,0,,R,"",,"KOLKATA",,"",,,,,,,,0,,,,,RAJASTHAN,0,0,,0,,,,0,2000-00-00,2000-00-00,2000-00-00,,,,111111,0,0,no
NE015520200404113959,"TEST",9999999999,,"ANDIPATTI",Mani.S,N,0,,0,N,0,,R,"",,"KOLKATA",,"",,,,,,,,0,,,,,TAMIL NADU,0,0,,0,,,,0,0000-00-00,0000-00-00,0000-00-00,,,,700040,0,0,no
,"THA M.A.I.D.C. (AKOLA)  14-15",,,"",Hemant S Shinde,N,0,,0,N,0,,D,"",,"",,"",,,,,,,,0,,,,,MAHARASHTRA,0,0,,0,,,,0,2000-00-00,2000-00-00,2000-00-00,,,,,0,0,
,"Thakur Brothers",,,"Mandla",Sunil Awadhwal,Y,0,,0,N,0,,D,"",,"",,"",,,,,,,,0,,,,,MADHYA PRADESH,0,0,,0,,,,0,0000-00-00,0000-00-00,0000-00-00,,,,,0,0,
,"THE CONSTRUCTION PARK INC.",,,"PRAYAGRAJ",Md. Rahid,Y,0,,0,N,0,,D,"",,"",,"",,,,,,,,0,,,,,UP,0,0,,0,,,,0,0000-00-00,0000-00-00,0000-00-00,,,,,0,0,
,"THE M.A.AI.D.C. (LATUR) 14-15",,,"",Hemant S Shinde,N,0,,0,N,0,,D,"",,"",,"",,,,,,,,0,,,,,MAHARASHTRA,0,0,,0,,,,0,2000-00-00,2000-00-00,2000-00-00,,,,,0,0,
,"The Maharashtra Agro Ind. Dev.Corp Ltd 17-18",,,"",Hemant S Shinde,N,0,,0,N,0,,D,"",,"",,"",,,,,,,,0,,,,,MAHARASHTRA,0,0,,0,,,,0,2000-00-00,2000-00-00,2000-00-00,,,,,0,0,
,"THE MAHARASHTRA AGRO-IND.DEVP CORP LTD (15-16) (AKL",,,"",Hemant S Shinde,N,0,,0,N,0,,D,"",,"",,"",,,,,,,,0,,,,,MAHARASHTRA,0,0,,0,,,,0,2000-00-00,2000-00-00,2000-00-00,,,,,0,0,
,"THOZHA IRRIGATION",9042607193,,"MELANAGAR",Baskaran.M,Y,0,,0,N,0,,D,"",,"",,"",,,,,,,,0,,,,,TAMIL NADU,0,0,,0,,,,0,0000-00-00,0000-00-00,0000-00-00,,,,632315,0,0,no
,"three",,,"Jaipur",Suman Saini,Y,0,,0,N,0,,D,"",,"",,"",,,,,,,,0,,,,,RAJASTHAN,0,0,,0,,,,0,0000-00-00,0000-00-00,0000-00-00,,,,,0,0,
D000141,"TIWARIKA AGRO & IRRIGATION",9534130492,,"MEDININAGAR",Anup Kumar,N,0,,0,N,0,,Dealer,"",,"",,"",,,,,,,,0,,,,,JHARKHAND,0,0,,0,,,,0,2000-00-00,2000-00-00,2000-00-00,,,,,0,0,
D000141,"TIWARIKA AGRO & IRRIGATION",9534130492,,"MEDININAGAR",Sanjay Kr Singh,Y,0,,0,N,0,,Dealer,"",,"",,"",,,,,,,,0,,,,,JHARKHAND,0,0,,0,,,,0,2000-00-00,2000-00-00,2000-00-00,,,,,0,0,
,"TIWARIKA AGRO & IRRIGATION",9534130492,,"Daltanganj",Deepak Gupta,Y,0,,0,N,0,,D,"",,"",,"",,,,,,,,0,,,,,JHARKHAND,0,0,,0,,,,0,0000-00-00,0000-00-00,0000-00-00,,,,,0,0,
,"TODAWAT AGRO AGENCY",8696866656,,"BEGUS",Vivek Kumar,Y,0,,0,N,0,,D,"",,"",,"",,,,,,,,0,,,,,RAJASTHAN,0,0,,0,,,,0,0000-00-00,0000-00-00,0000-00-00,,,,,0,0,
,"Trimurti Agro (AMBAD)",,,"JALANA",Hemant S Shinde,N,0,,0,N,0,,D,"",,"",,"",,,,,,,,0,,,,,MAHARASHTRA,0,0,,0,,,,0,0000-00-00,0000-00-00,0000-00-00,,,,,0,0,
,"Trimurti Agro Agencies(Jalna)",,,"JALANA",Hemant S Shinde,N,0,,0,N,0,,D,"",,"",,"",,,,,,,,0,,,,,MAHARASHTRA,0,0,,0,,,,0,0000-00-00,0000-00-00,0000-00-00,,,,,0,0,
,"Trimurti Agro Services",,,"NANDURBAR",Hemant S Shinde,N,0,,0,N,0,,D,"",,"",,"",,,,,,,,0,,,,,MAHARASHTRA,0,0,,0,,,,0,0000-00-00,0000-00-00,0000-00-00,,,,,0,0,
,"Trisul Bricks",,,"MAYUR BHANJ",Ashok Kr Nayak,Y,0,,0,N,0,,D,"",,"",,"",,,,,,,,0,,,,,ODISHA,0,0,,0,,,,0,0000-00-00,0000-00-00,0000-00-00,,,,,0,0,no
,"TRUE WATER SOLUTIONS",,,"KRISHNAGIRI",RAMKUMAR.N,N,0,,0,N,0,,D,"",,"",,"",,,,,,,,0,,,,,TAMIL NADU,0,0,,0,,,,0,0000-00-00,0000-00-00,0000-00-00,,,,,0,0,
,"TRUE WATER SOULUTION",6383337046,,"UTHANGARAI",RAMKUMAR.N,Y,0,,0,N,0,,D,"",,"",,"",,,,,,,,0,,,,,TAMIL NADU,0,0,,0,,,,0,0000-00-00,0000-00-00,0000-00-00,,,,636601,0,0,no
,"two",,,"Jaipur",Suman Saini,Y,0,,0,N,0,,D,"",,"",,"",,,,,,,,0,,,,,RAJASTHAN,0,0,,0,,,,0,0000-00-00,0000-00-00,0000-00-00,,,,,0,0,
,"Ujwal Trading Company, Aurad",,,"",Hemant S Shinde,N,0,,0,N,0,,D,"",,"",,"",,,,,,,,0,,,,,MAHARASHTRA,0,0,,0,,,,0,2000-00-00,2000-00-00,2000-00-00,,,,,0,0,
,"UK FARMTECH",9410333309,,"Nainital",Arvind Pathak,Y,0,,0,N,0,,D,"",,"",,"",,,,,,,,0,,,,,Uttaranchal,0,0,,0,,,,0,2000-00-00,2000-00-00,2000-00-00,,,,,0,0,
,"Unique  Enterprises",,,"",Sanjay Kr Singh,Y,0,,0,N,0,,D,"",,"",,"",,,,,,,,0,,,,,,0,0,,0,,,,0,0000-00-00,0000-00-00,0000-00-00,,,,,0,0,
,"Unique  Enterprises",,,"Hazaribagh",Sanjay Kr Singh,Y,0,,0,N,0,,D,"",,"",,"",,,,,,,,0,,,,,,0,0,,0,,,,0,0000-00-00,0000-00-00,0000-00-00,,,,,0,0,
D000142,"USAMA SALES",,,"Khunti",Anup Kumar,Y,0,,0,N,0,,D,"",,"",,"",,,,,,,,0,,,,,JHARKHAND,0,0,,0,,,,0,2000-00-00,2000-00-00,2000-00-00,,,,,0,0,no
,"UZHAVAN IRRIGATION",,,"THANJAVUR",PRAKASH.K,N,0,,0,N,0,,D,"",,"",,"",,,,,,,,0,,,,,TAMIL NADU,0,0,,0,,,,0,2000-00-00,2000-00-00,2000-00-00,,,,,0,0,
,"UZHAVAN IRRIGATION",,,"THANJAVUR",VIGNESHVARAN.T,N,0,,0,N,0,,D,"",,"",,"",,,,,,,,0,,,,,TAMIL NADU,0,0,,0,,,,0,2000-00-00,2000-00-00,2000-00-00,,,,,0,0,
,"UZHAVAN IRRIGATION",9943074716,,"ARIYALUR",SELVARAJ,Y,0,,0,N,0,,D,"",,"",,"",,,,,,,,0,,,,,TAMIL NADU,0,0,,0,,,,0,0000-00-00,0000-00-00,0000-00-00,,,,612303,0,0,no
,"V.K. TRADERS",9896982995,,"",Sushil Kumar,Y,0,,0,N,0,,D,"",,"",,"",,,,,,,,0,,,,,HARAYANA,0,0,,0,,,,0,0000-00-00,0000-00-00,0000-00-00,,,,,0,0,
D000886,"V2 AGENCIES",9865006813,,"Annavalli,",,Y,0,,0,N,0,,D,"",,"",,"",,,,,,,,0,,,,,Tamil Nadu,0,0,,0,,,,0,0000-00-00,0000-00-00,0000-00-00,,,,,0,0,no
,"V2 AGENCIES",9865006813,,"CUDDALORE",,N,0,,0,N,0,,D,"",,"",,"",,,,,,,,0,,,,,TAMIL NADU,0,0,,0,,,,0,0000-00-00,0000-00-00,0000-00-00,,,,,0,0,
,"V2 AGENCIES",9865006813,,"CUDDALORE",,N,0,,0,N,0,,D,"",,"",,"",,,,,,,,0,,,,,TAMIL NADU,0,0,,0,,,,0,0000-00-00,0000-00-00,0000-00-00,,,,,0,0,
D000886,"V2 AGENCIES",9865006813,,"Annavalli",,N,0,,0,N,0,,D,"",,"",,"",,,,,,,,0,,,,,Tamil Nadu,0,0,,0,,,,0,2000-00-00,2000-00-00,2000-00-00,,,,,0,0,
D000886,"V2 AGENCIES",9865006813,,"Annavalli",SARANRAJ.P,N,0,,0,N,0,,D,"",,"",,"",,,,,,,,0,,,,,Tamil Nadu,0,0,,0,,,,0,2000-00-00,2000-00-00,2000-00-00,,,,,0,0,
D000886,"V2 AGENCIES",9865006813,,"Annavalli",,N,0,,0,N,0,,D,"",,"",,"",,,,,,,,0,,,,,Tamil Nadu,0,0,,0,,,,0,2000-00-00,2000-00-00,2000-00-00,,,,,0,0,
,"V2 AGENCIES",9865006813,,"ANNAVELI",Vijay.E,Y,0,,0,N,0,,D,"",,"",,"",,,,,,,,0,,,,,TAMIL NADU,0,0,,0,,,,0,0000-00-00,0000-00-00,0000-00-00,,,,607003,0,0,no
D000895,"VAARI TRADERS",9047768060,,"CHINNAMANUR",,N,0,,0,N,0,,D,"",,"",,"",,,,,,,,0,,,,,Tamil Nadu,0,0,,0,,,,0,2000-00-00,2000-00-00,2000-00-00,,,,,0,0,
D000895,"VAARI TRADERS",9047768060,,"CHINNAMANUR",,Y,0,,0,N,0,,D,"",,"",,"",,,,,,,,0,,,,,Tamil Nadu,0,0,,0,,,,0,2000-00-00,2000-00-00,2000-00-00,,,,,0,0,
D000895,"VAARI TRADERS",9047768060,,"CHINNAMANUR",,Y,0,,0,N,0,,D,"",,"",,"",,,,,,,,0,,,,,Tamil Nadu,0,0,,0,,,,0,2000-00-00,2000-00-00,2000-00-00,,,,,0,0,
D000823,"VAIBHAV CORPORATION",9783950500,,"SARDARPURA",Praveen Sharma,Y,0,,0,N,0,,D,"",,"",,"",,,,,,,,0,,,,,RAJASTHAN,0,0,,0,,,,0,0000-00-00,0000-00-00,0000-00-00,,,,,0,0,
D000823,"VAIBHAV CORPORATION",9783950500,,"SARDARPURA",Aditya Rathi,Y,0,,0,N,0,,D,"",,"",,"",,,,,,,,0,,,,,RAJASTHAN,0,0,,0,,,,0,0000-00-00,0000-00-00,0000-00-00,,,,,0,0,
,"Vaibhav Krushi Seva Kendra (Balkheda)",,,"Washim",Hemant S Shinde,N,0,,0,N,0,,D,"",,"",,"",,,,,,,,0,,,,,MAHARASHTRA,0,0,,0,,,,0,0000-00-00,0000-00-00,0000-00-00,,,,,0,0,
,"Vaibhav Krushi Sewa Kendra (Mangul Janak)",,,"Washim",Hemant S Shinde,N,0,,0,N,0,,D,"",,"",,"",,,,,,,,0,,,,,MAHARASHTRA,0,0,,0,,,,0,0000-00-00,0000-00-00,0000-00-00,,,,,0,0,
,"VAIBHAVI AGRO AGENCIES (SANGOLA)",,,"SOLAPUR",Hemant S Shinde,N,0,,0,N,0,,D,"",,"",,"",,,,,,,,0,,,,,MAHARASHTRA,0,0,,0,,,,0,0000-00-00,0000-00-00,0000-00-00,,,,,0,0,
,"Vaidehi Irrigation",,,"",Hemant S Shinde,N,0,,0,N,0,,D,"",,"",,"",,,,,,,,0,,,,,MAHARASHTRA,0,0,,0,,,,0,0000-00-00,0000-00-00,0000-00-00,,,,,0,0,
,"Vaidehi Irrigation",,,"Akola",Gopal C Rathod,Y,0,,0,N,0,,D,"",,"",,"",,,,,,,,0,,,,,MAHARASHTRA,0,0,,0,,,,0,2000-00-00,2000-00-00,2000-00-00,,,,,0,0,
D000828,"VAISHNAV KRSHI YANTRALAY",9929214781,,"LALSOT",Devendra Kr.Tripathi,Y,0,,0,N,0,,D,"",,"",,"",,,,,,,,0,,,,,RAJASTHAN,0,0,,0,,,,0,0000-00-00,0000-00-00,0000-00-00,,,,,0,0,
,"Vaishnav Traders",,,"Betul",Anil Kr Vishwakarma,Y,0,,0,N,0,,D,"",,"",,"",,,,,,,,0,,,,,MADHYA PRADESH,0,0,,0,,,,0,0000-00-00,0000-00-00,0000-00-00,,,,,0,0,
D000151,"VAISHNAVI ENTERPRISES",9972754043,,"KORALLI CHOWK INDL ROAD",M.S Shrikanta,Y,0,,0,N,0,,D,"",,"",,"",,,,,,,,0,,,,,KARNATAKA,0,0,,0,,,,0,2000-00-00,2000-00-00,2000-00-00,,,,,0,0,no
D000827,"VARAH IRRIGATION",0219-2622655,,"SARDARPURA",Praveen Sharma,Y,0,,0,N,0,,D,"",,"",,"",,,,,,,,0,,,,,RAJASTHAN,0,0,,0,,,,0,0000-00-00,0000-00-00,0000-00-00,,,,,0,0,
D000827,"VARAH IRRIGATION",0219-2622655,,"SARDARPURA",Aditya Rathi,Y,0,,0,N,0,,D,"",,"",,"",,,,,,,,0,,,,,RAJASTHAN,0,0,,0,,,,0,0000-00-00,0000-00-00,0000-00-00,,,,,0,0,
,"VARDHAMAN ENGINEERING CO",,,"",Gopal C Rathod,N,0,,0,N,0,,D,"",,"",,"",,,,,,,,0,,,,,MAHARASHTRA,0,0,,0,,,,0,2000-00-00,2000-00-00,2000-00-00,,,,,0,0,
,"VARDHAMAN ENGINEERING CO",,,"",Hemant S Shinde,N,0,,0,N,0,,D,"",,"",,"",,,,,,,,0,,,,,MAHARASHTRA,0,0,,0,,,,0,2000-00-00,2000-00-00,2000-00-00,,,,,0,0,
,"VARDHAMAN ENGINEERING CO",,,"Akola",Gopal C Rathod,Y,0,,0,N,0,,D,"",,"",,"",,,,,,,,0,,,,,MAHARASHTRA,0,0,,0,,,,0,2000-00-00,2000-00-00,2000-00-00,,,,,0,0,
D000847,"VASANTHI AGRO TRADERS",6385931900,,"ANDIPATTI",,N,0,,0,N,0,,D,"",,"",,"",,,,,,,,0,,,,,Tamil Nadu,0,0,,0,,,,0,2000-00-00,2000-00-00,2000-00-00,,,,,0,0,
D000847,"VASANTHI AGRO TRADERS",6385931900,,"ANDIPATTI",,Y,0,,0,N,0,,D,"",,"",,"",,,,,,,,0,,,,,Tamil Nadu,0,0,,0,,,,0,2000-00-00,2000-00-00,2000-00-00,,,,,0,0,
D000847,"VASANTHI AGRO TRADERS",6385931900,,"ANDIPATTI",SENTHILMURUGAN.N,N,0,,0,N,0,,D,"",,"",,"",,,,,,,,0,,,,,Tamil Nadu,0,0,,0,,,,0,2000-00-00,2000-00-00,2000-00-00,,,,,0,0,
D000847,"VASANTHI AGRO TRADERS",6385931900,,"ANDIPATTI",,Y,0,,0,N,0,,D,"",,"",,"",,,,,,,,0,,,,,Tamil Nadu,0,0,,0,,,,0,2000-00-00,2000-00-00,2000-00-00,,,,,0,0,
,"VASANTHI AGRO TRADERS",6385931900,,"THENI",,N,0,,0,N,0,,D,"",,"",,"",,,,,,,,0,,,,,TAMIL NADU,0,0,,0,,,,0,0000-00-00,0000-00-00,0000-00-00,,,,,0,0,
,"VASANTHI AGRO TRADERS",6385931900,,"THENI",,N,0,,0,N,0,,D,"",,"",,"",,,,,,,,0,,,,,TAMIL NADU,0,0,,0,,,,0,0000-00-00,0000-00-00,0000-00-00,,,,,0,0,
D000056,"VASUNDHARA IRRIGATION",9671066611,,"ROHTAK ROAD",Ramesh Kr.Verma,N,0,,0,N,0,,D,"",,"",,"",,,,,,,,0,,,,,HARYANA,0,0,,0,,,,0,0000-00-00,0000-00-00,0000-00-00,,,,,0,0,
D000056,"VASUNDHARA IRRIGATION",9671066611,,"BHIWANI",Amarjeet Yadav,Y,0,,0,N,0,,D,"",,"",,"",,,,,,,,0,,,,,HARYANA,0,0,,0,,,,0,0000-00-00,0000-00-00,0000-00-00,,,,,0,0,
D000112,"VEDANTA REAL ESTATE AQPPROVALS",9811916585,,"SIKANDARPUR",Ramesh Kr.Verma,Y,0,,0,N,0,,D,"",,"",,"",,,,,,,,0,,,,,HARYANA,0,0,,0,,,,0,0000-00-00,0000-00-00,0000-00-00,,,,,0,0,no
,"Venkateshwara Machineries",,,"NANDED",Hemant S Shinde,N,0,,0,N,0,,D,"",,"",,"",,,,,,,,0,,,,,MAHARASHTRA,0,0,,0,,,,0,0000-00-00,0000-00-00,0000-00-00,,,,,0,0,
D000878,"VIGNESH AGRO",9444990831,,"Gandhi Nagar,",,Y,0,,0,N,0,,D,"",,"",,"",,,,,,,,0,,,,,Tamil Nadu,0,0,,0,,,,0,0000-00-00,0000-00-00,0000-00-00,,,,,0,0,no
,"Vignesh agro",9444990831,,"VELLORE",,N,0,,0,N,0,,D,"",,"",,"",,,,,,,,0,,,,,TAMIL NADU,0,0,,0,,,,0,0000-00-00,0000-00-00,0000-00-00,,,,,0,0,
,"Vignesh agro",9444990831,,"VELLORE",,N,0,,0,N,0,,D,"",,"",,"",,,,,,,,0,,,,,TAMIL NADU,0,0,,0,,,,0,0000-00-00,0000-00-00,0000-00-00,,,,,0,0,
D000878,"VIGNESH AGRO",9444990831,,"Gandhi Nagar",,N,0,,0,N,0,,D,"",,"",,"",,,,,,,,0,,,,,Tamil Nadu,0,0,,0,,,,0,2000-00-00,2000-00-00,2000-00-00,,,,,0,0,
D000878,"VIGNESH AGRO",9444990831,,"Gandhi Nagar",VENKATARAMAN.P,N,0,,0,N,0,,D,"",,"",,"",,,,,,,,0,,,,,Tamil Nadu,0,0,,0,,,,0,2000-00-00,2000-00-00,2000-00-00,,,,,0,0,
D000878,"VIGNESH AGRO",9444990831,,"Gandhi Nagar",,N,0,,0,N,0,,D,"",,"",,"",,,,,,,,0,,,,,Tamil Nadu,0,0,,0,,,,0,2000-00-00,2000-00-00,2000-00-00,,,,,0,0,
,"Vijay Kumar & co",,,"Neemuch",Anil Kr Vishwakarma,Y,0,,0,N,0,,D,"",,"",,"",,,,,,,,0,,,,,MADHYA PRADESH,0,0,,0,,,,0,2000-00-00,2000-00-00,2000-00-00,,,,,0,0,
D000842,"VIJAYALAKSHMI AGRO SEEDS",9842637914,,"TRICHY ROAD",,N,0,,0,N,0,,D,"",,"",,"",,,,,,,,0,,,,,Tamil Nadu,0,0,,0,,,,0,2000-00-00,2000-00-00,2000-00-00,,,,,0,0,
D000842,"VIJAYALAKSHMI AGRO SEEDS",9842637914,,"TRICHY ROAD",,Y,0,,0,N,0,,D,"",,"",,"",,,,,,,,0,,,,,Tamil Nadu,0,0,,0,,,,0,2000-00-00,2000-00-00,2000-00-00,,,,,0,0,
D000842,"VIJAYALAKSHMI AGRO SEEDS",9842637914,,"TRICHY ROAD",PRAKASH.K,N,0,,0,N,0,,D,"",,"",,"",,,,,,,,0,,,,,Tamil Nadu,0,0,,0,,,,0,2000-00-00,2000-00-00,2000-00-00,,,,,0,0,
D000842,"VIJAYALAKSHMI AGRO SEEDS",9842637914,,"TRICHY ROAD",,Y,0,,0,N,0,,D,"",,"",,"",,,,,,,,0,,,,,Tamil Nadu,0,0,,0,,,,0,2000-00-00,2000-00-00,2000-00-00,,,,,0,0,
,"VIJAYALAKSHMI AGRO SEEDS",9842637914,,"DINDIGUL",,N,0,,0,N,0,,D,"",,"",,"",,,,,,,,0,,,,,TAMIL NADU,0,0,,0,,,,0,0000-00-00,0000-00-00,0000-00-00,,,,,0,0,
,"VIJAYALAKSHMI AGRO SEEDS",9842637914,,"DINDIGUL",,N,0,,0,N,0,,D,"",,"",,"",,,,,,,,0,,,,,TAMIL NADU,0,0,,0,,,,0,0000-00-00,0000-00-00,0000-00-00,,,,,0,0,
D000069,"VIJAYARANYA FRUIT PLANT NURSERY",9812043580,,"BHIWANI",Ramesh Kr.Verma,Y,0,,0,N,0,,D,"",,"",,"",,,,,,,,0,,,,,HARYANA,0,0,,0,,,,0,0000-00-00,0000-00-00,0000-00-00,,,,,0,0,no
D000071,"VIKAS CHAUDHARY IRRIGATION",9812893499,,"DHAND",Ramesh Kr.Verma,Y,0,,0,N,0,,D,"",,"",,"",,,,,,,,0,,,,,HARYANA,0,0,,0,,,,0,0000-00-00,0000-00-00,0000-00-00,,,,,0,0,no
,"Vikas Gope",,,"",Anup Kumar,Y,0,,0,N,0,,D,"",,"",,"",,,,,,,,0,,,,,,0,0,,0,,,,0,0000-00-00,0000-00-00,0000-00-00,,,,,0,0,
,"Vikas Gope",,,"Khunti",Anup Kumar,Y,0,,0,N,0,,D,"",,"",,"",,,,,,,,0,,,,,,0,0,,0,,,,0,0000-00-00,0000-00-00,0000-00-00,,,,,0,0,
D000124,"VIKRAMJIT SINGH",,,"SUJANPUR",Anil Guleria,Y,0,,0,N,0,,D,"",,"",,"",,,,,,,,0,,,,,HIMACHAL PRADESH,0,0,,0,,,,0,2000-00-00,2000-00-00,2000-00-00,,,,,0,0,no
D000824,"VIMAL AGENCY",9950905699,,"NAINWA",Devendra Kr.Tripathi,Y,0,,0,N,0,,D,"",,"",,"",,,,,,,,0,,,,,RAJASTHAN,0,0,,0,,,,0,0000-00-00,0000-00-00,0000-00-00,,,,,0,0,
,"VINAYAGA ENTERPRISES",,,"Thuraiyur",JAYAPAL,Y,0,,0,N,0,,D,"",,"",,"",,,,,,,,0,,,,,TAMIL NADU,0,0,,0,,,,0,0000-00-00,0000-00-00,0000-00-00,,,,621220,0,0,no
D000825,"VINAYAK AGENCIES",9269000998,,"UNIARA",Devendra Kr.Tripathi,Y,0,,0,N,0,,D,"",,"",,"",,,,,,,,0,,,,,RAJASTHAN,0,0,,0,,,,0,0000-00-00,0000-00-00,0000-00-00,,,,,0,0,
,"Vinayak Irrigation  Machineries",,,"Jamshedpur",Krishna C Premee,Y,0,,0,N,0,,D,"",,"",,"",,,,,,,,0,,,,,JHARKHAND,0,0,,0,,,,0,0000-00-00,0000-00-00,0000-00-00,,,,,0,0,
,"Vinayak Irrigation  Machineries",,,"E Singhbhum",Amit Kumar,Y,0,,0,N,0,,D,"",,"",,"",,,,,,,,0,,,,,JHARKHAND,0,0,,0,,,,0,2000-00-00,2000-00-00,2000-00-00,,,,,0,0,
,"VINDHYA HIGH AGROTECH",,,"U.P.",Praveer Kr Dixit,N,0,,0,N,0,,D,"",,"",,"",,,,,,,,0,,,,,UP,0,0,,0,,,,0,2000-00-00,2000-00-00,2000-00-00,,,,,0,0,
NE003720191019144958,"VINOD AGENCY",9829396641,,"CHAKSU",Devendra Kr.Tripathi,Y,0,,0,N,0,,D,"",,"",,"",,,,,,,,0,,,,,RAJASTHAN,0,0,,0,,,,0,0000-00-00,0000-00-00,0000-00-00,,,,,0,0,
D000826,"VINOD SALES AGENCY",9982477658,,"JHUNJHUNU",A.K Sharma,Y,0,,0,N,0,,D,"",,"",,"",,,,,,,,0,,,,,RAJASTHAN,0,0,,0,,,,0,0000-00-00,0000-00-00,0000-00-00,,,,,0,0,
,"Vishal Enterprises",,,"Vidisha",Sumit Kr Gupta,Y,0,,0,N,0,,D,"",,"",,"",,,,,,,,0,,,,,MADHYA PRADESH,0,0,,0,,,,0,0000-00-00,0000-00-00,0000-00-00,,,,,0,0,
D000830,"VISHWAKARMA INDUSTRIES",9772777954,,"SIKAR",A.K Sharma,Y,0,,0,N,0,,D,"",,"",,"",,,,,,,,0,,,,,RAJASTHAN,0,0,,0,,,,0,0000-00-00,0000-00-00,0000-00-00,,,,,0,0,
D000832,"VISHWAKARMA IRRIGATION",,,"JAWAL",Praveen Sharma,Y,0,,0,N,0,,D,"",,"",,"",,,,,,,,0,,,,,RAJASTHAN,0,0,,0,,,,0,0000-00-00,0000-00-00,0000-00-00,,,,,0,0,
D000832,"VISHWAKARMA IRRIGATION",,,"JAWAL",Aditya Rathi,Y,0,,0,N,0,,D,"",,"",,"",,,,,,,,0,,,,,RAJASTHAN,0,0,,0,,,,0,0000-00-00,0000-00-00,0000-00-00,,,,,0,0,
,"Vitthal Krupa Hardware",,,"Washim",Hemant S Shinde,N,0,,0,N,0,,D,"",,"",,"",,,,,,,,0,,,,,MAHARASHTRA,0,0,,0,,,,0,0000-00-00,0000-00-00,0000-00-00,,,,,0,0,
,"Vitthal Sai Sahkari Sakar Karkhana-Murum",,,"",Hemant S Shinde,N,0,,0,N,0,,D,"",,"",,"",,,,,,,,0,,,,,MAHARASHTRA,0,0,,0,,,,0,0000-00-00,0000-00-00,0000-00-00,,,,,0,0,
,"Vivekanand Krushi Seva Kendra",,,"Akola",Gopal C Rathod,Y,0,,0,N,0,,D,"",,"",,"",,,,,,,,0,,,,,MAHARASHTRA,0,0,,0,,,,0,0000-00-00,0000-00-00,0000-00-00,,,,,0,0,
,"Vivekanand Krushi Seva Kendra",,,"Washim",Hemant S Shinde,Y,0,,0,N,0,,D,"",,"",,"",,,,,,,,0,,,,,MAHARASHTRA,0,0,,0,,,,0,2000-00-00,2000-00-00,2000-00-00,,,,,0,0,
NE002220190727100350,"XYZ",8003099999,,"BIKANER",A.K Sharma,Y,0,,0,N,0,,D,"",,"",,"",,,,,,,,0,,,,,RAJASTHAN,0,0,,0,,,,0,0000-00-00,0000-00-00,0000-00-00,,,,,0,0,
NE015720200207174310,"XYZ FAR HJJJ",9999999999,,"CHENNAI",Meenakshi Sundareswaran AU,N,0,,0,N,0,,R,"",,"GHH",,"",,,,,,,,0,,,,,TAMIL NADU,0,0,,0,,,,0,0000-00-00,0000-00-00,0000-00-00,,,,302088,0,0,no
,"YADAV AND  COMPANY",9636084318,,"SRI MADHOPUR",Vivek Kumar,Y,0,,0,N,0,,D,"",,"",,"",,,,,,,,0,,,,,RAJASTHAN,0,0,,0,,,,0,0000-00-00,0000-00-00,0000-00-00,,,,,0,0,
,"YADAV AND  COMPANY",9636084318,,"SRI MADHOPUR",Prathviraj,Y,0,,0,N,0,,D,"",,"",,"",,,,,,,,0,,,,,RAJASTHAN,0,0,,0,,,,0,0000-00-00,0000-00-00,0000-00-00,,,,,0,0,
D000063,"YADAV PIPE AGENCY",9315376689,,"JUI",Ajay Kr Yadav,N,0,,0,N,0,,D,"",,"",,"",,,,,,,,0,,,,,HARYANA,0,0,,0,,,,0,0000-00-00,0000-00-00,0000-00-00,,,,,0,0,
D000063,"YADAV PIPE AGENCY",9315376689,,"JUI",Ramesh Kr.Verma,N,0,,0,N,0,,D,"",,"",,"",,,,,,,,0,,,,,HARYANA,0,0,,0,,,,0,0000-00-00,0000-00-00,0000-00-00,,,,,0,0,
NE010720200512160411,"YADAV PIPE AGENCY",7015312388,,"BHIWANI",Ramesh Kr.Verma,Y,0,,0,N,0,,R,"",,"JUI",,"",,,,,,,,0,,,,,HARAYANA,0,0,,0,,,,0,2000-00-00,2000-00-00,2000-00-00,,,,123521,0,0,no
NE010720200512160411,"YADAV PIPE AGENCY",7015312388,,"BHIWANI",Amarjeet Yadav,Y,0,,0,N,0,,R,"",,"JUI",,"",,,,,,,,0,,,,,HARAYANA,0,0,,0,,,,0,2000-00-00,2000-00-00,2000-00-00,,,,123521,0,0,no
NE005520200506123037,"YADAV PIPES AGENCY",9313083063,,"BHIWANI",Kiranpal Singh,Y,0,,0,N,0,,D,"",,"",,"",,,,,,,,0,,,,,HARAYANA,0,0,,0,,,,0,0000-00-00,0000-00-00,0000-00-00,,,,,0,0,
NE005520200506123037,"YADAV PIPES AGENCY",9315376689,,"",Kiranpal Singh,Y,0,,0,N,0,,R,"",,"JUI",,"",,,,,,,,0,,,,,HARAYANA,0,0,,0,,,,0,2000-00-00,2000-00-00,2000-00-00,,,,122030,0,0,no
NE005520200506123037,"YADAV PIPES AGENCY",9315376689,,"",Kiranpal Singh,Y,0,,0,N,0,,R,"",,"JUI",,"",,,,,,,,,,,,,HARAYANA,0,0,,0,,,,0,0000-00-00,0000-00-00,0000-00-00,,,,122030,0,0,no
,"Yash Irrigation at Aithawade Po.Islampur",,,"SANGLI",Hemant S Shinde,N,0,,0,N,0,,D,"",,"",,"",,,,,,,,0,,,,,MAHARASHTRA,0,0,,0,,,,0,0000-00-00,0000-00-00,0000-00-00,,,,,0,0,
,"Yash Raj Agro Traders",,,"NANDED",Hemant S Shinde,N,0,,0,N,0,,D,"",,"",,"",,,,,,,,0,,,,,MAHARASHTRA,0,0,,0,,,,0,0000-00-00,0000-00-00,0000-00-00,,,,,0,0,
D000834,"YES & COMPANY",9414703950,,"GANGAPUR",Devendra Kr.Tripathi,Y,0,,0,N,0,,D,"",,"",,"",,,,,,,,0,,,,,RAJASTHAN,0,0,,0,,,,0,0000-00-00,0000-00-00,0000-00-00,,,,,0,0,
D000834,"YES & COMPANY",9414703950,,"Gangapurcity",Devendra Kr.Tripathi,Y,0,,0,N,0,,D,"",,"",,"",,,,,,,,0,,,,,RAJASTHAN,0,0,,0,,,,0,0000-00-00,0000-00-00,0000-00-00,,,,,0,0,
,"Yeshwant Seeds & Firtilizers",,,"BEED",Hemant S Shinde,N,0,,0,N,0,,D,"",,"",,"",,,,,,,,0,,,,,MAHARASHTRA,0,0,,0,,,,0,0000-00-00,0000-00-00,0000-00-00,,,,,0,0,
