DNS Customer Code,Customer Name,Phone no,Route code,Route Name,Emp Code name,acedns,Credit Limit,Credit Days,Current Balance,Black list,TD,Branch code,Cust type,rds tag,Sauda validity period,Address,Landline no,Owner name,Owner phone,Cust class,Weekly closing day,Coverage type,TIN,PAN,District,Minimum stock,Bank name,Bank account number,Email,Visit Day,State
AA02,"A.ARAVINDKUMAR&CO.,ORCUT/DHJ,OW",9437020199,,"Cuttack",DHIRAJ KUMAR JAISWAL,Y,0,,0,N,,,WS,"",,"CHOUDHURY BAZAR NANDISAHI",,"",,,,,,21ACAPJ0450H1ZE,,0,,,,,Odisha
AK01,"A.K.TEXTILES,ORBGO/VA-O",9937866423,,"Bongamunda",RAMNARAYAN THAKUR,Y,0,,0,N,,,WS,"",,"MAIN ROAD DISTRICT:BOLANGIR",,"",,,,,,21AFCPJ7541J1ZN,,0,,,,,Odisha
AS09,"A.S.ENTERPRISES,ASGOU/DR13,OW",7399063277,,"Guwahati",VIKRAMGUPTA,Y,0,,0,N,,,D,"",,"SHOP NO-19 (A & B)TALAB MARKETNEAR JAIN MANDIRS.R.C.B ROADFANCY BAZAR DISTRICT:KAMAKHYA",,"",,,,,,18AHVPS9502P1Z5,,0,,,,,ASSAM
WA01,"A.S.SALES,ASBLS/BLS,OW",9435125565 -  036672,,"Guwahati",VIKRAMGUPTA,Y,0,,0,N,,,WS,"",,"POST-BILASIPARA",,"",,,,,,,,0,,,,,ASSAM
AS04,"A.SAMAD&SON'S,RCCAL/DR10,IR",9007037194 -  789017,,"Dharamtalla",KAMLESH RAI,Y,0,,0,N,,,R,"",,"24DUTTA LANE S S HOGG MARKET NEAR SOCIETY CINEMA",,"",,,,,,,,0,,,,,West Bengal
A005,"AADITYATRADING,CGPTH/VA,OW",9479236792,,"Pathalgaon",RAMNARAYAN THAKUR,Y,0,,0,N,,,WS,"",,"CLOTH MERCHANT P.O-PATHALGAON DIST-RAIPUR",,"",,,,,,,,0,,,,,Chhattisgarh
A012,"AAKASHSAREECENTRE,BIBSF/HT,OW",9334673986,,"Biharsarif",K. P. RAKESH RAO,Y,0,,0,N,,,WS,"",,"PRABHU MARKET ALAMGUNJ",,"",,,,,,10AELPK4248P1Z8,,0,,,,,BIHAR
AL01,"AANCHALLADIESWEAR,RCCAL/DR8,IR",9836051703  -  94325,,"Calcutta",KAMLESH RAI,Y,0,,0,N,,,R,"",,"KHIDDIRPUR BAZAR",,"",,,,,,,,0,,,,,West Bengal
AS03,"ADDAYASHAKTIBASTRALAYA,SBPIY/DR10,OR",9733774053,,"South 24 Parganas",SUMIT MONDAL,Y,0,,0,N,,,0,"",,"PIYALI RAIL BRIDGE  DIST:SOUTH 24 PARGANAS",,"",,,,,,,,0,,,,,West Bengal
AB03,"ADHIKARYBASTRABHANDAR,SBJGT/DR9,OW",9339511645,,"Jagatdal",NARESH KUMAR KHILERI,Y,0,,0,N,,,R,"",,"EAST GHOSH PARA ROAD",,"",,,,,,19AEFPA8530A1Z0,,0,,,,,West Bengal
AA03,"ADIANANDOMOYEEBASTRALAYA,RCDUM/DR9,IR",9163092941,,"Dumdum",NARESH KUMAR KHILERI,Y,0,,0,N,,,R,"",,"93SOUTH CITY ROAD DUMDUM",,"",,,,,,,,0,,,,,West Bengal
WA58,"ADIBENGALHANDLOOMAGENCY,CFBWN/BWN,OW",03422663746 - 943402,,"Burdwan",CHIRONJIB MAHAJAN,Y,0,,0,N,,,WS,"",,"11KABIR BILL MATH RUBY PALACE LANE",,"",,,,,,,,0,,,,,West Bengal
WA100,"ADINATHTEXTILE,BIGYA/HT,OW",63122710,,"Gaya",K. P. RAKESH RAO,Y,0,,0,N,,,WS,"",,"DR. WAJIR ALI ROAD DHAMIKOLA",,"",,,,,,,,0,,,,,BIHAR
AS07,"ADISAHASTORE,RCKNG/DR9,OW",9433487949,,"Konnagar",NARESH KUMAR KHILERI,Y,0,,0,N,,,R,"",,"NEAR CHALACHITRA CINEMA HALL DIST - HOOGHLY",,"",,,,,,19ALIPS3145B1Z5,,0,,,,,West Bengal
AS02,"ADISARATBEDDING,RCHOW/DR10,IR",9836392429,,"Bali Bazar",KAMLESH RAI,Y,0,,0,N,,,R,"",,"5ISHWAR DEY LANEBALLY BAZAR",,"",,,,,,,,0,,,,,West Bengal
AT08,"ADITARAKNATHBASTRALAY,RCRAL/DR10,OR",9051717394,,"South 24 Parganas",SUMIT MONDAL,Y,0,,0,N,,,R,"",,"DIST:HOWRAH",,"",,,,,,19BGPPS8982R1ZO,,0,,,,,West Bengal
AS74,"ADITIFASHION,JHDMK/RHA,OW",9334515710,,"Dumka",RAMNARAYAN THAKUR,Y,0,,0,N,,,WS,"",,"THAKUR BARI ROAD",,"",,,,,,,,0,,,,,Jharkhand
AF03,"ADITYFASHION,RCCAL/DR9,OR",8777271767,,"Calcutta",NARESH KUMAR KHILERI,Y,0,,0,N,,,R,"",,"JAGATPUR BAZAR BAGUIHATI",,"",,,,,,,,0,,,,,West Bengal
AD03,"ADSSUPERBAZAR,APVEN/DR11,OW",9440591935  -  08570,,"Venkatagitikota",K. P. RAKESH RAO,Y,0,,0,N,,,WS,"",,"NO-9-2324NETHAJI ROAD DISTRICT:CHITTOOR",,"",,,,,,37AATFA7375H1ZU,,0,,,,,Andhra Pradesh (New)
AB04,"AGARWALBROTHERS,ORDHE/DHJ,OW",9437014651,,"Dhenkanal",DHIRAJ KUMAR JAISWAL,Y,0,,0,N,,,WS,"",,"MEENA BAZAR",,"",,,,,,21ACEPG6667R1Z5,,0,,,,,Odisha
AC02,"AGARWALCLOTHCENTRE,CGNAR/VA,OW",7587243909,,"Narayanpur",RAMNARAYAN THAKUR,Y,0,,0,N,,,WS,"",,"SONPUR ROAD PATAKH CHOWK",,"",,,,,,22AFPPA4658G1ZK,,0,,,,,Chhattisgarh
A004,"AGARWALHANDLOOMCENTRE,JHHZA/RA,OW",9430330000,,"Hazirabag",DHIRAJ KUMAR JAISWAL,Y,0,,0,N,,,WS,"",,"JHANDA CHOWK GOLA ROAD",,"",,,,,,20ACEPB9923F1Z4,,0,,,,,Jharkhand
YA17,"AGARWALSAREEHOUSE,ORBHU/DHJ,OW",,,"Bhubaneswar",DHIRAJ KUMAR JAISWAL,Y,0,,0,N,,,WS,"",,"CLOTH MERCHANT 300 RAMESWAR PATHANEAR MOUSIMA MANDIR",,"",,,,,,,,0,,,,,Odisha
AG05,"AGARWALSAREES,JHJHM/LM,OW",9279013626 - 0657229,,"Jamshedpur",DHIRAJ KUMAR JAISWAL,Y,0,,0,N,,,WS,"",,"MAHATO PARA ROAD JUGSALAI",,"",,,,,,20AADHJ3162P1ZA,,0,,,,,Jharkhand
AT09,"AGARWALTEXTILETRADERS,ORSBP/VA-O,OW",9437349080,,"Sambalpur",RAMNARAYAN THAKUR,Y,0,,0,N,,,WS,"",,"R.S. BATRA COMPLEXNEAR CANARA BANK MODIPARA",,"",,,,,,21AAGFA9244A1Z2,,0,,,,,Odisha
WA04,"AGARWALTEXTILETRADERS,SBBAN/BC,OW",9434101651 -  03242-,,"Bankura",CHIRONJIB MAHAJAN,Y,0,,0,N,,,WS,"",,"SUBHASH ROAD",,"",,,,,,19ACNPA6716A1ZW,,0,,,,,West Bengal
AS80,"AGRAWALCLOTHCENTRE,CGNAR/VA,OW",9424287408,,"Narayanpur",RAMNARAYAN THAKUR,Y,0,,0,N,,,WS,"",,"SONPUR ROADPATHAK CHOWK",,"",,,,,,,,0,,,,,Chhattisgarh
AG01,"AGSRETAILS,RCHOW/MM,IW",9831124144          ,,"Kolkata",RAHUL SINGH,Y,0,,0,N,,,R,"",,"103/23FORSHORE ROADWARE HOUSE-3",,"",,,,,,,,0,,,,,West Bengal
AG07,"AGSRETAILS,RCHOW/MM,OW",9073678168  - 033266,,"Kolkata",RAHUL SINGH,Y,0,,0,N,,,R,"",,"SRIJAN INDUSTRIAL LOGISTICS PARK NH-6ANKURHATI BOMBAY ROADBLOCK-A GODOWN-3A & 3B",,"",,,,,,19ABAFA1340C1Z6,,0,,,,,West Bengal
AC01,"AJAYCLOTHHOUSE,BIARR/STAD,OW",9546005223,,"Aara",K. P. RAKESH RAO,Y,0,,0,N,,,WS,"",,"J.D. MARKET",,"",,,,,,,,0,,,,,BIHAR
A011,"AJAYSINGHSURENDRAKUMAR,ASBLS/BLS,OW",3667250355,,"Bilasipara",VIKRAMGUPTA,Y,0,,0,N,,,D,"",,"P.O-BILASIPARA",,"",,,,,,18ABJFA6309C1ZO,,0,,,,,ASSAM
WA90,"AJAYTEXTILE,CFJMA/CF,OW",9431157628,,"Jamtara",DHIRAJ KUMAR JAISWAL,Y,0,,0,N,,,WS,"",,"STATION ROAD",,"",,,,,,20ABFFA1154R1ZJ,,0,,,,,Jharkhand
A010,"AJITHANDLOOM,BIMUZ/BGK,OW",,,"Muzaffarpur",K. P. RAKESH RAO,Y,0,,0,N,,,WS,"",,"DHOBIA GALLI SHREYAGANJ",,"",,,,,,,,0,,,,,BIHAR
AT02,"AKASHTEXTILE,ORBER/KTA,OW",9078912626,,"Berhampur",DHIRAJ KUMAR JAISWAL,Y,0,,0,N,,,WS,"",,"RANTPETA STREET DIST:GANJAM",,"",,,,,,21BCQPR5079F1ZA,,0,,,,,Odisha
ZA63,"ALAYCHANDPUNAMCHAND,NBCOO/COO,OW",9475245914,,"Coochbehar",VIKRAMGUPTA,Y,0,,0,N,,,D,"",,"N.N. ROAD",,"",,,,,,19AWMPS9400Q1ZI,,0,,,,,West Bengal
AL02,"ALPANA,RCBAA/DR9,IR",,,"Barrackpore",NARESH KUMAR KHILERI,Y,0,,0,N,,,R,"",,"SHANTI BAZARBARRACKPUR",,"",,,,,,19ALUPS7297Q1ZD,,0,,,,,West Bengal
A120,"AMANTRANBAZAR,RCBAU/KOL,OW",9903679917,,"South 24 Parganas",SUMIT MONDAL,Y,0,,0,N,,,R,"",,"103 & 103AKULPI ROAD DIST-SOUTH 24 PARGANAS",,"",,,,,,19AAQFA3696J1ZQ,,0,,,,,West Bengal
ZA09,"AMARCHANDBARADIA,NBGRP/RAI,OW",9775949067,,"Gangarampur",CHIRONJIB MAHAJAN,Y,0,,0,N,,,WS,"",,"D.B ROADPWD PARA PO-GANGARAMPUR DIST-DAKSHIN DINAJPUR",,"",,,,,,19ADSPB7143E1ZH,,0,,,,,West Bengal
A020,"AMARENTERPRISE,SBGAH/KOL,IW",,,"Ghatal",CHIRONJIB MAHAJAN,Y,0,,0,N,,,WS,"",,"ALAMGANJGHATAL DIST:PASCHIM MEDINIPUR",,"",,,,,,19AUFPD4506P1ZD,,0,,,,,West Bengal
AJ01,"AMARJYOTIHANDLOOM,BIMDP/LTA,OW",9801825515,,"Biharigunj",K. P. RAKESH RAO,Y,0,,0,N,,,WS,"",,"DISTRICT:MADHEPURA",,"",,,,,,10AZLPS8323C1ZK,,0,,,,,BIHAR
AT11,"AMARTEXTILE,TIAGA/PMT,OW",0381-238-3444,,"Agartala",RAMNARAYAN THAKUR,Y,0,,0,N,,,WS,"",,"H.G BASAK ROAD",,"",,,,,,16ACHPB8527A1Z2,,0,,,,,Tripura
WA15,"AMBAJIENTERPRISES,CGRAR/VA,OW",9425572016,,"Raigarh",RAMNARAYAN THAKUR,Y,0,,0,N,,,WS,"",,"CLOTH MERCHANT MODA GODOWNNEW MARKET",,"",,,,,,,,0,,,,,Chhattisgarh
AB06,"AMBIKABEDDINGHOUSE,CFRNG/BC,OW",9735184956,,"Ranigunj",CHIRONJIB MAHAJAN,Y,0,,0,N,,,WS,"",,"58S.M. ROADBURRABAZAR MORE",,"",,,,,,19AAVPL5315N2ZW,,0,,,,,West Bengal
NE000520181126112315,"AMIR DRESS",9932813337,,"ASAPUR",CHIRONJIB MAHAJAN,Y,0,,0,N,0,,R,"",,"ASAPUR AUTO STAND CHANCHAL",85423985,"",,,,,,,,,,,,,MALDA/RAIGUNJ/BALURG
AF02,"AMITFABRICS,ORKHD/VA-O,OW",,,"Naupada",RAMNARAYAN THAKUR,Y,0,,0,N,,,WS,"",,"MAIN ROAD DISTRICT:NUAPADA",,"",,,,,,21AELPJ0236L1ZQ,,0,,,,,Odisha
ZA60,"AMITKUMARAGARWAL,CGPTH/VA,OW",,,"Pathalgaon",RAMNARAYAN THAKUR,Y,0,,0,N,,,WS,"",,"MAIN ROADBUS STAND",,"",,,,,,22AZSPA9135F1ZG,,0,,,,,Chhattisgarh
ZA13,"AMIYA&BROTHERS,SBBAN/BC,OW",3242250684,,"Raj Gram",CHIRONJIB MAHAJAN,Y,0,,0,N,,,WS,"",,"RAJGRAM",,"",,,,,,19ADJPD1558J1ZE,,0,,,,,West Bengal
AL05,"ANANDALOKE,RCBWO/DR10,IR",9831145668 -  033247,,"Bhawanipur",KAMLESH RAI,Y,0,,0,N,,,R,"",,"77 ASHUTOSH MUKHERJEE ROAD BHOWANIPUR ASHUTOSH MUKHERJEE BUILDING",,"",,,,,,19AFPPP9129R1Z5,,0,,,,,West Bengal
AB01,"ANANDBEDDING,RCRIS/DR9,IR",9339016159,,"Rishra",NARESH KUMAR KHILERI,Y,0,,0,N,,,R,"",,"53/4N.S. ROAD  DIST:HOOGHLY",,"",,,,,,,,0,,,,,West Bengal
AT10,"ANANDMAYEETEXTILE,TIAGA/PMT,OW",9436135334,,"Agartala",RAMNARAYAN THAKUR,Y,0,,0,N,,,WS,"",,"CENTRAL ROAD",,"",,,,,,16ARFPB5305H1Z9,,0,,,,,Tripura
AT03,"ANANDTEXTILE,ORCUT/DHJ,OW",9861328305,,"Cuttack",DHIRAJ KUMAR JAISWAL,Y,0,,0,N,,,WS,"",,"JHOLA SAHINEAR MASJID",,"",,,,,,21AAWPP6584E1Z9,,0,,,,,Odisha
WA03,"ANANDTEXTILES,BIMDP/LTA,OR",06476-222254,,"Madhepura",K. P. RAKESH RAO,Y,0,,0,N,,,WS,"",,"PURANI BAZAR",,"",,,,,,,,0,,,,,BIHAR
NE000520181123112237,"ANGABHUSAN",9733329510,,"RATUA",CHIRONJIB MAHAJAN,Y,0,,0,N,0,,R,"",,"MAXI STAND RATUA MALDA",85236455,"",,,,,,,,,,,,,MALDA/RAIGUNJ/BALURG
NE000520181124111346,"ANGASHOVA",9733262907,,"GAZOL",CHIRONJIB MAHAJAN,Y,0,,0,N,0,,R,"",,"THANA ROAD CHIRAHAT GAZOL MALDA",85421369,"",,,,,,,,,,,,,MALDA/RAIGUNJ/BALURG
AF01,"ANGELFASHIONWORLD,RCHOW/HD,OR",7980775225 - 0332668,,"Kolkata",RAHUL SINGH,Y,0,,0,N,,,R,"",,"20/1SHALIMAR ROADTHE CALCUTTA BUILDERS OPP-SHALIMAR RAILWAY STATION",,"",,,,,,19ABHFA7847H1Z1,,0,,,,,West Bengal
AT04,"ANILTEXTILE,BBBBZ/DI,IR",9831062660,,"BBZ",OM PRAKASH,Y,0,,0,N,,,WS,"",,"SHYAM SHREE MARKET 50 SRI HARI RAM GOENKA STREET 3 RD FLOOR",,"",,,,,,19AEEPB9687C1ZC,,0,,,,,West Bengal
WA02,"ANILTEXTILE,BIMUR/LTA,OW",06476-266922,,"Muraliganj",K. P. RAKESH RAO,Y,0,,0,N,,,WS,"",,"AGRASEN BHAWAN ROAD DIST:MADAHAPURA",,"",,,,,,10ADHPA9091K1ZN,,0,,,,,BIHAR
AT06,"ANILTEXTILE,ORJEY/VA-O,OW",,,"Jeypore",RAMNARAYAN THAKUR,Y,0,,0,N,,,WS,"",,"RAIBABU STREET DIST:KORAPUT",,"",,,,,,21AGTPJ9977A1Z3,,0,,,,,Odisha
WA05,"ANILTRADINGCOMPANY,BIMUZ/BGK,OW",8877578350,,"Muzaffarpur",K. P. RAKESH RAO,Y,0,,0,N,,,WS,"",,"SUTTA PATTY",,"",,,,,,,,0,,,,,BIHAR
AB05,"ANINDITABASTRALAYA,SBGGH/DR8,OR",9933762418,,"Goraghata",NARESH KUMAR KHILERI,Y,0,,0,N,,,R,"",,"GHORAGHATA RAIL STATION P.O-KANTAPUKUR DIST:HOWRAH",,"",,,,,,,,0,,,,,West Bengal
AD01,"ANISADRESSES,SBRAT/DR10,OR",9732675878,,"Purbi Midnapure",KAMLESH RAI,Y,0,,0,N,,,0,"",,"VILLAGE-RATULIAP.O-RATULIA  DISTRICT:PURBA MIDNAPURE",,"",,,,,,19CRZPS5982H1ZH,,0,,,,,West Bengal
A100,"ANITABEDDINGCENTRE,RCBGH/KOL,IW",9903448373,,"Baghajotin",KAMLESH RAI,Y,0,,0,N,,,R,"",,"161 S.P.D BLOCK BAGHAJATIN STATION ROAD BAGHAJATIN",,"",,,,,,,,0,,,,,West Bengal
A001,"ANITAEMPORIUM,BBBBZ/DR1,IR",9883671082,,"BBZ",OM PRAKASH,Y,0,,0,N,,,WS,"",,"P-10 NEW HOWRAH BRIDGE APPROACH ROAD AMAR BHAWAN BURRA BAZAR",,"",,,,,,19ACGPA1807K2ZR,,0,,,,,West Bengal
A002,"ANITAENTERPRISES,RCHOW/DR1,IR",9880188179,,"Howrah",NARESH KUMAR KHILERI,Y,0,,0,N,,,R,"",,"545/1 G.T ROAD (SOUTH) SHREE SHYAM MARKET SHOP NO-30 & 31 1ST FLOOR",,"",,,,,,19ACQPA6880J1Z1,,0,,,,,West Bengal
WA06,"ANJALIENTERPRISES,BIBET/VTA,OW",9431212023,,"Bettiah",K. P. RAKESH RAO,Y,0,,0,N,,,WS,"",,"DR.T.K.MUKHERJEE CHOWKPURANI GUDRI DIST:EAST CHAMPARAN",,"",,,,,,,,0,,,,,BIHAR
AB02,"ANNAPURNABASTRAKUTIR,RCALA/DR9,IR",9830711258,,"South 24 Parganas",SUMIT MONDAL,Y,0,,0,N,,,R,"",,"80DESHBANDHU ROAD (WEST) ALLAM BAZAR",,"",,,,,,,,0,,,,,West Bengal
AT05,"ANNAPURNATEXTILE,RCHOW/DR10,OR",9330953316,,"Howrah",KAMLESH RAI,Y,0,,0,N,,,R,"",,"182/2 ANDUL ROAD",,"",,,,,,19ATNPG3861H1ZD,,0,,,,,West Bengal
A013,"ANNPURNA,RCBOW/KOL,IR",9477446517  - 033-22,,"Bowbazar",KAMLESH RAI,Y,0,,0,N,,,R,"",,"124/1B.B GANGULY STREET",,"",,,,,,19BNOPS8336P1ZQ,,0,,,,,West Bengal
AS08,"ANNUSHRI,ORBLN/VA-O,OW",,,"Bolangir",RAMNARAYAN THAKUR,Y,0,,0,N,,,WS,"",,"MAIN ROADRAMJI CHOWK",,"",,,,,,21ABRPA7812J1ZR,,0,,,,,Odisha
AT07,"ANUPTEXTILE,BBBBZ/SRD,IW",,,"BBZ",OM PRAKASH,Y,0,,0,N,,,WS,"",,"2DIGAMBAR JAIN TEMPLE ROAD",,"",,,,,,19AHUPB9270E1ZZ,,0,,,,,West Bengal
AP01,"APARAJITA,RCBKP/DR9,IR",9433736801,,"Barackpure",NARESH KUMAR KHILERI,Y,0,,0,N,,,R,"",,"30/24S.N. BANERJEE ROADSHANTIBAZAR BARRACKPORE",,"",,,,,,,,0,,,,,West Bengal
AR02,"ARANNARAJ,SBKSM/DR8,OR",9647551569,,"Kusumgram",CHIRONJIB MAHAJAN,Y,0,,0,N,,,R,"",,"P.O.-KUSUMGRAMP.S.-MONTESHWAR  DISTRICT:BARDWAN",,"",,,,,,,,0,,,,,West Bengal
AR01,"ARCHANA'S,RCKNG/KOL,IR",9836675191,,"Konnagar",NARESH KUMAR KHILERI,Y,0,,0,N,,,R,"",,"13COLLAGE ROADNABOGRAM DISTRICT:HOOGHLY",,"",,,,,,19BSVPD5246F1ZE,,0,,,,,West Bengal
ZA73,"ARHAN,NBSLG/SLG,OW",9434106456 -  953174,,"Kolkata",RAHUL SINGH,Y,0,,0,N,,,WS,"",,"GOURI SHANKAR MARKET ABOVE-UBI ATM 1ST FLOOR BIDHAN MARKET",,"",,,,,,19AFWPA3051Q1ZU,,0,,,,,West Bengal
AC03,"ARIHANTCLOTHSTORE,CGNAR/VA,OW",,,"Narayanpur",RAMNARAYAN THAKUR,Y,0,,0,N,,,WS,"",,"NARAYANPUR DIST:BASTAR",,"",,,,,,22ACIPJ9960E1ZL,,0,,,,,Chhattisgarh
A015,"ARJUNDASSATYANARAYAN,BBBBZ/DI,IW",9830189841  - 033227,,"BBZ",OM PRAKASH,Y,0,,0,N,,,WS,"",,"46J.L.B STREET (RANI KOTHI) GROUND FLOOR",,"",,,,,,,,0,,,,,West Bengal
AA01,"ARUNAGENCY,BIBEG/AAK,OW",9471054466 -  06279-,,"Begusarai",K. P. RAKESH RAO,Y,0,,0,N,,,WS,"",,"MAIN ROADP.O-TEGHRA DIST:BEGUSARAI",,"",,,,,,,,0,,,,,BIHAR
AT01,"ARUNTEXTILE,BIMDB/DR7,OW",62764222284,,"Madhubani",K. P. RAKESH RAO,Y,0,,0,N,,,WS,"",,"BARABAZAR",,"",,,,,,,,0,,,,,BIHAR
A025,"ARUNTEXTILEAGENCY(BHAG),BIBHA/ATAB,OW",9331040070,,"Bhagalpur",K. P. RAKESH RAO,Y,0,,0,N,,,WS,"",,"CHANDIPATTI MANOHAR KATRA",,"",,,,,,,,0,,,,,BIHAR
ATAK,"ARUNTEXTILEAGENCY(KTH),BIKAT/ATAK,OW",9431229191  -  06452,,"Katihar",K. P. RAKESH RAO,Y,0,,0,N,,,WS,"",,"1ST FLOORJHAKATRA M.G.ROAD",,"",,,,,,,,0,,,,,BIHAR
QA51,"ARVINDTEXTILES,CFBKR/BN,OW",9434034261,,"Barakar",CHIRONJIB MAHAJAN,Y,0,,0,N,,,WS,"",,"BUS STAND G.T.ROAD",,"",,,,,,19ACLPR2202G1ZO,,0,,,,,West Bengal
AG06,"ASHAGARMENTS,RCBAA/DR9,IR",9339658174,,"Barrackpore",KAMLESH RAI,Y,0,,0,N,,,R,"",,"84BBARASAT ROADNEAR AMOLA CINEMA HALL BARRACKPORE",,"",,,,,,,,0,,,,,West Bengal
AS05,"ASHARAM&COMPANY,RCCAL/DR9,IR",033 2241-0786,,"Shyambazar",KAMLESH RAI,Y,0,,0,N,,,R,"",,"20 BIDHAN SARANI COLLEGE STREET",,"",,,,,,,,0,,,,,West Bengal
AS01,"ASHASAREESANSAR,RCGRH/DR10,IR",3324618092,,"Garia Hat",KAMLESH RAI,Y,0,,0,N,,,R,"",,"2/BHINDUSTAN ROAD NEAR GARIAHAT JUNCTION",,"",,,,,,19AAKFM0607M1Z1,,0,,,,,West Bengal
AS06,"ASHASTORES,RCKHI/DR10,IR",9007752251,,"Shyambazar",KAMLESH RAI,Y,0,,0,N,,,R,"",,"8KARL MARX SARANIKHIDIRPUR",,"",,,,,,19AWOPS0931J1Z0,,0,,,,,West Bengal
A006,"ASHIRBAD,RCJDV/KOL,IW",8697912060 -  033248,,"Jadavpur",KAMLESH RAI,Y,0,,0,N,,,R,"",,"108/1Dr. K.S. ROY ROAD JADAVPUR",,"",,,,,,,,0,,,,,West Bengal
AG02,"ASHIRBADGARMENTS,SBMTH/DR10,OR",9732733054,,"South 24 Parganas",SUMIT MONDAL,Y,0,,0,N,,,R,"",,"MATHURAPUR STATION BAZAR DISTRICT:SOUTH 24 PARGANAS",,"",,,,,,,,0,,,,,West Bengal
AD02,"ASHOKADRESSES,ORDHE/DHJ,OW",9861811649,,"Dhenkanal",DHIRAJ KUMAR JAISWAL,Y,0,,0,N,,,WS,"",,"MAHABIR BAZAR",,"",,,,,,21AEVPA6518G1ZN,,0,,,,,Odisha
AE01,"ASHOKAENTERPRISE,ASGOU/BTA,OW",9435117390,,"Guwahati",VIKRAMGUPTA,Y,0,,0,N,,,WS,"",,"JEEVANDEEP BUILDING4TH FLOOR DIST:KAMROOP",,"",,,,,,18ABWPJ6988P1Z5,,0,,,,,ASSAM
WA50,"ASHOKKUMARAMITKUMAR,ORCUT/DHJ,OW",,,"Cuttack",DHIRAJ KUMAR JAISWAL,Y,0,,0,N,,,WS,"",,"JHOLASAHI TIN-21655700816",,"",,,,,,,,0,,,,,Odisha
AR03,"ATMARAMAMITKUMAR,BBBBZ/SRD,IW",,,"BBZ",OM PRAKASH,Y,0,,0,N,,,WS,"",,"61JAMUNALAL BAJAJ STREET",,"",,,,,,19ADZPM8468N1Z2,,0,,,,,West Bengal
BC02,"B.C.HANDLOOMS,ORCUT/DHJ,OW",9437376743,,"Cuttack",DHIRAJ KUMAR JAISWAL,Y,0,,0,N,,,WS,"",,"JHOLA SAHI",,"",,,,,,21AEWPD4574L1Z4,,0,,,,,Odisha
B002,"B.GAUTAMKEJRIWAL,BIMUZ/BGK,OW",9334389004,,"Muzaffarpur",K. P. RAKESH RAO,Y,0,,0,N,,,WS,"",,"1ST FLOOR BANK ROAD SUTTAPATTY",,"",,,,,,,,0,,,,,BIHAR
BST1,"B.SULTANIATEXTILEAGENCY,BIMUZ/BST,OR",9955431954,,"Muzaffarpur",K. P. RAKESH RAO,Y,0,,0,N,,,WS,"",,"SUTAPATTY",,"",,,,,,,,0,,,,,BIHAR
B006,"BAAZARRETAILLTD,RCHOW/KOL,IW",9331670033  -  03326,,"Kolkata",RAHUL SINGH,Y,0,,0,N,,,R,"",,"493BG.T. ROAD WAREHOUSE NO-M7 BENGAL JUTE MILL",,"",,,,,,,,0,,,,,West Bengal
BS03,"BAAZARSTYLERETAILPVT.LTD.,RCHOW/HD,IW",9073670511,,"Kolkata",RAHUL SINGH,Y,0,,0,N,,,R,"",,"97ANDUL ROADGKW COMPLEXSHED NO-08",,"",,,,,,19AAECD7575J1Z3,,0,,,,,West Bengal
WB60,"BABAKAMLESHTEXTILE,JHGAR/RA,OW",9431136037,,"Garwa",DHIRAJ KUMAR JAISWAL,Y,0,,0,N,,,WS,"",,"KAPRA PATTY",,"",,,,,,,,0,,,,,Jharkhand
BL02,"BABALOKNATHBASTRALAYA,TIAGA/PMT,OW",9436127438,,"Agartala",RAMNARAYAN THAKUR,Y,0,,0,N,,,WS,"",,"KHUSBAN",,"",,,,,,16CNNPS3559J1Z9,,0,,,,,Tripura
B101,"BABASILKHOUSE,BIBHA/ATAB,OW",9334137884  -  74882,,"Bhagalpur",KAMLESH RAI,Y,0,,0,N,,,WS,"",,"SAFFAR KATRA 2ND FLOORKALALI GALI",,"",,,,,,,,0,,,,,BIHAR
B015,"BABITA'S,RCULT/KOL,IR",9051287580 -  033-23,,"Kolkata",RAHUL SINGH,Y,0,,0,N,,,R,"",,"G-8MANICKTALLA CIVIC CENTRE MARKET UTTARAPANDS-111GROUND FLOOR",,"",,,,,,,,0,,,,,West Bengal
B001,"BABULALCHANDACK,BBBBZ/SRD,IW",9433943512,,"BBZ",OM PRAKASH,Y,0,,0,N,,,WS,"",,"203/1 M.G ROAD GROUND FLOOR BURRA BAZAR",,"",,,,,,,,0,,,,,West Bengal
BT02,"BABUTEXTILES,APVIS/SAS,OW",9247587855 -  924726,,"Gajuwaka",K. P. RAKESH RAO,Y,0,,0,N,,,WS,"",,"D.NO-18-248-2KANITHI ROAD NEW GAJUKWAKA TIN:28328491208",,"",,,,,,,,0,,,,,ANDHRA PRADESH
ZB36,"BAHETI&SONS,ORJAJ/DHJ,OW",7205000128,,"Jajpur",DHIRAJ KUMAR JAISWAL,Y,0,,0,N,,,WS,"",,"CLOTH MERCHANT GOPABANDHU CHOWK JAJPUR ROAD",,"",,,,,,21AMYPB8832H1ZV,,0,,,,,Odisha
BB10,"BAHETIBROTHER'S,ORJAR/DHJ,OW",9509473833,,"Jajpur Road",DHIRAJ KUMAR JAISWAL,Y,0,,0,N,,,WS,"",,"MAIN ROADGOPAL BANDHU CHHAK (VYASNAGAR) JAJPUR ROAD DIST:JAJPUR",,"",,,,,,21ACBPB5943N1ZS,,0,,,,,Odisha
BB03,"BAHETIBROTHERS,BBBBZ/DI,IR",9831101763   -  033 ,,"BBZ",OM PRAKASH,Y,0,,0,N,,,WS,"",,"15 PAGEYA PUTTY STREET",,"",,,,,,,,0,,,,,West Bengal
BT04,"BAJORIATEXTILE,BBBBZ/DI,IW",983105448    -  0332,,"BBZ",OM PRAKASH,Y,0,,0,N,,,WS,"",,"214/216JAMUNALAL BAJAJ STREET SHOP NO-110A (BAGARIA MARKET) GROUND FLOOR",,"",,,,,,,,0,,,,,West Bengal
B011,"BAJRANGLALGOPIKISHAN,BBBBZ/DI,IW",9330642083,,"BBZ",OM PRAKASH,Y,0,,0,N,,,WS,"",,"203M.G ROAD KAMAETI KOTHI3RD FLOOR",,"",,,,,,,,0,,,,,West Bengal
B005,"BALAJIENTERPRISE,BBBBZ/SRD,IW",9831834561,,"BBZ",OM PRAKASH,Y,0,,0,N,,,WS,"",,"214/216JAMUNALAL BAJAJ STREET BAGARIA MARKETSHOP NO-118G GROUND FLOOR",,"",,,,,,,,0,,,,,West Bengal
B010,"BALAJIFASHION,SBBAN/BC,OW",9830696699,,"Bankura",CHIRONJIB MAHAJAN,Y,0,,0,N,,,WS,"",,"CHARU CHANDRA MARKET RANIGUNJ MORE",,"",,,,,,19FJRPS3260K1ZC,,0,,,,,West Bengal
BM01,"BALAJIMEGAMART,JHMDH/ATAD,OW",9304441675,,"Madhupur",RAMNARAYAN THAKUR,Y,0,,0,N,,,WS,"",,"SATYA BABU LANE",,"",,,,,,20AFDPA3458G2Z3,,0,,,,,Jharkhand
BS02,"BALAJISILKHOUSE,SBBAU/DR10,OR",9433797662,,"South 24 Parganas",SUMIT MONDAL,Y,0,,0,N,,,R,"",,"KULPI ROADKHODAR BAZAR DIST:SOUTH 24 PARGANAS",,"",,,,,,19AEVPM4232M1ZS,,0,,,,,West Bengal
BE03,"BALAJITEXTILE,JHMDH/ATAD,OW",9430169069  -  93044,,"Madhupur",RAMNARAYAN THAKUR,Y,0,,0,N,,,WS,"",,"GANDHI CHOWK",,"",,,,,,20AADFB0541N1ZX,,0,,,,,Jharkhand
BT06,"BALAJITEXTILE,SBBAN/BC,OW",9434253735,,"Bankura",CHIRONJIB MAHAJAN,Y,0,,0,N,,,WS,"",,"HOLDING NO-101NOONGOLA ROAD DIST:BANKURA",,"",,,,,,19ADVPJ9010H1Z6,,0,,,,,West Bengal
BT11,"BALAJITEXTILE,TPAGA/PMT,OW",7005382249,,"Agartala",RAMNARAYAN THAKUR,Y,0,,0,N,,,WS,"",,"BATTALLA SUPER MARKET",,"",,,,,,16BTNPB4417K1ZM,,0,,,,,Tripura
BP01,"BALMUKUNDPANDEY,BIARR/STAD,OW",,,"Aara",K. P. RAKESH RAO,Y,0,,0,N,,,WS,"",,"CHOWK MARKET  DIST:BHOJPUR",,"",,,,,,10ALXPP0549B1Z9,,0,,,,,BIHAR
BA01,"BALUAGENCIES,KECAI/BA,OR",,,"Kolkata",RAHUL SINGH,Y,0,,0,N,,,WS,"",,"18/725AMBADI KOVILAKAM TALI",,"",,,,,,,,0,,,,,Kerala
BG01,"BALURAMGOKULCHAND,MPKOT/VA,OW",9300330880  -    958,,"Kotma",RAMNARAYAN THAKUR,Y,0,,0,N,,,WS,"",,"STATION ROAD DIST:ANUPPUR",,"",,,,,,23ADBPG3503A1ZO,,0,,,,,Madhya Pradesh
WB10,"BANARASIDAS&SONS,CFPNG/CF,OW",9434225748 -  0343-2,,"Panagarh",CHIRONJIB MAHAJAN,Y,0,,0,N,,,0,"",,"PANAGARH BAZAR G.T.ROAD DIST:BURDWAN",,"",,,,,,19ACHPA1177D1ZZ,,0,,,,,West Bengal
BR01,"BANGARURAMARAOFIRM,APVIZ/SAS,OW",9849793718  - 089222,,"Vijayanagaram",K. P. RAKESH RAO,Y,0,,0,N,,,WS,"",,"SHOP NO-161SRI BALAJI TEXTILE MARKET",,"",,,,,,,,0,,,,,ANDHRA PRADESH
B007,"BANSHIBASTRALAYA,ASHOJ/BTA,OW",9435741392,,"Guwahati",VIKRAMGUPTA,Y,0,,0,N,,,WS,"",,"RICE MARKET DIST:HOJAI",,"",,,,,,,,0,,,,,ASSAM
BB12,"BANWARILALBINODKUMAR,BISOP/LTA,OW",,,"Supaul",K. P. RAKESH RAO,Y,0,,0,N,,,WS,"",,"WARD NO-04NIRMALI",,"",,,,,,10ABJPK0742P1ZP,,0,,,,,BIHAR
B050,"BARADIAVARIETIES,NBGRP/RAI,OW",9733344873  - 035212,,"Malda",RAHUL SINGH,Y,0,,0,N,,,WS,"",,"NEAR MILANI CLUB TAPAN ROAD DIST-DAKSHIN DINAJPUR",,"",,,,,,19AIJPB8394F1ZY,,0,,,,,West Bengal
BT07,"BARMECHATEXTILE,CGDUR/VA,OW",9039879080,,"Durg",RAMNARAYAN THAKUR,Y,0,,0,N,,,WS,"",,"GANDHI CHOWK",,"",,,,,,22ACGPJ3793H1ZM,,0,,,,,Chhattisgarh
BS01,"BARNWALSYNTHETICS,BINAW/HT,OW",9386618666,,"Nawada",K. P. RAKESH RAO,Y,0,,0,N,,,WS,"",,"SABZI BAZAR",,"",,,,,,10AMBPP1753C1ZR,,0,,,,,BIHAR
BB02,"BASANTIBASTRALAYA,SBMID/DR8,OR",9474405053 - 9474405,,"South 24 Parganas",SUMIT MONDAL,Y,0,,0,N,,,0,"",,"JAMNA(PINGLA) DIST:WEST MIDNAPUR",,"",,,,,,19AGSPM8890N1Z1,,0,,,,,West Bengal
BB06,"BASANTIBASTRALAYA,SBMOY/DR8,OR",9732630744,,"South 24 Parganas",SUMIT MONDAL,Y,0,,0,N,,,R,"",,"MOYNA PRAJABARH ROADGARSAFAT DIST:EAST  MEDINIPUR",,"",,,,,,19AGSPM8890N1Z1,,0,,,,,West Bengal
BB07,"BASANTIBEDDINGSTORES,RCBAU/DR10,OW",9433424235 - 7278948,,"South 24 Parganas",SUMIT MONDAL,Y,0,,0,N,,,R,"",,"BARUIPUR KULPI ROAD DIST - SOUTH 24 PARGANAS KOLKATA",,"",,,,,,19AENPC0138A1Z2,,0,,,,,West Bengal
BT09,"BATELITEACOMPANYLTD,ASMAZ/KOL,OR",9903011711 -  033239,,"Alipurdwar",VIKRAMGUPTA,Y,0,,0,N,,,WS,"",,"BATELI TEA ESTATEP.O-MAZBAT  DISTRICT:UDALGURI",,"",,,,,,18AABCB3158J1ZN,,0,,,,,ASSAM
BT05,"BATELITEACOMPANYLTD,RCNEW/KOL,IR",9903011711  -  03323,,"Kolkata",RAHUL SINGH,Y,0,,0,N,,,R,"",,"DALMIA HOUSE-392 BLOCK-G NEW ALIPORE",,"",,,,,,19AABCB3158J1ZL,,0,,,,,West Bengal
WB03,"BEAUTYBEDDINGSTORES,RCADU/KOL,IR",9674039736,,"Kolkata",RAHUL SINGH,Y,0,,0,N,,,R,"",,"ANDUL MOREGULAB BAGAN ANDUL BUS STAND DIST- HOWRAH",,"",,,,,,19AASFB1782G1Z3,,0,,,,,West Bengal
WB01,"BEAUTYVASTRALAYA,CBKAL/KC.OW",3512244717,,"Kalia Chawk",CHIRONJIB MAHAJAN,Y,0,,0,N,,,R,"",,"",,"",,,,,,,,0,,,,,West Bengal
BC01,"BEDDINGCENTRE,RCJDV/KOL,IR",033-2412-1662,,"Jadavpur",KAMLESH RAI,Y,0,,0,N,,,R,"",,"28DR.K.S. RAY (STATION ROAD)JADAVPUR",,"",,,,,,19AFNPR7170J1ZO,,0,,,,,West Bengal
B200,"BEDDINGCORNER,RCGRA/KOL,IW",033-24309712,,"Garia",KAMLESH RAI,Y,0,,0,N,,,R,"",,"P-122A RAJA S.C.MULLICK ROAD KOLKATA",,"",,,,,,19ACHPC8712G1ZO,,0,,,,,West Bengal
B008,"BEDDINGEMPORIUM,RCBOW/KOL,IR",9830416220  -  03322,,"Kolkata",RAHUL SINGH,Y,0,,0,N,,,R,"",,"236BIPIN BEHARI GANGULY STREET NEAR BOWBAZAR LORETO SCHOOL",,"",,,,,,,,0,,,,,West Bengal
ZB01,"BEDDINGMUSEUM,RCBRT/KOL,IW",9330060776,,"Birati",NARESH KUMAR KHILERI,Y,0,,0,N,,,R,"",,"157M.B.ROAD SAILENDRA APARTMENT",,"",,,,,,19AVWPS5727M1ZC,,0,,,,,West Bengal
WB02,"BEDSHEETHOUSE,CBDLU/KC,OW",973250035,,"Dhuliyan",CHIRONJIB MAHAJAN,Y,0,,0,N,,,R,"",,"JAIN COLONY DIST:MURSHIDABAD",,"",,,,,,19AAFFB4393L1Z0,,0,,,,,West Bengal
WB15,"BEHALABEDSHEETCENTRE,RCBEH/KOL,IW",8335962214,,"Kolkata",RAHUL SINGH,Y,0,,0,N,,,R,"",,"305 DIAMOND HARBOUR ROAD NEAR BEHALA POLICE STATION",,"",,,,,,19AHEPB7093H1Z8,,0,,,,,West Bengal
BE01,"BENGALEMBROIDERYART,RCNEM/DR10,IR",8240331264  - 983110,,"Kolkata",RAHUL SINGH,Y,0,,0,N,,,R,"",,"NEW MARKETNEW COMPLEX SHOP NO-NB-007",,"",,,,,,,,0,,,,,West Bengal
BS04,"BERHAMPURSAREECENTER,ORBER/KTA,OW",,,"Beharampur",DHIRAJ KUMAR JAISWAL,Y,0,,0,N,,,WS,"",,"BERHAMPURHANUMAN BAZAR DIST:GANJAM",,"",,,,,,21AAGFB2661N1ZJ,,0,,,,,Odisha
BV01,"BHAGWATIBASTRALAYA,BIMUZ/BST,OW",9006008474,,"Muzaffarpur",K. P. RAKESH RAO,Y,0,,0,N,,,WS,"",,"KESHARIA ROAD DIST:EAST CHAMPARAN",,"",,,,,,10ADZPC3991L1Z4,,0,,,,,BIHAR
BB08,"BHAGWATIBEDCOVER,BBBBZ/DI,IW",9239232864,,"BBZ",OM PRAKASH,Y,0,,0,N,,,WS,"",,"3/4 NARAYAN PRASAD BABU LANE",,"",,,,,,19ACUPA0887B1ZJ,,0,,,,,West Bengal
BC03,"BHAGWATICLOTHSTORE,ORASK/KTA,OW",9437262590,,"Aska",DHIRAJ KUMAR JAISWAL,Y,0,,0,N,,,WS,"",,"DISTRICT:GANJAM",,"",,,,,,21ADZPP4642H1Z7,,0,,,,,Odisha
BH03,"BHAGWATIHANDLOOM,BINTR/BST,OW",9955594523,,"Narkatiagang",K. P. RAKESH RAO,Y,0,,0,N,,,WS,"",,"MARWARI MOHALLA DIST:WEST CHAMPARAN",,"",,,,,,10ACSPA1027B1ZL,,0,,,,,BIHAR
BS08,"BHAGWATISALESCORPORATION,CGAMB/VA,OR",9826190867,,"Ambikapur",RAMNARAYAN THAKUR,Y,0,,0,N,,,WS,"",,"HIGH SCHOOL ROAD P.O - AMBIKAPUR DIST - SARGUJA",,"",,,,,,22AHXPK0291K1Z0,,0,,,,,Chhattisgarh
QB10,"BHAGWATIVASTRALAYA,ORBGU/KTA,OW",,,"Beguniapara",DHIRAJ KUMAR JAISWAL,Y,0,,0,N,,,WS,"",,"CLOTH MERCHANT POST-BEGUNIAPADADIST-GANJAM",,"",,,,,,,,0,,,,,Odisha
BBB1,"BHAIBHAIBASTRALAYA,CBBTH/DR9,IR",9733781822,,"Bethuadahari",CHIRONJIB MAHAJAN,Y,0,,0,N,,,R,"",,"PALPARA FULTALABETHUADOHARI DIST:NADIA",,"",,,,,,,,0,,,,,West Bengal
BT08,"BHAIRABTEXTILE,RCARA/DR8,OW",9932518206,,"Arambagh",CHIRONJIB MAHAJAN,Y,0,,0,N,,,R,"",,"ARAMBAGH DIST:HOOGHLY",,"",,,,,,19AARFB7344M1ZP,,0,,,,,West Bengal
B016,"BHALOTIATEXTILE,BIBHA/DR2,OW",6412422716,,"Bhagalpur",KAMLESH RAI,Y,0,,0,N,,,WS,"",,"RAJ LAXMI PATH LANE BATAGALI",,"",,,,,,10AEAPB6709F1ZB,,0,,,,,BIHAR
BB11,"BHARATIBASTRALAYA,NBSLG/DP,OW",9474030394,,"Siliguri",VIKRAMGUPTA,Y,0,,0,N,,,R,"",,"CHAMPA SAREE MORE",,"",,,,,,19AJBPS5335E1Z6,,0,,,,,West Bengal
BL01,"BHARATLAXMIBASTRALAYA,CBMLD/KC,OW",9593658260  - 811655,,"Malda",CHIRONJIB MAHAJAN,Y,0,,0,N,,,R,"",,"RANG MAHAL LANE DIST - MALDA",,"",,,,,,19ALBPS1379J1ZN,,0,,,,,West Bengal
BE02,"BHARTIENTERPRISES,BBBBZ/MM,IW",9830355018,,"BBZ",OM PRAKASH,Y,0,,0,N,,,WS,"",,"3 B/A  NIRMAL LOHIA LANE TRIPAL PATTY",,"",,,,,,19APAPG0974L1ZP,,0,,,,,West Bengal
BT10,"BHARUKATEXTILESHOUSE(P)LTD,BBBBZ/PAJ,IW",9874989677,,"BBZ",OM PRAKASH,Y,0,,0,N,,,WS,"",,"2CRAM KUMAR RAKSHIT LANE 2ND FLOOR CHINI PATTYBURRABAZAR",,"",,,,,,19AAGCB4028G1ZS,,0,,,,,West Bengal
BB01,"BHATIABROTHER'S,BIARR/STAD,OW",,,"Aara",K. P. RAKESH RAO,Y,0,,0,N,,,WS,"",,"BHATIA MARKET",,"",,,,,,,,0,,,,,BIHAR
BT01,"BHATTERTEXTILES,BBBBZ/MM,IW",9830274444   -  9830,,"BBZ",OM PRAKASH,Y,0,,0,N,,,WS,"",,"JALAN BHAWAN 10DIGAMBER JAIN TEMPLE ROAD2ND FLOOR",,"",,,,,,19AGNPB4067H1Z9,,0,,,,,West Bengal
B009,"BHAVNATEXTILEAGENCY,ASGOU/BTA,OW",9435041983,,"Guwahati",VIKRAMGUPTA,Y,0,,0,N,,,WS,"",,"4TH FLOORROOM-5G.D. SIKARIA COMPLEX M.S ROADFANCY BAZAR DIST:KAMROOP",,"",,,,,,,,0,,,,,ASSAM
BH01,"BHAWANIHANDLOOOM,ORBAL/DHJ,OW",9437321295,,"Balasore",DHIRAJ KUMAR JAISWAL,Y,0,,0,N,,,WS,"",,"CINEMA BZAR",,"",,,,,,21ABWPC5391D1ZR,,0,,,,,Odisha
ZB80,"BHOLANATHENTERPRISE,CBRAI/RAI,OW",9434144712,,"Kolkata",RAHUL SINGH,Y,0,,0,N,,,0,"",,"NEAR BIPLABI DURGA MANDIR DIST-UTTAR DINAJPUR",,"",,,,,,,,0,,,,,West Bengal
WB05,"BHOWMICK&SON'S,BBBBZ/MM,OW",9830726281,,"BBZ",OM PRAKASH,Y,0,,0,N,,,WS,"",,"203/1M.G.ROAD (PAGEYA PATTI) 4 TH FLOORROOM NO-E-9",,"",,,,,,19BTWPB1492H2Z8,,0,,,,,West Bengal
BB05,"BHOWMICKBASTRALAYA,SBMOY/DR8,OR",7602863172,,"Moyna",CHIRONJIB MAHAJAN,Y,0,,0,N,,,R,"",,"GARSAFAT DIST:EAST MEDINIPUR",,"",,,,,,,,0,,,,,West Bengal
BI01,"BICHHAWNA,RCCAL/KOL,IW",8240756116  - 990322,,"Kolkata",RAHUL SINGH,Y,0,,0,N,,,R,"",,"1  HO CHI MIN SARANI METRO SHOPPING CENTRE 3RD FLOOR SHOP NO - 3039",,"",,,,,,,,0,,,,,West Bengal
BI02,"BICHITRA,RCALA/DR9,OR",9007467973,,"Alambazar",NARESH KUMAR KHILERI,Y,0,,0,N,,,R,"",,"90DESH BANDHU ROADALAMBAZAR",,"",,,,,,19AGDPK5379D1Z9,,0,,,,,West Bengal
BH02,"BIHARHANDLOOM,BISAH/LTA,OW",6475222333,,"Saharsa",K. P. RAKESH RAO,Y,0,,0,N,,,WS,"",,"SIMRI BAKHTIYARPUR",,"",,,,,,10AJDPB8741P1Z8,,0,,,,,BIHAR
B003,"BIHARILALSARAF,BBBBZ/MM,IW",9831357885,,"BBZ",OM PRAKASH,Y,0,,0,N,,,WS,"",,"154JAMUNALAL BAJAJ STREET GROUND FLOOR",,"",,,,,,,,0,,,,,West Bengal
BT03,"BIJAYTRADINGCOMPANY,BBBBZ/SRD,IW",9674320042  -  98301,,"BBZ",OM PRAKASH,Y,0,,0,N,,,WS,"",,"9PAGEYA PUTTY",,"",,,,,,19AFUPB7444Q1ZI,,0,,,,,West Bengal
ZB81,"BIJOYKUMARMONDOL,CBTRM/RAI,OW",9933075480,,"Trimohini",NARESH KUMAR KHILERI,Y,0,,0,N,,,0,"",,"TRINATH P.S-HILI DIST-DAKIN DINAJPUR",,"",,,,,,19AELPM7236B1ZF,,0,,,,,West Bengal
BB09,"BILASRAYBANWARILAL&SONS,ORBDH/DHJ,OW",947060358  -  067842,,"Bhadrak",DHIRAJ KUMAR JAISWAL,Y,0,,0,N,,,WS,"",,"CHANDAN BAZAR",,"",,,,,,21AEDPD1818A1ZL,,0,,,,,Odisha
BK01,"BINODKUMARSAH,JHDMK/ATAD,OW",9122494947,,"Dumka",RAMNARAYAN THAKUR,Y,0,,0,N,,,WS,"",,"KULDEEP SINGH ROAD",,"",,,,,,,,0,,,,,Jharkhand
B125,"BINORITRADINGCO.,ORBHU/DHJ,OW",9938502705,,"Bhubaneswar",DHIRAJ KUMAR JAISWAL,Y,0,,0,N,,,WS,"",,"16/EENGINEERS COLONYCUTTACK ROAD NEAR BHUBANESWAR HOTEL TIN-21571120811",,"",,,,,,,,0,,,,,Odisha
BP02,"BISHNUDEVPRASAD,BIBEG/AAK,OW",,,"Begusarai",K. P. RAKESH RAO,Y,0,,0,N,,,WS,"",,"MANI ROAD",,"",,,,,,10AESPP9947B1Z9,,0,,,,,BIHAR
BB04,"BISWASBASTRALAYA,RCHOW/DR10,OR",9007882225,,"Domjur",KAMLESH RAI,Y,0,,0,N,,,R,"",,"SAPTHARATHI MARKET BEGRIDOMJUR",,"",,,,,,19CJIPB3672C1ZE,,0,,,,,West Bengal
BC04,"BITSCREATION,ORBER/KTA,OW",9338761102,,"Berhampur",DHIRAJ KUMAR JAISWAL,Y,0,,0,N,,,D,"",,"ASKA ROAD DISTRICT:GANJAM",,"",,,,,,21BQDPM1983N1ZL,,0,,,,,Odisha
BD01,"BOMBAYDRESSCENTRE,SBPUA/DR9,OR",9475134797,,"Pandua",KAMLESH RAI,Y,0,,0,N,,,R,"",,"SANTASHILA MARKET DISTRICT:HOOGHLY",,"",,,,,,,,0,,,,,West Bengal
B100,"BOMBAYTEXTILE,RCCDN/KOL,OR",033-2683-5718,,"Chandannagar",NARESH KUMAR KHILERI,Y,0,,0,N,,,R,"",,"LAXMIGUNJ DIST:HOOGHLY",,"",,,,,,,,0,,,,,West Bengal
BH04,"BURKHAHOUSE,ASBDR/MS,OW",9435942731,,"Badarpur",RAHUL SINGH,Y,0,,0,N,,,WS,"",,"MISSION ROAD DISTRICT:KARIMGANJ",,"",,,,,,19CQEPM2008L1ZS,,0,,,,,West Bengal
CP01,"CENTREPOINTSAREEMUSEUM,RCBAA/DR9,OR",8100370030,,"Barrackpore",NARESH KUMAR KHILERI,Y,0,,0,N,,,R,"",,"NONACHANDANPUKURBODTALA DIST:NORTH 24 PARGANAS",,"",,,,,,19AYTPD2100R1Z1,,0,,,,,West Bengal
WC01,"CHAGANLALKISHANLAL,SBPUR/BC,OW",9434029746  - 943400,,"Purulia",CHIRONJIB MAHAJAN,Y,0,,0,N,,,WS,"",,"THANA LANE",,"",,,,,,19AAGFC6835P1ZR,,0,,,,,West Bengal
WC02,"CHAINRUPSURENDRAKUMAR,BBBBZ/DI,OW",,,"BBZ",OM PRAKASH,Y,0,,0,N,,,WS,"",,"131 COTTON STREET BURABAZAR",,"",,,,,,,,0,,,,,West Bengal
CJ01,"CHAMPALALJAIN,ASBLS/ASSK,OW",9435007623-  8890159,,"Bilasipara",VIKRAMGUPTA,Y,0,,0,N,,,WS,"",,"WARD NO-12 DISTRICT:DHUBRI",,"",,,,,,18ACCPJ8276F1ZF,,0,,,,,ASSAM
GR01,"CHANDA,SBMID/KHR,IR",9474000711   -  0322,,"Midnapure",CHIRONJIB MAHAJAN,Y,0,,0,N,,,R,"",,"SHIB BAZAR",,"",,,,,,19AABFC8701B1ZW,,0,,,,,West Bengal
C005,"CHANDANA,RCCDN/KOL,OR",033-2683-5718,,"Chandannagar",CHIRONJIB MAHAJAN,Y,0,,0,N,,,R,"",,"LAXMIGUNJ DIST:HOOGHLY",,"",,,,,,,,0,,,,,West Bengal
C007,"CHANDANASAREEHOUSE,APVIS/SAS,OW",8019777361,,"Gajuwaka",K. P. RAKESH RAO,Y,0,,0,N,,,WS,"",,"KANITHI ROAD OPP-SHIVA FIRE WORKSNEW GAJUWAKA",,"",,,,,,,,0,,,,,ANDHRA PRADESH
CC05,"CHANDANCLOTHSTORE,ORJAJ/DHJ,OR",9937522424,,"Jajpur",DHIRAJ KUMAR JAISWAL,Y,0,,0,N,,,WS,"",,"GOPINATHPUR DIST - JAJPUR P.O - MADHUBANHAT",,"",,,,,,21AVZPS7193Q1Z8,,0,,,,,Odisha
ZC01,"CHANDRABHUSHANDAS,CBNAB/KOL,OW",9153309052,,"Nabadwip",CHIRONJIB MAHAJAN,Y,0,,0,N,,,0,"",,"SONAPATTY DIST-NADIA",,"",,,,,,,,0,,,,,West Bengal
WC12,"CHANDRATANCHANDAK,SBPUR/BC,OW",9434195918,,"Purulia",CHIRONJIB MAHAJAN,Y,0,,0,N,,,WS,"",,"KAPRA GALI",,"",,,,,,,,0,,,,,West Bengal
CB02,"CHEAP-N-BEST,TIAGA/PMT,OW",9774143906,,"Agartala",RAMNARAYAN THAKUR,Y,0,,0,N,,,WS,"",,"BATTALA SUPER MARKET",,"",,,,,,16AQYPD1923B1Z2,,0,,,,,Tripura
CT01,"CHETANTEXTILES,OTDEL/GST,OW",9999903631,,"Delhi",RAHUL SINGH,Y,0,,0,N,,,WS,"",,"4760LAXMI BAZARCLOTH MARKET",,"",,,,,,07AAAFC3488L1Z7,,0,,,,,Delhi
C006,"CHHAGANMALMADANLAL,ASGOU/BTA,OW",9435059000 - 0361273,,"Guwahati",VIKRAMGUPTA,Y,0,,0,N,,,WS,"",,"S.R.C.B ROADFANCY BAZAR  TIN:18320091149",,"",,,,,,,,0,,,,,ASSAM
WC50,"CHIRAGTEXTILES,ORCUT/DHJ,OW",9437017384,,"Cuttack",DHIRAJ KUMAR JAISWAL,Y,0,,0,N,,,WS,"",,"CHOUDHURY BAZARNANDI SAHI TIN-21771204509",,"",,,,,,21ASEPS7330M1ZK,,0,,,,,Odisha
WC05,"CHITPURNICLOTHSTORE,CFASN/BC,OW",9434477222,,"Asansol",CHIRONJIB MAHAJAN,Y,0,,0,N,,,WS,"",,"SABRA MARKET BYE T.P.MUKHERJEE ROAD SHOP NO.6 BASTIN BAZAR DIST-BURDWAN",,"",,,,,,,,0,,,,,West Bengal
CB01,"CHITTARANJANBEDDINGSTORES,RCCAL/DR10,IR",9339762412  - 033241,,"Jadavpur",KAMLESH RAI,Y,0,,0,N,,,R,"",,"11GARIA MAIN ROADPAL BAZAR MORE",,"",,,,,,19AIGPB1692R1ZP,,0,,,,,West Bengal
CW01,"CHOWDARYSTORES,ASBLS/BLS,OW",,,"Bilasipara",VIKRAMGUPTA,Y,0,,0,N,,,WS,"",,"",,"",,,,,,,,0,,,,,ASSAM
WV50,"CLICKFASHION,BBBBZ/DR1,IW",9674803887 - 9038903,,"BBZ",OM PRAKASH,Y,0,,0,N,,,WS,"",,"P-10NEW HOWRAH BRIDGE APPROACH ROAD BAIJU CHOWK BURRABAZAR",,"",,,,,,,,0,,,,,West Bengal
DK02,"D.K.STEXTILES,APPRD/SGT,OW",9246941678,,"Prodatur",K. P. RAKESH RAO,Y,0,,0,N,,,WS,"",,"70BASTRA BHARATHI",,"",,,,,,37ACMPD3967H1ZB,,0,,,,,Andhra Pradesh (New)
D003,"D.N.DILIPKUMAR,ORCUT/DHJ,OW",9338798934,,"Cuttack",DHIRAJ KUMAR JAISWAL,Y,0,,0,N,,,WS,"",,"TOLA TALNGA BAZAR",,"",,,,,,,,0,,,,,Odisha
DN01,"D.N.HANDLOOM,JHRAN/RA,OW",7782947603,,"Ranchi",DHIRAJ KUMAR JAISWAL,Y,0,,0,N,,,WS,"",,"BASEMENTB.N. TOWER OPP-ARYA SAMAJ MANDIRSHARDHANAND ROAD UPPER BAZAR",,"",,,,,,20AADCD8535B1Z8,,0,,,,,Jharkhand
DT06,"DANTESHWARITEXTILES,ORJEY/VA-O,OW",9668100837,,"Jeypore",RAMNARAYAN THAKUR,Y,0,,0,N,,,WS,"",,"CLOTH MERCHANT M.G. ROAD",,"",,,,,,21AJNPS3457M1ZP,,0,,,,,Odisha
WD02,"DAULALNANDLAL,JHRAN/RA,OW",651207748,,"Ranchi",DHIRAJ KUMAR JAISWAL,Y,0,,0,N,,,WS,"",,"KUNJLAL STREET",,"",,,,,,,,0,,,,,Jharkhand
DB02,"DEBNATHBEDDINGSTORES,SBCHM/DR10,OR",7407472494,,"South 24 Parganas",SUMIT MONDAL,Y,0,,0,N,,,R,"",,"CHAMPAHATI BAZAR NEAR-GRAM PANCHAYAT/AXIS BANK DIST:SOUTH 24 PARGANAS",,"",,,,,,,,0,,,,,West Bengal
DA01,"DEENDAYALAGARWAL,ORBLN/VA-O,OW",8763339890,,"Bolangir",RAMNARAYAN THAKUR,Y,0,,0,N,,,WS,"",,"RAMJI CHOWK",,"",,,,,,21AAHFD3671R1Z4,,0,,,,,Odisha
D002,"DEOKISHANMAHESWARI,BBBBZ/PAJ,IW",9339250855,,"BBZ",OM PRAKASH,Y,0,,0,N,,,WS,"",,"16 PAGYA PATTY 4TH FLOOR BURRA BAZAR",,"",,,,,,,,0,,,,,West Bengal
DT02,"DEVANSHTEXTILE,CGJAG/VA,OW",9425260486,,"Jagdalpur",RAMNARAYAN THAKUR,Y,0,,0,N,,,WS,"",,"CLOTH MERCHANT PRATAP GANJPARA",,"",,,,,,,,0,,,,,Chhattisgarh
DC01,"DEVKICLOTHSTORE,ORMLK/VA-O,OW",,,"Malkhangiri",RAMNARAYAN THAKUR,Y,0,,0,N,,,WS,"",,"MAIN ROAD P.O-MALKANGIRI",,"",,,,,,21BJGPC8036E1ZR,,0,,,,,Odisha
DS01,"DHULLICHANDSHREEGOPAL,BBBBZ/MM,IW",,,"BBZ",OM PRAKASH,Y,0,,0,N,,,WS,"",,"17NO. PAGGYA PATTI2ND FLOOR",,"",,,,,,19AADFD3708P1Z3,,0,,,,,West Bengal
DB01,"DIAMONDBEDDING&LADIESTAILOR,RCDAH/DR10,IR",8001853833,,"South 24 Parganas",SUMIT MONDAL,Y,0,,0,N,,,0,"",,"DIAMOND HARBOUR NEAR UCO BANK DISTRICT:SOUTH 24 PARGANAS",,"",,,,,,,,0,,,,,West Bengal
D005,"DIDISAREES,BIMNP/HT,OW",9204698198,,"Manpur",K. P. RAKESH RAO,Y,0,,0,N,,,WS,"",,"BAIJNATH SAHAY LANE P.O.-BUNIYADGANJ DIST:GAYA",,"",,,,,,,,0,,,,,BIHAR
DK01,"DILIPKUMARSHARMA(SHI),APHYD/DLS,OW",9290489456,,"Hydrabad",K. P. RAKESH RAO,Y,0,,0,N,,,WS,"",,"3-2-373/13RD FLOOR SHRI  PLAZACHAPPALBAZARKACHIGORA",,"",,,,,,,,0,,,,,ANDHRA PRADESH
DT04,"DILIPTRADERS,BICHP/MIST,OW",9431424317,,"Chapra",K. P. RAKESH RAO,Y,0,,0,N,,,WS,"",,"SHAHEBGANJ BAZAR",,"",,,,,,10AACHA1383G1Z1,,0,,,,,BIHAR
WD97,"DINESHTEXTILE,SBBAN/BC,OW",9434253735,,"Bankura",CHIRONJIB MAHAJAN,Y,0,,0,N,,,WS,"",,"NOONTALA",,"",,,,,,,,0,,,,,West Bengal
DT05,"DONTHUTEXTILE,APPRD/SGT,OW",9440094100,,"Prodatur",K. P. RAKESH RAO,Y,0,,0,N,,,WS,"",,"40VASTRA BHARATHI",,"",,,,,,37AADHD6651F1ZE,,0,,,,,Andhra Pradesh (New)
DT03,"DROPADITEXTILE,BIPAT/STAK,OW",9304724964,,"Patna",K. P. RAKESH RAO,Y,0,,0,N,,,WS,"",,"B-98-102KHETAN SUPER MARKET BIRLA MANDIR ROAD",,"",,,,,,10AJAPG6769K1Z8,,0,,,,,BIHAR
DS02,"DULHANSAREE,NBKKA/DR9,IR",9339012113,,"Kankinara",NARESH KUMAR KHILERI,Y,0,,0,N,,,R,"",,"2 NO KATADANGA ROADMAHAVIR SHAW KATGOLA BASANTI LODGE29 NO. RAIL GATE DIST:NORTH 24 PARGANAS",,"",,,,,,,,0,,,,,West Bengal
WD09,"DURGATEXTILE,JHDMK/ATAD,OW",7759025511,,"Dumka",K. P. RAKESH RAO,Y,0,,0,N,,,WS,"",,"PRATAP SAHA LANE",,"",,,,,,,,0,,,,,BIHAR
DT01,"DURGATEXTILES,BIARR/STAD.OW",9308105328,,"Aara",K. P. RAKESH RAO,Y,0,,0,N,,,WS,"",,"DASHMESH MARKET",,"",,,,,,,,0,,,,,BIHAR
NE000520181123161257,"DUTTA COLLECTION",9332922051,,"SAMSI",CHIRONJIB MAHAJAN,Y,0,,0,N,0,,R,"",,"STATION ROAD SAMSI",85243618,"",,,,,,,,,,,,,MALDA/RAIGUNJ/BALURG
DP01,"DWARKAPRASADSUSHILKUMAR,BIMUZ/BGK,OW",6212241913,,"Mu4",K. P. RAKESH RAO,Y,0,,0,N,,,WS,"",,"GURU KRIPA COMPLEX BANK OF BARODA LANESUTAPPATY",,"",,,,,,10AADHM7238R1ZV,,0,,,,,BIHAR
E005,"EASTBENGALBEDDINGSTORES,RCBGH,KOL,IR",8013430347,,"Baghajotin",KAMLESH RAI,Y,0,,0,N,,,R,"",,"BAGHAJATIN BAZAR  BAGHAJATIN",,"",,,,,,19AFUPP1758B1Z2,,0,,,,,West Bengal
E001,"EBONYTEXTILEPVTLTD,BBBBZ/DR1,IW",8013133304,,"BBZ",OM PRAKASH,Y,0,,0,N,,,WS,"",,"P-12 NEW HOWRAH BRIDGE APPROACH ROAD BAIJU CHOWK 2ND FLOOR BURRA BAZAR",,"",,,,,,19AAACE6929R1ZU,,0,,,,,West Bengal
FS02,"FANCYSTORES,CGDHA/VA,OW",9713755701,,"Dhamtari",RAMNARAYAN THAKUR,Y,0,,0,N,,,WS,"",,"SHASHTRI CHOWK",,"",,,,,,22AFHPJ9817Q1ZV,,0,,,,,Chhattisgarh
F003,"FASHIONCLOTHSTORE,CFDGP/CF/OW",9474534837,,"Durgapur",CHIRONJIB MAHAJAN,Y,0,,0,N,,,R,"",,"DURGAPUR STATION BAZAR HAT TALA ROAD",,"",,,,,,,,0,,,,,West Bengal
FM01,"FASHIONMART,SBGOC/DR10,OR",7384391686,,"South 24 Parganas",SUMIT MONDAL,Y,0,,0,N,,,R,"",,"GOCHARAN BUS MORE DIST:SOUTH 24 PRGNS",,"",,,,,,,,0,,,,,West Bengal
FP02,"FASHIONPALACE,SBTLD/DR10,OR",9002343198,,"South 24 Parganas",SUMIT MONDAL,Y,0,,0,N,,,0,"",,"TALDI BAZAR DIST:SOUTH 24 PARGANAS",,"",,,,,,,,0,,,,,West Bengal
FS01,"FITTWELL&SAREEGHAR,NBBAA/DR9,OR",9143234391,,"Barrackpore",NARESH KUMAR KHILERI,Y,0,,0,N,,,R,"",,"143/3BARASAT ROAD DIST:NORTH 24 PARGANAS",,"",,,,,,,,0,,,,,West Bengal
FP01,"FIXPRICECLOTHSTORE,CGAMB/VA,OW",9424256903,,"Ambikapur",RAMNARAYAN THAKUR,Y,0,,0,N,,,WS,"",,"SCHOOL ROAD SHASHTRI MARKET",,"",,,,,,22AGBPA9933B1Z2,,0,,,,,Chhattisgarh
G221,"G.P.SAREEPVTLTD,UPKAN/DR4,OW",9839144054 -  0512-3,,"UP",RAHUL SINGH,Y,0,,0,N,,,WS,"",,"49/37 GENERAL GUNJ",,"",,,,,,09AACCG0108Q1ZI,,0,,,,,Uttar Pradesh
GR03,"G.R.KARIMA.A.R.GAZIDRESSES,RCMETL/KOL,OR",9831727227,,"Metiabruz",KAMLESH RAI,Y,0,,0,N,,,R,"",,"METIABRUZGAZI BAZAR",,"",,,,,,19APQPG1607N1ZH,,0,,,,,West Bengal
GB01,"GANAPATRAIBALABUX,ORCUT/DHJ,OW",9776327254  - 0671-2,,"Cuttack",DHIRAJ KUMAR JAISWAL,Y,0,,0,N,,,WS,"",,"NAYA SADAK",,"",,,,,,21AADFG8732C1ZW,,0,,,,,Odisha
GB03,"GANESHBASTRALAYA,CFKLN/DR8,OR",9434311841,,"Kalna",CHIRONJIB MAHAJAN,Y,0,,0,N,,,R,"",,"KALNA DIST:BURDWAN",,"",,,,,,19ADAPA7712N1ZI,,0,,,,,West Bengal
GT03,"GANESHTEXTILES,CGJAG/VA,OW",7782226073,,"Jagdalpur",RAMNARAYAN THAKUR,Y,0,,0,N,,,WS,"",,"B-4SHRIDHAR COMPLEX MAIN ROAD",,"",,,,,,22ACAPC7817R1ZH,,0,,,,,Chhattisgarh
GB02,"GANGARANIBASTRALAYA,CFHAT/DR8,OR",8101331110,,"Hatgovindopur",CHIRONJIB MAHAJAN,Y,0,,0,N,,,R,"",,"HATGOBINDOPUR DIST:BURDWAN",,"",,,,,,,,0,,,,,West Bengal
GS02,"GANGASAGARFURNISHING,CBBGT/RAI,OW",9547393008 - 9434130,,"Balurghat",CHIRONJIB MAHAJAN,Y,0,,0,N,,,WS,"",,"NEW MARKET (MAHARAJA COMPLEX) 1ST FLOOR DIST - SOUTH DINAJPUR",,"",,,,,,19ADAPA0218K1Z1,,0,,,,,West Bengal
GT01,"GAUTAMCHANDTIKAMCHAND,CGRPA/VA,OW",7712582407,,"Raipur",RAMNARAYAN THAKUR,Y,0,,0,N,,,WS,"",,"TEXTILE MARKETPANDRI",,"",,,,,,,,0,,,,,Chhattisgarh
GC02,"GAYATRICLOTHSTORES,ORJUN/VA-O,OW",8280099990,,"Junagarh",RAMNARAYAN THAKUR,Y,0,,0,N,,,WS,"",,"MAIN ROAD",,"",,,,,,21AFRPA0829B1Z5,,0,,,,,Odisha
GC01,"GEETCREATION,BBBBZ/DI,IW",9830502585,,"BBZ",OM PRAKASH,Y,0,,0,N,,,WS,"",,"178 M.G. ROADKACHORI GALIGROUND FLOOR BURRABAZAR",,"",,,,,,19AAMFG0268L1ZY,,0,,,,,West Bengal
GR02,"GIRDHARILAL&BROS,BBBBZ/MM,IW",8981476525 -  990308,,"BBZ",OM PRAKASH,Y,0,,0,N,,,WS,"",,"90 MANOHARDAS STREET SONAPATTY BURRABAZAR",,"",,,,,,19BNNPD2536H1ZX,,0,,,,,West Bengal
G001,"GIRDHARTEXTILES,RCARA/KED,IR",9775760759,,"Arambagh",NARESH KUMAR KHILERI,Y,0,,0,N,,,R,"",,"WARD-2 HOLDING NO.943 DISTRICT:HOOGHLY",,"",,,,,,,,0,,,,,West Bengal
GS01,"GITASHREE,RCNEB/DR9,IR",9432841843,,"New Barrackpore",NARESH KUMAR KHILERI,Y,0,,0,N,,,R,"",,"223STATION ROADNEW BARRACKPORE  DIST:NORTH 24 PARGANAS",,"",,,,,,,,0,,,,,West Bengal
GH04,"GOELHANDLOOMHOUSE,BBBBZ/DI,IW",8697851591,,"BBZ",OM PRAKASH,Y,0,,0,N,,,WS,"",,"11 BURTALLA STREET 1ST FLOOR",,"",,,,,,,,0,,,,,West Bengal
NE000520181219135301,"GOPAL TIWARI",9434983469,,"Kaliagunj",CHIRONJIB MAHAJAN,Y,0,,0,N,0,,R,"",,"NEAR BOYRA KALI BARI SRI RAM MARKET KALIYAGANJ",85243988,"",,,,,,,,,,,,,MALDA/RAIGUNJ/BALURG
GB06,"GOPALBASTRALAYA,RCCAL/DR10,IR",9433490885 -  903812,,"Behala",KAMLESH RAI,Y,0,,0,N,,,R,"",,"3 S. N. ROY ROAD SUPER MARKET SHOP NO - 16 BEHALA",,"",,,,,,,,0,,,,,West Bengal
GT02,"GOPALTIWARI,CBKLG/NDIN,OW",9434983469,,"Kalia gunj",CHIRONJIB MAHAJAN,Y,0,,0,N,,,WS,"",,"CLOTH MERCHANT DIST:NORTH DINAJPUR",,"",,,,,,,,0,,,,,West Bengal
G002,"GOURIDEBNATH,RCARA/KOL,OW",9474360042,,"Arambagh",CHIRONJIB MAHAJAN,Y,0,,0,N,,,R,"",,"BACK SIDE OF ARAMBAGH",,"",,,,,,,,0,,,,,West Bengal
G010,"GOURISHANKARJALAN&SONS,SBPUR/BC,OW",9378238566 -  03252-,,"Purulia",CHIRONJIB MAHAJAN,Y,0,,0,N,,,WS,"",,"SADAR PARABRAKAR",,"",,,,,,,,0,,,,,West Bengal
GS03,"GOURISHANKARTEXTILE,TIAGA/PMT,OW",9436128451,,"Agartala",RAMNARAYAN THAKUR,Y,0,,0,N,,,WS,"",,"CENTRAL ROAD",,"",,,,,,16AAKFG0155G1ZN,,0,,,,,Tripura
WG12,"GOURITEXTILES,BBBBZ/MM,IW",9830051135,,"BBZ",OM PRAKASH,Y,0,,0,N,,,WS,"",,"P-12NEW HOWRAH BRIDGE APPROACH ROAD BAIJU CHOWKBURRABAZAR",,"",,,,,,19AACFG4841P1ZX,,0,,,,,West Bengal
GN01,"GOURNETAIBASTRALAYA,CBBTH/DR9,OR",,,"Bethuadahari",NARESH KUMAR KHILERI,Y,0,,0,N,,,R,"",,"34JATIA SADAK  DIST:NADIA",,"",,,,,,19AWAPS7510D1ZM,,0,,,,,West Bengal
G006,"GOVINDBHAWAN,BBBBZ/DI,OW",,,"BBZ",OM PRAKASH,Y,0,,0,N,,,WS,"",,"151M.G. ROAD",,"",,,,,,19AAATG2461R1Z6,,0,,,,,West Bengal
WG06,"GOVINDLALDIGA,BBBBZ/SRD,IW",,,"BBZ",OM PRAKASH,Y,0,,0,N,,,WS,"",,"PARAKH KOTHI BURRABAZAR",,"",,,,,,,,0,,,,,West Bengal
GP01,"GOVINDPRASADNANDKISHORE,BIDBA/BGK,OW",,,"Darbhanga",K. P. RAKESH RAO,Y,0,,0,N,,,WS,"",,"KATKIBAZAR",,"",,,,,,10AACHN4849J1Z8,,0,,,,,BIHAR
GG01,"GOWTHAMGARMENTS,APREN/KIR,OW",9440531235,,"Renugunta",K. P. RAKESH RAO,Y,0,,0,N,,,WS,"",,"3/146BAZAR STREET DISTRICT:CHITTOR",,"",,,,,,37ABLPL6585B1ZE,,0,,,,,Andhra Pradesh (New)
WG15,"GRANDSUDHIR,RCBOG/KOL,IW",7908352950,,"North 24 Parganas",SHANKAR GHOSH,Y,0,,0,N,,,0,"",,"BONGAON BATAR MORE DIST-NORTH 24 PARGANAS",,"",,,,,,,,0,,,,,West Bengal
G005,"GREEHASAJJYA,RCKNG/KOL,OR",9143046040 - 9830645,,"Konnagar",NARESH KUMAR KHILERI,Y,0,,0,N,,,R,"",,"208CRIPER ROAD DISTY:HOOGHLY",,"",,,,,,,,0,,,,,West Bengal
WG50,"GSARETAILLIMITED,RCKAH/KOL,OW",8336935226  -  033-2,,"Kolkata",RAHUL SINGH,Y,0,,0,N,,,R,"",,"116FB.T.ROADNTC COMPOUND DIST-24 NORTH PARGANAS",,"",,,,,,19AADCB1908J1ZP,,0,,,,,West Bengal
WG01,"GUPTATEXTILE,BISIT/SBT,OW",9431431609,,"Sitamarhi",K. P. RAKESH RAO,Y,0,,0,N,,,WS,"",,"SHEOHAR BAZARMAIN ROAD BURMA ASTHAN THOK",,"",,,,,,10AKDPG3017C1Z9,,0,,,,,BIHAR
GH01,"GURMEETHANDLOOM,JHJHU/HT,OW",9661824540,,"Koderma",DHIRAJ KUMAR JAISWAL,Y,0,,0,N,,,WS,"",,"JAIN MANDIR GALI DIST:KODERMA",,"",,,,,,20AAMFG5359G1ZG,,0,,,,,Jharkhand
GK01,"GURUDEVKRIPATEXTILE,CGDHA/VA,OW",8602174901,,"Dhamtari",RAMNARAYAN THAKUR,Y,0,,0,N,,,WS,"",,"NEHRU MARKETBALAK CHOWK",,"",,,,,,22AEQPM4376R1ZN,,0,,,,,Chhattisgarh
G201,"GURUKRIPATEXTILE,BIHAJ/STAK,OW",,,"Hazipur",K. P. RAKESH RAO,Y,0,,0,N,,,WS,"",,"LAXMICHAND SHUKLA MARKET NAWARPUR CINEMA ROAD",,"",,,,,,,,0,,,,,BIHAR
GM01,"GYANPRAKASHMASKARA&SONSHUF,MESIH/BTA,OW",9436703000,,"Shillong",VIKRAMGUPTA,Y,0,,0,N,,,WS,"",,"BARABAZAR",,"",,,,,,17AABHG6964N1ZQ,,0,,,,,Meghalaya
HD01,"H.D.INTERNATIONAL,BBBBZ/HD,IR",9831110621,,"BBZ",OM PRAKASH,Y,0,,0,N,,,WS,"",,"207F RABINDRA SARANI",,"",,,,,,,,0,,,,,West Bengal
H005,"H.R.S.COLLECTION,RCCAL/KOL,IR",9903140704,,"Garia Hat",KAMLESH RAI,Y,0,,0,N,,,R,"",,"169RASHBEHARI AVENUE SHOP NO-11 BALLYGUNJE FANCY MARKET AC",,"",,,,,,,,0,,,,,West Bengal
ZH08,"H.S.ENTERPRISES,SBPUR/BC,OW",9434006025,,"Purulia",CHIRONJIB MAHAJAN,Y,0,,0,N,,,WS,"",,"CHAIBASA ROADP.N.GHOSH STREET",,"",,,,,,,,0,,,,,West Bengal
NE000520181123122847,"HABIB CLOTG STORE",8145777035,,"RATUA",CHIRONJIB MAHAJAN,Y,0,,0,N,0,,R,"",,"BUS STAND RATUA MALDA",85536545,"",,,,,,,,,,,,,MALDA/RAIGUNJ/BALURG
NE000520181126133603,"HAJI DRESS",7872536090,,"ITAHAR",CHIRONJIB MAHAJAN,Y,0,,0,N,0,,R,"",,"IED GAHA ROAD ITAHAR NORTH DINAJPUR",85421388,"",,,,,,,,,,,,,MALDA/RAIGUNJ/BALURG
ZH02,"HANDLOOMGHAR,CBKHR/KHR,OW",9800359338 -  993359,,"Kharagpur",CHIRONJIB MAHAJAN,Y,0,,0,N,,,R,"",,"SHOP NO:210-211 GOLE BAZAR DIST-MEDNIPUR",,"",,,,,,19AAFFH0739L1Z4,,0,,,,,West Bengal
H001,"HANDLOOMTEXTILEHOUSE,BBBBZ/PAJ,IW",9331433405,,"BBZ",OM PRAKASH,Y,0,,0,N,,,WS,"",,"2 RAM KUMAR RAKSHIT LANE  BURRA BAZAR",,"",,,,,,,,0,,,,,West Bengal
H006,"HANSRAJRAJENDRAKUMAR,ASGOU/BTA,OW",9813619573,,"Guwahati",VIKRAMGUPTA,Y,0,,0,N,,,WS,"",,"19-AMOHAN MARKET1ST FLOOR",,"",,,,,,,,0,,,,,ASSAM
HG04,"HANUMANBUXGOURISHANKAR,BIJAI/BGK,OW",9934098098 -  624622,,"Jainagar",K. P. RAKESH RAO,Y,0,,0,N,,,WS,"",,"DIST - MADHUBANI",,"",,,,,,10AABFH1347L1ZS,,0,,,,,BIHAR
WH19,"HANUMANDASMUNDHRA,BBBBZ/PAJ,IW",9831362030 -  227197,,"BBZ",OM PRAKASH,Y,0,,0,N,,,WS,"",,"16/2/CARMENIAN STREET 3RD FLOORBURRABAZAR",,"",,,,,,19AAIFH8157M1ZN,,0,,,,,West Bengal
HS01,"HANUMANMALSHANTILALDUGGAR,BBBBZ/DI,IW",9830746252 - 3325341,,"BBZ",OM PRAKASH,Y,0,,0,N,,,WS,"",,"152.B MAHATMA GANDHI ROAD1ST FLOOR",,"",,,,,,,,0,,,,,West Bengal
H002,"HANUMANVASTRALAYA,CBBGT/RAI,OR",9434070450 - 0352225,,"Balurghat",CHIRONJIB MAHAJAN,Y,0,,0,N,,,WS,"",,"NARAYANPUR",,"",,,,,,19ACNPA6903B1ZX,,0,,,,,West Bengal
WH48,"HARDAYANDASKEDIA,UPGAZ/DR4,OW",9450897504,,"UP",RAHUL SINGH,Y,0,,0,N,,,WS,"",,"MAHAJAN TOLLY",,"",,,,,,09AEUPK2992R1Z7,,0,,,,,Uttar Pradesh
H115,"HAREKRISHNADRESSES,ORSRG/KTA,OW",9438114537,,"Kotaigarh",DHIRAJ KUMAR JAISWAL,Y,0,,0,N,,,WS,"",,"MAIN ROAD POST-SHERAGADA DIST-GANJAM",,"",,,,,,,,0,,,,,Odisha
HK01,"HARIKISHANJAGDISHPRASAD,ORCUT/DHJ,OW",7873868924 -  809398,,"Cuttack",DHIRAJ KUMAR JAISWAL,Y,0,,0,N,,,WS,"",,"NANDI SAHI",,"",,,,,,21ABBPP3408R1ZK,,0,,,,,Odisha
HC01,"HARISHCLOTHSTORES,CGAMB/VA,OW",9425254433   - 77742,,"Ambikapur",RAMNARAYAN THAKUR,Y,0,,0,N,,,WS,"",,"AMBIKAPUR",,"",,,,,,22AAKFH1134L1ZL,,0,,,,,Chhattisgarh
HK04,"HARKHENKUMAR&SONSVASTRALAYA,BIARR/STAD,OW",9955258690,,"Aara",K. P. RAKESH RAO,Y,0,,0,N,,,WS,"",,"GOPALI CHOWK",,"",,,,,,10AADFH1245F1Z6,,0,,,,,BIHAR
H200,"HARSHITKUMARDALMIA,CBKLG/NDIN,OW",9434965484,,"Kalia gunj",CHIRONJIB MAHAJAN,Y,0,,0,N,,,R,"",,"PO-KALIAGUNJ DIST-UTTAR DINAJPUR",,"",,,,,,,,0,,,,,West Bengal
HT06,"HARSHTEXTILE,BBBBZ/DI,IR",9330714200,,"BBZ",OM PRAKASH,Y,0,,0,N,,,WS,"",,"3B/1B NOORMAL LOHIA LANE KOLKATA",,"",,,,,,19AHTPR0863Q1Z6,,0,,,,,West Bengal
HG01,"HAYATGARMENT,RCGTK/DR9,OR",7908459921  - 973268,,"South 24 Parganas",SUMIT MONDAL,Y,0,,0,N,,,R,"",,"SABJI BAZAR DIST - 24 PARGANAS (S)",,"",,,,,,19AUTPA2627E1ZN,,0,,,,,West Bengal
HS02,"HAZISTORE,RCKHI/DR10,IR",8420169804,,"Dharamtalla",KAMLESH RAI,Y,0,,0,N,,,R,"",,"KHIDIRPUR",,"",,,,,,,,0,,,,,West Bengal
HT01,"HEMPROBHATEXTILE,CFBWN/DR",9153377390,,"Burdwan",CHIRONJIB MAHAJAN,Y,0,,0,N,,,R,"",,"133B.B GHOSH ROAD DIST:BURDWAN",,"",,,,,,19CCJPD5739A1ZQ,,0,,,,,West Bengal
HC02,"HIGHCHOICE,RCGRH/DR10,OR",9903630971,,"Garia Hat",KAMLESH RAI,Y,0,,0,N,,,R,"",,"BALLYGUNJE NEW MARKET A.C.SHOP NO-2 GROUND FLOOR46/3/11GARIAHAT ROAD",,"",,,,,,19BYLPS2138F2Z3,,0,,,,,West Bengal
HA01,"HINDARTS,BBBBZ/DI,IW",9831295347  - 033-22,,"BBZ",OM PRAKASH,Y,0,,0,N,,,WS,"",,"9JAGMOHAN MULLICK LANE (KALAKAR STREET)",,"",,,,,,19AABFH6398F1Z2,,0,,,,,West Bengal
WH18,"HOWRAHBEDDINGHOUSE,RCHOW/KOL,IR",9051285226,,"Howra Maidan",KAMLESH RAI,Y,0,,0,N,,,R,"",,"45/5G.T.ROAD (SOUTH)",,"",,,,,,19ACVPG8896P1Z2,,0,,,,,West Bengal
ID01,"INDRANI,NBKYN/DR9,OR",9433829774,,"Kalyani",NARESH KUMAR KHILERI,Y,0,,0,N,,,R,"",,"A9X/2CABIDHAN SUPER MARKET DIST:NADIA",,"",,,,,,19ACLPN2629M1Z0,,0,,,,,West Bengal
IS01,"INDRASYNTHETIC&READYMADE,BIDBA/BGK,OW",9352612173,,"Darbhanga",K. P. RAKESH RAO,Y,0,,0,N,,,WS,"",,"BARABAZAR",,"",,,,,,10AAAPZ7326C1Z2,,0,,,,,BIHAR
WI17,"ISHASYNTHETICS,BIPAT/STAK,OW",,,"Patna",K. P. RAKESH RAO,Y,0,,0,N,,,WS,"",,"OPPOSITE-RAMBAGH GURUNANAK MARKET",,"",,,,,,,,0,,,,,BIHAR
IF01,"ISRAILFASHIONWORLD,CFASN/BC,OW",9064248356,,"Asansol",CHIRONJIB MAHAJAN,Y,0,,0,N,,,R,"",,"1ST FLOOR48 (67) BASTIN BAZAR DISTRICT:BARDHAMAN",,"",,,,,,,,0,,,,,West Bengal
IC01,"ISWARCHANDRAPALGANGAPROSADPAL,BBBBZ/DI,IW",9831093323  -  03322,,"BBZ",OM PRAKASH,Y,0,,0,N,,,WS,"",,"207/3 MAHATMA GANDHI ROAD SONAPATTYBURRABAZAR",,"",,,,,,19AAAFI7603P1ZZ,,0,,,,,West Bengal
JB01,"J.B.MARKETING,ASHAW/BLS,OW",3667250355,,"Hawli",VIKRAMGUPTA,Y,0,,0,N,,,WS,"",,"",,"",,,,,,,,0,,,,,ASSAM
JC01,"J.C.BROTHERSRETAILPVTLTD,TEHYD/DLS,OW",9100033767  -  04023,,"Hydrabad",K. P. RAKESH RAO,Y,0,,0,N,,,WS,"",,"12-720/65RAILWAY GOODS SHED ROAD OPP-EENADU PRINTING PRESS MOOSAPET",,"",,,,,,36AACCJ0514B1ZB,,0,,,,,Telangana
JK02,"J.K.ENTERPRISES,RCHOW/KOL,OR",9836394462,,"Sibpur",KAMLESH RAI,Y,0,,0,N,,,R,"",,"493/B/1 G.T ROADPANCHSHEEL APPARTMENT SHIBPUR",,"",,,,,,19AKUPS8869D1Z2,,0,,,,,West Bengal
JK01,"J.K.SILKSPVTLTD,APVIZ/SAS,OW",9440193528 - 8922236,,"Vijayanagaram",K. P. RAKESH RAO,Y,0,,0,N,,,WS,"",,"CANTONMENT",,"",,,,,,,,0,,,,,ANDHRA PRADESH
JP01,"J.P.JAIN&SONS,ORKES/VA-O,OW",,,"Kasinga",RAMNARAYAN THAKUR,Y,0,,0,N,,,WS,"",,"WARD NO.4MAIN ROAD DISTRICT:KALAHANDI",,"",,,,,,21AANFJ8985E1Z0,,0,,,,,Odisha
WJ07,"J.SIDHARTHKUMAR,JHKIR/LM,OW",3262330210,,"Dhanbad",DHIRAJ KUMAR JAISWAL,Y,0,,0,N,,,WS,"",,"JALAN MARKET (1ST FLOOR) KIRKEND P.O.-KUSUNDA",,"",,,,,,20AAGHS3721N1Z5,,0,,,,,Jharkhand
J002,"JAGDAMBAHANDLOOM,JHRAN/RA,OW",9431350820,,"Ranchi",DHIRAJ KUMAR JAISWAL,Y,0,,0,N,,,WS,"",,"MADHUKAR REGENCY SHRDHANAND ROAD UPPER BAZAR",,"",,,,,,,,0,,,,,Jharkhand
WJ02,"JAGDISHPRASADJOGESWARPRASAD,BISUP/LTA,OW",9431068417,,"Supaul",K. P. RAKESH RAO,Y,0,,0,N,,,WS,"",,"STATION ROAD",,"",,,,,,10ACNPG7525M1ZI,,0,,,,,BIHAR
JT02,"JAGDISHTEXTILE,BISAH/LTA,OW",06478-223231,,"Saharsa",K. P. RAKESH RAO,Y,0,,0,N,,,WS,"",,"DHARAMSHALA ROAD",,"",,,,,,10ADNPK2941G1ZV,,0,,,,,BIHAR
WJ03,"JAGDISHVASTRALAYA,BIMUZ/BGK,OW",970833072,,"Muzaffarpur",K. P. RAKESH RAO,Y,0,,0,N,,,WS,"",,"SUTTAPATTY",,"",,,,,,,,0,,,,,BIHAR
J001,"JAGGANATHBASTRALAYA,RCCDN/KOL,OR",8017417190,,"Chandannagar",NARESH KUMAR KHILERI,Y,0,,0,N,,,R,"",,"BARABAZAROPP-P.C CHANDRA JEWELLERS G.T.ROAD DIST:HOOGHLY",,"",,,,,,19ADUPD0875F1ZA,,0,,,,,West Bengal
J101,"JAGGIHANDLOOM,JHJHU/HT,OW",8877042620,,"Koderma",DHIRAJ KUMAR JAISWAL,Y,0,,0,N,,,WS,"",,"PATNA RANCHI ROAD DIST-KODARMA",,"",,,,,,20AODPS8351P1ZI,,0,,,,,Jharkhand
JG01,"JAGGIS,JHJHU/HT,OW",8877042620,,"Jhumritilaya",DHIRAJ KUMAR JAISWAL,Y,0,,0,N,,,WS,"",,"NEAR STATION",,"",,,,,,20AODPS8351P1ZI,,0,,,,,Jharkhand
WJ01,"JAIHANUMANHANDLOOM,BISAH/LTA,OW",9308797749 -  06478-,,"Saharsa",K. P. RAKESH RAO,Y,0,,0,N,,,WS,"",,"KAPRA PATTY",,"",,,,,,10AKHPS2615L1Z8,,0,,,,,BIHAR
JT04,"JAINARAYANTIWARI,BBBBZ/DI,IW",9883653337,,"BBZ",OM PRAKASH,Y,0,,0,N,,,WS,"",,"3B/1ANOORMAL LOHIA LANE BURRABAZAR",,"",,,,,,19ACKPT5366J1ZT,,0,,,,,West Bengal
JC06,"JAINCLOTHHOUSE,CBDLU/KC,OW",9932875019,,"Dhuliyan",CHIRONJIB MAHAJAN,Y,0,,0,N,,,R,"",,"",,"",,,,,,19AAEFJ0103D1Z2,,0,,,,,West Bengal
J005,"JAINCLOTHSTORE,BBBBZ/DI,IW",9831092682,,"BBZ",OM PRAKASH,Y,0,,0,N,,,WS,"",,"160JAMUNALAL BAJAJ STREET PANJABI KATRA",,"",,,,,,19AEBPB4718D1ZZ,,0,,,,,West Bengal
WJ72,"JAINCLOTHSTORES,ORMLK/VA-O,OW",,,"Malkhangiri",RAMNARAYAN THAKUR,Y,0,,0,N,,,WS,"",,"MAIN ROAD P.O-MALKANGIRI",,"",,,,,,,,0,,,,,Odisha
ZJ10,"JAINTRADINGCO.,CGRGN/VA,OW",9425562002,,"Rajnandan gaon",RAMNARAYAN THAKUR,Y,0,,0,N,,,WS,"",,"MAIN ROAD DIST:RAJNANDGAON",,"",,,,,,,,0,,,,,Chhattisgarh
JS02,"JAISHRIKRISHNATEXTILE,RCKHI/DR10,IR",9831910952,,"Khidirpur",KAMLESH RAI,Y,0,,0,N,,,R,"",,"5/11KARL MARX SARANI ",,"",,,,,,,,0,,,,,West Bengal
JE01,"JALANENTERPRISES,SBBIS/BC,OW",9434003011,,"Bishnupur",CHIRONJIB MAHAJAN,Y,0,,0,N,,,WS,"",,"BOLTALA DISTRICT:BANKURA",,"",,,,,,19ACMPJ2956L1ZZ,,0,,,,,West Bengal
JS03,"JANAKNANDASIKDER,BBBBZ/DI,IW",9830814298,,"BBZ",OM PRAKASH,Y,0,,0,N,,,WS,"",,"12NOORMAL LOHIA LANE",,"",,,,,,19AUJPS7130C1ZJ,,0,,,,,West Bengal
ZJ80,"JANANICLOTHMERCHANT,ORMAY/ODR,OW",9437039287,,"Mayurbhanj",DHIRAJ KUMAR JAISWAL,Y,0,,0,N,,,D,"",,"CLOTH MERCHANT STATION ROADBARIPADA",,"",,,,,,21APSPD9620G1ZZ,,0,,,,,Odisha
JB03,"JANAPRIYABASTRALAYA,RCBHG/DR9,IR",9748134473   -  0332,,"Belgharia",NARESH KUMAR KHILERI,Y,0,,0,N,,,R,"",,"12/B M.B. ROADBELGHORIA",,"",,,,,,19ALHPS4254J1ZL,,0,,,,,West Bengal
JB02,"JAYBALAJIBEDCOVER,BBBBZ/SJ,IW",9831285255 - 0332274,,"BBZ",OM PRAKASH,Y,0,,0,N,,,WS,"",,"27RATAN SARKAR GARDEN STREET2ND FLOOR (NEAR TARA SUNDARI PARK)",,"",,,,,,,,0,,,,,West Bengal
JD01,"JAYDURGAFABRICS,BBBBZ/SRD,IW",,,"BBZ",OM PRAKASH,Y,0,,0,N,,,R,"",,"210/212 J.L.B. STREET LOHIA MARKET GROUND FLOOR",,"",,,,,,19ACGPA1558H1ZR,,0,,,,,West Bengal
ZJ33,"JAYHANUMANCLOTHSTORE,ASGOU/BTA,OW",9435199142,,"Guwahati",VIKRAMGUPTA,Y,0,,0,N,,,WS,"",,"2ND FLOORB.G. MARKET S.R.C.B ROADFANCY BAZAR",,"",,,,,,,,0,,,,,ASSAM
JK03,"JAYMAAKALIBASTRALAYA,SBKHR/KOL,OR",3.33E+11,,"Kharagpur",CHIRONJIB MAHAJAN,Y,0,,0,N,,,R,"",,"GOLBAZAR DIST:WEST MEDINIPORE",,"",,,,,,19AACFJ1642H1ZI,,0,,,,,West Bengal
JR01,"JAYRAMTEXTILE,RCBAA/DR9,OR",7686807926,,"Barrackpore",NARESH KUMAR KHILERI,Y,0,,0,N,,,R,"",,"117BARASAT ROADJAFFARPUR MORE.  BARRACKPUR",,"",,,,,,,,0,,,,,West Bengal
JS01,"JAYSHIVHANDLOOMSTORES,BIARR/STAD,OW",,,"Aara",K. P. RAKESH RAO,Y,0,,0,N,,,WS,"",,"CHITRATOLI ROAD",,"",,,,,,10AVCPK7184J1ZL,,0,,,,,BIHAR
JC02,"JETHMALCHIRANJILAL,BBBBZ/DI,IW",9836785428,,"BBZ",OM PRAKASH,Y,0,,0,N,,,WS,"",,"3/CNOORMAL LOHIA (TIRPAL PATTY)",,"",,,,,,19ACOPJ5974G1Z0,,0,,,,,West Bengal
JC03,"JHUNJHUNWALACLOTHPVTLTD,BBBBZ/SRD,IW",,,"BBZ",OM PRAKASH,Y,0,,0,N,,,WS,"",,"30COTTON STREET1ST FLOOR",,"",,,,,,19AACCJ5344H1ZH,,0,,,,,West Bengal
JC05,"JIBANCHANDRAPAL,SBAMT/DR10,OR",9874209199 -  033-24,,"South 24 Parganas",SUMIT MONDAL,Y,0,,0,N,,,R,"",,"N.D. ROAD  DIST:SOUTH 24 PARGANAS",,"",,,,,,19AFZPP1271L1ZK,,0,,,,,West Bengal
WJ19,"JITESHAGENCY,BBBBZ/DI,IW",,,"BBZ",OM PRAKASH,Y,0,,0,N,,,WS,"",,"4/5 NOORMAL LOHIA LANE 2ND FLOOR",,"",,,,,,,,0,,,,,West Bengal
JC07,"JOYGURUCLOTH&BEDDINGCENTER,RCICH/DR9,OR",8334072426,,"Ichapur",NARESH KUMAR KHILERI,Y,0,,0,N,,,R,"",,"MANICKTALA DIST:NORTH 24 PARGANAS",,"",,,,,,19AWSPG8961G1ZT,,0,,,,,West Bengal
JG06,"JOYGURUCONSUMERCO-OPERATIVESTORES,RCICH/DR9,OW",9831279291,,"Ichapur",NARESH KUMAR KHILERI,Y,0,,0,N,,,R,"",,"MANICKTALA ICHAPUR DITS:24 PARGANAS (NORTH)",,"",,,,,,19AACAJ5838Q1ZV,,0,,,,,West Bengal
JK04,"JOYKALIMATABASTRALAYA,RCMGM/DR9,IR",9836072520 -  033-25,,"Madhamgram",NARESH KUMAR KHILERI,Y,0,,0,N,,,R,"",,"130SODEPUR ROAD",,"",,,,,,19AAGFJ1313B1ZY,,0,,,,,West Bengal
WJ05,"JOYSHREEBASTRALAYA,BIMUZ/BGK,OW",0621-2247026,,"Muzaffarpur",K. P. RAKESH RAO,Y,0,,0,N,,,WS,"",,"SUTTAPATTY",,"",,,,,,,,0,,,,,BIHAR
JC04,"JUGALCLOTHSTORE,BIDBA/BGK,OW",06272-247898,,"Darbhanga",K. P. RAKESH RAO,Y,0,,0,N,,,WS,"",,"BARA BAZAR",,"",,,,,,10ADCPS4412R1ZH,,0,,,,,BIHAR
JM01,"JUGRAJMANGILALSURANA,CGKON/VA,OW",,,"Kondagaon",RAMNARAYAN THAKUR,Y,0,,0,N,,,WS,"",,"MAIN ROAD",,"",,,,,,22ATCPS4826R1Z5,,0,,,,,Chhattisgarh
JT03,"JYOTIRUIBHANDAR,CGMSD/VA,OW",,,"Mahasamunder",RAMNARAYAN THAKUR,Y,0,,0,N,,,WS,"",,"SATATION ROAD",,"",,,,,,22ABZPC9051D1ZP,,0,,,,,Chhattisgarh
JT01,"JYOTITEX,CGBHI/VA,OW",9425512521,,"Bhilai",RAMNARAYAN THAKUR,Y,0,,0,N,,,WS,"",,"MAIN ROADCIRCULAR MARKETCAMP-2 POWER HOUSE",,"",,,,,,22AXYPS3875Q1Z6,,0,,,,,Chhattisgarh
ZK41,"K.BRUNDAVANSENAPATI&SONS,ORBER/KTA,OW",6810261427,,"Berhampur",DHIRAJ KUMAR JAISWAL,Y,0,,0,N,,,WS,"",,"CLOTH MERCHANT BEGUNIAPADA",,"",,,,,,,,0,,,,,Odisha
WK42,"K.C.AGARWAL&CO.,ORBIR/VA-O,OW",06651-254180,,"Birmaharajpur",RAMNARAYAN THAKUR,Y,0,,0,N,,,WS,"",,"DIST:SONEPUR BIRMAHARAJPUR",,"",,,,,,21AASFK5971G1Z2,,0,,,,,Odisha
ZK01,"K.D.ENTERPRISE,BBBBZ/MD,IW",,,"BBZ",OM PRAKASH,Y,0,,0,N,,,WS,"",,"171 M.G.ROAD 2ND FLOOR",,"",,,,,,19ACFPJ9243F1ZH,,0,,,,,West Bengal
KD02,"K.DSAREEMAHAL,NBDHP/DR10,OR",9635609498,,"Alipur",VIKRAMGUPTA,Y,0,,0,N,,,R,"",,"ALUPATTY DIST:JALPAIGURI",,"",,,,,,,,0,,,,,West Bengal
KR01,"K.R.AGENCIES,APHYD/KRA,OW",9848023215  - 040661,,"Hydrabad",K. P. RAKESH RAO,Y,0,,0,N,,,WS,"",,"G-52NABI KHANAPATEL MARKET",,"",,,,,,,,0,,,,,ANDHRA PRADESH
K111,"K.R.ENTERPRISES,JHJHU/HT,OW",9431104153,,"Jhumritilaya",DHIRAJ KUMAR JAISWAL,Y,0,,0,N,,,WS,"",,"APNA MARKET STATION ROAD",,"",,,,,,,,0,,,,,Jharkhand
KS02,"K.S.R.SHOPEE,APVIS/SAS,OW",9848616072  - 089125,,"Vishakapatanam",K. P. RAKESH RAO,Y,0,,0,N,,,WS,"",,"OPP-LAXMI VILAS BANK #10-10-65SAIRAMNAGARGAJUWAKA",,"",,,,,,,,0,,,,,ANDHRA PRADESH
KT01,"K.S.TEXTILE,JHMDH/ATAD,OW",7360020011,,"Madhupur",RAMNARAYAN THAKUR,Y,0,,0,N,,,WS,"",,"GANDHI CHOWK DIST:MADHUPUR",,"",,,,,,20AIOPS5045B1ZJ,,0,,,,,Jharkhand
QK10,"KAILASHTEXTILES,SBPUR/BC,OW",9434013050,,"Purulia",CHIRONJIB MAHAJAN,Y,0,,0,N,,,WS,"",,"SADAR PARA BARAKAR ROAD",,"",,,,,,19AEYPJ5020P1ZQ,,0,,,,,West Bengal
ZK31,"KAKAHOSIERY,CGNAP/VA,OW",9907107555,,"Nawapara",RAMNARAYAN THAKUR,Y,0,,0,N,,,WS,"",,"GUNJ LANE NAWAPARA",,"",,,,,,,,0,,,,,Chhattisgarh
WK02,"KALIACHOWKCLOTHSTORE,CBKAL/KC,OW",9775444582,,"Kalia Chawk",CHIRONJIB MAHAJAN,Y,0,,0,N,,,R,"",,"",,"",,,,,,,,0,,,,,West Bengal
KT05,"KALPANATEXTILE,UPKAN/KATA,OW",9369301174,,"UP",RAHUL SINGH,Y,0,,0,N,,,WS,"",,"49/33GENRALGANJ",,"",,,,,,09AQUPG5180B1ZP,,0,,,,,Uttar Pradesh
KG01,"KAMAKHYAGOYAL&SONS,NBSLG/SLG,OW",9434071312,,"Siliguri",RAHUL SINGH,Y,0,,0,N,,,R,"",,"STATION FEEDER ROAD OPP-SILIGURI POLICE STATION",,"",,,,,,19ADBPG0358F1ZW,,0,,,,,West Bengal
K125,"KAMALASTORES,NBSLG/SLG,OW",9332099818  -  33243,,"Siliguri",VIKRAMGUPTA,Y,0,,0,N,,,WS,"",,"SARKAR MANSION HILL CART ROAD",,"",,,,,,19ACRPA8438K1Z0,,0,,,,,West Bengal
KC01,"KAMALCLOTHSTORES,TEHYD/KRA,OW",9391107856,,"Hydrabad",K. P. RAKESH RAO,Y,0,,0,N,,,WS,"",,"21-2-336BEHIND  SHIVDATRAI HIGH SCHOOL LAD BAZAR",,"",,,,,,36AADFK8715H1Z8,,0,,,,,Telangana
KE01,"KAMALENTERPRISES,BBBBZ/MM,IW",9831662680 - 0332273,,"BBZ",OM PRAKASH,Y,0,,0,N,,,WS,"",,"178JAMUNALAL BAJAJ STREET  KHATTRY KATRA)",,"",,,,,,19ADKPA7103P1ZB,,0,,,,,West Bengal
KT04,"KAMALTEXTILES,UPKAN/KATA,OR",0512-2388915/2388912,,"Kolkata",RAHUL SINGH,Y,0,,0,N,,,WS,"",,"114JHANJHARIA CLOTH MARKET GENERALGANJ",,"",,,,,,,,0,,,,,Uttar Pradesh
KC02,"KAMLACLOTHREADYMADESTORES,NBJGT/DR9,OR",9331538803,,"Jagatdal",NARESH KUMAR KHILERI,Y,0,,0,N,,,R,"",,"NAYA BAZARSHIV MANDIR  DIST:NOTH 24PGNS",,"",,,,,,,,0,,,,,West Bengal
KA02,"KAMNA,RCCAL/DR10,IR",9903594272,,"Maniktala",KAMLESH RAI,Y,0,,0,N,,,R,"",,"WG-156NEW MARKET  (NEW COMPLEXMIDDLE GATE)",,"",,,,,,,,0,,,,,West Bengal
KS03,"KAMNASTORES,BBBBZ/DI,IW",9331624362 - 9830356,,"BBZ",OM PRAKASH,Y,0,,0,N,,,WS,"",,"1HANUMANJI LANESHOP NO-6 (NEAR SATYANARAYAN PARK)",,"",,,,,,19AADFK6548C1ZB,,0,,,,,West Bengal
KC03,"KANCHANCOLLECTION,RCCAL/DR9,IR",9088197863 - 033 253,,"Calcutta",NARESH KUMAR KHILERI,Y,0,,0,N,,,R,"",,"47A B.T.ROAD SINTHI MORE",,"",,,,,,19AAHFK0635Q1ZU,,0,,,,,West Bengal
KA03,"KANDULAAPPANA,ORBER/KTA,OW",9337071518,,"Berhampur",DHIRAJ KUMAR JAISWAL,Y,0,,0,N,,,WS,"",,"MAHATMA GANDHI MARKET",,"",,,,,,21AXPPK9882Q1ZE,,0,,,,,Odisha
KJ01,"KANHAIYALALJUGALKISHORE,ORBPD/MAM,OW",7205238516 -  891736,,"Baripada",DHIRAJ KUMAR JAISWAL,Y,0,,0,N,,,WS,"",,"TRAFFIC SQUARE",,"",,,,,,21ACGPB0834M1Z1,,0,,,,,Odisha
K011,"KANHAIYASAREECENTRE,BINAW/HT,OW",9304102608,,"Nawada",K. P. RAKESH RAO,Y,0,,0,N,,,WS,"",,"SABRI BAG PURANI BAZAR",,"",,,,,,,,0,,,,,BIHAR
K101,"KAPITAN,RCCAL/KOL,IR",9830849585,,"Kolkata",RAHUL SINGH,Y,0,,0,N,,,R,"",,"202C.R AVENUE ROAD NEAR RAM MANDIR",,"",,,,,,19ADXPB5289L1ZM,,0,,,,,West Bengal
K102,"KAPITANCOLLECTION,RCCAL/KOL,IR",9830849585,,"Kolkata",RAHUL SINGH,Y,0,,0,N,,,R,"",,"202C.R AVENUE ROAD NEAR RAM MANDIR",,"",,,,,,19ADBPB5716E1ZZ,,0,,,,,West Bengal
KS01,"KARANSAREECENTRE,BIARR/STAD,OW",9334911347 -  829227,,"Aara",K. P. RAKESH RAO,Y,0,,0,N,,,WS,"",,"DASMESH MARKET G.T. ROADBHOJPUR",,"",,,,,,,,0,,,,,BIHAR
KF02,"KARISHMAFASHION,BBBBZ/DI,IW",9831174182,,"BBZ",OM PRAKASH,Y,0,,0,N,,,WS,"",,"17PAGAYA PATTY2ND FLOOR",,"",,,,,,19AAJFK4767F1ZY,,0,,,,,West Bengal
KS04,"KARUNASYNTHETICS,NBSLG/MT,OW",9932335165,,"Siliguri",VIKRAMGUPTA,Y,0,,0,N,,,WS,"",,"NAVIN SEN ROAD DIST - DARJEELING",,"",,,,,,19ACLPA6043N1ZB,,0,,,,,West Bengal
KT06,"KASHMIRITEXTILE,BIKIS/MT,OW",8809429056,,"Kisangunj",VIKRAMGUPTA,Y,0,,0,N,,,WS,"",,"",,"",,,,,,10BWBPA6997A1Z1,,0,,,,,BIHAR
NE000520181122143807,"KEDAR CLOTH STORE",9563269359,,"HARISHCHANDRAPUR",CHIRONJIB MAHAJAN,Y,0,,0,N,0,,R,"",,"HOSPITAL ROAD NEAR PANCHYET OFFICE HARISHCHANDRAPUR MALDA",8526432,"",,,,,,,,,,,,,MALDA/RAIGUNJ/BALURG
WK10,"KEDIATEXTILE,JHDLT/RA,OW",,,"Daltungunj",DHIRAJ KUMAR JAISWAL,Y,0,,0,N,,,WS,"",,"KEDIA MARKET NEAR-PANCHMOHAN",,"",,,,,,,,0,,,,,Jharkhand
KB01,"KESHARIBASTRALAYA,RCBBU/DR10,IR",9831028271,,"Kolkata",RAHUL SINGH,Y,0,,0,N,,,R,"",,"48AKARL MARX SARANI BABUBAZAR",,"",,,,,,,,0,,,,,West Bengal
WK09,"KHALSACLOTHSTORE,JHJHU/HT,OW",6534224143,,"Jhumritilaya",DHIRAJ KUMAR JAISWAL,Y,0,,0,N,,,WS,"",,"NEAR RAILWAY GUMTI",,"",,,,,,20AHVPS6607H1Z1,,0,,,,,Jharkhand
KT02,"KHANNATEXTILES,BBBBZ/DI,IW",9331999006  -  98316,,"BBZ",OM PRAKASH,Y,0,,0,N,,,WS,"",,"1HANUMANJI LANE (NEAR PUNJAB SEVA SAMITY) SATYANARAYAN PARKA.C.MARKET",,"",,,,,,19AFJPK6882Q1ZC,,0,,,,,West Bengal
KK01,"KHOKAKHUKUDRESSES,RCBGE/DR10,IR",9831671650,,"Budge budge",KAMLESH RAI,Y,0,,0,N,,,R,"",,"CHARIAL BAZARBUDGE BUDGE DIST:SOUTH 24 PARGANAS",,"",,,,,,,,0,,,,,West Bengal
K103,"KHUSBOO,ORRMB/KTA,OW",9437514769,,"Rambha",DHIRAJ KUMAR JAISWAL,Y,0,,0,N,,,WS,"",,"MAIN ROAD",,"",,,,,,,,0,,,,,Odisha
KA01,"KIRANAGENCY,APPRD/KIR,OW",9885888871  - 924694,,"Prodatur",K. P. RAKESH RAO,Y,0,,0,N,,,WS,"",,"VASTRA BHARATI CLOTH MARKET DIST:KADAPA",,"",,,,,,,,0,,,,,Andhra Pradesh (New)
QK90,"KISHANKANIHYAFABRIC(P)LTD,BIBEG/DR7,OW",9308015840,,"Begusarai",K. P. RAKESH RAO,Y,0,,0,N,,,WS,"",,"KACHARI ROAD",,"",,,,,,10AAECK6019Q1ZF,,0,,,,,BIHAR
KF01,"KISHOREFABRICSPVTLTD,APVIZ/SSKT,OW",9392101823   - 86624,,"Vijayawada",K. P. RAKESH RAO,Y,0,,0,N,,,WS,"",,"6TH FLOORIMDAD GHAR COMPLEX OPP-KALESWARAO MARKET",,"",,,,,,37AACCK9514G1ZG,,0,,,,,Andhra Pradesh (New)
K008,"KISHORETEXTILE,JHJHM/LM,OW",0657-2292786,,"Jugsalai",DHIRAJ KUMAR JAISWAL,Y,0,,0,N,,,WS,"",,"MAHATO PARA ROAD JUGSALI",,"",,,,,,,,0,,,,,Jharkhand
K020,"KOLKATTAHANDLOOM,OTDEL/DP,OW",9831160006,,"Delhi",RAHUL SINGH,Y,0,,0,N,,,WS,"",,"SHOP NO-6 OPP-GREEN VALLEY SCHOOL HARINAGAR EXTN BADARPUR",,"",,,,,,,,0,,,,,Delhi
KL01,"KOTHARILUNGIHOUSE,BBBBZ/SRD,IW",9830926633  -  03322,,"BBZ",OM PRAKASH,Y,0,,0,N,,,WS,"",,"20PAGEYA PATTY STREET",,"",,,,,,19AAIFK8192R1Z7,,0,,,,,West Bengal
KD01,"KRISHNADRESSES,EBKOA/DR8,OR",8926330761,,"Kolaberia",CHIRONJIB MAHAJAN,Y,0,,0,N,,,R,"",,"DIST:EAST MEDINIPUR",,"",,,,,,19CKJPP3799N1ZY,,0,,,,,West Bengal
WK94,"KRISHNATENTHOUSE,ORCUT/DHJ,OW",9437605504,,"Cuttack",DHIRAJ KUMAR JAISWAL,Y,0,,0,N,,,WS,"",,"CLOTH MERCHANT PITHAPUR",,"",,,,,,21AGHPC2419C1ZB,,0,,,,,Odisha
KT07,"KRISHNATEXTILE,CBCHG/CHG,OW",9474678061  -  3473-,,"Naida",CHIRONJIB MAHAJAN,Y,0,,0,N,,,R,"",,"SINGERHAT DIST:NADIA",,"",,,,,,19ADUPD2187L1ZW,,0,,,,,West Bengal
K002,"KRISHNATEXTILES,KEKKM/DP,OW",9447831949  -  04885,,"Kolkata",RAHUL SINGH,Y,0,,0,N,,,WS,"",,"P.K.TOWER 1ST FLOOR OPP-TOWN HALLDIST-THRISSUR",,"",,,,,,,,0,,,,,Kerala
KT03,"KRISHNATRADERS,NBSLG/SLG,OW",7407936302,,"Siliguri",VIKRAMGUPTA,Y,0,,0,N,,,WS,"",,"1ST FLOORRADHABAZAR OPP-SILIGURI  POLICE STATIONS.F. ROAD",,"",,,,,,19AEDPA3988E1ZI,,0,,,,,West Bengal
K010,"KUMILLARAJRAJESWARISTORES,RCSOD/KOL,IW",8013314377,,"Sodepur",NARESH KUMAR KHILERI,Y,0,,0,N,,,0,"",,"SODEPUR STATION ROAD DIST-NORTH 24 PARGANAS",,"",,,,,,,,0,,,,,West Bengal
KA04,"KUNDANLALAGARWAL,BIGYA/HT,OW",06312420181/24211782,,"Gaya",K. P. RAKESH RAO,Y,0,,0,N,,,WS,"",,"K.P.ROAD DISTRICT - GAYA",,"",,,,,,10AAOHS6925G2Z0,,0,,,,,BIHAR
KL04,"KUNDANLALRAVIKUMAR,CGAMB/VA,OW",9425519243  -  84638,,"Ambikapur",RAMNARAYAN THAKUR,Y,0,,0,N,,,WS,"",,"SCHOOL ROAD",,"",,,,,,22ADZPA1228L1ZJ,,0,,,,,Chhattisgarh
KB02,"KUSUMBASTRALAYA&FURNITURE,SBUST/KOL,OR",9733645017,,"South 24 Parganas",SUMIT MONDAL,Y,0,,0,N,,,0,"",,"USTHI THANE DISTRICT:SOUTH 24 PARGANAS",,"",,,,,,,,0,,,,,West Bengal
WL12,"L.C.ENTERPRISES,ASGOU/GOU,OW",9435125542,,"Guwahati",VIKRAMGUPTA,Y,0,,0,N,,,WS,"",,"11BTALAB MARKETS.R.C.B ROAD FANCY BAZAR",,"",,,,,,,,0,,,,,ASSAM
LS01,"L.SHREEKANT,BBBBZ/DI,IR",9331258703,,"BBZ",OM PRAKASH,Y,0,,0,N,,,WS,"",,"1HANUMANJI LANE PUNJAB SEVA SAMITY BUILDING NEAR SATYANARAYAN PARK",,"",,,,,,,,0,,,,,West Bengal
LB02,"LADHABROTHER'S,ORJAR/DHJ,OW",9437316492,,"Jajpur",DHIRAJ KUMAR JAISWAL,Y,0,,0,N,,,WS,"",,"BANK STREETMAIN ROAD DISTRICT:JAJPUR",,"",,,,,,21AAGFL2214H1ZX,,0,,,,,Odisha
LJ01,"LALCHANDJAIN&BOTHERS,CGMHA/VA,OW",9425584706 -  771241,,"Mahendragarh",RAMNARAYAN THAKUR,Y,0,,0,N,,,WS,"",,"NEAR JAIN TEMPLE DIST:KORIYA",,"",,,,,,22ADGPJ5896E1ZI,,0,,,,,Chhattisgarh
L250,"LALITTEXTILES,ORBPD/MAM,OW",7205238516,,"Baripada",DHIRAJ KUMAR JAISWAL,Y,0,,0,N,,,WS,"",,"CLOTH MERCHANT TRAFFIC SQUARE",,"",,,,,,,,0,,,,,Odisha
WL36,"LAXMANDASTOLARAM,CGBIL/VA,OW",9425535595  -  98271,,"Bilashpur",RAMNARAYAN THAKUR,Y,0,,0,N,,,WS,"",,"SHRI RAM CLOTH MARKET AGRASEN CHOWK",,"",,,,,,22AENPP8482N1ZO,,0,,,,,Chhattisgarh
LM01,"LAXMIMUSIUM,RCBRT/DR9,IR",9874030384,,"North 24 Parganas",SHANKAR GHOSH,Y,0,,0,N,,,R,"",,"212M.B. ROADBIRATI  NORTH 24 PARGANAS",,"",,,,,,19AJZPS5446E1ZE,,0,,,,,West Bengal
LC01,"LAXMINARAYANCLOTHSTORE,ORBER/KTA,OW",,,"Berhampur",DHIRAJ KUMAR JAISWAL,Y,0,,0,N,,,WS,"",,"HANUMAN BAZAR",,"",,,,,,21AABFL2812Q1ZF,,0,,,,,Odisha
L011,"LAXMINARAYANTRADERS,NBGRP/RAI,OW",9932118857,,"Gangarampur",CHIRONJIB MAHAJAN,Y,0,,0,N,,,WS,"",,"SHOPPING PLAZA MARKET COMPLEX SHOP NO- C -7 DIST: DAKSHIN DINAJPUR",,"",,,,,,19CNVPS5884C1Z2,,0,,,,,West Bengal
WL20,"LAXMISTORE,CBDLU/KC,OW",7550977448 -  3485-2,,"Dhuliyan",CHIRONJIB MAHAJAN,Y,0,,0,N,,,WS,"",,"JAIN COLONY DHULIAN BAZAR MALDA",,"",,,,,,19AABFL9246N1ZO,,0,,,,,West Bengal
QL01,"LINDENTEXTILESPVTLTD,MHDOM/DR1,OW",,,"Dombivali",RAHUL SINGH,Y,0,,0,N,,,0,"",,"FACT-PLOT NO D-10 PHASE I MIDC P DOMBIVALI (EAST) DIST-THANE",,"",,,,,,27AAACL5294N1ZY,,0,,,,,Maharashtra
LB01,"LOKENATHBASTRALAYA,RCCAL/DR10,IR",7278054510,,"R.B Avenue",KAMLESH RAI,Y,0,,0,N,,,R,"",,"77CRASH BEHARI AVENUE",,"",,,,,,19ALWPS4494B1ZD,,0,,,,,West Bengal
L319,"LOKENATHBEDDINGSTORE,RCBGH/KOL,IW",9433356856,,"Baghajotin",KAMLESH RAI,Y,0,,0,N,,,R,"",,"BAGHAJATIN BAZAR DIST-24 PARGANAS (S) BAGHAJATIN",,"",,,,,,,,0,,,,,West Bengal
LS02,"LOKENATHSAREEMAHAL,RCBLE/DR9,IR",9874566436,,"Beliaghata",NARESH KUMAR KHILERI,Y,0,,0,N,,,R,"",,"14ABELIAGHATA MAIN ROAD SIDDHESWARI HAWKER MARKET",,"",,,,,,,,0,,,,,West Bengal
LB03,"LOKNATHBASTRALAYA,TIAGA/PMT,OW",9774142957,,"Agartala",RAMNARAYAN THAKUR,Y,0,,0,N,,,WS,"",,"CHANDRAPUR MAIN ROAD",,"",,,,,,16ASVPD8236G1ZF,,0,,,,,Tripura
L100,"LOURDESTEXTILESPVTLTD,RCCAL/KOL,IR",9836362241  -  98363,,"Kolkata",RAHUL SINGH,Y,0,,0,N,,,R,"",,"19BJ.L.NEHRU ROAD",,"",,,,,,19AAACL5546P1ZW,,0,,,,,West Bengal
LS03,"LUXMISTORE,BIROS/AAK,OW",9199915151,,"Rosera",K. P. RAKESH RAO,Y,0,,0,N,,,WS,"",,"GHANSHYAMPURI MARKET",,"",,,,,,10ADNPJ6103F1Z4,,0,,,,,BIHAR
MD01,"M.D.AGENCY,BIBHA/MDA,OW",9334233972,,"Bhagalpur",KAMLESH RAI,Y,0,,0,N,,,WS,"",,"SHARMA KATRASUJAGANJ",,"",,,,,,,,0,,,,,BIHAR
WM93,"M.G.TRADERS,ORBHU/DHJ,OW",6742312194,,"Bhubneshwar",DHIRAJ KUMAR JAISWAL,Y,0,,0,N,,,WS,"",,"CLOTH MERCHANT PLOT NO-441OLD STATION BAZAR",,"",,,,,,,,0,,,,,Odisha
M001,"M.J.FABRICSPVTLTD,BBBBZ/DR1,IW",9874289130,,"BBZ",OM PRAKASH,Y,0,,0,N,,,WS,"",,"P-12 NEW HOWRAH BRIDGE APPROACH ROAD BAIJU CHOWK 1ST FLR BURRA BAZAR",,"",,,,,,,,0,,,,,West Bengal
M004,"M.K.TEXTILES,BBBBZ/SRD,IW",,,"BBZ",OM PRAKASH,Y,0,,0,N,,,WS,"",,"KESORAM KATRA BURRABAZAR",,"",,,,,,,,0,,,,,West Bengal
MP01,"M.P.CLOTHSHOP,APVIS/SAS,OW",9246678286,,"Vishakapatanam",K. P. RAKESH RAO,Y,0,,0,N,,,WS,"",,"PANDUMPULLAM SANDUPOORNA MARKET",,"",,,,,,,,0,,,,,ANDHRA PRADESH
MR01,"M.R.ENTERPRISE,NBCOO/COO,OW",3582226323,,"Coochbehar",VIKRAMGUPTA,Y,0,,0,N,,,WS,"",,"UDICHI MARKETN.N. ROAD",,"",,,,,,19ALYPP2561N1Z1,,0,,,,,West Bengal
MR03,"M.RSHOPPINGMALL,APVIZ/SAS,OW",9666918888,,"Vishakapatanam",K. P. RAKESH RAO,Y,0,,0,N,,,WS,"",,"D.NO-2-11-38VULLI VEEDHI",,"",,,,,,37ABDFM9266E1Z0,,0,,,,,Andhra Pradesh (New)
MS01,"M.S.FABRICS,BBBBZ/SRD,IW",,,"BBZ",OM PRAKASH,Y,0,,0,N,,,WS,"",,"192J.B. STREET BURRABAZAR",,"",,,,,,19AVHPS3291B1ZF,,0,,,,,West Bengal
MB06,"MAABHAGWATITEXTILES,CGAMB/VA,OW",,,"Ambikapur",RAMNARAYAN THAKUR,Y,0,,0,N,,,WS,"",,"HIGH SCHOOL ROADNEAR HANUMAN MANDIR",,"",,,,,,22ALEPK0404F1ZY,,0,,,,,Chhattisgarh
MG01,"MAAGOURIBASTRALAYA,SBPIY/DR10,OR",7890639256,,"South 24 Parganas",SUMIT MONDAL,Y,0,,0,N,,,R,"",,"PIYALI BAZAR DIST:SOUTH 24 PARGANAS",,"",,,,,,,,0,,,,,West Bengal
MH03,"MAAHOSIERYTEXTILES,NBSLG/KOL,OW",9434023090 -  035326,,"Siliguri",VIKRAMGUPTA,Y,0,,0,N,,,D,"",,"BATA GALI1ST FLOORMAHABIRSTHAN",,"",,,,,,19ACCPA8038Q1Z7,,0,,,,,West Bengal
M250,"MAAKAMAKSHABEDDINGEMPORIUM,RCTOL/KOL,IW",9874427796  -  33-24,,"Tollygunj",KAMLESH RAI,Y,0,,0,N,,,R,"",,"3/2AZADGARHN.S.C BOSE ROAD DIST-24 PARGANAS (S) TOLLYGUNJ",,"",,,,,,,,0,,,,,West Bengal
ML01,"MAALAXMIBASTRABITAN,RCGRA/DR10,IR",9831933529,,"South 24 Parganas",SUMIT MONDAL,Y,0,,0,N,,,R,"",,"GARIA STATIONC5 BUS STANDSREENAGAR",,"",,,,,,19AHQPD2664L1ZU,,0,,,,,West Bengal
MM01,"MAAMANGALCHANDIENTERPRISES,CBRAI/RAI,OW",9474070225,,"Raigunj",CHIRONJIB MAHAJAN,Y,0,,0,N,,,0,"",,"M.G. ROADDURGA MARKET",,"",,,,,,19AMGPS1957C1ZV,,0,,,,,West Bengal
MT05,"MAATARABEDDINGCORNER,SBCAN/DR10,OW",9733612726,,"South 24 Parganas",SUMIT MONDAL,Y,0,,0,N,,,R,"",,"CANNING TOWN DIST - 24 PARGANAS (S)",,"",,,,,,,,0,,,,,West Bengal
WM92,"MAATARANITRADERS,ORBHU/DHJ,OW",9937823429,,"Bhubneshwar",DHIRAJ KUMAR JAISWAL,Y,0,,0,N,,,WS,"",,"CLOTH MERCHANT 78BUDDHA NAGARKALPANA SQUARE",,"",,,,,,21AAOFS0939C1ZG,,0,,,,,Odisha
QM10,"MAATARINI,ORJJT/JA,OW",9338026275,,"Jajpur Town",DHIRAJ KUMAR JAISWAL,Y,0,,0,N,,,WS,"",,"MARKET CHHAK",,"",,,,,,,,0,,,,,Odisha
M100,"MAAVAISHNOTEXTILE,BIMUZ/BGK,OW",9308516921,,"Muzaffarpur",K. P. RAKESH RAO,Y,0,,0,N,,,WS,"",,"SUTTAPATTY",,"",,,,,,,,0,,,,,BIHAR
MV01,"MAAVAISHNOTRADING,BIMUZ/BGK,OW",9308516921,,"Muzaffarpur",K. P. RAKESH RAO,Y,0,,0,N,,,WS,"",,"SUTTAPATTY",,"",,,,,,10BDAPK7696E1ZP,,0,,,,,BIHAR
MB01,"MADANBROTHERS,MHNAG/VA,OW",9422806250,,"Nagpur",RAMNARAYAN THAKUR,Y,0,,0,N,,,WS,"",,"SHOP NO-25CLOTH MARKET GANDHI BAG",,"",,,,,,,,0,,,,,Maharashtra
ML02,"MADHAVLALPRAKASHCHANDBAFNA,CGJAG/VA,OW",,,"Jagdalpur",RAMNARAYAN THAKUR,Y,0,,0,N,,,WS,"",,"THAKUR ROAD",,"",,,,,,22ADFPB7602R1ZK,,0,,,,,Chhattisgarh
MB02,"MADHUBANBASTRALAYA,CBCHM/DR10,OR",9735525294,,"South 24 Parganas",SUMIT MONDAL,Y,0,,0,N,,,R,"",,"GHOSHPURSUSHILKAR COTTAGE CHAMPAHATI MAIN ROAD DIST:SOUTH 24PGNS",,"",,,,,,19AKQPN3875Q1ZW,,0,,,,,West Bengal
WM02,"MADRASHANDLOOM,SBPUR/BC,OW",9547349145,,"Purulia",CHIRONJIB MAHAJAN,Y,0,,0,N,,,WS,"",,"NEW CLOTH MARKET KAPDA GALI",,"",,,,,,19APWPS8866H1ZL,,0,,,,,West Bengal
WM04,"MAHABIRBASTRALAYA,CBMLD/KC,OW",,,"Malda",CHIRONJIB MAHAJAN,Y,0,,0,N,,,WS,"",,"",,"",,,,,,,,0,,,,,West Bengal
MP02,"MAHABIRPRASADJUGALKISHORE,BBBBZ/MM,IW",9830150886,,"BBZ",OM PRAKASH,Y,0,,0,N,,,WS,"",,"17BASANTLAL MURARKA ROAD (PAGEYA PATTY).GROUND FLOOR",,"",,,,,,19ANHPP6699N1ZR,,0,,,,,West Bengal
M503,"MAHABIRPRASADKISHOREKUMAR,JHCHB/RA,OW",8987577715,,"Chaibasa",DHIRAJ KUMAR JAISWAL,Y,0,,0,N,,,WS,"",,"SADAR BAZAR P.O.-CHAIBASA WEST SINGHBHUM",,"",,,,,,20AAIHM9467K1ZS,,0,,,,,Jharkhand
WM03,"MAHABIRSTORE,CFBUD/CF,OW",9432184472,,"Budbud",CHIRONJIB MAHAJAN,Y,0,,0,N,,,WS,"",,"BUDBUD CHATTI G.T.ROAD BUDBUD",,"",,,,,,19ACXPA6068R1ZI,,0,,,,,West Bengal
MS10,"MAHABIRSTORES,CBAUD/KHA,OW",9474182555,,"Aurangabad",VIKRAMGUPTA,Y,0,,0,N,,,R,"",,"AURANGABAD",,"",,,,,,19ACUPJ4813G1ZA,,0,,,,,West Bengal
MS05,"MAHABIRSTORES,NBALI/DP,OW",9563674145 -  035642,,"Alipur",VIKRAMGUPTA,Y,0,,0,N,,,WS,"",,"STATION ROADBATA MORE",,"",,,,,,19AAEFM3140K1Z9,,0,,,,,West Bengal
MT07,"MAHABIRTEXTILE,CFASN/BC,OW",8293804938,,"Asansol",CHIRONJIB MAHAJAN,Y,0,,0,N,,,WS,"",,"USTAD MARKETBAKER ALI LANE",,"",,,,,,19ACRPA8460F1ZD,,0,,,,,West Bengal
MB07,"MAHADEVBASTRALAYA,SBPNS/DR8,OR",9932413053,,"Pankura",DHIRAJ KUMAR JAISWAL,Y,0,,0,N,,,R,"",,"MANOSHA PUKUR HAT DISTRICT:EAST MEDINIPUR",,"",,,,,,,,0,,,,,West Bengal
MV02,"MAHADEVVASTRALAYA,BILKH/BDR,OW",,,"Lakhisarai",K. P. RAKESH RAO,Y,0,,0,N,,,WS,"",,"WARD NO-14JAGDAMBA SITHAN ROAD",,"",,,,,,10AOQPK7244C1Z7,,0,,,,,BIHAR
MH02,"MAHALAKSHMIHANDLOOMS,APPRD/SGT,OW",8897224832,,"Prodatur",K. P. RAKESH RAO,Y,0,,0,N,,,WS,"",,"ROOM NO-148 SRI VIVEKNAND CLOTH MARKET",,"",,,,,,37CQDPP1083R1Z5,,0,,,,,Andhra Pradesh (New)
MH01,"MAHALAXMIHANDLOOM,BIBEG/AAK,OW",9473100366,,"Begusarai",K. P. RAKESH RAO,Y,0,,0,N,,,WS,"",,"MAIN ROAD",,"",,,,,,10AEYPA5082N1Z7,,0,,,,,BIHAR
MB04,"MAHAMAYABASTRALAYA,SBDHM/DR8,OR",9836930813,,"Dhamiakhali",NARESH KUMAR KHILERI,Y,0,,0,N,,,R,"",,"MADAN MOHAN TALA DIST:HOOGHLY",,"",,,,,,19ADAPD0248G1Z1,,0,,,,,West Bengal
MT06,"MAHAMAYATEXTILEAGENCY,NBSIL/MT,OR",9832306772,,"Siliguri",VIKRAMGUPTA,Y,0,,0,N,,,AG,"",,"SHIWAM IMPEX1ST FLOORSAHA BHAWAN SETH SRILAL MARKET",,"",,,,,,,,0,,,,,West Bengal
MB03,"MAHAPRABHUBASTRALAYA,SBPUA/DR9,OR",9332149164,,"Panuda",CHIRONJIB MAHAJAN,Y,0,,0,N,,,R,"",,"G.T ROADHATTALLA DIST:HOOGHLY",,"",,,,,,,,0,,,,,West Bengal
MK01,"MAHENDRAKUMARSURENDRAKUMAR,NBCOO/DP,OW",9647535550,,"Coochbehar",VIKRAMGUPTA,Y,0,,0,N,,,WS,"",,"N.N ROAD",,"",,,,,,19AAOFM3279K1ZJ,,0,,,,,West Bengal
MS02,"MAHESHKUMARSANCHETI,CGDUR/VA,OW",9406012788,,"Durg",RAMNARAYAN THAKUR,Y,0,,0,N,,,WS,"",,"JAWAHAR CHOWK",,"",,,,,,,,0,,,,,Chhattisgarh
WM41,"MALDACLOTHSTORE,CBMLD/KC,OW",9474475262  -  03512,,"Malda",CHIRONJIB MAHAJAN,Y,0,,0,N,,,WS,"",,"CLOTH MERCHANT M.S.ROAD",,"",,,,,,19AAFFM6270K1ZV,,0,,,,,West Bengal
MC01,"MALLIKACOTTAGEINDUSTRIES,RCCAL/DR9,IR",033-2541 3701,,"Calcutta",NARESH KUMAR KHILERI,Y,0,,0,N,,,R,"",,"1/10A JATIN DAS NAGAR BELGHORIA",,"",,,,,,,,0,,,,,West Bengal
MM02,"MAMANASABASTRALAYA,SBCAB/DR10,OR",9046550550,,"South 24 Parganas",SUMIT MONDAL,Y,0,,0,N,,,0,"",,"CANNING BAZAR DTS:SOUTH 24 PARAGANAS",,"",,,,,,19AFWPR0631M1ZP,,0,,,,,West Bengal
MF01,"MANDAVILLIFURNISHINGS,APVIZ/SAS,OW",9440143116   -  8922,,"Vijayanagaram",K. P. RAKESH RAO,Y,0,,0,N,,,WS,"",,"2-11-7/8VULLI VEEDHI",,"",,,,,,37ALCPM4900C1ZK,,0,,,,,Andhra Pradesh (New)
M005,"MANGALAMTEXTILES,ORROU/ODR,OW",9437046643,,"Rourkela",DHIRAJ KUMAR JAISWAL,Y,0,,0,N,,,WS,"",,"12PRAAGO BHAWANMAIN ROAD DAILY MARKET",,"",,,,,,,,0,,,,,Odisha
WM15,"MANGALCHANDJUGALKISHORE,BBBBZ/SRD,IW",,,"BBZ",OM PRAKASH,Y,0,,0,N,,,WS,"",,"2DIGAMBAR JAIN TEMPLE ROAD BURRABAZAR",,"",,,,,,,,0,,,,,West Bengal
WH31,"MANGILALRAKESHKUMAR,CBRAI/RAI,OW",8101630914,,"Raigunj",CHIRONJIB MAHAJAN,Y,0,,0,N,,,R,"",,"M.G.ROAD DIST-NORTH DINAJPUR OPP. VINAYAK HOTEL",,"",,,,,,19AXOPP1599A1Z2,,0,,,,,West Bengal
M006,"MANISHATEXTILE,CBBGT/RAI,OR",3522255492,,"Balurghat",CHIRONJIB MAHAJAN,Y,0,,0,N,,,WS,"",,"NARAYANPUR",,"",,,,,,,,0,,,,,West Bengal
MS03,"MANJURISAREEHOUSE,ORBHU/DHJ,OW",9437309420,,"Bhubneshwar",DHIRAJ KUMAR JAISWAL,Y,0,,0,N,,,WS,"",,"PRIYADARSHINI MARKET O2/32 1ST  FLOORCRPF SQUARE",,"",,,,,,21ADQPS3849A1ZK,,0,,,,,Odisha
MS04,"MANJUSHREE,RCCHE/DR10,IR",033 2479 6125,,"Chetla",KAMLESH RAI,Y,0,,0,N,,,R,"",,"55/1  CHETLA ROAD KOLKATA",,"",,,,,,19AHBPD3055G1ZP,,0,,,,,West Bengal
ME01,"MANNAENTERPRISE,BBBBZ/MM,IW",3322694899,,"BBZ",OM PRAKASH,Y,0,,0,N,,,WS,"",,"KHETRI KATRABURRABAZAR",,"",,,,,,19AAJFM8165D1Z0,,0,,,,,West Bengal
M007,"MANTRIHANDLOOM,JHRAN/RA,OW",947197351,,"Ranchi",DHIRAJ KUMAR JAISWAL,Y,0,,0,N,,,WS,"",,"B.N.TOWER SHARDHANAND ROAD UPPER BAZAR",,"",,,,,,20ACNPM5801G1ZX,,0,,,,,Jharkhand
ZM62,"MAYERASHIRBAD,CBNAB/KOL,OW",9378195110,,"North 24 Parganas",SHANKAR GHOSH,Y,0,,0,N,,,R,"",,"BAZAR ROAD",,"",,,,,,19AANFM4632M1ZP,,0,,,,,West Bengal
MC05,"MEENACLOTHSTORE,ORRMB/KTA,OW",,,"Kotaigarh",DHIRAJ KUMAR JAISWAL,Y,0,,0,N,,,WS,"",,"MAIN ROADRAMBHA DISTRICT:GANJAM",,"",,,,,,21AYXPB5904F1ZL,,0,,,,,Odisha
M002,"MEENASTORE,ASSIL/GOU,OW",3842238959,,"Silchar",VIKRAMGUPTA,Y,0,,0,N,,,WS,"",,"MUNSHI COMPLEX 1ST FLOOR GOPALNAGAR",,"",,,,,,18AAXPL4495K1ZO,,0,,,,,ASSAM
ME02,"MEGHDOOT,BBBBZ/DI,IR",9830266925  -  033-2,,"BBZ",OM PRAKASH,Y,0,,0,N,,,WS,"",,"5AKALAKAR STREETNEAR ICICI BANK",,"",,,,,,19AAFFM4990G1ZX,,0,,,,,West Bengal
M529,"MEHAKTEXTILES,ASGOU/GOU,OW",9435125542,,"Guwahati",VIKRAMGUPTA,Y,0,,0,N,,,WS,"",,"TALAB MARKETS.R.C.B ROAD FANCY BAZAR",,"",,,,,,,,0,,,,,ASSAM
MB09,"MEHARBHANDAR,ORCUT/DHJ,OW",9338818436,,"Cuttack",DHIRAJ KUMAR JAISWAL,Y,0,,0,N,,,WS,"",,"NANDI SAHI",,"",,,,,,21AFLPB9522L1ZH,,0,,,,,Odisha
MT02,"MEHRATEXTILES,BBBBZ/DI,IW",9331868686,,"BBZ",OM PRAKASH,Y,0,,0,N,,,WS,"",,"1HANUMANJI LANE NEAR KALAKAR STREET & M.G. ROAD CROSSING",,"",,,,,,19AAJFM2249L1ZU,,0,,,,,West Bengal
MC03,"MERCHANT'SCHAMBEROFCOMMERCE&INDUSTRY,RCCAL/KOL,OR",9331939203,,"Calcutta",KAMLESH RAI,Y,0,,0,N,,,R,"",,"15BHEMANT BASU SARANI",,"",,,,,,19AACCM2989B1ZD,,0,,,,,West Bengal
MT04,"MILANTEXTILE,RCBAR/DR8,OR",8479994346,,"North 24 Parganas",SHANKAR GHOSH,Y,0,,0,N,,,R,"",,"12 NORAIL GATE BARASAT (NORTH)",,"",,,,,,19AJHPP0935B1ZD,,0,,,,,West Bengal
WM01,"MILANTEXTILES,CGRPA/VA.OW",9098853333,,"Raipur",RAMNARAYAN THAKUR,Y,0,,0,N,,,WS,"",,"R-126 GATE NO.3 TEXTILE MARKET PANDRI",,"",,,,,,22CCMPP9027Q1ZU,,0,,,,,Chhattisgarh
MS11,"MINOTISTORES,RCTKP/DR10,OR",9836619311,,"Thakurpukur",NARESH KUMAR KHILERI,Y,0,,0,N,,,R,"",,"DAKHINBAKSARATHAKURPUKUR",,"",,,,,,,,0,,,,,West Bengal
M008,"MISCHAYANIKA,RCBEH/KOL,IR",8697426822,,"Behala",KAMLESH RAI,Y,0,,0,N,,,R,"",,"455DIAMOND HARBAR ROAD BEHALA TRAM DEPO",,"",,,,,,,,0,,,,,West Bengal
WM94,"MISHRATEXTILEAGENCY,BICHP/MIST,OW",,,"Chappra",K. P. RAKESH RAO,Y,0,,0,N,,,0,"",,"NEW MARKETSAHEBGANJ",,"",,,,,,,,0,,,,,BIHAR
MT01,"MITHILESHTEXTILE,BBBBZ/DI,IW",9331032403-  0332273,,"BBZ",OM PRAKASH,Y,0,,0,N,,,WS,"",,"158J.L.B STREET KESHORAM KATRA",,"",,,,,,19AAAHO2276A1ZH,,0,,,,,West Bengal
MT03,"MITTALTRADERS,ORSBP/ODR,OW",9437456784,,"Sambalpur",DHIRAJ KUMAR JAISWAL,Y,0,,0,N,,,D,"",,"NEAR KAMLI BAZARBARABAZAR",,"",,,,,,21AANFM6720A1ZS,,0,,,,,Odisha
MM03,"MOHANLALMAHESHWARI&CO.,BBBBZ/MM,IW",9432261308,,"BBZ",OM PRAKASH,Y,0,,0,N,,,WS,"",,"12/1ROOPCHAND ROY STREET 2ND FLOORBURRABAZAR",,"",,,,,,19ADJPC1573A1ZZ,,0,,,,,West Bengal
MC02,"MOHITCREATION,SBUTP/DR10,OR",9831145449,,"Uttarpara",NARESH KUMAR KHILERI,Y,0,,0,N,,,0,"",,"137CHARAKTALA BIRLA ROAD MAKHLA P.O.- MAKHLADIST:HOOGHLY",,"",,,,,,19FXSPS9069B1ZJ,,0,,,,,West Bengal
MB08,"MONDALBROTHERS,RCMNK/KOL,IR",9830379760   - 03323,,"Maniktala",KAMLESH RAI,Y,0,,0,N,,,R,"",,"187VIVEKANANDA ROAD MANICKTALA BAZAR",,"",,,,,,19AHVPT6363K1Z7,,0,,,,,West Bengal
MC04,"MONISHACLOTHEMPORIUM,RCRAL/DR10,OR",9123658846,,"Ramrajatalla",NARESH KUMAR KHILERI,Y,0,,0,N,,,R,"",,"21/1 RAM CHARAN SEET ROAD DIST - HOWRAH",,"",,,,,,,,0,,,,,West Bengal
MB05,"MONORAMABASTRALAYA,RCMNK/DR10,IR",9830171203,,"Maniktala",KAMLESH RAI,Y,0,,0,N,,,R,"",,"122/1/1ACHARYA PRAFULLA CHANDRA ROAD MANICKTALLA",,"",,,,,,,,0,,,,,West Bengal
MA01,"MOOLCHANDASHOKKUMARTEXFAB(P)LTD,BBBBZ/SRD,IW",9432308770  - 033226,,"BBZ",OM PRAKASH,Y,0,,0,N,,,WS,"",,"203/1M.G. ROAD PARAKH KOTHI BURRABAZAR",,"",,,,,,19AAFCM9634A1ZG,,0,,,,,West Bengal
WM05,"MOOLCHANDJIAGARWALA,CBBOL/KOL,IW",3463252416,,"Bolpur",CHIRONJIB MAHAJAN,Y,0,,0,N,,,WS,"",,"SHANTI NIKETAN ROAD DIST-BIRBHUM",,"",,,,,,,,0,,,,,West Bengal
M010,"MOOLCHANDSATYANARAYAN,ORCUT/DHJ,OW",9337551712 -  067124,,"Cuttack",DHIRAJ KUMAR JAISWAL,Y,0,,0,N,,,WS,"",,"NEAR INDRA BHAWAN KATHRADA SAHI",,"",,,,,,21ACQPB3272R1ZB,,0,,,,,Odisha
ME03,"MOREENTERPRISE,BBBBZ/SRD,IW",9831053624,,"BBZ",OM PRAKASH,Y,0,,0,N,,,WS,"",,"203/1M.G. ROADPARAKH KOTHI GROUND FLOORBURRABAZAR",,"",,,,,,19ADRPM4205B1ZO,,0,,,,,West Bengal
M519,"MRINMOYDAS,CBNAB/KOL,OW",8001900976,,"North 24 Parganas",SHANKAR GHOSH,Y,0,,0,N,,,R,"",,"WOODBURN ROADNEAR TANT KAPOR HAT DIST:NADIA",,"",,,,,,,,0,,,,,West Bengal
MR02,"MURALIDHARRAJKUMAR,BBBBZ/DI,IW",3322582390,,"BBZ",OM PRAKASH,Y,0,,0,N,,,WS,"",,"15PAGEYA PATTY STREET",,"",,,,,,19AADHR1269P1ZH,,0,,,,,West Bengal
NC04,"N.CNATH&CO.,RCBEH/DR10,IR",9123843104,,"Behala",KAMLESH RAI,Y,0,,0,N,,,R,"",,"442DIAMOND HARBOUR ROAD",,"",,,,,,19AOTPD2407D1Z4,,0,,,,,West Bengal
NG01,"N.G.MARKETING,MPKTN/VA,OW",9425181044,,"Katni",RAMNARAYAN THAKUR,Y,0,,0,N,,,WS,"",,"SILVER TALKIES ROAD",,"",,,,,,,,0,,,,,Madhya Pradesh
NK01,"N.K.FABRICS,BBBBZ/DR1,IW",033-4601-2643,,"BBZ",OM PRAKASH,Y,0,,0,N,,,WS,"",,"P-10NEW HOWRAH BRIDGE APPROACH ROAD AMAR BHAWAN4TH FLOOR",,"",,,,,,19BAAPA0624B1ZN,,0,,,,,West Bengal
NB05,"NABARUPA,RCGRA/DR10,IR",9830963394  -  03324,,"Garia",KAMLESH RAI,Y,0,,0,N,,,R,"",,"110RAJA S.C MALLICK ROAD GARIA",,"",,,,,,19AEPPR5247B1Z7,,0,,,,,West Bengal
NS04,"NAGARMALSATYANARAIN,BIARR/STAD,OW",06182-21857/21377,,"Aara",K. P. RAKESH RAO,Y,0,,0,N,,,WS,"",,"01D.T. ROAD  DIST:BHOJPUR",,"",,,,,,10AADFN1406G1Z3,,0,,,,,BIHAR
NC01,"NARAYANCLOTHSTORE,ORGAN/KTA,OW",9438605051,,"Kotaigarh",DHIRAJ KUMAR JAISWAL,Y,0,,0,N,,,WS,"",,"BUS STANDP.O-KHALLIKOTE DIST:GANJAM",,"",,,,,,21EVVPS1438G1Z9,,0,,,,,Odisha
WN99,"NARSINGDASMANNALAL,BBBBZ/MM,IW",,,"BBZ",OM PRAKASH,Y,0,,0,N,,,WS,"",,"12NOORMAHAL LOHIA LANE BURRABAZAR",,"",,,,,,,,0,,,,,West Bengal
WN47,"NATIONALPRINTINGWORKS,BBBBZ/DR1,IW",,,"BBZ",OM PRAKASH,Y,0,,0,N,,,WS,"",,"P-10NEW HOWRAH BRIDGE APPROACH ROAD AMAR BHAWAN1ST FLOOR BURRABAZAR",,"",,,,,,19AACFN5178L1ZQ,,0,,,,,West Bengal
NT02,"NAVADURGATEXTILE,BIBHA/MDA,OW",8709996964  -  06414,,"Bhagalpur",K. P. RAKESH RAO,Y,0,,0,N,,,WS,"",,"SHANTI MARKET2ND FLOORSUJANGUNJ",,"",,,,,,10AHDPG2659K1ZL,,0,,,,,BIHAR
NK02,"NAWALKISHOREGUPTAHUF,MHMUM/DR12,OW",9082421190,,"Mumbai",RAHUL SINGH,Y,0,,0,N,,,0,"",,"N-501STERLING COURT MAHESWARI NAGAR MIDC ANDHERI EAST",,"",,,,,,27AAAHG2691H1ZB,,0,,,,,Maharashtra
NA01,"NEWABHILASHSHOWROOM,APKNL/DR11,OW",9848905587,,"Karnool",K. P. RAKESH RAO,Y,0,,0,N,,,WS,"",,"GANDHI NAGARSHOP NO-40-426 DISTRICT:KARNOOL",,"",,,,,,37AVRPS2453F1Z5,,0,,,,,Andhra Pradesh (New)
NB01,"NEWBAISHAKHI,CBAPA/DR9,OR",9432331888,,"Agarpara",NARESH KUMAR KHILERI,Y,0,,0,N,,,R,"",,"EAST STATION ROAD DIST:NORTH 24 PARGANAS",,"",,,,,,,,0,,,,,West Bengal
NB04,"NEWBEDDINGCENTRE,RCBEH/DR10,IR",9830771124,,"Behala",KAMLESH RAI,Y,0,,0,N,,,R,"",,"321/ADIAMOND HARBOUR ROAD BESIDE BEHALA THANA",,"",,,,,,19BLZPP5408E1ZI,,0,,,,,West Bengal
NC02,"NEWCHAYASTORES,RCCAL/DR10,OR",9433421449  -  03323,,"Sealdah",KAMLESH RAI,Y,0,,0,N,,,R,"",,"28ACHARYA PRAFULLA CHANDRA ROAD NEAR SEALDAH RAILWAY STATION",,"",,,,,,19AADFN7491F1ZY,,0,,,,,West Bengal
NF02,"NEWFANCYSTORE,RCALA/DR9,OR",,,"Alambazar",KAMLESH RAI,Y,0,,0,N,,,R,"",,"M.N.K ROAD ALAMBAZAR",,"",,,,,,,,0,,,,,West Bengal
NF01,"NEWFASHIONHOUSE,RCBOW/DR10,IR",9339942995,,"Bowbazar",KAMLESH RAI,Y,0,,0,N,,,R,"",,"136B.B. GANGULY STREET",,"",,,,,,,,0,,,,,West Bengal
NG03,"NEWGEETASHREE,NBKKA/DR9,OR",9831532025-  2581202,,"Kankinara",SHANKAR GHOSH,Y,0,,0,N,,,R,"",,"KANKINARA BAZAR DIST - NORTH 24 PARGANAS",,"",,,,,,19AACFN5459Q1ZG,,0,,,,,West Bengal
NH01,"NEWHARIYANAHANDLOOMHOUSE,ORDHE/DHJ,OW",9437383982,,"Dhenkanal",DHIRAJ KUMAR JAISWAL,Y,0,,0,N,,,WS,"",,"LAXMI BAZAR",,"",,,,,,21ADCPP4471F1ZV,,0,,,,,Odisha
NJ02,"NEWJAYVIJAY,NBGAU/DR9,OR",9339467804,,"Gouripur",SHANKAR GHOSH,Y,0,,0,N,,,R,"",,"SHOP NO 29/30MAIN SET 2 P.O-GARIFA DIST:NORTH 24 PARGANAS",,"",,,,,,,,0,,,,,West Bengal
NL01,"NEWLAKSHMIBASTRALAYA,RCCAL/DR10,IR",9874822336  -  98749,,"South 24 Parganas",SUMIT MONDAL,Y,0,,0,N,,,R,"",,"61 N.S.BOSE ROAD RAJPUR GAZIPUR MORE GROUND FLOOR SHOP NO - 10",,"",,,,,,19AVWPS0925R1ZC,,0,,,,,West Bengal
M003,"NEWMAAMANSABASTRALAYA,CBHAB/KOL,IW",9433358100  -  97357,,"North 24 Parganas",SHANKAR GHOSH,Y,0,,0,N,,,R,"",,"1ST LANE DIST:NORTH 24 PARGANAS",,"",,,,,,19ACYPR1339P1ZG,,0,,,,,West Bengal
NN01,"NEWNEERA,RCCAL/DR10,IR",033-22282770,,"Dharamtalla",KAMLESH RAI,Y,0,,0,N,,,R,"",,"1ACHOWRINGHEE ROAD (ESPLANADE CROSSING)",,"",,,,,,19AADFN3038L1Z2,,0,,,,,West Bengal
N005,"NEWNILACHALALAYA,RCHOW/KOL,IR",9831646811,,"Howra Maidan",KAMLESH RAI,Y,0,,0,N,,,R,"",,"1 NO. ISWAR DUTTA LANE KALIBABU BAZAR (BESIDE ALLAHABAD BANK)",,"",,,,,,,,0,,,,,West Bengal
N001,"NEWPOOJACLOTHSTORE,CBCHN/KC,OW",3572252850,,"Chanchal",CHIRONJIB MAHAJAN,Y,0,,0,N,,,WS,"",,"DAILY MARKET",,"",,,,,,19AOQPA2051K1ZV,,0,,,,,West Bengal
NP01,"NEWPUNJABCLOTH,CBPIC/DR8,OR",8768007054,,"Pichaboni",CHIRONJIB MAHAJAN,Y,0,,0,N,,,R,"",,"PICHABONI BAZAR NEAR KALI MANDIR DIST:EAST MEDINIPUR",,"",,,,,,,,0,,,,,West Bengal
WN67,"NEWRAHABASTRALAYA,CBNAB/KOL,OW",9333385040,,"North 24 Parganas",SHANKAR GHOSH,Y,0,,0,N,,,R,"",,"NAWADEEP BAZAR ROAD",,"",,,,,,19AAHFN4251B1ZI,,0,,,,,West Bengal
NR01,"NEWREADYMADECENTER/NBDUT/DR8,OR",9674123013,,"North 24 Parganas",SHANKAR GHOSH,Y,0,,0,N,,,R,"",,"STATION ROAD DIST:NORTH 24 PARGANAS",,"",,,,,,,,0,,,,,West Bengal
NS01,"NEWSAJYASREE,SBTAM/KHR,IR",9732555684  -  03222,,"South 24 Parganas",SUMIT MONDAL,Y,0,,0,N,,,0,"",,"TAMLUK TOWN HOSPITAL MORE OPP-JUMA MASJID DIST:EAST MIDNAPORE",,"",,,,,,19AEFPB8030G1ZS,,0,,,,,West Bengal
N002,"NEWSARASWATITEXTILE,CBKHA/KHA,OW",3482252561,,"North 24 Parganas",SHANKAR GHOSH,Y,0,,0,N,,,R,"",,"60 NETAJI ROAD DIST: MURSHIDABAD",,"",,,,,,,,0,,,,,West Bengal
NS07,"NEWSAREEHOUSE,SBSPL/DR9,OR",9830057696,,"Seoraphuly",NARESH KUMAR KHILERI,Y,0,,0,N,,,R,"",,"181/AG.T ROAD SUPER MARKET DISTRICT:HOOGHLY",,"",,,,,,19AFAPP9826N1ZO,,0,,,,,West Bengal
NS03,"NEWSAYANDEEP,RCCAL/DR10,IR",9007775182,,"Kalighat",KAMLESH RAI,Y,0,,0,N,,,R,"",,"110AS.P. MUKHERJEE ROAD",,"",,,,,,19DZBPS4569B1Z3,,0,,,,,West Bengal
NM01,"NEWSHREEMATA,CFBWN/DR8,IR",7699989117,,"Burdwan",CHIRONJIB MAHAJAN,Y,0,,0,N,,,R,"",,"BURDHWAN DUTTA CENTRE SHOP NO-19",,"",,,,,,,,0,,,,,West Bengal
NS02,"NEWSOVADRESSES,SBKHT/BC,OW",9474144258,,"Bankura",CHIRONJIB MAHAJAN,Y,0,,0,N,,,0,"",,"KARALI MOREKHATRA  DIST:BANKURA",,"",,,,,,,,0,,,,,West Bengal
NS09,"NEWSREEGOPALSTORES,RCMNK/DR10,IR",3323503437,,"Maniktala",KAMLESH RAI,Y,0,,0,N,,,R,"",,"122/1/1A.P.C ROADMANICKTALA AADHAR NO - 515591094515",,"",,,,,,,,0,,,,,West Bengal
NS06,"NEWSREERAMAKRISHNATEXTILES,APRAY/SGT,OW",9885496667,,"Rayachoti",K. P. RAKESH RAO,Y,0,,0,N,,,WS,"",,"61/129GANDHI BAZAR DIST:KADAPA",,"",,,,,,37ANGPS2228F1ZZ,,0,,,,,Andhra Pradesh (New)
NS05,"NEWSRIDURGABASTRALAYA,RCCAL/DR9,IR",3322919918,,"Calcutta",NARESH KUMAR KHILERI,Y,0,,0,N,,,R,"",,"14A SURYA SEN STREETNEAR MIRZAPUR CITY COLLEGE",,"",,,,,,,,0,,,,,West Bengal
NS08,"NEWSRIDURGABASTRALAYA,SBKNG/DR9,OR",,,"Konnagar",NARESH KUMAR KHILERI,Y,0,,0,N,,,R,"",,"STATION ROAD",,"",,,,,,19AVFPS1212G1ZQ,,0,,,,,West Bengal
NV01,"NEWVANDANA,RCCAL/KOL,IR",8100995962  -  033 2,,"Kolkata",RAHUL SINGH,Y,0,,0,N,,,R,"",,"192 C.R.AVENUE  NEAR RAM MANDIR",,"",,,,,,19ALBPS5792D1ZR,,0,,,,,West Bengal
NV02,"NEWVEERABHADRASWAMYTEXTILES,APKDP/SGT,OW",9246940432,,"Kadappa",K. P. RAKESH RAO,Y,0,,0,N,,,WS,"",,"13/547Y.V. STREET",,"",,,,,,37AFLPS7051P1ZJ,,0,,,,,Andhra Pradesh (New)
NV03,"NEWVIMALSAGAR,ORASK/KTA,OW",9937640462,,"Aska",DHIRAJ KUMAR JAISWAL,Y,0,,0,N,,,WS,"",,"MAIN ROADSURADA",,"",,,,,,21BFPPC6706Q1Z5,,0,,,,,Odisha
NC03,"NILADRICOLLECTIONS,ORBPA/KTA,OW",9556740766,,"Kotaigarh",DHIRAJ KUMAR JAISWAL,Y,0,,0,N,,,WS,"",,"DIST:GANJAM",,"",,,,,,21AQLPM4265A1Z8,,0,,,,,Odisha
N015,"NILESHHANDLOOM,BICHP/MIST,OW",9122630992,,"Chapra",K. P. RAKESH RAO,Y,0,,0,N,,,WS,"",,"PURANI LURHATTI",,"",,,,,,10AEUPG9117N1Z5,,0,,,,,BIHAR
NT01,"NILKANTHTEXTILE,ORATH/DHJ,OW",9937381236,,"Cuttack",DHIRAJ KUMAR JAISWAL,Y,0,,0,N,,,WS,"",,"POST-ATHGARH DIST:CUTTACK",,"",,,,,,,,0,,,,,Odisha
NF04,"NIRMALEMPORIUMPRIVATELIMITED,RCPAS/KOL,IR",9748768870   -  0332,,"Park Street",KAMLESH RAI,Y,0,,0,N,,,R,"",,"111PAK STREET3RD FLOOR",,"",,,,,,19AABCN0485G1ZG,,0,,,,,West Bengal
NF03,"NIRMALFASHIONP.LTD,RCPAS/KOL,IR",9831110112  -  03322,,"Park Street",KAMLESH RAI,Y,0,,0,N,,,R,"",,"111PARK STREET1ST FLOOR",,"",,,,,,19AABCN1449A1ZU,,0,,,,,West Bengal
WN25,"NISTARINIBEDDINGHOUSE,RCSPL/KOL,IW",9874013297,,"Sheoraphuly",NARESH KUMAR KHILERI,Y,0,,0,N,,,R,"",,"38G.T.ROAD NISTARINI MARKET DIST- HOOGHLY",,"",,,,,,,,0,,,,,West Bengal
NG02,"NITAIGOURRADHESHYAMCLOTHSTORE,ORGAN/KTA,OW",9437324904,,"Kotaigarh",DHIRAJ KUMAR JAISWAL,Y,0,,0,N,,,WS,"",,"MAIN ROADP.O-HINJILIKATA DIST:GANJAM",,"",,,,,,21BTJPP1034Q1ZI,,0,,,,,Odisha
NB03,"NIVEDITABASTRALAYA,CBPUL/DR8,OR",9932459881,,"Patuli",CHIRONJIB MAHAJAN,Y,0,,0,N,,,R,"",,"PATULI STATION BAZAR  DIST:BURDWAN",,"",,,,,,19ANCPB9675R1Z4,,0,,,,,West Bengal
WN11,"NIZAMTEXTILE,CBKAL/KC,OW",09232467820  -  9830,,"Kalia Chawk",CHIRONJIB MAHAJAN,Y,0,,0,N,,,R,"",,"MAIN ROAD",,"",,,,,,19AAJFN3982D1Z0,,0,,,,,West Bengal
NB02,"NOORBEDDINGHOUSE,CFKTO/DR8,OW",9732064354,,"Katwa",KAMLESH RAI,Y,0,,0,N,,,R,"",,"BIDHAN MARKETMADHABITALA ROAD  DIST:BARDHAMAN",,"",,,,,,,,0,,,,,West Bengal
QN02,"NOVELTYCLOTHSTORE,CFBWN/KOL,OW",9333139333  -  0342-,,"Burdwan",CHIRONJIB MAHAJAN,Y,0,,0,N,,,D,"",,"1B.C.ROAD BIJOY TORAN DIST-BURDWAN",,"",,,,,,19AACFN4588J1ZQ,,0,,,,,West Bengal
OA01,"OMARHAMTRENDZLLP,RCHOW/HD,IR",9163737533,,"Kolkata",RAHUL SINGH,Y,0,,0,N,,,R,"",,"34/1BONE BIHARI BOSE ROAD GROUND FLOORGODOWN-12",,"",,,,,,19AAEFO9511G1Z5,,0,,,,,West Bengal
WO02,"OMPRAKASHHARIPRAKASH,BIGHO/BDR,OW",9431220052,,"Ghogardia",K. P. RAKESH RAO,Y,0,,0,N,,,WS,"",,"GHOGARDIA STATION ROAD DIST:MADHUBANI",,"",,,,,,,,0,,,,,BIHAR
OM01,"OMPRAKASHHARIPRAKASH,BIGHO/BGK,OW",06277-282665  -  062,,"Ghogardia",K. P. RAKESH RAO,Y,0,,0,N,,,WS,"",,"MAIN ROAD DIST-MADHUBANI",,"",,,,,,10AAAFO8416G1ZP,,0,,,,,BIHAR
OS01,"OMSRIGURUDATTA,APCIL/KIR,OW",93390520214,,"Chilkularupet",K. P. RAKESH RAO,Y,0,,0,N,,,WS,"",,"D.NO.-22-215/2MADDI MALLAIAH STREET P.O.-CHILAKALURIPET DIST:GUNTUR",,"",,,,,,37DEUPS4662M1ZC,,0,,,,,Andhra Pradesh (New)
WO01,"OMTEXTILES,BISUP/LTA,OW",9431068417,,"Supaul",K. P. RAKESH RAO,Y,0,,0,N,,,WS,"",,"STATION ROAD",,"",,,,,,,,0,,,,,BIHAR
OH01,"ORNAHOUSE,RCHBG/KOL,IR",8961435375,,"Hathibagan",NARESH KUMAR KHILERI,Y,0,,0,N,,,R,"",,"81BIDHAN SARANIHATHI BAGAN BAZAR MAIN GATEOPP-CITI MART",,"",,,,,,,,0,,,,,West Bengal
WO15,"OSWALTRADERS,ORNWR/VA-O,OW",7205374492,,"Nabrangpur",RAMNARAYAN THAKUR,Y,0,,0,N,,,WS,"",,"CLOTH MERCHANT DIST-NAWRANGPUR",,"",,,,,,,,0,,,,,Odisha
WP55,"PADAMPRIYASILKS,APSOM/KTA,OW",9441348211,,"Sompeta",K. P. RAKESH RAO,Y,0,,0,N,,,WS,"",,"DIST-SRIKAKULAM",,"",,,,,,,,0,,,,,ANDHRA PRADESH
PT02,"PADMAVATHITEXTILES,APCIT/SGT,OW",9440994901  08572233,,"Chitoor",K. P. RAKESH RAO,Y,0,,0,N,,,WS,"",,"18-767CHURCH STREET  DISTRICT:CHITTOR",,"",,,,,,37ACOPK1386P1ZS,,0,,,,,Andhra Pradesh (New)
P002,"PAKIJATEXTILES,ASSIL/GOU,OW",3842238959,,"Guwahati",VIKRAMGUPTA,Y,0,,0,N,,,WS,"",,"MUNSHI COMPLEX 1ST FLOOR GOPALNAGAR",,"",,,,,,,,0,,,,,ASSAM
PB05,"PANCHANANBASTRALAYA,SBKHN/DR9,OR",9474806307,,"Khanyan",NARESH KUMAR KHILERI,Y,0,,0,N,,,R,"",,"POLBAKHANYAN ROADKHANYAN STATION BAZAR DISTRICT:HOOGHLY",,"",,,,,,19AAJFP8549G1ZN,,0,,,,,West Bengal
P015,"PANKAJTEXTILE,CFASN/CF,OW",9635246006,,"Asansol",CHIRONJIB MAHAJAN,Y,0,,0,N,,,WS,"",,"PLAZA MARKET B.B. ROAD",,"",,,,,,19ACRPA2093E1ZM,,0,,,,,West Bengal
PA02,"PARAS,ORDHE/DHJ,OW",9040819291,,"Dhenkanal",DHIRAJ KUMAR JAISWAL,Y,0,,0,N,,,WS,"",,"KANCHAN BAZAR",,"",,,,,,21ABZPJ3143P1Z6,,0,,,,,Odisha
PS02,"PARASMANISTORE,RCCAL/DR10,IR",7890765400,,"Maniktala",KAMLESH RAI,Y,0,,0,N,,,R,"",,"122/1/1A.P.C ROADMANICKTALA MORE NEAR CHAYA CINEMA",,"",,,,,,,,0,,,,,West Bengal
PT04,"PARITEXTILE,BBBBZ/MM,IW",9339971530,,"BBZ",OM PRAKASH,Y,0,,0,N,,,WS,"",,"203MAHATMA GANDHI ROAD1ST FLOOR",,"",,,,,,19DDCPD8595M1ZT,,0,,,,,West Bengal
PB02,"PARITOSHBASTRABIPANI,CBGGR/DR8,OR",8001274734,,"Golgram",NARESH KUMAR KHILERI,Y,0,,0,N,,,R,"",,"GOLGRAM BAZAR",,"",,,,,,,,0,,,,,West Bengal
PC06,"PATRACLOTHSTORE,ORKOP/VA-O,OR",9437095260 -  943806,,"Simliguda",RAMNARAYAN THAKUR,Y,0,,0,N,,,WS,"",,"P.O - SEMILIGUDA DIST - KORAPUT",,"",,,,,,21AAKFP7510Q3ZV,,0,,,,,Odisha
PB04,"PAULBASTRALAYA,RCMNS/DR8,OR",9733530744,,"Munshirhat",NARESH KUMAR KHILERI,Y,0,,0,N,,,0,"",,"MUNSHIRHAT DIST:HOWRAH",,"",,,,,,19AAGFP6682D1ZY,,0,,,,,West Bengal
P010,"PAULENTERPRISE,SBKTU/BC,OW",9932528507,,"Kotulpur",CHIRONJIB MAHAJAN,Y,0,,0,N,,,R,"",,"PO-KOTULPUR DIST-BANKURA",,"",,,,,,,,0,,,,,West Bengal
PB01,"PAWANBASTRALAYA,BIGYA/HT,OW",6312422315,,"Gaya",K. P. RAKESH RAO,Y,0,,0,N,,,WS,"",,"TEKARI ROAD",,"",,,,,,,,0,,,,,BIHAR
WP94,"PAWANCLOTHSTORE,CGPTH/VA.OW",9165656544,,"Pattalgaon",RAMNARAYAN THAKUR,Y,0,,0,N,,,WS,"",,"MAIN ROAD DIST-JASPUR",,"",,,,,,22BEBPM6605K1ZN,,0,,,,,Chhattisgarh
P009,"PAWANKUMARDALMIA,CBKLG/RAI,OW",9434965484,,"Kaliagunj",CHIRONJIB MAHAJAN,Y,0,,0,N,,,R,"",,"CLOTH MERCHANT PO-KALIAGUNJ DIST-UTTAR DINAJPUR",,"",,,,,,,,0,,,,,West Bengal
P007,"PAWANTEXTILE,ASGOU/BTA,OW",9435043314,,"Guwahati",VIKRAMGUPTA,Y,0,,0,N,,,WS,"",,"107ANNAPURNA PLAZA 1ST FLOORS.S. ROAD DIST:KAMROOP",,"",,,,,,,,0,,,,,ASSAM
PM01,"PAYALMITRA,NBPLT/DR9,OR",9836761779,,"Palta",NARESH KUMAR KHILERI,Y,0,,0,N,,,R,"",,"C/O SABITA MITRA BADAMTALAP.O-BENGAL ENAMEL DIST:NORTH 24 PARAGANAS",,"",,,,,,,,0,,,,,West Bengal
PC03,"PHULESHWARICLOTHSTORE,ORPRS/KTA,OW",9938654740,,"Kotaigarh",DHIRAJ KUMAR JAISWAL,Y,0,,0,N,,,WS,"",,"BAZAR ROAD DIST - GANJAM",,"",,,,,,21BEDPR2309B1Z8,,0,,,,,Odisha
P008,"PIYUSHFABRICSPVT.LTD.,MHMUM/DR1,OW",,,"Mumbai",RAHUL SINGH,Y,0,,0,N,,,0,"",,"2DADISETH AGIARY LANE ROOM NO.10 & 111ST FLOOR NEAR  ADARSH HOTELKALBADEVI",,"",,,,,,,,0,,,,,Maharashtra
PC02,"PODDARCREATIONS,RCCAL/DR10,IR",9830023203  - 033-22,,"Maidan",KAMLESH RAI,Y,0,,0,N,,,R,"",,"15AJ.L. NEHRU ROAD OPPOSITE-NEW EMPIRE CINEMA",,"",,,,,,19AALFP6212E1Z9,,0,,,,,West Bengal
WP02,"PODDARSYNTHETICS,BIDBA/BGK,OW",06272-2230002,,"Dharbhanga",K. P. RAKESH RAO,Y,0,,0,N,,,WS,"",,"BURABAZAR",,"",,,,,,10AEWPK9100K2ZD,,0,,,,,BIHAR
PH02,"POOJAHANDLOOM,BISOP/LTA,OW",06413222446-223649,,"Supaul",K. P. RAKESH RAO,Y,0,,0,N,,,WS,"",,"STATION ROAD",,"",,,,,,10AOCPG8714R1ZT,,0,,,,,BIHAR
P003,"POORANMALSHIVKUMAR,BIGYA/HT/OW",,,"Gaya",K. P. RAKESH RAO,Y,0,,0,N,,,WS,"",,"TEKARI ROAD",,"",,,,,,,,0,,,,,BIHAR
PM02,"POSHAKMUSIUM,CFKSM/DR8,IR",9153619181,,"Kusumgram",CHIRONJIB MAHAJAN,Y,0,,0,N,,,0,"",,"KUSUMGRAM BAZARTHANA-MONTESWAR  DIST:BARDHAMAN",,"",,,,,,,,0,,,,,West Bengal
WP90,"PRABHATCLOTHSTORE,CBMLD/KC,OW",9563251876,,"Malda",CHIRONJIB MAHAJAN,Y,0,,0,N,,,WS,"",,"ROOM NO-C38NETAJI MUNICIPAL MARKET RATH BARI",,"",,,,,,19AEBPM6494F1Z7,,0,,,,,West Bengal
PR05,"PRABIRDAS,SBBAN/BC,OW",9434521299  -  25450,,"Bankura",CHIRONJIB MAHAJAN,Y,0,,0,N,,,WS,"",,"GOPINATHPUR",,"",,,,,,19AHTPD9201G1Z7,,0,,,,,West Bengal
PC01,"PRADHANCLOTHCENTRE,RCKKD/DR10,OR",9434404405,,"Kakdwip",KAMLESH RAI,Y,0,,0,N,,,R,"",,"DISTRICT:SOUTH 24 PARGANAS",,"",,,,,,19AGBPP4438P1ZW,,0,,,,,West Bengal
ZP68,"PRAFULLOBASTRABIPANI,CBBUN/RAI,OW",9732919051- 03524269,,"Buniyadpur",CHIRONJIB MAHAJAN,Y,0,,0,N,,,WS,"",,"TEEN MATA MORE BUNIYADPUR",,"",,,,,,,,0,,,,,West Bengal
WP29,"PRAHLADCHANDAGARWALA,CFBUD/CF,OW",9775769850,,"Bud Bud",CHIRONJIB MAHAJAN,Y,0,,0,N,,,R,"",,"G.T. ROADBUDBUD CHATTI BAZAR",,"",,,,,,19ACSPA0387Q1ZV,,0,,,,,West Bengal
PD01,"PRAKASHDEEP,SBRIS/DR9,OR",9883262340,,"Rishra",NARESH KUMAR KHILERI,Y,0,,0,N,,,R,"",,"657/A.S.K NAGARTALBAGAN DIST:HOOGHLY",,"",,,,,,,,0,,,,,West Bengal
P508,"PRAKASHSAREEHOUSE,UPBLA/MIST,OW",9415682716   -  9473,,"UP",RAHUL SINGH,Y,0,,0,N,,,WS,"",,"JAY BHARAT MARKET BADA GARHA",,"",,,,,,09ANTPG3514D1Z2,,0,,,,,Uttar Pradesh
ZP66,"PRAKASHSYNTHETIC,UPBLA/MIST,OW",,,"UP",RAHUL SINGH,Y,0,,0,N,,,WS,"",,"NAYA CHOWK",,"",,,,,,,,0,,,,,Uttar Pradesh
WP01,"PRAKASHTEXTILE,ASDHU/SU,OW",9435148862  - 036622,,"Bilasipara",VIKRAMGUPTA,Y,0,,0,N,,,WS,"",,"A.K.AZAD ROAD",,"",,,,,,,,0,,,,,ASSAM
PK04,"PRAMODKUMARSURESHKUMAR,BISIT/SBT,OW",9709553557  - 062262,,"Sitamari",K. P. RAKESH RAO,Y,0,,0,N,,,WS,"",,"MAIN ROAD",,"",,,,,,,,0,,,,,BIHAR
PT05,"PRAMODTEXTILEAGENCY,TPAGA/PMT,OR",8794788280 -  943612,,"Agartala",RAMNARAYAN THAKUR,Y,0,,0,N,,,WS,"",,"C/O JAGAT BASTRALAYA H.G.B ROAD",,"",,,,,,,,0,,,,,Tripura
PG01,"PRANGOPALSAHA,CBNAB/KOL,OW",9732217899,,"North 24 Parganas",SHANKAR GHOSH,Y,0,,0,N,,,R,"",,"26WOODBURN ROAD DIST:NADIA",,"",,,,,,19AINPS7518L1ZC,,0,,,,,West Bengal
P514,"PRASADTEXTILES,ORBER/KTA,OW",,,"Berhampur",DHIRAJ KUMAR JAISWAL,Y,0,,0,N,,,WS,"",,"HANUMAN BAZAR DIST-GANJAM",,"",,,,,,,,0,,,,,Odisha
P001,"PRATIBHASAREEPALACE,CFBWN/BWN,OW",342700374,,"Burdwan",CHIRONJIB MAHAJAN,Y,0,,0,N,,,R,"",,"CLOTH MERCHANT SATGACHIA",,"",,,,,,,,0,,,,,West Bengal
P011,"PRATIVABASTRALAYA,RCSTH/KOL,IR",9674051979,,"Santoshpur",KAMLESH RAI,Y,0,,0,N,,,R,"",,"NARAYANI APPARTMENT NEAR 241 BUS STAND SANTOSHPUR",,"",,,,,,19ACIPC5990M1Z0,,0,,,,,West Bengal
P006,"PRATIVABEDDINGSTORES,RCCAL/KOL,IR",8017851480 - 0332381,,"Tollygunj",KAMLESH RAI,Y,0,,0,N,,,R,"",,"4/50 BNETAJI NAGAR BANSDRONI OPP-AUROBINDO ASHRAM",,"",,,,,,,,0,,,,,West Bengal
ZP88,"PRAVEEN'SMENWEAR,CGRPA/VA.OW",8109243000,,"Raipur",RAMNARAYAN THAKUR,Y,0,,0,N,,,WS,"",,"SHOP NO.130/13 PAGARIA COMPLEX OPP-RAILWAY CROSSING",,"",,,,,,,,0,,,,,Chhattisgarh
WP91,"PRAVEENTEXTILE,CFASN/BN,OW",9832175114,,"Asansol",CHIRONJIB MAHAJAN,Y,0,,0,N,,,WS,"",,"BAKAR ALI LANE NEAR ASANSOL HOTEL DIST-BURDWAN",,"",,,,,,,,0,,,,,West Bengal
PT06,"PRITAMTEXTILE,TIAGA/PMT,OW",9774632184,,"Agartala",RAMNARAYAN THAKUR,Y,0,,0,N,,,WS,"",,"MASJID PATTI",,"",,,,,,16AMLPS8655E1ZJ,,0,,,,,Tripura
PV01,"PRITAMVASTRALAYA,MPCHI/VA,OW",9425148380,,"Chindwara",RAMNARAYAN THAKUR,Y,0,,0,N,,,WS,"",,"MAIN ROAD",,"",,,,,,,,0,,,,,Madhya Pradesh
PB03,"PRIYABEDDINGSTORES,RCSGM/DR10,IR",9038772617,,"South 24 Parganas",SUMIT MONDAL,Y,0,,0,N,,,0,"",,"RADHA KISHAN MARKETNEAR RICKSHAW STAND  DIST:SOUTH 24 PARGANAS",,"",,,,,,,,0,,,,,West Bengal
PR02,"PRIYADARSHINI,SBNON/DR8,OR",9732511200 - 8370834,,"Nonakuri",CHIRONJIB MAHAJAN,Y,0,,0,N,,,R,"",,"NONAKURI BAZARTAMLUK DISTRICT:EAST MEDINIPUR",,"",,,,,,19AIIPB1459Q1ZS,,0,,,,,West Bengal
PA01,"PRIYAMAGARWAL,HRGUR/KOL,OR",9650216633,,"Gurgaon",RAHUL SINGH,Y,0,,0,N,,,WS,"",,"FLAT-15ATOWER-I.BELLEVUE CENTRAL PARK-2SECTOR-48SOHNA ROAD",,"",,,,,,,,0,,,,,Haryana
PS01,"PRIYASALESCORPORATION,ORBER/KTA,OW",,,"Berhampur",DHIRAJ KUMAR JAISWAL,Y,0,,0,N,,,WS,"",,"ASKA ROAD GANJAM",,"",,,,,,21AFKPM8313D1ZT,,0,,,,,Odisha
PT03,"PRONOBANANDATEXTILES,RCBAA/DR9,OR",9007776751,,"Barrackpore",KAMLESH RAI,Y,0,,0,N,,,R,"",,"117BARASAT ROADNONACHANDAN PUKUR DISTRICT:NORTH 24 PARGANAS",,"",,,,,,,,0,,,,,West Bengal
P005,"PUNAMCHANDRAJKUMAR,BBBBZ/SRD,IW",7439068939,,"BBZ",OM PRAKASH,Y,0,,0,N,,,WS,"",,"196J.L.B STREET 2ND FLOOR BURRABAZRA",,"",,,,,,,,0,,,,,West Bengal
PR01,"PUNAMCHANDRATHI,BBBBZ/DI,IW",9830402421,,"BBZ",OM PRAKASH,Y,0,,0,N,,,WS,"",,"15NOORMAL LOHIA LANE1ST FLOOR",,"",,,,,,,,0,,,,,West Bengal
PH01,"PUNJABHANDLOOM,RCULT/DR9,IR",9830534479  - 033-23,,"Maniktala",KAMLESH RAI,Y,0,,0,N,,,R,"",,"UTTARAPAN MARKETBLOCK:DS-IV SHOP NO G-2UNDER DVC TOWEROPP-VSNL",,"",,,,,,,,0,,,,,West Bengal
PT01,"PURVATEXTILES,TEHYD/DLS,OW",8099312652,,"Hydrabad",K. P. RAKESH RAO,Y,0,,0,N,,,WS,"",,"21-1-207BEHIND KAMALA NURSHING HOUSE RIKABGANJ",,"",,,,,,,,0,,,,,Telangana
PE01,"PUSPAENTERPRISE,BBBBZ/SRD,IW",9831222003,,"BBZ",OM PRAKASH,Y,0,,0,N,,,WS,"",,"16BASANT LAL MURARKA ROAD PARAK KOTHI",,"",,,,,,19AGJPR2492L1ZN,,0,,,,,West Bengal
RB11,"R.B.TEXTILES,BBBBZ/MD,IW",9836675916,,"BBZ",OM PRAKASH,Y,0,,0,N,,,WS,"",,"5SAMBHU MULLICK LANEGROUND FLOOR ROOM NO-1",,"",,,,,,19AXDPS5236J1Z1,,0,,,,,West Bengal
R017,"R.D.&COMPANY,ASNGN/BTA,OW",9435061616,,"Bilasipara",VIKRAMGUPTA,Y,0,,0,N,,,WS,"",,"DACCAPATI",,"",,,,,,,,0,,,,,ASSAM
QR10,"R.D.ENTERPRISE,RCHAW/BLS,OW",,,"Bilasipara",VIKRAMGUPTA,Y,0,,0,N,,,WS,"",,"MAIN ROAD",,"",,,,,,,,0,,,,,ASSAM
RG01,"R.G.SUPERBAZAR,ORJAJ/DHJ,OW",9238568335,,"Jajpur",DHIRAJ KUMAR JAISWAL,Y,0,,0,N,,,WS,"",,"HARIPUR HAT DIST:JAJPUR",,"",,,,,,21AAKFR9080R1ZG,,0,,,,,Odisha
R517,"R.K&SONS,ORBLN/VA-O,OW",9438360107,,"Bolangir",RAMNARAYAN THAKUR,Y,0,,0,N,,,WS,"",,"MAIN ROAD DIST:SONEPUR",,"",,,,,,21AFAPA8585R1Z4,,0,,,,,Odisha
R015,"R.K.ASYNTHETICS,MHMUM/DR4,OW",9324088196,,"Mumbai",RAHUL SINGH,Y,0,,0,N,,,WS,"",,"336BKALBADEVI ROAD1 ST FLOOR ROOM NO-1NEAR SWADESHI MARKET OPP-BADAM BARI",,"",,,,,,27AADCR0102J1ZS,,0,,,,,Maharashtra
WR04,"R.K.ENTERPRISES,BBBBZ/DR1,IW",,,"BBZ",OM PRAKASH,Y,0,,0,N,,,WS,"",,"P-10 NEW HOWRAH BRIDGE APPROACH ROAD 6TH FLOOR",,"",,,,,,19AAMFR6803L1ZM,,0,,,,,West Bengal
RK08,"R.K.FAMILYSTORE,APSKK/DR11,OW",9346422811,,"Srikakulam",K. P. RAKESH RAO,Y,0,,0,N,,,WS,"",,"D.NO-8-4-40G.T. ROAD",,"",,,,,,37AAIHD4029E1ZJ,,0,,,,,Andhra Pradesh (New)
RK10,"R.K.FASHIONS,APVIS/DR11,OW",9346422811,,"Vishakapatanam",K. P. RAKESH RAO,Y,0,,0,N,,,WS,"",,"DOOR NO-30-15-118MOTILAL SADAN DABAGARDENS",,"",,,,,,37ABCPA5380Q1ZC,,0,,,,,Andhra Pradesh (New)
RK03,"R.K.TEXTILE,ORBAL/DHJ,OW",6782227340,,"Kantabanji",DHIRAJ KUMAR JAISWAL,Y,0,,0,N,,,WS,"",,"O.T. ROADFANDICHHAK",,"",,,,,,21AGQPK4971N1ZU,,0,,,,,Odisha
RE01,"R.KENTERPRISES,ORCUT/DHJ,OW",9853350377,,"Cuttack",DHIRAJ KUMAR JAISWAL,Y,0,,0,N,,,WS,"",,"RANJAN MAHAPATRA BADAMBAGANDHICHHAKA",,"",,,,,,,,0,,,,,Odisha
RK01,"R.KHADIKENDRA,BIMUZ/BGK,OW",9934273124,,"Muzaffarpur",K. P. RAKESH RAO,Y,0,,0,N,,,WS,"",,"HIRA MARKETAGENT LANESUTAPATTY",,"",,,,,,,,0,,,,,BIHAR
RK09,"R.KSTORE,APVIS/DR11,OW",9346422811 -  089127,,"Vishakapattanam",K. P. RAKESH RAO,Y,0,,0,N,,,WS,"",,"D.NO-10-8-5/12 MAIN ROAD GAJUWAKA",,"",,,,,,37AGJPM1972E1ZA,,0,,,,,Andhra Pradesh (New)
WR21,"R.PRAKASH&CO,JHRAN/RA,OW",,,"Ranchi",DHIRAJ KUMAR JAISWAL,Y,0,,0,N,,,WS,"",,"CLOTH MERCHANT SURESH BABU STREETUPPER BAZAR",,"",,,,,,20ADHPK4110B1ZL,,0,,,,,Jharkhand
RS01,"R.S.VASTRALAYA,JHJHU/HT,OW",8084290379,,"Koderma",DHIRAJ KUMAR JAISWAL,Y,0,,0,N,,,WS,"",,"RANCHI-PATNA ROAD DIST:KODERMA",,"",,,,,,,,0,,,,,Jharkhand
RB02,"RABINBEDDINGSTORES,RCGRH/DR10,IR",9830471799  -  03324,,"Lake Market",KAMLESH RAI,Y,0,,0,N,,,R,"",,"63RASH BEHARI AVENUE OPPOSITE-LAKE MARKET",,"",,,,,,19ADCPR1293D1ZK,,0,,,,,West Bengal
RA03,"RADHA,RCBRT/DR9,IR",9674171774,,"Birati",NARESH KUMAR KHILERI,Y,0,,0,N,,,R,"",,"300H.B. ROADVIP MARKETBIRATI",,"",,,,,,19ASEPG6446L1ZC,,0,,,,,West Bengal
RG02,"RADHAGOBINDOBASTRALAYA,RCBEM/DR9,OR",9831683515,,"Begumpur",KAMLESH RAI,Y,0,,0,N,,,R,"",,"BEGUMPUR (BHORPARA) P.S - CHANDITALA DIST - HOOGHLY",,"",,,,,,,,0,,,,,West Bengal
RK02,"RADHAKRISHNAJAIN,ORKNT/ODR,OW",9437146215,,"Kantabanji",DHIRAJ KUMAR JAISWAL,Y,0,,0,N,,,WS,"",,"INDRA CHOWK",,"",,,,,,21ABLPJ6754A1Z0,,0,,,,,Odisha
RS02,"RADHAKRISHNASAREECENTRE,BIARR/STAD,OW",6182221256,,"Aara",K. P. RAKESH RAO,Y,0,,0,N,,,WS,"",,"J.D. MARKET",,"",,,,,,,,0,,,,,BIHAR
WR02,"RADHARANIBASTRALAYA,RCBLE/KOL,IW",9804827279,,"Beliaghata",KAMLESH RAI,Y,0,,0,N,,,R,"",,"BELIAGATA SIDHESWARI HAWKERS MARKET SHOP NO.39 & 41 BELIAGHATA",,"",,,,,,,,0,,,,,West Bengal
RS03,"RADHASHYAMSAHA&SONS,BBBBZ/DI,IW",9433041058          ,,"BBZ",OM PRAKASH,Y,0,,0,N,,,WS,"",,"203/1M.G. ROADPARAKAH KOTHI GROUND FLOOR",,"",,,,,,,,0,,,,,West Bengal
R009,"RADHESHYAMAGARWALA,CGRAR/VA,OW",9981175875  - 077622,,"Raigarh",RAMNARAYAN THAKUR,Y,0,,0,N,,,WS,"",,"NEAR KELO BRIDGEMUKUT NAGAR",,"",,,,,,22AAJFA1479N1Z9,,0,,,,,Chhattisgarh
RF02,"RADHESHYAMFASHION,RCBAU/DR10,IR",9093103783   -  0332,,"South 24 Parganas",SUMIT MONDAL,Y,0,,0,N,,,R,"",,"KACHHARI BAZARKULPI ROAD DISTRICT:SOUTH 24 PARGANAS BARUIPUR",,"",,,,,,19ADJPG3273B1ZS,,0,,,,,West Bengal
WR12,"RADHIKABASTRALOY,CBMLD/KC,OW",9733050458,,"Malda",CHIRONJIB MAHAJAN,Y,0,,0,N,,,WS,"",,"RABINDRA PALLY (2ND LANE) BURABURITALA",,"",,,,,,19BRXPS6085G1ZQ,,0,,,,,West Bengal
R006,"RAGHAVENTERPRISE,RCCAL/KOL,IW",9831610041,,"Kolkata",RAHUL SINGH,Y,0,,0,N,,,R,"",,"10 ARMENIAN STREET 1 ST FLOOR",,"",,,,,,19BEUPR7211B1Z9,,0,,,,,West Bengal
WR03,"RAGHAVFASHIONPVT.LTD,SBPUR/BC,OW",9332111915,,"Purulia",CHIRONJIB MAHAJAN,Y,0,,0,N,,,WS,"",,"NEAR A.G.CHURCH SCHOOL RANCHI ROAD",,"",,,,,,,,0,,,,,West Bengal
QR27,"RAGHUBIRPRASADSARAIWALA,SBPUR/BC,OW",9832254105,,"Purulia",CHIRONJIB MAHAJAN,Y,0,,0,N,,,WS,"",,"KAPRAGALI",,"",,,,,,,,0,,,,,West Bengal
RJ01,"RAHULJOSHI,RCCAL/RJ,IR",9830734395,,"Kolkata",RAHUL SINGH,Y,0,,0,N,,,R,"",,"5GOUR DAS BYSACK LANE",,"",,,,,,,,0,,,,,West Bengal
NE000520181122161125,"RAJA DRESS",9679488466,,"TULSHIHATA",CHIRONJIB MAHAJAN,Y,0,,0,N,0,,R,"",,"NEAR KALI MANDIR TULSHIHATA MALDA",91531486,"",,,,,,,,,,,,,MALDA/RAIGUNJ/BALURG
RS09,"RAJASHREE,TIAGA/PMT,OW",7005209821,,"Agartala",RAMNARAYAN THAKUR,Y,0,,0,N,,,WS,"",,"H.S. BASAK ROAD",,"",,,,,,16AMXPS6883N1ZM,,0,,,,,Tripura
ZR55,"RAJASTHANSTORE,CBDLU/KC,OW",9932875019,,"Dhulian",CHIRONJIB MAHAJAN,Y,0,,0,N,,,WS,"",,"",,"",,,,,,,,0,,,,,West Bengal
RA01,"RAJHANS,ORJLS/ODR,OW",9437875539 -  067812,,"Balasore",DHIRAJ KUMAR JAISWAL,Y,0,,0,N,,,WS,"",,"STATION BAZAR DIST:BALASORE",,"",,,,,,21AAVPJ7074J1ZA,,0,,,,,Odisha
RT02,"RAJIVTEXTIILES,CFASN/BC,OW",9641796460 -  034123,,"Asansol",KAMLESH RAI,Y,0,,0,N,,,WS,"",,"B.B. ROAD9/4BASTIN BAZAR ROSHAN MARKET",,"",,,,,,19ADAPG0404F1ZA,,0,,,,,West Bengal
RB10,"RAJKUMARBROTHERS,RCCAL/DR10,OR",9433665559,,"Dharamtalla",KAMLESH RAI,Y,0,,0,N,,,R,"",,"5ALENIN SARANIOPP-NEW CINEMA",,"",,,,,,19AJUPS4061N1Z7,,0,,,,,West Bengal
RS06,"RAJKUMARSAREEBHANDAR,UPGAZ/DR4,OW",,,"UP",RAHUL SINGH,Y,0,,0,N,,,WS,"",,"MAHAJAN TOLI DIST:GAZIPUR",,"",,,,,,09ANCPK6778L1ZA,,0,,,,,Uttar Pradesh
RL01,"RAJLAKHIBASTRALAYA,SBGTK/DR9,OR",9051178086,,"South 24 Parganas",SUMIT MONDAL,Y,0,,0,N,,,R,"",,"GHATAKPUKUR BAZAR DISTRICT:SOUTH 24 PARGANAS",,"",,,,,,19AEBPD2393C1ZW,,0,,,,,West Bengal
RT04,"RAJUTEXTILE,TIAGA/PMT,OW",9436138510,,"Agartala",RAMNARAYAN THAKUR,Y,0,,0,N,,,WS,"",,"MASJID PATTI",,"",,,,,,16AGKPS6894G1ZO,,0,,,,,Tripura
RK07,"RAKESHTEXTILE,BBBBZ/DI,IW",9874478871,,"BBZ",OM PRAKASH,Y,0,,0,N,,,WS,"",,"3C NOORMAL LOHIA LANE TRIPAL PATTY",,"",,,,,,19ASKPR5539D1ZC,,0,,,,,West Bengal
RO01,"RAKHI,RCBKP/DR9,OR",9883466337   - 33259,,"Barrackpore",NARESH KUMAR KHILERI,Y,0,,0,N,,,R,"",,"4/3 S.M.ALI ROAD",,"",,,,,,19AHSPC1550C1ZL,,0,,,,,West Bengal
WR65,"RAMANHANDLOOM,BIMUZ/BGK,OW",,,"Muzaffarpur",K. P. RAKESH RAO,Y,0,,0,N,,,WS,"",,"DHOBIA GALLI SHREYAGANJ",,"",,,,,,10BHKPS3076E1ZH,,0,,,,,BIHAR
RS05,"RAMESHKUMARMANISHKUMAR,UPGRK/SBA,OW",9305421614  -  93365,,"UP",RAHUL SINGH,Y,0,,0,N,,,WS,"",,"KAMALIA BHAWANRETI CHOWK HINDI BAZAR",,"",,,,,,,,0,,,,,Uttar Pradesh
R021,"RAMESWARAMTRADERS,BBBBZ/MD,IW",9433234430 - 0332271,,"BBZ",OM PRAKASH,Y,0,,0,N,,,WS,"",,"15MULLICK STREET 2ND FLOORBURRABAZAR",,"",,,,,,19AIFPM3328Q1ZO,,0,,,,,West Bengal
QR01,"RAMESWARITEXTILE,CFDGP/CF,OW",9851877290,,"Benachity",CHIRONJIB MAHAJAN,Y,0,,0,N,,,WS,"",,"2ND STREET SAL BAGAN ROAD BENACHITTY",,"",,,,,,19AGAPG4897K1ZW,,0,,,,,West Bengal
RG03,"RAMGOPALGUPTA,SBCAN/DR10,OR",9002013281,,"South 24 Parganas",SUMIT MONDAL,Y,0,,0,N,,,R,"",,"CANNING TOWN DISTRICT:SOUTH 24 PARGANAS",,"",,,,,,,,0,,,,,West Bengal
RB05,"RAMKRISHNABASTRALAYA,RCARA/DR8,OR",7432925073,,"Arambag",NARESH KUMAR KHILERI,Y,0,,0,N,,,R,"",,"P.C. SEN ROADNEAR-GIRL SCHOOL DIST:HOOGHLY",,"",,,,,,19ACZPD8436A1ZC,,0,,,,,West Bengal
RK11,"RAMKRISHNAKNITTINGHOUSE,RCBGE/DR10,OR",9331841228,,"Budge budge",KAMLESH RAI,Y,0,,0,N,,,R,"",,"BUDGE BUDGE STATION ROAD BUDGE BUDGE DIST:SOUTH 24 PARGANAS",,"",,,,,,19AEVPM3641N1ZN,,0,,,,,West Bengal
RK12,"RAMKRISHNASTORES,RCPHL/DR9,IR",7980698291,,"Phoolbagan",NARESH KUMAR KHILERI,Y,0,,0,N,,,R,"",,"134RAJA RAJENDRA LAL MITRA ROAD PHOOLBAGAN (NEAR KALI MANDIR)",,"",,,,,,,,0,,,,,West Bengal
RS08,"RAMLALSAHA&SONS,SBCAN/DR10,IR",8145813192,,"South 24 Parganas",SUMIT MONDAL,Y,0,,0,N,,,R,"",,"CANNING BAZAR DISTRICT:SOUTH 24 PARGANAS",,"",,,,,,,,0,,,,,West Bengal
R002,"RAMPRASADBASTRALAYA,RCCAL/KOL,OW",,,"Dumdum Cantonment",KAMLESH RAI,Y,0,,0,N,,,R,"",,"113 BUDHAN SAHA STREET DUMDUM CONTONMENT GOLABAZAR",,"",,,,,,,,0,,,,,West Bengal
R003,"RAMPRASADCHANDRABHAN,JHRMG/RA,OW",9835302333,,"Ramgarh",DHIRAJ KUMAR JAISWAL,Y,0,,0,N,,,WS,"",,"GOLA ROAD",,"",,,,,,20AAEFM9049H1ZD,,0,,,,,Jharkhand
R001,"RANISATITRADINGCO,BBBBZ/MD,IW",9830241694,,"BBZ",OM PRAKASH,Y,0,,0,N,,,WS,"",,"CHETRAM KATRA  BURRA BAZAR",,"",,,,,,19AJAPS0049J1Z3,,0,,,,,West Bengal
RC02,"RANJANCREATION,ORCHD/DHJ,OW",9937073509,,"Khurda",DHIRAJ KUMAR JAISWAL,Y,0,,0,N,,,WS,"",,"MAIN ROADP.O-CHANDPUR  DIST:KHURDA",,"",,,,,,21AXQPM0875Q1ZS,,0,,,,,Odisha
RK04,"RANJANKUMARSANJAYKUMAR,JHDMK/ATAD,OW",9431784734,,"Dumka",RAMNARAYAN THAKUR,Y,0,,0,N,,,WS,"",,"HOTEL ADARSH GALINEAR SASWAT HOTEL",,"",,,,,,20CIBPB6624G1ZY,,0,,,,,Jharkhand
R011,"RASARAJ,RCCAL/KOL,IR",9830049053 -  983124,,"Entally Market",KAMLESH RAI,Y,0,,0,N,,,R,"",,"113BGRANT STREET (NEAR ELITE CINEMA)",,"",,,,,,,,0,,,,,West Bengal
RT01,"RATAN'S,SBPUR/BC,OW",9647566989,,"Purulia",CHIRONJIB MAHAJAN,Y,0,,0,N,,,WS,"",,"BALAJEE MARKET",,"",,,,,,19AEYPP4004P1ZM,,0,,,,,West Bengal
RE03,"RATANDEEPENTERPRISES,RCCAL/KOL,OW",9836615733,,"Kolkata",RAHUL SINGH,Y,0,,0,N,,,R,"",,"3/1KAILASH SAHA LANE1ST FLOOR NEAR RAM MANDIR",,"",,,,,,19ALBPS5790B1ZX,,0,,,,,West Bengal
RA02,"RATANLAL&CO.,BBBBZ/SRD,IW",3322682189,,"BBZ",OM PRAKASH,Y,0,,0,N,,,WS,"",,"208JAMUNALAL BAJAJ STREETSHYAM DEV GOPIRAM KATRABURRABAZAR",,"",,,,,,19ACKPR9052K1ZU,,0,,,,,West Bengal
WR01,"RATHI&CO.,CGJAG/VA.OW",9424270101 -  077822,,"Jagdlapur",RAMNARAYAN THAKUR,Y,0,,0,N,,,WS,"",,"CLOTH MERCHANTS JAIN MANDIR ROAD DIST- BASTAR P.O- JAGDALPUR",,"",,,,,,22AEDPR5795L1ZY,,0,,,,,Chhattisgarh
WR05,"RATIPRAKASH&SONS,OTDEL/GST,OW",9831234892,,"Kolkata",RAHUL SINGH,Y,0,,0,N,,,WS,"",,"9959971039 KUCHA NATWAN CHANDNI CHOWK",,"",,,,,,,,0,,,,,Delhi
RE02,"RAZZAQUEEMBROIDERY,RCCAL/DR,IR",9831100437  - 824033,,"Entally Market",KAMLESH RAI,Y,0,,0,N,,,R,"",,"7AHAJI LANE",,"",,,,,,19AFLPR3160G1Z7,,0,,,,,West Bengal
R007,"REGALFASHION,ASKAR/AGA,OW",,,"Jaigaon",VIKRAMGUPTA,Y,0,,0,N,,,WS,"",,"PATHAR KANDI",,"",,,,,,18ABNPU1970F1Z8,,0,,,,,ASSAM
R004,"REKHAENTERPRISE,ASGOU/BTA,OW",9435117390 - 0361260,,"Guwahati",VIKRAMGUPTA,Y,0,,0,N,,,WS,"",,"JEEVANDEEP COMPLEX FANCY BAZAR DIST:KAMROOP",,"",,,,,,,,0,,,,,ASSAM
RB03,"RENUKABASTRALAYA,NBGPN/DR8,OR",960929404,,"Gopalnagar",CHIRONJIB MAHAJAN,Y,0,,0,N,,,0,"",,"GOPALNAGAR DIST:NORTH 24 PARGANAS",,"",,,,,,,,0,,,,,West Bengal
RB08,"RENUKABASTRALAYA,RCRHA/KOL,OR",9051779344,,"Kharda",KAMLESH RAI,Y,0,,0,N,,,R,"",,"KHARDA STATION ROADRAHARA",,"",,,,,,19ADSPD7096E1Z3,,0,,,,,West Bengal
RH01,"RENUKAHANDLOOMEMPORIUM,JHHZA/RA,OW",7480018888,,"Hazaribag",DHIRAJ KUMAR JAISWAL,Y,0,,0,N,,,WS,"",,"SARDAR CHOWK B.G ROAD NEAR BENGALI  COLONY",,"",,,,,,20AAVFR9196D1ZR,,0,,,,,Jharkhand
RS07,"RENUKASAREECORNER,RCHOW/DR10,OW",033 26272743,,"Ramrajatalla",KAMLESH RAI,Y,0,,0,N,,,R,"",,"RAMCHARAN SETH ROAD RAMRAJATALLA",,"",,,,,,19ADOPD2519C1ZT,,0,,,,,West Bengal
R008,"RESHAMSTORES,ASNGN/BTA,OW",8811055159,,"Guwahati",VIKRAMGUPTA,Y,0,,0,N,,,WS,"",,"DACCAPATTI DIST:NAGAON",,"",,,,,,,,0,,,,,ASSAM
RC01,"RESHMICHORARIA,NBDIN/ALI,OW",9832066119  -  03581,,"Dinhata",VIKRAMGUPTA,Y,0,,0,N,,,WS,"",,"MAIN ROADCHOPATI DIST:COOCHBEHAR",,"",,,,,,19ARQPC7688F1Z5,,0,,,,,West Bengal
RF03,"RIDDHIFURNISHING,CFRNG/BC,OW",9547636460,,"Ranigunj",CHIRONJIB MAHAJAN,Y,0,,0,N,,,R,"",,"NEAR CORONATION CINEMA",,"",,,,,,19AJIPS0104N1ZZ,,0,,,,,West Bengal
NE000520181122120912,"RINA BASTRALOYA",,,"HARISHCHANDRAPUR",CHIRONJIB MAHAJAN,Y,0,,0,N,0,,R,"",,"HARISHCHANDRAPUR STATION ROAD TETULBARI MORE",258256,"",,,,,,,,,,,,,MALDA/RAIGUNJ/BALURG
RB04,"RINABEDDINGHOUSE,CBKTO/DR8,OR",9732252765,,"Katwa",KAMLESH RAI,Y,0,,0,N,,,R,"",,"KATWA STATION BAZARNEAR MASJID MARKET DIST:BURDWAN",,"",,,,,,,,0,,,,,West Bengal
RT03,"RISHABTEXTILE,ORBAL/DHJ,OW",9861992365,,"Baleswar",DHIRAJ KUMAR JAISWAL,Y,0,,0,N,,,WS,"",,"JAIL ROADNEAR NORTH HOSTEL",,"",,,,,,21ATOPJ6271D1ZU,,0,,,,,Odisha
R010,"RITUTEXTILES,BIPAT/STAK,OW",09334303471 - 0612-2,,"Patna",K. P. RAKESH RAO,Y,0,,0,N,,,WS,"",,"T-96 3RD FLOOR NEAR CAPSULE LIFT KHETAN SUPER MARKET BIRLA MANDIR ROAD",,"",,,,,,,,0,,,,,BIHAR
ZR01,"ROHITHANDLOOMAGENCY,JHDMK/RHA,OW",9334515710,,"Dumka",RAMNARAYAN THAKUR,Y,0,,0,N,,,WS,"",,"THAKUR BARI ROAD",,"",,,,,,,,0,,,,,Jharkhand
RS04,"ROOPSAGAR,BIGYA/HT,OW",9835631121,,"Gaya",K. P. RAKESH RAO,Y,0,,0,N,,,WS,"",,"MURARPUR ROADPURANI GODAM",,"",,,,,,,,0,,,,,BIHAR
RC03,"ROSHANCLOTHSTORE,ORDNG/KTA,OW",9437514549,,"Kotaigarh",DHIRAJ KUMAR JAISWAL,Y,0,,0,N,,,WS,"",,"MAIN ROAD DIST:GANJAM BERHAMPUR",,"",,,,,,21BWBPP6660F1ZP,,0,,,,,Odisha
RF01,"ROYALFURNITURE,SBSAR/KOL,OW",7278399943,,"South 24 Parganas",SUMIT MONDAL,Y,0,,0,N,,,0,"",,"SARISHA HIGH SCHOOL MORED.H. ROAD DIST:SOUTH 24 PGNS",,"",,,,,,19ATFPJ5879C1ZE,,0,,,,,West Bengal
RB09,"ROYBEDDING&CLOTHCENTRE,SBAMT/DR10,OR",9836387186,,"South 24 Parganas",SUMIT MONDAL,Y,0,,0,N,,,R,"",,"N.D ROADAMTALA HAT DIST;SOUTH 24 PARGANAS",,"",,,,,,,,0,,,,,West Bengal
RB01,"ROYBEPONI,SBKKD/DR10,OR",8759294439,,"South 24 Parganas",SUMIT MONDAL,Y,0,,0,N,,,R,"",,"KAKDWIP BAZAR  DIST:SOUTH 24 PGNS",,"",,,,,,19ADJPR3800M1Z5,,0,,,,,West Bengal
W500,"RSJENTERPRISE,RCBOG/KOL,IW",7908352950,,"North 24 Parganas",SHANKAR GHOSH,Y,0,,0,N,,,D,"",,"PURWA PARA BONGAON BATAR MORE DIST-NORTH 24 PARGANAS",,"",,,,,,19AAVFR0707Q1ZC,,0,,,,,West Bengal
RB07,"RUPAMBASTRALAYA,SBPUA/DR9,OR",9932668799,,"Hooghly",KAMLESH RAI,Y,0,,0,N,,,R,"",,"KALNA MORE  DISTRICT:HOOGHLY",,"",,,,,,19AFGPP2639K1ZZ,,0,,,,,West Bengal
R005,"RUPAMSAREE,BIDBA/BGK,OW",09308094352    -  06,,"Darbhanga",K. P. RAKESH RAO,Y,0,,0,N,,,WS,"",,"GANDHI CHOWK",,"",,,,,,10AGZPK2344Q2ZU,,0,,,,,BIHAR
RU01,"RUPANJALI,NBKAC/DR9,OR",9330964358,,"Ananda Bazar",KAMLESH RAI,Y,0,,0,N,,,R,"",,"SHOP NO-M-3ANAND BAZAR DISTRICT:NORTH 24 PARGANAS",,"",,,,,,,,0,,,,,West Bengal
RB06,"RUPOSIBANGLA,SBCAB/DR10,OR",9593014790,,"South 24 Parganas",SUMIT MONDAL,Y,0,,0,N,,,R,"",,"CANNING BAZAR",,"",,,,,,19AZTPM0042J2Z0,,0,,,,,West Bengal
S050,"S.D.ENTERPRISES,ASHOJ/BTA,OW",9954044221,,"Guwahati",VIKRAMGUPTA,Y,0,,0,N,,,WS,"",,"APURVA MARKETMAIN ROAD",,"",,,,,,,,0,,,,,ASSAM
SG04,"S.GUMTAMAIAH,APPRD/SGT,OR",9849164301,,"Proddatur",K. P. RAKESH RAO,Y,0,,0,N,,,WS,"",,"62UPSTAIRVASTRABHARATHI",,"",,,,,,,,0,,,,,Andhra Pradesh (New)
SH07,"S.HANDLOOMSTORE,BIARR/STAD,OW",,,"Aara",K. P. RAKESH RAO,Y,0,,0,N,,,WS,"",,"NACHITRATOLI ROAD  DIST:BHOJPUR",,"",,,,,,10ABJPK0548D1ZA,,0,,,,,BIHAR
WS07,"S.KUMAR&CO,BIKAT/KTH,OW",06452-242687,,"Katihar",K. P. RAKESH RAO,Y,0,,0,N,,,WS,"",,"M.G.ROAD",,"",,,,,,10AAOPA3687K1ZO,,0,,,,,BIHAR
S560,"S.M.CLOTHSTORES,ORBDH/ODR,OW",9668457304,,"Bhadrak",DHIRAJ KUMAR JAISWAL,Y,0,,0,N,,,WS,"",,"CLOTH MERCHANT AT-BADA BANASIADIST-BHADRAK PO-TEASINGA",,"",,,,,,,,0,,,,,Odisha
WS02,"S.R.BAID,NBDIN/ALI,OW",9832066119  -  03581,,"Dinhata",VIKRAMGUPTA,Y,0,,0,N,,,WS,"",,"DIST:COOCH BIHAR",,"",,,,,,,,0,,,,,West Bengal
SS12,"S.S.SYNTHETICS,BIJHD/STAK,OW",9801202575,,"Jandaha",K. P. RAKESH RAO,Y,0,,0,N,,,WS,"",,"MAIN ROAD DIST:VAISHALI",,"",,,,,,10AZGPG6531M1ZI,,0,,,,,BIHAR
SS03,"SABITASAREEMUSEUM,RCKET/DR9,IR",9830988243,,"Kestopur",KAMLESH RAI,Y,0,,0,N,,,R,"",,"BC-58ANURUPA PALLY KESTOPUR",,"",,,,,,,,0,,,,,West Bengal
S669,"SAFECHEMINDUSTRIES,RCCAL/PR,OR",,,"Kolkata",RAHUL SINGH,Y,0,,0,N,,,R,"",,"17 CROOKED LANE",,"",,,,,,,,0,,,,,West Bengal
SA03,"SAGAR,ORDHE/DHJ,OW",9438108699,,"Dhenkanal",DHIRAJ KUMAR JAISWAL,Y,0,,0,N,,,WS,"",,"MAHAVIR BAZAR",,"",,,,,,21ACLFS9221Q1ZL,,0,,,,,Odisha
SF02,"SAGARFASHION,ORDHE/DHJ,OW",9437074149,,"Dhenkanal",DHIRAJ KUMAR JAISWAL,Y,0,,0,N,,,WS,"",,"MAHABIR BAZAR",,"",,,,,,21ACXPC6679C1ZH,,0,,,,,Odisha
SS16,"SAGARSANGAMTEXTILEPVTLTD,BBBBZ/DI,IW",9007004080  -  03322,,"BBZ",OM PRAKASH,Y,0,,0,N,,,WS,"",,"180-BCHITTARANJAN AVENUE2ND FLOOR",,"",,,,,,19AALCS5002J1Z7,,0,,,,,West Bengal
SS14,"SAGARSAREECENTRE,ORDHE/DHJ,OW",9437042527,,"Dhenkanal",DHIRAJ KUMAR JAISWAL,Y,0,,0,N,,,WS,"",,"MAHAVIR BAZAR",,"",,,,,,21ACWPC7082N1Z4,,0,,,,,Odisha
S003,"SAHA&CO,BBBBZ/PAJ,IW",9681701166,,"BBZ",OM PRAKASH,Y,0,,0,N,,,WS,"",,"102 RABINDRA SARANI CHITPUR",,"",,,,,,,,0,,,,,West Bengal
MS63,"SAHAENTERPRISE,CBPAL/KHA,OW",9932015542,,"Burdwan",CHIRONJIB MAHAJAN,Y,0,,0,N,,,R,"",,"MIRA BAZAAR  PALASSEY",,"",,,,,,,,0,,,,,West Bengal
WS75,"SAHUBROTHERS,ORBPD/ODR,OW",9437032369,,"Mayurbhanj",DHIRAJ KUMAR JAISWAL,Y,0,,0,N,,,WS,"",,"CLOTH MERCHANT HOSPITAL ROADMAYURBHANJ",,"",,,,,,21AIVPS8709F1ZT,,0,,,,,Odisha
S125,"SAHUPRABHAKAR,ORSRG/KTA,OW",9438114537,,"Kotaigarh",DHIRAJ KUMAR JAISWAL,Y,0,,0,N,,,WS,"",,"SERAGADA (RANGUNI STREET) DIST:GANJAM",,"",,,,,,,,0,,,,,Odisha
ST13,"SAHUTEXTILES,ORBOU/VA-O,OW",9938342078,,"Bodh",RAMNARAYAN THAKUR,Y,0,,0,N,,,WS,"",,"KEUTA SAHI",,"",,,,,,21AIUPS4256Q1ZD,,0,,,,,Odisha
SH03,"SAJAWATHANDLOOM,UPBLA/MIST,OW",,,"UP",RAHUL SINGH,Y,0,,0,N,,,WS,"",,"CHOWK BAZAR",,"",,,,,,09AQOPG5876G1ZA,,0,,,,,Uttar Pradesh
SB04,"SAJJYABHAVAN,RCSHY/DR9,IR",9874185458,,"Shyambazar",KAMLESH RAI,Y,0,,0,N,,,R,"",,"128/6A BIDHAN SARANISHYAMBAZAR",,"",,,,,,19AFYPG7171B1ZA,,0,,,,,West Bengal
SN01,"SAJJYANIKETAN,RCCAL/DR9,IR",9836541766 - 9339872,,"Shyambazar",KAMLESH RAI,Y,0,,0,N,,,R,"",,"128/12ABIDHAN SARANI NEAR 5 POINT CROSSINGSHYAMBAZAR",,"",,,,,,,,0,,,,,West Bengal
SA02,"SAJYASHREE,RCBHG/KOL,IR",9831068454 - 0332258,,"Baghajatin",NARESH KUMAR KHILERI,Y,0,,0,N,,,R,"",,"415M.B ROADBELGHARIA",,"",,,,,,19ALHPS3771L1ZD,,0,,,,,West Bengal
W125,"SAKAMBARITEXTILE,BBBBZ/SRD,IW",3322708144,,"BBZ",OM PRAKASH,Y,0,,0,N,,,WS,"",,"203/1M.G.ROADPARAKH KOTHI 2ND FLOORBURRABAZAR",,"",,,,,,19AAKFS4704P1ZJ,,0,,,,,West Bengal
S018,"SALASARTEXTILE,SBBAN/BC,OW",9434035299,,"Bankura",CHIRONJIB MAHAJAN,Y,0,,0,N,,,WS,"",,"SUBHASH ROAD",,"",,,,,,,,0,,,,,West Bengal
S225,"SALUJASAREE,CGBIL/VA,OW",7752416225,,"Bilashpur",RAMNARAYAN THAKUR,Y,0,,0,N,,,WS,"",,"SHRI RAM NEW CLOTH MARKET AGRASEN CHOWK",,"",,,,,,,,0,,,,,Chhattisgarh
SB09,"SAMIMBEDDINGSTORES,SBGTK/DR9,OR",9732582839,,"South 24 Parganas",SUMIT MONDAL,Y,0,,0,N,,,R,"",,"GHATAKPUKUR BAZAR DIST:SOUTH 24 PARGANAS",,"",,,,,,,,0,,,,,West Bengal
SC02,"SAMPATICOLLECTION,ORCUT/DHJ,OW",9040165905,,"Cuttack",DHIRAJ KUMAR JAISWAL,Y,0,,0,N,,,WS,"",,"NAYA SADAK",,"",,,,,,21AAGHS1977L1ZT,,0,,,,,Odisha
SB07,"SAMPURNABEDDINGSTORES&READYMADEGARMENTS,SBBKH/DR1,OR",9477446588,,"South 24 Parganas",SUMIT MONDAL,Y,0,,0,N,,,WS,"",,"BAKHRAHATOPPOSITE PANCHAYET OFFICE  DIST - SOUTH 24 PARGANAS",,"",,,,,,,,0,,,,,West Bengal
WS01,"SANCHITASAREES,RCLAR/KOL,IW",9830985355,,"Lake Road",KAMLESH RAI,Y,0,,0,N,,,R,"",,"29 DR.SARAT BANERJEE ROAD LAKE ROAD",,"",,,,,,,,0,,,,,West Bengal
SC04,"SANDEEPCUTPIECECLOTHCENTRE,TEHYD/DR11,OW",040-23033253,,"Hydrabad",K. P. RAKESH RAO,Y,0,,0,N,,,WS,"",,"4-19 & 20 TARANAGAR LINGAMPALLY",,"",,,,,,36AEPPA4954E1ZI,,0,,,,,Telangana
ST04,"SANDEEPTEXTILE,CFRNG/BC,OW",,,"Ranigunj",CHIRONJIB MAHAJAN,Y,0,,0,N,,,WS,"",,"A-37TILAK ROAD BYE LANE",,"",,,,,,19AYIPS0237P1ZR,,0,,,,,West Bengal
SA01,"SANGEETA,ORJEY/VA-O,OW",,,"Jeypore",RAMNARAYAN THAKUR,Y,0,,0,N,,,WS,"",,"M.G. ROAD DIST:KORAPUT",,"",,,,,,21ACEPG6566D1Z0,,0,,,,,Odisha
SK13,"SANJAYKUMARKANDHWAY,BIGYA/DR14,OW",9031583085,,"Gaya",K. P. RAKESH RAO,Y,0,,0,N,,,WS,"",,"KIRANI GHAT RIVER SIDE ROAD",,"",,,,,,,,0,,,,,BIHAR
S009,"SANJAYROY,ASHOJ/BTA,OW",9435069441,,"Guwahati",VIKRAMGUPTA,Y,0,,0,N,,,WS,"",,"SUPER MARKET MAIN ROAD",,"",,,,,,,,0,,,,,ASSAM
NE000520181122124147,"SANKAR CLOTH STORE",7797901253,,"HARISHCHANDRAPUR",CHIRONJIB MAHAJAN,Y,0,,0,N,0,,R,"",,"HOSPITAL ROAD NEAR CINEMA HALL HARISHCHANDRAPUR MALDA",265853,"",,,,,,,,,,,,,MALDA/RAIGUNJ/BALURG
WS13,"SANKARTEXTILE,BISIT/SBT,OW",9430219041,,"Sitamari",K. P. RAKESH RAO,Y,0,,0,N,,,WS,"",,"SITAMARHI-SARAWGI CHOWK",,"",,,,,,10AEUPK5903Q1Z1,,0,,,,,BIHAR
SB08,"SANTIBEDDINGS,CBKHR/KOL,OR",9775551803,,"Khagra",CHIRONJIB MAHAJAN,Y,0,,0,N,,,R,"",,"HAWKERS MARKETGOLEBAZAR DISTRICT:WEST MEDINIPUR",,"",,,,,,,,0,,,,,West Bengal
SR01,"SANTOSHRUIBHANDAR,CGJAG/VA,OW",9424276000,,"Jagdlapur",RAMNARAYAN THAKUR,Y,0,,0,N,,,WS,"",,"NEAR ANAND LODGE PALACE ROAD",,"",,,,,,22AZYPK7469C1ZX,,0,,,,,Chhattisgarh
MS40,"SANTOSHSYNTHETICS,JHJHM/LM,OW",9304053811,,"Jhajha",RAMNARAYAN THAKUR,Y,0,,0,N,,,WS,"",,"RAMESHWAR COMPLEX SHOP NO-1 MAHATO PARA ROAD JUGSALAI",,"",,,,,,20ABWPK3847J1ZB,,0,,,,,Jharkhand
S042,"SAPTASREEENTERPRISE,RCADU/KOL,OW",8013479284,,"Andul",KAMLESH RAI,Y,0,,0,N,,,R,"",,"ANDUL BAZAR NEAR RAJMATH",,"",,,,,,,,0,,,,,West Bengal
S105,"SARAFBROTHERS,ORRPA/VA-O,OW",9437072476  -  0661-,,"Rajakharia",RAMNARAYAN THAKUR,Y,0,,0,N,,,WS,"",,"MAIN ROAD DIST-NUAPADA",,"",,,,,,21AAYFS1481P1ZG,,0,,,,,Odisha
ST06,"SARANTEXTILE,BICHP/MIST,OW",9939275795,,"Chapra",K. P. RAKESH RAO,Y,0,,0,N,,,WS,"",,"RANIGURHATTI",,"",,,,,,10BBIPA2898G1ZX,,0,,,,,BIHAR
S201,"SARASWATISYNTHETICS,BIPAT/STAK,OW",,,"Patna",K. P. RAKESH RAO,Y,0,,0,N,,,WS,"",,"KRISHNA MARKETBLOCK-2 RAMBAGH",,"",,,,,,10AJGPK4510L1ZL,,0,,,,,BIHAR
ST11,"SARASWATITEXTILE,CBKHA/KHA,OW",3482252561,,"Khagra",CHIRONJIB MAHAJAN,Y,0,,0,N,,,R,"",,"61 NETAJI ROAD DIST: MURSHIDABAD",,"",,,,,,19ADLFS0091D1Z1,,0,,,,,West Bengal
VS06,"SARASWATIVASTRALAYA,CBKHA/KHA,OW",3482252561,,"Khagra",CHIRONJIB MAHAJAN,Y,0,,0,N,,,R,"",,"58 NETAJI ROAD DIST: MURSHIDABAD",,"",,,,,,19AAKFS2998B1ZS,,0,,,,,West Bengal
WS06,"SARAWAGISAREENIKETAN,SBPUR/BC,OW",9434346649,,"Purulia",CHIRONJIB MAHAJAN,Y,0,,0,N,,,WS,"",,"MAIN ROAD",,"",,,,,,19AKAPS1866N1ZM,,0,,,,,West Bengal
ST15,"SARAWAGITRADINGCOMPANY,BIDBA/BGK,OW",8002378355,,"Darbhanga",K. P. RAKESH RAO,Y,0,,0,N,,,WS,"",,"BARA BAZAR",,"",,,,,,10AAAHO1994D1ZM,,0,,,,,BIHAR
SE01,"SARAWGIENTERPRISES,BBBBZ/MD,IW",9883012144,,"BBZ",OM PRAKASH,Y,0,,0,N,,,WS,"",,"158JAMUNALAL BAJAJ STREET KESORAM KATRAGROUND FLOOR",,"",,,,,,19ABCFS6217Q1ZJ,,0,,,,,West Bengal
SC03,"SARDACREATION,BBBBZ/SRD,IW",8100558571,,"BBZ",OM PRAKASH,Y,0,,0,N,,,WS,"",,"160JAMUNALAL BAJAJ STREET1ST FLOOR",,"",,,,,,19DDSPP3373M1ZJ,,0,,,,,West Bengal
SC08,"SAREECENTRE,ORASK/KTA,OW",9437029591,,"Sheragada",DHIRAJ KUMAR JAISWAL,Y,0,,0,N,,,WS,"",,"CLOTH MERCHANTMAIN ROAD SHERAGADA",,"",,,,,,21BMJPS4500B2ZM,,0,,,,,Odisha
SG05,"SAREEGHAR,SBBKR/BC,OW",8116867340,,"Burdwan",CHIRONJIB MAHAJAN,Y,0,,0,N,,,WS,"",,"STATION ROAD DIST:BURDWAN",,"",,,,,,19AJFPA5055R1ZS,,0,,,,,West Bengal
SH05,"SAREEHOUSE,BIMUZ/BGK,OW",7739260821,,"Muzaffarpur",K. P. RAKESH RAO,Y,0,,0,N,,,WS,"",,"SUTAPATTISHITLA GALI",,"",,,,,,10AADHG1298K1ZF,,0,,,,,BIHAR
WS73,"SAREEHOUSE,NBALI/ALI,OW",9434036158,,"Guwahati",VIKRAMGUPTA,Y,0,,0,N,,,WS,"",,"BURABAZAR",,"",,,,,,,,0,,,,,West Bengal
ZS02,"SAREEKYENDRA,BIDBA/BGK,OW",9973010777,,"Darbhanga",K. P. RAKESH RAO,Y,0,,0,N,,,WS,"",,"DARBHANGA BARO BAZAR BHORA GALI",,"",,,,,,,,0,,,,,BIHAR
SM02,"SAREEMAHAL,CFMTM/DR8,OR",9153679378,,"Monteshwar",CHIRONJIB MAHAJAN,Y,0,,0,N,,,R,"",,"VILL+ P.O - KUSUMGRAM DIST - BURDWAN",,"",,,,,,,,0,,,,,West Bengal
S021,"SARKARBIGBAZAR,RCBAD/CP,OW",,,"North 24 Parganas",SHANKAR GHOSH,Y,0,,0,N,,,0,"",,"BADKULA  DIST:NADIA",,"",,,,,,19AZWPS9856M2ZP,,0,,,,,West Bengal
WS18,"SARKARCLOTHHOUSE,CFBUL/BWN,OW",342277234,,"Burdwan",CHIRONJIB MAHAJAN,Y,0,,0,N,,,WS,"",,"VIIL BULBULITALLA UTTARA P.O.-KHALISPUR",,"",,,,,,19AJGPS2714N1ZP,,0,,,,,West Bengal
SE04,"SATYAMENTERPRISE,NBSLG/MT,OW",9434001348    -  035,,"Siliguri",VIKRAMGUPTA,Y,0,,0,N,,,WS,"",,"HILL CART ROAD NEAR BATA BEHIND PEERLESS BUILDING DIST - DARJEELING",,"",,,,,,19ACKPA1721E1Z4,,0,,,,,West Bengal
SS15,"SATYAMSHIVAMSUNDARAM,ORASK/KTA,OW",9937615901,,"Kotaigarh",DHIRAJ KUMAR JAISWAL,Y,0,,0,N,,,WS,"",,"BYEPASS ROAD SHERAGADA DIST:GANJAM",,"",,,,,,21AICPP5804B1ZX,,0,,,,,Odisha
S002,"SATYANARAYANDRESSES,SBKEL/KOL,OW",9733531926,,"Kelomal",CHIRONJIB MAHAJAN,Y,0,,0,N,,,WS,"",,"KELOMAL DIGHA ROAD TAMLUK",,"",,,,,,19AANCS5550P1ZG,,0,,,,,West Bengal
SD06,"SATYANARAYANDRESSESPVT.LTD,SBRAD/KOL,OW",9733531926,,"Radahamonihat",CHIRONJIB MAHAJAN,Y,0,,0,N,,,R,"",,"DIGHA ROADRADHAMANIHATTAMLUK DIST:EAST MEDINIPUR",,"",,,,,,19AANCS5550P1ZG,,0,,,,,West Bengal
SF04,"SAWANFABRICS,ORBLN/VA-O,OW",,,"Bulangir",RAMNARAYAN THAKUR,Y,0,,0,N,,,WS,"",,"NEAR GOVT. BUS STANDMISHRA HOTEL GALI BRAHMINPARA",,"",,,,,,21ADMFS9060R1ZB,,0,,,,,Odisha
SB02,"SEASON'SBEDDINGMUSEUM,RCRJH/KOL,IR",9804866396,,"Noy pukur",KAMLESH RAI,Y,0,,0,N,,,R,"",,"SWAPNO NEAR APPARTMENTSHOP NO-10 & 11 NOY PUKURNEAR-211 BUS STANDRAJARHAT",,"",,,,,,,,0,,,,,West Bengal
ST10,"SELVITEXTILES,APCIT/DR11,OW",9494660501,,"Chittoor",K. P. RAKESH RAO,Y,0,,0,N,,,WS,"",,"17-225 SUNDARAYYAR STREET NEAR PRATHAP LODGE",,"",,,,,,37ADKFS2524A1ZC,,0,,,,,Andhra Pradesh (New)
SB11,"SENBASTRALAYA,RCMUB/DR10,OR",9836375182,,"South 24 Parganas",SUMIT MONDAL,Y,0,,0,N,,,R,"",,"35A.J.C BOSE ROAD MULLICK BAZAR",,"",,,,,,19AAMFS1852L1ZM,,0,,,,,West Bengal
S006,"SETHANITHEFASHIONMART,BIDBA/BGK,OW",8002341555,,"Chittur",K. P. RAKESH RAO,Y,0,,0,N,,,WS,"",,"DARBHANGA TOWER CHOWK",,"",,,,,,10ACIFS5133J1ZA,,0,,,,,BIHAR
SF01,"SHADESFURNISHINGS,SBHLD/KOL,OR",9434693175,,"South 24 Parganas",SUMIT MONDAL,Y,0,,0,N,,,R,"",,"MOHANA SUPER MARKET (TOWN SHIP) STALL NO-D-1 & 2",,"",,,,,,19BGVPM3002J1Z3,,0,,,,,West Bengal
SH06,"SHAHAB,RCCAL/DR10,IR",9331922850,,"Entally Market",KAMLESH RAI,Y,0,,0,N,,,R,"",,"ENTALLY MARKETESPLANADE",,"",,,,,,19CBBPB9778G1ZB,,0,,,,,West Bengal
SD04,"SHAMBHUNATHDALMIA,ORDHE/DHJ,OW",7681450530,,"Dhenkanal",DHIRAJ KUMAR JAISWAL,Y,0,,0,N,,,WS,"",,"MAHABIR BAZAR",,"",,,,,,21ACOPD7677G1ZH,,0,,,,,Odisha
ST07,"SHAMBHUTEXTILE,BISIT/SBT,OW",9473280222,,"Sitamari",K. P. RAKESH RAO,Y,0,,0,N,,,WS,"",,"MAIN ROAD",,"",,,,,,10AITPK7114N1Z0,,0,,,,,BIHAR
ZS35,"SHANKARSAREEHOUSE,ORCUT/DHJ,OW",9938305498-         ,,"Cuttack",DHIRAJ KUMAR JAISWAL,Y,0,,0,N,,,WS,"",,"CLOTH MERCHANT NEAR DOLAMUNDAL SQUAREPITHAPUR ROAD",,"",,,,,,21AFEPB8914R1ZA,,0,,,,,Odisha
SV03,"SHANKARVASTRALAYA,BIGYA/HT,OW",,,"Gaya",K. P. RAKESH RAO,Y,0,,0,N,,,WS,"",,"HEAD MANPUR",,"",,,,,,10AKZPK8827C1ZZ,,0,,,,,BIHAR
SF03,"SHANTIFURNISHING,NBSLG/KOL,OW",9434257503,,"Siliguri",VIKRAMGUPTA,Y,0,,0,N,,,R,"",,"1ST FLOORNEELKAMAL PLAZA OPP-MEGHDOOT CINEMA HALLHILL CART ROAD",,"",,,,,,19ADAFS3934L1ZP,,0,,,,,West Bengal
S004,"SHARDA&SONS,BBBBZ/SRD,IW",9830073729,,"BBZ",OM PRAKASH,Y,0,,0,N,,,WS,"",,"16BNOORMAL LOHIA LANE KESHAV RAM KATRAGROUND FLOOR BURRA BAZAR",,"",,,,,,,,0,,,,,West Bengal
ST01,"SHARDATEXTILE,JHDEO/DR7,OW",9431369213- 06432223,,"Dumka",RAMNARAYAN THAKUR,Y,0,,0,N,,,WS,"",,"LAXSHMI MARKETC.P. DROLIA ROAD",,"",,,,,,20AFCPA8419G1Z2,,0,,,,,Jharkhand
SB10,"SHEFALIBEDDINGSTORES,SBSNR/DR10,OR",9831913996,,"South 24 Parganas",SUMIT MONDAL,Y,0,,0,N,,,0,"",,"SONARPUR BHANGOR ROADNEAR SDO BUS STAND A.P. NAGARCHANDMARI DISTRICT:SOUTH 24 PARGANAS",,"",,,,,,,,0,,,,,West Bengal
SC10,"SHIVAMCOLLECTION,ORDIG/KTA,OW",9438751605,,"Kotaigarh",DHIRAJ KUMAR JAISWAL,Y,0,,0,N,,,WS,"",,"MAIN ROAD DIST:GANJAM",,"",,,,,,21FNPPS8663J1Z6,,0,,,,,Odisha
YS51,"SHIVENTERPRISES,BISIT/SBT,OW",6226250209,,"Gaya",K. P. RAKESH RAO,Y,0,,0,N,,,WS,"",,"SITAMARHI COLLEGE ROAD",,"",,,,,,10AGSPD6778N1ZT,,0,,,,,BIHAR
MS47,"SHIVLALKHIVRAJTATIYA,CGJAG/VA,OW",9981300308,,"Jagdlapur",RAMNARAYAN THAKUR,Y,0,,0,N,,,WS,"",,"PRATAP GANJ PARA TIN:22842300845",,"",,,,,,22ACIPJ9958Q1ZQ,,0,,,,,Chhattisgarh
S682,"SHIVSHAKTISTORE,BIARR/STAD,OW",9308105928,,"Aara",K. P. RAKESH RAO,Y,0,,0,N,,,WS,"",,"RAMKUMARI MARKETBICHLI ROAD BHIJPUR",,"",,,,,,,,0,,,,,BIHAR
WS04,"SHIVSHANKARTRADINGCO.,BISAH/LTA,OW",06478-224676,,"Saharsa",K. P. RAKESH RAO,Y,0,,0,N,,,WS,"",,"DURG ASTHAN ROAD",,"",,,,,,10ACSPA3629B1Z9,,0,,,,,BIHAR
S005,"SHIVTEXTILES,BBBBZ/DI,IW",9831085441,,"BBZ",OM PRAKASH,Y,0,,0,N,,,WS,"",,"17PAGAYA PATTY BURRA BAZAR",,"",,,,,,19AEAPM1540B1Z3,,0,,,,,West Bengal
SS02,"SHIWSYNTHETICS,BBBBZ/SRD,IW",9831348405          ,,"BBZ",OM PRAKASH,Y,0,,0,N,,,WS,"",,"210J.B. STREETLOHIA MARKET SHOP NO-12",,"",,,,,,,,0,,,,,West Bengal
S025,"SHOUKHIN,RCGRH/KOL,IR",9830317645,,"Garia Hat",KAMLESH RAI,Y,0,,0,N,,,R,"",,"SATABDI SHOPPING COMPLEX SHOP NO:1826-BHINDUSTAN PARK GROUND FLOOR",,"",,,,,,19AJTPP5049G1ZK,,0,,,,,West Bengal
VS87,"SHREEAMITTEXTILE,CFASN/BN,OW",9832294033,,"Asansol",CHIRONJIB MAHAJAN,Y,0,,0,N,,,WS,"",,"BARKAR ALI LANE NEAR ASANSOL HOTEL",,"",,,,,,19AHGPG0193H1ZE,,0,,,,,West Bengal
A009,"SHREEATRWASSAREECENTRE,UPVAR/DR4,OW",54223206686,,"UP",RAHUL SINGH,Y,0,,0,N,,,WS,"",,"HONGH CATORABANSPHATAK",,"",,,,,,,,0,,,,,Uttar Pradesh
S007,"SHREEBALAJISALESDEPOT,NBSLG/SLG,OW",09832060667  - 03532,,"Siliguri",VIKRAMGUPTA,Y,0,,0,N,,,WS,"",,"AGRASEN ROAD KHAL PARA",,"",,,,,,,,0,,,,,West Bengal
ZS03,"SHREEBALAJITEXTILES,BISIT/SBT,OW",9431281488,,"Sitamari",K. P. RAKESH RAO,Y,0,,0,N,,,WS,"",,"SITAMARHI-SARAWGI CHOWK",,"",,,,,,,,0,,,,,BIHAR
S120,"SHREEBEDSHEETHOUSE,RCMID/KOL,OW",8001027708,,"Mednipur",CHIRONJIB MAHAJAN,Y,0,,0,N,,,R,"",,"BARABAZAR DIST-WEST MIDNAPUR",,"",,,,,,,,0,,,,,West Bengal
ZS99,"SHREEBHAGWATISAREEEMPORIUM,SBPUR/BC,OW",9434001158,,"Purulia",CHIRONJIB MAHAJAN,Y,0,,0,N,,,WS,"",,"THANA LANE KAPDA GALI",,"",,,,,,19AKOPS9454L1ZO,,0,,,,,West Bengal
SD05,"SHREEDURGABASTRALAYA,RCCAL/DR10,OW",9477043474,,"South 24 Parganas",SUMIT MONDAL,Y,0,,0,N,,,R,"",,"6 M.G.ROAD SEALDAH",,"",,,,,,19ALAPS5550L1ZN,,0,,,,,West Bengal
SD02,"SHREEDURGATEXTILE,BIARR/STAD.OW",9308105328,,"Aara",K. P. RAKESH RAO,Y,0,,0,N,,,WS,"",,"DASHMESH MARKET",,"",,,,,,10AXZPG1867B1ZL,,0,,,,,BIHAR
WS15,"SHREEDURGATRADINGCO.,BIMUZ/BGK,OW",9430974455,,"Muzaffarpur",K. P. RAKESH RAO,Y,0,,0,N,,,WS,"",,"SUTTAPATTY",,"",,,,,,,,0,,,,,BIHAR
W126,"SHREEENTERPRISE,BBBBZ/MD.IW",,,"BBZ",OM PRAKASH,Y,0,,0,N,,,WS,"",,"180M.G.ROAD BURRABAZAR",,"",,,,,,,,0,,,,,West Bengal
S001,"SHREEGANESHJIMAHARAJ,BBBBZ/DI,IW",,,"BBZ",OM PRAKASH,Y,0,,0,N,,,WS,"",,"BURRABAZAR",,"",,,,,,,,0,,,,,West Bengal
ZS01,"SHREEGANPATITEXTILE,JHDMK/RHA,OW",9334515710,,"Dumka",RAMNARAYAN THAKUR,Y,0,,0,N,,,WS,"",,"THAKUR BARI ROAD",,"",,,,,,,,0,,,,,Jharkhand
WS20,"SHREEGOPALTEXTILE,BIBSF/HT,OW",,,"Biharsarif",K. P. RAKESH RAO,Y,0,,0,N,,,WS,"",,"AJIT SUPER MARKETRAMCHANDRAPUR DIST:NALANDA",,"",,,,,,10ADJPK6694E1ZL,,0,,,,,BIHAR
SG02,"SHREEGURUKRIPATEXTILE,BIHAJ/STAK,OW",,,"Hazipur",K. P. RAKESH RAO,Y,0,,0,N,,,WS,"",,"LAXMICHAND SHUKLA MARKET ANWARPUR CINEMA ROAD",,"",,,,,,10AGJPG8525D1ZV,,0,,,,,BIHAR
SH10,"SHREEHANDLOOM,BISOP/LTA,OW",9473441949,,"Supaul",K. P. RAKESH RAO,Y,0,,0,N,,,WS,"",,"STATION ROAD",,"",,,,,,10ATPPM6228G1ZQ,,0,,,,,BIHAR
SH04,"SHREEHANUMANTEXTILE,BIBHA/MDA,OW",9431215385  - 064124,,"Bhagalpur",KAMLESH RAI,Y,0,,0,N,,,WS,"",,"LAL KHAN DARGAH LANE (SARAI)",,"",,,,,,10AEOPK1170P1ZE,,0,,,,,BIHAR
S150,"SHREEHOWRAHSTORES,RCHOW/KOL,IR",9642597902,,"Kolkata",RAHUL SINGH,Y,0,,0,N,,,R,"",,"63G.T.ROAD (SOUTH)",,"",,,,,,19AAMFS0725J1ZW,,0,,,,,West Bengal
S650,"SHREEJAGANATHSAREE,ORCUT/DHJ,OW",9040444555,,"Cuttack",DHIRAJ KUMAR JAISWAL,Y,0,,0,N,,,WS,"",,"CLOTH MERCHANT MAIN ROADCHAULIAGUNJ",,"",,,,,,,,0,,,,,Odisha
VS86,"SHREEJHAWAR&CO,BBBBZ/MD,IW",9433070649,,"BBZ",OM PRAKASH,Y,0,,0,N,,,WS,"",,"203M.G ROAD 1ST FLOOR KAMETHI KOTHIBURRABAZAR",,"",,,,,,,,0,,,,,West Bengal
F002,"SHREEKRISHNABASTRALAYA,SBBEL/KOL/OW",9434061055,,"Belda",CHIRONJIB MAHAJAN,Y,0,,0,N,,,WS,"",,"CHHOTOMAT KATPUR",,"",,,,,,,,0,,,,,West Bengal
SK07,"SHREEKRISHNAKIDSWEAR,RCSGM/DR10,OR",9831538859,,"South 24 Parganas",SUMIT MONDAL,Y,0,,0,N,,,0,"",,"RADHA KISHANNEAR RICKSHAW STAND DIST:SOUTH 24 PARGANAS",,"",,,,,,,,0,,,,,West Bengal
SK11,"SHREEKRISHNAVASTRABHANDAR,BIMUZ/BST,OW",,,"Muzaffarpur",K. P. RAKESH RAO,Y,0,,0,N,,,WS,"",,"KESHARI ROADBARACHAKIA (CHAKIA) DIST:EAST CHAMPARAN",,"",,,,,,10ABJPC4287F2Z1,,0,,,,,BIHAR
SL01,"SHREELAXMITEXTILE,ORAGL/DHJ,OW",9861714161,,"Angul",DHIRAJ KUMAR JAISWAL,Y,0,,0,N,,,WS,"",,"BAZAR CHOWK",,"",,,,,,21BDXPA1285Q1Z3,,0,,,,,Odisha
SM03,"SHREEMAAADYASHAKTIBASTRALAYA,ORBAL/DHJ,OW",6782264407,,"Baleswar",DHIRAJ KUMAR JAISWAL,Y,0,,0,N,,,WS,"",,"MOTIGUNJ",,"",,,,,,21AAPFS7457J1ZP,,0,,,,,Odisha
VS16,"SHREEMAHADEVTEXTILE,ORCUT/MTA,OW",9938613025,,"Jholasahi",DHIRAJ KUMAR JAISWAL,Y,0,,0,N,,,WS,"",,"JHOLASAHI",,"",,,,,,,,0,,,,,Odisha
SM05,"SHREEMANDIR,ORBAL/DHJ,OW",8093373596,,"Balasore",DHIRAJ KUMAR JAISWAL,Y,0,,0,N,,,WS,"",,"POST-BASTA DIST:BALASORE",,"",,,,,,21AWAPB2660F1ZD,,0,,,,,Odisha
SM01,"SHREEMANGALAMSAREES,ORROU/ODR,OW",6612506643,,"Rourkela",DHIRAJ KUMAR JAISWAL,Y,0,,0,N,,,WS,"",,"12PRAYAGO BHAWAN MAIN ROAD",,"",,,,,,21AFPPK6390F1ZD,,0,,,,,Odisha
SM06,"SHREEMEERAFABRICS,ORSBP/VA-O,OW",9437198581,,"Sambalpur",RAMNARAYAN THAKUR,Y,0,,0,N,,,WS,"",,"BAKRA BAZARBATRA COMPLEX MODI PARA",,"",,,,,,21ADMPA6327P1ZG,,0,,,,,Odisha
S535,"SHREEMOHANSTORES,BBBBZ/MM,IW",,,"BBZ",OM PRAKASH,Y,0,,0,N,,,WS,"",,"8/1RAM KUMAR RAKSHIT LANE CHINI PATTY",,"",,,,,,19AAKFS3813K2ZS,,0,,,,,West Bengal
ZS83,"SHREEOMTEXTILE,CFASN/BN,OW",9333103353,,"Asansol",CHIRONJIB MAHAJAN,Y,0,,0,N,,,R,"",,"B.A.LANE BUSTAD MARKET ASANSOL",,"",,,,,,,,0,,,,,West Bengal
SP02,"SHREEPRAKASHTEXTILE,ORJAR/DHJ,OW",9437316277,,"Jajpur",DHIRAJ KUMAR JAISWAL,Y,0,,0,N,,,WS,"",,"BANK STREET MAIN ROAD DISTRICT:JAJPUR",,"",,,,,,21ADAFS7338C1ZH,,0,,,,,Odisha
S020,"SHREERAMKRISHNABEDDINGSTORES,RCBEH/KOL,IR",9831356612,,"Belaha",KAMLESH RAI,Y,0,,0,N,,,R,"",,"311DIAMOND HARBOUR ROAD  BEHALA",,"",,,,,,,,0,,,,,West Bengal
S675,"SHREERANISATITEXTILE,BINAW/HT,OW",,,"Nawada",K. P. RAKESH RAO,Y,0,,0,N,,,WS,"",,"SABZI BAZAR",,"",,,,,,,,0,,,,,BIHAR
WS11,"SHREESELLERSPVTLTD,RCLAB/KOL,IW",9331002712,,"Lalbazar",KAMLESH RAI,Y,0,,0,N,,,R,"",,"21R.N.MUKHERJEE ROAD LALBAZAR",,"",,,,,,,,0,,,,,West Bengal
W151,"SHREESHIV&SONS,CFASN/BN,OW",,,"Asansol",CHIRONJIB MAHAJAN,Y,0,,0,N,,,WS,"",,"75BAKARALI LANEBHAGWATI COMMERCE COMP 1ST FLOOROPP-ASANSOL HOTEL",,"",,,,,,19AIFPG1589D1ZA,,0,,,,,West Bengal
SS04,"SHREESHREEBISHWALAXMISAJJABHAWAN,RCKKD/DR10,OR",9749404900,,"South 24 Parganas",SUMIT MONDAL,Y,0,,0,N,,,R,"",,"DISTRICT:SOUTH 24 PARGANAS",,"",,,,,,19BQEPS8578L2ZP,,0,,,,,West Bengal
S055,"SHREESHYAM,NBGRP/RAI,OW",9335888275,,"Gangarampur",CHIRONJIB MAHAJAN,Y,0,,0,N,,,WS,"",,"HIGH ROAD DIST:DAKSHIN DINAJPUR",,"",,,,,,19ACSFS7511A1ZZ,,0,,,,,West Bengal
SS13,"SHREESHYAMSYNTHETICS,JHDEO/ATAD,OW",9113738196,,"Deoghar",RAMNARAYAN THAKUR,Y,0,,0,N,,,WS,"",,"LAXMI MARKET1ST FLOOR",,"",,,,,,20AJDPR7742Q1ZQ,,0,,,,,Jharkhand
S637,"SHREESHYAMTRADING,CBSUI/SKI,OW",9732040134,,"Suri",CHIRONJIB MAHAJAN,Y,0,,0,N,,,0,"",,"TINBAZARSWADESHI MARKET POST-SIURI DIST:BIRBHUM",,"",,,,,,19EVSPS1690R1Z4,,0,,,,,West Bengal
WS16,"SHREESHYAMTRADINGCO,BISIT/SBT,OW",,,"Sitamari",K. P. RAKESH RAO,Y,0,,0,N,,,WS,"",,"MAIN ROAD",,"",,,,,,,,0,,,,,BIHAR
S030,"SHREESIDHESWARIPRUSTY,ORBAL/ODR,OW",,,"Balasore",DHIRAJ KUMAR JAISWAL,Y,0,,0,N,,,WS,"",,"GHOSH MARKETNEAR POLICE STATION",,"",,,,,,,,0,,,,,Odisha
ST02,"SHREETIRUPATIBALAJITEXTILE,BBBBZ/SRD,IW",9830163797,,"BBZ",OM PRAKASH,Y,0,,0,N,,,WS,"",,"160J.B. STREET1ST FLOOR PANJABI KATRABURRABAZAR",,"",,,,,,19AGQPG4323G1ZC,,0,,,,,West Bengal
WS19,"SHREEVASTRALAYA,BIBHA/MDA,OW",9431214914  - 0641-2,,"Bhagalpur",KAMLESH RAI,Y,0,,0,N,,,WS,"",,"",,"",,,,,,10ABKFS9728E1Z4,,0,,,,,BIHAR
S011,"SHRESHTHABEDDINGHOUSE,.RCCON/KOL,IR",9732608779,,"Hedia",CHIRONJIB MAHAJAN,Y,0,,0,N,,,R,"",,"HEDIA (UDAKHALI SABJI BAZAR) DIST:EAST MEDINIPUR",,"",,,,,,,,0,,,,,West Bengal
SB05,"SHRIBALAJILIFESTYLE,RCHOW/KOL,OR",9830312982,,"Howrah",KAMLESH RAI,Y,0,,0,N,,,R,"",,"37DR. ABANI DUTTA ROADGROUND FLOOR SALKIA",,"",,,,,,,,0,,,,,West Bengal
SD03,"SHRIDURGAVASTRALAYA,BIMUZ/BST,OW",9431220112- 06273283,,"Muzaffarpur",K. P. RAKESH RAO,Y,0,,0,N,,,WS,"",,"MAIN MARKET",,"",,,,,,10ADAPJ5673M1ZL,,0,,,,,BIHAR
SG03,"SHRIGOPALSTORES,RCMNK/DR10,OR",8017612706,,"Maniktalla",KAMLESH RAI,Y,0,,0,N,,,R,"",,"122/1/1A.P.C BOSE ROAD MANICKTALA",,"",,,,,,19AFGPP2915Q1ZS,,0,,,,,West Bengal
SK06,"SHRIKRUSHNACLOTHSTORE,ORDLA/ODR,OW",9437711001,,"Baleswar",DHIRAJ KUMAR JAISWAL,Y,0,,0,N,,,WS,"",,"DEOLAHAT DIST:BALESWAR",,"",,,,,,21AAEFS6287K1ZW,,0,,,,,Odisha
M090,"SHRIMANISHTRADINGCO.,BIMUZ/BGK,OW",9430012901,,"Muzaffarpur",K. P. RAKESH RAO,Y,0,,0,N,,,WS,"",,"SUTTA PATTY",,"",,,,,,10BDOPG2280A1Z9,,0,,,,,BIHAR
SR06,"SHRIRAMHOSIERY,CGKOR/VA,OW",9827158555,,"Korba",RAMNARAYAN THAKUR,Y,0,,0,N,,,WS,"",,"MAIN ROAD",,"",,,,,,22AFPPK7451M1Z0,,0,,,,,Chhattisgarh
SS11,"SHRISALASARTEXTILES,BIARR/STAD,OW",9472903845,,"Aara",K. P. RAKESH RAO,Y,0,,0,N,,,WS,"",,"KAMLA MARKETCHITRATOLI ROAD  DIST:ARRAH",,"",,,,,,10AXXPK8727G1Z4,,0,,,,,BIHAR
S642,"SHRISHYAMSAREESANGAM,BIJAI/BGK,OW",9661882953,,"Jainagar",K. P. RAKESH RAO,Y,0,,0,N,,,WS,"",,"MIRCHAIPATTI POST:JAYNAGAR DIST:MADHUBANI",,"",,,,,,,,0,,,,,BIHAR
SK05,"SHUBHKAMNA,CGJGP/VA,OW",9977222803,,"Jagdlapur",RAMNARAYAN THAKUR,Y,0,,0,N,,,WS,"",,"MAIN ROAD",,"",,,,,,22AYMPK6612L1Z9,,0,,,,,Chhattisgarh
ST08,"SHUBHOTANTGHAR,CFBWN/DR8,OR",9735180337 - 0342-25,,"Burdwan",CHIRONJIB MAHAJAN,Y,0,,0,N,,,R,"",,"B. C. ROAD KALITOLA BELOW PNB BANK",,"",,,,,,19ADBFS3741A1ZE,,0,,,,,West Bengal
SK09,"SHYAMALKUMARMODAK,CBLAL/KOL,OW",9832296395,,"Lalbag",CHIRONJIB MAHAJAN,Y,0,,0,N,,,WS,"",,"LALBAGH (NEAR POLICE STATION) DIST:MURSHIDABAD",,"",,,,,,19AAVFS5016P1Z9,,0,,,,,West Bengal
SC06,"SHYAMBAZARCLOTHSTORE,RCSHY/DR9,IR",9748697401,,"Shyambazar",KAMLESH RAI,Y,0,,0,N,,,R,"",,"10R.G. KAR ROAD SHYAMBAZAR",,"",,,,,,,,0,,,,,West Bengal
SK02,"SHYAMKUMARMANISHKUMAR,BIKHG/LTA,OW",7631217387,,"Khagaria",K. P. RAKESH RAO,Y,0,,0,N,,,WS,"",,"MURGIYA CHOWK",,"",,,,,,10AQFPT2040J1Z6,,0,,,,,BIHAR
SS10,"SHYAMSUNDERBASTRALAYA,BIKHG/LTA,OW",,,"Khagaria",K. P. RAKESH RAO,Y,0,,0,N,,,WS,"",,"GOGRI JAMALPUR  DIST:KHAGARIA",,"",,,,,,10ALJPK5717C1ZM,,0,,,,,BIHAR
SD01,"SIBHUJIDHANUKA,BBBBZ/SRD,IW",9062800451,,"BBZ",OM PRAKASH,Y,0,,0,N,,,WS,"",,"",,"",,,,,,,,0,,,,,West Bengal
S015,"SILLATEXTILE,ORBER/KTA,OW",,,"Kotaigarh",DHIRAJ KUMAR JAISWAL,Y,0,,0,N,,,WS,"",,"CHINNA BAZAR DIST-GANJAM",,"",,,,,,,,0,,,,,Odisha
S572,"SINGHAAL&SINGHAAL,ORBOU/WODR,OW",9437074231,,"Boudh",DHIRAJ KUMAR JAISWAL,Y,0,,0,N,,,WS,"",,"HOSPITAL ROAD",,"",,,,,,21ABIFS1097G1Z9,,0,,,,,Odisha
SS09,"SIPAHISAREECENTRE,BBBBZ/SRD,IR",,,"BBZ",OM PRAKASH,Y,0,,0,N,,,WS,"",,"160 J.L.BAJAJ  STREET PUNJABI KATRA BURRABAZAR",,"",,,,,,19ACRFS3021J1ZS,,0,,,,,West Bengal
SP01,"SITALAPRASADBADRIPRASAD,BBBBZ/DI",9073247655  - 974819,,"BBZ",OM PRAKASH,Y,0,,0,N,,,WS,"",,"1HANUMAN GALIGROUND FLOOR",,"",,,,,,,,0,,,,,West Bengal
S100,"SITATEXTILE,CBCHG/CHG,OW",9732707325,,"North 24 Parganas",SHANKAR GHOSH,Y,0,,0,N,,,WS,"",,"SINGHER HAT",,"",,,,,,19ACWPR4881Q1Z3,,0,,,,,West Bengal
S300,"SNEHALATABEDDINGSTORE,RCNTN/KOL,IW",9830656181,,"Tollygunj",KAMLESH RAI,Y,0,,0,N,,,R,"",,"4/51A NETAJI NAGAR",,"",,,,,,19AAMFS0880L1ZK,,0,,,,,West Bengal
QS61,"SONA,RCGRH/KOL,IW",9830032633,,"Garia Hat",KAMLESH RAI,Y,0,,0,N,,,0,"",,"113/1BRASH BEHARI AVENUE OPP-TRIANGULAR PARK GARIAHAT",,"",,,,,,19ADFPG9460Q1ZS,,0,,,,,West Bengal
SO01,"SONALI,SBTAH/DR8,OR",9832249336,,"Taherpur",CHIRONJIB MAHAJAN,Y,0,,0,N,,,0,"",,"C/17TAHERPURBARABAZAR  DIST:NADIA",,"",,,,,,19AGWPD0571B1ZH,,0,,,,,West Bengal
SH02,"SOUNDHARYAHANDLOOMS,APRJSKT,OW",9849695227,,"Rajmunderi",K. P. RAKESH RAO,Y,0,,0,N,,,WS,"",,"SHOP NO-B-8KARRI SURAREDDY TEXTILE COMPLEXTADITHOTA",,"",,,,,,37AFHPA4885K1Z3,,0,,,,,Andhra Pradesh (New)
SO02,"SOVASREE,SBCHM/DR10,OR",9679312039,,"South 24 Parganas",SUMIT MONDAL,Y,0,,0,N,,,R,"",,"RAIL GATE CHAMPAHATI  DISTRICT:SOUTH 24 PARGANAS",,"",,,,,,19ABSPN2127J1Z8,,0,,,,,West Bengal
QS60,"SREEGOURANGAFURNISHINGHOUSE,RCGRH/KOL,IW",9432271379,,"Garia Hat",KAMLESH RAI,Y,0,,0,N,,,R,"",,"208/9RASH BEHARI AVENUE  GARIAHAT",,"",,,,,,19AAEFG9294J1ZQ,,0,,,,,West Bengal
SH09,"SREEHARIBASTRALAYA,SBPIY/DR10,OR",8609611727,,"South 24 Parganas",SUMIT MONDAL,Y,0,,0,N,,,R,"",,"PIYALI BAZAR DISTRICT:SOUTH 24 PARGANAS",,"",,,,,,,,0,,,,,West Bengal
SH01,"SREEHARISAREE,RCKET/DR9,IR",9163156477,,"Kestopore",NARESH KUMAR KHILERI,Y,0,,0,N,,,R,"",,"JAGATPUR BAZARKESTOPUR",,"",,,,,,19AOQPM5136B1ZU,,0,,,,,West Bengal
QS06,"SREEJAGANNATHTEXTILE,ORTAL/DHJ,OW",9861338794,,"Angul",DHIRAJ KUMAR JAISWAL,Y,0,,0,N,,,WS,"",,"TALCHER MAIN ROAD DIST-ANGUL",,"",,,,,,,,0,,,,,Odisha
SK08,"SREEKRISHNABASTRALAYA,SBTRV/DR9,OR",9432904103,,"South 24 Parganas",SUMIT MONDAL,Y,0,,0,N,,,0,"",,"TRIBENI BAZARGHAT ROAD DISTRICT:HOOGHLY",,"",,,,,,,,0,,,,,West Bengal
SM04,"SREEMAABASTRALAYA,SBBCK/DR8,OR",9434805351   -  0322,,"Balichak",NARESH KUMAR KHILERI,Y,0,,0,N,,,R,"",,"BALICHAKSTATION BAZAR DISTRICT:PASCHIM MEDINIPUR",,"",,,,,,19AAKFS5487P1Z1,,0,,,,,West Bengal
WS12,"SREERAMSUNILKUMAR,BIMUZ/BGK,OW",8877578350,,"Muzaffarpur",K. P. RAKESH RAO,Y,0,,0,N,,,WS,"",,"SUTTA PATTY",,"",,,,,,,,0,,,,,BIHAR
WS09,"SREERANISATIHANDLOOM,BIMUZ/BGK,OW",9431475080,,"Muzaffarpur",K. P. RAKESH RAO,Y,0,,0,N,,,WS,"",,"MUZAFFARPUR",,"",,,,,,,,0,,,,,BIHAR
MS09,"SRIAMBICASAREEHOUSE,BIKAT/KIS,OW",09708435500 - 095764,,"Katihar",K. P. RAKESH RAO,Y,0,,0,N,,,WS,"",,"M.G. ROAD SUPER COMPLEX2ND FLOOR",,"",,,,,,,,0,,,,,BIHAR
S600,"SRIANNAPURNATEXTILES,ORBER/KTA,OW",9337500551,,"Kotaigarh",DHIRAJ KUMAR JAISWAL,Y,0,,0,N,,,WS,"",,"CLOTH MERCHANTHANUMAN BAZAR DIST:GANJAM",,"",,,,,,21AAWFS9651H1ZN,,0,,,,,Odisha
SB03,"SRIBALAJIENTERPRISE,BIGYA/HT,OW",,,"Gaya",K. P. RAKESH RAO,Y,0,,0,N,,,WS,"",,"ARYA NIWAS MARKET TEKARI ROAD",,"",,,,,,,,0,,,,,BIHAR
SB01,"SRIBALAJITEXTILES&READYMADE,TEHYD/DP,OW",9391505344 -  944043,,"Hydrabad",K. P. RAKESH RAO,Y,0,,0,N,,,WS,"",,"PLOT NO-9SUSHMA TO SAMPOORNA ROAD VANASTHALIPURAM",,"",,,,,,36AQSPD8514E1ZR,,0,,,,,Telangana
SC01,"SRICHACHANBROTHERS,BIMUZ/BGK,OW",,,"Muzaffarpur",K. P. RAKESH RAO,Y,0,,0,N,,,WS,"",,"BANK ROAD SUTTA PATTY",,"",,,,,,10ABTPC2333A1ZJ,,0,,,,,BIHAR
YS72,"SRIGANESHTEXTILE,BIMDB/BGK,OW",9431654072,,"Madhubani",K. P. RAKESH RAO,Y,0,,0,N,,,WS,"",,"BATA CHOWK",,"",,,,,,,,0,,,,,BIHAR
WH55,"SRIHARITEXTILE,BIGYA/HT,OW",9334117546 - 0631-22,,"Gaya",K. P. RAKESH RAO,Y,0,,0,N,,,WS,"",,"GOSAIN BAGH STATION ROAD",,"",,,,,,,,0,,,,,BIHAR
SS07,"SRIJASAREECENTRE,SBCAB/DR10,OR",9735705715,,"South 24 Parganas",SUMIT MONDAL,Y,0,,0,N,,,R,"",,"CANNING BAZAR DIST:SOUTH 24 PGNS",,"",,,,,,,,0,,,,,West Bengal
SK14,"SRIKANAITEXTILE,TIAGA/PMT,OW",8974290770,,"Agartala",RAMNARAYAN THAKUR,Y,0,,0,N,,,WS,"",,"CENTRAL ROAD",,"",,,,,,16ADHFS5638J1ZN,,0,,,,,Tripura
SK12,"SRIKANYAKAPARAMESHWARICLOTHCENTRE,APJAA/SGT,OW",9441131352,,"Jammalamadugu",K. P. RAKESH RAO,Y,0,,0,N,,,R,"",,"MAIN BAZAR DIST:KADAPA",,"",,,,,,19ACRPV1982D1Z1,,0,,,,,West Bengal
SK03,"SRIKRISHNABASTRALAYA,RCSNT/DR9,IR",9231876311,,"Baranagar",NARESH KUMAR KHILERI,Y,0,,0,N,,,R,"",,"5/3/1K.C. GHOSH ROAD SINTHI MORE",,"",,,,,,,,0,,,,,West Bengal
S016,"SRIKRISHNABEDDINGSTORES,RCSNR/KOL,OR",9330555013,,"South 24 Parganas",SUMIT MONDAL,Y,0,,0,N,,,R,"",,"H.C. SARANI SONARPUR",,"",,,,,,19ACFFS7366C1ZV,,0,,,,,West Bengal
QS26,"SRIKRISHNACLOTHSTORE,ORBND/KTA,OW",9777396269,,"Kotaigarh",DHIRAJ KUMAR JAISWAL,Y,0,,0,N,,,WS,"",,"POST-BANDHA DIST-GANJAM TIN-21795001369",,"",,,,,,,,0,,,,,Odisha
SK04,"SRIKRISHNACLOTHSTORE,ORRMB/KTA,OW",9777396269,,"Kotaigarh",DHIRAJ KUMAR JAISWAL,Y,0,,0,N,,,WS,"",,"HIGHWAY ROAD P.O-RAMBHA DIST:GANJAM",,"",,,,,,21CNCPP4404L1Z6,,0,,,,,Odisha
S017,"SRIKRISHNASYNTHETICS,BICHP/MIST,OW",7494042369 - 9122116,,"Chapra",K. P. RAKESH RAO,Y,0,,0,N,,,WS,"",,"SAHEBGANJ BAZAR",,"",,,,,,10AFWPB3764M1Z7,,0,,,,,BIHAR
SL02,"SRILAKSHMINARASIMHAVASTHRALAYAM,APPRD/SGT,OW",9440703825 - 0891256,,"Poddatur",K. P. RAKESH RAO,Y,0,,0,N,,,WS,"",,"46VASTRA BHARATHI DISTRICT:KADAPA",,"",,,,,,37AAIFS3671D1Z4,,0,,,,,Andhra Pradesh (New)
S05,"SRIMANDIRTEXTILE,ORGAN/KTA,OW",9861401507 - 9861176,,"Ganjam",DHIRAJ KUMAR JAISWAL,Y,0,,0,N,,,WS,"",,"POLOSORA  TIN - 21095000493",,"",,,,,,,,0,,,,,Odisha
SN02,"SRINAGESWARATEXTILES,APPRD/SGT,OW",994991989 - 08564252,,"Poddatur",K. P. RAKESH RAO,Y,0,,0,N,,,WS,"",,"ROOM NO.39VASTRABHARATHI MARKET",,"",,,,,,37AAGFS6642C1Z7,,0,,,,,Andhra Pradesh (New)
S047,"SRINGARSAREES,RCTOL/KOL,IW",9339031407,,"Tollygunj",KAMLESH RAI,Y,0,,0,N,,,R,"",,"2 TOLLYGUNGE CIRCULAR ROAD TOLLYGUNGE",,"",,,,,,,,0,,,,,West Bengal
SR02,"SRIRAGHUNATHCOTHSTORE,ORGAN/KTA,OW",9938897765,,"Ganjam",DHIRAJ KUMAR JAISWAL,Y,0,,0,N,,,WS,"",,"MAIN ROADBHATAKUMARADA",,"",,,,,,21AYBPP0534H1ZH,,0,,,,,Odisha
SR07,"SRIRAJYALAKSHMITEXTILES,APVIJ/SSKT,OW",9848225125,,"Vijayawada",K. P. RAKESH RAO,Y,0,,0,N,,,WS,"",,"107VASTRALATHA DISTRICT:VIJAYAWADA",,"",,,,,,37ACRPK5081A1ZK,,0,,,,,Andhra Pradesh (New)
SR08,"SRIRAMHANDLOOMS,ORROU/VA-O,OW",9090904645- 0661-250,,"Rourkela",RAMNARAYAN THAKUR,Y,0,,0,N,,,WS,"",,"KASTURI NIWASINFRONT OF MUKESH PLYWOOD NEAR MANGAL BHAWAN DISTRICT:SUNDARGARH",,"",,,,,,21ANDPG1808Q1Z4,,0,,,,,Odisha
WS10,"SRIRAMKRISHNATEXTILES,BBBBZ/SRD,IW",9830811366,,"BBZ",OM PRAKASH,Y,0,,0,N,,,WS,"",,"17PAGYA PATTY GROUND FLOOR",,"",,,,,,,,0,,,,,West Bengal
S676,"SRIRAMSYNTHETICS,BIGYA/HT,OW",9431224028,,"Gaya",K. P. RAKESH RAO,Y,0,,0,N,,,WS,"",,"K.P. ROAD PPURANI GODAM",,"",,,,,,10ACPPA9658K1ZC,,0,,,,,BIHAR
SR03,"SRIRAMSYNTHETICS,BISHO/BGK,OW",880401865 - 98354671,,"Sheohar",K. P. RAKESH RAO,Y,0,,0,N,,,WS,"",,"MURARI CHOWK",,"",,,,,,10BFZPG3657Q1ZQ,,0,,,,,BIHAR
S102,"SRIRAMVASTRALAYA,ORKBS/KTA,OW",7809268459,,"Kabisuryanagar",DHIRAJ KUMAR JAISWAL,Y,0,,0,N,,,WS,"",,"JAGAGANATH STREET DIST:GANJAM",,"",,,,,,,,0,,,,,Odisha
SS01,"SRISATYAAGENCIES,APVIZ/SAS,OW",9440774448,,"Vijayanagaram",K. P. RAKESH RAO,Y,0,,0,N,,,WS,"",,"SHOP NO-3ARYA VYSYA SANGAM BHAVAN VULLIVEEDHI",,"",,,,,,,,0,,,,,ANDHRA PRADESH
SE03,"SRISHYAMENTERPRISES,ORBER/KTA,OW",9861048894,,"Kotaigarh",DHIRAJ KUMAR JAISWAL,Y,0,,0,N,,,WS,"",,"ASKA ROAD SRIRAM NAGAR MAIN LINE DIST - GANJAM",,"",,,,,,21AIBPP2769C1ZM,,0,,,,,Odisha
S012,"SRISHYNTHETICS,BIGYA/HT,OW",9431224899,,"Gaya",K. P. RAKESH RAO,Y,0,,0,N,,,WS,"",,"TIKARI ROAD",,"",,,,,,10AAZFS3122J1Z4,,0,,,,,BIHAR
SJ01,"SRISUSHULJOSHI,RCCAL/SJ,IR",9330008699 - 9830133,,"Calcutta",KAMLESH RAI,Y,0,,0,N,,,R,"",,"",,"",,,,,,,,0,,,,,West Bengal
ST05,"SRITRINATHCLOTHSTORE,ORGAN/KTA,OW",9437026267,,"Kotaigarh",DHIRAJ KUMAR JAISWAL,Y,0,,0,N,,,WS,"",,"MAIN ROADCHATRAPUR DIST:GANJAM",,"",,,,,,21AOKPS4784H1ZL,,0,,,,,Odisha
SU02,"SRIUMADEVISAREES,KECAI/BA,OW",9349110899 - 0495-27,,"Kolkata",RAHUL SINGH,Y,0,,0,N,,,WS,"",,"SR. ARCADEJAFFERKHAN COLONY ROAD",,"",,,,,,32AJJPS8479F1ZP,,0,,,,,Kerala
SV05,"SRIVENKATESHWARAVASTRALAYAM,APVIJ/SSKT,OW",953329999 - 08662421,,"Vijayawada",K. P. RAKESH RAO,Y,0,,0,N,,,WS,"",,"VASTRALAYASHOP NO-46A & 47  DIST:VIJAYWADA",,"",,,,,,37ABEPA8378E1ZN,,0,,,,,Andhra Pradesh (New)
SV01,"SRIVENKATESWARASUITINGHOUSE,TEHYD/DP,OW",4027636453,,"Hydrabad",K. P. RAKESH RAO,Y,0,,0,N,,,WS,"",,"1-9-171ST FLOORNEAR RAMNAGAR CHOWRASTA",,"",,,,,,,,0,,,,,Telangana
SV04,"SRIVIJAYESWARIDEVIFURNISHINGS,APCHR/SSKT,OW",,,"Chirala",K. P. RAKESH RAO,Y,0,,0,N,,,WS,"",,"M.G.C MARKET SHOP NO - 110",,"",,,,,,37AMSPC2018G1Z7,,0,,,,,Andhra Pradesh (New)
SV02,"SRIVIJAYKUMARVASTRALAYAM,APVIZ/SAS,OW",9440738318,,"Vijayanagaram",K. P. RAKESH RAO,Y,0,,0,N,,,WS,"",,"SHOP NO-122 & 123 SRI BALAJI TEXTILE MARKETCANTONMENT",,"",,,,,,,,0,,,,,ANDHRA PRADESH
S604,"STYLEMANTRA,CFDGP/CF,OW",8537867839,,"Durgapur",CHIRONJIB MAHAJAN,Y,0,,0,N,,,R,"",,"BENGAL SRACHI HOUSING DEVELOPMENT LTD JUNCTION HALLROOM NO-1071ST FLOOR",,"",,,,,,19ADBFS4906P1ZI,,0,,,,,West Bengal
S555,"SUBHAMCREATION,CFDGP/CF,OW",9932870129,,"Benachith",CHIRONJIB MAHAJAN,Y,0,,0,N,,,R,"",,"SUPER MARKET BENACHITTY",,"",,,,,,19AKBPG0737H1ZE,,0,,,,,West Bengal
SC09,"SUBHASHCHANDRABHADRA,CBCHG/DR,OW",8116381198,,"North 24 Parganas",SHANKAR GHOSH,Y,0,,0,N,,,R,"",,"N.S ROADUTTAR GHOSHPARA DISTRICT:NADIA",,"",,,,,,,,0,,,,,West Bengal
QS05,"SUBHASHHARLALKA,CGRPA/SUB,OW",9981996844,,"Shankar nagar",RAMNARAYAN THAKUR,Y,0,,0,N,,,WS,"",,"V3DHAROHARSRI RAM NAGARPHASE-II FLAT-B202SHANKAR NAGAR",,"",,,,,,,,0,,,,,Chhattisgarh
SG01,"SUBHLAGARMENTHOUSE,ORGAN/KTA,OW",9938305115,,"Ranigunj",CHIRONJIB MAHAJAN,Y,0,,0,N,,,WS,"",,"P.O-KABISURYA NAGAR DIST:GANJAM",,"",,,,,,21CSKPK0277M2ZJ,,0,,,,,Odisha
ST09,"SUDHAKARTEXTILES,APPRD/SGT,OW",9849796603,,"Poddatur",K. P. RAKESH RAO,Y,0,,0,N,,,WS,"",,"SHOP NO-22VASTRABHARATHI CLOTH MARKET",,"",,,,,,37ASHPN1471F1ZQ,,0,,,,,Andhra Pradesh (New)
SB06,"SUHANABASTRALAYA,NBDEG/KOL,OR",7908342147  - 973284,,"Deganga",NARESH KUMAR KHILERI,Y,0,,0,N,,,R,"",,"DEGANGA BAZAR DIST:NORTH 24 PARGANAS",,"",,,,,,,,0,,,,,West Bengal
SE02,"SUJATAENTERPRISE,SBPUA/KOL,OR",9126141569,,"Pandua",NARESH KUMAR KHILERI,Y,0,,0,N,,,R,"",,"SHANTASHILA MARKET DIST:HOOGHLY",,"",,,,,,19AFKPP8748R1Z3,,0,,,,,West Bengal
S111,"SUKHLALLAXMINARAYAN,BBBBZ/SRD,IW",9331913570,,"BBZ",OM PRAKASH,Y,0,,0,N,,,WS,"",,"14NOORMAL LOHIA LANE GROUND FLOOR",,"",,,,,,19ACUPJ4832D1ZD,,0,,,,,West Bengal
SS06,"SUKHSAJYA,SBARA/DR8,OR",9832137603,,"Arambag",NARESH KUMAR KHILERI,Y,0,,0,N,,,R,"",,"P.SEN ROAD OPP- HEAD POST OFFICE DIST - HOOGHLY",,"",,,,,,19ABHFS3514P1ZM,,0,,,,,West Bengal
SU01,"SULTAN'S,TENIZ/DR11,OW",8462233636,,"Nijamabad",K. P. RAKESH RAO,Y,0,,0,N,,,WS,"",,"GANDHI CHOWK",,"",,,,,,36AAGFS3013H1ZG,,0,,,,,Telangana
WS08,"SUMANCLOTHSTORE,CBMLD/KC,OW",9434681846  - 03512-,,"Malda",CHIRONJIB MAHAJAN,Y,0,,0,N,,,WS,"",,"N.S ROAD",,"",,,,,,19AKIPS9709C1ZR,,0,,,,,West Bengal
SC05,"SUMANCOLLECTION,BIBHA/MDA,OW",,,"Bhagalpur",KAMLESH RAI,Y,0,,0,N,,,WS,"",,"DEEP NARAYAN KATRA GROUND FLOOR KALAIGALI",,"",,,,,,10BBXPK4272M1Z7,,0,,,,,BIHAR
SC07,"SUMANGLACREATION,RCALA/DR9,OR",9883038001,,"Alambazar",NARESH KUMAR KHILERI,Y,0,,0,N,,,R,"",,"280M.N.K.  ROAD ALAMBAZAR DIST:NORTH 24 PARGANAS",,"",,,,,,,,0,,,,,West Bengal
S008,"SUMANSAREECENTER,ASGOU/BTA,OW",9435340877,,"Guwahati",VIKRAMGUPTA,Y,0,,0,N,,,WS,"",,"BAJRANGBALI MARKET SRCB ROAD DIST:KAMROOP",,"",,,,,,,,0,,,,,ASSAM
WS05,"SUMANSAREECENTRE,BISAH/LTA,OW",9471222900 - 06478-2,,"Saharsa",K. P. RAKESH RAO,Y,0,,0,N,,,WS,"",,"MARUFGANJ ROAD",,"",,,,,,10AFBPR3318E1Z3,,0,,,,,BIHAR
S019,"SUMEETHANDLOOMCENTRE,BIKAT/ATAK,OW",,,"Katihar",K. P. RAKESH RAO,Y,0,,0,N,,,WS,"",,"M.G. ROADSADASUKH KATRA",,"",,,,,,,,0,,,,,BIHAR
QS25,"SUMITRAGARMENTS,ORDNG/KTA,OW",9437750436,,"Ganjam",RAMNARAYAN THAKUR,Y,0,,0,N,,,WS,"",,"CLOTH MERCHANT POST-DENGAUSTADIST-GANJAM",,"",,,,,,21DKVPS4337A1Z4,,0,,,,,Odisha
SS08,"SUNDARSHREE,CFBWN/DR8",9475558597,,"Burdwan",CHIRONJIB MAHAJAN,Y,0,,0,N,,,R,"",,"CHAKBAZAR(KAPRAPATTY) BADTALA DIST:BURDWAN",,"",,,,,,,,0,,,,,West Bengal
S678,"SUNDERSALES,CGJAG/VA,OW",942566185,,"Jagdlapur",RAMNARAYAN THAKUR,Y,0,,0,N,,,WS,"",,"JAIN MANDIR ROAD",,"",,,,,,22AFRPR3498B1Z7,,0,,,,,Chhattisgarh
ST12,"SUNILTEXTILE,ORKES/VA-O,OW",,,"Keshinga",RAMNARAYAN THAKUR,Y,0,,0,N,,,WS,"",,"MAIN ROAD",,"",,,,,,21ABRPJ2372C1Z0,,0,,,,,Odisha
ST03,"SUPERTEX,CGDUR/VA,OW",9425568196,,"Durg",RAMNARAYAN THAKUR,Y,0,,0,N,,,WS,"",,"B-3CLOTH MARKETMINI MATA CHOWK PULGAON TIN:22063103561",,"",,,,,,22ACGPJ6155P1ZB,,0,,,,,Chhattisgarh
ST14,"SURAJTEXTILE,TIAGA/PMT,OW",7005164532,,"Agartala",RAMNARAYAN THAKUR,Y,0,,0,N,,,WS,"",,"BATTALA OLD SUPER MARKET",,"",,,,,,16BJPPP0469M1ZI,,0,,,,,Tripura
ST001,"SURAJTEXTILEAGENCY,BIARR/STAD,OW",,,"Aara",K. P. RAKESH RAO,Y,0,,0,N,,,WS,"",,"",,"",,,,,,,,0,,,,,BIHAR
WS03,"SURANATEX-O-TRADE,BBBBZ/DI,OW",9831460022,,"BBZ",OM PRAKASH,Y,0,,0,N,,,WS,"",,"203/1 M.G.ROAD PARAKH KOTHI 5TH FLOOR",,"",,,,,,,,0,,,,,West Bengal
SK10,"SUSHILKUMARJAIN,ORTIT/VA-O,OW",9437637610,,"Titlagarh",RAMNARAYAN THAKUR,Y,0,,0,N,,,WS,"",,"MAIN ROAD",,"",,,,,,21ABLPJ6740N1ZF,,0,,,,,Odisha
SH08,"SWARAJHANDLOOM,JHCHB/RA,OW",9934394976  - 947038,,"Chaibasa",DHIRAJ KUMAR JAISWAL,Y,0,,0,N,,,WS,"",,"DHOBI TALABBARA BAZAR",,"",,,,,,20AGTPA5437A1ZZ,,0,,,,,Jharkhand
SS05,"SWATISREESAREE,ASBLS/BLS,OW",,,"Bilasipara",VIKRAMGUPTA,Y,0,,0,N,,,WS,"",,"",,"",,,,,,,,0,,,,,ASSAM
TM01,"T.M.YOGESHTEXTILE(P)LTD,ORCUT/DHJ,OW",8249661549,,"Cuttack",DHIRAJ KUMAR JAISWAL,Y,0,,0,N,,,WS,"",,"NANDI SAHICHOUDHURY BAZAR",,"",,,,,,21AABCT8935F1ZG,,0,,,,,Odisha
WT02,"TAHERBASTRALAYA,CBDUB/PR,OW",03462-244461/244316,,"Dubrajpur",CHIRONJIB MAHAJAN,Y,0,,0,N,,,R,"",,"DIST:BIRBHUM",,"",,,,,,19AADFT0153C1ZL,,0,,,,,West Bengal
TS01,"TANGAILSAREEBHAVAN,CFBWN/DR8,OR",7864909896,,"Burdwan",CHIRONJIB MAHAJAN,Y,0,,0,N,,,R,"",,"B.C. ROADKALI TALA",,"",,,,,,,,0,,,,,West Bengal
TS02,"TANTSHILPOKUTIR,RCALA/DR9,IR",9038211351,,"Alambazar",NARESH KUMAR KHILERI,Y,0,,0,N,,,R,"",,"274M.N.K ROAD",,"",,,,,,19AGNPK8520E1Z8,,0,,,,,West Bengal
TA01,"TANUSHREE,RCCHE/DR10,OR",3324792831,,"Chetla",KAMLESH RAI,Y,0,,0,N,,,R,"",,"56/2CHETLA ROAD",,"",,,,,,,,0,,,,,West Bengal
QT02,"TANUSHREEBASTRALAYA,SBRAD/KOL,OW",9564076398,,"Chetla",KAMLESH RAI,Y,0,,0,N,,,R,"",,"HIGH ROAD RADHAMANIHATKELOMAL DIST-EAST MEDNIPUR",,"",,,,,,,,0,,,,,West Bengal
TB02,"TARABEDDING,RCBLY/DR10,OR",8697463854 - 8232992,,"Collagestreet",KAMLESH RAI,Y,0,,0,N,,,R,"",,"12GOSWAMIPARA ROADBALLY BAZAR BALLY",,"",,,,,,19BBTPS1979R1Z3,,0,,,,,West Bengal
TJ01,"TARACHANDJAIN&SONS,CGPEN/VA,OW",9424150641,,"Pendra",RAMNARAYAN THAKUR,Y,0,,0,N,,,WS,"",,"MAIN ROAD PENDRA",,"",,,,,,22ABFPJ6768C1ZU,,0,,,,,Chhattisgarh
TN01,"TARACHANDNANDKISHORE,ORJHG/VA-O,OW",,,"Jharsuguda",RAMNARAYAN THAKUR,Y,0,,0,N,,,WS,"",,"THANA GALI ROAD DISTRICT:JHARSUGUDA",,"",,,,,,21ABMPA9693E1ZO,,0,,,,,Odisha
WT01,"TARUNKUMARDAS,SBBAN/BC,OW",9434521299   - 25450,,"Bankura",CHIRONJIB MAHAJAN,Y,0,,0,N,,,WS,"",,"GOPINATHPUR",,"",,,,,,,,0,,,,,West Bengal
T001,"TARZAN,RCBTH/KOL,IR",9332170161,,"Kolkata",RAHUL SINGH,Y,0,,0,N,,,R,"",,"BETHUADAHARIMAHAPRABHU ROAD MAHAPRABHU MARKETCHAWAL PATTY DIST:NADIA",,"",,,,,,19AYAPS0826Q1ZU,,0,,,,,West Bengal
TR02,"TEJMALRATHI,CGJAG/VA,OW",9425266051,,"Jagdlapur",RAMNARAYAN THAKUR,Y,0,,0,N,,,WS,"",,"JAIN MANDIR ROAD",,"",,,,,,22ACOPR5867J1ZY,,0,,,,,Chhattisgarh
TE01,"TELKAR'S,TEHYD/DLS,OW",9000100361,,"Hydrabad",K. P. RAKESH RAO,Y,0,,0,N,,,WS,"",,"TARANAGARLINGAMPALLY",,"",,,,,,,,0,,,,,Telangana
TB01,"THEBEDROOMCOLLECTION,RCCAL/DR9,IR",9830308803,,"Collagestreet",KAMLESH RAI,Y,0,,0,N,,,R,"",,"A-84COLLEGE STREET MARKET",,"",,,,,,,,0,,,,,West Bengal
T120,"THEFURNISHINGPLAZA,RCTHK/KOL,IW",9339426918,,"Thakurpukur",KAMLESH RAI,Y,0,,0,N,,,0,"",,"1THAKURPUKUR ROAD NEAR D.H ROAD",,"",,,,,,,,0,,,,,West Bengal
TO01,"THEONKARLUNGIHOUSE,BBBBZ/SRD,IW",9831522133,,"BBZ",OM PRAKASH,Y,0,,0,N,,,WS,"",,"17PAGEYA PATTY STREET",,"",,,,,,19AHTPA3914B1ZK,,0,,,,,West Bengal
TR01,"THERUPASI,CFKTO/DR8,OR",9333611082     - 034,,"Katwa",CHIRONJIB MAHAJAN,Y,0,,0,N,,,R,"",,"KACHARI ROADKATWA  DISTRICT:BURDWAN",,"",,,,,,19AABFT5214A1ZN,,0,,,,,West Bengal
WB04,"THEWESTBENGALINCOMETAXCO-OPERATIVESTORESLTD,RCCAL/KOL,IR",8910134606,,"Dharmatala",KAMLESH RAI,Y,0,,0,N,,,R,"",,"AAYAKAR BHAWAN ANNEXGROUND FLOOR P-13CHOWRINGHEE SQUARE",,"",,,,,,19AAAJT0467G1ZY,,0,,,,,West Bengal
T004,"TIRTHABEDDINGSTORE,RCTOL/KOL,IR",7278148049,,"Tollygunj",KAMLESH RAI,Y,0,,0,N,,,R,"",,"1/6ASHOKE NAGAR TOLLYGUNJE",,"",,,,,,,,0,,,,,West Bengal
T005,"TIRUPATITEXTILE,BIBSF/HT,OW",9431224899,,"Biharsarif",K. P. RAKESH RAO,Y,0,,0,N,,,WS,"",,"MAGADH COMPLEX M.G.ROAD",,"",,,,,,10AELPK2675N1Z9,,0,,,,,BIHAR
WT37,"TODISAREESPVTLTD,JHRAN/RA,OW",6512208234,,"Ranchi",DHIRAJ KUMAR JAISWAL,Y,0,,0,N,,,WS,"",,"BALDEO BHAWAN SHRADHANAND ROAD",,"",,,,,,,,0,,,,,Jharkhand
TD01,"TOLARAMDHARAMCHAND,ASBLS/ASSK,OW",9954087939 - 0366725,,"Bilasipara",VIKRAMGUPTA,Y,0,,0,N,,,WS,"",,"WARD NO-12 DIST:DHUBRI",,"",,,,,,18AAUPL4449A1ZI,,0,,,,,ASSAM
TA06,"TRADERSASSEMBLY,RCGRH/DR10,OR",9830289125 - 33-2461,,"Garia Hat",KAMLESH RAI,Y,0,,0,N,,,R,"",,"161/B RASH BEHARI AVENUE GARIAHAT JUNCTION",,"",,,,,,19AADCS7947J1ZP,,0,,,,,West Bengal
WT03,"TRIDEVBASTRALAYA,BIMOT/BGK,OW",8298351220,,"East Champaran",K. P. RAKESH RAO,Y,0,,0,N,,,WS,"",,"HENRY BAZAR DIST:EAST CHAMPARAN",,"",,,,,,,,0,,,,,BIHAR
TT02,"TRISHLATEXTILE&LADIESTAILORING,TNMRK/SJ,OR",8248348740  - 887066,,"Kolkata",RAHUL SINGH,Y,0,,0,N,,,WS,"",,"49A BAZZAR ROAD JANTHA ELECTRICALS UNIVERSAL MOBILE SUBHAM COMPLEX",,"",,,,,,,,0,,,,,Tamil Nadu
TT01,"TRIVENITEXTILE,CGBHI/VA,OW",9425557591,,"Bhilai",RAMNARAYAN THAKUR,Y,0,,0,N,,,WS,"",,"CIRCULAR MARKETCAMP-2 POWER HOUSE",,"",,,,,,22AJLPM3178K1ZX,,0,,,,,Chhattisgarh
T502,"TRIVENITEXTILES,CFASN/CF,OW",9434030845,,"Asansol",CHIRONJIB MAHAJAN,Y,0,,0,N,,,WS,"",,"1BAKAR ALI LANE",,"",,,,,,19ADIPB1986H1ZE,,0,,,,,West Bengal
TL01,"TULIKALADIESTAILORS&GARMENTS,SBGOC/DR10,OR",8509091321,,"South 24 Parganas",SUMIT MONDAL,Y,0,,0,N,,,R,"",,"POST OFFICE-GOCHARANP.S.-JAINAGAR NEAR RADHA BALLAVTALLA DIST:SOUTH 24 PARGANAS",,"",,,,,,,,0,,,,,West Bengal
TH02,"TULSIHANDLOOM,BIPAT/DR7,OW",9771197855 - 7759858,,"Patna",K. P. RAKESH RAO,Y,0,,0,N,,,WS,"",,"B1 TO B4 1ST FLOOR TEMPLE TOWER BIRLA MANDIR ROAD SABJI BAG",,"",,,,,,10ABPPA8024Q1ZK,,0,,,,,BIHAR
TH01,"TULSIHANDLOOM,CGRPA/VA,OW",9425214981,,"Raipur",RAMNARAYAN THAKUR,Y,0,,0,N,,,WS,"",,"152MAHALAXMI CLOTH MARKETPANDRI",,"",,,,,,,,0,,,,,Chhattisgarh
U001,"U-NEEDMARKETING,RCBEH/KOL,IW",8443909732 - 033-244,,"Behala",KAMLESH RAI,Y,0,,0,N,,,R,"",,"3HNAREN SARKAR ROAD BEHALA",,"",,,,,,,,0,,,,,West Bengal
UP001,"U.P.KHADIBHANDAR,RCHOW/KOL,IW",8981114489,,"Howra Maidan",KAMLESH RAI,Y,0,,0,N,,,R,"",,"552G.T. ROAD (SOUTH) NEAR-BANGABASI CINEMA HALL HOWRAH MAIDAN",,"",,,,,,,,0,,,,,West Bengal
UB01,"UMABASTRALAYA,CBKND/DR5,OW",9434533593,,"Kandi",CHIRONJIB MAHAJAN,Y,0,,0,N,,,R,"",,"KANDI BAZARHATCHALA DIST:MURSHIDABAD",,"",,,,,,19ACHPC8401E1ZY,,0,,,,,West Bengal
U501,"UMAPADACHANDRA,CBKND/KHA,OW",,,"Kandi",NARESH KUMAR KHILERI,Y,0,,0,N,,,WS,"",,"HATCHOLAKANDI",,"",,,,,,,,0,,,,,West Bengal
UT01,"UMESHTEXTILE,BBBBZ/DI,IW",9339066038  - 033-22,,"BBZ",OM PRAKASH,Y,0,,0,N,,,WS,"",,"156JAMUNALAL BAJAJ STREET KESORAM KATRA2ND FLOOR",,"",,,,,,19AABFU2273J1ZY,,0,,,,,West Bengal
UC01,"UTTAMCLOTHSTORE,ORBER/KTA,OW",,,"Kotaigarh",DHIRAJ KUMAR JAISWAL,Y,0,,0,N,,,WS,"",,"DISTRICT:GANJAM",,"",,,,,,21AAAHE0136R1ZK,,0,,,,,Odisha
UV01,"UTTAMVASTRABHANDAR,BIGYA/HT,OW",9234899980,,"Gaya",K. P. RAKESH RAO,Y,0,,0,N,,,WS,"",,"VIJAYA TEXTILE COMPLEX DR. WAZIR ALI ROADDHAMITOLA",,"",,,,,,10AOLPK8431L1ZU,,0,,,,,BIHAR
VS01,"VANDANASTORES,RCCAL/KOL,IR",8100995962,,"Kolkata",RAHUL SINGH,Y,0,,0,N,,,R,"",,"196AC.R.AVENUE",,"",,,,,,19ALBPS5792D1ZR,,0,,,,,West Bengal
VC01,"VARALAKSHMICUTPIECES,APPED/RJ,OW",,,"Peddarupam",K. P. RAKESH RAO,Y,0,,0,N,,,WS,"",,"19/1/207MAIN ROAD",,"",,,,,,37AAKFV6733F1ZU,,0,,,,,Andhra Pradesh (New)
VF02,"VEENAFASHION,CGBHI/VA,OW",9993505866,,"Bhilai",RAMNARAYAN THAKUR,Y,0,,0,N,,,WS,"",,"728 CIRCULAR MARKETCAMP-2POWER HOUSE",,"",,,,,,22AGPPA0878B1ZU,,0,,,,,Chhattisgarh
VE01,"VENUSENTERPRISE,BBBBZ/DR1,IW",9883221335,,"BBZ",OM PRAKASH,Y,0,,0,N,,,WS,"",,"P-12 NEW HOWRAH BRIDGE APPROACH ROAD BAIJU CHOWK 1ST FLR BURRA BAZAR",,"",,,,,,,,0,,,,,West Bengal
VB01,"VIJAYBEDCOVER,BBBBZ/DI,IW",9339121490,,"BBZ",OM PRAKASH,Y,0,,0,N,,,WS,"",,"1HANUMANJI LANE  (CROSSING OF KALAKAR STREET & M.G  ROAD)",,"",,,,,,,,0,,,,,West Bengal
VH03,"VIJAYHANDLOOM,BIKIS/MT,OW",9431260291,,"Kisangunj",VIKRAMGUPTA,Y,0,,0,N,,,WS,"",,"DHARAMSHALA ROAD",,"",,,,,,10ACJPA7414K2ZZ,,0,,,,,BIHAR
VH01,"VIJAYHANDLOOM,BISAH/LTA,OW",,,"Baktiyarpur",K. P. RAKESH RAO,Y,0,,0,N,,,WS,"",,"SIMRIBAKHTIYARPUR",,"",,,,,,,,0,,,,,BIHAR
VE02,"VIKASHEMPORIUM,BIMDP/LTA,OW",8809238965,,"Madhepura",K. P. RAKESH RAO,Y,0,,0,N,,,WS,"",,"MAIN ROAD",,"",,,,,,10ACTPD0799A2ZX,,0,,,,,BIHAR
VF01,"VIKASHFABRICS,BBBBZ/SRD,IW",9830433292 - 0333292,,"BBZ",OM PRAKASH,Y,0,,0,N,,,WS,"",,"214/216JAMUNALAL BAJAJ STREET SHOP NO-118EBAGARIA MARKET",,"",,,,,,,,0,,,,,West Bengal
VR01,"VIKASHREADYMADEGARMENT,SBRIS/DR9,OR",8240672328,,"Rishra",NARESH KUMAR KHILERI,Y,0,,0,N,,,R,"",,"1/A/7S.S. ROADPRABHASHNAGAR  DISTRICT:HOOGHLY",,"",,,,,,,,0,,,,,West Bengal
WV24,"VIMALAGENCY,CGRPA/VA.OW",,,"Raipur",RAMNARAYAN THAKUR,Y,0,,0,N,,,WS,"",,"J-92 TEXTILE MARKET 1ST FLOOR PANDRI",,"",,,,,,,,0,,,,,Chhattisgarh
V005,"VINDHVASINITEXTILE,BIKAT/ATAK,OW",,,"Katihar",K. P. RAKESH RAO,Y,0,,0,N,,,WS,"",,"JHAKATRA AMLA TOLA ROAD",,"",,,,,,,,0,,,,,BIHAR
VC02,"VINTAGECREATIONS,RCCAL/KOL,OW",9830237450,,"Kolkata",RAHUL SINGH,Y,0,,0,N,,,R,"",,"44/2SARAT BOSE ROAD",,"",,,,,,19AAEHM9063K1ZN,,0,,,,,West Bengal
NE000320181115152643,"VIP BEDDING",9898989898,,"Arambag",RAHUL SINGH,Y,0,,0,N,0,,R,"",,"THANA ROAD ARAMBAG",,"",,,,,,,,,,,,,All Over India
VH02,"VISHALHANDLOOMHOUSE,RCHOW/KOL,IR",9830579699 - 033-266,,"Howrah",KAMLESH RAI,Y,0,,0,N,,,R,"",,"47MOULANA ABUL KALAM AZAD ROAD (DOBSON ROAD)",,"",,,,,,19AACFV6075G1ZV,,0,,,,,West Bengal
VS02,"VISHALSAREECENTRE,SBPUR/BC,OW",9434022239,,"Purulia",CHIRONJIB MAHAJAN,Y,0,,0,N,,,WS,"",,"SWASTIK PLAZA2ND FLOORRANCHI ROAD",,"",,,,,,19BOFPS4851F1ZM,,0,,,,,West Bengal
VM01,"VMEGAMARTFASHIONRETAILS,RCCAL/HD,IW",9836113779,,"Kolkata",RAHUL SINGH,Y,0,,0,N,,,R,"",,"18RABINDRA SARANIPODDAR COURT GATE NO-15TH FLOORROOM NO-504",,"",,,,,,19AAPFV7627P1ZZ,,0,,,,,West Bengal
VF03,"VRETIKAFASHION,RCCAL/KOL,IR",9830046825  - 033223,,"Lilua",KAMLESH RAI,Y,0,,0,N,,,R,"",,"19AMARTALLA STREET",,"",,,,,,19ADHPA1885F1ZM,,0,,,,,West Bengal
VV01,"VUTTYVIJAYTEXTILES,APKDP/SGT,OW",9849026668,,"Kadappa",K. P. RAKESH RAO,Y,0,,0,N,,,WS,"",,"B.K.M STREET",,"",,,,,,37ABFPU3107L1ZE,,0,,,,,Andhra Pradesh (New)
YS01,"YADAVSAREEHAAT,RCHOW/DR10,IR",9830590423,,"Andul",KAMLESH RAI,Y,0,,0,N,,,R,"",,"ANDUL BAZAR",,"",,,,,,19AOEPY1932P1Z5,,0,,,,,West Bengal
Y001,"YESPLEASE,JHSHI/KOL,OW",9472721008,,"Giridih",DHIRAJ KUMAR JAISWAL,Y,0,,0,N,,,WS,"",,"KUND KUND MARGAT MADHUBAN P.O-SIKHARJEE DIST:GIRDIH",,"",,,,,,,,0,,,,,Jharkhand
