Customer Code,CustomerName,April,April Achv.,April prev year,April prev year Achv.,May,May Achv.,May prev year,May prev year Achv.,June,June Achv.,June prev year,June prev year Achv.,July,July Achv.,July prev year,July prev year Achv.,August,August Achv.,August prev year,August prev year Achv.,September,September Achv.,September prev year,September prev year Achv.,October,October Achv.,October  prev year,October prev year Achv.,November,November Achv.,November  prev year,November prev year Achv.,December,December Achv.,December  prev year,December prev year Achv.,January,January Achv.,January  prev year,January prev year Achv.,February,February Achv.,February  prev year,February prev year Achv.,March,March Achv.,March prev year,March prev year Achv.
WBS269,SUCHANAHARDWARE,0,0,0,0,0,0,0,0,0,0,0,0,0,0,0,0,0,0,0,0,0,0,0,0,0,0,0,0,0,0,0,0,0,0,0,0,0,0,0,0,0,0,0,0,0,0,0,0
WBK062,KABIRHARDWARE,0,0,0,0,0,0,0,0,0,0,0,0,0,0,0,0,0,0,0,0,0,0,0,0,0,0,0,0,0,0,0,0,0,0,0,0,0,0,0,0,0,0,0,0,0,0,0,0
WBH041,HOQUEBUILDER,0,0,0,0,0,0,0,0,0,0,0,0,0,0,0,0,0,0,0,0,0,0,0,0,0,0,0,0,0,0,0,0,0,0,0,0,0,0,0,0,0,0,0,0,0,0,0,0
WBT065,TANUJAHARDWARE,0,0,0,0,0,0,0,0,0,0,0,0,0,0,0,0,0,0,0,0,0,0,0,0,0,0,0,0,0,0,0,0,0,0,0,0,0,0,0,0,0,0,0,0,0,0,0,0
WBR049,RUJHARDWARE(MURSHIDABAD),0,0,0,0,0,0,0,0,0,0,0,0,0,0,0,0,0,0,0,0,0,0,0,0,0,0,0,0,0,0,0,0,0,0,0,0,0,0,0,0,0,0,0,0,0,0,0,0
WBM180,MEHERUNNESABIBI,0,0,0,0,0,0,0,0,0,0,0,0,0,0,0,0,0,0,0,0,0,0,0,0,0,0,0,0,0,0,0,0,0,0,0,0,0,0,0,0,0,0,0,0,0,0,0,0
WBE017,ELAHIBHAROSHA,0,0,0,0,0,0,0,0,0,0,0,0,0,0,0,0,0,0,0,0,0,0,0,0,0,0,0,0,0,0,0,0,0,0,0,0,0,0,0,0,0,0,0,0,0,0,0,0
WBS035,SHILPIBUILDERS,0,0,0,0,0,0,0,0,0,0,0,0,0,0,0,0,0,0,0,0,0,0,0,0,0,0,0,0,0,0,0,0,0,0,0,0,0,0,0,0,0,0,0,0,0,0,0,0
WBH034,HOSSAINHARDWARE,0,0,0,0,0,0,0,0,0,0,0,0,0,0,0,0,0,0,0,0,0,0,0,0,0,0,0,0,0,0,0,0,0,0,0,0,0,0,0,0,0,0,0,0,0,0,0,0
G127,GOUTAMSARKAR,0,0,0,0,0,0,0,0,0,0,0,0,0,0,0,0,0,0,0,0,0,0,0,0,0,0,0,0,0,0,0,0,0,0,0,0,0,0,0,0,0,0,0,0,0,0,0,0
WBM258,MPCONSTRUCTION(AMTALA),0,0,0,0,0,0,0,0,0,0,0,0,0,0,0,0,0,0,0,0,0,0,0,0,0,0,0,0,0,0,0,0,0,0,0,0,0,0,0,0,0,0,0,0,0,0,0,0
WBS277,STEELPOINT,0,0,0,0,0,0,0,0,0,0,0,0,0,0,0,0,0,0,0,0,0,0,0,0,0,0,0,0,0,0,0,0,0,0,0,0,0,0,0,0,0,0,0,0,0,0,0,0
A195,ABDURRASHID,0,0,0,0,0,0,0,0,0,0,0,0,0,0,0,0,0,0,0,0,0,0,0,0,0,0,0,0,0,0,0,0,0,0,0,0,0,0,0,0,0,0,0,0,0,0,0,0
WBA055,ALEKENTERPRISE,0,0,0,0,0,0,0,0,0,0,0,0,0,0,0,0,0,0,0,0,0,0,0,0,0,0,0,0,0,0,0,0,0,0,0,0,0,0,0,0,0,0,0,0,0,0,0,0
WBS234,SAYANHARDWARE,0,0,0,0,0,0,0,0,0,0,0,0,0,0,0,0,0,0,0,0,0,0,0,0,0,0,0,0,0,0,0,0,0,0,0,0,0,0,0,0,0,0,0,0,0,0,0,0
WBD070,DIPANKARPAL,0,0,0,0,0,0,0,0,0,0,0,0,0,0,0,0,0,0,0,0,0,0,0,0,0,0,0,0,0,0,0,0,0,0,0,0,0,0,0,0,0,0,0,0,0,0,0,0
WBJ049,JANAPRIYAHARDWARE,0,0,0,0,0,0,0,0,0,0,0,0,0,0,0,0,0,0,0,0,0,0,0,0,0,0,0,0,0,0,0,0,0,0,0,0,0,0,0,0,0,0,0,0,0,0,0,0
B235,BHAIBHAIHARDWARE(MURSHIDABAD),0,0,0,0,0,0,0,0,0,0,0,0,0,0,0,0,0,0,0,0,0,0,0,0,0,0,0,0,0,0,0,0,0,0,0,0,0,0,0,0,0,0,0,0,0,0,0,0
M358,M/S.SUBODHKR.DAS,0,0,0,0,0,0,0,0,0,0,0,0,0,0,0,0,0,0,0,0,0,0,0,0,0,0,0,0,0,0,0,0,0,0,0,0,0,0,0,0,0,0,0,0,0,0,0,0
WBB102,BENGALTRADERS,0,0,0,0,0,0,0,0,0,0,0,0,0,0,0,0,0,0,0,0,0,0,0,0,0,0,0,0,0,0,0,0,0,0,0,0,0,0,0,0,0,0,0,0,0,0,0,0
WBM235,MURARI MOHAN RETAIL,60,246.5,90,146,100,189.25,100,160,0,0,100,75,0,0,100,122,0,0,100,25,0,0,50,40,0,0,100,56,0,0,100,10,0,0,100,22.5,0,0,100,105,0,0,50,175,0,0,100,279.5
R230,R I ENTERPRISE,0,0,50,0,0,0,25,0,0,0,25,0,0,0,0,0,0,0,25,0,0,0,20,13,0,0,50,0,0,0,50,0,0,0,50,0,0,0,0,0,0,0,75,0,0,0,0,0
WBM247,MD SAHAJAHAN,80,100,90,120,75,25,90,90,0,0,90,50,0,0,70,53,0,0,50,55,0,0,50,55,0,0,75,80,0,0,75,25,0,0,70,75,0,0,120,80,0,0,110,140,0,0,100,100
WBA087,ARIBHARDWARE&COLOUR,0,0,0,0,0,0,0,0,0,0,0,0,0,0,0,0,0,0,0,0,0,0,0,0,0,0,0,0,0,0,0,0,0,0,0,0,0,0,0,0,0,0,0,0,0,0,0,0
WBR005,ROY SUPPLIERS,100,96.5,75,211,100,31,100,180,0,0,50,76,0,0,75,25,0,0,100,99.5,0,0,40,52,0,0,75,66,0,0,75,5,0,0,100,100,0,0,130,31,0,0,130,220.5,0,0,135,169.5
WBT056,TRIRATNA HARDWARE,70,129.25,70,50,75,25,50,65,0,0,50,45,0,0,60,45,0,0,65,45,0,0,35,75,0,0,50,0,0,0,50,80,0,0,60,50,0,0,75,75,0,0,75,76,0,0,75,75
WBA110,ANSARI ENTERPRISE,170,100,260,0,150,30,195,165,0,0,195,88.7,0,0,120,134.25,0,0,170,178.5,0,0,120,184,0,0,130,89.9,0,0,150,80,0,0,150,114,0,0,160,127,0,0,170,130.7,0,0,200,75
WBT019,TCENTERPRISE,0,0,0,0,0,0,0,0,0,0,0,0,0,0,0,0,0,0,0,0,0,0,0,0,0,0,0,0,0,0,0,0,0,0,0,0,0,0,0,0,0,0,0,0,0,0,0,0
L064,LOKNATHCONSTRUCTION,0,0,0,0,0,0,0,0,0,0,0,0,0,0,0,0,0,0,0,0,0,0,0,0,0,0,0,0,0,0,0,0,0,0,0,0,0,0,0,0,0,0,0,0,0,0,0,0
WBL026,LOKNATH BUILDERS (D. DINAJPUR),50,20,60,53,25,0,60,0,0,0,35,0,0,0,20,10,0,0,10,10,0,0,10,16,0,0,15,15,0,0,20,0,0,0,10,10,0,0,15,30,0,0,50,10,0,0,55,31
L082,LAHAENTERPRISE,0,0,0,0,0,0,0,0,0,0,0,0,0,0,0,0,0,0,0,0,0,0,0,0,0,0,0,0,0,0,0,0,0,0,0,0,0,0,0,0,0,0,0,0,0,0,0,0
WBB094,BURIMAAENTERPRISE,50,30,0,0,60,0,0,0,0,0,0,0,0,0,0,0,0,0,0,0,0,0,0,0,0,0,0,0,0,0,0,0,0,0,0,0,0,0,0,0,0,0,0,10,0,0,60,15
WBP026,PAL BUILDERS (D DINAJPUR),160,280,160,168,150,71,130,130,0,0,130,133,0,0,80,112,0,0,110,115,0,0,60,145,0,0,110,110,0,0,135,65,0,0,120,181,0,0,100,101,0,0,140,286,0,0,200,292.5
WBS196,SABITRI LAHA,130,0,220,220,150,0,200,201,0,0,175,205,0,0,170,60,0,0,140,140,0,0,95,105.5,0,0,175,40,0,0,110,110,0,0,130,50,0,0,75,103,0,0,150,169,0,0,190,41
S569,SRIKRISHNACONSTRUCTION,0,0,0,0,0,0,0,0,0,0,0,0,0,0,0,0,0,0,0,0,0,0,0,0,0,0,0,0,0,0,0,0,0,0,0,0,0,0,0,0,0,0,0,0,0,0,0,0
WBL005,LAXMI NARAYAN ENTERPRISE,250,400,230,297,275,44,200,168,0,0,180,158,0,0,200,233,0,0,230,111,0,0,170,276,0,0,265,312,0,0,280,189,0,0,180,295.5,0,0,200,315.5,0,0,250,311,0,0,315,544
WBM208,MAABIDDYASWARICONSTRUCTION,0,0,0,0,0,0,0,0,0,0,0,0,0,0,0,0,0,0,0,0,0,0,0,0,0,0,0,0,0,0,0,0,0,0,0,0,0,0,0,0,0,0,0,0,0,0,0,0
WBM221,MAA KALI BUILDERS (D.DINAJPUR),160,322,155,260,190,59,170,260,0,0,170,193,0,0,165,206,0,0,200,78,0,0,130,192.5,0,0,165,219,0,0,200,100,0,0,130,145,0,0,160,161,0,0,180,186,0,0,190,211
WBK032,KAJALLOUHABHANDAR(DDINAJPUR),0,0,0,0,0,0,0,0,0,0,0,0,0,0,0,0,0,0,0,0,0,0,0,0,0,0,0,0,0,0,0,0,0,0,0,0,0,0,0,0,0,0,0,0,0,0,0,0
WBM220,MAHALAXMI HARDWARES (D.DINAJPUR),120,35,120,76,110,0,115,140,0,0,105,113,0,0,80,90,0,0,110,80,0,0,60,56,0,0,50,20,0,0,100,42,0,0,65,30,0,0,60,18.5,0,0,120,20,0,0,110,13.5
WBN051,NEW BURIMA HARDWARE,260,464,250,181,260,71,225,231,0,0,200,205,0,0,200,203,0,0,230,200,0,0,165,179,0,0,180,180,0,0,225,225,0,0,165,313.5,0,0,200,258,0,0,280,285,0,0,300,506
WBM250,MAA ENTERPRISE (DEHABOND),95,105,80,55,100,25,80,50,0,0,70,0,0,0,50,35,0,0,60,20,0,0,35,45,0,0,60,25,0,0,60,50,0,0,100,50,0,0,50,25,0,0,100,55,0,0,110,55
WBT020,TAJ LOUHA BHANDAR,80,69,75,122.5,75,12.5,70,90,0,0,75,105.5,0,0,75,91.5,0,0,100,84.5,0,0,90,81,0,0,100,70,0,0,70,40,0,0,50,61.75,0,0,50,49,0,0,70,90,0,0,70,78.5
WBH035,HASIBUR RAHAMAN,140,0,250,0,50,0,25,0,0,0,500,0,0,0,25,0,0,0,0,0,0,0,200,0,0,0,0,0,0,0,25,0,0,0,25,0,0,0,50,0,0,0,200,0,0,0,140,0
WBN039,NARAYANMETALSTORES(UTTARDINAJPUR),0,0,0,0,0,0,0,0,0,0,0,0,0,0,0,0,0,0,0,0,0,0,0,0,0,0,0,0,0,0,0,0,0,0,0,0,0,0,0,0,0,0,0,0,0,0,0,0
D106,DADA BHAI SUPPLIERS,125,160,100,149.5,125,75,125,95,0,0,100,135,0,0,125,130,0,0,100,116,0,0,100,75,0,0,75,85,0,0,75,95,0,0,100,125,0,0,125,135,0,0,100,125,0,0,200,160
WBI015,IMRAN HARDWARE,170,202,150,153.95,170,35,150,175,0,0,150,235,0,0,200,175,0,0,150,189.95,0,0,125,155,0,0,125,140.9,0,0,150,40,0,0,150,120,0,0,120,134.9,0,0,170,142.5,0,0,170,189.75
WBD071,DADA BHAI SUPPLY & HARDWARE,50,0,250,21,100,25,75,86.75,0,0,100,80,0,0,100,116.5,0,0,75,105,0,0,100,93,0,0,95,35,0,0,100,49,0,0,50,172,0,0,100,14,0,0,70,81.5,0,0,100,366.5
WBS263,SINGHIBUILDERS,0,0,0,0,0,0,0,0,0,0,0,0,0,0,0,0,0,0,0,0,0,0,0,0,0,0,0,0,0,0,0,0,0,0,0,0,0,0,0,0,0,0,0,0,0,0,0,0
WBS268,SANTOSH ROY,50,63,65,81.5,50,36.75,75,75.75,0,0,75,55,0,0,50,82,0,0,40,61,0,0,60,55,0,0,50,25,0,0,50,0,0,0,50,100,0,0,50,52,0,0,100,0,0,0,100,60
WBM252,MATADI BUILDERS,4000,4634.35,2400,3047.75,4000,2432,2615,2702,0,0,2000,2594.5,0,0,2500,2080.5,0,0,2000,2024.5,0,0,1500,1339.5,0,0,1500,2151,0,0,2115,2827.75,0,0,2500,3596.5,0,0,3000,4674.5,0,0,4050,5977.75,0,0,4200,8622.9
WBB084,BISHNU ENTERPRISE (U.DINAJPUR),300,399.4,150,189.5,280,144.35,175,203,0,0,150,240,0,0,200,140,0,0,150,240,0,0,150,180,0,0,175,180,0,0,150,170,0,0,200,275.65,0,0,200,309.1,0,0,200,387.5,0,0,400,504
WBZ004,ZOHARTRADERS,0,0,0,0,0,0,0,0,0,0,0,0,0,0,0,0,0,0,0,0,0,0,0,0,0,0,0,0,0,0,0,0,0,0,0,0,0,0,0,0,0,0,0,0,0,0,0,0
WBA077,ABDUL SOVAN,0,60,200,0,400,0,30,10,0,0,40,16,0,0,25,28,0,0,150,38.5,0,0,40,20,0,0,20,10,0,0,25,12,0,0,30,30,0,0,30,30.5,0,0,30,7.5,0,0,30,0
WBK046,KALIMI HARDWARE STORES,150,0,50,0,0,0,50,10,0,0,100,20,0,0,50,0,0,0,100,34.5,0,0,50,0,0,0,100,0,0,0,25,1,0,0,100,0,0,0,200,53,0,0,150,0,0,0,150,0
WBM232,MANDAL ENTERPRISE,650,955.9,300,449.5,700,274.5,350,353.5,0,0,300,388,0,0,300,400.5,0,0,325,389.25,0,0,325,483.5,0,0,400,321.5,0,0,300,436,0,0,350,590.5,0,0,450,600.8,0,0,500,845,0,0,700,1078.5
WBM251,MAA DURGA ENTERPRISE (DHARAMPUR),200,205,100,240,200,10,150,285,0,0,150,55,0,0,100,90,0,0,100,150,0,0,100,90,0,0,100,120,0,0,70,95,0,0,100,105,0,0,100,35,0,0,150,165,0,0,170,215
WBS227,SUVIPOLYMERSPVTLTD,0,0,0,0,0,0,0,0,0,0,0,0,0,0,0,0,0,0,0,0,0,0,0,0,0,0,0,0,0,0,0,0,0,0,0,0,0,0,0,0,0,0,0,0,0,0,0,0
K124,KRISHANAHARDWARE(DALKHOLA),0,0,0,0,0,0,0,0,0,0,0,0,0,0,0,0,0,0,0,0,0,0,0,0,0,0,0,0,0,0,0,0,0,0,0,0,0,0,0,0,0,0,0,0,0,0,0,0
S371,SHIBSHANKARTRADERS(UTTARDINAJPUR),0,0,0,0,0,0,0,0,0,0,0,0,0,0,0,0,0,0,0,0,0,0,0,0,0,0,0,0,0,0,0,0,0,0,0,0,0,0,0,0,0,0,0,0,0,0,0,0
WBC014,CHOWHAN ENTERPRISE,150,0,300,0,100,0,0,20,0,0,500,0,0,0,140,0,0,0,30,0,0,0,200,0,0,0,0,0,0,0,0,10,0,0,200,0,0,0,100,0,0,0,350,0,0,0,150,0
WBJ057,JOYRAM SARKAR,175,0,300,5,0,0,10,15,0,0,20,12.5,0,0,100,15,0,0,250,11,0,0,75,24,0,0,400,0,0,0,160,0,0,0,150,0,0,0,100,0,0,0,100,0,0,0,300,0
WBR092,RAKSHIT CYCLE & HARDWARE,100,250,50,100,100,25,75,75,0,0,50,125,0,0,75,75,0,0,75,75,0,0,75,50,0,0,50,50,0,0,75,55,0,0,75,75,0,0,50,95,0,0,75,300,0,0,100,250
WBS229,SHIV SHAKTI HARDWARE,260,625.5,150,589.5,300,219.5,250,672,0,0,150,752.5,0,0,400,679,0,0,500,462.5,0,0,200,324.5,0,0,300,278,0,0,200,247,0,0,300,324,0,0,200,520.5,0,0,300,311,0,0,300,428.5
WBS245,SUSHILAGARWAL,0,0,0,0,0,0,0,0,0,0,0,0,0,0,0,0,0,0,0,0,0,0,0,0,0,0,0,0,0,0,0,0,0,0,0,0,0,0,0,0,0,0,0,0,0,0,0,0
D025,DULAL CH. SAHA,1380,2070,950,1318,1170,354,960,868,0,0,701,1179,0,0,800,1067,0,0,1000,802,0,0,730,488,0,0,700,723,0,0,820,828,0,0,900,901,0,0,1081.5,926,0,0,1160,2062,0,0,1250,2099
S141,SAHA & CO.,1300,1850,1147,1275,1500,500,1430,425,0,0,955,662,0,0,1060,850,0,0,1085,1310,0,0,1150,761,0,0,1010,1500,0,0,1500,1223,0,0,1285,1474,0,0,1775,1262,0,0,1990,1599,0,0,2500,2000
P106,PROMILA BUILDERS,400,469.75,800,194.5,700,156,750,597.75,0,0,700,503,0,0,550,331.1,0,0,550,289,0,0,350,281.25,0,0,350,170.75,0,0,350,288.5,0,0,400,178.5,0,0,300,445,0,0,450,366,0,0,600,681
C085,CHHOGMAL OMPRAKASH,150,152,185,144,230,52,160,216,0,0,140,201,0,0,151,129,0,0,151,116,0,0,150,140,0,0,151,120,0,0,150,170,0,0,172,230,0,0,200,201,0,0,200,222,0,0,170,208
M181,MAA TARA TRADING (DARJEELING),150,130.25,300,164.5,150,0,195,153.25,0,0,200,147.5,0,0,160,158,0,0,140,91,0,0,200,60.25,0,0,150,108.25,0,0,200,85,0,0,200,61.5,0,0,250,0,0,0,180,0,0,0,200,201
M229,MUNNAHARDWARE,0,0,0,0,0,0,0,0,0,0,0,0,0,0,0,0,0,0,0,0,0,0,0,0,0,0,0,0,0,0,0,0,0,0,0,0,0,0,0,0,0,0,0,0,0,0,0,0
R114,ROY ENTERPRISE (SILIGURI),2225,2201.75,1850,1993.9,2800,450,1500,2520.3,0,0,1900,2319.55,0,0,1950,2393.9,0,0,2000,2059.35,0,0,1500,1661.55,0,0,1345,1473.75,0,0,1700,2270.55,0,0,2200,2674.2,0,0,2075,2245.1,0,0,2100,1817.95,0,0,2550,3075.5
T057,TIRUPATI IRON STORES,220,303,320,229,260,60,300,248,0,0,170,228,0,0,240,278,0,0,211,220,0,0,200,108,0,0,162,232,0,0,200,253,0,0,200,300,0,0,350,200,0,0,328,396,0,0,270,429
S321,SUBRATA SAHA,75,25,180,69,80,24,140,48,0,0,150,86,0,0,200,48,0,0,155,54,0,0,165,18,0,0,50,24,0,0,85,134,0,0,151,61,0,0,100,102,0,0,151,142,0,0,151,86
M212,MAA KALI HARDWARE,390,749,531,388,460,163,509,454,0,0,425,478,0,0,425,319,0,0,425,204,0,0,270,187,0,0,310,216,0,0,424,162,0,0,495,248,0,0,411,278,0,0,560,767,0,0,350,469
S345,S.S.CONSTRUCTION,0,0,10,0,0,0,10,0,0,0,0,0,0,0,0,0,0,0,0,0,0,0,0,0,0,0,0,25,0,0,0,0,0,0,0,0,0,0,0,0,0,0,0,0,0,0,0,0
S349,SASWAT,150,206,200,147,220,39,150,160.5,0,0,140,142.5,0,0,150,100,0,0,150,79.5,0,0,100,84.85,0,0,145,89.5,0,0,100,104.5,0,0,150,120.5,0,0,150,127,0,0,160,206.25,0,0,180,266
A145,ANKUR TRADERS,500,557.7,600,503.55,500,140.25,550,543.6,0,0,400,383.55,0,0,425,422.95,0,0,425,349.15,0,0,400,324.85,0,0,400,224.25,0,0,400,405,0,0,400,457.4,0,0,500,500.75,0,0,450,451.25,0,0,500,585
S340,SABITA HARDWARE (JALPAIGURI),0,0,50,0,0,0,50,0,0,0,0,0,0,0,0,0,0,0,0,0,0,0,0,0,0,0,0,0,0,0,0,0,0,0,50,0,0,0,0,0,0,0,0,0,0,0,0,0
M241,MANDAL & SONS,50,6,430,13.5,100,0,50,14.5,0,0,210,24.25,0,0,50,9,0,0,350,11,0,0,50,5.5,0,0,50,13.5,0,0,100,13.5,0,0,50,13,0,0,50,12,0,0,50,15,0,0,50,28.75
G074,GOPINATH ENTERPRISE,1710,1803,1990,1688,1575,642,2540,1346,0,0,1600,1601,0,0,1650,1485,0,0,1750,1406,0,0,1270,854,0,0,1265,1656,0,0,1350,1651,0,0,1650,1621,0,0,2100,2052,0,0,2150,2382,0,0,2600,3534
S382,SARKARBUILDERS,0,0,0,0,0,0,0,0,0,0,0,0,0,0,0,0,0,0,0,0,0,0,0,0,0,0,0,0,0,0,0,0,0,0,0,0,0,0,0,0,0,0,0,0,0,0,0,0
L085,LOKENATH HARDWARE (DINHATA),1360,2323,1000,1200,1395,522,1150,920,0,0,860,962,0,0,850,995,0,0,830,849,0,0,770,649,0,0,840,862,0,0,950,777,0,0,900,986,0,0,1088,973,0,0,1180,1939,0,0,1195,1582
R132,RADHA HARDWARE,1500,2025,1820,1482,1650,383,1556,1456,0,0,1340,1706,0,0,1470,1421,0,0,1460,888,0,0,950,697,0,0,1260,1011,0,0,1010,822,0,0,1222,1163,0,0,1680,1401,0,0,1800,1973,0,0,1600,2272.5
B190,BHAI BHAI HARDWARE (COOCHBIHAR),3245,4737,3560,3147,3500,878,3600,3478,0,0,3131,3278,0,0,3110,2388,0,0,3115,2351,0,0,2175,1800,0,0,2475,2428,0,0,2691,2083,0,0,2750,2968,0,0,3290,2598,0,0,3469,4552,0,0,3550,3864.5
L073,LOUHA BHANDAR,50,52.5,250,40,100,32,250,74,0,0,200,52,0,0,150,52.5,0,0,150,67.5,0,0,100,37.5,0,0,50,77,0,0,100,48.5,0,0,100,117,0,0,150,71.5,0,0,100,0,0,0,50,122.5
A184,ANAND KUMAR JAJODIA,2000,2317.6,1000,1364.25,2300,384.5,1300,1928.3,0,0,1400,1485.25,0,0,1270,1548.45,0,0,1380,1456.4,0,0,1100,1433.85,0,0,1200,1077.3,0,0,1520,1818.75,0,0,1850,2084.25,0,0,2000,2087.05,0,0,1800,2664.3,0,0,2250,2456.2
B172,BUILDWAREINFRASTEELPVT.LTD.,0,0,0,0,0,0,0,0,0,0,0,0,0,0,0,0,0,0,0,0,0,0,0,0,0,0,0,0,0,0,0,0,0,0,0,0,0,0,0,0,0,0,0,0,0,0,0,0
N098,NISHIGANJ BUILDERS,1880,2225,1814,1780,1875,639,1780,1849,0,0,1400,1815,0,0,1465,1528,0,0,1750,1075,0,0,1200,749,0,0,1050,1081,0,0,1350,1383,0,0,1500,1525,0,0,2040,1416,0,0,2330,2276,0,0,2400,2808
S478,SUNITI ENTERPRISE,180,232,265,206,240,73,200,237,0,0,260,234,0,0,220,201,0,0,230,112,0,0,150,128,0,0,160,196,0,0,180,108,0,0,268,309,0,0,250,116,0,0,220,315,0,0,301,314
S467,SUDEB SHEAL,130,167,100,81,150,36,100,133,0,0,100,162,0,0,120,109,0,0,100,37,0,0,100,67,0,0,100,106,0,0,100,117,0,0,150,195,0,0,175,142,0,0,130,134,0,0,140,155
L079,LUCKY HARDWARE,30,25,50,12,50,0,50,48,0,0,30,18,0,0,30,30,0,0,40,18,0,0,50,18,0,0,50,60,0,0,30,0,0,0,24,0,0,0,0,36,0,0,40,78,0,0,30,75
S462,SUMAN HARDWARE,0,0,126,12,0,0,60,36,0,0,50,0,0,0,0,12,0,0,0,12,0,0,0,12,0,0,0,0,0,0,0,0,0,0,0,0,0,0,0,0,0,0,0,0,0,0,0,0
WBM031,MARUTIBUILDERS,0,0,0,0,0,0,0,0,0,0,0,0,0,0,0,0,0,0,0,0,0,0,0,0,0,0,0,0,0,0,0,0,0,0,0,0,0,0,0,0,0,0,0,0,0,0,0,0
WBG021,GANDHESWARIHARDWARE,0,0,0,0,0,0,0,0,0,0,0,0,0,0,0,0,0,0,0,0,0,0,0,0,0,0,0,0,0,0,0,0,0,0,0,0,0,0,0,0,0,0,0,0,0,0,0,0
S561,SABITA DAM,1220,1636,925,1065,1170,473,1040,835,0,0,400,1070,0,0,650,775,0,0,820,489,0,0,535,454,0,0,535,648,0,0,750,758,0,0,800,825,0,0,922,750,0,0,1120,1149,0,0,1120,1637
D162,DEBABRATA SAHA,360,468,395,354,380,120,385,378,0,0,325,384,0,0,340,348,0,0,340,246,0,0,270,204,0,0,280,288,0,0,320,216,0,0,300,96,0,0,400,216,0,0,460,384,0,0,350,286
S588,SAYANENTERPRISE,0,0,0,0,0,0,0,0,0,0,0,0,0,0,0,0,0,0,0,0,0,0,0,0,0,0,0,0,0,0,0,0,0,0,0,0,0,0,0,0,0,0,0,0,0,0,0,0
S596,SHERPA TRADING CO,500,513,745,493.15,500,144.75,775,443.35,0,0,595,480.2,0,0,520,584.65,0,0,625,638.5,0,0,400,487.35,0,0,430,284.45,0,0,535,381.5,0,0,500,452.4,0,0,600,327.1,0,0,450,496.5,0,0,600,609.05
WBM053,MAL CEMENT STORES,170,206,320,157,345,68,200,339,0,0,156,370,0,0,260,301,0,0,220,100,0,0,125,80,0,0,120,200,0,0,151,158,0,0,200,161,0,0,200,121,0,0,200,255,0,0,301,326
WBM096,M/SBISWAENTERPRISE,50,21,0,0,45,0,0,0,0,0,0,0,0,0,20,0,0,0,0,0,0,0,25,11.5,0,0,20,18,0,0,30,11,0,0,15,20,0,0,25,33,0,0,34.65,5,0,0,45,18.5
WBM097,M/S GITA DEVI PRASAD,225,116,245,141.5,250,0,310,178,0,0,230,143.5,0,0,200,158.5,0,0,235,91,0,0,120,87.5,0,0,135,101.5,0,0,145,103,0,0,135,170.7,0,0,185,217.75,0,0,255,128,0,0,270,188.5
WBN030,NATIONAL TRADING CO,1100,1209,1035,1057,1150,142,1015,1110.25,0,0,790,912,0,0,700,804,0,0,700,702.55,0,0,500,532.5,0,0,650,662,0,0,650,687.25,0,0,715,867,0,0,1275,610,0,0,1140,1637,0,0,1350,1710
WBM098,M/S PAUL HARDWARE STORES,690,1375,1180,310,1022,400,1200,950,0,0,1000,1000,0,0,1150,890,0,0,1200,600,0,0,700,375,0,0,625,800,0,0,700,795,0,0,920,750,0,0,1125,950,0,0,1350,1750,0,0,1230,1775
WBB052,BANWARILAL OMKARMULL,195,175,125,83.25,175,15,150,168.75,0,0,115,127.5,0,0,140,154,0,0,160,175.5,0,0,115,42,0,0,110,66.5,0,0,150,109.5,0,0,135,136.5,0,0,150,90,0,0,200.325,65.5,0,0,250,201
WBH019,HARI OM TRADERS (JALPAIGURI),950,1220,1114,922,1000,240,860,811,0,0,560,877,0,0,660,700,0,0,765,541,0,0,538,409,0,0,660,528,0,0,560,493,0,0,660,809,0,0,995,495,0,0,1245,1594,0,0,1200,1479
WBM131,MANOJPRASAD,0,0,0,0,0,0,0,0,0,0,0,0,0,0,0,0,0,0,0,0,0,0,0,0,0,0,0,0,0,0,0,0,0,0,0,0,0,0,0,0,0,0,0,0,0,0,0,0
WBD038,D P TRADERS,175,60.5,635,385.5,35,0,660,511,0,0,485,280.5,0,0,420,372,0,0,450,364.25,0,0,350,302,0,0,392,276,0,0,400,282.5,0,0,460,519.5,0,0,550,390.75,0,0,550,441.5,0,0,700,709.5
WBT036,TIRUPATI BUILDERS (DRJG),400,112,5100,2976.95,340,103,5435,1994.1,0,0,2800,412.8,0,0,1520,345.5,0,0,1050,1495.15,0,0,1000,1077.4,0,0,1100,739.75,0,0,1350,1089.55,0,0,1300,959.55,0,0,1700,569,0,0,3000,130,0,0,5755,0
WBM072,M/S BISWAKARMA CEMENT GHAR,50,72,0,66,100,15,125,98,0,0,100,29,0,0,100,0,0,0,100,0,0,0,0,0,0,0,0,50,0,0,50,50,0,0,50,99,0,0,100,111,0,0,100,18,0,0,50,73
WBJ018,JAISWAL TRADERS,100,54,30,12,95,6,50,67,0,0,30,51,0,0,50,35,0,0,60,62.5,0,0,65,44,0,0,45,26,0,0,70,32,0,0,50,31.5,0,0,60,12,0,0,85,63,0,0,110,52
WBM074,MadanTradingCompany,0,0,0,0,0,0,0,0,0,0,0,0,0,0,0,0,0,0,0,0,0,0,0,0,0,0,0,0,0,0,0,0,0,0,0,0,0,0,0,0,0,0,0,0,0,0,0,0
WBM078,M/sShangderpaEnterprise,0,0,0,0,0,0,0,0,0,0,0,0,0,0,0,0,0,0,0,0,0,0,0,0,0,0,0,0,0,0,0,0,0,0,0,0,0,0,0,0,0,0,0,0,0,0,0,0
WBP028,PANKAJ AGARWAL (SIKKIM),385,714.75,212,211.75,385,77.5,250,228,0,0,170,246,0,0,190,224,0,0,245,299,0,0,260,267.75,0,0,270,140,0,0,275,155,0,0,275,312.75,0,0,315,314.5,0,0,296,330.75,0,0,345,675.25
WBM090,M/sMaaAmbeyEnterprise,0,0,0,0,0,0,0,0,0,0,0,0,0,0,0,0,0,0,0,0,0,0,0,0,0,0,0,0,0,0,0,0,0,0,0,0,0,0,0,0,0,0,0,0,0,0,0,0
WBJ022,JAIENTERPRISE,0,0,0,0,0,0,0,0,0,0,0,0,0,0,0,0,0,0,0,0,0,0,0,0,0,0,0,0,0,0,0,0,0,0,0,0,0,0,0,0,0,0,0,0,0,0,0,0
WBR057,RUPAM ENTERPRISE (JALPAIGURI),262,703,470,307,610,218,300,602,0,0,300,568,0,0,321,313,0,0,300,317,0,0,192,157,0,0,201,85,0,0,151,217,0,0,158,194,0,0,260,398,0,0,301,644,0,0,310,810
WBK031,KARUNA ENTERPRISE (DRJG),100,80,200,131,100,40,130,118.75,0,0,100,104,0,0,120,71,0,0,120,70,0,0,100,28,0,0,100,34,0,0,100,87,0,0,100,80,0,0,100,135,0,0,140,70,0,0,120,130
WBL019,LAXMI AGENCY,300,456,450,264,350,78,400,282,0,0,400,312,0,0,350,198,0,0,350,183,0,0,270,138,0,0,300,162,0,0,200,204,0,0,275,222,0,0,450,216,0,0,400,486,0,0,400,516
WBN046,NIRMAN UDYOG,275,353,297,248,300,48,297,277,0,0,150,367,0,0,195,252,0,0,250,150,0,0,170,90,0,0,180,127,0,0,155,102,0,0,250,253,0,0,350,102,0,0,535,372,0,0,455,280
WBR054,RADHASTORES,0,0,0,0,0,0,0,0,0,0,0,0,0,0,0,0,0,0,0,0,0,0,0,0,0,0,0,0,0,0,0,0,0,0,0,0,0,0,0,0,0,0,0,0,0,0,0,0
WBJ036,JALPAIGURI ISPAT,500,510,700,482.5,550,92,650,498,0,0,450,450,0,0,450,360,0,0,450,178.5,0,0,275,275,0,0,505,135,0,0,204,227.3,0,0,400,709.5,0,0,700,149,0,0,750,765.3,0,0,1080,1097.5
WBG058,GDTRADERS,0,0,0,0,0,0,0,0,0,0,0,0,0,0,0,0,0,0,0,0,0,0,0,0,0,0,0,0,0,0,0,0,0,0,0,0,0,0,0,0,0,0,0,0,0,0,0,0
WBP050,PUNAM TRADING,400,400,605,175,0,0,600,75,0,0,320,425,0,0,450,553,0,0,500,330,0,0,330,275,0,0,375,200,0,0,350,350,0,0,450,387,0,0,680,662,0,0,700,687,0,0,800,800
WBD049,DEY AGENCY,2250,3200,2634.5,2150,1950,600,2560,1832,0,0,1597,1850,0,0,1720,2100,0,0,2100,2000,0,0,1790,1066,0,0,1660,1547,0,0,1693,1724,0,0,2318,2360,0,0,2750,2099,0,0,2450,3700,0,0,3350,3825
WBS164,SREEKRISHNAHARDWARE,0,0,0,0,0,0,0,0,0,0,0,0,0,0,0,0,0,0,0,0,0,0,0,0,0,0,0,0,0,0,0,0,0,0,0,0,0,0,0,0,0,0,0,0,0,0,0,0
WBA072,AAKASH ENTERPRISE,0,0,550,128,300,0,600,165,0,0,450,93.5,0,0,500,175.5,0,0,500,157.25,0,0,100,117,0,0,100,24,0,0,100,0,0,0,100,0,0,0,0,0,0,0,200,0,0,0,50,0
WBM204,MAHESH MAHESWARI,1100,1409,750,1074,1350,265,1065,1153,0,0,1000,1255,0,0,800,828,0,0,750,768,0,0,550,588,0,0,600,840,0,0,700,708,0,0,700,716,0,0,900,792,0,0,900,1712,0,0,1150,1722
WBD057,DURGADUTTA AGARWAL (DARJEELING),500,679.25,1320,604.25,750,155.5,1050,719,0,0,750,658.5,0,0,700,580,0,0,700,464.5,0,0,500,289,0,0,500,267,0,0,500,597.75,0,0,700,716.5,0,0,800,725.5,0,0,610,580,0,0,600,866.25
WBU014,UMASHANKERJAISWAL,0,0,0,0,0,0,0,0,0,0,0,0,0,0,0,0,0,0,0,0,0,0,0,0,0,0,0,0,0,0,0,0,0,0,0,0,0,0,0,0,0,0,0,0,0,0,0,0
WBA086,AMIT ENTERPRISES (SIKKIM),0,0,0,0,0,0,0,0,0,0,0,0,0,0,0,0,0,0,20,0,0,0,0,0,0,0,0,0,0,0,0,0,0,0,0,0,0,0,0,0,0,0,0,0,0,0,0,0
WBD066,DEWANHATHARDWARE,20,24,0,0,25,12,0,0,0,0,0,0,0,0,0,0,0,0,0,0,0,0,0,0,0,0,0,12,0,0,35,17,0,0,30,12,0,0,12,24,0,0,24,24,0,0,24,24
WBD067,DHAR AGENCY,80,84,50,72,65,0,46,62,0,0,40,24,0,0,35,12,0,0,50,24,0,0,24,12,0,0,24,24,0,0,40,24,0,0,24,24,0,0,51,54,0,0,100,60,0,0,70,73
WBP069,PRAKASHENTERPRISE,0,0,0,0,0,0,0,0,0,0,0,0,0,0,0,0,0,0,0,0,0,0,0,0,0,0,0,0,0,0,0,0,0,0,0,0,0,0,0,0,0,0,0,0,0,0,0,0
WBM226,MOON STAR HARDWARE STORES,100,102,100,0,100,37,100,0,0,0,100,32,0,0,100,20,0,0,100,0,0,0,50,20,0,0,50,37,0,0,50,12,0,0,50,12,0,0,50,36,0,0,80,108,0,0,90,113
WBS220,SIDDHIVINAYAKENTERPRISE(SIKKIM),0,0,0,0,0,0,0,0,0,0,0,0,0,0,0,0,0,0,0,0,0,0,0,0,0,0,0,0,0,0,0,0,0,0,0,0,0,0,0,0,0,0,0,0,0,0,0,0
WBR096,ROY CYCLE STORES,50,7,100,14,100,0,180,80,0,0,120,69,0,0,85,69,0,0,85,24,0,0,50,0,0,0,50,0,0,0,50,52,0,0,100,34,0,0,50,3.5,0,0,50,0,0,0,50,51
WBS230,SINHAL TRADING COMPANY,130,0,0,0,300,0,0,0,0,0,0,48.7,0,0,115,163.25,0,0,215,175.75,0,0,120,59,0,0,100,23,0,0,75,115,0,0,150,6.5,0,0,110,0,0,0,15,0,0,0,195,0
WBU016,UTTAMHARDWARESTORES,0,0,0,0,0,0,0,0,0,0,0,0,0,0,0,0,0,0,0,0,0,0,0,0,0,0,0,0,0,0,0,0,0,0,0,0,0,0,0,0,0,0,0,0,0,0,0,0
WBA093,AAYAN TRADING,1100,1412.75,900,861.75,1200,407.45,825,1120.8,0,0,800,1039.1,0,0,800,885.9,0,0,800,822.55,0,0,700,866,0,0,700,735.9,0,0,900,1000.65,0,0,1100,1213.8,0,0,1200,1289.95,0,0,1200,1400.15,0,0,1400,1462.35
WBS239,SHREE TRADING,24,36,0,24,24,12,12,56,0,0,0,54,0,0,24,18,0,0,0,0,0,0,0,0,0,0,0,0,0,0,0,0,0,0,0,0,0,0,0,0,0,0,24,66,0,0,24,36
WBK056,KALYANITRADING,0,0,0,0,0,0,0,0,0,0,0,0,0,0,0,0,0,0,0,0,0,0,0,0,0,0,0,0,0,0,0,0,0,0,0,0,0,0,0,0,0,0,0,0,0,0,0,0
WBB111,BENGAL HARDWARE STORES,1340,2529,1230,1273,1455,484,1250,1140,0,0,930,1600,0,0,1090,1332,0,0,1215,1144,0,0,1050,937,0,0,1000,1156,0,0,1163,1077,0,0,1200,1260,0,0,1600,1040,0,0,1490,2153,0,0,1300,2078
WBC023,CHAKRABORTY STEEL,0,0,15,0,0,0,30,0,0,0,15,0,0,0,0,0,0,0,0,0,0,0,0,0,0,0,0,0,0,0,0,0,0,0,0,0,0,0,0,0,0,0,0,0,0,0,0,0
WBK057,KISHORE STEEL CENTRE,1400,1929,1585,1329,1295,362,1331,1173,0,0,1000,1251,0,0,1070,939,0,0,1200,718,0,0,890,650,0,0,880,838,0,0,950,787,0,0,1122,1317,0,0,1350,695,0,0,1140,1165,0,0,1280,1741
WBS243,SUBAL MAHANTA,0,0,200,90,0,0,150,60,0,0,80,66,0,0,100,36,0,0,150,24,0,0,100,12,0,0,100,0,0,0,0,6,0,0,50,48,0,0,0,0,0,0,0,0,0,0,0,0
WBN086,NIRANJANDAS&SONS,0,0,0,0,0,0,0,0,0,0,0,0,0,0,0,0,0,0,0,0,0,0,0,0,0,0,0,0,0,0,0,0,0,0,0,0,0,0,0,0,0,0,0,0,0,0,0,0
WBS246,SARITA TRADING,495,884,330,325,540,136.25,405,416.55,0,0,350,224.45,0,0,400,312.1,0,0,295,277,0,0,200,148.25,0,0,192,129.75,0,0,300,168.25,0,0,235,217.65,0,0,320,157.25,0,0,305,263.65,0,0,385,600
WBP072,PRIYANKA CEMENT SALES AGENCY,120,132.5,200,150.85,120,28,195,190,0,0,125,98.75,0,0,140,165,0,0,140,131.25,0,0,100,132.5,0,0,100,143,0,0,100,107,0,0,100,142.5,0,0,150,170.5,0,0,150,158.25,0,0,200,150
WBM241,MAA MANASHA HARDWARE,240,445,110,120,375,144,120,215,0,0,115,219,0,0,120,192,0,0,160,130,0,0,100,74,0,0,150,153,0,0,160,161,0,0,150,218,0,0,348,165,0,0,190,290,0,0,140,386
WBM242,M.SINHA&CO.,0,0,0,0,0,0,0,0,0,0,0,0,0,0,0,0,0,0,0,0,0,0,0,0,0,0,0,0,0,0,0,0,0,0,0,0,0,0,0,0,0,0,0,0,0,0,0,0
WBR107,ROY HARDWARE,150,237,117,157,130,25,135,110,0,0,115,150,0,0,135,111,0,0,150,100,0,0,100,80,0,0,100,87,0,0,120,122,0,0,125,151,0,0,182,40,0,0,230,187,0,0,180,187
WBS253,SARKAR HARDWARE (BHITARKAMTA),0,0,0,0,0,0,0,0,0,0,0,0,0,0,0,0,0,0,0,0,0,0,0,0,0,0,0,0,0,0,0,0,0,0,0,0,0,0,0,0,0,0,0,0,0,0,0,0
WBN088,N.D. ENTERPRISE (SAUDANGI),50,0,0,6,50,0,0,37,0,0,100,24,0,0,50,0,0,0,50,25,0,0,50,0,0,0,50,31,0,0,50,0,0,0,50,0,0,0,50,0,0,0,50,0,0,0,50,0
WBJ055,J.P.BUILDERS,0,0,0,0,0,0,0,0,0,0,0,0,0,0,0,0,0,0,0,0,0,0,0,0,0,0,0,0,0,0,0,0,0,0,0,0,0,0,0,0,0,0,0,0,0,0,0,0
WBG075,GARG ENTERPRISES,2450,3423,2909,2381,2150,1149,2375,1705,0,0,1510,2329,0,0,1980,2008,0,0,2024,1621,0,0,1500,1267,0,0,1581,1743,0,0,1800,1779,0,0,1998,2017,0,0,2124,1983,0,0,2000,3295,0,0,3000,4778.5
WBS258,SRIKRISHNAHARDWARE(SILIGURI),0,0,0,0,0,0,0,0,0,0,0,0,0,0,0,0,0,0,0,0,0,0,0,0,0,0,0,0,0,0,0,0,0,0,0,0,0,0,0,0,0,0,0,0,0,0,0,0
WBP075,PAUL CONSTRUCTION (KHARIA),80,6,50,17,50,0,50,72,0,0,50,12,0,0,50,12,0,0,50,0,0,0,50,0,0,0,75,5,0,0,12,0,0,0,50,0,0,0,50,0,0,0,50,12,0,0,120,6
WBA107,ALI HARDWARE (GADONG),150,160,140,162,200,36,130,193,0,0,150,192,0,0,180,156,0,0,151,108,0,0,120,84,0,0,100,120,0,0,120,84,0,0,100,84,0,0,100,36,0,0,139,144,0,0,151,153
WBD074,DEY ENTERPRISE (GHUGHUMARI),170,403,258,169,125,98,250,120,0,0,155,159,0,0,150,144,0,0,160,96,0,0,90,66,0,0,110,96,0,0,139,96,0,0,120,96,0,0,150,108,0,0,295,352,0,0,220,415
WBS262,SHAKTIPRASAD,0,0,0,0,0,0,0,0,0,0,0,0,0,0,0,0,0,0,0,0,0,0,0,0,0,0,0,0,0,0,0,0,0,0,0,0,0,0,0,0,0,0,0,0,0,0,0,0
WBR113,RAJESHMARKETING(DHUPGURI),0,0,0,0,0,0,0,0,0,0,0,0,0,0,0,0,0,0,0,0,0,0,0,0,0,0,0,0,0,0,0,0,0,0,0,0,0,0,0,0,0,0,0,0,0,0,0,0
WBB119,BHOWMIK BROTHERS,170,347,245,205,240,37,220,222,0,0,200,207,0,0,250,68,0,0,220,170,0,0,150,96,0,0,151,178,0,0,200,109,0,0,180,270,0,0,350,204,0,0,200,36,0,0,100,245
WBB120,BHANSALIBUILDERS,0,0,0,0,0,0,0,0,0,0,0,0,0,0,0,0,0,0,0,0,0,0,0,0,0,0,0,0,0,0,0,0,0,0,0,0,0,0,0,0,0,0,0,0,0,0,0,0
WBD076,DIPANKAR ENTERPRISE,12,30,75,12,12,0,60,12,0,0,70,12,0,0,50,60,0,0,50,12,0,0,32,12,0,0,18,12,0,0,12,0,0,0,51,12,0,0,12,24,0,0,12,12,0,0,12,12
WBS267,SADHANA ENTERPRISE (MATHURABAGAN),160,149,215,152,160,52,165,140,0,0,160,169,0,0,180,117,0,0,150,136,0,0,172,20,0,0,150,120,0,0,130,136,0,0,180,168,0,0,135,120,0,0,160,180,0,0,250,200
WBJ058,JYOTIENTERPRISE(JALPAIGURI),0,0,0,0,0,0,0,0,0,0,0,0,0,0,0,0,0,0,0,0,0,0,0,0,0,0,0,0,0,0,0,0,0,0,0,0,0,0,0,0,0,0,0,0,0,0,0,0
WBB123,BAJRANG ENTERPRISES (SALUGARA),1600,1839.55,1340,1674.4,1700,670.1,1475,1284.3,0,0,805,748.1,0,0,825,829.75,0,0,825,498.4,0,0,460,544.3,0,0,550,540,0,0,610,1096.15,0,0,805,949.4,0,0,1100,1061.25,0,0,1000,788.75,0,0,1200,2023.85
WBS272,SRI HANUMAN ENTERPRISES (DARJEELING),500,436.8,252,219.65,350,146.3,355,322.8,0,0,235,274.35,0,0,280,306.65,0,0,300,209.55,0,0,200,277,0,0,285,156.75,0,0,270,422.75,0,0,325,588.5,0,0,500,398.25,0,0,400,571.85,0,0,500,865.3
WBD077,DUTTA STOCK DEPOT,40,0,55,34,0,0,35,24,0,0,25,12,0,0,25,0,0,0,0,0,0,0,0,0,0,0,0,0,0,0,0,0,0,0,0,0,0,0,0,0,0,0,0,0,0,0,0,0
SKG001,GANESHENTERPRISES(SIKKIM),0,0,0,0,0,0,0,0,0,0,0,0,0,0,0,0,0,0,0,0,0,0,0,0,0,0,0,0,0,0,0,0,0,0,0,0,0,0,0,0,0,0,0,0,0,0,0,0
A178,ALAM TRADERS,600,338.6,550,562,600,128,500,577.5,0,0,450,417.5,0,0,400,600,0,0,500,552,0,0,450,360,0,0,400,400,0,0,375,190,0,0,600,722,0,0,550,224,0,0,550,199,0,0,500,326
A190,ANJUM TRADING,30,8,50,16,30,0,20,16,0,0,30,0,0,0,30,0,0,0,20,0,0,0,25,0,0,0,0,16,0,0,30,16,0,0,20,16,0,0,50,16,0,0,36,16,0,0,30,0
BHB007,BABLU TRADERS,275,0,400,884.25,300,0,300,419.5,0,0,280,129,0,0,300,45,0,0,250,221,0,0,150,48,0,0,200,124,0,0,275,185,0,0,260,0,0,0,320,89.5,0,0,250,70,0,0,225,0
BHB062,BHARAT STORE,400,288,225,380,350,110,240,311,0,0,200,263,0,0,175,230,0,0,150,244,0,0,100,200,0,0,200,218,0,0,200,241,0,0,320,385,0,0,300,150,0,0,325,230,0,0,400,484
BHS167,SHREE TRADERS,300,181,100,288,165,0,230,153,0,0,170,110,0,0,100,30,0,0,100,0,0,0,75,0,0,0,25,30,0,0,75,100,0,0,200,27,0,0,100,70,0,0,100,0,0,0,200,113
BHK041,KRISHNA ENTERPRISES (GOTHRA),350,1271.5,500,233,600,326.5,275,283,0,0,225,213,0,0,200,85,0,0,200,116,0,0,125,125,0,0,150,328,0,0,225,414,0,0,310,369,0,0,300,539,0,0,350,688.5,0,0,500,812.5
BHM058,M & T ENTERPRISES (BELWA),4000,4155.45,3200,4085.5,3700,1175.45,3100,3689.5,0,0,2600,2752.25,0,0,2300,2478.75,0,0,2500,2224,0,0,1600,1951.25,0,0,2250,2298.25,0,0,2100,2255,0,0,2500,4061,0,0,2750,2998.5,0,0,3800,3173.75,0,0,3900,4221.5
BHM001,MAA SHARDA IRON STORE,50,50,0,10,35,11.5,30,30.5,0,0,50,46,0,0,60,8,0,0,50,24,0,0,50,32,0,0,50,34,0,0,50,0,0,0,0,32,0,0,40,40,0,0,30,40,0,0,30,0
M404,MAHE TRADERS,310,299,330,308,250,24,250,234,0,0,250,268.5,0,0,175,209,0,0,225,117.5,0,0,150,150,0,0,150,146,0,0,175,176.5,0,0,200.2712,211,0,0,225,275,0,0,275,215,0,0,300,182
BHM104,MANNAT TRADERS,125,69,70,96,100,30,100,89,0,0,210,72,0,0,100,64,0,0,90,32,0,0,50,25,0,0,75,0,0,0,75,32.5,0,0,100,25,0,0,175,74,0,0,100,66,0,0,100,50
R214,RABBANI & CO.,305,354.5,500,294,400,108,400,379.75,0,0,300,357,0,0,250,317.5,0,0,300,302.5,0,0,250,212,0,0,270,234.5,0,0,275,218.5,0,0,300,370,0,0,350,261.5,0,0,300,217.25,0,0,300,317
R174,ROSHNI TRADING,700,164.8,1320,1340.5,800,0,1600,774,0,0,1250,323,0,0,1050,687.5,0,0,1000,685,0,0,600,564,0,0,800,566.5,0,0,725,291,0,0,750,0,0,0,850,80,0,0,900,654,0,0,1000,875
BHS162,SANDIP AGARWAL,2400,3146.75,1600,2300,2500,1082,2000,1804.75,0,0,1300,1300.75,0,0,1100,994.5,0,0,1700,960,0,0,1600,352.75,0,0,2100,620.25,0,0,1250,568.5,0,0,2000,984.5,0,0,1500,2544.25,0,0,2500,2784.75,0,0,3500,4994.75
BHS149,SEEMA TRADERS,175,180,220,151,175,46.5,150,166.5,0,0,190,160,0,0,175,160,0,0,210,78,0,0,115,151.5,0,0,150,113.5,0,0,110,89,0,0,150,226.5,0,0,195,128,0,0,220,200.5,0,0,175,294.5
BHS038,SOBHA IRON & STEEL,1250,720,1450,1205.25,1000,276,1500,585,0,0,1000,795,0,0,1100,1102.5,0,0,1200,401,0,0,1450,352.5,0,0,1000,640,0,0,950,645.75,0,0,1100,1107.5,0,0,1050,0,0,0,1100,950,0,0,1600,1097.5
BHI002,IMAMTRADERS,0,0,0,0,0,0,0,0,0,0,0,0,0,0,0,0,0,0,0,0,0,0,0,0,0,0,0,0,0,0,0,0,0,0,0,0,0,0,0,0,0,0,0,0,0,0,0,0
S443,SAVERAAGENCY,0,0,0,0,0,0,0,0,0,0,0,0,0,0,0,0,0,0,0,0,0,0,0,0,0,0,0,0,0,0,0,0,0,0,0,0,0,0,0,0,0,0,0,0,0,0,0,0
BHJ039,JAI SHRI KRISHNA TRADERS,332.5,335,300,305,250,60,310,187,0,0,220,240,0,0,175,263.5,0,0,250,256,0,0,125,296.5,0,0,200,231,0,0,175,195.5,0,0,235,337.5,0,0,450,251,0,0,300,245,0,0,400,190
BHK044,KW&JASIMTRADERS,0,0,0,0,0,0,0,0,0,0,0,0,0,0,0,0,0,0,0,0,0,0,0,0,0,0,0,0,0,0,0,0,0,0,0,0,0,0,0,0,0,0,0,0,0,0,0,0
BHM084,MAATRADERS(RANIGANJ),0,0,0,0,0,0,0,0,0,0,0,0,0,0,0,0,0,0,0,0,0,0,0,0,0,0,0,0,0,0,0,0,0,0,0,0,0,0,0,0,0,0,0,0,0,0,0,0
BHM106,MANJAR TRADERS AND BUILDING MATERIAL,105,109,120,60,125,0,60,65,0,0,100,30,0,0,90,0,0,0,120,60,0,0,50,35,0,0,90,35,0,0,60,70,0,0,100,125,0,0,130,65,0,0,100,35,0,0,60,105
BHS172,SAHAENTERPRISES(FORBESGANJ),0,0,0,0,0,0,0,0,0,0,0,0,0,0,0,0,0,0,0,0,0,0,0,0,0,0,0,0,0,0,0,0,0,0,0,0,0,0,0,0,0,0,0,0,0,0,0,0
BHC014,CHOUDHARY ENTERPRISES,25,0,0,0,25,0,0,25,0,0,0,25,0,0,0,25,0,0,0,0,0,0,0,0,0,0,0,0,0,0,25,25,0,0,220,0,0,0,215,0,0,0,25,37.5,0,0,325,0
BHD002,DEEP ENTERPRISES,100,90,80,30,100,25,80,101,0,0,60,120,0,0,80,65,0,0,100,60,0,0,60,25,0,0,80,60,0,0,60,30,0,0,50,136,0,0,100,101,0,0,100,101,0,0,100,140
BHG006,GAURAV ENTERPRISES,100,55,30,90,100,30,60,40,0,0,50,60,0,0,60,30,0,0,100,30,0,0,30,42,0,0,50,25,0,0,35,55,0,0,60,75,0,0,50,80,0,0,80,80,0,0,100,25
BHM012,MANISH TRADING,170,86.5,130,96,170,78,130,135.5,0,0,155,108.85,0,0,120,210,0,0,180,101,0,0,120,133,0,0,150,68,0,0,125,102,0,0,100,125,0,0,120,131,0,0,120,159,0,0,200,274.5
BHM111,MDSHAHANAWAZALAM,0,0,0,0,0,0,0,0,0,0,0,0,0,0,0,0,0,0,0,0,0,0,0,0,0,0,0,0,0,0,0,0,0,0,0,0,0,0,0,0,0,0,0,0,0,0,0,0
BHS007,SIDDIQUEENTERPRISES,0,0,0,0,0,0,0,0,0,0,0,0,0,0,0,0,0,0,0,0,0,0,0,0,0,0,0,0,0,0,0,0,0,0,0,0,0,0,0,0,0,0,0,0,0,0,0,0
BHS033,SUNIL TRADING (BARSOI),315,250,405,395,320,50,385,410,0,0,370,500,0,0,405,405,0,0,440,205,0,0,280,179,0,0,370,150,0,0,265,250,0,0,250,325,0,0,250,275,0,0,275,225,0,0,450,225
BHS176,SALAM SUPPLIERS,160,158,155,77,170,0,175,183,0,0,160,184,0,0,150,151,0,0,210,68.55,0,0,150,40,0,0,150,78.5,0,0,115,30,0,0,100,223,0,0,130,151.5,0,0,150,152,0,0,210,0
G083,GANGA ENTERPRISES,30,30,30,30,30,6,30,0,0,0,30,30,0,0,30,30,0,0,30,0,0,0,0,30,0,0,30,30,0,0,30,0,0,0,30,30,0,0,30,30,0,0,30,30,0,0,30,60
R126,RAJUTRADINGCO.,0,0,0,0,0,0,0,0,0,0,0,0,0,0,0,0,0,0,0,0,0,0,0,0,0,0,0,0,0,0,0,0,0,0,0,0,0,0,0,0,0,0,0,0,0,0,0,0
S363,SUDAMATRADERS,0,0,0,0,285,0,0,0,0,0,0,0,0,0,0,0,0,0,0,0,0,0,0,0,0,0,0,0,0,0,20,0,0,0,50,0,0,0,20,7,0,0,25,0,0,0,0,0
S410,SHREE NARSINGH TRADERS,50,0,25,0,0,0,25,0,0,0,0,0,0,0,0,0,0,0,0,0,0,0,0,0,0,0,0,0,0,0,0,0,0,0,0,0,0,0,0,0,0,0,0,7,0,0,60,0
S411,SHIV KHAD BEEJ BHANDAR,70,33.5,50,166,60,10,80,42,0,0,70,33.5,0,0,50,6,0,0,50,9,0,0,30,51,0,0,60,39.5,0,0,0,7,0,0,50,71,0,0,50,66,0,0,50,69,0,0,100,95.5
A152,ANNAPURNA TRADERS,350,241,450,537,350,15.5,450,417,0,0,400,411,0,0,405,283,0,0,430,298,0,0,340,259,0,0,400,338.5,0,0,440,358.1,0,0,420,677.8,0,0,510,166.5,0,0,600,227.5,0,0,610,446.45
BHF006,FLAH TRADERS,310,412,150,210,350,97.5,150,210,0,0,135,180,0,0,150,270,0,0,190,210,0,0,150,265,0,0,180,275,0,0,180,330,0,0,250,406.5,0,0,270,482.5,0,0,300,303.75,0,0,360,426.5
BHK018,KIRAN TRADERS (GARHBANAILI),50,12,90,95,50,0,80,30,0,0,50,30,0,0,50,30,0,0,50,55,0,0,30,0,0,0,40,25,0,0,30,6,0,0,80,18,0,0,100,18,0,0,60,0,0,0,150,12
BHM004,MANJARTRADERS,0,0,0,0,0,0,0,0,0,0,0,0,0,0,0,0,0,0,0,0,0,0,0,0,0,0,0,0,0,0,0,0,0,0,0,0,0,0,0,0,0,0,0,0,0,0,0,0
BHM115,M TRADERS,220,253,170,230,230,66.25,180,413,0,0,190,338.5,0,0,210,340,0,0,210,262,0,0,180,192,0,0,190,313.5,0,0,180,275,0,0,220,340,0,0,250,336,0,0,250,276,0,0,350,356
BHR034,RAHUL TRADEWING PVT. LTD.,60,38,60,6,60,2.5,20,0,0,0,0,14.75,0,0,0,9.5,0,0,20,27,0,0,20,0,0,0,20,18,0,0,20,17.75,0,0,60,0,0,0,80,5.5,0,0,100,2.5,0,0,80,13.5
BHS005,SKYLINE TRADERS,20,0,30,58,20,0,40,53,0,0,40,30,0,0,30,20,0,0,20,22,0,0,25,18,0,0,25,12.5,0,0,20,12,0,0,20,0,0,0,20,12,0,0,20,0,0,0,50,29
BHS158,S K TRADING,30,0,50,31,40,0,50,25,0,0,40,30,0,0,40,55,0,0,50,25,0,0,40,0,0,0,40,25,0,0,40,0,0,0,40,0,0,0,30,50,0,0,50,0,0,0,60,0
G099,GREEN CENTER,550,581.5,500,494.5,600,138,500,501.5,0,0,450,450.75,0,0,500,502.75,0,0,500,527,0,0,400,556.5,0,0,450,478.5,0,0,450,450.5,0,0,500,726,0,0,600,575.8,0,0,700,802.5,0,0,900,1047.75
BHM066,MAA DURGA TRADERS (BARHARA KOTHI),150,75.5,30,12.5,150,35.5,25,37,0,0,30,76,0,0,30,47.95,0,0,60,50,0,0,40,41.5,0,0,80,27,0,0,50,19,0,0,60,80,0,0,140,34.5,0,0,150,51.5,0,0,150,44
P173,PAPPU KRISHI KENDRA,400,374.95,500,310,500,60,510,500,0,0,490,180,0,0,450,240,0,0,500,360,0,0,350,240,0,0,530,306.5,0,0,450,450,0,0,520,352,0,0,620,315,0,0,750,462,0,0,950,475
S544,SAH TRADERS,50,30,20,0,50,0,20,0,0,0,0,25,0,0,20,10,0,0,30,45,0,0,25,25,0,0,25,25,0,0,25,30,0,0,50,60,0,0,60,60,0,0,60,25,0,0,90,60
BHA016,ADITYA ENTERPRISES (BIRNODH),160,160,200,254,200,60,225,300,0,0,225,225,0,0,175,175,0,0,250,100,0,0,175,75,0,0,170,100,0,0,150,100,0,0,160,205,0,0,175,125,0,0,200,200,0,0,250,275
BHR077,RAJKRISHIKENDRA,0,0,0,0,0,0,0,0,0,0,0,0,0,0,0,0,0,0,0,0,0,0,0,0,0,0,0,0,0,0,0,0,0,0,0,0,0,0,0,0,0,0,0,0,0,0,0,0
BHS165,SAHA&SONS,0,0,0,0,0,0,0,0,0,0,0,0,0,0,0,0,0,0,0,0,0,0,0,0,0,0,0,0,0,0,0,0,0,0,0,0,0,0,0,0,0,0,0,0,0,0,0,0
BHS095,SRIRAMTRADERS(VISHANPUR),0,0,0,0,0,0,0,0,0,0,0,0,0,0,0,0,0,0,0,0,0,0,0,0,0,0,0,0,0,0,0,0,0,0,0,0,0,0,0,0,0,0,0,0,0,0,0,0
BHS126,SAURAVTRADERS,0,0,0,0,0,0,0,0,0,0,0,0,0,0,0,0,0,0,0,0,0,0,0,0,0,0,0,0,0,0,0,0,0,0,0,0,0,0,0,0,0,0,0,0,0,0,0,0
BHT003,TULSYAN CEMENT & FERTILIZERS,50,0,30,0,50,0,50,35,0,0,25,30,0,0,30,30,0,0,50,0,0,0,35,30,0,0,50,50,0,0,50,0,0,0,50,50,0,0,55,25,0,0,55,25,0,0,60,50
BHM041,MAA LAXMI TRADERS (JICHHO),150,180,170,130,180,0,180,155,0,0,175,115,0,0,150,160,0,0,175,100,0,0,150,75,0,0,160,75,0,0,125,50,0,0,100,129.5,0,0,150,50,0,0,180,115,0,0,200,210
BHM051,MAA SHARDA TRADER (SULTANGANJ),170,175,100,150,180,0,120,230,0,0,130,160,0,0,150,110,0,0,150,60,0,0,125,60,0,0,150,80,0,0,125,90,0,0,175,175,0,0,125,90,0,0,125,145,0,0,175,210
BHM116,MAAKALITRADING(NAUGACHIYA),25,0,0,0,25,0,0,0,0,0,0,0,0,0,0,0,0,0,0,0,0,0,0,0,0,0,0,0,0,0,0,0,0,0,0,0,0,0,0,0,0,0,0,45,0,0,50,25
BHJ034,JAI BHAWANI TRADERS,0,0,0,0,0,0,0,0,0,0,0,0,0,0,0,0,0,0,0,0,0,0,0,0,0,0,0,0,0,0,0,0,0,0,0,0,0,0,0,0,0,0,0,0,0,0,0,0
BHM090,MAA SHARDA CEMENT AGENCY,75,25,80,60,60,25,85,55,0,0,50,60,0,0,75,75,0,0,100,50,0,0,75,25,0,0,80,25,0,0,60,55,0,0,60,35,0,0,60,25,0,0,85,0,0,0,75,55
BHJ042,JAI MAA LAXMI TRADERS (KURSELA),210,145,150,215,200,60,130,215,0,0,150,235,0,0,200,205,0,0,200,175,0,0,150,110,0,0,200,105,0,0,200,130,0,0,200,201,0,0,200,130,0,0,200,205,0,0,200,205
BHJ035,JOYAENTERPRISES,0,0,0,0,0,0,0,0,0,0,0,0,0,0,0,0,0,0,0,0,0,0,0,0,0,0,0,0,0,0,0,0,0,0,0,0,0,0,0,0,0,0,0,0,0,0,0,0
BHL001,LAXMI ENTERPRISES (BANKA),140,140,200,120,175,25,185,192,0,0,215,180,0,0,175,135,0,0,200,115,0,0,150,125,0,0,170,50,0,0,150,151,0,0,150,210,0,0,160,125,0,0,190,100,0,0,200,220
BHR065,R.K.STEEL(KATORIYA),0,0,0,0,0,0,0,0,0,0,0,0,0,0,0,0,0,0,0,0,0,0,0,0,0,0,0,0,0,0,0,0,0,0,0,0,0,0,0,0,0,0,0,0,0,0,0,0
BHY005,YUVNANDAN ENTERPRISES (RAJOUN),250,270,325,240,250,55,310,330,0,0,310,185,0,0,250,200,0,0,300,155,0,0,250,105,0,0,280,175,0,0,250,200,0,0,250,225,0,0,200,210,0,0,250,200,0,0,300,240
BHA025,ANAND TRADERS (BHAGALPUR),55,0,50,55,50,0,55,30,0,0,50,25,0,0,50,25,0,0,75,30,0,0,50,25,0,0,55,30,0,0,60,0,0,0,60,30,0,0,50,55,0,0,70,0,0,0,60,90
BHC008,CHHOTU TRADERS (SAINI),0,0,30,60,0,0,50,60,0,0,50,30,0,0,60,55,0,0,100,25,0,0,50,0,0,0,100,0,0,0,150,0,0,0,160,0,0,0,100,0,0,0,150,0,0,0,250,0
BHS114,SHOHARATENTERPRISES,0,0,0,0,0,0,0,0,0,0,0,0,0,0,0,0,0,0,0,0,0,0,0,0,0,0,0,0,0,0,0,0,0,0,0,0,0,0,0,0,0,0,0,0,0,0,0,0
BHD016,DHANIAUTOMOBILES,25,50,0,0,25,25,0,0,0,0,0,0,0,0,0,0,0,0,0,0,0,0,0,0,0,0,0,0,0,0,0,0,0,0,0,0,0,0,0,0,0,0,0,0,0,0,0,30
BHM112,MAA DURGA TRADERS,50,50,75,30,25,50,50,85,0,0,50,50,0,0,50,25,0,0,50,50,0,0,50,25,0,0,75,50,0,0,50,25,0,0,50,65,0,0,50,55,0,0,50,50,0,0,50,30
N143,NarayanEnterprises,0,0,0,0,0,0,0,0,0,0,0,0,0,0,0,0,0,0,0,0,0,0,0,0,0,0,0,0,0,0,0,0,0,0,0,0,0,0,0,0,0,0,0,0,0,0,0,0
BHB061,BRAJKISHORKUMAR,0,0,0,0,0,0,0,0,0,0,0,0,0,0,0,0,0,0,0,0,0,0,0,0,0,0,0,0,0,0,0,0,0,0,0,0,0,0,0,0,0,0,0,0,0,0,0,0
BHB010,BhagyalaxmiTraders,0,0,0,0,0,0,0,0,0,0,0,0,0,0,0,0,0,0,0,0,0,0,0,0,0,0,0,0,0,0,0,0,0,0,0,0,0,0,0,0,0,0,0,0,0,0,0,0
BHG031,GANPATITRADERS,0,0,0,0,0,0,0,0,0,0,0,0,0,0,0,0,0,0,0,0,0,0,0,0,0,0,0,0,0,0,0,0,0,0,0,0,0,0,0,0,0,0,0,0,0,0,0,0
BHA049,AMRENDRA KUMAR,0,0,25,0,0,0,50,30,0,0,25,0,0,0,25,0,0,0,100,0,0,0,50,0,0,0,75,0,0,0,0,0,0,0,0,0,0,0,0,0,0,0,135,0,0,0,200,0
BHM085,MAAJEEWACHHTRADERS(PASTPAR),0,0,0,0,0,0,0,0,0,0,0,0,0,0,0,0,0,0,0,0,0,0,0,0,0,0,0,0,0,0,0,0,0,0,0,0,0,0,0,0,0,0,0,0,0,0,0,0
BHS171,SAPNATRADERS,0,0,0,0,0,0,0,0,0,0,0,0,0,0,0,0,0,0,0,0,0,0,0,0,0,0,0,0,0,0,0,0,0,0,0,0,0,0,0,0,0,0,0,0,0,0,0,0
BHM094,MUNCHUN TRADERS,25,0,50,0,100,0,25,0,0,0,25,0,0,0,25,0,0,0,125,0,0,0,50,25,0,0,50,0,0,0,25,25,0,0,25,0,0,0,25,0,0,0,25,0,0,0,25,0
BHA070,ANKUR ENTERPRISES (MADHEPURA),50,25,75,41,25,0,75,25,0,0,50,55,0,0,50,50,0,0,50,25,0,0,50,50,0,0,50,25,0,0,50,25,0,0,50,50,0,0,50,0,0,0,25,25,0,0,25,50
P182,PALLAVIENTERPRISES(BACHWARA),0,0,0,0,0,0,0,0,0,0,0,0,0,0,0,0,0,0,0,0,0,0,0,0,0,0,0,0,0,0,0,0,0,0,0,0,0,0,0,0,0,0,0,0,0,0,0,0
BHT010,TUK TUK ENTERPRISES,100,145,75,180,145,30,100,145,0,0,80,195,0,0,125,175,0,0,125,100,0,0,125,130,0,0,150,120,0,0,150,150,0,0,175,199.75,0,0,125,105,0,0,150,55,0,0,250,115
I026,IDEALCONSTRUCTION&CO,0,0,0,0,0,0,0,0,0,0,0,0,0,0,0,0,0,0,0,0,0,0,0,0,0,0,0,0,0,0,0,0,0,0,0,0,0,0,0,0,0,0,0,0,0,0,0,0
BHK045,KANHAIYA ENTERPRISES (TEGHRA),150,150,150,95,130,0,90,145,0,0,125,205,0,0,125,145,0,0,100,125,0,0,130,130,0,0,125,95,0,0,130,145,0,0,160,169.75,0,0,125,130,0,0,150,105,0,0,150,155
BHM054,MAHAVEER TRADERS (KHODAWANPUR),150,150,125,177,125,20,125,140,0,0,125,130,0,0,140,142.5,0,0,100,110,0,0,100,145,0,0,150,150.5,0,0,125,100,0,0,100,189.5,0,0,75,80,0,0,100,140,0,0,155,190
A259,AADITYATRADERS,0,0,0,0,0,0,0,0,0,0,0,0,0,0,0,0,0,0,50,0,0,0,0,0,0,0,0,0,0,0,0,0,0,0,0,0,0,0,0,0,0,0,0,0,0,0,0,0
BHS040,SUMAN ENTERPRISES,25,0,0,25,12.5,15,10,5,0,0,0,30,0,0,15,15,0,0,50,15,0,0,15,0,0,0,15,5,0,0,10,5,0,0,10,0,0,0,10,15,0,0,25,15,0,0,25,0
P201,PALLAVIENTERPRISES(BISHANPUR),0,0,25,0,25,0,0,0,0,0,0,0,0,0,0,0,0,0,75,0,0,0,0,0,0,0,0,0,0,0,50,0,0,0,0,0,0,0,0,0,0,0,0,0,0,0,50,0
S380,SHREE BHARDWAJ STEEL,50,50,0,0,50,25,0,0,0,0,0,0,0,0,0,25,0,0,50,25,0,0,25,25,0,0,25,25,0,0,25,75,0,0,50,25,0,0,25,25,0,0,25,50,0,0,50,25
M317,MOURYA IRON TRADERS,60,0,125,0,60,0,130,60,0,0,60,65,0,0,90,95,0,0,105,60,0,0,60,65,0,0,60,30,0,0,60,60,0,0,100,59.5,0,0,120,0,0,0,60,0,0,0,60,60
M312,MAAJAGDAMBATRADERS,0,0,0,0,0,0,0,0,0,0,0,0,0,0,0,0,0,0,0,0,0,0,0,0,0,0,0,0,0,0,0,0,0,0,0,0,0,0,0,0,0,0,0,0,0,0,0,0
M411,MITHI TRADING CO.,100,60,60,60,90,60,50,60,0,0,30,90,0,0,60,140,0,0,120,60,0,0,90,90,0,0,105,25,0,0,60,85,0,0,100,90,0,0,60,30,0,0,90,120,0,0,175,180
C120,CHAURASIA TRADING (SOBHANI),125,135,125,30,125,50,120,105,0,0,100,115,0,0,100,105,0,0,125,125,0,0,125,100,0,0,125,125,0,0,100,125,0,0,150,150,0,0,125,50,0,0,125,125,0,0,150,180
K193,KESHARI TRADING,95,50,45,50,90,25,60,110,0,0,60,80,0,0,60,104.75,0,0,100,89.75,0,0,75,50,0,0,75,25,0,0,55,80,0,0,90,90,0,0,90,100,0,0,100,50,0,0,100,100
BHS175,SHREEGANPATITRADERS,0,0,0,0,0,0,0,0,0,0,0,0,0,0,0,0,0,0,0,0,0,0,0,0,0,0,0,0,0,0,0,0,0,0,0,0,0,0,0,0,0,0,0,0,0,0,0,0
BHR043,RAHULENTERPRISES(SINGHIYAGHAT),0,0,0,0,0,0,0,0,0,0,0,0,0,0,0,0,0,0,0,0,0,0,0,0,0,0,0,0,0,0,0,0,0,0,0,0,0,0,0,0,0,0,0,0,0,0,0,0
BHM018,M.R.ENTERPRISES,0,0,0,0,0,0,0,0,0,0,0,0,0,0,0,0,0,0,0,0,0,0,0,0,0,0,0,0,0,0,0,0,0,0,0,0,0,0,0,0,0,0,0,0,0,0,0,0
BHM102,MAHAVEERSTEEL,0,0,0,0,0,0,0,0,0,0,0,0,0,0,0,0,0,0,0,0,0,0,0,0,0,0,0,0,0,0,0,0,0,0,0,0,0,0,0,0,0,0,0,0,0,0,0,0
BHJ033,JAYMAALAXMITRADERS,0,0,0,0,0,0,0,0,0,0,0,0,0,0,0,0,0,0,0,0,0,0,0,0,0,0,0,0,0,0,0,0,0,0,0,0,0,0,0,0,0,0,0,0,0,0,0,0
BHG005,GAMI & SONS TRADERS,0,0,25,0,0,0,20,0,0,0,20,0,0,0,0,0,0,0,25,0,0,0,20,0,0,0,40,0,0,0,30,0,0,0,15,0,0,0,25,0,0,0,35,0,0,0,70,0
K140,KUMARTRADERS(MANIHARI),0,0,0,0,0,0,0,0,0,0,0,0,0,0,0,0,0,0,0,0,0,0,0,0,0,0,0,0,0,0,0,0,0,0,0,0,0,0,0,0,0,0,0,0,0,0,0,0
BHS058,SHIVAMTRADERS(BASAULI),0,0,0,0,0,0,0,0,0,0,0,0,0,0,0,0,0,0,0,0,0,0,0,0,0,0,0,0,0,0,0,0,0,0,0,0,0,0,0,0,0,0,0,0,0,0,0,0
BHM113,MAAVAISHANOTRADERS,0,0,0,0,0,0,0,0,0,0,0,0,0,0,0,0,0,0,0,0,0,0,0,0,0,0,0,0,0,0,0,0,0,0,0,0,0,0,0,0,0,0,0,0,0,0,0,0
BHS106,SRI GANPATI TRADERS (PILKHI),30,0,25,80,30,0,25,50,0,0,25,50,0,0,30,55,0,0,50,0,0,0,70,33,0,0,50,25,0,0,30,25,0,0,30,45,0,0,35,35,0,0,30,10,0,0,50,45.5
O022,OMTRADERS(MUZAFFARPUR),0,0,0,0,0,0,0,0,0,0,0,0,0,0,0,0,0,0,0,0,0,0,0,0,0,0,0,0,0,0,0,0,0,0,0,0,0,0,0,0,0,0,0,0,0,0,0,0
R131,R.S. TRADERS,10,5,15,0,20,0,10,0,0,0,10,0,0,0,15,5,0,0,15,0,0,0,50,15,0,0,10,0,0,0,15,0,0,0,15,20,0,0,15,5,0,0,20,0,0,0,25,0
BHA071,ARYANTRADERS,0,0,0,0,0,0,0,0,0,0,0,0,0,0,0,0,0,0,0,0,0,0,0,0,0,0,0,0,0,0,0,0,0,0,0,0,0,0,0,0,0,0,0,0,0,0,0,0
BHB037,BAJRANG TRADERS (SAKRA),25,0,45,25,30,0,25,0,0,0,25,0,0,0,35,0,0,0,50,0,0,0,50,25,0,0,25,25,0,0,30,0,0,0,25,50,0,0,25,25,0,0,30,0,0,0,50,50
BHM024,MAHALAXMICEMENTBHANDAR,25,0,15,0,20,0,0,0,0,0,0,0,0,0,0,0,0,0,30,0,0,0,0,0,0,0,50,0,0,0,40,0,0,0,10,0,0,0,20,0,0,0,25,0,0,0,20,10
BHS043,SAIF ALI TRADERS,0,0,20,25,0,0,25,20,0,0,15,0,0,0,25,0,0,0,30,0,0,0,65,0,0,0,70,0,0,0,50,0,0,0,25,0,0,0,20,0,0,0,30,0,0,0,40,0
M398,MAATRADERS(SITAMARHI),0,0,0,0,0,0,0,0,0,0,0,0,0,0,0,0,0,0,0,0,0,0,0,0,0,0,0,0,0,0,0,0,0,0,0,0,0,0,0,0,0,0,0,0,0,0,0,0
BHS141,SRI RAVI TRADERS (PAMRA),30,0,30,25,30,0,25,45,0,0,20,25,0,0,45,0,0,0,50,25,0,0,35,0,0,0,50,20,0,0,30,25,0,0,50,25,0,0,30,25,0,0,35,25,0,0,40,25
BHL015,LAXMI TRADERS (SITAMARHI),25,0,30,25,30,0,30,25,0,0,20,0,0,0,25,0,0,0,40,25,0,0,55,25,0,0,50,0,0,0,35,0,0,0,40,25,0,0,30,0,0,0,35,25,0,0,35,30
BHL014,LALTRADERS,0,0,0,0,0,0,0,0,0,0,0,0,0,0,0,0,0,0,0,0,0,0,0,0,0,0,0,0,0,0,0,0,0,0,0,0,0,0,0,0,0,0,0,0,0,0,0,0
BHA069,ASHRAFENTERPRISES(SITAMARHI),0,0,10,0,20,0,10,0,0,0,0,0,0,0,0,0,0,0,30,0,0,0,20,0,0,0,45,0,0,0,0,0,0,0,30,0,0,0,65,0,0,0,20,0,0,0,40,0
BHM117,MAHADEV TRADERS,35,0,25,35,35,35,35,0,0,0,35,0,0,0,30,0,0,0,50,0,0,0,40,0,0,0,70,30,0,0,50,30,0,0,35,0,0,0,30,30,0,0,30,0,0,0,35,30
BHR079,RAM JANKI TRADERS,125,75,70,165,120,25,70,160,0,0,75,225,0,0,100,117.5,0,0,200,80,0,0,110,75,0,0,100,55,0,0,100,125,0,0,95,150,0,0,100,175,0,0,150,155,0,0,200,200
BHS170,SHIVA TRADERS (MAJORGANJ),70,101,45,65,100,30,40,50,0,0,40,40,0,0,75,90,0,0,150,60,0,0,70,30,0,0,70,60,0,0,75,90,0,0,75,105,0,0,60,60,0,0,90,125,0,0,125,135
BHA060,ANUSHKA TRADERS,50,30,65,65,70,0,70,40,0,0,45,0,0,0,45,85,0,0,100,30,0,0,100,0,0,0,80,0,0,0,85,0,0,0,50,60,0,0,50,55,0,0,70,60,0,0,80,115
BHM013,MAHADEV STEEL,50,23,35,0,30,0,30,0,0,0,25,0,0,0,45,17.5,0,0,60,33,0,0,40,30,0,0,40,0,0,0,40,20,0,0,45,24,0,0,50,0,0,0,30,40,0,0,50,45
BHK003,KISANSEVAKENDRA,20,0,0,0,0,0,0,0,0,0,0,0,0,0,0,0,0,0,0,0,0,0,0,0,0,0,0,0,0,0,0,0,0,0,0,0,0,0,0,0,0,0,0,0,0,0,0,0
BHJ028,JAIMATADIENTERPRISES(GULABBAG),0,0,0,0,0,0,0,0,0,0,0,0,0,0,0,0,0,0,0,0,0,0,0,0,0,0,0,0,0,0,0,0,0,0,0,0,0,0,0,0,0,0,0,0,0,0,0,0
N163,NSTRADINGCO(SARAI),0,0,0,0,0,0,0,0,0,0,0,0,0,0,0,0,0,0,0,0,0,0,0,0,0,0,0,0,0,0,0,0,0,0,0,0,0,0,0,0,0,0,0,0,0,0,0,0
BHK024,KRISHNATRADERS(DHANRUA),0,0,0,0,0,0,0,0,0,0,0,0,0,0,0,0,0,0,0,0,0,0,0,0,0,0,0,0,0,0,0,0,0,0,0,0,0,0,0,0,0,0,0,0,0,0,0,0
BHC007,CHANDRAMANISTEEL(SONARUMORE),0,0,0,0,0,0,0,0,0,0,0,0,0,0,0,0,0,0,0,0,0,0,0,0,0,0,0,0,0,0,0,0,0,0,0,0,0,0,0,0,0,0,0,0,0,0,0,0
BHS093,SHIVSHAKTITRADERS(DANAPUR),0,0,0,0,0,0,0,0,0,0,0,0,0,0,0,0,0,0,0,0,0,0,0,0,0,0,0,0,0,0,0,0,0,0,0,0,0,0,0,0,0,0,0,0,0,0,0,0
BHC001,CHAUDHARY&SONS(SARAI),0,0,0,0,0,0,0,0,0,0,0,0,0,0,0,0,0,0,0,0,0,0,0,0,0,0,0,0,0,0,0,0,0,0,0,0,0,0,0,0,0,0,0,0,0,0,0,0
A192,ASHISHTRADERS,0,0,0,0,0,0,0,0,0,0,0,0,0,0,0,0,0,0,0,0,0,0,0,0,0,0,0,0,0,0,0,0,0,0,0,0,0,0,0,0,0,0,0,0,0,0,0,0
BHS089,SATYAM TRADERS (HAJIPUR),25,0,25,50,25,25,35,40,0,0,35,0,0,0,25,0,0,0,50,0,0,0,30,0,0,0,30,0,0,0,30,0,0,0,30,0,0,0,25,0,0,0,25,15,0,0,30,40
C114,CHOUDHARYTRADERS(VAISHALI),0,0,0,0,0,0,0,0,0,0,0,0,0,0,0,0,0,0,0,0,0,0,0,0,0,0,0,0,0,0,0,0,0,0,0,0,0,0,0,0,0,0,0,0,0,0,0,0
NEB189,BKCONSTRUCTION(BELTOLA),0,0,0,0,0,0,0,0,0,0,0,0,0,0,0,0,0,0,0,0,0,0,0,0,0,0,0,0,0,0,0,0,0,0,0,0,0,0,0,0,0,0,0,0,0,0,0,0
NEB026,BHOLA TRADERS .,630,923.5,750,502.5,605,356.5,750,506.5,0,0,600,594.75,0,0,640,647.25,0,0,924,756.25,0,0,820,621,0,0,650,785.5,0,0,1044,656,0,0,1044,664,0,0,990,804.75,0,0,945,739.4,0,0,1265,931.85
NEC082,CEMENT HOUSE (GHY),935,693.75,750,579,660,307,500,534,0,0,480,513.6,0,0,740,1110,0,0,1224,983.75,0,0,1000,769.9,0,0,800,1009.5,0,0,1200,1203.4,0,0,1200,1149.35,0,0,1320,990.75,0,0,1260,1338.9,0,0,1485,909
NED086,DHANSHREE STEELS,0,0,50,0,0,0,0,0,0,0,0,0,0,0,0,0,0,0,0,0,0,0,0,0,0,0,0,0,0,0,0,0,0,0,0,0,0,0,0,0,0,0,0,0,0,0,0,0
NED022,DUDJAN STORE,0,10.5,20,20.5,0,0,25,3.5,0,0,3.5,0,0,0,0,0,0,0,0,0,0,0,0,0,0,0,0,0,0,0,0,3.5,0,0,0,3.5,0,0,0,0,0,0,0,0,0,0,0,3.5
E018,ENGINEERING ENTERPRISES .,40,0,30,10,22,0,25,18,0,0,20,2,0,0,30,0,0,0,36,0,0,0,30,24.5,0,0,30,21,0,0,60,22.5,0,0,60,40,0,0,60.5,25.5,0,0,60.5,24,0,0,66,6
G056,GANAPATI CEMENT CENTRE,0,0,50,3.5,0,0,3.5,0,0,0,3,0,0,0,0,0,0,0,0,0,0,0,0,0,0,0,0,0,0,0,0,0,0,0,0,0,0,0,0,0,0,0,0,0,0,0,0,0
K008,KAILASH ENTERPRISE,0,0,50,0,0,0,0,0,0,0,0,0,0,0,0,0,0,0,0,0,0,0,0,0,0,0,0,0,0,0,24,22,0,0,24,3.5,0,0,22,7,0,0,22,8,0,0,27.5,0
K010,KAILASH TRADERS (GUWAHATI),40,0,40,0,0,0,0,0,0,0,0,0,0,0,0,0,0,0,0,0,0,0,0,0,0,0,0,0,0,0,24,7,0,0,24,0,0,0,22,0,0,0,22,3.5,0,0,22,0
NEM178,MAADURGAENTERPRISE(GHY),0,0,0,0,0,0,0,0,0,0,0,0,0,0,0,0,0,0,0,0,0,0,0,0,0,0,0,0,0,0,0,0,0,0,0,0,0,0,0,0,0,0,0,0,0,0,0,0
NEN098,NILACHAL PAINTS & SANITARY,40,0,20,0,0,0,25,0,0,0,0,0,0,0,0,0,0,0,0,0,0,0,0,0,0,0,20,6,0,0,24,4,0,0,24,6,0,0,22,0,0,0,22,0,0,0,22,0
S169,SANNI STEEL,165,138.5,200,143.25,110,41.75,100,65,0,0,70,107,0,0,150,194.5,0,0,204,149.05,0,0,150,82,0,0,175,171.5,0,0,240,248.05,0,0,240,155,0,0,220,168.25,0,0,210,125,0,0,319,75.5
S264,SHARMA BUILDERS,40,55,120,88,55,23.5,80,51.5,0,0,60,83.5,0,0,80,51.5,0,0,96,59,0,0,80,28,0,0,80,50.5,0,0,120,88.5,0,0,120,70.5,0,0,99,64.5,0,0,99,70.5,0,0,88,151.5
NES157,SHIVAM HARDWARE (PANBARI) .,0,0,500,354.5,0,0,200,13,0,0,20,0,0,0,275,0,0,0,0,0,0,0,245,0,0,0,25,0,0,0,180,0,0,0,180,0,0,0,55,0,0,0,44,0,0,0,44,0
S111,SHREE DURGA HARDWARE,40,115.75,50,3.5,22,40.75,0,0,0,0,0,0,0,0,10,0,0,0,0,0,0,0,0,0,0,0,20,0,0,0,24,8,0,0,24,29,0,0,22,20,0,0,22,50.5,0,0,22,90.25
NES174,SHRIKRISHNABUILDMART(GHY),40,0,20,0,0,0,50,0,0,0,0,0,0,0,0,0,0,0,24,0,0,0,0,0,0,0,0,0,0,0,24,0,0,0,24,0,0,0,33,0,0,0,33,0,0,0,33,0
S075,SONAPUR CEMENT CENTRE .,140,134,250,202.5,110,65.5,350,190.5,0,0,100,157,0,0,225,212.5,0,0,240,150,0,0,150,151,0,0,150,110.5,0,0,180,151,0,0,180,367.5,0,0,198,278.5,0,0,189,404,0,0,418,169
NEA194,ASHOK SUPPLY AGENCY,40,7,150,7,22,0,7,14,0,0,7,0,0,0,0,0,0,0,0,0,0,0,0,0,0,0,0,0,0,0,24,0,0,0,24,0,0,0,22,0,0,0,22,0,0,0,22,3.5
B103,BISWAS ENTERPRISE (GUWAHATI),30,40,50,25.5,44,16.5,35,39,0,0,30,51.5,0,0,32,54.5,0,0,54,51,0,0,40,9.5,0,0,30,22.5,0,0,48,51.5,0,0,48,63,0,0,77,29.5,0,0,88,36,0,0,99,24.5
NED071,D.B. ENTERPRISE (GHY),90,91,80,70,99,33,105,83,0,0,65,87.25,0,0,130,143,0,0,150,128.5,0,0,110,59.5,0,0,105,106.5,0,0,132,115,0,0,132,92,0,0,121,116.5,0,0,121,122.5,0,0,132,129
NED098,DAS BROTHERS,90,60,50,54,44,0,60,18.5,0,0,30,22,0,0,20,50,0,0,48,0,0,0,50,22,0,0,20,59.5,0,0,60,41,0,0,60,59,0,0,33,44,0,0,66,0,0,0,99,3
NEG073,GHOSHTRADERS,0,0,80,0,0,0,0,0,0,0,0,0,0,0,0,0,0,0,0,0,0,0,0,0,0,0,0,0,0,0,24,0,0,0,24,0,0,0,0,0,0,0,20,0,0,0,11,0
NEG085,GUWAHATI SUPPLY AGENCY,40,20,20,21,22,16,14,23,0,0,20,35,0,0,0,31.5,0,0,24,28,0,0,0,21,0,0,20,33.5,0,0,36,21,0,0,36,20.5,0,0,22,20,0,0,22,32.5,0,0,22,20
NEK130,KABEER SALES AND CONSTRUCTION,120,144,250,270,154,58.5,250,131.5,0,0,80,158,0,0,180,214,0,0,162,135,0,0,135,138,0,0,135,148,0,0,180,216,0,0,180,211,0,0,192.5,262.5,0,0,183.75,217.5,0,0,192.5,141
K109,KALITA ENTERPRISE (LOKHRA),40,0,20,3.5,22,0,25,7,0,0,10,0,0,0,20,0,0,0,24,0,0,0,0,3.5,0,0,20,3.5,0,0,24,5.5,0,0,24,23.5,0,0,22,3.5,0,0,22,20,0,0,22,3.5
K046,KALITA SUPPLY AGENCY,100,62,80,102.5,66,20,50,49.5,0,0,50,23,0,0,85,36.5,0,0,60,51.5,0,0,45,23,0,0,20,66.5,0,0,60,66,0,0,60,82,0,0,121.275,49.5,0,0,88,82.5,0,0,88,56
NEK123,KAMRUP STEEL (GHY) .,510,499.25,400,407.5,495,193,450,450,0,0,355,408,0,0,500,563.25,0,0,606,503,0,0,400,323.75,0,0,410,425.5,0,0,600,503,0,0,600,533,0,0,660,602,0,0,630,643,0,0,990,555
NEM189,MAA KAMAKHYA ENTERPRISE (GHY),40,0,50,3.5,22,7,0,0,0,0,0,3.5,0,0,0,3.5,0,0,0,0,0,0,0,0,0,0,0,0,0,0,24,21,0,0,24,20,0,0,0,21,0,0,22,23.5,0,0,22,7
P097,P.S.ENTERPRISE (GUWAHATI),40,25.5,20,24.5,22,3.5,22,10.5,0,0,10,0,0,0,0,0,0,0,0,0,0,0,0,0,0,0,0,0,0,0,24,37.5,0,0,24,14,0,0,22,14,0,0,22,21,0,0,22,7.5
P134,PRAGATI ENTERPRISE,50,40,130,73.5,55,12,80,38,0,0,60,36,0,0,60,63.5,0,0,75,72,0,0,80,55.5,0,0,70,58.5,0,0,70,60,0,0,80,52,0,0,70,48,0,0,50,55.5,0,0,55.5,64.5
NER181,RSENTERPRISE,0,0,0,0,0,0,0,0,0,0,0,0,0,0,0,0,0,0,0,0,0,0,0,0,0,0,0,0,0,0,0,0,0,0,0,0,0,0,0,0,0,0,0,0,0,0,0,0
NER102,RUPNAGAR HARDWARE (GHY),90,77.5,80,25.5,121,33,105,106.5,0,0,80,44,0,0,100,128,0,0,150,70,0,0,105,55,0,0,100,101,0,0,132,111.5,0,0,132,113.75,0,0,132,120.5,0,0,132,125,0,0,137.5,128.5
S017,SANCHITAENTERPRISE,0,0,0,0,0,0,0,0,0,0,0,0,0,0,0,0,0,0,0,0,0,0,0,0,0,0,0,0,0,0,0,0,0,0,0,0,0,0,0,0,0,0,0,0,0,0,0,0
S151,SHIV ENTERPRISE .,1375,1386.25,1400,1884.25,1915.1,635,1870,1741,0,0,1700,1026.75,0,0,1325,1928.5,0,0,2124,1613.75,0,0,1600,1204.25,0,0,1450,1487,0,0,1980,1798,0,0,1980,1787,0,0,2035,1662,0,0,1953,1499.25,0,0,2563,1229.25
NES216,SHIVAM TRADERS (GHY),0,0,20,0,0,0,0,0,0,0,0,0,0,0,0,0,0,0,0,0,0,0,0,0,0,0,0,20,0,0,24,0,0,0,24,0,0,0,22,0,0,0,0,0,0,0,0,0
S118,SHREE GAJRAJ BUILDERS,0,0,70,3.5,0,0,3.5,0,0,0,0,0,0,0,0,0,0,0,0,0,0,0,0,20,0,0,0,0,0,0,24,0,0,0,24,0,0,0,0,0,0,0,20,10.5,0,0,11,0
NES296,SHREE GANESH ENTERPRISE (GHY),60,21,90,23.5,22,23.5,100,3.5,0,0,55,3.5,0,0,30,3.5,0,0,12,7,0,0,20,3.5,0,0,20,0,0,0,36,0,0,0,36,7,0,0,22,0,0,0,22,0,0,0,33,11.5
NES386,SHREE MAA STORES (GHY),0,0,20,0,0,0,20,0,0,0,0,0,0,0,0,0,0,0,0,0,0,0,0,0,0,0,20,0,0,0,0,0,0,0,0,0,0,0,0,0,0,0,0,0,0,0,0,0
NES295,S K TRADERS (GHY),0,0,50,3.5,22,4,7,0,0,0,0,0,0,0,0,0,0,0,0,0,0,0,0,0,0,0,0,0,0,0,24,0,0,0,24,3.5,0,0,22,3.5,0,0,22,3.5,0,0,22,3.5
T001,T.D.TIMBER SHOP .,40,10.5,20,16.5,22,14,14,7,0,0,10,10.5,0,0,14,21,0,0,30,26,0,0,25,7,0,0,20,7,0,0,24,10.5,0,0,24,38.5,0,0,55,16.5,0,0,22,21,0,0,22,3.5
A010,ADHIKARY ENTERPRISE .,3050,3396.5,3750,3300,3410,1255,3500,2961.75,0,0,2650,2368,0,0,2750,2940,0,0,3465,2554.75,0,0,2800,2127,0,0,2750,2455.75,0,0,3430,2474,0,0,3070,2813,0,0,3000,2893.5,0,0,3025,3327.5,0,0,4300,3482
J033,JINTI HARDWARE,110,129.5,105,91,121,26,100,89.5,0,0,80,104,0,0,100,117,0,0,130,168.5,0,0,120,90,0,0,130,129.5,0,0,100,78,0,0,130,126.5,0,0,80,103.5,0,0,105,142.5,0,0,175,116.5
S351,S.B.ENTERPRISE (CHHAYGAON),2300,2331.5,2500,2189.5,2530,683,2500,1791,0,0,1320,1597,0,0,1700,2011.5,0,0,2200,1751.5,0,0,1950,1370,0,0,1714,1503,0,0,2000,1347.5,0,0,1700,1551,0,0,1943,1907,0,0,2350,3106,0,0,3200,2297.5
NEA103,ASHA ENTERPRISE (GHY),0,0,50,0,0,0,25,13,0,0,25,12.5,0,0,38,0,0,0,23,0,0,0,0,0,0,0,12.5,0,0,0,39,0,0,0,55,0,0,0,0,0,0,0,0,0,0,0,0,0
A200,ASSAM HARDWARE (GHY),950,1006.5,1200,877.5,1072.5,314.5,1050,945.5,0,0,775,748.5,0,0,875,1057,0,0,1100,959.5,0,0,1000,818.75,0,0,975,960.5,0,0,1000,899.5,0,0,1075,1082,0,0,1025,895.5,0,0,1100,1070,0,0,1350,1275.8
NEB094,B.D. ENTERPRISE (GHY) .,75,103.5,150,98,110,43.5,110,110,0,0,100,84,0,0,100,107.5,0,0,120,65,0,0,100,63.5,0,0,80,65,0,0,150,90.5,0,0,155,91,0,0,100,69.5,0,0,100,131,0,0,150,227
B054,BAISHYA TRADERS,130,142.5,350,253,143,55.5,291,208,0,0,250,200,0,0,275,305,0,0,300,210.5,0,0,350,151,0,0,300,144,0,0,185,129,0,0,200,155,0,0,220,167,0,0,250,181,0,0,250,135
NEB143,BIBIDHA HARDWARE,130,212.5,160,144.5,143,77,150,141.85,0,0,130,146.5,0,0,160,158,0,0,165,150.5,0,0,230,97.5,0,0,130,161,0,0,170,154.25,0,0,120,153.45,0,0,135,143.75,0,0,150,157.75,0,0,174.75,158.5
NEC003,CHITRA ENTERPRISE,145,221,160,182,169.4,65,200,200.5,0,0,150,206,0,0,210,195,0,0,208,298.5,0,0,224.5,142,0,0,200,230,0,0,255,252.5,0,0,255,215,0,0,135,191,0,0,210,305,0,0,300,208
NEL046,LABANYA ENTERPRISE,0,0,25,0,0,0,20,12.5,0,0,20,0,0,0,13,0,0,0,20,0,0,0,13,0,0,0,13,0,0,0,13,0,0,0,0,0,0,0,0,0,0,0,0,0,0,0,0,0
NEL054,LILA HARDWARE,5,0,30,14,5.5,0,33,14,0,0,20,16.5,0,0,20,13,0,0,50,3.5,0,0,3.5,0,0,0,3.5,7,0,0,15,7,0,0,9.5,3.5,0,0,15,11,0,0,16,3.75,0,0,3.75,5.25
M220,MAA ENTERPRISE (GUWAHATI),0,3.5,0,0,0,0,50,13,0,0,25,12.5,0,0,13,25,0,0,50,25,0,0,25,12.5,0,0,25,20.5,0,0,30,17.5,0,0,25,40.5,0,0,25,21,0,0,35,21,0,0,25,0
N019,NIRMAL HARDWARE,950,737,1050,841,1072.5,288,905,809,0,0,675,689.5,0,0,800,1005.5,0,0,1100,1009,0,0,1000,682.5,0,0,950,855.5,0,0,1000,812,0,0,1075,867,0,0,1100,844.5,0,0,1100,959.5,0,0,1225,951.5
NEO012,OMENTERPRISES,0,0,0,0,0,0,0,0,0,0,0,0,0,0,0,0,0,0,0,0,0,0,0,0,0,0,0,0,0,0,0,0,0,0,0,0,0,0,0,0,0,0,0,0,0,0,0,0
NEP100,PARIJAT STEEL (GHY),0,0,900,469,0,0,600,636.5,0,0,550,585,0,0,625,639.25,0,0,735,579.75,0,0,615,454.5,0,0,565,443.5,0,0,510,460.95,0,0,500,405.5,0,0,550,151.5,0,0,0,0,0,0,0,0
NER184,RABEN KALITA ENTERPRISE,80,80.5,60,0,88,10.5,50,13,0,0,20,26,0,0,25,31.5,0,0,50,23,0,0,39,0,0,0,24,25.5,0,0,35,52,0,0,63,140.5,0,0,100,101,0,0,134,125.5,0,0,150,107
NER095,RAHUL TRADERS (GHY) .,1150,991.5,1260,1025.5,1270.5,359,1050,1145,0,0,1000,1007,0,0,1050,1300.5,0,0,1300,1076.5,0,0,1200,930,0,0,1125,1135.5,0,0,1300,1025,0,0,1250,1052,0,0,1200,962.5,0,0,1150,1284,0,0,1650,1449.5
NER084,RAJIV TRADERS (GHY),450,499.5,460,525,511.5,185.2,450,472.5,0,0,350,402.5,0,0,450,573.5,0,0,500,507.5,0,0,515,385,0,0,500,472.5,0,0,510,437.5,0,0,400,420,0,0,535,385,0,0,475,472,0,0,600,481
R013,RAMA HARDWARE,0,0,60,25.5,0,0,50,12.5,0,0,50,0,0,0,0,0,0,0,0,0,0,0,0,0,0,0,0,0,0,0,0,0,0,0,0,0,0,0,0,0,0,0,0,0,0,0,0,0
S014,SALEN ENTERPRISE,7,3.5,35,3.5,7.7,0,20,3.5,0,0,20,7,0,0,20,7,0,0,25,3.5,0,0,13,7,0,0,13,7,0,0,13,7,0,0,13,10.5,0,0,15,14,0,0,35,7,0,0,6.5,7
NES075,SARMAENTEPRISE,0,0,0,0,0,0,0,0,0,0,0,0,0,0,0,0,0,0,0,0,0,0,0,0,0,0,0,0,0,0,0,0,0,0,0,0,0,0,0,0,0,0,0,0,0,0,0,0
NES025,SARMA HARDWARE (GUWAHATI),450,452.5,500,542,495,185.5,500,500.75,0,0,400,400.75,0,0,400,551.65,0,0,499.5,475.5,0,0,450,370.9,0,0,450,416.45,0,0,470.45,365,0,0,400,413.5,0,0,420,365,0,0,475,490,0,0,600,500
S434,S.I.R ENTERPRISE,450,482.5,550,460.5,511.5,135,500,521,0,0,450,502.5,0,0,500,540,0,0,550,450,0,0,500,423,0,0,500,444,0,0,550,408,0,0,530,416,0,0,450,441.5,0,0,500,518,0,0,600,401
NES327,SUMAN ENTERPRISE (GHY),85,52,125,72,110,33,110,104,0,0,80,65,0,0,75,73,0,0,100,90,0,0,100,97,0,0,80,119,0,0,120,79,0,0,165,79,0,0,100,111,0,0,100,170,0,0,200,141
B125,BHAI BHAI ENTERPRISE (BONGAIGAON),900,1115,1000,900,1000,265,1000,1025,0,0,750,1050,0,0,800,1155,0,0,1000,820,0,0,800,740,0,0,700,715,0,0,800,605,0,0,800,815,0,0,800,695,0,0,1000,925,0,0,1150,532.5
NEB171,BHAI BHAI STEELS,0,0,25,2.5,0,0,25,5,0,0,25,0,0,0,25,0,0,0,25,0,0,0,25,0,0,0,25,0,0,0,0,25,0,0,25,0,0,0,25,0,0,0,0,0,0,0,25,0
NEH016,HAIDER HARDWARE,25,50,50,30,30,0,26,30,0,0,30,25,0,0,25,30,0,0,25,0,0,0,25,25,0,0,55,25,0,0,25,50,0,0,25,25,0,0,25,25,0,0,25,25,0,0,25,50
NEK084,KHAN HARDWARE (LA),100,103,250,63,100,38,150,37,0,0,100,140,0,0,150,78,0,0,100,97,0,0,250,50,0,0,300,113.75,0,0,200,28,0,0,150,28,0,0,100,40,0,0,125,40,0,0,100,40
M407,MAAMANASHAHARDWARE(LA),0,0,0,0,0,0,0,0,0,0,0,0,0,0,0,0,0,0,0,0,0,0,0,0,0,0,0,0,0,0,0,0,0,0,0,0,0,0,0,0,0,0,0,0,0,0,0,0
NEM140,MAHENDRA MARBLE HARDWARE,2200,2214,2500,1964,2200,505,2000,1826,0,0,1300,1555,0,0,1500,1800,0,0,1700,1490,0,0,1500,1554.5,0,0,2155.5,1501,0,0,2000,1901,0,0,2000,2050,0,0,2000,1840,0,0,2200,2207,0,0,2600,2126.5
NEM137,MAHESWARI INFRAMART,0,0,0,0,0,0,25,0,0,0,0,0,0,0,0,0,0,0,25,0,0,0,25,0,0,0,0,0,0,0,0,0,0,0,25,0,0,0,25,0,0,0,0,0,0,0,25,0
NEM253,MAYA HARDWARE STORES (LA),25,25,50,25,25,0,50,25,0,0,50,50,0,0,50,0,0,0,25,25,0,0,125,0,0,0,50,50,0,0,50,30,0,0,50,30,0,0,25,50,0,0,50,25,0,0,50,0
P081,PRATIK HARDWARE,250,268.45,400,450,250,75,400,298.3,0,0,300,271,0,0,300,320,0,0,300,180,0,0,350,200,0,0,375,210,0,0,350,125,0,0,200,200,0,0,200,251,0,0,325,290,0,0,350,225
NEP054,PRITAM TRADING COMPANY,0,0,50,25,0,0,50,25,0,0,50,0,0,0,25,0,0,0,0,0,0,0,0,0,0,0,25,0,0,0,0,0,0,0,0,0,0,0,0,0,0,0,0,0,0,0,0,0
R121,RAY ENTERPRISE,0,0,20,0,0,0,20,0,0,0,0,0,0,0,0,0,0,0,0,0,0,0,0,0,0,0,0,0,0,0,0,0,0,0,0,0,0,0,0,0,0,0,0,0,0,0,0,0
NEG114,GANGAENTERPRISE,0,0,0,0,0,0,20,0,0,0,0,0,0,0,0,0,0,0,0,0,0,0,0,0,0,0,0,0,0,0,0,0,0,0,0,0,0,0,0,0,0,0,0,0,0,0,0,0
A012,ADVANCE ENTERPRISE,2600,2584.5,3200,2540.5,2600,888,3200,2760,0,0,2000,2640,0,0,2500,2655.5,0,0,2600,2446,0,0,2500,2027,0,0,2000,1851,0,0,2400,1914,0,0,2500,2753.5,0,0,2500,2001,0,0,3000,2765.5,0,0,3500,2889
C090,CHIRANG HARDWARE,25,40,200,30,40,0,100,50,0,0,50,50,0,0,100,105,0,0,100,25,0,0,250,55,0,0,50,30,0,0,50,25,0,0,50,50,0,0,50,55,0,0,75,20,0,0,50,50
NES244,SUJIT HARDWARE,25,25,50,50,25,0,50,25,0,0,50,25,0,0,50,0,0,0,50,0,0,0,150,0,0,0,50,25,0,0,50,0,0,0,50,0,0,0,50,25,0,0,25,20,0,0,25,0
P037,PRASAD TRADERS (LA),1500,1336,1600,1685.5,1300,306.5,1600,1206,0,0,1200,1216,0,0,1200,1153.1,0,0,1200,1055,0,0,1450,1027,0,0,1265,817,0,0,1200,910,0,0,1150,1055,0,0,1300,1294,0,0,1500,1306,0,0,1500,1491
S291,S.M.ENTERPRISE (LA),1600,1397.5,1300,1581,1250,244.5,1350,1106,0,0,750,1613,0,0,1200,1272,0,0,1200,1036,0,0,1175,783.5,0,0,1000,923.5,0,0,1000,715.5,0,0,900,902,0,0,1000,1004,0,0,1000,1219,0,0,1550,1499.5
NEM043,MOLLAH ENTERPRISE,1450,1387.1,1550,1385,1275,435,1350,1155,0,0,900,1030,0,0,1000,1066,0,0,1000,809,0,0,1250,876,0,0,1200,1091,0,0,1300,861,0,0,1000,1433,0,0,1400,1157.5,0,0,1500,1326,0,0,1700,1597
G052,GOLAKGANJ HARDWARE STORES,1500,1215,1500,1525,1100,245,1350,910,0,0,800,1223,0,0,1000,1208,0,0,1100,985,0,0,900,900,0,0,900,632.5,0,0,1050,575,0,0,1000,1038,0,0,1100,793,0,0,1150,1109,0,0,1300,1472
NES285,SUBH KARAN SINGHI (LA),1100,1113,1200,1240,1100,225,1200,1000,0,0,750,1008,0,0,1000,842,0,0,800,640,0,0,850,435,0,0,1033,681,0,0,800,701,0,0,1000,675,0,0,1000,810,0,0,1000,945,0,0,1200,1035
NEL008,LUCKY ENTERPRISE,150,80,250,170,125,75,250,105,0,0,100,130,0,0,100,150,0,0,150,75,0,0,150,80,0,0,100,130,0,0,150,80,0,0,150,80,0,0,150,155,0,0,200,105,0,0,200,128.5
K171,KAMAL HARDWARE STORES,50,25,75,0,25,0,50,50,0,0,50,25,0,0,50,50,0,0,50,50,0,0,100,30,0,0,50,25,0,0,50,50,0,0,50,25,0,0,25,25,0,0,25,25,0,0,50,25
NEG052,GAURIPUR ENTERPRISE (LOWER ASSAM),50,50,50,50,50,0,50,50,0,0,50,25,0,0,50,25,0,0,50,25,0,0,50,25,0,0,100,25,0,0,50,25,0,0,25,25,0,0,25,55,0,0,50,25,0,0,50,49.45
NER134,ROHAN TRADERS,1300,1020,1100,1260,1000,292,1200,837,0,0,700,983,0,0,1000,854,0,0,850,675,0,0,1100,516,0,0,700,726,0,0,900,739,0,0,850,792,0,0,950,956,0,0,1000,885,0,0,1250,1400.1
NEB209,BEAUTY ENTERPRISE,25,25,50,25,25,25,50,0,0,0,50,50,0,0,50,25,0,0,25,25,0,0,50,25,0,0,50,25,0,0,50,25,0,0,25,25,0,0,25,25,0,0,25,25,0,0,25,25
NEM236,MUHAFIZ ENTERPRISE,1800,2233.2,1700,1808,1700,570,1700,1461,0,0,1100,1305,0,0,1300,1505,0,0,1500,1216,0,0,1400,1060,0,0,1200,1197,0,0,1500,1453.5,0,0,1500,1532.5,0,0,1650,1689.5,0,0,1700,1317,0,0,2000,1763
NEB223,BRAHMAPUTRA HARDWARE (LAKHIPUR),25,25,25,13,25,0,25,13,0,0,25,13,0,0,25,13,0,0,25,13,0,0,25,12.5,0,0,13,13,0,0,25,13,0,0,13,13.5,0,0,13,13,0,0,31,25,0,0,25,26
NEA198,ARIHANT AGENCIES,250,486,650,550,250,0,650,298,0,0,450,617.5,0,0,300,640,0,0,400,676.5,0,0,550,579,0,0,650,844.5,0,0,550,248.5,0,0,250,448,0,0,450,209,0,0,400,330,0,0,450,505.5
NEB022,BABLU ENTERPRISE (SIMLITALA),50,39,100,52,50,26,140,39,0,0,50,39,0,0,65,52,0,0,65,39,0,0,80,39,0,0,50,52,0,0,80,52,0,0,80,26,0,0,70,0,0,0,100,63.5,0,0,100,39
B122,BASU HARDWARE .,25,0,25,26,20,0,25,26,0,0,25,0,0,0,25,13,0,0,25,0,0,0,25,0,0,0,12,0,0,0,25,0,0,0,13,13.5,0,0,13,0,0,0,26,12.5,0,0,20,13
H048,HUSSAIN HARDWARE STORES,1850,2085,1650,1709.5,1750,442,1670,1414.8,0,0,1025,1553,0,0,1200,1400.5,0,0,1050,1065,0,0,1200,1042.5,0,0,1300,1064.5,0,0,1500,1182.5,0,0,1500,1352.45,0,0,1650,1239,0,0,1700,1474,0,0,1900,2061.5
NEM055,MIRA HARDWARE,250,242.5,250,129.5,250,38,200,129,0,0,185,91,0,0,150,91,0,0,150,91,0,0,200,65,0,0,150,77.5,0,0,150,78,0,0,150,26,0,0,150,38.5,0,0,150,180,0,0,250,285
P008,P.K.ENTERPRISE (LOWER ASSAM),2500,2329,3000,2137.5,2400,693.5,2865,1853.5,0,0,1650,1988,0,0,2200,2204.75,0,0,2100,1972,0,0,2200,1809,0,0,2200,1825,0,0,2650,2131.5,0,0,2400,1428.5,0,0,2800,1783.5,0,0,2700,2666,0,0,4200,2945.5
NEP005,PRASAD HARDWARE,20,27,25,13,25,0,25,13,0,0,25,0,0,0,25,0,0,0,25,13,0,0,25,0,0,0,13,0,0,0,13,0,0,0,13,0,0,0,13,0,0,0,0,13,0,0,0,13
NEP126,PUSHKARHARDWARE,0,0,0,0,0,0,0,0,0,0,0,0,0,0,0,0,0,0,0,0,0,0,0,0,0,0,0,0,0,0,0,0,0,0,0,0,0,0,0,0,0,0,0,0,0,0,0,0
S353,SREE KRISHNA TRADE AGENCY,20,13,25,13,20,0,25,13,0,0,25,12.5,0,0,25,13,0,0,25,26,0,0,25,13,0,0,13,13,0,0,26,13,0,0,13,0,0,0,13,13,0,0,26,13.5,0,0,20,13.5
NES349,SULTANA HARDWARE,0,0,25,0,0,0,25,0,0,0,25,0,0,0,0,0,0,0,0,0,0,0,0,0,0,0,0,0,0,0,0,0,0,0,0,0,0,0,0,0,0,0,0,0,0,0,0,0
NEA223,AMIR HAMZA,1000,920,800,975,800,196.5,900,616,0,0,450,623,0,0,450,713,0,0,500,552.5,0,0,650,527,0,0,650,588.5,0,0,700,742,0,0,700,777,0,0,750,625,0,0,950,809.5,0,0,950,994
NEK135,KRISHNA HARDWARE (LA),25,13,25,26,25,0,25,25.5,0,0,25,22.5,0,0,50,12.5,0,0,25,13,0,0,52,25.5,0,0,26,13.5,0,0,25,0,0,0,25,26.5,0,0,23,0,0,0,25,26,0,0,25,0
NES390,SHIVAM HARWDARE (LA),700,421,800,685,750,250,826,743,0,0,625,629,0,0,750,564,0,0,650,617.5,0,0,700,518,0,0,700,722,0,0,800,1105.5,0,0,800,706.5,0,0,950,795.5,0,0,1000,995.5,0,0,1400,891.5
B149,BIKASH ENTERPRISE,650,727,700,775,650,215,750,765,0,0,500,556.7,0,0,500,580,0,0,550,547,0,0,460,359,0,0,350,434.5,0,0,550,615,0,0,600,625,0,0,650,650,0,0,700,750,0,0,850,649
G087,GANESH HARDWARE,200,107,350,125,200,0,250,224.5,0,0,300,300,0,0,300,340,0,0,350,279,0,0,250,150,0,0,300,287,0,0,300,175,0,0,250,237,0,0,250,235,0,0,250,100,0,0,300,106
G078,GREENLAND HARDWARE STORES,100,74.5,200,164.5,100,25,200,80,0,0,125,105,0,0,100,125,0,0,150,130,0,0,125,55,0,0,200,100,0,0,150,75,0,0,150,100,0,0,125,125,0,0,150,80,0,0,100,101
NEM095,M.B. ENTERPRISE (KOKRAJHAR),250,259,300,374,250,65,350,199.5,0,0,200,205,0,0,200,199,0,0,200,200,0,0,200,150,0,0,200,262,0,0,250,185,0,0,200,195,0,0,250,232,0,0,250,282,0,0,300,266
R068,RAHUL HARDWARE,50,95.7,50,50,75,65,25,25,0,0,25,25,0,0,25,0,0,0,25,50,0,0,25,0,0,0,25,50,0,0,50,50,0,0,25,75,0,0,50,55,0,0,50,75,0,0,50,106
T045,TIRUPATI TRADERS (LOWER ASSAM),850,1032,850,1005,900,283,800,995,0,0,800,1027,0,0,800,886,0,0,800,795,0,0,1000,706,0,0,825,774.5,0,0,850,725,0,0,800,999,0,0,900,605,0,0,1000,1080.5,0,0,1200,832
NEA221,AMARHARDWARE,0,0,0,0,0,0,0,0,0,0,0,0,0,0,0,0,0,0,0,0,0,0,0,0,0,0,0,0,0,0,0,0,0,0,0,0,0,0,0,0,0,0,0,0,0,0,0,0
NEK128,K M AGENCY,100,25,150,99.5,75,10,100,25,0,0,250,25,0,0,100,75,0,0,100,25,0,0,225,0,0,0,50,25,0,0,75,25,0,0,100,50,0,0,100,50,0,0,100,50,0,0,50,80
A007,AAI LAXMI ENTERPRISE,590,576,535,556.5,560,164.5,560,480,0,0,400,432,0,0,450,606,0,0,450,468,0,0,480,416,0,0,100,408.45,0,0,490,393,0,0,445,467.5,0,0,590,592.5,0,0,550,569.5,0,0,780,654.5
A131,AMIN HARDWARE & ENTERPRISE,190,169.5,300,156,170,64.5,230,117,0,0,170,130,0,0,185,155,0,0,230,140.5,0,0,185,101,0,0,13,125,0,0,210,92,0,0,215,112,0,0,280,136.5,0,0,240,217,0,0,280,168.5
B180,B.D.ENTERPRISE(LA),100,63.5,150,75,70,25,120,37.5,0,0,80,37.5,0,0,85,35,0,0,78,38,0,0,95,12.5,0,0,480,13.5,0,0,70,50,0,0,57,25,0,0,65,75,0,0,63,63.5,0,0,125,64
NEB097,BAISHYAHARDWARE(MADHUPUR),0,0,0,0,0,0,0,0,0,0,0,0,0,0,0,0,0,0,0,0,0,0,0,0,0,0,0,0,0,0,0,0,0,0,0,0,0,0,0,0,0,0,0,0,0,0,0,0
B011,BALAJI HARDWARE (NALBARI),1450,1274,1830,1319,1500,310.5,1680,1275.5,0,0,1275,1091.5,0,0,1405,1317.5,0,0,1460,1243,0,0,1470,1048.5,0,0,1273,1219,0,0,1615,1169,0,0,1358,1004,0,0,1430,1249,0,0,1530,1556,0,0,1850,1799
NED081,DEKA ENTERPRISE (AMAYAPUR),190,126,410,162,260,54,285,193,0,0,270,197.5,0,0,290,252,0,0,300,234,0,0,345,144,0,0,150,180,0,0,370,162,0,0,242,198,0,0,270,144,0,0,260,180,0,0,270,126
NEJ030,JYOTISTEEL(NALBARI),0,0,0,0,0,0,0,0,0,0,0,0,0,0,0,0,0,0,0,0,0,0,0,0,0,0,0,0,0,0,0,0,0,0,0,0,0,0,0,0,0,0,0,0,0,0,0,0
M076,MRINALENTERPRISE,0,0,430,0,0,0,235,0,0,0,0,0,0,0,0,0,0,0,0,0,0,0,0,0,0,0,26,0,0,0,0,0,0,0,0,0,0,0,0,0,0,0,0,0,0,0,0,0
NEP116,P B HARDWARE,970,1120.5,815,917,1070,424,940,938.5,0,0,715,751.5,0,0,750,1012.5,0,0,985,854.5,0,0,1020,780,0,0,950,926.5,0,0,960,554.5,0,0,850,811.5,0,0,1070,840,0,0,970,966.5,0,0,1190,1183.5
P080,PICK ME,30,12.5,62,13,54,12.5,60,26,0,0,39,0,0,0,49,13,0,0,52,0,0,0,25,25.5,0,0,35,13,0,0,30,13,0,0,45,12.5,0,0,80,13,0,0,50,12.5,0,0,67,26
R192,R.K.ENTERPRISE (NALBARI),60,31,150,43.5,90,37,150,62,0,0,95,18.5,0,0,85,74.5,0,0,87,49.5,0,0,91,62,0,0,90,74,0,0,95,25,0,0,85,43.5,0,0,84,55.5,0,0,85,12.5,0,0,100,68
S234,S.A. ENTERPRISE,170,155,395,115,270,219,380,186,0,0,255,289.5,0,0,315,296.5,0,0,370,341.5,0,0,360,256,0,0,350,286,0,0,0,305.5,0,0,365,279,0,0,430,269.5,0,0,340,341,0,0,590,215.5
NEB172,BARMANENTERPRISE(LA),0,0,0,0,0,0,0,0,0,0,0,0,0,0,0,0,0,0,0,0,0,0,0,0,0,0,0,0,0,0,0,0,0,0,0,0,0,0,0,0,0,0,0,0,0,0,0,0
NEG092,GANESHHARDWARE(BELSOR),0,0,0,0,0,0,0,0,0,0,0,0,0,0,0,0,0,0,0,0,0,0,0,0,0,0,0,0,0,0,0,0,0,0,0,0,0,0,0,0,0,0,0,0,0,0,0,0
NEJ089,JOYGURU ENTERPRISE (LA),39,26,70,25.5,39,0,77,13,0,0,39,13,0,0,52,26,0,0,44,0,0,0,44,26,0,0,13,25.5,0,0,65,25.5,0,0,57,39,0,0,65,0,0,0,80,48,0,0,85,35
NET127,TALUKDAR HARDWARE (LA) .,0,0,70,26,0,0,80,33,0,0,44,25.5,0,0,50,0,0,0,45,12.5,0,0,31,0,0,0,35,0,0,0,0,0,0,0,0,0,0,0,0,0,0,0,0,0,0,0,0,0
A028,ANIL HARDWARE,430,454.5,585,385,370,194.5,580,295,0,0,395,220,0,0,425,316,0,0,510,217,0,0,530,282,0,0,480,269.5,0,0,485,258.5,0,0,490,427,0,0,500,204,0,0,395,491.5,0,0,530,372.5
A062,AMINISPATENTERPRISE,0,0,0,0,0,0,0,0,0,0,0,0,0,0,0,0,0,0,0,0,0,0,0,0,0,0,0,0,0,0,0,0,0,0,0,0,0,0,0,0,0,0,0,0,0,0,0,0
A071,AASBAB,110,112,110,82,110,60,140,81,0,0,105,74.5,0,0,130,111.5,0,0,130,103.5,0,0,130,60,0,0,115,168,0,0,110,112,0,0,110,129.5,0,0,120,136,0,0,140,121,0,0,150,104
B152,BAKALI HARDWARE,39,13,65,26,26,13,80,13,0,0,26,26,0,0,35,26,0,0,70,13,0,0,57,38.5,0,0,39,12.5,0,0,50,25.5,0,0,39,12.5,0,0,39,26,0,0,26,13,0,0,26,13
C050,CHAIFUDDIN AHMED,13,16.5,20,0,13,0,26,13,0,0,20,13,0,0,32,15,0,0,20,13,0,0,13,20,0,0,13,0,0,0,13,20,0,0,20,3.5,0,0,20,20,0,0,30,3.5,0,0,13,13
H016,HOQUE HARDWARE (BARPETA),650,886,600,659,700,260,670,478,0,0,480,468,0,0,525,552,0,0,535,431,0,0,595,378,0,0,500,471,0,0,580,307,0,0,600,435,0,0,670,512,0,0,548,621,0,0,550,703
P131,PINKYHARDWARE,0,0,0,0,0,0,0,0,0,0,0,0,0,0,0,0,0,0,0,0,0,0,0,0,0,0,0,0,0,0,0,0,0,0,0,0,0,0,0,0,0,0,0,0,0,0,0,0
R120,RUKSHANA HARDWARE,225,313.5,180,136.5,250,142.5,190,145,0,0,110,151,0,0,175,181.5,0,0,200,121.5,0,0,180,111,0,0,170,104.5,0,0,180,118,0,0,160,222,0,0,220,206.5,0,0,210,270.5,0,0,250,315.5
S094,SUNDAR HARDWARE,0,0,35,20,0,13,30,0,0,0,20,0,0,0,20,0,0,0,20,13,0,0,13,0,0,0,13,0,0,0,13,0,0,0,0,20,0,0,20,0,0,0,30,25,0,0,20,0
S301,S.A.AGENCY,65,78,70,77.5,75,39,95,39,0,0,57,52,0,0,66,65,0,0,67,64.5,0,0,78,39,0,0,52,39.5,0,0,60,52,0,0,65,64.5,0,0,65,52,0,0,57,65,0,0,65,65
NEA125,ALAMINHARDWARE(BARPETA),0,0,65,25,0,0,80,0,0,0,50,0,0,0,0,0,0,0,0,0,0,0,0,0,0,0,0,0,0,0,0,25,0,0,40,0,0,0,0,0,0,0,0,0,0,0,0,0
NER107,RUNA ENTERPRISE,290,202,380,260.5,300,25,380,262,0,0,270,292.5,0,0,285,211,0,0,310,217.5,0,0,325,120,0,0,230,320,0,0,284,50,0,0,300,202,0,0,330,219.5,0,0,300,108,0,0,260,350
NEP187,POHAR TRADERS (MAZDIA),49,77,0,46,60,45,65,24.5,0,0,44,22,0,0,48,39,0,0,39,13,0,0,44,0,0,0,0,0,0,0,0,0,0,0,36,25.5,0,0,26,13,0,0,45,52,0,0,28,65
NEM208,M K ENTERPRISE (LA),65,65,75,39,65,26,85,65,0,0,62,52,0,0,65,52,0,0,70,39,0,0,65,13,0,0,52,39,0,0,52,39,0,0,60,26,0,0,52,52,0,0,57,52,0,0,65,64.5
NEK124,KALITAHARDWARE(LA),0,0,0,0,0,0,0,0,0,0,0,0,0,0,0,0,0,0,0,0,0,0,0,0,0,0,0,0,0,0,0,0,0,0,0,0,0,0,0,0,0,0,0,0,0,0,0,0
NEA249,AHMED HARDWARE,0,0,20,12,0,0,30,13,0,0,20,0,0,0,0,0,0,0,20,0,0,0,13,0,0,0,0,0,0,0,0,0,0,0,0,0,0,0,0,0,0,0,0,0,0,0,0,0
NEN127,N PATOWARY HARDWARE,39,13,62,26,26,13,80,26,0,0,39,26,0,0,57,26,0,0,52,26,0,0,57,13,0,0,26,12.5,0,0,26,25.5,0,0,39,26,0,0,50,25.5,0,0,58,26,0,0,39,26
NEA118,ARIHANT ENTERPRISE (MANKACHAR),25,0,200,50,25,0,155,0,0,0,175,0,0,0,60,80,0,0,100,95,0,0,65,50,0,0,100,30,0,0,50,50,0,0,50,105,0,0,60,35,0,0,100,35,0,0,100,0
F014,FARDEEN ENTERPRISES,205,140,200,150,85,80,203,85,0,0,170,95,0,0,120,100,0,0,120,60,0,0,100,30,0,0,40,135,0,0,150,180,0,0,150,155,0,0,125,125,0,0,125,110,0,0,150,175
NEG113,GARGI ENTERPRISE (LA),800,797,1200,900,1000,185,1355,832,0,0,935,882.5,0,0,600,822,0,0,700,495,0,0,700,700,0,0,650,740,0,0,1000,400,0,0,855,555,0,0,950,484,0,0,1300,472,0,0,1250,778
NEG024,GOODWILL HARDWARE,265,130,300,205,200,35,330,172.5,0,0,200,154,0,0,160,182.5,0,0,200,140,0,0,250,70,0,0,150,120,0,0,225,85,0,0,225,90,0,0,150,100,0,0,100,175,0,0,100,125
NEM096,MOZNU HARDWARE SHOP (LA),1400,1455,1600,1315,1150,345,1555,992.9,0,0,875,1205,0,0,600,1245,0,0,850,851,0,0,750,750,0,0,800,965,0,0,1150,700,0,0,1150,1470,0,0,1250,620,0,0,1500,1425,0,0,1850,1515
N099,NIMESH ENTERPRISE,320,201,250,176,150,65,246,105,0,0,105,140,0,0,260,205,0,0,200,0,0,0,200,105,0,0,125,105,0,0,200,70,0,0,200,75,0,0,125,315,0,0,125,311,0,0,100,312
NEZ005,ZEESHAN HARDWARE (LA),60,25,50,75,25,0,60,25,0,0,50,10,0,0,60,25,0,0,60,60,0,0,100,25,0,0,60,25,0,0,60,60,0,0,60,0,0,0,50,55,0,0,50,35,0,0,50,0
NES374,SOHAN ENTERPRISE,0,0,0,0,0,0,0,0,0,0,0,0,0,0,25,0,0,0,35,0,0,0,25,0,0,0,0,0,0,0,0,0,0,0,0,0,0,0,0,0,0,0,0,0,0,0,0,0
NEC090,CHINAKI ENTERPRISE (LA),0,0,25,0,0,0,35,0,0,0,35,0,0,0,0,0,0,0,25,0,0,0,25,0,0,0,0,0,0,0,0,0,0,0,0,0,0,0,0,0,0,0,0,0,0,0,0,0
D093,DIPANKAR TRADE AGENCY,1450,1515,1220,1280,1276,485,1300,905,0,0,1000,1105,0,0,1000,1400,0,0,1300,1100,0,0,1260,700,0,0,1100,720,0,0,1428,660,0,0,980,960,0,0,1342,1240,0,0,1428,1280,0,0,1683,1195
NEB065,BIKU ENTERPRISE (KAPILI) .,250,300,240,200,220,40,220,160,0,0,150,80,0,0,100,100,0,0,200,100,0,0,110,140,0,0,180,160,0,0,204,60,0,0,110,60,0,0,209,80,0,0,210,140,0,0,220,160
NEB095,BORA HARDWARE (MAYANG),30,0,0,0,22,0,0,0,0,0,0,0,0,0,0,0,0,0,0,0,0,0,0,0,0,0,0,0,0,0,0,0,0,0,0,0,0,0,0,0,0,0,0,0,0,0,0,40
NEJ009,JAINHARDWARE,0,0,0,0,0,0,0,0,0,0,0,0,0,0,0,0,0,0,0,0,0,0,0,0,0,0,0,0,0,0,0,0,0,0,0,0,0,0,0,0,0,0,0,0,0,0,0,0
U022,UMERAJ HARDWARE,1450,1480,1260,1260,1188,540,1160,840,0,0,790,860,0,0,860,1060,0,0,1000,1000,0,0,1000,580,0,0,1000,840,0,0,1224,680,0,0,900,760,0,0,1210,1080,0,0,1155,1220,0,0,1342,1050
N091,NEW AMIN HARDWARE(MORIGAON),280,440,710,400,363,100,410,195,0,0,320,180,0,0,220,320,0,0,325,340,0,0,330,140,0,0,290,420,0,0,516,200,0,0,240,180,0,0,341,260,0,0,367.5,230,0,0,341,240
M073,MOIRABARIHARDWARE,0,0,0,0,0,0,0,0,0,0,0,0,0,0,0,0,0,0,0,0,0,0,0,0,0,0,0,0,0,0,0,0,0,0,0,0,0,0,0,0,0,0,0,0,0,0,0,0
NES298,SIBANATH HARDWARE (MOR),50,60,80,60,66,0,80,0,0,0,40,40,0,0,40,40,0,0,40,20,0,0,40,40,0,0,40,20,0,0,60,20,0,0,40,0,0,0,33,20,0,0,33,60,0,0,55,40
J016,JAISWAL HARDWARE,50,0,80,40,33,0,60,0,0,0,40,0,0,0,40,0,0,0,20,20,0,0,20,0,0,0,20,20,0,0,24,0,0,0,20,0,0,0,22,0,0,0,22,20,0,0,22,20
NEB077,BADSHAH ENTERPRISE (MORIGAON),240,205,180,180,264,40,380,120,0,0,190,200,0,0,280,160,0,0,225,140,0,0,190,160,0,0,260,100,0,0,312,100,0,0,180,40,0,0,220,100,0,0,210,180,0,0,231,220
NES042,SHREE RAM TRADERS (MORIGAON),0,0,0,0,11,0,0,0,0,0,0,0,0,0,0,0,0,0,0,0,0,0,0,0,0,0,0,0,0,0,0,0,0,0,0,0,0,0,0,0,0,0,0,20,0,0,0,0
NEG117,GRIHALAXMIENTERPRISE,0,0,0,0,0,0,0,0,0,0,0,0,0,0,0,0,0,0,0,0,0,0,0,0,0,0,0,0,0,0,0,0,0,0,0,0,0,0,0,0,0,0,0,0,0,0,0,0
NEA028,A. HAQUE HARDWARE,200,153,100,180,220,75,500,165,0,0,154,122.5,0,0,128.8,137.5,0,0,150,119,0,0,140,162,0,0,150,165.5,0,0,170,160.5,0,0,150,155,0,0,180,198,0,0,190,165,0,0,250,160
A162,ALAM AGRO INDUSTRY,150,190,110,120,180,40,500,100,0,0,148.5,100,0,0,100.8,100,0,0,150,100,0,0,110,100,0,0,100,100,0,0,170,140,0,0,140,120,0,0,150,160,0,0,180,160,0,0,250,180
NEA205,ANJANI HARDWARE (NGN),0,0,0,0,0,0,500,0,0,0,0,0,0,0,0,0,0,0,0,0,0,0,0,0,0,0,0,0,0,0,0,0,0,0,0,0,0,0,0,0,0,0,0,0,0,0,0,0
NEA059,ANKURHARDWARE(NAGAON),0,0,0,0,0,0,500,0,0,0,0,0,0,0,0,0,0,0,0,0,0,0,0,0,0,0,0,0,0,0,0,0,0,0,0,0,0,0,0,0,0,0,0,0,0,0,0,0
NEA027,ANNAPURNA TRADE SYNDICATE,100,20,150,60,80,0,80,20,0,0,22,40,0,0,0,20,0,0,60,0,0,0,40,20,0,0,60,20,0,0,40,20,0,0,120,0,0,0,100,0,0,0,80,40,0,0,100,20
NEA209,AYUSH HARDWARE,120,90,90,110,150,0,500,80,0,0,126.5,70,0,0,89.6,60,0,0,100,87.5,0,0,1,60,0,0,80,120,0,0,130,70,0,0,120,110,0,0,110,150,0,0,150,150,0,0,200,130
B014,BANIK HARDWARE,120,60,118,60,100,40,500,40,0,0,88,87,0,0,67.2,100,0,0,150,100,0,0,130,100,0,0,90,75,0,0,120,100,0,0,140,85,0,0,110,70,0,0,100,120,0,0,120,265
NEB018,BISWAKARMA HARDWARES (NAGAON),0,0,0,0,0,0,500,0,0,0,0,0,0,0,0,0,0,0,0,0,0,0,0,0,0,0,0,0,0,0,0,0,0,0,0,0,0,0,0,0,0,0,0,0,0,0,0,0
NED105,DDSTEEL&CEMENT,0,0,0,0,0,0,500,0,0,0,0,0,0,0,0,0,0,0,0,0,0,0,0,0,0,0,0,0,0,0,0,0,0,0,0,0,0,0,0,0,0,0,0,0,0,0,0,0
NED018,DEBRATHA ENTERPRISE,0,0,30,26,0,0,500,26,0,0,55,0,0,0,31.36,0,0,0,50,0,0,0,0,19,0,0,46,0,0,0,0,0,0,0,0,0,0,0,0,0,0,0,0,0,0,0,0,0
NED036,DEY & SONS,100,20,250,60,60,20,80,20,0,0,44,20,0,0,33.6,20,0,0,60,20,0,0,60,20,0,0,20,40,0,0,60,20,0,0,120,40,0,0,100,40,0,0,100,40,0,0,80,40
G072,G.D.IRON,0,0,0,0,0,0,0,0,0,0,0,0,0,0,0,0,0,0,0,0,0,0,0,0,0,0,0,0,0,0,0,0,0,0,0,0,0,0,0,0,0,0,0,0,0,0,0,0
NEH047,HANUMAN BHANDAR (BOKOLIA),200,170,300,220,150,60,500,200,0,0,275,100,0,0,190.4,145,0,0,160,160,0,0,120,229,0,0,140,160,0,0,120,135,0,0,120,325,0,0,130,255,0,0,120,194,0,0,120,135
NEH035,HARIOM HARDWARE (DHING),40,40,145,100,0,0,500,92,0,0,126.5,100,0,0,112,60,0,0,120,40,0,0,130,40,0,0,52,20,0,0,140,40,0,0,140,20,0,0,40,20,0,0,70,20,0,0,70,20
NEH033,HAZARIKA HARDWARE (NAGAON),0,0,0,0,0,0,500,0,0,0,0,0,0,0,0,0,0,0,0,0,0,0,0,0,0,0,0,0,0,0,0,0,0,0,0,0,0,0,0,0,0,0,0,0,0,0,0,0
H068,HILLS HARDWARE,0,0,440,305,0,0,450,260,0,0,330,0,0,0,0,0,0,0,0,0,0,0,0,0,0,0,0,0,0,0,0,0,0,0,0,0,0,0,0,0,0,0,0,0,0,0,0,0
NEH055,HUSSAINHARDWARE(RAHA),0,0,0,0,0,0,0,0,0,0,0,0,0,0,0,0,0,0,0,0,0,0,0,0,0,0,0,0,0,0,0,0,0,0,0,0,0,0,0,0,0,0,0,0,0,0,0,0
J139,JANATA IRON STORE,0,0,0,0,0,0,500,0,0,0,0,0,0,0,0,0,0,0,0,0,0,0,0,0,0,0,0,0,0,0,0,0,0,0,0,0,0,0,0,0,0,0,0,0,0,0,0,0
M238,MAA HARDWARE (NAGAON),120,40,90,90,100,20,500,89,0,0,97.9,80,0,0,89.6,60,0,0,90,40,0,0,130,50,0,0,69,60,0,0,130,90,0,0,120,20,0,0,130,60,0,0,130,60,0,0,150,40
NEM008,MAA MANASA HARDWARE (HOJAI) .,240,141,110,197.5,200,60,500,165,0,0,231,147.5,0,0,140,136.5,0,0,200,143,0,0,200,65,0,0,160,90,0,0,180,95,0,0,170,130,0,0,150,105,0,0,210,120,0,0,200,106
NEM025,MAHABIR HARDWARE (DOOM DOOMIA),50,20,40,20,40,0,500,33,0,0,55,19.5,0,0,44.8,20,0,0,50,20,0,0,60,40,0,0,53,20,0,0,80,20,0,0,100,20,0,0,60,20,0,0,70,40,0,0,70,20
NEM116,MD NAJIM UDDIN (KAMPUR),0,0,100,60,0,0,500,20,0,0,44,20,0,0,56,40,0,0,70,40,0,0,100,20,0,0,60,20,0,0,75,20,0,0,120,0,0,0,70,0,0,0,80,20,0,0,20,0
NEM194,MUSTAKIM HARDWARE,60,0,93,52,0,0,500,52,0,0,55,26,0,0,38.08,52,0,0,60,39,0,0,66,13,0,0,49,26,0,0,70,13,0,0,60,13,0,0,30,26,0,0,40,0,0,0,23,13
NEN104,NEWSUMANENTERPRISE,0,0,0,0,0,0,0,0,0,0,0,0,0,0,0,0,0,0,0,0,0,0,0,0,0,0,0,0,0,0,0,0,0,0,0,0,0,0,0,0,0,0,0,0,0,0,0,0
NEO009,OJA HARDWARE (KOLONGPAR),350,248,170,300,300,104,500,274,0,0,187,216,0,0,190.4,212,0,0,240,195,0,0,200,202,0,0,173,265,0,0,230,241,0,0,300,305,0,0,240,273.5,0,0,240,324,0,0,350,301.5
NEP021,PAWAN HARDWARE STORE (HOJAI),0,0,0,0,0,0,500,0,0,0,0,0,0,0,0,0,0,0,0,0,0,0,0,0,0,0,0,0,0,0,0,0,0,0,0,0,0,0,0,0,0,0,0,0,0,0,0,0
P224,PRANTU HARDWARE,40,0,0,0,20,0,500,0,0,0,0,0,0,0,0,0,0,0,0,0,0,0,0,0,0,0,0,13,0,0,35,13,0,0,0,26,0,0,0,0,0,0,30,26,0,0,30,13
NER092,R.KENTERPRISE(DHING),0,0,0,0,0,0,0,0,0,0,0,0,0,0,0,0,0,0,0,0,0,0,0,0,0,0,0,0,0,0,0,0,0,0,0,0,0,0,0,0,0,0,0,0,0,0,0,0
R096,RAFIK HARDWARE,360,380,290,300,500,40,1000,300,0,0,396,280,0,0,179.2,260,0,0,330,284.5,0,0,360,230,0,0,280,285,0,0,400,355,0,0,300,340,0,0,370,405,0,0,420,510,0,0,450,280
NER151,RAJIA HARDWARE,300,473,150,600,450,200,0,330,0,0,286,240,0,0,302.4,310,0,0,300,353,0,0,275,290,0,0,200,452.5,0,0,350,460,0,0,340,320,0,0,210,380,0,0,350,505,0,0,350,440
NES190,S K TRADING CO. (LUMDING),200,120,240,160,200,60,500,140,0,0,253,100,0,0,194.4,180,0,0,200,120,0,0,220,100,0,0,170,100,0,0,230,100,0,0,150,100,0,0,140,100,0,0,140,100,0,0,200,120
S113,S.N.HARDWARE (NAGAON),40,13,30,13,26,13,500,26,0,0,22,13,0,0,29.12,26,0,0,30,13,0,0,60,13,0,0,47,13,0,0,40,13,0,0,0,13,0,0,30,0,0,0,40,13,0,0,40,13
S012,SAIKIA ENTERPRISE .,50,39,120,13,80,13,500,39,0,0,66,26,0,0,56,46,0,0,60,26,0,0,80,13,0,0,60,60,0,0,75,33,0,0,100,47,0,0,60,13,0,0,90,18,0,0,90,26
NES262,SANDHYA HARDWARE (JAMUNAMUKH),700,251,460,654,0,0,800,505,0,0,506,458,0,0,358.4,564,0,0,550,424,0,0,550,329.5,0,0,430,410,0,0,545,260,0,0,600,438,0,0,590,478,0,0,750,652,0,0,800,681
S019,SANDHYA HARDWARE STORES,20,0,20,20,0,0,500,0,0,0,22,0,0,0,22.4,0,0,0,20,10,0,0,0,0,0,0,20,10,0,0,20,10,0,0,60,0,0,0,10,10,0,0,30,0,0,0,0,0
NES132,SHARMA HARDWARE (NAGAON),100,18,60,40,10,13,500,46.3,0,0,44,30,0,0,44.8,13,0,0,40,30,0,0,100,46,0,0,60,46.5,0,0,60,30,0,0,80,37.5,0,0,50,26,0,0,60,73,0,0,70,66
S078,SREE BHANDER,2200,1680,1993,1989.5,2200,635,3000,1836,0,0,2040.5,1498.5,0,0,1254.4,1521,0,0,1765,1744,0,0,2000,1384.5,0,0,1350,1504.5,0,0,1800,1280,0,0,1900,1616,0,0,2470,1763.5,0,0,2190,1652,0,0,2600,1894
NEU018,UNITED HARDWARE (MANJA),60,0,70,40,0,0,300,0,0,0,88,20,0,0,44.8,0,0,0,40,28.5,0,0,90,20,0,0,60,40,0,0,100,0,0,0,60,0,0,0,0,0,0,0,0,0,0,0,0,0
NEM230,MI HARDWARE & CEMENT .,1000,765,820,840,1000,35,1400,910,0,0,880,800,0,0,882,700,0,0,900,728,0,0,1000,440,0,0,630,760,0,0,900,1040,0,0,970,1010,0,0,890,980,0,0,1000,910,0,0,1500,1078
NEM242,MAA TRADERS (BOKAJAN),2800,2990,3059,2588,2800,580,4000,2427,0,0,2915,2650,0,0,3057.6,2352.75,0,0,2500,2240,0,0,2400,2050,0,0,1985,2620,0,0,3200,2680,0,0,2780,2630,0,0,2990,2360,0,0,3440,3350,0,0,4000,5138.35
NES383,SHIV SAI SUPPLIER,0,0,80,52,0,0,700,13,0,0,36.3,0,0,0,14.56,13,0,0,0,0,0,0,60,0,0,0,0,0,0,0,0,0,0,0,20,13,0,0,10,13,0,0,0,26,0,0,0,0
NEB201,BALAJI HARDWARE (DIPHU),50,22,100,42,60,20,300,22,0,0,66,47,0,0,67.2,44,0,0,40,44,0,0,90,22,0,0,40,0,0,0,100,44,0,0,110,22,0,0,60,22,0,0,140,20,0,0,100,20
NEK137,KRISHNA KUMAR GHOSH AND SONS,200,120,110,110,160,40,500,100,0,0,137.5,90,0,0,112,80,0,0,140,70,0,0,160,60,0,0,120,50,0,0,170,60,0,0,130,100,0,0,160,90,0,0,220,93,0,0,250,90
J082,JAYRAM BHANDER,700,460,825,640,700,200,800,720,0,0,605,520,0,0,729.75,860,0,0,905,720,0,0,840,573.25,0,0,650,700,0,0,850,760,0,0,850,740,0,0,860,640,0,0,730,700,0,0,950,840
NES422,SMTI KISETEULE ZEME,360,300,350,302.5,350,82.5,450,305,0,0,330,205,0,0,394.8,282.5,0,0,495,260,0,0,380,262.5,0,0,340,282.5,0,0,400,400,0,0,450,380,0,0,420,280,0,0,460,340,0,0,560,420
NEG078,GDTRADERS,0,0,0,0,0,0,0,0,0,0,0,0,0,0,0,0,0,0,0,0,0,0,0,0,0,0,0,0,0,0,0,0,0,0,0,0,0,0,0,0,0,0,0,0,0,0,0,0
NER186,RENU BEGUM STORE,360,170,370,280,350,100,650,240,0,0,308,260,0,0,404.775,340,0,0,435,370,0,0,380,222.5,0,0,340,305,0,0,400,330,0,0,450,280,0,0,380,280,0,0,370,360,0,0,530,240
A020,AMIT ENTERPRISES,1180,980,935,754,720,323,1075,455.5,0,0,940,478,0,0,765,532,0,0,930,332,0,0,730,302,0,0,785,710,0,0,950,695,0,0,790,880,0,0,900,950,0,0,950,1004,0,0,1155,1074.95
NEN137,NUR HARDWARE,0,0,25,0,0,0,25,0,0,0,25,0,0,0,0,0,0,0,0,0,0,0,0,0,0,0,0,0,0,0,0,0,0,0,0,0,0,0,0,0,0,0,0,0,0,0,0,0
NEA098,AMAR TRADING CO. (NIRJULI),80,80,140,160,160,0,120,146.5,0,0,120,137.5,0,0,160,130,0,0,140,150,0,0,120,55,0,0,120,40,0,0,120,90,0,0,120,167,0,0,160,40,0,0,120,80,0,0,120,40
NEG091,GOLLO ENTERPRISES,0,0,300,0,0,0,100,0,0,0,0,0,0,0,0,0,0,0,0,0,0,0,0,0,0,0,0,0,0,0,0,0,0,0,0,0,0,0,0,0,0,0,0,0,0,0,0,0
NEK063,KALUNG HARDWARE (OLD ZIRO),0,0,45,0,0,20.65,30,31,0,0,30,16,0,0,30,15,0,0,30,0,0,0,30,0,0,0,20,17,0,0,20,0,0,0,0,0,0,0,0,0,0,0,60,0,0,0,0,0
NEM215,MAHESH TRADERS (AP),0,0,160,58,0,0,80,310,0,0,80,300,0,0,80,365.5,0,0,80,80,0,0,80,80,0,0,80,160,0,0,80,205,0,0,80,0,0,0,80,0,0,0,80,0,0,0,80,0
NEM061,MARUTI TRADE CENTRE (AP NORTH) .,0,0,40,0,0,0,40,0,0,0,20,0,0,0,0,0,0,0,40,0,0,0,40,0,0,0,0,0,0,0,0,0,0,0,0,0,0,0,40,0,0,0,40,0,0,0,40,0
NEM172,MEGHA TRADE CENTRE,40,0,80,40,40,0,40,65,0,0,40,40,0,0,40,40,0,0,40,25,0,0,40,40,0,0,40,0,0,0,80,40,0,0,40,40,0,0,40,40,0,0,40,0,0,0,40,0
R079,R.R.TRADING&CO.,0,0,1000,7.5,0,0,310,0,0,0,0,0,0,0,0,0,0,0,0,0,0,0,0,0,0,0,0,0,0,0,0,0,0,0,0,0,0,0,0,0,0,0,0,0,0,0,0,0
NES222,SHREE GANESH TRADE CENTRE (AP),0,0,0,40,0,0,20,21.5,0,0,20,0,0,0,20,0,0,0,0,0,0,0,0,0,0,0,0,0,0,0,0,0,0,0,0,0,0,0,0,0,0,0,0,0,0,0,0,0
NES206,STEEL INDIA (AP),0,0,200,0,0,0,0,0,0,0,0,0,0,0,0,0,0,0,0,0,0,0,0,0,0,0,0,0,0,0,0,0,0,0,0,0,0,0,0,0,0,0,0,0,0,0,0,0
NET043,TADO ENTERPRISE (AP NORTH),40,40,200,40,90,12.5,80,20,0,0,20,13,0,0,40,20,0,0,80,50,0,0,80,80,0,0,80,60,0,0,80,0,0,0,80,40,0,0,40,100,0,0,40,40,0,0,120,40
NER187,ROYALAENTERPRISE,0,0,0,0,0,0,0,0,0,0,0,0,0,0,0,0,0,0,0,0,0,0,0,0,0,0,0,0,0,0,0,0,0,0,0,0,0,0,0,0,0,0,0,0,0,0,0,0
NEK133,KIPA STEEL,120,40,100,100,120,35,80,185,0,0,120,165,0,0,120,160,0,0,160,175,0,0,160,160,0,0,120,75,0,0,120,120,0,0,120,120,0,0,140,40,0,0,120,120,0,0,160,82.5
NEA178,ATAENTERPRISE,0,0,0,0,0,0,0,0,0,0,0,0,0,0,0,0,0,0,0,0,0,0,0,0,0,0,0,0,0,0,0,0,0,0,0,0,0,0,0,0,0,0,0,0,0,0,0,0
NEA196,ARUNACHAL HARDWARE AND ELECTRICAL STORE,20,30,40,52.5,40,0,40,20,0,0,25,0,0,0,0,0,0,0,40,0,0,0,40,0,0,0,0,0,0,0,0,0,0,0,0,0,0,0,0,0,0,0,0,0,0,0,40,5
NEA011,ARUNACHAL TRADERS,40,28,60,55.2,63,10,60,38,0,0,50,55.5,0,0,80,81,0,0,80,72,0,0,80,45,0,0,50,54.5,0,0,50,59.5,0,0,60,32,0,0,30,132,0,0,95,0,0,0,80,24
NED092,D.L. BROS ENTERPRISES (AP),100,15,130,96.5,100,15,100,205.5,0,0,100,39,0,0,80,96,0,0,60,72,0,0,60,95,0,0,80,114,0,0,120,111.5,0,0,125,153,0,0,170,117.5,0,0,100,125,0,0,200,99.5
NEK007,K.K.ENTERPRISES(AALO),100,0,20,14,30,0,20,0,0,0,34,0,0,0,0,0,0,0,0,0,0,0,0,0,0,0,0,0,0,0,0,0,0,0,0,0,0,0,0,15,0,0,20,15,0,0,50,0
NEL030,L L ENTERPRISE (DAPORIJO),30,17,0,0,47,0,0,0,0,0,0,0,0,0,0,0,0,0,0,0,0,0,0,0,0,0,0,0,0,0,0,0,0,0,0,0,0,0,0,47,0,0,40,34,0,0,0,34
NEL002,LILY TRADERS & CO.,0,0,0,0,0,0,0,0,0,0,0,0,0,0,0,0,0,0,0,0,0,0,0,0,0,0,0,0,0,0,0,0,0,0,0,0,0,0,0,0,0,0,0,0,0,0,60,0
NEM017,MARPI WIRE PRODUCT,250,175,189,154.5,215,32,135,246,0,0,160,167,0,0,150,250,0,0,180,255.75,0,0,180,198.8,0,0,120,368.4,0,0,140,259,0,0,200,262.5,0,0,240,259.5,0,0,200,388.15,0,0,265,268
NEM187,MEMO HARDWARE AGENCY,10,92,36,14,63,0,34,15,0,0,30,28.5,0,0,24,26,0,0,36,14.5,0,0,20,29,0,0,20,29,0,0,20,15,0,0,44,30,0,0,28,60,0,0,32,74,0,0,30,43
NES261,STEEL TRADERS,0,0,0,0,0,0,0,0,0,0,0,0,0,0,0,0,0,0,0,0,0,0,0,0,0,0,0,0,0,0,0,0,0,0,0,0,0,0,0,0,0,0,0,0,0,0,0,0
NET055,T T ENTERPRISE (LEKABALI),0,0,80,92.5,0,0,80,93,0,0,50,48,0,0,50,92.5,0,0,80,60.25,0,0,60,70.5,0,0,60,82,0,0,60,68.5,0,0,0,0,0,0,0,0,0,0,0,0,0,0,0,0
NET088,TAGA ENTERPRISES .,20,20,40,20,63,0,40,40,0,0,40,40,0,0,40,40,0,0,60,60,0,0,50,19.85,0,0,40,20,0,0,40,0,0,0,40,20,0,0,40,20,0,0,40,20,0,0,80,65
NET087,TASHI SONA (AP),0,0,60,96,0,0,40,0,0,0,60,0,0,0,0,0,0,0,0,0,0,0,0,0,0,0,0,0,0,0,0,0,0,0,0,0,0,0,0,0,0,0,0,0,0,0,0,0
NEY008,YAYING ENTERPRISES (AP),119.5,124,100,109.5,110,45,80,120.5,0,0,95,119,0,0,60,130.5,0,0,120,128,0,0,120,108.5,0,0,60,178.5,0,0,100,146,0,0,120,167.5,0,0,170,180.5,0,0,120,187,0,0,200,161.75
NEO020,ONENTERPRISES,0,0,0,0,0,0,0,0,0,0,0,0,0,0,0,0,0,0,0,0,0,0,0,0,0,0,0,0,0,0,0,0,0,0,0,0,0,0,0,0,0,0,0,0,0,0,0,0
NEI024,IR ENTERPRISES,0,0,136,94.5,0,0,95,77,0,0,80,107.5,0,0,80,109,0,0,130,96.75,0,0,100,59,0,0,30,70,0,0,80,60,0,0,0,0,0,0,0,0,0,0,0,0,0,0,0,0
NEM248,MRT STORE,200,160,170,213.5,210,77.5,145,231.5,0,0,150,161,0,0,160,256.5,0,0,170,258.5,0,0,170,174,0,0,120,180,0,0,140,270,0,0,170,199.5,0,0,210,251.8,0,0,200,157,0,0,300,190
NET133,T M G HARDWARE,0,0,24,0,0,0,24,30,0,0,30,0,0,0,20,0,0,0,0,0,0,0,0,0,0,0,0,0,0,0,0,0,0,0,0,0,0,0,0,0,0,0,0,0,0,0,0,0
D098,DIBANG ENTERPRISES,200,150,160,50,150,100,160,50,0,0,100,100,0,0,175,200,0,0,250,250,0,0,250,250,0,0,300,295,0,0,270,290,0,0,270,500,0,0,400,295,0,0,350,324,0,0,350,310
S281,SAMCHO HARDWARE TRADE AGENCY,120,0,110,111,150,0,110,144.5,0,0,130,167.75,0,0,120,103,0,0,170,161.5,0,0,150,150,0,0,160,161.5,0,0,160,150,0,0,160,101.5,0,0,190,197.5,0,0,210,225,0,0,260,200
A161,ANJALIENTERPRISE(TEZPUR),0,0,0,0,0,0,0,0,0,0,0,0,0,0,0,0,0,0,0,0,0,0,0,0,0,0,0,0,0,0,0,0,0,0,0,0,0,0,0,0,0,0,0,0,0,0,0,0
M029,MAHENDRA KUMAR SURANA .,1200,1229.5,1100,1023.5,1000,476,1500,910.5,0,0,1000,999,0,0,1100,1250.5,0,0,1250,1106,0,0,1200,735,0,0,950,871.5,0,0,1100,909.5,0,0,1100,1097.5,0,0,1200,985,0,0,1200,1449,0,0,1400,1500.5
M024,MAHABIR PRASAD MAHENDRA KUMAR,60,60,120,90,65,30,150,65,0,0,100,20,0,0,100,20,0,0,50,50,0,0,60,40,0,0,20,55,0,0,50,75,0,0,60,40,0,0,60,60,0,0,60,85,0,0,80,85
NEP046,PRADIP SAHA,25,27.5,50,62.5,25,20,62,37,0,0,50,12.5,0,0,50,0,0,0,38,0,0,0,25,0,0,0,13,7.5,0,0,20,15,0,0,20,27.5,0,0,25,27.5,0,0,30,20,0,0,33,7.5
B006,BABA HARDWARE (DARRANG),100,105.5,150,103,100,33,160,107.5,0,0,120,88,0,0,120,135.5,0,0,150,95,0,0,150,44.5,0,0,100,50,0,0,100,57,0,0,100,124.5,0,0,150,89.5,0,0,150,114.5,0,0,150,85
NER067,RISHABHSUPPLYAGENCY(DARANG),0,0,0,0,0,0,0,0,0,0,0,0,0,0,0,0,0,0,0,0,0,0,0,0,0,0,0,0,0,0,0,0,0,0,0,0,0,0,0,0,0,0,0,0,0,0,0,0
NES090,S.B. HARDWARE,325,398.5,435,333.5,340,88,400,281.5,0,0,300,260.5,0,0,300,382.5,0,0,350,410,0,0,400,316.5,0,0,350,399,0,0,400,115,0,0,350,275.5,0,0,400,391,0,0,350,349,0,0,450,343
NED009,DUTTA STORE,350,449.2,400,572.5,400,150,500,463,0,0,400,452,0,0,500,422.5,0,0,420,361.5,0,0,430,288.5,0,0,250,365.5,0,0,400,307,0,0,380,400,0,0,450,379.5,0,0,420,364.5,0,0,450,443
M428,MAHESH HARDWARE,25,25.5,25,25,25,0,25,37.5,0,0,25,25,0,0,25,50.5,0,0,38,25.5,0,0,50,25,0,0,25,38,0,0,25,12.5,0,0,20,25,0,0,25,37.5,0,0,35,25,0,0,52.5,40
NEG056,GANGA HARDWARE (DARRANG),25,25.5,0,50,35,0,50,12,0,0,25,0,0,0,25,25,0,0,25,25,0,0,38,0,0,0,25,12.5,0,0,50,12.5,0,0,25,12.5,0,0,25,0,0,0,25,25,0,0,50,26
NER081,RESHMASCALE&HARDWARE,0,0,25,0,0,0,50,0,0,0,25,0,0,0,0,0,0,0,0,0,0,0,0,0,0,0,0,0,0,0,0,0,0,0,0,0,0,0,25,0,0,0,0,0,0,0,0,0
NEK062,K B HARDWARE (DARRANG),100,52,100,112.5,88,39,100,88.5,0,0,50,64,0,0,75,102.5,0,0,80,77,0,0,120,38.5,0,0,50,110,0,0,120,64,0,0,75,110.5,0,0,130,38.5,0,0,100,50.5,0,0,120,100.5
M340,MAHESHSTORE,0,0,0,0,0,0,0,0,0,0,0,0,0,0,0,0,0,0,0,0,0,0,0,0,0,0,0,0,0,0,0,0,0,0,0,0,0,0,0,0,0,0,0,0,0,0,0,0
A156,ABBAJANHARDWARE,0,0,0,0,0,0,0,0,0,0,0,0,0,0,0,0,0,0,0,0,0,0,0,0,0,0,0,0,0,0,0,0,0,0,0,0,0,0,0,0,0,0,0,0,0,0,0,0
NER113,RAJ HARDWARE (DARRANG) .,105,104.5,50,72,90,46,75.5,32.5,0,0,75,50,0,0,45,70.5,0,0,65,94,0,0,80,51.5,0,0,37,63.5,0,0,65,109,0,0,75,141,0,0,90,90.5,0,0,80,114.5,0,0,110,103.5
NES003,SHANKAR BHANDAR (DARANG),25,13,30,12.5,25,12.5,25,25,0,0,25,25,0,0,25,24.5,0,0,25,25,0,0,25,25,0,0,24,37,0,0,30,25,0,0,30,25,0,0,25,24.5,0,0,25,25.5,0,0,25,26
D026,DURGA TRADING (DARRANG),13,12.5,0,12.5,12.5,0,25,12.5,0,0,50,0,0,0,25,7.5,0,0,0,0,0,0,20,7.5,0,0,7.5,7.5,0,0,12.5,0,0,0,0,0,0,0,0,19.5,0,0,20,30,0,0,30,20
NEA175,AFSHANA HARDWARE,200,244.5,320,333.5,180,119,350,284.5,0,0,250,200,0,0,300,247,0,0,270,134.5,0,0,250,125,0,0,200,134,0,0,150,107.5,0,0,150,99.5,0,0,200,162.5,0,0,200,204.5,0,0,250,278.5
NES279,SHREESHYAMSTORE,0,0,0,0,0,0,0,0,0,0,0,0,0,0,0,0,0,0,0,0,0,0,0,0,0,0,0,0,0,0,0,0,0,0,0,0,0,0,0,0,0,0,0,0,0,0,0,0
NEJ067,JYOTI TRADERS (DARANG),20,0,75,0,20,0,20,20,0,0,20,0,0,0,20,0,0,0,0,0,0,0,0,0,0,0,0,0,0,0,0,0,0,0,0,0,0,0,0,20,0,0,15,0,0,0,20,0
NEB164,B BORO ENTERPRISE,175,152,200,105.5,180,65,235,144.5,0,0,150,177,0,0,180,223,0,0,300,231,0,0,300,166.5,0,0,220,252.5,0,0,240,155,0,0,250,224,0,0,275,215,0,0,250,354,0,0,350,247
NEB163,BHARAT CEMENT SUPPLIER .,650,512,1100,667,800,267,1100,674.5,0,0,800,571.75,0,0,800,620,0,0,850,612.5,0,0,775,462,0,0,800,538.25,0,0,650,638.5,0,0,600,588,0,0,700,633.8,0,0,700,682.5,0,0,800,832.5
NES304,SARMA STORE,150,145.5,150,148,120,70,200,211.5,0,0,150,123.5,0,0,120,136,0,0,165,152,0,0,190,95,0,0,120,114.5,0,0,160,132,0,0,150,133,0,0,180,155.5,0,0,160,202,0,0,200,157
NEN120,NILKANTH HARDWARE,0,0,0,0,0,0,0,0,0,0,0,0,0,0,0,0,0,0,0,0,0,0,0,0,0,0,0,0,0,0,0,0,0,0,0,0,0,0,0,0,0,0,0,0,0,0,0,0
NER170,RUKHSANAHARDWARE,0,0,0,0,0,0,0,0,0,0,0,0,0,0,0,0,0,0,0,0,0,0,0,0,0,0,0,0,0,0,0,0,0,0,0,0,0,0,0,0,0,0,0,0,0,0,0,0
A082,AMKEYTIMBERS,0,0,0,0,0,0,0,0,0,0,0,0,0,0,0,0,0,0,0,0,0,0,0,0,0,0,0,0,0,0,0,0,0,0,0,0,0,0,0,0,0,0,0,0,0,0,0,0
A146,ANUSUIYA CYCLE & HARDWARE STORE .,450,282.5,400,441,560,80,430,555.5,0,0,500,502.5,0,0,380,430.5,0,0,400,360,0,0,400,357.5,0,0,355,455.25,0,0,500,569.5,0,0,550,546,0,0,675,538,0,0,650,645,0,0,900,675
A048,ATMARAM AGARWAL,1200,755.65,1550,1096.9,1120,294.25,1500,1076.9,0,0,1200,833.25,0,0,1000,844.15,0,0,1080,731.25,0,0,980,526,0,0,1000,540.85,0,0,1250,790.05,0,0,1000,1074.25,0,0,1450,1093,0,0,1550,1537.6,0,0,2000,1872.15
B145,BAJRANGBALI STORES,40,20,60,30,40,0,30,50,0,0,50,20,0,0,50,40,0,0,80,10,0,0,40,0,0,0,40,0,0,0,80,20,0,0,50,20,0,0,50,20,0,0,40,20,0,0,60,20
B012,BALDEODAS GHANSHYAM DAS,20,0,20,6,20,0,25,6.25,0,0,20,1.5,0,0,20,11.5,0,0,20,0,0,0,20,0,0,0,0,0,0,0,40,15,0,0,20,13,0,0,20,5.5,0,0,25,0,0,0,30,0
NEB024,BRAHMAPUTRA SALES CORPORATION,130,64,100,120.5,60,4,70,52.5,0,0,90,74,0,0,50,95.25,0,0,70,71,0,0,80,69,0,0,55,57.75,0,0,60,108.5,0,0,100,124,0,0,120,92.5,0,0,110,153.5,0,0,150,183.75
C011,CEMENT CENTRE (MORAN),80,45,150,75,40,0,60,40,0,0,150,40,0,0,120,45,0,0,100,40,0,0,80,0,0,0,105,40,0,0,150,25,0,0,80,40,0,0,40,40,0,0,80,40,0,0,80,40
NEC017,CHABUA HARDWARE,20,20,40,0,20,0,30,10,0,0,80,20,0,0,25,25,0,0,20,0,0,0,20,0,0,0,25,10,0,0,30,10,0,0,30,72.5,0,0,50,32.5,0,0,50,20,0,0,40,20
E002,EASTERN TRADING,600,410,550,467.5,680,45,720,670,0,0,650,561.55,0,0,530,485,0,0,560,470,0,0,600,443,0,0,590,440,0,0,750,667.5,0,0,800,749,0,0,800,675.5,0,0,900,870,0,0,900,762.5
NEK048,KANTA HARDWARE (CHOWKIDINGHEE),100,101.5,130,49.5,120,45.75,110,118.5,0,0,150,105.75,0,0,110,110.5,0,0,100,92.75,0,0,80,94,0,0,100,78.25,0,0,100,88,0,0,150,142.75,0,0,130,114.35,0,0,150,153.4,0,0,130,117.9
NEK053,KEJRIWAL BROTHERS (DIBRUGARH),40,0,40,6.5,20,0,30,12.25,0,0,20,5,0,0,30,71.5,0,0,50,0,0,0,20,6,0,0,20,14,0,0,20,2,0,0,30,2,0,0,30,2.5,0,0,20,2,0,0,70,0
L035,LAXMI HARDWARE STORES (DIBRUGARH),20,0,20,0,0,0,20,0,0,0,20,15,0,0,0,0,0,0,0,0,0,0,0,0,0,0,0,15,0,0,20,0,0,0,20,15,0,0,20,2.5,0,0,0,0,0,0,20,3
M263,M.B.STEEL,20,0,20,11.5,20,6,30,12,0,0,30,9,0,0,20,8.5,0,0,20,3,0,0,20,12,0,0,20,30.25,0,0,40,27,0,0,20,130,0,0,20,3,0,0,25,6,0,0,20,21.5
P079,PAWAN ENTERPRISE,200,244.4,200,146.5,250,113.75,150,220.25,0,0,200,190.25,0,0,170,194.75,0,0,200,256.35,0,0,200,91.5,0,0,200,199.5,0,0,245,218,0,0,250,254.5,0,0,250,155.5,0,0,250,234.65,0,0,300,304.25
S179,SATI TRADING CO,450,186,580,396.75,510,62,520,357,0,0,550,436.7,0,0,400,354.45,0,0,500,346,0,0,400,270,0,0,330,248,0,0,550,513.5,0,0,650,445.5,0,0,600,688,0,0,620,551.65,0,0,630,633.25
NEP132,PURBANCHAL UDYOG (DIB),40,12.5,35,28.1,55,7.5,50,50.1,0,0,70,11.95,0,0,20,47.75,0,0,20,26.6,0,0,20,25.75,0,0,25,14.55,0,0,40,33.85,0,0,50,76.6,0,0,50,37,0,0,50,34.65,0,0,60,25.75
S070,SITIPAUL,0,0,0,0,0,0,0,0,0,0,0,0,0,0,0,0,0,0,0,0,0,0,0,0,0,0,0,0,0,0,0,0,0,0,0,0,0,0,0,0,0,0,0,0,0,0,0,0
NEB168,BHARAT ISPAT,60,21.25,20,53,30,0,35,21.5,0,0,30,10,0,0,30,26.5,0,0,40,23,0,0,20,13.5,0,0,40,10,0,0,40,25,0,0,20,22.5,0,0,20,12,0,0,30,42.5,0,0,40,31
NEA226,ARUNODAY,0,0,50,29,0,0,40,13,0,0,30,30,0,0,40,16,0,0,50,5,0,0,35,0,0,0,45,0,0,0,40,10,0,0,0,0,0,0,0,0,0,0,0,0,0,0,0,0
NEP172,PURNA HARDWARE STORES,20,27.5,35,35,20,15,30,30,0,0,35,20,0,0,20,20,0,0,20,20,0,0,20,0,0,0,20,20,0,0,20,10,0,0,20,20,0,0,20,22.5,0,0,20,40,0,0,30,30
NER171,R D STORE .,150,0,120,135,105,0,220,160,0,0,200,150,0,0,170,90,0,0,120,120,0,0,120,101.5,0,0,120,90,0,0,200,115,0,0,200,110,0,0,200,117,0,0,200,130,0,0,255,100
NED146,DHELIA & SONS (DIB) .,350,401.8,350,276,450,147.75,220,292.1,0,0,350,405.75,0,0,350,412,0,0,400,313,0,0,330,218.5,0,0,350,325.75,0,0,430,506.95,0,0,500,527.6,0,0,640,704.35,0,0,700,709.25,0,0,800,800.95
NES396,SHREEKRISHNAHARDWARESTORES,0,0,20,0,0,0,0,0,0,0,0,0,0,0,0,0,0,0,0,0,0,0,0,0,0,0,0,0,0,0,0,0,0,0,0,0,0,0,0,0,0,0,0,0,0,0,0,0
P138,P.K. HARDWARE STORE .,120,40,90,108,100,35,55,94.5,0,0,80,137.5,0,0,60,60,0,0,70,95,0,0,60,35,0,0,60,60,0,0,70,100,0,0,120,80,0,0,120,50,0,0,120,117.5,0,0,120,55
G097,GANAPATI HARDWARE (GOLAGHAT),0,0,20,0,0,0,20,0,0,0,0,0,0,0,0,20,0,0,0,0,0,0,0,0,0,0,0,15,0,0,20,0,0,0,0,0,0,0,30,0,0,0,20,10,0,0,30,0
NEG015,GANAPATI TRADE & ELECTRICALS,40,0,100,40,0,0,100,50,0,0,50,0,0,0,20,20,0,0,0,0,0,0,0,0,0,0,0,0,0,0,20,0,0,0,30,20,0,0,20,20,0,0,50,0,0,0,50,0
G035,GARODIA HARDWARE STORES,40,0,35,20,30,0,20,0,0,0,0,20,0,0,20,10,0,0,20,32.5,0,0,30,0,0,0,0,20,0,0,50,20,0,0,50,0,0,0,20,30,0,0,30,30,0,0,60,35
NEH020,HARI OM ENTERPRISE (GOLAGHAT),390,460,300,309.5,350,150,300,326.5,0,0,300,225,0,0,250,355,0,0,280,246,0,0,290,200,0,0,330,300,0,0,360,410,0,0,350,375,0,0,375,425,0,0,450,509,0,0,550,603
NEH014,HARI OM SHAKTI ENTERPRISE,0,0,30,0,0,0,0,0,0,0,20,0,0,0,0,0,0,0,0,0,0,0,0,0,0,0,0,0,0,0,0,0,0,0,0,0,0,0,0,0,0,0,0,0,0,0,0,0
H012,HIRALAL AGARWALA,40,0,30,30,20,0,30,20,0,0,30,0,0,0,20,20,0,0,20,22.5,0,0,20,20,0,0,20,20,0,0,20,10,0,0,40,20,0,0,20,20,0,0,40,25,0,0,70,30
J085,JAGADISHAGARWALLA&SONS,0,0,0,0,0,0,0,0,0,0,0,0,0,0,0,0,0,0,0,0,0,0,0,0,0,0,0,0,0,0,0,0,0,0,0,0,0,0,0,0,0,0,0,0,0,0,0,0
K075,KANOI HARDWARE STORE,20,0,20,0,0,0,0,0,0,0,20,26,0,0,30,40,0,0,30,30,0,0,30,30,0,0,40,0,0,0,20,0,0,0,20,0,0,0,20,0,0,0,0,0,0,0,0,0
S186,SHANTI TRADE,1000,743,875,700,970,304,750,960,0,0,750,820,0,0,750,690,0,0,750,672.5,0,0,750,394.15,0,0,750,747.5,0,0,940,670,0,0,750,775,0,0,980,960,0,0,1100,1220,0,0,1250,1134
NEG063,G L ENTERPRISE,80,70,70,37,75,40,50,75,0,0,80,70,0,0,60,85,0,0,80,80,0,0,90,38,0,0,80,80,0,0,100,90,0,0,100,100,0,0,90,70,0,0,90,91,0,0,100,92
NEL057,LAXMI STORES (GOL),50,30,60,25,40,15,30,20,0,0,25,70,0,0,40,40,0,0,40,0,0,0,40,40,0,0,50,30,0,0,40,40,0,0,30,30,0,0,30,30,0,0,50,35,0,0,50,50
NED139,D S ENTERPRISE (GOLAGHAT),0,0,0,0,0,0,0,0,0,0,0,0,0,0,0,0,0,0,0,0,0,0,0,0,0,0,0,0,0,0,0,0,0,0,0,0,0,0,0,0,0,0,0,0,0,0,0,0
NEB210,BHAWANI STORE,60,25,50,50,30,0,30,20,0,0,50,50,0,0,40,25,0,0,30,20,0,0,30,20,0,0,25,40,0,0,40,10,0,0,40,20,0,0,20,20,0,0,50,30,0,0,70,60
NES195,SATABDI STORE (GOLAGHAT),0,0,50,20,0,0,20,20,0,0,25,0,0,0,0,0,0,0,0,0,0,0,0,0,0,0,0,0,0,0,20,0,0,0,35,0,0,0,0,0,0,0,0,0,0,0,0,0
NEA086,ASHIES HARDWARE (JORHAT),0,0,20,0,0,0,20,0,0,0,0,11.5,0,0,25,10,0,0,20,11.5,0,0,20,0,0,0,0,0,0,0,0,0,0,0,0,0,0,0,0,0,0,0,0,0,0,0,0,0
NEB042,BEGRAJ MURLIDHAR,400,130,600,276.5,360,40,450,320,0,0,350,281.75,0,0,360,323,0,0,380,200,0,0,300,220,0,0,350,219,0,0,500,429.75,0,0,510,408.5,0,0,450,352.75,0,0,500,407.5,0,0,550,448.5
NEB020,BORAH BROTHERS,100,45,55,55,80,25,60,60,0,0,60,50,0,0,60,43,0,0,75,51,0,0,90,23,0,0,70,93,0,0,100,81.75,0,0,90,61.5,0,0,100,40,0,0,100,100,0,0,120,47.5
NEF001,FREEDOM ENTERPRISE,0,0,40,0,0,0,40,20,0,0,65,0,0,0,40,0,0,0,0,0,0,0,0,0,0,0,0,0,0,0,0,0,0,0,0,40,0,0,50,0,0,0,50,0,0,0,40,0
J046,J.P.HARDWARE & ELECTRICALS,300,212.5,350,242,320,108.5,300,298.25,0,0,250,307.25,0,0,350,299.65,0,0,350,209,0,0,350,237.25,0,0,350,232.5,0,0,350,233,0,0,300,368,0,0,400,272,0,0,400,361.25,0,0,410,312.25
K063,KAMAKHYA HARDWARE STORES .,80,63,70,40,70,10,45,20,0,0,40,20,0,0,50,20,0,0,50,20,0,0,30,37.5,0,0,50,72.5,0,0,80,80,0,0,80,108.5,0,0,100,127.5,0,0,120,122,0,0,150,49.5
NEK054,KAILASHENTERPRISE(JORHAT),0,0,0,0,0,0,0,0,0,0,0,0,0,0,0,0,0,0,0,0,0,0,0,0,0,0,0,0,0,0,0,0,0,0,0,0,0,0,0,0,0,0,0,0,0,0,0,0
L093,LAKSHMIAGROSERVICES,0,0,0,0,0,0,0,0,0,0,0,0,0,0,0,0,0,0,0,0,0,0,0,0,0,0,0,0,0,0,0,0,0,0,0,0,0,0,0,0,0,0,0,0,0,0,0,0
M134,M.M.HARDWARE STORE,150,120.25,250,95,160,60.25,170,150,0,0,220,60.5,0,0,130,166,0,0,200,130,0,0,220,51.5,0,0,150,138.5,0,0,150,150,0,0,160,202,0,0,200,53.5,0,0,200,201.25,0,0,250,168
M414,MAHAGANAPATIHARDWARE,0,0,20,30,0,0,20,0,0,0,20,0,0,0,0,0,0,0,0,0,0,0,0,0,0,0,0,0,0,0,0,0,0,0,0,0,0,0,0,0,0,0,0,0,0,0,0,0
M031,MAHESH ISPAT,0,0,40,0,0,0,0,0,0,0,0,0,0,0,0,0,0,0,0,0,0,0,0,0,0,0,0,0,0,0,0,0,0,0,0,0,0,0,0,0,0,0,0,0,0,0,0,0
NEM071,MALPANI AGENCIES (JORHAT),0,0,20,5,0,0,20,4.5,0,0,20,5,0,0,0,0,0,0,0,0,0,0,0,0,0,0,0,0,0,0,0,0,0,0,0,17.5,0,0,0,0,0,0,50,0,0,0,0,0
NEN046,NEW ASSAM HARDWARE (TEOK),0,0,20,5,0,0,30,25,0,0,40,25,0,0,40,10,0,0,50,10,0,0,40,0,0,0,20,0,0,0,0,10,0,0,0,30,0,0,50,0,0,0,0,10,0,0,20,0
NER066,RUKMANI ENTERPRISE (JORHAT) .,100,37,120,32,80,53.2,120,48.75,0,0,95,99,0,0,80,80.5,0,0,90,73.5,0,0,130,8.75,0,0,130,78,0,0,120,137.5,0,0,120,128,0,0,150,125,0,0,150,235,0,0,250,209
S555,S.K.HARDWARE (JORHAT) .,730,468,700,715,680,145,830,667.5,0,0,710,580,0,0,550,625.75,0,0,650,664,0,0,620,405,0,0,600,608,0,0,750,757,0,0,750,657.5,0,0,800,768.5,0,0,900,907.5,0,0,900,934.5
S035,SHAKTI STEEL,0,0,0,0,0,0,0,0,0,0,0,0,0,0,0,0,0,0,0,0,0,0,0,0,0,0,0,0,0,0,0,0,0,0,0,0,0,0,0,0,0,0,0,0,0,0,0,0
NES166,SHEW HARDWARE (JORHAT) .,650,577.5,1000,1086.05,560,143,1390,776.25,0,0,1020,213.5,0,0,450,463.5,0,0,510,344,0,0,400,230.5,0,0,400,461,0,0,500,430.5,0,0,550,362,0,0,550,571.25,0,0,600,607.5,0,0,1000,480
NET044,TOPAZRMARKETING(JORHAT),0,0,0,0,0,0,0,0,0,0,0,0,0,0,0,0,0,0,0,0,0,0,0,0,0,0,0,0,0,0,0,0,0,0,0,0,0,0,0,0,0,0,0,0,0,0,0,0
NEB054,B D ENTERPRISE (AMGURI),120,40,90,80,120,80,80,80,0,0,80,115,0,0,100,80,0,0,120,90,0,0,100,91,0,0,120,120,0,0,120,120,0,0,100,80,0,0,130,80,0,0,150,150,0,0,200,150
N008,NATIONAL HARDWARE STORES,0,0,30,0,0,0,35,0,0,0,0,0,0,0,0,30,0,0,40,30,0,0,30,15,0,0,30,0,0,0,0,10,0,0,0,0,0,0,0,0,0,0,0,0,0,0,0,0
NEP064,P.K ENTERPRISE (AMGURI),550,440.5,425,433.5,550,130,640,518,0,0,450,450,0,0,450,461.75,0,0,550,454.25,0,0,500,339,0,0,470,525.75,0,0,560,596,0,0,625,600,0,0,600,606,0,0,650,594.25,0,0,750,689
S172,S.S. ENTERPRISE (SIBSAGAR),200,171.5,150,140,200,127.5,175,175,0,0,130,145,0,0,130,130,0,0,180,182.6,0,0,160,125.5,0,0,180,189,0,0,250,210,0,0,200,212.5,0,0,250,220,0,0,250,250,0,0,250,354
S210,SINGH TRADE & COMMERCE,150,90,110,90,150,40,210,105,0,0,130,90,0,0,120,50,0,0,130,115,0,0,120,85,0,0,120,90,0,0,130,0,0,0,60,0,0,0,150,91,0,0,200,180,0,0,300,195
NEH051,HANCHARA HARDWARE STORE,50,20,40,20,50,0,35,25,0,0,40,40,0,0,40,20,0,0,50,20,0,0,30,30,0,0,40,30,0,0,50,30,0,0,40,35,0,0,50,25,0,0,50,35,0,0,80,65
NEM122,MAHADEV HARDWARE SUPPLIER,0,0,0,0,0,0,0,0,0,0,0,0,0,0,0,0,0,0,0,0,0,0,0,0,0,0,0,0,0,0,0,0,0,0,0,0,0,0,0,0,0,0,0,0,0,0,0,0
NED126,DEEPJYOTI STORE,440,400,349,400,450,160,420,420,0,0,420,477.5,0,0,420,480,0,0,480,557.6,0,0,550,360,0,0,550,360,0,0,550,395,0,0,550,520,0,0,600,440,0,0,600,480,0,0,600,600
NES406,SHIV SHAKTI HARDWARE (JOR),710,710.65,700,700.55,680,208.5,645,624.5,0,0,550,478.5,0,0,470,566,0,0,550,515,0,0,550,291.5,0,0,560,608,0,0,720,431.05,0,0,565,566.2,0,0,700,685.25,0,0,750,758.6,0,0,900,793
NEB215,BBENTERPRISE(JOR),0,0,30,0,0,0,0,0,0,0,0,0,0,0,0,0,0,0,0,0,0,0,0,0,0,0,0,0,0,0,0,0,0,0,0,0,0,0,0,0,0,0,0,0,0,0,0,0
NEJ097,JANMONI HARDWARE AND SUPPLIERS,50,15,50,53.5,50,25,70,35,0,0,50,35,0,0,50,30,0,0,50,45,0,0,50,20,0,0,40,40,0,0,80,40,0,0,60,20.5,0,0,70,30,0,0,80,34,0,0,80,31.5
NES205,SARBANANDAHARDWARESTORES,0,0,0,0,0,0,0,0,0,0,0,0,0,0,0,0,0,0,0,0,0,0,0,0,0,0,0,0,0,0,0,0,0,0,0,0,0,0,0,0,0,0,0,0,0,0,0,0
A095,AGARWALLA STORES,2500,1855.95,3600,1865.5,3400,640,3200,2996.8,0,0,2900,2513.25,0,0,2500,2392,0,0,2800,2275.6,0,0,3000,2192.75,0,0,3000,2806.6,0,0,3500,2883.75,0,0,3400,3333.8,0,0,3400,3419,0,0,3600,3202.25,0,0,5500,5276.6
NEA161,AJAY KUMAR AGARWALLA,400,300,450,485,450,0,400,400,0,0,400,420,0,0,350,360,0,0,300,360,0,0,450,467,0,0,400,422.5,0,0,550,417.5,0,0,600,347,0,0,500,378.9,0,0,500,380,0,0,1000,629.7
A045,ASSAM TRADERS (DHEMAJI),120,59.95,120,0,120,0,120,98.5,0,0,120,70,0,0,100,60,0,0,160,80,0,0,140,39.9,0,0,100,40,0,0,100,70,0,0,100,69,0,0,120,40,0,0,120,80,0,0,160,40
B170,B.M.HARDWARE & MACHINERY STORE .,600,676.05,900,620,600,0,700,320,0,0,485,400,0,0,500,460,0,0,600,200,0,0,580,336.4,0,0,460,440,0,0,680,427.5,0,0,580,497.15,0,0,540,439.75,0,0,600,410,0,0,800,680
NEB051,BALAJI STORE (LAKHIMPUR),120,0,300,120,120,0,180,80,0,0,150,40,0,0,120,0,0,0,120,40,0,0,80,37.5,0,0,100,35,0,0,100,40,0,0,160,40,0,0,120,0,0,0,120,0,0,0,200,0
B147,BAPI HARDWARE,220,215,300,150,200,0,200,80,0,0,200,90,0,0,160,160,0,0,200,157.5,0,0,180,80,0,0,190,165,0,0,200,150,0,0,200,259.2,0,0,240,220,0,0,280,220,0,0,400,170
B077,BIMAL ENTERPRISES,0,0,45,0,0,0,40,0,0,0,0,0,0,0,0,0,0,0,0,0,0,0,0,0,0,0,0,0,0,0,0,0,0,0,0,0,0,0,0,0,0,0,0,0,0,0,0,0
NEC036,CRSTEEL(HARMOTI),0,0,0,0,0,0,0,0,0,0,0,0,0,0,0,0,0,0,0,0,0,0,0,0,0,0,0,0,0,0,0,0,0,0,0,0,0,0,0,0,0,0,0,0,0,0,0,0
NEH022,HARDWARE HOUSE (SILAPATHAR),120,0,200,40,120,0,160,105,0,0,160,80,0,0,160,140,0,0,160,100,0,0,120,50,0,0,140,25,0,0,140,80,0,0,160,64,0,0,120,103.5,0,0,160,160,0,0,400,90
NEJ042,J B STORES (DHAKUAKHANA),80,80,120,80,80,0,100,80,0,0,80,80,0,0,80,80,0,0,80,80,0,0,80,75,0,0,80,80,0,0,80,120,0,0,80,75,0,0,80,120,0,0,80,120,0,0,80,90
NEJ101,J S ENTERPRISE (NLP),120,75,60,80,100,20,100,40,0,0,0,60,0,0,80,40,0,0,80,40,0,0,60,0,0,0,60,0,0,0,0,0,0,0,80,0,0,0,80,0,0,0,100,0,0,0,80,105
NEK077,KRISHNA ENTERPRISE (NLP),160,60,240,90,200,50,200,130,0,0,160,50,0,0,160,140,0,0,200,140,0,0,160,89.6,0,0,200,140,0,0,250,100,0,0,200,150,0,0,200,210,0,0,240,160,0,0,240,186.05
M146,M.K.TRADING(DHEMAJI),0,0,0,0,0,0,0,0,0,0,0,0,0,0,0,0,0,0,0,0,0,0,0,0,0,0,0,0,0,0,0,0,0,0,0,0,0,0,0,0,0,0,0,0,0,0,0,0
NEM214,MAA DURGA HARDWARE (NLP),0,0,0,0,0,0,0,0,0,0,0,0,0,0,0,0,0,0,0,0,0,0,0,0,0,0,0,0,0,0,0,0,0,0,0,0,0,0,0,0,0,0,0,0,0,0,0,0
M185,MAHALAXMI HARDWARE (DHEMAJI),200,90,200,160,160,0,200,120,0,0,200,160,0,0,160,120,0,0,160,60,0,0,200,100,0,0,170,60,0,0,130,120,0,0,160,80,0,0,160,120,0,0,200,210,0,0,280,160
M129,MANISH TRADING CO. .,500,320,800,440,600,160,700,595,0,0,510,445,0,0,450,665,0,0,600,355,0,0,420,245,0,0,470,330.05,0,0,580,480,0,0,580,355,0,0,540,310,0,0,500,350,0,0,800,440
NEM107,MINAHARDWARE(NLP),0,0,0,0,0,0,0,0,0,0,0,0,0,0,0,0,0,0,0,0,0,0,0,0,0,0,0,0,0,0,0,0,0,0,0,0,0,0,0,0,0,0,0,0,0,0,0,0
NER152,R R HARDWARE,40,20,50,40,30,0,50,20,0,0,0,35,0,0,40,20,0,0,40,40,0,0,40,20,0,0,40,20,0,0,50,0,0,0,60,20,0,0,40,40,0,0,40,20,0,0,60,20
NER018,RAJ VIKASH STEEL CENTRE,100,60,160,40,80,0,100,40,0,0,100,80,0,0,100,80,0,0,120,40,0,0,95,40,0,0,100,40,0,0,80,40,0,0,120,35,0,0,80,40,0,0,120,80,0,0,120,40
R033,ROY HARDWARE STORE (LALUK),40,50,60,30,30,0,50,20,0,0,0,30,0,0,30,0,0,0,40,0,0,0,25,0,0,0,20,20,0,0,60,55,0,0,50,30,0,0,40,30,0,0,40,20,0,0,50,15
S459,SARWESHWARTRADINGCO.,0,0,0,0,0,0,0,0,0,0,0,0,0,0,0,0,0,0,0,0,0,0,0,0,0,0,0,0,0,0,0,0,0,0,0,0,0,0,0,0,0,0,0,0,0,0,0,0
NES188,SENCHOWA HARDWARE,1700,1510,2000,1453.45,1600,350,1800,1263.3,0,0,1300,994,0,0,1200,731.5,0,0,1400,1206.15,0,0,1580,687.1,0,0,1750,1187.5,0,0,1750,580,0,0,1840,1513.5,0,0,1900,1121.6,0,0,2000,1207,0,0,2800,1410.2
NES228,SHARMA H.W. STORES,120,40,165,80,160,0,200,80,0,0,160,80,0,0,120,80,0,0,200,124.4,0,0,160,90,0,0,160,80,0,0,200,120,0,0,160,100,0,0,160,90,0,0,200,90,0,0,240,190
NES357,SHIKHA HARDWARE,160,0,160,79.15,200,0,120,85,0,0,120,80,0,0,100,100,0,0,160,136.55,0,0,160,66.25,0,0,120,50,0,0,150,50,0,0,160,90,0,0,200,100,0,0,200,180,0,0,240,220
NES187,SHIV BHANDAR (NLP),250,120,380,210,160,25,315,160,0,0,255,180,0,0,200,90,0,0,250,80,0,0,125,100,0,0,200,120,0,0,240,140,0,0,240,160,0,0,240,160,0,0,280,170,0,0,350,120
NES291,SHREE GANESH STEEL,80,80,80,40,80,0,80,80,0,0,60,0,0,0,80,0,0,0,120,80,0,0,80,0,0,0,80,40,0,0,80,50,0,0,80,40,0,0,80,80,0,0,100,40,0,0,120,50
S577,SILAPATHAR HARDWARE STORES,0,0,0,0,0,0,0,0,0,0,0,0,0,0,0,0,0,0,0,0,0,0,0,0,0,0,0,0,0,0,0,0,0,0,0,0,0,0,0,0,0,0,0,0,0,0,0,0
S082,SRI JAGDAMBA HARDWARE STORES,5500,5801.75,8000,5770.35,6000,1758.2,6500,5436,0,0,5005,4375.45,0,0,4200,4715.5,0,0,5000,4904.2,0,0,4840,4244.1,0,0,4420,4540.05,0,0,6300,6000.8,0,0,6300,5883.3,0,0,6600,6659.45,0,0,6800,5912.8,0,0,8200,7824.35
S293,SUBHAM HARDWARE,20,20,40,20,30,0,20,0,0,0,0,10,0,0,20,15,0,0,20,0,0,0,20,10,0,0,20,0,0,0,0,20,0,0,0,15,0,0,30,0,0,0,20,20,0,0,40,20
NES210,SUNITA ENTERPRISE,120,80,160,40,120,0,120,90,0,0,160,122.6,0,0,160,120,0,0,160,0,0,0,120,73.6,0,0,160,50,0,0,140,100,0,0,200,40,0,0,120,120,0,0,200,80,0,0,280,205
NEB192,BALAJI ENTERPRISE (NLP),120,80,150,85,120,0,120,70,0,0,120,85,0,0,120,120,0,0,120,60,0,0,120,40,0,0,120,50,0,0,120,60,0,0,120,110,0,0,120,90,0,0,120,90,0,0,160,60
NET125,T D STORE,0,0,0,0,0,0,0,0,0,0,0,0,0,0,0,0,0,0,0,0,0,0,0,0,0,0,0,0,0,0,0,0,0,0,0,0,0,0,0,0,0,0,0,0,0,0,0,0
NES373,SAURABH HARDWARE,20,20,40,0,40,0,40,0,0,0,0,0,0,0,30,20,0,0,30,0,0,0,20,20,0,0,20,10,0,0,30,20,0,0,40,25,0,0,30,15,0,0,30,20,0,0,30,20
NEU030,USMAN HARDWARE & ELECTRICAL,25,20,80,0,50,0,50,0,0,0,30,0,0,0,40,20,0,0,50,0,0,0,20,0,0,0,30,20,0,0,30,0,0,0,30,50,0,0,60,20,0,0,80,25,0,0,80,20
NEL059,LAKHIENTERPRISE(DHEMAJI),0,0,0,0,0,0,0,0,0,0,0,0,0,0,0,0,0,0,80,0,0,0,0,0,0,0,0,0,0,0,0,0,0,0,0,0,0,0,0,0,0,0,0,0,0,0,0,0
J012,JAGATI ENTERPRISE .,1515,1938,1120,1308.5,1600,401.5,1280,1310,0,0,1200,1029,0,0,1110,1220.25,0,0,1410,1360,0,0,1240,1115.2,0,0,1310,1312.5,0,0,1345,1401.5,0,0,1275,1659.35,0,0,1410,1546.8,0,0,1568,2381.75,0,0,2500,3095.25
NEP083,PHUKANRICEMILL(CHARING),0,0,0,0,0,0,0,0,0,0,0,0,0,0,0,0,0,0,0,0,0,0,0,0,0,0,0,0,0,0,0,0,0,0,0,0,0,0,0,0,0,0,0,0,0,0,0,0
P211,PRABHATSTORES,0,0,0,0,0,0,0,0,0,0,0,0,0,0,0,0,0,0,0,0,0,0,0,0,0,0,0,0,0,0,0,0,0,0,0,0,0,0,0,0,0,0,0,0,0,0,0,0
NEP077,PRADIP STORE (RAJMAI) .,1235,701.75,900,900,1000,388.5,1100,1120,0,0,1100,890,0,0,900,760,0,0,800,715,0,0,840,574,0,0,855,1000,0,0,1200,734,0,0,1060,750,0,0,1050,1054,0,0,1150,1327,0,0,1170,1395
NEP082,PURBANCHAL HARDWARE (DEMOW),160,0,160,80,60,10,100,40,0,0,120,120,0,0,120,100,0,0,120,90,0,0,90,40,0,0,120,51.5,0,0,120,40,0,0,80,25,0,0,120,32.5,0,0,150,0,0,0,60,27.5
S060,SHYAM ENTERPRISE,1270,580,1000,508.5,1200,250,1200,1164,0,0,1100,1005,0,0,1120,552.5,0,0,1020,1000,0,0,1000,410,0,0,1045,1045,0,0,1100,1007.5,0,0,1030,845,0,0,1120,1040,0,0,1285,1330,0,0,2050,1765
S185,SHYAM STEEL .,120,40,40,0,60,0,45,55,0,0,40,0,0,0,40,0,0,0,20,10,0,0,40,0,0,0,20,20,0,0,80,38,0,0,80,0,0,0,40,20,0,0,70,0,0,0,35,0
L013,LAXMI HARDWARE STORES (SIBSAGAR) .,0,0,20,0,0,0,80,0,0,0,26,0,0,0,0,0,0,0,0,0,0,0,0,0,0,0,0,0,0,0,0,0,0,0,0,0,0,0,0,0,0,0,0,0,0,0,0,0
S457,SILASAKHU HARDWARE & ELECTRICALS .,180,92.5,200,160,220,40,160,180,0,0,140,172.5,0,0,180,167.5,0,0,180,160.5,0,0,160,95,0,0,120,170,0,0,160,125,0,0,175,40,0,0,220,150,0,0,190,202.5,0,0,280,297
NED076,DHOLEBAGAN HARDWARE STORE (SIBSAGAR),120,0,95,10,0,0,45,0,0,0,0,0,0,0,0,0,0,0,0,0,0,0,0,0,0,0,0,0,0,0,0,0,0,0,0,40,0,0,40,0,0,0,60,0,0,0,0,0
NES193,SUNDARAMHARDWARESTORE(SIBSAGAR),0,0,0,0,0,0,0,0,0,0,0,0,0,0,0,0,0,0,0,0,0,0,0,0,0,0,0,0,0,0,0,0,0,0,0,0,0,0,0,0,0,0,0,0,0,0,0,0
NEO010,OMHARDWARE,0,0,0,0,0,0,0,0,0,0,0,0,0,0,0,0,0,0,0,0,0,0,0,0,0,0,0,0,0,0,0,0,0,0,0,0,0,0,0,0,0,0,0,0,0,0,0,0
NEB144,B K GOGOI (SIBSAGAR),120,0,120,0,20,0,0,40,0,0,20,10,0,0,20,10,0,0,20,30,0,0,30,10,0,0,20,10,0,0,20,10,0,0,0,20,0,0,20,10,0,0,50,17.5,0,0,20,5
NEM196,MOINAHARDWARE,0,0,0,0,0,0,0,0,0,0,0,0,0,0,0,0,0,0,0,0,0,0,0,0,0,0,0,0,0,0,0,0,0,0,0,0,0,0,0,0,0,0,0,0,0,0,0,0
NEL048,LAXMIENTERPIRSE(SIB),0,0,0,0,0,0,0,0,0,0,0,0,0,0,0,0,0,0,0,0,0,0,0,0,0,0,0,0,0,0,0,0,0,0,0,0,0,0,0,0,0,0,0,0,0,0,0,0
A144,ASSAM STORES (TEZPUR),160,100,270,160,200,40,240,188.5,0,0,210,170,0,0,130,130,0,0,200,164.5,0,0,160,110,0,0,201.5,100,0,0,220,125,0,0,180,180,0,0,240,160,0,0,200,200,0,0,270,225
A134,ASSOCIATESTEEL&CEMENTCENTRE,0,0,0,0,0,0,0,0,0,0,0,0,0,0,0,0,0,0,0,0,0,0,0,0,0,0,0,0,0,0,0,0,0,0,0,0,0,0,0,0,0,0,0,0,0,0,0,0
B036,BIJOY BHANDAR,0,0,0,0,0,0,0,0,0,0,0,0,0,0,0,0,0,0,0,0,0,0,0,0,0,0,0,0,0,0,0,0,0,0,0,0,0,0,0,0,0,0,0,0,0,0,0,0
NEC069,CHUNU HARDWARE,280,277.5,350,300.5,320,5,290,280,0,0,300,260,0,0,220,240,0,0,280,237,0,0,350,140,0,0,270,180,0,0,250,140,0,0,300,194,0,0,260,220,0,0,300,320,0,0,400,405
D164,DAS & SON'S,120,120,220,160,200,40,180,177.5,0,0,140,80,0,0,80,105,0,0,120,140,0,0,140,120,0,0,97,120,0,0,120,40,0,0,200,110,0,0,140,115,0,0,180,160,0,0,200,120
G095,GANAPATI HARDWARE (TEZPUR),40,20,80,0,40,0,40,0,0,0,40,40,0,0,20,20,0,0,40,20,0,0,60,20,0,0,44,65,0,0,40,20,0,0,85,0,0,0,40,40,0,0,80,47.5,0,0,80,40
G029,GOSWAMI HARDWARE,20,7.5,20,4,20,0,20,8,0,0,20,3.5,0,0,10,4,0,0,30,14.5,0,0,30,8,0,0,22,8,0,0,20,12,0,0,20,15,0,0,20,8,0,0,20,8,0,0,40,8
J015,JAISWAL ENTERPRISES (TEZPUR) .,5490,5630.5,4811,5542.3,5500,1436.75,5150,5643.6,0,0,4200,4317.35,0,0,3485,4350.35,0,0,3690,4032.95,0,0,4520,2776.1,0,0,4250,3904.35,0,0,4660,3884.5,0,0,5100,4618,0,0,5000,4478,0,0,5170,5394.15,0,0,5820,6066
J045,JOSHI ENTERPRISE .,170,93,140,166,150,44.25,160,164,0,0,150,168,0,0,170,72.5,0,0,190,88,0,0,210,105,0,0,171,88,0,0,160,112,0,0,150,92,0,0,160,93.5,0,0,200,139.75,0,0,300,88
NEJ074,J P ENTERPRISE (B P TINIALI),0,0,40,0,0,0,0,0,0,0,40,15,0,0,20,0,0,0,20,0,0,0,0,0,0,0,0,0,0,0,20,0,0,0,0,0,0,0,0,0,0,0,0,0,0,0,0,0
NEJ082,J P HARDWARE (BNC),260,247,280,304,320,134,280,363,0,0,240,217.5,0,0,240,284,0,0,260,202,0,0,260,150,0,0,278,170,0,0,210,225,0,0,335,240,0,0,265,240,0,0,310,348,0,0,330,362.5
K132,KALITA ENTERPRISE (TEZPUR),525,565,576,522,480,100,580,441,0,0,450,260,0,0,395,326.5,0,0,400,400,0,0,440,221,0,0,423,601,0,0,410,420.5,0,0,470,421,0,0,500,500,0,0,580,595,0,0,600,595
NEK065,KAMAKHYA HARDWARE (TEZPUR) .,610,850.5,600,607.5,650,237,710,645.75,0,0,580,613.25,0,0,490,652.25,0,0,620,642.5,0,0,660,359.75,0,0,595,678,0,0,610,654.25,0,0,650,925.25,0,0,665,757.65,0,0,750,768,0,0,900,896.85
L029,LAXMI NARAYAN OM PRAKASH .,1100,1056.8,1050,1049,1120,360,1140,1117.6,0,0,1040,1035,0,0,660,1010,0,0,900,1040,0,0,850,720,0,0,845,1000,0,0,1030,1040,0,0,1100,1310,0,0,1310,1145,0,0,1140,1435,0,0,1500,1507.5
NEL058,L K ENTERPRISE (TEZ) .,20,20.75,10,1.75,30,0,0,0,0,0,0,0,0,0,0,9.5,0,0,10,0,0,0,0,0,0,0,0,0,0,0,20,21.75,0,0,20,33.25,0,0,20,25,0,0,20,20,0,0,30,4.5
NEM207,MAHESH HARDWARE (BHALUKPONG) .,280,280,240,240,280,0,330,200,0,0,340,200,0,0,325,261.85,0,0,380,407.45,0,0,510,192.85,0,0,495,220,0,0,400,400,0,0,400,235,0,0,300,0,0,0,300,260,0,0,500,270
N066,NATHU HARDWARE,80,56.5,200,160.25,93,0,200,93,0,0,150,71,0,0,125,55.5,0,0,130,51,0,0,170,45,0,0,87,47,0,0,90,54,0,0,80,48,0,0,60,65.75,0,0,100,110,0,0,200,58
NEN076,NRENTERPRISES,0,0,0,0,0,0,0,0,0,0,0,0,0,0,0,0,0,0,0,0,0,0,0,0,0,0,0,0,0,0,0,0,0,0,0,0,0,0,0,0,0,0,0,0,0,0,0,0
NEN068,NEW J P HARDWARE (TEZPUR) .,160,180,240,160,200,0,200,180,0,0,180,100,0,0,100,115,0,0,170,160,0,0,200,60,0,0,126,200,0,0,180,140,0,0,220,280,0,0,200,160,0,0,200,185,0,0,240,200
P166,PURBANCHAL HARDWARE (TEZPUR) .,820,802.1,764,815,717,117,840,710.5,0,0,730,578.75,0,0,680,559.5,0,0,720,735.5,0,0,800,456.75,0,0,730,772.5,0,0,750,573.5,0,0,750,550,0,0,745,727.75,0,0,850,808,0,0,1100,930.5
S036,SHANKAR HARDWARE,330,200,310,329.5,240,80,305,212.5,0,0,210,227.5,0,0,220,232.5,0,0,230,170,0,0,250,95,0,0,207,227.5,0,0,215,204,0,0,252,228,0,0,240,242.5,0,0,280,304.15,0,0,360,290
P049,PURBANCHAL UDYOG .,0,0,20,5,0,0,0,0,0,0,0,0,0,0,0,0,0,0,0,0,0,0,0,0,0,0,0,0,0,0,0,0,0,0,0,0,0,0,0,0,0,0,0,0,0,0,0,30
S245,SHREE GANESH HARDWARE (TEZPUR) .,40,42,100,88.45,60,7.5,120,52.5,0,0,90,20,0,0,85,102.5,0,0,100,38,0,0,100,27,0,0,63,0,0,0,70,34,0,0,60,60.5,0,0,80,55,0,0,100,56,0,0,150,13
NET036,TURANGA HARDWARE .,190,169,235,139,140,40,200,130,0,0,150,90,0,0,120,36,0,0,150,105,0,0,150,44,0,0,129,152,0,0,135,71,0,0,150,102,0,0,140,147.5,0,0,160,193,0,0,250,217.5
A054,ANKITA ENTERPRISE,0,0,80,0,0,0,0,0,0,0,0,0,0,0,20,0,0,0,0,0,0,0,0,0,0,0,0,0,0,0,0,0,0,0,0,0,0,0,0,0,0,0,0,0,0,0,0,0
B101,BALAJISTEEL(DIBRUGARH),0,0,0,0,0,0,0,0,0,0,0,0,0,0,0,0,0,0,0,0,0,0,0,0,0,0,0,0,0,0,0,0,0,0,0,0,0,0,0,0,0,0,0,0,0,0,0,0
D011,DENNY BENNY ASSOCIATES,60,10,50,6.5,0,0,0,0,0,0,30,41.5,0,0,70,21.5,0,0,50,0,0,0,30,20,0,0,40,0,0,0,50,10,0,0,50,3,0,0,60,65,0,0,120,69.5,0,0,120,30
D012,DHANDARIA TRADING CO.,810,559,700,1019.5,1008,173,0,1008,0,0,850,844.75,0,0,750,1015.5,0,0,1001,910,0,0,920,680.5,0,0,950,1102.75,0,0,1070,1072.4,0,0,1120,1257,0,0,1200,1150,0,0,1200,1222,0,0,1460,1080.5
D072,DUTTA HARDWARE,40,20,50,60,30,0,0,30,0,0,50,0,0,0,30,30,0,0,30,0,0,0,30,0,0,0,50,20,0,0,50,20,0,0,50,0,0,0,50,40,0,0,50,35,0,0,80,25
J026,JAGADAMBAELECTRIC&HARDWARESTORES,0,0,0,0,0,0,0,0,0,0,0,0,0,0,0,0,0,0,0,0,0,0,0,0,0,0,0,0,0,0,0,0,0,0,0,0,0,0,0,0,0,0,0,0,0,0,0,0
M070,MODI TRADERS (TINSUKIA),0,0,30,0,0,0,0,0,0,0,0,0,0,0,0,0,0,0,0,0,0,0,0,0,0,0,0,0,0,0,0,0,0,0,0,0,0,0,0,0,0,0,0,0,0,0,0,0
R039,RAJESH TRADE & AGENCY,100,0,130,218.5,20,0,0,20,0,0,125,120,0,0,100,118,0,0,170,160,0,0,150,30,0,0,160,140,0,0,180,70,0,0,180,130,0,0,200,80,0,0,220,250,0,0,220,140
NES073,SHIVAM TRADE AND AGENCY,40,0,60,40,0,0,0,0,0,0,30,0,0,0,40,40,0,0,50,0,0,0,50,0,0,0,50,0,0,0,60,0,0,0,60,0,0,0,0,0,0,0,40,0,0,0,40,30
NEB114,BIREN KUMAR,0,0,70,45.5,30,0,0,30,0,0,60,41.5,0,0,60,60,0,0,80,40,0,0,70,30,0,0,70,30,0,0,80,20,0,0,80,45,0,0,100,0,0,0,50,0,0,0,50,0
D080,DEKA HARDWARE STORES .,0,0,30,0,15,0,0,15,0,0,20,10,0,0,20,0,0,0,20,0,0,0,0,0,0,0,0,0,0,0,40,0,0,0,40,0,0,0,0,0,0,0,0,0,0,0,0,0
NEL036,LUCKYHARDWARE(TSK),0,0,0,0,0,0,0,0,0,0,0,0,0,0,0,0,0,0,0,0,0,0,0,0,0,0,0,0,0,0,0,0,0,0,0,0,0,0,0,0,0,0,0,0,0,0,0,0
NEM171,MAMTA HARDWARE STORES,200,100,210,212.5,212.5,0,0,212.5,0,0,250,50,0,0,180,205,0,0,320,130,0,0,210,50,0,0,200,200,0,0,270,80,0,0,150,285,0,0,400,40,0,0,250,340,0,0,400,355
NES412,SAI HARDWARE,30,20,40,40,30,0,0,30,0,0,50,20,0,0,40,20,0,0,40,20,0,0,45,20,0,0,50,20,0,0,50,0,0,0,50,40,0,0,50,0,0,0,50,0,0,0,60,15
NES419,S C ENTERPRISES,30,0,40,20,5.5,0,0,5.5,0,0,40,60,0,0,40,40,0,0,50,90,0,0,100,30,0,0,80,37.5,0,0,70,45,0,0,70,44,0,0,70,0,0,0,40,0,0,0,60,0
NER096,R.V HARDWARE AND STORE (MAKUM),40,40,40,40,20,0,0,20,0,0,40,25,0,0,40,30,0,0,45,20,0,0,45,20,0,0,50,20,0,0,50,20,0,0,50,40,0,0,50,20,0,0,50,40,0,0,60,20
A163,AJOY BHATTACHARJEE,50,7.5,40,5,50,10,40,5,0,0,30,15,0,0,25,35,0,0,30,45,0,0,30,35,0,0,40,30,0,0,35,32.5,0,0,40,30,0,0,40,40,0,0,40,40,0,0,40,40
A164,ANJAN DEBNATH,2300,1440.6,2000,2176.35,2230,503.75,1950,1811.5,0,0,1700,1692.2,0,0,2000,1624.3,0,0,2000,1605.5,0,0,2000,1285.75,0,0,2000,1666.55,0,0,2000,1837,0,0,2100,2107.25,0,0,2200,1900.1,0,0,2300,2036.45,0,0,2750,1815.85
NEB190,BABA LOKENATH CEMENT HOUSE,30,10,20,10,50,0,15,15,0,0,30,5,0,0,20,10,0,0,20,15,0,0,20,5,0,0,30,5,0,0,20,0,0,0,20,0,0,0,20,0,0,0,25,5,0,0,40,5
B138,BANKA BEHARI PAUL,200,70,200,179.95,200,25,200,164.25,0,0,100,50,0,0,180,156.75,0,0,180,109.5,0,0,180,25,0,0,150,210.5,0,0,130,150.75,0,0,150,120,0,0,180,146,0,0,190,100,0,0,250,65
NEB132,BASUNDHARA ENTERPRISE,1500,1444.25,1600,1159.05,1600,310.25,1450,1344.55,0,0,1300,1342.15,0,0,1400,1406.3,0,0,1400,1459.25,0,0,1400,1470.5,0,0,1500,1240.75,0,0,1400,1442.5,0,0,1500,1679.5,0,0,1600,1620,0,0,1650,1792,0,0,2100,2053.05
NED154,D.K.CONSTRUCTION,0,0,0,0,0,0,0,0,0,0,0,0,0,0,0,0,0,0,0,0,0,0,0,0,0,0,0,0,0,0,0,0,0,0,0,0,0,0,0,0,0,0,0,0,0,0,0,0
NED054,DAS IRON AGENCY (AGARTALA),100,60,120,96,100,0,110,65,0,0,100,60,0,0,100,105,0,0,120,75,0,0,110,25,0,0,110,50,0,0,120,90,0,0,110,15,0,0,110,95,0,0,110,75,0,0,120,80.5
NED082,DATTA HOME APPLIANCE,220,185,200,165,220,50,200,205,0,0,125,147.5,0,0,190,170,0,0,180,180,0,0,200,81,0,0,180,185.5,0,0,185,190.5,0,0,190,195.5,0,0,190,200,0,0,200,170,0,0,230,185
D110,DINABANDHU TRADERS,0,0,75,75.5,0,0,75,45,0,0,40,40,0,0,80,51,0,0,70,0,0,0,0,0,0,0,0,0,0,0,0,0,0,0,0,0,0,0,0,0,0,0,0,0,0,0,0,0
NEG086,GANAPATITRADERS(AGR),0,0,0,0,0,0,0,0,0,0,0,0,0,0,0,0,0,0,0,0,0,0,0,0,0,0,0,0,0,0,0,0,0,0,0,0,0,0,0,0,0,0,0,0,0,0,0,0
G015,GOPINATH SAHA,350,25,400,405,400,0,500,336.5,0,0,300,240,0,0,450,376.9,0,0,400,181,0,0,370,280.75,0,0,310,387,0,0,400,404,0,0,380,375.5,0,0,400,370,0,0,405,520.5,0,0,420,455
NEJ059,JOY CHANDIMATA STEEL,0,0,40,5,0,0,30,0,0,0,35,0,0,0,0,2.5,0,0,0,0,0,0,0,0,0,0,0,0,0,0,0,0,0,0,0,0,0,0,0,0,0,0,0,0,0,0,0,0
NEJ016,JOY GURU ENTERPRISE,120,65,100,100,120,15,90,72,0,0,80,30,0,0,80,80,0,0,80,105,0,0,80,80,0,0,100,60,0,0,100,65,0,0,100,70,0,0,100,60,0,0,100,80,0,0,100,100
J057,JOYRAM TRADERS (AGARTALA),500,171,350,385,500,59,400,447,0,0,375,392,0,0,380,355,0,0,380,385.3,0,0,400,424.5,0,0,400,498.25,0,0,350,603,0,0,500,602.75,0,0,550,365.75,0,0,550,512.1,0,0,600,437.1
NEL015,LAXMAN SAHA (AGARTALA),4800,4561.25,3600,3608.95,5700,1247.7,4500,4524.65,0,0,4100,3258.85,0,0,4900,5269.75,0,0,4900,5073.7,0,0,4950,3828.6,0,0,4600,4918.5,0,0,5050,5070.4,0,0,5100,6085.35,0,0,5000,5152.05,0,0,5150,5575.5,0,0,7100,7716.3
M298,MAA MANASHA ENTERPRISE,100,45,100,99.55,80,0,120,50.2,0,0,100,50,0,0,110,35,0,0,50,60.5,0,0,50,52.5,0,0,70,70,0,0,70,55,0,0,80,95,0,0,80,65,0,0,80,40,0,0,80,90
M017,MAAKALI ENTERPRISE (AGARTALA),180,107,150,124.5,180,31,150,172.9,0,0,135,125,0,0,250,165,0,0,200,130,0,0,180,172.5,0,0,170,128,0,0,160,142.5,0,0,170,145,0,0,170,100,0,0,150,120,0,0,150,150.5
NEM064,MADAN GOPAL TRADERS (AGARTALA),250,184.5,300,219,300,45,350,225.4,0,0,140,227.5,0,0,280,209,0,0,250,255,0,0,280,256,0,0,220,300.5,0,0,250,156.5,0,0,300,272.5,0,0,300,245,0,0,320,151,0,0,345,230
M111,MAHANAM BHANDER,0,0,0,0,0,0,0,0,0,0,0,0,0,0,0,0,0,0,0,0,0,0,0,0,0,0,0,0,0,0,0,0,0,0,0,0,0,0,0,0,0,0,0,0,0,0,0,0
M249,MAHANAM CONSTRUCTION,110,83.5,150,100,140,21,130,105,0,0,110,45,0,0,120,100.3,0,0,110,115,0,0,120,62.5,0,0,120,100,0,0,120,56.5,0,0,110,115,0,0,120,100,0,0,130,100,0,0,160,106.5
M273,MAHENDRABHANDAR,0,0,0,0,0,0,0,0,0,0,0,0,0,0,0,0,0,0,0,0,0,0,0,0,0,0,0,0,0,0,0,0,0,0,0,0,0,0,0,0,0,0,0,0,0,0,0,0
NEM068,MALINA PAINTS AND HARDWARE (AGARTALA),0,0,0,0,0,0,0,0,0,0,0,0,0,0,0,0,0,0,0,0,0,0,0,0,0,0,0,0,0,0,0,0,0,0,0,0,0,0,0,0,0,0,0,0,0,0,0,0
NEM012,MANJU ENTERPRISE,75,0,50,50.5,75,25,70,51,0,0,50,25,0,0,50,50,0,0,50,25.5,0,0,50,51,0,0,50,25,0,0,50,25,0,0,50,60,0,0,50,50,0,0,75,25.5,0,0,70,50
M341,MAZUMDER ENTERPRISE,140,95,180,105,140,25,160,70.2,0,0,130,82.5,0,0,150,100,0,0,170,120,0,0,150,75,0,0,130,150.5,0,0,150,167.5,0,0,120,185,0,0,120,120,0,0,120,130,0,0,130,176.5
NEM058,MODAK IRON AGENCY,350,314.5,380,282,400,25,400,330.5,0,0,350,292,0,0,400,321.2,0,0,400,320.5,0,0,360,301.75,0,0,340,281,0,0,400,351.5,0,0,400,425.5,0,0,400,405.3,0,0,425,471,0,0,430,462.65
NEM065,MODAK TRADERS (AGARTALA),80,70,100,80.5,120,0,100,50,0,0,50,50,0,0,75,50,0,0,50,40,0,0,70,37.5,0,0,50,55,0,0,60,85,0,0,60,110,0,0,75,100,0,0,115,109,0,0,140,130
NEM233,MRINAL KANTI SAHA,200,129.45,200,133.5,250,20,150,187,0,0,140,75.5,0,0,175,175,0,0,170,140,0,0,170,136.5,0,0,140,139.5,0,0,160,206,0,0,200,186,0,0,200,125,0,0,205,165,0,0,255,245
NEP141,PRATIMATRADERS(AGR),0,0,0,0,0,0,0,0,0,0,0,0,0,0,0,0,0,0,0,0,0,0,0,0,0,0,0,0,0,0,0,0,0,0,0,0,0,0,0,0,0,0,0,0,0,0,0,0
NER150,RADHIKA ENTERPRISE,60,15,50,10,60,0,50,0,0,0,30,20,0,0,30,55,0,0,50,50,0,0,50,20,0,0,50,35,0,0,60,45,0,0,50,25,0,0,50,40,0,0,60,40,0,0,60,15
NER085,RAMKRISHNA TRADERS (JIRANIA),220,142.35,200,207.9,220,25,180,197.25,0,0,120,149,0,0,180,181.95,0,0,170,141.5,0,0,170,146.5,0,0,180,175,0,0,200,206.3,0,0,200,216.25,0,0,200,207,0,0,200,192.75,0,0,220,195
R117,RAMTHAKUR TRADING CO.,30,0,30,15,30,0,40,15,0,0,20,5,0,0,20,5,0,0,20,0,0,0,20,10,0,0,20,5,0,0,20,5,0,0,30,0,0,0,30,0,0,0,30,5,0,0,30,0
NER126,ROY ENTERPRISE (DHALESWAR),80,45,80,77.5,80,35,80,102.5,0,0,50,92.5,0,0,90,90,0,0,80,86,0,0,80,65,0,0,80,65,0,0,80,82,0,0,90,65,0,0,90,67,0,0,110,110,0,0,100,65
NES054,SARADA ENTERPRISE,0,0,110,29,0,0,120,0,0,0,80,0,0,0,0,0,0,0,0,0,0,0,0,0,0,0,0,0,0,0,0,0,0,0,0,0,0,0,0,0,0,0,0,0,0,0,0,0
NES185,SRISTI CEMENT HOUSE (SADAR),40,27.95,50,55,50,5,50,15,0,0,40,50,0,0,50,50,0,0,70,25,0,0,50,0,0,0,50,0,0,0,40,26,0,0,50,20,0,0,50,10,0,0,15,30,0,0,20,15.05
NES288,SWASTIHARDWARESTORES,0,0,0,0,0,0,0,0,0,0,0,0,0,0,0,0,0,0,0,0,0,0,0,0,0,0,0,0,0,0,0,0,0,0,0,0,0,0,0,0,0,0,0,0,0,0,0,0
T059,TAPAN KUMAR PAL,0,0,120,153,0,0,100,89.5,0,0,85,56.9,0,0,120,0,0,0,0,0,0,0,0,0,0,0,0,0,0,0,0,0,0,0,0,0,0,0,0,0,0,0,0,0,0,0,0,0
NEE039,ESHA ENTERPRISE,0,0,50,10,0,0,60,10,0,0,30,10,0,0,0,0,0,0,0,0,0,0,0,0,0,0,0,0,0,0,0,0,0,0,0,0,0,0,0,0,0,0,0,0,0,0,0,0
NES364,SR BUILDERS,120,89.5,130,104.25,140,2.5,100,125.15,0,0,85,83.3,0,0,100,119.6,0,0,110,119.85,0,0,110,68.85,0,0,110,135.5,0,0,110,112.45,0,0,110,114.75,0,0,130,88.25,0,0,140,145.25,0,0,170,116
NEN130,NEW CHANDIMATA TRADERS,30,0,30,19.5,50,0,40,7.5,0,0,30,3.5,0,0,0,10,0,0,0,5,0,0,0,15,0,0,30,3,0,0,30,11.5,0,0,30,22.5,0,0,20,0,0,0,20,0,0,0,40,51
NED142,DWIJENDRA DEBBARMA,0,0,0,0,0,0,0,0,0,0,0,0,0,0,0,0,0,0,0,0,0,0,0,0,0,0,0,0,0,0,0,0,0,0,0,0,0,0,0,0,0,0,0,0,0,0,0,0
NED148,DHARAMRAJI STORES,30,5,30,19.25,50,0,15,5,0,0,25,0,0,0,0,0,0,0,0,15,0,0,0,0,0,0,20,5,0,0,20,2.5,0,0,20,0,0,0,20,13,0,0,25,12,0,0,40,5
A165,ANANDA TRADERS,80,41.5,80,83.75,75,0,85,45.5,0,0,60,82.5,0,0,80,58.5,0,0,60,52.5,0,0,75,55,0,0,70,74,0,0,80,43.5,0,0,100,37.5,0,0,70,62.5,0,0,75,88.5,0,0,75,92.5
A030,ARUN CHANDRA SAHA,1000,894.25,900,734.6,1100,135.5,900,902.5,0,0,850,747.5,0,0,850,915.25,0,0,800,651,0,0,850,607.5,0,0,840,840.75,0,0,950,979.1,0,0,1100,1202,0,0,1200,1207.65,0,0,1250,1412.55,0,0,1250,1291.5
NED156,DEBNATH HARDWARE (UDP),40,8,0,0,40,0,0,0,0,0,0,0,0,0,0,0,0,0,0,0,0,0,0,0,0,0,0,0,0,0,0,0,0,0,0,23.5,0,0,25,41,0,0,35,28,0,0,35,21.5
NEG098,GHOSH TRADERS (UDP),40,0,35,10,20,0,30,10,0,0,25,10,0,0,20,15,0,0,30,0,0,0,20,0,0,0,25,20,0,0,30,10,0,0,40,20,0,0,25,10,0,0,30,15,0,0,30,10
NEG016,GOMATIIRON,0,0,0,0,0,0,0,0,0,0,0,0,0,0,0,0,0,0,0,0,0,0,0,0,0,0,0,0,0,0,0,0,0,0,0,0,0,0,0,0,0,0,0,0,0,0,0,0
J024,JOYRAM HARDWARE,60,39.15,80,25,50,37,60,20,0,0,40,15,0,0,55,70,0,0,55,65,0,0,50,20,0,0,45,85,0,0,75,55,0,0,60,15,0,0,50,43.5,0,0,60,61,0,0,60,82.5
NEJ027,JOYRAM HARDWARE & BROTHERS (UDAIPUR),0,0,30,0,0,0,25,5,0,0,25,0,0,0,20,0,0,0,0,0,0,0,30,0,0,0,25,0,0,0,0,0,0,0,0,0,0,0,0,0,0,0,0,0,0,0,0,0
K137,KAIBALYANATH HARDWARE,230,210.5,200,204,175,20,180,181,0,0,125,163.5,0,0,170,171.7,0,0,170,150,0,0,200,163.5,0,0,150,168.95,0,0,200,248.25,0,0,250,261.5,0,0,235,247.5,0,0,260,235.5,0,0,260,302
K136,KALI MATA HARDWARE STORES (UDAIPUR),70,65,100,89.5,75,0,80,85,0,0,55,75,0,0,75,95,0,0,55,58,0,0,70,57.5,0,0,60,55,0,0,80,55.5,0,0,80,70,0,0,80,55.5,0,0,80,65,0,0,80,65
NEM216,MAA KALI STORES,50,40,40,25.5,40,0,30,25.5,0,0,25,25.5,0,0,25,40,0,0,30,25,0,0,30,0,0,0,30,50.5,0,0,50,50.5,0,0,50,30,0,0,30,25,0,0,40,50,0,0,40,25
NEM225,MAHADEB BHANDER,65,55.5,60,55,60,6,60,48.5,0,0,45,37.5,0,0,40,69.05,0,0,55,44.5,0,0,60,40.5,0,0,50,58.5,0,0,75,77,0,0,70,79.5,0,0,70,64.25,0,0,70,87,0,0,70,77.25
NEN043,NAYAN CARRYING CENTRE (UDAIPUR),125,44.2,135,126,125,45,150,123.25,0,0,100,94.8,0,0,95,102.5,0,0,90,50,0,0,120,50.5,0,0,80,75.5,0,0,125,90,0,0,125,115.5,0,0,130,120.5,0,0,125,105,0,0,125,147
NEN005,NIBEDITA DEPARTMENTAL SHOP,50,32.8,50,34,40,0,50,37,0,0,45,16,0,0,50,40.5,0,0,40,0,0,0,40,8.5,0,0,35,16,0,0,40,34,0,0,50,28,0,0,50,25,0,0,50,69,0,0,50,68.4
P174,PAUL HARDWARES (UDAIPUR),80,46.55,90,38,90,0,80,88,0,0,80,65.8,0,0,90,54,0,0,60,76,0,0,80,24,0,0,70,45,0,0,80,80,0,0,100,63.5,0,0,90,74,0,0,90,97.5,0,0,90,89.5
P035,PRADIP KUMAR SAHA,40,20,50,19.6,40,0,35,47.5,0,0,40,15,0,0,45,45,0,0,40,20,0,0,50,20,0,0,40,20,0,0,50,25,0,0,50,25,0,0,40,37.5,0,0,45,15,0,0,45,20
R144,RADHESHYAM IRON,110,127.05,120,98.5,120,15,110,111.15,0,0,80,98.5,0,0,90,120,0,0,85,120,0,0,110,90,0,0,80,125,0,0,110,125,0,0,150,186,0,0,110,174,0,0,140,183.35,0,0,140,140
R108,RAMKRISHNA IRON,350,207.75,385,312,300,47,350,223,0,0,250,225.5,0,0,300,247.25,0,0,250,260,0,0,260,170,0,0,200,237.65,0,0,250,262,0,0,300,326,0,0,300,301,0,0,330,314,0,0,330,365.5
NES335,SAHA TRADERS,100,35,90,91,75,0,90,87.5,0,0,70,43.5,0,0,70,45,0,0,60,67.25,0,0,80,49.5,0,0,50,83.25,0,0,75,90,0,0,100,165.5,0,0,80,99.5,0,0,100,85,0,0,100,85
T072,TANISHA ENTERPRISE,350,212.65,400,375,350,85,380,431.5,0,0,360,322.5,0,0,405,335.5,0,0,345,243.5,0,0,350,227.5,0,0,310,263,0,0,325,250.5,0,0,400,245,0,0,400,335,0,0,400,339,0,0,400,320
NET070,TRIPURA SUNDARI IRON BHANDAR,260,260.45,220,229,270,70.75,200,226.25,0,0,165,133,0,0,200,215.5,0,0,185,154,0,0,230,88.5,0,0,170,170,0,0,220,315.5,0,0,300,321.5,0,0,250,287,0,0,270,342,0,0,270,371.5
NEG106,GRACY ENTERPRISE,235,25,150,224.9,200,25,160,175,0,0,110,105.5,0,0,125,140,0,0,150,125,0,0,200,55,0,0,120,190.5,0,0,225,100,0,0,250,209,0,0,200,164.5,0,0,250,200,0,0,250,200
NEA248,ABUL HASHEM,0,0,0,0,0,0,0,0,0,0,0,0,0,0,0,0,0,0,0,0,0,0,0,0,0,0,0,0,0,0,0,0,0,0,0,0,0,0,0,0,0,0,0,0,0,0,0,0
NEG108,GIRIDHARI IRON,0,0,0,0,0,0,0,0,0,0,0,0,0,0,0,0,0,0,0,0,0,0,0,0,0,0,0,0,0,0,0,0,0,0,0,0,0,0,0,0,0,0,0,0,0,0,0,0
NEM246,MAALAXMIENTERPRISE(GOMATI),0,0,0,0,0,0,0,0,0,0,0,0,0,0,0,0,0,0,0,0,0,0,0,0,0,0,0,0,0,0,0,0,0,0,0,0,0,0,0,0,0,0,0,0,0,0,0,0
NEB216,BHOWMIK HARDWARE (UDP),150,132,120,195.5,150,28,120,129.9,0,0,100,111.75,0,0,120,124,0,0,110,98.5,0,0,150,75.15,0,0,100,127.5,0,0,130,147.5,0,0,150,136.5,0,0,150,120,0,0,150,151,0,0,150,240.45
NEA045,A.N. TRADERS,550,396,470,476,550,114.5,470,471,0,0,400,254,0,0,500,438,0,0,500,438,0,0,450,396,0,0,400,347,0,0,650,557,0,0,750,614.5,0,0,800,453,0,0,700,652.5,0,0,0,677.5
A022,AMIYO STORE,160,150,110,114.5,160,7.5,110,170,0,0,90,146,0,0,130,180,0,0,130,120,0,0,100,130,0,0,110,110,0,0,120,95,0,0,150,125,0,0,170,175,0,0,170,96.5,0,0,0,160
NEA147,ANJALI CEMENT AND HARDWARES,50,15,40,34,50,7.5,40,40,0,0,30,12,0,0,30,37.5,0,0,30,25,0,0,25,12.5,0,0,30,34.5,0,0,40,57.5,0,0,50,50,0,0,50,86.5,0,0,50,75.5,0,0,0,85
A127,ARCHANA STORES,0,0,0,0,0,0,0,0,0,0,0,0,0,0,0,0,0,0,0,5,0,0,0,0,0,0,0,0,0,0,0,0,0,0,0,0,0,0,0,0,0,0,0,0,0,0,0,0
A077,ARUN PAUL & BROTHERS,100,100,75,125,125,25,75,150,0,0,75,60,0,0,100,110,0,0,100,100,0,0,75,100,0,0,75,125,0,0,100,129.5,0,0,120,125,0,0,120,125,0,0,120,150,0,0,130,125
NEB001,BABAHARDWARE(DHALAI),0,0,0,0,0,0,0,0,0,0,0,0,0,0,0,0,0,0,0,0,0,0,0,0,0,0,0,0,0,0,0,0,0,0,0,0,0,0,0,0,0,0,0,0,0,0,0,0
NEB120,BISHESH & BARSHAN,240,298.25,180,260,250,116,180,237.5,0,0,150,221.85,0,0,190,249,0,0,190,200,0,0,150,232,0,0,170,237,0,0,220,223,0,0,250,274.5,0,0,295,300,0,0,270,316.5,0,0,0,344
NEC076,CHOWDHARY HARDWARE (DMR),140,150,125,94.5,150,25,75,125,0,0,75,100,0,0,80,100,0,0,100,119.5,0,0,100,50,0,0,75,175,0,0,100,100,0,0,175,200,0,0,170,150,0,0,125,175,0,0,150,200
NED004,DAS GUPTA ENTERPRISE,200,152.5,200,241,220,8,200,207.5,0,0,150,152.5,0,0,170,152.5,0,0,160,173,0,0,150,135,0,0,150,193.5,0,0,180,133,0,0,200,179,0,0,270,217,0,0,225,201,0,0,0,234
D091,DAS STORES,170,142.5,130,125.5,190,0,120,205,0,0,100,179,0,0,150,206,0,0,135,140.5,0,0,150,99.5,0,0,100,132,0,0,150,187.5,0,0,175,160,0,0,200,224.5,0,0,200,172,0,0,0,187.5
NEG009,GOURANGA TRADERS,50,0,50,0,100,0,50,12.5,0,0,50,30,0,0,70,37.5,0,0,70,0,0,0,70,15,0,0,30,25,0,0,70,39.5,0,0,100,21,0,0,100,50,0,0,100,20,0,0,0,47.5
H053,HARI MOHAN TRADERS,80,67.5,50,56.5,80,15,50,53.5,0,0,40,55,0,0,60,49.5,0,0,60,40,0,0,50,72.5,0,0,60,73,0,0,60,80,0,0,75,80,0,0,80,78,0,0,80,102.5,0,0,0,107.5
NEJ071,JOYKALI HARDWARE (DMR),150,100,150,125,175,25,125,149.5,0,0,75,100,0,0,125,125,0,0,125,99.5,0,0,100,50,0,0,80,174.5,0,0,100,125,0,0,125,149.5,0,0,150,200,0,0,150,175,0,0,175,175
K014,KALPANA STORE,40,24.5,40,22.5,40,12.5,40,40,0,0,30,22.5,0,0,40,27.5,0,0,40,25,0,0,25,10,0,0,30,20,0,0,30,27.5,0,0,40,53.5,0,0,50,24.5,0,0,30,36.5,0,0,0,51.5
M200,M/S MOHIT PAUL,250,225,275,200,300,25,275,225,0,0,250,250,0,0,275,239.25,0,0,250,167.5,0,0,250,157,0,0,250,175,0,0,275,151,0,0,300,215,0,0,275,335,0,0,300,400,0,0,350,500
NEM069,MAA DURGA ENTERPRISE (DMR),0,0,20,0,0,0,20,0,0,0,0,0,0,0,0,0,0,0,0,0,0,0,10,0,0,0,0,0,0,0,0,0,0,0,0,0,0,0,0,0,0,0,0,0,0,0,0,0
NEM070,MONOSA STORES (DMR),175,150,225,175,225,50,225,225,0,0,175,130,0,0,250,187.5,0,0,225,175,0,0,175,125,0,0,160,175,0,0,225,150,0,0,225,145,0,0,250,175,0,0,225,175,0,0,200,250
P152,PRANATI HARDWARE,100,25,70,105,100,25,70,75,0,0,55,50,0,0,75,75,0,0,75,50,0,0,50,37.5,0,0,60,50,0,0,80,125,0,0,100,125,0,0,100,150,0,0,100,125,0,0,0,235
NER044,RAJTRADERS(DHARMANAGAR),0,0,0,0,0,0,0,0,0,0,0,0,0,0,0,0,0,0,0,0,0,0,0,0,0,0,0,0,0,0,0,0,0,0,0,0,0,0,0,0,0,0,0,0,0,0,0,0
NER060,RAMKRISHNA ENTERPRISE (DHALAI),225,150,150,150,250,25,150,224.5,0,0,150,132.5,0,0,175,219.5,0,0,175,249,0,0,175,150,0,0,225,165,0,0,250,350,0,0,300,425,0,0,300,300,0,0,300,300,0,0,350,250
R014,RAMKRISHNA ENTERPRISE(PANISAGAR),30,10,30,27,50,0,30,12.5,0,0,30,10,0,0,40,21.5,0,0,40,22.5,0,0,20,12.5,0,0,20,10,0,0,20,12,0,0,30,32.5,0,0,50,41,0,0,50,10,0,0,0,15
NER155,RUMANA HARDWARES,200,142.5,180,114.5,200,17,195,174,0,0,150,139,0,0,160,154.5,0,0,160,180,0,0,150,154,0,0,170,202.5,0,0,200,229.5,0,0,220,220,0,0,260,240,0,0,220,225,0,0,0,257
S277,SANJIB KUMAR PAUL,30,25,50,25,50,30,50,25,0,0,75,50,0,0,80,12.5,0,0,80,0,0,0,50,15,0,0,75,10,0,0,100,12.5,0,0,80,10,0,0,130,15,0,0,150,37.5,0,0,150,25
NES058,SUPRIYA STORES,0,0,20,11.5,0,0,20,0,0,0,0,0,0,0,0,0,0,0,0,0,0,0,0,0,0,0,0,10,0,0,20,0,0,0,50,0,0,0,50,0,0,0,50,0,0,0,0,0
T033,TARANGAMAYEEHARDWARE,0,0,0,0,0,0,0,0,0,0,0,0,0,0,0,0,0,0,0,0,0,0,0,0,0,0,0,0,0,0,0,0,0,0,0,0,0,0,0,0,0,0,0,0,0,0,0,0
T046,TUTANSAHA,0,0,0,0,0,0,0,0,0,0,0,0,0,0,0,0,0,0,0,0,0,0,0,0,0,0,0,0,0,0,0,0,0,0,0,0,0,0,0,0,0,0,0,0,0,0,0,0
U015,URMILA HARDWARE,50,50,75,50,100,0,75,100,0,0,50,42.5,0,0,50,50,0,0,50,32.5,0,0,50,25,0,0,60,25,0,0,100,75,0,0,100,125,0,0,100,50,0,0,100,75,0,0,100,75
NET137,TRIPURESWARI BHANDER,50,7.5,40,36.5,50,14,40,37,0,0,40,17.5,0,0,40,30,0,0,30,10,0,0,30,32.5,0,0,30,22.5,0,0,50,25,0,0,50,17.5,0,0,50,0,0,0,50,36.5,0,0,0,23.5
NEA150,ATEA CEMENT DAWR (AIZ),19,0,20,19,18,0,20,19,0,0,38,33,0,0,20,19,0,0,18,19,0,0,36,19,0,0,36,0,0,0,18,0,0,0,0,17.5,0,0,19,19,0,0,19,38,0,0,20,19
NEB208,B&SCEMENTSTORE(MIZ),0,0,0,0,0,0,0,0,0,0,0,0,0,0,0,0,0,0,0,0,0,0,0,0,0,0,0,0,0,0,0,0,0,0,0,0,0,0,0,0,0,0,0,0,0,0,0,0
NEB115,BEEJOSTORE(AIZ),20,0,40,20,20,2,40,19,0,0,40,0,0,0,0,0,0,0,0,0,0,0,100,0,0,0,40,19,0,0,20,0,0,0,20,0,0,0,0,20,0,0,20,0,0,0,20,0
NEC057,CEMENT DAWR,40,40,40,20,40,25,40,20,0,0,20,0,0,0,20,0,0,0,0,0,0,0,0,0,0,0,20,36,0,0,20,70,0,0,20,27,0,0,20,80,0,0,40,59,0,0,40,40
NEC039,CHHUNDENG ENTERPRISE (AIZAWL),0,0,0,0,0,0,0,0,0,0,0,0,0,0,0,0,0,0,0,0,0,0,0,0,0,0,0,0,0,0,50,0,0,0,50,0,0,0,0,0,0,0,0,0,0,0,0,0
F001,FANAISTORE,0,0,0,0,0,0,0,0,0,0,0,0,0,0,0,0,0,0,0,0,0,0,0,0,0,0,0,0,0,0,0,0,0,0,0,0,0,0,0,0,0,0,0,0,0,0,0,0
J047,JAMES ENTERPRISE,59,102,140,75,80,0,100,71,0,0,100,64,0,0,100,17,0,0,70,79,0,0,100,50,0,0,100,46,0,0,60,62,0,0,50,0,0,0,80,114,0,0,59,58,0,0,80,39
NEJ017,JENNY ENTERPRISE,40,0,80,130.75,0,0,80,71.5,0,0,80,45.25,0,0,60,21.5,0,0,50,57,0,0,60,39,0,0,80,93.75,0,0,60,68,0,0,40,68,0,0,60,0,0,0,40,0,0,0,0,0
K151,KIM KIM HARDWARE,20,46,50,28,50,0,40,45,0,0,50,25,0,0,50,42.5,0,0,50,69.75,0,0,50,5,0,0,80,51.75,0,0,40,19,0,0,20,0,0,0,20,32.25,0,0,20,55,0,0,40,22
L043,LALHRIMA SAILO & SONS,19,19,20,0,19,-2.6,0,0,0,0,0,0,0,0,20,0,0,0,20,38,0,0,20,40,0,0,50,31.5,0,0,30,19,0,0,20,19,0,0,20,19,0,0,19,19,0,0,18,19
L060,LALREM BUSINESS ENTERPRISE,65,81,50,50,80,0,50,87,0,0,50,24.5,0,0,70,45,0,0,50,45,0,0,60,52,0,0,80,86,0,0,70,30,0,0,50,69,0,0,60,30,0,0,65,38,0,0,40,72
NEM146,M&HENTERPRISE,0,0,0,0,0,0,0,0,0,0,0,0,0,0,0,0,0,0,0,0,0,0,0,0,0,0,0,0,0,0,0,0,0,0,0,0,0,0,0,0,0,0,0,0,0,0,0,0
NEM100,M & M STORE (AIZWAL),20,56,40,19,60,76,60,57,0,0,40,19,0,0,40,0,0,0,60,19,0,0,36,38,0,0,50,24,0,0,40,38,0,0,38,58,0,0,38,57,0,0,20,114,0,0,40,135
NEM133,M S ENTERPRISE,150,298,200,157,200,25,200,178,0,0,200,132,0,0,250,84.5,0,0,250,152,0,0,200,104,0,0,250,140,0,0,180,56.5,0,0,150,83.5,0,0,149,334.95,0,0,150,161,0,0,250,137
NEM148,MESAKENTERPRISE,0,0,0,0,0,0,0,0,0,0,0,0,0,0,0,0,0,0,0,0,0,0,0,0,0,0,0,0,0,0,0,0,0,0,0,0,0,0,0,0,0,0,0,0,0,0,0,0
R002,R.D.D.HARDWARE,50,17,60,64.5,50,0,40,46,0,0,50,42,0,0,30,28,0,0,55,15,0,0,18,18,0,0,50,42,0,0,50,36,0,0,20,42,0,0,110,62.5,0,0,50,45,0,0,64,30
NER045,R.L.ENTERPRISE,0,0,0,0,0,0,0,0,0,0,0,0,0,0,0,0,0,0,0,0,0,0,0,0,0,0,0,0,0,0,0,0,0,0,0,0,0,0,0,0,0,0,0,0,0,0,0,0
NES178,SALEMSTORE(AIZAWL),0,0,0,0,0,0,0,0,0,0,0,0,0,0,0,0,0,0,0,0,0,0,0,0,0,0,0,0,0,0,50,0,0,0,50,0,0,0,0,0,0,0,0,0,0,0,0,0
V003,VAIAHARDWARESTORE,0,0,0,0,0,0,0,0,0,0,0,0,0,0,0,0,0,0,0,0,0,0,0,0,0,0,0,0,0,0,0,0,0,0,0,0,0,0,0,0,0,0,0,0,0,0,0,0
NEZ010,ZUALTEA BUSINESS CENTRE,120,272,110,52.5,150,64.5,160,92.75,0,0,60,99.75,0,0,150,145.5,0,0,200,230.5,0,0,170,123.25,0,0,200,95.95,0,0,150,61.5,0,0,100,35.25,0,0,60,214.5,0,0,120,130.5,0,0,120,91.5
NEL062,LBHARDWARESTORE,0,0,0,0,0,0,0,0,0,0,0,0,0,0,0,0,0,0,0,0,0,0,0,0,0,0,0,0,0,0,0,0,0,0,0,0,0,0,0,0,0,0,0,0,0,0,0,0
NET131,TIMOTHYSTORE,0,0,0,0,0,0,0,0,0,0,0,0,0,0,0,0,0,0,0,0,0,0,0,0,0,0,0,0,0,0,0,0,0,0,0,0,0,0,0,0,0,0,0,0,0,0,0,0
NES413,STCEMENT,0,0,0,0,0,0,0,0,0,0,0,0,0,0,0,0,0,0,0,0,0,0,0,0,0,0,0,0,0,0,0,0,0,0,0,0,0,0,0,0,0,0,0,0,0,0,0,0
NEC088,CSL BUSINESS ENTERPRISE,0,0,20,0,0,0,0,0,0,0,0,0,0,0,20,0,0,0,0,0,0,0,100,0,0,0,0,0,0,0,50,0,0,0,20,0,0,0,0,0,0,0,0,0,0,0,0,0
NEO022,ORCHID HARDWARE,0,0,0,0,0,0,0,0,0,0,0,0,0,0,0,0,0,0,0,0,0,0,0,0,0,0,0,0,0,0,50,0,0,0,30,0,0,0,0,0,0,0,0,0,0,0,0,0
B071,B.B.ENTERPRISES,0,0,0,0,0,0,0,0,0,0,0,0,0,0,0,0,0,0,0,0,0,0,0,0,0,0,0,0,0,0,0,0,0,0,0,0,0,0,0,0,0,0,0,0,0,0,0,0
G064,G.S.RANI .,300,375,375,456,400,80,365,384,0,0,310,483,0,0,450,408,0,0,365,384,0,0,425,311,0,0,425,362,0,0,400,404,0,0,420,483,0,0,450,322,0,0,500,402,0,0,417,603
NEG046,GAJANAND CHACHAN & CO. (SHILLONG),23,0,30,0,23,0,25,0,0,0,10,0,0,0,10,0,0,0,0,12,0,0,23,30,0,0,23,35,0,0,23,0,0,0,23,41,0,0,46,37,0,0,50,15,0,0,23,23
S274,SRI RAM TRADING,130,154,175,156,150,0,160,132,0,0,150,154,0,0,150,154,0,0,175,155,0,0,190,154,0,0,190,161,0,0,150,198,0,0,270,164,0,0,180,154,0,0,200,66,0,0,120,154
NES318,SURENDRA IRON & STEEL .,3030,2851.5,2730,3326,2800,966.5,2500,2166,0,0,2050,2283,0,0,2235,2177.5,0,0,2155,2591,0,0,2830,2305,0,0,2554,2473.5,0,0,2692,4985.45,0,0,3250,3239.5,0,0,3500,2969,0,0,3700,3566.5,0,0,3750,4974
NEV024,VANSHENTERPRISE,0,0,0,0,0,0,0,0,0,0,0,0,0,0,0,0,0,0,0,0,0,0,0,0,0,0,0,0,0,0,0,0,0,0,0,0,0,0,0,0,0,0,0,0,0,0,0,0
S196,SAINI HARDWARE,23,23,60,23,23,0,90,35,0,0,30,48,0,0,30,24,0,0,25,23,0,0,23,0,0,0,23,24,0,0,50,122.25,0,0,50,24,0,0,50,70,0,0,50,23,0,0,50,23
NEC084,COLOUMBUSMARANGAR(ND),0,0,0,0,0,0,0,0,0,0,0,0,0,0,0,0,0,0,0,0,0,0,0,0,0,0,0,0,0,0,0,0,0,0,0,0,0,0,0,0,0,0,0,0,0,0,0,0
NED119,DILIP KHARKRANG,120,0,0,0,120,0,0,0,0,0,0,0,0,0,0,0,0,0,0,0,0,0,0,0,0,0,0,0,0,0,23,0,0,0,23,0,0,0,46,0,0,0,46,2.5,0,0,23,5
S324,S.K.NONGSIEJ,0,0,0,0,0,0,0,0,0,0,0,0,0,0,0,0,0,0,0,0,0,0,0,0,0,0,0,0,0,0,0,0,0,0,0,0,0,0,0,0,0,0,0,0,0,0,0,0
NES203,SAMYO HARDWARE (SHILLONG) .,150,120,166,150,150,30,175,90,0,0,140,90,0,0,140,120,0,0,165,90,0,0,120,120,0,0,120,144,0,0,195,54,0,0,235,138,0,0,150,150,0,0,245,120,0,0,200,60
NEM179,MADHURISWEETLY,0,0,0,0,0,0,0,0,0,0,0,0,0,0,0,0,0,0,0,0,0,0,0,0,0,0,0,0,0,0,0,0,0,0,0,0,0,0,0,0,0,0,0,0,0,0,0,0
NEN118,NCHARDWARE,0,0,0,0,0,0,0,0,0,0,0,0,0,0,0,0,0,0,0,0,0,0,0,0,0,0,0,0,0,0,0,0,0,0,0,0,0,0,0,0,0,0,0,0,0,0,0,0
NEM256,MYRTHONGENTERPRISES(ND),0,0,0,0,0,0,0,0,0,0,0,0,0,0,0,0,0,0,0,0,0,0,0,0,0,0,0,0,0,0,0,0,0,0,0,0,0,0,0,0,0,0,0,0,0,0,0,0
NEB202,BALAJI STEEL HOUSE (SHILLONG),0,0,0,0,0,0,0,0,0,0,0,0,0,0,0,0,0,0,0,0,0,0,0,0,0,0,0,0,0,0,0,0,0,0,0,0,0,0,0,0,0,0,0,0,0,0,0,0
NEB179,B B STEELS,72,48,260,0,100,26,0,0,0,0,0,0,0,0,25,0,0,0,105,300,0,0,150,135,0,0,250,106,0,0,210,265,0,0,210,57,0,0,200,78,0,0,300,118,0,0,150,96
NEL031,LUMBASUKKHARBANI,0,0,0,0,0,0,0,0,0,0,0,0,0,0,0,0,0,0,0,0,0,0,0,0,0,0,0,0,0,0,0,0,0,0,0,0,0,0,0,0,0,0,0,0,0,0,0,0
P115,P.PHAWA,100,107,250,156,100,26,250,104,0,0,230,78,0,0,200,182,0,0,150,104,0,0,140,152,0,0,140,120,0,0,130,80,0,0,205,80,0,0,140,106,0,0,150,78,0,0,100,89
NES382,SANBORLANGKHARJANA,0,0,0,0,0,0,0,0,0,0,0,0,0,0,0,0,0,0,0,0,0,0,0,0,0,0,0,0,0,0,0,0,0,0,0,0,0,0,0,0,0,0,0,0,0,0,0,0
NEB103,BASAIAWMOIT ENTERPRISE (SHILLONG) .,200,213,305,507,250,54,380,266,0,0,255,135,0,0,260,189,0,0,260,243,0,0,300,170,0,0,300,194,0,0,280,165,0,0,200,162,0,0,250,222,0,0,300,243,0,0,350,162
NED057,DONIKNONGRUM(SHILLONG),0,0,0,0,0,0,0,0,0,0,0,0,0,0,0,0,0,0,0,0,0,0,0,0,0,0,0,0,0,0,0,0,0,0,0,0,0,0,0,0,0,0,0,0,0,0,0,0
NEH007,HENNAMERRYRAKSAMMARAK,0,0,0,0,0,0,0,0,0,0,0,0,0,0,0,0,0,0,0,0,0,0,0,0,0,0,0,0,0,0,0,0,0,0,0,0,0,0,0,0,0,0,0,0,0,0,0,0
S248,SHRI DROSTAR LYNGDOH .,65,35,40,65,70,0,35,35,0,0,35,35,0,0,35,35,0,0,40,35,0,0,40,35,0,0,40,35,0,0,40,35,0,0,90,35,0,0,50,35,0,0,60,0,0,0,100,0
S203,SHRI KHRAWBOR LYNGKHOI .,100,120,210,30,125,0,200,30,0,0,130,127,0,0,150,95,0,0,135,90,0,0,115,150,0,0,115,147,0,0,200,167,0,0,100,150,0,0,120,120,0,0,120,90,0,0,140,150
T029,TWINLILIS LYNGKHOI .,200,275,420,330,300,35,570,465,0,0,275,261,0,0,300,330,0,0,405,290.5,0,0,400,135,0,0,400,227,0,0,470,167,0,0,445,223,0,0,285,290,0,0,480,105,0,0,380,127
NES395,SPINGSHON MAWLIEH,65,76,70,70,70,0,25,105,0,0,75,35,0,0,75,0,0,0,55,35,0,0,50,35,0,0,50,35,0,0,50,52,0,0,110,85,0,0,50,77,0,0,80,80,0,0,100,26
NEP113,PAKYNTEIN & SONS .,68,76,0,46,100,23,75,23,0,0,0,46,0,0,70,23,0,0,50,23,0,0,23,23,0,0,23,46,0,0,46,76,0,0,80,24,0,0,100,69,0,0,100,46,0,0,100,128
NEK068,KATLAH HARDWARE,0,0,0,0,0,0,0,0,0,0,0,0,0,0,0,0,0,0,0,0,0,0,0,0,0,0,0,0,0,0,0,0,0,0,0,0,0,0,0,0,0,0,25,0,0,0,25,0
M132,MAMTA HARDWARE .,23,23,55,0,23,0,60,46,0,0,35,0,0,0,35,0,0,0,0,0,0,0,24,5,0,0,24,33,0,0,25,50,0,0,100,15,0,0,25,28,0,0,25,50,0,0,25,0
R123,RAJENLAMIN,0,0,0,0,0,0,0,0,0,0,0,0,0,0,0,0,0,0,0,0,0,0,0,0,0,0,0,0,0,0,0,0,0,0,320,0,0,0,25,0,0,0,100,0,0,0,100,0
NEW004,W PHAWA HARDWARE,0,0,50,0,0,0,60,10,0,0,30,0,0,0,30,20,0,0,0,0,0,0,23,0,0,0,23,0,0,0,23,18,0,0,50,0,0,0,25,0,0,0,100,0,0,0,100,0
NEL034,LYNGDOH HARDWARE (JOWAI),200,215,495,180,225,35,480,105,0,0,280,40,0,0,200,175,0,0,370,105,0,0,200,210,0,0,200,240,0,0,210,206,0,0,280,240,0,0,250,245,0,0,260,192,0,0,250,386
NEE040,EJD HARDWARE,23,0,100,23,23,0,75,0,0,0,50,23,0,0,50,23,0,0,90,0,0,0,40,23,0,0,40,0,0,0,23,23,0,0,50,46,0,0,50,0,0,0,30,0,0,0,30,0
A006,A.K. TRADERS,255,150,522.5,387.5,150,10,450,350.5,0,0,300,302.5,0,0,385,333,0,0,335.5,218,0,0,220,96,0,0,247.5,77.5,0,0,262.5,278.5,0,0,275,214,0,0,257.25,152,0,0,350,316,0,0,445,223
NEA220,ALLIED TRADERS,60,10,27.5,20,40,1.5,20,17,0,0,25,2.5,0,0,55,30.25,0,0,55,2.5,0,0,38.5,0,0,0,71.5,10,0,0,52.5,15,0,0,40,10,0,0,77,5,0,0,75,55,0,0,130,7.5
NEA222,AMAN ENTERPRISE (SIL),0,0,0,10,0,0,0,10,0,0,0,0,0,0,0,0,0,0,0,0,0,0,0,0,0,0,0,0,0,0,0,0,0,0,0,0,0,0,0,0,0,0,0,0,0,0,0,0
NEA034,AMSONS,20,9,0,5.5,20,2.5,0,0,0,0,0,0,0,0,0,20,0,0,0,0,0,0,0,5,0,0,0,15.5,0,0,0,7.5,0,0,0,5,0,0,0,12.5,0,0,0,12.5,0,0,20,2.5
A033,ASHOK ENTERPRISE,200,200,220,205,175,30,200,170,0,0,190,156,0,0,165,155,0,0,137.5,135,0,0,110,140,0,0,137.5,160,0,0,189,170,0,0,160,160.5,0,0,198,206,0,0,230,241,0,0,210,200
NEA091,ASIANHARDWARE(ANIPUR),0,0,0,0,0,0,0,0,0,0,0,0,0,0,0,0,0,0,0,0,0,0,0,0,0,0,0,0,0,0,0,0,0,0,0,0,0,0,0,0,0,0,0,0,0,0,0,0
NEB078,BARBHUIYATRADING(RONGPUR),0,0,0,0,0,0,0,0,0,0,0,0,0,0,0,0,0,0,0,0,0,0,0,0,0,0,0,0,0,0,0,0,0,0,0,0,0,0,0,0,0,0,0,0,0,0,0,0
NEB043,BARDHAN TRADERS,0,0,220,278,0,0,275,75,0,0,55,0,0,0,55,62.5,0,0,55,20,0,0,27.5,0,0,0,0,0,0,0,0,0,0,0,0,0,0,0,0,0,0,0,0,0,0,0,0,0
B021,BENGAL CONCRETE INDUSTRIES,1000,312,1320,345,1550,0,1425,1524.25,0,0,1350,2.5,0,0,1721.5,1606.5,0,0,1870,1434.3,0,0,1826,1108.25,0,0,1721.5,1266.7,0,0,2420.25,1592.75,0,0,1930,1759.15,0,0,2376,2269.25,0,0,2400,2045.05,0,0,2295,1877.75
C005,CACHAR STEEL COMPANY,590,772,495,552.9,600,408.75,800,430.5,0,0,522.5,0,0,0,700,0,0,0,605,456.5,0,0,1444,234,0,0,550,519,0,0,716.5,335,0,0,720,559.75,0,0,892.5,545,0,0,1000,508,0,0,1040,358
NEC020,CHOUDHURYTRADERS(CACHAR),0,0,0,0,0,0,0,0,0,0,0,0,0,0,0,0,0,0,0,0,0,0,0,0,0,0,0,0,0,0,0,0,0,0,0,0,0,0,0,0,0,0,0,0,0,0,0,0
E001,EASTERNHARDWARE,0,0,0,0,0,0,0,0,0,0,0,0,0,0,0,0,0,0,0,0,0,0,0,0,0,0,0,0,0,0,0,0,0,0,0,0,0,0,0,0,0,0,0,0,0,0,0,0
F005,F.R.ENTERPRISE,75,40,46,52,85,0,60,52,0,0,60,26,0,0,55,40.5,0,0,60,25,0,0,40,31,0,0,35,26,0,0,60,52,0,0,80,27,0,0,80,63,0,0,100,81,0,0,75,84
F011,FRIENDSHARDWARE,0,0,0,0,0,0,0,0,0,0,0,0,0,0,0,0,0,0,0,0,0,0,0,0,0,0,0,0,0,0,0,0,0,0,0,0,0,0,0,0,0,0,0,0,0,0,0,0
NEG099,GITA TRADERS,60,41,44,45,40,20.5,50,33,0,0,35,37.5,0,0,71.5,57.5,0,0,77,48.5,0,0,99,55,0,0,55,45,0,0,57.75,40,0,0,65,28.5,0,0,55,36,0,0,65,17.5,0,0,100,41
G017,GOURANGA BHANDAR,35,27.5,44,32.5,40,7.5,42,35,0,0,40,5,0,0,55,37.5,0,0,55,30,0,0,49.5,22.5,0,0,33,17.5,0,0,42,22.5,0,0,50,20,0,0,44,20.5,0,0,40,32.5,0,0,50,23
NEG079,GYANENDRA PAUL HARDWARE,130,45,110,117.15,100,10,125,102,0,0,82.5,100.75,0,0,125,140.8,0,0,110,101.75,0,0,206.5,35,0,0,110,123.75,0,0,131.25,132,0,0,140,115,0,0,183.75,101.5,0,0,150,30,0,0,170,102.25
NEH052,HERAMANI HARDWARE,260,261.5,247.5,182,260,122,275,243.75,0,0,245,126,0,0,275,278.5,0,0,302.5,124.5,0,0,450,152,0,0,247.5,240.5,0,0,257.25,333,0,0,310,185.8,0,0,225.5,347.25,0,0,375,375.25,0,0,400,463
H055,HIMANGSHUKUMARDAS,0,0,0,0,0,0,0,0,0,0,0,0,0,0,0,0,0,0,0,0,0,0,0,0,0,0,0,0,0,0,0,0,0,0,0,0,0,0,0,0,0,0,0,0,0,0,0,0
H041,HIRAMON PAUL,740,864,467.5,718.8,700,180.5,650,603.95,0,0,467.5,503.3,0,0,550,652.35,0,0,605,450.25,0,0,660,356,0,0,522.5,476.25,0,0,545,520.45,0,0,565,801.8,0,0,787.5,800,0,0,800,800.55,0,0,800,814
NEJ051,J & J TRADERS (KARIMGANJ),25,0,15,3.75,10,0,20,3,0,0,20,23,0,0,30,21.5,0,0,35,22.5,0,0,45,7.5,0,0,35,6.5,0,0,25,0,0,0,20,0,0,0,10,0,0,0,15,0,0,0,25,0
J002,J K & SONS,955,694.5,610,1167.5,690,147.5,745,622.75,0,0,550,1205.95,0,0,790,506.75,0,0,670,289.5,0,0,570,308.25,0,0,560,513.5,0,0,840,341.5,0,0,805,512.5,0,0,550,314.75,0,0,760,843.8,0,0,955,615
NEJ050,J. HARDWARE (SILCHAR),55,28,55,50,50,10,50,30,0,0,35,30,0,0,66,45,0,0,44,20,0,0,33,30.5,0,0,55,20,0,0,52.5,30.5,0,0,60,26,0,0,66,60,0,0,50,51.5,0,0,50,18
J031,JOYTARA STORES,180,95,190,183,160,20,310,150,0,0,150,160,0,0,150,153,0,0,200,152,0,0,175,100,0,0,165,106,0,0,190,132,0,0,200,122,0,0,180,169.25,0,0,190,163.5,0,0,180,163.4
NED147,DHIRAJTRADERS,0,0,0,0,0,0,0,0,0,0,0,0,0,0,0,0,0,0,0,0,0,0,0,0,0,0,0,0,0,0,0,0,0,0,0,0,0,0,0,0,0,0,0,0,0,0,0,0
K031,KHAN HARDWARE,380,188.25,302.5,365,250,59.5,300,250,0,0,245,236.85,0,0,275,253.5,0,0,275,166.25,0,0,308,105,0,0,275,130.75,0,0,367.5,176.5,0,0,275,199.65,0,0,367.5,273.5,0,0,375,256.5,0,0,255,259.15
NEK098,KRISHNA TRADERS,70,100.5,137.5,20,100,25.5,150,74.5,0,0,165,37.45,0,0,137.5,119.5,0,0,192.5,46.5,0,0,137.5,32.5,0,0,110,40.25,0,0,126,42.5,0,0,130,56,0,0,137.5,50,0,0,125,122.5,0,0,175,129
K066,KUNJA TRADING,140,180,117.7,126,150,30,150,116,0,0,82.5,87.5,0,0,150,110,0,0,82.5,107.5,0,0,257.5,61.5,0,0,137.5,85,0,0,120.25,91,0,0,130,117,0,0,131.25,143,0,0,175,125,0,0,140,150
L051,LASKARHARDWARE,0,0,0,0,0,0,0,0,0,0,0,0,0,0,0,0,0,0,0,0,0,0,0,0,0,0,0,0,0,0,0,0,0,0,0,0,0,0,0,0,0,0,0,0,0,0,0,0
NEL006,LOKNATH ENTERPRIME,55,5,27.5,20,50,5,30,25,0,0,55,15,0,0,110,10,0,0,27.5,5,0,0,285,0,0,0,0,20,0,0,21,0,0,0,35,0,0,0,82.5,15,0,0,35,5,0,0,80,0
NEM210,MFCOMMERCIAL,0,0,0,0,0,0,0,0,0,0,0,0,0,0,0,0,0,0,0,0,0,0,0,0,0,0,0,0,0,0,0,0,0,0,0,0,0,0,0,0,0,0,0,0,0,0,0,0
NEM186,M M HARDWARE,100,80,137.5,76,100,0,100,83,0,0,80,66,0,0,82.5,97,0,0,88,50,0,0,55,40,0,0,66,111,0,0,73.5,90,0,0,80,98,0,0,187,132,0,0,120,96,0,0,120,100
M085,M.S.TRADING,50,65,30,23.5,50,20,60,33.4,0,0,30,37,0,0,55,60,0,0,50,50,0,0,60,20,0,0,45,10,0,0,35,25.5,0,0,55,41.5,0,0,85,33.5,0,0,80,42,0,0,50,42.5
M143,MALAKAR HARDWARE,220,221.25,275,180,200,46.25,250,175,0,0,210,178.25,0,0,275,140,0,0,247.5,165,0,0,165,139.5,0,0,220,181,0,0,194.25,261,0,0,195,229.5,0,0,286,187.5,0,0,280,238.5,0,0,275,251.5
NEO021,OM TRADERS (SIL),60,35,50,35,75,5,65,55,0,0,40,45,0,0,75,30,0,0,50,30,0,0,60,30,0,0,60,25,0,0,70,30,0,0,60,37.5,0,0,80,35,0,0,100,45,0,0,60,40
NEN077,NADIA HARDWARE,20,15.15,0,0,25,16,0,0,0,0,0,0,0,0,0,20,0,0,30,15,0,0,50,10,0,0,25,32.8,0,0,30,17.5,0,0,20,0,0,0,15,17,0,0,30,10,0,0,20,19.5
NEP137,PAUL HARDWARES (CACHAR),200,150,198,225.5,200,20,200,200,0,0,190,207.5,0,0,165,180,0,0,165,150.2,0,0,110,125,0,0,137.5,145,0,0,178.5,182.5,0,0,180,181.5,0,0,220,212.5,0,0,210,195,0,0,210,200
P034,PRADIP H/W STORES,15,25,10,15,15,9.5,20,12.7,0,0,10,0,0,0,30,0,0,0,30,0,0,0,0,0,0,0,0,0,0,0,0,10,0,0,20,0,0,0,10,0,0,0,20,15,0,0,15,21
NEP145,PRADIPHARDWARE(NIVIA),0,0,0,0,0,0,0,0,0,0,0,0,0,0,0,0,0,0,0,0,0,0,0,0,0,0,0,0,0,0,0,0,0,0,0,0,0,0,0,0,0,0,0,0,0,0,0,0
NER103,R K TRADING (SILCHAR),280,144.2,190,226.25,215,55.75,190,184.7,0,0,140,120,0,0,150,152.5,0,0,160,120.25,0,0,115,144.5,0,0,150,135.75,0,0,200,106.5,0,0,220,157,0,0,270,190.75,0,0,290,210.5,0,0,280,182.5
R093,R.M. TRADERS (SILCHAR),35,21.5,33,4.8,25,7.5,25,8.25,0,0,25,0,0,0,55,17.25,0,0,66,2.5,0,0,33,2.5,0,0,27.5,35,0,0,36.75,40.75,0,0,45,40,0,0,55,30.5,0,0,50,17.5,0,0,60,20
R070,R.P.TRADERS,525,563.1,550,511,515,93.5,500,495.5,0,0,495,405,0,0,550,322.5,0,0,550,449.5,0,0,727.5,305.5,0,0,440,297.25,0,0,435.75,430.5,0,0,360,418.5,0,0,550,366.15,0,0,525,477.5,0,0,600,439.5
NER141,RUDRO TRADING,0,0,0,0,0,0,0,0,0,0,0,0,0,0,0,0,0,0,0,0,0,0,0,0,0,0,0,0,0,0,0,5,0,0,0,0,0,0,5.5,0,0,0,10,0,0,0,0,0
NES211,SANJITA HARDWARE,1708,1563.45,1320,1526.65,1500,478.5,1100,1357.25,0,0,1245,1284.75,0,0,1100,1188.65,0,0,1210,1120.7,0,0,1210,942,0,0,1177,1026.35,0,0,1575,1442.7,0,0,1440,1497.8,0,0,1722,1741.3,0,0,1800,1822.4,0,0,1850,1746.55
S029,SARDA TRADE CORPORATION,75,36,82.5,69.5,50,12,125,71,0,0,82.5,62,0,0,30,97.5,0,0,27.5,73,0,0,55,54.5,0,0,55,50,0,0,115,55,0,0,100,86.5,0,0,105,56.1,0,0,100,70,0,0,110,38
S038,SHANKAR ROY,300,301,198,181.5,310,86.5,150,313,0,0,245,354.5,0,0,330,331.5,0,0,302.5,250.5,0,0,297,183.5,0,0,302.5,240.25,0,0,341.25,278,0,0,260,272.5,0,0,302.5,293.5,0,0,280,327.25,0,0,375,276
NES324,SUBIRPAUL,0,0,0,0,0,0,0,0,0,0,0,0,0,0,0,0,0,0,0,0,0,0,0,0,0,0,0,0,0,0,0,0,0,0,0,0,0,0,0,0,0,0,0,0,0,0,0,0
NES289,SUPROBHAHARDWARE,0,0,0,0,0,0,0,0,0,0,0,0,0,0,0,0,0,0,0,0,0,0,0,0,0,0,0,0,0,0,0,0,0,0,0,0,0,0,0,0,0,0,0,0,0,0,0,0
NET110,TAPAN KUMAR RAY (SILCHAR),35,40,27.5,25,40,15,20,25,0,0,25,25,0,0,38.5,27.5,0,0,27.5,25,0,0,55,22.5,0,0,33,15,0,0,42,23.75,0,0,35,26.55,0,0,33,25,0,0,40,27,0,0,35,29
T032,TARANGAMOYEE TRADERS,370,298,190,311.75,280,75,245,207,0,0,200,222,0,0,230,261,0,0,210,226,0,0,180,200.5,0,0,270,251.5,0,0,290,212.5,0,0,310,289.85,0,0,310,318.75,0,0,400,315,0,0,370,332.5
V024,VIKRAMSTEEL,0,0,0,0,0,0,0,0,0,0,0,0,0,0,0,0,0,0,0,0,0,0,0,0,0,0,0,0,0,0,0,0,0,0,0,0,0,0,0,0,0,0,0,0,0,0,0,0
NES363,SUNITI TRADERS (SIL),50,12.5,55,42.5,25,30,50,30,0,0,55,25,0,0,55,25,0,0,33,10,0,0,27.5,17.5,0,0,27.5,27.5,0,0,31.5,20,0,0,40,37.75,0,0,55,52.5,0,0,50,27.5,0,0,50,22.5
NEH063,HMHARDWARE,0,0,0,0,0,0,0,0,0,0,0,0,0,0,0,0,0,0,0,0,0,0,0,0,0,0,0,0,0,0,0,0,0,0,0,0,0,0,0,0,0,0,0,0,0,0,0,0
NET012,THANGAL ENTERPRISES,5380,2286.5,5000,5485.4,5375,1882.4,5885,5284.5,0,0,5000,1470.65,0,0,5300,5278.6,0,0,5630,4734.55,0,0,5900,3383.65,0,0,6003,4787.4,0,0,5985,5616.1,0,0,6800,7448,0,0,6000,6567,0,0,6894,7755.25,0,0,8281.75,10112.05
G141,GOPAL ENTERPRISES,55,0,105,0,105,53,0,0,0,0,0,0,0,0,0,0,0,0,100,48,0,0,115,59,0,0,143.5,96,0,0,115,30,0,0,90,0,0,0,0,50,0,0,66,30,0,0,65.75,210
H132,HOLISTIC ENTERPRISES,55,0,50,0,105,30,0,0,0,0,0,30,0,0,0,58,0,0,105,56,0,0,100,58,0,0,57.5,155,0,0,165,173,0,0,210,205,0,0,160,190,0,0,126,120,0,0,161,50
S432,SHANTIPUR HARDWARE STORE,105,0,110,25,115,140,165,100,0,0,100,177.5,0,0,175,467,0,0,515,210,0,0,250,35,0,0,120.5,17.5,0,0,120,280,0,0,135,220,0,0,210,50,0,0,168,0,0,0,262.25,315
NEA143,AMAR STEEL,1050,891,1000,1055,1410,668,1385,1394,0,0,1100,281,0,0,1300,319,0,0,1240,417,0,0,1150,547,0,0,1112,840,0,0,990,395,0,0,735,739,0,0,1520,1000.95,0,0,2040,1247,0,0,1598.5,1167
NEE025,EMA PANTHOIBI TRADERS,0,0,0,0,0,0,0,0,0,0,0,0,0,0,0,0,0,0,0,0,0,0,0,0,0,0,0,0,0,0,0,0,0,0,0,0,0,0,0,0,0,0,0,0,0,0,0,0
L067,L.SANJITENTERPRISES,0,0,0,0,0,0,0,0,0,0,0,0,0,0,0,0,0,0,0,0,0,0,0,0,0,0,0,0,0,0,0,0,0,0,0,0,0,0,0,0,0,0,0,0,0,0,0,0
D131,DY BEREN ANAL ENTERPRISES,55,27,40,52.5,59,0,65,27,0,0,50,27,0,0,115,27,0,0,60,27,0,0,60,0,0,0,34.5,27,0,0,40,27,0,0,30,27,0,0,65,27,0,0,90,54,0,0,55.75,27
NES220,SANTOSHI HARDWARE & CONSTRUCTION,0,0,0,0,0,0,0,0,0,0,0,0,0,0,0,0,0,0,0,0,0,0,0,0,0,0,0,0,0,0,110,0,0,0,0,0,0,0,0,0,0,0,0,0,0,0,0,0
NEL039,L & L STEEL AND HOUSE AGENCY,105,0,350,0,115,0,270,0,0,0,50,0,0,0,110,27,0,0,210,45,0,0,215,18,0,0,120.5,186,0,0,165,238,0,0,200,206,0,0,210,152,0,0,192,271,0,0,304.75,102
NEM190,M T ENTREPOT,0,0,0,0,0,0,0,0,0,0,0,0,0,0,0,0,0,0,0,0,0,0,0,0,0,0,28.75,28,0,0,35,0,0,0,0,0,0,0,0,0,0,0,0,0,0,0,0,0
NEB160,BILLSON GROUP,0,0,250,53,60,0,215,53,0,0,100,0,0,0,165,26,0,0,210,87,0,0,165,51,0,0,63,27,0,0,120,0,0,0,40,0,0,0,0,0,0,0,0,0,0,0,0,0
NES299,SUPER ENTERPRISES,105,154,100,0,155,204,110,50,0,0,100,52,0,0,165,54,0,0,160,86,0,0,150,59,0,0,178,95,0,0,155,171,0,0,85,298,0,0,210,210,0,0,126,441,0,0,477.25,399
NEN112,N/S HARDWARE & STEEL,3650,2873.5,4700,3840.3,4400,816,5130,4470.5,0,0,4000,2384,0,0,3900,4620.4,0,0,4530,3343,0,0,4300,2722.85,0,0,4716,4042.5,0,0,4940,2589.5,0,0,5715,5009,0,0,5300,5123.5,0,0,6390,4890.5,0,0,5947.25,5302
NED121,D.STEEL AND CEMENT STORE,105,102,100,50,105,52,165,50,0,0,100,20,0,0,165,79,0,0,255,138,0,0,150,90,0,0,269,158,0,0,220,86,0,0,210,241,0,0,160,105,0,0,264,114,0,0,281.75,77
NED123,DJANDSON'SSTORE,0,0,0,0,0,0,0,0,0,0,0,0,0,0,0,0,0,0,0,0,0,0,0,0,0,0,0,0,0,0,0,0,0,0,0,0,0,0,0,0,0,0,0,0,0,0,0,0
NEN115,NAMEIRAKPATRADERS,0,0,0,0,0,0,0,0,0,0,0,0,0,0,0,0,0,0,0,0,0,0,0,0,0,0,0,0,0,0,0,0,0,0,0,0,0,0,0,0,0,0,0,0,0,0,0,0
NES388,SHIBANI ENTERPRISES,270,123,500,257,205,165,535,212,0,0,300,80,0,0,280,206,0,0,515,457,0,0,680,252,0,0,252,383,0,0,330,376,0,0,370,788,0,0,540,389.8,0,0,576,541,0,0,457.25,530
NEE043,ECHA TOMBA ENTERPRISES,220,0,170,264,265,52,165,258,0,0,200,0,0,0,265,82,0,0,230,74,0,0,200,35,0,0,178,47,0,0,240,30,0,0,55,0,0,0,0,206,0,0,450,223,0,0,467.25,207
NEI014,ISLAM HARDWARE (PHULBARI),205,55,95,150,120,0,125,75,0,0,115,110,0,0,110,100,0,0,135,51.55,0,0,120,50,0,0,125,125,0,0,175,65.5,0,0,180,110,0,0,270,55,0,0,180,75,0,0,185,45
NEN086,N S TRADE AGENCY,260,60,235,96,160,30,275,147,0,0,210,95,0,0,145,145,0,0,235,140,0,0,135,90,0,0,165,85,0,0,200,135,0,0,160,115,0,0,180,55,0,0,185,60,0,0,260,85
S283,S.K.HARDWARE STORES (TURA),70,0,85,50,30,0,135,25,0,0,85,75,0,0,80,80,0,0,110,63.5,0,0,135,0,0,0,125,0,0,0,100,0,0,0,25,0,0,0,25,25,0,0,50,15,0,0,70,0
S348,SAMAD HARDWARE,0,20,60,23,15,0,75,8,0,0,0,0,0,0,0,10,0,0,120,0,0,0,25,0,0,0,20,0,0,0,50,0,0,0,10,15,0,0,10,0,0,0,0,0,0,0,0,20
NEJ105,RIJINABEGUM,0,0,0,0,0,0,0,0,0,0,0,0,0,0,0,0,0,0,0,0,0,0,0,0,0,0,0,0,0,0,0,0,0,0,0,0,0,0,0,0,0,0,0,0,0,0,0,0
NES202,SHIRA HARDWARE STORE (TURA),240,95,215,140,135,0,225,100,0,0,115,130,0,0,130,135,0,0,135,65,0,0,140,0,0,0,140,105,0,0,175,35,0,0,125,75,0,0,160,105,0,0,255,151,0,0,255,140
NEB002,BILLINDRO SANGMA,50,25,75,25,50,0,100,25,0,0,85,25,0,0,25,25,0,0,65,20,0,0,25,25,0,0,50,25,0,0,50,50,0,0,25,25,0,0,75,25,0,0,50,0,0,0,50,25
S356,SWASTIM HARDWARE,135,100,105,60,50,0,115,55,0,0,75,60,0,0,30,60,0,0,65,30,0,0,35,30,0,0,50,25,0,0,75,60,0,0,25,60,0,0,100,35,0,0,95,60,0,0,141,35
NEL033,LUCKY HARDWARE STORE,40,50,60,50,55,0,110,50,0,0,60,25,0,0,50,50,0,0,65,50,0,0,50,25,0,0,75,30,0,0,50,0,0,0,50,50,0,0,65,0,0,0,25,50,0,0,30,0
NEA211,ANJUMAHARDWARE,0,0,0,0,0,0,0,0,0,0,0,0,0,0,0,0,0,0,0,0,0,0,0,0,0,0,0,0,0,0,0,0,0,0,0,0,0,0,0,0,0,0,0,0,0,0,0,0
NEJ053,JRS TRADERS,0,0,90,30,0,0,90,10,0,0,60,0,0,0,25,30,0,0,75,10,0,0,15,25,0,0,50,17.5,0,0,35,30,0,0,0,0,0,0,0,0,0,0,0,0,0,0,0,0
M160,MONORANJAN DAS,135,0,115,80,50,0,115,44,0,0,110,32,0,0,40,48,0,0,85,80,0,0,35,64,0,0,75,100,0,0,75,33,0,0,60,0,0,0,65,0,0,0,90,0,0,0,130,0
NEM023,MAAKAMAKHYAHARDWARE(TURA),0,0,0,0,0,0,0,0,0,0,0,0,0,0,0,0,0,0,0,0,0,0,0,0,0,0,0,0,0,0,0,0,0,0,0,0,0,0,0,0,0,0,0,0,0,0,0,0
C100,CHIBINANGHARDWARE,0,0,0,0,0,0,0,0,0,0,0,0,0,0,0,0,0,0,0,0,0,0,0,0,0,0,0,0,0,0,0,0,0,0,0,0,0,0,0,0,0,0,0,0,0,0,0,0
T068,T.D.PANGCHAK ENTERPRISE,35,25,50,35,35,25,70,0,0,0,0,0,0,0,35,35,0,0,50,35,0,0,50,30,0,0,30,0,0,0,75,30,0,0,35,0,0,0,35,0,0,0,25,35,0,0,35,35
NED020,DEY HARDWARE,0,25,85,70,25,25,85,25,0,0,75,30,0,0,70,30,0,0,75,9,0,0,50,25,0,0,50,0,0,0,75,0,0,0,25,25,0,0,25,0,0,0,70,25,0,0,60,0
NES199,SAHAHARDWARE&GROCERY,0,0,0,0,0,0,0,0,0,0,0,0,0,0,0,0,0,0,0,0,0,0,0,0,0,0,0,0,0,0,0,0,0,0,0,0,0,0,0,0,0,0,0,0,0,0,0,0
NEA189,AZADHARDWARESTORE,0,0,0,0,0,0,0,0,0,0,0,0,0,0,0,0,0,0,0,0,0,0,0,0,0,0,0,0,0,0,0,0,0,0,0,0,0,0,0,0,0,0,0,0,0,0,0,0
NEC072,CHITTARANJAN HARDWARE,145,51,120,85,50,0,115,34,0,0,95,85,0,0,70,82,0,0,93,48,0,0,35,33,0,0,75,85,0,0,75,64,0,0,60,81,0,0,95,48,0,0,120,100,0,0,135,68
NES315,S D SHIRA,205,30,155,120,130,0,155,120,0,0,100,90,0,0,75,120,0,0,100,60,0,0,125,60,0,0,125,90,0,0,125,90,0,0,125,95,0,0,150,30,0,0,125,60,0,0,190,0
NES407,S A ENTERPRISE (HALLIDAYGANJ),120,0,85,115,95,50,100,50,0,0,130,25,0,0,55,50,0,0,80,55,0,0,80,50,0,0,75,60,0,0,135,50,0,0,100,50,0,0,170,55,0,0,97,50,0,0,105,50
NEB195,BANIA HARDWARE,90,30,95,70,50,0,90,60,0,0,70,0,0,0,25,50,0,0,55,25,0,0,25,0,0,0,50,50,0,0,55,0,0,0,30,25,0,0,25,0,0,0,85,0,0,0,90,30
NEA252,ADOLFLUHITLERMARAK,0,0,0,0,0,0,0,0,0,0,0,0,0,0,0,0,0,0,0,0,0,0,0,0,0,0,0,0,0,0,0,0,0,0,0,0,0,0,0,0,0,0,0,0,0,0,0,0
NER183,R K HARDWARE (TURA),530,267,360,380,360,40,365,367,0,0,345,305,0,0,295,405,0,0,375,400,0,0,350,385,0,0,415,370,0,0,450,405,0,0,395,486.85,0,0,450,200,0,0,410,300,0,0,520,280
NEG010,GLOBAL CERAMIC PRIVATE LIMITED,2765,2539.75,3540,2415,1631.65,435.15,4000,1631.65,0,0,2475,2477.3,0,0,2805,2835,0,0,2700,2696.35,0,0,3000,2186.45,0,0,0,2990.95,0,0,3700,3637.5,0,0,3830,2556.8,0,0,3295,2507.6,0,0,4050,3171,0,0,4700,5054.05
NEN019,NAGA HARDWARE,0,0,70,35,0,0,35,0,0,0,35,0,0,0,105,0,0,0,0,0,0,0,0,0,0,0,0,0,0,0,0,0,0,0,0,0,0,0,0,0,0,0,0,0,0,0,0,0
NEK002,KOLKATA IRON STORE,1350,0,1500,735,706.45,0,1500,706.45,0,0,1610,595,0,0,1200,560,0,0,1130,1516.6,0,0,1700,299.1,0,0,0,434.3,0,0,1015,258.1,0,0,1270,277.5,0,0,1050,148.2,0,0,1010,1510.75,0,0,1790,1550
NEK101,KIHO ENTERPRISE,250,0,400,455,632.5,0,620,632.5,0,0,545,315,0,0,460,280,0,0,450,245,0,0,500,175,0,0,0,0,0,0,500,245,0,0,315,0,0,0,70,0,0,0,105,0,0,0,140,0
NEJ091,JAYESH ENTERPRISE .,2515,816.3,2410,2450,1715,225.35,3250,1715,0,0,2050,1047.9,0,0,2460,1571.85,0,0,1640,1646.75,0,0,2350,1010.45,0,0,0,2443.7,0,0,2500,1632.45,0,0,2300,1673.8,0,0,1960,1498.4,0,0,2630,2070.9,0,0,3530,3998.4
NEM240,MOON HARDWARE & STEEL FABRICATION,140,0,450,350,140,0,550,140,0,0,400,70,0,0,350,140,0,0,175,0,0,0,280,0,0,0,0,0,0,0,80,55,0,0,140,0,0,0,35,20,0,0,70,0,0,0,70,15
S377,SHIVSHAKTIHARDWARESTORE,0,0,0,0,0,0,0,0,0,0,0,0,0,0,0,0,0,0,0,0,0,0,0,0,0,0,0,0,0,0,0,0,0,0,0,0,0,0,0,0,0,0,0,0,0,0,0,0
NEA243,AMZENTERPRISES,0,0,0,0,0,0,0,0,0,0,0,0,0,0,0,0,0,0,0,0,0,0,0,0,0,0,0,0,0,0,0,0,0,0,0,0,0,0,0,0,0,0,0,0,0,0,0,0
NES139,SWURO ENTERPRISES (NLD) .,1320,625,1255,1295,1200,0,1510,1200,0,0,1360,889.45,0,0,1200,1505,0,0,1250,1225,0,0,1660,630,0,0,0,1515.25,0,0,1280,560,0,0,1290,1532,0,0,1300,735,0,0,1570,1074,0,0,1520,1390
NEV002,VAUDE VILLE HARDWARE,1265,350,910,1260,1365,270,1125,1365,0,0,1045,840,0,0,960,980,0,0,950,1015,0,0,1200,875,0,0,0,1365,0,0,1250,654,0,0,1040,840,0,0,990,775,0,0,1310,1045,0,0,1515,1535
NEK009,KKENTERPRISE,0,0,0,0,0,0,0,0,0,0,0,0,0,0,0,0,0,0,0,0,0,0,0,0,0,0,0,0,0,0,0,0,0,0,0,0,0,0,0,0,0,0,0,0,0,0,0,0
NES310,S S STORE,1170,1265,920,1135,1525.85,490,1125,1525.85,0,0,1045,1133.6,0,0,960,1120,0,0,950,1015,0,0,1100,840,0,0,0,1244,0,0,1250,1246,0,0,1110,1225,0,0,1265,1302.5,0,0,1320,1348,0,0,1575,1575
NEV026,VIVOTSOENTERPRISE,0,0,0,0,0,0,0,0,0,0,0,0,0,0,0,0,0,0,0,0,0,0,0,0,0,0,0,0,0,0,0,0,0,0,0,0,0,0,0,0,0,0,0,0,0,0,0,0
NEA254,A K STORE,0,0,0,0,0,0,0,0,0,0,0,0,0,0,0,0,0,0,0,0,0,0,0,0,0,0,0,0,0,0,0,0,0,0,0,0,0,0,0,0,0,0,0,0,0,0,0,0
NEV033,VCONCTRETESTOCK,0,0,35,0,0,0,35,0,0,0,35,0,0,0,35,0,0,0,0,0,0,0,0,0,0,0,0,0,0,0,0,0,0,0,0,0,0,0,0,0,0,0,0,0,0,0,0,0
NEB219,BROTHERS HARDWARE (KOHIMA),1700,1075,1520,1820,1785,280,1600,1785,0,0,1605,1610,0,0,1600,1750,0,0,1580,1680,0,0,1750,1750,0,0,0,1672.9,0,0,1690,1737.55,0,0,1740,1534.9,0,0,1605,1610,0,0,1760,1765.15,0,0,2100,1914.85
NES391,S MERO ENTERPRISE,0,0,0,0,0,0,0,0,0,0,0,0,0,0,0,0,0,0,0,0,0,0,0,0,0,0,0,0,0,0,0,0,0,0,0,0,0,0,0,0,0,0,0,0,0,0,0,0
C119,CORDIAL STORE,480,320,350,545,560,160,400,560,0,0,430,320,0,0,400,480,0,0,440,560,0,0,500,270,0,0,0,600,0,0,610,280,0,0,400,160,0,0,240,350,0,0,480,480,0,0,600,520
T077,T.N.CITIZEN STORE,35,35,35,35,0,0,35,0,0,0,35,0,0,0,10,0,0,0,35,35,0,0,35,0,0,0,0,35,0,0,70,35,0,0,35,35,0,0,35,0,0,0,35,70,0,0,35,0
NEJ096,JAMIR TRADERS (NLD),440,120,440,360,660,80,580,660,0,0,620,640,0,0,510,400,0,0,440,480,0,0,540,200,0,0,0,385,0,0,600,240,0,0,500,240,0,0,440,230,0,0,520,320,0,0,600,320
NEU037,UJJALHARDWARE,0,0,0,0,0,0,0,0,0,0,0,0,0,0,0,0,0,0,0,0,0,0,0,0,0,0,0,0,0,0,0,0,0,0,0,0,0,0,0,0,0,0,0,0,0,0,0,0
NER195,RAJESH TRADERS (TSK),60,35,156,261.5,138.5,0,0,138.5,0,0,170,25,0,0,130,65,0,0,120,0,0,0,80,0,0,0,80,0,0,0,0,20,0,0,0,0,0,0,40,40,0,0,80,20,0,0,80,40
NEP193,PRADIPHARDWARE(JAGUN),0,0,150,60,0,0,0,0,0,0,60,0,0,0,100,0,0,0,20,0,0,0,0,0,0,0,0,0,0,0,0,0,0,0,0,0,0,0,0,0,0,0,0,0,0,0,0,0
NEL079,LTENTERPRISES,0,0,0,0,0,0,0,0,0,0,0,0,0,0,0,0,0,0,0,0,0,0,0,0,0,0,0,0,0,0,0,0,0,0,0,0,0,0,0,0,0,0,0,0,0,0,0,0
NET144,TANA ENTERPRISES .,120,80,160,40,200,0,120,120,0,0,120,107,0,0,120,120,0,0,160,172,0,0,160,120,0,0,120,140,0,0,200,80,0,0,120,120,0,0,200,40,0,0,160,125,0,0,240,80
NEN147,N NADAW STORE,60,105,80,56,100,19,40,95,0,0,80,40,0,0,65,49,0,0,60,95,0,0,65,44,0,0,60,89,0,0,130,146,0,0,70,50,0,0,80,154,0,0,60,73,0,0,80,86
BHK048,KRISHNA ENTERPRISES (PURNIA),150,100,100,96,200,0,100,50,0,0,80,0,0,0,50,60,0,0,80,90,0,0,60,71.5,0,0,90,42,0,0,100,95,0,0,100,131,0,0,100,210,0,0,200,96,0,0,200,316.5
BHJ043,JAIMATADITRADERS(BHATGAMA),30,0,0,0,30,0,0,0,0,0,0,0,0,0,0,0,0,0,0,0,0,0,0,0,0,0,0,0,0,0,0,0,0,0,0,0,0,0,25,0,0,0,50,30,0,0,100,30
BHN033,NEWSHIVGURUHARDWARE,0,0,0,0,0,0,0,0,0,0,0,0,0,0,0,0,0,0,0,0,0,0,0,0,0,0,0,0,0,0,0,0,0,0,0,0,0,0,0,0,0,0,0,0,0,0,0,0
WBS278,SRI SHAKAMBHARI BUILDER,350,378,1050,597.5,450,12,670,664.25,0,0,950,544,0,0,650,253.5,0,0,650,0,0,0,350,218,0,0,255,208.75,0,0,250,169.5,0,0,350,216.75,0,0,300,174.5,0,0,300,204.75,0,0,400,355.9
NEN148,NEOGHARDWARE,0,0,0,0,0,0,0,0,0,0,0,0,0,0,0,0,0,0,0,0,0,0,0,0,0,0,0,0,0,0,0,0,0,0,0,0,0,0,0,0,0,0,0,0,0,0,0,0
BHS179,SFIRONSTORES,0,0,0,0,0,0,0,0,0,0,0,0,0,0,0,0,0,0,0,0,0,0,0,0,0,0,0,0,0,0,0,0,0,0,0,0,0,0,0,0,0,0,0,0,0,0,0,0
BHB067,BARKAT ENTERPRISES,1200,771,1170,1192,1150,192.5,1400,1090,0,0,1100,1067,0,0,1100,980,0,0,1000,825,0,0,450,535,0,0,700,700,0,0,675,610,0,0,1400,1133,0,0,1100,865,0,0,1250,472,0,0,1500,768
BHK047,KISANHOMETRADERS,0,0,260,0,0,0,0,0,0,0,0,0,0,0,0,0,0,0,0,0,0,0,0,0,0,0,0,0,0,0,90,0,0,0,0,0,0,0,0,0,0,0,0,0,0,0,0,0
BHK046,KASBA STEEL CENTRE,150.5,165,300,125,200,0,250,115,0,0,130,115,0,0,150,85,0,0,150,80,0,0,100,95,0,0,150,65,0,0,100,90,0,0,245,245,0,0,250,85,0,0,250,0,0,0,300,151
BHS181,SATYAMTRADERS(DHAMDAHA),0,0,0,0,0,0,0,0,0,0,0,0,0,0,0,0,0,0,0,0,0,0,0,0,0,0,0,0,0,0,0,0,0,0,0,0,0,0,0,0,0,0,0,0,0,0,0,0
BHC015,CHUDHARY HARDWARE,0,0,30,0,0,0,20,0,0,0,0,0,0,0,0,0,0,0,0,0,0,0,0,0,0,0,0,0,0,0,0,0,0,0,0,0,0,0,0,0,0,0,0,0,0,0,0,0
BHM118,MAMTA ENTERPRISES,250,0,425,287.25,300,0,385,281.75,0,0,305,243,0,0,310,276,0,0,430,146,0,0,240,110,0,0,260,219.5,0,0,260,235,0,0,250,256.5,0,0,255,258.5,0,0,250,330,0,0,375,315
BHS183,SHYAM ENTERPRISES (THAKURGANJ),375,1500.25,300,347,500,245.75,400,407,0,0,200,434,0,0,200,526,0,0,300,461,0,0,250,298,0,0,350,323,0,0,325,363,0,0,450,801.5,0,0,525,209.5,0,0,1000,255,0,0,700,1352.25
BHM119,MADURGATRADERS,0,0,0,0,0,0,0,0,0,0,0,0,0,0,0,0,0,0,0,0,0,0,0,0,0,0,0,0,0,0,0,0,0,0,0,0,0,0,0,0,0,0,0,0,0,0,0,0
BHV020,VIJAYTRADERS,0,25,0,0,25,0,0,0,0,0,0,0,0,0,0,0,0,0,0,0,0,0,0,0,0,0,0,0,0,0,0,0,0,0,0,0,0,0,0,0,0,0,0,0,0,0,0,0
NEN140,N K HARDWARE,0,0,0,0,0,0,0,0,0,0,0,0,0,0,0,0,0,0,0,0,0,0,0,0,0,0,0,0,0,0,0,0,0,0,0,0,0,0,0,0,0,0,0,0,0,0,0,0
NED155,DEEPIKA ENTERPRISE .,295,240,215,290.6,275,40,270,304,0,0,230,180,0,0,170,180,0,0,200,177,0,0,220,163.5,0,0,205,250,0,0,225,181,0,0,255,223.5,0,0,240,271,0,0,290,241,0,0,350,390
NEA268,A S HARDWARE STORE,80,0,140,100,120,30,120,105,0,0,120,105,0,0,120,135,0,0,120,60,0,0,90,60,0,0,120,80,0,0,100,120,0,0,120,40,0,0,120,120,0,0,120,100,0,0,210,207.5
NES430,SHIVAM ENTERPRISE (GHY) .,1000,1130.5,1250,970,1127.5,394.5,1044,1108.5,0,0,850,1011,0,0,925,1013,0,0,1100,957.5,0,0,1000,736,0,0,971,1175,0,0,1100,755.5,0,0,1100,964,0,0,1000,835.5,0,0,1100,1295,0,0,1500,1078.5
NES435,SHRISAIENTERPRISE,0,0,0,0,0,0,0,0,0,0,0,0,0,0,0,0,0,0,0,0,0,0,0,0,0,0,0,0,0,0,0,0,0,0,0,0,0,0,0,0,0,0,0,0,0,0,0,0
NEK140,KSP ENTERPRISES,50,57,80,15,60,0,30,30,0,0,30,20,0,0,30,16.5,0,0,45,75,0,0,40,32.5,0,0,40,30,0,0,40,15,0,0,45,60.5,0,0,60,60,0,0,50,73,0,0,60,42.1
NES441,SHREE SHYAM HARDWARE .,410,305,200,215,473,96.5,0,473,0,0,370,370,0,0,370,507.5,0,0,500,569.2,0,0,410,457.75,0,0,500,531.75,0,0,550,554,0,0,550,520.5,0,0,600,556.5,0,0,570,500.5,0,0,820,869.5
NEK141,K S HARDWARE (HAWAJAN) .,120,50,270,200,200,0,200,75,0,0,120,120,0,0,80,75,0,0,120,120,0,0,160,0,0,0,44,20,0,0,160,65,0,0,200,40,0,0,160,40,0,0,200,120,0,0,200,75
NEK142,KARANI ENTERPRISE (NGN),100,0,240,20,70,0,80,40,0,0,44,20,0,0,67.2,20,0,0,57,20,0,0,60,40,0,0,40,20,0,0,80,42,0,0,120,60,0,0,100,40,0,0,80,20,0,0,100,20
NEA272,AJENTERPRISE,0,0,0,0,0,0,0,0,0,0,0,0,0,0,0,0,0,0,0,0,0,0,0,0,0,0,0,0,0,0,0,0,0,0,0,0,0,0,0,0,0,0,0,0,0,0,0,0
NEB226,BIPLAB CHAKRABORTY,100,64,120,128,100,32,150,92.5,0,0,100,103.75,0,0,130,76,0,0,120,80.5,0,0,120,35.5,0,0,160,45.5,0,0,145,80.25,0,0,80,68,0,0,80,64.75,0,0,100,76.5,0,0,100,73.25
NES439,SHEKINA ENTERPRISE,19,38,20,20,20,19,20,20,0,0,20,0,0,0,20,19,0,0,19,0,0,0,0,19,0,0,20,31,0,0,18,19,0,0,20,19,0,0,19,0,0,0,19,39,0,0,18,19
NEJ104,JOY SHIB SANKAR HARDWARE,100,30,110,77.2,75,5,90,74.8,0,0,60,90,0,0,100,80,0,0,90,135,0,0,100,119,0,0,90,170,0,0,125,125,0,0,150,105,0,0,125,94,0,0,130,55,0,0,130,75
NEM263,MITRA ENTERPRISE,30,0,30,10,50,0,30,10,0,0,20,20,0,0,30,17.5,0,0,30,15,0,0,30,10,0,0,30,5,0,0,30,10,0,0,30,10,0,0,30,5,0,0,30,5,0,0,45,10
NEM265,MAA MEHARESWARI CARRING CENTRE,120,90,80,25,150,0,100,115,0,0,75,80,0,0,110,110,0,0,100,110,0,0,110,45,0,0,120,135,0,0,120,40,0,0,120,95,0,0,120,98.7,0,0,130,80.5,0,0,130,110
NES444,SHYAM TRADERS (SIL),40,21.5,30,25,30,7.75,35,13.5,0,0,20,47.25,0,0,50,45.1,0,0,35,10,0,0,50,13,0,0,30,28,0,0,50,84,0,0,60,43,0,0,60,22.25,0,0,130,54,0,0,40,19
WBI019,ISLAMENTERPRISE(BHASAIPAIKAR),0,0,0,0,0,0,0,0,0,0,0,0,0,0,0,0,0,0,0,0,0,0,0,0,0,0,0,0,0,0,0,0,0,0,0,0,0,0,0,0,0,0,0,0,0,0,0,0
BHM109,MAHALAXMI TRADERS (MUZAFFARPUR),50,25,50,95,55,0,35,65,0,0,35,0,0,0,50,30,0,0,150,50,0,0,90,40,0,0,100,65,0,0,105,27,0,0,90,25,0,0,50,60,0,0,90,55,0,0,175,24.5
BHA072,ANANDCEMENTBHANDAR,0,0,0,0,0,0,0,0,0,0,0,0,0,0,0,0,0,0,0,0,0,0,0,0,0,0,0,0,0,0,0,0,0,0,0,0,0,0,0,0,0,0,0,0,0,0,0,0
B108,BHABANISTORE,0,0,0,0,0,0,0,0,0,0,0,0,0,0,0,0,0,0,0,0,0,0,0,0,0,0,0,0,0,0,0,0,0,0,0,0,0,0,0,0,0,0,0,0,0,0,0,0
NET010,TAYING HARDWARE,140,115,0,80,80,0,0,80,0,0,120,79,0,0,70,0,0,0,60,38.95,0,0,60,0,0,0,80,40,0,0,80,90,0,0,80,200,0,0,200,226,0,0,160,20,0,0,105,111
S240,SINGH TRADERS,0,0,0,0,0,0,0,0,0,0,100,0,0,0,0,0,0,0,0,0,0,0,0,0,0,0,0,0,0,0,0,0,0,0,0,0,0,0,0,0,0,0,0,0,0,0,0,0
NER087,RAHMANHARDWAREENTERPRISE(LA),0,0,0,0,0,0,0,0,0,0,0,0,0,0,0,0,0,0,0,0,0,0,0,0,0,0,0,0,0,0,0,0,0,0,0,0,0,0,0,0,0,0,0,0,0,0,0,0
NER153,RAJKHOWA HARDWARE (NLP) .,80,20,80,60,80,20,60,40,0,0,5,0,0,0,60,85,0,0,80,20,0,0,60,0,0,0,60,50,0,0,80,0,0,0,80,80,0,0,80,50,0,0,100,35,0,0,100,20
NEG119,GOLAGHAT HARDWARE,50,15,40,25,25,0,20,10,0,0,30,20,0,0,30,25,0,0,20,55,0,0,30,0,0,0,40,50,0,0,40,25,0,0,35,30,0,0,30,0,0,0,40,30,0,0,60,20
A075,ANABALYNEKHARSYNTIEW,0,0,0,0,0,0,0,0,0,0,0,0,0,0,0,0,0,0,0,0,0,0,0,0,0,0,0,0,0,0,0,0,0,0,0,0,0,0,0,0,0,0,0,0,0,0,0,0
N047,NATIONALHARDWARE(SILCHAR),0,0,0,0,0,0,0,0,0,0,0,0,0,0,0,0,0,0,0,0,0,0,0,0,0,0,0,0,0,0,0,0,0,0,0,0,0,0,0,0,0,0,0,0,0,0,0,0
P001,PCSARALA&SONS,0,0,0,0,0,0,0,0,0,0,0,0,0,0,0,0,0,0,0,0,0,0,0,0,0,0,0,0,0,0,0,0,0,0,0,0,0,0,0,0,0,0,0,0,0,0,0,0
V001,V.THANHRANGA&SONS,0,0,0,0,0,0,0,0,0,0,0,0,0,0,0,0,0,0,0,0,0,0,0,0,0,0,0,0,0,0,0,0,0,0,0,0,0,0,0,0,0,0,0,0,0,0,0,0
NER074,R P STORE (AIZWAL),40,39,60,60,60,20,40,62.5,0,0,40,39,0,0,60,57,0,0,55,69.5,0,0,65,53,0,0,60,73,0,0,60,26,0,0,40,39,0,0,60,38,0,0,40,40,0,0,60,38
NEJ092,J K TRADERS (RONGPUR),90,17.5,88,86,50,0,75,41.75,0,0,65,32.5,0,0,55,68,0,0,55,42.5,0,0,55,30,0,0,55,30,0,0,52.5,32.5,0,0,50,30,0,0,88,33.5,0,0,70,65,0,0,90,37.5
NES384,SALIMAHMED,0,0,0,0,0,0,0,0,0,0,0,0,0,0,0,0,0,0,0,0,0,0,0,0,0,0,0,0,0,0,0,0,0,0,0,0,0,0,0,0,0,0,0,0,0,0,0,0
NEJ094,JANANI HARDWARE SHOP,50,15,55,50,50,15,50,85,0,0,80,50,0,0,55,60,0,0,55,50,0,0,33,50,0,0,55,40,0,0,52.5,55,0,0,50,50,0,0,55,50,0,0,60,50,0,0,60,45
NES446,SREEMAALAXMIAGENCIES,0,0,0,0,0,0,0,0,0,0,0,0,0,0,0,0,0,0,0,0,0,0,0,0,0,0,0,0,0,0,0,0,0,0,0,0,0,0,0,0,0,0,0,0,0,0,0,0
NEJ106,JOY DURGA CARRING CENTRE (AGR),850,515.65,700,711.8,850,162.5,650,707.6,0,0,550,533,0,0,650,657.65,0,0,650,650.75,0,0,650,557,0,0,620,555.55,0,0,650,727.7,0,0,650,701.65,0,0,750,682.5,0,0,780,765,0,0,1000,858.5
NEE044,EL.BE ENTERPRISE,50,35,50,17,60,8,50,50.9,0,0,60,19,0,0,50,27.75,0,0,50,26.5,0,0,50,19.2,0,0,50,47.25,0,0,50,116.55,0,0,20,58.75,0,0,30,28.35,0,0,50,34.25,0,0,50,18.25
NEM268,MAMIENTERPRISE(AIZ),0,0,0,0,0,0,0,0,0,0,0,0,0,0,0,0,0,0,0,0,0,0,0,0,0,0,0,0,0,0,0,0,0,0,0,0,0,0,0,0,0,0,0,0,0,0,0,0
BHS092,SHUBHAM TRADERS (BHARRAHI BAZAR),25,0,25,25,100,0,25,0,0,0,25,0,0,0,25,0,0,0,100,0,0,0,50,0,0,0,75,5,0,0,100,0,0,0,125,0,0,0,100,0,0,0,25,0,0,0,25,0
BHS103,SHIV SHAKTI TRADERS (KURHAN),50,55,50,85,50,0,50,25,0,0,50,30,0,0,30,25,0,0,50,25,0,0,50,25,0,0,75,25,0,0,100,25,0,0,100,50,0,0,50,50,0,0,50,75,0,0,50,30
BHJ041,JALALGARH TRADERS,50,0,110,30,60,0,50,60,0,0,50,55,0,0,60,30,0,0,60,0,0,0,30,0,0,0,50,0,0,0,30,30,0,0,75,0,0,0,35,0,0,0,39,0,0,0,0,0
B232,BHARATENTERPRISES,0,0,0,0,0,0,0,0,0,0,0,0,0,0,0,0,0,0,0,0,0,0,0,0,0,0,0,0,0,0,0,0,0,0,0,0,0,0,0,0,0,0,0,0,0,0,0,0
BHS054,SHREERAMCEMENT&KHADDUKAN,0,0,0,0,0,0,0,0,0,0,0,0,0,0,0,0,0,0,0,0,0,0,0,0,0,0,0,0,0,0,0,0,0,0,0,0,0,0,0,0,0,0,0,0,0,0,0,0
D160,DEEPAKKRISHIKENDRA,0,0,0,0,0,0,0,0,0,0,0,0,0,0,0,0,0,0,0,0,0,0,0,0,0,0,0,0,0,0,0,0,0,0,0,0,0,0,0,0,0,0,0,0,0,0,0,0
S526,SONITRADERS,0,0,0,0,0,0,0,0,0,0,0,0,0,0,0,0,0,0,0,0,0,0,0,0,0,0,0,0,0,0,0,0,0,0,0,0,0,0,0,0,0,0,0,0,0,0,0,0
P111,PABAN AGARWALA,4490,7237,5780,4393,5010,1809,5060,4660,0,0,3836,4909,0,0,3850,4172,0,0,4130,2822,0,0,2980,3007,0,0,3130,3542,0,0,3540,3462,0,0,3350,4199,0,0,5129,4161,0,0,6485,6972,0,0,6176,8338
P222,PALHARDWARE,0,0,0,0,0,0,0,0,0,0,0,0,0,0,0,0,0,0,0,0,0,0,0,0,0,0,0,0,0,0,0,0,0,0,0,0,0,0,0,0,0,0,0,0,0,0,0,0
R212,ROYHARDWARE(MURSHIDABAD),0,0,0,0,0,0,0,0,0,0,0,0,0,0,0,0,0,0,0,0,0,0,0,0,0,0,0,0,0,0,0,0,0,0,0,0,0,0,0,0,0,0,0,0,0,0,0,0
S370,SULTAN ENTERPRISE,25,75,30,25,20,0,25,40,0,0,25,25,0,0,25,25,0,0,25,25,0,0,20,50,0,0,25,25,0,0,25,20,0,0,25,25,0,0,25,25,0,0,25,50,0,0,25,0
WBA022,ARAPURCEMENTCENTRE,0,0,0,0,0,0,0,0,0,0,0,0,0,0,0,0,0,0,0,0,0,0,0,0,0,0,0,0,0,0,0,0,0,0,0,0,0,0,0,0,0,0,0,0,0,0,0,0
WBA035,ADIL HARDWARE,200,340,265,310,250,127.2,200,210,0,0,200,235,0,0,180,182,0,0,180,132.5,0,0,120,160,0,0,150,200.5,0,0,190,240,0,0,200,278,0,0,250,159.5,0,0,200,371,0,0,300,320
WBJ009,JOYMUKTABUILDERS,0,0,0,0,0,0,0,0,0,0,0,0,0,0,0,0,0,0,0,0,0,0,0,0,0,0,0,0,0,0,0,0,0,0,0,0,0,0,0,0,0,0,0,0,0,0,0,0
WBN077,NEWKRISHNATRADERS,0,0,0,0,0,0,0,0,0,0,0,0,0,0,0,0,0,0,0,0,0,0,0,0,0,0,0,0,0,0,0,0,0,0,0,0,0,0,0,0,0,0,0,0,0,0,0,0
WBS197,S S ENTERPRISE (MALDA),330,0,10,10,20,0,10,10,0,0,10,15,0,0,20,15,0,0,50,0,0,0,20,0,0,0,50,0,0,0,50,0,0,0,50,0,0,0,0,0,0,0,100,0,0,0,500,0
WBA099,AHILENTERPRISE,0,0,0,0,0,0,0,0,0,0,0,0,0,0,0,0,0,0,0,0,0,0,0,0,0,0,0,0,0,0,0,0,0,0,0,0,0,0,0,0,0,0,0,0,0,0,0,0
WBS279,SAHA CONSTRUCTION,1390,2360,3280,1235,1260,475,2800,1000,0,0,1575,2042,0,0,2000,1876,0,0,2100,1124,0,0,1375,780,0,0,1125,1230,0,0,1235,1235,0,0,1050,1615,0,0,1950,1165,0,0,1400,3415,0,0,1620,2565
NEB231,BARUAHGROCERY,0,0,0,0,0,0,0,0,0,0,0,0,0,0,0,0,0,0,0,0,0,0,0,0,0,0,0,0,0,0,0,0,0,0,0,0,0,0,0,0,0,0,0,0,0,0,0,0
NEA275,A K ENTERPRISE (JOR),0,0,30,10,0,0,45,0,0,0,30,10,0,0,30,0,0,0,0,0,0,0,0,0,0,0,0,10,0,0,0,0,0,0,0,0,0,0,0,0,0,0,0,0,0,0,0,0
NER197,RAMTHAKUR IRON,110,101.1,100,100.5,85,15,110,65,0,0,80,80,0,0,90,76.5,0,0,75,87,0,0,100,37.5,0,0,80,48,0,0,90,73.5,0,0,100,81,0,0,95,100.5,0,0,110,140,0,0,110,103.2
BHB068,BAJRANG TRADERS (RANIGANJ),200,120,250,160,200,90,300,145,0,0,200,230,0,0,240,145,0,0,250,145,0,0,160,25,0,0,100,100,0,0,150,30,0,0,300,95,0,0,150,150,0,0,150,150,0,0,300,180
NEJ108,JAGDISH PRASAD GOPIKISHAN,50,25,50,65,50,0,85,20,0,0,60,30,0,0,50,50,0,0,70,57,0,0,70,31.5,0,0,70,63,0,0,80,35,0,0,50,52,0,0,60,44.5,0,0,70,35,0,0,70,25
WBG079,GANESHLAL PAWAN KUMAR,460,459,707,460,570,61,550,557,0,0,470,291,0,0,500,264,0,0,420,156,0,0,250,144,0,0,330,300,0,0,301,303,0,0,500,357,0,0,620,264,0,0,500,514,0,0,660,656
NEO024,OMKER ROY,80,25,75,75,70,0,75,89.9,0,0,75,20,0,0,70,57.25,0,0,60,0,0,0,70,0,0,0,55,75,0,0,75,70,0,0,75,85,0,0,70,70,0,0,75,60,0,0,75,65
NED164,DHANANJOY SINGH,100,80,80,85,80,25,55,80,0,0,65,74,0,0,60,83,0,0,80,65,0,0,80,30,0,0,100,75,0,0,100,70,0,0,80,70,0,0,100,80,0,0,80,80,0,0,110,120
NEM271,MARUTI HARDWARE (SIB),225,60,240,200,200,-20,160,160,0,0,140,140,0,0,160,160,0,0,160,170,0,0,130,90,0,0,160,175,0,0,180,230,0,0,200,245.05,0,0,180,40,0,0,285,395,0,0,280,304.5
NEL082,LAKSHMI NARAYAN HARDWARE,50,30,30,14,50,11,30,26.5,0,0,30,15,0,0,30,42,0,0,30,15,0,0,25,15,0,0,30,25,0,0,40,25,0,0,60,20,0,0,60,25,0,0,60,22.5,0,0,0,35
NEP194,PODDAR HARDWARE (UDP),1100,918.85,1150,959.1,1200,59.25,1050,1013.15,0,0,850,702.4,0,0,870,879.5,0,0,800,762.4,0,0,900,645.1,0,0,1000,1119.5,0,0,1100,1111,0,0,1400,1373.55,0,0,1450,1295.6,0,0,1550,1297.5,0,0,1550,1644
NEK145,KYRSHAN GYNDIANG .,630,504,405,624,600,167,450,419,0,0,400,318,0,0,400,422,0,0,250,305,0,0,315,404.5,0,0,315,676,0,0,400,1058,0,0,925,545,0,0,700,910,0,0,800,482,0,0,805,1109
NEN150,NEERAJ TRADERS (MNP),160,27.5,280,192.5,180,0,320,173,0,0,170,104,0,0,260,120,0,0,260,71,0,0,215,130,0,0,212,98,0,0,175,0,0,0,150,118,0,0,110,110.15,0,0,324,56,0,0,341.5,149.8
BHG033,GUPTA TRADERS (PURNIA),0,0,0,0,0,0,0,0,0,0,0,0,0,0,0,0,0,0,0,0,0,0,0,0,0,0,0,0,0,0,0,0,0,0,0,0,0,0,0,0,0,0,0,0,0,0,0,0
BHC016,CHANDSTEEL,0,0,0,0,0,0,0,0,0,0,0,0,0,0,0,0,0,0,0,0,0,0,0,0,0,0,0,0,0,0,0,0,0,0,0,0,0,0,0,0,0,0,0,0,0,0,0,0
SKS001,SIKKIMHARDWARE,0,0,0,0,0,0,0,0,0,0,0,0,0,0,0,0,0,0,0,0,0,0,0,0,0,0,0,0,0,0,0,0,0,0,0,0,0,0,0,0,0,0,0,0,0,0,0,0
WBR119,RAHUTCONSTRUCTION,0,0,0,0,0,0,0,0,0,0,0,0,0,0,0,0,0,0,0,0,0,0,0,0,0,0,0,0,0,0,0,0,0,0,0,0,0,0,0,0,0,0,0,0,0,0,0,0
NER198,RAJ LAXMI AJENCIES,40,22.5,140,73,40,12.5,110,80.5,0,0,60,62.45,0,0,90,27.5,0,0,40,0,0,0,30,0,0,0,50,0,0,0,40,0,0,0,25,60.5,0,0,60,30,0,0,60,58.5,0,0,50,45
NEJ109,J. SIDDIKA HARDWARE,220,243,140,155,240,60,500,210,0,0,198,152.5,0,0,145.6,132.5,0,0,200,150,0,0,200,146,0,0,230,151,0,0,200,150,0,0,220,191,0,0,180,185,0,0,220,230,0,0,240,182
NEK146,KN & SON'S VARIETY STORE,105,52,110,106,65,0,110,53,0,0,100,0,0,0,165,90,0,0,160,37,0,0,150,19,0,0,132,80,0,0,110,58,0,0,55,118.3,0,0,120,55,0,0,264,106,0,0,151.5,52
WBR120,RISHI ENTERPRISE,2325,2481.6,2000,2044.1,2900,714.5,2200,2624.15,0,0,2350,2231.05,0,0,2250,2062.9,0,0,2250,1827.3,0,0,1678,1821.45,0,0,1578,1463.05,0,0,1800,1580.8,0,0,2000,2281.1,0,0,2075,2165,0,0,2400,2741.5,0,0,2800,3181.85
NER167,RANGAMOYEE,50,30,50,40.5,50,0,35,25,0,0,35,0,0,0,25,23,0,0,25,30,0,0,20,15,0,0,25,30,0,0,50,15,0,0,50,35,0,0,30,35,0,0,50,30,0,0,50,35
NER200,RAI HARDWARE,55,36,60,56,35,0,110,18,0,0,50,75,0,0,110,25,0,0,105,63,0,0,150,54,0,0,86.25,100,0,0,85,0,0,0,50,78,0,0,80,25,0,0,0,25,0,0,40.25,25
NES454,SHIV SANKAR HARDWARE .,250,300,80,200,200,100,500,150,0,0,110,150,0,0,112,150,0,0,180,100,0,0,150,50,0,0,117,100,0,0,200,150,0,0,160,150,0,0,160,200,0,0,200,200,0,0,350,350
NEP197,PURBASHA ENTERPRISE,210,212.5,192.5,252,175,14.5,200,165.75,0,0,160,130,0,0,220,200,0,0,220,112.75,0,0,287,154.25,0,0,165,225.5,0,0,210,104,0,0,200,165,0,0,231,213.85,0,0,250,255.5,0,0,230,187.5
NEA278,ARK ENTERPRISE,0,0,35,0,0,0,70,0,0,0,0,0,0,0,35,0,0,0,0,0,0,0,0,0,0,0,0,0,0,0,0,0,0,0,0,0,0,0,0,0,0,0,0,0,0,0,0,0
NEM274,MAA KAMAKHYA HARDWARE (TEZPUR),50,72.25,80,40,50,3.75,80,40,0,0,40,40,0,0,60,22.5,0,0,40,20,0,0,60,20,0,0,43,40,0,0,50,49.75,0,0,40,45,0,0,60,23,0,0,60,48,0,0,60,101.5
NEP200,PANKAJMAHESWARI(HUF),0,0,0,0,0,0,0,0,0,0,0,0,0,0,0,0,0,0,0,0,0,0,0,0,0,0,0,0,0,0,0,0,0,0,0,0,0,0,0,0,0,0,0,0,0,0,0,0
NER204,RAZA HARDWARE (GHY),0,0,50,0,0,0,0,0,0,0,0,0,0,0,0,0,0,0,0,0,0,0,0,0,0,0,0,0,0,0,0,0,0,0,0,0,0,0,0,0,0,0,0,0,0,0,0,0
BHC017,CHOTU TRADERS,325,435,350,290,300,116.65,350,260,0,0,300,365,0,0,175,175,0,0,255,150,0,0,125,150,0,0,200,200,0,0,125,230,0,0,210,305,0,0,250,250,0,0,250,249.9,0,0,350,450
NEP198,PINTU BARDHAN,0,0,30,25,0,0,30,25,0,0,30,0,0,0,30,25,0,0,30,0,0,0,50,0,0,0,0,0,0,0,0,0,0,0,0,0,0,0,0,0,0,0,0,0,0,0,0,0
WBA127,AYUSHENTERPRISE(DAKSHINDINAJPUR),0,0,0,0,0,0,0,0,0,0,0,0,0,0,0,0,0,0,0,0,0,0,0,0,0,0,0,0,0,0,0,0,0,0,0,0,0,0,50,0,0,0,0,0,0,0,90,0
WBN093,NILKANTHADAS(COSSIMBAZAR),0,0,0,0,0,0,0,0,0,0,0,0,0,0,0,0,0,0,0,0,0,0,0,0,0,0,0,0,0,0,0,0,0,0,0,0,0,0,0,0,0,0,0,0,0,0,0,0
WBD080,DHIRAJ AGARWAL,180,290,250,231,285,98,270,281,0,0,210,159,0,0,170,122,0,0,151,160,0,0,160,147,0,0,110,110,0,0,150,165,0,0,264,244,0,0,301,193,0,0,200,218,0,0,301,316
WBT067,T R ENTERPRISE,0,0,291,32,0,0,150,24,0,0,122,0,0,0,0,0,0,0,0,0,0,0,0,0,0,0,0,0,0,0,51,12,0,0,0,0,0,0,0,0,0,0,0,0,0,0,0,0
WBD081,DARJEELING BUILDER STORE (SILIGURI),500,425,0,33,450,106.5,0,0,0,0,0,410.85,0,0,250,383,0,0,250,417.25,0,0,350,302,0,0,350,258.1,0,0,350,478.8,0,0,500,633.9,0,0,600,648.45,0,0,500,516.25,0,0,600,162
NEM275,MUKUTABORAH&BROTHERS,0,0,0,0,0,0,0,0,0,0,0,0,0,0,0,0,0,0,0,0,0,0,0,0,0,0,0,0,0,0,0,0,0,0,0,0,0,0,0,0,0,0,0,0,0,0,0,0
NEP199,P.S. ENTERPRISE (AGT),0,0,30,0,0,0,40,10,0,0,30,15,0,0,30,0,0,0,30,20,0,0,30,0,0,0,20,0,0,0,20,0,0,0,20,0,0,0,20,0,0,0,20,0,0,0,40,0
NEA282,A.B. ENTERPRISE (NLP),240,200,350,210,240,0,240,200,0,0,200,200,0,0,220,200,0,0,250,190,0,0,180,90,0,0,220,200,0,0,200,130,0,0,200,120,0,0,200,190,0,0,300,210,0,0,350,155
NED168,DAVID ESS STEEL FABRICATION,0,0,20,0,20,20,79,0,0,0,0,0,0,0,20,0,0,0,20,0,0,0,20,0,0,0,50,0,0,0,0,0,0,0,0,2,0,0,20,0,0,0,0,0,0,0,0,20
NEA284,AMY TRADING (MIZ),100,192,170,126.25,150,55.25,170,143.4,0,0,200,216.75,0,0,250,190.95,0,0,300,250.9,0,0,300,66.25,0,0,270,250.05,0,0,280,76,0,0,230,118,0,0,150,121.25,0,0,100,177.5,0,0,200,109
NES457,SAIKIA HARDWARE (NLP),200,90,220,120,200,40,160,135,0,0,160,40,0,0,120,90,0,0,160,80,0,0,120,90,0,0,140,100,0,0,160,80,0,0,200,90,0,0,200,90,0,0,240,80,0,0,250,130
NEH094,HANUMAN ENTERPRISE (JHT),50,0,60,40,50,5.5,50,50,0,0,50,50,0,0,50,25,0,0,75,25,0,0,60,40,0,0,70,20,0,0,60,0,0,0,50,30,0,0,90,40,0,0,70,71.5,0,0,100,45
NEB240,BISWAKARMA HARDWARE (DMR),50,15,75,50,50,0,75,31,0,0,75,25,0,0,90,40,0,0,95,0,0,0,50,0,0,0,50,10,0,0,125,0,0,0,75,0,0,0,80,0,0,0,80,12.5,0,0,75,15
NEG123,GYANADA STORE,50,40.65,80,32,50,31,80,46,0,0,50,0,0,0,40,0,0,0,18,0,0,0,40,0,0,0,40,57.5,0,0,80,71,0,0,60,60,0,0,120,102,0,0,50,96,0,0,70,79.5
NEH095,H.LALZAMI STORE,0,19,20,0,30,14,0,0,0,0,0,0,0,0,20,0,0,0,0,46,0,0,50,42,0,0,60,40,0,0,40,57,0,0,20,31,0,0,40,35,0,0,0,45,0,0,20,33
NEN155,NABA KUMAR SAHA,220,165,175,170,150,40,189,115,0,0,145,120,0,0,145,120,0,0,175,70,0,0,150,85,0,0,140,130,0,0,150,75,0,0,140,85,0,0,220,185,0,0,185,200,0,0,195,90
NEB241,BISWASENTERPRISE,0,0,0,0,0,0,0,0,0,0,0,0,0,0,0,0,0,0,0,0,0,0,0,0,0,0,0,0,0,0,0,0,0,0,0,0,0,0,0,0,0,0,0,0,0,0,0,0
NES461,S K TRADING,1050,1215.5,820,1015,1021.5,230,1210,1021.5,0,0,1100,937,0,0,1050,1050,0,0,1010,1053.7,0,0,1200,1181,0,0,0,990.5,0,0,1110,1164.45,0,0,1300,1196.95,0,0,1210,1234.15,0,0,1355,1331.1,0,0,1320,1212.9
NEZ011,ZALENSCOMMUNICATION,0,0,0,0,0,0,0,0,0,0,0,0,0,0,0,0,0,0,0,0,0,0,0,0,0,0,0,0,0,0,0,0,0,0,0,0,0,0,0,0,0,0,0,0,0,0,0,0
NEL085,LOUVIZADHAR,0,0,0,0,0,0,0,0,0,0,0,0,0,0,0,0,0,0,0,0,0,0,0,0,0,0,0,0,0,0,0,0,0,0,0,0,0,0,0,0,0,0,25,0,0,0,25,0
NEM280,MAA BHAWANI HARDWARE (NGN),100,26,91,0,100,13,500,12.5,0,0,63.8,13,0,0,14.56,0,0,0,80,26,0,0,77,39,0,0,65,39,0,0,80,44,0,0,140,34,0,0,110,46,0,0,120,59,0,0,120,78
NEL086,LAXMI ENTERPRISE . JHT,45,40,50,55,50,0,50,25,0,0,50,0,0,0,75,0,0,0,75,25,0,0,60,10,0,0,80,20,0,0,50,15,0,0,50,40,0,0,60,0,0,0,70,56.5,0,0,100,0
NEN160,NIRANJAN HARDWARE STORES,0,0,50,25,0,0,25,49.5,0,0,25,0,0,0,50,25,0,0,25,25,0,0,25,0,0,0,50,25,0,0,25,0,0,0,25,0,0,0,25,0,0,0,25,0,0,0,25,0
NES466,SHANTA TRADERS,150,76.5,110,114,150,89.75,75,161.25,0,0,135,90.25,0,0,165,158.75,0,0,137.5,69.75,0,0,104.5,82.25,0,0,110,90.5,0,0,131.25,96.5,0,0,115,139,0,0,165,127.75,0,0,165,192.5,0,0,200,179.2
NEI032,INFRATECHCEMENT,0,0,0,0,0,0,0,0,0,0,0,0,0,0,0,0,0,0,0,0,0,0,0,0,0,0,0,0,0,0,0,0,0,0,0,0,0,0,0,0,0,0,0,0,0,0,0,0
NEA294,A.B.C. ENTERPRISE . TURA,232,115,190,135,135,30,210,140,0,0,190,105,0,0,120,105,0,0,150,140,0,0,125,140,0,0,150,150,0,0,150,135,0,0,160,70,0,0,180,85,0,0,220,150,0,0,247,135
NEC095,CEMENTGHAR(TSK),0,0,0,0,0,0,0,0,0,0,0,0,0,0,0,0,0,0,0,0,0,0,0,0,0,0,0,0,0,0,0,0,0,0,0,0,0,0,0,0,0,0,0,0,0,0,0,0
WBB128,BUILDERSSTEELCENTRE(SILIGURI),0,0,0,0,0,0,0,0,0,0,0,0,0,0,0,0,0,0,0,0,0,0,0,0,0,0,0,0,0,0,0,0,0,0,0,0,0,0,0,0,0,0,0,0,0,0,0,0
WBN094,NEWMANDALENTERPRISE(SILIGURI),0,0,0,0,0,0,0,0,0,0,0,0,0,0,0,0,0,0,0,0,0,0,0,0,0,0,0,0,0,0,0,0,0,0,0,0,0,0,0,0,0,0,0,0,0,0,0,0
WBR124,RANI SATI TRADING CO.,550,442,400,786.5,480,55,550,484,0,0,500,399.5,0,0,400,488,0,0,450,469.35,0,0,350,417.5,0,0,400,525.4,0,0,550,820.5,0,0,600,631.3,0,0,600,1009,0,0,500,670,0,0,600,610.9
WBB131,BASANAHARDWAREANDRINGFACTORY,0,0,0,0,0,0,0,0,0,0,0,0,0,0,0,0,0,0,0,0,0,0,0,0,0,0,0,0,0,0,0,0,0,0,0,0,0,0,0,0,0,0,0,0,0,0,0,0
NEB243,BORUAHHARDWARE(NLP),0,0,0,0,0,0,0,0,0,0,0,0,0,0,0,0,0,0,0,0,0,0,0,0,0,0,0,0,0,0,0,0,0,0,0,0,0,0,0,0,0,0,0,0,0,0,0,0
WBN095,NSENTERPRISE,0,0,0,0,0,0,0,0,0,0,0,0,0,0,0,0,0,0,0,0,0,0,0,0,0,0,0,0,0,0,0,0,0,0,0,0,0,0,0,0,0,0,0,0,0,0,0,0
BHS185,SAKSHITRADERS-HAKPARA,0,0,0,0,0,0,0,0,0,0,0,0,0,0,0,0,0,0,0,0,0,0,0,0,0,0,0,0,0,0,0,0,0,0,0,0,0,0,0,0,0,0,0,0,0,0,0,0
BHM121,MANDAL ENTERPRISES . GAURIGANJ,50,0,25,28,30,0,25,0,0,0,0,7,0,0,25,7,0,0,25,7.5,0,0,25,38.5,0,0,45,50,0,0,25,50,0,0,50,50,0,0,50,54,0,0,50,34,0,0,60,12
WBA128,ABDULHALIM,0,0,0,0,0,0,0,0,0,0,0,0,0,0,0,0,0,0,0,0,0,0,0,0,0,0,0,0,0,0,0,0,0,0,0,0,0,0,0,0,0,0,0,0,0,0,0,0
WBM266,MAAKALITRADES,0,0,0,0,0,0,0,0,0,0,0,0,0,0,0,0,0,0,0,0,0,0,0,0,0,0,0,0,0,0,0,0,0,0,0,0,0,0,0,0,0,0,0,0,0,0,0,0
WBS288,SRCBUILDER,0,0,0,0,0,0,0,0,0,0,0,0,0,0,0,0,0,0,0,0,0,0,0,0,0,0,0,0,0,0,0,0,0,0,0,0,0,0,0,0,0,0,0,0,0,0,0,0
NEJ113,J.J. HARDWARE STORE,70,95,50,50,40,20,55,35,0,0,60,57.5,0,0,40,23.5,0,0,40,45,0,0,50,0,0,0,45,95,0,0,65,25,0,0,65,54,0,0,50,56.5,0,0,60,120.25,0,0,85,142.25
NED176,DHADUMIA TRADERS,0,0,20,0,0,0,0,0,0,0,0,0,0,0,0,0,0,0,0,0,0,0,0,0,0,0,0,0,0,0,0,0,0,0,0,0,0,0,0,0,0,0,0,0,0,0,0,0
NEJ114,J.P.TRADING . DBR,50,50.5,50,0,80,63,40,53.25,0,0,70,60.75,0,0,80,72.5,0,0,70,94.5,0,0,70,111,0,0,80,80,0,0,80,106.5,0,0,80,106.25,0,0,100,151.75,0,0,100,144.7,0,0,140,138.75
NES476,SREEMA TRADERS . SILCHAR,35,20.5,55,28,25,3,25,14,0,0,30,16,0,0,27.5,16,0,0,22,29,0,0,27.5,10.5,0,0,33,22,0,0,26.25,21.05,0,0,40,2,0,0,27.5,18,0,0,55,36.5,0,0,70,9.75
NES478,SURAVI ENTERPRISE,50,20,40,40,40,0,20,40,0,0,20,40,0,0,30,25,0,0,20,45,0,0,20,20,0,0,50,40,0,0,60,20,0,0,50,20,0,0,30,20,0,0,60,64,0,0,80,55
NEC099,CHUTIA HARDWARE STORE,250,249.5,350,210,300,0,400,210,0,0,350,200,0,0,250,80,0,0,220,200,0,0,250,110.7,0,0,350,190,0,0,300,205,0,0,360,210,0,0,280,254.95,0,0,320,232.2,0,0,400,423.25
NES479,S.S.TRADERS-TSK,0,0,0,0,0,0,0,0,0,0,0,0,0,0,0,0,0,0,0,0,0,0,0,0,0,0,0,0,0,0,0,0,0,0,0,0,0,0,0,0,0,0,0,0,0,0,0,0
NEL090,LITAN DEBNATH . DMR,90,60,60,135,100,25,60,125,0,0,50,57.5,0,0,70,105,0,0,70,90,0,0,70,105,0,0,50,73.5,0,0,70,70,0,0,100,87.5,0,0,100,82.5,0,0,100,121,0,0,0,152
NEG126,GILBERTLYNGKHOI,0,0,0,0,0,0,0,0,0,0,0,0,0,0,0,0,0,0,0,0,0,0,0,0,0,0,0,0,0,0,0,0,0,0,0,0,0,0,0,0,0,0,0,0,0,0,0,0
NEP203,PODDER CONSTRUCTION,40,0,50,0,40,0,35,45,0,0,40,0,0,0,45,40,0,0,40,40,0,0,50,0,0,0,40,15,0,0,50,0,0,0,50,30,0,0,40,35,0,0,40,20,0,0,40,45
NEM288,MANORAMA HARDWARE STORE . LA,25,25,50,25,25,0,25,25,0,0,25,25,0,0,25,0,0,0,25,25,0,0,25,25,0,0,50,25,0,0,25,0,0,0,25,25,0,0,25,25,0,0,25,25,0,0,25,25
NER211,RIDGE ENTERPRISES . APN,0,0,100,16,0,0,30,36,0,0,30,28,0,0,40,17.05,0,0,40,17.5,0,0,40,76.65,0,0,40,0,0,0,40,0,0,0,0,0,0,0,0,0,0,0,0,0,0,0,0,0
NEP204,PARK ENTERPRISES . APN,0,0,0,0,0,0,0,0,0,0,15,0,0,0,0,0,0,0,0,0,0,0,0,0,0,0,0,0,0,0,0,0,0,0,0,0,0,0,0,0,0,0,0,0,0,0,0,0
NES480,SATYAM HARDWARE . AP,0,0,120,20,0,0,40,0,0,0,0,0,0,0,0,40,0,0,40,40,0,0,40,40,0,0,40,40,0,0,80,80,0,0,80,0,0,0,40,0,0,0,80,0,0,0,40,0
NEM289,MANTU MOTORS . JHT,0,0,0,0,0,0,0,0,0,0,0,0,0,0,0,0,0,0,0,0,0,0,0,0,0,0,0,0,0,0,0,0,0,0,0,0,0,0,0,0,0,0,0,0,0,0,0,0
WBS291,SAGARENTERPRISE-DARJEELING,0,0,0,0,0,0,0,0,0,0,0,0,0,0,0,0,0,0,0,0,0,0,0,0,0,0,0,0,0,0,0,0,0,0,0,0,0,0,0,0,0,0,0,0,0,0,0,0
WBN096,NUR ISLAM ENTERPRISE,35,12,35,24,25,12,35,24,0,0,25,24,0,0,25,12,0,0,30,0,0,0,25,0,0,0,25,0,0,0,25,0,0,0,0,0,0,0,0,12,0,0,35,12,0,0,25,0
WBT069,TULTULI HARDWARE STORES,0,0,61,12,0,0,0,0,0,0,0,0,0,0,0,0,0,0,0,0,0,0,0,0,0,0,0,0,0,0,0,0,0,0,0,0,0,0,0,0,0,0,0,0,0,0,0,0
WBG084,GAYATRI CONSTRUCTION,0,0,0,0,0,0,0,0,0,0,0,0,0,0,0,0,0,0,0,0,0,0,0,0,0,0,0,0,0,0,0,0,0,0,0,0,0,0,0,0,0,0,0,0,0,0,0,0
WBR125,RAHAMANANDHUSSAINENTERPRISE,0,0,0,0,0,0,0,0,0,0,0,0,0,0,0,0,0,0,0,0,0,0,0,0,0,0,0,0,0,0,0,0,0,0,0,0,0,0,0,0,0,0,0,0,0,0,0,0
WBS293,SHREESAAWARIYAHARDWARE,0,0,0,0,0,0,0,0,0,0,0,0,0,0,0,0,0,0,0,0,0,0,0,0,0,0,0,0,0,0,0,0,0,0,0,0,0,0,0,0,0,0,0,0,0,0,0,0
WBO004,OWAISENTERPRISES,300,0,0,0,0,0,0,0,0,0,0,0,0,0,0,0,0,0,0,0,0,0,0,0,0,0,0,0,0,0,0,0,0,0,0,0,0,0,0,0,0,0,300,0,0,0,300,0
NEH097,HONTUROI NONGPLUH,0,0,0,0,0,0,0,0,0,0,0,0,0,0,0,0,0,0,0,0,0,0,0,0,0,0,0,0,0,0,0,0,0,0,0,0,0,0,0,0,0,0,0,0,0,0,0,0
NES484,SAROI ENGG & FEBRICATION,75,88.2,55,100,100,0,55,100,0,0,45,125,0,0,70,125,0,0,70,75,0,0,50,75,0,0,70,125,0,0,100,126,0,0,100,125,0,0,120,150,0,0,120,125,0,0,0,150
NEK150,KAKA BHATIJA BHANDAR . NLP,0,0,80,0,0,0,0,20,0,0,40,20,0,0,40,70,0,0,80,20,0,0,80,40,0,0,40,0,0,0,0,0,0,0,0,0,0,0,0,0,0,0,0,0,0,0,80,0
NEM291,MAAHABOLIENTERPRISE,0,0,0,0,0,0,0,0,0,0,0,0,0,0,0,0,0,0,0,0,0,0,0,0,0,0,0,0,0,0,0,0,0,0,0,0,0,0,0,0,0,0,0,0,0,0,0,0
WBR127,RUBELHARDWARE,0,0,0,0,0,0,0,0,0,0,0,0,0,0,0,0,0,0,0,0,0,0,0,0,0,0,0,0,0,0,0,0,0,0,0,0,0,0,0,0,0,0,0,0,0,0,0,0
WBG085,GANPATIHARDWARE,0,0,0,0,0,0,0,0,0,0,0,0,0,0,0,0,0,0,0,0,0,0,0,0,0,0,0,0,0,0,0,0,0,0,0,0,0,0,0,0,0,0,0,0,0,0,0,0
WBS296,SHIVA TRADING AND COMPANY,450,927,450,463,500,155,300,606.5,0,0,300,550,0,0,400,337,0,0,350,514,0,0,300,450,0,0,400,535,0,0,400,696,0,0,500,938,0,0,700,459,0,0,500,730,0,0,450,892
WBP079,PALASHKUMARSAHA-KHARGRAM,0,0,0,0,0,0,0,0,0,0,0,0,0,0,0,0,0,0,0,0,0,0,0,0,0,0,0,0,0,0,0,0,0,0,0,0,0,0,0,0,0,0,0,0,0,0,0,0
NES485,SAIKIA HARDWARE.NGN,50,60,90,39,60,20,500,39,0,0,44,26,0,0,43.68,39,0,0,60,52,0,0,70,33,0,0,46,46,0,0,70,26,0,0,80,48,0,0,50,33,0,0,60,20,0,0,90,40
NEM292,MT TRADERS,0,0,260,75.75,0,0,320,75.5,0,0,200,0,0,0,55,0,0,0,0,0,0,0,100,0,0,0,0,0,0,0,100,0,0,0,90,0,0,0,0,0,0,0,0,0,0,0,0,0
NEK151,KALPANA HARDWARE . NGN,160,160,120,140,150,40,500,120,0,0,110,120,0,0,134.4,80,0,0,200,140,0,0,160,100,0,0,140,120,0,0,200,140,0,0,210,140,0,0,150,180,0,0,200,200,0,0,250,200
NEP206,PAWAN KUMAR SAHU . TURA,285,215,160,70,140,48.5,295,140,0,0,135,70,0,0,135,135,0,0,155,40,0,0,135,90,0,0,165,150,0,0,150,70,0,0,125,77.5,0,0,185,75,0,0,210,130,0,0,280,156
NEG129,G.U.TRADERS-SIL,0,0,0,0,0,0,0,0,0,0,0,0,0,0,0,0,0,0,0,0,0,0,0,0,0,0,0,0,0,0,0,0,0,0,0,0,0,0,0,0,0,0,0,0,0,0,0,0
NES487,SHIV SANKAR SANITARY & HARDWARE STORES,100,45,50,76.4,100,5,70,125.5,0,0,50,25.5,0,0,60,150,0,0,75,100,0,0,90,40,0,0,60,5,0,0,60,40,0,0,50,0,0,0,50,10,0,0,75,80,0,0,70,70
NEM293,MAA HARDWARE . LA,675,805,850,595,600,372.3,910,442.5,0,0,550,670,0,0,350,785,0,0,600,455,0,0,550,405,0,0,460,702,0,0,750,415,0,0,550,492.5,0,0,550,445,0,0,650,590,0,0,750,775
NEK152,K.V. ENTERPRISE,0,13,75,12,55,0,77,24.5,0,0,39,12,0,0,52,0,0,0,47,13,0,0,49,0,0,0,220,24.5,0,0,70,0,0,0,90,57,0,0,75,0,0,0,75,25.5,0,0,90,0
NEM294,MAA TRIPURASWARI CONSTRUCTION,50,10,80,35,50,5,50,50,0,0,50,0,0,0,30,0,0,0,0,0,0,0,0,0,0,0,0,5,0,0,30,35,0,0,50,25,0,0,50,15,0,0,50,0,0,0,50,0
NEM295,MONAZIR HASSAN,0,0,0,0,0,0,0,0,0,0,0,0,0,0,0,10,0,0,20,0,0,0,0,0,0,0,0,0,0,0,0,0,0,0,0,0,0,0,0,0,0,0,0,0,0,0,0,0
NEJ117,JAI SHREE RAM HARDWARE,150,140,150,87.5,125,44.5,150,88,0,0,120,20,0,0,100,24.5,0,0,125,88.5,0,0,140,12.5,0,0,120,88,0,0,145,117.5,0,0,130,217.5,0,0,160,104,0,0,150,104,0,0,200,260.5
NED179,DEB HARDWARE . SIL,90,76.75,82.5,78.75,100,1.25,100,106.25,0,0,85,77,0,0,110,79,0,0,82.5,43,0,0,55,64.75,0,0,99,45,0,0,84,72,0,0,75,66,0,0,110,67.5,0,0,110,90,0,0,130,92.5
NEK153,K.R.ENTERPRISE-APN,0,0,0,0,0,0,0,0,0,0,0,0,0,0,0,0,0,0,0,0,0,0,0,0,0,0,0,0,0,0,0,0,0,0,0,0,0,0,0,0,0,0,0,0,0,0,0,0
NEE047,E PANGKUM KONYAK,0,0,0,0,0,0,0,0,0,0,0,0,0,0,0,0,0,0,0,0,0,0,0,0,0,0,0,0,0,0,0,0,0,0,0,0,0,0,0,0,0,0,0,0,0,0,0,0
NEM298,MALEMNGANBAENTERPRISES,0,0,0,0,0,0,0,0,0,0,0,0,0,0,0,0,0,0,0,0,0,0,0,0,0,0,0,0,0,0,0,0,0,0,0,0,0,0,0,0,0,0,0,0,0,0,0,0
NES492,SUNITAHARDWARE-SIB,0,0,0,0,0,0,0,0,0,0,0,0,0,0,0,0,0,0,0,0,0,0,0,0,0,0,0,0,0,0,0,0,0,0,0,0,0,0,0,0,0,0,0,0,0,0,0,0
WBR128,R P ENTERPRISE,2100,4493,3043,1909.5,2620,812,2470,1934,0,0,1612,2050,0,0,2320,1668,0,0,1924,1521,0,0,1568,1351,0,0,1680,1902,0,0,2000,2013,0,0,2100,2179,0,0,2530,2257,0,0,2845,3518,0,0,3100,4282
BHR080,REZA ENTERPRISES,0,0,100,39.5,0,0,100,57,0,0,100,0,0,0,50,0,0,0,100,0,0,0,0,0,0,0,0,0,0,0,0,0,0,0,50,0,0,0,50,0,0,0,0,0,0,0,0,0
BHS187,SHRI RAM ENTERPRISES,30,0,60,30,0,0,30,60,0,0,30,60,0,0,30,30,0,0,60,0,0,0,30,0,0,0,30,30,0,0,50,30,0,0,30,0,0,0,30,0,0,0,30,0,0,0,60,0
WBP081,PAUL HARDWARE . SALBARI,300,396,320,398,420,66,310,409.5,0,0,300,399,0,0,450,199,0,0,171,191,0,0,150,166,0,0,151,0,0,0,165,234,0,0,301,324,0,0,300,255,0,0,301,412,0,0,350,387
NEP208,PENGUINENTERPRISE,0,0,0,0,0,0,0,0,0,0,0,0,0,0,0,0,0,0,0,0,0,0,0,0,0,0,0,0,0,0,0,0,0,0,0,0,0,0,0,0,0,0,0,0,0,0,0,0
NEM301,MAHALAXMI ENTERPRISE . DRG,37,12.5,50,25,25,0,25,0,0,0,25,9,0,0,25,0,0,0,25,0,0,0,25,0,0,0,0,24.5,0,0,20,0,0,0,26,7.5,0,0,25,7.5,0,0,50,7.5,0,0,75,8
WBP080,PUSHPAHARDWARE,0,0,0,0,0,0,0,0,0,0,0,0,0,0,0,0,0,0,0,0,0,0,0,0,0,0,0,0,0,0,0,0,0,0,0,0,0,0,0,0,0,0,0,0,0,0,0,0
WBB137,BASANTI HARDWARE,110,400,320,125,150,25,200,150,0,0,250,175,0,0,175,75,0,0,350,25,0,0,150,0,0,0,130,50,0,0,130,105,0,0,120,0,0,0,100,125,0,0,130,175,0,0,220,275
BHG034,GANPATI STEEL . PHULWARIA,0,0,70,0,0,0,40,0,0,0,40,0,0,0,0,0,0,0,25,0,0,0,50,12.5,0,0,45,0,0,0,45,0,0,0,0,0,0,0,30,0,0,0,30,0,0,0,40,0
WBM271,MADHUMITAMACHINARYANDHARDWARE,0,0,0,0,0,0,0,0,0,0,0,0,0,0,0,0,0,0,0,0,0,0,0,0,0,0,0,0,0,0,0,0,0,0,0,0,0,0,0,0,0,0,0,0,0,0,0,0
NER216,RAJSTORE-MGN,0,0,0,0,0,0,0,0,0,0,0,0,0,0,0,0,0,0,0,0,0,0,0,0,0,0,0,0,0,0,0,0,0,0,0,0,0,0,0,0,0,0,0,0,0,0,0,0
WBM272,MAA BHABANI HARDWARE,70,150,114,60,100,24,77,96,0,0,74,126,0,0,76,72,0,0,70,60,0,0,80,60,0,0,80,60,0,0,70,60,0,0,80,108,0,0,150,72,0,0,110,108,0,0,125,120
BHM122,MAALAXMIANDSONS,0,0,0,0,0,0,0,0,0,0,0,0,0,0,0,0,0,0,0,0,0,0,0,0,0,0,0,0,0,0,0,0,0,0,0,0,0,0,0,0,0,0,0,0,0,0,0,0
NEH102,HANNON ENTERPRISE . APS,30,0,0,0,0,0,0,0,0,0,0,10,0,0,0,0,0,0,15,0,0,0,0,0,0,0,0,15,0,0,0,90,0,0,0,0,0,0,60,0,0,0,45,30,0,0,50,30
NEK156,KAZIRANGAENTERPRISES-TSK,0,0,0,0,0,0,0,0,0,0,0,0,0,0,0,0,0,0,0,0,0,0,0,0,0,0,0,0,0,0,0,0,0,0,0,0,0,0,0,0,0,0,0,0,0,0,0,0
NEG130,GOGOIHARDWARE-GHT,0,0,0,0,0,0,0,0,0,0,0,0,0,0,0,0,0,0,0,0,0,0,0,0,0,0,0,0,0,0,0,0,0,0,0,0,0,0,0,0,0,0,0,0,0,0,0,0
NEA299,ACHUMIENTERPRISE,0,0,0,0,0,0,0,0,0,0,0,0,0,0,0,0,0,0,0,0,0,0,0,0,0,0,0,0,0,0,0,0,0,0,0,0,0,0,0,0,0,0,0,0,0,0,0,0
BHS188,SONA BRICKS AND TRADERS,40,0,75,24,40,10,110,75,0,0,60,55,0,0,60,105,0,0,125,80,0,0,80,25,0,0,100,75,0,0,80,85,0,0,90,60,0,0,60,120,0,0,75,0,0,0,100,100
NEM302,MOLLAH&SONS-LA,0,0,0,0,0,0,0,0,0,0,0,0,0,0,0,0,0,0,0,0,0,0,0,0,0,0,0,0,0,0,0,0,0,0,0,0,0,0,0,0,0,0,0,0,0,0,0,0
NEJ120,JYOTISHMAN TRADERS . SIB,0,0,0,0,0,0,0,0,0,0,0,0,0,0,0,0,0,0,0,0,0,0,0,0,0,0,0,0,0,0,0,0,0,0,0,0,0,0,0,0,0,0,0,0,0,0,0,0
NEH103,HANUMAN ENTERPRISE . SIB .,120,0,110,40,0,0,80,0,0,0,50,0,0,0,0,0,0,0,0,0,0,0,0,0,0,0,0,0,0,0,0,0,0,0,0,0,0,0,0,0,0,0,65,0,0,0,0,0
NEL093,LOHIT TRADE AGENCIES,0,0,60,0,0,0,60,0,0,0,0,0,0,0,0,0,0,0,0,0,0,0,0,0,0,0,0,0,0,0,0,0,0,0,0,0,0,0,0,0,0,0,0,0,0,0,0,0
SKS002,SUSIL KUMAR PRASAD,0,0,20,0,0,0,50,0,0,0,25,13,0,0,50,0,0,0,25,0,0,0,0,0,0,0,20,0,0,0,0,0,0,0,0,0,0,0,0,0,0,0,0,0,0,0,0,0
WBD085,DALIM KUMAR DAS,50,0,104,48,0,0,88,96,0,0,74,36,0,0,90,0,0,0,62,84,0,0,72,12,0,0,82,0,0,0,60,12,0,0,0,24,0,0,100,72,0,0,70,24,0,0,100,12
WBH044,HAZIHARDWAREANDFERTILIZER,0,0,0,0,0,0,0,0,0,0,0,0,0,0,0,0,0,0,0,0,0,0,0,0,0,0,0,0,0,0,0,0,0,0,0,0,0,0,0,0,0,0,0,0,0,0,0,0
NEM303,MISHRA HARDWARE . TEZ,100,120,250,87,170,0,160,129.5,0,0,150,80,0,0,90,81,0,0,100,65,0,0,150,57,0,0,108,100,0,0,115,83.5,0,0,160,120,0,0,145,80,0,0,200,160,0,0,200,160
WBR129,R.K. STEEL . COOCHBIHAR,35,60,24,24,40,12,24,36,0,0,25,24,0,0,25,36,0,0,30,24,0,0,25,24,0,0,25,12,0,0,25,12,0,0,24,12,0,0,17,24,0,0,35,36,0,0,60,24
BHS189,SHREELAXMIAGENCY,0,0,0,0,0,0,0,0,0,0,0,0,0,0,0,0,0,0,0,0,0,0,0,0,0,0,0,0,0,0,0,0,0,0,0,0,0,0,0,0,0,0,0,0,0,0,0,0
NEK157,K.S ENTERPRISES . GHY,150,129,100,123.5,100,44,150,114,0,0,100,85.5,0,0,100,120,0,0,120,101,0,0,100,104,0,0,100,91.5,0,0,120,104.5,0,0,120,119.5,0,0,143,127.5,0,0,121,155,0,0,121,158
NEA300,ARUNACHAL APEX TRADERS,0,0,24,14.9,0,0,24,17,0,0,24,9,0,0,0,0,0,0,0,0,0,0,0,0,0,0,0,0,0,0,0,0,0,0,0,0,0,0,0,0,0,0,0,0,0,0,0,0
NEB256,BHATTA HARDWARE . NLP,220,160,220,40,200,40,150,120,0,0,105,70,0,0,100,70,0,0,120,80,0,0,120,70,0,0,140,170,0,0,200,120,0,0,160,150,0,0,160,200,0,0,200,200,0,0,240,190
NES500,SHARMA BROTHERS . NLP,0,0,80,0,0,0,0,0,0,0,0,0,0,0,0,0,0,0,0,0,0,0,0,0,0,0,0,0,0,0,0,0,0,0,0,0,0,0,0,0,0,0,0,0,0,0,0,0
SKS003,SIKKIM HARDWARE STORE,0,0,85,0,0,0,0,28.5,0,0,45,33,0,0,0,10,0,0,0,0,0,0,0,0,0,0,0,0,0,0,0,0,0,0,0,0,0,0,0,0,0,0,0,0,0,0,0,0
WBJ062,JUWEL ENTERPRISE,50,200,175,50,65,25,180,50,0,0,125,50,0,0,100,25,0,0,200,25,0,0,100,50,0,0,130,50,0,0,105,62,0,0,140,50,0,0,100,50,0,0,60,125,0,0,60,150
NEC103,CHENIREEMA TRADERS . DBR .,1300,760,1250,1160,1200,57.5,1500,1116,0,0,1250,855,0,0,1200,1035.5,0,0,1200,1216.25,0,0,1400,809,0,0,1050,808,0,0,1370,1381.5,0,0,1600,1453.4,0,0,1650,1499,0,0,1820,1586.6,0,0,2500,1824
NEO026,ONN AGENCY,120,40,120,120,80,-32.55,120,121,0,0,80,40,0,0,80,40,0,0,120,80,0,0,120,40,0,0,80,80,0,0,120,120,0,0,120,160,0,0,160,80,0,0,120,120,0,0,120,155
NEM305,MUKUTENTERPRISE-TSK,0,0,0,0,0,0,0,0,0,0,0,0,0,0,0,0,0,0,0,0,0,0,0,0,0,0,0,0,0,0,0,0,0,0,0,0,0,0,0,0,0,0,0,0,0,0,0,0
NEJ116,J.P. HARDWARE . LA,0,0,25,0,0,0,25,0,0,0,0,0,0,0,25,0,0,0,25,0,0,0,50,0,0,0,0,0,0,0,0,0,0,0,25,0,0,0,25,0,0,0,0,0,0,0,25,0
NEP209,P.K.TRADING&CONSTRUCTION,0,0,0,0,0,0,0,0,0,0,0,0,0,0,0,0,0,0,0,0,0,0,0,0,0,0,0,0,0,0,0,0,0,0,0,0,0,0,0,0,0,0,0,0,0,0,0,0
BHS190,S K TRADERS . PURNIA,0,0,50,49,0,0,30,35,0,0,30,24,0,0,30,30,0,0,50,24,0,0,30,17,0,0,70,6,0,0,0,0,0,0,0,0,0,0,0,0,0,0,0,0,0,0,0,0
NEA306,ARUNNACHAL ENTERPRISE,0,0,0,0,0,0,0,0,0,0,0,0,0,0,0,0,0,0,0,0,0,0,0,0,0,0,0,0,0,0,0,0,0,0,0,0,0,0,0,0,0,0,0,0,0,0,0,0
NER225,RAMKRISHNA HARDWARE . NGN,0,0,0,0,0,0,300,0,0,0,0,0,0,0,0,0,0,0,0,0,0,0,0,0,0,0,0,0,0,0,0,0,0,0,0,0,0,0,0,0,0,0,0,0,0,0,0,0
NET155,TALUKDARORIENTATIONCENTRE,0,0,0,0,0,0,0,0,0,0,0,0,0,0,0,0,0,0,0,0,0,0,0,0,0,0,0,0,0,0,0,0,0,0,0,0,0,0,0,0,0,0,0,0,0,0,0,0
NEG132,GLOBAL ENTERPRISES . MNP,1705,107.65,2600,1649.5,1510,625,2675,1446,0,0,1600,85,0,0,1840,2019,0,0,2070,962.45,0,0,1750,1449.3,0,0,1892,2713,0,0,2160,1334.05,0,0,2540,2488,0,0,2350,2181,0,0,2160,1964,0,0,2478.25,3904.7
NEM307,M.A.TRADERS-SIL,0,0,0,0,0,0,0,0,0,0,0,0,0,0,0,0,0,0,0,0,0,0,0,0,0,0,0,0,0,0,0,0,0,0,0,0,0,0,0,0,0,0,0,0,0,0,0,0
WBK066,KARIM ENTERPRISE,400,632,260,385,440,144.5,315,320,0,0,315,300,0,0,300,125,0,0,185,175,0,0,135,105,0,0,125,150,0,0,125,225,0,0,190,525,0,0,300,435,0,0,400,565,0,0,400,441
WBH045,HAJIISKANDARALIHARDWARE,0,0,0,0,0,0,0,0,0,0,0,0,0,0,0,0,0,0,0,0,0,0,0,0,0,0,0,0,0,0,0,0,0,0,0,0,0,0,0,0,0,0,0,0,0,0,0,0
WBT070,TIRUPATI TRADERS . SAMSI,0,0,100,0,0,0,20,0,0,0,20,0,0,0,25,0,0,0,75,0,0,0,0,0,0,0,80,0,0,0,80,0,0,0,100,0,0,0,0,0,0,0,100,0,0,0,0,0
NEK159,K.L.& SONS .,200,110,100,342.5,190,83.25,80,185,0,0,170,205,0,0,180,197.5,0,0,180,188,0,0,200,105,0,0,160,100,0,0,150,186.5,0,0,200,168.85,0,0,200,210,0,0,250,225,0,0,350,240
NEM308,MAHABIR HARDWARE . GLGT,200,70,140,200,190,20,160,200,0,0,160,120,0,0,160,80,0,0,120,110,0,0,120,80,0,0,160,132.5,0,0,160,38,0,0,160,140,0,0,120,125,0,0,160,160,0,0,260,210
NEJ124,J A SANGMA,50,23,80,0,25,0,65,0,0,0,30,25,0,0,25,25,0,0,35,0,0,0,0,0,0,0,0,25,0,0,25,0,0,0,25,50,0,0,25,25,0,0,50,22,0,0,50,0
NEC104,C R ENTERPRISE,0,0,130,155.75,0,0,120,120,0,0,80,115,0,0,75,143.8,0,0,100,155,0,0,100,100,0,0,100,65,0,0,20,0,0,0,100,0,0,0,0,0,0,0,0,0,0,0,0,0
WBP082,PART2,0,0,0,0,0,0,0,0,0,0,0,0,0,0,0,0,0,0,0,0,0,0,0,0,0,0,0,0,0,0,0,0,0,0,0,0,0,0,0,0,0,0,0,0,0,0,0,0
WBM273,MAHESWARI CEMENT AGENCY  ALIPURDUAR,270,484,199,243,190,45,146,186,0,0,124,158,0,0,122,145,0,0,112,108,0,0,102,84,0,0,112,102,0,0,126,148,0,0,130,156,0,0,180,259,0,0,180,514,0,0,300,620
BHR081,R K BUILDING AND MATERIALS,25,25,0,0,25,0,0,0,0,0,0,0,0,0,0,15,0,0,25,50,0,0,25,30,0,0,30,25,0,0,25,25,0,0,25,24.75,0,0,25,25,0,0,25,0,0,0,50,25
WBS297,SHREE KRISHNA HARDWARE . NAYARHAT,1120,1538,1045,1095,1400,444,1350,1364,0,0,1000,1215,0,0,1050,1068,0,0,1115,672,0,0,756,684,0,0,786,788,0,0,790,637,0,0,778,899.5,0,0,1100,919,0,0,1590,2176,0,0,1320,1828
WBC027,CHILAKHANA HARDWARE STORES,150,250,250,125,75,50,240,75,0,0,175,146,0,0,175,100,0,0,150,75,0,0,125,45,0,0,125,75,0,0,125,62,0,0,120,100,0,0,150,75,0,0,100,200,0,0,180,245
WBM269,MAHASHAKTITRADERS,0,0,0,0,0,0,0,0,0,0,0,0,0,0,0,0,0,0,0,0,0,0,0,0,0,0,0,0,0,0,0,0,0,0,0,0,0,0,0,0,0,0,0,0,0,0,0,0
WBB138,BHAGATENTERPRISES-MATIGARA,0,0,0,0,0,0,0,0,0,0,0,0,0,0,0,0,0,0,0,0,0,0,0,0,0,0,0,0,0,0,0,0,0,0,0,0,0,0,0,0,0,0,0,0,0,0,0,0
NES513,SARALA ENTERPRISE,60,15,30,67.5,50,0,30,15,0,0,50,25,0,0,30,23.5,0,0,30,17.5,0,0,25,18,0,0,30,27.5,0,0,50,15,0,0,50,44.5,0,0,50,27.5,0,0,50,27.5,0,0,0,15
NEA309,APEX MARKETING,0,0,50,0,0,0,0,0,0,0,0,0,0,0,4,0,0,0,0,0,0,0,0,0,0,0,0,0,0,0,24,0,0,0,24,0,0,0,22,0,0,0,22,0,0,0,0,0
NES512,SRJENTERPRISE,0,0,0,0,0,0,0,0,0,0,0,0,0,0,0,0,0,0,0,0,0,0,0,0,0,0,0,0,0,0,0,0,0,0,0,0,0,0,0,0,0,0,0,0,0,0,0,0
WBS300,SAUBHAGYALAXMIENTERPRISE,0,0,0,0,0,0,0,0,0,0,0,0,0,0,0,0,0,0,0,0,0,0,0,0,0,0,0,0,0,0,0,0,0,0,0,0,0,0,0,0,0,0,0,0,0,0,0,0
NER221,RAKIB HARDWARE,0,0,70,60,0,0,500,40,0,0,44,0,0,0,0,0,0,0,0,0,0,0,0,0,0,0,0,0,0,0,0,0,0,0,0,0,0,0,0,0,0,0,0,0,0,0,0,0
BHS192,SHREE KAMLA ENTERPRISES,0,0,60,0,50,0,0,0,0,0,0,30,0,0,20,6.5,0,0,30,0,0,0,0,6.5,0,0,0,13,0,0,20,6.5,0,0,40,20.5,0,0,100,36.5,0,0,130,0,0,0,150,0
WBK065,KAIFHARDWARE,0,0,0,0,0,0,0,0,0,0,0,0,0,0,0,0,0,0,0,0,0,0,0,0,0,0,0,0,0,0,0,0,0,0,0,0,0,0,0,0,0,0,0,0,0,0,0,0
WBD088,DOLYRANIMAJHI,0,0,0,0,0,0,0,0,0,0,0,0,0,0,0,0,0,0,0,0,0,0,0,0,0,0,0,0,0,0,0,0,0,0,0,0,0,0,0,0,0,0,0,0,0,0,0,0
WBH046,HAQUEENTERPRISE-RAGHUNATHGANJ,0,0,0,0,0,0,0,0,0,0,0,0,0,0,0,0,0,0,0,0,0,0,0,0,0,0,0,0,0,0,0,0,0,0,0,0,0,0,0,0,0,0,0,0,0,0,0,0
BHN034,NAHAR TRADERS,100,125,200,329,100,0,200,240,0,0,200,210,0,0,200,210,0,0,175,190,0,0,175,115,0,0,175,90,0,0,100,75,0,0,100,170,0,0,100,150,0,0,100,210,0,0,100,416
NEB259,BIJOY STORE . TEZ .,360,255,550,300,500,40,500,464,0,0,500,260,0,0,250,260,0,0,430,280,0,0,450,260,0,0,450.5,300,0,0,570,295,0,0,500,260,0,0,400,280,0,0,500,400,0,0,630,355
WBJ063,JOARDER COMMERCIAL,0,0,150,95,0,0,150,0,0,0,500,0,0,0,100,0,0,0,350,0,0,0,0,0,0,0,0,0,0,0,0,0,0,0,0,0,0,0,0,0,0,0,0,0,0,0,0,0
NES515,SHAHTRADERS-SILCHAR,0,0,0,0,0,0,0,0,0,0,0,0,0,0,0,0,0,0,0,0,0,0,0,0,0,0,0,0,0,0,0,0,0,0,0,0,0,0,0,0,0,0,0,0,0,0,0,0
NES519,SRIKRISHNABHANDAR-NGN,0,0,0,0,0,0,0,0,0,0,0,0,0,0,0,0,0,0,0,0,0,0,0,0,0,0,0,0,0,0,0,0,0,0,0,0,0,0,0,0,0,0,0,0,0,0,0,0
NEA312,ARPITA HARDWARE & VARIETIES,75,0,80,19.75,70,0,80,35,0,0,70,30,0,0,75,75,0,0,60,61.5,0,0,75,70,0,0,70,75,0,0,80,71.5,0,0,100,65,0,0,80,100,0,0,100,60,0,0,100,40
BHA076,ANAYPRIYA INFRA AND TRANSPORT PRIVATE LIMITED,0,0,100,25,0,0,140,0,0,0,60,0,0,0,0,30,0,0,200,30,0,0,80,0,0,0,130,0,0,0,105,0,0,0,90,0,0,0,90,0,0,0,70,0,0,0,100,0
NEO027,OM ENTERPRISES . APN,240,200,300,240,200,35,220,240,0,0,240,160,0,0,220,200,0,0,280,120,0,0,200,160,0,0,160,170,0,0,240,160,0,0,200,240,0,0,280,280,0,0,280,240,0,0,300,280
WBA134,AMARCHANDAGARWALA,0,0,0,0,0,0,0,0,0,0,0,0,0,0,0,0,0,0,0,0,0,0,0,0,0,0,0,0,0,0,0,0,0,0,0,0,0,0,0,0,0,0,0,0,0,0,0,0
BHS193,SAINIKTRADERS,0,0,0,0,0,0,0,0,0,0,0,0,0,0,0,0,0,0,0,0,0,0,0,0,0,0,0,0,0,0,0,0,0,0,0,0,0,0,0,0,0,0,0,0,0,0,0,0
NEM310,MAA KARNI STEEL,420,175,290,290,330,62,350,255,0,0,220,241.75,0,0,270,290.5,0,0,300,160,0,0,210,150,0,0,240,210.65,0,0,330,203,0,0,300,235,0,0,370,273,0,0,340,307,0,0,420,390
NEM311,MAA KALI ENTERPRISE,50,25,75,100,50,0,100,75,0,0,50,50,0,0,50,100,0,0,50,50,0,0,50,50,0,0,100,50,0,0,50,0,0,0,50,55,0,0,50,0,0,0,50,50,0,0,50,24.5
NED185,DURGA ENTERPRISE . GHY,0,0,120,0,0,0,0,0,0,0,0,0,0,0,0,0,0,0,0,0,0,0,0,0,0,0,0,0,0,0,0,0,0,0,0,0,0,0,0,0,0,0,0,0,0,0,0,0
NEM312,MAKHDUM ENTERPRISE . GHY,0,0,20,4,0,0,7,0,0,0,7,0,0,0,0,0,0,0,0,0,0,0,0,0,0,0,20,0,0,0,24,0,0,0,24,0,0,0,22,0,0,0,22,0,0,0,22,0
NEL099,LYNGDOH SALES CORPORATION .,1000,971,2175,1376,1100,303,2020,1119,0,0,1165,819,0,0,1390,1124,0,0,1625,975.5,0,0,1550,1289,0,0,1550,819,0,0,1601,1339.5,0,0,1570,923.5,0,0,1270,997,0,0,1420,1113,0,0,1900,1235
NER226,R.K.HARDWARE STORE . NLP .,120,125,120,40,160,50,120,65,0,0,120,40,0,0,80,40,0,0,160,115,0,0,120,90,0,0,180,69.85,0,0,200,117,0,0,160,170,0,0,160,142,0,0,200,210,0,0,240,200
WBR132,RAMJASHARDWARE,0,0,0,0,0,0,0,0,0,0,0,0,0,0,0,0,0,0,0,0,0,0,0,0,0,0,0,0,0,0,0,0,0,0,0,0,0,0,0,0,0,0,0,0,0,0,0,0
WBA135,ACE CONSTRUCTION COMPANY,50,79.75,30,79.75,50,11.5,55,93.5,0,0,65,50.75,0,0,70,34,0,0,60,28.5,0,0,55,34.1,0,0,35,14,0,0,50,56.5,0,0,60,69.5,0,0,100,42.5,0,0,60,61.25,0,0,60,69.5
WBS303,SHREE RAM TRADERS . CHAMPASARI,0,25,300,167.75,90,0,370,0,0,0,250,85.95,0,0,250,196.6,0,0,250,0,0,0,100,0,0,0,50,0,0,0,100,0,0,0,100,0,0,0,100,0,0,0,0,0,0,0,0,0
BHD017,DAUDTRADERS,0,0,0,0,0,0,0,0,0,0,0,0,0,0,0,0,0,0,0,0,0,0,0,0,0,0,0,0,0,0,0,0,0,0,0,0,0,0,0,0,0,0,0,0,0,0,0,0
BHY006,YADUVANSHITRADERS,0,0,0,0,0,0,0,0,0,0,0,0,0,0,0,0,0,0,0,0,0,0,0,0,0,0,0,0,0,0,0,0,0,0,0,0,0,0,0,0,0,0,0,0,0,0,0,0
BHC018,CHAUDHARY HARDWARE AND SONS,130,115,65,115,135,55,110,105,0,0,80,160,0,0,110,150,0,0,150,100,0,0,120,105,0,0,110,110,0,0,110,130,0,0,110,160,0,0,120,135,0,0,150,158,0,0,200,140
NES521,SWAGAT TRADERS . DBR,0,0,30,0,0,0,20,0,0,0,30,0,0,0,20,0,0,0,20,0,0,0,0,0,0,0,0,20,0,0,40,0,0,0,20,0,0,0,20,0,0,0,0,0,0,0,0,0
BHS194,SUMANTRADERS,0,0,0,0,0,0,0,0,0,0,0,0,0,0,0,0,0,0,0,0,0,0,0,0,0,0,0,0,0,0,0,0,0,0,0,0,0,0,0,0,0,0,0,0,0,0,0,0
NEZ013,ZARBEN TRADERS . NLD,160,0,300,160,120,0,300,120,0,0,240,80,0,0,200,120,0,0,120,120,0,0,160,40,0,0,0,40,0,0,120,80,0,0,120,0,0,0,160,0,0,0,200,0,0,0,80,0
NEB262,BHAJANLAL SHARMA & CO . TSK,30,40,35,0,32.5,0,0,32.5,0,0,30,35,0,0,50,10,0,0,30,20,0,0,50,20,0,0,40,0,0,0,50,52.5,0,0,50,20,0,0,60,30,0,0,40,30,0,0,60,15
BHM123,MANISHTRADERS-SITAMARHI,0,0,0,0,0,0,0,0,0,0,0,0,0,0,0,0,0,0,0,0,0,0,0,0,0,0,0,0,0,0,0,0,0,0,0,0,0,0,0,0,0,0,0,0,0,0,0,0
BHM124,MINIENTERPRISES,0,0,0,0,0,0,0,0,0,0,0,0,0,0,0,0,0,0,0,0,0,0,0,0,0,0,0,0,0,0,0,0,0,0,0,0,0,0,0,0,0,0,0,0,0,0,0,0
WBS304,S B ENTERPRISE . GANGARAMPUR,70,0,0,0,50,0,0,0,0,0,0,0,0,0,0,0,0,0,20,0,0,0,0,0,0,0,10,0,0,0,25,0,0,0,10,0,0,0,30,0,0,0,80,0,0,0,0,0
NEK161,KHARBULI ENTERPRISE .,175,202,325,159,200,69,250,156,0,0,155,162,0,0,180,183,0,0,155,328,0,0,230,148,0,0,230,135,0,0,150,408,0,0,300,179,0,0,250,253,0,0,280,294,0,0,300,329
NEF013,F.H.L. ENTERPRISE .,120,30,150,120,120,30,155,120,0,0,110,60,0,0,110,60,0,0,155,90,0,0,100,112,0,0,100,90,0,0,130,90,0,0,130,106,0,0,150,103,0,0,150,60,0,0,150,190
SKR001,RORAINNOVATORSANDBUILDERS,0,0,0,0,0,0,0,0,0,0,0,0,0,0,0,0,0,0,0,0,0,0,0,0,0,0,0,0,0,0,0,0,0,0,0,0,0,0,0,0,0,0,0,0,0,0,0,0
NEB263,BRAJENDRA STEEL . GHY,140,158.5,200,91,110,35.5,150,88.25,0,0,75,93.5,0,0,210,95,0,0,246,101.5,0,0,205,68.5,0,0,160,100,0,0,240,81,0,0,240,169.75,0,0,253,125.25,0,0,252,122.5,0,0,253,129
BHS195,SETHIA CEMENT CENTRE,0,0,60,0,0,0,0,0,0,0,0,0,0,0,0,0,0,0,0,0,0,0,0,0,0,0,0,0,0,0,0,0,0,0,0,0,0,0,0,0,0,0,0,0,0,0,60,0
NEP211,PAUL ENTERPRISE . AGT,500,291.85,370,383.5,500,62.5,430,235,0,0,380,15,0,0,200,283,0,0,350,387.8,0,0,380,305,0,0,400,459.9,0,0,430,514.4,0,0,460,501.5,0,0,510,512.5,0,0,550,627.2,0,0,600,649.15
NES524,SAIKIAENTERPRISE-MRGN,0,0,0,0,0,0,0,0,0,0,0,0,0,0,0,0,0,0,0,0,0,0,0,0,0,0,0,0,0,0,0,0,0,0,0,0,0,0,0,0,0,0,0,0,0,0,0,0
NEC105,CHOUDHURYTRADERS-GHY,0,0,0,0,0,0,0,0,0,0,0,0,0,0,0,0,0,0,0,0,0,0,0,0,0,0,0,0,0,0,0,0,0,0,0,0,0,0,0,0,0,0,0,0,0,0,0,0
NEM315,MEGHALAYA STEEL . TURA,0,0,50,25,0,0,50,0,0,0,160,0,0,0,0,30,0,0,40,0,0,0,0,0,0,0,0,0,0,0,0,0,0,0,0,0,0,0,0,0,0,0,0,0,0,0,0,0
BHM125,MAA TRADING,0,0,50,25,0,0,50,30,0,0,50,25,0,0,25,30,0,0,30,30,0,0,25,21,0,0,30,0,0,0,50,30,0,0,25,80,0,0,25,0,0,0,560,0,0,0,350,0
BHK050,KOSUTENTERPRISES-PATNA,0,0,0,0,0,0,0,0,0,0,0,0,0,0,0,0,0,0,0,0,0,0,0,0,0,0,0,0,0,0,0,0,0,0,0,0,0,0,0,0,0,0,0,0,0,0,0,0
SKZ001,ZUMTHANGENTERPRISE,0,0,0,0,0,0,0,0,0,0,0,0,0,0,0,0,0,0,0,0,0,0,0,0,0,0,0,0,0,0,0,0,0,0,0,0,0,0,0,0,0,0,0,0,0,0,0,0
NEJ127,J.T.ENTERPRISE-SHLG,0,0,0,0,0,0,0,0,0,0,0,0,0,0,0,0,0,0,0,0,0,0,0,0,0,0,0,0,0,0,0,0,0,0,0,0,0,0,0,0,0,0,0,0,0,0,0,0
BHK051,KUMARTRADERS-CHERIA,0,0,0,0,0,0,0,0,0,0,0,0,0,0,0,0,0,0,0,0,0,0,0,0,0,0,0,0,0,0,0,0,0,0,0,0,0,0,0,0,0,0,0,0,0,0,0,0
NER227,RIDDHI CEMENT CENTRE . GHY,0,0,60,0,22,3.5,0,0,0,0,0,0,0,0,0,0,0,0,0,3.5,0,0,0,0,0,0,0,0,0,0,24,0,0,0,24,0,0,0,0,0,0,0,0,0,0,0,0,0
NET156,TARA MARBLES . APN,240,200,260,280,280,80,240,160,0,0,200,160,0,0,240,240,0,0,240,240,0,0,240,200,0,0,200,297.5,0,0,240,305,0,0,320,240,0,0,240,480,0,0,260,320,0,0,340,280
NEF014,FAIZUL HOQUE BARBHUIYA,40,20,55,34.8,40,5,50,35,0,0,40,35,0,0,44,32.5,0,0,38.5,15,0,0,27.5,15,0,0,44,20,0,0,36.75,15,0,0,50,25,0,0,44,34.75,0,0,35,35,0,0,65,15
NEA324,ANITAHARDWARE-GOLAGHAT,0,0,0,0,0,0,0,0,0,0,0,0,0,0,0,0,0,0,0,0,0,0,0,0,0,0,0,0,0,0,0,0,0,0,0,0,0,0,0,0,0,0,0,0,0,0,0,0
NEP213,PARTHA DAS . AGT,100,25.1,100,27.5,100,10,100,20,0,0,100,7.5,0,0,50,62.5,0,0,75,35,0,0,90,5,0,0,100,65,0,0,75,62,0,0,100,36.5,0,0,100,29.5,0,0,100,82.5,0,0,100,21
NED188,DIPTANU DAS . AGT,120,172.5,160,77.25,180,58,120,0,0,0,80,43.75,0,0,125,67,0,0,120,38.5,0,0,100,43.25,0,0,100,85,0,0,80,185,0,0,70,164.75,0,0,120,120.5,0,0,130,260.5,0,0,170,292
WBN098,NAHIDHARDWARE,0,0,0,0,0,0,0,0,0,0,0,0,0,0,0,0,0,0,0,0,0,0,0,0,0,0,0,0,0,0,0,0,0,0,0,0,0,0,0,0,0,0,0,0,0,0,0,0
NEA325,AMBIKAASSOCIATES-SIL,0,0,0,0,0,0,0,0,0,0,0,0,0,0,0,0,0,0,0,0,0,0,0,0,0,0,0,0,0,0,0,0,0,0,0,0,0,0,0,0,0,0,0,0,0,0,0,0
NEM317,MADHURYAENTERPRISE,0,0,0,0,0,0,0,0,0,0,0,0,0,0,0,0,0,0,0,0,0,0,0,0,0,0,0,0,0,0,0,0,0,0,0,0,0,0,0,0,0,0,0,0,0,0,0,0
NEK163,K.B. TRADING,70,0,140,140,34.1,0,140,34.1,0,0,110,85,0,0,105,70,0,0,70,35,0,0,105,85,0,0,0,59.7,0,0,70,70,0,0,70,110,0,0,105,70,0,0,70,0,0,0,35,90
NEA326,A.M.HUMTSOEHARDWARE,0,0,0,0,0,0,0,0,0,0,0,0,0,0,0,0,0,0,0,0,0,0,0,0,0,0,0,0,0,0,0,0,0,0,0,0,0,0,0,0,0,0,0,0,0,0,0,0
WBJ064,JAHIDAHENA,0,0,0,0,0,0,0,0,0,0,0,0,0,0,0,0,0,0,0,0,0,0,0,0,0,0,0,0,0,0,0,0,0,0,0,0,0,0,0,0,0,0,0,0,0,0,0,0
BHA077,ASHA TRADERS . BARIYAHI,50,75,50,30,50,0,50,85,0,0,50,30,0,0,30,25,0,0,50,50,0,0,50,25,0,0,50,25,0,0,50,50,0,0,50,50,0,0,50,50,0,0,50,50,0,0,50,75
BHN036,NEW BOLBAM,30,60,30,30,55,0,30,55,0,0,0,25,0,0,25,25,0,0,60,55,0,0,30,0,0,0,30,37.5,0,0,30,25,0,0,50,55,0,0,30,0,0,0,50,25,0,0,50,100
BHG035,GAYANI ENTERPRISES,25,25,0,30,25,0,30,0,0,0,0,0,0,0,0,0,0,0,50,0,0,0,0,0,0,0,0,0,0,0,0,0,0,0,0,25,0,0,25,0,0,0,50,0,0,0,50,25
BHJ044,JAISHREESHYAMTRADERS,0,0,0,0,0,0,0,0,0,0,0,0,0,0,0,0,0,0,0,0,0,0,0,0,0,0,0,0,0,0,0,0,0,0,0,0,0,0,0,0,0,0,0,0,0,0,0,0
WBC029,CHIRAGCONSTRUCTION,0,0,0,0,0,0,0,0,0,0,0,0,0,0,0,0,0,0,0,0,0,0,0,0,0,0,0,0,0,0,0,0,0,0,0,0,0,0,0,0,0,0,0,0,0,0,0,0
NER230,R.B. STORE . NLD,460,0,525,385,420,0,710,420,0,0,600,245,0,0,600,595,0,0,650,105,0,0,710,105,0,0,0,0,0,0,510,245,0,0,340,35,0,0,320,220,0,0,420,140,0,0,245,115
NES534,SINDHU AGRIWARE,30,0,20,20,20,0,20,20,0,0,20,15,0,0,20,0,0,0,20,0,0,0,20,30,0,0,50,0,0,0,20,20,0,0,40,20,0,0,20,0,0,0,20,0,0,0,30,0
NEM318,MODERNSALESCORPORATION-SIL,0,0,0,0,0,0,0,0,0,0,0,0,0,0,0,0,0,0,0,0,0,0,0,0,0,0,0,0,0,0,0,0,0,0,0,0,0,0,0,0,0,0,0,0,0,0,0,0
BHG036,GOPAL TRADERS,45,5,55,25,30,10,75,25,0,0,45,25,0,0,50,25,0,0,75,30,0,0,50,35,0,0,60,0,0,0,70,0,0,0,75,0,0,0,50,0,0,0,40,0,0,0,70,0
NET159,TOMTHIN ENTERPRISES,0,0,60,0,0,0,0,0,0,0,50,0,0,0,110,0,0,0,100,28,0,0,100,0,0,0,63,0,0,0,55,0,0,0,0,0,0,0,0,0,0,0,0,0,0,0,0,0
NEN174,N.P. HARDWARE . MNP,105,209,150,108,120,0,165,105,0,0,145,60,0,0,225,205,0,0,260,103.45,0,0,215,0,0,0,178,188.5,0,0,220,140,0,0,170,280,0,0,160,155.75,0,0,216,150,0,0,272.25,158
NEN176,NORTH EAST HARDWARE,0,0,50,25,0,0,55,25,0,0,50,25,0,0,50,38,0,0,50,25,0,0,60,35,0,0,50,26.5,0,0,50,25,0,0,50,50,0,0,31,25,0,0,30,75,0,0,0,0
NEM322,MAAHARDWARE-BARPETA,0,0,0,0,0,0,0,0,0,0,0,0,0,0,0,0,0,0,0,0,0,0,0,0,0,0,0,0,0,0,0,0,0,0,0,0,0,0,0,0,0,0,0,0,0,0,0,0
BHI007,IRSHAD FLAYS BRICKS,200,120,200,0,250,50,150,245,0,0,400,120,0,0,225,55,0,0,300,25,0,0,120,0,0,0,50,0,0,0,0,0,0,0,180,0,0,0,250,55,0,0,0,35,0,0,100,82.5
BHS196,SRIGANESHENTERPRISES-SUPAUL,0,0,0,0,0,0,0,0,0,0,0,0,0,0,0,0,0,0,0,0,0,0,0,0,0,0,0,0,0,0,0,0,0,0,0,0,0,0,0,0,0,0,0,0,0,0,0,0
BHR083,ROHIT TRADERS,15,0,15,0,20,0,10,5,0,0,10,10,0,0,10,0,0,0,30,0,0,0,20,10,0,0,20,0,0,0,20,0,0,0,15,0,0,0,15,15,0,0,20,0,0,0,15,25
NEM320,MAHALAXMI STORE . NLD,0,0,70,35,0,0,35,0,0,0,35,0,0,0,10,35,0,0,35,0,0,0,0,0,0,0,0,0,0,0,0,0,0,0,0,0,0,0,0,0,0,0,0,0,0,0,0,0
WBB142,B B AGARWAL AND SONS,50,0,100,12,50,0,100,12,0,0,200,30,0,0,100,33,0,0,100,0,0,0,50,0,0,0,50,0,0,0,0,0,0,0,0,0,0,0,0,0,0,0,0,24,0,0,50,24
WBS309,SHREE SHYAM TRADERS,1500,1501.5,403,812,1550,306,500,1380,0,0,1050,1194.5,0,0,1150,1013.5,0,0,1150,1153,0,0,822,841,0,0,822,979,0,0,900,1042,0,0,1500,1366.25,0,0,1400,1400.25,0,0,1350,1727.25,0,0,1600,1861
BHV021,VIKASHCEMENTSTORE,0,0,0,0,0,0,0,0,0,0,0,0,0,0,0,0,0,0,0,0,0,0,0,0,0,0,0,0,0,0,0,0,0,0,0,0,0,0,0,0,0,0,0,0,0,0,0,0
NEW009,W.HARDWARE,150,0,0,0,150,0,0,0,0,0,0,0,0,0,0,0,0,0,0,0,0,0,0,0,0,0,0,0,0,0,0,0,0,0,0,0,0,0,0,0,0,0,0,0,0,0,0,0
NEJ130,JALLAN ENTERPRISE . GOL,170,180,180,150,150,35,150,135,0,0,120,131,0,0,150,152,0,0,130,179,0,0,150,165,0,0,170,205,0,0,230,230,0,0,200,200,0,0,180,150,0,0,160,180,0,0,250,215
NER233,R.P. STEEL . GOL,0,0,20,0,0,0,0,0,0,0,0,0,0,0,0,0,0,0,0,0,0,0,0,0,0,0,0,5,0,0,0,0,0,0,0,0,0,0,0,0,0,0,0,0,0,0,0,0
BHR085,RATNAKARBARTERPRIVATELIMITED,0,0,0,0,0,0,0,0,0,0,0,0,0,0,0,0,0,0,0,0,0,0,0,0,0,0,0,0,0,0,0,0,0,0,0,0,0,0,0,0,0,0,0,0,0,0,0,0
WBL037,LIZAHARDWARE,0,0,0,0,0,0,0,0,0,0,0,0,0,0,0,0,0,0,0,0,0,0,0,0,0,0,0,0,0,0,0,0,0,0,0,0,0,0,0,0,0,0,0,0,0,0,0,0
BHR086,RKTRADING-PATNA,0,0,0,0,0,0,0,0,0,0,0,0,0,0,0,0,0,0,0,0,0,0,0,0,0,0,0,0,0,0,0,0,0,0,0,0,0,0,0,0,0,0,0,0,0,0,0,0
NER234,R.R.ENTERPRISE-MIZ,0,35,0,0,50,0,0,0,0,0,0,0,0,0,0,0,0,0,0,0,0,0,0,0,0,0,0,0,0,0,50,0,0,0,50,0,0,0,0,25,0,0,0,14.5,0,0,50,0
BHN035,NIKITAENTERPRISES,25,0,0,0,0,0,0,0,0,0,0,0,0,0,0,0,0,0,0,0,0,0,0,0,0,0,0,25,0,0,37.5,37.5,0,0,30,0,0,0,25,25,0,0,25,0,0,0,50,0
BHT011,TIRUPATITRADINGCO,0,0,0,0,12.5,0,0,0,0,0,0,0,0,0,0,0,0,0,0,0,0,0,0,0,0,0,0,0,0,0,0,0,0,0,0,0,0,0,0,0,0,0,0,10,0,0,25,10
BHS197,SHIVAM KRISHI KENDRA,0,0,0,25,0,0,0,30,0,0,30,0,0,0,0,40,0,0,130,30,0,0,0,25,0,0,0,0,0,0,0,0,0,0,0,0,0,0,0,0,0,0,0,0,0,0,0,0
BHR082,RAHULENTERPRISES-SABOUR,0,0,0,0,0,0,0,0,0,0,0,0,0,0,0,0,0,0,0,0,0,0,0,0,0,0,0,0,0,0,0,0,0,0,0,0,0,0,0,0,0,0,0,0,0,0,0,0
WBS307,SAHA HARDWERE,0,0,35,0,0,0,50,0,0,0,0,10,0,0,10,20,0,0,50,21,0,0,30,25,0,0,50,25,0,0,50,25,0,0,50,0,0,0,50,0,0,0,0,0,0,0,0,0
WBS308,SHYAMSUNDARSAHAANDSONS,0,0,0,0,0,0,0,0,0,0,0,0,0,0,0,0,0,0,0,0,0,0,0,0,0,0,0,0,0,0,0,0,0,0,0,0,0,0,0,0,0,0,0,0,0,0,0,0
WBJ065,JANEALAMSK,0,0,0,0,0,0,0,0,0,0,0,0,0,0,0,0,0,0,0,0,0,0,0,0,0,0,0,0,0,0,0,0,0,0,0,0,0,0,0,0,0,0,0,0,0,0,0,0
WBR138,RITHHARDWARE,0,0,0,0,0,0,0,0,0,0,0,0,0,0,0,0,0,0,0,0,0,0,0,0,0,0,0,0,0,0,0,0,0,0,0,0,0,0,0,0,0,0,0,0,0,0,0,0
WBN099,NETAIKUMARSAHA,0,0,0,0,0,0,0,0,0,0,0,0,0,0,0,0,0,0,0,0,0,0,0,0,0,0,0,0,0,0,0,0,0,0,0,0,0,0,0,0,0,0,0,0,0,0,0,0
WBJ067,JOYGURUCEMENTSUPPLY,0,0,0,0,0,0,0,0,0,0,0,0,0,0,0,0,0,0,0,0,0,0,0,0,0,0,0,0,0,0,0,0,0,0,0,0,0,0,0,0,0,0,0,0,0,0,0,0
WBS311,SAIDULISLAM,0,0,0,0,0,0,0,0,0,0,0,0,0,0,0,0,0,0,0,0,0,0,0,0,0,0,0,0,0,0,0,0,0,0,0,0,0,0,0,0,0,0,0,0,0,0,0,0
WBS306,SATYANARAYANLOUHABHANDAR,0,0,0,0,0,0,0,0,0,0,0,0,0,0,0,0,0,0,0,0,0,0,0,0,0,0,0,0,0,0,0,0,0,0,0,0,0,0,0,0,0,0,0,0,0,0,0,0
WBR137,RAJKUMARITRADERS,0,0,0,0,0,0,0,0,0,0,0,0,0,0,0,0,0,0,0,0,0,0,0,0,0,0,0,0,0,0,0,0,0,0,0,0,0,0,0,0,0,0,0,0,0,0,0,0
NEB264,BIMAL HARDWARE . DRG .,75,26,75,62,75,0,75,51.5,0,0,50,51,0,0,65,64,0,0,75,64,0,0,90,50,0,0,50,51,0,0,80,91,0,0,75,64,0,0,76,64,0,0,80,64.5,0,0,100,64.5
NEA319,AMITTRADERS-GHY,0,0,0,0,0,0,0,0,0,0,0,0,0,0,0,0,0,0,0,0,0,0,0,0,0,0,0,0,0,0,0,0,0,0,0,0,0,0,0,0,0,0,0,0,0,0,0,0
BHR084,RAJA TRADING,60,7.6,60,49,60,18,70,34.75,0,0,60,77,0,0,60,46.5,0,0,60,21,0,0,50,36,0,0,65,22.5,0,0,35,28.5,0,0,50,18,0,0,50,99.75,0,0,50,30.5,0,0,80,59.6
NEI034,ISLAM HARDWARE STORE . NLP,80,40,100,70,100,0,120,35,0,0,0,35,0,0,80,40,0,0,100,40,0,0,60,40,0,0,40,20,0,0,60,0,0,0,80,40,0,0,80,80,0,0,100,40,0,0,100,0
WBM277,MAHAMMADHARDWARE,200,315,0,0,200,100,0,0,0,0,0,0,0,0,20,20,0,0,30,44,0,0,30,103,0,0,50,103,0,0,50,103,0,0,100,166.5,0,0,150,179.5,0,0,205,205.5,0,0,200,310
NES531,SHREE SASHI STORE . NLD,250,105,200,245,245,35,245,245,0,0,210,210,0,0,245,105,0,0,140,210,0,0,245,105,0,0,0,140,0,0,210,140,0,0,175,0,0,0,175,210,0,0,245,245,0,0,280,105
NEM316,MAA HARDWARE . NCH,100,0,120,44,80,20,100,20,0,0,66,44.5,0,0,111.44,20,0,0,115,60,0,0,100,40,0,0,80,60,0,0,120,60,0,0,140,80,0,0,120,60,0,0,100,40,0,0,20,60
NEP214,PINKI HARDWARE . NGN,80,83,60,39,100,0,500,13,0,0,55,46,0,0,56,20,0,0,40,39,0,0,70,13,0,0,39,33,0,0,75,39,0,0,70,66,0,0,50,20,0,0,70,40,0,0,100,23
WBS310,SHENTERPRISE,0,0,0,0,0,0,0,0,0,0,0,0,0,0,0,0,0,0,0,0,0,0,0,0,0,0,0,0,0,0,0,0,0,0,0,0,0,0,0,0,0,0,0,0,0,0,0,0
BHJ045,JAIBAJRANGITRADERS-NAWHATTA,0,0,0,0,0,0,0,0,0,0,0,0,0,0,0,0,0,0,0,0,0,0,0,0,0,0,0,0,0,0,0,0,0,0,0,0,0,0,0,0,0,0,0,0,0,0,0,0
NES528,S.B. ENTERPRISE . SIL,25,20,15,25,25,0,35,26,0,0,25,0,0,0,30,5,0,0,35,15,0,0,50,0,0,0,25,0,0,0,30,10,0,0,20,25,0,0,30,0,0,0,25,41.5,0,0,25,51
NEA318,A.B.TRADING-SIL,0,0,0,0,0,0,0,0,0,0,0,0,0,0,0,0,0,0,0,0,0,0,0,0,0,0,0,0,0,0,0,0,0,0,0,0,0,0,0,0,0,0,0,0,0,0,0,0
NES527,SIMSANGHARDWARE,0,0,0,0,0,0,0,0,0,0,0,0,0,0,0,0,0,0,0,0,0,0,0,0,0,0,0,0,0,0,0,0,0,0,0,0,0,0,0,0,0,0,0,0,0,0,0,0
NES538,SABITRIENTERPRISES-TNS,0,0,0,0,0,0,0,0,0,0,0,0,0,0,0,0,0,0,0,0,0,0,0,0,0,0,0,0,0,0,0,0,0,0,0,0,0,0,0,0,0,0,0,0,0,0,0,0
NEJ131,J.A. LASKAR TRADERS,35,0,27.5,5,25,0,25,10,0,0,22,5,0,0,20,20,0,0,22,10,0,0,22,10,0,0,27.5,0,0,0,21,0,0,0,35,20,0,0,26.25,10,0,0,30,27.5,0,0,50,0
NEZ014,ZAHUATA CEMENT AGENCY,20,64.25,20,13.25,25,12.5,20,20,0,0,40,9.5,0,0,20,0,0,0,20,6.75,0,0,0,6.75,0,0,20,47,0,0,20,46.9,0,0,20,56,0,0,40,7,0,0,20,80,0,0,20,47.75
WBR139,RATANSAHA,200,0,0,0,500,0,0,0,0,0,0,0,0,0,0,0,0,0,0,0,0,0,0,0,0,0,0,0,0,0,0,0,0,0,0,0,0,0,0,0,0,0,50,13,0,0,605,0
WBG087,G S BUILDERS,500,45,500,20,50,0,0,0,0,0,500,0,0,0,450,25,0,0,50,0,0,0,200,0,0,0,200,0,0,0,85,10,0,0,300,10,0,0,205,0,0,0,800,0,0,0,700,25
BHK053,KUNDANANDCO,0,0,0,0,0,0,0,0,0,0,0,0,0,0,0,0,0,0,0,0,0,0,0,0,0,0,0,0,0,0,0,0,0,0,0,0,0,0,0,0,0,0,0,0,0,0,0,0
BHS198,SANTOSHCEMENTSTORE,0,0,0,0,0,0,0,0,0,0,0,0,0,0,0,0,0,0,0,0,0,0,0,0,0,0,0,0,0,0,0,0,0,0,0,0,0,0,0,0,0,0,0,0,0,0,0,0
BHN037,NIRMANTRADERS-PATHAHI,0,0,0,0,0,0,0,0,0,0,0,0,0,0,0,0,0,0,0,0,0,0,0,0,0,0,0,0,0,0,0,0,0,0,0,0,0,0,0,0,0,0,0,0,0,0,0,0
BHP037,PREMTRADERS,0,0,0,0,0,0,0,0,0,0,0,0,0,0,0,0,0,0,0,0,0,0,0,0,0,0,0,0,0,0,0,0,0,0,0,0,0,0,0,0,0,0,0,0,0,0,0,0
BHR087,ROYTRADERS-MUZAFFARPUR,0,0,0,0,0,0,0,0,0,0,0,0,0,0,0,0,0,0,0,0,0,0,0,0,0,0,0,0,0,0,0,0,0,0,0,0,0,0,0,0,0,0,0,0,0,0,0,0
BHK054,KHETAN TRADERS,250,275,185,245,250,55,250,95,0,0,175,175,0,0,200,200,0,0,250,115,0,0,210,210,0,0,255,115,0,0,150,210,0,0,305,450,0,0,300,260,0,0,600,420,0,0,325,325
WBB143,BAJRANG TRADING CO,0,0,60,30,0,0,24,25,0,0,37,25,0,0,60,12,0,0,60,12,0,0,50,32,0,0,24,0,0,0,50,0,0,0,0,0,0,0,61,37,0,0,51,0,0,0,60,0
WBM278,MOUMITASINGHABARMAN,0,0,0,0,0,0,0,0,0,0,0,0,0,0,0,0,0,0,0,0,0,0,0,0,0,0,0,0,0,0,0,0,0,0,0,0,0,0,0,0,0,0,0,0,0,0,0,0
WBM279,MDYOUSUFALIENTERPRISE,25,0,0,0,20,0,0,0,0,0,0,0,0,0,0,0,0,0,0,0,0,0,0,0,0,0,0,0,0,0,0,0,0,0,0,0,0,0,0,15,0,0,50,35,0,0,25,20
NEC108,CONSTRUCTIONHARDWARE-LA,0,0,0,0,0,0,0,0,0,0,0,0,0,0,0,0,0,0,0,0,0,0,0,0,0,0,0,0,0,0,0,0,0,0,0,0,0,0,0,0,0,0,0,0,0,0,0,0
WBJ068,JSENTERPRISE-RAGHUNATHGANJ,0,0,0,0,0,0,0,0,0,0,0,0,0,0,0,0,0,0,0,0,0,0,0,0,0,0,0,0,0,0,0,0,0,0,0,0,0,0,0,0,0,0,0,0,0,0,0,0
NED191,DEBNATH CEMENT HOUSE AND IRON STORE,75,25,50,41,75,20.5,70,20,0,0,60,36,0,0,70,35,0,0,40,30,0,0,50,25,0,0,60,47.15,0,0,50,45,0,0,50,31,0,0,50,60,0,0,70,32.5,0,0,70,35
BHD019,DEVTRADERS-SIMRIBAKHTIYARPUR,0,0,0,0,0,0,0,0,0,0,0,0,0,0,0,0,0,0,0,0,0,0,0,0,0,0,0,0,0,0,0,0,0,0,0,0,0,0,0,0,0,0,0,0,0,0,0,0
WBR140,ROSHAN HARDWARE,125,275,75,190,125,55,125,160,0,0,100,150,0,0,125,150,0,0,100,55,0,0,70,85,0,0,60,125,0,0,100,150,0,0,100,150,0,0,100,270,0,0,100,335,0,0,125,245
NES539,SKENTERPRISES-MNP,0,0,0,0,0,0,0,0,0,0,0,0,0,0,0,0,0,0,0,0,0,0,0,0,0,0,0,0,0,0,0,0,0,0,0,0,0,0,0,0,0,0,0,0,0,0,0,0
WBB144,BISWASCONSTRUCTION,0,0,0,0,0,0,0,0,0,0,0,0,0,0,0,0,0,0,0,0,0,0,0,0,0,0,0,0,0,0,0,0,0,0,0,0,0,0,0,0,0,0,0,0,0,0,0,0
BHR088,RDVENTURE,0,0,0,0,0,0,0,0,0,0,0,0,0,0,0,0,0,0,0,0,0,0,0,0,0,0,0,0,0,0,0,0,0,0,0,0,0,0,0,0,0,0,0,0,0,0,0,0
NES540,SNENTERPRISES-TIN,0,0,0,0,0,0,0,0,0,0,0,0,0,0,0,0,0,0,0,0,0,0,0,0,0,0,0,0,0,0,0,0,0,0,0,0,0,0,0,0,0,0,0,0,0,0,0,0
BHS199,SHRIRAMAGENCY,0,0,0,0,0,0,0,0,0,0,0,0,0,0,0,0,0,0,0,0,0,0,0,0,0,0,0,0,0,0,0,0,0,0,0,0,0,0,0,0,0,0,0,0,0,0,0,0
BHT012,TRISHAENTERPRISES,0,0,0,0,0,0,0,0,0,0,0,0,0,0,0,0,0,0,0,0,0,0,0,0,0,0,0,0,0,0,0,0,0,0,0,0,0,0,0,0,0,0,0,0,0,0,0,0
BHM128,MAA SHANTI TRADERS,250,250,250,225,250,55,200,270,0,0,200,265,0,0,170,190,0,0,200,250,0,0,100,200,0,0,200,205,0,0,125,130,0,0,230,281,0,0,250,250,0,0,250,250,0,0,300,180
WBM281,MAABHAWANIBUILDERS-DARJEELING,0,0,0,0,0,0,0,0,0,0,0,0,0,0,0,0,0,0,0,0,0,0,0,0,0,0,0,0,0,0,0,0,0,0,0,0,0,0,0,0,0,0,0,0,0,0,0,0
WBM282,MD EMRAN ALI KHAN,200,527,360,507.05,300,95,370,467.4,0,0,370,246,0,0,300,229,0,0,285,261,0,0,155,196,0,0,200,263.5,0,0,220,110,0,0,200,345.25,0,0,300,337,0,0,400,409.05,0,0,200,428.75
BHJ046,J K STEEL . KISHANGANJ,920,897,1300,1386.25,1000,196,1115,1347.25,0,0,650,1101.5,0,0,750,1069,0,0,800,987.25,0,0,650,531.5,0,0,700,492,0,0,800,436,0,0,840,1062,0,0,800,684.25,0,0,1100,569,0,0,1100,691
WBD090,DEY ENTERPRISE . BABURHAT,370,862,489,365,435,275,355,425,0,0,220,418,0,0,305,349,0,0,340,233,0,0,240,198,0,0,240,247,0,0,230,309,0,0,350,360,0,0,479,385,0,0,735,824,0,0,550,762
WBR141,RANGILAENTERPRISE,0,0,0,0,0,0,0,0,0,0,0,0,0,0,0,0,0,0,0,0,0,0,0,0,0,0,0,0,0,0,0,0,0,0,0,0,0,0,0,0,0,0,0,0,0,0,0,0
NEN178,NEFA ENTERPRISES,20,20,40,0,40,0,40,0,0,0,0,0,0,0,0,0,0,0,0,30,0,0,20,0,0,0,20,0,0,0,0,0,0,0,0,0,0,0,0,20,0,0,20,0,0,0,40,10
BHT013,THEINFINITYWINGS,0,0,0,0,0,0,0,0,0,0,0,0,0,0,0,0,0,0,0,0,0,0,0,0,0,0,0,0,0,0,0,0,0,0,0,0,0,0,0,0,0,0,0,0,0,0,0,0
WBR142,RSULTANAHARDWARE,0,0,0,0,0,0,0,0,0,0,0,0,0,0,0,0,0,0,0,0,0,0,0,0,0,0,0,0,0,0,0,0,0,0,0,0,0,0,0,0,0,0,0,0,0,0,0,0
BHS200,SHIVTRADERS-SAKRA,25,25,20,20,25,0,20,0,0,0,20,0,0,0,0,0,0,0,40,0,0,0,60,22,0,0,20,20,0,0,40,0,0,0,25,0,0,0,20,25,0,0,25,25,0,0,35,0
SKS005,SAURAVAGARWAL,0,0,0,0,0,0,0,0,0,0,0,0,0,0,0,0,0,0,0,0,0,0,0,0,0,0,0,0,0,0,0,0,0,0,0,0,0,0,0,0,0,0,0,0,0,0,0,0
BHS201,SRIRAMHARDWARE,0,0,0,0,0,0,0,0,0,0,0,0,0,0,0,0,0,0,0,0,0,0,0,0,0,0,0,0,0,0,0,0,0,0,0,0,0,0,0,0,0,0,0,0,0,0,0,0
BHS202,SRITIWARISALES,0,0,0,0,0,0,0,0,0,0,0,0,0,0,0,0,0,0,0,0,0,0,0,0,0,0,0,0,0,0,0,0,0,0,0,0,0,0,0,0,0,0,0,0,0,0,0,0
NET162,TRIDEVDEVELOPERS,0,0,0,0,0,0,0,0,0,0,0,0,0,0,0,0,0,0,0,0,0,0,0,0,0,0,0,0,0,0,0,0,0,0,0,0,0,0,0,0,0,0,0,0,0,0,0,0
NEB267,BARLASKARTRADERS,0,0,22,10,0,0,0,0,0,0,0,0,0,0,0,0,0,0,0,0,0,0,0,0,0,0,0,0,0,0,0,0,0,0,0,0,0,0,0,0,0,0,0,0,0,0,0,0
BHS203,SUNNYBUILDERS,0,0,0,0,0,0,0,0,0,0,0,0,0,0,0,0,0,0,0,0,0,0,0,0,0,0,0,0,0,0,0,0,0,0,0,0,0,0,0,0,0,0,0,0,0,0,0,0
WBJ070,JITEN CONSTRUCTION,1400,2908.05,1850,1083,2400,718.25,1920,1492.35,0,0,1600,1267.95,0,0,1400,1108.75,0,0,1250,848.15,0,0,950,567.25,0,0,850,677.75,0,0,1000,1222.15,0,0,1500,1317.05,0,0,1700,1017.75,0,0,1150,1736.75,0,0,1500,2927.2
BHS204,SRISANWARIATRADERS,0,0,0,0,0,0,0,0,0,0,0,0,0,0,0,0,0,0,0,0,0,0,0,0,0,0,0,0,0,0,0,0,0,0,0,0,0,0,0,0,0,0,0,0,0,0,0,0
WBR143,ROYHARDWARES-BAZARSAU,0,0,0,0,0,0,0,0,0,0,0,0,0,0,0,0,0,0,0,0,0,0,0,0,0,0,0,0,0,0,0,0,0,0,0,0,0,0,0,0,0,0,0,0,0,0,0,0
WBK067,KESANG HARDWARE,150,96.5,360,235.5,150,76.75,350,290.5,0,0,315,231.25,0,0,305,168.5,0,0,290,76.75,0,0,100,79.5,0,0,100,87.75,0,0,185,81,0,0,110,90.5,0,0,200,54.75,0,0,150,55.5,0,0,50,157
WBL038,LAKHINARAYANHARDWARE,0,0,0,0,0,0,0,0,0,0,0,0,0,0,0,0,0,0,0,0,0,0,0,0,0,0,0,0,0,0,0,0,0,0,0,0,0,0,0,0,0,0,0,0,0,0,0,0
NEM324,MARDATRADINGCOMPANY,0,0,0,0,0,0,0,0,0,0,0,0,0,0,0,0,0,0,0,0,0,0,0,0,0,0,0,0,0,0,0,0,0,0,0,0,0,0,0,0,0,0,0,0,0,0,0,0
NEN180,NEW BHAWANI HARDWARE . NLP,200,160,240,130,240,0,220,220,0,0,215,140,0,0,160,100,0,0,220,150,0,0,260,50,0,0,250,173,0,0,280,160,0,0,250,250,0,0,240,0,0,0,280,0,0,0,300,170
NEP218,P.D. ENTERPRISE . NLP,80,25,80,40,60,0,80,0,0,0,40,20,0,0,60,0,0,0,80,20,0,0,80,0,0,0,80,30,0,0,50,0,0,0,60,20,0,0,80,40,0,0,80,60,0,0,80,60
NEJ136,J.BENTERPRISE,0,0,0,0,0,0,0,0,0,0,0,0,0,0,0,0,0,0,0,0,0,0,0,0,0,0,0,0,0,0,0,0,0,0,0,0,0,0,0,0,0,0,0,0,0,0,0,0
M299,MAAGAYTRITRADERS,0,0,0,0,0,0,0,0,0,0,0,0,0,0,0,0,0,0,0,0,0,0,0,0,0,0,0,0,0,0,0,0,0,0,0,0,0,0,0,0,0,0,0,0,0,0,0,0
BHJ047,JAI SADAFAL LOHA BHANDAR,45,0,45,30,25,0,30,50,0,0,30,50,0,0,35,0,0,0,90,0,0,0,30,0,0,0,70,25,0,0,40,50,0,0,40,0,0,0,40,25,0,0,50,25,0,0,70,0
BHC019,CHOUDHARYCEMENTAGENCY,0,0,0,0,0,0,0,0,0,0,0,0,0,0,0,0,0,0,0,0,0,0,0,0,0,0,0,0,0,0,0,0,0,0,0,0,0,0,0,0,0,0,0,0,0,0,0,0
BHM129,MAADURGACEMENTAGENCY,0,0,0,0,0,0,0,0,0,0,0,0,0,0,0,0,0,0,50,0,0,0,0,0,0,0,0,0,0,0,0,0,0,0,0,0,0,0,0,0,0,0,0,0,0,0,25,0
BHS207,SANJEETTRADERS,0,0,0,0,0,0,0,0,0,0,0,0,0,0,0,0,0,0,0,0,0,0,0,0,0,0,0,0,0,0,0,0,0,0,0,0,0,0,0,0,0,0,0,0,0,0,0,0
BHM130,MISHRAELECTRICSANDPLUMBING,0,0,0,0,0,0,0,0,0,0,0,0,0,0,0,0,0,0,0,0,0,0,0,0,0,0,0,0,0,0,0,0,0,0,0,0,0,0,0,0,0,0,0,0,0,0,0,0
NEG140,GANGLE DALE ENTERPRISE .,300,160,120,120,300,67.5,80,80,0,0,80,80,0,0,80,80,0,0,120,80,0,0,80,40,0,0,80,120,0,0,120,120,0,0,120,160,0,0,120,0,0,0,80,160,0,0,120,160
NEJ134,JESIKAENTERPRISE,0,0,0,0,0,0,20,0,0,0,0,0,0,0,0,0,0,0,0,0,0,0,0,0,0,0,0,0,0,0,0,0,0,0,0,0,0,0,0,0,0,0,0,0,0,0,0,0
NEM325,MAABHAWANIHARDWARE-NLP,0,0,30,0,0,0,0,0,0,0,0,0,0,0,0,0,0,0,40,0,0,0,0,0,0,0,0,0,0,0,0,0,0,0,0,0,0,0,0,0,0,0,0,0,0,0,0,0
NES544,STEELHOUSE-UDP,0,0,0,0,0,0,0,0,0,0,0,0,0,0,0,0,0,0,0,0,0,0,0,0,0,0,0,0,0,0,0,0,0,0,0,0,0,0,0,0,0,0,0,0,0,0,0,0
BHS208,SHREE RADHA ENTERPRISES,175,175,230,217,175,60,250,259,0,0,210,235,0,0,200,150,0,0,200,120,0,0,175,175,0,0,200,85,0,0,175,180,0,0,225,240,0,0,200,210,0,0,300,300,0,0,300,300
NES545,S.KHARJANA,0,0,0,0,0,0,0,0,0,0,0,0,0,0,0,0,0,0,0,0,0,0,0,0,0,0,0,0,0,0,0,0,0,0,0,0,0,0,0,0,0,0,0,0,0,0,0,0
BHA078,AMANENTERPRISES-TEGHRA,0,0,0,0,0,0,0,0,0,0,0,0,0,0,0,0,0,0,0,0,0,0,0,0,0,0,0,0,0,0,0,0,0,0,0,0,0,0,0,0,0,0,0,0,0,0,0,0
BHH019,HITESHKUMARANDSONS,0,0,0,0,0,0,0,0,0,0,0,0,0,0,0,0,0,0,0,0,0,0,0,0,0,0,0,0,0,0,0,0,0,0,0,0,0,0,0,0,0,0,0,0,0,0,0,0
BHS209,SINTUTRADERS,0,0,0,0,0,0,0,0,0,0,0,0,0,0,0,0,0,0,0,0,0,0,0,0,0,0,0,0,0,0,0,0,0,0,0,0,0,0,0,0,0,0,0,0,0,0,0,0
WBA141,AMITHARDWARE,0,0,0,0,0,0,0,0,0,0,0,0,0,0,0,0,0,0,0,0,0,0,0,0,0,0,0,0,0,0,0,0,0,0,0,0,0,0,0,0,0,0,0,0,0,0,0,0
NES546,SUJIT SEN,0,0,25,18.5,0,0,25,10,0,0,30,20,0,0,20,2.5,0,0,20,36.5,0,0,30,11.5,0,0,20,0,0,0,0,0,0,0,0,0,0,0,0,0,0,0,0,0,0,0,0,0
NET164,TIRUPATI ENTERPRISE . NLP,20,10,30,0,20,0,20,10,0,0,0,0,0,0,20,10,0,0,20,0,0,0,0,10,0,0,20,10,0,0,20,10,0,0,30,10,0,0,20,0,0,0,20,10,0,0,30,0
NEM328,MAA ENTERPRISE . LA,65,38.5,83,45.5,70,26,85,52,0,0,60,52,0,0,57,52,0,0,65,25,0,0,72,38,0,0,52,38.5,0,0,60,26,0,0,60,38,0,0,60,64.5,0,0,57,39,0,0,65,52
BHS032,SHIVAMENTERPRISES(LALGANJ),0,0,0,0,0,0,0,0,0,0,0,0,0,0,0,0,0,0,0,0,0,0,0,0,0,0,0,0,0,0,0,0,0,0,0,0,0,0,0,0,0,0,0,0,0,0,0,0
H069,HOQUEHARDWARE(MURSHIDABAD),0,0,0,0,0,0,0,0,0,0,0,0,0,0,0,0,0,0,0,0,0,0,0,0,0,0,0,0,0,0,0,0,0,0,0,0,0,0,0,0,0,0,0,0,0,0,0,0
WBS188,SHIBAMCONSTRUCTION,0,0,0,0,0,0,0,0,0,0,0,0,0,0,0,0,0,0,0,0,0,0,0,0,0,0,0,0,0,0,0,0,0,0,0,0,0,0,0,0,0,0,0,0,0,0,0,0
BHM131,MAHARANIAGENCY,0,0,0,0,0,0,0,0,0,0,0,0,0,0,0,0,0,0,0,0,0,0,0,0,0,0,0,0,0,0,0,0,0,0,0,0,0,0,0,0,0,0,0,0,0,0,0,0
NEM326,MAHESWARITRADING-TSK,0,0,0,0,0,0,0,0,0,0,0,0,0,0,0,0,0,0,0,0,0,0,0,0,0,0,0,0,0,0,0,0,0,0,0,0,0,0,0,0,0,0,0,0,0,0,0,0
NEK164,KALITAENTERPRISE-NLP,0,0,0,0,0,0,0,0,0,0,0,0,0,0,0,0,0,0,0,0,0,0,0,0,0,0,0,0,0,0,0,0,0,0,0,0,0,0,0,0,0,0,0,0,0,0,0,0
BHP038,PANNALAL ENTERPRISES,250,470,200,180,250,75,225,230,0,0,220,230,0,0,220,205,0,0,250,250,0,0,215,125,0,0,200,175,0,0,200,210,0,0,200,410,0,0,250,80,0,0,230,250,0,0,300,310
WBP086,PPHARDWARE,0,0,0,0,0,0,0,0,0,0,0,0,0,0,0,0,0,0,0,0,0,0,0,0,0,0,0,0,0,0,0,0,0,0,0,0,0,0,0,0,0,0,0,0,0,0,0,0
WBG089,GITANJALI ENTERPRISE,200,30,30,10,20,5,25,5,0,0,25,20,0,0,20,20,0,0,20,10,0,0,20,6,0,0,100,11,0,0,40,15,0,0,20,5,0,0,20,5,0,0,90,20,0,0,20,10
WBH048,HADIQUL ISLAM,50,111.5,60,105,60,36,60,72,0,0,60,38,0,0,45,45,0,0,50,35,0,0,30,45.5,0,0,50,27,0,0,50,31,0,0,50,58,0,0,60,60,0,0,50,67,0,0,60,72
BHH020,HARSHIT TRADERS,0,25,50,30,50,25,50,0,0,0,25,0,0,0,30,0,0,0,100,25,0,0,75,25,0,0,75,0,0,0,100,0,0,0,115,0,0,0,0,0,0,0,140,0,0,0,225,0
NES549,SRIGONESHHARDWARE,0,0,0,0,0,0,0,0,0,0,0,0,0,0,0,0,0,0,0,0,0,0,0,0,0,0,0,0,0,0,0,0,0,0,0,0,0,0,0,0,0,0,0,0,0,0,0,0
NEA329,ALPANA INDUSTRY AND HARDWARE SHOP,76,62,50,50,75,20,50,74.5,0,0,50,50,0,0,50,57.5,0,0,70,83,0,0,75,38,0,0,37,102.5,0,0,80,84,0,0,100,65,0,0,85,72.5,0,0,80,85.5,0,0,125,66
BHG037,GUPTA TRADERS . JAMALPUR,50,50,30,25,50,25,30,50,0,0,30,80,0,0,50,30,0,0,50,30,0,0,25,0,0,0,25,25,0,0,35,50,0,0,50,50,0,0,25,25,0,0,25,25,0,0,50,25
NEM327,MARUTI ASSOCIATES .,35,20,35,32,30,16,35,11,0,0,30,25,0,0,40,36.5,0,0,50,29.75,0,0,50,20.5,0,0,32,12,0,0,45,16,0,0,50,24,0,0,40,43.5,0,0,40,40,0,0,60,22.5
WBJ071,JAYGURUHARDWARE,0,0,0,0,0,0,0,0,0,0,0,0,0,0,0,0,0,0,0,0,0,0,0,0,0,0,0,0,0,0,0,0,0,0,0,0,0,0,0,0,0,0,0,0,0,0,0,0
WBO005,OMURPURSTEELEMPORIUM,0,0,0,0,0,0,0,0,0,0,0,0,0,0,0,0,0,0,0,0,0,0,0,0,0,0,0,0,0,0,0,0,0,0,0,0,0,0,0,0,0,0,0,0,0,0,0,0
WBH049,HAQUEHARDWARE,0,0,0,0,0,0,0,0,0,0,0,0,0,0,0,0,0,0,0,0,0,0,0,0,0,0,0,0,0,0,0,0,0,0,0,0,0,0,0,0,0,0,0,0,0,0,0,0
NEM330,MANOBIKASHDATTABISWAS,0,0,0,0,0,0,0,0,0,0,0,0,0,0,0,0,0,0,0,0,0,0,0,0,0,0,0,0,0,0,0,0,0,0,0,0,0,0,0,0,0,0,0,0,0,0,0,0
BHS210,SHIVA TRADERS . BEGUSARAI,0,0,0,0,0,0,0,0,0,0,0,0,0,0,0,0,0,0,0,0,0,0,0,0,0,0,0,0,0,0,0,0,0,0,0,15,0,0,0,0,0,0,25,0,0,0,0,0
WBS316,SRI L P TRADING CO,0,0,0,10,0,0,0,0,0,0,0,0,0,0,0,0,0,0,0,0,0,0,0,0,0,0,0,0,0,0,0,0,0,0,0,0,0,0,0,0,0,0,0,0,0,0,0,0
WBJ072,JANATAHARDWARE-PANCHGRAM,0,0,0,0,0,0,0,0,0,0,0,0,0,0,0,0,0,0,0,0,0,0,0,0,0,0,0,0,0,0,0,0,0,0,0,0,0,0,0,0,0,0,0,0,0,0,0,0
WBS317,SURJAHARDWARE,0,0,0,0,0,0,0,0,0,0,0,0,0,0,0,0,0,0,0,0,0,0,0,0,0,0,0,0,0,0,0,0,0,0,0,0,0,0,0,0,0,0,0,0,0,0,0,0
WBM285,MONDALENTERPRISE-HATINAGAR,0,0,0,0,0,0,0,0,0,0,0,0,0,0,0,0,0,0,0,0,0,0,0,0,0,0,0,0,0,0,0,0,0,0,0,0,0,0,0,0,0,0,0,0,0,0,0,0
WBA142,ADHUNIKHARDWARELAKIENTERPRISE,0,0,0,0,0,0,0,0,0,0,0,0,0,0,0,0,0,0,0,0,0,0,0,0,0,0,0,0,0,0,0,0,0,0,0,0,0,0,0,0,0,0,0,0,0,0,0,0
WBG090,GYANNAYAK STEEL,50,9,20,2.25,50,0,50,3,0,0,20,0,0,0,50,4.5,0,0,50,0,0,0,0,6,0,0,75,6,0,0,12,0,0,0,50,12,0,0,50,2.5,0,0,50,14.5,0,0,110,6.5
WBB145,BHAWANIHARDWARE,0,0,0,0,0,0,0,0,0,0,0,0,0,0,0,0,0,0,0,0,0,0,0,0,0,0,0,0,0,0,0,0,0,0,0,0,0,0,0,0,0,0,0,0,0,0,0,0
BHA079,AGROFRESHINDIAFOODS,0,0,0,0,0,0,0,0,0,0,0,0,0,0,0,0,0,0,0,0,0,0,0,0,0,0,0,0,0,0,0,0,0,0,0,0,0,0,0,0,0,0,0,0,0,0,0,0
BHV022,VAISHNAVIENTERPRISES,0,0,0,0,0,0,0,0,0,0,0,0,0,0,0,0,0,0,0,0,0,0,0,0,0,0,0,0,0,0,0,0,0,0,0,0,0,0,0,0,0,0,0,0,0,0,0,0
BHS212,SHREEPUR HARDWARE,100,30,100,90,100,0,80,115,0,0,100,120,0,0,80,60,0,0,100,120,0,0,100,60,0,0,100,90,0,0,100,60,0,0,100,120,0,0,100,110,0,0,100,102,0,0,160,160
NEH112,HAZARIKA HARDWARE,120,100,80,80,120,0,120,80,0,0,60,70,0,0,80,65,0,0,80,40,0,0,45,60,0,0,80,90,0,0,100,80,0,0,100,80,0,0,160,80,0,0,160,90,0,0,160,120
WBK068,KALUENTERPRISE,0,0,0,0,0,0,0,0,0,0,0,0,0,0,0,0,0,0,0,0,0,0,0,0,0,0,0,0,0,0,0,0,0,0,0,0,0,0,0,0,0,0,0,0,0,0,0,0
WBM288,MANDALENTERPRISE-CHARSUJAPUR,0,0,0,0,0,0,0,0,0,0,0,0,0,0,0,0,0,0,0,0,0,0,0,0,0,0,0,0,0,0,0,0,0,0,0,0,0,0,0,0,0,0,0,0,0,0,0,0
NEI036,INDO BURMA ROADIRON AND CEMENT,0,0,0,0,0,0,0,0,0,0,0,0,0,0,0,0,0,0,0,0,0,0,0,0,0,0,0,0,0,0,0,0,0,0,0,0,0,0,0,0,0,0,0,0,0,0,0,0
NEI035,IDULENTERPRISE,0,0,0,0,0,0,0,0,0,0,0,0,0,0,0,0,0,0,0,0,0,0,0,0,0,0,0,0,0,0,0,0,0,0,0,0,0,0,0,0,0,0,0,0,0,0,0,0
BHD020,DEVTRADERS-BIHTA,0,0,0,0,0,0,0,0,0,0,0,0,0,0,0,0,0,0,0,0,0,0,0,0,0,0,0,0,0,0,0,0,0,0,0,0,0,0,0,0,0,0,0,0,0,0,0,0
WBM286,MDABDULHALIM-LALGOLA,0,0,0,0,0,0,0,0,0,0,0,0,0,0,0,0,0,0,0,0,0,0,0,0,0,0,0,0,0,0,0,0,0,0,0,0,0,0,0,0,0,0,0,0,0,0,0,0
BHP039,PRINCEENTERPRISES,0,0,0,0,0,0,0,0,0,0,0,0,0,0,0,0,0,0,0,0,0,0,0,0,0,0,0,0,0,0,0,0,0,0,0,0,0,0,0,0,0,0,0,0,0,0,0,0
BHM133,MAHADEV TRADERS . JALSIMAN,25,80,50,25,50,25,50,85,0,0,50,115,0,0,60,115,0,0,100,75,0,0,75,50,0,0,75,25,0,0,50,50,0,0,50,75,0,0,50,50,0,0,50,50,0,0,50,25
BHM134,MAAJWALAMUKHITRADERS,0,0,0,0,0,0,0,0,0,0,0,0,0,0,0,0,0,0,0,0,0,0,0,0,0,0,0,0,0,0,0,0,0,0,0,0,0,0,0,0,0,0,0,0,0,0,0,0
BHG039,GANESHENTERPRISES-MADHEPURA,0,0,0,0,0,0,0,0,0,0,0,0,0,0,0,0,0,0,0,0,0,0,0,0,0,0,0,0,0,0,0,0,0,0,0,0,0,0,0,0,0,0,0,0,0,0,0,0
BHU014,UMACEMENTBHANDAR-MAHNAR,0,0,0,0,0,0,0,0,0,0,0,0,0,0,0,0,0,0,0,0,0,0,0,0,0,0,0,0,0,0,0,0,0,0,0,0,0,0,0,0,0,0,0,0,0,0,0,0
NEP222,PRIYAMBANI STORES .,80,92,70,78,75,0,70,50,0,0,80,60,0,0,60,41.75,0,0,80,44,0,0,90,40,0,0,65,85,0,0,80,28,0,0,80,54.5,0,0,90,91.5,0,0,100,85.5,0,0,120,70
WBM287,MAACONSTRUCTION,0,0,0,0,0,0,0,0,0,0,0,0,0,0,0,0,0,0,0,0,0,0,0,0,0,0,0,0,0,0,0,0,0,0,0,0,0,0,0,0,0,0,0,0,0,0,0,0
BHN038,NALANDATRADERS-PATNASADAR,0,0,0,0,0,0,0,0,0,0,0,0,0,0,0,0,0,0,0,0,0,0,0,0,0,0,0,0,0,0,0,0,0,0,0,0,0,0,0,0,0,0,0,0,0,0,0,0
WBA143,AHMEDCONSTRUCTION,0,0,0,0,0,0,0,0,0,0,0,0,0,0,0,0,0,0,0,0,0,0,0,0,0,0,0,0,0,0,0,0,0,0,0,0,0,0,0,0,0,0,0,0,0,0,0,0
BHN039,NIRMALAENTERPRISES,0,0,0,0,0,0,0,0,0,0,0,0,0,0,0,0,0,0,0,0,0,0,0,0,0,0,0,0,0,0,0,0,0,0,0,0,0,0,0,0,0,0,0,0,0,0,0,0
BHG040,GANESH ENTERPRISES . CHERIA BARIYAR,0,0,25,0,0,0,25,0,0,0,0,15,0,0,30,5,0,0,80,0,0,0,0,0,0,0,0,0,0,0,0,0,0,0,0,0,0,0,0,0,0,0,0,0,0,0,0,0
NED193,DOYAPURHARDWARE,0,0,35,0,0,0,35,0,0,0,35,0,0,0,35,0,0,0,0,0,0,0,0,0,0,0,0,0,0,0,0,0,0,0,0,0,0,0,0,0,0,0,0,0,0,0,20,0
NEJ137,J.P.S. INDIA ENTERPRISES,0,0,0,0,0,0,0,0,0,0,0,0,0,0,0,0,0,0,0,0,0,0,0,0,0,0,0,0,0,0,0,0,0,0,0,0,0,0,0,0,0,0,0,0,0,0,0,0
BHS213,SAROJTRADERS,0,0,0,0,0,0,0,0,0,0,0,0,0,0,0,0,0,0,0,0,0,0,0,0,0,0,0,0,0,0,0,0,0,0,0,0,0,0,0,0,0,0,0,0,0,0,0,0
WBM289,MATIURRAHAMAN,0,0,0,0,0,0,0,0,0,0,0,0,0,0,0,0,0,0,0,0,0,0,0,0,0,0,0,0,0,0,0,0,0,0,0,0,0,0,0,0,0,0,0,0,0,0,0,0
BHP040,PRABHATENTERPRISES,0,0,0,0,0,0,0,0,0,0,0,0,0,0,0,0,0,0,0,0,0,0,0,25,0,0,25,25,0,0,0,0,0,0,0,0,0,0,0,0,0,0,0,0,0,0,0,0
WBP087,PRATIBHA HARDWARE,165,259,190,158,175,57,160,164,0,0,160,176,0,0,170,149,0,0,151,96,0,0,100,112,0,0,120,124,0,0,120,120,0,0,151,174,0,0,161,175,0,0,151,293,0,0,161,216
WBU019,UJJALHARDWARE-SARSABAD,0,0,0,0,0,0,0,0,0,0,0,0,0,0,0,0,0,0,0,0,0,0,0,0,0,0,0,0,0,0,0,0,0,0,0,0,0,0,0,0,0,0,0,0,0,0,0,0
BHS214,SUDHIRENTERPRISES,0,0,0,0,0,0,0,0,0,0,0,0,0,0,0,0,0,0,0,0,0,0,0,0,0,0,0,0,0,0,0,0,0,0,0,0,0,0,0,0,0,0,0,0,0,0,0,0
BHM135,M B TRADERS,0,0,25,25,0,0,25,0,0,0,0,0,0,0,15,15,0,0,25,0,0,0,0,0,0,0,0,0,0,0,12.5,12.5,0,0,0,0,0,0,15,0,0,0,0,15,0,0,25,0
NET166,TRIDEVCOMPLETEHOMESOLUTIONSLLP,0,0,40,0,0,0,0,0,0,0,0,0,0,0,0,0,0,0,0,0,0,0,0,0,0,0,0,0,0,0,0,0,0,0,0,0,0,0,0,0,0,0,0,0,0,0,0,0
NES556,SUJASTORE,0,0,0,0,0,0,0,0,0,0,0,0,0,0,0,0,0,0,0,0,0,0,0,0,0,0,0,0,0,0,0,0,0,0,0,0,0,0,0,0,0,0,0,0,0,0,0,0
BHS215,SRIBAJRANGENTERPRISES,0,0,0,0,0,0,0,0,0,0,0,0,0,0,0,0,0,0,0,0,0,0,0,0,0,0,0,0,0,0,0,0,0,0,0,0,0,0,0,0,0,0,0,0,0,0,0,0
BHN040,NEWBHARATTRADERSANDPAINTS,0,0,0,0,0,0,0,0,0,0,0,0,0,0,0,0,0,0,0,0,0,0,0,0,0,0,0,0,0,0,0,0,0,0,0,0,0,0,0,0,0,0,0,0,0,0,0,0
BHJ048,JAI MATA DI TRADERS . MAHAMADPUR,35,10,25,0,30,0,25,15,0,0,25,35,0,0,40,15,0,0,60,0,0,0,40,0,0,0,55,0,0,0,20,0,0,0,20,0,0,0,30,10,0,0,25,20,0,0,25,0
NER237,RAMKAMAL BHANDER,55,51,80,30.5,50,7.5,75,46,0,0,55,12,0,0,60,31,0,0,50,44.5,0,0,60,0,0,0,50,7.5,0,0,55,30.5,0,0,60,43.5,0,0,60,30,0,0,50,60,0,0,50,40
NEN185,NATIONALTRADING-NLD,0,0,0,0,0,0,0,0,0,0,0,0,0,0,0,0,0,0,0,0,0,0,0,0,0,0,0,0,0,0,0,0,0,0,0,0,0,0,0,0,0,0,0,0,0,0,0,0
WBR145,RPTRADING,0,0,0,0,0,0,0,0,0,0,0,0,0,0,0,0,0,0,0,0,0,0,0,0,0,0,0,0,0,0,0,0,0,0,0,0,0,0,0,0,0,0,0,0,0,0,0,0
NEM332,MALI ENTERPRISE,0,0,0,3.5,0,0,45,3.5,0,0,0,0,0,0,0,0,0,0,5,0,0,0,0,0,0,0,0,0,0,0,0,0,0,0,0,0,0,0,0,0,0,0,0,0,0,0,0,0
WBB146,BROTHERSHARDWARE-BHABTA,0,0,0,0,0,0,0,0,0,0,0,0,0,0,0,0,0,0,0,0,0,0,0,0,0,0,0,0,0,0,0,0,0,0,0,0,0,0,0,0,0,0,0,0,0,0,0,0
WBE021,ELAHIVARASHAHARDWARE,0,0,0,0,0,0,0,0,0,0,0,0,0,0,0,0,0,0,0,0,0,0,0,0,0,0,0,0,0,0,0,0,0,0,0,0,0,0,0,0,0,0,0,0,0,0,0,0
BHS216,SAWITRITRADINGCOMPANY,0,0,0,0,0,0,0,0,0,0,0,0,0,0,0,0,0,0,0,0,0,0,0,0,0,0,0,0,0,0,0,0,0,0,0,0,0,0,0,0,0,0,0,0,0,0,0,0
BHA080,AAKASH ENTERPRISES . BAHDARPUR,0,0,0,0,0,0,55,40,0,0,30,0,0,0,25,12.5,0,0,50,0,0,0,25,0,0,0,15,0,0,0,15,0,0,0,15,0,0,0,15,0,0,0,0,0,0,0,25,0
WBM290,MGENTERPRISE,0,0,0,0,0,0,0,0,0,0,0,0,0,0,0,0,0,0,0,0,0,0,0,0,0,0,0,0,0,0,0,0,0,0,0,0,0,0,0,0,0,0,0,0,0,0,0,0
NEB274,BABLUENTERPRISE-NGN,0,0,0,0,0,0,0,0,0,0,0,0,0,0,0,0,0,0,0,0,0,0,0,0,0,0,0,0,0,0,0,0,0,0,0,0,0,0,0,0,0,0,0,0,0,0,0,0
NES560,SAI TRADING,0,0,0,0,0,0,500,0,0,0,0,0,0,0,0,0,0,0,0,0,0,0,0,0,0,0,0,0,0,0,0,0,0,0,0,0,0,0,0,0,0,0,0,0,0,0,0,0
NES561,SREEBAJRANGINFRACONPRIVATELIMITED,0,0,0,0,0,0,0,0,0,0,0,0,0,0,0,0,0,0,0,0,0,0,0,0,0,0,0,0,0,0,0,0,0,0,0,0,0,0,0,0,0,0,0,0,0,0,0,0
NEA337,AHMEDHARDWARE-NGN,0,0,0,0,0,0,0,0,0,0,0,0,0,0,0,0,0,0,0,0,0,0,0,0,0,0,0,0,0,0,0,0,0,0,0,0,0,0,0,0,0,0,0,0,0,0,0,0
WBP088,PALIT ENTERPRISE,220,275,210,100,200,100,120,100,0,0,125,75,0,0,180,100,0,0,150,75,0,0,125,100,0,0,150,100,0,0,130,112,0,0,150,125,0,0,240,270,0,0,190,274.5,0,0,175,200
BHP041,PANKAJ CEMENT STORE,60,25,70,25,60,50,50,105,0,0,50,55,0,0,60,110,0,0,80,45,0,0,60,25,0,0,70,25,0,0,60,75,0,0,100,65,0,0,80,25,0,0,100,50,0,0,100,50
WBM291,MNHARDWARE,0,0,0,0,0,0,0,0,0,0,0,0,0,0,0,0,0,0,0,0,0,0,0,0,0,0,0,0,0,0,0,0,0,0,0,0,0,0,0,0,0,0,0,0,0,0,0,0
NEH116,HOQUE TRADERS,0,5,15,10,15,5,20,15,0,0,20,10,0,0,20,0,0,0,0,0,0,0,50,0,0,0,0,0,0,0,0,0,0,0,0,0,0,0,0,0,0,0,10,0,0,0,0,5
NEB275,BARBHUIYA STORES AND GLASS HOUSE,0,0,27.5,0,0,0,0,0,0,0,0,0,0,0,0,0,0,0,0,0,0,0,0,0,0,0,0,0,0,0,0,0,0,0,0,0,0,0,0,0,0,0,0,0,0,0,0,0
NEF017,F.S.TRADING-SILCHAR,0,0,0,0,0,0,0,0,0,0,0,0,0,0,0,0,0,0,0,0,0,0,0,0,0,0,0,0,0,0,0,0,0,0,0,0,0,0,0,0,0,0,0,0,0,0,0,0
WBR146,RAHAMANHARDWARE-SRIHATTA,0,0,0,0,0,0,0,0,0,0,0,0,0,0,0,0,0,0,0,0,0,0,0,0,0,0,0,0,0,0,0,0,0,0,0,0,0,0,0,0,0,0,0,0,0,0,0,0
WBM292,MASTERCONSTRUCTION,0,0,0,0,0,0,0,0,0,0,0,0,0,0,0,0,0,0,0,0,0,0,0,0,0,0,0,0,0,0,0,0,0,0,0,0,0,0,0,0,0,0,0,0,0,0,0,0
BHA081,AMITTRADERS-SAHARSA,0,0,0,0,0,0,0,0,0,0,0,0,0,0,0,0,0,0,0,0,0,0,0,0,0,0,0,0,0,0,0,0,0,0,0,0,0,0,0,0,0,0,0,0,0,0,0,0
WBR147,RAJABABUHARDWARE,0,0,0,0,0,0,0,0,0,0,0,0,0,0,0,0,0,0,0,0,0,0,0,0,0,0,0,0,0,0,0,0,0,0,0,0,0,0,0,0,0,0,0,0,0,0,0,0
WBA144,ALODABIBI,0,0,0,0,0,0,0,0,0,0,0,0,0,0,0,0,0,0,0,0,0,0,0,0,0,0,0,0,0,0,0,0,0,0,0,0,0,0,0,0,0,0,0,0,0,0,0,0
BHV023,VIKASHINFRASTRUCTURE,0,0,0,0,0,0,0,0,0,0,0,0,0,0,0,0,0,0,0,0,0,0,0,0,0,0,0,0,0,0,0,0,0,0,0,0,0,0,0,0,0,0,0,0,0,0,0,0
BHS217,SADIYACONSTRUCTION,0,0,0,0,0,0,0,0,0,0,0,0,0,0,0,0,0,0,0,0,0,0,0,0,0,0,0,0,0,0,0,0,0,0,0,0,0,0,0,0,0,0,0,0,0,0,0,0
BHR089,RANITRADERS,0,0,0,0,0,0,0,0,0,0,0,0,0,0,0,0,0,0,50,0,0,0,0,0,0,0,0,0,0,0,0,0,0,0,0,0,0,0,0,0,0,0,0,0,0,0,0,0
BHL016,LAXMI KRISHI KENDRA,0,0,25,25,0,0,25,25,0,0,25,50,0,0,25,50,0,0,50,25,0,0,25,25,0,0,25,25,0,0,25,25,0,0,25,0,0,0,25,25,0,0,30,25,0,0,50,0
BHD021,DKBUILDERSANDCOMPANY,0,0,0,0,0,0,0,0,0,0,0,0,0,0,0,0,0,0,0,0,0,0,0,0,0,0,0,0,0,0,0,0,0,0,0,0,0,0,0,0,0,0,0,0,0,0,0,0
WBA145,AMANENTERPRISE-JALALPUR,0,0,0,0,0,0,0,0,0,0,0,0,0,0,0,0,0,0,0,0,0,0,0,0,0,0,0,0,0,0,0,0,0,0,0,0,0,0,0,0,0,0,0,0,0,0,0,0
NEA338,APURBA KR GOGOI HARDWARE,60,45,60,50,35,15,0,35,0,0,60,65,0,0,50,50,0,0,50,67.5,0,0,50,35,0,0,75,55,0,0,80,62.5,0,0,80,60,0,0,80,75,0,0,90,75,0,0,100,45
WBN101,NIRUENTERPRISE,0,0,0,0,0,0,0,0,0,0,0,0,0,0,0,0,0,0,0,0,0,0,0,0,0,0,0,0,0,0,0,0,0,0,0,0,0,0,0,0,0,0,0,0,0,0,0,0
BHJ049,JJSALES,0,0,0,0,0,0,0,0,0,0,0,0,0,0,0,0,0,0,0,0,0,0,0,0,0,0,0,0,0,0,0,0,0,0,0,0,0,0,0,0,0,0,0,0,0,0,0,0
WBN102,NEWSHAMSANDNOORIEHARDWARE,0,0,0,0,0,0,0,0,0,0,0,0,0,0,0,0,0,0,0,0,0,0,0,0,0,0,0,0,0,0,0,0,0,0,0,0,0,0,0,0,0,0,0,0,0,0,0,0
NES565,SKENTERPRISES-MANIPUR,0,0,0,0,0,0,0,0,0,0,0,0,0,0,0,0,0,0,0,0,0,0,0,0,0,0,0,0,0,0,0,0,0,0,0,0,0,0,0,0,0,0,0,0,0,0,0,0
NEA339,A M B ENTERPRISE,39,25.5,0,0,26,13,31,0,0,0,0,0,0,0,0,13,0,0,26,0,0,0,25,0,0,0,0,26,0,0,26,13,0,0,39,26,0,0,30,13,0,0,32,26,0,0,26,26
WBS320,SUBHAN ENTERPRISE,150,155.5,100,241,150,30,100,66,0,0,75,164,0,0,125,140,0,0,100,360.95,0,0,125,141.5,0,0,100,152,0,0,75,78,0,0,70,197,0,0,100,204,0,0,150,183.2,0,0,170,313.5
BHL017,LUCKY ENTERPRISES . PARIHAR,70,0,35,0,50,35,35,85,0,0,35,30,0,0,55,30,0,0,75,30,0,0,60,58,0,0,60,0,0,0,90,34,0,0,70,30,0,0,60,60,0,0,75,60,0,0,90,99.5
SKN002,NEETUGURUNG,0,0,0,0,0,0,0,0,0,0,0,0,0,0,0,0,0,0,0,0,0,0,0,0,0,0,0,0,0,0,0,0,0,0,0,0,0,0,0,0,0,0,0,0,0,0,0,0
BHG041,GUPTATRADERS-JAGDISHPUR,0,0,0,0,0,0,0,0,0,0,0,0,0,0,0,0,0,0,0,0,0,0,0,0,0,0,0,0,0,0,0,0,0,0,0,0,0,0,0,0,0,0,0,0,0,0,0,0
WBS321,SBANERJEEANDSONS,0,0,0,0,0,0,0,0,0,0,0,0,0,0,0,0,0,0,0,0,0,0,0,0,0,0,0,0,0,0,0,0,0,0,0,0,0,0,0,0,0,0,0,0,0,0,0,0
NEM334,MAAPADUMONIHARDWARE,0,0,0,0,0,0,0,0,0,0,0,0,0,0,0,0,0,0,0,0,0,0,0,0,0,0,0,0,0,0,0,0,0,0,0,0,0,0,0,0,0,0,0,0,0,0,0,0
NEC109,COSMOS PHOENIX,10,12,24,5,15,0,24,14,0,0,24,10,0,0,24,12,0,0,24,12.5,0,0,20,0,0,0,20,13,0,0,20,0,0,0,20,14,0,0,15,0,0,0,10,14,0,0,25,25
NEO030,OM TRADING,60,19,82.5,63,25,0,75,25,0,0,54.5,28,0,0,55,22.5,0,0,44,7.5,0,0,22,0,0,0,22,0,0,0,21,5,0,0,20,21.5,0,0,88,18.5,0,0,100,29.25,0,0,100,24.5
BHS078,SRIKRISHNATRADERS(GANGAPUR),0,0,0,0,0,0,0,0,0,0,0,0,0,0,0,0,0,0,0,0,0,0,0,0,0,0,0,0,0,0,0,0,0,0,0,0,0,0,0,0,0,0,0,0,0,0,0,0
WBA146,ARABINDABUILDERS-KUSHMANDI,0,0,0,0,0,0,0,0,0,0,0,0,0,0,0,0,0,0,0,0,0,0,0,0,0,0,0,0,0,0,0,0,0,0,0,0,0,0,0,0,0,0,0,0,0,0,0,0
WBS322,S R BUILDERS,140,208.75,100,236.25,150,65.5,150,206.75,0,0,125,200.25,0,0,150,199.2,0,0,175,101,0,0,105,122.25,0,0,125,75,0,0,125,127,0,0,125,228.25,0,0,150,210,0,0,120,214,0,0,140,206.5
NEL103,LILY ENTERPRISE,0,0,0,0,0,0,0,0,0,0,0,0,0,0,0,0,0,0,0,0,0,0,0,0,0,0,0,0,0,0,0,0,0,0,0,0,0,0,0,0,0,0,0,0,0,0,0,0
BHS219,SHIVAM TRADING,30,0,60,0,55,25,60,25,0,0,25,0,0,0,30,25,0,0,25,45,0,0,25,25,0,0,25,25,0,0,25,50,0,0,30,30,0,0,50,55,0,0,30,0,0,0,50,115
BHM136,MAA GAYATRI CEMENT AGENCY,0,0,25,0,0,0,25,0,0,0,25,0,0,0,25,0,0,0,50,0,0,0,25,0,0,0,0,0,0,0,25,0,0,0,0,0,0,0,0,0,0,0,0,0,0,0,50,0
BHS220,SABRITRADERS,0,0,0,0,0,0,0,0,0,0,0,0,0,0,0,0,0,0,0,0,0,0,0,0,0,0,0,0,0,0,0,0,0,0,0,0,0,0,0,0,0,0,0,0,0,0,0,0
BHO007,OMTRADERS-DHANAURA,0,0,0,0,0,0,0,0,0,0,0,0,0,0,0,0,0,0,50,0,0,0,0,0,0,0,30,0,0,0,50,0,0,0,0,0,0,0,0,0,0,0,0,0,0,0,0,0
WBA147,ABDUL KARIM ENTERPRISE,70,110,50,60,70,20,60,90,0,0,60,60,0,0,60,70,0,0,60,40,0,0,50,50,0,0,50,50,0,0,50,11,0,0,50,39,0,0,40,40,0,0,60,71,0,0,70,80
BHV024,VANDANA BUILDING SOLUTION,130,155,125,105,150,55,125,125,0,0,120,175,0,0,150,125,0,0,150,105,0,0,125,50,0,0,130,50,0,0,100,75,0,0,100,105,0,0,125,105,0,0,125,150,0,0,200,255
WBM293,MHAENTERPRISE,0,0,0,0,0,0,0,0,0,0,0,0,0,0,0,0,0,0,0,0,0,0,0,0,0,0,0,0,0,0,0,0,0,0,0,0,0,0,0,0,0,0,0,0,0,0,0,0
NES567,SUMITRAENTERPRISE,0,0,0,0,0,0,0,0,0,0,0,0,0,0,0,0,0,0,0,0,0,0,0,0,0,0,0,0,0,0,0,0,0,0,0,0,0,0,0,0,0,0,0,0,0,0,0,0
NEP228,POLO HILLS MACHINERY & HARDWARE,50,0,125,20,50,0,150,20,0,0,150,44,0,0,50,42,0,0,70,44,0,0,50,21,0,0,50,45,0,0,50,69,0,0,187,71,0,0,110,0,0,0,50,0,0,0,50,24
NES568,SANTOSHI TRADERS,175,125,150,80,200,25,150,75,0,0,125,125,0,0,175,98.25,0,0,175,75,0,0,150,99.75,0,0,175,100,0,0,175,125,0,0,225,125,0,0,270,175,0,0,270,150,0,0,300,149
NEB276,BKASSOCIATES,0,0,0,0,0,0,0,0,0,0,0,0,0,0,0,0,0,0,0,0,0,0,0,0,0,0,0,0,0,0,0,0,0,0,0,0,0,0,0,0,0,0,0,0,0,0,0,0
NER239,RIDA ENTERPRISE,0,0,50,0,0,0,0,0,0,0,0,0,0,0,0,0,0,0,0,0,0,0,0,0,0,0,0,0,0,0,0,0,0,0,50,0,0,0,24,0,0,0,0,0,0,0,0,0
NEA341,ASHOK STEELS & COMPANY,60,0,100,77.5,53,0,0,53,0,0,100,80,0,0,100,51.5,0,0,120,64,0,0,100,37.5,0,0,80,67.5,0,0,160,30,0,0,160,96,0,0,150,45.5,0,0,110,76,0,0,110,34
NEM335,MAA HARDWARE.SIVASAGAR,165,135,160,160,120,0,120,80,0,0,120,60,0,0,120,80,0,0,120,120,0,0,100,65,0,0,120,120,0,0,140,190,0,0,180,170,0,0,180,122.5,0,0,140,144.5,0,0,155,157
BHP042,PANNALALNANDKISHOR,0,0,0,0,0,0,0,0,0,0,0,0,0,0,0,0,0,0,0,0,0,0,0,0,0,0,0,0,0,0,0,0,0,0,0,0,0,0,0,0,0,0,0,0,0,0,0,0
BHS221,SWATIENTERPRISES,0,0,0,0,0,0,0,0,0,0,0,0,0,0,0,0,0,0,0,0,0,0,0,0,0,0,0,0,0,0,0,0,0,0,0,0,0,0,0,0,0,0,0,0,0,0,0,0
NEB277,B.D. HARDWARE.TEZPUR,40,76,120,25,80,0,40,30,0,0,40,20,0,0,30,55,0,0,60,0,0,0,80,25,0,0,44,20,0,0,40,40,0,0,100,40,0,0,80,80,0,0,120,80,0,0,120,120
NER240,RAMKRISHNA HARDWARE.DIMA HASAO,150,75,210,124,180,50,150,174,0,0,110,50,0,0,111.44,125,0,0,125,75,0,0,175,50,0,0,125,99.5,0,0,190,100,0,0,200,125,0,0,150,75,0,0,110,125,0,0,250,125
NED196,DEKA AND SONS HARDWARE,180,130,180,121,198,51.5,140,147,0,0,120,117,0,0,160,178,0,0,300,165.5,0,0,200,64,0,0,180,162.5,0,0,200,188,0,0,200,127,0,0,125,112,0,0,164,173.5,0,0,250,202.1
NED197,DA S SPITI,0,0,20,12.5,0,0,90,4,0,0,50,4.25,0,0,0,0,0,0,0,0,0,0,0,0,0,0,20,0,0,0,0,0,0,0,0,0,0,0,0,0,0,0,0,0,0,0,0,0
BHM137,MAA DURGA TRADERS . KATIHAR,0,0,40,0,0,0,20,0,0,0,0,0,0,0,0,0,0,0,0,0,0,0,0,0,0,0,0,0,0,0,0,0,0,0,0,0,0,0,0,0,0,0,0,0,0,0,0,0
NES571,SHREESHYAMHARDWARE-JORHAT,0,0,0,0,0,0,0,0,0,0,0,0,0,0,0,0,0,0,0,0,0,0,0,0,0,0,0,0,0,0,0,0,0,0,0,0,0,0,0,0,0,0,0,0,0,0,0,0
BHM138,MUKESH TRADERS . UDAKISHUNGANJ,125,0,50,0,100,0,50,25,0,0,50,0,0,0,40,0,0,0,125,25,0,0,75,0,0,0,100,0,0,0,150,0,0,0,110,25,0,0,25,25,0,0,25,0,0,0,25,0
BHK055,KASHBA TRADERS,25,0,50,122,25,0,100,55,0,0,50,115,0,0,100,50,0,0,50,30,0,0,50,25,0,0,50,25,0,0,50,0,0,0,50,45,0,0,50,75,0,0,50,25,0,0,50,25
BHS222,SHUKLATRADERS,0,0,0,0,0,0,0,0,0,0,0,0,0,0,0,0,0,0,0,0,0,0,0,0,0,0,0,0,0,0,0,0,0,0,0,0,0,0,0,0,0,0,0,0,0,0,0,0
NEA343,A.K. HARDWARE,80,20,30,20,60,0,500,20,0,0,22,20,0,0,22.4,40,0,0,50,40,0,0,100,40,0,0,60,40,0,0,60,30,0,0,70,20,0,0,20,10,0,0,60,10,0,0,0,40
BHI008,INAYATTRADERS,0,0,0,0,0,0,0,0,0,0,0,0,0,0,0,0,0,0,0,0,0,0,0,0,0,0,0,0,0,0,0,0,0,0,0,0,0,0,0,0,0,0,0,0,0,0,0,0
BHB069,BRHAMBABATRADERS,0,0,0,0,0,0,0,0,0,0,0,0,0,0,0,0,0,0,0,0,0,0,0,0,0,0,0,0,0,0,0,0,0,0,0,0,0,0,0,0,0,0,0,0,0,0,0,0
BHD022,DHARMRAJTRADERS,0,0,0,0,0,0,0,0,0,0,0,0,0,0,0,0,0,0,0,0,0,0,0,0,0,0,0,0,0,0,0,0,0,0,0,0,0,0,0,0,0,0,0,0,0,0,0,0
BHS223,SHREESHYAMTRADINGCOMPANY,0,0,0,0,0,0,0,0,0,0,0,0,0,0,0,0,0,0,0,0,0,0,0,0,0,0,0,0,0,0,0,0,0,0,0,0,0,0,0,0,0,0,0,0,0,0,0,0
BHA082,ATNENTERPRISES,0,0,0,0,0,0,0,0,0,0,0,0,0,0,0,0,0,0,0,0,0,0,0,0,0,0,0,0,0,0,0,0,0,0,0,0,0,0,0,0,0,0,0,0,0,0,0,0
NES574,SINGHSTORES,0,0,0,0,0,0,0,0,0,0,0,0,0,0,0,0,0,0,0,0,0,0,0,0,0,0,0,0,0,0,0,0,0,0,0,0,0,0,0,0,0,0,0,0,0,0,0,0
NEA345,A.H. HARDWARE SHOP,305,335,200,115,300,30,205,65,0,0,150,90,0,0,60,80,0,0,100,100,0,0,155,60,0,0,150,105,0,0,175,100,0,0,200,115,0,0,160,100,0,0,160,197,0,0,200,355
NED200,DIYA & ADRIJA,0,0,0,0,0,0,0,0,0,0,30,0,0,0,0,0,0,0,0,0,0,0,0,0,0,0,0,0,0,0,0,0,0,0,0,0,0,0,0,0,0,0,0,0,0,0,0,0
BHS225,SHIVAMKHADBEEJBHANDAR,0,0,0,0,0,0,0,0,0,0,0,0,0,0,0,0,0,0,0,0,0,0,0,0,0,0,0,0,0,0,0,0,0,0,0,0,0,0,0,0,0,0,0,0,0,0,0,0
NEH120,H.P.HARDWARE,0,0,0,0,0,0,0,0,0,0,0,0,0,0,0,0,0,0,0,0,0,0,0,0,0,0,0,0,0,0,0,0,0,0,0,0,0,0,0,0,0,0,0,0,0,0,0,0
BHK056,KALYANENTERPRISES,0,0,0,0,0,0,0,0,0,0,0,0,0,0,0,0,0,0,0,0,0,0,0,0,0,0,0,0,0,0,0,0,0,0,0,0,0,0,0,0,0,0,0,0,0,0,0,0
BHM141,MEERATRADERS,0,0,0,0,0,0,0,0,0,0,0,0,0,0,0,0,0,0,0,0,0,0,0,0,0,0,0,0,0,0,0,0,0,0,0,0,0,0,0,0,0,0,0,0,0,0,0,0
BHB070,BIMLA CEMENT STORE,25,0,25,0,25,0,25,25,0,0,25,25,0,0,25,0,0,0,50,0,0,0,25,0,0,0,30,0,0,0,25,0,0,0,25,0,0,0,0,0,0,0,25,0,0,0,25,0
BHP044,PRINCE TRADERS . BARAHAT,110,80,100,110,110,30,105,105,0,0,100,100,0,0,100,100,0,0,150,100,0,0,100,105,0,0,120,75,0,0,100,100,0,0,100,110,0,0,100,101,0,0,110,101,0,0,120,120
BHR090,ROHITENTERPRISES-BANKA,0,0,0,0,0,0,0,0,0,0,0,0,0,0,0,0,0,0,0,0,0,0,0,0,0,0,0,0,0,0,0,0,0,0,0,0,0,0,0,0,0,0,0,0,0,0,0,0
BHK058,KPINDUSTRIES,0,0,0,0,0,0,0,0,0,0,0,0,0,0,0,0,0,0,0,0,0,0,0,0,0,0,0,0,0,0,0,0,0,0,0,0,0,0,0,0,0,0,0,0,0,0,0,0
BHG044,GOPALSHREEENTERPRISES,0,25,0,0,50,0,0,0,0,0,0,0,0,0,0,0,0,0,0,0,0,0,0,0,0,0,0,0,0,0,0,0,0,0,0,0,0,0,0,0,0,0,0,0,0,0,0,0
BHS230,SANJIVENTERPRISES,0,0,0,0,0,0,0,0,0,0,0,0,0,0,0,0,0,0,0,0,0,0,0,0,0,0,0,0,0,0,0,0,0,0,0,0,0,0,0,0,0,0,0,0,0,0,0,0
WBA148,ANISAENTERPRISE,0,0,0,0,0,0,0,0,0,0,0,0,0,0,0,0,0,0,0,0,0,0,0,0,0,0,0,0,0,0,0,0,0,0,0,0,0,0,0,0,0,0,0,0,0,0,0,0
WBM297,MIMAENTERPRISE,0,0,0,0,0,0,0,0,0,0,0,0,0,0,0,0,0,0,0,0,0,0,0,0,0,0,0,0,0,0,0,0,0,0,0,0,0,0,0,0,0,0,0,0,0,0,0,0
WBN103,NEWHIMANGSHUHARDWARE,0,0,0,0,0,0,0,0,0,0,0,0,0,0,0,0,0,0,0,0,0,0,0,0,0,0,0,0,0,0,0,0,0,0,0,0,0,0,0,0,0,0,0,0,0,0,0,0
NEH121,HIMANSHU BORUAH,0,0,0,0,0,0,0,0,0,0,0,0,0,0,0,0,0,0,0,0,0,0,0,0,0,0,0,0,0,0,0,0,0,0,0,0,0,0,0,0,0,0,0,0,0,0,0,0
NEM339,MANOJHARDWARE,0,0,0,0,0,0,0,0,0,0,0,0,0,0,0,0,0,0,0,0,0,0,0,0,0,0,0,0,0,0,0,0,0,0,0,0,0,0,0,0,0,0,0,0,0,0,0,0
NEM340,MANJUENTERPRISES,0,0,0,0,0,0,0,0,0,0,0,0,0,0,0,0,0,0,0,0,0,0,0,0,0,0,0,0,0,0,0,0,0,0,0,0,0,0,0,0,0,0,0,0,0,0,0,0
NEG144,GLOBAL CERAMICS PRIVATE LIMITED-GHY,0,0,50,0,0,0,0,0,0,0,0,0,0,0,0,0,0,0,0,0,0,0,0,0,0,0,0,0,0,0,0,0,0,0,0,0,0,0,0,0,0,0,0,0,0,0,0,0
WBS329,SARKAR HARDWARE . MOHITNAGAR,0,0,50,0,0,0,50,12,0,0,50,23,0,0,50,0,0,0,50,0,0,0,40,0,0,0,50,0,0,0,0,0,0,0,0,0,0,0,0,0,0,0,0,0,0,0,0,0
WBS330,SHYAM HARDWARE STORES,260,263,240,252,250,12,200,236,0,0,265,212,0,0,176,240,0,0,200,216,0,0,156,180,0,0,192,192,0,0,250,308,0,0,200,212,0,0,200,240,0,0,151,157,0,0,165,270
NEK168,KANOITRADERS,0,0,0,0,0,0,0,0,0,0,0,0,0,0,0,0,0,0,0,0,0,0,0,0,0,0,0,0,0,0,0,0,0,0,0,0,0,0,0,0,0,0,0,0,0,0,0,0
BHP043,PURBEYENTERPRISES,0,0,0,0,0,0,0,0,0,0,0,0,0,0,0,0,0,0,0,0,0,0,0,0,0,0,0,0,0,0,0,0,0,0,0,0,0,0,0,0,0,0,0,0,0,0,0,0
NEA348,ADITYAHARDWARESTORE,0,0,0,0,0,0,0,0,0,0,0,0,0,0,0,0,0,0,0,0,0,0,0,0,0,0,0,0,0,0,0,0,0,0,0,0,0,0,0,0,0,0,0,0,0,0,0,0
NEB280,BAJRANG HARDWARE STORE-NLP,120,65,80,40,80,0,80,20,0,0,60,55,0,0,60,90,0,0,80,20,0,0,80,0,0,0,60,80,0,0,80,55,0,0,80,130,0,0,100,0,0,0,100,70,0,0,120,80
NEA349,ALOM ENTERPRISE,150,0,280,160,0,0,200,80,0,0,200,80,0,0,160,130,0,0,200,0,0,0,120,0,0,0,80,0,0,0,0,0,0,0,170,0,0,0,120,0,0,0,120,0,0,0,150,0
NED203,DAS ENTERPRISE-BAKSA,345,259,320,312,370,65,425,273,0,0,277,221,0,0,320,312,0,0,375,311.5,0,0,390,299,0,0,390,298,0,0,370,156,0,0,375,234,0,0,375,234,0,0,375,285,0,0,442,282
WBS328,SUSMITASARBHANDAR,0,0,0,0,0,0,0,0,0,0,0,0,0,0,0,0,0,0,0,0,0,0,0,0,0,0,0,0,0,0,0,0,0,0,0,0,0,0,0,0,0,0,0,0,0,0,0,0
WBS331,SONALIENTERPRISE,0,0,0,0,0,0,0,0,0,0,0,0,0,0,0,0,0,0,0,0,0,0,0,0,0,0,0,0,0,0,0,0,0,0,0,0,0,0,0,0,0,0,0,0,0,0,0,0
WBR148,RAJ ENTERPRISE . CHANCHAL,25,0,110,12,100,0,50,10,0,0,25,83,0,0,25,25,0,0,50,10,0,0,20,10,0,0,20,0,0,0,50,16,0,0,20,25,0,0,25,30,0,0,25,0,0,0,450,0
BHJ050,JANAKNANDANITRADERS,0,0,10,0,0,0,10,0,0,0,10,0,0,0,0,0,0,0,15,0,0,0,0,0,0,0,35,0,0,0,0,0,0,0,0,0,0,0,0,0,0,0,25,0,0,0,50,0
BHS226,SUMITTRADERS,0,0,0,0,0,0,0,0,0,0,0,0,0,0,0,0,0,0,0,0,0,0,0,0,0,0,0,0,0,0,0,0,0,0,0,0,0,0,0,0,0,0,0,0,0,0,0,0
BHS227,SAUMYATRADERS,0,0,0,0,0,0,0,0,0,0,0,0,0,0,0,0,0,0,0,0,0,0,0,0,0,0,0,0,0,0,0,0,0,0,0,0,0,0,0,0,0,0,0,0,0,0,0,0
BHJ052,JAIMATADITRADERS-DIGHRA,0,0,0,0,0,0,0,0,0,0,0,0,0,0,0,0,0,0,0,0,0,0,0,0,0,0,0,0,0,0,0,0,0,0,0,0,0,0,0,0,0,0,0,0,0,0,0,0
BHC020,CHAITANYATRADERS,0,0,0,0,0,0,0,0,0,0,0,0,0,0,0,0,0,0,0,0,0,0,0,0,0,0,0,0,0,0,0,0,0,0,0,0,0,0,0,0,0,0,0,0,0,0,0,0
BHK057,KHADBEEJBHANDAR,0,0,0,0,0,0,0,0,0,0,0,0,0,0,0,0,0,0,0,0,0,0,0,0,0,0,0,0,0,0,0,0,0,0,0,0,0,0,0,0,0,0,0,0,0,0,0,0
BHZ003,ZAMZAMENTERPRISES,0,0,0,0,0,0,0,0,0,0,0,0,0,0,0,0,0,0,0,0,0,0,0,0,0,0,0,0,0,0,0,0,0,0,0,0,0,0,0,0,0,0,0,0,0,0,0,0
NER243,RAJESH HARDWARE SHOP-HOJAI,20,0,40,0,0,0,500,20,0,0,22,0,0,0,22.4,0,0,0,20,10,0,0,0,0,0,0,20,10,0,0,0,10,0,0,60,0,0,0,10,10,0,0,20,0,0,0,0,0
BHJ051,JAIAMBEYTILES,0,0,0,0,0,0,0,0,0,0,0,0,0,0,0,0,0,0,0,0,0,0,0,0,0,0,0,0,0,0,0,0,0,0,0,0,0,0,0,0,0,0,0,0,0,0,0,0
BHR091,RAMAENTERPRISES,0,0,0,0,0,0,0,0,0,0,0,0,0,0,0,0,0,0,0,0,0,0,0,0,0,0,0,0,0,0,0,0,0,0,0,0,0,0,0,0,0,0,0,0,0,0,0,0
BHM139,MAAKAMAKHYATRADERS,0,0,30,0,0,0,20,24,0,0,20,5,0,0,0,0,0,0,0,0,0,0,0,0,0,0,0,0,0,0,0,0,0,0,0,0,0,0,0,0,0,0,0,0,0,0,0,0
BHM140,MAHAKALITRADERS-GULABBAGH,0,0,0,0,0,0,0,0,0,0,0,0,0,0,0,0,0,0,0,0,0,0,0,0,0,0,0,0,0,0,0,0,0,0,0,0,0,0,0,0,0,0,0,0,0,0,0,0
BHV025,VARUNHARDWARE,0,0,80,65,0,0,80,0,0,0,60,0,0,0,0,0,0,0,0,0,0,0,0,0,0,0,0,0,0,0,0,0,0,0,0,0,0,0,0,0,0,0,0,0,0,0,0,0
BHD023,DURGACEMENTAGENCY,0,0,0,0,0,0,0,0,0,0,0,0,0,0,0,0,0,0,0,0,0,0,0,0,0,0,0,0,0,0,0,0,0,0,0,0,0,0,0,0,0,0,0,0,0,0,0,0
BHD024,DARSHAN ENTERPRISES,50,125,100,128,50,25,100,25,0,0,0,30,0,0,25,50,0,0,50,25,0,0,50,25,0,0,75,25,0,0,50,50,0,0,50,75,0,0,50,50,0,0,50,50,0,0,50,125
BHG043,GAURAVENTERPRISES-PRATAPGANJ,0,0,0,0,0,0,0,0,0,0,0,0,0,0,0,0,0,0,0,0,0,0,0,0,0,0,0,0,0,0,0,0,0,0,0,0,0,0,0,0,0,0,0,0,0,0,0,0
BHN043,NAYANTRADERS,0,0,0,0,0,0,0,0,0,0,0,0,0,0,0,0,0,0,0,0,0,0,0,0,0,0,0,0,0,0,0,0,0,0,0,0,0,0,0,0,0,0,0,0,0,0,0,0
BHT016,TASKEENTRADERS,0,0,0,0,0,0,0,0,0,0,0,0,0,0,0,0,0,0,0,0,0,0,0,0,0,0,0,0,0,0,0,0,0,0,0,0,0,0,0,0,0,0,0,0,0,0,0,0
BHS229,SHREEHEERATRADERS,0,0,0,0,0,0,0,0,0,0,0,0,0,0,0,0,0,0,0,0,0,0,0,0,0,0,0,0,0,0,0,0,0,0,0,0,0,0,0,0,0,0,0,0,0,0,0,0
BHD025,DEEPAKENTERPRISES,0,0,0,0,0,0,0,0,0,0,0,0,0,0,0,0,0,0,0,0,0,0,0,0,0,0,0,0,0,0,0,0,0,0,0,0,0,0,0,0,0,0,0,0,0,0,0,0
BHS231,SHRIVISHWAKARMATRADERS,0,0,0,0,0,0,0,0,0,0,0,0,0,0,0,0,0,0,0,0,0,0,0,0,0,0,0,0,0,0,0,0,0,0,0,0,0,0,0,0,0,0,0,0,0,0,0,0
BHG042,GAURAVANDSAURAVKIRANA,0,0,0,0,0,0,0,0,0,0,0,0,0,0,0,0,0,0,0,0,0,0,0,0,0,0,0,0,0,0,0,0,0,0,0,0,0,0,0,0,0,0,0,0,0,0,0,0
BHS228,SRIBALAJITRADERS,0,0,0,0,0,0,0,0,0,0,0,0,0,0,0,0,0,0,0,0,0,0,0,0,0,0,0,0,0,0,0,0,0,0,0,0,0,0,0,0,0,0,0,0,0,0,0,0
BHP045,PRAKASHENTERPRISES-MAHUA,0,0,0,0,0,0,0,0,0,0,0,0,0,0,0,0,0,0,0,0,0,0,0,0,0,0,0,0,0,0,0,0,0,0,0,0,0,0,0,0,0,0,0,0,0,0,0,0
NEW011,WILLS STONE CRUSHER,140,0,0,0,0,0,0,0,0,0,0,0,0,0,0,0,0,0,0,0,0,0,0,0,0,0,0,0,0,0,0,0,0,0,0,0,0,0,0,0,0,0,0,0,0,0,0,0
SKT001,THAKUR AND SONS,25,0,25,0,0,0,20,12,0,0,15,23,0,0,20,22,0,0,25,12,0,0,15,0,0,0,20,7.5,0,0,25,33,0,0,35,0,0,0,20,12,0,0,24,14,0,0,50,8
SKR002,RAJU ENTERPRISES . RANIPOOL,30,72,46,11,75,22,45,16,0,0,20,13,0,0,20,14,0,0,50,12.5,0,0,25,10,0,0,20,0,0,0,25,11,0,0,15,0,0,0,15,19,0,0,15,26,0,0,50,29
SKP003,P.K.ENTERPRISES-JORETHANG,0,0,0,0,0,0,0,0,0,0,0,0,0,0,0,0,0,0,0,0,0,0,0,0,0,0,0,0,0,0,0,0,0,0,0,0,0,0,0,0,0,0,0,0,0,0,0,0
NEB279,BORAILTRADING,0,0,0,0,0,0,0,0,0,0,0,0,0,0,0,0,0,0,0,0,0,0,0,0,0,0,0,0,0,0,0,0,0,0,0,0,0,0,0,0,0,0,0,0,0,0,0,0
NES581,SANDHYATRADERS-SILCHAR,0,10.5,0,0,40,0,0,0,0,0,0,0,0,0,0,0,0,0,0,0,0,0,0,0,0,0,0,0,0,0,0,0,0,0,0,0,0,0,0,0,0,0,90,0,0,0,0,10
NES580,SHYAM PLY HOUSE,30,35,40,20,32.5,0,0,32.5,0,0,30,0,0,0,30,27.5,0,0,30,0,0,0,30,20,0,0,30,20,0,0,50,20,0,0,50,20,0,0,50,40,0,0,50,20,0,0,60,35
NEM341,MARUTI STORE,0,0,80,0,0,0,80,0,0,0,35,0,0,0,0,0,0,0,0,0,0,0,0,0,0,0,0,0,0,0,0,0,0,0,0,0,0,0,0,25,0,0,0,0,0,0,0,0
WBG092,GARIBNAWAJHARDWARESHOP,0,0,0,0,0,0,0,0,0,0,0,0,0,0,0,0,0,0,0,0,0,0,0,0,0,0,0,0,0,0,0,0,0,0,0,0,0,0,0,0,0,0,0,0,0,0,0,0
WBM296,MOKTADER ENTERPRISE,150,155,100,174.3,125,70.5,125,139.5,0,0,100,157,0,0,125,153.5,0,0,125,106.5,0,0,100,110,0,0,100,125,0,0,100,50.5,0,0,100,251,0,0,125,234.5,0,0,125,214.5,0,0,200,220
WBS333,SRI RAMKRISHNA SALES AGENCY,0,0,410,0,0,0,0,0,0,0,0,0,0,0,0,0,0,0,0,0,0,0,0,0,0,0,0,0,0,0,0,0,0,0,0,0,0,0,0,0,0,0,0,0,0,0,0,0
NER246,RUPALI HARDWARE,0,0,40,20,0,0,500,40,0,0,22,20,0,0,22.4,0,0,0,30,20,0,0,40,0,0,0,0,0,0,0,0,0,0,0,0,0,0,0,0,0,0,0,0,0,0,0,0,0
BHK059,KUMARTRADERS-RAJAPAKAR,0,0,0,0,0,0,0,0,0,0,0,0,0,0,0,0,0,0,0,0,0,0,0,0,0,0,0,0,0,0,0,0,0,0,0,0,0,0,0,0,0,0,0,0,0,0,0,0
BHS232,SAH ENTERPRISES,300,390,220,230,300,60,230,240,0,0,225,225,0,0,200,235,0,0,250,260,0,0,250,250,0,0,250,145,0,0,250,285,0,0,290,360,0,0,275,275,0,0,300,300,0,0,350,360
WBS332,SHIVSHAKTIENTERPRISE-DARJEELING,0,0,0,0,0,0,0,0,0,0,0,0,0,0,0,0,0,0,0,0,0,0,0,0,0,0,0,0,0,0,0,0,0,0,0,0,0,0,0,0,0,0,0,0,0,0,0,0
BHG045,GANDHITRADERS,0,0,0,0,0,0,0,0,0,0,0,0,0,0,0,0,0,0,0,0,0,0,0,0,0,0,0,0,0,0,0,0,0,0,0,0,0,0,0,0,0,0,0,0,0,0,0,0
NEG145,GAURIGANESHENTERPRISE,0,0,0,0,0,0,0,0,0,0,0,0,0,0,0,0,0,0,0,0,0,0,0,0,0,0,0,0,0,0,0,0,0,0,0,0,0,0,0,0,0,0,0,0,0,0,0,0
NES584,SRI HANUMAN ENTERPRISE,0,0,614,510,0,0,1400,600,0,0,594,40,0,0,0,0,0,0,0,0,0,0,0,0,0,0,0,0,0,0,0,0,0,0,0,0,0,0,0,0,0,0,0,0,0,0,0,0
NEA350,AYUSHTRADING,0,0,0,0,0,0,0,0,0,0,0,0,0,0,0,0,0,0,0,0,0,0,0,0,0,0,0,0,0,0,0,0,0,0,0,0,0,0,0,0,0,0,0,0,0,0,0,0
BHL018,LAXMITRADERS-BANGRA,0,0,0,0,0,0,0,0,0,0,0,0,0,0,0,0,0,0,0,0,0,0,0,0,0,0,0,0,0,0,0,0,0,0,0,0,0,0,0,0,0,0,0,0,0,0,0,0
BHV026,VIJAYENGINEERINGWORKS,0,0,0,0,0,0,0,0,0,0,0,0,0,0,0,0,0,0,0,0,0,0,0,0,0,0,0,0,0,0,0,0,0,0,0,0,0,0,0,0,0,0,0,0,0,0,0,0
WBM298,MAAMANASHAENTERPRISE-BALURGHAT,0,0,0,0,0,0,0,0,0,0,0,0,0,0,0,0,0,0,0,0,0,0,0,0,0,0,0,0,0,0,0,0,0,0,0,0,0,0,0,0,0,0,0,0,0,0,0,0
WBG093,GUPTA TRADERS . DAKSHIN DINAJPUR,180,347,130,180,260,107,150,180,0,0,110,146,0,0,140,60,0,0,100,102,0,0,100,147,0,0,170,170,0,0,170,65,0,0,190,50,0,0,150,151,0,0,200,201,0,0,270,418
BHS233,SHIVTRADERS-PATARGHAT,0,0,0,0,0,0,0,0,0,0,0,0,0,0,0,0,0,0,0,0,0,0,0,0,0,0,0,0,0,0,0,0,0,0,0,0,0,0,0,0,0,0,0,0,0,0,0,0
BHS234,SHREERAMENTERPRISES,0,0,0,0,0,0,0,0,0,0,0,0,0,0,0,0,0,0,0,0,0,0,0,0,0,0,0,0,0,0,0,0,0,0,0,0,0,0,0,0,0,0,0,0,0,0,0,0
BHN044,NIRMANTRADERS-PATNA,0,0,0,0,0,0,0,0,0,0,0,0,0,0,0,0,0,0,0,0,0,0,0,0,0,0,0,0,0,0,0,0,0,0,0,0,0,0,0,0,0,0,0,0,0,0,0,0
BHJ053,JAIMATADISTORE,0,0,0,0,0,0,0,0,0,0,0,0,0,0,0,0,0,0,0,0,0,0,0,0,0,0,0,0,0,0,0,0,0,0,0,0,0,0,0,0,0,0,0,0,0,0,0,0
NEB282,BHAITY STORE,120,65,80,0,120,25,0,0,0,0,30,104,0,0,60,40,0,0,80,40,0,0,50,45,0,0,0,65,0,0,80,40,0,0,80,40,0,0,80,60,0,0,100,60,0,0,100,55
NEB281,BHARAT ENTERPRISE,0,0,82.5,162.25,0,0,146,120.75,0,0,82.5,0,0,0,0,0,0,0,0,0,0,0,0,0,0,0,0,0,0,0,0,0,0,0,0,0,0,0,0,0,0,0,0,0,0,0,0,0
BHS235,SHIVTRADERS-KUNAULI,0,0,0,0,0,0,0,0,0,0,0,0,0,0,0,0,0,0,0,0,0,0,0,0,0,0,0,0,0,0,0,0,0,0,0,0,0,0,0,0,0,0,0,0,0,0,0,0
BHJ054,JAIMATADITRADERS-ULAO,0,0,0,0,0,0,0,0,0,0,0,0,0,0,0,0,0,0,0,0,0,0,0,0,0,0,0,0,0,0,0,0,0,0,0,0,0,0,0,0,0,0,0,0,0,0,0,0
NEP233,PARBIN ENTERPRISE,310,287.5,305,321.5,280,39,320,307,0,0,200,207.5,0,0,250,257,0,0,300,269,0,0,375,247,0,0,300,254.5,0,0,290,177.5,0,0,275,251.5,0,0,275,200,0,0,275,242,0,0,300,310
NEM342,MAAKUNJAHARDWARE,0,0,0,0,0,0,0,0,0,0,0,0,0,0,0,0,0,0,0,0,0,0,0,0,0,0,0,0,0,0,0,0,0,0,0,0,0,0,0,0,0,0,0,0,0,0,0,0
NES587,SONTOTRADERS,0,0,0,0,0,0,0,0,0,0,0,0,0,0,0,0,0,0,0,0,0,0,0,0,0,0,0,0,0,0,0,0,0,0,0,0,0,0,0,0,0,0,0,0,0,0,0,0
BHP046,PRASHANTTRADERS-SULINDABAD,0,0,25,0,0,0,0,0,0,0,0,0,0,0,0,0,0,0,0,0,0,0,0,0,0,0,0,0,0,0,0,0,0,0,0,0,0,0,0,0,0,0,0,0,0,0,0,0
NES588,SHANTILALJAIN&CO,0,0,0,0,0,0,0,0,0,0,0,0,0,0,0,0,0,0,0,0,0,0,0,0,0,0,0,0,0,0,0,0,0,0,0,0,0,0,0,0,0,0,0,0,0,0,0,0
WBB148,BANIGHOSHSIKDAR,0,0,0,0,0,0,0,0,0,0,0,0,0,0,0,0,0,0,0,0,0,0,0,0,0,0,0,0,0,0,0,0,0,0,0,0,0,0,0,0,0,0,0,0,0,0,0,0
BHS236,SRIPRAKASHTRADERS,0,0,0,0,0,0,0,0,0,0,0,0,0,0,0,0,0,0,0,0,0,0,0,0,0,0,0,0,0,0,0,0,0,0,0,0,0,0,0,0,0,0,0,0,0,0,0,0
NEK170,KAMRUPSTEELCENTER,0,0,0,0,0,0,0,0,0,0,0,0,0,0,0,0,0,0,0,0,0,0,0,0,0,0,0,0,0,0,0,0,0,0,0,0,0,0,0,0,0,0,0,0,0,0,0,0
NED206,DINGRA ENTERPRISE,30,25,50,31.5,50,0,40,25.5,0,0,25,15,0,0,25,40.5,0,0,30,15,0,0,25,25,0,0,25,50,0,0,25,15,0,0,50,25,0,0,45,50,0,0,50,50,0,0,85,45
NEK171,KIRTIKAMALBARUAH,0,0,0,0,0,0,0,0,0,0,0,0,0,0,0,0,0,0,0,0,0,0,0,0,0,0,0,0,0,0,0,0,0,0,0,0,0,0,0,0,0,0,0,0,0,0,0,0
NEN189,NARGIS HARDWARE,0,0,25,74.5,0,0,50,25,0,0,50,25,0,0,40,12.5,0,0,25,12.5,0,0,38,0,0,0,25,0,0,0,72,0,0,0,50,0,0,0,50,0,0,0,0,0,0,0,0,0
BHA083,AGARWAL TRADING CO,0,3.5,120,10.5,100,0,250,8,0,0,240,0,0,0,100,0,0,0,225,0,0,0,225,0,0,0,125,13,0,0,50,0,0,0,50,0,0,0,0,0,0,0,0,0,0,0,0,0
BHR092,RAJIV RANJAN ENTERPRISES,220,235,150,110,220,94,130,201,0,0,150,232.5,0,0,200,241.5,0,0,220,201,0,0,200,201,0,0,200,201,0,0,200,205,0,0,200,202,0,0,200,203,0,0,200,202,0,0,220,262.8
BHS237,SHIV ENTERPRISES - BIHAT,30,0,75,25,25,0,50,25,0,0,50,50,0,0,50,50,0,0,60,25,0,0,50,30,0,0,75,70,0,0,50,55,0,0,50,0,0,0,25,30,0,0,30,0,0,0,50,0
NEN190,NUNG ENTERPRISE,40,40,60,80,93,0,60,80,0,0,80,80,0,0,120,120,0,0,100,60,0,0,120,69.2,0,0,80,40,0,0,80,84.65,0,0,80,75,0,0,85,40,0,0,50,95,0,0,120,55
BHV027,VIJAYCEMENTPRODUCT,0,0,0,0,0,0,0,0,0,0,0,0,0,0,0,0,0,0,0,0,0,0,0,0,0,0,0,0,0,0,0,0,0,0,0,0,0,0,0,0,0,0,0,0,0,0,0,0
BHM142,MAHADEOANDSONS,0,0,0,0,0,0,0,0,0,0,0,0,0,0,0,0,0,0,0,0,0,0,0,0,0,0,0,0,0,0,0,0,0,0,0,0,0,0,0,0,0,0,0,0,0,0,0,0
NEB283,BHAGWATI TRADER,130,100,110,55,115,0,0,115,0,0,100,81,0,0,120,140,0,0,160,140,0,0,150,40,0,0,160,150,0,0,150,112.5,0,0,150,190,0,0,170,180,0,0,200,115,0,0,260,230
WBA150,ASHIRUDDIN HARDWARE,0,0,75,0,0,0,100,42,0,0,100,40,0,0,100,30,0,0,75,10,0,0,100,10,0,0,50,0,0,0,375,0,0,0,300,0,0,0,300,0,0,0,200,0,0,0,0,0
NEK173,KKKUMBANGENTERPRISE,0,0,200,0,0,0,80,0,0,0,0,0,0,0,0,0,0,0,0,0,0,0,0,0,0,0,0,0,0,0,0,0,0,0,0,0,0,0,0,0,0,0,0,0,0,0,0,0
BHB071,BALAJIDISTRIBUTORS,0,0,0,0,0,0,0,0,0,0,0,0,0,0,0,0,0,0,0,0,0,0,0,0,0,0,0,0,0,0,0,0,0,0,0,0,0,0,0,0,0,0,0,0,0,0,0,0
BHR093,RIDHISIDHITRADING,0,0,0,0,0,0,0,0,0,0,0,0,0,0,0,0,0,0,0,0,0,0,0,0,0,0,0,0,0,0,0,0,0,0,0,0,0,0,0,0,0,0,0,0,0,0,0,0
SKR003,RAMA ENTERPRISES - YANGANG,35,38,30,0,40,30,30,0,0,0,20,0,0,0,20,28,0,0,25,15,0,0,15,32,0,0,35,15,0,0,30,30,0,0,30,12,0,0,15,15,0,0,30,50,0,0,65,66
NEN191,NIDEESHWARAM HARDWARE,150,40,100,120,150,60,300,120,0,0,110,80,0,0,78.4,40,0,0,60,100,0,0,100,20,0,0,80,80,0,0,80,60,0,0,110,80,0,0,80,100,0,0,160,140,0,0,20,120
NEJ141,JOY KALI HARDWARE'S,75,40,100,50,75,20,100,50,0,0,75,50,0,0,75,75,0,0,75,25,0,0,75,75,0,0,50,75,0,0,75,100,0,0,75,50,0,0,125,75,0,0,75,75,0,0,75,100
NEN192,NATIONAL ENTERPRISE,100,210,110,60,66,45,100,20,0,0,50,40,0,0,50,20,0,0,60,40,0,0,50,20,0,0,50,40,0,0,84,40,0,0,20,20,0,0,22,60,0,0,33,110,0,0,66,130
NEZ015,ZR ENTERPRISE,120,132.5,120,80,180,36,140,175.5,0,0,100,87.5,0,0,200,80,0,0,150,321.65,0,0,200,20,0,0,200,177.5,0,0,200,37,0,0,100,40,0,0,120,107.45,0,0,120,212,0,0,150,139
NEJ142,JKHARDWAREANDENGINEERINGSOLUTIONS,0,0,0,0,0,0,0,0,0,0,0,0,0,0,0,0,0,0,0,0,0,0,0,0,0,0,39,0,0,0,0,0,0,0,0,0,0,0,0,0,0,0,0,0,0,0,0,0
BHB072,BHOLATRADING-SAHARSA,0,0,0,0,0,0,0,0,0,0,0,0,0,0,0,0,0,0,0,0,0,0,0,0,0,0,0,0,0,0,0,0,0,0,0,0,0,0,0,0,0,0,0,0,0,0,0,0
NES590,STEELS HOUSE,210,60,255,90,135,0,223,150,0,0,215,90,0,0,110,120,0,0,190,90,0,0,115,120,0,0,205,165.55,0,0,170,100,0,0,145,45,0,0,270,60,0,0,185,115,0,0,190,5
BHB073,BAJRANGTRADERS-GAMHARIA,0,0,0,0,0,0,0,0,0,0,0,0,0,0,0,0,0,0,0,0,0,0,0,0,0,0,0,0,0,0,0,0,0,0,0,0,0,0,0,0,0,0,0,0,0,0,0,0
NEG147,GONESH HARDWARE STORES,45,15,50,0,40,0,25,40,0,0,40,0,0,0,40,20,0,0,20,15,0,0,40,10,0,0,20,40,0,0,30,0,0,0,40,0,0,0,40,27,0,0,40,22,0,0,30,15
NEJ143,JAGDAMBA ENTERPRISE,140,120,130,120,160,40,140,90,0,0,140,80,0,0,160,120,0,0,160,100,0,0,120,80,0,0,120,120,0,0,180,160,0,0,180,80,0,0,120,120,0,0,120,80,0,0,120,97.5
NEB284,BARUWATI HARDWARE,45,0,50,55,45,0,70,40,0,0,40,0,0,0,40,20,0,0,40,15,0,0,40,15,0,0,25,60,0,0,40,21,0,0,40,20,0,0,40,24,0,0,65,44,0,0,70,69
NEU044,U.K.H. ENTERPRISE,250,140,199,204.5,190,0,199,276.5,0,0,180,218.5,0,0,180,117,0,0,220,60,0,0,120,75,0,0,50,78.25,0,0,50,14,0,0,100,161,0,0,150,118,0,0,85,73.5,0,0,155,185.5
BHO008,OMTRADING-GULABBAGH,0,0,0,0,0,30,0,0,0,0,0,0,0,0,0,0,0,0,0,0,0,0,0,0,0,0,0,0,0,0,0,0,0,0,0,0,0,0,0,0,0,0,0,0,0,0,0,0
WBS334,SHARMA HARDWARE SHOP - KHAPRAIL,300,334.25,450,378.15,300,27,350,252,0,0,400,125.5,0,0,400,137.7,0,0,400,0,0,0,150,0,0,0,150,0,0,0,0,0,0,0,0,0,0,0,300,0,0,0,350,160.5,0,0,285,505.45
WBR149,ROUFANDSONSHARDWARE,0,0,0,0,0,0,0,0,0,0,0,0,0,0,0,0,0,0,0,0,0,0,0,0,0,0,0,0,0,0,0,0,0,0,0,0,0,0,0,0,0,0,0,0,0,0,0,0
BHS238,SHREEJAGDAMBATRADERS,0,0,0,0,0,0,0,0,0,0,0,0,0,0,0,0,0,0,0,0,0,0,0,0,0,0,0,0,0,0,0,0,0,0,0,0,0,0,0,0,0,0,0,0,0,0,0,0
NER247,R.K. ENTERPRISES,100,95,100,65,100,0,80,40,0,0,75,60,0,0,40,40,0,0,40,60,0,0,80,45,0,0,66,40,0,0,60,60,0,0,100,40,0,0,90,60,0,0,120,80,0,0,120,80
NER248,ROHUL HARDWARE STORE,40,0,100,25,30,0,125,0,0,0,100,30,0,0,50,25,0,0,60,0,0,0,55,0,0,0,50,0,0,0,50,25,0,0,50,0,0,0,100,0,0,0,100,25,0,0,100,25
BHT017,THAKUR AND SONS - GAYGHAT,45,35,40,0,50,25,45,25,0,0,45,50,0,0,45,25,0,0,100,25,0,0,45,25,0,0,75,25,0,0,50,25,0,0,70,25,0,0,40,40,0,0,75,30,0,0,70,30
NEM343,MAA ENTERPRISE-GHY,46,20,175,121,55,0,130,118.75,0,0,150,53.75,0,0,150,113.75,0,0,200,80.5,0,0,149.5,13,0,0,124,76.5,0,0,200,50.5,0,0,185,71.75,0,0,100,55.5,0,0,220,26.75,0,0,25,0
NEN193,NEW TARUN HARDWARE STORE,50,0,40,0,50,0,35,40,0,0,30,20,0,0,40,20,0,0,40,10,0,0,30,30,0,0,30,20,0,0,30,30,0,0,30,20,0,0,30,30,0,0,35,45,0,0,50,45
NER249,R.M.TRADERS,0,0,0,0,0,0,0,0,0,0,0,0,0,0,0,0,0,0,0,0,0,0,25,0,0,0,0,0,0,0,0,0,0,0,0,0,0,0,0,0,0,0,0,0,0,0,0,0
WBJ073,JONTOSHDASGUPTA,0,0,0,0,0,0,0,0,0,0,0,0,0,0,0,0,0,0,0,0,0,0,0,0,0,0,0,0,0,0,0,0,0,0,0,0,0,0,0,0,0,0,0,0,0,0,0,0
BHB074,BALAJIENTERPRISES-HAJIPUR,0,0,0,0,0,0,0,0,0,0,0,0,0,0,0,0,0,0,0,0,0,0,0,0,0,0,0,0,0,0,0,0,0,0,0,0,0,0,0,0,0,0,0,0,0,0,0,0
WBG094,GADADHAR GHOSH,0,0,0,12,0,0,0,12,0,0,0,12,0,0,0,12,0,0,0,0,0,0,0,0,0,0,0,0,0,0,0,0,0,0,0,0,0,0,0,0,0,0,0,0,0,0,0,0
NEL104,LYNGKHOI HARDWARE,224,0,0,0,230,0,0,0,0,0,0,0,0,0,0,0,0,0,0,0,0,0,0,0,0,0,0,0,0,0,0,0,0,0,0,0,0,0,0,0,0,0,0,0,0,0,100,0
BHA084,AAMIRENTERPRISES,20,0,0,0,30,0,0,0,0,0,0,0,0,0,0,0,0,0,0,0,0,0,0,0,0,0,0,0,0,0,0,0,0,0,0,0,0,0,30,0,0,0,30,0,0,0,30,7
BHS239,SHRIMAHAVIRENTERPRISES,0,0,0,0,0,0,0,0,0,0,0,0,0,0,0,0,0,0,0,0,0,0,0,0,0,0,0,0,0,0,0,0,0,0,0,0,0,0,0,0,0,0,0,0,0,0,0,0
WBS335,SREE BALAJI HARDWARE STORES,150,156,200,120,200,12,100,204,0,0,130,169,0,0,150,122,0,0,150,105,0,0,120,66,0,0,120,54,0,0,100,122,0,0,200,202,0,0,175,176,0,0,150,186,0,0,220,307
BHA085,ABDALITRADERS,0,0,0,0,0,0,0,0,0,0,0,0,0,0,0,0,0,0,0,0,0,0,0,0,0,0,0,0,0,0,0,0,0,0,0,0,0,0,0,0,0,0,0,0,0,0,0,0
NES592,SREEMOYEEHARDWARE,0,0,0,0,0,0,0,0,0,0,0,0,0,0,0,0,0,0,0,0,0,0,0,0,0,0,0,0,0,0,0,0,0,0,0,0,0,0,0,0,0,0,0,0,0,0,0,0
NEG148,G.L. ENTERPRISE .,50,66,250,52,50,0,350,83,0,0,155,52,0,0,120,52,0,0,210,52,0,0,80,26,0,0,80,52,0,0,60,52,0,0,110,26,0,0,60,78,0,0,80,26,0,0,130,69
NER250,ROYAL ENTERPRISE,250,250,250,250,250,25,250,205,0,0,150,155,0,0,200,175,0,0,200,150,0,0,250,150,0,0,250,125,0,0,200,125,0,0,200,205,0,0,200,175,0,0,200,254.45,0,0,300,285
NEF020,FARUKENTERPRISE,0,0,0,0,0,0,0,0,0,0,0,0,0,0,0,0,0,0,0,0,0,0,0,0,0,0,0,0,0,0,0,0,0,0,0,0,0,0,0,0,0,0,0,0,0,0,0,0
BHA086,AARADHYAENTERPRISES,0,0,0,0,0,0,0,0,0,0,0,0,0,0,0,0,0,0,0,0,0,0,0,0,0,0,0,0,0,0,0,0,0,0,0,0,0,0,0,0,0,0,0,0,0,0,0,0
BHS240,SUNRISEENTERPRISES-SAHARSA,0,0,0,0,0,0,0,0,0,0,0,0,0,0,0,0,0,0,0,0,0,0,0,0,0,0,0,0,0,0,0,0,0,0,0,0,0,0,0,0,0,0,0,0,0,0,0,0
BHG046,GAURAVTRADERS,0,0,0,0,0,0,0,0,0,0,0,0,0,0,0,0,0,0,0,0,0,0,0,0,0,0,0,0,0,0,0,0,0,0,0,0,0,0,0,0,0,0,0,0,0,0,0,0
NEB285,BONIAHARDWARESTORE-DEKARGORHA,0,0,30,0,0,0,40,0,0,0,0,0,0,0,0,0,0,0,0,0,0,0,0,0,0,0,0,0,0,0,0,0,0,0,0,0,0,0,0,0,0,0,0,0,0,0,0,0
NER251,ROYAL ENTERPRISE-AP,40,0,120,40,80,0,80,0,0,0,20,0,0,0,0,0,0,0,0,0,0,0,0,0,0,0,40,40,0,0,40,40,0,0,40,0,0,0,40,0,0,0,40,0,0,0,40,0
NEH124,HANUMANENTERPRISE,0,0,0,0,0,0,0,0,0,0,0,0,0,0,0,0,0,0,0,0,0,0,0,0,0,0,0,0,0,0,0,0,0,0,0,0,0,0,0,0,0,0,0,0,0,0,0,0
NEN194,N.J. HARDWARE,100,0,30,70,50,15,500,70,0,0,66,50,0,0,44.8,50,0,0,30,20,0,0,60,30,0,0,60,34,0,0,60,28.5,0,0,100,30,0,0,60,32.5,0,0,80,70,0,0,40,45
NEB286,BORAHENTERPRISE,0,0,0,0,0,0,0,0,0,0,0,0,0,0,0,0,0,0,0,0,0,0,0,0,0,0,0,0,0,0,0,0,0,0,0,0,0,0,0,0,0,0,0,0,0,0,0,0
BHS241,SHIVCEMENTSTORE,0,0,0,0,0,0,0,0,0,0,0,0,0,0,0,0,0,0,0,0,0,0,0,0,0,0,0,0,0,0,0,0,0,0,0,0,0,0,0,0,0,0,0,0,0,0,0,0
BHM143,MAHALAKSHMIENTERPRISES,0,0,0,0,0,0,0,0,0,0,0,0,0,0,0,0,0,0,0,0,0,0,0,0,0,0,0,0,0,0,0,0,0,0,0,0,0,0,0,0,0,0,0,0,0,0,0,0
WBA153,AJAY AND SONS,0,0,15,0,0,0,80,0,0,0,0,0,0,0,0,0,0,0,0,0,0,0,0,0,0,0,0,0,0,0,0,0,0,0,0,0,0,0,50,0,0,0,0,0,0,0,0,0
WBP091,PROBIR HARDWARE,50,55,55,50,50,25,50,25,0,0,50,0,0,0,30,25,0,0,40,15,0,0,35,25,0,0,35,22,0,0,30,20,0,0,25,30,0,0,25,25,0,0,45,72,0,0,75,75
WBN105,NORTHBENGALIRONANDSTEELPRIVATELIMITED,0,0,0,0,0,0,0,0,0,0,0,0,0,0,0,0,0,0,0,0,0,0,0,0,0,0,0,0,0,0,0,0,0,0,0,0,0,0,0,0,0,0,0,0,0,0,0,0
BHM144,MANISHACEMENTSTORE,0,0,0,0,0,0,0,0,0,0,0,0,0,0,0,0,0,0,0,0,0,0,0,0,0,0,0,0,0,0,0,0,0,0,0,0,0,0,0,0,0,0,0,0,0,0,0,0
NEA356,ASHIKHARDWARE,0,0,0,0,0,0,0,0,0,0,0,0,0,0,0,0,0,0,0,0,0,0,0,0,0,0,0,0,0,0,0,0,0,0,0,0,0,0,0,0,0,0,0,0,0,0,0,0
NES595,S S ENTERPRISE,120,154.5,165,225.5,125,50,220,124.5,0,0,150,132.5,0,0,150,149.5,0,0,165,147,0,0,165,75,0,0,150,125,0,0,150,119.5,0,0,150,70,0,0,150,107,0,0,150,119,0,0,150,194.5
NER253,RAJSHREEHARDWARE,0,0,0,0,0,0,0,0,0,0,0,0,0,0,0,0,0,0,0,0,0,0,0,0,0,0,0,0,0,0,0,0,0,0,0,0,0,0,0,0,0,0,0,0,0,0,0,0
WBS336,SAMARGHOSH,0,0,0,0,0,0,0,0,0,0,0,0,0,0,0,0,0,0,0,0,0,0,0,0,0,0,0,0,0,0,0,0,0,0,0,0,0,0,0,0,0,0,0,0,0,0,0,0
NES596,S.B.ENTERPRISE,0,0,0,0,0,0,0,0,0,0,0,0,0,0,0,0,0,0,0,0,0,0,0,0,0,0,0,0,0,0,0,0,0,0,0,0,0,0,0,0,0,0,0,0,0,0,0,0
NEJ146,JACOBS' STAR ENTERPRISES,155,0,250,430,205,0,165,400,0,0,300,0,0,0,365,67.5,0,0,340,63,0,0,260,75,0,0,315,162,0,0,230,106.5,0,0,160,124,0,0,160,175,0,0,186,140,0,0,196.5,70
BHM145,MAASHAKAMBHARITRADERS,0,0,0,0,0,0,0,0,0,0,0,0,0,0,0,0,0,0,0,0,0,0,0,0,0,0,0,0,0,0,0,0,0,0,0,0,0,0,0,0,0,0,0,0,0,0,0,0
BHR094,ROYAL CEMENTS,150,235,150,115,250,50,150,150,0,0,100,100,0,0,100,100,0,0,125,105,0,0,125,110,0,0,100,115,0,0,100,155,0,0,149.997,175,0,0,200,200,0,0,200,250,0,0,250,175
NEH125,ASSAMHARDWARE-SILCHAR,0,0,0,0,0,0,0,0,0,0,0,0,0,0,0,0,0,0,0,0,0,0,0,0,0,0,0,0,0,0,0,0,0,0,0,0,0,0,0,0,0,0,0,0,0,0,0,0
NEB287,BUILDERSAGENCY,0,0,0,0,0,0,0,0,0,0,0,0,0,0,0,0,0,0,0,0,0,0,0,0,0,0,0,0,0,0,0,0,0,0,0,0,0,0,0,0,0,0,0,0,0,0,0,0
NED210,D.C. PAINTS HOUSE,0,0,31,13,0,0,44,13,0,0,13,0,0,0,20,13,0,0,20,0,0,0,13,0,0,0,13,0,0,0,13,0,0,0,0,0,0,0,0,0,0,0,0,0,0,0,0,0
BHN045,NEHATRADERS-MURLIGANJ,0,0,0,0,0,0,0,0,0,0,0,0,0,0,0,0,0,0,0,0,0,0,0,0,0,0,0,0,0,0,0,0,0,0,0,0,0,0,0,0,0,0,0,0,0,0,0,0
WBS337,SKAINULHAQUEENTERPRISE,0,0,0,0,0,0,0,0,0,0,0,0,0,0,0,0,0,0,0,0,0,0,0,0,0,0,0,0,0,0,0,0,0,0,0,0,0,0,0,0,0,0,0,0,0,0,0,0
BHA087,ANISHCEMENTSTORE,0,0,0,0,0,0,0,0,0,0,0,0,0,0,0,0,0,0,0,0,0,0,0,0,0,0,0,0,0,0,0,0,0,0,0,0,0,0,0,0,0,0,0,0,0,0,0,0
WBA154,AHAMED HARDWARE,90,50,60,66,60,10,55,30,0,0,40,40,0,0,30,20,0,0,40,20,0,0,20,20,0,0,35,30,0,0,40,0,0,0,50,0,0,0,20,30,0,0,80,15,0,0,140,36
WBM299,MAHALAKSHMIHARDWARE,0,0,0,0,0,0,0,0,0,0,0,0,0,0,0,0,0,0,0,0,0,0,0,0,0,0,0,0,0,0,0,0,0,0,0,0,0,0,0,0,0,0,0,0,0,0,0,0
BHD026,DEVIKRIPAENTERPRISES,0,0,0,0,0,0,0,0,0,0,0,0,0,0,0,0,0,0,0,0,0,0,0,0,0,0,0,0,0,0,0,0,0,0,0,0,0,0,0,0,0,0,0,0,0,0,0,0
BHJ055,JAI MATA DI TRADERS - SAHARSA,50,50,25,30,50,30,25,85,0,0,50,55,0,0,25,55,0,0,50,60,0,0,50,25,0,0,75,25,0,0,50,25,0,0,50,50,0,0,50,55,0,0,50,50,0,0,50,65
BHN046,NIRMAN TRADERS - SONBARSA RAJ,0,0,25,0,0,0,0,0,0,0,0,0,0,0,0,0,0,0,100,0,0,0,0,0,0,0,0,0,0,0,0,0,0,0,0,0,0,0,0,0,0,0,0,0,0,0,0,0
BHM146,MAA BHAWANI TRADERS - KOLASHI,100,90,50,50,100,0,60,75,0,0,50,30,0,0,60,101,0,0,100,101,0,0,100,102,0,0,100,70,0,0,80,105,0,0,125,125,0,0,110,140,0,0,120,80,0,0,200,130
BHH021,HARI OM TRADERS - BHAWANIPUR,0,0,20,0,0,0,20,10,0,0,20,0,0,0,0,10,0,0,0,0,0,0,0,0,0,0,0,0,0,0,0,0,0,0,0,0,0,0,0,0,0,0,0,0,0,0,0,0
BHS242,SINHA MARKETING,45,64,20,24,100,0,50,8.5,0,0,50,16,0,0,70,8,0,0,75,8,0,0,30,16,0,0,50,0,0,0,25,25,0,0,60,5,0,0,50,8,0,0,50,16,0,0,30,16
NEK176,KALITA ENTERPRISE,935,1076.75,500,745.5,847,624.5,400,672.5,0,0,550,830,0,0,650,1284.5,0,0,960,1082.3,0,0,800,783.2,0,0,800,958,0,0,960,818.5,0,0,960,1153.25,0,0,1210,1371.5,0,0,1260,1551.75,0,0,1650,1344.6
NEM348,MAA BHAWANI STORE,200,198.9,160,150,200,0,0,150,0,0,160,150,0,0,160,100,0,0,160,150,0,0,150,23.4,0,0,200,80,0,0,200,100,0,0,200,50,0,0,160,140,0,0,200,249.1,0,0,240,228
NET169,TAJ ENTERPRISE,650,564,550,580,500,113,550,441,0,0,350,340,0,0,350,455,0,0,450,375,0,0,450,407.2,0,0,500,502,0,0,550,510,0,0,550,550.5,0,0,550,550,0,0,600,485,0,0,650,838
NER255,RAJBONGSHIENTERPRISE,0,0,0,0,0,0,0,0,0,0,0,0,0,0,0,0,0,0,0,0,0,0,0,0,0,0,0,0,0,0,0,0,0,0,0,0,0,0,0,0,0,0,0,0,0,0,0,0
NEP241,PREMODA HARDWARE,0,0,0,0,0,0,500,0,0,0,11,0,0,0,0,0,0,0,20,0,0,0,0,0,0,0,0,0,0,0,0,0,0,0,0,0,0,0,0,0,0,0,0,0,0,0,0,0
NES598,SWASTISHREE,150,80,180,252.5,150,0,150,172.5,0,0,130,83,0,0,90,127.5,0,0,100,113.5,0,0,80,119.5,0,0,100,112.5,0,0,150,170,0,0,170,132.5,0,0,200,184,0,0,160,170,0,0,0,171.5
WBS338,SARKARENTERPRISE-DHUMADIGHI,0,0,0,0,0,0,0,0,0,0,0,0,0,0,0,0,0,0,0,0,0,0,0,0,0,0,0,0,0,0,0,0,0,0,0,0,0,0,0,0,0,0,0,0,0,0,0,0
NES600,SITI HARDWARE,0,0,40,20,0,13,500,10,0,0,0,10,0,0,0,0,0,0,10,0,0,0,0,0,0,0,0,0,0,0,0,0,0,0,0,0,0,0,0,0,0,0,0,0,0,0,0,0
NEM347,M P ENTERPRISE,220,117.95,180,184.75,200,61.3,230,176.25,0,0,190,110.5,0,0,180,216.4,0,0,170,295.7,0,0,200,241.75,0,0,250,132.4,0,0,260,268.3,0,0,250,310.85,0,0,330,228.6,0,0,210,296.55,0,0,240,237.1
NED212,DUTTA HARDWARE-JRT,50,20,40,25,50,15,25,35,0,0,30,30,0,0,40,25,0,0,50,25,0,0,40,25,0,0,30,20,0,0,50,20,0,0,40,30,0,0,50,20,0,0,70,46,0,0,80,47
NEB290,BEEHARDWARESTORES,0,0,0,0,0,0,0,0,0,0,0,0,0,0,0,0,0,0,0,0,0,0,0,0,0,0,0,0,0,0,0,0,0,0,0,0,0,0,0,0,0,0,0,0,0,0,0,0
NEB288,BANIK ENTERPRISE,60,50,75,30,60,0,50,55,0,0,50,15,0,0,50,30,0,0,60,33.5,0,0,50,0,0,0,50,50.5,0,0,50,25,0,0,60,55,0,0,50,50,0,0,85,50,0,0,120,50
NEP242,PRIYA HARDWARE,160,130,150,166,220,15,180,115.5,0,0,125,110.5,0,0,150,112,0,0,150,134.5,0,0,170,131.5,0,0,150,161,0,0,160,136,0,0,170,189,0,0,170,138.5,0,0,200,220.2,0,0,230,148
NEP240,PAULENTERPRISE,0,0,0,0,0,0,0,0,0,0,0,0,0,0,0,0,0,0,0,0,0,0,0,0,0,0,0,0,0,0,0,0,0,0,0,0,0,0,0,0,0,0,0,0,0,0,0,0
NEA358,APURBA TRADERS,120,105,100,142,140,58.5,100,137.5,0,0,70,100,0,0,100,120,0,0,100,119.5,0,0,80,75,0,0,110,125,0,0,100,151,0,0,120,162.5,0,0,120,175,0,0,120,200,0,0,0,210
NER256,RAMDINGLIANA&SONS,0,0,0,0,0,0,0,0,0,0,0,0,0,0,0,0,0,0,0,0,0,0,0,0,0,0,0,0,0,0,0,0,0,0,0,0,0,0,0,0,0,0,0,0,0,0,0,0
NEG149,G D HARDWARES .,1650,1486,2730,1689,1700,607.5,2510,1532,0,0,2355,1499,0,0,2335,2046,0,0,2175,1877,0,0,2100,1400,0,0,2100,1514,0,0,2050,2692.5,0,0,2085,1256,0,0,2105,1466,0,0,2500,1613,0,0,1800,1642.5
NEA357,ASMSTEELSTORE,0,0,0,0,0,0,0,0,0,0,0,0,0,0,0,0,0,0,0,0,0,0,0,0,0,0,0,0,0,0,0,0,0,0,0,0,0,0,0,0,0,0,0,0,0,0,0,0
SKD003,DINESHAGARWAL,0,0,0,0,0,0,0,0,0,0,0,0,0,0,0,0,0,0,0,0,0,0,0,0,0,0,0,0,0,0,0,0,0,0,0,0,0,0,0,0,0,0,0,0,0,0,0,0
WBH053,HELLOCONSTRUCTION,0,0,0,0,0,0,0,0,0,0,0,0,0,0,0,0,0,0,0,0,0,0,0,0,0,0,0,0,0,0,0,0,0,0,0,0,0,0,0,0,0,0,0,0,0,0,0,0
WBM300,MAACHANDISUPPLIERS,0,0,0,0,0,0,0,0,0,0,0,0,0,0,0,0,0,0,0,0,0,0,0,0,0,0,0,0,0,0,0,0,0,0,0,0,0,0,0,0,0,0,0,0,0,0,0,0
BHB075,BHANUTRADING,0,0,0,0,0,0,0,0,0,0,0,0,0,0,0,0,0,0,0,0,0,0,0,0,0,0,0,0,0,0,0,0,0,0,0,0,0,0,0,0,0,0,0,0,0,0,0,0
BHS243,SAMITAENTERPRISES,0,0,0,0,0,0,0,0,0,0,0,0,0,0,0,0,0,0,0,0,0,0,0,0,0,0,0,0,0,0,0,0,0,0,0,0,0,0,0,0,0,0,0,0,0,0,0,0
BHJ056,JAIMANGLAENTERPRISES,0,0,0,0,0,0,0,0,0,0,0,0,0,0,0,0,0,0,0,0,0,0,0,0,0,0,0,0,0,0,0,0,0,0,0,0,0,0,0,0,0,0,0,0,0,0,0,0
G051,GAURIGANESHENTERPRISE,0,0,0,0,0,0,0,0,0,0,0,0,0,0,0,0,0,0,0,0,0,0,0,0,0,0,0,0,0,0,0,0,0,0,0,0,0,0,0,0,0,0,0,0,0,0,0,0
NEZ017,ZIAHARDWARE,0,0,20,0,0,0,0,0,0,0,0,0,0,0,0,0,0,0,0,0,0,0,0,0,0,0,0,0,0,0,0,0,0,0,0,0,0,0,0,0,0,0,0,0,0,0,0,0
NEB291,BISWAKARMA HARDWARE,0,0,20,0,0,0,20,0,0,0,0,0,0,0,0,0,0,0,0,0,0,0,0,0,0,0,0,0,0,0,0,0,0,0,0,0,0,0,0,0,0,0,0,0,0,0,0,0
NEG150,GLASS CORNER,0,0,0,0,0,0,300,0,0,0,0,0,0,0,0,0,0,0,0,0,0,0,0,0,0,0,0,0,0,0,0,0,0,0,0,0,0,0,0,0,0,0,0,0,0,0,0,0
NEM349,MOROMI ENTERPRISE,240,300,130,200,200,40,500,100,0,0,99,80,0,0,117.6,140,0,0,130,120,0,0,140,120,0,0,116,180,0,0,125,120,0,0,140,100,0,0,130,200,0,0,160,180,0,0,200,300
NEN199,NAGCONSTRUCTION,0,0,0,0,0,0,0,0,0,0,0,0,0,0,0,0,0,0,0,0,0,0,0,0,0,0,0,0,0,0,0,0,0,0,0,0,0,0,0,0,0,0,0,0,0,0,0,0
NEL105,LH ENTERPRISES,55,0,20,0,0,0,60,0,0,0,20,0,0,0,60,0,0,0,50,0,0,0,60,37.75,0,0,0,0,0,0,60,38,0,0,40,20,0,0,40,0,0,0,24,40,0,0,65.75,0
WBN106,NURTRADERS,0,0,0,0,0,0,0,0,0,0,0,0,0,0,0,0,0,0,0,0,0,0,0,0,0,0,0,0,0,0,0,0,0,0,0,0,0,0,0,0,0,0,0,0,0,0,0,0
BHK060,KHUSHNAYABTRADERS,0,0,0,0,0,0,0,0,0,0,0,0,0,0,0,0,0,0,0,0,0,0,0,0,0,0,0,0,0,0,0,0,0,0,0,0,0,0,0,0,0,0,0,0,0,0,0,0
WBJ059,JADAVCHANDRAPRAMANIK,0,0,0,0,0,0,0,0,0,0,0,0,0,0,0,0,0,0,0,0,0,0,0,0,0,0,0,0,0,0,0,0,0,0,0,0,0,0,0,0,0,0,0,0,0,0,0,0
WBN082,NEWASHAHARDWARE,0,0,0,0,0,0,0,0,0,0,0,0,0,0,0,0,0,0,0,0,0,0,0,0,0,0,0,0,0,0,0,0,0,0,0,0,0,0,0,0,0,0,0,0,0,0,0,0
WBK061,KAIRIBUILDERS,0,0,0,0,0,0,0,0,0,0,0,0,0,0,0,0,0,0,0,0,0,0,0,0,0,0,0,0,0,0,0,0,0,0,0,0,0,0,0,0,0,0,0,0,0,0,0,0
WBT064,TUHIBBULALAM,0,0,0,0,0,0,0,0,0,0,0,0,0,0,0,0,0,0,0,0,0,0,0,0,0,0,0,0,0,0,0,0,0,0,0,0,0,0,0,0,0,0,0,0,0,0,0,0
WBB091,BMENTERPRISE,0,0,0,0,0,0,0,0,0,0,0,0,0,0,0,0,0,0,0,0,0,0,0,0,0,0,0,0,0,0,0,0,0,0,0,0,0,0,0,0,0,0,0,0,0,0,0,0
A221,ASIKENTERPRISE,0,0,0,0,0,0,0,0,0,0,0,0,0,0,0,0,0,0,0,0,0,0,0,0,0,0,0,0,0,0,0,0,0,0,0,0,0,0,0,0,0,0,0,0,0,0,0,0
WBB081,BABABISHWANATHAGENCY,0,0,0,0,0,0,0,0,0,0,0,0,0,0,0,0,0,0,0,0,0,0,0,0,0,0,0,0,0,0,0,0,0,0,0,0,0,0,0,0,0,0,0,0,0,0,0,0
WBS216,SAFIKULISLAM,0,0,0,0,0,0,0,0,0,0,0,0,0,0,0,0,0,0,0,0,0,0,0,0,0,0,0,0,0,0,0,0,0,0,0,0,0,0,0,0,0,0,0,0,0,0,0,0
WBS244,SAHIDULISLAM,0,0,0,0,0,0,0,0,0,0,0,0,0,0,0,0,0,0,0,0,0,0,0,0,0,0,0,0,0,0,0,0,0,0,0,0,0,0,0,0,0,0,0,0,0,0,0,0
WBM254,MAAENTERPRISE(BALIADANGA),0,0,0,0,0,0,0,0,0,0,0,0,0,0,0,0,0,0,0,0,0,0,0,0,0,0,0,0,0,0,0,0,0,0,0,0,0,0,0,0,0,0,0,0,0,0,0,0
B164,BASIRENTERPRISE,0,0,0,0,0,0,0,0,0,0,0,0,0,0,0,0,0,0,0,0,0,0,0,0,0,0,0,0,0,0,0,0,0,0,0,0,0,0,0,0,0,0,0,0,0,0,0,0
WBM243,MDYOUSUFALI,0,0,0,0,0,0,0,0,0,0,0,0,0,0,0,0,0,0,0,0,0,0,0,0,0,0,0,0,0,0,0,0,0,0,0,0,0,0,0,0,0,0,0,0,0,0,0,0
WBA091,AYUSHTRADING,0,0,0,0,0,0,0,0,0,0,0,0,0,0,0,0,0,0,0,0,0,0,0,0,0,0,0,0,0,0,0,0,0,0,0,0,0,0,0,0,0,0,0,0,0,0,0,0
WBS249,SRIRAMCONSTRUCTION,0,0,0,0,0,0,0,0,0,0,0,0,0,0,0,0,0,0,0,0,0,0,0,0,0,0,0,0,0,0,0,0,0,0,0,0,0,0,0,0,0,0,0,0,0,0,0,0
WBS238,SRIKRISHNAHARDWARE(BALURGHAT),0,0,0,0,0,0,0,0,0,0,0,0,0,0,0,0,0,0,0,0,0,0,0,0,0,0,0,0,0,0,0,0,0,0,0,0,0,0,0,0,0,0,0,0,0,0,0,0
WBG078,GOURIENTERPRISE(DAKSHINDINAJPUR),0,0,0,0,0,0,0,0,0,0,0,0,0,0,0,0,0,0,0,0,0,0,0,0,0,0,0,0,0,0,0,0,0,0,0,0,0,0,0,0,0,0,0,0,0,0,0,0
WBR117,ROYENTERPRISE(BALURGHAT),0,0,0,0,0,0,0,0,0,0,0,0,0,0,0,0,0,0,0,0,0,0,0,0,0,0,0,0,0,0,0,0,0,0,0,0,0,0,0,0,0,0,0,0,0,0,0,0
WBR095,RIZWANENTERPRISES,0,0,0,0,0,0,0,0,0,0,0,0,0,0,0,0,0,0,0,0,0,0,0,0,0,0,0,0,0,0,0,0,0,0,0,0,0,0,0,0,0,0,0,0,0,0,0,0
R128,RAJASEN(UTTARDINAJPUR),0,0,0,0,0,0,0,0,0,0,0,0,0,0,0,0,0,0,0,0,0,0,0,0,0,0,0,0,0,0,0,0,0,0,0,0,0,0,0,0,0,0,0,0,0,0,0,0
WBS181,SAROJHARDWARESTORES,0,0,0,0,0,0,0,0,0,0,0,0,0,0,0,0,0,0,0,0,0,0,0,0,0,0,0,0,0,0,0,0,0,0,0,0,0,0,0,0,0,0,0,0,0,0,0,0
WBR111,R.K.HARDWARE(ISLAMPUR),0,0,0,0,0,0,0,0,0,0,0,0,0,0,0,0,0,0,0,0,0,0,0,0,0,0,0,0,0,0,0,0,0,0,0,0,0,0,0,0,0,0,0,0,0,0,0,0
WBA092,AHMADSUPPLIER,0,0,0,0,0,0,0,0,0,0,0,0,0,0,0,0,0,0,0,0,0,0,0,0,0,0,0,0,0,0,0,0,0,0,0,0,0,0,0,0,0,0,0,0,0,0,0,0
D120,DASENTERPRISE(UTTARDINAJPUR),0,0,0,0,0,0,0,0,0,0,0,0,0,0,0,0,0,0,0,0,0,0,0,0,0,0,0,0,0,0,0,0,0,0,0,0,0,0,0,0,0,0,0,0,0,0,0,0
WBG007,GITAENTERPRISE,0,0,0,0,0,0,0,0,0,0,0,0,0,0,0,0,0,0,0,0,0,0,0,0,0,0,0,0,0,0,0,0,0,0,0,0,0,0,0,0,0,0,0,0,0,0,0,0
WBM159,MKSTEEL,0,0,0,0,0,0,0,0,0,0,0,0,0,0,0,0,0,0,0,0,0,0,0,0,0,0,0,0,0,0,0,0,0,0,0,0,0,0,0,0,0,0,0,0,0,0,0,0
WBS214,SAHAANDSONS,0,0,0,0,0,0,0,0,0,0,0,0,0,0,0,0,0,0,0,0,0,0,0,0,0,0,0,0,0,0,0,0,0,0,0,0,0,0,0,0,0,0,0,0,0,0,0,0
WBZ001,ZEENATENTERPRISE,0,0,0,0,0,0,0,0,0,0,0,0,0,0,0,0,0,0,0,0,0,0,0,0,0,0,0,0,0,0,0,0,0,0,0,0,0,0,0,0,0,0,0,0,0,0,0,0
R157,RAMBUILDERS,0,0,0,0,0,0,0,0,0,0,0,0,0,0,0,0,0,0,0,0,0,0,0,0,0,0,0,0,0,0,0,0,0,0,0,0,0,0,0,0,0,0,0,0,0,0,0,0
P147,PAWANKUMARKHORIA,0,0,0,0,0,0,0,0,0,0,0,0,0,0,0,0,0,0,0,0,0,0,0,0,0,0,0,0,0,0,0,0,0,0,0,0,0,0,0,0,0,0,0,0,0,0,0,0
S568,STHAPATYA,0,0,0,0,0,0,0,0,0,0,0,0,0,0,0,0,0,0,0,0,0,0,0,0,0,0,0,0,0,0,0,0,0,0,0,0,0,0,0,0,0,0,0,0,0,0,0,0
WBS174,SANJAYAGARWAL,0,0,0,0,0,0,0,0,0,0,0,0,0,0,0,0,0,0,0,0,0,0,0,0,0,0,0,0,0,0,0,0,0,0,0,0,0,0,0,0,0,0,0,0,0,0,0,0
WBK042,KWALITYENTERPRISES,0,0,0,0,0,0,0,0,0,0,0,0,0,0,0,0,0,0,0,0,0,0,0,0,0,0,0,0,0,0,0,0,0,0,0,0,0,0,0,0,0,0,0,0,0,0,0,0
WBP062,PLUSCENTRE,0,0,0,0,0,0,0,0,0,0,0,0,0,0,0,0,0,0,0,0,0,0,0,0,0,0,0,0,0,0,0,0,0,0,0,0,0,0,0,0,0,0,0,0,0,0,0,0
WBJ040,JITENDRAPRASADGUPTA,0,0,0,0,0,0,0,0,0,0,0,0,0,0,0,0,0,0,0,0,0,0,0,0,0,0,0,0,0,0,0,0,0,0,0,0,0,0,0,0,0,0,0,0,0,0,0,0
WBJ043,JAISWALENTERPRISES(SIKKIM),0,0,0,0,0,0,0,0,0,0,0,0,0,0,0,0,0,0,0,0,0,0,0,0,0,0,0,0,0,0,0,0,0,0,0,0,0,0,0,0,0,0,0,0,0,0,0,0
WBU015,USHALAKHOTIA,0,0,0,0,0,0,0,0,0,0,0,0,0,0,0,0,0,0,0,0,0,0,0,0,0,0,0,0,0,0,0,0,0,0,0,0,0,0,0,0,0,0,0,0,0,0,0,0
WBP070,PRASADCEMENTHOUSE,0,0,0,0,0,0,0,0,0,0,0,0,0,0,0,0,0,0,0,0,0,0,0,0,0,0,0,0,0,0,0,0,0,0,0,0,0,0,0,0,0,0,0,0,0,0,0,0
WBB104,BALAJIENTERPRISE(SIKKIM),0,0,0,0,0,0,0,0,0,0,0,0,0,0,0,0,0,0,0,0,0,0,0,0,0,0,0,0,0,0,0,0,0,0,0,0,0,0,0,0,0,0,0,0,0,0,0,0
WBB107,BISHNUENTERPRISES(SIKKIM),0,0,0,0,0,0,0,0,0,0,0,0,0,0,0,0,0,0,0,0,0,0,0,0,0,0,0,0,0,0,0,0,0,0,0,0,0,0,0,0,0,0,0,0,0,0,0,0
WBR106,RMANHARDWARE,0,0,0,0,0,0,0,0,0,0,0,0,0,0,0,0,0,0,0,0,0,0,0,0,0,0,0,0,0,0,0,0,0,0,0,0,0,0,0,0,0,0,0,0,0,0,0,0
WBG071,GUHASTOCKDEPOT,0,0,0,0,0,0,0,0,0,0,0,0,0,0,0,0,0,0,0,0,0,0,0,0,0,0,0,0,0,0,0,0,0,0,0,0,0,0,0,0,0,0,0,0,0,0,0,0
WBP076,PHANIHARDWAREANDIRONSTORE,0,0,0,0,0,0,0,0,0,0,0,0,0,0,0,0,0,0,0,0,0,0,0,0,0,0,0,0,0,0,0,0,0,0,0,0,0,0,0,0,0,0,0,0,0,0,0,0
WBB124,BISLANIAENTERPRISES,0,0,0,0,0,0,0,0,0,0,0,0,0,0,0,0,0,0,0,0,0,0,0,0,0,0,0,0,0,0,0,0,0,0,0,0,0,0,0,0,0,0,0,0,0,0,0,0
SKN001,NINESTARAGENCY,0,0,0,0,0,0,0,0,0,0,0,0,0,0,0,0,0,0,0,0,0,0,0,0,0,0,0,0,0,0,0,0,0,0,0,0,0,0,0,0,0,0,0,0,0,0,0,0
BHJ037,JINDALHARDWARE,0,0,0,0,0,0,0,0,0,0,0,0,0,0,0,0,0,0,0,0,0,0,0,0,0,0,0,0,0,0,0,0,0,0,0,0,0,0,0,0,0,0,0,0,0,0,0,0
BHS131,S.K.TRADERS(KISHANGANJ),0,0,0,0,0,0,0,0,0,0,0,0,0,0,0,0,0,0,0,0,0,0,0,0,0,0,0,0,0,0,0,0,0,0,0,0,0,0,0,0,0,0,0,0,0,0,0,0
BHS177,SUJEETKUMARCHOUDHARY,0,0,0,0,0,0,0,0,0,0,0,0,0,0,0,0,0,0,0,0,0,0,0,0,0,0,0,0,0,0,0,0,0,0,0,0,0,0,0,0,0,0,0,0,0,0,0,0
BHU011,USHAENTERPRISES,0,0,0,0,0,0,0,0,0,0,0,0,0,0,0,0,0,0,0,0,0,0,0,0,0,0,0,0,0,0,0,0,0,0,0,0,0,0,0,0,0,0,0,0,0,0,0,0
S369,SARFRAJENTERPRISES,0,0,0,0,0,0,0,0,0,0,0,0,0,0,0,0,0,0,0,0,0,0,0,0,0,0,0,0,0,0,0,0,0,0,0,0,0,0,0,0,0,0,0,0,0,0,0,0
U025,UTSAVTRADINGCOMPANY,0,0,0,0,0,0,0,0,0,0,0,0,0,0,0,0,0,0,0,0,0,0,0,0,0,0,0,0,0,0,0,0,0,0,0,0,0,0,0,0,0,0,0,0,0,0,0,0
BHC006,CHANDANTRADERS(BANMANKHI),0,0,0,0,0,0,0,0,0,0,0,0,0,0,0,0,0,0,0,0,0,0,0,0,0,0,0,0,0,0,0,0,0,0,0,0,0,0,0,0,0,0,0,0,0,0,0,0
BHS169,S.S.TRADERS,0,0,0,0,0,0,0,0,0,0,0,0,0,0,0,0,0,0,0,0,0,0,0,0,0,0,0,0,0,0,0,0,0,0,0,0,0,0,0,0,0,0,0,0,0,0,0,0
BHM110,MAAENTERPRISES(KADWA),0,0,0,0,0,0,0,0,0,0,0,0,0,0,0,0,0,0,0,0,0,0,0,0,0,0,0,0,0,0,0,0,0,0,0,0,0,0,0,0,0,0,0,0,0,0,0,0
BHB063,BROTHERSINDUSTRIES,0,0,0,0,0,0,0,0,0,0,0,0,0,0,0,0,0,0,0,0,0,0,0,0,0,0,0,0,0,0,0,0,0,0,0,0,0,0,0,0,0,0,0,0,0,0,0,0
BHB064,BHARTIENTERPRISES,0,0,0,0,0,0,0,0,0,0,0,0,0,0,0,0,0,0,0,0,0,0,0,0,0,0,0,0,0,0,0,0,0,0,0,0,0,0,0,0,0,0,0,0,0,0,0,0
BHS168,SRIRAMSALES,0,0,0,0,0,0,0,0,0,0,0,0,0,0,0,0,0,0,0,0,0,0,0,0,0,0,0,0,0,0,0,0,0,0,0,0,0,0,0,0,0,0,0,0,0,0,0,0
BHR063,RAMKRISHIKENDR(FULLIDUMAR),0,0,0,0,0,0,0,0,0,0,0,0,0,0,0,0,0,0,0,0,0,0,0,0,0,0,0,0,0,0,0,0,0,0,0,0,0,0,0,0,0,0,0,0,0,0,0,0
BHG029,GANINATH ENTERPRISES,0,0,50,30,0,0,50,30,0,0,75,0,0,0,25,25,0,0,200,0,0,0,75,0,0,0,125,0,0,0,0,0,0,0,0,0,0,0,0,0,0,0,0,0,0,0,0,0
BHM105,MukhiyaTraders,0,0,0,0,0,0,0,0,0,0,0,0,0,0,0,0,0,0,0,0,0,0,0,0,0,0,0,0,0,0,0,0,0,0,0,0,0,0,0,0,0,0,0,0,0,0,0,0
BHB066,BABAENTERPRISES(KUMARKHAND),0,0,0,0,0,0,0,0,0,0,0,0,0,0,0,0,0,0,0,0,0,0,0,0,0,0,0,0,0,0,0,0,0,0,0,0,0,0,0,0,0,0,0,0,0,0,0,0
M256,M.K.C.ENTERPRISES,0,0,0,0,0,0,0,0,0,0,0,0,0,0,0,0,0,0,0,0,0,0,0,0,0,0,0,0,0,0,0,0,0,0,0,0,0,0,0,0,0,0,0,0,0,0,0,0
BHK019,KANHAIYATRADERS(SAHEBPURKAMAL),0,0,0,0,0,0,0,0,0,0,0,0,0,0,0,0,0,0,0,0,0,0,0,0,0,0,0,0,0,0,0,0,0,0,0,0,0,0,0,0,0,0,0,0,0,0,0,0
A174,ANAMIKAENTERPRISE(BEGUSARAI),0,0,0,0,0,0,0,0,0,0,0,0,0,0,0,0,0,0,0,0,0,0,0,0,0,0,0,0,0,0,0,0,0,0,0,0,0,0,0,0,0,0,0,0,0,0,0,0
BHH004,HANUMANTRADINGCOMPANY,0,0,0,0,0,0,0,0,0,0,0,0,0,0,0,0,0,0,0,0,0,0,0,0,0,0,0,0,0,0,0,0,0,0,0,0,0,0,0,0,0,0,0,0,0,0,0,0
BHG030,GANESHENTERPRISES,0,0,0,0,0,0,0,0,0,0,0,0,0,0,0,0,0,0,0,0,0,0,0,0,0,0,0,0,0,0,0,0,0,0,0,0,0,0,0,0,0,0,0,0,0,0,0,0
BHC012,CHAUDHARICEMENTBHANDAR(GOGRI),0,0,0,0,0,0,0,0,0,0,0,0,0,0,0,0,0,0,0,0,0,0,0,0,0,0,0,0,0,0,0,0,0,0,0,0,0,0,0,0,0,0,0,0,0,0,0,0
M419,MAHARSHIMEHIENTERPRISES,0,0,0,0,0,0,0,0,0,0,0,0,0,0,0,0,0,0,0,0,0,0,0,0,0,0,0,0,0,0,0,0,0,0,0,0,0,0,0,0,0,0,0,0,0,0,0,0
BHJ040,JKSTEEL(ROSERA),0,0,0,0,0,0,0,0,0,0,0,0,0,0,0,0,0,0,0,0,0,0,0,0,0,0,0,0,0,0,0,0,0,0,0,0,0,0,0,0,0,0,0,0,0,0,0,0
BHA041,ADARSHCEMENTSTORES(BISHANPUR),0,0,0,0,0,0,0,0,0,0,0,0,0,0,0,0,0,0,0,0,0,0,0,0,0,0,0,0,0,0,0,0,0,0,0,0,0,0,0,0,0,0,0,0,0,0,0,0
BHN018,NEWCHAUHANTRADERS(KANTI),0,0,0,0,0,0,0,0,0,0,0,0,0,0,0,0,0,0,0,0,0,0,0,0,0,0,0,0,0,0,0,0,0,0,0,0,0,0,0,0,0,0,0,0,0,0,0,0
BHD012,DILIPHARDWARE(SUMERAROAD),0,0,0,0,0,0,0,0,0,0,0,0,0,0,0,0,0,0,0,0,0,0,0,0,0,0,0,0,0,0,0,0,0,0,0,0,0,0,0,0,0,0,0,0,0,0,0,0
BHM009,MANIYARITRADERS,0,0,0,0,0,0,0,0,0,0,0,0,0,0,0,0,0,0,0,0,0,0,0,0,0,0,0,0,0,0,0,0,0,0,0,0,0,0,0,0,0,0,0,0,0,0,0,0
BHM021,MITHILACOALAGENCY,0,0,0,0,0,0,0,0,0,0,0,0,0,0,0,0,0,0,0,0,0,0,0,0,0,0,0,0,0,0,0,0,0,0,0,0,0,0,0,0,0,0,0,0,0,0,0,0
BHP020,PRAMODTRADERS(KUDHANI),0,0,0,0,0,0,0,0,0,0,0,0,0,0,0,0,0,0,0,0,0,0,0,0,0,0,0,0,0,0,0,0,0,0,0,0,0,0,0,0,0,0,0,0,0,0,0,0
BHM114,MAATARAENTERPRISES(CHANAKYAPURI),0,0,0,0,0,0,0,0,0,0,0,0,0,0,0,0,0,0,0,0,0,0,0,0,0,0,0,0,0,0,0,0,0,0,0,0,0,0,0,0,0,0,0,0,0,0,0,0
BHS003,S.N.TRADERS,0,0,0,0,0,0,0,0,0,0,0,0,0,0,0,0,0,0,0,0,0,0,0,0,0,0,0,0,0,0,0,0,0,0,0,0,0,0,0,0,0,0,0,0,0,0,0,0
BHS073,SINGHTRADERS(BHIKHANPUR),0,0,0,0,0,0,0,0,0,0,0,0,0,0,0,0,0,0,0,0,0,0,0,0,0,0,0,0,0,0,0,0,0,0,0,0,0,0,0,0,0,0,0,0,0,0,0,0
BHS006,SANNIENTERPRISES,0,0,0,0,0,0,0,0,0,0,0,0,0,0,0,0,0,0,0,0,0,0,0,0,0,0,0,0,0,0,0,0,0,0,0,0,0,0,0,0,0,0,0,0,0,0,0,0
BHJ038,JAISWALTRADERS(SITAMARHI),0,0,0,0,0,0,0,0,0,0,0,0,0,0,0,0,0,0,0,0,0,0,0,0,0,0,0,0,0,0,0,0,0,0,0,0,0,0,0,0,0,0,0,0,0,0,0,0
BHA058,AAKASHTRADERS,0,0,0,0,0,0,0,0,0,0,0,0,0,0,0,0,0,0,0,0,0,0,0,0,0,0,0,0,0,0,0,0,0,0,0,0,0,0,0,0,0,0,0,0,0,0,0,0
BHU013,UMACEMENTBHANDAR(DUMRA),0,0,0,0,0,0,0,0,0,0,0,0,0,0,0,0,0,0,0,0,0,0,0,0,0,0,0,0,0,0,0,0,0,0,0,0,0,0,0,0,0,0,0,0,0,0,0,0
BHS123,SHREEAMBIKATRADERS(RUNNISAIDPUR),0,0,0,0,0,0,0,0,0,0,0,0,0,0,0,0,0,0,0,0,0,0,0,0,0,0,0,0,0,0,0,0,0,0,0,0,0,0,0,0,0,0,0,0,0,0,0,0
BHM068,MAACEMENT(DHANAUT),0,0,0,0,0,0,0,0,0,0,0,0,0,0,0,0,0,0,0,0,0,0,0,0,0,0,0,0,0,0,0,0,0,0,0,0,0,0,0,0,0,0,0,0,0,0,0,0
BHK021,KAILASHPATITRADERS(FATUHA),0,0,0,0,0,0,0,0,0,0,0,0,0,0,0,0,0,0,0,0,0,0,0,0,0,0,0,0,0,0,0,0,0,0,0,0,0,0,0,0,0,0,0,0,0,0,0,0
C112,CEMENTTRADERS,0,0,0,0,0,0,0,0,0,0,0,0,0,0,0,0,0,0,0,0,0,0,0,0,0,0,0,0,0,0,0,0,0,0,0,0,0,0,0,0,0,0,0,0,0,0,0,0
BHT007,TIYACEMENTSTORE,0,0,0,0,0,0,0,0,0,0,0,0,0,0,0,0,0,0,0,0,0,0,0,0,0,0,0,0,0,0,0,0,0,0,0,0,0,0,0,0,0,0,0,0,0,0,0,0
BHJ018,JAIBABABASUKINATH(KANKARBAGH),0,0,0,0,0,0,0,0,0,0,0,0,0,0,0,0,0,0,0,0,0,0,0,0,0,0,0,0,0,0,0,0,0,0,0,0,0,0,0,0,0,0,0,0,0,0,0,0
BHM008,MAHABIRTRADERS(SALEMPUR),0,0,0,0,0,0,0,0,0,0,0,0,0,0,0,0,0,0,0,0,0,0,0,0,0,0,0,0,0,0,0,0,0,0,0,0,0,0,0,0,0,0,0,0,0,0,0,0
D122,DEEPALICEMENTSTORE,0,0,0,0,0,0,0,0,0,0,0,0,0,0,0,0,0,0,0,0,0,0,0,0,0,0,0,0,0,0,0,0,0,0,0,0,0,0,0,0,0,0,0,0,0,0,0,0
BHS023,SURAJTRADERS,0,0,0,0,0,0,0,0,0,0,0,0,0,0,0,0,0,0,30,0,0,0,0,0,0,0,20,0,0,0,40,0,0,0,0,0,0,0,0,0,0,0,0,0,0,0,40,0
BHB053,BAJRANGENTERPRISES(LALGANJ),0,0,0,0,0,0,0,0,0,0,0,0,0,0,0,0,0,0,0,0,0,0,0,0,0,0,0,0,0,0,0,0,0,0,0,0,0,0,0,0,0,0,0,0,0,0,0,0
C035,CITYHARDWARE,0,0,0,0,0,0,0,0,0,0,0,0,0,0,0,0,0,0,0,0,0,0,0,0,0,0,0,0,0,0,0,0,0,0,0,0,0,0,0,0,0,0,0,0,0,0,0,0
D085,DEKAHARDWARE&STEEL,0,0,0,0,0,0,0,0,0,0,0,0,0,0,0,0,0,0,0,0,0,0,0,0,0,0,0,0,0,0,0,0,0,0,0,0,0,0,0,0,0,0,0,0,0,0,0,0
I015,ISPATUDYOG,0,0,0,0,0,0,0,0,0,0,0,0,0,0,0,0,0,0,0,0,0,0,0,0,0,0,0,0,0,0,0,0,0,0,0,0,0,0,0,0,0,0,0,0,0,0,0,0
J043,JYOTIENTERPRISE,0,0,0,0,0,0,0,0,0,0,0,0,0,0,0,0,0,0,0,0,0,0,0,0,0,0,0,0,0,0,0,0,0,0,0,0,0,0,0,0,0,0,0,0,0,0,0,0
NEM237,MAJUMDARBROTHERS,0,0,0,0,0,0,0,0,0,0,0,0,0,0,0,0,0,0,0,0,0,0,0,0,0,0,0,0,0,0,0,0,0,0,0,0,0,0,0,0,0,0,0,0,0,0,0,0
NER166,R.S.TRADINGHOUSE,0,0,0,0,0,0,0,0,0,0,0,0,0,0,0,0,0,0,0,0,0,0,0,0,0,0,0,0,0,0,0,0,0,0,0,0,0,0,0,0,0,0,0,0,0,0,0,0
NEK099,KRENTERPRISE,0,0,0,0,0,0,0,0,0,0,0,0,0,0,0,0,0,0,0,0,0,0,0,0,0,0,0,0,0,0,0,0,0,0,0,0,0,0,0,0,0,0,0,0,0,0,0,0
NES125,STEELHOUSE,0,0,0,0,0,0,0,0,0,0,0,0,0,0,0,0,0,0,0,0,0,0,0,0,0,0,0,0,0,0,0,0,0,0,0,0,0,0,0,0,0,0,0,0,0,0,0,0
B124,B.K.HARDWARE,0,0,0,0,0,0,0,0,0,0,0,0,0,0,0,0,0,0,0,0,0,0,0,0,0,0,39,0,0,0,0,0,0,0,0,0,0,0,0,0,0,0,0,0,0,0,0,0
S420,SHAKILAHARDWARESTORES,0,0,0,0,0,0,0,0,0,0,0,0,0,0,0,0,0,0,0,0,0,0,0,0,0,0,0,0,0,0,0,0,0,0,0,0,0,0,0,0,0,0,0,0,0,0,0,0
NEH066,HOQUEHARDWARE(PALHAZI),0,0,0,0,0,0,0,0,0,0,0,0,0,0,0,0,0,0,0,0,0,0,0,0,0,0,0,0,0,0,0,0,0,0,0,0,0,0,0,0,0,0,0,0,0,0,0,0
K150,KEYIESENTERPRISES,0,0,0,0,0,0,0,0,0,0,0,0,0,0,0,0,0,0,0,0,0,0,0,0,0,0,0,0,0,0,0,0,0,0,0,0,0,0,0,0,0,0,0,0,0,0,0,0
S191,SHREESTEEL,0,0,0,0,0,0,0,0,0,0,0,0,0,0,0,0,0,0,0,0,0,0,0,0,0,0,0,0,0,0,0,0,0,0,0,0,0,0,0,0,0,0,0,0,0,0,0,0
NEA024,A.T.ENTERPRISES,0,0,0,0,0,0,0,0,0,0,0,0,0,0,0,0,0,0,0,0,0,0,0,0,0,0,0,0,0,0,0,0,0,0,0,0,0,0,0,0,0,0,0,0,0,0,0,0
NEH002,HITUMJOREENTERPRISES,0,0,0,0,0,0,0,0,0,0,0,0,0,0,0,0,0,0,0,0,0,0,0,0,0,0,0,0,0,0,0,0,0,0,0,0,0,0,0,0,0,0,0,0,0,0,0,0
NEK132,KDEEENTERPRISE,0,0,0,0,0,0,0,0,0,0,0,0,0,0,0,0,0,0,0,0,0,0,0,0,0,0,0,0,0,0,0,0,0,0,0,0,0,0,0,0,0,0,0,0,0,0,0,0
NEK093,KHONGMAN ENTERPRISE,0,0,0,0,0,0,0,0,0,0,0,0,0,0,0,0,0,0,0,0,0,0,0,0,0,0,0,0,0,0,0,0,0,0,0,0,0,0,0,0,0,0,0,0,0,0,0,0
NEB123,BHARGABENTERPRISE,0,0,0,0,0,0,0,0,0,0,0,0,0,0,0,0,0,0,0,0,0,0,0,0,0,0,0,0,0,0,0,0,0,0,0,0,0,0,0,0,0,0,0,0,0,0,0,0
S220,SHREEGANESHHARDWARESTORE(DIBRUGARH),0,0,0,0,0,0,0,0,0,0,0,0,0,0,0,0,0,0,0,0,0,0,0,0,0,0,0,0,0,0,0,0,0,0,0,0,0,0,0,0,0,0,0,0,0,0,0,0
Z004,ZAMZAMSTORES,0,0,0,0,0,0,0,0,0,0,0,0,0,0,0,0,0,0,0,0,0,0,0,0,0,0,0,0,0,0,0,0,0,0,0,0,0,0,0,0,0,0,0,0,0,0,0,0
NER144,RAJESHHARDWARE,0,0,0,0,0,0,0,0,0,0,0,0,0,0,0,0,0,0,0,0,0,0,0,0,0,0,0,0,0,0,0,0,0,0,0,0,0,0,0,0,0,0,0,0,0,0,0,0
NES319,SANTOSHSINGH,0,0,0,0,0,0,0,0,0,0,0,0,0,0,0,0,0,0,0,0,0,0,0,0,0,0,0,0,0,0,0,0,0,0,0,0,0,0,0,0,0,0,0,0,0,0,0,0
NEP160,PARAGTRADERS,0,0,0,0,0,0,0,0,0,0,0,0,0,0,0,0,0,0,0,0,0,0,0,0,0,0,0,0,0,0,0,0,0,0,0,0,0,0,0,0,0,0,0,0,0,0,0,0
NEA245,AIYANELECTRONICANDHARDWARE,0,0,0,0,0,0,0,0,0,0,0,0,0,0,0,0,0,0,0,0,0,0,0,0,0,0,0,0,0,0,0,0,0,0,0,0,0,0,0,0,0,0,0,0,0,0,0,0
NEM048,M.B. HARDWARE,50,75,0,0,50,0,50,0,0,0,0,0,0,0,0,0,0,0,0,0,0,0,0,0,0,0,0,20.5,0,0,20,25,0,0,20,40,0,0,40,37.5,0,0,50,43,0,0,50,75
NES092,SHARMAENTERPRISE(JORHAT),0,0,0,0,0,0,0,0,0,0,0,0,0,0,0,0,0,0,0,0,0,0,0,0,0,0,0,0,0,0,0,0,0,0,0,0,0,0,0,0,0,0,0,0,0,0,0,0
NET138,TRINAYAN & CO (JOR),0,0,0,0,0,0,0,0,0,0,0,0,0,0,0,0,0,0,0,0,0,0,0,0,0,0,0,0,0,0,0,0,0,0,0,0,0,0,0,0,0,0,0,0,0,0,0,0
NEM232,MAABHAWANICEMENTHOUSE,0,0,0,0,0,0,0,0,0,0,0,0,0,0,0,0,0,0,0,0,0,0,0,0,0,0,0,0,0,0,0,0,0,0,0,0,0,0,0,0,0,0,0,0,0,0,0,0
NEH064,HIMANCHUHARDWARE,0,0,0,0,0,0,0,0,0,0,0,0,0,0,0,0,0,0,0,0,0,0,0,0,0,0,0,0,0,0,0,0,0,0,0,0,0,0,0,0,0,0,0,0,0,0,0,0
NEA236,ANIMATILES,0,0,0,0,0,0,0,0,0,0,0,0,0,0,0,0,0,0,0,0,0,0,0,0,0,0,0,0,0,0,0,0,0,0,0,0,0,0,0,0,0,0,0,0,0,0,0,0
NEB221,BASUDEBENTERPRISE,0,0,0,0,0,0,0,0,0,0,0,0,0,0,0,0,0,0,0,0,0,0,0,0,0,0,0,0,0,0,0,0,0,0,0,0,0,0,0,0,0,0,0,0,0,0,0,0
NEB079,B.DENTERPRISE(NLP),0,0,0,0,0,0,0,0,0,0,0,0,0,0,0,0,0,0,0,0,0,0,0,0,0,0,0,0,0,0,0,0,0,0,0,0,0,0,0,0,0,0,0,0,0,0,0,0
NEB162,BHATTAANDSONSSTORE,0,0,0,0,0,0,0,0,0,0,0,0,0,0,0,0,0,0,0,0,0,0,0,0,0,0,0,0,0,0,0,0,0,0,0,0,0,0,0,0,0,0,0,0,0,0,0,0
NED134,DKCONSTRUCTION(NLP),0,0,0,0,0,0,0,0,0,0,0,0,0,0,0,0,0,0,0,0,0,0,0,0,0,0,0,0,0,0,0,0,0,0,0,0,0,0,0,0,0,0,0,0,0,0,0,0
NED056,DEVHARDWARE(NLP),0,0,0,0,0,0,0,0,0,0,0,0,0,0,0,0,0,0,0,0,0,0,0,0,0,0,0,0,0,0,0,0,0,0,0,0,0,0,0,0,0,0,0,0,0,0,0,0
NEH060,HIMALAYAENTERPRISE,0,0,0,0,0,0,0,0,0,0,0,0,0,0,0,0,0,0,0,0,0,0,0,0,0,0,0,0,0,0,0,0,0,0,0,0,0,0,0,0,0,0,0,0,0,0,0,0
NES343,SRSTORE,0,0,0,0,0,0,0,0,0,0,0,0,0,0,0,0,0,0,0,0,0,0,0,0,0,0,0,0,0,0,0,0,0,0,0,0,0,0,0,0,0,0,0,0,0,0,0,0
NES263,SWASTIKENTERPRISE,0,0,0,0,0,0,0,0,0,0,0,0,0,0,0,0,0,0,0,0,0,0,0,0,0,0,0,0,0,0,0,0,0,0,0,0,0,0,0,0,0,0,0,0,0,0,0,0
NET076,TIRUPATIENTERPRISE,0,0,0,0,0,0,0,0,0,0,0,0,0,0,0,0,0,0,0,0,0,0,0,0,0,0,0,0,0,0,0,0,0,0,0,0,0,0,0,0,0,0,0,0,0,0,0,0
NEP178,P T ENTERPRISE (NLP),0,0,0,0,0,0,0,0,0,0,0,0,0,0,0,0,0,0,0,0,0,0,0,0,0,0,0,0,0,0,0,0,0,0,0,0,0,0,0,0,0,0,0,0,0,0,0,0
NEJ095,JAGDAMBAHARDWARE(JONAI),0,0,0,0,0,0,0,0,0,0,0,0,0,0,0,0,0,0,0,0,0,0,0,0,0,0,0,0,0,0,0,0,0,0,0,0,0,0,0,0,0,0,0,0,0,0,0,0
NEI025,IMANCONSTRUCTIONANDSUPPLIERS,0,0,0,0,0,0,0,0,0,0,0,0,0,0,0,0,0,0,0,0,0,0,0,0,0,0,0,0,0,0,0,0,0,0,0,0,0,0,0,0,0,0,0,0,0,0,0,0
NET032,T.S.ENTERPRISE,0,0,0,0,0,0,0,0,0,0,0,0,0,0,0,0,0,0,0,0,0,0,0,0,0,0,0,0,0,0,0,0,0,0,0,0,0,0,0,0,0,0,0,0,0,0,0,0
NES161,SUNITAHARDWARE(TINSUKIA),0,0,0,0,0,0,0,0,0,0,0,0,0,0,0,0,0,0,0,0,0,0,0,0,0,0,0,0,0,0,0,0,0,0,0,0,0,0,0,0,0,0,0,0,0,0,0,0
NEV019,VINAYAKRAJKAMALENTERPRISES,0,0,0,0,0,0,0,0,0,0,0,0,0,0,0,0,0,0,0,0,0,0,0,0,0,0,0,0,0,0,0,0,0,0,0,0,0,0,0,0,0,0,0,0,0,0,0,0
NEH059,HARIOMAGENCIES(TSK),0,0,0,0,0,0,0,0,0,0,0,0,0,0,0,0,0,0,0,0,0,0,0,0,0,0,0,0,0,0,0,0,0,0,0,0,0,0,0,0,0,0,0,0,0,0,0,0
NEP165,PAWAN TRADERS .,0,0,0,0,0,0,0,0,0,0,0,0,0,0,0,0,0,0,0,0,0,0,0,0,0,0,0,0,0,0,0,0,0,0,0,0,0,0,0,0,0,0,0,0,0,0,0,0
NEG104,GOYAL CEMENT (TSK),0,0,0,0,0,0,0,0,0,0,0,0,0,0,0,0,0,0,0,0,0,0,0,0,0,0,0,0,0,0,0,0,0,0,0,0,0,0,0,0,0,0,0,0,0,0,0,0
NED100,DEBNATHCEMENTHOUSE,0,0,0,0,0,0,0,0,0,0,0,0,0,0,0,0,0,0,0,0,0,0,0,0,0,0,0,0,0,0,0,0,0,0,0,0,0,0,0,0,0,0,0,0,0,0,0,0
NED102,DATTATRADERS,0,0,0,0,0,0,0,0,0,0,0,0,0,0,0,0,0,0,0,0,0,0,0,0,0,0,0,0,0,0,0,0,0,0,0,0,0,0,0,0,0,0,0,0,0,0,0,0
J076,JOYRAMTRADERS(BELONIA),0,0,0,0,0,0,0,0,0,0,0,0,0,0,0,0,0,0,0,0,0,0,0,0,0,0,0,0,0,0,0,0,0,0,0,0,0,0,0,0,0,0,0,0,0,0,0,0
K158,KALIMATAHARDWARE(DHARMANAGAR),0,0,0,0,0,0,0,0,0,0,0,0,0,0,0,0,0,0,0,0,0,0,0,0,0,0,0,0,0,0,0,0,0,0,0,0,0,0,0,0,0,0,0,0,0,0,0,0
J090,J.LANGSTIEH,0,0,0,0,0,0,0,0,0,0,0,0,0,0,0,0,0,0,0,0,0,0,0,0,0,0,0,0,0,0,0,0,0,0,0,0,0,0,0,0,0,0,0,0,0,0,0,0
NEM135,MKMARBLE,0,0,0,0,0,0,0,0,0,0,0,0,0,0,0,0,0,0,0,0,0,0,0,0,0,0,0,0,0,0,0,0,0,0,0,0,0,0,0,0,0,0,0,0,0,0,0,0
NEJ099,JTENTERPRISES,0,0,0,0,0,0,0,0,0,0,0,0,0,0,0,0,0,0,0,0,0,0,0,0,0,0,0,0,0,0,0,0,0,0,0,0,0,0,0,0,0,0,0,0,0,0,0,0
NED085,DIENGNGANENTERPRISE,0,0,0,0,0,0,0,0,0,0,0,0,0,0,0,0,0,0,0,0,0,0,0,0,0,0,0,0,0,0,0,0,0,0,0,0,0,0,0,0,0,0,0,0,0,0,0,0
S265,SMT.GLORYLYNGKHOI,0,0,0,0,0,0,0,0,0,0,0,0,0,0,0,0,0,0,0,0,0,0,0,0,0,0,0,0,0,0,0,0,0,0,0,0,0,0,0,0,0,0,0,0,0,0,0,0
A132,ASSAMTRADERS(SILCHAR),0,0,0,0,0,0,0,0,0,0,0,0,0,0,0,0,0,0,0,0,0,0,0,0,0,0,0,0,0,0,0,0,0,0,0,0,0,0,0,0,0,0,0,0,0,0,0,0
NEA182,AYATURRAHMAN,0,0,0,0,0,0,0,0,0,0,0,0,0,0,0,0,0,0,0,0,0,0,0,0,0,0,0,0,0,0,0,0,0,0,0,0,0,0,0,0,0,0,0,0,0,0,0,0
NEB154,BARAKTRADERS,0,0,0,0,0,0,0,0,0,0,0,0,0,0,0,0,0,0,0,0,0,0,0,0,0,0,0,0,0,0,0,0,0,0,0,0,0,0,0,0,0,0,0,0,0,0,0,0
NEC044,CHOUDHURYENTERPRISE(SILCHAR),0,0,0,0,0,0,0,0,0,0,0,0,0,0,0,0,0,0,0,0,0,0,0,0,0,0,0,0,0,0,0,0,0,0,0,0,0,0,0,0,0,0,0,0,0,0,0,0
NEH053,HOQUEBROTHERS(SILCHAR),0,0,0,0,0,0,0,0,0,0,0,0,0,0,0,0,0,0,0,0,0,0,0,0,0,0,0,0,0,0,0,0,0,0,0,0,0,0,0,0,0,0,0,0,0,0,0,0
NEH040,HUSSAINTRADERS,0,0,0,0,0,0,0,0,0,0,0,0,0,0,0,0,0,0,0,0,0,0,0,0,0,0,0,0,0,0,0,0,0,0,0,0,0,0,0,0,0,0,0,0,0,0,0,0
NES237,SHANKARTRADING(EXPORT),0,0,0,0,0,0,0,0,0,0,0,0,0,0,0,0,0,0,0,0,0,0,0,0,0,0,0,0,0,0,0,0,0,0,0,0,0,0,0,0,0,0,0,0,0,0,0,0
NEE023,ESENTERPRISES(IMPHAL),0,0,0,0,0,0,0,0,0,0,0,0,0,0,0,0,0,0,0,0,0,0,0,0,0,0,0,0,0,0,0,0,0,0,0,0,0,0,0,0,0,0,0,0,0,0,0,0
T053,THANGJING HARDWARE,55,233,60,0,110,47,110,0,0,0,0,0,0,0,0,0,0,0,100,0,0,0,0,0,0,0,28.75,55,0,0,85,30,0,0,35,80,0,0,60,313,0,0,66,342,0,0,422.25,159
M215,MAIBAMAGENCY,0,0,0,0,0,0,0,0,0,0,0,0,0,0,0,0,0,0,0,0,0,0,0,0,0,0,0,0,0,0,0,0,0,0,0,0,0,0,0,0,0,0,0,0,0,0,0,0
NEE042,EDWARDTSANGMA,0,0,0,0,0,0,0,0,0,0,0,0,0,0,0,0,0,0,0,0,0,0,0,0,0,0,0,0,0,0,0,0,0,0,0,0,0,0,0,0,0,0,0,0,0,0,0,0
NEN126,N V ENTERPRISES,0,0,0,0,0,0,140,0,0,0,0,0,0,0,70,0,0,0,0,0,0,0,0,0,0,0,0,0,0,0,0,0,0,0,0,0,0,0,0,0,0,0,0,0,0,0,0,0
NEC025,CHUBALEMBA,0,0,0,0,0,0,0,0,0,0,0,0,0,0,0,0,0,0,0,0,0,0,0,0,0,0,0,0,0,0,0,0,0,0,0,0,0,0,0,0,0,0,0,0,0,0,0,0
NEM267,MAZUMDERHARDWARE(LALA),0,0,0,0,0,0,0,0,0,0,0,0,0,0,0,0,0,0,0,0,0,0,0,0,0,0,0,0,0,0,0,0,0,0,0,0,0,0,0,0,0,0,0,0,0,0,0,0
BHS180,SHAHIENTERPRISES,0,0,0,0,0,0,0,0,0,0,0,0,0,0,0,0,0,0,0,0,0,0,0,0,0,0,0,0,0,0,0,0,0,0,0,0,0,0,0,0,0,0,0,0,0,0,0,0
NEB224,BISWAKARMATRADING,0,0,0,0,0,0,0,0,0,0,0,0,0,0,0,0,0,0,0,0,0,0,0,0,0,0,0,0,0,0,0,0,0,0,0,0,0,0,0,0,0,0,0,0,0,0,0,0
NES440,SATYAMCORPORATION,0,0,0,0,0,0,0,0,0,0,0,0,0,0,0,0,0,0,0,0,0,0,0,0,0,0,0,0,0,0,0,0,0,0,0,0,0,0,0,0,0,0,0,0,0,0,0,0
NED161,DBENTERPRISE(JORHAT),0,0,0,0,0,0,0,0,0,0,0,0,0,0,0,0,0,0,0,0,0,0,0,0,0,0,0,0,0,0,0,0,0,0,0,0,0,0,0,0,0,0,0,0,0,0,0,0
NES403,SRTRADING,0,0,0,0,0,0,0,0,0,0,0,0,0,0,0,0,0,0,0,0,0,0,0,0,0,0,0,0,0,0,0,0,0,0,0,0,0,0,0,0,0,0,0,0,0,0,0,0
NES434,SERTOTRADER(MNP),0,0,0,0,0,0,0,0,0,0,0,0,0,0,0,0,0,0,0,0,0,0,0,0,0,0,0,0,0,0,0,0,0,0,0,0,0,0,0,0,0,0,0,0,0,0,0,0
NES436,SMCEMENT&STEEL,0,0,0,0,0,0,0,0,0,0,0,0,0,0,0,0,0,0,0,0,0,0,0,0,0,0,0,0,0,0,0,0,0,0,0,0,0,0,0,0,0,0,0,0,0,0,0,0
NEB222,BBBROTHERS,0,0,0,0,0,0,0,0,0,0,0,0,0,0,0,0,0,0,0,0,0,0,0,0,0,0,0,0,0,0,0,0,0,0,0,0,0,0,0,0,0,0,0,0,0,0,0,0
NED157,DILSHANTRADERS,0,0,0,0,0,0,0,0,0,0,0,0,0,0,0,0,0,0,0,0,0,0,0,0,0,0,0,0,0,0,0,0,0,0,0,0,0,0,0,0,0,0,0,0,0,0,0,0
NEN146,NONGPOK NINGTHOU,0,0,0,0,0,0,0,0,0,0,0,0,0,0,0,0,0,0,0,0,0,0,0,0,0,0,0,0,0,0,0,0,0,0,0,0,0,0,0,0,0,0,0,0,0,0,0,0
NET143,TWINKLETILES,0,0,0,0,0,0,0,0,0,0,0,0,0,0,0,0,0,0,0,0,0,0,0,0,0,0,0,0,0,0,0,0,0,0,0,0,0,0,0,0,0,0,0,0,0,0,0,0
WBS265,SHREENATHJEEINDUSTRY,0,0,0,0,0,0,0,0,0,0,0,0,0,0,0,0,0,0,0,0,0,0,0,0,0,0,0,0,0,0,0,0,0,0,0,0,0,0,0,0,0,0,0,0,0,0,0,0
BHS182,SAHNICEMENTAGENCY,0,0,0,0,0,0,0,0,0,0,0,0,0,0,0,0,0,0,0,0,0,0,0,0,0,0,0,0,0,0,0,0,0,0,0,0,0,0,0,0,0,0,0,0,0,0,0,0
B062,BISWAKARMAHARDWARE&ELECTRICALS,0,0,0,0,0,0,0,0,0,0,0,0,0,0,0,0,0,0,0,0,0,0,0,0,0,0,0,0,0,0,0,0,0,0,0,0,0,0,0,0,0,0,0,0,0,0,0,0
J095,JYOTIENTERPRISE(JORHAT),0,0,0,0,0,0,0,0,0,0,0,0,0,0,0,0,0,0,0,0,0,0,0,0,0,0,0,0,0,0,0,0,0,0,0,0,0,0,0,0,0,0,0,0,0,0,0,0
NED014,DARSHENTERPRISE,0,0,0,0,0,0,0,0,0,0,0,0,0,0,0,0,0,0,0,0,0,0,0,0,0,0,0,0,0,0,0,0,0,0,0,0,0,0,0,0,0,0,0,0,0,0,0,0
NES198,SRIBISHNUHARDWARE(NAGAON),0,0,0,0,0,0,0,0,0,0,0,0,0,0,0,0,0,0,0,0,0,0,0,0,0,0,0,0,0,0,0,0,0,0,0,0,0,0,0,0,0,0,0,0,0,0,0,0
NEE022,EASTERN TRADING ENTERPRISES (TEZU),0,0,0,0,0,0,0,0,0,0,0,0,0,0,0,0,0,0,0,0,0,0,0,0,0,0,0,0,0,0,0,0,0,0,0,0,0,0,0,0,0,0,0,0,0,0,0,0
NED094,DHRIYAENTERPRISES,0,0,0,0,0,0,0,0,0,0,0,0,0,0,0,0,0,0,0,0,0,0,0,0,0,0,0,0,0,0,0,0,0,0,0,0,0,0,0,0,0,0,0,0,0,0,0,0
NES275,SPENTERPRISE,0,0,0,0,0,0,0,0,0,0,0,0,0,0,0,0,0,0,0,0,0,0,0,0,0,0,0,0,0,0,0,0,0,0,0,0,0,0,0,0,0,0,0,0,0,0,0,0
NEA199,ARENTERPRISE(MOR),0,0,0,0,0,0,0,0,0,0,0,0,0,0,0,0,0,0,0,0,0,0,0,0,0,0,0,0,0,0,0,0,0,0,0,0,0,0,0,0,0,0,0,0,0,0,0,0
NEH057,HEMACHETIA,0,0,0,0,0,0,0,0,0,0,0,0,0,0,0,0,0,0,0,0,0,0,0,0,0,0,0,0,0,0,0,0,0,0,0,0,0,0,0,0,0,0,0,0,0,0,0,0
NEJ088,JAHIRAHMED,0,0,0,0,0,0,0,0,0,0,0,0,0,0,0,0,0,0,0,0,0,0,0,0,0,0,0,0,0,0,0,0,0,0,0,0,0,0,0,0,0,0,0,0,0,0,0,0
D016,DIPALI HARDWARE,0,0,0,0,0,0,0,0,0,0,0,0,0,0,0,0,0,0,0,0,0,0,0,0,0,0,0,0,0,0,0,0,0,0,0,0,0,0,0,0,0,0,0,0,0,0,0,0
E041,EAGLEENTERPRISES,0,0,0,0,0,0,0,0,0,0,0,0,0,0,0,0,0,0,0,0,0,0,0,0,0,0,0,0,0,0,0,0,0,0,0,0,0,0,0,0,0,0,0,0,0,0,0,0
H054,H.R.ENTERPRISES,0,0,0,0,0,0,0,0,0,0,0,0,0,0,0,0,0,0,0,0,0,0,0,0,0,0,0,0,0,0,0,0,0,0,0,0,0,0,0,0,0,0,0,0,0,0,0,0
S311,STARHARDWARE,0,0,0,0,0,0,0,0,0,0,0,0,0,0,0,0,0,0,0,0,0,0,0,0,0,0,0,0,0,0,0,0,0,0,0,0,0,0,0,0,0,0,0,0,0,0,0,0
NEH039,HINGEHARDWARE(SHILLONG),0,0,0,0,0,0,0,0,0,0,0,0,0,0,0,0,0,0,0,0,0,0,0,0,0,0,0,0,0,0,0,0,0,0,0,0,0,0,0,0,0,0,0,0,0,0,0,0
NES360,STARSTEEL&HARDWARE,0,0,0,0,0,0,0,0,0,0,0,0,0,0,0,0,0,0,0,0,0,0,0,0,0,0,0,0,0,0,0,0,0,0,0,0,0,0,0,0,0,0,0,0,0,0,0,0
A272,ALOKENTERPRISES(SULTANGANJ),0,0,0,0,0,0,0,0,0,0,0,0,0,0,0,0,0,0,0,0,0,0,0,0,0,0,0,0,0,0,0,0,0,0,0,0,0,0,0,0,0,0,0,0,0,0,0,0
BHA022,ARUNKUMAR(GARHI),0,0,0,0,0,0,0,0,0,0,0,0,0,0,0,0,0,0,0,0,0,0,0,0,0,0,0,0,0,0,0,0,0,0,0,0,0,0,0,0,0,0,0,0,0,0,0,0
BHB013,BHAGWANHARDWARESTORE,0,0,0,0,0,0,0,0,0,0,0,0,0,0,0,0,0,0,0,0,0,0,0,0,0,0,0,0,0,0,0,0,0,0,0,0,0,0,0,0,0,0,0,0,0,0,0,0
BHB039,BLTENTERPRISES(SURYAGARHA),0,0,0,0,0,0,0,0,0,0,0,0,0,0,0,0,0,0,0,0,0,0,0,0,0,0,0,0,0,0,0,0,0,0,0,0,0,0,0,0,0,0,0,0,0,0,0,0
BHB042,BHAGATBROTHERS(MAHRAJGANJ),0,0,0,0,0,0,0,0,0,0,0,0,0,0,0,0,0,0,0,0,0,0,0,0,0,0,0,0,0,0,0,0,0,0,0,0,0,0,0,0,0,0,0,0,0,0,0,0
BHK006,KHUSHIENTERPRISES,0,0,0,0,0,0,0,0,0,0,0,0,0,0,0,0,0,0,0,0,0,0,0,0,0,0,0,0,0,0,0,0,0,0,0,0,0,0,0,0,0,0,0,0,0,0,0,0
BHM026,MAAKALITRADERS(LAKHISARAI),0,0,0,0,0,0,0,0,0,0,0,0,0,0,0,0,0,0,0,0,0,0,0,0,0,0,0,0,0,0,0,0,0,0,0,0,0,0,0,0,0,0,0,0,0,0,0,0
BHM038,MAATRADERS(SATGAMA),0,0,0,0,0,0,0,0,0,0,0,0,0,0,0,0,0,0,0,0,0,0,0,0,0,0,0,0,0,0,0,0,0,0,0,0,0,0,0,0,0,0,0,0,0,0,0,0
BHM071,MAAPRAMILATRADERS(MPT),0,0,0,0,0,0,0,0,0,0,0,0,0,0,0,0,0,0,0,0,0,0,0,0,0,0,0,0,0,0,0,0,0,0,0,0,0,0,0,0,0,0,0,0,0,0,0,0
BHN007,NAYNATRADERS(RAGHOPUR),0,0,0,0,0,0,0,0,0,0,0,0,0,0,0,0,0,0,0,0,0,0,0,0,0,0,0,0,0,0,0,0,0,0,0,0,0,0,0,0,0,0,0,0,0,0,0,0
BHS113,SATYAGURUTRADERS(MAHISOURI),0,0,0,0,0,0,0,0,0,0,0,0,0,0,0,0,0,0,0,0,0,0,0,0,0,0,0,0,0,0,0,0,0,0,0,0,0,0,0,0,0,0,0,0,0,0,0,0
BHV010,VIKASHSTEEL(PURANIBAZAR),0,0,0,0,0,0,0,0,0,0,0,0,0,0,0,0,0,0,0,0,0,0,0,0,0,0,0,0,0,0,0,0,0,0,0,0,0,0,0,0,0,0,0,0,0,0,0,0
K145,KRISHIKENDRA,0,0,0,0,0,0,0,0,0,0,0,0,0,0,0,0,0,0,0,0,0,0,0,0,0,0,0,0,0,0,0,0,0,0,0,0,0,0,0,0,0,0,0,0,0,0,0,0
S483,SHEELATRADERS,0,0,0,0,0,0,0,0,0,0,0,0,0,0,0,0,0,0,0,0,0,0,0,0,0,0,0,0,0,0,0,0,0,0,0,0,0,0,0,0,0,0,0,0,0,0,0,0
BHS012,STARCEMENT(WARISALIGANJ),0,0,0,0,0,0,0,0,0,0,0,0,0,0,0,0,0,0,0,0,0,0,0,0,0,0,0,0,0,0,0,0,0,0,0,0,0,0,0,0,0,0,0,0,0,0,0,0
BHJ026,JAIVISHWAKARMATRADERS(MOKAMA),0,0,0,0,0,0,0,0,0,0,0,0,0,0,0,0,0,0,0,0,0,0,0,0,0,0,0,0,0,0,0,0,0,0,0,0,0,0,0,0,0,0,0,0,0,0,0,0
BHS122,SHIVENSTEEL,0,0,0,0,0,0,0,0,0,0,0,0,0,0,0,0,0,0,0,0,0,0,0,0,0,0,0,0,0,0,0,0,0,0,0,0,0,0,0,0,0,0,0,0,0,0,0,0
BHP030,PREMPRABHATRADERS,0,0,0,0,0,0,0,0,0,0,0,0,0,0,0,0,0,0,0,0,0,0,0,0,0,0,0,0,0,0,0,0,0,0,0,0,0,0,0,0,0,0,0,0,0,0,0,0
BHB056,BURNWALCEMENTBHANDAR,0,0,0,0,0,0,0,0,0,0,0,0,0,0,0,0,0,0,0,0,0,0,0,0,0,0,0,0,0,0,0,0,0,0,0,0,0,0,0,0,0,0,0,0,0,0,0,0
BHJ030,J.B.TRADERS,0,0,0,0,0,0,0,0,0,0,0,0,0,0,0,0,0,0,0,0,0,0,0,0,0,0,0,0,0,0,0,0,0,0,0,0,0,0,0,0,0,0,0,0,0,0,0,0
BHJ031,JAISWALENTERPRISES,0,0,0,0,0,0,0,0,0,0,0,0,0,0,0,0,0,0,0,0,0,0,0,0,0,0,0,0,0,0,0,0,0,0,0,0,0,0,0,0,0,0,0,0,0,0,0,0
BHP034,PRINCETRADERS(BAIJNATHPUR),0,0,0,0,0,0,0,0,0,0,0,0,0,0,0,0,0,0,0,0,0,0,0,0,0,0,0,0,0,0,0,0,0,0,0,0,0,0,0,0,0,0,0,0,0,0,0,0
BHJ036,JAIMATADITRADERS(BATHNAHA),0,0,0,0,0,0,0,0,0,0,0,0,0,0,0,0,0,0,0,0,0,0,0,0,0,0,0,0,0,0,0,0,0,0,0,0,0,0,0,0,0,0,0,0,0,0,0,0
BHA068,AMITBROTHERS,0,0,0,0,0,0,0,0,0,0,0,0,0,0,0,0,0,0,0,0,0,0,0,0,0,0,0,0,0,0,0,0,0,0,0,0,0,0,0,0,0,0,0,0,0,0,0,0
BHS178,SRIGANESHENTERPRISES(FORBESGANJ),0,0,0,0,0,0,0,0,0,0,0,0,0,0,0,0,0,0,0,0,0,0,0,0,0,0,0,0,0,0,0,0,0,0,0,0,0,0,0,0,0,0,0,0,0,0,0,0
A244,AJAYCEMENTSTORE,0,0,0,0,0,0,0,0,0,0,0,0,0,0,0,0,0,0,0,0,0,0,0,0,0,0,0,0,0,0,0,0,0,0,0,0,0,0,0,0,0,0,0,0,0,0,0,0
A250,AMITTRADERS,0,0,0,0,0,0,0,0,0,0,0,0,0,0,0,0,0,0,0,0,0,0,0,0,0,0,0,0,0,0,0,0,0,0,0,0,0,0,0,0,0,0,0,0,0,0,0,0
A277,ARIYANTRADERS,0,0,0,0,0,0,0,0,0,0,0,0,0,0,0,0,0,0,0,0,0,0,0,0,0,0,0,0,0,0,0,0,0,0,0,0,0,0,0,0,0,0,0,0,0,0,0,0
B229,BHAWANITRADERS(HISUA),0,0,0,0,0,0,0,0,0,0,0,0,0,0,0,0,0,0,0,0,0,0,0,0,0,0,0,0,0,0,0,0,0,0,0,0,0,0,0,0,0,0,0,0,0,0,0,0
B233,BHAWANITRADERS(WARISALIGANJ),0,0,0,0,0,0,0,0,0,0,0,0,0,0,0,0,0,0,0,0,0,0,0,0,0,0,0,0,0,0,0,0,0,0,0,0,0,0,0,0,0,0,0,0,0,0,0,0
BHA008,ADITYAENTERPRISES,0,0,0,0,0,0,0,0,0,0,0,0,0,0,0,0,0,0,0,0,0,0,0,0,0,0,0,0,0,0,0,0,0,0,0,0,0,0,0,0,0,0,0,0,0,0,0,0
BHB018,BABATRADERS(ASTHAWAN),0,0,0,0,0,0,0,0,0,0,0,0,0,0,0,0,0,0,0,0,0,0,0,0,0,0,0,0,0,0,0,0,0,0,0,0,0,0,0,0,0,0,0,0,0,0,0,0
BHD007,DURGATRADERS(THARTHARI),0,0,0,0,0,0,0,0,0,0,0,0,0,0,0,0,0,0,0,0,0,0,0,0,0,0,0,0,0,0,0,0,0,0,0,0,0,0,0,0,0,0,0,0,0,0,0,0
BHG001,GAYATRITRADERS,0,0,0,0,0,0,0,0,0,0,0,0,0,0,0,0,0,0,0,0,0,0,0,0,0,0,0,0,0,0,0,0,0,0,0,0,0,0,0,0,0,0,0,0,0,0,0,0
BHG023,GOLUTRADERS(BELAGANJ),0,0,0,0,0,0,0,0,0,0,0,0,0,0,0,0,0,0,0,0,0,0,0,0,0,0,0,0,0,0,0,0,0,0,0,0,0,0,0,0,0,0,0,0,0,0,0,0
BHJ006,JAIMAAAMBETRADERS,0,0,0,0,0,0,0,0,0,0,0,0,0,0,0,0,0,0,0,0,0,0,0,0,0,0,0,0,0,0,0,0,0,0,0,0,0,0,0,0,0,0,0,0,0,0,0,0
BHJ007,JAIMATADITRADERS(JMDT),0,0,0,0,0,0,0,0,0,0,0,0,0,0,0,0,0,0,0,0,0,0,0,0,0,0,0,0,0,0,0,0,0,0,0,0,0,0,0,0,0,0,0,0,0,0,0,0
BHK005,KISHANTRADERS(GONAWA),0,0,0,0,0,0,0,0,0,0,0,0,0,0,0,0,0,0,0,0,0,0,0,0,0,0,0,0,0,0,0,0,0,0,0,0,0,0,0,0,0,0,0,0,0,0,0,0
BHK027,KISHANIRON&CEMENTENTERPRISES,0,0,0,0,0,0,0,0,0,0,0,0,0,0,0,0,0,0,0,0,0,0,0,0,0,0,0,0,0,0,0,0,0,0,0,0,0,0,0,0,0,0,0,0,0,0,0,0
BHL007,LAXMINARAYANTRADERS,0,0,0,0,0,0,0,0,0,0,0,0,0,0,0,0,0,0,0,0,0,0,0,0,0,0,0,0,0,0,0,0,0,0,0,0,0,0,0,0,0,0,0,0,0,0,0,0
BHN011,NARAYANCEMENTSTORE,0,0,0,0,0,0,0,0,0,0,0,0,0,0,0,0,0,0,0,0,0,0,0,0,0,0,0,0,0,0,0,0,0,0,0,0,0,0,0,0,0,0,0,0,0,0,0,0
BHP022,PUJATRADERS(HATPAR),0,0,0,0,0,0,0,0,0,0,0,0,0,0,0,0,0,0,0,0,0,0,0,0,0,0,0,0,0,0,0,0,0,0,0,0,0,0,0,0,0,0,0,0,0,0,0,0
BHP023,PRAVEENENTERPRISES(BHAGWANPUR),0,0,0,0,0,0,0,0,0,0,0,0,0,0,0,0,0,0,0,0,0,0,0,0,0,0,0,0,0,0,0,0,0,0,0,0,0,0,0,0,0,0,0,0,0,0,0,0
BHS008,S.K.TRADERS(MINABAZAR),0,0,0,0,0,0,0,0,0,0,0,0,0,0,0,0,0,0,0,0,0,0,0,0,0,0,0,0,0,0,0,0,0,0,0,0,0,0,0,0,0,0,0,0,0,0,0,0
BHS013,SRIKRISHNASALES,0,0,0,0,0,0,0,0,0,0,0,0,0,0,0,0,0,0,0,0,0,0,0,0,0,0,0,0,0,0,0,0,0,0,0,0,0,0,0,0,0,0,0,0,0,0,0,0
BHS048,SHIVAMTRADERS(WARS),0,0,0,0,0,0,0,0,0,0,0,0,0,0,0,0,0,0,0,0,0,0,0,0,0,0,0,0,0,0,0,0,0,0,0,0,0,0,0,0,0,0,0,0,0,0,0,0
BHS052,"SURAJCEMENT,BELAGANJ",0,0,0,0,0,0,0,0,0,0,0,0,0,0,0,0,0,0,0,0,0,0,0,0,0,0,0,0,0,0,0,0,0,0,0,0,0,0,0,0,0,0,0,0,0,0,0,0
BHS118,SHIVTRADERS(CHABILAPUR),0,0,0,0,0,0,0,0,0,0,0,0,0,0,0,0,0,0,0,0,0,0,0,0,0,0,0,0,0,0,0,0,0,0,0,0,0,0,0,0,0,0,0,0,0,0,0,0
D136,DEOTRADERS,0,0,0,0,0,0,0,0,0,0,0,0,0,0,0,0,0,0,0,0,0,0,0,0,0,0,0,0,0,0,0,0,0,0,0,0,0,0,0,0,0,0,0,0,0,0,0,0
J114,JAIBAJRANGBALICEMENTSTORE,0,0,0,0,0,0,0,0,0,0,0,0,0,0,0,0,0,0,0,0,0,0,0,0,0,0,0,0,0,0,0,0,0,0,0,0,0,0,0,0,0,0,0,0,0,0,0,0
J133,JAIMATADEE(NAWADA),0,0,0,0,0,0,0,0,0,0,0,0,0,0,0,0,0,0,0,0,0,0,0,0,0,0,0,0,0,0,0,0,0,0,0,0,0,0,0,0,0,0,0,0,0,0,0,0
K176,KISHANSEVASADAN,0,0,0,0,0,0,0,0,0,0,0,0,0,0,0,0,0,0,0,0,0,0,0,0,0,0,0,0,0,0,0,0,0,0,0,0,0,0,0,0,0,0,0,0,0,0,0,0
L094,LAXMICEMENTBHANDAR,0,0,0,0,0,0,0,0,0,0,0,0,0,0,0,0,0,0,0,0,0,0,0,0,0,0,0,0,0,0,0,0,0,0,0,0,0,0,0,0,0,0,0,0,0,0,0,0
M350,MAGADHTRADERS,0,0,0,0,0,0,0,0,0,0,0,0,0,0,0,0,0,0,0,0,0,0,0,0,0,0,0,0,0,0,0,0,0,0,0,0,0,0,0,0,0,0,0,0,0,0,0,0
M357,MAADURGACEMENTSTORE,0,0,0,0,0,0,0,0,0,0,0,0,0,0,0,0,0,0,0,0,0,0,0,0,0,0,0,0,0,0,0,0,0,0,0,0,0,0,0,0,0,0,0,0,0,0,0,0
M399,MAABHAWANITRADERS(GHOSHI),0,0,0,0,0,0,0,0,0,0,0,0,0,0,0,0,0,0,0,0,0,0,0,0,0,0,0,0,0,0,0,0,0,0,0,0,0,0,0,0,0,0,0,0,0,0,0,0
P212,POOJACEMENTSTORE,0,0,0,0,0,0,0,0,0,0,0,0,0,0,0,0,0,0,0,0,0,0,0,0,0,0,0,0,0,0,0,0,0,0,0,0,0,0,0,0,0,0,0,0,0,0,0,0
S525,SHANKARCEMENTSTORE,0,0,0,0,0,0,0,0,0,0,0,0,0,0,0,0,0,0,0,0,0,0,0,0,0,0,0,0,0,0,0,0,0,0,0,0,0,0,0,0,0,0,0,0,0,0,0,0
S531,S.K.CEMENT,0,0,0,0,0,0,0,0,0,0,0,0,0,0,0,0,0,0,0,0,0,0,0,0,0,0,0,0,0,0,0,0,0,0,0,0,0,0,0,0,0,0,0,0,0,0,0,0
S535,SACHINTRADERS,0,0,0,0,0,0,0,0,0,0,0,0,0,0,0,0,0,0,0,0,0,0,0,0,0,0,0,0,0,0,0,0,0,0,0,0,0,0,0,0,0,0,0,0,0,0,0,0
T095,TALMIENTERPRISES,0,0,0,0,0,0,0,0,0,0,0,0,0,0,0,0,0,0,0,0,0,0,0,0,0,0,0,0,0,0,0,0,0,0,0,0,0,0,0,0,0,0,0,0,0,0,0,0
A212,A&AENTERPRISE,0,0,0,0,0,0,0,0,0,0,0,0,0,0,0,0,0,0,0,0,0,0,0,0,0,0,0,0,0,0,0,0,0,0,0,0,0,0,0,0,0,0,0,0,0,0,0,0
A285,AYAZENTERPRISE,0,0,0,0,0,0,0,0,0,0,0,0,0,0,0,0,0,0,0,0,0,0,0,0,0,0,0,0,0,0,0,0,0,0,0,0,0,0,0,0,0,0,0,0,0,0,0,0
B174,BISWASCEMENTAGENCY,0,0,0,0,0,0,0,0,0,0,0,0,0,0,0,0,0,0,0,0,0,0,0,0,0,0,0,0,0,0,0,0,0,0,0,0,0,0,0,0,0,0,0,0,0,0,0,0
B191,BANDHUENTERPRISE,0,0,0,0,0,0,0,0,0,0,0,0,0,0,0,0,0,0,0,0,0,0,0,0,0,0,0,0,0,0,0,0,0,0,0,0,0,0,0,0,0,0,0,0,0,0,0,0
B219,BADSHATRADE&COMMERCE,0,0,0,0,0,0,0,0,0,0,0,0,0,0,0,0,0,0,0,0,0,0,0,0,0,0,0,0,0,0,0,0,0,0,0,0,0,0,0,0,0,0,0,0,0,0,0,0
B225,BIDHANCONSTRUCTION,0,0,0,0,0,0,0,0,0,0,0,0,0,0,0,0,0,0,0,0,0,0,0,0,0,0,0,0,0,0,0,0,0,0,0,0,0,0,0,0,0,0,0,0,0,0,0,0
B236,BANTILAHA,0,0,0,0,0,0,0,0,0,0,0,0,0,0,0,0,0,0,0,0,0,0,0,0,0,0,0,0,0,0,0,0,0,0,0,0,0,0,0,0,0,0,0,0,0,0,0,0
C091,CHOWDHURYHARDWARESTORES,0,0,0,0,0,0,0,0,0,0,0,0,0,0,0,0,0,0,0,0,0,0,0,0,0,0,0,0,0,0,0,0,0,0,0,0,0,0,0,0,0,0,0,0,0,0,0,0
D113,DASTRADERS,0,0,0,0,0,0,0,0,0,0,0,0,0,0,0,0,0,0,0,0,0,0,0,0,0,0,0,0,0,0,0,0,0,0,0,0,0,0,0,0,0,0,0,0,0,0,0,0
G124,GHOSHHARDWARE(MURSHIDABAD),0,0,0,0,0,0,0,0,0,0,0,0,0,0,0,0,0,0,0,0,0,0,0,0,0,0,0,0,0,0,0,0,0,0,0,0,0,0,0,0,0,0,0,0,0,0,0,0
H062,HOQUETRADERS,0,0,0,0,0,0,0,0,0,0,0,0,0,0,0,0,0,0,0,0,0,0,0,0,0,0,0,0,0,0,0,0,0,0,0,0,0,0,0,0,0,0,0,0,0,0,0,0
K147,KALPANAHARDWARE,0,0,0,0,0,0,0,0,0,0,0,0,0,0,0,0,0,0,0,0,0,0,0,0,0,0,0,0,0,0,0,0,0,0,0,0,0,0,0,0,0,0,0,0,0,0,0,0
M230,MAHESHWARICEMENTAGENCY,0,0,0,0,0,0,0,0,0,0,0,0,0,0,0,0,0,0,0,0,0,0,0,0,0,0,0,0,0,0,0,0,0,0,0,0,0,0,0,0,0,0,0,0,0,0,0,0
M258,MADHABGHOSH,0,0,0,0,0,0,0,0,0,0,0,0,0,0,0,0,0,0,0,0,0,0,0,0,0,0,0,0,0,0,0,0,0,0,0,0,0,0,0,0,0,0,0,0,0,0,0,0
M328,MAASANTOSHIENTERPRISE,0,0,0,0,0,0,0,0,0,0,0,0,0,0,0,0,0,0,0,0,0,0,0,0,0,0,0,0,0,0,0,0,0,0,0,0,0,0,0,0,0,0,0,0,0,0,0,0
M329,MDKAMALHOSSAIN,0,0,0,0,0,0,0,0,0,0,0,0,0,0,0,0,0,0,0,0,0,0,0,0,0,0,0,0,0,0,0,0,0,0,0,0,0,0,0,0,0,0,0,0,0,0,0,0
M412,MAMATAENTERPRISE,0,0,0,0,0,0,0,0,0,0,0,0,0,0,0,0,0,0,0,0,0,0,0,0,0,0,0,0,0,0,0,0,0,0,0,0,0,0,0,0,0,0,0,0,0,0,0,0
N149,NIRMALENDUSUR,0,0,0,0,0,0,0,0,0,0,0,0,0,0,0,0,0,0,0,0,0,0,0,0,0,0,0,0,0,0,0,0,0,0,0,0,0,0,0,0,0,0,0,0,0,0,0,0
R224,ROYALENTERPRISE(JALALPUR),0,0,0,0,0,0,0,0,0,0,0,0,0,0,0,0,0,0,0,0,0,0,0,0,0,0,0,0,0,0,0,0,0,0,0,0,0,0,0,0,0,0,0,0,0,0,0,0
S365,SHARMAHARDWARE,0,0,0,0,0,0,0,0,0,0,0,0,0,0,0,0,0,0,0,0,0,0,0,0,0,0,0,0,0,0,0,0,0,0,0,0,0,0,0,0,0,0,0,0,0,0,0,0
S570,SADEKALI,0,0,0,0,0,0,0,0,0,0,0,0,0,0,0,0,0,0,0,0,0,0,0,0,0,0,0,0,0,0,0,0,0,0,0,0,0,0,0,0,0,0,0,0,0,0,0,0
WBA011,ASHIMKUMARDEY,0,0,0,0,0,0,0,0,0,0,0,0,0,0,0,0,0,0,0,0,0,0,0,0,0,0,0,0,0,0,0,0,0,0,0,0,0,0,0,0,0,0,0,0,0,0,0,0
WBA014,ARABINDABUILDERS,0,0,0,0,0,0,0,0,0,0,0,0,0,0,0,0,0,0,0,0,0,0,0,0,0,0,0,0,0,0,0,0,0,0,0,0,0,0,0,0,0,0,0,0,0,0,0,0
WBA016,ASHRAFIENTERPRISE,0,0,0,0,0,0,0,0,0,0,0,0,0,0,0,0,0,0,0,0,0,0,0,0,0,0,0,0,0,0,0,0,0,0,0,0,0,0,0,0,0,0,0,0,0,0,0,0
WBB012,BISWASTRADERS,0,0,0,0,0,0,0,0,0,0,0,0,0,0,0,0,0,0,0,0,0,0,0,0,0,0,0,0,0,0,0,0,0,0,0,0,0,0,0,0,0,0,0,0,0,0,0,0
WBB023,BHOWMIKSANITATION&TILES,0,0,0,0,0,0,0,0,0,0,0,0,0,0,0,0,0,0,0,0,0,0,0,0,0,0,0,0,0,0,0,0,0,0,0,0,0,0,0,0,0,0,0,0,0,0,0,0
WBB048,BARUNMONDAL,0,0,0,0,0,0,0,0,0,0,0,0,0,0,0,0,0,0,0,0,0,0,0,0,0,0,0,0,0,0,0,0,0,0,0,0,0,0,0,0,0,0,0,0,0,0,0,0
WBD013,DEVENTERPRISE,0,0,0,0,0,0,0,0,0,0,0,0,0,0,0,0,0,0,0,0,0,0,0,0,0,0,0,0,0,0,0,0,0,0,0,0,0,0,0,0,0,0,0,0,0,0,0,0
WBD025,DASTRADINGCONCERN,0,0,0,0,0,0,0,0,0,0,0,0,0,0,0,0,0,0,0,0,0,0,0,0,0,0,0,0,0,0,0,0,0,0,0,0,0,0,0,0,0,0,0,0,0,0,0,0
WBD035,DADABHAIENTERPRISE(MALDA),0,0,0,0,0,0,0,0,0,0,0,0,0,0,0,0,0,0,0,0,0,0,0,0,0,0,0,0,0,0,0,0,0,0,0,0,0,0,0,0,0,0,0,0,0,0,0,0
WBG043,GOURSUPPLIERS(U.DINAJPUR),0,0,0,0,0,0,0,0,0,0,0,0,0,0,0,0,0,0,0,0,0,0,0,0,0,0,0,0,0,0,0,0,0,0,0,0,0,0,0,0,0,0,0,0,0,0,0,0
WBH002,HABIBURRAHAMAN,0,0,0,0,0,0,0,0,0,0,0,0,0,0,0,0,0,0,0,0,0,0,0,0,0,0,0,0,0,0,0,0,0,0,0,0,0,0,0,0,0,0,0,0,0,0,0,0
WBJ002,JEETCONSTRUCTION,0,0,0,0,0,0,0,0,0,0,0,0,0,0,0,0,0,0,0,0,0,0,0,0,0,0,0,0,0,0,0,0,0,0,0,0,0,0,0,0,0,0,0,0,0,0,0,0
WBM016,MISHRAENTERPRISE,0,0,0,0,0,0,0,0,0,0,0,0,0,0,0,0,0,0,0,0,0,0,0,0,0,0,0,0,0,0,0,0,0,0,0,0,0,0,0,0,0,0,0,0,0,0,0,0
WBM058,M/SGHOSHALCONSTRUCTION,0,0,0,0,0,0,0,0,0,0,0,0,0,0,0,0,0,0,0,0,0,0,0,0,0,0,0,0,0,0,0,0,0,0,0,0,0,0,0,0,0,0,0,0,0,0,0,0
WBM103,M/SFIROJACONSTRUCTION,0,0,0,0,0,0,0,0,0,0,0,0,0,0,0,0,0,0,0,0,0,0,0,0,0,0,0,0,0,0,0,0,0,0,0,0,0,0,0,0,0,0,0,0,0,0,0,0
WBM122,M/SMD.HARDWARE(MALDA),0,0,0,0,0,0,0,0,0,0,0,0,0,0,0,0,0,0,0,0,0,0,0,0,0,0,0,0,0,0,0,0,0,0,0,0,0,0,0,0,0,0,0,0,0,0,0,0
WBM124,MONDALHARDWARE(HARIHARPARA),0,0,0,0,0,0,0,0,0,0,0,0,0,0,0,0,0,0,0,0,0,0,0,0,0,0,0,0,0,0,0,0,0,0,0,0,0,0,0,0,0,0,0,0,0,0,0,0
WBM160,MADURGACONSTRUCTION,0,0,0,0,0,0,0,0,0,0,0,0,0,0,0,0,0,0,0,0,0,0,0,0,0,0,0,0,0,0,0,0,0,0,0,0,0,0,0,0,0,0,0,0,0,0,0,0
WBN003,NATIONALHARDWARE(MALDA),0,0,0,0,0,0,0,0,0,0,0,0,0,0,0,0,0,0,0,0,0,0,0,0,0,0,0,0,0,0,0,0,0,0,0,0,0,0,0,0,0,0,0,0,0,0,0,0
WBP018,PRAKASHKUMARPRADHAN,0,0,0,0,0,0,0,0,0,0,0,0,0,0,0,0,0,0,0,0,0,0,0,0,0,0,0,0,0,0,0,0,0,0,0,0,0,0,0,0,0,0,0,0,0,0,0,0
WBP020,PRASHANTAKUMARSARKAR,0,0,0,0,0,0,0,0,0,0,0,0,0,0,0,0,0,0,0,0,0,0,0,0,0,0,0,0,0,0,0,0,0,0,0,0,0,0,0,0,0,0,0,0,0,0,0,0
WBP043,PRONABANANDABUILDERS,0,0,0,0,0,0,0,0,0,0,0,0,0,0,0,0,0,0,0,0,0,0,0,0,0,0,0,0,0,0,0,0,0,0,0,0,0,0,0,0,0,0,0,0,0,0,0,0
WBR053,RAKESHENTERPRISE(D.DINAJPUR),0,0,0,0,0,0,0,0,0,0,0,0,0,0,0,0,0,0,0,0,0,0,0,0,0,0,0,0,0,0,0,0,0,0,0,0,0,0,0,0,0,0,0,0,0,0,0,0
WBR064,RUMADAS,0,0,0,0,0,0,0,0,0,0,0,0,0,0,0,0,0,0,0,0,0,0,0,0,0,0,0,0,0,0,0,0,0,0,0,0,0,0,0,0,0,0,0,0,0,0,0,0
WBR065,RIYAENTERPRISE(MALDA),0,0,0,0,0,0,0,0,0,0,0,0,0,0,0,0,0,0,0,0,0,0,0,0,0,0,0,0,0,0,0,0,0,0,0,0,0,0,0,0,0,0,0,0,0,0,0,0
WBS008,STARENTERPRISE,0,0,0,0,0,0,0,0,0,0,0,0,0,0,0,0,0,0,0,0,0,0,0,0,0,0,0,0,0,0,0,0,0,0,0,0,0,0,0,0,0,0,0,0,0,0,0,0
WBS024,SHARMAHARDWARE-GAZOLE,0,0,0,0,0,0,0,0,0,0,0,0,0,0,0,0,0,0,0,0,0,0,0,0,0,0,0,0,0,0,0,0,0,0,0,0,0,0,0,0,0,0,0,0,0,0,0,0
WBS039,SAHACEMENTAGENCY,0,0,0,0,0,0,0,0,0,0,0,0,0,0,0,0,0,0,0,0,0,0,0,0,0,0,0,0,0,0,0,0,0,0,0,0,0,0,0,0,0,0,0,0,0,0,0,0
WBS044,SAMIULHARDWARE,0,0,0,0,0,0,0,0,0,0,0,0,0,0,0,0,0,0,0,0,0,0,0,0,0,0,0,0,0,0,0,0,0,0,0,0,0,0,0,0,0,0,0,0,0,0,0,0
WBS074,S.K.HARDWARE,0,0,0,0,0,0,0,0,0,0,0,0,0,0,0,0,0,0,0,0,0,0,0,0,0,0,0,0,0,0,0,0,0,0,0,0,0,0,0,0,0,0,0,0,0,0,0,0
WBS095,SAHITRADERS,0,0,0,0,0,0,0,0,0,0,0,0,0,0,0,0,0,0,0,0,0,0,0,0,0,0,0,0,0,0,0,0,0,0,0,0,0,0,0,0,0,0,0,0,0,0,0,0
WBZ003,ZIAURRAHAMAN,0,0,0,0,0,0,0,0,0,0,0,0,0,0,0,0,0,0,0,0,0,0,0,0,0,0,0,0,0,0,0,0,0,0,0,0,0,0,0,0,0,0,0,0,0,0,0,0
WBR075,RAJLAXMIENTERPRISE,0,0,0,0,0,0,0,0,0,0,0,0,0,0,0,0,0,0,0,0,0,0,0,0,0,0,0,0,0,0,0,0,0,0,0,0,0,0,0,0,0,0,0,0,0,0,0,0
WBN059,NIRUPAMHARDWAREANDSUPPLIERS,0,0,0,0,0,0,0,0,0,0,0,0,0,0,0,0,0,0,0,0,0,0,0,0,0,0,0,0,0,0,0,0,0,0,0,0,0,0,0,0,0,0,0,0,0,0,0,0
WBR072,RAYHARDWARE,0,0,0,0,0,0,0,0,0,0,0,0,0,0,0,0,0,0,0,0,0,0,0,0,0,0,0,0,0,0,0,0,0,0,0,0,0,0,0,0,0,0,0,0,0,0,0,0
WBR081,RUNALAILA,0,0,0,0,0,0,0,0,0,0,0,0,0,0,0,0,0,0,0,0,0,0,0,0,0,0,0,0,0,0,0,0,0,0,0,0,0,0,0,0,0,0,0,0,0,0,0,0
WBN074,NEWMOLLAHARDWAREANDSTEELFURNITURE,0,0,0,0,0,0,0,0,0,0,0,0,0,0,0,0,0,0,0,0,0,0,0,0,0,0,0,0,0,0,0,0,0,0,0,0,0,0,0,0,0,0,0,0,0,0,0,0
WBR085,R.S.ENTERPRISE(MURSHIDABAD),0,0,0,0,0,0,0,0,0,0,0,0,0,0,0,0,0,0,0,0,0,0,0,0,0,0,0,0,0,0,0,0,0,0,0,0,0,0,0,0,0,0,0,0,0,0,0,0
WBR087,ROYCONSTRUCTION,0,0,0,0,0,0,0,0,0,0,0,0,0,0,0,0,0,0,0,0,0,0,0,0,0,0,0,0,0,0,0,0,0,0,0,0,0,0,0,0,0,0,0,0,0,0,0,0
WBB093,BASAKENTERPRISE,0,0,0,0,0,0,0,0,0,0,0,0,0,0,0,0,0,0,0,0,0,0,0,0,0,0,0,0,0,0,0,0,0,0,0,0,0,0,0,0,0,0,0,0,0,0,0,0
WBH030,HOQUEHARDWARE(BHAGWANGOLA),0,0,0,0,0,0,0,0,0,0,0,0,0,0,0,0,0,0,0,0,0,0,0,0,0,0,0,0,0,0,0,0,0,0,0,0,0,0,0,0,0,0,0,0,0,0,0,0
WBM214,MANDALHARDWARE(COSSIMBAZAR),0,0,0,0,0,0,0,0,0,0,0,0,0,0,0,0,0,0,0,0,0,0,0,0,0,0,0,0,0,0,0,0,0,0,0,0,0,0,0,0,0,0,0,0,0,0,0,0
WBS198,SHYAMALKRISHIBHANDAR,0,0,0,0,0,0,0,0,0,0,0,0,0,0,0,0,0,0,0,0,0,0,0,0,0,0,0,0,0,0,0,0,0,0,0,0,0,0,0,0,0,0,0,0,0,0,0,0
WBR094,RAGHUNATHENTERPRISE,0,0,0,0,0,0,0,0,0,0,0,0,0,0,0,0,0,0,0,0,0,0,0,0,0,0,0,0,0,0,0,0,0,0,0,0,0,0,0,0,0,0,0,0,0,0,0,0
WBR097,RAHAMANTRADERS,0,0,0,0,0,0,0,0,0,0,0,0,0,0,0,0,0,0,0,0,0,0,0,0,0,0,0,0,0,0,0,0,0,0,0,0,0,0,0,0,0,0,0,0,0,0,0,0
WBM227,MILANMONDAL,0,0,0,0,0,0,0,0,0,0,0,0,0,0,0,0,0,0,0,0,0,0,0,0,0,0,0,0,0,0,0,0,0,0,0,0,0,0,0,0,0,0,0,0,0,0,0,0
WBB108,BHAKURIENTERPRISE,0,0,0,0,0,0,0,0,0,0,0,0,0,0,0,0,0,0,0,0,0,0,0,0,0,0,0,0,0,0,0,0,0,0,0,0,0,0,0,0,0,0,0,0,0,0,0,0
WBM234,MAHALAXMISUPPLIERS,0,0,0,0,0,0,0,0,0,0,0,0,0,0,0,0,0,0,0,0,0,0,0,0,0,0,0,0,0,0,0,0,0,0,0,0,0,0,0,0,0,0,0,0,0,0,0,0
WBG070,GHOSHHARDWARE(BIDHANNAGAR),0,0,0,0,0,0,0,0,0,0,0,0,0,0,0,0,0,0,0,0,0,0,0,0,0,0,0,0,0,0,0,0,0,0,0,0,0,0,0,0,0,0,0,0,0,0,0,0
WBJ046,JOYMAAKALIHARDWARE,0,0,0,0,0,0,0,0,0,0,0,0,0,0,0,0,0,0,0,0,0,0,0,0,0,0,0,0,0,0,0,0,0,0,0,0,0,0,0,0,0,0,0,0,0,0,0,0
WBT062,TUHINHARDWARE,0,0,0,0,0,0,0,0,0,0,0,0,0,0,0,0,0,0,0,0,0,0,0,0,0,0,0,0,0,0,0,0,0,0,0,0,0,0,0,0,0,0,0,0,0,0,0,0
WBR110,RAFIKAHARDWARE,0,0,0,0,0,0,0,0,0,0,0,0,0,0,0,0,0,0,0,0,0,0,0,0,0,0,0,0,0,0,0,0,0,0,0,0,0,0,0,0,0,0,0,0,0,0,0,0
WBA109,ANITAHARDWARE,0,0,0,0,0,0,0,0,0,0,0,0,0,0,0,0,0,0,0,0,0,0,0,0,0,0,0,0,0,0,0,0,0,0,0,0,0,0,0,0,0,0,0,0,0,0,0,0
NEM269,MORESTEELHOUSE,0,0,0,0,0,0,0,0,0,0,0,0,0,0,0,0,0,0,0,0,0,0,0,0,0,0,0,0,0,0,0,0,0,0,0,0,0,0,0,0,0,0,0,0,0,0,0,0
NEN149,NAGALANDINDUSTRIALSTORES,0,0,0,0,0,0,0,0,0,0,0,0,0,0,0,0,0,0,0,0,0,0,0,0,0,0,0,0,0,0,0,0,0,0,0,0,0,0,0,0,0,0,0,0,0,0,0,0
NES450,SHARUNGBAM SUPPLY & WORKS LLP,0,0,0,0,0,0,0,0,0,0,0,0,0,0,0,0,0,0,0,0,0,0,0,0,0,0,0,0,0,0,0,0,0,0,0,0,0,0,0,0,0,0,0,0,0,0,0,0
NEJ110,JAGDAMBASTEEL(JRT),0,0,0,0,0,0,0,0,0,0,0,0,0,0,0,0,0,0,0,0,0,0,0,0,0,0,0,0,0,0,0,0,0,0,0,0,0,0,0,0,0,0,0,0,0,0,0,0
NET146,TINKUSTEELTRADERS(AGT),0,0,0,0,0,0,0,0,0,0,0,0,0,0,0,0,0,0,0,0,0,0,0,0,0,0,0,0,0,0,0,0,0,0,0,0,0,0,0,0,0,0,0,0,0,0,0,0
SKC001,CHIRANJILALBANWARILAL,0,0,0,0,0,0,0,0,0,0,0,0,0,0,0,0,0,0,0,0,0,0,0,0,0,0,0,0,0,0,0,0,0,0,0,0,0,0,0,0,0,0,0,0,0,0,0,0
NEB237,BONIAHARDWARESTORE,0,0,0,0,0,0,0,0,0,0,0,0,0,0,0,0,0,0,0,0,0,0,0,0,0,0,0,0,0,0,0,0,0,0,0,0,0,0,0,0,0,0,0,0,0,0,0,0
NEA280,ABRARSTEEL,0,0,0,0,0,0,0,0,0,0,0,0,0,0,0,0,0,0,0,0,0,0,0,0,0,0,0,0,0,0,0,0,0,0,0,0,0,0,0,0,0,0,0,0,0,0,0,0
NEC096,C.R.ENTERPRISE,0,0,0,0,0,0,0,0,0,0,0,0,0,0,0,0,0,0,0,0,0,0,0,0,0,0,0,0,0,0,0,0,0,0,0,0,0,0,0,0,0,0,0,0,0,0,0,0
NEN152,NAGALANDHARDWARE,0,0,0,0,0,0,0,0,0,0,0,0,0,0,0,0,0,0,0,0,0,0,0,0,0,0,0,0,0,0,0,0,0,0,0,0,0,0,0,0,0,0,0,0,0,0,0,0
NEC098,CHANDANAENTERPRISE(HOWLY),0,0,0,0,0,0,0,0,0,0,0,0,0,0,0,0,0,0,0,0,0,0,0,0,0,0,0,0,0,0,0,0,0,0,0,0,0,0,0,0,0,0,0,0,0,0,0,0
NEA290,ANILENTERPRISE(GOLAGHAT),0,0,0,0,0,0,0,0,0,0,0,0,0,0,0,0,0,0,0,0,0,0,0,0,0,0,0,0,0,0,0,0,0,0,0,0,0,0,0,0,0,0,0,0,0,0,0,0
NEK149,K K TRADERS . NLP,120,130,180,40,120,40,80,20,0,0,80,20,0,0,80,40,0,0,80,20,0,0,60,30,0,0,60,75,0,0,100,110,0,0,120,120,0,0,120,80,0,0,120,138.15,0,0,200,130
NES463,SWASTISTORE-GOLAGHAT,0,0,0,0,0,0,0,0,0,0,0,0,0,0,0,0,0,0,0,0,0,0,0,0,0,0,0,0,0,0,0,0,0,0,0,0,0,0,0,0,0,0,0,0,0,0,0,0
NEN158,N.R.ENTERPRISE-NALBARI,0,0,0,0,0,0,0,0,0,0,0,0,0,0,0,0,0,0,0,0,0,0,0,0,0,0,0,0,0,0,0,0,0,0,0,0,0,0,0,0,0,0,0,0,0,0,0,0
NET149,TARATTRADINGCO.,0,0,0,0,0,0,0,0,0,0,0,0,0,0,0,0,0,0,0,0,0,0,0,0,0,0,0,0,0,0,0,0,0,0,0,0,0,0,0,0,0,0,0,0,0,0,0,0
BHM120,MOIDENTERPRISES,0,0,0,0,0,0,0,0,0,0,0,0,0,0,0,0,0,0,0,0,0,0,0,0,0,0,0,0,0,0,0,0,0,0,0,0,0,0,0,0,0,0,0,0,0,0,0,0
BHS184,STARTRADERS,0,0,0,0,0,0,0,0,0,0,0,0,0,0,0,0,0,0,0,0,0,0,0,0,0,0,0,0,0,0,0,0,0,0,0,0,0,0,0,0,0,0,0,0,0,0,0,0
WBT068,TRINAYANI(GHUGHUMARI),0,0,0,0,0,0,0,0,0,0,0,0,0,0,0,0,0,0,0,0,0,0,0,0,0,0,0,0,0,0,0,0,0,0,0,0,0,0,0,0,0,0,0,0,0,0,0,0
NEL087,L.MUHINDROHARDWARESTORE,0,0,0,0,0,0,0,0,0,0,0,0,0,0,0,0,0,0,0,0,0,0,0,0,0,0,0,0,0,0,0,0,0,0,0,0,0,0,0,0,0,0,0,0,0,0,0,0
BHS186,SSTRADINGCO,0,0,0,0,0,0,0,0,0,0,0,0,0,0,0,0,0,0,0,0,0,0,0,0,0,0,0,0,0,0,0,0,0,0,0,0,0,0,0,0,0,0,0,0,0,0,0,0
NEG125,GANESHENTERPRISE-DBR,0,0,0,0,0,0,0,0,0,0,0,0,0,0,0,0,0,0,0,0,0,0,0,0,0,0,0,0,0,0,0,0,0,0,0,0,0,0,0,0,0,0,0,0,0,0,0,0
NEA295,ABTHCEMENT&STEELAGENCY,0,0,0,0,0,0,0,0,0,0,0,0,0,0,0,0,0,0,0,0,0,0,0,0,0,0,0,0,0,0,0,0,0,0,0,0,0,0,0,0,0,0,0,0,0,0,0,0
WBB136,BALAJICEMENTHOUSE,0,0,0,0,0,0,0,0,0,0,0,0,0,0,0,0,0,0,0,0,0,0,0,0,0,0,0,0,0,0,0,0,0,0,0,0,0,0,0,0,0,0,0,0,0,0,0,0
NES486,SHARMAHARDWARE-MNP,0,0,0,0,0,0,0,0,0,0,0,0,0,0,0,0,0,0,0,0,0,0,0,0,0,0,0,0,0,0,0,0,0,0,0,0,0,0,0,0,0,0,0,0,0,0,0,0
NEB252,BARAKINFRATECH-SIL,0,0,0,0,0,0,0,0,0,0,0,0,0,0,0,0,0,0,0,0,0,0,0,0,0,0,0,0,0,0,0,0,0,0,0,0,0,0,0,0,0,0,0,0,0,0,0,0
NEC100,CHTENTERPRISE,0,0,0,0,0,0,0,0,0,0,0,0,0,0,0,0,0,0,0,0,0,0,0,0,0,0,0,0,0,0,0,0,0,0,0,0,0,0,0,0,0,0,0,0,0,0,0,0
BHZ002,ZIMIENTERPRISES,0,0,0,0,0,0,0,0,0,0,0,0,0,0,0,0,0,0,0,0,0,0,0,0,0,0,0,0,0,0,0,0,0,0,0,0,0,0,0,0,0,0,0,0,0,0,0,0
WBA131,AMBIAFERTILIZER,0,0,0,0,0,0,0,0,0,0,0,0,0,0,0,0,0,0,0,0,0,0,0,0,0,0,0,0,0,0,0,0,0,0,0,0,0,0,0,0,0,0,0,0,0,0,0,0
NES497,SANJAYTRADERS-MNP,0,0,0,0,0,0,0,0,0,0,0,0,0,0,0,0,0,0,0,0,0,0,0,0,0,0,0,0,0,0,0,0,0,0,0,0,0,0,0,0,0,0,0,0,0,0,0,0
WBM270,MUNNAMUSTAQUE,0,0,0,0,0,0,0,0,0,0,0,0,0,0,0,0,0,0,0,0,0,0,0,0,0,0,0,0,0,0,0,0,0,0,0,0,0,0,0,0,0,0,0,0,0,0,0,0
WBM191,MALABIKARUDRA,0,0,0,0,0,0,0,0,0,0,0,0,0,0,0,0,0,0,0,0,0,0,0,0,0,0,0,0,0,0,0,0,0,0,0,0,0,0,0,0,0,0,0,0,0,0,0,0
NEH104,HOMIOSANGMA,0,0,0,0,0,0,0,0,0,0,0,0,0,0,0,0,0,0,0,0,0,0,0,0,0,0,0,0,0,0,0,0,0,0,0,0,0,0,0,0,0,0,0,0,0,0,0,0
WBS298,S.S.SUPPLIER,0,0,0,0,0,0,0,0,0,0,0,0,0,0,0,0,0,0,0,0,0,0,0,0,0,0,0,0,0,0,0,0,0,0,0,0,0,0,0,0,0,0,0,0,0,0,0,0
WBR130,RATNAHARDWARE-SATPUKURIA,0,0,0,0,0,0,0,0,0,0,0,0,0,0,0,0,0,0,0,0,0,0,0,0,0,0,0,0,0,0,0,0,0,0,0,0,0,0,0,0,0,0,0,0,0,0,0,0
WBS299,SABUJHARDWARE,0,0,0,0,0,0,0,0,0,0,0,0,0,0,0,0,0,0,0,0,0,0,0,0,0,0,0,0,0,0,0,0,0,0,0,0,0,0,0,0,0,0,0,0,0,0,0,0
NEV040,VINOD ENTERPRISE . NLD,0,0,35,35,0,0,35,0,0,0,35,0,0,0,35,35,0,0,35,0,0,0,35,0,0,0,0,35,0,0,35,0,0,0,35,0,0,0,0,0,0,0,35,0,0,0,35,0
WBS301,SKENTERPRISE,0,0,0,0,0,0,0,0,0,0,0,0,0,0,0,0,0,0,0,0,0,0,0,0,0,0,0,0,0,0,0,0,0,0,0,0,0,0,0,0,0,0,0,0,0,0,0,0
WBB139,BABLIENTERPRISE,0,0,0,0,0,0,0,0,0,0,0,0,0,0,0,0,0,0,0,0,0,0,0,0,0,0,0,0,0,0,0,0,0,0,0,0,0,0,0,0,0,0,0,0,0,0,0,0
WBD083,DADABHAIHARDWARE-KHAMARSITAI,0,0,0,0,0,0,0,0,0,0,0,0,0,0,0,0,0,0,0,0,0,0,0,0,0,0,0,0,0,0,0,0,0,0,0,0,0,0,0,0,0,0,0,0,0,0,0,0
NES511,SHIVAMENTERPRISE(LA),0,0,0,0,0,0,0,0,0,0,0,0,0,0,0,0,0,0,0,0,0,0,0,0,0,0,0,0,0,0,0,0,0,0,0,0,0,0,0,0,0,0,0,0,0,0,0,0
BHS191,SHIVENTERPRISES-BARAJAGARNATH,0,0,0,0,0,0,0,0,0,0,0,0,0,0,0,0,0,0,0,0,0,0,0,0,0,0,0,0,0,0,0,0,0,0,0,0,0,0,0,0,0,0,0,0,0,0,0,0
WBA132,AYESHATRADERS,0,0,0,0,0,0,0,0,0,0,0,0,0,0,0,0,0,0,0,0,0,0,0,0,0,0,0,0,0,0,0,0,0,0,0,0,0,0,0,0,0,0,0,0,0,0,0,0
SKD001,DHAMALAWAREHOUSE,0,0,0,0,0,0,0,0,0,0,0,0,0,0,0,0,0,0,0,0,0,0,0,0,0,0,0,0,0,0,0,0,0,0,0,0,0,0,0,0,0,0,0,0,0,0,0,0
WBP083,PRANABKUMARBISWAS,0,0,0,0,0,0,0,0,0,0,0,0,0,0,0,0,0,0,0,0,0,0,0,0,0,0,0,0,0,0,0,0,0,0,0,0,0,0,0,0,0,0,0,0,0,0,0,0
WBA133,AMRANENTERPRISE,0,0,0,0,0,0,0,0,0,0,0,0,0,0,0,0,0,0,0,0,0,0,0,0,0,0,0,0,0,0,0,0,0,0,0,0,0,0,0,0,0,0,0,0,0,0,0,0
BHS166,SUNRISETRADERS,0,0,0,0,0,0,0,0,0,0,0,0,0,0,0,0,0,0,0,0,0,0,0,0,0,0,0,0,0,0,0,0,0,0,0,0,0,0,0,0,0,0,0,0,0,0,0,0
NEN170,NEWBHAWANISTORES-NLP,0,0,0,0,0,0,0,0,0,0,0,0,0,0,0,0,0,0,0,0,0,0,0,0,0,0,0,0,0,0,0,0,0,0,0,0,0,0,0,0,0,0,0,0,0,0,0,0
NEL100,LEEMIENTERPRISE-APN,0,0,0,0,0,0,0,0,0,0,0,0,0,0,0,0,0,0,0,0,0,0,0,0,0,0,0,0,0,0,0,0,0,0,0,0,0,0,0,0,0,0,0,0,0,0,0,0
BHH018,HMCONSTRUCTION,0,0,0,0,0,0,0,0,0,0,0,0,0,0,0,0,0,0,0,0,0,0,0,0,0,0,0,0,0,0,0,0,0,0,0,0,0,0,0,0,0,0,0,0,0,0,0,0
NED189,DAPHAWANDKHAR,0,0,0,0,0,0,0,0,0,0,0,0,0,0,0,0,0,0,0,0,0,0,0,0,0,0,0,0,0,0,0,0,0,0,0,0,0,0,0,0,0,0,0,0,0,0,0,0
BHP036,PINTUCEMENTAGENCY,0,0,0,0,0,0,0,0,0,0,0,0,0,0,0,0,0,0,0,0,0,0,0,0,0,0,0,0,0,0,0,0,0,0,0,0,0,0,0,0,0,0,0,0,0,0,0,0
BHM127,MITHITRADERS,0,0,0,0,0,0,0,0,0,0,0,0,0,0,0,0,0,0,0,0,0,0,0,0,0,0,0,0,0,0,0,0,0,0,0,0,0,0,0,0,0,0,0,0,0,0,0,0
BHM126,MAHABIRENTERPRISES-SAMPATCHAK,0,0,0,0,0,0,0,0,0,0,0,0,0,0,0,0,0,0,0,0,0,0,0,0,0,0,0,0,0,0,0,0,0,0,0,0,0,0,0,0,0,0,0,0,0,0,0,0
NEG136,GOHAINENTERPRISE-JOR,0,0,0,0,0,0,0,0,0,0,0,0,0,0,0,0,0,0,0,0,0,0,0,0,0,0,0,0,0,0,0,0,0,0,0,0,0,0,0,0,0,0,0,0,0,0,0,0
NER232,RUATRUATIENTERPRISE,0,0,0,0,0,0,0,0,0,0,0,0,0,0,0,0,0,0,0,0,0,0,0,0,0,0,0,0,0,0,0,0,0,0,0,0,0,0,0,0,0,0,0,0,0,0,0,0
WBP052,PHURABENTERPRISES,0,0,0,0,0,0,0,0,0,0,0,0,0,0,0,0,0,0,0,0,0,0,0,0,0,0,0,0,0,0,0,0,0,0,0,0,0,0,0,0,0,0,0,0,0,0,0,0
BHK052,KRISHITRADERS-TAJPUR,0,0,0,0,0,0,0,0,0,0,0,0,0,0,0,0,0,0,0,0,0,0,0,0,0,0,0,0,0,0,0,0,0,0,0,0,0,0,0,0,0,0,0,0,0,0,0,0
NEM014,MEGHAENTERPRISES(CHANDEL),0,0,0,0,0,0,0,0,0,0,0,0,0,0,0,0,0,0,0,0,0,0,0,0,0,0,0,0,0,0,0,0,0,0,0,0,0,0,0,0,0,0,0,0,0,0,0,0
WBG088,GUPTATRADERS-KUSHMANDI,0,0,0,0,0,0,0,0,0,0,0,0,0,0,0,0,0,0,0,0,0,0,0,0,0,0,0,0,0,0,0,0,0,0,0,0,0,0,0,0,0,0,0,0,0,0,0,0
A218,ARCHANAENTERPRISES,0,0,0,0,0,0,0,0,0,0,0,0,0,0,0,0,0,0,0,0,0,0,0,0,0,0,0,0,0,0,0,0,0,0,0,0,0,0,0,0,0,0,0,0,0,0,0,0
B266,B.R.ENTERPRISE,0,0,0,0,0,0,0,0,0,0,0,0,0,0,0,0,0,0,0,0,0,0,0,0,0,0,0,0,0,0,0,0,0,0,0,0,0,0,0,0,0,0,0,0,0,0,0,0
BHA024,ARCHANATRADERS(GAMHARIYA),0,0,0,0,0,0,0,0,0,0,0,0,0,0,0,0,0,0,0,0,0,0,0,0,0,0,0,0,0,0,0,0,0,0,0,0,0,0,0,0,0,0,0,0,0,0,0,0
BHA039,AMITSINGH(PAHARPUR),0,0,0,0,0,0,0,0,0,0,0,0,0,0,0,0,0,0,0,0,0,0,0,0,0,0,0,0,0,0,0,0,0,0,0,0,0,0,0,0,0,0,0,0,0,0,0,0
BHB011,BAISHNOTRADERS,0,0,0,0,0,0,0,0,0,0,0,0,0,0,0,0,0,0,0,0,0,0,0,0,0,0,0,0,0,0,0,0,0,0,0,0,0,0,0,0,0,0,0,0,0,0,0,0
BHB021,BHOLATRADING(KAHRA),0,0,0,0,0,0,0,0,0,0,0,0,0,0,0,0,0,0,0,0,0,0,0,0,0,0,0,0,0,0,0,0,0,0,0,0,0,0,0,0,0,0,0,0,0,0,0,0
BHC003,CHANDTRADERS,0,0,0,0,0,0,0,0,0,0,0,0,0,0,0,0,0,0,0,0,0,0,0,0,0,0,0,0,0,0,0,0,0,0,0,0,0,0,0,0,0,0,0,0,0,0,0,0
BHJ009,J&NENTERPRISES,0,0,0,0,0,0,0,0,0,0,0,0,0,0,0,0,0,0,0,0,0,0,0,0,0,0,0,0,0,0,0,0,0,0,0,0,0,0,0,0,0,0,0,0,0,0,0,0
BHK030,KALYANITRADERS(BARIKHANJARPUR),0,0,0,0,0,0,0,0,0,0,0,0,0,0,0,0,0,0,0,0,0,0,0,0,0,0,0,0,0,0,0,0,0,0,0,0,0,0,0,0,0,0,0,0,0,0,0,0
BHL005,LAXMITRADERS(SAIDPUR),0,0,0,0,0,0,0,0,0,0,0,0,0,0,0,0,0,0,0,0,0,0,0,0,0,0,0,0,0,0,0,0,0,0,0,0,0,0,0,0,0,0,0,0,0,0,0,0
BHL011,LALITENTERPRISES(LAKHISARAI),0,0,0,0,0,0,0,0,0,0,0,0,0,0,0,0,0,0,0,0,0,0,0,0,0,0,0,0,0,0,0,0,0,0,0,0,0,0,0,0,0,0,0,0,0,0,0,0
BHM067,MAHENDRAPRASADANDSONS,0,0,0,0,0,0,0,0,0,0,0,0,0,0,0,0,0,0,0,0,0,0,0,0,0,0,0,0,0,0,0,0,0,0,0,0,0,0,0,0,0,0,0,0,0,0,0,0
BHS053,SAKSHITRADERS(NAWAGARHI),0,0,0,0,0,0,0,0,0,0,0,0,0,0,0,0,0,0,0,0,0,0,0,0,0,0,0,0,0,0,0,0,0,0,0,0,0,0,0,0,0,0,0,0,0,0,0,0
BHS084,SATYAMTRADERS(KHAIRA),0,0,0,0,0,0,0,0,0,0,0,0,0,0,0,0,0,0,0,0,0,0,0,0,0,0,0,0,0,0,0,0,0,0,0,0,0,0,0,0,0,0,0,0,0,0,0,0
BHS107,SHIVAMCEMENTAGENCY(PATNACITY),0,0,0,0,0,0,0,0,0,0,0,0,0,0,0,0,0,0,0,0,0,0,0,0,0,0,0,0,0,0,0,0,0,0,0,0,0,0,0,0,0,0,0,0,0,0,0,0
BHS110,SATYAMSHREE(BABUTOLA),0,0,0,0,0,0,0,0,0,0,0,0,0,0,0,0,0,0,0,0,0,0,0,0,0,0,0,0,0,0,0,0,0,0,0,0,0,0,0,0,0,0,0,0,0,0,0,0
BHS111,SANTOSHTRADERS(BALVHADARPUR),0,0,0,0,0,0,0,0,0,0,0,0,0,0,0,0,0,0,0,0,0,0,0,0,0,0,0,0,0,0,0,0,0,0,0,0,0,0,0,0,0,0,0,0,0,0,0,0
C135,CHANDANENTERPRISES,0,0,0,0,0,0,0,0,0,0,0,0,0,0,0,0,0,0,0,0,0,0,0,0,0,0,0,0,0,0,0,0,0,0,0,0,0,0,0,0,0,0,0,0,0,0,0,0
G134,G.K.TRADERS(TEGHRA),0,0,0,0,0,0,0,0,0,0,0,0,0,0,0,0,0,0,0,0,0,0,0,0,0,0,0,0,0,0,0,0,0,0,0,0,0,0,0,0,0,0,0,0,0,0,0,0
S375,SHANKARENTERPRISES(BEGUSARAI),0,0,0,0,0,0,0,0,0,0,0,0,0,0,0,0,0,0,0,0,0,0,0,0,0,0,0,0,0,0,0,0,0,0,0,0,0,0,0,0,0,0,0,0,0,0,0,0
S476,SUBHAMCARRIER&CONSTRUCTION,0,0,0,0,0,0,0,0,0,0,0,0,0,0,0,0,0,0,0,0,0,0,0,0,0,0,0,0,0,0,0,0,0,0,0,0,0,0,0,0,0,0,0,0,0,0,0,0
BHM083,MATAAHILYATRADERS,0,0,0,0,0,0,0,0,0,0,0,0,0,0,0,0,0,0,0,0,0,0,0,0,0,0,0,0,0,0,0,0,0,0,0,0,0,0,0,0,0,0,0,0,0,0,0,0
BHM099,MANISHTRADERS,0,0,0,0,0,0,0,0,0,0,0,0,0,0,0,0,0,0,0,0,0,0,0,0,0,0,0,0,0,0,0,0,0,0,0,0,0,0,0,0,0,0,0,0,0,0,0,0
R143,RAMKRISHNAOILMILL,0,0,0,0,0,0,0,0,0,0,0,0,0,0,0,0,0,0,0,0,0,0,0,0,0,0,0,0,0,0,0,0,0,0,0,0,0,0,0,0,0,0,0,0,0,0,0,0
WBB043,BIJOYHARDWARE,0,0,0,0,0,0,0,0,0,0,0,0,0,0,0,0,0,0,0,0,0,0,0,0,0,0,0,0,0,0,0,0,0,0,0,0,0,0,0,0,0,0,0,0,0,0,0,0
WBD028,DILJANBAHARHARDWARE,0,0,0,0,0,0,0,0,0,0,0,0,0,0,0,0,0,0,0,0,0,0,0,0,0,0,0,0,0,0,0,0,0,0,0,0,0,0,0,0,0,0,0,0,0,0,0,0
WBK014,KRISHIBHANDAR(MALDA),0,0,0,0,0,0,0,0,0,0,0,0,0,0,0,0,0,0,0,0,0,0,0,0,0,0,0,0,0,0,0,0,0,0,0,0,0,0,0,0,0,0,0,0,0,0,0,0
WBM005,MONDALHARDWARE(MURSHIDABAD),0,0,0,0,0,0,0,0,0,0,0,0,0,0,0,0,0,0,0,0,0,0,0,0,0,0,0,0,0,0,0,0,0,0,0,0,0,0,0,0,0,0,0,0,0,0,0,0
WBM121,MAYAENTERPRISE(MALDA),0,0,0,0,0,0,0,0,0,0,0,0,0,0,0,0,0,0,0,0,0,0,0,0,0,0,0,0,0,0,0,0,0,0,0,0,0,0,0,0,0,0,0,0,0,0,0,0
WBS033,SWARUPPURCEMENTSUPPLY,0,0,0,0,0,0,0,0,0,0,0,0,0,0,0,0,0,0,0,0,0,0,0,0,0,0,0,0,0,0,0,0,0,0,0,0,0,0,0,0,0,0,0,0,0,0,0,0
WBS102,SANGITAHARDWARE(MALDA),0,0,0,0,0,0,0,0,0,0,0,0,0,0,0,0,0,0,0,0,0,0,0,0,0,0,0,0,0,0,0,0,0,0,0,0,0,0,0,0,0,0,0,0,0,0,0,0
WBH025,HAQUEENTERPRISE(MALDA),0,0,0,0,0,0,0,0,0,0,0,0,0,0,0,0,0,0,0,0,0,0,0,0,0,0,0,0,0,0,0,0,0,0,0,0,0,0,0,0,0,0,0,0,0,0,0,0
WBH036,H.M.HARDWARE,0,0,0,0,0,0,0,0,0,0,0,0,0,0,0,0,0,0,0,0,0,0,0,0,0,0,0,0,0,0,0,0,0,0,0,0,0,0,0,0,0,0,0,0,0,0,0,0
WBR090,RITAGHOSH,0,0,0,0,0,0,0,0,0,0,0,0,0,0,0,0,0,0,0,0,0,0,0,0,0,0,0,0,0,0,0,0,0,0,0,0,0,0,0,0,0,0,0,0,0,0,0,0
WBR100,R.S.ENTERPRISE(PARDEONAPUR),0,0,0,0,0,0,0,0,0,0,0,0,0,0,0,0,0,0,0,0,0,0,0,0,0,0,0,0,0,0,0,0,0,0,0,0,0,0,0,0,0,0,0,0,0,0,0,0
WBS226,SAHASTEEL,0,0,0,0,0,0,0,0,0,0,0,0,0,0,0,0,0,0,0,0,0,0,0,0,0,0,0,0,0,0,0,0,0,0,0,0,0,0,0,0,0,0,0,0,0,0,0,0
WBN084,NOSHINENTERPRISE,0,0,0,0,0,0,0,0,0,0,0,0,0,0,0,0,0,0,0,0,0,0,0,0,0,0,0,0,0,0,0,0,0,0,0,0,0,0,0,0,0,0,0,0,0,0,0,0
WBM239,MD.ISLAMUDDIN(T20),0,0,0,0,0,0,0,0,0,0,0,0,0,0,0,0,0,0,0,0,0,0,0,0,0,0,0,0,0,0,0,0,0,0,0,0,0,0,0,0,0,0,0,0,0,0,0,0
WBB115,BALAJIBUILDERS,0,0,0,0,0,0,0,0,0,0,0,0,0,0,0,0,0,0,0,0,0,0,0,0,0,0,0,0,0,0,0,0,0,0,0,0,0,0,0,0,0,0,0,0,0,0,0,0
NEG069,GLOBALSTEEL&TRADERS,0,0,0,0,0,0,0,0,0,0,0,0,0,0,0,0,0,0,0,0,0,0,0,0,0,0,0,0,0,0,0,0,0,0,0,0,0,0,0,0,0,0,0,0,0,0,0,0
NEC038,CHHANGTETRADERS(AIZAWL),0,0,0,0,0,0,0,0,0,0,0,0,0,0,0,0,0,0,0,0,0,0,0,0,0,0,0,0,0,0,0,0,0,0,0,0,0,0,0,0,0,0,0,0,0,0,0,0
NEA238,AIECONSTRUCTION(AIZ),0,0,0,0,0,0,0,0,0,0,0,0,0,0,0,0,0,0,0,0,0,0,0,0,0,0,0,0,0,0,0,0,0,0,0,0,0,0,0,0,0,0,0,0,0,0,0,0
NEG111,GTSTORE,0,0,0,0,0,0,0,0,0,0,0,0,0,0,0,0,0,0,0,0,0,0,0,0,0,0,0,0,0,0,0,0,0,0,0,0,0,0,0,0,0,0,0,0,0,0,0,0
NEC097,CEMENTSUPPLYAGENCY(MIZ),0,0,0,0,0,0,0,0,0,0,0,0,0,0,0,0,0,0,0,0,0,0,0,0,0,0,0,0,0,0,0,0,0,0,0,0,0,0,0,0,0,0,0,0,0,0,0,0
NEA288,AITIENTERPRISE,0,0,0,0,0,0,0,0,0,0,0,0,0,0,0,0,0,0,0,0,0,0,0,0,0,0,0,0,0,0,0,0,0,0,0,0,0,0,0,0,0,0,0,0,0,0,0,0
NER208,RSENTERPRISE(MIZ),0,0,0,0,0,0,0,0,0,0,0,0,0,0,0,0,0,0,0,0,0,0,0,0,0,0,0,0,0,0,0,0,0,0,0,0,0,0,0,0,0,0,0,0,0,0,0,0
NED173,D.T.ENTERPRISES(AP),0,0,0,0,0,0,0,0,0,0,0,0,0,0,0,0,0,0,0,0,0,0,0,0,0,0,0,0,0,0,0,0,0,0,0,0,0,0,0,0,0,0,0,0,0,0,0,0
BHP035,PRATHAMENTERPRISES,0,0,0,0,0,0,0,0,0,0,0,0,0,0,0,0,0,0,0,0,0,0,0,0,0,0,0,0,0,0,0,0,0,0,0,0,0,0,0,0,0,0,0,0,0,0,0,0
WBS280,SAHINACONSTRUCTIONANDSUPPLIER,0,0,0,0,0,0,0,0,0,0,0,0,0,0,0,0,0,0,0,0,0,0,0,0,0,0,0,0,0,0,0,0,0,0,0,0,0,0,0,0,0,0,0,0,0,0,0,0
WBJ060,JAYBENYTRADINGCO,0,0,0,0,0,0,0,0,0,0,0,0,0,0,0,0,0,0,0,0,0,0,0,0,0,0,0,0,0,0,0,0,0,0,0,0,0,0,0,0,0,0,0,0,0,0,0,0
C027,CHENIREEMATRADERS,0,0,0,0,0,0,0,0,0,0,0,0,0,0,0,0,0,0,0,0,0,0,0,0,0,0,0,0,0,0,0,0,0,0,0,0,0,0,0,0,0,0,0,0,0,0,0,0
NEK041,KUBERENTERPRISE(GOLAGHAT),0,0,0,0,0,0,0,0,0,0,0,0,0,0,0,0,0,0,0,0,0,0,0,0,0,0,0,0,0,0,0,0,0,0,0,0,0,0,0,0,0,0,0,0,0,0,0,0
NEJ107,JNHARDWARE(GOL),0,0,0,0,0,0,0,0,0,0,0,0,0,0,0,0,0,0,0,0,0,0,0,0,0,0,0,0,0,0,0,0,0,0,0,0,0,0,0,0,0,0,0,0,0,0,0,0
B201,BARUAHHARDWARE,0,0,0,0,0,0,0,0,0,0,0,0,0,0,0,0,0,0,0,0,0,0,0,0,0,0,0,0,0,0,0,0,0,0,0,0,0,0,0,0,0,0,0,0,0,0,0,0
S206,SANJAYBHANDAR,0,0,0,0,0,0,0,0,0,0,0,0,0,0,0,0,0,0,0,0,0,0,0,0,0,0,0,0,0,0,0,0,0,0,0,0,0,0,0,0,0,0,0,0,0,0,0,0
NEM247,MEENAKSHIENTERPRISE,0,0,0,0,0,0,0,0,0,0,0,0,0,0,0,0,0,0,0,0,0,0,0,0,0,0,0,0,0,0,0,0,0,0,0,0,0,0,0,0,0,0,0,0,0,0,0,0
NER202,R.L.CEMENTHOUSE&STEEL,0,0,0,0,0,0,0,0,0,0,0,0,0,0,0,0,0,0,0,0,0,0,0,0,0,0,0,0,0,0,0,0,0,0,0,0,0,0,0,0,0,0,0,0,0,0,0,0
L021,LYNGDOHHARDWARE,0,0,0,0,0,0,0,0,0,0,0,0,0,0,0,0,0,0,0,0,0,0,0,0,0,0,0,0,0,0,0,0,0,0,0,0,0,0,0,0,0,0,0,0,0,0,0,0
B148,BISWASENTERPRISE(SILIGURI),0,0,0,0,0,0,0,0,0,0,0,0,0,0,0,0,0,0,0,0,0,0,0,0,0,0,0,0,0,0,0,0,0,0,0,0,0,0,0,0,0,0,0,0,0,0,0,0
WBP051,PAWANAGARWALA(JALPAIGURI),0,0,0,0,0,0,0,0,0,0,0,0,0,0,0,0,0,0,0,0,0,0,0,0,0,0,0,0,0,0,0,0,0,0,0,0,0,0,0,0,0,0,0,0,0,0,0,0
O025,OMHARDWARE(JORHAT),0,0,0,0,0,0,0,0,0,0,0,0,0,0,0,0,0,0,0,0,0,0,0,0,0,0,0,0,0,0,0,0,0,0,0,0,0,0,0,0,0,0,0,0,0,0,0,0
NEB234,BORDOLOIANDSONENTERPRISE,0,0,0,0,0,0,0,0,0,0,0,0,0,0,0,0,0,0,0,0,0,0,0,0,0,0,0,0,0,0,0,0,0,0,0,0,0,0,0,0,0,0,0,0,0,0,0,0
NES361,STEELHOUSE(NLP),0,0,0,0,0,0,0,0,0,0,0,0,0,0,0,0,0,0,0,0,0,0,0,0,0,0,0,0,0,0,0,0,0,0,0,0,0,0,0,0,0,0,0,0,0,0,0,0
NEC101,CHUTIAHARDWARE-NLP,0,0,0,0,0,0,0,0,0,0,0,0,0,0,0,0,0,0,0,0,0,0,0,0,0,0,0,0,0,0,0,0,0,0,0,0,0,0,0,0,0,0,0,0,0,0,0,0
M158,MANASHHARDWARE,0,0,0,0,0,0,0,0,0,0,0,0,0,0,0,0,0,0,0,0,0,0,0,0,0,0,0,0,0,0,0,0,0,0,0,0,0,0,0,0,0,0,0,0,0,0,0,0
WBH040,HARUNTEXTILES,0,0,0,0,0,0,0,0,0,0,0,0,0,0,0,0,0,0,0,0,0,0,0,0,0,0,0,0,0,0,0,0,0,0,0,0,0,0,0,0,0,0,0,0,0,0,0,0
WBB112,BISWASTRADING(KALIACHAK),0,0,0,0,0,0,0,0,0,0,0,0,0,0,0,0,0,0,0,0,0,0,0,0,0,0,0,0,0,0,0,0,0,0,0,0,0,0,0,0,0,0,0,0,0,0,0,0
WBA108,AMINULTRADERS,0,0,0,0,0,0,0,0,0,0,0,0,0,0,0,0,0,0,0,0,0,0,0,0,0,0,0,0,0,0,0,0,0,0,0,0,0,0,0,0,0,0,0,0,0,0,0,0
NER108,RKENTERPRISES(MNP),0,0,0,0,0,0,0,0,0,0,0,0,0,0,0,0,0,0,0,0,0,0,0,0,0,0,0,0,0,0,0,0,0,0,0,0,0,0,0,0,0,0,0,0,0,0,0,0
NET134,316ENTERPRISE,0,0,0,0,0,0,0,0,0,0,0,0,0,0,0,0,0,0,0,0,0,0,0,0,0,0,0,0,0,0,0,0,0,0,0,0,0,0,0,0,0,0,0,0,0,0,0,0
NEM273,MAYANGLAMBAMHARDWARE,0,0,0,0,0,0,0,0,0,0,0,0,0,0,0,0,0,0,0,0,0,0,0,0,0,0,0,0,0,0,0,0,0,0,0,0,0,0,0,0,0,0,0,0,0,0,0,0
NED178,DIMATRANSPORT&TRADING,0,0,0,0,0,0,0,0,0,0,0,0,0,0,0,0,0,0,0,0,0,0,0,0,0,0,0,0,0,0,0,0,0,0,0,0,0,0,0,0,0,0,0,0,0,0,0,0
S344,SREEGURUHARDWARE,0,0,0,0,0,0,0,0,0,0,0,0,0,0,0,0,0,0,0,0,0,0,0,0,0,0,0,0,0,0,0,0,0,0,0,0,0,0,0,0,0,0,0,0,0,0,0,0
NEN050,NEWMAAHARDWARE(DHING),0,0,0,0,0,0,0,0,0,0,0,0,0,0,0,0,0,0,0,0,0,0,0,0,0,0,0,0,0,0,0,0,0,0,0,0,0,0,0,0,0,0,0,0,0,0,0,0
NEM099,MAADURGAHARDWARE(NAGAON),0,0,0,0,0,0,0,0,0,0,0,0,0,0,0,0,0,0,0,0,0,0,0,0,0,0,0,0,0,0,0,0,0,0,0,0,0,0,0,0,0,0,0,0,0,0,0,0
NEM125,MASHAKTIHARDWARE(NAGAON),0,0,0,0,0,0,0,0,0,0,0,0,0,0,0,0,0,0,0,0,0,0,0,0,0,0,0,0,0,0,0,0,0,0,0,0,0,0,0,0,0,0,0,0,0,0,0,0
NEA177,ALOMHARDWARE,0,0,0,0,0,0,0,0,0,0,0,0,0,0,0,0,0,0,0,0,0,0,0,0,0,0,0,0,0,0,0,0,0,0,0,0,0,0,0,0,0,0,0,0,0,0,0,0
NEN128,NEWASSAMHARDWARE(NGN),0,0,0,0,0,0,0,0,0,0,0,0,0,0,0,0,0,0,0,0,0,0,0,0,0,0,0,0,0,0,0,0,0,0,0,0,0,0,0,0,0,0,0,0,0,0,0,0
NEB212,BISWAKARMAHARDWARES(DIPHU),0,0,0,0,0,0,0,0,0,0,0,0,0,0,0,0,0,0,0,0,0,0,0,0,0,0,0,0,0,0,0,0,0,0,0,0,0,0,0,0,0,0,0,0,0,0,0,0
NEP188,PAULHARDWARE(HOJAI),0,0,0,0,0,0,0,0,0,0,0,0,0,0,0,0,0,0,0,0,0,0,0,0,0,0,0,0,0,0,0,0,0,0,0,0,0,0,0,0,0,0,0,0,0,0,0,0
NEB245,BABALOKNATHGLASS-NGN,0,0,0,0,0,0,0,0,0,0,0,0,0,0,0,0,0,0,0,0,0,0,0,0,0,0,0,0,0,0,0,0,0,0,0,0,0,0,0,0,0,0,0,0,0,0,0,0
NES465,SHAKILSTORE-NGN,0,0,0,0,0,0,0,0,0,0,0,0,0,0,0,0,0,0,0,0,0,0,0,0,0,0,0,0,0,0,0,0,0,0,0,0,0,0,0,0,0,0,0,0,0,0,0,0
NEA314,A.F.ENTERPRISE,0,0,0,0,0,0,0,0,0,0,0,0,0,0,0,0,0,0,0,0,0,0,0,0,0,0,0,0,0,0,0,0,0,0,0,0,0,0,0,0,0,0,0,0,0,0,0,0
BHK017,KOSUTENTERPRISES,0,0,0,0,0,0,0,0,0,0,0,0,0,0,0,0,0,0,0,0,0,0,0,0,0,0,0,0,0,0,0,0,0,0,0,0,0,0,0,0,0,0,0,0,0,0,0,0
BHK039,KHUSHIENTERPRISES(DIDARGANJ),0,0,0,0,0,0,0,0,0,0,0,0,0,0,0,0,0,0,0,0,0,0,0,0,0,0,0,0,0,0,0,0,0,0,0,0,0,0,0,0,0,0,0,0,0,0,0,0
BHM107,MAAKALITRADERS(PURNIA),0,0,0,0,0,0,0,0,0,0,0,0,0,0,0,0,0,0,0,0,0,0,0,0,0,0,0,0,0,0,0,0,0,0,0,0,0,0,0,0,0,0,0,0,0,0,0,0
B001,BPKHONGSIT,0,0,0,0,0,0,0,0,0,0,0,0,0,0,0,0,0,0,0,0,0,0,0,0,0,0,0,0,0,0,0,0,0,0,0,0,0,0,0,0,0,0,0,0,0,0,0,0
NEB196,BSHARDWARE(SHALLANG),0,0,0,0,0,0,0,0,0,0,0,0,0,0,0,0,0,0,0,0,0,0,0,0,0,0,0,0,0,0,0,0,0,0,0,0,0,0,0,0,0,0,0,0,0,0,0,0
E025,ELECTRONICA,0,0,0,0,0,0,0,0,0,0,0,0,0,0,0,0,0,0,0,0,0,0,0,0,0,0,0,0,0,0,0,0,0,0,0,0,0,0,0,0,0,0,0,0,0,0,0,0
NEK115,KHANTRDING,0,0,0,0,0,0,0,0,0,0,0,0,0,0,0,0,0,0,0,0,0,0,0,0,0,0,0,0,0,0,0,0,0,0,0,0,0,0,0,0,0,0,0,0,0,0,0,0
B038,BIJOYSTORE,0,0,0,0,0,0,0,0,0,0,0,0,0,0,0,0,0,0,0,0,0,0,0,0,0,0,0,0,0,0,0,0,0,0,0,0,0,0,0,0,0,0,0,0,0,0,0,0
B086,BHAJANLALSHARMA&CO.,0,0,0,0,0,0,0,0,0,0,0,0,0,0,0,0,0,0,0,0,0,0,0,0,0,0,0,0,0,0,0,0,0,0,0,0,0,0,0,0,0,0,0,0,0,0,0,0
P108,PRAGATITRADING,0,0,0,0,0,0,0,0,0,0,0,0,0,0,0,0,0,0,0,0,0,0,0,0,0,0,0,0,0,0,0,0,0,0,0,0,0,0,0,0,0,0,0,0,0,0,0,0
NEB167,BHANUTRADERS,0,0,0,0,0,0,0,0,0,0,0,0,0,0,0,0,0,0,0,0,0,0,0,0,0,0,0,0,0,0,0,0,0,0,0,0,0,0,0,0,0,0,0,0,0,0,0,0
NEC079,CHETIAENTERPRISE,0,0,0,0,0,0,0,0,0,0,0,0,0,0,0,0,0,0,0,0,0,0,0,0,0,0,0,0,0,0,0,0,0,0,0,0,0,0,0,0,0,0,0,0,0,0,0,0
NEG112,GAURAVELECTRICALS,0,0,0,0,0,0,0,0,0,0,0,0,0,0,0,0,0,0,0,0,0,0,0,0,0,0,0,0,0,0,0,0,0,0,0,0,0,0,0,0,0,0,0,0,0,0,0,0
NET079,TRELINNONGSIEJ,0,0,0,0,0,0,0,0,0,0,0,0,0,0,0,0,0,0,0,0,0,0,0,0,0,0,0,0,0,0,0,0,0,0,0,0,0,0,0,0,0,0,0,0,0,0,0,0
WBK030,KUNDUHARDWARE(UDINAJPUR),0,0,0,0,0,0,0,0,0,0,0,0,0,0,0,0,0,0,0,0,0,0,0,0,0,0,0,0,0,0,0,0,0,0,0,0,0,0,0,0,0,0,0,0,0,0,0,0
WBM184,MAAENTERPRISE,0,0,0,0,0,0,0,0,0,0,0,0,0,0,0,0,0,0,0,0,0,0,0,0,0,0,0,0,0,0,0,0,0,0,0,0,0,0,0,0,0,0,0,0,0,0,0,0
NES064,SAIKIAHARDWARE(MORIGAON),0,0,0,0,0,0,0,0,0,0,0,0,0,0,0,0,0,0,0,0,0,0,0,0,0,0,0,0,0,0,0,0,0,0,0,0,0,0,0,0,0,0,0,0,0,0,0,0
WBD091,DYANAMICCONSTRUCTOR,0,0,0,0,0,0,0,0,0,0,0,0,0,0,0,0,0,0,0,0,0,0,0,0,0,0,0,0,0,0,0,0,0,0,0,0,0,0,0,0,0,0,0,0,0,0,0,0
WBJ066,JMCONSTRUCTION,0,0,0,0,0,0,0,0,0,0,0,0,0,0,0,0,0,0,0,0,0,0,0,0,0,0,0,0,0,0,0,0,0,0,0,0,0,0,0,0,0,0,0,0,0,0,0,0
BHT014,TRIMURTIEGNICONSANDTRADERSPVTLTD,0,0,0,0,0,0,0,0,0,0,0,0,0,0,0,0,0,0,0,0,0,0,0,0,0,0,0,0,0,0,0,0,0,0,0,0,0,0,0,0,0,0,0,0,0,0,0,0
BHS211,SHIVSHAKTICONSTRUCTION,0,0,0,0,0,0,0,0,0,0,0,0,0,0,0,0,0,0,0,0,0,0,0,0,0,0,0,0,0,0,0,0,0,0,0,0,0,0,0,0,0,0,0,0,0,0,0,0
WBQ001,QUALITYCONCRETEINDUSTRIES,0,0,0,0,0,0,0,0,0,0,0,0,0,0,0,0,0,0,0,0,0,0,0,0,0,0,0,0,0,0,0,0,0,0,0,0,0,0,0,0,0,0,0,0,0,0,0,0
WBB147,BERLIADEVELOPERS,0,0,0,0,0,0,0,0,0,0,0,0,0,0,0,0,0,0,0,0,0,0,0,0,0,0,0,0,0,0,0,0,0,0,0,0,0,0,0,0,0,0,0,0,0,0,0,0
WBH050,HELLAINFRAMARKETPVTLTD,0,0,0,0,0,0,0,0,0,0,0,0,0,0,0,0,0,0,0,0,0,0,0,0,0,0,0,0,0,0,0,0,0,0,0,0,0,0,0,0,0,0,0,0,0,0,0,0
WBS305,SRISIDDHIVINAYAKBUILDERS&SUPPLIERS,0,0,0,0,0,0,0,0,0,0,0,0,0,0,0,0,0,0,0,0,0,0,0,0,0,0,0,0,0,0,0,0,0,0,0,0,0,0,0,0,0,0,0,0,0,0,0,0
WBD045,DCC&BABULNATHJV,0,0,0,0,0,0,0,0,0,0,0,0,0,0,0,0,0,0,0,0,0,0,0,0,0,0,0,0,0,0,0,0,0,0,0,0,0,0,0,0,0,0,0,0,0,0,0,0
WBB140,BELAINFRASTRUCTURESPVTLTD,0,0,0,0,0,0,0,0,0,0,0,0,0,0,0,0,0,0,0,0,0,0,0,0,0,0,0,0,0,0,0,0,0,0,0,0,0,0,0,0,0,0,0,0,0,0,0,0
WBE019,ECOSTRUCTUREBUILDERS,0,0,0,0,0,0,0,0,0,0,0,0,0,0,0,0,0,0,0,0,0,0,0,0,0,0,0,0,0,0,0,0,0,0,0,0,0,0,0,0,0,0,0,0,0,0,0,0
WBV013,VINODKUMARJAIN,0,0,0,0,0,0,0,0,0,0,0,0,0,0,0,0,0,0,0,0,0,0,0,0,0,0,0,0,0,0,0,0,0,0,0,0,0,0,0,0,0,0,0,0,0,0,0,0
BHS205,SUBHADRACONSTRUCTION,0,0,0,0,0,0,0,0,0,0,0,0,0,0,0,0,0,0,0,0,0,0,0,0,0,0,0,0,0,0,0,0,0,0,0,0,0,0,0,0,0,0,0,0,0,0,0,0
BHS206,SSRAILWORKSPVTLTD,0,0,0,0,0,0,0,0,0,0,0,0,0,0,0,0,0,0,0,0,0,0,0,0,0,0,0,0,0,0,0,0,0,0,0,0,0,0,0,0,0,0,0,0,0,0,0,0
BHG038,GRINFRAPROJECTSLTD,0,0,0,0,0,0,0,0,0,0,0,0,0,0,0,0,0,0,0,0,0,0,0,0,0,0,0,0,0,0,0,0,0,0,0,0,0,0,0,0,0,0,0,0,0,0,0,0
BHM132,MKGUPTAANDCO,0,0,0,0,0,0,0,0,0,0,0,0,0,0,0,0,0,0,0,0,0,0,0,0,0,0,0,0,0,0,0,0,0,0,0,0,0,0,0,0,0,0,0,0,0,0,0,0
WBS326,SUROJITGHOSH,0,0,0,0,0,0,0,0,0,0,0,0,0,0,0,0,0,0,0,0,0,0,0,0,0,0,0,0,0,0,0,0,0,0,0,0,0,0,0,0,0,0,0,0,0,0,0,0
NEG143,GAURI GANESH ENTERPRISE,0,52,80,3.5,44,27,50,3.5,0,0,20,0,0,0,0,0,0,0,0,0,0,0,0,0,0,0,0,0,0,0,0,0,0,0,0,0,0,0,0,0,0,0,0,0,0,0,0,0
BHS224,SHRIKAMAKSHIENTERPRISES,0,0,0,0,0,0,0,0,0,0,0,0,0,0,0,0,0,0,0,0,0,0,0,0,0,0,0,0,0,0,0,0,0,0,0,0,0,0,0,0,0,0,0,0,0,0,0,0
NEC110,CHHAKCHHUAKENTERPRISE,0,0,0,0,0,0,0,0,0,0,0,0,0,0,0,0,0,0,0,0,0,0,0,0,0,0,0,0,0,0,0,0,0,0,0,0,0,0,0,0,0,0,0,0,0,0,0,0
SKN003,NANDA KISHORE PRASAD,25,35.5,40,20.5,40,0,30,10,0,0,25,12.5,0,0,50,80.5,0,0,65,41,0,0,25,0,0,0,30,23,0,0,50,0,0,0,25,15,0,0,30,0,0,0,60,9,0,0,100,0
NED208,DERRICK NONGRANG,0,0,0,0,0,0,0,0,0,0,0,0,0,0,0,0,0,0,0,0,0,0,0,0,0,0,0,0,0,0,0,0,0,0,0,0,0,0,0,0,0,0,0,0,0,0,0,0
SKR004,RAJJAISWAL,0,0,0,0,0,0,0,0,0,0,0,0,0,0,0,0,0,0,0,0,0,0,0,0,0,0,0,0,0,0,0,0,0,0,0,0,0,0,0,0,0,0,0,0,0,0,0,0
NEJ144,JMD ENTERPRISE,50,20,210,59.4,267.5,0,0,267.5,0,0,220,15,0,0,280,151.5,0,0,260,50,0,0,160,0,0,0,100,0,0,0,80,0,0,0,80,0,0,0,0,0,0,0,60,43,0,0,100,60
NEN201,N B SUPPLIERS,50,53.75,50,15,50,35,50,35,0,0,40,11.5,0,0,40,20,0,0,60,25,0,0,30,20,0,0,50,38,0,0,60,50,0,0,80,35,0,0,70,50,0,0,50,55,0,0,70,60
NED214,DHRITI ENTERPRISE,600,700,600,600,800,310,600,639.25,0,0,550,640,0,0,580,600,0,0,550,597,0,0,640,561.65,0,0,700,570,0,0,660,510.05,0,0,720,639.35,0,0,850,770,0,0,800,709.7,0,0,1200,1118.75
BHA088,ADIBA TRADERS,1000,1135,510,1377,1050,495,500,1295,0,0,400,1085.5,0,0,500,845.5,0,0,510,1010.5,0,0,400,605.75,0,0,450,615,0,0,400,435,0,0,650,1125.5,0,0,650,1025,0,0,1000,1382,0,0,1000,1106
WBB150,BISWAS HARDWARE STORES,170,195,155,104,70,50,155,50,0,0,50,125,0,0,50,100,0,0,130,100,0,0,110,50,0,0,110,125,0,0,100,100,0,0,120,75,0,0,85,75,0,0,150,299,0,0,125,250
WBG095,GLASSHOUSE,0,0,0,0,0,0,0,0,0,0,0,0,0,0,0,0,0,0,0,0,0,0,0,0,0,0,0,0,0,0,0,0,0,0,0,0,0,0,0,0,0,0,0,0,0,0,0,0
NEK177,KAMRUP ENTERPRISE,80,20,80,202.5,55,31.5,120,124,0,0,80,27.5,0,0,100,44.5,0,0,84,111.5,0,0,100,59,0,0,100,117,0,0,144,24.5,0,0,144,113.5,0,0,132,77,0,0,132,21,0,0,121,28
WBM303,MILAN CHANDRA SARKAR,250,350,70,98,225,72.5,75,133,0,0,70,218,0,0,140,256,0,0,150,351.75,0,0,200,269,0,0,250,421.5,0,0,250,202.5,0,0,150,232.5,0,0,350,148.75,0,0,200,331.1,0,0,400,460.25
NEM350,MAA HARDWARE,0,0,44,0,0,0,40,0,0,0,30,0,0,0,0,0,0,0,0,0,0,0,0,0,0,0,0,0,0,0,0,0,0,0,0,0,0,0,0,0,0,0,0,0,0,0,0,0
NEN202,NIRMAL ENTERPRISE,160,200,130,40,200,40,100,80,0,0,120,0,0,0,100,10,0,0,80,30,0,0,40,0,0,0,40,80,0,0,80,80,0,0,120,80,0,0,120,80,0,0,120,140,0,0,140,80
WBM301,M M TRADERS,350,258,650,505,380,18,550,305.5,0,0,450,531,0,0,480,690,0,0,550,348,0,0,400,228,0,0,350,375,0,0,375,252,0,0,300,129,0,0,750,150,0,0,800,264,0,0,660,258
NEM351,MODAK ENTERPRISE,0,0,20,0,0,0,3.5,12,0,0,20,0,0,0,20,20,0,0,24,0,0,0,0,0,0,0,20,0,0,0,24,3.5,0,0,24,0,0,0,0,0,0,0,33,0,0,0,33,0
NER259,RIJINA BEGUM,220,150,170,170,160,50,185,160,0,0,40,50,0,0,150,150,0,0,145,40,0,0,150,45,0,0,125,165,0,0,185,135,0,0,140,45,0,0,165,175,0,0,185,200,0,0,195,135
BHK061,KUSHWAHAKRISHIKENDRA,0,0,0,0,0,0,0,0,0,0,0,0,0,0,0,0,0,0,0,0,0,0,0,0,0,0,0,0,0,0,0,0,0,0,0,0,0,0,0,0,0,0,0,0,0,0,0,0
BHH022,HUSSAINI TRADERS,150,270,150,245,200,60,150,251,0,0,130,115,0,0,150,210,0,0,160,150,0,0,150,90,0,0,150,150,0,0,170,90,0,0,220,180,0,0,170,186,0,0,210,180,0,0,260,120
BHA089,APNATRADERS,0,0,0,0,0,0,0,0,0,0,0,0,0,0,0,0,0,0,0,0,0,0,0,0,0,0,0,0,0,0,0,0,0,0,0,0,0,0,0,0,0,0,0,0,0,0,0,0
NEK178,K.R.ENTERPRISES,35,103.85,70,35,0,0,35,0,0,0,35,0,0,0,70,0,0,0,0,0,0,0,35,0,0,0,0,0,0,0,35,0,0,0,35,0,0,0,35,0,0,0,105,85,0,0,75,40
WBM302,MAHANANDAUDYOG,0,0,0,0,0,0,0,0,0,0,0,0,0,0,0,0,0,0,0,0,0,0,0,0,0,0,0,0,0,0,0,0,0,0,0,0,0,0,0,0,0,0,0,0,0,0,0,0
NEA362,A ACHUMI HARDWARE & PAINTS,650,324.5,500,630,495,210,670,495,0,0,585,611,0,0,670,670,0,0,560,70,0,0,700,213.85,0,0,0,994.9,0,0,1000,468.5,0,0,650,776.45,0,0,580,640,0,0,800,1047.15,0,0,1145,1500.7
NER260,RAJIBENTERPRISE,0,0,0,0,0,0,500,0,0,0,0,0,0,0,0,0,0,0,0,0,0,0,0,0,0,0,0,0,0,0,0,0,0,0,120,0,0,0,0,0,0,0,0,0,0,0,0,0
NEB295,B.M. HARDWARE,40,0,55,38,85,0,50,70,0,0,60,10,0,0,40,25,0,0,20,37.5,0,0,50,24.5,0,0,24,20,0,0,70,12.5,0,0,70,20,0,0,60,12.5,0,0,60,12.5,0,0,75,25.5
NEB297,BISWAKARMATRADERS,0,0,0,0,0,0,0,0,0,0,0,0,0,0,0,0,0,0,0,0,0,0,0,0,0,0,0,0,0,0,0,0,0,0,0,0,0,0,0,0,0,0,0,0,0,0,0,0
NES604,SANJAY BHANDAR,22,34.5,0,0,24.2,34,20,0,0,0,0,0,0,0,0,0,0,0,0,0,0,0,0,0,0,0,0,0,0,0,0,0,0,0,0,0,0,0,0,0,0,0,0,22,0,0,22,22
NES609,SHIVHARDWARE,0,0,0,0,0,0,0,0,0,0,0,0,0,0,0,0,0,0,0,0,0,0,0,0,0,0,0,0,0,0,0,0,0,0,0,0,0,0,0,0,0,0,0,0,0,0,0,0
NEC115,CHANGMAI HARDWARE,650,577.45,700,450,650,115.85,600,555,0,0,485,592.5,0,0,450,730,0,0,600,510,0,0,400,389.2,0,0,480,384,0,0,480,370,0,0,580,543.5,0,0,580,540,0,0,600,490,0,0,1000,815
NED216,DELIGHTENTERPRISE,0,0,0,0,0,0,0,0,0,0,0,0,0,0,0,0,0,0,0,0,0,0,0,0,0,0,0,0,0,0,0,0,0,0,0,0,0,0,0,0,0,0,0,0,0,0,0,0
SPR080,RUATRUATIENTERPRISE,0,0,0,0,0,0,0,0,0,0,0,0,0,0,0,0,0,0,0,0,0,0,0,0,0,0,0,0,0,0,0,0,0,0,0,0,0,0,0,0,0,0,0,0,0,0,0,0
NES607,SOUTHERN BREEZE,120,414.65,120,107,150,73,140,99,0,0,150,61,0,0,140,86,0,0,125,51,0,0,100,96.5,0,0,120,148,0,0,125,70,0,0,90,38,0,0,120,141,0,0,120,336.8,0,0,150,160
NEV052,VELI HARDWARE,0,0,80,26,0,0,40,110,0,0,50,25,0,0,80,46,0,0,105,32,0,0,100,33,0,0,0,0,0,0,0,0,0,0,0,0,0,0,0,0,0,0,0,0,0,0,0,0
NES611,STEEL HOUSE,80,109,80,67.5,100,20,80,102.5,0,0,50,78.5,0,0,80,100,0,0,80,64,0,0,50,69.5,0,0,60,75.5,0,0,70,67.5,0,0,90,77.5,0,0,100,112.5,0,0,100,100,0,0,0,84.5
BHG047,GOENKATRADING,0,0,0,0,0,0,0,0,0,0,0,0,0,0,0,0,0,0,0,0,0,0,0,0,0,0,0,0,0,0,0,0,0,0,0,0,0,0,0,0,0,0,0,0,0,0,0,0
BHG048,GUPTATRADERS-BELDAUR,0,0,0,0,0,0,0,0,0,0,0,0,0,0,0,0,0,0,0,0,0,0,0,0,0,0,0,0,0,0,0,0,0,0,0,0,0,0,0,0,0,0,0,0,0,0,0,0
BHA090,ANJANA TRADERS,0,0,0,0,0,0,0,0,0,0,0,0,0,0,0,15.5,0,0,0,8.5,0,0,0,6,0,0,0,0,0,0,0,0,0,0,0,0,0,0,0,0,0,0,0,0,0,0,0,7
BHR095,RAZATRADING,0,0,0,0,0,0,0,0,0,0,0,0,0,0,0,0,0,0,0,0,0,0,0,0,0,0,0,0,0,0,0,0,0,0,0,0,0,0,0,0,0,0,0,0,0,0,0,0
BHS244,SHIVPURNIMAUDYOG,0,0,0,0,0,0,0,0,0,0,0,0,0,0,0,0,0,0,0,0,0,0,0,0,0,0,0,0,0,0,0,0,0,0,0,0,0,0,0,0,0,0,0,0,0,0,0,0
WBB151,BHAI BHAI ENTERPRISE - MATHABHANGA,0,0,15,0,0,0,15,0,0,0,0,0,0,0,0,0,0,0,0,0,0,0,0,0,0,0,0,0,0,0,0,0,0,0,0,0,0,0,0,0,0,0,0,0,0,0,0,0
SKN004,NADIKPAENTERPRISE,0,0,0,0,0,0,0,0,0,0,0,0,0,0,0,0,0,0,0,0,0,0,0,0,0,0,0,0,0,0,0,0,0,0,0,0,0,0,0,0,0,0,0,0,0,0,0,0
NEP244,PERA ENTERPRISE,0,0,120,80,0,0,80,0,0,0,40,0,0,0,40,0,0,0,40,0,0,0,40,0,0,0,0,0,0,0,0,0,0,0,0,0,0,0,40,0,0,0,80,0,0,0,40,0
NES613,SHREE GANESH TRADERS .,120,53.25,120,105.25,50,38.75,80,147.5,0,0,120,67,0,0,120,74.5,0,0,70,66.25,0,0,140,0,0,0,100,44,0,0,130,43.5,0,0,160,81.5,0,0,130,30,0,0,110,0,0,0,150,73
NEB298,BALAJIENTERPRISE,0,0,0,0,0,0,0,0,0,0,0,0,0,0,0,0,0,0,0,0,0,0,0,0,0,0,0,0,0,0,0,0,0,0,0,0,0,0,0,0,0,0,0,0,0,0,0,0
NEB299,B.K. HARDWARE STORE,0,0,0,0,0,0,500,0,0,0,0,0,0,0,0,0,0,0,0,0,0,0,0,0,0,0,0,0,0,0,0,0,0,0,0,0,0,0,0,0,0,0,0,0,0,0,0,0
NEM353,M.H. ENTERPRISE,50,40,40,26,30,20,500,0,0,0,44,20,0,0,22.4,20,0,0,0,19,0,0,60,20,0,0,40,0,0,0,70,13,0,0,90,20,0,0,60,20,0,0,70,40,0,0,70,40
NEG152,GABRIEL ENTERPRISE,170,204.5,160,132,170,41,140,149.5,0,0,150,118,0,0,150,75.25,0,0,135,142.25,0,0,130,123,0,0,150,147,0,0,150,161.5,0,0,120,77,0,0,160,170,0,0,170,254,0,0,170,182.5
NES612,SRI UTTAM KUMAR ROY,25,0,40,0,30,16.5,40,0,0,0,0,0,0,0,25,0,0,0,25,10,0,0,30,0,0,0,20,20,0,0,20,25,0,0,50,25,0,0,50,0,0,0,25,0,0,0,0,25
NEH128,HOMEGALLERY,0,3.5,20,0,0,10.5,0,0,0,0,0,0,0,0,0,0,0,0,0,0,0,0,0,0,0,0,0,0,0,0,24,0,0,0,24,0,0,0,22,0,0,0,22,0,0,0,0,14
WBJ075,JAI LAXMI TRADERS - BHAKTINAGAR,50,0,200,72,100,0,200,149,0,0,200,48,0,0,200,41.5,0,0,200,0,0,0,100,0,0,0,50,0,0,0,50,0,0,0,50,0,0,0,75,0,0,0,50,0,0,0,50,0
WBM304,MAHANTALOUHABHANDAR,0,0,0,0,0,0,0,0,0,0,0,0,0,0,0,0,0,0,0,0,0,0,0,0,0,0,0,0,0,0,0,0,0,0,0,0,0,0,0,0,0,0,0,0,0,0,0,0
WBB152,BENGALSTEELTRADERS,0,0,0,0,0,0,0,0,0,0,0,0,0,0,0,0,0,0,0,0,0,0,0,0,0,0,0,0,0,0,0,0,0,0,0,0,0,0,0,0,0,0,0,0,0,0,0,0
BHA091,AFTABTRADERS,0,0,35,0,0,0,0,0,0,0,0,0,0,0,0,0,0,0,0,0,0,0,0,0,0,0,0,0,0,0,0,0,0,0,0,0,0,0,0,0,0,0,0,0,0,0,0,0
BHK062,KISHANTRADERS-POTHIA,0,0,0,0,0,0,0,0,0,0,0,0,0,0,0,0,0,0,0,0,0,0,0,0,0,0,0,0,0,0,0,0,0,0,0,0,0,0,0,0,0,0,0,0,0,0,0,0
BHI009,ISHANIENTERPRISES,0,0,0,0,0,0,0,0,0,0,0,0,0,0,0,0,0,0,0,0,0,0,0,0,0,0,0,0,0,0,0,0,0,0,0,0,0,0,0,0,0,0,0,0,0,0,0,0
WBN078,NAMBONGHANGLIMBOO,0,0,0,0,0,0,0,0,0,0,0,0,0,0,0,0,0,0,0,0,0,0,0,0,0,0,0,0,0,0,0,0,0,0,0,0,0,0,0,0,0,0,0,0,0,0,0,0
BHS010,SHUBHAMTRADERS(WARSALIGANJ),0,0,0,0,0,0,0,0,0,0,0,0,0,0,0,0,0,0,0,0,0,0,0,0,0,0,0,0,0,0,0,0,0,0,0,0,0,0,0,0,0,0,0,0,0,0,0,0
NEN196,NARAYAN ENTERPRISE,0,0,0,0,0,0,0,0,0,0,0,0,0,0,0,0,0,0,0,0,0,0,0,0,0,0,0,0,0,0,0,0,0,0,0,0,0,0,0,0,0,0,0,0,0,0,0,0
NEC112,CHOUDHARYINDUSTRY&ENTERPRISE,0,0,0,0,0,0,500,0,0,0,0,0,0,0,0,0,0,0,0,0,0,0,0,0,0,0,0,0,0,0,0,0,0,0,0,0,0,0,0,0,0,0,0,0,0,0,0,0
NES614,SHUBHAM ENTERPRISES,26,0,80,27,23,0,60,26,0,0,50,0,0,0,50,0,0,0,35,0,0,0,26,27,0,0,26,0,0,0,26,24,0,0,26,0,0,0,50,0,0,0,26,0,0,0,25,26
NEM354,MOUSUMITRADERS,0,0,0,0,0,0,0,0,0,0,0,0,0,0,0,0,0,0,0,0,0,0,0,0,0,0,0,0,0,0,0,0,0,0,0,0,0,0,0,0,0,0,0,0,0,0,0,0
NEN204,NEELKANTH ENTERPRISE,40,0,70,70.5,22,0,80,0,0,0,50,0,0,0,20,0,0,0,0,0,0,0,0,0,0,0,0,0,0,0,0,0,0,0,0,0,0,0,0,0,0,0,20,0,0,0,33,0
NEA365,ASSAMHARDWARE,0,0,0,0,0,0,0,0,0,0,0,0,0,0,0,0,0,0,0,0,0,0,0,0,0,0,0,0,0,0,0,0,0,0,0,0,0,0,0,0,0,0,0,0,0,0,0,0
NEK181,KP HARDWARE,0,0,105,60,0,0,90,30,0,0,75,35,0,0,45,35,0,0,55,35,0,0,25,35,0,0,50,0,0,0,35,60,0,0,35,0,0,0,0,0,0,0,0,0,0,0,0,0
NES615,SRINARAYANCHANDRASAHA,0,0,0,0,0,0,0,0,0,0,0,0,0,0,0,0,0,0,0,0,0,0,0,0,0,0,0,0,0,0,0,0,0,0,0,0,0,0,0,0,0,0,0,0,0,0,0,0
NEN205,N.N.N ENTERPRISES,20,20,90,40,83,0,90,100,0,0,80,64,0,0,55,32,0,0,60,40,0,0,60,40,0,0,40,40,0,0,40,80,0,0,80,20,0,0,60,0,0,0,20,30,0,0,60,0
NER263,RUPJYOTI ENTERPRISE,140,125,150,132.5,154,65,150,117,0,0,115,91,0,0,115,123.5,0,0,150,127.5,0,0,150,103,0,0,150,146.5,0,0,150,87,0,0,150,137,0,0,120,103.5,0,0,130,140.5,0,0,250,169
NEA366,ABHINOY CHUTIA,0,0,60.5,30.5,0,0,50,0,0,0,0,0,0,0,0,0,0,0,0,0,0,0,0,0,0,0,0,0,0,0,0,0,0,0,0,0,0,0,0,0,0,0,0,0,0,0,0,0
NEO035,OMIOO HARDWARE,180,128,120,144,160,22,160,166,0,0,132,128,0,0,124.32,102,0,0,160,144,0,0,180,62,0,0,120,117.5,0,0,180,150,0,0,200,106,0,0,270,150,0,0,180,128,0,0,200,150
NEK182,KUSUM AGENCIES,0,0,25,0,0,0,25,0,0,0,0,0,0,0,0,0,0,0,0,0,0,0,0,0,0,0,0,0,0,0,0,0,0,0,0,0,0,0,0,0,0,0,0,0,0,0,0,0
NEA367,ANIA ENTERPRISES,80,160,200,80,240,80,200,280,0,0,140,200,0,0,200,160,0,0,200,120,0,0,200,80,0,0,120,0,0,0,120,160,0,0,160,0,0,0,80,120,0,0,200,40,0,0,160,160
NES616,SMTCHRISTILETSYIEMLIEH,0,0,0,0,0,0,0,0,0,0,0,0,0,0,0,0,0,0,0,0,0,0,0,0,0,0,0,0,0,0,0,0,0,0,0,0,0,0,0,0,0,0,0,0,0,0,0,0
NES617,SUBRATA SINHA,60,57.5,88,55,60,18,75,50.5,0,0,70,50,0,0,88,55.75,0,0,66,40.25,0,0,71.5,32.5,0,0,55,40,0,0,57.75,47.5,0,0,75,68.5,0,0,66,52.5,0,0,65,60,0,0,100,71
NES618,SANIKA HARDWARE,30,120,100,0,99,40,40,0,0,0,60,0,0,0,50,0,0,0,0,0,0,0,0,0,0,0,20,0,0,0,132,0,0,0,80,0,0,0,22,0,0,0,44,40,0,0,27.5,80
NEK183,K.A.TRADERS,565,320.25,220,309.75,325,143.4,260,239.8,0,0,290,205.75,0,0,220,351.75,0,0,360,207.4,0,0,370,222,0,0,260,239.9,0,0,400,250.75,0,0,440,334.6,0,0,430,526.9,0,0,540,487,0,0,565,405.5
NEM355,MAMON TRADERS,0,0,0,0,0,0,0,0,0,0,0,0,0,0,0,0,0,0,0,0,0,0,0,0,0,0,0,0,0,0,0,0,0,0,0,0,0,0,0,0,0,0,0,0,0,0,0,0
WBD095,DAS TRADERS,0,0,0,0,0,0,0,0,0,0,0,12,0,0,24,12,0,0,0,0,0,0,0,0,0,0,0,0,0,0,0,0,0,0,0,0,0,0,0,0,0,0,0,0,0,0,0,0
NER264,RAHIMIAH STEEL,20,0,27.5,10,20,5,24,5,0,0,20,0,0,0,33,15,0,0,22,10,0,0,22,10,0,0,22,20,0,0,21,10,0,0,20,20,0,0,55,5,0,0,75,25,0,0,100,5
BHP047,PAWANSTORE,0,0,0,7,0,0,0,0,0,0,0,0,0,0,0,0,0,0,0,0,0,0,0,0,0,0,0,0,0,0,0,0,0,0,0,0,0,0,0,0,0,0,0,0,0,0,0,0
NEP245,P C STEEL,35,7.5,27.5,17.5,25,5,20,5.5,0,0,0,0,0,0,0,2.5,0,0,22,10,0,0,33,5,0,0,44,0,0,0,0,0,0,0,0,0,0,0,0,0,0,0,20,20,0,0,30,2.5
NER265,R.S.TRADE,0,0,0,0,0,0,0,0,0,0,0,0,0,0,0,0,0,0,0,0,0,0,0,0,0,0,0,0,0,0,0,0,0,0,0,0,0,0,0,0,0,0,0,0,0,0,0,0
NER266,RAMCHANDRA JAYPRAKASH,130,55,160,130,70,13,115,40,0,0,120,130,0,0,100,120,0,0,120,20,0,0,140,85,0,0,140,30,0,0,140,80,0,0,120,25,0,0,180,80,0,0,120,96,0,0,250,111
NEY013,YAIMANEMAKENTERPRISES,0,0,0,0,0,0,0,0,0,0,0,0,0,0,0,0,0,0,0,0,0,0,0,0,0,0,0,0,0,0,0,0,0,0,0,0,0,0,0,0,0,0,0,0,0,0,0,0
NEK184,KHURAI STEEL,105,34,150,50,55,20,165,50,0,0,100,25,0,0,165,43,0,0,160,0,0,0,100,28,0,0,143.5,0,0,0,115,0,0,0,55,0,0,0,0,0,0,0,168,29,0,0,141.5,0
NEN206,NATH HARDWARE,93,50.5,95,81,117,38,100,105.5,0,0,80,60.5,0,0,90,90,0,0,110,61,0,0,115,38,0,0,90,63,0,0,114,59.5,0,0,100,63,0,0,92,51,0,0,120,101,0,0,122,89
NEB300,BISHNU HARDWARE,25,26,30,25,25,0,25,25,0,0,25,24.5,0,0,25,12.5,0,0,25,12.5,0,0,25,0,0,0,12.5,13,0,0,30,12.5,0,0,30,12.5,0,0,25,0,0,0,30,12.5,0,0,25,26
NEB301,BROTHERS HARDWARE,160,120,400,370,335,35,425,323.5,0,0,300,70,0,0,415,69.5,0,0,340,19,0,0,250,54,0,0,178,233.5,0,0,115,158,0,0,215,118.5,0,0,160,214,0,0,540,160,0,0,221.5,145
NED218,D.R. ENTERPRISE .,40,31.5,60,0,50,0,40,17.5,0,0,40,48,0,0,50,0,0,0,30,0,0,0,50,0,0,0,0,0,0,0,40,61.5,0,0,60,70.5,0,0,60,67.5,0,0,100,80.5,0,0,120,35
BHR096,R.R.S TRADERS,0,0,0,0,0,0,0,0,0,0,0,0,0,0,0,25,0,0,50,0,0,0,30,75,0,0,50,0,0,0,25,0,0,0,30,0,0,0,25,0,0,0,25,0,0,0,50,0
NER267,RIBOK MASSAR,120,0,25,0,120,0,50,0,0,0,25,0,0,0,25,0,0,0,30,0,0,0,0,0,0,0,0,0,0,0,0,0,0,0,0,24,0,0,0,0,0,0,25,0,0,0,42,0
NEH129,H.B.HARDWARE,0,0,30,0,0,0,0,0,0,0,0,0,0,0,0,0,0,0,0,0,0,0,0,0,0,0,0,0,0,0,0,0,0,0,0,0,0,0,0,0,0,0,0,0,0,0,0,0
NEB302,BHARTI HARDWARE,0,0,35,0,0,0,30,10,0,0,40,0,0,0,20,0,0,0,0,0,0,0,0,0,0,0,0,0,0,0,0,0,0,0,0,0,0,0,0,0,0,0,0,0,0,0,0,15
NES619,SAIKIAHARDWARE,0,0,0,0,0,0,0,0,0,0,0,0,0,0,0,0,0,0,0,0,0,0,0,0,0,0,0,0,0,0,0,0,0,0,0,0,0,0,0,0,0,0,0,0,0,0,0,0
NEB303,BARBHUIYATRADERS,0,0,0,0,0,0,0,0,0,0,0,0,0,0,0,0,0,0,0,0,0,0,0,0,0,0,0,0,0,0,31.5,0,0,0,0,0,0,0,0,0,0,0,0,0,0,0,0,0
NEM358,MAZUMDER HARDWARE,120,55,90,50,100,0,500,85,0,0,82.5,45,0,0,78.4,53,0,0,130,53,0,0,120,86,0,0,80,87.5,0,0,140,83,0,0,180,117,0,0,160,115,0,0,180,70,0,0,240,130
NEK185,KAMAKHYA STORE AND HARDWARE,0,0,0,0,0,0,0,0,0,0,60,0,0,0,0,0,0,0,0,0,0,0,0,0,0,0,0,0,0,0,0,0,0,0,0,0,0,0,0,0,0,0,0,0,0,0,0,0
NEB305,BABU HARDWARE,80,30,100,60,60,0,500,40,0,0,49.5,40,0,0,33.6,0,0,0,75,20,0,0,60,0,0,0,40,20,0,0,40,0,0,0,40,20,0,0,20,60,0,0,80,70,0,0,80,20
NEJ151,JULIE ENTERPRISES,360,140,300,377,215,22,320,208,0,0,315,120,0,0,425,203,0,0,465,199.5,0,0,530,22,0,0,487.5,131,0,0,285,0,0,0,255,302,0,0,435,353,0,0,576,405,0,0,477.25,250
NEA368,ADITI STEEL,40,0,20,0,22,0,0,0,0,0,0,0,0,0,0,0,0,0,0,0,0,0,0,0,0,0,0,0,0,0,0,5,0,0,0,10.5,0,0,22,0,0,0,22,3.5,0,0,22,0
NEM357,MINATRADERS,0,0,0,0,0,0,0,0,0,0,0,0,0,0,0,0,0,0,0,0,0,0,0,0,0,0,0,0,0,0,0,0,0,0,0,0,0,0,0,0,0,0,0,0,0,0,0,0
BHJ057,JAGDAMBATRADINGCO.,0,0,75,0,0,0,0,0,0,0,0,0,0,0,0,0,0,0,0,0,0,0,0,0,0,0,0,0,0,0,0,0,0,0,0,0,0,0,0,0,0,0,0,0,0,0,0,0
NEM359,MAA SANTOSHI ENTERPRISE,30,0,0,0,0,0,0,0,0,0,0,0,0,0,0,0,0,0,0,0,0,0,0,0,0,0,0,0,0,0,0,0,0,0,0,0,0,0,0,0,0,0,0,0,0,0,0,0
NET174,TALUKDAR BROTHER INTER LOCKING & TI,575,500,302.5,460,550,94.5,350,453.5,0,0,350,338.5,0,0,385,350.5,0,0,357.5,241,0,0,408.5,249.5,0,0,385,444.5,0,0,525,306,0,0,450,452,0,0,698.25,491.25,0,0,625,537,0,0,525,499
NER268,R.L. ENTERPRISE .,0,0,0,0,0,0,0,0,0,0,0,0,0,0,0,0,0,0,20,0,0,0,0,0,0,0,0,0,0,0,0,0,0,0,0,0,0,0,20,0,0,0,0,0,0,0,0,0
SKZ002,ZIGMEEENTERPRISES,0,0,0,0,0,0,0,0,0,0,0,0,0,0,0,0,0,0,0,0,0,0,0,0,0,0,0,0,0,0,0,0,0,0,0,0,0,0,0,0,0,0,0,0,0,0,0,0
NES620,SRI SANJOY PAUL,30,0,55,5,25,0,50,31,0,0,27.5,0,0,0,0,0,0,0,0,0,0,0,0,0,0,0,0,0,0,0,42,62.5,0,0,0,24,0,0,63,10,0,0,40,0,0,0,50,0
NES622,S.B. ENTERPRISE,0,0,0,0,0,0,500,0,0,0,0,0,0,0,0,0,0,0,0,0,0,0,0,0,0,0,0,0,0,0,0,0,0,0,0,0,0,0,0,0,0,0,0,0,0,0,0,0
NES621,SAIKIAHARDWARE,0,0,0,0,0,0,0,0,0,0,0,0,0,0,0,0,0,0,0,0,0,0,0,0,0,0,0,0,0,0,0,0,0,0,0,0,0,0,0,0,0,0,0,0,0,0,0,0
WBR150,RUDRA TRADE LINK,0,0,0,0,0,0,0,0,0,0,0,0,0,0,0,0,0,0,0,0,0,0,0,0,0,0,0,0,0,0,0,0,0,0,0,0,0,0,0,0,0,0,0,0,0,0,0,0
NEB306,BHUYANHARDWARE,0,0,0,0,0,0,0,0,0,0,0,0,0,0,0,0,0,0,0,0,0,0,0,0,0,0,0,0,0,0,0,0,0,0,0,0,0,0,0,0,0,0,0,0,0,0,0,0
WBA155,AMULYA PAUL,100,24,60,36,50,6,100,48,0,0,50,18,0,0,50,12,0,0,50,32,0,0,25,0,0,0,50,18,0,0,25,30,0,0,50,18,0,0,50,24,0,0,50,36,0,0,120,40
WBA156,ABDULMANNAN,0,0,0,0,0,0,0,0,0,0,0,0,0,0,0,0,0,0,0,0,0,0,0,0,0,0,0,0,0,0,0,0,0,0,0,0,0,0,0,0,0,0,0,0,0,0,0,0
BHM147,MAHADEV TRADERS - PALASI,315,279.5,660,302,180,8,320,110,0,0,300,218,0,0,200,173,0,0,375,98.5,0,0,125,264.75,0,0,175,246,0,0,200,138,0,0,200,203.5,0,0,250,193,0,0,250,60,0,0,200,197.5
NEA371,ASHOK KEJARIWAL,50,20,70,10,40,0,500,30,0,0,49.5,10,0,0,44.8,10,0,0,50,30,0,0,30,10,0,0,40,20,0,0,60,25,0,0,70,20,0,0,20,10,0,0,60,0,0,0,80,20
NEP247,PATGIRIENTERPRISE,0,0,25,0,0,0,44,0,0,0,0,0,0,0,0,0,0,0,0,0,0,0,0,0,0,0,0,0,0,0,0,0,0,0,0,0,0,0,0,0,0,0,0,0,0,0,0,0
NEM360,MAHARDWARE,0,0,0,0,0,0,0,0,0,0,0,0,0,0,0,0,0,0,0,0,0,0,0,0,0,0,0,0,0,0,0,0,0,0,0,0,0,0,0,0,0,0,0,0,0,0,0,0
NES625,SHARADA STEEL,170,60,110,180,165,60,130,140,0,0,60,80,0,0,60,140,0,0,120,60,0,0,60,80,0,0,90,100,0,0,132,80,0,0,80,40,0,0,110,60,0,0,110,100,0,0,132,160
WBO006,OM SRI GANESH TRADING CO,20,325,30,15,50,50,30,0,0,0,15,10,0,0,10,10,0,0,50,0,0,0,20,0,0,0,25,0,0,0,25,0,0,0,50,25,0,0,25,25,0,0,30,249,0,0,100,249
BHM148,MAHARSHIMEHITRADING,0,0,0,0,0,0,0,0,0,0,0,0,0,0,0,0,0,0,0,0,0,0,0,0,0,0,0,0,0,0,0,0,0,0,0,0,0,0,0,0,0,0,0,0,0,0,0,0
NEP248,PRIYA CARRING CENTRE,150,35,160,257.5,160,69.2,150,185,0,0,110,60,0,0,150,150.5,0,0,150,150,0,0,120,120,0,0,120,188.75,0,0,120,205,0,0,140,170,0,0,150,191,0,0,160,235,0,0,210,220
NEP249,PODDAR STEEL TRADING,40,20,50,0,22,0,13,20,0,0,20,13,0,0,0,41.5,0,0,24,0,0,0,20,0,0,0,20,26,0,0,24,0,0,0,24,0,0,0,22,0,0,0,22,20,0,0,22,3.5
NEM361,MAAHARDWARE,0,0,55,13,0,0,67,0,0,0,39,0,0,0,50,0,0,0,39,0,0,0,13,0,0,0,0,0,0,0,0,0,0,0,0,0,0,0,0,0,0,0,0,0,0,0,0,0
NEP250,PREDONYSTEELANDALLIEDSTORE,0,0,0,0,0,0,0,0,0,0,0,0,0,0,0,0,0,0,0,0,0,0,0,0,0,0,0,0,0,0,0,0,0,0,0,0,0,0,0,0,0,0,0,0,0,0,0,0
NEM363,MAAJAGDAMBAHARDWARE&ELECTRICALS,0,0,0,0,0,0,0,0,0,0,0,0,0,0,0,0,0,0,0,0,0,0,0,0,0,0,0,0,0,0,0,0,0,0,0,0,0,0,0,0,0,0,0,0,0,0,0,0
NEK186,KATOWALHARDWARESUPPLIES,0,0,0,0,0,0,0,0,0,0,0,0,0,0,0,0,0,0,0,0,0,0,0,0,0,0,0,0,0,0,0,0,0,0,0,0,0,0,0,0,0,0,0,0,0,0,0,0
NET175,TANYA HARDWARE,80,0,160,80,120,50,120,40,0,0,80,120,0,0,80,40,0,0,120,120,0,0,120,40,0,0,80,120,0,0,120,120,0,0,160,80,0,0,120,120,0,0,120,160,0,0,200,80
NEL107,LAKHIMI HARDWARE,150,140,140,100,143,20,133,120,0,0,105,100,0,0,100,100,0,0,140,120,0,0,120,60,0,0,120,120,0,0,144,80,0,0,100,80,0,0,110,140,0,0,143,160,0,0,198,160
NEF021,FARUKHARDWARE,0,0,0,0,0,0,0,0,0,0,0,0,0,0,0,0,0,0,0,0,0,0,0,0,0,0,0,0,0,0,0,0,0,0,0,0,0,0,0,0,0,0,0,0,0,0,0,0
NER270,R.B.RHARDWARE,0,0,30,0,0,0,25,0,0,0,0,0,0,0,0,0,0,0,0,0,0,0,0,0,0,0,0,0,0,0,20,0,0,0,0,0,0,0,0,0,0,0,0,0,0,0,0,0
NEF022,FOUR STAR ENTERPRISE,0,0,50,0,0,0,55,0,0,0,25,0,0,0,50,0,0,0,0,0,0,0,0,0,0,0,0,0,0,0,0,0,0,0,0,0,0,0,0,0,0,0,30,0,0,0,30,0
NEJ154,JAIN HARDWARE AND SUPPLIER,230,400,300,160,209,0,250,160,0,0,170,0,0,0,150,240,0,0,200,200,0,0,170,225,0,0,150,210,0,0,216,105,0,0,150,280,0,0,242,210,0,0,231,355,0,0,335.5,345
NEU045,UNNATH ENTERPRISES,0,0,0,0,0,0,0,0,0,0,0,0,0,0,0,0,0,0,0,0,0,0,0,0,0,0,0,0,0,0,0,0,0,0,0,0,0,0,0,0,0,0,0,0,0,0,0,0
NER271,RUHI ENTERPRISE,210,135,150,200,150,25,160,160,0,0,160,165,0,0,130,210,0,0,200,155,0,0,150,110,0,0,175,105,0,0,155,90,0,0,155,120,0,0,200,95,0,0,150,80,0,0,150,150
BHA092,AASHIYANA BUILDCON,180,75,70,145,135,25,40,60,0,0,30,70,0,0,100,100,0,0,110,74.5,0,0,80,70,0,0,110,40,0,0,100,100,0,0,90,125,0,0,115,125,0,0,150,150,0,0,200,200
NER272,RAHMAT ENTERPRISE .,400,309,350,362,350,132.5,350,258.5,0,0,300,168.5,0,0,200,257.5,0,0,250,260,0,0,270,182,0,0,216,302.5,0,0,300,314.5,0,0,300,380.5,0,0,400,395,0,0,400,390.5,0,0,450,462
NEN210,NARAYAN UPADHAYA,100,35,0,44,80,35,60,44,0,0,33,22,0,0,0,22,0,0,40,22,0,0,0,90,0,0,40,70,0,0,60,35,0,0,120,33,0,0,100,70,0,0,50,35,0,0,100,35
NEP252,P.S. HARDWARE,160,167,175,143,187,77,140,154.5,0,0,135,154.5,0,0,140,216,0,0,200,193,0,0,175,149,0,0,140,188,0,0,200,153,0,0,185,169,0,0,150,166,0,0,170,207,0,0,250,206
WBS339,SAMRATBUILDERS,0,0,0,0,0,0,0,0,0,0,0,0,0,0,0,0,0,0,0,0,0,0,0,0,0,0,0,0,0,0,0,0,0,0,0,0,0,0,0,0,0,0,0,0,0,0,0,0
BHM149,MAHADEOTRADERS,0,0,0,0,0,0,0,0,0,0,0,0,0,0,0,0,0,0,50,0,0,0,0,0,0,0,0,0,0,0,0,0,0,0,0,0,0,0,0,0,0,0,0,0,0,0,0,0
NEH130,H.N.HARDWARE,0,0,0,0,0,0,0,0,0,0,0,0,0,0,0,0,0,0,0,0,0,0,0,0,0,0,0,0,0,0,0,0,0,0,0,0,0,0,0,0,0,0,0,0,0,0,0,0
NED281,D.R.ENTERPRISE,0,0,0,0,0,0,0,0,0,0,0,0,0,0,0,0,0,0,0,0,0,0,0,0,0,0,0,0,0,0,0,0,0,0,0,0,0,0,0,0,0,0,0,0,0,0,0,0
NEA375,AVIGNA DISTRIBUTORS,0,0,33,5,0,0,30,0,0,0,30,0,0,0,20,0,0,0,40,10,0,0,20,10,0,0,20,13,0,0,40,22.5,0,0,40,0,0,0,40,0,0,0,0,0,0,0,0,0
NEH049,NILACHALPAINTS&SANITARY,0,0,0,0,0,0,0,0,0,0,0,0,0,0,0,0,0,0,0,0,0,0,0,0,0,0,0,0,0,0,0,0,0,0,0,0,0,0,0,0,0,0,0,0,0,0,0,0
NEM143,BIBIDHAHARDWARE,0,0,0,0,0,0,0,0,0,0,0,0,0,0,0,0,0,0,0,0,0,0,0,0,0,0,0,0,0,0,0,0,0,0,0,0,0,0,0,0,0,0,0,0,0,0,0,0
NES629,SHIVAMENTERPRISE,0,0,0,0,0,0,0,0,0,0,0,0,0,0,0,0,0,0,0,0,0,0,0,0,0,0,0,0,0,0,0,0,0,0,0,0,0,0,0,0,0,0,0,0,0,0,0,0
NEH131,HAUHULHENTERPRISE,0,0,0,0,0,0,0,0,0,0,0,0,0,0,0,0,0,0,0,0,0,0,0,0,0,0,0,0,0,0,0,0,0,0,0,0,0,0,0,0,0,0,0,0,0,0,0,0
NEM364,MAA HARDWARE,60,39,70,46,55,12.5,80,13,0,0,57,39,0,0,50,13,0,0,65,12.5,0,0,57,12,0,0,50,26,0,0,39,26,0,0,50,13,0,0,50,25,0,0,61,51,0,0,80,50
NEA376,ALIM ENTERPRISE,80,40,20,40,50,25,500,35,0,0,49.5,20,0,0,33.6,20,0,0,30,20,0,0,60,23,0,0,20,40,0,0,50,20,0,0,100,25,0,0,40,30,0,0,100,40,0,0,40,0
NEM365,M.B. HARDWARE,60,50,85,25,55,0,80,66,0,0,120,25,0,0,50,50,0,0,75,25,0,0,50,75,0,0,75,25,0,0,50,25,0,0,50,25,0,0,105,50,0,0,50,55,0,0,50,0
BHR097,RAZIYA ENTERPRISES,30,25,30,40,30,36.75,30,60,0,0,30,0,0,0,25,25,0,0,30,25,0,0,20,0,0,0,30,30,0,0,20,25,0,0,30,55,0,0,50,25,0,0,50,29.5,0,0,60,25
WBM306,MANDAL HARDWARE - PANJIPARA,465,653,400,531.5,500,175,450,506.5,0,0,450,601,0,0,500,502.5,0,0,500,508,0,0,400,447,0,0,475,535.5,0,0,500,452.5,0,0,400,525.75,0,0,500,585.5,0,0,550,732.5,0,0,550,829
NEM366,MAA KAMAKHYA METAL,80,60,75,80,120,0,80,100,0,0,80,90,0,0,60,125,0,0,100,75,0,0,100,60,0,0,40,125,0,0,100,85,0,0,100,80,0,0,120,160,0,0,120,167.5,0,0,130,207.5
NEB309,B.G.ENTERPRISE,0,0,140,0,0,0,0,0,0,0,0,0,0,0,0,0,0,0,0,0,0,0,0,0,0,0,0,0,0,0,0,0,0,0,0,0,0,0,0,0,0,0,20,0,0,0,0,0
NEA379,AYUSH TILES & BATHWARE .,200,150,240,160,160,35,240,90,0,0,200,150,0,0,200,160,0,0,250,120,0,0,220,80,0,0,200,60,0,0,210,0,0,0,160,150,0,0,200,50,0,0,160,160,0,0,240,75
NEB315,BIPULSONOWAL,0,0,0,0,0,0,0,0,0,0,0,0,0,0,0,0,0,0,0,0,0,0,0,0,0,0,0,0,0,0,0,0,0,0,0,0,0,0,0,0,0,0,0,0,0,0,0,0
NEH134,H.B. TRADERS,470,340,340,400,341,100,385,280,0,0,210,220,0,0,220,300,0,0,300,340,0,0,290,280,0,0,280,400,0,0,432,220,0,0,200,200,0,0,308,260,0,0,315,240,0,0,341,400
NER273,R&C ENTERPRISE,0,0,0,44,0,0,0,17.5,0,0,0,19,0,0,0,31,0,0,0,19.5,0,0,0,32,0,0,20,0,0,0,50,12.5,0,0,20,45,0,0,0,4.5,0,0,0,0,0,0,0,0
BHS245,SWATITRADING,0,0,0,0,0,0,0,0,0,0,0,0,0,0,0,0,0,0,0,0,0,0,0,0,0,0,0,0,0,0,0,0,0,0,0,0,0,0,0,0,0,0,0,0,0,0,0,0
NED219,DEKA ENTERPRISE .,0,0,100,78,0,0,80,98,0,0,60,72,0,0,75,86.5,0,0,100,58.5,0,0,80,33,0,0,68,13,0,0,52,0,0,0,75,0,0,0,0,0,0,0,0,0,0,0,0,0
BHV028,VIJAY TRADERS - MATIHANI,50,65,30,55,75,0,30,50,0,0,30,50,0,0,25,25,0,0,50,55,0,0,25,25,0,0,25,25,0,0,25,55,0,0,100,159,0,0,50,125,0,0,100,25,0,0,100,150
BHD027,DHARMVEER HARDWARE AND ENTERPRISES,25,0,0,0,25,0,25,0,0,0,0,25,0,0,0,10,0,0,60,10,0,0,10,25,0,0,25,25,0,0,25,25,0,0,25,0,0,0,25,25,0,0,25,0,0,0,50,50
NEG156,GUSFIAENTERPRISE,0,0,0,0,0,0,500,0,0,0,0,0,0,0,0,0,0,0,0,0,0,0,0,0,0,0,0,0,0,0,0,0,0,0,0,0,0,0,0,0,0,0,0,0,0,0,0,0
BHT018,TIRUPATI STORE,0,0,25,30,0,0,30,0,0,0,0,0,0,0,0,0,0,0,0,0,0,0,0,0,0,0,0,0,0,0,0,0,0,0,0,0,0,0,0,0,0,0,0,0,0,0,0,0
BHA093,AADYAENTERPRISES,0,0,0,0,0,0,0,0,0,0,0,0,0,0,0,0,0,0,0,0,0,0,0,0,0,0,0,0,0,0,0,0,0,0,0,0,0,0,0,0,0,0,0,0,0,0,0,0
WBR151,R.K.ENTERPRISE-KALJANI,0,0,0,0,0,0,0,0,0,0,0,0,0,0,0,0,0,0,0,0,0,0,0,0,0,0,0,0,0,0,0,0,0,0,0,0,0,0,0,0,0,0,0,0,0,0,0,0
NEB316,BAJRANG HARDWARE,50,25,100,50,50,0,50,50,0,0,50,50,0,0,50,50,0,0,50,50,0,0,75,0,0,0,125,25,0,0,50,25,0,0,50,25,0,0,50,50,0,0,50,60,0,0,50,50
NEB317,BIPULHARDWARE,0,0,80,20,0,0,50,0,0,0,40,0,0,0,40,0,0,0,0,0,0,0,0,0,0,0,0,0,0,0,0,0,0,0,0,0,0,0,0,0,0,0,0,0,0,0,0,0
BHM150,MAATARATRADINGCOMPANY,0,0,0,0,0,0,0,0,0,0,0,0,0,0,0,0,0,0,0,0,0,0,0,0,0,0,0,0,0,0,0,0,0,0,0,0,0,0,0,0,0,0,0,0,0,0,0,0
NEI042,IDULENTERPRISE,0,0,0,0,0,0,0,0,0,0,0,0,0,0,0,0,0,0,0,0,0,0,0,0,0,0,0,0,0,0,0,0,0,0,0,0,0,0,0,0,0,0,0,0,0,0,0,0
BHM151,MAARAJKUMARITRADERS,0,0,0,0,0,0,0,0,0,0,0,0,0,0,0,0,0,0,0,0,0,0,0,0,0,0,0,0,0,0,0,0,0,0,0,0,0,0,0,0,0,0,0,0,0,0,100,0
NEE056,ECONOMICSOLUTION,0,0,20,0,0,0,0,0,0,0,0,0,0,0,0,0,0,0,0,0,0,0,0,0,0,0,0,0,0,0,0,0,0,0,0,0,0,0,0,0,0,0,0,0,0,0,0,0
NEM367,MUNNA ENTERPRISE,700,560,500,690,500,75,550,350,0,0,300,535,0,0,500,400,0,0,400,275,0,0,300,225,0,0,300,300,0,0,350,180,0,0,300,235,0,0,300,335,0,0,350,285,0,0,400,736
NEP257,POPULAR TRADING,0,0,33,10,0,0,40,12.5,0,0,35,15,0,0,33,30.25,0,0,44,11.5,0,0,22,0,0,0,22,0,0,0,21,0,0,0,0,0,0,0,0,0,0,0,0,0,0,0,0,0
NES638,SARASWATI HARDWARE,0,0,0,0,0,0,0,0,0,0,0,0,0,0,0,0,0,0,0,0,0,0,0,0,0,0,0,0,0,0,0,0,0,0,0,0,0,0,0,0,0,0,0,0,0,0,0,0
BHJ058,JAGDAMBA TRADERS - SAIFGANJ,0,0,150,30,0,0,150,60,0,0,150,25,0,0,140,90,0,0,150,60,0,0,80,30,0,0,75,35,0,0,75,0,0,0,100,0,0,0,100,0,0,0,0,0,0,0,0,0
NEB319,BARBHUIYA TRADERS,80,114,82.5,76.5,75,0,65,30.5,0,0,55,10,0,0,55,25,0,0,33,35,0,0,27.5,15,0,0,33,50,0,0,31.5,76,0,0,30,15,0,0,55,25,0,0,100,100.5,0,0,100,60.5
NEM368,MAAENTERPRISE,0,0,0,0,0,0,0,0,0,0,0,0,0,0,0,0,0,0,0,0,0,0,0,0,0,0,0,0,0,0,0,0,0,0,0,0,0,0,0,0,0,0,0,0,0,0,0,0
NEK192,KAMAYKHA ENTERPRISE,0,0,0,0,0,0,0,0,0,0,0,0,0,0,0,0,0,0,0,0,0,0,0,0,0,0,0,0,0,0,0,0,0,0,0,0,0,0,0,0,0,0,0,0,0,0,0,0
BHT019,T A TRADERS,60,66,50,92.5,60,0,40,68,0,0,30,55,0,0,30,55,0,0,50,55,0,0,25,55,0,0,50,25,0,0,50,30,0,0,50,80,0,0,50,85,0,0,60,85,0,0,80,100
A281,SAVERAAGENCY,0,0,0,0,0,0,0,0,0,0,0,0,0,0,0,0,0,0,0,0,0,0,0,0,0,0,0,0,0,0,0,0,0,0,0,0,0,0,0,0,0,0,0,0,0,0,0,0
A203,R.K.ENTERPRISE-KALJANI,0,0,0,0,0,0,0,0,0,0,0,0,0,0,0,0,0,0,0,0,0,0,0,0,0,0,0,0,0,0,0,0,0,0,0,0,0,0,0,0,0,0,0,0,0,0,0,0
WBM061,LOKNATHBUILDERS(D.DINAJPUR),0,0,0,0,0,0,0,0,0,0,0,0,0,0,0,0,0,0,0,0,0,0,0,0,0,0,0,0,0,0,0,0,0,0,0,0,0,0,0,0,0,0,0,0,0,0,0,0
WBM028,KARIMENTERPRISE,0,0,0,0,0,0,0,0,0,0,0,0,0,0,0,0,0,0,0,0,0,0,0,0,0,0,0,0,0,0,0,0,0,0,0,0,0,0,0,0,0,0,0,0,0,0,0,0
WBM041,KALIMIHARDWARESTORES,0,0,0,0,0,0,0,0,0,0,0,0,0,0,0,0,0,0,0,0,0,0,0,0,0,0,0,0,0,0,0,0,0,0,0,0,0,0,0,0,0,0,0,0,0,0,0,0
WBS165,RANISATITRADINGCO.,0,0,0,0,0,0,0,0,0,0,0,0,0,0,0,0,0,0,0,0,0,0,0,0,0,0,0,0,0,0,0,0,0,0,0,0,0,0,0,0,0,0,0,0,0,0,0,0
BHA043,YUVNANDANENTERPRISES(RAJOUN),0,0,0,0,0,0,0,0,0,0,0,0,0,0,0,0,0,0,0,0,0,0,0,0,0,0,0,0,0,0,0,0,0,0,0,0,0,0,0,0,0,0,0,0,0,0,0,0
D087,DULALCH.SAHA,0,0,0,0,0,0,0,0,0,0,0,0,0,0,0,0,0,0,0,0,0,0,0,0,0,0,0,0,0,0,0,0,0,0,0,0,0,0,0,0,0,0,0,0,0,0,0,0
NEV057,VIHAANENTERPRISE,0,0,80,0,0,0,0,0,0,0,0,0,0,0,0,0,0,0,0,0,0,0,0,0,0,0,0,0,0,0,0,0,0,0,0,0,0,0,0,0,0,0,0,0,0,0,0,0
NEZ020,ZIYAAN ENTERPRISE,180,0,290,208,0,0,270,219,0,0,220,169,0,0,240,155,0,0,280,128.5,0,0,265,65,0,0,220,111,0,0,170,129.5,0,0,200,102.5,0,0,200,129.5,0,0,200,128.5,0,0,180,156.5
NEJ160,JOYA ENTERPRISE,75,60,60,30,35,30,125,30,0,0,80,30,0,0,65,65,0,0,155,60,0,0,100,0,0,0,50,0,0,0,130,0,0,0,25,155,0,0,200,260,0,0,78,65,0,0,65,70
NEA390,ARDECOSPACE,0,0,0,0,0,0,0,0,0,0,0,0,0,0,0,0,0,0,0,0,0,0,0,0,0,0,0,0,0,0,50,0,0,0,50,0,0,0,0,0,0,0,0,0,0,0,0,0
NEK193,KALITAENTERPRISE,0,0,0,0,0,0,0,0,0,0,0,0,0,0,0,0,0,0,0,0,0,0,0,0,0,0,0,0,0,0,0,0,0,0,0,0,0,0,0,0,0,0,0,0,0,0,0,0
NEB322,BARUAH HARDWARE,13,26,40,0,14.3,13,20,13,0,0,25,0,0,0,25,0,0,0,50,0,0,0,13,0,0,0,13,13,0,0,35,0,0,0,0,0,0,0,0,0,0,0,0,25.5,0,0,25.5,13
NEM370,MAA DURGA ENTERPRISE .,0,0,10,0,0,0,3.5,0,0,0,0,0,0,0,0,0,0,0,0,0,0,0,0,0,0,0,0,0,0,0,0,0,0,0,0,0,0,0,0,0,0,0,0,0,0,0,0,0
NEF023,FEROZAHARDWARESTORE,0,0,0,0,0,0,0,0,0,0,0,0,0,0,0,0,0,0,0,0,0,0,0,0,0,0,0,0,0,0,0,0,0,0,0,0,0,0,0,0,0,0,0,0,0,0,0,0
NEA389,ANJALI HARDWARE,250,265,255,290,250,0,250,220,0,0,175,282,0,0,250,260,0,0,250,130,0,0,250,100,0,0,260,265,0,0,250,75,0,0,150,160,0,0,200,160,0,0,250,202.5,0,0,250,277
NES640,SARADA TRADING,350,237,550,455,350,55,450,379.65,0,0,300,302,0,0,300,427.5,0,0,400,375,0,0,350,205,0,0,400,286.5,0,0,350,211.5,0,0,350,224.5,0,0,300,305,0,0,450,333,0,0,550,240
BHS246,SHUBHGANGAENTERPRISES,0,0,0,0,0,0,0,0,0,0,0,0,0,0,0,0,0,0,0,0,0,0,0,0,0,0,0,0,0,0,0,0,0,0,0,0,0,0,0,0,0,0,0,0,0,0,0,0
WBB153,BAPI MAJUMDER,12,12,60,12,12,0,50,12,0,0,50,12,0,0,60,12,0,0,50,0,0,0,0,12,0,0,0,12,0,0,12,0,0,0,12,12,0,0,12,12,0,0,12,0,0,0,12,12
NEM372,MAA HARDWARE,120,145,200,153.5,130,38.5,220,113,0,0,150,141,0,0,180,120.5,0,0,180,133.5,0,0,175,70,0,0,175,112.5,0,0,150,66.5,0,0,150,75,0,0,150,125,0,0,150,125,0,0,200,114.5
NEM369,M.D.TRADERS,40,0,30,0,0,0,20,0,0,0,40,0,0,0,20,0,0,0,0,0,0,0,0,30,0,0,20,15,0,0,40,17.5,0,0,30,0,0,0,20,0,0,0,0,46,0,0,0,30
NEM371,MAAHABOLI ENTERPRISE,50,25,0,80,50,0,120,60,0,0,120,80,0,0,100,60,0,0,120,80,0,0,120,40,0,0,120,0,0,0,80,0,0,0,80,0,0,0,40,25,0,0,75,0,0,0,100,25
NEP259,PEGUHARDWARE,0,0,0,0,0,0,0,0,0,0,0,0,0,0,0,0,0,0,0,0,0,0,0,0,0,0,0,0,0,0,0,0,0,0,0,0,0,0,0,0,0,0,0,0,0,0,0,0
NER279,RAJBIR HARDWARE STORE,150,55,200,150,125,49,150,125,0,0,100,100,0,0,100,150,0,0,100,100,0,0,100,75,0,0,100,130,0,0,150,100,0,0,200,110,0,0,150,75,0,0,100,100.5,0,0,150,179.5
NEH135,H.N.HARDWARE,0,0,0,0,0,0,0,0,0,0,0,0,0,0,0,0,0,0,0,0,0,0,0,0,0,0,0,0,0,0,0,0,0,0,0,0,0,0,0,0,0,0,0,0,0,0,0,0
NEC121,COLOURWORLDHARDWARE,0,0,0,0,0,0,0,0,0,0,25,0,0,0,0,0,0,0,0,0,0,0,0,0,0,0,0,0,0,0,0,0,0,0,0,0,0,0,0,0,0,0,0,0,0,0,0,0
NEC120,CAPITALTRADING,0,0,0,0,0,0,0,0,0,0,0,0,0,0,0,0,0,0,0,0,0,0,0,0,0,0,0,0,0,0,0,0,0,0,0,0,0,0,0,0,0,0,0,0,0,0,0,0
NES641,SABANATRADERS,0,0,0,0,0,0,0,0,0,0,0,0,0,0,0,0,0,0,0,0,0,0,0,0,0,0,0,0,0,0,0,0,0,0,0,0,0,0,0,0,0,0,0,0,0,0,0,0
NEB321,BABUMACHA CEMENT & STEEL,105,52,50,103,65,0,110,52,0,0,100,56,0,0,165,79,0,0,155,127,0,0,150,80,0,0,120.5,95,0,0,115,113,0,0,55,208,0,0,160,122,0,0,90,27,0,0,151.5,0
WBB154,BSSTEEL,0,0,0,0,0,0,0,0,0,0,0,0,0,0,0,0,0,0,0,0,0,0,0,0,0,0,0,0,0,0,0,0,0,0,0,0,0,0,0,0,0,0,0,0,0,0,0,0
NER280,RELAXENTERPRISE,0,0,0,0,0,0,0,0,0,0,0,0,0,0,0,0,0,0,0,0,0,0,0,0,0,0,0,0,0,0,0,0,0,0,0,0,0,0,0,0,0,0,0,0,0,0,0,0
NEC123,CHOUDHURY BROTHERS .,39,13,62,37,25,13,65,13,0,0,44,39,0,0,57,26,0,0,52,26,0,0,57,13,0,0,39,26,0,0,0,13,0,0,50,0,0,0,26,0,0,0,0,13,0,0,26,26
NED222,DURGAPUR STEEL,0,0,35,0,0,0,0,0,0,0,0,0,0,0,70,0,0,0,0,0,0,0,0,0,0,0,0,0,0,0,0,0,0,0,0,0,0,0,0,0,0,0,0,0,0,0,0,0
WBG096,GANNAYAK BUILDERS,2000,1120,1000,1910,2000,296.5,1900,2821.5,0,0,2220,1950,0,0,1850,1855,0,0,2000,715.5,0,0,1100,529,0,0,900,935,0,0,1200,601,0,0,1400,2555,0,0,2100,2338,0,0,1700,2290,0,0,1700,1750
WBO007,OMAMAHAKALIHARDWARE,0,0,0,0,0,0,0,0,0,0,0,0,0,0,0,0,0,0,0,0,0,0,0,0,0,0,0,0,0,0,0,0,0,0,0,0,0,0,0,0,0,0,0,0,0,0,0,0
WBB155,BUILDWAREINFRASTEEL(AUNITOFACU,0,0,0,0,0,0,0,0,0,0,0,0,0,0,0,0,0,0,0,0,0,0,0,0,0,0,0,0,0,0,0,0,0,0,0,0,0,0,0,0,0,0,0,0,0,0,0,0
NEU046,U A TRADERS,200,280,200,200,280,160,200,200,0,0,160,80,0,0,160,217.5,0,0,200,160,0,0,200,160,0,0,160,240,0,0,240,240,0,0,320,320,0,0,240,280,0,0,240,280,0,0,400,240
NEK194,KNTTRADERS,0,0,0,0,0,0,0,0,0,0,0,0,0,0,0,0,0,0,0,0,0,0,0,0,0,0,0,0,0,0,0,0,0,0,0,0,0,0,0,0,0,0,0,0,0,0,0,0
NEM374,MEZ & CO HARDWARE .,550,280,580,420,635,420,620,635,0,0,600,630,0,0,600,630,0,0,600,600,0,0,700,490,0,0,0,455,0,0,600,630,0,0,680,690,0,0,590,280,0,0,650,665,0,0,750,750
NEL109,LAKHIPUR SEED HOUSE,100,143.5,25,63.5,120,27,85,25.5,0,0,50,90,0,0,50,65,0,0,50,65,0,0,60,51,0,0,40,65.5,0,0,100,65,0,0,75,106,0,0,100,66,0,0,100,107.5,0,0,100,105
NEJ162,JOHN HARDWARE,120,77.5,155,89.5,110,40,165,64,0,0,90,65,0,0,125,129,0,0,180,114.5,0,0,165,64,0,0,130,90,0,0,115,102.5,0,0,120,127,0,0,115,110,0,0,140,106.5,0,0,130,145
NEA395,ARADHANA TRADING,0,0,38.5,2.5,0,0,20,15,0,0,35,7.5,0,0,38.5,2.5,0,0,22,0,0,0,22,0,0,0,33,0,0,0,0,0,0,0,0,0,0,0,0,0,0,0,0,0,0,0,0,0
NEJ163,JADE MARKETING,320,240,524,472.5,320,100,350,795,0,0,340,506.5,0,0,500,530,0,0,500,505,0,0,500,325,0,0,500,600,0,0,400,455,0,0,400,510,0,0,600,160,0,0,430,440,0,0,460,360
NEM380,MAHESHHARDWARE,0,0,0,0,0,0,0,0,0,0,0,0,0,0,0,0,0,0,0,0,0,0,0,0,0,0,0,0,0,0,0,0,0,0,0,0,0,0,0,0,0,0,0,0,0,0,0,0
NEN216,NAMAMI ENTERPRISES,20,10,24,14,15,0,24,13,0,0,24,14,0,0,24,28,0,0,36,19,0,0,20,0,0,0,20,27,0,0,20,14,0,0,20,14,0,0,14,41,0,0,15,0,0,0,20,0
NES649,SAVAL TRADING CENTRE,0,0,50,0,0,0,50,0,0,0,0,0,0,0,0,0,0,0,30,0,0,0,50,0,0,0,50,0,0,0,0,0,0,0,0,0,0,0,0,0,0,0,0,0,0,0,50,0
NEA397,A.K. HARDWARE STORE,0,0,100,0,0,0,100,0,0,0,0,0,0,0,0,0,0,0,0,0,0,0,0,0,0,0,0,0,0,0,0,0,0,0,0,0,0,0,0,0,0,0,0,0,0,0,0,0
NEB328,BISWAKARMA HARDWARE,25,26,50,20,25,13,20,12.5,0,0,20,12.5,0,0,23,20,0,0,25,12.5,0,0,25,0,0,0,13,26,0,0,25,0,0,0,20,26,0,0,25,25.5,0,0,25,26,0,0,25,12.5
NES648,SHREE HARI HARDWARE,50,15,80,104.5,70,0,65,65,0,0,85,100,0,0,60,55,0,0,50,30,0,0,60,37.5,0,0,55,57.5,0,0,80,20,0,0,80,62.5,0,0,80,70,0,0,120,70,0,0,100,65
NEN215,NANDINI ENTERPRISES,230,132.85,130,148,200,92.5,120,162.25,0,0,140,81,0,0,130,167.5,0,0,140,120,0,0,160,80,0,0,135,126,0,0,150,202.75,0,0,170,307.75,0,0,240,315,0,0,250,218.5,0,0,300,277
NES645,SARMAH SUPPLIERS,30,20,30,10,30,0,20,30,0,0,25,15,0,0,20,25,0,0,20,0,0,0,0,0,0,0,30,20,0,0,20,30,0,0,20,10,0,0,20,20,0,0,25,20,0,0,40,20
NEC124,CHOUDHURY & PATWARY TRADERS,34,54.5,30,12,37.4,0,40,16,0,0,45,10,0,0,33,18,0,0,33.5,0,0,0,13,0,0,0,13,14,0,0,50,21,0,0,60,13,0,0,20,0,0,0,40,3.5,0,0,3.5,34
NEG159,GAJENENTERPRISE,0,0,0,0,0,0,0,0,0,0,0,0,0,0,0,0,0,0,0,0,0,0,0,0,0,0,0,0,0,0,0,0,0,0,0,0,0,0,0,0,0,0,0,0,0,0,0,0
NER281,RKTRADERS,0,0,20,0,0,0,0,0,0,0,0,0,0,0,0,0,0,0,0,0,0,0,0,0,0,0,0,0,0,0,0,0,0,0,0,0,0,0,0,0,0,0,0,0,0,0,0,0
NEM375,MARUFA M STORE,0,0,20,0,0,0,0,0,0,0,3.5,0,0,0,0,0,0,0,0,0,0,0,0,0,0,0,0,0,0,0,0,0,0,0,0,0,0,0,0,0,0,0,0,0,0,0,0,0
NER284,REQUISITEHARDWARECENTRE,0,0,0,0,0,0,0,0,0,0,0,0,0,0,0,0,0,0,0,0,0,0,0,0,0,0,0,0,0,0,0,0,0,0,0,0,0,0,0,0,0,0,0,0,0,0,0,0
NEG161,G.B. TRADE CENTRE,140,123.5,70,101.5,110,35.5,80,89.5,0,0,60,71,0,0,80,133,0,0,66,109,0,0,80,106.75,0,0,80,123.5,0,0,120,182,0,0,120,153,0,0,187,76.5,0,0,132,177,0,0,154,123
NEB324,BORUAH & SONS ENTERPRISE,25,50,200,80,50,0,120,40,0,0,120,40,0,0,120,20,0,0,80,0,0,0,40,0,0,0,40,40,0,0,80,0,0,0,80,0,0,0,40,25,0,0,75,25,0,0,50,25
NEB325,BORDOLOIANDSONENTERPRISE,0,0,0,0,0,0,0,0,0,0,0,0,0,0,0,0,0,0,0,0,0,0,0,0,0,0,0,0,0,0,0,0,0,0,0,0,0,0,0,0,0,0,0,0,0,0,0,0
NED224,DEORIHARDWARE,0,0,0,0,0,0,0,0,0,0,0,0,0,0,0,0,0,0,0,0,0,0,0,0,0,0,0,0,0,0,0,0,0,0,0,0,0,0,0,0,0,0,0,0,0,0,0,0
NEN214,NIKU HARDWARE,40,0,120,80,40,0,150,40,0,0,120,80,0,0,80,50,0,0,120,0,0,0,90,40,0,0,60,40,0,0,40,35,0,0,80,40,0,0,40,80,0,0,40,80,0,0,80,40
NES650,SARKAR HARDWARE,0,0,50,0,0,0,50,25,0,0,30,0,0,0,100,0,0,0,30,0,0,0,25,0,0,0,0,0,0,0,0,0,0,0,0,25,0,0,25,25,0,0,25,0,0,0,35,0
NEB326,BALAJIENTERPRISE,0,0,0,0,0,0,41,0,0,0,0,0,0,0,0,0,0,0,0,0,0,0,0,0,0,0,0,0,0,0,0,0,0,0,0,0,0,0,0,0,0,0,0,0,0,0,0,0
NEA399,AMDAD HARDWARE STORE,0,0,20,0,0,0,23,0,0,0,20,0,0,0,0,0,0,0,0,0,0,0,0,0,0,0,0,0,0,0,0,0,0,0,20,0,0,0,11,0,0,0,20,0,0,0,0,0
NEN213,NATHVARIETYSTORE,0,0,0,0,0,0,0,0,0,0,0,0,0,0,0,0,0,0,0,0,0,0,0,0,0,0,0,0,0,0,0,0,0,0,0,0,0,0,0,0,0,0,0,0,0,0,0,0
NEM381,MAA LAXMI HARDWARE,600,800,340,200,1000,0,300,200,0,0,517,200,0,0,453.6,200,0,0,300,420,0,0,600,480,0,0,355,668,0,0,600,410,0,0,580,400,0,0,420,400,0,0,480,350,0,0,1000,1000
NEJ166,J.M.HARDWARE,0,0,0,0,0,0,500,0,0,0,0,0,0,0,0,0,0,0,0,0,0,0,0,0,0,0,0,0,0,0,0,0,0,0,0,0,0,0,0,0,0,0,0,0,0,0,0,0
NEM376,MAHADEVHARDWARE&ELECTRICALSTORE,80,0,80,0,0,0,25,0,0,0,40,0,0,0,0,0,0,0,0,0,0,0,0,0,0,0,0,0,0,0,0,0,0,0,0,0,0,0,0,0,0,0,0,0,0,0,0,0
NEM382,MOINA STORES .,60,20,110,19.5,20,0,25,19,0,0,20,36.5,0,0,20,20,0,0,20,20,0,0,30,10,0,0,20,20,0,0,20,20,0,0,40,25,0,0,20,40,0,0,60,40,0,0,50,20
NES659,SUSHANTA CHANGMAI,80,50,60,40,80,0,100,80,0,0,100,40,0,0,100,40,0,0,80,0,0,0,60,80,0,0,80,40,0,0,80,60,0,0,80,40,0,0,80,80,0,0,80,40,0,0,80,97.5
NEA394,ASSAM STEEL,0,0,15,0,0,0,0,0,0,0,0,0,0,0,0,0,0,0,0,0,0,0,0,0,0,0,0,0,0,0,0,0,0,0,0,0,0,0,0,0,0,0,0,0,0,0,0,0
NES656,SHIVAM HARDWARE,240,248,230,230,250,85,260,257.5,0,0,195,200,0,0,190,228.5,0,0,190,201.5,0,0,230,162.5,0,0,196,207.5,0,0,190,180.5,0,0,210,217.5,0,0,220,221,0,0,240,232.5,0,0,260,187.5
NEH139,HIYA HARDWARE,20,10,30,15,10,0,0,10,0,0,30,22.5,0,0,20,10,0,0,20,15,0,0,30,0,0,0,30,0,0,0,40,10,0,0,40,10,0,0,40,10,0,0,20,0,0,0,20,10
NEZ022,ZOUASSOCIATES,0,0,0,0,0,0,0,0,0,0,0,0,0,0,0,0,0,0,0,0,0,0,0,0,0,0,0,0,0,0,0,0,0,0,0,0,0,0,0,0,0,0,0,0,0,0,0,0
NEA398,A.I.ENTERPRISE,35,30,33,30,45,0,25,15,0,0,25,16,0,0,38.5,20,0,0,22,5,0,0,38.5,0,0,0,33,35,0,0,31.5,35,0,0,35,0,0,0,38.5,37,0,0,40,32.5,0,0,50,30
NES657,SHAHTRADERS,0,0,0,0,0,0,0,0,0,0,0,0,0,0,0,0,0,0,0,0,0,0,0,0,0,0,0,0,0,0,0,0,0,0,0,0,0,0,0,0,0,0,0,0,0,0,0,0
NEL110,LMHARDWARE,0,0,0,0,0,0,0,0,0,0,0,0,0,0,0,0,0,0,0,0,0,0,0,0,0,0,0,0,0,0,0,0,0,0,0,0,0,0,0,0,0,0,35,0,0,0,0,0
NET181,TRIZA SANITATION,85,117.1,60,50,90,25,60,36.2,0,0,50,40.5,0,0,60,64.6,0,0,55,94,0,0,80,65.5,0,0,65,81,0,0,90,100,0,0,100,97.5,0,0,80,64.5,0,0,100,87,0,0,100,80
NEJ167,JOYRAM VARIETIES,40,0,30,35,20,0,30,26.5,0,0,25,10,0,0,30,25,0,0,30,0,0,0,40,0,0,0,40,25.5,0,0,50,25,0,0,50,0,0,0,35,10,0,0,40,20,0,0,40,0
BHR098,ROSHNI ENTERPRISES,100,0,30,0,280,0,50,25,0,0,25,55,0,0,50,25,0,0,100,0,0,0,30,31,0,0,60,50,0,0,50,0,0,0,315,0,0,0,270,0,0,0,410,0,0,0,200,25
BHN047,N.S.ENTERPRISES,0,0,0,0,0,0,0,0,0,0,0,0,0,0,0,0,0,0,0,0,0,0,0,0,0,0,0,0,0,0,0,0,0,0,0,0,0,0,0,0,0,0,0,0,0,0,0,0
BHA095,AFZALANDSONSTRADERS,0,0,0,7,0,0,0,0,0,0,0,0,0,0,0,0,0,0,0,0,0,0,0,0,0,0,0,0,0,0,0,0,0,0,0,0,0,0,0,0,0,0,0,0,0,0,0,0
BHA094,A K ENTERPRISES,900,690,650,890,850,195,750,839,0,0,550,585,0,0,450,446.5,0,0,465,304,0,0,230,406,0,0,350,478,0,0,450,506.5,0,0,600,835,0,0,700,700,0,0,850,538,0,0,900,700
NEH141,HALLELUJAH ENTERPRISE,145,105,105,140,140,70,210,140,0,0,175,105,0,0,140,105,0,0,105,105,0,0,170,70,0,0,0,106,0,0,140,140,0,0,140,70,0,0,105,140,0,0,105,140,0,0,200,180
WBM308,MANDALHARDWARE-SALKUMARHAT,0,0,0,0,0,0,0,0,0,0,0,0,0,0,0,0,0,0,0,0,0,0,0,0,0,0,0,0,0,0,0,0,0,0,0,0,0,0,0,0,0,0,0,0,0,0,0,0
WBN107,NEWADENTERPRISE,40,10,0,0,50,0,0,0,0,0,0,0,0,0,0,0,0,0,0,0,0,0,0,0,0,0,0,0,0,0,0,0,0,0,0,0,0,0,0,0,0,0,0,20,0,0,50,23
WBL039,LOKENATHBUILDERS-SAHUDANGI,0,0,0,0,0,0,0,0,0,0,0,0,0,0,0,0,0,0,0,0,0,0,0,0,0,0,0,0,0,0,0,0,0,0,0,0,0,0,0,0,0,0,0,0,0,0,0,0
WBM309,MAMIDATTA&SONS,0,0,0,0,0,0,0,0,0,0,0,0,0,0,0,0,0,0,0,0,0,0,0,0,0,0,0,0,0,0,0,0,0,0,0,0,0,0,0,0,0,0,0,0,0,0,0,0
SKG002,GLOBAL INFRATECH,145,156,175,115,165,21,115,193.8,0,0,140,159.5,0,0,120,100.5,0,0,125,85,0,0,115,42,0,0,91,61.5,0,0,150,91,0,0,110,141,0,0,145,17.5,0,0,125,125.5,0,0,180,195.5
NEH138,HS ENTERPRISE,0,0,10,0,0,0,0,0,0,0,0,0,0,0,0,0,0,0,0,0,0,0,0,0,0,0,0,15,0,0,10,0,0,0,0,0,0,0,0,0,0,0,0,0,0,0,0,0
NEJ164,J & F TRADE AND ENTERPRISE SHOP,0,0,0,0,0,0,0,0,0,0,0,0,0,0,0,0,0,0,0,0,0,0,0,0,0,0,0,0,0,0,0,0,0,0,0,0,0,0,0,0,0,0,0,0,0,0,0,0
NES652,S.B.TIMBER,30,0,20,6.5,20,0,30,1,0,0,20,0,0,0,0,1.5,0,0,50,0,0,0,50,2.5,0,0,40,1,0,0,20,3,0,0,20,3.5,0,0,30,1,0,0,50,0,0,0,20,5
NES653,SHANKAR STORES,35,0,35,0,0,0,35,0,0,0,35,0,0,0,35,0,0,0,0,0,0,0,35,0,0,0,0,35,0,0,35,0,0,0,35,0,0,0,0,0,0,0,35,0,0,0,35,0
BHR099,RAJTRADINGCOMPANY,0,0,0,0,0,0,0,0,0,0,0,0,0,0,0,0,0,0,0,0,0,0,0,0,0,0,0,0,0,0,0,0,0,0,0,0,0,0,0,0,0,0,0,0,0,0,0,0
NEZ021,ZIRDO ENTERPRISE,400,119,434,236.75,370,31.5,250,233,0,0,200,236.25,0,0,185,361,0,0,280,502.65,0,0,450,240.5,0,0,400,302.75,0,0,340,513,0,0,330,316.25,0,0,365.25,317.4,0,0,350,396.45,0,0,450,602.4
WBM310,MAHATO FERTILIZER AND SEEDS,125,155,80,175,150,50,100,125,0,0,100,110,0,0,100,150,0,0,125,125,0,0,100,100,0,0,125,100,0,0,100,75,0,0,100,30,0,0,50,103.5,0,0,100,150,0,0,150,178
WBM311,MAA BUILDERS,400,818.5,300,500,500,200,350,207.5,0,0,250,315,0,0,300,396.5,0,0,275,287.5,0,0,250,381.5,0,0,300,420,0,0,350,389,0,0,300,417.5,0,0,400,532,0,0,450,652,0,0,600,885
NEI043,IKU HARDWARE,80,0,80,0,0,0,20,0,0,0,10,0,0,0,0,0,0,0,0,0,0,0,0,0,0,0,0,0,0,0,10,0,0,0,30,6,0,0,0,0,0,0,0,0,0,0,0,0
NES660,SHYAM CONSTRUCTION & SUPPLIERS,195,222.5,150,188.25,200,108.5,200,47.75,0,0,150,66.25,0,0,100,0,0,0,125,90,0,0,90,46,0,0,90,124.5,0,0,125,97.5,0,0,150,235,0,0,180,191.75,0,0,263.75,348.5,0,0,290,279
WBA157,AKHTARENGINEERINGWORKS,0,0,0,0,0,0,0,0,0,0,0,0,0,0,0,0,0,0,0,0,0,0,0,0,0,0,0,0,0,0,0,0,0,0,0,0,0,0,0,0,0,0,0,0,0,0,0,0
NES662,SREE GONESH CEMENT AND HARDWARE,80,27.5,110,110,120,0,0,120,0,0,130,120,0,0,100,50,0,0,140,85,0,0,100,0,0,0,100,40,0,0,120,65,0,0,120,95,0,0,140,35,0,0,110,35,0,0,110,35
NES663,SRI KRISHNA HARDWARE,0,0,25,0,0,0,25,0,0,0,0,0,0,0,0,0,0,0,0,0,0,0,0,0,0,0,0,0,0,0,0,0,0,0,0,0,0,0,0,0,0,0,0,0,0,0,0,0
NER285,R K ENTERPRISES,80,40,80,40,80,40,80,0,0,0,80,40,0,0,80,80,0,0,120,40,0,0,120,80,0,0,80,0,0,0,120,120,0,0,120,80,0,0,120,40,0,0,160,0,0,0,120,0
NEM384,MAAKALIBHANDER,0,0,0,0,0,0,0,0,0,0,0,0,0,0,0,0,0,0,0,0,0,0,0,0,0,0,0,0,0,0,0,0,0,0,0,0,0,0,0,0,0,0,0,0,0,0,0,0
NES664,SWASTIK HARDWARE STORE,40,0,100,20,60,0,300,40,0,0,88,0,0,0,57.12,20,0,0,47.5,30,0,0,80,20,0,0,60,40,0,0,110,40,0,0,70,40,0,0,40,40,0,0,60,40,0,0,100,20
NEB329,BISWAKARMA HARDWARES,0,0,0,0,0,0,300,0,0,0,0,0,0,0,0,0,0,0,0,0,0,0,0,0,0,0,0,0,0,0,0,0,0,0,0,0,0,0,0,0,0,0,0,0,0,0,0,0
NEY014,YASH HARDWARE,100,133.65,90,81.7,105,45,100,101.5,0,0,100,122.3,0,0,90,138.5,0,0,110,114.25,0,0,120,128.25,0,0,107,104.75,0,0,120,105.75,0,0,110,85,0,0,120,101,0,0,100,137,0,0,130,135
NET183,T.A. HARDWARE SHOP,90,55,40,56.5,90,15,50,72,0,0,50,51,0,0,60,51,0,0,80,25.5,0,0,40,25.5,0,0,50,55.5,0,0,50,25.5,0,0,70,15,0,0,80,72,0,0,90,82,0,0,90,65
WBD096,DAJUBHAIHARDWARE,0,0,0,0,0,0,0,0,0,0,0,0,0,0,0,0,0,0,0,0,0,0,0,0,0,0,0,0,0,0,0,0,0,0,0,0,0,0,0,0,0,0,0,0,0,0,0,0
WBS340,SUMITRA ENTERPRISE - JALPAIGURI,50,6,50,12,50,0,50,6,0,0,20,6,0,0,50,0,0,0,50,0,0,0,0,12,0,0,45,6,0,0,12,6,0,0,50,0,0,0,50,12,0,0,50,6,0,0,110,18
NEM385,MAHADITRADERS,0,0,0,0,0,0,0,0,0,0,0,0,0,0,0,0,0,0,0,0,0,0,0,0,0,0,0,0,0,0,0,0,0,0,0,0,0,0,0,0,0,0,0,0,0,0,0,0
NEC125,CHIRANGBROTHERSENTERPRISE,0,0,0,0,0,0,0,0,0,0,0,0,0,0,0,0,0,0,0,0,0,0,0,0,0,0,0,0,0,0,0,0,0,0,0,0,0,0,0,0,0,0,0,0,0,0,0,0
NED225,DEV HARDWARES,100,20,130,60,80,20,300,40,0,0,88,60,0,0,44.8,40,0,0,80,40,0,0,80,20,0,0,60,40,0,0,90,20,0,0,80,35,0,0,60,20,0,0,120,20,0,0,0,20
NEL111,LEGONG AGENCY,50,30,40,5,88,0,40,80,0,0,80,100,0,0,60,120,0,0,100,90,0,0,80,71.2,0,0,80,80,0,0,80,100,0,0,120,40,0,0,85,20,0,0,30,40,0,0,120,40
NES667,SIBA INFRATECH,0,0,20,0,0,0,25,0,0,0,0,0,0,0,0,0,0,0,0,10,0,0,10,0,0,0,10,0,0,0,17,0,0,0,20,0,0,0,0,0,0,0,0,0,0,0,0,0
NEF024,FRIENDS HARDWARE SHOP,0,0,200,200,0,0,200,250,0,0,150,225,0,0,0,0,0,0,0,0,0,0,0,0,0,0,0,0,0,0,0,0,0,0,0,0,0,0,0,0,0,0,0,0,0,0,0,0
NED226,DEVI TRADERS,40,40,80,20,60,0,300,20,0,0,66,20,0,0,44.8,20,0,0,45,20,0,0,44,0,0,0,40,20,0,0,40,20,0,0,80,0,0,0,60,40,0,0,100,40,0,0,100,20
NEP265,PRINCE HARDWARE,40,20,60,20,60,0,300,20,0,0,22,40,0,0,33.6,20,0,0,45,60,0,0,90,20,0,0,50,40,0,0,90,20,0,0,80,40,0,0,60,20,0,0,80,20,0,0,80,40
BHR100,RAJATRADERS,0,0,0,0,0,0,0,0,0,0,0,0,0,0,0,0,0,0,50,0,0,0,0,0,0,0,0,0,0,0,0,0,0,0,0,0,0,0,0,0,0,0,0,0,0,0,0,0
BHB076,BABUL TRADERS,0,0,20,12,0,0,20,24,0,0,20,20.7,0,0,20,22,0,0,20,20.5,0,0,20,2.5,0,0,20,6,0,0,20,9.25,0,0,60,0,0,0,60,0,0,0,100,0,0,0,90,0
BHK063,KASIM TRADERS,200,410,150,338.5,250,72,160,280.5,0,0,160,333.5,0,0,200,243.5,0,0,210,259.5,0,0,170,182,0,0,170,238,0,0,170,206.5,0,0,200,297.5,0,0,220,401.25,0,0,250,307,0,0,300,431.45
SKJ002,JKENTERPRISES,0,0,0,0,0,0,0,0,0,0,0,0,0,0,0,0,0,0,0,0,0,0,0,0,0,0,0,0,0,0,0,0,0,0,0,0,0,0,0,0,0,0,0,0,0,0,0,0
NEB330,BORAH HARDWARE .,250,140,120,160,200,60,160,120,0,0,120,105,0,0,100,130,0,0,160,120,0,0,120,180,0,0,160,190,0,0,200,185,0,0,200,230,0,0,200,160,0,0,220,210,0,0,300,169.6
NEL112,L.M.HARDWARE,0,0,40,0,0,0,0,0,0,0,0,0,0,0,0,0,0,0,0,0,0,0,0,0,0,0,0,0,0,0,0,0,0,0,0,0,0,0,0,0,0,0,0,0,0,0,0,0
NEC126,C.L.ENTERPRISES,40,0,40,25,0,0,60,34,0,0,50,39,0,0,50,50.25,0,0,50,35,0,0,36,22.5,0,0,50,0,0,0,40,19,0,0,20,19,0,0,10,0,0,0,40,0,0,0,7,0
NEA404,AAMAENTERPRISE,0,0,0,0,0,0,0,0,0,0,0,0,0,0,0,0,0,0,0,0,0,0,0,0,0,0,0,0,0,0,0,0,0,0,0,0,0,0,0,0,0,0,0,0,0,0,0,0
NEG162,GANESHENTERPRISE,0,0,0,0,0,0,0,0,0,0,0,0,0,0,0,0,0,0,0,0,0,0,0,0,0,0,0,0,0,0,0,0,0,0,0,0,0,0,0,0,0,0,0,0,0,0,0,0
NEG163,GHOSHTRADERS,0,0,0,0,0,0,0,0,0,0,0,0,0,0,0,0,0,0,0,0,0,0,0,0,0,0,0,0,0,0,0,0,0,0,0,0,0,0,0,0,0,0,0,0,0,0,0,0
NEA403,AJAY R MARAK,115,16,90,48,50,16,110,64,0,0,85,32,0,0,50,32,0,0,75,32,0,0,100,16,0,0,75,50,0,0,85,32,0,0,50,32,0,0,125,32,0,0,140,48,0,0,130,48
NEC127,CHANDRAKUMARBARIK,0,0,0,0,0,0,75,0,0,0,50,0,0,0,0,0,0,0,0,0,0,0,0,0,0,0,0,0,0,0,0,0,0,0,0,0,0,0,0,0,0,0,0,0,0,0,0,0
NEL113,LASKAR HARDWARES,0,0,27.5,10,0,0,20,0,0,0,0,0,0,0,0,0,0,0,0,0,0,0,0,0,0,0,0,0,0,0,0,0,0,0,0,0,0,0,0,0,0,0,0,0,0,0,0,0
BHA096,AATIKAENTERPRISES,0,0,0,0,0,0,20,30,0,0,0,0,0,0,0,0,0,0,0,0,0,0,0,0,0,0,0,0,0,0,0,0,0,0,0,0,0,0,0,0,0,0,0,0,0,0,0,0
WBS341,SUBHENDU ROY,20,0,10,0,50,0,10,0,0,0,10,0,0,0,0,0,0,0,10,0,0,0,0,0,0,0,0,0,0,0,20,0,0,0,10,0,0,0,30,0,0,0,0,0,0,0,0,0
NEB331,BHAITI HARDWARE & FABRICATION,60,40,40,60,30,0,45,25,0,0,40,35,0,0,30,35,0,0,55,40,0,0,40,28,0,0,45,32.5,0,0,40,66,0,0,60,55,0,0,50,45,0,0,80,55,0,0,60,45
NES668,SHAKTI BUILDERS AND MARKETING,40,7,30,0,0,10.5,50,0,0,0,20,0,0,0,20,0,0,0,24,0,0,0,0,0,0,0,50,0,0,0,60,0,0,0,60,17.5,0,0,22,35,0,0,22,22,0,0,33,4
NES666,S.R. HARDWARE,0,0,25,0,0,0,40,0,0,0,20,0,0,0,0,1.5,0,0,50,0,0,0,0,0,0,0,20,0,0,0,0,0,0,0,0,0,0,0,0,0,0,0,0,0,0,0,0,0
NEM389,MAABHAWANIHARDWARE&STORE,0,0,0,0,0,0,500,0,0,0,0,0,0,0,0,0,0,0,0,0,0,0,0,0,0,0,0,0,0,0,0,0,0,0,0,0,0,0,0,0,0,0,0,0,0,0,0,0
NEP269,PURNIMA STORE,80,125,130,59.15,80,0,200,40,0,0,140,100,0,0,120,40,0,0,120,160,0,0,160,90,0,0,142,40,0,0,100,100,0,0,120,120,0,0,120,110,0,0,120,122.5,0,0,220,120
NEA400,ANJSSTRADINGCO,0,0,0,0,0,0,0,0,0,0,0,0,0,0,0,0,0,0,0,0,0,0,0,0,0,0,0,0,0,0,0,0,0,0,0,0,0,0,0,0,0,0,0,0,0,0,0,0
NEV059,VL TRADERS,0,0,60,8,0,0,50,19,0,0,50,0,0,0,0,0,0,0,0,0,0,0,0,0,0,0,0,0,0,0,50,0,0,0,50,0,0,0,0,0,0,0,0,0,0,0,0,0
NEH142,HINDUSTANHARDWARE,0,0,0,0,0,0,0,0,0,0,0,0,0,0,0,0,0,0,0,0,0,0,0,0,0,0,0,0,0,0,0,0,0,0,0,0,0,0,0,0,0,0,0,0,0,0,0,0
NEP270,PUSHPA TRADERS,40,10,55,35,40,5,80,20,0,0,60,20,0,0,50,15,0,0,60,15,0,0,45,10,0,0,30,25,0,0,50,7,0,0,30,21,0,0,70,25.5,0,0,80,19.5,0,0,40,20
NEN217,NAISING BROTHER HARDWARE & CEMENT S,0,0,0,0,0,0,0,0,0,0,0,0,0,0,0,0,0,0,0,0,0,0,0,0,0,0,0,0,0,0,0,0,0,0,0,0,0,0,0,0,0,0,0,0,0,0,0,0
NED229,DREAMWORKSCONSORTIUM,0,0,40,0,0,0,0,0,0,0,0,0,0,0,0,0,0,0,0,0,0,0,0,0,0,0,0,0,0,0,0,0,0,0,0,0,0,0,0,0,0,0,0,0,0,0,0,0
NEM387,MANGALMURTIDONYIPOLOENTERPRISES,0,0,150,0,0,0,0,0,0,0,0,0,0,0,0,0,0,0,0,0,0,0,0,0,0,0,0,0,0,0,0,0,0,0,0,0,0,0,0,0,0,0,0,0,0,0,0,0
NEH143,HARDWARE CITY,100,50,150,130,50,22.9,100,160,0,0,100,100,0,0,75,165,0,0,100,20,0,0,100,25,0,0,115,25,0,0,50,90,0,0,75,145,0,0,125,95,0,0,150,75,0,0,175,175
NEA406,ASSAM MARBLES,150,135,100,119,150,38.5,150,127,0,0,90,64,0,0,75,115,0,0,100,91,0,0,125,78,0,0,100,70,0,0,100,39.5,0,0,100,104.5,0,0,150,92,0,0,150,100,0,0,150,130
NEJ170,J.D. HARDWARE,50,10,50,31,40,10,300,20,0,0,44,20,0,0,22.4,10,0,0,20,20,0,0,90,11,0,0,20,20,0,0,50,10,0,0,40,0,0,0,20,20,0,0,50,10,0,0,40,20
NED228,DEEPLING HARDWARE STORE,70,0,60,80,80,0,100,80,0,0,100,52.5,0,0,40,40,0,0,60,40,0,0,40,20,0,0,40,30,0,0,40,40,0,0,40,45,0,0,40,0,0,0,60,20,0,0,55,20
NEM388,M.I.HARDWARE,0,0,0,0,0,0,0,0,0,0,0,0,0,0,0,0,0,0,0,0,0,0,0,0,0,0,0,0,0,0,0,0,0,0,0,0,0,0,0,0,0,0,0,0,0,0,0,0
BHA097,ARHAM ENTERPRISES,70,55,70,50,90,25,45,90,0,0,50,50,0,0,60,85,0,0,80,60,0,0,70,36,0,0,60,60,0,0,60,50,0,0,100,75,0,0,100,25,0,0,90,50,0,0,140,0
NEP267,PEAD CEMENT,70,0,35,35,0,0,230,0,0,0,35,0,0,0,105,0,0,0,0,0,0,0,0,0,0,0,0,0,0,0,0,0,0,0,35,0,0,0,0,0,0,0,0,0,0,0,35,70
WBN108,NIKHIL KUMAR CHOWDHURY,10,12,30,10,18,12,30,24,0,0,20,12,0,0,30,10,0,0,30,0,0,0,30,12,0,0,30,12,0,0,30,12,0,0,30,12,0,0,12,12,0,0,12,12,0,0,20,12
WBM312,MMENTERPRISES,0,0,0,0,0,0,0,0,0,0,0,0,0,0,0,0,0,0,0,0,0,0,0,0,0,0,0,0,0,0,0,0,0,0,0,0,0,0,0,0,0,0,0,0,0,0,0,0
NEW012,WLB ENTERPRISES,30,0,60,30,0,0,60,0,0,0,50,15,0,0,45,15,0,0,15,15,0,0,30,0,0,0,30,45,0,0,60,0,0,0,60,0,0,0,0,0,0,0,30,30,0,0,30,0
NEJ171,JUNAKY HARDWARE,80,40,140,100,140,40,120,130,0,0,120,100,0,0,90,60,0,0,120,125,0,0,140,60,0,0,132,80,0,0,155,80,0,0,160,100,0,0,140,100,0,0,200,125,0,0,150,140
NEJ169,JOY RAM GLASS EMPORIUM,50,34.5,50,34.5,50,11,50,17,0,0,50,34.5,0,0,50,0,0,0,50,36,0,0,50,0,0,0,40,37.5,0,0,50,33,0,0,50,25,0,0,50,28,0,0,50,35,0,0,50,40
NEK197,K.K.ENTERPRISE,20,20,60,20,43,0,40,40,0,0,40,16,0,0,20,20,0,0,20,40,0,0,20,19.15,0,0,20,20,0,0,20,20,0,0,20,40,0,0,60,20,0,0,20,45,0,0,30,94.6
NEM386,MRTRADING,0,0,25,0,0,0,50,0,0,0,0,0,0,0,0,0,0,0,0,0,0,0,0,0,0,0,0,0,0,0,0,0,0,0,0,0,0,0,0,0,0,0,0,0,0,0,0,0
NED230,DEV ENTERPRISE,26,25.5,100,24.5,33,0,80,51.5,0,0,50,39,0,0,50,39,0,0,60,26,0,0,35,0,0,0,26,12.5,0,0,39,26,0,0,55,37,0,0,41,39,0,0,25,26,0,0,26,26
NET184,TIRUPATI STEELS,70,9.5,60,34,22,0,80,10.5,0,0,50,3.5,0,0,40,10.5,0,0,24,0,0,0,50,0,0,0,0,0,0,0,0,0,0,0,0,0,0,0,0,10.5,0,0,22,22.5,0,0,22,27.75
NEL114,L. PYNGROPE HARDWARE,275,299,280,216,300,138,235,216,0,0,200,216,0,0,210,216,0,0,175,270,0,0,260,294,0,0,260,394,0,0,280,360,0,0,280,305,0,0,280,327,0,0,350,315,0,0,250,357
BHM152,MAALAKSHAMITRADERS,0,0,0,0,0,0,0,0,0,0,0,0,0,0,0,0,0,0,0,0,0,0,0,0,0,0,0,0,0,0,0,0,0,0,0,0,0,0,0,0,0,0,0,0,0,0,0,0
WBN109,NEHANASFARHANAHARDWARESTORE,0,0,0,0,0,0,0,0,0,0,0,0,0,0,0,0,0,0,0,0,0,0,0,0,0,0,0,0,0,0,0,0,0,0,0,0,0,0,0,0,0,0,0,0,0,0,0,0
WBB156,BIJOY RAHA,300,617,125,285,300,312.5,175,345,0,0,100,105,0,0,100,175,0,0,150,210,0,0,150,275,0,0,175,357.5,0,0,175,279,0,0,200,300,0,0,200,315,0,0,250,508.5,0,0,400,581
NEC128,CHOUDHURY HARDWARE,40,19,50,20,40,11,500,0,0,0,11,10,0,0,22.4,20,0,0,50,10,0,0,20,10,0,0,40,39.5,0,0,40,10,0,0,60,20,0,0,70,20,0,0,50,20,0,0,70,9.5
NES670,SIPRA TRADERS,0,30,60,60,30,30,70,25,0,0,25,0,0,0,25,25,0,0,50,25,0,0,25,0,0,0,25,25,0,0,25,25,0,0,25,0,0,0,30,25,0,0,25,30,0,0,30,30
NES669,S S HARDWARE,130,127,150,120,160,48,150,120.5,0,0,100,103,0,0,120,95,0,0,120,133,0,0,150,75,0,0,120,162.5,0,0,150,137,0,0,150,151,0,0,150,149,0,0,150,162.5,0,0,175,147
NEJ173,JAIHANUMANHARDWARE,0,0,0,0,0,0,0,0,0,0,0,0,0,0,0,0,0,0,0,0,0,0,0,0,0,0,0,0,0,0,0,0,0,0,0,0,0,0,0,0,0,0,0,0,0,0,0,0
NEP272,PRANIKINFRATECH,0,0,0,0,0,0,0,0,0,0,0,0,0,0,0,0,0,0,0,0,0,0,0,0,0,0,0,0,0,0,0,0,0,0,0,0,0,0,0,0,0,0,0,0,0,0,0,0
NEB332,BHOLANATHCEMENTHOUSE,0,0,0,0,0,0,0,0,0,0,0,0,0,0,0,0,0,0,0,0,0,0,0,0,0,0,0,0,0,0,0,0,0,0,0,0,0,0,0,0,0,0,0,0,0,0,0,0
NEM391,MANJUSREE ENTERPRISE AND AUTOMOBILE,0,0,22,10,0,0,20,2.5,0,0,22,0,0,0,0,0,0,0,0,0,0,0,0,0,0,0,0,0,0,0,0,0,0,0,0,0,0,0,0,0,0,0,0,0,0,0,0,0
NEM392,MAYUKH ENTERPRISE,240,234,175,164.5,264,116.5,175,189,0,0,125,162.5,0,0,125,221,0,0,250,182,0,0,200,195,0,0,215,208,0,0,230,208,0,0,250,182,0,0,180,221,0,0,220,273,0,0,325,313
WBM313,MANJU HARDWARE,60,35,90,73,80,40,100,65,0,0,95,45,0,0,40,35,0,0,50,20,0,0,20,40,0,0,55,47,0,0,55,45,0,0,60,49,0,0,50,50,0,0,80,46,0,0,80,88
SKD004,DONG ENTERPRISE,0,0,180,42.5,0,0,120,3,0,0,15,0,0,0,315,0,0,0,0,0,0,0,0,0,0,0,0,0,0,0,0,0,0,0,0,0,0,0,0,0,0,0,0,0,0,0,0,0
NES673,S.D. HARDWARE,0,0,0,0,0,0,0,0,0,0,0,0,0,0,0,0,0,0,0,0,0,0,0,0,0,0,0,0,0,0,0,0,0,0,0,0,0,0,0,0,0,0,0,0,0,0,0,0
NES674,JALAN STEEL,0,0,50,0,0,0,40,20,0,0,5,20,0,0,40,-17.5,0,0,50,0,0,0,40,20,0,0,30,0,0,0,30,0,0,0,40,0,0,0,30,0,0,0,20,0,0,0,40,0
NEA407,ASSAM TRADERS,0,0,0,0,0,0,500,0,0,0,0,0,0,0,0,0,0,0,0,0,0,0,0,0,0,0,0,0,0,0,0,0,0,0,0,0,0,0,0,0,0,0,0,0,0,0,0,0
BHJ059,JAGDAMBA TRADERS - KUMARKHAND,25,25,25,25,25,25,25,55,0,0,25,25,0,0,25,25,0,0,50,25,0,0,50,25,0,0,50,25,0,0,25,0,0,0,25,25,0,0,25,25,0,0,25,25,0,0,25,25
NEN218,N C STORE,50,44,60,44,60,10,90,59,0,0,60,20.5,0,0,60,30.5,0,0,70,44,0,0,110,44,0,0,44,48.5,0,0,60,28,0,0,48,50.6,0,0,50,52.25,0,0,60,64,0,0,90,91
BHR101,RAZAHARDWARE-POTHIA,0,0,0,0,0,0,0,0,0,0,0,0,0,0,0,0,0,0,0,0,0,0,0,0,0,0,0,0,0,0,0,0,0,0,0,0,0,0,0,0,0,0,0,0,0,0,0,0
NEM393,MUKTA HARDWARE,35,113.5,25,25,100,37.5,25,0,0,0,35,25,0,0,25,0,0,0,25,0,0,0,25,25,0,0,50,25,0,0,50,25,0,0,50,0,0,0,90,25,0,0,100,0,0,0,50,50
NEV061,VIRAJTRADING,0,0,0,0,0,0,0,0,0,0,0,0,0,0,0,0,0,0,0,0,0,0,0,0,0,0,0,0,0,0,0,0,0,0,0,0,0,0,0,0,0,0,0,0,0,0,0,0
NEA408,ANITA HARDWARE,120,120,90,40,120,0,0,0,0,0,0,0,0,0,0,0,0,0,0,0,0,0,0,0,0,0,0,0,0,0,0,0,0,0,0,40,0,0,80,0,0,0,40,160,0,0,120,40
NEA409,ARUNACHAL TRADERS,30,11,50,50,30,0,30,0,0,0,15,25,0,0,30,30,0,0,30,45,0,0,30,32,0,0,30,47.5,0,0,40,100,0,0,60,45,0,0,50,53,0,0,60,47,0,0,30,32
BHS247,SUMANENTERPRISES-JAMALPUR,0,0,0,0,0,0,0,0,0,0,0,0,0,0,0,0,0,0,0,0,0,0,0,0,0,0,0,0,0,0,0,0,0,0,0,0,0,0,0,0,0,0,0,0,0,0,0,0
NER287,R.SNAITANG HARDWARE STORE,100,0,70,30,100,0,35,0,0,0,35,0,0,0,35,0,0,0,0,0,0,0,26,0,0,0,26,0,0,0,26,27,0,0,26,0,0,0,25,0,0,0,26,0,0,0,30,0
NES675,SHANKAR  HARDWARE,110,42.25,140,100,100,35,160,136.15,0,0,150,36,0,0,110,89,0,0,140,84,0,0,165,75,0,0,106,84,0,0,145,84,0,0,110,92,0,0,120,128,0,0,160,146.5,0,0,160,145.5
NES676,SHANTI ENTERPRISE,30,0,36,36,33,15,36,12,0,0,24,15,0,0,24,15,0,0,36,40,0,0,20,25,0,0,20,15,0,0,20,146.5,0,0,80,109,0,0,100,15,0,0,30,17,0,0,50,34
NER288,RADHA KRISHNA HARDWARE,0,0,0,0,0,0,300,0,0,0,0,0,0,0,0,0,0,0,0,0,0,0,0,0,0,0,0,0,0,0,0,0,0,0,0,0,0,0,0,0,0,0,0,0,0,0,0,0
NEJ174,JOYRAMCARRYINGCENTRE,0,0,0,0,0,0,0,0,0,0,0,0,0,0,0,0,0,0,0,0,0,0,0,0,0,0,0,0,0,0,0,0,0,0,0,0,0,0,0,0,0,0,0,0,0,0,0,0
SKA002,ADEE ENTERPRISES,145,470,0,0,250,111,10,0,0,0,0,71.5,0,0,185,240,0,0,215,104.5,0,0,220,64,0,0,150,41,0,0,185,52.5,0,0,75,28.25,0,0,70,33.5,0,0,750,85,0,0,280,283.75
NES677,SABITRIENTERPRISE,0,0,0,0,0,0,0,0,0,0,0,0,0,0,0,0,0,0,0,0,0,0,0,0,0,0,0,0,0,0,0,0,0,0,0,0,0,0,0,0,0,0,0,0,0,0,0,0
SKK003,KALIKASTORES,0,0,0,0,0,0,0,0,0,0,0,0,0,0,0,0,0,0,0,0,0,0,0,0,0,0,0,0,0,0,0,0,0,0,0,0,0,0,0,0,0,0,0,0,0,0,0,0
NEM394,MEERAENTERPRISE,0,0,0,0,0,0,0,0,0,0,0,0,0,0,0,0,0,0,0,0,0,0,0,0,0,0,0,0,0,0,0,0,0,0,0,0,0,0,0,0,0,0,0,0,0,0,0,0
NEB333,BAJRANG HOME STUDIO,26,27,100,52,23,0,25,26,0,0,50,26,0,0,50,0,0,0,50,26,0,0,26,26,0,0,26,26,0,0,26,0,0,0,26,27,0,0,50,27,0,0,0,27,0,0,26,27
NEG164,GUMIN ENTERPRISES,80,30,100,120,110,0,100,70,0,0,80,50,0,0,60,60,0,0,80,83.95,0,0,80,30,0,0,40,40,0,0,50,20,0,0,80,100,0,0,47.5,0,0,0,65,40,0,0,130,80
NES678,S.M.ENTERPRISE,20,26,20,15.15,20,8,30,16,0,0,10,10.5,0,0,20,12.75,0,0,20,10.75,0,0,20,26.75,0,0,20,12.25,0,0,20,8.75,0,0,10,15,0,0,20,30,0,0,20,40.95,0,0,20,24
NEK200,KBHARDWARE,0,0,0,0,0,0,0,0,0,0,0,0,0,0,0,0,0,0,0,0,0,0,0,0,0,0,0,0,0,0,0,0,0,0,0,0,0,0,0,0,0,0,0,0,0,0,0,0
NEP273,PRAVEER ENTERPRISE,40,35,50,12.5,30,0,40,28.5,0,0,40,0,0,0,35,20,0,0,40,10,0,0,25,0,0,0,40,0,0,0,0,0,0,0,20,0,0,0,0,0,0,0,0,0,0,0,0,15
NEM395,MORESTEELHOUSE,0,0,0,0,0,0,0,0,0,0,0,0,0,0,0,0,0,0,0,0,0,0,0,0,0,0,0,0,0,0,0,0,0,0,0,0,0,0,0,0,0,0,0,0,0,0,0,0
NEN219,NANDALAL ENTERPRISE,30,20,35,24,30,5,30,0,0,0,25,20,0,0,25,20,0,0,25,0,0,0,30,20,0,0,25,20,0,0,30,20,0,0,40,24,0,0,30,24,0,0,30,34,0,0,30,20
NEO038,O.K.STEEL,0,0,0,0,0,0,0,0,0,0,0,0,0,0,0,0,0,0,0,0,0,0,0,0,0,0,0,0,0,0,0,0,0,0,0,0,0,0,0,0,0,0,0,0,0,0,0,0
NER289,R.L.ENTERPRISE,0,0,0,0,0,0,0,0,0,0,0,0,0,0,0,0,0,0,0,0,0,0,0,0,0,0,0,0,0,0,0,0,0,0,0,0,0,0,0,0,0,0,0,0,0,0,0,0
BHS248,SHRIPASHUPATINATHENTERPRISES,0,0,50,0,0,0,75,0,0,0,0,0,0,0,0,0,0,0,0,0,0,0,50,0,0,0,0,0,0,0,0,0,0,0,0,0,0,0,0,0,0,0,0,0,0,0,0,0
NEA411,AMIRHARDWARESTORE,0,0,0,0,0,0,0,0,0,0,0,0,0,0,0,0,0,0,0,0,0,0,0,0,0,0,0,0,0,0,0,0,0,0,0,0,0,0,0,0,0,0,0,0,0,0,0,0
NEK201,KHUMANENTERPRISE,0,0,0,0,0,0,0,0,0,0,0,0,0,0,0,0,0,0,0,0,0,0,0,0,0,0,0,0,0,0,0,0,0,0,0,0,0,0,0,0,0,0,0,0,0,0,0,0
NET185,THE ONE,500,322.5,500,560,280,32.5,610,280,0,0,525,262.4,0,0,410,446.3,0,0,500,241.9,0,0,600,169.15,0,0,0,282.5,0,0,410,315,0,0,420,380,0,0,385,130,0,0,350,245,0,0,210,388.7
NEC129,CITY CROWN ENTERPRISES,0,0,0,0,0,0,0,0,0,0,0,0,0,0,0,0,0,0,0,0,0,0,0,0,0,0,0,0,0,0,0,0,0,0,0,0,0,0,0,0,0,0,0,0,0,0,0,0
NES679,SUNIL HARDWARE,145,67.25,80,140.5,100,15.5,105,85.25,0,0,100,85.5,0,0,90,111.5,0,0,120,130.5,0,0,130,94.25,0,0,102,105,0,0,100,36.5,0,0,130,70.5,0,0,130,129.5,0,0,160,95.75,0,0,200,258
WBR152,RAMKRISHNA HARDWARE - BIRPARA,60,78,86,24,150,18,60,132,0,0,90,72,0,0,70,132,0,0,80,66,0,0,92,18,0,0,82,12,0,0,50,72,0,0,70,60,0,0,100,97,0,0,90,302,0,0,150,230
NEB337,DEBNATH HARDWARE STORE,100,25,150,75,75,0,75,75,0,0,100,50,0,0,50,75,0,0,75,75,0,0,125,25,0,0,175,75,0,0,100,100,0,0,100,100,0,0,100,50,0,0,100,105,0,0,150,75
NEP275,PAUL AIBANAIBOK BAMON,23,23,160,0,23,18,150,0,0,0,0,0,0,0,0,0,0,0,50,0,0,0,0,0,0,0,0,0,0,0,0,17,0,0,140,14,0,0,25,34,0,0,50,34,0,0,34,70
NES680,SEMINGTON MARAK,225,90,160,110,135,30,170,125,0,0,160,125,0,0,135,125,0,0,140,115,0,0,100,125,0,0,125,150,0,0,180,170,0,0,125,180,0,0,180,90,0,0,190,115,0,0,225,120
NEC130,CEMENT SUPPLY AGENCY,20,8.75,10,0,10,0,10,10.5,0,0,20,2.25,0,0,20,0,0,0,10,0,0,0,10,5,0,0,20,21.5,0,0,10,25.5,0,0,10,2,0,0,10,3.5,0,0,20,2.05,0,0,10,0
NEN220,N.K.ENTERPRISE,0,0,44,0,0,0,44,0,0,0,0,0,0,0,0,0,0,0,0,0,0,0,0,0,0,0,0,0,0,0,0,0,0,0,0,0,0,0,0,0,0,0,0,0,0,0,0,0
SPB146,HIMADRI NATH,0,0,70,70.5,0,0,60,24.5,0,0,30,38.5,0,0,45,24.5,0,0,20,29,0,0,40,0,0,0,35,0,0,0,30,0,0,0,40,0,0,0,40,0,0,0,0,0,0,0,0,0
NEK202,KAMRUPCEMENTCORPORATION,0,0,0,0,0,0,0,0,0,0,0,0,0,0,0,0,0,0,0,0,0,0,0,0,0,0,0,0,0,0,0,0,0,0,0,0,0,0,0,0,0,0,0,0,0,0,0,0
NEN221,NIDHISHAH,0,0,0,0,0,0,0,0,0,0,0,0,0,0,0,0,0,0,0,0,0,0,0,0,0,0,55,0,0,0,0,0,0,0,0,0,0,0,0,0,0,0,0,0,0,0,0,0
NEF026,FRIENDSHIPENTERPRISE,0,0,0,0,0,0,0,0,0,0,0,0,0,0,0,0,0,0,0,0,0,0,0,0,0,0,0,0,0,0,0,0,0,0,0,0,0,0,0,0,0,0,0,0,0,0,0,0
NEB339,BORMAN HARDWARES,0,0,0,0,0,0,300,0,0,0,0,20,0,0,0,0,0,0,0,0,0,0,0,0,0,0,20,0,0,0,0,0,0,0,0,0,0,0,0,0,0,0,0,0,0,0,0,0
WBA158,ALAM HARDWARE,160,302.5,80,151,200,90,150,109,0,0,100,120,0,0,100,210,0,0,140,260,0,0,150,253,0,0,225,226,0,0,150,154,0,0,150,170.5,0,0,150,170,0,0,160,270,0,0,160,335
NEJ177,JONNAM INFRASTRUCTURE,140,40,140,140,100,0,160,40,0,0,110,40,0,0,80,80,0,0,100,120,0,0,100,120,0,0,120,40,0,0,80,55,0,0,80,50,0,0,120,204.95,0,0,80,90,0,0,200,110.5
SPB400,M.R. STEEL HOUSE,900,934.5,1200,775,1000,339.5,1000,1000,0,0,850,725,0,0,750,1010,0,0,1000,730,0,0,1000,720,0,0,1140,760,0,0,850,825,0,0,1000,670,0,0,1000,855,0,0,1000,925,0,0,1550,900
NES683,S.R.ENTERPRISE,0,0,0,0,0,0,0,0,0,0,0,0,0,0,0,0,0,0,0,0,0,0,0,0,0,0,0,0,0,0,0,0,0,0,0,0,0,0,0,0,0,0,0,0,0,0,0,0
BHP048,PAPPUALAM&CO.,0,0,0,0,0,0,0,0,0,0,0,0,0,0,0,0,0,0,0,0,0,0,0,0,0,0,0,0,0,0,0,0,0,0,0,0,0,0,0,0,0,0,0,0,0,0,0,0
WBJ076,JYOTSNA HARDWARE,140,272,65,70,120,49,116,75,0,0,40,60,0,0,70,100,0,0,110,90,0,0,70,50,0,0,70,100,0,0,85,102,0,0,90,118,0,0,151,159,0,0,90,284,0,0,110,284
NEA415,A.J. ENTERPRISES,120,5,160,0,120,77.5,120,200,0,0,120,120,0,0,120,162.5,0,0,120,120,0,0,120,120,0,0,120,120,0,0,160,160,0,0,120,200,0,0,200,120,0,0,80,120,0,0,160,155
NEB342,B.S. ENTERPRISE,370.25,152.85,340,294.85,380,0,330,352.85,0,0,250,354.25,0,0,240,273.4,0,0,300,337.4,0,0,300,361.5,0,0,350,338.75,0,0,350,381.75,0,0,300,495.9,0,0,500,472.7,0,0,405,238.5,0,0,500,408.6
NEA416,AMKEY TIMBERS,920,433,750,747.35,760,199.55,500,686.6,0,0,600,549.55,0,0,600,787,0,0,700,559.6,0,0,450,708.3,0,0,570,1007.25,0,0,870,1000.25,0,0,1100,1418.45,0,0,1350,1209.25,0,0,1500,1350.35,0,0,1600,1136.25
BHO009,OM SHANTI TRADERS,100,176,100,122.5,100,30,100,152,0,0,100,172,0,0,100,110,0,0,100,100,0,0,100,130,0,0,100,100,0,0,100,150,0,0,100,175,0,0,100,225,0,0,100,225,0,0,100,238
WBG097,GHOSH ENTERPRISE - DHUPGURI,170,261,150,152,173,72,150,152,0,0,90,183,0,0,172,102,0,0,151,132,0,0,150,84,0,0,80,216,0,0,151,192,0,0,190,240,0,0,161,205,0,0,200,281,0,0,200,201
WBS342,SUJIT KUMAR SAHA,60,42,29,36,50,12,50,24,0,0,50,24,0,0,60,24,0,0,50,36,0,0,50,0,0,0,50,36,0,0,50,36,0,0,50,24,0,0,50,60,0,0,40,25,0,0,70,60
NES686,SREEMOYEE HARDWARE,120,40,60,80,55,0,90,20,0,0,20,0,0,0,40,0,0,0,0,0,0,0,20,0,0,0,60,40,0,0,96,100,0,0,96,60,0,0,110,40,0,0,110,20,0,0,110,40
NEE059,EJAJUL HARDWARE SHOP,75,75,25,25,75,0,25,25,0,0,50,50,0,0,50,0,0,0,50,0,0,0,50,25,0,0,50,25,0,0,50,25,0,0,25,55,0,0,50,50,0,0,50,77,0,0,75,50
NEK203,KUHI & NEHA ENTERPRISE,190,156.5,175,169,250,65,200,247,0,0,265,168,0,0,215,275.5,0,0,270,207,0,0,255,203,0,0,240,180.5,0,0,260,249.5,0,0,260,165,0,0,290,182,0,0,255,168.5,0,0,295,143
NER292,RENUSUPPLYAGENCY,0,0,0,0,0,0,0,0,0,0,0,0,0,0,0,0,0,0,13,0,0,0,0,0,0,0,0,0,0,0,0,0,0,0,0,0,0,0,0,0,0,0,0,0,0,0,0,0
NEA417,A.R. HARDWARE,0,0,30,0,0,0,80,0,0,0,50,0,0,0,0,0,0,0,50,0,0,0,0,0,0,0,0,0,0,0,0,0,0,0,0,0,0,0,0,0,0,0,0,0,0,0,0,0
NEW013,WEAR ME OUT,20,0,30,10,20,0,30,14,0,0,20,0,0,0,30,2,0,0,20,6.25,0,0,30,12,0,0,40,24.75,0,0,30,2.25,0,0,10,0,0,0,0,0,0,0,20,0,0,0,0,0
NEH145,HOQUE HARDWARE,0,0,25,60,0,0,80,0,0,0,210,0,0,0,25,0,0,0,50,0,0,0,0,0,0,0,0,0,0,0,0,0,0,0,0,0,0,0,0,0,0,0,0,0,0,0,0,0
NEA418,AMITA TRADERS,50,0,55,32.5,40,0,50,15,0,0,35,20,0,0,27.5,25,0,0,22,0,0,0,22,5,0,0,22,30,0,0,26.25,15,0,0,30,30,0,0,66,57,0,0,50,66,0,0,60,50
NEJ178,J.B.TRADEMART,0,0,0,0,0,0,0,0,0,0,0,0,0,0,0,0,0,0,0,0,0,0,0,0,0,0,0,0,0,0,0,0,0,0,0,0,0,0,0,0,0,0,0,0,0,0,0,0
WBS343,SAARAHCONSTRUCTIONS,0,0,0,0,0,0,0,0,0,0,0,0,0,0,0,0,0,0,0,0,0,0,0,0,0,0,0,0,0,0,0,0,0,0,0,0,0,0,0,0,0,0,0,0,0,0,0,0
WBS344,S.J.TRADERS,200,115,200,30,150,55,200,91,0,0,150,126,0,0,150,45,0,0,100,30,0,0,150,63,0,0,100,36,0,0,75,57.5,0,0,100,67.5,0,0,50,45,0,0,200,230,0,0,200,223.5
NEJ179,JITENURANG,0,0,0,0,0,0,0,0,0,0,0,0,0,0,0,0,0,0,0,0,0,0,0,0,0,0,0,0,0,0,0,0,0,0,0,0,0,0,0,0,0,0,0,0,0,0,0,0
NEM401,MOKTANHARDWARE,0,0,20,0,0,0,0,20,0,0,20,0,0,0,0,0,0,0,0,0,0,0,0,0,0,0,0,0,0,0,0,0,0,0,0,0,0,0,0,0,0,0,0,0,0,0,0,0
NER293,RAVI STORE,120,120,240,85,120,40,245,120,0,0,160,120,0,0,160,80,0,0,160,120,0,0,140,40,0,0,200,159.55,0,0,250,120,0,0,160,100,0,0,120,120,0,0,160,150,0,0,200,176.8
NEM402,M.H.ENTERPRISE,0,0,70,30,0,0,500,0,0,0,11,0,0,0,0,0,0,0,10,0,0,0,0,0,0,0,0,0,0,0,0,0,0,0,0,0,0,0,0,0,0,0,0,0,0,0,0,0
NEM403,MAAENTERPRISES,0,0,40,0,0,0,0,0,0,0,30,0,0,0,20,0,0,0,0,0,0,0,0,0,0,0,0,0,0,0,0,0,0,0,0,0,0,0,0,0,0,0,0,0,0,0,0,0
NEB344,B D TRADERS,35,0,105,35,0,0,70,0,0,0,70,70,0,0,70,0,0,0,35,35,0,0,70,35,0,0,0,70,0,0,70,70,0,0,35,75.05,0,0,70,35,0,0,70,35,0,0,70,35
NEB346,BRAHMAPUTRA CEMENT,0,0,0,0,0,0,25,0,0,0,0,0,0,0,0,0,0,0,0,0,0,0,0,0,0,0,0,0,0,0,0,0,0,0,0,0,0,0,0,0,0,0,0,0,0,0,0,0
NEB345,BHAGWATI HARDWARE,50,55,25,25,50,0,25,25,0,0,25,25,0,0,25,49,0,0,25,50,0,0,50,25,0,0,50,50,0,0,50,25,0,0,25,50,0,0,25,55,0,0,50,50,0,0,50,25
NEG166,GURUDEV VARIETIES,50,25,75,50,50,25,75,25,0,0,50,50,0,0,50,25,0,0,50,0,0,0,50,25,0,0,50,50,0,0,75,51,0,0,75,50,0,0,100,50,0,0,100,50,0,0,100,86
NEK205,KRIEMSHONENTERPRISE,23,0,0,0,23,0,180,0,0,0,0,0,0,0,0,0,0,0,0,0,0,0,0,0,0,0,0,0,0,0,0,0,0,0,0,0,0,0,28,0,0,0,28,0,0,0,59,0
BHD028,DEEPAK TRADERS - DURGAPUR,0,0,15,0,0,0,15,0,0,0,0,0,0,0,0,0,0,0,70,0,0,0,0,0,0,0,0,17.5,0,0,0,0,0,0,0,0,0,0,0,0,0,0,0,0,0,0,0,0
BHA098,ADITYATRADERS-KHAGARIA,25,0,0,0,0,0,0,0,0,0,0,0,0,0,0,0,0,0,0,0,0,0,0,0,0,0,0,0,0,0,0,0,0,0,0,15,0,0,0,0,0,0,0,15,0,0,25,0
NEM404,MAA KAMAKHYA ENTERPRISE,30,5,20,5,30,0,0,5,0,0,0,7.5,0,0,20,0,0,0,30,0,0,0,0,0,0,0,0,0,0,0,0,10,0,0,0,0,0,0,0,17.5,0,0,20,10,0,0,20,5
NEA420,ABULHASSANHARDWARE,0,0,25,2.5,0,0,15,0,0,0,0,0,0,0,0,0,0,0,0,0,0,0,0,0,0,0,0,0,0,0,0,0,0,0,0,0,0,0,0,0,0,0,0,0,0,0,0,0
NEP277,PMENTERPRISE,0,0,0,0,0,0,0,0,0,0,0,0,0,0,0,0,0,0,0,0,0,0,0,0,0,0,0,0,0,0,0,0,0,0,0,0,0,0,0,0,0,0,0,0,0,0,0,0
BHS249,SUMAN ENTERPRISES - PANCHGACHIA,50,77,50,50,50,0,50,60,0,0,50,76,0,0,50,50,0,0,50,25,0,0,50,50,0,0,50,25,0,0,50,25,0,0,50,50,0,0,50,50,0,0,50,25,0,0,50,115
NEK206,K.K.ENTERPRISES,1490,544,1300,1822,1870,603.5,2140,1806,0,0,1500,518,0,0,1530,664,0,0,1695,906.5,0,0,1650,749,0,0,1714.5,1384.5,0,0,1125,1186,0,0,1140,1728.7,0,0,1500,2224.85,0,0,2412,1495,0,0,2170.5,1946.1
NES693,SMA ENTERPRISES,110,125,110,105,70,0,140,60,0,0,100,92.5,0,0,70,70,0,0,65,25,0,0,60,65,0,0,70,50,0,0,70,150,0,0,120,95,0,0,120,135,0,0,120,125,0,0,120,180
NEK207,K.D. HARDWARE,60,0,70,20,0,0,500,0,0,0,11,20,0,0,44.8,22.5,0,0,40,30,0,0,60,22.5,0,0,20,30,0,0,80,25,0,0,80,20,0,0,30,0,0,0,70,10,0,0,80,10
NEB349,BINAHARDWARE,0,0,0,0,0,0,0,0,0,0,0,0,0,0,0,0,0,0,0,0,0,0,0,0,0,0,0,0,0,0,0,0,0,0,0,0,0,0,0,0,0,0,0,0,0,0,0,0
NER297,REKHA HARDWARE,80,50,75,28,100,0,75,33,0,0,50,76.75,0,0,70,50.5,0,0,45,75,0,0,50,54,0,0,60,82,0,0,85,86,0,0,100,77,0,0,110,50,0,0,110,99.5,0,0,0,50
NEA422,ANJUMHARDWARE,0,0,0,0,0,0,0,0,0,0,0,0,0,0,0,0,0,0,0,0,0,0,0,0,0,0,0,0,0,0,0,0,0,0,0,0,0,0,0,0,0,0,0,0,0,0,0,0
SKR005,R.S.ENTERPRISE,0,0,0,0,0,0,0,0,0,0,0,0,0,0,0,0,0,0,0,0,0,0,0,0,0,0,0,0,0,0,0,0,0,0,0,0,0,0,0,0,0,0,0,0,0,0,0,0
NEI044,ISLAM TRADERS,50,91,125,129,99,13,150,77.5,0,0,90,78,0,0,80,90,0,0,120,78,0,0,0,100,0,0,120,26,0,0,150,0,0,0,130,25,0,0,80,13,0,0,100,125.5,0,0,250,78
NEP279,POPULAR ENTERPRISE,300,234,250,168.5,412.5,52,300,194.5,0,0,150,91,0,0,110,173,0,0,180,83,0,0,0,104,0,0,130,142.5,0,0,160,218,0,0,225,220,0,0,200,443.5,0,0,400,143,0,0,400,339.75
NEC133,CLASSICHARDWARE,0,0,0,0,0,0,0,0,0,0,0,0,0,0,0,0,0,0,0,0,0,0,0,0,0,0,0,0,0,0,0,0,0,0,0,0,0,0,0,0,0,0,0,0,0,0,0,0
NEA424,ASHUTOSH BHANDER,60,0,66,24,50,2.5,50,10,0,0,30,10,0,0,55,10,0,0,55,5,0,0,60.5,2.5,0,0,82.5,3,0,0,52.5,6,0,0,100,0,0,0,77,2.5,0,0,50,5,0,0,100,3
SKS009,SAITRADERS,0,0,0,0,0,0,0,0,0,0,0,0,0,0,0,0,0,0,0,0,0,0,0,0,0,0,0,0,0,0,0,0,0,0,0,0,0,0,0,0,0,0,0,0,0,0,0,0
NEM407,MAA ENTERPRISE,450,710,375,454.5,495,182,500,374.5,0,0,250,450.25,0,0,350,387,0,0,380,395.5,0,0,0,389,0,0,400,442,0,0,380,181,0,0,320,258,0,0,250,363,0,0,350,546,0,0,500,567
NEA426,ASIF ENTERPRISE,50,38,25,77.5,50,26,50,26,0,0,25,39,0,0,25,0,0,0,25,39,0,0,43,0,0,0,13,13,0,0,50,0,0,0,50,13,0,0,26,0,0,0,26,25,0,0,20,65.5
NEC132,C.R. AGENCY,0,0,25,15,0,0,50,0,0,0,50,25,0,0,0,0,0,0,35,0,0,0,0,0,0,0,0,0,0,0,0,0,0,0,0,0,0,0,0,0,0,0,0,0,0,0,0,0
NES696,SUNIRMAL DAS,65,35,82.5,60,55,20,75,50,0,0,55,55,0,0,55,60,0,0,66,27,0,0,55,30,0,0,55,36.5,0,0,68.25,70,0,0,55,55,0,0,71.5,45,0,0,80,55,0,0,75,50
NEA423,A.I. TRADERS,130,22.5,110,120,75,5,100,67.75,0,0,85,55.5,0,0,82.5,98.7,0,0,66,36.1,0,0,82.5,52.5,0,0,110,70,0,0,115.5,68.15,0,0,90,56.5,0,0,115.5,54.75,0,0,120,51,0,0,125,40
NEM405,MONORANJANIENTERPRISE,0,0,0,0,0,0,0,0,0,0,0,0,0,0,0,0,0,0,0,0,0,0,0,0,0,0,0,0,0,0,0,0,0,0,0,0,0,0,0,0,0,0,0,0,0,0,0,0
NEK210,KRISHNA HARDWARE,20,0,0,0,25,0,0,0,0,0,0,0,0,0,55,0,0,0,27.5,0,0,0,0,0,0,0,0,0,0,0,21,0,0,0,0,0,0,0,5.5,7.5,0,0,20,22.5,0,0,25,2.5
NER298,RAJUHARDWARE,0,0,0,0,0,0,0,0,0,0,0,0,0,0,0,0,0,0,0,0,0,0,0,0,0,0,0,0,0,0,0,0,0,0,0,0,0,0,0,0,0,0,0,0,0,0,0,0
NEH147,HOQUEHARDWARE,0,0,0,0,0,0,0,0,0,0,0,0,0,0,0,0,0,0,0,0,0,0,0,0,0,0,0,0,0,0,0,0,0,0,0,0,0,0,0,0,0,0,0,0,0,0,0,0
NEB350,BARUAH HARDWARE,13,13,50,25,14.3,0,39,25.5,0,0,37.5,26,0,0,37,26,0,0,41,26,0,0,26,13,0,0,26,13,0,0,51,12.5,0,0,55,25,0,0,40,12.5,0,0,26,25.5,0,0,25.5,12.5
NEA425,A B HARDWARE STORE,45,40,75,20,40,14,60,30,0,0,20,20,0,0,20,20,0,0,40,20,0,0,30,20,0,0,25,20,0,0,20,40,0,0,40,40,0,0,20,40,0,0,40,35,0,0,25,80
NEN226,N.A. ENTERPRISE,20,13,30,32,45,0,20,46,0,0,20,7.5,0,0,20,67.25,0,0,20,51,0,0,40,74.5,0,0,40,60.7,0,0,60,65,0,0,60,47.5,0,0,70,13,0,0,50,14,0,0,20,0
NEB348,BHAIRAB PATRA,0,0,20,9.9,0,0,20,0,0,0,30,0,0,0,0,0,0,0,0,0,0,0,0,0,0,0,0,0,0,0,0,0,0,0,0,0,0,0,0,0,0,0,0,0,0,0,0,0
NEN227,NIHARIKA TRADING,0,0,33,14.5,0,0,20,15,0,0,30,13.7,0,0,55,0,0,0,0,0,0,0,0,0,0,0,0,0,0,0,0,0,0,0,0,0,0,0,0,0,0,0,0,0,0,0,0,0
NEG167,G.M. TRADING,60,23.1,120,57.4,50,5,160,39.5,0,0,80,51.75,0,0,145,52.5,0,0,120,101,0,0,170,48,0,0,65,19,0,0,100,0,0,0,30,2.5,0,0,30,30.9,0,0,85,12.5,0,0,60,17.4
NER295,RS ENTERPRISE,45,99,25,10,125,0,30,0,0,0,25,0,0,0,25,0,0,0,0,0,0,0,0,0,0,0,0,106,0,0,72,94,0,0,0,150,0,0,150,115,0,0,100,159,0,0,125,129
NEI047,ICICLE ENTERPRISES,20,0,30,15,20,15,30,0,0,0,30,20,0,0,20,0,0,0,20,20,0,0,20,0,0,0,20,20,0,0,20,20,0,0,20,15,0,0,20,0,0,0,20,20,0,0,20,20
NES692,SHIVAM STEEL,0,0,20,20,0,0,50,34.5,0,0,25,12.5,0,0,25,20,0,0,25,0,0,0,38,0,0,0,20,12.5,0,0,37,13,0,0,25,0,0,0,25,0,0,0,25,0,0,0,50,0
NEP280,POPULAR ENTERPRISE,37,70,30,15,26,25,25,12.5,0,0,25,50,0,0,25,57.5,0,0,39,25,0,0,38,0,0,0,25,0,0,0,25,0,0,0,10,0,0,0,10,25,0,0,40,80.5,0,0,75,75.5
NEL119,LUKHURAKHAN HARDWARE & FABRICATION,90,85,70,80,70,30,65,60,0,0,80,80,0,0,60,80,0,0,60,60,0,0,50,35,0,0,65,70,0,0,55,60,0,0,90,140,0,0,90,90,0,0,100,110,0,0,150,80
NEH150,HILLS HARDWARE & GLASS,40,0,80,27.5,0,0,500,0,0,0,11,10,0,0,22.4,0,0,0,50,10,0,0,30,10,0,0,40,20,0,0,40,20,0,0,40,20,0,0,20,10,0,0,30,0,0,0,40,0
NEN228,NIRMALKUMARSHAH(HUF),0,0,0,0,0,0,0,0,0,0,0,0,0,0,0,0,0,0,0,0,0,0,0,0,0,0,0,0,0,0,0,0,0,0,0,0,0,0,0,0,0,0,0,0,0,0,0,0
BHL019,LADLI TRADING,30,0,30,0,0,0,60,30,0,0,30,25,0,0,50,50,0,0,50,25,0,0,60,25,0,0,30,0,0,0,30,0,0,0,0,0,0,0,25,0,0,0,25,0,0,0,50,0
BHB077,BABAENTERPRISES-MADHEPURA,125,0,0,0,0,0,0,0,0,0,0,0,0,0,0,0,0,0,0,0,0,0,0,0,0,0,0,0,0,0,0,0,0,0,0,0,0,0,0,0,0,0,25,15,0,0,25,0
NEU049,UPANBI CONTZ PRIVATE LIMITED,105,30,150,55,175,33,165,158,0,0,150,172,0,0,210,292.5,0,0,310,86,0,0,300,30,0,0,142.5,199,0,0,340,92,0,0,100,90,0,0,130,86,0,0,150,60,0,0,186.5,86
NET188,TANGLA STEEL HOUSE,125,117.5,85,77,100,58.5,100,85,0,0,100,71.5,0,0,75,76,0,0,90,58.5,0,0,120,52,0,0,75,104,0,0,100,122.5,0,0,100,118.5,0,0,110,108,0,0,110,157,0,0,130,177
NEK213,KHANTRADERS,0,0,0,0,0,0,0,0,0,0,0,0,0,0,0,0,0,0,0,0,0,0,0,0,0,0,0,0,0,0,0,0,0,0,0,0,0,0,0,0,0,0,0,0,0,0,0,0
NER301,R.N. ENTERPRISE,400,400,500,610,600,0,600,435,0,0,400,260,0,0,350,410,0,0,240,471.05,0,0,320,499.6,0,0,500,370,0,0,700,900,0,0,720,799.95,0,0,800,590,0,0,700,500,0,0,1200,1004.5
NEJ182,JAMIR HARDWARE,220,294,160,204,200,58,175,150,0,0,140,186,0,0,180,188,0,0,165,104,0,0,170,138,0,0,150,137,0,0,175,103,0,0,160,154,0,0,175,166,0,0,200,203,0,0,220,200.9
NEM411,MATRI HARDWARE,530,770.35,400,506.5,510,331.5,460,492.5,0,0,390,397,0,0,365,464.5,0,0,425,338,0,0,475,284.5,0,0,380,299,0,0,400,298,0,0,440,424,0,0,480,506,0,0,539,532.5,0,0,580,697
NEB354,BUILDING SOLUTIONS .,0,0,60,40,0,0,85,40,0,0,24,0,0,0,0,0,0,0,0,0,0,0,0,0,0,0,0,0,0,0,0,0,0,0,0,0,0,0,0,0,0,0,0,0,0,0,0,0
NES703,SHYAM HARDWARE STORES,120,60,120,120,120,0,110,115,0,0,120,100,0,0,80,80,0,0,100,60,0,0,120,95,0,0,88,100,0,0,100,80,0,0,160,85,0,0,140,80,0,0,160,120,0,0,160,170
NEN229,NAHAKPAM FOOD & BEVERAGES,0,0,0,0,0,0,0,0,0,0,0,0,0,0,0,0,0,0,0,0,0,0,0,0,0,0,0,0,0,0,0,0,0,0,0,0,0,0,0,0,0,0,0,0,0,0,0,0
NEM414,MAHESH STORE,250,215,275,303.5,230,69.5,320,215,0,0,200,201,0,0,220,222.5,0,0,230,239,0,0,250,162,0,0,200,215.5,0,0,250,157,0,0,250,249.5,0,0,260,157,0,0,250,261.5,0,0,275,263
NEA434,ASHA HARDWARE,100,100.5,100,119,90,25,120,101,0,0,100,111.5,0,0,100,125,0,0,120,100,0,0,120,87.5,0,0,100,105,0,0,120,79.5,0,0,100,95,0,0,120,82.5,0,0,120,70.5,0,0,120,134.5
NEA433,AFSANA HARDWARE,150,349.5,100,125,120,116.5,120,101.5,0,0,100,75,0,0,60,137.5,0,0,120,71.5,0,0,120,86.5,0,0,100,114.5,0,0,100,125.5,0,0,100,112.5,0,0,120,172,0,0,140,212.5,0,0,200,246.5
NEJ183,J.H.ENTERPRISE,400,415.5,100,247,385,129.5,200,150,0,0,80,142.5,0,0,110,233,0,0,200,168.5,0,0,0,129,0,0,125,168,0,0,160,130,0,0,150,194.5,0,0,150,286,0,0,200,372,0,0,400,500
NEB355,BGENTERPRISE,0,0,0,0,0,0,0,0,0,0,0,0,0,0,0,0,0,0,0,0,0,0,0,0,0,0,0,0,0,0,0,0,0,0,0,0,0,0,0,0,0,0,0,0,0,0,0,0
NEA430,ANISUR ZAMAN,100,39,140,66,80,0,500,99,0,0,115.5,46,0,0,67.2,65,0,0,100,52,0,0,140,26,0,0,80,52,0,0,110,26,0,0,140,39,0,0,130,39,0,0,160,26,0,0,130,26
NEA432,A STAR STORE,90,91.75,70,88.2,80,34,60,73.6,0,0,80,80.25,0,0,80,95.5,0,0,90,82.1,0,0,95,62.5,0,0,76,35.5,0,0,80,46.5,0,0,100,86.75,0,0,100,94,0,0,110,82.5,0,0,130,57.55
NEA431,A M HARDWARE,50,20,27.5,45,50,0,40,40,0,0,22,15,0,0,20,15,0,0,22,20,0,0,22,10,0,0,27.5,0,0,0,31.5,0,0,0,35,30,0,0,42,20,0,0,50,15,0,0,60,25
NEO040,OMSHREEVISHNUHARDWARE,0,0,30,0,0,0,500,0,0,0,0,0,0,0,0,0,0,0,0,0,0,0,0,0,0,0,0,0,0,0,0,0,0,0,0,0,0,0,0,0,0,0,0,0,0,0,0,0
NEC136,CHHANGTE HARDWARE,19,20,0,0,18,0,0,19,0,0,20,0,0,0,20,0,0,0,20,19,0,0,20,0,0,0,20,19,0,0,19,19,0,0,0,0,0,0,20,20,0,0,19,0,0,0,18,0
NEA438,A.K.ENTERPRISE,25,50,75,50,25,0,50,0,0,0,50,50,0,0,50,25,0,0,50,25,0,0,250,0,0,0,325,46,0,0,50,0,0,0,25,25,0,0,50,20,0,0,50,25,0,0,50,25
NER306,RANI ENTERPRISES,25,0,60,25,30,0,70,0,0,0,110,0,0,0,0,0,0,0,65,50,0,0,0,0,0,0,50,39,0,0,50,0,0,0,25,0,0,0,30,25,0,0,80,25,0,0,20,0
NES710,SAWANG TRADERS,190,115,130,160,170,52.5,130,165,0,0,160,95,0,0,120,170,0,0,200,120,0,0,150,145,0,0,160,215,0,0,170,120,0,0,170,135,0,0,185,120,0,0,210,220,0,0,270,357.5
NER307,ROUF&SONS,0,0,0,0,0,0,0,0,0,0,0,0,0,0,0,0,0,0,0,0,0,0,0,0,0,0,0,0,0,0,0,0,0,0,0,0,0,0,0,0,0,0,0,0,0,0,0,0
WBT074,THAKUR TRADERS,40,24,60,30,24,0,54,41,0,0,50,12,0,0,50,50,0,0,56,0,0,0,0,0,0,0,0,12,0,0,51,15,0,0,51,41,0,0,51,53,0,0,51,2.5,0,0,51,12
NEH153,HANUMAN HARDWARE,0,0,20,0,0,0,0,0,0,0,0,0,0,0,0,0,0,0,0,0,0,0,0,0,0,0,0,0,0,0,0,0,0,0,0,0,0,0,0,0,0,0,0,0,0,0,0,0
NEM415,MANYATAINDUSTRIALCORPORATION,0,0,35,0,0,0,0,0,0,0,20,0,0,0,20,0,0,0,0,0,0,0,0,0,0,0,0,0,0,0,0,0,0,0,0,0,0,0,0,0,0,0,0,0,0,0,0,0
NED237,DEB TRADERS,20,7.5,25,2.5,25,0,30,10,0,0,35,14.25,0,0,30,0,0,0,30,0,0,0,35,0,0,0,20,10,0,0,20,0,0,0,20,5,0,0,20,5,0,0,20,0,0,0,20,3
BHA099,AGM TRADERS,325,330,250,315,300,90,250,500,0,0,200,404,0,0,225,275,0,0,250,260,0,0,110,205,0,0,250,254,0,0,175,176,0,0,260,323,0,0,250,253,0,0,300,305,0,0,250,327
BHM153,MFKBUILDING&COATINGSERVICESPRIVATELIMITED,0,0,50,0,0,0,0,0,0,0,0,0,0,0,0,0,0,0,0,0,0,0,0,0,0,0,0,0,0,0,0,0,0,0,0,0,0,0,0,0,0,0,0,0,0,0,0,0
WBN110,NEW H C B HARDWARE,30,51,100,18,30,5.5,50,21,0,0,50,0,0,0,0,0,0,0,0,0,0,0,0,0,0,0,0,0,0,0,0,0,0,0,0,0,0,0,50,12,0,0,50,9,0,0,50,30
NEK215,K.K.STEEL&HARDWARE,40,0,0,0,0,0,0,0,0,0,0,0,0,0,0,0,0,0,0,0,0,0,0,0,0,0,0,0,0,0,0,0,0,0,0,0,0,0,0,0,0,0,0,0,0,0,40,0
NEH154,HOPAK HARDWARE,0,0,200,0,0,0,0,0,0,0,0,0,0,0,0,0,0,0,0,0,0,0,0,0,0,0,0,0,0,0,0,0,0,0,0,0,0,0,0,0,0,0,0,0,0,0,0,0
NEG169,G.S.ENTERPRISE,0,0,0,0,0,0,0,0,0,0,0,0,0,0,0,0,0,0,0,0,0,0,0,0,0,0,0,0,0,0,0,0,0,0,0,0,0,0,0,0,0,0,0,0,0,0,0,0
NED238,DOLEY ENTERPRISE,240,240,201,200,260,40,190,200,0,0,190,240,0,0,135,255,0,0,200,220,0,0,220,185,0,0,214,229.5,0,0,220,195,0,0,240,275,0,0,250,220,0,0,280,360,0,0,340,360
NES709,SHRI ELECTRICALS & HARDWARES,20,18.5,40,10,20,5,40,4,0,0,50,0,0,0,50,0,0,0,20,0,0,0,30,10,0,0,50,6.5,0,0,20,25,0,0,10,18.5,0,0,10,5.5,0,0,20,45,0,0,50,26.5
NEA439,AMIR HUSSAIN LASKAR,150,106.95,88,110.6,125,36.25,80,82.5,0,0,70,84.5,0,0,110,193,0,0,137.5,117.75,0,0,126.5,132.25,0,0,137.5,121.2,0,0,157.5,150.1,0,0,125,154,0,0,192.5,175.5,0,0,190,126.5,0,0,175,119
NEM417,M.B.TRADING CO.,20,20,40,2.5,43,0,40,22.5,0,0,0,20,0,0,20,2.5,0,0,0,4,0,0,0,2.5,0,0,0,2.5,0,0,0,0,0,0,0,0,0,0,0,48,0,0,20,12.5,0,0,40,20
NEP284,PARISMITA ENTERPRISE,1200,1159.5,1250,771,1300,299.5,1500,1015,0,0,900,1023.7,0,0,1100,1071.5,0,0,1200,896.5,0,0,1200,730.5,0,0,1200,1092,0,0,1150,805.5,0,0,1050,975,0,0,1400,1139,0,0,1400,1438,0,0,1600,1511.5
NEP281,PABAN DAS,0,0,50,0,0,0,50,0,0,0,30,0,0,0,0,0,0,0,0,0,0,0,0,0,0,0,0,0,0,0,0,0,0,0,0,0,0,0,0,0,0,0,0,0,0,0,0,0
NEB310,BRAHMAPUTRAENTERPRISE,0,0,0,0,0,0,0,0,0,0,0,0,0,0,0,0,0,0,0,0,0,0,0,0,0,0,0,0,0,0,0,0,0,0,0,0,0,0,0,0,0,0,0,0,0,0,0,0
NER274,RORO POLYMERS,30,37.5,40,21.25,40,9,30,19.5,0,0,30,6.75,0,0,50,6.75,0,0,40,18,0,0,30,27,0,0,50,25.25,0,0,40,26.25,0,0,20,21.5,0,0,50,18,0,0,30,13.25,0,0,20,13.25
BHM154,MAA KALI TRADERS - RANIGANJ,0,0,30,0,0,0,100,0,0,0,0,0,0,0,0,0,0,0,0,0,0,0,0,0,0,0,0,0,0,0,0,0,0,0,50,0,0,0,30,0,0,0,0,0,0,0,0,0
NEA442,AIE CONSTRUCTION,100,229.45,70,80.75,130,24.1,50,124.9,0,0,50,52.85,0,0,100,81.75,0,0,60,100,0,0,70,101.5,0,0,120,117.5,0,0,100,54.5,0,0,80,109.25,0,0,100,172.25,0,0,100,150.5,0,0,100,211
NEZ024,"ZAMZO ENGINEERING, CONSTRUCTION AND",100,59,20,40,80,20,70,76,0,0,50,25,0,0,50,4,0,0,50,48.5,0,0,50,111.5,0,0,60,82,0,0,30,88,0,0,20,128,0,0,60,58,0,0,100,97,0,0,50,98
NEJ184,J.S.HARDWARE,75,85,20,0,80,25,40,0,0,0,0,0,0,0,0,0,0,0,0,0,0,0,0,12.5,0,0,26,10,0,0,39,15,0,0,40,30,0,0,60,55,0,0,60,69.5,0,0,70,65
WBB157,BIKALPENTERPRISES,0,0,100,0,0,0,50,0,0,0,50,0,0,0,0,0,0,0,0,0,0,0,0,0,0,0,0,0,0,0,0,0,0,0,0,0,0,0,0,0,0,0,0,0,0,0,0,0
NEB351,BHABAJYOTIENTERPRISE,0,0,0,0,0,0,0,0,0,0,0,0,0,0,0,0,0,0,0,0,0,0,0,0,0,0,0,0,0,0,0,0,0,0,0,0,0,0,0,0,0,0,0,0,0,0,0,0
NEK216,KAMAL HARDWARE,110,109,90,104,120,40,90,114,0,0,100,88,0,0,90,40,0,0,100,101.5,0,0,110,61.5,0,0,97,150,0,0,130,104,0,0,125,100,0,0,120,100,0,0,130,131,0,0,160,140
NET177,TAGGU ENTERPRISES,0,0,120,40,0,0,120,40,0,0,120,80,0,0,80,40,0,0,80,0,0,0,80,40,0,0,120,0,0,0,80,0,0,0,40,0,0,0,60,0,0,0,40,0,0,0,40,0
NER309,RUDRA STEEL & CONSTRUCTION COMPANY,100,55,50,72,55,27,50,0,0,0,20,13,0,0,30,33,0,0,24,20,0,0,20,30,0,0,20,96,0,0,36,21,0,0,36,34,0,0,44,94.5,0,0,66,62,0,0,77,69
NEN211,NEW LASKAR TRADER'S,0,0,22,20,0,0,20,0,0,0,22,21,0,0,20,2.5,0,0,22,0,0,0,0,0,0,0,0,0,0,0,21,0,0,0,25,0,0,0,0,5,0,0,15,0,0,0,0,0
WBM314,MAACHANDIHARDWARE,0,0,0,0,0,0,0,0,0,0,130,0,0,0,0,0,0,0,0,0,0,0,0,0,0,0,0,0,0,0,0,0,0,0,0,0,0,0,0,0,0,0,0,0,0,0,0,0
WBS345,SAHA & SONS - DALKHOLA,200,0,100,128.25,400,0,100,70,0,0,150,0,0,0,75,0,0,0,100,0,0,0,100,0,0,0,0,65,0,0,50,36,0,0,100,0,0,0,300,0,0,0,350,0,0,0,500,0
WBM315,MAHATOSUPPLIERS,0,0,0,0,0,0,0,0,0,0,0,0,0,0,0,0,0,0,0,0,0,0,0,0,0,0,0,0,0,0,0,0,0,0,0,0,0,0,0,0,0,0,0,0,0,0,0,0
WBR154,R.K.STEEL (NEW),1400,1572.05,1100,1273,1600,461,1150,1473,0,0,1000,1370.5,0,0,1000,1019.5,0,0,1000,1002.5,0,0,800,769.25,0,0,850,956.5,0,0,950,1115,0,0,900,1483.15,0,0,1600,1611.75,0,0,1600,2563.25,0,0,1600,2540.7
NEL124,L.L HARDWARE STORE,530,333,200,505,405,156,320,405,0,0,250,110,0,0,330,272,0,0,365,190.5,0,0,330,353.25,0,0,252,390,0,0,330,284.5,0,0,315,145,0,0,340,474.4,0,0,384,728.5,0,0,511.75,570
NER310,RANJAN GHOSH & ASSOCIATES,0,0,0,0,0,0,500,0,0,0,0,0,0,0,0,0,0,0,0,0,0,0,0,0,0,0,0,0,0,0,0,0,0,0,0,0,0,0,0,0,0,0,0,0,0,0,0,0
NEA443,ANANYA HARDWARE,50,26,30,26,10,0,500,24,0,0,49.5,13,0,0,22.4,0,0,0,0,0,0,0,0,0,0,0,0,0,0,0,0,0,0,0,0,0,0,0,0,0,0,0,0,0,0,0,40,23
NEM419,MAA CHARU HARDWARE,30,36.5,50,24.65,40,9.5,50,30.4,0,0,40,15.25,0,0,41,70.5,0,0,50,30,0,0,50,7.75,0,0,32,0,0,0,40,0,0,0,40,9,0,0,30,36,0,0,40,40.75,0,0,50,23.25
NES711,SAYAN STEEL,55,24,88,43,50,5.75,40,33,0,0,80,51.25,0,0,82.5,113.25,0,0,82.5,56.05,0,0,77,30.5,0,0,77,53.25,0,0,63,32.5,0,0,80,20,0,0,82.5,25.75,0,0,75,12.5,0,0,125,22.5
NED240,DURGA STORE,790,535,640,680,627,330,750,370,0,0,430,530,0,0,600,450,0,0,620,580,0,0,610,450,0,0,660,310,0,0,756,280,0,0,470,500,0,0,605,660,0,0,850.5,640,0,0,1100,1140
BHM155,MAA TARA ENTERPRISES - SONBARSA,50,80,50,60,50,60,50,90,0,0,50,60,0,0,50,85,0,0,50,85,0,0,50,75,0,0,50,50,0,0,50,50,0,0,50,50,0,0,50,50,0,0,50,50,0,0,50,75
NEG155,G.S. HARDWARE,100,33,30,80,10,13,500,53,0,0,60.5,40,0,0,44.8,40,0,0,100,10,0,0,80,20,0,0,40,43,0,0,70,20,0,0,100,13,0,0,60,39,0,0,110,13,0,0,40,33
NEL125,L SADI STORE,0,0,50,27,0,0,20,52,0,0,50,26,0,0,80,40,0,0,25,25,0,0,50,0,0,0,50,0,0,0,0,0,0,0,0,0,0,0,0,0,0,0,0,0,0,0,0,0
BHS251,SHAKTI TRADING,100,0,0,0,200,0,0,0,0,0,0,0,0,0,0,0,0,0,0,0,0,0,0,0,0,0,0,0,0,0,0,0,0,0,50,7.5,0,0,40,0,0,0,50,7,0,0,250,0
NEN224,NATIVE MERCANTILE VENTURE,0,0,0,0,0,0,0,0,0,0,0,0,0,0,0,0,0,0,0,0,0,0,0,0,0,0,0,0,0,0,0,0,0,0,0,0,0,0,0,0,0,0,0,0,0,0,0,0
NEA446,AAD HOME SOLUTION .,0,0,40,29,0,0,30,30,0,0,30,30.25,0,0,20,24.25,0,0,20,12,0,0,20,0,0,0,0,0,0,0,0,0,0,0,0,0,0,0,0,0,0,0,0,0,0,0,0,0
NED243,D.N.S. ENTERPRISES,20,0,20,0,20,0,30,0,0,0,0,0,0,0,50,0,0,0,0,26.5,0,0,50,22,0,0,30,10,0,0,35,5,0,0,30,0,0,0,20,0,0,0,20,0,0,0,20,0
NER314,RAJLAXMI FABRICATION AND HARDWARE,0,0,60,0,0,0,0,0,0,0,0,0,0,0,0,0,0,0,0,0,0,0,0,0,0,0,0,0,0,0,0,0,0,0,0,0,0,0,0,0,0,0,0,0,0,0,0,0
NEM421,MASUMA JANNATUL AKTAR,130,156,200,129.5,150,52.5,200,76.5,0,0,160,117,0,0,150,246,0,0,165,219,0,0,250,176.5,0,0,150,119,0,0,150,226,0,0,150,277.5,0,0,250,104,0,0,250,143,0,0,250,132.5
NEM425,MAHESHWARI ENTERPRISES .,100,26.5,120,120.5,100,14.75,150,154,0,0,160,66.5,0,0,100,105.75,0,0,100,103.5,0,0,100,66.75,0,0,108,80,0,0,100,54.25,0,0,100,117,0,0,110,90.25,0,0,120,120.75,0,0,150,122
NEC140,C & R ENTERPRISE,0,0,10,0,0,0,80,0,0,0,72,0,0,0,0,0,0,0,0,2.25,0,0,0,0,0,0,0,0,0,0,50,0,0,0,20,0,0,0,0,0,0,0,0,0,0,0,0,0
NEC138,CLASSIC TYRES,0,0,33,0,0,0,0,0,0,0,0,0,0,0,0,0,0,0,0,0,0,0,0,0,0,0,0,0,0,0,0,0,0,0,0,0,0,0,0,0,0,0,0,0,0,0,0,0
NEC139,CHOUDHURY TRADERS,135,110,55,75,100,20,50,43,0,0,40,10,0,0,55,15,0,0,22,18.5,0,0,49.5,34.5,0,0,55,95,0,0,105,45,0,0,110,51,0,0,162.75,25.5,0,0,200,30,0,0,85,101
NEM420,MON KAMONA HARDWARE .,50,65,100,74,50,0,130,90.5,0,0,80,77,0,0,75,26,0,0,100,39,0,0,60,39,0,0,35,78.5,0,0,100,65.5,0,0,100,52,0,0,50,26,0,0,50,52.5,0,0,50,78.5
WBR153,RAJASTHAN MARBELS AND HARDWARE,20,10,25,15,20,0,25,21,0,0,25,35,0,0,25,30,0,0,25,30,0,0,25,20,0,0,20,11,0,0,25,0,0,0,25,20,0,0,20,10,0,0,30,20,0,0,20,10
NEZ025,Z ENTERPRISES,680,629,785,595,485,140,730,485,0,0,550,772,0,0,670,880,0,0,645,770,0,0,915,869.4,0,0,0,649.95,0,0,650,700,0,0,860,1003.2,0,0,655,679.2,0,0,1110,1307.9,0,0,1350,1344.55
NEL122,L.K.KHRO STORE,0,0,35,20,20,0,35,20,0,0,35,0,0,0,35,0,0,0,0,0,0,0,0,0,0,0,0,0,0,0,0,0,0,0,0,0,0,0,0,0,0,0,0,0,0,0,0,0
NEP285,PRIYA HARDWARE,25,0,25,50,25,0,50,25,0,0,25,50,0,0,50,25,0,0,25,50,0,0,50,0,0,0,50,25,0,0,25,25,0,0,25,50,0,0,25,25,0,0,25,25,0,0,25,24.5
NEB361,BHAI BHAI ENTERPRISE(BARPETA),0,0,50,0,0,0,40,0,0,0,0,0,0,0,0,0,0,0,0,0,0,0,0,0,0,0,0,0,0,0,0,0,0,0,0,0,0,0,0,0,0,0,0,0,0,0,0,0
BHS254,SARVAR ALAM,0,0,60,0,0,0,60,0,0,0,90,0,0,0,0,0,0,0,0,0,0,0,0,0,0,0,0,0,0,0,0,0,0,0,0,0,0,0,0,0,0,0,0,0,0,0,0,0
BHS253,SAH TRADERS - SIKTY,150,70,100,125,100,30,90,90,0,0,100,90,0,0,90,50,0,0,100,55,0,0,50,60,0,0,75,25,0,0,30,30,0,0,110,60,0,0,100,100,0,0,125,130,0,0,100,100
NEM424,M M ENTERPRISES,100,108,60,142.5,120,65,60,159,0,0,50,134,0,0,70,152,0,0,80,126,0,0,80,95,0,0,60,156,0,0,60,151,0,0,75,216.5,0,0,200,176,0,0,130,199.5,0,0,120,214
NED244,DIVYAM ENTERPRISE,30,0,0,20.5,35,0,0,35,0,0,40,30,0,0,40,35,0,0,40,0,0,0,40,15,0,0,50,15,0,0,50,0,0,0,50,35,0,0,60,0,0,0,40,20,0,0,60,40
NES714,SADHAN ENTERPRISE,50,3,30,35,40,0,30,37.5,0,0,30,10,0,0,30,35,0,0,35,0,0,0,50,7.5,0,0,30,25.5,0,0,50,10,0,0,50,21.3,0,0,40,25,0,0,40,20,0,0,40,40
BHR102,RAJA HARDWARES AND SUPPLIERS,200,505.25,120,109,200,161.75,150,100,0,0,150,110,0,0,140,91.5,0,0,150,60,0,0,100,88,0,0,150,155,0,0,75,95,0,0,120,230,0,0,200,347.5,0,0,250,639,0,0,200,748.5
NER316,RUDRA HARDWARE,45,24,0,0,100,24,0,0,0,0,0,0,0,0,0,0,0,0,0,0,0,0,0,0,0,0,0,0,0,0,0,0,0,0,100,0,0,0,25,0,0,0,25,0,0,0,25,24
BHM156,MODERN HARDWARE,600,585,550,610,600,275,600,760,0,0,530,380,0,0,440,525,0,0,510,497.7,0,0,375,355,0,0,400,375,0,0,385,450,0,0,500,505,0,0,500,512,0,0,500,925,0,0,600,731.5
NEH155,H.P. TRADERS,45,5,33,0,25,0,20,7.5,0,0,35,20,0,0,44,15,0,0,38.5,32.5,0,0,44,12.5,0,0,44,10,0,0,42,2.5,0,0,50,10,0,0,77,2.5,0,0,50,7.5,0,0,75,5
NER317,RK TRADERS,270,118,200,283,260,35,215,243,0,0,300,219,0,0,360,361,0,0,365,272.5,0,0,300,214,0,0,349.5,176,0,0,230,185,0,0,305,310,0,0,380,50,0,0,456,107,0,0,422.25,274.6
NEB363,BAJRANG HARDWARE,150,100,100,129,200,60,300,140,0,0,187,80,0,0,84,40,0,0,60,70,0,0,100,70,0,0,80,84,0,0,150,80,0,0,100,125,0,0,110,133,0,0,130,160,0,0,220,140
NEM428,MMR HARDWARE STORE,100,10,70,207.5,100,0,500,168,0,0,176,104,0,0,145.6,57,0,0,120,62,0,0,150,33,0,0,100,23.5,0,0,150,26,0,0,70,24,0,0,160,13,0,0,160,0,0,0,250,0
NEM427,MAA ENTERPRISE,0,0,0,0,0,0,0,0,0,0,0,0,0,0,0,0,0,0,0,0,0,0,0,0,0,0,0,0,0,0,0,0,0,0,0,0,0,0,0,0,0,0,0,0,0,0,0,0
NEG170,GEETA TRADERS,0,0,0,0,0,0,0,0,0,0,0,0,0,0,0,0,0,0,0,0,0,0,0,0,0,0,0,0,0,0,0,0,0,0,0,0,0,0,0,0,0,0,0,0,0,0,0,0
BHS255,SUMAN KRISHI KENDRA AND CEMENT AGEN,50,25,25,25,50,30,30,75,0,0,25,75,0,0,50,50,0,0,50,25,0,0,25,0,0,0,30,25,0,0,30,50,0,0,50,50,0,0,50,50,0,0,50,25,0,0,60,75
NEM423,MAA LAXMI COLOUR AND HARDWARE,0,0,0,0,0,0,0,0,0,0,0,0,0,0,0,0,0,0,0,0,0,0,0,0,0,0,0,0,0,0,0,0,0,0,0,0,0,0,0,0,0,0,0,0,0,0,0,0
BHJ060,JAY MAA TRADERS,25,25,25,25,25,0,20,25,0,0,25,40,0,0,25,20,0,0,50,0,0,0,25,25,0,0,30,0,0,0,25,25,0,0,25,25,0,0,25,25,0,0,50,25,0,0,50,40
BHS250,SHREE GANESH TRADERS - NAUHATTA,25,0,0,0,25,0,25,0,0,0,0,0,0,0,0,0,0,0,0,0,0,0,0,0,0,0,0,0,0,0,0,0,0,0,0,0,0,0,75,25,0,0,25,0,0,0,25,25
NES719,SHREE SHYAM TRADERS,0,0,0,0,0,0,0,0,0,0,0,0,0,0,0,0,0,0,0,0,0,0,0,0,0,0,0,0,0,0,0,0,0,0,0,0,0,0,0,0,0,0,0,0,0,0,0,0
NES718,SAIKIA STORES,0,0,80,0,0,0,0,0,0,0,0,0,0,0,0,0,0,0,0,0,0,0,0,0,0,0,0,0,0,0,0,0,0,0,0,0,0,0,0,0,0,0,0,0,0,0,0,0
NEM429,MAA KAMAKHYA HARDWARE,325,215,275,160,200,30,340,140,0,0,40,105,0,0,160,160,0,0,230,90,0,0,185,80,0,0,190,135,0,0,260,105,0,0,195,235,0,0,280,90,0,0,300,170,0,0,290,160
NEH156,HARA GOURI IRON STORES,80,17.5,150,65,80,0,100,77.5,0,0,75,25.5,0,0,80,0,0,0,50,37.5,0,0,80,5,0,0,75,30,0,0,100,53,0,0,90,41,0,0,90,47.5,0,0,90,41,0,0,90,22.5
NEN29,N.W. ENTERPRISE,300,361.2,150,202.5,400,212,120,345.25,0,0,200,305.5,0,0,200,302.5,0,0,180,290,0,0,200,300.75,0,0,200,322.5,0,0,250,308.25,0,0,300,349.25,0,0,350,401.25,0,0,550,709.5,0,0,700,816
NEO042,"OM HARDWARE, TILES & SANITARY",90,0,80,0,0,0,25,20,0,0,40,20,0,0,60,0,0,0,20,0,0,0,40,0,0,0,10,0,0,0,20,0,0,0,40,0,0,0,40,0,0,0,63,0,0,0,20,0
NEP287,P.K.IRON STORES,60,31,50,20,60,11,30,16,0,0,30,33.5,0,0,40,60.5,0,0,50,41,0,0,50,25,0,0,40,100,0,0,50,50,0,0,50,50.5,0,0,50,53,0,0,50,97,0,0,120,73
NEM430,MAHANTA AND CO. HARDWARE,50,26,100,38.5,55,26,80,26,0,0,50,26,0,0,25,38,0,0,62.5,25.5,0,0,26,0,0,0,26,64.5,0,0,165,37.5,0,0,74,51,0,0,35,46,0,0,70,72,0,0,75,52
NEB365,BALAJI HARDWER AND KRISHI BHANDAR,80,20,30,65,60,0,500,40,0,0,49.5,20,0,0,44.8,20,0,0,30,42,0,0,80,20,0,0,40,20,0,0,50,33,0,0,90,33,0,0,40,17,0,0,80,60,0,0,40,55
NED247,D.R. ENTERPRISE,0,0,0,0,0,0,13,0,0,0,0,0,0,0,0,0,0,0,0,0,0,0,0,0,0,0,0,0,0,0,0,0,0,0,0,0,0,0,0,0,0,0,0,0,0,0,0,0
BHA101,AKBAR TRADERS,50,58,60,25,100,25,50,25,0,0,55,55,0,0,60,0,0,0,50,25,0,0,50,33,0,0,50,0,0,0,25,25,0,0,25,25,0,0,50,52,0,0,50,0,0,0,25,50
NEA447,ACHOOM ENTERPRISE,0,0,200,0,0,0,40,0,0,0,0,0,0,0,0,0,0,0,0,0,0,0,0,0,0,0,0,0,0,0,0,0,0,0,0,0,0,0,40,0,0,0,0,0,0,0,0,0
NEN32,NEW MINA HARDWARE,40,0,50,0,0,0,40,20,0,0,40,0,0,0,40,0,0,0,80,10,0,0,20,0,0,0,50,10,0,0,0,26,0,0,40,10,0,0,0,0,0,0,40,0,0,0,90,0
NEA448,ABDIN HARDWARE,50,145,55,72,75,37.5,60,49.5,0,0,50,37.5,0,0,35,63,0,0,50,38,0,0,50,50,0,0,50,75,0,0,60,51,0,0,60,37,0,0,60,88.5,0,0,75,84.5,0,0,90,90.5
NEM432,MAA HARDWARE,48,138,30,37,50,24.5,50,24.5,0,0,25,37.5,0,0,25,25,0,0,38,37.5,0,0,38,12.5,0,0,25,25,0,0,25,12.5,0,0,25,25,0,0,25,50,0,0,50,100,0,0,87,75
NEF027,FMR AGRO INDUSTRIES PRIVATE LIMITED,0,0,0,0,0,0,0,0,0,0,0,0,0,0,0,0,0,0,0,0,0,0,0,0,0,0,0,0,0,0,0,0,0,0,0,0,0,0,0,0,0,0,0,0,0,0,0,0
NEZ026,ZAMAN STORES,40,75,50,35,25,0,50,0,0,0,35,0,0,0,90,0,0,0,50,0,0,0,25,0,0,0,0,30,0,0,50,50,0,0,50,50,0,0,50,50,0,0,0,65,0,0,0,80
NES722,SHAHIN AMEEN,35,0,75,35,35,0,80,55,0,0,50,50,0,0,25,50,0,0,50,50,0,0,100,25,0,0,50,50,0,0,75,75,0,0,70,0,0,0,90,25,0,0,80,30,0,0,100,0
NEB368,BISHWANATH TRADERS,50,40,30,0,30,0,40,0,0,0,20,30,0,0,70,50,0,0,95,35,0,0,60,31,0,0,45,30,0,0,80,12.5,0,0,45,45,0,0,70,15,0,0,70,20,0,0,50,30
NEM433,MAA HARDWARE,220,80,155,155,155,40,160,170,0,0,65,115,0,0,125,150,0,0,160,120,0,0,145,30,0,0,165,65,0,0,150,110,0,0,135,85,0,0,215,95,0,0,185,200,0,0,200,60
NEM435,M.B. ENTERPRISE,80,65,40,55,60,27.5,40,50,0,0,80,62.5,0,0,65,65,0,0,50,50,0,0,60,55,0,0,65,65,0,0,70,75,0,0,80,103.75,0,0,110,55,0,0,100,95,0,0,130,157.5
NES727,SHANTI SUPPLY .,160,200,120,115,160,0,80,120,0,0,100,80,0,0,60,120,0,0,110,120,0,0,140,100,0,0,97,140,0,0,120,120,0,0,130,160,0,0,140,160,0,0,200,200,0,0,240,232
NED248,D.S. ENTERPRISE,0,0,0,20,0,0,0,0,0,0,30,0,0,0,20,0,0,0,20,0,0,0,0,0,0,0,0,0,0,0,20,0,0,0,20,14.95,0,0,20,0,0,0,30,0,0,0,40,0
NEB366,BALAJI TRADE & SUPPLY,0,0,40,0,0,0,0,0,0,0,40,0,0,0,20,0,0,0,20,0,0,0,0,0,0,0,0,0,0,0,50,0,0,0,50,0,0,0,70,15,0,0,50,0,0,0,50,0
NES726,SAILOLIANA ENTERPRISE,20,11.25,20,22,20,4,22,31,0,0,20,6.75,0,0,20,9.25,0,0,20,29,0,0,20,14,0,0,20,15.75,0,0,20,13.5,0,0,10,15.75,0,0,10,13.5,0,0,20,11.25,0,0,15,6.75
NES728,SRI NARAYAN CHANDRA SAHA & SONS .,35,62.5,25,24.5,25,0,50,25.5,0,0,50,25,0,0,50,53,0,0,39,32.5,0,0,50,0,0,0,25,65.5,0,0,63,0,0,0,25,25.5,0,0,37,25.5,0,0,38,13,0,0,52.5,33
NEH157,HARSH ENTERPRISE,150,210,80,125,132,52,100,112.5,0,0,100,120.75,0,0,110,169,0,0,120,144.5,0,0,100,150.75,0,0,100,200,0,0,144,252,0,0,144,120,0,0,154,81,0,0,132,234,0,0,132,216.75
NEA452,AJAY TRADERS,1115,461.65,620,571.9,860,156.5,768,645.5,0,0,630,603,0,0,720,759.9,0,0,735,628.2,0,0,700,484.75,0,0,535,628.5,0,0,1020,796.5,0,0,1095,889,0,0,770,737.3,0,0,850,688.75,0,0,1115,892.6
NEG173,GOLAP HARDWARE,0,0,0,0,0,0,13,0,0,0,0,0,0,0,0,0,0,0,0,0,0,0,0,0,0,0,13,0,0,0,0,0,0,0,0,0,0,0,0,0,0,0,0,0,0,0,0,0
WBP093,PRASANTA KUMAR PAUL,0,0,0,0,0,0,0,0,0,0,0,0,0,0,0,0,0,0,0,0,0,0,0,0,0,0,0,0,0,0,0,0,0,0,0,0,0,0,0,0,0,0,0,0,0,0,0,0
WBM316,MD FIROJ ALI,150,236.75,40,128.9,125,72.95,50,123.85,0,0,50,86,0,0,100,63.25,0,0,80,55,0,0,100,104,0,0,75,90,0,0,100,24.95,0,0,70,37,0,0,50,64.5,0,0,75,114.5,0,0,100,328.15
NEG171,GANISHKA ENTERPRISE,0,0,0,0,0,0,0,0,0,0,0,0,0,0,0,0,0,0,0,0,0,0,0,0,0,0,0,0,0,0,0,0,0,0,0,0,0,0,0,0,0,0,0,0,0,0,0,0
NES730,SHYAMANTAMONI HARDWARE STORES,100,40,50,80,60,20,35,50,0,0,80,60,0,0,50,70,0,0,40,47.5,0,0,60,23.5,0,0,55,60,0,0,70,70,0,0,90,70,0,0,100,60,0,0,80,75,0,0,100,90
NEN31,NY ENTERPRISES,300,0,1500,665,587,35,900,587,0,0,600,606.5,0,0,650,417.35,0,0,550,582.1,0,0,700,350,0,0,0,733,0,0,500,671.5,0,0,530,745,0,0,650,687.15,0,0,700,415.25,0,0,550,108.3
NES729,SABNUR HARDWARE,100,111,50,62.5,100,33,500,43,0,0,66,72,0,0,56,66,0,0,90,33,0,0,100,38,0,0,60,53,0,0,100,13,0,0,70,83,0,0,110,78,0,0,120,113,0,0,30,84
NES725,SRI. RAPBORLANG MAWTHOH,0,0,0,0,0,0,0,0,0,0,0,0,0,0,0,0,0,0,0,0,0,0,0,0,0,0,0,0,0,0,0,0,0,0,0,0,0,0,0,0,0,0,0,0,0,0,0,0
NES731,SOMAYA HARDWARE,150,106.5,100,143,110,20.5,100,105.5,0,0,100,48.5,0,0,90,93.5,0,0,110,110.75,0,0,150,106.5,0,0,146,141.5,0,0,125,86.5,0,0,90,73,0,0,110,94,0,0,130,172,0,0,150,79.5
NEK218,KRISHNA HARDWARE,100,40,50,90,60,0,45,50,0,0,80,75,0,0,60,50,0,0,60,40,0,0,60,0,0,0,55,50,0,0,60,70,0,0,80,60,0,0,90,75,0,0,80,70,0,0,100,67.5
NEN30,NEW SUMAN ENTERPRISE,240,65,60,200,160,0,500,135,0,0,176,150,0,0,123.2,160,0,0,200,100,0,0,160,120,0,0,120,70,0,0,180,100,0,0,130,60,0,0,160,20,0,0,180,80,0,0,250,20
NEL131,L.R.R ENTERPRISE,80,80,150,160,120,40,120,160,0,0,120,200,0,0,160,160,0,0,200,160,0,0,160,160,0,0,120,120,0,0,160,160,0,0,160,80,0,0,120,40,0,0,80,80,0,0,120,40
NER323,RANUP BODO,100,40,136,60,60,40,80,20,0,0,44,10,0,0,83.44,20,0,0,60,20,0,0,40,30,0,0,0,60,0,0,100,40,0,0,120,40,0,0,60,60,0,0,90,60,0,0,100,20
NEB369,BHAI BHAI HARDWARE,0,0,60,0,0,0,60,0,0,0,75,0,0,0,25,0,0,0,50,0,0,0,0,0,0,0,0,0,0,0,0,0,0,0,0,0,0,0,0,0,0,0,0,0,0,0,0,0
NEA450,ASOMI ENTERPRISE,30,40,50,20,33,10,50,14,0,0,50,30,0,0,31,50,0,0,60,40,0,0,50,20,0,0,50,20,0,0,35,25,0,0,40,47,0,0,45,30,0,0,40,40,0,0,50,30
NEJ187,J.K ENTERPRISES,120,20,100,110,150,70,100,100,0,0,140,45,0,0,120,130,0,0,180,100,0,0,160,60,0,0,160,130,0,0,200,20,0,0,200,50,0,0,170,150,0,0,170,109.3,0,0,250,100
NEM438,MISHING LAND FOUNDATION,80,20,80,40,50,0,40,0,0,0,40,40,0,0,40,0,0,0,60,0,0,0,0,0,0,0,0,0,0,0,0,0,0,0,40,30,0,0,30,40,0,0,40,0,0,0,30,20
NES732,SHIVAA ENTERPRISES,40,0,40,40,30,0,40,40,0,0,40,50,0,0,40,40,0,0,60,20,0,0,40,30,0,0,50,0,0,0,70,0,0,0,40,0,0,0,40,0,0,0,40,10,0,0,40,0
NEK220,KYONG ENTERPRISES,1280,1398.35,1250,1270,1500,850,1300,1500,0,0,1095,1163,0,0,1300,1030,0,0,1070,1056.7,0,0,1340,564.9,0,0,0,1165.35,0,0,1250,2087.2,0,0,1385,1631.5,0,0,1400,1935,0,0,1550,2517.25,0,0,2150,2470
WBM317,MD ASHIF ALI,20,0,25,35,20,0,25,40,0,0,25,10,0,0,25,20,0,0,25,10,0,0,20,0,0,0,0,0,0,0,15,12,0,0,25,8,0,0,10,10,0,0,25,0,0,0,25,0
BHS256,SHRI VISHWAKARMA TRADERS - HASANPUR,45,55,50,30,50,25,50,30,0,0,30,25,0,0,30,15,0,0,50,40,0,0,25,25,0,0,50,25,0,0,50,30,0,0,30,30,0,0,30,55,0,0,50,25,0,0,50,25
NED250,DHANESHWARI STEEL,0,0,55,0,60,0,110,53,0,0,50,0,0,0,115,25,0,0,105,25,0,0,100,30,0,0,63,0,0,0,55,82,0,0,55,50,0,0,60,0,0,0,138,0,0,0,0,0
NEA456,AFSANA HARDWARE (SILBORI),25,12.5,15,49.5,12.5,0,50,12.5,0,0,20,32,0,0,25,0,0,0,25,0,0,0,20,25,0,0,25,13,0,0,25,12.5,0,0,25,12.5,0,0,25,0,0,0,25,12.5,0,0,38,12.5
NEK221,KSHIRODA HARDWARE,40,0,20,12.5,40,10,20,11,0,0,25,12.5,0,0,30,10,0,0,30,10,0,0,20,21,0,0,20,10,0,0,20,12.5,0,0,40,22.5,0,0,40,10,0,0,40,24.5,0,0,0,25
WBN111,NUR ENTERPRISE - SAMASPUR,200,0,70,55,0,0,75,19,0,0,70,21.5,0,0,50,0,0,0,50,19,0,0,20,20,0,0,20,0,0,0,20,0,0,0,25,0,0,0,100,0,0,0,300,0,0,0,0,0
BHK065,KUSHWAHA ENTERPRISES,20,0,0,0,20,0,0,0,0,0,0,0,0,0,0,0,0,0,50,0,0,0,0,0,0,0,0,0,0,0,0,0,0,0,0,0,0,0,25,0,0,0,25,10,0,0,50,0
NEV063,VAISHNAVI IRON & STEELS .,40,30.5,20,5,22,8,20,7,0,0,20,0,0,0,20,0,0,0,0,0,0,0,0,0,0,0,0,22,0,0,24,38.5,0,0,24,23.5,0,0,33,30.5,0,0,33,36.5,0,0,44,1
NEP290,PAUL HARDWARE,65,28,55,39,60,4,60,38,0,0,50,24,0,0,50,0,0,0,40,27.5,0,0,50,10,0,0,40,60.5,0,0,60,39.25,0,0,60,27.5,0,0,60,56.5,0,0,60,75,0,0,60,80
NET195,TIGER STEEL AND HARDWARE,265,70,170,190,135,35,195,195,0,0,160,125,0,0,145,160,0,0,150,185,0,0,125,130,0,0,150,135,0,0,140,165,0,0,145,155,0,0,220,65,0,0,200,125,0,0,265,85
WBR155,RADHA TRADERS,0,0,325,230,0,0,245,242,0,0,175,171,0,0,200,163,0,0,200,74,0,0,130,37,0,0,100,124,0,0,130,0,0,0,0,0,0,0,0,0,0,0,0,0,0,0,0,0
WBM318,MITTAL ENTERPRISES,0,0,0,84.25,0,0,50,0,0,0,0,0,0,0,0,0,0,0,0,0,0,0,0,0,0,0,0,0,0,0,0,0,0,0,0,0,0,0,0,0,0,0,0,0,0,0,0,0
WBR156,REZA HARDWARE,70,140,100,146.95,80,70,125,159.95,0,0,100,90,0,0,75,50,0,0,60,127.5,0,0,70,70,0,0,100,70,0,0,70,30,0,0,50,30,0,0,50,0,0,0,30,60,0,0,50,60
BHN048,NIRAJ KUMAR SINGH,0,0,0,0,0,0,0,0,0,0,0,0,0,0,0,0,0,0,200,0,0,0,0,0,0,0,0,0,0,0,0,0,0,0,0,0,0,0,0,0,0,0,0,0,0,0,50,0
NES736,SNOWDROP HARDWARE,23,26,0,23,23,26,100,23,0,0,25,69,0,0,50,46,0,0,75,46,0,0,40,33.5,0,0,40,67,0,0,70,42,0,0,100,21,0,0,50,44,0,0,50,50,0,0,50,70
NEM440,MASUM HARDWARE,200,51,250,250,100,45,250,254.75,0,0,200,204,0,0,200,150,0,0,150,150,0,0,200,160,0,0,340,100,0,0,150,150,0,0,200,205,0,0,200,200,0,0,200,205,0,0,200,150
WBS347,SANYAL TRADERS,0,0,20,6,0,0,20,5,0,0,20,5,0,0,20,0,0,0,50,0,0,0,20,0,0,0,50,0,0,0,0,0,0,0,50,0,0,0,30,0,0,0,50,0,0,0,0,0
BHJ061,JAISWAL HARDWARE - BELHAR,25,25,50,25,25,0,55,0,0,0,25,25,0,0,25,25,0,0,50,0,0,0,25,25,0,0,30,25,0,0,25,25,0,0,25,25,0,0,25,25,0,0,25,25,0,0,60,50
BHG049,GITA TRADERS - SUPAUL,25,25,25,0,25,0,25,40,0,0,25,0,0,0,25,0,0,0,100,25,0,0,50,25,0,0,50,0,0,0,25,0,0,0,50,0,0,0,75,25,0,0,25,25,0,0,25,25
NEM434,MJ ENTERPRISE,20,0,100,0,40,0,0,0,0,0,0,0,0,0,0,0,0,0,0,0,0,0,0,0,0,0,0,35,0,0,40,20,0,0,80,20,0,0,80,10,0,0,0,10,0,0,30,20
NEJ189,JALAL HARDWARE,50,20,60,53,60,0,500,60,0,0,66,13,0,0,39.2,40,0,0,40,20,0,0,80,20,0,0,53,20,0,0,80,20,0,0,100,20,0,0,60,33,0,0,90,20,0,0,90,20
NEF028,FARUQUE HARDWARE,50,40,36,13,50,20,500,13,0,0,33,13,0,0,39.2,13,0,0,40,0,0,0,60,0,0,0,26,13,0,0,50,13,0,0,80,20,0,0,40,38,0,0,80,33,0,0,80,20
NES734,S K HARDWARE STORE,0,0,25,24,0,0,25,25,0,0,25,0,0,0,0,0,0,0,25,0,0,0,25,0,0,0,25,0,0,0,0,0,0,0,0,0,0,0,0,0,0,0,0,0,0,0,25,0
NER326,R.H.ENTERPRISE,60,13,45.5,49,55,25.5,67,37.5,0,0,49,38.5,0,0,54,52,0,0,52,26,0,0,65,26,0,0,50,38.5,0,0,50,37.5,0,0,70,36.5,0,0,70,25,0,0,60,26,0,0,70,37.5
NEA457,ATLAS BUILDERS AND ARCHITECT,75,19,50,102.7,70,5,70,70,0,0,50,9.5,0,0,50,64.5,0,0,60,68.5,0,0,80,21.5,0,0,60,38.5,0,0,70,47.5,0,0,90,29,0,0,60,40.25,0,0,70,25.75,0,0,70,60.25
NEN35,N.I.HARDWARE,50,74,40,20,50,26,40,25,0,0,40,33,0,0,40,0,0,0,20,58,0,0,50,2.5,0,0,50,63,0,0,56,62,0,0,20,62,0,0,50,133,0,0,50,60,0,0,50,140
WBA161,ANJANI ENTERPRISES LIMITED ASHOK KUMAR AGARWALA SUNIL KUMAR AGARWAL,50,0,50,6,50,0,55,3,0,0,50,3,0,0,50,6,0,0,50,6.5,0,0,50,15.5,0,0,50,0,0,0,50,14.75,0,0,50,8.25,0,0,50,3,0,0,50,3,0,0,50,9
WBA162,AMAR CLEARING ASSOCIATES,0,0,200,0,0,0,0,0,0,0,0,0,0,0,0,0,0,0,0,0,0,0,0,0,0,0,0,0,0,0,0,0,0,0,0,0,0,0,0,0,0,0,0,0,0,0,0,0
NEJ188,J.R. HOSES .,30,10,20,3.9,40,0,20,15.75,0,0,20,25,0,0,30,0,0,0,50,13.5,0,0,30,0,0,0,30,60,0,0,50,21.5,0,0,30,0,0,0,50,1.5,0,0,100,0,0,0,60,0
NEP291,PEDONG NANE ENTERPRISES,0,0,120,0,0,0,70,0,0,0,0,0,0,0,0,0,0,0,0,0,0,0,0,0,0,0,0,0,0,0,0,0,0,0,0,0,0,0,96.9,0,0,0,0,0,0,0,0,0
WBA163,ANKIT HARDWARE,120,92,155,103,150,12,150,73,0,0,100,133,0,0,140,123,0,0,150,72,0,0,110,45,0,0,130,60,0,0,130,96,0,0,125,138,0,0,125,128,0,0,340,90,0,0,200,185
NEM441,M/S DARANG,300,329,240,250,301,100,260,390,0,0,220,228.05,0,0,220,283,0,0,300,305,0,0,300,380,0,0,310,320,0,0,350,506,0,0,340,446,0,0,422.5,423,0,0,400,407.35,0,0,500,540.9
NES738,SWASTY & CO.,60,40,60,40,55,0,70,40,0,0,40,0,0,0,40,40,0,0,60,40,0,0,40,0,0,0,40,0,0,0,48,0,0,0,40,0,0,0,22,60,0,0,44,60,0,0,22,40
NEA459,AMIN TRADERS,37,108.5,25,37.5,50,45.5,50,25.5,0,0,25,37.5,0,0,25,62.5,0,0,50,50,0,0,38,25.5,0,0,26,37.5,0,0,37,26,0,0,25,57,0,0,50,62.5,0,0,50,63,0,0,60,49.5
BHS258,SIDDIQUEE ENTERPRISES,0,0,50,30.5,0,0,60,104.5,0,0,70,33,0,0,50,34,0,0,40,23.75,0,0,25,0,0,0,0,0,0,0,0,0,0,0,0,0,0,0,0,0,0,0,0,0,0,0,0,0
NES737,SANDIP KUMAR NIMODIA,0,0,110,92.5,0,0,110,0,0,0,40,0,0,0,0,0,0,0,0,0,0,0,0,0,0,0,0,55,0,0,40,0,0,0,30,0,0,0,0,0,0,0,0,0,0,0,0,0
NEA458,A R ENTERPRISE,35,0,70,35,70,0,70,70,0,0,105,0,0,0,70,0,0,0,0,0,0,0,0,0,0,0,0,35,0,0,35,35,0,0,70,0,0,0,35,0,0,0,35,0,0,0,35,0
NER325,R.G. AGARWALLA & SONS,0,0,0,0,0,0,500,0,0,0,0,0,0,0,0,0,0,0,0,0,0,0,0,0,0,0,0,0,0,0,0,0,0,0,0,0,0,0,0,0,0,0,0,0,0,0,0,0
NEN39,NATIONAL ENTERPRISE,345,188.5,250,227.5,210,25,340,121.5,0,0,150,126,0,0,200,150,0,0,200,135,0,0,50,152.5,0,0,180,165,0,0,320,168.25,0,0,260,182.5,0,0,280,224,0,0,410,275,0,0,345,253.75
NEG177,GIRIDHARY STEEL,0,0,0,0,0,0,0,0,0,0,0,0,0,0,0,0,0,0,0,0,0,0,0,0,0,0,0,0,0,0,0,0,0,0,0,0,0,0,0,0,0,0,0,0,0,0,0,0
NEP293,PRATIMA STORE,40,5,55,10,50,0,40,31,0,0,45,37.5,0,0,44,25,0,0,88,0,0,0,55,0,0,0,55,0,0,0,36.75,40,0,0,30,50,0,0,55,30,0,0,40,40,0,0,60,40
NEN40,NATH HARDWARE AND VARIETIES,0,0,25,0,0,0,20,14,0,0,20,0,0,0,0,0,0,0,25,0,0,0,0,0,0,0,0,0,0,0,0,0,0,0,0,0,0,0,0,0,0,0,0,0,0,0,0,0
NEM443,M.S CONTRUCTION,0,0,0,0,0,0,0,0,0,0,0,0,0,0,0,0,0,0,0,0,0,0,0,0,0,0,0,0,0,0,0,0,0,0,0,0,0,0,0,0,0,0,0,0,0,0,0,0
NEN34,NIKHIL STORE,0,0,60,0,0,0,300,0,0,0,0,0,0,0,0,0,0,0,0,0,0,0,0,0,0,0,0,0,0,0,0,0,0,0,0,0,0,0,10,0,0,0,0,0,0,0,0,0
NEP292,PRATIMA ENTERPRISE,0,0,49,26,0,0,49,0,0,0,0,0,0,0,0,0,0,0,0,0,0,0,0,0,0,0,0,0,0,0,0,0,0,0,0,0,0,0,0,0,0,0,0,0,0,0,0,0
NEG179,GIRRAJ TRADE AGENCY,0,35,125,0,30,0,145,30,0,0,120,30,0,0,25,60,0,0,75,90,0,0,75,60,0,0,50,100,0,0,75,100,0,0,75,70,0,0,80,35,0,0,100,0,0,0,50,0
NEB373,BHARAT ENTERPRISE,240,200,160,130,240,0,200,120,0,0,160,130,0,0,160,120,0,0,160,132.7,0,0,160,123.95,0,0,0,160,0,0,190,140,0,0,200,175.55,0,0,240,200,0,0,240,278.45,0,0,300,322.8
NES739,SIRISH HARDWARE,60,0,40,40.25,31,0,0,31,0,0,70,47.25,0,0,60,0,0,0,60,0,0,0,60,29,0,0,60,0,0,0,50,0,0,0,50,0,0,0,0,47.25,0,0,80,127,0,0,120,67.5
NEL133,LILA ENTERPRISE,40,0,50,45,22,0,50,40.5,0,0,30,20.5,0,0,0,13,0,0,24,0,0,0,0,0,0,0,20,0,0,0,0,13.5,0,0,0,0,0,0,0,0,0,0,22,0,0,0,22,0
NES742,SANGO ENTERPIRSES .,300,40,280,334,280,75,240,280,0,0,160,240,0,0,160,505,0,0,320,400,0,0,320,515,0,0,400,510,0,0,340,505,0,0,400,400,0,0,400,400.5,0,0,320,335.5,0,0,400,430
NEM445,MAA MANI IRON STORES,0,0,50,90,0,0,75,25,0,0,30,30,0,0,50,57,0,0,75,50,0,0,60,25,0,0,65,75,0,0,70,0,0,0,80,20,0,0,0,0,0,0,80,0,0,0,90,0
NEG180,GAURI GANESH ENTERPRISE,25,0,25,0,25,0,50,0,0,0,0,25,0,0,50,0,0,0,50,0,0,0,125,0,0,0,25,0,0,0,0,0,0,0,0,0,0,0,25,0,0,0,0,25,0,0,25,25
NEA461,AMAN HARDWARE STORE,110,80,60,80,55,0,80,20,0,0,50,60,0,0,60,60,0,0,60,60,0,0,60,20,0,0,60,40,0,0,72,60,0,0,60,40,0,0,66,60,0,0,66,100,0,0,55,60
WBB160,BAJRANGBALI HARDWARE,120,182,90,92,150,30,78,132,0,0,76,90,0,0,72,102,0,0,68,108,0,0,86,96,0,0,98,84,0,0,84,132,0,0,100,168,0,0,136,170,0,0,140,181,0,0,130,183
NEB372,BHARAT INFRASTRUCTURE,20,20,60,40,60,0,60,40,0,0,60,30,0,0,40,40,0,0,60,20,0,0,60,20,0,0,60,20,0,0,40,85,0,0,60,15,0,0,20,20,0,0,20,20,0,0,100,0
NES720,LINDA LALRAMCHUANI,0,0,0,0,0,0,0,0,0,0,0,0,0,0,0,0,0,0,0,0,0,0,0,0,0,0,0,0,0,0,50,0,0,0,20,0,0,0,0,0,0,0,0,0,0,0,0,0
NEU051,UMESH ENTERPRISE,0,0,20,0,0,0,0,0,0,0,0,0,0,0,0,0,0,0,0,0,0,0,0,0,0,0,0,0,0,0,0,0,0,0,0,0,0,0,0,0,0,0,0,0,0,0,0,0
NEM444,MAZUMDER BROTHERS,110,90.5,60,86.65,66,44.5,50,59.5,0,0,40,52.5,0,0,90,98.5,0,0,60,141,0,0,60,59,0,0,60,100.5,0,0,96,131.25,0,0,96,80.5,0,0,132,84.5,0,0,88,121.25,0,0,88,52
NEM448,MAA MANASHA ENTERPRISE,25,25,50,25,50,25,25,25,0,0,25,25,0,0,25,49,0,0,25,27,0,0,25,25,0,0,25,25,0,0,25,35,0,0,25,30,0,0,25,25,0,0,25,50,0,0,25,25
NEG182,GERUA ENTERPRISE,130,60,105,100,110,20,100,100,0,0,80,76.2,0,0,60,80,0,0,100,100,0,0,120,60,0,0,100,60,0,0,132,60,0,0,100,40,0,0,110,40,0,0,110,60,0,0,110,60
WBF014,FARHANA HARDWARE,200,0,70,110,0,0,70,63.5,0,0,70,43.5,0,0,50,55,0,0,40,5,0,0,40,40,0,0,30,41,0,0,25,10,0,0,40,0,0,0,40,0,0,0,40,0,0,0,0,0
NES744,SUBHASH MALAKAR,60,40,120,23,60,0,60,20,0,0,44,52,0,0,44.8,20,0,0,42.5,40,0,0,40,30,0,0,40,40,0,0,50,40,0,0,120,60,0,0,80,40,0,0,60,60,0,0,100,60
NEB371,BRAHMAPUTRA HARDWARE,80,60,50,61.5,60,20,30,25,0,0,80,62.5,0,0,30,70,0,0,40,60,0,0,60,40,0,0,0,25,0,0,60,70,0,0,80,60.25,0,0,60,65,0,0,60,65,0,0,100,120
NEA463,AKSHAYA STEEL AND HARDWARE STORES,60,50,0,35,61,15,0,61,0,0,60,30.5,0,0,50,23,0,0,50,16,0,0,50,35,0,0,50,41.5,0,0,70,21.5,0,0,70,65,0,0,70,105.5,0,0,120,106,0,0,120,130
NES747,SWASTIK IRON & STEEL CENTER,0,0,30,5,0,0,30,35,0,0,30,30,0,0,20,20,0,0,20,25,0,0,30,5,0,0,30,0,0,0,30,0,0,0,30,0,0,0,0,0,0,0,0,0,0,0,0,0
NER330,R BROTHER & SONS,20,0,176,248.4,100,0,200,378.5,0,0,250,205.75,0,0,175,240.4,0,0,100,155.75,0,0,250,107,0,0,200,14,0,0,180,0,0,0,431,0,0,0,40,0,0,0,420,0,0,0,70,20
NEM449,MAA BELA HARDWARE STORE,50,20,40,20,40,0,500,40,0,0,44,40,0,0,28,20,0,0,20,20,0,0,80,20,0,0,50,20,0,0,60,20,0,0,60,20,0,0,20,20,0,0,50,27,0,0,40,20
NEJ190,J.B.L HARDWARE,75,51,60,38,70,39,60,0,0,0,25,12.5,0,0,25,12.5,0,0,37,0,0,0,38,12.5,0,0,25,32,0,0,37.5,58.5,0,0,50,62.5,0,0,75,76,0,0,75,88.5,0,0,100,88.5
NEA465,ASSAM STORES,160,50,120,51.5,120,0,120,100,0,0,120,49.9,0,0,80,50,0,0,100,127,0,0,100,80,0,0,0,25,0,0,100,52,0,0,160,68.25,0,0,160,130,0,0,200,100,0,0,200,150
NER329,ROY HARDWARE,37,26,25,12.5,37,12.5,25,12.5,0,0,25,25,0,0,25,24.5,0,0,25,25,0,0,38,24.5,0,0,25,24.5,0,0,25,20,0,0,38,0,0,0,25,25,0,0,36,37.5,0,0,36,37.5
NEN231,NEW MADAN GOPAL HARDWARE,30,10,50,0,50,0,50,25,0,0,50,20,0,0,75,25,0,0,75,0,0,0,25,22.5,0,0,50,35,0,0,100,12.5,0,0,50,25,0,0,80,25,0,0,80,25,0,0,70,0
NEB377,BRAHMAPUTRA ENTERPRISE .,120,117.5,125,103.5,180,39.5,155,162.5,0,0,125,130,0,0,120,167.5,0,0,130,124.5,0,0,150,88.5,0,0,150,157.5,0,0,150,90.5,0,0,150,153.5,0,0,170,90.5,0,0,160,152,0,0,200,104.5
NEA466,AZIZ HARDWARE,200,200,150,230,200,50,200,200,0,0,150,150,0,0,150,175,0,0,150,100,0,0,150,100,0,0,225,125,0,0,150,75,0,0,100,125,0,0,150,125,0,0,150,175,0,0,200,150
WBB161,BHAI BHAI HARDWARE - KALIACHAK,25,0,30,45,0,0,30,20,0,0,30,10,0,0,20,21,0,0,30,20,0,0,20,20,0,0,20,0,0,0,20,0,0,0,50,15,0,0,20,0,0,0,100,0,0,0,100,0
BHM157,MEHTA ENTERPRISES,0,0,0,0,0,0,0,0,0,0,0,0,0,0,0,0,0,0,0,0,0,0,0,0,0,0,0,0,0,0,0,0,0,0,0,0,0,0,0,0,0,0,0,0,0,0,0,0
WBN112,NEW HARDWARE,0,0,25,13,0,0,20,0,0,0,20,0,0,0,0,0,0,0,0,0,0,0,0,0,0,0,0,0,0,0,0,0,0,0,0,0,0,0,0,0,0,0,0,0,0,0,0,0
NEM446,M.M. HARDWARE,0,0,25,0,0,0,100,0,0,0,150,0,0,0,0,0,0,0,75,0,0,0,0,0,0,0,0,0,0,0,0,0,0,0,0,0,0,0,0,0,0,0,0,0,0,0,0,0
NEP295,PUJA ENTERPRISE,40,15,70,20,60,10,300,20,0,0,44,32.5,0,0,22.4,20,0,0,20,10,0,0,40,10,0,0,20,51,0,0,40,0,0,0,60,35,0,0,40,7,0,0,70,25,0,0,40,35
NER331,RATAN SARKAR,30,0,30,30,30,0,30,10,0,0,15,15,0,0,20,25,0,0,30,0,0,0,20,0,0,0,20,0,0,0,20,0,0,0,20,20,0,0,20,0,0,0,20,20,0,0,20,20
NES746,SRI PRAKASH SINHA,0,0,0,0,0,0,5,0,0,0,0,0,0,0,0,0,0,0,0,0,0,0,0,0,0,0,0,0,0,0,0,0,0,0,0,0,0,0,0,0,0,0,0,0,0,0,0,0
NER332,RIYA HARDWARE .,82,26,104.5,72,115,13,105,94,0,0,80,71.5,0,0,98,66,0,0,105,52,0,0,80,26,0,0,65,51.5,0,0,95,39,0,0,100,39,0,0,82,26,0,0,120,45.5,0,0,119,59
NEG184,GUPTA HARDWARE,270,375,190,225,250,98.5,215,195,0,0,105,180,0,0,195,259,0,0,200,200,0,0,155,50,0,0,190,217,0,0,165,142.5,0,0,165,244.5,0,0,270,180,0,0,230,353,0,0,240,237
WBG099,GOURAB SAHA,220,352,500,210,310,120,562,310,0,0,360,420,0,0,360,346,0,0,420,180,0,0,300,110,0,0,190,85,0,0,360,72,0,0,200,60,0,0,60,84,0,0,550,244,0,0,240,270
NEM439,MIDLAND BUSINESS ENTERPRISE,50,60.75,50,10,70,10.75,50,66.25,0,0,50,49.5,0,0,100,81.75,0,0,90,33,0,0,100,39.8,0,0,100,53.25,0,0,50,18,0,0,20,53,0,0,100,44.75,0,0,50,44,0,0,100,2.25
NEK224,KALPANA TRADING,300,473.75,275,237,375,163.5,225,249.5,0,0,275,253.75,0,0,302.5,287,0,0,330,255,0,0,324.5,217.25,0,0,302.5,216,0,0,288.75,230.75,0,0,265,314.35,0,0,302.5,285,0,0,280,320.5,0,0,375,541.5
NEG186,G.D.HARDWARE,100,90,150,136,100,26,150,189,0,0,100,88.5,0,0,120,101,0,0,120,62.5,0,0,150,72,0,0,120,137,0,0,150,112,0,0,120,100.5,0,0,150,62.5,0,0,120,99.5,0,0,150,102.5
NES756,SARSWATI ENTERPRISES,300,287.5,230,238.5,250,190,150,216,0,0,300,224.5,0,0,270,187.25,0,0,250,118,0,0,200,133.5,0,0,120,125.5,0,0,200,319,0,0,360,271,0,0,500,331.5,0,0,470,517.5,0,0,800,538
NER334,RS HARDWARE & SUPPLIER,80,100,50,60.5,80,25,45,50,0,0,50,95,0,0,50,65,0,0,70,100,0,0,80,25,0,0,75,80,0,0,80,85,0,0,75,85,0,0,90,75,0,0,100,105,0,0,130,145
NEJ192,JOY MAA HARDWARE AND SANITARY,450,470,80,250,500,110,400,400,0,0,400,310,0,0,350,565,0,0,400,290,0,0,270,155,0,0,450,405.5,0,0,480,283.5,0,0,560,430,0,0,600,500,0,0,600,475,0,0,800,548.85
NEP296,PAONA ENTERPRISES,55,50,100,50,80,50,110,55,0,0,50,0,0,0,115,92,0,0,160,0,0,0,150,28,0,0,63,123,0,0,200,73,0,0,105,114,0,0,110,0,0,0,90,54,0,0,75.75,51
NEW015,WOODLAND CONSTRUCTION,50,39,20,29,50,11.25,100,42.25,0,0,30,49.5,0,0,30,21.5,0,0,20,15.5,0,0,30,38.25,0,0,50,43.5,0,0,30,40.5,0,0,30,31.5,0,0,40,15.25,0,0,50,27,0,0,30,22.5
NEA470,ANGELAS ENTERPRISE,10,27,20,4,10,0,20,8.25,0,0,20,0.25,0,0,30,6.5,0,0,15,4,0,0,20,0,0,0,30,0,0,0,10,0,0,0,12,0,0,0,0,2,0,0,10,0,0,0,10,4
NEA469,ABRAR STEEL,100,0,33,0,20,0,20,0,0,0,0,0,0,0,0,0,0,0,0,0,0,0,0,7.5,0,0,0,0,0,0,0,0,0,0,0,0,0,0,0,80,0,0,100,50,0,0,100,5
NEE064,EKBAL HARDWARE,0,0,55,100,0,0,100,50,0,0,44,27.5,0,0,30,76,0,0,22,90.5,0,0,27.5,12.5,0,0,55,0,0,0,94.25,0,0,0,100,0,0,0,115.5,0,0,0,75,0,0,0,0,0
NEO043,OM HARDWARE,25,37.25,25,0,30,12.5,25,25,0,0,25,0,0,0,25,25,0,0,25,0,0,0,25,0,0,0,25,0,0,0,0,0,0,0,25,32.5,0,0,25,7.5,0,0,25,39,0,0,25,12
NEN232,NATH BROTHERS & HARDWARE .,80,20,30,20,33,20,30,20,0,0,20,0,0,0,20,20,0,0,20,20,0,0,20,20,0,0,20,20,0,0,24,60,0,0,40,17,0,0,22,20,0,0,22,20,0,0,22,20
NEB378,BALAJI TRADERS,40,5,50,30,40,15,40,47,0,0,30,36,0,0,40,75,0,0,40,32.5,0,0,50,29.5,0,0,35,22.5,0,0,30,26.5,0,0,60,36.5,0,0,50,25,0,0,40,40,0,0,40,52.5
NER335,ROTHIN BARMAN,70,30,110,170,50,0,120,75,0,0,85,75,0,0,85,105,0,0,110,25,0,0,60,25,0,0,115,85,0,0,85,25,0,0,35,0,0,0,85,25,0,0,110,60,0,0,76,0
BHM158,MAA LAXMI ENTERPRISES,0,0,0,25,0,0,25,0,0,0,0,0,0,0,0,0,0,0,50,0,0,0,0,0,0,0,0,0,0,0,0,0,0,0,0,0,0,0,0,0,0,0,0,0,0,0,0,0
NES757,SHREE KANHAIYA HARDWARE STORE,20,0,30,13,0,0,20,11.5,0,0,40,10,0,0,20,0,0,0,20,0,0,0,0,0,0,0,40,10,0,0,20,3,0,0,30,10,0,0,30,3,0,0,20,3,0,0,0,0
NEK223,KOLKATA IRON AND STEEL,40,0,155,0,60,0,110,53,0,0,50,0,0,0,115,0,0,0,200,0,0,0,0,0,0,0,74.75,0,0,0,0,35,0,0,110,0,0,0,60,35,0,0,264,70,0,0,115.75,0
NEJ193,J.K. HARDWARE STORE,0,0,105,35,0,0,105,0,0,0,35,0,0,0,35,0,0,0,35,35,0,0,35,0,0,0,0,0,0,0,0,0,0,0,0,0,0,0,0,0,0,0,0,0,0,0,0,0
NEO044,OM SAI HARDWARE,0,0,70,0,0,0,300,0,0,0,0,0,0,0,0,0,0,0,0,0,0,0,0,0,0,0,0,0,0,0,0,0,0,0,0,0,0,0,0,0,0,0,0,0,0,0,0,0
NES752,SEDES ENTERPRISE,180,230,115,180,250,128,0,206,0,0,125,154,0,0,180,259,0,0,150,263,0,0,270,180,0,0,270,194,0,0,270,284,0,0,305,98,0,0,250,281,0,0,300,204,0,0,360,308
NES755,SRINATH ENTERPRISE,0,0,27.5,0,0,0,0,0,0,0,0,0,0,0,0,0,0,0,0,0,0,0,0,0,0,0,0,0,0,0,0,0,0,0,0,0,0,0,0,0,0,0,0,0,0,0,0,0
NED253,DEKA ENTERPRISE (BOKO),0,0,50,0,0,0,20,0,0,0,0,0,0,0,0,0,0,0,0,0,0,0,0,0,0,0,0,0,0,0,0,0,0,0,0,0,0,0,0,0,0,0,0,0,0,0,0,0
NEM453,MOMTAZ HARDWARE,150,125,100,125,125,25,100,100,0,0,100,100,0,0,100,75,0,0,100,50,0,0,100,100,0,0,175,75,0,0,100,100,0,0,100,100,0,0,100,125,0,0,150,100,0,0,150,150
BHG050,GANPATI TRADERS - BUDHMA,50,60,50,30,50,5,50,25,0,0,25,30,0,0,50,50,0,0,50,30,0,0,50,25,0,0,50,25,0,0,25,50,0,0,50,55,0,0,50,15,0,0,25,25,0,0,25,25
NEC141,CHOUDHURY ENTERPRISE,0,0,33,0,0,0,20,0,0,0,20,0,0,0,0,0,0,0,0,0,0,0,0,0,0,0,0,0,0,0,0,0,0,0,0,0,0,0,0,0,0,0,0,0,0,0,0,0
NES754,SETHIA ENTERPRISES,20,20,50,25,20,0,50,0,0,0,50,20,0,0,20,20,0,0,20,20,0,0,20,0,0,0,20,0,0,0,20,20,0,0,20,20,0,0,20,0,0,0,20,0,0,0,20,20
NEO045,OSMAN HARDWARE,245,565,110,185,250,140,90,70,0,0,25,100,0,0,110,185,0,0,110,300,0,0,100,105,0,0,150,265,0,0,130,175,0,0,175,460,0,0,270,455,0,0,235,740,0,0,230,510
BHO010,OM SHIV MAHAKALI LAXMI TRADERS,150,0,50,30,125,0,50,25,0,0,50,30,0,0,50,0,0,0,100,25,0,0,50,25,0,0,100,0,0,0,150,25,0,0,150,0,0,0,100,0,0,0,150,0,0,0,250,0
BHK064,KARUNA ENTERPRISES,0,0,25,0,0,0,30,0,0,0,0,25,0,0,25,25,0,0,50,25,0,0,25,0,0,0,30,0,0,0,25,0,0,0,0,0,0,0,0,0,0,0,25,0,0,0,50,0
BHA100,AJAY TRADERS,0,0,0,0,0,0,0,0,0,0,0,0,0,0,0,0,0,0,0,0,0,0,0,0,0,0,0,0,0,0,0,0,0,0,0,0,0,0,0,0,0,0,0,0,0,0,0,0
SKH002,HEENA ENTERPRISE,0,0,0,0,0,0,0,0,0,0,0,0,0,0,0,0,0,0,0,0,0,0,0,0,0,0,0,0,0,0,0,0,0,0,0,0,0,0,0,0,0,0,0,0,0,0,0,0
WBA159,AJ ASHRAFI TRADERS,0,0,0,0,0,0,0,0,0,0,0,0,0,0,0,0,0,0,0,0,0,0,0,0,0,0,0,0,0,0,0,0,0,0,0,0,0,0,0,0,0,0,0,0,0,0,0,0
WBA160,ABDUL CONSTRUCTION,80,132.8,25,85,70,40,50,64,0,0,40,60,0,0,50,65,0,0,50,65,0,0,40,52,0,0,50,48,0,0,50,39,0,0,50,50,0,0,50,70,0,0,50,146.5,0,0,70,152.5
BHP049,PANKAJ KUMAR CHAUDHARI,10,0,25,35,20,0,30,0,0,0,25,10,0,0,25,5,0,0,50,0,0,0,15,0,0,0,0,0,0,0,25,10,0,0,25,5,0,0,25,0,0,0,20,10,0,0,50,10
WBE026,ESHAN TRADERS,65,0,60,35,80,0,60,0,0,0,60,12,0,0,30,15,0,0,50,10,0,0,40,20,0,0,40,20,0,0,35,0,0,0,20,0,0,0,25,0,0,0,80,0,0,0,90,0
WBM319,MONDAL TRADERS,0,0,80,0,0,0,80,0,0,0,80,0,0,0,0,0,0,0,0,0,0,0,0,0,0,0,0,0,0,0,0,0,0,0,0,0,0,0,0,0,0,0,100,0,0,0,320,0
WBD097,DREAM HOUSE ENTERPRISE,50,45,75,43,60,15,70,45,0,0,45,31,0,0,30,7,0,0,55,25,0,0,35,35,0,0,45,21,0,0,40,10,0,0,20,20,0,0,20,15,0,0,60,55,0,0,60,70
RSSD082,DILIP CHANDRA DEY,0,0,0,0,0,0,0,0,0,0,0,0,0,0,0,0,0,0,0,0,0,0,0,0,0,0,0,0,0,0,0,0,0,0,0,0,0,0,0,0,0,0,0,0,0,0,0,0
RSSD061,DAIMARY STORE,0,0,0,0,0,0,0,0,0,0,0,0,0,0,0,0,0,0,0,0,0,0,0,0,0,0,0,0,0,0,0,0,0,0,0,0,0,0,0,0,0,0,0,0,0,0,0,0
RSST103,TALUKDAR ENTERPRISE(IMDAD),0,0,0,0,0,0,0,0,0,0,0,0,0,0,0,0,0,0,0,0,0,0,0,0,0,0,0,0,0,0,0,0,0,0,0,0,0,0,0,0,0,0,0,0,0,0,0,0
RSSN091,N SHANPRU,0,0,0,0,0,0,0,0,0,0,0,0,0,0,0,0,0,0,0,0,0,0,0,0,0,0,0,0,0,0,0,0,0,0,0,0,0,0,0,0,0,0,0,0,0,0,0,0
NEA472,ANKIT HARDWARE,140,60,100,100,140,20,120,120,0,0,88,120,0,0,89.6,100,0,0,140,147.5,0,0,140,100,0,0,100,110,0,0,140,180,0,0,160,190,0,0,180,100,0,0,180,90,0,0,200,180
NEN234,NATH VARIETY STORE,180,80,120,120,120,40,140,80,0,0,110,80,0,0,139.44,100,0,0,130,100,0,0,140,140,0,0,100,80,0,0,160,120,0,0,140,80,0,0,160,100,0,0,150,80,0,0,200,145
NEA473,ANIMA SINHA,15,5,25,5,15,5,25,10,0,0,20,10,0,0,30,10,0,0,40,10,0,0,40,10,0,0,35,4.5,0,0,25,5,0,0,20,5,0,0,15,5,0,0,50,5,0,0,15,5
NET200,TATAN ENTERPRISES,70,135,60,72,83,65.5,60,85.5,0,0,60,61,0,0,55,65,0,0,75,127.5,0,0,60,62,0,0,60,151,0,0,80,104,0,0,65,149,0,0,170,84,0,0,100,77.5,0,0,120,190.5
NEN233,NIYOR ENTERPRISE,0,0,55,0,0,0,90,0,0,0,0,0,0,0,0,0,0,0,0,0,0,0,0,0,0,0,0,0,0,0,0,0,0,0,0,0,0,0,0,0,0,0,0,0,0,0,0,0
NEG191,GOPE VARIETIES,150,89.5,150,158.4,160,0,175,139.6,0,0,125,55,0,0,150,152.55,0,0,150,115,0,0,150,95,0,0,120,170,0,0,140,203,0,0,150,142.5,0,0,150,133,0,0,160,132.5,0,0,185,117.5
NEI052,INDIAN TRADING,0,0,27.5,47,0,0,30,20,0,0,30,21.5,0,0,22,0,0,0,0,82,0,0,27.5,0,0,0,0,0,0,0,0,0,0,0,0,0,0,0,0,0,0,0,0,0,0,0,0,0
NES759,SHYAMALI STORES,100,100,100,75,100,25,75,25,0,0,50,100,0,0,100,50,0,0,50,50,0,0,75,50,0,0,75,50,0,0,50,25,0,0,50,50,0,0,50,50,0,0,50,75,0,0,100,75
NEN235,NEW MAHENDRA BHANDAR,750,420.65,700,616.8,750,124,650,560.55,0,0,550,467.1,0,0,550,562.5,0,0,600,566.85,0,0,600,434,0,0,550,632.5,0,0,600,655.5,0,0,650,732,0,0,750,728.2,0,0,775,790,0,0,950,665.9
NET202,TRIPURESWARI ENTERPRISE,40,0,50,23,25,0,40,5.5,0,0,25,19.5,0,0,30,23.5,0,0,25,14.25,0,0,30,0,0,0,30,0,0,0,25,28.5,0,0,50,5,0,0,30,34.5,0,0,40,5,0,0,40,5
NES760,SANGAM ENTERPRISE,80,106.5,70,60,90,15,50,81.5,0,0,300,104,0,0,100,75,0,0,100,55,0,0,80,42.5,0,0,60,67.5,0,0,80,100,0,0,100,135,0,0,120,130,0,0,120,170,0,0,200,153.5
NEB383,BHOLANATH HARDWARE,140,148.75,80,104.5,120,30,70,89,0,0,55,59.95,0,0,70,95,0,0,65,70,0,0,80,50,0,0,70,70,0,0,100,120,0,0,110,130,0,0,100,176.5,0,0,110,185,0,0,110,236.65
NEM455,M.M HARDWARE,23,20,25,22,22,0,25,0,0,0,25,22,0,0,25,23,0,0,30,23,0,0,23,23,0,0,23,22,0,0,40,44,0,0,40,44,0,0,30,22,0,0,60,22,0,0,100,0
NEP299,PYNTNGEN MYRTHONG,50,27,50,0,50,0,0,0,0,0,0,0,0,0,0,0,0,0,25,0,0,0,0,0,0,0,0,0,0,0,27,53,0,0,27,105,0,0,100,105,0,0,100,121,0,0,100,94
NEB384,BORGHULI HARDWARE,150,256,67,104,150,65,500,118,0,0,110,105,0,0,95.2,110,0,0,120,104,0,0,120,72,0,0,96,137,0,0,150,119,0,0,140,150,0,0,130,163,0,0,140,169,0,0,140,193
NEJ197,JOYNARAYAN TRADERS,50,60,38.5,45,50,5,50,25,0,0,27.5,30,0,0,30,42,0,0,22,15,0,0,22,5,0,0,27.5,30,0,0,31.5,15,0,0,60,32,0,0,42,25,0,0,50,40,0,0,60,20
NEJ195,LAISHRAM BIRAMANGOL SINGH,105,19,55,106,65,20,110,52,0,0,100,0,0,0,165,66,0,0,120,17,0,0,170,18,0,0,57.5,37,0,0,110,75,0,0,140,76,0,0,120,38,0,0,264,39,0,0,81.5,20
NES763,SANJAY BISWAS,70,45,50,30,60,0,500,20,0,0,44,20,0,0,39.2,13,0,0,30,30,0,0,80,35,0,0,50,40,0,0,50,40,0,0,70,65,0,0,50,50,0,0,80,10,0,0,45,25
NES765,SR ENTERPRISE,75,100,50,75,100,25,50,100,0,0,50,75,0,0,75,50,0,0,50,25,0,0,100,50,0,0,125,10,0,0,50,50,0,0,50,50,0,0,50,55,0,0,50,50,0,0,50,100
NER340,R.K ENTERPRISES .,250,0,100,183,50,0,100,126.5,0,0,150,90,0,0,175,40,0,0,200,250,0,0,200,303.85,0,0,200,150,0,0,250,324,0,0,250,0,0,0,350,0,0,0,300,0,0,0,110,48
NEA476,A A STORE,40,0,160,285,75,0,270,315,0,0,300,0,0,0,265,0,0,0,350,25,0,0,100,17.5,0,0,0,44,0,0,60,95,0,0,160,50,0,0,160,35,0,0,390,0,0,0,90.75,0
NES767,SONOWAL HARDWARE AND FURNITURE,50,30,30,40,20,0,0,20,0,0,50,40,0,0,40,20,0,0,40,20,0,0,50,30,0,0,60,20,0,0,50,40,0,0,50,70,0,0,70,70,0,0,100,50,0,0,100,90
BHT020,TAJ TRADERS,300,55,100,285,225,0,250,180,0,0,210,160,0,0,250,115,0,0,160,120,0,0,75,59.75,0,0,100,55,0,0,100,30,0,0,349.994,118.5,0,0,350,60.5,0,0,250,65,0,0,400,50
NEH165,HRIT ENTERPRISE,100,115,50,122,110,45,50,109,0,0,50,85.5,0,0,80,173,0,0,80,125,0,0,60,87,0,0,60,116,0,0,80,181,0,0,130,168.5,0,0,130,110,0,0,100,154,0,0,0,125.5
NER328,R.K. TRADING,0,0,25,16.5,0,0,26,16.5,0,0,25,13,0,0,25,12.5,0,0,26,0,0,0,0,0,0,0,12.5,13,0,0,25,0,0,0,48,0,0,0,13,0,0,0,0,0,0,0,0,0
NEN237,N.H. HARDWARE,100,60,50,80,70,20,40,60,0,0,80,60,0,0,50,60,0,0,40,80,0,0,60,40,0,0,70,80,0,0,80,60,0,0,100,80,0,0,90,47,0,0,80,75,0,0,80,60
NEJ198,JYOTI HARDWARE,37,57.5,25,24.5,35,13,37.5,50.5,0,0,25,25.5,0,0,37,25.5,0,0,25,25,0,0,25,12.5,0,0,25,25,0,0,25,51.5,0,0,25,30,0,0,30,43,0,0,36,38,0,0,37,50.5
NEJ196,JAMIR STORE,60,0,60,60,60,30,60,60,0,0,30,90,0,0,60,30,0,0,30,60,0,0,60,0,0,0,0,30,0,0,60,30,0,0,30,30,0,0,30,0,0,0,60,30,0,0,30,30
NEN238,NAYRA ENTERPRISES,80,80,270,80,80,40,200,240,0,0,200,120,0,0,180,160,0,0,180,120,0,0,160,160,0,0,200,80,0,0,160,0,0,0,155,80,0,0,120,120,0,0,120,80,0,0,120,120
NER341,RAKESH STORES,160,85,120,110,120,40,120,50,0,0,120,80,0,0,100,80,0,0,100,80,0,0,80,40,0,0,120,90,0,0,100,94,0,0,120,70,0,0,160,140,0,0,160,120,0,0,160,248.95
NET204,M/S TALAR ENTERPRISE,0,0,300,0,0,0,40,0,0,0,0,0,0,0,0,0,0,0,0,0,0,0,0,0,0,0,0,0,0,0,0,0,0,0,0,0,0,0,0,0,0,0,0,0,0,0,0,0
NEA480,ASSAM STEEL & GLASS,0,0,43,0,0,0,700,0,0,0,0,0,0,0,0,0,0,0,0,0,0,0,0,0,0,0,0,0,0,0,0,0,0,0,0,0,0,0,10,0,0,0,0,0,0,0,0,0
NEG197,GANAPATI TRADERS,0,0,0,0,0,0,0,0,0,0,0,0,0,0,0,0,0,0,0,0,0,0,0,0,0,0,0,0,0,0,0,0,0,0,0,0,0,0,0,0,0,0,0,0,0,0,0,0
NEA481,ADITYA STEELS AND ISPAT,300,404,260,226,300,26,500,164,0,0,165,189,0,0,168,197,0,0,300,79,0,0,300,105,0,0,200,111,0,0,220,130,0,0,200,250,0,0,210,224,0,0,280,162,0,0,280,227
NES771,SATYA RANJAN ROY,70,50,75,50,50,36,50,50,0,0,45,50,0,0,50,50,0,0,50,75,0,0,50,50,0,0,50,25,0,0,50,50,0,0,75,100,0,0,75,75,0,0,75,75,0,0,0,75
NEP308,PRIYA CENTER,0,0,30,60,0,0,40,0,0,0,20,0,0,0,0,0,0,0,0,0,0,0,0,0,0,0,0,0,0,0,0,0,0,0,0,0,0,0,0,0,0,0,0,0,0,0,0,0
NEK227,KM & SONS ENTERPRISES,105,153,100,158,235,50,110,213,0,0,250,92,0,0,315,80,0,0,285,143,0,0,200,32,0,0,131.5,90,0,0,165,98,0,0,160,174,0,0,210,167,0,0,324,134,0,0,211.5,187
NEH166,HARDWARE HUB,2000,1595,2240,1840,2200,792.5,1620,1647,0,0,1460,1400,0,0,1360,1600,0,0,2000,2108,0,0,2200,1800,0,0,2200,2160,0,0,2000,2040,0,0,2200,3000,0,0,2600,2016.5,0,0,2800,2800,0,0,3500,2520
NET205,T K ENTERPRISE,20,0,40,0,43,0,40,10,0,0,20,0,0,0,20,15,0,0,20,20,0,0,20,0,0,0,20,20,0,0,20,20,0,0,40,0,0,0,20,0,0,0,20,20,0,0,40,20
NEC142,CHAMARIA TRADING CO,250,445.65,50,157.25,129,125.75,0,129,0,0,150,72.5,0,0,70,96.5,0,0,80,31,0,0,60,92.85,0,0,80,138,0,0,120,314,0,0,180,336.1,0,0,300,221.1,0,0,280,340,0,0,400,453.95
BHS259,SHREE HARI ENTERPRISES,0,0,0,0,0,0,0,0,0,0,0,0,0,0,0,0,0,0,75,0,0,0,0,0,0,0,0,0,0,0,0,0,0,0,0,0,0,0,0,0,0,0,0,0,0,0,0,0
BHS260,SITA STEEL,100,23.6,80,43,130,9.75,80,56.5,0,0,60,59,0,0,50,42.75,0,0,100,31.5,0,0,60,11,0,0,60,38.5,0,0,50,34.75,0,0,50,24.25,0,0,60,44.25,0,0,70,24,0,0,120,21.5
BHA102,A K TRADERS - LOHAGARA,0,0,20,0,0,0,0,0,0,0,0,0,0,0,0,0,0,0,0,0,0,0,0,0,0,0,0,0,0,0,0,0,0,0,0,35,0,0,75,0,0,0,0,0,0,0,25,0
WBB162,BABUL KASHIM,0,0,0,0,0,0,0,0,0,0,0,0,0,0,0,0,0,0,0,0,0,0,0,0,0,0,0,0,0,0,0,0,0,0,0,0,0,0,0,0,0,0,0,0,0,0,0,0
NEU052,UKHONG FURNITURE AND DECOR,45,0,100,0,60,0,110,55,0,0,50,0,0,0,115,0,0,0,55,0,0,0,0,0,0,0,0,0,0,0,0,55,0,0,55,20,0,0,60,0,0,0,0,0,0,0,75.75,0
NEM465,M/S M.H. ENTERPRISE,0,0,0,20.5,0,0,30,8.55,0,0,20,0,0,0,20,0,0,0,15,0,0,0,0,0,0,0,0,0,0,0,0,0,0,0,0,0,0,0,0,0,0,0,0,0,0,0,0,0
NEN240,NOIHRIT ENTERPRISE,13,26,50,25.5,14.3,0,26,13,0,0,22.5,25,0,0,25,25,0,0,26,0,0,0,0,0,0,0,12.5,0,0,0,39,0,0,0,54,0,0,0,0,0,0,0,0,0,0,0,0,0
NEA464,A B ENTERPRISE,0,0,20,0,0,0,0,0,0,0,0,0,0,0,0,0,0,0,0,0,0,0,0,0,0,0,0,0,0,0,24,0,0,0,24,0,0,0,0,0,0,0,0,0,0,0,0,0
BHB078,BHARAT TRADERS - BACHHWARA,25,0,50,60,25,0,30,30,0,0,30,30,0,0,30,0,0,0,70,25,0,0,25,0,0,0,30,25,0,0,25,0,0,0,25,0,0,0,50,0,0,0,25,0,0,0,25,0
NES775,M/S S K ENTERPRISES .,0,0,30,15,0,0,0,0,0,0,30,0,0,0,20,0,0,0,20,0,0,0,0,15,0,0,50,0,0,0,30,0,0,0,30,0,0,0,0,0,0,0,0,0,0,0,0,0
NES776,SUHAN ENTERPRISE,0,0,27.5,14,0,0,20,0,0,0,0,0,0,0,0,0,0,0,0,0,0,0,0,0,0,0,0,0,0,0,0,0,0,0,0,0,0,0,0,0,0,0,0,0,0,0,0,0
NES773,SBD STEEL & CEMENT,75,0,50,67,0,0,110,0,0,0,50,0,0,0,115,30,0,0,105,59,0,0,100,51,0,0,85.5,19,0,0,55,38,0,0,55,57,0,0,60,0,0,0,90,98,0,0,75.75,30
NES724,SHINGLAI ENTERPRISES,0,0,0,0,0,0,0,0,0,0,0,0,0,0,0,0,0,0,0,0,0,0,0,0,0,0,0,0,0,0,0,0,0,0,0,0,0,0,0,0,0,0,0,0,0,0,0,0
NEG189,GIA HARDWARE,40,35,100,25,40,0,40,0,0,0,40,25,0,0,20,20,0,0,40,0,0,0,40,0,0,0,22,20,0,0,40,45,0,0,80,0,0,0,40,20,0,0,120,20,0,0,120,40
NEN236,NEW PAL BROTHERS,0,0,0,0,0,0,0,0,0,0,0,0,0,0,0,0,0,0,0,0,0,0,0,0,0,0,0,0,0,0,0,0,0,0,0,0,0,0,0,0,0,0,0,0,0,0,0,0
NEL132,LD HARDWARE STORE,0,0,0,0,0,0,0,0,0,0,50,0,0,0,0,0,0,0,0,0,0,0,0,0,0,0,0,0,0,0,50,0,0,0,50,0,0,0,0,0,0,0,0,0,0,0,0,0
NEJ199,JIYA HARDWARE AND SANITARY,0,0,0,0,0,0,25,0,0,0,25,0,0,0,0,0,0,0,0,0,0,0,0,0,0,0,0,0,0,0,0,0,0,0,0,0,0,0,0,0,0,0,0,0,0,0,0,0
NEL137,LOKNATH ENTERPRISE,100,135,50,75,100,50,75,75,0,0,50,75,0,0,50,100,0,0,75,75,0,0,75,50,0,0,75,150,0,0,100,100,0,0,125,200,0,0,150,150,0,0,125,225,0,0,175,225
NET206,TANISH ENTERPRISE,250,240,60,160,200,80,500,100,0,0,66,100,0,0,112,110,0,0,150,80,0,0,100,100,0,0,100,80,0,0,140,120,0,0,110,160,0,0,130,200,0,0,190,180,0,0,250,240
NEG198,GRS HARDWARE,30,0,50,32.5,35,0,50,12.5,0,0,25,21,0,0,35,13,0,0,25,13,0,0,20,0,0,0,25,13,0,0,25,12.5,0,0,20,0,0,0,25,13,0,0,25,13,0,0,50,12.5
SKS011,SHIVAM ENTERPRISES - RAKDONG,95,12,110,91.75,40,0,65,52,0,0,50,60,0,0,80,102,0,0,75,80.5,0,0,50,61.5,0,0,75,84.5,0,0,100,44.5,0,0,75,26,0,0,90,0,0,0,90,14,0,0,105,37
NEB396,BASUDEV ENTERPRISE,160,89.6,80,85,120,40,120,70,0,0,80,80,0,0,80,80,0,0,100,60,0,0,100,77.45,0,0,120,87.35,0,0,100,97.9,0,0,120,120,0,0,120,120,0,0,160,88.35,0,0,240,140
NED260,DULUX STORE,105,140,160,73.5,125,148,215,104,0,0,150,0,0,0,215,49,0,0,410,140,0,0,150,96.5,0,0,183.5,37,0,0,155,36,0,0,60,102,0,0,160,157,0,0,288,257,0,0,301.5,250
NEF031,FEROZA HARDWARE STORE,150,166,130,195,150,30,150,142.5,0,0,125,130,0,0,100,135,0,0,100,100,0,0,250,75,0,0,100,150,0,0,200,120,0,0,150,135,0,0,150,110,0,0,150,110,0,0,150,185
NES770,SHRI SIDDHIVINAYAK STEEL,70,13,36,62,70,0,500,52,0,0,44,52,0,0,43.68,112,0,0,60,89,0,0,70,26,0,0,52,39,0,0,56,39,0,0,60,26,0,0,40,26,0,0,0,39,0,0,60,26
NEP309,PK AGENCY,55,0,50,28,65,0,110,28,0,0,30,81,0,0,60,129.35,0,0,210,106,0,0,150,139,0,0,178,114,0,0,220,164,0,0,65,217,0,0,160,28,0,0,126,28,0,0,65.75,0
NEE068,EVERGREEN ACRES,0,0,100,0,0,0,110,0,0,0,40,0,0,0,60,0,0,0,50,0,0,0,0,0,0,0,0,0,0,0,0,0,0,0,0,0,0,0,0,0,0,0,0,0,0,0,0,0
NER348,R M HARDWARE .,70,29.7,80,65.5,100,20,75,96,0,0,100,60,0,0,69,67.5,0,0,100,56,0,0,100,55.5,0,0,0,31,0,0,80,87.25,0,0,80,102,0,0,80,116,0,0,90,73,0,0,150,117.5
NEA484,ANAND HARDWARE,40,0,20,6,0,0,7,0,0,0,26,0,0,0,0,0,0,0,0,0,0,0,0,0,0,0,0,7,0,0,24,20,0,0,24,3.5,0,0,33,0,0,0,33,0,0,0,44,0
NEA487,AKASH HARDWARE,40,0,25,12.5,30,0,44,25,0,0,26,13,0,0,35,39,0,0,26,0,0,0,39,26,0,0,30,26,0,0,30,13,0,0,50,12,0,0,50,26,0,0,57,12.5,0,0,70,25
NES777,SUMITA TRADERS,40,15,55,57.5,50,0,60,12.5,0,0,35,17.5,0,0,55,20,0,0,55,0,0,0,44,5,0,0,77,20,0,0,73.5,0,0,0,85,0,0,0,82.5,18.5,0,0,65,25,0,0,75,37
NEA488,A & A ENTERPRISE,35,0,30,26,12,0,30,0,0,0,20,0,0,0,40,10,0,0,50,17.5,0,0,40,5,0,0,30,10,0,0,25,5,0,0,20,9,0,0,30,15,0,0,55,0,0,0,35,0
NEB397,BIHUL UPADHYAY,0,0,0,0,0,0,5,0,0,0,0,0,0,0,0,0,0,0,0,0,0,0,0,0,0,0,0,0,0,0,0,0,0,0,0,0,0,0,0,0,0,0,0,0,0,0,0,0
NER350,R C HARDWARE,0,0,20,13,0,0,20,0,0,0,25,0,0,0,0,0,0,0,0,0,0,0,0,0,0,0,0,0,0,0,0,0,0,0,0,0,0,0,12,0,0,0,0,0,0,0,12,12.5
NEF032,F. A. TRADING AND CO,50,79.2,30,28.5,65,19.25,30,42.4,0,0,40,35.2,0,0,40,45.65,0,0,40,27.7,0,0,40,29.1,0,0,30,35,0,0,25,66.15,0,0,30,60,0,0,50,89.95,0,0,25,53,0,0,50,61.9
NEO046,OM HARDWARE,120,140,40,60,140,45,60,140,0,0,100,100,0,0,100,100,0,0,120,105,0,0,80,40,0,0,80,60,0,0,70,40,0,0,80,80,0,0,80,120,0,0,120,170,0,0,185,200
WBM320,MOHAMMAD HARDWEARS,50,72,50,95,50,0,60,65,0,0,35,55,0,0,60,64,0,0,70,40,0,0,40,21,0,0,50,50,0,0,50,56,0,0,50,50,0,0,60,85,0,0,80,52,0,0,50,65.5
NEM466,MAKARNI HARDWARE,100,20,60,60,60,20,300,20,0,0,66,20,0,0,67.2,20,0,0,40,20,0,0,80,20,0,0,60,20,0,0,60,20,0,0,90,40,0,0,60,20,0,0,130,80,0,0,160,60
NES778,SAHU HARDWARE STORE,20,15,40,20,15,0,60,0,0,0,40,30,0,0,40,0,0,0,20,0,0,0,40,0,0,0,0,0,0,0,0,0,0,0,20,0,0,0,40,0,0,0,100,12,0,0,15,13
NES779,SIVA ENTERPRISE,50,13,40,40,30,0,60,20,0,0,40,50,0,0,60,40,0,0,40,40,0,0,30,20,0,0,40,20,0,0,20,20,0,0,20,20,0,0,20,12,0,0,40,30,0,0,20,20
NEB399,BINIMOY HARDWARE,40,0,40,40,40,20,40,40,0,0,40,40,0,0,40,40,0,0,80,50,0,0,40,30,0,0,60,0,0,0,60,30,0,0,40,30,0,0,40,0,0,0,80,20,0,0,40,30
BHN049,NEPALI KRISHI KENDRA,50,25,25,75,50,0,35,50,0,0,25,25,0,0,50,75,0,0,75,75,0,0,50,25,0,0,70,25,0,0,50,25,0,0,50,50,0,0,50,25,0,0,50,25,0,0,60,0
BHS261,SAGAR KHAD BEEJ BHANDAR,30,25,25,37,30,0,25,30,0,0,25,25,0,0,25,10,0,0,25,25,0,0,25,25,0,0,40,0,0,0,40,58,0,0,25,25,0,0,25,30,0,0,25,30,0,0,30,30
BHM159,MAZHAR TRADERS,0,0,30,30,0,0,30,0,0,0,25,25,0,0,0,0,0,0,0,0,0,0,0,0,0,0,0,0,0,0,0,0,0,0,0,0,0,0,0,0,0,0,0,0,0,0,0,0
NEM467,M/S GHOSH ENTERPRISE,100,51,40,54,60,20,500,85,0,0,88,65,0,0,44.8,20,0,0,80,40,0,0,80,40,0,0,60,45,0,0,60,45,0,0,110,75,0,0,60,61,0,0,100,130,0,0,80,62
NED261,DANIKA ENTERPRISE,0,0,250,0,0,0,40,0,0,0,0,0,0,0,0,0,0,0,0,0,0,0,0,0,0,0,0,0,0,0,0,0,0,0,0,0,0,0,0,0,0,0,0,0,0,0,0,0
NEA489,ARUNA STORE,20,0,0,7.5,43,0,40,20,0,0,20,20,0,0,24,25,0,0,30,20,0,0,30,20,0,0,30,20,0,0,40,25,0,0,60,20,0,0,40,20,0,0,20,20,0,0,40,40
NED262,DIHINGIA PLY .,40,0,40,40,20,20,40,20,0,0,40,20,0,0,40,20,0,0,40,0,0,0,20,0,0,0,40,15,0,0,40,20,0,0,40,0,0,0,30,20,0,0,40,20,0,0,20,20
NER351,R.D. ENTERPRISE,40,0,80,0,30,0,40,50,0,0,40,20,0,0,50,0,0,0,80,25,0,0,60,20,0,0,60,40,0,0,40,20,0,0,40,20,0,0,40,0,0,0,80,0,0,0,80,0
NEG200,GUPTA TRADERS HARDWARE,55,36,50,27,41,53,110,18,0,0,30,25,0,0,60,52,0,0,105,25,0,0,150,0,0,0,68.5,82,0,0,100,85,0,0,65,52,0,0,60,44,0,0,66,34,0,0,80.5,18
NED263,DADAN PRASAD,40,0,50,40,40,0,0,40,0,0,75,0,0,0,40,20,0,0,40,20,0,0,50,20,0,0,60,20,0,0,50,40,0,0,50,0,0,0,60,20,0,0,60,0,0,0,60,40
NES780,SIRAJ HARDWARE,50,0,70,21.5,50,40,70,90,0,0,80,0,0,0,40,0,0,0,20,20,0,0,40,40,0,0,50,0,0,0,50,0,0,0,50,0,0,0,40,40,0,0,50,40,0,0,80,20
WBL040,LAXMI ENTERPRISES - SALUGARA,1000,1330.6,50,600,1050,306.2,400,1043.75,0,0,750,782.5,0,0,750,807.05,0,0,750,543.6,0,0,600,520.95,0,0,550,550.75,0,0,600,833.25,0,0,850,1026.75,0,0,1050,1076.5,0,0,1000,1717.95,0,0,1200,1629.75
BHS263,SHREE ENTERPRISES,0,0,25,0,0,0,25,0,0,0,0,0,0,0,20,0,0,0,25,0,0,0,20,0,0,0,25,0,0,0,0,0,0,0,0,0,0,0,0,0,0,0,0,0,0,0,0,0
BHS264,SARASWATI TRADERS,150,0,45,90,125,0,50,60,0,0,50,55,0,0,50,51,0,0,50,0,0,0,50,50,0,0,50,0,0,0,50,0,0,0,150,0,0,0,50,0,0,0,150,0,0,0,250,0
BHA103,ADITYA TRADERS - DEORIA,70,60,45,0,80,0,30,0,0,0,15,0,0,0,50,0,0,0,75,0,0,0,50,0,0,0,60,30,0,0,60,75,0,0,70,50,0,0,65,25,0,0,65,0,0,0,80,35
NEM468,MICKLAME HARDWARE,450,213.1,0,322.5,500,70,300,375,0,0,400,350,0,0,250,300,0,0,350,209.65,0,0,300,250,0,0,350,481,0,0,350,493.8,0,0,350,494,0,0,555,480,0,0,600,640,0,0,720,492
BHS262,SANJAY TRADERS - BELDOUR,0,0,0,50,0,0,50,50,0,0,50,25,0,0,50,50,0,0,50,51,0,0,50,25,0,0,50,0,0,0,25,25,0,0,25,0,0,0,25,0,0,0,25,0,0,0,25,0
NEA490,AL AMAN ENTERPRISE,52,61,0,350.5,66,0,200,184,0,0,150,142,0,0,150,154.5,0,0,175,65,0,0,100,13,0,0,80,0,0,0,75,52,0,0,100,26,0,0,30,108,0,0,80,83,0,0,125,39
NES782,SHAKTI HARDWARE,250,215,0,100,225,30,150,225,0,0,300,125,0,0,150,156,0,0,150,50,0,0,200,80,0,0,214,100,0,0,150,105,0,0,100,100,0,0,150,175,0,0,200,200,0,0,300,305.5
NES781,SHREE RAM HARDWARE,20,5,0,7.5,25,5,20,23,0,0,20,12,0,0,20,12,0,0,20,12,0,0,20,12,0,0,22,12,0,0,20,16,0,0,20,8,0,0,20,10.5,0,0,20,9.5,0,0,50,28.5
WBB163,BALAJEE CONSTRUCTION,125,105.5,0,69,125,56.5,70,60,0,0,75,76,0,0,60,156.75,0,0,100,202.5,0,0,150,130.25,0,0,140,112.5,0,0,150,151,0,0,125,151,0,0,100,100,0,0,100,121.5,0,0,100,177
NED264,DONYI POLO HARDWARE,1200,994.8,0,370,1200,398.45,900,630,0,0,1000,1016.55,0,0,1000,981.5,0,0,1000,1011.25,0,0,1000,617,0,0,1100,1020.8,0,0,1100,1228.75,0,0,1200,1201.2,0,0,1800,1541.8,0,0,2000,2009.2,0,0,2200,1582.7
NEA493,A.G. TRADERS,50,45,0,45,80,0,25,75,0,0,50,50,0,0,50,60,0,0,75,30,0,0,50,40,0,0,50,40,0,0,50,50,0,0,50,49,0,0,80,40,0,0,70,40,0,0,70,30
WBS349,SARKAR TRADERS,60,0,0,20,80,0,25,30,0,0,25,0,0,0,25,20,0,0,30,0,0,0,20,0,0,0,50,13,0,0,35,0,0,0,20,0,0,0,25,0,0,0,50,0,0,0,80,0
WBR157,RADHA KRISHNA ENTERPRISE,250,326,0,142,350,55,100,185,0,0,225,150,0,0,110,121,0,0,110,130.75,0,0,200,116.65,0,0,150,130,0,0,150,190.5,0,0,250,226.5,0,0,300,241.25,0,0,250,251.25,0,0,300,283
NED265,DIPRAJ HARDWARE,250,280,0,60,250,50,150,135,0,0,100,150,0,0,150,200,0,0,200,175,0,0,150,125,0,0,200,200,0,0,200,175,0,0,200,205,0,0,200,200,0,0,200,300,0,0,300,276
NEM470,MAA BANABASHI HARDWARE .,25,26.5,0,25,25,0,25,25,0,0,30,0,0,0,25,13,0,0,25,12.5,0,0,25,13,0,0,13,13,0,0,26,0,0,0,13,12,0,0,13,26.5,0,0,26,13,0,0,25,26.5
WBD099,DADA BHAI HARDWARE - BALIHARPUR ,20,50,0,10,20,20,25,25,0,0,25,40,0,0,25,25,0,0,30,20,0,0,20,25,0,0,20,21,0,0,20,20,0,0,20,20,0,0,20,20,0,0,20,26,0,0,25,25
NET207,TRADE WORTH,150,148,0,55,200,127,530,52,0,0,150,27,0,0,175,0,0,0,410,25,0,0,150,0,0,0,126,217,0,0,320,282,0,0,250,288,0,0,230,359.15,0,0,372,372,0,0,465.75,168
WBD098,DAS ENTERPRISE - SOLPARA,100,179.95,0,70,150,20,250,160,0,0,200,106,0,0,150,50,0,0,75,85,0,0,100,0,0,0,50,55,0,0,75,20,0,0,50,24,0,0,50,35,0,0,100,150,0,0,100,133.45
NER352,RM CONSTRUCTIONS,720,336,0,52.5,770,452,200,727,0,0,700,1021.5,0,0,1030,1261,0,0,1200,985.5,0,0,900,702,0,0,770,1015,0,0,1200,1079.75,0,0,1200,1051,0,0,1320,817.75,0,0,1260,1291,0,0,1430,1290
WBS350,S R ENTERPRISE,150,0,0,0,50,0,100,20,0,0,150,20,0,0,25,25,0,0,20,0,0,0,25,0,0,0,20,10,0,0,25,0,0,0,25,0,0,0,200,0,0,0,300,0,0,0,0,0
WBN113,NAJ TIMBER MERCHANTS,200,303.5,0,0,200,20,25,331,0,0,200,418,0,0,200,360.75,0,0,200,303.25,0,0,150,185.5,0,0,175,192.25,0,0,170,174.75,0,0,150,184,0,0,150,156,0,0,160,437,0,0,200,421.25
WBF015,FIROJ HARDWARE AND ELECTRIC,150,160,0,0,150,90,150,179,0,0,150,100,0,0,100,125,0,0,100,140,0,0,100,130,0,0,125,90,0,0,100,90,0,0,100,190,0,0,125,130,0,0,200,140,0,0,120,230
BHK066,KRISHNA TRADERS - VIJAYNAGAR,0,0,0,0,0,0,0,0,0,0,0,0,0,0,0,0,0,0,0,0,0,0,0,0,0,0,0,0,0,0,0,0,0,0,0,0,0,0,0,0,0,0,0,0,0,0,0,0
BHD029,DAS STORE - PURAINI,0,0,0,0,0,0,0,0,0,0,0,0,0,0,0,0,0,0,0,0,0,0,0,0,0,0,0,0,0,0,0,0,0,0,0,0,0,0,0,0,0,0,0,0,0,0,0,0
WBK069,KUNDU TRADERS,20,0,0,0,30,0,25,5,0,0,25,0,0,0,15,0,0,0,25,0,0,0,20,0,0,0,10,0,0,0,20,0,0,0,0,0,0,0,215,0,0,0,0,0,0,0,10,0
WBL041,LAHA ENTERPRISE - TAPAN,70,0,0,0,80,0,25,50,0,0,25,0,0,0,25,10,0,0,30,10,0,0,20,20,0,0,65,0,0,0,30,0,0,0,20,0,0,0,25,0,0,0,0,0,0,0,100,0
BHB079,BHARAT ENTERPRISES - SAHPUR,65,80,0,0,75,0,30,25,0,0,25,25,0,0,45,63.5,0,0,120,5,0,0,60,35,0,0,40,70,0,0,80,10,0,0,60,60,0,0,65,15,0,0,60,20,0,0,50,52.5
NED266,DEYS HARDWARE,100,49,0,0,100,25,0,50,0,0,60,49.5,0,0,50,73,0,0,50,48.5,0,0,50,73.5,0,0,0,73.5,0,0,75,49,0,0,75,73.5,0,0,120,24.5,0,0,120,49,0,0,0,73
NEA494,A R ENTERPRISE,50,40,0,0,80,20,500,52,0,0,66,72,0,0,67.2,80,0,0,100,60,0,0,80,60,0,0,86,53,0,0,110,20,0,0,110,13,0,0,50,26,0,0,80,33,0,0,80,40
NEM471,MS BADANTA HAZARIKA,20,20,0,0,20,0,25,23.5,0,0,20,14,0,0,20,10,0,0,20,15,0,0,0,0,0,0,0,0,0,0,20,15,0,0,30,15,0,0,20,25,0,0,25,0,0,0,30,20
NEN241,NP ENTERPRISE,30,0,0,0,20,0,60,20,0,0,40,20,0,0,40,10,0,0,20,11,0,0,10,10,0,0,20,10,0,0,20,0,0,0,10,20,0,0,10,20,0,0,40,15,0,0,20,20
NES783,SPRING HILLS ENTERPRISES,55,70,0,0,40,0,60,35,0,0,50,0,0,0,65,0,0,0,50,0,0,0,0,0,0,0,0,0,0,0,60,0,0,0,60,0,0,0,0,0,0,0,66,124,0,0,46,70
NET208,THUANS HARDWARE,55,132,0,0,165,0,60,152,0,0,100,95,0,0,160,225.5,0,0,260,242,0,0,150,213,0,0,206.5,212,0,0,200,310.5,0,0,160,162.5,0,0,160,209,0,0,192,163.5,0,0,211.5,183.5
NEG199,GEE BEE ENTERPRISE,35,0,0,0,35,35,35,35,0,0,35,70,0,0,70,70,0,0,70,35,0,0,70,35,0,0,0,0,0,0,70,35,0,0,70,35,0,0,70,0,0,0,70,0,0,0,35,35
NEB400,B.K. HARDWARE,600,878,0,0,700,287,0,642,0,0,500,653,0,0,600,867,0,0,700,741,0,0,500,402.5,0,0,500,555.5,0,0,600,526.5,0,0,600,600.5,0,0,700,586,0,0,700,625.5,0,0,800,669
BHM160,MAA GAYATRI STEEL TRADERS,0,0,0,0,25,0,0,25,0,0,25,0,0,0,0,0,0,0,60,0,0,0,0,0,0,0,0,0,0,0,0,0,0,0,0,0,0,0,0,0,0,0,0,0,0,0,0,0
NEN242,N A ENTERPRISE,75,71,0,0,70,37.5,0,25,0,0,25,22,0,0,37,25,0,0,25,25,0,0,38,22,0,0,25,25.5,0,0,25,51,0,0,50,75,0,0,50,75.5,0,0,50,100,0,0,100,49.5
BHR103,REZA TRADERS,200,165,0,0,225,60,0,170,0,0,100,110,0,0,150,192,0,0,175,180,0,0,100,200,0,0,140,160,0,0,125,141,0,0,150,235,0,0,200,239.5,0,0,250,240,0,0,200,222.5
NEM472,M/S LANKA HARDWARE,80,52,0,0,80,33,0,17,0,0,27.5,34,0,0,33.6,40,0,0,50,60,0,0,50,26,0,0,40,28.5,0,0,50,56,0,0,80,62,0,0,60,78,0,0,80,65,0,0,50,40
NEP310,POHOR ENTERPRISE,30,30,0,0,50,0,0,25,0,0,25,0,0,0,25,25,0,0,25,0,0,0,25,25,0,0,25,0,0,0,25,65,0,0,30,25,0,0,25,25,0,0,25,50,0,0,35,25
WBS351,SANJAY ENTERPRISE,520,1022.05,0,0,1050,299.5,0,103.75,0,0,100,306.5,0,0,200,279,0,0,200,287.45,0,0,200,239.75,0,0,250,220.6,0,0,230,330,0,0,350,464.25,0,0,500,710.6,0,0,540,604.25,0,0,600,994.6
NEP311,PUNIYA HARDWARE .,450,458,0,0,500,66,0,169,0,0,315,393,0,0,400,377,0,0,365,549,0,0,540,447,0,0,540,338,0,0,400,763,0,0,0,526,0,0,500,593,0,0,600,688,0,0,605,421
WBB164,BASUNDHARA CONSTRUCTION,70,145.5,0,0,100,30,0,36,0,0,50,60,0,0,50,54,0,0,50,30,0,0,50,24,0,0,60,46,0,0,60,60,0,0,60,66,0,0,70,70,0,0,100,10,0,0,100,92
BHR104,R K TRADERS AND SUPPLIERS,272,335,0,0,275,105,0,90,0,0,150,205,0,0,125,300,0,0,250,230,0,0,150,320,0,0,150,267.5,0,0,150,210,0,0,250,365,0,0,250,360,0,0,350,270,0,0,225,410
BHN050,NEW GANPATI STEELS,70,65,0,0,55,0,0,50,0,0,45,55,0,0,55,30,0,0,95,40,0,0,80,30,0,0,70,45,0,0,85,50,0,0,65,65,0,0,50,25,0,0,70,30,0,0,70,55
NER353,RATNESHWAR DAS,0,0,0,0,0,0,0,18,0,0,30,25,0,0,33,60,0,0,44,0,0,0,0,0,0,0,0,0,0,0,0,0,0,0,0,0,0,0,0,0,0,0,0,0,0,0,0,0
WBH055,HARDIK SUPPLIER,30,60,0,0,30,5.5,0,10,0,0,25,30,0,0,25,40,0,0,25,50,0,0,25,30,0,0,30,30,0,0,40,30,0,0,30,40,0,0,40,20,0,0,40,20,0,0,20,20
NEN244,NIDHI ENTERPRISE,100,69.85,0,0,120,17.9,0,25,0,0,30,80,0,0,50,121.85,0,0,50,65,0,0,60,80.5,0,0,60,85,0,0,80,81,0,0,90,70,0,0,90,80,0,0,100,125,0,0,120,170
NES786,SISTES BUSINESS HUB,460,939.85,0,0,500,129.6,0,50.5,0,0,100,204.55,0,0,180,450,0,0,250,517.5,0,0,306,431.6,0,0,350,507,0,0,400,527.8,0,0,300,392.25,0,0,500,803.65,0,0,460,819.75,0,0,530,569.1
NEN243,N H HARDWARE,125,100,0,0,125,25,0,25,0,0,50,75,0,0,50,50,0,0,50,100,0,0,100,25,0,0,50,100,0,0,100,75,0,0,100,75,0,0,100,75,0,0,100,100,0,0,100,100
WBR158,RAHA ENTERPRISE,110,173,0,0,100,60,0,0,0,0,25,42,0,0,25,36,0,0,60,24,0,0,50,24,0,0,50,72,0,0,25,73,0,0,50,66,0,0,91,140,0,0,25,259,0,0,100,272
NEB401,BARBHUIYA ENTERPRISE,100,100,0,0,100,0,0,0,0,0,0,25,0,0,49.5,55,0,0,55,68,0,0,49.5,45,0,0,55,56,0,0,105,40,0,0,75,47.5,0,0,152.25,55,0,0,225,100,0,0,90,100
NES788,SHREE HANUMAN HARDWARE,600,400,0,0,800,200,0,0,0,0,0,530,0,0,567,840,0,0,600,660,0,0,800,480,0,0,500,355,0,0,650,380,0,0,680,560,0,0,570,360,0,0,500,710,0,0,1400,580
NEJ201,J HARDWARE,39,26,0,0,52,0,0,0,0,0,0,64.5,0,0,60,65,0,0,52,51,0,0,75,51.5,0,0,65,39,0,0,65,39,0,0,65,38,0,0,65,38,0,0,67,51.5,0,0,95,13
NEH167,HANIF HARDWARE,39,0,0,0,39,0,0,0,0,0,0,26,0,0,52,75,0,0,52,50.5,0,0,75,0,0,0,65,0,0,0,50,13,0,0,65,24.5,0,0,65,12.5,0,0,62,13,0,0,65,25
WBM321,MASUD HARDWARE,0,0,0,0,0,0,0,0,0,0,20,45,0,0,20,32,0,0,45,15,0,0,20,13,0,0,20,0,0,0,50,10,0,0,50,0,0,0,0,0,0,0,120,0,0,0,0,0
NEH168,HILLS HARDWARE STORE,360,360,0,0,350,80,0,0,0,0,0,220,0,0,434.7,345,0,0,469,380,0,0,400,400,0,0,340,400,0,0,400,400,0,0,450,480,0,0,440,360,0,0,440,440,0,0,530,420
NES787,SHYAMJI ENTERPRISES,250,255,0,0,0,60,0,0,0,0,0,85,0,0,70,42.5,0,0,100,87.5,0,0,120,95,0,0,110,80,0,0,130,175,0,0,160,229.65,0,0,220,240.3,0,0,300,460,0,0,450,409.5
NEN245,NEW BHARAT ENTERPRISE,100,109,0,0,75,27,0,0,0,0,0,86.25,0,0,125,90.5,0,0,110,66.75,0,0,292.5,26.75,0,0,82.5,61.85,0,0,89,50,0,0,90,47.5,0,0,78.75,52.5,0,0,115,76,0,0,130,75
WBS352,SHREE SHYAM HARDWARE - SAILIHAT,300,742,0,0,400,176,0,0,0,0,0,212,0,0,172,626,0,0,401,609,0,0,200,305,0,0,300,265,0,0,250,333,0,0,200,675,0,0,450,777,0,0,501,884,0,0,600,755
NEM473,MEDHI ENTERPRISE,36,12.5,0,0,39,24.5,0,0,0,0,0,26,0,0,60,39,0,0,52,26,0,0,75,13,0,0,50,24,0,0,50,12,0,0,52,12,0,0,52,48,0,0,58,36,0,0,90,36.5
NEL138,LADURAM ANAND KUMAR AND CO,0,0,0,0,40,0,0,0,0,0,0,13,0,0,14.56,13,0,0,30,0,0,0,0,0,0,0,0,0,0,0,0,0,0,0,0,0,0,0,0,0,0,0,0,0,0,0,0,0
NES785,S. KHARJANA .,100,204,0,0,200,45,0,0,0,0,0,35,0,0,70,0,0,0,50,65,0,0,65,135,0,0,100,116,0,0,120,427,0,0,300,90,0,0,200,135,0,0,300,210,0,0,150,170
NEE069,EF BEE HARDWARE,50,73,0,0,75,73,0,0,0,0,0,23,0,0,50,46,0,0,60,72,0,0,70,47,0,0,70,72,0,0,75,180,0,0,75,100,0,0,100,125,0,0,120,302,0,0,150,150
WBN114,NEW LOKNATH BUILDERS,0,0,0,0,0,0,0,0,0,0,0,49,0,0,100,50,0,0,100,12,0,0,75,12,0,0,0,0,0,0,0,0,0,0,0,0,0,0,0,0,0,0,0,0,0,0,0,0
NEF033,MAZUMDER HARDWARE,40,30,0,0,40,7.5,0,0,0,0,0,20,0,0,27.5,20.25,0,0,22,25,0,0,27.5,20,0,0,33,15,0,0,26.25,30,0,0,30,30,0,0,44,48,0,0,50,35,0,0,50,40
NER354,R M TRADERS,50,26,0,0,50,26,0,0,0,0,0,39,0,0,50,77,0,0,80,77,0,0,100,51,0,0,50,114,0,0,100,25.5,0,0,75,65.5,0,0,100,52,0,0,125,78.5,0,0,120,77.5
NEG201,G. R. ENTERPRISE,30,30,0,0,25,0,0,0,0,0,0,20,0,0,30,20,0,0,20,20,0,0,20,20,0,0,40,0,0,0,20,0,0,0,40,20,0,0,20,25,0,0,40,25,0,0,40,30
NEA496,ASSAM TRADERS,50,50,0,0,50,0,0,0,0,0,0,27,0,0,40,40,0,0,40,40,0,0,30,0,0,0,30,70,0,0,40,45,0,0,40,37.5,0,0,40,40,0,0,40,42.5,0,0,30,50
NEM469,MS ARV INFRACON,0,0,0,0,0,0,0,0,0,0,0,15,0,0,30,15,0,0,25,0,0,0,0,0,0,0,0,0,0,0,0,0,0,0,0,0,0,0,0,0,0,0,0,0,0,0,0,0
NEV065,VINCO ENTERPRISE,100,60.55,0,0,100,35.75,0,0,0,0,0,22.5,0,0,60,13.5,0,0,50,96,0,0,100,117.25,0,0,150,118.1,0,0,100,88.75,0,0,50,107.35,0,0,120,103,0,0,100,70.5,0,0,80,102.25
NER355,ROHITBIRTH T SANGMA,0,0,0,0,0,0,0,0,0,0,0,16,0,0,0,0,0,0,0,0,0,0,0,0,0,0,0,0,0,0,0,0,0,0,0,0,0,0,0,0,0,0,0,0,0,0,0,0
NET209,TIRUPATI ENTERPRISE,300,295.7,0,0,225,59.05,0,0,0,0,0,0,0,0,0,85.1,0,0,68,222.5,0,0,120,173,0,0,120,325.1,0,0,250,431.5,0,0,350,368.95,0,0,350,284.85,0,0,300,392.65,0,0,320,268.5
NER356,RAJKUMAR WELDING WORKSHOP,30,0,0,0,0,0,0,0,0,0,0,0,0,0,0,-3.15,0,0,30,40,0,0,30,0,0,0,30,0,0,0,40,30,0,0,40,0,0,0,50,15,0,0,50,15,0,0,50,25
NEK228,KAMLA HARDWARE,150,40,0,0,120,50,0,0,0,0,0,0,0,0,0,100,0,0,80,150,0,0,170,100,0,0,170,0,0,0,75,0,0,0,75,90,0,0,110,140,0,0,180,95,0,0,200,50
WBS353,SUBBA STORE,100,124.5,0,0,100,35.5,0,0,0,0,0,0,0,0,0,91,0,0,50,62,0,0,50,24.5,0,0,50,13.5,0,0,50,54,0,0,50,49.25,0,0,50,112,0,0,60,208.25,0,0,100,190.25
NEH169,H.D ENTERPRISES,70,40,0,0,40,8,0,0,0,0,0,0,0,0,0,50,0,0,60,80,0,0,50,59.5,0,0,65,35,0,0,50,52.5,0,0,60,113.9,0,0,90,77,0,0,90,97.5,0,0,100,140.25
NEJ202,JOYRAM HARDWARE,60,78.5,0,0,60,20,0,0,0,0,0,0,0,0,0,44.5,0,0,60,63.5,0,0,40,44,0,0,40,50,0,0,60,40.5,0,0,70,47,0,0,40,57,0,0,60,84,0,0,60,80.5
WBD101,DHANTALA HARDWARE ,200,368,0,0,200,49,0,0,0,0,0,0,0,0,0,125,0,0,151,116,0,0,100,108,0,0,80,128,0,0,100,140,0,0,151,152,0,0,161,410,0,0,256,634,0,0,250,601
NEF034,FRIENDS HARDWARE SHOP,250,360,0,0,300,50,0,0,0,0,0,0,0,0,0,200,0,0,200,199,0,0,150,125,0,0,150,180,0,0,200,125,0,0,150,155,0,0,150,225,0,0,250,254.5,0,0,300,325
NEF035,MONDAL HARDWARE STORE,50,90,0,0,50,0,0,0,0,0,0,0,0,0,0,30,0,0,80,50,0,0,100,25,0,0,75,25,0,0,90,25,0,0,90,50,0,0,50,25,0,0,55,0,0,0,50,85
SKC002,CHAHAT AGARWAL ,95,23,0,0,40,0,0,0,0,0,0,0,0,0,0,143.5,0,0,155,102,0,0,90,74.5,0,0,125,32,0,0,150,41,0,0,60,13.5,0,0,75,0,0,0,30,0,0,0,225,0
NEB403,BABA HOMNATH ENTERPRISE,20,0,0,0,20,4,0,0,0,0,0,0,0,0,0,8,0,0,20,5,0,0,20,0,0,0,22,4,0,0,20,12,0,0,20,7.5,0,0,20,13.5,0,0,20,20,0,0,50,22.5
NES790,SWASTI CEMENT STORES,100,38.85,0,0,100,5,0,0,0,0,0,0,0,0,0,72.5,0,0,80,96.25,0,0,90,149.8,0,0,100,109.5,0,0,100,155.5,0,0,100,116.6,0,0,100,51.5,0,0,100,88.5,0,0,100,50
NES792,N S HARDWARE,20,0,0,0,0,0,0,0,0,0,0,0,0,0,0,39.65,0,0,80,30.35,0,0,60,35,0,0,60,35,0,0,35,25,0,0,30,30,0,0,30,0,0,0,40,0,0,0,20,0
NEA495,AR ES HARDWARE STORE,100,106.5,0,0,100,27,0,0,0,0,0,0,0,0,0,39,0,0,50,118.5,0,0,50,0,0,0,50,77,0,0,50,26.5,0,0,50,106,0,0,100,53,0,0,100,134,0,0,100,51
NER357,RAJIB HARDWARE,60,91,0,0,100,26,0,0,0,0,0,0,0,0,0,66,0,0,70,105,0,0,80,98,0,0,89,91,0,0,120,60,0,0,0,65,0,0,70,61.5,0,0,120,78,0,0,120,65
BHA104,ANANAD TRADERS,20,23,0,0,30,6,0,0,0,0,0,0,0,0,0,53,0,0,0,6,0,0,0,0,0,0,30,30.5,0,0,20,22.5,0,0,50,6.5,0,0,50,46,0,0,50,30.5,0,0,100,29.5
BHR105,RUPESH ENTERPRISES,0,0,0,0,0,0,0,0,0,0,0,0,0,0,0,25,0,0,50,0,0,0,50,15,0,0,75,0,0,0,50,0,0,0,100,0,0,0,75,0,0,0,100,0,0,0,200,0
NER355 ,ROHITBIRTH T SANGMA,0,0,0,0,0,0,0,0,0,0,0,0,0,0,0,16,0,0,20,16,0,0,23,0,0,0,23,0,0,0,0,0,0,0,0,0,0,0,0,0,0,0,0,0,0,0,0,0
SKI001,IRA ENTERPRISE,30,13,0,0,30,0,0,0,0,0,0,0,0,0,0,21.5,0,0,25,24,0,0,25,17,0,0,25,18.5,0,0,25,25.25,0,0,30,11,0,0,25,8.25,0,0,25,14.5,0,0,25,4.5
NEN247,NOOR ENTERPRISE,60,115,0,0,100,47,0,0,0,0,0,0,0,0,0,80,0,0,110,60,0,0,120,47,0,0,86,56.5,0,0,110,56.5,0,0,100,65.25,0,0,80,50.75,0,0,150,64,0,0,100,80
WBZ005,ZIAUR RAHAMAN,150,0,0,0,0,0,0,0,0,0,0,0,0,0,0,14.5,0,0,25,20,0,0,20,15,0,0,15,0,0,0,25,0,0,0,20,0,0,0,0,0,0,0,150,0,0,0,150,0
BHZ004,ZAID ENTERPRISES,50,50,0,0,50,25,0,0,0,0,0,0,0,0,0,25,0,0,50,80,0,0,50,25,0,0,60,75,0,0,50,50,0,0,50,75,0,0,50,110,0,0,90,25,0,0,100,75
NER358,RASHI HARDWARE,60,0,0,0,40,20,0,0,0,0,0,0,0,0,0,20,0,0,30,57.5,0,0,40,40,0,0,40,20,0,0,20,40,0,0,40,40,0,0,40,50,0,0,50,85,0,0,100,95
BHS267,SHIVAM ENTERPRISES - VAISHALI,25,25,0,0,35,10,0,0,0,0,0,0,0,0,0,50,0,0,105,0,0,0,50,0,0,0,40,10,0,0,20,0,0,0,0,0,0,0,20,0,0,0,25,0,0,0,40,12.5
WBS354,SARKAR HARDWARE - PANDEPUR ,50,0,0,0,50,25,0,0,0,0,0,0,0,0,0,75,0,0,75,10,0,0,50,25,0,0,25,0,0,0,25,0,0,0,100,0,0,0,0,0,0,0,250,0,0,0,500,0
BHS268,SALEHA TRADERS,250,250,0,0,175,60,0,0,0,0,0,0,0,0,0,90,0,0,160,175,0,0,200,195,0,0,150,150,0,0,125,153,0,0,100,185,0,0,225,248,0,0,300,225,0,0,150,180
NEB404,B S ASSOCIATE,80,40,0,0,120,40,0,0,0,0,0,0,0,0,0,40,0,0,80,120,0,0,80,200,0,0,160,160,0,0,160,120,0,0,120,160,0,0,200,40,0,0,80,120,0,0,120,40
NEK229,KAJIRAM SALOI HARDWARE,60,69.1,0,0,60,25.5,0,0,0,0,0,0,0,0,0,9.5,0,0,26,31.5,0,0,44,43,0,0,31,62.5,0,0,31,37,0,0,31,24,0,0,37,23.5,0,0,48,88.5,0,0,60,57.5
BHS266,SHREE BAJRANG TRADERS,25,25,0,0,25,0,0,0,0,0,0,0,0,0,0,25,0,0,50,0,0,0,25,25,0,0,75,0,0,0,150,50,0,0,140,25,0,0,25,25,0,0,25,0,0,0,25,25
SKM004,MUKESH AGARWAL,45,50.5,0,0,60,5,0,0,0,0,0,0,0,0,0,12,0,0,25,25.5,0,0,40,10,0,0,20,24,0,0,29.6625,37,0,0,45,10,0,0,30,31.5,0,0,35,33.5,0,0,30,29.5
SKK005,KARAN AGARWAL,0,0,0,0,0,0,0,0,0,0,0,0,0,0,0,25,0,0,35,24.5,0,0,25,0,0,0,25,0,0,0,15,0,0,0,0,0,0,0,10,0,0,0,0,0,0,0,0,0
NEP312,M/S DOWARH SAWN TIMBER TRADING,20,0,0,0,0,0,0,0,0,0,0,0,0,0,0,35,0,0,30,14.5,0,0,20,0,0,0,20,18.5,0,0,20,0,0,0,20,28,0,0,30,12,0,0,20,19,0,0,20,0
NEB402,BIRBAL KRISHI CORNER,0,0,0,0,0,0,0,0,0,0,0,0,0,0,0,20,0,0,40,20,0,0,30,0,0,0,40,0,0,0,30,0,0,0,60,0,0,0,40,0,0,0,100,0,0,0,0,0
NEF036,MANGAM ASSOCIATE,40,20,0,0,80,0,0,0,0,0,0,0,0,0,0,0,0,0,30,0,0,0,50,20,0,0,22,20,0,0,20,0,0,0,40,20,0,0,40,20,0,0,80,20,0,0,120,20
NEP313,PANNA ALLUMINIUM,20,0,0,0,0,0,0,0,0,0,0,0,0,0,0,0,0,0,20,1.5,0,0,30,0,0,0,30,0,0,0,30,0,0,0,30,3,0,0,40,4.5,0,0,40,0,0,0,40,4
NEB405,BHAKTA HARDWARE,20,20,0,0,0,0,0,0,0,0,0,0,0,0,0,0,0,0,20,0,0,0,30,0,0,0,30,0,0,0,30,20,0,0,30,20,0,0,30,39.2,0,0,60,0,0,0,60,20
NES789,S P HARDWARE,0,0,0,0,0,0,0,0,0,0,0,0,0,0,0,0,0,0,20,0,0,0,0,0,0,0,0,0,0,0,0,0,0,0,0,0,0,0,25,0,0,0,0,0,0,0,0,0
NEA497 ,AK TRADERS,75,35,0,0,75,0,0,0,0,0,0,0,0,0,0,0,0,0,50,0,0,0,0,0,0,0,0,0,0,0,0,54,0,0,100,35,0,0,45,70,0,0,90,70,0,0,90.75,35
NES784,S R TRADING,0,0,0,0,0,0,0,0,0,0,0,0,0,0,0,0,0,0,0,0,0,0,0,0,0,0,0,0,0,0,475,0,0,0,35,0,0,0,0,0,0,0,35,0,0,0,0,0
NEF037,MAA MANASHA HARDWARE,76,143,0,0,83.6,38.5,0,0,0,0,0,0,0,0,0,0,0,0,25,50,0,0,50,72,0,0,50,75,0,0,100,107.5,0,0,100,112.5,0,0,50,132.5,0,0,120,178.5,0,0,200,96
NEL139,LAXMI ENTERPRISE,0,0,0,0,0,0,0,0,0,0,0,0,0,0,0,0,0,0,25,0,0,0,0,0,0,0,12.5,13,0,0,25,13,0,0,48,0,0,0,13,0,0,0,0,0,0,0,0,0
NES791,SHREE SAI ENTERPRISE,40,25,0,0,22,0,0,0,0,0,0,0,0,0,0,0,0,0,24,0,0,0,40,0,0,0,0,0,0,0,24,21,0,0,24,51,0,0,22,46.5,0,0,44,54.5,0,0,55,26.5
NED267,D.R. TRADERS,40,0,0,0,22,0,0,0,0,0,0,0,0,0,0,0,0,0,24,0,0,0,0,0,0,0,50,50.25,0,0,60,50,0,0,60,46,0,0,55,39.5,0,0,55,55.5,0,0,55,49.5
NEN246,NAZARITH ENTERPRISE,0,0,0,0,0,0,0,0,0,0,0,0,0,0,0,0,0,0,0,0,0,0,0,0,0,0,0,0,0,0,50,0,0,0,100,0,0,0,0,0,0,0,0,0,0,0,0,0
NEN249,NUTEI HARDWARE,50,58,0,0,60,17,0,0,0,0,0,0,0,0,0,0,0,0,65,111.25,0,0,100,56.5,0,0,80,35,0,0,70,49,0,0,30,57,0,0,60,19,0,0,50,59,0,0,50,57
NEJ203,J.S ENTERPRISE,30,0,0,0,22,0,0,0,0,0,0,0,0,0,0,0,0,0,10,0,0,0,10,16,0,0,20,56,0,0,60,48,0,0,40,17,0,0,33,18,0,0,33,27,0,0,22,9
NEA498,ASIT NATH,0,0,0,0,25,10,0,0,0,0,0,0,0,0,0,0,0,0,40,7,0,0,50,5,0,0,30,0,0,0,0,15,0,0,30,4,0,0,20,0,0,0,5,0,0,0,0,5
NEJ204,JAI MAA LAKSHMI HARDWARE AND ELECTR,20,13,0,0,20,13,0,0,0,0,0,0,0,0,0,0,0,0,0,13,0,0,40,0,0,0,26,29,0,0,55,0,0,0,40,0,0,0,30,0,0,0,30,0,0,0,30,0
BHV029,VATIKA DEPO,50,30,0,0,50,0,0,0,0,0,0,0,0,0,0,0,0,0,25,25,0,0,25,25,0,0,25,0,0,0,25,25,0,0,25,25,0,0,25,0,0,0,25,25,0,0,50,125
NEB406,BALAJI HARDWARE AND STEELS,50,52,0,0,100,0,0,0,0,0,0,0,0,0,0,0,0,0,0,80,0,0,90,52,0,0,120,78,0,0,100,76,0,0,100,0,0,0,100,0,0,0,150,252,0,0,250,118
NET210,T.R TRADER,55,0,0,0,105,0,0,0,0,0,0,0,0,0,0,0,0,0,0,25,0,0,150,25,0,0,68.5,65,0,0,65,25,0,0,55,63.25,0,0,80,37.5,0,0,66,25,0,0,40.25,12.5
SKS012,SUSHIL GUPTA,50,18,0,0,50,0,0,0,0,0,0,0,0,0,0,0,0,0,0,10,0,0,35,18.5,0,0,20,21,0,0,18.15,5.5,0,0,15,9.5,0,0,18,9,0,0,30,19,0,0,25,32.5
SKK006,KEDAR MUNDRA,0,0,0,0,0,0,0,0,0,0,0,0,0,0,0,0,0,0,0,28,0,0,25,56,0,0,60,25,0,0,39.96666667,0,0,0,15,17,0,0,30,0,0,0,30,0,0,0,50,0
NER360,RAZA HARDWARE,40,0,0,0,0,0,0,0,0,0,0,0,0,0,0,0,0,0,0,20,0,0,50,50,0,0,50,50,0,0,60,50,0,0,60,15,0,0,44,0,0,0,44,0,0,0,55,33.5
NER359,RESHMA ENTERPRISE,20,12.5,0,0,13,0,0,0,0,0,0,0,0,0,0,0,0,0,0,12.5,0,0,38,12.5,0,0,25,12.5,0,0,24,12.5,0,0,25,12.5,0,0,25,25,0,0,0,25,0,0,25,26
NEY015,SINGH TRADERS,80,100,0,0,80,0,0,0,0,0,0,0,0,0,0,0,0,0,0,40,0,0,0,0,0,0,40,39.95,0,0,50,37.5,0,0,40,139.1,0,0,90,60,0,0,100,40,0,0,100,96
NEB407,BARUAH HARDWARE,70,12.5,0,0,80,50,0,0,0,0,0,0,0,0,0,0,0,0,0,40,0,0,80,70,0,0,85,80,0,0,80,50,0,0,120,90,0,0,120,150,0,0,120,160,0,0,150,170
NEN250,NEW HARDWARE,13,0,0,0,14.3,0,0,0,0,0,0,0,0,0,0,0,0,0,0,13,0,0,50,13,0,0,50,13,0,0,45,26,0,0,50,12.5,0,0,30,0,0,0,30,0,0,0,25,0
NEK230,KASHOB KACHARI,50,57.5,0,0,60,13.5,0,0,0,0,0,0,0,0,0,0,0,0,0,20,0,0,20,20,0,0,30,57,0,0,30,37,0,0,30,50,0,0,50,90,0,0,70,56.5,0,0,70,85
SKN005,NIRMAL AGARWAL,25,34.5,0,0,30,0,0,0,0,0,0,0,0,0,0,0,0,0,0,10,0,0,25,11.5,0,0,20,22,0,0,11.9625,5.5,0,0,15,4,0,0,12,5,0,0,15,0,0,0,15,6
NES794,SANGMA HARDWARE STORE,0,0,0,0,0,0,0,0,0,0,0,0,0,0,0,0,0,0,0,30,0,0,50,0,0,0,50,0,0,0,25,0,0,0,0,0,0,0,0,5,0,0,25,0,0,0,40,0
NES795,MAA SARADA TRADERS,100,0,0,0,100,35,0,0,0,0,0,0,0,0,0,0,0,0,0,0,0,0,0,22.5,0,0,50,50,0,0,50,50,0,0,60,77,0,0,75,133,0,0,115,117,0,0,120,85
NET211,THAKURIA ENTERPRISE,100,130,0,0,110,52,0,0,0,0,0,0,0,0,0,0,0,0,0,0,0,0,0,65,0,0,60,143,0,0,100,116.5,0,0,120,156,0,0,80,169,0,0,120,130,0,0,150,156.5
NEH171,HAMIM ENTERPRISE,150,182,0,0,150,50,0,0,0,0,0,0,0,0,0,0,0,0,0,0,0,0,0,50,0,0,100,100,0,0,150,100,0,0,100,155,0,0,150,155,0,0,150,100,0,0,150,206
BHM161,MAA DURGA TRADING,30,18,0,0,30,5,0,0,0,0,0,0,0,0,0,0,0,0,0,0,0,0,0,26.6,0,0,30,10.5,0,0,20,7.75,0,0,60,16.5,0,0,60,33.25,0,0,50,13,0,0,100,24.5
NER361,ROBERT ZOMAWIA STREET,23,44,0,0,50,0,0,0,0,0,0,0,0,0,0,0,0,0,0,0,0,0,0,48,0,0,30,22,0,0,30,41,0,0,30,22,0,0,45,44,0,0,30,44,0,0,25,44
NEF038,MEGH HARDWARE,25,185,0,0,150,0,0,0,0,0,0,0,0,0,0,0,0,0,0,0,0,0,0,70,0,0,23,70,0,0,70,148,0,0,70,100,0,0,130,70,0,0,150,88,0,0,150,164
BHS269,SAH STEEL,25,30,0,0,25,25,0,0,0,0,0,0,0,0,0,0,0,0,0,0,0,0,0,25,0,0,50,25,0,0,25,25,0,0,25,40,0,0,25,50,0,0,25,25,0,0,25,30
NET213,THE HANDY HUB,120,80,0,0,120,80,0,0,0,0,0,0,0,0,0,0,0,0,0,0,0,0,0,40,0,0,120,160,0,0,120,120,0,0,120,120,0,0,160,160,0,0,120,160,0,0,120,120
NET212,TADUK ENTERPRISES,20,0,0,0,0,0,0,0,0,0,0,0,0,0,0,0,0,0,0,0,0,0,0,70,0,0,60,75,0,0,80,39,0,0,30,67.5,0,0,90,45,0,0,80,0,0,0,30,0
NEA500,AHMED ENTERPRISE,25,0,0,0,13,0,0,0,0,0,0,0,0,0,0,0,0,0,0,0,0,0,0,12.5,0,0,26,47,0,0,37,25,0,0,25,37.5,0,0,25,49,0,0,25,34.5,0,0,50,25.5
NEN252,NARAYAN TRADING,20,35,0,0,20,3.5,0,0,0,0,0,0,0,0,0,0,0,0,0,0,0,0,0,3.5,0,0,30,33,0,0,20,25,0,0,30,24.5,0,0,25,28.5,0,0,40,27.5,0,0,20,21
WBT075,TAJEM ENTERPRISE,80,200,0,0,100,65,0,0,0,0,0,0,0,0,0,0,0,0,0,0,0,0,0,24,0,0,25,63,0,0,25,65,0,0,60,57,0,0,60,108.5,0,0,100,140,0,0,80,175
NEV066,VELIS HARDWARE,100,270,0,0,100,46,0,0,0,0,0,0,0,0,0,0,0,0,0,0,0,0,0,30,0,0,100,47,0,0,40,0,0,0,20,45,0,0,50,131,0,0,100,35,0,0,50,26
NES797,SHREE JAGANNATH ENTERPRISE,50,20,0,0,40,20,0,0,0,0,0,0,0,0,0,0,0,0,0,0,0,0,0,20,0,0,20,5,0,0,34,20,0,0,30,20,0,0,20,30,0,0,30,40,0,0,40,20
BHJ062,JAY MAA KAMAKHYA ENTERPRISES,0,0,0,0,0,0,0,0,0,0,0,0,0,0,0,0,0,0,0,0,0,0,0,6,0,0,0,6,0,0,20,0,0,0,60,0,0,0,120,0,0,0,100,0,0,0,0,0
NEN251,NAMBAT R MARAK,25,25,0,0,25,30,0,0,0,0,0,0,0,0,0,0,0,0,0,0,0,0,0,25,0,0,25,0,0,0,25,25,0,0,25,0,0,0,50,0,0,0,25,0,0,0,25,25
NEN255,M/S NOUFA HARDWARE,0,0,0,0,0,0,0,0,0,0,0,0,0,0,0,0,0,0,0,0,0,0,0,0,0,0,0,20,0,0,50,17.5,0,0,50,0,0,0,20,0,0,0,0,0,0,0,0,0
NEF045,M.S. ENTERPRISE,20,0,0,0,20,0,0,0,0,0,0,0,0,0,0,0,0,0,0,0,0,0,0,0,0,0,0,11.5,0,0,20,13.5,0,0,20,3,0,0,20,12.5,0,0,20,0,0,0,20,0
WBS355,SARKAR BUILDERS AND SUPPLIERS,100,109,0,0,100,26,0,0,0,0,0,0,0,0,0,0,0,0,0,0,0,0,0,0,0,0,0,24.5,0,0,25,75,0,0,60,124.5,0,0,100,225,0,0,230,325,0,0,430,430.5
NEA501,ALBAN HARDWARE,30,0,0,0,20,0,0,0,0,0,0,0,0,0,0,0,0,0,0,0,0,0,0,0,0,0,0,24,0,0,35,31,0,0,60,33,0,0,40,15,0,0,50,26.5,0,0,50,7
NEH175,HAZRAT HARDWARE,20,0,0,0,20,0,0,0,0,0,0,0,0,0,0,0,0,0,0,0,0,0,0,0,0,0,0,21,0,0,25,21,0,0,40,30,0,0,40,31.5,0,0,60,7.5,0,0,60,8
WBR159,RAJ CONSULTANCY & CONSTRUCTION,80,90,0,0,60,20,0,0,0,0,0,0,0,0,0,0,0,0,0,0,0,0,0,0,0,0,0,53.5,0,0,50,40,0,0,40,50,0,0,50,55,0,0,30,65,0,0,40,95
NEA499,AKHONG Z. ENTERPRISE,100,30,0,0,60,30,0,0,0,0,0,0,0,0,0,0,0,0,0,0,0,0,0,0,0,0,0,15,0,0,45,30,0,0,60,30,0,0,50,45,0,0,80,45,0,0,80,105
NEI055,ISLAM ENTERPRISE,25,25.5,0,0,13,13,0,0,0,0,0,0,0,0,0,0,0,0,0,0,0,0,0,0,0,0,0,12.5,0,0,24,12.5,0,0,25,25,0,0,25,24.5,0,0,25,50.5,0,0,50,25
NED268,DEEPANJALI STORE,40,0,0,0,40,20,0,0,0,0,0,0,0,0,0,0,0,0,0,0,0,0,0,0,0,0,0,20,0,0,30,20,0,0,40,20,0,0,20,20,0,0,50,20,0,0,40,20
BHS270,SANAYA ENTERPRISES,0,0,0,0,50,0,0,0,0,0,0,0,0,0,0,0,0,0,0,0,0,0,0,0,0,0,0,30,0,0,100,0,0,0,100,0,0,0,150,50,0,0,50,0,0,0,25,0
NES806,SAI ENTERPRISE,0,0,0,0,0,0,0,0,0,0,0,0,0,0,0,0,0,0,0,0,0,0,0,0,0,0,0,10,0,0,20,20,0,0,25,0,0,0,20,0,0,0,46,0,0,0,0,0
NEY017,YAI ENTERPRISES,220,208,0,0,155,85,0,0,0,0,0,0,0,0,0,0,0,0,0,0,0,0,0,0,0,0,0,18,0,0,170,73,0,0,105,302,0,0,160,233,0,0,192,273,0,0,362.25,322
NEJ205,J AND R BUSINESS,20,0,0,0,0,0,0,0,0,0,0,0,0,0,0,0,0,0,0,0,0,0,0,0,0,0,0,34,0,0,40,45.25,0,0,20,4.5,0,0,20,0,0,0,20,0,0,0,0,0
NEL141,LALRINMUANI HARDWARE,80,152,0,0,70,26,0,0,0,0,0,0,0,0,0,0,0,0,0,0,0,0,0,0,0,0,0,30,0,0,20,0,0,0,20,30,0,0,50,140,0,0,80,79,0,0,50,72
NEB408,SHREE BALAJI HARDWARE,64,104.45,0,0,100,34,0,0,0,0,0,0,0,0,0,0,0,0,0,0,0,0,0,0,0,0,0,5,0,0,35,197.5,0,0,35,40,0,0,45,122.5,0,0,125,110.5,0,0,150,38.5
NEF039,MERRYBELL KHONGSNI,23,0,0,0,22,0,0,0,0,0,0,0,0,0,0,0,0,0,0,0,0,0,0,0,0,0,0,27,0,0,52,79,0,0,52,0,0,0,50,26,0,0,36,0,0,0,36,0
NEP314,PANDEY FURNITURE & JAYDEEP TRADERS,0,30,0,0,25,0,0,0,0,0,0,0,0,0,0,0,0,0,0,0,0,0,0,0,0,0,0,25,0,0,35,30,0,0,35,30,0,0,60,0,0,0,60,30,0,0,76,0
NEU053,URBAN HARDWARE,55,55,0,0,25,30,0,0,0,0,0,0,0,0,0,0,0,0,0,0,0,0,0,0,0,0,0,25,0,0,25,0,0,0,25,0,0,0,55,0,0,0,60,0,0,0,60,0
NES800,SWASTIC ENTERPRISE,55,0,0,0,50,30,0,0,0,0,0,0,0,0,0,0,0,0,0,0,0,0,0,0,0,0,0,30,0,0,25,30,0,0,25,90,0,0,100,120,0,0,60,60,0,0,60,90
BHS265,SHREE SIDDHIVINAYAK TRADERS,0,0,0,0,0,0,0,0,0,0,0,0,0,0,0,0,0,0,0,0,0,0,0,0,0,0,0,0,0,0,0,0,0,0,0,0,0,0,0,0,0,0,0,0,0,0,0,0
WBP094,PRASANTA PAL,0,0,0,0,0,0,0,0,0,0,0,0,0,0,0,0,0,0,0,0,0,0,0,0,0,0,0,0,0,0,0,0,0,0,0,0,0,0,0,0,0,0,0,0,0,0,0,0
WBA164,ALISA ENTERPRISE ,50,36,0,0,40,27,0,0,0,0,0,0,0,0,0,0,0,0,0,0,0,0,0,0,0,0,0,0,0,0,35,0,0,0,0,0,0,0,0,27.5,0,0,30,42.5,0,0,0,48
SKA003,ANAISHA TRADING,0,0,0,0,0,0,0,0,0,0,0,0,0,0,0,0,0,0,0,0,0,0,0,0,0,0,0,0,0,0,0,0,0,0,0,0,0,0,0,0,0,0,0,0,0,0,0,0
BHP050,P.K.TRADERS,0,0,0,0,0,0,0,0,0,0,0,0,0,0,0,0,0,0,0,0,0,0,0,0,0,0,0,0,0,0,25,0,0,0,25,0,0,0,0,0,0,0,25,0,0,0,30,0
BHL020,LAKSHMI ENTERPRISES,25,30,0,0,25,30,0,0,0,0,0,0,0,0,0,0,0,0,0,0,0,0,0,0,0,0,0,0,0,0,25,25,0,0,25,25,0,0,25,30,0,0,25,25,0,0,25,50
BHS271,SAWAN ENTERPRISES,60,48.5,0,0,100,12.5,0,0,0,0,0,0,0,0,0,0,0,0,0,0,0,0,0,0,0,0,0,0,0,0,35,11,0,0,60,16,0,0,80,35,0,0,100,40,0,0,160,33
BHS272,SUNRISE HARDWARES,0,0,0,0,0,0,0,0,0,0,0,0,0,0,0,0,0,0,0,0,0,0,0,0,0,0,0,0,0,0,50,0,0,0,50,0,0,0,25,0,0,0,0,0,0,0,0,0
NES805,S R HARDWARE,20,27.5,0,0,20,0,0,0,0,0,0,0,0,0,0,0,0,0,0,0,0,0,0,0,0,0,0,0,0,0,30,0,0,0,20,0,0,0,20,25,0,0,30,20,0,0,30,0
NEA506,AB HOME SOLUTION,160,100,0,0,132,40,0,0,0,0,0,0,0,0,0,0,0,0,0,0,0,0,0,0,0,0,0,0,0,0,0,20,0,0,30,200,0,0,110,140,0,0,157.5,140,0,0,55,160
NES796,SKELAND NONGSIEJ,23,50,0,0,45,25,0,0,0,0,0,0,0,0,0,0,0,0,0,0,0,0,0,0,0,0,0,0,0,0,0,50,0,0,0,25,0,0,50,50,0,0,50,75,0,0,50,25
WBL042,LATIFUL HARDWARE,250,731,0,0,300,120,0,0,0,0,0,0,0,0,0,0,0,0,0,0,0,0,0,0,0,0,0,0,0,0,0,55,0,0,50,200,0,0,100,325,0,0,200,600,0,0,250,701
NEP320,P G ENTERPRISE,200,285,0,0,200,55,0,0,0,0,0,0,0,0,0,0,0,0,0,0,0,0,0,0,0,0,0,0,0,0,0,205,0,0,230,260.5,0,0,250,325,0,0,350,370,0,0,350,454
NES810,SONA HARDWARE,30,47,0,0,33,4,0,0,0,0,0,0,0,0,0,0,0,0,0,0,0,0,0,0,0,0,0,0,0,0,0,17,0,0,60,12,0,0,30,36,0,0,50,70,0,0,56,28
NEF042,FRIDAY HINGE,23,55.5,0,0,45,28,0,0,0,0,0,0,0,0,0,0,0,0,0,0,0,0,0,0,0,0,0,0,0,0,0,85,0,0,0,43,0,0,56,55,0,0,70,27.5,0,0,70,82.5
NEF050,A.P ENTERPRISE,70,0,0,0,0,0,0,0,0,0,0,0,0,0,0,0,0,0,0,0,0,0,0,0,0,0,0,0,0,0,0,105,0,0,105,105,0,0,105,105,0,0,105,105,0,0,105,119.8
NEF043,M M HARDWARE,0,0,0,0,0,0,0,0,0,0,0,0,0,0,0,0,0,0,0,0,0,0,0,0,0,0,0,0,0,0,0,13,0,0,20,0,0,0,0,0,0,0,0,13,0,0,0,0
NEA503,AMBIKA HARDWARE,40,20,0,0,20,0,0,0,0,0,0,0,0,0,0,0,0,0,0,0,0,0,0,0,0,0,0,0,0,0,0,20,0,0,40,40,0,0,40,20,0,0,40,5,0,0,20,15
NEN256,NT HARDWARE,20,25,0,0,55,5,0,0,0,0,0,0,0,0,0,0,0,0,0,0,0,0,0,0,0,0,0,0,0,0,0,34,0,0,40,49.5,0,0,60,66,0,0,60,16.5,0,0,50,0
NEK232,KRISHNA ENTERPRISES,20,3,0,0,20,10.5,0,0,0,0,0,0,0,0,0,0,0,0,0,0,0,0,0,0,0,0,0,0,0,0,0,8,0,0,20,31.5,0,0,20,20.5,0,0,30,5,0,0,20,3
NEP321,PAO FURNITURE,100,120,0,0,110,0,0,0,0,0,0,0,0,0,0,0,0,0,0,0,0,0,0,0,0,0,0,0,0,0,0,80,0,0,80,100,0,0,100,117.5,0,0,80,140,0,0,160,145
NEC145,CHAKRAPANI BUILDMART,40,10.5,0,0,22,0,0,0,0,0,0,0,0,0,0,0,0,0,0,0,0,0,0,0,0,0,0,0,0,0,0,4.5,0,0,60,52.5,0,0,77,17.5,0,0,77,21,0,0,77,13
NEN258,NARAYAN ENTERPRISE,60,7,0,0,50,0,0,0,0,0,0,0,0,0,0,0,0,0,0,0,0,0,0,0,0,0,0,0,0,0,0,20,0,0,30,33.5,0,0,30,20,0,0,52,65,0,0,40,35
NEB410,BHALUKPONG HARDWARE,40,37.65,0,0,80,0,0,0,0,0,0,0,0,0,0,0,0,0,0,0,0,0,0,0,0,0,0,0,0,0,0,40,0,0,80,0,0,0,80,40,0,0,80,40,0,0,120,40
NET215,T T ENTERPRISES,100,42,0,0,80,0,0,0,0,0,0,0,0,0,0,0,0,0,0,0,0,0,0,0,0,0,0,0,0,0,0,0,0,0,45,52.7,0,0,111,87.75,0,0,200,84,0,0,130,60
NEI056,IR ENTERPRISES,120,63,0,0,100,23,0,0,0,0,0,0,0,0,0,0,0,0,0,0,0,0,0,0,0,0,0,0,0,0,0,0,0,0,130,135.5,0,0,120,145,0,0,123,174.5,0,0,150,160
NES793,S. B. TRADERS,0,0,0,0,0,0,0,0,0,0,0,0,0,0,0,0,0,0,0,0,0,0,0,0,0,0,0,0,0,0,0,0,0,0,20,0,0,0,20,0,0,0,0,0,0,0,0,0
NEF046,MUKUTA BORAH AND BROTHERS,20,0,0,0,0,0,0,0,0,0,0,0,0,0,0,0,0,0,0,0,0,0,0,0,0,0,0,0,0,0,0,0,0,0,20,0,0,0,20,10,0,0,20,0,0,0,20,0
NEN259,NEXSTONE INFRASTRUCTURE,160,82,0,0,105,60,0,0,0,0,0,0,0,0,0,0,0,0,0,0,0,0,0,0,0,0,0,0,0,0,0,0,0,0,110,215,0,0,160,100,0,0,192,203,0,0,307.25,83
NES813,SHOHE ENTERPRISES,0,0,0,0,0,0,0,0,0,0,0,0,0,0,0,0,0,0,0,0,0,0,0,0,0,0,0,0,0,0,0,0,0,0,75,0,0,0,35,0,0,0,35,0,0,0,35,0
NEA511,MR ANOWAR HUSSAINE,100,75,0,0,100,25,0,0,0,0,0,0,0,0,0,0,0,0,0,0,0,0,0,0,0,0,0,0,0,0,0,0,0,0,50,75,0,0,75,100,0,0,100,50,0,0,100,75
NER401,RR ENTERPRISE,20,163,0,0,80,4,0,0,0,0,0,0,0,0,0,0,0,0,0,0,0,0,0,0,0,0,0,0,0,0,0,0,0,0,20,0,0,0,0,0,0,0,20,103,0,0,100,69
WBM322,MIR ENTERPRISE,100,53,0,0,80,10,0,0,0,0,0,0,0,0,0,0,0,0,0,0,0,0,0,0,0,0,0,0,0,0,0,0,0,0,25,61,0,0,50,79.9,0,0,50,60.7,0,0,80,105
WBD102,DAS PLANNNER AND SUPPLIER,40,20,0,0,20,2,0,0,0,0,0,0,0,0,0,0,0,0,0,0,0,0,0,0,0,0,0,0,0,0,0,0,0,0,25,21,0,0,20,20,0,0,30,17.75,0,0,20,45.5
NEJ207,J.B ASSOCIATE,100,163,0,0,90,22,0,0,0,0,0,0,0,0,0,0,0,0,0,0,0,0,0,0,0,0,0,0,0,0,0,0,0,0,0,123,0,0,50,128,0,0,0,164.5,0,0,100,195
NEB411,BINAPANI ENTERPRISE,25,0,0,0,27.5,0,0,0,0,0,0,0,0,0,0,0,0,0,0,0,0,0,0,0,0,0,0,0,0,0,0,0,0,0,0,52,0,0,30,51.5,0,0,40,65,0,0,75,26
NES814,SILVER TRADE CENTRE,40,8,0,0,22,0,0,0,0,0,0,0,0,0,0,0,0,0,0,0,0,0,0,0,0,0,0,0,0,0,0,0,0,0,0,21,0,0,55,27,0,0,33,31.5,0,0,55,21
NEJ208,JYOTI ENTERPRISE,20,24,0,0,20,12.5,0,0,0,0,0,0,0,0,0,0,0,0,0,0,0,0,0,0,0,0,0,0,0,0,0,0,0,0,0,25,0,0,20,15,0,0,20,10,0,0,20,15
NEA509,ANISUL TRADERS,20,5,0,0,20,5,0,0,0,0,0,0,0,0,0,0,0,0,0,0,0,0,0,0,0,0,0,0,0,0,0,0,0,0,0,15,0,0,20,30,0,0,40,10,0,0,20,20
NEK233,KANTI MAJUMDER,30,23,0,0,40,31,0,0,0,0,0,0,0,0,0,0,0,0,0,0,0,0,0,0,0,0,0,0,0,0,0,0,0,0,0,26.5,0,0,30,15,0,0,30,26,0,0,30,30
NED270,DATTA ENTERPRISE,50,46,0,0,50,3,0,0,0,0,0,0,0,0,0,0,0,0,0,0,0,0,0,0,0,0,0,0,0,0,0,0,0,0,0,30,0,0,30,42.5,0,0,35,63,0,0,35,74
NEF048,MAA RASHMI HARDWARE,50,52,0,0,55,13,0,0,0,0,0,0,0,0,0,0,0,0,0,0,0,0,0,0,0,0,0,0,0,0,0,0,0,0,0,25.5,0,0,50,38,0,0,50,65,0,0,66,65
BHM162,M U ENTERPRISES,115,25,0,0,75,25,0,0,0,0,0,0,0,0,0,0,0,0,0,0,0,0,0,0,0,0,0,0,0,0,0,0,0,0,0,50,0,0,50,60,0,0,50,100,0,0,50,75
BHR106,RAHEEL HARDWARE,120,208,0,0,125,65,0,0,0,0,0,0,0,0,0,0,0,0,0,0,0,0,0,0,0,0,0,0,0,0,0,0,0,0,0,93,0,0,100,177.5,0,0,150,174,0,0,100,205.5
NEU054,USHA ENGINEERING FABRICATION,50,16.3,0,0,60,4,0,0,0,0,0,0,0,0,0,0,0,0,0,0,0,0,0,0,0,0,0,0,0,0,0,0,0,0,0,10,0,0,20,25,0,0,25,45,0,0,40,45
NEK236,KISAN ENTERPRISE,75,26,0,0,70,13,0,0,0,0,0,0,0,0,0,0,0,0,0,0,0,0,0,0,0,0,0,0,0,0,0,0,0,0,0,25,0,0,75,81.5,0,0,75,62.5,0,0,100,51
NEC146,C R ENTERPRISE,130,130,0,0,150,15,0,0,0,0,0,0,0,0,0,0,0,0,0,0,0,0,0,0,0,0,0,0,0,0,0,0,0,0,0,55,0,0,110,140,0,0,120,225,0,0,150,273.5
NEJ209,I H ENTERPRISE,120,140,0,0,120,40,0,0,0,0,0,0,0,0,0,0,0,0,0,0,0,0,0,0,0,0,0,0,0,0,0,0,0,0,0,78.85,0,0,120,80,0,0,160,80,0,0,160,120
NED271,DHING IRON STORE,140,200,0,0,160,60,0,0,0,0,0,0,0,0,0,0,0,0,0,0,0,0,0,0,0,0,0,0,0,0,0,0,0,0,0,40,0,0,40,80,0,0,60,120,0,0,60,200
NEA497,AK TRADERS,0,35,0,0,0,35,0,0,0,0,0,0,0,0,0,0,0,0,0,0,0,0,0,0,0,0,0,0,0,0,0,0,0,0,0,35,0,0,0,0,0,0,0,0,0,0,0,35
NEA512,ASTHA HARDWARE,70,50,0,0,100,0,0,0,0,0,0,0,0,0,0,0,0,0,0,0,0,0,0,0,0,0,0,0,0,0,0,0,0,0,0,25,0,0,25,50,0,0,58,105,0,0,50,50
BHR107,RIYA HARDWARE STORE,25,0,0,0,25,25,0,0,0,0,0,0,0,0,0,0,0,0,0,0,0,0,0,0,0,0,0,0,0,0,0,0,0,0,0,0,0,0,25,20,0,0,25,25,0,0,25,25
WBR160,ROSHAN ENTERPRISES,80,30,0,0,60,0,0,0,0,0,0,0,0,0,0,0,0,0,0,0,0,0,0,0,0,0,0,0,0,0,0,0,0,0,0,0,0,0,25,44.95,0,0,50,140.9,0,0,80,120
WBT076,TUMPA ROY,40,34.5,0,0,40,0,0,0,0,0,0,0,0,0,0,0,0,0,0,0,0,0,0,0,0,0,0,0,0,0,0,0,0,0,0,0,0,0,25,0,0,0,30,0,0,0,40,10
NER402,RUMI ENTERPRISE,450,450,0,0,495,146,0,0,0,0,0,0,0,0,0,0,0,0,0,0,0,0,0,0,0,0,0,0,0,0,0,0,0,0,0,0,0,0,120,375.5,0,0,0,450,0,0,500,506
NEF061,MP HARDWARE,50,153,0,0,80,35,0,0,0,0,0,0,0,0,0,0,0,0,0,0,0,0,0,0,0,0,0,0,0,0,0,0,0,0,0,0,0,0,125,220,0,0,50,171,0,0,70,97
NEK237,KAVYA ENTERPRISES,30,0,0,0,0,0,0,0,0,0,0,0,0,0,0,0,0,0,0,0,0,0,0,0,0,0,0,0,0,0,0,0,0,0,0,0,0,0,40,20,0,0,50,40,0,0,70,15
NEL143,LENGLAM SPARE PARTS,55,0,0,0,0,0,0,0,0,0,0,0,0,0,0,0,0,0,0,0,0,0,0,0,0,0,0,0,0,0,0,0,0,0,0,0,0,0,60,0,0,0,0,55,0,0,75.75,0
NEF052,FRANKY'D ENTERPRISE,23,0,0,0,23,0,0,0,0,0,0,0,0,0,0,0,0,0,0,0,0,0,0,0,0,0,0,0,0,0,0,0,0,0,0,0,0,0,0,24,0,0,50,0,0,0,25,36
NED272,D.N. ENTERPRISES,50,20,0,0,0,21.5,0,0,0,0,0,0,0,0,0,0,0,0,0,0,0,0,0,0,0,0,0,0,0,0,0,0,0,0,0,0,0,0,0,75,0,0,120,90,0,0,120,60
NEF060,M.V STEEL,40,0,0,0,22,10,0,0,0,0,0,0,0,0,0,0,0,0,0,0,0,0,0,0,0,0,0,0,0,0,0,0,0,0,0,0,0,0,0,25.5,0,0,44,10.5,0,0,66,14
NEN260,NORTHEAST COMMERCIAL,100,111,0,0,125,42.5,0,0,0,0,0,0,0,0,0,0,0,0,0,0,0,0,0,0,0,0,0,0,0,0,0,0,0,0,0,0,0,0,0,62.5,0,0,100,83,0,0,120,67
NEF062,MAA KAMAKHYA IRON AND STEEL,40,52,0,0,22,0,0,0,0,0,0,0,0,0,0,0,0,0,0,0,0,0,0,0,0,0,0,0,0,0,0,0,0,0,0,0,0,0,0,51.5,0,0,77,38.5,0,0,82.5,104
NEA514,ANNU HILLS TRADERS,40,20,0,0,60,0,0,0,0,0,0,0,0,0,0,0,0,0,0,0,0,0,0,0,0,0,0,0,0,0,0,0,0,0,0,0,0,0,0,40,0,0,70,20,0,0,60,0
BHG051,GURU TRADERS,40,25,0,0,25,0,0,0,0,0,0,0,0,0,0,0,0,0,0,0,0,0,0,0,0,0,0,0,0,0,0,0,0,0,0,0,0,0,0,10,0,0,25,25,0,0,40,5
NEA513,ASSAM NIRMAN AND HARDWARE,70,26,0,0,77,72.5,0,0,0,0,0,0,0,0,0,0,0,0,0,0,0,0,0,0,0,0,0,0,0,0,0,0,0,0,0,0,0,0,0,45.5,0,0,45,129.5,0,0,200,85
NEP322,PARIJAT TRADERS,500,355.75,0,0,550,209.5,0,0,0,0,0,0,0,0,0,0,0,0,0,0,0,0,0,0,0,0,0,0,0,0,0,0,0,0,0,0,0,0,0,208,0,0,500,609.75,0,0,700,643.5
NEI057,IBOCHOU TRADERS,160,145,0,0,105,30,0,0,0,0,0,0,0,0,0,0,0,0,0,0,0,0,0,0,0,0,0,0,0,0,0,0,0,0,0,0,0,0,0,78,0,0,192,191,0,0,307.25,170
NEH176,HEMKAJ ENTERPRISES LLP,160,160,0,0,160,40,0,0,0,0,0,0,0,0,0,0,0,0,0,0,0,0,0,0,0,0,0,0,0,0,0,0,0,0,0,0,0,0,0,50,0,0,120,140,0,0,160,140
NEJ210,J B ENTERPRISE,40,50,0,0,40,0,0,0,0,0,0,0,0,0,0,0,0,0,0,0,0,0,0,0,0,0,0,0,0,0,0,0,0,0,0,0,0,0,0,26,0,0,25,50,0,0,25,50
NEA515,AKASH INTERIO,130,98.25,0,0,100,5,0,0,0,0,0,0,0,0,0,0,0,0,0,0,0,0,0,0,0,0,0,0,0,0,0,0,0,0,0,0,0,0,0,20,0,0,0,107.8,0,0,160,146
NEB412,BHAI BHAI ENTERPRISE,0,0,0,0,0,0,0,0,0,0,0,0,0,0,0,0,0,0,0,0,0,0,0,0,0,0,0,0,0,0,0,0,0,0,0,0,0,0,0,10.5,0,0,0,0,0,0,0,0
NES815,SAIKIA ENTERPRISE,160,100,0,0,120,0,0,0,0,0,0,0,0,0,0,0,0,0,0,0,0,0,0,0,0,0,0,0,0,0,0,0,0,0,0,0,0,0,0,0,0,0,120,120,0,0,240,180
NES816,SABITRI HARDWARE STORE,50,12.5,0,0,35,10,0,0,0,0,0,0,0,0,0,0,0,0,0,0,0,0,0,0,0,0,0,0,0,0,0,0,0,0,0,0,0,0,0,0,0,0,40,50,0,0,20,32.5
NEF049,MANISH HARDWARE,23,24,0,0,50,0,0,0,0,0,0,0,0,0,0,0,0,0,0,0,0,0,0,0,0,0,0,0,0,0,0,0,0,0,0,0,0,0,0,0,0,0,120,0,0,0,120,24
WBK070,KARMA HARDWARE,100,156,0,0,100,48,0,0,0,0,0,0,0,0,0,0,0,0,0,0,0,0,0,0,0,0,0,0,0,0,0,0,0,0,0,0,0,0,0,0,0,0,51,168,0,0,100,204
WBS356,SHIV SHAKTI TRADERS,120,0,0,0,170,0,0,0,0,0,0,0,0,0,0,0,0,0,0,0,0,0,0,0,0,0,0,0,0,0,0,0,0,0,0,0,0,0,0,0,0,0,300,336,0,0,300,231
NEB413,BLUESTONE ENGINEERING,30,56,0,0,20,11.75,0,0,0,0,0,0,0,0,0,0,0,0,0,0,0,0,0,0,0,0,0,0,0,0,0,0,0,0,0,0,0,0,0,0,0,0,0,15,0,0,30,0
NEP323,P S STEEL,40,0,0,0,50,0,0,0,0,0,0,0,0,0,0,0,0,0,0,0,0,0,0,0,0,0,0,0,0,0,0,0,0,0,0,0,0,0,0,0,0,0,0,37.5,0,0,50,7.5
NEG202,GANESH ENTERPRISE,30,27.5,0,0,50,10,0,0,0,0,0,0,0,0,0,0,0,0,0,0,0,0,0,0,0,0,0,0,0,0,0,0,0,0,0,0,0,0,0,0,0,0,0,23.25,0,0,50,12.5
NER403,R.Z CONSTRUCTION,0,7,0,0,20,4.5,0,0,0,0,0,0,0,0,0,0,0,0,0,0,0,0,0,0,0,0,0,0,0,0,0,0,0,0,0,0,0,0,0,0,0,0,0,25,0,0,20,20
NEP324,PUNIYA HARDWARE,40,40,0,0,80,0,0,0,0,0,0,0,0,0,0,0,0,0,0,0,0,0,0,0,0,0,0,0,0,0,0,0,0,0,0,0,0,0,0,0,0,0,0,80,0,0,80,40
NES818,SHRI KRISHNA BHANDAR,70,51,0,0,75,25,0,0,0,0,0,0,0,0,0,0,0,0,0,0,0,0,0,0,0,0,0,0,0,0,0,0,0,0,0,0,0,0,0,0,0,0,0,52.5,0,0,50,65
NEE071,EMA CONSTRUCTION MATERIAL CENTRE,160,171,0,0,105,0,0,0,0,0,0,0,0,0,0,0,0,0,0,0,0,0,0,0,0,0,0,0,0,0,0,0,0,0,0,0,0,0,0,0,0,0,0,228,0,0,307.25,277
WBM323,MAA MANASA ENTERPRISE,340,80,0,0,50,25,0,0,0,0,0,0,0,0,0,0,0,0,0,0,0,0,0,0,0,0,0,0,0,0,0,0,0,0,0,0,0,0,0,0,0,0,0,25,0,0,25,0
NEF063,MDI ENTERPRISE,50,78,0,0,100,52,0,0,0,0,0,0,0,0,0,0,0,0,0,0,0,0,0,0,0,0,0,0,0,0,0,0,0,0,0,0,0,0,0,0,0,0,0,13,0,0,26,26
BHS273,S K ENTERPRISES,0,0,0,0,0,0,0,0,0,0,0,0,0,0,0,0,0,0,0,0,0,0,0,0,0,0,0,0,0,0,0,0,0,0,0,0,0,0,0,0,0,0,0,25,0,0,50,0
BHM163,MAA LAXMI AND SONS - SAHEBGANJ,30,0,0,0,50,30,0,0,0,0,0,0,0,0,0,0,0,0,0,0,0,0,0,0,0,0,0,0,0,0,0,0,0,0,0,0,0,0,0,0,0,0,0,25,0,0,50,25
NEN261,NEELKAMAL TRADERS,30,56.75,0,0,50,0,0,0,0,0,0,0,0,0,0,0,0,0,0,0,0,0,0,0,0,0,0,0,0,0,0,0,0,0,0,0,0,0,0,0,0,0,0,27,0,0,30,0
NEB414,B L ENTERPRISES,100,337,0,0,350,169,0,0,0,0,0,0,0,0,0,0,0,0,0,0,0,0,0,0,0,0,0,0,0,0,0,0,0,0,0,0,0,0,0,0,0,0,0,176,0,0,200,588
NEJ211,J. C HARDWARE,160,100,0,0,120,50,0,0,0,0,0,0,0,0,0,0,0,0,0,0,0,0,0,0,0,0,0,0,0,0,0,0,0,0,0,0,0,0,0,0,0,0,0,70,0,0,120,130
NEC147,CN ENTERPRISE,30,0,0,0,30,0,0,0,0,0,0,0,0,0,0,0,0,0,0,0,0,0,0,0,0,0,0,0,0,0,0,0,0,0,0,0,0,0,0,0,0,0,0,10,0,0,0,30
NEJ212,JAMAL ENTERPRISE,50,78,0,0,100,26,0,0,0,0,0,0,0,0,0,0,0,0,0,0,0,0,0,0,0,0,0,0,0,0,0,0,0,0,0,0,0,0,0,0,0,0,0,13,0,0,13,52
NEL144,LAKHDATAR ENTERPRISE,50,49,0,0,40,0,0,0,0,0,0,0,0,0,0,0,0,0,0,0,0,0,0,0,0,0,0,0,0,0,0,0,0,0,0,0,0,0,0,0,0,0,0,20,0,0,40,66.5
BHA105,AJAY TRADERS - SANGRAMPUR,75,105,0,0,100,0,0,0,0,0,0,0,0,0,0,0,0,0,0,0,0,0,0,0,0,0,0,0,0,0,0,0,0,0,0,0,0,0,0,0,0,0,0,30,0,0,150,145
NED274,DURGA HARDWARE,30,0,0,0,0,0,0,0,0,0,0,0,0,0,0,0,0,0,0,0,0,0,0,0,0,0,0,0,0,0,0,0,0,0,0,0,0,0,0,0,0,0,0,40,0,0,100,20
NES819,SAPNA BEGUM,25,0,0,0,25,0,0,0,0,0,0,0,0,0,0,0,0,0,0,0,0,0,0,0,0,0,0,0,0,0,0,0,0,0,0,0,0,0,0,0,0,0,0,30,0,0,30,0
BHM164,MAA BHAGWATI TRADING,125,30,0,0,100,0,0,0,0,0,0,0,0,0,0,0,0,0,0,0,0,0,0,0,0,0,0,0,0,0,0,0,0,0,0,0,0,0,0,0,0,0,0,30,0,0,0,30
NED273,D.V.R.ENTERPRISE,50,26,0,0,55,26,0,0,0,0,0,0,0,0,0,0,0,0,0,0,0,0,0,0,0,0,0,0,0,0,0,0,0,0,0,0,0,0,0,0,0,0,0,20,0,0,90,12.5
P083,PURBANCHAL ENTERPRISE,0,0,0,0,0,0,0,0,0,0,0,0,0,0,0,0,0,0,0,0,0,0,0,0,0,0,0,0,0,0,0,0,0,0,0,0,0,0,0,0,0,0,0,0,0,0,0,0
NEN262,NORTH EAST HARDWARE,50,47,0,0,50,25,0,0,0,0,0,0,0,0,0,0,0,0,0,0,0,0,0,0,0,0,0,0,0,0,0,0,0,0,0,0,0,0,0,0,0,0,0,0,0,0,50,75
WBI021,INDIAN ENTERPRISE,0,0,0,0,0,0,0,0,0,0,0,0,0,0,0,0,0,0,0,0,0,0,0,0,0,0,0,0,0,0,0,0,0,0,0,0,0,0,0,0,0,0,0,0,0,0,0,0
WBA165,ANAM CONSTRUCTION,30,25,0,0,30,5,0,0,0,0,0,0,0,0,0,0,0,0,0,0,0,0,0,0,0,0,0,0,0,0,0,0,0,0,0,0,0,0,0,0,0,0,0,0,0,0,40,25
WBH057,HIMALAYAN BUILDER,300,305.25,0,0,270,81.5,0,0,0,0,0,0,0,0,0,0,0,0,0,0,0,0,0,0,0,0,0,0,0,0,0,0,0,0,0,0,0,0,0,0,0,0,0,0,0,0,200,455
WBS357,SREE KRISHNA HARDWARE - COOCHBEHAR,50,62,0,0,55,12,0,0,0,0,0,0,0,0,0,0,0,0,0,0,0,0,0,0,0,0,0,0,0,0,0,0,0,0,0,0,0,0,0,0,0,0,0,0,0,0,0,75
BHR108,RAKIB KHAD STORE,105,107,0,0,175,13,0,0,0,0,0,0,0,0,0,0,0,0,0,0,0,0,0,0,0,0,0,0,0,0,0,0,0,0,0,0,0,0,0,0,0,0,0,0,0,0,0,107
NER404,RUPAM HARDWARE,50,38,0,0,55,4,0,0,0,0,0,0,0,0,0,0,0,0,0,0,0,0,0,0,0,0,0,0,0,0,0,0,0,0,0,0,0,0,0,0,0,0,0,0,0,0,0,36
NEN263,NIKU ENTERPRISE,20,0,0,0,20,0,0,0,0,0,0,0,0,0,0,0,0,0,0,0,0,0,0,0,0,0,0,0,0,0,0,0,0,0,0,0,0,0,0,0,0,0,0,0,0,0,0,15
NEU055,UNIQUE HARDWARE,20,10,0,0,25,0,0,0,0,0,0,0,0,0,0,0,0,0,0,0,0,0,0,0,0,0,0,0,0,0,0,0,0,0,0,0,0,0,0,0,0,0,0,0,0,0,0,20
NEF064,MS SAHA ENTERPRISE,50,75,0,0,50,10.5,0,0,0,0,0,0,0,0,0,0,0,0,0,0,0,0,0,0,0,0,0,0,0,0,0,0,0,0,0,0,0,0,0,0,0,0,0,0,0,0,0,50.5
NEF065,MOINA HARDWARE,50,0,0,0,25,0,0,0,0,0,0,0,0,0,0,0,0,0,0,0,0,0,0,0,0,0,0,0,0,0,0,0,0,0,0,0,0,0,0,0,0,0,0,0,0,0,0,30
NEJ213,JOYSHREE HARDWARE,20,0,0,0,20,0,0,0,0,0,0,0,0,0,0,0,0,0,0,0,0,0,0,0,0,0,0,0,0,0,0,0,0,0,0,0,0,0,0,0,0,0,0,0,0,0,0,15
NEC148,CHHAKCHHUAK HARDWARE STORE,0,0,0,0,20,0,0,0,0,0,0,0,0,0,0,0,0,0,0,0,0,0,0,0,0,0,0,0,0,0,0,0,0,0,0,0,0,0,0,0,0,0,0,0,0,0,0,19
NEB415,BASAK ENTERPRISE,60,25,0,0,30,10,0,0,0,0,0,0,0,0,0,0,0,0,0,0,0,0,0,0,0,0,0,0,0,0,0,0,0,0,0,0,0,0,0,0,0,0,0,0,0,0,0,20
NEA516,ABC CONSTRUCTION,50,65,0,0,0,0,0,0,0,0,0,0,0,0,0,0,0,0,0,0,0,0,0,0,0,0,0,0,0,0,0,0,0,0,0,0,0,0,0,0,0,0,0,0,0,0,0,45
NEK239,K A ENTERPRISE,20,30,0,0,33,0,0,0,0,0,0,0,0,0,0,0,0,0,0,0,0,0,0,0,0,0,0,0,0,0,0,0,0,0,0,0,0,0,0,0,0,0,0,0,0,0,0,20
WBS358,SAHA TRADING COMPANY,50,246,0,0,200,61,0,0,0,0,0,0,0,0,0,0,0,0,0,0,0,0,0,0,0,0,0,0,0,0,0,0,0,0,0,0,0,0,0,0,0,0,0,0,0,0,0,12
WBD103,DAS HARDWARE,350,377,0,0,300,49,0,0,0,0,0,0,0,0,0,0,0,0,0,0,0,0,0,0,0,0,0,0,0,0,0,0,0,0,0,0,0,0,0,0,0,0,0,0,0,0,0,125
NEF067,MAJAW HARDWARE,23,200,0,0,160,40,0,0,0,0,0,0,0,0,0,0,0,0,0,0,0,0,0,0,0,0,0,0,0,0,0,0,0,0,0,0,0,0,0,0,0,0,0,0,0,0,0,41
NEA517,ALMA WANOALIN KHONGJEE,100,471,0,0,250,88,0,0,0,0,0,0,0,0,0,0,0,0,0,0,0,0,0,0,0,0,0,0,0,0,0,0,0,0,0,0,0,0,0,0,0,0,0,0,0,0,0,15
WBH056,HAJI ENTERPRISE,500,794,0,0,500,205,0,0,0,0,0,0,0,0,0,0,0,0,0,0,0,0,0,0,0,0,0,0,0,0,0,0,0,0,0,0,0,0,0,0,0,0,0,0,0,0,0,379
WBB165,BHAI BHAI HARDWARE - MAHENDRAPUR,100,180,0,0,175,50,0,0,0,0,0,0,0,0,0,0,0,0,0,0,0,0,0,0,0,0,0,0,0,0,0,0,0,0,0,0,0,0,0,0,0,0,0,0,0,0,0,50
WBA166,ABDUR RASHID - MADNA,300,338,0,0,225,116,0,0,0,0,0,0,0,0,0,0,0,0,0,0,0,0,0,0,0,0,0,0,0,0,0,0,0,0,0,0,0,0,0,0,0,0,0,0,0,0,0,175
NEK238,KAMAKHYA TRADE,20,45,0,0,25,10,0,0,0,0,0,0,0,0,0,0,0,0,0,0,0,0,0,0,0,0,0,0,0,0,0,0,0,0,0,0,0,0,0,0,0,0,0,0,0,0,0,20
BHC021,CEMENT HOUSE,20,0,0,0,30,0,0,0,0,0,0,0,0,0,0,0,0,0,0,0,0,0,0,0,0,0,0,0,0,0,0,0,0,0,0,0,0,0,0,0,0,0,0,0,0,0,0,0
WBR161,R.R. ENTERPRISE,250,332,0,0,300,75,0,0,0,0,0,0,0,0,0,0,0,0,0,0,0,0,0,0,0,0,0,0,0,0,0,0,0,0,0,0,0,0,0,0,0,0,0,0,0,0,0,0
SKG003,GOVIND HARDWARE STORE,300,314,0,0,355,97.25,0,0,0,0,0,0,0,0,0,0,0,0,0,0,0,0,0,0,0,0,0,0,0,0,0,0,0,0,0,0,0,0,0,0,0,0,0,0,0,0,0,0
NEK240,KAMRUP CEMENT CENTRE PRIVATE LIMITED,650,538.25,0,0,550,333.75,0,0,0,0,0,0,0,0,0,0,0,0,0,0,0,0,0,0,0,0,0,0,0,0,0,0,0,0,0,0,0,0,0,0,0,0,0,0,0,0,0,0
NEW017,WEST CONSTRUCTION STORE,0,35,0,0,0,0,0,0,0,0,0,0,0,0,0,0,0,0,0,0,0,0,0,0,0,0,0,0,0,0,0,0,0,0,0,0,0,0,0,0,0,0,0,0,0,0,0,0
NEZ027,ZIYAAN ENTERPRISE,0,77.5,0,0,180,39,0,0,0,0,0,0,0,0,0,0,0,0,0,0,0,0,0,0,0,0,0,0,0,0,0,0,0,0,0,0,0,0,0,0,0,0,0,0,0,0,0,0
NEJ155,JOY KALI TRADERS,0,200,0,0,0,0,0,0,0,0,0,0,0,0,0,0,0,0,0,0,0,0,0,0,0,0,0,0,0,0,0,0,0,0,0,0,0,0,0,0,0,0,0,0,0,0,0,0
NEK241,K.F. ENTERPRISE,0,10.5,0,0,22,14,0,0,0,0,0,0,0,0,0,0,0,0,0,0,0,0,0,0,0,0,0,0,0,0,0,0,0,0,0,0,0,0,0,0,0,0,0,0,0,0,0,0
WBR162,RAJ TRADING CO,0,76,0,0,100,44,0,0,0,0,0,0,0,0,0,0,0,0,0,0,0,0,0,0,0,0,0,0,0,0,0,0,0,0,0,0,0,0,0,0,0,0,0,0,0,0,0,0
NEJ214,JOY GURU ENTERPRISE,0,11.5,0,0,40,15,0,0,0,0,0,0,0,0,0,0,0,0,0,0,0,0,0,0,0,0,0,0,0,0,0,0,0,0,0,0,0,0,0,0,0,0,0,0,0,0,0,0
NEN212,NEW SANDHYA HARDWARE,0,384,0,0,620,164,0,0,0,0,0,0,0,0,0,0,0,0,0,0,0,0,0,0,0,0,0,0,0,0,0,0,0,0,0,0,0,0,0,0,0,0,0,0,0,0,0,0
NEJ159,JONKI HARDWARE,0,22.5,0,0,30,3.25,0,0,0,0,0,0,0,0,0,0,0,0,0,0,0,0,0,0,0,0,0,0,0,0,0,0,0,0,0,0,0,0,0,0,0,0,0,0,0,0,0,0
BHJ063,J S TRADING,0,30,0,0,30,0,0,0,0,0,0,0,0,0,0,0,0,0,0,0,0,0,0,0,0,0,0,0,0,0,0,0,0,0,0,0,0,0,0,0,0,0,0,0,0,0,0,0
NET180,MS TRIPURESWARI HARDWARES,0,61.5,0,0,70,46,0,0,0,0,0,0,0,0,0,0,0,0,0,0,0,0,0,0,0,0,0,0,0,0,0,0,0,0,0,0,0,0,0,0,0,0,0,0,0,0,0,0
NEG203,GANAPATI ENTERPRISE,0,36.5,0,0,44,16.5,0,0,0,0,0,0,0,0,0,0,0,0,0,0,0,0,0,0,0,0,0,0,0,0,0,0,0,0,0,0,0,0,0,0,0,0,0,0,0,0,0,0
WBD104,DIYA HARDWARE AND ELECTRONICS,0,12,0,0,50,49,0,0,0,0,0,0,0,0,0,0,0,0,0,0,0,0,0,0,0,0,0,0,0,0,0,0,0,0,0,0,0,0,0,0,0,0,0,0,0,0,0,0
NEF030,FARHAN TRADERS,0,20,0,0,25,12.5,0,0,0,0,0,0,0,0,0,0,0,0,0,0,0,0,0,0,0,0,0,0,0,0,0,0,0,0,0,0,0,0,0,0,0,0,0,0,0,0,0,0
NEM400,M S ENTERPRISE,0,20,0,0,40,10,0,0,0,0,0,0,0,0,0,0,0,0,0,0,0,0,0,0,0,0,0,0,0,0,0,0,0,0,0,0,0,0,0,0,0,0,0,0,0,0,0,0
BHS274,SS ENTERPRISES,0,10,0,0,25,0,0,0,0,0,0,0,0,0,0,0,0,0,0,0,0,0,0,0,0,0,0,0,0,0,0,0,0,0,0,0,0,0,0,0,0,0,0,0,0,0,0,0
NEJ300,JOY KALI TRADERS,0,235,0,0,0,35,0,0,0,0,0,0,0,0,0,0,0,0,0,0,0,0,0,0,0,0,0,0,0,0,0,0,0,0,0,0,0,0,0,0,0,0,0,0,0,0,0,0
NEL238,LOKNATH HARDWARE,0,30,0,0,0,17.5,0,0,0,0,0,0,0,0,0,0,0,0,0,0,0,0,0,0,0,0,0,0,0,0,0,0,0,0,0,0,0,0,0,0,0,0,0,0,0,0,0,0
WBJ077,JOARDER BUILDERS,0,21,0,0,50,63.5,0,0,0,0,0,0,0,0,0,0,0,0,0,0,0,0,0,0,0,0,0,0,0,0,0,0,0,0,0,0,0,0,0,0,0,0,0,0,0,0,0,0
WBD105,D V ENTERPRISE,0,0,0,0,450,125,0,0,0,0,0,0,0,0,0,0,0,0,0,0,0,0,0,0,0,0,0,0,0,0,0,0,0,0,0,0,0,0,0,0,0,0,0,0,0,0,0,0
NEB380,BAHAR HARDWARE,0,0,0,0,100,20,0,0,0,0,0,0,0,0,0,0,0,0,0,0,0,0,0,0,0,0,0,0,0,0,0,0,0,0,0,0,0,0,0,0,0,0,0,0,0,0,0,0
NEB381,BHARTIA STEELS,0,0,0,0,150,110,0,0,0,0,0,0,0,0,0,0,0,0,0,0,0,0,0,0,0,0,0,0,0,0,0,0,0,0,0,0,0,0,0,0,0,0,0,0,0,0,0,0
NES700,SHANKAR HARDWARE,0,0,0,0,0,24,0,0,0,0,0,0,0,0,0,0,0,0,0,0,0,0,0,0,0,0,0,0,0,0,0,0,0,0,0,0,0,0,0,0,0,0,0,0,0,0,0,0
WBS359,SUDIP SUTRADHAR,0,0,0,0,110,0,0,0,0,0,0,0,0,0,0,0,0,0,0,0,0,0,0,0,0,0,0,0,0,0,0,0,0,0,0,0,0,0,0,0,0,0,0,0,0,0,0,0
WBA167,ALAM TILES FACTORY,0,0,0,0,25,25,0,0,0,0,0,0,0,0,0,0,0,0,0,0,0,0,0,0,0,0,0,0,0,0,0,0,0,0,0,0,0,0,0,0,0,0,0,0,0,0,0,0
BHP051,PARWEZ AND CO,0,0,0,0,55,0,0,0,0,0,0,0,0,0,0,0,0,0,0,0,0,0,0,0,0,0,0,0,0,0,0,0,0,0,0,0,0,0,0,0,0,0,0,0,0,0,0,0
NES690,SRI RUDRA SAIKIA,0,0,0,0,60,0,0,0,0,0,0,0,0,0,0,0,0,0,0,0,0,0,0,0,0,0,0,0,0,0,0,0,0,0,0,0,0,0,0,0,0,0,0,0,0,0,0,0
NES681,SHREE SHYAM TRADE,0,0,0,0,20,0,0,0,0,0,0,0,0,0,0,0,0,0,0,0,0,0,0,0,0,0,0,0,0,0,0,0,0,0,0,0,0,0,0,0,0,0,0,0,0,0,0,0
NEP253,PRATIMA HARDWARE,0,0,0,0,70,40.4,0,0,0,0,0,0,0,0,0,0,0,0,0,0,0,0,0,0,0,0,0,0,0,0,0,0,0,0,0,0,0,0,0,0,0,0,0,0,0,0,0,0
