Branch code/name,Prod_Code,mrp_code,mrp,sale_rate,vertical_value,destination_code,sale_type,acedns,ws_rate,distributor_rate,ss_rate,depot_rate,statename
,Nut-Bolt-Washer-Gasket for Header Assl. 2,,3,0,0,0,0,Y,0,0,0,0,Rajasthan
,20MM INLINE DRIPPER(4-LPH)ROUND,,0,0,,0,0,Y,0,0,0,0,Rajasthan
,Emmitting Pipe CL-II(12mm 4LPH 40cm) Flat,,8.19,0,,0,0,Y,0,0,0,0,Rajasthan
,Soc 50MM N HDPE Spk MLC,,0,0,,0,0,Y,0,0,0,0,Rajasthan
,40MM PN10 PE100 N,,77.31,0,,0,0,Y,0,0,0,0,Maharashtra
,40MM PN10 PE80,,94.04,0,,0,0,Y,0,0,0,0,Maharashtra
,40mm PN6 PE- 80 N,,61.76,0,,0,0,Y,0,0,0,0,Maharashtra
,40MM PN8 PE100 N,,62.23,0,,0,0,Y,0,0,0,0,Maharashtra
,40MM PN8 PE80 N,,77.2,0,,0,0,Y,0,0,0,0,Maharashtra
,500MM HDPE Pipe End,,0,0,,0,0,Y,0,0,0,0,Maharashtra
,50MM PN10 PE100 N,,115.45,0,,0,0,Y,0,0,0,0,Maharashtra
,50MM PN10 PE100 N-1,,0,0,,0,0,Y,0,0,0,0,Maharashtra
,50mm PN10 PE-80 N,,138.79,0,,0,0,Y,0,0,0,0,Maharashtra
,50MM PN12.5 PE100 N,,132.95,0,,0,0,Y,0,0,0,0,Maharashtra
,SOC 50MM N HDPE Spk PCN,,205,0,,0,0,Y,0,0,0,0,Rajasthan
,Drill/Inject Punch 10mm,,0,0,,0,0,Y,0,0,0,0,Maharashtra
,50MM PN12.5 PE-80 N,,167.12,0,,0,0,Y,0,0,0,0,Maharashtra
,50mm PN4 PE- 63 N,,77.02,0,,0,0,Y,0,0,0,0,Maharashtra
,50mm PN6 PE- 80 N,,91.63,0,,0,0,Y,0,0,0,0,Maharashtra
,50mm PN8 PE- 80 N,,117.23,0,,0,0,Y,0,0,0,0,Maharashtra
,50MM PN8 PE-100 N,,94.83,0,,0,0,Y,0,0,0,0,Maharashtra
,63MM PN10 PE-100 N,,182.79,0,,0,0,Y,0,0,0,0,Maharashtra
,63MM PN10 PE100 N1,,0,0,,0,0,Y,0,0,0,0,Maharashtra
,63MM PN12.5 PE100 N,,206.93,0,,0,0,Y,0,0,0,0,Maharashtra
,63mm PN4 PE- 63 N,,118.28,0,,0,0,Y,0,0,0,0,Maharashtra
,SOC 50MM N HDPE Spk Pipe 3mtr,,205,0,,0,0,Y,0,0,0,0,Rajasthan
,63mm PN6 PE- 80 N,,142.83,0,,0,0,Y,0,0,0,0,Maharashtra
,Drill/inject Punch 12mm(Metal),,0,0,,0,0,Y,0,0,0,0,Maharashtra
,63MM PN6 PE100 N,,118.2,0,,0,0,Y,0,0,0,0,Maharashtra
,63mm PN8 PE- 80 N,,181.9,0,,0,0,Y,0,0,0,0,Maharashtra
,63MM PN8 PE-100 N,,151.18,0,,0,0,Y,0,0,0,0,Maharashtra
,63MM PN8 PE100 N1,,0,0,,0,0,Y,0,0,0,0,Maharashtra
,75MM HDPE Feb Tee(PF),,0,0,,0,0,Y,0,0,0,0,Maharashtra
,75MM PN10 PE100 N,,258.38,0,,0,0,Y,0,0,0,0,Maharashtra
,75MM PN12.5 PE100 N,,292.86,0,,0,0,Y,0,0,0,0,Maharashtra
,75MM PN12.5 PE100 N1,,0,0,,0,0,Y,0,0,0,0,Maharashtra
,SOC 50MM N HDPE Spk Pipe 5mtr,,465,0,,0,0,Y,0,0,0,0,Rajasthan
,75mm PN4 PE- 63 N,,169.96,0,,0,0,Y,0,0,0,0,Maharashtra
,75mm PN6 PE- 63 N,,240.68,0,,0,0,Y,0,0,0,0,Maharashtra
,Drill/inject Punch 16mm(Metal),,180,0,,0,0,Y,0,0,0,0,Maharashtra
,75mm PN6 PE- 80 N,,203.46,0,,0,0,Y,0,0,0,0,Maharashtra
,75MM PN6 PE100 N,,169.05,0,,0,0,Y,0,0,0,0,Maharashtra
,75mm PN8 PE- 80 N,,257.36,0,,0,0,Y,0,0,0,0,Maharashtra
,75MM PN8 PE100 N,,211.65,0,,0,0,Y,0,0,0,0,Maharashtra
,90MM HDPE MOULDED TEE,,0,0,,0,0,Y,0,0,0,0,Maharashtra
,90MM HDPE Pipe End PN6 PE80(Moulded),,0,0,,0,0,Y,0,0,0,0,Maharashtra
,90MM HDPE Pipe End(Moulded),,0,0,,0,0,Y,0,0,0,0,Maharashtra
,SOC 50MM N HDPE Spk Pipe 6mtr,,465,0,,0,0,Y,0,0,0,0,Rajasthan
,90MM PN10 PE-100 N(ISO:4427),,369.71,0,,0,0,Y,0,0,0,0,Maharashtra
,90mm PN6 PE- 80 N,,288.35,0,,0,0,Y,0,0,0,0,Maharashtra
,90mm PN6 PE- 80 N(FF),,0,0,,0,0,Y,0,0,0,0,Maharashtra
,Drill/inject Punch 18mm(Metal),,0,0,,0,0,Y,0,0,0,0,Maharashtra
,90MM PN6 PE100 HDPE TEE(FF)90*,,0,0,,0,0,Y,0,0,0,0,Maharashtra
,90MM PN6 PE-100 N,,237.77,0,,0,0,Y,0,0,0,0,Maharashtra
,90MM PN6 PE80 HDPE BEND(FF),,0,0,,0,0,Y,0,0,0,0,Maharashtra
,90MM PN6 PE80 HDPE TEE(FF),,0,0,,0,0,Y,0,0,0,0,Maharashtra
,Copper Wire,,0,0,,0,0,Y,0,0,0,0,Maharashtra
,DN110 PE100 PN 8 HDPE PIPE,,0,0,,0,0,Y,0,0,0,0,Maharashtra
,SOC 50MM N HDPE Spk Tee,,250,0,,0,0,Y,0,0,0,0,Rajasthan
,DN110 PE100 PN10 HDPE PIPE,,0,0,,0,0,Y,0,0,0,0,Maharashtra
,DN110 PE100 PN6 HDPE PIPE(FF),,0,0,,0,0,Y,0,0,0,0,Maharashtra
,DN110 PE-100 PN6 N HDPE PIPE,,0,0,,0,0,Y,0,0,0,0,Maharashtra
,DN110 PE80 PN6 HDPE PIPE(FF),,0,0,,0,0,Y,0,0,0,0,Maharashtra
,Drill/inject Punch 25mm(Metal),,0,0,,0,0,Y,0,0,0,0,Maharashtra
,DN110 PE80 PN6 N HDPE PIPE,,0,0,,0,0,Y,0,0,0,0,Maharashtra
,DN125 PE100 PN6 HDPE PIPE(FF),,0,0,,0,0,Y,0,0,0,0,Maharashtra
,DN125 PE100 PN6 N HDPE PIPE,,0,0,,0,0,Y,0,0,0,0,Maharashtra
,DN125 PE100-11.4A (IS:14885),,0,0,,0,0,Y,0,0,0,0,Maharashtra
,DN125 PE100-7.1A (IS:14885),,0,0,,0,0,Y,0,0,0,0,Maharashtra
,SOC 50MM N Spk Foot Batten,,250,0,,0,0,Y,0,0,0,0,Rajasthan
,DN125 PE80 PN6 HDPE PIPE,,0,0,,0,0,Y,0,0,0,0,Maharashtra
,DN125 PE80 PN6 HDPE PIPE(FF),,0,0,,0,0,Y,0,0,0,0,Maharashtra
,DN125 PE80-11.4A (IS:14885),,0,0,,0,0,Y,0,0,0,0,Maharashtra
,DN125 PE80-7.1A (IS:14885),,0,0,,0,0,Y,0,0,0,0,Maharashtra
,DN140 PE100 PN4 N HDPE PIPE,,0,0,,0,0,Y,0,0,0,0,Maharashtra
,Drill/Inject Punch 3mm(Metal),,2.32,0,,0,0,Y,0,0,0,0,Maharashtra
,DN140 PE100 PN6  HDPE PIPE(FF),,0,0,,0,0,Y,0,0,0,0,Maharashtra
,DN140 PE100 PN6 N HDPE PIPE,,0,0,,0,0,Y,0,0,0,0,Maharashtra
,DN140 PE100 PN8 HDPE PIPE,,0,0,,0,0,Y,0,0,0,0,Maharashtra
,DN140 PE80 PN6 N HDPE PIPE,,0,0,,0,0,Y,0,0,0,0,Maharashtra
,SOC 50MM N Spk Latch,,0,0,,0,0,Y,0,0,0,0,Rajasthan
,DN160 PE100 PN10 N HDPE PIPE,,0,0,,0,0,Y,0,0,0,0,Maharashtra
,DN160 PE100 PN12.5 N HDPE PIPE(ISO:4427),,0,0,,0,0,Y,0,0,0,0,Maharashtra
,DN160 PE100 PN16 N HDPE PIPE(ISO:4427),,0,0,,0,0,Y,0,0,0,0,Maharashtra
,DN160 PE100 PN6  HDPE PIPE(FF),,0,0,,0,0,Y,0,0,0,0,Maharashtra
,DN160 PE100 PN6 N HDPE PIPE,,0,0,,0,0,Y,0,0,0,0,Maharashtra
,DN160 PE100 PN8 N HDPE PIPE,,0,0,,0,0,Y,0,0,0,0,Maharashtra
,Drill/Inject Punch 4mm(Metal),,0,0,,0,0,Y,0,0,0,0,Maharashtra
,DN160 PE100 PN8 N HDPE PIPE(FF),,0,0,,0,0,Y,0,0,0,0,Maharashtra
,DN160 PE80 PN6 N HDPE PIPE,,0,0,,0,0,Y,0,0,0,0,Maharashtra
,DN160 PE80 PN6 N HDPE PIPE(FF),,0,0,,0,0,Y,0,0,0,0,Maharashtra
,Soc 63MM E-5 HDPE Spk Adopter,,0,0,,0,0,Y,0,0,0,0,Rajasthan
,DN180 PE100 PN6 HDPE PIPE(FF),,0,0,,0,0,Y,0,0,0,0,Maharashtra
,DN180 PE100 PN6 N HDPE PIPE,,0,0,,0,0,Y,0,0,0,0,Maharashtra
,DN180 PE100 PN8 HDPE PIPE,,0,0,,0,0,Y,0,0,0,0,Maharashtra
,DN180 PE80 PN6 HDPE PIPE,,0,0,,0,0,Y,0,0,0,0,Maharashtra
,DN180 PE80 PN6 HDPE PIPE(FF),,0,0,,0,0,Y,0,0,0,0,Maharashtra
,DN200 PE100 PN10 N HDPE PIPE,,0,0,,0,0,Y,0,0,0,0,Maharashtra
,DN200 PE100 PN6 HDPE PIPE(FF),,0,0,,0,0,Y,0,0,0,0,Maharashtra
,16mm Inline Dripper(2.1LPH PCND)Round,,0,0,,0,0,Y,0,0,0,0,Maharashtra
,Drill/Inject Punch 8mm(Metal),,1145,0,,0,0,Y,0,0,0,0,Maharashtra
,DN200 PE100 PN6 N HDPE PIPE,,0,0,,0,0,Y,0,0,0,0,Maharashtra
,Soc 63MM E5 HDPE Spk Bend,,0,0,,0,0,Y,0,0,0,0,Rajasthan
,DN200 PE100 PN8 HDPE PIPE,,0,0,,0,0,Y,0,0,0,0,Maharashtra
,DN200 PE80 PN6 HDPE PIPE(FF),,0,0,,0,0,Y,0,0,0,0,Maharashtra
,DN200 PE80 PN6 N HDPE PIPE,,0,0,,0,0,Y,0,0,0,0,Maharashtra
,DN225 PE100 PN6 HDPE PIPE(FF),,0,0,,0,0,Y,0,0,0,0,Maharashtra
,DN225 PE100 PN6 N HDPE PIPE,,0,0,,0,0,Y,0,0,0,0,Maharashtra
,DN225 PE80 PN6 HDPE PIPE,,0,0,,0,0,Y,0,0,0,0,Maharashtra
,DN225 PE80 PN6 HDPE PIPE(FF),,0,0,,0,0,Y,0,0,0,0,Maharashtra
,DN250 PE100 PN10 HDPE PIPE,,0,0,,0,0,Y,0,0,0,0,Maharashtra
,DN250 PE100 PN6 HDPE PIPE(FF),,0,0,,0,0,Y,0,0,0,0,Maharashtra
,Drip Sample Kit,,0,0,,0,0,Y,0,0,0,0,Maharashtra
,Emmitting Pipe CL-II(12MM 4LPH 40CM)Round,,8.19,0,,0,0,Y,0,0,0,0,Rajasthan
,Soc 63mm E5 HDPE Spk MLC,,0,0,,0,0,Y,0,0,0,0,Rajasthan
,DN250 PE100 PN6 N HDPE PIPE,,0,0,,0,0,Y,0,0,0,0,Maharashtra
,DN280 PE100 PN6 HDPE PIPE(FF),,0,0,,0,0,Y,0,0,0,0,Maharashtra
,DN280 PE100 PN6 N HDPE PIPE,,0,0,,0,0,Y,0,0,0,0,Maharashtra
,DN315 PE100 PN16 HDPE PIPE,,0,0,,0,0,Y,0,0,0,0,Maharashtra
,DN315 PE100 PN6 HDPE PIPE(FF),,0,0,,0,0,Y,0,0,0,0,Maharashtra
,DN315 PE100 PN6 N HDPE PIPE,,0,0,,0,0,Y,0,0,0,0,Maharashtra
,DN315 PE100 PN8 N HDPE PIPE,,0,0,,0,0,Y,0,0,0,0,Maharashtra
,DN355 PE100 PN6 HDPE PIPE(FF),,0,0,,0,0,Y,0,0,0,0,Maharashtra
,DN355 PE100 PN6 N HDPE PIPE,,0,0,,0,0,Y,0,0,0,0,Maharashtra
,DN400 PE100 PN10 HDPE PIPE,,0,0,,0,0,Y,0,0,0,0,Maharashtra
,Soc 63MM E-5 HDPE Spk PCN,,0,0,,0,0,Y,0,0,0,0,Rajasthan
,Dripper Plug 2.5mm,,0,0,,0,0,Y,0,0,0,0,Maharashtra
,DN450 PE80 PN4 N HDPE PIPE,,0,0,,0,0,Y,0,0,0,0,Maharashtra
,DN500 PE100 PN8 N HDPE PIPE,,0,0,,0,0,Y,0,0,0,0,Maharashtra
,DN75 PE100 PN6 HDPE PIPE,,0,0,,0,0,Y,0,0,0,0,Maharashtra
,DN90 PE100 PN10 N HDPE PIPE,,0,0,,0,0,Y,0,0,0,0,Maharashtra
,DN90 PE100 PN6 N HDPE PIPE,,0,0,,0,0,Y,0,0,0,0,Maharashtra
,DN90 PE100 PN6 N HDPE PIPE(FF),,0,0,,0,0,Y,0,0,0,0,Maharashtra
,DN90 PE80 PN6 N HDPE PIPE,,0,0,,0,0,Y,0,0,0,0,Maharashtra
,MDPE PIPE 20MM PN16 PE80(ISO:4427),,0,0,,0,0,Y,0,0,0,0,Maharashtra
,MDPE PIPE 25MM PN16 PE80(ISO:4427),,0,0,,0,0,Y,0,0,0,0,Maharashtra
,Soc 63MM E-5 HDPE Spk Tee,,0,0,,0,0,Y,0,0,0,0,Rajasthan
,PVC PIPE 110MMX2.5KG/CM2(MTR),,0,0,,0,0,Y,0,0,0,0,Maharashtra
,Elbow 110mm PVC,,158.9,0,,0,0,Y,0,0,0,0,Maharashtra
,PVC PIPE 110MMX4KG/CM2 (MTR),,187.45,0,,0,0,Y,0,0,0,0,Maharashtra
,PVC PIPE 110MMX6KG/CM2 (MTR),,0,0,,0,0,Y,0,0,0,0,Maharashtra
,PVC PIPE 140MMX2.5KG/CM2 (MTR),,0,0,,0,0,Y,0,0,0,0,Maharashtra
,PVC PIPE 140MMX4KG/CM2(Mtr),,262.5,0,,0,0,Y,0,0,0,0,Maharashtra
,PVC PIPE 140MMX6KG/CM2(Mtr),,0,0,,0,0,Y,0,0,0,0,Maharashtra
,PVC PIPE 160MMX2.5KG/CM2 (MTR),,0,0,,0,0,Y,0,0,0,0,Maharashtra
,PVC PIPE 160MMX6KG/CM2 (MTR),,0,0,,0,0,Y,0,0,0,0,Maharashtra
,PVC PIPE 200MMX2.5KG/CM2 (MTR),,0,0,,0,0,Y,0,0,0,0,Maharashtra
,Soc 63mm Epc Spk Latch (P/c),,0,0,,0,0,Y,0,0,0,0,Rajasthan
,PVC PIPE 200MMX4KG/CM2 (MTR),,0,0,,0,0,Y,0,0,0,0,Maharashtra
,PVC PIPE 200MMX6KG/CM2 (MTR),,0,0,,0,0,Y,0,0,0,0,Maharashtra
,Elbow 110mm(PP),,0,0,,0,0,Y,0,0,0,0,Maharashtra
,PVC PIPE 225MMX4KG/CM2 CASING PIPE(MTR),,0,0,,0,0,Y,0,0,0,0,Maharashtra
,PVC PIPE 225MMX6KG/CM2 CASING PIPE(MTR),,0,0,,0,0,Y,0,0,0,0,Maharashtra
,PVC PIPE 32MMX10KG/CM2 (MTR),,48,0,,0,0,Y,0,0,0,0,Maharashtra
,PVC PIPE 40MMX6KG/CM2 (MTR),,47,0,,0,0,Y,0,0,0,0,Maharashtra
,PVC PIPE 50MMX6KG/CM2 (MTR),,59.25,0,,0,0,Y,0,0,0,0,Maharashtra
,PVC Pipe 63mm x 4 Kg / Cm2(MTR)XXXXXXXX,,65.42,0,,0,0,Y,0,0,0,0,Maharashtra
,PVC PIPE 63MM X 4 KG/CM2 (MTR),,65,0,,0,0,Y,0,0,0,0,Maharashtra
,SOC 63mm HDPE Spk End Cap,,70,0,,0,0,Y,0,0,0,0,Rajasthan
,PVC PIPE 63MMX6KG/CM2 (MTR),,95.05,0,,0,0,Y,0,0,0,0,Maharashtra
,PVC PIPE 75MM X 4KG/CM2 (MTR),,92.25,0,,0,0,Y,0,0,0,0,Maharashtra
,PVC PIPE 75MM X 6KG/CM2 (MTR),,132.87,0,,0,0,Y,0,0,0,0,Maharashtra
,Elbow 12mm(PP),,2.47,0,,0,0,Y,0,0,0,0,Maharashtra
,PVC PIPE 90MM X2.5KG/CM2 (MTR),,82.8,0,,0,0,Y,0,0,0,0,Maharashtra
,PVC PIPE 90MM X4KG/CM2 (MTR),,12880,0,,0,0,Y,0,0,0,0,Maharashtra
,PVC PIPE 90MM X6KG/CM2 (MTR),,189.11,0,,0,0,Y,0,0,0,0,Maharashtra
,PVC PIPE 90MMX10KG/CM2 (MTR),,0,0,,0,0,Y,0,0,0,0,Maharashtra
,110MM B HDPE Spk Adopter,,0,0,,0,0,Y,0,0,0,0,Maharashtra
,110MM B HDPE Spk Bend,,0,0,,0,0,Y,0,0,0,0,Maharashtra
,SOC 63mm HDPE Spk T.P.,,0,0,,0,0,Y,0,0,0,0,Rajasthan
,110MM B HDPE Spk PCN,,0,0,,0,0,Y,0,0,0,0,Maharashtra
,110MM B HDPE Spk Tee,,0,0,,0,0,Y,0,0,0,0,Maharashtra
,110mm B MDPE Spk Bend,,0,0,,0,0,Y,0,0,0,0,Maharashtra
,110mm Coil Nipple,,0,0,,0,0,Y,0,0,0,0,Maharashtra
,Elbow 140mm(PVC),,0,0,,0,0,Y,0,0,0,0,Maharashtra
,110MM HDPE MOULDED BEND,,0,0,,0,0,Y,0,0,0,0,Maharashtra
,110MM HDPE MOULDED BEND(PN6),,0,0,,0,0,Y,0,0,0,0,Maharashtra
,110MM HDPE MOULDED PIPE END,,0,0,,0,0,Y,0,0,0,0,Maharashtra
,110mm HDPE Spk End Cap,,0,0,,0,0,Y,0,0,0,0,Maharashtra
,110MM HDPE Spk Irrig Pipe PT-II(Sample),,0,0,,0,0,Y,0,0,0,0,Maharashtra
,SOC 63MM N HDPE Spk Adopter,,250,0,,0,0,Y,0,0,0,0,Rajasthan
,110MM HDPE Spk MLC,,0,0,,0,0,Y,0,0,0,0,Maharashtra
,110mm HDPE Spk Tail Pice,,0,0,,0,0,Y,0,0,0,0,Maharashtra
,110MM MDPE PIPE END,,0,0,,0,0,Y,0,0,0,0,Maharashtra
,110mm N Spk Rubber Ring,,0,0,,0,0,Y,0,0,0,0,Maharashtra
,110mm N1 Spk Rubber Ring,,0,0,,0,0,Y,0,0,0,0,Maharashtra
,Elbow 160mm PVC,,0,0,,0,0,Y,0,0,0,0,Maharashtra
,110MM NB HDPE Irrig Pipe(6mtr) PT- I,,0,0,,0,0,Y,0,0,0,0,Maharashtra
,110mm NB HDPE Irrig Pipe(6mtr) PT- II,,0,0,,0,0,Y,0,0,0,0,Maharashtra
,110mm NE Spk Latch,,0,0,,0,0,Y,0,0,0,0,Maharashtra
,110mm NR HDPE Spk Adopter,,0,0,,0,0,Y,0,0,0,0,Maharashtra
,SOC 63MM N HDPE Spk Bend,,220,0,,0,0,Y,0,0,0,0,Rajasthan
,110mm NR HDPE Spk Bend,,0,0,,0,0,Y,0,0,0,0,Maharashtra
,110mm NR HDPE Spk PCN,,0,0,,0,0,Y,0,0,0,0,Maharashtra
,110mm NR Spk Latch,,0,0,,0,0,Y,0,0,0,0,Maharashtra
,110mm PCN CLAMP/CLIP,,0,0,,0,0,Y,0,0,0,0,Maharashtra
,110mm Spk Pcn Nipple,,0,0,,0,0,Y,0,0,0,0,Maharashtra
,110mm Spk Rubber Ring,,0,0,,0,0,Y,0,0,0,0,Maharashtra
,Elbow 16mm(PP),,2.69,0,,0,0,Y,0,0,0,0,Maharashtra
,110X90MM HDPE MOULDED REDUCER,,0,0,,0,0,Y,0,0,0,0,Maharashtra
,110x90mm HDPE Spk Reducer(B),,0,0,,0,0,Y,0,0,0,0,Maharashtra
,110x90MM HDPE Spk Reducer(E/R),,0,0,,0,0,Y,0,0,0,0,Maharashtra
,SOC 63mm N HDPE Spk MLC,,0,0,,0,0,Y,0,0,0,0,Rajasthan
,125MM  Latch,,0,0,,0,0,Y,0,0,0,0,Maharashtra
,125MM HDPE MLC,,0,0,,0,0,Y,0,0,0,0,Maharashtra
,125mm HDPE Tail Pice,,0,0,,0,0,Y,0,0,0,0,Maharashtra
,125mm NB HDPE Irrig Pipe(6Mtr)Pt-1,,0,0,,0,0,Y,0,0,0,0,Maharashtra
,125mm Rubber Ring,,0,0,,0,0,Y,0,0,0,0,Maharashtra
,140MM HDPE  MLC,,0,0,,0,0,Y,0,0,0,0,Maharashtra
,140MM HDPE TAIL PIECE,,0,0,,0,0,Y,0,0,0,0,Maharashtra
,Elbow 20mm(Double Compression),,4.43,0,,0,0,Y,0,0,0,0,Maharashtra
,140MM Latch,,0,0,,0,0,Y,0,0,0,0,Maharashtra
,140MM M. S. Clamp,,0,0,,0,0,Y,0,0,0,0,Maharashtra
,SOC 63MM N HDPE Spk PCN,,225,0,,0,0,Y,0,0,0,0,Rajasthan
,140mm Rubber Ring,,0,0,,0,0,Y,0,0,0,0,Maharashtra
,160mm  Rubber Ring,,0,0,,0,0,Y,0,0,0,0,Maharashtra
,160MM HDPE  MLC,,0,0,,0,0,Y,0,0,0,0,Maharashtra
,160MM HDPE Tail Pices,,0,0,,0,0,Y,0,0,0,0,Maharashtra
,160MM Latch,,0,0,,0,0,Y,0,0,0,0,Maharashtra
,160mm NB HDPE Irrig Pipe(6Mtr)PT-1,,0,0,,0,0,Y,0,0,0,0,Maharashtra
,180MM M.S. Flange,,0,0,,0,0,Y,0,0,0,0,Maharashtra
,180mm NB HDPE Irrig Pipe(6Mtr)PT-1,,0,0,,0,0,Y,0,0,0,0,Maharashtra
,200mm Pvc Socket,,0,0,,0,0,Y,0,0,0,0,Maharashtra
,Elbow 25mm x 1 Threaded,,30.07,0,,0,0,Y,0,0,0,0,Maharashtra
,Emmitting Pipe CL-II(12mm 4LPH 60cm)Round,,7.54,0,,0,0,Y,0,0,0,0,Rajasthan
,SOC 63MM N HDPE Spk Pipe 3Mtr,,350,0,,0,0,Y,0,0,0,0,Rajasthan
,200MM HDPE MLC,,0,0,,0,0,Y,0,0,0,0,Maharashtra
,200MM HDPE TP,,0,0,,0,0,Y,0,0,0,0,Maharashtra
,200MM Spk Latch,,0,0,,0,0,Y,0,0,0,0,Maharashtra
,200MM Spk Rubber Ring,,0,0,,0,0,Y,0,0,0,0,Maharashtra
,225MM M.S.FLANGE,,0,0,,0,0,Y,0,0,0,0,Maharashtra
,32mm Coil Nipple,,0,0,,0,0,Y,0,0,0,0,Maharashtra
,32mm Rubber Gasket,,0,0,,0,0,Y,0,0,0,0,Maharashtra
,40MM  COIL NIPPEL S.S,,0,0,,0,0,Y,0,0,0,0,Maharashtra
,40mm Coil Nipple(G.I.),,0,0,,0,0,Y,0,0,0,0,Maharashtra
,50MM B HDPE Spk Bend,,0,0,,0,0,Y,0,0,0,0,Maharashtra
,SOC 63MM N HDPE Spk Pipe 6Mtr,,540,0,,0,0,Y,0,0,0,0,Rajasthan
,Elbow 32MM PVC,,0,0,,0,0,Y,0,0,0,0,Maharashtra
,50MM B HDPE Spk PCN,,0,0,,0,0,Y,0,0,0,0,Maharashtra
,50MM B HDPE Spk Tee,,0,0,,0,0,Y,0,0,0,0,Maharashtra
,50mm Coil Nipple(G.I),,0,0,,0,0,Y,0,0,0,0,Maharashtra
,50MM Coil Nipple(S.S.),,0,0,,0,0,Y,0,0,0,0,Maharashtra
,50MM EPC SPK FOOT-BATTEN,,0,0,,0,0,Y,0,0,0,0,Maharashtra
,50MM EPC SPK LATCH,,0,0,,0,0,Y,0,0,0,0,Maharashtra
,50MM GI STEEL TUBE GROVE NIPPLE,,0,0,,0,0,Y,0,0,0,0,Maharashtra
,50mm HDPE Pipe End,,0,0,,0,0,Y,0,0,0,0,Maharashtra
,50MM HDPE Spk End Cap,,0,0,,0,0,Y,0,0,0,0,Maharashtra
,SOC 63MM N HDPE Spk Tee,,275,0,,0,0,Y,0,0,0,0,Rajasthan
,50MM HDPE Spk Hydrent,,0,0,,0,0,Y,0,0,0,0,Maharashtra
,Elbow 32mmx1 Threaded,,36.76,0,,0,0,Y,0,0,0,0,Maharashtra
,50mm Hdpe Spk Hydrent Bend,,0,0,,0,0,Y,0,0,0,0,Maharashtra
,50mm HDPE SPK Tail Pice,,0,0,,0,0,Y,0,0,0,0,Maharashtra
,50mm MDPE End Cap,,0,0,,0,0,Y,0,0,0,0,Maharashtra
,50mm N HDPE SPK MLC,,0,0,,0,0,Y,0,0,0,0,Maharashtra
,50MM N Spk Foot Batten,,250,0,,0,0,Y,0,0,0,0,Maharashtra
,50MM N SPK Latch,,0,0,,0,0,Y,0,0,0,0,Maharashtra
,50mm N Spk Rubber Ring,,0,0,,0,0,Y,0,0,0,0,Maharashtra
,50MM NB HDPE Irrig Pipe (5mtr) PT-II,,0,0,,0,0,Y,0,0,0,0,Maharashtra
,SOC 63mm N Spk Connector,,275,0,,0,0,Y,0,0,0,0,Rajasthan
,50MM NB HDPE Irrig Pipe (6mtr) PT-II,,0,0,,0,0,Y,0,0,0,0,Maharashtra
,50MM NR HDPE Spk Adopter,,0,0,,0,0,Y,0,0,0,0,Maharashtra
,Elbow 40mm  PVC,,0,0,,0,0,Y,0,0,0,0,Maharashtra
,50MM NR HDPE Spk Bend,,0,0,,0,0,Y,0,0,0,0,Maharashtra
,50MM NR HDPE Spk PCN,,0,0,,0,0,Y,0,0,0,0,Maharashtra
,50MM NR HDPE Spk Pipe 3Mtr,,0,0,,0,0,Y,0,0,0,0,Maharashtra
,50MM NR HDPE Spk Pipe 6Mtr,,0,0,,0,0,Y,0,0,0,0,Maharashtra
,50MM NR HDPE Spk Tee,,0,0,,0,0,Y,0,0,0,0,Maharashtra
,50MM Spk PCN Nipple,,0,0,,0,0,Y,0,0,0,0,Maharashtra
,63 MM NE HOOK ONLY,,0,0,,0,0,Y,0,0,0,0,Maharashtra
,SOC 63mm N Spk Foot Batten,,0,0,,0,0,Y,0,0,0,0,Rajasthan
,63MM  SPK Pcn Nipple,,0,0,,0,0,Y,0,0,0,0,Maharashtra
,63MM B HDPE Spk PCN,,0,0,,0,0,Y,0,0,0,0,Maharashtra
,63MM B HDPE Spk Tee,,0,0,,0,0,Y,0,0,0,0,Maharashtra
,ELBOW 50MM PVC,,26.61,0,,0,0,Y,0,0,0,0,Maharashtra
,63mm B MDPE Spk Bend,,0,0,,0,0,Y,0,0,0,0,Maharashtra
,63mm Coil Nipple (S.S),,0,0,,0,0,Y,0,0,0,0,Maharashtra
,63mm Coil Nipple(G.I.),,0,0,,0,0,Y,0,0,0,0,Maharashtra
,63MM HDPE  Pipe End,,0,0,,0,0,Y,0,0,0,0,Maharashtra
,63mm HDPE Moulded Bend,,0,0,,0,0,Y,0,0,0,0,Maharashtra
,63MM HDPE Pipe for Main Line(3.2kg/cm2),,69,0,,0,0,Y,0,0,0,0,Maharashtra
,SOC 63mm N Spk Latch,,0,0,,0,0,Y,0,0,0,0,Rajasthan
,63mm HDPE Spk Hydrent Bend,,0,0,,0,0,Y,0,0,0,0,Maharashtra
,63MM HDPE Spk Hydrents,,0,0,,0,0,Y,0,0,0,0,Maharashtra
,63mm HDPE Spk Irrig Pipe(1-ft)PT-II(Sample),,0,0,,0,0,Y,0,0,0,0,Maharashtra
,63mm HDPE Spk PCN-Cap,,0,0,,0,0,Y,0,0,0,0,Maharashtra
,Elbow 50mm(PP-CF),,0,0,,0,0,Y,0,0,0,0,Maharashtra
,63MM HDPE Spk Tail Pice,,0,0,,0,0,Y,0,0,0,0,Maharashtra
,63mm MDPE End Cap,,0,0,,0,0,Y,0,0,0,0,Maharashtra
,63MM N  SPK Foot Batten,,250,0,,0,0,Y,0,0,0,0,Maharashtra
,63MM N  SPK Latch,,0,0,,0,0,Y,0,0,0,0,Maharashtra
,63MM N  SPK Rubber Ring,,0,0,,0,0,Y,0,0,0,0,Maharashtra
,SOC 63mm N Spk Rubber Ring,,7,0,,0,0,Y,0,0,0,0,Rajasthan
,63mm N1B HDPE Irrig Pipe(6mtr) PT- II,,0,0,,0,0,Y,0,0,0,0,Maharashtra
,63mm N3B HDPE Irrig Pipe(6Mtr) PT-II,,0,0,,0,0,Y,0,0,0,0,Maharashtra
,63mm NB HDPE Irrig Pipe(3mtr) PT- II,,0,0,,0,0,Y,0,0,0,0,Maharashtra
,63mm NB HDPE Irrig Pipe(6mtr) PT- II,,0,0,,0,0,Y,0,0,0,0,Maharashtra
,63mm NE HDPE Spk Adopter,,0,0,,0,0,Y,0,0,0,0,Maharashtra
,Elbow 63mm  PVC,,50.81,0,,0,0,Y,0,0,0,0,Maharashtra
,63mm NE HDPE Spk Bend,,0,0,,0,0,Y,0,0,0,0,Maharashtra
,63mm NE HDPE Spk End Cap,,0,0,,0,0,Y,0,0,0,0,Maharashtra
,63MM NE HDPE SPK MLC,,0,0,,0,0,Y,0,0,0,0,Maharashtra
,63mm NE HDPE Spk PCN,,0,0,,0,0,Y,0,0,0,0,Maharashtra
,Soc 63mm N-1 HDPE Spk Adopter,,7,0,,0,0,Y,0,0,0,0,Rajasthan
,63mm NE HDPE Spk Pipe 3mtr,,0,0,,0,0,Y,0,0,0,0,Maharashtra
,63mm NE HDPE Spk Pipe 4mtr,,0,0,,0,0,Y,0,0,0,0,Maharashtra
,63mm NE HDPE Spk Pipe 6mtr,,0,0,,0,0,Y,0,0,0,0,Maharashtra
,63mm NE HDPE Spk Tee,,0,0,,0,0,Y,0,0,0,0,Maharashtra
,63mm PCN CLAMP/CLIP,,0,0,,0,0,Y,0,0,0,0,Maharashtra
,63mm Spk Foot Batten(PP),,0,0,,0,0,Y,0,0,0,0,Maharashtra
,Elbow 63mm(PP-CF),,0,0,,0,0,Y,0,0,0,0,Maharashtra
,63MM SPK PCN Nipple(Short),,0,0,,0,0,Y,0,0,0,0,Maharashtra
,63x50mm MDPE Reducer,,0,0,,0,0,Y,0,0,0,0,Maharashtra
,75MM AVL Spk Foot Batten,,0,0,,0,0,Y,0,0,0,0,Maharashtra
,Soc 63mm N-1 HDPE Spk Bend,,220,0,,0,0,Y,0,0,0,0,Rajasthan
,75MM B HDPE Fab Bend,,0,0,,0,0,Y,0,0,0,0,Maharashtra
,75MM B HDPE Spk PCN,,0,0,,0,0,Y,0,0,0,0,Maharashtra
,75MM BATTEN ONLY,,0,0,,0,0,Y,0,0,0,0,Maharashtra
,75MM COIL NIPPLE (G.I),,0,0,,0,0,Y,0,0,0,0,Maharashtra
,75MM COIL NIPPLE (SS-12),,0,0,,0,0,Y,0,0,0,0,Maharashtra
,75mm Epc Spk Rubber Ring,,0,0,,0,0,Y,0,0,0,0,Maharashtra
,75MM GI NIPPEL,,0,0,,0,0,Y,0,0,0,0,Maharashtra
,Elbow 75mm PVC,,60.89,0,,0,0,Y,0,0,0,0,Maharashtra
,75MM HDPE Pipe for Main Line(2.5kg/cm2),,79,0,,0,0,Y,0,0,0,0,Maharashtra
,75MM HDPE Spk Connector,,0,0,,0,0,Y,0,0,0,0,Maharashtra
,SOC 63mm N-1 HDPE SPK MLC,,0,0,,0,0,Y,0,0,0,0,Rajasthan
,75mm HDPE Spk Hydrent Bend,,0,0,,0,0,Y,0,0,0,0,Maharashtra
,75MM HDPE Spk Hydrents,,0,0,,0,0,Y,0,0,0,0,Maharashtra
,75mm HDPE Spk Irrig Pipe(1-ft)PT-II(Sample),,0,0,,0,0,Y,0,0,0,0,Maharashtra
,75MM HDPE Spk PCN-CAP,,0,0,,0,0,Y,0,0,0,0,Maharashtra
,75MM HDPE Spk Tail Piece,,0,0,,0,0,Y,0,0,0,0,Maharashtra
,75MM M.S FLANECH,,0,0,,0,0,Y,0,0,0,0,Maharashtra
,75mm MDPE End Cap,,0,0,,0,0,Y,0,0,0,0,Maharashtra
,75mm N Spk Foot Batten,,300,0,,0,0,Y,0,0,0,0,Maharashtra
,Elbow 75mm(PP-CF),,0,0,,0,0,Y,0,0,0,0,Maharashtra
,75MM N SPK Rubber Ring,,0,0,,0,0,Y,0,0,0,0,Maharashtra
,Emmitting Pipe CL-II(16mm 2LPH 30cm)Flat,,12.99,0,,0,0,Y,0,0,0,0,Rajasthan
,Soc 63mm N-1 HDPE Spk PCN,,220,0,,0,0,Y,0,0,0,0,Rajasthan
,75mm N1 Spk Foot Batten,,0,0,,0,0,Y,0,0,0,0,Maharashtra
,75MM N1 SPK Rubber Ring,,0,0,,0,0,Y,0,0,0,0,Maharashtra
,75mm N1B HDPE Irrig Pipe(6mtr) PT- II,,0,0,,0,0,Y,0,0,0,0,Maharashtra
,75MM N1B(3.2KG) HDPE Irrrig Pipe(6mtr)PT-II,,0,0,,0,0,Y,0,0,0,0,Maharashtra
,75mm N1E Spk Latch,,0,0,,0,0,Y,0,0,0,0,Maharashtra
,75mm N2R HDPE Spk MLC,,0,0,,0,0,Y,0,0,0,0,Maharashtra
,75mm N3B HDPE Irrig Pipe(6mtr) PT- II,,0,0,,0,0,Y,0,0,0,0,Maharashtra
,75mm NB HDPE Irrig Pipe(6mtr) PT- II,,0,0,,0,0,Y,0,0,0,0,Maharashtra
,75mm NB(3.2Kg) HDPE Irrig Pipe (6Mtr)PT-II,,0,0,,0,0,Y,0,0,0,0,Maharashtra
,20MM INLINE DRIPPER(2LPH)ROUND,,0,0,,0,0,Y,0,0,0,0,Maharashtra
,SOC 63MM N-1 HDPE Spk Pipe 3mtr,,225,0,,0,0,Y,0,0,0,0,Rajasthan
,Elbow 90mm PVC,,89.11,0,,0,0,Y,0,0,0,0,Maharashtra
,75mm NB(4Kg) HDPE Irrig Pipe (6Mtr)PT-II,,0,0,,0,0,Y,0,0,0,0,Maharashtra
,75mm NE HDPE Spk Adopter,,0,0,,0,0,Y,0,0,0,0,Maharashtra
,75mm NE HDPE Spk Bend,,0,0,,0,0,Y,0,0,0,0,Maharashtra
,75mm NE HDPE Spk End Cap,,0,0,,0,0,Y,0,0,0,0,Maharashtra
,75MM NE HDPE Spk MLC,,0,0,,0,0,Y,0,0,0,0,Maharashtra
,75mm NE HDPE Spk PCN,,0,0,,0,0,Y,0,0,0,0,Maharashtra
,75mm NE HDPE Spk Pipe 3mtr,,0,0,,0,0,Y,0,0,0,0,Maharashtra
,75mm NE HDPE Spk Pipe 6mtr,,0,0,,0,0,Y,0,0,0,0,Maharashtra
,75mm NE HDPE Spk Tee,,0,0,,0,0,Y,0,0,0,0,Maharashtra
,SOC 63MM N-1 HDPE Spk Pipe 6mtr,,540,0,,0,0,Y,0,0,0,0,Rajasthan
,75mm NE Spk Latch,,0,0,,0,0,Y,0,0,0,0,Maharashtra
,Elbow 90mm(PP-CF),,0,0,,0,0,Y,0,0,0,0,Maharashtra
,75mm NE(3.2Kg) HDPE Spk Pipe 6Mtr,,772,0,,0,0,Y,0,0,0,0,Maharashtra
,75mm NR HDPE Spk Adopter,,0,0,,0,0,Y,0,0,0,0,Maharashtra
,75mm NR HDPE Spk Bend,,0,0,,0,0,Y,0,0,0,0,Maharashtra
,75mm NR HDPE Spk MLC,,0,0,,0,0,Y,0,0,0,0,Maharashtra
,75mm NR HDPE Spk PCN,,0,0,,0,0,Y,0,0,0,0,Maharashtra
,75mm NR HDPE Spk Pipe 3mtr,,0,0,,0,0,Y,0,0,0,0,Maharashtra
,75mm NR HDPE Spk Pipe 6mtr,,0,0,,0,0,Y,0,0,0,0,Maharashtra
,75mm NR HDPE Spk Tee,,0,0,,0,0,Y,0,0,0,0,Maharashtra
,Soc 63mm N-1 HDPE Spk TEE,,540,0,,0,0,Y,0,0,0,0,Rajasthan
,75mm NR Spk Latch,,0,0,,0,0,Y,0,0,0,0,Maharashtra
,75mm NR Spk Latch (Spl),,0,0,,0,0,Y,0,0,0,0,Maharashtra
,Elbow GI 20MM,,0,0,,0,0,Y,0,0,0,0,Maharashtra
,75MM PCN CLAMP/CLIP,,0,0,,0,0,Y,0,0,0,0,Maharashtra
,75MM Spk Foot Batten(PP),,0,0,,0,0,Y,0,0,0,0,Maharashtra
,75MM SPK PCN NIPPLE,,0,0,,0,0,Y,0,0,0,0,Maharashtra
,75MM SPK PCN NIPPLE-SHORT(M.S. COUPLER),,0,0,,0,0,Y,0,0,0,0,Maharashtra
,75MM Spk Plain Rubber Ring,,0,0,,0,0,Y,0,0,0,0,Maharashtra
,75x40mm HDPE Bush PCN,,0,0,,0,0,Y,0,0,0,0,Maharashtra
,75x63MM HDPE MOULDED REDUCER,,0,0,,0,0,Y,0,0,0,0,Maharashtra
,Soc 63mm N-1 Spk Foot Batten,,0,0,,0,0,Y,0,0,0,0,Rajasthan
,75x63mm HDPE Spk Reducer(E/R),,0,0,,0,0,Y,0,0,0,0,Maharashtra
,75x63mm MDPE Reducer,,0,0,,0,0,Y,0,0,0,0,Maharashtra
,90MM  HDPE Spk End Cap,,0,0,,0,0,Y,0,0,0,0,Maharashtra
,Elbow(CF-PP)20MM,,0,0,,0,0,Y,0,0,0,0,Maharashtra
,90mm B HDPE Spk PCN,,0,0,,0,0,Y,0,0,0,0,Maharashtra
,90mm B HDPE Spk Tee,,0,0,,0,0,Y,0,0,0,0,Maharashtra
,90MM COIL NIPPLE(G.I.),,0,0,,0,0,Y,0,0,0,0,Maharashtra
,90MM COIL NIPPLE(SS-12),,0,0,,0,0,Y,0,0,0,0,Maharashtra
,90MM HDPE Irrig Pipe for Hydrant(MTR),,0,0,,0,0,Y,0,0,0,0,Maharashtra
,90MM HDPE MOULDED BEND,,0,0,,0,0,Y,0,0,0,0,Maharashtra
,Soc 63mm N-1 Spk Latch,,0,0,,0,0,Y,0,0,0,0,Rajasthan
,90MM HDPE MOULDED PIPE END,,0,0,,0,0,Y,0,0,0,0,Maharashtra
,90mm HDPE Spk Connector,,0,0,,0,0,Y,0,0,0,0,Maharashtra
,90mm HDPE Spk Hydrent Bend,,0,0,,0,0,Y,0,0,0,0,Maharashtra
,90MM HDPE Spk Hydrents,,0,0,,0,0,Y,0,0,0,0,Maharashtra
,Emmitting Pipe (16mm 4LPH 30cm)R Hybrid-Eco,,12.25,0,,0,0,Y,0,0,0,0,Maharashtra
,90MM HDPE Spk Irrig Pipe(1-ft)PT-II(Sample),,0,0,,0,0,Y,0,0,0,0,Maharashtra
,90mm HDPE Spk PCN Cap,,0,0,,0,0,Y,0,0,0,0,Maharashtra
,90mm HDPE Spk T.P.,,0,0,,0,0,Y,0,0,0,0,Maharashtra
,90mm N Spk Foot Batten,,430,0,,0,0,Y,0,0,0,0,Maharashtra
,90MM N SPK Rubber Ring,,0,0,,0,0,Y,0,0,0,0,Maharashtra
,Soc 63mm N3 HDPE Spk Adopter,,275,0,,0,0,Y,0,0,0,0,Rajasthan
,90mm N2R HDPE Spk MLC,,0,0,,0,0,Y,0,0,0,0,Maharashtra
,90mm NB HDPE Irrig Pipe(6mtr) PT- II,,0,0,,0,0,Y,0,0,0,0,Maharashtra
,90mm NB(3.2KG) HDPE Irrig Pipe (6Mtr) PT-II,,0,0,,0,0,Y,0,0,0,0,Maharashtra
,90mm NB(4kg)HDPE Irrig Pipe(6mtr) PT- I,,0,0,,0,0,Y,0,0,0,0,Maharashtra
,90mm NE HDPE Spk Adopter,,0,0,,0,0,Y,0,0,0,0,Maharashtra
,Emmitting Pipe (16mm 4LPh 40cm) R Hybrid-Eco,,11.4,0,,0,0,Y,0,0,0,0,Maharashtra
,90mm NE HDPE Spk Bend,,0,0,,0,0,Y,0,0,0,0,Maharashtra
,90mm NE HDPE Spk MLC,,0,0,,0,0,Y,0,0,0,0,Maharashtra
,90mm NE HDPE Spk Pipe 3mtr,,0,0,,0,0,Y,0,0,0,0,Maharashtra
,90mm NE HDPE Spk Pipe 6mtr,,0,0,,0,0,Y,0,0,0,0,Maharashtra
,Soc 63mm N3 HDPE Spk Bend,,250,0,,0,0,Y,0,0,0,0,Rajasthan
,90mm NE HDPE Spk Tee,,0,0,,0,0,Y,0,0,0,0,Maharashtra
,90mm NE Spk Latch,,0,0,,0,0,Y,0,0,0,0,Maharashtra
,90mm NR HDPE Spk Adopter,,0,0,,0,0,Y,0,0,0,0,Maharashtra
,90mm NR HDPE Spk Bend,,0,0,,0,0,Y,0,0,0,0,Maharashtra
,90mm NR HDPE Spk MLC,,0,0,,0,0,Y,0,0,0,0,Maharashtra
,90mm NR HDPE Spk Tee,,0,0,,0,0,Y,0,0,0,0,Maharashtra
,Emmitting Pipe CL-II (16mm 2Lph 40Cm)Round,,11.4,0,,0,0,Y,0,0,0,0,Maharashtra
,90mm NR Spk Latch,,0,0,,0,0,Y,0,0,0,0,Maharashtra
,90mm NR(3.2kg)HDPE Spk Pipe 6Mtr,,0,0,,0,0,Y,0,0,0,0,Maharashtra
,90mm NR(4kg)HDPE Spk Pipe 6Mtr,,165,0,,0,0,Y,0,0,0,0,Maharashtra
,Soc 63mm N3 HDPE Spk MLC,,0,0,,0,0,Y,0,0,0,0,Rajasthan
,90MM Spk Hook Only,,0,0,,0,0,Y,0,0,0,0,Maharashtra
,90MM SPK PCN NIPPLE,,0,0,,0,0,Y,0,0,0,0,Maharashtra
,90x75mm HDPE Reducer(PF),,0,0,,0,0,Y,0,0,0,0,Maharashtra
,90x75mm HDPE Spk Reducer(B),,0,0,,0,0,Y,0,0,0,0,Maharashtra
,90x75MM HDPE Spk Reducer(E/R),,0,0,,0,0,Y,0,0,0,0,Maharashtra
,Copper Rivit(For Coil Nipple),,0,0,,0,0,Y,0,0,0,0,Maharashtra
,Coupler/joiner 90mm,,0,0,,0,0,Y,0,0,0,0,Maharashtra
,Emmitting Pipe CL-II (16mm 2Lph 60cm ) Flat,,11.29,0,,0,0,Y,0,0,0,0,Maharashtra
,HDPE Packing Clips(MFG),,0,0,,0,0,Y,0,0,0,0,Maharashtra
,Micro Spk. Inverted Rotar Nozzle,,0,0,,0,0,Y,0,0,0,0,Maharashtra
,Soc 63mm N3 HDPE Spk Pipe 3Mtr,,220,0,,0,0,Y,0,0,0,0,Rajasthan
,Micro Sprayer/Jet(Assembley Without Stand),,0,0,,0,0,Y,0,0,0,0,Maharashtra
,Rain Gun  Adopter 1.25(50X40),,0,0,,0,0,Y,0,0,0,0,Maharashtra
,Rain Gun 1.25,,0,0,,0,0,Y,0,0,0,0,Maharashtra
,Rain Gun 2 with Stand,,0,0,,0,0,Y,0,0,0,0,Maharashtra
,RAIN GUN ADOPTER 2(63x40),,0,0,,0,0,Y,0,0,0,0,Maharashtra
,Rain Gun Nipple G.I. 2.5x1-1/4,,0,0,,0,0,Y,0,0,0,0,Maharashtra
,Rain Gun Nipple G.I. 2x1-1/4,,0,0,,0,0,Y,0,0,0,0,Maharashtra
,Rain Gun Riser 1.25,,0,0,,0,0,Y,0,0,0,0,Maharashtra
,Emmitting Pipe CL-II(12mm 2LPH 40cm)Flat,,8.19,0,,0,0,Y,0,0,0,0,Maharashtra
,Rain Gun Stand 1.25,,0,0,,0,0,Y,0,0,0,0,Maharashtra
,Emmitting Pipe CL-II(16mm 2LPH 30cm)Round,,12.25,0,,0,0,Y,0,0,0,0,Rajasthan
,Soc 63mm N3 HDPE Spk Pipe 6Mtr,,350,0,,0,0,Y,0,0,0,0,Rajasthan
,Raingun Adopter 2.5(75x40),,0,0,,0,0,Y,0,0,0,0,Maharashtra
,Raingun Adopter 3(90x40),,0,0,,0,0,Y,0,0,0,0,Maharashtra
,Raingun Adopter 4(110x40),,0,0,,0,0,Y,0,0,0,0,Maharashtra
,SOC 110mm Epc Spk Latch,,0,0,,0,0,Y,0,0,0,0,Maharashtra
,SOC 110mm HDPE Spk End Cap,,150,0,,0,0,Y,0,0,0,0,Maharashtra
,SOC 110mm HDPE Spk T.P.,,0,0,,0,0,Y,0,0,0,0,Maharashtra
,SOC 110mm N HDPE Spk Adopter,,615,0,,0,0,Y,0,0,0,0,Maharashtra
,SOC 110mm N HDPE Spk Bend,,485,0,,0,0,Y,0,0,0,0,Maharashtra
,SOC 110mm N HDPE Spk MLC,,0,0,,0,0,Y,0,0,0,0,Maharashtra
,Emmitting Pipe CL-II(12mm 2LPH 40cm)Round,,8.19,0,,0,0,Y,0,0,0,0,Maharashtra
,Soc 63mm N3 HDPE Spk TEE,,540,0,,0,0,Y,0,0,0,0,Rajasthan
,SOC 110mm N HDPE Spk PCN,,410,0,,0,0,Y,0,0,0,0,Maharashtra
,SOC 110mm N HDPE Spk Pipe 6mtr,,1240,0,,0,0,Y,0,0,0,0,Maharashtra
,SOC 110mm N HDPE Spk Tee,,615,0,,0,0,Y,0,0,0,0,Maharashtra
,SOC 110mm N Spk Foot Batten,,615,0,,0,0,Y,0,0,0,0,Maharashtra
,SOC 110mm N Spk Latch,,0,0,,0,0,Y,0,0,0,0,Maharashtra
,SOC 110x90MM HDPE Spk Reducer,,495,0,,0,0,Y,0,0,0,0,Maharashtra
,SOC 50MM HDPE Spk End Cap,,60,0,,0,0,Y,0,0,0,0,Maharashtra
,Soc 50MM HDPE Spk T.P.,,0,0,,0,0,Y,0,0,0,0,Maharashtra
,SOC 50MM N HDPE Spk Adopter,,250,0,,0,0,Y,0,0,0,0,Maharashtra
,SOC 50MM N HDPE Spk Bend,,205,0,,0,0,Y,0,0,0,0,Maharashtra
,Soc 63mm N3 Spk Foot Batten,,0,0,,0,0,Y,0,0,0,0,Rajasthan
,Emmitting Pipe CL-II (16mm 2Lph 60cm )Round,,10.65,0,,0,0,Y,0,0,0,0,Maharashtra
,PVC PIPE 160MMX4KG/CM2 (MTR),,0,0,,0,0,Y,0,0,0,0,Maharashtra
,PVC PIPE 180MMX2.5KG/CM2 (MTR),,331,0,,0,0,Y,0,0,0,0,Maharashtra
,PVC PIPE 180MMX4KG/CM2 (MTR),,533.4,0,,0,0,Y,0,0,0,0,Maharashtra
,PVC PIPE 180MMX6KG/CM2 (MTR),,761.5,0,,0,0,Y,0,0,0,0,Maharashtra
,SOC 110mm N HDPE Spk Pipe 3mtr,,775,0,,0,0,Y,0,0,0,0,Maharashtra
,Tee(Compression Fitting) 16x16mm,,3.31,0,,0,0,Y,0,0,0,0,Maharashtra
,Tee(Compression Fitting) 16x12mm,,3.75,0,,0,0,Y,0,0,0,0,Maharashtra
,110MM B HDPE Spk Adopter,,0,0,,0,0,Y,0,0,0,0,Madhya Pradesh
,110MM B HDPE Spk Bend,,0,0,,0,0,Y,0,0,0,0,Madhya Pradesh
,Soc 63mm N3 Spk Latch,,0,0,,0,0,Y,0,0,0,0,Rajasthan
,110MM B HDPE Spk PCN,,0,0,,0,0,Y,0,0,0,0,Madhya Pradesh
,110MM B HDPE Spk Tee,,0,0,,0,0,Y,0,0,0,0,Madhya Pradesh
,110mm B MDPE Spk Bend,,0,0,,0,0,Y,0,0,0,0,Madhya Pradesh
,110mm Coil Nipple,,0,0,,0,0,Y,0,0,0,0,Madhya Pradesh
,110MM HDPE Flange(Moulded),,0,0,,0,0,Y,0,0,0,0,Madhya Pradesh
,110MM HDPE MOULDED BEND,,0,0,,0,0,Y,0,0,0,0,Madhya Pradesh
,110MM HDPE MOULDED BEND(PN6),,0,0,,0,0,Y,0,0,0,0,Madhya Pradesh
,110MM HDPE MOULDED PIPE END,,0,0,,0,0,Y,0,0,0,0,Madhya Pradesh
,110MM HDPE MOULDED TEE,,0,0,,0,0,Y,0,0,0,0,Madhya Pradesh
,110MM HDPE MOULDED TEE(PN6),,0,0,,0,0,Y,0,0,0,0,Madhya Pradesh
,Soc 70mm N3 HDPE Spk Pipe 6mtr,,0,0,,0,0,Y,0,0,0,0,Rajasthan
,110MM HDPE Pipe End PN6 PE80(Moulded),,0,0,,0,0,Y,0,0,0,0,Madhya Pradesh
,110MM HDPE Pipe End(Moulded),,0,0,,0,0,Y,0,0,0,0,Madhya Pradesh
,110mm HDPE Spk End Cap,,0,0,,0,0,Y,0,0,0,0,Madhya Pradesh
,110MM HDPE Spk Irrig Pipe PT-II(Sample),,0,0,,0,0,Y,0,0,0,0,Madhya Pradesh
,110MM HDPE Spk MLC,,0,0,,0,0,Y,0,0,0,0,Madhya Pradesh
,110mm HDPE Spk Tail Pice,,0,0,,0,0,Y,0,0,0,0,Madhya Pradesh
,110MM MDPE PIPE END,,0,0,,0,0,Y,0,0,0,0,Madhya Pradesh
,110mm N Spk Rubber Ring,,0,0,,0,0,Y,0,0,0,0,Madhya Pradesh
,110mm N1 Spk Rubber Ring,,0,0,,0,0,Y,0,0,0,0,Madhya Pradesh
,110MM NB HDPE Irrig Pipe(6mtr) PT- I,,0,0,,0,0,Y,0,0,0,0,Madhya Pradesh
,SOC 75 MM EPC SPK LATCH P/C,,0,0,,0,0,Y,0,0,0,0,Rajasthan
,110mm NB HDPE Irrig Pipe(6mtr) PT- II,,0,0,,0,0,Y,0,0,0,0,Madhya Pradesh
,110mm NE Spk Latch,,0,0,,0,0,Y,0,0,0,0,Madhya Pradesh
,110mm NR HDPE Spk Adopter,,0,0,,0,0,Y,0,0,0,0,Madhya Pradesh
,110mm NR HDPE Spk Bend,,0,0,,0,0,Y,0,0,0,0,Madhya Pradesh
,110mm NR HDPE Spk PCN,,0,0,,0,0,Y,0,0,0,0,Madhya Pradesh
,110mm NR Spk Latch,,0,0,,0,0,Y,0,0,0,0,Madhya Pradesh
,110mm PCN CLAMP/CLIP,,0,0,,0,0,Y,0,0,0,0,Madhya Pradesh
,110MM PN10 PE100 HDPE BEND-90*(FF),,0,0,,0,0,Y,0,0,0,0,Madhya Pradesh
,110MM PN10 PE100 HDPE ENDCAP(FF),,0,0,,0,0,Y,0,0,0,0,Madhya Pradesh
,110MM PN10 PE100 HDPE TEE(FF),,0,0,,0,0,Y,0,0,0,0,Madhya Pradesh
,SOC 75mm  N3 HDPE Spk Pipe 3mtr,,275,0,,0,0,Y,0,0,0,0,Rajasthan
,110MM PN10 PE-100 N(ISO:4427),,0,0,,0,0,Y,0,0,0,0,Madhya Pradesh
,110MM PN10 PE-100 N(ISO:4427)-FF,,0,0,,0,0,Y,0,0,0,0,Madhya Pradesh
,110mm PN6 PE- 80 N,,431.18,0,,0,0,Y,0,0,0,0,Madhya Pradesh
,110MM PN6 PE100 HDPE BEND(FF),,0,0,,0,0,Y,0,0,0,0,Madhya Pradesh
,110MM PN6 PE100 HDPE BEND(FF)45*,,0,0,,0,0,Y,0,0,0,0,Madhya Pradesh
,110MM PN6 PE100 HDPE PIPE END,,0,0,,0,0,Y,0,0,0,0,Madhya Pradesh
,110MM PN6 PE100 HDPE TEE(FF),,0,0,,0,0,Y,0,0,0,0,Madhya Pradesh
,110MM PN6 PE-100 N,,0,0,,0,0,Y,0,0,0,0,Madhya Pradesh
,110MM PN6 PE80 HDPE BEND(FF)45*,,0,0,,0,0,Y,0,0,0,0,Madhya Pradesh
,110mm Spk Pcn Nipple,,0,0,,0,0,Y,0,0,0,0,Madhya Pradesh
,Soc 75MM AVL Spk Latch,,0,0,,0,0,Y,0,0,0,0,Rajasthan
,110mm Spk Rubber Ring,,0,0,,0,0,Y,0,0,0,0,Madhya Pradesh
,110X90MM HDPE MOULDED REDUCER,,0,0,,0,0,Y,0,0,0,0,Madhya Pradesh
,110x90mm HDPE Spk Reducer(B),,0,0,,0,0,Y,0,0,0,0,Madhya Pradesh
,110x90MM HDPE Spk Reducer(E/R),,0,0,,0,0,Y,0,0,0,0,Madhya Pradesh
,125MM  Latch,,0,0,,0,0,Y,0,0,0,0,Madhya Pradesh
,125MM HDPE End Cap PN6 PE80(Moulded),,0,0,,0,0,Y,0,0,0,0,Madhya Pradesh
,125mm HDPE End Cap(Moulded),,0,0,,0,0,Y,0,0,0,0,Madhya Pradesh
,125MM HDPE MLC,,0,0,,0,0,Y,0,0,0,0,Madhya Pradesh
,125MM HDPE MOULDED BEND,,0,0,,0,0,Y,0,0,0,0,Madhya Pradesh
,125MM HDPE MOULDED TEE,,0,0,,0,0,Y,0,0,0,0,Madhya Pradesh
,Soc 75MM E-5 HDPE Spk Adopter,,0,0,,0,0,Y,0,0,0,0,Rajasthan
,125MM HDPE Pipe End PN6 PE80(Moulded),,0,0,,0,0,Y,0,0,0,0,Madhya Pradesh
,125mm HDPE Tail Pice,,0,0,,0,0,Y,0,0,0,0,Madhya Pradesh
,125mm NB HDPE Irrig Pipe(6Mtr)Pt-1,,0,0,,0,0,Y,0,0,0,0,Madhya Pradesh
,125MM PN6 PE100 HDPE BEND-45*(FF),,0,0,,0,0,Y,0,0,0,0,Madhya Pradesh
,125MM PN6 PE100 HDPE TEE(FF),,0,0,,0,0,Y,0,0,0,0,Madhya Pradesh
,125MM PN6 PE80 HDPE BEND 45*(FF),,0,0,,0,0,Y,0,0,0,0,Madhya Pradesh
,125mm Rubber Ring,,0,0,,0,0,Y,0,0,0,0,Madhya Pradesh
,125X110MM HDPE MOULDED REDUCER,,0,0,,0,0,Y,0,0,0,0,Madhya Pradesh
,125X90MM HDPE MOULDED REDUCER,,0,0,,0,0,Y,0,0,0,0,Madhya Pradesh
,12MM In Line Dripper (2-LPH)Round,,0,0,,0,0,Y,0,0,0,0,Madhya Pradesh
,Soc 75MM E-5 HDPE Spk Bend,,0,0,,0,0,Y,0,0,0,0,Rajasthan
,12MM In Line Dripper (4-LPH)Round,,0,0,,0,0,Y,0,0,0,0,Madhya Pradesh
,140MM HDPE  MLC,,0,0,,0,0,Y,0,0,0,0,Madhya Pradesh
,140MM HDPE End Cap PN6 PE80(Moulded),,0,0,,0,0,Y,0,0,0,0,Madhya Pradesh
,140mm HDPE End Cap(Moulded),,0,0,,0,0,Y,0,0,0,0,Madhya Pradesh
,140MM HDPE MOULDED BEND,,0,0,,0,0,Y,0,0,0,0,Madhya Pradesh
,140MM HDPE MOULDED PCN,,0,0,,0,0,Y,0,0,0,0,Madhya Pradesh
,140MM HDPE MOULDED TEE,,0,0,,0,0,Y,0,0,0,0,Madhya Pradesh
,140MM HDPE Pipe End PN6 PE80(Moulded),,0,0,,0,0,Y,0,0,0,0,Madhya Pradesh
,140MM HDPE TAIL PIECE,,0,0,,0,0,Y,0,0,0,0,Madhya Pradesh
,140MM Latch,,0,0,,0,0,Y,0,0,0,0,Madhya Pradesh
,Emmitting Pipe CL-II(16mm 2LPH 40cm)Flat,,12.08,0,,0,0,Y,0,0,0,0,Rajasthan
,Soc 75mm E5 HDPE Spk MLC,,0,0,,0,0,Y,0,0,0,0,Rajasthan
,140MM M. S. Clamp,,0,0,,0,0,Y,0,0,0,0,Madhya Pradesh
,140MM PN6 PE100 HDPE BEND(FF),,0,0,,0,0,Y,0,0,0,0,Madhya Pradesh
,140MM PN6 PE100 HDPE BEND(FF)45*,,0,0,,0,0,Y,0,0,0,0,Madhya Pradesh
,140MM PN6 PE100 HDPE TEE(FF),,0,0,,0,0,Y,0,0,0,0,Madhya Pradesh
,140MM PN6 PE80 HDPE BEND 45*(FF),,0,0,,0,0,Y,0,0,0,0,Madhya Pradesh
,140MM PN6 PE80 HDPE TEE 90*(FF),,0,0,,0,0,Y,0,0,0,0,Madhya Pradesh
,140mm Rubber Ring,,0,0,,0,0,Y,0,0,0,0,Madhya Pradesh
,140X110MM HDPE MOULDED REDUCER,,0,0,,0,0,Y,0,0,0,0,Madhya Pradesh
,140X110MM MS Reducer,,0,0,,0,0,Y,0,0,0,0,Madhya Pradesh
,140X125MM HDPE MOULDED REDUCER,,0,0,,0,0,Y,0,0,0,0,Madhya Pradesh
,Soc 75MM E-5 HDPE Spk Tee,,0,0,,0,0,Y,0,0,0,0,Rajasthan
,140X90MM HDPE MOULDED REDUCER,,0,0,,0,0,Y,0,0,0,0,Madhya Pradesh
,160mm  Rubber Ring,,0,0,,0,0,Y,0,0,0,0,Madhya Pradesh
,160MM HDPE  MLC,,0,0,,0,0,Y,0,0,0,0,Madhya Pradesh
,160MM HDPE End Cap PN6 PE80(Moulded),,0,0,,0,0,Y,0,0,0,0,Madhya Pradesh
,160mm HDPE End Cap(Moulded),,0,0,,0,0,Y,0,0,0,0,Madhya Pradesh
,160mm HDPE FEB TEE,,0,0,,0,0,Y,0,0,0,0,Madhya Pradesh
,160MM HDPE Flange(Moulded),,0,0,,0,0,Y,0,0,0,0,Madhya Pradesh
,160MM HDPE MOULDED BEND,,0,0,,0,0,Y,0,0,0,0,Madhya Pradesh
,160MM HDPE MOULDED BEND(PN6),,0,0,,0,0,Y,0,0,0,0,Madhya Pradesh
,160MM HDPE MOULDED PCN,,0,0,,0,0,Y,0,0,0,0,Madhya Pradesh
,Soc 75MM E-6 HDPE Spk MLC,,0,0,,0,0,Y,0,0,0,0,Rajasthan
,160MM HDPE MOULDED TEE,,0,0,,0,0,Y,0,0,0,0,Madhya Pradesh
,160MM HDPE MOULDED TEE(PN6),,0,0,,0,0,Y,0,0,0,0,Madhya Pradesh
,160MM HDPE Pipe End,,0,0,,0,0,Y,0,0,0,0,Madhya Pradesh
,160MM HDPE Pipe End(Moulded),,0,0,,0,0,Y,0,0,0,0,Madhya Pradesh
,160MM HDPE Tail Pices,,0,0,,0,0,Y,0,0,0,0,Madhya Pradesh
,160MM Latch,,0,0,,0,0,Y,0,0,0,0,Madhya Pradesh
,160MM M.S. Flange,,0,0,,0,0,Y,0,0,0,0,Madhya Pradesh
,160mm NB HDPE Irrig Pipe(6Mtr)PT-1,,0,0,,0,0,Y,0,0,0,0,Madhya Pradesh
,160MM PN6 PE100 HDPE BEND 45*(FF),,0,0,,0,0,Y,0,0,0,0,Madhya Pradesh
,160MM PN6 PE100 HDPE BEND(FF),,0,0,,0,0,Y,0,0,0,0,Madhya Pradesh
,Soc 75MM E-7 Spk Latch,,0,0,,0,0,Y,0,0,0,0,Rajasthan
,160MM PN6 PE100 HDPE TEE(FF),,0,0,,0,0,Y,0,0,0,0,Madhya Pradesh
,160MM PN6 PE80 HDPE BEND-90*(FF),,0,0,,0,0,Y,0,0,0,0,Madhya Pradesh
,160MM PN6 PE80 HDPE TEE 90*(FF),,0,0,,0,0,Y,0,0,0,0,Madhya Pradesh
,160mm Pvc Bend,,0,0,,0,0,Y,0,0,0,0,Madhya Pradesh
,160X110MM HDPE MOULDED REDUCER,,0,0,,0,0,Y,0,0,0,0,Madhya Pradesh
,160x110MM MS Reducer,,0,0,,0,0,Y,0,0,0,0,Madhya Pradesh
,160X140MM HDPE MOULDED REDUCER,,0,0,,0,0,Y,0,0,0,0,Madhya Pradesh
,160X75MM HDPE Reducer,,0,0,,0,0,Y,0,0,0,0,Madhya Pradesh
,160X90mm HDPE Moulded Reducer,,0,0,,0,0,Y,0,0,0,0,Madhya Pradesh
,160x90mm MS Reducer,,0,0,,0,0,Y,0,0,0,0,Madhya Pradesh
,SOC 75MM HDPE Spk Connector,,420,0,,0,0,Y,0,0,0,0,Rajasthan
,16mm In Line Dripper (4-LPH)Round,,0,0,,0,0,Y,0,0,0,0,Madhya Pradesh
,16MM In Line Dripper(2-LPH)Round,,0,0,,0,0,Y,0,0,0,0,Madhya Pradesh
,16mm Inline Dripper(2.1LPH PCND)Round,,0,0,,0,0,Y,0,0,0,0,Madhya Pradesh
,180MM HDPE Pipe End PN6 PE80(Moulded),,0,0,,0,0,Y,0,0,0,0,Madhya Pradesh
,180MM M.S. Flange,,0,0,,0,0,Y,0,0,0,0,Madhya Pradesh
,180mm NB HDPE Irrig Pipe(6Mtr)PT-1,,0,0,,0,0,Y,0,0,0,0,Madhya Pradesh
,180MM PN6 PE100 HDPE BEND 45*(FF),,0,0,,0,0,Y,0,0,0,0,Madhya Pradesh
,180MM PN6 PE100 HDPE BEND 90*(FF),,0,0,,0,0,Y,0,0,0,0,Madhya Pradesh
,180MM PN6 PE100 HDPE TEE(FF)90*,,0,0,,0,0,Y,0,0,0,0,Madhya Pradesh
,180MM PN6 PE80 HDPE BEND(FF)90*,,0,0,,0,0,Y,0,0,0,0,Madhya Pradesh
,SOC 75mm HDPE Spk End Cap,,90,0,,0,0,Y,0,0,0,0,Rajasthan
,180MM PN6 PE80 HDPE TEE(FF)90*,,0,0,,0,0,Y,0,0,0,0,Madhya Pradesh
,180X125MM HDPE MOULDED REDUCER,,0,0,,0,0,Y,0,0,0,0,Madhya Pradesh
,180X140MM HDPE MOULDED REDUCER,,0,0,,0,0,Y,0,0,0,0,Madhya Pradesh
,180x90mm HDPE Moulded Reducer,,0,0,,0,0,Y,0,0,0,0,Madhya Pradesh
,200MM  HDPE FAB TEE,,0,0,,0,0,Y,0,0,0,0,Madhya Pradesh
,200MM HDPE End Cap PN6 PE80(Moulded),,0,0,,0,0,Y,0,0,0,0,Madhya Pradesh
,200MM HDPE ENDCAP(Moulded),,0,0,,0,0,Y,0,0,0,0,Madhya Pradesh
,200MM HDPE FAB BEND,,0,0,,0,0,Y,0,0,0,0,Madhya Pradesh
,200MM HDPE MLC,,0,0,,0,0,Y,0,0,0,0,Madhya Pradesh
,200MM HDPE Pipe End(Moulded),,0,0,,0,0,Y,0,0,0,0,Madhya Pradesh
,SOC 75mm HDPE Spk T.P.,,0,0,,0,0,Y,0,0,0,0,Rajasthan
,200MM HDPE TP,,0,0,,0,0,Y,0,0,0,0,Madhya Pradesh
,200MM M.S. Flange,,0,0,,0,0,Y,0,0,0,0,Madhya Pradesh
,200MM PN6 PE100 HDPE BEND 45*(FF),,0,0,,0,0,Y,0,0,0,0,Madhya Pradesh
,200MM PN6 PE100 HDPE BEND(FF),,0,0,,0,0,Y,0,0,0,0,Madhya Pradesh
,200MM PN6 PE100 HDPE TEE(FF),,0,0,,0,0,Y,0,0,0,0,Madhya Pradesh
,200MM PN6 PE80 HDPE BEND (FF)90*,,0,0,,0,0,Y,0,0,0,0,Madhya Pradesh
,200MM PN6 PE80 HDPE TEE(FF),,0,0,,0,0,Y,0,0,0,0,Madhya Pradesh
,200mm Pvc Socket,,0,0,,0,0,Y,0,0,0,0,Madhya Pradesh
,200MM Spk Latch,,0,0,,0,0,Y,0,0,0,0,Madhya Pradesh
,200MM Spk Rubber Ring,,0,0,,0,0,Y,0,0,0,0,Madhya Pradesh
,SOC 75mm N HDPE Spk Adopter,,315,0,,0,0,Y,0,0,0,0,Rajasthan
,200X125MM HDPE MOULDED REDUCER,,0,0,,0,0,Y,0,0,0,0,Madhya Pradesh
,200X140MM HDPE MOULDED REDUCER,,0,0,,0,0,Y,0,0,0,0,Madhya Pradesh
,200X180MM HDPE MOULDED REDUCER,,0,0,,0,0,Y,0,0,0,0,Madhya Pradesh
,200x90mm HDPE  Moulded Reducer,,0,0,,0,0,Y,0,0,0,0,Madhya Pradesh
,20MM INLINE DRIPPER(2LPH)ROUND,,0,0,,0,0,Y,0,0,0,0,Madhya Pradesh
,20MM INLINE DRIPPER(4-LPH)ROUND,,0,0,,0,0,Y,0,0,0,0,Madhya Pradesh
,20MM PN12.5 PE80,,27.74,0,,0,0,Y,0,0,0,0,Madhya Pradesh
,225MM HDPE End Cap(Moulded),,0,0,,0,0,Y,0,0,0,0,Madhya Pradesh
,225mm HDPE Pipe End(Moulded),,0,0,,0,0,Y,0,0,0,0,Madhya Pradesh
,225MM M.S.FLANGE,,0,0,,0,0,Y,0,0,0,0,Madhya Pradesh
,SOC 75mm N HDPE Spk Bend,,275,0,,0,0,Y,0,0,0,0,Rajasthan
,225MM PN6 PE100 HDPE BEND(FF),,0,0,,0,0,Y,0,0,0,0,Madhya Pradesh
,225MM PN6 PE100 HDPE TEE(FF),,0,0,,0,0,Y,0,0,0,0,Madhya Pradesh
,225X160MM HDPE Molulded Reducer,,0,0,,0,0,Y,0,0,0,0,Madhya Pradesh
,225X180MM HDPE Moulded Reducer,,0,0,,0,0,Y,0,0,0,0,Madhya Pradesh
,225X90MM HDPE Moulded Reducer,,0,0,,0,0,Y,0,0,0,0,Madhya Pradesh
,250mm HDPE Pipe End(Moulded),,0,0,,0,0,Y,0,0,0,0,Madhya Pradesh
,250MM M.S. Flange,,0,0,,0,0,Y,0,0,0,0,Madhya Pradesh
,250MM PN6 PE100 HDPE BEND 45*(FF),,0,0,,0,0,Y,0,0,0,0,Madhya Pradesh
,250MM PN6 PE100 HDPE BEND(FF),,0,0,,0,0,Y,0,0,0,0,Madhya Pradesh
,250MM PN6 PE100 HDPE TEE(FF),,0,0,,0,0,Y,0,0,0,0,Madhya Pradesh
,SOC 75mm N HDPE Spk MLC,,0,0,,0,0,Y,0,0,0,0,Rajasthan
,250mm Pvc Bend,,0,0,,0,0,Y,0,0,0,0,Madhya Pradesh
,250X110MM HDPE Moulded Reducer,,0,0,,0,0,Y,0,0,0,0,Madhya Pradesh
,250X160MM HDPE Moulded Reducer,,0,0,,0,0,Y,0,0,0,0,Madhya Pradesh
,250x90mm HDPE Moulded Reducer,,0,0,,0,0,Y,0,0,0,0,Madhya Pradesh
,25MM PN10 PE80,,36.87,0,,0,0,Y,0,0,0,0,Madhya Pradesh
,280MM HDPE Pipe End(Moulded),,0,0,,0,0,Y,0,0,0,0,Madhya Pradesh
,280MM M.S. Flange,,0,0,,0,0,Y,0,0,0,0,Madhya Pradesh
,280MM PN6 PE100 HDPE BEND 45*(FF),,0,0,,0,0,Y,0,0,0,0,Madhya Pradesh
,280MM PN6 PE100 HDPE BEND 90*(FF),,0,0,,0,0,Y,0,0,0,0,Madhya Pradesh
,280MM PN6 PE100 HDPE TEE(FF),,0,0,,0,0,Y,0,0,0,0,Madhya Pradesh
,Emmitting Pipe CL-II(16mm 2LPH 40cm)Flat K-Drip,,11.4,0,,0,0,Y,0,0,0,0,Rajasthan
,SOC 75mm N HDPE Spk PCN,,225,0,,0,0,Y,0,0,0,0,Rajasthan
,280X90MM HDPE Moulded Reducer,,0,0,,0,0,Y,0,0,0,0,Madhya Pradesh
,315MM HDPE  Pipe End(Moulded),,0,0,,0,0,Y,0,0,0,0,Madhya Pradesh
,315MM M.S. Flange,,0,0,,0,0,Y,0,0,0,0,Madhya Pradesh
,315MM PN6 PE100 HDPE BEND-45*(FF),,0,0,,0,0,Y,0,0,0,0,Madhya Pradesh
,315MM PN6 PE100 HDPE BEND-90*(FF),,0,0,,0,0,Y,0,0,0,0,Madhya Pradesh
,315MM PN6 PE100 HDPE TEE(FF),,0,0,,0,0,Y,0,0,0,0,Madhya Pradesh
,315X110MM HDPE Moulded Reducer,,0,0,,0,0,Y,0,0,0,0,Madhya Pradesh
,315X180MM HDPE Moulded Reducer,,0,0,,0,0,Y,0,0,0,0,Madhya Pradesh
,315X225MM HDPE Moulded Reducer,,0,0,,0,0,Y,0,0,0,0,Madhya Pradesh
,315X250MM HDPE Moulded Reducer,,0,0,,0,0,Y,0,0,0,0,Madhya Pradesh
,SOC 75mm N HDPE Spk Pipe 3mtr,,420,0,,0,0,Y,0,0,0,0,Rajasthan
,315x90MM HDPE Moulded Reducer,,0,0,,0,0,Y,0,0,0,0,Madhya Pradesh
,32mm Coil Nipple,,0,0,,0,0,Y,0,0,0,0,Madhya Pradesh
,32mm HDPE Bend,,0,0,,0,0,Y,0,0,0,0,Madhya Pradesh
,32mm HDPE Flange,,0,0,,0,0,Y,0,0,0,0,Madhya Pradesh
,32mm HDPE Pipe End,,0,0,,0,0,Y,0,0,0,0,Madhya Pradesh
,32mm HDPE Tee,,0,0,,0,0,Y,0,0,0,0,Madhya Pradesh
,32MM PE-100-2.3A(IS:14885),,0,0,,0,0,Y,0,0,0,0,Madhya Pradesh
,32MM PE-100-3.0A(IS:14885),,0,0,,0,0,Y,0,0,0,0,Madhya Pradesh
,32MM PE-80-2.3A(IS:14885),,0,0,,0,0,Y,0,0,0,0,Madhya Pradesh
,32MM PE-80-3.0A(IS:14885),,0,0,,0,0,Y,0,0,0,0,Madhya Pradesh
,SOC 75mm N HDPE Spk Pipe 6mtr,,670,0,,0,0,Y,0,0,0,0,Rajasthan
,32MM PN10 PE100 N,,50.11,0,,0,0,Y,0,0,0,0,Madhya Pradesh
,32MM PN12.5 PE100,,54.24,0,,0,0,Y,0,0,0,0,Madhya Pradesh
,32mm PN6 PE- 63 N,,48.71,0,,0,0,Y,0,0,0,0,Madhya Pradesh
,32mm PN8 PE- 80 N,,47.54,0,,0,0,Y,0,0,0,0,Madhya Pradesh
,32mm Rubber Gasket,,0,0,,0,0,Y,0,0,0,0,Madhya Pradesh
,355MM HDPE FAB TEE,,0,0,,0,0,Y,0,0,0,0,Madhya Pradesh
,355MM HDPE PIPE END(Moulded),,0,0,,0,0,Y,0,0,0,0,Madhya Pradesh
,355MM M.S. Flange,,0,0,,0,0,Y,0,0,0,0,Madhya Pradesh
,355MM PN6 PE100 HDPE BEND(FF)45*,,0,0,,0,0,Y,0,0,0,0,Madhya Pradesh
,355MM PN6 PE100 HDPE BEND(FF)90*,,0,0,,0,0,Y,0,0,0,0,Madhya Pradesh
,SOC 75mm N HDPE Spk Tee,,350,0,,0,0,Y,0,0,0,0,Rajasthan
,355X125MM HDPE Moulded Reducer,,0,0,,0,0,Y,0,0,0,0,Madhya Pradesh
,355X250MM HDPE Moulded Reducer,,0,0,,0,0,Y,0,0,0,0,Madhya Pradesh
,355x315MM HDPE Moulded Reducer,,0,0,,0,0,Y,0,0,0,0,Madhya Pradesh
,4 Way Fogger,,0,0,,0,0,Y,0,0,0,0,Madhya Pradesh
,40MM  COIL NIPPEL S.S,,0,0,,0,0,Y,0,0,0,0,Madhya Pradesh
,40mm Coil Nipple(G.I.),,0,0,,0,0,Y,0,0,0,0,Madhya Pradesh
,40MM PN10 PE100 N,,77.31,0,,0,0,Y,0,0,0,0,Madhya Pradesh
,40MM PN10 PE80,,94.04,0,,0,0,Y,0,0,0,0,Madhya Pradesh
,40mm PN6 PE- 80 N,,61.76,0,,0,0,Y,0,0,0,0,Madhya Pradesh
,40MM PN8 PE100 N,,62.23,0,,0,0,Y,0,0,0,0,Madhya Pradesh
,SOC 75MM N Spk F.Batten(G.I.),,0,0,,0,0,Y,0,0,0,0,Rajasthan
,40MM PN8 PE80 N,,77.2,0,,0,0,Y,0,0,0,0,Madhya Pradesh
,500MM HDPE Pipe End,,0,0,,0,0,Y,0,0,0,0,Madhya Pradesh
,50MM B HDPE Spk Bend,,0,0,,0,0,Y,0,0,0,0,Madhya Pradesh
,50MM B HDPE Spk PCN,,0,0,,0,0,Y,0,0,0,0,Madhya Pradesh
,50MM B HDPE Spk Tee,,0,0,,0,0,Y,0,0,0,0,Madhya Pradesh
,50mm Coil Nipple(G.I),,0,0,,0,0,Y,0,0,0,0,Madhya Pradesh
,50MM Coil Nipple(S.S.),,0,0,,0,0,Y,0,0,0,0,Madhya Pradesh
,50MM EPC SPK FOOT-BATTEN,,0,0,,0,0,Y,0,0,0,0,Madhya Pradesh
,50MM EPC SPK LATCH,,0,0,,0,0,Y,0,0,0,0,Madhya Pradesh
,50mm GI Nipple,,0,0,,0,0,Y,0,0,0,0,Madhya Pradesh
,SOC 75mm N Spk Foot Batten(Black-P.C),,0,0,,0,0,Y,0,0,0,0,Rajasthan
,50MM GI STEEL TUBE GROVE NIPPLE,,0,0,,0,0,Y,0,0,0,0,Madhya Pradesh
,50MM GI TEE,,0,0,,0,0,Y,0,0,0,0,Madhya Pradesh
,50mm HDPE Pipe End,,0,0,,0,0,Y,0,0,0,0,Madhya Pradesh
,50MM HDPE Spk End Cap,,0,0,,0,0,Y,0,0,0,0,Madhya Pradesh
,50MM HDPE Spk Hydrent,,0,0,,0,0,Y,0,0,0,0,Madhya Pradesh
,50mm Hdpe Spk Hydrent Bend,,0,0,,0,0,Y,0,0,0,0,Madhya Pradesh
,50mm HDPE SPK Tail Pice,,0,0,,0,0,Y,0,0,0,0,Madhya Pradesh
,50mm MDPE End Cap,,0,0,,0,0,Y,0,0,0,0,Madhya Pradesh
,50mm N HDPE SPK MLC,,0,0,,0,0,Y,0,0,0,0,Madhya Pradesh
,50MM N Spk Foot Batten,,250,0,,0,0,Y,0,0,0,0,Madhya Pradesh
,Soc 75mm N Spk Foot Batten(GI-Cap),,0,0,,0,0,Y,0,0,0,0,Rajasthan
,50MM N SPK Latch,,0,0,,0,0,Y,0,0,0,0,Madhya Pradesh
,50mm N Spk Rubber Ring,,0,0,,0,0,Y,0,0,0,0,Madhya Pradesh
,50MM NB HDPE Irrig Pipe (5mtr) PT-II,,0,0,,0,0,Y,0,0,0,0,Madhya Pradesh
,50MM NB HDPE Irrig Pipe (6mtr) PT-II,,0,0,,0,0,Y,0,0,0,0,Madhya Pradesh
,50MM NR HDPE Spk Adopter,,0,0,,0,0,Y,0,0,0,0,Madhya Pradesh
,50MM NR HDPE Spk Bend,,0,0,,0,0,Y,0,0,0,0,Madhya Pradesh
,50MM NR HDPE Spk PCN,,0,0,,0,0,Y,0,0,0,0,Madhya Pradesh
,50MM NR HDPE Spk Pipe 3Mtr,,0,0,,0,0,Y,0,0,0,0,Madhya Pradesh
,50MM NR HDPE Spk Pipe 6Mtr,,0,0,,0,0,Y,0,0,0,0,Madhya Pradesh
,50MM NR HDPE Spk Tee,,0,0,,0,0,Y,0,0,0,0,Madhya Pradesh
,SOC 75mm N Spk Latch,,0,0,,0,0,Y,0,0,0,0,Rajasthan
,50MM PN10 PE100 N,,115.45,0,,0,0,Y,0,0,0,0,Madhya Pradesh
,50MM PN10 PE100 N-1,,0,0,,0,0,Y,0,0,0,0,Madhya Pradesh
,50mm PN10 PE-80 N,,138.79,0,,0,0,Y,0,0,0,0,Madhya Pradesh
,50MM PN12.5 PE100 N,,132.95,0,,0,0,Y,0,0,0,0,Madhya Pradesh
,50MM PN12.5 PE-80 N,,167.12,0,,0,0,Y,0,0,0,0,Madhya Pradesh
,50mm PN4 PE- 63 N,,77.02,0,,0,0,Y,0,0,0,0,Madhya Pradesh
,50mm PN6 PE- 80 N,,91.63,0,,0,0,Y,0,0,0,0,Madhya Pradesh
,50mm PN8 PE- 80 N,,117.23,0,,0,0,Y,0,0,0,0,Madhya Pradesh
,50MM PN8 PE-100 N,,94.83,0,,0,0,Y,0,0,0,0,Madhya Pradesh
,50MM Spk PCN Nipple,,0,0,,0,0,Y,0,0,0,0,Madhya Pradesh
,Soc 75mm N(3.2Kg) HDPE Irrig Pipe 3mtr,,465,0,,0,0,Y,0,0,0,0,Rajasthan
,63 MM NE HOOK ONLY,,0,0,,0,0,Y,0,0,0,0,Madhya Pradesh
,63MM  SPK Pcn Nipple,,0,0,,0,0,Y,0,0,0,0,Madhya Pradesh
,63MM B HDPE Spk PCN,,0,0,,0,0,Y,0,0,0,0,Madhya Pradesh
,63MM B HDPE Spk Tee,,0,0,,0,0,Y,0,0,0,0,Madhya Pradesh
,63mm B MDPE Spk Bend,,0,0,,0,0,Y,0,0,0,0,Madhya Pradesh
,63mm Coil Nipple (S.S),,0,0,,0,0,Y,0,0,0,0,Madhya Pradesh
,63mm Coil Nipple(G.I.),,0,0,,0,0,Y,0,0,0,0,Madhya Pradesh
,63MM HDPE  Pipe End,,0,0,,0,0,Y,0,0,0,0,Madhya Pradesh
,63mm HDPE Moulded Bend,,0,0,,0,0,Y,0,0,0,0,Madhya Pradesh
,63MM HDPE Pipe for Main Line(3.2kg/cm2),,69,0,,0,0,Y,0,0,0,0,Madhya Pradesh
,Soc 75mm N(3.2Kg) HDPE Spk Pipe 6Mtr,,772,0,,0,0,Y,0,0,0,0,Rajasthan
,63mm HDPE Spk Hydrent Bend,,0,0,,0,0,Y,0,0,0,0,Madhya Pradesh
,63MM HDPE Spk Hydrents,,0,0,,0,0,Y,0,0,0,0,Madhya Pradesh
,63mm HDPE Spk Irrig Pipe(1-ft)PT-II(Sample),,0,0,,0,0,Y,0,0,0,0,Madhya Pradesh
,63mm HDPE Spk PCN-Cap,,0,0,,0,0,Y,0,0,0,0,Madhya Pradesh
,63MM HDPE Spk Tail Pice,,0,0,,0,0,Y,0,0,0,0,Madhya Pradesh
,63mm MDPE End Cap,,0,0,,0,0,Y,0,0,0,0,Madhya Pradesh
,63MM N  SPK Foot Batten,,250,0,,0,0,Y,0,0,0,0,Madhya Pradesh
,63MM N  SPK Latch,,0,0,,0,0,Y,0,0,0,0,Madhya Pradesh
,63MM N  SPK Rubber Ring,,0,0,,0,0,Y,0,0,0,0,Madhya Pradesh
,63mm N1B HDPE Irrig Pipe(6mtr) PT- II,,0,0,,0,0,Y,0,0,0,0,Madhya Pradesh
,Emmitting Pipe CL-II(16mm 2LPH 50cm)Flat,,11.63,0,,0,0,Y,0,0,0,0,Rajasthan
,Soc 75mm N(4Kg) HDPE Spk Pipe 6Mtr,,772,0,,0,0,Y,0,0,0,0,Rajasthan
,63mm N3B HDPE Irrig Pipe(6Mtr) PT-II,,0,0,,0,0,Y,0,0,0,0,Madhya Pradesh
,63mm NB HDPE Irrig Pipe(3mtr) PT- II,,0,0,,0,0,Y,0,0,0,0,Madhya Pradesh
,63mm NB HDPE Irrig Pipe(6mtr) PT- II,,0,0,,0,0,Y,0,0,0,0,Madhya Pradesh
,63mm NE HDPE Spk Adopter,,0,0,,0,0,Y,0,0,0,0,Madhya Pradesh
,63mm NE HDPE Spk Bend,,0,0,,0,0,Y,0,0,0,0,Madhya Pradesh
,63mm NE HDPE Spk End Cap,,0,0,,0,0,Y,0,0,0,0,Madhya Pradesh
,63MM NE HDPE SPK MLC,,0,0,,0,0,Y,0,0,0,0,Madhya Pradesh
,63mm NE HDPE Spk PCN,,0,0,,0,0,Y,0,0,0,0,Madhya Pradesh
,63mm NE HDPE Spk Pipe 3mtr,,0,0,,0,0,Y,0,0,0,0,Madhya Pradesh
,63mm NE HDPE Spk Pipe 4mtr,,0,0,,0,0,Y,0,0,0,0,Madhya Pradesh
,SOC 75mm N1 HDPE Spk Adopter,,800,0,,0,0,Y,0,0,0,0,Rajasthan
,63mm NE HDPE Spk Pipe 6mtr,,0,0,,0,0,Y,0,0,0,0,Madhya Pradesh
,63mm NE HDPE Spk Tee,,0,0,,0,0,Y,0,0,0,0,Madhya Pradesh
,63mm PCN CLAMP/CLIP,,0,0,,0,0,Y,0,0,0,0,Madhya Pradesh
,63MM PN10 PE-100 N,,182.79,0,,0,0,Y,0,0,0,0,Madhya Pradesh
,63MM PN10 PE100 N1,,0,0,,0,0,Y,0,0,0,0,Madhya Pradesh
,63MM PN12.5 PE100 N,,206.93,0,,0,0,Y,0,0,0,0,Madhya Pradesh
,63mm PN6 PE- 80 N,,142.83,0,,0,0,Y,0,0,0,0,Madhya Pradesh
,63MM PN6 PE100 N,,118.2,0,,0,0,Y,0,0,0,0,Madhya Pradesh
,63mm PN8 PE- 80 N,,181.9,0,,0,0,Y,0,0,0,0,Madhya Pradesh
,SOC 75mm N1 HDPE Spk Bend,,315,0,,0,0,Y,0,0,0,0,Rajasthan
,63MM PN8 PE-100 N,,151.18,0,,0,0,Y,0,0,0,0,Madhya Pradesh
,63MM PN8 PE100 N1,,0,0,,0,0,Y,0,0,0,0,Madhya Pradesh
,63MM PVC Flange,,0,0,,0,0,Y,0,0,0,0,Madhya Pradesh
,63MM PVC Tail Piece,,0,0,,0,0,Y,0,0,0,0,Madhya Pradesh
,63mm Spk Foot Batten(PP),,0,0,,0,0,Y,0,0,0,0,Madhya Pradesh
,63MM SPK PCN Nipple(Short),,0,0,,0,0,Y,0,0,0,0,Madhya Pradesh
,63x50mm MDPE Reducer,,0,0,,0,0,Y,0,0,0,0,Madhya Pradesh
,75MM AVL Spk Foot Batten,,0,0,,0,0,Y,0,0,0,0,Madhya Pradesh
,75MM B HDPE Fab Bend,,0,0,,0,0,Y,0,0,0,0,Madhya Pradesh
,75MM B HDPE Spk PCN,,0,0,,0,0,Y,0,0,0,0,Madhya Pradesh
,SOC 75MM N1 HDPE Spk MLC,,0,0,,0,0,Y,0,0,0,0,Rajasthan
,75MM BATTEN ONLY,,0,0,,0,0,Y,0,0,0,0,Madhya Pradesh
,75MM COIL NIPPLE (G.I),,0,0,,0,0,Y,0,0,0,0,Madhya Pradesh
,75MM COIL NIPPLE (SS-12),,0,0,,0,0,Y,0,0,0,0,Madhya Pradesh
,75mm Epc Spk Rubber Ring,,0,0,,0,0,Y,0,0,0,0,Madhya Pradesh
,75MM GI NIPPEL,,0,0,,0,0,Y,0,0,0,0,Madhya Pradesh
,75MM HDPE Feb Tee(PF),,0,0,,0,0,Y,0,0,0,0,Madhya Pradesh
,75MM HDPE Pipe for Main Line(2.5kg/cm2),,79,0,,0,0,Y,0,0,0,0,Madhya Pradesh
,75MM HDPE Spk Connector,,0,0,,0,0,Y,0,0,0,0,Madhya Pradesh
,75mm HDPE Spk Hydrent Bend,,0,0,,0,0,Y,0,0,0,0,Madhya Pradesh
,75MM HDPE Spk Hydrents,,0,0,,0,0,Y,0,0,0,0,Madhya Pradesh
,SOC 75mm N1 HDPE Spk PCN,,275,0,,0,0,Y,0,0,0,0,Rajasthan
,75mm HDPE Spk Irrig Pipe(1-ft)PT-II(Sample),,0,0,,0,0,Y,0,0,0,0,Madhya Pradesh
,75MM HDPE Spk PCN-CAP,,0,0,,0,0,Y,0,0,0,0,Madhya Pradesh
,75MM HDPE Spk Tail Piece,,0,0,,0,0,Y,0,0,0,0,Madhya Pradesh
,75MM M.S FLANECH,,0,0,,0,0,Y,0,0,0,0,Madhya Pradesh
,75mm MDPE End Cap,,0,0,,0,0,Y,0,0,0,0,Madhya Pradesh
,75mm N Spk Foot Batten,,300,0,,0,0,Y,0,0,0,0,Madhya Pradesh
,75MM N SPK Rubber Ring,,0,0,,0,0,Y,0,0,0,0,Madhya Pradesh
,75mm N1 Spk Foot Batten,,0,0,,0,0,Y,0,0,0,0,Madhya Pradesh
,75MM N1 SPK Rubber Ring,,0,0,,0,0,Y,0,0,0,0,Madhya Pradesh
,75mm N1B HDPE Irrig Pipe(6mtr) PT- II,,0,0,,0,0,Y,0,0,0,0,Madhya Pradesh
,SOC 75mm N1 HDPE Spk Pipe 3mtr,,225,0,,0,0,Y,0,0,0,0,Rajasthan
,75MM N1B(3.2KG) HDPE Irrrig Pipe(6mtr)PT-II,,0,0,,0,0,Y,0,0,0,0,Madhya Pradesh
,75mm N1E Spk Latch,,0,0,,0,0,Y,0,0,0,0,Madhya Pradesh
,75mm N2R HDPE Spk MLC,,0,0,,0,0,Y,0,0,0,0,Madhya Pradesh
,75mm N3B HDPE Irrig Pipe(6mtr) PT- II,,0,0,,0,0,Y,0,0,0,0,Madhya Pradesh
,75mm NB HDPE Irrig Pipe(6mtr) PT- II,,0,0,,0,0,Y,0,0,0,0,Madhya Pradesh
,75mm NB(3.2Kg) HDPE Irrig Pipe (6Mtr)PT-II,,0,0,,0,0,Y,0,0,0,0,Madhya Pradesh
,75mm NB(4Kg) HDPE Irrig Pipe (6Mtr)PT-II,,0,0,,0,0,Y,0,0,0,0,Madhya Pradesh
,75mm NE HDPE Spk Adopter,,0,0,,0,0,Y,0,0,0,0,Madhya Pradesh
,75mm NE HDPE Spk Bend,,0,0,,0,0,Y,0,0,0,0,Madhya Pradesh
,75mm NE HDPE Spk End Cap,,0,0,,0,0,Y,0,0,0,0,Madhya Pradesh
,SOC 75MM N1 HDPE Spk Pipe 6mtr,,420,0,,0,0,Y,0,0,0,0,Rajasthan
,75MM NE HDPE Spk MLC,,0,0,,0,0,Y,0,0,0,0,Madhya Pradesh
,75mm NE HDPE Spk PCN,,0,0,,0,0,Y,0,0,0,0,Madhya Pradesh
,75mm NE HDPE Spk Pipe 3mtr,,0,0,,0,0,Y,0,0,0,0,Madhya Pradesh
,75mm NE HDPE Spk Pipe 6mtr,,0,0,,0,0,Y,0,0,0,0,Madhya Pradesh
,75mm NE HDPE Spk Tee,,0,0,,0,0,Y,0,0,0,0,Madhya Pradesh
,75mm NE Spk Latch,,0,0,,0,0,Y,0,0,0,0,Madhya Pradesh
,75mm NE(3.2Kg) HDPE Spk Pipe 6Mtr,,772,0,,0,0,Y,0,0,0,0,Madhya Pradesh
,75mm NR HDPE Spk Adopter,,0,0,,0,0,Y,0,0,0,0,Madhya Pradesh
,75mm NR HDPE Spk Bend,,0,0,,0,0,Y,0,0,0,0,Madhya Pradesh
,75mm NR HDPE Spk MLC,,0,0,,0,0,Y,0,0,0,0,Madhya Pradesh
,SOC 75mm N1 HDPE Spk Tee,,670,0,,0,0,Y,0,0,0,0,Rajasthan
,75mm NR HDPE Spk PCN,,0,0,,0,0,Y,0,0,0,0,Madhya Pradesh
,75mm NR HDPE Spk Pipe 3mtr,,0,0,,0,0,Y,0,0,0,0,Madhya Pradesh
,75mm NR HDPE Spk Pipe 6mtr,,0,0,,0,0,Y,0,0,0,0,Madhya Pradesh
,75mm NR HDPE Spk Tee,,0,0,,0,0,Y,0,0,0,0,Madhya Pradesh
,75mm NR Spk Latch,,0,0,,0,0,Y,0,0,0,0,Madhya Pradesh
,75mm NR Spk Latch (Spl),,0,0,,0,0,Y,0,0,0,0,Madhya Pradesh
,75MM PCN CLAMP/CLIP,,0,0,,0,0,Y,0,0,0,0,Madhya Pradesh
,75MM PN10 PE100 N,,258.38,0,,0,0,Y,0,0,0,0,Madhya Pradesh
,75MM PN12.5 PE100 N,,292.86,0,,0,0,Y,0,0,0,0,Madhya Pradesh
,75MM PN12.5 PE100 N1,,0,0,,0,0,Y,0,0,0,0,Madhya Pradesh
,SOC 75MM N1 Spk F.Batten(G.I.),,0,0,,0,0,Y,0,0,0,0,Rajasthan
,75mm PN6 PE- 63 N,,240.68,0,,0,0,Y,0,0,0,0,Madhya Pradesh
,75mm PN6 PE- 80 N,,203.46,0,,0,0,Y,0,0,0,0,Madhya Pradesh
,75MM PN6 PE100 N,,169.05,0,,0,0,Y,0,0,0,0,Madhya Pradesh
,75mm PN8 PE- 80 N,,257.36,0,,0,0,Y,0,0,0,0,Madhya Pradesh
,75MM PN8 PE100 N,,211.65,0,,0,0,Y,0,0,0,0,Madhya Pradesh
,75MM Spk Foot Batten(PP),,0,0,,0,0,Y,0,0,0,0,Madhya Pradesh
,75MM SPK PCN NIPPLE,,0,0,,0,0,Y,0,0,0,0,Madhya Pradesh
,75MM SPK PCN NIPPLE-SHORT(M.S. COUPLER),,0,0,,0,0,Y,0,0,0,0,Madhya Pradesh
,75MM Spk Plain Rubber Ring,,0,0,,0,0,Y,0,0,0,0,Madhya Pradesh
,75x40mm HDPE Bush PCN,,0,0,,0,0,Y,0,0,0,0,Madhya Pradesh
,SOC 75mm N1 Spk Latch,,0,0,,0,0,Y,0,0,0,0,Rajasthan
,75x63MM HDPE MOULDED REDUCER,,0,0,,0,0,Y,0,0,0,0,Madhya Pradesh
,75x63mm HDPE Spk Reducer(E/R),,0,0,,0,0,Y,0,0,0,0,Madhya Pradesh
,75x63mm MDPE Reducer,,0,0,,0,0,Y,0,0,0,0,Madhya Pradesh
,90MM  HDPE Spk End Cap,,0,0,,0,0,Y,0,0,0,0,Madhya Pradesh
,90mm B HDPE Spk PCN,,0,0,,0,0,Y,0,0,0,0,Madhya Pradesh
,90mm B HDPE Spk Tee,,0,0,,0,0,Y,0,0,0,0,Madhya Pradesh
,90MM COIL NIPPLE(G.I.),,0,0,,0,0,Y,0,0,0,0,Madhya Pradesh
,90MM COIL NIPPLE(SS-12),,0,0,,0,0,Y,0,0,0,0,Madhya Pradesh
,90MM HDPE Irrig Pipe for Hydrant(MTR),,0,0,,0,0,Y,0,0,0,0,Madhya Pradesh
,90MM HDPE MOULDED BEND,,0,0,,0,0,Y,0,0,0,0,Madhya Pradesh
,Emmitting Pipe CL-II(16mm 2LPH 50cm)Round,,10.97,0,,0,0,Y,0,0,0,0,Rajasthan
,Soc 75MM N1(3.2Kg) HDPE Spk Pipe 6Mtr,,350,0,,0,0,Y,0,0,0,0,Rajasthan
,90MM HDPE MOULDED PIPE END,,0,0,,0,0,Y,0,0,0,0,Madhya Pradesh
,90MM HDPE MOULDED TEE,,0,0,,0,0,Y,0,0,0,0,Madhya Pradesh
,90MM HDPE Pipe End PN6 PE80(Moulded),,0,0,,0,0,Y,0,0,0,0,Madhya Pradesh
,90MM HDPE Pipe End(Moulded),,0,0,,0,0,Y,0,0,0,0,Madhya Pradesh
,90mm HDPE Spk Connector,,0,0,,0,0,Y,0,0,0,0,Madhya Pradesh
,90mm HDPE Spk Hydrent Bend,,0,0,,0,0,Y,0,0,0,0,Madhya Pradesh
,90MM HDPE Spk Hydrents,,0,0,,0,0,Y,0,0,0,0,Madhya Pradesh
,90MM HDPE Spk Irrig Pipe(1-ft)PT-II(Sample),,0,0,,0,0,Y,0,0,0,0,Madhya Pradesh
,90mm HDPE Spk PCN Cap,,0,0,,0,0,Y,0,0,0,0,Madhya Pradesh
,90mm HDPE Spk T.P.,,0,0,,0,0,Y,0,0,0,0,Madhya Pradesh
,SOC 75mm N3 HDPE SKP Tee,,772,0,,0,0,Y,0,0,0,0,Rajasthan
,90mm N Spk Foot Batten,,430,0,,0,0,Y,0,0,0,0,Madhya Pradesh
,90MM N SPK Rubber Ring,,0,0,,0,0,Y,0,0,0,0,Madhya Pradesh
,90mm N2R HDPE Spk MLC,,0,0,,0,0,Y,0,0,0,0,Madhya Pradesh
,90mm NB HDPE Irrig Pipe(6mtr) PT- II,,0,0,,0,0,Y,0,0,0,0,Madhya Pradesh
,90mm NB(3.2KG) HDPE Irrig Pipe (6Mtr) PT-II,,0,0,,0,0,Y,0,0,0,0,Madhya Pradesh
,90mm NB(4kg)HDPE Irrig Pipe(6mtr) PT- I,,0,0,,0,0,Y,0,0,0,0,Madhya Pradesh
,90mm NE HDPE Spk Adopter,,0,0,,0,0,Y,0,0,0,0,Madhya Pradesh
,90mm NE HDPE Spk Bend,,0,0,,0,0,Y,0,0,0,0,Madhya Pradesh
,90mm NE HDPE Spk MLC,,0,0,,0,0,Y,0,0,0,0,Madhya Pradesh
,90mm NE HDPE Spk Pipe 3mtr,,0,0,,0,0,Y,0,0,0,0,Madhya Pradesh
,SOC 75mm N3 HDPE Spk Adopter,,350,0,,0,0,Y,0,0,0,0,Rajasthan
,90mm NE HDPE Spk Pipe 6mtr,,0,0,,0,0,Y,0,0,0,0,Madhya Pradesh
,90mm NE HDPE Spk Tee,,0,0,,0,0,Y,0,0,0,0,Madhya Pradesh
,90mm NE Spk Latch,,0,0,,0,0,Y,0,0,0,0,Madhya Pradesh
,90mm NR HDPE Spk Adopter,,0,0,,0,0,Y,0,0,0,0,Madhya Pradesh
,90mm NR HDPE Spk Bend,,0,0,,0,0,Y,0,0,0,0,Madhya Pradesh
,90mm NR HDPE Spk MLC,,0,0,,0,0,Y,0,0,0,0,Madhya Pradesh
,90mm NR HDPE Spk Tee,,0,0,,0,0,Y,0,0,0,0,Madhya Pradesh
,90mm NR Spk Latch,,0,0,,0,0,Y,0,0,0,0,Madhya Pradesh
,90mm NR(3.2kg)HDPE Spk Pipe 6Mtr,,0,0,,0,0,Y,0,0,0,0,Madhya Pradesh
,90mm NR(4kg)HDPE Spk Pipe 6Mtr,,165,0,,0,0,Y,0,0,0,0,Madhya Pradesh
,SOC 75mm N3 HDPE Spk Bend,,315,0,,0,0,Y,0,0,0,0,Rajasthan
,90MM PN10 PE-100 N(ISO:4427),,369.71,0,,0,0,Y,0,0,0,0,Madhya Pradesh
,90mm PN6 PE- 80 N,,288.35,0,,0,0,Y,0,0,0,0,Madhya Pradesh
,90mm PN6 PE- 80 N(FF),,0,0,,0,0,Y,0,0,0,0,Madhya Pradesh
,90MM PN6 PE100 HDPE TEE(FF)90*,,0,0,,0,0,Y,0,0,0,0,Madhya Pradesh
,90MM PN6 PE-100 N,,237.77,0,,0,0,Y,0,0,0,0,Madhya Pradesh
,90MM PN6 PE80 HDPE BEND(FF),,0,0,,0,0,Y,0,0,0,0,Madhya Pradesh
,90MM PN6 PE80 HDPE TEE(FF),,0,0,,0,0,Y,0,0,0,0,Madhya Pradesh
,90MM Spk Hook Only,,0,0,,0,0,Y,0,0,0,0,Madhya Pradesh
,90MM SPK PCN NIPPLE,,0,0,,0,0,Y,0,0,0,0,Madhya Pradesh
,90x75mm HDPE Reducer(PF),,0,0,,0,0,Y,0,0,0,0,Madhya Pradesh
,Soc 75mm N3 HDPE SPK MLC,,0,0,,0,0,Y,0,0,0,0,Rajasthan
,90x75mm HDPE Spk Reducer(B),,0,0,,0,0,Y,0,0,0,0,Madhya Pradesh
,90x75MM HDPE Spk Reducer(E/R),,0,0,,0,0,Y,0,0,0,0,Madhya Pradesh
,Air Release Valve 3/4,,157,0,,0,0,Y,0,0,0,0,Madhya Pradesh
,Back Flush Assembly for Sand Filter 2,,0,0,,0,0,Y,0,0,0,0,Madhya Pradesh
,Back Flush Assembly for Sand Filter 2.5,,0,0,,0,0,Y,0,0,0,0,Madhya Pradesh
,Back Flush Assembly for Sand Filter 3,,0,0,,0,0,Y,0,0,0,0,Madhya Pradesh
,Ball Valve 1/2(Brass),,0,0,,0,0,Y,0,0,0,0,Madhya Pradesh
,Butterfly Valve 2,,1609,0,,0,0,Y,0,0,0,0,Madhya Pradesh
,Butterfly Valve 2.5,,1709,0,,0,0,Y,0,0,0,0,Madhya Pradesh
,Butterfly Valve 3,,2293,0,,0,0,Y,0,0,0,0,Madhya Pradesh
,SOC 75mm N3 HDPE Spk PCN,,275,0,,0,0,Y,0,0,0,0,Rajasthan
,Butterfly Valve 4,,0,0,,0,0,Y,0,0,0,0,Madhya Pradesh
,Butterfly Valve 5,,0,0,,0,0,Y,0,0,0,0,Madhya Pradesh
,Butterfly Valve 6,,0,0,,0,0,Y,0,0,0,0,Madhya Pradesh
,By Pass Assembly 2.5x2(M.S.),,1250,0,,0,0,Y,0,0,0,0,Madhya Pradesh
,By Pass Assembly 2X1.5(M.S.),,1120,0,,0,0,Y,0,0,0,0,Madhya Pradesh
,By Pass Assembly 3''(PP),,0,0,,0,0,Y,0,0,0,0,Madhya Pradesh
,By Pass Assembly 3''x2(M.S.),,1420,0,,0,0,Y,0,0,0,0,Madhya Pradesh
,By Pass Threaded Tee with Flange End 2.5(PP),,0,0,,0,0,Y,0,0,0,0,Madhya Pradesh
,By Pass Threaded Tee with Flange End 3 (PP),,0,0,,0,0,Y,0,0,0,0,Madhya Pradesh
,By Pass Threaded Tee Without  Flange End 2 (PP),,0,0,,0,0,Y,0,0,0,0,Madhya Pradesh
,SOC 75mm N3 HDPE Spk Pipe 6mtr,,225,0,,0,0,Y,0,0,0,0,Rajasthan
,Clamp  for Hydrocyclone Filter,,0,0,,0,0,Y,0,0,0,0,Madhya Pradesh
,Clamp SS(4),,0,0,,0,0,Y,0,0,0,0,Madhya Pradesh
,Copper Rivit(For Coil Nipple),,0,0,,0,0,Y,0,0,0,0,Madhya Pradesh
,Copper Wire,,0,0,,0,0,Y,0,0,0,0,Madhya Pradesh
,Core-Cap,,0,0,,0,0,Y,0,0,0,0,Madhya Pradesh
,Coupler/joiner 110MM,,0,0,,0,0,Y,0,0,0,0,Madhya Pradesh
,Coupler/joiner 25MM,,32.3,0,,0,0,Y,0,0,0,0,Madhya Pradesh
,Coupler/Joiner 32mm,,34.53,0,,0,0,Y,0,0,0,0,Madhya Pradesh
,Coupler/joiner 50mm,,0,0,,0,0,Y,0,0,0,0,Madhya Pradesh
,Coupler/Joiner 63mm,,0,0,,0,0,Y,0,0,0,0,Madhya Pradesh
,SOC 75mm N3 Spk Foot Batten,,670,0,,0,0,Y,0,0,0,0,Rajasthan
,Coupler/joiner 75mm,,0,0,,0,0,Y,0,0,0,0,Madhya Pradesh
,Coupler/joiner 90mm,,0,0,,0,0,Y,0,0,0,0,Madhya Pradesh
,D-Coiler,,0,0,,0,0,Y,0,0,0,0,Madhya Pradesh
,Dhaga Sutta(MI),,0,0,,0,0,Y,0,0,0,0,Madhya Pradesh
,Disc Filter 40m3/hrx3(PP),,6051,0,,0,0,Y,0,0,0,0,Madhya Pradesh
,Disc Filter 50m3/hr X3(Metal),,0,0,,0,0,Y,0,0,0,0,Madhya Pradesh
,DN110 PE100 PN 8 HDPE PIPE,,0,0,,0,0,Y,0,0,0,0,Madhya Pradesh
,DN110 PE100 PN10 HDPE PIPE,,0,0,,0,0,Y,0,0,0,0,Madhya Pradesh
,DN110 PE100 PN6 HDPE PIPE(FF),,0,0,,0,0,Y,0,0,0,0,Madhya Pradesh
,DN110 PE-100 PN6 N HDPE PIPE,,0,0,,0,0,Y,0,0,0,0,Madhya Pradesh
,Soc 75mm N3 Spk Latch,,0,0,,0,0,Y,0,0,0,0,Rajasthan
,DN110 PE80 PN6 HDPE PIPE(FF),,0,0,,0,0,Y,0,0,0,0,Madhya Pradesh
,DN110 PE80 PN6 N HDPE PIPE,,0,0,,0,0,Y,0,0,0,0,Madhya Pradesh
,DN125 PE100 PN6 HDPE PIPE(FF),,0,0,,0,0,Y,0,0,0,0,Madhya Pradesh
,DN125 PE100 PN6 N HDPE PIPE,,0,0,,0,0,Y,0,0,0,0,Madhya Pradesh
,DN125 PE100-11.4A (IS:14885),,0,0,,0,0,Y,0,0,0,0,Madhya Pradesh
,DN125 PE100-7.1A (IS:14885),,0,0,,0,0,Y,0,0,0,0,Madhya Pradesh
,DN125 PE80 PN6 HDPE PIPE,,0,0,,0,0,Y,0,0,0,0,Madhya Pradesh
,DN125 PE80 PN6 HDPE PIPE(FF),,0,0,,0,0,Y,0,0,0,0,Madhya Pradesh
,DN125 PE80-11.4A (IS:14885),,0,0,,0,0,Y,0,0,0,0,Madhya Pradesh
,DN125 PE80-7.1A (IS:14885),,0,0,,0,0,Y,0,0,0,0,Madhya Pradesh
,SOC 75MM Spk Plain Latch,,0,0,,0,0,Y,0,0,0,0,Rajasthan
,DN140 PE100 PN4 N HDPE PIPE,,0,0,,0,0,Y,0,0,0,0,Madhya Pradesh
,DN140 PE100 PN6  HDPE PIPE(FF),,0,0,,0,0,Y,0,0,0,0,Madhya Pradesh
,DN140 PE100 PN6 N HDPE PIPE,,0,0,,0,0,Y,0,0,0,0,Madhya Pradesh
,DN140 PE100 PN8 HDPE PIPE,,0,0,,0,0,Y,0,0,0,0,Madhya Pradesh
,DN140 PE80 PN6 N HDPE PIPE,,0,0,,0,0,Y,0,0,0,0,Madhya Pradesh
,DN160 PE100 PN10 N HDPE PIPE,,0,0,,0,0,Y,0,0,0,0,Madhya Pradesh
,DN160 PE100 PN12.5 N HDPE PIPE(ISO:4427),,0,0,,0,0,Y,0,0,0,0,Madhya Pradesh
,DN160 PE100 PN16 N HDPE PIPE(ISO:4427),,0,0,,0,0,Y,0,0,0,0,Madhya Pradesh
,DN160 PE100 PN6  HDPE PIPE(FF),,0,0,,0,0,Y,0,0,0,0,Madhya Pradesh
,DN160 PE100 PN6 N HDPE PIPE,,0,0,,0,0,Y,0,0,0,0,Madhya Pradesh
,Emmitting Pipe CL-II(16mm 4LPH 30cm)Flat,,12.99,0,,0,0,Y,0,0,0,0,Rajasthan
,SOC 75x40mm Bush Nipple,,0,0,,0,0,Y,0,0,0,0,Rajasthan
,DN160 PE100 PN8 N HDPE PIPE,,0,0,,0,0,Y,0,0,0,0,Madhya Pradesh
,DN160 PE100 PN8 N HDPE PIPE(FF),,0,0,,0,0,Y,0,0,0,0,Madhya Pradesh
,DN160 PE80 PN6 N HDPE PIPE,,0,0,,0,0,Y,0,0,0,0,Madhya Pradesh
,DN160 PE80 PN6 N HDPE PIPE(FF),,0,0,,0,0,Y,0,0,0,0,Madhya Pradesh
,DN180 PE100 PN6 HDPE PIPE(FF),,0,0,,0,0,Y,0,0,0,0,Madhya Pradesh
,DN180 PE100 PN6 N HDPE PIPE,,0,0,,0,0,Y,0,0,0,0,Madhya Pradesh
,DN180 PE100 PN8 HDPE PIPE,,0,0,,0,0,Y,0,0,0,0,Madhya Pradesh
,DN180 PE80 PN6 HDPE PIPE,,0,0,,0,0,Y,0,0,0,0,Madhya Pradesh
,DN180 PE80 PN6 HDPE PIPE(FF),,0,0,,0,0,Y,0,0,0,0,Madhya Pradesh
,DN200 PE100 PN10 N HDPE PIPE,,0,0,,0,0,Y,0,0,0,0,Madhya Pradesh
,SOC 75X63MM HDPE Spk Reducer,,350,0,,0,0,Y,0,0,0,0,Rajasthan
,DN200 PE100 PN6 HDPE PIPE(FF),,0,0,,0,0,Y,0,0,0,0,Madhya Pradesh
,DN200 PE100 PN6 N HDPE PIPE,,0,0,,0,0,Y,0,0,0,0,Madhya Pradesh
,DN200 PE100 PN8 HDPE PIPE,,0,0,,0,0,Y,0,0,0,0,Madhya Pradesh
,DN200 PE80 PN6 HDPE PIPE(FF),,0,0,,0,0,Y,0,0,0,0,Madhya Pradesh
,DN200 PE80 PN6 N HDPE PIPE,,0,0,,0,0,Y,0,0,0,0,Madhya Pradesh
,DN225 PE100 PN6 HDPE PIPE(FF),,0,0,,0,0,Y,0,0,0,0,Madhya Pradesh
,DN225 PE100 PN6 N HDPE PIPE,,0,0,,0,0,Y,0,0,0,0,Madhya Pradesh
,DN225 PE80 PN6 HDPE PIPE,,0,0,,0,0,Y,0,0,0,0,Madhya Pradesh
,DN225 PE80 PN6 HDPE PIPE(FF),,0,0,,0,0,Y,0,0,0,0,Madhya Pradesh
,DN250 PE100 PN10 HDPE PIPE,,0,0,,0,0,Y,0,0,0,0,Madhya Pradesh
,SOC 75X63MM HDPE Spk Reducer Adopter,,0,0,,0,0,Y,0,0,0,0,Rajasthan
,DN250 PE100 PN6 HDPE PIPE(FF),,0,0,,0,0,Y,0,0,0,0,Madhya Pradesh
,DN250 PE100 PN6 N HDPE PIPE,,0,0,,0,0,Y,0,0,0,0,Madhya Pradesh
,DN280 PE100 PN6 HDPE PIPE(FF),,0,0,,0,0,Y,0,0,0,0,Madhya Pradesh
,DN280 PE100 PN6 N HDPE PIPE,,0,0,,0,0,Y,0,0,0,0,Madhya Pradesh
,DN315 PE100 PN16 HDPE PIPE,,0,0,,0,0,Y,0,0,0,0,Madhya Pradesh
,DN315 PE100 PN6 HDPE PIPE(FF),,0,0,,0,0,Y,0,0,0,0,Madhya Pradesh
,DN315 PE100 PN6 N HDPE PIPE,,0,0,,0,0,Y,0,0,0,0,Madhya Pradesh
,DN315 PE100 PN8 N HDPE PIPE,,0,0,,0,0,Y,0,0,0,0,Madhya Pradesh
,DN355 PE100 PN6 HDPE PIPE(FF),,0,0,,0,0,Y,0,0,0,0,Madhya Pradesh
,DN355 PE100 PN6 N HDPE PIPE,,0,0,,0,0,Y,0,0,0,0,Madhya Pradesh
,SOC 90MM AVL Spk Latch,,0,0,,0,0,Y,0,0,0,0,Rajasthan
,DN400 PE100 PN10 HDPE PIPE,,0,0,,0,0,Y,0,0,0,0,Madhya Pradesh
,DN450 PE80 PN4 N HDPE PIPE,,0,0,,0,0,Y,0,0,0,0,Madhya Pradesh
,DN500 PE100 PN8 N HDPE PIPE,,0,0,,0,0,Y,0,0,0,0,Madhya Pradesh
,DN75 PE100 PN6 HDPE PIPE,,0,0,,0,0,Y,0,0,0,0,Madhya Pradesh
,DN90 PE100 PN10 N HDPE PIPE,,0,0,,0,0,Y,0,0,0,0,Madhya Pradesh
,DN90 PE100 PN6 N HDPE PIPE,,0,0,,0,0,Y,0,0,0,0,Madhya Pradesh
,DN90 PE100 PN6 N HDPE PIPE(FF),,0,0,,0,0,Y,0,0,0,0,Madhya Pradesh
,DN90 PE80 PN6 N HDPE PIPE,,0,0,,0,0,Y,0,0,0,0,Madhya Pradesh
,Drill/inject Lateral Punch 3mm(PVC),,200,0,,0,0,Y,0,0,0,0,Madhya Pradesh
,Drill/inject Lateral Punch 4mm(PVC),,0,0,,0,0,Y,0,0,0,0,Madhya Pradesh
,SOC 90mm E-5 HDPE Spk Adopter,,0,0,,0,0,Y,0,0,0,0,Rajasthan
,Drill/Inject Punch 10mm,,0,0,,0,0,Y,0,0,0,0,Madhya Pradesh
,Drill/inject Punch 12mm(Metal),,0,0,,0,0,Y,0,0,0,0,Madhya Pradesh
,Drill/inject Punch 16mm(Metal),,180,0,,0,0,Y,0,0,0,0,Madhya Pradesh
,Drill/inject Punch 18mm(Metal),,0,0,,0,0,Y,0,0,0,0,Madhya Pradesh
,Drill/inject Punch 25mm(Metal),,0,0,,0,0,Y,0,0,0,0,Madhya Pradesh
,Drill/Inject Punch 3mm(Metal),,2.32,0,,0,0,Y,0,0,0,0,Madhya Pradesh
,Drill/Inject Punch 4mm(Metal),,0,0,,0,0,Y,0,0,0,0,Madhya Pradesh
,Drill/Inject Punch 8mm(Metal),,1145,0,,0,0,Y,0,0,0,0,Madhya Pradesh
,Drip Sample Kit,,0,0,,0,0,Y,0,0,0,0,Madhya Pradesh
,Dripper Plug 2.5mm,,0,0,,0,0,Y,0,0,0,0,Madhya Pradesh
,Soc 90mm E-5 HDPE Spk MLC,,0,0,,0,0,Y,0,0,0,0,Rajasthan
,Elbow 110mm PVC,,158.9,0,,0,0,Y,0,0,0,0,Madhya Pradesh
,Elbow 110mm(PP),,0,0,,0,0,Y,0,0,0,0,Madhya Pradesh
,Elbow 12mm(PP),,2.47,0,,0,0,Y,0,0,0,0,Madhya Pradesh
,Elbow 140mm(PVC),,0,0,,0,0,Y,0,0,0,0,Madhya Pradesh
,Elbow 160mm PVC,,0,0,,0,0,Y,0,0,0,0,Madhya Pradesh
,Elbow 16mm(PP),,2.69,0,,0,0,Y,0,0,0,0,Madhya Pradesh
,Elbow 20mm(Double Compression),,4.43,0,,0,0,Y,0,0,0,0,Madhya Pradesh
,Elbow 25mm x 1 Threaded,,30.07,0,,0,0,Y,0,0,0,0,Madhya Pradesh
,Elbow 32MM PVC,,0,0,,0,0,Y,0,0,0,0,Madhya Pradesh
,Elbow 32mmx1 Threaded,,36.76,0,,0,0,Y,0,0,0,0,Madhya Pradesh
,SOC 90MM EPC SPK FOOT BATTEN P/C,,0,0,,0,0,Y,0,0,0,0,Rajasthan
,Elbow 40mm  PVC,,0,0,,0,0,Y,0,0,0,0,Madhya Pradesh
,ELBOW 50MM PVC,,26.61,0,,0,0,Y,0,0,0,0,Madhya Pradesh
,Elbow 50mm(PP-CF),,0,0,,0,0,Y,0,0,0,0,Madhya Pradesh
,Elbow 63mm  PVC,,50.81,0,,0,0,Y,0,0,0,0,Madhya Pradesh
,Elbow 63mm(PP-CF),,0,0,,0,0,Y,0,0,0,0,Madhya Pradesh
,Elbow 75mm PVC,,60.89,0,,0,0,Y,0,0,0,0,Madhya Pradesh
,Elbow 75mm(PP-CF),,0,0,,0,0,Y,0,0,0,0,Madhya Pradesh
,Elbow 90mm PVC,,89.11,0,,0,0,Y,0,0,0,0,Madhya Pradesh
,Elbow 90mm(PP-CF),,0,0,,0,0,Y,0,0,0,0,Madhya Pradesh
,Elbow GI 20MM,,0,0,,0,0,Y,0,0,0,0,Madhya Pradesh
,Soc 90mm Epc Spk Latch P/c,,0,0,,0,0,Y,0,0,0,0,Rajasthan
,Elbow(CF-PP)20MM,,0,0,,0,0,Y,0,0,0,0,Madhya Pradesh
,Emmitting Pipe (16mm 4LPH 30cm)R Hybrid-Eco,,12.25,0,,0,0,Y,0,0,0,0,Madhya Pradesh
,Emmitting Pipe (16mm 4LPh 40cm) R Hybrid-Eco,,11.4,0,,0,0,Y,0,0,0,0,Madhya Pradesh
,Emmitting Pipe CL-II (16mm 2Lph 40Cm)Round,,11.4,0,,0,0,Y,0,0,0,0,Madhya Pradesh
,Emmitting Pipe CL-II (16mm 2Lph 60cm ) Flat,,11.29,0,,0,0,Y,0,0,0,0,Madhya Pradesh
,Emmitting Pipe CL-II(12mm 2LPH 40cm)Flat,,8.19,0,,0,0,Y,0,0,0,0,Madhya Pradesh
,Emmitting Pipe CL-II(12mm 2LPH 40cm)Round,,8.19,0,,0,0,Y,0,0,0,0,Madhya Pradesh
,Emmitting Pipe CL-II(12mm 4LPH 40cm) Flat,,8.19,0,,0,0,Y,0,0,0,0,Madhya Pradesh
,Emmitting Pipe CL-II(12MM 4LPH 40CM)Round,,8.19,0,,0,0,Y,0,0,0,0,Madhya Pradesh
,Emmitting Pipe CL-II(12mm 4LPH 60cm)Round,,7.54,0,,0,0,Y,0,0,0,0,Madhya Pradesh
,SOC 90MM HDPE Spk Connector,,200,0,,0,0,Y,0,0,0,0,Rajasthan
,Emmitting Pipe CL-II(16mm 2LPH 40cm)Flat,,12.08,0,,0,0,Y,0,0,0,0,Madhya Pradesh
,Emmitting Pipe CL-II(16mm 2LPH 40cm)Flat K-Drip,,11.4,0,,0,0,Y,0,0,0,0,Madhya Pradesh
,Emmitting Pipe CL-II(16mm 2LPH 50cm)Flat,,11.63,0,,0,0,Y,0,0,0,0,Madhya Pradesh
,Emmitting Pipe CL-II(16mm 2LPH 50cm)Round,,10.97,0,,0,0,Y,0,0,0,0,Madhya Pradesh
,Emmitting Pipe CL-II(16mm 4LPH 40cm)Flat,,12.08,0,,0,0,Y,0,0,0,0,Madhya Pradesh
,Emmitting Pipe CL-II(16mm 4LPH 40cm)Round,,11.4,0,,0,0,Y,0,0,0,0,Madhya Pradesh
,Emmitting Pipe CL-II(16mm 4LPH 40cm)Round E-5,,11.4,0,,0,0,Y,0,0,0,0,Madhya Pradesh
,Emmitting Pipe CL-II(16mm 4LPH 50cm)Flat,,11.63,0,,0,0,Y,0,0,0,0,Madhya Pradesh
,Emmitting Pipe CL-II(16mm 4LPH 50cm)Round,,10.97,0,,0,0,Y,0,0,0,0,Madhya Pradesh
,Emmitting Pipe CL-II(16mm 4LPH 50cm)Round E-5,,10.97,0,,0,0,Y,0,0,0,0,Madhya Pradesh
,SOC 90mm HDPE Spk End Cap,,200,0,,0,0,Y,0,0,0,0,Rajasthan
,Emmitting Pipe CL-II(16mm 4LPH 60cm)Flat,,11.29,0,,0,0,Y,0,0,0,0,Madhya Pradesh
,Emmitting Pipe CL-II(16mm 4LPH 60cm)Round,,10.65,0,,0,0,Y,0,0,0,0,Madhya Pradesh
,Emmitting Pipe CL-II(16mm 4LPH 60cm)Round E-5,,10.65,0,,0,0,Y,0,0,0,0,Madhya Pradesh
,Emmitting Pipe CL-III(16mm 4LPH 50cm)Round E-5,,10.97,0,,0,0,Y,0,0,0,0,Madhya Pradesh
,Emmitting Pipe(16mm 4LPH 40cm)R Hybrid,,11.4,0,,0,0,Y,0,0,0,0,Madhya Pradesh
,End Cap 110mm(CF),,0,0,,0,0,Y,0,0,0,0,Madhya Pradesh
,End Cap 140mm PVC,,0,0,,0,0,Y,0,0,0,0,Madhya Pradesh
,End Cap 160mm PVC,,0,0,,0,0,Y,0,0,0,0,Madhya Pradesh
,End Cap 32mm PVC,,0,0,,0,0,Y,0,0,0,0,Madhya Pradesh
,End Cap 40mm PVC,,0,0,,0,0,Y,0,0,0,0,Madhya Pradesh
,250mm Pvc Bend,,0,0,,0,0,Y,0,0,0,0,Rajasthan
,Emmitting Pipe CL-II(16mm 4LPH 30cm)Round,,12.25,0,,0,0,Y,0,0,0,0,Rajasthan
,SOC 90mm HDPE Spk T.P.,,0,0,,0,0,Y,0,0,0,0,Rajasthan
,End Cap 40mm(CF),,0,0,,0,0,Y,0,0,0,0,Madhya Pradesh
,End Cap 50MM(PP),,0,0,,0,0,Y,0,0,0,0,Madhya Pradesh
,End Cap 50mm(PVC),,17.17,0,,0,0,Y,0,0,0,0,Madhya Pradesh
,End Cap 63MM(PP),,0,0,,0,0,Y,0,0,0,0,Madhya Pradesh
,End Cap 63mm(PVC),,21.05,0,,0,0,Y,0,0,0,0,Madhya Pradesh
,End Cap 75mm(CF),,0,0,,0,0,Y,0,0,0,0,Madhya Pradesh
,END CAP 75MM(PVC),,29.57,0,,0,0,Y,0,0,0,0,Madhya Pradesh
,End Cap 90mm(PP-CF),,0,0,,0,0,Y,0,0,0,0,Madhya Pradesh
,End Cap 90mm(PVC),,37.47,0,,0,0,Y,0,0,0,0,Madhya Pradesh
,End Cap with Ring 2.5 for Screen/Disc Filter,,0,0,,0,0,Y,0,0,0,0,Madhya Pradesh
,SOC 90mm N HDPE Spk Adopter,,430,0,,0,0,Y,0,0,0,0,Rajasthan
,End Cap with Ring 3 for Screen/Disc Filter,,0,0,,0,0,Y,0,0,0,0,Madhya Pradesh
,End Cap/End Plug(Line End) 12mm,,2.13,0,,0,0,Y,0,0,0,0,Madhya Pradesh
,End Cap/End Plug(Line End) 16mm,,2.45,0,,0,0,Y,0,0,0,0,Madhya Pradesh
,End Cap/End Plug(Line End) 25mm,,25.61,0,,0,0,Y,0,0,0,0,Madhya Pradesh
,End Cap/End Plug(Line End) 32mm,,27.84,0,,0,0,Y,0,0,0,0,Madhya Pradesh
,End Cap/End Plug(Line End)20mm,,2.5,0,,0,0,Y,0,0,0,0,Madhya Pradesh
,End Plate  2-2.5-:3 for Hydrocyc Filter,,0,0,,0,0,Y,0,0,0,0,Madhya Pradesh
,Extension/Connecting Tube 1.2M Long 12mm,,48,0,,0,0,Y,0,0,0,0,Madhya Pradesh
,Extension/Connecting Tube 1.5M Long 12mm,,0,0,,0,0,Y,0,0,0,0,Madhya Pradesh
,Fertilizer Tank with Assembly 30-Litres,,4402,0,,0,0,Y,0,0,0,0,Madhya Pradesh
,SOC 90mm N HDPE Spk Bend,,430,0,,0,0,Y,0,0,0,0,Rajasthan
,Fertilizer Tank with Assembly 90-Litres,,6887,0,,0,0,Y,0,0,0,0,Madhya Pradesh
,Flanged Elbow 2,,0,0,,0,0,Y,0,0,0,0,Madhya Pradesh
,Flanged Elbow 2.5,,0,0,,0,0,Y,0,0,0,0,Madhya Pradesh
,Flanged Elbow 3,,0,0,,0,0,Y,0,0,0,0,Madhya Pradesh
,Flat Dripper  2LPH,,0,0,,0,0,Y,0,0,0,0,Madhya Pradesh
,Flat Dripper  4LPH,,0,0,,0,0,Y,0,0,0,0,Madhya Pradesh
,Flat Dripper 1.6LPH,,0,0,,0,0,Y,0,0,0,0,Madhya Pradesh
,Flush Valve(75x90) 90mm,,109,0,,0,0,Y,0,0,0,0,Madhya Pradesh
,FTA 20mm,,0,0,,0,0,Y,0,0,0,0,Madhya Pradesh
,FTA 32mm,,0,0,,0,0,Y,0,0,0,0,Madhya Pradesh
,SOC 90MM N HDPE Spk MLC,,0,0,,0,0,Y,0,0,0,0,Rajasthan
,FTA 32MM PVC,,0,0,,0,0,Y,0,0,0,0,Madhya Pradesh
,FTA 40mm,,0,0,,0,0,Y,0,0,0,0,Madhya Pradesh
,FTA 50MM,,0,0,,0,0,Y,0,0,0,0,Madhya Pradesh
,FTA 63mm(63X50-2),,0,0,,0,0,Y,0,0,0,0,Madhya Pradesh
,FTA 75mm,,0,0,,0,0,Y,0,0,0,0,Madhya Pradesh
,FTA 90MM,,0,0,,0,0,Y,0,0,0,0,Madhya Pradesh
,G .I. Nipple 2x4,,0,0,,0,0,Y,0,0,0,0,Madhya Pradesh
,G. I. Tee 90mm(3*2.5),,0,0,,0,0,Y,0,0,0,0,Madhya Pradesh
,G.I. Nipple 1.5x4,,0,0,,0,0,Y,0,0,0,0,Madhya Pradesh
,G.I. Tee 110mm(4*2.5),,0,0,,0,0,Y,0,0,0,0,Madhya Pradesh
,SOC 90mm N HDPE Spk PCN,,305,0,,0,0,Y,0,0,0,0,Rajasthan
,G.I. Tee 110mm(4*3),,0,0,,0,0,Y,0,0,0,0,Madhya Pradesh
,G.I.Elbow 1.5,,0,0,,0,0,Y,0,0,0,0,Madhya Pradesh
,G.I.Elbow 2,,0,0,,0,0,Y,0,0,0,0,Madhya Pradesh
,G.I.Reducer 1.25x2,,0,0,,0,0,Y,0,0,0,0,Madhya Pradesh
,G.I.Reducer 1.5x2,,0,0,,0,0,Y,0,0,0,0,Madhya Pradesh
,G.I.Reducer 1x1/2,,0,0,,0,0,Y,0,0,0,0,Madhya Pradesh
,G.I.Socket 1,,0,0,,0,0,Y,0,0,0,0,Madhya Pradesh
,G.I.Socket 1.5,,0,0,,0,0,Y,0,0,0,0,Madhya Pradesh
,G.I.Socket 1.5x2,,0,0,,0,0,Y,0,0,0,0,Madhya Pradesh
,G.I.Socket 2,,0,0,,0,0,Y,0,0,0,0,Madhya Pradesh
,SOC 90mm N HDPE Spk Pipe 3mtr,,305,0,,0,0,Y,0,0,0,0,Rajasthan
,GI Elbow 1(MI)25mm,,0,0,,0,0,Y,0,0,0,0,Madhya Pradesh
,GI Elbow 2.5(MI),,0,0,,0,0,Y,0,0,0,0,Madhya Pradesh
,GI Elbow 32mm(MI),,0,0,,0,0,Y,0,0,0,0,Madhya Pradesh
,GI Nipple 1.5x6(MI),,0,0,,0,0,Y,0,0,0,0,Madhya Pradesh
,GI Nipple 1/2*3,,0,0,,0,0,Y,0,0,0,0,Madhya Pradesh
,GI Nipple 1/2x6,,0,0,,0,0,Y,0,0,0,0,Madhya Pradesh
,GI Nipple 1x18(MI),,0,0,,0,0,Y,0,0,0,0,Madhya Pradesh
,GI Nipple 1x9(MI),,0,0,,0,0,Y,0,0,0,0,Madhya Pradesh
,GI Nipple 2.5x4(MI),,0,0,,0,0,Y,0,0,0,0,Madhya Pradesh
,GI Nipple 2x6(MI),,0,0,,0,0,Y,0,0,0,0,Madhya Pradesh
,SOC 90mm N HDPE Spk Pipe 6mtr,,900,0,,0,0,Y,0,0,0,0,Rajasthan
,GI Nipple 32m(1-1/4)X6,,0,0,,0,0,Y,0,0,0,0,Madhya Pradesh
,GI Nipples 2.5x9(MI),,0,0,,0,0,Y,0,0,0,0,Madhya Pradesh
,GI Reducer 2.5x2(MI),,0,0,,0,0,Y,0,0,0,0,Madhya Pradesh
,GI Reducer 3x2-1/2(MI),,0,0,,0,0,Y,0,0,0,0,Madhya Pradesh
,GI Reducing Tee 2.5x2(MI),,0,0,,0,0,Y,0,0,0,0,Madhya Pradesh
,Gi Socket 1.25,,0,0,,0,0,Y,0,0,0,0,Madhya Pradesh
,Grommet 12mm,,0,0,,0,0,Y,0,0,0,0,Madhya Pradesh
,Grommet 16mm,,3.2,0,,0,0,Y,0,0,0,0,Madhya Pradesh
,Gun Metal Throttle Valve 1(25mm),,1191,0,,0,0,Y,0,0,0,0,Madhya Pradesh
,Gun Metal Throttle Valve 1.5,,2982,0,,0,0,Y,0,0,0,0,Madhya Pradesh
,SOC 90mm N HDPE Spk Tee,,900,0,,0,0,Y,0,0,0,0,Rajasthan
,Gun Metal Throttle Valve 1/2,,518,0,,0,0,Y,0,0,0,0,Madhya Pradesh
,Gun Metal Throttle Valve 2,,4246,0,,0,0,Y,0,0,0,0,Madhya Pradesh
,Gun Metal Throttle Valve 2.5(65mm),,11613,0,,0,0,Y,0,0,0,0,Madhya Pradesh
,Gun Metal Throttle Valve 3,,15016,0,,0,0,Y,0,0,0,0,Madhya Pradesh
,Gun Metal Throttle Valve 3/4,,839,0,,0,0,Y,0,0,0,0,Madhya Pradesh
,HDPE Packing Clips(MFG),,0,0,,0,0,Y,0,0,0,0,Madhya Pradesh
,Header Assambly 5(Type-I),,0,0,,0,0,Y,0,0,0,0,Madhya Pradesh
,Header Assambly 5(Type-II),,0,0,,0,0,Y,0,0,0,0,Madhya Pradesh
,Header Assambly 5(Type-III),,0,0,,0,0,Y,0,0,0,0,Madhya Pradesh
,Header Assembly 2(M.S.),,3259,0,,0,0,Y,0,0,0,0,Madhya Pradesh
,SOC 90mm N Spk Foot Batten,,430,0,,0,0,Y,0,0,0,0,Rajasthan
,Header Assembly 2(PP),,0,0,,0,0,Y,0,0,0,0,Madhya Pradesh
,Header Assembly 2.5(M.S.),,4104,0,,0,0,Y,0,0,0,0,Madhya Pradesh
,Header Assembly 2.5(PP),,0,0,,0,0,Y,0,0,0,0,Madhya Pradesh
,HEADER ASSEMBLY 2.5X2COMBO PP,,3494,0,,0,0,Y,0,0,0,0,Madhya Pradesh
,Header Assembly 2Combo(PP),,0,0,,0,0,Y,0,0,0,0,Madhya Pradesh
,Header Assembly 2x1.5(Combo Pack),,2855,0,,0,0,Y,0,0,0,0,Madhya Pradesh
,Header Assembly 3(M.S.),,4754,0,,0,0,Y,0,0,0,0,Madhya Pradesh
,Header Assembly 3(PP),,4754,0,,0,0,Y,0,0,0,0,Madhya Pradesh
,Header Assembly 3x2Combo-PP,,5199,0,,0,0,Y,0,0,0,0,Madhya Pradesh
,Header Assembly 4(M.S.),,7243,0,,0,0,Y,0,0,0,0,Madhya Pradesh
,SOC 90mm N Spk Latch,,0,0,,0,0,Y,0,0,0,0,Rajasthan
,Header Assembly 4(PP),,7243,0,,0,0,Y,0,0,0,0,Madhya Pradesh
,Hex Nipple 1''(MI),,0,0,,0,0,Y,0,0,0,0,Madhya Pradesh
,Hex Nipple 3/4(25mm),,0,0,,0,0,Y,0,0,0,0,Madhya Pradesh
,Hose Clamp 4,,0,0,,0,0,Y,0,0,0,0,Madhya Pradesh
,Hydro Cyclone Filter 40m3/hr 3(M.S.),,9273,0,,0,0,Y,0,0,0,0,Madhya Pradesh
,Hydro-Cyclone Filter 25m3/hr x 2(PP),,6254,0,,0,0,Y,0,0,0,0,Madhya Pradesh
,Hydro-Cyclone Filter 25m3/hrx2(M.S.),,7269,0,,0,0,Y,0,0,0,0,Madhya Pradesh
,Hydro-Cyclone Filter 30m3/hr x 2.5(PP),,6786,0,,0,0,Y,0,0,0,0,Madhya Pradesh
,Hydro-Cyclone Filter 40m3/hr x 2.5(PP),,0,0,,0,0,Y,0,0,0,0,Madhya Pradesh
,Hydro-Cyclone Filter 40m3/hrx3(PP),,0,0,,0,0,Y,0,0,0,0,Madhya Pradesh
,Emmitting Pipe CL-II(16mm 4LPH 40cm)Flat,,12.08,0,,0,0,Y,0,0,0,0,Rajasthan
,SOC 90mm N(3.2kg) HDPE Spk Pipe 6mtr,,430,0,,0,0,Y,0,0,0,0,Rajasthan
,Hydro-Cyclone Filter 50m3/hr x 3(PP),,8278,0,,0,0,Y,0,0,0,0,Madhya Pradesh
,Hydro-Cyclone Filter 50m3/hrx3(M.S.),,9273,0,,0,0,Y,0,0,0,0,Madhya Pradesh
,Hydro-Cyclone Filter 60m3/hrx3(M.S.),,0,0,,0,0,Y,0,0,0,0,Madhya Pradesh
,Hydro-Cycloner Filter 10m3/hr x 1.5(M.S),,0,0,,0,0,Y,0,0,0,0,Madhya Pradesh
,Installation Stake 1.2Mtr Long(8mm),,0,0,,0,0,Y,0,0,0,0,Madhya Pradesh
,Installation Stake Trishul Type,,93,0,,0,0,Y,0,0,0,0,Madhya Pradesh
,Installation Stake Trishul Type 1.5mtr,,0,0,,0,0,Y,0,0,0,0,Madhya Pradesh
,Joiner 12mm,,2.24,0,,0,0,Y,0,0,0,0,Madhya Pradesh
,Joiner 12X16mm,,0,0,,0,0,Y,0,0,0,0,Madhya Pradesh
,Joiner 16mm,,2.67,0,,0,0,Y,0,0,0,0,Madhya Pradesh
,SOC 90mm N1 Spk Foot Batten,,0,0,,0,0,Y,0,0,0,0,Rajasthan
,Joiner 16x20mm,,0,0,,0,0,Y,0,0,0,0,Madhya Pradesh
,Joiner 20mm,,4.5,0,,0,0,Y,0,0,0,0,Madhya Pradesh
,Lateral Cock 12mm,,4.18,0,,0,0,Y,0,0,0,0,Madhya Pradesh
,Lateral Cock 12mm(Heavy),,0,0,,0,0,Y,0,0,0,0,Madhya Pradesh
,Lateral Cock 16mm,,4.18,0,,0,0,Y,0,0,0,0,Madhya Pradesh
,Lateral Cock 16mm(Heavy),,0,0,,0,0,Y,0,0,0,0,Madhya Pradesh
,LLDPE Plain Laterals 16mm 2.5kg CL-II(E5),,11,0,,0,0,Y,0,0,0,0,Madhya Pradesh
,LLDPE Plain Laterals 25mm 2.5kg Cl-II,,29,0,,0,0,Y,0,0,0,0,Madhya Pradesh
,LLDPE Plain Laterals 32mm 2.5Kg CL-II,,42,0,,0,0,Y,0,0,0,0,Madhya Pradesh
,MDPE PIPE 20MM PN16 PE80(ISO:4427),,0,0,,0,0,Y,0,0,0,0,Madhya Pradesh
,SOC 90mm N1 Spk Latch,,0,0,,0,0,Y,0,0,0,0,Rajasthan
,MDPE PIPE 25MM PN16 PE80(ISO:4427),,0,0,,0,0,Y,0,0,0,0,Madhya Pradesh
,Menifold for Ventury '2',,0,0,,0,0,Y,0,0,0,0,Madhya Pradesh
,Micro Spk Stake(C/O Type),,0,0,,0,0,Y,0,0,0,0,Madhya Pradesh
,Micro Spk Tube(C/O-Type),,0,0,,0,0,Y,0,0,0,0,Madhya Pradesh
,Micro Spk. Inverted Rotar Nozzle,,0,0,,0,0,Y,0,0,0,0,Madhya Pradesh
,Micro Spk. Set(Assembly Without Stand)Nozzle,,0,0,,0,0,Y,0,0,0,0,Madhya Pradesh
,Micro Sprayer/Jet(Assembley Without Stand),,0,0,,0,0,Y,0,0,0,0,Madhya Pradesh
,Micro Tube 1.8mm,,0,0,,0,0,Y,0,0,0,0,Madhya Pradesh
,Mini Spk M/F Adopter 1/2,,8.73,0,,0,0,Y,0,0,0,0,Madhya Pradesh
,Mini Spk M/F Connector(9/12mm),,6.6,0,,0,0,Y,0,0,0,0,Madhya Pradesh
,SOC 90mm N2 Spk Latch,,0,0,,0,0,Y,0,0,0,0,Rajasthan
,Mini Spk Nozzle-Half Circle '1/2',,233,0,,0,0,Y,0,0,0,0,Madhya Pradesh
,Mini Spk. Nozzle(Double) Full Circle,,122,0,,0,0,Y,0,0,0,0,Madhya Pradesh
,M-Seal(Safeda-MI),,0,0,,0,0,Y,0,0,0,0,Madhya Pradesh
,MTA 110mm(CF),,0,0,,0,0,Y,0,0,0,0,Madhya Pradesh
,MTA 25MM PVC,,0,0,,0,0,Y,0,0,0,0,Madhya Pradesh
,MTA 32MM PVC,,0,0,,0,0,Y,0,0,0,0,Madhya Pradesh
,MTA 40mm(CF),,0,0,,0,0,Y,0,0,0,0,Madhya Pradesh
,MTA 50MM(50X40=1.5) PVC,,23.21,0,,0,0,Y,0,0,0,0,Madhya Pradesh
,MTA 50mm(PP-CF),,0,0,,0,0,Y,0,0,0,0,Madhya Pradesh
,MTA 63mm(63X50-2)PVC,,30.49,0,,0,0,Y,0,0,0,0,Madhya Pradesh
,SOC 90mm N3 Spk Foot Batten,,0,0,,0,0,Y,0,0,0,0,Rajasthan
,MTA 63MM(CF),,0,0,,0,0,Y,0,0,0,0,Madhya Pradesh
,MTA 63x50mm(CF),,0,0,,0,0,Y,0,0,0,0,Madhya Pradesh
,MTA 75MM PVC,,45.69,0,,0,0,Y,0,0,0,0,Madhya Pradesh
,MTA 75MM(CF),,0,0,,0,0,Y,0,0,0,0,Madhya Pradesh
,MTA 75x63mm(CF),,0,0,,0,0,Y,0,0,0,0,Madhya Pradesh
,MTA 90MM PVC,,74.54,0,,0,0,Y,0,0,0,0,Madhya Pradesh
,MTA 90MM(CF),,0,0,,0,0,Y,0,0,0,0,Madhya Pradesh
,MTA 90x75mm(CF),,0,0,,0,0,Y,0,0,0,0,Madhya Pradesh
,MTA PP(CF) 25MM,,0,0,,0,0,Y,0,0,0,0,Madhya Pradesh
,MTA(Compression Fittings) 32mm x 1,,0,0,,0,0,Y,0,0,0,0,Madhya Pradesh
,Soc 90mm N3 Spk Latch,,0,0,,0,0,Y,0,0,0,0,Rajasthan
,MTA(Compression Fittings)20mm X 3/4,,0,0,,0,0,Y,0,0,0,0,Madhya Pradesh
,Non Return Valve 2.5(PP),,1724,0,,0,0,Y,0,0,0,0,Madhya Pradesh
,Non Return Valve 3(80mm),,1670,0,,0,0,Y,0,0,0,0,Madhya Pradesh
,Non Return Valve 4,,2223,0,,0,0,Y,0,0,0,0,Madhya Pradesh
,Non Return Valve(NRV) 6,,0,0,,0,0,Y,0,0,0,0,Madhya Pradesh
,Nut-Bolt-Washer-Gasket for Header Assl. 2,,0,0,,0,0,Y,0,0,0,0,Madhya Pradesh
,On Line Dripper(14-LPH),,3.95,0,,0,0,Y,0,0,0,0,Madhya Pradesh
,P. P. Ball Valve 1 Threaded (32mm) M/F,,162,0,,0,0,Y,0,0,0,0,Madhya Pradesh
,P.P. Ball Valve 2 Threaded (63mm),,0,0,,0,0,Y,0,0,0,0,Madhya Pradesh
,P.P. Ball Valve 2.5 Threaded (75mm),,0,0,,0,0,Y,0,0,0,0,Madhya Pradesh
,SOC 90x75MM HDPE Spk Red.Tee,,580,0,,0,0,Y,0,0,0,0,Rajasthan
,P.P. Ball Valve 3 Threaded(90mm),,0,0,,0,0,Y,0,0,0,0,Madhya Pradesh
,P.P. Ball Valve with Flange End 4,,0,0,,0,0,Y,0,0,0,0,Madhya Pradesh
,P.P. Tail Pices Flange 2,,80,0,,0,0,Y,0,0,0,0,Madhya Pradesh
,P.P. Tail Pices Flange 2.5,,90,0,,0,0,Y,0,0,0,0,Madhya Pradesh
,P.P. Tail Pices Flange 3,,103,0,,0,0,Y,0,0,0,0,Madhya Pradesh
,P.V.C. Ball Valve 2(Threaded End),,0,0,,0,0,Y,0,0,0,0,Madhya Pradesh
,Plug(9/12mm)M-22-End Plug,,0,0,,0,0,Y,0,0,0,0,Madhya Pradesh
,PP  Ball  Valve 50mm 1-1/2Solid(Threded),,0,0,,0,0,Y,0,0,0,0,Madhya Pradesh
,PP Ball Valve 1.25 Threaded(40mm),,0,0,,0,0,Y,0,0,0,0,Madhya Pradesh
,PP Ball Valve 1.5 Threaded(50mm),,0,0,,0,0,Y,0,0,0,0,Madhya Pradesh
,SOC 90x75MM HDPE Spk Reducer,,580,0,,0,0,Y,0,0,0,0,Rajasthan
,PP Ball Valve 20/25 mm Solid Threaded(3/4),,0,0,,0,0,Y,0,0,0,0,Madhya Pradesh
,PP Ball Valve 50mm 1-1/2Solid(Plain),,0,0,,0,0,Y,0,0,0,0,Madhya Pradesh
,PP Ball Valve 63mm(2) Solid Threaded,,560,0,,0,0,Y,0,0,0,0,Madhya Pradesh
,PP Ball Valve 63mm(2)Solid(Plain),,0,0,,0,0,Y,0,0,0,0,Madhya Pradesh
,PP Ball Valve with Flange End 2.5,,0,0,,0,0,Y,0,0,0,0,Madhya Pradesh
,PP Ball Valve with Flanged End 3,,0,0,,0,0,Y,0,0,0,0,Madhya Pradesh
,PP Ball Valve with Flanged Ends 2,,0,0,,0,0,Y,0,0,0,0,Madhya Pradesh
,PP Ball Valve(Flange End) 1,,0,0,,0,0,Y,0,0,0,0,Madhya Pradesh
,PP Ball Valve/control Valve 20/25mm Singal Union,,135,0,,0,0,Y,0,0,0,0,Madhya Pradesh
,PP Flange Threaded (2.5),,0,0,,0,0,Y,0,0,0,0,Madhya Pradesh
,SOC B 63mm HDPE Spk Bend,,0,0,,0,0,Y,0,0,0,0,Rajasthan
,PP Flange Threaded (3),,0,0,,0,0,Y,0,0,0,0,Madhya Pradesh
,PP Flange Threaded 2,,0,0,,0,0,Y,0,0,0,0,Madhya Pradesh
,PP Reducing Bush 2x1.5,,0,0,,0,0,Y,0,0,0,0,Madhya Pradesh
,PP Socket 1.5(50mm)MI,,0,0,,0,0,Y,0,0,0,0,Madhya Pradesh
,PP Socket 2(63mm)MI,,0,0,,0,0,Y,0,0,0,0,Madhya Pradesh
,PP Socket 2.5(75mm)MI,,0,0,,0,0,Y,0,0,0,0,Madhya Pradesh
,PP Socket 3(90mm)MI,,0,0,,0,0,Y,0,0,0,0,Madhya Pradesh
,Pressure Gauge Glycerine 2,,458,0,,0,0,Y,0,0,0,0,Madhya Pradesh
,Pressure Gauge Glycerine 2.5,,0,0,,0,0,Y,0,0,0,0,Madhya Pradesh
,Pressure Release Valve 2X1.5,,2074,0,,0,0,Y,0,0,0,0,Madhya Pradesh
,SOC B 63MM HDPE Spk TEE,,0,0,,0,0,Y,0,0,0,0,Rajasthan
,PVC Ball Valve 2(Plain End),,0,0,,0,0,Y,0,0,0,0,Madhya Pradesh
,PVC Ball Valve 2.5(Plain End),,0,0,,0,0,Y,0,0,0,0,Madhya Pradesh
,PVC Ball Valve 2.5(Threded End),,0,0,,0,0,Y,0,0,0,0,Madhya Pradesh
,PVC Ball Valve 20mm(Compression/female Tthreaded),,0,0,,0,0,Y,0,0,0,0,Madhya Pradesh
,Pvc Ball Valve 3(90mm)(Threaded End),,0,0,,0,0,Y,0,0,0,0,Madhya Pradesh
,PVC Ball Valve 4(110mm) (Threaded End),,0,0,,0,0,Y,0,0,0,0,Madhya Pradesh
,Pvc Ball Valve 40 mm,,0,0,,0,0,Y,0,0,0,0,Madhya Pradesh
,PVC Bush 63x50mm,,0,0,,0,0,Y,0,0,0,0,Madhya Pradesh
,PVC Bush 75x63mm 10kg,,0,0,,0,0,Y,0,0,0,0,Madhya Pradesh
,PVC Bush 90x63mm 10kg,,0,0,,0,0,Y,0,0,0,0,Madhya Pradesh
,Emmitting Pipe CL-II(16mm 4LPH 40cm)Round,,11.4,0,,0,0,Y,0,0,0,0,Rajasthan
,SOC B 75mm HDPE Spk Bend,,0,0,,0,0,Y,0,0,0,0,Rajasthan
,PVC Connecting Tube 20cm(Stab-Barb-Conn-Bayoynet),,0,0,,0,0,Y,0,0,0,0,Madhya Pradesh
,PVC PIPE 110MMX2.5KG/CM2(MTR),,0,0,,0,0,Y,0,0,0,0,Madhya Pradesh
,PVC PIPE 110MMX4KG/CM2 (MTR),,187.45,0,,0,0,Y,0,0,0,0,Madhya Pradesh
,PVC PIPE 110MMX6KG/CM2 (MTR),,0,0,,0,0,Y,0,0,0,0,Madhya Pradesh
,PVC PIPE 140MMX2.5KG/CM2 (MTR),,0,0,,0,0,Y,0,0,0,0,Madhya Pradesh
,PVC PIPE 140MMX4KG/CM2(Mtr),,262.5,0,,0,0,Y,0,0,0,0,Madhya Pradesh
,PVC PIPE 140MMX6KG/CM2(Mtr),,0,0,,0,0,Y,0,0,0,0,Madhya Pradesh
,PVC PIPE 160MMX2.5KG/CM2 (MTR),,0,0,,0,0,Y,0,0,0,0,Madhya Pradesh
,PVC PIPE 160MMX6KG/CM2 (MTR),,0,0,,0,0,Y,0,0,0,0,Madhya Pradesh
,PVC PIPE 200MMX2.5KG/CM2 (MTR),,0,0,,0,0,Y,0,0,0,0,Madhya Pradesh
,SOC B 75mm HDPE Spk Tee,,0,0,,0,0,Y,0,0,0,0,Rajasthan
,PVC PIPE 200MMX4KG/CM2 (MTR),,0,0,,0,0,Y,0,0,0,0,Madhya Pradesh
,PVC PIPE 200MMX6KG/CM2 (MTR),,0,0,,0,0,Y,0,0,0,0,Madhya Pradesh
,PVC PIPE 225MMX4KG/CM2 CASING PIPE(MTR),,0,0,,0,0,Y,0,0,0,0,Madhya Pradesh
,PVC PIPE 225MMX6KG/CM2 CASING PIPE(MTR),,0,0,,0,0,Y,0,0,0,0,Madhya Pradesh
,PVC PIPE 32MMX10KG/CM2 (MTR),,48,0,,0,0,Y,0,0,0,0,Madhya Pradesh
,PVC Pipe 63mm x 4 Kg / Cm2(MTR)XXXXXXXX,,65.42,0,,0,0,Y,0,0,0,0,Madhya Pradesh
,PVC PIPE 63MMX6KG/CM2 (MTR),,95.05,0,,0,0,Y,0,0,0,0,Madhya Pradesh
,PVC PIPE 75MM X 6KG/CM2 (MTR),,132.87,0,,0,0,Y,0,0,0,0,Madhya Pradesh
,PVC PIPE 90MM X2.5KG/CM2 (MTR),,82.8,0,,0,0,Y,0,0,0,0,Madhya Pradesh
,PVC PIPE 90MM X6KG/CM2 (MTR),,189.11,0,,0,0,Y,0,0,0,0,Madhya Pradesh
,SOC B 90MM HDPE Adopter,,0,0,,0,0,Y,0,0,0,0,Rajasthan
,PVC PIPE 90MMX10KG/CM2 (MTR),,0,0,,0,0,Y,0,0,0,0,Madhya Pradesh
,PVC Reducer Bush 110x63mm,,0,0,,0,0,Y,0,0,0,0,Madhya Pradesh
,PVC Reducer Bush 63x50mm 6kg,,0,0,,0,0,Y,0,0,0,0,Madhya Pradesh
,PVC Reducer Coupler 75x63mm,,0,0,,0,0,Y,0,0,0,0,Madhya Pradesh
,Rain Gun  Adopter 1.25(50X40),,0,0,,0,0,Y,0,0,0,0,Madhya Pradesh
,Rain Gun 1.25,,0,0,,0,0,Y,0,0,0,0,Madhya Pradesh
,Rain Gun 2 with Stand,,0,0,,0,0,Y,0,0,0,0,Madhya Pradesh
,RAIN GUN ADOPTER 2(63x40),,0,0,,0,0,Y,0,0,0,0,Madhya Pradesh
,Rain Gun Nipple G.I. 2.5x1-1/4,,0,0,,0,0,Y,0,0,0,0,Madhya Pradesh
,Rain Gun Nipple G.I. 2x1-1/4,,0,0,,0,0,Y,0,0,0,0,Madhya Pradesh
,SOC B 90MM HDPE Spk Bend,,0,0,,0,0,Y,0,0,0,0,Rajasthan
,Rain Gun Riser 1.25,,0,0,,0,0,Y,0,0,0,0,Madhya Pradesh
,Rain Gun Stand 1.25,,0,0,,0,0,Y,0,0,0,0,Madhya Pradesh
,Raingun Adopter 2.5(75x40),,0,0,,0,0,Y,0,0,0,0,Madhya Pradesh
,Raingun Adopter 3(90x40),,0,0,,0,0,Y,0,0,0,0,Madhya Pradesh
,Raingun Adopter 4(110x40),,0,0,,0,0,Y,0,0,0,0,Madhya Pradesh
,Reducer 110x90mm PVC,,92.59,0,,0,0,Y,0,0,0,0,Madhya Pradesh
,Reducer 160x140mm PVC,,0,0,,0,0,Y,0,0,0,0,Madhya Pradesh
,Reducer 16x12mm Comp.Connector(Both Side),,2.24,0,,0,0,Y,0,0,0,0,Madhya Pradesh
,Reducer 16X17MM Comp. Connector(Both Side),,0,0,,0,0,Y,0,0,0,0,Madhya Pradesh
,Reducer 200x160mm PVC,,0,0,,0,0,Y,0,0,0,0,Madhya Pradesh
,SOC B 90MM HDPE Spk Tee,,0,0,,0,0,Y,0,0,0,0,Rajasthan
,Reducer 25x20mm(PP),,0,0,,0,0,Y,0,0,0,0,Madhya Pradesh
,Reducer 40x32mm PVC,,0,0,,0,0,Y,0,0,0,0,Madhya Pradesh
,Reducer 63x40mm PVC,,0,0,,0,0,Y,0,0,0,0,Madhya Pradesh
,Reducer 63x50mm PVC,,41.51,0,,0,0,Y,0,0,0,0,Madhya Pradesh
,Reducer 63x50mm(PP),,0,0,,0,0,Y,0,0,0,0,Madhya Pradesh
,Reducer 75x50mm PVC,,33.54,0,,0,0,Y,0,0,0,0,Madhya Pradesh
,Reducer 75x63mm PVC,,45.22,0,,0,0,Y,0,0,0,0,Madhya Pradesh
,Reducer 90x63 mm Pvc,,57.02,0,,0,0,Y,0,0,0,0,Madhya Pradesh
,Reducer 90x75mm PVC,,58.54,0,,0,0,Y,0,0,0,0,Madhya Pradesh
,Reducer Elbow 75x63mm PVC,,0,0,,0,0,Y,0,0,0,0,Madhya Pradesh
,SOC SPK RIVIT,,0,0,,0,0,Y,0,0,0,0,Rajasthan
,Reducer Tee 110x90 PVC,,204.19,0,,0,0,Y,0,0,0,0,Madhya Pradesh
,Reducer Tee 160x110 PVC,,0,0,,0,0,Y,0,0,0,0,Madhya Pradesh
,Reducer Tee 160X90MM (PVC),,0,0,,0,0,Y,0,0,0,0,Madhya Pradesh
,Reducer Tee 63x32mm PVC,,0,0,,0,0,Y,0,0,0,0,Madhya Pradesh
,Reducer Tee 75x63mm PVC,,0,0,,0,0,Y,0,0,0,0,Madhya Pradesh
,Reducer Tee 90x63mm 6kg,,0,0,,0,0,Y,0,0,0,0,Madhya Pradesh
,Reducer Tee 90x63mm PVC,,0,0,,0,0,Y,0,0,0,0,Madhya Pradesh
,Reducer Tee 90x75mm PVC,,0,0,,0,0,Y,0,0,0,0,Madhya Pradesh
,Reducing Flanged Threaded 2.5x2,,0,0,,0,0,Y,0,0,0,0,Madhya Pradesh
,Reducing Flanged Threaded 3x2.5,,0,0,,0,0,Y,0,0,0,0,Madhya Pradesh
,Socket for Spk Riser Pipe,,0,0,,0,0,Y,0,0,0,0,Rajasthan
,Ring for Compression Connector(Lock Ring),,0,0,,0,0,Y,0,0,0,0,Madhya Pradesh
,Rotameter for Ventury,,0,0,,0,0,Y,0,0,0,0,Madhya Pradesh
,S S Nut Bolts(MI),,0,0,,0,0,Y,0,0,0,0,Madhya Pradesh
,Sand Filter 40m3/hr x 3,,32176,0,,0,0,Y,0,0,0,0,Madhya Pradesh
,Sand Filter 50m3/hr x 3,,32176,0,,0,0,Y,0,0,0,0,Madhya Pradesh
,Sand for Sand Filter(KG),,0,0,,0,0,Y,0,0,0,0,Madhya Pradesh
,Screen Element 2(Cartridge),,0,0,,0,0,Y,0,0,0,0,Madhya Pradesh
,Screen Element 2.5(Cartridge),,0,0,,0,0,Y,0,0,0,0,Madhya Pradesh
,Screen Elements 3(Cartridge),,0,0,,0,0,Y,0,0,0,0,Madhya Pradesh
,Screen Filter 1 4*6/8m3/hr x 1(Y),,0,0,,0,0,Y,0,0,0,0,Madhya Pradesh
,Sprinkler Nozzle(AJ- 01)Z,,3.1,0,,0,0,Y,0,0,0,0,Rajasthan
,Screen Filter 10m3/hr x 2 (Metal),,0,0,,0,0,Y,0,0,0,0,Madhya Pradesh
,Screen Filter 10m3/hr X 2.5''(Metal),,0,0,,0,0,Y,0,0,0,0,Madhya Pradesh
,Screen Filter 15mm3/hr x 1.5(Plastic),,1272,0,,0,0,Y,0,0,0,0,Madhya Pradesh
,Screen Filter 15mm3/hr x 2(Plastic),,0,0,,0,0,Y,0,0,0,0,Madhya Pradesh
,Screen Filter 20m3/hr X2(Metal),,3059,0,,0,0,Y,0,0,0,0,Madhya Pradesh
,Screen Filter 20m3/hr X2.5(Metal),,0,0,,0,0,Y,0,0,0,0,Madhya Pradesh
,Screen Filter 25m3/hr x 2(Plastic),,2650,0,,0,0,Y,0,0,0,0,Madhya Pradesh
,Screen Filter 25m3/hr X2(Semi Automatic),,0,0,,0,0,Y,0,0,0,0,Madhya Pradesh
,Screen Filter 25m3/hr X2.5(Metal),,3383,0,,0,0,Y,0,0,0,0,Madhya Pradesh
,Screen Filter 3/4120mesh 6*4 M3,,0,0,,0,0,Y,0,0,0,0,Madhya Pradesh
,Sprinkler Nozzle(AJ-01)Medium,,400,0,,0,0,Y,0,0,0,0,Rajasthan
,Screen Filter 30m3/hr X2.5(Metal),,3816,0,,0,0,Y,0,0,0,0,Madhya Pradesh
,Screen Filter 40m3/hr X3(Metal),,3924,0,,0,0,Y,0,0,0,0,Madhya Pradesh
,Screen Filter 40m3/hr X3(Semi Automatic),,0,0,,0,0,Y,0,0,0,0,Madhya Pradesh
,Screen Filter 40m3/hrx2.5(Plastic),,2942,0,,0,0,Y,0,0,0,0,Madhya Pradesh
,Screen Filter 50m3/hr x 2(Plastic),,0,0,,0,0,Y,0,0,0,0,Madhya Pradesh
,Screen Filter 50m3/hr X3(Double Body),,0,0,,0,0,Y,0,0,0,0,Madhya Pradesh
,Screen Filter 50m3/hr X3(Metal),,4140,0,,0,0,Y,0,0,0,0,Madhya Pradesh
,Screen225m3,,0,0,,0,0,Y,0,0,0,0,Madhya Pradesh
,Service Saddle 110mm(MI),,0,0,,0,0,Y,0,0,0,0,Madhya Pradesh
,Service Saddle 40mm(MI),,0,0,,0,0,Y,0,0,0,0,Madhya Pradesh
,Sprinkler Nozzle(NI- 02)Z -3/4,,400,0,,0,0,Y,0,0,0,0,Rajasthan
,Service Saddle 40mmX3/4(PP),,0,0,,0,0,Y,0,0,0,0,Madhya Pradesh
,Service Saddle 50mm(MI),,0,0,,0,0,Y,0,0,0,0,Madhya Pradesh
,Service Saddle 50mm(PVC),,0,0,,0,0,Y,0,0,0,0,Madhya Pradesh
,Service Saddle 50mmX1/2(P),,0,0,,0,0,Y,0,0,0,0,Madhya Pradesh
,Service Saddle 50mmX3/4(PP),,0,0,,0,0,Y,0,0,0,0,Madhya Pradesh
,Service Saddle 63mm 1(MI),,93.54,0,,0,0,Y,0,0,0,0,Madhya Pradesh
,Service Saddle 63mm 3/4(MI),,0,0,,0,0,Y,0,0,0,0,Madhya Pradesh
,Service Saddle 63mmX1/2(P),,0,0,,0,0,Y,0,0,0,0,Madhya Pradesh
,Service Saddle 75mm(MI),,0,0,,0,0,Y,0,0,0,0,Madhya Pradesh
,Service Saddle 75mmX1(PP),,128.93,0,,0,0,Y,0,0,0,0,Madhya Pradesh
,Emmitting Pipe CL-II(16mm 4LPH 40cm)Round E-5,,11.4,0,,0,0,Y,0,0,0,0,Rajasthan
,Sprinkler Nozzle(NI-02)Heavy,,0,0,,0,0,Y,0,0,0,0,Rajasthan
,Service Saddle 75mmX1.25(M.S),,0,0,,0,0,Y,0,0,0,0,Madhya Pradesh
,Service Saddle 75mmX1-1/4(PP),,0,0,,0,0,Y,0,0,0,0,Madhya Pradesh
,Service Saddle 90mm(MI),,156.46,0,,0,0,Y,0,0,0,0,Madhya Pradesh
,Service Saddle 90mmX1.25(M.S),,0,0,,0,0,Y,0,0,0,0,Madhya Pradesh
,Service Saddle 90mmX1/2(P),,176.12,0,,0,0,Y,0,0,0,0,Madhya Pradesh
,Sluice Valve 2.5,,0,0,,0,0,Y,0,0,0,0,Madhya Pradesh
,SOC 110mm Epc Spk Latch,,0,0,,0,0,Y,0,0,0,0,Madhya Pradesh
,SOC 110mm HDPE Spk End Cap,,150,0,,0,0,Y,0,0,0,0,Madhya Pradesh
,SOC 110mm HDPE Spk T.P.,,0,0,,0,0,Y,0,0,0,0,Madhya Pradesh
,SOC 110mm N HDPE Spk Adopter,,615,0,,0,0,Y,0,0,0,0,Madhya Pradesh
,Sprinkler Nozzle(NI-02)Light,,0,0,,0,0,Y,0,0,0,0,Rajasthan
,SOC 110mm N HDPE Spk Bend,,485,0,,0,0,Y,0,0,0,0,Madhya Pradesh
,SOC 110mm N HDPE Spk MLC,,0,0,,0,0,Y,0,0,0,0,Madhya Pradesh
,SOC 110mm N HDPE Spk PCN,,410,0,,0,0,Y,0,0,0,0,Madhya Pradesh
,SOC 110mm N HDPE Spk Pipe 6mtr,,1240,0,,0,0,Y,0,0,0,0,Madhya Pradesh
,SOC 110mm N HDPE Spk Tee,,615,0,,0,0,Y,0,0,0,0,Madhya Pradesh
,SOC 110mm N Spk Foot Batten,,615,0,,0,0,Y,0,0,0,0,Madhya Pradesh
,SOC 110mm N Spk Latch,,0,0,,0,0,Y,0,0,0,0,Madhya Pradesh
,SOC 110x90MM HDPE Spk Reducer,,495,0,,0,0,Y,0,0,0,0,Madhya Pradesh
,SOC 50MM HDPE Spk End Cap,,60,0,,0,0,Y,0,0,0,0,Madhya Pradesh
,Soc 50MM HDPE Spk T.P.,,0,0,,0,0,Y,0,0,0,0,Madhya Pradesh
,Sprinkler Nozzle(NI-02)Medium,,340,0,,0,0,Y,0,0,0,0,Rajasthan
,SOC 50MM N HDPE Spk Adopter,,250,0,,0,0,Y,0,0,0,0,Madhya Pradesh
,SOC 50MM N HDPE Spk Bend,,205,0,,0,0,Y,0,0,0,0,Madhya Pradesh
,Soc 50MM N HDPE Spk MLC,,0,0,,0,0,Y,0,0,0,0,Madhya Pradesh
,SOC 50MM N HDPE Spk PCN,,205,0,,0,0,Y,0,0,0,0,Madhya Pradesh
,SOC 50MM N HDPE Spk Pipe 3mtr,,320,0,,0,0,Y,0,0,0,0,Madhya Pradesh
,SOC 50MM N HDPE Spk Pipe 5mtr,,0,0,,0,0,Y,0,0,0,0,Madhya Pradesh
,SOC 50MM N HDPE Spk Pipe 6mtr,,510,0,,0,0,Y,0,0,0,0,Madhya Pradesh
,SOC 50MM N HDPE Spk Tee,,250,0,,0,0,Y,0,0,0,0,Madhya Pradesh
,SOC 50MM N Spk Foot Batten,,250,0,,0,0,Y,0,0,0,0,Madhya Pradesh
,SOC 50MM N Spk Latch,,0,0,,0,0,Y,0,0,0,0,Madhya Pradesh
,Sprinkler Nozzle(NI-02)Medium-N3,,0,0,,0,0,Y,0,0,0,0,Rajasthan
,Soc 63MM E-5 HDPE Spk Adopter,,0,0,,0,0,Y,0,0,0,0,Madhya Pradesh
,Soc 63MM E5 HDPE Spk Bend,,0,0,,0,0,Y,0,0,0,0,Madhya Pradesh
,Soc 63mm E5 HDPE Spk MLC,,0,0,,0,0,Y,0,0,0,0,Madhya Pradesh
,Soc 63MM E-5 HDPE Spk PCN,,0,0,,0,0,Y,0,0,0,0,Madhya Pradesh
,Soc 63MM E-5 HDPE Spk Tee,,0,0,,0,0,Y,0,0,0,0,Madhya Pradesh
,Soc 63mm Epc Spk Latch (P/c),,0,0,,0,0,Y,0,0,0,0,Madhya Pradesh
,SOC 63mm HDPE Spk T.P.,,0,0,,0,0,Y,0,0,0,0,Madhya Pradesh
,SOC 63MM N HDPE Spk Adopter,,250,0,,0,0,Y,0,0,0,0,Madhya Pradesh
,SOC 63MM N HDPE Spk Bend,,220,0,,0,0,Y,0,0,0,0,Madhya Pradesh
,SOC 63mm N HDPE Spk MLC,,0,0,,0,0,Y,0,0,0,0,Madhya Pradesh
,Sprinkler Nozzle(NI-02)Z-1/2,,400,0,,0,0,Y,0,0,0,0,Rajasthan
,SOC 63MM N HDPE Spk PCN,,225,0,,0,0,Y,0,0,0,0,Madhya Pradesh
,SOC 63MM N HDPE Spk Pipe 3Mtr,,350,0,,0,0,Y,0,0,0,0,Madhya Pradesh
,SOC 63MM N HDPE Spk Pipe 6Mtr,,540,0,,0,0,Y,0,0,0,0,Madhya Pradesh
,SOC 63mm N Spk Connector,,160,0,,0,0,Y,0,0,0,0,Madhya Pradesh
,SOC 63mm N Spk Foot Batten,,250,0,,0,0,Y,0,0,0,0,Madhya Pradesh
,SOC 63mm N Spk Latch,,0,0,,0,0,Y,0,0,0,0,Madhya Pradesh
,SOC 63mm N Spk Rubber Ring,,0,0,,0,0,Y,0,0,0,0,Madhya Pradesh
,Soc 63mm N-1 HDPE Spk Adopter,,0,0,,0,0,Y,0,0,0,0,Madhya Pradesh
,Soc 63mm N-1 HDPE Spk Bend,,0,0,,0,0,Y,0,0,0,0,Madhya Pradesh
,SOC 63mm N-1 HDPE SPK MLC,,0,0,,0,0,Y,0,0,0,0,Madhya Pradesh
,Sprinkler Nozzle(NI-02)Z-N3,,0,0,,0,0,Y,0,0,0,0,Rajasthan
,Soc 63mm N-1 HDPE Spk PCN,,0,0,,0,0,Y,0,0,0,0,Madhya Pradesh
,SOC 63MM N-1 HDPE Spk Pipe 3mtr,,350,0,,0,0,Y,0,0,0,0,Madhya Pradesh
,SOC 63MM N-1 HDPE Spk Pipe 6mtr,,540,0,,0,0,Y,0,0,0,0,Madhya Pradesh
,Soc 63mm N-1 HDPE Spk TEE,,0,0,,0,0,Y,0,0,0,0,Madhya Pradesh
,Soc 63mm N-1 Spk Foot Batten,,0,0,,0,0,Y,0,0,0,0,Madhya Pradesh
,Soc 63mm N-1 Spk Latch,,0,0,,0,0,Y,0,0,0,0,Madhya Pradesh
,Soc 63mm N3 HDPE Spk Adopter,,0,0,,0,0,Y,0,0,0,0,Madhya Pradesh
,Soc 63mm N3 HDPE Spk Bend,,0,0,,0,0,Y,0,0,0,0,Madhya Pradesh
,Soc 63mm N3 HDPE Spk MLC,,0,0,,0,0,Y,0,0,0,0,Madhya Pradesh
,Soc 63mm N3 HDPE Spk Pipe 3Mtr,,0,0,,0,0,Y,0,0,0,0,Madhya Pradesh
,Sprinkler Nozzle(NI-03),,0,0,,0,0,Y,0,0,0,0,Rajasthan
,Soc 63mm N3 HDPE Spk Pipe 6Mtr,,0,0,,0,0,Y,0,0,0,0,Madhya Pradesh
,Soc 63mm N3 HDPE Spk TEE,,0,0,,0,0,Y,0,0,0,0,Madhya Pradesh
,Soc 63mm N3 Spk Foot Batten,,0,0,,0,0,Y,0,0,0,0,Madhya Pradesh
,Soc 63mm N3 Spk Latch,,0,0,,0,0,Y,0,0,0,0,Madhya Pradesh
,Soc 70mm N3 HDPE Spk Pipe 6mtr,,0,0,,0,0,Y,0,0,0,0,Madhya Pradesh
,SOC 75 MM EPC SPK LATCH P/C,,0,0,,0,0,Y,0,0,0,0,Madhya Pradesh
,SOC 75mm  N3 HDPE Spk Pipe 3mtr,,0,0,,0,0,Y,0,0,0,0,Madhya Pradesh
,Soc 75MM AVL Spk Latch,,0,0,,0,0,Y,0,0,0,0,Madhya Pradesh
,Soc 75MM E-5 HDPE Spk Adopter,,0,0,,0,0,Y,0,0,0,0,Madhya Pradesh
,Soc 75MM E-5 HDPE Spk Bend,,0,0,,0,0,Y,0,0,0,0,Madhya Pradesh
,Sprinkler Nozzle(PP)Full Circle '3/4',,0,0,,0,0,Y,0,0,0,0,Rajasthan
,Soc 75mm E5 HDPE Spk MLC,,0,0,,0,0,Y,0,0,0,0,Madhya Pradesh
,Soc 75MM E-5 HDPE Spk Tee,,0,0,,0,0,Y,0,0,0,0,Madhya Pradesh
,Soc 75MM E-6 HDPE Spk MLC,,0,0,,0,0,Y,0,0,0,0,Madhya Pradesh
,Soc 75MM E-7 Spk Latch,,0,0,,0,0,Y,0,0,0,0,Madhya Pradesh
,SOC 75MM HDPE Spk Connector,,175,0,,0,0,Y,0,0,0,0,Madhya Pradesh
,SOC 75mm HDPE Spk T.P.,,0,0,,0,0,Y,0,0,0,0,Madhya Pradesh
,SOC 75mm N HDPE Spk Adopter,,315,0,,0,0,Y,0,0,0,0,Madhya Pradesh
,SOC 75mm N HDPE Spk Bend,,275,0,,0,0,Y,0,0,0,0,Madhya Pradesh
,SOC 75mm N HDPE Spk MLC,,0,0,,0,0,Y,0,0,0,0,Madhya Pradesh
,SOC 75mm N HDPE Spk PCN,,225,0,,0,0,Y,0,0,0,0,Madhya Pradesh
,Sprinkler Nozzle(PP)-Single-Half Circle '3/4',,400,0,,0,0,Y,0,0,0,0,Rajasthan
,SOC 75mm N HDPE Spk Pipe 3mtr,,420,0,,0,0,Y,0,0,0,0,Madhya Pradesh
,SOC 75mm N HDPE Spk Pipe 6mtr,,670,0,,0,0,Y,0,0,0,0,Madhya Pradesh
,SOC 75MM N Spk F.Batten(G.I.),,315,0,,0,0,Y,0,0,0,0,Madhya Pradesh
,SOC 75mm N Spk Foot Batten(Black-P.C),,0,0,,0,0,Y,0,0,0,0,Madhya Pradesh
,Soc 75mm N Spk Foot Batten(GI-Cap),,0,0,,0,0,Y,0,0,0,0,Madhya Pradesh
,SOC 75mm N Spk Latch,,0,0,,0,0,Y,0,0,0,0,Madhya Pradesh
,Soc 75mm N(3.2Kg) HDPE Irrig Pipe 3mtr,,465,0,,0,0,Y,0,0,0,0,Madhya Pradesh
,Soc 75mm N(3.2Kg) HDPE Spk Pipe 6Mtr,,772,0,,0,0,Y,0,0,0,0,Madhya Pradesh
,Soc 75mm N(4Kg) HDPE Spk Pipe 6Mtr,,0,0,,0,0,Y,0,0,0,0,Madhya Pradesh
,SOC 75mm N1 HDPE Spk Adopter,,0,0,,0,0,Y,0,0,0,0,Madhya Pradesh
,Sprinkler Nozzle(PP)With Metal Spry Bush '3/4',,145,0,,0,0,Y,0,0,0,0,Rajasthan
,SOC 75mm N1 HDPE Spk Bend,,0,0,,0,0,Y,0,0,0,0,Madhya Pradesh
,SOC 75MM N1 HDPE Spk MLC,,0,0,,0,0,Y,0,0,0,0,Madhya Pradesh
,SOC 75mm N1 HDPE Spk PCN,,0,0,,0,0,Y,0,0,0,0,Madhya Pradesh
,SOC 75mm N1 HDPE Spk Pipe 3mtr,,420,0,,0,0,Y,0,0,0,0,Madhya Pradesh
,SOC 75MM N1 HDPE Spk Pipe 6mtr,,0,0,,0,0,Y,0,0,0,0,Madhya Pradesh
,SOC 75mm N1 HDPE Spk Tee,,0,0,,0,0,Y,0,0,0,0,Madhya Pradesh
,SOC 75MM N1 Spk F.Batten(G.I.),,0,0,,0,0,Y,0,0,0,0,Madhya Pradesh
,SOC 75mm N1 Spk Latch,,0,0,,0,0,Y,0,0,0,0,Madhya Pradesh
,Soc 75MM N1(3.2Kg) HDPE Spk Pipe 6Mtr,,772,0,,0,0,Y,0,0,0,0,Madhya Pradesh
,SOC 75mm N3 HDPE SKP Tee,,0,0,,0,0,Y,0,0,0,0,Madhya Pradesh
,Emmitting Pipe CL-II(16mm 4LPH 50cm)Flat,,11.63,0,,0,0,Y,0,0,0,0,Rajasthan
,Sprinkler Raingun Nozzle(Assembly) 1.25,,145,0,,0,0,Y,0,0,0,0,Rajasthan
,SOC 75mm N3 HDPE Spk Adopter,,0,0,,0,0,Y,0,0,0,0,Madhya Pradesh
,SOC 75mm N3 HDPE Spk Bend,,0,0,,0,0,Y,0,0,0,0,Madhya Pradesh
,Soc 75mm N3 HDPE SPK MLC,,0,0,,0,0,Y,0,0,0,0,Madhya Pradesh
,SOC 75mm N3 HDPE Spk PCN,,0,0,,0,0,Y,0,0,0,0,Madhya Pradesh
,SOC 75mm N3 HDPE Spk Pipe 6mtr,,0,0,,0,0,Y,0,0,0,0,Madhya Pradesh
,SOC 75mm N3 Spk Foot Batten,,0,0,,0,0,Y,0,0,0,0,Madhya Pradesh
,Soc 75mm N3 Spk Latch,,0,0,,0,0,Y,0,0,0,0,Madhya Pradesh
,SOC 75MM Spk Plain Latch,,0,0,,0,0,Y,0,0,0,0,Madhya Pradesh
,SOC 75x40mm Bush Nipple,,0,0,,0,0,Y,0,0,0,0,Madhya Pradesh
,SOC 75X63MM HDPE Spk Reducer,,300,0,,0,0,Y,0,0,0,0,Madhya Pradesh
,Sprinkler Raingun Nozzle(Assembly) 1.5,,2300,0,,0,0,Y,0,0,0,0,Rajasthan
,SOC 75X63MM HDPE Spk Reducer Adopter,,0,0,,0,0,Y,0,0,0,0,Madhya Pradesh
,SOC 90MM AVL Spk Latch,,0,0,,0,0,Y,0,0,0,0,Madhya Pradesh
,SOC 90mm E-5 HDPE Spk Adopter,,0,0,,0,0,Y,0,0,0,0,Madhya Pradesh
,Soc 90mm E-5 HDPE Spk MLC,,0,0,,0,0,Y,0,0,0,0,Madhya Pradesh
,SOC 90MM EPC SPK FOOT BATTEN P/C,,0,0,,0,0,Y,0,0,0,0,Madhya Pradesh
,Soc 90mm Epc Spk Latch P/c,,0,0,,0,0,Y,0,0,0,0,Madhya Pradesh
,SOC 90MM HDPE Spk Connector,,200,0,,0,0,Y,0,0,0,0,Madhya Pradesh
,SOC 90mm HDPE Spk End Cap,,130,0,,0,0,Y,0,0,0,0,Madhya Pradesh
,SOC 90mm HDPE Spk T.P.,,0,0,,0,0,Y,0,0,0,0,Madhya Pradesh
,SOC 90mm N HDPE Spk Adopter,,430,0,,0,0,Y,0,0,0,0,Madhya Pradesh
,Sprinkler Riser Pipe,,3000,0,,0,0,Y,0,0,0,0,Rajasthan
,SOC 90mm N HDPE Spk Bend,,375,0,,0,0,Y,0,0,0,0,Madhya Pradesh
,SOC 90MM N HDPE Spk MLC,,0,0,,0,0,Y,0,0,0,0,Madhya Pradesh
,SOC 90mm N HDPE Spk PCN,,305,0,,0,0,Y,0,0,0,0,Madhya Pradesh
,SOC 90mm N HDPE Spk Pipe 3mtr,,555,0,,0,0,Y,0,0,0,0,Madhya Pradesh
,SOC 90mm N HDPE Spk Pipe 6mtr,,900,0,,0,0,Y,0,0,0,0,Madhya Pradesh
,SOC 90mm N HDPE Spk Tee,,495,0,,0,0,Y,0,0,0,0,Madhya Pradesh
,SOC 90mm N Spk Foot Batten,,430,0,,0,0,Y,0,0,0,0,Madhya Pradesh
,SOC 90mm N Spk Latch,,0,0,,0,0,Y,0,0,0,0,Madhya Pradesh
,SOC 90mm N(3.2kg) HDPE Spk Pipe 6mtr,,1060,0,,0,0,Y,0,0,0,0,Madhya Pradesh
,SOC 90mm N1 Spk Foot Batten,,0,0,,0,0,Y,0,0,0,0,Madhya Pradesh
,Sprinkler Riser Pipe- 1 Mtr,,0,0,,0,0,Y,0,0,0,0,Rajasthan
,SOC 90mm N1 Spk Latch,,0,0,,0,0,Y,0,0,0,0,Madhya Pradesh
,SOC 90mm N2 Spk Latch,,0,0,,0,0,Y,0,0,0,0,Madhya Pradesh
,SOC 90mm N3 Spk Foot Batten,,0,0,,0,0,Y,0,0,0,0,Madhya Pradesh
,Soc 90mm N3 Spk Latch,,0,0,,0,0,Y,0,0,0,0,Madhya Pradesh
,SOC 90x75MM HDPE Spk Red.Tee,,580,0,,0,0,Y,0,0,0,0,Madhya Pradesh
,SOC 90x75MM HDPE Spk Reducer,,395,0,,0,0,Y,0,0,0,0,Madhya Pradesh
,SOC B 63mm HDPE Spk Bend,,0,0,,0,0,Y,0,0,0,0,Madhya Pradesh
,SOC B 63MM HDPE Spk TEE,,0,0,,0,0,Y,0,0,0,0,Madhya Pradesh
,SOC B 75mm HDPE Spk Bend,,0,0,,0,0,Y,0,0,0,0,Madhya Pradesh
,SOC B 75mm HDPE Spk Tee,,0,0,,0,0,Y,0,0,0,0,Madhya Pradesh
,Sprinkler Riser Pipes 1.25x1.5 Feet,,0,0,,0,0,Y,0,0,0,0,Rajasthan
,SOC B 90MM HDPE Adopter,,0,0,,0,0,Y,0,0,0,0,Madhya Pradesh
,SOC B 90MM HDPE Spk Bend,,0,0,,0,0,Y,0,0,0,0,Madhya Pradesh
,SOC B 90MM HDPE Spk Tee,,0,0,,0,0,Y,0,0,0,0,Madhya Pradesh
,SOC SPK RIVIT,,0,0,,0,0,Y,0,0,0,0,Madhya Pradesh
,Socket 63mm PVC,,0,0,,0,0,Y,0,0,0,0,Madhya Pradesh
,Socket 75mm PVC,,0,0,,0,0,Y,0,0,0,0,Madhya Pradesh
,Socket 90mm PVC,,0,0,,0,0,Y,0,0,0,0,Madhya Pradesh
,Socket for Spk Riser Pipe,,0,0,,0,0,Y,0,0,0,0,Madhya Pradesh
,Solvent Cement(Ltr),,0,0,,0,0,Y,0,0,0,0,Madhya Pradesh
,Spagheti Barbed Connector,,0,0,,0,0,Y,0,0,0,0,Madhya Pradesh
,Tapping Tee with Coupler 90x20mm(EF),,0,0,,0,0,Y,0,0,0,0,Rajasthan
,Spagheti/Extension Tube 6mm x 4mm,,3.1,0,,0,0,Y,0,0,0,0,Madhya Pradesh
,Sprinkler Nozzle(AJ- 01)Z,,0,0,,0,0,Y,0,0,0,0,Madhya Pradesh
,Sprinkler Nozzle(AJ-01)Medium,,0,0,,0,0,Y,0,0,0,0,Madhya Pradesh
,Sprinkler Nozzle(NI- 02)Z -3/4,,0,0,,0,0,Y,0,0,0,0,Madhya Pradesh
,Sprinkler Nozzle(NI-02)Heavy,,0,0,,0,0,Y,0,0,0,0,Madhya Pradesh
,Sprinkler Nozzle(NI-02)Light,,0,0,,0,0,Y,0,0,0,0,Madhya Pradesh
,Sprinkler Nozzle(NI-02)Medium,,0,0,,0,0,Y,0,0,0,0,Madhya Pradesh
,Sprinkler Nozzle(NI-02)Medium-N3,,0,0,,0,0,Y,0,0,0,0,Madhya Pradesh
,Sprinkler Nozzle(NI-02)Z-1/2,,275,0,,0,0,Y,0,0,0,0,Madhya Pradesh
,Sprinkler Nozzle(NI-02)Z-N3,,0,0,,0,0,Y,0,0,0,0,Madhya Pradesh
,Nut-Bolt-Washer-Gasket for Header Assl. 2,2.5,3,,0,0,,0,0,Y,0,0,0,0,Tamil Nadu
,Sprinkler Nozzle(NI-03),,0,0,,0,0,Y,0,0,0,0,Madhya Pradesh
,Sprinkler Nozzle(PP)-Single-Half Circle '3/4',,323,0,,0,0,Y,0,0,0,0,Madhya Pradesh
,Sprinkler Nozzle(PP)With Metal Spry Bush '3/4',,145,0,,0,0,Y,0,0,0,0,Madhya Pradesh
,Sprinkler Raingun Nozzle(Assembly) 1.25,,0,0,,0,0,Y,0,0,0,0,Madhya Pradesh
,Sprinkler Raingun Nozzle(Assembly) 1.5,,0,0,,0,0,Y,0,0,0,0,Madhya Pradesh
,Sprinkler Riser Pipe,,110,0,,0,0,Y,0,0,0,0,Madhya Pradesh
,Sprinkler Riser Pipes 1.25x1.5 Feet,,0,0,,0,0,Y,0,0,0,0,Madhya Pradesh
,Stand Ring 2 for Hydrocyclone Filter,,0,0,,0,0,Y,0,0,0,0,Madhya Pradesh
,Stand Ring 3 for Hydrocyclone Filter,,0,0,,0,0,Y,0,0,0,0,Madhya Pradesh
,Stap Saddle 200mmX1.1/2,,0,0,,0,0,Y,0,0,0,0,Madhya Pradesh
,20MM INLINE DRIPPER(4-LPH)ROUND,,0,0,,0,0,Y,0,0,0,0,Tamil Nadu
,Stap Saddle 200mmX1.1/4,,0,0,,0,0,Y,0,0,0,0,Madhya Pradesh
,Stap Saddle 200mmX1/2,,0,0,,0,0,Y,0,0,0,0,Madhya Pradesh
,Start Connector Nipple 12mm,,2.13,0,,0,0,Y,0,0,0,0,Madhya Pradesh
,Start Connector Nipple 16MM,,2.24,0,,0,0,Y,0,0,0,0,Madhya Pradesh
,Start Connector Nipple 20mm,,2.24,0,,0,0,Y,0,0,0,0,Madhya Pradesh
,Tapping Compression Ferrule 20x/12,,0,0,,0,0,Y,0,0,0,0,Madhya Pradesh
,Tapping Coupler 20mm(EF),,0,0,,0,0,Y,0,0,0,0,Madhya Pradesh
,Tapping Saddle -90x1/2(EF),,0,0,,0,0,Y,0,0,0,0,Madhya Pradesh
,Tapping Tee 90x20mm(EF),,0,0,,0,0,Y,0,0,0,0,Madhya Pradesh
,Tapping Tee with Coupler 90x20mm(EF),,0,0,,0,0,Y,0,0,0,0,Madhya Pradesh
,Emmitting Pipe CL-II(12mm 4LPH 40cm) Flat,,0,0,,0,0,Y,0,0,0,0,Tamil Nadu
,Tee (Compression Fitting) 16mx12m/16X16,,3.31,0,,0,0,Y,0,0,0,0,Madhya Pradesh
,Tee 110mm PVC,,201.53,0,,0,0,Y,0,0,0,0,Madhya Pradesh
,Tee 110mm(CF),,0,0,,0,0,Y,0,0,0,0,Madhya Pradesh
,Tee 140mm(PVC),,0,0,,0,0,Y,0,0,0,0,Madhya Pradesh
,Tee 200mm PVC,,0,0,,0,0,Y,0,0,0,0,Madhya Pradesh
,Tee 3 Side Male Threaded 1(32mm),,0,0,,0,0,Y,0,0,0,0,Madhya Pradesh
,TEE 32MM PVC,,0,0,,0,0,Y,0,0,0,0,Madhya Pradesh
,TEE 40MM PVC,,0,0,,0,0,Y,0,0,0,0,Madhya Pradesh
,Tee 40mm(CF),,0,0,,0,0,Y,0,0,0,0,Madhya Pradesh
,TEE 50MM PVC,,39.96,0,,0,0,Y,0,0,0,0,Madhya Pradesh
,Soc 50MM N HDPE Spk MLC,,0,0,,0,0,Y,0,0,0,0,Tamil Nadu
,Tee 63mm PVC,,61.03,0,,0,0,Y,0,0,0,0,Madhya Pradesh
,Tee 75mm  PVC,,84.29,0,,0,0,Y,0,0,0,0,Madhya Pradesh
,Tee 75mm(CF),,0,0,,0,0,Y,0,0,0,0,Madhya Pradesh
,Tee 90mm  PVC,,136.4,0,,0,0,Y,0,0,0,0,Madhya Pradesh
,Tee 90mm(CF),,0,0,,0,0,Y,0,0,0,0,Madhya Pradesh
,Tee(Compression Fitting) 12x12mm,,3.42,0,,0,0,Y,0,0,0,0,Madhya Pradesh
,Tee(Compression Fitting)25mmx1x25mm,,36.76,0,,0,0,Y,0,0,0,0,Madhya Pradesh
,TEE(Compression Fitting)32mm X1 X32mm,,41.21,0,,0,0,Y,0,0,0,0,Madhya Pradesh
,TEE(Compression Fitting)50MM,,0,0,,0,0,Y,0,0,0,0,Madhya Pradesh
,TEE(Compression Fitting)63MM,,0,0,,0,0,Y,0,0,0,0,Madhya Pradesh
,Emmitting Pipe CL-II(16mm 4LPH 50cm)Round,,10.97,0,,0,0,Y,0,0,0,0,Rajasthan
,SOC 50MM N HDPE Spk PCN,,0,0,,0,0,Y,0,0,0,0,Tamil Nadu
,Thinwall Emmitting Pipe(16mm 4LPH 40cm).3mm,,0,0,,0,0,Y,0,0,0,0,Madhya Pradesh
,Thinwall Emmitting Pipe(16mm 4LPH 40CM).4mm,,0,0,,0,0,Y,0,0,0,0,Madhya Pradesh
,Throttle Valves 3 (PP),,2356,0,,0,0,Y,0,0,0,0,Madhya Pradesh
,Vaccum Breaker Valve 0.5,,0,0,,0,0,Y,0,0,0,0,Madhya Pradesh
,Ventury Ass. with Manifold & Without Rotameter 3/4,,764,0,,0,0,Y,0,0,0,0,Madhya Pradesh
,Ventury Assembly with Manifold & Rotameter 3/4,,1335,0,,0,0,Y,0,0,0,0,Madhya Pradesh
,Washer Plain M-3-4-5,,0,0,,0,0,Y,0,0,0,0,Madhya Pradesh
,Winder Dripline,,0,0,,0,0,Y,0,0,0,0,Madhya Pradesh
,63mm PN4 PE- 63 N,,118.28,0,,0,0,Y,0,0,0,0,Madhya Pradesh
,75mm PN4 PE- 63 N,,169.96,0,,0,0,Y,0,0,0,0,Madhya Pradesh
,SOC 50MM N HDPE Spk Pipe 3mtr,,0,0,,0,0,Y,0,0,0,0,Tamil Nadu
,Air Release Valve 1,,157,0,,0,0,Y,0,0,0,0,Madhya Pradesh
,Air Release Valve 1.5 (HT-89),,493,0,,0,0,Y,0,0,0,0,Madhya Pradesh
,By Pass Assembly 2.5''(PP),,0,0,,0,0,Y,0,0,0,0,Madhya Pradesh
,By Pass Assembly 2x1.5''(PP),,0,0,,0,0,Y,0,0,0,0,Madhya Pradesh
,Disc Filter 20m3/hrx2(PP),,4549,0,,0,0,Y,0,0,0,0,Madhya Pradesh
,Disc Filter 25m3/hrx2(HT-134TS),,3630.6,0,,0,0,Y,0,0,0,0,Madhya Pradesh
,Disc Filter 30m3/hr x 2.5(HT-135T),,3630.6,0,,0,0,Y,0,0,0,0,Madhya Pradesh
,Disc Filter 40m3/hrx2.5(PP),,3816,0,,0,0,Y,0,0,0,0,Madhya Pradesh
,Disc Filter 50m3/hrx3(HT-136T)-Plastic,,3816,0,,0,0,Y,0,0,0,0,Madhya Pradesh
,Emmitting Pipe CL-II (16mm 2Lph 60cm )Round,,10.65,0,,0,0,Y,0,0,0,0,Madhya Pradesh
,SOC 50MM N HDPE Spk Pipe 5mtr,,0,0,,0,0,Y,0,0,0,0,Tamil Nadu
,Emmitting Pipe CL-II(16mm 2LPH 30cm)Flat,,12.99,0,,0,0,Y,0,0,0,0,Madhya Pradesh
,Emmitting Pipe CL-II(16mm 2LPH 30cm)Round,,12.25,0,,0,0,Y,0,0,0,0,Madhya Pradesh
,Emmitting Pipe CL-II(16mm 4LPH 30cm)Flat,,12.99,0,,0,0,Y,0,0,0,0,Madhya Pradesh
,Emmitting Pipe CL-II(16mm 4LPH 30cm)Round,,12.25,0,,0,0,Y,0,0,0,0,Madhya Pradesh
,Fertilizer Tank with Assembly 60-Litres,,6032,0,,0,0,Y,0,0,0,0,Madhya Pradesh
,Flush Valve(32x40) 40mm,,0,0,,0,0,Y,0,0,0,0,Madhya Pradesh
,Flush Valve(40x50) 50mm,,50,0,,0,0,Y,0,0,0,0,Madhya Pradesh
,Flush Valve(50x63) 63mm,,52,0,,0,0,Y,0,0,0,0,Madhya Pradesh
,Flush Valve(63x75) 75mm,,63,0,,0,0,Y,0,0,0,0,Madhya Pradesh
,Hydro Cyclone Filter 20m3/hr x  2(M.S.),,3393,0,,0,0,Y,0,0,0,0,Madhya Pradesh
,SOC 50MM N HDPE Spk Pipe 6mtr,,0,0,,0,0,Y,0,0,0,0,Tamil Nadu
,Hydro Cyclone Filter 30m3/hr x 2.5(MS),,3393,0,,0,0,Y,0,0,0,0,Madhya Pradesh
,Hydro-Cyclone Filter 40m3/hrx2.5(M.S.),,3393,0,,0,0,Y,0,0,0,0,Madhya Pradesh
,LLDPE Plain Laterals 12mm 2.5kg CL-II,,7,0,,0,0,Y,0,0,0,0,Madhya Pradesh
,LLDPE Plain Laterals 16mm 2.5Kg CL-II,,11,0,,0,0,Y,0,0,0,0,Madhya Pradesh
,Non Return Valve 1(25mm),,0,0,,0,0,Y,0,0,0,0,Madhya Pradesh
,Non Return Valve 1.5(40mm),,0,0,,0,0,Y,0,0,0,0,Madhya Pradesh
,Non Return Valve 2(50mm),,1086,0,,0,0,Y,0,0,0,0,Madhya Pradesh
,Non Return Valve 2.5(65mm),,1280,0,,0,0,Y,0,0,0,0,Madhya Pradesh
,On Line Dripper(2-LPH),,0,0,,0,0,Y,0,0,0,0,Madhya Pradesh
,On Line Dripper(4-LPH),,3.95,0,,0,0,Y,0,0,0,0,Madhya Pradesh
,SOC 50MM N HDPE Spk Tee,,0,0,,0,0,Y,0,0,0,0,Tamil Nadu
,On Line Dripper(8-LPH),,3.95,0,,0,0,Y,0,0,0,0,Madhya Pradesh
,P.P. Ball Valve/control Valve 50mm(Plain),,329,0,,0,0,Y,0,0,0,0,Madhya Pradesh
,PP Ball Valve/Control Valve 32mm Single Union,,162,0,,0,0,Y,0,0,0,0,Madhya Pradesh
,PP Ball Valve/Control Valve 40mm(Plain),,329,0,,0,0,Y,0,0,0,0,Madhya Pradesh
,PP Ball Valve/Control Valve 63mm-Plain,,246.6,0,,0,0,Y,0,0,0,0,Madhya Pradesh
,PP Ball Valve/Control Valve 75mm Plain,,668,0,,0,0,Y,0,0,0,0,Madhya Pradesh
,PP Ball Valve/Control Valve 90mm Plain,,688.8,0,,0,0,Y,0,0,0,0,Madhya Pradesh
,Pressure Gauge 2,,131.4,0,,0,0,Y,0,0,0,0,Madhya Pradesh
,PVC PIPE 160MMX4KG/CM2 (MTR),,0,0,,0,0,Y,0,0,0,0,Madhya Pradesh
,PVC PIPE 180MMX2.5KG/CM2 (MTR),,331,0,,0,0,Y,0,0,0,0,Madhya Pradesh
,SOC 50MM N Spk Foot Batten,,0,0,,0,0,Y,0,0,0,0,Tamil Nadu
,PVC PIPE 180MMX4KG/CM2 (MTR),,533.4,0,,0,0,Y,0,0,0,0,Madhya Pradesh
,PVC PIPE 180MMX6KG/CM2 (MTR),,761.5,0,,0,0,Y,0,0,0,0,Madhya Pradesh
,PVC PIPE 40MMX6KG/CM2 (MTR),,47,0,,0,0,Y,0,0,0,0,Madhya Pradesh
,PVC PIPE 50MMX6KG/CM2 (MTR),,59.25,0,,0,0,Y,0,0,0,0,Madhya Pradesh
,PVC PIPE 63MM X 4 KG/CM2 (MTR),,65,0,,0,0,Y,0,0,0,0,Madhya Pradesh
,PVC PIPE 75MM X 4KG/CM2 (MTR),,92.25,0,,0,0,Y,0,0,0,0,Madhya Pradesh
,PVC PIPE 90MM X4KG/CM2 (MTR),,12880,0,,0,0,Y,0,0,0,0,Madhya Pradesh
,Sand Filter 10m3/hr x 1.5,,11777.5,0,,0,0,Y,0,0,0,0,Madhya Pradesh
,Sand Filter 20xm3/hr 2,,13650.7,0,,0,0,Y,0,0,0,0,Madhya Pradesh
,Sand Filter 25m3/hr x 2,,13650.7,0,,0,0,Y,0,0,0,0,Madhya Pradesh
,SOC 50MM N Spk Latch,,0,0,,0,0,Y,0,0,0,0,Tamil Nadu
,Sand Filter 30mm3X2.5,,24199,0,,0,0,Y,0,0,0,0,Madhya Pradesh
,Sand Filter 40m3/hr x 2.5,,18149.25,0,,0,0,Y,0,0,0,0,Madhya Pradesh
,Screen Filter 20m3/hr x 2(Plastic),,1666.8,0,,0,0,Y,0,0,0,0,Madhya Pradesh
,Screen Filter 30m3/hrx2.5(Plastic),,1666.8,0,,0,0,Y,0,0,0,0,Madhya Pradesh
,Screen Filter 40m3/hr x 3(Plastics),,1765.2,0,,0,0,Y,0,0,0,0,Madhya Pradesh
,Screen Filter 40m3/hr X2.5''(Metal),,0,0,,0,0,Y,0,0,0,0,Madhya Pradesh
,Screen Filter 50m3/hr x 3(Plastic),,1765.2,0,,0,0,Y,0,0,0,0,Madhya Pradesh
,SOC 110mm N HDPE Spk Pipe 3mtr,,775,0,,0,0,Y,0,0,0,0,Madhya Pradesh
,SOC 63mm HDPE Spk End Cap,,70,0,,0,0,Y,0,0,0,0,Madhya Pradesh
,SOC 63MM N HDPE Spk Tee,,275,0,,0,0,Y,0,0,0,0,Madhya Pradesh
,Soc 63MM E-5 HDPE Spk Adopter,,0,0,,0,0,Y,0,0,0,0,Tamil Nadu
,SOC 75mm HDPE Spk End Cap,,90,0,,0,0,Y,0,0,0,0,Madhya Pradesh
,SOC 75mm N HDPE Spk Tee,,350,0,,0,0,Y,0,0,0,0,Madhya Pradesh
,Sprinkler Nozzle(PP)Full Circle '3/4',,400,0,,0,0,Y,0,0,0,0,Madhya Pradesh
,Sprinkler Riser Pipe- 1 Mtr,,0,0,,0,0,Y,0,0,0,0,Madhya Pradesh
,Tee(Compression Fitting) 16x12mm,,3.75,0,,0,0,Y,0,0,0,0,Madhya Pradesh
,Tee(Compression Fitting) 16x16mm,,3.31,0,,0,0,Y,0,0,0,0,Madhya Pradesh
,Throttle Valve 2(PP),,774,0,,0,0,Y,0,0,0,0,Madhya Pradesh
,Throttle Valve 2.5(PP),,1800,0,,0,0,Y,0,0,0,0,Madhya Pradesh
,Ventury Assembly with Manifold 1,,801,0,,0,0,Y,0,0,0,0,Madhya Pradesh
,Ventury Assembly with Manifold 1.5'',,3389,0,,0,0,Y,0,0,0,0,Madhya Pradesh
,Soc 63MM E5 HDPE Spk Bend,,0,0,,0,0,Y,0,0,0,0,Tamil Nadu
,Ventury Assembly with Manifold 2,,2170.2,0,,0,0,Y,0,0,0,0,Madhya Pradesh
,Ventury Assembly with Manifold 2.5,,3000,0,,0,0,Y,0,0,0,0,Madhya Pradesh
,Mini Spk M/F Adopter 1/2,,8.73,0,,0,0,Y,0,0,0,0,Odisha
,Air Release Valve 3/4,,157,0,,0,0,Y,0,0,0,0,Odisha
,Back Flush Assembly for Sand Filter 3,,0,0,,0,0,Y,0,0,0,0,Odisha
,Back Flush Assembly for Sand Filter 2,,0,0,,0,0,Y,0,0,0,0,Odisha
,Back Flush Assembly for Sand Filter 2.5,,0,0,,0,0,Y,0,0,0,0,Odisha
,Butterfly Valve 2,,1609,0,,0,0,Y,0,0,0,0,Odisha
,Butterfly Valve 2.5,,1709,0,,0,0,Y,0,0,0,0,Odisha
,Butterfly Valve 3,,2293,0,,0,0,Y,0,0,0,0,Odisha
,Emmitting Pipe CL-II(12MM 4LPH 40CM)Round,,8.18,0,,0,0,Y,0,0,0,0,Tamil Nadu
,Butterfly Valve 4,,0,0,,0,0,Y,0,0,0,0,Odisha
,Butterfly Valve 5,,0,0,,0,0,Y,0,0,0,0,Odisha
,Butterfly Valve 6,,0,0,,0,0,Y,0,0,0,0,Odisha
,Ball Valve 1/2(Brass),,0,0,,0,0,Y,0,0,0,0,Odisha
,PP Ball Valve(Flange End) 1,,0,0,,0,0,Y,0,0,0,0,Odisha
,P. P. Ball Valve 1 Threaded (32mm) M/F,,162,0,,0,0,Y,0,0,0,0,Odisha
,PP Ball Valve 1.25 Threaded(40mm),,0,0,,0,0,Y,0,0,0,0,Odisha
,PP Ball Valve 1.5 Threaded(50mm),,0,0,,0,0,Y,0,0,0,0,Odisha
,P.P. Ball Valve 2 Threaded (63mm),,0,0,,0,0,Y,0,0,0,0,Odisha
,Emmitting Pipe CL-II(16mm 4LPH 50cm)Round E-5,,10.97,0,,0,0,Y,0,0,0,0,Rajasthan
,Soc 63mm E5 HDPE Spk MLC,,0,0,,0,0,Y,0,0,0,0,Tamil Nadu
,P.P. Ball Valve 2.5 Threaded (75mm),,0,0,,0,0,Y,0,0,0,0,Odisha
,P.P. Ball Valve 3 Threaded(90mm),,0,0,,0,0,Y,0,0,0,0,Odisha
,PP Ball Valve 50mm 1-1/2Solid(Plain),,0,0,,0,0,Y,0,0,0,0,Odisha
,PP  Ball  Valve 50mm 1-1/2Solid(Threded),,0,0,,0,0,Y,0,0,0,0,Odisha
,PP Ball Valve 63mm(2)Solid(Plain),,0,0,,0,0,Y,0,0,0,0,Odisha
,PP Ball Valve 63mm(2) Solid Threaded,,560,0,,0,0,Y,0,0,0,0,Odisha
,PP Ball Valve/control Valve 20/25mm Singal Union,,135,0,,0,0,Y,0,0,0,0,Odisha
,PP Ball Valve with Flanged End 3,,0,0,,0,0,Y,0,0,0,0,Odisha
,PP Ball Valve with Flanged Ends 2,,0,0,,0,0,Y,0,0,0,0,Odisha
,PP Ball Valve with Flange End 2.5,,0,0,,0,0,Y,0,0,0,0,Odisha
,Soc 63MM E-5 HDPE Spk PCN,,0,0,,0,0,Y,0,0,0,0,Tamil Nadu
,P.P. Ball Valve with Flange End 4,,0,0,,0,0,Y,0,0,0,0,Odisha
,PVC Ball Valve 2(Plain End),,0,0,,0,0,Y,0,0,0,0,Odisha
,P.V.C. Ball Valve 2(Threaded End),,0,0,,0,0,Y,0,0,0,0,Odisha
,PVC Ball Valve 20mm(Compression/female Tthreaded),,0,0,,0,0,Y,0,0,0,0,Odisha
,PVC Ball Valve 2.5(Threded End),,0,0,,0,0,Y,0,0,0,0,Odisha
,Pvc Ball Valve 3(90mm)(Threaded End),,0,0,,0,0,Y,0,0,0,0,Odisha
,PVC Ball Valve 4(110mm) (Threaded End),,0,0,,0,0,Y,0,0,0,0,Odisha
,Pvc Ball Valve 40 mm,,0,0,,0,0,Y,0,0,0,0,Odisha
,PVC Ball Valve 2.5(Plain End),,0,0,,0,0,Y,0,0,0,0,Odisha
,32mm HDPE Bend,,0,0,,0,0,Y,0,0,0,0,Odisha
,Soc 63MM E-5 HDPE Spk Tee,,0,0,,0,0,Y,0,0,0,0,Tamil Nadu
,160mm Pvc Bend,,0,0,,0,0,Y,0,0,0,0,Odisha
,250mm Pvc Bend,,0,0,,0,0,Y,0,0,0,0,Odisha
,PVC Bush 63x50mm,,0,0,,0,0,Y,0,0,0,0,Odisha
,PVC Bush 75x63mm 10kg,,0,0,,0,0,Y,0,0,0,0,Odisha
,PVC Bush 90x63mm 10kg,,0,0,,0,0,Y,0,0,0,0,Odisha
,PVC Reducer Bush 63x50mm 6kg,,0,0,,0,0,Y,0,0,0,0,Odisha
,Clamp SS(4),,0,0,,0,0,Y,0,0,0,0,Odisha
,Hose Clamp 4,,0,0,,0,0,Y,0,0,0,0,Odisha
,Clamp  for Hydrocyclone Filter,,0,0,,0,0,Y,0,0,0,0,Odisha
,Core-Cap,,0,0,,0,0,Y,0,0,0,0,Odisha
,Soc 63mm Epc Spk Latch (P/c),,0,0,,0,0,Y,0,0,0,0,Tamil Nadu
,PVC Connecting Tube 20cm(Stab-Barb-Conn-Bayoynet),,0,0,,0,0,Y,0,0,0,0,Odisha
,Coupler/joiner 25MM,,32.3,0,,0,0,Y,0,0,0,0,Odisha
,Coupler/Joiner 32mm,,34.53,0,,0,0,Y,0,0,0,0,Odisha
,Coupler/joiner 50mm,,0,0,,0,0,Y,0,0,0,0,Odisha
,Coupler/Joiner 63mm,,0,0,,0,0,Y,0,0,0,0,Odisha
,Coupler/joiner 75mm,,0,0,,0,0,Y,0,0,0,0,Odisha
,Coupler/joiner 110MM,,0,0,,0,0,Y,0,0,0,0,Odisha
,D-Coiler,,0,0,,0,0,Y,0,0,0,0,Odisha
,Drill/Inject Punch 10mm,,0,0,,0,0,Y,0,0,0,0,Odisha
,Drill/inject Punch 12mm(Metal),,0,0,,0,0,Y,0,0,0,0,Odisha
,SOC 63mm HDPE Spk End Cap,,80,0,,0,0,Y,0,0,0,0,Tamil Nadu
,Drill/inject Punch 16mm(Metal),,180,0,,0,0,Y,0,0,0,0,Odisha
,Drill/inject Punch 18mm(Metal),,0,0,,0,0,Y,0,0,0,0,Odisha
,Drill/inject Punch 25mm(Metal),,0,0,,0,0,Y,0,0,0,0,Odisha
,Drill/Inject Punch 3mm(Metal),,2.32,0,,0,0,Y,0,0,0,0,Odisha
,Drill/Inject Punch 8mm(Metal),,1145,0,,0,0,Y,0,0,0,0,Odisha
,Drill/Inject Punch 4mm(Metal),,0,0,,0,0,Y,0,0,0,0,Odisha
,Drill/inject Lateral Punch 3mm(PVC),,200,0,,0,0,Y,0,0,0,0,Odisha
,Drill/inject Lateral Punch 4mm(PVC),,0,0,,0,0,Y,0,0,0,0,Odisha
,Flat Dripper  2LPH,,0,0,,0,0,Y,0,0,0,0,Odisha
,Flat Dripper  4LPH,,0,0,,0,0,Y,0,0,0,0,Odisha
,SOC 63mm HDPE Spk T.P.,,0,0,,0,0,Y,0,0,0,0,Tamil Nadu
,Flat Dripper 1.6LPH,,0,0,,0,0,Y,0,0,0,0,Odisha
,Drip Sample Kit,,0,0,,0,0,Y,0,0,0,0,Odisha
,On Line Dripper(14-LPH),,3.95,0,,0,0,Y,0,0,0,0,Odisha
,12MM In Line Dripper (2-LPH)Round,,0,0,,0,0,Y,0,0,0,0,Odisha
,12MM In Line Dripper (4-LPH)Round,,0,0,,0,0,Y,0,0,0,0,Odisha
,16MM In Line Dripper(2-LPH)Round,,0,0,,0,0,Y,0,0,0,0,Odisha
,16mm In Line Dripper (4-LPH)Round,,0,0,,0,0,Y,0,0,0,0,Odisha
,20MM INLINE DRIPPER(2LPH)ROUND,,0,0,,0,0,Y,0,0,0,0,Odisha
,20MM INLINE DRIPPER(4-LPH)ROUND,,0,0,,0,0,Y,0,0,0,0,Odisha
,16mm Inline Dripper(2.1LPH PCND)Round,,0,0,,0,0,Y,0,0,0,0,Odisha
,SOC 63MM N HDPE Spk Adopter,,0,0,,0,0,Y,0,0,0,0,Tamil Nadu
,End Cap 32mm PVC,,0,0,,0,0,Y,0,0,0,0,Odisha
,End Cap 40mm PVC,,0,0,,0,0,Y,0,0,0,0,Odisha
,End Cap 50mm(PVC),,17.17,0,,0,0,Y,0,0,0,0,Odisha
,End Cap 63mm(PVC),,21.05,0,,0,0,Y,0,0,0,0,Odisha
,END CAP 75MM(PVC),,29.57,0,,0,0,Y,0,0,0,0,Odisha
,End Cap 90mm(PVC),,37.47,0,,0,0,Y,0,0,0,0,Odisha
,End Cap 140mm PVC,,0,0,,0,0,Y,0,0,0,0,Odisha
,End Cap 160mm PVC,,0,0,,0,0,Y,0,0,0,0,Odisha
,End Cap 40mm(CF),,0,0,,0,0,Y,0,0,0,0,Odisha
,End Cap 75mm(CF),,0,0,,0,0,Y,0,0,0,0,Odisha
,SOC 63MM N HDPE Spk Bend,,210,0,,0,0,Y,0,0,0,0,Tamil Nadu
,End Cap 90mm(PP-CF),,0,0,,0,0,Y,0,0,0,0,Odisha
,End Cap 110mm(CF),,0,0,,0,0,Y,0,0,0,0,Odisha
,End Cap 50MM(PP),,0,0,,0,0,Y,0,0,0,0,Odisha
,End Cap 63MM(PP),,0,0,,0,0,Y,0,0,0,0,Odisha
,Elbow 20mm(Double Compression),,4.43,0,,0,0,Y,0,0,0,0,Odisha
,Elbow(CF-PP)20MM,,0,0,,0,0,Y,0,0,0,0,Odisha
,Elbow 50mm(PP-CF),,0,0,,0,0,Y,0,0,0,0,Odisha
,Elbow 63mm(PP-CF),,0,0,,0,0,Y,0,0,0,0,Odisha
,Elbow 75mm(PP-CF),,0,0,,0,0,Y,0,0,0,0,Odisha
,Elbow 90mm(PP-CF),,0,0,,0,0,Y,0,0,0,0,Odisha
,SOC 63mm N HDPE Spk MLC,,0,0,,0,0,Y,0,0,0,0,Tamil Nadu
,Flanged Elbow 2,,0,0,,0,0,Y,0,0,0,0,Odisha
,Flanged Elbow 2.5,,0,0,,0,0,Y,0,0,0,0,Odisha
,Flanged Elbow 3,,0,0,,0,0,Y,0,0,0,0,Odisha
,Elbow GI 20MM,,0,0,,0,0,Y,0,0,0,0,Odisha
,G.I.Elbow 1.5,,0,0,,0,0,Y,0,0,0,0,Odisha
,G.I.Elbow 2,,0,0,,0,0,Y,0,0,0,0,Odisha
,GI Elbow 1(MI)25mm,,0,0,,0,0,Y,0,0,0,0,Odisha
,GI Elbow 2.5(MI),,0,0,,0,0,Y,0,0,0,0,Odisha
,GI Elbow 32mm(MI),,0,0,,0,0,Y,0,0,0,0,Odisha
,Elbow 12mm(PP),,2.47,0,,0,0,Y,0,0,0,0,Odisha
,SOC 63MM N HDPE Spk PCN,,250,0,,0,0,Y,0,0,0,0,Tamil Nadu
,Elbow 16mm(PP),,2.69,0,,0,0,Y,0,0,0,0,Odisha
,Elbow 110mm(PP),,0,0,,0,0,Y,0,0,0,0,Odisha
,Elbow 32MM PVC,,0,0,,0,0,Y,0,0,0,0,Odisha
,Elbow 40mm  PVC,,0,0,,0,0,Y,0,0,0,0,Odisha
,ELBOW 50MM PVC,,26.61,0,,0,0,Y,0,0,0,0,Odisha
,Elbow 63mm  PVC,,50.81,0,,0,0,Y,0,0,0,0,Odisha
,Elbow 75mm PVC,,60.89,0,,0,0,Y,0,0,0,0,Odisha
,Elbow 90mm PVC,,89.11,0,,0,0,Y,0,0,0,0,Odisha
,Elbow 110mm PVC,,158.9,0,,0,0,Y,0,0,0,0,Odisha
,Elbow 140mm(PVC),,0,0,,0,0,Y,0,0,0,0,Odisha
,Emmitting Pipe CL-II(16mm 4LPH 60cm)Flat,,11.29,0,,0,0,Y,0,0,0,0,Rajasthan
,Emmitting Pipe CL-II(12mm 4LPH 60cm)Round,,7.73,0,,0,0,Y,0,0,0,0,Tamil Nadu
,Elbow 160mm PVC,,0,0,,0,0,Y,0,0,0,0,Odisha
,Elbow 25mm x 1 Threaded,,30.07,0,,0,0,Y,0,0,0,0,Odisha
,Elbow 32mmx1 Threaded,,36.76,0,,0,0,Y,0,0,0,0,Odisha
,End Cap/End Plug(Line End) 12mm,,2.13,0,,0,0,Y,0,0,0,0,Odisha
,End Cap/End Plug(Line End) 16mm,,2.45,0,,0,0,Y,0,0,0,0,Odisha
,End Cap/End Plug(Line End)20mm,,2.5,0,,0,0,Y,0,0,0,0,Odisha
,End Cap/End Plug(Line End) 25mm,,25.61,0,,0,0,Y,0,0,0,0,Odisha
,End Cap/End Plug(Line End) 32mm,,27.84,0,,0,0,Y,0,0,0,0,Odisha
,End Cap with Ring 2.5 for Screen/Disc Filter,,0,0,,0,0,Y,0,0,0,0,Odisha
,End Cap with Ring 3 for Screen/Disc Filter,,0,0,,0,0,Y,0,0,0,0,Odisha
,SOC 63MM N HDPE Spk Pipe 3Mtr,,0,0,,0,0,Y,0,0,0,0,Tamil Nadu
,End Plate  2-2.5-:3 for Hydrocyc Filter,,0,0,,0,0,Y,0,0,0,0,Odisha
,Extension/Connecting Tube 1.2M Long 12mm,,48,0,,0,0,Y,0,0,0,0,Odisha
,Extension/Connecting Tube 1.5M Long 12mm,,0,0,,0,0,Y,0,0,0,0,Odisha
,Spagheti/Extension Tube 6mm x 4mm,,3.1,0,,0,0,Y,0,0,0,0,Odisha
,Fertilizer Tank with Assembly 30-Litres,,4402,0,,0,0,Y,0,0,0,0,Odisha
,Fertilizer Tank with Assembly 90-Litres,,6887,0,,0,0,Y,0,0,0,0,Odisha
,PP Flange Threaded 2,,0,0,,0,0,Y,0,0,0,0,Odisha
,PP Flange Threaded (2.5),,0,0,,0,0,Y,0,0,0,0,Odisha
,PP Flange Threaded (3),,0,0,,0,0,Y,0,0,0,0,Odisha
,P.P. Tail Pices Flange 2,,80,0,,0,0,Y,0,0,0,0,Odisha
,SOC 63MM N HDPE Spk Pipe 6Mtr,,466,0,,0,0,Y,0,0,0,0,Tamil Nadu
,P.P. Tail Pices Flange 2.5,,90,0,,0,0,Y,0,0,0,0,Odisha
,P.P. Tail Pices Flange 3,,103,0,,0,0,Y,0,0,0,0,Odisha
,32mm HDPE Flange,,0,0,,0,0,Y,0,0,0,0,Odisha
,63MM PVC Flange,,0,0,,0,0,Y,0,0,0,0,Odisha
,Flush Valve(75x90) 90mm,,109,0,,0,0,Y,0,0,0,0,Odisha
,4 Way Fogger,,0,0,,0,0,Y,0,0,0,0,Odisha
,FTA 20mm,,0,0,,0,0,Y,0,0,0,0,Odisha
,FTA 32mm,,0,0,,0,0,Y,0,0,0,0,Odisha
,FTA 32MM PVC,,0,0,,0,0,Y,0,0,0,0,Odisha
,FTA 40mm,,0,0,,0,0,Y,0,0,0,0,Odisha
,SOC 63MM N HDPE Spk Tee,,0,0,,0,0,Y,0,0,0,0,Tamil Nadu
,FTA 50MM,,0,0,,0,0,Y,0,0,0,0,Odisha
,FTA 63mm(63X50-2),,0,0,,0,0,Y,0,0,0,0,Odisha
,FTA 75mm,,0,0,,0,0,Y,0,0,0,0,Odisha
,FTA 90MM,,0,0,,0,0,Y,0,0,0,0,Odisha
,Gun Metal Throttle Valve 1(25mm),,1191,0,,0,0,Y,0,0,0,0,Odisha
,Gun Metal Throttle Valve 1.5,,2982,0,,0,0,Y,0,0,0,0,Odisha
,Gun Metal Throttle Valve 2,,4246,0,,0,0,Y,0,0,0,0,Odisha
,Gun Metal Throttle Valve 2.5(65mm),,11613,0,,0,0,Y,0,0,0,0,Odisha
,Gun Metal Throttle Valve 3,,15016,0,,0,0,Y,0,0,0,0,Odisha
,Gun Metal Throttle Valve 3/4,,839,0,,0,0,Y,0,0,0,0,Odisha
,SOC 63mm N Spk Connector,,0,0,,0,0,Y,0,0,0,0,Tamil Nadu
,Gun Metal Throttle Valve 1/2,,518,0,,0,0,Y,0,0,0,0,Odisha
,Hydro-Cycloner Filter 10m3/hr x 1.5(M.S),,0,0,,0,0,Y,0,0,0,0,Odisha
,Hydro-Cyclone Filter 25m3/hrx2(M.S.),,7269,0,,0,0,Y,0,0,0,0,Odisha
,Hydro Cyclone Filter 40m3/hr 3(M.S.),,9273,0,,0,0,Y,0,0,0,0,Odisha
,Hydro-Cyclone Filter 50m3/hrx3(M.S.),,9273,0,,0,0,Y,0,0,0,0,Odisha
,Hydro-Cyclone Filter 60m3/hrx3(M.S.),,0,0,,0,0,Y,0,0,0,0,Odisha
,Hydro-Cyclone Filter 25m3/hr x 2(PP),,6254,0,,0,0,Y,0,0,0,0,Odisha
,Hydro-Cyclone Filter 30m3/hr x 2.5(PP),,6786,0,,0,0,Y,0,0,0,0,Odisha
,Hydro-Cyclone Filter 50m3/hr x 3(PP),,8278,0,,0,0,Y,0,0,0,0,Odisha
,Hydro-Cyclone Filter 40m3/hr x 2.5(PP),,0,0,,0,0,Y,0,0,0,0,Odisha
,SOC 63mm N Spk Foot Batten,,320,0,,0,0,Y,0,0,0,0,Tamil Nadu
,Hydro-Cyclone Filter 40m3/hrx3(PP),,0,0,,0,0,Y,0,0,0,0,Odisha
,Header Assambly 5(Type-I),,0,0,,0,0,Y,0,0,0,0,Odisha
,Header Assambly 5(Type-II),,0,0,,0,0,Y,0,0,0,0,Odisha
,Header Assambly 5(Type-III),,0,0,,0,0,Y,0,0,0,0,Odisha
,Header Assembly 2(M.S.),,3259,0,,0,0,Y,0,0,0,0,Odisha
,Header Assembly 2.5(M.S.),,4104,0,,0,0,Y,0,0,0,0,Odisha
,Header Assembly 3(M.S.),,4754,0,,0,0,Y,0,0,0,0,Odisha
,Header Assembly 4(M.S.),,7243,0,,0,0,Y,0,0,0,0,Odisha
,Header Assembly 2Combo(PP),,0,0,,0,0,Y,0,0,0,0,Odisha
,Header Assembly 2(PP),,0,0,,0,0,Y,0,0,0,0,Odisha
,SOC 63mm N Spk Latch,,0,0,,0,0,Y,0,0,0,0,Tamil Nadu
,Header Assembly 2.5(PP),,0,0,,0,0,Y,0,0,0,0,Odisha
,HEADER ASSEMBLY 2.5X2COMBO PP,,3494,0,,0,0,Y,0,0,0,0,Odisha
,Header Assembly 2x1.5(Combo Pack),,2855,0,,0,0,Y,0,0,0,0,Odisha
,Header Assembly 3x2Combo-PP,,5199,0,,0,0,Y,0,0,0,0,Odisha
,Header Assembly 3(PP),,4754,0,,0,0,Y,0,0,0,0,Odisha
,Header Assembly 4(PP),,7243,0,,0,0,Y,0,0,0,0,Odisha
,Installation Stake Trishul Type,,93,0,,0,0,Y,0,0,0,0,Odisha
,Installation Stake 1.2Mtr Long(8mm),,0,0,,0,0,Y,0,0,0,0,Odisha
,Installation Stake Trishul Type 1.5mtr,,0,0,,0,0,Y,0,0,0,0,Odisha
,Micro Spk Stake(C/O Type),,0,0,,0,0,Y,0,0,0,0,Odisha
,SOC 63mm N Spk Rubber Ring,,0,0,,0,0,Y,0,0,0,0,Tamil Nadu
,Joiner 12mm,,2.24,0,,0,0,Y,0,0,0,0,Odisha
,Joiner 12X16mm,,0,0,,0,0,Y,0,0,0,0,Odisha
,Joiner 16mm,,2.67,0,,0,0,Y,0,0,0,0,Odisha
,Joiner 16x20mm,,0,0,,0,0,Y,0,0,0,0,Odisha
,Joiner 20mm,,4.5,0,,0,0,Y,0,0,0,0,Odisha
,Lateral Cock 12mm(Heavy),,0,0,,0,0,Y,0,0,0,0,Odisha
,Lateral Cock 16mm,,4.18,0,,0,0,Y,0,0,0,0,Odisha
,Lateral Cock 16mm(Heavy),,0,0,,0,0,Y,0,0,0,0,Odisha
,Lateral Cock 12mm,,4.18,0,,0,0,Y,0,0,0,0,Odisha
,Ring for Compression Connector(Lock Ring),,0,0,,0,0,Y,0,0,0,0,Odisha
,Soc 63mm N-1 HDPE Spk Adopter,,0,0,,0,0,Y,0,0,0,0,Tamil Nadu
,Menifold for Ventury '2',,0,0,,0,0,Y,0,0,0,0,Odisha
,Micro Spk Tube(C/O-Type),,0,0,,0,0,Y,0,0,0,0,Odisha
,Micro Tube 1.8mm,,0,0,,0,0,Y,0,0,0,0,Odisha
,Micro Spk. Set(Assembly Without Stand)Nozzle,,0,0,,0,0,Y,0,0,0,0,Odisha
,M-Seal(Safeda-MI),,0,0,,0,0,Y,0,0,0,0,Odisha
,MTA PP(CF) 25MM,,0,0,,0,0,Y,0,0,0,0,Odisha
,MTA 50mm(PP-CF),,0,0,,0,0,Y,0,0,0,0,Odisha
,MTA 63MM(CF),,0,0,,0,0,Y,0,0,0,0,Odisha
,MTA 63x50mm(CF),,0,0,,0,0,Y,0,0,0,0,Odisha
,MTA 75MM(CF),,0,0,,0,0,Y,0,0,0,0,Odisha
,Soc 63mm N-1 HDPE Spk Bend,,0,0,,0,0,Y,0,0,0,0,Tamil Nadu
,MTA 90MM(CF),,0,0,,0,0,Y,0,0,0,0,Odisha
,MTA 110mm(CF),,0,0,,0,0,Y,0,0,0,0,Odisha
,MTA 90x75mm(CF),,0,0,,0,0,Y,0,0,0,0,Odisha
,MTA(Compression Fittings)20mm X 3/4,,0,0,,0,0,Y,0,0,0,0,Odisha
,MTA(Compression Fittings) 32mm x 1,,0,0,,0,0,Y,0,0,0,0,Odisha
,MTA 40mm(CF),,0,0,,0,0,Y,0,0,0,0,Odisha
,MTA 75x63mm(CF),,0,0,,0,0,Y,0,0,0,0,Odisha
,MTA 25MM PVC,,0,0,,0,0,Y,0,0,0,0,Odisha
,MTA 32MM PVC,,0,0,,0,0,Y,0,0,0,0,Odisha
,MTA 50MM(50X40=1.5) PVC,,23.21,0,,0,0,Y,0,0,0,0,Odisha
,Emmitting Pipe CL-II(16mm 4LPH 60cm)Round,,10.65,0,,0,0,Y,0,0,0,0,Rajasthan
,SOC 63mm N-1 HDPE SPK MLC,,0,0,,0,0,Y,0,0,0,0,Tamil Nadu
,MTA 63mm(63X50-2)PVC,,30.49,0,,0,0,Y,0,0,0,0,Odisha
,MTA 75MM PVC,,45.69,0,,0,0,Y,0,0,0,0,Odisha
,MTA 90MM PVC,,74.54,0,,0,0,Y,0,0,0,0,Odisha
,Mini Spk. Nozzle(Double) Full Circle,,122,0,,0,0,Y,0,0,0,0,Odisha
,Mini Spk Nozzle-Half Circle '1/2',,233,0,,0,0,Y,0,0,0,0,Odisha
,Start Connector Nipple 12mm,,2.13,0,,0,0,Y,0,0,0,0,Odisha
,Start Connector Nipple 16MM,,2.24,0,,0,0,Y,0,0,0,0,Odisha
,Start Connector Nipple 20mm,,2.24,0,,0,0,Y,0,0,0,0,Odisha
,GI Nipple 1/2*3,,0,0,,0,0,Y,0,0,0,0,Odisha
,G.I. Nipple 1.5x4,,0,0,,0,0,Y,0,0,0,0,Odisha
,Emmitting Pipe CL-II(16mm 2LPH 30cm)Flat,,0,0,,0,0,Y,0,0,0,0,Tamil Nadu
,GI Nipple 1.5x6(MI),,0,0,,0,0,Y,0,0,0,0,Odisha
,GI Nipple 2x6(MI),,0,0,,0,0,Y,0,0,0,0,Odisha
,GI Nipple 1x18(MI),,0,0,,0,0,Y,0,0,0,0,Odisha
,GI Nipple 1x9(MI),,0,0,,0,0,Y,0,0,0,0,Odisha
,G .I. Nipple 2x4,,0,0,,0,0,Y,0,0,0,0,Odisha
,GI Nipple 2.5x4(MI),,0,0,,0,0,Y,0,0,0,0,Odisha
,GI Nipple 32m(1-1/4)X6,,0,0,,0,0,Y,0,0,0,0,Odisha
,GI Nipples 2.5x9(MI),,0,0,,0,0,Y,0,0,0,0,Odisha
,GI Nipple 1/2x6,,0,0,,0,0,Y,0,0,0,0,Odisha
,50mm GI Nipple,,0,0,,0,0,Y,0,0,0,0,Odisha
,Soc 63mm N-1 HDPE Spk PCN,,0,0,,0,0,Y,0,0,0,0,Tamil Nadu
,Hex Nipple 1''(MI),,0,0,,0,0,Y,0,0,0,0,Odisha
,Hex Nipple 3/4(25mm),,0,0,,0,0,Y,0,0,0,0,Odisha
,Non Return Valve 2.5(PP),,1724,0,,0,0,Y,0,0,0,0,Odisha
,Non Return Valve 3(80mm),,1670,0,,0,0,Y,0,0,0,0,Odisha
,Non Return Valve 4,,2223,0,,0,0,Y,0,0,0,0,Odisha
,Non Return Valve(NRV) 6,,0,0,,0,0,Y,0,0,0,0,Odisha
,Nut-Bolt-Washer-Gasket for Header Assl. 2,,0,0,,0,0,Y,0,0,0,0,Odisha
,S S Nut Bolts(MI),,0,0,,0,0,Y,0,0,0,0,Odisha
,Disc Filter 40m3/hrx3(PP),,6051,0,,0,0,Y,0,0,0,0,Odisha
,Disc Filter 50m3/hr X3(Metal),,0,0,,0,0,Y,0,0,0,0,Odisha
,SOC 63MM N-1 HDPE Spk Pipe 3mtr,,0,0,,0,0,Y,0,0,0,0,Tamil Nadu
,32mm HDPE Pipe End,,0,0,,0,0,Y,0,0,0,0,Odisha
,Pressure Gauge Glycerine 2,,458,0,,0,0,Y,0,0,0,0,Odisha
,Pressure Gauge Glycerine 2.5,,0,0,,0,0,Y,0,0,0,0,Odisha
,Plug(9/12mm)M-22-End Plug,,0,0,,0,0,Y,0,0,0,0,Odisha
,Dripper Plug 2.5mm,,0,0,,0,0,Y,0,0,0,0,Odisha
,Pressure Release Valve 2X1.5,,2074,0,,0,0,Y,0,0,0,0,Odisha
,PP Reducing Bush 2x1.5,,0,0,,0,0,Y,0,0,0,0,Odisha
,PVC Reducer Bush 110x63mm,,0,0,,0,0,Y,0,0,0,0,Odisha
,Reducer 16x12mm Comp.Connector(Both Side),,2.24,0,,0,0,Y,0,0,0,0,Odisha
,Reducer 16X17MM Comp. Connector(Both Side),,0,0,,0,0,Y,0,0,0,0,Odisha
,SOC 63MM N-1 HDPE Spk Pipe 6mtr,,0,0,,0,0,Y,0,0,0,0,Tamil Nadu
,Reducer Elbow 75x63mm PVC,,0,0,,0,0,Y,0,0,0,0,Odisha
,Reducing Flanged Threaded 2.5x2,,0,0,,0,0,Y,0,0,0,0,Odisha
,Reducing Flanged Threaded 3x2.5,,0,0,,0,0,Y,0,0,0,0,Odisha
,G.I.Reducer 1x1/2,,0,0,,0,0,Y,0,0,0,0,Odisha
,G.I.Reducer 1.25x2,,0,0,,0,0,Y,0,0,0,0,Odisha
,G.I.Reducer 1.5x2,,0,0,,0,0,Y,0,0,0,0,Odisha
,GI Reducer 2.5x2(MI),,0,0,,0,0,Y,0,0,0,0,Odisha
,GI Reducer 3x2-1/2(MI),,0,0,,0,0,Y,0,0,0,0,Odisha
,Reducer 25x20mm(PP),,0,0,,0,0,Y,0,0,0,0,Odisha
,Reducer 63x50mm(PP),,0,0,,0,0,Y,0,0,0,0,Odisha
,Soc 63mm N-1 HDPE Spk TEE,,0,0,,0,0,Y,0,0,0,0,Tamil Nadu
,Reducer 63x40mm PVC,,0,0,,0,0,Y,0,0,0,0,Odisha
,PVC Reducer Coupler 75x63mm,,0,0,,0,0,Y,0,0,0,0,Odisha
,Reducer 40x32mm PVC,,0,0,,0,0,Y,0,0,0,0,Odisha
,Reducer 63x50mm PVC,,41.51,0,,0,0,Y,0,0,0,0,Odisha
,Reducer 75x50mm PVC,,33.54,0,,0,0,Y,0,0,0,0,Odisha
,Reducer 75x63mm PVC,,45.22,0,,0,0,Y,0,0,0,0,Odisha
,Reducer 90x63 mm Pvc,,57.02,0,,0,0,Y,0,0,0,0,Odisha
,Reducer 90x75mm PVC,,58.54,0,,0,0,Y,0,0,0,0,Odisha
,Reducer 110x90mm PVC,,92.59,0,,0,0,Y,0,0,0,0,Odisha
,Reducer 160x140mm PVC,,0,0,,0,0,Y,0,0,0,0,Odisha
,Soc 63mm N-1 Spk Foot Batten,,0,0,,0,0,Y,0,0,0,0,Tamil Nadu
,Reducer 200x160mm PVC,,0,0,,0,0,Y,0,0,0,0,Odisha
,Reducer Tee 110x90 PVC,,204.19,0,,0,0,Y,0,0,0,0,Odisha
,Stand Ring 2 for Hydrocyclone Filter,,0,0,,0,0,Y,0,0,0,0,Odisha
,Stand Ring 3 for Hydrocyclone Filter,,0,0,,0,0,Y,0,0,0,0,Odisha
,Reducer Tee 160x110 PVC,,0,0,,0,0,Y,0,0,0,0,Odisha
,Reducer Tee 160X90MM (PVC),,0,0,,0,0,Y,0,0,0,0,Odisha
,Reducer Tee 63x32mm PVC,,0,0,,0,0,Y,0,0,0,0,Odisha
,Reducer Tee 75x63mm PVC,,0,0,,0,0,Y,0,0,0,0,Odisha
,Reducer Tee 90x63mm 6kg,,0,0,,0,0,Y,0,0,0,0,Odisha
,Reducer Tee 90x63mm PVC,,0,0,,0,0,Y,0,0,0,0,Odisha
,Soc 63mm N-1 Spk Latch,,0,0,,0,0,Y,0,0,0,0,Tamil Nadu
,Reducer Tee 90x75mm PVC,,0,0,,0,0,Y,0,0,0,0,Odisha
,GI Reducing Tee 2.5x2(MI),,0,0,,0,0,Y,0,0,0,0,Odisha
,Grommet 12mm,,0,0,,0,0,Y,0,0,0,0,Odisha
,Grommet 16mm,,3.2,0,,0,0,Y,0,0,0,0,Odisha
,Sand for Sand Filter(KG),,0,0,,0,0,Y,0,0,0,0,Odisha
,Screen225m3,,0,0,,0,0,Y,0,0,0,0,Odisha
,Screen Element 2(Cartridge),,0,0,,0,0,Y,0,0,0,0,Odisha
,Screen Element 2.5(Cartridge),,0,0,,0,0,Y,0,0,0,0,Odisha
,Screen Elements 3(Cartridge),,0,0,,0,0,Y,0,0,0,0,Odisha
,Screen Filter 1 4*6/8m3/hr x 1(Y),,0,0,,0,0,Y,0,0,0,0,Odisha
,Soc 63mm N3 HDPE Spk Adopter,,0,0,,0,0,Y,0,0,0,0,Tamil Nadu
,Screen Filter 15mm3/hr x 1.5(Plastic),,1272,0,,0,0,Y,0,0,0,0,Odisha
,Screen Filter 15mm3/hr x 2(Plastic),,0,0,,0,0,Y,0,0,0,0,Odisha
,Screen Filter 20m3/hr X2(Metal),,3059,0,,0,0,Y,0,0,0,0,Odisha
,Screen Filter 25m3/hr x 2(Plastic),,2650,0,,0,0,Y,0,0,0,0,Odisha
,Screen Filter 25m3/hr X2.5(Metal),,3383,0,,0,0,Y,0,0,0,0,Odisha
,Screen Filter 30m3/hr X2.5(Metal),,3816,0,,0,0,Y,0,0,0,0,Odisha
,Screen Filter 3/4120mesh 6*4 M3,,0,0,,0,0,Y,0,0,0,0,Odisha
,Screen Filter 40m3/hrx2.5(Plastic),,2942,0,,0,0,Y,0,0,0,0,Odisha
,Screen Filter 40m3/hr X3(Metal),,3924,0,,0,0,Y,0,0,0,0,Odisha
,Screen Filter 40m3/hr X3(Semi Automatic),,0,0,,0,0,Y,0,0,0,0,Odisha
,Soc 63mm N3 HDPE Spk Bend,,0,0,,0,0,Y,0,0,0,0,Tamil Nadu
,Screen Filter 50m3/hr X3(Double Body),,0,0,,0,0,Y,0,0,0,0,Odisha
,Screen Filter 50m3/hr X3(Metal),,4140,0,,0,0,Y,0,0,0,0,Odisha
,Screen Filter 10m3/hr x 2 (Metal),,0,0,,0,0,Y,0,0,0,0,Odisha
,Screen Filter 10m3/hr X 2.5''(Metal),,0,0,,0,0,Y,0,0,0,0,Odisha
,Screen Filter 20m3/hr X2.5(Metal),,0,0,,0,0,Y,0,0,0,0,Odisha
,Screen Filter 25m3/hr X2(Semi Automatic),,0,0,,0,0,Y,0,0,0,0,Odisha
,Screen Filter 50m3/hr x 2(Plastic),,0,0,,0,0,Y,0,0,0,0,Odisha
,Stap Saddle 200mmX1.1/2,,0,0,,0,0,Y,0,0,0,0,Odisha
,Stap Saddle 200mmX1.1/4,,0,0,,0,0,Y,0,0,0,0,Odisha
,Stap Saddle 200mmX1/2,,0,0,,0,0,Y,0,0,0,0,Odisha
,Emmitting Pipe CL-II(16mm 4LPH 60cm)Round E-5,,10.65,0,,0,0,Y,0,0,0,0,Rajasthan
,Soc 63mm N3 HDPE Spk MLC,,0,0,,0,0,Y,0,0,0,0,Tamil Nadu
,G.I.Socket 1,,0,0,,0,0,Y,0,0,0,0,Odisha
,Gi Socket 1.25,,0,0,,0,0,Y,0,0,0,0,Odisha
,G.I.Socket 1.5,,0,0,,0,0,Y,0,0,0,0,Odisha
,G.I.Socket 2,,0,0,,0,0,Y,0,0,0,0,Odisha
,G.I.Socket 1.5x2,,0,0,,0,0,Y,0,0,0,0,Odisha
,PP Socket 1.5(50mm)MI,,0,0,,0,0,Y,0,0,0,0,Odisha
,PP Socket 2(63mm)MI,,0,0,,0,0,Y,0,0,0,0,Odisha
,PP Socket 2.5(75mm)MI,,0,0,,0,0,Y,0,0,0,0,Odisha
,PP Socket 3(90mm)MI,,0,0,,0,0,Y,0,0,0,0,Odisha
,Socket 63mm PVC,,0,0,,0,0,Y,0,0,0,0,Odisha
,Soc 63mm N3 HDPE Spk Pipe 3Mtr,,0,0,,0,0,Y,0,0,0,0,Tamil Nadu
,Socket 75mm PVC,,0,0,,0,0,Y,0,0,0,0,Odisha
,Socket 90mm PVC,,0,0,,0,0,Y,0,0,0,0,Odisha
,200mm Pvc Socket,,0,0,,0,0,Y,0,0,0,0,Odisha
,Sluice Valve 2.5,,0,0,,0,0,Y,0,0,0,0,Odisha
,Sand Filter 50m3/hr x 3,,32176,0,,0,0,Y,0,0,0,0,Odisha
,Sand Filter 40m3/hr x 3,,32176,0,,0,0,Y,0,0,0,0,Odisha
,Solvent Cement(Ltr),,0,0,,0,0,Y,0,0,0,0,Odisha
,Service Saddle 40mm(MI),,0,0,,0,0,Y,0,0,0,0,Odisha
,Service Saddle 40mmX3/4(PP),,0,0,,0,0,Y,0,0,0,0,Odisha
,Service Saddle 50mm(MI),,0,0,,0,0,Y,0,0,0,0,Odisha
,Emmitting Pipe CL-II(16mm 2LPH 30cm)Round,,10.38,0,,0,0,Y,0,0,0,0,Tamil Nadu
,Service Saddle 50mmX1/2(P),,0,0,,0,0,Y,0,0,0,0,Odisha
,Service Saddle 50mmX3/4(PP),,0,0,,0,0,Y,0,0,0,0,Odisha
,Service Saddle 63mm 1(MI),,93.54,0,,0,0,Y,0,0,0,0,Odisha
,Service Saddle 63mm 3/4(MI),,0,0,,0,0,Y,0,0,0,0,Odisha
,Service Saddle 75mm(MI),,0,0,,0,0,Y,0,0,0,0,Odisha
,Service Saddle 75mmX1(PP),,128.93,0,,0,0,Y,0,0,0,0,Odisha
,Service Saddle 75mmX1.25(M.S),,0,0,,0,0,Y,0,0,0,0,Odisha
,Service Saddle 75mmX1-1/4(PP),,0,0,,0,0,Y,0,0,0,0,Odisha
,Service Saddle 90mm(MI),,156.46,0,,0,0,Y,0,0,0,0,Odisha
,Service Saddle 90mmX1.25(M.S),,0,0,,0,0,Y,0,0,0,0,Odisha
,Soc 63mm N3 HDPE Spk Pipe 6Mtr,,0,0,,0,0,Y,0,0,0,0,Tamil Nadu
,Service Saddle 90mmX1/2(P),,176.12,0,,0,0,Y,0,0,0,0,Odisha
,Service Saddle 110mm(MI),,0,0,,0,0,Y,0,0,0,0,Odisha
,Service Saddle 63mmX1/2(P),,0,0,,0,0,Y,0,0,0,0,Odisha
,Service Saddle 50mm(PVC),,0,0,,0,0,Y,0,0,0,0,Odisha
,63MM PVC Tail Piece,,0,0,,0,0,Y,0,0,0,0,Odisha
,Tapping Coupler 20mm(EF),,0,0,,0,0,Y,0,0,0,0,Odisha
,Tee(Compression Fitting) 12x12mm,,3.42,0,,0,0,Y,0,0,0,0,Odisha
,Tee (Compression Fitting) 16mx12m/16X16,,3.31,0,,0,0,Y,0,0,0,0,Odisha
,Tee(Compression Fitting)25mmx1x25mm,,36.76,0,,0,0,Y,0,0,0,0,Odisha
,TEE(Compression Fitting)32mm X1 X32mm,,41.21,0,,0,0,Y,0,0,0,0,Odisha
,Soc 63mm N3 HDPE Spk TEE,,0,0,,0,0,Y,0,0,0,0,Tamil Nadu
,Tee 40mm(CF),,0,0,,0,0,Y,0,0,0,0,Odisha
,TEE(Compression Fitting)50MM,,0,0,,0,0,Y,0,0,0,0,Odisha
,TEE(Compression Fitting)63MM,,0,0,,0,0,Y,0,0,0,0,Odisha
,Tee 75mm(CF),,0,0,,0,0,Y,0,0,0,0,Odisha
,Tee 90mm(CF),,0,0,,0,0,Y,0,0,0,0,Odisha
,Tee 110mm(CF),,0,0,,0,0,Y,0,0,0,0,Odisha
,50MM GI TEE,,0,0,,0,0,Y,0,0,0,0,Odisha
,G. I. Tee 90mm(3*2.5),,0,0,,0,0,Y,0,0,0,0,Odisha
,G.I. Tee 110mm(4*2.5),,0,0,,0,0,Y,0,0,0,0,Odisha
,G.I. Tee 110mm(4*3),,0,0,,0,0,Y,0,0,0,0,Odisha
,Soc 63mm N3 Spk Foot Batten,,0,0,,0,0,Y,0,0,0,0,Tamil Nadu
,32mm HDPE Tee,,0,0,,0,0,Y,0,0,0,0,Odisha
,By Pass Threaded Tee with Flange End 2.5(PP),,0,0,,0,0,Y,0,0,0,0,Odisha
,By Pass Threaded Tee with Flange End 3 (PP),,0,0,,0,0,Y,0,0,0,0,Odisha
,By Pass Threaded Tee Without  Flange End 2 (PP),,0,0,,0,0,Y,0,0,0,0,Odisha
,Tee 3 Side Male Threaded 1(32mm),,0,0,,0,0,Y,0,0,0,0,Odisha
,TEE 32MM PVC,,0,0,,0,0,Y,0,0,0,0,Odisha
,TEE 40MM PVC,,0,0,,0,0,Y,0,0,0,0,Odisha
,TEE 50MM PVC,,39.96,0,,0,0,Y,0,0,0,0,Odisha
,Tee 63mm PVC,,61.03,0,,0,0,Y,0,0,0,0,Odisha
,Tee 75mm  PVC,,84.29,0,,0,0,Y,0,0,0,0,Odisha
,Soc 63mm N3 Spk Latch,,0,0,,0,0,Y,0,0,0,0,Tamil Nadu
,Tee 90mm  PVC,,136.4,0,,0,0,Y,0,0,0,0,Odisha
,Tee 110mm PVC,,201.53,0,,0,0,Y,0,0,0,0,Odisha
,Tee 140mm(PVC),,0,0,,0,0,Y,0,0,0,0,Odisha
,Tee 200mm PVC,,0,0,,0,0,Y,0,0,0,0,Odisha
,Tapping Compression Ferrule 20x/12,,0,0,,0,0,Y,0,0,0,0,Odisha
,Throttle Valves 3 (PP),,2356,0,,0,0,Y,0,0,0,0,Odisha
,Tapping Saddle -90x1/2(EF),,0,0,,0,0,Y,0,0,0,0,Odisha
,Tapping Tee 90x20mm(EF),,0,0,,0,0,Y,0,0,0,0,Odisha
,Mini Spk M/F Connector(9/12mm),,6.6,0,,0,0,Y,0,0,0,0,Odisha
,Spagheti Barbed Connector,,0,0,,0,0,Y,0,0,0,0,Odisha
,Soc 70mm N3 HDPE Spk Pipe 6mtr,,0,0,,0,0,Y,0,0,0,0,Tamil Nadu
,Vaccum Breaker Valve 0.5,,0,0,,0,0,Y,0,0,0,0,Odisha
,Ventury Assembly with Manifold & Rotameter 3/4,,1335,0,,0,0,Y,0,0,0,0,Odisha
,Ventury Ass. with Manifold & Without Rotameter 3/4,,764,0,,0,0,Y,0,0,0,0,Odisha
,Rotameter for Ventury,,0,0,,0,0,Y,0,0,0,0,Odisha
,Washer Plain M-3-4-5,,0,0,,0,0,Y,0,0,0,0,Odisha
,Winder Dripline,,0,0,,0,0,Y,0,0,0,0,Odisha
,By Pass Assembly 2X1.5(M.S.),,1120,0,,0,0,Y,0,0,0,0,Odisha
,By Pass Assembly 2.5x2(M.S.),,1250,0,,0,0,Y,0,0,0,0,Odisha
,By Pass Assembly 3''x2(M.S.),,1420,0,,0,0,Y,0,0,0,0,Odisha
,By Pass Assembly 3''(PP),,0,0,,0,0,Y,0,0,0,0,Odisha
,SOC 75 MM EPC SPK LATCH P/C,,0,0,,0,0,Y,0,0,0,0,Tamil Nadu
,Emmitting Pipe CL-II(12mm 2LPH 40cm)Flat,,8.19,0,,0,0,Y,0,0,0,0,Odisha
,Emmitting Pipe CL-II(16mm 2LPH 40cm)Flat,,12.08,0,,0,0,Y,0,0,0,0,Odisha
,Emmitting Pipe CL-II(16mm 2LPH 50cm)Flat,,11.63,0,,0,0,Y,0,0,0,0,Odisha
,Emmitting Pipe CL-II (16mm 2Lph 60cm ) Flat,,11.29,0,,0,0,Y,0,0,0,0,Odisha
,Emmitting Pipe CL-II(16mm 4LPH 40cm)Flat,,12.08,0,,0,0,Y,0,0,0,0,Odisha
,Emmitting Pipe CL-II(16mm 4LPH 60cm)Flat,,11.29,0,,0,0,Y,0,0,0,0,Odisha
,Emmitting Pipe CL-II(12mm 4LPH 40cm) Flat,,8.19,0,,0,0,Y,0,0,0,0,Odisha
,Emmitting Pipe CL-II(16mm 2LPH 40cm)Flat K-Drip,,11.4,0,,0,0,Y,0,0,0,0,Odisha
,Emmitting Pipe CL-II(16mm 4LPH 50cm)Flat,,11.63,0,,0,0,Y,0,0,0,0,Odisha
,LLDPE Plain Laterals 25mm 2.5kg Cl-II,,29,0,,0,0,Y,0,0,0,0,Odisha
,SOC 75mm  N3 HDPE Spk Pipe 3mtr,,0,0,,0,0,Y,0,0,0,0,Tamil Nadu
,LLDPE Plain Laterals 32mm 2.5Kg CL-II,,42,0,,0,0,Y,0,0,0,0,Odisha
,LLDPE Plain Laterals 16mm 2.5kg CL-II(E5),,11,0,,0,0,Y,0,0,0,0,Odisha
,Emmitting Pipe CL-II(12MM 4LPH 40CM)Round,,8.19,0,,0,0,Y,0,0,0,0,Odisha
,Emmitting Pipe CL-II(12mm 4LPH 60cm)Round,,7.54,0,,0,0,Y,0,0,0,0,Odisha
,Emmitting Pipe CL-II (16mm 2Lph 40Cm)Round,,11.4,0,,0,0,Y,0,0,0,0,Odisha
,Emmitting Pipe CL-II(16mm 4LPH 50cm)Round,,10.97,0,,0,0,Y,0,0,0,0,Odisha
,Emmitting Pipe CL-II(12mm 2LPH 40cm)Round,,8.19,0,,0,0,Y,0,0,0,0,Odisha
,Emmitting Pipe CL-II(16mm 2LPH 50cm)Round,,10.97,0,,0,0,Y,0,0,0,0,Odisha
,Emmitting Pipe CL-II(16mm 4LPH 40cm)Round,,11.4,0,,0,0,Y,0,0,0,0,Odisha
,Emmitting Pipe CL-II(16mm 4LPH 60cm)Round,,10.65,0,,0,0,Y,0,0,0,0,Odisha
,32mm HDPE Bend,,0,0,,0,0,Y,0,0,0,0,Rajasthan
,Emmitting Pipe CL-III(16mm 4LPH 50cm)Round E-5,,10.97,0,,0,0,Y,0,0,0,0,Rajasthan
,Soc 75MM AVL Spk Latch,,0,0,,0,0,Y,0,0,0,0,Tamil Nadu
,Emmitting Pipe CL-III(16mm 4LPH 50cm)Round E-5,,10.97,0,,0,0,Y,0,0,0,0,Odisha
,Emmitting Pipe CL-II(16mm 4LPH 40cm)Round E-5,,11.4,0,,0,0,Y,0,0,0,0,Odisha
,Emmitting Pipe CL-II(16mm 4LPH 50cm)Round E-5,,10.97,0,,0,0,Y,0,0,0,0,Odisha
,Emmitting Pipe CL-II(16mm 4LPH 60cm)Round E-5,,10.65,0,,0,0,Y,0,0,0,0,Odisha
,Emmitting Pipe (16mm 4LPH 30cm)R Hybrid-Eco,,12.25,0,,0,0,Y,0,0,0,0,Odisha
,Emmitting Pipe(16mm 4LPH 40cm)R Hybrid,,11.4,0,,0,0,Y,0,0,0,0,Odisha
,Emmitting Pipe (16mm 4LPh 40cm) R Hybrid-Eco,,11.4,0,,0,0,Y,0,0,0,0,Odisha
,Thinwall Emmitting Pipe(16mm 4LPH 40cm).3mm,,0,0,,0,0,Y,0,0,0,0,Odisha
,Thinwall Emmitting Pipe(16mm 4LPH 40CM).4mm,,0,0,,0,0,Y,0,0,0,0,Odisha
,Dhaga Sutta(MI),,0,0,,0,0,Y,0,0,0,0,Odisha
,Soc 75MM E-5 HDPE Spk Adopter,,0,0,,0,0,Y,0,0,0,0,Tamil Nadu
,Rain Gun  Adopter 1.25(50X40),,0,0,,0,0,Y,0,0,0,0,Odisha
,RAIN GUN ADOPTER 2(63x40),,0,0,,0,0,Y,0,0,0,0,Odisha
,Raingun Adopter 2.5(75x40),,0,0,,0,0,Y,0,0,0,0,Odisha
,Raingun Adopter 3(90x40),,0,0,,0,0,Y,0,0,0,0,Odisha
,Raingun Adopter 4(110x40),,0,0,,0,0,Y,0,0,0,0,Odisha
,75MM BATTEN ONLY,,0,0,,0,0,Y,0,0,0,0,Odisha
,SOC 50MM N Spk Latch,,0,0,,0,0,Y,0,0,0,0,Odisha
,Soc 75MM AVL Spk Latch,,0,0,,0,0,Y,0,0,0,0,Odisha
,Soc 63mm Epc Spk Latch (P/c),,0,0,,0,0,Y,0,0,0,0,Odisha
,Soc 63mm N-1 Spk Latch,,0,0,,0,0,Y,0,0,0,0,Odisha
,Soc 75MM E-5 HDPE Spk Bend,,0,0,,0,0,Y,0,0,0,0,Tamil Nadu
,Soc 63mm N3 Spk Latch,,0,0,,0,0,Y,0,0,0,0,Odisha
,SOC 63mm N Spk Latch,,0,0,,0,0,Y,0,0,0,0,Odisha
,SOC 75mm N1 Spk Latch,,0,0,,0,0,Y,0,0,0,0,Odisha
,Soc 75mm N3 Spk Latch,,0,0,,0,0,Y,0,0,0,0,Odisha
,SOC 75mm N Spk Latch,,0,0,,0,0,Y,0,0,0,0,Odisha
,SOC 90mm N2 Spk Latch,,0,0,,0,0,Y,0,0,0,0,Odisha
,Soc 90mm N3 Spk Latch,,0,0,,0,0,Y,0,0,0,0,Odisha
,SOC 90mm N Spk Latch,,0,0,,0,0,Y,0,0,0,0,Odisha
,SOC 110mm Epc Spk Latch,,0,0,,0,0,Y,0,0,0,0,Odisha
,SOC 110mm N Spk Latch,,0,0,,0,0,Y,0,0,0,0,Odisha
,Emmitting Pipe CL-II(16mm 2LPH 40cm)Flat,,0,0,,0,0,Y,0,0,0,0,Tamil Nadu
,Soc 75MM E-7 Spk Latch,,0,0,,0,0,Y,0,0,0,0,Odisha
,SOC 75 MM EPC SPK LATCH P/C,,0,0,,0,0,Y,0,0,0,0,Odisha
,SOC 75MM Spk Plain Latch,,0,0,,0,0,Y,0,0,0,0,Odisha
,SOC 90MM AVL Spk Latch,,0,0,,0,0,Y,0,0,0,0,Odisha
,Soc 90mm Epc Spk Latch P/c,,0,0,,0,0,Y,0,0,0,0,Odisha
,SOC 90mm N1 Spk Latch,,0,0,,0,0,Y,0,0,0,0,Odisha
,140MM M. S. Clamp,,0,0,,0,0,Y,0,0,0,0,Odisha
,Coupler/joiner 90mm,,0,0,,0,0,Y,0,0,0,0,Odisha
,SOC 110mm N Spk Foot Batten,,615,0,,0,0,Y,0,0,0,0,Odisha
,SOC 50MM N Spk Foot Batten,,250,0,,0,0,Y,0,0,0,0,Odisha
,Soc 75mm E5 HDPE Spk MLC,,0,0,,0,0,Y,0,0,0,0,Tamil Nadu
,Soc 63mm N-1 Spk Foot Batten,,0,0,,0,0,Y,0,0,0,0,Odisha
,Soc 63mm N3 Spk Foot Batten,,0,0,,0,0,Y,0,0,0,0,Odisha
,SOC 63mm N Spk Foot Batten,,250,0,,0,0,Y,0,0,0,0,Odisha
,SOC 75MM N1 Spk F.Batten(G.I.),,0,0,,0,0,Y,0,0,0,0,Odisha
,SOC 75mm N3 Spk Foot Batten,,0,0,,0,0,Y,0,0,0,0,Odisha
,SOC 75MM N Spk F.Batten(G.I.),,315,0,,0,0,Y,0,0,0,0,Odisha
,Soc 75mm N Spk Foot Batten(GI-Cap),,0,0,,0,0,Y,0,0,0,0,Odisha
,SOC 90mm N1 Spk Foot Batten,,0,0,,0,0,Y,0,0,0,0,Odisha
,SOC 90mm N3 Spk Foot Batten,,0,0,,0,0,Y,0,0,0,0,Odisha
,SOC 90mm N Spk Foot Batten,,430,0,,0,0,Y,0,0,0,0,Odisha
,Soc 75MM E-5 HDPE Spk Tee,,0,0,,0,0,Y,0,0,0,0,Tamil Nadu
,SOC 75mm N Spk Foot Batten(Black-P.C),,0,0,,0,0,Y,0,0,0,0,Odisha
,SOC 90MM EPC SPK FOOT BATTEN P/C,,0,0,,0,0,Y,0,0,0,0,Odisha
,63mm Spk Foot Batten(PP),,0,0,,0,0,Y,0,0,0,0,Odisha
,75MM Spk Foot Batten(PP),,0,0,,0,0,Y,0,0,0,0,Odisha
,50MM EPC SPK FOOT-BATTEN,,0,0,,0,0,Y,0,0,0,0,Odisha
,50MM N Spk Foot Batten,,250,0,,0,0,Y,0,0,0,0,Odisha
,63MM N  SPK Foot Batten,,250,0,,0,0,Y,0,0,0,0,Odisha
,75MM AVL Spk Foot Batten,,0,0,,0,0,Y,0,0,0,0,Odisha
,75mm N1 Spk Foot Batten,,0,0,,0,0,Y,0,0,0,0,Odisha
,75mm N Spk Foot Batten,,300,0,,0,0,Y,0,0,0,0,Odisha
,Soc 75MM E-6 HDPE Spk MLC,,0,0,,0,0,Y,0,0,0,0,Tamil Nadu
,90mm N Spk Foot Batten,,430,0,,0,0,Y,0,0,0,0,Odisha
,75MM M.S FLANECH,,0,0,,0,0,Y,0,0,0,0,Odisha
,180MM M.S. Flange,,0,0,,0,0,Y,0,0,0,0,Odisha
,225MM M.S.FLANGE,,0,0,,0,0,Y,0,0,0,0,Odisha
,63 MM NE HOOK ONLY,,0,0,,0,0,Y,0,0,0,0,Odisha
,90MM Spk Hook Only,,0,0,,0,0,Y,0,0,0,0,Odisha
,63mm PCN CLAMP/CLIP,,0,0,,0,0,Y,0,0,0,0,Odisha
,75MM PCN CLAMP/CLIP,,0,0,,0,0,Y,0,0,0,0,Odisha
,110mm PCN CLAMP/CLIP,,0,0,,0,0,Y,0,0,0,0,Odisha
,50MM N SPK Latch,,0,0,,0,0,Y,0,0,0,0,Odisha
,Soc 75MM E-7 Spk Latch,,0,0,,0,0,Y,0,0,0,0,Tamil Nadu
,63MM N  SPK Latch,,0,0,,0,0,Y,0,0,0,0,Odisha
,75mm N1E Spk Latch,,0,0,,0,0,Y,0,0,0,0,Odisha
,75mm NE Spk Latch,,0,0,,0,0,Y,0,0,0,0,Odisha
,75mm NR Spk Latch,,0,0,,0,0,Y,0,0,0,0,Odisha
,75mm NR Spk Latch (Spl),,0,0,,0,0,Y,0,0,0,0,Odisha
,90mm NE Spk Latch,,0,0,,0,0,Y,0,0,0,0,Odisha
,90mm NR Spk Latch,,0,0,,0,0,Y,0,0,0,0,Odisha
,110mm NE Spk Latch,,0,0,,0,0,Y,0,0,0,0,Odisha
,110mm NR Spk Latch,,0,0,,0,0,Y,0,0,0,0,Odisha
,125MM  Latch,,0,0,,0,0,Y,0,0,0,0,Odisha
,SOC 75MM HDPE Spk Connector,,0,0,,0,0,Y,0,0,0,0,Tamil Nadu
,140MM Latch,,0,0,,0,0,Y,0,0,0,0,Odisha
,160MM Latch,,0,0,,0,0,Y,0,0,0,0,Odisha
,50MM EPC SPK LATCH,,0,0,,0,0,Y,0,0,0,0,Odisha
,200MM Spk Latch,,0,0,,0,0,Y,0,0,0,0,Odisha
,Sprinkler Nozzle(AJ-01)Medium,,0,0,,0,0,Y,0,0,0,0,Odisha
,Sprinkler Nozzle(AJ- 01)Z,,0,0,,0,0,Y,0,0,0,0,Odisha
,Sprinkler Nozzle(NI-02)Heavy,,0,0,,0,0,Y,0,0,0,0,Odisha
,Sprinkler Nozzle(NI-02)Light,,0,0,,0,0,Y,0,0,0,0,Odisha
,Sprinkler Nozzle(NI-02)Medium,,0,0,,0,0,Y,0,0,0,0,Odisha
,Sprinkler Nozzle(NI-02)Medium-N3,,0,0,,0,0,Y,0,0,0,0,Odisha
,SOC 75mm HDPE Spk End Cap,,100,0,,0,0,Y,0,0,0,0,Tamil Nadu
,Sprinkler Nozzle(NI-02)Z-1/2,,275,0,,0,0,Y,0,0,0,0,Odisha
,Sprinkler Nozzle(NI- 02)Z -3/4,,0,0,,0,0,Y,0,0,0,0,Odisha
,Sprinkler Nozzle(NI-02)Z-N3,,0,0,,0,0,Y,0,0,0,0,Odisha
,Sprinkler Nozzle(NI-03),,0,0,,0,0,Y,0,0,0,0,Odisha
,Sprinkler Nozzle(PP)-Single-Half Circle '3/4',,323,0,,0,0,Y,0,0,0,0,Odisha
,Sprinkler Nozzle(PP)With Metal Spry Bush '3/4',,145,0,,0,0,Y,0,0,0,0,Odisha
,Sprinkler Raingun Nozzle(Assembly) 1.5,,0,0,,0,0,Y,0,0,0,0,Odisha
,Micro Spk. Inverted Rotar Nozzle,,0,0,,0,0,Y,0,0,0,0,Odisha
,Micro Sprayer/Jet(Assembley Without Stand),,0,0,,0,0,Y,0,0,0,0,Odisha
,Sprinkler Raingun Nozzle(Assembly) 1.25,,0,0,,0,0,Y,0,0,0,0,Odisha
,Emmitting Pipe(16mm 4LPH 40cm)R Hybrid,,11.4,0,,0,0,Y,0,0,0,0,Rajasthan
,SOC 75mm HDPE Spk T.P.,,0,0,,0,0,Y,0,0,0,0,Tamil Nadu
,32mm Coil Nipple,,0,0,,0,0,Y,0,0,0,0,Odisha
,110mm Coil Nipple,,0,0,,0,0,Y,0,0,0,0,Odisha
,40mm Coil Nipple(G.I.),,0,0,,0,0,Y,0,0,0,0,Odisha
,50mm Coil Nipple(G.I),,0,0,,0,0,Y,0,0,0,0,Odisha
,63mm Coil Nipple(G.I.),,0,0,,0,0,Y,0,0,0,0,Odisha
,75MM COIL NIPPLE (G.I),,0,0,,0,0,Y,0,0,0,0,Odisha
,90MM COIL NIPPLE(G.I.),,0,0,,0,0,Y,0,0,0,0,Odisha
,Rain Gun Nipple G.I. 2x1-1/4,,0,0,,0,0,Y,0,0,0,0,Odisha
,Rain Gun Nipple G.I. 2.5x1-1/4,,0,0,,0,0,Y,0,0,0,0,Odisha
,40MM  COIL NIPPEL S.S,,0,0,,0,0,Y,0,0,0,0,Odisha
,SOC 75mm N HDPE Spk Adopter,,0,0,,0,0,Y,0,0,0,0,Tamil Nadu
,50MM Coil Nipple(S.S.),,0,0,,0,0,Y,0,0,0,0,Odisha
,63mm Coil Nipple (S.S),,0,0,,0,0,Y,0,0,0,0,Odisha
,75MM COIL NIPPLE (SS-12),,0,0,,0,0,Y,0,0,0,0,Odisha
,90MM COIL NIPPLE(SS-12),,0,0,,0,0,Y,0,0,0,0,Odisha
,110mm Spk Pcn Nipple,,0,0,,0,0,Y,0,0,0,0,Odisha
,50MM GI STEEL TUBE GROVE NIPPLE,,0,0,,0,0,Y,0,0,0,0,Odisha
,50MM Spk PCN Nipple,,0,0,,0,0,Y,0,0,0,0,Odisha
,63MM  SPK Pcn Nipple,,0,0,,0,0,Y,0,0,0,0,Odisha
,63MM SPK PCN Nipple(Short),,0,0,,0,0,Y,0,0,0,0,Odisha
,75MM GI NIPPEL,,0,0,,0,0,Y,0,0,0,0,Odisha
,SOC 75mm N HDPE Spk Bend,,260,0,,0,0,Y,0,0,0,0,Tamil Nadu
,75MM SPK PCN NIPPLE,,0,0,,0,0,Y,0,0,0,0,Odisha
,75MM SPK PCN NIPPLE-SHORT(M.S. COUPLER),,0,0,,0,0,Y,0,0,0,0,Odisha
,90MM SPK PCN NIPPLE,,0,0,,0,0,Y,0,0,0,0,Odisha
,SOC 75x40mm Bush Nipple,,0,0,,0,0,Y,0,0,0,0,Odisha
,Rain Gun 1.25,,0,0,,0,0,Y,0,0,0,0,Odisha
,Rain Gun 2 with Stand,,0,0,,0,0,Y,0,0,0,0,Odisha
,Rain Gun Stand 1.25,,0,0,,0,0,Y,0,0,0,0,Odisha
,Rain Gun Riser 1.25,,0,0,,0,0,Y,0,0,0,0,Odisha
,Sprinkler Riser Pipe,,110,0,,0,0,Y,0,0,0,0,Odisha
,Sprinkler Riser Pipes 1.25x1.5 Feet,,0,0,,0,0,Y,0,0,0,0,Odisha
,SOC 75mm N HDPE Spk MLC,,0,0,,0,0,Y,0,0,0,0,Tamil Nadu
,Socket for Spk Riser Pipe,,0,0,,0,0,Y,0,0,0,0,Odisha
,Copper Rivit(For Coil Nipple),,0,0,,0,0,Y,0,0,0,0,Odisha
,SOC SPK RIVIT,,0,0,,0,0,Y,0,0,0,0,Odisha
,Tapping Tee with Coupler 90x20mm(EF),,0,0,,0,0,Y,0,0,0,0,Odisha
,32mm Rubber Gasket,,0,0,,0,0,Y,0,0,0,0,Odisha
,50mm N Spk Rubber Ring,,0,0,,0,0,Y,0,0,0,0,Odisha
,63MM N  SPK Rubber Ring,,0,0,,0,0,Y,0,0,0,0,Odisha
,SOC 63mm N Spk Rubber Ring,,0,0,,0,0,Y,0,0,0,0,Odisha
,75mm Epc Spk Rubber Ring,,0,0,,0,0,Y,0,0,0,0,Odisha
,75MM N1 SPK Rubber Ring,,0,0,,0,0,Y,0,0,0,0,Odisha
,Emmitting Pipe CL-II(16mm 2LPH 40cm)Flat K-Drip,,0,0,,0,0,Y,0,0,0,0,Tamil Nadu
,75MM N SPK Rubber Ring,,0,0,,0,0,Y,0,0,0,0,Odisha
,75MM Spk Plain Rubber Ring,,0,0,,0,0,Y,0,0,0,0,Odisha
,90MM N SPK Rubber Ring,,0,0,,0,0,Y,0,0,0,0,Odisha
,110mm N1 Spk Rubber Ring,,0,0,,0,0,Y,0,0,0,0,Odisha
,110mm N Spk Rubber Ring,,0,0,,0,0,Y,0,0,0,0,Odisha
,110mm Spk Rubber Ring,,0,0,,0,0,Y,0,0,0,0,Odisha
,125mm Rubber Ring,,0,0,,0,0,Y,0,0,0,0,Odisha
,140mm Rubber Ring,,0,0,,0,0,Y,0,0,0,0,Odisha
,160mm  Rubber Ring,,0,0,,0,0,Y,0,0,0,0,Odisha
,200MM Spk Rubber Ring,,0,0,,0,0,Y,0,0,0,0,Odisha
,SOC 75mm N HDPE Spk PCN,,290,0,,0,0,Y,0,0,0,0,Tamil Nadu
,HDPE Packing Clips(MFG),,0,0,,0,0,Y,0,0,0,0,Odisha
,125MM HDPE MLC,,0,0,,0,0,Y,0,0,0,0,Odisha
,140MM HDPE  MLC,,0,0,,0,0,Y,0,0,0,0,Odisha
,160MM HDPE  MLC,,0,0,,0,0,Y,0,0,0,0,Odisha
,200MM HDPE MLC,,0,0,,0,0,Y,0,0,0,0,Odisha
,125mm HDPE Tail Pice,,0,0,,0,0,Y,0,0,0,0,Odisha
,140MM HDPE TAIL PIECE,,0,0,,0,0,Y,0,0,0,0,Odisha
,160MM HDPE Tail Pices,,0,0,,0,0,Y,0,0,0,0,Odisha
,200MM HDPE TP,,0,0,,0,0,Y,0,0,0,0,Odisha
,63mm NE HDPE Spk Adopter,,0,0,,0,0,Y,0,0,0,0,Odisha
,SOC 75mm N HDPE Spk Pipe 3mtr,,0,0,,0,0,Y,0,0,0,0,Tamil Nadu
,75mm NE HDPE Spk Adopter,,0,0,,0,0,Y,0,0,0,0,Odisha
,90mm NE HDPE Spk Adopter,,0,0,,0,0,Y,0,0,0,0,Odisha
,110mm NR HDPE Spk Adopter,,0,0,,0,0,Y,0,0,0,0,Odisha
,50MM NR HDPE Spk Adopter,,0,0,,0,0,Y,0,0,0,0,Odisha
,75mm NR HDPE Spk Adopter,,0,0,,0,0,Y,0,0,0,0,Odisha
,90mm NR HDPE Spk Adopter,,0,0,,0,0,Y,0,0,0,0,Odisha
,SOC 110mm N HDPE Spk Adopter,,615,0,,0,0,Y,0,0,0,0,Odisha
,SOC 50MM N HDPE Spk Adopter,,250,0,,0,0,Y,0,0,0,0,Odisha
,SOC 63MM N HDPE Spk Adopter,,250,0,,0,0,Y,0,0,0,0,Odisha
,Soc 63mm N-1 HDPE Spk Adopter,,0,0,,0,0,Y,0,0,0,0,Odisha
,SOC 75mm N HDPE Spk Pipe 6mtr,,0,0,,0,0,Y,0,0,0,0,Tamil Nadu
,Soc 63mm N3 HDPE Spk Adopter,,0,0,,0,0,Y,0,0,0,0,Odisha
,Soc 63MM E-5 HDPE Spk Adopter,,0,0,,0,0,Y,0,0,0,0,Odisha
,SOC 75mm N HDPE Spk Adopter,,315,0,,0,0,Y,0,0,0,0,Odisha
,SOC 75mm N1 HDPE Spk Adopter,,0,0,,0,0,Y,0,0,0,0,Odisha
,SOC 75mm N3 HDPE Spk Adopter,,0,0,,0,0,Y,0,0,0,0,Odisha
,Soc 75MM E-5 HDPE Spk Adopter,,0,0,,0,0,Y,0,0,0,0,Odisha
,SOC 75X63MM HDPE Spk Reducer Adopter,,0,0,,0,0,Y,0,0,0,0,Odisha
,SOC 90mm E-5 HDPE Spk Adopter,,0,0,,0,0,Y,0,0,0,0,Odisha
,SOC 90mm N HDPE Spk Adopter,,430,0,,0,0,Y,0,0,0,0,Odisha
,63mm NE HDPE Spk Bend,,0,0,,0,0,Y,0,0,0,0,Odisha
,SOC 75mm N HDPE Spk Tee,,0,0,,0,0,Y,0,0,0,0,Tamil Nadu
,75mm NE HDPE Spk Bend,,0,0,,0,0,Y,0,0,0,0,Odisha
,90mm NE HDPE Spk Bend,,0,0,,0,0,Y,0,0,0,0,Odisha
,50mm Hdpe Spk Hydrent Bend,,0,0,,0,0,Y,0,0,0,0,Odisha
,63mm HDPE Spk Hydrent Bend,,0,0,,0,0,Y,0,0,0,0,Odisha
,75mm HDPE Spk Hydrent Bend,,0,0,,0,0,Y,0,0,0,0,Odisha
,90mm HDPE Spk Hydrent Bend,,0,0,,0,0,Y,0,0,0,0,Odisha
,110mm NR HDPE Spk Bend,,0,0,,0,0,Y,0,0,0,0,Odisha
,50MM NR HDPE Spk Bend,,0,0,,0,0,Y,0,0,0,0,Odisha
,75mm NR HDPE Spk Bend,,0,0,,0,0,Y,0,0,0,0,Odisha
,90mm NR HDPE Spk Bend,,0,0,,0,0,Y,0,0,0,0,Odisha
,SOC 75MM N Spk F.Batten(G.I.),,0,0,,0,0,Y,0,0,0,0,Tamil Nadu
,SOC 110mm N HDPE Spk Bend,,485,0,,0,0,Y,0,0,0,0,Odisha
,SOC 50MM N HDPE Spk Bend,,205,0,,0,0,Y,0,0,0,0,Odisha
,SOC 63MM N HDPE Spk Bend,,220,0,,0,0,Y,0,0,0,0,Odisha
,Soc 63mm N-1 HDPE Spk Bend,,0,0,,0,0,Y,0,0,0,0,Odisha
,Soc 63mm N3 HDPE Spk Bend,,0,0,,0,0,Y,0,0,0,0,Odisha
,Soc 63MM E5 HDPE Spk Bend,,0,0,,0,0,Y,0,0,0,0,Odisha
,SOC 75mm N HDPE Spk Bend,,275,0,,0,0,Y,0,0,0,0,Odisha
,Soc 75MM E-5 HDPE Spk Bend,,0,0,,0,0,Y,0,0,0,0,Odisha
,SOC 75mm N1 HDPE Spk Bend,,0,0,,0,0,Y,0,0,0,0,Odisha
,SOC 75mm N3 HDPE Spk Bend,,0,0,,0,0,Y,0,0,0,0,Odisha
,End Cap 110mm(CF),,0,0,,0,0,Y,0,0,0,0,Rajasthan
,SOC 75mm N Spk Foot Batten(Black-P.C),,0,0,,0,0,Y,0,0,0,0,Tamil Nadu
,SOC 90mm N HDPE Spk Bend,,375,0,,0,0,Y,0,0,0,0,Odisha
,75MM HDPE Spk Connector,,0,0,,0,0,Y,0,0,0,0,Odisha
,90mm HDPE Spk Connector,,0,0,,0,0,Y,0,0,0,0,Odisha
,SOC 63mm N Spk Connector,,160,0,,0,0,Y,0,0,0,0,Odisha
,SOC 75MM HDPE Spk Connector,,175,0,,0,0,Y,0,0,0,0,Odisha
,SOC 90MM HDPE Spk Connector,,200,0,,0,0,Y,0,0,0,0,Odisha
,110mm HDPE Spk End Cap,,0,0,,0,0,Y,0,0,0,0,Odisha
,SOC 110mm HDPE Spk End Cap,,150,0,,0,0,Y,0,0,0,0,Odisha
,50MM HDPE Spk End Cap,,0,0,,0,0,Y,0,0,0,0,Odisha
,SOC 50MM HDPE Spk End Cap,,60,0,,0,0,Y,0,0,0,0,Odisha
,Soc 75mm N Spk Foot Batten(GI-Cap),,0,0,,0,0,Y,0,0,0,0,Tamil Nadu
,63mm NE HDPE Spk End Cap,,0,0,,0,0,Y,0,0,0,0,Odisha
,75mm NE HDPE Spk End Cap,,0,0,,0,0,Y,0,0,0,0,Odisha
,90MM  HDPE Spk End Cap,,0,0,,0,0,Y,0,0,0,0,Odisha
,SOC 90mm HDPE Spk End Cap,,130,0,,0,0,Y,0,0,0,0,Odisha
,63mm NE HDPE Spk PCN,,0,0,,0,0,Y,0,0,0,0,Odisha
,75mm NE HDPE Spk PCN,,0,0,,0,0,Y,0,0,0,0,Odisha
,110mm NR HDPE Spk PCN,,0,0,,0,0,Y,0,0,0,0,Odisha
,50MM NR HDPE Spk PCN,,0,0,,0,0,Y,0,0,0,0,Odisha
,75mm NR HDPE Spk PCN,,0,0,,0,0,Y,0,0,0,0,Odisha
,SOC 110mm N HDPE Spk PCN,,410,0,,0,0,Y,0,0,0,0,Odisha
,SOC 75mm N Spk Latch,,0,0,,0,0,Y,0,0,0,0,Tamil Nadu
,SOC 50MM N HDPE Spk PCN,,205,0,,0,0,Y,0,0,0,0,Odisha
,Soc 63MM E-5 HDPE Spk PCN,,0,0,,0,0,Y,0,0,0,0,Odisha
,SOC 63MM N HDPE Spk PCN,,225,0,,0,0,Y,0,0,0,0,Odisha
,Soc 63mm N-1 HDPE Spk PCN,,0,0,,0,0,Y,0,0,0,0,Odisha
,SOC 75mm N HDPE Spk PCN,,225,0,,0,0,Y,0,0,0,0,Odisha
,SOC 75mm N1 HDPE Spk PCN,,0,0,,0,0,Y,0,0,0,0,Odisha
,SOC 75mm N3 HDPE Spk PCN,,0,0,,0,0,Y,0,0,0,0,Odisha
,SOC 90mm N HDPE Spk PCN,,305,0,,0,0,Y,0,0,0,0,Odisha
,63mm NE HDPE Spk Pipe 4mtr,,0,0,,0,0,Y,0,0,0,0,Odisha
,63mm NE HDPE Spk Pipe 3mtr,,0,0,,0,0,Y,0,0,0,0,Odisha
,Soc 75mm N(3.2Kg) HDPE Irrig Pipe 3mtr,,0,0,,0,0,Y,0,0,0,0,Tamil Nadu
,63mm NE HDPE Spk Pipe 6mtr,,0,0,,0,0,Y,0,0,0,0,Odisha
,75mm NE(3.2Kg) HDPE Spk Pipe 6Mtr,,772,0,,0,0,Y,0,0,0,0,Odisha
,75mm NE HDPE Spk Pipe 3mtr,,0,0,,0,0,Y,0,0,0,0,Odisha
,75mm NE HDPE Spk Pipe 6mtr,,0,0,,0,0,Y,0,0,0,0,Odisha
,90mm NE HDPE Spk Pipe 3mtr,,0,0,,0,0,Y,0,0,0,0,Odisha
,90mm NE HDPE Spk Pipe 6mtr,,0,0,,0,0,Y,0,0,0,0,Odisha
,63MM HDPE Pipe for Main Line(3.2kg/cm2),,69,0,,0,0,Y,0,0,0,0,Odisha
,75MM HDPE Pipe for Main Line(2.5kg/cm2),,79,0,,0,0,Y,0,0,0,0,Odisha
,50MM NR HDPE Spk Pipe 3Mtr,,0,0,,0,0,Y,0,0,0,0,Odisha
,50MM NR HDPE Spk Pipe 6Mtr,,0,0,,0,0,Y,0,0,0,0,Odisha
,Soc 75mm N(3.2Kg) HDPE Spk Pipe 6Mtr,,0,0,,0,0,Y,0,0,0,0,Tamil Nadu
,75mm NR HDPE Spk Pipe 3mtr,,0,0,,0,0,Y,0,0,0,0,Odisha
,75mm NR HDPE Spk Pipe 6mtr,,0,0,,0,0,Y,0,0,0,0,Odisha
,90mm NR(3.2kg)HDPE Spk Pipe 6Mtr,,0,0,,0,0,Y,0,0,0,0,Odisha
,90mm NR(4kg)HDPE Spk Pipe 6Mtr,,165,0,,0,0,Y,0,0,0,0,Odisha
,SOC 110mm N HDPE Spk Pipe 6mtr,,1240,0,,0,0,Y,0,0,0,0,Odisha
,SOC 50MM N HDPE Spk Pipe 3mtr,,320,0,,0,0,Y,0,0,0,0,Odisha
,SOC 50MM N HDPE Spk Pipe 5mtr,,0,0,,0,0,Y,0,0,0,0,Odisha
,SOC 50MM N HDPE Spk Pipe 6mtr,,510,0,,0,0,Y,0,0,0,0,Odisha
,SOC 63MM N-1 HDPE Spk Pipe 3mtr,,350,0,,0,0,Y,0,0,0,0,Odisha
,SOC 63MM N-1 HDPE Spk Pipe 6mtr,,540,0,,0,0,Y,0,0,0,0,Odisha
,Emmitting Pipe CL-II(16mm 2LPH 50cm)Flat,,0,0,,0,0,Y,0,0,0,0,Tamil Nadu
,Soc 63mm N3 HDPE Spk Pipe 3Mtr,,0,0,,0,0,Y,0,0,0,0,Odisha
,Soc 63mm N3 HDPE Spk Pipe 6Mtr,,0,0,,0,0,Y,0,0,0,0,Odisha
,SOC 63MM N HDPE Spk Pipe 3Mtr,,350,0,,0,0,Y,0,0,0,0,Odisha
,SOC 63MM N HDPE Spk Pipe 6Mtr,,540,0,,0,0,Y,0,0,0,0,Odisha
,Soc 70mm N3 HDPE Spk Pipe 6mtr,,0,0,,0,0,Y,0,0,0,0,Odisha
,Soc 75mm N(4Kg) HDPE Spk Pipe 6Mtr,,0,0,,0,0,Y,0,0,0,0,Odisha
,SOC 75mm  N3 HDPE Spk Pipe 3mtr,,0,0,,0,0,Y,0,0,0,0,Odisha
,Soc 75MM N1(3.2Kg) HDPE Spk Pipe 6Mtr,,772,0,,0,0,Y,0,0,0,0,Odisha
,SOC 75mm N1 HDPE Spk Pipe 3mtr,,420,0,,0,0,Y,0,0,0,0,Odisha
,SOC 75MM N1 HDPE Spk Pipe 6mtr,,0,0,,0,0,Y,0,0,0,0,Odisha
,Soc 75mm N(4Kg) HDPE Spk Pipe 6Mtr,,800,0,,0,0,Y,0,0,0,0,Tamil Nadu
,SOC 75mm N3 HDPE Spk Pipe 6mtr,,0,0,,0,0,Y,0,0,0,0,Odisha
,Soc 75mm N(3.2Kg) HDPE Irrig Pipe 3mtr,,465,0,,0,0,Y,0,0,0,0,Odisha
,Soc 75mm N(3.2Kg) HDPE Spk Pipe 6Mtr,,772,0,,0,0,Y,0,0,0,0,Odisha
,SOC 75mm N HDPE Spk Pipe 3mtr,,420,0,,0,0,Y,0,0,0,0,Odisha
,SOC 75mm N HDPE Spk Pipe 6mtr,,670,0,,0,0,Y,0,0,0,0,Odisha
,SOC 90mm N HDPE Spk Pipe 3mtr,,555,0,,0,0,Y,0,0,0,0,Odisha
,SOC 90mm N HDPE Spk Pipe 6mtr,,900,0,,0,0,Y,0,0,0,0,Odisha
,SOC 90mm N(3.2kg) HDPE Spk Pipe 6mtr,,1060,0,,0,0,Y,0,0,0,0,Odisha
,63mm HDPE Spk Irrig Pipe(1-ft)PT-II(Sample),,0,0,,0,0,Y,0,0,0,0,Odisha
,75mm HDPE Spk Irrig Pipe(1-ft)PT-II(Sample),,0,0,,0,0,Y,0,0,0,0,Odisha
,SOC 75mm N1 HDPE Spk Adopter,,0,0,,0,0,Y,0,0,0,0,Tamil Nadu
,90MM HDPE Spk Irrig Pipe(1-ft)PT-II(Sample),,0,0,,0,0,Y,0,0,0,0,Odisha
,110MM HDPE Spk Irrig Pipe PT-II(Sample),,0,0,,0,0,Y,0,0,0,0,Odisha
,SOC 75X63MM HDPE Spk Reducer,,300,0,,0,0,Y,0,0,0,0,Odisha
,75x63mm HDPE Spk Reducer(E/R),,0,0,,0,0,Y,0,0,0,0,Odisha
,SOC 90x75MM HDPE Spk Reducer,,395,0,,0,0,Y,0,0,0,0,Odisha
,90x75MM HDPE Spk Reducer(E/R),,0,0,,0,0,Y,0,0,0,0,Odisha
,SOC 110x90MM HDPE Spk Reducer,,495,0,,0,0,Y,0,0,0,0,Odisha
,110x90MM HDPE Spk Reducer(E/R),,0,0,,0,0,Y,0,0,0,0,Odisha
,SOC 90x75MM HDPE Spk Red.Tee,,580,0,,0,0,Y,0,0,0,0,Odisha
,50MM HDPE Spk Hydrent,,0,0,,0,0,Y,0,0,0,0,Odisha
,SOC 75mm N1 HDPE Spk Bend,,0,0,,0,0,Y,0,0,0,0,Tamil Nadu
,63MM HDPE Spk Hydrents,,0,0,,0,0,Y,0,0,0,0,Odisha
,75MM HDPE Spk Hydrents,,0,0,,0,0,Y,0,0,0,0,Odisha
,90MM HDPE Spk Hydrents,,0,0,,0,0,Y,0,0,0,0,Odisha
,63mm NE HDPE Spk Tee,,0,0,,0,0,Y,0,0,0,0,Odisha
,75mm NE HDPE Spk Tee,,0,0,,0,0,Y,0,0,0,0,Odisha
,90mm NE HDPE Spk Tee,,0,0,,0,0,Y,0,0,0,0,Odisha
,50MM NR HDPE Spk Tee,,0,0,,0,0,Y,0,0,0,0,Odisha
,75mm NR HDPE Spk Tee,,0,0,,0,0,Y,0,0,0,0,Odisha
,90mm NR HDPE Spk Tee,,0,0,,0,0,Y,0,0,0,0,Odisha
,SOC 50MM N HDPE Spk Tee,,250,0,,0,0,Y,0,0,0,0,Odisha
,SOC 75MM N1 HDPE Spk MLC,,0,0,,0,0,Y,0,0,0,0,Tamil Nadu
,Soc 63mm N-1 HDPE Spk TEE,,0,0,,0,0,Y,0,0,0,0,Odisha
,Soc 63mm N3 HDPE Spk TEE,,0,0,,0,0,Y,0,0,0,0,Odisha
,Soc 63MM E-5 HDPE Spk Tee,,0,0,,0,0,Y,0,0,0,0,Odisha
,Soc 75MM E-5 HDPE Spk Tee,,0,0,,0,0,Y,0,0,0,0,Odisha
,SOC 75mm N1 HDPE Spk Tee,,0,0,,0,0,Y,0,0,0,0,Odisha
,SOC 75mm N3 HDPE SKP Tee,,0,0,,0,0,Y,0,0,0,0,Odisha
,SOC 90mm N HDPE Spk Tee,,495,0,,0,0,Y,0,0,0,0,Odisha
,SOC 110mm N HDPE Spk Tee,,615,0,,0,0,Y,0,0,0,0,Odisha
,110MM B HDPE Spk Adopter,,0,0,,0,0,Y,0,0,0,0,Odisha
,SOC B 90MM HDPE Adopter,,0,0,,0,0,Y,0,0,0,0,Odisha
,End Cap 140mm PVC,,0,0,,0,0,Y,0,0,0,0,Rajasthan
,SOC 75mm N1 HDPE Spk PCN,,0,0,,0,0,Y,0,0,0,0,Tamil Nadu
,50MM B HDPE Spk Bend,,0,0,,0,0,Y,0,0,0,0,Odisha
,63mm B MDPE Spk Bend,,0,0,,0,0,Y,0,0,0,0,Odisha
,63mm HDPE Moulded Bend,,0,0,,0,0,Y,0,0,0,0,Odisha
,SOC B 63mm HDPE Spk Bend,,0,0,,0,0,Y,0,0,0,0,Odisha
,75MM B HDPE Fab Bend,,0,0,,0,0,Y,0,0,0,0,Odisha
,SOC B 75mm HDPE Spk Bend,,0,0,,0,0,Y,0,0,0,0,Odisha
,90MM HDPE MOULDED BEND,,0,0,,0,0,Y,0,0,0,0,Odisha
,SOC B 90MM HDPE Spk Bend,,0,0,,0,0,Y,0,0,0,0,Odisha
,110MM B HDPE Spk Bend,,0,0,,0,0,Y,0,0,0,0,Odisha
,110mm B MDPE Spk Bend,,0,0,,0,0,Y,0,0,0,0,Odisha
,SOC 75mm N1 HDPE Spk Pipe 3mtr,,0,0,,0,0,Y,0,0,0,0,Tamil Nadu
,110MM HDPE MOULDED BEND,,0,0,,0,0,Y,0,0,0,0,Odisha
,110MM HDPE MOULDED BEND(PN6),,0,0,,0,0,Y,0,0,0,0,Odisha
,50mm MDPE End Cap,,0,0,,0,0,Y,0,0,0,0,Odisha
,63mm MDPE End Cap,,0,0,,0,0,Y,0,0,0,0,Odisha
,75mm MDPE End Cap,,0,0,,0,0,Y,0,0,0,0,Odisha
,63MM NE HDPE SPK MLC,,0,0,,0,0,Y,0,0,0,0,Odisha
,75MM NE HDPE Spk MLC,,0,0,,0,0,Y,0,0,0,0,Odisha
,90mm NE HDPE Spk MLC,,0,0,,0,0,Y,0,0,0,0,Odisha
,110MM HDPE Spk MLC,,0,0,,0,0,Y,0,0,0,0,Odisha
,50mm N HDPE SPK MLC,,0,0,,0,0,Y,0,0,0,0,Odisha
,SOC 75MM N1 HDPE Spk Pipe 6mtr,,0,0,,0,0,Y,0,0,0,0,Tamil Nadu
,75mm NR HDPE Spk MLC,,0,0,,0,0,Y,0,0,0,0,Odisha
,75mm N2R HDPE Spk MLC,,0,0,,0,0,Y,0,0,0,0,Odisha
,90mm NR HDPE Spk MLC,,0,0,,0,0,Y,0,0,0,0,Odisha
,90mm N2R HDPE Spk MLC,,0,0,,0,0,Y,0,0,0,0,Odisha
,SOC 110mm N HDPE Spk MLC,,0,0,,0,0,Y,0,0,0,0,Odisha
,Soc 50MM N HDPE Spk MLC,,0,0,,0,0,Y,0,0,0,0,Odisha
,Soc 63mm E5 HDPE Spk MLC,,0,0,,0,0,Y,0,0,0,0,Odisha
,SOC 63mm N-1 HDPE SPK MLC,,0,0,,0,0,Y,0,0,0,0,Odisha
,Soc 63mm N3 HDPE Spk MLC,,0,0,,0,0,Y,0,0,0,0,Odisha
,SOC 63mm N HDPE Spk MLC,,0,0,,0,0,Y,0,0,0,0,Odisha
,SOC 75mm N1 HDPE Spk Tee,,0,0,,0,0,Y,0,0,0,0,Tamil Nadu
,Soc 75mm E5 HDPE Spk MLC,,0,0,,0,0,Y,0,0,0,0,Odisha
,Soc 75MM E-6 HDPE Spk MLC,,0,0,,0,0,Y,0,0,0,0,Odisha
,SOC 75MM N1 HDPE Spk MLC,,0,0,,0,0,Y,0,0,0,0,Odisha
,Soc 75mm N3 HDPE SPK MLC,,0,0,,0,0,Y,0,0,0,0,Odisha
,SOC 75mm N HDPE Spk MLC,,0,0,,0,0,Y,0,0,0,0,Odisha
,Soc 90mm E-5 HDPE Spk MLC,,0,0,,0,0,Y,0,0,0,0,Odisha
,SOC 90MM N HDPE Spk MLC,,0,0,,0,0,Y,0,0,0,0,Odisha
,110MM B HDPE Spk PCN,,0,0,,0,0,Y,0,0,0,0,Odisha
,50MM B HDPE Spk PCN,,0,0,,0,0,Y,0,0,0,0,Odisha
,63MM B HDPE Spk PCN,,0,0,,0,0,Y,0,0,0,0,Odisha
,SOC 75MM N1 Spk F.Batten(G.I.),,0,0,,0,0,Y,0,0,0,0,Tamil Nadu
,75MM B HDPE Spk PCN,,0,0,,0,0,Y,0,0,0,0,Odisha
,75x40mm HDPE Bush PCN,,0,0,,0,0,Y,0,0,0,0,Odisha
,90mm B HDPE Spk PCN,,0,0,,0,0,Y,0,0,0,0,Odisha
,63mm HDPE Spk PCN-Cap,,0,0,,0,0,Y,0,0,0,0,Odisha
,75MM HDPE Spk PCN-CAP,,0,0,,0,0,Y,0,0,0,0,Odisha
,90mm HDPE Spk PCN Cap,,0,0,,0,0,Y,0,0,0,0,Odisha
,110MM HDPE MOULDED PIPE END,,0,0,,0,0,Y,0,0,0,0,Odisha
,110MM MDPE PIPE END,,0,0,,0,0,Y,0,0,0,0,Odisha
,50mm HDPE Pipe End,,0,0,,0,0,Y,0,0,0,0,Odisha
,63MM HDPE  Pipe End,,0,0,,0,0,Y,0,0,0,0,Odisha
,SOC 75mm N1 Spk Latch,,0,0,,0,0,Y,0,0,0,0,Tamil Nadu
,90MM HDPE MOULDED PIPE END,,0,0,,0,0,Y,0,0,0,0,Odisha
,110mm NB HDPE Irrig Pipe(6mtr) PT- II,,0,0,,0,0,Y,0,0,0,0,Odisha
,110MM NB HDPE Irrig Pipe(6mtr) PT- I,,0,0,,0,0,Y,0,0,0,0,Odisha
,125mm NB HDPE Irrig Pipe(6Mtr)Pt-1,,0,0,,0,0,Y,0,0,0,0,Odisha
,160mm NB HDPE Irrig Pipe(6Mtr)PT-1,,0,0,,0,0,Y,0,0,0,0,Odisha
,180mm NB HDPE Irrig Pipe(6Mtr)PT-1,,0,0,,0,0,Y,0,0,0,0,Odisha
,50MM NB HDPE Irrig Pipe (5mtr) PT-II,,0,0,,0,0,Y,0,0,0,0,Odisha
,50MM NB HDPE Irrig Pipe (6mtr) PT-II,,0,0,,0,0,Y,0,0,0,0,Odisha
,63mm NB HDPE Irrig Pipe(3mtr) PT- II,,0,0,,0,0,Y,0,0,0,0,Odisha
,63mm NB HDPE Irrig Pipe(6mtr) PT- II,,0,0,,0,0,Y,0,0,0,0,Odisha
,Emmitting Pipe CL-II(16mm 2LPH 50cm)Round,,0,0,,0,0,Y,0,0,0,0,Tamil Nadu
,63mm N1B HDPE Irrig Pipe(6mtr) PT- II,,0,0,,0,0,Y,0,0,0,0,Odisha
,63mm N3B HDPE Irrig Pipe(6Mtr) PT-II,,0,0,,0,0,Y,0,0,0,0,Odisha
,75mm NB HDPE Irrig Pipe(6mtr) PT- II,,0,0,,0,0,Y,0,0,0,0,Odisha
,75MM N1B(3.2KG) HDPE Irrrig Pipe(6mtr)PT-II,,0,0,,0,0,Y,0,0,0,0,Odisha
,75mm N1B HDPE Irrig Pipe(6mtr) PT- II,,0,0,,0,0,Y,0,0,0,0,Odisha
,75mm N3B HDPE Irrig Pipe(6mtr) PT- II,,0,0,,0,0,Y,0,0,0,0,Odisha
,75mm NB(3.2Kg) HDPE Irrig Pipe (6Mtr)PT-II,,0,0,,0,0,Y,0,0,0,0,Odisha
,75mm NB(4Kg) HDPE Irrig Pipe (6Mtr)PT-II,,0,0,,0,0,Y,0,0,0,0,Odisha
,90MM HDPE Irrig Pipe for Hydrant(MTR),,0,0,,0,0,Y,0,0,0,0,Odisha
,90mm NB HDPE Irrig Pipe(6mtr) PT- II,,0,0,,0,0,Y,0,0,0,0,Odisha
,Soc 75MM N1(3.2Kg) HDPE Spk Pipe 6Mtr,,0,0,,0,0,Y,0,0,0,0,Tamil Nadu
,90mm NB(3.2KG) HDPE Irrig Pipe (6Mtr) PT-II,,0,0,,0,0,Y,0,0,0,0,Odisha
,90mm NB(4kg)HDPE Irrig Pipe(6mtr) PT- I,,0,0,,0,0,Y,0,0,0,0,Odisha
,63x50mm MDPE Reducer,,0,0,,0,0,Y,0,0,0,0,Odisha
,110X90MM HDPE MOULDED REDUCER,,0,0,,0,0,Y,0,0,0,0,Odisha
,110x90mm HDPE Spk Reducer(B),,0,0,,0,0,Y,0,0,0,0,Odisha
,75x63MM HDPE MOULDED REDUCER,,0,0,,0,0,Y,0,0,0,0,Odisha
,75x63mm MDPE Reducer,,0,0,,0,0,Y,0,0,0,0,Odisha
,90x75mm HDPE Reducer(PF),,0,0,,0,0,Y,0,0,0,0,Odisha
,90x75mm HDPE Spk Reducer(B),,0,0,,0,0,Y,0,0,0,0,Odisha
,110MM B HDPE Spk Tee,,0,0,,0,0,Y,0,0,0,0,Odisha
,SOC 75mm N3 HDPE SKP Tee,,0,0,,0,0,Y,0,0,0,0,Tamil Nadu
,50MM B HDPE Spk Tee,,0,0,,0,0,Y,0,0,0,0,Odisha
,63MM B HDPE Spk Tee,,0,0,,0,0,Y,0,0,0,0,Odisha
,SOC B 63MM HDPE Spk TEE,,0,0,,0,0,Y,0,0,0,0,Odisha
,SOC B 75mm HDPE Spk Tee,,0,0,,0,0,Y,0,0,0,0,Odisha
,90mm B HDPE Spk Tee,,0,0,,0,0,Y,0,0,0,0,Odisha
,SOC B 90MM HDPE Spk Tee,,0,0,,0,0,Y,0,0,0,0,Odisha
,110mm HDPE Spk Tail Pice,,0,0,,0,0,Y,0,0,0,0,Odisha
,50mm HDPE SPK Tail Pice,,0,0,,0,0,Y,0,0,0,0,Odisha
,63MM HDPE Spk Tail Pice,,0,0,,0,0,Y,0,0,0,0,Odisha
,75MM HDPE Spk Tail Piece,,0,0,,0,0,Y,0,0,0,0,Odisha
,SOC 75mm N3 HDPE Spk Adopter,,0,0,,0,0,Y,0,0,0,0,Tamil Nadu
,90mm HDPE Spk T.P.,,0,0,,0,0,Y,0,0,0,0,Odisha
,SOC 110mm HDPE Spk T.P.,,0,0,,0,0,Y,0,0,0,0,Odisha
,Soc 50MM HDPE Spk T.P.,,0,0,,0,0,Y,0,0,0,0,Odisha
,SOC 63mm HDPE Spk T.P.,,0,0,,0,0,Y,0,0,0,0,Odisha
,SOC 75mm HDPE Spk T.P.,,0,0,,0,0,Y,0,0,0,0,Odisha
,SOC 90mm HDPE Spk T.P.,,0,0,,0,0,Y,0,0,0,0,Odisha
,PVC PIPE 110MMX2.5KG/CM2(MTR),,0,0,,0,0,Y,0,0,0,0,Odisha
,PVC PIPE 110MMX4KG/CM2 (MTR),,187.45,0,,0,0,Y,0,0,0,0,Odisha
,PVC PIPE 110MMX6KG/CM2 (MTR),,0,0,,0,0,Y,0,0,0,0,Odisha
,PVC PIPE 140MMX2.5KG/CM2 (MTR),,0,0,,0,0,Y,0,0,0,0,Odisha
,End Cap 160mm PVC,,0,0,,0,0,Y,0,0,0,0,Rajasthan
,SOC 75mm N3 HDPE Spk Bend,,0,0,,0,0,Y,0,0,0,0,Tamil Nadu
,PVC PIPE 140MMX4KG/CM2(Mtr),,262.5,0,,0,0,Y,0,0,0,0,Odisha
,PVC PIPE 140MMX6KG/CM2(Mtr),,0,0,,0,0,Y,0,0,0,0,Odisha
,PVC PIPE 160MMX2.5KG/CM2 (MTR),,0,0,,0,0,Y,0,0,0,0,Odisha
,PVC PIPE 160MMX6KG/CM2 (MTR),,0,0,,0,0,Y,0,0,0,0,Odisha
,PVC PIPE 200MMX2.5KG/CM2 (MTR),,0,0,,0,0,Y,0,0,0,0,Odisha
,PVC PIPE 200MMX4KG/CM2 (MTR),,0,0,,0,0,Y,0,0,0,0,Odisha
,PVC PIPE 200MMX6KG/CM2 (MTR),,0,0,,0,0,Y,0,0,0,0,Odisha
,PVC PIPE 225MMX4KG/CM2 CASING PIPE(MTR),,0,0,,0,0,Y,0,0,0,0,Odisha
,PVC PIPE 225MMX6KG/CM2 CASING PIPE(MTR),,0,0,,0,0,Y,0,0,0,0,Odisha
,PVC PIPE 32MMX10KG/CM2 (MTR),,48,0,,0,0,Y,0,0,0,0,Odisha
,Soc 75mm N3 HDPE SPK MLC,,0,0,,0,0,Y,0,0,0,0,Tamil Nadu
,PVC Pipe 63mm x 4 Kg / Cm2(MTR)XXXXXXXX,,65.42,0,,0,0,Y,0,0,0,0,Odisha
,PVC PIPE 63MMX6KG/CM2 (MTR),,95.05,0,,0,0,Y,0,0,0,0,Odisha
,PVC PIPE 75MM X 6KG/CM2 (MTR),,132.87,0,,0,0,Y,0,0,0,0,Odisha
,PVC PIPE 90MM X2.5KG/CM2 (MTR),,82.8,0,,0,0,Y,0,0,0,0,Odisha
,PVC PIPE 90MM X6KG/CM2 (MTR),,189.11,0,,0,0,Y,0,0,0,0,Odisha
,PVC PIPE 90MMX10KG/CM2 (MTR),,0,0,,0,0,Y,0,0,0,0,Odisha
,140X110MM MS Reducer,,0,0,,0,0,Y,0,0,0,0,Odisha
,160x110MM MS Reducer,,0,0,,0,0,Y,0,0,0,0,Odisha
,160x90mm MS Reducer,,0,0,,0,0,Y,0,0,0,0,Odisha
,90MM HDPE Pipe End PN6 PE80(Moulded),,0,0,,0,0,Y,0,0,0,0,Odisha
,SOC 75mm N3 HDPE Spk PCN,,0,0,,0,0,Y,0,0,0,0,Tamil Nadu
,110MM HDPE Pipe End PN6 PE80(Moulded),,0,0,,0,0,Y,0,0,0,0,Odisha
,125MM HDPE Pipe End PN6 PE80(Moulded),,0,0,,0,0,Y,0,0,0,0,Odisha
,140MM HDPE End Cap PN6 PE80(Moulded),,0,0,,0,0,Y,0,0,0,0,Odisha
,140MM HDPE Pipe End PN6 PE80(Moulded),,0,0,,0,0,Y,0,0,0,0,Odisha
,180MM HDPE Pipe End PN6 PE80(Moulded),,0,0,,0,0,Y,0,0,0,0,Odisha
,125MM HDPE MOULDED BEND,,0,0,,0,0,Y,0,0,0,0,Odisha
,140MM HDPE MOULDED BEND,,0,0,,0,0,Y,0,0,0,0,Odisha
,160MM HDPE MOULDED BEND,,0,0,,0,0,Y,0,0,0,0,Odisha
,160MM HDPE MOULDED BEND(PN6),,0,0,,0,0,Y,0,0,0,0,Odisha
,125mm HDPE End Cap(Moulded),,0,0,,0,0,Y,0,0,0,0,Odisha
,SOC 75mm N3 HDPE Spk Pipe 6mtr,,0,0,,0,0,Y,0,0,0,0,Tamil Nadu
,125MM HDPE End Cap PN6 PE80(Moulded),,0,0,,0,0,Y,0,0,0,0,Odisha
,140mm HDPE End Cap(Moulded),,0,0,,0,0,Y,0,0,0,0,Odisha
,160mm HDPE End Cap(Moulded),,0,0,,0,0,Y,0,0,0,0,Odisha
,160MM HDPE End Cap PN6 PE80(Moulded),,0,0,,0,0,Y,0,0,0,0,Odisha
,200MM HDPE End Cap PN6 PE80(Moulded),,0,0,,0,0,Y,0,0,0,0,Odisha
,200MM HDPE ENDCAP(Moulded),,0,0,,0,0,Y,0,0,0,0,Odisha
,225MM HDPE End Cap(Moulded),,0,0,,0,0,Y,0,0,0,0,Odisha
,140MM HDPE MOULDED PCN,,0,0,,0,0,Y,0,0,0,0,Odisha
,160MM HDPE MOULDED PCN,,0,0,,0,0,Y,0,0,0,0,Odisha
,110MM PN6 PE100 HDPE PIPE END,,0,0,,0,0,Y,0,0,0,0,Odisha
,SOC 75mm N3 Spk Foot Batten,,350,0,,0,0,Y,0,0,0,0,Tamil Nadu
,225mm HDPE Pipe End(Moulded),,0,0,,0,0,Y,0,0,0,0,Odisha
,250mm HDPE Pipe End(Moulded),,0,0,,0,0,Y,0,0,0,0,Odisha
,280MM HDPE Pipe End(Moulded),,0,0,,0,0,Y,0,0,0,0,Odisha
,315MM HDPE  Pipe End(Moulded),,0,0,,0,0,Y,0,0,0,0,Odisha
,355MM HDPE PIPE END(Moulded),,0,0,,0,0,Y,0,0,0,0,Odisha
,500MM HDPE Pipe End,,0,0,,0,0,Y,0,0,0,0,Odisha
,125X110MM HDPE MOULDED REDUCER,,0,0,,0,0,Y,0,0,0,0,Odisha
,125X90MM HDPE MOULDED REDUCER,,0,0,,0,0,Y,0,0,0,0,Odisha
,140X110MM HDPE MOULDED REDUCER,,0,0,,0,0,Y,0,0,0,0,Odisha
,140X125MM HDPE MOULDED REDUCER,,0,0,,0,0,Y,0,0,0,0,Odisha
,Soc 75mm N3 Spk Latch,,0,0,,0,0,Y,0,0,0,0,Tamil Nadu
,140X90MM HDPE MOULDED REDUCER,,0,0,,0,0,Y,0,0,0,0,Odisha
,160X110MM HDPE MOULDED REDUCER,,0,0,,0,0,Y,0,0,0,0,Odisha
,160X75MM HDPE Reducer,,0,0,,0,0,Y,0,0,0,0,Odisha
,160X90mm HDPE Moulded Reducer,,0,0,,0,0,Y,0,0,0,0,Odisha
,160X140MM HDPE MOULDED REDUCER,,0,0,,0,0,Y,0,0,0,0,Odisha
,180x90mm HDPE Moulded Reducer,,0,0,,0,0,Y,0,0,0,0,Odisha
,180X125MM HDPE MOULDED REDUCER,,0,0,,0,0,Y,0,0,0,0,Odisha
,180X140MM HDPE MOULDED REDUCER,,0,0,,0,0,Y,0,0,0,0,Odisha
,200X180MM HDPE MOULDED REDUCER,,0,0,,0,0,Y,0,0,0,0,Odisha
,200X125MM HDPE MOULDED REDUCER,,0,0,,0,0,Y,0,0,0,0,Odisha
,SOC 75MM Spk Plain Latch,,0,0,,0,0,Y,0,0,0,0,Tamil Nadu
,200X140MM HDPE MOULDED REDUCER,,0,0,,0,0,Y,0,0,0,0,Odisha
,200x90mm HDPE  Moulded Reducer,,0,0,,0,0,Y,0,0,0,0,Odisha
,225X160MM HDPE Molulded Reducer,,0,0,,0,0,Y,0,0,0,0,Odisha
,225X180MM HDPE Moulded Reducer,,0,0,,0,0,Y,0,0,0,0,Odisha
,225X90MM HDPE Moulded Reducer,,0,0,,0,0,Y,0,0,0,0,Odisha
,250X110MM HDPE Moulded Reducer,,0,0,,0,0,Y,0,0,0,0,Odisha
,250X160MM HDPE Moulded Reducer,,0,0,,0,0,Y,0,0,0,0,Odisha
,250x90mm HDPE Moulded Reducer,,0,0,,0,0,Y,0,0,0,0,Odisha
,280X90MM HDPE Moulded Reducer,,0,0,,0,0,Y,0,0,0,0,Odisha
,315X110MM HDPE Moulded Reducer,,0,0,,0,0,Y,0,0,0,0,Odisha
,Emmitting Pipe CL-II(16mm 4LPH 30cm)Flat,,0,0,,0,0,Y,0,0,0,0,Tamil Nadu
,315X180MM HDPE Moulded Reducer,,0,0,,0,0,Y,0,0,0,0,Odisha
,315X225MM HDPE Moulded Reducer,,0,0,,0,0,Y,0,0,0,0,Odisha
,315X250MM HDPE Moulded Reducer,,0,0,,0,0,Y,0,0,0,0,Odisha
,315x90MM HDPE Moulded Reducer,,0,0,,0,0,Y,0,0,0,0,Odisha
,355X125MM HDPE Moulded Reducer,,0,0,,0,0,Y,0,0,0,0,Odisha
,355X250MM HDPE Moulded Reducer,,0,0,,0,0,Y,0,0,0,0,Odisha
,355x315MM HDPE Moulded Reducer,,0,0,,0,0,Y,0,0,0,0,Odisha
,160MM HDPE MOULDED TEE(PN6),,0,0,,0,0,Y,0,0,0,0,Odisha
,125MM HDPE MOULDED TEE,,0,0,,0,0,Y,0,0,0,0,Odisha
,140MM HDPE MOULDED TEE,,0,0,,0,0,Y,0,0,0,0,Odisha
,SOC 75x40mm Bush Nipple,,0,0,,0,0,Y,0,0,0,0,Tamil Nadu
,160MM HDPE MOULDED TEE,,0,0,,0,0,Y,0,0,0,0,Odisha
,32mm PN6 PE- 63 N,,48.71,0,,0,0,Y,0,0,0,0,Odisha
,50mm PN4 PE- 63 N,,77.02,0,,0,0,Y,0,0,0,0,Odisha
,75mm PN6 PE- 63 N,,240.68,0,,0,0,Y,0,0,0,0,Odisha
,90MM PN6 PE80 HDPE BEND(FF),,0,0,,0,0,Y,0,0,0,0,Odisha
,110MM PN6 PE80 HDPE BEND(FF)45*,,0,0,,0,0,Y,0,0,0,0,Odisha
,125MM PN6 PE80 HDPE BEND 45*(FF),,0,0,,0,0,Y,0,0,0,0,Odisha
,140MM PN6 PE80 HDPE BEND 45*(FF),,0,0,,0,0,Y,0,0,0,0,Odisha
,160MM PN6 PE80 HDPE BEND-90*(FF),,0,0,,0,0,Y,0,0,0,0,Odisha
,180MM PN6 PE80 HDPE BEND(FF)90*,,0,0,,0,0,Y,0,0,0,0,Odisha
,SOC 75X63MM HDPE Spk Reducer,,0,0,,0,0,Y,0,0,0,0,Tamil Nadu
,200MM PN6 PE80 HDPE BEND (FF)90*,,0,0,,0,0,Y,0,0,0,0,Odisha
,110mm PN6 PE- 80 N,,431.18,0,,0,0,Y,0,0,0,0,Odisha
,20MM PN12.5 PE80,,27.74,0,,0,0,Y,0,0,0,0,Odisha
,MDPE PIPE 20MM PN16 PE80(ISO:4427),,0,0,,0,0,Y,0,0,0,0,Odisha
,25MM PN10 PE80,,36.87,0,,0,0,Y,0,0,0,0,Odisha
,MDPE PIPE 25MM PN16 PE80(ISO:4427),,0,0,,0,0,Y,0,0,0,0,Odisha
,32MM PE-80-2.3A(IS:14885),,0,0,,0,0,Y,0,0,0,0,Odisha
,32MM PE-80-3.0A(IS:14885),,0,0,,0,0,Y,0,0,0,0,Odisha
,32mm PN8 PE- 80 N,,47.54,0,,0,0,Y,0,0,0,0,Odisha
,40MM PN10 PE80,,94.04,0,,0,0,Y,0,0,0,0,Odisha
,End Cap 32mm PVC,,0,0,,0,0,Y,0,0,0,0,Rajasthan
,SOC 75X63MM HDPE Spk Reducer Adopter,,0,0,,0,0,Y,0,0,0,0,Tamil Nadu
,40mm PN6 PE- 80 N,,61.76,0,,0,0,Y,0,0,0,0,Odisha
,40MM PN8 PE80 N,,77.2,0,,0,0,Y,0,0,0,0,Odisha
,50mm PN10 PE-80 N,,138.79,0,,0,0,Y,0,0,0,0,Odisha
,50MM PN12.5 PE-80 N,,167.12,0,,0,0,Y,0,0,0,0,Odisha
,50mm PN6 PE- 80 N,,91.63,0,,0,0,Y,0,0,0,0,Odisha
,50mm PN8 PE- 80 N,,117.23,0,,0,0,Y,0,0,0,0,Odisha
,63mm PN8 PE- 80 N,,181.9,0,,0,0,Y,0,0,0,0,Odisha
,63mm PN6 PE- 80 N,,142.83,0,,0,0,Y,0,0,0,0,Odisha
,75mm PN6 PE- 80 N,,203.46,0,,0,0,Y,0,0,0,0,Odisha
,75mm PN8 PE- 80 N,,257.36,0,,0,0,Y,0,0,0,0,Odisha
,SOC 90MM AVL Spk Latch,,0,0,,0,0,Y,0,0,0,0,Tamil Nadu
,90mm PN6 PE- 80 N,,288.35,0,,0,0,Y,0,0,0,0,Odisha
,90mm PN6 PE- 80 N(FF),,0,0,,0,0,Y,0,0,0,0,Odisha
,DN110 PE80 PN6 HDPE PIPE(FF),,0,0,,0,0,Y,0,0,0,0,Odisha
,DN110 PE80 PN6 N HDPE PIPE,,0,0,,0,0,Y,0,0,0,0,Odisha
,DN125 PE80 PN6 HDPE PIPE,,0,0,,0,0,Y,0,0,0,0,Odisha
,DN125 PE80 PN6 HDPE PIPE(FF),,0,0,,0,0,Y,0,0,0,0,Odisha
,DN125 PE80-11.4A (IS:14885),,0,0,,0,0,Y,0,0,0,0,Odisha
,DN125 PE80-7.1A (IS:14885),,0,0,,0,0,Y,0,0,0,0,Odisha
,DN140 PE80 PN6 N HDPE PIPE,,0,0,,0,0,Y,0,0,0,0,Odisha
,DN160 PE80 PN6 N HDPE PIPE,,0,0,,0,0,Y,0,0,0,0,Odisha
,SOC 90mm E-5 HDPE Spk Adopter,,0,0,,0,0,Y,0,0,0,0,Tamil Nadu
,DN160 PE80 PN6 N HDPE PIPE(FF),,0,0,,0,0,Y,0,0,0,0,Odisha
,DN180 PE80 PN6 HDPE PIPE,,0,0,,0,0,Y,0,0,0,0,Odisha
,DN180 PE80 PN6 HDPE PIPE(FF),,0,0,,0,0,Y,0,0,0,0,Odisha
,DN200 PE80 PN6 HDPE PIPE(FF),,0,0,,0,0,Y,0,0,0,0,Odisha
,DN200 PE80 PN6 N HDPE PIPE,,0,0,,0,0,Y,0,0,0,0,Odisha
,DN225 PE80 PN6 HDPE PIPE(FF),,0,0,,0,0,Y,0,0,0,0,Odisha
,DN225 PE80 PN6 HDPE PIPE,,0,0,,0,0,Y,0,0,0,0,Odisha
,DN450 PE80 PN4 N HDPE PIPE,,0,0,,0,0,Y,0,0,0,0,Odisha
,DN90 PE80 PN6 N HDPE PIPE,,0,0,,0,0,Y,0,0,0,0,Odisha
,75MM HDPE Feb Tee(PF),,0,0,,0,0,Y,0,0,0,0,Odisha
,Soc 90mm E-5 HDPE Spk MLC,,0,0,,0,0,Y,0,0,0,0,Tamil Nadu
,90MM HDPE MOULDED TEE,,0,0,,0,0,Y,0,0,0,0,Odisha
,90MM PN6 PE80 HDPE TEE(FF),,0,0,,0,0,Y,0,0,0,0,Odisha
,110MM HDPE MOULDED TEE,,0,0,,0,0,Y,0,0,0,0,Odisha
,110MM HDPE MOULDED TEE(PN6),,0,0,,0,0,Y,0,0,0,0,Odisha
,140MM PN6 PE80 HDPE TEE 90*(FF),,0,0,,0,0,Y,0,0,0,0,Odisha
,160mm HDPE FEB TEE,,0,0,,0,0,Y,0,0,0,0,Odisha
,160MM PN6 PE80 HDPE TEE 90*(FF),,0,0,,0,0,Y,0,0,0,0,Odisha
,180MM PN6 PE80 HDPE TEE(FF)90*,,0,0,,0,0,Y,0,0,0,0,Odisha
,200MM PN6 PE80 HDPE TEE(FF),,0,0,,0,0,Y,0,0,0,0,Odisha
,110MM PN10 PE100 HDPE BEND-90*(FF),,0,0,,0,0,Y,0,0,0,0,Odisha
,SOC 90MM EPC SPK FOOT BATTEN P/C,,0,0,,0,0,Y,0,0,0,0,Tamil Nadu
,110MM PN6 PE100 HDPE BEND(FF),,0,0,,0,0,Y,0,0,0,0,Odisha
,110MM PN6 PE100 HDPE BEND(FF)45*,,0,0,,0,0,Y,0,0,0,0,Odisha
,125MM PN6 PE100 HDPE BEND-45*(FF),,0,0,,0,0,Y,0,0,0,0,Odisha
,140MM PN6 PE100 HDPE BEND(FF),,0,0,,0,0,Y,0,0,0,0,Odisha
,140MM PN6 PE100 HDPE BEND(FF)45*,,0,0,,0,0,Y,0,0,0,0,Odisha
,160MM PN6 PE100 HDPE BEND 45*(FF),,0,0,,0,0,Y,0,0,0,0,Odisha
,160MM PN6 PE100 HDPE BEND(FF),,0,0,,0,0,Y,0,0,0,0,Odisha
,180MM PN6 PE100 HDPE BEND 45*(FF),,0,0,,0,0,Y,0,0,0,0,Odisha
,180MM PN6 PE100 HDPE BEND 90*(FF),,0,0,,0,0,Y,0,0,0,0,Odisha
,200MM PN6 PE100 HDPE BEND 45*(FF),,0,0,,0,0,Y,0,0,0,0,Odisha
,Soc 90mm Epc Spk Latch P/c,,0,0,,0,0,Y,0,0,0,0,Tamil Nadu
,200MM PN6 PE100 HDPE BEND(FF),,0,0,,0,0,Y,0,0,0,0,Odisha
,225MM PN6 PE100 HDPE BEND(FF),,0,0,,0,0,Y,0,0,0,0,Odisha
,250MM PN6 PE100 HDPE BEND 45*(FF),,0,0,,0,0,Y,0,0,0,0,Odisha
,250MM PN6 PE100 HDPE BEND(FF),,0,0,,0,0,Y,0,0,0,0,Odisha
,280MM PN6 PE100 HDPE BEND 45*(FF),,0,0,,0,0,Y,0,0,0,0,Odisha
,280MM PN6 PE100 HDPE BEND 90*(FF),,0,0,,0,0,Y,0,0,0,0,Odisha
,315MM PN6 PE100 HDPE BEND-45*(FF),,0,0,,0,0,Y,0,0,0,0,Odisha
,315MM PN6 PE100 HDPE BEND-90*(FF),,0,0,,0,0,Y,0,0,0,0,Odisha
,355MM PN6 PE100 HDPE BEND(FF)45*,,0,0,,0,0,Y,0,0,0,0,Odisha
,355MM PN6 PE100 HDPE BEND(FF)90*,,0,0,,0,0,Y,0,0,0,0,Odisha
,SOC 90MM HDPE Spk Connector,,0,0,,0,0,Y,0,0,0,0,Tamil Nadu
,200MM HDPE FAB BEND,,0,0,,0,0,Y,0,0,0,0,Odisha
,32MM PE-100-2.3A(IS:14885),,0,0,,0,0,Y,0,0,0,0,Odisha
,32MM PE-100-3.0A(IS:14885),,0,0,,0,0,Y,0,0,0,0,Odisha
,32MM PN10 PE100 N,,50.11,0,,0,0,Y,0,0,0,0,Odisha
,32MM PN12.5 PE100,,54.24,0,,0,0,Y,0,0,0,0,Odisha
,40MM PN10 PE100 N,,77.31,0,,0,0,Y,0,0,0,0,Odisha
,40MM PN8 PE100 N,,62.23,0,,0,0,Y,0,0,0,0,Odisha
,50MM PN10 PE100 N-1,,0,0,,0,0,Y,0,0,0,0,Odisha
,50MM PN12.5 PE100 N,,132.95,0,,0,0,Y,0,0,0,0,Odisha
,50MM PN10 PE100 N,,115.45,0,,0,0,Y,0,0,0,0,Odisha
,SOC 90mm HDPE Spk End Cap,,150,0,,0,0,Y,0,0,0,0,Tamil Nadu
,50MM PN8 PE-100 N,,94.83,0,,0,0,Y,0,0,0,0,Odisha
,63MM PN10 PE-100 N,,182.79,0,,0,0,Y,0,0,0,0,Odisha
,63MM PN12.5 PE100 N,,206.93,0,,0,0,Y,0,0,0,0,Odisha
,63MM PN8 PE-100 N,,151.18,0,,0,0,Y,0,0,0,0,Odisha
,63MM PN10 PE100 N1,,0,0,,0,0,Y,0,0,0,0,Odisha
,63MM PN6 PE100 N,,118.2,0,,0,0,Y,0,0,0,0,Odisha
,63MM PN8 PE100 N1,,0,0,,0,0,Y,0,0,0,0,Odisha
,75MM PN12.5 PE100 N,,292.86,0,,0,0,Y,0,0,0,0,Odisha
,75MM PN12.5 PE100 N1,,0,0,,0,0,Y,0,0,0,0,Odisha
,75MM PN10 PE100 N,,258.38,0,,0,0,Y,0,0,0,0,Odisha
,250mm Pvc Bend,,0,0,,0,0,Y,0,0,0,0,Tamil Nadu
,75MM PN6 PE100 N,,169.05,0,,0,0,Y,0,0,0,0,Odisha
,75MM PN8 PE100 N,,211.65,0,,0,0,Y,0,0,0,0,Odisha
,90MM PN10 PE-100 N(ISO:4427),,369.71,0,,0,0,Y,0,0,0,0,Odisha
,90MM PN6 PE-100 N,,237.77,0,,0,0,Y,0,0,0,0,Odisha
,DN90 PE100 PN6 N HDPE PIPE(FF),,0,0,,0,0,Y,0,0,0,0,Odisha
,110MM PN10 PE-100 N(ISO:4427),,0,0,,0,0,Y,0,0,0,0,Odisha
,110MM PN6 PE-100 N,,0,0,,0,0,Y,0,0,0,0,Odisha
,110MM PN10 PE100 HDPE ENDCAP(FF),,0,0,,0,0,Y,0,0,0,0,Odisha
,90MM HDPE Pipe End(Moulded),,0,0,,0,0,Y,0,0,0,0,Odisha
,110MM HDPE Pipe End(Moulded),,0,0,,0,0,Y,0,0,0,0,Odisha
,Emmitting Pipe CL-II(16mm 4LPH 30cm)Round,,0,0,,0,0,Y,0,0,0,0,Tamil Nadu
,200MM HDPE Pipe End(Moulded),,0,0,,0,0,Y,0,0,0,0,Odisha
,110MM HDPE Flange(Moulded),,0,0,,0,0,Y,0,0,0,0,Odisha
,160MM HDPE Flange(Moulded),,0,0,,0,0,Y,0,0,0,0,Odisha
,160MM M.S. Flange,,0,0,,0,0,Y,0,0,0,0,Odisha
,200MM M.S. Flange,,0,0,,0,0,Y,0,0,0,0,Odisha
,250MM M.S. Flange,,0,0,,0,0,Y,0,0,0,0,Odisha
,280MM M.S. Flange,,0,0,,0,0,Y,0,0,0,0,Odisha
,315MM M.S. Flange,,0,0,,0,0,Y,0,0,0,0,Odisha
,355MM M.S. Flange,,0,0,,0,0,Y,0,0,0,0,Odisha
,160MM HDPE Pipe End,,0,0,,0,0,Y,0,0,0,0,Odisha
,End Cap 40mm PVC,,0,0,,0,0,Y,0,0,0,0,Rajasthan
,SOC 90mm HDPE Spk T.P.,,0,0,,0,0,Y,0,0,0,0,Tamil Nadu
,160MM HDPE Pipe End(Moulded),,0,0,,0,0,Y,0,0,0,0,Odisha
,DN75 PE100 PN6 HDPE PIPE,,0,0,,0,0,Y,0,0,0,0,Odisha
,DN90 PE100 PN10 N HDPE PIPE,,0,0,,0,0,Y,0,0,0,0,Odisha
,DN90 PE100 PN6 N HDPE PIPE,,0,0,,0,0,Y,0,0,0,0,Odisha
,110MM PN10 PE-100 N(ISO:4427)-FF,,0,0,,0,0,Y,0,0,0,0,Odisha
,DN110 PE100 PN10 HDPE PIPE,,0,0,,0,0,Y,0,0,0,0,Odisha
,DN110 PE100 PN6 HDPE PIPE(FF),,0,0,,0,0,Y,0,0,0,0,Odisha
,DN110 PE-100 PN6 N HDPE PIPE,,0,0,,0,0,Y,0,0,0,0,Odisha
,DN110 PE100 PN 8 HDPE PIPE,,0,0,,0,0,Y,0,0,0,0,Odisha
,DN125 PE100 PN6 HDPE PIPE(FF),,0,0,,0,0,Y,0,0,0,0,Odisha
,SOC 90mm N HDPE Spk Adopter,,0,0,,0,0,Y,0,0,0,0,Tamil Nadu
,DN125 PE100-11.4A (IS:14885),,0,0,,0,0,Y,0,0,0,0,Odisha
,DN125 PE100-7.1A (IS:14885),,0,0,,0,0,Y,0,0,0,0,Odisha
,DN125 PE100 PN6 N HDPE PIPE,,0,0,,0,0,Y,0,0,0,0,Odisha
,DN140 PE100 PN4 N HDPE PIPE,,0,0,,0,0,Y,0,0,0,0,Odisha
,DN140 PE100 PN6  HDPE PIPE(FF),,0,0,,0,0,Y,0,0,0,0,Odisha
,DN140 PE100 PN8 HDPE PIPE,,0,0,,0,0,Y,0,0,0,0,Odisha
,DN140 PE100 PN6 N HDPE PIPE,,0,0,,0,0,Y,0,0,0,0,Odisha
,DN160 PE100 PN10 N HDPE PIPE,,0,0,,0,0,Y,0,0,0,0,Odisha
,DN160 PE100 PN6  HDPE PIPE(FF),,0,0,,0,0,Y,0,0,0,0,Odisha
,DN160 PE100 PN8 N HDPE PIPE(FF),,0,0,,0,0,Y,0,0,0,0,Odisha
,SOC 90mm N HDPE Spk Bend,,350,0,,0,0,Y,0,0,0,0,Tamil Nadu
,DN160 PE100 PN12.5 N HDPE PIPE(ISO:4427),,0,0,,0,0,Y,0,0,0,0,Odisha
,DN160 PE100 PN16 N HDPE PIPE(ISO:4427),,0,0,,0,0,Y,0,0,0,0,Odisha
,DN160 PE100 PN6 N HDPE PIPE,,0,0,,0,0,Y,0,0,0,0,Odisha
,DN160 PE100 PN8 N HDPE PIPE,,0,0,,0,0,Y,0,0,0,0,Odisha
,DN180 PE100 PN6 HDPE PIPE(FF),,0,0,,0,0,Y,0,0,0,0,Odisha
,DN180 PE100 PN6 N HDPE PIPE,,0,0,,0,0,Y,0,0,0,0,Odisha
,DN180 PE100 PN8 HDPE PIPE,,0,0,,0,0,Y,0,0,0,0,Odisha
,DN200 PE100 PN10 N HDPE PIPE,,0,0,,0,0,Y,0,0,0,0,Odisha
,DN200 PE100 PN6 HDPE PIPE(FF),,0,0,,0,0,Y,0,0,0,0,Odisha
,DN200 PE100 PN6 N HDPE PIPE,,0,0,,0,0,Y,0,0,0,0,Odisha
,SOC 90MM N HDPE Spk MLC,,0,0,,0,0,Y,0,0,0,0,Tamil Nadu
,DN200 PE100 PN8 HDPE PIPE,,0,0,,0,0,Y,0,0,0,0,Odisha
,DN225 PE100 PN6 HDPE PIPE(FF),,0,0,,0,0,Y,0,0,0,0,Odisha
,DN225 PE100 PN6 N HDPE PIPE,,0,0,,0,0,Y,0,0,0,0,Odisha
,DN250 PE100 PN10 HDPE PIPE,,0,0,,0,0,Y,0,0,0,0,Odisha
,DN250 PE100 PN6 HDPE PIPE(FF),,0,0,,0,0,Y,0,0,0,0,Odisha
,DN250 PE100 PN6 N HDPE PIPE,,0,0,,0,0,Y,0,0,0,0,Odisha
,DN280 PE100 PN6 HDPE PIPE(FF),,0,0,,0,0,Y,0,0,0,0,Odisha
,DN280 PE100 PN6 N HDPE PIPE,,0,0,,0,0,Y,0,0,0,0,Odisha
,DN315 PE100 PN16 HDPE PIPE,,0,0,,0,0,Y,0,0,0,0,Odisha
,DN315 PE100 PN6 HDPE PIPE(FF),,0,0,,0,0,Y,0,0,0,0,Odisha
,SOC 90mm N HDPE Spk PCN,,320,0,,0,0,Y,0,0,0,0,Tamil Nadu
,DN315 PE100 PN6 N HDPE PIPE,,0,0,,0,0,Y,0,0,0,0,Odisha
,DN315 PE100 PN8 N HDPE PIPE,,0,0,,0,0,Y,0,0,0,0,Odisha
,DN355 PE100 PN6 HDPE PIPE(FF),,0,0,,0,0,Y,0,0,0,0,Odisha
,DN355 PE100 PN6 N HDPE PIPE,,0,0,,0,0,Y,0,0,0,0,Odisha
,DN400 PE100 PN10 HDPE PIPE,,0,0,,0,0,Y,0,0,0,0,Odisha
,DN500 PE100 PN8 N HDPE PIPE,,0,0,,0,0,Y,0,0,0,0,Odisha
,90MM PN6 PE100 HDPE TEE(FF)90*,,0,0,,0,0,Y,0,0,0,0,Odisha
,110MM PN10 PE100 HDPE TEE(FF),,0,0,,0,0,Y,0,0,0,0,Odisha
,110MM PN6 PE100 HDPE TEE(FF),,0,0,,0,0,Y,0,0,0,0,Odisha
,125MM PN6 PE100 HDPE TEE(FF),,0,0,,0,0,Y,0,0,0,0,Odisha
,SOC 90mm N HDPE Spk Pipe 3mtr,,0,0,,0,0,Y,0,0,0,0,Tamil Nadu
,140MM PN6 PE100 HDPE TEE(FF),,0,0,,0,0,Y,0,0,0,0,Odisha
,160MM PN6 PE100 HDPE TEE(FF),,0,0,,0,0,Y,0,0,0,0,Odisha
,180MM PN6 PE100 HDPE TEE(FF)90*,,0,0,,0,0,Y,0,0,0,0,Odisha
,200MM  HDPE FAB TEE,,0,0,,0,0,Y,0,0,0,0,Odisha
,225MM PN6 PE100 HDPE TEE(FF),,0,0,,0,0,Y,0,0,0,0,Odisha
,250MM PN6 PE100 HDPE TEE(FF),,0,0,,0,0,Y,0,0,0,0,Odisha
,280MM PN6 PE100 HDPE TEE(FF),,0,0,,0,0,Y,0,0,0,0,Odisha
,315MM PN6 PE100 HDPE TEE(FF),,0,0,,0,0,Y,0,0,0,0,Odisha
,200MM PN6 PE100 HDPE TEE(FF),,0,0,,0,0,Y,0,0,0,0,Odisha
,355MM HDPE FAB TEE,,0,0,,0,0,Y,0,0,0,0,Odisha
,SOC 90mm N HDPE Spk Pipe 6mtr,,719,0,,0,0,Y,0,0,0,0,Tamil Nadu
,Copper Wire,,0,0,,0,0,Y,0,0,0,0,Odisha
,63mm PN4 PE- 63 N,,118.28,0,,0,0,Y,0,0,0,0,Odisha
,75mm PN4 PE- 63 N,,169.96,0,,0,0,Y,0,0,0,0,Odisha
,Air Release Valve 1,,157,0,,0,0,Y,0,0,0,0,Odisha
,Air Release Valve 1.5 (HT-89),,493,0,,0,0,Y,0,0,0,0,Odisha
,By Pass Assembly 2.5''(PP),,0,0,,0,0,Y,0,0,0,0,Odisha
,By Pass Assembly 2x1.5''(PP),,0,0,,0,0,Y,0,0,0,0,Odisha
,Disc Filter 20m3/hrx2(PP),,4549,0,,0,0,Y,0,0,0,0,Odisha
,Disc Filter 25m3/hrx2(HT-134TS),,3630.6,0,,0,0,Y,0,0,0,0,Odisha
,Disc Filter 30m3/hr x 2.5(HT-135T),,3630.6,0,,0,0,Y,0,0,0,0,Odisha
,SOC 90mm N HDPE Spk Tee,,0,0,,0,0,Y,0,0,0,0,Tamil Nadu
,Disc Filter 40m3/hrx2.5(PP),,3816,0,,0,0,Y,0,0,0,0,Odisha
,Disc Filter 50m3/hrx3(HT-136T)-Plastic,,3816,0,,0,0,Y,0,0,0,0,Odisha
,Emmitting Pipe CL-II (16mm 2Lph 60cm )Round,,10.65,0,,0,0,Y,0,0,0,0,Odisha
,Emmitting Pipe CL-II(16mm 2LPH 30cm)Flat,,12.99,0,,0,0,Y,0,0,0,0,Odisha
,Emmitting Pipe CL-II(16mm 2LPH 30cm)Round,,12.25,0,,0,0,Y,0,0,0,0,Odisha
,Emmitting Pipe CL-II(16mm 4LPH 30cm)Flat,,12.99,0,,0,0,Y,0,0,0,0,Odisha
,Emmitting Pipe CL-II(16mm 4LPH 30cm)Round,,12.25,0,,0,0,Y,0,0,0,0,Odisha
,Fertilizer Tank with Assembly 60-Litres,,6032,0,,0,0,Y,0,0,0,0,Odisha
,Flush Valve(32x40) 40mm,,0,0,,0,0,Y,0,0,0,0,Odisha
,Flush Valve(40x50) 50mm,,50,0,,0,0,Y,0,0,0,0,Odisha
,SOC 90mm N Spk Foot Batten,,400,0,,0,0,Y,0,0,0,0,Tamil Nadu
,Flush Valve(50x63) 63mm,,52,0,,0,0,Y,0,0,0,0,Odisha
,Flush Valve(63x75) 75mm,,63,0,,0,0,Y,0,0,0,0,Odisha
,Hydro Cyclone Filter 20m3/hr x  2(M.S.),,3393,0,,0,0,Y,0,0,0,0,Odisha
,Hydro Cyclone Filter 30m3/hr x 2.5(MS),,3393,0,,0,0,Y,0,0,0,0,Odisha
,Hydro-Cyclone Filter 40m3/hrx2.5(M.S.),,3393,0,,0,0,Y,0,0,0,0,Odisha
,LLDPE Plain Laterals 12mm 2.5kg CL-II,,7,0,,0,0,Y,0,0,0,0,Odisha
,LLDPE Plain Laterals 16mm 2.5Kg CL-II,,11,0,,0,0,Y,0,0,0,0,Odisha
,Non Return Valve 1(25mm),,0,0,,0,0,Y,0,0,0,0,Odisha
,Non Return Valve 1.5(40mm),,0,0,,0,0,Y,0,0,0,0,Odisha
,Non Return Valve 2(50mm),,1086,0,,0,0,Y,0,0,0,0,Odisha
,SOC 90mm N Spk Latch,,0,0,,0,0,Y,0,0,0,0,Tamil Nadu
,Non Return Valve 2.5(65mm),,1280,0,,0,0,Y,0,0,0,0,Odisha
,On Line Dripper(2-LPH),,0,0,,0,0,Y,0,0,0,0,Odisha
,On Line Dripper(4-LPH),,3.95,0,,0,0,Y,0,0,0,0,Odisha
,On Line Dripper(8-LPH),,3.95,0,,0,0,Y,0,0,0,0,Odisha
,P.P. Ball Valve/control Valve 50mm(Plain),,329,0,,0,0,Y,0,0,0,0,Odisha
,PP Ball Valve/Control Valve 32mm Single Union,,162,0,,0,0,Y,0,0,0,0,Odisha
,PP Ball Valve/Control Valve 40mm(Plain),,329,0,,0,0,Y,0,0,0,0,Odisha
,PP Ball Valve/Control Valve 63mm-Plain,,246.6,0,,0,0,Y,0,0,0,0,Odisha
,PP Ball Valve/Control Valve 75mm Plain,,668,0,,0,0,Y,0,0,0,0,Odisha
,PP Ball Valve/Control Valve 90mm Plain,,688.8,0,,0,0,Y,0,0,0,0,Odisha
,End Cap 40mm(CF),,0,0,,0,0,Y,0,0,0,0,Rajasthan
,Emmitting Pipe CL-II(16mm 4LPH 40cm)Flat,,0,0,,0,0,Y,0,0,0,0,Tamil Nadu
,Pressure Gauge 2,,131.4,0,,0,0,Y,0,0,0,0,Odisha
,PVC PIPE 160MMX4KG/CM2 (MTR),,0,0,,0,0,Y,0,0,0,0,Odisha
,PVC PIPE 180MMX2.5KG/CM2 (MTR),,331,0,,0,0,Y,0,0,0,0,Odisha
,PVC PIPE 180MMX4KG/CM2 (MTR),,533.4,0,,0,0,Y,0,0,0,0,Odisha
,PVC PIPE 180MMX6KG/CM2 (MTR),,761.5,0,,0,0,Y,0,0,0,0,Odisha
,PVC PIPE 40MMX6KG/CM2 (MTR),,47,0,,0,0,Y,0,0,0,0,Odisha
,PVC PIPE 50MMX6KG/CM2 (MTR),,59.25,0,,0,0,Y,0,0,0,0,Odisha
,PVC PIPE 63MM X 4 KG/CM2 (MTR),,65,0,,0,0,Y,0,0,0,0,Odisha
,PVC PIPE 75MM X 4KG/CM2 (MTR),,92.25,0,,0,0,Y,0,0,0,0,Odisha
,PVC PIPE 90MM X4KG/CM2 (MTR),,12880,0,,0,0,Y,0,0,0,0,Odisha
,SOC 90mm N(3.2kg) HDPE Spk Pipe 6mtr,,0,0,,0,0,Y,0,0,0,0,Tamil Nadu
,Sand Filter 10m3/hr x 1.5,,11777.5,0,,0,0,Y,0,0,0,0,Odisha
,Sand Filter 20xm3/hr 2,,13650.7,0,,0,0,Y,0,0,0,0,Odisha
,Sand Filter 25m3/hr x 2,,13650.7,0,,0,0,Y,0,0,0,0,Odisha
,Sand Filter 30mm3X2.5,,24199,0,,0,0,Y,0,0,0,0,Odisha
,Sand Filter 40m3/hr x 2.5,,18149.25,0,,0,0,Y,0,0,0,0,Odisha
,Screen Filter 20m3/hr x 2(Plastic),,1666.8,0,,0,0,Y,0,0,0,0,Odisha
,Screen Filter 30m3/hrx2.5(Plastic),,1666.8,0,,0,0,Y,0,0,0,0,Odisha
,Screen Filter 40m3/hr x 3(Plastics),,1765.2,0,,0,0,Y,0,0,0,0,Odisha
,Screen Filter 40m3/hr X2.5''(Metal),,0,0,,0,0,Y,0,0,0,0,Odisha
,Screen Filter 50m3/hr x 3(Plastic),,1765.2,0,,0,0,Y,0,0,0,0,Odisha
,SOC 90mm N1 Spk Foot Batten,,0,0,,0,0,Y,0,0,0,0,Tamil Nadu
,SOC 110mm N HDPE Spk Pipe 3mtr,,775,0,,0,0,Y,0,0,0,0,Odisha
,SOC 63mm HDPE Spk End Cap,,70,0,,0,0,Y,0,0,0,0,Odisha
,SOC 63MM N HDPE Spk Tee,,275,0,,0,0,Y,0,0,0,0,Odisha
,SOC 75mm HDPE Spk End Cap,,90,0,,0,0,Y,0,0,0,0,Odisha
,SOC 75mm N HDPE Spk Tee,,350,0,,0,0,Y,0,0,0,0,Odisha
,Sprinkler Nozzle(PP)Full Circle '3/4',,400,0,,0,0,Y,0,0,0,0,Odisha
,Sprinkler Riser Pipe- 1 Mtr,,0,0,,0,0,Y,0,0,0,0,Odisha
,Tee(Compression Fitting) 16x12mm,,3.75,0,,0,0,Y,0,0,0,0,Odisha
,Tee(Compression Fitting) 16x16mm,,3.31,0,,0,0,Y,0,0,0,0,Odisha
,Throttle Valve 2(PP),,774,0,,0,0,Y,0,0,0,0,Odisha
,SOC 90mm N1 Spk Latch,,0,0,,0,0,Y,0,0,0,0,Tamil Nadu
,Throttle Valve 2.5(PP),,1800,0,,0,0,Y,0,0,0,0,Odisha
,Ventury Assembly with Manifold 1,,801,0,,0,0,Y,0,0,0,0,Odisha
,Ventury Assembly with Manifold 1.5'',,3389,0,,0,0,Y,0,0,0,0,Odisha
,Ventury Assembly with Manifold 2,,2170.2,0,,0,0,Y,0,0,0,0,Odisha
,Ventury Assembly with Manifold 2.5,,3000,0,,0,0,Y,0,0,0,0,Odisha
,SOC 90mm N2 Spk Latch,,0,0,,0,0,Y,0,0,0,0,Tamil Nadu
,SOC 90mm N3 Spk Foot Batten,,0,0,,0,0,Y,0,0,0,0,Tamil Nadu
,Soc 90mm N3 Spk Latch,,0,0,,0,0,Y,0,0,0,0,Tamil Nadu
,SOC 90x75MM HDPE Spk Red.Tee,,0,0,,0,0,Y,0,0,0,0,Tamil Nadu
,SOC 90x75MM HDPE Spk Reducer,,0,0,,0,0,Y,0,0,0,0,Tamil Nadu
,SOC B 63mm HDPE Spk Bend,,0,0,,0,0,Y,0,0,0,0,Tamil Nadu
,End Cap 50MM(PP),,112,0,,0,0,Y,0,0,0,0,Rajasthan
,SOC B 63MM HDPE Spk TEE,,0,0,,0,0,Y,0,0,0,0,Tamil Nadu
,Emmitting Pipe CL-II(16mm 4LPH 40cm)Round,,0,0,,0,0,Y,0,0,0,0,Tamil Nadu
,SOC B 75mm HDPE Spk Bend,,0,0,,0,0,Y,0,0,0,0,Tamil Nadu
,SOC B 75mm HDPE Spk Tee,,0,0,,0,0,Y,0,0,0,0,Tamil Nadu
,SOC B 90MM HDPE Adopter,,0,0,,0,0,Y,0,0,0,0,Tamil Nadu
,SOC B 90MM HDPE Spk Bend,,0,0,,0,0,Y,0,0,0,0,Tamil Nadu
,SOC B 90MM HDPE Spk Tee,,0,0,,0,0,Y,0,0,0,0,Tamil Nadu
,SOC SPK RIVIT,,0,0,,0,0,Y,0,0,0,0,Tamil Nadu
,Socket for Spk Riser Pipe,,0,0,,0,0,Y,0,0,0,0,Tamil Nadu
,Sprinkler Nozzle(AJ- 01)Z,,0,0,,0,0,Y,0,0,0,0,Tamil Nadu
,End Cap 50mm(PVC),,17.17,0,,0,0,Y,0,0,0,0,Rajasthan
,Sprinkler Nozzle(AJ-01)Medium,,0,0,,0,0,Y,0,0,0,0,Tamil Nadu
,Sprinkler Nozzle(NI- 02)Z -3/4,,340,0,,0,0,Y,0,0,0,0,Tamil Nadu
,Emmitting Pipe CL-II(16mm 4LPH 40cm)Round E-5,,0,0,,0,0,Y,0,0,0,0,Tamil Nadu
,Sprinkler Nozzle(NI-02)Heavy,,0,0,,0,0,Y,0,0,0,0,Tamil Nadu
,Sprinkler Nozzle(NI-02)Light,,0,0,,0,0,Y,0,0,0,0,Tamil Nadu
,Sprinkler Nozzle(NI-02)Medium,,0,0,,0,0,Y,0,0,0,0,Tamil Nadu
,Sprinkler Nozzle(NI-02)Medium-N3,,0,0,,0,0,Y,0,0,0,0,Tamil Nadu
,Sprinkler Nozzle(NI-02)Z-1/2,,0,0,,0,0,Y,0,0,0,0,Tamil Nadu
,Sprinkler Nozzle(NI-02)Z-N3,,0,0,,0,0,Y,0,0,0,0,Tamil Nadu
,Sprinkler Nozzle(NI-03),,0,0,,0,0,Y,0,0,0,0,Tamil Nadu
,32mm HDPE Flange,,0,0,,0,0,Y,0,0,0,0,Rajasthan
,End Cap 63MM(PP),,113,0,,0,0,Y,0,0,0,0,Rajasthan
,Sprinkler Nozzle(PP)Full Circle '3/4',,0,0,,0,0,Y,0,0,0,0,Tamil Nadu
,Sprinkler Nozzle(PP)-Single-Half Circle '3/4',,0,0,,0,0,Y,0,0,0,0,Tamil Nadu
,Sprinkler Nozzle(PP)With Metal Spry Bush '3/4',,0,0,,0,0,Y,0,0,0,0,Tamil Nadu
,Emmitting Pipe CL-II(16mm 4LPH 50cm)Flat,,0,0,,0,0,Y,0,0,0,0,Tamil Nadu
,Sprinkler Raingun Nozzle(Assembly) 1.25,,2300,0,,0,0,Y,0,0,0,0,Tamil Nadu
,Sprinkler Raingun Nozzle(Assembly) 1.5,,3000,0,,0,0,Y,0,0,0,0,Tamil Nadu
,Sprinkler Riser Pipe,,90,0,,0,0,Y,0,0,0,0,Tamil Nadu
,Sprinkler Riser Pipe- 1 Mtr,,0,0,,0,0,Y,0,0,0,0,Tamil Nadu
,Sprinkler Riser Pipes 1.25x1.5 Feet,,0,0,,0,0,Y,0,0,0,0,Tamil Nadu
,Tapping Tee with Coupler 90x20mm(EF),,0,0,,0,0,Y,0,0,0,0,Tamil Nadu
,End Cap 63mm(PVC),,21.05,0,,0,0,Y,0,0,0,0,Rajasthan
,Emmitting Pipe CL-II(16mm 4LPH 50cm)Round,,0,0,,0,0,Y,0,0,0,0,Tamil Nadu
,Emmitting Pipe CL-II(16mm 4LPH 50cm)Round E-5,,0,0,,0,0,Y,0,0,0,0,Tamil Nadu
,Emmitting Pipe CL-II(16mm 4LPH 60cm)Flat,,0,0,,0,0,Y,0,0,0,0,Tamil Nadu
,Emmitting Pipe CL-II(16mm 4LPH 60cm)Round,,9.48,0,,0,0,Y,0,0,0,0,Tamil Nadu
,Emmitting Pipe CL-II(16mm 4LPH 60cm)Round E-5,,0,0,,0,0,Y,0,0,0,0,Tamil Nadu
,32mm HDPE Bend,,0,0,,0,0,Y,0,0,0,0,Tamil Nadu
,Emmitting Pipe CL-III(16mm 4LPH 50cm)Round E-5,,0,0,,0,0,Y,0,0,0,0,Tamil Nadu
,Emmitting Pipe(16mm 4LPH 40cm)R Hybrid,,0,0,,0,0,Y,0,0,0,0,Tamil Nadu
,End Cap 110mm(CF),,0,0,,0,0,Y,0,0,0,0,Tamil Nadu
,End Cap 140mm PVC,,0,0,,0,0,Y,0,0,0,0,Tamil Nadu
,End Cap 75mm(CF),,0,0,,0,0,Y,0,0,0,0,Rajasthan
,End Cap 160mm PVC,,0,0,,0,0,Y,0,0,0,0,Tamil Nadu
,End Cap 32mm PVC,,0,0,,0,0,Y,0,0,0,0,Tamil Nadu
,End Cap 40mm PVC,,0,0,,0,0,Y,0,0,0,0,Tamil Nadu
,End Cap 40mm(CF),,0,0,,0,0,Y,0,0,0,0,Tamil Nadu
,End Cap 50MM(PP),,112,0,,0,0,Y,0,0,0,0,Tamil Nadu
,End Cap 50mm(PVC),,0,0,,0,0,Y,0,0,0,0,Tamil Nadu
,32mm HDPE Flange,,0,0,,0,0,Y,0,0,0,0,Tamil Nadu
,End Cap 63MM(PP),,113,0,,0,0,Y,0,0,0,0,Tamil Nadu
,End Cap 63mm(PVC),,0,0,,0,0,Y,0,0,0,0,Tamil Nadu
,End Cap 75mm(CF),,0,0,,0,0,Y,0,0,0,0,Tamil Nadu
,END CAP 75MM(PVC),,29.57,0,,0,0,Y,0,0,0,0,Rajasthan
,END CAP 75MM(PVC),,0,0,,0,0,Y,0,0,0,0,Tamil Nadu
,End Cap 90mm(PP-CF),,0,0,,0,0,Y,0,0,0,0,Tamil Nadu
,End Cap 90mm(PVC),,0,0,,0,0,Y,0,0,0,0,Tamil Nadu
,End Cap with Ring 2.5 for Screen/Disc Filter,,0,0,,0,0,Y,0,0,0,0,Tamil Nadu
,End Cap with Ring 3 for Screen/Disc Filter,,0,0,,0,0,Y,0,0,0,0,Tamil Nadu
,End Cap/End Plug(Line End) 12mm,,0,0,,0,0,Y,0,0,0,0,Tamil Nadu
,End Cap/End Plug(Line End) 16mm,,0,0,,0,0,Y,0,0,0,0,Tamil Nadu
,32mm HDPE Pipe End,,0,0,,0,0,Y,0,0,0,0,Tamil Nadu
,End Cap/End Plug(Line End) 25mm,,0,0,,0,0,Y,0,0,0,0,Tamil Nadu
,End Cap/End Plug(Line End) 32mm,,0,0,,0,0,Y,0,0,0,0,Tamil Nadu
,End Cap 90mm(PP-CF),,0,0,,0,0,Y,0,0,0,0,Rajasthan
,End Cap/End Plug(Line End)20mm,,0,0,,0,0,Y,0,0,0,0,Tamil Nadu
,End Plate  2-2.5-:3 for Hydrocyc Filter,,0,0,,0,0,Y,0,0,0,0,Tamil Nadu
,Extension/Connecting Tube 1.2M Long 12mm,,0,0,,0,0,Y,0,0,0,0,Tamil Nadu
,Extension/Connecting Tube 1.5M Long 12mm,,0,0,,0,0,Y,0,0,0,0,Tamil Nadu
,Fertilizer Tank with Assembly 30-Litres,,3220,0,,0,0,Y,0,0,0,0,Tamil Nadu
,Fertilizer Tank with Assembly 60-Litres,,5750,0,,0,0,Y,0,0,0,0,Tamil Nadu
,Fertilizer Tank with Assembly 90-Litres,,0,0,,0,0,Y,0,0,0,0,Tamil Nadu
,Flanged Elbow 2,,0,0,,0,0,Y,0,0,0,0,Tamil Nadu
,32mm HDPE Tee,,0,0,,0,0,Y,0,0,0,0,Tamil Nadu
,Flanged Elbow 2.5,,0,0,,0,0,Y,0,0,0,0,Tamil Nadu
,End Cap 90mm(PVC),,37.47,0,,0,0,Y,0,0,0,0,Rajasthan
,Flanged Elbow 3,,0,0,,0,0,Y,0,0,0,0,Tamil Nadu
,Flat Dripper  2LPH,,0,0,,0,0,Y,0,0,0,0,Tamil Nadu
,Flat Dripper  4LPH,,0,0,,0,0,Y,0,0,0,0,Tamil Nadu
,Flat Dripper 1.6LPH,,0,0,,0,0,Y,0,0,0,0,Tamil Nadu
,Flush Valve(32x40) 40mm,,0,0,,0,0,Y,0,0,0,0,Tamil Nadu
,Flush Valve(40x50) 50mm,,62,0,,0,0,Y,0,0,0,0,Tamil Nadu
,Flush Valve(50x63) 63mm,,75,0,,0,0,Y,0,0,0,0,Tamil Nadu
,Flush Valve(63x75) 75mm,,90,0,,0,0,Y,0,0,0,0,Tamil Nadu
,Flush Valve(75x90) 90mm,,0,0,,0,0,Y,0,0,0,0,Tamil Nadu
,4 Way Fogger,,0,0,,0,0,Y,0,0,0,0,Tamil Nadu
,End Cap with Ring 2.5 for Screen/Disc Filter,,0,0,,0,0,Y,0,0,0,0,Rajasthan
,FTA 20mm,,0,0,,0,0,Y,0,0,0,0,Tamil Nadu
,FTA 32mm,,0,0,,0,0,Y,0,0,0,0,Tamil Nadu
,FTA 32MM PVC,,0,0,,0,0,Y,0,0,0,0,Tamil Nadu
,FTA 40mm,,0,0,,0,0,Y,0,0,0,0,Tamil Nadu
,FTA 50MM,,0,0,,0,0,Y,0,0,0,0,Tamil Nadu
,FTA 63mm(63X50-2),,0,0,,0,0,Y,0,0,0,0,Tamil Nadu
,FTA 75mm,,0,0,,0,0,Y,0,0,0,0,Tamil Nadu
,FTA 90MM,,0,0,,0,0,Y,0,0,0,0,Tamil Nadu
,G .I. Nipple 2x4,,0,0,,0,0,Y,0,0,0,0,Tamil Nadu
,G. I. Tee 90mm(3*2.5),,0,0,,0,0,Y,0,0,0,0,Tamil Nadu
,End Cap with Ring 3 for Screen/Disc Filter,,0,0,,0,0,Y,0,0,0,0,Rajasthan
,50mm GI Nipple,,0,0,,0,0,Y,0,0,0,0,Tamil Nadu
,G.I. Nipple 1.5x4,,0,0,,0,0,Y,0,0,0,0,Tamil Nadu
,G.I. Tee 110mm(4*2.5),,0,0,,0,0,Y,0,0,0,0,Tamil Nadu
,G.I. Tee 110mm(4*3),,0,0,,0,0,Y,0,0,0,0,Tamil Nadu
,G.I.Elbow 1.5,,0,0,,0,0,Y,0,0,0,0,Tamil Nadu
,G.I.Elbow 2,,0,0,,0,0,Y,0,0,0,0,Tamil Nadu
,G.I.Reducer 1.25x2,,0,0,,0,0,Y,0,0,0,0,Tamil Nadu
,G.I.Reducer 1.5x2,,0,0,,0,0,Y,0,0,0,0,Tamil Nadu
,G.I.Reducer 1x1/2,,0,0,,0,0,Y,0,0,0,0,Tamil Nadu
,G.I.Socket 1,,0,0,,0,0,Y,0,0,0,0,Tamil Nadu
,End Cap/End Plug(Line End) 12mm,,2.13,0,,0,0,Y,0,0,0,0,Rajasthan
,G.I.Socket 1.5,,0,0,,0,0,Y,0,0,0,0,Tamil Nadu
,50MM GI TEE,,0,0,,0,0,Y,0,0,0,0,Tamil Nadu
,G.I.Socket 1.5x2,,0,0,,0,0,Y,0,0,0,0,Tamil Nadu
,G.I.Socket 2,,0,0,,0,0,Y,0,0,0,0,Tamil Nadu
,GI Elbow 1(MI)25mm,,0,0,,0,0,Y,0,0,0,0,Tamil Nadu
,GI Elbow 2.5(MI),,0,0,,0,0,Y,0,0,0,0,Tamil Nadu
,GI Elbow 32mm(MI),,0,0,,0,0,Y,0,0,0,0,Tamil Nadu
,GI Nipple 1.5x6(MI),,0,0,,0,0,Y,0,0,0,0,Tamil Nadu
,GI Nipple 1/2*3,,0,0,,0,0,Y,0,0,0,0,Tamil Nadu
,GI Nipple 1/2x6,,0,0,,0,0,Y,0,0,0,0,Tamil Nadu
,End Cap/End Plug(Line End) 16mm,,2.45,0,,0,0,Y,0,0,0,0,Rajasthan
,GI Nipple 1x18(MI),,0,0,,0,0,Y,0,0,0,0,Tamil Nadu
,GI Nipple 1x9(MI),,0,0,,0,0,Y,0,0,0,0,Tamil Nadu
,63MM PVC Flange,,0,0,,0,0,Y,0,0,0,0,Tamil Nadu
,GI Nipple 2.5x4(MI),,0,0,,0,0,Y,0,0,0,0,Tamil Nadu
,GI Nipple 2x6(MI),,0,0,,0,0,Y,0,0,0,0,Tamil Nadu
,GI Nipple 32m(1-1/4)X6,,0,0,,0,0,Y,0,0,0,0,Tamil Nadu
,GI Nipples 2.5x9(MI),,0,0,,0,0,Y,0,0,0,0,Tamil Nadu
,GI Reducer 2.5x2(MI),,0,0,,0,0,Y,0,0,0,0,Tamil Nadu
,GI Reducer 3x2-1/2(MI),,0,0,,0,0,Y,0,0,0,0,Tamil Nadu
,GI Reducing Tee 2.5x2(MI),,0,0,,0,0,Y,0,0,0,0,Tamil Nadu
,32mm HDPE Pipe End,,0,0,,0,0,Y,0,0,0,0,Rajasthan
,End Cap/End Plug(Line End) 25mm,,25.61,0,,0,0,Y,0,0,0,0,Rajasthan
,Gi Socket 1.25,,0,0,,0,0,Y,0,0,0,0,Tamil Nadu
,Grommet 12mm,,0,0,,0,0,Y,0,0,0,0,Tamil Nadu
,Grommet 16mm,,0,0,,0,0,Y,0,0,0,0,Tamil Nadu
,12MM In Line Dripper (2-LPH)Round,,0,0,,0,0,Y,0,0,0,0,Tamil Nadu
,63MM PVC Tail Piece,,0,0,,0,0,Y,0,0,0,0,Tamil Nadu
,Gun Metal Throttle Valve 1(25mm),,0,0,,0,0,Y,0,0,0,0,Tamil Nadu
,Gun Metal Throttle Valve 1.5,,0,0,,0,0,Y,0,0,0,0,Tamil Nadu
,Gun Metal Throttle Valve 1/2,,0,0,,0,0,Y,0,0,0,0,Tamil Nadu
,Gun Metal Throttle Valve 2,,0,0,,0,0,Y,0,0,0,0,Tamil Nadu
,Gun Metal Throttle Valve 2.5(65mm),,0,0,,0,0,Y,0,0,0,0,Tamil Nadu
,End Cap/End Plug(Line End) 32mm,,27.84,0,,0,0,Y,0,0,0,0,Rajasthan
,Gun Metal Throttle Valve 3,,0,0,,0,0,Y,0,0,0,0,Tamil Nadu
,Gun Metal Throttle Valve 3/4,,0,0,,0,0,Y,0,0,0,0,Tamil Nadu
,Header Assambly 5(Type-I),,0,0,,0,0,Y,0,0,0,0,Tamil Nadu
,Header Assambly 5(Type-II),,0,0,,0,0,Y,0,0,0,0,Tamil Nadu
,Header Assambly 5(Type-III),,0,0,,0,0,Y,0,0,0,0,Tamil Nadu
,Air Release Valve 1,,110,0,,0,0,Y,0,0,0,0,Tamil Nadu
,Header Assembly 2(M.S.),,220,0,,0,0,Y,0,0,0,0,Tamil Nadu
,Header Assembly 2(PP),,0,0,,0,0,Y,0,0,0,0,Tamil Nadu
,Header Assembly 2.5(M.S.),,0,0,,0,0,Y,0,0,0,0,Tamil Nadu
,Header Assembly 2.5(PP),,0,0,,0,0,Y,0,0,0,0,Tamil Nadu
,End Cap/End Plug(Line End)20mm,,2.5,0,,0,0,Y,0,0,0,0,Rajasthan
,HEADER ASSEMBLY 2.5X2COMBO PP,,0,0,,0,0,Y,0,0,0,0,Tamil Nadu
,Header Assembly 2Combo(PP),,0,0,,0,0,Y,0,0,0,0,Tamil Nadu
,Header Assembly 2x1.5(Combo Pack),,0,0,,0,0,Y,0,0,0,0,Tamil Nadu
,Header Assembly 3(M.S.),,0,0,,0,0,Y,0,0,0,0,Tamil Nadu
,Header Assembly 3(PP),,0,0,,0,0,Y,0,0,0,0,Tamil Nadu
,Header Assembly 3x2Combo-PP,,0,0,,0,0,Y,0,0,0,0,Tamil Nadu
,Air Release Valve 1.5 (HT-89),,0,0,,0,0,Y,0,0,0,0,Tamil Nadu
,Header Assembly 4(M.S.),,0,0,,0,0,Y,0,0,0,0,Tamil Nadu
,Header Assembly 4(PP),,0,0,,0,0,Y,0,0,0,0,Tamil Nadu
,Hex Nipple 1''(MI),,0,0,,0,0,Y,0,0,0,0,Tamil Nadu
,End Plate  2-2.5-:3 for Hydrocyc Filter,,0,0,,0,0,Y,0,0,0,0,Rajasthan
,Hex Nipple 3/4(25mm),,0,0,,0,0,Y,0,0,0,0,Tamil Nadu
,Hose Clamp 4,,0,0,,0,0,Y,0,0,0,0,Tamil Nadu
,Hydro Cyclone Filter 20m3/hr x  2(M.S.),,0,0,,0,0,Y,0,0,0,0,Tamil Nadu
,Hydro Cyclone Filter 30m3/hr x 2.5(MS),,0,0,,0,0,Y,0,0,0,0,Tamil Nadu
,Hydro Cyclone Filter 40m3/hr 3(M.S.),,0,0,,0,0,Y,0,0,0,0,Tamil Nadu
,Hydro-Cyclone Filter 25m3/hr x 2(PP),,4025,0,,0,0,Y,0,0,0,0,Tamil Nadu
,Hydro-Cyclone Filter 25m3/hrx2(M.S.),,0,0,,0,0,Y,0,0,0,0,Tamil Nadu
,Air Release Valve 3/4,,0,0,,0,0,Y,0,0,0,0,Tamil Nadu
,Hydro-Cyclone Filter 30m3/hr x 2.5(PP),,4600,0,,0,0,Y,0,0,0,0,Tamil Nadu
,Hydro-Cyclone Filter 40m3/hr x 2.5(PP),,0,0,,0,0,Y,0,0,0,0,Tamil Nadu
,Extension/Connecting Tube 1.2M Long 12mm,,48,0,,0,0,Y,0,0,0,0,Rajasthan
,Hydro-Cyclone Filter 40m3/hrx2.5(M.S.),,0,0,,0,0,Y,0,0,0,0,Tamil Nadu
,Hydro-Cyclone Filter 40m3/hrx3(PP),,0,0,,0,0,Y,0,0,0,0,Tamil Nadu
,Hydro-Cyclone Filter 50m3/hr x 3(PP),,6325,0,,0,0,Y,0,0,0,0,Tamil Nadu
,Hydro-Cyclone Filter 50m3/hrx3(M.S.),,0,0,,0,0,Y,0,0,0,0,Tamil Nadu
,Hydro-Cyclone Filter 60m3/hrx3(M.S.),,0,0,,0,0,Y,0,0,0,0,Tamil Nadu
,Hydro-Cycloner Filter 10m3/hr x 1.5(M.S),,0,0,,0,0,Y,0,0,0,0,Tamil Nadu
,Installation Stake 1.2Mtr Long(8mm),,0,0,,0,0,Y,0,0,0,0,Tamil Nadu
,Installation Stake Trishul Type,,0,0,,0,0,Y,0,0,0,0,Tamil Nadu
,Back Flush Assembly for Sand Filter 2,,0,0,,0,0,Y,0,0,0,0,Tamil Nadu
,Installation Stake Trishul Type 1.5mtr,,0,0,,0,0,Y,0,0,0,0,Tamil Nadu
,Extension/Connecting Tube 1.5M Long 12mm,,0,0,,0,0,Y,0,0,0,0,Rajasthan
,Joiner 12mm,,0,0,,0,0,Y,0,0,0,0,Tamil Nadu
,Joiner 12X16mm,,0,0,,0,0,Y,0,0,0,0,Tamil Nadu
,Joiner 16mm,,0,0,,0,0,Y,0,0,0,0,Tamil Nadu
,Joiner 16x20mm,,0,0,,0,0,Y,0,0,0,0,Tamil Nadu
,Joiner 20mm,,0,0,,0,0,Y,0,0,0,0,Tamil Nadu
,Lateral Cock 12mm,,0,0,,0,0,Y,0,0,0,0,Tamil Nadu
,Lateral Cock 12mm(Heavy),,0,0,,0,0,Y,0,0,0,0,Tamil Nadu
,Lateral Cock 16mm,,0,0,,0,0,Y,0,0,0,0,Tamil Nadu
,Lateral Cock 16mm(Heavy),,0,0,,0,0,Y,0,0,0,0,Tamil Nadu
,Back Flush Assembly for Sand Filter 2.5,,0,0,,0,0,Y,0,0,0,0,Tamil Nadu
,Fertilizer Tank with Assembly 30-Litres,,4402,0,,0,0,Y,0,0,0,0,Rajasthan
,LLDPE Plain Laterals 12mm 2.5kg CL-II,,5,0,,0,0,Y,0,0,0,0,Tamil Nadu
,LLDPE Plain Laterals 16mm 2.5Kg CL-II,,7,0,,0,0,Y,0,0,0,0,Tamil Nadu
,LLDPE Plain Laterals 16mm 2.5kg CL-II(E5),,0,0,,0,0,Y,0,0,0,0,Tamil Nadu
,LLDPE Plain Laterals 25mm 2.5kg Cl-II,,16,0,,0,0,Y,0,0,0,0,Tamil Nadu
,LLDPE Plain Laterals 32mm 2.5Kg CL-II,,26,0,,0,0,Y,0,0,0,0,Tamil Nadu
,Menifold for Ventury '2',,0,0,,0,0,Y,0,0,0,0,Tamil Nadu
,Micro Spk Stake(C/O Type),,0,0,,0,0,Y,0,0,0,0,Tamil Nadu
,Micro Spk Tube(C/O-Type),,0,0,,0,0,Y,0,0,0,0,Tamil Nadu
,Micro Spk. Set(Assembly Without Stand)Nozzle,,0,0,,0,0,Y,0,0,0,0,Tamil Nadu
,Micro Tube 1.8mm,,0,0,,0,0,Y,0,0,0,0,Tamil Nadu
,Fertilizer Tank with Assembly 60-Litres,,6032,0,,0,0,Y,0,0,0,0,Rajasthan
,Back Flush Assembly for Sand Filter 3,,0,0,,0,0,Y,0,0,0,0,Tamil Nadu
,Mini Spk M/F Adopter 1/2,,0,0,,0,0,Y,0,0,0,0,Tamil Nadu
,Mini Spk M/F Connector(9/12mm),,0,0,,0,0,Y,0,0,0,0,Tamil Nadu
,Mini Spk Nozzle-Half Circle '1/2',,0,0,,0,0,Y,0,0,0,0,Tamil Nadu
,Mini Spk. Nozzle(Double) Full Circle,,0,0,,0,0,Y,0,0,0,0,Tamil Nadu
,M-Seal(Safeda-MI),,0,0,,0,0,Y,0,0,0,0,Tamil Nadu
,MTA 110mm(CF),,0,0,,0,0,Y,0,0,0,0,Tamil Nadu
,MTA 25MM PVC,,0,0,,0,0,Y,0,0,0,0,Tamil Nadu
,MTA 32MM PVC,,0,0,,0,0,Y,0,0,0,0,Tamil Nadu
,MTA 40mm(CF),,0,0,,0,0,Y,0,0,0,0,Tamil Nadu
,Fertilizer Tank with Assembly 90-Litres,,6887,0,,0,0,Y,0,0,0,0,Rajasthan
,MTA 50MM(50X40=1.5) PVC,,0,0,,0,0,Y,0,0,0,0,Tamil Nadu
,Ball Valve 1/2(Brass),,0,0,,0,0,Y,0,0,0,0,Tamil Nadu
,MTA 50mm(PP-CF),,0,0,,0,0,Y,0,0,0,0,Tamil Nadu
,MTA 63mm(63X50-2)PVC,,0,0,,0,0,Y,0,0,0,0,Tamil Nadu
,MTA 63MM(CF),,0,0,,0,0,Y,0,0,0,0,Tamil Nadu
,MTA 63x50mm(CF),,0,0,,0,0,Y,0,0,0,0,Tamil Nadu
,MTA 75MM PVC,,0,0,,0,0,Y,0,0,0,0,Tamil Nadu
,MTA 75MM(CF),,0,0,,0,0,Y,0,0,0,0,Tamil Nadu
,MTA 75x63mm(CF),,0,0,,0,0,Y,0,0,0,0,Tamil Nadu
,MTA 90MM PVC,,0,0,,0,0,Y,0,0,0,0,Tamil Nadu
,Flanged Elbow 2,,0,0,,0,0,Y,0,0,0,0,Rajasthan
,MTA 90MM(CF),,0,0,,0,0,Y,0,0,0,0,Tamil Nadu
,MTA 90x75mm(CF),,0,0,,0,0,Y,0,0,0,0,Tamil Nadu
,Butterfly Valve 2,,0,0,,0,0,Y,0,0,0,0,Tamil Nadu
,MTA PP(CF) 25MM,,0,0,,0,0,Y,0,0,0,0,Tamil Nadu
,MTA(Compression Fittings) 32mm x 1,,0,0,,0,0,Y,0,0,0,0,Tamil Nadu
,MTA(Compression Fittings)20mm X 3/4,,0,0,,0,0,Y,0,0,0,0,Tamil Nadu
,Non Return Valve 1(25mm),,0,0,,0,0,Y,0,0,0,0,Tamil Nadu
,Non Return Valve 1.5(40mm),,600,0,,0,0,Y,0,0,0,0,Tamil Nadu
,Non Return Valve 2(50mm),,800,0,,0,0,Y,0,0,0,0,Tamil Nadu
,Non Return Valve 2.5(65mm),,1250,0,,0,0,Y,0,0,0,0,Tamil Nadu
,32mm HDPE Tee,,0,0,,0,0,Y,0,0,0,0,Rajasthan
,Flanged Elbow 2.5,,0,0,,0,0,Y,0,0,0,0,Rajasthan
,Non Return Valve 2.5(PP),,0,0,,0,0,Y,0,0,0,0,Tamil Nadu
,Non Return Valve 3(80mm),,0,0,,0,0,Y,0,0,0,0,Tamil Nadu
,Non Return Valve 4,,0,0,,0,0,Y,0,0,0,0,Tamil Nadu
,Butterfly Valve 2.5,,0,0,,0,0,Y,0,0,0,0,Tamil Nadu
,Non Return Valve(NRV) 6,,0,0,,0,0,Y,0,0,0,0,Tamil Nadu
,On Line Dripper(14-LPH),,0,0,,0,0,Y,0,0,0,0,Tamil Nadu
,On Line Dripper(2-LPH),,0,0,,0,0,Y,0,0,0,0,Tamil Nadu
,On Line Dripper(4-LPH),,0,0,,0,0,Y,0,0,0,0,Tamil Nadu
,On Line Dripper(8-LPH),,2.25,0,,0,0,Y,0,0,0,0,Tamil Nadu
,P. P. Ball Valve 1 Threaded (32mm) M/F,,0,0,,0,0,Y,0,0,0,0,Tamil Nadu
,Flanged Elbow 3,,0,0,,0,0,Y,0,0,0,0,Rajasthan
,P.P. Ball Valve 2 Threaded (63mm),,104,0,,0,0,Y,0,0,0,0,Tamil Nadu
,P.P. Ball Valve 2.5 Threaded (75mm),,0,0,,0,0,Y,0,0,0,0,Tamil Nadu
,P.P. Ball Valve 3 Threaded(90mm),,0,0,,0,0,Y,0,0,0,0,Tamil Nadu
,P.P. Ball Valve with Flange End 4,,0,0,,0,0,Y,0,0,0,0,Tamil Nadu
,12MM In Line Dripper (4-LPH)Round,,0,0,,0,0,Y,0,0,0,0,Tamil Nadu
,Butterfly Valve 3,,0,0,,0,0,Y,0,0,0,0,Tamil Nadu
,P.P. Ball Valve/control Valve 50mm(Plain),,240,0,,0,0,Y,0,0,0,0,Tamil Nadu
,P.P. Tail Pices Flange 2,,0,0,,0,0,Y,0,0,0,0,Tamil Nadu
,P.P. Tail Pices Flange 2.5,,0,0,,0,0,Y,0,0,0,0,Tamil Nadu
,P.P. Tail Pices Flange 3,,0,0,,0,0,Y,0,0,0,0,Tamil Nadu
,Flat Dripper  2LPH,,0,0,,0,0,Y,0,0,0,0,Rajasthan
,P.V.C. Ball Valve 2(Threaded End),,0,0,,0,0,Y,0,0,0,0,Tamil Nadu
,Plug(9/12mm)M-22-End Plug,,0,0,,0,0,Y,0,0,0,0,Tamil Nadu
,PP  Ball  Valve 50mm 1-1/2Solid(Threded),,0,0,,0,0,Y,0,0,0,0,Tamil Nadu
,PP Ball Valve 1.25 Threaded(40mm),,102,0,,0,0,Y,0,0,0,0,Tamil Nadu
,PP Ball Valve 1.5 Threaded(50mm),,103,0,,0,0,Y,0,0,0,0,Tamil Nadu
,PP Ball Valve 20/25 mm Solid Threaded(3/4),,0,0,,0,0,Y,0,0,0,0,Tamil Nadu
,Butterfly Valve 4,,0,0,,0,0,Y,0,0,0,0,Tamil Nadu
,PP Ball Valve 50mm 1-1/2Solid(Plain),,0,0,,0,0,Y,0,0,0,0,Tamil Nadu
,PP Ball Valve 63mm(2) Solid Threaded,,0,0,,0,0,Y,0,0,0,0,Tamil Nadu
,PP Ball Valve 63mm(2)Solid(Plain),,0,0,,0,0,Y,0,0,0,0,Tamil Nadu
,Flat Dripper  4LPH,,0,0,,0,0,Y,0,0,0,0,Rajasthan
,PP Ball Valve with Flange End 2.5,,0,0,,0,0,Y,0,0,0,0,Tamil Nadu
,PP Ball Valve with Flanged End 3,,0,0,,0,0,Y,0,0,0,0,Tamil Nadu
,PP Ball Valve with Flanged Ends 2,,0,0,,0,0,Y,0,0,0,0,Tamil Nadu
,PP Ball Valve(Flange End) 1,,0,0,,0,0,Y,0,0,0,0,Tamil Nadu
,PP Ball Valve/control Valve 20/25mm Singal Union,,0,0,,0,0,Y,0,0,0,0,Tamil Nadu
,PP Ball Valve/Control Valve 32mm Single Union,,0,0,,0,0,Y,0,0,0,0,Tamil Nadu
,PP Ball Valve/Control Valve 40mm(Plain),,220,0,,0,0,Y,0,0,0,0,Tamil Nadu
,Butterfly Valve 5,,0,0,,0,0,Y,0,0,0,0,Tamil Nadu
,PP Ball Valve/Control Valve 63mm-Plain,,356,0,,0,0,Y,0,0,0,0,Tamil Nadu
,PP Ball Valve/Control Valve 75mm Plain,,515,0,,0,0,Y,0,0,0,0,Tamil Nadu
,Flat Dripper 1.6LPH,,0,0,,0,0,Y,0,0,0,0,Rajasthan
,PP Ball Valve/Control Valve 90mm Plain,,700,0,,0,0,Y,0,0,0,0,Tamil Nadu
,PP Flange Threaded (2.5),,0,0,,0,0,Y,0,0,0,0,Tamil Nadu
,PP Flange Threaded (3),,0,0,,0,0,Y,0,0,0,0,Tamil Nadu
,PP Flange Threaded 2,,0,0,,0,0,Y,0,0,0,0,Tamil Nadu
,PP Reducing Bush 2x1.5,,0,0,,0,0,Y,0,0,0,0,Tamil Nadu
,PP Socket 1.5(50mm)MI,,0,0,,0,0,Y,0,0,0,0,Tamil Nadu
,PP Socket 2(63mm)MI,,0,0,,0,0,Y,0,0,0,0,Tamil Nadu
,PP Socket 2.5(75mm)MI,,0,0,,0,0,Y,0,0,0,0,Tamil Nadu
,Butterfly Valve 6,,0,0,,0,0,Y,0,0,0,0,Tamil Nadu
,PP Socket 3(90mm)MI,,0,0,,0,0,Y,0,0,0,0,Tamil Nadu
,Flush Valve(32x40) 40mm,,0,0,,0,0,Y,0,0,0,0,Rajasthan
,Pressure Gauge 2,,0,0,,0,0,Y,0,0,0,0,Tamil Nadu
,Pressure Gauge Glycerine 2,,0,0,,0,0,Y,0,0,0,0,Tamil Nadu
,Pressure Gauge Glycerine 2.5,,0,0,,0,0,Y,0,0,0,0,Tamil Nadu
,Pressure Release Valve 2X1.5,,0,0,,0,0,Y,0,0,0,0,Tamil Nadu
,PVC Ball Valve 2(Plain End),,0,0,,0,0,Y,0,0,0,0,Tamil Nadu
,PVC Ball Valve 2.5(Plain End),,0,0,,0,0,Y,0,0,0,0,Tamil Nadu
,PVC Ball Valve 2.5(Threded End),,0,0,,0,0,Y,0,0,0,0,Tamil Nadu
,PVC Ball Valve 20mm(Compression/female Tthreaded),,0,0,,0,0,Y,0,0,0,0,Tamil Nadu
,Pvc Ball Valve 3(90mm)(Threaded End),,0,0,,0,0,Y,0,0,0,0,Tamil Nadu
,By Pass Assembly 2.5''(PP),,0,0,,0,0,Y,0,0,0,0,Tamil Nadu
,Flush Valve(40x50) 50mm,,50,0,,0,0,Y,0,0,0,0,Rajasthan
,PVC Ball Valve 4(110mm) (Threaded End),,0,0,,0,0,Y,0,0,0,0,Tamil Nadu
,Pvc Ball Valve 40 mm,,0,0,,0,0,Y,0,0,0,0,Tamil Nadu
,PVC Bush 63x50mm,,0,0,,0,0,Y,0,0,0,0,Tamil Nadu
,PVC Bush 75x63mm 10kg,,0,0,,0,0,Y,0,0,0,0,Tamil Nadu
,PVC Bush 90x63mm 10kg,,0,0,,0,0,Y,0,0,0,0,Tamil Nadu
,PVC Connecting Tube 20cm(Stab-Barb-Conn-Bayoynet),,0,0,,0,0,Y,0,0,0,0,Tamil Nadu
,PVC Reducer Bush 110x63mm,,0,0,,0,0,Y,0,0,0,0,Tamil Nadu
,PVC Reducer Bush 63x50mm 6kg,,0,0,,0,0,Y,0,0,0,0,Tamil Nadu
,PVC Reducer Coupler 75x63mm,,0,0,,0,0,Y,0,0,0,0,Tamil Nadu
,Reducer 110x90mm PVC,,0,0,,0,0,Y,0,0,0,0,Tamil Nadu
,Flush Valve(50x63) 63mm,,52,0,,0,0,Y,0,0,0,0,Rajasthan
,By Pass Assembly 2.5x2(M.S.),,750,0,,0,0,Y,0,0,0,0,Tamil Nadu
,Reducer 160x140mm PVC,,0,0,,0,0,Y,0,0,0,0,Tamil Nadu
,Reducer 16x12mm Comp.Connector(Both Side),,0,0,,0,0,Y,0,0,0,0,Tamil Nadu
,Reducer 16X17MM Comp. Connector(Both Side),,0,0,,0,0,Y,0,0,0,0,Tamil Nadu
,Reducer 200x160mm PVC,,0,0,,0,0,Y,0,0,0,0,Tamil Nadu
,Reducer 25x20mm(PP),,0,0,,0,0,Y,0,0,0,0,Tamil Nadu
,Reducer 40x32mm PVC,,0,0,,0,0,Y,0,0,0,0,Tamil Nadu
,Reducer 63x40mm PVC,,0,0,,0,0,Y,0,0,0,0,Tamil Nadu
,Reducer 63x50mm PVC,,0,0,,0,0,Y,0,0,0,0,Tamil Nadu
,Reducer 63x50mm(PP),,0,0,,0,0,Y,0,0,0,0,Tamil Nadu
,Flush Valve(63x75) 75mm,,63,0,,0,0,Y,0,0,0,0,Rajasthan
,Reducer 75x50mm PVC,,0,0,,0,0,Y,0,0,0,0,Tamil Nadu
,By Pass Assembly 2X1.5(M.S.),,0,0,,0,0,Y,0,0,0,0,Tamil Nadu
,Reducer 75x63mm PVC,,0,0,,0,0,Y,0,0,0,0,Tamil Nadu
,Reducer 90x63 mm Pvc,,0,0,,0,0,Y,0,0,0,0,Tamil Nadu
,Reducer 90x75mm PVC,,0,0,,0,0,Y,0,0,0,0,Tamil Nadu
,Reducer Elbow 75x63mm PVC,,0,0,,0,0,Y,0,0,0,0,Tamil Nadu
,Reducer Tee 110x90 PVC,,0,0,,0,0,Y,0,0,0,0,Tamil Nadu
,Reducer Tee 160x110 PVC,,0,0,,0,0,Y,0,0,0,0,Tamil Nadu
,Reducer Tee 160X90MM (PVC),,0,0,,0,0,Y,0,0,0,0,Tamil Nadu
,Reducer Tee 63x32mm PVC,,0,0,,0,0,Y,0,0,0,0,Tamil Nadu
,Flush Valve(75x90) 90mm,,109,0,,0,0,Y,0,0,0,0,Rajasthan
,Reducer Tee 75x63mm PVC,,0,0,,0,0,Y,0,0,0,0,Tamil Nadu
,Reducer Tee 90x63mm 6kg,,0,0,,0,0,Y,0,0,0,0,Tamil Nadu
,By Pass Assembly 2x1.5''(PP),,700,0,,0,0,Y,0,0,0,0,Tamil Nadu
,Reducer Tee 90x63mm PVC,,0,0,,0,0,Y,0,0,0,0,Tamil Nadu
,Reducer Tee 90x75mm PVC,,0,0,,0,0,Y,0,0,0,0,Tamil Nadu
,Reducing Flanged Threaded 2.5x2,,0,0,,0,0,Y,0,0,0,0,Tamil Nadu
,Reducing Flanged Threaded 3x2.5,,0,0,,0,0,Y,0,0,0,0,Tamil Nadu
,Ring for Compression Connector(Lock Ring),,0,0,,0,0,Y,0,0,0,0,Tamil Nadu
,Rotameter for Ventury,,0,0,,0,0,Y,0,0,0,0,Tamil Nadu
,S S Nut Bolts(MI),,0,0,,0,0,Y,0,0,0,0,Tamil Nadu
,4 Way Fogger,,0,0,,0,0,Y,0,0,0,0,Rajasthan
,FTA 20mm,,0,0,,0,0,Y,0,0,0,0,Rajasthan
,Sand Filter 10m3/hr x 1.5,,0,0,,0,0,Y,0,0,0,0,Tamil Nadu
,Sand Filter 20xm3/hr 2,,0,0,,0,0,Y,0,0,0,0,Tamil Nadu
,Sand Filter 25m3/hr x 2,,16100,0,,0,0,Y,0,0,0,0,Tamil Nadu
,By Pass Assembly 3''(PP),,0,0,,0,0,Y,0,0,0,0,Tamil Nadu
,Sand Filter 30mm3X2.5,,18400,0,,0,0,Y,0,0,0,0,Tamil Nadu
,Sand Filter 40m3/hr x 2.5,,0,0,,0,0,Y,0,0,0,0,Tamil Nadu
,Sand Filter 40m3/hr x 3,,0,0,,0,0,Y,0,0,0,0,Tamil Nadu
,Sand Filter 50m3/hr x 3,,0,0,,0,0,Y,0,0,0,0,Tamil Nadu
,Sand for Sand Filter(KG),,0,0,,0,0,Y,0,0,0,0,Tamil Nadu
,Screen Element 2(Cartridge),,0,0,,0,0,Y,0,0,0,0,Tamil Nadu
,FTA 32mm,,0,0,,0,0,Y,0,0,0,0,Rajasthan
,Screen Element 2.5(Cartridge),,0,0,,0,0,Y,0,0,0,0,Tamil Nadu
,Screen Elements 3(Cartridge),,0,0,,0,0,Y,0,0,0,0,Tamil Nadu
,Screen Filter 1 4*6/8m3/hr x 1(Y),,0,0,,0,0,Y,0,0,0,0,Tamil Nadu
,Screen Filter 10m3/hr x 2 (Metal),,0,0,,0,0,Y,0,0,0,0,Tamil Nadu
,By Pass Assembly 3''x2(M.S.),,0,0,,0,0,Y,0,0,0,0,Tamil Nadu
,Screen Filter 10m3/hr X 2.5''(Metal),,0,0,,0,0,Y,0,0,0,0,Tamil Nadu
,Screen Filter 15mm3/hr x 1.5(Plastic),,0,0,,0,0,Y,0,0,0,0,Tamil Nadu
,Screen Filter 15mm3/hr x 2(Plastic),,0,0,,0,0,Y,0,0,0,0,Tamil Nadu
,Screen Filter 20m3/hr x 2(Plastic),,2400,0,,0,0,Y,0,0,0,0,Tamil Nadu
,Screen Filter 20m3/hr X2(Metal),,0,0,,0,0,Y,0,0,0,0,Tamil Nadu
,FTA 32MM PVC,,0,0,,0,0,Y,0,0,0,0,Rajasthan
,Screen Filter 20m3/hr X2.5(Metal),,0,0,,0,0,Y,0,0,0,0,Tamil Nadu
,Screen Filter 25m3/hr x 2(Plastic),,0,0,,0,0,Y,0,0,0,0,Tamil Nadu
,Screen Filter 25m3/hr X2(Semi Automatic),,0,0,,0,0,Y,0,0,0,0,Tamil Nadu
,Screen Filter 25m3/hr X2.5(Metal),,0,0,,0,0,Y,0,0,0,0,Tamil Nadu
,Screen Filter 3/4120mesh 6*4 M3,,0,0,,0,0,Y,0,0,0,0,Tamil Nadu
,160mm Pvc Bend,,0,0,,0,0,Y,0,0,0,0,Tamil Nadu
,By Pass Threaded Tee with Flange End 2.5(PP),,0,0,,0,0,Y,0,0,0,0,Tamil Nadu
,Screen Filter 30m3/hr X2.5(Metal),,0,0,,0,0,Y,0,0,0,0,Tamil Nadu
,Screen Filter 30m3/hrx2.5(Plastic),,3400,0,,0,0,Y,0,0,0,0,Tamil Nadu
,Screen Filter 40m3/hr x 3(Plastics),,0,0,,0,0,Y,0,0,0,0,Tamil Nadu
,FTA 40mm,,0,0,,0,0,Y,0,0,0,0,Rajasthan
,Screen Filter 40m3/hr X2.5''(Metal),,0,0,,0,0,Y,0,0,0,0,Tamil Nadu
,Screen Filter 40m3/hr X3(Metal),,0,0,,0,0,Y,0,0,0,0,Tamil Nadu
,Screen Filter 40m3/hr X3(Semi Automatic),,0,0,,0,0,Y,0,0,0,0,Tamil Nadu
,Screen Filter 40m3/hrx2.5(Plastic),,0,0,,0,0,Y,0,0,0,0,Tamil Nadu
,Screen Filter 50m3/hr x 2(Plastic),,0,0,,0,0,Y,0,0,0,0,Tamil Nadu
,Screen Filter 50m3/hr x 3(Plastic),,0,0,,0,0,Y,0,0,0,0,Tamil Nadu
,Screen Filter 50m3/hr X3(Double Body),,0,0,,0,0,Y,0,0,0,0,Tamil Nadu
,By Pass Threaded Tee with Flange End 3 (PP),,0,0,,0,0,Y,0,0,0,0,Tamil Nadu
,Screen Filter 50m3/hr X3(Metal),,0,0,,0,0,Y,0,0,0,0,Tamil Nadu
,Screen225m3,,0,0,,0,0,Y,0,0,0,0,Tamil Nadu
,FTA 50MM,,0,0,,0,0,Y,0,0,0,0,Rajasthan
,Service Saddle 110mm(MI),,0,0,,0,0,Y,0,0,0,0,Tamil Nadu
,Service Saddle 40mm(MI),,0,0,,0,0,Y,0,0,0,0,Tamil Nadu
,Service Saddle 40mmX3/4(PP),,0,0,,0,0,Y,0,0,0,0,Tamil Nadu
,Service Saddle 50mm(MI),,0,0,,0,0,Y,0,0,0,0,Tamil Nadu
,Service Saddle 50mm(PVC),,0,0,,0,0,Y,0,0,0,0,Tamil Nadu
,Service Saddle 50mmX1/2(P),,0,0,,0,0,Y,0,0,0,0,Tamil Nadu
,Service Saddle 50mmX3/4(PP),,0,0,,0,0,Y,0,0,0,0,Tamil Nadu
,Service Saddle 63mm 1(MI),,0,0,,0,0,Y,0,0,0,0,Tamil Nadu
,By Pass Threaded Tee Without  Flange End 2 (PP),,0,0,,0,0,Y,0,0,0,0,Tamil Nadu
,Service Saddle 63mm 3/4(MI),,0,0,,0,0,Y,0,0,0,0,Tamil Nadu
,FTA 63mm(63X50-2),,0,0,,0,0,Y,0,0,0,0,Rajasthan
,Service Saddle 63mmX1/2(P),,0,0,,0,0,Y,0,0,0,0,Tamil Nadu
,Service Saddle 75mm(MI),,0,0,,0,0,Y,0,0,0,0,Tamil Nadu
,Service Saddle 75mmX1(PP),,0,0,,0,0,Y,0,0,0,0,Tamil Nadu
,Service Saddle 75mmX1.25(M.S),,0,0,,0,0,Y,0,0,0,0,Tamil Nadu
,Service Saddle 75mmX1-1/4(PP),,0,0,,0,0,Y,0,0,0,0,Tamil Nadu
,Service Saddle 90mm(MI),,0,0,,0,0,Y,0,0,0,0,Tamil Nadu
,Service Saddle 90mmX1.25(M.S),,0,0,,0,0,Y,0,0,0,0,Tamil Nadu
,Service Saddle 90mmX1/2(P),,0,0,,0,0,Y,0,0,0,0,Tamil Nadu
,Sluice Valve 2.5,,0,0,,0,0,Y,0,0,0,0,Tamil Nadu
,Clamp  for Hydrocyclone Filter,,0,0,,0,0,Y,0,0,0,0,Tamil Nadu
,FTA 75mm,,0,0,,0,0,Y,0,0,0,0,Rajasthan
,Socket 63mm PVC,,0,0,,0,0,Y,0,0,0,0,Tamil Nadu
,Socket 75mm PVC,,0,0,,0,0,Y,0,0,0,0,Tamil Nadu
,Socket 90mm PVC,,0,0,,0,0,Y,0,0,0,0,Tamil Nadu
,Solvent Cement(Ltr),,0,0,,0,0,Y,0,0,0,0,Tamil Nadu
,Spagheti Barbed Connector,,0,0,,0,0,Y,0,0,0,0,Tamil Nadu
,Spagheti/Extension Tube 6mm x 4mm,,0,0,,0,0,Y,0,0,0,0,Tamil Nadu
,Stand Ring 2 for Hydrocyclone Filter,,0,0,,0,0,Y,0,0,0,0,Tamil Nadu
,Stand Ring 3 for Hydrocyclone Filter,,0,0,,0,0,Y,0,0,0,0,Tamil Nadu
,Stap Saddle 200mmX1.1/2,,0,0,,0,0,Y,0,0,0,0,Tamil Nadu
,Stap Saddle 200mmX1.1/4,,0,0,,0,0,Y,0,0,0,0,Tamil Nadu
,FTA 90MM,,0,0,,0,0,Y,0,0,0,0,Rajasthan
,Clamp SS(4),,0,0,,0,0,Y,0,0,0,0,Tamil Nadu
,Stap Saddle 200mmX1/2,,0,0,,0,0,Y,0,0,0,0,Tamil Nadu
,Start Connector Nipple 12mm,,0,0,,0,0,Y,0,0,0,0,Tamil Nadu
,Start Connector Nipple 16MM,,0,0,,0,0,Y,0,0,0,0,Tamil Nadu
,Start Connector Nipple 20mm,,0,0,,0,0,Y,0,0,0,0,Tamil Nadu
,Tapping Compression Ferrule 20x/12,,0,0,,0,0,Y,0,0,0,0,Tamil Nadu
,Tapping Coupler 20mm(EF),,0,0,,0,0,Y,0,0,0,0,Tamil Nadu
,Tapping Saddle -90x1/2(EF),,0,0,,0,0,Y,0,0,0,0,Tamil Nadu
,Tapping Tee 90x20mm(EF),,0,0,,0,0,Y,0,0,0,0,Tamil Nadu
,Tee (Compression Fitting) 16mx12m/16X16,,0,0,,0,0,Y,0,0,0,0,Tamil Nadu
,G .I. Nipple 2x4,,0,0,,0,0,Y,0,0,0,0,Rajasthan
,Tee 110mm PVC,,0,0,,0,0,Y,0,0,0,0,Tamil Nadu
,Core-Cap,,0,0,,0,0,Y,0,0,0,0,Tamil Nadu
,Tee 110mm(CF),,0,0,,0,0,Y,0,0,0,0,Tamil Nadu
,Tee 140mm(PVC),,0,0,,0,0,Y,0,0,0,0,Tamil Nadu
,Tee 200mm PVC,,0,0,,0,0,Y,0,0,0,0,Tamil Nadu
,Tee 3 Side Male Threaded 1(32mm),,0,0,,0,0,Y,0,0,0,0,Tamil Nadu
,TEE 32MM PVC,,0,0,,0,0,Y,0,0,0,0,Tamil Nadu
,TEE 40MM PVC,,0,0,,0,0,Y,0,0,0,0,Tamil Nadu
,Tee 40mm(CF),,0,0,,0,0,Y,0,0,0,0,Tamil Nadu
,TEE 50MM PVC,,0,0,,0,0,Y,0,0,0,0,Tamil Nadu
,G. I. Tee 90mm(3*2.5),,0,0,,0,0,Y,0,0,0,0,Rajasthan
,Tee 63mm PVC,,0,0,,0,0,Y,0,0,0,0,Tamil Nadu
,Tee 75mm  PVC,,0,0,,0,0,Y,0,0,0,0,Tamil Nadu
,Coupler/joiner 110MM,,0,0,,0,0,Y,0,0,0,0,Tamil Nadu
,Tee 75mm(CF),,0,0,,0,0,Y,0,0,0,0,Tamil Nadu
,Tee 90mm  PVC,,0,0,,0,0,Y,0,0,0,0,Tamil Nadu
,Tee 90mm(CF),,0,0,,0,0,Y,0,0,0,0,Tamil Nadu
,Tee(Compression Fitting) 12x12mm,,0,0,,0,0,Y,0,0,0,0,Tamil Nadu
,Tee(Compression Fitting)25mmx1x25mm,,0,0,,0,0,Y,0,0,0,0,Tamil Nadu
,TEE(Compression Fitting)32mm X1 X32mm,,0,0,,0,0,Y,0,0,0,0,Tamil Nadu
,TEE(Compression Fitting)50MM,,0,0,,0,0,Y,0,0,0,0,Tamil Nadu
,50mm GI Nipple,,0,0,,0,0,Y,0,0,0,0,Rajasthan
,G.I. Nipple 1.5x4,,0,0,,0,0,Y,0,0,0,0,Rajasthan
,TEE(Compression Fitting)63MM,,0,0,,0,0,Y,0,0,0,0,Tamil Nadu
,Thinwall Emmitting Pipe(16mm 4LPH 40cm).3mm,,0,0,,0,0,Y,0,0,0,0,Tamil Nadu
,Thinwall Emmitting Pipe(16mm 4LPH 40CM).4mm,,0,0,,0,0,Y,0,0,0,0,Tamil Nadu
,Coupler/joiner 25MM,,0,0,,0,0,Y,0,0,0,0,Tamil Nadu
,Throttle Valve 2(PP),,750,0,,0,0,Y,0,0,0,0,Tamil Nadu
,Throttle Valve 2.5(PP),,1100,0,,0,0,Y,0,0,0,0,Tamil Nadu
,Throttle Valves 3 (PP),,1500,0,,0,0,Y,0,0,0,0,Tamil Nadu
,Vaccum Breaker Valve 0.5,,0,0,,0,0,Y,0,0,0,0,Tamil Nadu
,Ventury Ass. with Manifold & Without Rotameter 3/4,,0,0,,0,0,Y,0,0,0,0,Tamil Nadu
,Ventury Assembly with Manifold & Rotameter 3/4,,0,0,,0,0,Y,0,0,0,0,Tamil Nadu
,G.I. Tee 110mm(4*2.5),,0,0,,0,0,Y,0,0,0,0,Rajasthan
,Ventury Assembly with Manifold 1,,0,0,,0,0,Y,0,0,0,0,Tamil Nadu
,Ventury Assembly with Manifold 1.5'',,2150,0,,0,0,Y,0,0,0,0,Tamil Nadu
,Ventury Assembly with Manifold 2,,2250,0,,0,0,Y,0,0,0,0,Tamil Nadu
,Ventury Assembly with Manifold 2.5,,3500,0,,0,0,Y,0,0,0,0,Tamil Nadu
,Coupler/Joiner 32mm,,0,0,,0,0,Y,0,0,0,0,Tamil Nadu
,Washer Plain M-3-4-5,,0,0,,0,0,Y,0,0,0,0,Tamil Nadu
,Winder Dripline,,0,0,,0,0,Y,0,0,0,0,Tamil Nadu
,110MM HDPE Flange(Moulded),,0,0,,0,0,Y,0,0,0,0,Tamil Nadu
,110MM HDPE MOULDED TEE,,0,0,,0,0,Y,0,0,0,0,Tamil Nadu
,110MM HDPE MOULDED TEE(PN6),,0,0,,0,0,Y,0,0,0,0,Tamil Nadu
,G.I. Tee 110mm(4*3),,0,0,,0,0,Y,0,0,0,0,Rajasthan
,110MM HDPE Pipe End PN6 PE80(Moulded),,0,0,,0,0,Y,0,0,0,0,Tamil Nadu
,110MM HDPE Pipe End(Moulded),,0,0,,0,0,Y,0,0,0,0,Tamil Nadu
,110MM PN10 PE100 HDPE BEND-90*(FF),,0,0,,0,0,Y,0,0,0,0,Tamil Nadu
,110MM PN10 PE100 HDPE ENDCAP(FF),,0,0,,0,0,Y,0,0,0,0,Tamil Nadu
,110MM PN10 PE100 HDPE TEE(FF),,0,0,,0,0,Y,0,0,0,0,Tamil Nadu
,Coupler/joiner 50mm,,0,0,,0,0,Y,0,0,0,0,Tamil Nadu
,110MM PN10 PE-100 N(ISO:4427),,0,0,,0,0,Y,0,0,0,0,Tamil Nadu
,110MM PN10 PE-100 N(ISO:4427)-FF,,0,0,,0,0,Y,0,0,0,0,Tamil Nadu
,110mm PN6 PE- 80 N,,0,0,,0,0,Y,0,0,0,0,Tamil Nadu
,110MM PN6 PE100 HDPE BEND(FF),,0,0,,0,0,Y,0,0,0,0,Tamil Nadu
,G.I.Elbow 1.5,,0,0,,0,0,Y,0,0,0,0,Rajasthan
,110MM PN6 PE100 HDPE BEND(FF)45*,,0,0,,0,0,Y,0,0,0,0,Tamil Nadu
,110MM PN6 PE100 HDPE PIPE END,,0,0,,0,0,Y,0,0,0,0,Tamil Nadu
,110MM PN6 PE100 HDPE TEE(FF),,0,0,,0,0,Y,0,0,0,0,Tamil Nadu
,110MM PN6 PE-100 N,,0,0,,0,0,Y,0,0,0,0,Tamil Nadu
,110MM PN6 PE80 HDPE BEND(FF)45*,,0,0,,0,0,Y,0,0,0,0,Tamil Nadu
,125MM HDPE End Cap PN6 PE80(Moulded),,0,0,,0,0,Y,0,0,0,0,Tamil Nadu
,16mm In Line Dripper (4-LPH)Round,,0,0,,0,0,Y,0,0,0,0,Tamil Nadu
,Coupler/Joiner 63mm,,0,0,,0,0,Y,0,0,0,0,Tamil Nadu
,125mm HDPE End Cap(Moulded),,0,0,,0,0,Y,0,0,0,0,Tamil Nadu
,125MM HDPE MOULDED BEND,,0,0,,0,0,Y,0,0,0,0,Tamil Nadu
,G.I.Elbow 2,,0,0,,0,0,Y,0,0,0,0,Rajasthan
,125MM HDPE MOULDED TEE,,0,0,,0,0,Y,0,0,0,0,Tamil Nadu
,125MM HDPE Pipe End PN6 PE80(Moulded),,0,0,,0,0,Y,0,0,0,0,Tamil Nadu
,125MM PN6 PE100 HDPE BEND-45*(FF),,0,0,,0,0,Y,0,0,0,0,Tamil Nadu
,125MM PN6 PE100 HDPE TEE(FF),,0,0,,0,0,Y,0,0,0,0,Tamil Nadu
,125MM PN6 PE80 HDPE BEND 45*(FF),,0,0,,0,0,Y,0,0,0,0,Tamil Nadu
,125X110MM HDPE MOULDED REDUCER,,0,0,,0,0,Y,0,0,0,0,Tamil Nadu
,125X90MM HDPE MOULDED REDUCER,,0,0,,0,0,Y,0,0,0,0,Tamil Nadu
,140MM HDPE End Cap PN6 PE80(Moulded),,0,0,,0,0,Y,0,0,0,0,Tamil Nadu
,Coupler/joiner 75mm,,0,0,,0,0,Y,0,0,0,0,Tamil Nadu
,140mm HDPE End Cap(Moulded),,0,0,,0,0,Y,0,0,0,0,Tamil Nadu
,G.I.Reducer 1.25x2,,0,0,,0,0,Y,0,0,0,0,Rajasthan
,140MM HDPE MOULDED BEND,,0,0,,0,0,Y,0,0,0,0,Tamil Nadu
,140MM HDPE MOULDED PCN,,0,0,,0,0,Y,0,0,0,0,Tamil Nadu
,140MM HDPE MOULDED TEE,,0,0,,0,0,Y,0,0,0,0,Tamil Nadu
,140MM HDPE Pipe End PN6 PE80(Moulded),,0,0,,0,0,Y,0,0,0,0,Tamil Nadu
,140MM PN6 PE100 HDPE BEND(FF),,0,0,,0,0,Y,0,0,0,0,Tamil Nadu
,140MM PN6 PE100 HDPE BEND(FF)45*,,0,0,,0,0,Y,0,0,0,0,Tamil Nadu
,140MM PN6 PE100 HDPE TEE(FF),,0,0,,0,0,Y,0,0,0,0,Tamil Nadu
,140MM PN6 PE80 HDPE BEND 45*(FF),,0,0,,0,0,Y,0,0,0,0,Tamil Nadu
,140MM PN6 PE80 HDPE TEE 90*(FF),,0,0,,0,0,Y,0,0,0,0,Tamil Nadu
,D-Coiler,,0,0,,0,0,Y,0,0,0,0,Tamil Nadu
,G.I.Reducer 1.5x2,,0,0,,0,0,Y,0,0,0,0,Rajasthan
,140X110MM HDPE MOULDED REDUCER,,0,0,,0,0,Y,0,0,0,0,Tamil Nadu
,140X110MM MS Reducer,,0,0,,0,0,Y,0,0,0,0,Tamil Nadu
,140X125MM HDPE MOULDED REDUCER,,0,0,,0,0,Y,0,0,0,0,Tamil Nadu
,140X90MM HDPE MOULDED REDUCER,,0,0,,0,0,Y,0,0,0,0,Tamil Nadu
,160MM HDPE End Cap PN6 PE80(Moulded),,0,0,,0,0,Y,0,0,0,0,Tamil Nadu
,160mm HDPE End Cap(Moulded),,0,0,,0,0,Y,0,0,0,0,Tamil Nadu
,160mm HDPE FEB TEE,,0,0,,0,0,Y,0,0,0,0,Tamil Nadu
,160MM HDPE Flange(Moulded),,0,0,,0,0,Y,0,0,0,0,Tamil Nadu
,160MM HDPE MOULDED BEND,,0,0,,0,0,Y,0,0,0,0,Tamil Nadu
,160MM HDPE MOULDED BEND(PN6),,0,0,,0,0,Y,0,0,0,0,Tamil Nadu
,G.I.Reducer 1x1/2,,0,0,,0,0,Y,0,0,0,0,Rajasthan
,Dhaga Sutta(MI),,0,0,,0,0,Y,0,0,0,0,Tamil Nadu
,160MM HDPE MOULDED PCN,,0,0,,0,0,Y,0,0,0,0,Tamil Nadu
,160MM HDPE MOULDED TEE,,0,0,,0,0,Y,0,0,0,0,Tamil Nadu
,160MM HDPE MOULDED TEE(PN6),,0,0,,0,0,Y,0,0,0,0,Tamil Nadu
,160MM HDPE Pipe End,,0,0,,0,0,Y,0,0,0,0,Tamil Nadu
,160MM HDPE Pipe End(Moulded),,0,0,,0,0,Y,0,0,0,0,Tamil Nadu
,160MM M.S. Flange,,0,0,,0,0,Y,0,0,0,0,Tamil Nadu
,160MM PN6 PE100 HDPE BEND 45*(FF),,0,0,,0,0,Y,0,0,0,0,Tamil Nadu
,160MM PN6 PE100 HDPE BEND(FF),,0,0,,0,0,Y,0,0,0,0,Tamil Nadu
,160MM PN6 PE100 HDPE TEE(FF),,0,0,,0,0,Y,0,0,0,0,Tamil Nadu
,G.I.Socket 1,,0,0,,0,0,Y,0,0,0,0,Rajasthan
,160MM PN6 PE80 HDPE BEND-90*(FF),,0,0,,0,0,Y,0,0,0,0,Tamil Nadu
,Disc Filter 20m3/hrx2(PP),,4500,0,,0,0,Y,0,0,0,0,Tamil Nadu
,160MM PN6 PE80 HDPE TEE 90*(FF),,0,0,,0,0,Y,0,0,0,0,Tamil Nadu
,160X110MM HDPE MOULDED REDUCER,,0,0,,0,0,Y,0,0,0,0,Tamil Nadu
,160x110MM MS Reducer,,0,0,,0,0,Y,0,0,0,0,Tamil Nadu
,160X140MM HDPE MOULDED REDUCER,,0,0,,0,0,Y,0,0,0,0,Tamil Nadu
,160X75MM HDPE Reducer,,0,0,,0,0,Y,0,0,0,0,Tamil Nadu
,160X90mm HDPE Moulded Reducer,,0,0,,0,0,Y,0,0,0,0,Tamil Nadu
,160x90mm MS Reducer,,0,0,,0,0,Y,0,0,0,0,Tamil Nadu
,180MM HDPE Pipe End PN6 PE80(Moulded),,0,0,,0,0,Y,0,0,0,0,Tamil Nadu
,G.I.Socket 1.5,,0,0,,0,0,Y,0,0,0,0,Rajasthan
,180MM PN6 PE100 HDPE BEND 45*(FF),,0,0,,0,0,Y,0,0,0,0,Tamil Nadu
,180MM PN6 PE100 HDPE BEND 90*(FF),,0,0,,0,0,Y,0,0,0,0,Tamil Nadu
,Disc Filter 25m3/hrx2(HT-134TS),,0,0,,0,0,Y,0,0,0,0,Tamil Nadu
,180MM PN6 PE100 HDPE TEE(FF)90*,,0,0,,0,0,Y,0,0,0,0,Tamil Nadu
,180MM PN6 PE80 HDPE BEND(FF)90*,,0,0,,0,0,Y,0,0,0,0,Tamil Nadu
,180MM PN6 PE80 HDPE TEE(FF)90*,,0,0,,0,0,Y,0,0,0,0,Tamil Nadu
,180X125MM HDPE MOULDED REDUCER,,0,0,,0,0,Y,0,0,0,0,Tamil Nadu
,180X140MM HDPE MOULDED REDUCER,,0,0,,0,0,Y,0,0,0,0,Tamil Nadu
,180x90mm HDPE Moulded Reducer,,0,0,,0,0,Y,0,0,0,0,Tamil Nadu
,200MM  HDPE FAB TEE,,0,0,,0,0,Y,0,0,0,0,Tamil Nadu
,50MM GI TEE,,0,0,,0,0,Y,0,0,0,0,Rajasthan
,G.I.Socket 1.5x2,,0,0,,0,0,Y,0,0,0,0,Rajasthan
,200MM HDPE End Cap PN6 PE80(Moulded),,0,0,,0,0,Y,0,0,0,0,Tamil Nadu
,200MM HDPE ENDCAP(Moulded),,0,0,,0,0,Y,0,0,0,0,Tamil Nadu
,200MM HDPE FAB BEND,,0,0,,0,0,Y,0,0,0,0,Tamil Nadu
,Disc Filter 30m3/hr x 2.5(HT-135T),,0,0,,0,0,Y,0,0,0,0,Tamil Nadu
,200MM HDPE Pipe End(Moulded),,0,0,,0,0,Y,0,0,0,0,Tamil Nadu
,200MM M.S. Flange,,0,0,,0,0,Y,0,0,0,0,Tamil Nadu
,200MM PN6 PE100 HDPE BEND 45*(FF),,0,0,,0,0,Y,0,0,0,0,Tamil Nadu
,200MM PN6 PE100 HDPE BEND(FF),,0,0,,0,0,Y,0,0,0,0,Tamil Nadu
,200MM PN6 PE100 HDPE TEE(FF),,0,0,,0,0,Y,0,0,0,0,Tamil Nadu
,200MM PN6 PE80 HDPE BEND (FF)90*,,0,0,,0,0,Y,0,0,0,0,Tamil Nadu
,G.I.Socket 2,,0,0,,0,0,Y,0,0,0,0,Rajasthan
,200MM PN6 PE80 HDPE TEE(FF),,0,0,,0,0,Y,0,0,0,0,Tamil Nadu
,200X125MM HDPE MOULDED REDUCER,,0,0,,0,0,Y,0,0,0,0,Tamil Nadu
,200X140MM HDPE MOULDED REDUCER,,0,0,,0,0,Y,0,0,0,0,Tamil Nadu
,200X180MM HDPE MOULDED REDUCER,,0,0,,0,0,Y,0,0,0,0,Tamil Nadu
,Disc Filter 40m3/hrx2.5(PP),,0,0,,0,0,Y,0,0,0,0,Tamil Nadu
,200x90mm HDPE  Moulded Reducer,,0,0,,0,0,Y,0,0,0,0,Tamil Nadu
,20MM PN12.5 PE80,,0,0,,0,0,Y,0,0,0,0,Tamil Nadu
,225MM HDPE End Cap(Moulded),,0,0,,0,0,Y,0,0,0,0,Tamil Nadu
,225mm HDPE Pipe End(Moulded),,0,0,,0,0,Y,0,0,0,0,Tamil Nadu
,225MM PN6 PE100 HDPE BEND(FF),,0,0,,0,0,Y,0,0,0,0,Tamil Nadu
,GI Elbow 1(MI)25mm,,0,0,,0,0,Y,0,0,0,0,Rajasthan
,225MM PN6 PE100 HDPE TEE(FF),,0,0,,0,0,Y,0,0,0,0,Tamil Nadu
,225X160MM HDPE Molulded Reducer,,0,0,,0,0,Y,0,0,0,0,Tamil Nadu
,225X180MM HDPE Moulded Reducer,,0,0,,0,0,Y,0,0,0,0,Tamil Nadu
,225X90MM HDPE Moulded Reducer,,0,0,,0,0,Y,0,0,0,0,Tamil Nadu
,250mm HDPE Pipe End(Moulded),,0,0,,0,0,Y,0,0,0,0,Tamil Nadu
,Disc Filter 40m3/hrx3(PP),,8500,0,,0,0,Y,0,0,0,0,Tamil Nadu
,250MM M.S. Flange,,0,0,,0,0,Y,0,0,0,0,Tamil Nadu
,250MM PN6 PE100 HDPE BEND 45*(FF),,0,0,,0,0,Y,0,0,0,0,Tamil Nadu
,250MM PN6 PE100 HDPE BEND(FF),,0,0,,0,0,Y,0,0,0,0,Tamil Nadu
,250MM PN6 PE100 HDPE TEE(FF),,0,0,,0,0,Y,0,0,0,0,Tamil Nadu
,GI Elbow 2.5(MI),,0,0,,0,0,Y,0,0,0,0,Rajasthan
,250X110MM HDPE Moulded Reducer,,0,0,,0,0,Y,0,0,0,0,Tamil Nadu
,250X160MM HDPE Moulded Reducer,,0,0,,0,0,Y,0,0,0,0,Tamil Nadu
,250x90mm HDPE Moulded Reducer,,0,0,,0,0,Y,0,0,0,0,Tamil Nadu
,25MM PN10 PE80,,0,0,,0,0,Y,0,0,0,0,Tamil Nadu
,280MM HDPE Pipe End(Moulded),,0,0,,0,0,Y,0,0,0,0,Tamil Nadu
,280MM M.S. Flange,,0,0,,0,0,Y,0,0,0,0,Tamil Nadu
,Disc Filter 50m3/hr X3(Metal),,0,0,,0,0,Y,0,0,0,0,Tamil Nadu
,280MM PN6 PE100 HDPE BEND 45*(FF),,0,0,,0,0,Y,0,0,0,0,Tamil Nadu
,280MM PN6 PE100 HDPE BEND 90*(FF),,0,0,,0,0,Y,0,0,0,0,Tamil Nadu
,280MM PN6 PE100 HDPE TEE(FF),,0,0,,0,0,Y,0,0,0,0,Tamil Nadu
,GI Elbow 32mm(MI),,0,0,,0,0,Y,0,0,0,0,Rajasthan
,280X90MM HDPE Moulded Reducer,,0,0,,0,0,Y,0,0,0,0,Tamil Nadu
,315MM HDPE  Pipe End(Moulded),,0,0,,0,0,Y,0,0,0,0,Tamil Nadu
,315MM M.S. Flange,,0,0,,0,0,Y,0,0,0,0,Tamil Nadu
,315MM PN6 PE100 HDPE BEND-45*(FF),,0,0,,0,0,Y,0,0,0,0,Tamil Nadu
,315MM PN6 PE100 HDPE BEND-90*(FF),,0,0,,0,0,Y,0,0,0,0,Tamil Nadu
,315MM PN6 PE100 HDPE TEE(FF),,0,0,,0,0,Y,0,0,0,0,Tamil Nadu
,315X110MM HDPE Moulded Reducer,,0,0,,0,0,Y,0,0,0,0,Tamil Nadu
,16MM In Line Dripper(2-LPH)Round,,0,0,,0,0,Y,0,0,0,0,Tamil Nadu
,Disc Filter 50m3/hrx3(HT-136T)-Plastic,,0,0,,0,0,Y,0,0,0,0,Tamil Nadu
,315X180MM HDPE Moulded Reducer,,0,0,,0,0,Y,0,0,0,0,Tamil Nadu
,GI Nipple 1.5x6(MI),,0,0,,0,0,Y,0,0,0,0,Rajasthan
,315X225MM HDPE Moulded Reducer,,0,0,,0,0,Y,0,0,0,0,Tamil Nadu
,315X250MM HDPE Moulded Reducer,,0,0,,0,0,Y,0,0,0,0,Tamil Nadu
,315x90MM HDPE Moulded Reducer,,0,0,,0,0,Y,0,0,0,0,Tamil Nadu
,32MM PE-100-2.3A(IS:14885),,0,0,,0,0,Y,0,0,0,0,Tamil Nadu
,32MM PE-100-3.0A(IS:14885),,0,0,,0,0,Y,0,0,0,0,Tamil Nadu
,32MM PE-80-2.3A(IS:14885),,0,0,,0,0,Y,0,0,0,0,Tamil Nadu
,32MM PE-80-3.0A(IS:14885),,0,0,,0,0,Y,0,0,0,0,Tamil Nadu
,32MM PN10 PE100 N,,0,0,,0,0,Y,0,0,0,0,Tamil Nadu
,32MM PN12.5 PE100,,0,0,,0,0,Y,0,0,0,0,Tamil Nadu
,Drill/inject Lateral Punch 3mm(PVC),,0,0,,0,0,Y,0,0,0,0,Tamil Nadu
,GI Nipple 1/2*3,,0,0,,0,0,Y,0,0,0,0,Rajasthan
,32mm PN6 PE- 63 N,,0,0,,0,0,Y,0,0,0,0,Tamil Nadu
,32mm PN8 PE- 80 N,,0,0,,0,0,Y,0,0,0,0,Tamil Nadu
,355MM HDPE FAB TEE,,0,0,,0,0,Y,0,0,0,0,Tamil Nadu
,355MM HDPE PIPE END(Moulded),,0,0,,0,0,Y,0,0,0,0,Tamil Nadu
,355MM M.S. Flange,,0,0,,0,0,Y,0,0,0,0,Tamil Nadu
,355MM PN6 PE100 HDPE BEND(FF)45*,,0,0,,0,0,Y,0,0,0,0,Tamil Nadu
,355MM PN6 PE100 HDPE BEND(FF)90*,,0,0,,0,0,Y,0,0,0,0,Tamil Nadu
,355X125MM HDPE Moulded Reducer,,0,0,,0,0,Y,0,0,0,0,Tamil Nadu
,355X250MM HDPE Moulded Reducer,,0,0,,0,0,Y,0,0,0,0,Tamil Nadu
,355x315MM HDPE Moulded Reducer,,0,0,,0,0,Y,0,0,0,0,Tamil Nadu
,GI Nipple 1/2x6,,0,0,,0,0,Y,0,0,0,0,Rajasthan
,Drill/inject Lateral Punch 4mm(PVC),,0,0,,0,0,Y,0,0,0,0,Tamil Nadu
,40MM PN10 PE100 N,,0,0,,0,0,Y,0,0,0,0,Tamil Nadu
,40MM PN10 PE80,,0,0,,0,0,Y,0,0,0,0,Tamil Nadu
,40mm PN6 PE- 80 N,,0,0,,0,0,Y,0,0,0,0,Tamil Nadu
,40MM PN8 PE100 N,,0,0,,0,0,Y,0,0,0,0,Tamil Nadu
,40MM PN8 PE80 N,,0,0,,0,0,Y,0,0,0,0,Tamil Nadu
,500MM HDPE Pipe End,,0,0,,0,0,Y,0,0,0,0,Tamil Nadu
,50MM PN10 PE100 N,,0,0,,0,0,Y,0,0,0,0,Tamil Nadu
,50MM PN10 PE100 N-1,,0,0,,0,0,Y,0,0,0,0,Tamil Nadu
,50mm PN10 PE-80 N,,0,0,,0,0,Y,0,0,0,0,Tamil Nadu
,GI Nipple 1x18(MI),,0,0,,0,0,Y,0,0,0,0,Rajasthan
,50MM PN12.5 PE100 N,,0,0,,0,0,Y,0,0,0,0,Tamil Nadu
,Drill/Inject Punch 10mm,,0,0,,0,0,Y,0,0,0,0,Tamil Nadu
,50MM PN12.5 PE-80 N,,0,0,,0,0,Y,0,0,0,0,Tamil Nadu
,50mm PN4 PE- 63 N,,0,0,,0,0,Y,0,0,0,0,Tamil Nadu
,50mm PN6 PE- 80 N,,0,0,,0,0,Y,0,0,0,0,Tamil Nadu
,50mm PN8 PE- 80 N,,0,0,,0,0,Y,0,0,0,0,Tamil Nadu
,50MM PN8 PE-100 N,,0,0,,0,0,Y,0,0,0,0,Tamil Nadu
,63MM PN10 PE-100 N,,0,0,,0,0,Y,0,0,0,0,Tamil Nadu
,63MM PN10 PE100 N1,,0,0,,0,0,Y,0,0,0,0,Tamil Nadu
,63MM PN12.5 PE100 N,,0,0,,0,0,Y,0,0,0,0,Tamil Nadu
,GI Nipple 1x9(MI),,0,0,,0,0,Y,0,0,0,0,Rajasthan
,63mm PN4 PE- 63 N,,0,0,,0,0,Y,0,0,0,0,Tamil Nadu
,63mm PN6 PE- 80 N,,0,0,,0,0,Y,0,0,0,0,Tamil Nadu
,Drill/inject Punch 12mm(Metal),,0,0,,0,0,Y,0,0,0,0,Tamil Nadu
,63MM PN6 PE100 N,,0,0,,0,0,Y,0,0,0,0,Tamil Nadu
,63mm PN8 PE- 80 N,,0,0,,0,0,Y,0,0,0,0,Tamil Nadu
,63MM PN8 PE-100 N,,0,0,,0,0,Y,0,0,0,0,Tamil Nadu
,63MM PN8 PE100 N1,,0,0,,0,0,Y,0,0,0,0,Tamil Nadu
,75MM HDPE Feb Tee(PF),,0,0,,0,0,Y,0,0,0,0,Tamil Nadu
,75MM PN10 PE100 N,,0,0,,0,0,Y,0,0,0,0,Tamil Nadu
,75MM PN12.5 PE100 N,,0,0,,0,0,Y,0,0,0,0,Tamil Nadu
,63MM PVC Flange,,0,0,,0,0,Y,0,0,0,0,Rajasthan
,GI Nipple 2.5x4(MI),,0,0,,0,0,Y,0,0,0,0,Rajasthan
,75MM PN12.5 PE100 N1,,0,0,,0,0,Y,0,0,0,0,Tamil Nadu
,75mm PN4 PE- 63 N,,0,0,,0,0,Y,0,0,0,0,Tamil Nadu
,75mm PN6 PE- 63 N,,0,0,,0,0,Y,0,0,0,0,Tamil Nadu
,Drill/inject Punch 16mm(Metal),,0,0,,0,0,Y,0,0,0,0,Tamil Nadu
,75mm PN6 PE- 80 N,,0,0,,0,0,Y,0,0,0,0,Tamil Nadu
,75MM PN6 PE100 N,,0,0,,0,0,Y,0,0,0,0,Tamil Nadu
,75mm PN8 PE- 80 N,,0,0,,0,0,Y,0,0,0,0,Tamil Nadu
,75MM PN8 PE100 N,,0,0,,0,0,Y,0,0,0,0,Tamil Nadu
,90MM HDPE MOULDED TEE,,0,0,,0,0,Y,0,0,0,0,Tamil Nadu
,90MM HDPE Pipe End PN6 PE80(Moulded),,0,0,,0,0,Y,0,0,0,0,Tamil Nadu
,GI Nipple 2x6(MI),,0,0,,0,0,Y,0,0,0,0,Rajasthan
,90MM HDPE Pipe End(Moulded),,0,0,,0,0,Y,0,0,0,0,Tamil Nadu
,90MM PN10 PE-100 N(ISO:4427),,0,0,,0,0,Y,0,0,0,0,Tamil Nadu
,90mm PN6 PE- 80 N,,0,0,,0,0,Y,0,0,0,0,Tamil Nadu
,90mm PN6 PE- 80 N(FF),,0,0,,0,0,Y,0,0,0,0,Tamil Nadu
,Drill/inject Punch 18mm(Metal),,110,0,,0,0,Y,0,0,0,0,Tamil Nadu
,90MM PN6 PE100 HDPE TEE(FF)90*,,0,0,,0,0,Y,0,0,0,0,Tamil Nadu
,90MM PN6 PE-100 N,,0,0,,0,0,Y,0,0,0,0,Tamil Nadu
,90MM PN6 PE80 HDPE BEND(FF),,0,0,,0,0,Y,0,0,0,0,Tamil Nadu
,90MM PN6 PE80 HDPE TEE(FF),,0,0,,0,0,Y,0,0,0,0,Tamil Nadu
,Copper Wire,,0,0,,0,0,Y,0,0,0,0,Tamil Nadu
,GI Nipple 32m(1-1/4)X6,,0,0,,0,0,Y,0,0,0,0,Rajasthan
,DN110 PE100 PN 8 HDPE PIPE,,0,0,,0,0,Y,0,0,0,0,Tamil Nadu
,DN110 PE100 PN10 HDPE PIPE,,0,0,,0,0,Y,0,0,0,0,Tamil Nadu
,DN110 PE100 PN6 HDPE PIPE(FF),,0,0,,0,0,Y,0,0,0,0,Tamil Nadu
,DN110 PE-100 PN6 N HDPE PIPE,,0,0,,0,0,Y,0,0,0,0,Tamil Nadu
,DN110 PE80 PN6 HDPE PIPE(FF),,0,0,,0,0,Y,0,0,0,0,Tamil Nadu
,Drill/inject Punch 25mm(Metal),,0,0,,0,0,Y,0,0,0,0,Tamil Nadu
,DN110 PE80 PN6 N HDPE PIPE,,0,0,,0,0,Y,0,0,0,0,Tamil Nadu
,DN125 PE100 PN6 HDPE PIPE(FF),,0,0,,0,0,Y,0,0,0,0,Tamil Nadu
,DN125 PE100 PN6 N HDPE PIPE,,0,0,,0,0,Y,0,0,0,0,Tamil Nadu
,DN125 PE100-11.4A (IS:14885),,0,0,,0,0,Y,0,0,0,0,Tamil Nadu
,GI Nipples 2.5x9(MI),,0,0,,0,0,Y,0,0,0,0,Rajasthan
,DN125 PE100-7.1A (IS:14885),,0,0,,0,0,Y,0,0,0,0,Tamil Nadu
,DN125 PE80 PN6 HDPE PIPE,,0,0,,0,0,Y,0,0,0,0,Tamil Nadu
,DN125 PE80 PN6 HDPE PIPE(FF),,0,0,,0,0,Y,0,0,0,0,Tamil Nadu
,DN125 PE80-11.4A (IS:14885),,0,0,,0,0,Y,0,0,0,0,Tamil Nadu
,DN125 PE80-7.1A (IS:14885),,0,0,,0,0,Y,0,0,0,0,Tamil Nadu
,DN140 PE100 PN4 N HDPE PIPE,,0,0,,0,0,Y,0,0,0,0,Tamil Nadu
,Drill/Inject Punch 3mm(Metal),,0,0,,0,0,Y,0,0,0,0,Tamil Nadu
,DN140 PE100 PN6  HDPE PIPE(FF),,0,0,,0,0,Y,0,0,0,0,Tamil Nadu
,DN140 PE100 PN6 N HDPE PIPE,,0,0,,0,0,Y,0,0,0,0,Tamil Nadu
,DN140 PE100 PN8 HDPE PIPE,,0,0,,0,0,Y,0,0,0,0,Tamil Nadu
,GI Reducer 2.5x2(MI),,0,0,,0,0,Y,0,0,0,0,Rajasthan
,DN140 PE80 PN6 N HDPE PIPE,,0,0,,0,0,Y,0,0,0,0,Tamil Nadu
,DN160 PE100 PN10 N HDPE PIPE,,0,0,,0,0,Y,0,0,0,0,Tamil Nadu
,DN160 PE100 PN12.5 N HDPE PIPE(ISO:4427),,0,0,,0,0,Y,0,0,0,0,Tamil Nadu
,DN160 PE100 PN16 N HDPE PIPE(ISO:4427),,0,0,,0,0,Y,0,0,0,0,Tamil Nadu
,DN160 PE100 PN6  HDPE PIPE(FF),,0,0,,0,0,Y,0,0,0,0,Tamil Nadu
,DN160 PE100 PN6 N HDPE PIPE,,0,0,,0,0,Y,0,0,0,0,Tamil Nadu
,DN160 PE100 PN8 N HDPE PIPE,,0,0,,0,0,Y,0,0,0,0,Tamil Nadu
,Drill/Inject Punch 4mm(Metal),,0,0,,0,0,Y,0,0,0,0,Tamil Nadu
,DN160 PE100 PN8 N HDPE PIPE(FF),,0,0,,0,0,Y,0,0,0,0,Tamil Nadu
,DN160 PE80 PN6 N HDPE PIPE,,0,0,,0,0,Y,0,0,0,0,Tamil Nadu
,GI Reducer 3x2-1/2(MI),,0,0,,0,0,Y,0,0,0,0,Rajasthan
,DN160 PE80 PN6 N HDPE PIPE(FF),,0,0,,0,0,Y,0,0,0,0,Tamil Nadu
,DN180 PE100 PN6 HDPE PIPE(FF),,0,0,,0,0,Y,0,0,0,0,Tamil Nadu
,DN180 PE100 PN6 N HDPE PIPE,,0,0,,0,0,Y,0,0,0,0,Tamil Nadu
,DN180 PE100 PN8 HDPE PIPE,,0,0,,0,0,Y,0,0,0,0,Tamil Nadu
,DN180 PE80 PN6 HDPE PIPE,,0,0,,0,0,Y,0,0,0,0,Tamil Nadu
,DN180 PE80 PN6 HDPE PIPE(FF),,0,0,,0,0,Y,0,0,0,0,Tamil Nadu
,DN200 PE100 PN10 N HDPE PIPE,,0,0,,0,0,Y,0,0,0,0,Tamil Nadu
,DN200 PE100 PN6 HDPE PIPE(FF),,0,0,,0,0,Y,0,0,0,0,Tamil Nadu
,16mm Inline Dripper(2.1LPH PCND)Round,,0,0,,0,0,Y,0,0,0,0,Tamil Nadu
,Drill/Inject Punch 8mm(Metal),,0,0,,0,0,Y,0,0,0,0,Tamil Nadu
,GI Reducing Tee 2.5x2(MI),,0,0,,0,0,Y,0,0,0,0,Rajasthan
,DN200 PE100 PN6 N HDPE PIPE,,0,0,,0,0,Y,0,0,0,0,Tamil Nadu
,DN200 PE100 PN8 HDPE PIPE,,0,0,,0,0,Y,0,0,0,0,Tamil Nadu
,DN200 PE80 PN6 HDPE PIPE(FF),,0,0,,0,0,Y,0,0,0,0,Tamil Nadu
,DN200 PE80 PN6 N HDPE PIPE,,0,0,,0,0,Y,0,0,0,0,Tamil Nadu
,DN225 PE100 PN6 HDPE PIPE(FF),,0,0,,0,0,Y,0,0,0,0,Tamil Nadu
,DN225 PE100 PN6 N HDPE PIPE,,0,0,,0,0,Y,0,0,0,0,Tamil Nadu
,DN225 PE80 PN6 HDPE PIPE,,0,0,,0,0,Y,0,0,0,0,Tamil Nadu
,DN225 PE80 PN6 HDPE PIPE(FF),,0,0,,0,0,Y,0,0,0,0,Tamil Nadu
,DN250 PE100 PN10 HDPE PIPE,,0,0,,0,0,Y,0,0,0,0,Tamil Nadu
,DN250 PE100 PN6 HDPE PIPE(FF),,0,0,,0,0,Y,0,0,0,0,Tamil Nadu
,Gi Socket 1.25,,0,0,,0,0,Y,0,0,0,0,Rajasthan
,Drip Sample Kit,,0,0,,0,0,Y,0,0,0,0,Tamil Nadu
,DN250 PE100 PN6 N HDPE PIPE,,0,0,,0,0,Y,0,0,0,0,Tamil Nadu
,DN280 PE100 PN6 HDPE PIPE(FF),,0,0,,0,0,Y,0,0,0,0,Tamil Nadu
,DN280 PE100 PN6 N HDPE PIPE,,0,0,,0,0,Y,0,0,0,0,Tamil Nadu
,DN315 PE100 PN16 HDPE PIPE,,0,0,,0,0,Y,0,0,0,0,Tamil Nadu
,DN315 PE100 PN6 HDPE PIPE(FF),,0,0,,0,0,Y,0,0,0,0,Tamil Nadu
,DN315 PE100 PN6 N HDPE PIPE,,0,0,,0,0,Y,0,0,0,0,Tamil Nadu
,DN315 PE100 PN8 N HDPE PIPE,,0,0,,0,0,Y,0,0,0,0,Tamil Nadu
,DN355 PE100 PN6 HDPE PIPE(FF),,0,0,,0,0,Y,0,0,0,0,Tamil Nadu
,DN355 PE100 PN6 N HDPE PIPE,,0,0,,0,0,Y,0,0,0,0,Tamil Nadu
,Grommet 12mm,,0,0,,0,0,Y,0,0,0,0,Rajasthan
,DN400 PE100 PN10 HDPE PIPE,,0,0,,0,0,Y,0,0,0,0,Tamil Nadu
,Dripper Plug 2.5mm,,0,0,,0,0,Y,0,0,0,0,Tamil Nadu
,DN450 PE80 PN4 N HDPE PIPE,,0,0,,0,0,Y,0,0,0,0,Tamil Nadu
,DN500 PE100 PN8 N HDPE PIPE,,0,0,,0,0,Y,0,0,0,0,Tamil Nadu
,DN75 PE100 PN6 HDPE PIPE,,0,0,,0,0,Y,0,0,0,0,Tamil Nadu
,DN90 PE100 PN10 N HDPE PIPE,,0,0,,0,0,Y,0,0,0,0,Tamil Nadu
,DN90 PE100 PN6 N HDPE PIPE,,0,0,,0,0,Y,0,0,0,0,Tamil Nadu
,DN90 PE100 PN6 N HDPE PIPE(FF),,0,0,,0,0,Y,0,0,0,0,Tamil Nadu
,DN90 PE80 PN6 N HDPE PIPE,,0,0,,0,0,Y,0,0,0,0,Tamil Nadu
,MDPE PIPE 20MM PN16 PE80(ISO:4427),,0,0,,0,0,Y,0,0,0,0,Tamil Nadu
,Grommet 16mm,,3.2,0,,0,0,Y,0,0,0,0,Rajasthan
,MDPE PIPE 25MM PN16 PE80(ISO:4427),,0,0,,0,0,Y,0,0,0,0,Tamil Nadu
,PVC PIPE 110MMX2.5KG/CM2(MTR),,0,0,,0,0,Y,0,0,0,0,Tamil Nadu
,Elbow 110mm PVC,,0,0,,0,0,Y,0,0,0,0,Tamil Nadu
,PVC PIPE 110MMX4KG/CM2 (MTR),,125,0,,0,0,Y,0,0,0,0,Tamil Nadu
,PVC PIPE 110MMX6KG/CM2 (MTR),,0,0,,0,0,Y,0,0,0,0,Tamil Nadu
,PVC PIPE 140MMX2.5KG/CM2 (MTR),,0,0,,0,0,Y,0,0,0,0,Tamil Nadu
,PVC PIPE 140MMX4KG/CM2(Mtr),,0,0,,0,0,Y,0,0,0,0,Tamil Nadu
,PVC PIPE 140MMX6KG/CM2(Mtr),,0,0,,0,0,Y,0,0,0,0,Tamil Nadu
,PVC PIPE 160MMX2.5KG/CM2 (MTR),,0,0,,0,0,Y,0,0,0,0,Tamil Nadu
,PVC PIPE 160MMX6KG/CM2 (MTR),,0,0,,0,0,Y,0,0,0,0,Tamil Nadu
,12MM In Line Dripper (2-LPH)Round,,0,0,,0,0,Y,0,0,0,0,Rajasthan
,63MM PVC Tail Piece,,0,0,,0,0,Y,0,0,0,0,Rajasthan
,Gun Metal Throttle Valve 1(25mm),,1191,0,,0,0,Y,0,0,0,0,Rajasthan
,PVC PIPE 200MMX2.5KG/CM2 (MTR),,0,0,,0,0,Y,0,0,0,0,Tamil Nadu
,PVC PIPE 200MMX4KG/CM2 (MTR),,0,0,,0,0,Y,0,0,0,0,Tamil Nadu
,PVC PIPE 200MMX6KG/CM2 (MTR),,0,0,,0,0,Y,0,0,0,0,Tamil Nadu
,Elbow 110mm(PP),,0,0,,0,0,Y,0,0,0,0,Tamil Nadu
,PVC PIPE 225MMX4KG/CM2 CASING PIPE(MTR),,0,0,,0,0,Y,0,0,0,0,Tamil Nadu
,PVC PIPE 225MMX6KG/CM2 CASING PIPE(MTR),,0,0,,0,0,Y,0,0,0,0,Tamil Nadu
,PVC PIPE 32MMX10KG/CM2 (MTR),,0,0,,0,0,Y,0,0,0,0,Tamil Nadu
,PVC PIPE 40MMX6KG/CM2 (MTR),,29,0,,0,0,Y,0,0,0,0,Tamil Nadu
,PVC PIPE 50MMX6KG/CM2 (MTR),,41,0,,0,0,Y,0,0,0,0,Tamil Nadu
,PVC Pipe 63mm x 4 Kg / Cm2(MTR)XXXXXXXX,,0,0,,0,0,Y,0,0,0,0,Tamil Nadu
,Gun Metal Throttle Valve 1.5,,2982,0,,0,0,Y,0,0,0,0,Rajasthan
,PVC PIPE 63MM X 4 KG/CM2 (MTR),,43,0,,0,0,Y,0,0,0,0,Tamil Nadu
,PVC PIPE 63MMX6KG/CM2 (MTR),,0,0,,0,0,Y,0,0,0,0,Tamil Nadu
,PVC PIPE 75MM X 4KG/CM2 (MTR),,63,0,,0,0,Y,0,0,0,0,Tamil Nadu
,PVC PIPE 75MM X 6KG/CM2 (MTR),,0,0,,0,0,Y,0,0,0,0,Tamil Nadu
,Elbow 12mm(PP),,0,0,,0,0,Y,0,0,0,0,Tamil Nadu
,PVC PIPE 90MM X2.5KG/CM2 (MTR),,0,0,,0,0,Y,0,0,0,0,Tamil Nadu
,PVC PIPE 90MM X4KG/CM2 (MTR),,85,0,,0,0,Y,0,0,0,0,Tamil Nadu
,PVC PIPE 90MM X6KG/CM2 (MTR),,0,0,,0,0,Y,0,0,0,0,Tamil Nadu
,PVC PIPE 90MMX10KG/CM2 (MTR),,0,0,,0,0,Y,0,0,0,0,Tamil Nadu
,110MM B HDPE Spk Adopter,,0,0,,0,0,Y,0,0,0,0,Tamil Nadu
,Gun Metal Throttle Valve 1/2,,518,0,,0,0,Y,0,0,0,0,Rajasthan
,110MM B HDPE Spk Bend,,0,0,,0,0,Y,0,0,0,0,Tamil Nadu
,110MM B HDPE Spk PCN,,0,0,,0,0,Y,0,0,0,0,Tamil Nadu
,110MM B HDPE Spk Tee,,0,0,,0,0,Y,0,0,0,0,Tamil Nadu
,110mm B MDPE Spk Bend,,0,0,,0,0,Y,0,0,0,0,Tamil Nadu
,110mm Coil Nipple,,0,0,,0,0,Y,0,0,0,0,Tamil Nadu
,Elbow 140mm(PVC),,0,0,,0,0,Y,0,0,0,0,Tamil Nadu
,110MM HDPE MOULDED BEND,,0,0,,0,0,Y,0,0,0,0,Tamil Nadu
,110MM HDPE MOULDED BEND(PN6),,0,0,,0,0,Y,0,0,0,0,Tamil Nadu
,110MM HDPE MOULDED PIPE END,,0,0,,0,0,Y,0,0,0,0,Tamil Nadu
,110mm HDPE Spk End Cap,,0,0,,0,0,Y,0,0,0,0,Tamil Nadu
,Gun Metal Throttle Valve 2,,4246,0,,0,0,Y,0,0,0,0,Rajasthan
,110MM HDPE Spk Irrig Pipe PT-II(Sample),,0,0,,0,0,Y,0,0,0,0,Tamil Nadu
,110MM HDPE Spk MLC,,0,0,,0,0,Y,0,0,0,0,Tamil Nadu
,110mm HDPE Spk Tail Pice,,0,0,,0,0,Y,0,0,0,0,Tamil Nadu
,110MM MDPE PIPE END,,0,0,,0,0,Y,0,0,0,0,Tamil Nadu
,110mm N Spk Rubber Ring,,0,0,,0,0,Y,0,0,0,0,Tamil Nadu
,110mm N1 Spk Rubber Ring,,0,0,,0,0,Y,0,0,0,0,Tamil Nadu
,Elbow 160mm PVC,,0,0,,0,0,Y,0,0,0,0,Tamil Nadu
,110MM NB HDPE Irrig Pipe(6mtr) PT- I,,0,0,,0,0,Y,0,0,0,0,Tamil Nadu
,110mm NB HDPE Irrig Pipe(6mtr) PT- II,,0,0,,0,0,Y,0,0,0,0,Tamil Nadu
,110mm NE Spk Latch,,0,0,,0,0,Y,0,0,0,0,Tamil Nadu
,Gun Metal Throttle Valve 2.5(65mm),,11613,0,,0,0,Y,0,0,0,0,Rajasthan
,110mm NR HDPE Spk Adopter,,0,0,,0,0,Y,0,0,0,0,Tamil Nadu
,110mm NR HDPE Spk Bend,,0,0,,0,0,Y,0,0,0,0,Tamil Nadu
,110mm NR HDPE Spk PCN,,0,0,,0,0,Y,0,0,0,0,Tamil Nadu
,110mm NR Spk Latch,,0,0,,0,0,Y,0,0,0,0,Tamil Nadu
,110mm PCN CLAMP/CLIP,,0,0,,0,0,Y,0,0,0,0,Tamil Nadu
,110mm Spk Pcn Nipple,,0,0,,0,0,Y,0,0,0,0,Tamil Nadu
,110mm Spk Rubber Ring,,0,0,,0,0,Y,0,0,0,0,Tamil Nadu
,Elbow 16mm(PP),,0,0,,0,0,Y,0,0,0,0,Tamil Nadu
,110X90MM HDPE MOULDED REDUCER,,0,0,,0,0,Y,0,0,0,0,Tamil Nadu
,110x90mm HDPE Spk Reducer(B),,0,0,,0,0,Y,0,0,0,0,Tamil Nadu
,Gun Metal Throttle Valve 3,,15016,0,,0,0,Y,0,0,0,0,Rajasthan
,110x90MM HDPE Spk Reducer(E/R),,0,0,,0,0,Y,0,0,0,0,Tamil Nadu
,125MM  Latch,,0,0,,0,0,Y,0,0,0,0,Tamil Nadu
,125MM HDPE MLC,,0,0,,0,0,Y,0,0,0,0,Tamil Nadu
,125mm HDPE Tail Pice,,0,0,,0,0,Y,0,0,0,0,Tamil Nadu
,125mm NB HDPE Irrig Pipe(6Mtr)Pt-1,,0,0,,0,0,Y,0,0,0,0,Tamil Nadu
,125mm Rubber Ring,,0,0,,0,0,Y,0,0,0,0,Tamil Nadu
,140MM HDPE  MLC,,0,0,,0,0,Y,0,0,0,0,Tamil Nadu
,140MM HDPE TAIL PIECE,,0,0,,0,0,Y,0,0,0,0,Tamil Nadu
,Elbow 20mm(Double Compression),,0,0,,0,0,Y,0,0,0,0,Tamil Nadu
,140MM Latch,,0,0,,0,0,Y,0,0,0,0,Tamil Nadu
,Gun Metal Throttle Valve 3/4,,839,0,,0,0,Y,0,0,0,0,Rajasthan
,140MM M. S. Clamp,,0,0,,0,0,Y,0,0,0,0,Tamil Nadu
,140mm Rubber Ring,,0,0,,0,0,Y,0,0,0,0,Tamil Nadu
,160mm  Rubber Ring,,0,0,,0,0,Y,0,0,0,0,Tamil Nadu
,160MM HDPE  MLC,,0,0,,0,0,Y,0,0,0,0,Tamil Nadu
,160MM HDPE Tail Pices,,0,0,,0,0,Y,0,0,0,0,Tamil Nadu
,160MM Latch,,0,0,,0,0,Y,0,0,0,0,Tamil Nadu
,160mm NB HDPE Irrig Pipe(6Mtr)PT-1,,0,0,,0,0,Y,0,0,0,0,Tamil Nadu
,180MM M.S. Flange,,0,0,,0,0,Y,0,0,0,0,Tamil Nadu
,180mm NB HDPE Irrig Pipe(6Mtr)PT-1,,0,0,,0,0,Y,0,0,0,0,Tamil Nadu
,200mm Pvc Socket,,0,0,,0,0,Y,0,0,0,0,Tamil Nadu
,Header Assambly 5(Type-I),,0,0,,0,0,Y,0,0,0,0,Rajasthan
,Elbow 25mm x 1 Threaded,,0,0,,0,0,Y,0,0,0,0,Tamil Nadu
,200MM HDPE MLC,,0,0,,0,0,Y,0,0,0,0,Tamil Nadu
,200MM HDPE TP,,0,0,,0,0,Y,0,0,0,0,Tamil Nadu
,200MM Spk Latch,,0,0,,0,0,Y,0,0,0,0,Tamil Nadu
,200MM Spk Rubber Ring,,0,0,,0,0,Y,0,0,0,0,Tamil Nadu
,225MM M.S.FLANGE,,0,0,,0,0,Y,0,0,0,0,Tamil Nadu
,32mm Coil Nipple,,0,0,,0,0,Y,0,0,0,0,Tamil Nadu
,32mm Rubber Gasket,,0,0,,0,0,Y,0,0,0,0,Tamil Nadu
,40MM  COIL NIPPEL S.S,,0,0,,0,0,Y,0,0,0,0,Tamil Nadu
,40mm Coil Nipple(G.I.),,0,0,,0,0,Y,0,0,0,0,Tamil Nadu
,Header Assambly 5(Type-II),,0,0,,0,0,Y,0,0,0,0,Rajasthan
,50MM B HDPE Spk Bend,,0,0,,0,0,Y,0,0,0,0,Tamil Nadu
,Elbow 32MM PVC,,0,0,,0,0,Y,0,0,0,0,Tamil Nadu
,50MM B HDPE Spk PCN,,0,0,,0,0,Y,0,0,0,0,Tamil Nadu
,50MM B HDPE Spk Tee,,0,0,,0,0,Y,0,0,0,0,Tamil Nadu
,50mm Coil Nipple(G.I),,0,0,,0,0,Y,0,0,0,0,Tamil Nadu
,50MM Coil Nipple(S.S.),,0,0,,0,0,Y,0,0,0,0,Tamil Nadu
,50MM EPC SPK FOOT-BATTEN,,0,0,,0,0,Y,0,0,0,0,Tamil Nadu
,50MM EPC SPK LATCH,,0,0,,0,0,Y,0,0,0,0,Tamil Nadu
,50MM GI STEEL TUBE GROVE NIPPLE,,0,0,,0,0,Y,0,0,0,0,Tamil Nadu
,50mm HDPE Pipe End,,0,0,,0,0,Y,0,0,0,0,Tamil Nadu
,Header Assambly 5(Type-III),,0,0,,0,0,Y,0,0,0,0,Rajasthan
,50MM HDPE Spk End Cap,,0,0,,0,0,Y,0,0,0,0,Tamil Nadu
,50MM HDPE Spk Hydrent,,0,0,,0,0,Y,0,0,0,0,Tamil Nadu
,Elbow 32mmx1 Threaded,,0,0,,0,0,Y,0,0,0,0,Tamil Nadu
,50mm Hdpe Spk Hydrent Bend,,0,0,,0,0,Y,0,0,0,0,Tamil Nadu
,50mm HDPE SPK Tail Pice,,0,0,,0,0,Y,0,0,0,0,Tamil Nadu
,50mm MDPE End Cap,,0,0,,0,0,Y,0,0,0,0,Tamil Nadu
,50mm N HDPE SPK MLC,,0,0,,0,0,Y,0,0,0,0,Tamil Nadu
,50MM N Spk Foot Batten,,0,0,,0,0,Y,0,0,0,0,Tamil Nadu
,50MM N SPK Latch,,0,0,,0,0,Y,0,0,0,0,Tamil Nadu
,50mm N Spk Rubber Ring,,0,0,,0,0,Y,0,0,0,0,Tamil Nadu
,Air Release Valve 1,,157,0,,0,0,Y,0,0,0,0,Rajasthan
,Header Assembly 2(M.S.),,220,0,,0,0,Y,0,0,0,0,Rajasthan
,50MM NB HDPE Irrig Pipe (5mtr) PT-II,,0,0,,0,0,Y,0,0,0,0,Tamil Nadu
,50MM NB HDPE Irrig Pipe (6mtr) PT-II,,0,0,,0,0,Y,0,0,0,0,Tamil Nadu
,50MM NR HDPE Spk Adopter,,0,0,,0,0,Y,0,0,0,0,Tamil Nadu
,Elbow 40mm  PVC,,0,0,,0,0,Y,0,0,0,0,Tamil Nadu
,50MM NR HDPE Spk Bend,,0,0,,0,0,Y,0,0,0,0,Tamil Nadu
,50MM NR HDPE Spk PCN,,0,0,,0,0,Y,0,0,0,0,Tamil Nadu
,50MM NR HDPE Spk Pipe 3Mtr,,0,0,,0,0,Y,0,0,0,0,Tamil Nadu
,50MM NR HDPE Spk Pipe 6Mtr,,0,0,,0,0,Y,0,0,0,0,Tamil Nadu
,50MM NR HDPE Spk Tee,,0,0,,0,0,Y,0,0,0,0,Tamil Nadu
,50MM Spk PCN Nipple,,0,0,,0,0,Y,0,0,0,0,Tamil Nadu
,Header Assembly 2(PP),,0,0,,0,0,Y,0,0,0,0,Rajasthan
,63 MM NE HOOK ONLY,,0,0,,0,0,Y,0,0,0,0,Tamil Nadu
,63MM  SPK Pcn Nipple,,0,0,,0,0,Y,0,0,0,0,Tamil Nadu
,63MM B HDPE Spk PCN,,0,0,,0,0,Y,0,0,0,0,Tamil Nadu
,63MM B HDPE Spk Tee,,0,0,,0,0,Y,0,0,0,0,Tamil Nadu
,ELBOW 50MM PVC,,0,0,,0,0,Y,0,0,0,0,Tamil Nadu
,63mm B MDPE Spk Bend,,0,0,,0,0,Y,0,0,0,0,Tamil Nadu
,63mm Coil Nipple (S.S),,0,0,,0,0,Y,0,0,0,0,Tamil Nadu
,63mm Coil Nipple(G.I.),,0,0,,0,0,Y,0,0,0,0,Tamil Nadu
,63MM HDPE  Pipe End,,0,0,,0,0,Y,0,0,0,0,Tamil Nadu
,63mm HDPE Moulded Bend,,0,0,,0,0,Y,0,0,0,0,Tamil Nadu
,Header Assembly 2.5(M.S.),,4104,0,,0,0,Y,0,0,0,0,Rajasthan
,63MM HDPE Pipe for Main Line(3.2kg/cm2),,0,0,,0,0,Y,0,0,0,0,Tamil Nadu
,63mm HDPE Spk Hydrent Bend,,0,0,,0,0,Y,0,0,0,0,Tamil Nadu
,63MM HDPE Spk Hydrents,,0,0,,0,0,Y,0,0,0,0,Tamil Nadu
,63mm HDPE Spk Irrig Pipe(1-ft)PT-II(Sample),,0,0,,0,0,Y,0,0,0,0,Tamil Nadu
,63mm HDPE Spk PCN-Cap,,0,0,,0,0,Y,0,0,0,0,Tamil Nadu
,Elbow 50mm(PP-CF),,0,0,,0,0,Y,0,0,0,0,Tamil Nadu
,63MM HDPE Spk Tail Pice,,0,0,,0,0,Y,0,0,0,0,Tamil Nadu
,63mm MDPE End Cap,,0,0,,0,0,Y,0,0,0,0,Tamil Nadu
,63MM N  SPK Foot Batten,,0,0,,0,0,Y,0,0,0,0,Tamil Nadu
,63MM N  SPK Latch,,0,0,,0,0,Y,0,0,0,0,Tamil Nadu
,Header Assembly 2.5(PP),,0,0,,0,0,Y,0,0,0,0,Rajasthan
,63MM N  SPK Rubber Ring,,0,0,,0,0,Y,0,0,0,0,Tamil Nadu
,63mm N1B HDPE Irrig Pipe(6mtr) PT- II,,0,0,,0,0,Y,0,0,0,0,Tamil Nadu
,63mm N3B HDPE Irrig Pipe(6Mtr) PT-II,,0,0,,0,0,Y,0,0,0,0,Tamil Nadu
,63mm NB HDPE Irrig Pipe(3mtr) PT- II,,0,0,,0,0,Y,0,0,0,0,Tamil Nadu
,63mm NB HDPE Irrig Pipe(6mtr) PT- II,,0,0,,0,0,Y,0,0,0,0,Tamil Nadu
,63mm NE HDPE Spk Adopter,,0,0,,0,0,Y,0,0,0,0,Tamil Nadu
,Elbow 63mm  PVC,,0,0,,0,0,Y,0,0,0,0,Tamil Nadu
,63mm NE HDPE Spk Bend,,0,0,,0,0,Y,0,0,0,0,Tamil Nadu
,63mm NE HDPE Spk End Cap,,0,0,,0,0,Y,0,0,0,0,Tamil Nadu
,63MM NE HDPE SPK MLC,,0,0,,0,0,Y,0,0,0,0,Tamil Nadu
,HEADER ASSEMBLY 2.5X2COMBO PP,,1563,0,,0,0,Y,0,0,0,0,Rajasthan
,63mm NE HDPE Spk PCN,,0,0,,0,0,Y,0,0,0,0,Tamil Nadu
,63mm NE HDPE Spk Pipe 3mtr,,0,0,,0,0,Y,0,0,0,0,Tamil Nadu
,63mm NE HDPE Spk Pipe 4mtr,,0,0,,0,0,Y,0,0,0,0,Tamil Nadu
,63mm NE HDPE Spk Pipe 6mtr,,0,0,,0,0,Y,0,0,0,0,Tamil Nadu
,63mm NE HDPE Spk Tee,,280,0,,0,0,Y,0,0,0,0,Tamil Nadu
,63mm PCN CLAMP/CLIP,,0,0,,0,0,Y,0,0,0,0,Tamil Nadu
,63mm Spk Foot Batten(PP),,0,0,,0,0,Y,0,0,0,0,Tamil Nadu
,Elbow 63mm(PP-CF),,0,0,,0,0,Y,0,0,0,0,Tamil Nadu
,63MM SPK PCN Nipple(Short),,0,0,,0,0,Y,0,0,0,0,Tamil Nadu
,63x50mm MDPE Reducer,,0,0,,0,0,Y,0,0,0,0,Tamil Nadu
,Header Assembly 2Combo(PP),,0,0,,0,0,Y,0,0,0,0,Rajasthan
,75MM AVL Spk Foot Batten,,0,0,,0,0,Y,0,0,0,0,Tamil Nadu
,75MM B HDPE Fab Bend,,0,0,,0,0,Y,0,0,0,0,Tamil Nadu
,75MM B HDPE Spk PCN,,0,0,,0,0,Y,0,0,0,0,Tamil Nadu
,75MM BATTEN ONLY,,0,0,,0,0,Y,0,0,0,0,Tamil Nadu
,75MM COIL NIPPLE (G.I),,0,0,,0,0,Y,0,0,0,0,Tamil Nadu
,75MM COIL NIPPLE (SS-12),,0,0,,0,0,Y,0,0,0,0,Tamil Nadu
,75mm Epc Spk Rubber Ring,,0,0,,0,0,Y,0,0,0,0,Tamil Nadu
,75MM GI NIPPEL,,0,0,,0,0,Y,0,0,0,0,Tamil Nadu
,Elbow 75mm PVC,,0,0,,0,0,Y,0,0,0,0,Tamil Nadu
,75MM HDPE Pipe for Main Line(2.5kg/cm2),,526,0,,0,0,Y,0,0,0,0,Tamil Nadu
,Header Assembly 2x1.5(Combo Pack),,2855,0,,0,0,Y,0,0,0,0,Rajasthan
,75MM HDPE Spk Connector,,0,0,,0,0,Y,0,0,0,0,Tamil Nadu
,75mm HDPE Spk Hydrent Bend,,0,0,,0,0,Y,0,0,0,0,Tamil Nadu
,75MM HDPE Spk Hydrents,,0,0,,0,0,Y,0,0,0,0,Tamil Nadu
,75mm HDPE Spk Irrig Pipe(1-ft)PT-II(Sample),,0,0,,0,0,Y,0,0,0,0,Tamil Nadu
,75MM HDPE Spk PCN-CAP,,0,0,,0,0,Y,0,0,0,0,Tamil Nadu
,75MM HDPE Spk Tail Piece,,0,0,,0,0,Y,0,0,0,0,Tamil Nadu
,75MM M.S FLANECH,,0,0,,0,0,Y,0,0,0,0,Tamil Nadu
,75mm MDPE End Cap,,0,0,,0,0,Y,0,0,0,0,Tamil Nadu
,75mm N Spk Foot Batten,,0,0,,0,0,Y,0,0,0,0,Tamil Nadu
,Elbow 75mm(PP-CF),,0,0,,0,0,Y,0,0,0,0,Tamil Nadu
,Header Assembly 3(M.S.),,4754,0,,0,0,Y,0,0,0,0,Rajasthan
,75MM N SPK Rubber Ring,,0,0,,0,0,Y,0,0,0,0,Tamil Nadu
,75mm N1 Spk Foot Batten,,0,0,,0,0,Y,0,0,0,0,Tamil Nadu
,75MM N1 SPK Rubber Ring,,0,0,,0,0,Y,0,0,0,0,Tamil Nadu
,75mm N1B HDPE Irrig Pipe(6mtr) PT- II,,0,0,,0,0,Y,0,0,0,0,Tamil Nadu
,75MM N1B(3.2KG) HDPE Irrrig Pipe(6mtr)PT-II,,0,0,,0,0,Y,0,0,0,0,Tamil Nadu
,75mm N1E Spk Latch,,0,0,,0,0,Y,0,0,0,0,Tamil Nadu
,75mm N2R HDPE Spk MLC,,0,0,,0,0,Y,0,0,0,0,Tamil Nadu
,75mm N3B HDPE Irrig Pipe(6mtr) PT- II,,0,0,,0,0,Y,0,0,0,0,Tamil Nadu
,75mm NB HDPE Irrig Pipe(6mtr) PT- II,,0,0,,0,0,Y,0,0,0,0,Tamil Nadu
,75mm NB(3.2Kg) HDPE Irrig Pipe (6Mtr)PT-II,,0,0,,0,0,Y,0,0,0,0,Tamil Nadu
,Header Assembly 3(PP),,4754,0,,0,0,Y,0,0,0,0,Rajasthan
,20MM INLINE DRIPPER(2LPH)ROUND,,0,0,,0,0,Y,0,0,0,0,Tamil Nadu
,Elbow 90mm PVC,,0,0,,0,0,Y,0,0,0,0,Tamil Nadu
,75mm NB(4Kg) HDPE Irrig Pipe (6Mtr)PT-II,,0,0,,0,0,Y,0,0,0,0,Tamil Nadu
,75mm NE HDPE Spk Adopter,,0,0,,0,0,Y,0,0,0,0,Tamil Nadu
,75mm NE HDPE Spk Bend,,0,0,,0,0,Y,0,0,0,0,Tamil Nadu
,75mm NE HDPE Spk End Cap,,0,0,,0,0,Y,0,0,0,0,Tamil Nadu
,75MM NE HDPE Spk MLC,,0,0,,0,0,Y,0,0,0,0,Tamil Nadu
,75mm NE HDPE Spk PCN,,0,0,,0,0,Y,0,0,0,0,Tamil Nadu
,75mm NE HDPE Spk Pipe 3mtr,,0,0,,0,0,Y,0,0,0,0,Tamil Nadu
,75mm NE HDPE Spk Pipe 6mtr,,0,0,,0,0,Y,0,0,0,0,Tamil Nadu
,Header Assembly 3x2Combo-PP,,1860,0,,0,0,Y,0,0,0,0,Rajasthan
,75mm NE HDPE Spk Tee,,350,0,,0,0,Y,0,0,0,0,Tamil Nadu
,75mm NE Spk Latch,,0,0,,0,0,Y,0,0,0,0,Tamil Nadu
,Elbow 90mm(PP-CF),,0,0,,0,0,Y,0,0,0,0,Tamil Nadu
,75mm NE(3.2Kg) HDPE Spk Pipe 6Mtr,,0,0,,0,0,Y,0,0,0,0,Tamil Nadu
,75mm NR HDPE Spk Adopter,,0,0,,0,0,Y,0,0,0,0,Tamil Nadu
,75mm NR HDPE Spk Bend,,0,0,,0,0,Y,0,0,0,0,Tamil Nadu
,75mm NR HDPE Spk MLC,,0,0,,0,0,Y,0,0,0,0,Tamil Nadu
,75mm NR HDPE Spk PCN,,0,0,,0,0,Y,0,0,0,0,Tamil Nadu
,75mm NR HDPE Spk Pipe 3mtr,,0,0,,0,0,Y,0,0,0,0,Tamil Nadu
,75mm NR HDPE Spk Pipe 6mtr,,0,0,,0,0,Y,0,0,0,0,Tamil Nadu
,Air Release Valve 1.5 (HT-89),,0,0,,0,0,Y,0,0,0,0,Rajasthan
,Header Assembly 4(M.S.),,7243,0,,0,0,Y,0,0,0,0,Rajasthan
,75mm NR HDPE Spk Tee,,0,0,,0,0,Y,0,0,0,0,Tamil Nadu
,75mm NR Spk Latch,,0,0,,0,0,Y,0,0,0,0,Tamil Nadu
,75mm NR Spk Latch (Spl),,0,0,,0,0,Y,0,0,0,0,Tamil Nadu
,Elbow GI 20MM,,0,0,,0,0,Y,0,0,0,0,Tamil Nadu
,75MM PCN CLAMP/CLIP,,0,0,,0,0,Y,0,0,0,0,Tamil Nadu
,75MM Spk Foot Batten(PP),,0,0,,0,0,Y,0,0,0,0,Tamil Nadu
,75MM SPK PCN NIPPLE,,0,0,,0,0,Y,0,0,0,0,Tamil Nadu
,75MM SPK PCN NIPPLE-SHORT(M.S. COUPLER),,0,0,,0,0,Y,0,0,0,0,Tamil Nadu
,75MM Spk Plain Rubber Ring,,0,0,,0,0,Y,0,0,0,0,Tamil Nadu
,75x40mm HDPE Bush PCN,,0,0,,0,0,Y,0,0,0,0,Tamil Nadu
,Header Assembly 4(PP),,7243,0,,0,0,Y,0,0,0,0,Rajasthan
,75x63MM HDPE MOULDED REDUCER,,0,0,,0,0,Y,0,0,0,0,Tamil Nadu
,75x63mm HDPE Spk Reducer(E/R),,0,0,,0,0,Y,0,0,0,0,Tamil Nadu
,75x63mm MDPE Reducer,,0,0,,0,0,Y,0,0,0,0,Tamil Nadu
,90MM  HDPE Spk End Cap,,0,0,,0,0,Y,0,0,0,0,Tamil Nadu
,Elbow(CF-PP)20MM,,0,0,,0,0,Y,0,0,0,0,Tamil Nadu
,90mm B HDPE Spk PCN,,0,0,,0,0,Y,0,0,0,0,Tamil Nadu
,90mm B HDPE Spk Tee,,0,0,,0,0,Y,0,0,0,0,Tamil Nadu
,90MM COIL NIPPLE(G.I.),,0,0,,0,0,Y,0,0,0,0,Tamil Nadu
,90MM COIL NIPPLE(SS-12),,0,0,,0,0,Y,0,0,0,0,Tamil Nadu
,90MM HDPE Irrig Pipe for Hydrant(MTR),,0,0,,0,0,Y,0,0,0,0,Tamil Nadu
,Hex Nipple 1''(MI),,0,0,,0,0,Y,0,0,0,0,Rajasthan
,90MM HDPE MOULDED BEND,,0,0,,0,0,Y,0,0,0,0,Tamil Nadu
,90MM HDPE MOULDED PIPE END,,0,0,,0,0,Y,0,0,0,0,Tamil Nadu
,90mm HDPE Spk Connector,,0,0,,0,0,Y,0,0,0,0,Tamil Nadu
,90mm HDPE Spk Hydrent Bend,,0,0,,0,0,Y,0,0,0,0,Tamil Nadu
,90MM HDPE Spk Hydrents,,0,0,,0,0,Y,0,0,0,0,Tamil Nadu
,Emmitting Pipe (16mm 4LPH 30cm)R Hybrid-Eco,,0,0,,0,0,Y,0,0,0,0,Tamil Nadu
,90MM HDPE Spk Irrig Pipe(1-ft)PT-II(Sample),,0,0,,0,0,Y,0,0,0,0,Tamil Nadu
,90mm HDPE Spk PCN Cap,,0,0,,0,0,Y,0,0,0,0,Tamil Nadu
,90mm HDPE Spk T.P.,,0,0,,0,0,Y,0,0,0,0,Tamil Nadu
,90mm N Spk Foot Batten,,0,0,,0,0,Y,0,0,0,0,Tamil Nadu
,Hex Nipple 3/4(25mm),,0,0,,0,0,Y,0,0,0,0,Rajasthan
,90MM N SPK Rubber Ring,,0,0,,0,0,Y,0,0,0,0,Tamil Nadu
,90mm N2R HDPE Spk MLC,,0,0,,0,0,Y,0,0,0,0,Tamil Nadu
,90mm NB HDPE Irrig Pipe(6mtr) PT- II,,0,0,,0,0,Y,0,0,0,0,Tamil Nadu
,90mm NB(3.2KG) HDPE Irrig Pipe (6Mtr) PT-II,,0,0,,0,0,Y,0,0,0,0,Tamil Nadu
,90mm NB(4kg)HDPE Irrig Pipe(6mtr) PT- I,,0,0,,0,0,Y,0,0,0,0,Tamil Nadu
,90mm NE HDPE Spk Adopter,,0,0,,0,0,Y,0,0,0,0,Tamil Nadu
,Emmitting Pipe (16mm 4LPh 40cm) R Hybrid-Eco,,0,0,,0,0,Y,0,0,0,0,Tamil Nadu
,90mm NE HDPE Spk Bend,,0,0,,0,0,Y,0,0,0,0,Tamil Nadu
,90mm NE HDPE Spk MLC,,0,0,,0,0,Y,0,0,0,0,Tamil Nadu
,90mm NE HDPE Spk Pipe 3mtr,,0,0,,0,0,Y,0,0,0,0,Tamil Nadu
,Hose Clamp 4,,0,0,,0,0,Y,0,0,0,0,Rajasthan
,90mm NE HDPE Spk Pipe 6mtr,,0,0,,0,0,Y,0,0,0,0,Tamil Nadu
,90mm NE HDPE Spk Tee,,420,0,,0,0,Y,0,0,0,0,Tamil Nadu
,90mm NE Spk Latch,,0,0,,0,0,Y,0,0,0,0,Tamil Nadu
,90mm NR HDPE Spk Adopter,,0,0,,0,0,Y,0,0,0,0,Tamil Nadu
,90mm NR HDPE Spk Bend,,0,0,,0,0,Y,0,0,0,0,Tamil Nadu
,90mm NR HDPE Spk MLC,,0,0,,0,0,Y,0,0,0,0,Tamil Nadu
,90mm NR HDPE Spk Tee,,0,0,,0,0,Y,0,0,0,0,Tamil Nadu
,Emmitting Pipe CL-II (16mm 2Lph 40Cm)Round,,0,0,,0,0,Y,0,0,0,0,Tamil Nadu
,90mm NR Spk Latch,,0,0,,0,0,Y,0,0,0,0,Tamil Nadu
,90mm NR(3.2kg)HDPE Spk Pipe 6Mtr,,0,0,,0,0,Y,0,0,0,0,Tamil Nadu
,Hydro Cyclone Filter 20m3/hr x  2(M.S.),,3393,0,,0,0,Y,0,0,0,0,Rajasthan
,90mm NR(4kg)HDPE Spk Pipe 6Mtr,,0,0,,0,0,Y,0,0,0,0,Tamil Nadu
,90MM Spk Hook Only,,0,0,,0,0,Y,0,0,0,0,Tamil Nadu
,90MM SPK PCN NIPPLE,,0,0,,0,0,Y,0,0,0,0,Tamil Nadu
,90x75mm HDPE Reducer(PF),,0,0,,0,0,Y,0,0,0,0,Tamil Nadu
,90x75mm HDPE Spk Reducer(B),,0,0,,0,0,Y,0,0,0,0,Tamil Nadu
,90x75MM HDPE Spk Reducer(E/R),,0,0,,0,0,Y,0,0,0,0,Tamil Nadu
,Copper Rivit(For Coil Nipple),,0,0,,0,0,Y,0,0,0,0,Tamil Nadu
,Coupler/joiner 90mm,,0,0,,0,0,Y,0,0,0,0,Tamil Nadu
,Emmitting Pipe CL-II (16mm 2Lph 60cm ) Flat,,0,0,,0,0,Y,0,0,0,0,Tamil Nadu
,HDPE Packing Clips(MFG),,0,0,,0,0,Y,0,0,0,0,Tamil Nadu
,Hydro Cyclone Filter 30m3/hr x 2.5(MS),,3393,0,,0,0,Y,0,0,0,0,Rajasthan
,Micro Spk. Inverted Rotar Nozzle,,0,0,,0,0,Y,0,0,0,0,Tamil Nadu
,Micro Sprayer/Jet(Assembley Without Stand),,0,0,,0,0,Y,0,0,0,0,Tamil Nadu
,Rain Gun  Adopter 1.25(50X40),,0,0,,0,0,Y,0,0,0,0,Tamil Nadu
,Rain Gun 1.25,,0,0,,0,0,Y,0,0,0,0,Tamil Nadu
,Rain Gun 2 with Stand,,0,0,,0,0,Y,0,0,0,0,Tamil Nadu
,RAIN GUN ADOPTER 2(63x40),,0,0,,0,0,Y,0,0,0,0,Tamil Nadu
,Rain Gun Nipple G.I. 2.5x1-1/4,,0,0,,0,0,Y,0,0,0,0,Tamil Nadu
,Rain Gun Nipple G.I. 2x1-1/4,,0,0,,0,0,Y,0,0,0,0,Tamil Nadu
,Rain Gun Riser 1.25,,0,0,,0,0,Y,0,0,0,0,Tamil Nadu
,Emmitting Pipe CL-II(12mm 2LPH 40cm)Flat,,0,0,,0,0,Y,0,0,0,0,Tamil Nadu
,Hydro Cyclone Filter 40m3/hr 3(M.S.),,9273,0,,0,0,Y,0,0,0,0,Rajasthan
,Rain Gun Stand 1.25,,1900,0,,0,0,Y,0,0,0,0,Tamil Nadu
,Raingun Adopter 2.5(75x40),,0,0,,0,0,Y,0,0,0,0,Tamil Nadu
,Raingun Adopter 3(90x40),,0,0,,0,0,Y,0,0,0,0,Tamil Nadu
,Raingun Adopter 4(110x40),,0,0,,0,0,Y,0,0,0,0,Tamil Nadu
,SOC 110mm Epc Spk Latch,,0,0,,0,0,Y,0,0,0,0,Tamil Nadu
,SOC 110mm HDPE Spk End Cap,,0,0,,0,0,Y,0,0,0,0,Tamil Nadu
,SOC 110mm HDPE Spk T.P.,,0,0,,0,0,Y,0,0,0,0,Tamil Nadu
,SOC 110mm N HDPE Spk Adopter,,0,0,,0,0,Y,0,0,0,0,Tamil Nadu
,SOC 110mm N HDPE Spk Bend,,0,0,,0,0,Y,0,0,0,0,Tamil Nadu
,SOC 110mm N HDPE Spk MLC,,0,0,,0,0,Y,0,0,0,0,Tamil Nadu
,Hydro-Cyclone Filter 25m3/hr x 2(PP),,4025,0,,0,0,Y,0,0,0,0,Rajasthan
,Emmitting Pipe CL-II(12mm 2LPH 40cm)Round,,0,0,,0,0,Y,0,0,0,0,Tamil Nadu
,SOC 110mm N HDPE Spk PCN,,0,0,,0,0,Y,0,0,0,0,Tamil Nadu
,SOC 110mm N HDPE Spk Pipe 6mtr,,0,0,,0,0,Y,0,0,0,0,Tamil Nadu
,SOC 110mm N HDPE Spk Tee,,0,0,,0,0,Y,0,0,0,0,Tamil Nadu
,SOC 110mm N Spk Foot Batten,,0,0,,0,0,Y,0,0,0,0,Tamil Nadu
,SOC 110mm N Spk Latch,,0,0,,0,0,Y,0,0,0,0,Tamil Nadu
,SOC 110x90MM HDPE Spk Reducer,,0,0,,0,0,Y,0,0,0,0,Tamil Nadu
,SOC 50MM HDPE Spk End Cap,,0,0,,0,0,Y,0,0,0,0,Tamil Nadu
,Soc 50MM HDPE Spk T.P.,,0,0,,0,0,Y,0,0,0,0,Tamil Nadu
,SOC 50MM N HDPE Spk Adopter,,0,0,,0,0,Y,0,0,0,0,Tamil Nadu
,Hydro-Cyclone Filter 25m3/hrx2(M.S.),,7269,0,,0,0,Y,0,0,0,0,Rajasthan
,SOC 50MM N HDPE Spk Bend,,0,0,,0,0,Y,0,0,0,0,Tamil Nadu
,Air Release Valve 1,,100,0,,0,0,Y,0,0,0,0,Tamil Nadu
,Air Release Valve 1.5 (HT-89),,101,0,,0,0,Y,0,0,0,0,Tamil Nadu
,PP Ball Valve/Control Valve 40mm(Plain),,105,0,,0,0,Y,0,0,0,0,Tamil Nadu
,P.P. Ball Valve/control Valve 50mm(Plain),,106,0,,0,0,Y,0,0,0,0,Tamil Nadu
,PP Ball Valve/Control Valve 63mm-Plain,,107,0,,0,0,Y,0,0,0,0,Tamil Nadu
,PP Ball Valve/Control Valve 75mm Plain,,108,0,,0,0,Y,0,0,0,0,Tamil Nadu
,PP Ball Valve/Control Valve 90mm Plain,,109,0,,0,0,Y,0,0,0,0,Tamil Nadu
,On Line Dripper(8-LPH),,111,0,,0,0,Y,0,0,0,0,Tamil Nadu
,Mini Spk M/F Adopter 1/2,,0,0,,0,0,Y,0,0,0,0,Jharkhand
,Air Release Valve 3/4,,157,0,,0,0,Y,0,0,0,0,Rajasthan
,Hydro-Cyclone Filter 30m3/hr x 2.5(PP),,4600,0,,0,0,Y,0,0,0,0,Rajasthan
,Air Release Valve 1,,157,0,,0,0,Y,0,0,0,0,Jharkhand
,Air Release Valve 1.5 (HT-89),,0,0,,0,0,Y,0,0,0,0,Jharkhand
,Air Release Valve 3/4,,157,0,,0,0,Y,0,0,0,0,Jharkhand
,Back Flush Assembly for Sand Filter 3,,0,0,,0,0,Y,0,0,0,0,Jharkhand
,Back Flush Assembly for Sand Filter 2,,0,0,,0,0,Y,0,0,0,0,Jharkhand
,Back Flush Assembly for Sand Filter 2.5,,0,0,,0,0,Y,0,0,0,0,Jharkhand
,Butterfly Valve 2,,1609,0,,0,0,Y,0,0,0,0,Jharkhand
,Butterfly Valve 2.5,,1709,0,,0,0,Y,0,0,0,0,Jharkhand
,Butterfly Valve 3,,2293,0,,0,0,Y,0,0,0,0,Jharkhand
,Butterfly Valve 4,,0,0,,0,0,Y,0,0,0,0,Jharkhand
,Hydro-Cyclone Filter 40m3/hr x 2.5(PP),,0,0,,0,0,Y,0,0,0,0,Rajasthan
,Butterfly Valve 5,,0,0,,0,0,Y,0,0,0,0,Jharkhand
,Butterfly Valve 6,,0,0,,0,0,Y,0,0,0,0,Jharkhand
,Ball Valve 1/2(Brass),,0,0,,0,0,Y,0,0,0,0,Jharkhand
,PP Ball Valve(Flange End) 1,,0,0,,0,0,Y,0,0,0,0,Jharkhand
,P. P. Ball Valve 1 Threaded (32mm) M/F,,0,0,,0,0,Y,0,0,0,0,Jharkhand
,PP Ball Valve 1.25 Threaded(40mm),,0,0,,0,0,Y,0,0,0,0,Jharkhand
,PP Ball Valve 1.5 Threaded(50mm),,0,0,,0,0,Y,0,0,0,0,Jharkhand
,P.P. Ball Valve 2 Threaded (63mm),,0,0,,0,0,Y,0,0,0,0,Jharkhand
,PP Ball Valve 20/25 mm Solid Threaded(3/4),,0,0,,0,0,Y,0,0,0,0,Jharkhand
,P.P. Ball Valve 2.5 Threaded (75mm),,0,0,,0,0,Y,0,0,0,0,Jharkhand
,Hydro-Cyclone Filter 40m3/hrx2.5(M.S.),,3393,0,,0,0,Y,0,0,0,0,Rajasthan
,P.P. Ball Valve 3 Threaded(90mm),,0,0,,0,0,Y,0,0,0,0,Jharkhand
,PP Ball Valve 50mm 1-1/2Solid(Plain),,0,0,,0,0,Y,0,0,0,0,Jharkhand
,PP  Ball  Valve 50mm 1-1/2Solid(Threded),,0,0,,0,0,Y,0,0,0,0,Jharkhand
,PP Ball Valve 63mm(2)Solid(Plain),,0,0,,0,0,Y,0,0,0,0,Jharkhand
,PP Ball Valve 63mm(2) Solid Threaded,,0,0,,0,0,Y,0,0,0,0,Jharkhand
,PP Ball Valve/control Valve 20/25mm Singal Union,,135,0,,0,0,Y,0,0,0,0,Jharkhand
,PP Ball Valve/Control Valve 32mm Single Union,,162,0,,0,0,Y,0,0,0,0,Jharkhand
,PP Ball Valve/Control Valve 40mm(Plain),,329,0,,0,0,Y,0,0,0,0,Jharkhand
,P.P. Ball Valve/control Valve 50mm(Plain),,329,0,,0,0,Y,0,0,0,0,Jharkhand
,PP Ball Valve/Control Valve 63mm-Plain,,246.6,0,,0,0,Y,0,0,0,0,Jharkhand
,Hydro-Cyclone Filter 40m3/hrx3(PP),,0,0,,0,0,Y,0,0,0,0,Rajasthan
,PP Ball Valve/Control Valve 75mm Plain,,668,0,,0,0,Y,0,0,0,0,Jharkhand
,PP Ball Valve/Control Valve 90mm Plain,,688.8,0,,0,0,Y,0,0,0,0,Jharkhand
,PP Ball Valve with Flanged End 3,,0,0,,0,0,Y,0,0,0,0,Jharkhand
,PP Ball Valve with Flanged Ends 2,,0,0,,0,0,Y,0,0,0,0,Jharkhand
,PP Ball Valve with Flange End 2.5,,0,0,,0,0,Y,0,0,0,0,Jharkhand
,P.P. Ball Valve with Flange End 4,,0,0,,0,0,Y,0,0,0,0,Jharkhand
,PVC Ball Valve 2(Plain End),,0,0,,0,0,Y,0,0,0,0,Jharkhand
,P.V.C. Ball Valve 2(Threaded End),,0,0,,0,0,Y,0,0,0,0,Jharkhand
,PVC Ball Valve 20mm(Compression/female Tthreaded),,0,0,,0,0,Y,0,0,0,0,Jharkhand
,PVC Ball Valve 2.5(Threded End),,0,0,,0,0,Y,0,0,0,0,Jharkhand
,Hydro-Cyclone Filter 50m3/hr x 3(PP),,6325,0,,0,0,Y,0,0,0,0,Rajasthan
,Pvc Ball Valve 3(90mm)(Threaded End),,0,0,,0,0,Y,0,0,0,0,Jharkhand
,PVC Ball Valve 4(110mm) (Threaded End),,0,0,,0,0,Y,0,0,0,0,Jharkhand
,Pvc Ball Valve 40 mm,,0,0,,0,0,Y,0,0,0,0,Jharkhand
,PVC Ball Valve 2.5(Plain End),,0,0,,0,0,Y,0,0,0,0,Jharkhand
,32mm HDPE Bend,,0,0,,0,0,Y,0,0,0,0,Jharkhand
,160mm Pvc Bend,,0,0,,0,0,Y,0,0,0,0,Jharkhand
,250mm Pvc Bend,,0,0,,0,0,Y,0,0,0,0,Jharkhand
,PVC Bush 63x50mm,,0,0,,0,0,Y,0,0,0,0,Jharkhand
,PVC Bush 75x63mm 10kg,,0,0,,0,0,Y,0,0,0,0,Jharkhand
,PVC Bush 90x63mm 10kg,,0,0,,0,0,Y,0,0,0,0,Jharkhand
,Hydro-Cyclone Filter 50m3/hrx3(M.S.),,9273,0,,0,0,Y,0,0,0,0,Rajasthan
,PVC Reducer Bush 63x50mm 6kg,,0,0,,0,0,Y,0,0,0,0,Jharkhand
,Clamp SS(4),,0,0,,0,0,Y,0,0,0,0,Jharkhand
,Hose Clamp 4,,0,0,,0,0,Y,0,0,0,0,Jharkhand
,Clamp  for Hydrocyclone Filter,,0,0,,0,0,Y,0,0,0,0,Jharkhand
,Core-Cap,,0,0,,0,0,Y,0,0,0,0,Jharkhand
,PVC Connecting Tube 20cm(Stab-Barb-Conn-Bayoynet),,0,0,,0,0,Y,0,0,0,0,Jharkhand
,Coupler/joiner 25MM,,32.3,0,,0,0,Y,0,0,0,0,Jharkhand
,Coupler/Joiner 32mm,,34.53,0,,0,0,Y,0,0,0,0,Jharkhand
,Coupler/joiner 50mm,,0,0,,0,0,Y,0,0,0,0,Jharkhand
,Coupler/Joiner 63mm,,0,0,,0,0,Y,0,0,0,0,Jharkhand
,Hydro-Cyclone Filter 60m3/hrx3(M.S.),,0,0,,0,0,Y,0,0,0,0,Rajasthan
,Coupler/joiner 75mm,,0,0,,0,0,Y,0,0,0,0,Jharkhand
,Coupler/joiner 110MM,,0,0,,0,0,Y,0,0,0,0,Jharkhand
,D-Coiler,,0,0,,0,0,Y,0,0,0,0,Jharkhand
,Drill/Inject Punch 10mm,,0,0,,0,0,Y,0,0,0,0,Jharkhand
,Drill/inject Punch 12mm(Metal),,0,0,,0,0,Y,0,0,0,0,Jharkhand
,Drill/inject Punch 16mm(Metal),,0,0,,0,0,Y,0,0,0,0,Jharkhand
,Drill/inject Punch 18mm(Metal),,0,0,,0,0,Y,0,0,0,0,Jharkhand
,Drill/inject Punch 25mm(Metal),,0,0,,0,0,Y,0,0,0,0,Jharkhand
,Drill/Inject Punch 3mm(Metal),,0,0,,0,0,Y,0,0,0,0,Jharkhand
,Drill/Inject Punch 8mm(Metal),,0,0,,0,0,Y,0,0,0,0,Jharkhand
,Hydro-Cycloner Filter 10m3/hr x 1.5(M.S),,0,0,,0,0,Y,0,0,0,0,Rajasthan
,Drill/Inject Punch 4mm(Metal),,0,0,,0,0,Y,0,0,0,0,Jharkhand
,Drill/inject Lateral Punch 3mm(PVC),,0,0,,0,0,Y,0,0,0,0,Jharkhand
,Drill/inject Lateral Punch 4mm(PVC),,0,0,,0,0,Y,0,0,0,0,Jharkhand
,Flat Dripper  2LPH,,0,0,,0,0,Y,0,0,0,0,Jharkhand
,Flat Dripper  4LPH,,0,0,,0,0,Y,0,0,0,0,Jharkhand
,Flat Dripper 1.6LPH,,0,0,,0,0,Y,0,0,0,0,Jharkhand
,Drip Sample Kit,,0,0,,0,0,Y,0,0,0,0,Jharkhand
,On Line Dripper(4-LPH),,3.95,0,,0,0,Y,0,0,0,0,Jharkhand
,On Line Dripper(8-LPH),,3.95,0,,0,0,Y,0,0,0,0,Jharkhand
,On Line Dripper(14-LPH),,3.95,0,,0,0,Y,0,0,0,0,Jharkhand
,Installation Stake 1.2Mtr Long(8mm),,0,0,,0,0,Y,0,0,0,0,Rajasthan
,On Line Dripper(2-LPH),,0,0,,0,0,Y,0,0,0,0,Jharkhand
,12MM In Line Dripper (2-LPH)Round,,0,0,,0,0,Y,0,0,0,0,Jharkhand
,12MM In Line Dripper (4-LPH)Round,,0,0,,0,0,Y,0,0,0,0,Jharkhand
,16MM In Line Dripper(2-LPH)Round,,0,0,,0,0,Y,0,0,0,0,Jharkhand
,16mm In Line Dripper (4-LPH)Round,,0,0,,0,0,Y,0,0,0,0,Jharkhand
,20MM INLINE DRIPPER(2LPH)ROUND,,0,0,,0,0,Y,0,0,0,0,Jharkhand
,20MM INLINE DRIPPER(4-LPH)ROUND,,0,0,,0,0,Y,0,0,0,0,Jharkhand
,16mm Inline Dripper(2.1LPH PCND)Round,,0,0,,0,0,Y,0,0,0,0,Jharkhand
,End Cap 32mm PVC,,0,0,,0,0,Y,0,0,0,0,Jharkhand
,End Cap 40mm PVC,,0,0,,0,0,Y,0,0,0,0,Jharkhand
,Installation Stake Trishul Type,,93,0,,0,0,Y,0,0,0,0,Rajasthan
,End Cap 50mm(PVC),,0,0,,0,0,Y,0,0,0,0,Jharkhand
,End Cap 63mm(PVC),,0,0,,0,0,Y,0,0,0,0,Jharkhand
,END CAP 75MM(PVC),,0,0,,0,0,Y,0,0,0,0,Jharkhand
,End Cap 90mm(PVC),,0,0,,0,0,Y,0,0,0,0,Jharkhand
,End Cap 140mm PVC,,0,0,,0,0,Y,0,0,0,0,Jharkhand
,End Cap 160mm PVC,,0,0,,0,0,Y,0,0,0,0,Jharkhand
,End Cap 40mm(CF),,0,0,,0,0,Y,0,0,0,0,Jharkhand
,End Cap 75mm(CF),,0,0,,0,0,Y,0,0,0,0,Jharkhand
,End Cap 90mm(PP-CF),,0,0,,0,0,Y,0,0,0,0,Jharkhand
,End Cap 110mm(CF),,0,0,,0,0,Y,0,0,0,0,Jharkhand
,Back Flush Assembly for Sand Filter 2,,0,0,,0,0,Y,0,0,0,0,Rajasthan
,Installation Stake Trishul Type 1.5mtr,,0,0,,0,0,Y,0,0,0,0,Rajasthan
,End Cap 50MM(PP),,0,0,,0,0,Y,0,0,0,0,Jharkhand
,End Cap 63MM(PP),,0,0,,0,0,Y,0,0,0,0,Jharkhand
,Elbow 20mm(Double Compression),,0,0,,0,0,Y,0,0,0,0,Jharkhand
,Elbow(CF-PP)20MM,,0,0,,0,0,Y,0,0,0,0,Jharkhand
,Elbow 50mm(PP-CF),,0,0,,0,0,Y,0,0,0,0,Jharkhand
,Elbow 63mm(PP-CF),,0,0,,0,0,Y,0,0,0,0,Jharkhand
,Elbow 75mm(PP-CF),,0,0,,0,0,Y,0,0,0,0,Jharkhand
,Elbow 90mm(PP-CF),,0,0,,0,0,Y,0,0,0,0,Jharkhand
,Flanged Elbow 2,,0,0,,0,0,Y,0,0,0,0,Jharkhand
,Flanged Elbow 2.5,,0,0,,0,0,Y,0,0,0,0,Jharkhand
,Joiner 12mm,,2.24,0,,0,0,Y,0,0,0,0,Rajasthan
,Flanged Elbow 3,,0,0,,0,0,Y,0,0,0,0,Jharkhand
,Elbow GI 20MM,,0,0,,0,0,Y,0,0,0,0,Jharkhand
,G.I.Elbow 1.5,,0,0,,0,0,Y,0,0,0,0,Jharkhand
,G.I.Elbow 2,,0,0,,0,0,Y,0,0,0,0,Jharkhand
,GI Elbow 1(MI)25mm,,0,0,,0,0,Y,0,0,0,0,Jharkhand
,GI Elbow 2.5(MI),,0,0,,0,0,Y,0,0,0,0,Jharkhand
,GI Elbow 32mm(MI),,0,0,,0,0,Y,0,0,0,0,Jharkhand
,Elbow 12mm(PP),,2.47,0,,0,0,Y,0,0,0,0,Jharkhand
,Elbow 16mm(PP),,2.69,0,,0,0,Y,0,0,0,0,Jharkhand
,Elbow 110mm(PP),,0,0,,0,0,Y,0,0,0,0,Jharkhand
,Joiner 12X16mm,,0,0,,0,0,Y,0,0,0,0,Rajasthan
,Elbow 32MM PVC,,0,0,,0,0,Y,0,0,0,0,Jharkhand
,Elbow 40mm  PVC,,0,0,,0,0,Y,0,0,0,0,Jharkhand
,ELBOW 50MM PVC,,0,0,,0,0,Y,0,0,0,0,Jharkhand
,Elbow 63mm  PVC,,0,0,,0,0,Y,0,0,0,0,Jharkhand
,Elbow 75mm PVC,,0,0,,0,0,Y,0,0,0,0,Jharkhand
,Elbow 90mm PVC,,0,0,,0,0,Y,0,0,0,0,Jharkhand
,Elbow 110mm PVC,,0,0,,0,0,Y,0,0,0,0,Jharkhand
,Elbow 140mm(PVC),,0,0,,0,0,Y,0,0,0,0,Jharkhand
,Elbow 160mm PVC,,0,0,,0,0,Y,0,0,0,0,Jharkhand
,Elbow 25mm x 1 Threaded,,30.07,0,,0,0,Y,0,0,0,0,Jharkhand
,Joiner 16mm,,2.67,0,,0,0,Y,0,0,0,0,Rajasthan
,Elbow 32mmx1 Threaded,,36.76,0,,0,0,Y,0,0,0,0,Jharkhand
,End Cap/End Plug(Line End) 12mm,,2.13,0,,0,0,Y,0,0,0,0,Jharkhand
,End Cap/End Plug(Line End) 16mm,,2.45,0,,0,0,Y,0,0,0,0,Jharkhand
,End Cap/End Plug(Line End)20mm,,2.5,0,,0,0,Y,0,0,0,0,Jharkhand
,End Cap/End Plug(Line End) 25mm,,25.61,0,,0,0,Y,0,0,0,0,Jharkhand
,End Cap/End Plug(Line End) 32mm,,27.84,0,,0,0,Y,0,0,0,0,Jharkhand
,End Cap with Ring 2.5 for Screen/Disc Filter,,0,0,,0,0,Y,0,0,0,0,Jharkhand
,End Cap with Ring 3 for Screen/Disc Filter,,0,0,,0,0,Y,0,0,0,0,Jharkhand
,End Plate  2-2.5-:3 for Hydrocyc Filter,,0,0,,0,0,Y,0,0,0,0,Jharkhand
,Extension/Connecting Tube 1.2M Long 12mm,,48,0,,0,0,Y,0,0,0,0,Jharkhand
,Joiner 16x20mm,,0,0,,0,0,Y,0,0,0,0,Rajasthan
,Extension/Connecting Tube 1.5M Long 12mm,,0,0,,0,0,Y,0,0,0,0,Jharkhand
,Spagheti/Extension Tube 6mm x 4mm,,0,0,,0,0,Y,0,0,0,0,Jharkhand
,Fertilizer Tank with Assembly 30-Litres,,4402,0,,0,0,Y,0,0,0,0,Jharkhand
,Fertilizer Tank with Assembly 60-Litres,,6032,0,,0,0,Y,0,0,0,0,Jharkhand
,Fertilizer Tank with Assembly 90-Litres,,6887,0,,0,0,Y,0,0,0,0,Jharkhand
,PP Flange Threaded 2,,0,0,,0,0,Y,0,0,0,0,Jharkhand
,PP Flange Threaded (2.5),,0,0,,0,0,Y,0,0,0,0,Jharkhand
,PP Flange Threaded (3),,0,0,,0,0,Y,0,0,0,0,Jharkhand
,P.P. Tail Pices Flange 2,,0,0,,0,0,Y,0,0,0,0,Jharkhand
,P.P. Tail Pices Flange 2.5,,0,0,,0,0,Y,0,0,0,0,Jharkhand
,Joiner 20mm,,4.5,0,,0,0,Y,0,0,0,0,Rajasthan
,P.P. Tail Pices Flange 3,,0,0,,0,0,Y,0,0,0,0,Jharkhand
,32mm HDPE Flange,,0,0,,0,0,Y,0,0,0,0,Jharkhand
,63MM PVC Flange,,0,0,,0,0,Y,0,0,0,0,Jharkhand
,Flush Valve(32x40) 40mm,,0,0,,0,0,Y,0,0,0,0,Jharkhand
,Flush Valve(40x50) 50mm,,50,0,,0,0,Y,0,0,0,0,Jharkhand
,Flush Valve(50x63) 63mm,,52,0,,0,0,Y,0,0,0,0,Jharkhand
,Flush Valve(63x75) 75mm,,63,0,,0,0,Y,0,0,0,0,Jharkhand
,Flush Valve(75x90) 90mm,,109,0,,0,0,Y,0,0,0,0,Jharkhand
,4 Way Fogger,,0,0,,0,0,Y,0,0,0,0,Jharkhand
,FTA 20mm,,0,0,,0,0,Y,0,0,0,0,Jharkhand
,Lateral Cock 12mm,,4.18,0,,0,0,Y,0,0,0,0,Rajasthan
,FTA 32mm,,0,0,,0,0,Y,0,0,0,0,Jharkhand
,FTA 32MM PVC,,0,0,,0,0,Y,0,0,0,0,Jharkhand
,FTA 40mm,,0,0,,0,0,Y,0,0,0,0,Jharkhand
,FTA 50MM,,0,0,,0,0,Y,0,0,0,0,Jharkhand
,FTA 63mm(63X50-2),,0,0,,0,0,Y,0,0,0,0,Jharkhand
,FTA 75mm,,0,0,,0,0,Y,0,0,0,0,Jharkhand
,FTA 90MM,,0,0,,0,0,Y,0,0,0,0,Jharkhand
,Gun Metal Throttle Valve 1(25mm),,1191,0,,0,0,Y,0,0,0,0,Jharkhand
,Gun Metal Throttle Valve 1.5,,2982,0,,0,0,Y,0,0,0,0,Jharkhand
,Gun Metal Throttle Valve 2,,4246,0,,0,0,Y,0,0,0,0,Jharkhand
,Lateral Cock 12mm(Heavy),,0,0,,0,0,Y,0,0,0,0,Rajasthan
,Gun Metal Throttle Valve 2.5(65mm),,11613,0,,0,0,Y,0,0,0,0,Jharkhand
,Gun Metal Throttle Valve 3,,15016,0,,0,0,Y,0,0,0,0,Jharkhand
,Gun Metal Throttle Valve 3/4,,839,0,,0,0,Y,0,0,0,0,Jharkhand
,Gun Metal Throttle Valve 1/2,,518,0,,0,0,Y,0,0,0,0,Jharkhand
,Hydro-Cycloner Filter 10m3/hr x 1.5(M.S),,0,0,,0,0,Y,0,0,0,0,Jharkhand
,Hydro Cyclone Filter 20m3/hr x  2(M.S.),,3393,0,,0,0,Y,0,0,0,0,Jharkhand
,Hydro-Cyclone Filter 25m3/hrx2(M.S.),,7269,0,,0,0,Y,0,0,0,0,Jharkhand
,Hydro Cyclone Filter 30m3/hr x 2.5(MS),,3393,0,,0,0,Y,0,0,0,0,Jharkhand
,Hydro Cyclone Filter 40m3/hr 3(M.S.),,9273,0,,0,0,Y,0,0,0,0,Jharkhand
,Hydro-Cyclone Filter 40m3/hrx2.5(M.S.),,3393,0,,0,0,Y,0,0,0,0,Jharkhand
,Lateral Cock 16mm,,4.18,0,,0,0,Y,0,0,0,0,Rajasthan
,Hydro-Cyclone Filter 50m3/hrx3(M.S.),,9273,0,,0,0,Y,0,0,0,0,Jharkhand
,Hydro-Cyclone Filter 60m3/hrx3(M.S.),,0,0,,0,0,Y,0,0,0,0,Jharkhand
,Hydro-Cyclone Filter 25m3/hr x 2(PP),,6254,0,,0,0,Y,0,0,0,0,Jharkhand
,Hydro-Cyclone Filter 30m3/hr x 2.5(PP),,6786,0,,0,0,Y,0,0,0,0,Jharkhand
,Hydro-Cyclone Filter 50m3/hr x 3(PP),,8278,0,,0,0,Y,0,0,0,0,Jharkhand
,Hydro-Cyclone Filter 40m3/hr x 2.5(PP),,0,0,,0,0,Y,0,0,0,0,Jharkhand
,Hydro-Cyclone Filter 40m3/hrx3(PP),,0,0,,0,0,Y,0,0,0,0,Jharkhand
,Header Assambly 5(Type-I),,0,0,,0,0,Y,0,0,0,0,Jharkhand
,Header Assambly 5(Type-II),,0,0,,0,0,Y,0,0,0,0,Jharkhand
,Header Assambly 5(Type-III),,0,0,,0,0,Y,0,0,0,0,Jharkhand
,Lateral Cock 16mm(Heavy),,0,0,,0,0,Y,0,0,0,0,Rajasthan
,Header Assembly 2(M.S.),,3259,0,,0,0,Y,0,0,0,0,Jharkhand
,Header Assembly 2.5(M.S.),,4104,0,,0,0,Y,0,0,0,0,Jharkhand
,Header Assembly 3(M.S.),,4754,0,,0,0,Y,0,0,0,0,Jharkhand
,Header Assembly 4(M.S.),,7243,0,,0,0,Y,0,0,0,0,Jharkhand
,Header Assembly 2Combo(PP),,0,0,,0,0,Y,0,0,0,0,Jharkhand
,Header Assembly 2(PP),,0,0,,0,0,Y,0,0,0,0,Jharkhand
,Header Assembly 2.5(PP),,0,0,,0,0,Y,0,0,0,0,Jharkhand
,HEADER ASSEMBLY 2.5X2COMBO PP,,3494,0,,0,0,Y,0,0,0,0,Jharkhand
,Header Assembly 2x1.5(Combo Pack),,2855,0,,0,0,Y,0,0,0,0,Jharkhand
,Header Assembly 3x2Combo-PP,,5199,0,,0,0,Y,0,0,0,0,Jharkhand
,Back Flush Assembly for Sand Filter 2.5,,0,0,,0,0,Y,0,0,0,0,Rajasthan
,LLDPE Plain Laterals 12mm 2.5kg CL-II,,7,0,,0,0,Y,0,0,0,0,Rajasthan
,Header Assembly 3(PP),,4754,0,,0,0,Y,0,0,0,0,Jharkhand
,Header Assembly 4(PP),,7243,0,,0,0,Y,0,0,0,0,Jharkhand
,Installation Stake Trishul Type,,93,0,,0,0,Y,0,0,0,0,Jharkhand
,Installation Stake 1.2Mtr Long(8mm),,0,0,,0,0,Y,0,0,0,0,Jharkhand
,Installation Stake Trishul Type 1.5mtr,,0,0,,0,0,Y,0,0,0,0,Jharkhand
,Micro Spk Stake(C/O Type),,0,0,,0,0,Y,0,0,0,0,Jharkhand
,Joiner 12mm,,2.24,0,,0,0,Y,0,0,0,0,Jharkhand
,Joiner 12X16mm,,0,0,,0,0,Y,0,0,0,0,Jharkhand
,Joiner 16mm,,2.67,0,,0,0,Y,0,0,0,0,Jharkhand
,Joiner 16x20mm,,0,0,,0,0,Y,0,0,0,0,Jharkhand
,LLDPE Plain Laterals 16mm 2.5Kg CL-II,,11,0,,0,0,Y,0,0,0,0,Rajasthan
,Joiner 20mm,,4.5,0,,0,0,Y,0,0,0,0,Jharkhand
,Lateral Cock 12mm(Heavy),,0,0,,0,0,Y,0,0,0,0,Jharkhand
,Lateral Cock 16mm,,4.18,0,,0,0,Y,0,0,0,0,Jharkhand
,Lateral Cock 16mm(Heavy),,0,0,,0,0,Y,0,0,0,0,Jharkhand
,Lateral Cock 12mm,,4.18,0,,0,0,Y,0,0,0,0,Jharkhand
,Ring for Compression Connector(Lock Ring),,0,0,,0,0,Y,0,0,0,0,Jharkhand
,Menifold for Ventury '2',,0,0,,0,0,Y,0,0,0,0,Jharkhand
,Micro Spk Tube(C/O-Type),,0,0,,0,0,Y,0,0,0,0,Jharkhand
,Micro Tube 1.8mm,,0,0,,0,0,Y,0,0,0,0,Jharkhand
,Micro Spk. Set(Assembly Without Stand)Nozzle,,0,0,,0,0,Y,0,0,0,0,Jharkhand
,LLDPE Plain Laterals 16mm 2.5kg CL-II(E5),,11,0,,0,0,Y,0,0,0,0,Rajasthan
,M-Seal(Safeda-MI),,0,0,,0,0,Y,0,0,0,0,Jharkhand
,MTA PP(CF) 25MM,,0,0,,0,0,Y,0,0,0,0,Jharkhand
,MTA 50mm(PP-CF),,0,0,,0,0,Y,0,0,0,0,Jharkhand
,MTA 63MM(CF),,0,0,,0,0,Y,0,0,0,0,Jharkhand
,MTA 63x50mm(CF),,0,0,,0,0,Y,0,0,0,0,Jharkhand
,MTA 75MM(CF),,0,0,,0,0,Y,0,0,0,0,Jharkhand
,MTA 90MM(CF),,0,0,,0,0,Y,0,0,0,0,Jharkhand
,MTA 110mm(CF),,0,0,,0,0,Y,0,0,0,0,Jharkhand
,MTA 90x75mm(CF),,0,0,,0,0,Y,0,0,0,0,Jharkhand
,MTA(Compression Fittings)20mm X 3/4,,0,0,,0,0,Y,0,0,0,0,Jharkhand
,LLDPE Plain Laterals 25mm 2.5kg Cl-II,,29,0,,0,0,Y,0,0,0,0,Rajasthan
,MTA(Compression Fittings) 32mm x 1,,0,0,,0,0,Y,0,0,0,0,Jharkhand
,MTA 40mm(CF),,0,0,,0,0,Y,0,0,0,0,Jharkhand
,MTA 75x63mm(CF),,0,0,,0,0,Y,0,0,0,0,Jharkhand
,MTA 25MM PVC,,0,0,,0,0,Y,0,0,0,0,Jharkhand
,MTA 32MM PVC,,0,0,,0,0,Y,0,0,0,0,Jharkhand
,MTA 50MM(50X40=1.5) PVC,,0,0,,0,0,Y,0,0,0,0,Jharkhand
,MTA 63mm(63X50-2)PVC,,0,0,,0,0,Y,0,0,0,0,Jharkhand
,MTA 75MM PVC,,0,0,,0,0,Y,0,0,0,0,Jharkhand
,MTA 90MM PVC,,0,0,,0,0,Y,0,0,0,0,Jharkhand
,Mini Spk. Nozzle(Double) Full Circle,,0,0,,0,0,Y,0,0,0,0,Jharkhand
,LLDPE Plain Laterals 32mm 2.5Kg CL-II,,26,0,,0,0,Y,0,0,0,0,Rajasthan
,Mini Spk Nozzle-Half Circle '1/2',,0,0,,0,0,Y,0,0,0,0,Jharkhand
,Start Connector Nipple 12mm,,0,0,,0,0,Y,0,0,0,0,Jharkhand
,Start Connector Nipple 16MM,,0,0,,0,0,Y,0,0,0,0,Jharkhand
,Start Connector Nipple 20mm,,0,0,,0,0,Y,0,0,0,0,Jharkhand
,GI Nipple 1/2*3,,0,0,,0,0,Y,0,0,0,0,Jharkhand
,G.I. Nipple 1.5x4,,0,0,,0,0,Y,0,0,0,0,Jharkhand
,GI Nipple 1.5x6(MI),,0,0,,0,0,Y,0,0,0,0,Jharkhand
,GI Nipple 2x6(MI),,0,0,,0,0,Y,0,0,0,0,Jharkhand
,GI Nipple 1x18(MI),,0,0,,0,0,Y,0,0,0,0,Jharkhand
,GI Nipple 1x9(MI),,0,0,,0,0,Y,0,0,0,0,Jharkhand
,Menifold for Ventury '2',,0,0,,0,0,Y,0,0,0,0,Rajasthan
,G .I. Nipple 2x4,,0,0,,0,0,Y,0,0,0,0,Jharkhand
,GI Nipple 2.5x4(MI),,0,0,,0,0,Y,0,0,0,0,Jharkhand
,GI Nipple 32m(1-1/4)X6,,0,0,,0,0,Y,0,0,0,0,Jharkhand
,GI Nipples 2.5x9(MI),,0,0,,0,0,Y,0,0,0,0,Jharkhand
,GI Nipple 1/2x6,,0,0,,0,0,Y,0,0,0,0,Jharkhand
,50mm GI Nipple,,0,0,,0,0,Y,0,0,0,0,Jharkhand
,Hex Nipple 1''(MI),,0,0,,0,0,Y,0,0,0,0,Jharkhand
,Hex Nipple 3/4(25mm),,0,0,,0,0,Y,0,0,0,0,Jharkhand
,Non Return Valve 1(25mm),,0,0,,0,0,Y,0,0,0,0,Jharkhand
,Non Return Valve 1.5(40mm),,0,0,,0,0,Y,0,0,0,0,Jharkhand
,Micro Spk Stake(C/O Type),,0,0,,0,0,Y,0,0,0,0,Rajasthan
,Non Return Valve 2(50mm),,1086,0,,0,0,Y,0,0,0,0,Jharkhand
,Non Return Valve 2.5(65mm),,1280,0,,0,0,Y,0,0,0,0,Jharkhand
,Non Return Valve 2.5(PP),,1724,0,,0,0,Y,0,0,0,0,Jharkhand
,Non Return Valve 3(80mm),,1670,0,,0,0,Y,0,0,0,0,Jharkhand
,Non Return Valve 4,,2223,0,,0,0,Y,0,0,0,0,Jharkhand
,Non Return Valve(NRV) 6,,0,0,,0,0,Y,0,0,0,0,Jharkhand
,S S Nut Bolts(MI),,0,0,,0,0,Y,0,0,0,0,Jharkhand
,Disc Filter 20m3/hrx2(PP),,4549,0,,0,0,Y,0,0,0,0,Jharkhand
,Disc Filter 25m3/hrx2(HT-134TS),,3630.6,0,,0,0,Y,0,0,0,0,Jharkhand
,Disc Filter 30m3/hr x 2.5(HT-135T),,3630.6,0,,0,0,Y,0,0,0,0,Jharkhand
,Micro Spk Tube(C/O-Type),,0,0,,0,0,Y,0,0,0,0,Rajasthan
,Disc Filter 40m3/hrx2.5(PP),,3816,0,,0,0,Y,0,0,0,0,Jharkhand
,Disc Filter 40m3/hrx3(PP),,6051,0,,0,0,Y,0,0,0,0,Jharkhand
,Disc Filter 50m3/hrx3(HT-136T)-Plastic,,3816,0,,0,0,Y,0,0,0,0,Jharkhand
,Disc Filter 50m3/hr X3(Metal),,0,0,,0,0,Y,0,0,0,0,Jharkhand
,32mm HDPE Pipe End,,0,0,,0,0,Y,0,0,0,0,Jharkhand
,Pressure Gauge 2,,131.4,0,,0,0,Y,0,0,0,0,Jharkhand
,Pressure Gauge Glycerine 2,,0,0,,0,0,Y,0,0,0,0,Jharkhand
,Pressure Gauge Glycerine 2.5,,0,0,,0,0,Y,0,0,0,0,Jharkhand
,Plug(9/12mm)M-22-End Plug,,0,0,,0,0,Y,0,0,0,0,Jharkhand
,Dripper Plug 2.5mm,,0,0,,0,0,Y,0,0,0,0,Jharkhand
,Micro Spk. Set(Assembly Without Stand)Nozzle,,0,0,,0,0,Y,0,0,0,0,Rajasthan
,Pressure Release Valve 2X1.5,,0,0,,0,0,Y,0,0,0,0,Jharkhand
,PP Reducing Bush 2x1.5,,0,0,,0,0,Y,0,0,0,0,Jharkhand
,PVC Reducer Bush 110x63mm,,0,0,,0,0,Y,0,0,0,0,Jharkhand
,Reducer 16x12mm Comp.Connector(Both Side),,2.24,0,,0,0,Y,0,0,0,0,Jharkhand
,Reducer 16X17MM Comp. Connector(Both Side),,0,0,,0,0,Y,0,0,0,0,Jharkhand
,Reducer Elbow 75x63mm PVC,,0,0,,0,0,Y,0,0,0,0,Jharkhand
,Reducing Flanged Threaded 2.5x2,,0,0,,0,0,Y,0,0,0,0,Jharkhand
,Reducing Flanged Threaded 3x2.5,,0,0,,0,0,Y,0,0,0,0,Jharkhand
,G.I.Reducer 1x1/2,,0,0,,0,0,Y,0,0,0,0,Jharkhand
,G.I.Reducer 1.25x2,,0,0,,0,0,Y,0,0,0,0,Jharkhand
,Micro Tube 1.8mm,,0,0,,0,0,Y,0,0,0,0,Rajasthan
,G.I.Reducer 1.5x2,,0,0,,0,0,Y,0,0,0,0,Jharkhand
,GI Reducer 2.5x2(MI),,0,0,,0,0,Y,0,0,0,0,Jharkhand
,GI Reducer 3x2-1/2(MI),,0,0,,0,0,Y,0,0,0,0,Jharkhand
,Reducer 25x20mm(PP),,0,0,,0,0,Y,0,0,0,0,Jharkhand
,Reducer 63x50mm(PP),,0,0,,0,0,Y,0,0,0,0,Jharkhand
,Reducer 63x40mm PVC,,0,0,,0,0,Y,0,0,0,0,Jharkhand
,PVC Reducer Coupler 75x63mm,,0,0,,0,0,Y,0,0,0,0,Jharkhand
,Reducer 40x32mm PVC,,0,0,,0,0,Y,0,0,0,0,Jharkhand
,Reducer 63x50mm PVC,,0,0,,0,0,Y,0,0,0,0,Jharkhand
,Reducer 75x50mm PVC,,0,0,,0,0,Y,0,0,0,0,Jharkhand
,Back Flush Assembly for Sand Filter 3,,0,0,,0,0,Y,0,0,0,0,Rajasthan
,Mini Spk M/F Adopter 1/2,,8.73,0,,0,0,Y,0,0,0,0,Rajasthan
,Reducer 75x63mm PVC,,0,0,,0,0,Y,0,0,0,0,Jharkhand
,Reducer 90x63 mm Pvc,,0,0,,0,0,Y,0,0,0,0,Jharkhand
,Reducer 90x75mm PVC,,0,0,,0,0,Y,0,0,0,0,Jharkhand
,Reducer 110x90mm PVC,,0,0,,0,0,Y,0,0,0,0,Jharkhand
,Reducer 160x140mm PVC,,0,0,,0,0,Y,0,0,0,0,Jharkhand
,Reducer 200x160mm PVC,,0,0,,0,0,Y,0,0,0,0,Jharkhand
,Reducer Tee 110x90 PVC,,0,0,,0,0,Y,0,0,0,0,Jharkhand
,Stand Ring 2 for Hydrocyclone Filter,,0,0,,0,0,Y,0,0,0,0,Jharkhand
,Stand Ring 3 for Hydrocyclone Filter,,0,0,,0,0,Y,0,0,0,0,Jharkhand
,Reducer Tee 160x110 PVC,,0,0,,0,0,Y,0,0,0,0,Jharkhand
,Mini Spk M/F Connector(9/12mm),,6.6,0,,0,0,Y,0,0,0,0,Rajasthan
,Reducer Tee 160X90MM (PVC),,0,0,,0,0,Y,0,0,0,0,Jharkhand
,Reducer Tee 63x32mm PVC,,0,0,,0,0,Y,0,0,0,0,Jharkhand
,Reducer Tee 75x63mm PVC,,0,0,,0,0,Y,0,0,0,0,Jharkhand
,Reducer Tee 90x63mm 6kg,,0,0,,0,0,Y,0,0,0,0,Jharkhand
,Reducer Tee 90x63mm PVC,,0,0,,0,0,Y,0,0,0,0,Jharkhand
,Reducer Tee 90x75mm PVC,,0,0,,0,0,Y,0,0,0,0,Jharkhand
,GI Reducing Tee 2.5x2(MI),,0,0,,0,0,Y,0,0,0,0,Jharkhand
,Grommet 12mm,,0,0,,0,0,Y,0,0,0,0,Jharkhand
,Grommet 16mm,,3.2,0,,0,0,Y,0,0,0,0,Jharkhand
,Sand for Sand Filter(KG),,0,0,,0,0,Y,0,0,0,0,Jharkhand
,Mini Spk Nozzle-Half Circle '1/2',,233,0,,0,0,Y,0,0,0,0,Rajasthan
,Screen225m3,,0,0,,0,0,Y,0,0,0,0,Jharkhand
,Screen Element 2(Cartridge),,0,0,,0,0,Y,0,0,0,0,Jharkhand
,Screen Element 2.5(Cartridge),,0,0,,0,0,Y,0,0,0,0,Jharkhand
,Screen Elements 3(Cartridge),,0,0,,0,0,Y,0,0,0,0,Jharkhand
,Screen Filter 1 4*6/8m3/hr x 1(Y),,0,0,,0,0,Y,0,0,0,0,Jharkhand
,Screen Filter 15mm3/hr x 1.5(Plastic),,1272,0,,0,0,Y,0,0,0,0,Jharkhand
,Screen Filter 15mm3/hr x 2(Plastic),,0,0,,0,0,Y,0,0,0,0,Jharkhand
,Screen Filter 20m3/hr X2(Metal),,0,0,,0,0,Y,0,0,0,0,Jharkhand
,Screen Filter 20m3/hr x 2(Plastic),,1666.8,0,,0,0,Y,0,0,0,0,Jharkhand
,Screen Filter 25m3/hr x 2(Plastic),,2650,0,,0,0,Y,0,0,0,0,Jharkhand
,Mini Spk. Nozzle(Double) Full Circle,,122,0,,0,0,Y,0,0,0,0,Rajasthan
,Screen Filter 25m3/hr X2.5(Metal),,0,0,,0,0,Y,0,0,0,0,Jharkhand
,Screen Filter 30m3/hr X2.5(Metal),,0,0,,0,0,Y,0,0,0,0,Jharkhand
,Screen Filter 30m3/hrx2.5(Plastic),,1666.8,0,,0,0,Y,0,0,0,0,Jharkhand
,Screen Filter 3/4120mesh 6*4 M3,,0,0,,0,0,Y,0,0,0,0,Jharkhand
,Screen Filter 40m3/hrx2.5(Plastic),,2942,0,,0,0,Y,0,0,0,0,Jharkhand
,Screen Filter 40m3/hr X2.5''(Metal),,0,0,,0,0,Y,0,0,0,0,Jharkhand
,Screen Filter 40m3/hr X3(Metal),,0,0,,0,0,Y,0,0,0,0,Jharkhand
,Screen Filter 40m3/hr x 3(Plastics),,1765.2,0,,0,0,Y,0,0,0,0,Jharkhand
,Screen Filter 40m3/hr X3(Semi Automatic),,0,0,,0,0,Y,0,0,0,0,Jharkhand
,Screen Filter 50m3/hr X3(Double Body),,0,0,,0,0,Y,0,0,0,0,Jharkhand
,M-Seal(Safeda-MI),,0,0,,0,0,Y,0,0,0,0,Rajasthan
,Screen Filter 50m3/hr X3(Metal),,0,0,,0,0,Y,0,0,0,0,Jharkhand
,Screen Filter 50m3/hr x 3(Plastic),,1765.2,0,,0,0,Y,0,0,0,0,Jharkhand
,Screen Filter 10m3/hr x 2 (Metal),,0,0,,0,0,Y,0,0,0,0,Jharkhand
,Screen Filter 10m3/hr X 2.5''(Metal),,0,0,,0,0,Y,0,0,0,0,Jharkhand
,Screen Filter 20m3/hr X2.5(Metal),,0,0,,0,0,Y,0,0,0,0,Jharkhand
,Screen Filter 25m3/hr X2(Semi Automatic),,0,0,,0,0,Y,0,0,0,0,Jharkhand
,Screen Filter 50m3/hr x 2(Plastic),,0,0,,0,0,Y,0,0,0,0,Jharkhand
,Stap Saddle 200mmX1.1/2,,0,0,,0,0,Y,0,0,0,0,Jharkhand
,Stap Saddle 200mmX1.1/4,,0,0,,0,0,Y,0,0,0,0,Jharkhand
,Stap Saddle 200mmX1/2,,0,0,,0,0,Y,0,0,0,0,Jharkhand
,MTA 110mm(CF),,0,0,,0,0,Y,0,0,0,0,Rajasthan
,G.I.Socket 1,,0,0,,0,0,Y,0,0,0,0,Jharkhand
,Gi Socket 1.25,,0,0,,0,0,Y,0,0,0,0,Jharkhand
,G.I.Socket 1.5,,0,0,,0,0,Y,0,0,0,0,Jharkhand
,G.I.Socket 2,,0,0,,0,0,Y,0,0,0,0,Jharkhand
,G.I.Socket 1.5x2,,0,0,,0,0,Y,0,0,0,0,Jharkhand
,PP Socket 1.5(50mm)MI,,0,0,,0,0,Y,0,0,0,0,Jharkhand
,PP Socket 2(63mm)MI,,0,0,,0,0,Y,0,0,0,0,Jharkhand
,PP Socket 2.5(75mm)MI,,0,0,,0,0,Y,0,0,0,0,Jharkhand
,PP Socket 3(90mm)MI,,0,0,,0,0,Y,0,0,0,0,Jharkhand
,Socket 63mm PVC,,0,0,,0,0,Y,0,0,0,0,Jharkhand
,MTA 25MM PVC,,0,0,,0,0,Y,0,0,0,0,Rajasthan
,Socket 75mm PVC,,0,0,,0,0,Y,0,0,0,0,Jharkhand
,Socket 90mm PVC,,0,0,,0,0,Y,0,0,0,0,Jharkhand
,200mm Pvc Socket,,0,0,,0,0,Y,0,0,0,0,Jharkhand
,Sluice Valve 2.5,,0,0,,0,0,Y,0,0,0,0,Jharkhand
,Sand Filter 10m3/hr x 1.5,,11777.5,0,,0,0,Y,0,0,0,0,Jharkhand
,Sand Filter 20xm3/hr 2,,13650.7,0,,0,0,Y,0,0,0,0,Jharkhand
,Sand Filter 30mm3X2.5,,24199,0,,0,0,Y,0,0,0,0,Jharkhand
,Sand Filter 50m3/hr x 3,,32176,0,,0,0,Y,0,0,0,0,Jharkhand
,Sand Filter 25m3/hr x 2,,13650.7,0,,0,0,Y,0,0,0,0,Jharkhand
,Sand Filter 40m3/hr x 2.5,,18149.25,0,,0,0,Y,0,0,0,0,Jharkhand
,MTA 32MM PVC,,0,0,,0,0,Y,0,0,0,0,Rajasthan
,Sand Filter 40m3/hr x 3,,32176,0,,0,0,Y,0,0,0,0,Jharkhand
,Solvent Cement(Ltr),,0,0,,0,0,Y,0,0,0,0,Jharkhand
,Service Saddle 40mm(MI),,0,0,,0,0,Y,0,0,0,0,Jharkhand
,Service Saddle 40mmX3/4(PP),,0,0,,0,0,Y,0,0,0,0,Jharkhand
,Service Saddle 50mm(MI),,0,0,,0,0,Y,0,0,0,0,Jharkhand
,Service Saddle 50mmX1/2(P),,0,0,,0,0,Y,0,0,0,0,Jharkhand
,Service Saddle 50mmX3/4(PP),,0,0,,0,0,Y,0,0,0,0,Jharkhand
,Service Saddle 63mm 1(MI),,0,0,,0,0,Y,0,0,0,0,Jharkhand
,Service Saddle 63mm 3/4(MI),,0,0,,0,0,Y,0,0,0,0,Jharkhand
,Service Saddle 75mm(MI),,0,0,,0,0,Y,0,0,0,0,Jharkhand
,MTA 40mm(CF),,0,0,,0,0,Y,0,0,0,0,Rajasthan
,Service Saddle 75mmX1(PP),,128.93,0,,0,0,Y,0,0,0,0,Jharkhand
,Service Saddle 75mmX1.25(M.S),,0,0,,0,0,Y,0,0,0,0,Jharkhand
,Service Saddle 75mmX1-1/4(PP),,0,0,,0,0,Y,0,0,0,0,Jharkhand
,Service Saddle 90mm(MI),,0,0,,0,0,Y,0,0,0,0,Jharkhand
,Service Saddle 90mmX1.25(M.S),,0,0,,0,0,Y,0,0,0,0,Jharkhand
,Service Saddle 90mmX1/2(P),,0,0,,0,0,Y,0,0,0,0,Jharkhand
,Service Saddle 110mm(MI),,0,0,,0,0,Y,0,0,0,0,Jharkhand
,Service Saddle 63mmX1/2(P),,0,0,,0,0,Y,0,0,0,0,Jharkhand
,Service Saddle 50mm(PVC),,0,0,,0,0,Y,0,0,0,0,Jharkhand
,63MM PVC Tail Piece,,0,0,,0,0,Y,0,0,0,0,Jharkhand
,MTA 50MM(50X40=1.5) PVC,,23.21,0,,0,0,Y,0,0,0,0,Rajasthan
,Tapping Coupler 20mm(EF),,0,0,,0,0,Y,0,0,0,0,Jharkhand
,Tee(Compression Fitting) 12x12mm,,3.42,0,,0,0,Y,0,0,0,0,Jharkhand
,Tee (Compression Fitting) 16mx12m/16X16,,3.31,0,,0,0,Y,0,0,0,0,Jharkhand
,Tee(Compression Fitting)25mmx1x25mm,,0,0,,0,0,Y,0,0,0,0,Jharkhand
,TEE(Compression Fitting)32mm X1 X32mm,,0,0,,0,0,Y,0,0,0,0,Jharkhand
,Tee 40mm(CF),,0,0,,0,0,Y,0,0,0,0,Jharkhand
,TEE(Compression Fitting)50MM,,0,0,,0,0,Y,0,0,0,0,Jharkhand
,TEE(Compression Fitting)63MM,,0,0,,0,0,Y,0,0,0,0,Jharkhand
,Tee 75mm(CF),,0,0,,0,0,Y,0,0,0,0,Jharkhand
,Tee 90mm(CF),,0,0,,0,0,Y,0,0,0,0,Jharkhand
,Ball Valve 1/2(Brass),,0,0,,0,0,Y,0,0,0,0,Rajasthan
,MTA 50mm(PP-CF),,0,0,,0,0,Y,0,0,0,0,Rajasthan
,Tee 110mm(CF),,0,0,,0,0,Y,0,0,0,0,Jharkhand
,50MM GI TEE,,0,0,,0,0,Y,0,0,0,0,Jharkhand
,G. I. Tee 90mm(3*2.5),,0,0,,0,0,Y,0,0,0,0,Jharkhand
,G.I. Tee 110mm(4*2.5),,0,0,,0,0,Y,0,0,0,0,Jharkhand
,G.I. Tee 110mm(4*3),,0,0,,0,0,Y,0,0,0,0,Jharkhand
,32mm HDPE Tee,,0,0,,0,0,Y,0,0,0,0,Jharkhand
,By Pass Threaded Tee with Flange End 2.5(PP),,0,0,,0,0,Y,0,0,0,0,Jharkhand
,By Pass Threaded Tee with Flange End 3 (PP),,0,0,,0,0,Y,0,0,0,0,Jharkhand
,By Pass Threaded Tee Without  Flange End 2 (PP),,0,0,,0,0,Y,0,0,0,0,Jharkhand
,Tee 3 Side Male Threaded 1(32mm),,0,0,,0,0,Y,0,0,0,0,Jharkhand
,MTA 63mm(63X50-2)PVC,,30.49,0,,0,0,Y,0,0,0,0,Rajasthan
,TEE 32MM PVC,,0,0,,0,0,Y,0,0,0,0,Jharkhand
,TEE 40MM PVC,,0,0,,0,0,Y,0,0,0,0,Jharkhand
,TEE 50MM PVC,,0,0,,0,0,Y,0,0,0,0,Jharkhand
,Tee 63mm PVC,,0,0,,0,0,Y,0,0,0,0,Jharkhand
,Tee 75mm  PVC,,0,0,,0,0,Y,0,0,0,0,Jharkhand
,Tee 90mm  PVC,,0,0,,0,0,Y,0,0,0,0,Jharkhand
,Tee 110mm PVC,,0,0,,0,0,Y,0,0,0,0,Jharkhand
,Tee 140mm(PVC),,0,0,,0,0,Y,0,0,0,0,Jharkhand
,Tee 200mm PVC,,0,0,,0,0,Y,0,0,0,0,Jharkhand
,Tapping Compression Ferrule 20x/12,,0,0,,0,0,Y,0,0,0,0,Jharkhand
,MTA 63MM(CF),,0,0,,0,0,Y,0,0,0,0,Rajasthan
,Throttle Valve 2(PP),,774,0,,0,0,Y,0,0,0,0,Jharkhand
,Throttle Valve 2.5(PP),,1800,0,,0,0,Y,0,0,0,0,Jharkhand
,Throttle Valves 3 (PP),,0,0,,0,0,Y,0,0,0,0,Jharkhand
,Tapping Saddle -90x1/2(EF),,0,0,,0,0,Y,0,0,0,0,Jharkhand
,Tapping Tee 90x20mm(EF),,0,0,,0,0,Y,0,0,0,0,Jharkhand
,Mini Spk M/F Connector(9/12mm),,0,0,,0,0,Y,0,0,0,0,Jharkhand
,Spagheti Barbed Connector,,0,0,,0,0,Y,0,0,0,0,Jharkhand
,Vaccum Breaker Valve 0.5,,0,0,,0,0,Y,0,0,0,0,Jharkhand
,Ventury Assembly with Manifold 1,,801,0,,0,0,Y,0,0,0,0,Jharkhand
,Ventury Assembly with Manifold 1.5'',,0,0,,0,0,Y,0,0,0,0,Jharkhand
,MTA 63x50mm(CF),,0,0,,0,0,Y,0,0,0,0,Rajasthan
,Ventury Assembly with Manifold 2,,2170.2,0,,0,0,Y,0,0,0,0,Jharkhand
,Ventury Assembly with Manifold 2.5,,3000,0,,0,0,Y,0,0,0,0,Jharkhand
,Ventury Assembly with Manifold & Rotameter 3/4,,0,0,,0,0,Y,0,0,0,0,Jharkhand
,Ventury Ass. with Manifold & Without Rotameter 3/4,,0,0,,0,0,Y,0,0,0,0,Jharkhand
,Rotameter for Ventury,,0,0,,0,0,Y,0,0,0,0,Jharkhand
,Washer Plain M-3-4-5,,0,0,,0,0,Y,0,0,0,0,Jharkhand
,Winder Dripline,,0,0,,0,0,Y,0,0,0,0,Jharkhand
,By Pass Assembly 2X1.5(M.S.),,0,0,,0,0,Y,0,0,0,0,Jharkhand
,By Pass Assembly 2.5x2(M.S.),,0,0,,0,0,Y,0,0,0,0,Jharkhand
,By Pass Assembly 3''x2(M.S.),,0,0,,0,0,Y,0,0,0,0,Jharkhand
,MTA 75MM PVC,,45.69,0,,0,0,Y,0,0,0,0,Rajasthan
,By Pass Assembly 2.5''(PP),,0,0,,0,0,Y,0,0,0,0,Jharkhand
,By Pass Assembly 2x1.5''(PP),,0,0,,0,0,Y,0,0,0,0,Jharkhand
,By Pass Assembly 3''(PP),,0,0,,0,0,Y,0,0,0,0,Jharkhand
,Dhaga Sutta(MI),,0,0,,0,0,Y,0,0,0,0,Jharkhand
,140X110MM MS Reducer,,0,0,,0,0,Y,0,0,0,0,Jharkhand
,160x110MM MS Reducer,,0,0,,0,0,Y,0,0,0,0,Jharkhand
,160x90mm MS Reducer,,0,0,,0,0,Y,0,0,0,0,Jharkhand
,90MM HDPE Pipe End PN6 PE80(Moulded),,0,0,,0,0,Y,0,0,0,0,Jharkhand
,110MM HDPE Pipe End PN6 PE80(Moulded),,0,0,,0,0,Y,0,0,0,0,Jharkhand
,125MM HDPE Pipe End PN6 PE80(Moulded),,0,0,,0,0,Y,0,0,0,0,Jharkhand
,MTA 75MM(CF),,0,0,,0,0,Y,0,0,0,0,Rajasthan
,140MM HDPE End Cap PN6 PE80(Moulded),,0,0,,0,0,Y,0,0,0,0,Jharkhand
,140MM HDPE Pipe End PN6 PE80(Moulded),,0,0,,0,0,Y,0,0,0,0,Jharkhand
,180MM HDPE Pipe End PN6 PE80(Moulded),,0,0,,0,0,Y,0,0,0,0,Jharkhand
,125MM HDPE MOULDED BEND,,0,0,,0,0,Y,0,0,0,0,Jharkhand
,140MM HDPE MOULDED BEND,,0,0,,0,0,Y,0,0,0,0,Jharkhand
,160MM HDPE MOULDED BEND,,0,0,,0,0,Y,0,0,0,0,Jharkhand
,160MM HDPE MOULDED BEND(PN6),,0,0,,0,0,Y,0,0,0,0,Jharkhand
,125mm HDPE End Cap(Moulded),,0,0,,0,0,Y,0,0,0,0,Jharkhand
,125MM HDPE End Cap PN6 PE80(Moulded),,0,0,,0,0,Y,0,0,0,0,Jharkhand
,140mm HDPE End Cap(Moulded),,0,0,,0,0,Y,0,0,0,0,Jharkhand
,MTA 75x63mm(CF),,0,0,,0,0,Y,0,0,0,0,Rajasthan
,160mm HDPE End Cap(Moulded),,0,0,,0,0,Y,0,0,0,0,Jharkhand
,160MM HDPE End Cap PN6 PE80(Moulded),,0,0,,0,0,Y,0,0,0,0,Jharkhand
,200MM HDPE End Cap PN6 PE80(Moulded),,0,0,,0,0,Y,0,0,0,0,Jharkhand
,200MM HDPE ENDCAP(Moulded),,0,0,,0,0,Y,0,0,0,0,Jharkhand
,225MM HDPE End Cap(Moulded),,0,0,,0,0,Y,0,0,0,0,Jharkhand
,140MM HDPE MOULDED PCN,,0,0,,0,0,Y,0,0,0,0,Jharkhand
,160MM HDPE MOULDED PCN,,0,0,,0,0,Y,0,0,0,0,Jharkhand
,110MM PN6 PE100 HDPE PIPE END,,0,0,,0,0,Y,0,0,0,0,Jharkhand
,225mm HDPE Pipe End(Moulded),,0,0,,0,0,Y,0,0,0,0,Jharkhand
,250mm HDPE Pipe End(Moulded),,0,0,,0,0,Y,0,0,0,0,Jharkhand
,MTA 90MM PVC,,74.54,0,,0,0,Y,0,0,0,0,Rajasthan
,280MM HDPE Pipe End(Moulded),,0,0,,0,0,Y,0,0,0,0,Jharkhand
,315MM HDPE  Pipe End(Moulded),,0,0,,0,0,Y,0,0,0,0,Jharkhand
,355MM HDPE PIPE END(Moulded),,0,0,,0,0,Y,0,0,0,0,Jharkhand
,500MM HDPE Pipe End,,0,0,,0,0,Y,0,0,0,0,Jharkhand
,125X110MM HDPE MOULDED REDUCER,,0,0,,0,0,Y,0,0,0,0,Jharkhand
,125X90MM HDPE MOULDED REDUCER,,0,0,,0,0,Y,0,0,0,0,Jharkhand
,140X110MM HDPE MOULDED REDUCER,,0,0,,0,0,Y,0,0,0,0,Jharkhand
,140X125MM HDPE MOULDED REDUCER,,0,0,,0,0,Y,0,0,0,0,Jharkhand
,140X90MM HDPE MOULDED REDUCER,,0,0,,0,0,Y,0,0,0,0,Jharkhand
,160X110MM HDPE MOULDED REDUCER,,0,0,,0,0,Y,0,0,0,0,Jharkhand
,MTA 90MM(CF),,0,0,,0,0,Y,0,0,0,0,Rajasthan
,160X75MM HDPE Reducer,,0,0,,0,0,Y,0,0,0,0,Jharkhand
,160X90mm HDPE Moulded Reducer,,0,0,,0,0,Y,0,0,0,0,Jharkhand
,160X140MM HDPE MOULDED REDUCER,,0,0,,0,0,Y,0,0,0,0,Jharkhand
,180x90mm HDPE Moulded Reducer,,0,0,,0,0,Y,0,0,0,0,Jharkhand
,180X125MM HDPE MOULDED REDUCER,,0,0,,0,0,Y,0,0,0,0,Jharkhand
,180X140MM HDPE MOULDED REDUCER,,0,0,,0,0,Y,0,0,0,0,Jharkhand
,200X180MM HDPE MOULDED REDUCER,,0,0,,0,0,Y,0,0,0,0,Jharkhand
,200X125MM HDPE MOULDED REDUCER,,0,0,,0,0,Y,0,0,0,0,Jharkhand
,200X140MM HDPE MOULDED REDUCER,,0,0,,0,0,Y,0,0,0,0,Jharkhand
,200x90mm HDPE  Moulded Reducer,,0,0,,0,0,Y,0,0,0,0,Jharkhand
,MTA 90x75mm(CF),,0,0,,0,0,Y,0,0,0,0,Rajasthan
,225X160MM HDPE Molulded Reducer,,0,0,,0,0,Y,0,0,0,0,Jharkhand
,225X180MM HDPE Moulded Reducer,,0,0,,0,0,Y,0,0,0,0,Jharkhand
,225X90MM HDPE Moulded Reducer,,0,0,,0,0,Y,0,0,0,0,Jharkhand
,250X110MM HDPE Moulded Reducer,,0,0,,0,0,Y,0,0,0,0,Jharkhand
,250X160MM HDPE Moulded Reducer,,0,0,,0,0,Y,0,0,0,0,Jharkhand
,250x90mm HDPE Moulded Reducer,,0,0,,0,0,Y,0,0,0,0,Jharkhand
,280X90MM HDPE Moulded Reducer,,0,0,,0,0,Y,0,0,0,0,Jharkhand
,315X110MM HDPE Moulded Reducer,,0,0,,0,0,Y,0,0,0,0,Jharkhand
,315X180MM HDPE Moulded Reducer,,0,0,,0,0,Y,0,0,0,0,Jharkhand
,315X225MM HDPE Moulded Reducer,,0,0,,0,0,Y,0,0,0,0,Jharkhand
,Butterfly Valve 2,,1609,0,,0,0,Y,0,0,0,0,Rajasthan
,MTA PP(CF) 25MM,,0,0,,0,0,Y,0,0,0,0,Rajasthan
,315X250MM HDPE Moulded Reducer,,0,0,,0,0,Y,0,0,0,0,Jharkhand
,315x90MM HDPE Moulded Reducer,,0,0,,0,0,Y,0,0,0,0,Jharkhand
,355X125MM HDPE Moulded Reducer,,0,0,,0,0,Y,0,0,0,0,Jharkhand
,355X250MM HDPE Moulded Reducer,,0,0,,0,0,Y,0,0,0,0,Jharkhand
,355x315MM HDPE Moulded Reducer,,0,0,,0,0,Y,0,0,0,0,Jharkhand
,160MM HDPE MOULDED TEE(PN6),,0,0,,0,0,Y,0,0,0,0,Jharkhand
,125MM HDPE MOULDED TEE,,0,0,,0,0,Y,0,0,0,0,Jharkhand
,140MM HDPE MOULDED TEE,,0,0,,0,0,Y,0,0,0,0,Jharkhand
,160MM HDPE MOULDED TEE,,0,0,,0,0,Y,0,0,0,0,Jharkhand
,160MM M.S. Flange,,0,0,,0,0,Y,0,0,0,0,Jharkhand
,MTA(Compression Fittings) 32mm x 1,,0,0,,0,0,Y,0,0,0,0,Rajasthan
,200MM M.S. Flange,,0,0,,0,0,Y,0,0,0,0,Jharkhand
,250MM M.S. Flange,,0,0,,0,0,Y,0,0,0,0,Jharkhand
,280MM M.S. Flange,,0,0,,0,0,Y,0,0,0,0,Jharkhand
,315MM M.S. Flange,,0,0,,0,0,Y,0,0,0,0,Jharkhand
,355MM M.S. Flange,,0,0,,0,0,Y,0,0,0,0,Jharkhand
,Copper Wire,,0,0,,0,0,Y,0,0,0,0,Jharkhand
,Coupler/joiner 90mm,,0,0,,0,0,Y,0,0,0,0,Jharkhand
,Tapping Tee with Coupler 90x20mm(EF),,0,0,,0,0,Y,0,0,0,0,Jharkhand
,Rain Gun  Adopter 1.25(50X40),,0,0,,0,0,Y,0,0,0,0,Jharkhand
,RAIN GUN ADOPTER 2(63x40),,0,0,,0,0,Y,0,0,0,0,Jharkhand
,MTA(Compression Fittings)20mm X 3/4,,0,0,,0,0,Y,0,0,0,0,Rajasthan
,Raingun Adopter 2.5(75x40),,0,0,,0,0,Y,0,0,0,0,Jharkhand
,Raingun Adopter 3(90x40),,0,0,,0,0,Y,0,0,0,0,Jharkhand
,Raingun Adopter 4(110x40),,0,0,,0,0,Y,0,0,0,0,Jharkhand
,75MM BATTEN ONLY,,0,0,,0,0,Y,0,0,0,0,Jharkhand
,140MM M. S. Clamp,,0,0,,0,0,Y,0,0,0,0,Jharkhand
,SOC 90mm N2 Spk Latch,,0,0,,0,0,Y,0,0,0,0,Jharkhand
,Soc 90mm N3 Spk Latch,,0,0,,0,0,Y,0,0,0,0,Jharkhand
,SOC 90mm N Spk Latch,,0,0,,0,0,Y,0,0,0,0,Jharkhand
,SOC 110mm Epc Spk Latch,,0,0,,0,0,Y,0,0,0,0,Jharkhand
,SOC 110mm N Spk Latch,,0,0,,0,0,Y,0,0,0,0,Jharkhand
,Non Return Valve 1(25mm),,0,0,,0,0,Y,0,0,0,0,Rajasthan
,Soc 75MM E-7 Spk Latch,,0,0,,0,0,Y,0,0,0,0,Jharkhand
,SOC 75 MM EPC SPK LATCH P/C,,0,0,,0,0,Y,0,0,0,0,Jharkhand
,SOC 75MM Spk Plain Latch,,0,0,,0,0,Y,0,0,0,0,Jharkhand
,SOC 90MM AVL Spk Latch,,0,0,,0,0,Y,0,0,0,0,Jharkhand
,Soc 90mm Epc Spk Latch P/c,,0,0,,0,0,Y,0,0,0,0,Jharkhand
,SOC 90mm N1 Spk Latch,,0,0,,0,0,Y,0,0,0,0,Jharkhand
,SOC 50MM N Spk Latch,,0,0,,0,0,Y,0,0,0,0,Jharkhand
,Soc 75MM AVL Spk Latch,,0,0,,0,0,Y,0,0,0,0,Jharkhand
,Soc 63mm Epc Spk Latch (P/c),,0,0,,0,0,Y,0,0,0,0,Jharkhand
,Soc 63mm N-1 Spk Latch,,0,0,,0,0,Y,0,0,0,0,Jharkhand
,Non Return Valve 1.5(40mm),,0,0,,0,0,Y,0,0,0,0,Rajasthan
,Soc 63mm N3 Spk Latch,,0,0,,0,0,Y,0,0,0,0,Jharkhand
,SOC 63mm N Spk Latch,,0,0,,0,0,Y,0,0,0,0,Jharkhand
,SOC 75mm N1 Spk Latch,,0,0,,0,0,Y,0,0,0,0,Jharkhand
,Soc 75mm N3 Spk Latch,,0,0,,0,0,Y,0,0,0,0,Jharkhand
,SOC 75mm N Spk Latch,,0,0,,0,0,Y,0,0,0,0,Jharkhand
,SOC 110mm N Spk Foot Batten,,615,0,,0,0,Y,0,0,0,0,Jharkhand
,SOC 50MM N Spk Foot Batten,,250,0,,0,0,Y,0,0,0,0,Jharkhand
,Soc 63mm N-1 Spk Foot Batten,,0,0,,0,0,Y,0,0,0,0,Jharkhand
,Soc 63mm N3 Spk Foot Batten,,0,0,,0,0,Y,0,0,0,0,Jharkhand
,SOC 63mm N Spk Foot Batten,,250,0,,0,0,Y,0,0,0,0,Jharkhand
,Non Return Valve 2(50mm),,1086,0,,0,0,Y,0,0,0,0,Rajasthan
,SOC 75MM N1 Spk F.Batten(G.I.),,0,0,,0,0,Y,0,0,0,0,Jharkhand
,SOC 75mm N3 Spk Foot Batten,,0,0,,0,0,Y,0,0,0,0,Jharkhand
,SOC 75MM N Spk F.Batten(G.I.),,315,0,,0,0,Y,0,0,0,0,Jharkhand
,Soc 75mm N Spk Foot Batten(GI-Cap),,0,0,,0,0,Y,0,0,0,0,Jharkhand
,SOC 90mm N1 Spk Foot Batten,,0,0,,0,0,Y,0,0,0,0,Jharkhand
,SOC 90mm N3 Spk Foot Batten,,0,0,,0,0,Y,0,0,0,0,Jharkhand
,SOC 90mm N Spk Foot Batten,,430,0,,0,0,Y,0,0,0,0,Jharkhand
,SOC 75mm N Spk Foot Batten(Black-P.C),,0,0,,0,0,Y,0,0,0,0,Jharkhand
,SOC 90MM EPC SPK FOOT BATTEN P/C,,0,0,,0,0,Y,0,0,0,0,Jharkhand
,63mm Spk Foot Batten(PP),,0,0,,0,0,Y,0,0,0,0,Jharkhand
,Non Return Valve 2.5(65mm),,1280,0,,0,0,Y,0,0,0,0,Rajasthan
,75MM Spk Foot Batten(PP),,0,0,,0,0,Y,0,0,0,0,Jharkhand
,50MM EPC SPK FOOT-BATTEN,,0,0,,0,0,Y,0,0,0,0,Jharkhand
,50MM N Spk Foot Batten,,250,0,,0,0,Y,0,0,0,0,Jharkhand
,63MM N  SPK Foot Batten,,250,0,,0,0,Y,0,0,0,0,Jharkhand
,75MM AVL Spk Foot Batten,,0,0,,0,0,Y,0,0,0,0,Jharkhand
,75mm N1 Spk Foot Batten,,0,0,,0,0,Y,0,0,0,0,Jharkhand
,75mm N Spk Foot Batten,,300,0,,0,0,Y,0,0,0,0,Jharkhand
,90mm N Spk Foot Batten,,430,0,,0,0,Y,0,0,0,0,Jharkhand
,75MM M.S FLANECH,,0,0,,0,0,Y,0,0,0,0,Jharkhand
,180MM M.S. Flange,,0,0,,0,0,Y,0,0,0,0,Jharkhand
,Non Return Valve 2.5(PP),,1724,0,,0,0,Y,0,0,0,0,Rajasthan
,225MM M.S.FLANGE,,0,0,,0,0,Y,0,0,0,0,Jharkhand
,63 MM NE HOOK ONLY,,0,0,,0,0,Y,0,0,0,0,Jharkhand
,90MM Spk Hook Only,,0,0,,0,0,Y,0,0,0,0,Jharkhand
,63mm PCN CLAMP/CLIP,,0,0,,0,0,Y,0,0,0,0,Jharkhand
,75MM PCN CLAMP/CLIP,,0,0,,0,0,Y,0,0,0,0,Jharkhand
,110mm PCN CLAMP/CLIP,,0,0,,0,0,Y,0,0,0,0,Jharkhand
,50MM N SPK Latch,,0,0,,0,0,Y,0,0,0,0,Jharkhand
,200MM Spk Latch,,0,0,,0,0,Y,0,0,0,0,Jharkhand
,63MM N  SPK Latch,,0,0,,0,0,Y,0,0,0,0,Jharkhand
,75mm N1E Spk Latch,,0,0,,0,0,Y,0,0,0,0,Jharkhand
,Non Return Valve 3(80mm),,1670,0,,0,0,Y,0,0,0,0,Rajasthan
,75mm NE Spk Latch,,0,0,,0,0,Y,0,0,0,0,Jharkhand
,75mm NR Spk Latch,,0,0,,0,0,Y,0,0,0,0,Jharkhand
,75mm NR Spk Latch (Spl),,0,0,,0,0,Y,0,0,0,0,Jharkhand
,90mm NE Spk Latch,,0,0,,0,0,Y,0,0,0,0,Jharkhand
,90mm NR Spk Latch,,0,0,,0,0,Y,0,0,0,0,Jharkhand
,110mm NE Spk Latch,,0,0,,0,0,Y,0,0,0,0,Jharkhand
,110mm NR Spk Latch,,0,0,,0,0,Y,0,0,0,0,Jharkhand
,125MM  Latch,,0,0,,0,0,Y,0,0,0,0,Jharkhand
,140MM Latch,,0,0,,0,0,Y,0,0,0,0,Jharkhand
,160MM Latch,,0,0,,0,0,Y,0,0,0,0,Jharkhand
,Non Return Valve 4,,2223,0,,0,0,Y,0,0,0,0,Rajasthan
,50MM EPC SPK LATCH,,0,0,,0,0,Y,0,0,0,0,Jharkhand
,Sprinkler Nozzle(AJ-01)Medium,,0,0,,0,0,Y,0,0,0,0,Jharkhand
,Sprinkler Nozzle(AJ- 01)Z,,0,0,,0,0,Y,0,0,0,0,Jharkhand
,Sprinkler Nozzle(NI-02)Heavy,,0,0,,0,0,Y,0,0,0,0,Jharkhand
,Sprinkler Nozzle(NI-02)Light,,0,0,,0,0,Y,0,0,0,0,Jharkhand
,Sprinkler Nozzle(NI-02)Medium,,0,0,,0,0,Y,0,0,0,0,Jharkhand
,Sprinkler Nozzle(NI-02)Medium-N3,,0,0,,0,0,Y,0,0,0,0,Jharkhand
,Sprinkler Nozzle(NI-02)Z-1/2,,0,0,,0,0,Y,0,0,0,0,Jharkhand
,Sprinkler Nozzle(NI- 02)Z -3/4,,0,0,,0,0,Y,0,0,0,0,Jharkhand
,Sprinkler Nozzle(NI-02)Z-N3,,0,0,,0,0,Y,0,0,0,0,Jharkhand
,Butterfly Valve 2.5,,1709,0,,0,0,Y,0,0,0,0,Rajasthan
,Non Return Valve(NRV) 6,,0,0,,0,0,Y,0,0,0,0,Rajasthan
,Sprinkler Nozzle(NI-03),,0,0,,0,0,Y,0,0,0,0,Jharkhand
,Sprinkler Nozzle(PP)Full Circle '3/4',,0,0,,0,0,Y,0,0,0,0,Jharkhand
,Sprinkler Nozzle(PP)-Single-Half Circle '3/4',,0,0,,0,0,Y,0,0,0,0,Jharkhand
,Sprinkler Nozzle(PP)With Metal Spry Bush '3/4',,0,0,,0,0,Y,0,0,0,0,Jharkhand
,Sprinkler Raingun Nozzle(Assembly) 1.5,,0,0,,0,0,Y,0,0,0,0,Jharkhand
,Micro Spk. Inverted Rotar Nozzle,,0,0,,0,0,Y,0,0,0,0,Jharkhand
,Micro Sprayer/Jet(Assembley Without Stand),,0,0,,0,0,Y,0,0,0,0,Jharkhand
,Sprinkler Raingun Nozzle(Assembly) 1.25,,0,0,,0,0,Y,0,0,0,0,Jharkhand
,32mm Coil Nipple,,0,0,,0,0,Y,0,0,0,0,Jharkhand
,110mm Coil Nipple,,0,0,,0,0,Y,0,0,0,0,Jharkhand
,On Line Dripper(14-LPH),,3.95,0,,0,0,Y,0,0,0,0,Rajasthan
,40mm Coil Nipple(G.I.),,0,0,,0,0,Y,0,0,0,0,Jharkhand
,50mm Coil Nipple(G.I),,0,0,,0,0,Y,0,0,0,0,Jharkhand
,63mm Coil Nipple(G.I.),,0,0,,0,0,Y,0,0,0,0,Jharkhand
,75MM COIL NIPPLE (G.I),,0,0,,0,0,Y,0,0,0,0,Jharkhand
,90MM COIL NIPPLE(G.I.),,0,0,,0,0,Y,0,0,0,0,Jharkhand
,Rain Gun Nipple G.I. 2x1-1/4,,0,0,,0,0,Y,0,0,0,0,Jharkhand
,Rain Gun Nipple G.I. 2.5x1-1/4,,0,0,,0,0,Y,0,0,0,0,Jharkhand
,40MM  COIL NIPPEL S.S,,0,0,,0,0,Y,0,0,0,0,Jharkhand
,50MM Coil Nipple(S.S.),,0,0,,0,0,Y,0,0,0,0,Jharkhand
,63mm Coil Nipple (S.S),,0,0,,0,0,Y,0,0,0,0,Jharkhand
,On Line Dripper(2-LPH),,0,0,,0,0,Y,0,0,0,0,Rajasthan
,75MM COIL NIPPLE (SS-12),,0,0,,0,0,Y,0,0,0,0,Jharkhand
,90MM COIL NIPPLE(SS-12),,0,0,,0,0,Y,0,0,0,0,Jharkhand
,110mm Spk Pcn Nipple,,0,0,,0,0,Y,0,0,0,0,Jharkhand
,50MM GI STEEL TUBE GROVE NIPPLE,,0,0,,0,0,Y,0,0,0,0,Jharkhand
,50MM Spk PCN Nipple,,0,0,,0,0,Y,0,0,0,0,Jharkhand
,63MM  SPK Pcn Nipple,,0,0,,0,0,Y,0,0,0,0,Jharkhand
,63MM SPK PCN Nipple(Short),,0,0,,0,0,Y,0,0,0,0,Jharkhand
,75MM GI NIPPEL,,0,0,,0,0,Y,0,0,0,0,Jharkhand
,75MM SPK PCN NIPPLE,,0,0,,0,0,Y,0,0,0,0,Jharkhand
,75MM SPK PCN NIPPLE-SHORT(M.S. COUPLER),,0,0,,0,0,Y,0,0,0,0,Jharkhand
,On Line Dripper(4-LPH),,3.95,0,,0,0,Y,0,0,0,0,Rajasthan
,90MM SPK PCN NIPPLE,,0,0,,0,0,Y,0,0,0,0,Jharkhand
,SOC 75x40mm Bush Nipple,,0,0,,0,0,Y,0,0,0,0,Jharkhand
,Rain Gun 1.25,,0,0,,0,0,Y,0,0,0,0,Jharkhand
,Rain Gun 2 with Stand,,0,0,,0,0,Y,0,0,0,0,Jharkhand
,Rain Gun Stand 1.25,,0,0,,0,0,Y,0,0,0,0,Jharkhand
,Rain Gun Riser 1.25,,0,0,,0,0,Y,0,0,0,0,Jharkhand
,Sprinkler Riser Pipe,,0,0,,0,0,Y,0,0,0,0,Jharkhand
,Sprinkler Riser Pipe- 1 Mtr,,0,0,,0,0,Y,0,0,0,0,Jharkhand
,Sprinkler Riser Pipes 1.25x1.5 Feet,,0,0,,0,0,Y,0,0,0,0,Jharkhand
,Socket for Spk Riser Pipe,,0,0,,0,0,Y,0,0,0,0,Jharkhand
,On Line Dripper(8-LPH),,3.95,0,,0,0,Y,0,0,0,0,Rajasthan
,Copper Rivit(For Coil Nipple),,0,0,,0,0,Y,0,0,0,0,Jharkhand
,SOC SPK RIVIT,,0,0,,0,0,Y,0,0,0,0,Jharkhand
,32mm Rubber Gasket,,0,0,,0,0,Y,0,0,0,0,Jharkhand
,200MM Spk Rubber Ring,,0,0,,0,0,Y,0,0,0,0,Jharkhand
,50mm N Spk Rubber Ring,,0,0,,0,0,Y,0,0,0,0,Jharkhand
,63MM N  SPK Rubber Ring,,0,0,,0,0,Y,0,0,0,0,Jharkhand
,SOC 63mm N Spk Rubber Ring,,0,0,,0,0,Y,0,0,0,0,Jharkhand
,75mm Epc Spk Rubber Ring,,0,0,,0,0,Y,0,0,0,0,Jharkhand
,75MM N1 SPK Rubber Ring,,0,0,,0,0,Y,0,0,0,0,Jharkhand
,75MM N SPK Rubber Ring,,0,0,,0,0,Y,0,0,0,0,Jharkhand
,P. P. Ball Valve 1 Threaded (32mm) M/F,,162,0,,0,0,Y,0,0,0,0,Rajasthan
,75MM Spk Plain Rubber Ring,,0,0,,0,0,Y,0,0,0,0,Jharkhand
,90MM N SPK Rubber Ring,,0,0,,0,0,Y,0,0,0,0,Jharkhand
,110mm N1 Spk Rubber Ring,,0,0,,0,0,Y,0,0,0,0,Jharkhand
,110mm N Spk Rubber Ring,,0,0,,0,0,Y,0,0,0,0,Jharkhand
,110mm Spk Rubber Ring,,0,0,,0,0,Y,0,0,0,0,Jharkhand
,125mm Rubber Ring,,0,0,,0,0,Y,0,0,0,0,Jharkhand
,140mm Rubber Ring,,0,0,,0,0,Y,0,0,0,0,Jharkhand
,160mm  Rubber Ring,,0,0,,0,0,Y,0,0,0,0,Jharkhand
,125MM HDPE MLC,,0,0,,0,0,Y,0,0,0,0,Jharkhand
,140MM HDPE  MLC,,0,0,,0,0,Y,0,0,0,0,Jharkhand
,P.P. Ball Valve 2 Threaded (63mm),,104,0,,0,0,Y,0,0,0,0,Rajasthan
,160MM HDPE  MLC,,0,0,,0,0,Y,0,0,0,0,Jharkhand
,200MM HDPE MLC,,0,0,,0,0,Y,0,0,0,0,Jharkhand
,125mm HDPE Tail Pice,,0,0,,0,0,Y,0,0,0,0,Jharkhand
,140MM HDPE TAIL PIECE,,0,0,,0,0,Y,0,0,0,0,Jharkhand
,160MM HDPE Tail Pices,,0,0,,0,0,Y,0,0,0,0,Jharkhand
,200MM HDPE TP,,0,0,,0,0,Y,0,0,0,0,Jharkhand
,HDPE Packing Clips(MFG),,0,0,,0,0,Y,0,0,0,0,Jharkhand
,Emmitting Pipe CL-II(12mm 2LPH 40cm)Flat,,8.19,0,,0,0,Y,0,0,0,0,Jharkhand
,Emmitting Pipe CL-II(16mm 2LPH 40cm)Flat,,12.08,0,,0,0,Y,0,0,0,0,Jharkhand
,Emmitting Pipe CL-II(16mm 2LPH 50cm)Flat,,11.63,0,,0,0,Y,0,0,0,0,Jharkhand
,P.P. Ball Valve 2.5 Threaded (75mm),,0,0,,0,0,Y,0,0,0,0,Rajasthan
,Emmitting Pipe CL-II (16mm 2Lph 60cm ) Flat,,11.29,0,,0,0,Y,0,0,0,0,Jharkhand
,Emmitting Pipe CL-II(16mm 4LPH 40cm)Flat,,12.08,0,,0,0,Y,0,0,0,0,Jharkhand
,Emmitting Pipe CL-II(16mm 4LPH 60cm)Flat,,11.29,0,,0,0,Y,0,0,0,0,Jharkhand
,Emmitting Pipe CL-II(12mm 4LPH 40cm) Flat,,8.19,0,,0,0,Y,0,0,0,0,Jharkhand
,Emmitting Pipe CL-II(16mm 2LPH 30cm)Flat,,12.99,0,,0,0,Y,0,0,0,0,Jharkhand
,Emmitting Pipe CL-II(16mm 2LPH 40cm)Flat K-Drip,,11.4,0,,0,0,Y,0,0,0,0,Jharkhand
,Emmitting Pipe CL-II(16mm 4LPH 30cm)Flat,,12.99,0,,0,0,Y,0,0,0,0,Jharkhand
,Emmitting Pipe CL-II(16mm 4LPH 50cm)Flat,,11.63,0,,0,0,Y,0,0,0,0,Jharkhand
,LLDPE Plain Laterals 12mm 2.5kg CL-II,,7,0,,0,0,Y,0,0,0,0,Jharkhand
,LLDPE Plain Laterals 16mm 2.5Kg CL-II,,11,0,,0,0,Y,0,0,0,0,Jharkhand
,P.P. Ball Valve 3 Threaded(90mm),,0,0,,0,0,Y,0,0,0,0,Rajasthan
,LLDPE Plain Laterals 25mm 2.5kg Cl-II,,29,0,,0,0,Y,0,0,0,0,Jharkhand
,LLDPE Plain Laterals 32mm 2.5Kg CL-II,,42,0,,0,0,Y,0,0,0,0,Jharkhand
,LLDPE Plain Laterals 16mm 2.5kg CL-II(E5),,11,0,,0,0,Y,0,0,0,0,Jharkhand
,Emmitting Pipe CL-II(12MM 4LPH 40CM)Round,,8.19,0,,0,0,Y,0,0,0,0,Jharkhand
,Emmitting Pipe CL-II(12mm 4LPH 60cm)Round,,7.54,0,,0,0,Y,0,0,0,0,Jharkhand
,Emmitting Pipe CL-II (16mm 2Lph 40Cm)Round,,11.4,0,,0,0,Y,0,0,0,0,Jharkhand
,Emmitting Pipe CL-II(16mm 4LPH 50cm)Round,,10.97,0,,0,0,Y,0,0,0,0,Jharkhand
,Emmitting Pipe CL-II(12mm 2LPH 40cm)Round,,8.19,0,,0,0,Y,0,0,0,0,Jharkhand
,Emmitting Pipe CL-II(16mm 2LPH 30cm)Round,,12.25,0,,0,0,Y,0,0,0,0,Jharkhand
,Emmitting Pipe CL-II(16mm 2LPH 50cm)Round,,10.97,0,,0,0,Y,0,0,0,0,Jharkhand
,P.P. Ball Valve with Flange End 4,,0,0,,0,0,Y,0,0,0,0,Rajasthan
,Emmitting Pipe CL-II(16mm 4LPH 30cm)Round,,12.25,0,,0,0,Y,0,0,0,0,Jharkhand
,Emmitting Pipe CL-II(16mm 4LPH 40cm)Round,,11.4,0,,0,0,Y,0,0,0,0,Jharkhand
,Emmitting Pipe CL-II(16mm 4LPH 60cm)Round,,10.65,0,,0,0,Y,0,0,0,0,Jharkhand
,Emmitting Pipe CL-III(16mm 4LPH 50cm)Round E-5,,10.97,0,,0,0,Y,0,0,0,0,Jharkhand
,Emmitting Pipe CL-II(16mm 4LPH 40cm)Round E-5,,11.4,0,,0,0,Y,0,0,0,0,Jharkhand
,Emmitting Pipe CL-II(16mm 4LPH 50cm)Round E-5,,10.97,0,,0,0,Y,0,0,0,0,Jharkhand
,Emmitting Pipe CL-II(16mm 4LPH 60cm)Round E-5,,10.65,0,,0,0,Y,0,0,0,0,Jharkhand
,Emmitting Pipe (16mm 4LPH 30cm)R Hybrid-Eco,,12.25,0,,0,0,Y,0,0,0,0,Jharkhand
,Emmitting Pipe(16mm 4LPH 40cm)R Hybrid,,11.4,0,,0,0,Y,0,0,0,0,Jharkhand
,Emmitting Pipe (16mm 4LPh 40cm) R Hybrid-Eco,,11.4,0,,0,0,Y,0,0,0,0,Jharkhand
,12MM In Line Dripper (4-LPH)Round,,0,0,,0,0,Y,0,0,0,0,Rajasthan
,Butterfly Valve 3,,2293,0,,0,0,Y,0,0,0,0,Rajasthan
,P.P. Ball Valve/control Valve 50mm(Plain),,329,0,,0,0,Y,0,0,0,0,Rajasthan
,Thinwall Emmitting Pipe(16mm 4LPH 40cm).3mm,,0,0,,0,0,Y,0,0,0,0,Jharkhand
,Thinwall Emmitting Pipe(16mm 4LPH 40CM).4mm,,0,0,,0,0,Y,0,0,0,0,Jharkhand
,32mm PN6 PE- 63 N,,48.71,0,,0,0,Y,0,0,0,0,Jharkhand
,50mm PN4 PE- 63 N,,77.02,0,,0,0,Y,0,0,0,0,Jharkhand
,63mm PN4 PE- 63 N,,118.28,0,,0,0,Y,0,0,0,0,Jharkhand
,75mm PN4 PE- 63 N,,169.96,0,,0,0,Y,0,0,0,0,Jharkhand
,75mm PN6 PE- 63 N,,240.68,0,,0,0,Y,0,0,0,0,Jharkhand
,90MM PN6 PE80 HDPE BEND(FF),,0,0,,0,0,Y,0,0,0,0,Jharkhand
,110MM PN6 PE80 HDPE BEND(FF)45*,,0,0,,0,0,Y,0,0,0,0,Jharkhand
,125MM PN6 PE80 HDPE BEND 45*(FF),,0,0,,0,0,Y,0,0,0,0,Jharkhand
,P.P. Tail Pices Flange 2,,80,0,,0,0,Y,0,0,0,0,Rajasthan
,140MM PN6 PE80 HDPE BEND 45*(FF),,0,0,,0,0,Y,0,0,0,0,Jharkhand
,160MM PN6 PE80 HDPE BEND-90*(FF),,0,0,,0,0,Y,0,0,0,0,Jharkhand
,180MM PN6 PE80 HDPE BEND(FF)90*,,0,0,,0,0,Y,0,0,0,0,Jharkhand
,200MM PN6 PE80 HDPE BEND (FF)90*,,0,0,,0,0,Y,0,0,0,0,Jharkhand
,110mm PN6 PE- 80 N,,431.18,0,,0,0,Y,0,0,0,0,Jharkhand
,20MM PN12.5 PE80,,0,0,,0,0,Y,0,0,0,0,Jharkhand
,MDPE PIPE 20MM PN16 PE80(ISO:4427),,0,0,,0,0,Y,0,0,0,0,Jharkhand
,25MM PN10 PE80,,36.87,0,,0,0,Y,0,0,0,0,Jharkhand
,MDPE PIPE 25MM PN16 PE80(ISO:4427),,0,0,,0,0,Y,0,0,0,0,Jharkhand
,32MM PE-80-2.3A(IS:14885),,0,0,,0,0,Y,0,0,0,0,Jharkhand
,P.P. Tail Pices Flange 2.5,,90,0,,0,0,Y,0,0,0,0,Rajasthan
,32MM PE-80-3.0A(IS:14885),,0,0,,0,0,Y,0,0,0,0,Jharkhand
,32mm PN8 PE- 80 N,,47.54,0,,0,0,Y,0,0,0,0,Jharkhand
,40MM PN10 PE80,,94.04,0,,0,0,Y,0,0,0,0,Jharkhand
,40mm PN6 PE- 80 N,,61.76,0,,0,0,Y,0,0,0,0,Jharkhand
,40MM PN8 PE80 N,,77.2,0,,0,0,Y,0,0,0,0,Jharkhand
,50mm PN10 PE-80 N,,138.79,0,,0,0,Y,0,0,0,0,Jharkhand
,50MM PN12.5 PE-80 N,,0,0,,0,0,Y,0,0,0,0,Jharkhand
,50mm PN6 PE- 80 N,,91.63,0,,0,0,Y,0,0,0,0,Jharkhand
,50mm PN8 PE- 80 N,,117.23,0,,0,0,Y,0,0,0,0,Jharkhand
,63mm PN8 PE- 80 N,,181.9,0,,0,0,Y,0,0,0,0,Jharkhand
,P.P. Tail Pices Flange 3,,103,0,,0,0,Y,0,0,0,0,Rajasthan
,63mm PN6 PE- 80 N,,142.83,0,,0,0,Y,0,0,0,0,Jharkhand
,75mm PN6 PE- 80 N,,203.46,0,,0,0,Y,0,0,0,0,Jharkhand
,75mm PN8 PE- 80 N,,257.36,0,,0,0,Y,0,0,0,0,Jharkhand
,90mm PN6 PE- 80 N,,288.35,0,,0,0,Y,0,0,0,0,Jharkhand
,DN110 PE80 PN6 N HDPE PIPE,,0,0,,0,0,Y,0,0,0,0,Jharkhand
,DN125 PE80 PN6 HDPE PIPE,,0,0,,0,0,Y,0,0,0,0,Jharkhand
,DN125 PE80-11.4A (IS:14885),,0,0,,0,0,Y,0,0,0,0,Jharkhand
,DN125 PE80-7.1A (IS:14885),,0,0,,0,0,Y,0,0,0,0,Jharkhand
,DN140 PE80 PN6 N HDPE PIPE,,0,0,,0,0,Y,0,0,0,0,Jharkhand
,DN160 PE80 PN6 N HDPE PIPE,,0,0,,0,0,Y,0,0,0,0,Jharkhand
,P.V.C. Ball Valve 2(Threaded End),,0,0,,0,0,Y,0,0,0,0,Rajasthan
,DN180 PE80 PN6 HDPE PIPE,,0,0,,0,0,Y,0,0,0,0,Jharkhand
,DN200 PE80 PN6 N HDPE PIPE,,0,0,,0,0,Y,0,0,0,0,Jharkhand
,DN225 PE80 PN6 HDPE PIPE,,0,0,,0,0,Y,0,0,0,0,Jharkhand
,DN450 PE80 PN4 N HDPE PIPE,,0,0,,0,0,Y,0,0,0,0,Jharkhand
,DN90 PE80 PN6 N HDPE PIPE,,0,0,,0,0,Y,0,0,0,0,Jharkhand
,75MM HDPE Feb Tee(PF),,0,0,,0,0,Y,0,0,0,0,Jharkhand
,90MM HDPE MOULDED TEE,,0,0,,0,0,Y,0,0,0,0,Jharkhand
,90MM PN6 PE80 HDPE TEE(FF),,0,0,,0,0,Y,0,0,0,0,Jharkhand
,110MM HDPE MOULDED TEE,,0,0,,0,0,Y,0,0,0,0,Jharkhand
,110MM HDPE MOULDED TEE(PN6),,0,0,,0,0,Y,0,0,0,0,Jharkhand
,Plug(9/12mm)M-22-End Plug,,0,0,,0,0,Y,0,0,0,0,Rajasthan
,140MM PN6 PE80 HDPE TEE 90*(FF),,0,0,,0,0,Y,0,0,0,0,Jharkhand
,160mm HDPE FEB TEE,,0,0,,0,0,Y,0,0,0,0,Jharkhand
,160MM PN6 PE80 HDPE TEE 90*(FF),,0,0,,0,0,Y,0,0,0,0,Jharkhand
,180MM PN6 PE80 HDPE TEE(FF)90*,,0,0,,0,0,Y,0,0,0,0,Jharkhand
,200MM PN6 PE80 HDPE TEE(FF),,0,0,,0,0,Y,0,0,0,0,Jharkhand
,110MM PN10 PE100 HDPE BEND-90*(FF),,0,0,,0,0,Y,0,0,0,0,Jharkhand
,110MM PN6 PE100 HDPE BEND(FF),,0,0,,0,0,Y,0,0,0,0,Jharkhand
,110MM PN6 PE100 HDPE BEND(FF)45*,,0,0,,0,0,Y,0,0,0,0,Jharkhand
,125MM PN6 PE100 HDPE BEND-45*(FF),,0,0,,0,0,Y,0,0,0,0,Jharkhand
,140MM PN6 PE100 HDPE BEND(FF),,0,0,,0,0,Y,0,0,0,0,Jharkhand
,PP  Ball  Valve 50mm 1-1/2Solid(Threded),,0,0,,0,0,Y,0,0,0,0,Rajasthan
,140MM PN6 PE100 HDPE BEND(FF)45*,,0,0,,0,0,Y,0,0,0,0,Jharkhand
,160MM PN6 PE100 HDPE BEND 45*(FF),,0,0,,0,0,Y,0,0,0,0,Jharkhand
,160MM PN6 PE100 HDPE BEND(FF),,0,0,,0,0,Y,0,0,0,0,Jharkhand
,180MM PN6 PE100 HDPE BEND 45*(FF),,0,0,,0,0,Y,0,0,0,0,Jharkhand
,180MM PN6 PE100 HDPE BEND 90*(FF),,0,0,,0,0,Y,0,0,0,0,Jharkhand
,200MM PN6 PE100 HDPE BEND 45*(FF),,0,0,,0,0,Y,0,0,0,0,Jharkhand
,200MM PN6 PE100 HDPE BEND(FF),,0,0,,0,0,Y,0,0,0,0,Jharkhand
,225MM PN6 PE100 HDPE BEND(FF),,0,0,,0,0,Y,0,0,0,0,Jharkhand
,250MM PN6 PE100 HDPE BEND 45*(FF),,0,0,,0,0,Y,0,0,0,0,Jharkhand
,250MM PN6 PE100 HDPE BEND(FF),,0,0,,0,0,Y,0,0,0,0,Jharkhand
,PP Ball Valve 1.25 Threaded(40mm),,102,0,,0,0,Y,0,0,0,0,Rajasthan
,280MM PN6 PE100 HDPE BEND 45*(FF),,0,0,,0,0,Y,0,0,0,0,Jharkhand
,280MM PN6 PE100 HDPE BEND 90*(FF),,0,0,,0,0,Y,0,0,0,0,Jharkhand
,315MM PN6 PE100 HDPE BEND-45*(FF),,0,0,,0,0,Y,0,0,0,0,Jharkhand
,315MM PN6 PE100 HDPE BEND-90*(FF),,0,0,,0,0,Y,0,0,0,0,Jharkhand
,355MM PN6 PE100 HDPE BEND(FF)45*,,0,0,,0,0,Y,0,0,0,0,Jharkhand
,355MM PN6 PE100 HDPE BEND(FF)90*,,0,0,,0,0,Y,0,0,0,0,Jharkhand
,200MM HDPE FAB BEND,,0,0,,0,0,Y,0,0,0,0,Jharkhand
,32MM PE-100-2.3A(IS:14885),,0,0,,0,0,Y,0,0,0,0,Jharkhand
,32MM PE-100-3.0A(IS:14885),,0,0,,0,0,Y,0,0,0,0,Jharkhand
,32MM PN10 PE100 N,,0,0,,0,0,Y,0,0,0,0,Jharkhand
,PP Ball Valve 1.5 Threaded(50mm),,103,0,,0,0,Y,0,0,0,0,Rajasthan
,32MM PN12.5 PE100,,0,0,,0,0,Y,0,0,0,0,Jharkhand
,40MM PN10 PE100 N,,0,0,,0,0,Y,0,0,0,0,Jharkhand
,40MM PN8 PE100 N,,0,0,,0,0,Y,0,0,0,0,Jharkhand
,50MM PN10 PE100 N-1,,0,0,,0,0,Y,0,0,0,0,Jharkhand
,50MM PN12.5 PE100 N,,0,0,,0,0,Y,0,0,0,0,Jharkhand
,50MM PN10 PE100 N,,0,0,,0,0,Y,0,0,0,0,Jharkhand
,50MM PN8 PE-100 N,,0,0,,0,0,Y,0,0,0,0,Jharkhand
,63MM PN10 PE-100 N,,0,0,,0,0,Y,0,0,0,0,Jharkhand
,63MM PN12.5 PE100 N,,0,0,,0,0,Y,0,0,0,0,Jharkhand
,63MM PN8 PE-100 N,,0,0,,0,0,Y,0,0,0,0,Jharkhand
,PP Ball Valve 20/25 mm Solid Threaded(3/4),,0,0,,0,0,Y,0,0,0,0,Rajasthan
,63MM PN10 PE100 N1,,0,0,,0,0,Y,0,0,0,0,Jharkhand
,63MM PN6 PE100 N,,0,0,,0,0,Y,0,0,0,0,Jharkhand
,63MM PN8 PE100 N1,,0,0,,0,0,Y,0,0,0,0,Jharkhand
,75MM PN12.5 PE100 N,,0,0,,0,0,Y,0,0,0,0,Jharkhand
,75MM PN12.5 PE100 N1,,0,0,,0,0,Y,0,0,0,0,Jharkhand
,75MM PN10 PE100 N,,0,0,,0,0,Y,0,0,0,0,Jharkhand
,75MM PN6 PE100 N,,0,0,,0,0,Y,0,0,0,0,Jharkhand
,75MM PN8 PE100 N,,0,0,,0,0,Y,0,0,0,0,Jharkhand
,90MM PN10 PE-100 N(ISO:4427),,0,0,,0,0,Y,0,0,0,0,Jharkhand
,90MM PN6 PE-100 N,,0,0,,0,0,Y,0,0,0,0,Jharkhand
,Butterfly Valve 4,,0,0,,0,0,Y,0,0,0,0,Rajasthan
,PP Ball Valve 50mm 1-1/2Solid(Plain),,0,0,,0,0,Y,0,0,0,0,Rajasthan
,110MM PN10 PE-100 N(ISO:4427),,0,0,,0,0,Y,0,0,0,0,Jharkhand
,110MM PN6 PE-100 N,,0,0,,0,0,Y,0,0,0,0,Jharkhand
,110MM PN10 PE100 HDPE ENDCAP(FF),,0,0,,0,0,Y,0,0,0,0,Jharkhand
,90MM HDPE Pipe End(Moulded),,0,0,,0,0,Y,0,0,0,0,Jharkhand
,110MM HDPE Pipe End(Moulded),,0,0,,0,0,Y,0,0,0,0,Jharkhand
,200MM HDPE Pipe End(Moulded),,0,0,,0,0,Y,0,0,0,0,Jharkhand
,110MM HDPE Flange(Moulded),,0,0,,0,0,Y,0,0,0,0,Jharkhand
,160MM HDPE Flange(Moulded),,0,0,,0,0,Y,0,0,0,0,Jharkhand
,160MM HDPE Pipe End,,0,0,,0,0,Y,0,0,0,0,Jharkhand
,160MM HDPE Pipe End(Moulded),,0,0,,0,0,Y,0,0,0,0,Jharkhand
,PP Ball Valve 63mm(2) Solid Threaded,,560,0,,0,0,Y,0,0,0,0,Rajasthan
,DN75 PE100 PN6 HDPE PIPE,,0,0,,0,0,Y,0,0,0,0,Jharkhand
,DN90 PE100 PN10 N HDPE PIPE,,0,0,,0,0,Y,0,0,0,0,Jharkhand
,DN90 PE100 PN6 N HDPE PIPE,,0,0,,0,0,Y,0,0,0,0,Jharkhand
,DN110 PE100 PN10 HDPE PIPE,,0,0,,0,0,Y,0,0,0,0,Jharkhand
,DN110 PE-100 PN6 N HDPE PIPE,,0,0,,0,0,Y,0,0,0,0,Jharkhand
,DN110 PE100 PN 8 HDPE PIPE,,0,0,,0,0,Y,0,0,0,0,Jharkhand
,DN125 PE100-11.4A (IS:14885),,0,0,,0,0,Y,0,0,0,0,Jharkhand
,DN125 PE100-7.1A (IS:14885),,0,0,,0,0,Y,0,0,0,0,Jharkhand
,DN125 PE100 PN6 N HDPE PIPE,,0,0,,0,0,Y,0,0,0,0,Jharkhand
,DN140 PE100 PN4 N HDPE PIPE,,0,0,,0,0,Y,0,0,0,0,Jharkhand
,PP Ball Valve 63mm(2)Solid(Plain),,0,0,,0,0,Y,0,0,0,0,Rajasthan
,DN140 PE100 PN8 HDPE PIPE,,0,0,,0,0,Y,0,0,0,0,Jharkhand
,DN140 PE100 PN6 N HDPE PIPE,,0,0,,0,0,Y,0,0,0,0,Jharkhand
,DN160 PE100 PN10 N HDPE PIPE,,0,0,,0,0,Y,0,0,0,0,Jharkhand
,DN160 PE100 PN12.5 N HDPE PIPE(ISO:4427),,0,0,,0,0,Y,0,0,0,0,Jharkhand
,DN160 PE100 PN16 N HDPE PIPE(ISO:4427),,0,0,,0,0,Y,0,0,0,0,Jharkhand
,DN160 PE100 PN6 N HDPE PIPE,,0,0,,0,0,Y,0,0,0,0,Jharkhand
,DN160 PE100 PN8 N HDPE PIPE,,0,0,,0,0,Y,0,0,0,0,Jharkhand
,DN180 PE100 PN6 N HDPE PIPE,,0,0,,0,0,Y,0,0,0,0,Jharkhand
,DN180 PE100 PN8 HDPE PIPE,,0,0,,0,0,Y,0,0,0,0,Jharkhand
,DN200 PE100 PN10 N HDPE PIPE,,0,0,,0,0,Y,0,0,0,0,Jharkhand
,PP Ball Valve with Flange End 2.5,,0,0,,0,0,Y,0,0,0,0,Rajasthan
,DN200 PE100 PN6 N HDPE PIPE,,0,0,,0,0,Y,0,0,0,0,Jharkhand
,DN200 PE100 PN8 HDPE PIPE,,0,0,,0,0,Y,0,0,0,0,Jharkhand
,DN225 PE100 PN6 N HDPE PIPE,,0,0,,0,0,Y,0,0,0,0,Jharkhand
,DN250 PE100 PN10 HDPE PIPE,,0,0,,0,0,Y,0,0,0,0,Jharkhand
,DN250 PE100 PN6 N HDPE PIPE,,0,0,,0,0,Y,0,0,0,0,Jharkhand
,DN280 PE100 PN6 N HDPE PIPE,,0,0,,0,0,Y,0,0,0,0,Jharkhand
,DN315 PE100 PN16 HDPE PIPE,,0,0,,0,0,Y,0,0,0,0,Jharkhand
,DN315 PE100 PN6 N HDPE PIPE,,0,0,,0,0,Y,0,0,0,0,Jharkhand
,DN315 PE100 PN8 N HDPE PIPE,,0,0,,0,0,Y,0,0,0,0,Jharkhand
,DN355 PE100 PN6 N HDPE PIPE,,0,0,,0,0,Y,0,0,0,0,Jharkhand
,PP Ball Valve with Flanged End 3,,0,0,,0,0,Y,0,0,0,0,Rajasthan
,DN400 PE100 PN10 HDPE PIPE,,0,0,,0,0,Y,0,0,0,0,Jharkhand
,DN500 PE100 PN8 N HDPE PIPE,,0,0,,0,0,Y,0,0,0,0,Jharkhand
,90MM PN6 PE100 HDPE TEE(FF)90*,,0,0,,0,0,Y,0,0,0,0,Jharkhand
,110MM PN10 PE100 HDPE TEE(FF),,0,0,,0,0,Y,0,0,0,0,Jharkhand
,110MM PN6 PE100 HDPE TEE(FF),,0,0,,0,0,Y,0,0,0,0,Jharkhand
,125MM PN6 PE100 HDPE TEE(FF),,0,0,,0,0,Y,0,0,0,0,Jharkhand
,140MM PN6 PE100 HDPE TEE(FF),,0,0,,0,0,Y,0,0,0,0,Jharkhand
,160MM PN6 PE100 HDPE TEE(FF),,0,0,,0,0,Y,0,0,0,0,Jharkhand
,180MM PN6 PE100 HDPE TEE(FF)90*,,0,0,,0,0,Y,0,0,0,0,Jharkhand
,200MM  HDPE FAB TEE,,0,0,,0,0,Y,0,0,0,0,Jharkhand
,PP Ball Valve with Flanged Ends 2,,0,0,,0,0,Y,0,0,0,0,Rajasthan
,225MM PN6 PE100 HDPE TEE(FF),,0,0,,0,0,Y,0,0,0,0,Jharkhand
,250MM PN6 PE100 HDPE TEE(FF),,0,0,,0,0,Y,0,0,0,0,Jharkhand
,280MM PN6 PE100 HDPE TEE(FF),,0,0,,0,0,Y,0,0,0,0,Jharkhand
,315MM PN6 PE100 HDPE TEE(FF),,0,0,,0,0,Y,0,0,0,0,Jharkhand
,200MM PN6 PE100 HDPE TEE(FF),,0,0,,0,0,Y,0,0,0,0,Jharkhand
,355MM HDPE FAB TEE,,0,0,,0,0,Y,0,0,0,0,Jharkhand
,PVC PIPE 110MMX2.5KG/CM2(MTR),,0,0,,0,0,Y,0,0,0,0,Jharkhand
,PVC PIPE 110MMX4KG/CM2 (MTR),,187.45,0,,0,0,Y,0,0,0,0,Jharkhand
,PVC PIPE 110MMX6KG/CM2 (MTR),,0,0,,0,0,Y,0,0,0,0,Jharkhand
,PVC PIPE 140MMX2.5KG/CM2 (MTR),,0,0,,0,0,Y,0,0,0,0,Jharkhand
,PP Ball Valve(Flange End) 1,,0,0,,0,0,Y,0,0,0,0,Rajasthan
,PVC PIPE 140MMX4KG/CM2(Mtr),,262.5,0,,0,0,Y,0,0,0,0,Jharkhand
,PVC PIPE 140MMX6KG/CM2(Mtr),,0,0,,0,0,Y,0,0,0,0,Jharkhand
,PVC PIPE 160MMX2.5KG/CM2 (MTR),,0,0,,0,0,Y,0,0,0,0,Jharkhand
,PVC PIPE 160MMX6KG/CM2 (MTR),,0,0,,0,0,Y,0,0,0,0,Jharkhand
,PVC PIPE 200MMX2.5KG/CM2 (MTR),,0,0,,0,0,Y,0,0,0,0,Jharkhand
,PVC PIPE 200MMX4KG/CM2 (MTR),,0,0,,0,0,Y,0,0,0,0,Jharkhand
,PVC PIPE 200MMX6KG/CM2 (MTR),,0,0,,0,0,Y,0,0,0,0,Jharkhand
,PVC PIPE 225MMX4KG/CM2 CASING PIPE(MTR),,0,0,,0,0,Y,0,0,0,0,Jharkhand
,PVC PIPE 225MMX6KG/CM2 CASING PIPE(MTR),,0,0,,0,0,Y,0,0,0,0,Jharkhand
,PVC PIPE 32MMX10KG/CM2 (MTR),,48,0,,0,0,Y,0,0,0,0,Jharkhand
,PP Ball Valve/control Valve 20/25mm Singal Union,,135,0,,0,0,Y,0,0,0,0,Rajasthan
,PVC PIPE 40MMX6KG/CM2 (MTR),,47,0,,0,0,Y,0,0,0,0,Jharkhand
,PVC PIPE 50MMX6KG/CM2 (MTR),,59.25,0,,0,0,Y,0,0,0,0,Jharkhand
,PVC Pipe 63mm x 4 Kg / Cm2(MTR)XXXXXXXX,,65.42,0,,0,0,Y,0,0,0,0,Jharkhand
,PVC PIPE 63MM X 4 KG/CM2 (MTR),,65,0,,0,0,Y,0,0,0,0,Jharkhand
,PVC PIPE 63MMX6KG/CM2 (MTR),,95.05,0,,0,0,Y,0,0,0,0,Jharkhand
,PVC PIPE 75MM X 4KG/CM2 (MTR),,92.25,0,,0,0,Y,0,0,0,0,Jharkhand
,PVC PIPE 75MM X 6KG/CM2 (MTR),,132.87,0,,0,0,Y,0,0,0,0,Jharkhand
,PVC PIPE 90MM X2.5KG/CM2 (MTR),,82.8,0,,0,0,Y,0,0,0,0,Jharkhand
,PVC PIPE 90MM X4KG/CM2 (MTR),,12880,0,,0,0,Y,0,0,0,0,Jharkhand
,PVC PIPE 90MM X6KG/CM2 (MTR),,189.11,0,,0,0,Y,0,0,0,0,Jharkhand
,PP Ball Valve/Control Valve 32mm Single Union,,162,0,,0,0,Y,0,0,0,0,Rajasthan
,PVC PIPE 90MMX10KG/CM2 (MTR),,0,0,,0,0,Y,0,0,0,0,Jharkhand
,63mm NE HDPE Spk Adopter,,0,0,,0,0,Y,0,0,0,0,Jharkhand
,75mm NE HDPE Spk Adopter,,0,0,,0,0,Y,0,0,0,0,Jharkhand
,90mm NE HDPE Spk Adopter,,0,0,,0,0,Y,0,0,0,0,Jharkhand
,110mm NR HDPE Spk Adopter,,0,0,,0,0,Y,0,0,0,0,Jharkhand
,50MM NR HDPE Spk Adopter,,0,0,,0,0,Y,0,0,0,0,Jharkhand
,75mm NR HDPE Spk Adopter,,0,0,,0,0,Y,0,0,0,0,Jharkhand
,90mm NR HDPE Spk Adopter,,0,0,,0,0,Y,0,0,0,0,Jharkhand
,SOC 110mm N HDPE Spk Adopter,,615,0,,0,0,Y,0,0,0,0,Jharkhand
,SOC 50MM N HDPE Spk Adopter,,250,0,,0,0,Y,0,0,0,0,Jharkhand
,PP Ball Valve/Control Valve 40mm(Plain),,329,0,,0,0,Y,0,0,0,0,Rajasthan
,SOC 63MM N HDPE Spk Adopter,,250,0,,0,0,Y,0,0,0,0,Jharkhand
,Soc 63mm N-1 HDPE Spk Adopter,,0,0,,0,0,Y,0,0,0,0,Jharkhand
,Soc 63mm N3 HDPE Spk Adopter,,0,0,,0,0,Y,0,0,0,0,Jharkhand
,Soc 63MM E-5 HDPE Spk Adopter,,0,0,,0,0,Y,0,0,0,0,Jharkhand
,SOC 75mm N HDPE Spk Adopter,,315,0,,0,0,Y,0,0,0,0,Jharkhand
,SOC 75mm N1 HDPE Spk Adopter,,0,0,,0,0,Y,0,0,0,0,Jharkhand
,SOC 75mm N3 HDPE Spk Adopter,,0,0,,0,0,Y,0,0,0,0,Jharkhand
,Soc 75MM E-5 HDPE Spk Adopter,,0,0,,0,0,Y,0,0,0,0,Jharkhand
,SOC 75X63MM HDPE Spk Reducer Adopter,,0,0,,0,0,Y,0,0,0,0,Jharkhand
,SOC 90mm E-5 HDPE Spk Adopter,,0,0,,0,0,Y,0,0,0,0,Jharkhand
,Butterfly Valve 5,,0,0,,0,0,Y,0,0,0,0,Rajasthan
,PP Ball Valve/Control Valve 63mm-Plain,,246.6,0,,0,0,Y,0,0,0,0,Rajasthan
,SOC 90mm N HDPE Spk Adopter,,430,0,,0,0,Y,0,0,0,0,Jharkhand
,63mm NE HDPE Spk Bend,,0,0,,0,0,Y,0,0,0,0,Jharkhand
,75mm NE HDPE Spk Bend,,0,0,,0,0,Y,0,0,0,0,Jharkhand
,90mm NE HDPE Spk Bend,,0,0,,0,0,Y,0,0,0,0,Jharkhand
,50mm Hdpe Spk Hydrent Bend,,0,0,,0,0,Y,0,0,0,0,Jharkhand
,63mm HDPE Spk Hydrent Bend,,0,0,,0,0,Y,0,0,0,0,Jharkhand
,75mm HDPE Spk Hydrent Bend,,0,0,,0,0,Y,0,0,0,0,Jharkhand
,90mm HDPE Spk Hydrent Bend,,0,0,,0,0,Y,0,0,0,0,Jharkhand
,110mm NR HDPE Spk Bend,,0,0,,0,0,Y,0,0,0,0,Jharkhand
,50MM NR HDPE Spk Bend,,0,0,,0,0,Y,0,0,0,0,Jharkhand
,PP Ball Valve/Control Valve 75mm Plain,,668,0,,0,0,Y,0,0,0,0,Rajasthan
,75mm NR HDPE Spk Bend,,0,0,,0,0,Y,0,0,0,0,Jharkhand
,90mm NR HDPE Spk Bend,,0,0,,0,0,Y,0,0,0,0,Jharkhand
,SOC 110mm N HDPE Spk Bend,,485,0,,0,0,Y,0,0,0,0,Jharkhand
,SOC 50MM N HDPE Spk Bend,,205,0,,0,0,Y,0,0,0,0,Jharkhand
,SOC 63MM N HDPE Spk Bend,,220,0,,0,0,Y,0,0,0,0,Jharkhand
,Soc 63mm N-1 HDPE Spk Bend,,0,0,,0,0,Y,0,0,0,0,Jharkhand
,Soc 63mm N3 HDPE Spk Bend,,0,0,,0,0,Y,0,0,0,0,Jharkhand
,Soc 63MM E5 HDPE Spk Bend,,0,0,,0,0,Y,0,0,0,0,Jharkhand
,SOC 75mm N HDPE Spk Bend,,275,0,,0,0,Y,0,0,0,0,Jharkhand
,Soc 75MM E-5 HDPE Spk Bend,,0,0,,0,0,Y,0,0,0,0,Jharkhand
,PP Ball Valve/Control Valve 90mm Plain,,688.8,0,,0,0,Y,0,0,0,0,Rajasthan
,SOC 75mm N1 HDPE Spk Bend,,0,0,,0,0,Y,0,0,0,0,Jharkhand
,SOC 75mm N3 HDPE Spk Bend,,0,0,,0,0,Y,0,0,0,0,Jharkhand
,SOC 90mm N HDPE Spk Bend,,375,0,,0,0,Y,0,0,0,0,Jharkhand
,75MM HDPE Spk Connector,,0,0,,0,0,Y,0,0,0,0,Jharkhand
,90mm HDPE Spk Connector,,0,0,,0,0,Y,0,0,0,0,Jharkhand
,SOC 63mm N Spk Connector,,160,0,,0,0,Y,0,0,0,0,Jharkhand
,SOC 75MM HDPE Spk Connector,,175,0,,0,0,Y,0,0,0,0,Jharkhand
,SOC 90MM HDPE Spk Connector,,200,0,,0,0,Y,0,0,0,0,Jharkhand
,110mm HDPE Spk End Cap,,0,0,,0,0,Y,0,0,0,0,Jharkhand
,SOC 110mm HDPE Spk End Cap,,150,0,,0,0,Y,0,0,0,0,Jharkhand
,PP Flange Threaded (2.5),,0,0,,0,0,Y,0,0,0,0,Rajasthan
,50MM HDPE Spk End Cap,,0,0,,0,0,Y,0,0,0,0,Jharkhand
,SOC 50MM HDPE Spk End Cap,,60,0,,0,0,Y,0,0,0,0,Jharkhand
,63mm NE HDPE Spk End Cap,,0,0,,0,0,Y,0,0,0,0,Jharkhand
,SOC 63mm HDPE Spk End Cap,,70,0,,0,0,Y,0,0,0,0,Jharkhand
,75mm NE HDPE Spk End Cap,,0,0,,0,0,Y,0,0,0,0,Jharkhand
,SOC 75mm HDPE Spk End Cap,,90,0,,0,0,Y,0,0,0,0,Jharkhand
,90MM  HDPE Spk End Cap,,0,0,,0,0,Y,0,0,0,0,Jharkhand
,SOC 90mm HDPE Spk End Cap,,130,0,,0,0,Y,0,0,0,0,Jharkhand
,63mm NE HDPE Spk PCN,,0,0,,0,0,Y,0,0,0,0,Jharkhand
,75mm NE HDPE Spk PCN,,0,0,,0,0,Y,0,0,0,0,Jharkhand
,PP Flange Threaded (3),,0,0,,0,0,Y,0,0,0,0,Rajasthan
,110mm NR HDPE Spk PCN,,0,0,,0,0,Y,0,0,0,0,Jharkhand
,50MM NR HDPE Spk PCN,,0,0,,0,0,Y,0,0,0,0,Jharkhand
,75mm NR HDPE Spk PCN,,0,0,,0,0,Y,0,0,0,0,Jharkhand
,SOC 110mm N HDPE Spk PCN,,410,0,,0,0,Y,0,0,0,0,Jharkhand
,SOC 50MM N HDPE Spk PCN,,205,0,,0,0,Y,0,0,0,0,Jharkhand
,Soc 63MM E-5 HDPE Spk PCN,,0,0,,0,0,Y,0,0,0,0,Jharkhand
,SOC 63MM N HDPE Spk PCN,,225,0,,0,0,Y,0,0,0,0,Jharkhand
,Soc 63mm N-1 HDPE Spk PCN,,0,0,,0,0,Y,0,0,0,0,Jharkhand
,SOC 75mm N HDPE Spk PCN,,225,0,,0,0,Y,0,0,0,0,Jharkhand
,SOC 75mm N1 HDPE Spk PCN,,0,0,,0,0,Y,0,0,0,0,Jharkhand
,PP Flange Threaded 2,,0,0,,0,0,Y,0,0,0,0,Rajasthan
,SOC 75mm N3 HDPE Spk PCN,,0,0,,0,0,Y,0,0,0,0,Jharkhand
,SOC 90mm N HDPE Spk PCN,,305,0,,0,0,Y,0,0,0,0,Jharkhand
,63mm NE HDPE Spk Pipe 4mtr,,0,0,,0,0,Y,0,0,0,0,Jharkhand
,63mm NE HDPE Spk Pipe 3mtr,,0,0,,0,0,Y,0,0,0,0,Jharkhand
,63mm NE HDPE Spk Pipe 6mtr,,0,0,,0,0,Y,0,0,0,0,Jharkhand
,75mm NE(3.2Kg) HDPE Spk Pipe 6Mtr,,0,0,,0,0,Y,0,0,0,0,Jharkhand
,75mm NE HDPE Spk Pipe 3mtr,,0,0,,0,0,Y,0,0,0,0,Jharkhand
,75mm NE HDPE Spk Pipe 6mtr,,0,0,,0,0,Y,0,0,0,0,Jharkhand
,90mm NE HDPE Spk Pipe 3mtr,,0,0,,0,0,Y,0,0,0,0,Jharkhand
,90mm NE HDPE Spk Pipe 6mtr,,0,0,,0,0,Y,0,0,0,0,Jharkhand
,PP Reducing Bush 2x1.5,,0,0,,0,0,Y,0,0,0,0,Rajasthan
,63MM HDPE Pipe for Main Line(3.2kg/cm2),,69,0,,0,0,Y,0,0,0,0,Jharkhand
,75MM HDPE Pipe for Main Line(2.5kg/cm2),,79,0,,0,0,Y,0,0,0,0,Jharkhand
,50MM NR HDPE Spk Pipe 3Mtr,,0,0,,0,0,Y,0,0,0,0,Jharkhand
,50MM NR HDPE Spk Pipe 6Mtr,,0,0,,0,0,Y,0,0,0,0,Jharkhand
,75mm NR HDPE Spk Pipe 3mtr,,0,0,,0,0,Y,0,0,0,0,Jharkhand
,75mm NR HDPE Spk Pipe 6mtr,,0,0,,0,0,Y,0,0,0,0,Jharkhand
,90mm NR(3.2kg)HDPE Spk Pipe 6Mtr,,0,0,,0,0,Y,0,0,0,0,Jharkhand
,90mm NR(4kg)HDPE Spk Pipe 6Mtr,,165,0,,0,0,Y,0,0,0,0,Jharkhand
,SOC 110mm N HDPE Spk Pipe 6mtr,,0,0,,0,0,Y,0,0,0,0,Jharkhand
,SOC 50MM N HDPE Spk Pipe 3mtr,,320,0,,0,0,Y,0,0,0,0,Jharkhand
,PP Socket 1.5(50mm)MI,,0,0,,0,0,Y,0,0,0,0,Rajasthan
,SOC 50MM N HDPE Spk Pipe 5mtr,,0,0,,0,0,Y,0,0,0,0,Jharkhand
,SOC 50MM N HDPE Spk Pipe 6mtr,,510,0,,0,0,Y,0,0,0,0,Jharkhand
,SOC 63MM N-1 HDPE Spk Pipe 3mtr,,350,0,,0,0,Y,0,0,0,0,Jharkhand
,SOC 63MM N-1 HDPE Spk Pipe 6mtr,,540,0,,0,0,Y,0,0,0,0,Jharkhand
,Soc 63mm N3 HDPE Spk Pipe 3Mtr,,0,0,,0,0,Y,0,0,0,0,Jharkhand
,Soc 63mm N3 HDPE Spk Pipe 6Mtr,,0,0,,0,0,Y,0,0,0,0,Jharkhand
,SOC 63MM N HDPE Spk Pipe 3Mtr,,0,0,,0,0,Y,0,0,0,0,Jharkhand
,SOC 63MM N HDPE Spk Pipe 6Mtr,,0,0,,0,0,Y,0,0,0,0,Jharkhand
,Soc 70mm N3 HDPE Spk Pipe 6mtr,,0,0,,0,0,Y,0,0,0,0,Jharkhand
,Soc 75mm N(4Kg) HDPE Spk Pipe 6Mtr,,0,0,,0,0,Y,0,0,0,0,Jharkhand
,PP Socket 2(63mm)MI,,0,0,,0,0,Y,0,0,0,0,Rajasthan
,SOC 75mm  N3 HDPE Spk Pipe 3mtr,,0,0,,0,0,Y,0,0,0,0,Jharkhand
,Soc 75MM N1(3.2Kg) HDPE Spk Pipe 6Mtr,,772,0,,0,0,Y,0,0,0,0,Jharkhand
,SOC 75mm N1 HDPE Spk Pipe 3mtr,,420,0,,0,0,Y,0,0,0,0,Jharkhand
,SOC 75MM N1 HDPE Spk Pipe 6mtr,,0,0,,0,0,Y,0,0,0,0,Jharkhand
,SOC 75mm N3 HDPE Spk Pipe 6mtr,,0,0,,0,0,Y,0,0,0,0,Jharkhand
,Soc 75mm N(3.2Kg) HDPE Irrig Pipe 3mtr,,465,0,,0,0,Y,0,0,0,0,Jharkhand
,Soc 75mm N(3.2Kg) HDPE Spk Pipe 6Mtr,,0,0,,0,0,Y,0,0,0,0,Jharkhand
,SOC 75mm N HDPE Spk Pipe 3mtr,,0,0,,0,0,Y,0,0,0,0,Jharkhand
,SOC 75mm N HDPE Spk Pipe 6mtr,,0,0,,0,0,Y,0,0,0,0,Jharkhand
,SOC 90mm N HDPE Spk Pipe 3mtr,,555,0,,0,0,Y,0,0,0,0,Jharkhand
,PP Socket 2.5(75mm)MI,,0,0,,0,0,Y,0,0,0,0,Rajasthan
,SOC 90mm N HDPE Spk Pipe 6mtr,,900,0,,0,0,Y,0,0,0,0,Jharkhand
,SOC 90mm N(3.2kg) HDPE Spk Pipe 6mtr,,1060,0,,0,0,Y,0,0,0,0,Jharkhand
,63mm HDPE Spk Irrig Pipe(1-ft)PT-II(Sample),,0,0,,0,0,Y,0,0,0,0,Jharkhand
,75mm HDPE Spk Irrig Pipe(1-ft)PT-II(Sample),,0,0,,0,0,Y,0,0,0,0,Jharkhand
,90MM HDPE Spk Irrig Pipe(1-ft)PT-II(Sample),,0,0,,0,0,Y,0,0,0,0,Jharkhand
,110MM HDPE Spk Irrig Pipe PT-II(Sample),,0,0,,0,0,Y,0,0,0,0,Jharkhand
,SOC 75X63MM HDPE Spk Reducer,,300,0,,0,0,Y,0,0,0,0,Jharkhand
,75x63mm HDPE Spk Reducer(E/R),,0,0,,0,0,Y,0,0,0,0,Jharkhand
,SOC 90x75MM HDPE Spk Reducer,,395,0,,0,0,Y,0,0,0,0,Jharkhand
,90x75MM HDPE Spk Reducer(E/R),,0,0,,0,0,Y,0,0,0,0,Jharkhand
,Butterfly Valve 6,,0,0,,0,0,Y,0,0,0,0,Rajasthan
,PP Socket 3(90mm)MI,,0,0,,0,0,Y,0,0,0,0,Rajasthan
,SOC 110x90MM HDPE Spk Reducer,,495,0,,0,0,Y,0,0,0,0,Jharkhand
,110x90MM HDPE Spk Reducer(E/R),,0,0,,0,0,Y,0,0,0,0,Jharkhand
,SOC 90x75MM HDPE Spk Red.Tee,,580,0,,0,0,Y,0,0,0,0,Jharkhand
,50MM HDPE Spk Hydrent,,0,0,,0,0,Y,0,0,0,0,Jharkhand
,63MM HDPE Spk Hydrents,,0,0,,0,0,Y,0,0,0,0,Jharkhand
,75MM HDPE Spk Hydrents,,0,0,,0,0,Y,0,0,0,0,Jharkhand
,90MM HDPE Spk Hydrents,,0,0,,0,0,Y,0,0,0,0,Jharkhand
,63mm NE HDPE Spk Tee,,0,0,,0,0,Y,0,0,0,0,Jharkhand
,75mm NE HDPE Spk Tee,,0,0,,0,0,Y,0,0,0,0,Jharkhand
,90mm NE HDPE Spk Tee,,0,0,,0,0,Y,0,0,0,0,Jharkhand
,Pressure Gauge 2,,131.4,0,,0,0,Y,0,0,0,0,Rajasthan
,50MM NR HDPE Spk Tee,,0,0,,0,0,Y,0,0,0,0,Jharkhand
,75mm NR HDPE Spk Tee,,0,0,,0,0,Y,0,0,0,0,Jharkhand
,90mm NR HDPE Spk Tee,,0,0,,0,0,Y,0,0,0,0,Jharkhand
,SOC 50MM N HDPE Spk Tee,,250,0,,0,0,Y,0,0,0,0,Jharkhand
,SOC 63MM N HDPE Spk Tee,,275,0,,0,0,Y,0,0,0,0,Jharkhand
,Soc 63mm N-1 HDPE Spk TEE,,0,0,,0,0,Y,0,0,0,0,Jharkhand
,Soc 63mm N3 HDPE Spk TEE,,0,0,,0,0,Y,0,0,0,0,Jharkhand
,Soc 63MM E-5 HDPE Spk Tee,,0,0,,0,0,Y,0,0,0,0,Jharkhand
,Soc 75MM E-5 HDPE Spk Tee,,0,0,,0,0,Y,0,0,0,0,Jharkhand
,SOC 75mm N HDPE Spk Tee,,350,0,,0,0,Y,0,0,0,0,Jharkhand
,Pressure Gauge Glycerine 2,,458,0,,0,0,Y,0,0,0,0,Rajasthan
,SOC 75mm N1 HDPE Spk Tee,,0,0,,0,0,Y,0,0,0,0,Jharkhand
,SOC 75mm N3 HDPE SKP Tee,,0,0,,0,0,Y,0,0,0,0,Jharkhand
,SOC 90mm N HDPE Spk Tee,,495,0,,0,0,Y,0,0,0,0,Jharkhand
,SOC 110mm N HDPE Spk Tee,,615,0,,0,0,Y,0,0,0,0,Jharkhand
,90mm PN6 PE- 80 N(FF),,0,0,,0,0,Y,0,0,0,0,Jharkhand
,DN110 PE80 PN6 HDPE PIPE(FF),,0,0,,0,0,Y,0,0,0,0,Jharkhand
,DN125 PE80 PN6 HDPE PIPE(FF),,0,0,,0,0,Y,0,0,0,0,Jharkhand
,DN160 PE80 PN6 N HDPE PIPE(FF),,0,0,,0,0,Y,0,0,0,0,Jharkhand
,DN180 PE80 PN6 HDPE PIPE(FF),,0,0,,0,0,Y,0,0,0,0,Jharkhand
,DN200 PE80 PN6 HDPE PIPE(FF),,0,0,,0,0,Y,0,0,0,0,Jharkhand
,Pressure Gauge Glycerine 2.5,,0,0,,0,0,Y,0,0,0,0,Rajasthan
,DN225 PE80 PN6 HDPE PIPE(FF),,0,0,,0,0,Y,0,0,0,0,Jharkhand
,DN90 PE100 PN6 N HDPE PIPE(FF),,0,0,,0,0,Y,0,0,0,0,Jharkhand
,110MM PN10 PE-100 N(ISO:4427)-FF,,0,0,,0,0,Y,0,0,0,0,Jharkhand
,DN110 PE100 PN6 HDPE PIPE(FF),,0,0,,0,0,Y,0,0,0,0,Jharkhand
,DN125 PE100 PN6 HDPE PIPE(FF),,0,0,,0,0,Y,0,0,0,0,Jharkhand
,DN140 PE100 PN6  HDPE PIPE(FF),,0,0,,0,0,Y,0,0,0,0,Jharkhand
,DN160 PE100 PN6  HDPE PIPE(FF),,0,0,,0,0,Y,0,0,0,0,Jharkhand
,DN160 PE100 PN8 N HDPE PIPE(FF),,0,0,,0,0,Y,0,0,0,0,Jharkhand
,DN180 PE100 PN6 HDPE PIPE(FF),,0,0,,0,0,Y,0,0,0,0,Jharkhand
,DN200 PE100 PN6 HDPE PIPE(FF),,0,0,,0,0,Y,0,0,0,0,Jharkhand
,Pressure Release Valve 2X1.5,,2074,0,,0,0,Y,0,0,0,0,Rajasthan
,DN225 PE100 PN6 HDPE PIPE(FF),,0,0,,0,0,Y,0,0,0,0,Jharkhand
,DN250 PE100 PN6 HDPE PIPE(FF),,0,0,,0,0,Y,0,0,0,0,Jharkhand
,DN280 PE100 PN6 HDPE PIPE(FF),,0,0,,0,0,Y,0,0,0,0,Jharkhand
,DN315 PE100 PN6 HDPE PIPE(FF),,0,0,,0,0,Y,0,0,0,0,Jharkhand
,DN355 PE100 PN6 HDPE PIPE(FF),,0,0,,0,0,Y,0,0,0,0,Jharkhand
,110MM B HDPE Spk Adopter,,0,0,,0,0,Y,0,0,0,0,Jharkhand
,SOC B 90MM HDPE Adopter,,0,0,,0,0,Y,0,0,0,0,Jharkhand
,110X90MM HDPE MOULDED REDUCER,,0,0,,0,0,Y,0,0,0,0,Jharkhand
,110x90mm HDPE Spk Reducer(B),,0,0,,0,0,Y,0,0,0,0,Jharkhand
,50MM B HDPE Spk Bend,,0,0,,0,0,Y,0,0,0,0,Jharkhand
,PVC Ball Valve 2(Plain End),,0,0,,0,0,Y,0,0,0,0,Rajasthan
,63mm B MDPE Spk Bend,,0,0,,0,0,Y,0,0,0,0,Jharkhand
,63mm HDPE Moulded Bend,,0,0,,0,0,Y,0,0,0,0,Jharkhand
,SOC B 63mm HDPE Spk Bend,,0,0,,0,0,Y,0,0,0,0,Jharkhand
,75MM B HDPE Fab Bend,,0,0,,0,0,Y,0,0,0,0,Jharkhand
,SOC B 75mm HDPE Spk Bend,,0,0,,0,0,Y,0,0,0,0,Jharkhand
,90MM HDPE MOULDED BEND,,0,0,,0,0,Y,0,0,0,0,Jharkhand
,SOC B 90MM HDPE Spk Bend,,0,0,,0,0,Y,0,0,0,0,Jharkhand
,110MM B HDPE Spk Bend,,0,0,,0,0,Y,0,0,0,0,Jharkhand
,110mm B MDPE Spk Bend,,0,0,,0,0,Y,0,0,0,0,Jharkhand
,110MM HDPE MOULDED BEND,,0,0,,0,0,Y,0,0,0,0,Jharkhand
,PVC Ball Valve 2.5(Plain End),,0,0,,0,0,Y,0,0,0,0,Rajasthan
,110MM HDPE MOULDED BEND(PN6),,0,0,,0,0,Y,0,0,0,0,Jharkhand
,50mm MDPE End Cap,,0,0,,0,0,Y,0,0,0,0,Jharkhand
,63mm MDPE End Cap,,0,0,,0,0,Y,0,0,0,0,Jharkhand
,75mm MDPE End Cap,,0,0,,0,0,Y,0,0,0,0,Jharkhand
,63MM NE HDPE SPK MLC,,0,0,,0,0,Y,0,0,0,0,Jharkhand
,75MM NE HDPE Spk MLC,,0,0,,0,0,Y,0,0,0,0,Jharkhand
,90mm NE HDPE Spk MLC,,0,0,,0,0,Y,0,0,0,0,Jharkhand
,110MM HDPE Spk MLC,,0,0,,0,0,Y,0,0,0,0,Jharkhand
,50mm N HDPE SPK MLC,,0,0,,0,0,Y,0,0,0,0,Jharkhand
,75mm NR HDPE Spk MLC,,0,0,,0,0,Y,0,0,0,0,Jharkhand
,PVC Ball Valve 2.5(Threded End),,0,0,,0,0,Y,0,0,0,0,Rajasthan
,75mm N2R HDPE Spk MLC,,0,0,,0,0,Y,0,0,0,0,Jharkhand
,90mm NR HDPE Spk MLC,,0,0,,0,0,Y,0,0,0,0,Jharkhand
,90mm N2R HDPE Spk MLC,,0,0,,0,0,Y,0,0,0,0,Jharkhand
,SOC 110mm N HDPE Spk MLC,,0,0,,0,0,Y,0,0,0,0,Jharkhand
,Soc 50MM N HDPE Spk MLC,,0,0,,0,0,Y,0,0,0,0,Jharkhand
,Soc 63mm E5 HDPE Spk MLC,,0,0,,0,0,Y,0,0,0,0,Jharkhand
,SOC 63mm N-1 HDPE SPK MLC,,0,0,,0,0,Y,0,0,0,0,Jharkhand
,Soc 63mm N3 HDPE Spk MLC,,0,0,,0,0,Y,0,0,0,0,Jharkhand
,SOC 63mm N HDPE Spk MLC,,0,0,,0,0,Y,0,0,0,0,Jharkhand
,Soc 75mm E5 HDPE Spk MLC,,0,0,,0,0,Y,0,0,0,0,Jharkhand
,PVC Ball Valve 20mm(Compression/female Tthreaded),,0,0,,0,0,Y,0,0,0,0,Rajasthan
,Soc 75MM E-6 HDPE Spk MLC,,0,0,,0,0,Y,0,0,0,0,Jharkhand
,SOC 75MM N1 HDPE Spk MLC,,0,0,,0,0,Y,0,0,0,0,Jharkhand
,Soc 75mm N3 HDPE SPK MLC,,0,0,,0,0,Y,0,0,0,0,Jharkhand
,SOC 75mm N HDPE Spk MLC,,0,0,,0,0,Y,0,0,0,0,Jharkhand
,Soc 90mm E-5 HDPE Spk MLC,,0,0,,0,0,Y,0,0,0,0,Jharkhand
,SOC 90MM N HDPE Spk MLC,,0,0,,0,0,Y,0,0,0,0,Jharkhand
,110MM B HDPE Spk PCN,,0,0,,0,0,Y,0,0,0,0,Jharkhand
,50MM B HDPE Spk PCN,,0,0,,0,0,Y,0,0,0,0,Jharkhand
,63MM B HDPE Spk PCN,,0,0,,0,0,Y,0,0,0,0,Jharkhand
,75MM B HDPE Spk PCN,,0,0,,0,0,Y,0,0,0,0,Jharkhand
,Pvc Ball Valve 3(90mm)(Threaded End),,0,0,,0,0,Y,0,0,0,0,Rajasthan
,75x40mm HDPE Bush PCN,,0,0,,0,0,Y,0,0,0,0,Jharkhand
,90mm B HDPE Spk PCN,,0,0,,0,0,Y,0,0,0,0,Jharkhand
,63mm HDPE Spk PCN-Cap,,0,0,,0,0,Y,0,0,0,0,Jharkhand
,75MM HDPE Spk PCN-CAP,,0,0,,0,0,Y,0,0,0,0,Jharkhand
,90mm HDPE Spk PCN Cap,,0,0,,0,0,Y,0,0,0,0,Jharkhand
,110MM HDPE MOULDED PIPE END,,0,0,,0,0,Y,0,0,0,0,Jharkhand
,110MM MDPE PIPE END,,0,0,,0,0,Y,0,0,0,0,Jharkhand
,50mm HDPE Pipe End,,0,0,,0,0,Y,0,0,0,0,Jharkhand
,63MM HDPE  Pipe End,,0,0,,0,0,Y,0,0,0,0,Jharkhand
,90MM HDPE MOULDED PIPE END,,0,0,,0,0,Y,0,0,0,0,Jharkhand
,By Pass Assembly 2.5''(PP),,0,0,,0,0,Y,0,0,0,0,Rajasthan
,PVC Ball Valve 4(110mm) (Threaded End),,0,0,,0,0,Y,0,0,0,0,Rajasthan
,110mm NB HDPE Irrig Pipe(6mtr) PT- II,,0,0,,0,0,Y,0,0,0,0,Jharkhand
,110MM NB HDPE Irrig Pipe(6mtr) PT- I,,0,0,,0,0,Y,0,0,0,0,Jharkhand
,125mm NB HDPE Irrig Pipe(6Mtr)Pt-1,,0,0,,0,0,Y,0,0,0,0,Jharkhand
,160mm NB HDPE Irrig Pipe(6Mtr)PT-1,,0,0,,0,0,Y,0,0,0,0,Jharkhand
,180mm NB HDPE Irrig Pipe(6Mtr)PT-1,,0,0,,0,0,Y,0,0,0,0,Jharkhand
,50MM NB HDPE Irrig Pipe (5mtr) PT-II,,0,0,,0,0,Y,0,0,0,0,Jharkhand
,50MM NB HDPE Irrig Pipe (6mtr) PT-II,,0,0,,0,0,Y,0,0,0,0,Jharkhand
,63mm NB HDPE Irrig Pipe(3mtr) PT- II,,0,0,,0,0,Y,0,0,0,0,Jharkhand
,63mm NB HDPE Irrig Pipe(6mtr) PT- II,,0,0,,0,0,Y,0,0,0,0,Jharkhand
,63mm N1B HDPE Irrig Pipe(6mtr) PT- II,,0,0,,0,0,Y,0,0,0,0,Jharkhand
,Pvc Ball Valve 40 mm,,0,0,,0,0,Y,0,0,0,0,Rajasthan
,63mm N3B HDPE Irrig Pipe(6Mtr) PT-II,,0,0,,0,0,Y,0,0,0,0,Jharkhand
,75mm NB HDPE Irrig Pipe(6mtr) PT- II,,0,0,,0,0,Y,0,0,0,0,Jharkhand
,75MM N1B(3.2KG) HDPE Irrrig Pipe(6mtr)PT-II,,0,0,,0,0,Y,0,0,0,0,Jharkhand
,75mm N1B HDPE Irrig Pipe(6mtr) PT- II,,0,0,,0,0,Y,0,0,0,0,Jharkhand
,75mm N3B HDPE Irrig Pipe(6mtr) PT- II,,0,0,,0,0,Y,0,0,0,0,Jharkhand
,75mm NB(3.2Kg) HDPE Irrig Pipe (6Mtr)PT-II,,0,0,,0,0,Y,0,0,0,0,Jharkhand
,75mm NB(4Kg) HDPE Irrig Pipe (6Mtr)PT-II,,0,0,,0,0,Y,0,0,0,0,Jharkhand
,90MM HDPE Irrig Pipe for Hydrant(MTR),,0,0,,0,0,Y,0,0,0,0,Jharkhand
,90mm NB HDPE Irrig Pipe(6mtr) PT- II,,0,0,,0,0,Y,0,0,0,0,Jharkhand
,90mm NB(3.2KG) HDPE Irrig Pipe (6Mtr) PT-II,,0,0,,0,0,Y,0,0,0,0,Jharkhand
,PVC Bush 63x50mm,,0,0,,0,0,Y,0,0,0,0,Rajasthan
,90mm NB(4kg)HDPE Irrig Pipe(6mtr) PT- I,,0,0,,0,0,Y,0,0,0,0,Jharkhand
,63x50mm MDPE Reducer,,0,0,,0,0,Y,0,0,0,0,Jharkhand
,75x63MM HDPE MOULDED REDUCER,,0,0,,0,0,Y,0,0,0,0,Jharkhand
,75x63mm MDPE Reducer,,0,0,,0,0,Y,0,0,0,0,Jharkhand
,90x75mm HDPE Reducer(PF),,0,0,,0,0,Y,0,0,0,0,Jharkhand
,90x75mm HDPE Spk Reducer(B),,0,0,,0,0,Y,0,0,0,0,Jharkhand
,110MM B HDPE Spk Tee,,0,0,,0,0,Y,0,0,0,0,Jharkhand
,50MM B HDPE Spk Tee,,0,0,,0,0,Y,0,0,0,0,Jharkhand
,63MM B HDPE Spk Tee,,0,0,,0,0,Y,0,0,0,0,Jharkhand
,SOC B 63MM HDPE Spk TEE,,0,0,,0,0,Y,0,0,0,0,Jharkhand
,PVC Bush 75x63mm 10kg,,0,0,,0,0,Y,0,0,0,0,Rajasthan
,SOC B 75mm HDPE Spk Tee,,0,0,,0,0,Y,0,0,0,0,Jharkhand
,90mm B HDPE Spk Tee,,0,0,,0,0,Y,0,0,0,0,Jharkhand
,SOC B 90MM HDPE Spk Tee,,0,0,,0,0,Y,0,0,0,0,Jharkhand
,110mm HDPE Spk Tail Pice,,0,0,,0,0,Y,0,0,0,0,Jharkhand
,50mm HDPE SPK Tail Pice,,0,0,,0,0,Y,0,0,0,0,Jharkhand
,63MM HDPE Spk Tail Pice,,0,0,,0,0,Y,0,0,0,0,Jharkhand
,75MM HDPE Spk Tail Piece,,0,0,,0,0,Y,0,0,0,0,Jharkhand
,90mm HDPE Spk T.P.,,0,0,,0,0,Y,0,0,0,0,Jharkhand
,SOC 110mm HDPE Spk T.P.,,0,0,,0,0,Y,0,0,0,0,Jharkhand
,Soc 50MM HDPE Spk T.P.,,0,0,,0,0,Y,0,0,0,0,Jharkhand
,PVC Bush 90x63mm 10kg,,0,0,,0,0,Y,0,0,0,0,Rajasthan
,SOC 63mm HDPE Spk T.P.,,0,0,,0,0,Y,0,0,0,0,Jharkhand
,SOC 75mm HDPE Spk T.P.,,0,0,,0,0,Y,0,0,0,0,Jharkhand
,SOC 90mm HDPE Spk T.P.,,0,0,,0,0,Y,0,0,0,0,Jharkhand
,Nut-Bolt-Washer-Gasket for Header Assl. 2,,0,0,,0,0,Y,0,0,0,0,Jharkhand
,PVC Connecting Tube 20cm(Stab-Barb-Conn-Bayoynet),,0,0,,0,0,Y,0,0,0,0,Rajasthan
,PVC Reducer Bush 110x63mm,,0,0,,0,0,Y,0,0,0,0,Rajasthan
,PVC Reducer Bush 63x50mm 6kg,,0,0,,0,0,Y,0,0,0,0,Rajasthan
,PVC Reducer Coupler 75x63mm,,0,0,,0,0,Y,0,0,0,0,Rajasthan
,Reducer 110x90mm PVC,,92.59,0,,0,0,Y,0,0,0,0,Rajasthan
,By Pass Assembly 2.5x2(M.S.),,750,0,,0,0,Y,0,0,0,0,Rajasthan
,Reducer 160x140mm PVC,,0,0,,0,0,Y,0,0,0,0,Rajasthan
,Reducer 16x12mm Comp.Connector(Both Side),,2.24,0,,0,0,Y,0,0,0,0,Rajasthan
,Reducer 16X17MM Comp. Connector(Both Side),,0,0,,0,0,Y,0,0,0,0,Rajasthan
,Reducer 200x160mm PVC,,0,0,,0,0,Y,0,0,0,0,Rajasthan
,Reducer 25x20mm(PP),,0,0,,0,0,Y,0,0,0,0,Rajasthan
,Reducer 40x32mm PVC,,0,0,,0,0,Y,0,0,0,0,Rajasthan
,Reducer 63x40mm PVC,,0,0,,0,0,Y,0,0,0,0,Rajasthan
,Reducer 63x50mm PVC,,41.51,0,,0,0,Y,0,0,0,0,Rajasthan
,Reducer 63x50mm(PP),,0,0,,0,0,Y,0,0,0,0,Rajasthan
,Reducer 75x50mm PVC,,33.54,0,,0,0,Y,0,0,0,0,Rajasthan
,By Pass Assembly 2X1.5(M.S.),,1120,0,,0,0,Y,0,0,0,0,Rajasthan
,Reducer 75x63mm PVC,,45.22,0,,0,0,Y,0,0,0,0,Rajasthan
,Reducer 90x63 mm Pvc,,57.02,0,,0,0,Y,0,0,0,0,Rajasthan
,Reducer 90x75mm PVC,,58.54,0,,0,0,Y,0,0,0,0,Rajasthan
,Reducer Elbow 75x63mm PVC,,0,0,,0,0,Y,0,0,0,0,Rajasthan
,Reducer Tee 110x90 PVC,,204.19,0,,0,0,Y,0,0,0,0,Rajasthan
,Reducer Tee 160x110 PVC,,0,0,,0,0,Y,0,0,0,0,Rajasthan
,Reducer Tee 160X90MM (PVC),,0,0,,0,0,Y,0,0,0,0,Rajasthan
,Reducer Tee 63x32mm PVC,,0,0,,0,0,Y,0,0,0,0,Rajasthan
,Reducer Tee 75x63mm PVC,,0,0,,0,0,Y,0,0,0,0,Rajasthan
,Reducer Tee 90x63mm 6kg,,0,0,,0,0,Y,0,0,0,0,Rajasthan
,By Pass Assembly 2x1.5''(PP),,0,0,,0,0,Y,0,0,0,0,Rajasthan
,Reducer Tee 90x63mm PVC,,0,0,,0,0,Y,0,0,0,0,Rajasthan
,Reducer Tee 90x75mm PVC,,0,0,,0,0,Y,0,0,0,0,Rajasthan
,Reducing Flanged Threaded 2.5x2,,0,0,,0,0,Y,0,0,0,0,Rajasthan
,Reducing Flanged Threaded 3x2.5,,0,0,,0,0,Y,0,0,0,0,Rajasthan
,Ring for Compression Connector(Lock Ring),,0,0,,0,0,Y,0,0,0,0,Rajasthan
,Rotameter for Ventury,,0,0,,0,0,Y,0,0,0,0,Rajasthan
,S S Nut Bolts(MI),,0,0,,0,0,Y,0,0,0,0,Rajasthan
,Sand Filter 10m3/hr x 1.5,,11777.5,0,,0,0,Y,0,0,0,0,Rajasthan
,Sand Filter 20xm3/hr 2,,13650.7,0,,0,0,Y,0,0,0,0,Rajasthan
,Sand Filter 25m3/hr x 2,,13650.7,0,,0,0,Y,0,0,0,0,Rajasthan
,By Pass Assembly 3''(PP),,0,0,,0,0,Y,0,0,0,0,Rajasthan
,Sand Filter 30mm3X2.5,,24199,0,,0,0,Y,0,0,0,0,Rajasthan
,Sand Filter 40m3/hr x 2.5,,18149.25,0,,0,0,Y,0,0,0,0,Rajasthan
,Sand Filter 40m3/hr x 3,,32176,0,,0,0,Y,0,0,0,0,Rajasthan
,Sand Filter 50m3/hr x 3,,32176,0,,0,0,Y,0,0,0,0,Rajasthan
,Sand for Sand Filter(KG),,0,0,,0,0,Y,0,0,0,0,Rajasthan
,Screen Element 2(Cartridge),,0,0,,0,0,Y,0,0,0,0,Rajasthan
,Screen Element 2.5(Cartridge),,0,0,,0,0,Y,0,0,0,0,Rajasthan
,Screen Elements 3(Cartridge),,0,0,,0,0,Y,0,0,0,0,Rajasthan
,Screen Filter 1 4*6/8m3/hr x 1(Y),,0,0,,0,0,Y,0,0,0,0,Rajasthan
,Screen Filter 10m3/hr x 2 (Metal),,0,0,,0,0,Y,0,0,0,0,Rajasthan
,By Pass Assembly 3''x2(M.S.),,1415,0,0,0,0,Y,0,0,0,0,Rajasthan
,Screen Filter 10m3/hr X 2.5''(Metal),,0,0,,0,0,Y,0,0,0,0,Rajasthan
,Screen Filter 15mm3/hr x 1.5(Plastic),,1272,0,,0,0,Y,0,0,0,0,Rajasthan
,Screen Filter 15mm3/hr x 2(Plastic),,0,0,,0,0,Y,0,0,0,0,Rajasthan
,Screen Filter 20m3/hr x 2(Plastic),,1666.8,0,,0,0,Y,0,0,0,0,Rajasthan
,Screen Filter 20m3/hr X2(Metal),,3059,0,,0,0,Y,0,0,0,0,Rajasthan
,Screen Filter 20m3/hr X2.5(Metal),,0,0,,0,0,Y,0,0,0,0,Rajasthan
,Screen Filter 25m3/hr x 2(Plastic),,2650,0,,0,0,Y,0,0,0,0,Rajasthan
,Screen Filter 25m3/hr X2(Semi Automatic),,0,0,,0,0,Y,0,0,0,0,Rajasthan
,Screen Filter 25m3/hr X2.5(Metal),,3383,0,,0,0,Y,0,0,0,0,Rajasthan
,Screen Filter 3/4120mesh 6*4 M3,,0,0,,0,0,Y,0,0,0,0,Rajasthan
,160mm Pvc Bend,,0,0,,0,0,Y,0,0,0,0,Rajasthan
,By Pass Threaded Tee with Flange End 2.5(PP),,0,0,,0,0,Y,0,0,0,0,Rajasthan
,Screen Filter 30m3/hr X2.5(Metal),,3816,0,,0,0,Y,0,0,0,0,Rajasthan
,Screen Filter 30m3/hrx2.5(Plastic),,1666.8,0,,0,0,Y,0,0,0,0,Rajasthan
,Screen Filter 40m3/hr x 3(Plastics),,1765.2,0,,0,0,Y,0,0,0,0,Rajasthan
,Screen Filter 40m3/hr X2.5''(Metal),,0,0,,0,0,Y,0,0,0,0,Rajasthan
,Screen Filter 40m3/hr X3(Metal),,3924,0,,0,0,Y,0,0,0,0,Rajasthan
,Screen Filter 40m3/hr X3(Semi Automatic),,0,0,,0,0,Y,0,0,0,0,Rajasthan
,Screen Filter 40m3/hrx2.5(Plastic),,2942,0,,0,0,Y,0,0,0,0,Rajasthan
,Screen Filter 50m3/hr x 2(Plastic),,0,0,,0,0,Y,0,0,0,0,Rajasthan
,Screen Filter 50m3/hr x 3(Plastic),,1765.2,0,,0,0,Y,0,0,0,0,Rajasthan
,Screen Filter 50m3/hr X3(Double Body),,0,0,,0,0,Y,0,0,0,0,Rajasthan
,By Pass Threaded Tee with Flange End 3 (PP),,0,0,,0,0,Y,0,0,0,0,Rajasthan
,Screen Filter 50m3/hr X3(Metal),,4140,0,,0,0,Y,0,0,0,0,Rajasthan
,Screen225m3,,0,0,,0,0,Y,0,0,0,0,Rajasthan
,Service Saddle 110mm(MI),,0,0,,0,0,Y,0,0,0,0,Rajasthan
,Service Saddle 40mm(MI),,0,0,,0,0,Y,0,0,0,0,Rajasthan
,Service Saddle 40mmX3/4(PP),,0,0,,0,0,Y,0,0,0,0,Rajasthan
,Service Saddle 50mm(MI),,0,0,,0,0,Y,0,0,0,0,Rajasthan
,Service Saddle 50mm(PVC),,0,0,,0,0,Y,0,0,0,0,Rajasthan
,Service Saddle 50mmX1/2(P),,0,0,,0,0,Y,0,0,0,0,Rajasthan
,Service Saddle 50mmX3/4(PP),,0,0,,0,0,Y,0,0,0,0,Rajasthan
,Service Saddle 63mm 1(MI),,93.54,0,,0,0,Y,0,0,0,0,Rajasthan
,By Pass Threaded Tee Without  Flange End 2 (PP),,0,0,,0,0,Y,0,0,0,0,Rajasthan
,Service Saddle 63mm 3/4(MI),,0,0,,0,0,Y,0,0,0,0,Rajasthan
,Service Saddle 63mmX1/2(P),,0,0,,0,0,Y,0,0,0,0,Rajasthan
,Service Saddle 75mm(MI),,0,0,,0,0,Y,0,0,0,0,Rajasthan
,Service Saddle 75mmX1(PP),,93.54,0,,0,0,Y,0,0,0,0,Rajasthan
,Service Saddle 75mmX1.25(M.S),,0,0,,0,0,Y,0,0,0,0,Rajasthan
,Service Saddle 75mmX1-1/4(PP),,0,0,,0,0,Y,0,0,0,0,Rajasthan
,Service Saddle 90mm(MI),,156.46,0,,0,0,Y,0,0,0,0,Rajasthan
,Service Saddle 90mmX1.25(M.S),,0,0,,0,0,Y,0,0,0,0,Rajasthan
,Service Saddle 90mmX1/2(P),,156.46,0,,0,0,Y,0,0,0,0,Rajasthan
,Sluice Valve 2.5,,0,0,,0,0,Y,0,0,0,0,Rajasthan
,Clamp  for Hydrocyclone Filter,,0,0,,0,0,Y,0,0,0,0,Rajasthan
,Socket 63mm PVC,,0,0,,0,0,Y,0,0,0,0,Rajasthan
,Socket 75mm PVC,,0,0,,0,0,Y,0,0,0,0,Rajasthan
,Socket 90mm PVC,,0,0,,0,0,Y,0,0,0,0,Rajasthan
,Solvent Cement(Ltr),,0,0,,0,0,Y,0,0,0,0,Rajasthan
,Spagheti Barbed Connector,,0,0,,0,0,Y,0,0,0,0,Rajasthan
,Spagheti/Extension Tube 6mm x 4mm,,3.1,0,,0,0,Y,0,0,0,0,Rajasthan
,Stand Ring 2 for Hydrocyclone Filter,,0,0,,0,0,Y,0,0,0,0,Rajasthan
,Stand Ring 3 for Hydrocyclone Filter,,0,0,,0,0,Y,0,0,0,0,Rajasthan
,Stap Saddle 200mmX1.1/2,,0,0,,0,0,Y,0,0,0,0,Rajasthan
,Stap Saddle 200mmX1.1/4,,0,0,,0,0,Y,0,0,0,0,Rajasthan
,Clamp SS(4),,0,0,,0,0,Y,0,0,0,0,Rajasthan
,Stap Saddle 200mmX1/2,,0,0,,0,0,Y,0,0,0,0,Rajasthan
,Start Connector Nipple 12mm,,90,0,,0,0,Y,0,0,0,0,Rajasthan
,Start Connector Nipple 16MM,,2.24,0,,0,0,Y,0,0,0,0,Rajasthan
,Start Connector Nipple 20mm,,2.24,0,,0,0,Y,0,0,0,0,Rajasthan
,Tapping Compression Ferrule 20x/12,,0,0,,0,0,Y,0,0,0,0,Rajasthan
,Tapping Coupler 20mm(EF),,0,0,,0,0,Y,0,0,0,0,Rajasthan
,Tapping Saddle -90x1/2(EF),,0,0,,0,0,Y,0,0,0,0,Rajasthan
,Tapping Tee 90x20mm(EF),,0,0,,0,0,Y,0,0,0,0,Rajasthan
,Tee (Compression Fitting) 16mx12m/16X16,,3.31,0,,0,0,Y,0,0,0,0,Rajasthan
,Tee 110mm PVC,,3.31,0,,0,0,Y,0,0,0,0,Rajasthan
,Core-Cap,,0,0,,0,0,Y,0,0,0,0,Rajasthan
,Tee 110mm(CF),,0,0,,0,0,Y,0,0,0,0,Rajasthan
,Tee 140mm(PVC),,0,0,,0,0,Y,0,0,0,0,Rajasthan
,Tee 200mm PVC,,0,0,,0,0,Y,0,0,0,0,Rajasthan
,Tee 3 Side Male Threaded 1(32mm),,0,0,,0,0,Y,0,0,0,0,Rajasthan
,TEE 32MM PVC,,0,0,,0,0,Y,0,0,0,0,Rajasthan
,TEE 40MM PVC,,0,0,,0,0,Y,0,0,0,0,Rajasthan
,Tee 40mm(CF),,0,0,,0,0,Y,0,0,0,0,Rajasthan
,TEE 50MM PVC,,39.96,0,,0,0,Y,0,0,0,0,Rajasthan
,Tee 63mm PVC,,39.96,0,,0,0,Y,0,0,0,0,Rajasthan
,Tee 75mm  PVC,,84.29,0,,0,0,Y,0,0,0,0,Rajasthan
,110MM B HDPE Spk Adopter,,0,0,,0,0,Y,0,0,0,0,
,110MM B HDPE Spk Bend,,0,0,,0,0,Y,0,0,0,0,
,Coupler/joiner 110MM,,0,0,,0,0,Y,0,0,0,0,Rajasthan
,Tee 75mm(CF),,0,0,,0,0,Y,0,0,0,0,Rajasthan
,110MM B HDPE Spk PCN,,0,0,,0,0,Y,0,0,0,0,
,110MM B HDPE Spk Tee,,0,0,,0,0,Y,0,0,0,0,
,110mm B MDPE Spk Bend,,0,0,,0,0,Y,0,0,0,0,
,110mm Coil Nipple,,0,0,,0,0,Y,0,0,0,0,
,110MM HDPE Flange(Moulded),,0,0,,0,0,Y,0,0,0,0,
,110MM HDPE MOULDED BEND,,0,0,,0,0,Y,0,0,0,0,
,110MM HDPE MOULDED BEND(PN6),,0,0,,0,0,Y,0,0,0,0,
,110MM HDPE MOULDED PIPE END,,0,0,,0,0,Y,0,0,0,0,
,110MM HDPE MOULDED TEE,,0,0,,0,0,Y,0,0,0,0,
,110MM HDPE MOULDED TEE(PN6),,0,0,,0,0,Y,0,0,0,0,
,Tee 90mm  PVC,,84.29,0,,0,0,Y,0,0,0,0,Rajasthan
,110MM HDPE Pipe End PN6 PE80(Moulded),,0,0,,0,0,Y,0,0,0,0,
,110MM HDPE Pipe End(Moulded),,0,0,,0,0,Y,0,0,0,0,
,110mm HDPE Spk End Cap,,0,0,,0,0,Y,0,0,0,0,
,110MM HDPE Spk Irrig Pipe PT-II(Sample),,0,0,,0,0,Y,0,0,0,0,
,110MM HDPE Spk MLC,,0,0,,0,0,Y,0,0,0,0,
,110mm HDPE Spk Tail Pice,,0,0,,0,0,Y,0,0,0,0,
,110MM MDPE PIPE END,,0,0,,0,0,Y,0,0,0,0,
,110mm N Spk Rubber Ring,,0,0,,0,0,Y,0,0,0,0,
,110mm N1 Spk Rubber Ring,,0,0,,0,0,Y,0,0,0,0,
,110MM NB HDPE Irrig Pipe(6mtr) PT- I,,0,0,,0,0,Y,0,0,0,0,
,Tee 90mm(CF),,0,0,,0,0,Y,0,0,0,0,Rajasthan
,110mm NB HDPE Irrig Pipe(6mtr) PT- II,,0,0,,0,0,Y,0,0,0,0,
,110mm NE Spk Latch,,0,0,,0,0,Y,0,0,0,0,
,110mm NR HDPE Spk Adopter,,0,0,,0,0,Y,0,0,0,0,
,110mm NR HDPE Spk Bend,,0,0,,0,0,Y,0,0,0,0,
,110mm NR HDPE Spk PCN,,0,0,,0,0,Y,0,0,0,0,
,110mm NR Spk Latch,,0,0,,0,0,Y,0,0,0,0,
,110mm PCN CLAMP/CLIP,,0,0,,0,0,Y,0,0,0,0,
,110MM PN10 PE100 HDPE BEND-90*(FF),,0,0,,0,0,Y,0,0,0,0,
,110MM PN10 PE100 HDPE ENDCAP(FF),,0,0,,0,0,Y,0,0,0,0,
,110MM PN10 PE100 HDPE TEE(FF),,0,0,,0,0,Y,0,0,0,0,
,Tee(Compression Fitting) 12x12mm,,3.42,0,,0,0,Y,0,0,0,0,Rajasthan
,110MM PN10 PE-100 N(ISO:4427),,0,0,,0,0,Y,0,0,0,0,
,110MM PN10 PE-100 N(ISO:4427)-FF,,0,0,,0,0,Y,0,0,0,0,
,110mm PN6 PE- 80 N,,431.18,0,,0,0,Y,0,0,0,0,
,110MM PN6 PE100 HDPE BEND(FF),,0,0,,0,0,Y,0,0,0,0,
,110MM PN6 PE100 HDPE BEND(FF)45*,,0,0,,0,0,Y,0,0,0,0,
,110MM PN6 PE100 HDPE PIPE END,,0,0,,0,0,Y,0,0,0,0,
,110MM PN6 PE100 HDPE TEE(FF),,0,0,,0,0,Y,0,0,0,0,
,110MM PN6 PE-100 N,,0,0,,0,0,Y,0,0,0,0,
,110MM PN6 PE80 HDPE BEND(FF)45*,,0,0,,0,0,Y,0,0,0,0,
,110mm Spk Pcn Nipple,,0,0,,0,0,Y,0,0,0,0,
,Tee(Compression Fitting)25mmx1x25mm,,3.31,0,,0,0,Y,0,0,0,0,Rajasthan
,110mm Spk Rubber Ring,,0,0,,0,0,Y,0,0,0,0,
,110X90MM HDPE MOULDED REDUCER,,0,0,,0,0,Y,0,0,0,0,
,110x90mm HDPE Spk Reducer(B),,0,0,,0,0,Y,0,0,0,0,
,110x90MM HDPE Spk Reducer(E/R),,0,0,,0,0,Y,0,0,0,0,
,125MM  Latch,,0,0,,0,0,Y,0,0,0,0,
,125MM HDPE End Cap PN6 PE80(Moulded),,0,0,,0,0,Y,0,0,0,0,
,125mm HDPE End Cap(Moulded),,0,0,,0,0,Y,0,0,0,0,
,125MM HDPE MLC,,0,0,,0,0,Y,0,0,0,0,
,125MM HDPE MOULDED BEND,,0,0,,0,0,Y,0,0,0,0,
,125MM HDPE MOULDED TEE,,0,0,,0,0,Y,0,0,0,0,
,TEE(Compression Fitting)32mm X1 X32mm,,41.21,0,,0,0,Y,0,0,0,0,Rajasthan
,125MM HDPE Pipe End PN6 PE80(Moulded),,0,0,,0,0,Y,0,0,0,0,
,125mm HDPE Tail Pice,,0,0,,0,0,Y,0,0,0,0,
,125mm NB HDPE Irrig Pipe(6Mtr)Pt-1,,0,0,,0,0,Y,0,0,0,0,
,125MM PN6 PE100 HDPE BEND-45*(FF),,0,0,,0,0,Y,0,0,0,0,
,125MM PN6 PE100 HDPE TEE(FF),,0,0,,0,0,Y,0,0,0,0,
,125MM PN6 PE80 HDPE BEND 45*(FF),,0,0,,0,0,Y,0,0,0,0,
,125mm Rubber Ring,,0,0,,0,0,Y,0,0,0,0,
,125X110MM HDPE MOULDED REDUCER,,0,0,,0,0,Y,0,0,0,0,
,125X90MM HDPE MOULDED REDUCER,,0,0,,0,0,Y,0,0,0,0,
,12MM In Line Dripper (2-LPH)Round,,0,0,,0,0,Y,0,0,0,0,
,TEE(Compression Fitting)50MM,,0,0,,0,0,Y,0,0,0,0,Rajasthan
,12MM In Line Dripper (4-LPH)Round,,0,0,,0,0,Y,0,0,0,0,
,140MM HDPE  MLC,,0,0,,0,0,Y,0,0,0,0,
,140MM HDPE End Cap PN6 PE80(Moulded),,0,0,,0,0,Y,0,0,0,0,
,140mm HDPE End Cap(Moulded),,0,0,,0,0,Y,0,0,0,0,
,140MM HDPE MOULDED BEND,,0,0,,0,0,Y,0,0,0,0,
,140MM HDPE MOULDED PCN,,0,0,,0,0,Y,0,0,0,0,
,140MM HDPE MOULDED TEE,,0,0,,0,0,Y,0,0,0,0,
,140MM HDPE Pipe End PN6 PE80(Moulded),,0,0,,0,0,Y,0,0,0,0,
,140MM HDPE TAIL PIECE,,0,0,,0,0,Y,0,0,0,0,
,140MM Latch,,0,0,,0,0,Y,0,0,0,0,
,TEE(Compression Fitting)63MM,,0,0,,0,0,Y,0,0,0,0,Rajasthan
,140MM M. S. Clamp,,0,0,,0,0,Y,0,0,0,0,
,140MM PN6 PE100 HDPE BEND(FF),,0,0,,0,0,Y,0,0,0,0,
,140MM PN6 PE100 HDPE BEND(FF)45*,,0,0,,0,0,Y,0,0,0,0,
,140MM PN6 PE100 HDPE TEE(FF),,0,0,,0,0,Y,0,0,0,0,
,140MM PN6 PE80 HDPE BEND 45*(FF),,0,0,,0,0,Y,0,0,0,0,
,140MM PN6 PE80 HDPE TEE 90*(FF),,0,0,,0,0,Y,0,0,0,0,
,140mm Rubber Ring,,0,0,,0,0,Y,0,0,0,0,
,140X110MM HDPE MOULDED REDUCER,,0,0,,0,0,Y,0,0,0,0,
,140X110MM MS Reducer,,0,0,,0,0,Y,0,0,0,0,
,140X125MM HDPE MOULDED REDUCER,,0,0,,0,0,Y,0,0,0,0,
,Thinwall Emmitting Pipe(16mm 4LPH 40cm).3mm,,0,0,,0,0,Y,0,0,0,0,Rajasthan
,140X90MM HDPE MOULDED REDUCER,,0,0,,0,0,Y,0,0,0,0,
,160mm  Rubber Ring,,0,0,,0,0,Y,0,0,0,0,
,160MM HDPE  MLC,,0,0,,0,0,Y,0,0,0,0,
,160MM HDPE End Cap PN6 PE80(Moulded),,0,0,,0,0,Y,0,0,0,0,
,160mm HDPE End Cap(Moulded),,0,0,,0,0,Y,0,0,0,0,
,160mm HDPE FEB TEE,,0,0,,0,0,Y,0,0,0,0,
,160MM HDPE Flange(Moulded),,0,0,,0,0,Y,0,0,0,0,
,160MM HDPE MOULDED BEND,,0,0,,0,0,Y,0,0,0,0,
,160MM HDPE MOULDED BEND(PN6),,0,0,,0,0,Y,0,0,0,0,
,160MM HDPE MOULDED PCN,,0,0,,0,0,Y,0,0,0,0,
,Thinwall Emmitting Pipe(16mm 4LPH 40CM).4mm,,0,0,,0,0,Y,0,0,0,0,Rajasthan
,160MM HDPE MOULDED TEE,,0,0,,0,0,Y,0,0,0,0,
,160MM HDPE MOULDED TEE(PN6),,0,0,,0,0,Y,0,0,0,0,
,160MM HDPE Pipe End,,0,0,,0,0,Y,0,0,0,0,
,160MM HDPE Pipe End(Moulded),,0,0,,0,0,Y,0,0,0,0,
,160MM HDPE Tail Pices,,0,0,,0,0,Y,0,0,0,0,
,160MM Latch,,0,0,,0,0,Y,0,0,0,0,
,160MM M.S. Flange,,0,0,,0,0,Y,0,0,0,0,
,160mm NB HDPE Irrig Pipe(6Mtr)PT-1,,0,0,,0,0,Y,0,0,0,0,
,160MM PN6 PE100 HDPE BEND 45*(FF),,0,0,,0,0,Y,0,0,0,0,
,160MM PN6 PE100 HDPE BEND(FF),,0,0,,0,0,Y,0,0,0,0,
,Coupler/joiner 25MM,,32.3,0,,0,0,Y,0,0,0,0,Rajasthan
,Throttle Valve 2(PP),,774,0,,0,0,Y,0,0,0,0,Rajasthan
,160MM PN6 PE100 HDPE TEE(FF),,0,0,,0,0,Y,0,0,0,0,
,160MM PN6 PE80 HDPE BEND-90*(FF),,0,0,,0,0,Y,0,0,0,0,
,160MM PN6 PE80 HDPE TEE 90*(FF),,0,0,,0,0,Y,0,0,0,0,
,160mm Pvc Bend,,0,0,,0,0,Y,0,0,0,0,
,160X110MM HDPE MOULDED REDUCER,,0,0,,0,0,Y,0,0,0,0,
,160x110MM MS Reducer,,0,0,,0,0,Y,0,0,0,0,
,160X140MM HDPE MOULDED REDUCER,,0,0,,0,0,Y,0,0,0,0,
,160X75MM HDPE Reducer,,0,0,,0,0,Y,0,0,0,0,
,160X90mm HDPE Moulded Reducer,,0,0,,0,0,Y,0,0,0,0,
,160x90mm MS Reducer,,0,0,,0,0,Y,0,0,0,0,
,Throttle Valve 2.5(PP),,1800,0,,0,0,Y,0,0,0,0,Rajasthan
,16mm In Line Dripper (4-LPH)Round,,0,0,,0,0,Y,0,0,0,0,
,16MM In Line Dripper(2-LPH)Round,,0,0,,0,0,Y,0,0,0,0,
,16mm Inline Dripper(2.1LPH PCND)Round,,0,0,,0,0,Y,0,0,0,0,
,180MM HDPE Pipe End PN6 PE80(Moulded),,0,0,,0,0,Y,0,0,0,0,
,180MM M.S. Flange,,0,0,,0,0,Y,0,0,0,0,
,180mm NB HDPE Irrig Pipe(6Mtr)PT-1,,0,0,,0,0,Y,0,0,0,0,
,180MM PN6 PE100 HDPE BEND 45*(FF),,0,0,,0,0,Y,0,0,0,0,
,180MM PN6 PE100 HDPE BEND 90*(FF),,0,0,,0,0,Y,0,0,0,0,
,180MM PN6 PE100 HDPE TEE(FF)90*,,0,0,,0,0,Y,0,0,0,0,
,180MM PN6 PE80 HDPE BEND(FF)90*,,0,0,,0,0,Y,0,0,0,0,
,Throttle Valves 3 (PP),,1800,0,,0,0,Y,0,0,0,0,Rajasthan
,180MM PN6 PE80 HDPE TEE(FF)90*,,0,0,,0,0,Y,0,0,0,0,
,180X125MM HDPE MOULDED REDUCER,,0,0,,0,0,Y,0,0,0,0,
,180X140MM HDPE MOULDED REDUCER,,0,0,,0,0,Y,0,0,0,0,
,180x90mm HDPE Moulded Reducer,,0,0,,0,0,Y,0,0,0,0,
,200MM  HDPE FAB TEE,,0,0,,0,0,Y,0,0,0,0,
,200MM HDPE End Cap PN6 PE80(Moulded),,0,0,,0,0,Y,0,0,0,0,
,200MM HDPE ENDCAP(Moulded),,0,0,,0,0,Y,0,0,0,0,
,200MM HDPE FAB BEND,,0,0,,0,0,Y,0,0,0,0,
,200MM HDPE MLC,,0,0,,0,0,Y,0,0,0,0,
,200MM HDPE Pipe End(Moulded),,0,0,,0,0,Y,0,0,0,0,
,Vaccum Breaker Valve 0.5,,0,0,,0,0,Y,0,0,0,0,Rajasthan
,200MM HDPE TP,,0,0,,0,0,Y,0,0,0,0,
,200MM M.S. Flange,,0,0,,0,0,Y,0,0,0,0,
,200MM PN6 PE100 HDPE BEND 45*(FF),,0,0,,0,0,Y,0,0,0,0,
,200MM PN6 PE100 HDPE BEND(FF),,0,0,,0,0,Y,0,0,0,0,
,200MM PN6 PE100 HDPE TEE(FF),,0,0,,0,0,Y,0,0,0,0,
,200MM PN6 PE80 HDPE BEND (FF)90*,,0,0,,0,0,Y,0,0,0,0,
,200MM PN6 PE80 HDPE TEE(FF),,0,0,,0,0,Y,0,0,0,0,
,200mm Pvc Socket,,0,0,,0,0,Y,0,0,0,0,
,200MM Spk Latch,,0,0,,0,0,Y,0,0,0,0,
,200MM Spk Rubber Ring,,0,0,,0,0,Y,0,0,0,0,
,Ventury Ass. with Manifold & Without Rotameter 3/4,,764,0,,0,0,Y,0,0,0,0,Rajasthan
,200X125MM HDPE MOULDED REDUCER,,0,0,,0,0,Y,0,0,0,0,
,200X140MM HDPE MOULDED REDUCER,,0,0,,0,0,Y,0,0,0,0,
,200X180MM HDPE MOULDED REDUCER,,0,0,,0,0,Y,0,0,0,0,
,200x90mm HDPE  Moulded Reducer,,0,0,,0,0,Y,0,0,0,0,
,20MM INLINE DRIPPER(2LPH)ROUND,,0,0,,0,0,Y,0,0,0,0,
,20MM INLINE DRIPPER(4-LPH)ROUND,,0,0,,0,0,Y,0,0,0,0,
,20MM PN12.5 PE80,,0,0,,0,0,Y,0,0,0,0,
,225MM HDPE End Cap(Moulded),,0,0,,0,0,Y,0,0,0,0,
,225mm HDPE Pipe End(Moulded),,0,0,,0,0,Y,0,0,0,0,
,225MM M.S.FLANGE,,0,0,,0,0,Y,0,0,0,0,
,Ventury Assembly with Manifold & Rotameter 3/4,,764,0,,0,0,Y,0,0,0,0,Rajasthan
,225MM PN6 PE100 HDPE BEND(FF),,0,0,,0,0,Y,0,0,0,0,
,225MM PN6 PE100 HDPE TEE(FF),,0,0,,0,0,Y,0,0,0,0,
,225X160MM HDPE Molulded Reducer,,0,0,,0,0,Y,0,0,0,0,
,225X180MM HDPE Moulded Reducer,,0,0,,0,0,Y,0,0,0,0,
,225X90MM HDPE Moulded Reducer,,0,0,,0,0,Y,0,0,0,0,
,250mm HDPE Pipe End(Moulded),,0,0,,0,0,Y,0,0,0,0,
,250MM M.S. Flange,,0,0,,0,0,Y,0,0,0,0,
,250MM PN6 PE100 HDPE BEND 45*(FF),,0,0,,0,0,Y,0,0,0,0,
,250MM PN6 PE100 HDPE BEND(FF),,0,0,,0,0,Y,0,0,0,0,
,250MM PN6 PE100 HDPE TEE(FF),,0,0,,0,0,Y,0,0,0,0,
,Ventury Assembly with Manifold 1,,801,0,,0,0,Y,0,0,0,0,Rajasthan
,250mm Pvc Bend,,0,0,,0,0,Y,0,0,0,0,
,250X110MM HDPE Moulded Reducer,,0,0,,0,0,Y,0,0,0,0,
,250X160MM HDPE Moulded Reducer,,0,0,,0,0,Y,0,0,0,0,
,250x90mm HDPE Moulded Reducer,,0,0,,0,0,Y,0,0,0,0,
,25MM PN10 PE80,,36.87,0,,0,0,Y,0,0,0,0,
,280MM HDPE Pipe End(Moulded),,0,0,,0,0,Y,0,0,0,0,
,280MM M.S. Flange,,0,0,,0,0,Y,0,0,0,0,
,280MM PN6 PE100 HDPE BEND 45*(FF),,0,0,,0,0,Y,0,0,0,0,
,280MM PN6 PE100 HDPE BEND 90*(FF),,0,0,,0,0,Y,0,0,0,0,
,280MM PN6 PE100 HDPE TEE(FF),,0,0,,0,0,Y,0,0,0,0,
,Ventury Assembly with Manifold 1.5'',,0,0,,0,0,Y,0,0,0,0,Rajasthan
,280X90MM HDPE Moulded Reducer,,0,0,,0,0,Y,0,0,0,0,
,315MM HDPE  Pipe End(Moulded),,0,0,,0,0,Y,0,0,0,0,
,315MM M.S. Flange,,0,0,,0,0,Y,0,0,0,0,
,315MM PN6 PE100 HDPE BEND-45*(FF),,0,0,,0,0,Y,0,0,0,0,
,315MM PN6 PE100 HDPE BEND-90*(FF),,0,0,,0,0,Y,0,0,0,0,
,315MM PN6 PE100 HDPE TEE(FF),,0,0,,0,0,Y,0,0,0,0,
,315X110MM HDPE Moulded Reducer,,0,0,,0,0,Y,0,0,0,0,
,315X180MM HDPE Moulded Reducer,,0,0,,0,0,Y,0,0,0,0,
,315X225MM HDPE Moulded Reducer,,0,0,,0,0,Y,0,0,0,0,
,315X250MM HDPE Moulded Reducer,,0,0,,0,0,Y,0,0,0,0,
,Ventury Assembly with Manifold 2,,2170.2,0,,0,0,Y,0,0,0,0,Rajasthan
,315x90MM HDPE Moulded Reducer,,0,0,,0,0,Y,0,0,0,0,
,32mm Coil Nipple,,0,0,,0,0,Y,0,0,0,0,
,32mm HDPE Bend,,0,0,,0,0,Y,0,0,0,0,
,32mm HDPE Flange,,0,0,,0,0,Y,0,0,0,0,
,32mm HDPE Pipe End,,0,0,,0,0,Y,0,0,0,0,
,32mm HDPE Tee,,0,0,,0,0,Y,0,0,0,0,
,32MM PE-100-2.3A(IS:14885),,0,0,,0,0,Y,0,0,0,0,
,32MM PE-100-3.0A(IS:14885),,0,0,,0,0,Y,0,0,0,0,
,32MM PE-80-2.3A(IS:14885),,0,0,,0,0,Y,0,0,0,0,
,32MM PE-80-3.0A(IS:14885),,0,0,,0,0,Y,0,0,0,0,
,Ventury Assembly with Manifold 2.5,,3000,0,,0,0,Y,0,0,0,0,Rajasthan
,32MM PN10 PE100 N,,0,0,,0,0,Y,0,0,0,0,
,32MM PN12.5 PE100,,0,0,,0,0,Y,0,0,0,0,
,32mm PN6 PE- 63 N,,48.71,0,,0,0,Y,0,0,0,0,
,32mm PN8 PE- 80 N,,47.54,0,,0,0,Y,0,0,0,0,
,32mm Rubber Gasket,,0,0,,0,0,Y,0,0,0,0,
,355MM HDPE FAB TEE,,0,0,,0,0,Y,0,0,0,0,
,355MM HDPE PIPE END(Moulded),,0,0,,0,0,Y,0,0,0,0,
,355MM M.S. Flange,,0,0,,0,0,Y,0,0,0,0,
,355MM PN6 PE100 HDPE BEND(FF)45*,,0,0,,0,0,Y,0,0,0,0,
,355MM PN6 PE100 HDPE BEND(FF)90*,,0,0,,0,0,Y,0,0,0,0,
,Coupler/Joiner 32mm,,34.53,0,,0,0,Y,0,0,0,0,Rajasthan
,Washer Plain M-3-4-5,,0,0,,0,0,Y,0,0,0,0,Rajasthan
,355X125MM HDPE Moulded Reducer,,0,0,,0,0,Y,0,0,0,0,
,355X250MM HDPE Moulded Reducer,,0,0,,0,0,Y,0,0,0,0,
,355x315MM HDPE Moulded Reducer,,0,0,,0,0,Y,0,0,0,0,
,4 Way Fogger,,0,0,,0,0,Y,0,0,0,0,
,40MM  COIL NIPPEL S.S,,0,0,,0,0,Y,0,0,0,0,
,40mm Coil Nipple(G.I.),,0,0,,0,0,Y,0,0,0,0,
,40MM PN10 PE100 N,,0,0,,0,0,Y,0,0,0,0,
,40MM PN10 PE80,,94.04,0,,0,0,Y,0,0,0,0,
,40mm PN6 PE- 80 N,,61.76,0,,0,0,Y,0,0,0,0,
,40MM PN8 PE100 N,,0,0,,0,0,Y,0,0,0,0,
,Winder Dripline,,0,0,,0,0,Y,0,0,0,0,Rajasthan
,40MM PN8 PE80 N,,77.2,0,,0,0,Y,0,0,0,0,
,500MM HDPE Pipe End,,0,0,,0,0,Y,0,0,0,0,
,50MM B HDPE Spk Bend,,0,0,,0,0,Y,0,0,0,0,
,50MM B HDPE Spk PCN,,0,0,,0,0,Y,0,0,0,0,
,50MM B HDPE Spk Tee,,0,0,,0,0,Y,0,0,0,0,
,50mm Coil Nipple(G.I),,0,0,,0,0,Y,0,0,0,0,
,50MM Coil Nipple(S.S.),,0,0,,0,0,Y,0,0,0,0,
,50MM EPC SPK FOOT-BATTEN,,0,0,,0,0,Y,0,0,0,0,
,50MM EPC SPK LATCH,,0,0,,0,0,Y,0,0,0,0,
,50mm GI Nipple,,0,0,,0,0,Y,0,0,0,0,
,110MM HDPE Flange(Moulded),,0,0,,0,0,Y,0,0,0,0,Rajasthan
,50MM GI STEEL TUBE GROVE NIPPLE,,0,0,,0,0,Y,0,0,0,0,
,50MM GI TEE,,0,0,,0,0,Y,0,0,0,0,
,50mm HDPE Pipe End,,0,0,,0,0,Y,0,0,0,0,
,50MM HDPE Spk End Cap,,0,0,,0,0,Y,0,0,0,0,
,50MM HDPE Spk Hydrent,,0,0,,0,0,Y,0,0,0,0,
,50mm Hdpe Spk Hydrent Bend,,0,0,,0,0,Y,0,0,0,0,
,50mm HDPE SPK Tail Pice,,0,0,,0,0,Y,0,0,0,0,
,50mm MDPE End Cap,,0,0,,0,0,Y,0,0,0,0,
,50mm N HDPE SPK MLC,,0,0,,0,0,Y,0,0,0,0,
,50MM N Spk Foot Batten,,250,0,,0,0,Y,0,0,0,0,
,110MM HDPE MOULDED TEE,,0,0,,0,0,Y,0,0,0,0,Rajasthan
,50MM N SPK Latch,,0,0,,0,0,Y,0,0,0,0,
,50mm N Spk Rubber Ring,,0,0,,0,0,Y,0,0,0,0,
,50MM NB HDPE Irrig Pipe (5mtr) PT-II,,0,0,,0,0,Y,0,0,0,0,
,50MM NB HDPE Irrig Pipe (6mtr) PT-II,,0,0,,0,0,Y,0,0,0,0,
,50MM NR HDPE Spk Adopter,,0,0,,0,0,Y,0,0,0,0,
,50MM NR HDPE Spk Bend,,0,0,,0,0,Y,0,0,0,0,
,50MM NR HDPE Spk PCN,,0,0,,0,0,Y,0,0,0,0,
,50MM NR HDPE Spk Pipe 3Mtr,,0,0,,0,0,Y,0,0,0,0,
,50MM NR HDPE Spk Pipe 6Mtr,,0,0,,0,0,Y,0,0,0,0,
,50MM NR HDPE Spk Tee,,0,0,,0,0,Y,0,0,0,0,
,110MM HDPE MOULDED TEE(PN6),,0,0,,0,0,Y,0,0,0,0,Rajasthan
,50MM PN10 PE100 N,,0,0,,0,0,Y,0,0,0,0,
,50MM PN10 PE100 N-1,,0,0,,0,0,Y,0,0,0,0,
,50mm PN10 PE-80 N,,138.79,0,,0,0,Y,0,0,0,0,
,50MM PN12.5 PE100 N,,0,0,,0,0,Y,0,0,0,0,
,50MM PN12.5 PE-80 N,,0,0,,0,0,Y,0,0,0,0,
,50mm PN4 PE- 63 N,,77.02,0,,0,0,Y,0,0,0,0,
,50mm PN6 PE- 80 N,,91.63,0,,0,0,Y,0,0,0,0,
,50mm PN8 PE- 80 N,,117.23,0,,0,0,Y,0,0,0,0,
,50MM PN8 PE-100 N,,0,0,,0,0,Y,0,0,0,0,
,50MM Spk PCN Nipple,,0,0,,0,0,Y,0,0,0,0,
,110MM HDPE Pipe End PN6 PE80(Moulded),,0,0,,0,0,Y,0,0,0,0,Rajasthan
,63 MM NE HOOK ONLY,,0,0,,0,0,Y,0,0,0,0,
,63MM  SPK Pcn Nipple,,0,0,,0,0,Y,0,0,0,0,
,63MM B HDPE Spk PCN,,0,0,,0,0,Y,0,0,0,0,
,63MM B HDPE Spk Tee,,0,0,,0,0,Y,0,0,0,0,
,63mm B MDPE Spk Bend,,0,0,,0,0,Y,0,0,0,0,
,63mm Coil Nipple (S.S),,0,0,,0,0,Y,0,0,0,0,
,63mm Coil Nipple(G.I.),,0,0,,0,0,Y,0,0,0,0,
,63MM HDPE  Pipe End,,0,0,,0,0,Y,0,0,0,0,
,63mm HDPE Moulded Bend,,0,0,,0,0,Y,0,0,0,0,
,63MM HDPE Pipe for Main Line(3.2kg/cm2),,69,0,,0,0,Y,0,0,0,0,
,110MM HDPE Pipe End(Moulded),,0,0,,0,0,Y,0,0,0,0,Rajasthan
,63mm HDPE Spk Hydrent Bend,,0,0,,0,0,Y,0,0,0,0,
,63MM HDPE Spk Hydrents,,0,0,,0,0,Y,0,0,0,0,
,63mm HDPE Spk Irrig Pipe(1-ft)PT-II(Sample),,0,0,,0,0,Y,0,0,0,0,
,63mm HDPE Spk PCN-Cap,,0,0,,0,0,Y,0,0,0,0,
,63MM HDPE Spk Tail Pice,,0,0,,0,0,Y,0,0,0,0,
,63mm MDPE End Cap,,0,0,,0,0,Y,0,0,0,0,
,63MM N  SPK Foot Batten,,250,0,,0,0,Y,0,0,0,0,
,63MM N  SPK Latch,,0,0,,0,0,Y,0,0,0,0,
,63MM N  SPK Rubber Ring,,0,0,,0,0,Y,0,0,0,0,
,63mm N1B HDPE Irrig Pipe(6mtr) PT- II,,0,0,,0,0,Y,0,0,0,0,
,110MM PN10 PE100 HDPE BEND-90*(FF),,0,0,,0,0,Y,0,0,0,0,Rajasthan
,63mm N3B HDPE Irrig Pipe(6Mtr) PT-II,,0,0,,0,0,Y,0,0,0,0,
,63mm NB HDPE Irrig Pipe(3mtr) PT- II,,0,0,,0,0,Y,0,0,0,0,
,63mm NB HDPE Irrig Pipe(6mtr) PT- II,,0,0,,0,0,Y,0,0,0,0,
,63mm NE HDPE Spk Adopter,,0,0,,0,0,Y,0,0,0,0,
,63mm NE HDPE Spk Bend,,0,0,,0,0,Y,0,0,0,0,
,63mm NE HDPE Spk End Cap,,0,0,,0,0,Y,0,0,0,0,
,63MM NE HDPE SPK MLC,,0,0,,0,0,Y,0,0,0,0,
,63mm NE HDPE Spk PCN,,0,0,,0,0,Y,0,0,0,0,
,63mm NE HDPE Spk Pipe 3mtr,,0,0,,0,0,Y,0,0,0,0,
,63mm NE HDPE Spk Pipe 4mtr,,0,0,,0,0,Y,0,0,0,0,
,110MM PN10 PE100 HDPE ENDCAP(FF),,0,0,,0,0,Y,0,0,0,0,Rajasthan
,63mm NE HDPE Spk Pipe 6mtr,,0,0,,0,0,Y,0,0,0,0,
,63mm NE HDPE Spk Tee,,0,0,,0,0,Y,0,0,0,0,
,63mm PCN CLAMP/CLIP,,0,0,,0,0,Y,0,0,0,0,
,63MM PN10 PE-100 N,,0,0,,0,0,Y,0,0,0,0,
,63MM PN10 PE100 N1,,0,0,,0,0,Y,0,0,0,0,
,63MM PN12.5 PE100 N,,0,0,,0,0,Y,0,0,0,0,
,63mm PN4 PE- 63 N,,118.28,0,,0,0,Y,0,0,0,0,
,63mm PN6 PE- 80 N,,142.83,0,,0,0,Y,0,0,0,0,
,63MM PN6 PE100 N,,0,0,,0,0,Y,0,0,0,0,
,63mm PN8 PE- 80 N,,181.9,0,,0,0,Y,0,0,0,0,
,110MM PN10 PE100 HDPE TEE(FF),,0,0,,0,0,Y,0,0,0,0,Rajasthan
,63MM PN8 PE-100 N,,0,0,,0,0,Y,0,0,0,0,
,63MM PN8 PE100 N1,,0,0,,0,0,Y,0,0,0,0,
,63MM PVC Flange,,0,0,,0,0,Y,0,0,0,0,
,63MM PVC Tail Piece,,0,0,,0,0,Y,0,0,0,0,
,63mm Spk Foot Batten(PP),,0,0,,0,0,Y,0,0,0,0,
,63MM SPK PCN Nipple(Short),,0,0,,0,0,Y,0,0,0,0,
,63x50mm MDPE Reducer,,0,0,,0,0,Y,0,0,0,0,
,75MM AVL Spk Foot Batten,,0,0,,0,0,Y,0,0,0,0,
,75MM B HDPE Fab Bend,,0,0,,0,0,Y,0,0,0,0,
,75MM B HDPE Spk PCN,,0,0,,0,0,Y,0,0,0,0,
,Coupler/joiner 50mm,,0,0,,0,0,Y,0,0,0,0,Rajasthan
,110MM PN10 PE-100 N(ISO:4427),,0,0,,0,0,Y,0,0,0,0,Rajasthan
,75MM BATTEN ONLY,,0,0,,0,0,Y,0,0,0,0,
,75MM COIL NIPPLE (G.I),,0,0,,0,0,Y,0,0,0,0,
,75MM COIL NIPPLE (SS-12),,0,0,,0,0,Y,0,0,0,0,
,75mm Epc Spk Rubber Ring,,0,0,,0,0,Y,0,0,0,0,
,75MM GI NIPPEL,,0,0,,0,0,Y,0,0,0,0,
,75MM HDPE Feb Tee(PF),,0,0,,0,0,Y,0,0,0,0,
,75MM HDPE Pipe for Main Line(2.5kg/cm2),,79,0,,0,0,Y,0,0,0,0,
,75MM HDPE Spk Connector,,0,0,,0,0,Y,0,0,0,0,
,75mm HDPE Spk Hydrent Bend,,0,0,,0,0,Y,0,0,0,0,
,75MM HDPE Spk Hydrents,,0,0,,0,0,Y,0,0,0,0,
,110MM PN10 PE-100 N(ISO:4427)-FF,,0,0,,0,0,Y,0,0,0,0,Rajasthan
,75mm HDPE Spk Irrig Pipe(1-ft)PT-II(Sample),,0,0,,0,0,Y,0,0,0,0,
,75MM HDPE Spk PCN-CAP,,0,0,,0,0,Y,0,0,0,0,
,75MM HDPE Spk Tail Piece,,0,0,,0,0,Y,0,0,0,0,
,75MM M.S FLANECH,,0,0,,0,0,Y,0,0,0,0,
,75mm MDPE End Cap,,0,0,,0,0,Y,0,0,0,0,
,75mm N Spk Foot Batten,,300,0,,0,0,Y,0,0,0,0,
,75MM N SPK Rubber Ring,,0,0,,0,0,Y,0,0,0,0,
,75mm N1 Spk Foot Batten,,0,0,,0,0,Y,0,0,0,0,
,75MM N1 SPK Rubber Ring,,0,0,,0,0,Y,0,0,0,0,
,75mm N1B HDPE Irrig Pipe(6mtr) PT- II,,0,0,,0,0,Y,0,0,0,0,
,110mm PN6 PE- 80 N,,431.18,0,,0,0,Y,0,0,0,0,Rajasthan
,75MM N1B(3.2KG) HDPE Irrrig Pipe(6mtr)PT-II,,0,0,,0,0,Y,0,0,0,0,
,75mm N1E Spk Latch,,0,0,,0,0,Y,0,0,0,0,
,75mm N2R HDPE Spk MLC,,0,0,,0,0,Y,0,0,0,0,
,75mm N3B HDPE Irrig Pipe(6mtr) PT- II,,0,0,,0,0,Y,0,0,0,0,
,75mm NB HDPE Irrig Pipe(6mtr) PT- II,,0,0,,0,0,Y,0,0,0,0,
,75mm NB(3.2Kg) HDPE Irrig Pipe (6Mtr)PT-II,,0,0,,0,0,Y,0,0,0,0,
,75mm NB(4Kg) HDPE Irrig Pipe (6Mtr)PT-II,,0,0,,0,0,Y,0,0,0,0,
,75mm NE HDPE Spk Adopter,,0,0,,0,0,Y,0,0,0,0,
,75mm NE HDPE Spk Bend,,0,0,,0,0,Y,0,0,0,0,
,75mm NE HDPE Spk End Cap,,0,0,,0,0,Y,0,0,0,0,
,110MM PN6 PE100 HDPE BEND(FF),,0,0,,0,0,Y,0,0,0,0,Rajasthan
,75MM NE HDPE Spk MLC,,0,0,,0,0,Y,0,0,0,0,
,75mm NE HDPE Spk PCN,,0,0,,0,0,Y,0,0,0,0,
,75mm NE HDPE Spk Pipe 3mtr,,0,0,,0,0,Y,0,0,0,0,
,75mm NE HDPE Spk Pipe 6mtr,,0,0,,0,0,Y,0,0,0,0,
,75mm NE HDPE Spk Tee,,0,0,,0,0,Y,0,0,0,0,
,75mm NE Spk Latch,,0,0,,0,0,Y,0,0,0,0,
,75mm NE(3.2Kg) HDPE Spk Pipe 6Mtr,,0,0,,0,0,Y,0,0,0,0,
,75mm NR HDPE Spk Adopter,,0,0,,0,0,Y,0,0,0,0,
,75mm NR HDPE Spk Bend,,0,0,,0,0,Y,0,0,0,0,
,75mm NR HDPE Spk MLC,,0,0,,0,0,Y,0,0,0,0,
,110MM PN6 PE100 HDPE BEND(FF)45*,,0,0,,0,0,Y,0,0,0,0,Rajasthan
,75mm NR HDPE Spk PCN,,0,0,,0,0,Y,0,0,0,0,
,75mm NR HDPE Spk Pipe 3mtr,,0,0,,0,0,Y,0,0,0,0,
,75mm NR HDPE Spk Pipe 6mtr,,0,0,,0,0,Y,0,0,0,0,
,75mm NR HDPE Spk Tee,,0,0,,0,0,Y,0,0,0,0,
,75mm NR Spk Latch,,0,0,,0,0,Y,0,0,0,0,
,75mm NR Spk Latch (Spl),,0,0,,0,0,Y,0,0,0,0,
,75MM PCN CLAMP/CLIP,,0,0,,0,0,Y,0,0,0,0,
,75MM PN10 PE100 N,,0,0,,0,0,Y,0,0,0,0,
,75MM PN12.5 PE100 N,,0,0,,0,0,Y,0,0,0,0,
,75MM PN12.5 PE100 N1,,0,0,,0,0,Y,0,0,0,0,
,110MM PN6 PE100 HDPE PIPE END,,0,0,,0,0,Y,0,0,0,0,Rajasthan
,75mm PN4 PE- 63 N,,169.96,0,,0,0,Y,0,0,0,0,
,75mm PN6 PE- 63 N,,240.68,0,,0,0,Y,0,0,0,0,
,75mm PN6 PE- 80 N,,203.46,0,,0,0,Y,0,0,0,0,
,75MM PN6 PE100 N,,0,0,,0,0,Y,0,0,0,0,
,75mm PN8 PE- 80 N,,257.36,0,,0,0,Y,0,0,0,0,
,75MM PN8 PE100 N,,0,0,,0,0,Y,0,0,0,0,
,75MM Spk Foot Batten(PP),,0,0,,0,0,Y,0,0,0,0,
,75MM SPK PCN NIPPLE,,0,0,,0,0,Y,0,0,0,0,
,75MM SPK PCN NIPPLE-SHORT(M.S. COUPLER),,0,0,,0,0,Y,0,0,0,0,
,75MM Spk Plain Rubber Ring,,0,0,,0,0,Y,0,0,0,0,
,110MM PN6 PE100 HDPE TEE(FF),,0,0,,0,0,Y,0,0,0,0,Rajasthan
,75x40mm HDPE Bush PCN,,0,0,,0,0,Y,0,0,0,0,
,75x63MM HDPE MOULDED REDUCER,,0,0,,0,0,Y,0,0,0,0,
,75x63mm HDPE Spk Reducer(E/R),,0,0,,0,0,Y,0,0,0,0,
,75x63mm MDPE Reducer,,0,0,,0,0,Y,0,0,0,0,
,90MM  HDPE Spk End Cap,,0,0,,0,0,Y,0,0,0,0,
,90mm B HDPE Spk PCN,,0,0,,0,0,Y,0,0,0,0,
,90mm B HDPE Spk Tee,,0,0,,0,0,Y,0,0,0,0,
,90MM COIL NIPPLE(G.I.),,0,0,,0,0,Y,0,0,0,0,
,90MM COIL NIPPLE(SS-12),,0,0,,0,0,Y,0,0,0,0,
,90MM HDPE Irrig Pipe for Hydrant(MTR),,0,0,,0,0,Y,0,0,0,0,
,110MM PN6 PE-100 N,,0,0,,0,0,Y,0,0,0,0,Rajasthan
,90MM HDPE MOULDED BEND,,0,0,,0,0,Y,0,0,0,0,
,90MM HDPE MOULDED PIPE END,,0,0,,0,0,Y,0,0,0,0,
,90MM HDPE MOULDED TEE,,0,0,,0,0,Y,0,0,0,0,
,90MM HDPE Pipe End PN6 PE80(Moulded),,0,0,,0,0,Y,0,0,0,0,
,90MM HDPE Pipe End(Moulded),,0,0,,0,0,Y,0,0,0,0,
,90mm HDPE Spk Connector,,0,0,,0,0,Y,0,0,0,0,
,90mm HDPE Spk Hydrent Bend,,0,0,,0,0,Y,0,0,0,0,
,90MM HDPE Spk Hydrents,,0,0,,0,0,Y,0,0,0,0,
,90MM HDPE Spk Irrig Pipe(1-ft)PT-II(Sample),,0,0,,0,0,Y,0,0,0,0,
,90mm HDPE Spk PCN Cap,,0,0,,0,0,Y,0,0,0,0,
,110MM PN6 PE80 HDPE BEND(FF)45*,,0,0,,0,0,Y,0,0,0,0,Rajasthan
,90mm HDPE Spk T.P.,,0,0,,0,0,Y,0,0,0,0,
,90mm N Spk Foot Batten,,430,0,,0,0,Y,0,0,0,0,
,90MM N SPK Rubber Ring,,0,0,,0,0,Y,0,0,0,0,
,90mm N2R HDPE Spk MLC,,0,0,,0,0,Y,0,0,0,0,
,90mm NB HDPE Irrig Pipe(6mtr) PT- II,,0,0,,0,0,Y,0,0,0,0,
,90mm NB(3.2KG) HDPE Irrig Pipe (6Mtr) PT-II,,0,0,,0,0,Y,0,0,0,0,
,90mm NB(4kg)HDPE Irrig Pipe(6mtr) PT- I,,0,0,,0,0,Y,0,0,0,0,
,90mm NE HDPE Spk Adopter,,0,0,,0,0,Y,0,0,0,0,
,90mm NE HDPE Spk Bend,,0,0,,0,0,Y,0,0,0,0,
,90mm NE HDPE Spk MLC,,0,0,,0,0,Y,0,0,0,0,
,125MM HDPE End Cap PN6 PE80(Moulded),,0,0,,0,0,Y,0,0,0,0,Rajasthan
,90mm NE HDPE Spk Pipe 3mtr,,0,0,,0,0,Y,0,0,0,0,
,90mm NE HDPE Spk Pipe 6mtr,,0,0,,0,0,Y,0,0,0,0,
,90mm NE HDPE Spk Tee,,0,0,,0,0,Y,0,0,0,0,
,90mm NE Spk Latch,,0,0,,0,0,Y,0,0,0,0,
,90mm NR HDPE Spk Adopter,,0,0,,0,0,Y,0,0,0,0,
,90mm NR HDPE Spk Bend,,0,0,,0,0,Y,0,0,0,0,
,90mm NR HDPE Spk MLC,,0,0,,0,0,Y,0,0,0,0,
,90mm NR HDPE Spk Tee,,0,0,,0,0,Y,0,0,0,0,
,90mm NR Spk Latch,,0,0,,0,0,Y,0,0,0,0,
,90mm NR(3.2kg)HDPE Spk Pipe 6Mtr,,0,0,,0,0,Y,0,0,0,0,
,16mm In Line Dripper (4-LPH)Round,,0,0,,0,0,Y,0,0,0,0,Rajasthan
,Coupler/Joiner 63mm,,0,0,,0,0,Y,0,0,0,0,Rajasthan
,125mm HDPE End Cap(Moulded),,0,0,,0,0,Y,0,0,0,0,Rajasthan
,90mm NR(4kg)HDPE Spk Pipe 6Mtr,,165,0,,0,0,Y,0,0,0,0,
,90MM PN10 PE-100 N(ISO:4427),,0,0,,0,0,Y,0,0,0,0,
,90mm PN6 PE- 80 N,,288.35,0,,0,0,Y,0,0,0,0,
,90mm PN6 PE- 80 N(FF),,0,0,,0,0,Y,0,0,0,0,
,90MM PN6 PE100 HDPE TEE(FF)90*,,0,0,,0,0,Y,0,0,0,0,
,90MM PN6 PE-100 N,,0,0,,0,0,Y,0,0,0,0,
,90MM PN6 PE80 HDPE BEND(FF),,0,0,,0,0,Y,0,0,0,0,
,90MM PN6 PE80 HDPE TEE(FF),,0,0,,0,0,Y,0,0,0,0,
,90MM Spk Hook Only,,0,0,,0,0,Y,0,0,0,0,
,90MM SPK PCN NIPPLE,,0,0,,0,0,Y,0,0,0,0,
,125MM HDPE MOULDED BEND,,0,0,,0,0,Y,0,0,0,0,Rajasthan
,90x75mm HDPE Reducer(PF),,0,0,,0,0,Y,0,0,0,0,
,90x75mm HDPE Spk Reducer(B),,0,0,,0,0,Y,0,0,0,0,
,90x75MM HDPE Spk Reducer(E/R),,0,0,,0,0,Y,0,0,0,0,
,Air Release Valve 1,,157,0,,0,0,Y,0,0,0,0,
,Air Release Valve 1.5 (HT-89),,0,0,,0,0,Y,0,0,0,0,
,Air Release Valve 3/4,,157,0,,0,0,Y,0,0,0,0,
,Back Flush Assembly for Sand Filter 2,,0,0,,0,0,Y,0,0,0,0,
,Back Flush Assembly for Sand Filter 2.5,,0,0,,0,0,Y,0,0,0,0,
,Back Flush Assembly for Sand Filter 3,,0,0,,0,0,Y,0,0,0,0,
,Ball Valve 1/2(Brass),,0,0,,0,0,Y,0,0,0,0,
,125MM HDPE MOULDED TEE,,0,0,,0,0,Y,0,0,0,0,Rajasthan
,Butterfly Valve 2,,1609,0,,0,0,Y,0,0,0,0,
,Butterfly Valve 2.5,,1709,0,,0,0,Y,0,0,0,0,
,Butterfly Valve 3,,2293,0,,0,0,Y,0,0,0,0,
,Butterfly Valve 4,,0,0,,0,0,Y,0,0,0,0,
,Butterfly Valve 5,,0,0,,0,0,Y,0,0,0,0,
,Butterfly Valve 6,,0,0,,0,0,Y,0,0,0,0,
,By Pass Assembly 2.5''(PP),,0,0,,0,0,Y,0,0,0,0,
,By Pass Assembly 2.5x2(M.S.),,0,0,,0,0,Y,0,0,0,0,
,By Pass Assembly 2X1.5(M.S.),,0,0,,0,0,Y,0,0,0,0,
,By Pass Assembly 2x1.5''(PP),,0,0,,0,0,Y,0,0,0,0,
,125MM HDPE Pipe End PN6 PE80(Moulded),,0,0,,0,0,Y,0,0,0,0,Rajasthan
,By Pass Assembly 3''(PP),,0,0,,0,0,Y,0,0,0,0,
,By Pass Assembly 3''x2(M.S.),,0,0,,0,0,Y,0,0,0,0,
,By Pass Threaded Tee with Flange End 2.5(PP),,0,0,,0,0,Y,0,0,0,0,
,By Pass Threaded Tee with Flange End 3 (PP),,0,0,,0,0,Y,0,0,0,0,
,By Pass Threaded Tee Without  Flange End 2 (PP),,0,0,,0,0,Y,0,0,0,0,
,Clamp  for Hydrocyclone Filter,,0,0,,0,0,Y,0,0,0,0,
,Clamp SS(4),,0,0,,0,0,Y,0,0,0,0,
,Copper Rivit(For Coil Nipple),,0,0,,0,0,Y,0,0,0,0,
,Copper Wire,,0,0,,0,0,Y,0,0,0,0,
,Core-Cap,,0,0,,0,0,Y,0,0,0,0,
,125MM PN6 PE100 HDPE BEND-45*(FF),,0,0,,0,0,Y,0,0,0,0,Rajasthan
,Coupler/joiner 110MM,,0,0,,0,0,Y,0,0,0,0,
,Coupler/joiner 25MM,,32.3,0,,0,0,Y,0,0,0,0,
,Coupler/Joiner 32mm,,34.53,0,,0,0,Y,0,0,0,0,
,Coupler/joiner 50mm,,0,0,,0,0,Y,0,0,0,0,
,Coupler/Joiner 63mm,,0,0,,0,0,Y,0,0,0,0,
,Coupler/joiner 75mm,,0,0,,0,0,Y,0,0,0,0,
,Coupler/joiner 90mm,,0,0,,0,0,Y,0,0,0,0,
,D-Coiler,,0,0,,0,0,Y,0,0,0,0,
,Dhaga Sutta(MI),,0,0,,0,0,Y,0,0,0,0,
,Disc Filter 20m3/hrx2(PP),,4549,0,,0,0,Y,0,0,0,0,
,125MM PN6 PE100 HDPE TEE(FF),,0,0,,0,0,Y,0,0,0,0,Rajasthan
,Disc Filter 25m3/hrx2(HT-134TS),,3630.6,0,,0,0,Y,0,0,0,0,
,Disc Filter 30m3/hr x 2.5(HT-135T),,3630.6,0,,0,0,Y,0,0,0,0,
,Disc Filter 40m3/hrx2.5(PP),,3816,0,,0,0,Y,0,0,0,0,
,Disc Filter 40m3/hrx3(PP),,6051,0,,0,0,Y,0,0,0,0,
,Disc Filter 50m3/hr X3(Metal),,0,0,,0,0,Y,0,0,0,0,
,Disc Filter 50m3/hrx3(HT-136T)-Plastic,,3816,0,,0,0,Y,0,0,0,0,
,DN110 PE100 PN 8 HDPE PIPE,,0,0,,0,0,Y,0,0,0,0,
,DN110 PE100 PN10 HDPE PIPE,,0,0,,0,0,Y,0,0,0,0,
,DN110 PE100 PN6 HDPE PIPE(FF),,0,0,,0,0,Y,0,0,0,0,
,DN110 PE-100 PN6 N HDPE PIPE,,0,0,,0,0,Y,0,0,0,0,
,125MM PN6 PE80 HDPE BEND 45*(FF),,0,0,,0,0,Y,0,0,0,0,Rajasthan
,DN110 PE80 PN6 HDPE PIPE(FF),,0,0,,0,0,Y,0,0,0,0,
,DN110 PE80 PN6 N HDPE PIPE,,0,0,,0,0,Y,0,0,0,0,
,DN125 PE100 PN6 HDPE PIPE(FF),,0,0,,0,0,Y,0,0,0,0,
,DN125 PE100 PN6 N HDPE PIPE,,0,0,,0,0,Y,0,0,0,0,
,DN125 PE100-11.4A (IS:14885),,0,0,,0,0,Y,0,0,0,0,
,DN125 PE100-7.1A (IS:14885),,0,0,,0,0,Y,0,0,0,0,
,DN125 PE80 PN6 HDPE PIPE,,0,0,,0,0,Y,0,0,0,0,
,DN125 PE80 PN6 HDPE PIPE(FF),,0,0,,0,0,Y,0,0,0,0,
,DN125 PE80-11.4A (IS:14885),,0,0,,0,0,Y,0,0,0,0,
,DN125 PE80-7.1A (IS:14885),,0,0,,0,0,Y,0,0,0,0,
,125X110MM HDPE MOULDED REDUCER,,0,0,,0,0,Y,0,0,0,0,Rajasthan
,DN140 PE100 PN4 N HDPE PIPE,,0,0,,0,0,Y,0,0,0,0,
,DN140 PE100 PN6  HDPE PIPE(FF),,0,0,,0,0,Y,0,0,0,0,
,DN140 PE100 PN6 N HDPE PIPE,,0,0,,0,0,Y,0,0,0,0,
,DN140 PE100 PN8 HDPE PIPE,,0,0,,0,0,Y,0,0,0,0,
,DN140 PE80 PN6 N HDPE PIPE,,0,0,,0,0,Y,0,0,0,0,
,DN160 PE100 PN10 N HDPE PIPE,,0,0,,0,0,Y,0,0,0,0,
,DN160 PE100 PN12.5 N HDPE PIPE(ISO:4427),,0,0,,0,0,Y,0,0,0,0,
,DN160 PE100 PN16 N HDPE PIPE(ISO:4427),,0,0,,0,0,Y,0,0,0,0,
,DN160 PE100 PN6  HDPE PIPE(FF),,0,0,,0,0,Y,0,0,0,0,
,DN160 PE100 PN6 N HDPE PIPE,,0,0,,0,0,Y,0,0,0,0,
,125X90MM HDPE MOULDED REDUCER,,0,0,,0,0,Y,0,0,0,0,Rajasthan
,DN160 PE100 PN8 N HDPE PIPE,,0,0,,0,0,Y,0,0,0,0,
,DN160 PE100 PN8 N HDPE PIPE(FF),,0,0,,0,0,Y,0,0,0,0,
,DN160 PE80 PN6 N HDPE PIPE,,0,0,,0,0,Y,0,0,0,0,
,DN160 PE80 PN6 N HDPE PIPE(FF),,0,0,,0,0,Y,0,0,0,0,
,DN180 PE100 PN6 HDPE PIPE(FF),,0,0,,0,0,Y,0,0,0,0,
,DN180 PE100 PN6 N HDPE PIPE,,0,0,,0,0,Y,0,0,0,0,
,DN180 PE100 PN8 HDPE PIPE,,0,0,,0,0,Y,0,0,0,0,
,DN180 PE80 PN6 HDPE PIPE,,0,0,,0,0,Y,0,0,0,0,
,DN180 PE80 PN6 HDPE PIPE(FF),,0,0,,0,0,Y,0,0,0,0,
,DN200 PE100 PN10 N HDPE PIPE,,0,0,,0,0,Y,0,0,0,0,
,140MM HDPE End Cap PN6 PE80(Moulded),,0,0,,0,0,Y,0,0,0,0,Rajasthan
,DN200 PE100 PN6 HDPE PIPE(FF),,0,0,,0,0,Y,0,0,0,0,
,DN200 PE100 PN6 N HDPE PIPE,,0,0,,0,0,Y,0,0,0,0,
,DN200 PE100 PN8 HDPE PIPE,,0,0,,0,0,Y,0,0,0,0,
,DN200 PE80 PN6 HDPE PIPE(FF),,0,0,,0,0,Y,0,0,0,0,
,DN200 PE80 PN6 N HDPE PIPE,,0,0,,0,0,Y,0,0,0,0,
,DN225 PE100 PN6 HDPE PIPE(FF),,0,0,,0,0,Y,0,0,0,0,
,DN225 PE100 PN6 N HDPE PIPE,,0,0,,0,0,Y,0,0,0,0,
,DN225 PE80 PN6 HDPE PIPE,,0,0,,0,0,Y,0,0,0,0,
,DN225 PE80 PN6 HDPE PIPE(FF),,0,0,,0,0,Y,0,0,0,0,
,DN250 PE100 PN10 HDPE PIPE,,0,0,,0,0,Y,0,0,0,0,
,Coupler/joiner 75mm,,0,0,,0,0,Y,0,0,0,0,Rajasthan
,140mm HDPE End Cap(Moulded),,0,0,,0,0,Y,0,0,0,0,Rajasthan
,DN250 PE100 PN6 HDPE PIPE(FF),,0,0,,0,0,Y,0,0,0,0,
,DN250 PE100 PN6 N HDPE PIPE,,0,0,,0,0,Y,0,0,0,0,
,DN280 PE100 PN6 HDPE PIPE(FF),,0,0,,0,0,Y,0,0,0,0,
,DN280 PE100 PN6 N HDPE PIPE,,0,0,,0,0,Y,0,0,0,0,
,DN315 PE100 PN16 HDPE PIPE,,0,0,,0,0,Y,0,0,0,0,
,DN315 PE100 PN6 HDPE PIPE(FF),,0,0,,0,0,Y,0,0,0,0,
,DN315 PE100 PN6 N HDPE PIPE,,0,0,,0,0,Y,0,0,0,0,
,DN315 PE100 PN8 N HDPE PIPE,,0,0,,0,0,Y,0,0,0,0,
,DN355 PE100 PN6 HDPE PIPE(FF),,0,0,,0,0,Y,0,0,0,0,
,DN355 PE100 PN6 N HDPE PIPE,,0,0,,0,0,Y,0,0,0,0,
,140MM HDPE MOULDED BEND,,0,0,,0,0,Y,0,0,0,0,Rajasthan
,DN400 PE100 PN10 HDPE PIPE,,0,0,,0,0,Y,0,0,0,0,
,DN450 PE80 PN4 N HDPE PIPE,,0,0,,0,0,Y,0,0,0,0,
,DN500 PE100 PN8 N HDPE PIPE,,0,0,,0,0,Y,0,0,0,0,
,DN75 PE100 PN6 HDPE PIPE,,0,0,,0,0,Y,0,0,0,0,
,DN90 PE100 PN10 N HDPE PIPE,,0,0,,0,0,Y,0,0,0,0,
,DN90 PE100 PN6 N HDPE PIPE,,0,0,,0,0,Y,0,0,0,0,
,DN90 PE100 PN6 N HDPE PIPE(FF),,0,0,,0,0,Y,0,0,0,0,
,DN90 PE80 PN6 N HDPE PIPE,,0,0,,0,0,Y,0,0,0,0,
,Drill/inject Lateral Punch 3mm(PVC),,0,0,,0,0,Y,0,0,0,0,
,Drill/inject Lateral Punch 4mm(PVC),,0,0,,0,0,Y,0,0,0,0,
,140MM HDPE MOULDED PCN,,0,0,,0,0,Y,0,0,0,0,Rajasthan
,Drill/Inject Punch 10mm,,0,0,,0,0,Y,0,0,0,0,
,Drill/inject Punch 12mm(Metal),,0,0,,0,0,Y,0,0,0,0,
,Drill/inject Punch 16mm(Metal),,0,0,,0,0,Y,0,0,0,0,
,Drill/inject Punch 18mm(Metal),,0,0,,0,0,Y,0,0,0,0,
,Drill/inject Punch 25mm(Metal),,0,0,,0,0,Y,0,0,0,0,
,Drill/Inject Punch 3mm(Metal),,0,0,,0,0,Y,0,0,0,0,
,Drill/Inject Punch 4mm(Metal),,0,0,,0,0,Y,0,0,0,0,
,Drill/Inject Punch 8mm(Metal),,0,0,,0,0,Y,0,0,0,0,
,Drip Sample Kit,,0,0,,0,0,Y,0,0,0,0,
,Dripper Plug 2.5mm,,0,0,,0,0,Y,0,0,0,0,
,140MM HDPE MOULDED TEE,,0,0,,0,0,Y,0,0,0,0,Rajasthan
,Elbow 110mm PVC,,0,0,,0,0,Y,0,0,0,0,
,Elbow 110mm(PP),,0,0,,0,0,Y,0,0,0,0,
,Elbow 12mm(PP),,2.47,0,,0,0,Y,0,0,0,0,
,Elbow 140mm(PVC),,0,0,,0,0,Y,0,0,0,0,
,Elbow 160mm PVC,,0,0,,0,0,Y,0,0,0,0,
,Elbow 16mm(PP),,2.69,0,,0,0,Y,0,0,0,0,
,Elbow 20mm(Double Compression),,0,0,,0,0,Y,0,0,0,0,
,Elbow 25mm x 1 Threaded,,30.07,0,,0,0,Y,0,0,0,0,
,Elbow 32MM PVC,,0,0,,0,0,Y,0,0,0,0,
,Elbow 32mmx1 Threaded,,36.76,0,,0,0,Y,0,0,0,0,
,140MM HDPE Pipe End PN6 PE80(Moulded),,0,0,,0,0,Y,0,0,0,0,Rajasthan
,Elbow 40mm  PVC,,0,0,,0,0,Y,0,0,0,0,
,ELBOW 50MM PVC,,0,0,,0,0,Y,0,0,0,0,
,Elbow 50mm(PP-CF),,0,0,,0,0,Y,0,0,0,0,
,Elbow 63mm  PVC,,0,0,,0,0,Y,0,0,0,0,
,Elbow 63mm(PP-CF),,0,0,,0,0,Y,0,0,0,0,
,Elbow 75mm PVC,,0,0,,0,0,Y,0,0,0,0,
,Elbow 75mm(PP-CF),,0,0,,0,0,Y,0,0,0,0,
,Elbow 90mm PVC,,0,0,,0,0,Y,0,0,0,0,
,Elbow 90mm(PP-CF),,0,0,,0,0,Y,0,0,0,0,
,Elbow GI 20MM,,0,0,,0,0,Y,0,0,0,0,
,140MM PN6 PE100 HDPE BEND(FF),,0,0,,0,0,Y,0,0,0,0,Rajasthan
,Elbow(CF-PP)20MM,,0,0,,0,0,Y,0,0,0,0,
,Emmitting Pipe (16mm 4LPH 30cm)R Hybrid-Eco,,12.25,0,,0,0,Y,0,0,0,0,
,Emmitting Pipe (16mm 4LPh 40cm) R Hybrid-Eco,,11.4,0,,0,0,Y,0,0,0,0,
,Emmitting Pipe CL-II (16mm 2Lph 40Cm)Round,,11.4,0,,0,0,Y,0,0,0,0,
,Emmitting Pipe CL-II (16mm 2Lph 60cm ) Flat,,11.29,0,,0,0,Y,0,0,0,0,
,Emmitting Pipe CL-II (16mm 2Lph 60cm )Round,,10.65,0,,0,0,Y,0,0,0,0,
,Emmitting Pipe CL-II(12mm 2LPH 40cm)Flat,,8.19,0,,0,0,Y,0,0,0,0,
,Emmitting Pipe CL-II(12mm 2LPH 40cm)Round,,8.19,0,,0,0,Y,0,0,0,0,
,Emmitting Pipe CL-II(12mm 4LPH 40cm) Flat,,8.19,0,,0,0,Y,0,0,0,0,
,Emmitting Pipe CL-II(12MM 4LPH 40CM)Round,,8.19,0,,0,0,Y,0,0,0,0,
,140MM PN6 PE100 HDPE BEND(FF)45*,,0,0,,0,0,Y,0,0,0,0,Rajasthan
,Emmitting Pipe CL-II(12mm 4LPH 60cm)Round,,7.54,0,,0,0,Y,0,0,0,0,
,Emmitting Pipe CL-II(16mm 2LPH 30cm)Flat,,12.99,0,,0,0,Y,0,0,0,0,
,Emmitting Pipe CL-II(16mm 2LPH 30cm)Round,,12.25,0,,0,0,Y,0,0,0,0,
,Emmitting Pipe CL-II(16mm 2LPH 40cm)Flat,,12.08,0,,0,0,Y,0,0,0,0,
,Emmitting Pipe CL-II(16mm 2LPH 40cm)Flat K-Drip,,11.4,0,,0,0,Y,0,0,0,0,
,Emmitting Pipe CL-II(16mm 2LPH 50cm)Flat,,11.63,0,,0,0,Y,0,0,0,0,
,Emmitting Pipe CL-II(16mm 2LPH 50cm)Round,,10.97,0,,0,0,Y,0,0,0,0,
,Emmitting Pipe CL-II(16mm 4LPH 30cm)Flat,,12.99,0,,0,0,Y,0,0,0,0,
,Emmitting Pipe CL-II(16mm 4LPH 30cm)Round,,12.25,0,,0,0,Y,0,0,0,0,
,Emmitting Pipe CL-II(16mm 4LPH 40cm)Flat,,12.08,0,,0,0,Y,0,0,0,0,
,140MM PN6 PE100 HDPE TEE(FF),,0,0,,0,0,Y,0,0,0,0,Rajasthan
,Emmitting Pipe CL-II(16mm 4LPH 40cm)Round,,11.4,0,,0,0,Y,0,0,0,0,
,Emmitting Pipe CL-II(16mm 4LPH 40cm)Round E-5,,11.4,0,,0,0,Y,0,0,0,0,
,Emmitting Pipe CL-II(16mm 4LPH 50cm)Flat,,11.63,0,,0,0,Y,0,0,0,0,
,Emmitting Pipe CL-II(16mm 4LPH 50cm)Round,,10.97,0,,0,0,Y,0,0,0,0,
,Emmitting Pipe CL-II(16mm 4LPH 50cm)Round E-5,,10.97,0,,0,0,Y,0,0,0,0,
,Emmitting Pipe CL-II(16mm 4LPH 60cm)Flat,,11.29,0,,0,0,Y,0,0,0,0,
,Emmitting Pipe CL-II(16mm 4LPH 60cm)Round,,10.65,0,,0,0,Y,0,0,0,0,
,Emmitting Pipe CL-II(16mm 4LPH 60cm)Round E-5,,10.65,0,,0,0,Y,0,0,0,0,
,Emmitting Pipe CL-III(16mm 4LPH 50cm)Round E-5,,10.97,0,,0,0,Y,0,0,0,0,
,Emmitting Pipe(16mm 4LPH 40cm)R Hybrid,,11.4,0,,0,0,Y,0,0,0,0,
,140MM PN6 PE80 HDPE BEND 45*(FF),,0,0,,0,0,Y,0,0,0,0,Rajasthan
,End Cap 110mm(CF),,0,0,,0,0,Y,0,0,0,0,
,End Cap 140mm PVC,,0,0,,0,0,Y,0,0,0,0,
,End Cap 160mm PVC,,0,0,,0,0,Y,0,0,0,0,
,End Cap 32mm PVC,,0,0,,0,0,Y,0,0,0,0,
,End Cap 40mm PVC,,0,0,,0,0,Y,0,0,0,0,
,End Cap 40mm(CF),,0,0,,0,0,Y,0,0,0,0,
,End Cap 50MM(PP),,0,0,,0,0,Y,0,0,0,0,
,End Cap 50mm(PVC),,0,0,,0,0,Y,0,0,0,0,
,End Cap 63MM(PP),,0,0,,0,0,Y,0,0,0,0,
,End Cap 63mm(PVC),,0,0,,0,0,Y,0,0,0,0,
,140MM PN6 PE80 HDPE TEE 90*(FF),,0,0,,0,0,Y,0,0,0,0,Rajasthan
,End Cap 75mm(CF),,0,0,,0,0,Y,0,0,0,0,
,END CAP 75MM(PVC),,0,0,,0,0,Y,0,0,0,0,
,End Cap 90mm(PP-CF),,0,0,,0,0,Y,0,0,0,0,
,End Cap 90mm(PVC),,0,0,,0,0,Y,0,0,0,0,
,End Cap with Ring 2.5 for Screen/Disc Filter,,0,0,,0,0,Y,0,0,0,0,
,End Cap with Ring 3 for Screen/Disc Filter,,0,0,,0,0,Y,0,0,0,0,
,End Cap/End Plug(Line End) 12mm,,2.13,0,,0,0,Y,0,0,0,0,
,End Cap/End Plug(Line End) 16mm,,2.45,0,,0,0,Y,0,0,0,0,
,End Cap/End Plug(Line End) 25mm,,25.61,0,,0,0,Y,0,0,0,0,
,End Cap/End Plug(Line End) 32mm,,27.84,0,,0,0,Y,0,0,0,0,
,D-Coiler,,0,0,,0,0,Y,0,0,0,0,Rajasthan
,140X110MM HDPE MOULDED REDUCER,,0,0,,0,0,Y,0,0,0,0,Rajasthan
,End Cap/End Plug(Line End)20mm,,2.5,0,,0,0,Y,0,0,0,0,
,End Plate  2-2.5-:3 for Hydrocyc Filter,,0,0,,0,0,Y,0,0,0,0,
,Extension/Connecting Tube 1.2M Long 12mm,,48,0,,0,0,Y,0,0,0,0,
,Extension/Connecting Tube 1.5M Long 12mm,,0,0,,0,0,Y,0,0,0,0,
,Fertilizer Tank with Assembly 30-Litres,,4402,0,,0,0,Y,0,0,0,0,
,Fertilizer Tank with Assembly 60-Litres,,6032,0,,0,0,Y,0,0,0,0,
,Fertilizer Tank with Assembly 90-Litres,,6887,0,,0,0,Y,0,0,0,0,
,Flanged Elbow 2,,0,0,,0,0,Y,0,0,0,0,
,Flanged Elbow 2.5,,0,0,,0,0,Y,0,0,0,0,
,Flanged Elbow 3,,0,0,,0,0,Y,0,0,0,0,
,140X110MM MS Reducer,,0,0,,0,0,Y,0,0,0,0,Rajasthan
,Flat Dripper  2LPH,,0,0,,0,0,Y,0,0,0,0,
,Flat Dripper  4LPH,,0,0,,0,0,Y,0,0,0,0,
,Flat Dripper 1.6LPH,,0,0,,0,0,Y,0,0,0,0,
,Flush Valve(32x40) 40mm,,0,0,,0,0,Y,0,0,0,0,
,Flush Valve(40x50) 50mm,,50,0,,0,0,Y,0,0,0,0,
,Flush Valve(50x63) 63mm,,52,0,,0,0,Y,0,0,0,0,
,Flush Valve(63x75) 75mm,,63,0,,0,0,Y,0,0,0,0,
,Flush Valve(75x90) 90mm,,109,0,,0,0,Y,0,0,0,0,
,FTA 20mm,,0,0,,0,0,Y,0,0,0,0,
,FTA 32mm,,0,0,,0,0,Y,0,0,0,0,
,140X125MM HDPE MOULDED REDUCER,,0,0,,0,0,Y,0,0,0,0,Rajasthan
,FTA 32MM PVC,,0,0,,0,0,Y,0,0,0,0,
,FTA 40mm,,0,0,,0,0,Y,0,0,0,0,
,FTA 50MM,,0,0,,0,0,Y,0,0,0,0,
,FTA 63mm(63X50-2),,0,0,,0,0,Y,0,0,0,0,
,FTA 75mm,,0,0,,0,0,Y,0,0,0,0,
,FTA 90MM,,0,0,,0,0,Y,0,0,0,0,
,G .I. Nipple 2x4,,0,0,,0,0,Y,0,0,0,0,
,G. I. Tee 90mm(3*2.5),,0,0,,0,0,Y,0,0,0,0,
,G.I. Nipple 1.5x4,,0,0,,0,0,Y,0,0,0,0,
,G.I. Tee 110mm(4*2.5),,0,0,,0,0,Y,0,0,0,0,
,140X90MM HDPE MOULDED REDUCER,,0,0,,0,0,Y,0,0,0,0,Rajasthan
,G.I. Tee 110mm(4*3),,0,0,,0,0,Y,0,0,0,0,
,G.I.Elbow 1.5,,0,0,,0,0,Y,0,0,0,0,
,G.I.Elbow 2,,0,0,,0,0,Y,0,0,0,0,
,G.I.Reducer 1.25x2,,0,0,,0,0,Y,0,0,0,0,
,G.I.Reducer 1.5x2,,0,0,,0,0,Y,0,0,0,0,
,G.I.Reducer 1x1/2,,0,0,,0,0,Y,0,0,0,0,
,G.I.Socket 1,,0,0,,0,0,Y,0,0,0,0,
,G.I.Socket 1.5,,0,0,,0,0,Y,0,0,0,0,
,G.I.Socket 1.5x2,,0,0,,0,0,Y,0,0,0,0,
,G.I.Socket 2,,0,0,,0,0,Y,0,0,0,0,
,160MM HDPE End Cap PN6 PE80(Moulded),,0,0,,0,0,Y,0,0,0,0,Rajasthan
,GI Elbow 1(MI)25mm,,0,0,,0,0,Y,0,0,0,0,
,GI Elbow 2.5(MI),,0,0,,0,0,Y,0,0,0,0,
,GI Elbow 32mm(MI),,0,0,,0,0,Y,0,0,0,0,
,GI Nipple 1.5x6(MI),,0,0,,0,0,Y,0,0,0,0,
,GI Nipple 1/2*3,,0,0,,0,0,Y,0,0,0,0,
,GI Nipple 1/2x6,,0,0,,0,0,Y,0,0,0,0,
,GI Nipple 1x18(MI),,0,0,,0,0,Y,0,0,0,0,
,GI Nipple 1x9(MI),,0,0,,0,0,Y,0,0,0,0,
,GI Nipple 2.5x4(MI),,0,0,,0,0,Y,0,0,0,0,
,GI Nipple 2x6(MI),,0,0,,0,0,Y,0,0,0,0,
,160mm HDPE End Cap(Moulded),,0,0,,0,0,Y,0,0,0,0,Rajasthan
,GI Nipple 32m(1-1/4)X6,,0,0,,0,0,Y,0,0,0,0,
,GI Nipples 2.5x9(MI),,0,0,,0,0,Y,0,0,0,0,
,GI Reducer 2.5x2(MI),,0,0,,0,0,Y,0,0,0,0,
,GI Reducer 3x2-1/2(MI),,0,0,,0,0,Y,0,0,0,0,
,GI Reducing Tee 2.5x2(MI),,0,0,,0,0,Y,0,0,0,0,
,Gi Socket 1.25,,0,0,,0,0,Y,0,0,0,0,
,Grommet 12mm,,0,0,,0,0,Y,0,0,0,0,
,Grommet 16mm,,3.2,0,,0,0,Y,0,0,0,0,
,Gun Metal Throttle Valve 1(25mm),,1191,0,,0,0,Y,0,0,0,0,
,Gun Metal Throttle Valve 1.5,,2982,0,,0,0,Y,0,0,0,0,
,160mm HDPE FEB TEE,,0,0,,0,0,Y,0,0,0,0,Rajasthan
,Gun Metal Throttle Valve 1/2,,518,0,,0,0,Y,0,0,0,0,
,Gun Metal Throttle Valve 2,,4246,0,,0,0,Y,0,0,0,0,
,Gun Metal Throttle Valve 2.5(65mm),,11613,0,,0,0,Y,0,0,0,0,
,Gun Metal Throttle Valve 3,,15016,0,,0,0,Y,0,0,0,0,
,Gun Metal Throttle Valve 3/4,,839,0,,0,0,Y,0,0,0,0,
,HDPE Packing Clips(MFG),,0,0,,0,0,Y,0,0,0,0,
,Header Assambly 5(Type-I),,0,0,,0,0,Y,0,0,0,0,
,Header Assambly 5(Type-II),,0,0,,0,0,Y,0,0,0,0,
,Header Assambly 5(Type-III),,0,0,,0,0,Y,0,0,0,0,
,Header Assembly 2(M.S.),,3259,0,,0,0,Y,0,0,0,0,
,160MM HDPE Flange(Moulded),,0,0,,0,0,Y,0,0,0,0,Rajasthan
,Header Assembly 2(PP),,0,0,,0,0,Y,0,0,0,0,
,Header Assembly 2.5(M.S.),,4104,0,,0,0,Y,0,0,0,0,
,Header Assembly 2.5(PP),,0,0,,0,0,Y,0,0,0,0,
,HEADER ASSEMBLY 2.5X2COMBO PP,,3494,0,,0,0,Y,0,0,0,0,
,Header Assembly 2Combo(PP),,0,0,,0,0,Y,0,0,0,0,
,Header Assembly 2x1.5(Combo Pack),,2855,0,,0,0,Y,0,0,0,0,
,Header Assembly 3(M.S.),,4754,0,,0,0,Y,0,0,0,0,
,Header Assembly 3(PP),,4754,0,,0,0,Y,0,0,0,0,
,Header Assembly 3x2Combo-PP,,5199,0,,0,0,Y,0,0,0,0,
,Header Assembly 4(M.S.),,7243,0,,0,0,Y,0,0,0,0,
,160MM HDPE MOULDED BEND,,0,0,,0,0,Y,0,0,0,0,Rajasthan
,Header Assembly 4(PP),,7243,0,,0,0,Y,0,0,0,0,
,Hex Nipple 1''(MI),,0,0,,0,0,Y,0,0,0,0,
,Hex Nipple 3/4(25mm),,0,0,,0,0,Y,0,0,0,0,
,Hose Clamp 4,,0,0,,0,0,Y,0,0,0,0,
,Hydro Cyclone Filter 20m3/hr x  2(M.S.),,3393,0,,0,0,Y,0,0,0,0,
,Hydro Cyclone Filter 30m3/hr x 2.5(MS),,3393,0,,0,0,Y,0,0,0,0,
,Hydro Cyclone Filter 40m3/hr 3(M.S.),,9273,0,,0,0,Y,0,0,0,0,
,Hydro-Cyclone Filter 25m3/hr x 2(PP),,6254,0,,0,0,Y,0,0,0,0,
,Hydro-Cyclone Filter 25m3/hrx2(M.S.),,7269,0,,0,0,Y,0,0,0,0,
,Hydro-Cyclone Filter 30m3/hr x 2.5(PP),,6786,0,,0,0,Y,0,0,0,0,
,160MM HDPE MOULDED BEND(PN6),,0,0,,0,0,Y,0,0,0,0,Rajasthan
,Hydro-Cyclone Filter 40m3/hr x 2.5(PP),,0,0,,0,0,Y,0,0,0,0,
,Hydro-Cyclone Filter 40m3/hrx2.5(M.S.),,3393,0,,0,0,Y,0,0,0,0,
,Hydro-Cyclone Filter 40m3/hrx3(PP),,0,0,,0,0,Y,0,0,0,0,
,Hydro-Cyclone Filter 50m3/hr x 3(PP),,8278,0,,0,0,Y,0,0,0,0,
,Hydro-Cyclone Filter 50m3/hrx3(M.S.),,9273,0,,0,0,Y,0,0,0,0,
,Hydro-Cyclone Filter 60m3/hrx3(M.S.),,0,0,,0,0,Y,0,0,0,0,
,Hydro-Cycloner Filter 10m3/hr x 1.5(M.S),,0,0,,0,0,Y,0,0,0,0,
,Installation Stake 1.2Mtr Long(8mm),,0,0,,0,0,Y,0,0,0,0,
,Installation Stake Trishul Type,,93,0,,0,0,Y,0,0,0,0,
,Installation Stake Trishul Type 1.5mtr,,0,0,,0,0,Y,0,0,0,0,
,Dhaga Sutta(MI),,0,0,,0,0,Y,0,0,0,0,Rajasthan
,160MM HDPE MOULDED PCN,,0,0,,0,0,Y,0,0,0,0,Rajasthan
,Joiner 12mm,,2.24,0,,0,0,Y,0,0,0,0,
,Joiner 12X16mm,,0,0,,0,0,Y,0,0,0,0,
,Joiner 16mm,,2.67,0,,0,0,Y,0,0,0,0,
,Joiner 16x20mm,,0,0,,0,0,Y,0,0,0,0,
,Joiner 20mm,,4.5,0,,0,0,Y,0,0,0,0,
,Lateral Cock 12mm,,4.18,0,,0,0,Y,0,0,0,0,
,Lateral Cock 12mm(Heavy),,0,0,,0,0,Y,0,0,0,0,
,Lateral Cock 16mm,,4.18,0,,0,0,Y,0,0,0,0,
,Lateral Cock 16mm(Heavy),,0,0,,0,0,Y,0,0,0,0,
,LLDPE Plain Laterals 12mm 2.5kg CL-II,,7,0,,0,0,Y,0,0,0,0,
,160MM HDPE MOULDED TEE,,0,0,,0,0,Y,0,0,0,0,Rajasthan
,LLDPE Plain Laterals 16mm 2.5Kg CL-II,,11,0,,0,0,Y,0,0,0,0,
,LLDPE Plain Laterals 16mm 2.5kg CL-II(E5),,11,0,,0,0,Y,0,0,0,0,
,LLDPE Plain Laterals 25mm 2.5kg Cl-II,,29,0,,0,0,Y,0,0,0,0,
,LLDPE Plain Laterals 32mm 2.5Kg CL-II,,42,0,,0,0,Y,0,0,0,0,
,MDPE PIPE 20MM PN16 PE80(ISO:4427),,0,0,,0,0,Y,0,0,0,0,
,MDPE PIPE 25MM PN16 PE80(ISO:4427),,0,0,,0,0,Y,0,0,0,0,
,Menifold for Ventury '2',,0,0,,0,0,Y,0,0,0,0,
,Micro Spk Stake(C/O Type),,0,0,,0,0,Y,0,0,0,0,
,Micro Spk Tube(C/O-Type),,0,0,,0,0,Y,0,0,0,0,
,Micro Spk. Inverted Rotar Nozzle,,0,0,,0,0,Y,0,0,0,0,
,160MM HDPE MOULDED TEE(PN6),,0,0,,0,0,Y,0,0,0,0,Rajasthan
,Micro Spk. Set(Assembly Without Stand)Nozzle,,0,0,,0,0,Y,0,0,0,0,
,Micro Sprayer/Jet(Assembley Without Stand),,0,0,,0,0,Y,0,0,0,0,
,Micro Tube 1.8mm,,0,0,,0,0,Y,0,0,0,0,
,Mini Spk M/F Adopter 1/2,,0,0,,0,0,Y,0,0,0,0,
,Mini Spk M/F Connector(9/12mm),,0,0,,0,0,Y,0,0,0,0,
,Mini Spk Nozzle-Half Circle '1/2',,0,0,,0,0,Y,0,0,0,0,
,Mini Spk. Nozzle(Double) Full Circle,,0,0,,0,0,Y,0,0,0,0,
,M-Seal(Safeda-MI),,0,0,,0,0,Y,0,0,0,0,
,MTA 110mm(CF),,0,0,,0,0,Y,0,0,0,0,
,MTA 25MM PVC,,0,0,,0,0,Y,0,0,0,0,
,160MM HDPE Pipe End,,0,0,,0,0,Y,0,0,0,0,Rajasthan
,MTA 32MM PVC,,0,0,,0,0,Y,0,0,0,0,
,MTA 40mm(CF),,0,0,,0,0,Y,0,0,0,0,
,MTA 50MM(50X40=1.5) PVC,,0,0,,0,0,Y,0,0,0,0,
,MTA 50mm(PP-CF),,0,0,,0,0,Y,0,0,0,0,
,MTA 63mm(63X50-2)PVC,,0,0,,0,0,Y,0,0,0,0,
,MTA 63MM(CF),,0,0,,0,0,Y,0,0,0,0,
,MTA 63x50mm(CF),,0,0,,0,0,Y,0,0,0,0,
,MTA 75MM PVC,,0,0,,0,0,Y,0,0,0,0,
,MTA 75MM(CF),,0,0,,0,0,Y,0,0,0,0,
,MTA 75x63mm(CF),,0,0,,0,0,Y,0,0,0,0,
,160MM HDPE Pipe End(Moulded),,0,0,,0,0,Y,0,0,0,0,Rajasthan
,MTA 90MM PVC,,0,0,,0,0,Y,0,0,0,0,
,MTA 90MM(CF),,0,0,,0,0,Y,0,0,0,0,
,MTA 90x75mm(CF),,0,0,,0,0,Y,0,0,0,0,
,MTA PP(CF) 25MM,,0,0,,0,0,Y,0,0,0,0,
,MTA(Compression Fittings) 32mm x 1,,0,0,,0,0,Y,0,0,0,0,
,MTA(Compression Fittings)20mm X 3/4,,0,0,,0,0,Y,0,0,0,0,
,Non Return Valve 1(25mm),,0,0,,0,0,Y,0,0,0,0,
,Non Return Valve 1.5(40mm),,0,0,,0,0,Y,0,0,0,0,
,Non Return Valve 2(50mm),,1086,0,,0,0,Y,0,0,0,0,
,Non Return Valve 2.5(65mm),,1280,0,,0,0,Y,0,0,0,0,
,160MM M.S. Flange,,0,0,,0,0,Y,0,0,0,0,Rajasthan
,Non Return Valve 2.5(PP),,1724,0,,0,0,Y,0,0,0,0,
,Non Return Valve 3(80mm),,1670,0,,0,0,Y,0,0,0,0,
,Non Return Valve 4,,2223,0,,0,0,Y,0,0,0,0,
,Non Return Valve(NRV) 6,,0,0,,0,0,Y,0,0,0,0,
,Nut-Bolt-Washer-Gasket for Header Assl. 2,,0,0,,0,0,Y,0,0,0,0,
,On Line Dripper(14-LPH),,3.95,0,,0,0,Y,0,0,0,0,
,On Line Dripper(2-LPH),,0,0,,0,0,Y,0,0,0,0,
,On Line Dripper(4-LPH),,3.95,0,,0,0,Y,0,0,0,0,
,On Line Dripper(8-LPH),,3.95,0,,0,0,Y,0,0,0,0,
,P. P. Ball Valve 1 Threaded (32mm) M/F,,0,0,,0,0,Y,0,0,0,0,
,160MM PN6 PE100 HDPE BEND 45*(FF),,0,0,,0,0,Y,0,0,0,0,Rajasthan
,P.P. Ball Valve 2 Threaded (63mm),,0,0,,0,0,Y,0,0,0,0,
,P.P. Ball Valve 2.5 Threaded (75mm),,0,0,,0,0,Y,0,0,0,0,
,P.P. Ball Valve 3 Threaded(90mm),,0,0,,0,0,Y,0,0,0,0,
,P.P. Ball Valve with Flange End 4,,0,0,,0,0,Y,0,0,0,0,
,P.P. Ball Valve/control Valve 50mm(Plain),,329,0,,0,0,Y,0,0,0,0,
,P.P. Tail Pices Flange 2,,0,0,,0,0,Y,0,0,0,0,
,P.P. Tail Pices Flange 2.5,,0,0,,0,0,Y,0,0,0,0,
,P.P. Tail Pices Flange 3,,0,0,,0,0,Y,0,0,0,0,
,P.V.C. Ball Valve 2(Threaded End),,0,0,,0,0,Y,0,0,0,0,
,Plug(9/12mm)M-22-End Plug,,0,0,,0,0,Y,0,0,0,0,
,160MM PN6 PE100 HDPE BEND(FF),,0,0,,0,0,Y,0,0,0,0,Rajasthan
,PP  Ball  Valve 50mm 1-1/2Solid(Threded),,0,0,,0,0,Y,0,0,0,0,
,PP Ball Valve 1.25 Threaded(40mm),,0,0,,0,0,Y,0,0,0,0,
,PP Ball Valve 1.5 Threaded(50mm),,0,0,,0,0,Y,0,0,0,0,
,PP Ball Valve 20/25 mm Solid Threaded(3/4),,0,0,,0,0,Y,0,0,0,0,
,PP Ball Valve 50mm 1-1/2Solid(Plain),,0,0,,0,0,Y,0,0,0,0,
,PP Ball Valve 63mm(2) Solid Threaded,,0,0,,0,0,Y,0,0,0,0,
,PP Ball Valve 63mm(2)Solid(Plain),,0,0,,0,0,Y,0,0,0,0,
,PP Ball Valve with Flange End 2.5,,0,0,,0,0,Y,0,0,0,0,
,PP Ball Valve with Flanged End 3,,0,0,,0,0,Y,0,0,0,0,
,PP Ball Valve with Flanged Ends 2,,0,0,,0,0,Y,0,0,0,0,
,160MM PN6 PE100 HDPE TEE(FF),,0,0,,0,0,Y,0,0,0,0,Rajasthan
,PP Ball Valve(Flange End) 1,,0,0,,0,0,Y,0,0,0,0,
,PP Ball Valve/control Valve 20/25mm Singal Union,,135,0,,0,0,Y,0,0,0,0,
,PP Ball Valve/Control Valve 32mm Single Union,,162,0,,0,0,Y,0,0,0,0,
,PP Ball Valve/Control Valve 40mm(Plain),,329,0,,0,0,Y,0,0,0,0,
,PP Ball Valve/Control Valve 63mm-Plain,,246.6,0,,0,0,Y,0,0,0,0,
,PP Ball Valve/Control Valve 75mm Plain,,668,0,,0,0,Y,0,0,0,0,
,PP Ball Valve/Control Valve 90mm Plain,,688.8,0,,0,0,Y,0,0,0,0,
,PP Flange Threaded (2.5),,0,0,,0,0,Y,0,0,0,0,
,PP Flange Threaded (3),,0,0,,0,0,Y,0,0,0,0,
,PP Flange Threaded 2,,0,0,,0,0,Y,0,0,0,0,
,160MM PN6 PE80 HDPE BEND-90*(FF),,0,0,,0,0,Y,0,0,0,0,Rajasthan
,PP Reducing Bush 2x1.5,,0,0,,0,0,Y,0,0,0,0,
,PP Socket 1.5(50mm)MI,,0,0,,0,0,Y,0,0,0,0,
,PP Socket 2(63mm)MI,,0,0,,0,0,Y,0,0,0,0,
,PP Socket 2.5(75mm)MI,,0,0,,0,0,Y,0,0,0,0,
,PP Socket 3(90mm)MI,,0,0,,0,0,Y,0,0,0,0,
,Pressure Gauge 2,,131.4,0,,0,0,Y,0,0,0,0,
,Pressure Gauge Glycerine 2,,0,0,,0,0,Y,0,0,0,0,
,Pressure Gauge Glycerine 2.5,,0,0,,0,0,Y,0,0,0,0,
,Pressure Release Valve 2X1.5,,0,0,,0,0,Y,0,0,0,0,
,PVC Ball Valve 2(Plain End),,0,0,,0,0,Y,0,0,0,0,
,Disc Filter 20m3/hrx2(PP),,4549,0,,0,0,Y,0,0,0,0,Rajasthan
,160MM PN6 PE80 HDPE TEE 90*(FF),,0,0,,0,0,Y,0,0,0,0,Rajasthan
,PVC Ball Valve 2.5(Plain End),,0,0,,0,0,Y,0,0,0,0,
,PVC Ball Valve 2.5(Threded End),,0,0,,0,0,Y,0,0,0,0,
,PVC Ball Valve 20mm(Compression/female Tthreaded),,0,0,,0,0,Y,0,0,0,0,
,Pvc Ball Valve 3(90mm)(Threaded End),,0,0,,0,0,Y,0,0,0,0,
,PVC Ball Valve 4(110mm) (Threaded End),,0,0,,0,0,Y,0,0,0,0,
,Pvc Ball Valve 40 mm,,0,0,,0,0,Y,0,0,0,0,
,PVC Bush 63x50mm,,0,0,,0,0,Y,0,0,0,0,
,PVC Bush 75x63mm 10kg,,0,0,,0,0,Y,0,0,0,0,
,PVC Bush 90x63mm 10kg,,0,0,,0,0,Y,0,0,0,0,
,PVC Connecting Tube 20cm(Stab-Barb-Conn-Bayoynet),,0,0,,0,0,Y,0,0,0,0,
,160X110MM HDPE MOULDED REDUCER,,0,0,,0,0,Y,0,0,0,0,Rajasthan
,PVC PIPE 110MMX2.5KG/CM2(MTR),,0,0,,0,0,Y,0,0,0,0,
,PVC PIPE 110MMX4KG/CM2 (MTR),,187.45,0,,0,0,Y,0,0,0,0,
,PVC PIPE 110MMX6KG/CM2 (MTR),,0,0,,0,0,Y,0,0,0,0,
,PVC PIPE 140MMX2.5KG/CM2 (MTR),,0,0,,0,0,Y,0,0,0,0,
,PVC PIPE 140MMX4KG/CM2(Mtr),,262.5,0,,0,0,Y,0,0,0,0,
,PVC PIPE 140MMX6KG/CM2(Mtr),,0,0,,0,0,Y,0,0,0,0,
,PVC PIPE 160MMX2.5KG/CM2 (MTR),,0,0,,0,0,Y,0,0,0,0,
,PVC PIPE 160MMX4KG/CM2 (MTR),,412,0,,0,0,Y,0,0,0,0,
,PVC PIPE 160MMX6KG/CM2 (MTR),,0,0,,0,0,Y,0,0,0,0,
,PVC PIPE 200MMX2.5KG/CM2 (MTR),,0,0,,0,0,Y,0,0,0,0,
,160x110MM MS Reducer,,0,0,,0,0,Y,0,0,0,0,Rajasthan
,PVC PIPE 200MMX4KG/CM2 (MTR),,0,0,,0,0,Y,0,0,0,0,
,PVC PIPE 200MMX6KG/CM2 (MTR),,0,0,,0,0,Y,0,0,0,0,
,PVC PIPE 225MMX4KG/CM2 CASING PIPE(MTR),,0,0,,0,0,Y,0,0,0,0,
,PVC PIPE 225MMX6KG/CM2 CASING PIPE(MTR),,0,0,,0,0,Y,0,0,0,0,
,PVC PIPE 32MMX10KG/CM2 (MTR),,48,0,,0,0,Y,0,0,0,0,
,PVC PIPE 40MMX6KG/CM2 (MTR),,47,0,,0,0,Y,0,0,0,0,
,PVC PIPE 50MMX6KG/CM2 (MTR),,59.25,0,,0,0,Y,0,0,0,0,
,PVC Pipe 63mm x 4 Kg / Cm2(MTR)XXXXXXXX,,65.42,0,,0,0,Y,0,0,0,0,
,PVC PIPE 63MM X 4 KG/CM2 (MTR),,65,0,,0,0,Y,0,0,0,0,
,PVC PIPE 63MMX6KG/CM2 (MTR),,95.05,0,,0,0,Y,0,0,0,0,
,160X140MM HDPE MOULDED REDUCER,,0,0,,0,0,Y,0,0,0,0,Rajasthan
,PVC PIPE 75MM X 4KG/CM2 (MTR),,92.25,0,,0,0,Y,0,0,0,0,
,PVC PIPE 75MM X 6KG/CM2 (MTR),,132.87,0,,0,0,Y,0,0,0,0,
,PVC PIPE 90MM X2.5KG/CM2 (MTR),,82.8,0,,0,0,Y,0,0,0,0,
,PVC PIPE 90MM X4KG/CM2 (MTR),,12880,0,,0,0,Y,0,0,0,0,
,PVC PIPE 90MM X6KG/CM2 (MTR),,189.11,0,,0,0,Y,0,0,0,0,
,PVC PIPE 90MMX10KG/CM2 (MTR),,0,0,,0,0,Y,0,0,0,0,
,PVC PIPE 180MMX2.5KG/CM2 (MTR),,331,0,,0,0,Y,0,0,0,0,
,PVC PIPE 180MMX4KG/CM2 (MTR),,533.4,0,,0,0,Y,0,0,0,0,
,PVC PIPE 180MMX6KG/CM2 (MTR),,761.5,0,,0,0,Y,0,0,0,0,
,PVC Reducer Bush 110x63mm,,0,0,,0,0,Y,0,0,0,0,
,160X75MM HDPE Reducer,,0,0,,0,0,Y,0,0,0,0,Rajasthan
,PVC Reducer Bush 63x50mm 6kg,,0,0,,0,0,Y,0,0,0,0,
,PVC Reducer Coupler 75x63mm,,0,0,,0,0,Y,0,0,0,0,
,Rain Gun  Adopter 1.25(50X40),,0,0,,0,0,Y,0,0,0,0,
,Rain Gun 1.25,,0,0,,0,0,Y,0,0,0,0,
,Rain Gun 2 with Stand,,0,0,,0,0,Y,0,0,0,0,
,RAIN GUN ADOPTER 2(63x40),,0,0,,0,0,Y,0,0,0,0,
,Rain Gun Nipple G.I. 2.5x1-1/4,,0,0,,0,0,Y,0,0,0,0,
,Rain Gun Nipple G.I. 2x1-1/4,,0,0,,0,0,Y,0,0,0,0,
,Rain Gun Riser 1.25,,0,0,,0,0,Y,0,0,0,0,
,Rain Gun Stand 1.25,,0,0,,0,0,Y,0,0,0,0,
,160X90mm HDPE Moulded Reducer,,0,0,,0,0,Y,0,0,0,0,Rajasthan
,Raingun Adopter 2.5(75x40),,0,0,,0,0,Y,0,0,0,0,
,Raingun Adopter 3(90x40),,0,0,,0,0,Y,0,0,0,0,
,Raingun Adopter 4(110x40),,0,0,,0,0,Y,0,0,0,0,
,Reducer 110x90mm PVC,,0,0,,0,0,Y,0,0,0,0,
,Reducer 160x140mm PVC,,0,0,,0,0,Y,0,0,0,0,
,Reducer 16x12mm Comp.Connector(Both Side),,2.24,0,,0,0,Y,0,0,0,0,
,Reducer 16X17MM Comp. Connector(Both Side),,0,0,,0,0,Y,0,0,0,0,
,Reducer 200x160mm PVC,,0,0,,0,0,Y,0,0,0,0,
,Reducer 25x20mm(PP),,0,0,,0,0,Y,0,0,0,0,
,Reducer 40x32mm PVC,,0,0,,0,0,Y,0,0,0,0,
,160x90mm MS Reducer,,0,0,,0,0,Y,0,0,0,0,Rajasthan
,Reducer 63x40mm PVC,,0,0,,0,0,Y,0,0,0,0,
,Reducer 63x50mm PVC,,0,0,,0,0,Y,0,0,0,0,
,Reducer 63x50mm(PP),,0,0,,0,0,Y,0,0,0,0,
,Reducer 75x50mm PVC,,0,0,,0,0,Y,0,0,0,0,
,Reducer 75x63mm PVC,,0,0,,0,0,Y,0,0,0,0,
,Reducer 90x63 mm Pvc,,0,0,,0,0,Y,0,0,0,0,
,Reducer 90x75mm PVC,,0,0,,0,0,Y,0,0,0,0,
,Reducer Elbow 75x63mm PVC,,0,0,,0,0,Y,0,0,0,0,
,Reducer Tee 110x90 PVC,,0,0,,0,0,Y,0,0,0,0,
,Reducer Tee 160x110 PVC,,0,0,,0,0,Y,0,0,0,0,
,180MM HDPE Pipe End PN6 PE80(Moulded),,0,0,,0,0,Y,0,0,0,0,Rajasthan
,Reducer Tee 160X90MM (PVC),,0,0,,0,0,Y,0,0,0,0,
,Reducer Tee 63x32mm PVC,,0,0,,0,0,Y,0,0,0,0,
,Reducer Tee 75x63mm PVC,,0,0,,0,0,Y,0,0,0,0,
,Reducer Tee 90x63mm 6kg,,0,0,,0,0,Y,0,0,0,0,
,Reducer Tee 90x63mm PVC,,0,0,,0,0,Y,0,0,0,0,
,Reducer Tee 90x75mm PVC,,0,0,,0,0,Y,0,0,0,0,
,Reducing Flanged Threaded 2.5x2,,0,0,,0,0,Y,0,0,0,0,
,Reducing Flanged Threaded 3x2.5,,0,0,,0,0,Y,0,0,0,0,
,Ring for Compression Connector(Lock Ring),,0,0,,0,0,Y,0,0,0,0,
,Rotameter for Ventury,,0,0,,0,0,Y,0,0,0,0,
,180MM PN6 PE100 HDPE BEND 45*(FF),,0,0,,0,0,Y,0,0,0,0,Rajasthan
,S S Nut Bolts(MI),,0,0,,0,0,Y,0,0,0,0,
,Sand Filter 10m3/hr x 1.5,,11777.5,0,,0,0,Y,0,0,0,0,
,Sand Filter 20xm3/hr 2,,13650.7,0,,0,0,Y,0,0,0,0,
,Sand Filter 25m3/hr x 2,,13650.7,0,,0,0,Y,0,0,0,0,
,Sand Filter 30mm3X2.5,,24199,0,,0,0,Y,0,0,0,0,
,Sand Filter 40m3/hr x 2.5,,18149.25,0,,0,0,Y,0,0,0,0,
,Sand Filter 40m3/hr x 3,,32176,0,,0,0,Y,0,0,0,0,
,Sand Filter 50m3/hr x 3,,32176,0,,0,0,Y,0,0,0,0,
,Sand for Sand Filter(KG),,0,0,,0,0,Y,0,0,0,0,
,Screen Element 2(Cartridge),,0,0,,0,0,Y,0,0,0,0,
,180MM PN6 PE100 HDPE BEND 90*(FF),,0,0,,0,0,Y,0,0,0,0,Rajasthan
,Screen Element 2.5(Cartridge),,0,0,,0,0,Y,0,0,0,0,
,Screen Elements 3(Cartridge),,0,0,,0,0,Y,0,0,0,0,
,Screen Filter 1 4*6/8m3/hr x 1(Y),,0,0,,0,0,Y,0,0,0,0,
,Screen Filter 10m3/hr x 2 (Metal),,0,0,,0,0,Y,0,0,0,0,
,Screen Filter 10m3/hr X 2.5''(Metal),,0,0,,0,0,Y,0,0,0,0,
,Screen Filter 15mm3/hr x 1.5(Plastic),,1272,0,,0,0,Y,0,0,0,0,
,Screen Filter 15mm3/hr x 2(Plastic),,0,0,,0,0,Y,0,0,0,0,
,Screen Filter 20m3/hr x 2(Plastic),,1666.8,0,,0,0,Y,0,0,0,0,
,Screen Filter 20m3/hr X2(Metal),,0,0,,0,0,Y,0,0,0,0,
,Screen Filter 20m3/hr X2.5(Metal),,0,0,,0,0,Y,0,0,0,0,
,Disc Filter 25m3/hrx2(HT-134TS),,3630.6,0,,0,0,Y,0,0,0,0,Rajasthan
,180MM PN6 PE100 HDPE TEE(FF)90*,,0,0,,0,0,Y,0,0,0,0,Rajasthan
,Screen Filter 25m3/hr x 2(Plastic),,2650,0,,0,0,Y,0,0,0,0,
,Screen Filter 25m3/hr X2(Semi Automatic),,0,0,,0,0,Y,0,0,0,0,
,Screen Filter 25m3/hr X2.5(Metal),,0,0,,0,0,Y,0,0,0,0,
,Screen Filter 3/4120mesh 6*4 M3,,0,0,,0,0,Y,0,0,0,0,
,Screen Filter 30m3/hr X2.5(Metal),,0,0,,0,0,Y,0,0,0,0,
,Screen Filter 30m3/hrx2.5(Plastic),,1666.8,0,,0,0,Y,0,0,0,0,
,Screen Filter 40m3/hr x 3(Plastics),,1765.2,0,,0,0,Y,0,0,0,0,
,Screen Filter 40m3/hr X2.5''(Metal),,0,0,,0,0,Y,0,0,0,0,
,Screen Filter 40m3/hr X3(Metal),,0,0,,0,0,Y,0,0,0,0,
,Screen Filter 40m3/hr X3(Semi Automatic),,0,0,,0,0,Y,0,0,0,0,
,180MM PN6 PE80 HDPE BEND(FF)90*,,0,0,,0,0,Y,0,0,0,0,Rajasthan
,Screen Filter 40m3/hrx2.5(Plastic),,2942,0,,0,0,Y,0,0,0,0,
,Screen Filter 50m3/hr x 2(Plastic),,0,0,,0,0,Y,0,0,0,0,
,Screen Filter 50m3/hr x 3(Plastic),,1765.2,0,,0,0,Y,0,0,0,0,
,Screen Filter 50m3/hr X3(Double Body),,0,0,,0,0,Y,0,0,0,0,
,Screen Filter 50m3/hr X3(Metal),,0,0,,0,0,Y,0,0,0,0,
,Screen225m3,,0,0,,0,0,Y,0,0,0,0,
,Service Saddle 110mm(MI),,0,0,,0,0,Y,0,0,0,0,
,Service Saddle 40mm(MI),,0,0,,0,0,Y,0,0,0,0,
,Service Saddle 40mmX3/4(PP),,0,0,,0,0,Y,0,0,0,0,
,Service Saddle 50mm(MI),,0,0,,0,0,Y,0,0,0,0,
,180MM PN6 PE80 HDPE TEE(FF)90*,,0,0,,0,0,Y,0,0,0,0,Rajasthan
,Service Saddle 50mm(PVC),,0,0,,0,0,Y,0,0,0,0,
,Service Saddle 50mmX1/2(P),,0,0,,0,0,Y,0,0,0,0,
,Service Saddle 50mmX3/4(PP),,0,0,,0,0,Y,0,0,0,0,
,Service Saddle 63mm 1(MI),,0,0,,0,0,Y,0,0,0,0,
,Service Saddle 63mm 3/4(MI),,0,0,,0,0,Y,0,0,0,0,
,Service Saddle 63mmX1/2(P),,0,0,,0,0,Y,0,0,0,0,
,Service Saddle 75mm(MI),,0,0,,0,0,Y,0,0,0,0,
,Service Saddle 75mmX1(PP),,128.93,0,,0,0,Y,0,0,0,0,
,Service Saddle 75mmX1.25(M.S),,0,0,,0,0,Y,0,0,0,0,
,Service Saddle 75mmX1-1/4(PP),,0,0,,0,0,Y,0,0,0,0,
,180X125MM HDPE MOULDED REDUCER,,0,0,,0,0,Y,0,0,0,0,Rajasthan
,Service Saddle 90mm(MI),,0,0,,0,0,Y,0,0,0,0,
,Service Saddle 90mmX1.25(M.S),,0,0,,0,0,Y,0,0,0,0,
,Service Saddle 90mmX1/2(P),,0,0,,0,0,Y,0,0,0,0,
,Sluice Valve 2.5,,0,0,,0,0,Y,0,0,0,0,
,SOC 110mm Epc Spk Latch,,0,0,,0,0,Y,0,0,0,0,
,SOC 110mm HDPE Spk End Cap,,150,0,,0,0,Y,0,0,0,0,
,SOC 110mm HDPE Spk T.P.,,0,0,,0,0,Y,0,0,0,0,
,SOC 110mm N HDPE Spk Adopter,,615,0,,0,0,Y,0,0,0,0,
,SOC 110mm N HDPE Spk Bend,,485,0,,0,0,Y,0,0,0,0,
,SOC 110mm N HDPE Spk MLC,,0,0,,0,0,Y,0,0,0,0,
,180X140MM HDPE MOULDED REDUCER,,0,0,,0,0,Y,0,0,0,0,Rajasthan
,SOC 110mm N HDPE Spk PCN,,410,0,,0,0,Y,0,0,0,0,
,SOC 110mm N HDPE Spk Pipe 3mtr,,775,0,,0,0,Y,0,0,0,0,
,SOC 110mm N HDPE Spk Pipe 6mtr,,0,0,,0,0,Y,0,0,0,0,
,SOC 110mm N HDPE Spk Tee,,615,0,,0,0,Y,0,0,0,0,
,SOC 110mm N Spk Foot Batten,,615,0,,0,0,Y,0,0,0,0,
,SOC 110mm N Spk Latch,,0,0,,0,0,Y,0,0,0,0,
,SOC 110x90MM HDPE Spk Reducer,,495,0,,0,0,Y,0,0,0,0,
,SOC 50MM HDPE Spk End Cap,,60,0,,0,0,Y,0,0,0,0,
,Soc 50MM HDPE Spk T.P.,,0,0,,0,0,Y,0,0,0,0,
,SOC 50MM N HDPE Spk Adopter,,250,0,,0,0,Y,0,0,0,0,
,180x90mm HDPE Moulded Reducer,,0,0,,0,0,Y,0,0,0,0,Rajasthan
,SOC 50MM N HDPE Spk Bend,,205,0,,0,0,Y,0,0,0,0,
,Soc 50MM N HDPE Spk MLC,,0,0,,0,0,Y,0,0,0,0,
,SOC 50MM N HDPE Spk PCN,,205,0,,0,0,Y,0,0,0,0,
,SOC 50MM N HDPE Spk Pipe 3mtr,,320,0,,0,0,Y,0,0,0,0,
,SOC 50MM N HDPE Spk Pipe 5mtr,,0,0,,0,0,Y,0,0,0,0,
,SOC 50MM N HDPE Spk Pipe 6mtr,,510,0,,0,0,Y,0,0,0,0,
,SOC 50MM N HDPE Spk Tee,,250,0,,0,0,Y,0,0,0,0,
,SOC 50MM N Spk Foot Batten,,250,0,,0,0,Y,0,0,0,0,
,SOC 50MM N Spk Latch,,0,0,,0,0,Y,0,0,0,0,
,Soc 63MM E-5 HDPE Spk Adopter,,0,0,,0,0,Y,0,0,0,0,
,200MM  HDPE FAB TEE,,0,0,,0,0,Y,0,0,0,0,Rajasthan
,Soc 63MM E5 HDPE Spk Bend,,0,0,,0,0,Y,0,0,0,0,
,Soc 63mm E5 HDPE Spk MLC,,0,0,,0,0,Y,0,0,0,0,
,Soc 63MM E-5 HDPE Spk PCN,,0,0,,0,0,Y,0,0,0,0,
,Soc 63MM E-5 HDPE Spk Tee,,0,0,,0,0,Y,0,0,0,0,
,Soc 63mm Epc Spk Latch (P/c),,0,0,,0,0,Y,0,0,0,0,
,SOC 63mm HDPE Spk End Cap,,70,0,,0,0,Y,0,0,0,0,
,SOC 63mm HDPE Spk T.P.,,0,0,,0,0,Y,0,0,0,0,
,SOC 63MM N HDPE Spk Adopter,,250,0,,0,0,Y,0,0,0,0,
,SOC 63MM N HDPE Spk Bend,,220,0,,0,0,Y,0,0,0,0,
,SOC 63mm N HDPE Spk MLC,,0,0,,0,0,Y,0,0,0,0,
,200MM HDPE End Cap PN6 PE80(Moulded),,0,0,,0,0,Y,0,0,0,0,Rajasthan
,SOC 63MM N HDPE Spk PCN,,225,0,,0,0,Y,0,0,0,0,
,SOC 63MM N HDPE Spk Pipe 3Mtr,,0,0,,0,0,Y,0,0,0,0,
,SOC 63MM N HDPE Spk Pipe 6Mtr,,0,0,,0,0,Y,0,0,0,0,
,SOC 63MM N HDPE Spk Tee,,275,0,,0,0,Y,0,0,0,0,
,SOC 63mm N Spk Connector,,160,0,,0,0,Y,0,0,0,0,
,SOC 63mm N Spk Foot Batten,,250,0,,0,0,Y,0,0,0,0,
,SOC 63mm N Spk Latch,,0,0,,0,0,Y,0,0,0,0,
,SOC 63mm N Spk Rubber Ring,,0,0,,0,0,Y,0,0,0,0,
,Soc 63mm N-1 HDPE Spk Adopter,,0,0,,0,0,Y,0,0,0,0,
,Soc 63mm N-1 HDPE Spk Bend,,0,0,,0,0,Y,0,0,0,0,
,200MM HDPE ENDCAP(Moulded),,0,0,,0,0,Y,0,0,0,0,Rajasthan
,SOC 63mm N-1 HDPE SPK MLC,,0,0,,0,0,Y,0,0,0,0,
,Soc 63mm N-1 HDPE Spk PCN,,0,0,,0,0,Y,0,0,0,0,
,SOC 63MM N-1 HDPE Spk Pipe 3mtr,,350,0,,0,0,Y,0,0,0,0,
,SOC 63MM N-1 HDPE Spk Pipe 6mtr,,540,0,,0,0,Y,0,0,0,0,
,Soc 63mm N-1 HDPE Spk TEE,,0,0,,0,0,Y,0,0,0,0,
,Soc 63mm N-1 Spk Foot Batten,,0,0,,0,0,Y,0,0,0,0,
,Soc 63mm N-1 Spk Latch,,0,0,,0,0,Y,0,0,0,0,
,Soc 63mm N3 HDPE Spk Adopter,,0,0,,0,0,Y,0,0,0,0,
,Soc 63mm N3 HDPE Spk Bend,,0,0,,0,0,Y,0,0,0,0,
,Soc 63mm N3 HDPE Spk MLC,,0,0,,0,0,Y,0,0,0,0,
,200MM HDPE FAB BEND,,0,0,,0,0,Y,0,0,0,0,Rajasthan
,Soc 63mm N3 HDPE Spk Pipe 3Mtr,,0,0,,0,0,Y,0,0,0,0,
,Soc 63mm N3 HDPE Spk Pipe 6Mtr,,0,0,,0,0,Y,0,0,0,0,
,Soc 63mm N3 HDPE Spk TEE,,0,0,,0,0,Y,0,0,0,0,
,Soc 63mm N3 Spk Foot Batten,,0,0,,0,0,Y,0,0,0,0,
,Soc 63mm N3 Spk Latch,,0,0,,0,0,Y,0,0,0,0,
,Soc 70mm N3 HDPE Spk Pipe 6mtr,,0,0,,0,0,Y,0,0,0,0,
,SOC 75 MM EPC SPK LATCH P/C,,0,0,,0,0,Y,0,0,0,0,
,SOC 75mm  N3 HDPE Spk Pipe 3mtr,,0,0,,0,0,Y,0,0,0,0,
,Soc 75MM AVL Spk Latch,,0,0,,0,0,Y,0,0,0,0,
,Soc 75MM E-5 HDPE Spk Adopter,,0,0,,0,0,Y,0,0,0,0,
,Disc Filter 30m3/hr x 2.5(HT-135T),,3630.6,0,,0,0,Y,0,0,0,0,Rajasthan
,200MM HDPE Pipe End(Moulded),,0,0,,0,0,Y,0,0,0,0,Rajasthan
,Soc 75MM E-5 HDPE Spk Bend,,0,0,,0,0,Y,0,0,0,0,
,Soc 75mm E5 HDPE Spk MLC,,0,0,,0,0,Y,0,0,0,0,
,Soc 75MM E-5 HDPE Spk Tee,,0,0,,0,0,Y,0,0,0,0,
,Soc 75MM E-6 HDPE Spk MLC,,0,0,,0,0,Y,0,0,0,0,
,Soc 75MM E-7 Spk Latch,,0,0,,0,0,Y,0,0,0,0,
,SOC 75MM HDPE Spk Connector,,175,0,,0,0,Y,0,0,0,0,
,SOC 75mm HDPE Spk End Cap,,90,0,,0,0,Y,0,0,0,0,
,SOC 75mm HDPE Spk T.P.,,0,0,,0,0,Y,0,0,0,0,
,SOC 75mm N HDPE Spk Adopter,,315,0,,0,0,Y,0,0,0,0,
,SOC 75mm N HDPE Spk Bend,,275,0,,0,0,Y,0,0,0,0,
,200MM M.S. Flange,,0,0,,0,0,Y,0,0,0,0,Rajasthan
,SOC 75mm N HDPE Spk MLC,,0,0,,0,0,Y,0,0,0,0,
,SOC 75mm N HDPE Spk PCN,,225,0,,0,0,Y,0,0,0,0,
,SOC 75mm N HDPE Spk Pipe 3mtr,,0,0,,0,0,Y,0,0,0,0,
,SOC 75mm N HDPE Spk Pipe 6mtr,,0,0,,0,0,Y,0,0,0,0,
,SOC 75mm N HDPE Spk Tee,,350,0,,0,0,Y,0,0,0,0,
,SOC 75MM N Spk F.Batten(G.I.),,315,0,,0,0,Y,0,0,0,0,
,SOC 75mm N Spk Foot Batten(Black-P.C),,0,0,,0,0,Y,0,0,0,0,
,Soc 75mm N Spk Foot Batten(GI-Cap),,0,0,,0,0,Y,0,0,0,0,
,SOC 75mm N Spk Latch,,0,0,,0,0,Y,0,0,0,0,
,Soc 75mm N(3.2Kg) HDPE Irrig Pipe 3mtr,,465,0,,0,0,Y,0,0,0,0,
,200MM PN6 PE100 HDPE BEND 45*(FF),,0,0,,0,0,Y,0,0,0,0,Rajasthan
,Soc 75mm N(3.2Kg) HDPE Spk Pipe 6Mtr,,0,0,,0,0,Y,0,0,0,0,
,Soc 75mm N(4Kg) HDPE Spk Pipe 6Mtr,,0,0,,0,0,Y,0,0,0,0,
,SOC 75mm N1 HDPE Spk Adopter,,0,0,,0,0,Y,0,0,0,0,
,SOC 75mm N1 HDPE Spk Bend,,0,0,,0,0,Y,0,0,0,0,
,SOC 75MM N1 HDPE Spk MLC,,0,0,,0,0,Y,0,0,0,0,
,SOC 75mm N1 HDPE Spk PCN,,0,0,,0,0,Y,0,0,0,0,
,SOC 75mm N1 HDPE Spk Pipe 3mtr,,420,0,,0,0,Y,0,0,0,0,
,SOC 75MM N1 HDPE Spk Pipe 6mtr,,0,0,,0,0,Y,0,0,0,0,
,SOC 75mm N1 HDPE Spk Tee,,0,0,,0,0,Y,0,0,0,0,
,SOC 75MM N1 Spk F.Batten(G.I.),,0,0,,0,0,Y,0,0,0,0,
,200MM PN6 PE100 HDPE BEND(FF),,0,0,,0,0,Y,0,0,0,0,Rajasthan
,SOC 75mm N1 Spk Latch,,0,0,,0,0,Y,0,0,0,0,
,Soc 75MM N1(3.2Kg) HDPE Spk Pipe 6Mtr,,772,0,,0,0,Y,0,0,0,0,
,SOC 75mm N3 HDPE SKP Tee,,0,0,,0,0,Y,0,0,0,0,
,SOC 75mm N3 HDPE Spk Adopter,,0,0,,0,0,Y,0,0,0,0,
,SOC 75mm N3 HDPE Spk Bend,,0,0,,0,0,Y,0,0,0,0,
,Soc 75mm N3 HDPE SPK MLC,,0,0,,0,0,Y,0,0,0,0,
,SOC 75mm N3 HDPE Spk PCN,,0,0,,0,0,Y,0,0,0,0,
,SOC 75mm N3 HDPE Spk Pipe 6mtr,,0,0,,0,0,Y,0,0,0,0,
,SOC 75mm N3 Spk Foot Batten,,0,0,,0,0,Y,0,0,0,0,
,Soc 75mm N3 Spk Latch,,0,0,,0,0,Y,0,0,0,0,
,200MM PN6 PE100 HDPE TEE(FF),,0,0,,0,0,Y,0,0,0,0,Rajasthan
,SOC 75MM Spk Plain Latch,,0,0,,0,0,Y,0,0,0,0,
,SOC 75x40mm Bush Nipple,,0,0,,0,0,Y,0,0,0,0,
,SOC 75X63MM HDPE Spk Reducer,,300,0,,0,0,Y,0,0,0,0,
,SOC 75X63MM HDPE Spk Reducer Adopter,,0,0,,0,0,Y,0,0,0,0,
,SOC 90MM AVL Spk Latch,,0,0,,0,0,Y,0,0,0,0,
,SOC 90mm E-5 HDPE Spk Adopter,,0,0,,0,0,Y,0,0,0,0,
,Soc 90mm E-5 HDPE Spk MLC,,0,0,,0,0,Y,0,0,0,0,
,SOC 90MM EPC SPK FOOT BATTEN P/C,,0,0,,0,0,Y,0,0,0,0,
,Soc 90mm Epc Spk Latch P/c,,0,0,,0,0,Y,0,0,0,0,
,SOC 90MM HDPE Spk Connector,,200,0,,0,0,Y,0,0,0,0,
,200MM PN6 PE80 HDPE BEND (FF)90*,,0,0,,0,0,Y,0,0,0,0,Rajasthan
,SOC 90mm HDPE Spk End Cap,,130,0,,0,0,Y,0,0,0,0,
,SOC 90mm HDPE Spk T.P.,,0,0,,0,0,Y,0,0,0,0,
,SOC 90mm N HDPE Spk Adopter,,430,0,,0,0,Y,0,0,0,0,
,SOC 90mm N HDPE Spk Bend,,375,0,,0,0,Y,0,0,0,0,
,SOC 90MM N HDPE Spk MLC,,0,0,,0,0,Y,0,0,0,0,
,SOC 90mm N HDPE Spk PCN,,305,0,,0,0,Y,0,0,0,0,
,SOC 90mm N HDPE Spk Pipe 3mtr,,555,0,,0,0,Y,0,0,0,0,
,SOC 90mm N HDPE Spk Pipe 6mtr,,900,0,,0,0,Y,0,0,0,0,
,SOC 90mm N HDPE Spk Tee,,495,0,,0,0,Y,0,0,0,0,
,SOC 90mm N Spk Foot Batten,,430,0,,0,0,Y,0,0,0,0,
,200MM PN6 PE80 HDPE TEE(FF),,0,0,,0,0,Y,0,0,0,0,Rajasthan
,SOC 90mm N Spk Latch,,0,0,,0,0,Y,0,0,0,0,
,SOC 90mm N(3.2kg) HDPE Spk Pipe 6mtr,,1060,0,,0,0,Y,0,0,0,0,
,SOC 90mm N1 Spk Foot Batten,,0,0,,0,0,Y,0,0,0,0,
,SOC 90mm N1 Spk Latch,,0,0,,0,0,Y,0,0,0,0,
,SOC 90mm N2 Spk Latch,,0,0,,0,0,Y,0,0,0,0,
,SOC 90mm N3 Spk Foot Batten,,0,0,,0,0,Y,0,0,0,0,
,Soc 90mm N3 Spk Latch,,0,0,,0,0,Y,0,0,0,0,
,SOC 90x75MM HDPE Spk Red.Tee,,580,0,,0,0,Y,0,0,0,0,
,SOC 90x75MM HDPE Spk Reducer,,395,0,,0,0,Y,0,0,0,0,
,SOC B 63mm HDPE Spk Bend,,0,0,,0,0,Y,0,0,0,0,
,200X125MM HDPE MOULDED REDUCER,,0,0,,0,0,Y,0,0,0,0,Rajasthan
,SOC B 63MM HDPE Spk TEE,,0,0,,0,0,Y,0,0,0,0,
,SOC B 75mm HDPE Spk Bend,,0,0,,0,0,Y,0,0,0,0,
,SOC B 75mm HDPE Spk Tee,,0,0,,0,0,Y,0,0,0,0,
,SOC B 90MM HDPE Adopter,,0,0,,0,0,Y,0,0,0,0,
,SOC B 90MM HDPE Spk Bend,,0,0,,0,0,Y,0,0,0,0,
,SOC B 90MM HDPE Spk Tee,,0,0,,0,0,Y,0,0,0,0,
,SOC SPK RIVIT,,0,0,,0,0,Y,0,0,0,0,
,Socket 63mm PVC,,0,0,,0,0,Y,0,0,0,0,
,Socket 75mm PVC,,0,0,,0,0,Y,0,0,0,0,
,Socket 90mm PVC,,0,0,,0,0,Y,0,0,0,0,
,200X140MM HDPE MOULDED REDUCER,,0,0,,0,0,Y,0,0,0,0,Rajasthan
,Socket for Spk Riser Pipe,,0,0,,0,0,Y,0,0,0,0,
,Solvent Cement(Ltr),,0,0,,0,0,Y,0,0,0,0,
,Spagheti Barbed Connector,,0,0,,0,0,Y,0,0,0,0,
,Spagheti/Extension Tube 6mm x 4mm,,0,0,,0,0,Y,0,0,0,0,
,Sprinkler Nozzle(AJ- 01)Z,,0,0,,0,0,Y,0,0,0,0,
,Sprinkler Nozzle(AJ-01)Medium,,0,0,,0,0,Y,0,0,0,0,
,Sprinkler Nozzle(NI- 02)Z -3/4,,0,0,,0,0,Y,0,0,0,0,
,Sprinkler Nozzle(NI-02)Heavy,,0,0,,0,0,Y,0,0,0,0,
,Sprinkler Nozzle(NI-02)Light,,0,0,,0,0,Y,0,0,0,0,
,Sprinkler Nozzle(NI-02)Medium,,0,0,,0,0,Y,0,0,0,0,
,200X180MM HDPE MOULDED REDUCER,,0,0,,0,0,Y,0,0,0,0,Rajasthan
,Sprinkler Nozzle(NI-02)Medium-N3,,0,0,,0,0,Y,0,0,0,0,
,Sprinkler Nozzle(NI-02)Z-1/2,,0,0,,0,0,Y,0,0,0,0,
,Sprinkler Nozzle(NI-02)Z-N3,,0,0,,0,0,Y,0,0,0,0,
,Sprinkler Nozzle(NI-03),,0,0,,0,0,Y,0,0,0,0,
,Sprinkler Nozzle(PP)Full Circle '3/4',,0,0,,0,0,Y,0,0,0,0,
,Sprinkler Nozzle(PP)-Single-Half Circle '3/4',,0,0,,0,0,Y,0,0,0,0,
,Sprinkler Nozzle(PP)With Metal Spry Bush '3/4',,0,0,,0,0,Y,0,0,0,0,
,Sprinkler Raingun Nozzle(Assembly) 1.25,,0,0,,0,0,Y,0,0,0,0,
,Sprinkler Raingun Nozzle(Assembly) 1.5,,0,0,,0,0,Y,0,0,0,0,
,Sprinkler Riser Pipe,,0,0,,0,0,Y,0,0,0,0,
,Disc Filter 40m3/hrx2.5(PP),,3816,0,,0,0,Y,0,0,0,0,Rajasthan
,200x90mm HDPE  Moulded Reducer,,0,0,,0,0,Y,0,0,0,0,Rajasthan
,Sprinkler Riser Pipe- 1 Mtr,,0,0,,0,0,Y,0,0,0,0,
,Sprinkler Riser Pipes 1.25x1.5 Feet,,0,0,,0,0,Y,0,0,0,0,
,Stand Ring 2 for Hydrocyclone Filter,,0,0,,0,0,Y,0,0,0,0,
,Stand Ring 3 for Hydrocyclone Filter,,0,0,,0,0,Y,0,0,0,0,
,Stap Saddle 200mmX1.1/2,,0,0,,0,0,Y,0,0,0,0,
,Stap Saddle 200mmX1.1/4,,0,0,,0,0,Y,0,0,0,0,
,Stap Saddle 200mmX1/2,,0,0,,0,0,Y,0,0,0,0,
,Start Connector Nipple 12mm,,0,0,,0,0,Y,0,0,0,0,
,Start Connector Nipple 16MM,,0,0,,0,0,Y,0,0,0,0,
,Start Connector Nipple 20mm,,0,0,,0,0,Y,0,0,0,0,
,20MM PN12.5 PE80,,27.74,0,,0,0,Y,0,0,0,0,Rajasthan
,Tapping Compression Ferrule 20x/12,,0,0,,0,0,Y,0,0,0,0,
,Tapping Coupler 20mm(EF),,0,0,,0,0,Y,0,0,0,0,
,Tapping Saddle -90x1/2(EF),,0,0,,0,0,Y,0,0,0,0,
,Tapping Tee 90x20mm(EF),,0,0,,0,0,Y,0,0,0,0,
,Tapping Tee with Coupler 90x20mm(EF),,0,0,,0,0,Y,0,0,0,0,
,Tee (Compression Fitting) 16mx12m/16X16,,3.31,0,,0,0,Y,0,0,0,0,
,Tee 110mm PVC,,0,0,,0,0,Y,0,0,0,0,
,Tee 110mm(CF),,0,0,,0,0,Y,0,0,0,0,
,Tee 140mm(PVC),,0,0,,0,0,Y,0,0,0,0,
,Tee 200mm PVC,,0,0,,0,0,Y,0,0,0,0,
,225MM HDPE End Cap(Moulded),,0,0,,0,0,Y,0,0,0,0,Rajasthan
,Tee 3 Side Male Threaded 1(32mm),,0,0,,0,0,Y,0,0,0,0,
,TEE 32MM PVC,,0,0,,0,0,Y,0,0,0,0,
,TEE 40MM PVC,,0,0,,0,0,Y,0,0,0,0,
,Tee 40mm(CF),,0,0,,0,0,Y,0,0,0,0,
,TEE 50MM PVC,,0,0,,0,0,Y,0,0,0,0,
,Tee 63mm PVC,,0,0,,0,0,Y,0,0,0,0,
,Tee 75mm  PVC,,0,0,,0,0,Y,0,0,0,0,
,Tee 75mm(CF),,0,0,,0,0,Y,0,0,0,0,
,Tee 90mm  PVC,,0,0,,0,0,Y,0,0,0,0,
,Tee 90mm(CF),,0,0,,0,0,Y,0,0,0,0,
,225mm HDPE Pipe End(Moulded),,0,0,,0,0,Y,0,0,0,0,Rajasthan
,Tee(Compression Fitting) 12x12mm,,3.42,0,,0,0,Y,0,0,0,0,
,Tee(Compression Fitting) 16x16mm,,3.31,0,,0,0,Y,0,0,0,0,
,Tee(Compression Fitting) 16x12mm,,3.75,0,,0,0,Y,0,0,0,0,
,Tee(Compression Fitting)25mmx1x25mm,,0,0,,0,0,Y,0,0,0,0,
,TEE(Compression Fitting)32mm X1 X32mm,,0,0,,0,0,Y,0,0,0,0,
,TEE(Compression Fitting)50MM,,0,0,,0,0,Y,0,0,0,0,
,TEE(Compression Fitting)63MM,,0,0,,0,0,Y,0,0,0,0,
,Thinwall Emmitting Pipe(16mm 4LPH 40cm).3mm,,0,0,,0,0,Y,0,0,0,0,
,Thinwall Emmitting Pipe(16mm 4LPH 40CM).4mm,,0,0,,0,0,Y,0,0,0,0,
,Throttle Valve 2(PP),,774,0,,0,0,Y,0,0,0,0,
,225MM PN6 PE100 HDPE BEND(FF),,0,0,,0,0,Y,0,0,0,0,Rajasthan
,Throttle Valve 2.5(PP),,1800,0,,0,0,Y,0,0,0,0,
,Throttle Valves 3 (PP),,0,0,,0,0,Y,0,0,0,0,
,Vaccum Breaker Valve 0.5,,0,0,,0,0,Y,0,0,0,0,
,Ventury Ass. with Manifold & Without Rotameter 3/4,,0,0,,0,0,Y,0,0,0,0,
,Ventury Assembly with Manifold & Rotameter 3/4,,0,0,,0,0,Y,0,0,0,0,
,Ventury Assembly with Manifold 1,,801,0,,0,0,Y,0,0,0,0,
,Ventury Assembly with Manifold 1.5'',,0,0,,0,0,Y,0,0,0,0,
,Ventury Assembly with Manifold 2,,2170.2,0,,0,0,Y,0,0,0,0,
,Ventury Assembly with Manifold 2.5,,3000,0,,0,0,Y,0,0,0,0,
,Washer Plain M-3-4-5,,0,0,,0,0,Y,0,0,0,0,
,225MM PN6 PE100 HDPE TEE(FF),,0,0,,0,0,Y,0,0,0,0,Rajasthan
,Winder Dripline,,0,0,,0,0,Y,0,0,0,0,
,PVC PIPE 160MMX4KG/CM2 (MTR),,0,0,,0,0,Y,0,0,0,0,Jharkhand
,110MM B HDPE Spk Adopter,,0,0,,0,0,Y,0,0,0,0,Haryana
,110MM B HDPE Spk Bend,,0,0,,0,0,Y,0,0,0,0,Haryana
,110MM B HDPE Spk PCN,,0,0,,0,0,Y,0,0,0,0,Haryana
,110MM B HDPE Spk Tee,,0,0,,0,0,Y,0,0,0,0,Haryana
,110mm B MDPE Spk Bend,,0,0,,0,0,Y,0,0,0,0,Haryana
,110mm Coil Nipple,,0,0,,0,0,Y,0,0,0,0,Haryana
,110MM HDPE Flange(Moulded),,0,0,,0,0,Y,0,0,0,0,Haryana
,110MM HDPE MOULDED BEND,,0,0,,0,0,Y,0,0,0,0,Haryana
,225X160MM HDPE Molulded Reducer,,0,0,,0,0,Y,0,0,0,0,Rajasthan
,110MM HDPE MOULDED BEND(PN6),,0,0,,0,0,Y,0,0,0,0,Haryana
,110MM HDPE MOULDED PIPE END,,0,0,,0,0,Y,0,0,0,0,Haryana
,110MM HDPE MOULDED TEE,,0,0,,0,0,Y,0,0,0,0,Haryana
,110MM HDPE MOULDED TEE(PN6),,0,0,,0,0,Y,0,0,0,0,Haryana
,110MM HDPE Pipe End PN6 PE80(Moulded),,0,0,,0,0,Y,0,0,0,0,Haryana
,110MM HDPE Pipe End(Moulded),,0,0,,0,0,Y,0,0,0,0,Haryana
,110mm HDPE Spk End Cap,,0,0,,0,0,Y,0,0,0,0,Haryana
,110MM HDPE Spk Irrig Pipe PT-II(Sample),,0,0,,0,0,Y,0,0,0,0,Haryana
,110MM HDPE Spk MLC,,0,0,,0,0,Y,0,0,0,0,Haryana
,110mm HDPE Spk Tail Pice,,0,0,,0,0,Y,0,0,0,0,Haryana
,225X180MM HDPE Moulded Reducer,,0,0,,0,0,Y,0,0,0,0,Rajasthan
,110MM MDPE PIPE END,,0,0,,0,0,Y,0,0,0,0,Haryana
,110mm N Spk Rubber Ring,,0,0,,0,0,Y,0,0,0,0,Haryana
,110mm N1 Spk Rubber Ring,,0,0,,0,0,Y,0,0,0,0,Haryana
,110MM NB HDPE Irrig Pipe(6mtr) PT- I,,0,0,,0,0,Y,0,0,0,0,Haryana
,110mm NB HDPE Irrig Pipe(6mtr) PT- II,,0,0,,0,0,Y,0,0,0,0,Haryana
,110mm NE Spk Latch,,0,0,,0,0,Y,0,0,0,0,Haryana
,110mm NR HDPE Spk Adopter,,0,0,,0,0,Y,0,0,0,0,Haryana
,110mm NR HDPE Spk Bend,,0,0,,0,0,Y,0,0,0,0,Haryana
,110mm NR HDPE Spk PCN,,0,0,,0,0,Y,0,0,0,0,Haryana
,110mm NR Spk Latch,,0,0,,0,0,Y,0,0,0,0,Haryana
,225X90MM HDPE Moulded Reducer,,0,0,,0,0,Y,0,0,0,0,Rajasthan
,110mm PCN CLAMP/CLIP,,0,0,,0,0,Y,0,0,0,0,Haryana
,110MM PN10 PE100 HDPE BEND-90*(FF),,0,0,,0,0,Y,0,0,0,0,Haryana
,110MM PN10 PE100 HDPE ENDCAP(FF),,0,0,,0,0,Y,0,0,0,0,Haryana
,110MM PN10 PE100 HDPE TEE(FF),,0,0,,0,0,Y,0,0,0,0,Haryana
,110MM PN10 PE-100 N(ISO:4427),,0,0,,0,0,Y,0,0,0,0,Haryana
,110MM PN10 PE-100 N(ISO:4427)-FF,,0,0,,0,0,Y,0,0,0,0,Haryana
,110mm PN6 PE- 80 N,,431.18,0,,0,0,Y,0,0,0,0,Haryana
,110MM PN6 PE100 HDPE BEND(FF),,0,0,,0,0,Y,0,0,0,0,Haryana
,110MM PN6 PE100 HDPE BEND(FF)45*,,0,0,,0,0,Y,0,0,0,0,Haryana
,110MM PN6 PE100 HDPE PIPE END,,0,0,,0,0,Y,0,0,0,0,Haryana
,250mm HDPE Pipe End(Moulded),,0,0,,0,0,Y,0,0,0,0,Rajasthan
,110MM PN6 PE100 HDPE TEE(FF),,0,0,,0,0,Y,0,0,0,0,Haryana
,110MM PN6 PE-100 N,,0,0,,0,0,Y,0,0,0,0,Haryana
,110MM PN6 PE80 HDPE BEND(FF)45*,,0,0,,0,0,Y,0,0,0,0,Haryana
,110mm Spk Pcn Nipple,,0,0,,0,0,Y,0,0,0,0,Haryana
,110mm Spk Rubber Ring,,0,0,,0,0,Y,0,0,0,0,Haryana
,110X90MM HDPE MOULDED REDUCER,,0,0,,0,0,Y,0,0,0,0,Haryana
,110x90mm HDPE Spk Reducer(B),,0,0,,0,0,Y,0,0,0,0,Haryana
,110x90MM HDPE Spk Reducer(E/R),,0,0,,0,0,Y,0,0,0,0,Haryana
,125MM  Latch,,0,0,,0,0,Y,0,0,0,0,Haryana
,125MM HDPE End Cap PN6 PE80(Moulded),,0,0,,0,0,Y,0,0,0,0,Haryana
,Disc Filter 40m3/hrx3(PP),,6051,0,,0,0,Y,0,0,0,0,Rajasthan
,250MM M.S. Flange,,0,0,,0,0,Y,0,0,0,0,Rajasthan
,125mm HDPE End Cap(Moulded),,0,0,,0,0,Y,0,0,0,0,Haryana
,125MM HDPE MLC,,0,0,,0,0,Y,0,0,0,0,Haryana
,125MM HDPE MOULDED BEND,,0,0,,0,0,Y,0,0,0,0,Haryana
,125MM HDPE MOULDED TEE,,0,0,,0,0,Y,0,0,0,0,Haryana
,125MM HDPE Pipe End PN6 PE80(Moulded),,0,0,,0,0,Y,0,0,0,0,Haryana
,125mm HDPE Tail Pice,,0,0,,0,0,Y,0,0,0,0,Haryana
,125mm NB HDPE Irrig Pipe(6Mtr)Pt-1,,0,0,,0,0,Y,0,0,0,0,Haryana
,125MM PN6 PE100 HDPE BEND-45*(FF),,0,0,,0,0,Y,0,0,0,0,Haryana
,125MM PN6 PE100 HDPE TEE(FF),,0,0,,0,0,Y,0,0,0,0,Haryana
,125MM PN6 PE80 HDPE BEND 45*(FF),,0,0,,0,0,Y,0,0,0,0,Haryana
,250MM PN6 PE100 HDPE BEND 45*(FF),,0,0,,0,0,Y,0,0,0,0,Rajasthan
,125mm Rubber Ring,,0,0,,0,0,Y,0,0,0,0,Haryana
,125X110MM HDPE MOULDED REDUCER,,0,0,,0,0,Y,0,0,0,0,Haryana
,125X90MM HDPE MOULDED REDUCER,,0,0,,0,0,Y,0,0,0,0,Haryana
,12MM In Line Dripper (2-LPH)Round,,0,0,,0,0,Y,0,0,0,0,Haryana
,12MM In Line Dripper (4-LPH)Round,,0,0,,0,0,Y,0,0,0,0,Haryana
,140MM HDPE  MLC,,0,0,,0,0,Y,0,0,0,0,Haryana
,140MM HDPE End Cap PN6 PE80(Moulded),,0,0,,0,0,Y,0,0,0,0,Haryana
,140mm HDPE End Cap(Moulded),,0,0,,0,0,Y,0,0,0,0,Haryana
,140MM HDPE MOULDED BEND,,0,0,,0,0,Y,0,0,0,0,Haryana
,140MM HDPE MOULDED PCN,,0,0,,0,0,Y,0,0,0,0,Haryana
,250MM PN6 PE100 HDPE BEND(FF),,0,0,,0,0,Y,0,0,0,0,Rajasthan
,140MM HDPE MOULDED TEE,,0,0,,0,0,Y,0,0,0,0,Haryana
,140MM HDPE Pipe End PN6 PE80(Moulded),,0,0,,0,0,Y,0,0,0,0,Haryana
,140MM HDPE TAIL PIECE,,0,0,,0,0,Y,0,0,0,0,Haryana
,140MM Latch,,0,0,,0,0,Y,0,0,0,0,Haryana
,140MM M. S. Clamp,,0,0,,0,0,Y,0,0,0,0,Haryana
,140MM PN6 PE100 HDPE BEND(FF),,0,0,,0,0,Y,0,0,0,0,Haryana
,140MM PN6 PE100 HDPE BEND(FF)45*,,0,0,,0,0,Y,0,0,0,0,Haryana
,140MM PN6 PE100 HDPE TEE(FF),,0,0,,0,0,Y,0,0,0,0,Haryana
,140MM PN6 PE80 HDPE BEND 45*(FF),,0,0,,0,0,Y,0,0,0,0,Haryana
,140MM PN6 PE80 HDPE TEE 90*(FF),,0,0,,0,0,Y,0,0,0,0,Haryana
,250MM PN6 PE100 HDPE TEE(FF),,0,0,,0,0,Y,0,0,0,0,Rajasthan
,140mm Rubber Ring,,0,0,,0,0,Y,0,0,0,0,Haryana
,140X110MM HDPE MOULDED REDUCER,,0,0,,0,0,Y,0,0,0,0,Haryana
,140X110MM MS Reducer,,0,0,,0,0,Y,0,0,0,0,Haryana
,140X125MM HDPE MOULDED REDUCER,,0,0,,0,0,Y,0,0,0,0,Haryana
,140X90MM HDPE MOULDED REDUCER,,0,0,,0,0,Y,0,0,0,0,Haryana
,160mm  Rubber Ring,,0,0,,0,0,Y,0,0,0,0,Haryana
,160MM HDPE  MLC,,0,0,,0,0,Y,0,0,0,0,Haryana
,160MM HDPE End Cap PN6 PE80(Moulded),,0,0,,0,0,Y,0,0,0,0,Haryana
,160mm HDPE End Cap(Moulded),,0,0,,0,0,Y,0,0,0,0,Haryana
,160mm HDPE FEB TEE,,0,0,,0,0,Y,0,0,0,0,Haryana
,250X110MM HDPE Moulded Reducer,,0,0,,0,0,Y,0,0,0,0,Rajasthan
,160MM HDPE Flange(Moulded),,0,0,,0,0,Y,0,0,0,0,Haryana
,160MM HDPE MOULDED BEND,,0,0,,0,0,Y,0,0,0,0,Haryana
,160MM HDPE MOULDED BEND(PN6),,0,0,,0,0,Y,0,0,0,0,Haryana
,160MM HDPE MOULDED PCN,,0,0,,0,0,Y,0,0,0,0,Haryana
,160MM HDPE MOULDED TEE,,0,0,,0,0,Y,0,0,0,0,Haryana
,160MM HDPE MOULDED TEE(PN6),,0,0,,0,0,Y,0,0,0,0,Haryana
,160MM HDPE Pipe End,,0,0,,0,0,Y,0,0,0,0,Haryana
,160MM HDPE Pipe End(Moulded),,0,0,,0,0,Y,0,0,0,0,Haryana
,160MM HDPE Tail Pices,,0,0,,0,0,Y,0,0,0,0,Haryana
,160MM Latch,,0,0,,0,0,Y,0,0,0,0,Haryana
,250X160MM HDPE Moulded Reducer,,0,0,,0,0,Y,0,0,0,0,Rajasthan
,160MM M.S. Flange,,0,0,,0,0,Y,0,0,0,0,Haryana
,160mm NB HDPE Irrig Pipe(6Mtr)PT-1,,0,0,,0,0,Y,0,0,0,0,Haryana
,160MM PN6 PE100 HDPE BEND 45*(FF),,0,0,,0,0,Y,0,0,0,0,Haryana
,160MM PN6 PE100 HDPE BEND(FF),,0,0,,0,0,Y,0,0,0,0,Haryana
,160MM PN6 PE100 HDPE TEE(FF),,0,0,,0,0,Y,0,0,0,0,Haryana
,160MM PN6 PE80 HDPE BEND-90*(FF),,0,0,,0,0,Y,0,0,0,0,Haryana
,160MM PN6 PE80 HDPE TEE 90*(FF),,0,0,,0,0,Y,0,0,0,0,Haryana
,160mm Pvc Bend,,0,0,,0,0,Y,0,0,0,0,Haryana
,160X110MM HDPE MOULDED REDUCER,,0,0,,0,0,Y,0,0,0,0,Haryana
,160x110MM MS Reducer,,0,0,,0,0,Y,0,0,0,0,Haryana
,250x90mm HDPE Moulded Reducer,,0,0,,0,0,Y,0,0,0,0,Rajasthan
,160X140MM HDPE MOULDED REDUCER,,0,0,,0,0,Y,0,0,0,0,Haryana
,160X75MM HDPE Reducer,,0,0,,0,0,Y,0,0,0,0,Haryana
,160X90mm HDPE Moulded Reducer,,0,0,,0,0,Y,0,0,0,0,Haryana
,160x90mm MS Reducer,,0,0,,0,0,Y,0,0,0,0,Haryana
,16mm In Line Dripper (4-LPH)Round,,0,0,,0,0,Y,0,0,0,0,Haryana
,16MM In Line Dripper(2-LPH)Round,,0,0,,0,0,Y,0,0,0,0,Haryana
,16mm Inline Dripper(2.1LPH PCND)Round,,0,0,,0,0,Y,0,0,0,0,Haryana
,180MM HDPE Pipe End PN6 PE80(Moulded),,0,0,,0,0,Y,0,0,0,0,Haryana
,180MM M.S. Flange,,0,0,,0,0,Y,0,0,0,0,Haryana
,180mm NB HDPE Irrig Pipe(6Mtr)PT-1,,0,0,,0,0,Y,0,0,0,0,Haryana
,25MM PN10 PE80,,36.87,0,,0,0,Y,0,0,0,0,Rajasthan
,180MM PN6 PE100 HDPE BEND 45*(FF),,0,0,,0,0,Y,0,0,0,0,Haryana
,180MM PN6 PE100 HDPE BEND 90*(FF),,0,0,,0,0,Y,0,0,0,0,Haryana
,180MM PN6 PE100 HDPE TEE(FF)90*,,0,0,,0,0,Y,0,0,0,0,Haryana
,180MM PN6 PE80 HDPE BEND(FF)90*,,0,0,,0,0,Y,0,0,0,0,Haryana
,180MM PN6 PE80 HDPE TEE(FF)90*,,0,0,,0,0,Y,0,0,0,0,Haryana
,180X125MM HDPE MOULDED REDUCER,,0,0,,0,0,Y,0,0,0,0,Haryana
,180X140MM HDPE MOULDED REDUCER,,0,0,,0,0,Y,0,0,0,0,Haryana
,180x90mm HDPE Moulded Reducer,,0,0,,0,0,Y,0,0,0,0,Haryana
,200MM  HDPE FAB TEE,,0,0,,0,0,Y,0,0,0,0,Haryana
,200MM HDPE End Cap PN6 PE80(Moulded),,0,0,,0,0,Y,0,0,0,0,Haryana
,280MM HDPE Pipe End(Moulded),,0,0,,0,0,Y,0,0,0,0,Rajasthan
,200MM HDPE ENDCAP(Moulded),,0,0,,0,0,Y,0,0,0,0,Haryana
,200MM HDPE FAB BEND,,0,0,,0,0,Y,0,0,0,0,Haryana
,200MM HDPE MLC,,0,0,,0,0,Y,0,0,0,0,Haryana
,200MM HDPE Pipe End(Moulded),,0,0,,0,0,Y,0,0,0,0,Haryana
,200MM HDPE TP,,0,0,,0,0,Y,0,0,0,0,Haryana
,200MM M.S. Flange,,0,0,,0,0,Y,0,0,0,0,Haryana
,200MM PN6 PE100 HDPE BEND 45*(FF),,0,0,,0,0,Y,0,0,0,0,Haryana
,200MM PN6 PE100 HDPE BEND(FF),,0,0,,0,0,Y,0,0,0,0,Haryana
,200MM PN6 PE100 HDPE TEE(FF),,0,0,,0,0,Y,0,0,0,0,Haryana
,200MM PN6 PE80 HDPE BEND (FF)90*,,0,0,,0,0,Y,0,0,0,0,Haryana
,280MM M.S. Flange,,0,0,,0,0,Y,0,0,0,0,Rajasthan
,200MM PN6 PE80 HDPE TEE(FF),,0,0,,0,0,Y,0,0,0,0,Haryana
,200mm Pvc Socket,,0,0,,0,0,Y,0,0,0,0,Haryana
,200MM Spk Latch,,0,0,,0,0,Y,0,0,0,0,Haryana
,200MM Spk Rubber Ring,,0,0,,0,0,Y,0,0,0,0,Haryana
,200X125MM HDPE MOULDED REDUCER,,0,0,,0,0,Y,0,0,0,0,Haryana
,200X140MM HDPE MOULDED REDUCER,,0,0,,0,0,Y,0,0,0,0,Haryana
,200X180MM HDPE MOULDED REDUCER,,0,0,,0,0,Y,0,0,0,0,Haryana
,200x90mm HDPE  Moulded Reducer,,0,0,,0,0,Y,0,0,0,0,Haryana
,20MM INLINE DRIPPER(2LPH)ROUND,,0,0,,0,0,Y,0,0,0,0,Haryana
,20MM INLINE DRIPPER(4-LPH)ROUND,,0,0,,0,0,Y,0,0,0,0,Haryana
,Disc Filter 50m3/hr X3(Metal),,0,0,,0,0,Y,0,0,0,0,Rajasthan
,280MM PN6 PE100 HDPE BEND 45*(FF),,0,0,,0,0,Y,0,0,0,0,Rajasthan
,20MM PN12.5 PE80,,27.74,0,,0,0,Y,0,0,0,0,Haryana
,225MM HDPE End Cap(Moulded),,0,0,,0,0,Y,0,0,0,0,Haryana
,225mm HDPE Pipe End(Moulded),,0,0,,0,0,Y,0,0,0,0,Haryana
,225MM M.S.FLANGE,,0,0,,0,0,Y,0,0,0,0,Haryana
,225MM PN6 PE100 HDPE BEND(FF),,0,0,,0,0,Y,0,0,0,0,Haryana
,225MM PN6 PE100 HDPE TEE(FF),,0,0,,0,0,Y,0,0,0,0,Haryana
,225X160MM HDPE Molulded Reducer,,0,0,,0,0,Y,0,0,0,0,Haryana
,225X180MM HDPE Moulded Reducer,,0,0,,0,0,Y,0,0,0,0,Haryana
,225X90MM HDPE Moulded Reducer,,0,0,,0,0,Y,0,0,0,0,Haryana
,250mm HDPE Pipe End(Moulded),,0,0,,0,0,Y,0,0,0,0,Haryana
,280MM PN6 PE100 HDPE BEND 90*(FF),,0,0,,0,0,Y,0,0,0,0,Rajasthan
,250MM M.S. Flange,,0,0,,0,0,Y,0,0,0,0,Haryana
,250MM PN6 PE100 HDPE BEND 45*(FF),,0,0,,0,0,Y,0,0,0,0,Haryana
,250MM PN6 PE100 HDPE BEND(FF),,0,0,,0,0,Y,0,0,0,0,Haryana
,250MM PN6 PE100 HDPE TEE(FF),,0,0,,0,0,Y,0,0,0,0,Haryana
,250mm Pvc Bend,,0,0,,0,0,Y,0,0,0,0,Haryana
,250X110MM HDPE Moulded Reducer,,0,0,,0,0,Y,0,0,0,0,Haryana
,250X160MM HDPE Moulded Reducer,,0,0,,0,0,Y,0,0,0,0,Haryana
,250x90mm HDPE Moulded Reducer,,0,0,,0,0,Y,0,0,0,0,Haryana
,25MM PN10 PE80,,36.87,0,,0,0,Y,0,0,0,0,Haryana
,280MM HDPE Pipe End(Moulded),,0,0,,0,0,Y,0,0,0,0,Haryana
,280MM PN6 PE100 HDPE TEE(FF),,0,0,,0,0,Y,0,0,0,0,Rajasthan
,280MM M.S. Flange,,0,0,,0,0,Y,0,0,0,0,Haryana
,280MM PN6 PE100 HDPE BEND 45*(FF),,0,0,,0,0,Y,0,0,0,0,Haryana
,280MM PN6 PE100 HDPE BEND 90*(FF),,0,0,,0,0,Y,0,0,0,0,Haryana
,280MM PN6 PE100 HDPE TEE(FF),,0,0,,0,0,Y,0,0,0,0,Haryana
,280X90MM HDPE Moulded Reducer,,0,0,,0,0,Y,0,0,0,0,Haryana
,315MM HDPE  Pipe End(Moulded),,0,0,,0,0,Y,0,0,0,0,Haryana
,315MM M.S. Flange,,0,0,,0,0,Y,0,0,0,0,Haryana
,315MM PN6 PE100 HDPE BEND-45*(FF),,0,0,,0,0,Y,0,0,0,0,Haryana
,315MM PN6 PE100 HDPE BEND-90*(FF),,0,0,,0,0,Y,0,0,0,0,Haryana
,315MM PN6 PE100 HDPE TEE(FF),,0,0,,0,0,Y,0,0,0,0,Haryana
,280X90MM HDPE Moulded Reducer,,0,0,,0,0,Y,0,0,0,0,Rajasthan
,315X110MM HDPE Moulded Reducer,,0,0,,0,0,Y,0,0,0,0,Haryana
,315X180MM HDPE Moulded Reducer,,0,0,,0,0,Y,0,0,0,0,Haryana
,315X225MM HDPE Moulded Reducer,,0,0,,0,0,Y,0,0,0,0,Haryana
,315X250MM HDPE Moulded Reducer,,0,0,,0,0,Y,0,0,0,0,Haryana
,315x90MM HDPE Moulded Reducer,,0,0,,0,0,Y,0,0,0,0,Haryana
,32mm Coil Nipple,,0,0,,0,0,Y,0,0,0,0,Haryana
,32mm HDPE Bend,,0,0,,0,0,Y,0,0,0,0,Haryana
,32mm HDPE Flange,,0,0,,0,0,Y,0,0,0,0,Haryana
,32mm HDPE Pipe End,,0,0,,0,0,Y,0,0,0,0,Haryana
,32mm HDPE Tee,,0,0,,0,0,Y,0,0,0,0,Haryana
,315MM HDPE  Pipe End(Moulded),,0,0,,0,0,Y,0,0,0,0,Rajasthan
,32MM PE-100-2.3A(IS:14885),,0,0,,0,0,Y,0,0,0,0,Haryana
,32MM PE-100-3.0A(IS:14885),,0,0,,0,0,Y,0,0,0,0,Haryana
,32MM PE-80-2.3A(IS:14885),,0,0,,0,0,Y,0,0,0,0,Haryana
,32MM PE-80-3.0A(IS:14885),,0,0,,0,0,Y,0,0,0,0,Haryana
,32MM PN10 PE100 N,,50.11,0,,0,0,Y,0,0,0,0,Haryana
,32MM PN12.5 PE100,,54.24,0,,0,0,Y,0,0,0,0,Haryana
,32mm PN6 PE- 63 N,,48.71,0,,0,0,Y,0,0,0,0,Haryana
,32mm PN8 PE- 80 N,,47.54,0,,0,0,Y,0,0,0,0,Haryana
,32mm Rubber Gasket,,0,0,,0,0,Y,0,0,0,0,Haryana
,355MM HDPE FAB TEE,,0,0,,0,0,Y,0,0,0,0,Haryana
,315MM M.S. Flange,,0,0,,0,0,Y,0,0,0,0,Rajasthan
,355MM HDPE PIPE END(Moulded),,0,0,,0,0,Y,0,0,0,0,Haryana
,355MM M.S. Flange,,0,0,,0,0,Y,0,0,0,0,Haryana
,355MM PN6 PE100 HDPE BEND(FF)45*,,0,0,,0,0,Y,0,0,0,0,Haryana
,355MM PN6 PE100 HDPE BEND(FF)90*,,0,0,,0,0,Y,0,0,0,0,Haryana
,355X125MM HDPE Moulded Reducer,,0,0,,0,0,Y,0,0,0,0,Haryana
,355X250MM HDPE Moulded Reducer,,0,0,,0,0,Y,0,0,0,0,Haryana
,355x315MM HDPE Moulded Reducer,,0,0,,0,0,Y,0,0,0,0,Haryana
,4 Way Fogger,,0,0,,0,0,Y,0,0,0,0,Haryana
,40MM  COIL NIPPEL S.S,,0,0,,0,0,Y,0,0,0,0,Haryana
,40mm Coil Nipple(G.I.),,0,0,,0,0,Y,0,0,0,0,Haryana
,315MM PN6 PE100 HDPE BEND-45*(FF),,0,0,,0,0,Y,0,0,0,0,Rajasthan
,40MM PN10 PE100 N,,77.31,0,,0,0,Y,0,0,0,0,Haryana
,40MM PN10 PE80,,94.04,0,,0,0,Y,0,0,0,0,Haryana
,40mm PN6 PE- 80 N,,61.76,0,,0,0,Y,0,0,0,0,Haryana
,40MM PN8 PE100 N,,62.23,0,,0,0,Y,0,0,0,0,Haryana
,40MM PN8 PE80 N,,77.2,0,,0,0,Y,0,0,0,0,Haryana
,500MM HDPE Pipe End,,0,0,,0,0,Y,0,0,0,0,Haryana
,50MM B HDPE Spk Bend,,0,0,,0,0,Y,0,0,0,0,Haryana
,50MM B HDPE Spk PCN,,0,0,,0,0,Y,0,0,0,0,Haryana
,50MM B HDPE Spk Tee,,0,0,,0,0,Y,0,0,0,0,Haryana
,50mm Coil Nipple(G.I),,0,0,,0,0,Y,0,0,0,0,Haryana
,315MM PN6 PE100 HDPE BEND-90*(FF),,0,0,,0,0,Y,0,0,0,0,Rajasthan
,50MM Coil Nipple(S.S.),,0,0,,0,0,Y,0,0,0,0,Haryana
,50MM EPC SPK FOOT-BATTEN,,0,0,,0,0,Y,0,0,0,0,Haryana
,50MM EPC SPK LATCH,,0,0,,0,0,Y,0,0,0,0,Haryana
,50mm GI Nipple,,0,0,,0,0,Y,0,0,0,0,Haryana
,50MM GI STEEL TUBE GROVE NIPPLE,,0,0,,0,0,Y,0,0,0,0,Haryana
,50MM GI TEE,,0,0,,0,0,Y,0,0,0,0,Haryana
,50mm HDPE Pipe End,,0,0,,0,0,Y,0,0,0,0,Haryana
,50MM HDPE Spk End Cap,,0,0,,0,0,Y,0,0,0,0,Haryana
,50MM HDPE Spk Hydrent,,0,0,,0,0,Y,0,0,0,0,Haryana
,50mm Hdpe Spk Hydrent Bend,,0,0,,0,0,Y,0,0,0,0,Haryana
,315MM PN6 PE100 HDPE TEE(FF),,0,0,,0,0,Y,0,0,0,0,Rajasthan
,50mm HDPE SPK Tail Pice,,0,0,,0,0,Y,0,0,0,0,Haryana
,50mm MDPE End Cap,,0,0,,0,0,Y,0,0,0,0,Haryana
,50mm N HDPE SPK MLC,,0,0,,0,0,Y,0,0,0,0,Haryana
,50MM N Spk Foot Batten,,250,0,,0,0,Y,0,0,0,0,Haryana
,50MM N SPK Latch,,0,0,,0,0,Y,0,0,0,0,Haryana
,50mm N Spk Rubber Ring,,0,0,,0,0,Y,0,0,0,0,Haryana
,50MM NB HDPE Irrig Pipe (5mtr) PT-II,,0,0,,0,0,Y,0,0,0,0,Haryana
,50MM NB HDPE Irrig Pipe (6mtr) PT-II,,0,0,,0,0,Y,0,0,0,0,Haryana
,50MM NR HDPE Spk Adopter,,0,0,,0,0,Y,0,0,0,0,Haryana
,50MM NR HDPE Spk Bend,,0,0,,0,0,Y,0,0,0,0,Haryana
,315X110MM HDPE Moulded Reducer,,0,0,,0,0,Y,0,0,0,0,Rajasthan
,50MM NR HDPE Spk PCN,,0,0,,0,0,Y,0,0,0,0,Haryana
,50MM NR HDPE Spk Pipe 3Mtr,,0,0,,0,0,Y,0,0,0,0,Haryana
,50MM NR HDPE Spk Pipe 6Mtr,,0,0,,0,0,Y,0,0,0,0,Haryana
,50MM NR HDPE Spk Tee,,0,0,,0,0,Y,0,0,0,0,Haryana
,50MM PN10 PE100 N,,115.45,0,,0,0,Y,0,0,0,0,Haryana
,50MM PN10 PE100 N-1,,0,0,,0,0,Y,0,0,0,0,Haryana
,50mm PN10 PE-80 N,,138.79,0,,0,0,Y,0,0,0,0,Haryana
,50MM PN12.5 PE100 N,,132.95,0,,0,0,Y,0,0,0,0,Haryana
,50MM PN12.5 PE-80 N,,167.12,0,,0,0,Y,0,0,0,0,Haryana
,50mm PN4 PE- 63 N,,77.02,0,,0,0,Y,0,0,0,0,Haryana
,16MM In Line Dripper(2-LPH)Round,,0,0,,0,0,Y,0,0,0,0,Rajasthan
,Disc Filter 50m3/hrx3(HT-136T)-Plastic,,3816,0,,0,0,Y,0,0,0,0,Rajasthan
,315X180MM HDPE Moulded Reducer,,0,0,,0,0,Y,0,0,0,0,Rajasthan
,50mm PN6 PE- 80 N,,91.63,0,,0,0,Y,0,0,0,0,Haryana
,50mm PN8 PE- 80 N,,117.23,0,,0,0,Y,0,0,0,0,Haryana
,50MM PN8 PE-100 N,,94.83,0,,0,0,Y,0,0,0,0,Haryana
,50MM Spk PCN Nipple,,0,0,,0,0,Y,0,0,0,0,Haryana
,63 MM NE HOOK ONLY,,0,0,,0,0,Y,0,0,0,0,Haryana
,63MM  SPK Pcn Nipple,,0,0,,0,0,Y,0,0,0,0,Haryana
,63MM B HDPE Spk PCN,,0,0,,0,0,Y,0,0,0,0,Haryana
,63MM B HDPE Spk Tee,,0,0,,0,0,Y,0,0,0,0,Haryana
,63mm B MDPE Spk Bend,,0,0,,0,0,Y,0,0,0,0,Haryana
,63mm Coil Nipple (S.S),,0,0,,0,0,Y,0,0,0,0,Haryana
,315X225MM HDPE Moulded Reducer,,0,0,,0,0,Y,0,0,0,0,Rajasthan
,63mm Coil Nipple(G.I.),,0,0,,0,0,Y,0,0,0,0,Haryana
,63MM HDPE  Pipe End,,0,0,,0,0,Y,0,0,0,0,Haryana
,63mm HDPE Moulded Bend,,0,0,,0,0,Y,0,0,0,0,Haryana
,63MM HDPE Pipe for Main Line(3.2kg/cm2),,69,0,,0,0,Y,0,0,0,0,Haryana
,63mm HDPE Spk Hydrent Bend,,0,0,,0,0,Y,0,0,0,0,Haryana
,63MM HDPE Spk Hydrents,,0,0,,0,0,Y,0,0,0,0,Haryana
,63mm HDPE Spk Irrig Pipe(1-ft)PT-II(Sample),,0,0,,0,0,Y,0,0,0,0,Haryana
,63mm HDPE Spk PCN-Cap,,0,0,,0,0,Y,0,0,0,0,Haryana
,63MM HDPE Spk Tail Pice,,0,0,,0,0,Y,0,0,0,0,Haryana
,63mm MDPE End Cap,,0,0,,0,0,Y,0,0,0,0,Haryana
,315X250MM HDPE Moulded Reducer,,0,0,,0,0,Y,0,0,0,0,Rajasthan
,63MM N  SPK Foot Batten,,250,0,,0,0,Y,0,0,0,0,Haryana
,63MM N  SPK Latch,,0,0,,0,0,Y,0,0,0,0,Haryana
,63MM N  SPK Rubber Ring,,0,0,,0,0,Y,0,0,0,0,Haryana
,63mm N1B HDPE Irrig Pipe(6mtr) PT- II,,0,0,,0,0,Y,0,0,0,0,Haryana
,63mm N3B HDPE Irrig Pipe(6Mtr) PT-II,,0,0,,0,0,Y,0,0,0,0,Haryana
,63mm NB HDPE Irrig Pipe(3mtr) PT- II,,0,0,,0,0,Y,0,0,0,0,Haryana
,63mm NB HDPE Irrig Pipe(6mtr) PT- II,,0,0,,0,0,Y,0,0,0,0,Haryana
,63mm NE HDPE Spk Adopter,,0,0,,0,0,Y,0,0,0,0,Haryana
,63mm NE HDPE Spk Bend,,0,0,,0,0,Y,0,0,0,0,Haryana
,63mm NE HDPE Spk End Cap,,0,0,,0,0,Y,0,0,0,0,Haryana
,315x90MM HDPE Moulded Reducer,,0,0,,0,0,Y,0,0,0,0,Rajasthan
,63MM NE HDPE SPK MLC,,0,0,,0,0,Y,0,0,0,0,Haryana
,63mm NE HDPE Spk PCN,,0,0,,0,0,Y,0,0,0,0,Haryana
,63mm NE HDPE Spk Pipe 3mtr,,0,0,,0,0,Y,0,0,0,0,Haryana
,63mm NE HDPE Spk Pipe 4mtr,,0,0,,0,0,Y,0,0,0,0,Haryana
,63mm NE HDPE Spk Pipe 6mtr,,0,0,,0,0,Y,0,0,0,0,Haryana
,63mm NE HDPE Spk Tee,,0,0,,0,0,Y,0,0,0,0,Haryana
,63mm PCN CLAMP/CLIP,,0,0,,0,0,Y,0,0,0,0,Haryana
,63MM PN10 PE-100 N,,182.79,0,,0,0,Y,0,0,0,0,Haryana
,63MM PN10 PE100 N1,,0,0,,0,0,Y,0,0,0,0,Haryana
,63MM PN12.5 PE100 N,,206.93,0,,0,0,Y,0,0,0,0,Haryana
,32MM PE-100-2.3A(IS:14885),,0,0,,0,0,Y,0,0,0,0,Rajasthan
,63mm PN6 PE- 80 N,,142.83,0,,0,0,Y,0,0,0,0,Haryana
,63MM PN6 PE100 N,,118.2,0,,0,0,Y,0,0,0,0,Haryana
,63mm PN8 PE- 80 N,,181.9,0,,0,0,Y,0,0,0,0,Haryana
,63MM PN8 PE-100 N,,151.18,0,,0,0,Y,0,0,0,0,Haryana
,63MM PN8 PE100 N1,,0,0,,0,0,Y,0,0,0,0,Haryana
,63MM PVC Flange,,0,0,,0,0,Y,0,0,0,0,Haryana
,63MM PVC Tail Piece,,0,0,,0,0,Y,0,0,0,0,Haryana
,63mm Spk Foot Batten(PP),,0,0,,0,0,Y,0,0,0,0,Haryana
,63MM SPK PCN Nipple(Short),,0,0,,0,0,Y,0,0,0,0,Haryana
,32MM PE-100-3.0A(IS:14885),,0,0,,0,0,Y,0,0,0,0,Rajasthan
,63x50mm MDPE Reducer,,0,0,,0,0,Y,0,0,0,0,Haryana
,75MM AVL Spk Foot Batten,,0,0,,0,0,Y,0,0,0,0,Haryana
,75MM B HDPE Fab Bend,,0,0,,0,0,Y,0,0,0,0,Haryana
,75MM B HDPE Spk PCN,,0,0,,0,0,Y,0,0,0,0,Haryana
,75MM BATTEN ONLY,,0,0,,0,0,Y,0,0,0,0,Haryana
,75MM COIL NIPPLE (G.I),,0,0,,0,0,Y,0,0,0,0,Haryana
,75MM COIL NIPPLE (SS-12),,0,0,,0,0,Y,0,0,0,0,Haryana
,75mm Epc Spk Rubber Ring,,0,0,,0,0,Y,0,0,0,0,Haryana
,75MM GI NIPPEL,,0,0,,0,0,Y,0,0,0,0,Haryana
,75MM HDPE Feb Tee(PF),,0,0,,0,0,Y,0,0,0,0,Haryana
,32MM PE-80-2.3A(IS:14885),,0,0,,0,0,Y,0,0,0,0,Rajasthan
,75MM HDPE Pipe for Main Line(2.5kg/cm2),,79,0,,0,0,Y,0,0,0,0,Haryana
,75MM HDPE Spk Connector,,0,0,,0,0,Y,0,0,0,0,Haryana
,75mm HDPE Spk Hydrent Bend,,0,0,,0,0,Y,0,0,0,0,Haryana
,75MM HDPE Spk Hydrents,,0,0,,0,0,Y,0,0,0,0,Haryana
,75mm HDPE Spk Irrig Pipe(1-ft)PT-II(Sample),,0,0,,0,0,Y,0,0,0,0,Haryana
,75MM HDPE Spk PCN-CAP,,0,0,,0,0,Y,0,0,0,0,Haryana
,75MM HDPE Spk Tail Piece,,0,0,,0,0,Y,0,0,0,0,Haryana
,75MM M.S FLANECH,,0,0,,0,0,Y,0,0,0,0,Haryana
,75mm MDPE End Cap,,0,0,,0,0,Y,0,0,0,0,Haryana
,75mm N Spk Foot Batten,,300,0,,0,0,Y,0,0,0,0,Haryana
,32MM PE-80-3.0A(IS:14885),,0,0,,0,0,Y,0,0,0,0,Rajasthan
,75MM N SPK Rubber Ring,,0,0,,0,0,Y,0,0,0,0,Haryana
,75mm N1 Spk Foot Batten,,0,0,,0,0,Y,0,0,0,0,Haryana
,75MM N1 SPK Rubber Ring,,0,0,,0,0,Y,0,0,0,0,Haryana
,75mm N1B HDPE Irrig Pipe(6mtr) PT- II,,0,0,,0,0,Y,0,0,0,0,Haryana
,75MM N1B(3.2KG) HDPE Irrrig Pipe(6mtr)PT-II,,0,0,,0,0,Y,0,0,0,0,Haryana
,75mm N1E Spk Latch,,0,0,,0,0,Y,0,0,0,0,Haryana
,75mm N2R HDPE Spk MLC,,0,0,,0,0,Y,0,0,0,0,Haryana
,75mm N3B HDPE Irrig Pipe(6mtr) PT- II,,0,0,,0,0,Y,0,0,0,0,Haryana
,75mm NB HDPE Irrig Pipe(6mtr) PT- II,,0,0,,0,0,Y,0,0,0,0,Haryana
,75mm NB(3.2Kg) HDPE Irrig Pipe (6Mtr)PT-II,,0,0,,0,0,Y,0,0,0,0,Haryana
,32MM PN10 PE100 N,,50.11,0,,0,0,Y,0,0,0,0,Rajasthan
,75mm NB(4Kg) HDPE Irrig Pipe (6Mtr)PT-II,,0,0,,0,0,Y,0,0,0,0,Haryana
,75mm NE HDPE Spk Adopter,,0,0,,0,0,Y,0,0,0,0,Haryana
,75mm NE HDPE Spk Bend,,0,0,,0,0,Y,0,0,0,0,Haryana
,75mm NE HDPE Spk End Cap,,0,0,,0,0,Y,0,0,0,0,Haryana
,75MM NE HDPE Spk MLC,,0,0,,0,0,Y,0,0,0,0,Haryana
,75mm NE HDPE Spk PCN,,0,0,,0,0,Y,0,0,0,0,Haryana
,75mm NE HDPE Spk Pipe 3mtr,,0,0,,0,0,Y,0,0,0,0,Haryana
,75mm NE HDPE Spk Pipe 6mtr,,0,0,,0,0,Y,0,0,0,0,Haryana
,75mm NE HDPE Spk Tee,,0,0,,0,0,Y,0,0,0,0,Haryana
,75mm NE Spk Latch,,0,0,,0,0,Y,0,0,0,0,Haryana
,32MM PN12.5 PE100,,54.24,0,,0,0,Y,0,0,0,0,Rajasthan
,75mm NE(3.2Kg) HDPE Spk Pipe 6Mtr,,772,0,,0,0,Y,0,0,0,0,Haryana
,75mm NR HDPE Spk Adopter,,0,0,,0,0,Y,0,0,0,0,Haryana
,75mm NR HDPE Spk Bend,,0,0,,0,0,Y,0,0,0,0,Haryana
,75mm NR HDPE Spk MLC,,0,0,,0,0,Y,0,0,0,0,Haryana
,75mm NR HDPE Spk PCN,,0,0,,0,0,Y,0,0,0,0,Haryana
,75mm NR HDPE Spk Pipe 3mtr,,0,0,,0,0,Y,0,0,0,0,Haryana
,75mm NR HDPE Spk Pipe 6mtr,,0,0,,0,0,Y,0,0,0,0,Haryana
,75mm NR HDPE Spk Tee,,0,0,,0,0,Y,0,0,0,0,Haryana
,75mm NR Spk Latch,,0,0,,0,0,Y,0,0,0,0,Haryana
,75mm NR Spk Latch (Spl),,0,0,,0,0,Y,0,0,0,0,Haryana
,Drill/inject Lateral Punch 3mm(PVC),,200,0,,0,0,Y,0,0,0,0,Rajasthan
,32mm PN6 PE- 63 N,,48.71,0,,0,0,Y,0,0,0,0,Rajasthan
,75MM PCN CLAMP/CLIP,,0,0,,0,0,Y,0,0,0,0,Haryana
,75MM PN10 PE100 N,,258.38,0,,0,0,Y,0,0,0,0,Haryana
,75MM PN12.5 PE100 N,,292.86,0,,0,0,Y,0,0,0,0,Haryana
,75MM PN12.5 PE100 N1,,0,0,,0,0,Y,0,0,0,0,Haryana
,75mm PN6 PE- 63 N,,240.68,0,,0,0,Y,0,0,0,0,Haryana
,75mm PN6 PE- 80 N,,203.46,0,,0,0,Y,0,0,0,0,Haryana
,75MM PN6 PE100 N,,169.05,0,,0,0,Y,0,0,0,0,Haryana
,75mm PN8 PE- 80 N,,257.36,0,,0,0,Y,0,0,0,0,Haryana
,75MM PN8 PE100 N,,211.65,0,,0,0,Y,0,0,0,0,Haryana
,75MM Spk Foot Batten(PP),,0,0,,0,0,Y,0,0,0,0,Haryana
,32mm PN8 PE- 80 N,,47.54,0,,0,0,Y,0,0,0,0,Rajasthan
,75MM SPK PCN NIPPLE,,0,0,,0,0,Y,0,0,0,0,Haryana
,75MM SPK PCN NIPPLE-SHORT(M.S. COUPLER),,0,0,,0,0,Y,0,0,0,0,Haryana
,75MM Spk Plain Rubber Ring,,0,0,,0,0,Y,0,0,0,0,Haryana
,75x40mm HDPE Bush PCN,,0,0,,0,0,Y,0,0,0,0,Haryana
,75x63MM HDPE MOULDED REDUCER,,0,0,,0,0,Y,0,0,0,0,Haryana
,75x63mm HDPE Spk Reducer(E/R),,0,0,,0,0,Y,0,0,0,0,Haryana
,75x63mm MDPE Reducer,,0,0,,0,0,Y,0,0,0,0,Haryana
,90MM  HDPE Spk End Cap,,0,0,,0,0,Y,0,0,0,0,Haryana
,90mm B HDPE Spk PCN,,0,0,,0,0,Y,0,0,0,0,Haryana
,90mm B HDPE Spk Tee,,0,0,,0,0,Y,0,0,0,0,Haryana
,355MM HDPE FAB TEE,,0,0,,0,0,Y,0,0,0,0,Rajasthan
,90MM COIL NIPPLE(G.I.),,0,0,,0,0,Y,0,0,0,0,Haryana
,90MM COIL NIPPLE(SS-12),,0,0,,0,0,Y,0,0,0,0,Haryana
,90MM HDPE Irrig Pipe for Hydrant(MTR),,0,0,,0,0,Y,0,0,0,0,Haryana
,90MM HDPE MOULDED BEND,,0,0,,0,0,Y,0,0,0,0,Haryana
,90MM HDPE MOULDED PIPE END,,0,0,,0,0,Y,0,0,0,0,Haryana
,90MM HDPE MOULDED TEE,,0,0,,0,0,Y,0,0,0,0,Haryana
,90MM HDPE Pipe End PN6 PE80(Moulded),,0,0,,0,0,Y,0,0,0,0,Haryana
,90MM HDPE Pipe End(Moulded),,0,0,,0,0,Y,0,0,0,0,Haryana
,90mm HDPE Spk Connector,,0,0,,0,0,Y,0,0,0,0,Haryana
,90mm HDPE Spk Hydrent Bend,,0,0,,0,0,Y,0,0,0,0,Haryana
,355MM HDPE PIPE END(Moulded),,0,0,,0,0,Y,0,0,0,0,Rajasthan
,90MM HDPE Spk Hydrents,,0,0,,0,0,Y,0,0,0,0,Haryana
,90MM HDPE Spk Irrig Pipe(1-ft)PT-II(Sample),,0,0,,0,0,Y,0,0,0,0,Haryana
,90mm HDPE Spk PCN Cap,,0,0,,0,0,Y,0,0,0,0,Haryana
,90mm HDPE Spk T.P.,,0,0,,0,0,Y,0,0,0,0,Haryana
,90mm N Spk Foot Batten,,430,0,,0,0,Y,0,0,0,0,Haryana
,90MM N SPK Rubber Ring,,0,0,,0,0,Y,0,0,0,0,Haryana
,90mm N2R HDPE Spk MLC,,0,0,,0,0,Y,0,0,0,0,Haryana
,90mm NB HDPE Irrig Pipe(6mtr) PT- II,,0,0,,0,0,Y,0,0,0,0,Haryana
,90mm NB(3.2KG) HDPE Irrig Pipe (6Mtr) PT-II,,0,0,,0,0,Y,0,0,0,0,Haryana
,90mm NB(4kg)HDPE Irrig Pipe(6mtr) PT- I,,0,0,,0,0,Y,0,0,0,0,Haryana
,355MM M.S. Flange,,0,0,,0,0,Y,0,0,0,0,Rajasthan
,90mm NE HDPE Spk Adopter,,0,0,,0,0,Y,0,0,0,0,Haryana
,90mm NE HDPE Spk Bend,,0,0,,0,0,Y,0,0,0,0,Haryana
,90mm NE HDPE Spk MLC,,0,0,,0,0,Y,0,0,0,0,Haryana
,90mm NE HDPE Spk Pipe 3mtr,,0,0,,0,0,Y,0,0,0,0,Haryana
,90mm NE HDPE Spk Pipe 6mtr,,0,0,,0,0,Y,0,0,0,0,Haryana
,90mm NE HDPE Spk Tee,,0,0,,0,0,Y,0,0,0,0,Haryana
,90mm NE Spk Latch,,0,0,,0,0,Y,0,0,0,0,Haryana
,90mm NR HDPE Spk Adopter,,0,0,,0,0,Y,0,0,0,0,Haryana
,90mm NR HDPE Spk Bend,,0,0,,0,0,Y,0,0,0,0,Haryana
,90mm NR HDPE Spk MLC,,0,0,,0,0,Y,0,0,0,0,Haryana
,355MM PN6 PE100 HDPE BEND(FF)45*,,0,0,,0,0,Y,0,0,0,0,Rajasthan
,90mm NR HDPE Spk Tee,,0,0,,0,0,Y,0,0,0,0,Haryana
,90mm NR Spk Latch,,0,0,,0,0,Y,0,0,0,0,Haryana
,90mm NR(3.2kg)HDPE Spk Pipe 6Mtr,,0,0,,0,0,Y,0,0,0,0,Haryana
,90mm NR(4kg)HDPE Spk Pipe 6Mtr,,165,0,,0,0,Y,0,0,0,0,Haryana
,90MM PN10 PE-100 N(ISO:4427),,369.71,0,,0,0,Y,0,0,0,0,Haryana
,90mm PN6 PE- 80 N,,288.35,0,,0,0,Y,0,0,0,0,Haryana
,90mm PN6 PE- 80 N(FF),,0,0,,0,0,Y,0,0,0,0,Haryana
,90MM PN6 PE100 HDPE TEE(FF)90*,,0,0,,0,0,Y,0,0,0,0,Haryana
,90MM PN6 PE-100 N,,237.77,0,,0,0,Y,0,0,0,0,Haryana
,90MM PN6 PE80 HDPE BEND(FF),,0,0,,0,0,Y,0,0,0,0,Haryana
,355MM PN6 PE100 HDPE BEND(FF)90*,,0,0,,0,0,Y,0,0,0,0,Rajasthan
,90MM PN6 PE80 HDPE TEE(FF),,0,0,,0,0,Y,0,0,0,0,Haryana
,90MM Spk Hook Only,,0,0,,0,0,Y,0,0,0,0,Haryana
,90MM SPK PCN NIPPLE,,0,0,,0,0,Y,0,0,0,0,Haryana
,90x75mm HDPE Reducer(PF),,0,0,,0,0,Y,0,0,0,0,Haryana
,90x75mm HDPE Spk Reducer(B),,0,0,,0,0,Y,0,0,0,0,Haryana
,90x75MM HDPE Spk Reducer(E/R),,0,0,,0,0,Y,0,0,0,0,Haryana
,Air Release Valve 3/4,,157,0,,0,0,Y,0,0,0,0,Haryana
,Back Flush Assembly for Sand Filter 2,,0,0,,0,0,Y,0,0,0,0,Haryana
,Back Flush Assembly for Sand Filter 2.5,,0,0,,0,0,Y,0,0,0,0,Haryana
,Back Flush Assembly for Sand Filter 3,,0,0,,0,0,Y,0,0,0,0,Haryana
,355X125MM HDPE Moulded Reducer,,0,0,,0,0,Y,0,0,0,0,Rajasthan
,Ball Valve 1/2(Brass),,0,0,,0,0,Y,0,0,0,0,Haryana
,Butterfly Valve 2,,1609,0,,0,0,Y,0,0,0,0,Haryana
,Butterfly Valve 2.5,,1709,0,,0,0,Y,0,0,0,0,Haryana
,Butterfly Valve 3,,2293,0,,0,0,Y,0,0,0,0,Haryana
,Butterfly Valve 4,,0,0,,0,0,Y,0,0,0,0,Haryana
,Butterfly Valve 5,,0,0,,0,0,Y,0,0,0,0,Haryana
,Butterfly Valve 6,,0,0,,0,0,Y,0,0,0,0,Haryana
,By Pass Assembly 2.5x2(M.S.),,1250,0,,0,0,Y,0,0,0,0,Haryana
,By Pass Assembly 2X1.5(M.S.),,1120,0,,0,0,Y,0,0,0,0,Haryana
,By Pass Assembly 3''(PP),,0,0,,0,0,Y,0,0,0,0,Haryana
,355X250MM HDPE Moulded Reducer,,0,0,,0,0,Y,0,0,0,0,Rajasthan
,By Pass Assembly 3''x2(M.S.),,1420,0,,0,0,Y,0,0,0,0,Haryana
,By Pass Threaded Tee with Flange End 2.5(PP),,0,0,,0,0,Y,0,0,0,0,Haryana
,By Pass Threaded Tee with Flange End 3 (PP),,0,0,,0,0,Y,0,0,0,0,Haryana
,By Pass Threaded Tee Without  Flange End 2 (PP),,0,0,,0,0,Y,0,0,0,0,Haryana
,Clamp  for Hydrocyclone Filter,,0,0,,0,0,Y,0,0,0,0,Haryana
,Clamp SS(4),,0,0,,0,0,Y,0,0,0,0,Haryana
,Copper Rivit(For Coil Nipple),,0,0,,0,0,Y,0,0,0,0,Haryana
,Copper Wire,,0,0,,0,0,Y,0,0,0,0,Haryana
,Core-Cap,,0,0,,0,0,Y,0,0,0,0,Haryana
,Coupler/joiner 110MM,,0,0,,0,0,Y,0,0,0,0,Haryana
,355x315MM HDPE Moulded Reducer,,0,0,,0,0,Y,0,0,0,0,Rajasthan
,Coupler/joiner 25MM,,32.3,0,,0,0,Y,0,0,0,0,Haryana
,Coupler/Joiner 32mm,,34.53,0,,0,0,Y,0,0,0,0,Haryana
,Coupler/joiner 50mm,,0,0,,0,0,Y,0,0,0,0,Haryana
,Coupler/Joiner 63mm,,0,0,,0,0,Y,0,0,0,0,Haryana
,Coupler/joiner 75mm,,0,0,,0,0,Y,0,0,0,0,Haryana
,Coupler/joiner 90mm,,0,0,,0,0,Y,0,0,0,0,Haryana
,D-Coiler,,0,0,,0,0,Y,0,0,0,0,Haryana
,Dhaga Sutta(MI),,0,0,,0,0,Y,0,0,0,0,Haryana
,Disc Filter 40m3/hrx3(PP),,6051,0,,0,0,Y,0,0,0,0,Haryana
,Disc Filter 50m3/hr X3(Metal),,0,0,,0,0,Y,0,0,0,0,Haryana
,Drill/inject Lateral Punch 4mm(PVC),,0,0,,0,0,Y,0,0,0,0,Rajasthan
,40MM PN10 PE100 N,,77.31,0,,0,0,Y,0,0,0,0,Rajasthan
,DN110 PE100 PN 8 HDPE PIPE,,0,0,,0,0,Y,0,0,0,0,Haryana
,DN110 PE100 PN10 HDPE PIPE,,0,0,,0,0,Y,0,0,0,0,Haryana
,DN110 PE100 PN6 HDPE PIPE(FF),,0,0,,0,0,Y,0,0,0,0,Haryana
,DN110 PE-100 PN6 N HDPE PIPE,,0,0,,0,0,Y,0,0,0,0,Haryana
,DN110 PE80 PN6 HDPE PIPE(FF),,0,0,,0,0,Y,0,0,0,0,Haryana
,DN110 PE80 PN6 N HDPE PIPE,,0,0,,0,0,Y,0,0,0,0,Haryana
,DN125 PE100 PN6 HDPE PIPE(FF),,0,0,,0,0,Y,0,0,0,0,Haryana
,DN125 PE100 PN6 N HDPE PIPE,,0,0,,0,0,Y,0,0,0,0,Haryana
,DN125 PE100-11.4A (IS:14885),,0,0,,0,0,Y,0,0,0,0,Haryana
,DN125 PE100-7.1A (IS:14885),,0,0,,0,0,Y,0,0,0,0,Haryana
,40MM PN10 PE80,,94.04,0,,0,0,Y,0,0,0,0,Rajasthan
,DN125 PE80 PN6 HDPE PIPE,,0,0,,0,0,Y,0,0,0,0,Haryana
,DN125 PE80 PN6 HDPE PIPE(FF),,0,0,,0,0,Y,0,0,0,0,Haryana
,DN125 PE80-11.4A (IS:14885),,0,0,,0,0,Y,0,0,0,0,Haryana
,DN125 PE80-7.1A (IS:14885),,0,0,,0,0,Y,0,0,0,0,Haryana
,DN140 PE100 PN4 N HDPE PIPE,,0,0,,0,0,Y,0,0,0,0,Haryana
,DN140 PE100 PN6  HDPE PIPE(FF),,0,0,,0,0,Y,0,0,0,0,Haryana
,DN140 PE100 PN6 N HDPE PIPE,,0,0,,0,0,Y,0,0,0,0,Haryana
,DN140 PE100 PN8 HDPE PIPE,,0,0,,0,0,Y,0,0,0,0,Haryana
,DN140 PE80 PN6 N HDPE PIPE,,0,0,,0,0,Y,0,0,0,0,Haryana
,DN160 PE100 PN10 N HDPE PIPE,,0,0,,0,0,Y,0,0,0,0,Haryana
,40mm PN6 PE- 80 N,,61.76,0,,0,0,Y,0,0,0,0,Rajasthan
,DN160 PE100 PN12.5 N HDPE PIPE(ISO:4427),,0,0,,0,0,Y,0,0,0,0,Haryana
,DN160 PE100 PN16 N HDPE PIPE(ISO:4427),,0,0,,0,0,Y,0,0,0,0,Haryana
,DN160 PE100 PN6  HDPE PIPE(FF),,0,0,,0,0,Y,0,0,0,0,Haryana
,DN160 PE100 PN6 N HDPE PIPE,,0,0,,0,0,Y,0,0,0,0,Haryana
,DN160 PE100 PN8 N HDPE PIPE,,0,0,,0,0,Y,0,0,0,0,Haryana
,DN160 PE100 PN8 N HDPE PIPE(FF),,0,0,,0,0,Y,0,0,0,0,Haryana
,DN160 PE80 PN6 N HDPE PIPE,,0,0,,0,0,Y,0,0,0,0,Haryana
,DN160 PE80 PN6 N HDPE PIPE(FF),,0,0,,0,0,Y,0,0,0,0,Haryana
,DN180 PE100 PN6 HDPE PIPE(FF),,0,0,,0,0,Y,0,0,0,0,Haryana
,DN180 PE100 PN6 N HDPE PIPE,,0,0,,0,0,Y,0,0,0,0,Haryana
,40MM PN8 PE100 N,,62.23,0,,0,0,Y,0,0,0,0,Rajasthan
,DN180 PE100 PN8 HDPE PIPE,,0,0,,0,0,Y,0,0,0,0,Haryana
,DN180 PE80 PN6 HDPE PIPE,,0,0,,0,0,Y,0,0,0,0,Haryana
,DN180 PE80 PN6 HDPE PIPE(FF),,0,0,,0,0,Y,0,0,0,0,Haryana
,DN200 PE100 PN10 N HDPE PIPE,,0,0,,0,0,Y,0,0,0,0,Haryana
,DN200 PE100 PN6 HDPE PIPE(FF),,0,0,,0,0,Y,0,0,0,0,Haryana
,DN200 PE100 PN6 N HDPE PIPE,,0,0,,0,0,Y,0,0,0,0,Haryana
,DN200 PE100 PN8 HDPE PIPE,,0,0,,0,0,Y,0,0,0,0,Haryana
,DN200 PE80 PN6 HDPE PIPE(FF),,0,0,,0,0,Y,0,0,0,0,Haryana
,DN200 PE80 PN6 N HDPE PIPE,,0,0,,0,0,Y,0,0,0,0,Haryana
,DN225 PE100 PN6 HDPE PIPE(FF),,0,0,,0,0,Y,0,0,0,0,Haryana
,40MM PN8 PE80 N,,77.2,0,,0,0,Y,0,0,0,0,Rajasthan
,DN225 PE100 PN6 N HDPE PIPE,,0,0,,0,0,Y,0,0,0,0,Haryana
,DN225 PE80 PN6 HDPE PIPE,,0,0,,0,0,Y,0,0,0,0,Haryana
,DN225 PE80 PN6 HDPE PIPE(FF),,0,0,,0,0,Y,0,0,0,0,Haryana
,DN250 PE100 PN10 HDPE PIPE,,0,0,,0,0,Y,0,0,0,0,Haryana
,DN250 PE100 PN6 HDPE PIPE(FF),,0,0,,0,0,Y,0,0,0,0,Haryana
,DN250 PE100 PN6 N HDPE PIPE,,0,0,,0,0,Y,0,0,0,0,Haryana
,DN280 PE100 PN6 HDPE PIPE(FF),,0,0,,0,0,Y,0,0,0,0,Haryana
,DN280 PE100 PN6 N HDPE PIPE,,0,0,,0,0,Y,0,0,0,0,Haryana
,DN315 PE100 PN16 HDPE PIPE,,0,0,,0,0,Y,0,0,0,0,Haryana
,DN315 PE100 PN6 HDPE PIPE(FF),,0,0,,0,0,Y,0,0,0,0,Haryana
,500MM HDPE Pipe End,,0,0,,0,0,Y,0,0,0,0,Rajasthan
,DN315 PE100 PN6 N HDPE PIPE,,0,0,,0,0,Y,0,0,0,0,Haryana
,DN315 PE100 PN8 N HDPE PIPE,,0,0,,0,0,Y,0,0,0,0,Haryana
,DN355 PE100 PN6 HDPE PIPE(FF),,0,0,,0,0,Y,0,0,0,0,Haryana
,DN355 PE100 PN6 N HDPE PIPE,,0,0,,0,0,Y,0,0,0,0,Haryana
,DN400 PE100 PN10 HDPE PIPE,,0,0,,0,0,Y,0,0,0,0,Haryana
,DN450 PE80 PN4 N HDPE PIPE,,0,0,,0,0,Y,0,0,0,0,Haryana
,DN500 PE100 PN8 N HDPE PIPE,,0,0,,0,0,Y,0,0,0,0,Haryana
,DN75 PE100 PN6 HDPE PIPE,,0,0,,0,0,Y,0,0,0,0,Haryana
,DN90 PE100 PN10 N HDPE PIPE,,0,0,,0,0,Y,0,0,0,0,Haryana
,DN90 PE100 PN6 N HDPE PIPE,,0,0,,0,0,Y,0,0,0,0,Haryana
,50MM PN10 PE100 N,,115.45,0,,0,0,Y,0,0,0,0,Rajasthan
,DN90 PE100 PN6 N HDPE PIPE(FF),,0,0,,0,0,Y,0,0,0,0,Haryana
,DN90 PE80 PN6 N HDPE PIPE,,0,0,,0,0,Y,0,0,0,0,Haryana
,Drill/inject Lateral Punch 3mm(PVC),,200,0,,0,0,Y,0,0,0,0,Haryana
,Drill/inject Lateral Punch 4mm(PVC),,0,0,,0,0,Y,0,0,0,0,Haryana
,Drill/Inject Punch 10mm,,0,0,,0,0,Y,0,0,0,0,Haryana
,Drill/inject Punch 12mm(Metal),,0,0,,0,0,Y,0,0,0,0,Haryana
,Drill/inject Punch 16mm(Metal),,180,0,,0,0,Y,0,0,0,0,Haryana
,Drill/inject Punch 18mm(Metal),,0,0,,0,0,Y,0,0,0,0,Haryana
,Drill/inject Punch 25mm(Metal),,0,0,,0,0,Y,0,0,0,0,Haryana
,Drill/Inject Punch 3mm(Metal),,2.32,0,,0,0,Y,0,0,0,0,Haryana
,50MM PN10 PE100 N-1,,0,0,,0,0,Y,0,0,0,0,Rajasthan
,Drill/Inject Punch 4mm(Metal),,0,0,,0,0,Y,0,0,0,0,Haryana
,Drill/Inject Punch 8mm(Metal),,1145,0,,0,0,Y,0,0,0,0,Haryana
,Drip Sample Kit,,0,0,,0,0,Y,0,0,0,0,Haryana
,Dripper Plug 2.5mm,,0,0,,0,0,Y,0,0,0,0,Haryana
,Elbow 110mm PVC,,158.9,0,,0,0,Y,0,0,0,0,Haryana
,Elbow 110mm(PP),,0,0,,0,0,Y,0,0,0,0,Haryana
,Elbow 12mm(PP),,2.47,0,,0,0,Y,0,0,0,0,Haryana
,Elbow 140mm(PVC),,0,0,,0,0,Y,0,0,0,0,Haryana
,Elbow 160mm PVC,,0,0,,0,0,Y,0,0,0,0,Haryana
,Elbow 16mm(PP),,2.69,0,,0,0,Y,0,0,0,0,Haryana
,50mm PN10 PE-80 N,,138.79,0,,0,0,Y,0,0,0,0,Rajasthan
,Elbow 20mm(Double Compression),,4.43,0,,0,0,Y,0,0,0,0,Haryana
,Elbow 25mm x 1 Threaded,,30.07,0,,0,0,Y,0,0,0,0,Haryana
,Elbow 32MM PVC,,0,0,,0,0,Y,0,0,0,0,Haryana
,Elbow 32mmx1 Threaded,,36.76,0,,0,0,Y,0,0,0,0,Haryana
,Elbow 40mm  PVC,,0,0,,0,0,Y,0,0,0,0,Haryana
,ELBOW 50MM PVC,,26.61,0,,0,0,Y,0,0,0,0,Haryana
,Elbow 50mm(PP-CF),,0,0,,0,0,Y,0,0,0,0,Haryana
,Elbow 63mm  PVC,,50.81,0,,0,0,Y,0,0,0,0,Haryana
,Elbow 63mm(PP-CF),,0,0,,0,0,Y,0,0,0,0,Haryana
,Elbow 75mm PVC,,60.89,0,,0,0,Y,0,0,0,0,Haryana
,50MM PN12.5 PE100 N,,132.95,0,,0,0,Y,0,0,0,0,Rajasthan
,Elbow 75mm(PP-CF),,0,0,,0,0,Y,0,0,0,0,Haryana
,Elbow 90mm PVC,,89.11,0,,0,0,Y,0,0,0,0,Haryana
,Elbow 90mm(PP-CF),,0,0,,0,0,Y,0,0,0,0,Haryana
,Elbow GI 20MM,,0,0,,0,0,Y,0,0,0,0,Haryana
,Elbow(CF-PP)20MM,,0,0,,0,0,Y,0,0,0,0,Haryana
,Emmitting Pipe (16mm 4LPH 30cm)R Hybrid-Eco,,12.25,0,,0,0,Y,0,0,0,0,Haryana
,Emmitting Pipe (16mm 4LPh 40cm) R Hybrid-Eco,,11.4,0,,0,0,Y,0,0,0,0,Haryana
,Emmitting Pipe CL-II (16mm 2Lph 40Cm)Round,,11.4,0,,0,0,Y,0,0,0,0,Haryana
,Emmitting Pipe CL-II (16mm 2Lph 60cm ) Flat,,11.29,0,,0,0,Y,0,0,0,0,Haryana
,Emmitting Pipe CL-II(12mm 2LPH 40cm)Flat,,8.19,0,,0,0,Y,0,0,0,0,Haryana
,Drill/Inject Punch 10mm,,0,0,,0,0,Y,0,0,0,0,Rajasthan
,50MM PN12.5 PE-80 N,,167.12,0,,0,0,Y,0,0,0,0,Rajasthan
,Emmitting Pipe CL-II(12mm 2LPH 40cm)Round,,8.19,0,,0,0,Y,0,0,0,0,Haryana
,Emmitting Pipe CL-II(12mm 4LPH 40cm) Flat,,8.19,0,,0,0,Y,0,0,0,0,Haryana
,Emmitting Pipe CL-II(12MM 4LPH 40CM)Round,,8.19,0,,0,0,Y,0,0,0,0,Haryana
,Emmitting Pipe CL-II(12mm 4LPH 60cm)Round,,7.54,0,,0,0,Y,0,0,0,0,Haryana
,Emmitting Pipe CL-II(16mm 2LPH 40cm)Flat,,12.08,0,,0,0,Y,0,0,0,0,Haryana
,Emmitting Pipe CL-II(16mm 2LPH 40cm)Flat K-Drip,,11.4,0,,0,0,Y,0,0,0,0,Haryana
,Emmitting Pipe CL-II(16mm 2LPH 50cm)Flat,,11.63,0,,0,0,Y,0,0,0,0,Haryana
,Emmitting Pipe CL-II(16mm 2LPH 50cm)Round,,10.97,0,,0,0,Y,0,0,0,0,Haryana
,Emmitting Pipe CL-II(16mm 4LPH 40cm)Flat,,12.08,0,,0,0,Y,0,0,0,0,Haryana
,Emmitting Pipe CL-II(16mm 4LPH 40cm)Round,,11.4,0,,0,0,Y,0,0,0,0,Haryana
,50mm PN4 PE- 63 N,,77.02,0,,0,0,Y,0,0,0,0,Rajasthan
,Emmitting Pipe CL-II(16mm 4LPH 40cm)Round E-5,,11.4,0,,0,0,Y,0,0,0,0,Haryana
,Emmitting Pipe CL-II(16mm 4LPH 50cm)Flat,,11.63,0,,0,0,Y,0,0,0,0,Haryana
,Emmitting Pipe CL-II(16mm 4LPH 50cm)Round,,10.97,0,,0,0,Y,0,0,0,0,Haryana
,Emmitting Pipe CL-II(16mm 4LPH 50cm)Round E-5,,10.97,0,,0,0,Y,0,0,0,0,Haryana
,Emmitting Pipe CL-II(16mm 4LPH 60cm)Flat,,11.29,0,,0,0,Y,0,0,0,0,Haryana
,Emmitting Pipe CL-II(16mm 4LPH 60cm)Round,,10.65,0,,0,0,Y,0,0,0,0,Haryana
,Emmitting Pipe CL-II(16mm 4LPH 60cm)Round E-5,,10.65,0,,0,0,Y,0,0,0,0,Haryana
,Emmitting Pipe CL-III(16mm 4LPH 50cm)Round E-5,,10.97,0,,0,0,Y,0,0,0,0,Haryana
,Emmitting Pipe(16mm 4LPH 40cm)R Hybrid,,11.4,0,,0,0,Y,0,0,0,0,Haryana
,End Cap 110mm(CF),,0,0,,0,0,Y,0,0,0,0,Haryana
,50mm PN6 PE- 80 N,,91.63,0,,0,0,Y,0,0,0,0,Rajasthan
,End Cap 140mm PVC,,0,0,,0,0,Y,0,0,0,0,Haryana
,End Cap 160mm PVC,,0,0,,0,0,Y,0,0,0,0,Haryana
,End Cap 32mm PVC,,0,0,,0,0,Y,0,0,0,0,Haryana
,End Cap 40mm PVC,,0,0,,0,0,Y,0,0,0,0,Haryana
,End Cap 40mm(CF),,0,0,,0,0,Y,0,0,0,0,Haryana
,End Cap 50MM(PP),,0,0,,0,0,Y,0,0,0,0,Haryana
,End Cap 50mm(PVC),,17.17,0,,0,0,Y,0,0,0,0,Haryana
,End Cap 63MM(PP),,0,0,,0,0,Y,0,0,0,0,Haryana
,End Cap 63mm(PVC),,21.05,0,,0,0,Y,0,0,0,0,Haryana
,End Cap 75mm(CF),,0,0,,0,0,Y,0,0,0,0,Haryana
,50mm PN8 PE- 80 N,,117.23,0,,0,0,Y,0,0,0,0,Rajasthan
,END CAP 75MM(PVC),,29.57,0,,0,0,Y,0,0,0,0,Haryana
,End Cap 90mm(PP-CF),,0,0,,0,0,Y,0,0,0,0,Haryana
,End Cap 90mm(PVC),,37.47,0,,0,0,Y,0,0,0,0,Haryana
,End Cap with Ring 2.5 for Screen/Disc Filter,,0,0,,0,0,Y,0,0,0,0,Haryana
,End Cap with Ring 3 for Screen/Disc Filter,,0,0,,0,0,Y,0,0,0,0,Haryana
,End Cap/End Plug(Line End) 12mm,,2.13,0,,0,0,Y,0,0,0,0,Haryana
,End Cap/End Plug(Line End) 16mm,,2.45,0,,0,0,Y,0,0,0,0,Haryana
,End Cap/End Plug(Line End) 25mm,,25.61,0,,0,0,Y,0,0,0,0,Haryana
,End Cap/End Plug(Line End) 32mm,,27.84,0,,0,0,Y,0,0,0,0,Haryana
,End Cap/End Plug(Line End)20mm,,2.5,0,,0,0,Y,0,0,0,0,Haryana
,50MM PN8 PE-100 N,,94.83,0,,0,0,Y,0,0,0,0,Rajasthan
,End Plate  2-2.5-:3 for Hydrocyc Filter,,0,0,,0,0,Y,0,0,0,0,Haryana
,Extension/Connecting Tube 1.2M Long 12mm,,48,0,,0,0,Y,0,0,0,0,Haryana
,Extension/Connecting Tube 1.5M Long 12mm,,58,0,,0,0,Y,0,0,0,0,Haryana
,Fertilizer Tank with Assembly 30-Litres,,4402,0,,0,0,Y,0,0,0,0,Haryana
,Fertilizer Tank with Assembly 90-Litres,,6887,0,,0,0,Y,0,0,0,0,Haryana
,Flanged Elbow 2,,0,0,,0,0,Y,0,0,0,0,Haryana
,Flanged Elbow 2.5,,0,0,,0,0,Y,0,0,0,0,Haryana
,Flanged Elbow 3,,0,0,,0,0,Y,0,0,0,0,Haryana
,Flat Dripper  2LPH,,0,0,,0,0,Y,0,0,0,0,Haryana
,Flat Dripper  4LPH,,0,0,,0,0,Y,0,0,0,0,Haryana
,63MM PN10 PE-100 N,,182.79,0,,0,0,Y,0,0,0,0,Rajasthan
,Flat Dripper 1.6LPH,,0,0,,0,0,Y,0,0,0,0,Haryana
,Flush Valve(75x90) 90mm,,109,0,,0,0,Y,0,0,0,0,Haryana
,FTA 20mm,,0,0,,0,0,Y,0,0,0,0,Haryana
,FTA 32mm,,0,0,,0,0,Y,0,0,0,0,Haryana
,FTA 32MM PVC,,0,0,,0,0,Y,0,0,0,0,Haryana
,FTA 40mm,,0,0,,0,0,Y,0,0,0,0,Haryana
,FTA 50MM,,0,0,,0,0,Y,0,0,0,0,Haryana
,FTA 63mm(63X50-2),,0,0,,0,0,Y,0,0,0,0,Haryana
,FTA 75mm,,0,0,,0,0,Y,0,0,0,0,Haryana
,FTA 90MM,,0,0,,0,0,Y,0,0,0,0,Haryana
,63MM PN10 PE100 N1,,0,0,,0,0,Y,0,0,0,0,Rajasthan
,G .I. Nipple 2x4,,0,0,,0,0,Y,0,0,0,0,Haryana
,G. I. Tee 90mm(3*2.5),,0,0,,0,0,Y,0,0,0,0,Haryana
,G.I. Nipple 1.5x4,,0,0,,0,0,Y,0,0,0,0,Haryana
,G.I. Tee 110mm(4*2.5),,0,0,,0,0,Y,0,0,0,0,Haryana
,G.I. Tee 110mm(4*3),,0,0,,0,0,Y,0,0,0,0,Haryana
,G.I.Elbow 1.5,,0,0,,0,0,Y,0,0,0,0,Haryana
,G.I.Elbow 2,,0,0,,0,0,Y,0,0,0,0,Haryana
,G.I.Reducer 1.25x2,,0,0,,0,0,Y,0,0,0,0,Haryana
,G.I.Reducer 1.5x2,,0,0,,0,0,Y,0,0,0,0,Haryana
,G.I.Reducer 1x1/2,,0,0,,0,0,Y,0,0,0,0,Haryana
,63MM PN12.5 PE100 N,,206.93,0,,0,0,Y,0,0,0,0,Rajasthan
,G.I.Socket 1,,0,0,,0,0,Y,0,0,0,0,Haryana
,G.I.Socket 1.5,,0,0,,0,0,Y,0,0,0,0,Haryana
,G.I.Socket 1.5x2,,0,0,,0,0,Y,0,0,0,0,Haryana
,G.I.Socket 2,,0,0,,0,0,Y,0,0,0,0,Haryana
,GI Elbow 1(MI)25mm,,0,0,,0,0,Y,0,0,0,0,Haryana
,GI Elbow 2.5(MI),,0,0,,0,0,Y,0,0,0,0,Haryana
,GI Elbow 32mm(MI),,0,0,,0,0,Y,0,0,0,0,Haryana
,GI Nipple 1.5x6(MI),,0,0,,0,0,Y,0,0,0,0,Haryana
,GI Nipple 1/2*3,,0,0,,0,0,Y,0,0,0,0,Haryana
,GI Nipple 1/2x6,,0,0,,0,0,Y,0,0,0,0,Haryana
,63mm PN4 PE- 63 N,,118.28,0,,0,0,Y,0,0,0,0,Rajasthan
,GI Nipple 1x18(MI),,0,0,,0,0,Y,0,0,0,0,Haryana
,GI Nipple 1x9(MI),,0,0,,0,0,Y,0,0,0,0,Haryana
,GI Nipple 2.5x4(MI),,0,0,,0,0,Y,0,0,0,0,Haryana
,GI Nipple 2x6(MI),,0,0,,0,0,Y,0,0,0,0,Haryana
,GI Nipple 32m(1-1/4)X6,,0,0,,0,0,Y,0,0,0,0,Haryana
,GI Nipples 2.5x9(MI),,0,0,,0,0,Y,0,0,0,0,Haryana
,GI Reducer 2.5x2(MI),,0,0,,0,0,Y,0,0,0,0,Haryana
,GI Reducer 3x2-1/2(MI),,0,0,,0,0,Y,0,0,0,0,Haryana
,GI Reducing Tee 2.5x2(MI),,0,0,,0,0,Y,0,0,0,0,Haryana
,Gi Socket 1.25,,0,0,,0,0,Y,0,0,0,0,Haryana
,63mm PN6 PE- 80 N,,142.83,0,,0,0,Y,0,0,0,0,Rajasthan
,Grommet 12mm,,0,0,,0,0,Y,0,0,0,0,Haryana
,Grommet 16mm,,3.2,0,,0,0,Y,0,0,0,0,Haryana
,Gun Metal Throttle Valve 1(25mm),,1191,0,,0,0,Y,0,0,0,0,Haryana
,Gun Metal Throttle Valve 1.5,,2982,0,,0,0,Y,0,0,0,0,Haryana
,Gun Metal Throttle Valve 1/2,,518,0,,0,0,Y,0,0,0,0,Haryana
,Gun Metal Throttle Valve 2,,4246,0,,0,0,Y,0,0,0,0,Haryana
,Gun Metal Throttle Valve 2.5(65mm),,11613,0,,0,0,Y,0,0,0,0,Haryana
,Gun Metal Throttle Valve 3,,15016,0,,0,0,Y,0,0,0,0,Haryana
,Gun Metal Throttle Valve 3/4,,839,0,,0,0,Y,0,0,0,0,Haryana
,HDPE Packing Clips(MFG),,0,0,,0,0,Y,0,0,0,0,Haryana
,Drill/inject Punch 12mm(Metal),,0,0,,0,0,Y,0,0,0,0,Rajasthan
,63MM PN6 PE100 N,,118.2,0,,0,0,Y,0,0,0,0,Rajasthan
,Header Assambly 5(Type-I),,0,0,,0,0,Y,0,0,0,0,Haryana
,Header Assambly 5(Type-II),,0,0,,0,0,Y,0,0,0,0,Haryana
,Header Assambly 5(Type-III),,0,0,,0,0,Y,0,0,0,0,Haryana
,Header Assembly 2(M.S.),,3259,0,,0,0,Y,0,0,0,0,Haryana
,Header Assembly 2(PP),,0,0,,0,0,Y,0,0,0,0,Haryana
,Header Assembly 2.5(M.S.),,4104,0,,0,0,Y,0,0,0,0,Haryana
,Header Assembly 2.5(PP),,0,0,,0,0,Y,0,0,0,0,Haryana
,HEADER ASSEMBLY 2.5X2COMBO PP,,3494,0,,0,0,Y,0,0,0,0,Haryana
,Header Assembly 2Combo(PP),,0,0,,0,0,Y,0,0,0,0,Haryana
,Header Assembly 2x1.5(Combo Pack),,2855,0,,0,0,Y,0,0,0,0,Haryana
,63mm PN8 PE- 80 N,,181.9,0,,0,0,Y,0,0,0,0,Rajasthan
,Header Assembly 3(M.S.),,4754,0,,0,0,Y,0,0,0,0,Haryana
,Header Assembly 3(PP),,4754,0,,0,0,Y,0,0,0,0,Haryana
,Header Assembly 3x2Combo-PP,,5199,0,,0,0,Y,0,0,0,0,Haryana
,Header Assembly 4(M.S.),,7243,0,,0,0,Y,0,0,0,0,Haryana
,Header Assembly 4(PP),,7243,0,,0,0,Y,0,0,0,0,Haryana
,Hex Nipple 1''(MI),,0,0,,0,0,Y,0,0,0,0,Haryana
,Hex Nipple 3/4(25mm),,0,0,,0,0,Y,0,0,0,0,Haryana
,Hose Clamp 4,,0,0,,0,0,Y,0,0,0,0,Haryana
,Hydro Cyclone Filter 40m3/hr 3(M.S.),,9273,0,,0,0,Y,0,0,0,0,Haryana
,Hydro-Cyclone Filter 25m3/hr x 2(PP),,6254,0,,0,0,Y,0,0,0,0,Haryana
,63MM PN8 PE-100 N,,151.18,0,,0,0,Y,0,0,0,0,Rajasthan
,Hydro-Cyclone Filter 25m3/hrx2(M.S.),,7269,0,,0,0,Y,0,0,0,0,Haryana
,Hydro-Cyclone Filter 30m3/hr x 2.5(PP),,6786,0,,0,0,Y,0,0,0,0,Haryana
,Hydro-Cyclone Filter 40m3/hr x 2.5(PP),,0,0,,0,0,Y,0,0,0,0,Haryana
,Hydro-Cyclone Filter 40m3/hrx3(PP),,0,0,,0,0,Y,0,0,0,0,Haryana
,Hydro-Cyclone Filter 50m3/hr x 3(PP),,8278,0,,0,0,Y,0,0,0,0,Haryana
,Hydro-Cyclone Filter 50m3/hrx3(M.S.),,9273,0,,0,0,Y,0,0,0,0,Haryana
,Hydro-Cyclone Filter 60m3/hrx3(M.S.),,0,0,,0,0,Y,0,0,0,0,Haryana
,Hydro-Cycloner Filter 10m3/hr x 1.5(M.S),,0,0,,0,0,Y,0,0,0,0,Haryana
,Installation Stake 1.2Mtr Long(8mm),,93,0,,0,0,Y,0,0,0,0,Haryana
,Installation Stake Trishul Type,,93,0,,0,0,Y,0,0,0,0,Haryana
,63MM PN8 PE100 N1,,151.18,0,,0,0,Y,0,0,0,0,Rajasthan
,Installation Stake Trishul Type 1.5mtr,,113,0,,0,0,Y,0,0,0,0,Haryana
,Joiner 12mm,,2.24,0,,0,0,Y,0,0,0,0,Haryana
,Joiner 12X16mm,,0,0,,0,0,Y,0,0,0,0,Haryana
,Joiner 16mm,,2.67,0,,0,0,Y,0,0,0,0,Haryana
,Joiner 16x20mm,,0,0,,0,0,Y,0,0,0,0,Haryana
,Joiner 20mm,,4.5,0,,0,0,Y,0,0,0,0,Haryana
,Lateral Cock 12mm,,4.18,0,,0,0,Y,0,0,0,0,Haryana
,Lateral Cock 12mm(Heavy),,0,0,,0,0,Y,0,0,0,0,Haryana
,Lateral Cock 16mm,,4.18,0,,0,0,Y,0,0,0,0,Haryana
,Lateral Cock 16mm(Heavy),,0,0,,0,0,Y,0,0,0,0,Haryana
,75MM HDPE Feb Tee(PF),,0,0,,0,0,Y,0,0,0,0,Rajasthan
,LLDPE Plain Laterals 16mm 2.5kg CL-II(E5),,11,0,,0,0,Y,0,0,0,0,Haryana
,LLDPE Plain Laterals 25mm 2.5kg Cl-II,,29,0,,0,0,Y,0,0,0,0,Haryana
,LLDPE Plain Laterals 32mm 2.5Kg CL-II,,42,0,,0,0,Y,0,0,0,0,Haryana
,MDPE PIPE 20MM PN16 PE80(ISO:4427),,0,0,,0,0,Y,0,0,0,0,Haryana
,MDPE PIPE 25MM PN16 PE80(ISO:4427),,0,0,,0,0,Y,0,0,0,0,Haryana
,Menifold for Ventury '2',,0,0,,0,0,Y,0,0,0,0,Haryana
,Micro Spk Stake(C/O Type),,0,0,,0,0,Y,0,0,0,0,Haryana
,Micro Spk Tube(C/O-Type),,0,0,,0,0,Y,0,0,0,0,Haryana
,Micro Spk. Inverted Rotar Nozzle,,0,0,,0,0,Y,0,0,0,0,Haryana
,Micro Spk. Set(Assembly Without Stand)Nozzle,,0,0,,0,0,Y,0,0,0,0,Haryana
,75MM PN10 PE100 N,,258.38,0,,0,0,Y,0,0,0,0,Rajasthan
,Micro Sprayer/Jet(Assembley Without Stand),,0,0,,0,0,Y,0,0,0,0,Haryana
,Micro Tube 1.8mm,,0,0,,0,0,Y,0,0,0,0,Haryana
,Mini Spk M/F Adopter 1/2,,8.73,0,,0,0,Y,0,0,0,0,Haryana
,Mini Spk M/F Connector(9/12mm),,6.6,0,,0,0,Y,0,0,0,0,Haryana
,Mini Spk Nozzle-Half Circle '1/2',,233,0,,0,0,Y,0,0,0,0,Haryana
,Mini Spk. Nozzle(Double) Full Circle,,122,0,,0,0,Y,0,0,0,0,Haryana
,M-Seal(Safeda-MI),,0,0,,0,0,Y,0,0,0,0,Haryana
,MTA 110mm(CF),,0,0,,0,0,Y,0,0,0,0,Haryana
,MTA 25MM PVC,,0,0,,0,0,Y,0,0,0,0,Haryana
,MTA 32MM PVC,,0,0,,0,0,Y,0,0,0,0,Haryana
,75MM PN12.5 PE100 N,,292.86,0,,0,0,Y,0,0,0,0,Rajasthan
,MTA 40mm(CF),,0,0,,0,0,Y,0,0,0,0,Haryana
,MTA 50MM(50X40=1.5) PVC,,23.21,0,,0,0,Y,0,0,0,0,Haryana
,MTA 50mm(PP-CF),,0,0,,0,0,Y,0,0,0,0,Haryana
,MTA 63mm(63X50-2)PVC,,30.49,0,,0,0,Y,0,0,0,0,Haryana
,MTA 63MM(CF),,0,0,,0,0,Y,0,0,0,0,Haryana
,MTA 63x50mm(CF),,0,0,,0,0,Y,0,0,0,0,Haryana
,MTA 75MM PVC,,45.69,0,,0,0,Y,0,0,0,0,Haryana
,MTA 75MM(CF),,0,0,,0,0,Y,0,0,0,0,Haryana
,MTA 75x63mm(CF),,0,0,,0,0,Y,0,0,0,0,Haryana
,MTA 90MM PVC,,74.54,0,,0,0,Y,0,0,0,0,Haryana
,75MM PN12.5 PE100 N1,,0,0,,0,0,Y,0,0,0,0,Rajasthan
,MTA 90MM(CF),,0,0,,0,0,Y,0,0,0,0,Haryana
,MTA 90x75mm(CF),,0,0,,0,0,Y,0,0,0,0,Haryana
,MTA PP(CF) 25MM,,0,0,,0,0,Y,0,0,0,0,Haryana
,MTA(Compression Fittings) 32mm x 1,,0,0,,0,0,Y,0,0,0,0,Haryana
,MTA(Compression Fittings)20mm X 3/4,,0,0,,0,0,Y,0,0,0,0,Haryana
,Non Return Valve 2.5(PP),,1724,0,,0,0,Y,0,0,0,0,Haryana
,Non Return Valve 3(80mm),,1670,0,,0,0,Y,0,0,0,0,Haryana
,Non Return Valve 4,,2223,0,,0,0,Y,0,0,0,0,Haryana
,Non Return Valve(NRV) 6,,0,0,,0,0,Y,0,0,0,0,Haryana
,Nut-Bolt-Washer-Gasket for Header Assl. 2,,0,0,,0,0,Y,0,0,0,0,Haryana
,75mm PN4 PE- 63 N,,169.96,0,,0,0,Y,0,0,0,0,Rajasthan
,On Line Dripper(14-LPH),,3.95,0,,0,0,Y,0,0,0,0,Haryana
,P. P. Ball Valve 1 Threaded (32mm) M/F,,162,0,,0,0,Y,0,0,0,0,Haryana
,P.P. Ball Valve 2 Threaded (63mm),,0,0,,0,0,Y,0,0,0,0,Haryana
,P.P. Ball Valve 2.5 Threaded (75mm),,0,0,,0,0,Y,0,0,0,0,Haryana
,P.P. Ball Valve 3 Threaded(90mm),,0,0,,0,0,Y,0,0,0,0,Haryana
,P.P. Ball Valve with Flange End 4,,0,0,,0,0,Y,0,0,0,0,Haryana
,P.P. Tail Pices Flange 2,,80,0,,0,0,Y,0,0,0,0,Haryana
,P.P. Tail Pices Flange 2.5,,90,0,,0,0,Y,0,0,0,0,Haryana
,P.P. Tail Pices Flange 3,,103,0,,0,0,Y,0,0,0,0,Haryana
,P.V.C. Ball Valve 2(Threaded End),,0,0,,0,0,Y,0,0,0,0,Haryana
,75mm PN6 PE- 63 N,,240.68,0,,0,0,Y,0,0,0,0,Rajasthan
,Plug(9/12mm)M-22-End Plug,,0,0,,0,0,Y,0,0,0,0,Haryana
,PP  Ball  Valve 50mm 1-1/2Solid(Threded),,0,0,,0,0,Y,0,0,0,0,Haryana
,PP Ball Valve 1.25 Threaded(40mm),,0,0,,0,0,Y,0,0,0,0,Haryana
,PP Ball Valve 1.5 Threaded(50mm),,0,0,,0,0,Y,0,0,0,0,Haryana
,PP Ball Valve 20/25 mm Solid Threaded(3/4),,0,0,,0,0,Y,0,0,0,0,Haryana
,PP Ball Valve 50mm 1-1/2Solid(Plain),,0,0,,0,0,Y,0,0,0,0,Haryana
,PP Ball Valve 63mm(2) Solid Threaded,,560,0,,0,0,Y,0,0,0,0,Haryana
,PP Ball Valve 63mm(2)Solid(Plain),,0,0,,0,0,Y,0,0,0,0,Haryana
,PP Ball Valve with Flange End 2.5,,0,0,,0,0,Y,0,0,0,0,Haryana
,PP Ball Valve with Flanged End 3,,0,0,,0,0,Y,0,0,0,0,Haryana
,Drill/inject Punch 16mm(Metal),,180,0,,0,0,Y,0,0,0,0,Rajasthan
,75mm PN6 PE- 80 N,,203.46,0,,0,0,Y,0,0,0,0,Rajasthan
,PP Ball Valve with Flanged Ends 2,,0,0,,0,0,Y,0,0,0,0,Haryana
,PP Ball Valve(Flange End) 1,,0,0,,0,0,Y,0,0,0,0,Haryana
,PP Ball Valve/control Valve 20/25mm Singal Union,,135,0,,0,0,Y,0,0,0,0,Haryana
,PP Flange Threaded (2.5),,0,0,,0,0,Y,0,0,0,0,Haryana
,PP Flange Threaded (3),,0,0,,0,0,Y,0,0,0,0,Haryana
,PP Flange Threaded 2,,0,0,,0,0,Y,0,0,0,0,Haryana
,PP Reducing Bush 2x1.5,,0,0,,0,0,Y,0,0,0,0,Haryana
,PP Socket 1.5(50mm)MI,,0,0,,0,0,Y,0,0,0,0,Haryana
,PP Socket 2(63mm)MI,,0,0,,0,0,Y,0,0,0,0,Haryana
,PP Socket 2.5(75mm)MI,,0,0,,0,0,Y,0,0,0,0,Haryana
,75MM PN6 PE100 N,,169.05,0,,0,0,Y,0,0,0,0,Rajasthan
,PP Socket 3(90mm)MI,,0,0,,0,0,Y,0,0,0,0,Haryana
,Pressure Gauge Glycerine 2,,458,0,,0,0,Y,0,0,0,0,Haryana
,Pressure Gauge Glycerine 2.5,,0,0,,0,0,Y,0,0,0,0,Haryana
,Pressure Release Valve 2X1.5,,2074,0,,0,0,Y,0,0,0,0,Haryana
,PVC Ball Valve 2(Plain End),,0,0,,0,0,Y,0,0,0,0,Haryana
,PVC Ball Valve 2.5(Plain End),,0,0,,0,0,Y,0,0,0,0,Haryana
,PVC Ball Valve 2.5(Threded End),,0,0,,0,0,Y,0,0,0,0,Haryana
,PVC Ball Valve 20mm(Compression/female Tthreaded),,0,0,,0,0,Y,0,0,0,0,Haryana
,Pvc Ball Valve 3(90mm)(Threaded End),,0,0,,0,0,Y,0,0,0,0,Haryana
,PVC Ball Valve 4(110mm) (Threaded End),,0,0,,0,0,Y,0,0,0,0,Haryana
,75mm PN8 PE- 80 N,,257.36,0,,0,0,Y,0,0,0,0,Rajasthan
,Pvc Ball Valve 40 mm,,0,0,,0,0,Y,0,0,0,0,Haryana
,PVC Bush 63x50mm,,0,0,,0,0,Y,0,0,0,0,Haryana
,PVC Bush 75x63mm 10kg,,0,0,,0,0,Y,0,0,0,0,Haryana
,PVC Bush 90x63mm 10kg,,0,0,,0,0,Y,0,0,0,0,Haryana
,PVC Connecting Tube 20cm(Stab-Barb-Conn-Bayoynet),,0,0,,0,0,Y,0,0,0,0,Haryana
,PVC PIPE 110MMX2.5KG/CM2(MTR),,0,0,,0,0,Y,0,0,0,0,Haryana
,PVC PIPE 110MMX4KG/CM2 (MTR),,187.45,0,,0,0,Y,0,0,0,0,Haryana
,PVC PIPE 110MMX6KG/CM2 (MTR),,0,0,,0,0,Y,0,0,0,0,Haryana
,PVC PIPE 140MMX2.5KG/CM2 (MTR),,0,0,,0,0,Y,0,0,0,0,Haryana
,PVC PIPE 140MMX4KG/CM2(Mtr),,262.5,0,,0,0,Y,0,0,0,0,Haryana
,75MM PN8 PE100 N,,211.65,0,,0,0,Y,0,0,0,0,Rajasthan
,PVC PIPE 140MMX6KG/CM2(Mtr),,0,0,,0,0,Y,0,0,0,0,Haryana
,PVC PIPE 160MMX2.5KG/CM2 (MTR),,0,0,,0,0,Y,0,0,0,0,Haryana
,PVC PIPE 160MMX6KG/CM2 (MTR),,0,0,,0,0,Y,0,0,0,0,Haryana
,PVC PIPE 200MMX2.5KG/CM2 (MTR),,0,0,,0,0,Y,0,0,0,0,Haryana
,PVC PIPE 200MMX4KG/CM2 (MTR),,0,0,,0,0,Y,0,0,0,0,Haryana
,PVC PIPE 200MMX6KG/CM2 (MTR),,0,0,,0,0,Y,0,0,0,0,Haryana
,PVC PIPE 225MMX4KG/CM2 CASING PIPE(MTR),,0,0,,0,0,Y,0,0,0,0,Haryana
,PVC PIPE 225MMX6KG/CM2 CASING PIPE(MTR),,0,0,,0,0,Y,0,0,0,0,Haryana
,PVC PIPE 32MMX10KG/CM2 (MTR),,48,0,,0,0,Y,0,0,0,0,Haryana
,PVC Pipe 63mm x 4 Kg / Cm2(MTR)XXXXXXXX,,65.42,0,,0,0,Y,0,0,0,0,Haryana
,90MM HDPE MOULDED TEE,,0,0,,0,0,Y,0,0,0,0,Rajasthan
,PVC PIPE 63MMX6KG/CM2 (MTR),,95.05,0,,0,0,Y,0,0,0,0,Haryana
,PVC PIPE 75MM X 6KG/CM2 (MTR),,132.87,0,,0,0,Y,0,0,0,0,Haryana
,PVC PIPE 90MM X2.5KG/CM2 (MTR),,82.8,0,,0,0,Y,0,0,0,0,Haryana
,PVC PIPE 90MM X6KG/CM2 (MTR),,189.11,0,,0,0,Y,0,0,0,0,Haryana
,PVC PIPE 90MMX10KG/CM2 (MTR),,0,0,,0,0,Y,0,0,0,0,Haryana
,PVC Reducer Bush 110x63mm,,0,0,,0,0,Y,0,0,0,0,Haryana
,PVC Reducer Bush 63x50mm 6kg,,0,0,,0,0,Y,0,0,0,0,Haryana
,PVC Reducer Coupler 75x63mm,,0,0,,0,0,Y,0,0,0,0,Haryana
,Rain Gun  Adopter 1.25(50X40),,0,0,,0,0,Y,0,0,0,0,Haryana
,Rain Gun 1.25,,0,0,,0,0,Y,0,0,0,0,Haryana
,90MM HDPE Pipe End PN6 PE80(Moulded),,0,0,,0,0,Y,0,0,0,0,Rajasthan
,Rain Gun 2 with Stand,,0,0,,0,0,Y,0,0,0,0,Haryana
,RAIN GUN ADOPTER 2(63x40),,0,0,,0,0,Y,0,0,0,0,Haryana
,Rain Gun Nipple G.I. 2.5x1-1/4,,0,0,,0,0,Y,0,0,0,0,Haryana
,Rain Gun Nipple G.I. 2x1-1/4,,0,0,,0,0,Y,0,0,0,0,Haryana
,Rain Gun Riser 1.25,,0,0,,0,0,Y,0,0,0,0,Haryana
,Rain Gun Stand 1.25,,0,0,,0,0,Y,0,0,0,0,Haryana
,Raingun Adopter 2.5(75x40),,0,0,,0,0,Y,0,0,0,0,Haryana
,Raingun Adopter 3(90x40),,0,0,,0,0,Y,0,0,0,0,Haryana
,Raingun Adopter 4(110x40),,0,0,,0,0,Y,0,0,0,0,Haryana
,Reducer 110x90mm PVC,,92.59,0,,0,0,Y,0,0,0,0,Haryana
,90MM HDPE Pipe End(Moulded),,0,0,,0,0,Y,0,0,0,0,Rajasthan
,Reducer 160x140mm PVC,,0,0,,0,0,Y,0,0,0,0,Haryana
,Reducer 16x12mm Comp.Connector(Both Side),,2.24,0,,0,0,Y,0,0,0,0,Haryana
,Reducer 16X17MM Comp. Connector(Both Side),,0,0,,0,0,Y,0,0,0,0,Haryana
,Reducer 200x160mm PVC,,0,0,,0,0,Y,0,0,0,0,Haryana
,Reducer 25x20mm(PP),,0,0,,0,0,Y,0,0,0,0,Haryana
,Reducer 40x32mm PVC,,0,0,,0,0,Y,0,0,0,0,Haryana
,Reducer 63x40mm PVC,,0,0,,0,0,Y,0,0,0,0,Haryana
,Reducer 63x50mm PVC,,41.51,0,,0,0,Y,0,0,0,0,Haryana
,Reducer 63x50mm(PP),,0,0,,0,0,Y,0,0,0,0,Haryana
,Reducer 75x50mm PVC,,33.54,0,,0,0,Y,0,0,0,0,Haryana
,90MM PN10 PE-100 N(ISO:4427),,369.71,0,,0,0,Y,0,0,0,0,Rajasthan
,Reducer 75x63mm PVC,,45.22,0,,0,0,Y,0,0,0,0,Haryana
,Reducer 90x63 mm Pvc,,57.02,0,,0,0,Y,0,0,0,0,Haryana
,Reducer 90x75mm PVC,,58.54,0,,0,0,Y,0,0,0,0,Haryana
,Reducer Elbow 75x63mm PVC,,0,0,,0,0,Y,0,0,0,0,Haryana
,Reducer Tee 110x90 PVC,,204.19,0,,0,0,Y,0,0,0,0,Haryana
,Reducer Tee 160x110 PVC,,0,0,,0,0,Y,0,0,0,0,Haryana
,Reducer Tee 160X90MM (PVC),,0,0,,0,0,Y,0,0,0,0,Haryana
,Reducer Tee 63x32mm PVC,,0,0,,0,0,Y,0,0,0,0,Haryana
,Reducer Tee 75x63mm PVC,,0,0,,0,0,Y,0,0,0,0,Haryana
,Reducer Tee 90x63mm 6kg,,0,0,,0,0,Y,0,0,0,0,Haryana
,90mm PN6 PE- 80 N,,288.35,0,,0,0,Y,0,0,0,0,Rajasthan
,Reducer Tee 90x63mm PVC,,0,0,,0,0,Y,0,0,0,0,Haryana
,Reducer Tee 90x75mm PVC,,0,0,,0,0,Y,0,0,0,0,Haryana
,Reducing Flanged Threaded 2.5x2,,0,0,,0,0,Y,0,0,0,0,Haryana
,Reducing Flanged Threaded 3x2.5,,0,0,,0,0,Y,0,0,0,0,Haryana
,Ring for Compression Connector(Lock Ring),,0,0,,0,0,Y,0,0,0,0,Haryana
,Rotameter for Ventury,,0,0,,0,0,Y,0,0,0,0,Haryana
,S S Nut Bolts(MI),,0,0,,0,0,Y,0,0,0,0,Haryana
,Sand Filter 40m3/hr x 3,,32176,0,,0,0,Y,0,0,0,0,Haryana
,Sand Filter 50m3/hr x 3,,32176,0,,0,0,Y,0,0,0,0,Haryana
,Sand for Sand Filter(KG),,0,0,,0,0,Y,0,0,0,0,Haryana
,90mm PN6 PE- 80 N(FF),,0,0,,0,0,Y,0,0,0,0,Rajasthan
,Screen Element 2(Cartridge),,0,0,,0,0,Y,0,0,0,0,Haryana
,Screen Element 2.5(Cartridge),,0,0,,0,0,Y,0,0,0,0,Haryana
,Screen Elements 3(Cartridge),,0,0,,0,0,Y,0,0,0,0,Haryana
,Screen Filter 1 4*6/8m3/hr x 1(Y),,0,0,,0,0,Y,0,0,0,0,Haryana
,Screen Filter 10m3/hr x 2 (Metal),,0,0,,0,0,Y,0,0,0,0,Haryana
,Screen Filter 10m3/hr X 2.5''(Metal),,0,0,,0,0,Y,0,0,0,0,Haryana
,Screen Filter 15mm3/hr x 1.5(Plastic),,1272,0,,0,0,Y,0,0,0,0,Haryana
,Screen Filter 15mm3/hr x 2(Plastic),,0,0,,0,0,Y,0,0,0,0,Haryana
,Screen Filter 20m3/hr X2(Metal),,3059,0,,0,0,Y,0,0,0,0,Haryana
,Screen Filter 20m3/hr X2.5(Metal),,0,0,,0,0,Y,0,0,0,0,Haryana
,Drill/inject Punch 18mm(Metal),,110,0,,0,0,Y,0,0,0,0,Rajasthan
,90MM PN6 PE100 HDPE TEE(FF)90*,,0,0,,0,0,Y,0,0,0,0,Rajasthan
,Screen Filter 25m3/hr x 2(Plastic),,2650,0,,0,0,Y,0,0,0,0,Haryana
,Screen Filter 25m3/hr X2(Semi Automatic),,0,0,,0,0,Y,0,0,0,0,Haryana
,Screen Filter 25m3/hr X2.5(Metal),,3383,0,,0,0,Y,0,0,0,0,Haryana
,Screen Filter 3/4120mesh 6*4 M3,,0,0,,0,0,Y,0,0,0,0,Haryana
,Screen Filter 30m3/hr X2.5(Metal),,3816,0,,0,0,Y,0,0,0,0,Haryana
,Screen Filter 40m3/hr X3(Metal),,3924,0,,0,0,Y,0,0,0,0,Haryana
,Screen Filter 40m3/hr X3(Semi Automatic),,0,0,,0,0,Y,0,0,0,0,Haryana
,Screen Filter 40m3/hrx2.5(Plastic),,2942,0,,0,0,Y,0,0,0,0,Haryana
,Screen Filter 50m3/hr x 2(Plastic),,0,0,,0,0,Y,0,0,0,0,Haryana
,Screen Filter 50m3/hr X3(Double Body),,0,0,,0,0,Y,0,0,0,0,Haryana
,90MM PN6 PE-100 N,,237.77,0,,0,0,Y,0,0,0,0,Rajasthan
,Screen Filter 50m3/hr X3(Metal),,4140,0,,0,0,Y,0,0,0,0,Haryana
,Screen225m3,,0,0,,0,0,Y,0,0,0,0,Haryana
,Service Saddle 110mm(MI),,0,0,,0,0,Y,0,0,0,0,Haryana
,Service Saddle 40mm(MI),,0,0,,0,0,Y,0,0,0,0,Haryana
,Service Saddle 40mmX3/4(PP),,0,0,,0,0,Y,0,0,0,0,Haryana
,Service Saddle 50mm(MI),,0,0,,0,0,Y,0,0,0,0,Haryana
,Service Saddle 50mm(PVC),,0,0,,0,0,Y,0,0,0,0,Haryana
,Service Saddle 50mmX1/2(P),,0,0,,0,0,Y,0,0,0,0,Haryana
,Service Saddle 50mmX3/4(PP),,0,0,,0,0,Y,0,0,0,0,Haryana
,Service Saddle 63mm 1(MI),,93.54,0,,0,0,Y,0,0,0,0,Haryana
,90MM PN6 PE80 HDPE BEND(FF),,0,0,,0,0,Y,0,0,0,0,Rajasthan
,Service Saddle 63mm 3/4(MI),,0,0,,0,0,Y,0,0,0,0,Haryana
,Service Saddle 63mmX1/2(P),,0,0,,0,0,Y,0,0,0,0,Haryana
,Service Saddle 75mm(MI),,0,0,,0,0,Y,0,0,0,0,Haryana
,Service Saddle 75mmX1(PP),,128.93,0,,0,0,Y,0,0,0,0,Haryana
,Service Saddle 75mmX1.25(M.S),,0,0,,0,0,Y,0,0,0,0,Haryana
,Service Saddle 75mmX1-1/4(PP),,0,0,,0,0,Y,0,0,0,0,Haryana
,Service Saddle 90mm(MI),,156.46,0,,0,0,Y,0,0,0,0,Haryana
,Service Saddle 90mmX1.25(M.S),,0,0,,0,0,Y,0,0,0,0,Haryana
,Service Saddle 90mmX1/2(P),,176.12,0,,0,0,Y,0,0,0,0,Haryana
,Sluice Valve 2.5,,0,0,,0,0,Y,0,0,0,0,Haryana
,90MM PN6 PE80 HDPE TEE(FF),,0,0,,0,0,Y,0,0,0,0,Rajasthan
,SOC 110mm Epc Spk Latch,,0,0,,0,0,Y,0,0,0,0,Haryana
,SOC 110mm HDPE Spk End Cap,,150,0,,0,0,Y,0,0,0,0,Haryana
,SOC 110mm HDPE Spk T.P.,,0,0,,0,0,Y,0,0,0,0,Haryana
,SOC 110mm N HDPE Spk Adopter,,615,0,,0,0,Y,0,0,0,0,Haryana
,SOC 110mm N HDPE Spk Bend,,485,0,,0,0,Y,0,0,0,0,Haryana
,SOC 110mm N HDPE Spk MLC,,0,0,,0,0,Y,0,0,0,0,Haryana
,SOC 110mm N HDPE Spk PCN,,410,0,,0,0,Y,0,0,0,0,Haryana
,SOC 110mm N HDPE Spk Pipe 6mtr,,1240,0,,0,0,Y,0,0,0,0,Haryana
,SOC 110mm N HDPE Spk Tee,,615,0,,0,0,Y,0,0,0,0,Haryana
,SOC 110mm N Spk Foot Batten,,615,0,,0,0,Y,0,0,0,0,Haryana
,Copper Wire,,0,0,,0,0,Y,0,0,0,0,Rajasthan
,SOC 110mm N Spk Latch,,0,0,,0,0,Y,0,0,0,0,Haryana
,SOC 110x90MM HDPE Spk Reducer,,495,0,,0,0,Y,0,0,0,0,Haryana
,SOC 50MM HDPE Spk End Cap,,60,0,,0,0,Y,0,0,0,0,Haryana
,Soc 50MM HDPE Spk T.P.,,0,0,,0,0,Y,0,0,0,0,Haryana
,SOC 50MM N HDPE Spk Adopter,,250,0,,0,0,Y,0,0,0,0,Haryana
,SOC 50MM N HDPE Spk Bend,,205,0,,0,0,Y,0,0,0,0,Haryana
,Soc 50MM N HDPE Spk MLC,,0,0,,0,0,Y,0,0,0,0,Haryana
,SOC 50MM N HDPE Spk PCN,,205,0,,0,0,Y,0,0,0,0,Haryana
,SOC 50MM N HDPE Spk Pipe 3mtr,,320,0,,0,0,Y,0,0,0,0,Haryana
,SOC 50MM N HDPE Spk Pipe 5mtr,,0,0,,0,0,Y,0,0,0,0,Haryana
,DN110 PE100 PN 8 HDPE PIPE,,0,0,,0,0,Y,0,0,0,0,Rajasthan
,SOC 50MM N HDPE Spk Pipe 6mtr,,510,0,,0,0,Y,0,0,0,0,Haryana
,SOC 50MM N HDPE Spk Tee,,250,0,,0,0,Y,0,0,0,0,Haryana
,SOC 50MM N Spk Foot Batten,,250,0,,0,0,Y,0,0,0,0,Haryana
,SOC 50MM N Spk Latch,,0,0,,0,0,Y,0,0,0,0,Haryana
,Soc 63MM E-5 HDPE Spk Adopter,,0,0,,0,0,Y,0,0,0,0,Haryana
,Soc 63MM E5 HDPE Spk Bend,,0,0,,0,0,Y,0,0,0,0,Haryana
,Soc 63mm E5 HDPE Spk MLC,,0,0,,0,0,Y,0,0,0,0,Haryana
,Soc 63MM E-5 HDPE Spk PCN,,0,0,,0,0,Y,0,0,0,0,Haryana
,Soc 63MM E-5 HDPE Spk Tee,,0,0,,0,0,Y,0,0,0,0,Haryana
,Soc 63mm Epc Spk Latch (P/c),,0,0,,0,0,Y,0,0,0,0,Haryana
,DN110 PE100 PN10 HDPE PIPE,,0,0,,0,0,Y,0,0,0,0,Rajasthan
,SOC 63mm HDPE Spk T.P.,,0,0,,0,0,Y,0,0,0,0,Haryana
,SOC 63MM N HDPE Spk Adopter,,250,0,,0,0,Y,0,0,0,0,Haryana
,SOC 63MM N HDPE Spk Bend,,220,0,,0,0,Y,0,0,0,0,Haryana
,SOC 63mm N HDPE Spk MLC,,0,0,,0,0,Y,0,0,0,0,Haryana
,SOC 63MM N HDPE Spk PCN,,225,0,,0,0,Y,0,0,0,0,Haryana
,SOC 63MM N HDPE Spk Pipe 3Mtr,,350,0,,0,0,Y,0,0,0,0,Haryana
,SOC 63MM N HDPE Spk Pipe 6Mtr,,540,0,,0,0,Y,0,0,0,0,Haryana
,SOC 63mm N Spk Connector,,160,0,,0,0,Y,0,0,0,0,Haryana
,SOC 63mm N Spk Foot Batten,,250,0,,0,0,Y,0,0,0,0,Haryana
,SOC 63mm N Spk Latch,,0,0,,0,0,Y,0,0,0,0,Haryana
,DN110 PE100 PN6 HDPE PIPE(FF),,0,0,,0,0,Y,0,0,0,0,Rajasthan
,SOC 63mm N Spk Rubber Ring,,0,0,,0,0,Y,0,0,0,0,Haryana
,Soc 63mm N-1 HDPE Spk Adopter,,0,0,,0,0,Y,0,0,0,0,Haryana
,Soc 63mm N-1 HDPE Spk Bend,,0,0,,0,0,Y,0,0,0,0,Haryana
,SOC 63mm N-1 HDPE SPK MLC,,0,0,,0,0,Y,0,0,0,0,Haryana
,Soc 63mm N-1 HDPE Spk PCN,,0,0,,0,0,Y,0,0,0,0,Haryana
,SOC 63MM N-1 HDPE Spk Pipe 3mtr,,350,0,,0,0,Y,0,0,0,0,Haryana
,SOC 63MM N-1 HDPE Spk Pipe 6mtr,,540,0,,0,0,Y,0,0,0,0,Haryana
,Soc 63mm N-1 HDPE Spk TEE,,0,0,,0,0,Y,0,0,0,0,Haryana
,Soc 63mm N-1 Spk Foot Batten,,0,0,,0,0,Y,0,0,0,0,Haryana
,Soc 63mm N-1 Spk Latch,,0,0,,0,0,Y,0,0,0,0,Haryana
,DN110 PE-100 PN6 N HDPE PIPE,,0,0,,0,0,Y,0,0,0,0,Rajasthan
,Soc 63mm N3 HDPE Spk Adopter,,0,0,,0,0,Y,0,0,0,0,Haryana
,Soc 63mm N3 HDPE Spk Bend,,0,0,,0,0,Y,0,0,0,0,Haryana
,Soc 63mm N3 HDPE Spk MLC,,0,0,,0,0,Y,0,0,0,0,Haryana
,Soc 63mm N3 HDPE Spk Pipe 3Mtr,,0,0,,0,0,Y,0,0,0,0,Haryana
,Soc 63mm N3 HDPE Spk Pipe 6Mtr,,0,0,,0,0,Y,0,0,0,0,Haryana
,Soc 63mm N3 HDPE Spk TEE,,0,0,,0,0,Y,0,0,0,0,Haryana
,Soc 63mm N3 Spk Foot Batten,,0,0,,0,0,Y,0,0,0,0,Haryana
,Soc 63mm N3 Spk Latch,,0,0,,0,0,Y,0,0,0,0,Haryana
,Soc 70mm N3 HDPE Spk Pipe 6mtr,,0,0,,0,0,Y,0,0,0,0,Haryana
,SOC 75 MM EPC SPK LATCH P/C,,0,0,,0,0,Y,0,0,0,0,Haryana
,DN110 PE80 PN6 HDPE PIPE(FF),,0,0,,0,0,Y,0,0,0,0,Rajasthan
,SOC 75mm  N3 HDPE Spk Pipe 3mtr,,0,0,,0,0,Y,0,0,0,0,Haryana
,Soc 75MM AVL Spk Latch,,0,0,,0,0,Y,0,0,0,0,Haryana
,Soc 75MM E-5 HDPE Spk Adopter,,0,0,,0,0,Y,0,0,0,0,Haryana
,Soc 75MM E-5 HDPE Spk Bend,,0,0,,0,0,Y,0,0,0,0,Haryana
,Soc 75mm E5 HDPE Spk MLC,,0,0,,0,0,Y,0,0,0,0,Haryana
,Soc 75MM E-5 HDPE Spk Tee,,0,0,,0,0,Y,0,0,0,0,Haryana
,Soc 75MM E-6 HDPE Spk MLC,,0,0,,0,0,Y,0,0,0,0,Haryana
,Soc 75MM E-7 Spk Latch,,0,0,,0,0,Y,0,0,0,0,Haryana
,SOC 75MM HDPE Spk Connector,,175,0,,0,0,Y,0,0,0,0,Haryana
,SOC 75mm HDPE Spk T.P.,,0,0,,0,0,Y,0,0,0,0,Haryana
,Drill/inject Punch 25mm(Metal),,0,0,,0,0,Y,0,0,0,0,Rajasthan
,DN110 PE80 PN6 N HDPE PIPE,,0,0,,0,0,Y,0,0,0,0,Rajasthan
,SOC 75mm N HDPE Spk Adopter,,315,0,,0,0,Y,0,0,0,0,Haryana
,SOC 75mm N HDPE Spk Bend,,275,0,,0,0,Y,0,0,0,0,Haryana
,SOC 75mm N HDPE Spk MLC,,0,0,,0,0,Y,0,0,0,0,Haryana
,SOC 75mm N HDPE Spk PCN,,225,0,,0,0,Y,0,0,0,0,Haryana
,SOC 75mm N HDPE Spk Pipe 3mtr,,420,0,,0,0,Y,0,0,0,0,Haryana
,SOC 75mm N HDPE Spk Pipe 6mtr,,670,0,,0,0,Y,0,0,0,0,Haryana
,SOC 75MM N Spk F.Batten(G.I.),,315,0,,0,0,Y,0,0,0,0,Haryana
,SOC 75mm N Spk Foot Batten(Black-P.C),,0,0,,0,0,Y,0,0,0,0,Haryana
,Soc 75mm N Spk Foot Batten(GI-Cap),,0,0,,0,0,Y,0,0,0,0,Haryana
,SOC 75mm N Spk Latch,,0,0,,0,0,Y,0,0,0,0,Haryana
,DN125 PE100 PN6 HDPE PIPE(FF),,0,0,,0,0,Y,0,0,0,0,Rajasthan
,Soc 75mm N(3.2Kg) HDPE Irrig Pipe 3mtr,,465,0,,0,0,Y,0,0,0,0,Haryana
,Soc 75mm N(3.2Kg) HDPE Spk Pipe 6Mtr,,772,0,,0,0,Y,0,0,0,0,Haryana
,Soc 75mm N(4Kg) HDPE Spk Pipe 6Mtr,,0,0,,0,0,Y,0,0,0,0,Haryana
,SOC 75mm N1 HDPE Spk Adopter,,0,0,,0,0,Y,0,0,0,0,Haryana
,SOC 75mm N1 HDPE Spk Bend,,0,0,,0,0,Y,0,0,0,0,Haryana
,SOC 75MM N1 HDPE Spk MLC,,0,0,,0,0,Y,0,0,0,0,Haryana
,SOC 75mm N1 HDPE Spk PCN,,0,0,,0,0,Y,0,0,0,0,Haryana
,SOC 75mm N1 HDPE Spk Pipe 3mtr,,420,0,,0,0,Y,0,0,0,0,Haryana
,SOC 75MM N1 HDPE Spk Pipe 6mtr,,0,0,,0,0,Y,0,0,0,0,Haryana
,SOC 75mm N1 HDPE Spk Tee,,0,0,,0,0,Y,0,0,0,0,Haryana
,DN125 PE100 PN6 N HDPE PIPE,,0,0,,0,0,Y,0,0,0,0,Rajasthan
,SOC 75MM N1 Spk F.Batten(G.I.),,0,0,,0,0,Y,0,0,0,0,Haryana
,SOC 75mm N1 Spk Latch,,0,0,,0,0,Y,0,0,0,0,Haryana
,Soc 75MM N1(3.2Kg) HDPE Spk Pipe 6Mtr,,772,0,,0,0,Y,0,0,0,0,Haryana
,SOC 75mm N3 HDPE SKP Tee,,0,0,,0,0,Y,0,0,0,0,Haryana
,SOC 75mm N3 HDPE Spk Adopter,,0,0,,0,0,Y,0,0,0,0,Haryana
,SOC 75mm N3 HDPE Spk Bend,,0,0,,0,0,Y,0,0,0,0,Haryana
,Soc 75mm N3 HDPE SPK MLC,,0,0,,0,0,Y,0,0,0,0,Haryana
,SOC 75mm N3 HDPE Spk PCN,,0,0,,0,0,Y,0,0,0,0,Haryana
,SOC 75mm N3 HDPE Spk Pipe 6mtr,,0,0,,0,0,Y,0,0,0,0,Haryana
,SOC 75mm N3 Spk Foot Batten,,0,0,,0,0,Y,0,0,0,0,Haryana
,DN125 PE100-11.4A (IS:14885),,0,0,,0,0,Y,0,0,0,0,Rajasthan
,Soc 75mm N3 Spk Latch,,0,0,,0,0,Y,0,0,0,0,Haryana
,SOC 75MM Spk Plain Latch,,0,0,,0,0,Y,0,0,0,0,Haryana
,SOC 75x40mm Bush Nipple,,0,0,,0,0,Y,0,0,0,0,Haryana
,SOC 75X63MM HDPE Spk Reducer,,300,0,,0,0,Y,0,0,0,0,Haryana
,SOC 75X63MM HDPE Spk Reducer Adopter,,0,0,,0,0,Y,0,0,0,0,Haryana
,SOC 90MM AVL Spk Latch,,0,0,,0,0,Y,0,0,0,0,Haryana
,SOC 90mm E-5 HDPE Spk Adopter,,0,0,,0,0,Y,0,0,0,0,Haryana
,Soc 90mm E-5 HDPE Spk MLC,,0,0,,0,0,Y,0,0,0,0,Haryana
,SOC 90MM EPC SPK FOOT BATTEN P/C,,0,0,,0,0,Y,0,0,0,0,Haryana
,Soc 90mm Epc Spk Latch P/c,,0,0,,0,0,Y,0,0,0,0,Haryana
,DN125 PE100-7.1A (IS:14885),,0,0,,0,0,Y,0,0,0,0,Rajasthan
,SOC 90MM HDPE Spk Connector,,200,0,,0,0,Y,0,0,0,0,Haryana
,SOC 90mm HDPE Spk End Cap,,130,0,,0,0,Y,0,0,0,0,Haryana
,SOC 90mm HDPE Spk T.P.,,0,0,,0,0,Y,0,0,0,0,Haryana
,SOC 90mm N HDPE Spk Adopter,,430,0,,0,0,Y,0,0,0,0,Haryana
,SOC 90mm N HDPE Spk Bend,,375,0,,0,0,Y,0,0,0,0,Haryana
,SOC 90MM N HDPE Spk MLC,,0,0,,0,0,Y,0,0,0,0,Haryana
,SOC 90mm N HDPE Spk PCN,,305,0,,0,0,Y,0,0,0,0,Haryana
,SOC 90mm N HDPE Spk Pipe 3mtr,,555,0,,0,0,Y,0,0,0,0,Haryana
,SOC 90mm N HDPE Spk Pipe 6mtr,,900,0,,0,0,Y,0,0,0,0,Haryana
,SOC 90mm N HDPE Spk Tee,,495,0,,0,0,Y,0,0,0,0,Haryana
,DN125 PE80 PN6 HDPE PIPE,,0,0,,0,0,Y,0,0,0,0,Rajasthan
,SOC 90mm N Spk Foot Batten,,430,0,,0,0,Y,0,0,0,0,Haryana
,SOC 90mm N Spk Latch,,0,0,,0,0,Y,0,0,0,0,Haryana
,SOC 90mm N(3.2kg) HDPE Spk Pipe 6mtr,,1060,0,,0,0,Y,0,0,0,0,Haryana
,SOC 90mm N1 Spk Foot Batten,,0,0,,0,0,Y,0,0,0,0,Haryana
,SOC 90mm N1 Spk Latch,,0,0,,0,0,Y,0,0,0,0,Haryana
,SOC 90mm N2 Spk Latch,,0,0,,0,0,Y,0,0,0,0,Haryana
,SOC 90mm N3 Spk Foot Batten,,0,0,,0,0,Y,0,0,0,0,Haryana
,Soc 90mm N3 Spk Latch,,0,0,,0,0,Y,0,0,0,0,Haryana
,SOC 90x75MM HDPE Spk Red.Tee,,580,0,,0,0,Y,0,0,0,0,Haryana
,SOC 90x75MM HDPE Spk Reducer,,395,0,,0,0,Y,0,0,0,0,Haryana
,DN125 PE80 PN6 HDPE PIPE(FF),,0,0,,0,0,Y,0,0,0,0,Rajasthan
,SOC B 63mm HDPE Spk Bend,,0,0,,0,0,Y,0,0,0,0,Haryana
,SOC B 63MM HDPE Spk TEE,,0,0,,0,0,Y,0,0,0,0,Haryana
,SOC B 75mm HDPE Spk Bend,,0,0,,0,0,Y,0,0,0,0,Haryana
,SOC B 75mm HDPE Spk Tee,,0,0,,0,0,Y,0,0,0,0,Haryana
,SOC B 90MM HDPE Adopter,,0,0,,0,0,Y,0,0,0,0,Haryana
,SOC B 90MM HDPE Spk Bend,,0,0,,0,0,Y,0,0,0,0,Haryana
,SOC B 90MM HDPE Spk Tee,,0,0,,0,0,Y,0,0,0,0,Haryana
,SOC SPK RIVIT,,0,0,,0,0,Y,0,0,0,0,Haryana
,Socket 63mm PVC,,0,0,,0,0,Y,0,0,0,0,Haryana
,Socket 75mm PVC,,0,0,,0,0,Y,0,0,0,0,Haryana
,DN125 PE80-11.4A (IS:14885),,0,0,,0,0,Y,0,0,0,0,Rajasthan
,Socket 90mm PVC,,0,0,,0,0,Y,0,0,0,0,Haryana
,Socket for Spk Riser Pipe,,0,0,,0,0,Y,0,0,0,0,Haryana
,Solvent Cement(Ltr),,0,0,,0,0,Y,0,0,0,0,Haryana
,Spagheti Barbed Connector,,0,0,,0,0,Y,0,0,0,0,Haryana
,Spagheti/Extension Tube 6mm x 4mm,,3.1,0,,0,0,Y,0,0,0,0,Haryana
,Sprinkler Nozzle(AJ- 01)Z,,0,0,,0,0,Y,0,0,0,0,Haryana
,Sprinkler Nozzle(AJ-01)Medium,,0,0,,0,0,Y,0,0,0,0,Haryana
,Sprinkler Nozzle(NI- 02)Z -3/4,,0,0,,0,0,Y,0,0,0,0,Haryana
,Sprinkler Nozzle(NI-02)Heavy,,0,0,,0,0,Y,0,0,0,0,Haryana
,Sprinkler Nozzle(NI-02)Light,,0,0,,0,0,Y,0,0,0,0,Haryana
,DN125 PE80-7.1A (IS:14885),,0,0,,0,0,Y,0,0,0,0,Rajasthan
,Sprinkler Nozzle(NI-02)Medium,,0,0,,0,0,Y,0,0,0,0,Haryana
,Sprinkler Nozzle(NI-02)Medium-N3,,0,0,,0,0,Y,0,0,0,0,Haryana
,Sprinkler Nozzle(NI-02)Z-1/2,,275,0,,0,0,Y,0,0,0,0,Haryana
,Sprinkler Nozzle(NI-02)Z-N3,,0,0,,0,0,Y,0,0,0,0,Haryana
,Sprinkler Nozzle(NI-03),,0,0,,0,0,Y,0,0,0,0,Haryana
,Sprinkler Nozzle(PP)-Single-Half Circle '3/4',,323,0,,0,0,Y,0,0,0,0,Haryana
,Sprinkler Nozzle(PP)With Metal Spry Bush '3/4',,145,0,,0,0,Y,0,0,0,0,Haryana
,Sprinkler Raingun Nozzle(Assembly) 1.25,,0,0,,0,0,Y,0,0,0,0,Haryana
,Sprinkler Raingun Nozzle(Assembly) 1.5,,0,0,,0,0,Y,0,0,0,0,Haryana
,Sprinkler Riser Pipe,,110,0,,0,0,Y,0,0,0,0,Haryana
,DN140 PE100 PN4 N HDPE PIPE,,0,0,,0,0,Y,0,0,0,0,Rajasthan
,Sprinkler Riser Pipes 1.25x1.5 Feet,,0,0,,0,0,Y,0,0,0,0,Haryana
,Stand Ring 2 for Hydrocyclone Filter,,0,0,,0,0,Y,0,0,0,0,Haryana
,Stand Ring 3 for Hydrocyclone Filter,,0,0,,0,0,Y,0,0,0,0,Haryana
,Stap Saddle 200mmX1.1/2,,0,0,,0,0,Y,0,0,0,0,Haryana
,Stap Saddle 200mmX1.1/4,,0,0,,0,0,Y,0,0,0,0,Haryana
,Stap Saddle 200mmX1/2,,0,0,,0,0,Y,0,0,0,0,Haryana
,Start Connector Nipple 12mm,,2.13,0,,0,0,Y,0,0,0,0,Haryana
,Start Connector Nipple 16MM,,2.24,0,,0,0,Y,0,0,0,0,Haryana
,Start Connector Nipple 20mm,,2.24,0,,0,0,Y,0,0,0,0,Haryana
,Tapping Compression Ferrule 20x/12,,0,0,,0,0,Y,0,0,0,0,Haryana
,Drill/Inject Punch 3mm(Metal),,2.32,0,,0,0,Y,0,0,0,0,Rajasthan
,DN140 PE100 PN6  HDPE PIPE(FF),,0,0,,0,0,Y,0,0,0,0,Rajasthan
,Tapping Coupler 20mm(EF),,0,0,,0,0,Y,0,0,0,0,Haryana
,Tapping Saddle -90x1/2(EF),,0,0,,0,0,Y,0,0,0,0,Haryana
,Tapping Tee 90x20mm(EF),,0,0,,0,0,Y,0,0,0,0,Haryana
,Tapping Tee with Coupler 90x20mm(EF),,0,0,,0,0,Y,0,0,0,0,Haryana
,Tee (Compression Fitting) 16mx12m/16X16,,3.31,0,,0,0,Y,0,0,0,0,Haryana
,Tee 110mm PVC,,201.53,0,,0,0,Y,0,0,0,0,Haryana
,Tee 110mm(CF),,0,0,,0,0,Y,0,0,0,0,Haryana
,Tee 140mm(PVC),,0,0,,0,0,Y,0,0,0,0,Haryana
,Tee 200mm PVC,,0,0,,0,0,Y,0,0,0,0,Haryana
,Tee 3 Side Male Threaded 1(32mm),,0,0,,0,0,Y,0,0,0,0,Haryana
,DN140 PE100 PN6 N HDPE PIPE,,0,0,,0,0,Y,0,0,0,0,Rajasthan
,TEE 32MM PVC,,0,0,,0,0,Y,0,0,0,0,Haryana
,TEE 40MM PVC,,0,0,,0,0,Y,0,0,0,0,Haryana
,Tee 40mm(CF),,0,0,,0,0,Y,0,0,0,0,Haryana
,TEE 50MM PVC,,39.96,0,,0,0,Y,0,0,0,0,Haryana
,Tee 63mm PVC,,61.03,0,,0,0,Y,0,0,0,0,Haryana
,Tee 75mm  PVC,,84.29,0,,0,0,Y,0,0,0,0,Haryana
,Tee 75mm(CF),,0,0,,0,0,Y,0,0,0,0,Haryana
,Tee 90mm  PVC,,136.4,0,,0,0,Y,0,0,0,0,Haryana
,Tee 90mm(CF),,0,0,,0,0,Y,0,0,0,0,Haryana
,Tee(Compression Fitting) 12x12mm,,3.42,0,,0,0,Y,0,0,0,0,Haryana
,DN140 PE100 PN8 HDPE PIPE,,0,0,,0,0,Y,0,0,0,0,Rajasthan
,Tee(Compression Fitting)25mmx1x25mm,,36.76,0,,0,0,Y,0,0,0,0,Haryana
,TEE(Compression Fitting)32mm X1 X32mm,,41.21,0,,0,0,Y,0,0,0,0,Haryana
,TEE(Compression Fitting)50MM,,0,0,,0,0,Y,0,0,0,0,Haryana
,TEE(Compression Fitting)63MM,,0,0,,0,0,Y,0,0,0,0,Haryana
,Thinwall Emmitting Pipe(16mm 4LPH 40cm).3mm,,0,0,,0,0,Y,0,0,0,0,Haryana
,Thinwall Emmitting Pipe(16mm 4LPH 40CM).4mm,,0,0,,0,0,Y,0,0,0,0,Haryana
,Throttle Valves 3 (PP),,2356,0,,0,0,Y,0,0,0,0,Haryana
,Vaccum Breaker Valve 0.5,,0,0,,0,0,Y,0,0,0,0,Haryana
,Ventury Ass. with Manifold & Without Rotameter 3/4,,764,0,,0,0,Y,0,0,0,0,Haryana
,Ventury Assembly with Manifold & Rotameter 3/4,,1335,0,,0,0,Y,0,0,0,0,Haryana
,DN140 PE80 PN6 N HDPE PIPE,,0,0,,0,0,Y,0,0,0,0,Rajasthan
,Washer Plain M-3-4-5,,0,0,,0,0,Y,0,0,0,0,Haryana
,Winder Dripline,,0,0,,0,0,Y,0,0,0,0,Haryana
,63mm PN4 PE- 63 N,,118.28,0,,0,0,Y,0,0,0,0,Haryana
,75mm PN4 PE- 63 N,,169.96,0,,0,0,Y,0,0,0,0,Haryana
,Air Release Valve 1,,157,0,,0,0,Y,0,0,0,0,Haryana
,Air Release Valve 1.5 (HT-89),,493,0,,0,0,Y,0,0,0,0,Haryana
,By Pass Assembly 2.5''(PP),,0,0,,0,0,Y,0,0,0,0,Haryana
,By Pass Assembly 2x1.5''(PP),,0,0,,0,0,Y,0,0,0,0,Haryana
,Disc Filter 20m3/hrx2(PP),,4549,0,,0,0,Y,0,0,0,0,Haryana
,Disc Filter 25m3/hrx2(HT-134TS),,3630.6,0,,0,0,Y,0,0,0,0,Haryana
,DN160 PE100 PN10 N HDPE PIPE,,0,0,,0,0,Y,0,0,0,0,Rajasthan
,Disc Filter 30m3/hr x 2.5(HT-135T),,3630.6,0,,0,0,Y,0,0,0,0,Haryana
,Disc Filter 40m3/hrx2.5(PP),,3816,0,,0,0,Y,0,0,0,0,Haryana
,Disc Filter 50m3/hrx3(HT-136T)-Plastic,,3816,0,,0,0,Y,0,0,0,0,Haryana
,Emmitting Pipe CL-II(16mm 2LPH 30cm)Flat,,12.99,0,,0,0,Y,0,0,0,0,Haryana
,Emmitting Pipe CL-II(16mm 2LPH 30cm)Round,,12.25,0,,0,0,Y,0,0,0,0,Haryana
,Emmitting Pipe CL-II(16mm 4LPH 30cm)Flat,,12.99,0,,0,0,Y,0,0,0,0,Haryana
,Emmitting Pipe CL-II(16mm 4LPH 30cm)Round,,12.25,0,,0,0,Y,0,0,0,0,Haryana
,Fertilizer Tank with Assembly 60-Litres,,6032,0,,0,0,Y,0,0,0,0,Haryana
,Flush Valve(32x40) 40mm,,0,0,,0,0,Y,0,0,0,0,Haryana
,Flush Valve(40x50) 50mm,,50,0,,0,0,Y,0,0,0,0,Haryana
,DN160 PE100 PN12.5 N HDPE PIPE(ISO:4427),,0,0,,0,0,Y,0,0,0,0,Rajasthan
,Flush Valve(50x63) 63mm,,52,0,,0,0,Y,0,0,0,0,Haryana
,Flush Valve(63x75) 75mm,,63,0,,0,0,Y,0,0,0,0,Haryana
,Hydro Cyclone Filter 20m3/hr x  2(M.S.),,3393,0,,0,0,Y,0,0,0,0,Haryana
,Hydro Cyclone Filter 30m3/hr x 2.5(MS),,3393,0,,0,0,Y,0,0,0,0,Haryana
,Hydro-Cyclone Filter 40m3/hrx2.5(M.S.),,3393,0,,0,0,Y,0,0,0,0,Haryana
,LLDPE Plain Laterals 12mm 2.5kg CL-II,,7,0,,0,0,Y,0,0,0,0,Haryana
,LLDPE Plain Laterals 16mm 2.5Kg CL-II,,11,0,,0,0,Y,0,0,0,0,Haryana
,Non Return Valve 1(25mm),,0,0,,0,0,Y,0,0,0,0,Haryana
,Non Return Valve 1.5(40mm),,0,0,,0,0,Y,0,0,0,0,Haryana
,Non Return Valve 2(50mm),,1086,0,,0,0,Y,0,0,0,0,Haryana
,DN160 PE100 PN16 N HDPE PIPE(ISO:4427),,0,0,,0,0,Y,0,0,0,0,Rajasthan
,Non Return Valve 2.5(65mm),,1280,0,,0,0,Y,0,0,0,0,Haryana
,On Line Dripper(2-LPH),,0,0,,0,0,Y,0,0,0,0,Haryana
,On Line Dripper(4-LPH),,3.95,0,,0,0,Y,0,0,0,0,Haryana
,On Line Dripper(8-LPH),,3.95,0,,0,0,Y,0,0,0,0,Haryana
,P.P. Ball Valve/control Valve 50mm(Plain),,329,0,,0,0,Y,0,0,0,0,Haryana
,PP Ball Valve/Control Valve 32mm Single Union,,162,0,,0,0,Y,0,0,0,0,Haryana
,PP Ball Valve/Control Valve 40mm(Plain),,329,0,,0,0,Y,0,0,0,0,Haryana
,PP Ball Valve/Control Valve 63mm-Plain,,246.6,0,,0,0,Y,0,0,0,0,Haryana
,PP Ball Valve/Control Valve 75mm Plain,,668,0,,0,0,Y,0,0,0,0,Haryana
,PP Ball Valve/Control Valve 90mm Plain,,688.8,0,,0,0,Y,0,0,0,0,Haryana
,DN160 PE100 PN6  HDPE PIPE(FF),,0,0,,0,0,Y,0,0,0,0,Rajasthan
,Pressure Gauge 2,,131.4,0,,0,0,Y,0,0,0,0,Haryana
,PVC PIPE 40MMX6KG/CM2 (MTR),,47,0,,0,0,Y,0,0,0,0,Haryana
,PVC PIPE 50MMX6KG/CM2 (MTR),,59.25,0,,0,0,Y,0,0,0,0,Haryana
,PVC PIPE 63MM X 4 KG/CM2 (MTR),,65,0,,0,0,Y,0,0,0,0,Haryana
,PVC PIPE 75MM X 4KG/CM2 (MTR),,92.25,0,,0,0,Y,0,0,0,0,Haryana
,PVC PIPE 90MM X4KG/CM2 (MTR),,128.8,0,,0,0,Y,0,0,0,0,Haryana
,Sand Filter 10m3/hr x 1.5,,11777.5,0,,0,0,Y,0,0,0,0,Haryana
,Sand Filter 20xm3/hr 2,,13650.7,0,,0,0,Y,0,0,0,0,Haryana
,Sand Filter 25m3/hr x 2,,13650.7,0,,0,0,Y,0,0,0,0,Haryana
,Sand Filter 30mm3X2.5,,24199,0,,0,0,Y,0,0,0,0,Haryana
,DN160 PE100 PN6 N HDPE PIPE,,0,0,,0,0,Y,0,0,0,0,Rajasthan
,Sand Filter 40m3/hr x 2.5,,18149.25,0,,0,0,Y,0,0,0,0,Haryana
,Screen Filter 20m3/hr x 2(Plastic),,1666.8,0,,0,0,Y,0,0,0,0,Haryana
,Screen Filter 30m3/hrx2.5(Plastic),,1666.8,0,,0,0,Y,0,0,0,0,Haryana
,Screen Filter 40m3/hr x 3(Plastics),,1765.2,0,,0,0,Y,0,0,0,0,Haryana
,Screen Filter 40m3/hr X2.5''(Metal),,0,0,,0,0,Y,0,0,0,0,Haryana
,Screen Filter 50m3/hr x 3(Plastic),,1765.2,0,,0,0,Y,0,0,0,0,Haryana
,SOC 63mm HDPE Spk End Cap,,70,0,,0,0,Y,0,0,0,0,Haryana
,SOC 63MM N HDPE Spk Tee,,275,0,,0,0,Y,0,0,0,0,Haryana
,SOC 75mm HDPE Spk End Cap,,90,0,,0,0,Y,0,0,0,0,Haryana
,SOC 75mm N HDPE Spk Tee,,350,0,,0,0,Y,0,0,0,0,Haryana
,DN160 PE100 PN8 N HDPE PIPE,,0,0,,0,0,Y,0,0,0,0,Rajasthan
,Sprinkler Nozzle(PP)Full Circle '3/4',,400,0,,0,0,Y,0,0,0,0,Haryana
,Sprinkler Riser Pipe- 1 Mtr,,0,0,,0,0,Y,0,0,0,0,Haryana
,Throttle Valve 2(PP),,774,0,,0,0,Y,0,0,0,0,Haryana
,Throttle Valve 2.5(PP),,1800,0,,0,0,Y,0,0,0,0,Haryana
,Ventury Assembly with Manifold 1,,801,0,,0,0,Y,0,0,0,0,Haryana
,Ventury Assembly with Manifold 1.5'',,3389,0,,0,0,Y,0,0,0,0,Haryana
,Ventury Assembly with Manifold 2,,2170.2,0,,0,0,Y,0,0,0,0,Haryana
,Ventury Assembly with Manifold 2.5,,3000,0,,0,0,Y,0,0,0,0,Haryana
,Mini Spk M/F Adopter 1/2,,8.73,0,,0,0,Y,0,0,0,0,Jharkhand
,Air Release Valve 1,,157,0,,0,0,Y,0,0,0,0,Jharkhand
,Drill/Inject Punch 4mm(Metal),,0,0,,0,0,Y,0,0,0,0,Rajasthan
,DN160 PE100 PN8 N HDPE PIPE(FF),,0,0,,0,0,Y,0,0,0,0,Rajasthan
,Air Release Valve 1.5 (HT-89),,493,0,,0,0,Y,0,0,0,0,Jharkhand
,Air Release Valve 3/4,,157,0,,0,0,Y,0,0,0,0,Jharkhand
,Back Flush Assembly for Sand Filter 3,,0,0,,0,0,Y,0,0,0,0,Jharkhand
,Back Flush Assembly for Sand Filter 2,,0,0,,0,0,Y,0,0,0,0,Jharkhand
,Back Flush Assembly for Sand Filter 2.5,,0,0,,0,0,Y,0,0,0,0,Jharkhand
,Butterfly Valve 2,,1609,0,,0,0,Y,0,0,0,0,Jharkhand
,Butterfly Valve 2.5,,1709,0,,0,0,Y,0,0,0,0,Jharkhand
,Butterfly Valve 3,,2293,0,,0,0,Y,0,0,0,0,Jharkhand
,Butterfly Valve 4,,0,0,,0,0,Y,0,0,0,0,Jharkhand
,Butterfly Valve 5,,0,0,,0,0,Y,0,0,0,0,Jharkhand
,DN160 PE80 PN6 N HDPE PIPE,,0,0,,0,0,Y,0,0,0,0,Rajasthan
,Butterfly Valve 6,,0,0,,0,0,Y,0,0,0,0,Jharkhand
,Ball Valve 1/2(Brass),,0,0,,0,0,Y,0,0,0,0,Jharkhand
,PP Ball Valve(Flange End) 1,,0,0,,0,0,Y,0,0,0,0,Jharkhand
,P. P. Ball Valve 1 Threaded (32mm) M/F,,162,0,,0,0,Y,0,0,0,0,Jharkhand
,PP Ball Valve 1.25 Threaded(40mm),,0,0,,0,0,Y,0,0,0,0,Jharkhand
,PP Ball Valve 1.5 Threaded(50mm),,0,0,,0,0,Y,0,0,0,0,Jharkhand
,P.P. Ball Valve 2 Threaded (63mm),,0,0,,0,0,Y,0,0,0,0,Jharkhand
,PP Ball Valve 20/25 mm Solid Threaded(3/4),,0,0,,0,0,Y,0,0,0,0,Jharkhand
,P.P. Ball Valve 2.5 Threaded (75mm),,0,0,,0,0,Y,0,0,0,0,Jharkhand
,P.P. Ball Valve 3 Threaded(90mm),,0,0,,0,0,Y,0,0,0,0,Jharkhand
,DN160 PE80 PN6 N HDPE PIPE(FF),,0,0,,0,0,Y,0,0,0,0,Rajasthan
,PP Ball Valve 50mm 1-1/2Solid(Plain),,0,0,,0,0,Y,0,0,0,0,Jharkhand
,PP  Ball  Valve 50mm 1-1/2Solid(Threded),,0,0,,0,0,Y,0,0,0,0,Jharkhand
,PP Ball Valve 63mm(2)Solid(Plain),,0,0,,0,0,Y,0,0,0,0,Jharkhand
,PP Ball Valve 63mm(2) Solid Threaded,,560,0,,0,0,Y,0,0,0,0,Jharkhand
,PP Ball Valve/control Valve 20/25mm Singal Union,,135,0,,0,0,Y,0,0,0,0,Jharkhand
,PP Ball Valve/Control Valve 32mm Single Union,,162,0,,0,0,Y,0,0,0,0,Jharkhand
,PP Ball Valve/Control Valve 40mm(Plain),,329,0,,0,0,Y,0,0,0,0,Jharkhand
,P.P. Ball Valve/control Valve 50mm(Plain),,329,0,,0,0,Y,0,0,0,0,Jharkhand
,PP Ball Valve/Control Valve 63mm-Plain,,246.6,0,,0,0,Y,0,0,0,0,Jharkhand
,PP Ball Valve/Control Valve 75mm Plain,,668,0,,0,0,Y,0,0,0,0,Jharkhand
,DN180 PE100 PN6 HDPE PIPE(FF),,0,0,,0,0,Y,0,0,0,0,Rajasthan
,PP Ball Valve/Control Valve 90mm Plain,,688.8,0,,0,0,Y,0,0,0,0,Jharkhand
,PP Ball Valve with Flanged End 3,,0,0,,0,0,Y,0,0,0,0,Jharkhand
,PP Ball Valve with Flanged Ends 2,,0,0,,0,0,Y,0,0,0,0,Jharkhand
,PP Ball Valve with Flange End 2.5,,0,0,,0,0,Y,0,0,0,0,Jharkhand
,P.P. Ball Valve with Flange End 4,,0,0,,0,0,Y,0,0,0,0,Jharkhand
,PVC Ball Valve 2(Plain End),,0,0,,0,0,Y,0,0,0,0,Jharkhand
,P.V.C. Ball Valve 2(Threaded End),,0,0,,0,0,Y,0,0,0,0,Jharkhand
,PVC Ball Valve 20mm(Compression/female Tthreaded),,0,0,,0,0,Y,0,0,0,0,Jharkhand
,PVC Ball Valve 2.5(Threded End),,0,0,,0,0,Y,0,0,0,0,Jharkhand
,Pvc Ball Valve 3(90mm)(Threaded End),,0,0,,0,0,Y,0,0,0,0,Jharkhand
,DN180 PE100 PN6 N HDPE PIPE,,0,0,,0,0,Y,0,0,0,0,Rajasthan
,PVC Ball Valve 4(110mm) (Threaded End),,0,0,,0,0,Y,0,0,0,0,Jharkhand
,Pvc Ball Valve 40 mm,,0,0,,0,0,Y,0,0,0,0,Jharkhand
,PVC Ball Valve 2.5(Plain End),,0,0,,0,0,Y,0,0,0,0,Jharkhand
,32mm HDPE Bend,,0,0,,0,0,Y,0,0,0,0,Jharkhand
,160mm Pvc Bend,,0,0,,0,0,Y,0,0,0,0,Jharkhand
,250mm Pvc Bend,,0,0,,0,0,Y,0,0,0,0,Jharkhand
,PVC Bush 63x50mm,,0,0,,0,0,Y,0,0,0,0,Jharkhand
,PVC Bush 75x63mm 10kg,,0,0,,0,0,Y,0,0,0,0,Jharkhand
,PVC Bush 90x63mm 10kg,,0,0,,0,0,Y,0,0,0,0,Jharkhand
,PVC Reducer Bush 63x50mm 6kg,,0,0,,0,0,Y,0,0,0,0,Jharkhand
,DN180 PE100 PN8 HDPE PIPE,,0,0,,0,0,Y,0,0,0,0,Rajasthan
,Clamp SS(4),,0,0,,0,0,Y,0,0,0,0,Jharkhand
,Hose Clamp 4,,0,0,,0,0,Y,0,0,0,0,Jharkhand
,Clamp  for Hydrocyclone Filter,,0,0,,0,0,Y,0,0,0,0,Jharkhand
,Core-Cap,,0,0,,0,0,Y,0,0,0,0,Jharkhand
,PVC Connecting Tube 20cm(Stab-Barb-Conn-Bayoynet),,0,0,,0,0,Y,0,0,0,0,Jharkhand
,Coupler/joiner 25MM,,32.3,0,,0,0,Y,0,0,0,0,Jharkhand
,Coupler/Joiner 32mm,,34.53,0,,0,0,Y,0,0,0,0,Jharkhand
,Coupler/joiner 50mm,,0,0,,0,0,Y,0,0,0,0,Jharkhand
,Coupler/Joiner 63mm,,0,0,,0,0,Y,0,0,0,0,Jharkhand
,Coupler/joiner 75mm,,0,0,,0,0,Y,0,0,0,0,Jharkhand
,DN180 PE80 PN6 HDPE PIPE,,0,0,,0,0,Y,0,0,0,0,Rajasthan
,Coupler/joiner 110MM,,0,0,,0,0,Y,0,0,0,0,Jharkhand
,D-Coiler,,0,0,,0,0,Y,0,0,0,0,Jharkhand
,Drill/Inject Punch 10mm,,0,0,,0,0,Y,0,0,0,0,Jharkhand
,Drill/inject Punch 12mm(Metal),,0,0,,0,0,Y,0,0,0,0,Jharkhand
,Drill/inject Punch 16mm(Metal),,180,0,,0,0,Y,0,0,0,0,Jharkhand
,Drill/inject Punch 18mm(Metal),,0,0,,0,0,Y,0,0,0,0,Jharkhand
,Drill/inject Punch 25mm(Metal),,0,0,,0,0,Y,0,0,0,0,Jharkhand
,Drill/Inject Punch 3mm(Metal),,2.32,0,,0,0,Y,0,0,0,0,Jharkhand
,Drill/Inject Punch 8mm(Metal),,1145,0,,0,0,Y,0,0,0,0,Jharkhand
,Drill/Inject Punch 4mm(Metal),,0,0,,0,0,Y,0,0,0,0,Jharkhand
,DN180 PE80 PN6 HDPE PIPE(FF),,0,0,,0,0,Y,0,0,0,0,Rajasthan
,Drill/inject Lateral Punch 3mm(PVC),,200,0,,0,0,Y,0,0,0,0,Jharkhand
,Drill/inject Lateral Punch 4mm(PVC),,0,0,,0,0,Y,0,0,0,0,Jharkhand
,Flat Dripper  2LPH,,0,0,,0,0,Y,0,0,0,0,Jharkhand
,Flat Dripper  4LPH,,0,0,,0,0,Y,0,0,0,0,Jharkhand
,Flat Dripper 1.6LPH,,0,0,,0,0,Y,0,0,0,0,Jharkhand
,Drip Sample Kit,,0,0,,0,0,Y,0,0,0,0,Jharkhand
,On Line Dripper(4-LPH),,3.95,0,,0,0,Y,0,0,0,0,Jharkhand
,On Line Dripper(8-LPH),,3.95,0,,0,0,Y,0,0,0,0,Jharkhand
,On Line Dripper(14-LPH),,3.95,0,,0,0,Y,0,0,0,0,Jharkhand
,On Line Dripper(2-LPH),,0,0,,0,0,Y,0,0,0,0,Jharkhand
,DN200 PE100 PN10 N HDPE PIPE,,0,0,,0,0,Y,0,0,0,0,Rajasthan
,12MM In Line Dripper (2-LPH)Round,,0,0,,0,0,Y,0,0,0,0,Jharkhand
,12MM In Line Dripper (4-LPH)Round,,0,0,,0,0,Y,0,0,0,0,Jharkhand
,16MM In Line Dripper(2-LPH)Round,,0,0,,0,0,Y,0,0,0,0,Jharkhand
,16mm In Line Dripper (4-LPH)Round,,0,0,,0,0,Y,0,0,0,0,Jharkhand
,20MM INLINE DRIPPER(2LPH)ROUND,,0,0,,0,0,Y,0,0,0,0,Jharkhand
,20MM INLINE DRIPPER(4-LPH)ROUND,,0,0,,0,0,Y,0,0,0,0,Jharkhand
,16mm Inline Dripper(2.1LPH PCND)Round,,0,0,,0,0,Y,0,0,0,0,Jharkhand
,End Cap 32mm PVC,,0,0,,0,0,Y,0,0,0,0,Jharkhand
,End Cap 40mm PVC,,0,0,,0,0,Y,0,0,0,0,Jharkhand
,End Cap 50mm(PVC),,17.17,0,,0,0,Y,0,0,0,0,Jharkhand
,DN200 PE100 PN6 HDPE PIPE(FF),,0,0,,0,0,Y,0,0,0,0,Rajasthan
,End Cap 63mm(PVC),,21.05,0,,0,0,Y,0,0,0,0,Jharkhand
,END CAP 75MM(PVC),,29.57,0,,0,0,Y,0,0,0,0,Jharkhand
,End Cap 90mm(PVC),,37.47,0,,0,0,Y,0,0,0,0,Jharkhand
,End Cap 140mm PVC,,0,0,,0,0,Y,0,0,0,0,Jharkhand
,End Cap 160mm PVC,,0,0,,0,0,Y,0,0,0,0,Jharkhand
,End Cap 40mm(CF),,0,0,,0,0,Y,0,0,0,0,Jharkhand
,End Cap 75mm(CF),,0,0,,0,0,Y,0,0,0,0,Jharkhand
,End Cap 90mm(PP-CF),,0,0,,0,0,Y,0,0,0,0,Jharkhand
,End Cap 110mm(CF),,0,0,,0,0,Y,0,0,0,0,Jharkhand
,End Cap 50MM(PP),,0,0,,0,0,Y,0,0,0,0,Jharkhand
,16mm Inline Dripper(2.1LPH PCND)Round,,0,0,,0,0,Y,0,0,0,0,Rajasthan
,Drill/Inject Punch 8mm(Metal),,1145,0,,0,0,Y,0,0,0,0,Rajasthan
,DN200 PE100 PN6 N HDPE PIPE,,0,0,,0,0,Y,0,0,0,0,Rajasthan
,End Cap 63MM(PP),,0,0,,0,0,Y,0,0,0,0,Jharkhand
,Elbow 20mm(Double Compression),,4.43,0,,0,0,Y,0,0,0,0,Jharkhand
,Elbow(CF-PP)20MM,,0,0,,0,0,Y,0,0,0,0,Jharkhand
,Elbow 50mm(PP-CF),,0,0,,0,0,Y,0,0,0,0,Jharkhand
,Elbow 63mm(PP-CF),,0,0,,0,0,Y,0,0,0,0,Jharkhand
,Elbow 75mm(PP-CF),,0,0,,0,0,Y,0,0,0,0,Jharkhand
,Elbow 90mm(PP-CF),,0,0,,0,0,Y,0,0,0,0,Jharkhand
,Flanged Elbow 2,,0,0,,0,0,Y,0,0,0,0,Jharkhand
,Flanged Elbow 2.5,,0,0,,0,0,Y,0,0,0,0,Jharkhand
,Flanged Elbow 3,,0,0,,0,0,Y,0,0,0,0,Jharkhand
,DN200 PE100 PN8 HDPE PIPE,,0,0,,0,0,Y,0,0,0,0,Rajasthan
,Elbow GI 20MM,,0,0,,0,0,Y,0,0,0,0,Jharkhand
,G.I.Elbow 1.5,,0,0,,0,0,Y,0,0,0,0,Jharkhand
,G.I.Elbow 2,,0,0,,0,0,Y,0,0,0,0,Jharkhand
,GI Elbow 1(MI)25mm,,0,0,,0,0,Y,0,0,0,0,Jharkhand
,GI Elbow 2.5(MI),,0,0,,0,0,Y,0,0,0,0,Jharkhand
,GI Elbow 32mm(MI),,0,0,,0,0,Y,0,0,0,0,Jharkhand
,Elbow 12mm(PP),,2.47,0,,0,0,Y,0,0,0,0,Jharkhand
,Elbow 16mm(PP),,2.69,0,,0,0,Y,0,0,0,0,Jharkhand
,Elbow 110mm(PP),,0,0,,0,0,Y,0,0,0,0,Jharkhand
,Elbow 32MM PVC,,0,0,,0,0,Y,0,0,0,0,Jharkhand
,DN200 PE80 PN6 HDPE PIPE(FF),,0,0,,0,0,Y,0,0,0,0,Rajasthan
,Elbow 40mm  PVC,,0,0,,0,0,Y,0,0,0,0,Jharkhand
,ELBOW 50MM PVC,,26.61,0,,0,0,Y,0,0,0,0,Jharkhand
,Elbow 63mm  PVC,,50.81,0,,0,0,Y,0,0,0,0,Jharkhand
,Elbow 75mm PVC,,60.89,0,,0,0,Y,0,0,0,0,Jharkhand
,Elbow 90mm PVC,,89.11,0,,0,0,Y,0,0,0,0,Jharkhand
,Elbow 110mm PVC,,158.9,0,,0,0,Y,0,0,0,0,Jharkhand
,Elbow 140mm(PVC),,0,0,,0,0,Y,0,0,0,0,Jharkhand
,Elbow 160mm PVC,,0,0,,0,0,Y,0,0,0,0,Jharkhand
,Elbow 25mm x 1 Threaded,,30.07,0,,0,0,Y,0,0,0,0,Jharkhand
,Elbow 32mmx1 Threaded,,36.76,0,,0,0,Y,0,0,0,0,Jharkhand
,DN200 PE80 PN6 N HDPE PIPE,,0,0,,0,0,Y,0,0,0,0,Rajasthan
,End Cap/End Plug(Line End) 12mm,,2.13,0,,0,0,Y,0,0,0,0,Jharkhand
,End Cap/End Plug(Line End) 16mm,,2.45,0,,0,0,Y,0,0,0,0,Jharkhand
,End Cap/End Plug(Line End)20mm,,2.5,0,,0,0,Y,0,0,0,0,Jharkhand
,End Cap/End Plug(Line End) 25mm,,25.61,0,,0,0,Y,0,0,0,0,Jharkhand
,End Cap/End Plug(Line End) 32mm,,27.84,0,,0,0,Y,0,0,0,0,Jharkhand
,End Cap with Ring 2.5 for Screen/Disc Filter,,0,0,,0,0,Y,0,0,0,0,Jharkhand
,End Cap with Ring 3 for Screen/Disc Filter,,0,0,,0,0,Y,0,0,0,0,Jharkhand
,End Plate  2-2.5-:3 for Hydrocyc Filter,,0,0,,0,0,Y,0,0,0,0,Jharkhand
,Extension/Connecting Tube 1.2M Long 12mm,,48,0,,0,0,Y,0,0,0,0,Jharkhand
,Extension/Connecting Tube 1.5M Long 12mm,,0,0,,0,0,Y,0,0,0,0,Jharkhand
,DN225 PE100 PN6 HDPE PIPE(FF),,0,0,,0,0,Y,0,0,0,0,Rajasthan
,Spagheti/Extension Tube 6mm x 4mm,,3.1,0,,0,0,Y,0,0,0,0,Jharkhand
,Fertilizer Tank with Assembly 30-Litres,,4402,0,,0,0,Y,0,0,0,0,Jharkhand
,Fertilizer Tank with Assembly 60-Litres,,6032,0,,0,0,Y,0,0,0,0,Jharkhand
,Fertilizer Tank with Assembly 90-Litres,,6887,0,,0,0,Y,0,0,0,0,Jharkhand
,PP Flange Threaded 2,,0,0,,0,0,Y,0,0,0,0,Jharkhand
,PP Flange Threaded (2.5),,0,0,,0,0,Y,0,0,0,0,Jharkhand
,PP Flange Threaded (3),,0,0,,0,0,Y,0,0,0,0,Jharkhand
,P.P. Tail Pices Flange 2,,80,0,,0,0,Y,0,0,0,0,Jharkhand
,P.P. Tail Pices Flange 2.5,,90,0,,0,0,Y,0,0,0,0,Jharkhand
,P.P. Tail Pices Flange 3,,103,0,,0,0,Y,0,0,0,0,Jharkhand
,DN225 PE100 PN6 N HDPE PIPE,,0,0,,0,0,Y,0,0,0,0,Rajasthan
,32mm HDPE Flange,,0,0,,0,0,Y,0,0,0,0,Jharkhand
,63MM PVC Flange,,0,0,,0,0,Y,0,0,0,0,Jharkhand
,Flush Valve(32x40) 40mm,,0,0,,0,0,Y,0,0,0,0,Jharkhand
,Flush Valve(40x50) 50mm,,50,0,,0,0,Y,0,0,0,0,Jharkhand
,Flush Valve(50x63) 63mm,,52,0,,0,0,Y,0,0,0,0,Jharkhand
,Flush Valve(63x75) 75mm,,63,0,,0,0,Y,0,0,0,0,Jharkhand
,Flush Valve(75x90) 90mm,,109,0,,0,0,Y,0,0,0,0,Jharkhand
,4 Way Fogger,,0,0,,0,0,Y,0,0,0,0,Jharkhand
,FTA 20mm,,0,0,,0,0,Y,0,0,0,0,Jharkhand
,FTA 32mm,,0,0,,0,0,Y,0,0,0,0,Jharkhand
,DN225 PE80 PN6 HDPE PIPE,,0,0,,0,0,Y,0,0,0,0,Rajasthan
,FTA 32MM PVC,,0,0,,0,0,Y,0,0,0,0,Jharkhand
,FTA 40mm,,0,0,,0,0,Y,0,0,0,0,Jharkhand
,FTA 50MM,,0,0,,0,0,Y,0,0,0,0,Jharkhand
,FTA 63mm(63X50-2),,0,0,,0,0,Y,0,0,0,0,Jharkhand
,FTA 75mm,,0,0,,0,0,Y,0,0,0,0,Jharkhand
,FTA 90MM,,0,0,,0,0,Y,0,0,0,0,Jharkhand
,Gun Metal Throttle Valve 1(25mm),,1191,0,,0,0,Y,0,0,0,0,Jharkhand
,Gun Metal Throttle Valve 1.5,,2982,0,,0,0,Y,0,0,0,0,Jharkhand
,Gun Metal Throttle Valve 2,,4246,0,,0,0,Y,0,0,0,0,Jharkhand
,Gun Metal Throttle Valve 2.5(65mm),,11613,0,,0,0,Y,0,0,0,0,Jharkhand
,DN225 PE80 PN6 HDPE PIPE(FF),,0,0,,0,0,Y,0,0,0,0,Rajasthan
,Gun Metal Throttle Valve 3,,15016,0,,0,0,Y,0,0,0,0,Jharkhand
,Gun Metal Throttle Valve 3/4,,839,0,,0,0,Y,0,0,0,0,Jharkhand
,Gun Metal Throttle Valve 1/2,,518,0,,0,0,Y,0,0,0,0,Jharkhand
,Hydro-Cycloner Filter 10m3/hr x 1.5(M.S),,0,0,,0,0,Y,0,0,0,0,Jharkhand
,Hydro Cyclone Filter 20m3/hr x  2(M.S.),,3393,0,,0,0,Y,0,0,0,0,Jharkhand
,Hydro-Cyclone Filter 25m3/hrx2(M.S.),,7269,0,,0,0,Y,0,0,0,0,Jharkhand
,Hydro Cyclone Filter 30m3/hr x 2.5(MS),,3393,0,,0,0,Y,0,0,0,0,Jharkhand
,Hydro Cyclone Filter 40m3/hr 3(M.S.),,9273,0,,0,0,Y,0,0,0,0,Jharkhand
,Hydro-Cyclone Filter 40m3/hrx2.5(M.S.),,3393,0,,0,0,Y,0,0,0,0,Jharkhand
,Hydro-Cyclone Filter 50m3/hrx3(M.S.),,9273,0,,0,0,Y,0,0,0,0,Jharkhand
,DN250 PE100 PN10 HDPE PIPE,,0,0,,0,0,Y,0,0,0,0,Rajasthan
,Hydro-Cyclone Filter 60m3/hrx3(M.S.),,0,0,,0,0,Y,0,0,0,0,Jharkhand
,Hydro-Cyclone Filter 25m3/hr x 2(PP),,6254,0,,0,0,Y,0,0,0,0,Jharkhand
,Hydro-Cyclone Filter 30m3/hr x 2.5(PP),,6786,0,,0,0,Y,0,0,0,0,Jharkhand
,Hydro-Cyclone Filter 50m3/hr x 3(PP),,8278,0,,0,0,Y,0,0,0,0,Jharkhand
,Hydro-Cyclone Filter 40m3/hr x 2.5(PP),,0,0,,0,0,Y,0,0,0,0,Jharkhand
,Hydro-Cyclone Filter 40m3/hrx3(PP),,0,0,,0,0,Y,0,0,0,0,Jharkhand
,Header Assambly 5(Type-I),,0,0,,0,0,Y,0,0,0,0,Jharkhand
,Header Assambly 5(Type-II),,0,0,,0,0,Y,0,0,0,0,Jharkhand
,Header Assambly 5(Type-III),,0,0,,0,0,Y,0,0,0,0,Jharkhand
,Header Assembly 2(M.S.),,3259,0,,0,0,Y,0,0,0,0,Jharkhand
,DN250 PE100 PN6 HDPE PIPE(FF),,0,0,,0,0,Y,0,0,0,0,Rajasthan
,Header Assembly 2.5(M.S.),,4104,0,,0,0,Y,0,0,0,0,Jharkhand
,Header Assembly 3(M.S.),,4754,0,,0,0,Y,0,0,0,0,Jharkhand
,Header Assembly 4(M.S.),,7243,0,,0,0,Y,0,0,0,0,Jharkhand
,Header Assembly 2Combo(PP),,0,0,,0,0,Y,0,0,0,0,Jharkhand
,Header Assembly 2(PP),,0,0,,0,0,Y,0,0,0,0,Jharkhand
,Header Assembly 2.5(PP),,0,0,,0,0,Y,0,0,0,0,Jharkhand
,HEADER ASSEMBLY 2.5X2COMBO PP,,3494,0,,0,0,Y,0,0,0,0,Jharkhand
,Header Assembly 2x1.5(Combo Pack),,2855,0,,0,0,Y,0,0,0,0,Jharkhand
,Header Assembly 3x2Combo-PP,,5199,0,,0,0,Y,0,0,0,0,Jharkhand
,Header Assembly 3(PP),,4754,0,,0,0,Y,0,0,0,0,Jharkhand
,Drip Sample Kit,,0,0,,0,0,Y,0,0,0,0,Rajasthan
,DN250 PE100 PN6 N HDPE PIPE,,0,0,,0,0,Y,0,0,0,0,Rajasthan
,Header Assembly 4(PP),,7243,0,,0,0,Y,0,0,0,0,Jharkhand
,Installation Stake Trishul Type,,93,0,,0,0,Y,0,0,0,0,Jharkhand
,Installation Stake 1.2Mtr Long(8mm),,0,0,,0,0,Y,0,0,0,0,Jharkhand
,Installation Stake Trishul Type 1.5mtr,,0,0,,0,0,Y,0,0,0,0,Jharkhand
,Micro Spk Stake(C/O Type),,0,0,,0,0,Y,0,0,0,0,Jharkhand
,Joiner 12mm,,2.24,0,,0,0,Y,0,0,0,0,Jharkhand
,Joiner 12X16mm,,0,0,,0,0,Y,0,0,0,0,Jharkhand
,Joiner 16mm,,2.67,0,,0,0,Y,0,0,0,0,Jharkhand
,Joiner 16x20mm,,0,0,,0,0,Y,0,0,0,0,Jharkhand
,Joiner 20mm,,4.5,0,,0,0,Y,0,0,0,0,Jharkhand
,DN280 PE100 PN6 HDPE PIPE(FF),,0,0,,0,0,Y,0,0,0,0,Rajasthan
,Lateral Cock 12mm(Heavy),,0,0,,0,0,Y,0,0,0,0,Jharkhand
,Lateral Cock 16mm,,4.18,0,,0,0,Y,0,0,0,0,Jharkhand
,Lateral Cock 16mm(Heavy),,0,0,,0,0,Y,0,0,0,0,Jharkhand
,Lateral Cock 12mm,,4.18,0,,0,0,Y,0,0,0,0,Jharkhand
,Ring for Compression Connector(Lock Ring),,0,0,,0,0,Y,0,0,0,0,Jharkhand
,Menifold for Ventury '2',,0,0,,0,0,Y,0,0,0,0,Jharkhand
,Micro Spk Tube(C/O-Type),,0,0,,0,0,Y,0,0,0,0,Jharkhand
,Micro Tube 1.8mm,,0,0,,0,0,Y,0,0,0,0,Jharkhand
,Micro Spk. Set(Assembly Without Stand)Nozzle,,0,0,,0,0,Y,0,0,0,0,Jharkhand
,M-Seal(Safeda-MI),,0,0,,0,0,Y,0,0,0,0,Jharkhand
,DN280 PE100 PN6 N HDPE PIPE,,0,0,,0,0,Y,0,0,0,0,Rajasthan
,MTA PP(CF) 25MM,,0,0,,0,0,Y,0,0,0,0,Jharkhand
,MTA 50mm(PP-CF),,0,0,,0,0,Y,0,0,0,0,Jharkhand
,MTA 63MM(CF),,0,0,,0,0,Y,0,0,0,0,Jharkhand
,MTA 63x50mm(CF),,0,0,,0,0,Y,0,0,0,0,Jharkhand
,MTA 75MM(CF),,0,0,,0,0,Y,0,0,0,0,Jharkhand
,MTA 90MM(CF),,0,0,,0,0,Y,0,0,0,0,Jharkhand
,MTA 110mm(CF),,0,0,,0,0,Y,0,0,0,0,Jharkhand
,MTA 90x75mm(CF),,0,0,,0,0,Y,0,0,0,0,Jharkhand
,MTA(Compression Fittings)20mm X 3/4,,0,0,,0,0,Y,0,0,0,0,Jharkhand
,MTA(Compression Fittings) 32mm x 1,,0,0,,0,0,Y,0,0,0,0,Jharkhand
,DN315 PE100 PN16 HDPE PIPE,,0,0,,0,0,Y,0,0,0,0,Rajasthan
,MTA 40mm(CF),,0,0,,0,0,Y,0,0,0,0,Jharkhand
,MTA 75x63mm(CF),,0,0,,0,0,Y,0,0,0,0,Jharkhand
,MTA 25MM PVC,,0,0,,0,0,Y,0,0,0,0,Jharkhand
,MTA 32MM PVC,,0,0,,0,0,Y,0,0,0,0,Jharkhand
,MTA 50MM(50X40=1.5) PVC,,23.21,0,,0,0,Y,0,0,0,0,Jharkhand
,MTA 63mm(63X50-2)PVC,,30.49,0,,0,0,Y,0,0,0,0,Jharkhand
,MTA 75MM PVC,,45.69,0,,0,0,Y,0,0,0,0,Jharkhand
,MTA 90MM PVC,,74.54,0,,0,0,Y,0,0,0,0,Jharkhand
,Mini Spk. Nozzle(Double) Full Circle,,122,0,,0,0,Y,0,0,0,0,Jharkhand
,Mini Spk Nozzle-Half Circle '1/2',,233,0,,0,0,Y,0,0,0,0,Jharkhand
,DN315 PE100 PN6 HDPE PIPE(FF),,0,0,,0,0,Y,0,0,0,0,Rajasthan
,Start Connector Nipple 12mm,,2.13,0,,0,0,Y,0,0,0,0,Jharkhand
,Start Connector Nipple 16MM,,2.24,0,,0,0,Y,0,0,0,0,Jharkhand
,Start Connector Nipple 20mm,,2.24,0,,0,0,Y,0,0,0,0,Jharkhand
,GI Nipple 1/2*3,,0,0,,0,0,Y,0,0,0,0,Jharkhand
,G.I. Nipple 1.5x4,,0,0,,0,0,Y,0,0,0,0,Jharkhand
,GI Nipple 1.5x6(MI),,0,0,,0,0,Y,0,0,0,0,Jharkhand
,GI Nipple 2x6(MI),,0,0,,0,0,Y,0,0,0,0,Jharkhand
,GI Nipple 1x18(MI),,0,0,,0,0,Y,0,0,0,0,Jharkhand
,GI Nipple 1x9(MI),,0,0,,0,0,Y,0,0,0,0,Jharkhand
,G .I. Nipple 2x4,,0,0,,0,0,Y,0,0,0,0,Jharkhand
,DN315 PE100 PN6 N HDPE PIPE,,0,0,,0,0,Y,0,0,0,0,Rajasthan
,GI Nipple 2.5x4(MI),,0,0,,0,0,Y,0,0,0,0,Jharkhand
,GI Nipple 32m(1-1/4)X6,,0,0,,0,0,Y,0,0,0,0,Jharkhand
,GI Nipples 2.5x9(MI),,0,0,,0,0,Y,0,0,0,0,Jharkhand
,GI Nipple 1/2x6,,0,0,,0,0,Y,0,0,0,0,Jharkhand
,50mm GI Nipple,,0,0,,0,0,Y,0,0,0,0,Jharkhand
,Hex Nipple 1''(MI),,0,0,,0,0,Y,0,0,0,0,Jharkhand
,Hex Nipple 3/4(25mm),,0,0,,0,0,Y,0,0,0,0,Jharkhand
,Non Return Valve 1(25mm),,0,0,,0,0,Y,0,0,0,0,Jharkhand
,Non Return Valve 1.5(40mm),,0,0,,0,0,Y,0,0,0,0,Jharkhand
,Non Return Valve 2(50mm),,1086,0,,0,0,Y,0,0,0,0,Jharkhand
,DN315 PE100 PN8 N HDPE PIPE,,0,0,,0,0,Y,0,0,0,0,Rajasthan
,Non Return Valve 2.5(65mm),,1280,0,,0,0,Y,0,0,0,0,Jharkhand
,Non Return Valve 2.5(PP),,1724,0,,0,0,Y,0,0,0,0,Jharkhand
,Non Return Valve 3(80mm),,1670,0,,0,0,Y,0,0,0,0,Jharkhand
,Non Return Valve 4,,2223,0,,0,0,Y,0,0,0,0,Jharkhand
,Non Return Valve(NRV) 6,,0,0,,0,0,Y,0,0,0,0,Jharkhand
,S S Nut Bolts(MI),,0,0,,0,0,Y,0,0,0,0,Jharkhand
,Disc Filter 20m3/hrx2(PP),,4549,0,,0,0,Y,0,0,0,0,Jharkhand
,Disc Filter 25m3/hrx2(HT-134TS),,3630.6,0,,0,0,Y,0,0,0,0,Jharkhand
,Disc Filter 30m3/hr x 2.5(HT-135T),,3630.6,0,,0,0,Y,0,0,0,0,Jharkhand
,Disc Filter 40m3/hrx2.5(PP),,3816,0,,0,0,Y,0,0,0,0,Jharkhand
,DN355 PE100 PN6 HDPE PIPE(FF),,0,0,,0,0,Y,0,0,0,0,Rajasthan
,Disc Filter 40m3/hrx3(PP),,6051,0,,0,0,Y,0,0,0,0,Jharkhand
,Disc Filter 50m3/hrx3(HT-136T)-Plastic,,3816,0,,0,0,Y,0,0,0,0,Jharkhand
,Disc Filter 50m3/hr X3(Metal),,0,0,,0,0,Y,0,0,0,0,Jharkhand
,32mm HDPE Pipe End,,0,0,,0,0,Y,0,0,0,0,Jharkhand
,Pressure Gauge 2,,131.4,0,,0,0,Y,0,0,0,0,Jharkhand
,Pressure Gauge Glycerine 2,,458,0,,0,0,Y,0,0,0,0,Jharkhand
,Pressure Gauge Glycerine 2.5,,0,0,,0,0,Y,0,0,0,0,Jharkhand
,Plug(9/12mm)M-22-End Plug,,0,0,,0,0,Y,0,0,0,0,Jharkhand
,Dripper Plug 2.5mm,,0,0,,0,0,Y,0,0,0,0,Jharkhand
,Pressure Release Valve 2X1.5,,2074,0,,0,0,Y,0,0,0,0,Jharkhand
,DN355 PE100 PN6 N HDPE PIPE,,0,0,,0,0,Y,0,0,0,0,Rajasthan
,PP Reducing Bush 2x1.5,,0,0,,0,0,Y,0,0,0,0,Jharkhand
,PVC Reducer Bush 110x63mm,,0,0,,0,0,Y,0,0,0,0,Jharkhand
,Reducer 16x12mm Comp.Connector(Both Side),,2.24,0,,0,0,Y,0,0,0,0,Jharkhand
,Reducer 16X17MM Comp. Connector(Both Side),,0,0,,0,0,Y,0,0,0,0,Jharkhand
,Reducer Elbow 75x63mm PVC,,0,0,,0,0,Y,0,0,0,0,Jharkhand
,Reducing Flanged Threaded 2.5x2,,0,0,,0,0,Y,0,0,0,0,Jharkhand
,Reducing Flanged Threaded 3x2.5,,0,0,,0,0,Y,0,0,0,0,Jharkhand
,G.I.Reducer 1x1/2,,0,0,,0,0,Y,0,0,0,0,Jharkhand
,G.I.Reducer 1.25x2,,0,0,,0,0,Y,0,0,0,0,Jharkhand
,G.I.Reducer 1.5x2,,0,0,,0,0,Y,0,0,0,0,Jharkhand
,DN400 PE100 PN10 HDPE PIPE,,0,0,,0,0,Y,0,0,0,0,Rajasthan
,GI Reducer 2.5x2(MI),,0,0,,0,0,Y,0,0,0,0,Jharkhand
,GI Reducer 3x2-1/2(MI),,0,0,,0,0,Y,0,0,0,0,Jharkhand
,Reducer 25x20mm(PP),,0,0,,0,0,Y,0,0,0,0,Jharkhand
,Reducer 63x50mm(PP),,0,0,,0,0,Y,0,0,0,0,Jharkhand
,Reducer 63x40mm PVC,,0,0,,0,0,Y,0,0,0,0,Jharkhand
,PVC Reducer Coupler 75x63mm,,0,0,,0,0,Y,0,0,0,0,Jharkhand
,Reducer 40x32mm PVC,,0,0,,0,0,Y,0,0,0,0,Jharkhand
,Reducer 63x50mm PVC,,41.51,0,,0,0,Y,0,0,0,0,Jharkhand
,Reducer 75x50mm PVC,,33.54,0,,0,0,Y,0,0,0,0,Jharkhand
,Reducer 75x63mm PVC,,45.22,0,,0,0,Y,0,0,0,0,Jharkhand
,Dripper Plug 2.5mm,,0,0,,0,0,Y,0,0,0,0,Rajasthan
,DN450 PE80 PN4 N HDPE PIPE,,0,0,,0,0,Y,0,0,0,0,Rajasthan
,Reducer 90x63 mm Pvc,,57.02,0,,0,0,Y,0,0,0,0,Jharkhand
,Reducer 90x75mm PVC,,58.54,0,,0,0,Y,0,0,0,0,Jharkhand
,Reducer 110x90mm PVC,,92.59,0,,0,0,Y,0,0,0,0,Jharkhand
,Reducer 160x140mm PVC,,0,0,,0,0,Y,0,0,0,0,Jharkhand
,Reducer 200x160mm PVC,,0,0,,0,0,Y,0,0,0,0,Jharkhand
,Reducer Tee 110x90 PVC,,204.19,0,,0,0,Y,0,0,0,0,Jharkhand
,Stand Ring 2 for Hydrocyclone Filter,,0,0,,0,0,Y,0,0,0,0,Jharkhand
,Stand Ring 3 for Hydrocyclone Filter,,0,0,,0,0,Y,0,0,0,0,Jharkhand
,Reducer Tee 160x110 PVC,,0,0,,0,0,Y,0,0,0,0,Jharkhand
,Reducer Tee 160X90MM (PVC),,0,0,,0,0,Y,0,0,0,0,Jharkhand
,DN500 PE100 PN8 N HDPE PIPE,,0,0,,0,0,Y,0,0,0,0,Rajasthan
,Reducer Tee 63x32mm PVC,,0,0,,0,0,Y,0,0,0,0,Jharkhand
,Reducer Tee 75x63mm PVC,,0,0,,0,0,Y,0,0,0,0,Jharkhand
,Reducer Tee 90x63mm 6kg,,0,0,,0,0,Y,0,0,0,0,Jharkhand
,Reducer Tee 90x63mm PVC,,0,0,,0,0,Y,0,0,0,0,Jharkhand
,Reducer Tee 90x75mm PVC,,0,0,,0,0,Y,0,0,0,0,Jharkhand
,GI Reducing Tee 2.5x2(MI),,0,0,,0,0,Y,0,0,0,0,Jharkhand
,Grommet 12mm,,0,0,,0,0,Y,0,0,0,0,Jharkhand
,Grommet 16mm,,3.2,0,,0,0,Y,0,0,0,0,Jharkhand
,Sand for Sand Filter(KG),,0,0,,0,0,Y,0,0,0,0,Jharkhand
,Screen225m3,,0,0,,0,0,Y,0,0,0,0,Jharkhand
,DN75 PE100 PN6 HDPE PIPE,,0,0,,0,0,Y,0,0,0,0,Rajasthan
,Screen Element 2(Cartridge),,0,0,,0,0,Y,0,0,0,0,Jharkhand
,Screen Element 2.5(Cartridge),,0,0,,0,0,Y,0,0,0,0,Jharkhand
,Screen Elements 3(Cartridge),,0,0,,0,0,Y,0,0,0,0,Jharkhand
,Screen Filter 1 4*6/8m3/hr x 1(Y),,0,0,,0,0,Y,0,0,0,0,Jharkhand
,Screen Filter 15mm3/hr x 1.5(Plastic),,1272,0,,0,0,Y,0,0,0,0,Jharkhand
,Screen Filter 15mm3/hr x 2(Plastic),,0,0,,0,0,Y,0,0,0,0,Jharkhand
,Screen Filter 20m3/hr X2(Metal),,3059,0,,0,0,Y,0,0,0,0,Jharkhand
,Screen Filter 20m3/hr x 2(Plastic),,1666.8,0,,0,0,Y,0,0,0,0,Jharkhand
,Screen Filter 25m3/hr x 2(Plastic),,2650,0,,0,0,Y,0,0,0,0,Jharkhand
,Screen Filter 25m3/hr X2.5(Metal),,3383,0,,0,0,Y,0,0,0,0,Jharkhand
,DN90 PE100 PN10 N HDPE PIPE,,0,0,,0,0,Y,0,0,0,0,Rajasthan
,Screen Filter 30m3/hr X2.5(Metal),,3816,0,,0,0,Y,0,0,0,0,Jharkhand
,Screen Filter 30m3/hrx2.5(Plastic),,1666.8,0,,0,0,Y,0,0,0,0,Jharkhand
,Screen Filter 3/4120mesh 6*4 M3,,0,0,,0,0,Y,0,0,0,0,Jharkhand
,Screen Filter 40m3/hrx2.5(Plastic),,2942,0,,0,0,Y,0,0,0,0,Jharkhand
,Screen Filter 40m3/hr X2.5''(Metal),,0,0,,0,0,Y,0,0,0,0,Jharkhand
,Screen Filter 40m3/hr X3(Metal),,3924,0,,0,0,Y,0,0,0,0,Jharkhand
,Screen Filter 40m3/hr x 3(Plastics),,1765.2,0,,0,0,Y,0,0,0,0,Jharkhand
,Screen Filter 40m3/hr X3(Semi Automatic),,0,0,,0,0,Y,0,0,0,0,Jharkhand
,Screen Filter 50m3/hr X3(Double Body),,0,0,,0,0,Y,0,0,0,0,Jharkhand
,Screen Filter 50m3/hr X3(Metal),,4140,0,,0,0,Y,0,0,0,0,Jharkhand
,DN90 PE100 PN6 N HDPE PIPE,,0,0,,0,0,Y,0,0,0,0,Rajasthan
,Screen Filter 50m3/hr x 3(Plastic),,1765.2,0,,0,0,Y,0,0,0,0,Jharkhand
,Screen Filter 10m3/hr x 2 (Metal),,0,0,,0,0,Y,0,0,0,0,Jharkhand
,Screen Filter 10m3/hr X 2.5''(Metal),,0,0,,0,0,Y,0,0,0,0,Jharkhand
,Screen Filter 20m3/hr X2.5(Metal),,0,0,,0,0,Y,0,0,0,0,Jharkhand
,Screen Filter 25m3/hr X2(Semi Automatic),,0,0,,0,0,Y,0,0,0,0,Jharkhand
,Screen Filter 50m3/hr x 2(Plastic),,0,0,,0,0,Y,0,0,0,0,Jharkhand
,Stap Saddle 200mmX1.1/2,,0,0,,0,0,Y,0,0,0,0,Jharkhand
,Stap Saddle 200mmX1.1/4,,0,0,,0,0,Y,0,0,0,0,Jharkhand
,Stap Saddle 200mmX1/2,,0,0,,0,0,Y,0,0,0,0,Jharkhand
,G.I.Socket 1,,0,0,,0,0,Y,0,0,0,0,Jharkhand
,DN90 PE100 PN6 N HDPE PIPE(FF),,0,0,,0,0,Y,0,0,0,0,Rajasthan
,Gi Socket 1.25,,0,0,,0,0,Y,0,0,0,0,Jharkhand
,G.I.Socket 1.5,,0,0,,0,0,Y,0,0,0,0,Jharkhand
,G.I.Socket 2,,0,0,,0,0,Y,0,0,0,0,Jharkhand
,G.I.Socket 1.5x2,,0,0,,0,0,Y,0,0,0,0,Jharkhand
,PP Socket 1.5(50mm)MI,,0,0,,0,0,Y,0,0,0,0,Jharkhand
,PP Socket 2(63mm)MI,,0,0,,0,0,Y,0,0,0,0,Jharkhand
,PP Socket 2.5(75mm)MI,,0,0,,0,0,Y,0,0,0,0,Jharkhand
,PP Socket 3(90mm)MI,,0,0,,0,0,Y,0,0,0,0,Jharkhand
,Socket 63mm PVC,,0,0,,0,0,Y,0,0,0,0,Jharkhand
,Socket 75mm PVC,,0,0,,0,0,Y,0,0,0,0,Jharkhand
,DN90 PE80 PN6 N HDPE PIPE,,0,0,,0,0,Y,0,0,0,0,Rajasthan
,Socket 90mm PVC,,0,0,,0,0,Y,0,0,0,0,Jharkhand
,200mm Pvc Socket,,0,0,,0,0,Y,0,0,0,0,Jharkhand
,Sluice Valve 2.5,,0,0,,0,0,Y,0,0,0,0,Jharkhand
,Sand Filter 10m3/hr x 1.5,,11777.5,0,,0,0,Y,0,0,0,0,Jharkhand
,Sand Filter 20xm3/hr 2,,13650.7,0,,0,0,Y,0,0,0,0,Jharkhand
,Sand Filter 30mm3X2.5,,24199,0,,0,0,Y,0,0,0,0,Jharkhand
,Sand Filter 50m3/hr x 3,,32176,0,,0,0,Y,0,0,0,0,Jharkhand
,Sand Filter 25m3/hr x 2,,13650.7,0,,0,0,Y,0,0,0,0,Jharkhand
,Sand Filter 40m3/hr x 2.5,,18149.25,0,,0,0,Y,0,0,0,0,Jharkhand
,Sand Filter 40m3/hr x 3,,32176,0,,0,0,Y,0,0,0,0,Jharkhand
,MDPE PIPE 20MM PN16 PE80(ISO:4427),,0,0,,0,0,Y,0,0,0,0,Rajasthan
,Solvent Cement(Ltr),,0,0,,0,0,Y,0,0,0,0,Jharkhand
,Service Saddle 40mm(MI),,0,0,,0,0,Y,0,0,0,0,Jharkhand
,Service Saddle 40mmX3/4(PP),,0,0,,0,0,Y,0,0,0,0,Jharkhand
,Service Saddle 50mm(MI),,0,0,,0,0,Y,0,0,0,0,Jharkhand
,Service Saddle 50mmX1/2(P),,0,0,,0,0,Y,0,0,0,0,Jharkhand
,Service Saddle 50mmX3/4(PP),,0,0,,0,0,Y,0,0,0,0,Jharkhand
,Service Saddle 63mm 1(MI),,93.54,0,,0,0,Y,0,0,0,0,Jharkhand
,Service Saddle 63mm 3/4(MI),,0,0,,0,0,Y,0,0,0,0,Jharkhand
,Service Saddle 75mm(MI),,0,0,,0,0,Y,0,0,0,0,Jharkhand
,Service Saddle 75mmX1(PP),,128.93,0,,0,0,Y,0,0,0,0,Jharkhand
,MDPE PIPE 25MM PN16 PE80(ISO:4427),,0,0,,0,0,Y,0,0,0,0,Rajasthan
,Service Saddle 75mmX1.25(M.S),,0,0,,0,0,Y,0,0,0,0,Jharkhand
,Service Saddle 75mmX1-1/4(PP),,0,0,,0,0,Y,0,0,0,0,Jharkhand
,Service Saddle 90mm(MI),,156.46,0,,0,0,Y,0,0,0,0,Jharkhand
,Service Saddle 90mmX1.25(M.S),,0,0,,0,0,Y,0,0,0,0,Jharkhand
,Service Saddle 90mmX1/2(P),,176.12,0,,0,0,Y,0,0,0,0,Jharkhand
,Service Saddle 110mm(MI),,0,0,,0,0,Y,0,0,0,0,Jharkhand
,Service Saddle 63mmX1/2(P),,0,0,,0,0,Y,0,0,0,0,Jharkhand
,Service Saddle 50mm(PVC),,0,0,,0,0,Y,0,0,0,0,Jharkhand
,63MM PVC Tail Piece,,0,0,,0,0,Y,0,0,0,0,Jharkhand
,Tapping Coupler 20mm(EF),,0,0,,0,0,Y,0,0,0,0,Jharkhand
,PVC PIPE 110MMX2.5KG/CM2(MTR),,736.2,0,,0,0,Y,0,0,0,0,Rajasthan
,Tee(Compression Fitting) 12x12mm,,3.42,0,,0,0,Y,0,0,0,0,Jharkhand
,Tee (Compression Fitting) 16mx12m/16X16,,3.31,0,,0,0,Y,0,0,0,0,Jharkhand
,Tee(Compression Fitting)25mmx1x25mm,,36.76,0,,0,0,Y,0,0,0,0,Jharkhand
,TEE(Compression Fitting)32mm X1 X32mm,,41.21,0,,0,0,Y,0,0,0,0,Jharkhand
,Tee 40mm(CF),,0,0,,0,0,Y,0,0,0,0,Jharkhand
,TEE(Compression Fitting)50MM,,0,0,,0,0,Y,0,0,0,0,Jharkhand
,TEE(Compression Fitting)63MM,,0,0,,0,0,Y,0,0,0,0,Jharkhand
,Tee 75mm(CF),,0,0,,0,0,Y,0,0,0,0,Jharkhand
,Tee 90mm(CF),,0,0,,0,0,Y,0,0,0,0,Jharkhand
,Tee 110mm(CF),,0,0,,0,0,Y,0,0,0,0,Jharkhand
,Elbow 110mm PVC,,158.9,0,,0,0,Y,0,0,0,0,Rajasthan
,PVC PIPE 110MMX4KG/CM2 (MTR),,1124.7,0,,0,0,Y,0,0,0,0,Rajasthan
,50MM GI TEE,,0,0,,0,0,Y,0,0,0,0,Jharkhand
,G. I. Tee 90mm(3*2.5),,0,0,,0,0,Y,0,0,0,0,Jharkhand
,G.I. Tee 110mm(4*2.5),,0,0,,0,0,Y,0,0,0,0,Jharkhand
,G.I. Tee 110mm(4*3),,0,0,,0,0,Y,0,0,0,0,Jharkhand
,32mm HDPE Tee,,0,0,,0,0,Y,0,0,0,0,Jharkhand
,By Pass Threaded Tee with Flange End 2.5(PP),,0,0,,0,0,Y,0,0,0,0,Jharkhand
,By Pass Threaded Tee with Flange End 3 (PP),,0,0,,0,0,Y,0,0,0,0,Jharkhand
,By Pass Threaded Tee Without  Flange End 2 (PP),,0,0,,0,0,Y,0,0,0,0,Jharkhand
,Tee 3 Side Male Threaded 1(32mm),,0,0,,0,0,Y,0,0,0,0,Jharkhand
,TEE 32MM PVC,,0,0,,0,0,Y,0,0,0,0,Jharkhand
,PVC PIPE 110MMX6KG/CM2 (MTR),,1661.58,0,,0,0,Y,0,0,0,0,Rajasthan
,TEE 40MM PVC,,0,0,,0,0,Y,0,0,0,0,Jharkhand
,TEE 50MM PVC,,39.96,0,,0,0,Y,0,0,0,0,Jharkhand
,Tee 63mm PVC,,61.03,0,,0,0,Y,0,0,0,0,Jharkhand
,Tee 75mm  PVC,,84.29,0,,0,0,Y,0,0,0,0,Jharkhand
,Tee 90mm  PVC,,136.4,0,,0,0,Y,0,0,0,0,Jharkhand
,Tee 110mm PVC,,201.53,0,,0,0,Y,0,0,0,0,Jharkhand
,Tee 140mm(PVC),,0,0,,0,0,Y,0,0,0,0,Jharkhand
,Tee 200mm PVC,,0,0,,0,0,Y,0,0,0,0,Jharkhand
,Tapping Compression Ferrule 20x/12,,0,0,,0,0,Y,0,0,0,0,Jharkhand
,Throttle Valve 2(PP),,774,0,,0,0,Y,0,0,0,0,Jharkhand
,PVC PIPE 140MMX2.5KG/CM2 (MTR),,1171.2,0,,0,0,Y,0,0,0,0,Rajasthan
,Throttle Valve 2.5(PP),,1800,0,,0,0,Y,0,0,0,0,Jharkhand
,Throttle Valves 3 (PP),,2356,0,,0,0,Y,0,0,0,0,Jharkhand
,Tapping Saddle -90x1/2(EF),,0,0,,0,0,Y,0,0,0,0,Jharkhand
,Tapping Tee 90x20mm(EF),,0,0,,0,0,Y,0,0,0,0,Jharkhand
,Mini Spk M/F Connector(9/12mm),,6.6,0,,0,0,Y,0,0,0,0,Jharkhand
,Spagheti Barbed Connector,,0,0,,0,0,Y,0,0,0,0,Jharkhand
,Vaccum Breaker Valve 0.5,,0,0,,0,0,Y,0,0,0,0,Jharkhand
,Ventury Assembly with Manifold 1,,801,0,,0,0,Y,0,0,0,0,Jharkhand
,Ventury Assembly with Manifold 1.5'',,3389,0,,0,0,Y,0,0,0,0,Jharkhand
,Ventury Assembly with Manifold 2,,2170.2,0,,0,0,Y,0,0,0,0,Jharkhand
,PVC PIPE 140MMX4KG/CM2(Mtr),,1870.5,0,,0,0,Y,0,0,0,0,Rajasthan
,Ventury Assembly with Manifold 2.5,,3000,0,,0,0,Y,0,0,0,0,Jharkhand
,Ventury Assembly with Manifold & Rotameter 3/4,,1335,0,,0,0,Y,0,0,0,0,Jharkhand
,Ventury Ass. with Manifold & Without Rotameter 3/4,,764,0,,0,0,Y,0,0,0,0,Jharkhand
,Rotameter for Ventury,,0,0,,0,0,Y,0,0,0,0,Jharkhand
,Washer Plain M-3-4-5,,0,0,,0,0,Y,0,0,0,0,Jharkhand
,Winder Dripline,,0,0,,0,0,Y,0,0,0,0,Jharkhand
,By Pass Assembly 2X1.5(M.S.),,1120,0,,0,0,Y,0,0,0,0,Jharkhand
,By Pass Assembly 2.5x2(M.S.),,1250,0,,0,0,Y,0,0,0,0,Jharkhand
,By Pass Assembly 3''x2(M.S.),,1420,0,,0,0,Y,0,0,0,0,Jharkhand
,By Pass Assembly 2.5''(PP),,0,0,,0,0,Y,0,0,0,0,Jharkhand
,PVC PIPE 140MMX6KG/CM2(Mtr),,2747.4,0,,0,0,Y,0,0,0,0,Rajasthan
,By Pass Assembly 2x1.5''(PP),,0,0,,0,0,Y,0,0,0,0,Jharkhand
,By Pass Assembly 3''(PP),,0,0,,0,0,Y,0,0,0,0,Jharkhand
,Dhaga Sutta(MI),,0,0,,0,0,Y,0,0,0,0,Jharkhand
,140X110MM MS Reducer,,0,0,,0,0,Y,0,0,0,0,Jharkhand
,160x110MM MS Reducer,,0,0,,0,0,Y,0,0,0,0,Jharkhand
,160x90mm MS Reducer,,0,0,,0,0,Y,0,0,0,0,Jharkhand
,90MM HDPE Pipe End PN6 PE80(Moulded),,0,0,,0,0,Y,0,0,0,0,Jharkhand
,110MM HDPE Pipe End PN6 PE80(Moulded),,0,0,,0,0,Y,0,0,0,0,Jharkhand
,125MM HDPE Pipe End PN6 PE80(Moulded),,0,0,,0,0,Y,0,0,0,0,Jharkhand
,140MM HDPE End Cap PN6 PE80(Moulded),,0,0,,0,0,Y,0,0,0,0,Jharkhand
,PVC PIPE 160MMX2.5KG/CM2 (MTR),,1545.6,0,,0,0,Y,0,0,0,0,Rajasthan
,140MM HDPE Pipe End PN6 PE80(Moulded),,0,0,,0,0,Y,0,0,0,0,Jharkhand
,180MM HDPE Pipe End PN6 PE80(Moulded),,0,0,,0,0,Y,0,0,0,0,Jharkhand
,125MM HDPE MOULDED BEND,,0,0,,0,0,Y,0,0,0,0,Jharkhand
,140MM HDPE MOULDED BEND,,0,0,,0,0,Y,0,0,0,0,Jharkhand
,160MM HDPE MOULDED BEND,,0,0,,0,0,Y,0,0,0,0,Jharkhand
,160MM HDPE MOULDED BEND(PN6),,0,0,,0,0,Y,0,0,0,0,Jharkhand
,125mm HDPE End Cap(Moulded),,0,0,,0,0,Y,0,0,0,0,Jharkhand
,125MM HDPE End Cap PN6 PE80(Moulded),,0,0,,0,0,Y,0,0,0,0,Jharkhand
,140mm HDPE End Cap(Moulded),,0,0,,0,0,Y,0,0,0,0,Jharkhand
,160mm HDPE End Cap(Moulded),,0,0,,0,0,Y,0,0,0,0,Jharkhand
,PVC PIPE 160MMX6KG/CM2 (MTR),,3544.2,0,,0,0,Y,0,0,0,0,Rajasthan
,160MM HDPE End Cap PN6 PE80(Moulded),,0,0,,0,0,Y,0,0,0,0,Jharkhand
,200MM HDPE End Cap PN6 PE80(Moulded),,0,0,,0,0,Y,0,0,0,0,Jharkhand
,200MM HDPE ENDCAP(Moulded),,0,0,,0,0,Y,0,0,0,0,Jharkhand
,225MM HDPE End Cap(Moulded),,0,0,,0,0,Y,0,0,0,0,Jharkhand
,140MM HDPE MOULDED PCN,,0,0,,0,0,Y,0,0,0,0,Jharkhand
,160MM HDPE MOULDED PCN,,0,0,,0,0,Y,0,0,0,0,Jharkhand
,110MM PN6 PE100 HDPE PIPE END,,0,0,,0,0,Y,0,0,0,0,Jharkhand
,225mm HDPE Pipe End(Moulded),,0,0,,0,0,Y,0,0,0,0,Jharkhand
,250mm HDPE Pipe End(Moulded),,0,0,,0,0,Y,0,0,0,0,Jharkhand
,280MM HDPE Pipe End(Moulded),,0,0,,0,0,Y,0,0,0,0,Jharkhand
,PVC PIPE 200MMX2.5KG/CM2 (MTR),,2496,0,,0,0,Y,0,0,0,0,Rajasthan
,315MM HDPE  Pipe End(Moulded),,0,0,,0,0,Y,0,0,0,0,Jharkhand
,355MM HDPE PIPE END(Moulded),,0,0,,0,0,Y,0,0,0,0,Jharkhand
,500MM HDPE Pipe End,,0,0,,0,0,Y,0,0,0,0,Jharkhand
,125X110MM HDPE MOULDED REDUCER,,0,0,,0,0,Y,0,0,0,0,Jharkhand
,125X90MM HDPE MOULDED REDUCER,,0,0,,0,0,Y,0,0,0,0,Jharkhand
,140X110MM HDPE MOULDED REDUCER,,0,0,,0,0,Y,0,0,0,0,Jharkhand
,140X125MM HDPE MOULDED REDUCER,,0,0,,0,0,Y,0,0,0,0,Jharkhand
,140X90MM HDPE MOULDED REDUCER,,0,0,,0,0,Y,0,0,0,0,Jharkhand
,160X110MM HDPE MOULDED REDUCER,,0,0,,0,0,Y,0,0,0,0,Jharkhand
,160X75MM HDPE Reducer,,0,0,,0,0,Y,0,0,0,0,Jharkhand
,PVC PIPE 200MMX4KG/CM2 (MTR),,3924.6,0,,0,0,Y,0,0,0,0,Rajasthan
,160X90mm HDPE Moulded Reducer,,0,0,,0,0,Y,0,0,0,0,Jharkhand
,160X140MM HDPE MOULDED REDUCER,,0,0,,0,0,Y,0,0,0,0,Jharkhand
,180x90mm HDPE Moulded Reducer,,0,0,,0,0,Y,0,0,0,0,Jharkhand
,180X125MM HDPE MOULDED REDUCER,,0,0,,0,0,Y,0,0,0,0,Jharkhand
,180X140MM HDPE MOULDED REDUCER,,0,0,,0,0,Y,0,0,0,0,Jharkhand
,200X180MM HDPE MOULDED REDUCER,,0,0,,0,0,Y,0,0,0,0,Jharkhand
,200X125MM HDPE MOULDED REDUCER,,0,0,,0,0,Y,0,0,0,0,Jharkhand
,200X140MM HDPE MOULDED REDUCER,,0,0,,0,0,Y,0,0,0,0,Jharkhand
,200x90mm HDPE  Moulded Reducer,,0,0,,0,0,Y,0,0,0,0,Jharkhand
,225X160MM HDPE Molulded Reducer,,0,0,,0,0,Y,0,0,0,0,Jharkhand
,PVC PIPE 200MMX6KG/CM2 (MTR),,5764.2,0,,0,0,Y,0,0,0,0,Rajasthan
,225X180MM HDPE Moulded Reducer,,0,0,,0,0,Y,0,0,0,0,Jharkhand
,225X90MM HDPE Moulded Reducer,,0,0,,0,0,Y,0,0,0,0,Jharkhand
,250X110MM HDPE Moulded Reducer,,0,0,,0,0,Y,0,0,0,0,Jharkhand
,250X160MM HDPE Moulded Reducer,,0,0,,0,0,Y,0,0,0,0,Jharkhand
,250x90mm HDPE Moulded Reducer,,0,0,,0,0,Y,0,0,0,0,Jharkhand
,280X90MM HDPE Moulded Reducer,,0,0,,0,0,Y,0,0,0,0,Jharkhand
,315X110MM HDPE Moulded Reducer,,0,0,,0,0,Y,0,0,0,0,Jharkhand
,315X180MM HDPE Moulded Reducer,,0,0,,0,0,Y,0,0,0,0,Jharkhand
,315X225MM HDPE Moulded Reducer,,0,0,,0,0,Y,0,0,0,0,Jharkhand
,315X250MM HDPE Moulded Reducer,,0,0,,0,0,Y,0,0,0,0,Jharkhand
,Elbow 110mm(PP),,0,0,,0,0,Y,0,0,0,0,Rajasthan
,PVC PIPE 225MMX4KG/CM2 CASING PIPE(MTR),,0,0,,0,0,Y,0,0,0,0,Rajasthan
,315x90MM HDPE Moulded Reducer,,0,0,,0,0,Y,0,0,0,0,Jharkhand
,355X125MM HDPE Moulded Reducer,,0,0,,0,0,Y,0,0,0,0,Jharkhand
,355X250MM HDPE Moulded Reducer,,0,0,,0,0,Y,0,0,0,0,Jharkhand
,355x315MM HDPE Moulded Reducer,,0,0,,0,0,Y,0,0,0,0,Jharkhand
,160MM HDPE MOULDED TEE(PN6),,0,0,,0,0,Y,0,0,0,0,Jharkhand
,125MM HDPE MOULDED TEE,,0,0,,0,0,Y,0,0,0,0,Jharkhand
,140MM HDPE MOULDED TEE,,0,0,,0,0,Y,0,0,0,0,Jharkhand
,160MM HDPE MOULDED TEE,,0,0,,0,0,Y,0,0,0,0,Jharkhand
,160MM M.S. Flange,,0,0,,0,0,Y,0,0,0,0,Jharkhand
,200MM M.S. Flange,,0,0,,0,0,Y,0,0,0,0,Jharkhand
,PVC PIPE 225MMX6KG/CM2 CASING PIPE(MTR),,0,0,,0,0,Y,0,0,0,0,Rajasthan
,250MM M.S. Flange,,0,0,,0,0,Y,0,0,0,0,Jharkhand
,280MM M.S. Flange,,0,0,,0,0,Y,0,0,0,0,Jharkhand
,315MM M.S. Flange,,0,0,,0,0,Y,0,0,0,0,Jharkhand
,355MM M.S. Flange,,0,0,,0,0,Y,0,0,0,0,Jharkhand
,Copper Wire,,0,0,,0,0,Y,0,0,0,0,Jharkhand
,Coupler/joiner 90mm,,0,0,,0,0,Y,0,0,0,0,Jharkhand
,Tapping Tee with Coupler 90x20mm(EF),,0,0,,0,0,Y,0,0,0,0,Jharkhand
,Rain Gun  Adopter 1.25(50X40),,0,0,,0,0,Y,0,0,0,0,Jharkhand
,RAIN GUN ADOPTER 2(63x40),,0,0,,0,0,Y,0,0,0,0,Jharkhand
,Raingun Adopter 2.5(75x40),,0,0,,0,0,Y,0,0,0,0,Jharkhand
,PVC PIPE 32MMX10KG/CM2 (MTR),,48,0,,0,0,Y,0,0,0,0,Rajasthan
,Raingun Adopter 3(90x40),,0,0,,0,0,Y,0,0,0,0,Jharkhand
,Raingun Adopter 4(110x40),,0,0,,0,0,Y,0,0,0,0,Jharkhand
,75MM BATTEN ONLY,,0,0,,0,0,Y,0,0,0,0,Jharkhand
,140MM M. S. Clamp,,0,0,,0,0,Y,0,0,0,0,Jharkhand
,SOC 90mm N2 Spk Latch,,0,0,,0,0,Y,0,0,0,0,Jharkhand
,Soc 90mm N3 Spk Latch,,0,0,,0,0,Y,0,0,0,0,Jharkhand
,SOC 90mm N Spk Latch,,0,0,,0,0,Y,0,0,0,0,Jharkhand
,SOC 110mm Epc Spk Latch,,0,0,,0,0,Y,0,0,0,0,Jharkhand
,SOC 110mm N Spk Latch,,0,0,,0,0,Y,0,0,0,0,Jharkhand
,Soc 75MM E-7 Spk Latch,,0,0,,0,0,Y,0,0,0,0,Jharkhand
,PVC PIPE 40MMX6KG/CM2 (MTR),,47,0,,0,0,Y,0,0,0,0,Rajasthan
,SOC 75 MM EPC SPK LATCH P/C,,0,0,,0,0,Y,0,0,0,0,Jharkhand
,SOC 75MM Spk Plain Latch,,0,0,,0,0,Y,0,0,0,0,Jharkhand
,SOC 90MM AVL Spk Latch,,0,0,,0,0,Y,0,0,0,0,Jharkhand
,Soc 90mm Epc Spk Latch P/c,,0,0,,0,0,Y,0,0,0,0,Jharkhand
,SOC 90mm N1 Spk Latch,,0,0,,0,0,Y,0,0,0,0,Jharkhand
,SOC 50MM N Spk Latch,,0,0,,0,0,Y,0,0,0,0,Jharkhand
,Soc 75MM AVL Spk Latch,,0,0,,0,0,Y,0,0,0,0,Jharkhand
,Soc 63mm Epc Spk Latch (P/c),,0,0,,0,0,Y,0,0,0,0,Jharkhand
,Soc 63mm N-1 Spk Latch,,0,0,,0,0,Y,0,0,0,0,Jharkhand
,Soc 63mm N3 Spk Latch,,0,0,,0,0,Y,0,0,0,0,Jharkhand
,PVC PIPE 50MMX6KG/CM2 (MTR),,59.25,0,,0,0,Y,0,0,0,0,Rajasthan
,SOC 63mm N Spk Latch,,0,0,,0,0,Y,0,0,0,0,Jharkhand
,SOC 75mm N1 Spk Latch,,0,0,,0,0,Y,0,0,0,0,Jharkhand
,Soc 75mm N3 Spk Latch,,0,0,,0,0,Y,0,0,0,0,Jharkhand
,SOC 75mm N Spk Latch,,0,0,,0,0,Y,0,0,0,0,Jharkhand
,SOC 110mm N Spk Foot Batten,,615,0,,0,0,Y,0,0,0,0,Jharkhand
,SOC 50MM N Spk Foot Batten,,250,0,,0,0,Y,0,0,0,0,Jharkhand
,Soc 63mm N-1 Spk Foot Batten,,0,0,,0,0,Y,0,0,0,0,Jharkhand
,Soc 63mm N3 Spk Foot Batten,,0,0,,0,0,Y,0,0,0,0,Jharkhand
,SOC 63mm N Spk Foot Batten,,250,0,,0,0,Y,0,0,0,0,Jharkhand
,SOC 75MM N1 Spk F.Batten(G.I.),,0,0,,0,0,Y,0,0,0,0,Jharkhand
,PVC Pipe 63mm x 4 Kg / Cm2(MTR)XXXXXXXX,,65.42,0,,0,0,Y,0,0,0,0,Rajasthan
,SOC 75mm N3 Spk Foot Batten,,0,0,,0,0,Y,0,0,0,0,Jharkhand
,SOC 75MM N Spk F.Batten(G.I.),,315,0,,0,0,Y,0,0,0,0,Jharkhand
,Soc 75mm N Spk Foot Batten(GI-Cap),,0,0,,0,0,Y,0,0,0,0,Jharkhand
,SOC 90mm N1 Spk Foot Batten,,0,0,,0,0,Y,0,0,0,0,Jharkhand
,SOC 90mm N3 Spk Foot Batten,,0,0,,0,0,Y,0,0,0,0,Jharkhand
,SOC 90mm N Spk Foot Batten,,430,0,,0,0,Y,0,0,0,0,Jharkhand
,SOC 75mm N Spk Foot Batten(Black-P.C),,0,0,,0,0,Y,0,0,0,0,Jharkhand
,SOC 90MM EPC SPK FOOT BATTEN P/C,,0,0,,0,0,Y,0,0,0,0,Jharkhand
,63mm Spk Foot Batten(PP),,0,0,,0,0,Y,0,0,0,0,Jharkhand
,75MM Spk Foot Batten(PP),,0,0,,0,0,Y,0,0,0,0,Jharkhand
,PVC PIPE 63MM X 4 KG/CM2 (MTR),,65,0,,0,0,Y,0,0,0,0,Rajasthan
,50MM EPC SPK FOOT-BATTEN,,0,0,,0,0,Y,0,0,0,0,Jharkhand
,50MM N Spk Foot Batten,,250,0,,0,0,Y,0,0,0,0,Jharkhand
,63MM N  SPK Foot Batten,,250,0,,0,0,Y,0,0,0,0,Jharkhand
,75MM AVL Spk Foot Batten,,0,0,,0,0,Y,0,0,0,0,Jharkhand
,75mm N1 Spk Foot Batten,,0,0,,0,0,Y,0,0,0,0,Jharkhand
,75mm N Spk Foot Batten,,300,0,,0,0,Y,0,0,0,0,Jharkhand
,90mm N Spk Foot Batten,,430,0,,0,0,Y,0,0,0,0,Jharkhand
,75MM M.S FLANECH,,0,0,,0,0,Y,0,0,0,0,Jharkhand
,180MM M.S. Flange,,0,0,,0,0,Y,0,0,0,0,Jharkhand
,225MM M.S.FLANGE,,0,0,,0,0,Y,0,0,0,0,Jharkhand
,PVC PIPE 63MMX6KG/CM2 (MTR),,570.3,0,,0,0,Y,0,0,0,0,Rajasthan
,63 MM NE HOOK ONLY,,0,0,,0,0,Y,0,0,0,0,Jharkhand
,90MM Spk Hook Only,,0,0,,0,0,Y,0,0,0,0,Jharkhand
,63mm PCN CLAMP/CLIP,,0,0,,0,0,Y,0,0,0,0,Jharkhand
,75MM PCN CLAMP/CLIP,,0,0,,0,0,Y,0,0,0,0,Jharkhand
,110mm PCN CLAMP/CLIP,,0,0,,0,0,Y,0,0,0,0,Jharkhand
,50MM N SPK Latch,,0,0,,0,0,Y,0,0,0,0,Jharkhand
,200MM Spk Latch,,0,0,,0,0,Y,0,0,0,0,Jharkhand
,63MM N  SPK Latch,,0,0,,0,0,Y,0,0,0,0,Jharkhand
,75mm N1E Spk Latch,,0,0,,0,0,Y,0,0,0,0,Jharkhand
,75mm NE Spk Latch,,0,0,,0,0,Y,0,0,0,0,Jharkhand
,PVC PIPE 75MM X 4KG/CM2 (MTR),,92.25,0,,0,0,Y,0,0,0,0,Rajasthan
,75mm NR Spk Latch,,0,0,,0,0,Y,0,0,0,0,Jharkhand
,75mm NR Spk Latch (Spl),,0,0,,0,0,Y,0,0,0,0,Jharkhand
,90mm NE Spk Latch,,0,0,,0,0,Y,0,0,0,0,Jharkhand
,90mm NR Spk Latch,,0,0,,0,0,Y,0,0,0,0,Jharkhand
,110mm NE Spk Latch,,0,0,,0,0,Y,0,0,0,0,Jharkhand
,110mm NR Spk Latch,,0,0,,0,0,Y,0,0,0,0,Jharkhand
,125MM  Latch,,0,0,,0,0,Y,0,0,0,0,Jharkhand
,140MM Latch,,0,0,,0,0,Y,0,0,0,0,Jharkhand
,160MM Latch,,0,0,,0,0,Y,0,0,0,0,Jharkhand
,50MM EPC SPK LATCH,,0,0,,0,0,Y,0,0,0,0,Jharkhand
,PVC PIPE 75MM X 6KG/CM2 (MTR),,797.22,0,,0,0,Y,0,0,0,0,Rajasthan
,Sprinkler Nozzle(AJ-01)Medium,,0,0,,0,0,Y,0,0,0,0,Jharkhand
,Sprinkler Nozzle(AJ- 01)Z,,0,0,,0,0,Y,0,0,0,0,Jharkhand
,Sprinkler Nozzle(NI-02)Heavy,,0,0,,0,0,Y,0,0,0,0,Jharkhand
,Sprinkler Nozzle(NI-02)Light,,0,0,,0,0,Y,0,0,0,0,Jharkhand
,Sprinkler Nozzle(NI-02)Medium,,0,0,,0,0,Y,0,0,0,0,Jharkhand
,Sprinkler Nozzle(NI-02)Medium-N3,,0,0,,0,0,Y,0,0,0,0,Jharkhand
,Sprinkler Nozzle(NI-02)Z-1/2,,275,0,,0,0,Y,0,0,0,0,Jharkhand
,Sprinkler Nozzle(NI- 02)Z -3/4,,0,0,,0,0,Y,0,0,0,0,Jharkhand
,Sprinkler Nozzle(NI-02)Z-N3,,0,0,,0,0,Y,0,0,0,0,Jharkhand
,Sprinkler Nozzle(NI-03),,0,0,,0,0,Y,0,0,0,0,Jharkhand
,Elbow 12mm(PP),,2.47,0,,0,0,Y,0,0,0,0,Rajasthan
,PVC PIPE 90MM X2.5KG/CM2 (MTR),,496.8,0,,0,0,Y,0,0,0,0,Rajasthan
,Sprinkler Nozzle(PP)Full Circle '3/4',,400,0,,0,0,Y,0,0,0,0,Jharkhand
,Sprinkler Nozzle(PP)-Single-Half Circle '3/4',,323,0,,0,0,Y,0,0,0,0,Jharkhand
,Sprinkler Nozzle(PP)With Metal Spry Bush '3/4',,145,0,,0,0,Y,0,0,0,0,Jharkhand
,Sprinkler Raingun Nozzle(Assembly) 1.5,,0,0,,0,0,Y,0,0,0,0,Jharkhand
,Micro Spk. Inverted Rotar Nozzle,,0,0,,0,0,Y,0,0,0,0,Jharkhand
,Micro Sprayer/Jet(Assembley Without Stand),,0,0,,0,0,Y,0,0,0,0,Jharkhand
,Sprinkler Raingun Nozzle(Assembly) 1.25,,0,0,,0,0,Y,0,0,0,0,Jharkhand
,32mm Coil Nipple,,0,0,,0,0,Y,0,0,0,0,Jharkhand
,110mm Coil Nipple,,0,0,,0,0,Y,0,0,0,0,Jharkhand
,40mm Coil Nipple(G.I.),,0,0,,0,0,Y,0,0,0,0,Jharkhand
,PVC PIPE 90MM X4KG/CM2 (MTR),,12880,0,,0,0,Y,0,0,0,0,Rajasthan
,50mm Coil Nipple(G.I),,0,0,,0,0,Y,0,0,0,0,Jharkhand
,63mm Coil Nipple(G.I.),,0,0,,0,0,Y,0,0,0,0,Jharkhand
,75MM COIL NIPPLE (G.I),,0,0,,0,0,Y,0,0,0,0,Jharkhand
,90MM COIL NIPPLE(G.I.),,0,0,,0,0,Y,0,0,0,0,Jharkhand
,Rain Gun Nipple G.I. 2x1-1/4,,0,0,,0,0,Y,0,0,0,0,Jharkhand
,Rain Gun Nipple G.I. 2.5x1-1/4,,0,0,,0,0,Y,0,0,0,0,Jharkhand
,40MM  COIL NIPPEL S.S,,0,0,,0,0,Y,0,0,0,0,Jharkhand
,50MM Coil Nipple(S.S.),,0,0,,0,0,Y,0,0,0,0,Jharkhand
,63mm Coil Nipple (S.S),,0,0,,0,0,Y,0,0,0,0,Jharkhand
,75MM COIL NIPPLE (SS-12),,0,0,,0,0,Y,0,0,0,0,Jharkhand
,PVC PIPE 90MM X6KG/CM2 (MTR),,1134.66,0,,0,0,Y,0,0,0,0,Rajasthan
,90MM COIL NIPPLE(SS-12),,0,0,,0,0,Y,0,0,0,0,Jharkhand
,110mm Spk Pcn Nipple,,0,0,,0,0,Y,0,0,0,0,Jharkhand
,50MM GI STEEL TUBE GROVE NIPPLE,,0,0,,0,0,Y,0,0,0,0,Jharkhand
,50MM Spk PCN Nipple,,0,0,,0,0,Y,0,0,0,0,Jharkhand
,63MM  SPK Pcn Nipple,,0,0,,0,0,Y,0,0,0,0,Jharkhand
,63MM SPK PCN Nipple(Short),,0,0,,0,0,Y,0,0,0,0,Jharkhand
,75MM GI NIPPEL,,0,0,,0,0,Y,0,0,0,0,Jharkhand
,75MM SPK PCN NIPPLE,,0,0,,0,0,Y,0,0,0,0,Jharkhand
,75MM SPK PCN NIPPLE-SHORT(M.S. COUPLER),,0,0,,0,0,Y,0,0,0,0,Jharkhand
,90MM SPK PCN NIPPLE,,0,0,,0,0,Y,0,0,0,0,Jharkhand
,PVC PIPE 90MMX10KG/CM2 (MTR),,0,0,,0,0,Y,0,0,0,0,Rajasthan
,SOC 75x40mm Bush Nipple,,0,0,,0,0,Y,0,0,0,0,Jharkhand
,Rain Gun 1.25,,0,0,,0,0,Y,0,0,0,0,Jharkhand
,Rain Gun 2 with Stand,,0,0,,0,0,Y,0,0,0,0,Jharkhand
,Rain Gun Stand 1.25,,0,0,,0,0,Y,0,0,0,0,Jharkhand
,Rain Gun Riser 1.25,,0,0,,0,0,Y,0,0,0,0,Jharkhand
,Sprinkler Riser Pipe,,110,0,,0,0,Y,0,0,0,0,Jharkhand
,Sprinkler Riser Pipe- 1 Mtr,,0,0,,0,0,Y,0,0,0,0,Jharkhand
,Sprinkler Riser Pipes 1.25x1.5 Feet,,0,0,,0,0,Y,0,0,0,0,Jharkhand
,Socket for Spk Riser Pipe,,0,0,,0,0,Y,0,0,0,0,Jharkhand
,Copper Rivit(For Coil Nipple),,0,0,,0,0,Y,0,0,0,0,Jharkhand
,110MM B HDPE Spk Adopter,,0,0,,0,0,Y,0,0,0,0,Rajasthan
,SOC SPK RIVIT,,0,0,,0,0,Y,0,0,0,0,Jharkhand
,32mm Rubber Gasket,,0,0,,0,0,Y,0,0,0,0,Jharkhand
,200MM Spk Rubber Ring,,0,0,,0,0,Y,0,0,0,0,Jharkhand
,50mm N Spk Rubber Ring,,0,0,,0,0,Y,0,0,0,0,Jharkhand
,63MM N  SPK Rubber Ring,,0,0,,0,0,Y,0,0,0,0,Jharkhand
,SOC 63mm N Spk Rubber Ring,,0,0,,0,0,Y,0,0,0,0,Jharkhand
,75mm Epc Spk Rubber Ring,,0,0,,0,0,Y,0,0,0,0,Jharkhand
,75MM N1 SPK Rubber Ring,,0,0,,0,0,Y,0,0,0,0,Jharkhand
,75MM N SPK Rubber Ring,,0,0,,0,0,Y,0,0,0,0,Jharkhand
,75MM Spk Plain Rubber Ring,,0,0,,0,0,Y,0,0,0,0,Jharkhand
,110MM B HDPE Spk Bend,,0,0,,0,0,Y,0,0,0,0,Rajasthan
,90MM N SPK Rubber Ring,,0,0,,0,0,Y,0,0,0,0,Jharkhand
,110mm N1 Spk Rubber Ring,,0,0,,0,0,Y,0,0,0,0,Jharkhand
,110mm N Spk Rubber Ring,,0,0,,0,0,Y,0,0,0,0,Jharkhand
,110mm Spk Rubber Ring,,0,0,,0,0,Y,0,0,0,0,Jharkhand
,125mm Rubber Ring,,0,0,,0,0,Y,0,0,0,0,Jharkhand
,140mm Rubber Ring,,0,0,,0,0,Y,0,0,0,0,Jharkhand
,160mm  Rubber Ring,,0,0,,0,0,Y,0,0,0,0,Jharkhand
,125MM HDPE MLC,,0,0,,0,0,Y,0,0,0,0,Jharkhand
,140MM HDPE  MLC,,0,0,,0,0,Y,0,0,0,0,Jharkhand
,160MM HDPE  MLC,,0,0,,0,0,Y,0,0,0,0,Jharkhand
,110MM B HDPE Spk PCN,,0,0,,0,0,Y,0,0,0,0,Rajasthan
,200MM HDPE MLC,,0,0,,0,0,Y,0,0,0,0,Jharkhand
,125mm HDPE Tail Pice,,0,0,,0,0,Y,0,0,0,0,Jharkhand
,140MM HDPE TAIL PIECE,,0,0,,0,0,Y,0,0,0,0,Jharkhand
,160MM HDPE Tail Pices,,0,0,,0,0,Y,0,0,0,0,Jharkhand
,200MM HDPE TP,,0,0,,0,0,Y,0,0,0,0,Jharkhand
,HDPE Packing Clips(MFG),,0,0,,0,0,Y,0,0,0,0,Jharkhand
,Emmitting Pipe CL-II(12mm 2LPH 40cm)Flat,,8.19,0,,0,0,Y,0,0,0,0,Jharkhand
,Emmitting Pipe CL-II(16mm 2LPH 40cm)Flat,,12.08,0,,0,0,Y,0,0,0,0,Jharkhand
,Emmitting Pipe CL-II(16mm 2LPH 50cm)Flat,,11.63,0,,0,0,Y,0,0,0,0,Jharkhand
,Emmitting Pipe CL-II (16mm 2Lph 60cm ) Flat,,11.29,0,,0,0,Y,0,0,0,0,Jharkhand
,110MM B HDPE Spk Tee,,0,0,,0,0,Y,0,0,0,0,Rajasthan
,Emmitting Pipe CL-II(16mm 4LPH 40cm)Flat,,12.08,0,,0,0,Y,0,0,0,0,Jharkhand
,Emmitting Pipe CL-II(16mm 4LPH 60cm)Flat,,11.29,0,,0,0,Y,0,0,0,0,Jharkhand
,Emmitting Pipe CL-II(12mm 4LPH 40cm) Flat,,8.19,0,,0,0,Y,0,0,0,0,Jharkhand
,Emmitting Pipe CL-II(16mm 2LPH 30cm)Flat,,12.99,0,,0,0,Y,0,0,0,0,Jharkhand
,Emmitting Pipe CL-II(16mm 2LPH 40cm)Flat K-Drip,,11.4,0,,0,0,Y,0,0,0,0,Jharkhand
,Emmitting Pipe CL-II(16mm 4LPH 30cm)Flat,,12.99,0,,0,0,Y,0,0,0,0,Jharkhand
,Emmitting Pipe CL-II(16mm 4LPH 50cm)Flat,,11.63,0,,0,0,Y,0,0,0,0,Jharkhand
,LLDPE Plain Laterals 12mm 2.5kg CL-II,,7,0,,0,0,Y,0,0,0,0,Jharkhand
,LLDPE Plain Laterals 16mm 2.5Kg CL-II,,11,0,,0,0,Y,0,0,0,0,Jharkhand
,LLDPE Plain Laterals 25mm 2.5kg Cl-II,,29,0,,0,0,Y,0,0,0,0,Jharkhand
,110mm B MDPE Spk Bend,,0,0,,0,0,Y,0,0,0,0,Rajasthan
,LLDPE Plain Laterals 32mm 2.5Kg CL-II,,42,0,,0,0,Y,0,0,0,0,Jharkhand
,LLDPE Plain Laterals 16mm 2.5kg CL-II(E5),,11,0,,0,0,Y,0,0,0,0,Jharkhand
,Emmitting Pipe CL-II(12MM 4LPH 40CM)Round,,8.19,0,,0,0,Y,0,0,0,0,Jharkhand
,Emmitting Pipe CL-II(12mm 4LPH 60cm)Round,,7.54,0,,0,0,Y,0,0,0,0,Jharkhand
,Emmitting Pipe CL-II (16mm 2Lph 40Cm)Round,,11.4,0,,0,0,Y,0,0,0,0,Jharkhand
,Emmitting Pipe CL-II(16mm 4LPH 50cm)Round,,10.97,0,,0,0,Y,0,0,0,0,Jharkhand
,Emmitting Pipe CL-II(12mm 2LPH 40cm)Round,,8.19,0,,0,0,Y,0,0,0,0,Jharkhand
,Emmitting Pipe CL-II(16mm 2LPH 30cm)Round,,12.25,0,,0,0,Y,0,0,0,0,Jharkhand
,Emmitting Pipe CL-II(16mm 2LPH 50cm)Round,,10.97,0,,0,0,Y,0,0,0,0,Jharkhand
,Emmitting Pipe CL-II(16mm 4LPH 30cm)Round,,12.25,0,,0,0,Y,0,0,0,0,Jharkhand
,110mm Coil Nipple,,0,0,,0,0,Y,0,0,0,0,Rajasthan
,Emmitting Pipe CL-II(16mm 4LPH 40cm)Round,,11.4,0,,0,0,Y,0,0,0,0,Jharkhand
,Emmitting Pipe CL-II(16mm 4LPH 60cm)Round,,10.65,0,,0,0,Y,0,0,0,0,Jharkhand
,Emmitting Pipe CL-III(16mm 4LPH 50cm)Round E-5,,10.97,0,,0,0,Y,0,0,0,0,Jharkhand
,Emmitting Pipe CL-II(16mm 4LPH 40cm)Round E-5,,11.4,0,,0,0,Y,0,0,0,0,Jharkhand
,Emmitting Pipe CL-II(16mm 4LPH 50cm)Round E-5,,10.97,0,,0,0,Y,0,0,0,0,Jharkhand
,Emmitting Pipe CL-II(16mm 4LPH 60cm)Round E-5,,10.65,0,,0,0,Y,0,0,0,0,Jharkhand
,Emmitting Pipe (16mm 4LPH 30cm)R Hybrid-Eco,,12.25,0,,0,0,Y,0,0,0,0,Jharkhand
,Emmitting Pipe(16mm 4LPH 40cm)R Hybrid,,11.4,0,,0,0,Y,0,0,0,0,Jharkhand
,Emmitting Pipe (16mm 4LPh 40cm) R Hybrid-Eco,,11.4,0,,0,0,Y,0,0,0,0,Jharkhand
,Thinwall Emmitting Pipe(16mm 4LPH 40cm).3mm,,0,0,,0,0,Y,0,0,0,0,Jharkhand
,Elbow 140mm(PVC),,0,0,,0,0,Y,0,0,0,0,Rajasthan
,110MM HDPE MOULDED BEND,,0,0,,0,0,Y,0,0,0,0,Rajasthan
,Thinwall Emmitting Pipe(16mm 4LPH 40CM).4mm,,0,0,,0,0,Y,0,0,0,0,Jharkhand
,32mm PN6 PE- 63 N,,48.71,0,,0,0,Y,0,0,0,0,Jharkhand
,50mm PN4 PE- 63 N,,77.02,0,,0,0,Y,0,0,0,0,Jharkhand
,63mm PN4 PE- 63 N,,118.28,0,,0,0,Y,0,0,0,0,Jharkhand
,75mm PN4 PE- 63 N,,169.96,0,,0,0,Y,0,0,0,0,Jharkhand
,75mm PN6 PE- 63 N,,240.68,0,,0,0,Y,0,0,0,0,Jharkhand
,90MM PN6 PE80 HDPE BEND(FF),,0,0,,0,0,Y,0,0,0,0,Jharkhand
,110MM PN6 PE80 HDPE BEND(FF)45*,,0,0,,0,0,Y,0,0,0,0,Jharkhand
,125MM PN6 PE80 HDPE BEND 45*(FF),,0,0,,0,0,Y,0,0,0,0,Jharkhand
,140MM PN6 PE80 HDPE BEND 45*(FF),,0,0,,0,0,Y,0,0,0,0,Jharkhand
,110MM HDPE MOULDED BEND(PN6),,0,0,,0,0,Y,0,0,0,0,Rajasthan
,160MM PN6 PE80 HDPE BEND-90*(FF),,0,0,,0,0,Y,0,0,0,0,Jharkhand
,180MM PN6 PE80 HDPE BEND(FF)90*,,0,0,,0,0,Y,0,0,0,0,Jharkhand
,200MM PN6 PE80 HDPE BEND (FF)90*,,0,0,,0,0,Y,0,0,0,0,Jharkhand
,110mm PN6 PE- 80 N,,431.18,0,,0,0,Y,0,0,0,0,Jharkhand
,20MM PN12.5 PE80,,27.74,0,,0,0,Y,0,0,0,0,Jharkhand
,MDPE PIPE 20MM PN16 PE80(ISO:4427),,0,0,,0,0,Y,0,0,0,0,Jharkhand
,25MM PN10 PE80,,36.87,0,,0,0,Y,0,0,0,0,Jharkhand
,MDPE PIPE 25MM PN16 PE80(ISO:4427),,0,0,,0,0,Y,0,0,0,0,Jharkhand
,32MM PE-80-2.3A(IS:14885),,0,0,,0,0,Y,0,0,0,0,Jharkhand
,32MM PE-80-3.0A(IS:14885),,0,0,,0,0,Y,0,0,0,0,Jharkhand
,110MM HDPE MOULDED PIPE END,,0,0,,0,0,Y,0,0,0,0,Rajasthan
,32mm PN8 PE- 80 N,,47.54,0,,0,0,Y,0,0,0,0,Jharkhand
,40MM PN10 PE80,,94.04,0,,0,0,Y,0,0,0,0,Jharkhand
,40mm PN6 PE- 80 N,,61.76,0,,0,0,Y,0,0,0,0,Jharkhand
,40MM PN8 PE80 N,,77.2,0,,0,0,Y,0,0,0,0,Jharkhand
,50mm PN10 PE-80 N,,138.79,0,,0,0,Y,0,0,0,0,Jharkhand
,50MM PN12.5 PE-80 N,,167.12,0,,0,0,Y,0,0,0,0,Jharkhand
,50mm PN6 PE- 80 N,,91.63,0,,0,0,Y,0,0,0,0,Jharkhand
,50mm PN8 PE- 80 N,,117.23,0,,0,0,Y,0,0,0,0,Jharkhand
,63mm PN8 PE- 80 N,,181.9,0,,0,0,Y,0,0,0,0,Jharkhand
,63mm PN6 PE- 80 N,,142.83,0,,0,0,Y,0,0,0,0,Jharkhand
,110mm HDPE Spk End Cap,,0,0,,0,0,Y,0,0,0,0,Rajasthan
,75mm PN6 PE- 80 N,,203.46,0,,0,0,Y,0,0,0,0,Jharkhand
,75mm PN8 PE- 80 N,,257.36,0,,0,0,Y,0,0,0,0,Jharkhand
,90mm PN6 PE- 80 N,,288.35,0,,0,0,Y,0,0,0,0,Jharkhand
,DN110 PE80 PN6 N HDPE PIPE,,0,0,,0,0,Y,0,0,0,0,Jharkhand
,DN125 PE80 PN6 HDPE PIPE,,0,0,,0,0,Y,0,0,0,0,Jharkhand
,DN125 PE80-11.4A (IS:14885),,0,0,,0,0,Y,0,0,0,0,Jharkhand
,DN125 PE80-7.1A (IS:14885),,0,0,,0,0,Y,0,0,0,0,Jharkhand
,DN140 PE80 PN6 N HDPE PIPE,,0,0,,0,0,Y,0,0,0,0,Jharkhand
,DN160 PE80 PN6 N HDPE PIPE,,0,0,,0,0,Y,0,0,0,0,Jharkhand
,DN180 PE80 PN6 HDPE PIPE,,0,0,,0,0,Y,0,0,0,0,Jharkhand
,110MM HDPE Spk Irrig Pipe PT-II(Sample),,0,0,,0,0,Y,0,0,0,0,Rajasthan
,DN200 PE80 PN6 N HDPE PIPE,,0,0,,0,0,Y,0,0,0,0,Jharkhand
,DN225 PE80 PN6 HDPE PIPE,,0,0,,0,0,Y,0,0,0,0,Jharkhand
,DN450 PE80 PN4 N HDPE PIPE,,0,0,,0,0,Y,0,0,0,0,Jharkhand
,DN90 PE80 PN6 N HDPE PIPE,,0,0,,0,0,Y,0,0,0,0,Jharkhand
,75MM HDPE Feb Tee(PF),,0,0,,0,0,Y,0,0,0,0,Jharkhand
,90MM HDPE MOULDED TEE,,0,0,,0,0,Y,0,0,0,0,Jharkhand
,90MM PN6 PE80 HDPE TEE(FF),,0,0,,0,0,Y,0,0,0,0,Jharkhand
,110MM HDPE MOULDED TEE,,0,0,,0,0,Y,0,0,0,0,Jharkhand
,110MM HDPE MOULDED TEE(PN6),,0,0,,0,0,Y,0,0,0,0,Jharkhand
,140MM PN6 PE80 HDPE TEE 90*(FF),,0,0,,0,0,Y,0,0,0,0,Jharkhand
,110MM HDPE Spk MLC,,0,0,,0,0,Y,0,0,0,0,Rajasthan
,160mm HDPE FEB TEE,,0,0,,0,0,Y,0,0,0,0,Jharkhand
,160MM PN6 PE80 HDPE TEE 90*(FF),,0,0,,0,0,Y,0,0,0,0,Jharkhand
,180MM PN6 PE80 HDPE TEE(FF)90*,,0,0,,0,0,Y,0,0,0,0,Jharkhand
,200MM PN6 PE80 HDPE TEE(FF),,0,0,,0,0,Y,0,0,0,0,Jharkhand
,110MM PN10 PE100 HDPE BEND-90*(FF),,0,0,,0,0,Y,0,0,0,0,Jharkhand
,110MM PN6 PE100 HDPE BEND(FF),,0,0,,0,0,Y,0,0,0,0,Jharkhand
,110MM PN6 PE100 HDPE BEND(FF)45*,,0,0,,0,0,Y,0,0,0,0,Jharkhand
,125MM PN6 PE100 HDPE BEND-45*(FF),,0,0,,0,0,Y,0,0,0,0,Jharkhand
,140MM PN6 PE100 HDPE BEND(FF),,0,0,,0,0,Y,0,0,0,0,Jharkhand
,140MM PN6 PE100 HDPE BEND(FF)45*,,0,0,,0,0,Y,0,0,0,0,Jharkhand
,110mm HDPE Spk Tail Pice,,0,0,,0,0,Y,0,0,0,0,Rajasthan
,160MM PN6 PE100 HDPE BEND 45*(FF),,0,0,,0,0,Y,0,0,0,0,Jharkhand
,160MM PN6 PE100 HDPE BEND(FF),,0,0,,0,0,Y,0,0,0,0,Jharkhand
,180MM PN6 PE100 HDPE BEND 45*(FF),,0,0,,0,0,Y,0,0,0,0,Jharkhand
,180MM PN6 PE100 HDPE BEND 90*(FF),,0,0,,0,0,Y,0,0,0,0,Jharkhand
,200MM PN6 PE100 HDPE BEND 45*(FF),,0,0,,0,0,Y,0,0,0,0,Jharkhand
,200MM PN6 PE100 HDPE BEND(FF),,0,0,,0,0,Y,0,0,0,0,Jharkhand
,225MM PN6 PE100 HDPE BEND(FF),,0,0,,0,0,Y,0,0,0,0,Jharkhand
,250MM PN6 PE100 HDPE BEND 45*(FF),,0,0,,0,0,Y,0,0,0,0,Jharkhand
,250MM PN6 PE100 HDPE BEND(FF),,0,0,,0,0,Y,0,0,0,0,Jharkhand
,280MM PN6 PE100 HDPE BEND 45*(FF),,0,0,,0,0,Y,0,0,0,0,Jharkhand
,110MM MDPE PIPE END,,0,0,,0,0,Y,0,0,0,0,Rajasthan
,280MM PN6 PE100 HDPE BEND 90*(FF),,0,0,,0,0,Y,0,0,0,0,Jharkhand
,315MM PN6 PE100 HDPE BEND-45*(FF),,0,0,,0,0,Y,0,0,0,0,Jharkhand
,315MM PN6 PE100 HDPE BEND-90*(FF),,0,0,,0,0,Y,0,0,0,0,Jharkhand
,355MM PN6 PE100 HDPE BEND(FF)45*,,0,0,,0,0,Y,0,0,0,0,Jharkhand
,355MM PN6 PE100 HDPE BEND(FF)90*,,0,0,,0,0,Y,0,0,0,0,Jharkhand
,200MM HDPE FAB BEND,,0,0,,0,0,Y,0,0,0,0,Jharkhand
,32MM PE-100-2.3A(IS:14885),,0,0,,0,0,Y,0,0,0,0,Jharkhand
,32MM PE-100-3.0A(IS:14885),,0,0,,0,0,Y,0,0,0,0,Jharkhand
,32MM PN10 PE100 N,,50.11,0,,0,0,Y,0,0,0,0,Jharkhand
,32MM PN12.5 PE100,,54.24,0,,0,0,Y,0,0,0,0,Jharkhand
,110mm N Spk Rubber Ring,,0,0,,0,0,Y,0,0,0,0,Rajasthan
,40MM PN10 PE100 N,,77.31,0,,0,0,Y,0,0,0,0,Jharkhand
,40MM PN8 PE100 N,,62.23,0,,0,0,Y,0,0,0,0,Jharkhand
,50MM PN10 PE100 N-1,,0,0,,0,0,Y,0,0,0,0,Jharkhand
,50MM PN12.5 PE100 N,,132.95,0,,0,0,Y,0,0,0,0,Jharkhand
,50MM PN10 PE100 N,,115.45,0,,0,0,Y,0,0,0,0,Jharkhand
,50MM PN8 PE-100 N,,94.83,0,,0,0,Y,0,0,0,0,Jharkhand
,63MM PN10 PE-100 N,,182.79,0,,0,0,Y,0,0,0,0,Jharkhand
,63MM PN12.5 PE100 N,,206.93,0,,0,0,Y,0,0,0,0,Jharkhand
,63MM PN8 PE-100 N,,151.18,0,,0,0,Y,0,0,0,0,Jharkhand
,63MM PN10 PE100 N1,,0,0,,0,0,Y,0,0,0,0,Jharkhand
,110mm N1 Spk Rubber Ring,,0,0,,0,0,Y,0,0,0,0,Rajasthan
,63MM PN6 PE100 N,,118.2,0,,0,0,Y,0,0,0,0,Jharkhand
,63MM PN8 PE100 N1,,0,0,,0,0,Y,0,0,0,0,Jharkhand
,75MM PN12.5 PE100 N,,292.86,0,,0,0,Y,0,0,0,0,Jharkhand
,75MM PN12.5 PE100 N1,,0,0,,0,0,Y,0,0,0,0,Jharkhand
,75MM PN10 PE100 N,,258.38,0,,0,0,Y,0,0,0,0,Jharkhand
,75MM PN6 PE100 N,,169.05,0,,0,0,Y,0,0,0,0,Jharkhand
,75MM PN8 PE100 N,,211.65,0,,0,0,Y,0,0,0,0,Jharkhand
,90MM PN10 PE-100 N(ISO:4427),,369.71,0,,0,0,Y,0,0,0,0,Jharkhand
,90MM PN6 PE-100 N,,237.77,0,,0,0,Y,0,0,0,0,Jharkhand
,110MM PN10 PE-100 N(ISO:4427),,0,0,,0,0,Y,0,0,0,0,Jharkhand
,Elbow 160mm PVC,,0,0,,0,0,Y,0,0,0,0,Rajasthan
,110MM NB HDPE Irrig Pipe(6mtr) PT- I,,0,0,,0,0,Y,0,0,0,0,Rajasthan
,110MM PN6 PE-100 N,,0,0,,0,0,Y,0,0,0,0,Jharkhand
,110MM PN10 PE100 HDPE ENDCAP(FF),,0,0,,0,0,Y,0,0,0,0,Jharkhand
,90MM HDPE Pipe End(Moulded),,0,0,,0,0,Y,0,0,0,0,Jharkhand
,110MM HDPE Pipe End(Moulded),,0,0,,0,0,Y,0,0,0,0,Jharkhand
,200MM HDPE Pipe End(Moulded),,0,0,,0,0,Y,0,0,0,0,Jharkhand
,110MM HDPE Flange(Moulded),,0,0,,0,0,Y,0,0,0,0,Jharkhand
,160MM HDPE Flange(Moulded),,0,0,,0,0,Y,0,0,0,0,Jharkhand
,160MM HDPE Pipe End,,0,0,,0,0,Y,0,0,0,0,Jharkhand
,160MM HDPE Pipe End(Moulded),,0,0,,0,0,Y,0,0,0,0,Jharkhand
,DN75 PE100 PN6 HDPE PIPE,,0,0,,0,0,Y,0,0,0,0,Jharkhand
,110mm NB HDPE Irrig Pipe(6mtr) PT- II,,0,0,,0,0,Y,0,0,0,0,Rajasthan
,DN90 PE100 PN10 N HDPE PIPE,,0,0,,0,0,Y,0,0,0,0,Jharkhand
,DN90 PE100 PN6 N HDPE PIPE,,0,0,,0,0,Y,0,0,0,0,Jharkhand
,DN110 PE100 PN10 HDPE PIPE,,0,0,,0,0,Y,0,0,0,0,Jharkhand
,DN110 PE-100 PN6 N HDPE PIPE,,0,0,,0,0,Y,0,0,0,0,Jharkhand
,DN110 PE100 PN 8 HDPE PIPE,,0,0,,0,0,Y,0,0,0,0,Jharkhand
,DN125 PE100-11.4A (IS:14885),,0,0,,0,0,Y,0,0,0,0,Jharkhand
,DN125 PE100-7.1A (IS:14885),,0,0,,0,0,Y,0,0,0,0,Jharkhand
,DN125 PE100 PN6 N HDPE PIPE,,0,0,,0,0,Y,0,0,0,0,Jharkhand
,DN140 PE100 PN4 N HDPE PIPE,,0,0,,0,0,Y,0,0,0,0,Jharkhand
,DN140 PE100 PN8 HDPE PIPE,,0,0,,0,0,Y,0,0,0,0,Jharkhand
,110mm NE Spk Latch,,0,0,,0,0,Y,0,0,0,0,Rajasthan
,DN140 PE100 PN6 N HDPE PIPE,,0,0,,0,0,Y,0,0,0,0,Jharkhand
,DN160 PE100 PN10 N HDPE PIPE,,0,0,,0,0,Y,0,0,0,0,Jharkhand
,DN160 PE100 PN12.5 N HDPE PIPE(ISO:4427),,0,0,,0,0,Y,0,0,0,0,Jharkhand
,DN160 PE100 PN16 N HDPE PIPE(ISO:4427),,0,0,,0,0,Y,0,0,0,0,Jharkhand
,DN160 PE100 PN6 N HDPE PIPE,,0,0,,0,0,Y,0,0,0,0,Jharkhand
,DN160 PE100 PN8 N HDPE PIPE,,0,0,,0,0,Y,0,0,0,0,Jharkhand
,DN180 PE100 PN6 N HDPE PIPE,,0,0,,0,0,Y,0,0,0,0,Jharkhand
,DN180 PE100 PN8 HDPE PIPE,,0,0,,0,0,Y,0,0,0,0,Jharkhand
,DN200 PE100 PN10 N HDPE PIPE,,0,0,,0,0,Y,0,0,0,0,Jharkhand
,DN200 PE100 PN6 N HDPE PIPE,,0,0,,0,0,Y,0,0,0,0,Jharkhand
,110mm NR HDPE Spk Adopter,,0,0,,0,0,Y,0,0,0,0,Rajasthan
,DN200 PE100 PN8 HDPE PIPE,,0,0,,0,0,Y,0,0,0,0,Jharkhand
,DN225 PE100 PN6 N HDPE PIPE,,0,0,,0,0,Y,0,0,0,0,Jharkhand
,DN250 PE100 PN10 HDPE PIPE,,0,0,,0,0,Y,0,0,0,0,Jharkhand
,DN250 PE100 PN6 N HDPE PIPE,,0,0,,0,0,Y,0,0,0,0,Jharkhand
,DN280 PE100 PN6 N HDPE PIPE,,0,0,,0,0,Y,0,0,0,0,Jharkhand
,DN315 PE100 PN16 HDPE PIPE,,0,0,,0,0,Y,0,0,0,0,Jharkhand
,DN315 PE100 PN6 N HDPE PIPE,,0,0,,0,0,Y,0,0,0,0,Jharkhand
,DN315 PE100 PN8 N HDPE PIPE,,0,0,,0,0,Y,0,0,0,0,Jharkhand
,DN355 PE100 PN6 N HDPE PIPE,,0,0,,0,0,Y,0,0,0,0,Jharkhand
,DN400 PE100 PN10 HDPE PIPE,,0,0,,0,0,Y,0,0,0,0,Jharkhand
,110mm NR HDPE Spk Bend,,0,0,,0,0,Y,0,0,0,0,Rajasthan
,DN500 PE100 PN8 N HDPE PIPE,,0,0,,0,0,Y,0,0,0,0,Jharkhand
,90MM PN6 PE100 HDPE TEE(FF)90*,,0,0,,0,0,Y,0,0,0,0,Jharkhand
,110MM PN10 PE100 HDPE TEE(FF),,0,0,,0,0,Y,0,0,0,0,Jharkhand
,110MM PN6 PE100 HDPE TEE(FF),,0,0,,0,0,Y,0,0,0,0,Jharkhand
,125MM PN6 PE100 HDPE TEE(FF),,0,0,,0,0,Y,0,0,0,0,Jharkhand
,140MM PN6 PE100 HDPE TEE(FF),,0,0,,0,0,Y,0,0,0,0,Jharkhand
,160MM PN6 PE100 HDPE TEE(FF),,0,0,,0,0,Y,0,0,0,0,Jharkhand
,180MM PN6 PE100 HDPE TEE(FF)90*,,0,0,,0,0,Y,0,0,0,0,Jharkhand
,200MM  HDPE FAB TEE,,0,0,,0,0,Y,0,0,0,0,Jharkhand
,225MM PN6 PE100 HDPE TEE(FF),,0,0,,0,0,Y,0,0,0,0,Jharkhand
,110mm NR HDPE Spk PCN,,0,0,,0,0,Y,0,0,0,0,Rajasthan
,250MM PN6 PE100 HDPE TEE(FF),,0,0,,0,0,Y,0,0,0,0,Jharkhand
,280MM PN6 PE100 HDPE TEE(FF),,0,0,,0,0,Y,0,0,0,0,Jharkhand
,315MM PN6 PE100 HDPE TEE(FF),,0,0,,0,0,Y,0,0,0,0,Jharkhand
,200MM PN6 PE100 HDPE TEE(FF),,0,0,,0,0,Y,0,0,0,0,Jharkhand
,355MM HDPE FAB TEE,,0,0,,0,0,Y,0,0,0,0,Jharkhand
,PVC PIPE 110MMX2.5KG/CM2(MTR),,0,0,,0,0,Y,0,0,0,0,Jharkhand
,PVC PIPE 110MMX4KG/CM2 (MTR),,187.45,0,,0,0,Y,0,0,0,0,Jharkhand
,PVC PIPE 110MMX6KG/CM2 (MTR),,0,0,,0,0,Y,0,0,0,0,Jharkhand
,PVC PIPE 140MMX2.5KG/CM2 (MTR),,0,0,,0,0,Y,0,0,0,0,Jharkhand
,PVC PIPE 140MMX4KG/CM2(Mtr),,262.5,0,,0,0,Y,0,0,0,0,Jharkhand
,110mm NR Spk Latch,,0,0,,0,0,Y,0,0,0,0,Rajasthan
,PVC PIPE 140MMX6KG/CM2(Mtr),,0,0,,0,0,Y,0,0,0,0,Jharkhand
,PVC PIPE 160MMX2.5KG/CM2 (MTR),,0,0,,0,0,Y,0,0,0,0,Jharkhand
,PVC PIPE 160MMX6KG/CM2 (MTR),,0,0,,0,0,Y,0,0,0,0,Jharkhand
,PVC PIPE 200MMX2.5KG/CM2 (MTR),,0,0,,0,0,Y,0,0,0,0,Jharkhand
,PVC PIPE 200MMX4KG/CM2 (MTR),,0,0,,0,0,Y,0,0,0,0,Jharkhand
,PVC PIPE 200MMX6KG/CM2 (MTR),,0,0,,0,0,Y,0,0,0,0,Jharkhand
,PVC PIPE 225MMX4KG/CM2 CASING PIPE(MTR),,0,0,,0,0,Y,0,0,0,0,Jharkhand
,PVC PIPE 225MMX6KG/CM2 CASING PIPE(MTR),,0,0,,0,0,Y,0,0,0,0,Jharkhand
,PVC PIPE 32MMX10KG/CM2 (MTR),,48,0,,0,0,Y,0,0,0,0,Jharkhand
,PVC PIPE 40MMX6KG/CM2 (MTR),,47,0,,0,0,Y,0,0,0,0,Jharkhand
,110mm PCN CLAMP/CLIP,,0,0,,0,0,Y,0,0,0,0,Rajasthan
,PVC PIPE 50MMX6KG/CM2 (MTR),,59.25,0,,0,0,Y,0,0,0,0,Jharkhand
,PVC Pipe 63mm x 4 Kg / Cm2(MTR)XXXXXXXX,,65.42,0,,0,0,Y,0,0,0,0,Jharkhand
,PVC PIPE 63MM X 4 KG/CM2 (MTR),,65,0,,0,0,Y,0,0,0,0,Jharkhand
,PVC PIPE 63MMX6KG/CM2 (MTR),,95.05,0,,0,0,Y,0,0,0,0,Jharkhand
,PVC PIPE 75MM X 4KG/CM2 (MTR),,92.25,0,,0,0,Y,0,0,0,0,Jharkhand
,PVC PIPE 75MM X 6KG/CM2 (MTR),,132.87,0,,0,0,Y,0,0,0,0,Jharkhand
,PVC PIPE 90MM X2.5KG/CM2 (MTR),,82.8,0,,0,0,Y,0,0,0,0,Jharkhand
,PVC PIPE 90MM X4KG/CM2 (MTR),,128.8,0,,0,0,Y,0,0,0,0,Jharkhand
,PVC PIPE 90MM X6KG/CM2 (MTR),,189.11,0,,0,0,Y,0,0,0,0,Jharkhand
,PVC PIPE 90MMX10KG/CM2 (MTR),,0,0,,0,0,Y,0,0,0,0,Jharkhand
,110mm Spk Pcn Nipple,,0,0,,0,0,Y,0,0,0,0,Rajasthan
,63mm NE HDPE Spk Adopter,,0,0,,0,0,Y,0,0,0,0,Jharkhand
,75mm NE HDPE Spk Adopter,,0,0,,0,0,Y,0,0,0,0,Jharkhand
,90mm NE HDPE Spk Adopter,,0,0,,0,0,Y,0,0,0,0,Jharkhand
,110mm NR HDPE Spk Adopter,,0,0,,0,0,Y,0,0,0,0,Jharkhand
,50MM NR HDPE Spk Adopter,,0,0,,0,0,Y,0,0,0,0,Jharkhand
,75mm NR HDPE Spk Adopter,,0,0,,0,0,Y,0,0,0,0,Jharkhand
,90mm NR HDPE Spk Adopter,,0,0,,0,0,Y,0,0,0,0,Jharkhand
,SOC 110mm N HDPE Spk Adopter,,615,0,,0,0,Y,0,0,0,0,Jharkhand
,SOC 50MM N HDPE Spk Adopter,,250,0,,0,0,Y,0,0,0,0,Jharkhand
,SOC 63MM N HDPE Spk Adopter,,250,0,,0,0,Y,0,0,0,0,Jharkhand
,110mm Spk Rubber Ring,,0,0,,0,0,Y,0,0,0,0,Rajasthan
,Soc 63mm N-1 HDPE Spk Adopter,,0,0,,0,0,Y,0,0,0,0,Jharkhand
,Soc 63mm N3 HDPE Spk Adopter,,0,0,,0,0,Y,0,0,0,0,Jharkhand
,Soc 63MM E-5 HDPE Spk Adopter,,0,0,,0,0,Y,0,0,0,0,Jharkhand
,SOC 75mm N HDPE Spk Adopter,,315,0,,0,0,Y,0,0,0,0,Jharkhand
,SOC 75mm N1 HDPE Spk Adopter,,0,0,,0,0,Y,0,0,0,0,Jharkhand
,SOC 75mm N3 HDPE Spk Adopter,,0,0,,0,0,Y,0,0,0,0,Jharkhand
,Soc 75MM E-5 HDPE Spk Adopter,,0,0,,0,0,Y,0,0,0,0,Jharkhand
,SOC 75X63MM HDPE Spk Reducer Adopter,,0,0,,0,0,Y,0,0,0,0,Jharkhand
,SOC 90mm E-5 HDPE Spk Adopter,,0,0,,0,0,Y,0,0,0,0,Jharkhand
,SOC 90mm N HDPE Spk Adopter,,430,0,,0,0,Y,0,0,0,0,Jharkhand
,Elbow 16mm(PP),,2.69,0,,0,0,Y,0,0,0,0,Rajasthan
,110X90MM HDPE MOULDED REDUCER,,0,0,,0,0,Y,0,0,0,0,Rajasthan
,63mm NE HDPE Spk Bend,,0,0,,0,0,Y,0,0,0,0,Jharkhand
,75mm NE HDPE Spk Bend,,0,0,,0,0,Y,0,0,0,0,Jharkhand
,90mm NE HDPE Spk Bend,,0,0,,0,0,Y,0,0,0,0,Jharkhand
,50mm Hdpe Spk Hydrent Bend,,0,0,,0,0,Y,0,0,0,0,Jharkhand
,63mm HDPE Spk Hydrent Bend,,0,0,,0,0,Y,0,0,0,0,Jharkhand
,75mm HDPE Spk Hydrent Bend,,0,0,,0,0,Y,0,0,0,0,Jharkhand
,90mm HDPE Spk Hydrent Bend,,0,0,,0,0,Y,0,0,0,0,Jharkhand
,110mm NR HDPE Spk Bend,,0,0,,0,0,Y,0,0,0,0,Jharkhand
,50MM NR HDPE Spk Bend,,0,0,,0,0,Y,0,0,0,0,Jharkhand
,75mm NR HDPE Spk Bend,,0,0,,0,0,Y,0,0,0,0,Jharkhand
,110x90mm HDPE Spk Reducer(B),,0,0,,0,0,Y,0,0,0,0,Rajasthan
,90mm NR HDPE Spk Bend,,0,0,,0,0,Y,0,0,0,0,Jharkhand
,SOC 110mm N HDPE Spk Bend,,485,0,,0,0,Y,0,0,0,0,Jharkhand
,SOC 50MM N HDPE Spk Bend,,205,0,,0,0,Y,0,0,0,0,Jharkhand
,SOC 63MM N HDPE Spk Bend,,220,0,,0,0,Y,0,0,0,0,Jharkhand
,Soc 63mm N-1 HDPE Spk Bend,,0,0,,0,0,Y,0,0,0,0,Jharkhand
,Soc 63mm N3 HDPE Spk Bend,,0,0,,0,0,Y,0,0,0,0,Jharkhand
,Soc 63MM E5 HDPE Spk Bend,,0,0,,0,0,Y,0,0,0,0,Jharkhand
,SOC 75mm N HDPE Spk Bend,,275,0,,0,0,Y,0,0,0,0,Jharkhand
,Soc 75MM E-5 HDPE Spk Bend,,0,0,,0,0,Y,0,0,0,0,Jharkhand
,SOC 75mm N1 HDPE Spk Bend,,0,0,,0,0,Y,0,0,0,0,Jharkhand
,110x90MM HDPE Spk Reducer(E/R),,0,0,,0,0,Y,0,0,0,0,Rajasthan
,SOC 75mm N3 HDPE Spk Bend,,0,0,,0,0,Y,0,0,0,0,Jharkhand
,SOC 90mm N HDPE Spk Bend,,375,0,,0,0,Y,0,0,0,0,Jharkhand
,75MM HDPE Spk Connector,,0,0,,0,0,Y,0,0,0,0,Jharkhand
,90mm HDPE Spk Connector,,0,0,,0,0,Y,0,0,0,0,Jharkhand
,SOC 63mm N Spk Connector,,160,0,,0,0,Y,0,0,0,0,Jharkhand
,SOC 75MM HDPE Spk Connector,,175,0,,0,0,Y,0,0,0,0,Jharkhand
,SOC 90MM HDPE Spk Connector,,200,0,,0,0,Y,0,0,0,0,Jharkhand
,110mm HDPE Spk End Cap,,0,0,,0,0,Y,0,0,0,0,Jharkhand
,SOC 110mm HDPE Spk End Cap,,150,0,,0,0,Y,0,0,0,0,Jharkhand
,50MM HDPE Spk End Cap,,0,0,,0,0,Y,0,0,0,0,Jharkhand
,125MM  Latch,,0,0,,0,0,Y,0,0,0,0,Rajasthan
,SOC 50MM HDPE Spk End Cap,,60,0,,0,0,Y,0,0,0,0,Jharkhand
,63mm NE HDPE Spk End Cap,,0,0,,0,0,Y,0,0,0,0,Jharkhand
,SOC 63mm HDPE Spk End Cap,,70,0,,0,0,Y,0,0,0,0,Jharkhand
,75mm NE HDPE Spk End Cap,,0,0,,0,0,Y,0,0,0,0,Jharkhand
,SOC 75mm HDPE Spk End Cap,,90,0,,0,0,Y,0,0,0,0,Jharkhand
,90MM  HDPE Spk End Cap,,0,0,,0,0,Y,0,0,0,0,Jharkhand
,SOC 90mm HDPE Spk End Cap,,130,0,,0,0,Y,0,0,0,0,Jharkhand
,63mm NE HDPE Spk PCN,,0,0,,0,0,Y,0,0,0,0,Jharkhand
,75mm NE HDPE Spk PCN,,0,0,,0,0,Y,0,0,0,0,Jharkhand
,110mm NR HDPE Spk PCN,,0,0,,0,0,Y,0,0,0,0,Jharkhand
,125MM HDPE MLC,,0,0,,0,0,Y,0,0,0,0,Rajasthan
,50MM NR HDPE Spk PCN,,0,0,,0,0,Y,0,0,0,0,Jharkhand
,75mm NR HDPE Spk PCN,,0,0,,0,0,Y,0,0,0,0,Jharkhand
,SOC 110mm N HDPE Spk PCN,,410,0,,0,0,Y,0,0,0,0,Jharkhand
,SOC 50MM N HDPE Spk PCN,,205,0,,0,0,Y,0,0,0,0,Jharkhand
,Soc 63MM E-5 HDPE Spk PCN,,0,0,,0,0,Y,0,0,0,0,Jharkhand
,SOC 63MM N HDPE Spk PCN,,225,0,,0,0,Y,0,0,0,0,Jharkhand
,Soc 63mm N-1 HDPE Spk PCN,,0,0,,0,0,Y,0,0,0,0,Jharkhand
,SOC 75mm N HDPE Spk PCN,,225,0,,0,0,Y,0,0,0,0,Jharkhand
,SOC 75mm N1 HDPE Spk PCN,,0,0,,0,0,Y,0,0,0,0,Jharkhand
,SOC 75mm N3 HDPE Spk PCN,,0,0,,0,0,Y,0,0,0,0,Jharkhand
,125mm HDPE Tail Pice,,0,0,,0,0,Y,0,0,0,0,Rajasthan
,SOC 90mm N HDPE Spk PCN,,305,0,,0,0,Y,0,0,0,0,Jharkhand
,63mm NE HDPE Spk Pipe 4mtr,,0,0,,0,0,Y,0,0,0,0,Jharkhand
,63mm NE HDPE Spk Pipe 3mtr,,0,0,,0,0,Y,0,0,0,0,Jharkhand
,63mm NE HDPE Spk Pipe 6mtr,,0,0,,0,0,Y,0,0,0,0,Jharkhand
,75mm NE(3.2Kg) HDPE Spk Pipe 6Mtr,,0,0,,0,0,Y,0,0,0,0,Jharkhand
,75mm NE HDPE Spk Pipe 3mtr,,0,0,,0,0,Y,0,0,0,0,Jharkhand
,75mm NE HDPE Spk Pipe 6mtr,,0,0,,0,0,Y,0,0,0,0,Jharkhand
,90mm NE HDPE Spk Pipe 3mtr,,0,0,,0,0,Y,0,0,0,0,Jharkhand
,90mm NE HDPE Spk Pipe 6mtr,,0,0,,0,0,Y,0,0,0,0,Jharkhand
,63MM HDPE Pipe for Main Line(3.2kg/cm2),,69,0,,0,0,Y,0,0,0,0,Jharkhand
,125mm NB HDPE Irrig Pipe(6Mtr)Pt-1,,0,0,,0,0,Y,0,0,0,0,Rajasthan
,75MM HDPE Pipe for Main Line(2.5kg/cm2),,79,0,,0,0,Y,0,0,0,0,Jharkhand
,50MM NR HDPE Spk Pipe 3Mtr,,0,0,,0,0,Y,0,0,0,0,Jharkhand
,50MM NR HDPE Spk Pipe 6Mtr,,0,0,,0,0,Y,0,0,0,0,Jharkhand
,75mm NR HDPE Spk Pipe 3mtr,,0,0,,0,0,Y,0,0,0,0,Jharkhand
,75mm NR HDPE Spk Pipe 6mtr,,0,0,,0,0,Y,0,0,0,0,Jharkhand
,90mm NR(3.2kg)HDPE Spk Pipe 6Mtr,,0,0,,0,0,Y,0,0,0,0,Jharkhand
,90mm NR(4kg)HDPE Spk Pipe 6Mtr,,165,0,,0,0,Y,0,0,0,0,Jharkhand
,SOC 110mm N HDPE Spk Pipe 6mtr,,1240,0,,0,0,Y,0,0,0,0,Jharkhand
,SOC 50MM N HDPE Spk Pipe 3mtr,,320,0,,0,0,Y,0,0,0,0,Jharkhand
,SOC 50MM N HDPE Spk Pipe 5mtr,,0,0,,0,0,Y,0,0,0,0,Jharkhand
,125mm Rubber Ring,,0,0,,0,0,Y,0,0,0,0,Rajasthan
,SOC 50MM N HDPE Spk Pipe 6mtr,,510,0,,0,0,Y,0,0,0,0,Jharkhand
,SOC 63MM N-1 HDPE Spk Pipe 3mtr,,350,0,,0,0,Y,0,0,0,0,Jharkhand
,SOC 63MM N-1 HDPE Spk Pipe 6mtr,,540,0,,0,0,Y,0,0,0,0,Jharkhand
,Soc 63mm N3 HDPE Spk Pipe 3Mtr,,0,0,,0,0,Y,0,0,0,0,Jharkhand
,Soc 63mm N3 HDPE Spk Pipe 6Mtr,,0,0,,0,0,Y,0,0,0,0,Jharkhand
,SOC 63MM N HDPE Spk Pipe 3Mtr,,350,0,,0,0,Y,0,0,0,0,Jharkhand
,SOC 63MM N HDPE Spk Pipe 6Mtr,,540,0,,0,0,Y,0,0,0,0,Jharkhand
,Soc 70mm N3 HDPE Spk Pipe 6mtr,,0,0,,0,0,Y,0,0,0,0,Jharkhand
,Soc 75mm N(4Kg) HDPE Spk Pipe 6Mtr,,800,0,,0,0,Y,0,0,0,0,Jharkhand
,SOC 75mm  N3 HDPE Spk Pipe 3mtr,,0,0,,0,0,Y,0,0,0,0,Jharkhand
,140MM HDPE  MLC,,0,0,,0,0,Y,0,0,0,0,Rajasthan
,Soc 75MM N1(3.2Kg) HDPE Spk Pipe 6Mtr,,772,0,,0,0,Y,0,0,0,0,Jharkhand
,SOC 75mm N1 HDPE Spk Pipe 3mtr,,420,0,,0,0,Y,0,0,0,0,Jharkhand
,SOC 75MM N1 HDPE Spk Pipe 6mtr,,0,0,,0,0,Y,0,0,0,0,Jharkhand
,SOC 75mm N3 HDPE Spk Pipe 6mtr,,0,0,,0,0,Y,0,0,0,0,Jharkhand
,Soc 75mm N(3.2Kg) HDPE Irrig Pipe 3mtr,,465,0,,0,0,Y,0,0,0,0,Jharkhand
,Soc 75mm N(3.2Kg) HDPE Spk Pipe 6Mtr,,772,0,,0,0,Y,0,0,0,0,Jharkhand
,SOC 75mm N HDPE Spk Pipe 3mtr,,420,0,,0,0,Y,0,0,0,0,Jharkhand
,SOC 75mm N HDPE Spk Pipe 6mtr,,670,0,,0,0,Y,0,0,0,0,Jharkhand
,SOC 90mm N HDPE Spk Pipe 3mtr,,555,0,,0,0,Y,0,0,0,0,Jharkhand
,SOC 90mm N HDPE Spk Pipe 6mtr,,900,0,,0,0,Y,0,0,0,0,Jharkhand
,140MM HDPE TAIL PIECE,,0,0,,0,0,Y,0,0,0,0,Rajasthan
,SOC 90mm N(3.2kg) HDPE Spk Pipe 6mtr,,1060,0,,0,0,Y,0,0,0,0,Jharkhand
,63mm HDPE Spk Irrig Pipe(1-ft)PT-II(Sample),,0,0,,0,0,Y,0,0,0,0,Jharkhand
,75mm HDPE Spk Irrig Pipe(1-ft)PT-II(Sample),,0,0,,0,0,Y,0,0,0,0,Jharkhand
,90MM HDPE Spk Irrig Pipe(1-ft)PT-II(Sample),,0,0,,0,0,Y,0,0,0,0,Jharkhand
,110MM HDPE Spk Irrig Pipe PT-II(Sample),,0,0,,0,0,Y,0,0,0,0,Jharkhand
,SOC 75X63MM HDPE Spk Reducer,,300,0,,0,0,Y,0,0,0,0,Jharkhand
,75x63mm HDPE Spk Reducer(E/R),,0,0,,0,0,Y,0,0,0,0,Jharkhand
,SOC 90x75MM HDPE Spk Reducer,,395,0,,0,0,Y,0,0,0,0,Jharkhand
,90x75MM HDPE Spk Reducer(E/R),,0,0,,0,0,Y,0,0,0,0,Jharkhand
,SOC 110x90MM HDPE Spk Reducer,,495,0,,0,0,Y,0,0,0,0,Jharkhand
,Elbow 20mm(Double Compression),,4.43,0,,0,0,Y,0,0,0,0,Rajasthan
,140MM Latch,,0,0,,0,0,Y,0,0,0,0,Rajasthan
,110x90MM HDPE Spk Reducer(E/R),,0,0,,0,0,Y,0,0,0,0,Jharkhand
,SOC 90x75MM HDPE Spk Red.Tee,,580,0,,0,0,Y,0,0,0,0,Jharkhand
,50MM HDPE Spk Hydrent,,0,0,,0,0,Y,0,0,0,0,Jharkhand
,63MM HDPE Spk Hydrents,,0,0,,0,0,Y,0,0,0,0,Jharkhand
,75MM HDPE Spk Hydrents,,0,0,,0,0,Y,0,0,0,0,Jharkhand
,90MM HDPE Spk Hydrents,,0,0,,0,0,Y,0,0,0,0,Jharkhand
,63mm NE HDPE Spk Tee,,0,0,,0,0,Y,0,0,0,0,Jharkhand
,75mm NE HDPE Spk Tee,,0,0,,0,0,Y,0,0,0,0,Jharkhand
,90mm NE HDPE Spk Tee,,0,0,,0,0,Y,0,0,0,0,Jharkhand
,50MM NR HDPE Spk Tee,,0,0,,0,0,Y,0,0,0,0,Jharkhand
,140MM M. S. Clamp,,0,0,,0,0,Y,0,0,0,0,Rajasthan
,75mm NR HDPE Spk Tee,,0,0,,0,0,Y,0,0,0,0,Jharkhand
,90mm NR HDPE Spk Tee,,0,0,,0,0,Y,0,0,0,0,Jharkhand
,SOC 50MM N HDPE Spk Tee,,250,0,,0,0,Y,0,0,0,0,Jharkhand
,SOC 63MM N HDPE Spk Tee,,275,0,,0,0,Y,0,0,0,0,Jharkhand
,Soc 63mm N-1 HDPE Spk TEE,,0,0,,0,0,Y,0,0,0,0,Jharkhand
,Soc 63mm N3 HDPE Spk TEE,,0,0,,0,0,Y,0,0,0,0,Jharkhand
,Soc 63MM E-5 HDPE Spk Tee,,0,0,,0,0,Y,0,0,0,0,Jharkhand
,Soc 75MM E-5 HDPE Spk Tee,,0,0,,0,0,Y,0,0,0,0,Jharkhand
,SOC 75mm N HDPE Spk Tee,,350,0,,0,0,Y,0,0,0,0,Jharkhand
,SOC 75mm N1 HDPE Spk Tee,,0,0,,0,0,Y,0,0,0,0,Jharkhand
,140mm Rubber Ring,,0,0,,0,0,Y,0,0,0,0,Rajasthan
,SOC 75mm N3 HDPE SKP Tee,,0,0,,0,0,Y,0,0,0,0,Jharkhand
,SOC 90mm N HDPE Spk Tee,,495,0,,0,0,Y,0,0,0,0,Jharkhand
,SOC 110mm N HDPE Spk Tee,,615,0,,0,0,Y,0,0,0,0,Jharkhand
,90mm PN6 PE- 80 N(FF),,0,0,,0,0,Y,0,0,0,0,Jharkhand
,DN110 PE80 PN6 HDPE PIPE(FF),,0,0,,0,0,Y,0,0,0,0,Jharkhand
,DN125 PE80 PN6 HDPE PIPE(FF),,0,0,,0,0,Y,0,0,0,0,Jharkhand
,DN160 PE80 PN6 N HDPE PIPE(FF),,0,0,,0,0,Y,0,0,0,0,Jharkhand
,DN180 PE80 PN6 HDPE PIPE(FF),,0,0,,0,0,Y,0,0,0,0,Jharkhand
,DN200 PE80 PN6 HDPE PIPE(FF),,0,0,,0,0,Y,0,0,0,0,Jharkhand
,DN225 PE80 PN6 HDPE PIPE(FF),,0,0,,0,0,Y,0,0,0,0,Jharkhand
,160mm  Rubber Ring,,0,0,,0,0,Y,0,0,0,0,Rajasthan
,DN90 PE100 PN6 N HDPE PIPE(FF),,0,0,,0,0,Y,0,0,0,0,Jharkhand
,110MM PN10 PE-100 N(ISO:4427)-FF,,0,0,,0,0,Y,0,0,0,0,Jharkhand
,DN110 PE100 PN6 HDPE PIPE(FF),,0,0,,0,0,Y,0,0,0,0,Jharkhand
,DN125 PE100 PN6 HDPE PIPE(FF),,0,0,,0,0,Y,0,0,0,0,Jharkhand
,DN140 PE100 PN6  HDPE PIPE(FF),,0,0,,0,0,Y,0,0,0,0,Jharkhand
,DN160 PE100 PN6  HDPE PIPE(FF),,0,0,,0,0,Y,0,0,0,0,Jharkhand
,DN160 PE100 PN8 N HDPE PIPE(FF),,0,0,,0,0,Y,0,0,0,0,Jharkhand
,DN180 PE100 PN6 HDPE PIPE(FF),,0,0,,0,0,Y,0,0,0,0,Jharkhand
,DN200 PE100 PN6 HDPE PIPE(FF),,0,0,,0,0,Y,0,0,0,0,Jharkhand
,DN225 PE100 PN6 HDPE PIPE(FF),,0,0,,0,0,Y,0,0,0,0,Jharkhand
,160MM HDPE  MLC,,0,0,,0,0,Y,0,0,0,0,Rajasthan
,DN250 PE100 PN6 HDPE PIPE(FF),,0,0,,0,0,Y,0,0,0,0,Jharkhand
,DN280 PE100 PN6 HDPE PIPE(FF),,0,0,,0,0,Y,0,0,0,0,Jharkhand
,DN315 PE100 PN6 HDPE PIPE(FF),,0,0,,0,0,Y,0,0,0,0,Jharkhand
,DN355 PE100 PN6 HDPE PIPE(FF),,0,0,,0,0,Y,0,0,0,0,Jharkhand
,110MM B HDPE Spk Adopter,,0,0,,0,0,Y,0,0,0,0,Jharkhand
,SOC B 90MM HDPE Adopter,,0,0,,0,0,Y,0,0,0,0,Jharkhand
,110X90MM HDPE MOULDED REDUCER,,0,0,,0,0,Y,0,0,0,0,Jharkhand
,110x90mm HDPE Spk Reducer(B),,0,0,,0,0,Y,0,0,0,0,Jharkhand
,50MM B HDPE Spk Bend,,0,0,,0,0,Y,0,0,0,0,Jharkhand
,63mm B MDPE Spk Bend,,0,0,,0,0,Y,0,0,0,0,Jharkhand
,160MM HDPE Tail Pices,,0,0,,0,0,Y,0,0,0,0,Rajasthan
,63mm HDPE Moulded Bend,,0,0,,0,0,Y,0,0,0,0,Jharkhand
,SOC B 63mm HDPE Spk Bend,,0,0,,0,0,Y,0,0,0,0,Jharkhand
,75MM B HDPE Fab Bend,,0,0,,0,0,Y,0,0,0,0,Jharkhand
,SOC B 75mm HDPE Spk Bend,,0,0,,0,0,Y,0,0,0,0,Jharkhand
,90MM HDPE MOULDED BEND,,0,0,,0,0,Y,0,0,0,0,Jharkhand
,SOC B 90MM HDPE Spk Bend,,0,0,,0,0,Y,0,0,0,0,Jharkhand
,110MM B HDPE Spk Bend,,0,0,,0,0,Y,0,0,0,0,Jharkhand
,110mm B MDPE Spk Bend,,0,0,,0,0,Y,0,0,0,0,Jharkhand
,110MM HDPE MOULDED BEND,,0,0,,0,0,Y,0,0,0,0,Jharkhand
,110MM HDPE MOULDED BEND(PN6),,0,0,,0,0,Y,0,0,0,0,Jharkhand
,160MM Latch,,0,0,,0,0,Y,0,0,0,0,Rajasthan
,50mm MDPE End Cap,,0,0,,0,0,Y,0,0,0,0,Jharkhand
,63mm MDPE End Cap,,0,0,,0,0,Y,0,0,0,0,Jharkhand
,75mm MDPE End Cap,,0,0,,0,0,Y,0,0,0,0,Jharkhand
,63MM NE HDPE SPK MLC,,0,0,,0,0,Y,0,0,0,0,Jharkhand
,75MM NE HDPE Spk MLC,,0,0,,0,0,Y,0,0,0,0,Jharkhand
,90mm NE HDPE Spk MLC,,0,0,,0,0,Y,0,0,0,0,Jharkhand
,110MM HDPE Spk MLC,,0,0,,0,0,Y,0,0,0,0,Jharkhand
,50mm N HDPE SPK MLC,,0,0,,0,0,Y,0,0,0,0,Jharkhand
,75mm NR HDPE Spk MLC,,0,0,,0,0,Y,0,0,0,0,Jharkhand
,75mm N2R HDPE Spk MLC,,0,0,,0,0,Y,0,0,0,0,Jharkhand
,160mm NB HDPE Irrig Pipe(6Mtr)PT-1,,0,0,,0,0,Y,0,0,0,0,Rajasthan
,90mm NR HDPE Spk MLC,,0,0,,0,0,Y,0,0,0,0,Jharkhand
,90mm N2R HDPE Spk MLC,,0,0,,0,0,Y,0,0,0,0,Jharkhand
,SOC 110mm N HDPE Spk MLC,,0,0,,0,0,Y,0,0,0,0,Jharkhand
,Soc 50MM N HDPE Spk MLC,,0,0,,0,0,Y,0,0,0,0,Jharkhand
,Soc 63mm E5 HDPE Spk MLC,,0,0,,0,0,Y,0,0,0,0,Jharkhand
,SOC 63mm N-1 HDPE SPK MLC,,0,0,,0,0,Y,0,0,0,0,Jharkhand
,Soc 63mm N3 HDPE Spk MLC,,0,0,,0,0,Y,0,0,0,0,Jharkhand
,SOC 63mm N HDPE Spk MLC,,0,0,,0,0,Y,0,0,0,0,Jharkhand
,Soc 75mm E5 HDPE Spk MLC,,0,0,,0,0,Y,0,0,0,0,Jharkhand
,Soc 75MM E-6 HDPE Spk MLC,,0,0,,0,0,Y,0,0,0,0,Jharkhand
,180MM M.S. Flange,,0,0,,0,0,Y,0,0,0,0,Rajasthan
,SOC 75MM N1 HDPE Spk MLC,,0,0,,0,0,Y,0,0,0,0,Jharkhand
,Soc 75mm N3 HDPE SPK MLC,,0,0,,0,0,Y,0,0,0,0,Jharkhand
,SOC 75mm N HDPE Spk MLC,,0,0,,0,0,Y,0,0,0,0,Jharkhand
,Soc 90mm E-5 HDPE Spk MLC,,0,0,,0,0,Y,0,0,0,0,Jharkhand
,SOC 90MM N HDPE Spk MLC,,0,0,,0,0,Y,0,0,0,0,Jharkhand
,110MM B HDPE Spk PCN,,0,0,,0,0,Y,0,0,0,0,Jharkhand
,50MM B HDPE Spk PCN,,0,0,,0,0,Y,0,0,0,0,Jharkhand
,63MM B HDPE Spk PCN,,0,0,,0,0,Y,0,0,0,0,Jharkhand
,75MM B HDPE Spk PCN,,0,0,,0,0,Y,0,0,0,0,Jharkhand
,75x40mm HDPE Bush PCN,,0,0,,0,0,Y,0,0,0,0,Jharkhand
,180mm NB HDPE Irrig Pipe(6Mtr)PT-1,,0,0,,0,0,Y,0,0,0,0,Rajasthan
,90mm B HDPE Spk PCN,,0,0,,0,0,Y,0,0,0,0,Jharkhand
,63mm HDPE Spk PCN-Cap,,0,0,,0,0,Y,0,0,0,0,Jharkhand
,75MM HDPE Spk PCN-CAP,,0,0,,0,0,Y,0,0,0,0,Jharkhand
,90mm HDPE Spk PCN Cap,,0,0,,0,0,Y,0,0,0,0,Jharkhand
,110MM HDPE MOULDED PIPE END,,0,0,,0,0,Y,0,0,0,0,Jharkhand
,110MM MDPE PIPE END,,0,0,,0,0,Y,0,0,0,0,Jharkhand
,50mm HDPE Pipe End,,0,0,,0,0,Y,0,0,0,0,Jharkhand
,63MM HDPE  Pipe End,,0,0,,0,0,Y,0,0,0,0,Jharkhand
,90MM HDPE MOULDED PIPE END,,0,0,,0,0,Y,0,0,0,0,Jharkhand
,110mm NB HDPE Irrig Pipe(6mtr) PT- II,,0,0,,0,0,Y,0,0,0,0,Jharkhand
,200mm Pvc Socket,,0,0,,0,0,Y,0,0,0,0,Rajasthan
,Elbow 25mm x 1 Threaded,,30.07,0,,0,0,Y,0,0,0,0,Rajasthan
,200MM HDPE MLC,,0,0,,0,0,Y,0,0,0,0,Rajasthan
,110MM NB HDPE Irrig Pipe(6mtr) PT- I,,0,0,,0,0,Y,0,0,0,0,Jharkhand
,125mm NB HDPE Irrig Pipe(6Mtr)Pt-1,,0,0,,0,0,Y,0,0,0,0,Jharkhand
,160mm NB HDPE Irrig Pipe(6Mtr)PT-1,,0,0,,0,0,Y,0,0,0,0,Jharkhand
,180mm NB HDPE Irrig Pipe(6Mtr)PT-1,,0,0,,0,0,Y,0,0,0,0,Jharkhand
,50MM NB HDPE Irrig Pipe (5mtr) PT-II,,0,0,,0,0,Y,0,0,0,0,Jharkhand
,50MM NB HDPE Irrig Pipe (6mtr) PT-II,,0,0,,0,0,Y,0,0,0,0,Jharkhand
,63mm NB HDPE Irrig Pipe(3mtr) PT- II,,0,0,,0,0,Y,0,0,0,0,Jharkhand
,63mm NB HDPE Irrig Pipe(6mtr) PT- II,,0,0,,0,0,Y,0,0,0,0,Jharkhand
,63mm N1B HDPE Irrig Pipe(6mtr) PT- II,,0,0,,0,0,Y,0,0,0,0,Jharkhand
,63mm N3B HDPE Irrig Pipe(6Mtr) PT-II,,0,0,,0,0,Y,0,0,0,0,Jharkhand
,200MM HDPE TP,,0,0,,0,0,Y,0,0,0,0,Rajasthan
,75mm NB HDPE Irrig Pipe(6mtr) PT- II,,0,0,,0,0,Y,0,0,0,0,Jharkhand
,75MM N1B(3.2KG) HDPE Irrrig Pipe(6mtr)PT-II,,0,0,,0,0,Y,0,0,0,0,Jharkhand
,75mm N1B HDPE Irrig Pipe(6mtr) PT- II,,0,0,,0,0,Y,0,0,0,0,Jharkhand
,75mm N3B HDPE Irrig Pipe(6mtr) PT- II,,0,0,,0,0,Y,0,0,0,0,Jharkhand
,75mm NB(3.2Kg) HDPE Irrig Pipe (6Mtr)PT-II,,0,0,,0,0,Y,0,0,0,0,Jharkhand
,75mm NB(4Kg) HDPE Irrig Pipe (6Mtr)PT-II,,0,0,,0,0,Y,0,0,0,0,Jharkhand
,90MM HDPE Irrig Pipe for Hydrant(MTR),,0,0,,0,0,Y,0,0,0,0,Jharkhand
,90mm NB HDPE Irrig Pipe(6mtr) PT- II,,0,0,,0,0,Y,0,0,0,0,Jharkhand
,90mm NB(3.2KG) HDPE Irrig Pipe (6Mtr) PT-II,,0,0,,0,0,Y,0,0,0,0,Jharkhand
,90mm NB(4kg)HDPE Irrig Pipe(6mtr) PT- I,,0,0,,0,0,Y,0,0,0,0,Jharkhand
,200MM Spk Latch,,0,0,,0,0,Y,0,0,0,0,Rajasthan
,63x50mm MDPE Reducer,,0,0,,0,0,Y,0,0,0,0,Jharkhand
,75x63MM HDPE MOULDED REDUCER,,0,0,,0,0,Y,0,0,0,0,Jharkhand
,75x63mm MDPE Reducer,,0,0,,0,0,Y,0,0,0,0,Jharkhand
,90x75mm HDPE Reducer(PF),,0,0,,0,0,Y,0,0,0,0,Jharkhand
,90x75mm HDPE Spk Reducer(B),,0,0,,0,0,Y,0,0,0,0,Jharkhand
,110MM B HDPE Spk Tee,,0,0,,0,0,Y,0,0,0,0,Jharkhand
,50MM B HDPE Spk Tee,,0,0,,0,0,Y,0,0,0,0,Jharkhand
,63MM B HDPE Spk Tee,,0,0,,0,0,Y,0,0,0,0,Jharkhand
,SOC B 63MM HDPE Spk TEE,,0,0,,0,0,Y,0,0,0,0,Jharkhand
,SOC B 75mm HDPE Spk Tee,,0,0,,0,0,Y,0,0,0,0,Jharkhand
,200MM Spk Rubber Ring,,0,0,,0,0,Y,0,0,0,0,Rajasthan
,90mm B HDPE Spk Tee,,0,0,,0,0,Y,0,0,0,0,Jharkhand
,SOC B 90MM HDPE Spk Tee,,0,0,,0,0,Y,0,0,0,0,Jharkhand
,110mm HDPE Spk Tail Pice,,0,0,,0,0,Y,0,0,0,0,Jharkhand
,50mm HDPE SPK Tail Pice,,0,0,,0,0,Y,0,0,0,0,Jharkhand
,63MM HDPE Spk Tail Pice,,0,0,,0,0,Y,0,0,0,0,Jharkhand
,75MM HDPE Spk Tail Piece,,0,0,,0,0,Y,0,0,0,0,Jharkhand
,90mm HDPE Spk T.P.,,0,0,,0,0,Y,0,0,0,0,Jharkhand
,SOC 110mm HDPE Spk T.P.,,0,0,,0,0,Y,0,0,0,0,Jharkhand
,Soc 50MM HDPE Spk T.P.,,0,0,,0,0,Y,0,0,0,0,Jharkhand
,SOC 63mm HDPE Spk T.P.,,0,0,,0,0,Y,0,0,0,0,Jharkhand
,225MM M.S.FLANGE,,0,0,,0,0,Y,0,0,0,0,Rajasthan
,SOC 75mm HDPE Spk T.P.,,0,0,,0,0,Y,0,0,0,0,Jharkhand
,SOC 90mm HDPE Spk T.P.,,0,0,,0,0,Y,0,0,0,0,Jharkhand
,Nut-Bolt-Washer-Gasket for Header Assl. 2,,0,0,,0,0,Y,0,0,0,0,Jharkhand
,PVC PIPE 160MMX4KG/CM2 (MTR),,0,0,,0,0,Y,0,0,0,0,Jharkhand
,110MM B HDPE Spk Adopter,,0,0,,0,0,Y,0,0,0,0,Andhra Pradesh
,110MM B HDPE Spk Bend,,0,0,,0,0,Y,0,0,0,0,Andhra Pradesh
,110MM B HDPE Spk PCN,,0,0,,0,0,Y,0,0,0,0,Andhra Pradesh
,110MM B HDPE Spk Tee,,0,0,,0,0,Y,0,0,0,0,Andhra Pradesh
,110mm B MDPE Spk Bend,,0,0,,0,0,Y,0,0,0,0,Andhra Pradesh
,32mm Coil Nipple,,0,0,,0,0,Y,0,0,0,0,Rajasthan
,110mm Coil Nipple,,0,0,,0,0,Y,0,0,0,0,Andhra Pradesh
,110MM HDPE Flange(Moulded),,0,0,,0,0,Y,0,0,0,0,Andhra Pradesh
,110MM HDPE MOULDED BEND,,0,0,,0,0,Y,0,0,0,0,Andhra Pradesh
,110MM HDPE MOULDED BEND(PN6),,0,0,,0,0,Y,0,0,0,0,Andhra Pradesh
,110MM HDPE MOULDED PIPE END,,0,0,,0,0,Y,0,0,0,0,Andhra Pradesh
,110MM HDPE MOULDED TEE,,0,0,,0,0,Y,0,0,0,0,Andhra Pradesh
,110MM HDPE MOULDED TEE(PN6),,0,0,,0,0,Y,0,0,0,0,Andhra Pradesh
,110MM HDPE Pipe End PN6 PE80(Moulded),,0,0,,0,0,Y,0,0,0,0,Andhra Pradesh
,110MM HDPE Pipe End(Moulded),,0,0,,0,0,Y,0,0,0,0,Andhra Pradesh
,110mm HDPE Spk End Cap,,0,0,,0,0,Y,0,0,0,0,Andhra Pradesh
,32mm Rubber Gasket,,0,0,,0,0,Y,0,0,0,0,Rajasthan
,110MM HDPE Spk Irrig Pipe PT-II(Sample),,0,0,,0,0,Y,0,0,0,0,Andhra Pradesh
,110MM HDPE Spk MLC,,0,0,,0,0,Y,0,0,0,0,Andhra Pradesh
,110mm HDPE Spk Tail Pice,,0,0,,0,0,Y,0,0,0,0,Andhra Pradesh
,110MM MDPE PIPE END,,0,0,,0,0,Y,0,0,0,0,Andhra Pradesh
,110mm N Spk Rubber Ring,,0,0,,0,0,Y,0,0,0,0,Andhra Pradesh
,110mm N1 Spk Rubber Ring,,0,0,,0,0,Y,0,0,0,0,Andhra Pradesh
,110MM NB HDPE Irrig Pipe(6mtr) PT- I,,0,0,,0,0,Y,0,0,0,0,Andhra Pradesh
,110mm NB HDPE Irrig Pipe(6mtr) PT- II,,0,0,,0,0,Y,0,0,0,0,Andhra Pradesh
,110mm NE Spk Latch,,0,0,,0,0,Y,0,0,0,0,Andhra Pradesh
,110mm NR HDPE Spk Adopter,,0,0,,0,0,Y,0,0,0,0,Andhra Pradesh
,40MM  COIL NIPPEL S.S,,0,0,,0,0,Y,0,0,0,0,Rajasthan
,110mm NR HDPE Spk Bend,,0,0,,0,0,Y,0,0,0,0,Andhra Pradesh
,110mm NR HDPE Spk PCN,,0,0,,0,0,Y,0,0,0,0,Andhra Pradesh
,110mm NR Spk Latch,,0,0,,0,0,Y,0,0,0,0,Andhra Pradesh
,110mm PCN CLAMP/CLIP,,0,0,,0,0,Y,0,0,0,0,Andhra Pradesh
,110MM PN10 PE100 HDPE BEND-90*(FF),,0,0,,0,0,Y,0,0,0,0,Andhra Pradesh
,110MM PN10 PE100 HDPE ENDCAP(FF),,0,0,,0,0,Y,0,0,0,0,Andhra Pradesh
,110MM PN10 PE100 HDPE TEE(FF),,0,0,,0,0,Y,0,0,0,0,Andhra Pradesh
,110MM PN10 PE-100 N(ISO:4427),,0,0,,0,0,Y,0,0,0,0,Andhra Pradesh
,110MM PN10 PE-100 N(ISO:4427)-FF,,0,0,,0,0,Y,0,0,0,0,Andhra Pradesh
,110mm PN6 PE- 80 N,,431.18,0,,0,0,Y,0,0,0,0,Andhra Pradesh
,40mm Coil Nipple(G.I.),,0,0,,0,0,Y,0,0,0,0,Rajasthan
,110MM PN6 PE100 HDPE BEND(FF),,0,0,,0,0,Y,0,0,0,0,Andhra Pradesh
,110MM PN6 PE100 HDPE BEND(FF)45*,,0,0,,0,0,Y,0,0,0,0,Andhra Pradesh
,110MM PN6 PE100 HDPE PIPE END,,0,0,,0,0,Y,0,0,0,0,Andhra Pradesh
,110MM PN6 PE100 HDPE TEE(FF),,0,0,,0,0,Y,0,0,0,0,Andhra Pradesh
,110MM PN6 PE-100 N,,0,0,,0,0,Y,0,0,0,0,Andhra Pradesh
,110MM PN6 PE80 HDPE BEND(FF)45*,,0,0,,0,0,Y,0,0,0,0,Andhra Pradesh
,110mm Spk Pcn Nipple,,0,0,,0,0,Y,0,0,0,0,Andhra Pradesh
,110mm Spk Rubber Ring,,0,0,,0,0,Y,0,0,0,0,Andhra Pradesh
,110X90MM HDPE MOULDED REDUCER,,0,0,,0,0,Y,0,0,0,0,Andhra Pradesh
,110x90mm HDPE Spk Reducer(B),,0,0,,0,0,Y,0,0,0,0,Andhra Pradesh
,50MM B HDPE Spk Bend,,0,0,,0,0,Y,0,0,0,0,Rajasthan
,110x90MM HDPE Spk Reducer(E/R),,0,0,,0,0,Y,0,0,0,0,Andhra Pradesh
,125MM  Latch,,0,0,,0,0,Y,0,0,0,0,Andhra Pradesh
,125MM HDPE End Cap PN6 PE80(Moulded),,0,0,,0,0,Y,0,0,0,0,Andhra Pradesh
,125mm HDPE End Cap(Moulded),,0,0,,0,0,Y,0,0,0,0,Andhra Pradesh
,125MM HDPE MLC,,0,0,,0,0,Y,0,0,0,0,Andhra Pradesh
,125MM HDPE MOULDED BEND,,0,0,,0,0,Y,0,0,0,0,Andhra Pradesh
,125MM HDPE MOULDED TEE,,0,0,,0,0,Y,0,0,0,0,Andhra Pradesh
,125MM HDPE Pipe End PN6 PE80(Moulded),,0,0,,0,0,Y,0,0,0,0,Andhra Pradesh
,125mm HDPE Tail Pice,,0,0,,0,0,Y,0,0,0,0,Andhra Pradesh
,125mm NB HDPE Irrig Pipe(6Mtr)Pt-1,,0,0,,0,0,Y,0,0,0,0,Andhra Pradesh
,Elbow 32MM PVC,,0,0,,0,0,Y,0,0,0,0,Rajasthan
,50MM B HDPE Spk PCN,,0,0,,0,0,Y,0,0,0,0,Rajasthan
,125MM PN6 PE100 HDPE BEND-45*(FF),,0,0,,0,0,Y,0,0,0,0,Andhra Pradesh
,125MM PN6 PE100 HDPE TEE(FF),,0,0,,0,0,Y,0,0,0,0,Andhra Pradesh
,125MM PN6 PE80 HDPE BEND 45*(FF),,0,0,,0,0,Y,0,0,0,0,Andhra Pradesh
,125mm Rubber Ring,,0,0,,0,0,Y,0,0,0,0,Andhra Pradesh
,125X110MM HDPE MOULDED REDUCER,,0,0,,0,0,Y,0,0,0,0,Andhra Pradesh
,125X90MM HDPE MOULDED REDUCER,,0,0,,0,0,Y,0,0,0,0,Andhra Pradesh
,12MM In Line Dripper (2-LPH)Round,,0,0,,0,0,Y,0,0,0,0,Andhra Pradesh
,12MM In Line Dripper (4-LPH)Round,,0,0,,0,0,Y,0,0,0,0,Andhra Pradesh
,140MM HDPE  MLC,,0,0,,0,0,Y,0,0,0,0,Andhra Pradesh
,140MM HDPE End Cap PN6 PE80(Moulded),,0,0,,0,0,Y,0,0,0,0,Andhra Pradesh
,50MM B HDPE Spk Tee,,0,0,,0,0,Y,0,0,0,0,Rajasthan
,140mm HDPE End Cap(Moulded),,0,0,,0,0,Y,0,0,0,0,Andhra Pradesh
,140MM HDPE MOULDED BEND,,0,0,,0,0,Y,0,0,0,0,Andhra Pradesh
,140MM HDPE MOULDED PCN,,0,0,,0,0,Y,0,0,0,0,Andhra Pradesh
,140MM HDPE MOULDED TEE,,0,0,,0,0,Y,0,0,0,0,Andhra Pradesh
,140MM HDPE Pipe End PN6 PE80(Moulded),,0,0,,0,0,Y,0,0,0,0,Andhra Pradesh
,140MM HDPE TAIL PIECE,,0,0,,0,0,Y,0,0,0,0,Andhra Pradesh
,140MM Latch,,0,0,,0,0,Y,0,0,0,0,Andhra Pradesh
,140MM M. S. Clamp,,0,0,,0,0,Y,0,0,0,0,Andhra Pradesh
,140MM PN6 PE100 HDPE BEND(FF),,0,0,,0,0,Y,0,0,0,0,Andhra Pradesh
,140MM PN6 PE100 HDPE BEND(FF)45*,,0,0,,0,0,Y,0,0,0,0,Andhra Pradesh
,50mm Coil Nipple(G.I),,0,0,,0,0,Y,0,0,0,0,Rajasthan
,140MM PN6 PE100 HDPE TEE(FF),,0,0,,0,0,Y,0,0,0,0,Andhra Pradesh
,140MM PN6 PE80 HDPE BEND 45*(FF),,0,0,,0,0,Y,0,0,0,0,Andhra Pradesh
,140MM PN6 PE80 HDPE TEE 90*(FF),,0,0,,0,0,Y,0,0,0,0,Andhra Pradesh
,140mm Rubber Ring,,0,0,,0,0,Y,0,0,0,0,Andhra Pradesh
,140X110MM HDPE MOULDED REDUCER,,0,0,,0,0,Y,0,0,0,0,Andhra Pradesh
,140X110MM MS Reducer,,0,0,,0,0,Y,0,0,0,0,Andhra Pradesh
,140X125MM HDPE MOULDED REDUCER,,0,0,,0,0,Y,0,0,0,0,Andhra Pradesh
,140X90MM HDPE MOULDED REDUCER,,0,0,,0,0,Y,0,0,0,0,Andhra Pradesh
,160mm  Rubber Ring,,0,0,,0,0,Y,0,0,0,0,Andhra Pradesh
,160MM HDPE  MLC,,0,0,,0,0,Y,0,0,0,0,Andhra Pradesh
,50MM Coil Nipple(S.S.),,0,0,,0,0,Y,0,0,0,0,Rajasthan
,160MM HDPE End Cap PN6 PE80(Moulded),,0,0,,0,0,Y,0,0,0,0,Andhra Pradesh
,160mm HDPE End Cap(Moulded),,0,0,,0,0,Y,0,0,0,0,Andhra Pradesh
,160mm HDPE FEB TEE,,0,0,,0,0,Y,0,0,0,0,Andhra Pradesh
,160MM HDPE Flange(Moulded),,0,0,,0,0,Y,0,0,0,0,Andhra Pradesh
,160MM HDPE MOULDED BEND,,0,0,,0,0,Y,0,0,0,0,Andhra Pradesh
,160MM HDPE MOULDED BEND(PN6),,0,0,,0,0,Y,0,0,0,0,Andhra Pradesh
,160MM HDPE MOULDED PCN,,0,0,,0,0,Y,0,0,0,0,Andhra Pradesh
,160MM HDPE MOULDED TEE,,0,0,,0,0,Y,0,0,0,0,Andhra Pradesh
,160MM HDPE MOULDED TEE(PN6),,0,0,,0,0,Y,0,0,0,0,Andhra Pradesh
,160MM HDPE Pipe End,,0,0,,0,0,Y,0,0,0,0,Andhra Pradesh
,50MM EPC SPK FOOT-BATTEN,,0,0,,0,0,Y,0,0,0,0,Rajasthan
,160MM HDPE Pipe End(Moulded),,0,0,,0,0,Y,0,0,0,0,Andhra Pradesh
,160MM HDPE Tail Pices,,0,0,,0,0,Y,0,0,0,0,Andhra Pradesh
,160MM Latch,,0,0,,0,0,Y,0,0,0,0,Andhra Pradesh
,160MM M.S. Flange,,0,0,,0,0,Y,0,0,0,0,Andhra Pradesh
,160mm NB HDPE Irrig Pipe(6Mtr)PT-1,,0,0,,0,0,Y,0,0,0,0,Andhra Pradesh
,160MM PN6 PE100 HDPE BEND 45*(FF),,0,0,,0,0,Y,0,0,0,0,Andhra Pradesh
,160MM PN6 PE100 HDPE BEND(FF),,0,0,,0,0,Y,0,0,0,0,Andhra Pradesh
,160MM PN6 PE100 HDPE TEE(FF),,0,0,,0,0,Y,0,0,0,0,Andhra Pradesh
,160MM PN6 PE80 HDPE BEND-90*(FF),,0,0,,0,0,Y,0,0,0,0,Andhra Pradesh
,160MM PN6 PE80 HDPE TEE 90*(FF),,0,0,,0,0,Y,0,0,0,0,Andhra Pradesh
,50MM EPC SPK LATCH,,0,0,,0,0,Y,0,0,0,0,Rajasthan
,160mm Pvc Bend,,0,0,,0,0,Y,0,0,0,0,Andhra Pradesh
,160X110MM HDPE MOULDED REDUCER,,0,0,,0,0,Y,0,0,0,0,Andhra Pradesh
,160x110MM MS Reducer,,0,0,,0,0,Y,0,0,0,0,Andhra Pradesh
,160X140MM HDPE MOULDED REDUCER,,0,0,,0,0,Y,0,0,0,0,Andhra Pradesh
,160X75MM HDPE Reducer,,0,0,,0,0,Y,0,0,0,0,Andhra Pradesh
,160X90mm HDPE Moulded Reducer,,0,0,,0,0,Y,0,0,0,0,Andhra Pradesh
,160x90mm MS Reducer,,0,0,,0,0,Y,0,0,0,0,Andhra Pradesh
,16mm In Line Dripper (4-LPH)Round,,0,0,,0,0,Y,0,0,0,0,Andhra Pradesh
,16MM In Line Dripper(2-LPH)Round,,0,0,,0,0,Y,0,0,0,0,Andhra Pradesh
,16mm Inline Dripper(2.1LPH PCND)Round,,0,0,,0,0,Y,0,0,0,0,Andhra Pradesh
,50MM GI STEEL TUBE GROVE NIPPLE,,0,0,,0,0,Y,0,0,0,0,Rajasthan
,180MM HDPE Pipe End PN6 PE80(Moulded),,0,0,,0,0,Y,0,0,0,0,Andhra Pradesh
,180MM M.S. Flange,,0,0,,0,0,Y,0,0,0,0,Andhra Pradesh
,180mm NB HDPE Irrig Pipe(6Mtr)PT-1,,0,0,,0,0,Y,0,0,0,0,Andhra Pradesh
,180MM PN6 PE100 HDPE BEND 45*(FF),,0,0,,0,0,Y,0,0,0,0,Andhra Pradesh
,180MM PN6 PE100 HDPE BEND 90*(FF),,0,0,,0,0,Y,0,0,0,0,Andhra Pradesh
,180MM PN6 PE100 HDPE TEE(FF)90*,,0,0,,0,0,Y,0,0,0,0,Andhra Pradesh
,180MM PN6 PE80 HDPE BEND(FF)90*,,0,0,,0,0,Y,0,0,0,0,Andhra Pradesh
,180MM PN6 PE80 HDPE TEE(FF)90*,,0,0,,0,0,Y,0,0,0,0,Andhra Pradesh
,180X125MM HDPE MOULDED REDUCER,,0,0,,0,0,Y,0,0,0,0,Andhra Pradesh
,180X140MM HDPE MOULDED REDUCER,,0,0,,0,0,Y,0,0,0,0,Andhra Pradesh
,50mm HDPE Pipe End,,0,0,,0,0,Y,0,0,0,0,Rajasthan
,180x90mm HDPE Moulded Reducer,,0,0,,0,0,Y,0,0,0,0,Andhra Pradesh
,200MM  HDPE FAB TEE,,0,0,,0,0,Y,0,0,0,0,Andhra Pradesh
,200MM HDPE End Cap PN6 PE80(Moulded),,0,0,,0,0,Y,0,0,0,0,Andhra Pradesh
,200MM HDPE ENDCAP(Moulded),,0,0,,0,0,Y,0,0,0,0,Andhra Pradesh
,200MM HDPE FAB BEND,,0,0,,0,0,Y,0,0,0,0,Andhra Pradesh
,200MM HDPE MLC,,0,0,,0,0,Y,0,0,0,0,Andhra Pradesh
,200MM HDPE Pipe End(Moulded),,0,0,,0,0,Y,0,0,0,0,Andhra Pradesh
,200MM HDPE TP,,0,0,,0,0,Y,0,0,0,0,Andhra Pradesh
,200MM M.S. Flange,,0,0,,0,0,Y,0,0,0,0,Andhra Pradesh
,200MM PN6 PE100 HDPE BEND 45*(FF),,0,0,,0,0,Y,0,0,0,0,Andhra Pradesh
,50MM HDPE Spk End Cap,,0,0,,0,0,Y,0,0,0,0,Rajasthan
,200MM PN6 PE100 HDPE BEND(FF),,0,0,,0,0,Y,0,0,0,0,Andhra Pradesh
,200MM PN6 PE100 HDPE TEE(FF),,0,0,,0,0,Y,0,0,0,0,Andhra Pradesh
,200MM PN6 PE80 HDPE BEND (FF)90*,,0,0,,0,0,Y,0,0,0,0,Andhra Pradesh
,200MM PN6 PE80 HDPE TEE(FF),,0,0,,0,0,Y,0,0,0,0,Andhra Pradesh
,200mm Pvc Socket,,0,0,,0,0,Y,0,0,0,0,Andhra Pradesh
,200MM Spk Latch,,0,0,,0,0,Y,0,0,0,0,Andhra Pradesh
,200MM Spk Rubber Ring,,0,0,,0,0,Y,0,0,0,0,Andhra Pradesh
,200X125MM HDPE MOULDED REDUCER,,0,0,,0,0,Y,0,0,0,0,Andhra Pradesh
,200X140MM HDPE MOULDED REDUCER,,0,0,,0,0,Y,0,0,0,0,Andhra Pradesh
,200X180MM HDPE MOULDED REDUCER,,0,0,,0,0,Y,0,0,0,0,Andhra Pradesh
,50MM HDPE Spk Hydrent,,0,0,,0,0,Y,0,0,0,0,Rajasthan
,200x90mm HDPE  Moulded Reducer,,0,0,,0,0,Y,0,0,0,0,Andhra Pradesh
,20MM INLINE DRIPPER(2LPH)ROUND,,0,0,,0,0,Y,0,0,0,0,Andhra Pradesh
,20MM INLINE DRIPPER(4-LPH)ROUND,,0,0,,0,0,Y,0,0,0,0,Andhra Pradesh
,20MM PN12.5 PE80,,27.74,0,,0,0,Y,0,0,0,0,Andhra Pradesh
,225MM HDPE End Cap(Moulded),,0,0,,0,0,Y,0,0,0,0,Andhra Pradesh
,225mm HDPE Pipe End(Moulded),,0,0,,0,0,Y,0,0,0,0,Andhra Pradesh
,225MM M.S.FLANGE,,0,0,,0,0,Y,0,0,0,0,Andhra Pradesh
,225MM PN6 PE100 HDPE BEND(FF),,0,0,,0,0,Y,0,0,0,0,Andhra Pradesh
,225MM PN6 PE100 HDPE TEE(FF),,0,0,,0,0,Y,0,0,0,0,Andhra Pradesh
,225X160MM HDPE Molulded Reducer,,0,0,,0,0,Y,0,0,0,0,Andhra Pradesh
,Elbow 32mmx1 Threaded,,36.76,0,,0,0,Y,0,0,0,0,Rajasthan
,50mm Hdpe Spk Hydrent Bend,,0,0,,0,0,Y,0,0,0,0,Rajasthan
,225X180MM HDPE Moulded Reducer,,0,0,,0,0,Y,0,0,0,0,Andhra Pradesh
,225X90MM HDPE Moulded Reducer,,0,0,,0,0,Y,0,0,0,0,Andhra Pradesh
,250mm HDPE Pipe End(Moulded),,0,0,,0,0,Y,0,0,0,0,Andhra Pradesh
,250MM M.S. Flange,,0,0,,0,0,Y,0,0,0,0,Andhra Pradesh
,250MM PN6 PE100 HDPE BEND 45*(FF),,0,0,,0,0,Y,0,0,0,0,Andhra Pradesh
,250MM PN6 PE100 HDPE BEND(FF),,0,0,,0,0,Y,0,0,0,0,Andhra Pradesh
,250MM PN6 PE100 HDPE TEE(FF),,0,0,,0,0,Y,0,0,0,0,Andhra Pradesh
,250mm Pvc Bend,,0,0,,0,0,Y,0,0,0,0,Andhra Pradesh
,250X110MM HDPE Moulded Reducer,,0,0,,0,0,Y,0,0,0,0,Andhra Pradesh
,250X160MM HDPE Moulded Reducer,,0,0,,0,0,Y,0,0,0,0,Andhra Pradesh
,50mm HDPE SPK Tail Pice,,0,0,,0,0,Y,0,0,0,0,Rajasthan
,250x90mm HDPE Moulded Reducer,,0,0,,0,0,Y,0,0,0,0,Andhra Pradesh
,25MM PN10 PE80,,36.87,0,,0,0,Y,0,0,0,0,Andhra Pradesh
,280MM HDPE Pipe End(Moulded),,0,0,,0,0,Y,0,0,0,0,Andhra Pradesh
,280MM M.S. Flange,,0,0,,0,0,Y,0,0,0,0,Andhra Pradesh
,280MM PN6 PE100 HDPE BEND 45*(FF),,0,0,,0,0,Y,0,0,0,0,Andhra Pradesh
,280MM PN6 PE100 HDPE BEND 90*(FF),,0,0,,0,0,Y,0,0,0,0,Andhra Pradesh
,280MM PN6 PE100 HDPE TEE(FF),,0,0,,0,0,Y,0,0,0,0,Andhra Pradesh
,280X90MM HDPE Moulded Reducer,,0,0,,0,0,Y,0,0,0,0,Andhra Pradesh
,315MM HDPE  Pipe End(Moulded),,0,0,,0,0,Y,0,0,0,0,Andhra Pradesh
,315MM M.S. Flange,,0,0,,0,0,Y,0,0,0,0,Andhra Pradesh
,50mm MDPE End Cap,,0,0,,0,0,Y,0,0,0,0,Rajasthan
,315MM PN6 PE100 HDPE BEND-45*(FF),,0,0,,0,0,Y,0,0,0,0,Andhra Pradesh
,315MM PN6 PE100 HDPE BEND-90*(FF),,0,0,,0,0,Y,0,0,0,0,Andhra Pradesh
,315MM PN6 PE100 HDPE TEE(FF),,0,0,,0,0,Y,0,0,0,0,Andhra Pradesh
,315X110MM HDPE Moulded Reducer,,0,0,,0,0,Y,0,0,0,0,Andhra Pradesh
,315X180MM HDPE Moulded Reducer,,0,0,,0,0,Y,0,0,0,0,Andhra Pradesh
,315X225MM HDPE Moulded Reducer,,0,0,,0,0,Y,0,0,0,0,Andhra Pradesh
,315X250MM HDPE Moulded Reducer,,0,0,,0,0,Y,0,0,0,0,Andhra Pradesh
,315x90MM HDPE Moulded Reducer,,0,0,,0,0,Y,0,0,0,0,Andhra Pradesh
,32mm Coil Nipple,,0,0,,0,0,Y,0,0,0,0,Andhra Pradesh
,32mm HDPE Bend,,0,0,,0,0,Y,0,0,0,0,Andhra Pradesh
,50mm N HDPE SPK MLC,,0,0,,0,0,Y,0,0,0,0,Rajasthan
,32mm HDPE Flange,,0,0,,0,0,Y,0,0,0,0,Andhra Pradesh
,32mm HDPE Pipe End,,0,0,,0,0,Y,0,0,0,0,Andhra Pradesh
,32mm HDPE Tee,,0,0,,0,0,Y,0,0,0,0,Andhra Pradesh
,32MM PE-100-2.3A(IS:14885),,0,0,,0,0,Y,0,0,0,0,Andhra Pradesh
,32MM PE-100-3.0A(IS:14885),,0,0,,0,0,Y,0,0,0,0,Andhra Pradesh
,32MM PE-80-2.3A(IS:14885),,0,0,,0,0,Y,0,0,0,0,Andhra Pradesh
,32MM PE-80-3.0A(IS:14885),,0,0,,0,0,Y,0,0,0,0,Andhra Pradesh
,32MM PN10 PE100 N,,50.11,0,,0,0,Y,0,0,0,0,Andhra Pradesh
,32MM PN12.5 PE100,,54.24,0,,0,0,Y,0,0,0,0,Andhra Pradesh
,32mm PN6 PE- 63 N,,48.71,0,,0,0,Y,0,0,0,0,Andhra Pradesh
,50MM N Spk Foot Batten,,250,0,,0,0,Y,0,0,0,0,Rajasthan
,32mm PN8 PE- 80 N,,47.54,0,,0,0,Y,0,0,0,0,Andhra Pradesh
,32mm Rubber Gasket,,0,0,,0,0,Y,0,0,0,0,Andhra Pradesh
,355MM HDPE FAB TEE,,0,0,,0,0,Y,0,0,0,0,Andhra Pradesh
,355MM HDPE PIPE END(Moulded),,0,0,,0,0,Y,0,0,0,0,Andhra Pradesh
,355MM M.S. Flange,,0,0,,0,0,Y,0,0,0,0,Andhra Pradesh
,355MM PN6 PE100 HDPE BEND(FF)45*,,0,0,,0,0,Y,0,0,0,0,Andhra Pradesh
,355MM PN6 PE100 HDPE BEND(FF)90*,,0,0,,0,0,Y,0,0,0,0,Andhra Pradesh
,355X125MM HDPE Moulded Reducer,,0,0,,0,0,Y,0,0,0,0,Andhra Pradesh
,355X250MM HDPE Moulded Reducer,,0,0,,0,0,Y,0,0,0,0,Andhra Pradesh
,355x315MM HDPE Moulded Reducer,,0,0,,0,0,Y,0,0,0,0,Andhra Pradesh
,50MM N SPK Latch,,0,0,,0,0,Y,0,0,0,0,Rajasthan
,4 Way Fogger,,0,0,,0,0,Y,0,0,0,0,Andhra Pradesh
,40MM  COIL NIPPEL S.S,,0,0,,0,0,Y,0,0,0,0,Andhra Pradesh
,40mm Coil Nipple(G.I.),,0,0,,0,0,Y,0,0,0,0,Andhra Pradesh
,40MM PN10 PE100 N,,77.31,0,,0,0,Y,0,0,0,0,Andhra Pradesh
,40MM PN10 PE80,,94.04,0,,0,0,Y,0,0,0,0,Andhra Pradesh
,40mm PN6 PE- 80 N,,61.76,0,,0,0,Y,0,0,0,0,Andhra Pradesh
,40MM PN8 PE100 N,,62.23,0,,0,0,Y,0,0,0,0,Andhra Pradesh
,40MM PN8 PE80 N,,77.2,0,,0,0,Y,0,0,0,0,Andhra Pradesh
,500MM HDPE Pipe End,,0,0,,0,0,Y,0,0,0,0,Andhra Pradesh
,50MM B HDPE Spk Bend,,0,0,,0,0,Y,0,0,0,0,Andhra Pradesh
,50mm N Spk Rubber Ring,,0,0,,0,0,Y,0,0,0,0,Rajasthan
,50MM B HDPE Spk PCN,,0,0,,0,0,Y,0,0,0,0,Andhra Pradesh
,50MM B HDPE Spk Tee,,0,0,,0,0,Y,0,0,0,0,Andhra Pradesh
,50mm Coil Nipple(G.I),,0,0,,0,0,Y,0,0,0,0,Andhra Pradesh
,50MM Coil Nipple(S.S.),,0,0,,0,0,Y,0,0,0,0,Andhra Pradesh
,50MM EPC SPK FOOT-BATTEN,,0,0,,0,0,Y,0,0,0,0,Andhra Pradesh
,50MM EPC SPK LATCH,,0,0,,0,0,Y,0,0,0,0,Andhra Pradesh
,50mm GI Nipple,,0,0,,0,0,Y,0,0,0,0,Andhra Pradesh
,50MM GI STEEL TUBE GROVE NIPPLE,,0,0,,0,0,Y,0,0,0,0,Andhra Pradesh
,50MM GI TEE,,0,0,,0,0,Y,0,0,0,0,Andhra Pradesh
,50mm HDPE Pipe End,,0,0,,0,0,Y,0,0,0,0,Andhra Pradesh
,50MM NB HDPE Irrig Pipe (5mtr) PT-II,,0,0,,0,0,Y,0,0,0,0,Rajasthan
,50MM HDPE Spk End Cap,,0,0,,0,0,Y,0,0,0,0,Andhra Pradesh
,50MM HDPE Spk Hydrent,,0,0,,0,0,Y,0,0,0,0,Andhra Pradesh
,50mm Hdpe Spk Hydrent Bend,,0,0,,0,0,Y,0,0,0,0,Andhra Pradesh
,50mm HDPE SPK Tail Pice,,0,0,,0,0,Y,0,0,0,0,Andhra Pradesh
,50mm MDPE End Cap,,0,0,,0,0,Y,0,0,0,0,Andhra Pradesh
,50mm N HDPE SPK MLC,,0,0,,0,0,Y,0,0,0,0,Andhra Pradesh
,50MM N Spk Foot Batten,,250,0,,0,0,Y,0,0,0,0,Andhra Pradesh
,50MM N SPK Latch,,0,0,,0,0,Y,0,0,0,0,Andhra Pradesh
,50mm N Spk Rubber Ring,,0,0,,0,0,Y,0,0,0,0,Andhra Pradesh
,50MM NB HDPE Irrig Pipe (5mtr) PT-II,,0,0,,0,0,Y,0,0,0,0,Andhra Pradesh
,50MM NB HDPE Irrig Pipe (6mtr) PT-II,,0,0,,0,0,Y,0,0,0,0,Rajasthan
,50MM NB HDPE Irrig Pipe (6mtr) PT-II,,0,0,,0,0,Y,0,0,0,0,Andhra Pradesh
,50MM NR HDPE Spk Adopter,,0,0,,0,0,Y,0,0,0,0,Andhra Pradesh
,50MM NR HDPE Spk Bend,,0,0,,0,0,Y,0,0,0,0,Andhra Pradesh
,50MM NR HDPE Spk PCN,,0,0,,0,0,Y,0,0,0,0,Andhra Pradesh
,50MM NR HDPE Spk Pipe 3Mtr,,0,0,,0,0,Y,0,0,0,0,Andhra Pradesh
,50MM NR HDPE Spk Pipe 6Mtr,,0,0,,0,0,Y,0,0,0,0,Andhra Pradesh
,50MM NR HDPE Spk Tee,,0,0,,0,0,Y,0,0,0,0,Andhra Pradesh
,50MM PN10 PE100 N,,115.45,0,,0,0,Y,0,0,0,0,Andhra Pradesh
,50MM PN10 PE100 N-1,,0,0,,0,0,Y,0,0,0,0,Andhra Pradesh
,50mm PN10 PE-80 N,,138.79,0,,0,0,Y,0,0,0,0,Andhra Pradesh
,50MM NR HDPE Spk Adopter,,0,0,,0,0,Y,0,0,0,0,Rajasthan
,50MM PN12.5 PE100 N,,132.95,0,,0,0,Y,0,0,0,0,Andhra Pradesh
,50MM PN12.5 PE-80 N,,167.12,0,,0,0,Y,0,0,0,0,Andhra Pradesh
,50mm PN4 PE- 63 N,,77.02,0,,0,0,Y,0,0,0,0,Andhra Pradesh
,50mm PN6 PE- 80 N,,91.63,0,,0,0,Y,0,0,0,0,Andhra Pradesh
,50mm PN8 PE- 80 N,,117.23,0,,0,0,Y,0,0,0,0,Andhra Pradesh
,50MM PN8 PE-100 N,,94.83,0,,0,0,Y,0,0,0,0,Andhra Pradesh
,50MM Spk PCN Nipple,,0,0,,0,0,Y,0,0,0,0,Andhra Pradesh
,63 MM NE HOOK ONLY,,0,0,,0,0,Y,0,0,0,0,Andhra Pradesh
,63MM  SPK Pcn Nipple,,0,0,,0,0,Y,0,0,0,0,Andhra Pradesh
,63MM B HDPE Spk PCN,,0,0,,0,0,Y,0,0,0,0,Andhra Pradesh
,Elbow 40mm  PVC,,0,0,,0,0,Y,0,0,0,0,Rajasthan
,50MM NR HDPE Spk Bend,,0,0,,0,0,Y,0,0,0,0,Rajasthan
,63MM B HDPE Spk Tee,,0,0,,0,0,Y,0,0,0,0,Andhra Pradesh
,63mm B MDPE Spk Bend,,0,0,,0,0,Y,0,0,0,0,Andhra Pradesh
,63mm Coil Nipple (S.S),,0,0,,0,0,Y,0,0,0,0,Andhra Pradesh
,63mm Coil Nipple(G.I.),,0,0,,0,0,Y,0,0,0,0,Andhra Pradesh
,63MM HDPE  Pipe End,,0,0,,0,0,Y,0,0,0,0,Andhra Pradesh
,63mm HDPE Moulded Bend,,0,0,,0,0,Y,0,0,0,0,Andhra Pradesh
,63MM HDPE Pipe for Main Line(3.2kg/cm2),,69,0,,0,0,Y,0,0,0,0,Andhra Pradesh
,63mm HDPE Spk Hydrent Bend,,0,0,,0,0,Y,0,0,0,0,Andhra Pradesh
,63MM HDPE Spk Hydrents,,0,0,,0,0,Y,0,0,0,0,Andhra Pradesh
,63mm HDPE Spk Irrig Pipe(1-ft)PT-II(Sample),,0,0,,0,0,Y,0,0,0,0,Andhra Pradesh
,50MM NR HDPE Spk PCN,,0,0,,0,0,Y,0,0,0,0,Rajasthan
,63mm HDPE Spk PCN-Cap,,0,0,,0,0,Y,0,0,0,0,Andhra Pradesh
,63MM HDPE Spk Tail Pice,,0,0,,0,0,Y,0,0,0,0,Andhra Pradesh
,63mm MDPE End Cap,,0,0,,0,0,Y,0,0,0,0,Andhra Pradesh
,63MM N  SPK Foot Batten,,250,0,,0,0,Y,0,0,0,0,Andhra Pradesh
,63MM N  SPK Latch,,0,0,,0,0,Y,0,0,0,0,Andhra Pradesh
,63MM N  SPK Rubber Ring,,0,0,,0,0,Y,0,0,0,0,Andhra Pradesh
,63mm N1B HDPE Irrig Pipe(6mtr) PT- II,,0,0,,0,0,Y,0,0,0,0,Andhra Pradesh
,63mm N3B HDPE Irrig Pipe(6Mtr) PT-II,,0,0,,0,0,Y,0,0,0,0,Andhra Pradesh
,63mm NB HDPE Irrig Pipe(3mtr) PT- II,,0,0,,0,0,Y,0,0,0,0,Andhra Pradesh
,63mm NB HDPE Irrig Pipe(6mtr) PT- II,,0,0,,0,0,Y,0,0,0,0,Andhra Pradesh
,50MM NR HDPE Spk Pipe 3Mtr,,0,0,,0,0,Y,0,0,0,0,Rajasthan
,63mm NE HDPE Spk Adopter,,0,0,,0,0,Y,0,0,0,0,Andhra Pradesh
,63mm NE HDPE Spk Bend,,0,0,,0,0,Y,0,0,0,0,Andhra Pradesh
,63mm NE HDPE Spk End Cap,,0,0,,0,0,Y,0,0,0,0,Andhra Pradesh
,63MM NE HDPE SPK MLC,,0,0,,0,0,Y,0,0,0,0,Andhra Pradesh
,63mm NE HDPE Spk PCN,,0,0,,0,0,Y,0,0,0,0,Andhra Pradesh
,63mm NE HDPE Spk Pipe 3mtr,,0,0,,0,0,Y,0,0,0,0,Andhra Pradesh
,63mm NE HDPE Spk Pipe 4mtr,,0,0,,0,0,Y,0,0,0,0,Andhra Pradesh
,63mm NE HDPE Spk Pipe 6mtr,,0,0,,0,0,Y,0,0,0,0,Andhra Pradesh
,63mm NE HDPE Spk Tee,,0,0,,0,0,Y,0,0,0,0,Andhra Pradesh
,63mm PCN CLAMP/CLIP,,0,0,,0,0,Y,0,0,0,0,Andhra Pradesh
,50MM NR HDPE Spk Pipe 6Mtr,,0,0,,0,0,Y,0,0,0,0,Rajasthan
,63MM PN10 PE-100 N,,182.79,0,,0,0,Y,0,0,0,0,Andhra Pradesh
,63MM PN10 PE100 N1,,0,0,,0,0,Y,0,0,0,0,Andhra Pradesh
,63MM PN12.5 PE100 N,,206.93,0,,0,0,Y,0,0,0,0,Andhra Pradesh
,63mm PN4 PE- 63 N,,118.28,0,,0,0,Y,0,0,0,0,Andhra Pradesh
,63mm PN6 PE- 80 N,,142.83,0,,0,0,Y,0,0,0,0,Andhra Pradesh
,63MM PN6 PE100 N,,118.2,0,,0,0,Y,0,0,0,0,Andhra Pradesh
,63mm PN8 PE- 80 N,,181.9,0,,0,0,Y,0,0,0,0,Andhra Pradesh
,63MM PN8 PE-100 N,,151.18,0,,0,0,Y,0,0,0,0,Andhra Pradesh
,63MM PN8 PE100 N1,,0,0,,0,0,Y,0,0,0,0,Andhra Pradesh
,63MM PVC Flange,,0,0,,0,0,Y,0,0,0,0,Andhra Pradesh
,50MM NR HDPE Spk Tee,,0,0,,0,0,Y,0,0,0,0,Rajasthan
,63MM PVC Tail Piece,,0,0,,0,0,Y,0,0,0,0,Andhra Pradesh
,63mm Spk Foot Batten(PP),,0,0,,0,0,Y,0,0,0,0,Andhra Pradesh
,63MM SPK PCN Nipple(Short),,0,0,,0,0,Y,0,0,0,0,Andhra Pradesh
,63x50mm MDPE Reducer,,0,0,,0,0,Y,0,0,0,0,Andhra Pradesh
,75MM AVL Spk Foot Batten,,0,0,,0,0,Y,0,0,0,0,Andhra Pradesh
,75MM B HDPE Fab Bend,,0,0,,0,0,Y,0,0,0,0,Andhra Pradesh
,75MM B HDPE Spk PCN,,0,0,,0,0,Y,0,0,0,0,Andhra Pradesh
,75MM BATTEN ONLY,,0,0,,0,0,Y,0,0,0,0,Andhra Pradesh
,75MM COIL NIPPLE (G.I),,0,0,,0,0,Y,0,0,0,0,Andhra Pradesh
,75MM COIL NIPPLE (SS-12),,0,0,,0,0,Y,0,0,0,0,Andhra Pradesh
,50MM Spk PCN Nipple,,0,0,,0,0,Y,0,0,0,0,Rajasthan
,75mm Epc Spk Rubber Ring,,0,0,,0,0,Y,0,0,0,0,Andhra Pradesh
,75MM GI NIPPEL,,0,0,,0,0,Y,0,0,0,0,Andhra Pradesh
,75MM HDPE Feb Tee(PF),,0,0,,0,0,Y,0,0,0,0,Andhra Pradesh
,75MM HDPE Pipe for Main Line(2.5kg/cm2),,79,0,,0,0,Y,0,0,0,0,Andhra Pradesh
,75MM HDPE Spk Connector,,0,0,,0,0,Y,0,0,0,0,Andhra Pradesh
,75mm HDPE Spk Hydrent Bend,,0,0,,0,0,Y,0,0,0,0,Andhra Pradesh
,75MM HDPE Spk Hydrents,,0,0,,0,0,Y,0,0,0,0,Andhra Pradesh
,75mm HDPE Spk Irrig Pipe(1-ft)PT-II(Sample),,0,0,,0,0,Y,0,0,0,0,Andhra Pradesh
,75MM HDPE Spk PCN-CAP,,0,0,,0,0,Y,0,0,0,0,Andhra Pradesh
,75MM HDPE Spk Tail Piece,,0,0,,0,0,Y,0,0,0,0,Andhra Pradesh
,63 MM NE HOOK ONLY,,0,0,,0,0,Y,0,0,0,0,Rajasthan
,75MM M.S FLANECH,,0,0,,0,0,Y,0,0,0,0,Andhra Pradesh
,75mm MDPE End Cap,,0,0,,0,0,Y,0,0,0,0,Andhra Pradesh
,75mm N Spk Foot Batten,,300,0,,0,0,Y,0,0,0,0,Andhra Pradesh
,75MM N SPK Rubber Ring,,0,0,,0,0,Y,0,0,0,0,Andhra Pradesh
,75mm N1 Spk Foot Batten,,0,0,,0,0,Y,0,0,0,0,Andhra Pradesh
,75MM N1 SPK Rubber Ring,,0,0,,0,0,Y,0,0,0,0,Andhra Pradesh
,75mm N1B HDPE Irrig Pipe(6mtr) PT- II,,0,0,,0,0,Y,0,0,0,0,Andhra Pradesh
,75MM N1B(3.2KG) HDPE Irrrig Pipe(6mtr)PT-II,,0,0,,0,0,Y,0,0,0,0,Andhra Pradesh
,75mm N1E Spk Latch,,0,0,,0,0,Y,0,0,0,0,Andhra Pradesh
,75mm N2R HDPE Spk MLC,,0,0,,0,0,Y,0,0,0,0,Andhra Pradesh
,63MM  SPK Pcn Nipple,,0,0,,0,0,Y,0,0,0,0,Rajasthan
,75mm N3B HDPE Irrig Pipe(6mtr) PT- II,,0,0,,0,0,Y,0,0,0,0,Andhra Pradesh
,75mm NB HDPE Irrig Pipe(6mtr) PT- II,,0,0,,0,0,Y,0,0,0,0,Andhra Pradesh
,75mm NB(3.2Kg) HDPE Irrig Pipe (6Mtr)PT-II,,0,0,,0,0,Y,0,0,0,0,Andhra Pradesh
,75mm NB(4Kg) HDPE Irrig Pipe (6Mtr)PT-II,,0,0,,0,0,Y,0,0,0,0,Andhra Pradesh
,75mm NE HDPE Spk Adopter,,0,0,,0,0,Y,0,0,0,0,Andhra Pradesh
,75mm NE HDPE Spk Bend,,0,0,,0,0,Y,0,0,0,0,Andhra Pradesh
,75mm NE HDPE Spk End Cap,,0,0,,0,0,Y,0,0,0,0,Andhra Pradesh
,75MM NE HDPE Spk MLC,,0,0,,0,0,Y,0,0,0,0,Andhra Pradesh
,75mm NE HDPE Spk PCN,,0,0,,0,0,Y,0,0,0,0,Andhra Pradesh
,75mm NE HDPE Spk Pipe 3mtr,,0,0,,0,0,Y,0,0,0,0,Andhra Pradesh
,63MM B HDPE Spk PCN,,0,0,,0,0,Y,0,0,0,0,Rajasthan
,75mm NE HDPE Spk Pipe 6mtr,,0,0,,0,0,Y,0,0,0,0,Andhra Pradesh
,75mm NE HDPE Spk Tee,,0,0,,0,0,Y,0,0,0,0,Andhra Pradesh
,75mm NE Spk Latch,,0,0,,0,0,Y,0,0,0,0,Andhra Pradesh
,75mm NE(3.2Kg) HDPE Spk Pipe 6Mtr,,0,0,,0,0,Y,0,0,0,0,Andhra Pradesh
,75mm NR HDPE Spk Adopter,,0,0,,0,0,Y,0,0,0,0,Andhra Pradesh
,75mm NR HDPE Spk Bend,,0,0,,0,0,Y,0,0,0,0,Andhra Pradesh
,75mm NR HDPE Spk MLC,,0,0,,0,0,Y,0,0,0,0,Andhra Pradesh
,75mm NR HDPE Spk PCN,,0,0,,0,0,Y,0,0,0,0,Andhra Pradesh
,75mm NR HDPE Spk Pipe 3mtr,,0,0,,0,0,Y,0,0,0,0,Andhra Pradesh
,75mm NR HDPE Spk Pipe 6mtr,,0,0,,0,0,Y,0,0,0,0,Andhra Pradesh
,63MM B HDPE Spk Tee,,0,0,,0,0,Y,0,0,0,0,Rajasthan
,75mm NR HDPE Spk Tee,,0,0,,0,0,Y,0,0,0,0,Andhra Pradesh
,75mm NR Spk Latch,,0,0,,0,0,Y,0,0,0,0,Andhra Pradesh
,75mm NR Spk Latch (Spl),,0,0,,0,0,Y,0,0,0,0,Andhra Pradesh
,75MM PCN CLAMP/CLIP,,0,0,,0,0,Y,0,0,0,0,Andhra Pradesh
,75MM PN10 PE100 N,,258.38,0,,0,0,Y,0,0,0,0,Andhra Pradesh
,75MM PN12.5 PE100 N,,292.86,0,,0,0,Y,0,0,0,0,Andhra Pradesh
,75MM PN12.5 PE100 N1,,0,0,,0,0,Y,0,0,0,0,Andhra Pradesh
,75mm PN4 PE- 63 N,,169.96,0,,0,0,Y,0,0,0,0,Andhra Pradesh
,75mm PN6 PE- 63 N,,240.68,0,,0,0,Y,0,0,0,0,Andhra Pradesh
,75mm PN6 PE- 80 N,,203.46,0,,0,0,Y,0,0,0,0,Andhra Pradesh
,ELBOW 50MM PVC,,26.61,0,,0,0,Y,0,0,0,0,Rajasthan
,63mm B MDPE Spk Bend,,0,0,,0,0,Y,0,0,0,0,Rajasthan
,75MM PN6 PE100 N,,169.05,0,,0,0,Y,0,0,0,0,Andhra Pradesh
,75mm PN8 PE- 80 N,,257.36,0,,0,0,Y,0,0,0,0,Andhra Pradesh
,75MM PN8 PE100 N,,211.65,0,,0,0,Y,0,0,0,0,Andhra Pradesh
,75MM Spk Foot Batten(PP),,0,0,,0,0,Y,0,0,0,0,Andhra Pradesh
,75MM SPK PCN NIPPLE,,0,0,,0,0,Y,0,0,0,0,Andhra Pradesh
,75MM SPK PCN NIPPLE-SHORT(M.S. COUPLER),,0,0,,0,0,Y,0,0,0,0,Andhra Pradesh
,75MM Spk Plain Rubber Ring,,0,0,,0,0,Y,0,0,0,0,Andhra Pradesh
,75x40mm HDPE Bush PCN,,0,0,,0,0,Y,0,0,0,0,Andhra Pradesh
,75x63MM HDPE MOULDED REDUCER,,0,0,,0,0,Y,0,0,0,0,Andhra Pradesh
,75x63mm HDPE Spk Reducer(E/R),,0,0,,0,0,Y,0,0,0,0,Andhra Pradesh
,63mm Coil Nipple (S.S),,0,0,,0,0,Y,0,0,0,0,Rajasthan
,75x63mm MDPE Reducer,,0,0,,0,0,Y,0,0,0,0,Andhra Pradesh
,90MM  HDPE Spk End Cap,,0,0,,0,0,Y,0,0,0,0,Andhra Pradesh
,90mm B HDPE Spk PCN,,0,0,,0,0,Y,0,0,0,0,Andhra Pradesh
,90mm B HDPE Spk Tee,,0,0,,0,0,Y,0,0,0,0,Andhra Pradesh
,90MM COIL NIPPLE(G.I.),,0,0,,0,0,Y,0,0,0,0,Andhra Pradesh
,90MM COIL NIPPLE(SS-12),,0,0,,0,0,Y,0,0,0,0,Andhra Pradesh
,90MM HDPE Irrig Pipe for Hydrant(MTR),,0,0,,0,0,Y,0,0,0,0,Andhra Pradesh
,90MM HDPE MOULDED BEND,,0,0,,0,0,Y,0,0,0,0,Andhra Pradesh
,90MM HDPE MOULDED PIPE END,,0,0,,0,0,Y,0,0,0,0,Andhra Pradesh
,90MM HDPE MOULDED TEE,,0,0,,0,0,Y,0,0,0,0,Andhra Pradesh
,63mm Coil Nipple(G.I.),,0,0,,0,0,Y,0,0,0,0,Rajasthan
,90MM HDPE Pipe End PN6 PE80(Moulded),,0,0,,0,0,Y,0,0,0,0,Andhra Pradesh
,90MM HDPE Pipe End(Moulded),,0,0,,0,0,Y,0,0,0,0,Andhra Pradesh
,90mm HDPE Spk Connector,,0,0,,0,0,Y,0,0,0,0,Andhra Pradesh
,90mm HDPE Spk Hydrent Bend,,0,0,,0,0,Y,0,0,0,0,Andhra Pradesh
,90MM HDPE Spk Hydrents,,0,0,,0,0,Y,0,0,0,0,Andhra Pradesh
,90MM HDPE Spk Irrig Pipe(1-ft)PT-II(Sample),,0,0,,0,0,Y,0,0,0,0,Andhra Pradesh
,90mm HDPE Spk PCN Cap,,0,0,,0,0,Y,0,0,0,0,Andhra Pradesh
,90mm HDPE Spk T.P.,,0,0,,0,0,Y,0,0,0,0,Andhra Pradesh
,90mm N Spk Foot Batten,,430,0,,0,0,Y,0,0,0,0,Andhra Pradesh
,90MM N SPK Rubber Ring,,0,0,,0,0,Y,0,0,0,0,Andhra Pradesh
,63MM HDPE  Pipe End,,0,0,,0,0,Y,0,0,0,0,Rajasthan
,90mm N2R HDPE Spk MLC,,0,0,,0,0,Y,0,0,0,0,Andhra Pradesh
,90mm NB HDPE Irrig Pipe(6mtr) PT- II,,0,0,,0,0,Y,0,0,0,0,Andhra Pradesh
,90mm NB(3.2KG) HDPE Irrig Pipe (6Mtr) PT-II,,0,0,,0,0,Y,0,0,0,0,Andhra Pradesh
,90mm NB(4kg)HDPE Irrig Pipe(6mtr) PT- I,,0,0,,0,0,Y,0,0,0,0,Andhra Pradesh
,90mm NE HDPE Spk Adopter,,0,0,,0,0,Y,0,0,0,0,Andhra Pradesh
,90mm NE HDPE Spk Bend,,0,0,,0,0,Y,0,0,0,0,Andhra Pradesh
,90mm NE HDPE Spk MLC,,0,0,,0,0,Y,0,0,0,0,Andhra Pradesh
,90mm NE HDPE Spk Pipe 3mtr,,0,0,,0,0,Y,0,0,0,0,Andhra Pradesh
,90mm NE HDPE Spk Pipe 6mtr,,0,0,,0,0,Y,0,0,0,0,Andhra Pradesh
,90mm NE HDPE Spk Tee,,0,0,,0,0,Y,0,0,0,0,Andhra Pradesh
,63mm HDPE Moulded Bend,,0,0,,0,0,Y,0,0,0,0,Rajasthan
,90mm NE Spk Latch,,0,0,,0,0,Y,0,0,0,0,Andhra Pradesh
,90mm NR HDPE Spk Adopter,,0,0,,0,0,Y,0,0,0,0,Andhra Pradesh
,90mm NR HDPE Spk Bend,,0,0,,0,0,Y,0,0,0,0,Andhra Pradesh
,90mm NR HDPE Spk MLC,,0,0,,0,0,Y,0,0,0,0,Andhra Pradesh
,90mm NR HDPE Spk Tee,,0,0,,0,0,Y,0,0,0,0,Andhra Pradesh
,90mm NR Spk Latch,,0,0,,0,0,Y,0,0,0,0,Andhra Pradesh
,90mm NR(3.2kg)HDPE Spk Pipe 6Mtr,,0,0,,0,0,Y,0,0,0,0,Andhra Pradesh
,90mm NR(4kg)HDPE Spk Pipe 6Mtr,,165,0,,0,0,Y,0,0,0,0,Andhra Pradesh
,90MM PN10 PE-100 N(ISO:4427),,369.71,0,,0,0,Y,0,0,0,0,Andhra Pradesh
,90mm PN6 PE- 80 N,,288.35,0,,0,0,Y,0,0,0,0,Andhra Pradesh
,63MM HDPE Pipe for Main Line(3.2kg/cm2),,69,0,,0,0,Y,0,0,0,0,Rajasthan
,90mm PN6 PE- 80 N(FF),,0,0,,0,0,Y,0,0,0,0,Andhra Pradesh
,90MM PN6 PE100 HDPE TEE(FF)90*,,0,0,,0,0,Y,0,0,0,0,Andhra Pradesh
,90MM PN6 PE-100 N,,237.77,0,,0,0,Y,0,0,0,0,Andhra Pradesh
,90MM PN6 PE80 HDPE BEND(FF),,0,0,,0,0,Y,0,0,0,0,Andhra Pradesh
,90MM PN6 PE80 HDPE TEE(FF),,0,0,,0,0,Y,0,0,0,0,Andhra Pradesh
,90MM Spk Hook Only,,0,0,,0,0,Y,0,0,0,0,Andhra Pradesh
,90MM SPK PCN NIPPLE,,0,0,,0,0,Y,0,0,0,0,Andhra Pradesh
,90x75mm HDPE Reducer(PF),,0,0,,0,0,Y,0,0,0,0,Andhra Pradesh
,90x75mm HDPE Spk Reducer(B),,0,0,,0,0,Y,0,0,0,0,Andhra Pradesh
,90x75MM HDPE Spk Reducer(E/R),,0,0,,0,0,Y,0,0,0,0,Andhra Pradesh
,63mm HDPE Spk Hydrent Bend,,0,0,,0,0,Y,0,0,0,0,Rajasthan
,Air Release Valve 1,,157,0,,0,0,Y,0,0,0,0,Andhra Pradesh
,Air Release Valve 1.5 (HT-89),,493,0,,0,0,Y,0,0,0,0,Andhra Pradesh
,Air Release Valve 3/4,,157,0,,0,0,Y,0,0,0,0,Andhra Pradesh
,Back Flush Assembly for Sand Filter 2,,0,0,,0,0,Y,0,0,0,0,Andhra Pradesh
,Back Flush Assembly for Sand Filter 2.5,,0,0,,0,0,Y,0,0,0,0,Andhra Pradesh
,Back Flush Assembly for Sand Filter 3,,0,0,,0,0,Y,0,0,0,0,Andhra Pradesh
,Ball Valve 1/2(Brass),,0,0,,0,0,Y,0,0,0,0,Andhra Pradesh
,Butterfly Valve 2,,1609,0,,0,0,Y,0,0,0,0,Andhra Pradesh
,Butterfly Valve 2.5,,1709,0,,0,0,Y,0,0,0,0,Andhra Pradesh
,Butterfly Valve 3,,2293,0,,0,0,Y,0,0,0,0,Andhra Pradesh
,63MM HDPE Spk Hydrents,,0,0,,0,0,Y,0,0,0,0,Rajasthan
,Butterfly Valve 4,,0,0,,0,0,Y,0,0,0,0,Andhra Pradesh
,Butterfly Valve 5,,0,0,,0,0,Y,0,0,0,0,Andhra Pradesh
,Butterfly Valve 6,,0,0,,0,0,Y,0,0,0,0,Andhra Pradesh
,By Pass Assembly 2.5''(PP),,0,0,,0,0,Y,0,0,0,0,Andhra Pradesh
,By Pass Assembly 2.5x2(M.S.),,1250,0,,0,0,Y,0,0,0,0,Andhra Pradesh
,By Pass Assembly 2X1.5(M.S.),,1120,0,,0,0,Y,0,0,0,0,Andhra Pradesh
,By Pass Assembly 2x1.5''(PP),,0,0,,0,0,Y,0,0,0,0,Andhra Pradesh
,By Pass Assembly 3''(PP),,0,0,,0,0,Y,0,0,0,0,Andhra Pradesh
,By Pass Assembly 3''x2(M.S.),,1420,0,,0,0,Y,0,0,0,0,Andhra Pradesh
,By Pass Threaded Tee with Flange End 2.5(PP),,0,0,,0,0,Y,0,0,0,0,Andhra Pradesh
,63mm HDPE Spk Irrig Pipe(1-ft)PT-II(Sample),,0,0,,0,0,Y,0,0,0,0,Rajasthan
,By Pass Threaded Tee with Flange End 3 (PP),,0,0,,0,0,Y,0,0,0,0,Andhra Pradesh
,By Pass Threaded Tee Without  Flange End 2 (PP),,0,0,,0,0,Y,0,0,0,0,Andhra Pradesh
,Clamp  for Hydrocyclone Filter,,0,0,,0,0,Y,0,0,0,0,Andhra Pradesh
,Clamp SS(4),,0,0,,0,0,Y,0,0,0,0,Andhra Pradesh
,Copper Rivit(For Coil Nipple),,0,0,,0,0,Y,0,0,0,0,Andhra Pradesh
,Copper Wire,,0,0,,0,0,Y,0,0,0,0,Andhra Pradesh
,Core-Cap,,0,0,,0,0,Y,0,0,0,0,Andhra Pradesh
,Coupler/joiner 110MM,,0,0,,0,0,Y,0,0,0,0,Andhra Pradesh
,Coupler/joiner 25MM,,32.3,0,,0,0,Y,0,0,0,0,Andhra Pradesh
,Coupler/Joiner 32mm,,34.53,0,,0,0,Y,0,0,0,0,Andhra Pradesh
,63mm HDPE Spk PCN-Cap,,0,0,,0,0,Y,0,0,0,0,Rajasthan
,Coupler/joiner 50mm,,0,0,,0,0,Y,0,0,0,0,Andhra Pradesh
,Coupler/Joiner 63mm,,0,0,,0,0,Y,0,0,0,0,Andhra Pradesh
,Coupler/joiner 75mm,,0,0,,0,0,Y,0,0,0,0,Andhra Pradesh
,Coupler/joiner 90mm,,0,0,,0,0,Y,0,0,0,0,Andhra Pradesh
,D-Coiler,,0,0,,0,0,Y,0,0,0,0,Andhra Pradesh
,Dhaga Sutta(MI),,0,0,,0,0,Y,0,0,0,0,Andhra Pradesh
,Disc Filter 20m3/hrx2(PP),,4549,0,,0,0,Y,0,0,0,0,Andhra Pradesh
,Disc Filter 25m3/hrx2(HT-134TS),,3630.6,0,,0,0,Y,0,0,0,0,Andhra Pradesh
,Disc Filter 30m3/hr x 2.5(HT-135T),,3630.6,0,,0,0,Y,0,0,0,0,Andhra Pradesh
,Disc Filter 40m3/hrx2.5(PP),,3816,0,,0,0,Y,0,0,0,0,Andhra Pradesh
,Elbow 50mm(PP-CF),,0,0,,0,0,Y,0,0,0,0,Rajasthan
,63MM HDPE Spk Tail Pice,,0,0,,0,0,Y,0,0,0,0,Rajasthan
,Disc Filter 40m3/hrx3(PP),,6051,0,,0,0,Y,0,0,0,0,Andhra Pradesh
,Disc Filter 50m3/hr X3(Metal),,0,0,,0,0,Y,0,0,0,0,Andhra Pradesh
,Disc Filter 50m3/hrx3(HT-136T)-Plastic,,3816,0,,0,0,Y,0,0,0,0,Andhra Pradesh
,DN110 PE100 PN 8 HDPE PIPE,,0,0,,0,0,Y,0,0,0,0,Andhra Pradesh
,DN110 PE100 PN10 HDPE PIPE,,0,0,,0,0,Y,0,0,0,0,Andhra Pradesh
,DN110 PE100 PN6 HDPE PIPE(FF),,0,0,,0,0,Y,0,0,0,0,Andhra Pradesh
,DN110 PE-100 PN6 N HDPE PIPE,,0,0,,0,0,Y,0,0,0,0,Andhra Pradesh
,DN110 PE80 PN6 HDPE PIPE(FF),,0,0,,0,0,Y,0,0,0,0,Andhra Pradesh
,DN110 PE80 PN6 N HDPE PIPE,,0,0,,0,0,Y,0,0,0,0,Andhra Pradesh
,DN125 PE100 PN6 HDPE PIPE(FF),,0,0,,0,0,Y,0,0,0,0,Andhra Pradesh
,63mm MDPE End Cap,,0,0,,0,0,Y,0,0,0,0,Rajasthan
,DN125 PE100 PN6 N HDPE PIPE,,0,0,,0,0,Y,0,0,0,0,Andhra Pradesh
,DN125 PE100-11.4A (IS:14885),,0,0,,0,0,Y,0,0,0,0,Andhra Pradesh
,DN125 PE100-7.1A (IS:14885),,0,0,,0,0,Y,0,0,0,0,Andhra Pradesh
,DN125 PE80 PN6 HDPE PIPE,,0,0,,0,0,Y,0,0,0,0,Andhra Pradesh
,DN125 PE80 PN6 HDPE PIPE(FF),,0,0,,0,0,Y,0,0,0,0,Andhra Pradesh
,DN125 PE80-11.4A (IS:14885),,0,0,,0,0,Y,0,0,0,0,Andhra Pradesh
,DN125 PE80-7.1A (IS:14885),,0,0,,0,0,Y,0,0,0,0,Andhra Pradesh
,DN140 PE100 PN4 N HDPE PIPE,,0,0,,0,0,Y,0,0,0,0,Andhra Pradesh
,DN140 PE100 PN6  HDPE PIPE(FF),,0,0,,0,0,Y,0,0,0,0,Andhra Pradesh
,DN140 PE100 PN6 N HDPE PIPE,,0,0,,0,0,Y,0,0,0,0,Andhra Pradesh
,63MM N  SPK Foot Batten,,250,0,,0,0,Y,0,0,0,0,Rajasthan
,DN140 PE100 PN8 HDPE PIPE,,0,0,,0,0,Y,0,0,0,0,Andhra Pradesh
,DN140 PE80 PN6 N HDPE PIPE,,0,0,,0,0,Y,0,0,0,0,Andhra Pradesh
,DN160 PE100 PN10 N HDPE PIPE,,0,0,,0,0,Y,0,0,0,0,Andhra Pradesh
,DN160 PE100 PN12.5 N HDPE PIPE(ISO:4427),,0,0,,0,0,Y,0,0,0,0,Andhra Pradesh
,DN160 PE100 PN16 N HDPE PIPE(ISO:4427),,0,0,,0,0,Y,0,0,0,0,Andhra Pradesh
,DN160 PE100 PN6  HDPE PIPE(FF),,0,0,,0,0,Y,0,0,0,0,Andhra Pradesh
,DN160 PE100 PN6 N HDPE PIPE,,0,0,,0,0,Y,0,0,0,0,Andhra Pradesh
,DN160 PE100 PN8 N HDPE PIPE,,0,0,,0,0,Y,0,0,0,0,Andhra Pradesh
,DN160 PE100 PN8 N HDPE PIPE(FF),,0,0,,0,0,Y,0,0,0,0,Andhra Pradesh
,DN160 PE80 PN6 N HDPE PIPE,,0,0,,0,0,Y,0,0,0,0,Andhra Pradesh
,63MM N  SPK Latch,,0,0,,0,0,Y,0,0,0,0,Rajasthan
,DN160 PE80 PN6 N HDPE PIPE(FF),,0,0,,0,0,Y,0,0,0,0,Andhra Pradesh
,DN180 PE100 PN6 HDPE PIPE(FF),,0,0,,0,0,Y,0,0,0,0,Andhra Pradesh
,DN180 PE100 PN6 N HDPE PIPE,,0,0,,0,0,Y,0,0,0,0,Andhra Pradesh
,DN180 PE100 PN8 HDPE PIPE,,0,0,,0,0,Y,0,0,0,0,Andhra Pradesh
,DN180 PE80 PN6 HDPE PIPE,,0,0,,0,0,Y,0,0,0,0,Andhra Pradesh
,DN180 PE80 PN6 HDPE PIPE(FF),,0,0,,0,0,Y,0,0,0,0,Andhra Pradesh
,DN200 PE100 PN10 N HDPE PIPE,,0,0,,0,0,Y,0,0,0,0,Andhra Pradesh
,DN200 PE100 PN6 HDPE PIPE(FF),,0,0,,0,0,Y,0,0,0,0,Andhra Pradesh
,DN200 PE100 PN6 N HDPE PIPE,,0,0,,0,0,Y,0,0,0,0,Andhra Pradesh
,DN200 PE100 PN8 HDPE PIPE,,0,0,,0,0,Y,0,0,0,0,Andhra Pradesh
,63MM N  SPK Rubber Ring,,0,0,,0,0,Y,0,0,0,0,Rajasthan
,DN200 PE80 PN6 HDPE PIPE(FF),,0,0,,0,0,Y,0,0,0,0,Andhra Pradesh
,DN200 PE80 PN6 N HDPE PIPE,,0,0,,0,0,Y,0,0,0,0,Andhra Pradesh
,DN225 PE100 PN6 HDPE PIPE(FF),,0,0,,0,0,Y,0,0,0,0,Andhra Pradesh
,DN225 PE100 PN6 N HDPE PIPE,,0,0,,0,0,Y,0,0,0,0,Andhra Pradesh
,DN225 PE80 PN6 HDPE PIPE,,0,0,,0,0,Y,0,0,0,0,Andhra Pradesh
,DN225 PE80 PN6 HDPE PIPE(FF),,0,0,,0,0,Y,0,0,0,0,Andhra Pradesh
,DN250 PE100 PN10 HDPE PIPE,,0,0,,0,0,Y,0,0,0,0,Andhra Pradesh
,DN250 PE100 PN6 HDPE PIPE(FF),,0,0,,0,0,Y,0,0,0,0,Andhra Pradesh
,DN250 PE100 PN6 N HDPE PIPE,,0,0,,0,0,Y,0,0,0,0,Andhra Pradesh
,DN280 PE100 PN6 HDPE PIPE(FF),,0,0,,0,0,Y,0,0,0,0,Andhra Pradesh
,63mm N1B HDPE Irrig Pipe(6mtr) PT- II,,0,0,,0,0,Y,0,0,0,0,Rajasthan
,DN280 PE100 PN6 N HDPE PIPE,,0,0,,0,0,Y,0,0,0,0,Andhra Pradesh
,DN315 PE100 PN16 HDPE PIPE,,0,0,,0,0,Y,0,0,0,0,Andhra Pradesh
,DN315 PE100 PN6 HDPE PIPE(FF),,0,0,,0,0,Y,0,0,0,0,Andhra Pradesh
,DN315 PE100 PN6 N HDPE PIPE,,0,0,,0,0,Y,0,0,0,0,Andhra Pradesh
,DN315 PE100 PN8 N HDPE PIPE,,0,0,,0,0,Y,0,0,0,0,Andhra Pradesh
,DN355 PE100 PN6 HDPE PIPE(FF),,0,0,,0,0,Y,0,0,0,0,Andhra Pradesh
,DN355 PE100 PN6 N HDPE PIPE,,0,0,,0,0,Y,0,0,0,0,Andhra Pradesh
,DN400 PE100 PN10 HDPE PIPE,,0,0,,0,0,Y,0,0,0,0,Andhra Pradesh
,DN450 PE80 PN4 N HDPE PIPE,,0,0,,0,0,Y,0,0,0,0,Andhra Pradesh
,DN500 PE100 PN8 N HDPE PIPE,,0,0,,0,0,Y,0,0,0,0,Andhra Pradesh
,63mm N3B HDPE Irrig Pipe(6Mtr) PT-II,,0,0,,0,0,Y,0,0,0,0,Rajasthan
,DN75 PE100 PN6 HDPE PIPE,,0,0,,0,0,Y,0,0,0,0,Andhra Pradesh
,DN90 PE100 PN10 N HDPE PIPE,,0,0,,0,0,Y,0,0,0,0,Andhra Pradesh
,DN90 PE100 PN6 N HDPE PIPE,,0,0,,0,0,Y,0,0,0,0,Andhra Pradesh
,DN90 PE100 PN6 N HDPE PIPE(FF),,0,0,,0,0,Y,0,0,0,0,Andhra Pradesh
,DN90 PE80 PN6 N HDPE PIPE,,0,0,,0,0,Y,0,0,0,0,Andhra Pradesh
,Drill/inject Lateral Punch 3mm(PVC),,200,0,,0,0,Y,0,0,0,0,Andhra Pradesh
,Drill/inject Lateral Punch 4mm(PVC),,0,0,,0,0,Y,0,0,0,0,Andhra Pradesh
,Drill/Inject Punch 10mm,,0,0,,0,0,Y,0,0,0,0,Andhra Pradesh
,Drill/inject Punch 12mm(Metal),,0,0,,0,0,Y,0,0,0,0,Andhra Pradesh
,Drill/inject Punch 16mm(Metal),,180,0,,0,0,Y,0,0,0,0,Andhra Pradesh
,63mm NB HDPE Irrig Pipe(3mtr) PT- II,,0,0,,0,0,Y,0,0,0,0,Rajasthan
,Drill/inject Punch 18mm(Metal),,0,0,,0,0,Y,0,0,0,0,Andhra Pradesh
,Drill/inject Punch 25mm(Metal),,0,0,,0,0,Y,0,0,0,0,Andhra Pradesh
,Drill/Inject Punch 3mm(Metal),,2.32,0,,0,0,Y,0,0,0,0,Andhra Pradesh
,Drill/Inject Punch 4mm(Metal),,0,0,,0,0,Y,0,0,0,0,Andhra Pradesh
,Drill/Inject Punch 8mm(Metal),,1145,0,,0,0,Y,0,0,0,0,Andhra Pradesh
,Drip Sample Kit,,0,0,,0,0,Y,0,0,0,0,Andhra Pradesh
,Dripper Plug 2.5mm,,0,0,,0,0,Y,0,0,0,0,Andhra Pradesh
,Elbow 110mm PVC,,158.9,0,,0,0,Y,0,0,0,0,Andhra Pradesh
,Elbow 110mm(PP),,0,0,,0,0,Y,0,0,0,0,Andhra Pradesh
,Elbow 12mm(PP),,2.47,0,,0,0,Y,0,0,0,0,Andhra Pradesh
,63mm NB HDPE Irrig Pipe(6mtr) PT- II,,0,0,,0,0,Y,0,0,0,0,Rajasthan
,Elbow 140mm(PVC),,0,0,,0,0,Y,0,0,0,0,Andhra Pradesh
,Elbow 160mm PVC,,0,0,,0,0,Y,0,0,0,0,Andhra Pradesh
,Elbow 16mm(PP),,2.69,0,,0,0,Y,0,0,0,0,Andhra Pradesh
,Elbow 20mm(Double Compression),,4.43,0,,0,0,Y,0,0,0,0,Andhra Pradesh
,Elbow 25mm x 1 Threaded,,30.07,0,,0,0,Y,0,0,0,0,Andhra Pradesh
,Elbow 32MM PVC,,0,0,,0,0,Y,0,0,0,0,Andhra Pradesh
,Elbow 32mmx1 Threaded,,36.76,0,,0,0,Y,0,0,0,0,Andhra Pradesh
,Elbow 40mm  PVC,,0,0,,0,0,Y,0,0,0,0,Andhra Pradesh
,ELBOW 50MM PVC,,26.61,0,,0,0,Y,0,0,0,0,Andhra Pradesh
,Elbow 50mm(PP-CF),,0,0,,0,0,Y,0,0,0,0,Andhra Pradesh
,63mm NE HDPE Spk Adopter,,0,0,,0,0,Y,0,0,0,0,Rajasthan
,Elbow 63mm  PVC,,50.81,0,,0,0,Y,0,0,0,0,Andhra Pradesh
,Elbow 63mm(PP-CF),,0,0,,0,0,Y,0,0,0,0,Andhra Pradesh
,Elbow 75mm PVC,,60.89,0,,0,0,Y,0,0,0,0,Andhra Pradesh
,Elbow 75mm(PP-CF),,0,0,,0,0,Y,0,0,0,0,Andhra Pradesh
,Elbow 90mm PVC,,89.11,0,,0,0,Y,0,0,0,0,Andhra Pradesh
,Elbow 90mm(PP-CF),,0,0,,0,0,Y,0,0,0,0,Andhra Pradesh
,Elbow GI 20MM,,0,0,,0,0,Y,0,0,0,0,Andhra Pradesh
,Elbow(CF-PP)20MM,,0,0,,0,0,Y,0,0,0,0,Andhra Pradesh
,Emmitting Pipe (16mm 4LPH 30cm)R Hybrid-Eco,,12.25,0,,0,0,Y,0,0,0,0,Andhra Pradesh
,Emmitting Pipe (16mm 4LPh 40cm) R Hybrid-Eco,,11.4,0,,0,0,Y,0,0,0,0,Andhra Pradesh
,Elbow 63mm  PVC,,50.81,0,,0,0,Y,0,0,0,0,Rajasthan
,63mm NE HDPE Spk Bend,,0,0,,0,0,Y,0,0,0,0,Rajasthan
,Emmitting Pipe CL-II (16mm 2Lph 40Cm)Round,,11.4,0,,0,0,Y,0,0,0,0,Andhra Pradesh
,Emmitting Pipe CL-II (16mm 2Lph 60cm ) Flat,,11.29,0,,0,0,Y,0,0,0,0,Andhra Pradesh
,Emmitting Pipe CL-II (16mm 2Lph 60cm )Round,,10.65,0,,0,0,Y,0,0,0,0,Andhra Pradesh
,Emmitting Pipe CL-II(12mm 2LPH 40cm)Flat,,8.19,0,,0,0,Y,0,0,0,0,Andhra Pradesh
,Emmitting Pipe CL-II(12mm 2LPH 40cm)Round,,8.19,0,,0,0,Y,0,0,0,0,Andhra Pradesh
,Emmitting Pipe CL-II(12mm 4LPH 40cm) Flat,,8.19,0,,0,0,Y,0,0,0,0,Andhra Pradesh
,Emmitting Pipe CL-II(12MM 4LPH 40CM)Round,,8.19,0,,0,0,Y,0,0,0,0,Andhra Pradesh
,Emmitting Pipe CL-II(12mm 4LPH 60cm)Round,,7.54,0,,0,0,Y,0,0,0,0,Andhra Pradesh
,Emmitting Pipe CL-II(16mm 2LPH 30cm)Flat,,12.99,0,,0,0,Y,0,0,0,0,Andhra Pradesh
,Emmitting Pipe CL-II(16mm 2LPH 30cm)Round,,12.25,0,,0,0,Y,0,0,0,0,Andhra Pradesh
,63mm NE HDPE Spk End Cap,,0,0,,0,0,Y,0,0,0,0,Rajasthan
,Emmitting Pipe CL-II(16mm 2LPH 40cm)Flat,,12.08,0,,0,0,Y,0,0,0,0,Andhra Pradesh
,Emmitting Pipe CL-II(16mm 2LPH 40cm)Flat K-Drip,,11.4,0,,0,0,Y,0,0,0,0,Andhra Pradesh
,Emmitting Pipe CL-II(16mm 2LPH 50cm)Flat,,11.63,0,,0,0,Y,0,0,0,0,Andhra Pradesh
,Emmitting Pipe CL-II(16mm 2LPH 50cm)Round,,10.97,0,,0,0,Y,0,0,0,0,Andhra Pradesh
,Emmitting Pipe CL-II(16mm 4LPH 30cm)Flat,,12.99,0,,0,0,Y,0,0,0,0,Andhra Pradesh
,Emmitting Pipe CL-II(16mm 4LPH 30cm)Round,,12.25,0,,0,0,Y,0,0,0,0,Andhra Pradesh
,Emmitting Pipe CL-II(16mm 4LPH 40cm)Flat,,12.08,0,,0,0,Y,0,0,0,0,Andhra Pradesh
,Emmitting Pipe CL-II(16mm 4LPH 40cm)Round,,11.4,0,,0,0,Y,0,0,0,0,Andhra Pradesh
,Emmitting Pipe CL-II(16mm 4LPH 40cm)Round E-5,,11.4,0,,0,0,Y,0,0,0,0,Andhra Pradesh
,Emmitting Pipe CL-II(16mm 4LPH 50cm)Flat,,11.63,0,,0,0,Y,0,0,0,0,Andhra Pradesh
,63MM NE HDPE SPK MLC,,0,0,,0,0,Y,0,0,0,0,Rajasthan
,Emmitting Pipe CL-II(16mm 4LPH 50cm)Round,,10.97,0,,0,0,Y,0,0,0,0,Andhra Pradesh
,Emmitting Pipe CL-II(16mm 4LPH 50cm)Round E-5,,10.97,0,,0,0,Y,0,0,0,0,Andhra Pradesh
,Emmitting Pipe CL-II(16mm 4LPH 60cm)Flat,,11.29,0,,0,0,Y,0,0,0,0,Andhra Pradesh
,Emmitting Pipe CL-II(16mm 4LPH 60cm)Round,,10.65,0,,0,0,Y,0,0,0,0,Andhra Pradesh
,Emmitting Pipe CL-II(16mm 4LPH 60cm)Round E-5,,10.65,0,,0,0,Y,0,0,0,0,Andhra Pradesh
,Emmitting Pipe CL-III(16mm 4LPH 50cm)Round E-5,,10.97,0,,0,0,Y,0,0,0,0,Andhra Pradesh
,Emmitting Pipe(16mm 4LPH 40cm)R Hybrid,,11.4,0,,0,0,Y,0,0,0,0,Andhra Pradesh
,End Cap 110mm(CF),,0,0,,0,0,Y,0,0,0,0,Andhra Pradesh
,End Cap 140mm PVC,,0,0,,0,0,Y,0,0,0,0,Andhra Pradesh
,End Cap 160mm PVC,,0,0,,0,0,Y,0,0,0,0,Andhra Pradesh
,63mm NE HDPE Spk PCN,,0,0,,0,0,Y,0,0,0,0,Rajasthan
,End Cap 32mm PVC,,0,0,,0,0,Y,0,0,0,0,Andhra Pradesh
,End Cap 40mm PVC,,0,0,,0,0,Y,0,0,0,0,Andhra Pradesh
,End Cap 40mm(CF),,0,0,,0,0,Y,0,0,0,0,Andhra Pradesh
,End Cap 50MM(PP),,0,0,,0,0,Y,0,0,0,0,Andhra Pradesh
,End Cap 50mm(PVC),,17.17,0,,0,0,Y,0,0,0,0,Andhra Pradesh
,End Cap 63MM(PP),,0,0,,0,0,Y,0,0,0,0,Andhra Pradesh
,End Cap 63mm(PVC),,21.05,0,,0,0,Y,0,0,0,0,Andhra Pradesh
,End Cap 75mm(CF),,0,0,,0,0,Y,0,0,0,0,Andhra Pradesh
,END CAP 75MM(PVC),,29.57,0,,0,0,Y,0,0,0,0,Andhra Pradesh
,End Cap 90mm(PP-CF),,0,0,,0,0,Y,0,0,0,0,Andhra Pradesh
,63mm NE HDPE Spk Pipe 3mtr,,0,0,,0,0,Y,0,0,0,0,Rajasthan
,End Cap 90mm(PVC),,37.47,0,,0,0,Y,0,0,0,0,Andhra Pradesh
,End Cap with Ring 2.5 for Screen/Disc Filter,,0,0,,0,0,Y,0,0,0,0,Andhra Pradesh
,End Cap with Ring 3 for Screen/Disc Filter,,0,0,,0,0,Y,0,0,0,0,Andhra Pradesh
,End Cap/End Plug(Line End) 12mm,,2.13,0,,0,0,Y,0,0,0,0,Andhra Pradesh
,End Cap/End Plug(Line End) 16mm,,2.45,0,,0,0,Y,0,0,0,0,Andhra Pradesh
,End Cap/End Plug(Line End) 25mm,,25.61,0,,0,0,Y,0,0,0,0,Andhra Pradesh
,End Cap/End Plug(Line End) 32mm,,27.84,0,,0,0,Y,0,0,0,0,Andhra Pradesh
,End Cap/End Plug(Line End)20mm,,2.5,0,,0,0,Y,0,0,0,0,Andhra Pradesh
,End Plate  2-2.5-:3 for Hydrocyc Filter,,0,0,,0,0,Y,0,0,0,0,Andhra Pradesh
,Extension/Connecting Tube 1.2M Long 12mm,,48,0,,0,0,Y,0,0,0,0,Andhra Pradesh
,63mm NE HDPE Spk Pipe 4mtr,,0,0,,0,0,Y,0,0,0,0,Rajasthan
,Extension/Connecting Tube 1.5M Long 12mm,,0,0,,0,0,Y,0,0,0,0,Andhra Pradesh
,Fertilizer Tank with Assembly 30-Litres,,4402,0,,0,0,Y,0,0,0,0,Andhra Pradesh
,Fertilizer Tank with Assembly 60-Litres,,6032,0,,0,0,Y,0,0,0,0,Andhra Pradesh
,Fertilizer Tank with Assembly 90-Litres,,6887,0,,0,0,Y,0,0,0,0,Andhra Pradesh
,Flanged Elbow 2,,0,0,,0,0,Y,0,0,0,0,Andhra Pradesh
,Flanged Elbow 2.5,,0,0,,0,0,Y,0,0,0,0,Andhra Pradesh
,Flanged Elbow 3,,0,0,,0,0,Y,0,0,0,0,Andhra Pradesh
,Flat Dripper  2LPH,,0,0,,0,0,Y,0,0,0,0,Andhra Pradesh
,Flat Dripper  4LPH,,0,0,,0,0,Y,0,0,0,0,Andhra Pradesh
,Flat Dripper 1.6LPH,,0,0,,0,0,Y,0,0,0,0,Andhra Pradesh
,63mm NE HDPE Spk Pipe 6mtr,,0,0,,0,0,Y,0,0,0,0,Rajasthan
,Flush Valve(32x40) 40mm,,0,0,,0,0,Y,0,0,0,0,Andhra Pradesh
,Flush Valve(40x50) 50mm,,50,0,,0,0,Y,0,0,0,0,Andhra Pradesh
,Flush Valve(50x63) 63mm,,52,0,,0,0,Y,0,0,0,0,Andhra Pradesh
,Flush Valve(63x75) 75mm,,63,0,,0,0,Y,0,0,0,0,Andhra Pradesh
,Flush Valve(75x90) 90mm,,109,0,,0,0,Y,0,0,0,0,Andhra Pradesh
,FTA 20mm,,0,0,,0,0,Y,0,0,0,0,Andhra Pradesh
,FTA 32mm,,0,0,,0,0,Y,0,0,0,0,Andhra Pradesh
,FTA 32MM PVC,,0,0,,0,0,Y,0,0,0,0,Andhra Pradesh
,FTA 40mm,,0,0,,0,0,Y,0,0,0,0,Andhra Pradesh
,FTA 50MM,,0,0,,0,0,Y,0,0,0,0,Andhra Pradesh
,63mm NE HDPE Spk Tee,,280,0,,0,0,Y,0,0,0,0,Rajasthan
,FTA 63mm(63X50-2),,0,0,,0,0,Y,0,0,0,0,Andhra Pradesh
,FTA 75mm,,0,0,,0,0,Y,0,0,0,0,Andhra Pradesh
,FTA 90MM,,0,0,,0,0,Y,0,0,0,0,Andhra Pradesh
,G .I. Nipple 2x4,,0,0,,0,0,Y,0,0,0,0,Andhra Pradesh
,G. I. Tee 90mm(3*2.5),,0,0,,0,0,Y,0,0,0,0,Andhra Pradesh
,G.I. Nipple 1.5x4,,0,0,,0,0,Y,0,0,0,0,Andhra Pradesh
,G.I. Tee 110mm(4*2.5),,0,0,,0,0,Y,0,0,0,0,Andhra Pradesh
,G.I. Tee 110mm(4*3),,0,0,,0,0,Y,0,0,0,0,Andhra Pradesh
,G.I.Elbow 1.5,,0,0,,0,0,Y,0,0,0,0,Andhra Pradesh
,G.I.Elbow 2,,0,0,,0,0,Y,0,0,0,0,Andhra Pradesh
,63mm PCN CLAMP/CLIP,,0,0,,0,0,Y,0,0,0,0,Rajasthan
,G.I.Reducer 1.25x2,,0,0,,0,0,Y,0,0,0,0,Andhra Pradesh
,G.I.Reducer 1.5x2,,0,0,,0,0,Y,0,0,0,0,Andhra Pradesh
,G.I.Reducer 1x1/2,,0,0,,0,0,Y,0,0,0,0,Andhra Pradesh
,G.I.Socket 1,,0,0,,0,0,Y,0,0,0,0,Andhra Pradesh
,G.I.Socket 1.5,,0,0,,0,0,Y,0,0,0,0,Andhra Pradesh
,G.I.Socket 1.5x2,,0,0,,0,0,Y,0,0,0,0,Andhra Pradesh
,G.I.Socket 2,,0,0,,0,0,Y,0,0,0,0,Andhra Pradesh
,GI Elbow 1(MI)25mm,,0,0,,0,0,Y,0,0,0,0,Andhra Pradesh
,GI Elbow 2.5(MI),,0,0,,0,0,Y,0,0,0,0,Andhra Pradesh
,GI Elbow 32mm(MI),,0,0,,0,0,Y,0,0,0,0,Andhra Pradesh
,63mm Spk Foot Batten(PP),,0,0,,0,0,Y,0,0,0,0,Rajasthan
,GI Nipple 1.5x6(MI),,0,0,,0,0,Y,0,0,0,0,Andhra Pradesh
,GI Nipple 1/2*3,,0,0,,0,0,Y,0,0,0,0,Andhra Pradesh
,GI Nipple 1/2x6,,0,0,,0,0,Y,0,0,0,0,Andhra Pradesh
,GI Nipple 1x18(MI),,0,0,,0,0,Y,0,0,0,0,Andhra Pradesh
,GI Nipple 1x9(MI),,0,0,,0,0,Y,0,0,0,0,Andhra Pradesh
,GI Nipple 2.5x4(MI),,0,0,,0,0,Y,0,0,0,0,Andhra Pradesh
,GI Nipple 2x6(MI),,0,0,,0,0,Y,0,0,0,0,Andhra Pradesh
,GI Nipple 32m(1-1/4)X6,,0,0,,0,0,Y,0,0,0,0,Andhra Pradesh
,GI Nipples 2.5x9(MI),,0,0,,0,0,Y,0,0,0,0,Andhra Pradesh
,GI Reducer 2.5x2(MI),,0,0,,0,0,Y,0,0,0,0,Andhra Pradesh
,Elbow 63mm(PP-CF),,0,0,,0,0,Y,0,0,0,0,Rajasthan
,63MM SPK PCN Nipple(Short),,0,0,,0,0,Y,0,0,0,0,Rajasthan
,GI Reducer 3x2-1/2(MI),,0,0,,0,0,Y,0,0,0,0,Andhra Pradesh
,GI Reducing Tee 2.5x2(MI),,0,0,,0,0,Y,0,0,0,0,Andhra Pradesh
,Gi Socket 1.25,,0,0,,0,0,Y,0,0,0,0,Andhra Pradesh
,Grommet 12mm,,0,0,,0,0,Y,0,0,0,0,Andhra Pradesh
,Grommet 16mm,,3.2,0,,0,0,Y,0,0,0,0,Andhra Pradesh
,Gun Metal Throttle Valve 1(25mm),,1191,0,,0,0,Y,0,0,0,0,Andhra Pradesh
,Gun Metal Throttle Valve 1.5,,2982,0,,0,0,Y,0,0,0,0,Andhra Pradesh
,Gun Metal Throttle Valve 1/2,,518,0,,0,0,Y,0,0,0,0,Andhra Pradesh
,Gun Metal Throttle Valve 2,,4246,0,,0,0,Y,0,0,0,0,Andhra Pradesh
,Gun Metal Throttle Valve 2.5(65mm),,11613,0,,0,0,Y,0,0,0,0,Andhra Pradesh
,63x50mm MDPE Reducer,,0,0,,0,0,Y,0,0,0,0,Rajasthan
,Gun Metal Throttle Valve 3,,15016,0,,0,0,Y,0,0,0,0,Andhra Pradesh
,Gun Metal Throttle Valve 3/4,,839,0,,0,0,Y,0,0,0,0,Andhra Pradesh
,HDPE Packing Clips(MFG),,0,0,,0,0,Y,0,0,0,0,Andhra Pradesh
,Header Assambly 5(Type-I),,0,0,,0,0,Y,0,0,0,0,Andhra Pradesh
,Header Assambly 5(Type-II),,0,0,,0,0,Y,0,0,0,0,Andhra Pradesh
,Header Assambly 5(Type-III),,0,0,,0,0,Y,0,0,0,0,Andhra Pradesh
,Header Assembly 2(M.S.),,3259,0,,0,0,Y,0,0,0,0,Andhra Pradesh
,Header Assembly 2(PP),,0,0,,0,0,Y,0,0,0,0,Andhra Pradesh
,Header Assembly 2.5(M.S.),,4104,0,,0,0,Y,0,0,0,0,Andhra Pradesh
,Header Assembly 2.5(PP),,0,0,,0,0,Y,0,0,0,0,Andhra Pradesh
,75MM AVL Spk Foot Batten,,0,0,,0,0,Y,0,0,0,0,Rajasthan
,HEADER ASSEMBLY 2.5X2COMBO PP,,3494,0,,0,0,Y,0,0,0,0,Andhra Pradesh
,Header Assembly 2Combo(PP),,0,0,,0,0,Y,0,0,0,0,Andhra Pradesh
,Header Assembly 2x1.5(Combo Pack),,2855,0,,0,0,Y,0,0,0,0,Andhra Pradesh
,Header Assembly 3(M.S.),,4754,0,,0,0,Y,0,0,0,0,Andhra Pradesh
,Header Assembly 3(PP),,4754,0,,0,0,Y,0,0,0,0,Andhra Pradesh
,Header Assembly 3x2Combo-PP,,5199,0,,0,0,Y,0,0,0,0,Andhra Pradesh
,Header Assembly 4(M.S.),,7243,0,,0,0,Y,0,0,0,0,Andhra Pradesh
,Header Assembly 4(PP),,7243,0,,0,0,Y,0,0,0,0,Andhra Pradesh
,Hex Nipple 1''(MI),,0,0,,0,0,Y,0,0,0,0,Andhra Pradesh
,Hex Nipple 3/4(25mm),,0,0,,0,0,Y,0,0,0,0,Andhra Pradesh
,75MM B HDPE Fab Bend,,0,0,,0,0,Y,0,0,0,0,Rajasthan
,Hose Clamp 4,,0,0,,0,0,Y,0,0,0,0,Andhra Pradesh
,Hydro Cyclone Filter 20m3/hr x  2(M.S.),,3393,0,,0,0,Y,0,0,0,0,Andhra Pradesh
,Hydro Cyclone Filter 30m3/hr x 2.5(MS),,3393,0,,0,0,Y,0,0,0,0,Andhra Pradesh
,Hydro Cyclone Filter 40m3/hr 3(M.S.),,9273,0,,0,0,Y,0,0,0,0,Andhra Pradesh
,Hydro-Cyclone Filter 25m3/hr x 2(PP),,6254,0,,0,0,Y,0,0,0,0,Andhra Pradesh
,Hydro-Cyclone Filter 25m3/hrx2(M.S.),,7269,0,,0,0,Y,0,0,0,0,Andhra Pradesh
,Hydro-Cyclone Filter 30m3/hr x 2.5(PP),,6786,0,,0,0,Y,0,0,0,0,Andhra Pradesh
,Hydro-Cyclone Filter 40m3/hr x 2.5(PP),,0,0,,0,0,Y,0,0,0,0,Andhra Pradesh
,Hydro-Cyclone Filter 40m3/hrx2.5(M.S.),,3393,0,,0,0,Y,0,0,0,0,Andhra Pradesh
,Hydro-Cyclone Filter 40m3/hrx3(PP),,0,0,,0,0,Y,0,0,0,0,Andhra Pradesh
,75MM B HDPE Spk PCN,,0,0,,0,0,Y,0,0,0,0,Rajasthan
,Hydro-Cyclone Filter 50m3/hr x 3(PP),,8278,0,,0,0,Y,0,0,0,0,Andhra Pradesh
,Hydro-Cyclone Filter 50m3/hrx3(M.S.),,9273,0,,0,0,Y,0,0,0,0,Andhra Pradesh
,Hydro-Cyclone Filter 60m3/hrx3(M.S.),,0,0,,0,0,Y,0,0,0,0,Andhra Pradesh
,Hydro-Cycloner Filter 10m3/hr x 1.5(M.S),,0,0,,0,0,Y,0,0,0,0,Andhra Pradesh
,Installation Stake 1.2Mtr Long(8mm),,0,0,,0,0,Y,0,0,0,0,Andhra Pradesh
,Installation Stake Trishul Type,,93,0,,0,0,Y,0,0,0,0,Andhra Pradesh
,Installation Stake Trishul Type 1.5mtr,,0,0,,0,0,Y,0,0,0,0,Andhra Pradesh
,Joiner 12mm,,2.24,0,,0,0,Y,0,0,0,0,Andhra Pradesh
,Joiner 12X16mm,,0,0,,0,0,Y,0,0,0,0,Andhra Pradesh
,Joiner 16mm,,2.67,0,,0,0,Y,0,0,0,0,Andhra Pradesh
,75MM BATTEN ONLY,,0,0,,0,0,Y,0,0,0,0,Rajasthan
,Joiner 16x20mm,,0,0,,0,0,Y,0,0,0,0,Andhra Pradesh
,Joiner 20mm,,4.5,0,,0,0,Y,0,0,0,0,Andhra Pradesh
,Lateral Cock 12mm,,4.18,0,,0,0,Y,0,0,0,0,Andhra Pradesh
,Lateral Cock 12mm(Heavy),,0,0,,0,0,Y,0,0,0,0,Andhra Pradesh
,Lateral Cock 16mm,,4.18,0,,0,0,Y,0,0,0,0,Andhra Pradesh
,Lateral Cock 16mm(Heavy),,0,0,,0,0,Y,0,0,0,0,Andhra Pradesh
,LLDPE Plain Laterals 12mm 2.5kg CL-II,,7,0,,0,0,Y,0,0,0,0,Andhra Pradesh
,LLDPE Plain Laterals 16mm 2.5Kg CL-II,,11,0,,0,0,Y,0,0,0,0,Andhra Pradesh
,LLDPE Plain Laterals 16mm 2.5kg CL-II(E5),,11,0,,0,0,Y,0,0,0,0,Andhra Pradesh
,LLDPE Plain Laterals 25mm 2.5kg Cl-II,,29,0,,0,0,Y,0,0,0,0,Andhra Pradesh
,75MM COIL NIPPLE (G.I),,0,0,,0,0,Y,0,0,0,0,Rajasthan
,LLDPE Plain Laterals 32mm 2.5Kg CL-II,,42,0,,0,0,Y,0,0,0,0,Andhra Pradesh
,MDPE PIPE 20MM PN16 PE80(ISO:4427),,0,0,,0,0,Y,0,0,0,0,Andhra Pradesh
,MDPE PIPE 25MM PN16 PE80(ISO:4427),,0,0,,0,0,Y,0,0,0,0,Andhra Pradesh
,Menifold for Ventury '2',,0,0,,0,0,Y,0,0,0,0,Andhra Pradesh
,Micro Spk Stake(C/O Type),,0,0,,0,0,Y,0,0,0,0,Andhra Pradesh
,Micro Spk Tube(C/O-Type),,0,0,,0,0,Y,0,0,0,0,Andhra Pradesh
,Micro Spk. Inverted Rotar Nozzle,,0,0,,0,0,Y,0,0,0,0,Andhra Pradesh
,Micro Spk. Set(Assembly Without Stand)Nozzle,,0,0,,0,0,Y,0,0,0,0,Andhra Pradesh
,Micro Sprayer/Jet(Assembley Without Stand),,0,0,,0,0,Y,0,0,0,0,Andhra Pradesh
,Micro Tube 1.8mm,,0,0,,0,0,Y,0,0,0,0,Andhra Pradesh
,75MM COIL NIPPLE (SS-12),,0,0,,0,0,Y,0,0,0,0,Rajasthan
,Mini Spk M/F Adopter 1/2,,8.73,0,,0,0,Y,0,0,0,0,Andhra Pradesh
,Mini Spk M/F Connector(9/12mm),,6.6,0,,0,0,Y,0,0,0,0,Andhra Pradesh
,Mini Spk Nozzle-Half Circle '1/2',,233,0,,0,0,Y,0,0,0,0,Andhra Pradesh
,Mini Spk. Nozzle(Double) Full Circle,,122,0,,0,0,Y,0,0,0,0,Andhra Pradesh
,M-Seal(Safeda-MI),,0,0,,0,0,Y,0,0,0,0,Andhra Pradesh
,MTA 110mm(CF),,0,0,,0,0,Y,0,0,0,0,Andhra Pradesh
,MTA 25MM PVC,,0,0,,0,0,Y,0,0,0,0,Andhra Pradesh
,MTA 32MM PVC,,0,0,,0,0,Y,0,0,0,0,Andhra Pradesh
,MTA 40mm(CF),,0,0,,0,0,Y,0,0,0,0,Andhra Pradesh
,MTA 50MM(50X40=1.5) PVC,,23.21,0,,0,0,Y,0,0,0,0,Andhra Pradesh
,75mm Epc Spk Rubber Ring,,0,0,,0,0,Y,0,0,0,0,Rajasthan
,MTA 50mm(PP-CF),,0,0,,0,0,Y,0,0,0,0,Andhra Pradesh
,MTA 63mm(63X50-2)PVC,,30.49,0,,0,0,Y,0,0,0,0,Andhra Pradesh
,MTA 63MM(CF),,0,0,,0,0,Y,0,0,0,0,Andhra Pradesh
,MTA 63x50mm(CF),,0,0,,0,0,Y,0,0,0,0,Andhra Pradesh
,MTA 75MM PVC,,45.69,0,,0,0,Y,0,0,0,0,Andhra Pradesh
,MTA 75MM(CF),,0,0,,0,0,Y,0,0,0,0,Andhra Pradesh
,MTA 75x63mm(CF),,0,0,,0,0,Y,0,0,0,0,Andhra Pradesh
,MTA 90MM PVC,,74.54,0,,0,0,Y,0,0,0,0,Andhra Pradesh
,MTA 90MM(CF),,0,0,,0,0,Y,0,0,0,0,Andhra Pradesh
,MTA 90x75mm(CF),,0,0,,0,0,Y,0,0,0,0,Andhra Pradesh
,75MM GI NIPPEL,,0,0,,0,0,Y,0,0,0,0,Rajasthan
,MTA PP(CF) 25MM,,0,0,,0,0,Y,0,0,0,0,Andhra Pradesh
,MTA(Compression Fittings) 32mm x 1,,0,0,,0,0,Y,0,0,0,0,Andhra Pradesh
,MTA(Compression Fittings)20mm X 3/4,,0,0,,0,0,Y,0,0,0,0,Andhra Pradesh
,Non Return Valve 1(25mm),,0,0,,0,0,Y,0,0,0,0,Andhra Pradesh
,Non Return Valve 1.5(40mm),,0,0,,0,0,Y,0,0,0,0,Andhra Pradesh
,Non Return Valve 2(50mm),,1086,0,,0,0,Y,0,0,0,0,Andhra Pradesh
,Non Return Valve 2.5(65mm),,1280,0,,0,0,Y,0,0,0,0,Andhra Pradesh
,Non Return Valve 2.5(PP),,1724,0,,0,0,Y,0,0,0,0,Andhra Pradesh
,Non Return Valve 3(80mm),,1670,0,,0,0,Y,0,0,0,0,Andhra Pradesh
,Non Return Valve 4,,2223,0,,0,0,Y,0,0,0,0,Andhra Pradesh
,Elbow 75mm PVC,,60.89,0,,0,0,Y,0,0,0,0,Rajasthan
,75MM HDPE Pipe for Main Line(2.5kg/cm2),,79,0,,0,0,Y,0,0,0,0,Rajasthan
,Non Return Valve(NRV) 6,,0,0,,0,0,Y,0,0,0,0,Andhra Pradesh
,Nut-Bolt-Washer-Gasket for Header Assl. 2,,0,0,,0,0,Y,0,0,0,0,Andhra Pradesh
,On Line Dripper(14-LPH),,3.95,0,,0,0,Y,0,0,0,0,Andhra Pradesh
,On Line Dripper(2-LPH),,0,0,,0,0,Y,0,0,0,0,Andhra Pradesh
,On Line Dripper(4-LPH),,3.95,0,,0,0,Y,0,0,0,0,Andhra Pradesh
,On Line Dripper(8-LPH),,3.95,0,,0,0,Y,0,0,0,0,Andhra Pradesh
,P. P. Ball Valve 1 Threaded (32mm) M/F,,162,0,,0,0,Y,0,0,0,0,Andhra Pradesh
,P.P. Ball Valve 2 Threaded (63mm),,0,0,,0,0,Y,0,0,0,0,Andhra Pradesh
,P.P. Ball Valve 2.5 Threaded (75mm),,0,0,,0,0,Y,0,0,0,0,Andhra Pradesh
,P.P. Ball Valve 3 Threaded(90mm),,0,0,,0,0,Y,0,0,0,0,Andhra Pradesh
,75MM HDPE Spk Connector,,0,0,,0,0,Y,0,0,0,0,Rajasthan
,P.P. Ball Valve with Flange End 4,,0,0,,0,0,Y,0,0,0,0,Andhra Pradesh
,P.P. Ball Valve/control Valve 50mm(Plain),,329,0,,0,0,Y,0,0,0,0,Andhra Pradesh
,P.P. Tail Pices Flange 2,,80,0,,0,0,Y,0,0,0,0,Andhra Pradesh
,P.P. Tail Pices Flange 2.5,,90,0,,0,0,Y,0,0,0,0,Andhra Pradesh
,P.P. Tail Pices Flange 3,,103,0,,0,0,Y,0,0,0,0,Andhra Pradesh
,P.V.C. Ball Valve 2(Threaded End),,0,0,,0,0,Y,0,0,0,0,Andhra Pradesh
,Plug(9/12mm)M-22-End Plug,,0,0,,0,0,Y,0,0,0,0,Andhra Pradesh
,PP  Ball  Valve 50mm 1-1/2Solid(Threded),,0,0,,0,0,Y,0,0,0,0,Andhra Pradesh
,PP Ball Valve 1.25 Threaded(40mm),,0,0,,0,0,Y,0,0,0,0,Andhra Pradesh
,PP Ball Valve 1.5 Threaded(50mm),,0,0,,0,0,Y,0,0,0,0,Andhra Pradesh
,75mm HDPE Spk Hydrent Bend,,0,0,,0,0,Y,0,0,0,0,Rajasthan
,PP Ball Valve 20/25 mm Solid Threaded(3/4),,0,0,,0,0,Y,0,0,0,0,Andhra Pradesh
,PP Ball Valve 50mm 1-1/2Solid(Plain),,0,0,,0,0,Y,0,0,0,0,Andhra Pradesh
,PP Ball Valve 63mm(2) Solid Threaded,,560,0,,0,0,Y,0,0,0,0,Andhra Pradesh
,PP Ball Valve 63mm(2)Solid(Plain),,0,0,,0,0,Y,0,0,0,0,Andhra Pradesh
,PP Ball Valve with Flange End 2.5,,0,0,,0,0,Y,0,0,0,0,Andhra Pradesh
,PP Ball Valve with Flanged End 3,,0,0,,0,0,Y,0,0,0,0,Andhra Pradesh
,PP Ball Valve with Flanged Ends 2,,0,0,,0,0,Y,0,0,0,0,Andhra Pradesh
,PP Ball Valve(Flange End) 1,,0,0,,0,0,Y,0,0,0,0,Andhra Pradesh
,PP Ball Valve/control Valve 20/25mm Singal Union,,135,0,,0,0,Y,0,0,0,0,Andhra Pradesh
,PP Ball Valve/Control Valve 32mm Single Union,,162,0,,0,0,Y,0,0,0,0,Andhra Pradesh
,75MM HDPE Spk Hydrents,,0,0,,0,0,Y,0,0,0,0,Rajasthan
,PP Ball Valve/Control Valve 40mm(Plain),,329,0,,0,0,Y,0,0,0,0,Andhra Pradesh
,PP Ball Valve/Control Valve 63mm-Plain,,246.6,0,,0,0,Y,0,0,0,0,Andhra Pradesh
,PP Ball Valve/Control Valve 75mm Plain,,668,0,,0,0,Y,0,0,0,0,Andhra Pradesh
,PP Ball Valve/Control Valve 90mm Plain,,688.8,0,,0,0,Y,0,0,0,0,Andhra Pradesh
,PP Flange Threaded (2.5),,0,0,,0,0,Y,0,0,0,0,Andhra Pradesh
,PP Flange Threaded (3),,0,0,,0,0,Y,0,0,0,0,Andhra Pradesh
,PP Flange Threaded 2,,0,0,,0,0,Y,0,0,0,0,Andhra Pradesh
,PP Reducing Bush 2x1.5,,0,0,,0,0,Y,0,0,0,0,Andhra Pradesh
,PP Socket 1.5(50mm)MI,,0,0,,0,0,Y,0,0,0,0,Andhra Pradesh
,PP Socket 2(63mm)MI,,0,0,,0,0,Y,0,0,0,0,Andhra Pradesh
,75mm HDPE Spk Irrig Pipe(1-ft)PT-II(Sample),,0,0,,0,0,Y,0,0,0,0,Rajasthan
,PP Socket 2.5(75mm)MI,,0,0,,0,0,Y,0,0,0,0,Andhra Pradesh
,PP Socket 3(90mm)MI,,0,0,,0,0,Y,0,0,0,0,Andhra Pradesh
,Pressure Gauge 2,,131.4,0,,0,0,Y,0,0,0,0,Andhra Pradesh
,Pressure Gauge Glycerine 2,,458,0,,0,0,Y,0,0,0,0,Andhra Pradesh
,Pressure Gauge Glycerine 2.5,,0,0,,0,0,Y,0,0,0,0,Andhra Pradesh
,Pressure Release Valve 2X1.5,,2074,0,,0,0,Y,0,0,0,0,Andhra Pradesh
,PVC Ball Valve 2(Plain End),,0,0,,0,0,Y,0,0,0,0,Andhra Pradesh
,PVC Ball Valve 2.5(Plain End),,0,0,,0,0,Y,0,0,0,0,Andhra Pradesh
,PVC Ball Valve 2.5(Threded End),,0,0,,0,0,Y,0,0,0,0,Andhra Pradesh
,PVC Ball Valve 20mm(Compression/female Tthreaded),,0,0,,0,0,Y,0,0,0,0,Andhra Pradesh
,75MM HDPE Spk PCN-CAP,,0,0,,0,0,Y,0,0,0,0,Rajasthan
,Pvc Ball Valve 3(90mm)(Threaded End),,0,0,,0,0,Y,0,0,0,0,Andhra Pradesh
,PVC Ball Valve 4(110mm) (Threaded End),,0,0,,0,0,Y,0,0,0,0,Andhra Pradesh
,Pvc Ball Valve 40 mm,,0,0,,0,0,Y,0,0,0,0,Andhra Pradesh
,PVC Bush 63x50mm,,0,0,,0,0,Y,0,0,0,0,Andhra Pradesh
,PVC Bush 75x63mm 10kg,,0,0,,0,0,Y,0,0,0,0,Andhra Pradesh
,PVC Bush 90x63mm 10kg,,0,0,,0,0,Y,0,0,0,0,Andhra Pradesh
,PVC Connecting Tube 20cm(Stab-Barb-Conn-Bayoynet),,0,0,,0,0,Y,0,0,0,0,Andhra Pradesh
,PVC PIPE 110MMX2.5KG/CM2(MTR),,0,0,,0,0,Y,0,0,0,0,Andhra Pradesh
,PVC PIPE 110MMX4KG/CM2 (MTR),,187.45,0,,0,0,Y,0,0,0,0,Andhra Pradesh
,PVC PIPE 110MMX6KG/CM2 (MTR),,0,0,,0,0,Y,0,0,0,0,Andhra Pradesh
,75MM HDPE Spk Tail Piece,,0,0,,0,0,Y,0,0,0,0,Rajasthan
,PVC PIPE 140MMX2.5KG/CM2 (MTR),,0,0,,0,0,Y,0,0,0,0,Andhra Pradesh
,PVC PIPE 140MMX4KG/CM2(Mtr),,262.5,0,,0,0,Y,0,0,0,0,Andhra Pradesh
,PVC PIPE 140MMX6KG/CM2(Mtr),,0,0,,0,0,Y,0,0,0,0,Andhra Pradesh
,PVC PIPE 160MMX2.5KG/CM2 (MTR),,0,0,,0,0,Y,0,0,0,0,Andhra Pradesh
,PVC PIPE 160MMX4KG/CM2 (MTR),,412,0,,0,0,Y,0,0,0,0,Andhra Pradesh
,PVC PIPE 160MMX6KG/CM2 (MTR),,0,0,,0,0,Y,0,0,0,0,Andhra Pradesh
,PVC PIPE 200MMX2.5KG/CM2 (MTR),,0,0,,0,0,Y,0,0,0,0,Andhra Pradesh
,PVC PIPE 200MMX4KG/CM2 (MTR),,0,0,,0,0,Y,0,0,0,0,Andhra Pradesh
,PVC PIPE 200MMX6KG/CM2 (MTR),,0,0,,0,0,Y,0,0,0,0,Andhra Pradesh
,PVC PIPE 225MMX4KG/CM2 CASING PIPE(MTR),,0,0,,0,0,Y,0,0,0,0,Andhra Pradesh
,75MM M.S FLANECH,,0,0,,0,0,Y,0,0,0,0,Rajasthan
,PVC PIPE 225MMX6KG/CM2 CASING PIPE(MTR),,0,0,,0,0,Y,0,0,0,0,Andhra Pradesh
,PVC PIPE 32MMX10KG/CM2 (MTR),,48,0,,0,0,Y,0,0,0,0,Andhra Pradesh
,PVC PIPE 40MMX6KG/CM2 (MTR),,47,0,,0,0,Y,0,0,0,0,Andhra Pradesh
,PVC PIPE 50MMX6KG/CM2 (MTR),,59.25,0,,0,0,Y,0,0,0,0,Andhra Pradesh
,PVC Pipe 63mm x 4 Kg / Cm2(MTR)XXXXXXXX,,65.42,0,,0,0,Y,0,0,0,0,Andhra Pradesh
,PVC PIPE 63MM X 4 KG/CM2 (MTR),,65,0,,0,0,Y,0,0,0,0,Andhra Pradesh
,PVC PIPE 63MMX6KG/CM2 (MTR),,95.05,0,,0,0,Y,0,0,0,0,Andhra Pradesh
,PVC PIPE 75MM X 4KG/CM2 (MTR),,92.25,0,,0,0,Y,0,0,0,0,Andhra Pradesh
,PVC PIPE 75MM X 6KG/CM2 (MTR),,132.87,0,,0,0,Y,0,0,0,0,Andhra Pradesh
,PVC PIPE 90MM X2.5KG/CM2 (MTR),,82.8,0,,0,0,Y,0,0,0,0,Andhra Pradesh
,75mm MDPE End Cap,,0,0,,0,0,Y,0,0,0,0,Rajasthan
,PVC PIPE 90MM X4KG/CM2 (MTR),,12880,0,,0,0,Y,0,0,0,0,Andhra Pradesh
,PVC PIPE 90MM X6KG/CM2 (MTR),,189.11,0,,0,0,Y,0,0,0,0,Andhra Pradesh
,PVC PIPE 90MMX10KG/CM2 (MTR),,0,0,,0,0,Y,0,0,0,0,Andhra Pradesh
,PVC PIPE 180MMX2.5KG/CM2 (MTR),,331,0,,0,0,Y,0,0,0,0,Andhra Pradesh
,PVC PIPE 180MMX4KG/CM2 (MTR),,533.4,0,,0,0,Y,0,0,0,0,Andhra Pradesh
,PVC PIPE 180MMX6KG/CM2 (MTR),,761.5,0,,0,0,Y,0,0,0,0,Andhra Pradesh
,PVC Reducer Bush 110x63mm,,0,0,,0,0,Y,0,0,0,0,Andhra Pradesh
,PVC Reducer Bush 63x50mm 6kg,,0,0,,0,0,Y,0,0,0,0,Andhra Pradesh
,PVC Reducer Coupler 75x63mm,,0,0,,0,0,Y,0,0,0,0,Andhra Pradesh
,Rain Gun  Adopter 1.25(50X40),,0,0,,0,0,Y,0,0,0,0,Andhra Pradesh
,75mm N Spk Foot Batten,,300,0,,0,0,Y,0,0,0,0,Rajasthan
,Rain Gun 1.25,,0,0,,0,0,Y,0,0,0,0,Andhra Pradesh
,Rain Gun 2 with Stand,,0,0,,0,0,Y,0,0,0,0,Andhra Pradesh
,RAIN GUN ADOPTER 2(63x40),,0,0,,0,0,Y,0,0,0,0,Andhra Pradesh
,Rain Gun Nipple G.I. 2.5x1-1/4,,0,0,,0,0,Y,0,0,0,0,Andhra Pradesh
,Rain Gun Nipple G.I. 2x1-1/4,,0,0,,0,0,Y,0,0,0,0,Andhra Pradesh
,Rain Gun Riser 1.25,,0,0,,0,0,Y,0,0,0,0,Andhra Pradesh
,Rain Gun Stand 1.25,,0,0,,0,0,Y,0,0,0,0,Andhra Pradesh
,Raingun Adopter 2.5(75x40),,0,0,,0,0,Y,0,0,0,0,Andhra Pradesh
,Raingun Adopter 3(90x40),,0,0,,0,0,Y,0,0,0,0,Andhra Pradesh
,Raingun Adopter 4(110x40),,0,0,,0,0,Y,0,0,0,0,Andhra Pradesh
,Elbow 75mm(PP-CF),,0,0,,0,0,Y,0,0,0,0,Rajasthan
,75MM N SPK Rubber Ring,,0,0,,0,0,Y,0,0,0,0,Rajasthan
,Reducer 110x90mm PVC,,92.59,0,,0,0,Y,0,0,0,0,Andhra Pradesh
,Reducer 160x140mm PVC,,0,0,,0,0,Y,0,0,0,0,Andhra Pradesh
,Reducer 16x12mm Comp.Connector(Both Side),,2.24,0,,0,0,Y,0,0,0,0,Andhra Pradesh
,Reducer 16X17MM Comp. Connector(Both Side),,0,0,,0,0,Y,0,0,0,0,Andhra Pradesh
,Reducer 200x160mm PVC,,0,0,,0,0,Y,0,0,0,0,Andhra Pradesh
,Reducer 25x20mm(PP),,0,0,,0,0,Y,0,0,0,0,Andhra Pradesh
,Reducer 40x32mm PVC,,0,0,,0,0,Y,0,0,0,0,Andhra Pradesh
,Reducer 63x40mm PVC,,0,0,,0,0,Y,0,0,0,0,Andhra Pradesh
,Reducer 63x50mm PVC,,41.51,0,,0,0,Y,0,0,0,0,Andhra Pradesh
,Reducer 63x50mm(PP),,0,0,,0,0,Y,0,0,0,0,Andhra Pradesh
,75mm N1 Spk Foot Batten,,0,0,,0,0,Y,0,0,0,0,Rajasthan
,Reducer 75x50mm PVC,,33.54,0,,0,0,Y,0,0,0,0,Andhra Pradesh
,Reducer 75x63mm PVC,,45.22,0,,0,0,Y,0,0,0,0,Andhra Pradesh
,Reducer 90x63 mm Pvc,,57.02,0,,0,0,Y,0,0,0,0,Andhra Pradesh
,Reducer 90x75mm PVC,,58.54,0,,0,0,Y,0,0,0,0,Andhra Pradesh
,Reducer Elbow 75x63mm PVC,,0,0,,0,0,Y,0,0,0,0,Andhra Pradesh
,Reducer Tee 110x90 PVC,,204.19,0,,0,0,Y,0,0,0,0,Andhra Pradesh
,Reducer Tee 160x110 PVC,,0,0,,0,0,Y,0,0,0,0,Andhra Pradesh
,Reducer Tee 160X90MM (PVC),,0,0,,0,0,Y,0,0,0,0,Andhra Pradesh
,Reducer Tee 63x32mm PVC,,0,0,,0,0,Y,0,0,0,0,Andhra Pradesh
,Reducer Tee 75x63mm PVC,,0,0,,0,0,Y,0,0,0,0,Andhra Pradesh
,75MM N1 SPK Rubber Ring,,0,0,,0,0,Y,0,0,0,0,Rajasthan
,Reducer Tee 90x63mm 6kg,,0,0,,0,0,Y,0,0,0,0,Andhra Pradesh
,Reducer Tee 90x63mm PVC,,0,0,,0,0,Y,0,0,0,0,Andhra Pradesh
,Reducer Tee 90x75mm PVC,,0,0,,0,0,Y,0,0,0,0,Andhra Pradesh
,Reducing Flanged Threaded 2.5x2,,0,0,,0,0,Y,0,0,0,0,Andhra Pradesh
,Reducing Flanged Threaded 3x2.5,,0,0,,0,0,Y,0,0,0,0,Andhra Pradesh
,Ring for Compression Connector(Lock Ring),,0,0,,0,0,Y,0,0,0,0,Andhra Pradesh
,Rotameter for Ventury,,0,0,,0,0,Y,0,0,0,0,Andhra Pradesh
,S S Nut Bolts(MI),,0,0,,0,0,Y,0,0,0,0,Andhra Pradesh
,Sand Filter 10m3/hr x 1.5,,11777.5,0,,0,0,Y,0,0,0,0,Andhra Pradesh
,Sand Filter 20xm3/hr 2,,13650.7,0,,0,0,Y,0,0,0,0,Andhra Pradesh
,75mm N1B HDPE Irrig Pipe(6mtr) PT- II,,0,0,,0,0,Y,0,0,0,0,Rajasthan
,Sand Filter 25m3/hr x 2,,13650.7,0,,0,0,Y,0,0,0,0,Andhra Pradesh
,Sand Filter 30mm3X2.5,,24199,0,,0,0,Y,0,0,0,0,Andhra Pradesh
,Sand Filter 40m3/hr x 2.5,,18149.25,0,,0,0,Y,0,0,0,0,Andhra Pradesh
,Sand Filter 40m3/hr x 3,,32176,0,,0,0,Y,0,0,0,0,Andhra Pradesh
,Sand Filter 50m3/hr x 3,,32176,0,,0,0,Y,0,0,0,0,Andhra Pradesh
,Sand for Sand Filter(KG),,0,0,,0,0,Y,0,0,0,0,Andhra Pradesh
,Screen Element 2(Cartridge),,0,0,,0,0,Y,0,0,0,0,Andhra Pradesh
,Screen Element 2.5(Cartridge),,0,0,,0,0,Y,0,0,0,0,Andhra Pradesh
,Screen Elements 3(Cartridge),,0,0,,0,0,Y,0,0,0,0,Andhra Pradesh
,Screen Filter 1 4*6/8m3/hr x 1(Y),,0,0,,0,0,Y,0,0,0,0,Andhra Pradesh
,75MM N1B(3.2KG) HDPE Irrrig Pipe(6mtr)PT-II,,0,0,,0,0,Y,0,0,0,0,Rajasthan
,Screen Filter 10m3/hr x 2 (Metal),,0,0,,0,0,Y,0,0,0,0,Andhra Pradesh
,Screen Filter 10m3/hr X 2.5''(Metal),,0,0,,0,0,Y,0,0,0,0,Andhra Pradesh
,Screen Filter 15mm3/hr x 1.5(Plastic),,1272,0,,0,0,Y,0,0,0,0,Andhra Pradesh
,Screen Filter 15mm3/hr x 2(Plastic),,0,0,,0,0,Y,0,0,0,0,Andhra Pradesh
,Screen Filter 20m3/hr x 2(Plastic),,1666.8,0,,0,0,Y,0,0,0,0,Andhra Pradesh
,Screen Filter 20m3/hr X2(Metal),,3059,0,,0,0,Y,0,0,0,0,Andhra Pradesh
,Screen Filter 20m3/hr X2.5(Metal),,0,0,,0,0,Y,0,0,0,0,Andhra Pradesh
,Screen Filter 25m3/hr x 2(Plastic),,2650,0,,0,0,Y,0,0,0,0,Andhra Pradesh
,Screen Filter 25m3/hr X2(Semi Automatic),,0,0,,0,0,Y,0,0,0,0,Andhra Pradesh
,Screen Filter 25m3/hr X2.5(Metal),,3383,0,,0,0,Y,0,0,0,0,Andhra Pradesh
,75mm N1E Spk Latch,,0,0,,0,0,Y,0,0,0,0,Rajasthan
,Screen Filter 3/4120mesh 6*4 M3,,0,0,,0,0,Y,0,0,0,0,Andhra Pradesh
,Screen Filter 30m3/hr X2.5(Metal),,3816,0,,0,0,Y,0,0,0,0,Andhra Pradesh
,Screen Filter 30m3/hrx2.5(Plastic),,1666.8,0,,0,0,Y,0,0,0,0,Andhra Pradesh
,Screen Filter 40m3/hr x 3(Plastics),,1765.2,0,,0,0,Y,0,0,0,0,Andhra Pradesh
,Screen Filter 40m3/hr X2.5''(Metal),,0,0,,0,0,Y,0,0,0,0,Andhra Pradesh
,Screen Filter 40m3/hr X3(Metal),,3924,0,,0,0,Y,0,0,0,0,Andhra Pradesh
,Screen Filter 40m3/hr X3(Semi Automatic),,0,0,,0,0,Y,0,0,0,0,Andhra Pradesh
,Screen Filter 40m3/hrx2.5(Plastic),,2942,0,,0,0,Y,0,0,0,0,Andhra Pradesh
,Screen Filter 50m3/hr x 2(Plastic),,0,0,,0,0,Y,0,0,0,0,Andhra Pradesh
,Screen Filter 50m3/hr x 3(Plastic),,1765.2,0,,0,0,Y,0,0,0,0,Andhra Pradesh
,75mm N2R HDPE Spk MLC,,0,0,,0,0,Y,0,0,0,0,Rajasthan
,Screen Filter 50m3/hr X3(Double Body),,0,0,,0,0,Y,0,0,0,0,Andhra Pradesh
,Screen Filter 50m3/hr X3(Metal),,4140,0,,0,0,Y,0,0,0,0,Andhra Pradesh
,Screen225m3,,0,0,,0,0,Y,0,0,0,0,Andhra Pradesh
,Service Saddle 110mm(MI),,0,0,,0,0,Y,0,0,0,0,Andhra Pradesh
,Service Saddle 40mm(MI),,0,0,,0,0,Y,0,0,0,0,Andhra Pradesh
,Service Saddle 40mmX3/4(PP),,0,0,,0,0,Y,0,0,0,0,Andhra Pradesh
,Service Saddle 50mm(MI),,0,0,,0,0,Y,0,0,0,0,Andhra Pradesh
,Service Saddle 50mm(PVC),,0,0,,0,0,Y,0,0,0,0,Andhra Pradesh
,Service Saddle 50mmX1/2(P),,0,0,,0,0,Y,0,0,0,0,Andhra Pradesh
,Service Saddle 50mmX3/4(PP),,0,0,,0,0,Y,0,0,0,0,Andhra Pradesh
,75mm N3B HDPE Irrig Pipe(6mtr) PT- II,,0,0,,0,0,Y,0,0,0,0,Rajasthan
,Service Saddle 63mm 1(MI),,93.54,0,,0,0,Y,0,0,0,0,Andhra Pradesh
,Service Saddle 63mm 3/4(MI),,0,0,,0,0,Y,0,0,0,0,Andhra Pradesh
,Service Saddle 63mmX1/2(P),,0,0,,0,0,Y,0,0,0,0,Andhra Pradesh
,Service Saddle 75mm(MI),,0,0,,0,0,Y,0,0,0,0,Andhra Pradesh
,Service Saddle 75mmX1(PP),,128.93,0,,0,0,Y,0,0,0,0,Andhra Pradesh
,Service Saddle 75mmX1.25(M.S),,0,0,,0,0,Y,0,0,0,0,Andhra Pradesh
,Service Saddle 75mmX1-1/4(PP),,0,0,,0,0,Y,0,0,0,0,Andhra Pradesh
,Service Saddle 90mm(MI),,156.46,0,,0,0,Y,0,0,0,0,Andhra Pradesh
,Service Saddle 90mmX1.25(M.S),,0,0,,0,0,Y,0,0,0,0,Andhra Pradesh
,Service Saddle 90mmX1/2(P),,176.12,0,,0,0,Y,0,0,0,0,Andhra Pradesh
,75mm NB HDPE Irrig Pipe(6mtr) PT- II,,0,0,,0,0,Y,0,0,0,0,Rajasthan
,Sluice Valve 2.5,,0,0,,0,0,Y,0,0,0,0,Andhra Pradesh
,SOC 110mm Epc Spk Latch,,0,0,,0,0,Y,0,0,0,0,Andhra Pradesh
,SOC 110mm HDPE Spk End Cap,,150,0,,0,0,Y,0,0,0,0,Andhra Pradesh
,SOC 110mm HDPE Spk T.P.,,0,0,,0,0,Y,0,0,0,0,Andhra Pradesh
,SOC 110mm N HDPE Spk Adopter,,615,0,,0,0,Y,0,0,0,0,Andhra Pradesh
,SOC 110mm N HDPE Spk Bend,,485,0,,0,0,Y,0,0,0,0,Andhra Pradesh
,SOC 110mm N HDPE Spk MLC,,0,0,,0,0,Y,0,0,0,0,Andhra Pradesh
,SOC 110mm N HDPE Spk PCN,,410,0,,0,0,Y,0,0,0,0,Andhra Pradesh
,SOC 110mm N HDPE Spk Pipe 3mtr,,775,0,,0,0,Y,0,0,0,0,Andhra Pradesh
,SOC 110mm N HDPE Spk Pipe 6mtr,,1240,0,,0,0,Y,0,0,0,0,Andhra Pradesh
,75mm NB(3.2Kg) HDPE Irrig Pipe (6Mtr)PT-II,,0,0,,0,0,Y,0,0,0,0,Rajasthan
,SOC 110mm N HDPE Spk Tee,,615,0,,0,0,Y,0,0,0,0,Andhra Pradesh
,SOC 110mm N Spk Foot Batten,,615,0,,0,0,Y,0,0,0,0,Andhra Pradesh
,SOC 110mm N Spk Latch,,0,0,,0,0,Y,0,0,0,0,Andhra Pradesh
,SOC 110x90MM HDPE Spk Reducer,,495,0,,0,0,Y,0,0,0,0,Andhra Pradesh
,SOC 50MM HDPE Spk End Cap,,60,0,,0,0,Y,0,0,0,0,Andhra Pradesh
,Soc 50MM HDPE Spk T.P.,,0,0,,0,0,Y,0,0,0,0,Andhra Pradesh
,SOC 50MM N HDPE Spk Adopter,,250,0,,0,0,Y,0,0,0,0,Andhra Pradesh
,SOC 50MM N HDPE Spk Bend,,205,0,,0,0,Y,0,0,0,0,Andhra Pradesh
,Soc 50MM N HDPE Spk MLC,,0,0,,0,0,Y,0,0,0,0,Andhra Pradesh
,SOC 50MM N HDPE Spk PCN,,205,0,,0,0,Y,0,0,0,0,Andhra Pradesh
,20MM INLINE DRIPPER(2LPH)ROUND,,0,0,,0,0,Y,0,0,0,0,Rajasthan
,Elbow 90mm PVC,,89.11,0,,0,0,Y,0,0,0,0,Rajasthan
,75mm NB(4Kg) HDPE Irrig Pipe (6Mtr)PT-II,,0,0,,0,0,Y,0,0,0,0,Rajasthan
,SOC 50MM N HDPE Spk Pipe 3mtr,,320,0,,0,0,Y,0,0,0,0,Andhra Pradesh
,SOC 50MM N HDPE Spk Pipe 5mtr,,0,0,,0,0,Y,0,0,0,0,Andhra Pradesh
,SOC 50MM N HDPE Spk Pipe 6mtr,,510,0,,0,0,Y,0,0,0,0,Andhra Pradesh
,SOC 50MM N HDPE Spk Tee,,250,0,,0,0,Y,0,0,0,0,Andhra Pradesh
,SOC 50MM N Spk Foot Batten,,250,0,,0,0,Y,0,0,0,0,Andhra Pradesh
,SOC 50MM N Spk Latch,,0,0,,0,0,Y,0,0,0,0,Andhra Pradesh
,Soc 63MM E-5 HDPE Spk Adopter,,0,0,,0,0,Y,0,0,0,0,Andhra Pradesh
,Soc 63MM E5 HDPE Spk Bend,,0,0,,0,0,Y,0,0,0,0,Andhra Pradesh
,Soc 63mm E5 HDPE Spk MLC,,0,0,,0,0,Y,0,0,0,0,Andhra Pradesh
,Soc 63MM E-5 HDPE Spk PCN,,0,0,,0,0,Y,0,0,0,0,Andhra Pradesh
,75mm NE HDPE Spk Adopter,,0,0,,0,0,Y,0,0,0,0,Rajasthan
,Soc 63MM E-5 HDPE Spk Tee,,0,0,,0,0,Y,0,0,0,0,Andhra Pradesh
,Soc 63mm Epc Spk Latch (P/c),,0,0,,0,0,Y,0,0,0,0,Andhra Pradesh
,SOC 63mm HDPE Spk End Cap,,70,0,,0,0,Y,0,0,0,0,Andhra Pradesh
,SOC 63mm HDPE Spk T.P.,,0,0,,0,0,Y,0,0,0,0,Andhra Pradesh
,SOC 63MM N HDPE Spk Adopter,,250,0,,0,0,Y,0,0,0,0,Andhra Pradesh
,SOC 63MM N HDPE Spk Bend,,220,0,,0,0,Y,0,0,0,0,Andhra Pradesh
,SOC 63mm N HDPE Spk MLC,,0,0,,0,0,Y,0,0,0,0,Andhra Pradesh
,SOC 63MM N HDPE Spk PCN,,225,0,,0,0,Y,0,0,0,0,Andhra Pradesh
,SOC 63MM N HDPE Spk Pipe 3Mtr,,350,0,,0,0,Y,0,0,0,0,Andhra Pradesh
,SOC 63MM N HDPE Spk Pipe 6Mtr,,540,0,,0,0,Y,0,0,0,0,Andhra Pradesh
,75mm NE HDPE Spk Bend,,0,0,,0,0,Y,0,0,0,0,Rajasthan
,SOC 63MM N HDPE Spk Tee,,275,0,,0,0,Y,0,0,0,0,Andhra Pradesh
,SOC 63mm N Spk Connector,,160,0,,0,0,Y,0,0,0,0,Andhra Pradesh
,SOC 63mm N Spk Foot Batten,,250,0,,0,0,Y,0,0,0,0,Andhra Pradesh
,SOC 63mm N Spk Latch,,0,0,,0,0,Y,0,0,0,0,Andhra Pradesh
,SOC 63mm N Spk Rubber Ring,,0,0,,0,0,Y,0,0,0,0,Andhra Pradesh
,Soc 63mm N-1 HDPE Spk Adopter,,0,0,,0,0,Y,0,0,0,0,Andhra Pradesh
,Soc 63mm N-1 HDPE Spk Bend,,0,0,,0,0,Y,0,0,0,0,Andhra Pradesh
,SOC 63mm N-1 HDPE SPK MLC,,0,0,,0,0,Y,0,0,0,0,Andhra Pradesh
,Soc 63mm N-1 HDPE Spk PCN,,0,0,,0,0,Y,0,0,0,0,Andhra Pradesh
,SOC 63MM N-1 HDPE Spk Pipe 3mtr,,350,0,,0,0,Y,0,0,0,0,Andhra Pradesh
,75mm NE HDPE Spk End Cap,,0,0,,0,0,Y,0,0,0,0,Rajasthan
,SOC 63MM N-1 HDPE Spk Pipe 6mtr,,540,0,,0,0,Y,0,0,0,0,Andhra Pradesh
,Soc 63mm N-1 HDPE Spk TEE,,0,0,,0,0,Y,0,0,0,0,Andhra Pradesh
,Soc 63mm N-1 Spk Foot Batten,,0,0,,0,0,Y,0,0,0,0,Andhra Pradesh
,Soc 63mm N-1 Spk Latch,,0,0,,0,0,Y,0,0,0,0,Andhra Pradesh
,Soc 63mm N3 HDPE Spk Adopter,,0,0,,0,0,Y,0,0,0,0,Andhra Pradesh
,Soc 63mm N3 HDPE Spk Bend,,0,0,,0,0,Y,0,0,0,0,Andhra Pradesh
,Soc 63mm N3 HDPE Spk MLC,,0,0,,0,0,Y,0,0,0,0,Andhra Pradesh
,Soc 63mm N3 HDPE Spk Pipe 3Mtr,,0,0,,0,0,Y,0,0,0,0,Andhra Pradesh
,Soc 63mm N3 HDPE Spk Pipe 6Mtr,,0,0,,0,0,Y,0,0,0,0,Andhra Pradesh
,Soc 63mm N3 HDPE Spk TEE,,0,0,,0,0,Y,0,0,0,0,Andhra Pradesh
,75MM NE HDPE Spk MLC,,0,0,,0,0,Y,0,0,0,0,Rajasthan
,Soc 63mm N3 Spk Foot Batten,,0,0,,0,0,Y,0,0,0,0,Andhra Pradesh
,Soc 63mm N3 Spk Latch,,0,0,,0,0,Y,0,0,0,0,Andhra Pradesh
,Soc 70mm N3 HDPE Spk Pipe 6mtr,,0,0,,0,0,Y,0,0,0,0,Andhra Pradesh
,SOC 75 MM EPC SPK LATCH P/C,,0,0,,0,0,Y,0,0,0,0,Andhra Pradesh
,SOC 75mm  N3 HDPE Spk Pipe 3mtr,,0,0,,0,0,Y,0,0,0,0,Andhra Pradesh
,Soc 75MM AVL Spk Latch,,0,0,,0,0,Y,0,0,0,0,Andhra Pradesh
,Soc 75MM E-5 HDPE Spk Adopter,,0,0,,0,0,Y,0,0,0,0,Andhra Pradesh
,Soc 75MM E-5 HDPE Spk Bend,,0,0,,0,0,Y,0,0,0,0,Andhra Pradesh
,Soc 75mm E5 HDPE Spk MLC,,0,0,,0,0,Y,0,0,0,0,Andhra Pradesh
,Soc 75MM E-5 HDPE Spk Tee,,0,0,,0,0,Y,0,0,0,0,Andhra Pradesh
,75mm NE HDPE Spk PCN,,0,0,,0,0,Y,0,0,0,0,Rajasthan
,Soc 75MM E-6 HDPE Spk MLC,,0,0,,0,0,Y,0,0,0,0,Andhra Pradesh
,Soc 75MM E-7 Spk Latch,,0,0,,0,0,Y,0,0,0,0,Andhra Pradesh
,SOC 75MM HDPE Spk Connector,,175,0,,0,0,Y,0,0,0,0,Andhra Pradesh
,SOC 75mm HDPE Spk End Cap,,90,0,,0,0,Y,0,0,0,0,Andhra Pradesh
,SOC 75mm HDPE Spk T.P.,,0,0,,0,0,Y,0,0,0,0,Andhra Pradesh
,SOC 75mm N HDPE Spk Adopter,,315,0,,0,0,Y,0,0,0,0,Andhra Pradesh
,SOC 75mm N HDPE Spk Bend,,275,0,,0,0,Y,0,0,0,0,Andhra Pradesh
,SOC 75mm N HDPE Spk MLC,,0,0,,0,0,Y,0,0,0,0,Andhra Pradesh
,SOC 75mm N HDPE Spk PCN,,225,0,,0,0,Y,0,0,0,0,Andhra Pradesh
,SOC 75mm N HDPE Spk Pipe 3mtr,,420,0,,0,0,Y,0,0,0,0,Andhra Pradesh
,75mm NE HDPE Spk Pipe 3mtr,,0,0,,0,0,Y,0,0,0,0,Rajasthan
,SOC 75mm N HDPE Spk Pipe 6mtr,,670,0,,0,0,Y,0,0,0,0,Andhra Pradesh
,SOC 75mm N HDPE Spk Tee,,350,0,,0,0,Y,0,0,0,0,Andhra Pradesh
,SOC 75MM N Spk F.Batten(G.I.),,315,0,,0,0,Y,0,0,0,0,Andhra Pradesh
,SOC 75mm N Spk Foot Batten(Black-P.C),,0,0,,0,0,Y,0,0,0,0,Andhra Pradesh
,Soc 75mm N Spk Foot Batten(GI-Cap),,0,0,,0,0,Y,0,0,0,0,Andhra Pradesh
,SOC 75mm N Spk Latch,,0,0,,0,0,Y,0,0,0,0,Andhra Pradesh
,Soc 75mm N(3.2Kg) HDPE Irrig Pipe 3mtr,,465,0,,0,0,Y,0,0,0,0,Andhra Pradesh
,Soc 75mm N(3.2Kg) HDPE Spk Pipe 6Mtr,,772,0,,0,0,Y,0,0,0,0,Andhra Pradesh
,Soc 75mm N(4Kg) HDPE Spk Pipe 6Mtr,,0,0,,0,0,Y,0,0,0,0,Andhra Pradesh
,SOC 75mm N1 HDPE Spk Adopter,,0,0,,0,0,Y,0,0,0,0,Andhra Pradesh
,75mm NE HDPE Spk Pipe 6mtr,,0,0,,0,0,Y,0,0,0,0,Rajasthan
,SOC 75mm N1 HDPE Spk Bend,,0,0,,0,0,Y,0,0,0,0,Andhra Pradesh
,SOC 75MM N1 HDPE Spk MLC,,0,0,,0,0,Y,0,0,0,0,Andhra Pradesh
,SOC 75mm N1 HDPE Spk PCN,,0,0,,0,0,Y,0,0,0,0,Andhra Pradesh
,SOC 75mm N1 HDPE Spk Pipe 3mtr,,420,0,,0,0,Y,0,0,0,0,Andhra Pradesh
,SOC 75MM N1 HDPE Spk Pipe 6mtr,,0,0,,0,0,Y,0,0,0,0,Andhra Pradesh
,SOC 75mm N1 HDPE Spk Tee,,0,0,,0,0,Y,0,0,0,0,Andhra Pradesh
,SOC 75MM N1 Spk F.Batten(G.I.),,0,0,,0,0,Y,0,0,0,0,Andhra Pradesh
,SOC 75mm N1 Spk Latch,,0,0,,0,0,Y,0,0,0,0,Andhra Pradesh
,Soc 75MM N1(3.2Kg) HDPE Spk Pipe 6Mtr,,772,0,,0,0,Y,0,0,0,0,Andhra Pradesh
,SOC 75mm N3 HDPE SKP Tee,,0,0,,0,0,Y,0,0,0,0,Andhra Pradesh
,75mm NE HDPE Spk Tee,,350,0,,0,0,Y,0,0,0,0,Rajasthan
,SOC 75mm N3 HDPE Spk Adopter,,0,0,,0,0,Y,0,0,0,0,Andhra Pradesh
,SOC 75mm N3 HDPE Spk Bend,,0,0,,0,0,Y,0,0,0,0,Andhra Pradesh
,Soc 75mm N3 HDPE SPK MLC,,0,0,,0,0,Y,0,0,0,0,Andhra Pradesh
,SOC 75mm N3 HDPE Spk PCN,,0,0,,0,0,Y,0,0,0,0,Andhra Pradesh
,SOC 75mm N3 HDPE Spk Pipe 6mtr,,0,0,,0,0,Y,0,0,0,0,Andhra Pradesh
,SOC 75mm N3 Spk Foot Batten,,0,0,,0,0,Y,0,0,0,0,Andhra Pradesh
,Soc 75mm N3 Spk Latch,,0,0,,0,0,Y,0,0,0,0,Andhra Pradesh
,SOC 75MM Spk Plain Latch,,0,0,,0,0,Y,0,0,0,0,Andhra Pradesh
,SOC 75x40mm Bush Nipple,,0,0,,0,0,Y,0,0,0,0,Andhra Pradesh
,SOC 75X63MM HDPE Spk Reducer,,300,0,,0,0,Y,0,0,0,0,Andhra Pradesh
,75mm NE Spk Latch,,0,0,,0,0,Y,0,0,0,0,Rajasthan
,SOC 75X63MM HDPE Spk Reducer Adopter,,0,0,,0,0,Y,0,0,0,0,Andhra Pradesh
,SOC 90MM AVL Spk Latch,,0,0,,0,0,Y,0,0,0,0,Andhra Pradesh
,SOC 90mm E-5 HDPE Spk Adopter,,0,0,,0,0,Y,0,0,0,0,Andhra Pradesh
,Soc 90mm E-5 HDPE Spk MLC,,0,0,,0,0,Y,0,0,0,0,Andhra Pradesh
,SOC 90MM EPC SPK FOOT BATTEN P/C,,0,0,,0,0,Y,0,0,0,0,Andhra Pradesh
,Soc 90mm Epc Spk Latch P/c,,0,0,,0,0,Y,0,0,0,0,Andhra Pradesh
,SOC 90MM HDPE Spk Connector,,200,0,,0,0,Y,0,0,0,0,Andhra Pradesh
,SOC 90mm HDPE Spk End Cap,,130,0,,0,0,Y,0,0,0,0,Andhra Pradesh
,SOC 90mm HDPE Spk T.P.,,0,0,,0,0,Y,0,0,0,0,Andhra Pradesh
,SOC 90mm N HDPE Spk Adopter,,430,0,,0,0,Y,0,0,0,0,Andhra Pradesh
,Elbow 90mm(PP-CF),,0,0,,0,0,Y,0,0,0,0,Rajasthan
,75mm NE(3.2Kg) HDPE Spk Pipe 6Mtr,,772,0,,0,0,Y,0,0,0,0,Rajasthan
,SOC 90mm N HDPE Spk Bend,,375,0,,0,0,Y,0,0,0,0,Andhra Pradesh
,SOC 90MM N HDPE Spk MLC,,0,0,,0,0,Y,0,0,0,0,Andhra Pradesh
,SOC 90mm N HDPE Spk PCN,,305,0,,0,0,Y,0,0,0,0,Andhra Pradesh
,SOC 90mm N HDPE Spk Pipe 3mtr,,555,0,,0,0,Y,0,0,0,0,Andhra Pradesh
,SOC 90mm N HDPE Spk Pipe 6mtr,,900,0,,0,0,Y,0,0,0,0,Andhra Pradesh
,SOC 90mm N HDPE Spk Tee,,495,0,,0,0,Y,0,0,0,0,Andhra Pradesh
,SOC 90mm N Spk Foot Batten,,430,0,,0,0,Y,0,0,0,0,Andhra Pradesh
,SOC 90mm N Spk Latch,,0,0,,0,0,Y,0,0,0,0,Andhra Pradesh
,SOC 90mm N(3.2kg) HDPE Spk Pipe 6mtr,,1060,0,,0,0,Y,0,0,0,0,Andhra Pradesh
,SOC 90mm N1 Spk Foot Batten,,0,0,,0,0,Y,0,0,0,0,Andhra Pradesh
,75mm NR HDPE Spk Adopter,,0,0,,0,0,Y,0,0,0,0,Rajasthan
,SOC 90mm N1 Spk Latch,,0,0,,0,0,Y,0,0,0,0,Andhra Pradesh
,SOC 90mm N2 Spk Latch,,0,0,,0,0,Y,0,0,0,0,Andhra Pradesh
,SOC 90mm N3 Spk Foot Batten,,0,0,,0,0,Y,0,0,0,0,Andhra Pradesh
,Soc 90mm N3 Spk Latch,,0,0,,0,0,Y,0,0,0,0,Andhra Pradesh
,SOC 90x75MM HDPE Spk Red.Tee,,580,0,,0,0,Y,0,0,0,0,Andhra Pradesh
,SOC 90x75MM HDPE Spk Reducer,,395,0,,0,0,Y,0,0,0,0,Andhra Pradesh
,SOC B 63mm HDPE Spk Bend,,0,0,,0,0,Y,0,0,0,0,Andhra Pradesh
,SOC B 63MM HDPE Spk TEE,,0,0,,0,0,Y,0,0,0,0,Andhra Pradesh
,SOC B 75mm HDPE Spk Bend,,0,0,,0,0,Y,0,0,0,0,Andhra Pradesh
,SOC B 75mm HDPE Spk Tee,,0,0,,0,0,Y,0,0,0,0,Andhra Pradesh
,75mm NR HDPE Spk Bend,,0,0,,0,0,Y,0,0,0,0,Rajasthan
,SOC B 90MM HDPE Adopter,,0,0,,0,0,Y,0,0,0,0,Andhra Pradesh
,SOC B 90MM HDPE Spk Bend,,0,0,,0,0,Y,0,0,0,0,Andhra Pradesh
,SOC B 90MM HDPE Spk Tee,,0,0,,0,0,Y,0,0,0,0,Andhra Pradesh
,SOC SPK RIVIT,,0,0,,0,0,Y,0,0,0,0,Andhra Pradesh
,Socket 63mm PVC,,0,0,,0,0,Y,0,0,0,0,Andhra Pradesh
,Socket 75mm PVC,,0,0,,0,0,Y,0,0,0,0,Andhra Pradesh
,Socket 90mm PVC,,0,0,,0,0,Y,0,0,0,0,Andhra Pradesh
,Socket for Spk Riser Pipe,,0,0,,0,0,Y,0,0,0,0,Andhra Pradesh
,Solvent Cement(Ltr),,0,0,,0,0,Y,0,0,0,0,Andhra Pradesh
,Spagheti Barbed Connector,,0,0,,0,0,Y,0,0,0,0,Andhra Pradesh
,75mm NR HDPE Spk MLC,,0,0,,0,0,Y,0,0,0,0,Rajasthan
,Spagheti/Extension Tube 6mm x 4mm,,3.1,0,,0,0,Y,0,0,0,0,Andhra Pradesh
,Sprinkler Nozzle(AJ- 01)Z,,0,0,,0,0,Y,0,0,0,0,Andhra Pradesh
,Sprinkler Nozzle(AJ-01)Medium,,0,0,,0,0,Y,0,0,0,0,Andhra Pradesh
,Sprinkler Nozzle(NI- 02)Z -3/4,,0,0,,0,0,Y,0,0,0,0,Andhra Pradesh
,Sprinkler Nozzle(NI-02)Heavy,,0,0,,0,0,Y,0,0,0,0,Andhra Pradesh
,Sprinkler Nozzle(NI-02)Light,,0,0,,0,0,Y,0,0,0,0,Andhra Pradesh
,Sprinkler Nozzle(NI-02)Medium,,0,0,,0,0,Y,0,0,0,0,Andhra Pradesh
,Sprinkler Nozzle(NI-02)Medium-N3,,0,0,,0,0,Y,0,0,0,0,Andhra Pradesh
,Sprinkler Nozzle(NI-02)Z-1/2,,275,0,,0,0,Y,0,0,0,0,Andhra Pradesh
,Sprinkler Nozzle(NI-02)Z-N3,,0,0,,0,0,Y,0,0,0,0,Andhra Pradesh
,75mm NR HDPE Spk PCN,,0,0,,0,0,Y,0,0,0,0,Rajasthan
,Sprinkler Nozzle(NI-03),,0,0,,0,0,Y,0,0,0,0,Andhra Pradesh
,Sprinkler Nozzle(PP)Full Circle '3/4',,400,0,,0,0,Y,0,0,0,0,Andhra Pradesh
,Sprinkler Nozzle(PP)-Single-Half Circle '3/4',,323,0,,0,0,Y,0,0,0,0,Andhra Pradesh
,Sprinkler Nozzle(PP)With Metal Spry Bush '3/4',,145,0,,0,0,Y,0,0,0,0,Andhra Pradesh
,Sprinkler Raingun Nozzle(Assembly) 1.25,,0,0,,0,0,Y,0,0,0,0,Andhra Pradesh
,Sprinkler Raingun Nozzle(Assembly) 1.5,,0,0,,0,0,Y,0,0,0,0,Andhra Pradesh
,Sprinkler Riser Pipe,,110,0,,0,0,Y,0,0,0,0,Andhra Pradesh
,Sprinkler Riser Pipe- 1 Mtr,,0,0,,0,0,Y,0,0,0,0,Andhra Pradesh
,Sprinkler Riser Pipes 1.25x1.5 Feet,,0,0,,0,0,Y,0,0,0,0,Andhra Pradesh
,Stand Ring 2 for Hydrocyclone Filter,,0,0,,0,0,Y,0,0,0,0,Andhra Pradesh
,75mm NR HDPE Spk Pipe 3mtr,,0,0,,0,0,Y,0,0,0,0,Rajasthan
,Stand Ring 3 for Hydrocyclone Filter,,0,0,,0,0,Y,0,0,0,0,Andhra Pradesh
,Stap Saddle 200mmX1.1/2,,0,0,,0,0,Y,0,0,0,0,Andhra Pradesh
,Stap Saddle 200mmX1.1/4,,0,0,,0,0,Y,0,0,0,0,Andhra Pradesh
,Stap Saddle 200mmX1/2,,0,0,,0,0,Y,0,0,0,0,Andhra Pradesh
,Start Connector Nipple 12mm,,2.13,0,,0,0,Y,0,0,0,0,Andhra Pradesh
,Start Connector Nipple 16MM,,2.24,0,,0,0,Y,0,0,0,0,Andhra Pradesh
,Start Connector Nipple 20mm,,2.24,0,,0,0,Y,0,0,0,0,Andhra Pradesh
,Tapping Compression Ferrule 20x/12,,0,0,,0,0,Y,0,0,0,0,Andhra Pradesh
,Tapping Coupler 20mm(EF),,0,0,,0,0,Y,0,0,0,0,Andhra Pradesh
,Tapping Saddle -90x1/2(EF),,0,0,,0,0,Y,0,0,0,0,Andhra Pradesh
,75mm NR HDPE Spk Pipe 6mtr,,0,0,,0,0,Y,0,0,0,0,Rajasthan
,Tapping Tee 90x20mm(EF),,0,0,,0,0,Y,0,0,0,0,Andhra Pradesh
,Tapping Tee with Coupler 90x20mm(EF),,0,0,,0,0,Y,0,0,0,0,Andhra Pradesh
,Tee (Compression Fitting) 16mx12m/16X16,,3.31,0,,0,0,Y,0,0,0,0,Andhra Pradesh
,Tee 110mm PVC,,201.53,0,,0,0,Y,0,0,0,0,Andhra Pradesh
,Tee 110mm(CF),,0,0,,0,0,Y,0,0,0,0,Andhra Pradesh
,Tee 140mm(PVC),,0,0,,0,0,Y,0,0,0,0,Andhra Pradesh
,Tee 200mm PVC,,0,0,,0,0,Y,0,0,0,0,Andhra Pradesh
,Tee 3 Side Male Threaded 1(32mm),,0,0,,0,0,Y,0,0,0,0,Andhra Pradesh
,TEE 32MM PVC,,0,0,,0,0,Y,0,0,0,0,Andhra Pradesh
,TEE 40MM PVC,,0,0,,0,0,Y,0,0,0,0,Andhra Pradesh
,75mm NR HDPE Spk Tee,,0,0,,0,0,Y,0,0,0,0,Rajasthan
,Tee 40mm(CF),,0,0,,0,0,Y,0,0,0,0,Andhra Pradesh
,TEE 50MM PVC,,39.96,0,,0,0,Y,0,0,0,0,Andhra Pradesh
,Tee 63mm PVC,,61.03,0,,0,0,Y,0,0,0,0,Andhra Pradesh
,Tee 75mm  PVC,,84.29,0,,0,0,Y,0,0,0,0,Andhra Pradesh
,Tee 75mm(CF),,0,0,,0,0,Y,0,0,0,0,Andhra Pradesh
,Tee 90mm  PVC,,136.4,0,,0,0,Y,0,0,0,0,Andhra Pradesh
,Tee 90mm(CF),,0,0,,0,0,Y,0,0,0,0,Andhra Pradesh
,Tee(Compression Fitting) 12x12mm,,3.42,0,,0,0,Y,0,0,0,0,Andhra Pradesh
,Tee(Compression Fitting) 16x16mm,,3.31,0,,0,0,Y,0,0,0,0,Andhra Pradesh
,Tee(Compression Fitting) 16x12mm,,3.75,0,,0,0,Y,0,0,0,0,Andhra Pradesh
,75mm NR Spk Latch,,0,0,,0,0,Y,0,0,0,0,Rajasthan
,Tee(Compression Fitting)25mmx1x25mm,,36.76,0,,0,0,Y,0,0,0,0,Andhra Pradesh
,TEE(Compression Fitting)32mm X1 X32mm,,41.21,0,,0,0,Y,0,0,0,0,Andhra Pradesh
,TEE(Compression Fitting)50MM,,0,0,,0,0,Y,0,0,0,0,Andhra Pradesh
,TEE(Compression Fitting)63MM,,0,0,,0,0,Y,0,0,0,0,Andhra Pradesh
,Thinwall Emmitting Pipe(16mm 4LPH 40cm).3mm,,0,0,,0,0,Y,0,0,0,0,Andhra Pradesh
,Thinwall Emmitting Pipe(16mm 4LPH 40CM).4mm,,0,0,,0,0,Y,0,0,0,0,Andhra Pradesh
,Throttle Valve 2(PP),,774,0,,0,0,Y,0,0,0,0,Andhra Pradesh
,Throttle Valve 2.5(PP),,1800,0,,0,0,Y,0,0,0,0,Andhra Pradesh
,Throttle Valves 3 (PP),,2356,0,,0,0,Y,0,0,0,0,Andhra Pradesh
,Vaccum Breaker Valve 0.5,,0,0,,0,0,Y,0,0,0,0,Andhra Pradesh
,75mm NR Spk Latch (Spl),,0,0,,0,0,Y,0,0,0,0,Rajasthan
,Ventury Ass. with Manifold & Without Rotameter 3/4,,764,0,,0,0,Y,0,0,0,0,Andhra Pradesh
,Ventury Assembly with Manifold & Rotameter 3/4,,1335,0,,0,0,Y,0,0,0,0,Andhra Pradesh
,Ventury Assembly with Manifold 1,,801,0,,0,0,Y,0,0,0,0,Andhra Pradesh
,Ventury Assembly with Manifold 1.5'',,3389,0,,0,0,Y,0,0,0,0,Andhra Pradesh
,Ventury Assembly with Manifold 2,,2170.2,0,,0,0,Y,0,0,0,0,Andhra Pradesh
,Ventury Assembly with Manifold 2.5,,3000,0,,0,0,Y,0,0,0,0,Andhra Pradesh
,Washer Plain M-3-4-5,,0,0,,0,0,Y,0,0,0,0,Andhra Pradesh
,Winder Dripline,,0,0,,0,0,Y,0,0,0,0,Andhra Pradesh
,Emmitting Pipe CL-II (16mm 2Lph 60cm )Round,,10.65,0,,0,0,Y,0,0,0,0,Haryana
,PVC PIPE 160MMX4KG/CM2 (MTR),,0,0,,0,0,Y,0,0,0,0,Haryana
,Elbow GI 20MM,,0,0,,0,0,Y,0,0,0,0,Rajasthan
,75MM PCN CLAMP/CLIP,,0,0,,0,0,Y,0,0,0,0,Rajasthan
,PVC PIPE 180MMX2.5KG/CM2 (MTR),,331,0,,0,0,Y,0,0,0,0,Haryana
,PVC PIPE 180MMX4KG/CM2 (MTR),,533.4,0,,0,0,Y,0,0,0,0,Haryana
,PVC PIPE 180MMX6KG/CM2 (MTR),,761.5,0,,0,0,Y,0,0,0,0,Haryana
,SOC 110mm N HDPE Spk Pipe 3mtr,,775,0,,0,0,Y,0,0,0,0,Haryana
,Tee(Compression Fitting) 16x16mm,,3.31,0,,0,0,Y,0,0,0,0,Haryana
,Tee(Compression Fitting) 16x12mm,,3.75,0,,0,0,Y,0,0,0,0,Haryana
,63mm PN4 PE- 63 N,,118.28,0,,0,0,Y,0,0,0,0,Rajasthan
,75mm PN4 PE- 63 N,,169.96,0,,0,0,Y,0,0,0,0,Rajasthan
,Air Release Valve 1,,110,0,,0,0,Y,0,0,0,0,Rajasthan
,Air Release Valve 1.5 (HT-89),,493,0,,0,0,Y,0,0,0,0,Rajasthan
,75MM Spk Foot Batten(PP),,0,0,,0,0,Y,0,0,0,0,Rajasthan
,By Pass Assembly 2x1.5''(PP),,700,0,,0,0,Y,0,0,0,0,Rajasthan
,Disc Filter 20m3/hrx2(PP),,4549,0,,0,0,Y,0,0,0,0,Rajasthan
,Disc Filter 25m3/hrx2(HT-134TS),,3630.6,0,,0,0,Y,0,0,0,0,Rajasthan
,Disc Filter 30m3/hr x 2.5(HT-135T),,3630.6,0,,0,0,Y,0,0,0,0,Rajasthan
,Disc Filter 40m3/hrx2.5(PP),,3816,0,,0,0,Y,0,0,0,0,Rajasthan
,Disc Filter 50m3/hrx3(HT-136T)-Plastic,,3816,0,,0,0,Y,0,0,0,0,Rajasthan
,Emmitting Pipe CL-II (16mm 2Lph 60cm )Round,,10.65,0,,0,0,Y,0,0,0,0,Rajasthan
,Emmitting Pipe CL-II(16mm 2LPH 30cm)Flat,,12.99,0,,0,0,Y,0,0,0,0,Rajasthan
,Emmitting Pipe CL-II(16mm 2LPH 30cm)Round,,12.25,0,,0,0,Y,0,0,0,0,Rajasthan
,Emmitting Pipe CL-II(16mm 4LPH 30cm)Flat,,12.99,0,,0,0,Y,0,0,0,0,Rajasthan
,75MM SPK PCN NIPPLE,,0,0,,0,0,Y,0,0,0,0,Rajasthan
,Emmitting Pipe CL-II(16mm 4LPH 30cm)Round,,12.25,0,,0,0,Y,0,0,0,0,Rajasthan
,Fertilizer Tank with Assembly 60-Litres,,5750,0,,0,0,Y,0,0,0,0,Rajasthan
,Flush Valve(40x50) 50mm,,62,0,,0,0,Y,0,0,0,0,Rajasthan
,Flush Valve(50x63) 63mm,,52,0,,0,0,Y,0,0,0,0,Rajasthan
,Flush Valve(63x75) 75mm,,90,0,,0,0,Y,0,0,0,0,Rajasthan
,Hydro Cyclone Filter 20m3/hr x  2(M.S.),,3393,0,,0,0,Y,0,0,0,0,Rajasthan
,Hydro Cyclone Filter 30m3/hr x 2.5(MS),,8144,0,,0,0,Y,0,0,0,0,Rajasthan
,Hydro-Cyclone Filter 40m3/hrx2.5(M.S.),,3393,0,,0,0,Y,0,0,0,0,Rajasthan
,LLDPE Plain Laterals 12mm 2.5kg CL-II,,5,0,,0,0,Y,0,0,0,0,Rajasthan
,LLDPE Plain Laterals 16mm 2.5Kg CL-II,,11,0,,0,0,Y,0,0,0,0,Rajasthan
,75MM SPK PCN NIPPLE-SHORT(M.S. COUPLER),,0,0,,0,0,Y,0,0,0,0,Rajasthan
,Non Return Valve 1.5(40mm),,600,0,,0,0,Y,0,0,0,0,Rajasthan
,Non Return Valve 2(50mm),,800,0,,0,0,Y,0,0,0,0,Rajasthan
,Non Return Valve 2.5(65mm),,1280,0,,0,0,Y,0,0,0,0,Rajasthan
,On Line Dripper(4-LPH),,3.95,0,,0,0,Y,0,0,0,0,Rajasthan
,On Line Dripper(8-LPH),,395,0,0,0,0,Y,0,0,0,0,Rajasthan
,P.P. Ball Valve/control Valve 50mm(Plain),,240,0,,0,0,Y,0,0,0,0,Rajasthan
,PP Ball Valve/Control Valve 32mm Single Union,,162,0,,0,0,Y,0,0,0,0,Rajasthan
,PP Ball Valve/Control Valve 40mm(Plain),,329,0,,0,0,Y,0,0,0,0,Rajasthan
,PP Ball Valve/Control Valve 63mm-Plain,,356,0,,0,0,Y,0,0,0,0,Rajasthan
,PP Ball Valve/Control Valve 75mm Plain,,668,0,,0,0,Y,0,0,0,0,Rajasthan
,75MM Spk Plain Rubber Ring,,0,0,,0,0,Y,0,0,0,0,Rajasthan
,PP Ball Valve/Control Valve 90mm Plain,,700,0,,0,0,Y,0,0,0,0,Rajasthan
,Pressure Gauge 2,,131.4,0,,0,0,Y,0,0,0,0,Rajasthan
,PVC PIPE 160MMX4KG/CM2 (MTR),,2472,0,,0,0,Y,0,0,0,0,Rajasthan
,PVC PIPE 180MMX2.5KG/CM2 (MTR),,1987.2,0,,0,0,Y,0,0,0,0,Rajasthan
,PVC PIPE 180MMX4KG/CM2 (MTR),,3200.4,0,,0,0,Y,0,0,0,0,Rajasthan
,PVC PIPE 180MMX6KG/CM2 (MTR),,4569,0,,0,0,Y,0,0,0,0,Rajasthan
,PVC PIPE 40MMX6KG/CM2 (MTR),,282,0,,0,0,Y,0,0,0,0,Rajasthan
,PVC PIPE 50MMX6KG/CM2 (MTR),,367.92,0,,0,0,Y,0,0,0,0,Rajasthan
,PVC PIPE 63MM X 4 KG/CM2 (MTR),,392.52,0,,0,0,Y,0,0,0,0,Rajasthan
,PVC PIPE 75MM X 4KG/CM2 (MTR),,553.5,0,,0,0,Y,0,0,0,0,Rajasthan
,75x40mm HDPE Bush PCN,,0,0,,0,0,Y,0,0,0,0,Rajasthan
,PVC PIPE 90MM X4KG/CM2 (MTR),,772.8,0,,0,0,Y,0,0,0,0,Rajasthan
,Sand Filter 10m3/hr x 1.5,,16825,0,,0,0,Y,0,0,0,0,Rajasthan
,Sand Filter 20xm3/hr 2,,13650.7,0,,0,0,Y,0,0,0,0,Rajasthan
,Sand Filter 25m3/hr x 2,,16100,0,,0,0,Y,0,0,0,0,Rajasthan
,Sand Filter 30mm3X2.5,,24199,0,,0,0,Y,0,0,0,0,Rajasthan
,Sand Filter 40m3/hr x 2.5,,30687,0,,0,0,Y,0,0,0,0,Rajasthan
,Screen Filter 20m3/hr x 2(Plastic),,2400,0,,0,0,Y,0,0,0,0,Rajasthan
,Screen Filter 30m3/hrx2.5(Plastic),,1666.8,0,,0,0,Y,0,0,0,0,Rajasthan
,Screen Filter 40m3/hr x 3(Plastics),,3087,0,,0,0,Y,0,0,0,0,Rajasthan
,Screen Filter 50m3/hr x 3(Plastic),,1765.2,0,,0,0,Y,0,0,0,0,Rajasthan
,75x63MM HDPE MOULDED REDUCER,,0,0,,0,0,Y,0,0,0,0,Rajasthan
,SOC 110mm N HDPE Spk Pipe 3mtr,,410,0,,0,0,Y,0,0,0,0,Rajasthan
,SOC 63mm HDPE Spk End Cap,,70,0,,0,0,Y,0,0,0,0,Rajasthan
,SOC 63MM N HDPE Spk Tee,,275,0,,0,0,Y,0,0,0,0,Rajasthan
,SOC 75mm HDPE Spk End Cap,,90,0,,0,0,Y,0,0,0,0,Rajasthan
,SOC 75mm N HDPE Spk Tee,,350,0,,0,0,Y,0,0,0,0,Rajasthan
,Sprinkler Nozzle(PP)Full Circle '3/4',,400,0,,0,0,Y,0,0,0,0,Rajasthan
,Sprinkler Riser Pipe- 1 Mtr,,110,0,,0,0,Y,0,0,0,0,Rajasthan
,Tee(Compression Fitting) 16x12mm,,3.42,0,,0,0,Y,0,0,0,0,Rajasthan
,Tee(Compression Fitting) 16x16mm,,3.75,0,,0,0,Y,0,0,0,0,Rajasthan
,Throttle Valve 2(PP),,41.21,0,,0,0,Y,0,0,0,0,Rajasthan
,75x63mm HDPE Spk Reducer(E/R),,0,0,,0,0,Y,0,0,0,0,Rajasthan
,Throttle Valve 2.5(PP),,1800,0,,0,0,Y,0,0,0,0,Rajasthan
,Ventury Assembly with Manifold 1,,801,0,,0,0,Y,0,0,0,0,Rajasthan
,Ventury Assembly with Manifold 1.5'',,801,0,,0,0,Y,0,0,0,0,Rajasthan
,Ventury Assembly with Manifold 2,,2170.2,0,,0,0,Y,0,0,0,0,Rajasthan
,Ventury Assembly with Manifold 2.5,,2170.2,0,,0,0,Y,0,0,0,0,Rajasthan
,Nut-Bolt-Washer-Gasket for Header Assl. 2,,0,0,,0,0,Y,0,0,0,0,Maharashtra
,20MM INLINE DRIPPER(4-LPH)ROUND,,0,0,,0,0,Y,0,0,0,0,Maharashtra
,Emmitting Pipe CL-II(12mm 4LPH 40cm) Flat,,8.19,0,,0,0,Y,0,0,0,0,Maharashtra
,Soc 50MM N HDPE Spk MLC,,0,0,,0,0,Y,0,0,0,0,Maharashtra
,SOC 50MM N HDPE Spk PCN,,205,0,,0,0,Y,0,0,0,0,Maharashtra
,75x63mm MDPE Reducer,,0,0,,0,0,Y,0,0,0,0,Rajasthan
,SOC 50MM N HDPE Spk Pipe 3mtr,,320,0,,0,0,Y,0,0,0,0,Maharashtra
,SOC 50MM N HDPE Spk Pipe 5mtr,,0,0,,0,0,Y,0,0,0,0,Maharashtra
,SOC 50MM N HDPE Spk Pipe 6mtr,,510,0,,0,0,Y,0,0,0,0,Maharashtra
,SOC 50MM N HDPE Spk Tee,,250,0,,0,0,Y,0,0,0,0,Maharashtra
,SOC 50MM N Spk Foot Batten,,250,0,,0,0,Y,0,0,0,0,Maharashtra
,SOC 50MM N Spk Latch,,0,0,,0,0,Y,0,0,0,0,Maharashtra
,Soc 63MM E-5 HDPE Spk Adopter,,0,0,,0,0,Y,0,0,0,0,Maharashtra
,Soc 63MM E5 HDPE Spk Bend,,0,0,,0,0,Y,0,0,0,0,Maharashtra
,Emmitting Pipe CL-II(12MM 4LPH 40CM)Round,,8.19,0,,0,0,Y,0,0,0,0,Maharashtra
,Soc 63mm E5 HDPE Spk MLC,,0,0,,0,0,Y,0,0,0,0,Maharashtra
,90MM  HDPE Spk End Cap,,0,0,,0,0,Y,0,0,0,0,Rajasthan
,Soc 63MM E-5 HDPE Spk PCN,,0,0,,0,0,Y,0,0,0,0,Maharashtra
,Soc 63MM E-5 HDPE Spk Tee,,0,0,,0,0,Y,0,0,0,0,Maharashtra
,Soc 63mm Epc Spk Latch (P/c),,0,0,,0,0,Y,0,0,0,0,Maharashtra
,SOC 63mm HDPE Spk End Cap,,70,0,,0,0,Y,0,0,0,0,Maharashtra
,SOC 63mm HDPE Spk T.P.,,0,0,,0,0,Y,0,0,0,0,Maharashtra
,SOC 63MM N HDPE Spk Adopter,,250,0,,0,0,Y,0,0,0,0,Maharashtra
,SOC 63MM N HDPE Spk Bend,,220,0,,0,0,Y,0,0,0,0,Maharashtra
,SOC 63mm N HDPE Spk MLC,,0,0,,0,0,Y,0,0,0,0,Maharashtra
,SOC 63MM N HDPE Spk PCN,,225,0,,0,0,Y,0,0,0,0,Maharashtra
,Emmitting Pipe CL-II(12mm 4LPH 60cm)Round,,7.54,0,,0,0,Y,0,0,0,0,Maharashtra
,Elbow(CF-PP)20MM,,0,0,,0,0,Y,0,0,0,0,Rajasthan
,90mm B HDPE Spk PCN,,0,0,,0,0,Y,0,0,0,0,Rajasthan
,SOC 63MM N HDPE Spk Pipe 3Mtr,,350,0,,0,0,Y,0,0,0,0,Maharashtra
,SOC 63MM N HDPE Spk Pipe 6Mtr,,540,0,,0,0,Y,0,0,0,0,Maharashtra
,SOC 63MM N HDPE Spk Tee,,275,0,,0,0,Y,0,0,0,0,Maharashtra
,SOC 63mm N Spk Connector,,160,0,,0,0,Y,0,0,0,0,Maharashtra
,SOC 63mm N Spk Foot Batten,,250,0,,0,0,Y,0,0,0,0,Maharashtra
,SOC 63mm N Spk Latch,,0,0,,0,0,Y,0,0,0,0,Maharashtra
,SOC 63mm N Spk Rubber Ring,,0,0,,0,0,Y,0,0,0,0,Maharashtra
,Soc 63mm N-1 HDPE Spk Adopter,,0,0,,0,0,Y,0,0,0,0,Maharashtra
,Soc 63mm N-1 HDPE Spk Bend,,0,0,,0,0,Y,0,0,0,0,Maharashtra
,SOC 63mm N-1 HDPE SPK MLC,,0,0,,0,0,Y,0,0,0,0,Maharashtra
,90mm B HDPE Spk Tee,,0,0,,0,0,Y,0,0,0,0,Rajasthan
,Emmitting Pipe CL-II(16mm 2LPH 30cm)Flat,,12.99,0,,0,0,Y,0,0,0,0,Maharashtra
,Soc 63mm N-1 HDPE Spk PCN,,0,0,,0,0,Y,0,0,0,0,Maharashtra
,SOC 63MM N-1 HDPE Spk Pipe 3mtr,,350,0,,0,0,Y,0,0,0,0,Maharashtra
,SOC 63MM N-1 HDPE Spk Pipe 6mtr,,540,0,,0,0,Y,0,0,0,0,Maharashtra
,Soc 63mm N-1 HDPE Spk TEE,,0,0,,0,0,Y,0,0,0,0,Maharashtra
,Soc 63mm N-1 Spk Foot Batten,,0,0,,0,0,Y,0,0,0,0,Maharashtra
,Soc 63mm N-1 Spk Latch,,0,0,,0,0,Y,0,0,0,0,Maharashtra
,Soc 63mm N3 HDPE Spk Adopter,,0,0,,0,0,Y,0,0,0,0,Maharashtra
,Soc 63mm N3 HDPE Spk Bend,,0,0,,0,0,Y,0,0,0,0,Maharashtra
,Soc 63mm N3 HDPE Spk MLC,,0,0,,0,0,Y,0,0,0,0,Maharashtra
,90MM COIL NIPPLE(G.I.),,0,0,,0,0,Y,0,0,0,0,Rajasthan
,Soc 63mm N3 HDPE Spk Pipe 3Mtr,,0,0,,0,0,Y,0,0,0,0,Maharashtra
,Emmitting Pipe CL-II(16mm 2LPH 30cm)Round,,12.25,0,,0,0,Y,0,0,0,0,Maharashtra
,Soc 63mm N3 HDPE Spk Pipe 6Mtr,,0,0,,0,0,Y,0,0,0,0,Maharashtra
,Soc 63mm N3 HDPE Spk TEE,,0,0,,0,0,Y,0,0,0,0,Maharashtra
,Soc 63mm N3 Spk Foot Batten,,0,0,,0,0,Y,0,0,0,0,Maharashtra
,Soc 63mm N3 Spk Latch,,0,0,,0,0,Y,0,0,0,0,Maharashtra
,Soc 70mm N3 HDPE Spk Pipe 6mtr,,0,0,,0,0,Y,0,0,0,0,Maharashtra
,SOC 75 MM EPC SPK LATCH P/C,,0,0,,0,0,Y,0,0,0,0,Maharashtra
,SOC 75mm  N3 HDPE Spk Pipe 3mtr,,0,0,,0,0,Y,0,0,0,0,Maharashtra
,Soc 75MM AVL Spk Latch,,0,0,,0,0,Y,0,0,0,0,Maharashtra
,90MM COIL NIPPLE(SS-12),,0,0,,0,0,Y,0,0,0,0,Rajasthan
,Soc 75MM E-5 HDPE Spk Adopter,,0,0,,0,0,Y,0,0,0,0,Maharashtra
,Soc 75MM E-5 HDPE Spk Bend,,0,0,,0,0,Y,0,0,0,0,Maharashtra
,Emmitting Pipe CL-II(16mm 2LPH 40cm)Flat,,12.08,0,,0,0,Y,0,0,0,0,Maharashtra
,Soc 75mm E5 HDPE Spk MLC,,0,0,,0,0,Y,0,0,0,0,Maharashtra
,Soc 75MM E-5 HDPE Spk Tee,,0,0,,0,0,Y,0,0,0,0,Maharashtra
,Soc 75MM E-6 HDPE Spk MLC,,0,0,,0,0,Y,0,0,0,0,Maharashtra
,Soc 75MM E-7 Spk Latch,,0,0,,0,0,Y,0,0,0,0,Maharashtra
,SOC 75MM HDPE Spk Connector,,175,0,,0,0,Y,0,0,0,0,Maharashtra
,SOC 75mm HDPE Spk End Cap,,90,0,,0,0,Y,0,0,0,0,Maharashtra
,SOC 75mm HDPE Spk T.P.,,0,0,,0,0,Y,0,0,0,0,Maharashtra
,90MM HDPE Irrig Pipe for Hydrant(MTR),,0,0,,0,0,Y,0,0,0,0,Rajasthan
,SOC 75mm N HDPE Spk Adopter,,315,0,,0,0,Y,0,0,0,0,Maharashtra
,SOC 75mm N HDPE Spk Bend,,275,0,,0,0,Y,0,0,0,0,Maharashtra
,SOC 75mm N HDPE Spk MLC,,0,0,,0,0,Y,0,0,0,0,Maharashtra
,Emmitting Pipe CL-II(16mm 2LPH 40cm)Flat K-Drip,,11.4,0,,0,0,Y,0,0,0,0,Maharashtra
,SOC 75mm N HDPE Spk PCN,,225,0,,0,0,Y,0,0,0,0,Maharashtra
,SOC 75mm N HDPE Spk Pipe 3mtr,,420,0,,0,0,Y,0,0,0,0,Maharashtra
,SOC 75mm N HDPE Spk Pipe 6mtr,,670,0,,0,0,Y,0,0,0,0,Maharashtra
,SOC 75mm N HDPE Spk Tee,,350,0,,0,0,Y,0,0,0,0,Maharashtra
,SOC 75MM N Spk F.Batten(G.I.),,315,0,,0,0,Y,0,0,0,0,Maharashtra
,SOC 75mm N Spk Foot Batten(Black-P.C),,0,0,,0,0,Y,0,0,0,0,Maharashtra
,90MM HDPE MOULDED BEND,,0,0,,0,0,Y,0,0,0,0,Rajasthan
,Soc 75mm N Spk Foot Batten(GI-Cap),,0,0,,0,0,Y,0,0,0,0,Maharashtra
,SOC 75mm N Spk Latch,,0,0,,0,0,Y,0,0,0,0,Maharashtra
,Soc 75mm N(3.2Kg) HDPE Irrig Pipe 3mtr,,465,0,,0,0,Y,0,0,0,0,Maharashtra
,Soc 75mm N(3.2Kg) HDPE Spk Pipe 6Mtr,,772,0,,0,0,Y,0,0,0,0,Maharashtra
,Emmitting Pipe CL-II(16mm 2LPH 50cm)Flat,,11.63,0,,0,0,Y,0,0,0,0,Maharashtra
,Soc 75mm N(4Kg) HDPE Spk Pipe 6Mtr,,0,0,,0,0,Y,0,0,0,0,Maharashtra
,SOC 75mm N1 HDPE Spk Adopter,,0,0,,0,0,Y,0,0,0,0,Maharashtra
,SOC 75mm N1 HDPE Spk Bend,,0,0,,0,0,Y,0,0,0,0,Maharashtra
,SOC 75MM N1 HDPE Spk MLC,,0,0,,0,0,Y,0,0,0,0,Maharashtra
,SOC 75mm N1 HDPE Spk PCN,,0,0,,0,0,Y,0,0,0,0,Maharashtra
,90MM HDPE MOULDED PIPE END,,0,0,,0,0,Y,0,0,0,0,Rajasthan
,SOC 75mm N1 HDPE Spk Pipe 3mtr,,420,0,,0,0,Y,0,0,0,0,Maharashtra
,SOC 75MM N1 HDPE Spk Pipe 6mtr,,0,0,,0,0,Y,0,0,0,0,Maharashtra
,SOC 75mm N1 HDPE Spk Tee,,0,0,,0,0,Y,0,0,0,0,Maharashtra
,SOC 75MM N1 Spk F.Batten(G.I.),,0,0,,0,0,Y,0,0,0,0,Maharashtra
,SOC 75mm N1 Spk Latch,,0,0,,0,0,Y,0,0,0,0,Maharashtra
,Emmitting Pipe CL-II(16mm 2LPH 50cm)Round,,10.97,0,,0,0,Y,0,0,0,0,Maharashtra
,Soc 75MM N1(3.2Kg) HDPE Spk Pipe 6Mtr,,772,0,,0,0,Y,0,0,0,0,Maharashtra
,SOC 75mm N3 HDPE SKP Tee,,0,0,,0,0,Y,0,0,0,0,Maharashtra
,SOC 75mm N3 HDPE Spk Adopter,,0,0,,0,0,Y,0,0,0,0,Maharashtra
,SOC 75mm N3 HDPE Spk Bend,,0,0,,0,0,Y,0,0,0,0,Maharashtra
,90mm HDPE Spk Connector,,0,0,,0,0,Y,0,0,0,0,Rajasthan
,Soc 75mm N3 HDPE SPK MLC,,0,0,,0,0,Y,0,0,0,0,Maharashtra
,SOC 75mm N3 HDPE Spk PCN,,0,0,,0,0,Y,0,0,0,0,Maharashtra
,SOC 75mm N3 HDPE Spk Pipe 6mtr,,0,0,,0,0,Y,0,0,0,0,Maharashtra
,SOC 75mm N3 Spk Foot Batten,,0,0,,0,0,Y,0,0,0,0,Maharashtra
,Soc 75mm N3 Spk Latch,,0,0,,0,0,Y,0,0,0,0,Maharashtra
,SOC 75MM Spk Plain Latch,,0,0,,0,0,Y,0,0,0,0,Maharashtra
,Emmitting Pipe CL-II(16mm 4LPH 30cm)Flat,,12.99,0,,0,0,Y,0,0,0,0,Maharashtra
,SOC 75x40mm Bush Nipple,,0,0,,0,0,Y,0,0,0,0,Maharashtra
,SOC 75X63MM HDPE Spk Reducer,,300,0,,0,0,Y,0,0,0,0,Maharashtra
,SOC 75X63MM HDPE Spk Reducer Adopter,,0,0,,0,0,Y,0,0,0,0,Maharashtra
,90mm HDPE Spk Hydrent Bend,,0,0,,0,0,Y,0,0,0,0,Rajasthan
,SOC 90MM AVL Spk Latch,,0,0,,0,0,Y,0,0,0,0,Maharashtra
,SOC 90mm E-5 HDPE Spk Adopter,,0,0,,0,0,Y,0,0,0,0,Maharashtra
,Soc 90mm E-5 HDPE Spk MLC,,0,0,,0,0,Y,0,0,0,0,Maharashtra
,SOC 90MM EPC SPK FOOT BATTEN P/C,,0,0,,0,0,Y,0,0,0,0,Maharashtra
,Soc 90mm Epc Spk Latch P/c,,0,0,,0,0,Y,0,0,0,0,Maharashtra
,SOC 90MM HDPE Spk Connector,,200,0,,0,0,Y,0,0,0,0,Maharashtra
,SOC 90mm HDPE Spk End Cap,,130,0,,0,0,Y,0,0,0,0,Maharashtra
,250mm Pvc Bend,,0,0,,0,0,Y,0,0,0,0,Maharashtra
,Emmitting Pipe CL-II(16mm 4LPH 30cm)Round,,12.25,0,,0,0,Y,0,0,0,0,Maharashtra
,SOC 90mm HDPE Spk T.P.,,0,0,,0,0,Y,0,0,0,0,Maharashtra
,90MM HDPE Spk Hydrents,,0,0,,0,0,Y,0,0,0,0,Rajasthan
,SOC 90mm N HDPE Spk Adopter,,430,0,,0,0,Y,0,0,0,0,Maharashtra
,SOC 90mm N HDPE Spk Bend,,375,0,,0,0,Y,0,0,0,0,Maharashtra
,SOC 90MM N HDPE Spk MLC,,0,0,,0,0,Y,0,0,0,0,Maharashtra
,SOC 90mm N HDPE Spk PCN,,305,0,,0,0,Y,0,0,0,0,Maharashtra
,SOC 90mm N HDPE Spk Pipe 3mtr,,555,0,,0,0,Y,0,0,0,0,Maharashtra
,SOC 90mm N HDPE Spk Pipe 6mtr,,900,0,,0,0,Y,0,0,0,0,Maharashtra
,SOC 90mm N HDPE Spk Tee,,495,0,,0,0,Y,0,0,0,0,Maharashtra
,SOC 90mm N Spk Foot Batten,,430,0,,0,0,Y,0,0,0,0,Maharashtra
,SOC 90mm N Spk Latch,,0,0,,0,0,Y,0,0,0,0,Maharashtra
,Emmitting Pipe CL-II(16mm 4LPH 40cm)Flat,,12.08,0,,0,0,Y,0,0,0,0,Maharashtra
,Emmitting Pipe (16mm 4LPH 30cm)R Hybrid-Eco,,12.25,0,,0,0,Y,0,0,0,0,Rajasthan
,90MM HDPE Spk Irrig Pipe(1-ft)PT-II(Sample),,0,0,,0,0,Y,0,0,0,0,Rajasthan
,SOC 90mm N(3.2kg) HDPE Spk Pipe 6mtr,,1060,0,,0,0,Y,0,0,0,0,Maharashtra
,SOC 90mm N1 Spk Foot Batten,,0,0,,0,0,Y,0,0,0,0,Maharashtra
,SOC 90mm N1 Spk Latch,,0,0,,0,0,Y,0,0,0,0,Maharashtra
,SOC 90mm N2 Spk Latch,,0,0,,0,0,Y,0,0,0,0,Maharashtra
,SOC 90mm N3 Spk Foot Batten,,0,0,,0,0,Y,0,0,0,0,Maharashtra
,Soc 90mm N3 Spk Latch,,0,0,,0,0,Y,0,0,0,0,Maharashtra
,SOC 90x75MM HDPE Spk Red.Tee,,580,0,,0,0,Y,0,0,0,0,Maharashtra
,SOC 90x75MM HDPE Spk Reducer,,395,0,,0,0,Y,0,0,0,0,Maharashtra
,SOC B 63mm HDPE Spk Bend,,0,0,,0,0,Y,0,0,0,0,Maharashtra
,SOC B 63MM HDPE Spk TEE,,0,0,,0,0,Y,0,0,0,0,Maharashtra
,90mm HDPE Spk PCN Cap,,0,0,,0,0,Y,0,0,0,0,Rajasthan
,Emmitting Pipe CL-II(16mm 4LPH 40cm)Round,,11.4,0,,0,0,Y,0,0,0,0,Maharashtra
,SOC B 75mm HDPE Spk Bend,,0,0,,0,0,Y,0,0,0,0,Maharashtra
,SOC B 75mm HDPE Spk Tee,,0,0,,0,0,Y,0,0,0,0,Maharashtra
,SOC B 90MM HDPE Adopter,,0,0,,0,0,Y,0,0,0,0,Maharashtra
,SOC B 90MM HDPE Spk Bend,,0,0,,0,0,Y,0,0,0,0,Maharashtra
,SOC B 90MM HDPE Spk Tee,,0,0,,0,0,Y,0,0,0,0,Maharashtra
,SOC SPK RIVIT,,0,0,,0,0,Y,0,0,0,0,Maharashtra
,Socket for Spk Riser Pipe,,0,0,,0,0,Y,0,0,0,0,Maharashtra
,Sprinkler Nozzle(AJ- 01)Z,,0,0,,0,0,Y,0,0,0,0,Maharashtra
,Sprinkler Nozzle(AJ-01)Medium,,0,0,,0,0,Y,0,0,0,0,Maharashtra
,90mm HDPE Spk T.P.,,0,0,,0,0,Y,0,0,0,0,Rajasthan
,Sprinkler Nozzle(NI- 02)Z -3/4,,0,0,,0,0,Y,0,0,0,0,Maharashtra
,Emmitting Pipe CL-II(16mm 4LPH 40cm)Round E-5,,11.4,0,,0,0,Y,0,0,0,0,Maharashtra
,Sprinkler Nozzle(NI-02)Heavy,,0,0,,0,0,Y,0,0,0,0,Maharashtra
,Sprinkler Nozzle(NI-02)Light,,0,0,,0,0,Y,0,0,0,0,Maharashtra
,Sprinkler Nozzle(NI-02)Medium,,0,0,,0,0,Y,0,0,0,0,Maharashtra
,Sprinkler Nozzle(NI-02)Medium-N3,,0,0,,0,0,Y,0,0,0,0,Maharashtra
,Sprinkler Nozzle(NI-02)Z-1/2,,275,0,,0,0,Y,0,0,0,0,Maharashtra
,Sprinkler Nozzle(NI-02)Z-N3,,0,0,,0,0,Y,0,0,0,0,Maharashtra
,Sprinkler Nozzle(NI-03),,0,0,,0,0,Y,0,0,0,0,Maharashtra
,Sprinkler Nozzle(PP)Full Circle '3/4',,400,0,,0,0,Y,0,0,0,0,Maharashtra
,90mm N Spk Foot Batten,,430,0,,0,0,Y,0,0,0,0,Rajasthan
,Sprinkler Nozzle(PP)-Single-Half Circle '3/4',,323,0,,0,0,Y,0,0,0,0,Maharashtra
,Sprinkler Nozzle(PP)With Metal Spry Bush '3/4',,145,0,,0,0,Y,0,0,0,0,Maharashtra
,Emmitting Pipe CL-II(16mm 4LPH 50cm)Flat,,11.63,0,,0,0,Y,0,0,0,0,Maharashtra
,Sprinkler Raingun Nozzle(Assembly) 1.25,,0,0,,0,0,Y,0,0,0,0,Maharashtra
,Sprinkler Raingun Nozzle(Assembly) 1.5,,0,0,,0,0,Y,0,0,0,0,Maharashtra
,Sprinkler Riser Pipe,,110,0,,0,0,Y,0,0,0,0,Maharashtra
,Sprinkler Riser Pipe- 1 Mtr,,0,0,,0,0,Y,0,0,0,0,Maharashtra
,Sprinkler Riser Pipes 1.25x1.5 Feet,,0,0,,0,0,Y,0,0,0,0,Maharashtra
,Tapping Tee with Coupler 90x20mm(EF),,0,0,,0,0,Y,0,0,0,0,Maharashtra
,Emmitting Pipe CL-II(16mm 4LPH 50cm)Round,,10.97,0,,0,0,Y,0,0,0,0,Maharashtra
,90MM N SPK Rubber Ring,,0,0,,0,0,Y,0,0,0,0,Rajasthan
,Emmitting Pipe CL-II(16mm 4LPH 50cm)Round E-5,,10.97,0,,0,0,Y,0,0,0,0,Maharashtra
,Emmitting Pipe CL-II(16mm 4LPH 60cm)Flat,,11.29,0,,0,0,Y,0,0,0,0,Maharashtra
,Emmitting Pipe CL-II(16mm 4LPH 60cm)Round,,10.65,0,,0,0,Y,0,0,0,0,Maharashtra
,Emmitting Pipe CL-II(16mm 4LPH 60cm)Round E-5,,10.65,0,,0,0,Y,0,0,0,0,Maharashtra
,32mm HDPE Bend,,0,0,,0,0,Y,0,0,0,0,Maharashtra
,Emmitting Pipe CL-III(16mm 4LPH 50cm)Round E-5,,10.97,0,,0,0,Y,0,0,0,0,Maharashtra
,Emmitting Pipe(16mm 4LPH 40cm)R Hybrid,,11.4,0,,0,0,Y,0,0,0,0,Maharashtra
,End Cap 110mm(CF),,0,0,,0,0,Y,0,0,0,0,Maharashtra
,End Cap 140mm PVC,,0,0,,0,0,Y,0,0,0,0,Maharashtra
,End Cap 160mm PVC,,0,0,,0,0,Y,0,0,0,0,Maharashtra
,90mm N2R HDPE Spk MLC,,0,0,,0,0,Y,0,0,0,0,Rajasthan
,End Cap 32mm PVC,,0,0,,0,0,Y,0,0,0,0,Maharashtra
,End Cap 40mm PVC,,0,0,,0,0,Y,0,0,0,0,Maharashtra
,End Cap 40mm(CF),,0,0,,0,0,Y,0,0,0,0,Maharashtra
,End Cap 50MM(PP),,0,0,,0,0,Y,0,0,0,0,Maharashtra
,End Cap 50mm(PVC),,17.17,0,,0,0,Y,0,0,0,0,Maharashtra
,32mm HDPE Flange,,0,0,,0,0,Y,0,0,0,0,Maharashtra
,End Cap 63MM(PP),,0,0,,0,0,Y,0,0,0,0,Maharashtra
,End Cap 63mm(PVC),,21.05,0,,0,0,Y,0,0,0,0,Maharashtra
,End Cap 75mm(CF),,0,0,,0,0,Y,0,0,0,0,Maharashtra
,END CAP 75MM(PVC),,29.57,0,,0,0,Y,0,0,0,0,Maharashtra
,90mm NB HDPE Irrig Pipe(6mtr) PT- II,,0,0,,0,0,Y,0,0,0,0,Rajasthan
,End Cap 90mm(PP-CF),,0,0,,0,0,Y,0,0,0,0,Maharashtra
,End Cap 90mm(PVC),,37.47,0,,0,0,Y,0,0,0,0,Maharashtra
,End Cap with Ring 2.5 for Screen/Disc Filter,,0,0,,0,0,Y,0,0,0,0,Maharashtra
,End Cap with Ring 3 for Screen/Disc Filter,,0,0,,0,0,Y,0,0,0,0,Maharashtra
,End Cap/End Plug(Line End) 12mm,,2.13,0,,0,0,Y,0,0,0,0,Maharashtra
,End Cap/End Plug(Line End) 16mm,,2.45,0,,0,0,Y,0,0,0,0,Maharashtra
,32mm HDPE Pipe End,,0,0,,0,0,Y,0,0,0,0,Maharashtra
,End Cap/End Plug(Line End) 25mm,,25.61,0,,0,0,Y,0,0,0,0,Maharashtra
,End Cap/End Plug(Line End) 32mm,,27.84,0,,0,0,Y,0,0,0,0,Maharashtra
,End Cap/End Plug(Line End)20mm,,2.5,0,,0,0,Y,0,0,0,0,Maharashtra
,90mm NB(3.2KG) HDPE Irrig Pipe (6Mtr) PT-II,,0,0,,0,0,Y,0,0,0,0,Rajasthan
,End Plate  2-2.5-:3 for Hydrocyc Filter,,0,0,,0,0,Y,0,0,0,0,Maharashtra
,Extension/Connecting Tube 1.2M Long 12mm,,48,0,,0,0,Y,0,0,0,0,Maharashtra
,Extension/Connecting Tube 1.5M Long 12mm,,0,0,,0,0,Y,0,0,0,0,Maharashtra
,Fertilizer Tank with Assembly 30-Litres,,4402,0,,0,0,Y,0,0,0,0,Maharashtra
,Fertilizer Tank with Assembly 60-Litres,,6032,0,,0,0,Y,0,0,0,0,Maharashtra
,Fertilizer Tank with Assembly 90-Litres,,6887,0,,0,0,Y,0,0,0,0,Maharashtra
,Flanged Elbow 2,,0,0,,0,0,Y,0,0,0,0,Maharashtra
,32mm HDPE Tee,,0,0,,0,0,Y,0,0,0,0,Maharashtra
,Flanged Elbow 2.5,,0,0,,0,0,Y,0,0,0,0,Maharashtra
,Flanged Elbow 3,,0,0,,0,0,Y,0,0,0,0,Maharashtra
,90mm NB(4kg)HDPE Irrig Pipe(6mtr) PT- I,,0,0,,0,0,Y,0,0,0,0,Rajasthan
,Flat Dripper  2LPH,,0,0,,0,0,Y,0,0,0,0,Maharashtra
,Flat Dripper  4LPH,,0,0,,0,0,Y,0,0,0,0,Maharashtra
,Flat Dripper 1.6LPH,,0,0,,0,0,Y,0,0,0,0,Maharashtra
,Flush Valve(32x40) 40mm,,0,0,,0,0,Y,0,0,0,0,Maharashtra
,Flush Valve(40x50) 50mm,,50,0,,0,0,Y,0,0,0,0,Maharashtra
,Flush Valve(50x63) 63mm,,52,0,,0,0,Y,0,0,0,0,Maharashtra
,Flush Valve(63x75) 75mm,,63,0,,0,0,Y,0,0,0,0,Maharashtra
,Flush Valve(75x90) 90mm,,109,0,,0,0,Y,0,0,0,0,Maharashtra
,4 Way Fogger,,0,0,,0,0,Y,0,0,0,0,Maharashtra
,FTA 20mm,,0,0,,0,0,Y,0,0,0,0,Maharashtra
,90mm NE HDPE Spk Adopter,,0,0,,0,0,Y,0,0,0,0,Rajasthan
,FTA 32mm,,0,0,,0,0,Y,0,0,0,0,Maharashtra
,FTA 32MM PVC,,0,0,,0,0,Y,0,0,0,0,Maharashtra
,FTA 40mm,,0,0,,0,0,Y,0,0,0,0,Maharashtra
,FTA 50MM,,0,0,,0,0,Y,0,0,0,0,Maharashtra
,FTA 63mm(63X50-2),,0,0,,0,0,Y,0,0,0,0,Maharashtra
,FTA 75mm,,0,0,,0,0,Y,0,0,0,0,Maharashtra
,FTA 90MM,,0,0,,0,0,Y,0,0,0,0,Maharashtra
,G .I. Nipple 2x4,,0,0,,0,0,Y,0,0,0,0,Maharashtra
,G. I. Tee 90mm(3*2.5),,0,0,,0,0,Y,0,0,0,0,Maharashtra
,50mm GI Nipple,,0,0,,0,0,Y,0,0,0,0,Maharashtra
,Emmitting Pipe (16mm 4LPh 40cm) R Hybrid-Eco,,11.4,0,,0,0,Y,0,0,0,0,Rajasthan
,90mm NE HDPE Spk Bend,,0,0,,0,0,Y,0,0,0,0,Rajasthan
,G.I. Nipple 1.5x4,,0,0,,0,0,Y,0,0,0,0,Maharashtra
,G.I. Tee 110mm(4*2.5),,0,0,,0,0,Y,0,0,0,0,Maharashtra
,G.I. Tee 110mm(4*3),,0,0,,0,0,Y,0,0,0,0,Maharashtra
,G.I.Elbow 1.5,,0,0,,0,0,Y,0,0,0,0,Maharashtra
,G.I.Elbow 2,,0,0,,0,0,Y,0,0,0,0,Maharashtra
,G.I.Reducer 1.25x2,,0,0,,0,0,Y,0,0,0,0,Maharashtra
,G.I.Reducer 1.5x2,,0,0,,0,0,Y,0,0,0,0,Maharashtra
,G.I.Reducer 1x1/2,,0,0,,0,0,Y,0,0,0,0,Maharashtra
,G.I.Socket 1,,0,0,,0,0,Y,0,0,0,0,Maharashtra
,G.I.Socket 1.5,,0,0,,0,0,Y,0,0,0,0,Maharashtra
,90mm NE HDPE Spk MLC,,0,0,,0,0,Y,0,0,0,0,Rajasthan
,50MM GI TEE,,0,0,,0,0,Y,0,0,0,0,Maharashtra
,G.I.Socket 1.5x2,,0,0,,0,0,Y,0,0,0,0,Maharashtra
,G.I.Socket 2,,0,0,,0,0,Y,0,0,0,0,Maharashtra
,GI Elbow 1(MI)25mm,,0,0,,0,0,Y,0,0,0,0,Maharashtra
,GI Elbow 2.5(MI),,0,0,,0,0,Y,0,0,0,0,Maharashtra
,GI Elbow 32mm(MI),,0,0,,0,0,Y,0,0,0,0,Maharashtra
,GI Nipple 1.5x6(MI),,0,0,,0,0,Y,0,0,0,0,Maharashtra
,GI Nipple 1/2*3,,0,0,,0,0,Y,0,0,0,0,Maharashtra
,GI Nipple 1/2x6,,0,0,,0,0,Y,0,0,0,0,Maharashtra
,GI Nipple 1x18(MI),,0,0,,0,0,Y,0,0,0,0,Maharashtra
,90mm NE HDPE Spk Pipe 3mtr,,0,0,,0,0,Y,0,0,0,0,Rajasthan
,GI Nipple 1x9(MI),,0,0,,0,0,Y,0,0,0,0,Maharashtra
,63MM PVC Flange,,0,0,,0,0,Y,0,0,0,0,Maharashtra
,GI Nipple 2.5x4(MI),,0,0,,0,0,Y,0,0,0,0,Maharashtra
,GI Nipple 2x6(MI),,0,0,,0,0,Y,0,0,0,0,Maharashtra
,GI Nipple 32m(1-1/4)X6,,0,0,,0,0,Y,0,0,0,0,Maharashtra
,GI Nipples 2.5x9(MI),,0,0,,0,0,Y,0,0,0,0,Maharashtra
,GI Reducer 2.5x2(MI),,0,0,,0,0,Y,0,0,0,0,Maharashtra
,GI Reducer 3x2-1/2(MI),,0,0,,0,0,Y,0,0,0,0,Maharashtra
,GI Reducing Tee 2.5x2(MI),,0,0,,0,0,Y,0,0,0,0,Maharashtra
,Gi Socket 1.25,,0,0,,0,0,Y,0,0,0,0,Maharashtra
,90mm NE HDPE Spk Pipe 6mtr,,0,0,,0,0,Y,0,0,0,0,Rajasthan
,Grommet 12mm,,0,0,,0,0,Y,0,0,0,0,Maharashtra
,Grommet 16mm,,3.2,0,,0,0,Y,0,0,0,0,Maharashtra
,12MM In Line Dripper (2-LPH)Round,,0,0,,0,0,Y,0,0,0,0,Maharashtra
,63MM PVC Tail Piece,,0,0,,0,0,Y,0,0,0,0,Maharashtra
,Gun Metal Throttle Valve 1(25mm),,1191,0,,0,0,Y,0,0,0,0,Maharashtra
,Gun Metal Throttle Valve 1.5,,2982,0,,0,0,Y,0,0,0,0,Maharashtra
,Gun Metal Throttle Valve 1/2,,518,0,,0,0,Y,0,0,0,0,Maharashtra
,Gun Metal Throttle Valve 2,,4246,0,,0,0,Y,0,0,0,0,Maharashtra
,Gun Metal Throttle Valve 2.5(65mm),,11613,0,,0,0,Y,0,0,0,0,Maharashtra
,Gun Metal Throttle Valve 3,,15016,0,,0,0,Y,0,0,0,0,Maharashtra
,90mm NE HDPE Spk Tee,,420,0,,0,0,Y,0,0,0,0,Rajasthan
,Gun Metal Throttle Valve 3/4,,839,0,,0,0,Y,0,0,0,0,Maharashtra
,Header Assambly 5(Type-I),,0,0,,0,0,Y,0,0,0,0,Maharashtra
,Header Assambly 5(Type-II),,0,0,,0,0,Y,0,0,0,0,Maharashtra
,Header Assambly 5(Type-III),,0,0,,0,0,Y,0,0,0,0,Maharashtra
,Air Release Valve 1,,157,0,,0,0,Y,0,0,0,0,Maharashtra
,Header Assembly 2(M.S.),,3259,0,,0,0,Y,0,0,0,0,Maharashtra
,Header Assembly 2(PP),,0,0,,0,0,Y,0,0,0,0,Maharashtra
,Header Assembly 2.5(M.S.),,4104,0,,0,0,Y,0,0,0,0,Maharashtra
,Header Assembly 2.5(PP),,0,0,,0,0,Y,0,0,0,0,Maharashtra
,HEADER ASSEMBLY 2.5X2COMBO PP,,3494,0,,0,0,Y,0,0,0,0,Maharashtra
,90mm NE Spk Latch,,0,0,,0,0,Y,0,0,0,0,Rajasthan
,Header Assembly 2Combo(PP),,0,0,,0,0,Y,0,0,0,0,Maharashtra
,Header Assembly 2x1.5(Combo Pack),,2855,0,,0,0,Y,0,0,0,0,Maharashtra
,Header Assembly 3(M.S.),,4754,0,,0,0,Y,0,0,0,0,Maharashtra
,Header Assembly 3(PP),,4754,0,,0,0,Y,0,0,0,0,Maharashtra
,Header Assembly 3x2Combo-PP,,5199,0,,0,0,Y,0,0,0,0,Maharashtra
,Air Release Valve 1.5 (HT-89),,493,0,,0,0,Y,0,0,0,0,Maharashtra
,Header Assembly 4(M.S.),,7243,0,,0,0,Y,0,0,0,0,Maharashtra
,Header Assembly 4(PP),,7243,0,,0,0,Y,0,0,0,0,Maharashtra
,Hex Nipple 1''(MI),,0,0,,0,0,Y,0,0,0,0,Maharashtra
,Hex Nipple 3/4(25mm),,0,0,,0,0,Y,0,0,0,0,Maharashtra
,90mm NR HDPE Spk Adopter,,0,0,,0,0,Y,0,0,0,0,Rajasthan
,Hose Clamp 4,,0,0,,0,0,Y,0,0,0,0,Maharashtra
,Hydro Cyclone Filter 20m3/hr x  2(M.S.),,3393,0,,0,0,Y,0,0,0,0,Maharashtra
,Hydro Cyclone Filter 30m3/hr x 2.5(MS),,3393,0,,0,0,Y,0,0,0,0,Maharashtra
,Hydro Cyclone Filter 40m3/hr 3(M.S.),,9273,0,,0,0,Y,0,0,0,0,Maharashtra
,Hydro-Cyclone Filter 25m3/hr x 2(PP),,6254,0,,0,0,Y,0,0,0,0,Maharashtra
,Hydro-Cyclone Filter 25m3/hrx2(M.S.),,7269,0,,0,0,Y,0,0,0,0,Maharashtra
,Air Release Valve 3/4,,157,0,,0,0,Y,0,0,0,0,Maharashtra
,Hydro-Cyclone Filter 30m3/hr x 2.5(PP),,6786,0,,0,0,Y,0,0,0,0,Maharashtra
,Hydro-Cyclone Filter 40m3/hr x 2.5(PP),,0,0,,0,0,Y,0,0,0,0,Maharashtra
,Hydro-Cyclone Filter 40m3/hrx2.5(M.S.),,3393,0,,0,0,Y,0,0,0,0,Maharashtra
,90mm NR HDPE Spk Bend,,0,0,,0,0,Y,0,0,0,0,Rajasthan
,Hydro-Cyclone Filter 40m3/hrx3(PP),,0,0,,0,0,Y,0,0,0,0,Maharashtra
,Hydro-Cyclone Filter 50m3/hr x 3(PP),,8278,0,,0,0,Y,0,0,0,0,Maharashtra
,Hydro-Cyclone Filter 50m3/hrx3(M.S.),,9273,0,,0,0,Y,0,0,0,0,Maharashtra
,Hydro-Cyclone Filter 60m3/hrx3(M.S.),,0,0,,0,0,Y,0,0,0,0,Maharashtra
,Hydro-Cycloner Filter 10m3/hr x 1.5(M.S),,0,0,,0,0,Y,0,0,0,0,Maharashtra
,Installation Stake 1.2Mtr Long(8mm),,0,0,,0,0,Y,0,0,0,0,Maharashtra
,Installation Stake Trishul Type,,93,0,,0,0,Y,0,0,0,0,Maharashtra
,Back Flush Assembly for Sand Filter 2,,0,0,,0,0,Y,0,0,0,0,Maharashtra
,Installation Stake Trishul Type 1.5mtr,,0,0,,0,0,Y,0,0,0,0,Maharashtra
,Joiner 12mm,,2.24,0,,0,0,Y,0,0,0,0,Maharashtra
,90mm NR HDPE Spk MLC,,0,0,,0,0,Y,0,0,0,0,Rajasthan
,Joiner 12X16mm,,0,0,,0,0,Y,0,0,0,0,Maharashtra
,Joiner 16mm,,2.67,0,,0,0,Y,0,0,0,0,Maharashtra
,Joiner 16x20mm,,0,0,,0,0,Y,0,0,0,0,Maharashtra
,Joiner 20mm,,4.5,0,,0,0,Y,0,0,0,0,Maharashtra
,Lateral Cock 12mm,,4.18,0,,0,0,Y,0,0,0,0,Maharashtra
,Lateral Cock 12mm(Heavy),,0,0,,0,0,Y,0,0,0,0,Maharashtra
,Lateral Cock 16mm,,4.18,0,,0,0,Y,0,0,0,0,Maharashtra
,Lateral Cock 16mm(Heavy),,0,0,,0,0,Y,0,0,0,0,Maharashtra
,Back Flush Assembly for Sand Filter 2.5,,0,0,,0,0,Y,0,0,0,0,Maharashtra
,LLDPE Plain Laterals 12mm 2.5kg CL-II,,7,0,,0,0,Y,0,0,0,0,Maharashtra
,90mm NR HDPE Spk Tee,,0,0,,0,0,Y,0,0,0,0,Rajasthan
,LLDPE Plain Laterals 16mm 2.5Kg CL-II,,11,0,,0,0,Y,0,0,0,0,Maharashtra
,LLDPE Plain Laterals 16mm 2.5kg CL-II(E5),,11,0,,0,0,Y,0,0,0,0,Maharashtra
,LLDPE Plain Laterals 25mm 2.5kg Cl-II,,29,0,,0,0,Y,0,0,0,0,Maharashtra
,LLDPE Plain Laterals 32mm 2.5Kg CL-II,,42,0,,0,0,Y,0,0,0,0,Maharashtra
,Menifold for Ventury '2',,0,0,,0,0,Y,0,0,0,0,Maharashtra
,Micro Spk Stake(C/O Type),,0,0,,0,0,Y,0,0,0,0,Maharashtra
,Micro Spk Tube(C/O-Type),,0,0,,0,0,Y,0,0,0,0,Maharashtra
,Micro Spk. Set(Assembly Without Stand)Nozzle,,0,0,,0,0,Y,0,0,0,0,Maharashtra
,Micro Tube 1.8mm,,0,0,,0,0,Y,0,0,0,0,Maharashtra
,Back Flush Assembly for Sand Filter 3,,0,0,,0,0,Y,0,0,0,0,Maharashtra
,Emmitting Pipe CL-II (16mm 2Lph 40Cm)Round,,11.4,0,,0,0,Y,0,0,0,0,Rajasthan
,90mm NR Spk Latch,,0,0,,0,0,Y,0,0,0,0,Rajasthan
,Mini Spk M/F Adopter 1/2,,8.73,0,,0,0,Y,0,0,0,0,Maharashtra
,Mini Spk M/F Connector(9/12mm),,6.6,0,,0,0,Y,0,0,0,0,Maharashtra
,Mini Spk Nozzle-Half Circle '1/2',,233,0,,0,0,Y,0,0,0,0,Maharashtra
,Mini Spk. Nozzle(Double) Full Circle,,122,0,,0,0,Y,0,0,0,0,Maharashtra
,M-Seal(Safeda-MI),,0,0,,0,0,Y,0,0,0,0,Maharashtra
,MTA 110mm(CF),,0,0,,0,0,Y,0,0,0,0,Maharashtra
,MTA 25MM PVC,,0,0,,0,0,Y,0,0,0,0,Maharashtra
,MTA 32MM PVC,,0,0,,0,0,Y,0,0,0,0,Maharashtra
,MTA 40mm(CF),,0,0,,0,0,Y,0,0,0,0,Maharashtra
,MTA 50MM(50X40=1.5) PVC,,23.21,0,,0,0,Y,0,0,0,0,Maharashtra
,90mm NR(3.2kg)HDPE Spk Pipe 6Mtr,,0,0,,0,0,Y,0,0,0,0,Rajasthan
,Ball Valve 1/2(Brass),,0,0,,0,0,Y,0,0,0,0,Maharashtra
,MTA 50mm(PP-CF),,0,0,,0,0,Y,0,0,0,0,Maharashtra
,MTA 63mm(63X50-2)PVC,,30.49,0,,0,0,Y,0,0,0,0,Maharashtra
,MTA 63MM(CF),,0,0,,0,0,Y,0,0,0,0,Maharashtra
,MTA 63x50mm(CF),,0,0,,0,0,Y,0,0,0,0,Maharashtra
,MTA 75MM PVC,,45.69,0,,0,0,Y,0,0,0,0,Maharashtra
,MTA 75MM(CF),,0,0,,0,0,Y,0,0,0,0,Maharashtra
,MTA 75x63mm(CF),,0,0,,0,0,Y,0,0,0,0,Maharashtra
,MTA 90MM PVC,,74.54,0,,0,0,Y,0,0,0,0,Maharashtra
,MTA 90MM(CF),,0,0,,0,0,Y,0,0,0,0,Maharashtra
,90mm NR(4kg)HDPE Spk Pipe 6Mtr,,165,0,,0,0,Y,0,0,0,0,Rajasthan
,MTA 90x75mm(CF),,0,0,,0,0,Y,0,0,0,0,Maharashtra
,Butterfly Valve 2,,1609,0,,0,0,Y,0,0,0,0,Maharashtra
,MTA PP(CF) 25MM,,0,0,,0,0,Y,0,0,0,0,Maharashtra
,MTA(Compression Fittings) 32mm x 1,,0,0,,0,0,Y,0,0,0,0,Maharashtra
,MTA(Compression Fittings)20mm X 3/4,,0,0,,0,0,Y,0,0,0,0,Maharashtra
,Non Return Valve 1(25mm),,0,0,,0,0,Y,0,0,0,0,Maharashtra
,Non Return Valve 1.5(40mm),,0,0,,0,0,Y,0,0,0,0,Maharashtra
,Non Return Valve 2(50mm),,1086,0,,0,0,Y,0,0,0,0,Maharashtra
,Non Return Valve 2.5(65mm),,1280,0,,0,0,Y,0,0,0,0,Maharashtra
,Non Return Valve 2.5(PP),,1724,0,,0,0,Y,0,0,0,0,Maharashtra
,90MM Spk Hook Only,,0,0,,0,0,Y,0,0,0,0,Rajasthan
,Non Return Valve 3(80mm),,1670,0,,0,0,Y,0,0,0,0,Maharashtra
,Non Return Valve 4,,2223,0,,0,0,Y,0,0,0,0,Maharashtra
,Butterfly Valve 2.5,,1709,0,,0,0,Y,0,0,0,0,Maharashtra
,Non Return Valve(NRV) 6,,0,0,,0,0,Y,0,0,0,0,Maharashtra
,On Line Dripper(14-LPH),,3.95,0,,0,0,Y,0,0,0,0,Maharashtra
,On Line Dripper(2-LPH),,0,0,,0,0,Y,0,0,0,0,Maharashtra
,On Line Dripper(4-LPH),,3.95,0,,0,0,Y,0,0,0,0,Maharashtra
,On Line Dripper(8-LPH),,3.95,0,,0,0,Y,0,0,0,0,Maharashtra
,P. P. Ball Valve 1 Threaded (32mm) M/F,,162,0,,0,0,Y,0,0,0,0,Maharashtra
,P.P. Ball Valve 2 Threaded (63mm),,0,0,,0,0,Y,0,0,0,0,Maharashtra
,90MM SPK PCN NIPPLE,,0,0,,0,0,Y,0,0,0,0,Rajasthan
,P.P. Ball Valve 2.5 Threaded (75mm),,0,0,,0,0,Y,0,0,0,0,Maharashtra
,P.P. Ball Valve 3 Threaded(90mm),,0,0,,0,0,Y,0,0,0,0,Maharashtra
,P.P. Ball Valve with Flange End 4,,0,0,,0,0,Y,0,0,0,0,Maharashtra
,12MM In Line Dripper (4-LPH)Round,,0,0,,0,0,Y,0,0,0,0,Maharashtra
,Butterfly Valve 3,,2293,0,,0,0,Y,0,0,0,0,Maharashtra
,P.P. Ball Valve/control Valve 50mm(Plain),,329,0,,0,0,Y,0,0,0,0,Maharashtra
,P.P. Tail Pices Flange 2,,80,0,,0,0,Y,0,0,0,0,Maharashtra
,P.P. Tail Pices Flange 2.5,,90,0,,0,0,Y,0,0,0,0,Maharashtra
,P.P. Tail Pices Flange 3,,103,0,,0,0,Y,0,0,0,0,Maharashtra
,P.V.C. Ball Valve 2(Threaded End),,0,0,,0,0,Y,0,0,0,0,Maharashtra
,90x75mm HDPE Reducer(PF),,0,0,,0,0,Y,0,0,0,0,Rajasthan
,Plug(9/12mm)M-22-End Plug,,0,0,,0,0,Y,0,0,0,0,Maharashtra
,PP  Ball  Valve 50mm 1-1/2Solid(Threded),,0,0,,0,0,Y,0,0,0,0,Maharashtra
,PP Ball Valve 1.25 Threaded(40mm),,0,0,,0,0,Y,0,0,0,0,Maharashtra
,PP Ball Valve 1.5 Threaded(50mm),,0,0,,0,0,Y,0,0,0,0,Maharashtra
,PP Ball Valve 20/25 mm Solid Threaded(3/4),,0,0,,0,0,Y,0,0,0,0,Maharashtra
,Butterfly Valve 4,,0,0,,0,0,Y,0,0,0,0,Maharashtra
,PP Ball Valve 50mm 1-1/2Solid(Plain),,0,0,,0,0,Y,0,0,0,0,Maharashtra
,PP Ball Valve 63mm(2) Solid Threaded,,560,0,,0,0,Y,0,0,0,0,Maharashtra
,PP Ball Valve 63mm(2)Solid(Plain),,0,0,,0,0,Y,0,0,0,0,Maharashtra
,PP Ball Valve with Flange End 2.5,,0,0,,0,0,Y,0,0,0,0,Maharashtra
,90x75mm HDPE Spk Reducer(B),,0,0,,0,0,Y,0,0,0,0,Rajasthan
,PP Ball Valve with Flanged End 3,,0,0,,0,0,Y,0,0,0,0,Maharashtra
,PP Ball Valve with Flanged Ends 2,,0,0,,0,0,Y,0,0,0,0,Maharashtra
,PP Ball Valve(Flange End) 1,,0,0,,0,0,Y,0,0,0,0,Maharashtra
,PP Ball Valve/control Valve 20/25mm Singal Union,,135,0,,0,0,Y,0,0,0,0,Maharashtra
,PP Ball Valve/Control Valve 32mm Single Union,,162,0,,0,0,Y,0,0,0,0,Maharashtra
,PP Ball Valve/Control Valve 40mm(Plain),,329,0,,0,0,Y,0,0,0,0,Maharashtra
,Butterfly Valve 5,,0,0,,0,0,Y,0,0,0,0,Maharashtra
,PP Ball Valve/Control Valve 63mm-Plain,,246.6,0,,0,0,Y,0,0,0,0,Maharashtra
,PP Ball Valve/Control Valve 75mm Plain,,668,0,,0,0,Y,0,0,0,0,Maharashtra
,PP Ball Valve/Control Valve 90mm Plain,,688.8,0,,0,0,Y,0,0,0,0,Maharashtra
,90x75MM HDPE Spk Reducer(E/R),,0,0,,0,0,Y,0,0,0,0,Rajasthan
,PP Flange Threaded (2.5),,0,0,,0,0,Y,0,0,0,0,Maharashtra
,PP Flange Threaded (3),,0,0,,0,0,Y,0,0,0,0,Maharashtra
,PP Flange Threaded 2,,0,0,,0,0,Y,0,0,0,0,Maharashtra
,PP Reducing Bush 2x1.5,,0,0,,0,0,Y,0,0,0,0,Maharashtra
,PP Socket 1.5(50mm)MI,,0,0,,0,0,Y,0,0,0,0,Maharashtra
,PP Socket 2(63mm)MI,,0,0,,0,0,Y,0,0,0,0,Maharashtra
,PP Socket 2.5(75mm)MI,,0,0,,0,0,Y,0,0,0,0,Maharashtra
,Butterfly Valve 6,,0,0,,0,0,Y,0,0,0,0,Maharashtra
,PP Socket 3(90mm)MI,,0,0,,0,0,Y,0,0,0,0,Maharashtra
,Pressure Gauge 2,,131.4,0,,0,0,Y,0,0,0,0,Maharashtra
,Copper Rivit(For Coil Nipple),,0,0,,0,0,Y,0,0,0,0,Rajasthan
,Pressure Gauge Glycerine 2,,458,0,,0,0,Y,0,0,0,0,Maharashtra
,Pressure Gauge Glycerine 2.5,,0,0,,0,0,Y,0,0,0,0,Maharashtra
,Pressure Release Valve 2X1.5,,2074,0,,0,0,Y,0,0,0,0,Maharashtra
,PVC Ball Valve 2(Plain End),,0,0,,0,0,Y,0,0,0,0,Maharashtra
,PVC Ball Valve 2.5(Plain End),,0,0,,0,0,Y,0,0,0,0,Maharashtra
,PVC Ball Valve 2.5(Threded End),,0,0,,0,0,Y,0,0,0,0,Maharashtra
,PVC Ball Valve 20mm(Compression/female Tthreaded),,0,0,,0,0,Y,0,0,0,0,Maharashtra
,Pvc Ball Valve 3(90mm)(Threaded End),,0,0,,0,0,Y,0,0,0,0,Maharashtra
,By Pass Assembly 2.5''(PP),,0,0,,0,0,Y,0,0,0,0,Maharashtra
,PVC Ball Valve 4(110mm) (Threaded End),,0,0,,0,0,Y,0,0,0,0,Maharashtra
,Coupler/joiner 90mm,,0,0,,0,0,Y,0,0,0,0,Rajasthan
,Pvc Ball Valve 40 mm,,0,0,,0,0,Y,0,0,0,0,Maharashtra
,PVC Bush 63x50mm,,0,0,,0,0,Y,0,0,0,0,Maharashtra
,PVC Bush 75x63mm 10kg,,0,0,,0,0,Y,0,0,0,0,Maharashtra
,PVC Bush 90x63mm 10kg,,0,0,,0,0,Y,0,0,0,0,Maharashtra
,PVC Connecting Tube 20cm(Stab-Barb-Conn-Bayoynet),,0,0,,0,0,Y,0,0,0,0,Maharashtra
,PVC Reducer Bush 110x63mm,,0,0,,0,0,Y,0,0,0,0,Maharashtra
,PVC Reducer Bush 63x50mm 6kg,,0,0,,0,0,Y,0,0,0,0,Maharashtra
,PVC Reducer Coupler 75x63mm,,0,0,,0,0,Y,0,0,0,0,Maharashtra
,Reducer 110x90mm PVC,,92.59,0,,0,0,Y,0,0,0,0,Maharashtra
,By Pass Assembly 2.5x2(M.S.),,1250,0,,0,0,Y,0,0,0,0,Maharashtra
,Emmitting Pipe CL-II (16mm 2Lph 60cm ) Flat,,11.29,0,,0,0,Y,0,0,0,0,Rajasthan
,HDPE Packing Clips(MFG),,0,0,,0,0,Y,0,0,0,0,Rajasthan
,Reducer 160x140mm PVC,,0,0,,0,0,Y,0,0,0,0,Maharashtra
,Reducer 16x12mm Comp.Connector(Both Side),,2.24,0,,0,0,Y,0,0,0,0,Maharashtra
,Reducer 16X17MM Comp. Connector(Both Side),,0,0,,0,0,Y,0,0,0,0,Maharashtra
,Reducer 200x160mm PVC,,0,0,,0,0,Y,0,0,0,0,Maharashtra
,Reducer 25x20mm(PP),,0,0,,0,0,Y,0,0,0,0,Maharashtra
,Reducer 40x32mm PVC,,0,0,,0,0,Y,0,0,0,0,Maharashtra
,Reducer 63x40mm PVC,,0,0,,0,0,Y,0,0,0,0,Maharashtra
,Reducer 63x50mm PVC,,41.51,0,,0,0,Y,0,0,0,0,Maharashtra
,Reducer 63x50mm(PP),,0,0,,0,0,Y,0,0,0,0,Maharashtra
,Reducer 75x50mm PVC,,33.54,0,,0,0,Y,0,0,0,0,Maharashtra
,Micro Spk. Inverted Rotar Nozzle,,0,0,,0,0,Y,0,0,0,0,Rajasthan
,By Pass Assembly 2X1.5(M.S.),,1120,0,,0,0,Y,0,0,0,0,Maharashtra
,Reducer 75x63mm PVC,,45.22,0,,0,0,Y,0,0,0,0,Maharashtra
,Reducer 90x63 mm Pvc,,57.02,0,,0,0,Y,0,0,0,0,Maharashtra
,Reducer 90x75mm PVC,,58.54,0,,0,0,Y,0,0,0,0,Maharashtra
,Reducer Elbow 75x63mm PVC,,0,0,,0,0,Y,0,0,0,0,Maharashtra
,Reducer Tee 110x90 PVC,,204.19,0,,0,0,Y,0,0,0,0,Maharashtra
,Reducer Tee 160x110 PVC,,0,0,,0,0,Y,0,0,0,0,Maharashtra
,Reducer Tee 160X90MM (PVC),,0,0,,0,0,Y,0,0,0,0,Maharashtra
,Reducer Tee 63x32mm PVC,,0,0,,0,0,Y,0,0,0,0,Maharashtra
,Reducer Tee 75x63mm PVC,,0,0,,0,0,Y,0,0,0,0,Maharashtra
,Micro Sprayer/Jet(Assembley Without Stand),,0,0,,0,0,Y,0,0,0,0,Rajasthan
,Reducer Tee 90x63mm 6kg,,0,0,,0,0,Y,0,0,0,0,Maharashtra
,By Pass Assembly 2x1.5''(PP),,0,0,,0,0,Y,0,0,0,0,Maharashtra
,Reducer Tee 90x63mm PVC,,0,0,,0,0,Y,0,0,0,0,Maharashtra
,Reducer Tee 90x75mm PVC,,0,0,,0,0,Y,0,0,0,0,Maharashtra
,Reducing Flanged Threaded 2.5x2,,0,0,,0,0,Y,0,0,0,0,Maharashtra
,Reducing Flanged Threaded 3x2.5,,0,0,,0,0,Y,0,0,0,0,Maharashtra
,Ring for Compression Connector(Lock Ring),,0,0,,0,0,Y,0,0,0,0,Maharashtra
,Rotameter for Ventury,,0,0,,0,0,Y,0,0,0,0,Maharashtra
,S S Nut Bolts(MI),,0,0,,0,0,Y,0,0,0,0,Maharashtra
,Sand Filter 10m3/hr x 1.5,,11777.5,0,,0,0,Y,0,0,0,0,Maharashtra
,Rain Gun  Adopter 1.25(50X40),,0,0,,0,0,Y,0,0,0,0,Rajasthan
,Sand Filter 20xm3/hr 2,,13650.7,0,,0,0,Y,0,0,0,0,Maharashtra
,Sand Filter 25m3/hr x 2,,13650.7,0,,0,0,Y,0,0,0,0,Maharashtra
,By Pass Assembly 3''(PP),,0,0,,0,0,Y,0,0,0,0,Maharashtra
,Sand Filter 30mm3X2.5,,24199,0,,0,0,Y,0,0,0,0,Maharashtra
,Sand Filter 40m3/hr x 2.5,,18149.25,0,,0,0,Y,0,0,0,0,Maharashtra
,Sand Filter 40m3/hr x 3,,32176,0,,0,0,Y,0,0,0,0,Maharashtra
,Sand Filter 50m3/hr x 3,,32176,0,,0,0,Y,0,0,0,0,Maharashtra
,Sand for Sand Filter(KG),,0,0,,0,0,Y,0,0,0,0,Maharashtra
,Screen Element 2(Cartridge),,0,0,,0,0,Y,0,0,0,0,Maharashtra
,Screen Element 2.5(Cartridge),,0,0,,0,0,Y,0,0,0,0,Maharashtra
,Rain Gun 1.25,,0,0,,0,0,Y,0,0,0,0,Rajasthan
,Screen Elements 3(Cartridge),,0,0,,0,0,Y,0,0,0,0,Maharashtra
,Screen Filter 1 4*6/8m3/hr x 1(Y),,0,0,,0,0,Y,0,0,0,0,Maharashtra
,Screen Filter 10m3/hr x 2 (Metal),,0,0,,0,0,Y,0,0,0,0,Maharashtra
,By Pass Assembly 3''x2(M.S.),,1420,0,,0,0,Y,0,0,0,0,Maharashtra
,Screen Filter 10m3/hr X 2.5''(Metal),,0,0,,0,0,Y,0,0,0,0,Maharashtra
,Screen Filter 15mm3/hr x 1.5(Plastic),,1272,0,,0,0,Y,0,0,0,0,Maharashtra
,Screen Filter 15mm3/hr x 2(Plastic),,0,0,,0,0,Y,0,0,0,0,Maharashtra
,Screen Filter 20m3/hr x 2(Plastic),,1666.8,0,,0,0,Y,0,0,0,0,Maharashtra
,Screen Filter 20m3/hr X2(Metal),,3059,0,,0,0,Y,0,0,0,0,Maharashtra
,Screen Filter 20m3/hr X2.5(Metal),,0,0,,0,0,Y,0,0,0,0,Maharashtra
,Rain Gun 2 with Stand,,0,0,,0,0,Y,0,0,0,0,Rajasthan
,Screen Filter 25m3/hr x 2(Plastic),,2650,0,,0,0,Y,0,0,0,0,Maharashtra
,Screen Filter 25m3/hr X2(Semi Automatic),,0,0,,0,0,Y,0,0,0,0,Maharashtra
,Screen Filter 25m3/hr X2.5(Metal),,3383,0,,0,0,Y,0,0,0,0,Maharashtra
,Screen Filter 3/4120mesh 6*4 M3,,0,0,,0,0,Y,0,0,0,0,Maharashtra
,160mm Pvc Bend,,0,0,,0,0,Y,0,0,0,0,Maharashtra
,By Pass Threaded Tee with Flange End 2.5(PP),,0,0,,0,0,Y,0,0,0,0,Maharashtra
,Screen Filter 30m3/hr X2.5(Metal),,3816,0,,0,0,Y,0,0,0,0,Maharashtra
,Screen Filter 30m3/hrx2.5(Plastic),,1666.8,0,,0,0,Y,0,0,0,0,Maharashtra
,Screen Filter 40m3/hr x 3(Plastics),,1765.2,0,,0,0,Y,0,0,0,0,Maharashtra
,Screen Filter 40m3/hr X2.5''(Metal),,0,0,,0,0,Y,0,0,0,0,Maharashtra
,RAIN GUN ADOPTER 2(63x40),,0,0,,0,0,Y,0,0,0,0,Rajasthan
,Screen Filter 40m3/hr X3(Metal),,3924,0,,0,0,Y,0,0,0,0,Maharashtra
,Screen Filter 40m3/hr X3(Semi Automatic),,0,0,,0,0,Y,0,0,0,0,Maharashtra
,Screen Filter 40m3/hrx2.5(Plastic),,2942,0,,0,0,Y,0,0,0,0,Maharashtra
,Screen Filter 50m3/hr x 2(Plastic),,0,0,,0,0,Y,0,0,0,0,Maharashtra
,Screen Filter 50m3/hr x 3(Plastic),,1765.2,0,,0,0,Y,0,0,0,0,Maharashtra
,Screen Filter 50m3/hr X3(Double Body),,0,0,,0,0,Y,0,0,0,0,Maharashtra
,By Pass Threaded Tee with Flange End 3 (PP),,0,0,,0,0,Y,0,0,0,0,Maharashtra
,Screen Filter 50m3/hr X3(Metal),,4140,0,,0,0,Y,0,0,0,0,Maharashtra
,Screen225m3,,0,0,,0,0,Y,0,0,0,0,Maharashtra
,Service Saddle 110mm(MI),,0,0,,0,0,Y,0,0,0,0,Maharashtra
,Rain Gun Nipple G.I. 2.5x1-1/4,,0,0,,0,0,Y,0,0,0,0,Rajasthan
,Service Saddle 40mm(MI),,0,0,,0,0,Y,0,0,0,0,Maharashtra
,Service Saddle 40mmX3/4(PP),,0,0,,0,0,Y,0,0,0,0,Maharashtra
,Service Saddle 50mm(MI),,0,0,,0,0,Y,0,0,0,0,Maharashtra
,Service Saddle 50mm(PVC),,0,0,,0,0,Y,0,0,0,0,Maharashtra
,Service Saddle 50mmX1/2(P),,0,0,,0,0,Y,0,0,0,0,Maharashtra
,Service Saddle 50mmX3/4(PP),,0,0,,0,0,Y,0,0,0,0,Maharashtra
,Service Saddle 63mm 1(MI),,93.54,0,,0,0,Y,0,0,0,0,Maharashtra
,By Pass Threaded Tee Without  Flange End 2 (PP),,0,0,,0,0,Y,0,0,0,0,Maharashtra
,Service Saddle 63mm 3/4(MI),,0,0,,0,0,Y,0,0,0,0,Maharashtra
,Service Saddle 63mmX1/2(P),,0,0,,0,0,Y,0,0,0,0,Maharashtra
,Rain Gun Nipple G.I. 2x1-1/4,,0,0,,0,0,Y,0,0,0,0,Rajasthan
,Service Saddle 75mm(MI),,0,0,,0,0,Y,0,0,0,0,Maharashtra
,Service Saddle 75mmX1(PP),,128.93,0,,0,0,Y,0,0,0,0,Maharashtra
,Service Saddle 75mmX1.25(M.S),,0,0,,0,0,Y,0,0,0,0,Maharashtra
,Service Saddle 75mmX1-1/4(PP),,0,0,,0,0,Y,0,0,0,0,Maharashtra
,Service Saddle 90mm(MI),,156.46,0,,0,0,Y,0,0,0,0,Maharashtra
,Service Saddle 90mmX1.25(M.S),,0,0,,0,0,Y,0,0,0,0,Maharashtra
,Service Saddle 90mmX1/2(P),,176.12,0,,0,0,Y,0,0,0,0,Maharashtra
,Sluice Valve 2.5,,0,0,,0,0,Y,0,0,0,0,Maharashtra
,Clamp  for Hydrocyclone Filter,,0,0,,0,0,Y,0,0,0,0,Maharashtra
,Socket 63mm PVC,,0,0,,0,0,Y,0,0,0,0,Maharashtra
,Rain Gun Riser 1.25,,0,0,,0,0,Y,0,0,0,0,Rajasthan
,Socket 75mm PVC,,0,0,,0,0,Y,0,0,0,0,Maharashtra
,Socket 90mm PVC,,0,0,,0,0,Y,0,0,0,0,Maharashtra
,Solvent Cement(Ltr),,0,0,,0,0,Y,0,0,0,0,Maharashtra
,Spagheti Barbed Connector,,0,0,,0,0,Y,0,0,0,0,Maharashtra
,Spagheti/Extension Tube 6mm x 4mm,,3.1,0,,0,0,Y,0,0,0,0,Maharashtra
,Stand Ring 2 for Hydrocyclone Filter,,0,0,,0,0,Y,0,0,0,0,Maharashtra
,Stand Ring 3 for Hydrocyclone Filter,,0,0,,0,0,Y,0,0,0,0,Maharashtra
,Stap Saddle 200mmX1.1/2,,0,0,,0,0,Y,0,0,0,0,Maharashtra
,Stap Saddle 200mmX1.1/4,,0,0,,0,0,Y,0,0,0,0,Maharashtra
,Clamp SS(4),,0,0,,0,0,Y,0,0,0,0,Maharashtra
,Emmitting Pipe CL-II(12mm 2LPH 40cm)Flat,,8.19,0,,0,0,Y,0,0,0,0,Rajasthan
,Rain Gun Stand 1.25,,1900,0,,0,0,Y,0,0,0,0,Rajasthan
,Stap Saddle 200mmX1/2,,0,0,,0,0,Y,0,0,0,0,Maharashtra
,Start Connector Nipple 12mm,,2.13,0,,0,0,Y,0,0,0,0,Maharashtra
,Start Connector Nipple 16MM,,2.24,0,,0,0,Y,0,0,0,0,Maharashtra
,Start Connector Nipple 20mm,,2.24,0,,0,0,Y,0,0,0,0,Maharashtra
,Tapping Compression Ferrule 20x/12,,0,0,,0,0,Y,0,0,0,0,Maharashtra
,Tapping Coupler 20mm(EF),,0,0,,0,0,Y,0,0,0,0,Maharashtra
,Tapping Saddle -90x1/2(EF),,0,0,,0,0,Y,0,0,0,0,Maharashtra
,Tapping Tee 90x20mm(EF),,0,0,,0,0,Y,0,0,0,0,Maharashtra
,Tee (Compression Fitting) 16mx12m/16X16,,3.31,0,,0,0,Y,0,0,0,0,Maharashtra
,Tee 110mm PVC,,201.53,0,,0,0,Y,0,0,0,0,Maharashtra
,Raingun Adopter 2.5(75x40),,0,0,,0,0,Y,0,0,0,0,Rajasthan
,Core-Cap,,0,0,,0,0,Y,0,0,0,0,Maharashtra
,Tee 110mm(CF),,0,0,,0,0,Y,0,0,0,0,Maharashtra
,Tee 140mm(PVC),,0,0,,0,0,Y,0,0,0,0,Maharashtra
,Tee 200mm PVC,,0,0,,0,0,Y,0,0,0,0,Maharashtra
,Tee 3 Side Male Threaded 1(32mm),,0,0,,0,0,Y,0,0,0,0,Maharashtra
,TEE 32MM PVC,,0,0,,0,0,Y,0,0,0,0,Maharashtra
,TEE 40MM PVC,,0,0,,0,0,Y,0,0,0,0,Maharashtra
,Tee 40mm(CF),,0,0,,0,0,Y,0,0,0,0,Maharashtra
,TEE 50MM PVC,,39.96,0,,0,0,Y,0,0,0,0,Maharashtra
,Tee 63mm PVC,,61.03,0,,0,0,Y,0,0,0,0,Maharashtra
,Raingun Adopter 3(90x40),,0,0,,0,0,Y,0,0,0,0,Rajasthan
,Tee 75mm  PVC,,84.29,0,,0,0,Y,0,0,0,0,Maharashtra
,Coupler/joiner 110MM,,0,0,,0,0,Y,0,0,0,0,Maharashtra
,Tee 75mm(CF),,0,0,,0,0,Y,0,0,0,0,Maharashtra
,Tee 90mm  PVC,,136.4,0,,0,0,Y,0,0,0,0,Maharashtra
,Tee 90mm(CF),,0,0,,0,0,Y,0,0,0,0,Maharashtra
,Tee(Compression Fitting) 12x12mm,,3.42,0,,0,0,Y,0,0,0,0,Maharashtra
,Tee(Compression Fitting)25mmx1x25mm,,36.76,0,,0,0,Y,0,0,0,0,Maharashtra
,TEE(Compression Fitting)32mm X1 X32mm,,41.21,0,,0,0,Y,0,0,0,0,Maharashtra
,TEE(Compression Fitting)50MM,,0,0,,0,0,Y,0,0,0,0,Maharashtra
,TEE(Compression Fitting)63MM,,0,0,,0,0,Y,0,0,0,0,Maharashtra
,Raingun Adopter 4(110x40),,0,0,,0,0,Y,0,0,0,0,Rajasthan
,Thinwall Emmitting Pipe(16mm 4LPH 40cm).3mm,,0,0,,0,0,Y,0,0,0,0,Maharashtra
,Thinwall Emmitting Pipe(16mm 4LPH 40CM).4mm,,0,0,,0,0,Y,0,0,0,0,Maharashtra
,Coupler/joiner 25MM,,32.3,0,,0,0,Y,0,0,0,0,Maharashtra
,Throttle Valve 2(PP),,774,0,,0,0,Y,0,0,0,0,Maharashtra
,Throttle Valve 2.5(PP),,1800,0,,0,0,Y,0,0,0,0,Maharashtra
,Throttle Valves 3 (PP),,2356,0,,0,0,Y,0,0,0,0,Maharashtra
,Vaccum Breaker Valve 0.5,,0,0,,0,0,Y,0,0,0,0,Maharashtra
,Ventury Ass. with Manifold & Without Rotameter 3/4,,764,0,,0,0,Y,0,0,0,0,Maharashtra
,Ventury Assembly with Manifold & Rotameter 3/4,,1335,0,,0,0,Y,0,0,0,0,Maharashtra
,Ventury Assembly with Manifold 1,,801,0,,0,0,Y,0,0,0,0,Maharashtra
,SOC 110mm Epc Spk Latch,,0,0,,0,0,Y,0,0,0,0,Rajasthan
,Ventury Assembly with Manifold 1.5'',,3389,0,,0,0,Y,0,0,0,0,Maharashtra
,Ventury Assembly with Manifold 2,,2170.2,0,,0,0,Y,0,0,0,0,Maharashtra
,Ventury Assembly with Manifold 2.5,,3000,0,,0,0,Y,0,0,0,0,Maharashtra
,Coupler/Joiner 32mm,,34.53,0,,0,0,Y,0,0,0,0,Maharashtra
,Washer Plain M-3-4-5,,0,0,,0,0,Y,0,0,0,0,Maharashtra
,Winder Dripline,,0,0,,0,0,Y,0,0,0,0,Maharashtra
,110MM HDPE Flange(Moulded),,0,0,,0,0,Y,0,0,0,0,Maharashtra
,110MM HDPE MOULDED TEE,,0,0,,0,0,Y,0,0,0,0,Maharashtra
,110MM HDPE MOULDED TEE(PN6),,0,0,,0,0,Y,0,0,0,0,Maharashtra
,110MM HDPE Pipe End PN6 PE80(Moulded),,0,0,,0,0,Y,0,0,0,0,Maharashtra
,SOC 110mm HDPE Spk End Cap,,150,0,,0,0,Y,0,0,0,0,Rajasthan
,110MM HDPE Pipe End(Moulded),,0,0,,0,0,Y,0,0,0,0,Maharashtra
,110MM PN10 PE100 HDPE BEND-90*(FF),,0,0,,0,0,Y,0,0,0,0,Maharashtra
,110MM PN10 PE100 HDPE ENDCAP(FF),,0,0,,0,0,Y,0,0,0,0,Maharashtra
,110MM PN10 PE100 HDPE TEE(FF),,0,0,,0,0,Y,0,0,0,0,Maharashtra
,Coupler/joiner 50mm,,0,0,,0,0,Y,0,0,0,0,Maharashtra
,110MM PN10 PE-100 N(ISO:4427),,0,0,,0,0,Y,0,0,0,0,Maharashtra
,110MM PN10 PE-100 N(ISO:4427)-FF,,0,0,,0,0,Y,0,0,0,0,Maharashtra
,110mm PN6 PE- 80 N,,431.18,0,,0,0,Y,0,0,0,0,Maharashtra
,110MM PN6 PE100 HDPE BEND(FF),,0,0,,0,0,Y,0,0,0,0,Maharashtra
,110MM PN6 PE100 HDPE BEND(FF)45*,,0,0,,0,0,Y,0,0,0,0,Maharashtra
,SOC 110mm HDPE Spk T.P.,,0,0,,0,0,Y,0,0,0,0,Rajasthan
,110MM PN6 PE100 HDPE PIPE END,,0,0,,0,0,Y,0,0,0,0,Maharashtra
,110MM PN6 PE100 HDPE TEE(FF),,0,0,,0,0,Y,0,0,0,0,Maharashtra
,110MM PN6 PE-100 N,,0,0,,0,0,Y,0,0,0,0,Maharashtra
,110MM PN6 PE80 HDPE BEND(FF)45*,,0,0,,0,0,Y,0,0,0,0,Maharashtra
,125MM HDPE End Cap PN6 PE80(Moulded),,0,0,,0,0,Y,0,0,0,0,Maharashtra
,16mm In Line Dripper (4-LPH)Round,,0,0,,0,0,Y,0,0,0,0,Maharashtra
,Coupler/Joiner 63mm,,0,0,,0,0,Y,0,0,0,0,Maharashtra
,125mm HDPE End Cap(Moulded),,0,0,,0,0,Y,0,0,0,0,Maharashtra
,125MM HDPE MOULDED BEND,,0,0,,0,0,Y,0,0,0,0,Maharashtra
,125MM HDPE MOULDED TEE,,0,0,,0,0,Y,0,0,0,0,Maharashtra
,SOC 110mm N HDPE Spk Adopter,,150,0,,0,0,Y,0,0,0,0,Rajasthan
,125MM HDPE Pipe End PN6 PE80(Moulded),,0,0,,0,0,Y,0,0,0,0,Maharashtra
,125MM PN6 PE100 HDPE BEND-45*(FF),,0,0,,0,0,Y,0,0,0,0,Maharashtra
,125MM PN6 PE100 HDPE TEE(FF),,0,0,,0,0,Y,0,0,0,0,Maharashtra
,125MM PN6 PE80 HDPE BEND 45*(FF),,0,0,,0,0,Y,0,0,0,0,Maharashtra
,125X110MM HDPE MOULDED REDUCER,,0,0,,0,0,Y,0,0,0,0,Maharashtra
,125X90MM HDPE MOULDED REDUCER,,0,0,,0,0,Y,0,0,0,0,Maharashtra
,140MM HDPE End Cap PN6 PE80(Moulded),,0,0,,0,0,Y,0,0,0,0,Maharashtra
,Coupler/joiner 75mm,,0,0,,0,0,Y,0,0,0,0,Maharashtra
,140mm HDPE End Cap(Moulded),,0,0,,0,0,Y,0,0,0,0,Maharashtra
,140MM HDPE MOULDED BEND,,0,0,,0,0,Y,0,0,0,0,Maharashtra
,SOC 110mm N HDPE Spk Bend,,485,0,,0,0,Y,0,0,0,0,Rajasthan
,140MM HDPE MOULDED PCN,,0,0,,0,0,Y,0,0,0,0,Maharashtra
,140MM HDPE MOULDED TEE,,0,0,,0,0,Y,0,0,0,0,Maharashtra
,140MM HDPE Pipe End PN6 PE80(Moulded),,0,0,,0,0,Y,0,0,0,0,Maharashtra
,140MM PN6 PE100 HDPE BEND(FF),,0,0,,0,0,Y,0,0,0,0,Maharashtra
,140MM PN6 PE100 HDPE BEND(FF)45*,,0,0,,0,0,Y,0,0,0,0,Maharashtra
,140MM PN6 PE100 HDPE TEE(FF),,0,0,,0,0,Y,0,0,0,0,Maharashtra
,140MM PN6 PE80 HDPE BEND 45*(FF),,0,0,,0,0,Y,0,0,0,0,Maharashtra
,140MM PN6 PE80 HDPE TEE 90*(FF),,0,0,,0,0,Y,0,0,0,0,Maharashtra
,D-Coiler,,0,0,,0,0,Y,0,0,0,0,Maharashtra
,140X110MM HDPE MOULDED REDUCER,,0,0,,0,0,Y,0,0,0,0,Maharashtra
,SOC 110mm N HDPE Spk MLC,,0,0,,0,0,Y,0,0,0,0,Rajasthan
,140X110MM MS Reducer,,0,0,,0,0,Y,0,0,0,0,Maharashtra
,140X125MM HDPE MOULDED REDUCER,,0,0,,0,0,Y,0,0,0,0,Maharashtra
,140X90MM HDPE MOULDED REDUCER,,0,0,,0,0,Y,0,0,0,0,Maharashtra
,160MM HDPE End Cap PN6 PE80(Moulded),,0,0,,0,0,Y,0,0,0,0,Maharashtra
,160mm HDPE End Cap(Moulded),,0,0,,0,0,Y,0,0,0,0,Maharashtra
,160mm HDPE FEB TEE,,0,0,,0,0,Y,0,0,0,0,Maharashtra
,160MM HDPE Flange(Moulded),,0,0,,0,0,Y,0,0,0,0,Maharashtra
,160MM HDPE MOULDED BEND,,0,0,,0,0,Y,0,0,0,0,Maharashtra
,160MM HDPE MOULDED BEND(PN6),,0,0,,0,0,Y,0,0,0,0,Maharashtra
,Dhaga Sutta(MI),,0,0,,0,0,Y,0,0,0,0,Maharashtra
,Emmitting Pipe CL-II(12mm 2LPH 40cm)Round,,8.19,0,,0,0,Y,0,0,0,0,Rajasthan
,SOC 110mm N HDPE Spk PCN,,485,0,,0,0,Y,0,0,0,0,Rajasthan
,160MM HDPE MOULDED PCN,,0,0,,0,0,Y,0,0,0,0,Maharashtra
,160MM HDPE MOULDED TEE,,0,0,,0,0,Y,0,0,0,0,Maharashtra
,160MM HDPE MOULDED TEE(PN6),,0,0,,0,0,Y,0,0,0,0,Maharashtra
,160MM HDPE Pipe End,,0,0,,0,0,Y,0,0,0,0,Maharashtra
,160MM HDPE Pipe End(Moulded),,0,0,,0,0,Y,0,0,0,0,Maharashtra
,160MM M.S. Flange,,0,0,,0,0,Y,0,0,0,0,Maharashtra
,160MM PN6 PE100 HDPE BEND 45*(FF),,0,0,,0,0,Y,0,0,0,0,Maharashtra
,160MM PN6 PE100 HDPE BEND(FF),,0,0,,0,0,Y,0,0,0,0,Maharashtra
,160MM PN6 PE100 HDPE TEE(FF),,0,0,,0,0,Y,0,0,0,0,Maharashtra
,160MM PN6 PE80 HDPE BEND-90*(FF),,0,0,,0,0,Y,0,0,0,0,Maharashtra
,SOC 110mm N HDPE Spk Pipe 6mtr,,775,0,,0,0,Y,0,0,0,0,Rajasthan
,Disc Filter 20m3/hrx2(PP),,4549,0,,0,0,Y,0,0,0,0,Maharashtra
,160MM PN6 PE80 HDPE TEE 90*(FF),,0,0,,0,0,Y,0,0,0,0,Maharashtra
,160X110MM HDPE MOULDED REDUCER,,0,0,,0,0,Y,0,0,0,0,Maharashtra
,160x110MM MS Reducer,,0,0,,0,0,Y,0,0,0,0,Maharashtra
,160X140MM HDPE MOULDED REDUCER,,0,0,,0,0,Y,0,0,0,0,Maharashtra
,160X75MM HDPE Reducer,,0,0,,0,0,Y,0,0,0,0,Maharashtra
,160X90mm HDPE Moulded Reducer,,0,0,,0,0,Y,0,0,0,0,Maharashtra
,160x90mm MS Reducer,,0,0,,0,0,Y,0,0,0,0,Maharashtra
,180MM HDPE Pipe End PN6 PE80(Moulded),,0,0,,0,0,Y,0,0,0,0,Maharashtra
,180MM PN6 PE100 HDPE BEND 45*(FF),,0,0,,0,0,Y,0,0,0,0,Maharashtra
,SOC 110mm N HDPE Spk Tee,,615,0,,0,0,Y,0,0,0,0,Rajasthan
,180MM PN6 PE100 HDPE BEND 90*(FF),,0,0,,0,0,Y,0,0,0,0,Maharashtra
,Disc Filter 25m3/hrx2(HT-134TS),,3630.6,0,,0,0,Y,0,0,0,0,Maharashtra
,180MM PN6 PE100 HDPE TEE(FF)90*,,0,0,,0,0,Y,0,0,0,0,Maharashtra
,180MM PN6 PE80 HDPE BEND(FF)90*,,0,0,,0,0,Y,0,0,0,0,Maharashtra
,180MM PN6 PE80 HDPE TEE(FF)90*,,0,0,,0,0,Y,0,0,0,0,Maharashtra
,180X125MM HDPE MOULDED REDUCER,,0,0,,0,0,Y,0,0,0,0,Maharashtra
,180X140MM HDPE MOULDED REDUCER,,0,0,,0,0,Y,0,0,0,0,Maharashtra
,180x90mm HDPE Moulded Reducer,,0,0,,0,0,Y,0,0,0,0,Maharashtra
,200MM  HDPE FAB TEE,,0,0,,0,0,Y,0,0,0,0,Maharashtra
,200MM HDPE End Cap PN6 PE80(Moulded),,0,0,,0,0,Y,0,0,0,0,Maharashtra
,SOC 110mm N Spk Foot Batten,,615,0,,0,0,Y,0,0,0,0,Rajasthan
,200MM HDPE ENDCAP(Moulded),,0,0,,0,0,Y,0,0,0,0,Maharashtra
,200MM HDPE FAB BEND,,0,0,,0,0,Y,0,0,0,0,Maharashtra
,Disc Filter 30m3/hr x 2.5(HT-135T),,3630.6,0,,0,0,Y,0,0,0,0,Maharashtra
,200MM HDPE Pipe End(Moulded),,0,0,,0,0,Y,0,0,0,0,Maharashtra
,200MM M.S. Flange,,0,0,,0,0,Y,0,0,0,0,Maharashtra
,200MM PN6 PE100 HDPE BEND 45*(FF),,0,0,,0,0,Y,0,0,0,0,Maharashtra
,200MM PN6 PE100 HDPE BEND(FF),,0,0,,0,0,Y,0,0,0,0,Maharashtra
,200MM PN6 PE100 HDPE TEE(FF),,0,0,,0,0,Y,0,0,0,0,Maharashtra
,200MM PN6 PE80 HDPE BEND (FF)90*,,0,0,,0,0,Y,0,0,0,0,Maharashtra
,200MM PN6 PE80 HDPE TEE(FF),,0,0,,0,0,Y,0,0,0,0,Maharashtra
,SOC 110mm N Spk Latch,,0,0,,0,0,Y,0,0,0,0,Rajasthan
,200X125MM HDPE MOULDED REDUCER,,0,0,,0,0,Y,0,0,0,0,Maharashtra
,200X140MM HDPE MOULDED REDUCER,,0,0,,0,0,Y,0,0,0,0,Maharashtra
,200X180MM HDPE MOULDED REDUCER,,0,0,,0,0,Y,0,0,0,0,Maharashtra
,Disc Filter 40m3/hrx2.5(PP),,3816,0,,0,0,Y,0,0,0,0,Maharashtra
,200x90mm HDPE  Moulded Reducer,,0,0,,0,0,Y,0,0,0,0,Maharashtra
,20MM PN12.5 PE80,,27.74,0,,0,0,Y,0,0,0,0,Maharashtra
,225MM HDPE End Cap(Moulded),,0,0,,0,0,Y,0,0,0,0,Maharashtra
,225mm HDPE Pipe End(Moulded),,0,0,,0,0,Y,0,0,0,0,Maharashtra
,225MM PN6 PE100 HDPE BEND(FF),,0,0,,0,0,Y,0,0,0,0,Maharashtra
,225MM PN6 PE100 HDPE TEE(FF),,0,0,,0,0,Y,0,0,0,0,Maharashtra
,SOC 110x90MM HDPE Spk Reducer,,495,0,,0,0,Y,0,0,0,0,Rajasthan
,225X160MM HDPE Molulded Reducer,,0,0,,0,0,Y,0,0,0,0,Maharashtra
,225X180MM HDPE Moulded Reducer,,0,0,,0,0,Y,0,0,0,0,Maharashtra
,225X90MM HDPE Moulded Reducer,,0,0,,0,0,Y,0,0,0,0,Maharashtra
,250mm HDPE Pipe End(Moulded),,0,0,,0,0,Y,0,0,0,0,Maharashtra
,Disc Filter 40m3/hrx3(PP),,6051,0,,0,0,Y,0,0,0,0,Maharashtra
,250MM M.S. Flange,,0,0,,0,0,Y,0,0,0,0,Maharashtra
,250MM PN6 PE100 HDPE BEND 45*(FF),,0,0,,0,0,Y,0,0,0,0,Maharashtra
,250MM PN6 PE100 HDPE BEND(FF),,0,0,,0,0,Y,0,0,0,0,Maharashtra
,250MM PN6 PE100 HDPE TEE(FF),,0,0,,0,0,Y,0,0,0,0,Maharashtra
,250X110MM HDPE Moulded Reducer,,0,0,,0,0,Y,0,0,0,0,Maharashtra
,SOC 50MM HDPE Spk End Cap,,495,0,,0,0,Y,0,0,0,0,Rajasthan
,250X160MM HDPE Moulded Reducer,,0,0,,0,0,Y,0,0,0,0,Maharashtra
,250x90mm HDPE Moulded Reducer,,0,0,,0,0,Y,0,0,0,0,Maharashtra
,25MM PN10 PE80,,36.87,0,,0,0,Y,0,0,0,0,Maharashtra
,280MM HDPE Pipe End(Moulded),,0,0,,0,0,Y,0,0,0,0,Maharashtra
,280MM M.S. Flange,,0,0,,0,0,Y,0,0,0,0,Maharashtra
,Disc Filter 50m3/hr X3(Metal),,0,0,,0,0,Y,0,0,0,0,Maharashtra
,280MM PN6 PE100 HDPE BEND 45*(FF),,0,0,,0,0,Y,0,0,0,0,Maharashtra
,280MM PN6 PE100 HDPE BEND 90*(FF),,0,0,,0,0,Y,0,0,0,0,Maharashtra
,280MM PN6 PE100 HDPE TEE(FF),,0,0,,0,0,Y,0,0,0,0,Maharashtra
,280X90MM HDPE Moulded Reducer,,0,0,,0,0,Y,0,0,0,0,Maharashtra
,Soc 50MM HDPE Spk T.P.,,0,0,,0,0,Y,0,0,0,0,Rajasthan
,315MM HDPE  Pipe End(Moulded),,0,0,,0,0,Y,0,0,0,0,Maharashtra
,315MM M.S. Flange,,0,0,,0,0,Y,0,0,0,0,Maharashtra
,315MM PN6 PE100 HDPE BEND-45*(FF),,0,0,,0,0,Y,0,0,0,0,Maharashtra
,315MM PN6 PE100 HDPE BEND-90*(FF),,0,0,,0,0,Y,0,0,0,0,Maharashtra
,315MM PN6 PE100 HDPE TEE(FF),,0,0,,0,0,Y,0,0,0,0,Maharashtra
,315X110MM HDPE Moulded Reducer,,0,0,,0,0,Y,0,0,0,0,Maharashtra
,16MM In Line Dripper(2-LPH)Round,,0,0,,0,0,Y,0,0,0,0,Maharashtra
,Disc Filter 50m3/hrx3(HT-136T)-Plastic,,3816,0,,0,0,Y,0,0,0,0,Maharashtra
,315X180MM HDPE Moulded Reducer,,0,0,,0,0,Y,0,0,0,0,Maharashtra
,315X225MM HDPE Moulded Reducer,,0,0,,0,0,Y,0,0,0,0,Maharashtra
,SOC 50MM N HDPE Spk Adopter,,250,0,,0,0,Y,0,0,0,0,Rajasthan
,315X250MM HDPE Moulded Reducer,,0,0,,0,0,Y,0,0,0,0,Maharashtra
,315x90MM HDPE Moulded Reducer,,0,0,,0,0,Y,0,0,0,0,Maharashtra
,32MM PE-100-2.3A(IS:14885),,0,0,,0,0,Y,0,0,0,0,Maharashtra
,32MM PE-100-3.0A(IS:14885),,0,0,,0,0,Y,0,0,0,0,Maharashtra
,32MM PE-80-2.3A(IS:14885),,0,0,,0,0,Y,0,0,0,0,Maharashtra
,32MM PE-80-3.0A(IS:14885),,0,0,,0,0,Y,0,0,0,0,Maharashtra
,32MM PN10 PE100 N,,50.11,0,,0,0,Y,0,0,0,0,Maharashtra
,32MM PN12.5 PE100,,54.24,0,,0,0,Y,0,0,0,0,Maharashtra
,Drill/inject Lateral Punch 3mm(PVC),,200,0,,0,0,Y,0,0,0,0,Maharashtra
,32mm PN6 PE- 63 N,,48.71,0,,0,0,Y,0,0,0,0,Maharashtra
,SOC 50MM N HDPE Spk Bend,,250,0,,0,0,Y,0,0,0,0,Rajasthan
,32mm PN8 PE- 80 N,,47.54,0,,0,0,Y,0,0,0,0,Maharashtra
,355MM HDPE FAB TEE,,0,0,,0,0,Y,0,0,0,0,Maharashtra
,355MM HDPE PIPE END(Moulded),,0,0,,0,0,Y,0,0,0,0,Maharashtra
,355MM M.S. Flange,,0,0,,0,0,Y,0,0,0,0,Maharashtra
,355MM PN6 PE100 HDPE BEND(FF)45*,,0,0,,0,0,Y,0,0,0,0,Maharashtra
,355MM PN6 PE100 HDPE BEND(FF)90*,,0,0,,0,0,Y,0,0,0,0,Maharashtra
,355X125MM HDPE Moulded Reducer,,0,0,,0,0,Y,0,0,0,0,Maharashtra
,355X250MM HDPE Moulded Reducer,,0,0,,0,0,Y,0,0,0,0,Maharashtra
,355x315MM HDPE Moulded Reducer,,0,0,,0,0,Y,0,0,0,0,Maharashtra
,Drill/inject Lateral Punch 4mm(PVC),,0,0,,0,0,Y,0,0,0,0,Maharashtra
