Route Code,Route Name
,""
BAROBISHA,"11001765;AEMP000799000681;11001774;1101153;11001835"
MANGALDOI,"1100790;1101083"
SIPAJHAR,"1100790;1101083"
DA02137,"13NO. GUMTI CHOWK"
MA01140,"18 MILE"
DNK0014,"24 PUR"
DAN0010,"24 PUR"
WA01806,"3 NO.BUS STAND"
ALI0011,"4 MAIL"
KA00310,"5 NO.HAAT"
KO00397,"58 NO GATE"
SHA0001,"58 NO GATE"
MA01000,"8 MILE"
TIRUPATI ENTERPRISE,"8474892737"
Y,"872757"
J.K. ENTERPRISE,"8751243250"
NTNE089,"A.P."
DIB1701,"A.T ROAD"
TIN0035,"A.T ROAD - TINSUKIA"
LIK0101,"AALO"
DH03200,"AANGWALI"
LA03233,"ABHAIPUR"
LBO1901,"ABHAYAPURI"
LBO2402,"ABHAYAPURI"
OTH0033,"ABHAYAPURI"
LOWO0001,"ABHAYAPURI"
OTH0647,"ABHAYAPURI (LOWER ASSAM 1)"
OTH0088,"ABHAYAPURI (NT)"
BU00161,"ABHIRAMPUR"
BI00078,"ABINASHPUR"
BUR0031,"ABU JHATI"
SILK0001,"ACHIMGANJ"
SILC0001,"ACHIMGANJ"
SIL5901,"ACHIMGANJ"
GHY6101,"ADABARI"
GUWU0001,"ADABARI"
RA02925,"ADALHATU"
BH01771,"ADAMPUR"
DA01260,"ADHIKARY"
GHY0009,"ADHIYARPAR"
GUWR0001,"ADHIYARPAR"
TA03359,"ADITYAPUR"
PUR0066,"ADRA"
GHY0020,"AEC ROAD"
KO00488,"AGARPARA"
NTNE001,"AGARTALA"
NDL001,"AGARTALA"
OTH0481,"AGARTALA (AGARTALA)"
B001DUM01,"AGARTALA (SCL)"
OTH0145,"AGARTALA AIRPORT"
OTH0004,"AGARTALA OFFICE"
AGR1801,"AGARTALA OFFICE"
OTH0038,"AGARTALA UNIVERSITY"
OTH0748,"AGARTALA UNIVERSITY (AGARTALA)"
LDH0101,"AGOMONI"
LOWO0057,"AGOMONI"
OTH0698,"AGOMONI (LOWER ASSAM 1)"
BI00079,"AHAMADPUR"
MU01391,"AHIRON"
BEG0009,"AHIYAPUR"
KO10031,"AHMERST STREET"
MA01001,"AIHO"
GA02336,"AIMA CHOWKI"
SILH0001,"AINAKHAL"
SIL4801,"AINAKHAL"
KO00597,"AIRPORT"
KO00570,"AIRPORT."
KRI0011,"AISHMALI"
OTH0121,"AIZAWL"
AIZ0015,"AIZAWL"
B003DUM01,"AIZAWL (SCL)"
NTNE002,"AIZWAL"
OTH0586,"AIZWAL TOWN (MIZORAM)"
MU01392,"AJAGARPARA"
WA01868,"AJIJGHAT"
WA01807,"AKBARPUR"
WA01874,"AKONA"
KA00377,"AKRA"
EA00242,"AKRA"
BA00001,"AKUI"
BI00080,"AKUPURCHUTI"
DA01999,"ALALPATTI"
MU02245,"ALAM NAGAR"
SA02249,"ALAM NAGAR"
SUP0001,"ALAM NAGAR"
MA01002,"ALAM PUR"
SHA0002,"ALAMPUR"
KO00398,"ALAMPUR"
SIL4001,"ALGAPUR"
SILC0060,"ALGAPUR"
SILH0002,"ALGAPUR"
DRJ0002,"ALGARA"
DRJ0042,"ALGARA-DARJEELING"
DRH0173,"ALGARA-DARJEELING"
DRH0003,"ALGARHA"
DRP0003,"ALGARHA"
DA01261,"ALGARHA"
BH01772,"ALIGANJ"
LAX0004,"ALIGANJ"
LA03224,"ALIGANJ MAIN ROAD"
DIB0501,"ALIMUR"
DA02185,"ALINAGAR"
MO00833,"ALINAGAR"
MA01255,"ALINAGAR"
MA01131,"ALINAGAR, MALDA"
DAK0007,"ALIPUR"
GA02296,"ALIPUR"
CO01456,"ALIPUR ROAD"
AL01539,"ALIPUR TOWN"
NTWB018,"ALIPURDUAR"
OTH0353,"ALIPURDUAR"
OTH0543,"ALIPURDUAR (ALIPURDUAR)"
COA014611,"ALIPURDUAR II"
ALI0001,"ALIPURDUAR TOWN"
NTWB176,"ALIPURDUAR- ALIPURDUAR"
ALI00011,"ALIPURDUAR-I"
LOWT0001,"ALIYA"
LNA0101,"ALIYA"
GUWR0002,"ALIYA1"
GHY8102,"ALIYA1"
BE02526,"ALOLI"
KIS0034,"ALTA"
MA01148,"ALTOR"
GUWR0042,"ALUPUTICHAR"
DA02120,"AMADA"
WES0008,"AMARDA"
AGR0022,"AMARPUR"
OTH0287,"AMARPUR"
UDI0101,"AMARPUR"
BH01773,"AMARPUR"
OTH0027,"AMARPUR (AGT)"
OTH0664,"AMARPUR - GOMATI (UDAIPUR)"
GAY0005,"AMARUT"
WA01808,"AMAWA"
TEZ0009,"AMBACHOWK"
NGN1701,"AMBAGAN"
DA01383,"AMBARI"
DRP0125,"AMBARI"
GUWU0002,"AMBARI"
DRH0125,"AMBARI"
GHY6301,"AMBARI"
JA01573,"AMBARI"
DA01262,"AMBARI BORDER"
DRP0004,"AMBARI BORDER"
NTWB107,"AMBARI FALAKATA"
DHA0020,"AMBASA"
OTH0637,"AMBASA (DHARMANAGAR)"
DHA0101,"AMBASSA"
DUM0030,"AMBEDKAR"
WA01828,"AMBER CHOK"
WA01901,"AMBERSHEKHANA"
WA01809,"AMBIKA BIGHA"
DRP0001,"AMBIKA NAGAR"
DRH0001,"AMBIKA NAGAR"
DA01259,"AMBIKA NAGAR"
BA00072,"AMBIKA NAGAR"
AGR0011,"AMC (SADAR)"
AGR0101,"AMC A"
AGR0201,"AMC B"
AGR0301,"AMC C"
AGR0401,"AMC D"
AGR0501,"AMC DUKLI SIDE"
AGR0601,"AMC E"
AGR0001,"AMC-A (WT)"
AGR0002,"AMC-B (WT)"
AGR0010,"AMC-C (WT)"
AGR0003,"AMC-D AGARTALA"
KA02590,"AMDABAD"
KAT0010,"AMDABAD"
BIR0019,"AMDAHARA"
KO00598,"AMDANGA"
KR00703,"AMDOBE"
BI00081,"AMDOLA"
DUM0046,"AMETHI"
KA00311,"AMGACHIA"
BIR0033,"AMGORI"
OTH0185,"AMGURI"
LBO0101,"AMGURI"
LOWO0002,"AMGURI"
JAL0017,"AMGURI"
JOR1201,"AMGURI"
SIB0101,"AMGURI"
OTH0491,"AMGURI - SIVASAGAR (JORHAT)"
GHY6701,"AMINGAON"
GUWR0003,"AMINGAON"
OTH0373,"AMINGAON (GUWAHATI RURAL)"
DA01627,"AMINPUR"
KR00704,"AMIYANARAYANPUR"
KRI0012,"AMLAPARA"
JHL0201,"AMLAREM"
OTH0771,"AMLAREM (JAINTIA HILLS)"
WES0001,"AMLASULI"
DA02000,"AMLATOLI"
CH02644,"AMNOUR"
DIB1801,"AMOLAPATTY"
OTH0169,"AMONI"
OTH0629,"AMONI (NAGAON)"
KA02591,"AMOUR"
PUR0029,"AMOUR"
TUR3901,"AMPATI"
TURP0001,"AMPATI"
OTH0222,"AMPATI"
OTH0671,"AMPATI (TURA PLAIN)"
UDI4601,"AMPI NAGAR"
AGR0026,"AMPINAGAR"
OTH0615,"AMPINAGAR (UDAIPUR)"
BUR0154,"AMRA"
SILC0002,"AMRAGHAT"
SIL3301,"AMRAGHAT"
RA00908,"AMRAI"
RA02971,"AMRITNAGAR"
MA01020,"AMRITY"
MA01165,"AMRITY , MALDA"
MA01003,"AMRITY MORE"
KO00399,"AMTA"
SHA0003,"AMTA"
MU01455,"AMTALA"
KO20024,"AMTALA"
DA01382,"AMTALA"
KO10025,"AMTALA"
KA00312,"AMTALA"
DRP0124,"AMTALA"
BU00162,"ANADABAZAAR"
OTH0627,"ANAND TINALI (LAKHIMPUR)"
BUR0089,"ANANDABAZAR"
SHA0004,"ANANDANAGAR"
KO00400,"ANANDANAGAR"
WE00960,"ANANDAPUR"
DA02044,"ANANDPUR"
PUR0049,"ANARA"
BA00002,"ANCHURI"
RA00909,"ANDAL"
RA00910,"ANDAL SOUTH BAZAR"
NTNE077,"ANDAMAN AND NICOBAR"
SI02677,"ANDAR"
GA02297,"ANDER"
WA01992,"ANDER"
WA01851,"ANDHANA"
DA02001,"ANDHRATHADHI"
WA01883,"ANDHRWARI"
KO00401,"ANDUL"
KO00402,"ANDUL"
SHA0005,"ANDUL"
SHA0006,"ANDUL"
WA01810,"ANEILA"
SA02822,"ANGAR GHAT"
BIR0044,"ANGARGARIA"
BI00082,"ANGARGORIA"
JAL0006,"ANGRAVASA"
DH03215,"ANGWALI"
SILK0002,"ANIPUR"
SIL1101,"ANIPUR"
WA01811,"ANSARNAGAR"
WES0040,"ANTRI"
TUR3501,"ANUGURI"
TURH0001,"ANUGURI"
OTH0347,"AP - BANDERDEWA"
OTH0348,"AP - BHALUPONG"
OTH0352,"AP - LIKABALI"
OTH0345,"AP - TINSUKIA"
AALO,"AP- LEKHABALI"
MA01052,"ARA PUR1"
MA01004,"ARABINDO PARK"
MA01096,"ARAIDANGA"
TURH0002,"ARAIMAIL"
TUR2001,"ARAIMAIL"
BUR0005,"ARAMBAG"
BU00163,"ARAMBAGH"
KR00705,"ARANGHATA"
MA01019,"ARAPUR"
KIS0008,"ARARIA"
NTBH002,"ARARIA"
ARA0003,"ARARIA"
OTH0734,"ARARIA (KISHANGANJ)"
DA02002,"ARARIYA"
MAL016,"ARBAR"
DA02124,"ARER"
EA00243,"ARGOAL"
RA02871,"ARGORA"
KO00403,"ARGORI"
SHA0007,"ARGORI"
KO00489,"ARIADAHA"
KO10041,"ARIDAHA"
MA01163,"ARJUN PUR"
PUR0031,"ARJUNJORA"
MU01393,"ARJUNPUR"
KO10057,"ARJUNPUR"
OTH0626,"ARKATIPUR (SILCHAR - CACHAR)"
MA01061,"AROBINDA PARK"
OTH0729,"ARUNACHAL (SILCHAR - CACHAR)"
DUM0005,"ARWAL"
GA02414,"ARWAL"
GA02298,"ARWALMORE"
DE03047,"ASANMANI"
KR00706,"ASANNAGAR"
RA00911,"ASANSOL"
RA00912,"ASANSOL TOWN-1"
RA00913,"ASANSOL TOWN-2"
MA01005,"ASAPUR"
LA03272,"ASARGANJ"
LA03273,"ASARGANJ JALALABAD"
WES0011,"ASARI"
WA01812,"ASHANAGAR"
MAL025,"ASHAPUR"
MA01147,"ASHAPUR BAJAR"
LAX0011,"ASHARGANJ"
KR00707,"ASHARU"
DA01347,"ASHIGHAR"
DRP0089,"ASHIGHAR"
DA01377,"ASHIRGARH MORE"
MU02196,"ASHOGI BAZAR"
DA01662,"ASHOKGRAM"
KO00599,"ASHOKNAGAR"
JA01599,"ASIRGARH MORE"
KR00708,"ASSANNAGAR"
WA01813,"ASTHAWA"
BUR0127,"ASTOGORIA"
SAH0005,"ATALKHA"
GA02341,"ATAULA"
GHY6801,"ATHGAON"
GUWU0003,"ATHGAON"
PA02712,"ATHMALGOLA"
KO20047,"ATHPUR"
DH03111,"ATKA"
DA01361,"ATOL"
BUR0034,"ATPARA"
GA02323,"ATRI"
GA02402,"ATTULAH"
DH03112,"AUARA"
DA02113,"AUNSI"
DA02112,"AUNSI ZEROMILE"
MU01394,"AURANGABAD"
DUM0013,"AURANGABAD"
KO00600,"AWALSIDDHI"
OTH0364,"AWANGKHUL (MANIPUR)"
BI00083,"AYAS"
MUR0006,"AYESHBAGH"
MU01395,"AYESHBAGH"
DUM0031,"AYODHYA"
DH03146,"AZAD NAGAR"
DUM0026,"AZAMGARH"
KAT0011,"AZAMNAGAR"
KA02592,"AZAMNAGAR"
KAT00151,"AZAMNAGAR"
GHY1701,"AZARA"
GUWU0004,"AZARA"
OTH0164,"AZARA"
OTH0424,"AZARA (GUWAHATI URBAN)"
MU01396,"AZIMGUNJ"
UDI1601,"B.C.NAGAR"
MA01006,"B.S.ROAD"
GAY0010,"BAANKE BAJAR"
SA02294,"BABHTIYAHI"
SUP0046,"BABHTIYAHI"
MA01181,"BABLA, MALDA"
MA01171,"BABU PUR"
DA02003,"BABUBARHI"
DH03153,"BABUDIH"
PUR0060,"BABUGRAM"
DA01263,"BABUPARA"
DRP0005,"BABUPARA"
MU01397,"BABUPUR"
CO01459,"BABURHAT"
LA03253,"BACHAIR JAMUI"
BE02570,"BACHAWARA"
BE025701,"BACHHWARA"
KO00404,"BACHRI"
SHA0008,"BACHRI"
BE02527,"BACHWARA"
KO20019,"BADAR ROAD"
SIL0101,"BADARPUR"
NDL002,"BADARPUR"
SILK0003,"BADARPUR"
OTH0148,"BADARPUR"
B004DUM01,"BADARPUR (SCL)"
OTH0722,"BADARPUR (TOWN) (SILCHAR - KARIMGANJ)"
SILK0004,"BADARPUR 1"
SIL0901,"BADARPUR 1"
OTH0286,"BADARPURGHAT"
OTH0659,"BADARPURGHAT (SILCHAR - HAILAKANDI)"
GA02361,"BADAUWAN"
DH03092,"BADDIHA"
DA02053,"BADH POKHAR"
OTH0318,"BADHARGHAT"
LA03229,"BADHAUNA"
DE03018,"BADIA MORE"
LA03230,"BADIBAYJAMUI"
RA02955,"BADKAGAON"
GA02412,"BADKAGAW"
KR00709,"BADKULLA"
KR00701,"BADKULLA"
GA02427,"BADRA"
BUR0136,"BADSAHI ROAD"
KO00490,"BADU"
KO00601,"BADU"
KO00602,"BADU ROAD"
BU00164,"BADULIA"
KO00603,"BADURIA"
OTH0288,"BAGAFA"
UDI1701,"BAGAFA"
OTH0665,"BAGAFA (UDAIPUR)"
KRI0002,"BAGANCHRA"
SHA0009,"BAGANDA"
KO00405,"BAGANDA"
MA01104,"BAGBARI"
TA03373,"BAGBERA"
KR00710,"BAGCHIR BAGAN"
JOR0101,"BAGCHUNG"
JOR0201,"BAGCHUNG 1"
KO00698,"BAGDA"
KR00711,"BAGDA"
TEZ0003,"BAGDALGURI"
KR00712,"BAGDIA"
DA01264,"BAGDOGRA"
DRH0006,"BAGDOGRA"
NTWB033,"BAGDOGRA"
DRP0006,"BAGDOGRA"
BI00084,"BAGDOLA"
BE02551,"BAGDOV"
DA01646,"BAGDUAR"
GA02299,"BAGESHWARI"
KAL0009,"BAGHAJATIN"
GUWU0005,"BAGHARBARI"
GHY5201,"BAGHARBARI"
KO00491,"BAGHBAZAR"
OTH0014,"BAGHJAN"
OTH0082,"BAGHJAN (NT)"
TURH0003,"BAGHMARA"
BISW0002,"BAGHMARA"
OTH0223,"BAGHMARA"
TUR2101,"BAGHMARA"
TEZ0301,"BAGHMARA"
OTH0081,"BAGHMARA (NT)"
OTH0319,"BAGHMARI"
SA02818,"BAGHOPUR"
WA01814,"BAGI BARDIHA"
KA00313,"BAGIRHAT"
KO00604,"BAGJOLA"
DA01670,"BAGLAPARA"
OTH0214,"BAGMA"
KR00713,"BAGMARA"
KO00406,"BAGNAN"
SHA0010,"BAGNAN"
DH03110,"BAGODAR"
WA01826,"BAGODAR MARKET"
JAL0018,"BAGRAKOT"
DRH0170,"BAGRAKOT - DARJEELING"
DRJ0039,"BAGRAKOT - DARJEELING"
DRP0170,"BAGRAKOT - DARJEELING"
JAL0014,"BAGRAKOTE"
LOWO0068,"BAGRIBARI"
GUWR0004,"BAGTA"
GHY0002,"BAGTA"
BIR0001,"BAGTORE"
KO00492,"BAGUIATI"
KO00493,"BAGUIATI-1"
KO156,"BAGUIHATI"
KO10056,"BAGUIHATI"
KR00714,"BAGULA"
MA01075,"BAHAARAL"
DIB0040,"BAHADUR CHARIALI"
TIN0001,"BAHADUR CHARIALI"
DH03188,"BAHADUR PUR"
NTBH003,"BAHADURGANJ"
KIS0018,"BAHADURGANJ"
KI02737,"BAHADURGUNJ"
WA01981,"BAHADURGUNJ"
KR00715,"BAHADURPUR"
BIR0075,"BAHADURPUR"
DAR0013,"BAHADURPUR"
TA03387,"BAHARAGORA"
MA01007,"BAHARAL"
MA01193,"BAHARGOLA, MALDA"
KA00314,"BAHARU"
KIS0046,"BAHDURGANJ"
DA02004,"BAHERI"
KR00716,"BAHIRGACHI"
BI00085,"BAHIRI"
MA01159,"BAHIRKAP"
MO00834,"BAHIRKHAND"
KA00315,"BAHIRPUA"
BEG0014,"BAHRAMPUR"
MO00835,"BAHULA"
BIR0051,"BAHUTAL"
GA02360,"BAID HADA MORE"
KO00407,"BAIDYABATI"
DNK0001,"BAIDYABATI"
BA00003,"BAIDYANATHPUR"
BUR0159,"BAIDYANATHPUR"
MO00836,"BAIDYAPUR"
GUWR0005,"BAIHATA"
GHY3701,"BAIHATA"
GHY0014,"BAIHATA"
OTH0485,"BAIHATA (GUWAHATI RURAL)"
OTH0299,"BAIHATA CHARIALI"
OTH0484,"BAIHATA CHARIALI (GUWAHATI RURAL)"
SA02799,"BAIJANATHPUR"
DE03005,"BAIJNATHPUR"
GA02419,"BAIJUBIGHA"
BUR0010,"BAIKANTAPUR"
BUR0079,"BAIKUNTHAPUR"
SI02678,"BAIKUNTHPUR"
KO00408,"BAINAN"
SHA0011,"BAINAN"
OTH0532,"BAIRABI (MIZORAM)"
OTH0449,"BAIRABI DUMP RAIL (MIZORAM)"
MA01135,"BAIRAT"
MUZ0001,"BAIRGANIA"
BEG0008,"BAISA"
PUR00031,"BAISA"
KA02593,"BAISI"
PUR0018,"BAISI"
MA01008,"BAISNAB NAGAR"
MA01154,"BAISNAB NAGAR,STAND"
HOJA0012,"BAITHALANGSU"
NGN0101,"BAITHALANGSU"
OTH0324,"BAITHLANGSU"
OTH0741,"BAITHLANGSU (NAGAON)"
LBA0101,"BAJALI1"
LOWT0002,"BAJALI1"
LOWT0003,"BAJALI2"
LBA0201,"BAJALI2"
LBA0301,"BAJALI3"
LOWT0004,"BAJALI3"
GA02407,"BAJAR TALI"
TUR3001,"BAJENGDOBA"
TURH0004,"BAJENGDOBA"
EA00244,"BAJKUL"
MUZ0002,"BAJPATTI"
RA02882,"BAJRA"
DA02128,"BAJRANG BAZAR"
DE03002,"BAJRANGI CHOWK"
MA01022,"BAKAHARPUR"
JAL0019,"BAKALI"
BEG0016,"BAKHARI"
KA00316,"BAKHRAHAT"
BEG0024,"BAKHRI"
PA02713,"BAKITHYARPUR"
KA00317,"BAKKHALI"
KO00683,"BAKKHALI"
KO00494,"BAKRA"
WE00961,"BAKRABAD"
NTNE003,"BAKSA"
SHA0012,"BAKSARA"
KO00409,"BAKSARA"
WA01888,"BAKSOTI"
BIR0064,"BAKTORE"
BI00086,"BAKUL"
MO00837,"BAKULIA"
KARB0002,"BAKULIA"
NGN2801,"BAKULIA"
KO00410,"BAKULTALA"
SHA0013,"BAKULTALA"
OTH0070,"BALACHERA"
MO00838,"BALAGARH"
SA02808,"BALAHA"
NDL030,"BALAJAN"
LBO0201,"BALAPARA"
LOWO0003,"BALAPARA"
CO01460,"BALARAMPORE ROAD"
BUR0048,"BALARAMPUR"
NTWB050,"BALARAMPUR"
COO0005,"BALARAMPUR"
COO0007,"BALARAMPUR ROAD"
DA01265,"BALASONE COLONY"
WA01815,"BALBAPAR"
PA02731,"BALCHI"
OTH0312,"BALEMU"
OTH0056,"BALEMU (AP-NT)"
BUR0147,"BALGONA"
LA03227,"BALGUDAR"
BE02578,"BALHA"
RA02990,"BALHARA"
SILK0005,"BALIA"
BE02588,"BALIA"
SIL4901,"BALIA"
MU01398,"BALIA"
BEG0020,"BALIA"
DE03013,"BALIA CHOWKI"
KR00717,"BALIADANGA"
MA01252,"BALIADANGA"
WES0017,"BALICHAK"
EA00293,"BALICHAWK"
WE00962,"BALICHAWK"
DH03195,"BALIDIH"
KO00495,"BALIGANJ"
MO00839,"BALIGURI"
DAN0003,"BALIGURI"
GOL0002,"BALIJAN"
LOWO0064,"BALIJANA"
LA30009,"BALIJANA"
GUWR0006,"BALIKUCHI"
GHY3201,"BALIKUCHI"
BIR0024,"BALIKUNI"
KO20003,"BALINDI"
TEZ2901,"BALIPARA"
OTH0065,"BALIPARA"
OTH0096,"BALIPARA (NT)"
OTH0385,"BALIPARA (TEZPUR)"
TEZ3301,"BALIPARA ROAD"
DA01671,"BALIPUKUR"
KO00411,"BALIPUR"
BUR0057,"BALIPUR"
DNK0002,"BALIPUR"
EA00245,"BALISAHI"
SHA0014,"BALITIKURI"
KO00412,"BALITIKURI"
DH03157,"BALIYAPUR"
BUR0026,"BALIYARPUR"
KR00718,"BALLAVPARA"
RA00914,"BALLAVPUR"
DUM0024,"BALLIA"
SA02817,"BALLIPUR"
KO00413,"BALLY"
SHA0015,"BALLY"
KO10040,"BALLY"
BA00004,"BALSI"
KO20067,"BALTI"
DA01266,"BALUGARA"
DRP0008,"BALUGARA"
NTWB081,"BALUGHAT"
RA02956,"BALUMATH"
RA02957,"BALUMATH"
MA01009,"BALUPUR"
NTWB061,"BALURGHAT"
DA01628,"BALURGHAT"
DA02130,"BALWA"
MA01126,"BAMAN GOLA"
MA01194,"BAMAN GRAM"
KO00605,"BAMANGACHI"
KO00496,"BAMANGHATA"
COO0010,"BAMANHAT"
NTWB155,"BAMNIGAON,DURGAPUR"
MA01010,"BAMONGOLA"
COO0016,"BAMONVITA"
DIB0007,"BAMUNBARI"
OTH0727,"BAMUNBARI (DIBRUGARH)"
GHY0001,"BAMUNDI"
GUWR0007,"BAMUNDI"
KO00414,"BAMUNGACHI"
OTH0114,"BAMUNIMAIDAN"
AGR0016,"BAMUTIA"
RA02973,"BANAGAGH"
SHA0016,"BANAMALINAGAR"
KO00415,"BANAMALINAGAR"
JA01574,"BANARHAT"
NTWB052,"BANARHAT"
COO0025,"BANARHAT-COOCHBIHAR"
DA01363,"BANCHAVITA"
SA02756,"BANDA"
DUM0038,"BANDA"
BI00087,"BANDAR"
BU00236,"BANDAR"
BUR0075,"BANDAR"
OTH0007,"BANDARDEWA"
MO00840,"BANDEL"
NDL003,"BANDERDEWA"
OTH0194,"BANDERDEWA"
BAN0701,"BANDERDEWA"
A107DUM01,"BANDERDEWA (GGU + SCL)"
OTH0715,"BANDERDEWA-AR (AP - BANDERDEWA)"
DH03093,"BANDERKUPI"
GA02332,"BANDHU CHAK KAKO"
GA02401,"BANDHU GANJ"
GA02300,"BANDHU GANJ"
GA02445,"BANDI BHATHANI"
MUZ0042,"BANDRA"
BUR0037,"BANDUL BAZAR"
KO00416,"BANERJEE LANE"
SHA0017,"BANERJEE LANE"
ALI0006,"BANESHWAR"
CO01478,"BANESHWAR"
JA01596,"BANESHWAR MORE"
DRJ0003,"BANESHWAR MORE"
DA01267,"BANESSWAR MORE"
CO01502,"BANESWAR"
COO0004,"BANESWAR"
ALI0005,"BANESWAR"
AL01541,"BANESWAR"
BIR0003,"BANGACHATRA"
UT01705,"BANGALBARI"
GHY0007,"BANGALIPARA"
GUWR0044,"BANGALIPARA"
KO00417,"BANGALPUR"
SHA0018,"BANGALPUR"
WA01913,"BANGANGA"
KR00719,"BANGAON"
KO00497,"BANGUR"
CH02645,"BANIAPUR"
BIR0058,"BANIOR"
DIB1901,"BANIPUR"
KO20035,"BANIPUR"
DAR0008,"BANIPUR"
SI02703,"BANIYPUR"
PUR0059,"BANJORA"
BH01774,"BANKA"
BUR0163,"BANKAPASI"
GA02301,"BANKE BAZAR"
NTWB034,"BANKURA"
BU00165,"BANKURA MORE"
BA00005,"BANKURA TOWN"
DS04DUM01,"BANKURA-2"
SA02250,"BANMA ITAHARI"
PUR00021,"BANMANKHI"
KA02594,"BANMANKHI"
PUR0002,"BANMANKHI"
BUR0112,"BANMASJID"
DRJ0004,"BANSBUTY"
KA00318,"BANSDRONI"
DH03187,"BANSGOIRA"
GA02394,"BANSHI BIGHA"
DA01653,"BANSKURI"
RA02945,"BANTA"
BEG0019,"BANWARIPUR"
TIN0501,"BAR HAPJAN"
TIN0002,"BAR HAPJAN"
BIR0007,"BARABAGAN"
MOG0010,"BARABAINAN"
RNJ0001,"BARABANI"
DUM0033,"BARABANKI"
KO00498,"BARABAZAR"
RA00915,"BARABONI"
KO00606,"BARACHAMPA"
GA02302,"BARACHATTI"
MA01047,"BARADUARI"
KO00571,"BARAHNAGAR"
KO00607,"BARAHNAGAR"
LA03271,"BARAI ,JORNI"
SA02757,"BARAIMPUR"
RA00916,"BARAKAR"
LOWT0005,"BARAMA"
LNA0201,"BARAMA"
KO10066,"BARANAGAR"
OTH0580,"BARAPANI (SHILLONG)"
KO00572,"BARASAT"
KO00608,"BARASAT"
SI02679,"BARAULI"
BE02528,"BARAUNI"
BE02558,"BARAUNI"
BE02567,"BARAUNI FLAG"
KI02738,"BARBATTA"
LNA0301,"BARBHAG"
LOWT0006,"BARBHAG"
WES0034,"BARDA CHAUKHKAN"
WES0041,"BARDA CHAWKAN"
WA01816,"BARDAHA"
DA01368,"BARDHAMAN ROAD"
DRP0110,"BARDHAMAN ROAD"
DRJ0005,"BARDHMAN ROAD"
DRP0134,"BARDHMAN ROAD"
TIN0003,"BARDUMSA"
DIB0045,"BARDUMSA"
GA02446,"BAREW"
DAN0031,"BARGACHIA"
SHA0087,"BARGACHIA"
SHA0019,"BARGRAM"
KO00418,"BARGRAM"
PA02714,"BARH"
OTH0536,"BARHAPJAN (TINSUKIA)"
KA02595,"BARHARA KOTHI"
PUR0006,"BARHARA KOTHI"
SI02680,"BARHARIA"
WA01986,"BARHARIA"
DE03076,"BARHARWA"
RA02982,"BARHI"
LA03234,"BARHIYA"
LA03282,"BARI ASHIQUE NAGAR"
DA01268,"BARIBHASA"
DRH0010,"BARIBHASA"
DRP0010,"BARIBHASA"
DA01390,"BARIBHASA"
TA03361,"BARIDIH"
SIL5101,"BARIGRAM"
SILK0006,"BARIGRAM"
OTH0681,"BARIGRAM (SILCHAR - KARIMGANJ)"
KIS0051,"BARIJAN"
BA00006,"BARIKUL"
WES0014,"BARISA"
SA02293,"BARIYAHI"
LA03351,"BARIYARPUR"
LAX0007,"BARIYARPUR"
BHL0017,"BARIYARPUR"
WA01817,"BARIYARPUR"
RA02903,"BARIYATU"
BA00007,"BARJORA"
RA02940,"BARKAKANA"
RA02983,"BARKATHA"
GHY0010,"BARKHALA"
OTH0230,"BARMA"
DH03131,"BARMASIYA"
KR00720,"BARNIA"
JAL0020,"BARNISH"
BE02566,"BARO BAZAR"
KR00721,"BAROANDULIA"
KR00722,"BAROATTAKI"
AL01527,"BAROBISA-RAMPUR"
CO01517,"BAROBISA-RAMPUR"
ALI0004,"BAROBISHA"
COO0021,"BAROBISHA"
JAL0021,"BARODHIGHI"
DRJ0001,"BARODHIGHI"
UT01706,"BARODUARI"
DA01658,"BAROGACHHI"
NTNE004,"BARPETA"
NDL004,"BARPETA"
LOWT0007,"BARPETA"
OTH0755,"BARPETA ROAD (LOWER ASSAM 2)"
OTH0622,"BARPETA TOWN (LOWER ASSAM 2)"
LBA0401,"BARPETA(LA)"
KO00573,"BARRACKPORE"
KO00609,"BARRACKPORE"
KO00574,"BARRACKPORE (M)"
KO00610,"BARRACKPORE (M)"
GHY5401,"BARSHAPARA"
GUWU0006,"BARSHAPARA"
KAT0004,"BARSOI"
KA02596,"BARSOI"
GA02303,"BARTARA"
PUR0065,"BARTORIA"
DIB10,"BARUAH TINIALI"
DIB0010,"BARUAH TINIALI"
MU01399,"BARUIPARA"
KO10050,"BARUIPUR"
KAL0007,"BARUIPUR"
KO00611,"BARUIPUR (M)"
KA00381,"BARUIPUR (M)"
DH03163,"BARWADA"
MU01400,"BARWAN"
WES0010,"BASANTAPUR"
EA00294,"BASANTI"
KO00612,"BASANTI"
KA00378,"BASANTI."
SUP0047,"BASANTPUR"
SI02681,"BASANTPUR"
WA01987,"BASANTPUR"
SA02295,"BASANTPUR"
BIR0022,"BASAPARA"
LIK0201,"BASAR"
BUR0158,"BASATPUR"
DA02114,"BASAULI"
DA02108,"BASBARIYA"
MO00841,"BASBERIA"
NTWB106,"BASHDAHA NATIBARI"
JAL0022,"BASILARDANGA"
KO00613,"BASIRHAT"
GHY4401,"BASISTHA"
GUWU0007,"BASISTHA"
OTH0538,"BASKANDI (SILCHAR - CACHAR)"
SILC0003,"BASKANDI1"
SIL6201,"BASKANDI1"
SIL6301,"BASKANDI2"
SILC0004,"BASKANDI2"
DA02005,"BASOPATTI"
DUM0029,"BASTI"
WA01818,"BASTI BIGHA"
BUR0134,"BASUDA"
MU01401,"BASUDEVPUR"
OTH0154,"BASUGAON"
DA02127,"BASUKI BIHARI"
DA02129,"BASUKI CHOWK"
DE03043,"BASUKINATH"
DE03042,"BASUKINATH MORE"
DA01664,"BASURIA"
JAL0003,"BATABARI"
OTH0134,"BATADRAVA"
DIB0006,"BATAMARA TINIALI"
BUR0065,"BATANAL"
DA01269,"BATASI"
DRP0011,"BATASI"
BI00088,"BATASPUR"
GA02310,"BATHANI"
MU02198,"BATHNAHA"
ARA0006,"BATHNAHA"
KIS0011,"BATHNAHA"
BIR0008,"BATIK"
UT01726,"BATNA SOLPARA"
DA01648,"BAUL"
DA01629,"BAULA"
KO00419,"BAURIA"
SHA0020,"BAURIA"
DA01674,"BAWL"
AIZ8804,"BAWNGKAWN"
AIZ4101,"BAWNGKAWN LUNGLEI ROAD"
AIZ0301,"BAWNGKAWN NEAR PETROL PUMP"
AIZ1001,"BAWNKAWN"
AL01528,"BAXI-BHANUKUMARI"
CO01518,"BAXI-BHANUKUMARI"
NTWB016,"BAXIRHAT"
GA02417,"BAYPASS BODHGAYA"
GA02436,"BAZAR SAMITI"
AIZ1501,"BAZAR VENG"
SIL5401,"BAZARICHERA"
SILK0007,"BAZARICHERA"
OTH0601,"BAZARICHERRA (SILCHAR - KARIMGANJ)"
KR00723,"BAZITPUR"
WA01916,"BAZRA CHAK"
NGN1801,"BEBEJIA"
TEZ1001,"BECHIMARI"
GA02434,"BEDAUL"
SIB0301,"BEDBARI"
TEZ0901,"BEDETI"
KO10028,"BEDON STREET"
KO00499,"BEGHARIA"
KO20056,"BEGHARIA"
MA01190,"BEGUN,BHALUKA"
BE02529,"BEGUSARAI"
EE06DUM01,"BEGUSARAI"
KA00319,"BEHALA"
TEZ0201,"BEHALI"
BISW0005,"BEHALI"
OTH0555,"BEHALI (TEZPUR)"
SILC0055,"BEHARA"
OTH0174,"BEHARBARI"
OTH0477,"BEHARBARI (GUWAHATI URBAN)"
NTWB122,"BEHRAMPORE"
MU01452,"BEHRAMPORE"
OTH0670,"BEJONGDOBA (TURA HILLS)"
KO20011,"BEKI"
KO00614,"BEKIBAZAR"
GA02520,"BELA"
KA02597,"BELA"
DE03008,"BELA BAGAN"
SA02758,"BELA CHOWK"
DA02006,"BELA SHANKAR"
GA02327,"BELAGANJ"
DA02100,"BELAHI"
JAL0041,"BELAKOBA"
SA02759,"BELAMEG"
SHA0083,"BELARI"
DAN0026,"BELARI"
DE03074,"BELBADDA"
DIB0047,"BELBARI"
AGR0021,"BELBARI"
EA00295,"BELDA"
WE00963,"BELDA"
MU01402,"BELDANGA"
NTWB143,"BELDANGA"
CH02646,"BELDI"
TAT0006,"BELDIH"
KR00724,"BELE"
KO00500,"BELGACHIA"
KO00485,"BELGACHIA"
SHA0075,"BELGACHIA"
DA02078,"BELHA"
DA02089,"BELHA PHULPHARAS"
BH01775,"BELHAR"
GA02352,"BELHARIA"
KO00615,"BELIAGHATA"
KO10030,"BELIAGHATA"
KO00575,"BELIAGHATA"
BA00008,"BELIATORE"
SHA0080,"BELLURE"
DAN0016,"BELLURE"
MO00842,"BELMURI"
UDI1801,"BELONIA"
OTH0122,"BELONIA"
OTH0550,"BELONIA (UDAIPUR)"
MUZ0003,"BELSAND"
SA02812,"BELSANDI TARA"
SA02839,"BELSAR"
LNA0401,"BELSOR"
LOWT0008,"BELSOR"
GUWU0008,"BELTOLA"
GHY4301,"BELTOLA"
OTH0497,"BELTOLA CHARIALI (GUWAHATI URBAN)"
KO00420,"BELUR"
SHA0021,"BELUR"
KI02739,"BELWA"
RA00917,"BENACHITY"
WES0046,"BENADIHA"
DH03113,"BENGABAD"
NTWB011,"BENGDUBI"
NTWB090,"BENGDUBI, DARJEELING"
OTH0732,"BENGTOL (LOWER ASSAM 1)"
DA02007,"BENIPATTI"
DA02008,"BENIPUR"
DA02009,"BENTA"
KO00616,"BERACHAMPA"
KO20054,"BERACHAPA"
SIL0001,"BERENGA"
SILC0005,"BERENGA"
DH03099,"BERGI"
MU01403,"BERHAMPORE"
DE03082,"BERHETT"
SIK0009,"BERMIOK"
PUR0077,"BERO"
OTH0564,"BERUBARI (JALPAIGURI)"
TURH0028,"BETASING"
AIZ8301,"BETHLEHEM"
KR00725,"BETHUADAHARY"
8757476518,"BH01786"
MA01011,"BHABA"
BIR0056,"BHABANANDAPUR"
DUM0008,"BHABHUA"
BEG0005,"BHADASH"
GA02304,"BHADASI"
WA01903,"BHADAUNI"
GA02324,"BHADEJA"
BIR0060,"BHADISWAR"
MA01089,"BHADO"
DIB0601,"BHADOI PAANCHALI"
UTT0006,"BHADRAKALI"
BI00089,"BHADRAPUR"
MOG0003,"BHADRESWAR"
DNK0003,"BHADRESWAR"
KO00421,"BHADRESWAR"
PUR0050,"BHADSA MORE"
WES0024,"BHADUTALA"
DH03144,"BHAGA"
PUR0053,"BHAGABANDH"
EA00246,"BHAGABANPUR"
MAL014,"BHAGABANPUR"
DEO0002,"BHAGAIYA"
RDL005,"BHAGALPUR"
EE04DUM01,"BHAGALPUR"
BH01776,"BHAGALPUR"
OTH0361,"BHAGALPUR"
GA02358,"BHAGALPUR ROAD"
WA01895,"BHAGANBIGHA"
MUR0001,"BHAGAWANGOLA"
MUR0010,"BHAGAWANGOLA"
GA02377,"BHAGIRATH BIGAHA"
MU01404,"BHAGIRATHPUR"
DH03149,"BHAGMARA"
SA02800,"BHAGTPUR"
GA02305,"BHAGWANGANJ"
SI02711,"BHAGWANPUR"
SA02857,"BHAGWANPUR"
SI02682,"BHAGWANPUR"
DA02189,"BHAGWANPUR."
BE02589,"BHAGWANPUR.."
DA02010,"BHAGWATIPUR"
PAT0002,"BHAGWATNAGAR"
OTH0071,"BHAIROVI"
OTH0111,"BHAIROVI (MIZORAM)"
TURP0002,"BHAITBARI"
TUR0101,"BHAITBARI"
BE02562,"BHAKRI"
DRP0063,"BHAKTI NAGAR"
DRH0063,"BHAKTI NAGAR"
DA01321,"BHAKTI NAGAR"
DRJ0028,"BHAKTINAGAR"
DRP0157,"BHAKTINAGAR"
NTWB101,"BHAKTINAGAR"
MA01177,"BHAKURIA"
GA02306,"BHALUA"
WA01870,"BHALUAHI"
KR00829,"BHALUKA"
MA00998,"BHALUKA"
MA01012,"BHALUKA BAZAR"
MA01108,"BHALUKA,MASOLDAH BAZAR"
BHA0101,"BHALUKPONG"
OTH0030,"BHALUKPONG"
OTH0519,"BHALUKPONG (AP - BANDERDEWA)"
OTH0104,"BHALUKPONG (AP-NT)"
A109DUM01,"BHALUKPONG (GGU + SCL)"
OTH0723,"BHALUKPONG - AS (TEZPUR)"
DA02058,"BHANDAR CHOWK"
MO00843,"BHANDERHATI"
SILK0008,"BHANGA"
SIL0501,"BHANGA"
GHY0019,"BHANGAGARH"
GUWU0009,"BHANGAGARH"
OTH0112,"BHANGAGARH"
OTH0474,"BHANGAGARH (GUWAHATI URBAN)"
KO00502,"BHANGAR"
KO00501,"BHANGAR"
KO10033,"BHANGORE"
PUR0035,"BHANGRA"
OTH0657,"BHARALUMUKH (GUWAHATI URBAN)"
DAK0010,"BHARANDA"
UDI4801,"BHARAT CHANDRA NAGAR"
BU00166,"BHARATPUR"
ARA0011,"BHARGAMA"
KIS0013,"BHARGAMA"
MA01074,"BHARTITARY"
DA02011,"BHARWARA"
KA00320,"BHASA"
KO20048,"BHASILA"
MO00844,"BHASTARA"
WA01831,"BHAT BIGHA"
WA01914,"BHATAHAR"
BUR0111,"BHATAKUL"
BU00167,"BHATAR"
CO01461,"BHATIBARI"
AL01543,"BHATIBARI-KAMAKHAGURI"
KR00726,"BHATJANLA"
MU01405,"BHATSALA"
WA01819,"BHATTA"
DAN0017,"BHATTANAGAR"
SHA0081,"BHATTANAGAR"
SA02803,"BHATTI CHOWK"
KR00727,"BHATURIA"
MU02201,"BHAVDEPUR"
PUR0016,"BHAWANIPUR"
KA02598,"BHAWANIPUR"
DAN0012,"BHAWANIPUR"
LOWT0009,"BHAWANIPUR"
LBA0601,"BHAWANIPUR"
MA01029,"BHEBA"
KO00617,"BHEBIA"
BU00168,"BHEDIA"
BUR0101,"BHENPUR"
LBA0501,"BHERBHRI"
LOWT0010,"BHERBHRI"
TEZ3801,"BHERGAON"
DA01270,"BHIDHANNAGAR"
DA01641,"BHIKAHAR"
EA00247,"BHIMESWARI"
DH03150,"BHIMKANALI"
SUP0042,"BHIMNAGAR"
SA02290,"BHIMNAGAR"
KR00728,"BHIMPUR"
BIR0076,"BHIMPUR"
SAH0002,"BHIMPUR"
DA02098,"BHITTI"
KO10039,"BHOGILA"
KO00503,"BHOJERHAT"
SIB2601,"BHOJO"
DUM0015,"BHOJPUR"
OTH0268,"BHOKSONG"
NTWB115,"BHOLARDABRI"
SA02825,"BHOOTNTH CHOWK"
SI02683,"BHORE"
JA01602,"BHOTEPATTY"
JAL0023,"BHOTPOTTY"
DH03130,"BHUDA"
TA03367,"BHUIADIH"
DA01326,"BHUKTI"
DH03136,"BHULI"
OTH0767,"BHURGAON (MORIGAON)"
RA02938,"BHURKUNDA"
BNK0014,"BHURKUNDA"
GA02307,"BHUSUNDA"
WA01820,"BHUTAHI"
SA02837,"BHUTAHI"
OTH0002,"BHUTAN"
DRJ0006,"BHUTKI"
MA01087,"BHUTNI"
BNK0010,"BHUTSAHAR"
DA01342,"BHUTTABARI"
KIS0064,"BIBIGANJ"
GA02342,"BIBIPUR"
KA00321,"BIBIRHAT"
NTWB154,"BIDHAN MARKET ROAD"
DA01388,"BIDHANNAGAR"
DA01387,"BIDHANNAGAR"
DRP0129,"BIDHANNAGAR"
DRH0129,"BIDHANNAGAR"
KR00828,"BIDHANNAGAR"
RA00918,"BIDHANNAGAR"
KO00504,"BIDON STREET"
SA02840,"BIDUPUR"
BU00169,"BIDYANAGAR"
EA00248,"BIDYAPITH"
LBO0301,"BIDYAPUR"
LOWO0004,"BIDYAPUR"
WAR0005,"BIHAR SHARIF"
OTH0462,"BIHARA BAZAR (SILCHAR - CACHAR)"
SA02794,"BIHARA ROAD"
SUP0003,"BIHARIGANJ"
SA02251,"BIHARIGANJ"
BE02530,"BIHAT"
OTH0270,"BIHDIYA"
BH01777,"BIHPUR"
NLP1801,"BIHPURIA"
OTH0704,"BIHPURIA (LAKHIMPUR)"
SA02820,"BIHRA ROAD"
PA02715,"BIHTA"
SIB1401,"BIHUBOR"
TEZ2701,"BIHUGURI - TEZ"
NTWB118,"BIJANBARI"
DRJ0029,"BIJANBARI"
DRH0158,"BIJANBARI"
GUWR0008,"BIJAYNAGAR"
GHY1801,"BIJAYNAGAR"
WA01911,"BIJHU BIGHA"
LBO0401,"BIJNI"
LOWO0005,"BIJNI"
NTNE005,"BIJNI"
DRH0013,"BIJONBARI"
DRP0013,"BIJONBARI"
DA01271,"BIJONBARI"
BUR0108,"BIJOYRAM"
RA02934,"BIJUPARA"
BA00009,"BIKNA"
PA02716,"BIKRAM"
BA00010,"BIKRAMPUR"
SA02826,"BIKRAMPUR BANDA"
DE03014,"BILASI TOWN"
LDH0201,"BILASIPARA"
OTH0314,"BILASIPARA"
LOWO0006,"BILASIPARA"
OTH0394,"BILASIPARA (LOWER ASSAM 1)"
UT01707,"BILASPUR"
OTH0234,"BILGAON"
AIZ4301,"BILKHAWTHLIR"
PUR0072,"BILTORA"
UT01708,"BINDOL"
JA01575,"BINNAGURI"
OTH0541,"BINNAGURI (JALPAIGURI)"
SILC0006,"BINNAKANDI"
SIL6401,"BINNAKANDI"
DAK0011,"BINSIRA"
BIR0020,"BINURIA"
BI00090,"BIPRATIKURI"
UT01709,"BIPRIT"
KO00618,"BIRATI"
KO10013,"BIRATI"
KO00576,"BIRATI"
PUR0010,"BIRAULI"
KA02599,"BIRAULI"
NTWB084,"BIRBHUM"
BI00091,"BIRCHANDRAPUR"
MA01253,"BIRNAGAR"
KR00729,"BIRNAGAR"
DH03108,"BIRNI"
KR00730,"BIROHI"
NTWB051,"BIRPARA"
ALI0015,"BIRPARA"
JA01576,"BIRPARA"
KR00731,"BIRPUR"
BE02587,"BIRPUR"
RA02892,"BIRSA CHOWK"
TA03362,"BIRSANAGAR"
SA02760,"BIRWALLI"
BE02556,"BISANPUR"
DA02105,"BISFI"
BUR0123,"BISHAHARIDANGA"
UDI3201,"BISHALGARH"
AGR0015,"BISHALGARH"
OTH0289,"BISHALGARH"
SA02761,"BISHANPUR"
KIS0056,"BISHANPUR"
KO10037,"BISHARPARA"
GA02338,"BISHNUGANJ"
RA02958,"BISHNUGARH"
BA00011,"BISHNUPUR"
GHY7601,"BISHNUPUR"
EA00290,"BISHNUPUR"
BI00154,"BISHNUPUR"
BIR0050,"BISHNUPUR"
MAN4901,"BISHNUPUR"
KR00820,"BISHNUPUR ."
OTH0552,"BISHRAMGANJ (UDAIPUR)"
GA02355,"BISHUNGANJ"
GA02386,"BISHUNGANJ"
GA02450,"BISHUNGANJ ROAD"
GA02431,"BISHUNPUR"
DA02086,"BISHUNPUR LAUKHI"
OTH0099,"BISHWANATH CHARALI (NT)"
OTH0559,"BISHWANATH CHARALI (TEZPUR)"
TIN0004,"BISMILE,CHABUA"
DIB0034,"BISMILE,CHABUA"
TEZ0011,"BISWANATH"
BISW0003,"BISWANATH"
TEZ0401,"BISWANATH"
OTH0147,"BISWANATH CHARALI"
NTNE006,"BISWANATH CHARIALI"
RA02916,"BIT MORE"
BE02531,"BITHAN,HARIPUR,ALOLI"
KO20058,"BITHARI"
KO00505,"BITHARI"
DA02051,"BITHAULI"
GA02424,"BITHO"
UT01710,"BIVORE"
KO00422,"BOALIA"
SHA0022,"BOALIA"
DA01663,"BOARDANGI"
MUZ0004,"BOCHAHA (MFP)"
GA02339,"BODH GAYA"
BUR0160,"BODHPUR"
OTH0178,"BOGIBILL"
OTH0308,"BOGIBILL"
GOL0011,"BOGIJAN"
GOL11,"BOGIJAN"
NLP1901,"BOGINADI"
RA00919,"BOGRA CHATI"
BUR0040,"BOHAR"
DIB2001,"BOIMATHIRAG"
MO00845,"BOINCHEE"
LBO0501,"BOITAMARI"
LOWO0007,"BOITAMARI"
OTH0100,"BOITAMARI (NT)"
SI01553,"BOJHOGARI"
UDI3601,"BOKAFA"
OTH0115,"BOKAJAN"
NGN0003,"BOKAJAN"
NDL005,"BOKAJAN"
KARB0004,"BOKAJAN"
OTH0585,"BOKAJAN (NAGAON)"
OTH0259,"BOKAKHAT"
GOL0701,"BOKAKHAT (BAGORI)"
GOL0801,"BOKAKHAT TOWN"
GOL0901,"BOKAKHAT(DOIGURUNG)"
DH03217,"BOKARO"
MUZ0005,"BOKHRA"
OTH0172,"BOKO"
GHY1101,"BOKO"
NDL006,"BOKO"
GUWR0009,"BOKO"
OTH0733,"BOKO (GUWAHATI RURAL)"
OTH0597,"BOKOLIA (NAGAON)"
DIB0001,"BOKULONI"
SHA0023,"BOKULTOLA"
KO00423,"BOKULTOLA"
MA01166,"BOLATULI"
MA01111,"BOLATULI, MALDA"
LIK0901,"BOLENG"
BU00170,"BOLGONA"
DA01672,"BOLLA"
BI00092,"BOLPUR"
OTH0144,"BOMDILA"
BHA0201,"BOMDILA"
OTH0132,"BOMDILA (AP)"
DE03015,"BOMPASS TOWN"
BUR0004,"BONBIBITALA"
GUWU0010,"BONDA"
GHY2301,"BONDA"
OTH0386,"BONDA (GUWAHATI URBAN)"
KO10035,"BONDEL"
KO160,"BONDEL GATE"
KO10060,"BONDEL GATE"
LBO0601,"BONGAIGAON"
NTNE007,"BONGAIGAON"
LOWO0008,"BONGAIGAON"
OTH0372,"BONGAIGAON (LOWER ASSAM 1)"
NLP0101,"BONGALMARA"
KO00619,"BONGAO"
BU00171,"BONKAPASI"
KO20027,"BONPUR"
MO00846,"BOOINCHEE GRAM"
EA00296,"BOOINCHEE GRAM"
RA02905,"BOOTY MORE"
GUWU0011,"BORAGAON"
GHY5501,"BORAGAON"
MU01406,"BORAKULI"
KAL0011,"BORAL"
TA03392,"BORAM"
DIB2101,"BORBARUA"
DAN0030,"BORDABAR"
WE00964,"BORDACHAUKHAN"
NLP0801,"BORDOLONI"
DHEM0003,"BORDOLONI"
NTWB189,"BORDONG- SIKKIM"
TIN0005,"BORDUBI"
TIN0601,"BORDUBI"
OTH0560,"BORDUMSA - AS (TINSUKIA)"
OTH0202,"BORDUMSHA"
TIN0701,"BORGURI"
TIN0006,"BORGURI"
OTH0231,"BORHAT"
SIB2701,"BORHUT"
TEZ0002,"BORICHOWKA"
TEZ2201,"BORICHOWKA"
OTH0108,"BORJHAR (NT)"
OTH0498,"BORJHAR - KAMRUP (GUWAHATI URBAN)"
GUWR0010,"BORKA"
GHY3601,"BORKA"
SILC0059,"BORKHOLA"
OTH0391,"BORKHOLA - CACHAR (SILCHAR - CACHAR)"
SIL6501,"BORKHOLA 1"
SILC0007,"BORKHOLA 1"
SILC0008,"BORKHOLA 2"
SIL6601,"BORKHOLA 2"
SIL6801,"BORKHOLA 3"
SILC0009,"BORKHOLA 3"
TURP0003,"BORKONA"
TUR0201,"BORKONA"
BU00172,"BORO"
LBO0701,"BORO BAZAR"
LOWO0009,"BORO BAZAR"
OTH0409,"BORO MULKOI (N C HILLS)"
KR00732,"BOROANDULIA"
KR00733,"BOROATAGI"
PUR0056,"BOROGRAM"
GUWR0011,"BOROMBOI"
GHY0601,"BOROMBOI"
GOL0101,"BORPATHAR"
OTH0232,"BORPATHAR"
OTH0760,"BORPATHAR (GOLAGHAT)"
TUR4001,"BORTOLATINALI"
RA02920,"BORYA"
GUWU0012,"BOTHAKHULI"
GHY5301,"BOTHAKHULI"
DA01272,"BOTTLE COLONY"
DA01311,"BOTTLE COMPANY"
DRP0053,"BOTTLE COMPANY"
DAK0004,"BOTUNGRAM"
JA01577,"BOULBARI"
BH01778,"BOUNSI"
UDI0201,"BOXANAGAR"
BNK0008,"BOXI"
NTWB128,"BOXIRHAT"
DN01DUM01,"BOXIRHAT"
KA00322,"BRAHMAPUR"
KO00684,"BRAHMAPUR"
RA02928,"BRAMBE"
OTH0758,"BRHAMPUR (DARANG)"
WA01919,"BRITH"
MA01013,"BS ROAD"
KO10043,"BT ROAD"
BU00173,"BUDBUD"
KA00323,"BUDGE BUDGE"
DE03017,"BUDHAI"
GA02326,"BUDHGERE"
MA01175,"BUDHIA"
BIR0039,"BUDIGRAM"
RA02924,"BUKRU"
MA01014,"BULBULCHANDI"
BU00174,"BULBULITALA"
RA03000,"BUNDU"
TA03355,"BUNDU"
AIZ5701,"BUNGTLANG"
DA01630,"BUNIADPUR"
NTWB073,"BUNIYADPUR"
MA01134,"BURABURITOLA"
DRP0045,"BURDHMAN ROAD"
DA01303,"BURDHMAN ROAD"
BUR0162,"BURDWAN"
NTWB035,"BURDWAN"
BU00175,"BURDWAN (M)"
DS02DUM01,"BURDWAN-1"
UT01743,"BURIDANGI"
KO20018,"BURIRHAT"
RA02931,"BURMU"
RA00920,"BURNPUR"
WA01892,"BUS STAND"
NLP0901,"BUTIKUR"
DUM0016,"BUXAR"
DE03088,"BY PASS"
WA01836,"BY PASS"
BIR0021,"BYPASS"
BI00093,"BYPASS, BOLPUR"
NDL007,"BYRNIHAT"
OTH0264,"BYRNIHAT"
B005DUM01,"BYRNIHAT (SCL)"
OTH0605,"BYRNIHAT (SHILLONG)"
NTNE076,"CACHAR"
AIZ0004,"CAMP"
AIZ6801,"CAMP"
KO10026,"CANAL EAST ROAD"
KO10042,"CANAL WEST ROAD"
MAN0101,"CANCHIPUR"
APT0001,"CANGLANG"
KA00382,"CANNING"
KO00620,"CANNING"
KAL0008,"CANNING"
DA02048,"CENTER CHOWK"
9431450296,"CH02647"
9572007373,"CH02650"
9835376130,"CH02661"
9199857500,"CH02665"
WA01900,"CHABILAPUR"
DIB2201,"CHABUA"
OTH0309,"CHABUA"
OTH0668,"CHABUA (DIBRUGARH)"
TIN0036,"CHABUA - TINSUKIA"
BUR0118,"CHACHAI"
DA02012,"CHACHRAHA"
WA01915,"CHACHU BIGHA"
GA02344,"CHADHA"
SA02852,"CHAHRAKALA"
LA03266,"CHAI, JHAJHA"
TA03377,"CHAIBASA"
TEZ0701,"CHAIDUAR"
BISW0004,"CHAIDUAR"
EA00249,"CHAITANYAPUR"
DA02087,"CHAJNA PHULPHARAS"
WA01855,"CHAJUMOHALLA"
BHL0001,"CHAKAI"
GA02346,"CHAKAND"
DA01631,"CHAKBAHANI"
LBA0701,"CHAKCHAKA"
LOWT0011,"CHAKCHAKA"
NTWB148,"CHAKCHAKA"
KR00734,"CHAKDAH"
DA01378,"CHAKKERMARI"
DRP0120,"CHAKKERMARI"
SA02762,"CHAKMASSI"
SA02786,"CHAKNITWA"
TA03399,"CHAKULIA"
TAT0005,"CHAKULIA"
UT01729,"CHAKULIA"
NTWB097,"CHAKULIA"
UT01736,"CHAKULIA HATIMARA"
SA02763,"CHAKVELLI"
JAL0046,"CHALHATI"
RA02994,"CHALKUSHA"
JA01578,"CHALSA"
KO10007,"CHALTA BERIA"
AIZ1401,"CHALTLANG"
MA01015,"CHAMAGRAM"
NTWB162,"CHAMAGRAM"
GA02392,"CHAMAN BIGHA"
DNK0009,"CHAMPADANGA"
KO00482,"CHAMPADANGA"
BU00176,"CHAMPADANGA"
MO00902,"CHAMPADANGA"
KA00383,"CHAMPAHATI"
KO00621,"CHAMPAHATI"
KAL0005,"CHAMPAHATI"
OTH0064,"CHAMPAI"
BH01779,"CHAMPANAGAR"
DA01273,"CHAMPASARI"
DRP0015,"CHAMPASARI"
DRH0015,"CHAMPASARI"
NTWB022,"CHAMPASARI"
DRJ0007,"CHAMPASARI ANCHAL"
MOG0006,"CHAMPDANI"
AIZ2101,"CHAMPHAI"
OTH0780,"CHAMPHAI (MIZORAM)"
KO00424,"CHAMRAIL"
SHA0024,"CHAMRAIL"
JA01579,"CHAMURCHI"
NTWB065,"CHANCHAL"
MA01016,"CHANCHAL"
MA010161,"CHANCHAL-I"
MA010051,"CHANCHAL-II"
CH02668,"CHANCHURA"
RA00921,"CHANDA"
KRI0013,"CHANDA BAZAR"
TURH0005,"CHANDABOI"
TUR2201,"CHANDABOI"
TUR0301,"CHANDAMARI"
TURH0019,"CHANDAMARI"
BHL0034,"CHANDAN"
WA01852,"CHANDANI CHOWK"
DH03208,"CHANDANKIYARI"
MO00847,"CHANDANNAGAR"
EA00297,"CHANDANNAGAR"
KO00483,"CHANDANNAGAR."
LA03225,"CHANDANPURA"
UT01738,"CHANDARMANI"
DUM0022,"CHANDAULI"
GA02429,"CHANDAUTI MORE"
MAN5001,"CHANDEL"
LA03295,"CHANDERDIP JAMUI"
WA01837,"CHANDI"
TA03393,"CHANDIL"
EA00250,"CHANDIPUR"
DHA0017,"CHANDIPUR"
DNK0015,"CHANDITALA"
DAN0013,"CHANDITALA"
KO00425,"CHANDITOLA"
DNK0004,"CHANDITOLA"
SI01549,"CHANDMARI"
KO00487,"CHANDMARI"
GA02362,"CHANDOUTI MORE"
KO00622,"CHANDPARA"
BI00155,"CHANDPARA"
KO00568,"CHANDPARA"
BIR0035,"CHANDPARA"
MA01128,"CHANDRA PARA BAZAR"
MA01048,"CHANDRA PUR"
BHL0018,"CHANDRADIP JAMUI"
WE00965,"CHANDRAKONA"
WES0002,"CHANDRAKONA TOWN"
OTH0265,"CHANDRAPUR"
GHY2501,"CHANDRAPUR"
BU00177,"CHANDRAPUR"
BI00156,"CHANDRAPUR"
GUWU0013,"CHANDRAPUR"
OTH0530,"CHANDRAPUR - KAMRUP (GUWAHATI URBAN)"
DH03209,"CHANDRAPURA"
SA02283,"CHANDRAYAN"
RA02915,"CHANDWAI"
SA02764,"CHANDWALI"
RA02986,"CHANDWARA"
GUWR0012,"CHANGCHARI"
GHY0005,"CHANGCHARI"
JAL0024,"CHANGMARI"
OTH0227,"CHANGSARI"
NDL008,"CHANGSARI"
A101DUM01,"CHANGSARI (GGU + SCL)"
OTH0406,"CHANGSARI (GUWAHATI RURAL)"
NAG0501,"CHANGTONGIA"
OTH0721,"CHANGTONGIA (NAGALAND)"
RA02933,"CHANHO"
SIL5301,"CHANKHIRA"
SILK0009,"CHANKHIRA"
AIZ0201,"CHANMARI"
BHL0019,"CHANNAN"
BUR0001,"CHAPADANGA"
OTH0742,"CHAPAGURI (LOWER ASSAM 1)"
TIN1901,"CHAPAKHOWA"
KO00623,"CHAPAPUKUR"
LDH0301,"CHAPAR"
LOWO0010,"CHAPAR"
LOWO0011,"CHAPAR, NAGPARA"
LDH0401,"CHAPAR, NAGPARA"
LDH0501,"CHAPAR-PALPARA"
LDH0601,"CHAPAR-SALKOCHA"
LOWO0012,"CHAPAR-SALKOCHA"
OTH0751,"CHAPARMUKH (NAGAON)"
MOG0008,"CHAPARUI"
KO00426,"CHAPMARI"
SHA0025,"CHAPMARI"
KR00735,"CHAPRA"
CH02647,"CHAPRA SADAR"
MA01118,"CHAQNDPUR"
MA01186,"CHAR SUJAPUR"
NGN1501,"CHARAIBAHI"
MOR0001,"CHARAIBAHI - MORIGAON"
OTH0736,"CHARDUAR (TEZPUR)"
RA02961,"CHARHI"
MA01168,"CHARI ANANTO PUR"
UDI3001,"CHARILAM"
JOR1301,"CHARING"
SIB0001,"CHARING"
KIS0014,"CHARIYA HAT"
BUR0045,"CHARMAIL"
PUR0055,"CHARPATYA"
DH03177,"CHAS"
MA01149,"CHAS PARA"
DH03140,"CHASNALA"
RA02935,"CHATARMANDU"
DA01274,"CHATERHAT"
DRP0016,"CHATERHAT"
DRH0016,"CHATERHAT"
DRH0104,"CHATHAT"
DRP0104,"CHATHAT"
DA01362,"CHATHAT"
MA01025,"CHATIAMORE"
TUR0401,"CHATIBHUI"
TURP0004,"CHATIBHUI"
AIZ7801,"CHATLANG"
RA02960,"CHATRA"
BIR0057,"CHATRA"
GA02347,"CHATRA ROAD"
RA02959,"CHATRA TOWN"
DH03116,"CHATROO"
KIS0025,"CHATTARGACHH"
DA01275,"CHATTERHAT"
KO00427,"CHATTERJEEHAT"
SHA0026,"CHATTERJEEHAT"
PUR0048,"CHATUMADAR"
SA02805,"CHAUARI"
OTH0072,"CHAULDHUA GHAT"
DIB0023,"CHAULKHOWA"
DIB23,"CHAULKHOWA"
BHL0013,"Chausa"
BE025321,"CHAUTHAM"
AIZ4001,"CHAWLHHMUN"
OTH0527,"CHAWMANU (DHARMANAGAR)"
AIZ2401,"CHAWNGTE"
JA01601,"CHAYANPARA"
GUWR0013,"CHAYGAON"
GHY1601,"CHAYGAON"
DA01329,"CHEACK NPOST"
DRP0137,"CHECK POST"
DRH0137,"CHECK POST"
DRJ0008,"CHECK POST"
MA01017,"CHECKPOST ITAHAR"
OTH0603,"CHEERAPUNJEE (SHILLONG)"
SA02841,"CHEHARAKALA"
SIL8001,"CHEMELA BAZAR"
LBA0801,"CHENGA"
LOWT0012,"CHENGA"
KO00428,"CHENGAIL"
SHA0027,"CHENGAIL"
NTWB218,"CHENGMARI- SILIGURI"
OTH0091,"CHERAPUNJEE"
BE02560,"CHERIA"
BE02565,"CHERIYABARIYARPUR"
GA02379,"CHERKI"
AIZ8201,"CHHANGURKAWN"
SUP0004,"CHHATAPUR"
SA02252,"CHHATAPUR"
KIS0060,"CHHATARGACHH"
KIS0017,"CHHATERGACHH"
BA00012,"CHHATNA"
OTH0271,"CHHAYGAON"
OTH0453,"CHHAYGAON (GUWAHATI RURAL)"
KR00736,"CHHHATO NALDAHA"
AIZ8701,"CHHIAHTLANG"
AIZ6501,"CHHINGCHHIP"
BU00178,"CHHORA"
GA02309,"CHHOTKI NAWADA"
BU00179,"CHHOTO BOINAN"
TURP0005,"CHIBINANG"
TUR0501,"CHIBINANG"
OTH0752,"CHIBINANG (TURA PLAIN)"
DA02013,"CHICHRI"
ALI0014,"CHILAKHANA"
CO01462,"CHILAKHANA"
OTH0537,"CHILOWNIJAN (GOLAGHAT)"
OTH0146,"CHIMPU"
OTH0520,"CHIMPU(AP) (AP - BANDERDEWA)"
KO10034,"CHINARPARK"
AIZ4401,"CHINGA VENG, AIZAWL"
MAN2401,"CHINGMEIRONG"
KO00506,"CHINGRIGHATA"
KO10010,"CHINGRIHATA"
BI00094,"CHINPAI"
MO00848,"CHINSURA"
SIB0401,"CHINTAMONI"
JOR1401,"CHIPAIKOLA"
LOWO0063,"CHIRANG"
LOWO0074,"CHIRANG"
NTNE008,"CHIRANG"
GAY0004,"CHIRELI"
KO00507,"CHIRIAMORE"
DIB4401,"CHIRING CHAPORI"
DH03167,"CHIRKUNDA"
SA02765,"CHITA"
EAS0006,"CHITAYNAPUR"
PUR0037,"CHITMU"
KO155,"CHITPUR"
KO10055,"CHITPUR"
DUM0039,"CHITRAKOOT"
KR00737,"CHITRASALI"
OTH0624,"CHOKPOT (TURA HILLS)"
KO20034,"CHONGDA"
GA02421,"CHONIMA"
UT01711,"CHOPRA"
RDL014,"CHOPRA"
SILK0010,"CHORGULA"
SIL0401,"CHORGULA"
MUZ0006,"CHOROT"
RA02944,"CHOTA MURI"
WA01838,"CHOTI SEIKHPURA"
GA02353,"CHOTKI NAWADA"
BUR0068,"CHOTO BAINAN"
KO20049,"CHOTO JAGULI"
MA01162,"CHOTO MOHODIPUR"
COO0009,"CHOTOFAKIRTAKA"
RA02980,"CHOUPARAN"
SUP0051,"CHOUSHA"
SAH0004,"CHOUSHA"
MO00849,"CHOUTARA"
BE02532,"CHOUTHAM"
CO01463,"CHOWDHURIHAT ROAD"
CO01493,"CHOWDURIHAAT"
DIB2401,"CHOWKIDINGHEE"
DHA0025,"CHOWMANU"
NAG0005,"CHUMUKEDIMA"
OTH0366,"CHUMUKEDIMA (NAGALAND)"
RA02872,"CHUNA BHATTA"
MU01408,"CHUNAKHALI"
LGL0001,"CHUNARI"
OTH0233,"CHUNGAJAN"
NTWB210,"CHUNGTHANG- SIKKIM"
RA02954,"CHUNNA BHATTA"
NTNE009,"CHURACHANDPUR"
MAN5101,"CHURACHANDPUR"
OTH0162,"CHURAIBARI"
NDL009,"CHURAIBARI"
B002DUM01,"CHURAIBARI (SCL)"
UT01712,"CHURAMON"
MA01160,"CHURI MORE"
RA02899,"CHUTIA"
RA00922,"CITY CENTRE"
WE00966,"CK ROAD"
TA03378,"CKP"
CO01464,"COCHBEHAR TOWN"
CO01465,"COCHBIHAR TOWN"
NTWB132,"COLLEGE PARA"
SIL3601,"COLLEGE ROAD"
AIZ0701,"COLLEGE VENG"
AIZ6601,"COMPANY PENG"
EA00251,"CONTAI"
DIB2501,"CONVOY ROAD"
NTWB134,"COOCH BEHAR"
OTH0355,"COOCHBEHAR"
NTWB031,"COOCHBEHAR"
DN01DUM02,"COOCHBEHAR"
CO014641,"COOCHBEHAR I"
CO014561,"COOCHBEHAR II"
ALI00061,"COOCHBEHAR II"
NTWB100,"COOCHBIHAR"
OTH0784,"COOCHBIHAR (COOCHBEHAR)"
CO01466,"COOCHBIHAR TOWN"
NTWB183,"COOCHBIHAR- COOCHBEHAR"
GA02396,"CORT AREA"
MU01409,"COSSIMBAZAR"
DN11DUM01,"COSSIMBAZAR"
RDL002,"COSSIMBAZAR"
KO00508,"COSSIPORE"
NTWB110,"COSSIPORE"
KO10015,"COSSIPORE"
DS06DUM01,"COSSIPORE DUMP"
DS07DUM01,"COSSIPORE-2"
OTH0496,"CRISTIAN BASTI (GUWAHATI URBAN)"
MAN2501,"CRPF CAMP LANGING"
8651685368,"DA02004"
9939750102,"DA02008"
DRJ0009,"DABGRAM"
LA03296,"DABIL JAMUI ROAD JAMUI"
DE03009,"DABURGRAM"
NGN1901,"DACCAIPATTY"
KO20066,"DACKBANGLOW"
GHY0701,"DADARA"
GUWR0014,"DADARA"
BEG0026,"DADARI"
OTH0335,"DADENGGRE"
OTH0707,"DADENGGRE (TURA HILLS)"
BIR0036,"DADPUR"
LA03249,"DADPUR JAMUI"
GA02423,"DADREJI"
NTWB002,"DAGAPUR"
KA02600,"DAGARUA"
PUR00091,"DAGARUA"
PUR0009,"DAGARUA"
BA00013,"DAHALA"
WES0029,"DAHIJURI"
WA01839,"DAHPAR"
MAL021,"DAHUA"
BUR0131,"DAINEY"
BU00180,"DAINHAT"
DA02014,"DAKHI LAUKHI"
GA02406,"DAKHINGAON"
TURH0006,"DAKOPGRE"
TUR2301,"DAKOPGRE"
KA00324,"DAKSHIN BARASAT"
KO20015,"DAKSHIN VEBIA"
GA02405,"DAKSHINI"
RA02870,"DALADALI"
RA02886,"DALADALI CHOWK"
OTH0193,"DALGAON"
TEZ1501,"DALGAON"
OTH0083,"DALGAON (NT)"
NTBH006,"DALKHOLA"
UT01713,"DALKHOLA"
NTWB005,"DALKHOLA"
DN06DUM01,"DALKHOLA"
NTWB179,"DALKHOLA- UTTAR DINAJPUR"
JAL0008,"DALSINGPARA"
SA02766,"DALSINGSARAI"
BEG0007,"DALSINGSARAI"
TURH0007,"DALU"
OTH0274,"DALU"
TUR3601,"DALU"
OTH0656,"DALU (TURA HILLS)"
WA01840,"DALU CHOK"
DHA1601,"DALUGAON"
KI02740,"DAMALBADI"
KA02639,"DAMALBADI"
KIS0022,"DAMALBARI"
DHA0501,"DAMCHERA"
DHA0010,"DAMCHERRA"
JA01580,"DAMDIM"
DRH0172,"DAMDIM- DARJEELING"
DRJ0041,"DAMDIM- DARJEELING"
DRP0172,"DAMDIM- DARJEELING"
GUWR0015,"DAMPUR"
GHY7101,"DAMPUR"
PA02717,"DANAPUR"
KO00429,"DANESH SEKH LANE"
SHA0028,"DANESH SEKH LANE"
DA01632,"DANGHAHAT"
BIR0017,"DANGMURI"
GA02447,"DANGRA"
RA02867,"DANGRA TOLI"
DA01643,"DANGRAM"
PA02718,"DANIYAMA"
KO00430,"DANKUNI"
MOG0005,"DANKUNI"
DNK0005,"DANKUNI"
WE00967,"DANTAN"
EA00298,"DANTAN"
DH03194,"DANTU"
MA01167,"DAONA PUR"
LIK0301,"DAPORIZO"
9973411291,"DAR0007"
DA01680,"DARALHAT"
OTH0346,"DARANG"
EA00299,"DARAPPUR"
KR00738,"DARAPPUR"
SI02684,"DARAULI"
DUM0001,"DARBHANGA"
DE03027,"DARDMARA"
KR00739,"DARERMATH"
MAL023,"DARIAPUR"
CH02648,"DARIAPUR"
KR00740,"DARIKA NAGAR"
WA01846,"DARIYA PUR ROAD"
WA01847,"DARIYAPUR"
CHA0003,"DARIYAPUR"
LA03352,"DARIYAPUR."
GA02525,"DARIYAPUR.."
NTWB091,"DARJEELING"
DRH0018,"DARJEELING BAZAR"
DRP0018,"DARJEELING BAZAR"
DA01276,"DARJEELING BAZAR"
DRH0019,"DARJEELING MORE"
JAL0036,"DARJEELING MORE"
DA01277,"DARJEELING MORE"
DRP0019,"DARJEELING MORE"
OTH0351,"DARJEELING PLAINS"
AIZ2201,"DARLAWN"
OTH0655,"DARLAWNG (MIZORAM)"
NTNE010,"DARRANG"
RA02962,"DARU"
SIW0003,"DARULI"
WES0016,"DASAGRAM"
OTH0187,"DASDA"
DHA1701,"DASDA"
OTH0526,"DASDA (DHARMANAGAR)"
BUR0161,"DASGHARA"
MO00850,"DASGHARA"
BUR0033,"DASGHORA"
LAX0012,"DASHRATHPUR"
KIS0052,"DASIYATOLI"
KO00431,"DASNAGAR"
SHA0029,"DASNAGAR"
SHA0030,"DASNAGSAR"
KO00432,"DASNAGSAR"
UT01714,"DASPARA"
WE00968,"DASPUR"
DA01278,"DASRATHPALLY"
DRP0020,"DASRATHPALLY"
CHA0005,"DAUDPUR"
MA01243,"DAULATPUR"
DA01633,"DAULATPUR"
GA02515,"DAULATPUR"
DA01669,"DAUTPUR"
OTH0224,"DAWKI"
OTH0649,"DAWKI (JAINTIA HILLS)"
AIZ6201,"DAWRPUI"
AIZ0008,"DAWRPUI SOUTH"
AIZ0801,"DAWRPUI VENGTHAR"
NCHI0007,"DAYANGMUKH"
DEACT,"DEACT1"
KR00741,"DEBAGRAM"
RA02860,"DEBDHI"
DA01279,"DEBIDANGA"
DRP0021,"DEBIDANGA"
UT01727,"DEBIGANJ"
UT01715,"DEBINAGAR"
BUR0042,"DEBIPUR"
MA01031,"DEBIPUR"
BUR0095,"DEBIPUR, MAGHIARY"
NGN0001,"DEBOSTHAN"
HOJA0008,"DEBOSTHAN"
WE00969,"DEBRA"
WA01849,"DEEPNAGER"
KO00624,"DEGANGA"
OTH0724,"DEHANGI (NAGAON)"
OTH0504,"DEKARGAON (TEZPUR)"
JOR0301,"DEKORGORHA"
JOR0401,"DEKORGORHA 1"
JOR0501,"DEKORGORHA 2"
DA02015,"DEKULI"
DA02063,"DELAHI"
GA02437,"DELHA"
DA02016,"DELHI MOR"
AIZ2501,"DEMAGIRI"
SIB0501,"DEMOW"
OTH0016,"DEMOW"
OTH0362,"DEMOW - SIVASAGAR (SIBSAGAR)"
SI01556,"DENTAM"
MA01124,"DEO TOLA"
DE03070,"DEODANR"
OTH0075,"DEODUAR"
DE03081,"DEOGHAR"
DH03161,"DEOLI"
OTH0306,"DEOMALI"
DIB0053,"DEOMALI"
OTH0333,"DEOMORNOI"
OTH0705,"DEOMORNOI (DARANG)"
NTWB111,"DEOPARA, BANARHAT"
SHA0031,"DEORA"
KO00433,"DEORA"
SIK0004,"DEORALI"
DH03124,"DEORTON"
GOL1101,"DERGAON(DHEKIAL)"
GOL1001,"DERGAON(GORUMORA)"
GOL0601,"DERGAON(KAMARGAON)"
GOL0501,"DERGAON(RANGAMATI)"
BUR0003,"DERIAPUR"
DA01280,"DESHBANDHU PARA"
DRP0022,"DESHBANDHU PARA"
DRH0022,"DESHBANDHU PARA"
KIS0036,"DESIATOLI"
SA02842,"DESRI"
EA00252,"DEULIA"
BUR0044,"DEULPARA"
DA02079,"DEVADH"
GA02365,"DEVI SATHAN"
DIB0039,"DEVI-PUKHURI"
TIN0007,"DEVI-PUKHURI"
DE03016,"DEVIPUR"
WA01857,"DEVISARAI"
SA02815,"DEWADHA"
BU00181,"DEWANDIGHI"
COO0024,"DEWANHAT"
MUZ00071,"DEWARIA"
MUZ0007,"DEWARIA (MFP)"
RA00923,"DHADKA"
DH03134,"DHAIYA"
DA02106,"DHAJWA"
MU02204,"DHAKA"
KA00325,"DHAKI"
DA02125,"DHAKJARI"
NLP2001,"DHAKUAKHANA 1"
NLP0201,"DHAKUAKHANA 2"
NLP0301,"DHAKUAKHANA 3"
KAL0012,"DHAKURIA"
OTH0120,"DHALABIL"
TA03386,"DHALBHUMGAR"
LOWO0013,"DHALIGAON"
LBO2101,"DHALIGAON"
OTH0754,"DHALIGAON (LOWER ASSAM 1)"
CO01504,"DHALPAL-SALBARI"
DIB0048,"DHAMAN"
WA01858,"DHAMAULI"
KA02601,"DHAMDAHA"
PUR0020,"DHAMDAHA"
KA00326,"DHAMUA"
PA02719,"DHANARUA"
DH03128,"DHANBAD"
BE02559,"DHANDARI"
MA01114,"DHANGARA"
COO0014,"DHANGDINGGURI"
MO00851,"DHANIKHALI"
KO00509,"DHANKOL"
OTH0235,"DHANSIRI"
OTH0431,"DHANSIRI RLY STATION (NAGAON)"
KR00830,"DHANTALA"
UT01703,"DHANTALA"
KO00625,"DHANYAKURIA"
NTWB108,"DHAPAGANJ"
COO0018,"DHAPRAHAT"
COO0002,"DHAPRAHAT ROAD"
LA03297,"DHAPRI MORE"
MA01018,"DHARAM PUR"
BUR0144,"DHARAMPUR"
OTH0284,"DHARAMTUL"
OTH0777,"DHARAMTUL (NAGAON)"
OTH0298,"DHARAPUR"
GHY2101,"DHARAPUR"
GUWU0014,"DHARAPUR"
OTH0374,"DHARAPUR (GUWAHATI URBAN)"
GA02438,"DHARAUT"
LAX0010,"DHARHARA"
LA03298,"DHARHARA SOUTH"
WES0052,"DHARMA"
EAS0009,"DHARMADAS BAR"
NTNE092,"DHARMANAGAR"
DHA0601,"DHARMANAGAR 1"
DHA0701,"DHARMANAGAR 2"
DHA0801,"DHARMANAGAR 3"
OTH0320,"DHARMANAGR"
OTH0460,"DHARMANAGR CITY (DHARMANAGAR)"
KO20030,"DHARMATALA MORE"
SA02767,"DHARMPUR"
GA02439,"DHARMSHALA"
BUR0102,"DHARSONA"
GA02367,"DHASEDA KURTHA"
BU00182,"DHATRIGRAM"
BH01780,"DHAURAIYA"
TEZ1301,"DHEKIAJULI"
OTH0203,"DHEKIAJULLI"
OTH0451,"DHEKIAJULLI (TEZPUR)"
NLP1001,"DHEMAJI"
DHEM0001,"DHEMAJI"
NTNE011,"DHEMAJI"
OTH0614,"DHEMAJI (LAKHIMPUR)"
NLP1101,"DHEMAJI 1"
KA02622,"DHENG"
DA02111,"DHEPURA CHOWK"
WES0032,"DHERUA"
GA02322,"DHIBAR"
NGN2001,"DHING"
OTH0731,"DHING (NAGAON)"
OTH0168,"DHIRENPARA"
GUWU0015,"DHIRENPARA"
GHY6001,"DHIRENPARA"
OTH0596,"DHIRENPARA (GUWAHATI URBAN)"
BUR0047,"DHOBGHAT"
GA02440,"DHODA KURTHA"
DA02017,"DHOIGHAT"
TIN0801,"DHOLA"
KO00685,"DHOLA"
KO10047,"DHOLA"
KA00327,"DHOLA"
TIN0008,"DHOLA"
OTH0663,"DHOLABIL (AGARTALA)"
SIL3801,"DHOLAI"
SILC0010,"DHOLAI"
BHL0014,"DHOLBAJJA"
MUZ0008,"DHOLI (MFP)"
NLP0401,"DHOLPUR"
BI00095,"DHOLTIKURI"
LOWO0069,"DHUBRI"
NTNE012,"DHUBRI"
OTH0436,"DHUBRI (LOWER ASSAM 1)"
LOWO0014,"DHUBRI 1"
LDH0701,"DHUBRI 1"
LDH0801,"DHUBRI 2"
LOWO0015,"DHUBRI 2"
LOWO0016,"DHUBRI 3"
LDH0901,"DHUBRI 3"
KR00742,"DHUBULIA"
DE03040,"DHUDHANI"
OTH0229,"DHULA"
OTH0423,"DHULA (DARANG)"
MA01133,"DHULAORI"
OTH0703,"DHULI (TEZPUR)"
MU01410,"DHULIAN"
RDL015,"DHULIYAN"
OTH0699,"DHUMERGHAT (LOWER ASSAM 1)"
WES0048,"DHUMSAI"
OTH0463,"DHUPDHARA (LOWER ASSAM 1)"
LOWO0017,"DHUPDHORA"
LGL0101,"DHUPDHORA"
JA01581,"DHUPGURI"
NTWB036,"DHUPGURI"
CO01510,"DHUPGURI"
OTH0677,"DHUPGURI (JALPAIGURI)"
JA01582,"DHUPGURI ONE"
JA01583,"DHUPGURI TOWN"
ALI0018,"DHUPGURI-ALIPURDUAR"
SA02804,"DHURALAKH"
AIZ8805,"DHURTLANG"
RA02902,"DHURWA"
KA00328,"DIAMOND HARBOUR"
OTH0326,"DIBANG"
OTH0412,"DIBANG (AP - TINSUKIA)"
DIB5002,"DIBRUGARH"
NTNE013,"DIBRUGARH"
NDL010,"DIBRUGARH"
OTH0430,"DIBRUGARH (DIBRUGARH)"
A115DUM01,"DIBRUGARH (GGU)"
DIB5101,"DIBRUGARH OFFICE"
DA01370,"DIESAL COLONY"
DRJ0010,"DIESEL COLONY"
DRP0139,"DIESEL COLONY"
TIN0009,"DIGBOI"
TIN1701,"DIGBOI"
OTH0330,"DIGBOI"
OTH0432,"DIGBOI (TINSUKIA)"
EA00253,"DIGHA"
KIS0068,"DIGHALBANK"
GA02430,"DIGHI TALAB"
GA02359,"DIGHI TANK"
CH02649,"DIGHWARA"
KRI0005,"DIGNAGAR"
BUR0055,"DIGURIHAT"
DH03141,"DIGWADIH"
DIB2601,"DIKOM"
DA02018,"DILAWARPUR"
SIB0601,"DILIHI DHAILI"
NDL011,"DILLAI"
A104DUM01,"DILLAI (GGU)"
OTH0384,"DILLAI (NAGAON)"
NTNE014,"Dima Hasao"
OTH0557,"DIMAKUCHI (DARANG)"
NTNE015,"DIMAPUR"
NAG0401,"DIMAPUR (CHUMUKIGIMA)"
NAG0101,"DIMAPUR (DIPHU ROAD)"
OTH0443,"DIMAPUR (NAGALAND)"
NAG0301,"DIMAPUR (NAHARBARI)"
NTNE095,"DIMAPUR (NT)"
NAG0201,"DIMAPUR (PURANABAZAR)"
NAG0004,"DIMAPUR TOWN"
OTH0052,"DIMORIA"
GUWR0016,"DIMU"
GHY0201,"DIMU"
NTWB058,"DINHATA"
CO01467,"DINHATA"
COO00091,"DINHATA I"
CO014601,"DINHATA II"
CO01468,"DINHATA ROAD"
AL01536,"DINHATA ROAD"
CO01479,"DINHATA TOWN"
CO01469,"DINHATA TOWN"
OTH0177,"DINJAN"
OTH0535,"DINJAN (DIBRUGARH)"
TIN0010,"DINJAN,TINSUKIA"
DIB0029,"DINJAN,TINSUKIA"
DIB29,"DINJAN,TINSUKIA"
AIZ0010,"DINTHAR"
RA02863,"DIPATOLI"
KARB0005,"DIPHU"
NGN3501,"DIPHU"
NTNE097,"DIPHU"
OTH0377,"DIPHU (NAGAON)"
OTH0106,"DIPHU (NT)"
NAG0002,"DIPHU ROAD"
TEZ0005,"DIPILA"
DIB0027,"DIRAK"
DIB27,"DIRAK"
TIN0011,"DIRAK"
DA01634,"DITTOLHAT"
DHA0027,"DMR - DHALAI"
DHA0028,"DMR - DHARMANAGAR"
DHA0026,"DMR - KAILASHAHAR"
DHA0003,"DMR-A (NT)"
DHA0005,"DMR-B (NT)"
DHA0008,"DMR-D (NT)"
DHA0007,"DMR-D DHALAI"
DHA0001,"DMR-D DHARMANAGAR"
DHA0009,"DMR-D UNOKOTI"
DHA0002,"DMR-E DHALAI"
DHA0006,"DMR-T"
MAN0201,"DMROAD"
GA02441,"DOBHI"
OTH0061,"DOBOKA"
HOJA0001,"DOBOKA"
NGN0201,"DOBOKA"
OTH0400,"DOBOKA (NAGAON)"
KR00743,"DOGACHI"
BAN0101,"DOIMUKH"
OTH0511,"DOIMUKH (AP) (AP - BANDERDEWA)"
OTH0009,"DOKMOKA"
OTH0475,"DOKMOKA (NAGAON)"
OTH0090,"DOKMOKA (NT)"
SIB1501,"DOL BAGAN"
WES0057,"DOLGRAM"
OTH0171,"DOLONGHAT"
OTH0769,"DOLU (SILCHAR - CACHAR)"
RA00924,"DOMANHI"
RA02988,"DOMCHAMCH"
SHA0032,"DOMJUR"
KO00434,"DOMJUR"
MU01411,"DOMKAL"
UT01716,"DOMOHANA"
JA01584,"DOMOHONI"
KR00744,"DOMPUKUR"
GA02426,"DOMUHAAN"
COO0015,"DOMUKHA"
KO00435,"DOMURJOLA"
SHA0033,"DOMURJOLA"
DA02019,"DONAR"
KO20017,"DONDIRHAT"
BUR0069,"DONGAL MORE"
BUR0018,"DONGAL PARA"
OTH0363,"DONKAMOKAM (NAGAON)"
OTH0170,"DOOMDOOMA"
TIN0012,"DOOMDOOMA"
TIN0901,"DOOMDOOMA"
TEZ2101,"DOOMNICHOWKI"
RA02901,"DORANDA"
RA02900,"DORANDA"
KA00329,"DOSTIPUR"
LBO0801,"DOTMA"
LOWO0018,"DOTMA"
MA01043,"DOUHA BUS STAND"
LNA0501,"DOULASHAL"
LOWT0013,"DOULASHAL"
MUR0007,"DOULATABAD"
MU01412,"DOULATABAD"
BUR0073,"DOYA DANDDA"
KR00745,"DOYERBAZAR"
KIS0050,"DSTUR HAT"
BUR0106,"DUBRAJDIGHI"
BI00096,"DUBRAJPUR"
DE03041,"DUDHANI ROAD"
SA02806,"DUDHAPURA"
DRJ0011,"DUDHIA"
DRH0140,"DUDHIA"
DRP0140,"DUDHIA"
JAL0051,"DUDHIA-JALPAIGURI"
DA01358,"DUDHIYA"
KR00746,"DUDHKUMARI"
LGL0201,"DUDHNOI"
LOWO0019,"DUDHNOI"
OTH0442,"DUDHNOI (LOWER ASSAM 1)"
SA02801,"DUDPURA"
DH03127,"DUHATAND"
GAY0012,"DUKHARNI MORE"
AGR0701,"DUKLI"
PA02720,"DULAHIN BAZAR"
OTH0117,"DULIAJAN"
OTH0623,"DULIAJAN (DIBRUGARH)"
OTH0107,"DULIAJAN (NT)"
DIB0701,"DULIAZAN"
SIL1401,"DULLAVCHARRA"
SILK0011,"DULLAVCHARRA"
DA02020,"DULLIPATTI"
KO10016,"DUM DUM"
BHL0030,"DUMAR"
MUZ0009,"DUMARI"
DHA0201,"DUMBURNAGAR"
KO00510,"DUMDUM"
EA00300,"DUMDUM CANTONMENT"
KO00511,"DUMDUM CANTONMENT"
KO00512,"DUMDUM PARK"
OTH0706,"DUMDUMA - TINSUKIA (TINSUKIA)"
DA02131,"DUMETHA"
DE03046,"DUMKA"
MUZ00101,"DUMRA"
MUZ0010,"DUMRA NSC"
MUZ0011,"DUMRA SD"
MUZ0012,"DUMRA SSD"
DH03100,"DUMRI"
GA02325,"DUMRI CHATTI"
GA02420,"DUMUHAN"
OTH0103,"DUMUNI CHOWKI (NT)"
KO00513,"DUNLOP"
JA01585,"DURAMARI"
SI02685,"DURAUNDHA"
DHA0022,"DURGA CHOWMUNI"
MA01090,"DURGA PUR"
DHA1801,"DURGACHOWMUHANI"
KO00514,"DURGANAGAR"
RNJ0003,"DURGAPUR"
UT01717,"DURGAPUR"
NTWB032,"DURGAPUR"
RA00925,"DURGAPUR STATION"
AIZ0002,"DURTLANG"
AIZ1301,"DURTLANG"
SIL6701,"DUTPATIL"
SILC0011,"DUTPATIL"
#N/A,"DUTTA PUR"
KR00747,"DUTTAFULIA"
KO00626,"DUTTAPUKUR"
SIL0201,"DUTTAPUR"
SILK0012,"DUTTAPUR"
BUR0155,"DVC  MORE"
EA00254,"DWARBASANI"
SILC0012,"DWARBOND"
SIL2001,"DWARBOND"
GA02442,"EARKI"
DUM0020,"EAST CHAMPARAN"
NTNE016,"EAST GARO HILLS"
NTNE017,"EAST KAMENG"
NTNE018,"EAST KHASI HILLS"
AIZ3201,"EAST LUNGDAR"
NTNE019,"EAST SIANG"
NTWB171,"EAST SIKKIM"
NTWB168,"EAST SIKKKIM"
DRP0023,"EASTERN BYPASS"
DRH0023,"EASTERN BYPASS"
DA01281,"EASTERN BYPASS"
JA01622,"EASTERN BYPASS"
SIK0007,"EASTERN BYPASS - JALPAIGURI"
MA01137,"ECHAPUR"
EA00255,"EGRA"
OTH0523,"EHTEL BARI (ALIPURDUAR)"
NTWB177,"EHTEL BARI- ALIPURDUAR"
WA01875,"EKANGARSARAI"
KO153,"EKBALPUR"
KO10053,"EKBALPUR"
BH01781,"EKCHARI"
BHL0028,"EKDARA"
LAX0003,"EKDARA"
LA03259,"EKDARA JHAJHA"
LA03241,"EKDARA MORE JHAJHA"
LA03250,"EKDARMOREJAMUI"
MA01067,"EKLAKHI"
CH02650,"EKMA"
CH02651,"EKMA"
DA02021,"EKMIGHAT"
MO00852,"EKTARPUR"
WES0061,"ELAHI GANJ"
KA00330,"EM BYPASS"
MA01030,"ENGLISHBAZAR"
BH01782,"ENGLISHMORE"
JA01586,"ETHELBARI"
NTWB001,"ETHELBARI"
NTWB099,"ETHELBARI, ALIPURDUAR"
ALI0017,"ETHELBARI-JALPAIGURI"
LA03299,"ETWA"
BE02553,"ETWA,BEGUSARAI"
DA01346,"FAKDAIBARI"
LBO0901,"FAKIRAGRAM"
LOWO0020,"FAKIRAGRAM"
OTH0546,"FAKIRAGRAM (LOWER ASSAM 1)"
LOWO0072,"FAKIRGANJ"
LOWO0021,"FAKIRGANJ (LA)"
LGL0301,"FAKIRGANJ (LA)"
LA30006,"FAKIRGANJ (LA)"
OTH0744,"FAKIRGANJ (LOWER ASSAM 1)"
NTWB012,"FALAKATA"
AL01537,"FALAKATA"
ALI0002,"FALAKATA"
CO01470,"FALAKATA"
CO01471,"FALAKATA ROAD"
AL01538,"FALAKATA TOWN"
CO01472,"FALAKATA TOWN"
KA02602,"FALKA"
KAT0006,"FALKA"
OTH0207,"FALKAWN"
KA00331,"FALTA"
OTH0155,"FANCY BAZAAR"
GUWU0016,"FANCY BAZAR"
GHY6601,"FANCY BAZAR"
MU01413,"FARAKKA"
MA01244,"FARAKKA"
NTWB026,"FARAKKA"
LAX0005,"FARDA"
AIZ0003,"FARKAWN"
DRJ0012,"FARRABARI"
DA01282,"FARRBARI"
OTH0702,"FATAPUKUR (JALPAIGURI)"
BE02572,"FATEHA"
KA00332,"FATEHPUR"
DUM0036,"FATEHPUR"
MAL020,"FATEHPUR"
GA02443,"FATEPUR"
MA01146,"FATEPUR"
SA02813,"FATHAPUR"
WA01824,"FATHEPUR MORE"
EW05DUM01,"FATUHA"
PA02721,"FATUHA CIRCLE"
KR00748,"FAZIL NAGAR"
LOWO0066,"FEKAMARI"
LA30011,"FEKAMARI"
TURH0020,"FENCY VELLY"
TUR4101,"FENCY VELLY"
GA02444,"FIDA HUSAIN ROAD"
DRJ0013,"FOKDIBARI"
DA01376,"FOKDOI BARI"
DRH0118,"FOKDOI BARI"
DRP0118,"FOKDOI BARI"
ARA00061,"FORBESGANJ"
KIS00111,"FORBESGANJ"
ARA0008,"FORBISHGANJ"
KIS0004,"FORBISHGANJ"
KO00436,"FORSHORE ROAD"
SHA0034,"FORSHORE ROAD"
NTWB014,"FULBARI"
DN03DUM01,"FULBARI"
DRJ0014,"FULBARI"
DRP0126,"FULBARI"
DRP0143,"FULBARI"
RDL009,"FULBARI"
DA01635,"FULBARI"
JAL0025,"FULBARI"
DRH0143,"FULBARI"
DA01384,"FULBARI"
NTWB204,"FULBARI - JALPAIGURI- JALPAIGURI"
DRJ0030,"FULBARI BASTI"
DRP0159,"FULBARI BASTI"
NTWB093,"FULBARI, JALPAIGURI"
AL01526,"FULBARI-SHALBARI"
WES0020,"FULBERIA"
SIL0002,"FULERTAL"
NDL012,"FULERTAL"
SILC0013,"FULERTAL"
B004DUM02,"FULERTAL (SCL)"
DA01330,"FULESWARI"
KR00749,"FULIA"
KR00750,"FULIA, HOSTEL MORE"
BA00014,"FULKUSMA"
MA01258,"FULLBARI"
BH01783,"FULLIDUMAR"
KO00437,"FULTALA"
SHA0035,"FULTALA"
OTH0236,"FURKATING"
OTH0429,"FURKATING (GOLAGHAT)"
DH03197,"FUSRO"
DH03201,"FUSROO"
BIR0070,"FUTISANKO"
RA02887,"FUTKAL TOLI,RATU"
DA02070,"G M ROAD"
DAR0001,"GABHARU - DRG"
TEZ2801,"GABHARU - TEZ"
KO00515,"GABTALA HAAT"
KO00516,"GABTOLA"
KR00751,"GACHA"
PUR0004,"GADHBANAILI"
KA02603,"GADHBANAILI"
SHA0036,"GADIARA"
KO00438,"GADIARA"
DA01337,"GADRA"
BU00183,"GAFULIA"
WA01894,"GAGANDIVAN"
KR00752,"GAGNAPUR"
KO00627,"GAIGHATA"
JA01587,"GAIRKATA"
NTWB142,"GAIRKATA"
NTWB140,"GAIRKATA ROAD"
DRH0144,"GAJOLDOBA"
JAL0015,"GAJOLDOBA"
DRP0144,"GAJOLDOBA"
DRJ0015,"GAJOLDOBA"
BUR0088,"GALIGRAM"
MA01062,"GALIMPUR"
BU00184,"GALSI"
TA03384,"GALUDIH"
MAN2601,"GAME VILLAGE"
LA03300,"GANAULI"
OTH0131,"GANDACHERRA"
DHA0024,"GANDACHERRA"
DH03096,"GANDEY"
DA02069,"GANDHI CHOWK"
DA02144,"GANDHI CHOWK,MADHUBANI"
OTH0759,"GANDHIGRAM (AGARTALA)"
JAL0034,"GANDHINAGAR"
GHY4901,"GANESHGURI"
GUWU0017,"GANESHGURI"
OTH0566,"GANESHGURI (GUWAHATI URBAN)"
MA01129,"GANGABAGAN, MALDA"
SHA0037,"GANGADHARPUR"
KO00439,"GANGADHARPUR"
BA00015,"GANGAJALGHATI"
RA00926,"GANGAJALGHATY"
WA01897,"GANGANAGAR"
DIB4501,"GANGAPARA"
SA02785,"GANGAPUR"
DA01651,"GANGARAMPORE"
DA01636,"GANGARAMPUR"
NTWB072,"GANGARAMPUR"
RDL006,"GANGARAMPUR"
DAK0009,"GANGARAMPUR"
DN06DUM02,"GANGARAMPUR"
KA00333,"GANGASAGAR"
DA02022,"GANGAUR"
KIS0027,"GANGI HAT"
BU00185,"GANGPUR"
LA03301,"GANGTA"
NTWB013,"GANGTOK"
SI01557,"GANGTOK"
OTH0735,"GANGTOK (SIKKIM)"
NTWB125,"GANGTOK,SIKKIM"
NTWB175,"GANGTOK- SIKKIM"
DA02023,"GANGWARA"
DA02024,"GANJ"
SA02838,"GANJ CHOWK"
MU01414,"GANKAR"
GA02422,"GANKPUR"
SAH0001,"GANPATGANJ"
SUP0048,"GANPATGANJ"
BI00097,"GANPUR"
BU00186,"GANTAR"
WE00970,"GARBETA"
LA03223,"GARHI"
LA03302,"GARHI JAMUI"
MAN2701,"GARI"
GOL0015,"GARI GAON"
GOL15,"GARI GAON"
PUR0034,"GARI KHANA"
KA00384,"GARIA"
KO00628,"GARIA"
DRH0117,"GARIDHURA"
DA01375,"GARIDHURA"
DRP0117,"GARIDHURA"
CH02653,"GARKHA"
CH02652,"GARKHA"
TURP0006,"GAROBADHA"
TUR0601,"GAROBADHA"
OTH0489,"GAROBADHA (TURA PLAIN)"
BE02533,"GARPURA"
KO20059,"GARULIYA"
KO00517,"GARULIYA"
JA01588,"GARURBATHAN"
TURH0025,"GASUAPARA"
SA02768,"GAUPUR"
MA01088,"GAUR ROAD"
CH02654,"GAURA"
DA02142,"GAURINATH NAGAR"
OTH0272,"GAURIPUR"
LDH1001,"GAURIPUR"
LOWO0022,"GAURIPUR"
OTH0454,"GAURIPUR (LOWER ASSAM 1)"
SIB0701,"GAURISAGAR"
JOR1501,"GAURISAGAR"
DA02026,"GAUSAGHAT"
GA02391,"GAUSGANJ"
SUP0005,"GAWALPARA"
SA02253,"GAWALPARA"
DH03122,"GAWAN"
MUZ0013,"GAY GHAT (MFP)"
DUM0004,"GAYA"
WA01899,"GAYA ROAD"
MA01027,"GAYESHPUR"
KO20001,"GAYESHPUR"
KO20036,"GAYESHPUR CHECKPOST"
NTWB203,"GAYZING- SIKKIM"
NTWB004,"GAZOL"
NTWB126,"GAZOL, MALDA"
NTWB068,"GAZOLE"
MA01132,"GAZOLE"
NTWB190,"GAZOLE- MALDA"
DIB0033,"GELA-PUKHURI"
TIN0013,"GELA-PUKHURI"
OTH0197,"GELEKY"
SIB0801,"GELEKY"
OTH0562,"GELEKY (SIBSAGAR)"
BA00016,"GELIA"
KAT0002,"GERABARI"
KA02604,"GERABARI"
OTH0051,"GERUKAMUKH"
OTH0050,"GERUKAMUKH (A.P - NT)"
NTWB102,"GEYZING"
GOL14,"GF ROAD"
GOL0014,"GF ROAD"
NDL028,"GGU PLANT"
OTH0300,"GHAGHARAPARA"
OTH0785,"GHAGHARAPARA (LOWER ASSAM 2)"
PUR0038,"GHAGRA"
WES0025,"GHAGRA,GOALTORE"
TA03360,"GHAMARIA"
SUP0006,"GHAMARIYA"
SA02254,"GHAMARIYA"
BUR0120,"GHANASHYAMPUR"
DA02027,"GHANSHYAMPUR"
SIL8101,"GHARMURA"
SILH0003,"GHARMURA"
SILC0014,"GHARMURA"
KO00518,"GHATAKPUKUR"
WE00971,"GHATAL"
TA03385,"GHATSHILA"
TAT0008,"GHATSILA"
DUM0023,"GHAZIPUR"
SUP0041,"GHELARDH"
SA02289,"GHELARDH"
NLP2101,"GHILAMARA"
DHEM0009,"GHILAMARA"
DAR0010,"GHOGARDIHA"
DA02028,"GHOGHARDIHA"
DA01283,"GHOGHOMALI"
OTH0301,"GHOGRAPAR"
CO01484,"GHOKSADANGA"
BU00237,"GHOLA"
KO00519,"GHOLA"
KO10012,"GHOLA"
KR00753,"GHOLA BAZAR"
GA02311,"GHOLA BAZAR"
KR00822,"GHOLA."
DA01284,"GHOOM"
DRH0026,"GHOOM"
DRP0026,"GHOOM"
JAL0043,"GHOOM"
TA03363,"GHORABANDHA"
KA00334,"GHORADAL"
DIB0801,"GHORAMARA"
LA03281,"GHORGHATBARIYARPUR"
ALI0009,"GHORGHORIA"
DE03006,"GHORMARA"
RA02989,"GHORTHAMBHA"
DRP0027,"GHOSHPUKUR"
DA01285,"GHOSHPUKUR"
BUR0071,"GHOSHPUR"
GA02457,"GHOSI"
GA02456,"GHOSI"
GA02375,"GHOSI MORE"
NTWB059,"GHOSKADANGA"
KIS0021,"GHSIKURA"
LA03303,"GHUGHULDIH"
DRP0051,"GHUGHUMALI"
DA01309,"GHUGHUMALI"
DRJ0016,"GHUGOMALI"
DRP0145,"GHUGOMALI"
COO0011,"GHUGURMARI"
KO00629,"GHUNI"
KIS0040,"GHURNA"
SHA0038,"GHUSURI"
KO00440,"GHUSURI"
SI02686,"GHUTHANI"
KI02753,"GHUTHANI"
GA02451,"GHUTTA ROAD"
TEZ3701,"GHY ROAD"
LA03304,"GIDHOUR JAMUI"
LA03261,"GIDHOUR JHAJHA  ROAD JAMUI"
DRJ0017,"GIELLE BHANJAYANG"
LA03305,"GINAHARA JAMUI"
DH03090,"GIRIDIH"
WA01920,"GIRIYAK"
MA01157,"GITA MORE"
COO0019,"GITALDAH"
COO0006,"GITALDAH ROAD"
CO01495,"GITALDHA"
CO01473,"GITALDHA ROAD"
KIS0010,"GITWASH"
ARA0004,"GITWASH"
OTH0022,"GMC 1"
OTH0101,"GMC 1 (NT)"
OTH0063,"GMC 2"
UT01718,"GOAGAON"
DA01660,"GOALKHARI"
NTNE020,"GOALPARA"
UT01719,"GOALPARA"
LGL0401,"GOALPARA"
LA30013,"GOALPARA"
LOWO0023,"GOALPARA"
OTH0500,"GOALPARA (LOWER ASSAM 1)"
UT01730,"GOALPOKHER"
KO10022,"GOALPOTA"
UT017261,"GOALPUKUR-I"
UT017091,"GOALPUKUR-II"
WE00972,"GOALTORE"
DA01286,"GOALTULI"
MU01415,"GOAS"
PUR0076,"GOBAG"
KO20052,"GOBARDANGA"
LBA0901,"GOBARDHANA1"
LOWT0014,"GOBARDHANA1"
LOWT0015,"GOBARDHANA2"
LBA1001,"GOBARDHANA2"
LBA1801,"GOBARDHANA3"
LOWT0016,"GOBARDHANA3"
BA00017,"GOBINDANAGAR"
BIR0023,"GOBINDAPUR"
KRI0004,"GOBINDAPUR"
KO00577,"GOBORDANGA"
KO00630,"GOBORDANGA"
DNK0021,"GOBRA"
DAN0024,"GOBRA"
MA01196,"GOBRAHAT"
KR00754,"GOBRAPOTHA"
KA00335,"GOCHARAN"
TEZ3601,"GODAMGHAT"
DE03078,"GODDA"
DA02122,"GODIYANI"
NLP2101,"GOGAMUKH"
NLP0001,"GOGAMUKH"
OTH0228,"GOGAMUKH"
OTH0652,"GOGAMUKH (LAKHIMPUR)"
DAN0021,"GOGARMORE"
DNK0018,"GOGARMORE"
BUR0166,"GOGHAT"
UTT0004,"GOHARRAH"
TEZ0801,"GOHPUR"
OTH0015,"GOHPUR"
BISW0008,"GOHPUR"
OTH0533,"GOHPUR (TEZPUR)"
TA03380,"GOILKERA"
TA03358,"GOINDPUR"
MU01416,"GOKARNA"
KO20043,"GOKULPUR BAZAR"
RA02937,"GOLA"
SA02769,"GOLA ROAD"
GOL0201,"GOLAGHAT"
NTNE021,"GOLAGHAT"
OTH0455,"GOLAGHAT (GOLAGHAT)"
UDI0301,"GOLAGHATI"
BUR0094,"GOLAHAT"
OTH0125,"GOLAKGANJ"
LOWO0067,"GOLAKGANJ"
OTH0418,"GOLAKGANJ (LOWER ASSAM 1)"
LDH1101,"GOLAKGANJ 1"
LOWO0024,"GOLAKGANJ 1"
LOWO0025,"GOLAKGANJ 2"
LDH1201,"GOLAKGANJ 2"
LDH1301,"GOLAKGANJ 3"
LOWO0026,"GOLAKGANJ 3"
MA01028,"GOLAMORE"
MA01197,"GOLAPGANJ"
WA01912,"GOLDAN CHOK"
KA00336,"GOLF GREEN"
MA01155,"GOLGHAR , MALDA"
TA03366,"GOLMURI"
WES0012,"GOLOGRAM"
BUR0092,"GOLSI"
TUR0701,"GOMAIJHORA"
LBA1101,"GOMAPHULBARI"
LOWT0017,"GOMAPHULBARI"
DH03203,"GOMIA"
DH03162,"GOMOH"
NTNE073,"GOMOTI"
WA01991,"GONAWA"
OTH0285,"GONDACHERA"
OTH0584,"GONDACHERA (DHARMANAGAR)"
WA01921,"GONDAPAR"
BUR0064,"GONESHPUR"
BI00098,"GONPUR"
GA02393,"GONPURA"
BUR0041,"GONTHAR"
MA01139,"GOPAL PUR"
SI02687,"GOPALGANJ"
DUM0011,"GOPALGANJ"
RA00927,"GOPALMATH"
KO00699,"GOPALNAGAR"
KR00755,"GOPALNGAR"
MU01453,"GOPALPUR"
UT01723,"GOPALPUR"
PUR0052,"GOPALPUR"
LA03306,"GOPALPUR  JAMUI"
UT01724,"GOPALPUR KOLLAPARA"
BH01805,"GOPALPUR."
GA02328,"GOPI MORE"
WES0050,"GOPIBALLABPUR"
WE00973,"GOPIBALLAVPUR"
WE00974,"GOPIGANJ"
DE03060,"GOPIKANDAR"
MOG0009,"GOPINATHPUR"
DRP0029,"GORA MORE"
DA01287,"GORA MORE"
DAR0002,"GORABURAM"
BH01784,"GORADIH"
BU00187,"GORAGACHA"
GUWR0017,"GORAIMARI"
OTH0256,"GORAIMARI"
GHY1301,"GORAIMARI"
OTH0422,"GORAIMARI - SONITPUR (TEZPUR)"
DUM0027,"GORAKHPUR"
MUZ0045,"GORAUL"
SA02843,"GORAUL"
WES0027,"GORBETA"
GUWU0018,"GORCHUK"
GHY2001,"GORCHUK"
OTH0411,"GORCHUK (GUWAHATI URBAN)"
OTH0315,"GORESWAR"
GHY3301,"GORESWAR"
GUWR0018,"GORESWAR"
OTH0486,"GORESWAR (GUWAHATI RURAL)"
KA02641,"GORIYAKOTHI"
SI02688,"GORIYAKOTHI"
OTH0610,"GORMUR - MAJULI (JORHAT)"
GHY0016,"GOROIMARI"
JA015881,"GORUBATHAN"
JOR0004,"GORUMARA"
BUR0091,"GOSAIPARA"
KO20010,"GOSAIPUR"
NTWB048,"GOSANIMARI"
MAL017,"GOSAYHAT"
BE02577,"GOSHALA RAOD"
OTH0077,"GOSSAIGAON"
LOWO0027,"GOSSAIGAON"
LBO1001,"GOSSAIGAON"
OTH0540,"GOSSAIGAON (LOWER ASSAM 1)"
LOWO0070,"GOSSAINGAON"
CO01474,"GOSSANI ROAD"
CO01475,"GOSSANIMARI"
COO0003,"GOSSANIMARI ROAD"
BUR0067,"GOTHAN"
RA00928,"GOUBAZAR"
BE02534,"GOUCHARI"
MA01198,"GOUR ROAD"
WE00975,"GOURA"
RNJ0002,"GOURANDI"
BUR0070,"GOURHATI"
BUR0028,"GOURIBATI"
DHA0016,"GOURNAGAR"
DHA0901,"GOURNAGAR"
BE02535,"GOUSHALA ROAD"
WA01922,"GOVINDPUR"
DH03220,"GOVINDPUR"
KR00756,"GOYESPUR"
DA02055,"GRAM SEEMA NH-57"
BU00188,"GT ROAD & LOCAL"
SA02814,"GUDHARGHAT"
TUR0801,"GUDIBELA"
TURP0007,"GUDIBELA"
TIN0014,"GUIJAAN"
DIB0035,"GUIJAAN"
DIB0030,"GUIJAN,TINSUKIA"
TIN0015,"GUIJAN,TINSUKIA"
DIB30,"GUIJAN,TINSUKIA"
PUR0007,"GULAB BAGH"
KA02605,"GULAB BAGH"
GA02459,"GULAB GANJ"
DA02029,"GULLUWARA"
WA01923,"GULNI"
KO00631,"GUMA"
EA00301,"GUMA"
TUR3101,"GUMAIJHORA"
TURP0008,"GUMAIJHORA"
RDL011,"GUNJARIA"
UT01725,"GUNJORIA"
MO00853,"GUPTIPARA"
EA00302,"GURAP"
MO00854,"GURAP"
GA02460,"GURARU"
GA02461,"GURPA"
KO10064,"GUSHIGHATA"
BU00189,"GUSKARA"
NTNE083,"GUWAHATI"
OTH0080,"GUWAHATI CITY (GMC NH) NT"
OTH0093,"GUWAHATI CITY (GMC NH) NT, PASCHIM BORAGAON"
OTH0421,"GUWAHATI HIGHCOURT (GUWAHATI URBAN)"
OTH0340,"GUWAHATI RURAL"
OTH0341,"GUWAHATI URBAN"
GHY8101,"GUWAHTI OFFICE"
GUWU0019,"GUWAHTI OFFICE"
OTH0003,"GUWAHTI OFFICE"
GA02364,"GWALBIGHA"
SIK0001,"GYALSING"
DUM0045,"GYANPUR"
LA03307,"H. KHARAGPUR"
MA01199,"H.C.PUR"
MA01079,"H.CPUR STATION ROAD"
DIB4601,"H.S.ROAD"
APT0701,"HAAIYLUNG"
KR00757,"HABBIBPUR"
MA01122,"HABIB PUR"
DA02030,"HABIBHAUR"
MA01084,"HABIBPUR"
KO00632,"HABRA"
DE03021,"HADHADIA POOL"
NGN2901,"HAFLONG"
OTH0181,"HAFLONG"
NCHI0001,"HAFLONG"
OTH0492,"HAFLONG (N C HILLS)"
OTH0321,"HAIBORGAON"
NGN2101,"HAIBORGAON"
DA01288,"HAIDERPARA"
DRP0030,"HAIDERPARA"
NDL013,"HAILAKANDI"
SILH0016,"HAILAKANDI"
NTNE022,"HAILAKANDI"
OTH0369,"HAILAKANDI (SILCHAR - HAILAKANDI)"
SILH0004,"HAILAKANDI 1"
SILC0015,"HAILAKANDI 1"
SIL4201,"HAILAKANDI 1"
SIL4501,"HAILAKANDI 2"
SILH0005,"HAILAKANDI 2"
SILH0006,"HAILAKANDI 3"
SIL4601,"HAILAKANDI 3"
SIL4701,"HAILAKANDI 4"
SILH0007,"HAILAKANDI 4"
SA028441,"HAJIPUR"
SA02844,"HAJIPUR"
GUWR0019,"HAJO"
GHY0101,"HAJO"
OTH0282,"HAJO"
OTH0332,"HAJO CHOWK"
OTH0651,"HAJO CHOWK (GUWAHATI RURAL)"
OTH0572,"HAKCHANG (NAGALAND)"
KI02741,"HALDI KHODA"
EA00256,"HALDIA"
NTWB037,"HALDIA"
EA00257,"HALDIA"
JA01589,"HALDIBARI"
CO01512,"HALDIBARI"
NTWB009,"HALDIBARI"
OTH0565,"HALDIBARI (COOCHBEHAR)"
DRH0169,"HALDIBARI - DARJEELING"
DRJ0038,"HALDIBARI - DARJEELING"
DRP0169,"HALDIBARI - DARJEELING"
JA01590,"HALDIBARI ROAD"
NTWB089,"HALDIBARI, COOCHBEHAR"
NTWB186,"HALDIBARI- COOCHBEHAR"
NTWB205,"HALDIBARI- JALPAIGURI"
KRI0008,"HALENCHA"
OTH0025,"HALFLONG"
KO20053,"HALISAHAR"
KO00520,"HALISAHAR"
TURP0009,"HALLIDAGANJ"
TUR3201,"HALLIDAGANJ"
LA03308,"HALSHI"
SIB0901,"HALUATING"
JOR1601,"HALUATING"
OTH0058,"HALUATING"
KO20061,"HAMADAMA BAZAR"
KO00521,"HAMADAMA BAZAR"
GOL13,"HAMDOIPATHAR"
GOL0013,"HAMDOIPATHAR"
ALI0010,"HAMILTANGANJ"
OTH0184,"HAMREN"
OTH0761,"HAMREN (NAGAON)"
DA01654,"HAMZAPUR"
DE03048,"HANJIL ROAD"
EA00258,"HANSCHORA"
DE03065,"HANSDIHA"
KR00758,"HANSHADANGA"
KR00759,"HANSKHALI"
KR00760,"HANSPUKUR MORE"
DRP0031,"HANSQUA"
DA01289,"HANSQUA"
BUR0062,"HANUA"
GA02398,"HANUMAN NAGAR RAJA BAJAR"
TIN1001,"HAPJAN"
UTT0007,"HAPTIAGACHH"
MO00855,"HARAL"
NCHI0002,"HARANGAJAO"
OTH0180,"HARANGAJAO"
NGN3601,"HARANGAJAO"
PUR0019,"HARDA"
WA01990,"HARDA"
KA02606,"HARDA"
OTH0029,"HARENGAJAO"
OTH0713,"HARENGAJAO (N C HILLS)"
BIR0059,"HARIDASPUR"
KA00337,"HARIDEBPUR"
MU01417,"HARIHARPARA"
DH03148,"HARINA"
KO00633,"HARINGHATA"
KR00824,"HARINGHATA"
KO00578,"HARINGHATA."
DAN0005,"HARINKHOLA"
MO00856,"HARIPAL"
DA02094,"HARIPUR"
BE02581,"HARIPUR,ALOLI"
DA02090,"HARIRAHA LAUKHI"
DA01637,"HARIRAMPUR"
UT01769,"HARIRAMPUR"
MA011351,"HARISCHANDRAPUR-I"
MAL0201,"HARISCHANDRAPUR-II"
MA012452,"HARISCHANDRAPUR-II"
NTWB019,"HARISHCHANDRAPUR"
MA01200,"HARISHCHANDRAPUR"
NTWB123,"HARISHCHANDRAPUR, MALDA"
DAR0003,"HARISINGHA"
MO00857,"HARIT"
DE03049,"HARKIPUR MODE"
DA02031,"HARLAKHI"
NLP2201,"HARMOTI"
RA02865,"HARMU ROAD"
OTH0183,"HARMUTI"
OTH0525,"HARMUTY (LAKHIMPUR)"
BHL0020,"HARNAHA"
LA03309,"HARNAHA CHOWK JAMUI"
LA03263,"HARNARAYANPUR"
WA01924,"HARNAUT"
KO00634,"HAROA"
KO10014,"HAROA"
KO00579,"HAROA"
KO00522,"HAROA ROAD"
KO00691,"HAROA ROAD"
SA02770,"HARPUR"
BUR0056,"HARUYA"
MAL012,"HARZARA"
BIR0054,"HASANMORE"
SAM0008,"HASANPUR"
LA03278,"HASANPUR KATARIA"
BE02569,"HASANPUR ROAD"
SI02689,"HASANPURA"
KO00441,"HASHKHALI"
SHA0039,"HASHKHALI"
KR00761,"HASHPUKUR"
NTWB017,"HASIMARA"
JA01591,"HASIMARA"
OTH0737,"HASIMARA (ALIPURDUAR)"
NTWB198,"HASIMARA- ALIPURDUAR"
KO00635,"HASNABAD"
KO00580,"HASNABAD"
MO00858,"HASNAN"
TA03376,"HATA"
BNK0005,"HATAGRAM"
BUR0135,"HATGOBINDAPUR"
SI02690,"HATHUA"
SA02789,"HATHWARIKOTHI"
GA02462,"HATI MOD"
RA02894,"HATIA"
DA01290,"HATIADANGA"
GOL18,"HATIAKHOWA"
DIB4201,"HATIALI"
TIN0037,"HATIALI - TINSUKIA"
KO10003,"HATIARA"
LOWO0028,"HATIDURA"
LBO1101,"HATIDURA"
GHY3901,"HATIGAON"
GUWU0020,"HATIGAON"
OTH0554,"HATIGAON - KAMRUP (GUWAHATI URBAN)"
UT01721,"HATIMARA"
LBO1201,"HATIMUTRA"
KO00523,"HATISALA"
WA01834,"HATIYA CHOK"
UT01739,"HATKALIAGANJ"
GA02452,"HATLIYAR, MOHANPUR"
BI00099,"HATSARANDI"
LA30010,"HATSINGIMARI"
OTH0294,"HATSINGIMARI"
LOWO0075,"HATSINGIMARI"
OTH0612,"HATSINGIMARI - AS (LOWER ASSAM 1)"
OTH0775,"HATSINGIMARI - MEG (TURA PLAIN)"
MAN2801,"HATTA"
MAN2901,"HATTA BAZAR"
BUR0109,"HATUDEWAN"
AIZ5801,"HAULAWNG"
TUR2401,"HAWA KHANA"
TURH0008,"HAWA KHANA"
OTH0499,"HAWAJAN (TEZPUR)"
SA02771,"HAWASPUR"
DAR0004,"HAYGHAT"
BI00100,"HAZARATPUR"
RA02997,"HAZARIBAGH"
RA02972,"HAZARIBAGH"
RA02968,"HAZARIBAGH TOWN"
DAN0022,"HAZRA MORE"
DNK0019,"HAZRA MORE"
RA02869,"HB ROAD"
DA02138,"HEAD POST OFFICE CHOWK"
SIK0002,"HEE GAON"
OTH0021,"HELAM"
BUR0054,"HELAN"
JAL0026,"HELAPAKHRI"
KO00636,"HELENCHA"
BUR0140,"HEMATPUR"
JOR1701,"HEMLAI"
UT01740,"HEMTABAD"
GHY5001,"HENGRABARI"
GUWU0021,"HENGRABARI"
EA00259,"HERIA"
RA02992,"HERODIH"
PUR0061,"HESLA"
NTWB159,"HILI"
DA01638,"HILI"
NTWB156,"HILL CART ROAD, SILIGURI"
WA01982,"HILSA"
PA02722,"HILSA"
KIS0048,"HIMMATNAGAR"
LA03279,"HINDWARE"
KO00637,"HINGALGUNJ"
KO00581,"HINGALGUNJ"
RA02898,"HINOO"
DH03160,"HIRAKROAD"
DH03154,"HIRAKROAD,BASANTBIHAR"
DE03069,"HIRANPUR"
DH03129,"HIRAPUR"
BA00018,"HIRBANDH"
WA01925,"HISUA"
WA01865,"HISUA ROAD"
BI00101,"HIYATNAGAR"
OTH0408,"HLIAPPUI (MIZORAM)"
AIZ2601,"HNAHTHIAL"
RA02919,"HOCHER"
OTH0127,"HOJAI"
NDL029,"HOJAI"
NGN0301,"HOJAI"
HOJA0003,"HOJAI"
OTH0476,"HOJAI (NAGAON)"
OTH0086,"HOJAI (NT)"
NGN0006,"HOJAI OFFICE"
OTH0701,"HOLLONGI (AP - BANDERDEWA)"
OTH0249,"HOLONGI"
TUR2501,"HOLY CROSS HOSPITAL"
TURH0009,"HOLY CROSS HOSPITAL"
MO00859,"HOOGHLY"
BIR0071,"HOSENPUR"
KR00762,"HOSSENPUR"
KA00338,"HOTUGUNGE"
OTH0176,"HOWLY"
LOWT0018,"HOWLY"
LBA1201,"HOWLY"
OTH0260,"HOWRA GHAT"
OTH0521,"HOWRA GHAT (NAGAON)"
HOJA0013,"HOWRAGHAT"
NGN0401,"HOWRAGHAT"
NTWB038,"HOWRAH"
SHA0040,"HOWRAH"
KO00442,"HOWRAH"
KO10049,"HOWRAH"
MO00860,"HOYERA"
KO20062,"HRIDAYPUR"
KO10046,"HRIDAYPUR"
KO00582,"HRIDOYPUR"
KO00638,"HRIDOYPUR"
UDI1901,"HRISHYAMUKH"
GA02463,"HULASGANJ"
TA03365,"HULDUM"
WES0019,"HUMHGHAR"
RA02967,"HUNTERGANJ"
RA02963,"HUNTERGANJ"
AIZ0007,"HUNTHAR"
AIZ0011,"HUNTHAR"
SI02691,"HUSSAINGANJ"
RA00929,"HUTTAN ROAD"
PUR0045,"ICHAG"
RA02981,"ICHAK"
KO20046,"ICHAPORE"
KO00639,"ICHAPUR"
KO00583,"ICHAPUR"
KO20038,"ICHAPUR CHOWMATHA"
RA00930,"ICHHAPUR"
BIR0066,"ILLAMBAJAR"
BI00102,"ILLAMBAZAR"
WA01822,"IMADPUR"
GA02464,"IMAMGANJ"
NTNE023,"IMPHAL"
NDL014,"IMPHAL"
MAN0301,"IMPHAL (BAZAR)"
C001DUM01,"IMPHAL (GGU + SCL)"
OTH0365,"IMPHAL (MANIPUR)"
MAN0401,"IMPHAL (OUTER)"
MAN0501,"IMPHAL EAST"
NTNE024,"IMPHAL WEST"
PUR0063,"IMUNDIH"
MO00861,"INCHURA"
SI01552,"INDIRA BYPASS"
BA00019,"INDPUR"
WA01860,"INDRA CHOWK"
GA02415,"INDRPUR"
BU00233,"INDUS"
BA00020,"INDUS"
TIN0016,"IOC"
DIB0037,"IOC"
RA02914,"IRBA"
OTH0325,"IRONGMARA"
OTH0757,"IRONGMARA (SILCHAR - CACHAR)"
DRP0033,"ISCON ROAD"
DA01291,"ISCON ROAD"
DH03102,"ISHRI"
DH03103,"ISHRI/DUMRI"
CH02655,"ISHUPUR"
UT01741,"ISLAMPUR"
WA01980,"ISLAMPUR"
MAL007,"ISLAMPUR"
MU01454,"ISLAMPUR"
NTBH007,"ISLAMPUR"
NTWB039,"ISLAMPUR"
GA02516,"ISLAMPUR."
RNJ0004,"ISMILE"
KO20023,"ISWARIGACHA"
EA00260,"ITABERIA"
MO00862,"ITACHUNA"
BI00103,"ITAGARIA"
UT01742,"ITAHAR"
NTWB070,"ITAHAR"
KO10029,"ITALGACHA"
BAN0201,"ITANAGAR"
NTNE070,"ITANAGAR"
OTH0576,"ITANAGAR(AP) (AP - BANDERDEWA)"
BUR0146,"ITHA"
BUR0114,"ITHER MORE"
AIZ6101,"ITI"
KO20012,"ITINDAGHAT"
RA02979,"ITKHORI"
RA02883,"ITKI ROAD"
GA02320,"ITWAN"
BUR0149,"JABAGRAM"
KO00640,"JADAVPUR"
KA00385,"JADAVPUR"
TUR4201,"JADI"
TURH0010,"JADI"
MA01201,"JADU PUR"
TA03388,"JADUGODA"
KO20029,"JADURATI"
MU01418,"JAFARGANJ"
GA02514,"JAFARGANJ"
BA00021,"JAGADALLA"
KO00524,"JAGADDAL"
KO20057,"JAGADDAL"
KO00443,"JAGADISHPUR"
SHA0041,"JAGADISHPUR"
WA01884,"JAGAI"
DA01292,"JAGANNATHPUR"
LOWT0019,"JAGARA"
LNA0601,"JAGARA"
TA03381,"JAGARNATHPUR"
DAN0032,"JAGATBALLAVPUR"
SHA0088,"JAGATBALLAVPUR"
KO00525,"JAGATPUR"
PAT0005,"JAGDEO PATH"
KO00444,"JAGDISHPUR"
BH01804,"JAGDISHPUR"
BUR0032,"JAGGRAM"
OTH0210,"JAGI ROAD"
OTH0383,"JAGI ROAD (MORIGAON)"
GHY0017,"JAGIROAD"
NGN1601,"JAGIROAD"
MOR0009,"JAGIROAD"
GA02315,"JAGJIVAN COLLAGE"
TAT0004,"JAGNATHPUR"
UTT0011,"JAGTAGAON"
KR00827,"JAGULI"
KO00641,"JAGULI"
MO00863,"JAGULIA"
OTH0226,"JAGUN"
TIN2001,"JAGUN"
TIN0017,"JAGUN"
WES0007,"JAHALDA"
BUR0121,"JAHANAGAR"
JAL0058,"JAIGAON"
PUR0014,"JAIL CHOWK"
KA02607,"JAIL CHOWK"
WA01926,"JAIL ROAD"
DH03191,"JAINA MORE"
RA02993,"JAINAGAR"
DH03189,"JAINAMORE"
OTH0356,"JAINTIA HILLS"
DIB0901,"JAIPUR"
OTH0457,"JAIPUR (DIBRUGARH)"
OTH0694,"JAIRAMPUR (AP - TINSUKIA)"
SIB2001,"JAISAGAR"
TA03382,"JAITGHAR"
SIB0002,"JAJI"
SIL4001,"JAJI"
BIR0049,"JAJIGRAM"
NGN2201,"JAKHLABANDHA"
LNA0701,"JALAH"
LOWT0020,"JALAH"
MA01202,"JALAL PUR"
PUR0028,"JALALGADH"
KA02608,"JALALGADH"
SILC0016,"JALALPUR"
SIL0011,"JALALPUR"
MA01056,"JALALPUR"
MU01419,"JALANGI"
MU01420,"JALANGI JORTALA"
CH02656,"JALAPUR"
DA02032,"JALE"
LOWO0029,"JALESWAR"
LGL0501,"JALESWAR"
LA30007,"JALESWAR"
DRP0035,"JALPAI MORE"
DA01293,"JALPAI MORE"
JA01617,"JALPAIGURI"
RDL019,"JALPAIGURI"
OTH0354,"JALPAIGURI"
NTWB025,"JALPAIGURI"
CO01513,"JALPAIGURI ONE"
JA01592,"JALPAIGURI ONE"
JA01593,"JALPAIGURI TOWN"
JA01594,"JALPAIGURI TWO"
NTWB207,"JALPAIGURI- JALPAIGURI"
BU00190,"JALUIDANGA"
OTH0010,"JALUK BARI"
OTH0437,"JALUK BARI (GUWAHATI URBAN)"
GUWU0022,"JALUKBARI"
GHY5701,"JALUKBARI"
OTH0575,"JALUKIE (NAGALAND)"
NAG0006,"JALUKIE TOWN"
DH03138,"JAMADOBA"
NTWB083,"JAMALDAHA"
CO01476,"JAMALDHA"
ALI0021,"JAMALDHA-ALIPURDUAR"
LA03349,"JAMALPUR"
BHL0021,"JAMALPUR"
BU00191,"JAMALPUR"
BE02585,"JAMALPUR."
PUR0041,"JAMBADH"
KA00339,"JAMES LONG SARANI"
GA02448,"JAMHETA"
DIB0012,"JAMIRAH"
OTH0198,"JAMIRAH"
DIB12,"JAMIRAH"
MOG0013,"JAMNA"
UDI3101,"JAMPUIJALA"
AGR0018,"JAMPUIJALA"
TA03396,"JAMSHEDPUR"
KO00686,"JAMTALA"
KA00340,"JAMTALA"
DH03213,"JAMTARA"
DH03119,"JAMUA"
GA02350,"JAMUAWAN"
OTH0060,"JAMUGURI"
OTH0662,"JAMUGURI - SONITPUR (TEZPUR)"
DUM0009,"JAMUI"
LA03310,"JAMUI"
BHL0022,"JAMUI"
LA03311,"JAMUI MORE"
LA03312,"JAMUI ROAD,LAKHI"
NGN0501,"JAMUNAMUKH"
HOJA0007,"JAMUNAMUKH"
RA00931,"JAMURIA"
WES0003,"JANABAR"
EA00261,"JANABAR"
SA02845,"JANDAHA"
BHA0501,"JANG"
DAN0023,"JANGIPARA"
DNK0020,"JANGIPARA"
MU01421,"JANGIPUR"
WA01886,"JANKI HOSPITAL"
SIL0010,"JANKIBAZAR"
SILH0008,"JANKIBAZAR"
WA01989,"JANTA CHOWK"
PUR0008,"JANTA CHOWK"
KA02609,"JANTA CHOWK"
KI02742,"JANTA HAAT"
KIS0066,"JANTAHAAT"
PUR0042,"JARGO"
DH03196,"JARIDIH"
DE03044,"JARMUNDI"
DE03010,"JASIDIH"
BU00192,"JASPUR"
DE03023,"JATAHI MORE"
AL01529,"JATESWAR"
NTWB146,"JATESWAR"
CO01519,"JATESWAR"
OTH0773,"JATINGA (N C HILLS)"
MA01180,"JATRADANGA, MALDA"
KR00763,"JATRAPUR"
DUM0044,"JAUNPUR"
KO10021,"JAYANAGAR"
NTWB056,"JAYANTI"
DA02033,"JAYNAGAR"
WA01866,"JAYTIPUR"
GA02465,"JEHANABAD"
DUM0006,"JEHANABAD"
GAY0013,"JEHANABAD TOWN"
GAY0008,"JEMHATA"
OTH0673,"JENGJAL (TURA HILLS)"
WE00976,"JENKAPUR"
LAX0001,"JHAJHA"
LA03313,"JHAJHA"
LA03314,"JHAJHA JAMUI"
LA03315,"JHAJHA MORE JAMUI"
LA03262,"JHAJHA ROAD JAMUI"
MA01070,"JHALJHALIA"
DA02034,"JHANJHARPUR"
DA01294,"JHANKAR MORE"
SIK0010,"JHANKAR MORE-SIKKIM"
DA01647,"JHAPRAGACHHI"
UT01732,"JHARBARI DEBIGANJ"
NGN1402,"JHARGAON"
GHY0021,"JHARGAON"
NGN1401,"JHARGAON"
MOR0003,"JHARGAON"
GUWU0023,"JHARGAON"
WE00977,"JHARGRAM"
DH03143,"JHARIA"
DH03137,"JHARIYA"
DH03151,"JHARKHAND MORE"
MO00864,"JHARUBATI"
LA03255,"JHIGOA"
DAN0007,"JHIKIRA"
SHA0077,"JHIKIRA"
KO00642,"JHIKRA"
KO00584,"JHIKRA"
BNK0009,"JHILIMILI"
UT01745,"JHILJHILI GOALPOKHER"
LA03257,"JHINGOE"
DE03004,"JHOUSAGARHI"
WES0042,"JHRAGRAM"
NTWB172,"JIAGANJ"
MU01422,"JIAGUNJ"
MU01423,"JIBANTI"
KA00341,"JINJIRA BAZAR"
OTH0018,"JIRANIA"
AGR0014,"JIRANIA"
OTH0507,"JIRANIA (AGARTALA)"
AGR0801,"JIRANIA1"
AGR0901,"JIRANIA2"
MO00865,"JIRAT"
MAN0601,"JIRIBAM"
NTNE025,"JIRIBAM"
OTH0746,"JIRIBAM (MANIPUR)"
NDL015,"JIRIBUM"
C001DUM02,"JIRIBUM (SCL)"
SILC0017,"JIRIGHAT"
SIL0003,"JIRIGHAT"
DH03094,"JITKUNDI"
PUR0057,"JITUJURI"
SA02772,"JITWARPUR"
DA02123,"JIVACH CHOWK"
DH03181,"JODHADIH MORE"
DH03180,"JODHDIH MORE"
BIR0030,"JOGGINAGAR"
OTH0062,"JOGIGHOPA"
KA00342,"JOKA"
DIB0049,"JOKAI"
ARA0005,"JOKHI HAT"
KIS0002,"JOKHI HAT"
EE01DUM01,"JOKIHAT"
ARA00051,"JOKIHAT"
UDI4701,"JOLAIBARI"
OTH0283,"JOLAIBARI"
KO00643,"JOLESHWAR"
NDL016,"JORABAT"
OTH0478,"JORABAT - KAMRUP (M) (GUWAHATI URBAN)"
OTH0606,"JORABAT - RI BHOI (SHILLONG)"
DH03126,"JORAPHATAK"
BUR0035,"JORBACH"
BNK0016,"JORDA"
DRH0052,"JOREBUNLOW"
DRP0052,"JOREBUNLOW"
DA01310,"JOREBUNLOW"
SI01571,"JORETHANG"
DA01702,"JORETHANG"
SI01558,"JORETHANG"
MA01123,"JORGACHI"
NTNE026,"JORHAT"
JOR0601,"JORHAT"
NDL034,"JORHAT"
OTH0381,"JORHAT (JORHAT)"
JOR2301,"JORHAT OFFICE"
JAL0027,"JORPAKHRI"
JA01598,"JOTIAKALI"
DRJ0018,"JOTIAKALI"
DRP0147,"JOTIAKALI"
DRP0037,"JOTIYAKALI"
DA01295,"JOTIYAKALI"
MOG0011,"JOUGRAM"
OTH0279,"JOWAI"
OTH0639,"JOWAI (JAINTIA HILLS)"
BI00104,"JOYDEB"
BI00105,"JOYDEB MORE"
KR00764,"JOYGHATA"
MAL009,"JOYHAT"
BIR0041,"JOYKRISHNAPUR MORE"
KO00644,"JOYNAGAR"
KAL0003,"JOYNAGAR"
KA00386,"JOYNAGAR"
BA00070,"JOYPUR"
SHA0042,"JOYPUR"
KO00445,"JOYPUR"
BIR0014,"JOYPUR"
PUR0064,"JOYPUR"
SIL0004,"JOYPUR"
SILC0018,"JOYPUR"
OTH0686,"JOYPUR - CACHAR (SILCHAR - CACHAR)"
BNK0004,"JOYRAMBATI"
BUR0063,"JOYRAMPUR"
BNK0002,"JOYRAMPUR"
OTH0714,"JOYSAGAR (SIBSAGAR)"
DA01296,"JOYTI NAGAR"
KO00585,"JSDURATI"
DHA0012,"JUBARAJNAGAR"
DRJ0031,"JUDGE BAZAAR"
TESTJ001,"JUDGE BAZAAR"
DRH0160,"JUDGE BAZAAR"
DRP0160,"JUDGE BAZAAR"
JAL0054,"JUDGE BAZAR-JALPAIGURI"
NGN0601,"JUGIJAN"
HOJA0010,"JUGIJAN"
WES0021,"JUGISOL"
TA03375,"JUGSALAI"
EA00262,"JUKHIA"
UDI2001,"JULAIBARI"
KA00387,"JULPIA"
KO00646,"JULPIA"
KA00343,"JUMAINASKAR HAT"
MA01116,"JUMMA MOSJIT"
OTH0779,"JUMPUI HILLS (DHARMANAGAR)"
GA02466,"JUNATHI"
BA00022,"JUNBEDIA"
LOWO0030,"JUNGAL"
LDH1401,"JUNGAL"
NGN0701,"JURAPUKHURI - KAKI"
HOJA0011,"JURAPUKHURI - KAKI"
DA01315,"JYOTIKALI"
GHY5601,"JYOTIKUCHI"
GUWU0024,"JYOTIKUCHI"
DIB2701,"JYOTINAGAR"
TIN0038,"JYOTINAGAR - TINSUKIA"
KA02610,"K. NAGAR"
PUR0013,"K. NAGAR"
DE03038,"K.K.N STADIUM ROAD"
BEHALA,"KA00319"
USTHI,"KA00376"
RAIDIGHI.,"KA00380"
LOWO0031,"KABAITARI"
LBO1301,"KABAITARI"
KA00344,"KABARDANGA"
DAN0018,"KABLE"
BUR0051,"KABLE"
DNK0016,"KABLE"
SIL3901,"KABUGANJ"
OTH0469,"KABUGANJ (SILCHAR - CACHAR)"
UT01731,"KACHAKALI"
GOL0003,"KACHARIHAT"
GA02413,"KACHNAWAN"
SIL2901,"KACHUDHARAM"
SILC0019,"KACHUDHARAM"
LOWO0032,"KACHUGAON"
LBO2201,"KACHUGAON"
BI00106,"KACHUJOR"
DRP0039,"KADAMTALA"
DRH0039,"KADAMTALA"
DAN0008,"KADAMTALA"
DHA1001,"KADAMTALA"
SHA0078,"KADAMTALA"
DA01297,"KADAMTALA"
KO10027,"KADAPARA"
GA02388,"KADAUNA"
DA02035,"KADIRABAD"
WA01927,"KADIRGANJ ROAD"
TA03371,"KADMA"
RA02875,"KADRU"
MA01083,"KADUBARI MORE,GAJOLE"
KAT00131,"KADWA"
BHL0033,"KADWA"
WA01904,"KAGZI MOHALLA"
MA01152,"KAHALA"
BH01785,"KAHALGAON"
SA02828,"KAHARAPURA"
GHY4201,"KAHILIPARA"
GUWU0025,"KAHILIPARA"
SUP0007,"KAHRA(SAHARSA)"
SA02255,"KAHRA(SAHARSA)"
BUR0110,"KAIGRAM"
DAN0004,"KAIKALA"
MO00866,"KAIKALA"
KO00526,"KAIKHALI"
DHA1101,"KAILASHAHAR"
OTH0142,"KAILASHAHAR"
OTH0480,"KAILASHAHAR (DHARMANAGAR)"
DA02036,"KAILESHWAR ASTHAN"
DA02037,"KAIRI BANKA"
RA02942,"KAITHA,RAMGHARH"
BEG0004,"KAITHI"
DA02038,"KAITHWAR"
DA02039,"KAITOLA"
OTH0636,"KAJALGAON (LOWER ASSAM 1)"
GA02454,"KAJIINDA"
KO10063,"KAJIPARA"
KO00647,"KAJIPARA"
KO20028,"KAJIR DOKAN"
RA00932,"KAJORA"
LA03231,"KAJRA"
LA03242,"KAKAN JAMUI ROAD"
BUR0141,"KAKARDANGA"
DA02054,"KAKARGHATI"
BH01786,"KAKBARA"
MAN0701,"KAKCHING"
OTH0413,"KAKCHING (MANIPUR)"
KA00345,"KAKDWIP"
OTH0278,"KAKI"
OTH0641,"KAKI (NAGAON)"
KO00648,"KAKINARA"
KO00586,"KAKINARA"
DRH0148,"KAKJHORA"
DRJ0019,"KAKJHORA"
GAY0011,"KAKO"
GA02467,"KAKO BAZAR"
GA02371,"KAKO MOR TIRUHANI"
GA02468,"KAKO ROAD"
GA02331,"KAKO ROAD BSNL OFFICE KE PASS"
TIN1101,"KAKOPATHAR"
TIN0018,"KAKOPATHAR"
DA02040,"KAKORHA"
UDI0401,"KAKRABAN"
OTH0632,"KAKRARBAN (UDAIPUR)"
KO00527,"KAKURGACHI"
MAN3001,"KAKWA"
KIS0015,"KALABALUA"
ARA0013,"KALABALUA"
KIS0029,"KALABALUAA"
PUR0069,"KALABANI"
MO00867,"KALACHARA"
DHA1201,"KALACHERA"
DHA0013,"KALACHERRA"
UT01746,"KALAGACH"
TEZ1901,"KALAIGAON"
SILC0056,"KALAIN"
NDL017,"KALAIN"
B004DUM03,"KALAIN (SCL)"
SILC0020,"KALAIN 1"
SIL7001,"KALAIN 1"
SIL6901,"KALAIN 2"
SILC0021,"KALAIN 2"
OTH0503,"KALAIN BAZAR (SILCHAR - CACHAR)"
DIB2801,"KALAKHOWA"
KRI0009,"KALAMBAGAN"
OTH0257,"KALANGPAR"
OTH0764,"KALANGPAR (GUWAHATI URBAN)"
GHY0011,"KALAPAHAR"
MAN0801,"KALAPAHAR"
OTH0441,"KALAPAHAR (GUWAHATI URBAN)"
DH03179,"KALAPATHAR"
AL01530,"KALCHINI-HAMILTON"
DA01640,"KALDIGHI"
NTWB217,"KALEJ KHOLA- SIKKIM"
BI00107,"KALESWAR"
LA03287,"KALI ASTHAN"
MA01203,"KALIACHAK"
NTWB063,"KALIACHAK"
MA011941,"KALIACHAK-I"
MA01204,"KALIACHAWK"
UT01747,"KALIAGANJ"
GHY0006,"KALIAJAL"
GUWR0020,"KALIAJAL"
JOR1801,"KALIAPANI"
BUR0125,"KALIBALE"
KR00765,"KALIBAZAR"
KR00766,"KALIGANJ"
SILK0013,"KALIGANJ"
SIL0601,"KALIGANJ"
UTT0009,"KALIGANJ"
DS10DUM01,"KALIGHAT-1"
NTWB141,"KALIJHORA"
KO00649,"KALIKAPUR"
KO10018,"KALIKAPUR"
MA01250,"KALIKAPUR"
KAL0001,"KALIKAPUR"
BUR0087,"KALIMATA HARDWARE"
NTWB130,"KALIMPOMG"
NTWB040,"KALIMPONG"
DRH0040,"KALIMPONG"
DRP0040,"KALIMPONG"
DA01298,"KALIMPONG"
KO00446,"KALINAGAR"
SHA0043,"KALINAGAR"
EA00303,"KALINAGAR"
MA01098,"KALINDI, MALDA"
GHY7901,"KALITAKUCHI"
GUWR0021,"KALITAKUCHI"
BIR0055,"KALITHA"
KIS0007,"KALIYA GANJ"
ARA0014,"KALIYA GANJ"
UT01744,"KALIYAGANJ"
RA00933,"KALLA"
RA00934,"KALLA"
MO00868,"KALNA"
BUR0164,"KALNA"
BUR0139,"KALNA ROAD"
BU00193,"KALNAGATE"
BA00023,"KALPATHAR"
DA02041,"KALUAHI"
KO00528,"KALYANI"
KO00650,"KALYANI"
KR00825,"KALYANI."
SA02773,"KALYANPR"
AGR1001,"KALYANPUR"
ALI0003,"KAMAKHAGURI"
GUWU0026,"KAMAKHYA"
GHY5801,"KAMAKHYA"
COO0020,"KAMAKHYAGURI"
JOR0701,"KAMALABARI"
GHY7301,"KAMALPUR"
OTH0237,"KAMALPUR"
GUWR0022,"KAMALPUR"
BA00024,"KAMALPUR"
OTH0322,"KAMALPUR - DHALAI"
OTH0522,"KAMALPUR - DHALAI (DHARMANAGAR)"
OTH0238,"KAMARBANDHA"
GOL0004,"KAMARBANDHA"
GHY0012,"KAMARGAON"
GUWR0023,"KAMARGAON"
KO00587,"KAMARHATI"
MO00869,"KAMARKUNDU"
DA01682,"KAMARPARA"
BUR0078,"KAMARPUKUR"
BE02574,"KAMARUDDINPUR"
DRJ0020,"KAMARVITA"
LIK0401,"KAMBANG"
KO00651,"KAMDEVPUR"
OTH0393,"KAMPUR (NAGAON)"
BI00108,"KAMRAGHAT"
RA02885,"KAMRE"
OTH0149,"KAMRUP"
NTNE028,"KAMRUP (M)"
NTNE027,"KAMRUP (R)"
DA02042,"KAMTAUL"
DAR0014,"KAMTOUL"
OTH0167,"KANAIGHAT"
BUR0143,"KANAINUTSAL"
SILC0022,"KANAKPUR"
SIL3501,"KANAKPUR"
DAN0011,"KANARIA"
BEG0012,"KANCHA"
DRH0150,"KANCHALIA"
DRJ0021,"KANCHALIA"
DRP0150,"KANCHALIA"
BUR0015,"KANCHANNAGAR"
OTH0079,"KANCHANPUR"
OTH0563,"KANCHANPUR (DHARMANAGAR)"
KO00529,"KANCHRAPARA"
KO00692,"KANCHRAPARA"
DA01656,"KANDAHA"
MU01424,"KANDI"
DRJ0022,"KANDIVITA"
MU01388,"KANDRA"
BIR0002,"KANDRA"
BU00240,"KANDRA"
GA02469,"KANDUI"
OTH0719,"KANGCHUP CHIRU (MANIPUR)"
OTH0159,"KANGLATONGBI"
MAN0002,"KANGLATONGBI"
OTH0182,"KANGPOKPI"
WA01853,"KANHAIYAGANJ"
KA02611,"KANHERIYA"
PUR0021,"KANHERIYA"
SIL1001,"KANISHAIL"
SILK0014,"KANISHAIL"
TIN0019,"KANJIKHOWA"
TIN1201,"KANJIKHOWA"
KO20026,"KANKARASUTU"
PAT0004,"KANKARBAGH"
BU00234,"KANKARDANGA"
BA00025,"KANKARDANGA"
RA02917,"KANKE"
RA02921,"KANKE ROAD"
BIR0043,"KANKHURIA"
NTWB151,"KANKI"
UT01748,"KANKI"
KO20042,"KANKINARA"
KO00652,"KANKRA"
KO20041,"KANKRA MIRZANAGAR"
KO10024,"KANMARI"
BUR0027,"KANPUR"
KO10036,"KANTALA"
RA02908,"KANTATOLI"
RA02910,"KANTATOLI"
RA02951,"KANTHI TAND"
DA02057,"KANTHUDEEH"
MUZ0014,"KANTI (MFP)"
MA01119,"KANUA"
SHA0044,"KANUPAT"
KO00447,"KANUPAT"
BIR0042,"KANUTIA"
MA01110,"KAPAICHANDI"
EA00263,"KAPASHGERIA"
BIR0010,"KAPASTORE"
BA00026,"KAPISTA"
KA02612,"KARAHGOLA"
KAT0016,"KARAHGOLA"
LA03353,"KARAMGANJ"
UT01749,"KARANDIGHI"
KA00346,"KARANJALI"
BUR0007,"KARARIYA"
NTNE029,"KARBI ANGLONG"
UDI0501,"KARBOOK"
OTH0068,"KARBOOK"
WA01898,"KARGIJL CHOK"
DA01665,"KARGIL MORE"
LOWT0021,"KARIA"
LNA0801,"KARIA"
BEG0002,"KARICHAK"
NDL018,"KARIMGANJ"
NTNE030,"KARIMGANJ"
OTH0494,"KARIMGANJ (SILCHAR - KARIMGANJ)"
KR00767,"KARIMPUR"
GA02318,"KARIYADPUR"
WA01869,"KARIYAWA"
BI00109,"KARKARIA MORE"
DH03159,"KARMATAND"
GA02470,"KARMOUNI"
MU01425,"KARNASUBARNA"
DE03029,"KARNIBAGH"
DH03211,"KARNMATAND"
DE03019,"KARON"
DA01652,"KARONJI"
GA02471,"KARPI"
SAM0001,"KARPURIGRAM"
KO20033,"KARTIKPUR"
NTWB157,"KARTOWA"
BEG0003,"KARUA MORE"
BUR0156,"KARUI"
GA02410,"KASAWA"
KO00653,"KASBA"
KO10062,"KASBA"
DIB0051,"KASBA"
KA00388,"KASBA"
PUR00111,"KASBA"
KA02637,"KASBA."
PUR0011,"KASBA."
WA01928,"KASHICHAK BAZAR"
OTH0582,"KASHIKOTRA (LOWER ASSAM 1)"
KA00347,"KASHINAGAR"
KO00530,"KASHIPUR"
MA01073,"KASIMBAZAR"
MA01191,"KASIMBAZER, MALDA"
BIR0061,"KASIMNAGAR"
DH03152,"KASIYATAND MORE"
DH03190,"KASMAR"
KR00768,"KASTHODANGA"
GA02397,"KASWA"
GAY0007,"KASWA"
GUWU0027,"KATABARI"
DA01668,"KATABARI"
GHY5901,"KATABARI"
SIL4301,"KATAKHAL"
SILH0009,"KATAKHAL"
MA01121,"KATALPUKUR"
KO00531,"KATAPUKUR"
MUZ0015,"KATARA (MFP)"
GA02472,"KATARI HILL"
LA03274,"KATARIA SITAKUND ROAD"
BE02554,"KATARMALA"
SI02692,"KATEYA"
RA02880,"KATHAL MORE"
SIL3701,"KATHAL ROAD"
SILC0023,"KATHAL ROAD"
KIS0026,"KATHALBARI"
BUR0083,"KATHALI"
UDI0601,"KATHALIA"
GA02357,"KATHAR"
NGN2301,"KATHIATOLI"
HOJA0009,"KATHIATOLI"
OTH0466,"KATHIATOLI (NAGAON)"
OTH0098,"KATHIATOLI (NT)"
DE03061,"KATHIKUND"
MOR0010,"KATHTOLA"
KO00654,"KATIAHAT"
OTH0434,"KATIGARAH (SILCHAR - CACHAR)"
SILC0024,"KATIGHORA"
SIL7101,"KATIGHORA"
SIL7201,"KATIGHORA 1"
SILC0025,"KATIGHORA 1"
KAT0003,"KATIHAR"
RDL016,"Katihar"
EE02DUM01,"KATIHAR"
KAT00031,"KATIHAR"
KA02613,"KATIHAR"
TA03391,"KATIN"
BA00027,"KATJURIDANGA"
RA02964,"KATKAMSANDI"
OTH0059,"KATKATI"
OTH0631,"KATKATI (NAGAON)"
SHA0045,"KATLIA"
KO00448,"KATLIA"
SIL7701,"KATLICHARRA"
SILH0010,"KATLICHERRA"
OTH0371,"KATLICHERRA (SILCHAR - HAILAKANDI)"
TURH0021,"KATMIL"
TUR0901,"KATMIL"
BH01787,"KATORIA"
DA02067,"KATRA PUTEHI"
DH03147,"KATRAS"
DHD0001,"KATRASGARH"
WA01832,"KATRISARAI"
DH03202,"KATTHARA"
MU02195,"KATUCHARY ROAD"
BU00194,"KATWA"
DUM0040,"KAUSHAMBI"
DRP0041,"KAWAKHALI"
DA01299,"KAWAKHALI"
DRP0168,"KAWAKHALI"
DA01399,"KAWAKHALI"
WA01929,"KAWAKOL"
AIZ4501,"KAWLKULH"
OTH0531,"KAWNPUI (MIZORAM)"
LIK0002,"KAYAING"
SIL5201,"KAYASTOGRAM"
SILK0015,"KAYASTOGRAM"
KO00655,"KAZIPARA"
GA02473,"KAZISARAI"
UT01735,"KECHOKTALA DEBIGANJ"
AIZ4601,"KEIFANG"
OTH0204,"KEIFANG"
OTH0401,"KEIFANG (MIZORAM)"
MAN6101,"KEISHAMPAT"
GA02313,"KENAR"
GA02366,"KENARI"
PUR0051,"KENDA"
GHY0013,"KENDEKONA"
GUWR0024,"KENDEKONA"
MA01035,"KENDUA"
TEZ0004,"KENDUGURI"
OTH0302,"KENDUKONA"
OTH0786,"KENDUKONA (GUWAHATI RURAL)"
DH03172,"KENDUYA"
LA03316,"KENHUT"
BA00028,"KENJAKURA"
DA02062,"KEOTI"
GUWU0028,"KERAKUCHI"
GHY4001,"KERAKUCHI"
SA02809,"KERIA"
RA02965,"KERIDARI"
PUR0073,"KESARGARH"
BUR0119,"KESHABGANG"
WE00978,"KESHIARY"
WE00979,"KESHPUR"
DH03104,"KESHWARI"
WE00980,"KESIYARI"
KO00532,"KESTOPUR"
KO00693,"KESTOPUR"
AIZ1801,"KETHLA"
GA02354,"KEWALI"
LA03317,"KHADDI SIKANDRA ROAD, JAMUI"
BE02536,"KHAGARIA"
BE02537,"KHAGARIA RAILWAY STN"
OTH0501,"KHAGARPUR (LOWER ASSAM 1)"
MAN3101,"KHAGEMPALLI"
COO0027,"KHAGENHAT"
MUR0003,"KHAGRA"
MU01426,"KHAGRA"
LA03260,"KHAIR JAMUI"
LA03246,"KHAIR ROAD JAMUI"
CH02657,"KHAIRA"
DH03192,"KHAIRA CHATAR"
LA03318,"KHAIRA JAMUI"
LA03319,"KHAIRA ROAD,JAMUI"
BHL0023,"KHAIRA."
LA03354,"KHAIRA."
TEZ2601,"KHAIRABARI"
BIR0074,"KHAIRASOLE"
BIR0047,"KHAIRATI"
PUR0068,"KHAIRI"
LA03248,"KHAIRM JAMUI"
DA02065,"KHAJAULI"
EA00264,"KHAJURI"
KIS0001,"KHAJURI BAZAR"
ARA0016,"KHAJURI BAZAR"
WE00981,"KHAKURDA"
RA02930,"KHALARI"
KR00769,"KHALBOLIA BAZAR"
DIB4801,"KHALIHAMARI"
LGL0601,"KHALISAVITA"
LOWO0033,"KHALISAVITA"
SHA0046,"KHALNA"
KO00449,"KHALNA"
NTWB136,"KHALPARA"
WES0060,"KHALSEULI"
MO00870,"KHAMARGACHI"
WES0058,"KHAMASULI"
NTNE031,"KHAMRANG"
OTH0648,"KHAMRANG (MIZORAM)"
DAN0014,"KHANAKUL"
OTH0035,"KHANAPARA"
OTH0726,"KHANAPARA (GUWAHATI URBAN)"
OTH0097,"KHANAPARA (NT)"
WA01930,"KHAND PAR"
BU00195,"KHANDAGHOSH"
WA01931,"KHANDAKPAR"
DIB0022,"KHANIKAR"
DIB22,"KHANIKAR"
KIS0047,"KHANIYABARI"
GA02474,"KHANJAHAPUR"
SA02836,"KHANPUR"
MO00871,"KHANPUR"
DA01300,"KHAPRAIL"
DRP0042,"KHAPRAIL"
DRH0042,"KHAPRAIL"
NTWB010,"KHAPRAIL"
DA01400,"KHAPRAIL"
DRJ0032,"KHAPRAIL BAZAAR"
DRP0161,"KHAPRAIL BAZAAR"
DH03118,"KHARAGDIHA"
WE00982,"KHARAGPUR"
DS13DUM01,"KHARAGPUR"
EA00265,"KHARAI MORE"
WES0037,"KHARAR"
WA01891,"KHARAT MORE"
MAL005,"KHARBA"
KO20005,"KHARDAH"
KO00533,"KHARDAH"
KO20037,"KHARDAHA"
WES0044,"KHARER"
MU01427,"KHARGRAM"
OTH0658,"KHARGULI HILL SIDE (GUWAHATI URBAN)"
KA00348,"KHARIBERIA"
EAS0008,"KHARIDPUR"
BH01788,"KHARIK"
WE00983,"KHARIKAMATHANI"
KIS0057,"KHARKHARI"
DH03174,"KHARKHRI"
GA02475,"KHARKHURA"
WES0033,"KHARKUSHMA"
WE00984,"KHARKUSMA"
TURP0010,"KHARKUTTA"
TUR3301,"KHARKUTTA"
LOWO0071,"KHARMOUJA"
LA30008,"KHARMOUJA"
LOWO0034,"KHARMOUJA (LA)"
LGL0701,"KHARMOUJA (LA)"
DE03062,"KHARONI"
APT0101,"KHARSANG"
OTH0031,"KHARSANG"
SHA0084,"KHARUBERIA"
DAN0027,"KHARUBERIA"
DA01677,"KHARUN"
OTH0512,"KHARUPETHIA (DARANG)"
OTH0175,"KHARUPETIA"
TEZ0007,"KHARUPETIA"
TEZ1101,"KHARUPETIA"
DA01678,"KHAS PUR."
RA02950,"KHATANGA"
MA01195,"KHATIKANDO"
NGN0007,"KHATKHATI"
KARB0003,"KHATKHATI"
A104DUM02,"KHATKHATI (GGU)"
AIZ1201,"KHATLA"
AIZ0013,"KHATLA PETER STREET"
DEO0001,"KHATNAI"
SILK0016,"KHATOLTALI"
SILC0026,"KHATOLTALI"
SIL5701,"KHATOLTALI"
BA00029,"KHATRA"
AIZ4801,"KHAWBUNG"
AIZ3301,"KHAWLAILUNG"
AIZ4701,"KHAWZAWL"
MO00872,"KHAYANAN"
EA00266,"KHEJURI"
DIB0008,"KHENDUGURI"
NGN0801,"KHERONI"
HOJA0014,"KHERONI"
KARB0008,"KHERONI"
OTH0650,"KHERONI (NAGAON)"
BHL0024,"KHESHAR"
NGN0008,"KHETRI"
MOR0004,"KHETRI"
GHY4501,"KHETRI"
GUWU0029,"KHETRI"
OTH0589,"KHETRI (GUWAHATI URBAN)"
NTWB112,"KHIDIRPUR"
KO00534,"KHIDIRPUR"
MAL010,"KHIDIRPUR"
BUR0093,"KHIROGRAM"
WE00985,"KHIRPAI"
GA02476,"KHIZERSARAI"
JHL0301,"KHLIEHRIAT"
CO01482,"KHOARDANGA"
ALI0022,"KHOARDANGA-ALIPURDUAR"
BE02573,"KHODABANDPUR"
BI00076,"KHOIRASOLE"
BI00110,"KHOIRASOLE"
MAN0901,"KHOJGJOM"
KO00656,"KHOLAPOTA"
DAN0015,"KHOLASANI"
SHA0079,"KHOLASANI"
TEZ3001,"KHONAMUKH"
APT0201,"KHONSA"
NTNE032,"KHONSA"
OTH0692,"KHONSA (AP - TINSUKIA)"
MA01024,"KHOPAGATI"
MA01127,"KHOPAKATI"
AL01531,"KHORDANGA-KUMARGRAM"
DA01302,"KHORIBARI"
DRP0044,"KHORIBARI"
MA01109,"KHORIBONA"
RA02991,"KHORIMAHUA"
SA02797,"KHOSHKHA"
AGR1101,"KHOWAI"
OTH0479,"KHOWAI (AGARTALA)"
OTH0239,"KHOWANG"
DIB0101,"KHOWANG"
OTH0558,"KHOWANG (DIBRUGARH)"
BI00111,"KHOYRASOLE"
WA01873,"KHUDAGANJ"
BI00112,"KHUJUTIPARA"
GOL16,"KHUMTAI"
AIZ0014,"KHUMTUNG"
TA03356,"KHUNTI"
RA03001,"KHUNTI"
MAN3201,"KHURAI-LAMLONG"
BIR0015,"KHURI GHAR"
BUR0082,"KHUSHIGANJ"
PA02723,"KHUSHRUPUR"
PUR0001,"KHUSKIBAGH"
KA02614,"KHUSKIBAGH"
DA02071,"KHUTAUNA"
BIR0013,"KHUTKUTIA"
DA02064,"KHUTWARA"
9801457256,"KI02737"
UDI0701,"KILLA"
GA02477,"KINJAR"
OTH0745,"KIPEILUA (N C HILLS)"
BI00113,"KIRNAHAR"
LOWO0035,"KIRTANPARA"
LBO1401,"KIRTANPARA"
7079939848,"KIS0033"
9631552557,"KIS0033"
9470077854,"KIS0033"
SA02256,"KISANPUR"
SUP0008,"KISANPUR"
NTBH004,"KISHANGANJ"
RDL004,"KISHANGANJ"
KIS0019,"KISHANGANJ"
OTH0360,"KISHANGANJ"
EE01DUM02,"KISHANGANJ"
SUP0009,"KISHANPUR"
SA02257,"KISHANPUR"
UTT0001,"KISHMANDI"
DA02121,"KISHORILAL CHOWK"
KR00770,"KISHORPUR"
KIS0032,"KOCHADHAMA"
KIS0033,"KOCHADHAMAN"
ARA0019,"KOCHADHAMAN"
KIS0037,"KOCHADHMAN"
GA02389,"KOCHAHSA"
RA02996,"KODERMA"
NAG0601,"KOHIMA"
NTNE078,"KOHIMA"
OTH0472,"KOHIMA (NAGALAND)"
OTH0447,"KOHORA (KAZIRANGA) (GOLAGHAT)"
BU00196,"KOICHAR"
KR00771,"KOIKHALI"
OTH0392,"KOILAMELA (LOWER ASSAM 1)"
RA02904,"KOKAR"
LOWO0036,"KOKRAJHAR"
NTNE033,"KOKRAJHAR"
LBO1501,"KOKRAJHAR"
OTH0547,"KOKRAJHAR (LOWER ASSAM 1)"
DH03158,"KOLA KUSMA"
EA00267,"KOLAGHAT"
DIB15,"KOLAKHUA"
DIB0015,"KOLAKHUA"
KA02615,"KOLASI"
KAT0007,"KOLASI"
AIZ7001,"KOLASIB"
NTNE034,"KOLASIB"
OTH0388,"KOLASIB (MIZORAM)"
OTH0711,"KOLIABOR (NAGAON)"
MA01205,"KOLIGRAM"
NTWB029,"KOLKATA"
KO00588,"KOLKATA"
KO00657,"KOLKATA"
OTH0331,"KOLKATA"
KO03401,"KOLKATA OFFICE"
UT01722,"KOLLAPARA KARANDIGHI"
SHA0047,"KOLRAH"
KO00450,"KOLRAH"
KR00772,"KOLTALA"
GA02400,"KOMOUDI"
BUR0025,"KOMRA"
SHA0048,"KONA"
KO00451,"KONA"
GA02478,"KONCH"
MAN3301,"KONGBA"
KO10048,"KONNAGAR"
DAN0019,"KONNAGAR"
KO20063,"KONNAGAR"
DNK0017,"KONNAGAR"
EA00268,"KONTAI (MARISHDA)"
DIB0005,"KONWARIGAON"
CH02658,"KOPA"
BUR0129,"KOPIBAGAN"
KAT00021,"KORHA"
MA01023,"KORIALI"
BIR0009,"KORIDDHA"
BI00114,"KORIDHYA"
WA01862,"KORIONA"
DE03012,"KORIYASA"
UT01750,"KORNOJORA"
GA02380,"KORRA"
KO154,"KOSBA"
KO10054,"KOSBA"
BU00197,"KOTA"
PUR0070,"KOTALDIH"
SIL5601,"KOTAMONI"
SILK0017,"KOTAMONI"
BI00115,"KOTASUR"
DIB0003,"KOTHALGURI"
DE03028,"KOTHIA"
GA02479,"KOTHWARA"
OTH0028,"KOTLEN"
OTH0461,"KOTLEN (MANIPUR)"
NTWB066,"KOTOWALI"
BA00030,"KOTULPUR"
ALI0008,"KOTWALI"
KAL0004,"KOUTALA"
GHY8001,"KOYA"
GUWR0025,"KOYA"
DA02052,"KOYLA ASHTHAN"
DA02075,"KOYLA ASTHAN"
JA01597,"KRANTI"
ALI0016,"KRANTIRHAT-JALPAIGURI"
MA01206,"KRISHNA PUR"
KR00773,"KRISHNAGANJ"
BUR0076,"KRISHNAGANJ"
KR00774,"KRISHNAGAR"
LOWO0037,"KRISHNAI"
LGL0002,"KRISHNAI"
KR00775,"KRISHNANAGAR"
CO01505,"KRISHNAPUR-BALABHUT"
BUR0126,"KUARA"
RA02911,"KUCCHU"
SI02693,"KUCHAIKOTE"
LOWO0065,"KUCHDHOWA"
LA30001,"KUCHDHOWA"
BE02538,"KUDAWANPUR"
MUZ0016,"KUDHNI (MFP)"
GA02480,"KUJAPI"
RA02936,"KUJU"
BI00116,"KUKHUDIHI"
GHY0003,"KUKHUMPUR"
GUWR0026,"KUKHUMPUR"
GA02432,"KUKRA"
BI00117,"KUKUDIHI"
BUR0116,"KULEY BAZAR"
KR00776,"KULGACHI"
KO00452,"KULGACHIA"
SHA0049,"KULGACHIA"
BU00198,"KULGHORIA"
GHY0015,"KULHATI"
MU01428,"KULI"
AIZ8401,"KULIKAWN"
KA00349,"KULPI"
BU00199,"KULSONA"
RA00935,"KULTI"
RA00936,"KULTI"
KO00453,"KULTIKRI"
SHA0050,"KULTIKRI"
LA03240,"KUMAR ALIGANJ ROAD"
GA02378,"KUMARDIH"
DA01683,"KUMARGANJ"
MA01245,"KUMARGANJ"
MA012451,"KUMARGANJ"
MA01207,"KUMARGANJ, MALDA"
DHA1301,"KUMARGHAT"
OTH0036,"KUMARGHAT"
DHA0004,"KUMARGHAT"
OTH0653,"KUMARGHAT (DHARMANAGAR)"
ALI00041,"KUMARGRAM"
KO10044,"KUMARHAT"
KA02616,"KUMARHI"
KAT0013,"KUMARHI"
OTH0041,"KUMARIKATA"
OTH0709,"KUMARIKATA (LA) (LOWER ASSAM 2)"
SUP0050,"KUMARKHAND"
SAH0003,"KUMARKHAND"
DIB2901,"KUMARONISIGA"
GUWU0030,"KUMARPARA"
GHY7001,"KUMARPARA"
WES0022,"KUMARPUR,NAYAGRAM"
MA01183,"KUMBHIRA"
SIL0005,"KUMBHIRGRAM"
MA01050,"KUMED PUR"
UT01751,"KUMEDPUR"
MAL015,"KUMEDPUR"
GA02317,"KUMHAR TOLI"
WA01932,"KUMHRWA"
NTWB158,"KUMREK"
BIR0034,"KUNCHRA"
DE03031,"KUNDA MORE"
DE03030,"KUNDA ROAD"
MO00873,"KUNTIGHAT"
LA03254,"KURBATANE"
BEG0025,"KURHA"
DH03186,"KURMIDIH"
BIR0011,"KURMITHA"
BU00200,"KURMUN"
ARA00101,"KURSAKATA"
KIS00061,"KURSAKATA"
BH01789,"KURSELA"
KAT0017,"KURSELA-KATIHAR"
JAL0044,"KURSEONG"
DA01306,"KURSEONG"
DRH0048,"KURSEONG"
DRP0048,"KURSEONG"
ARA0010,"KURSHA KATA"
KIS0006,"KURSHA KATA"
GA02481,"KURTHA"
GA02333,"KURTHA"
BIR0053,"KURUMGRAM"
WE00986,"KUSBASAN"
DA01684,"KUSHMANDI"
NTWB041,"KUSHMANDI"
NTWB074,"KUSHMUNDI"
DE03050,"KUSPAHADI"
PUR0074,"KUSTAUR"
BNK0018,"KUSTHOL"
KO00535,"KUSTIA"
BA00031,"KUSTOR"
BU00201,"KUSUMGRAM"
DA02140,"KUTTI CHOWK,MANGRAUNI"
DIB18,"KUTUHA NAWJAN"
DIB0018,"KUTUHA NAWJAN"
DIB0017,"KUTUHA TINALI"
DIB17,"KUTUHA TINALI"
MAN3401,"KWAKEITHEL"
BIR0063,"LABBPUR"
KA02617,"LABHA"
KAT0009,"LABHA"
BI00118,"LABPUR"
LA03320,"LACHWAR ROAD SIKANDRA"
DA02074,"LADHANIA"
PUR0033,"LADHURKA"
JOR0002,"LADOIGARH"
SA02829,"LAGUNIA"
DA02083,"LAHARIASARAI"
WA01850,"LAHERITHANA"
CH02659,"LAHLADPUR"
OTH0258,"LAHOAL"
OTH0749,"LAHOAL (DIBRUGARH)"
MOR0005,"LAHORIGHAT"
NGN1101,"LAHORIGHAT"
OTH0199,"LAHORIJAN"
DIB3001,"LAHOWAL"
TIN0039,"LAHOWAL - TINSUKIA"
KI02743,"LAHRA CHOK"
KA02638,"LAHRA CHOK"
KIS0065,"LAHRA CHOWK"
SILC0027,"LAILAPUR"
SIL3201,"LAILAPUR"
DIB0036,"LAIPULI"
OTH0382,"LAISONG (N C HILLS)"
OTH0483,"LAITKOR (SHILLONG)"
OTH0153,"LAITUMKHRAH"
OTH0542,"LAITUMKHRAH (SHILLONG)"
DRP0049,"LAKE TOWN"
JA01621,"LAKE TOWN"
KO10001,"LAKE TOWN"
DA01307,"LAKE TOWN"
KO00694,"LAKETOWN"
KO00536,"LAKETOWN"
GA02513,"LAKHANPUR"
GA02418,"LAKHIAPUR"
SIL0801,"LAKHIBAZAR ROAD"
SILK0018,"LAKHIBAZAR ROAD"
NTNE035,"LAKHIMPUR"
NLP2301,"LAKHIMPUR 1"
NLP2401,"LAKHIMPUR 2"
NLP2501,"LAKHIMPUR 3"
NLP2901,"LAKHIMPUR OFFICE"
LGL0801,"LAKHIPUR"
SIL6101,"LAKHIPUR"
LA30003,"LAKHIPUR"
NTNE100,"LAKHIPUR"
SILC0028,"LAKHIPUR"
LOWO0038,"LAKHIPUR"
UTT0005,"LAKHIPUR"
OTH0405,"LAKHIPUR - CACHAR (SILCHAR - CACHAR)"
OTH0708,"LAKHIPUR - GOALPARA (LOWER ASSAM 1)"
SIL7301,"LAKHIPUR 1"
SILC0029,"LAKHIPUR 1"
BUR0138,"LAKHIPURMATH"
LA03322,"LAKHISARAI"
LA03222,"LAKHISRARI"
DA02084,"LAKHNAUR"
BNK0017,"LAKHRA"
KO00658,"LAKKHIKANTOPUR"
KA00389,"LAKKHIKANTOPUR"
SI02694,"LAKRI NABIGANJ"
WA01985,"LAKRI NABIGANJ"
OTH0240,"LAKUWA"
OTH0687,"LAKUWA (SIBSAGAR)"
OTH0135,"LAKWA"
OTH0138,"LAL GANESH"
GA02482,"LAL GANJ"
SIL7801,"LALA 1"
SILH0011,"LALA 1"
SILC0030,"LALA 1"
SILH0012,"LALA 2"
SIL7901,"LALA 2"
SILH0017,"LALA BAZAR"
MU01429,"LALBAGH"
BA00032,"LALBAZAR"
GHY6501,"LALGANESH"
GUWU0031,"LALGANESH"
MU02242,"LALGANJ"
SA02847,"LALGANJ"
SA02846,"LALGANJ"
WE00987,"LALGARH"
MU01430,"LALGOLA"
RA02952,"LALGUTWA"
DIB14,"LALMATI"
DIB0014,"LALMATI"
DH03206,"LALPANIA"
DE03051,"LALPOKHARA"
DA01334,"LALPOOL"
RA02878,"LALPUR"
NLP2601,"LALUK"
NTNE036,"LAMDING"
MAN3501,"LAMLONG BAZAR"
MAN3601,"LAMPHALPAT"
OTH0241,"LANGCHOLIET"
OTH0630,"LANGCHOLIET (NAGAON)"
MAN3701,"LANGJING"
NGN3001,"LANGTING"
NCHI0003,"LANGTING"
OTH0262,"LANKA"
HOJA0004,"LANKA"
NGN0901,"LANKA"
OTH0458,"LANKA (NAGAON)"
OTH0211,"LANTING"
UTT0010,"LARUKHUA"
DA01681,"LASKAR HAT"
DA01667,"LASKARHAT"
MU01407,"LASKARPUR"
MU01431,"LASKARPUR"
JHL0101,"LASKEIN"
JA01603,"LATAGURI"
NTWB085,"LATAGURI"
RA02896,"LATMA"
RA02893,"LATMA ROAD"
DA02093,"LAUKHA"
DA02096,"LAUKHI"
NGN2401,"LAUKHOWA ROAD"
OTH0635,"LAWNGTALAI (MIZORAM)"
AIZ2701,"LAWNGTLAI"
BNK0006,"LAXMANPUR"
DE03022,"LAXMI BAZAR"
MA01192,"LAXMI PUR"
DA02097,"LAXMI SAGAR"
BHL0029,"LAXMIPUR"
LAX0002,"LAXMIPUR JAMUI"
LA03323,"LAXMIPUR JAMUI"
BA00033,"LAXMISAGAR"
KO00537,"LEATHER COMPLEX"
Leave Request,"Leave Request"
DRP0050,"LEBONG"
DA01308,"LEBONG"
DRH0050,"LEBONG"
TIN0020,"LEDO"
TIN1801,"LEDO"
OTH0678,"LEDO (TINSUKIA)"
AGR0020,"LEFUNGA"
BA00034,"LEGO"
DA02101,"LEHARIYAGANJ"
KIS0041,"LEHIYA"
NTNE037,"LEIKAI"
MAN0003,"LEIMAKHONG"
OTH0568,"LEIMAKHONG (MANIPUR)"
DIB0043,"LEKAI"
OTH0291,"LEKHABALI"
OTH0514,"LEKHABALI (LAKHIMPUR)"
OTH0043,"LEKHABALI(AP)"
DIB0041,"LEKHAPANI"
BAN0301,"LEKHI VILLAGE"
OTH0124,"LEMBUCHARA"
OTH0012,"LEMBUCHERRA"
OTH0642,"LEMBUCHERRA (AGARTALA)"
DIB0054,"LENGERI"
OTH0621,"LENGPUI (MIZORAM)"
AIZ0901,"LENGPUII"
LOWO0039,"LENGTISHINGA"
LBO2403,"LENGTISHINGA"
OTH0242,"LEPETKATA"
DIB4901,"LEPETKATA"
DRJ0033,"LEUSIPOKHRI"
DA01380,"LEUSIPOKRI"
DIB0020,"LEZAI"
DIB20,"LEZAI"
AIZ1901,"LIC OFFICE"
DA01340,"LICHUPAKURI"
DRH0082,"LICHUPAKURI"
DRP0082,"LICHUPAKURI"
DRH0152,"LICHUPOKHRI"
DRP0152,"LICHUPOKHRI"
DRJ0023,"LICHUPOKHRI"
OTH0055,"LIKABALI"
OTH0110,"LIKABALI 1 DUMP"
NDL019,"LIKHABALI"
LIK0501,"LIKHABALI"
A108DUM01,"LIKHABALI (GGU + SCL)"
MAN3801,"LILONG"
KO00454,"LILUAH"
SHA0051,"LILUAH"
DA01301,"LIUCHIPOKRI"
GA02483,"LOAK NAGAR KUTIYA PAR"
BIR0029,"LODGE MORE"
PUR0030,"LODHURKA"
BA00035,"LODNA"
KI02744,"LOHAGADHA"
DA01685,"LOHAGANJ"
NTWB021,"LOHAPUL"
BI00119,"LOHAPUR"
BI00120,"LOHAPUR"
DA02103,"LOHAP[ATTI"
LA03324,"LOHCHHI"
NTNE038,"LOHIT"
DA02109,"LOHNA ROAD"
DH03176,"LOHPATTI"
GA02376,"LOK NAGAR"
BI00121,"LOKEPARA"
GHY4101,"LOKHRA"
NDL020,"LOKHRA"
GUWU0032,"LOKHRA"
A101DUM02,"LOKHRA (GGU+SCL)"
BI00122,"LOKPARA"
MA01144,"LOLABAG"
SILK0019,"LONGAI"
SIL5001,"LONGAI"
OTH0005,"LONGLENG"
NAG1501,"LONGLENG"
NAG1401,"LONGTHO"
OTH0307,"LONGTLAI"
JA01604,"LOOKSHAN"
WA01933,"LOUNDH"
OTH0141,"LOVE STORY BAZAR"
RA02864,"LOWADIH"
NTNE039,"LOWER ASSAM"
NTNE084,"LOWER ASSAM"
OTH0339,"LOWER ASSAM 1"
OTH0342,"LOWER ASSAM 2"
NTNE079,"LOWER DIBANG VALLEY"
AIZ7601,"LOWER KHATLA"
AIZ2001,"LOWER ZARKAWT"
SILK0020,"LOWERPOUA"
SIL5501,"LOWERPOUA"
AIZ6301,"LUANGMUAL"
DUM0034,"LUCKNOW"
HOJA0005,"LUMDING"
KARB0006,"LUMDING"
OTH0243,"LUMDING"
NGN3101,"LUMDING"
OTH0378,"LUMDING (NAGAON)"
NDL027,"LUMSH PLANT"
OTH0208,"LUNGLEI"
AIZ2801,"LUNGLEI"
OTH0403,"LUNGLEI (MIZORAM)"
AIZ2901,"LUNGSEN"
OTH0590,"LUNGTHUL (MANIPUR)"
DA02116,"MABBI"
EAS0012,"MACHDA"
DHEM0004,"MACHKHOWA"
NLP1201,"MACHKHOWA"
KO00659,"MACHLANDAPUR"
SA02791,"MADADUBAD"
EA00269,"MADAKHALI"
KR00777,"MADANPUR"
KO20045,"MADANPUR"
NTWB086,"MADARIHAR"
NTWB042,"MADARIHAT"
JA01605,"MADARIHAT"
OTH0766,"MADARIHAT (ALIPURDUAR)"
NTWB173,"MADARIHAT- ALIPURDUAR"
ALI0019,"MADARIHAT-ALIPURDUAR"
KO00660,"MADARTALA"
WA01906,"MADAURA"
BUR0107,"MADHAMGRAM"
MA01092,"MADHAMNAGAR"
KO10004,"MADHAVPUR BAZAR"
DA02117,"MADHEPUR"
SA02258,"MADHEPURA"
SUP0010,"MADHEPURA"
WA01993,"MADHEPURA"
DA02191,"MADHUBANI"
KA02643,"MADHUBANI."
PUR0022,"MADHUBANI."
RA02868,"MADHUKAM"
RA02879,"MADHUKUM"
DE03083,"MADHUPUR"
BU00202,"MADHUPUR"
DA02135,"MADHWAPUR"
KO10009,"MADHYAMGRAM"
KO00589,"MADHYAMGRAM"
KO00661,"MADHYAMGRAM"
GA02484,"MADICAL COLLAGE"
SA02774,"MAGARDAHI GHAT"
BUR0103,"MAGHIARY"
LA03325,"MAGOBANDER JAMUI"
JAL0039,"MAGURMARI"
GHY2901,"MAGZINE"
GUWU0033,"MAGZINE"
MA01184,"MAHABAT PUR"
DA02088,"MAHADEV MANCH"
WA01934,"MAHADEV ROAD"
LA03326,"MAHADEV SIMARIYA"
DIB0028,"MAHADEVPUR"
TIN0021,"MAHADEVPUR"
DIB28,"MAHADEVPUR"
WA01935,"MAHADIPUR"
KR00778,"MAHADPUR"
DE03073,"MAHAGAMA"
DRP0046,"MAHAKAL PALLY"
DRH0046,"MAHAKAL PALLY"
DA01304,"MAHAKAL PALLY"
MA01170,"MAHAKALBONA"
MU01432,"MAHALANDI"
LOWO0040,"MAHAMAYA 1"
LDH1501,"MAHAMAYA 1"
LDH1601,"MAHAMAYA 2"
LOWO0041,"MAHAMAYA 2"
KA00390,"MAHAMAYA TALA"
KO00662,"MAHAMAYA TALA"
MA01115,"MAHANADO PUR"
MA01174,"MAHANANDA PALLY"
LA03327,"MAHARAJ GUNJ,JAMUI"
MA01173,"MAHARAJ NAGAR"
UT01752,"MAHARAJA"
DA02145,"MAHARAJGANJ,MADHUBANI"
DA02146,"MAHARAJI POOL"
MA01208,"MAHARAJNAGAR"
DAK0003,"MAHARAJPUR"
LA03285,"MAHARNA"
SA02775,"MAHASINGHIYA"
WA01830,"MAHDIPUR"
DA01686,"MAHENDRA"
OTH0674,"MAHENDRAGANJ (TURA PLAIN)"
TURP0011,"MAHENDRAGNAJ"
TUR1001,"MAHENDRAGNAJ"
MA01040,"MAHESH MATI"
BE02539,"MAHESHKHUT"
BEG0006,"MAHESHKHUT BAZAR"
DE03024,"MAHESHMARA"
DH03097,"MAHESHMUNDA"
DE03086,"MAHESHPUR"
UT01753,"MAHESHPUR"
BEG0015,"MAHESHPUR"
KA00350,"MAHESHTALA"
EA00304,"MAHESHTALA"
GA02485,"MAHIDPUR"
RA02907,"MAHILONG"
DA01687,"MAHIPAL"
MOG0014,"MAHIPALPUR"
EAS0005,"MAHISADAL"
LA03236,"MAHISARI CHOWK SIKANDRA ROAD"
KR00779,"MAHISBATHAN"
LA03328,"MAHISERI CHOWK SIKANDRA ROAD"
EA00270,"MAHISHADAL"
SA02259,"MAHISHI"
SUP0011,"MAHISHI"
KRI0006,"MAHISHNANGRA"
BEG0013,"MAHNA"
SA02848,"MAHNAR"
SIW0004,"MAHPUR"
SI02695,"MAHRAJGANJ"
GA02519,"MAHRAJGANJ"
DE03052,"MAHRO MORE"
DA02147,"MAHTHAUR"
SA02849,"MAHUA"
DH03169,"MAHUDA"
DH03170,"MAHUDA MORE"
HOJA0006,"MAHUR"
NCHI0004,"MAHUR"
OTH0201,"MAHUR"
NGN3201,"MAHUR"
OTH0410,"MAHUR (N C HILLS)"
LA03276,"MAI DARIYAPUR"
LA03275,"MAI,SITAKUND ROAD"
NGN3301,"MAIBANG"
NCHI0005,"MAIBANG"
OTH0407,"MAIBONG (N C HILLS)"
NTNE098,"MAIKHULI"
JA01606,"MAINAGURI"
NTWB043,"MAINAGURI"
JA01613,"MAINAGURI NATUN BAZAR"
JA01607,"MAINAGURI ROAD"
NTWB184,"MAINAGURI- JALPAIGURI"
NTWB078,"MAINGAGURI"
RA00937,"MAINGATE"
SHI1201,"MAIRANG"
SI02696,"MAIRWA"
KR00780,"MAJDIA"
KR00781,"MAJHERGRAM"
DA01639,"MAJHIAR"
BUR0099,"MAJHIGRAM"
KI02745,"MAJHOLIA"
BE02540,"MAJHOUL"
WA01995,"MAJORGANJ"
MU02205,"MAJORGANJ"
JOR0801,"MAJULI"
OTH0196,"MAJULI"
MA01033,"MAKAIAYA"
KO00455,"MAKARDAH"
SHA0052,"MAKARDAH"
MA01085,"MAKDAM PUR"
GA02382,"MAKDUMPUR"
SA02858,"MAKER"
CH02660,"MAKER"
SI01559,"MAKHA"
MO00874,"MAKHALPUR"
WA01871,"MAKHAR"
GA02486,"MAKHDUMPUR"
LNA0901,"MAKHIBAHA"
LOWT0022,"MAKHIBAHA"
DH03106,"MAKHMARGO"
RA02948,"MAKMANDRO"
LDH1701,"MAKRIJHORA"
LOWO0042,"MAKRIJHORA"
TIN0022,"MAKUM"
OTH0049,"MAKUM"
TIN1301,"MAKUM"
DIB26,"MAKUM BATTALION"
DIB0026,"MAKUM BATTALION"
TIN0023,"MAKUM BATTALION"
TIN0024,"MAKUM ROAD"
TIN1401,"MAKUM ROAD"
BNK0013,"MAKURGRAM"
LA03270,"MAKWA JORNI"
LA03329,"MAKWA, ASARGANJ"
JA015781,"MAL"
BUR0104,"MALAMBA"
KA00391,"MALANCHA"
KO20014,"MALANCHA"
KO00538,"MALANCHA"
DAK0006,"MALANCHA"
MO00905,"MALANCHA."
MA01041,"MALANCHOPALLY"
RA00938,"MALANDIGHI"
MA01209,"MALATI PUR"
KO00663,"MALATIPUR"
BHL0025,"MALAYPUR"
LA03221,"MALAYPUR JAMUI"
DRP0127,"MALBAZAR"
DA01385,"MALBAZAR"
JA01608,"MALBAZAR"
ALI00161,"MALBAZAR"
NTWB047,"MALBAZAR"
NTWB044,"MALDA"
MAL026,"MALDA"
DN08DUM01,"MALDA"
RDL008,"MALDA"
OTH0358,"MALDA"
DH03218,"MALDA"
MA01257,"MALDA"
MA01042,"MALDA"
OTH0700,"MALDA (MALDA)"
MA01058,"MALDA , ALAMPUR"
MA01044,"MALDA , CHANCHAL"
MA01210,"MALDA , CHANCHAL"
MA01078,"MALDA , SAMSI"
MA01247,"MALDA ,CHANCHAL"
MA01105,"MALDA ,KATLAMARI"
MA01099,"MALDA ,KHOPAKATI"
MA01080,"MALDA ,KUMARGANJ"
MA01097,"MALDA ,MANIKCHAK"
MA01093,"MALDA ,NURPUTR"
MA01211,"MALDA ,SAMSI"
MA01212,"MALDA ,VALUKA"
MA01106,"MALDA .CHANCHAL"
MA01053,"MALDA TOWN"
MA01065,"MALDA, HOSPITAL MORE"
MA01060,"MALDA,ADINA"
MA01054,"MALDA,AGURA"
MA01213,"MALDA,AMRITY"
MA01214,"MALDA,AMRIY"
MA01101,"MALDA,DURGA MORE,ARAPUR"
MA01049,"MALDA,JHOLJHOLIA"
MA01038,"MALDA,KALITOLA"
MA01057,"MALDA,KOLKIMORE"
MA01055,"MALDA,KUMARGANJ"
MA01215,"MALDA,KURSHIDA"
MA01037,"MALDA,MANIKCHAK,AMBAGAN"
MA01081,"MALDA,MILKI"
MA01102,"MALDA,MIRJATHPUR"
MA01216,"MALDA,MOHANANDA POLLY"
MA01107,"MALDA,MOTHURAPUR"
MA01046,"MALDA,ROTHBARI"
MA01217,"MALDA,SAMSI,BHAGONERY"
MA01066,"MALDA,SATHGACHI,"
MA01094,"MALDA,TUL;SHIHATA,HORISHCHANDRAPUR"
MA01039,"MALDA.MANIKCHAK"
BUR0142,"MALDANGA"
JAL0028,"MALHATI MORE"
GA02334,"MALHCHAK"
MO00875,"MALIA"
KR00782,"MALIAPOTA"
GHY1401,"MALIBARI"
GUWR0027,"MALIBARI"
GUWU0034,"MALIGAON"
GHY6901,"MALIGAON"
OTH0139,"MALIGAON"
OTH0450,"MALIGAON (GUWAHATI URBAN)"
DA02085,"MALIN TOLA LAUKHA"
BEG0021,"MALINAGAR"
BE02564,"MALIPUR"
SA02776,"MALLI NAGAR"
MA01143,"MALLIK PARA"
SA02798,"MALLPUR"
DA02148,"MALMAL"
KO20050,"MALOTIPORE"
SIL2601,"MALUGRAM"
SILC0031,"MALUGRAM"
WA01882,"MAMARKI"
DH03210,"MAMARKUDAR"
DH03207,"MAMARKUDUR"
BUR0157,"MAMUDPUR"
DIB0011,"MANCOTTA"
DIB11,"MANCOTTA"
OTH0616,"MANDAI (AGARTALA)"
BA00036,"MANDALKULI"
RA02927,"MANDAR"
OTH0517,"MANDERDISHA (N C HILLS)"
LBA1301,"MANDIA"
LOWT0023,"MANDIA"
EA00271,"MANDIR BAZAR"
KA00379,"MANDIR BAZAR"
DE03003,"MANDIR MORE"
OTH0425,"MANDU (MANIPUR)"
AGR0019,"MANDWI"
PA02724,"MANER"
MA01068,"MANGAL ARI, PELPARA"
MA01218,"MANGALBARI"
TEZ2401,"MANGALDOI"
OTH0136,"MANGALDOI"
TEZ1701,"MANGALDOI2"
DA01649,"MANGALPUR"
SI01550,"MANGAN"
NAG1701,"MANGKOLEMBA"
TA03357,"MANGO"
BHL0026,"MANGO BANDER JAMUI"
BUR0012,"MANGRUL"
DH03132,"MANIA TAND"
BHL0027,"MANIADDA JAMUI"
TA03364,"MANIFIT"
DA02149,"MANIGACHHI"
DAR0015,"MANIGACHI"
KAT0008,"MANIHARI"
KA02618,"MANIHARI"
MU02248,"MANIHARI."
MA01069,"MANIK CHAWK , MOHANA, MALDA"
MA01219,"MANIKCHAK"
MA01021,"MANIKCHWAK"
WES0062,"MANIKPARA"
GA02487,"MANIKPUR"
LOWO0073,"MANIKPUR"
LBA1401,"MANIKPUR (BARPETA)"
LOWT0024,"MANIKPUR (BARPETA)"
LOWO0043,"MANIKPUR (BONGAIGAON)"
LBO1601,"MANIKPUR (BONGAIGAON)"
KO00539,"MANIKTALA"
NTNE087,"MANIPUR"
MAN3901,"MANIPUR UNIVERSITY"
KARB0001,"MANJA"
NGN0004,"MANJA"
OTH0569,"MANJA (NAGAON)"
SI02697,"MANJHA"
DH03123,"MANJHANE"
BEG0022,"MANJHAUL"
PUR0005,"MANJHELI"
KA02619,"MANJHELI"
CH02661,"MANJHI"
LDH1801,"MANKACHAR"
LOWO0044,"MANKACHAR"
OTH0221,"MANKACHAR"
LA30002,"MANKACHAR"
OTH0579,"MANKACHAR - ML (TURA PLAIN)"
BA00037,"MANKANALI"
BU00203,"MANKAR"
MO00906,"MANKUNDU"
WA01936,"MANOHARBIGHA"
TA03395,"MANOHARPUR"
WES0049,"MANOHARPUR"
GA02488,"MANPUR"
DH03107,"MANSADIH"
KA02620,"MANSAHI"
KAT0012,"MANSAHI"
CO01506,"MANSAI"
BUR0013,"MANSATALA"
BE02541,"MANSI"
BE02563,"MANSUR CHAK"
BU00204,"MANTESWAR"
OTH0118,"MANTRIPUKHRI"
MAN1001,"MANTRIPUKHRI"
DHA0301,"MANU"
OTH0683,"MANU (DHARMANAGAR)"
OTH0666,"MANUGHAT (DHARMANAGAR)"
TAT0003,"MANUSHMURIA"
LA03245,"MANYADDA JAMUI"
BE02542,"MARAIYA"
KA02621,"MARANGA"
PUR0012,"MARANGA"
GA02343,"MARANGPUR"
GA02308,"MARANPUR"
BE02543,"MARAR"
RA02999,"MARAR"
WES0045,"MARATALA"
SA02260,"MARAUNA"
TIN2101,"MARGHERITA"
TIN0025,"MARGHERITA"
BI00123,"MARGRAM"
CH02662,"MARHAURA"
JOR0001,"MARIANI"
KO10006,"MARICHA"
CO01520,"MARICHBARI-MATHURA"
AL01532,"MARICHBARI-MATHURA"
OTH0244,"MARIYANI"
OTH0594,"MARIYANI (JORHAT)"
RA02995,"MARKACHO"
UTT0008,"MARNAI"
DIB5001,"MARUARYPATTY"
MUZ0017,"MARWAN (MFP)"
DE03053,"MARWARI CHOWK"
DE03054,"MASALIYA"
OTH0255,"MASALPUR"
LNA1001,"MASALPUR"
LOWT0025,"MASALPUR"
GA02489,"MASAUDHI"
PA02725,"MASAURHI"
CH02663,"MASHRAKH"
SIL3101,"MASIMPUR"
SILC0032,"MASIMPUR"
OTH0600,"MASIMPUR (SILCHAR - CACHAR)"
LA03330,"MASKSUSPUR"
KO00664,"MASLANDAPUR"
KIS0042,"MASTANCHOWK"
LA03331,"MASUMGANJ"
UDI4001,"MATABARI"
UDI0801,"MATABARI-1"
UDI0901,"MATABARI-2"
LA03284,"MATADIH,PAHARPUR"
BA00038,"MATGADA"
CO01485,"MATHABHAGA ROAD"
NTWB082,"MATHABHANGA"
CO014881,"MATHABHANGA I"
CO01487,"MATHABHANGA ROAD"
CO01488,"MATHABHANGA TOWN"
AL01524,"MATHABHANGATOWN"
JAL0002,"MATHACULKA"
BIR0062,"MATHBOISURI"
GHY3001,"MATHGHARIA"
GUWU0035,"MATHGHARIA"
BIR0040,"MATHPALSA"
BE02586,"MATHURAPUR"
GA02512,"MATHURAPUR"
SIB1601,"MATHURAPUR"
KA00351,"MATHURAPUR"
MA01220,"MATHURAPUR BAZAR, MANIK CHAWK, MALDA"
MA01103,"MATHURAPUR BUS STAND, MALDA"
MA01082,"MATHURAPUR ROAD, MALDA"
MA01091,"MATHURAPUR, MALDA"
SA02834,"MATHURAPUR."
KO00540,"MATIA"
LGL0901,"MATIA"
KO00695,"MATIA"
LOWO0045,"MATIA"
LA30005,"MATIA"
OTH0588,"MATIA (LOWER ASSAM 1)"
OTH0085,"MATIA (NT)"
KR00783,"MATIARY"
DRP0059,"MATIGARA"
DRP0163,"MATIGARA"
DRH0163,"MATIGARA"
DA01317,"MATIGARA"
DRJ0034,"MATIGARA"
DRH0059,"MATIGARA"
DRP00191,"MATIGARA"
NTWB003,"MATIGARA"
NTWB096,"MATIGARA, DARJEELING"
JAL0049,"MATIGARA-JALPAIGURI"
NTWB094,"MATIGHARA"
BE02544,"MATIHANI"
SIL4401,"MATIJURI"
SILH0013,"MATIJURI"
UT01754,"MATIKUNDA"
BU00205,"MATISWAR"
LAX0008,"MATIYA"
LA03332,"MATIYA JAMUI"
ARA0007,"MATIYARI"
KIS0059,"MATIYARI"
DH03155,"MATKURIYA"
DUM0025,"MAU"
SHI0101,"MAWKYNREW"
SHI1501,"MAWKYRWAT"
SHI1601,"MAWKYRWAT2"
NTNE040,"MAWLAI"
SHI0501,"MAWLAI MATAWAR"
SHI0601,"MAWPHLANG"
OTH0688,"MAWPHLANG (SHILLONG)"
SHI0201,"MAWRYNGKNENG"
SHI1701,"MAWSHYNRUT"
SHI0701,"MAWSYNRAM"
SHI1801,"MAWTHADRAISHAN"
RA00939,"MAYABAZAR"
GUWU0036,"MAYANG"
GHY0018,"MAYANG"
OTH0529,"MAYANG (MORIGAON)"
MAN4101,"MAYANG IMPHAL"
WA01976,"MAYAPUR"
BUR0050,"MAYAPUR"
KR00784,"MAYAPUR"
NTWB069,"MAYNA"
JA01610,"MAYNAGURI"
NTWB053,"MAYNAGURI"
JAL0029,"MAYNAGURI ROAD"
BA00039,"MAYNAPUR"
WES0026,"MAYTA,GORBETA"
BI00124,"MAYURESWAR"
TEZ1601,"MAZBAT"
BI00125,"MD.BAZAR"
OTH0305,"MEBO"
EA00272,"MECHEDA"
LIK0601,"MECHUKA"
KR00785,"MEDIA"
DA01313,"MEDICAL"
DRH0055,"MEDICAL"
DRP0055,"MEDICAL"
EA00305,"MEDINIPUR"
WE00988,"MEDINIPUR"
OTH0367,"MEDZIPHEMA (NAGALAND)"
WA01937,"MEHARPAR"
DA01642,"MEHENDIPARA"
SILC0033,"MEHERPUR"
SIL2801,"MEHERPUR"
OTH0313,"MEHERPUR"
UT01728,"MEHESHPUR"
WA01864,"MEHUSMORE"
BA00040,"MEJIA"
NTWB077,"MEKHILIGANJ"
JA01611,"MEKHLIGANJ"
COC014761,"MEKHLIGANJ"
LOWT0026,"MELABAZAR"
LNA2101,"MELABAZAR"
UDI1001,"MELAGARH"
UDI1101,"MELAGHAR"
OTH0551,"MELAGHAR (UDAIPUR)"
BUR0097,"MELATALA"
SIK0003,"MELLI"
EA00291,"MEMARI"
BU00206,"MEMARI"
TUR1101,"MENDIPATHAR"
OTH0200,"MENDIPATHAR"
TURH0029,"MENDIPATHAR"
TURP0012,"MENDIPATHAR"
OTH0040,"MENDIPATHAR (ASSAM-NT)"
OTH0482,"MENDIPATHAR - ML (TURA PLAIN)"
GOL0401,"MERAPANI"
NAG1201,"MERAPANI"
DIB0050,"MERBIL MAJULI"
RA02974,"MERU"
JAL0009,"MES CHOWPATHI"
WA01938,"MESKAUR"
BIR0068,"METALA"
JA01618,"METELI"
JAL0001,"METELI"
NTWB133,"METELLI"
CH02671,"METHWALIYA"
KAL0013,"METIABURUZ"
MA01095,"MIAHAT"
APT0301,"MIAO"
WES0039,"MIDNAPUR"
KO00687,"MILAN MORE"
DA01386,"MILAN MORE"
KA00352,"MILAN MORE"
DRP0128,"MILAN MORE"
DIB21,"MILAN NAGAR"
MA01185,"MILANGAR"
DIB3101,"MILANNAGAR"
DIB0021,"MILANNAGAR"
MA01221,"MILKY"
WA01939,"MINA BAZAR"
MUZ0018,"MINAPUR (MFP)"
KR00786,"MIRA"
SI02704,"MIRGANJ"
DA01320,"MIRIK"
DRP0062,"MIRIK"
NTWB149,"MIRIK"
JAL00501,"MIRIK"
DRH0062,"MIRIK"
JAL0050,"MIRIK-JALPAIGURI"
BIR0067,"MIRITI"
MA01178,"MIRJAD PUR"
LA03239,"MIRJAGANJ,ALIGANJ ROAD"
DH03117,"MIRJAGUNJ"
BH01790,"MIRJANHAT"
BUR0039,"MIRJAPUR"
DA02059,"MIRJAPUR CHOWK"
TUR3401,"MIRJUMLANAGAR"
TURP0013,"MIRJUMLANAGAR"
BU00207,"MIRPUR"
GUWR0028,"MIRZA"
GHY1901,"MIRZA"
DUM0042,"MIRZAPUR"
BA00073,"MIRZAPUR"
MU01389,"MIRZAPUR"
WA01979,"MIRZAPUR"
KIS0031,"MIRZAPUR"
LA03277,"MIRZAPUR BARDAHA"
LA03238,"MISHAN CHOWK SIKANDRA"
KO20031,"MISIA"
OTH0037,"MISSAMARI"
OTH0604,"MISSAMARI (TEZPUR)"
WA01940,"MISSION CHOK"
AIZ8501,"MISSION VENG"
DAK0002,"MISSSION MOE BAZAR"
MA01150,"MITNA"
NTNE088,"MIZORAM"
BA00041,"MODANMOHANPUR"
BUR0117,"MODHPUR"
DIB0002,"MODHUTING"
MA01125,"MODIPUKUR"
WA01941,"MOGALKUWA"
MO00876,"MOGRA"
DA01379,"MOGRADANGI"
DRP0121,"MOGRADANGI"
KA00353,"MOGRAHAT"
KO00688,"MOGRAHAT"
NTWB095,"MOHAMMEDPUR, DALKHOLA"
MA01187,"MOHANANDATOLA"
OTH0054,"MOHANBARI"
DIB3201,"MOHANBARI"
OTH0680,"MOHANBARI (DIBRUGARH)"
UDI4401,"MOHANBHOG"
LA03291,"MOHANGANJ"
DIB0044,"MOHANGHAT"
EA00306,"MOHANPUR"
KO00456,"MOHANPUR"
AGR1201,"MOHANPUR"
DE03084,"MOHANPUR"
KAL0015,"MOHANPUR"
SHA0053,"MOHANPUR"
OTH0069,"MOHANPUR"
OTH0044,"MOHANPUR (LEMBUCHERRA)"
SA02835,"MOHANPUR."
OTH0783,"MOHARIPARA (GUWAHATI RURAL)"
OTH0089,"MOHISASHAN"
RA00941,"MOHISHILA"
RA00940,"MOHISHILA"
NTWB076,"MOHIT NAGAR"
NTWB174,"MOHIT NAGAR- JALPAIGURI"
BE02555,"MOHOMMADPUR"
DA01675,"MOHONAR HAT"
MA01222,"MOINA"
EAS0011,"MOINA"
OTH0045,"MOING VILLAGE"
KA00354,"MOIPITH"
MOR0006,"MOIRABARI"
NGN1201,"MOIRABARI"
MAN5201,"MOIRANG"
MAL022,"MOJAMPUR"
LAX0006,"MOKAMA"
MA01086,"MOKDUMPUR"
NAG0701,"MOKOKCHUNG"
JOR1901,"MOKOKCHUNG"
DIB0046,"MOKULBARI"
BA00042,"MOLIAN"
KR00787,"MOLICHAGARH"
DAN0029,"MOLLAHAT"
SHA0086,"MOLLAHAT"
BI00126,"MOLLARPUR"
DIB19,"MOLOKHUBASA"
DIB0019,"MOLOKHUBASA"
KO20021,"MOLOYPUR"
BUR0052,"MOLOYPUR"
OTH0311,"MON"
NAG0801,"MON"
OTH0571,"MON (NAGALAND)"
GUWR0029,"MONAKUCHI"
GHY0401,"MONAKUCHI"
EA00273,"MONGLAMARO"
BUR0036,"MONIRAMBATI"
TAT0007,"MONOHARPUR"
BU00208,"MONTESHWAR"
BUR0128,"MONTESWAR"
OTH0023,"MONUGHAT"
RA02923,"MORABADI"
JOR2001,"MORABAZAR"
DIB0201,"MORAN"
OTH0179,"MORAN"
NDL033,"MORAN"
OTH0067,"MORANHAT"
OTH0444,"MORANHAT - DIB (DIBRUGARH)"
OTH0151,"MORANJANA"
BNK0001,"MORAR"
GA02425,"MORARPUR"
MUZ0019,"MORAUL (MFP)"
MAN5701,"MOREH"
GA02330,"MORGAW"
MU01433,"MORGRAM"
DHEM0005,"MORIDHOL"
NLP1301,"MORIDHOL"
NGN1301,"MORIGAON"
NTNE074,"MORIGAON"
MOR0007,"MORIGAON"
OTH0669,"MORIGAON (MORIGAON)"
LGL1001,"MORNOI"
LOWO0046,"MORNOI"
SA02777,"MORWA"
MAN1101,"MOTBUNG"
BNK0007,"MOTGODA"
MAL027,"MOTHABARI"
MA01223,"MOTHURA PUR"
KIS0053,"MOTIHARA"
MUZ00201,"MOTIPUR"
MUZ0020,"MOTIPUR (MFP)"
KO00457,"MOUBESIA"
SHA0054,"MOUBESIA"
KO00541,"MOULALI"
JA01609,"MOULANI"
DIB0004,"MOUMARI"
KO00458,"MOURIGRAM"
SHA0055,"MOURIGRAM"
EA00274,"MOYNA"
MA01249,"MOYNA"
BA00043,"MOYNAPUR"
MA01077,"MUCHIA"
EA00275,"MUGBERIA"
WA01821,"MUJHWAY"
WA01909,"MUJHWAY ROAD"
LNA1101,"MUKALMUA"
LOWT0027,"MUKALMUA"
SHA0056,"MUKHERJEE LANE"
KO00459,"MUKHERJEE LANE"
GUWR0045,"MUKTAPUR"
SA02819,"MUKTAPUR"
GHY7701,"MUKTAPUR"
BUR0011,"MUKTARPUR"
MO00877,"MUKTIKURI"
NTWB109,"MUKULDANGA, ATPUKHARI"
KA00355,"MUKUNDAPUR"
KO00689,"MUKUNDAPUR"
KR00788,"MUKUNDOPUR"
BUR0077,"MULLUK KENELPUL"
BI00127,"MULUK"
WES0013,"MUNDUMARI"
LA03269,"MUNGER"
AGR0027,"MUNGIAKAMI"
DA01338,"MUNGPOO"
DRH0080,"MUNGPOO"
JAL0055,"MUNGPOO-JALPAIGURI"
LA03283,"MUNGURWA"
UDI1201,"MUNICIPALTY"
JAL0012,"MUNSHIMORE"
KO00460,"MUNSIRHAT"
SHA0057,"MUNSIRHAT"
OTH0269,"MUPA"
PUR0075,"MURADIH"
DH03142,"MURAIDIH"
WA01917,"MURAINA"
DA01322,"MURALIGANJ"
BI00128,"MURARAI"
BI00129,"MURARI"
KO20013,"MURARISA"
BU00209,"MURATIPUR"
GA02455,"MURGIYA CHAK"
RA02949,"MURGU"
RA02953,"MURHU"
RA02946,"MURI"
DA02150,"MURIYA"
NLP1401,"MURKONG SELEK"
DHEM0007,"MURKONG SELEK"
GA02490,"MURLI MORE"
BEG0017,"MURLI TOL"
SA02261,"MURLIGANJ"
SUP0013,"MURLIGANJ"
KA02642,"MURLIGANJ"
SA02262,"MURLIGUNJ"
SUP0014,"MURLIGUNJ"
RA02929,"MURMA"
KR00789,"MUROGACHA"
GOL0010,"MURPHULONI"
GOL10,"MURPHULONI"
NTWB135,"MURSHIDABAD"
TA03389,"MUSABANI"
GA02337,"MUSAILA , MOHANPUR"
MUZ0021,"MUSHAHARI (MFP)"
MUZ0041,"MUSHARI"
SA02778,"MUSHGHARAI"
MU02243,"MUSHGHARAI"
SA02823,"MUSHTAFFAPUR"
GA02491,"MUSSI"
BU00210,"MUTHADANGA"
BUR0049,"MUTHADANGH"
EW01DUM01,"MUZAFFARPUR"
SHI0801,"MYLLIEM1"
SHI0301,"MYLLIEM2"
SHI0401,"MYLLIEM3"
NTNE094,"N C HILLS"
OTH0329,"N C HILLS"
BU00211,"NABABHAT"
KR00790,"NABADWIP"
NTWB137,"NABAGRAM"
BIR0027,"NABAGRAM"
BNK0015,"NABASON"
LNA1201,"NABASTI"
LOWT0028,"NABASTI"
MA01026,"NABINAGAR"
EA00276,"NACHINDA"
BU00212,"NADANGHAT"
GA02492,"NADAUL"
NTWB166,"NADIA"
GA02493,"NADIYAWA,KAKO ROAD"
TEZ0101,"NADUAR"
BISW0007,"NADUAR"
NTWB103,"NAGA, MANGAN"
KR00791,"NAGADI"
NTNE085,"NAGALAND"
MAN5901,"NAGAMAPAL"
NTNE041,"NAGAON"
NDL021,"NAGAON"
OTH0439,"NAGAON (NAGAON)"
NGN0005,"NAGAON OFFICE"
NGN2501,"NAGAON TOWN"
GHY1501,"NAGARBERA"
GUWR0030,"NAGARBERA"
OTH0468,"NAGARBERA (GUWAHATI RURAL)"
KO00590,"NAGARUKHRA"
KO00665,"NAGARUKHRA"
KR00826,"NAGARUKHRA."
OTH0032,"NAGATILA"
OTH0720,"NAGATILA (SILCHAR - CACHAR)"
KO00542,"NAGERBAZAR"
KR00792,"NAGHADI"
NAG0901,"NAGINIMORA"
CH02664,"NAGRA"
JA01612,"NAGRAKATA"
NTWB046,"NAGRAKATA"
NTWB214,"NAGRAKATA- ALIPURDUAR"
NTWB202,"NAGRAKATA- JALPAIGURI"
ALI0020,"NAGRAKATA-ALIPURDUAR"
RA02947,"NAGRI"
LOWT0029,"NAGRIJULI"
LNA1301,"NAGRIJULI"
GUWR0043,"NAGRIJULI"
NAG0003,"NAHARBARI"
OTH0026,"NAHARKATIA"
DIB1001,"NAHARKATIA"
OTH0380,"NAHARKATIA (DIBRUGARH)"
OTH0250,"NAHARLAGAN"
OTH0066,"NAHARLAGAN(AP)"
OTH0487,"NAHARLAGAN(AP) (AP - BANDERDEWA)"
OTH0277,"NAHARLAGUN"
BAN0401,"NAHARLAGUN"
WA01942,"NAHARPAR"
GA02494,"NAI BAZAR"
KO00591,"NAIHATI"
KO00666,"NAIHATI"
CO01490,"NAJIRHAT ROAD"
DA01657,"NAJIRPUR"
KRI0001,"NAJIRPUR"
DA02060,"NAKA 5"
DA02061,"NAKA 6"
BI00130,"NAKPUR"
BI00131,"NAKPUR CHECK POST"
MO00878,"NAKSHA"
KA00356,"NAKTALA"
DH03212,"NALA"
MA01164,"NALAGOLA"
DUM0014,"NALANDA"
NTNE042,"NALBARI"
OTH0445,"NALBARI (LOWER ASSAM 2)"
LOWT0030,"NALBARI TOWN NORTH"
LNA1401,"NALBARI TOWN NORTH"
LNA1501,"NALBARI TOWN SOUTH"
LOWT0031,"NALBARI TOWN SOUTH"
UDI3901,"NALCHAR"
BI00132,"NALHATI"
BI00077,"NALHATI"
DIB3301,"NALIAPOOL"
MO00879,"NALIKUL"
KO00543,"NALTA"
OTH0634,"NALTALI (NAGAON)"
MAN5301,"NAMBOL"
SI01560,"NAMCHI"
KO00690,"NAMKHANA"
KA00357,"NAMKHANA"
RA02906,"NAMKUM"
DIB1101,"NAMRUP"
OTH0245,"NAMRUP"
OTH0433,"NAMRUP (DIBRUGARH)"
TIN0040,"NAMRUP - TINSUKIA"
NTNE043,"NAMSAI"
APT0401,"NAMSAI"
OTH0693,"NAMSAI (AP - TINSUKIA)"
SI01572,"NAMTHANG"
SIB2401,"NAMTI"
OTH0544,"NAMTI (SIBSAGAR)"
LA03280,"NAND LAL BOSE CHOWK N.KHARAGPUR"
MO00880,"NANDA"
EA00277,"NANDAKUMAR"
BUR0060,"NANDANPUR"
EAS0010,"NANDIGARAM"
EA00278,"NANDIGRAM"
TUR3701,"NANGALBIBRA"
OTH0295,"NANGALBIBRA"
TURH0011,"NANGALBIBRA"
OTH0682,"NANGALBIBRA (TURA HILLS)"
BI00133,"NANOOR"
MUZ0022,"NANPUR"
WA01842,"NANUA"
DIB0052,"NAOHOLIA"
OTH0577,"NAOJAN - NAGAON (NAGAON)"
BEG0027,"NAOKOTHI"
DA02151,"NARAIYA LAUKHI"
WES0038,"NARAJOLE"
MUR0009,"NARASINGHAPUR"
MU01434,"NARASINGHAPUR"
GA02453,"NARAUNI"
GA02495,"NARAYAN CHUHA"
COO0008,"NARAYANGANJ"
EA00307,"NARAYANGARH"
WE00989,"NARAYANGARH"
BHL0012,"NARAYANPUR"
KO20025,"NARAYANPUR"
DA01624,"NARAYANPUR"
BI00158,"NARAYANPUR"
BIR0052,"NARAYANPUR"
NLP0501,"NARAYANPUR"
DH03219,"NARAYANPUR"
OTH0073,"NARAYANPUR"
OTH0087,"NARAYANPUR (NT)"
OTH0602,"NARAYANPUR - NLP (LAKHIMPUR)"
MA01153,"NARAYANPUR, MALDA"
WA01943,"NARDIGANJ"
KA00358,"NARENDRAPUR"
NDL022,"NARENGI"
GUWU0037,"NARENGI"
GHY2401,"NARENGI"
A101DUM03,"NARENGI (GGU)"
OTH0728,"NARENGI (GUWAHATI URBAN)"
JAL0048,"NARESH MORE"
SA02792,"NARHAN ESTATE"
WA01833,"NARHAT"
WA01885,"NARHAT RAOD"
WA01905,"NARHAT ROA"
WA01944,"NARHAT ROAD"
DA02077,"NARHIYA BAJAR"
DA02152,"NARI"
WA01902,"NARIMORE"
KIS0012,"NARPATGANJ"
ARA0018,"NARPATGANJ"
WA01890,"NARSANDA"
JAL0004,"NARSHINGPUR"
NTWB144,"NARSHINGPUR"
SILC0034,"NARSINGPUR"
SIL2101,"NARSINGPUR"
OTH0419,"NARSINGPUR (SILCHAR - CACHAR)"
NLP2701,"NARUATHAN"
MU02200,"NARWARA"
DE03068,"NASEEPUR"
MU01435,"NASHIPUR"
MO00881,"NASIBPUR"
CO01507,"NATABARI"
EA00308,"NATAGARH"
KO00544,"NATAGARH"
MO00904,"NATAGARH."
GA02496,"NATESHAR"
BH01791,"NATHNAGAR"
JAL0059,"NATHUA"
NTWB079,"NATHUAGHAT"
SILC0035,"NATIONAL HIGHWAY"
SIL2501,"NATIONAL HIGHWAY"
OTH0710,"NATUNBAZAR (SILCHAR - HAILAKANDI)"
RA00942,"NATUNDANGA"
PUR0067,"NATUNDIH"
KR00793,"NATUNGRAM"
BUR0165,"NATUNHAT"
LAX0014,"NAUAGARHI"
PA02726,"NAUBATPUR"
BH01792,"NAUGACHIYA"
SA02263,"NAUHATTA"
OTH0246,"NAUKACHARI"
KO00461,"NAUL"
SHA0058,"NAUL"
SHA0059,"NAULHAT"
KO00462,"NAULHAT"
GA02372,"NAURU"
SI02698,"NAUTAN"
LA03333,"NAUWAGARHI"
LA03334,"NAVGAI"
DA02141,"NAVRATAN ,MARGAUNI"
GA02497,"NAWABGANJ"
WA01996,"NAWADA"
DUM0003,"NAWADA"
WA01889,"NAWADA ROAD"
LA03335,"NAWADA ROAD ALIGUNJ"
DH03156,"NAWADIH"
DH03173,"NAWAGAD"
GOL0007,"NAWJAN"
DA01325,"NAXALBARI"
DRJ0040,"NAXALBARI"
DRP0067,"NAXALBARI"
NTWB007,"NAXALBARI"
DRH0067,"NAXALBARI"
DRP0171,"NAXALBARI"
DRH0171,"NAXALBARI"
NTWB116,"NAXALBARI, DARJEELING"
CHA0001,"NAYA GAON"
DAK0001,"NAYABAZAR"
BH01793,"NAYAGAO"
WE00990,"NAYAGRAM"
CO01492,"NAYARHAT-DINHAT"
OTH0008,"NAZIRA"
SIB2301,"NAZIRA"
SHA0060,"NAZIRGUNG"
KO00463,"NAZIRGUNG"
DA02154,"NAZIRPUR"
MA01076,"NAZIRPUR, MALDA"
AL01546,"NCB-KALJANI"
CO01508,"NCB-KALJANI"
AIZ4901,"NE KHAWDUNGSEI"
RNJ0005,"NEAMATPUR"
WA01896,"NEAR BLOCK"
GA02368,"NEAR CENTRAL JAIL"
GOL0006,"NEAR COLLEGE TINIALI"
LDH1901,"NEAR HALLAKHURA POLICE POINT"
DA02139,"NEAR HEART HOSPITAL"
DE03056,"NEAR ITI,PAKUR ROAD"
DE03055,"NEAR ITI,SIRIAMADA"
LA03237,"NEAR PETROL PUMP. SIKANDRA JAMUI ROAD"
WA01945,"NEAR RAILWAY GUMTI"
GA02385,"NEAR SBI ,JEHANABAD"
WA01881,"NEAR STATION"
BIR0045,"NEAR TO MALLESWAR MANDIR"
GA02369,"NEHALPUR"
KO20040,"NEHALPUR"
DA02056,"NEHRA"
OTH0753,"NELLI (MORIGAON)"
MOR0008,"NELLIE"
NGN0002,"NELLIE"
WA01946,"NEMDARGANJ"
OTH0001,"NEPAL"
KA00359,"NEPALGUNGE"
WES0035,"NERADUEL"
KA00360,"NETRA"
GA02522,"NEURI"
KA00361,"NEW ALIPORE"
KO00696,"NEW BARRACKPORE"
KO00545,"NEW BARRACKPORE"
KO10032,"NEW BARRAKPORE"
TURP0014,"NEW BHAITBARI"
TUR1201,"NEW BHAITBARI"
MAN6001,"NEW CHECKON"
CO01481,"NEW COOCHBIHAR"
JA01614,"NEW HASIMARA"
HOJA0002,"NEW HOJAI"
NGN1001,"NEW HOJAI"
NTNE044,"NEW JALPAIGURI"
RA02873,"NEW MADHUKAM"
JAL0013,"NEW MALBAZAR"
SIL0006,"NEW SILCHAR"
SILC0036,"NEW SILCHAR"
NTWB127,"NEW TOWN"
KO00667,"NEW TOWN"
KO10005,"NEW TOWN"
KO00592,"NEW TOWN"
TURH0012,"NEW TURA"
TUR2601,"NEW TURA"
PUR0015,"NEWALAL CHOWK"
KA02625,"NEWALAL CHOWK"
RA00943,"NEYAMATPUR"
RA00907,"NEYAMATPUR"
AIZ5001,"NGOPA"
OTH0017,"NGOPA"
WA01872,"NH38BIHARSHARIF"
OTH0619,"NHPC GERUKAMUKH (LAKHIMPUR)"
OTH0620,"NHPC GERUKAMUKH-AP (AP - LIKABALI)"
MA01224,"NIAMAT PUR"
SHA0061,"NIBRA"
KO00464,"NIBRA"
TUR1301,"NIDANPUR"
TURP0015,"NIDANPUR"
DA02099,"NIDHI CHOWK"
OTH0327,"NIGLOK"
BUR0096,"NIGON"
BA00044,"NIKUNJAPUR"
SIL5801,"NILAMBAZAR"
SILK0021,"NILAMBAZAR"
OTH0570,"NILBAGAN (NAGAON)"
KO00668,"NILGUNJ ROAD"
COO0012,"NILKUTHIRHAT"
BEG0011,"NIMA, KATARMALA"
MA01145,"NIMAI SARAI"
MA01063,"NIMAISORAI"
JOR0003,"NIMATIGHAT"
OTH0676,"NIMATIGHAT (JORHAT)"
BU00213,"NIMDAHA"
WA01880,"NIMDARGANJ"
KA00362,"NIMPITH"
KO20039,"NIMTA"
KO00546,"NIMTA"
KR00794,"NIMTALA"
EA00279,"NIMTAURI"
OTH0553,"NINETH MILE - AS (GUWAHATI URBAN)"
MAN1201,"NINGTHOUKHONG"
OTH0078,"NIRJULI"
BAN0501,"NIRJULI"
SA02264,"NIRMALI"
SUP0016,"NIRMALI"
DAR0009,"NIRMALI"
SA02265,"NIRMALLI"
SUP0017,"NIRMALLI"
LA03288,"NIRPUR"
DH03166,"NIRSA"
WA01947,"NISCHALGANJ"
KA00363,"NISCHINTAPUR"
CO01494,"NISHIGANJ"
SIB0003,"NITHAIPUKARI"
SILK0022,"NIVIA"
SIL1301,"NIVIA"
MO00882,"NIYALA"
DA02155,"NIZAM CHOWK"
GA02408,"NIZAMUDDINPUR"
GA02384,"NIZAMUDINPUR"
GA02390,"NIZAMUDIPUR"
NTWB209,"NJALPAIGURI DUMPRAIL- COOCHBEHAR"
DA01327,"NJP"
DRP0069,"NJP"
DRH0069,"NJP"
JAL0047,"NJP ROAD"
NTNE091,"NLP"
6000060257,"NLP0101"
WES0028,"NOHARI,GORBETA"
OTH0161,"NOIDA"
MA01225,"NOIKANDA"
BUR0006,"NOKUNDDA"
NTWB160,"NON TRADE"
OTH0046,"NONEY"
OTH0370,"NONEY (MANIPUR)"
NTNE045,"NONGPOH"
NTNE046,"NONGSTAIN"
OTH0643,"NONGSTAIN (SHILLONG)"
SHI1901,"NONGSTOIN"
DE03064,"NONIHAT"
OTH0465,"NONOI (NAGAON)"
GUWU0038,"NOONMATI"
GHY2801,"NOONMATI"
OTH0376,"NOONMATI (GUWAHATI URBAN)"
WA01948,"NOORSARAI"
BUR0020,"NORATALA"
GHY7201,"NORTH GUWAHATI"
GUWR0031,"NORTH GUWAHATI"
OTH0740,"NORTH GUWAHATI (GUWAHATI RURAL)"
SILK0030,"NORTH KARIMGANJ"
SILK0023,"NORTH KARIMGANJ 1"
SILC0037,"NORTH KARIMGANJ 1"
SILH0014,"NORTH KARIMGANJ 1"
SIL0301,"NORTH KARIMGANJ 1"
SIL1601,"NORTH KARIMGANJ 2"
SILK0024,"NORTH KARIMGANJ 2"
OTH0190,"NORTH LAKHIMPUR"
OTH0518,"NORTH LAKHIMPUR (LAKHIMPUR)"
LOWO0047,"NORTH SALMARA"
LBO1701,"NORTH SALMARA"
NTWB169,"NORTH SIKKIM"
MU01436,"NOTIAL"
BU00214,"NOTUNHAT"
BIR0006,"NOTUNPALLY"
NLP0601,"NOWBAICHA"
KRI0007,"NRISINGHADEBTALA"
OTH0716,"NTPC SALAKATI (LOWER ASSAM 1)"
DA01328,"NTS MORE"
NULL,"NULL"
GOL17,"NUMALIGARH"
OTH0006,"NUMALIGARH"
OTH0471,"NUMALIGARH (GOLAGHAT)"
KA00364,"NUNGI"
KO00465,"NUNTIA"
SHA0062,"NUNTIA"
MA01136,"NUR NAGAR"
DA02107,"NURCHAK"
AIZ0012,"NURSERY"
OTH0534,"NUTAN BAZAR (UDAIPUR)"
WA01843,"NWD 5"
NTWB088,"ODLABARI"
NTWB049,"ODLABARI"
TUR1401,"OEDOBA"
TURH0022,"OEDOBA"
Office Visit,"Office Visit"
GA02498,"OKARI"
MA01226,"OLD 16 MILE"
MA01113,"OLD 18 MILE"
AGR0012,"OLD AGARTALA"
RA02874,"OLD HB ROAD"
SIL3401,"OLD LAKHIPUR ROAD"
SILC0038,"OLD LAKHIPUR ROAD"
NTWB064,"OLD MALDA"
MA01227,"OLD MALDA"
WA01977,"OLIPUR"
MO00883,"OLIPUR"
AGR1301,"OMPI"
BA00045,"ONDA"
NTWB104,"OODLABARI"
JA01615,"OODLABARI"
COO0023,"OODLABARI-COOCHBIHAR"
WA01876,"OPE"
OTH0206,"ORANG"
GA02314,"ORE"
RA02970,"ORIA"
RA02912,"ORMANJHI"
GA02403,"P G ROAD"
GA02409,"P G ROAD UANTTA"
OTH0712,"P LEIKUL (N C HILLS)"
7274068492,"PA02717"
7488257486,"PA02723"
8083361375,"PA02723"
9386424793,"PA02723"
9334103393,"PA02726"
8102684022,"PA02726"
9939610575,"PA02729"
9334536353,"PA02729"
9334146753,"PA02729"
9431821429,"PA02729"
9386856837,"PA02730"
DIB13,"PAANCH ALI"
DIB0013,"PAANCH ALI"
BA00046,"PABRA"
DH03091,"PACHAMVA"
DHA1401,"PACHERTHOL"
DA02073,"PACHHIHI"
LA03336,"PACHIP ASARGANJ"
LA03337,"PACHNA ROAD"
BUR0029,"PACHRAHAMORE"
SI02699,"PACHRUKHI"
AGR1401,"PADMABIL"
KA00365,"PADMAPUKUR"
WA01829,"PADMOUL"
PUR0046,"PADUDIH"
GOL1201,"PADUMONI"
KO00547,"PAGLAHAT"
BU00215,"PAHALANPUR"
MA01169,"PAHARPUR"
EAS0001,"PAHARPUR"
GAY0009,"PAIBIGHA"
BIR0012,"PAIGARAH"
KO00548,"PAIKAN"
OTH0768,"PAIKAN - GOALPARA (LOWER ASSAM 1)"
BI00134,"PAIKAR"
BI00135,"PAIKPARA"
MA01248,"PAIKPARA"
KA00366,"PAILAN"
SIL0012,"PAILAPOOL"
SILC0039,"PAILAPOOL"
KO20065,"PAIRAGACHA"
LBA1901,"PAKABATBARI"
LOWT0032,"PAKABATBARI"
KO00549,"PAKAPOLE"
WAR0002,"PAKARIBARAWAN"
WA01887,"PAKRIBARAWA"
WA01861,"PAKRIBARAWA BAZAR"
WA01949,"PAKRIWARABA BAZAR"
GA02523,"PAKRIWARABA BAZAR"
BE02545,"PAKTHAUL"
MA01036,"PAKUA"
MA01228,"PAKUAHAT"
DE03067,"PAKUR"
DS11DUM01,"PAKURIA"
SI01561,"PAKYONG"
GHY0008,"PALARA"
GUWR0032,"PALARA"
BU00216,"PALASAN"
OTH0266,"PALASBARI"
OTH0387,"PALASBARI - KAMRUP (GUWAHATI RURAL)"
WES0059,"PALASCHABRI"
MA01179,"PALASHI,FARAKKA"
KR00795,"PALASHIPARA"
PUR0040,"PALASHKOLA"
ARA00141,"PALASI"
OTH0296,"PALATANA"
GA02518,"PALI"
WA01998,"PALI"
PA02727,"PALI"
GA02404,"PALI MOD"
PA02736,"PALI."
MOR0011,"PALIGURI"
BAN0001,"PALIN"
BUR0150,"PALISHGRAM"
BUR0115,"PALITA"
BI00136,"PALITA"
BUR0153,"PALLA COLONY"
KO00669,"PALLABAZAR"
KR00796,"PALLASYPARA"
MAN5401,"PALLEL"
DE03020,"PALOJORI"
KR00797,"PALPARA"
BUR0122,"PALSIT"
KR00798,"PALSUNDA"
KO20060,"PALTA"
KO00550,"PALTA"
OTH0697,"PALTAN BAZAR (GUWAHATI URBAN)"
BUR0046,"PAMPROSAD"
NTWB028,"PANAGARH"
RA00944,"PANAGARH"
BU00238,"PANAGARH"
BUR0113,"PANAGARH"
BEG0001,"PANAS"
NTWB152,"PANASHGURI"
JAL0030,"PANBARI"
SIB0201,"PANBECHA"
KR00799,"PANCHAKHALA"
BNK0011,"PANCHAL"
BUR0080,"PANCHANANTALA"
GA02499,"PANCHANPUR"
DNK0013,"PANCHARUL"
DAN0009,"PANCHARUL"
SAH0006,"PANCHGACHIA"
SILH0015,"PANCHGRAM"
SILC0040,"PANCHGRAM"
SIL4101,"PANCHGRAM"
OTH0420,"PANCHGRAM - AS (SILCHAR - HAILAKANDI)"
WES0043,"PANCHIAR"
WES0056,"PANCHKHURI"
BA00047,"PANCHMURA"
BUR0152,"PANCHRA"
BIR0018,"PANCHRA"
KO158,"PANCHURIA"
KO10058,"PANCHURIA"
OTH0215,"PANDA"
OTH0718,"PANDA (TURA HILLS)"
RA00945,"PANDABESWAR"
PA02728,"PANDARAKH"
DH03145,"PANDARPALA"
DA02156,"PANDASARAI"
DA02157,"PANDAUL"
DA02091,"PANDAUL ROAD,MADHUBANI"
DH03098,"PANDEYDIH"
DAR0005,"PANDOUL"
RA02884,"PANDRA"
MO00884,"PANDUA"
TEZ0008,"PANERI"
MAN4201,"PANGAI YANGDONG"
DIB16,"PANI MIRI GAON"
DIB0016,"PANI MIRI GAON"
NLP0701,"PANIGAON"
DA01335,"PANIGHATA"
DRH0077,"PANIGHATA"
KO00551,"PANIHATI"
EA00280,"PANIPARUL"
DHA1501,"PANISAGAR"
OTH0548,"PANISAGAR (DHARMANAGAR)"
DA01699,"PANISALA"
UT01755,"PANISALA"
DRP0073,"PANITANKI"
DA01331,"PANITANKI"
NTWB114,"PANITANKI MORE"
GHY1001,"PANITEMA"
GUWR0033,"PANITEMA"
TIN0026,"PANITOLA"
DIB4701,"PANITOLA"
GUWU0039,"PANJABARI"
GHY4701,"PANJABARI"
UT01756,"PANJIPARA"
BI00137,"PANRUI"
DA01655,"PANSAGAR"
EA00281,"PANSKURA"
KO00484,"PANSKURA"
DA01679,"PANTUR"
NTNE047,"PAPUMPARE"
WA01859,"PAR NAWADA"
PUR0078,"PARA"
GA02416,"PARAIYA"
BU00217,"PARAJ"
MO00885,"PARAMBUA"
KIS0028,"PARBAHA HAT"
ARA0017,"PARBAHA HAT"
BE02546,"PARBATTA"
ARA0015,"PARBHA HAT"
KIS0009,"PARBHA HAT"
MA01229,"PARBOTIDANGA"
BUR0022,"PARBOTPUR"
DH03115,"PARDIH"
BUR0132,"PARHATI"
MUZ0023,"PARIHAR"
KO10065,"PARK CIRCUS"
LA03267,"PARO LAXMIPUR ROAD"
LA03264,"PARO LAXMIPUR ROAD JAMUI"
MUZ0024,"PAROO (MFP)"
WA01988,"PARSA"
CH02665,"PARSA"
CH02666,"PARSA"
DA02082,"PARSA DHAM"
MUZ0025,"PARSAUNI"
WA01841,"PARSAUNI"
TAT0002,"PARSUDIH"
SA02266,"PARTAPGUNJ"
SUP0018,"PARTAPGUNJ"
KIS0039,"PARTKOIHAAT"
BIR0005,"PARUI"
BIR0016,"PARUL"
BU00218,"PARULIA"
BIR0038,"PARULIA"
WA01950,"PARWALPUR"
GHY0801,"PASARIA"
GUWR0034,"PASARIA"
KIS0062,"PASCHIM PALLI"
KA00367,"PASCHIM PUTYARI"
KI02746,"PASHCHIM PALLI"
BUR0008,"PASHIM PARA"
OTH0074,"PASIGHAT"
LIK0801,"PASIGHAT"
OTH0509,"PASIGHAT(AP) (AP - LIKABALI)"
BE02547,"PASRAHA"
LA03268,"PATAM EAST, NAUWAGARHI"
TA03390,"PATAMDA"
SUP0019,"PATARGHAT"
SA02267,"PATARGHAT"
WA01994,"PATARGHAT"
WA01844,"PATASANG"
EA00282,"PATASHPUR"
EA00283,"PATASPUR"
WA01951,"PATEL NAGAR"
SA02850,"PATEPUR"
CH02669,"PATHARA"
BIR0069,"PATHARCHAPRI"
DH03135,"PATHARDIH"
DA01701,"PATHARGHATA"
KO00552,"PATHARGHATA"
SIL6001,"PATHARKANDI"
SILK0025,"PATHARKANDI"
KA00368,"PATHARPRATIMA"
OTH0611,"PATHERKANDI (SILCHAR - KARIMGANJ)"
DH03139,"PATHRAKULLI"
DE03033,"PATHROL"
DE03032,"PATHROL,MADHUPUR"
OTH0188,"PATHSALA"
OTH0375,"PATHSALA (LOWER ASSAM 2)"
DA01673,"PATIRA"
DA01688,"PATIRAM"
MU01437,"PATKELDANGA"
BUR0145,"PATKELDANGA"
KIS0038,"PATKOI"
PAT0001,"PATNA CITY"
OTH0150,"PATNA CITY"
PA03403,"PATNA OFFICE"
WA01984,"PATNA SADAR"
PA02729,"PATNA SADAR"
SA02854,"PATORI"
SA02787,"PATPARA"
KR00800,"PATPUKUR"
BA00048,"PATRASAYER"
RA02939,"PATRATU"
DA01332,"PATTI COLONY"
DRP0074,"PATTI COLONY"
DRH0074,"PATTI COLONY"
KO20007,"PATULIA"
KO10017,"PATULIYA"
KO20064,"PATULIYA"
BUR0105,"PATUN"
WAR0004,"PAURA"
KI02747,"PAWA KHALI"
BH01794,"PAWAI"
KIS0045,"PAWAKHALI"
WA01952,"PAWAPURI"
KR00801,"PAYRADANGA"
PC0101,"PC scheme (ADH ENT)"
PC0109,"PC scheme (ADH ENT)"
PC0103,"PC scheme (ARI AGE)"
PC0111,"PC scheme (ARI AGE)"
PC0106,"PC scheme (ASS HAR)"
PC0114,"PC scheme (ASS HAR)"
PC0102,"PC scheme (MAH MAR)"
PC0110,"PC scheme (MAH MAR)"
PC0107,"PC scheme (NIR HAR)"
PC0115,"PC scheme (NIR HAR)"
PC0104,"PC scheme (PRA TRA)"
PC0112,"PC scheme (PRA TRA)"
PC0108,"PC scheme (RAH TRA)"
PC0116,"PC scheme (RAH TRA)"
PC0105,"PC scheme (SUB KAR)"
PC0113,"PC scheme (SUB KAR)"
DHA0019,"PECHARTHAL"
DRP0061,"PEDONG"
DRH0061,"PEDONG"
DA01319,"PEDONG"
DRJ0024,"PEDONG BAZAR"
DH03193,"PETARWAR"
GA02395,"PG ROAD UNTTA"
GAY0006,"PG ROAD UNTTA"
GA02411,"PHAILADPUR"
DA01314,"PHANSIDEBA"
DRJ0035,"PHASIDEWA"
DRH0164,"PHASIDEWA"
DRP0164,"PHASIDEWA"
NAG1601,"PHEK"
OTH0263,"PHIDING"
DIB0025,"PHILOBARI"
DIB25,"PHILOBARI"
TIN0027,"PHILOBARI"
DA02158,"PHOOLPARAS"
SA02796,"PHULAHARA"
TURP0016,"PHULBARI"
TUR1501,"PHULBARI"
OTH0440,"PHULBARI - MEG (TURA PLAIN)"
OTH0467,"PHULGURI (NAGAON)"
AIZ5101,"PHULLEN"
DAR0011,"PHULPARAS"
DA02080,"PHULPHALPARAS"
DA02159,"PHULPHARAS"
DA02081,"PHULPHRAS"
WA01983,"PHULWARI"
PA02730,"PHULWARI"
SI02700,"PHULWARIA"
DH03214,"PHUSRO"
MAL024,"PIAJI MORE"
KO00553,"PICNIC GARDEN"
BUR0072,"PILKHA KOUGHOSA"
WES0015,"PINGLA"
GA02433,"PIPAR GHATI"
BU00219,"PIPLON"
SUP0020,"PIPRA"
SA02268,"PIPRA"
MUZ0026,"PIPRAHI"
RDL013,"PIPRITHAN"
WE00991,"PIRAKATA"
MA01230,"PIRGANJ"
MA01231,"PIRGANJ, MALDA"
MA01176,"PIRHANJ, MALDA"
BH01795,"PIRPAINTI"
OTH0778,"PIRPAINTY (BHAGALPUR)"
BIR0028,"PIRTALA"
DH03101,"PIRTAND"
MAN0005,"PISHUM"
RA02881,"PISKA MORE"
RA02918,"PITHORIA"
KIS0005,"PLASHI"
ARA0001,"PLASHI"
KR00702,"PLASSEY"
KR00802,"PLASSEY"
KR00803,"PLASSEYPARA"
OTH0743,"POAMARA (SILCHAR - KARIMGANJ)"
UDI5101,"POANGBARI"
DE03071,"PODAIYAHAT"
DE03072,"PODIYAHAT"
MAL001,"POHARIYA"
OTH0337,"POHUMARA - LAKHIMPUR"
OTH0573,"POHUMARA - LAKHIMPUR (LAKHIMPUR)"
MO00886,"POINAN"
BA00049,"POKHANNA"
BNK0003,"POKHARNA"
JAL0035,"POKHRIYABONG"
DRH0154,"POKHRIYABONG"
DRP0154,"POKHRIYABONG"
DRJ0025,"POKHRIYABONG"
MO00887,"POLBA"
KO00554,"POLERHAT"
WA01848,"POLICE LINE"
DE03089,"POLICE LINE"
AIZ1601,"POLICE STATION"
KR00804,"POLIYANPUR"
KO00555,"POLTA"
MA01182,"POPRA"
MO00888,"PORABAZAR"
DA01350,"PORAJHAR"
DH03198,"PORDAAG FUSRO"
WES0030,"PORIHATI"
MAN4301,"POROMPAT"
WA01953,"POSTMARTAM ROAD"
KIS0020,"POTHIA"
KIS0044,"POTHIYA"
KIS0055,"POWAKHALI"
NTWB098,"PRADHAN NAGAR"
DA01333,"PRADHANNAGAR"
JAL0053,"PRADHANNAGAR"
DRP0075,"PRADHANNAGAR"
MU02199,"PRAHALADPUR"
KAT00141,"PRANPUR"
KAT0014,"PRANPUR"
KA02626,"PRANPUR"
DA01689,"PRANSAGAR"
KO10051,"PRATANNAGAR"
EAS0002,"PRATAPDIGHI"
SA02269,"PRATAPGANJ"
SUP0021,"PRATAPGANJ"
DUM0047,"PRATAPGARH"
RA02966,"PRATAPPUR"
DUM0041,"PRAYAGRAJ"
TA03372,"PRSUDIH"
MAL011,"PTS MORE"
BA00050,"PUABAGAN"
TEZ0601,"PUB CHAIDUAR"
BISW0001,"PUB CHAIDUAR"
LNA1601,"PUB KALAKUCHI"
LOWT0033,"PUB KALAKUCHI"
TEZ2301,"PUB MANGALDOI"
MA01254,"PUKURIA"
KR00805,"PUKURIA"
GOL0005,"PULIBOR"
MU02197,"PUNAURA"
GA02316,"PUNAWA"
PUR0047,"PUNCHA"
RA02862,"PUNDAG"
DA01690,"PUNDARI"
CO01509,"PUNDI-GOSKA"
ALI0013,"PUNDIBARI"
CO01477,"PUNDIBARI"
RA00946,"PUNJABI MORE"
PA02732,"PUNPUN"
MUZ0027,"PUPRI"
MA01172,"PUR SUJAPUR"
GOL12,"PURABANGALA"
GOL0012,"PURABANGALA"
SA02270,"PURAINI"
SUP0022,"PURAINI"
SUP00221,"PURAINI"
TUR0001,"PURAKHASIA"
TURH0013,"PURAKHASIA"
OTH0113,"PURANA KANPUR"
BA00074,"PURANDARPUR"
BIR0004,"PURANDARPUR"
MU01390,"PURANDARPUR"
MUR0005,"PURANDARPUR"
GA02373,"PURANI BIJALI COLONY"
WA01954,"PURANI BUS STAND"
DA02118,"PURANI THANA CHOWK"
MA01232,"PURBANDA GHAT"
BU00220,"PURBASTHALI"
OTH0280,"PURIANG"
OTH0644,"PURIANG (SHILLONG)"
CH02672,"PURNAHIA"
MUZ0028,"PURNAHIA"
PUR00071,"PURNEA EAST"
NTBH001,"PURNIA"
RDL017,"Purnia"
PUR0024,"PURNIA CITY"
KA02627,"PURNIA CITY"
BUR0053,"PURO"
DA02136,"PURSOLIYA"
DNK0010,"PURSURA"
DAN0001,"PURSURA"
DNK0012,"PURSURAH"
MO00889,"PURSURAH"
DAN0006,"PURSURAH"
SA02788,"PUSA"
BU00221,"PUTSURI"
SHI0901,"PYNURSLA"
OTH0281,"PYNURSLA"
DA02160,"QUILAGHAT"
DA01351,"QUILAGHATA"
DA02161,"R.K. COLLEGE ROAD"
UDI1301,"R.K. PUR"
SIL0701,"R.K.NAGAR"
SILK0026,"R.K.NAGAR"
JA01595,"RABINDRA MORE"
DRJ0026,"RABINDRA SARANI"
DRP0078,"RABINDRANAGAR"
DA01336,"RABINDRANAGAR"
OTH0762,"RADANG (SIKKIM)"
DA02102,"RADH CHOWK"
BU00222,"RADHAKANTAPUR"
EAS0003,"RADHAMONI"
KR00806,"RADHANAGAR"
KO10061,"RADHANAGAR"
MU01438,"RADHARGHAT"
DUM0037,"RAEBARELI"
SUP0023,"RAGHOPUR"
SA02271,"RAGHOPUR"
DA02193,"RAGHOPUR"
RDL012,"RAGHUNATHGANJ"
DN10DUM01,"RAGHUNATHGANJ"
NTWB139,"RAGHUNATHGANJ"
MU01439,"RAGHUNATHGUNJ"
NTWB008,"RAGHUNATHGUNJ"
NTWB117,"RAGHUNATHGUNJ,MLDA"
KO20022,"RAGHUNATHPUR"
SI02701,"RAGHUNATHPUR"
PA02733,"RAGOUPUR"
BUR0024,"RAGPUR"
NGN2601,"RAHA"
MOR0002,"RAHA -MORIGAON"
DA02162,"RAHAMKHA"
KO10019,"RAHARA"
DA02163,"RAHIKA"
BE02548,"RAHIMPUR"
DHA0029,"RAHISHYABARI"
WA01955,"RAHUI"
KO00466,"RAIDIGHI"
SHA0063,"RAIDIGHI"
EA00309,"RAIDIGHI"
KA00380,"RAIDIGHI."
UT01757,"RAIGANJ"
RDL007,"RAIGANJ"
NTWB057,"RAIGANJ"
DN06DUM03,"RAIGANJ"
OTH0691,"RAIGANJ (UTTAR DINAJPUR)"
BU00223,"RAINA"
BA00051,"RAIPUR"
BIR0072,"RAIPUR"
OTH0738,"RAISHYABARI BAZAR (DHARMANAGAR)"
DH03216,"RAJ DHANWAR"
TA03397,"RAJ NAGAR"
GA02500,"RAJA BAJAR"
SIL7401,"RAJA BAZAR"
SILC0041,"RAJA BAZAR"
TURP0017,"RAJABALA"
TUR1601,"RAJABALA"
SA02282,"RAJANPUR"
SUP0034,"RAJANPUR"
SA02851,"RAJAPAKAR"
LA03293,"RAJARANI TALAW"
KO20016,"RAJARHAT"
JAL0031,"RAJARHAT"
KO00556,"RAJARHAT"
NTWB147,"RAJARHAT"
WA01956,"RAJAUI BAZAR"
WA01845,"RAJAULI BUS STAND"
BE02552,"RAJAURA"
BEG0023,"RAJAURA"
BUR0017,"RAJBALHAT"
RA00947,"RAJBANDH"
KAL0002,"RAJBARI"
KO20068,"RAJBARI"
KO10023,"RAJBARI"
KO00670,"RAJBERIA"
NTWB150,"RAJDANGA"
DH03109,"RAJDHANWAR"
DA01339,"RAJGANG"
DA01324,"RAJGANJ"
DRP0066,"RAJGANJ"
JAL0033,"RAJGANJ"
NTWB060,"RAJGANJ"
NTWB181,"RAJGANJ- JALPAIGURI"
OTH0583,"RAJGARH (DIBRUGARH)"
DIB0301,"RAJGARH ROAD"
WA01957,"RAJGIR ROAD"
BI00138,"RAJGRAM"
DH03165,"RAJGUNJ"
MO00890,"RAJHAT"
BUR0059,"RAJHATI"
KO20020,"RAJIBPUR"
DA01691,"RAJIBPUR"
DA02068,"RAJKUMARGANJ"
SIB0004,"RAJMAI"
MA00999,"RAJNAGAR"
DAR0012,"RAJNAGAR"
BI00159,"RAJNAGAR"
BIR0065,"RAJNAGAR"
TA03398,"RAJNAGAR"
UDI4901,"RAJNAGAR"
UDI2101,"RAJNAGAR-1"
UDI2201,"RAJNAGAR-2"
KA02628,"RAJNI CHOWK"
PUR0017,"RAJNI CHOWK"
BH01796,"RAJOUN"
BE02561,"RAJOURA"
KA00392,"RAJPUR"
KO00671,"RAJPUR"
DAK0005,"RAJUYA"
RP0102,"RAKE-POINT-AZARA"
RP0105,"RAKE-POINT-BAIHATA"
RP0107,"RAKE-POINT-BARPETA"
RP0122,"RAKE-POINT-BHANGA"
RP0110,"RAKE-POINT-BOKAJAN"
RP0106,"RAKE-POINT-BONGAIGAON"
RP0103,"RAKE-POINT-CHANGSARI"
RP0112,"RAKE-POINT-DEKARGAON"
RP0121,"RAKE-POINT-DHARMANAGAR"
RP0117,"RAKE-POINT-DIBRUGARH"
RP0125,"RAKE-POINT-DIMAPUR"
RP0118,"RAKE-POINT-DULIAJAN"
RP0101,"RAKE-POINT-GUWAHATI"
RP0109,"RAKE-POINT-HAIBARGAON"
RP0113,"RAKE-POINT-HARMOTY"
RP0120,"RAKE-POINT-JIRANIA"
RP0124,"RAKE-POINT-JIRIBUM"
RP0116,"RAKE-POINT-JORHAT"
RP0104,"RAKE-POINT-KAMLAJHARI"
RP0108,"RAKE-POINT-KOKRAJHAR"
RP0115,"RAKE-POINT-LAKHIMPUR"
RP0111,"RAKE-POINT-LANKA"
RP0123,"RAKE-POINT-SALCHAPRA"
RP0114,"RAKE-POINT-SILAPATHAR"
RP0119,"RAKE-POINT-TINSUKIA"
PUR0025,"RAM BAGH"
KA02629,"RAM BAGH"
SA02281,"RAM PUR"
SA02821,"RAM PUR KACHARI"
SA02824,"RAMA CHOWK"
LA03292,"RAMANKABAD"
KO00672,"RAMCHANDRAPUR"
GUWR0035,"RAMDIA"
GHY0301,"RAMDIA"
MO00891,"RAMESWARPUR"
KA00369,"RAMGANGA"
UT01758,"RAMGANJ"
LA03338,"RAMGARH"
RAN0001,"RAMGARH"
DE03087,"RAMGARH"
RA02998,"RAMGARH."
RA02941,"RAMGHAR CANT"
BU00224,"RAMGOPALPUR"
BA00052,"RAMHARIPUR"
MOG0007,"RAMHATITOLA"
AIZ7901,"RAMHLUN NORTH"
AIZ0006,"RAMHLUN SOUTH"
WES0053,"RAMJIBANPUR"
BUR0023,"RAMJIBONPUR"
AIZ6901,"RAMLUN"
AIZ0009,"RAMLUN SOUTH"
OTH0787,"RAMMAM (SIKKIM)"
EA00284,"RAMNAGAR"
WES0051,"RAMNAGAR"
BI00157,"RAMNAGAR"
BUR0058,"RAMNAGAR"
MAL008,"RAMNAGAR"
KR00821,"RAMNAGAR"
OTH0524,"RAMNAGAR - CACHAR (SILCHAR - CACHAR)"
DA02164,"RAMPATTI"
DE03085,"RAMPUR"
LA03350,"RAMPUR"
DA01625,"RAMPUR"
BA00075,"RAMPUR"
KIS0003,"RAMPUR"
MU02202,"RAMPUR CHOWK"
OTH0725,"RAMPUR( VIJOYNAGAR) (GUWAHATI RURAL)"
BI00139,"RAMPURHAT"
NTWB163,"RAMPURHAT"
SHA0064,"RAMRAJATALA"
KO00467,"RAMRAJATALA"
BIR0037,"RAMRAMPUR"
AIZ3901,"RAMRIKAWN MZU ROAD"
BA00053,"RAMSAGAR"
OTH0160,"RAMTHAR VENG"
KR00807,"RANABANDH GHAT"
KR00808,"RANAGHAT"
RA03404,"RANCHI OFFICE"
DE03080,"RANESHWAR"
DE03026,"RANGA MORE"
MA01158,"RANGAIPUR"
GOL0008,"RANGAJAN"
JAL0010,"RANGALIBAZNA"
OTH0195,"RANGAMATI"
OTH0516,"RANGAMATI - GOLAGHAT (GOLAGHAT)"
DA01344,"RANGAPANI"
DRP0086,"RANGAPANI"
DRH0086,"RANGAPANI"
OTH0567,"RANGAPANI - WB (DARJEELING PLAINS)"
TEZ3401,"RANGAPARA"
OTH0587,"RANGAPARA (TEZPUR)"
OTH0156,"RANGIA"
GUWR0036,"RANGIA"
GHY3501,"RANGIA"
OTH0389,"RANGIA (GUWAHATI RURAL)"
OTH0109,"RANGIA (NT)"
GHY3101,"RANGIA TINIALI"
GHY3401,"RANGIA WEST"
LGL1101,"RANGJULI"
LOWO0048,"RANGJULI"
LA30004,"RANGJULI"
NTWB015,"RANGPO"
SI01562,"RANGPO"
OTH0717,"RANGPO (SIKKIM)"
NTWB124,"RANGPO, SIKKIM"
NTWB180,"RANGPO- SIKKIM"
BHL0031,"RANGRA"
BI00140,"RANGTARA"
OTH0402,"RANGTE (MIZORAM)"
BE02557,"RANI"
DE03057,"RANI BAHAL"
WA01958,"RANI BAZAR"
WA01856,"RANI BAZAR ROAD"
BA00054,"RANIBANDH"
DA01341,"RANIDANGA"
DRP0083,"RANIDANGA"
ARA0002,"RANIGANJ"
ARA0009,"RANIGANJ"
NTWB113,"RANIGANJ"
MA01256,"RANIGANJ"
KIS0030,"RANIGANJ"
RA00959,"RANIGANJ"
NTWB219,"RANIGANJ - ARARIA- BIHAR"
MA01233,"RANIGANJ, MALDA"
KI02755,"RANIGANJ."
GA02524,"RANIGANJ.."
KO00468,"RANIHATI"
SHA0065,"RANIHATI"
SHI2001,"RANIKOR"
MUR0002,"RANINAGAR"
PUR0023,"RANIPATRA"
KA02630,"RANIPATRA"
SI01563,"RANIPOOL"
MAL003,"RANIPURA"
RA00948,"RANISAYER"
SIK0012,"RANKA"
BA00055,"RANPUR"
DA02165,"RANTI"
UT01720,"RASAKHAWA"
UT01759,"RASAKHOWA"
MA01120,"RASHIDPUR"
DA01645,"RASIDPUR"
DE03058,"RASIKPUR"
BU00235,"RASULPUR"
BA00056,"RASULPUR"
DA02046,"RAT RAHI"
SIL1201,"RATABARI"
SILK0027,"RATABARI"
BE02549,"RATAN"
BE02584,"RATANPUR"
DA01700,"RATANPUR"
BA00057,"RATANPUR"
BUR0137,"RATANPUR PIRTALA"
MA01156,"RATHBARI"
MA01117,"RATHBARI BAJAR"
GA02381,"RATNI"
RA02889,"RATU"
AIZ5201,"RATU"
RA02888,"RATU ROAD"
MA01234,"RATUA"
NTWB067,"RATUA"
MA010751,"RATUA-I"
MA010961,"RATUA-II"
EA00285,"RATULIA"
KA02631,"RAUTA"
PUR0003,"RAUTA"
SI01564,"RAVANGLA"
SI01565,"RAVANGLA"
RA02890,"RAVI STEEL"
SA02793,"RAWARI"
AIZ3401,"RAWPUICHHIP"
RA02926,"RAY"
BUR0124,"RAYAN"
MU01440,"REJINAGAR"
AIZ0101,"REPUBLIC"
WE00992,"RERIPUR"
OTH0158,"RESUBELPARA"
OTH0782,"RESUBELPARA (TURA PLAIN)"
CH02667,"REVELGANJ"
SI01566,"RHENOCK"
NTNE048,"RI BHOI"
MUZ0029,"RIGA"
KA02624,"RIGA"
KA02623,"RIGA ROAD"
DE03025,"RIKHIA ROAD"
DA01343,"RIMBIK"
DRH0085,"RIMBIK"
DRP0085,"RIMBIK"
MOG0012,"RISHRA"
DH03182,"RITUDIH"
CHA0002,"RIVILGANJ"
WA01959,"RJAGIR"
WA01960,"ROH"
WA01825,"ROH BAZAR"
OTH0212,"ROHA"
OTH0464,"ROHA (NAGAON)"
MO00892,"ROHIA"
DE03011,"ROHINI"
WES0004,"ROHINI"
DUM0007,"ROHTAS"
NTNE049,"ROING"
APT0501,"ROING"
OTH0513,"ROING (AP - TINSUKIA)"
OTH0092,"ROING (NT)"
PUR0044,"ROLA"
DIB0032,"RONGAJAAN"
TIN0028,"RONGAJAAN"
TURH0014,"RONGJENG"
OTH0275,"RONGJENG"
TUR4301,"RONGJENG"
OTH0578,"RONGJENG (TURA HILLS)"
SI01555,"RONGLI"
SILC0042,"RONGPUR"
SIL2401,"RONGPUR"
OTH0133,"RONGPUR"
OTH0047,"RONGRA"
OTH0617,"RONGRA (TURA HILLS)"
TURH0015,"RONGRAM"
TUR2701,"RONGRAM"
OTH0608,"RONGRAM (TURA HILLS)"
LGL1201,"RONGSAI"
LOWO0049,"RONGSAI"
AIZ0001,"ROPAIA BAWK"
SAM0004,"ROSERA"
SA02779,"ROSHRA"
WES0054,"ROSKUNDU"
BIR0032,"ROUNDI"
MU02203,"ROUT 4"
MU02206,"ROUT 7"
MU02207,"ROUTE 1"
MU02208,"ROUTE 10"
MU02209,"ROUTE 11"
MU02210,"ROUTE 12"
MU02211,"ROUTE 2"
MU02212,"ROUTE 3"
MU02213,"ROUTE 4"
MU02214,"ROUTE 5"
MU02215,"ROUTE 6"
MU02216,"ROUTE 7"
MU02217,"ROUTE 8"
MU02218,"ROUTE 9"
TEZ1401,"ROWTA"
LIK1001,"RUKSIN"
MUZ0030,"RUNNISAIDPUR NSC"
MUZ0031,"RUNNISAIDPUR SD"
MUZ0032,"RUNNISAIDPUR SSD"
TIN0029,"RUPAI"
OTH0273,"RUPAI"
DIB0024,"RUPAI"
DIB24,"RUPAI"
OTH0452,"RUPAI (TINSUKIA)"
UDI3401,"RUPAICHARI"
WA01961,"RUPAUH"
DA02072,"RUPAULI"
GUWU0040,"RUPNAGAR"
GHY7501,"RUPNAGAR"
RA00949,"RUPNARAYANPUR"
RA00950,"RUPNARAYANPUR"
OTH0292,"RUPOHI"
BIR0073,"RUPPUR"
LDH2001,"RUPSI"
LOWO0050,"RUPSI"
LOWT0039,"RUPSI1"
LBA1501,"RUPSI1"
LBA1601,"RUPSI2"
LOWT0040,"RUPSI2"
BE02550,"S KAMAL"
DE03059,"S.P. COLLEGE ROAD"
DE03036,"S.S.M.JALAN ROAD"
9934997376,"SA02249"
9973873310,"SA02249"
9973373985,"SA02249"
9709516097,"SA02249"
7759903786,"SA02249"
8002368476,"SA02249"
9631905784,"SA02249"
8298139145,"SA02249"
9006469209,"SA02249"
9472855101,"SA02249"
9631558105,"SA02249"
9939525719,"SA02249"
7549264600,"SA02249"
9162621919,"SA02249"
9006958832,"SA02249"
9934846954,"SA02249"
9708066239,"SA02249"
9931412424,"SA02249"
9955873987,"SA02249"
8406026032,"SA02249"
6475273014,"SA02250"
9431657152,"SA02251"
9431658082,"SA02251"
9431889198,"SA02251"
9931277801,"SA02251"
9931688887,"SA02252"
9534363635,"SA02252"
9955425430,"SA02253"
9939218722,"SA02253"
9939032825,"SA02253"
9931903581,"SA02253"
9973964701,"SA02253"
9939777007,"SA02253"
9430696307,"SA02254"
6476285114,"SA02254"
9471613555,"SA02254"
9470030763,"SA02254"
9934003352,"SA02254"
9471416702,"SA02254"
9431862905,"SA02255"
9472069647,"SA02255"
9931199880,"SA02255"
9431457111,"SA02255"
9431863676,"SA02255"
9304201942,"SA02255"
9534455610,"SA02255"
8877411995,"SA02255"
9430279337,"SA02255"
9471691490,"SA02255"
9431413041,"SA02255"
8405012328,"SA02255"
8757018708,"SA02255"
9430088072,"SA02255"
9431412924,"SA02255"
9430246788,"SA02255"
9430452630,"SA02255"
9431287808,"SA02255"
7631432590,"SA02255"
9431267990,"SA02255"
9431080856,"SA02255"
9525482394,"SA02255"
9430270833,"SA02255"
9955345609,"SA02255"
9570829404,"SA02255"
9431863299,"SA02255"
9661664853,"SA02256"
9570275105,"SA02256"
9162083026,"SA02256"
9162317179,"SA02256"
9939427547,"SA02256"
9939427747,"SA02257"
9852644833,"SA02257"
9430445040,"SA02257"
9162928355,"SA02257"
7549291718,"SA02257"
9006315721,"SA02257"
9801642081,"SA02258"
9472885042,"SA02258"
7295062221,"SA02258"
9570405953,"SA02258"
9430543576,"SA02258"
9430450723,"SA02258"
9431242161,"SA02258"
9431497474,"SA02258"
9431247862,"SA02258"
9430092240,"SA02258"
9431091762,"SA02258"
9430999408,"SA02258"
9430974870,"SA02258"
9304428933,"SA02258"
06476-2233022,"SA02258"
9470216700,"SA02258"
9431254660,"SA02258"
9939631901,"SA02258"
9431440487,"SA02258"
7033754303,"SA02258"
9931488082,"SA02258"
9931414468,"SA02258"
7739632573,"SA02258"
9470217181,"SA02258"
9932566701,"SA02258"
9939031237,"SA02258"
9709950002,"SA02258"
9534309987,"SA02258"
9472840322,"SA02258"
9709897767,"SA02258"
06476-222826,"SA02258"
9973897571,"SA02258"
9431660775,"SA02258"
9801723058,"SA02258"
9934892167,"SA02258"
9431242002,"SA02258"
9431893320,"SA02258"
9709878870,"SA02259"
9472854089,"SA02259"
9771228815,"SA02259"
9006740669,"SA02259"
9006162096,"SA02259"
9798909031,"SA02259"
8409899701,"SA02259"
9431626519,"SA02259"
9771377810,"SA02260"
9931654937,"SA02260"
9576367119,"SA02260"
7870773039,"SA02261"
9431657262,"SA02261"
8298667626,"SA02261"
7250781682,"SA02261"
9006752533,"SA02261"
9934950360,"SA02261"
9570768488,"SA02261"
8877437246,"SA02261"
9572572805,"SA02261"
8877241078,"SA02261"
9939111285,"SA02262"
9631558167,"SA02262"
7766885507,"SA02262"
9955442346,"SA02263"
9431255029,"SA02263"
9470289084,"SA02263"
8292288292,"SA02263"
8210055077,"SA02263"
9973006095,"SA02263"
9431892641,"SA02263"
9931706489,"SA02263"
9934829099,"SA02263"
7549977315,"SA02263"
8210858612,"SA02264"
8969042407,"SA02264"
7782914023,"SA02264"
9934918344,"SA02265"
9934720256,"SA02265"
9263212930,"SA02265"
9955087529,"SA02265"
7549233675,"SA02265"
9934683668,"SA02265"
9709600006,"SA02266"
9155606391,"SA02266"
9661264335,"SA02266"
9431889952,"SA02267"
9006656304,"SA02267"
9431244196,"SA02268"
9771708402,"SA02268"
9431288356,"SA02268"
9534763176,"SA02268"
9430088954,"SA02268"
9431497622,"SA02268"
9431440545,"SA02268"
7779880474,"SA02268"
9431888618,"SA02268"
7545928515,"SA02268"
7280853650,"SA02268"
9939035748,"SA02269"
9931906116,"SA02269"
9835616666,"SA02269"
9973725865,"SA02270"
9931737661,"SA02270"
9934777839,"SA02270"
9431892754,"SA02270"
9431260364,"SA02271"
9939223018,"SA02271"
9431268354,"SA02271"
9431472258,"SA02271"
9472857399,"SA02271"
7250040600,"SA02271"
9431030552,"SA02271"
9006021137,"SA02271"
9801085640,"SA02271"
9801872505,"SA02271"
8292925467,"SA02271"
8292003029,"SA02271"
9472036391,"SA02271"
9431244423,"SA02271"
9709653524,"SA02271"
9430090571,"SA02271"
8002668739,"SA02271"
9470046456,"SA02271"
9471086286,"SA02271"
9431021552,"SA02271"
9431411145,"SA02272"
8434814881,"SA02272"
8051662044,"SA02272"
9473130137,"SA02272"
9470492653,"SA02272"
9473211877,"SA02272"
9470813110,"SA02272"
9931560077,"SA02272"
7079601660,"SA02272"
7250589475,"SA02272"
9430975513,"SA02272"
9973476470,"SA02272"
9472538655,"SA02272"
9431497912,"SA02272"
7549508914,"SA02272"
7549547634,"SA02272"
9472829212,"SA02272"
7992450269,"SA02272"
8434203429,"SA02272"
9770076211,"SA02272"
9308186384,"SA02272"
9431268576,"SA02272"
947561983,"SA02272"
9570102227,"SA02272"
9431863941,"SA02272"
8404996594,"SA02272"
8292140917,"SA02272"
9934096406,"SA02272"
9472274761,"SA02272"
9801840462,"SA02272"
7033288974,"SA02272"
9534549527,"SA02272"
6280160640,"SA02272"
7631685074,"SA02272"
9470076211,"SA02272"
9470016603,"SA02272"
9709498821,"SA02272"
9430018064,"SA02272"
8051565851,"SA02272"
7979822401,"SA02272"
9473499978,"SA02272"
9472032866,"SA02272"
9006745459,"SA02272"
9431288007,"SA02272"
9434203429,"SA02272"
9431810274,"SA02273"
9431080861,"SA02274"
9472850561,"SA02274"
8298330136,"SA02275"
9006095079,"SA02275"
9534470091,"SA02275"
9572140065,"SA02275"
9661087329,"SA02275"
7763022022,"SA02275"
9430045008,"SA02275"
9562913098,"SA02275"
9006113699,"SA02276"
9470046191,"SA02276"
9430428132,"SA02276"
8051681984,"SA02277"
9431262841,"SA02277"
9472653161,"SA02277"
8406873821,"SA02277"
9430636113,"SA02277"
9430970670,"SA02277"
900876509,"SA02277"
9661206335,"SA02277"
7283038480,"SA02277"
7546006113,"SA02277"
9570239232,"SA02277"
8051585694,"SA02277"
9572989625,"SA02277"
9955798092,"SA02278"
9431220041,"SA02278"
8051791306,"SA02279"
9835843827,"SA02279"
8935862913,"SA02279"
9431627268,"SA02279"
9471047209,"SA02279"
9431066718,"SA02279"
9661545875,"SA02279"
9431656643,"SA02279"
7870654431,"SA02279"
9431863566,"SA02279"
8809376724,"SA02279"
9430976894,"SA02279"
9939434253,"SA02279"
9430422251,"SA02279"
9431656648,"SA02279"
9304854569,"SA02279"
9431656955,"SA02279"
9931655634,"SA02279"
7479718446,"SA02279"
9472032865,"SA02279"
8873353144,"SA02279"
9334811139,"SA02279"
9570785166,"SA02279"
9934376325,"SA02279"
7781955201,"SA02279"
8051988721,"SA02279"
9570882102,"SA02279"
9835436900,"SA02279"
7050195403,"SA02279"
9430028209,"SA02280"
9431657482,"SA02280"
9431242072,"SA02280"
06476-283017,"SA02280"
7654435877,"SA02280"
7549996329,"SA02282"
9661178328,"SA02282"
9973255783,"SA02284"
9006698218,"SA02284"
9204538398,"SA02284"
9430021077,"SA02284"
9955004556,"SA02284"
9431855900,"SA02284"
8271634045,"SA02284"
7781455201,"SA02284"
9572628349,"SA02284"
9431498021,"SA02284"
9534893923,"SA02284"
9931855900,"SA02284"
9631384019,"SA02284"
9430858471,"SA02285"
9472846981,"SA02286"
9570413841,"SA02286"
9470220580,"SA02286"
9431244486,"SA02286"
9470216223,"SA02286"
8271150328,"SA02286"
9430453222,"SA02286"
9471693060,"SA02286"
9570561413,"SA02286"
9430643211,"SA02286"
9470290494,"SA02286"
9431254688,"SA02286"
9431656720,"SA02286"
9431413676,"SA02286"
9431254746,"SA02286"
9431254733,"SA02286"
9546835100,"SA02286"
9470290285,"SA02286"
9430433242,"SA02286"
9430450776,"SA02286"
9708965144,"SA02286"
8987200087,"SA02286"
9431888683,"SA02286"
9431244294,"SA02286"
9431268265,"SA02286"
9431413167,"SA02286"
9472129879,"SA02286"
8544382231,"SA02286"
9570926496,"SA02286"
9199586441,"SA02286"
9709507106,"SA02286"
9570925061,"SA02286"
8677996722,"SA02286"
9801592999,"SA02286"
9430020080,"SA02286"
8809631777,"SA02286"
9472535922,"SA02286"
9430697232,"SA02286"
8789108300,"SA02286"
9430453242,"SA02286"
6478227558,"SA02286"
9430743211,"SA02286"
8271190592,"SA02286"
9162978634,"SA02286"
9470220120,"SA02287"
9470440463,"SA02288"
9570354855,"SA02289"
9122884886,"SA02290"
7484037709,"SA02290"
9470893917,"SA02291"
9431890908,"SA02291"
9431890886,"SA02291"
7549856864,"SA02291"
9939902596,"SA02291"
7654559976,"SA02291"
06477-241017,"SA02291"
9801242512,"SA02291"
9472127235,"SA02291"
9955485958,"SA02291"
9470602429,"SA02291"
9835687246,"SA02291"
9973280714,"SA02291"
7766924567,"SA02292"
7549721635,"SA02292"
9431888938,"SA02292"
8789438950,"SA02292"
9006095074,"SA02294"
8227021548,"SA02294"
9709306389,"SA02294"
9534096894,"SA02294"
9430200167,"SA02295"
9470291204,"SA02295"
9149153174,"SA02295"
9470219355,"SA02295"
9973694841,"SA02295"
9570925035,"SA02295"
8434584690,"SA02295"
9771949187,"SA02756"
8298713390,"SA02756"
7763812999,"SA02757"
7549474747,"SA02757"
9931394572,"SA02758"
9631052003,"SA02758"
9525160528,"SA02759"
9934060098,"SA02759"
9934649595,"SA02760"
9801745663,"SA02760"
7631682215,"SA02760"
9934819368,"SA02761"
8092539169,"SA02761"
9709954699,"SA02761"
9939052980,"SA02762"
9007003014,"SA02762"
9430047865,"SA02763"
9771268712,"SA02763"
8002791445,"SA02763"
8969538268,"SA02764"
9546426195,"SA02764"
9572821899,"SA02765"
9576078484,"SA02765"
8538960901,"SA02766"
9955595125,"SA02766"
9934457707,"SA02766"
9234566285,"SA02766"
9546300320,"SA02766"
9835493463,"SA02767"
9431898257,"SA02767"
9934285537,"SA02768"
9955342986,"SA02768"
9934281563,"SA02768"
9891272245,"SA02769"
9430267888,"SA02769"
9334442727,"SA02769"
8051376300,"SA02770"
9304084420,"SA02770"
9931272597,"SA02771"
9709412816,"SA02771"
9905480415,"SA02772"
9931117416,"SA02773"
9934820530,"SA02773"
9199752959,"SA02773"
9507954511,"SA02773"
9709762292,"SA02773"
9304604494,"SA02774"
9431665793,"SA02774"
9939809027,"SA02775"
9955988340,"SA02775"
9931948109,"SA02775"
9572075196,"SA02776"
9934953261,"SA02776"
7654074286,"SA02777"
9801153318,"SA02777"
9801440365,"SA02777"
9801169709,"SA02778"
9006833324,"SA02778"
8651343947,"SA02778"
9122702760,"SA02778"
9199888211,"SA02778"
9430999154,"SA02779"
9006354277,"SA02779"
9931470309,"SA02779"
9801715197,"SA02779"
9934060096,"SA02779"
9939510630,"SA02779"
8809961632,"SA02780"
8936095122,"SA02780"
8877878708,"SA02780"
9934258303,"SA02781"
9709786362,"SA02781"
8677006600,"SA02781"
8294721001,"SA02782"
9570436727,"SA02782"
9934457980,"SA02783"
9801504693,"SA02784"
9431245764,"SA02784"
9955436384,"SA02784"
9334169733,"SA02785"
8084863402,"SA02786"
9631945612,"SA02787"
9905471710,"SA02788"
9934725375,"SA02789"
8969496420,"SA02790"
9934880802,"SA02791"
9934629844,"SA02792"
9570923308,"SA02793"
9931247979,"SA02794"
8051785859,"SA02795"
9006181208,"SA02796"
8809766591,"SA02797"
9810993969,"SA02798"
9931084301,"SA02799"
9934422414,"SA02800"
9934357900,"SA02801"
9771816886,"SA02802"
9430516172,"SA02803"
8935992002,"SA02804"
9931055718,"SA02805"
9939637618,"SA02806"
7870327702,"SA02807"
9955508196,"SA02808"
9931079285,"SA02809"
9570701261,"SA02810"
9570853932,"SA02811"
9934868356,"SA02812"
9931874444,"SA02813"
8651765477,"SA02814"
9939052397,"SA02815"
9334444338,"SA02816"
9939049406,"SA02817"
9430999092,"SA02818"
9122288288,"SA02819"
9934247010,"SA02820"
9939098724,"SA02821"
9507804608,"SA02822"
8538931211,"SA02823"
9471044134,"SA02824"
7549346349,"SA02825"
8083630740,"SA02826"
9931092701,"SA02827"
9006778974,"SA02828"
9576398849,"SA02829"
9931402363,"SA02830"
7781091227,"SA02830"
9835253161,"SA02830"
9031111700,"SA02830"
9430244556,"SA02830"
9431480554,"SA02830"
9431208594,"SA02830"
9955005303,"SA02830"
9931013322,"SA02830"
9931677022,"SA02831"
9931469090,"SA02831"
9431095409,"SA02831"
9534074459,"SA02831"
9801622433,"SA02832"
9162128046,"SA02832"
9939049725,"SA02832"
7779935800,"SA02832"
8051403249,"SA02833"
8809130986,"SA02833"
9934952300,"SA02834"
8298646620,"SA02834"
9835066291,"SA02835"
9334458434,"SA02835"
9939809483,"SA02835"
9934256005,"SA02835"
9934629847,"SA02836"
9199124740,"SA02836"
9199148877,"SA02837"
9470609428,"SA02838"
9386103750,"SA02844"
9525289294,"SA02847"
KR00809,"SABAIPUR"
UT01737,"SABDHAN RASAKHOWA"
BH01797,"SABOUR"
WES0005,"SABRA"
BA00058,"SABRAKONE"
OTH0192,"SABROOM"
OTH0545,"SABROOM (UDAIPUR)"
UDI4501,"SADAR"
CHA0004,"SADAR"
DAR0007,"SADAR DARBHANGA"
KO20044,"SADARHAT"
WA01962,"SADBHAWANA CHOWK"
MA01112,"SADI PUR"
DIB0042,"SADIYA"
TIN0030,"SADIYA"
WA01879,"SADMA SADAN"
NTNE099,"SADYA"
OTH0593,"SADYA (TINSUKIA)"
DA01661,"SAFANAGAR"
BHL0010,"SAFIYABAD"
GA02501,"SAGAHI"
OTH0251,"SAGALEE"
OTH0426,"SAGALEE (AP - BANDERDEWA)"
SHA0082,"SAGAR CLUB"
DAN0020,"SAGAR CLUB"
MU01441,"SAGARDIGHI"
MA01246,"SAGARDIGHI"
BAN0003,"SAGLEE"
MAN0004,"SAGOLBAND"
MAN1301,"SAGOLBOND"
BUR0081,"SAGRAI"
KR00810,"SAGUNA"
SA02273,"SAH-E"
SA02274,"SAH-W"
9534373142,"SAH0001"
8292506152,"SAH0002"
MA01130,"SAHABAZ PUR"
SA02810,"SAHAJWAPUR"
UTT0002,"SAHAPUR"
MA01235,"SAHAPUR"
MA01189,"SAHAPUR,RASILADAHA"
DE03039,"SAHARA"
DA02166,"SAHARGHAT"
EE03DUM01,"SAHARSA"
SA02272,"SAHARSA"
SUP0024,"SAHARSA"
KO20008,"SAHAY"
SA02853,"SAHDEI"
MUZ0033,"SAHEB GANJ (MFP)"
CO01489,"SAHEBGANJ"
DE03077,"SAHEBGANJ"
NTWB054,"SAHEBGANJ"
DE030771,"SAHEBGANJ"
COO0017,"SAHEBGANJ ROAD"
UT01760,"SAHEBGHATA"
EA00286,"SAHID MATANGINI"
DA02047,"SAHILA"
BH01798,"SAHKUND"
GA02399,"SAHO BIGHA"
DA02167,"SAHPUR"
WA01963,"SAHPUR MORE"
DA01318,"SAHUDANGI"
NTWB080,"SAHUDANGI"
DRP0060,"SAHUDANGI"
DA02168,"SAIDNAGAR"
SA02780,"SAIDPUR"
MUZ0043,"SAIDPUR"
BUR0100,"SAIDYA"
AIZ3001,"SAIHA"
OTH0397,"SAIHA (MIZORAM)"
AIZ5901,"SAIHA R.D."
AIZ0601,"SAIKHAMAKAWN"
OTH0765,"SAIKHOWAGHAT (TINSUKIA)"
RA02897,"SAIL CITY"
JAL0007,"SAILIHAT"
JA01616,"SAILIHAT"
DRH0174,"SAILIHAT-DARJEELING"
DRJ0043,"SAILIHAT-DARJEELING"
DRP0174,"SAILIHAT-DARJEELING"
BI00141,"SAINTHIA"
DS01DUM01,"SAINTHIA DUMP"
OTH0057,"SAIRANG"
AIZ7101,"SAIRANG"
OTH0448,"SAIRANG (MIZORAM)"
AIZ8803,"SAIRANG ROAD"
AIZ5301,"SAITUAL"
OTH0763,"SAJONG (SIKKIM)"
BH01799,"SAJOUR"
MUZ0034,"SAKARA (MFP)"
DA02066,"SAKATPUR"
TA03368,"SAKCHI"
KO00673,"SAKCHURABAZAR"
BE02571,"SAKH"
BUR0085,"SAKNARA"
NTWB105,"SAKOAJHORA"
DA02169,"SAKRI"
GA02502,"SAKURABAD"
LBO1801,"SALAKATI"
OTH0267,"SALAKATI"
LOWO0051,"SALAKATI"
MA01141,"SALAL PUR,PAKUA HAT"
MO00893,"SALALPUR"
RA00951,"SALANPUR"
SHA0066,"SALAP"
KO00469,"SALAP"
MU01442,"SALAR"
DRP0090,"SALBARI"
DRH0090,"SALBARI"
DA01348,"SALBARI"
NTWB138,"SALBARI"
JAL0056,"SALBARI-JALPAIGURI"
WE00993,"SALBONI"
SILC0043,"SALCHAPRA"
SIL1701,"SALCHAPRA"
OTH0628,"SALCHAPRA (SILCHAR - CACHAR)"
BA00059,"SALDIHA"
DHA0401,"SALEMA"
OTH0152,"SALEMA"
DA02126,"SALEMPUR"
SIB1001,"SALENGHAAT"
JOR2101,"SALENGHAAT"
BE02579,"SALIM NAGAR,MAHESHKHUT"
SA02285,"SALKHUWA"
SA02287,"SALKHWA"
KO00470,"SALKIA"
SHA0067,"SALKIA"
LDH2101,"SALKOCHA"
LOWO0052,"SALKOCHA"
ALI0023,"SALKUMARHAT-ALIPURDUAR"
OTH0126,"SALMARA"
KAT0015,"SALMARI"
KA02632,"SALMARI"
DE03037,"SALONA TAND"
NTWB024,"SALSALA BARI"
CO01483,"SALSALABARI"
KO10008,"SALT LAKE"
KO00593,"SALTLAKE"
KO00674,"SALTLAKE"
PUR0071,"SALTORA"
BA00060,"SALTORA"
JA01623,"SALUGARA"
DRH0091,"SALUGARA"
NTWB075,"SALUGARA"
DRP0091,"SALUGARA"
DA01349,"SALUGARA"
SIK0006,"SALUGARA CHECKPOST - JALPAIGURI"
9973319760,"SAM0001"
NGN2701,"SAMAGURI"
OTH0776,"SAMAGURI (NAGAON)"
TURH0024,"SAMANDA"
OTH0675,"SAMANDA (TURA HILLS)"
UT01761,"SAMASPUR"
UT01733,"SAMASPUR JANTAHAT"
SAM0003,"SAMASTIPUR"
SAM0002,"SAMASTIPUR TOWN"
RA00953,"SAMDI"
RA00952,"SAMDI"
MU01443,"SAMMATINAGAR"
PA02735,"SAMPATCHAK"
PA02734,"SAMPATCHAK,"
MA01059,"SAMSHI HOSPITAL ROAD"
MA01236,"SAMSI"
NTWB071,"SAMSI"
MA01072,"SAMSI . MALDA"
BU00225,"SAMUDRAGARH"
SIB1101,"SAMUGURI"
JOR2201,"SAMUGURI"
ALI0007,"SAMUKTALA"
AL01523,"SAMUKTALA"
COO0022,"SAMUKTALA-COOCHBIHAR"
AL01533,"SAMUKTALA-KARTIKA"
MAN4401,"SAMUROU BAZAR"
LAX0013,"SAN"
BA00061,"SANBANDHA"
GA02374,"SANDA"
BAN0002,"SANGRAM"
LAX0009,"SANGRAMPUR"
BHL0011,"SANGRAMPUR"
KA00370,"SANGRAMPUR"
BH01800,"SANHOLA"
TUR2801,"SANI MANDIR, TURA"
TURH0016,"SANI MANDIR, TURA"
SA02781,"SANKAR CHOWK"
OTH0539,"SANKARDEV NAGAR (NAGAON)"
MU01444,"SANKARPUR"
DA02170,"SANKAT MOCHAN CHOWK"
WA01878,"SANKAT MOCHAN MANDIR"
DA02171,"SANKHEHRA"
SHA0068,"SANKRAIL"
KO00471,"SANKRAIL"
PUR0054,"SANTALDIH"
DA01345,"SANTASHI NAGAR"
DRP0087,"SANTASHI NAGAR"
DRP0097,"SANTINAGAR"
DRH0097,"SANTINAGAR"
DA01389,"SANTINAGAR"
DA01355,"SANTINAGAR"
DIB3401,"SANTIPARA"
TEZ0006,"SANTIPUKHURI"
KR00811,"SANTIPUR"
LBO2301,"SANTIPUR"
LOWO0053,"SANTIPUR"
OTH0684,"SANTIRBAZAR (UDAIPUR)"
DUM0028,"SANTKABIR NAGAR"
LA03339,"SANTOLAN.KHARAGPUR"
MA01251,"SANTOSHPUR"
KO00675,"SANTOSHPUR"
DA02104,"SANTUNAGAR"
DA02172,"SANTUNAGAR CHOWK,MADHUBANI"
BI00142,"SAOTA"
SIB2501,"SAPEKHATI"
OTH0247,"SAPEKHATI"
OTH0613,"SAPEKHATI (SIBSAGAR)"
DA02173,"SAPTA"
DA02143,"SAPTA,KALAR YADEV POKHRA, MADHUBANI"
KO00472,"SAPUIPARA"
SHA0069,"SAPUIPARA"
OTH0137,"SARABBHATI"
OTH0395,"SARABBHATI (GUWAHATI URBAN)"
GHY6401,"SARABHATI"
GUWU0041,"SARABHATI"
SA02855,"SARAI"
SA02827,"SARAI PULL"
DH03125,"SARAIDHELA"
SA02275,"SARAIGADH"
SUP0027,"SARAIGADH"
DA01650,"SARAIHAT"
TA03383,"SARAIKELA"
MUZ0035,"SARAIYA (MFP)"
GA02449,"SARAIYYA"
DH03205,"SARAM"
DUM0017,"SARAN"
DE03034,"SARATH"
GA02321,"SARBAHDA"
DA01659,"SARBAMANGALA"
PUR0079,"SARBARI"
KO20069,"SARBERIA"
OTH0216,"SARBHOG"
OTH0556,"SARBHOG (LOWER ASSAM 2)"
KO20009,"SARDARHATI"
WES0031,"SARDIHA"
SIB1201,"SAREKAPAR"
BA00071,"SARENGA"
MU01445,"SARGACHI"
SA02782,"SARI"
DA02174,"SARISOPAHI"
DH03105,"SARIYA"
GA02503,"SARIYA BAJAR"
DE03066,"SARIYA HAT"
WA01835,"SARMERA"
LA03286,"SAROBAGH"
RA00954,"SARPI"
PUR0027,"SARSI"
KA02633,"SARSI"
KAL0014,"SARSUNA"
LOWT0034,"SARUKHETRI"
LBA1701,"SARUKHETRI"
GOL0301,"SARUPATHAR"
NTNE050,"SARUPATHAR"
OTH0774,"SARUPATHAR (NAGAON)"
OTH0173,"SARUSAJAI"
DE03079,"SARWAN"
KO20032,"SASHAN"
DIB1201,"SASONI"
BA00062,"SASPUR"
BUR0066,"SASTIPUR"
SA02783,"SATANPUR"
MA01237,"SATARI"
UDI2301,"SATCHAND"
OTH0667,"SATCHAND BAZAR (UDAIPUR)"
BU00226,"SATGACHIA"
BUR0038,"SATGACHIYA"
LA03252,"SATGAMA ROAD JAMUI"
LA03340,"SATGAMA,ROAD JAMUI"
GHY2201,"SATGAON"
GUWU0042,"SATGAON"
DA02175,"SATGHARA ROAD"
OTH0414,"SATHGAON (GUWAHATI URBAN)"
WA01964,"SATHOPUR"
BI00143,"SATHPALSA"
BA00063,"SATIGHAT"
JAL0042,"SATKURA"
EA00287,"SATMILE"
BI00144,"SATPALSA"
WE00994,"SATPATI"
DE03007,"SATSANG CHOWK"
SA02276,"SATTAR KATIYA"
DRP0099,"SAUDANGI"
DA01357,"SAUDANGI"
SA02277,"SAURBAZAR"
SUP0029,"SAURBAZAR"
WES0006,"SAURI"
GA02349,"SAXENA MOD"
AIZ1701,"SCHOOL VENG"
BUR0086,"SEHERA BAZAR"
OTH0323,"SEIJOSA"
OTH0488,"SEIJOSA (AP) (AP - BANDERDEWA)"
OTH0084,"SEIJOSA (AP-NT)"
MU01446,"SEIKHPARA"
OTH0595,"SEKERKOTE (AGARTALA)"
WA01823,"SEKHOPUR"
WAR0003,"SEKHPURA"
MAN1401,"SEKMAI"
OTH0253,"SEKMAI"
JOR0901,"SELENGHAT"
OTH0157,"SELING"
AIZ5601,"SELING"
OTH0416,"SELING (MIZORAM)"
OTH0219,"SELLING"
OTH0276,"SELSELLA"
TURH0023,"SELSELLA"
OTH0672,"SELSELLA (TURA PLAIN)"
KA02634,"SEMAPUR"
KAT0001,"SEMAPUR"
NLP1501,"SEMEN SAPORI"
DHEM0006,"SEMEN SAPORI"
RA02976,"SEMERIA"
MAN1501,"SENAPATI"
OTH0254,"SENAPATI"
OTH0399,"SENAPATI (MANIPUR)"
MO00894,"SENERDANGA"
DNK0006,"SEORABERIA"
KO00473,"SEORABERIA"
UDI1401,"SEPAHIJALA 1"
DIB0009,"SEPON"
OTH0508,"SEPON (SIBSAGAR)"
OTH0252,"SEPPA"
BHA0301,"SEPPA"
AIZ3501,"SERCHHIP"
AIZ3601,"SERCHHIP R.D."
GA02504,"SERTHUA"
GHY0901,"SESAMUKH"
GUWR0037,"SESAMUKH"
AIZ5401,"SESAWNG"
MA01161,"SESH ROAD"
BIR0031,"SEUR"
NTWB030,"SEVOKE"
DRP0098,"SEVOKE ROAD"
NTWB121,"SEVOKE ROAD"
DA01356,"SEVOKE ROAD"
RDL003,"SGU PLANT"
BUR0061,"SHABOL SHINGA PUR"
KIS0024,"SHAHPUR"
DRP0108,"SHAKTIGARG"
DA01366,"SHAKTIGARG"
BUR0148,"SHAKTIGARH"
DRJ0036,"SHAKTIGARH"
DRP0165,"SHAKTIGARH"
MU01447,"SHAKTIPUR"
MUR0004,"SHAKTIPUR"
BUR0021,"SHAKTIYA"
GA02505,"SHAKURABAD"
CO01521,"SHALKUMAR"
CO01491,"SHALKUMAR HAT"
BH01801,"SHAMBHUGANJ"
DA02045,"SHANKAR LOHAR CHOWK"
KO10045,"SHANKARPUR"
SUP0030,"SHANKARPUR"
SA02278,"SHANKARPUR"
GA02506,"SHANTI NAGAR"
BI00145,"SHANTINIKETAN"
OTH0646,"SHANTIPUR - CHIRANG (LOWER ASSAM 1)"
MA01034,"SHARDAH BAZAR"
DUM0010,"SHEIKHPURA"
SHI1001,"SHELLA"
NTNE051,"SHELLA"
DUM0019,"SHEOHAR"
MUZ0036,"SHEOHAR"
GA02507,"SHERGHATI"
KA00371,"SHERPUR"
BUR0014,"SHIB CHOWK"
NTWB119,"SHIB MANDIR"
DA01666,"SHIBBARI"
SHA0085,"SHIBGONG"
DAN0028,"SHIBGONG"
SHA0070,"SHIBPUR"
KO00474,"SHIBPUR"
DE03063,"SHIKARIPARA"
NTNE086,"SHILLONG"
OTH0490,"SHILLONG (SHILLONG)"
SHI2101,"SHILLONG OFFICE"
BUR0151,"SHIMLON"
KRI0010,"SHIMULIA"
KR00812,"SHIMURALI"
AIZ8801,"SHIPHIR"
KAL0016,"SHIRAKOL"
DA02049,"SHISHO"
JAL0011,"SHISHUBARI"
CH02670,"SHITALPUR"
SA02802,"SHIVAJINAGAR"
BE02580,"SHIVCHARANPUR,S KAMAL"
DA01359,"SHIVMANDIR"
NTWB145,"SHIVMANDIR"
DRP0101,"SHIVMANDIR"
DA02132,"SHIVPATTI"
GA02312,"SHOBH"
WA01965,"SHOBIAPAR"
KO10052,"SHODPORE"
OTH0493,"SHOKOVI (NAGALAND)"
GA02319,"SHRIGAW"
GHY7401,"SHUTTLEGATE"
GUWU0043,"SHUTTLEGATE"
KO00557,"SHYALDAH"
KO00558,"SHYAMBAZAR"
KO00594,"SHYAMNAGAR"
KR00831,"SHYAMNAGAR"
KO20051,"SHYAMNAGAR"
DA01626,"SHYAMNAGAR"
KO00697,"SHYAMNAGAR ."
KO00697,"SHYAMNAGAR."
UT01770,"SHYAMPUR"
RA00955,"SHYAMPUR"
KR00823,"SHYAMPUR"
KO00486,"SHYAMPUR."
SHA0076,"SHYAMPUR."
BU00227,"SHYAMSUNDAR"
BUR0084,"SHYAMSUNDER"
7250877276,"SI02691"
OTH0770,"SIBBARI (TURA HILLS)"
DA01323,"SIBMANDIR"
KR00813,"SIBNIBASH"
NDL032,"SIBSAGAR"
SIB1301,"SIBSAGAR"
NTNE052,"SIBSAGAR"
SIB2201,"SIBSAGAR TOWN"
OTH0549,"SIDHAI MOHANPUR (AGARTALA)"
PUR0036,"SIDHI"
SI02702,"SIDHWALIA"
LBO2401,"SIDLI"
LOWO0054,"SIDLI"
DA01365,"SIGNMARI"
SA02811,"SIHMA"
DA01692,"SIHOL"
OTH0415,"SIHTLANGPUI (MIZORAM)"
GHY3801,"SIJUBARI"
GUWU0044,"SIJUBARI"
LA03341,"SIKANDRA"
LA03342,"SIKANDRA JAMUI ROAD"
LA03232,"SIKENDRA"
NTWB020,"SIKKIM"
OTH0359,"SIKKIM"
NTWB201,"SIKKIM- SIKKIM"
KIS0058,"SIKTI"
ARA0012,"SIKTI"
AIZ0501,"SIKULPUIKAWN"
WA01966,"SILAO"
OTH0336,"SILAPATHAR"
NLP1601,"SILAPATHAR"
OTH0640,"SILAPATHAR (LAKHIMPUR)"
SIB2801,"SILASAKU"
GA02335,"SILAUNJA"
SIL0007,"SILCHAR"
SILC0058,"SILCHAR"
NTNE053,"SILCHAR"
NDL023,"SILCHAR"
SILC0044,"SILCHAR"
B004DUM04,"SILCHAR (SCL)"
OTH0592,"SILCHAR (SILCHAR - CACHAR)"
OTH0344,"SILCHAR - CACHAR"
OTH0338,"SILCHAR - HAILAKANDI"
OTH0350,"SILCHAR - KARIMGANJ"
SILC0045,"SILCHAR 1"
SIL3001,"SILCHAR 1"
SIL2301,"SILCHAR 2"
SIL8201,"SILCHAR OFFICE"
SILC0046,"SILCHAR OFFICE"
WE00995,"SILDA"
NTWB006,"SILIGURI"
NTWB087,"SILIGURI"
DRP01241,"SILIGURI"
DRH01701,"SILIGURI"
OTH0495,"SILIGURI (DARJEELING PLAINS)"
DRP0156,"SILIGURI BAZAR"
DRJ0027,"SILIGURI BAZAR"
JA03402,"SILIGURI OFFICE"
NTWB131,"SILIGURI TOWN"
NTWB092,"SILIGURI, DARJEELING"
NTWB200,"SILIGURI- DARJEELING PLAINS"
NTWB211,"SILIGURI- SILIGURI"
RDL018,"SILIGURI-1"
DN03DUM02,"SILIGURI-1"
DN03DUM03,"SILIGURI-2"
RDL010,"SILIGURI-2"
RDL001,"SILIGURI-4"
LIK0001,"SILLE"
RA02943,"SILLI"
GUWU0045,"SILPUKHURI"
GHY2701,"SILPUKHURI"
RA02969,"SILWAR"
MU02219,"SIM 1"
MU02220,"SIM 10"
MU02221,"SIM 2"
MU02222,"SIM 3"
MU02223,"SIM 4"
MU02224,"SIM 6"
MU02225,"SIM 7"
MU02226,"SIM 8"
MU02227,"SIM 9"
SIB1701,"SIMALUGURI"
MA01238,"SIMLA"
PUR0039,"SIMLA"
OTH0581,"SIMLA (LOWER ASSAM 2)"
MO00895,"SIMLAGARH"
BA00064,"SIMLAPAL"
AGR1701,"SIMNA"
OTH0053,"SIMNA"
OTH0506,"SIMNA (AGARTALA)"
OTH0042,"SIMONCHAPRI"
OTH0747,"SIMONCHAPRI (LAKHIMPUR)"
SUP0031,"SIMRIBAKTIYARPUR"
SA02279,"SIMRIBAKTIYARPUR"
OTH0248,"SIMULGURI"
OTH0428,"SIMULGURI (SIBSAGAR)"
BUR0074,"SIMULTALA"
KR00814,"SIMURALI"
KR00815,"SINDRANI"
PUR0058,"SINDRI"
DA01644,"SINGADAHA"
GHY0004,"SINGARPARA"
MO00896,"SINGERKONE"
BUR0130,"SINGH DARJA"
RA02895,"SINGH MORE"
MA01142,"SINGH PARA,BENIAGRAM,FARAKKA"
BE02576,"SINGHAUL"
SA02280,"SINGHESHWAR"
SUP0032,"SINGHESHWAR"
BIR0026,"SINGHI"
OTH0261,"SINGHIMARI"
KIS0023,"SINGHIYA"
SA02784,"SINGHIYAGHAT"
DA02176,"SINGHWARA"
TUR1701,"SINGIMARI"
TURP0018,"SINGIMARI"
MAN1601,"SINGJAMEI"
DRH0058,"SINGMARI"
DA01316,"SINGMARI"
DRP0058,"SINGMARI"
NTWB023,"SINGTAM"
SI01567,"SINGTAM"
NTWB161,"SINGTAM - TARKU"
KO00475,"SINGUR"
MOG0001,"SINGUR"
MO00897,"SINGURE"
KO00559,"SINTHEE"
KO10011,"SINTHI"
WA01867,"SIPAHAMORE"
OTH0209,"SIPAJHAR"
TEZ1801,"SIPAJHAR"
OTH0470,"SIPAJHAR (DARANG)"
PAT0003,"SIPARA"
TEZ0001,"SIRAJULI"
KA00372,"SIRAKOLE"
KA00372,"SIRAKOLE"
WA01967,"SIRDALA"
WA01908,"SIRPHIRIA"
DA02095,"SISABARI CHOWK"
DA01360,"SISHABARI"
DA01364,"SISHUDANGI"
CH02673,"SISHWAN"
NLP1701,"SISIBORGAON"
DHEM0002,"SISIBORGAON"
SI02705,"SISWAN"
CO01496,"SITAI"
AL01540,"SITAI"
LA03343,"SITAKUND ROAD"
AL01525,"SITALKUCHI"
CO01497,"SITALKUCHI"
CO014971,"SITALKUCHI"
MUZ0044,"SITAMARHI"
DUM0002,"SITAMARHI"
DNK0022,"SITAPUR"
DAN0025,"SITAPUR"
TA03369,"SITARAMDERA"
RA00956,"SITARAMPUR"
OTH0220,"SITLANGPUI"
MU02228,"SITM 1"
MU02229,"SITM 10"
MU02230,"SITM 11"
MU02231,"SITM 12"
MU02232,"SITM 13"
MU02233,"SITM 2"
MU02234,"SITM 3"
MU02235,"SITM 4"
MU02236,"SITM 5"
MU02237,"SITM 6"
MU02238,"SITM 7"
MU02239,"SITM 8"
MU02240,"SITM 9"
MAL002,"SITOL PUR"
OTH0130,"SIVASAGAR"
A114DUM01,"SIVASAGAR (GGU)"
OTH0515,"SIVSAGAR (SIBSAGAR)"
SI02706,"SIWAN"
DUM0018,"SIWAN"
MU02244,"SIWAN SADAR"
SI02707,"SIWAN SADAR"
KA02640,"SIWAN SADAR."
DH03183,"SIWANDIH"
DH03185,"SIWANDIH"
OTH0574,"SIX MILE (GUWAHATI URBAN)"
GUWU0046,"SIXMILE"
GHY5101,"SIXMILE"
DH03114,"SIYATAND"
BE02582,"SOBHNI"
LA03251,"SOBJANO MORE JAMUI"
BU00239,"SODEPUR"
KO00676,"SODEPUR"
KO00569,"SODEPUR."
KO00569,"SODEPUR.."
BUR0043,"SODHPUR"
OTH0225,"SOHIONG"
SHI1101,"SOHRA"
NTNE054,"SOHRA"
WA01863,"SOHSARAI"
OTH0189,"SOKALATING"
OTH0505,"SOKALATING (GOLAGHAT)"
LOWT0035,"SOLMARA"
LNA1701,"SOLMARA"
UT01762,"SOLPARA"
NTWB129,"SOLPARA"
BU00228,"SOMAI"
SI01551,"SOMBARI"
MO00898,"SOMRA BAZAR"
SIL0008,"SONABARIGHAT"
SILC0047,"SONABARIGHAT"
DRH0109,"SONADA"
DA01367,"SONADA"
SILC0048,"SONAI"
SIL1901,"SONAI"
OTH0404,"SONAI (SILCHAR - CACHAR)"
OTH0129,"SONAI RD"
SIL1801,"SONAI ROAD"
SILC0049,"SONAI ROAD"
KAT0005,"SONAILI"
KA02635,"SONAILI"
OTH0645,"SONAIROAD (SILCHAR - CACHAR)"
LA03244,"SONAIYA MARBA JAMUI"
WES0009,"SONAKANIA"
WE00997,"SONAKHALI"
WES0036,"SONAKHALI"
KO00560,"SONAKHALI"
BA00065,"SONAMUKHI"
OTH0290,"SONAMURA"
OTH0625,"SONAMURA (UDAIPUR)"
OTH0303,"SONAPUR"
CO01486,"SONAPUR"
GHY4801,"SONAPUR"
AL01548,"SONAPUR"
COO0001,"SONAPUR"
UT01763,"SONAPUR"
CH02676,"SONAPUR"
GUWU0047,"SONAPUR"
OTH0473,"SONAPUR - KAMRUP (M) (GUWAHATI URBAN)"
AL01535,"SONAPUR-9MILE"
CO01498,"SONAPUR-9MILE ROUTE"
OTH0186,"SONARI"
SIB1801,"SONARI"
TA03370,"SONARI"
OTH0638,"SONARI (SIBSAGAR)"
DA02076,"SONARPATTI"
KA00393,"SONARPUR"
KO00677,"SONARPUR"
KAL0006,"SONARPUR"
DH03184,"SONATAND"
LA03243,"SONAYAMRATH JAMUI"
SA02284,"SONBARSA RAJ"
MUZ0037,"SONBARSHA"
BEG0018,"SONBARSHA BAZAR"
DUM0021,"SONBHADRA"
KR00816,"SONDANGA"
KO00561,"SONEPUR"
GHY7801,"SONESWAR"
NTNE055,"SONITPUR"
DA02177,"SONKI"
GA02370,"SONMA"
BHL0003,"SONO"
LA03265,"SONO"
CH02674,"SONPUR"
SA02859,"SONPUR"
KIS0035,"SONTHA"
BIR0046,"SONTHSAL"
GUWR0038,"SONTOLI"
GHY1201,"SONTOLI"
BI00146,"SONTSAL"
TA03379,"SONUA"
SA02790,"SONVERSA CHOWK"
TEZ0501,"SOOTEA"
OTH0128,"SOOTEA"
BISW0006,"SOOTEA"
OTH0689,"SOOTIA (TEZPUR)"
DRJ0037,"SORANE BAZAAR"
DRH0166,"SORANE BAZAAR"
SI01568,"SORENG"
RA00957,"SORPI"
OTH0020,"SORUPATHAR"
OTH0456,"SORUPATHAR (GOLAGHAT)"
OTH0304,"SORUPETA"
OTH0191,"SOTIA"
SA02288,"SOURBAZAR"
NTNE056,"SOUTH AIZAWL"
KA00373,"SOUTH BISHNUPUR"
DRP0111,"SOUTH COLONY"
DRH0111,"SOUTH COLONY"
DA01369,"SOUTH COLONY"
NTWB170,"SOUTH SIKKIM"
NTNE057,"SOUTHGARO HILLS"
JAL0038,"SOVARHAT"
JAL0040,"SOVARHAT"
BUR0009,"SOWANLUK"
SIK0005,"SRIBADAM"
LOWO0062,"SRIJANGRAM"
BI00147,"SRIKANTAPUR"
SILC0054,"SRIKONA"
SIL2201,"SRIKONA"
OTH0396,"SRIKONA (SILCHAR - CACHAR)"
UTT0003,"SRIKRISHNAPUR"
LA03344,"SRIMATPUR"
KA02636,"SRINAGAR"
PUR0026,"SRINAGAR"
WES0055,"SRINAGAR"
BI00148,"SRINIKETAN"
BUR0090,"SRIPALLY"
MA01045,"SRIPUR"
MA01051,"SRIPUR"
UT01734,"SRIPUR DEBIGANJ"
DIB0038,"SRIPURIA"
TIN0031,"SRIPURIA"
BUR0019,"SRIRAMPUR"
KO00476,"SRIRAMPUR"
DNK0007,"SRIRAMPUR"
MA01071,"STATION ROAD"
WA01978,"STATION ROAD"
GHY0501,"SUALKUCHI"
GUWR0039,"SUALKUCHI"
OTH0739,"SUALKUCHI (GUWAHATI RURAL)"
NTNE075,"SUBANSIRI"
DA02119,"SUBASH CHOWK"
KI02748,"SUBHASH PL"
UT01764,"SUBHASHGANJ"
KO00678,"SUBHASHGRAM"
KA00394,"SUBHASHGRAM"
DA01312,"SUBHASHPALLY"
NTWB120,"SUBHASHPALLY"
DRP0054,"SUBHASHPALLY"
SIB1901,"SUFRAI"
GA02356,"SUGAMA"
MO00899,"SUGANDHA"
DA02110,"SUGAWNA"
WA01910,"SUGIYA"
KO20002,"SUGUNA"
UT01765,"SUJAPUR"
MALDA,"SUJAPUR"
MA01239,"SUJAPUR"
MUZ00352,"SUJAWALPUR"
SIB2101,"SUKAN PUKHURI"
MA01188,"SUKANTA POLLI"
DRP0113,"SUKANTONAGAR"
DA01371,"SUKANTONAGAR"
DA01693,"SUKHDEBPUR"
DA01372,"SUKHNA"
DRP0114,"SUKHNA"
DRH0114,"SUKHNA"
OTH0116,"SUKHOVI"
DRH0115,"SUKIAPOKHRI"
DRP0115,"SUKIAPOKHRI"
DA01373,"SUKIAPOKHRI"
DA01374,"SUKIAPOKRI"
BUR0002,"SUKUR"
RA02922,"SUKURHUTU"
RA02975,"SULTANA"
BH01802,"SULTANGANJ"
MAL004,"SULTANGANJ"
BU00229,"SULTANPUR"
DUM0032,"SULTANPUR"
SI01569,"SUMBUK"
GA02435,"SUMHUTI"
BUR0133,"SUNDALPUR"
TAT0001,"SUNDARNAGAR"
WES0023,"SUNDRA,SALBONI"
MA01240,"SUNNY PARK"
SUP0038,"SUPAUL"
SA02286,"SUPAUL"
MUZ0038,"SUPPI"
BA00066,"SUPUR"
BUR0030,"SURE KALNA"
DA02178,"SURHACHATTI"
BI00149,"SURI"
MUZ0039,"SURSAND"
MU02246,"SURYAGARHA"
LA03345,"SURYAGARHA"
BA00067,"SUSUNIA"
EAS0004,"SUTAHATA"
OTH0013,"SUTARKANDI"
SILK0028,"SUTARKANDI ROAD"
SIL1501,"SUTARKANDI ROAD"
MU01448,"SUTI"
KRI0003,"SUTRAGARH"
GA02363,"SWARAJPURI"
KR00817,"SWARUPGANJ"
KO00679,"SWARUPNAGAR"
KO00595,"SWARUPNAGAR"
MU01449,"SWARUPPUR"
MUR0008,"SWARUPPUR"
MA01032,"SWITCHGATE"
MAL018,"SWRUPGANJ"
SI01570,"TADONG"
SI01554,"TADONG"
DA01305,"TAGDHA"
DRH0047,"TAGDHA"
DRP0047,"TAGDHA"
KR00832,"TAHERPUR"
UT01704,"TAHERPUR"
KIS0061,"TAIABPUR"
KIS0054,"TAIBPUR"
AGR1501,"TAIDU"
AIZ7401,"TAIKUAL"
KI02749,"TAIYABPUR"
SA02830,"TAJPUR"
SA02816,"TAJPUR ROAD"
JAL0045,"TAKIMARI"
WE00996,"TAKRA"
WA01968,"TAKUA TAND"
TIN1501,"TALAP"
OTH0334,"TALAP"
TIN0032,"TALAP"
OTH0679,"TALAP (TINSUKIA)"
MAL006,"TALBANGARUA"
BA00068,"TALDANGRA"
BU00230,"TALIT"
DE03045,"TALJHARI"
JAL0037,"TALMA"
BUR0016,"TALPUR"
TA03394,"TAMAR"
LOWO0055,"TAMARHAT"
LGL0004,"TAMARHAT"
MAN5501,"TAMENGLONG"
OTH0034,"TAMENGLONG"
OTH0417,"TAMENGLONG (MANIPUR)"
EA00288,"TAMLUK"
LOWT0036,"TAMULPUR"
LNA1801,"TAMULPUR"
OTH0446,"TAMULPUR (LOWER ASSAM 2)"
OTH0095,"TAMULPUR (NT)"
TEZ2001,"TANGLA"
OTH0685,"TANGLA (DARANG)"
KO00562,"TANGRA"
GA02345,"TANKUPPA"
DA016701,"TAPAN"
DA01694,"TAPAN BAZAR"
DA01676,"TAPAN BUS STAND"
DA01695,"TAPAN THANA"
LOWO0061,"TAPATTARY"
LBO2001,"TAPATTARY"
EAS0007,"TAPORPARA"
KI02750,"TAPPU"
KIS0067,"TAPPU"
DH03120,"TARA"
KIS0049,"TARABARI"
CH02675,"TARAIYA"
EA00292,"TARAKESWAR"
DAN0002,"TARAKESWAR"
BU00231,"TARAKESWAR"
DNK0011,"TARAKESWAR"
MO00903,"TARAKESWAR."
LA03346,"TARAPUR"
OTH0119,"TARAPUR"
SILC0050,"TARAPUR"
SIL2701,"TARAPUR"
LA03347,"TARAPUR ROAD ASARGANJ"
DH03095,"TARATAND"
WES0047,"TARAUI"
KO10020,"TARDA"
DAR0006,"TARDIH"
WA01918,"TARGIR"
LA03226,"TARHARI"
MUZ0040,"TARIYANI"
GAY0001,"TARMA"
WA01893,"TARPAR TELHARA"
DA02179,"TARSARAI"
MU01450,"TARTIPUR"
BI00150,"TARULIAHAT"
OTH0123,"TARUN NAGAR"
SIK0011,"TATHANGCHEN"
RA02978,"TATIJAHRIA"
RA02977,"TATIJHARIA"
RA02909,"TATISILWAY"
DA02180,"TATUAR"
BHA0401,"TAWANG"
NTNE071,"TAWANG"
OTH0427,"TAWANG (AP - BHALUPONG)"
KIS0043,"TAYABPUR"
NTWB027,"TEESTA"
DA01354,"TEESTA BAZAR"
DRH0096,"TEESTA BAZAR"
DRP0096,"TEESTA BAZAR"
JAL0052,"TEESTA BAZAR-JALPAIGURI"
KO10038,"TEGHORIA"
KO00563,"TEGHORIA"
BEG0010,"TEGHRA"
BE02583,"TEGRA"
GA02508,"TEHATA"
KR00818,"TEHATTA"
BI00151,"TEJHATI"
GA02509,"TEKARI ROAD"
JAL0032,"TEKATALI"
JA01619,"TEKATULI"
DA02050,"TEKTAR"
NLP2801,"TELAHI"
RA02987,"TELAIYA"
RA02984,"TELAIYA DAM"
OTH0011,"TELAM"
DH03178,"TELGARIYA MORE"
WA01969,"TELHARA"
NDL024,"TELIAMURA"
OTH0213,"TELIAMURA"
AGR1601,"TELIAMURA"
OTH0528,"TELIAMURA (AGARTALA)"
B001DUM02,"TELIAMURA (SCL)"
DH03133,"TELIPADA"
NTWB045,"TELIPARA"
JA01620,"TELIPARA"
NTWB182,"TELIPARA- ALIPURDUAR"
PUR0032,"TELKOLPARA"
DH03175,"TELMACHHO"
GA02387,"TELPA"
KA00395,"TEMATHA"
KO00680,"TEMATHA"
WES0018,"TEMATHANI"
EA00289,"TEMATHANI"
OTH0019,"TENGA"
DIB1301,"TENGAGHAT"
OTH0217,"TENGAKHAT"
OTH0730,"TENGAKHAT (DIBRUGARH)"
KO20070,"TENTULIA"
DH03204,"TENUGHAT"
OTH0591,"TEOK (JORHAT)"
DA01696,"TEOR"
UDI1501,"TEPANIA"
MAN0001,"TERA"
MAN1701,"TERA BAZAR"
MAN4501,"TERA KHANAM LEIRAK"
KIS00631,"TERAGACHH"
KIS0063,"TERHAGACHH"
BI00160,"TEST"
RT/28362,"TEST"
TEST100,"TEST MORIGAON"
TEST101,"TEST TATA"
BI00163,"TEST1"
BI00161,"TEST2"
BI00162,"TEST3"
BI00165,"TEST9"
LA03348,"TETERHAT, LAKHISARAI"
LA03294,"TETIA BIMBER"
DA02092,"TETRA CHOWK"
GAY0003,"TETUA"
GA02329,"TEUSA"
NDL031,"TEZPUR"
NTNE093,"TEZPUR"
OTH0379,"TEZPUR (TEZPUR)"
TEZ3901,"TEZPUR OFFICE"
TEZ3501,"TEZPUR RURAL"
TEZ3101,"TEZPUR TOWN"
APT0601,"TEZU"
OTH0293,"TEZU"
OTH0690,"TEZU (AP - TINSUKIA)"
OTH0102,"TEZU (NT)"
JHL0401,"THADLASKEIN"
MAL019,"THAKHATI"
DE03075,"THAKUR GANGTI"
BU00232,"THAKURANICHAWK"
NTBH005,"THAKURGANJ"
NTWB164,"THAKURGANJ"
KI02751,"THAKURGANJ"
RA02932,"THAKURGAON"
KO20055,"THAKURNAGAR"
JAL0005,"THAKURPATH"
KAL0010,"THAKURPUKUR"
KAL10,"THAKURPUKUR"
DAK0008,"THAKURPURA"
DIB3501,"THAKURTHAN"
WA01854,"THALI"
WA01877,"THALI ROAD"
LNA1901,"THAMNA"
LOWT0037,"THAMNA"
DIB3601,"THANA CHARALI"
WA01970,"THANA ROAD"
COO0013,"THANESWAR"
MAN5801,"THANGAL BAZAR"
DA01697,"THANGAPARA"
MAN1801,"THANGMEIBAND"
RA02877,"THARPAKANA"
WA01971,"THARTHARI"
SI02708,"THAWE"
WA01827,"THEKAHI MORE"
TEZ1201,"THELAMARA - DRG"
TEZ0010,"THELAMARA - TEZ"
AIZ3701,"THENZAWL"
NTNE058,"THENZAWL"
OTH0695,"THENZAWL (MIZORAM)"
DIB3701,"THERMAL"
AIZ5501,"THINGSULTHLIA"
MAN1901,"THOUBAL"
NTNE059,"THOUBAL"
AIZ8101,"THUAMPUI"
OTH0502,"TIHU TINALI (LOWER ASSAM 2)"
LNA2001,"TIHU TOWN"
LOWT0038,"TIHU TOWN"
GA02351,"TIKA BIGHA"
OTH0609,"TIKRIKILA (TURA PLAIN)"
TURH0027,"TIKRIKILLA"
TUR1801,"TIKRIKILLA"
TURP0019,"TIKRIKILLA"
DA02115,"TILAIYA POKHAR"
KO00564,"TILJALA"
DIB0401,"TILOI"
JA01600,"TINBATTI MORE"
DRP0167,"TINBATTI MORE"
DRH0167,"TINBATTI MORE"
NTWB055,"TINBATTI MORE"
DIB1401,"TINGKHANG"
DIB1501,"TINGRAI"
TIN0041,"TINGRAI - TINSUKIA"
MO00900,"TINNA"
TIN0033,"TINSUKIA"
NDL025,"TINSUKIA"
TIN1601,"TINSUKIA"
NTNE060,"TINSUKIA"
OTH0398,"TINSUKIA (TINSUKIA)"
KR00819,"TIORKHALI"
DIB1601,"TIPLING"
NTNE096,"TIPPI (NT)"
OTH0205,"TIRAP"
TA03374,"TIRILDIH"
DH03121,"TISRI"
JOR1001,"TITABOR"
OTH0561,"TITABOR (JORHAT)"
KO00565,"TITAGARH"
KO20004,"TITAGARH"
OTH0660,"TIZIT (NAGALAND)"
OTH0598,"TLABUNG (DIMAGIRI) (MIZORAM)"
KO00566,"TOBIN ROAD"
MA01138,"TOFI,6NO"
PUR0062,"TOKORIA"
KA00374,"TOLLYGUNGE"
DIB0031,"TONGNA,KAKOPOTHAR"
DIB31,"TONGNA,KAKOPOTHAR"
TIN0034,"TONGNA,KAKOPOTHAR"
OTH0607,"TOPATOLI (GUWAHATI URBAN)"
OTH0105,"TOPATOLI(NT)"
DH03164,"TOPCHACHI"
DH03199,"TOPKADIH"
KO00681,"TOPSIA"
KO10002,"TOPSIA"
KO00596,"TOPSIA"
AIZ4201,"TRAFFIC STAND"
MO00901,"TRIBENI"
DA01698,"TRIMOHINI"
BIR0025,"TRISULAPATTY"
SUP0043,"TRIVENIGANJ"
SA02291,"TRIVENIGANJ"
NAG1801,"TSIMENYU"
NAG0001,"TUENSANG"
CO01499,"TUFANGANJ"
NTWB062,"TUFANGANJ"
ALI0012,"TUFANGANJ"
COO00051,"TUFANGANJ I"
CO01500,"TUFANGANJ ROAD"
AL01542,"TUFANGANJ ROAD"
NTWB192,"TUFANGANJ- COOCHBEHAR"
AIZ0401,"TUIKUAL"
AIZ3101,"TUIPANG"
AGR0028,"TULASIKHAR"
NAG1001,"TULI"
OTH0696,"TULI (NAGALAND)"
MAN4601,"TULIHAL"
PUR0043,"TULIN"
MA01100,"TULSHIHATA"
MAL013,"TULSHIHATA BRIDZE"
MA01241,"TULSIHATA"
MA01151,"TULSIHATTA"
DA01381,"TUMBAJOTE"
DRH0123,"TUMBAJOTE"
DRP0123,"TUMBAJOTE"
JAL0057,"TUMBAJOTE-JALPAIGURI"
LOWO0056,"TUMNI"
LA30012,"TUMNI"
LGL0003,"TUMNI"
DRP0095,"TUMOL PARA"
DRH0095,"TUMOL PARA"
DA01353,"TUMOL PARA"
OTH0750,"TUMPRENG (NAGAON)"
DA01352,"TUMUL PARA"
DH03168,"TUNDI"
DH03171,"TUNDO"
UT01766,"TUNGIDIGHI"
RA02876,"TUNGRI TOLI"
RA02891,"TUPUDANA"
OTH0076,"TUPUL"
OTH0789,"TUPUL (MANIPUR)"
NTNE090,"TURA"
OTH0390,"TURA (TURA HILLS)"
TUR3801,"TURA BAZAR"
TURH0017,"TURA BAZAR"
OTH0343,"TURA HILLS"
OTH0349,"TURA PLAIN"
OTH0094,"TURIAL"
OTH0654,"TURIAL (MIZORAM)"
COO0026,"TURUKKATU"
LIK1101,"TUTING"
GA02383,"UANTA"
SIL7601,"UBHARBOND 2"
SILC0051,"UBHARBOND 2"
SI02709,"UCHAKAGAW"
SIW0002,"UCHKAGAWO"
OTH0297,"UDAIPUR"
OTH0459,"UDAIPUR (BAZAR) (UDAIPUR)"
NTNE061,"UDAIPUR KILLA"
SUP0044,"UDAKISUNGANJ"
SA02292,"UDAKISUNGANJ"
NTNE062,"UDALGURI"
TEZ2501,"UDALGURI"
SHA0071,"UDANG"
KO00477,"UDANG"
GA02348,"UDAYBIGHA"
KO00478,"UDAYNARAYANPUR"
SHA0072,"UDAYNARAYANPUR"
SA02795,"UDDAGHAT"
UDI5601,"UDH - AMARPUR"
UDI5301,"UDH - BELONIA"
UDI5501,"UDH - BISHALGARH"
UDI5201,"UDH - UDAIPUR"
AGR0004,"UDH-A SEPAHIJALA"
AGR0008,"UDH-A-GS"
UDI2701,"UDH-A-GS"
UDI2501,"UDH-B GOMATI"
AGR0005,"UDH-B GOMATI"
AGR0006,"UDH-C (ST) TEST"
UDI2801,"UDH-C-ST"
AGR0009,"UDH-C-ST"
AGR0007,"UDH-D UDAIPUR"
UDI2601,"UDH-D UDAIPUR"
OTH0756,"UDHARBAND (SILCHAR - CACHAR)"
SILC0057,"UDHARBOND"
OTH0048,"UDHARBOND"
SILC0052,"UDHARBOND1"
SIL7501,"UDHARBOND1"
DA02181,"UJAN"
JOR1101,"UJJANI MAJULI"
SA02807,"UJJIYPUR"
RA00958,"UKHRA"
MAN5601,"UKHRUL"
KA00375,"UKILERHAT"
BI00152,"ULKUNDA"
KO00567,"ULTADANGA"
GUWU0048,"ULUBARI"
GHY6201,"ULUBARI"
KO00479,"ULUBERIA"
SHA0073,"ULUBERIA"
DA02133,"UMAGAON"
MU01451,"UMARPUR"
DA02182,"UMGAON"
OTH0781,"UMJARAIN (SHILLONG)"
SHI1301,"UMLING"
NTNE063,"UMPLING"
NGN3701,"UMRANGSO"
KARB0007,"UMRANGSO"
OTH0143,"UMRANGSO"
NCHI0006,"UMRANGSO"
OTH0438,"UMRANGSO (N C HILLS)"
OTH0039,"UMRANGSU"
NTNE064,"UMROI"
SHI1401,"UMSNING"
OTH0633,"UMSNING (SHILLONG)"
GA02510,"UMTA MORE"
NTNE072,"UNAKOTI"
DIB3801,"UNIVERSITY"
TEZ3201,"UNIVERSITY ROAD"
DUM0035,"UNNAO"
SHA0074,"UNSANI"
KO00480,"UNSANI"
GA02511,"UNTA MADARPUR"
NTNE065,"UPER SIANG"
RA02861,"uppar bazar"
OTH0328,"UPPER ASSAM"
RAN0002,"UPPER BAZAR"
AIZ6701,"UPPER KETHLA"
AIZ6401,"UPPER REPUBLIC"
AIZ0005,"UPPER REPUBLIC"
NTNE081,"UPPER SIANG"
NTNE082,"UPPER SUBANSIRI"
GA02340,"UPTHU"
LA03289,"URDU CHOWK"
OTH0166,"URIA GAON"
GOL0009,"URIAMGHAT"
MAN4701,"URIPOK"
KIS0016,"URLAHA CHOWK"
RA02985,"URWAN MORE"
OTH0140,"USHA BAZAR"
KA00376,"USTHI"
NTWB167,"UTTAR DINAJPUR"
OTH0357,"UTTAR DINAJPUR"
KI02752,"UTTAR PALI"
NTWB153,"UTTARPARA"
KO00481,"UTTARPARA"
DNK0008,"UTTARPARA"
MOG0002,"UTTARPARA"
KO159,"V.I.P"
KO10059,"V.I.P"
WA01972,"V.I.P COLONY"
DE03035,"V.I.P. CHOWK"
AIZ7201,"VAIRENGTE"
OTH0316,"VAIRENGTE"
OTH0599,"VAIRENGTE (MIZORAM)"
SA02856,"VAISHALI"
AIZ8001,"VAIVAKAWN"
MA01242,"VALUKA"
MA01064,"VALUKAKA"
DUM0043,"VARANASI"
NDL026,"VAREINGTEE"
B003DUM02,"VARIENGTEE (SCL)"
OTH0435,"VASEIKAI (MIZORAM)"
UT01767,"VATOL"
KO00682,"VEBIA"
BE02568,"VEERPUR"
BIR0048,"VELIAN"
AIZ7501,"VENGLUI"
SA02831,"VIDIYAPATI NAGAR"
RA02866,"VIDYA NAGAR"
BUR0098,"VIDYANAGAR"
LA03228,"VIDYAPEETH CHOWK"
BHL0032,"VIJAY HAT"
SIW0001,"VIJAYIPUR"
OTH0310,"VIJOYNAGAR"
RA02913,"VIKASH"
BI00153,"VIMPUR"
GUWU0049,"VIP"
GHY4601,"VIP"
BA00069,"VISHNUPUR"
UT01768,"VITEAR"
SILC0053,"VIVEKANANDA ROAD"
SIL0009,"VIVEKANANDA ROAD"
OTH0661,"WAKCHING (NAGALAND)"
OTH0788,"WAKRO (AP - TINSUKIA)"
MAN2001,"WANGJING"
MAN2101,"WANGKHEI"
MAN4801,"WANGOI"
SA02832,"WANI PUSA"
GA02521,"WARISALIGANJ"
WA01973,"WARISALIGANJ"
WA01974,"WARISALIGANJ BAZAR"
WA01975,"WARISALIGANJ ROAD"
EW08DUM01,"WARSALIGANJ"
WAR0001,"WARSLIGANJ"
JAL0016,"WASHABARI"
GAY0002,"WAZIRGANJ"
DUM0012,"WEST CHAMPARAN"
NTNE066,"WEST GARO HILLS"
NTNE067,"WEST KAMENG"
AIZ3801,"WEST PHAILENG"
OTH0772,"WEST PHALLENG (MIZORAM)"
NTNE080,"WEST SIANG"
NTWB165,"WEST SIKKIM"
OTH0317,"WEST TRIPURA"
NTNE068,"WEST TRIPURA"
TURH0018,"WILLIAMNAGAR"
TUR2901,"WILLIAMNAGAR"
OTH0510,"WILLIAMNAGAR (TURA HILLS)"
NAG1101,"WOKHA"
GOL0001,"WOKHA"
MAN2201,"YAIRIPOK"
SIK0008,"YANGANG"
OTH0163,"YINGKIONG"
LIK0701,"YINGKIYONG"
OTH0024,"YINKIONG (AP)"
GA02428,"YOGAPUR"
WA01907,"YOGIBANA"
MAN2301,"YUMNAM KHUNOU"
SA02833,"ZAIL CHOWK"
DIB3901,"ZAMIRA"
AIZ1101,"ZEMABAWK"
NTNE069,"ZERO"
BH01803,"ZERO MILE"
TURH0026,"ZIKZAK"
TUR1901,"ZIKZAK"
TURP0020,"ZIKZAK"
SI02710,"ZIRADEI"
BAN0601,"ZIRO"
AIZ6001,"ZOBAWK"
AIZ2301,"ZOKHAWTHAR"
GHY2601,"ZOO ROAD"
GUWU0050,"ZOO ROAD"
OTH0618,"ZOO ROAD (GUWAHATI URBAN)"
OTH0165,"ZOO ROAD TINIALI"
AIZ8802,"ZOTLANG"
OTH0218,"ZUBZA"
OTH0368,"ZUBZA (NAGALAND)"
NAG1301,"ZUNHEBOTO"
