DNS Customer Code,Customer Name,Phone no,Route code,Route Name,Emp Code name,acedns,Credit Limit,Credit Days,Current Balance,Black list,TD,Branch code,Cust type,rds tag,Sauda validity period,Address,Landline no,Owner name,Owner phone,Cust class,Weekly closing day,Coverage type,GST,PAN,District,Minimum stock,Bank name,Bank account number,Email,Visit Day,State,Monthly Potential,Sauda limit,Incoterms,Loadability ton,Transport mode,Sauda type,Zone,Visit sequence,Appointment date,date_of_birth,date_of_anniversary,whatsapp_no,beneficiary_name,IFS_code,pin,Base lattitude,Base longitude,Retailer app,New Customer,Category of store,NLP,Area,Route No,Cluster,SAP customer code
,"",,NOIDA,"NOIDA",S10152;S10221;S10155;S10008;S10017;S10042;S10056;S10004;S01657;S10014;S10153;;S10244;S10230,Y,0,,0,N,0,,,"",,"",,"",,,,,,,,0,,,,,,0,0,,0,,,,0,0000-00-00,0000-00-00,0000-00-00,,,,,0,0,,,,,,,,
,"",,ORCHHA,"ORCHHA",S10152;S10221;S10155;S10008;S10017;S10042;S10056;S10004;S01657;S10014;S10153;;S10244;S10230,Y,0,,0,N,0,,,"",,"",,"",,,,,,,,0,,,,,,0,0,,0,,,,0,0000-00-00,0000-00-00,0000-00-00,,,,,0,0,,,,,,,,
,"",,NEW DELHI,"NEW DELHI",S10152;S10221;S10155;S10008;S10017;S10042;S10056;S10004;S01657;S10014;S10153;;S10244;S10230,Y,0,,0,N,0,,,"",,"",,"",,,,,,,,0,,,,,,0,0,,0,,,,0,0000-00-00,0000-00-00,0000-00-00,,,,,0,0,,,,,,,,
,"",,VARANASI,"VARANASI",S10152;S10221;S10155;S10008;S10017;S10042;S10056;S10004;S01657;S10014;S10153;;S10244;S10230,Y,0,,0,N,0,,,"",,"",,"",,,,,,,,0,,,,,,0,0,,0,,,,0,0000-00-00,0000-00-00,0000-00-00,,,,,0,0,,,,,,,,
,"",,RATLAM,"RATLAM",S10152;S10221;S10155;S10008;S10017;S10042;S10056;S10004;S01657;S10014;S10153;;S10244;S10230,Y,0,,0,N,0,,,"",,"",,"",,,,,,,,0,,,,,,0,0,,0,,,,0,0000-00-00,0000-00-00,0000-00-00,,,,,0,0,,,,,,,,
,"",,GURGAON (HARYANA),"GURGAON (HARYANA)",S10152;S10221;S10155;S10008;S10017;S10042;S10056;S10004;S01657;S10014;S10153;;S10244;S10230,Y,0,,0,N,0,,,"",,"",,"",,,,,,,,0,,,,,,0,0,,0,,,,0,0000-00-00,0000-00-00,0000-00-00,,,,,0,0,,,,,,,,
,"",,EAST DELHI,"EAST DELHI",S10152;S10221;S10155;S10008;S10017;S10042;S10056;S10004;S01657;S10014;S10153;;S10244;S10230,Y,0,,0,N,0,,,"",,"",,"",,,,,,,,0,,,,,,0,0,,0,,,,0,0000-00-00,0000-00-00,0000-00-00,,,,,0,0,,,,,,,,
,"",,FARIDABAD,"Faridabad",S10152;S10221;S10155;S10008;S10017;S10042;S10056;S10004;S01657;S10014;S10153;;S10244;S10230,Y,0,,0,N,0,,,"",,"",,"",,,,,,,,0,,,,,,0,0,,0,,,,0,0000-00-00,0000-00-00,0000-00-00,,,,,0,0,,,,,,,,
,"",,,"",S10152;S10221;S10155;S10008;S10017;S10042;S10056;S10004;S01657;S10014;S10153;;S10244;S10230,,0,,0,N,0,,,"",,"",,"",,,,,,,,0,,,,,,0,0,,0,,,,0,0000-00-00,0000-00-00,0000-00-00,,,,,0,0,,,,,,,,
,"",,GURGAON,"GURGAON",S10152;S10221;S10155;S10008;S10017;S10042;S10056;S10004;S01657;S10014;S10153;;S10244;S10230,Y,0,,0,N,0,,,"",,"",,"",,,,,,,,0,,,,,,0,0,,0,,,,0,0000-00-00,0000-00-00,0000-00-00,,,,,0,0,,,,,,,,
,"",,SAHARANPUR,"Saharanpur",S10152;S10221;S10155;S10008;S10017;S10042;S10056;S10004;S01657;S10014;S10153;;S10244;S10230,Y,0,,0,N,0,,,"",,"",,"",,,,,,,,0,,,,,,0,0,,0,,,,0,0000-00-00,0000-00-00,0000-00-00,,,,,0,0,,,,,,,,
0,"0",0,0,"0",,Y,0,0,0,N,0,,0,"",,"",,"0",,,,,,0,0,0,,,0,,,0,0,,0,,,,0,0000-00-00,0000-00-00,0000-00-00,,,,0,0,0,,,,,,,,
01512C,"AKHILESH CHITLANGIA",9230030140,KOLKATA,"KOLKATA",S10014,Y,0,0,0,N,0,441,O,"",,"12B JUDGES COURT ROAD",,"AKHILESH CHITLANGIA",,,,,,AGXPC2517P,KOLKATA,0,,,akhilesh@sardaplywood.com,,,0,0,,0,,,,0,1971-01-01,1971-01-01,1971-01-01,,,,700027,0,0,no,no,no,no,,,,
10018C,"VIMAL MALPANI",9015412900,NEW DELHI,"NEW DELHI",S10014,Y,0,0,0,N,0,441,O,"",,"A-199 TIMBER MARKET                     KIRTI NAGAR",,"VIMAL MALPANI",,,,,,AGBPM6872B,NEW DELHI,0,,,vimal.malpani@duroply.com,,,0,0,,0,,,,0,1971-01-01,1971-01-01,1971-01-01,,,,110015,0,0,no,no,no,no,,,,
30267C,"KANJIBHAI BABUBHAI SODHA",9979850712,JAM NAGAR,"JAM NAGAR",,Y,0,0,0,N,0,317,O,"",,"PLOT NO-187/9 RAMESHWAR BUNGLOW        SHYAM TOWNSHIP GULAB NAGAR              JAM NAGAR CITY",,"KANJIBHAI BABUBHAI SODHA",,,,,,DTAPS0225K,JAM NAGAR,0,,,kanji.sodha@duroply.com,,,0,0,,0,,,,0,1971-01-01,1971-01-01,1971-01-01,,,,361007,0,0,no,no,no,no,,,,
50541,"K.V KRISHNADAS",9954555700,JEYPORE,"JEYPORE",,Y,0,30,0,N,0,,O,"",,"VILL BAGHMORA",,"",,,,,,APXPK5023K,JEYPORE,0,,,,,,0,0,,0,,,,0,0000-00-00,0000-00-00,0000-00-00,,,,,0,0,,no,,no,,,,
60997,"JITUMONI GOGOI",7035423240,JEYPORE,"JEYPORE",,Y,0,0,0,N,0,,O,"",,"VILL. BAGHMORA PO. JEYPORE DIST- DIBRUGARH",,"JITUMONI GOGOI",,,,,,BPDPG9663J,JEYPORE,0,,,,,,0,0,,0,,,,0,0000-00-00,0000-00-00,0000-00-00,,,,,0,0,,no,,no,,,,
64,"M K HATIMURIA",,JEYPORE,"JEYPORE",,Y,0,,0,N,0,,O,"",,"JEYPORE  ASSAM",,"",,,,,,,JEYPORE,0,,,,,,0,0,,0,,,,0,0000-00-00,0000-00-00,0000-00-00,,,,,0,0,,no,,no,,,,
A0020,"ASHOK BHAI PATEL",,VERAVAL,"VERAVAL",,Y,0,45,0,N,0,,O,"",,"",,"",,,,,,,VERAVAL,0,,,,,,0,0,,0,,,,0,0000-00-00,0000-00-00,0000-00-00,,,,,0,0,,no,,no,,,,
A0024,"AMBIKA SALES CORPORATON",,DELHI,"DELHI",,Y,0,,0,N,0,,O,"",,"ROOM NO.111(1ST FLOOR)KOHLI COMPLAKS 8314/5 MULTANI DHANDA PAHARGANJNEW DELHI-110055",,"",,,,,,,DELHI,0,,,,,,0,0,,0,,,,0,0000-00-00,0000-00-00,0000-00-00,,,,,0,0,,no,,no,,,,
A0056,"ADARSH SYNTHETICS PVT.LTD.",,BHILWARA (RAJASTHAN),"BHILWARA (RAJASTHAN)",,Y,0,,0,N,0,,O,"",,"52-53INDUSTRIAL AREA PUR ROAD",,"",,,,,,,BHILWARA (RAJASTHAN),0,,,,,,0,0,,0,,,,0,0000-00-00,0000-00-00,0000-00-00,,,,,0,0,,no,,no,,,,
A0063,"ARVIND GLASS STORE",,BARMER (RAJASTHAN,"BARMER (RAJASTHAN",,Y,0,,0,N,0,,O,"",,"STATION ROAD",,"",,,,,,,BARMER (RAJASTHAN,0,,,,,,0,0,,0,,,,0,0000-00-00,0000-00-00,0000-00-00,,,,,0,0,,no,,no,,,,
A0091,"ANKIT CHATURBEDI",,,"",,Y,0,,0,N,0,,O,"",,"NEW DELHI",,"",,,,,,,,0,,,,,,0,0,,0,,,,0,0000-00-00,0000-00-00,0000-00-00,,,,,0,0,,no,,no,,,,
A016,"A.D.& SONS",,NEW DELHI,"NEW DELHI",,Y,0,,0,N,0,,O,"",,"X-10OKHLA IND. AREA PHASE-II",,"",,,,,,AJWPS2455A,NEW DELHI,0,,,,,,0,0,,0,,,,0,0000-00-00,0000-00-00,0000-00-00,,,,,0,0,,no,,no,,,,
A020,"ARUNACHAL PLYWOOD CENTRE",9694095854,JODHPUR,"JODHPUR",D10323;D10354,Y,0,0,0,N,0,427,D,"",,"GANESH BHAWAN                            IST C-ROAD SARDARPURA",,"Mr. KANTII LAL JANGID",,,,,,AAMPJ4323K,JODHPUR,0,,,apc.jodhpur@gmail.com,,,0,0,,0,,,,0,1971-01-01,1971-01-01,1971-01-01,,,,342001,0,0,no,no,no,no,,,,
A035,"AGARWAL DEPARTMENTAL STORE",,DELHI,"DELHI",,Y,0,,0,N,0,,O,"",,"CD-104APITAMPURA",,"",,,,,,.,DELHI,0,,,,,,0,0,,0,,,,0,0000-00-00,0000-00-00,0000-00-00,,,,,0,0,,no,,no,,,,
A1007,"ADROIT INTERIORS",,JAIPUR,"JAIPUR",,Y,0,0,0,N,0,,O,"",,"A-40KIRTI NAGAROPP.KAMAL & CO.TONK ROAD",,"",,,,,,AKDPG3730A,JAIPUR,0,,,jainplywoodhouse@gmail.com,,,0,0,,0,,,,0,0000-00-00,0000-00-00,0000-00-00,,,,302019,0,0,,no,,no,,,,
A1015,"ADITYA ENTERPRISES",8865755730,HUBLI,"HUBLI",S01797;D01951,Y,0,0,0,N,0,553,D,"",,"PLOT NO 82 AND 84 YALLAPUR GRAM CTS       21/1A ISLAMPUR ROAD MUNCIPALWARD 59",,"Mr. ADITYA MODI",,,,,,AFPPM7015P,HUBLI,0,,,pushpaaditya@gmail.com,,,0,0,,0,,,,0,1971-01-01,1971-01-01,1971-01-01,,,,580024,0,0,no,no,no,no,,,,
A1054,"AGGARWAL TIMBER & PLYWOOD CO",,GREATER NOIDA,"GREATER NOIDA",S10152,Y,0,0,0,N,0,447,D,"",,"G-31 SITE-IV                            UPSIDC MASNA ROAD",,"BAJRANG GOEL",,,,,,ADAPG1187F,GREATER NOIDA,0,,,,,,0,0,,0,,,,0,1971-01-01,1971-01-01,1971-01-01,,,,201308,0,0,no,no,no,no,,,,
A1059,"ADARSH FURNITURE CENTRE",,SATNA (M.P.),"SATNA (M.P.)",,Y,0,,0,N,0,,O,"",,"ADARSH NAGAR REWA ROAD",,"",,,,,,,SATNA (M.P.),0,,,,,,0,0,,0,,,,0,0000-00-00,0000-00-00,0000-00-00,,,,,0,0,,no,,no,,,,
A1060,"ANGANA ENTERPRISE",,JAMSHEDPUR,"JAMSHEDPUR",,Y,0,,0,N,0,,O,"",,"ASHYANA TRADE CENTRE 113 - 116 1ST. FLOOR JAMSHEDPUR",,"",,,,,,,JAMSHEDPUR,0,,,,,,0,0,,0,,,,0,0000-00-00,0000-00-00,0000-00-00,,,,,0,0,,no,,no,,,,
A1085,"ASHA BUILDRS LTD",,MURTHAL (HARYANA ),"MURTHAL (HARYANA )",,Y,0,,0,N,0,,O,"",,"MURTHAL",,"",,,,,,,MURTHAL (HARYANA ),0,,,,,,0,0,,0,,,,0,0000-00-00,0000-00-00,0000-00-00,,,,,0,0,,no,,no,,,,
A1087,"AJANTA PLY & HARDWARE AGENCIES PVT. LTD.",9839029207,KANPUR,"KANPUR",S10177,Y,0,0,0,N,0,447,D,"",,"111-A/418 ASHOK NAGAR 80 FEET ROAD",,"MANISH JHAWAR",,,,,,AAHCA5723A,KANPUR,0,,,ajantaagencies2006@gmail.com,,,0,0,,0,,,,0,0000-00-00,0000-00-00,0000-00-00,,,,208012,0,0,,,,,,,,
A1096,"ADARSH GANESH ADVOCATE",,DELHI,"DELHI",,Y,0,,0,N,0,,O,"",,"D-5/11 SECTOR-15 ROHINI",,"",,,,,,,DELHI,0,,,,,,0,0,,0,,,,0,0000-00-00,0000-00-00,0000-00-00,,,,,0,0,,no,,no,,,,
A1103,"AUGUST MARKETING & SERVICES CO",,,"",,Y,0,,0,N,0,,O,"",,"PUNJAB",,"",,,,,,,,0,,,,,,0,0,,0,,,,0,0000-00-00,0000-00-00,0000-00-00,,,,,0,0,,no,,no,,,,
A1108,"ASHWIN ARTS, JODHPUR (RAJ.)",,JODHPUR (RAJASTHAN),"JODHPUR (RAJASTHAN)",,Y,0,,0,N,0,,O,"",,"4F-53POWER HOUSE ROAD",,"",,,,,,,JODHPUR (RAJASTHAN),0,,,,,,0,0,,0,,,,0,0000-00-00,0000-00-00,0000-00-00,,,,,0,0,,no,,no,,,,
A1114,"ASSAM PLY & HARDWARE HOUSE",9431430681,SILAW,"SILAW",S01386,Y,400000,30,0,N,0,219,O,"",,"BY PASS ROADSILAW",,"SUDHIR KUMAR",9431430881,,,,,,SILAW,0,,,,,,0,0,,0,,,,0,0000-00-00,0000-00-00,0000-00-00,,,,824118,0,0,,no,,no,,,,
A1123,"AHLUWALIA CONSTRACTS (INDIA) LTD",,KOLKATA,"KOLKATA",,Y,1500000,30,0,N,0,,O,"",,"PLOT NO. DH 7  & 8 NEW TOWN RAJARHAT",,"",,,,,,,KOLKATA,0,,,,,,0,0,,0,,,,0,0000-00-00,0000-00-00,0000-00-00,,,,,0,0,,no,,no,,,,
A1128,"ACHINT CHEMICALS",,BHILWARA(RAJASTHAN),"BHILWARA(RAJASTHAN)",,Y,0,,0,N,0,,O,"",,"AJMER ROADSUBHASH NAGASR NEAR SANT ANSLAM SCHOOL",,"",,,,,,,BHILWARA(RAJASTHAN),0,,,,,,0,0,,0,,,,0,0000-00-00,0000-00-00,0000-00-00,,,,,0,0,,no,,no,,,,
A1134,"A. K. INTERNATIONAL",9837035492,HAPUR,"HAPUR",S10142,Y,500000,30,0,N,0,448,D,"",,"122 GYAN LOK CHANDI ROAD",,"ADITYA KUMAR GARG",,,,,,AANPG4353K,HAPUR,0,,,akinternational@gmail.com,,,0,0,,0,,,,0,0000-00-00,0000-00-00,0000-00-00,,,,245101,0,0,,,,no,,,,
A1135,"ARVIND SINGH",,,"",,Y,0,,0,N,0,,O,"",,"",,"",,,,,,,,0,,,,,,0,0,,0,,,,0,0000-00-00,0000-00-00,0000-00-00,,,,,0,0,,no,,no,,,,
A1136,"AMBIKA GLASS & PLYWOOD STORE",9837893696,KASHIPUR,"KASHIPUR",S10230,Y,0,0,0,N,0,448,O,"",,"STATION ROAD",,"VIJAY SINGH SOLANKI",,,,,,AABFA6139K,KASHIPUR,0,,,anuragksp@gmail.com,,,0,0,,0,,,,0,0000-00-00,0000-00-00,0000-00-00,,,,244713,0,0,,,,,,,,
A1141,"AGGARWAL WOOD INDUSTRIES",,YAMUNA NAGAR (HARYAN,"YAMUNA NAGAR (HARYAN",,Y,0,,0,N,0,,O,"",,"KHAJURIA ROAD",,"",,,,,,,YAMUNA NAGAR (HARYAN,0,,,,,,0,0,,0,,,,0,0000-00-00,0000-00-00,0000-00-00,,,,,0,0,,no,,no,,,,
A1145,"A.S.APPARTMENT (P) LTD",,NEW DELHI,"NEW DELHI",,Y,0,,0,N,0,,O,"",,"E-6 G.K. ENCLAVE PART-I",,"",,,,,,,NEW DELHI,0,,,,,,0,0,,0,,,,0,0000-00-00,0000-00-00,0000-00-00,,,,,0,0,,no,,no,,,,
A1151,"AMBUJA HOUSING & URBAN INFRA.CO LTD",,KOLKATA,"KOLKATA",,Y,0,30,0,N,0,,O,"",,"VISHWAKARMA 86C TOPSIA ROAD(SOUTH)",,"",,,,,,,KOLKATA,0,,,,,,0,0,,0,,,,0,0000-00-00,0000-00-00,0000-00-00,,,,,0,0,,no,,no,,,,
A1154,"AGARWAL PLYWOOD TRADERS",,DELHI,"DELHI",,Y,0,,0,N,0,,D,"",,"SHOP NO.6 WEST GURU ANGAD NAGAR RADHU PALACE",,"",,,,,,AAFPA8828H,DELHI,0,,,,,,0,0,,0,,,,0,0000-00-00,0000-00-00,0000-00-00,,,,,0,0,,no,,no,,,,
A1155,"AGARWAL PLYWOOD HOME",9837086866,MUZAFFAR NAGAR,"MUZAFFAR NAGAR",S10230;D10437,Y,0,0,0,N,0,448,D,"",,"AGARWAL MARKET                           NEAR MAHAVIR CHOWK",,"AMIT AGGARWAL",9837086866,,,,,AENPK6073N,MUZAFFARNAGAR,0,,,amitaph34@gmail.com,,,0,0,,0,,,,0,1971-01-01,1971-01-01,1971-01-01,,,,251001,0,0,no,no,no,no,,,,
A1155,"AGARWAL PLYWOOD HOME",9837086866,MUZAFFARNAGAR,"MUZAFFARNAGAR",S10230;D10437,Y,0,0,0,N,0,448,D,"",,"AGARWAL MARKET                           NEAR MAHAVIR CHOWK",,"AMIT AGGARWAL",9837086866,,,,,AENPK6073N,MUZAFFARNAGAR,0,,,amitaph34@gmail.com,,,0,0,,0,,,,0,1971-01-01,1971-01-01,1971-01-01,,,,251001,0,0,no,no,no,no,,,,
A1167,"AGARWAL PLYWOOD & TIMBER STORE",,NEW DELHI,"NEW DELHI",,Y,0,,0,N,0,,O,"",,"489/55/1AMALVIYA NAGAR",,"",,,,,,,NEW DELHI,0,,,,,,0,0,,0,,,,0,0000-00-00,0000-00-00,0000-00-00,,,,,0,0,,no,,no,,,,
A1170,"ASHOK INTERIOR",,Bangalore,"BANGALORE",S01405,Y,500000,60,0,N,0,553,O,"",,"# 19 AKSHAYA NAGARYELCHENAHALLIDLF NEWTOWN",,"",,,,,,,BANGALORE,0,,,,,,0,0,,0,,,,0,0000-00-00,0000-00-00,0000-00-00,,,,560068,0,0,,no,,no,,,,
A1178,"ASHISH INTERBUILD PVT LTD",,NEW DELHI,"NEW DELHI",,Y,500000,30,0,N,0,,P,"",,"796/2K-BLOCK MAHIPALPUR I.G.I.AIRPORT",,"",,,,,,,NEW DELHI,0,,,,,,0,0,,0,,,,0,0000-00-00,0000-00-00,0000-00-00,,,,,0,0,,no,,no,,,,
A1179,"ATLANTIC APPLIANCES PVT LTD",,DELHI,"DELHI",,Y,0,,0,N,0,,O,"",,"A-3334RING ROAD RAJOURI GARDEN",,"",,,,,,,DELHI,0,,,,,,0,0,,0,,,,0,0000-00-00,0000-00-00,0000-00-00,,,,,0,0,,no,,no,,,,
A1183,"APPOLO INFRAPROJECTS LIMITED",,BHUBANESWAR,"BHUBANESWAR",,Y,0,,0,N,0,,O,"",,"PLOT NO 2132/4738 NAGESWAR TANGI BHUBANESWAR",,"",,,,,,,BHUBANESWAR,0,,,,,,0,0,,0,,,,0,0000-00-00,0000-00-00,0000-00-00,,,,,0,0,,no,,no,,,,
A1193,"AMRATLAL & CO.",0,KOLKATA,"KOLKATA",S01657;D02002,Y,0,0,0,N,0,457,O,"",,"59B HAZRA ROAD",,"0",,,,,,0,KOLKATA,0,,,0,,,0,0,,0,,,,0,0000-00-00,0000-00-00,0000-00-00,,,,700029,0,0,,no,,no,,,,
A1203,"AKSHAY KUMAR BEHURIA",,BHUBANESWAR,"BHUBANESWAR",,Y,0,,0,N,0,,O,"",,"21 GAJAPATI NAGAR NEAR PRESS CHHAK BHUBANESWAR",,"",,,,,,NA,BHUBANESWAR,0,,,,,,0,0,,0,,,,0,0000-00-00,0000-00-00,0000-00-00,,,,,0,0,,no,,no,,,,
A1205,"ATS INFRASTRUCTURE LTD",,NOIDA,"NOIDA",,Y,0,,0,N,0,,P,"",,"ATS HOUSE K-19 SECTOR-18",,"",,,,,,AADCA0609B,NOIDA,0,,,,,,0,0,,0,,,,0,0000-00-00,0000-00-00,0000-00-00,,,,,0,0,,no,,no,,,,
A1207,"ASHOK GHOSAL",0,KOLKATA,"KOLKATA",S01657;D02002,Y,0,0,0,N,0,457,O,"",,"CK MARKET CL-36 SALT LAKE",,"0",,,,,,0,KOLKATA,0,,,0,,,0,0,,0,,,,0,0000-00-00,0000-00-00,0000-00-00,,,,700091,0,0,,no,,no,,,,
A121,"AMIT & CO (GHAZIABAD)",,GHAZIABAD (UP),"GHAZIABAD (UP)",,Y,0,,0,N,0,,O,"",,"",,"",,,,,,,GHAZIABAD (UP),0,,,,,,0,0,,0,,,,0,0000-00-00,0000-00-00,0000-00-00,,,,,0,0,,no,,no,,,,
A1211,"ANKIT JALAN",0,KOLKATA,"KOLKATA",S01657;D02002,Y,0,0,0,N,0,457,O,"",,"BELAIRE APPARTMENT 16-TH FLOOR 9 ALIPORE PARK ROAD",,"0",,,,,,0,KOLKATA,0,,,0,,,0,0,,0,,,,0,0000-00-00,0000-00-00,0000-00-00,,,,700027,0,0,,no,,no,,,,
A1232,"ABC PLYWOOD CENTRE",9435101204,GUWAHATI,"GUWAHATI",S01785,Y,1000000,30,0,N,0,458,D,"",,"G.S. ROAD PALTAN BAZAR",,"ANIMESH DAS",,,,,,AIIPD6117F,GUWAHATI,0,,,abcplywoodcentre@gmail.com,,,0,0,,0,,,,0,0000-00-00,0000-00-00,0000-00-00,,,,781008,0,0,,,,,,,,
A1244,"A M TIMBERS",,GUWAHATI,"GUWAHATI",,Y,0,,0,N,0,,O,"",,"G.S. ROAD CHRISTIAN BASTI DISPUR",,"",,,,,,ADVPD3313P,GUWAHATI,0,,,,,,0,0,,0,,,,0,0000-00-00,0000-00-00,0000-00-00,,,,,0,0,,no,,no,,,,
A1263,"ADHUNIK PLYWOOD & HARDWARE",,BASTI,"BASTI",,Y,0,,0,N,0,,O,"",,"ADHUNIK MARKET GANDHI NAGAR",,"",,,,,,,BASTI,0,,,,,,0,0,,0,,,,0,0000-00-00,0000-00-00,0000-00-00,,,,,0,0,,no,,no,,,,
A1265,"ANAND TRADING COMPANY",9323141941,MUMBAI,"MUMBAI",S01430,Y,0,0,0,N,0,331,D,"",,"C-1301 HILL CREST                        SARIPUT NAGAR ANDHERI (E)               OPP. SATYADARSHAN SOCIETY",,"USHA MOHTA",,,,,,AAIPM2304D,MUMBAI,0,,,nareshp25@gmail.com,,,0,0,,0,,,,0,1971-01-01,1971-01-01,1971-01-01,,,,400093,0,0,no,no,no,no,,,,
A1270,"AURA DE ASIA HOTELS",,NEW DELHI,"NEW DELHI",,Y,0,,0,N,0,,O,"",,"31 EAST PARK ROAD (OPP HDFC BANK) KAROL BAGH",,"",,,,,,,NEW DELHI,0,,,,,,0,0,,0,,,,0,0000-00-00,0000-00-00,0000-00-00,,,,,0,0,,no,,no,,,,
A1271,"ARUN MITTAL",9416013131,SONIPAT,"SONIPAT",,Y,0,0,0,N,0,,O,"",,"KATH MANDI",,"",,,,,,,SONIPAT,0,,,rajivmittal1984@gmail.com,,,0,0,,0,,,,0,0000-00-00,0000-00-00,0000-00-00,,,,,0,0,,no,,no,,,,
A1279,"ASHOK KUMAR & SONS",,SAHARANPUR-(U.P.),"SAHARANPUR-(U.P.)",,Y,0,,0,N,0,,O,"",,"DAL MANDI",,"",,,,,,,SAHARANPUR-(U.P.),0,,,,,,0,0,,0,,,,0,0000-00-00,0000-00-00,0000-00-00,,,,,0,0,,no,,no,,,,
A1289,"AGARWAL TRADING CO",,DELHI,"DELHI",,Y,0,,0,N,0,,O,"",,"2187/18 GALI HINGABEG TILAK BAZAR",,"",,,,,,AGXPB8942M,DELHI,0,,,,,,0,0,,0,,,,0,0000-00-00,0000-00-00,0000-00-00,,,,,0,0,,no,,no,,,,
A1290,"AGGARWAL TIMBER CORPORATION",9891011999,NEW DELHI,"NEW DELHI",S10155;S10251,Y,0,0,0,N,0,441,D,"",,"213KARKARDUMASAINI ENCLAVE             NEAR CENTRAL BANK OF INDIA               NEW DELHI",,"RAJESH AGARWAL",,,,,,AAGPA9353A,DELHI,0,,,,,,0,0,,0,,,,0,1971-01-01,1971-01-01,1971-01-01,,,,110092,0,0,no,no,no,no,,,,
A1290,"AGGARWAL TIMBER CORPORATION",9891011999,DELHI,"DELHI",S10155;S10251,Y,0,0,0,N,0,441,D,"",,"213KARKARDUMASAINI ENCLAVE             NEAR CENTRAL BANK OF INDIA               NEW DELHI",,"RAJESH AGARWAL",,,,,,AAGPA9353A,DELHI,0,,,,,,0,0,,0,,,,0,1971-01-01,1971-01-01,1971-01-01,,,,110092,0,0,no,no,no,no,,,,
A1291,"ASIA PACIFICE EXPORTS",,JODHPUR (RAJ),"JODHPUR (RAJ)",,Y,0,,0,N,0,,D,"",,"E-607/608 G-627/628EPIE ZONE BARANDA INDUSTRIAL AREA",,"",,,,,,AAFFA6853Q,JODHPUR (RAJ),0,,,,,,0,0,,0,,,,0,0000-00-00,0000-00-00,0000-00-00,,,,,0,0,,no,,no,,,,
A1292,"ATS EXIM LIMITED",9891129514,NOIDA,"NOIDA",,Y,0,0,0,N,0,,P,"",,"K-19 SECTOR-18",,"DEEPAK NAYAK",,,,,,AAHCA7113N,NOIDA,0,,,deepak.nayak@atsgreen.com,,,0,0,,0,,,,0,0000-00-00,0000-00-00,0000-00-00,,,,,0,0,,no,,no,,,,
A1296,"ASHISH INTERBUILD PVT LTD",9930930423,MUMBAI,"MUMBAI",,Y,1500000,45,0,N,0,331,O,"",,"204 ARK INDUSTRIAL ESTATEMAKAWANA ROADMAROL ANDHERI (EAST)",,"",02240272727,,,,,,MUMBAI,0,,,abdullah.khan@ashishinterbuild.com,,,0,0,,0,,,,0,0000-00-00,0000-00-00,0000-00-00,,,,400059,0,0,,no,,no,,,,
A1300,"ANSHUL SUTTING PVT LTD",,BHILWARA (RAJ),"BHILWARA (RAJ)",,Y,0,0,0,N,0,,D,"",,"E-17NAGORI GARDEN",,"",,,,,,AACCA8563F,BHILWARA (RAJ),0,,,,,,0,0,,0,,,,0,0000-00-00,0000-00-00,0000-00-00,,,,,0,0,,no,,no,,,,
A1311,"ANEESH TRADERS",9845744557,JODHPUR,"JODHPUR",,Y,2000000,45,0,N,0,553,D,"",,"RADHA COMPLEXUDUPI MANIPAL ROADKADIYALI",,"ANILPRABHAKAR PAI",08202521557,,,,,,UDUPI,0,,,aneeshtrader@yahoo.co.in,,,0,0,,0,,,,0,0000-00-00,0000-00-00,0000-00-00,,,,576101,0,0,,no,,no,,,,
A1311,"ANEESH TRADERS",9845744557,UDUPI,"UDUPI",,Y,2000000,45,0,N,0,553,D,"",,"RADHA COMPLEXUDUPI MANIPAL ROADKADIYALI",,"ANILPRABHAKAR PAI",08202521557,,,,,,UDUPI,0,,,aneeshtrader@yahoo.co.in,,,0,0,,0,,,,0,0000-00-00,0000-00-00,0000-00-00,,,,576101,0,0,,no,,no,,,,
A1313,"AADINATH ENTERPRISES",9415005531,LUCKNOW,"LUCKNOW",,Y,1500000,30,0,N,0,,O,"",,"GARI KANORA TALKATORA  India",,"ROLI JAIN",,,,,,AHAPJ0212E,LUCKNOW,0,,,jainindustrieslko@gmail.com,,,0,0,,0,,,,0,0000-00-00,0000-00-00,0000-00-00,,,,,0,0,,no,,no,,,,
A1324,"ASHOKA HARDWARES",9234801915,CHAIBASA,"CHAIBASA",,Y,250000,30,0,N,0,,D,"",,"SADAR BAZAR CHAIBASA WEST SINGBHUM",,"AJAY CHOUMAL",,,,,,AHRPC5497R,CHAIBASA,0,,,ashokahardwares19@gmail.com,,,0,0,,0,,,,0,0000-00-00,0000-00-00,0000-00-00,,,,,0,0,,no,,no,,,,
A1327,"ASIAN SALES CORPORATION",,DELHI,"DELHI",,Y,0,,0,N,0,,O,"",,"352 MAHAVIR BAZAR TELIWARA SADAR BAZAR",,"",,,,,,ADGPC8653E,DELHI,0,,,,,,0,0,,0,,,,0,0000-00-00,0000-00-00,0000-00-00,,,,,0,0,,no,,no,,,,
A1332,"ASIAN PLY MARKETING",9372114128,ICHALKARANJI,"ICHALKARANJI",,Y,3000000,45,0,N,0,331,D,"",,"OPP. NAMDEV BHAVANGROUND KAGWADE MALA",,"OMPRAKASH KHANDELWAL",,,,,,AJLPK4681R,ICHALKARANJI,0,,,vinayakmarketing@yahoo.com,,,0,0,,0,,,,0,0000-00-00,0000-00-00,0000-00-00,,,,416115,0,0,,no,,no,,,,
A1348,"ALSORG INTERIORS INDIA PVT LTD",9711601242,GURGAON,"GURGAON",S10008,Y,1500000,60,0,N,0,451,P,"",,"VIL:-BEGAMPURKHATOLA ?RCTNGL-11 KHASRA NO.2 & 9 BEHRAMPUR RD",,"SASHI",,,,,,AAICA5824D,GURGAON,0,,,ritesh@alsorg.com,,,0,0,,0,,,,0,0000-00-00,0000-00-00,0000-00-00,,,,122001,0,0,,,,no,,,,
A1354,"AJAY KUMAR PATODIA",9230144475,KOLKATA,"KOLKATA",S01657;D02002,Y,0,0,0,N,0,457,O,"",,"314A CHITTARANJAN AVENUE",,"AJAY KUMAR PATODIA",,,,,,AFKPP2037F,KOLKATA,0,,,0,,,0,0,,0,,,,0,0000-00-00,0000-00-00,0000-00-00,,,,700006,0,0,,no,,no,,,,
A1366,"ASHISH HARDWARE & SANITARY STORE",9479343877,SHIVPURI,"SHIVPURI",D02072,Y,0,0,0,N,0,446,D,"",,"SHANKAR COLONY",,"",,,,,,AKKPK4815D,SHIVPURI,0,,,ashish88815@gmail.com,,,0,0,,0,,,,0,1971-01-01,1971-01-01,1971-01-01,,,,473551,0,0,no,no,no,no,,,,
A137,"AGARWAL WOOD PRODUCT",,NEW DELHI,"NEW DELHI",,Y,0,,0,N,0,,O,"",,"2994/2  BHAGAT SINGH STR PHARGANJ",,"",,,,,,,NEW DELHI,0,,,,,,0,0,,0,,,,0,0000-00-00,0000-00-00,0000-00-00,,,,,0,0,,no,,no,,,,
A1376,"AMBICA PLYWOODS",9830918118,KOLKATA,"KOLKATA",,Y,200000,30,0,N,0,,O,"",,"13A HARISH NEOGI ROAD",,"",,,,,,,KOLKATA,0,,,,,,0,0,,0,,,,0,0000-00-00,0000-00-00,0000-00-00,,,,,0,0,,no,,no,,,,
A1381,"AJAY TRADERS",,HAMIRPUR,"HAMIRPUR",,Y,0,45,0,N,0,,D,"",,"BARD NO.11 NEAR POLYTECNICAL COLLEGE",,"",,,,,,ARBPK5394B,HAMIRPUR,0,,,,,,0,0,,0,,,,0,0000-00-00,0000-00-00,0000-00-00,,,,,0,0,,no,,no,,,,
A1383,"AVADH GLASS & PLYWOOD HOUSE",,LUCKNOW,"LUCKNOW",,Y,0,0,0,N,0,,D,"",,"SANJAY GANDHI PURAM NEAR KUKRAIL BRIDGE FAIZABAD ROAD",,"SOURABH AGARWALL",,,,,,ABWPA3163B,LUCKNOW,0,,,,,,0,0,,0,,,,0,0000-00-00,0000-00-00,0000-00-00,,,,,0,0,,no,,no,,,,
A1384,"AMRIT COLONISERS PVT LTD",7554209412,BHOPAL,"BHOPAL",,Y,2000000,30,0,N,0,446,O,"",,"PLOT NO 17ZONE-IIM.P.NAGAR",,"SHREE P. S. BINDRA",,,,,,AAICA9146N,BHOPAL,0,,,ahplbpl@yahoo.com,,,0,0,,0,,,,0,0000-00-00,0000-00-00,0000-00-00,,,,462011,0,0,,no,,no,,,,
A1387,"AADARSH INTERIORS",9885377077,KAKINADA,"KAKINADA",,Y,3500000,45,0,N,0,525,D,"",,"DOOR NO.12-1-2 JAWAHAR STREET EAST GODAVARI DISTRICT",,"HARVISH",+44919246821080,,,,,AJRPK7805M,KAKINADA,0,,,aadarshinte@gmail.com,,,0,0,,0,,,,0,0000-00-00,0000-00-00,0000-00-00,,,,533001,0,0,,,,,,,,
A1398,"ACRUX REALCON PVT LTD",9437051115,BHUBANESWAR,"BHUBANESWAR",,Y,500000,30,0,N,0,,O,"",,"N/2 60  IRC VILLAGE",,"RAMESH CHANDRA SWAIN",,,,,,AAECA5144Q,BHUBANESWAR,0,,,acruxrealcon@yahoo.co.in,,,0,0,,0,,,,0,0000-00-00,0000-00-00,0000-00-00,,,,,0,0,,no,,no,,,,
A140,"AJANTA AGENCIES",,KANPUR,"KANPUR",,Y,0,,0,N,0,,O,"",,"111A/418 ASHOK NAGAR 80 FEET ROAD",,"",,,,,,,KANPUR,0,,,agantaagencies2006@gmail.com,,,0,0,,0,,,,0,0000-00-00,0000-00-00,0000-00-00,,,,,0,0,,no,,no,,,,
A1403,"A K ASSOCIATES",,MUMBAI,"MUMBAI",,Y,1000000,45,0,N,0,331,O,"",,"A/52 NAIK NAGAROPP.SION RAILWAY STATIONL.B.S.MARG SION (WEST)",,"",69591632,,,,,,MUMBAI,0,,,,,,0,0,,0,,,,0,0000-00-00,0000-00-00,0000-00-00,,,,400002,0,0,,no,,no,,,,
A1405,"A.D.PLYWOOD(INDIA)PRIVATE LTD.",9311224042,NEW DELHI,"NEW DELHI",S10244,Y,500000,45,0,N,0,441,D,"",,"X-10OKHLA IND.AREA PHASE-II",,"ANEESH KUMAR SAINI",,,,,,AAJCA3839P,NEW DELHI,0,,,adplywood@gmail.com,,,0,0,,0,,,,0,0000-00-00,0000-00-00,0000-00-00,,,,,0,0,,no,,no,,,,
A1407,"AVNI ENTERPRISES",9423167827,RIBANDAR,"RIBANDAR",S01698,Y,1500000,60,0,N,0,553,D,"",,"2/198/B NEAR HOTEL SHAURYARAMBHUVAN WADA",,"MADAN N. SAWANT",,,,,,ARIPS0145H,RIBANDAR,0,,,mnsawant2211@gmail.com,,,0,0,,0,,,,0,0000-00-00,0000-00-00,0000-00-00,,,,403006,0,0,,no,,no,,,,
A1415,"A.K.MAHESHWARI",,KAIMGUNJ,"KAIMGUNJ",,Y,0,,0,N,0,,O,"",,"RAILWAY ROAD KAIMGANG U.P.",,"",,,,,,,KAIMGUNJ,0,,,,,,0,0,,0,,,,0,0000-00-00,0000-00-00,0000-00-00,,,,,0,0,,no,,no,,,,
A1419,"ANIL PACHISIA",,PATNA,"PATNA",S01386,Y,0,30,0,N,0,219,O,"",,"MATRI CHHAYAEXHIBITION ROAD",,"ANIL PACHISIA",,,,,,,PATNA,0,,,patna@sardaplywood.com,,,0,0,,0,,,,0,0000-00-00,0000-00-00,0000-00-00,,,,800001,0,0,,no,,no,,,,
A1434,"AGRAWAL POWER PRIVATE LIMITED",9826875551,BHOPAL,"BHOPAL",,Y,2000000,30,0,N,0,446,O,"",,"250 SAGAR PLAZA ZONE-IIM.P. NAGAR",,"",,,,,,AAGCA2666M,BHOPAL,0,,,,,,0,0,,0,,,,0,0000-00-00,0000-00-00,0000-00-00,,,,462001,0,0,,no,,no,,,,
A1435,"ANAND TIMBER COMPANY",9838103012,KANPUR,"KANPUR",S10177,Y,3000000,45,0,N,0,447,D,"",,"3-JAGAI PURWA CHAKERI ROAD",,"RAKESH KUMAR ANAND",,,,,,AAKFA5148F,KANPUR,0,,,tanuj_anand2002@yahoo.com,,,0,0,,0,,,,0,0000-00-00,0000-00-00,0000-00-00,,,,208007,0,0,,,,,,,,
A1439,"ACHIEVERS BUILDERS PRIVATE LTD",09810156088,FARIDABAD,"Faridabad",S10008,Y,0,45,0,N,0,441,P,"",,"KALINDI HILLS SECTOR-49",,"SANJAY RAINA",,,,,,AAFCA1265M,FARIDABAD,0,,,achievers_blds@rediffmail.com,,,0,0,,0,,,,0,0000-00-00,0000-00-00,0000-00-00,,,,121001,0,0,no,no,,no,,,,
A1444,"ALANKAR ENTERPRISES",9425321712,INDORE,"INDORE",S01630;D02169,Y,0,0,0,N,0,446,D,"",,"10 11 SITABAGH COLONY                   BEHIND REGAL TALKIES",,"PRIYESH PARIKH",9425321712,,,,,AAIFA2202J,INDORE,0,,,priyesh.parikh@gmail.com,,,0,0,,0,,,,0,1971-01-01,1971-01-01,1971-01-01,,,,452001,0,0,no,no,no,no,,,,
A1452,"AGRAWAL CONSTRUCTION",8435961066,BHOPAL,"BHOPAL",,Y,2000000,30,0,N,0,446,P,"",,"250 SAGAR PLAZAZONE 2MP NAGAR",,"",,,,,,AARFA9981D,BHOPAL,0,,,,,,0,0,,0,,,,0,0000-00-00,0000-00-00,0000-00-00,,,,462011,0,0,,no,,no,,,,
A1455,"ASSOTECH BEBL INFRASTRUCTURE PVT LTD",9937100029,BHUBNESHWAR,"BHUBNESHWAR",S10155,Y,0,45,0,N,0,441,P,"",,"GS-COMPLEX2ND FLOOR 9 JANPATH",,"K.C SHARMA",,,,,,AAFCA7315J,BHUBNESHWAR,0,,,kcsharma@assotechlimited.com,,,0,0,,0,,,,0,0000-00-00,0000-00-00,0000-00-00,,,,751009,0,0,no,no,,no,,,,
A1463,"ANAND CONSTRUCTION",9838103012,KANPUR,"KANPUR",,Y,3000000,45,0,N,0,,O,"",,"439/D DEFENCE COLONY",,"",,,,,,AAKFA5147L,KANPUR,0,,,tanuj_anand2002@yahoo.com,,,0,0,,0,,,,0,0000-00-00,0000-00-00,0000-00-00,,,,208010,0,0,,no,,no,,,,
A1476,"ANIRUDDHSINH JADEJA",0,RAJKOT,"RAJKOT",,Y,0,0,0,N,0,317,O,"",,"DEVPARA KOTHARIA ROAD",,"0",,,,,,0,RAJKOT,0,,,0,,,0,0,,0,,,,0,0000-00-00,0000-00-00,0000-00-00,,,,360001,0,0,,,,,,,,
A1481,"ARTIZEN INTERIORS PVT. LTD.",8826988003,GURGAON,"GURGAON",,Y,0,0,0,N,0,,P,"",,"ORCHID PLAZA IIND FLOOR SUNCITY",,"",,,,,,AAECA8596J,GURGAON,0,,,gauravpal@artizen.in,,,0,0,,0,,,,0,0000-00-00,0000-00-00,0000-00-00,,,,,0,0,,no,,no,,,,
A1485,"AKSHAY INFRANIRMAN PVT. LTD.",9555541707,FARIDABAD,"Faridabad",S10008,Y,0,0,0,N,0,441,P,"",,"B-331-332 1ST FLOOR OPP. PNB NEHRU GROUND NIT",,"RAKESH PANDEY",,,,,,AAHCA9398K,FARIDABAD,0,,,,,,0,0,,0,,,,0,0000-00-00,0000-00-00,0000-00-00,,,,121001,0,0,no,no,,no,,,,
A1494,"ANEJA TRADING AGENCIES",9814040328,RAJPURA TOWN,"RAJPURA TOWN",,Y,6000000,45,0,N,0,454,D,"",,"SHOW ROOM NO.4-5OPP. ROTARY CLUBIndia",,"",,,,,,ABCFA2083N,RAJPURA TOWN,0,,,parveenaneja01@gmail.com,,,0,0,,0,,,,0,0000-00-00,0000-00-00,0000-00-00,,,,140401,0,0,,no,,no,,,,
A1495,"A H TIMBER MERCHANT",9831075463,KOLKATA,"KOLKATA",,Y,0,0,0,N,0,,O,"",,"27/A GRAHAM ROAD KAMARHATI",,"AZAD ANSARI",,,,,,ABFPH46277J,KOLKATA,0,,,a.htimbermerchant@yahoo.in,,,0,0,,0,,,,0,0000-00-00,0000-00-00,0000-00-00,,,,,0,0,,no,,no,,,,
A1503,"AMRIT HOMES PRIVATE LIMITED",9425095559,BHOPAL,"BHOPAL",,Y,2000000,30,0,N,0,446,P,"",,"17 FIRST FLOORZONE II M P NAGAR",,"PRITPAL SINGH BINDRA",07554209412,,,,,AADCA0756H,BHOPAL,0,,,ahplbpl@yahoo.com,,,0,0,,0,,,,0,0000-00-00,0000-00-00,0000-00-00,,,,462011,0,0,,no,,no,,,,
A1505,"AMRIT HOMES PRIVATE LTD.",09826075198,RAIPUR,"RAIPUR",,Y,1500000,30,0,N,0,446,P,"",,"FLAT NO.101ASHOKA RATAN  APPARTMENTIN FRONT OF VIP STATE",,"PRANAV BAJAJ",,,,,,ABHPB5094M,RAIPUR,0,,,ahplbpl@yahoo.com,,,0,0,,0,,,,0,0000-00-00,0000-00-00,0000-00-00,,,,492007,0,0,,no,,no,,,,
A1506,"AISHWARYA ENTERPRISES",09300103377,JABALPUR,"JABALPUR",,Y,1500000,30,0,N,0,446,D,"",,"659GOL BAZAR",,"PAWAN KUMAR VARSHNEY",,,,,,,JABALPUR,0,,,pkv_sons@yahoo.com,,,0,0,,0,,,,0,0000-00-00,0000-00-00,0000-00-00,,,,482002,0,0,,no,,no,,,,
A1511,"APAR INDUSTRIES LTD",9820969616,NAVI MUMBAI,"NAVI MUMBAI",,Y,1000000,30,0,N,0,331,P,"",,"PLOT NO:18 T.T.C. INDS.AREATHANE BELAPUR ROAD REBALEIndia",,"",,,,,,,NAVI MUMBAI,0,,,vijay.mehta@apar.com,,,0,0,,0,,,,0,0000-00-00,0000-00-00,0000-00-00,,,,400701,0,0,,no,,no,,,,
A1513,"ARCHANA TRAUMA & ORTHOPAEDICS HOSPITAL",,DIBRUGARH,"DIBRUGARH",,Y,0,0,0,N,0,,O,"",,"PALTAN BAZAR  India",,"",,,,,,AABCD3090P,DIBRUGARH,0,,,,,,0,0,,0,,,,0,0000-00-00,0000-00-00,0000-00-00,,,,,0,0,,no,,no,,,,
A1520,"ARTICA GROUP",,Bangalore,"BANGALORE",,Y,500000,0,0,N,0,553,P,"",,"COLLES PARKIndia",,"",,,,,,,BANGALORE,0,,,,,,0,0,,0,,,,0,0000-00-00,0000-00-00,0000-00-00,,,,560005,0,0,,no,,no,,,,
A1522,"ADITYA DAIRY AND FARMS",9617801774,HARDA,"HARDA",,Y,1000000,30,0,N,0,446,P,"",,"VILLAGE LALMATIPOST.- ROLGAONIndia",,"",,,,,,BATPA6858A,HARDA,0,,,adityajesani@gmail.com,,,0,0,,0,,,,0,0000-00-00,0000-00-00,0000-00-00,,,,461331,0,0,,no,,no,,,,
A1527,"ASSAM WOOD AND ALLIED PRODUCTS",,JAGADHRIYAMUNA NAGA,"JAGADHRI,YAMUNA NAGAR",S10004;S10004,Y,1000000,0,0,N,0,,O,"",,"CHHACHHRAULI ROAD VILL:-MUBARAKPUR India",,"",,,,,,AACFA3679H,JAGADHRI,YAMUNA NAGAR,0,,,,,,0,0,,0,,,,0,0000-00-00,0000-00-00,0000-00-00,,,,,0,0,,no,,no,,,,
A1533,"AGGARWAL PLYWOOD CO.",9999107568,NEW DELHI,"NEW DELHI",S10155,Y,0,30,0,N,0,441,O,"P1374",,"61/15GALI NO.11MUNDKA UDYOG NAGAR",,"MANISH BEGANIMANISH BEGANI",,,,,,ABTPG6107A,NEW DELHI,0,,,apc.ply@gmail.com,,,0,0,,0,,,,0,0000-00-00,0000-00-00,0000-00-00,,,,110041,0,0,no,no,,no,,,,
A1534,"AALISHAN GLASS & PLY HOUSE",9815153007,BATHINDA,"BATHINDA",S10221,Y,2500000,45,0,N,0,454,D,"",,"NEAR ANNAPURNA MANDIR AMRIK SINGH ROAD India",,"PARVEEN GUPTA",9815153007,,,,,AAKFA1892N,BATHINDA,0,,,neeraj.aalishan@gmail.com,,,0,0,,0,,,,0,0000-00-00,0000-00-00,0000-00-00,,,,151001,0,0,,,,no,,,,
A1536,"ABHAY AGRAWAL",9425116635,GWALIOR,"GWALIOR",,Y,500000,30,0,N,0,446,P,"",,"A-6BASANT VIHARIndia",,"",,,,,,AAAPA0484G,GWALIOR,0,,,,,,0,0,,0,,,,0,0000-00-00,0000-00-00,0000-00-00,,,,474002,0,0,,no,,no,,,,
A1537,"AMIT PLY HOUSE",9335916290,LUCKNOW,"LUCKNOW",,Y,0,0,0,N,0,,D,"",,"SHOP NO.3MURARI YADAV COMPLEXFAIZABAD ROAD",,"AMIT AGARWAL",,,,,,ADMPA4673L,LUCKNOW,0,,,aph_aph_83@yahoo.com,,,0,0,,0,,,,0,0000-00-00,0000-00-00,0000-00-00,,,,226016,0,0,,no,,no,,,,
A1542,"ANKITA ENTERPRISES",,SURAT,"SURAT",,Y,0,30,0,N,0,332,D,"",,"12 SHIV ASHISH IND SOCUDHNA MAGADALLA ROAD BHATARIndia",,"",,,,,,,SURAT,0,,,ankita_enterprises@yahoo.in,,,0,0,,0,,,,0,0000-00-00,0000-00-00,0000-00-00,,,,395002,0,0,,no,,no,,,,
A1546,"ASSAM PLYWOOD CENTRE",9960709077,Nanded,"Nanded",,Y,3000000,30,0,N,0,331,D,"",,"Nagina Ghat Road",,"HARJINDER SINGH",442462242357,,,,,AJLPK7702P,Nanded,0,,,assamply@rediffmail.com,,,0,0,,0,,,,0,0000-00-00,0000-00-00,0000-00-00,,,,431601,0,0,,no,,no,,,,
A1550,"ASHISH GOYLE",9811052027,FARIDABAD,"Faridabad",S10008,Y,0,45,0,N,0,441,O,"",,"B-1LAKE WOOD CITY SURAJ KUND",,"",,,,,,AABPG1714E,FARIDABAD,0,,,ashishgoyle@gmail.com,,,0,0,,0,,,,0,0000-00-00,0000-00-00,0000-00-00,,,,121009,0,0,no,no,,no,,,,
A1559,"APL PRODUCT",9369157804,GORAKHPUR,"GORAKHPUR",,Y,0,0,0,N,0,,D,"",,"PLOT NO.9NEW TRANSPORT NAGARIndia",,"ASIF JAMAL",,,,,,AHSPJ2558F,GORAKHPUR,0,,,samaniply.apl@gmail.com,,,0,0,,0,,,,0,0000-00-00,0000-00-00,0000-00-00,,,,273016,0,0,,no,,no,,,,
A1561,"AASHIYANA CONSTRUCTION",9837546888,MEERUT,"MEERUT",,Y,0,45,0,N,0,,O,"",,"SHIV MANDIR SAKET  India",,"",,,,,,AATFA0735F,MEERUT,0,,,maheshwaritimbers@gmail.com,,,0,0,,0,,,,0,0000-00-00,0000-00-00,0000-00-00,,,,,0,0,,no,,no,,,,
A1564,"AGARWAL VENEERS",9355370661,YAMUNANAGAR,"YAMUNANAGAR",,Y,0,15,0,N,0,,O,"",,"E-23 INDUSTRIAL AREA  India",,"",,,,,,AHIPA0713B,YAMUNANAGAR,0,,,agarwalhemant13@gmail.com,,,0,0,,0,,,,0,0000-00-00,0000-00-00,0000-00-00,,,,,0,0,,no,,no,,,,
A1567,"AGARWAL & ASSOCIATES IMPEX PVT.LTD.",1204267734,GREATER NOIDA,"GREATER NOIDA",,Y,0,0,0,N,0,,O,"",,"E-3536&37SITE-BUPSIDC IND.AREA SURAJPUR India",,"S.K. CHOUDHURY",,,,,,AAFCA1728H,GREATER NOIDA,0,,,factory@engineerply.com,,,0,0,,0,,,,0,0000-00-00,0000-00-00,0000-00-00,,,,,0,0,,no,,no,,,,
A1578,"AMBEY PLYWOOD & HARDWARE STORE",9812087534,NARWANA,"NARWANA",,Y,2000000,45,0,N,0,,D,"B1138",,"RAILWAY ROADNEAR SURJEWALA BHAWAN DISCTT:-JIND India",,"MANIRAM SINGAL",,,,,,FIJPS4608L,NARWANA,0,,,shivaling.singla10@gmail.com,,,0,0,,0,,,,0,0000-00-00,0000-00-00,0000-00-00,,,,,0,0,,no,,no,,,,
A1585,"ARERA CLUB",9824210088,BHOPAL,"BHOPAL",,Y,1000000,30,0,N,0,446,P,"",,"THE SECRETARY FOR ARERA CLUBOPP SWIMMING POOL TULSI NAGARIndia",,"",,,,,,AAAAA7854M,BHOPAL,0,,,areraclub@hotmail.com,,,0,0,,0,,,,0,0000-00-00,0000-00-00,0000-00-00,,,,462003,0,0,,no,,no,,,,
A1591,"ANIL OFFSET PVT.LTD.",,ALLAHABAD,"ALLAHABAD",,Y,0,0,0,N,0,,O,"",,"19-B/13 ELGIN ROAD  India",,"",,,,,,AADCA6880G,ALLAHABAD,0,,,anilshe1_tubing@rediffmail.com,,,0,0,,0,,,,0,0000-00-00,0000-00-00,0000-00-00,,,,,0,0,,no,,no,,,,
A1592,"AMMTYS INTERIOR (INDIA) PROJECTS(P) LTD.",9810001190,KOLKATA,"KOLKATA",,Y,0,0,0,N,0,441,P,"",,"ROOM NO.34TH FLOOR 29A-RABINDRA SARANI India",,"0",,,,,,AAJCA0037F,KOLKATA,0,,,admin@ammtys.com,,,0,0,,0,,,,0,0000-00-00,0000-00-00,0000-00-00,,,,700073,0,0,,,,,,,,
A1594,"ASHISH INTERBUILD PVT.LTD",9930930423,MUMBAI,"MUMBAI",,Y,2500000,90,0,N,0,331,O,"",,"204 ARK IND ESTATEMAKAWANA ROAD ANDHERI (EAST)India",,"",,,,,,,MUMBAI,0,,,abdullah.khan@ashishinterbuild.com,,,0,0,,0,,,,0,0000-00-00,0000-00-00,0000-00-00,,,,400059,0,0,,no,,no,,,,
A1597,"ADLAKHA GLASS STORE",9837303797,RUDRAPUR,"RUDRAPUR",S10230;S10282,Y,0,45,0,N,0,448,D,"",,"NEAR AGARWAL DHARAM KANTA DISTRICT:-U.S.NAGAR India",,"BHUSHAN ADHLAKHA",,,,,,AAJFA4764G,RUDRAPUR,0,,,adlakhaglassstore@yahoo.com,,,0,0,,0,,,,0,0000-00-00,0000-00-00,0000-00-00,,,,263153,0,0,,,,,,,,
A1597,"ADLAKHA GLASS STORE",9837303797,DISTRICT:-U.S.NAGAR,"India",S10230;S10282,D,0,45,0,N,0,448,D,"",,"NEAR AGARWAL DHARAM KANTA DISTRICT:-U.S.NAGAR India",,"BHUSHAN ADHLAKHA",,,,,,AAJFA4764G,RUDRAPUR,0,,,adlakhaglassstore@yahoo.com,,,0,0,,0,,,,0,0000-00-00,0000-00-00,0000-00-00,,,,263153,0,0,,,,,,,,
A1600,"ASSOCIATE LUMBERS (P) LTD.",,NEW DELHI,"NEW DELHI",,Y,0,0,0,N,0,,O,"",,"D-20DSIDC PACKING COMPLEX W.H.S.KIRTI NAGAR India",,"",,,,,,,NEW DELHI,0,,,delhi@associategroup.in,,,0,0,,0,,,,0,0000-00-00,0000-00-00,0000-00-00,,,,,0,0,,no,,no,,,,
A1602,"A K G PACKERS PVT.LTD.",9810006554,OLD FARIDABAD,"OLD FARIDABAD",S10153,Y,0,30,0,N,0,441,O,"A6931",,"WAZIRPUR ROAD NEHARPAR India",,"",,,,,,AAECA3410D,OLD FARIDABAD,0,,,,,,0,0,,0,,,,0,0000-00-00,0000-00-00,0000-00-00,,,,121002,0,0,no,no,,no,,,,
A1603,"AJAY FOOD PRODUCTS (KATNI) PVT LTD (TLC INCO)",9425154108,KATNI,"KATNI",,Y,3000000,30,0,N,0,446,P,"",,"INDUSTRIAL AREAIndia",,"",,,,,,AADCA3935G,KATNI,0,,,,,,0,0,,0,,,,0,0000-00-00,0000-00-00,0000-00-00,,,,483501,0,0,,no,,no,,,,
A1605,"AADHARSHILA PLYWOOD",9811434155,NEW DELHI,"NEW DELHI",,Y,0,0,0,N,0,,O,"",,"KHASRA NO.58/7/2MUNDKA HARNANDI DHARAM KANATE WALI GALI India",,"",,,,,,AARFA2786N,NEW DELHI,0,,,,,,0,0,,0,,,,0,0000-00-00,0000-00-00,0000-00-00,,,,,0,0,,no,,no,,,,
A1606,"AALAYA ENGINEERING PROJECTS PVT.LTD.",8130999083,GURGAON,"GURGAON",S10008,Y,0,0,0,N,0,441,P,"",,"4214TH FLOORTOWER A-2 SECTOR-49SOHNA ROAD India",,"",,,,,,AAICA6789P,GURGAON,0,,,umagupta@aalayaengineering.com,,,0,0,,0,,,,0,0000-00-00,0000-00-00,0000-00-00,,,,122018,0,0,no,no,,no,,,,
A1609,"AJAY GUPTA",,AGRA,"Agra",S10221,Y,0,30,0,N,0,,O,"",,"1/174 PRAINAY KUNJ CIVIL LINESBAGH FURZANAIndia",,"",,,,,,ACIPG7382F,AGRA,0,,,,,,0,0,,0,,,,0,0000-00-00,0000-00-00,0000-00-00,,,,282002,0,0,,no,,no,,,,
A1611,"AUM HARDWARE HOUSE",09824187188,SURAT,"SURAT",,Y,0,0,0,N,0,332,D,"",,"1ST FLOOR VAIBHAV CHAMBERSNR SADHNA SCHOOLIndia",,"MADANLALJI",09974210822,,,,,AANFA8389H,SURAT,0,,,aumhardware123@yahoo.com,,,0,0,,0,,,,0,0000-00-00,0000-00-00,0000-00-00,,,,395006,0,0,,no,,no,,,,
A1613,"AMIT KATYAL C/O VIJ CONSTRUCTION",9810658931,NEW DELHI,"NEW DELHI",,Y,0,0,0,N,0,,O,"",,"4FURNITURE FACTORYRANHOLA EXT. NAJAFGARH ROADNAGLOI India",,"",,,,,,,NEW DELHI,0,,,,,,0,0,,0,,,,0,0000-00-00,0000-00-00,0000-00-00,,,,,0,0,,no,,no,,,,
A1615,"ATUL INSTITUTE OF VOCATIONAL EXCELLENCE",,Dharmapur Dist:Vals,"Dharmapur, Dist:Valsad",,Y,0,30,0,N,0,331,O,"",,"Next to Eklavya School OzarpadaIndia",,"",,,,,,AAATA3404E,Dharmapur, Dist:Valsad,0,,,atul.aive@gmail.com,,,0,0,,0,,,,0,0000-00-00,0000-00-00,0000-00-00,,,,396050,0,0,,no,,no,,,,
A1616,"ATISHAY INFOTECH LTD",9300002233,BHOPAL,"BHOPAL",,Y,2000000,30,0,N,0,446,P,"",,"55ZONE-1 M.P. NAGARIndia",,"",,,,,,AADCA3656N,BHOPAL,0,,,director@atishay.com,,,0,0,,0,,,,0,0000-00-00,0000-00-00,0000-00-00,,,,462023,0,0,,no,,no,,,,
A1619,"AMAN TIMBER TRADERS",9417212041,GANGA NAGAR,"GANGA NAGAR",S10206,Y,3000000,45,0,N,0,427,D,"",,"PLOT NO.13LAKKAR MANDI  India",,"AMAN JASUJA",,,,,,AATPJ2618N,GANGA NAGAR,0,,,amandeepjasuja@gmail.com,,,0,0,,0,,,,0,0000-00-00,0000-00-00,0000-00-00,,,,335001,0,0,,,,,,,,
A162,"ASSAM WOOD PRODUCTS",,NEW DELHI,"NEW DELHI",,Y,0,,0,N,0,,O,"",,"NAGIA PARKGULABI BAGH",,"",,,,,,,NEW DELHI,0,,,,,,0,0,,0,,,,0,0000-00-00,0000-00-00,0000-00-00,,,,,0,0,,no,,no,,,,
A1620,"ABBOTTSONS IMPEX PVT LTD",9826053499,BHOPAL,"BHOPAL",,Y,2000000,30,0,N,0,446,P,"",,"3-A/B SECTOR INDUSTRIAL AREAGOVINDPURAIndia",,"",,,,,,AAECA7527R,BHOPAL,0,,,abbottsons.impex@yahoo.com,,,0,0,,0,,,,0,0000-00-00,0000-00-00,0000-00-00,,,,462021,0,0,,no,,no,,,,
A1622,"APK IMPEX",9396528100,HYDERABAD,"HYDERABAD",S01700,Y,0,45,0,N,0,554,O,"",,"402 BK ESTATE ROAD NO-1 BANJARA HILLS",,"",,,,,,ADEPA4015A,HYDERABAD,0,,,,,,0,0,,0,,,,0,0000-00-00,0000-00-00,0000-00-00,,,,,0,0,,no,,no,,,,
A1626,"ARIHANT PLYWOOD AND HARDWARE",9979882361,SILVASSA,"SILVASSA",,Y,0,45,0,N,0,332,O,"",,"SHOP NO 2 ANJANI COMPLEXOPP JAMA MASJID VAPI SILVASA ROAD",,"",,,,,,AEQPP7466K,SILVASSA,0,,,,,,0,0,,0,,,,0,0000-00-00,0000-00-00,0000-00-00,,,,396230,0,0,,no,,no,,,,
A1634,"ANAND GLASS & PLYWOOD STORES",8989108000,JABALPUR,"JABALPUR",S01861;D01941,Y,0,0,0,N,0,446,D,"",,"INSIDE RAHUL COMPLEX                     AGA CHOWK",,"MAHESH SADANI",,,,,,AAGFA4995A,JABALPUR,0,,,agps.jbp@gmail.com,,,0,0,,0,,,,0,1971-01-01,1971-01-01,1971-01-01,,,,482002,0,0,no,no,no,no,,,,
A1637,"A J BUILDTECH PRIVATE LTD.",9311263995,SAHIBABADGHAZIABAD,"SAHIBABAD,GHAZIABAD",S10219,Y,0,45,0,N,0,441,P,"",,"6H/47RAJINDER NAGAR SECTOR-5 India",,"ARVIND JAIN",,,,,,AALCA1072A,SAHIBABAD,GHAZIABAD,0,,,ajbuildtech@gmail.com,,,0,0,,0,,,,0,0000-00-00,0000-00-00,0000-00-00,,,,201005,0,0,no,no,,no,,,,
A1639,"ANURAG ENTERPRISES",9312767270,JHUNJHUNU,"JHUNJHUNU",S10008,Y,0,45,0,N,0,441,P,"",,"KHETRI NAGAR  India",,"VIJAY KUMAR GUPTA @GHAZIABAD",,,,,,AABFA6634R,JHUNJHUNU,0,,,anuragenterprises@hotmail.com,,,0,0,,0,,,,0,0000-00-00,0000-00-00,0000-00-00,,,,333504,0,0,no,no,,no,,,,
A1643,"ASHOKA GLASS & PLYWOOD CENTRE",9335015397,LUCKNOW,"LUCKNOW",,Y,0,45,0,N,0,,D,"",,"43SHIVAJI MARGHEWETT ROADIndia",,"ASHOK KR. KESARWANI",,,,,,AHBPK7382B,LUCKNOW,0,,,nitin_vin123@yahoo.in,,,0,0,,0,,,,0,0000-00-00,0000-00-00,0000-00-00,,,,226018,0,0,,no,,no,,,,
A1649,"ARORA BROTHERS",,ZIRAKPUR,"ZIRAKPUR",,Y,0,0,0,N,0,454,D,"",,"SHOP NO.16 GURKIRAT COMPLEX             SHYAM NAGAR BALTANA                     DISTRICT MOHALI",,"HEMANT ARORA",,,,,,ATFPA7269R,ZIRAKPUR,0,,,,,,0,0,,0,,,,0,1971-01-01,1971-01-01,1971-01-01,,,,140603,0,0,no,no,no,no,,,,
A1653,"AHLUWALIA CONTRACTS (INDIA) LTD.",8587906391,NEW DELHI,"NEW DELHI",S10008,Y,0,30,0,N,0,441,P,"",,"A-177OKHLA INDUSTRIAL AREA PHASE-1 India",,"MANDEEP AHLUWALIA/ RAMAN / SOBHIT / PRASENJIT",,,,,,AABCA4304K,NEW DELHI,0,,,purchase@acilnet.com,,,0,0,,0,,,,0,0000-00-00,0000-00-00,0000-00-00,,,,110020,0,0,no,no,,no,,,,
A1657,"A TO Z LAKRIWALA",7352311256,PATNA,"PATNA",D01921;D02015,Y,0,0,0,N,0,219,D,"",,"NEW BYE PASS ROAD JAGANPURA",,"+918877691323",+918877691323,,,,,ABAFA0480D,PATNA,0,,,rajnikantranjan2013@gmail.com,,,0,0,,0,,,,0,1971-01-01,1971-01-01,1971-01-01,,,,800020,0,0,no,no,no,no,,,,
A1661,"ASHOK KUMAR AGARWAL",9758941200,GARHMUKTESHWAR,"GARHMUKTESHWAR",,Y,0,30,0,N,0,,D,"",,"MEERUT ROADOPP ROADWAYS  BUS STAND HAPUR India",,"ASHOK KUMAR AGARWAL",,,,,,ACBPA6773B,GARHMUKTESHWAR,0,,,abhi-insha@yahoo.com,,,0,0,,0,,,,0,0000-00-00,0000-00-00,0000-00-00,,,,,0,0,,no,,no,,,,
A1664,"AJIT SINGH & SONS",,JALANDHAR CITY,"JALANDHAR CITY",S10262,Y,0,0,0,N,0,454,D,"",,"HOSHIARPUR ROAD                         NEAR RAVIDASS MANDIR",,"",,,,,,BSFPS1659K,JALANDHAR CITY,0,,,ajitsinghandsons52@yahoo.com,,,0,0,,0,,,,0,0000-00-00,0000-00-00,0000-00-00,,,,144001,0,0,,,,,,,,
A1665,"ASHISH INTERBUILD PVT LTD",8451965602,BENGALURU,"BENGALURU",S01430,Y,0,0,0,N,0,553,O,"",,"3RD FLOOR NO 220                       7TH CROSS LAKSHMI LAYOUT                AREKERE MICO LAYOUT BENGALURU URBAN",,"SHYAM SUTHAR",,,,,,AAHCA4053D,BENGALURU,0,,,pirchase4@ashishinterbuild.com,,,0,0,,0,,,,0,1971-01-01,1971-01-01,1971-01-01,,,,560076,0,0,no,no,no,no,,,,
A1667,"A.R.INTERIOR DECORATOR",9811627271,FARIDABAD,"Faridabad",,Y,0,45,0,N,0,,P,"",,"1F-115NIT",,"RAHUL GUPTA",,,,,,COGPS0751G,FARIDABAD,0,,,hanulaminates@gmail.com,,,0,0,,0,,,,0,0000-00-00,0000-00-00,0000-00-00,,,,,0,0,,no,,no,,,,
A171,"ANALCO INDIA (P) LTD.",,DELHI,"DELHI",S10017,Y,0,0,0,N,0,,P,"",,"B-1/F-6 MOHAN COPRATIVE I MATHURA ROAD",,"",,,,,,AABCA0263F,DELHI,0,,,analco1.india@gmail.com,,,0,0,,0,,,,0,0000-00-00,0000-00-00,0000-00-00,,,,,0,0,,no,,no,,,,
A1715,"ANNAPURNA IRON HARDWARE AND PAINTS MERCHANT",9000005584,SIDDIPET,"SIDDIPET",,Y,1500000,45,0,N,0,554,D,"",,"10-1-1 AND 10-1-1/1 OPP GOVT GIRLS HIGH SCHOOL",,"SANDEEP",9000005584,,,,,AANFA7495E,SIDDIPET,0,,,annapurna6699@gmail.com,,,0,0,,0,,,,0,0000-00-00,0000-00-00,0000-00-00,,,,502103,0,0,,no,,no,,,,
A1719,"ANURAG ENTERPRISES.",9312767270,GHAZIABAD,"GHAZIABAD",,Y,0,0,0,N,0,,P,"",,"III-H/1RAKESH MARG NEHRU NAGAR",,"VIJAY KUMAR GUPTA",,,,,,AABFA6634R,GHAZIABAD,0,,,anuragenterprises@hotmail.com,,,0,0,,0,,,,0,0000-00-00,0000-00-00,0000-00-00,,,,,0,0,,no,,no,,,,
A1728,"ASSAM PLY HOUSE",9897900424,RISHIKESH,"RISHIKESH",S10259,Y,600000,45,0,N,0,448,D,"",,"SUDAMA MARG  India",,"KISHORE KUMAR MEHTA",,,,,,AGMPM6660J,RISHIKESH,0,,,harishmehta.rishikesh@gmail.com,,,0,0,,0,,,,0,0000-00-00,0000-00-00,0000-00-00,,,,249201,0,0,,,,,,,,
A1746,"AVANTIKA UNIVERSITY",9850061979,UJJAIN,"UJJAIN",,Y,1500000,30,0,N,0,331,P,"",,"C/o Maharashtra Academy of Eng & EdVishwanthapuram Lekoda VillageIndia",,"PRASAD KULKARNI",,,,,,AAAAM1206F,Ujjain,0,,,prasad.k@mitgurukum.com,,,0,0,,0,,,,0,0000-00-00,0000-00-00,0000-00-00,,,,456001,0,0,,no,,no,,,,
A1752,"AADHARSHILA PLY HOME",9811434155,DELHI WEST,"DELHI WEST",,Y,3000000,30,0,N,0,,O,"",,"GROUND FLOOR64/20/1-21/21/1 VILLAGE MUNDKA",,"SANJEEV SHARMA",,,,,,BAJPS2164P,DELHI WEST,0,,,sanjeevsharma4367@gmail.com,,,0,0,,0,,,,0,0000-00-00,0000-00-00,0000-00-00,,,,,0,0,,no,,no,,,,
A1756,"ASSAM GLASS CENTRE",9435328172,BARPETA ROAD,"BARPETA ROAD",,Y,1100000,45,0,N,0,,D,"",,"NEAR CENTRAL BANK OF INDIA BARPETA ROADDIST- BARPETA",,"PRAHLAD BASAK",,,,,,ACTPB0268L,BARPETA ROAD,0,,,assamglass.centre17@gmail.com,,,0,0,,0,,,,0,0000-00-00,0000-00-00,0000-00-00,,,,,0,0,,no,,no,,,,
A1762,"ANEJA MASTERJI'S PLYWOOD",9872797328,RAJPURA TOWN,"RAJPURA TOWN",,Y,2000000,30,0,N,0,454,D,"",,"PLOT NO.P-4ADALIMA-III NEAR UNDER BRIDGE India",,"PHALLAV ANEJA JI",,,,,,ABIFA2904Q,RAJPURA,0,,,raunaq.amp@gmail.com,,,0,0,,0,,,,0,0000-00-00,0000-00-00,0000-00-00,,,,140401,0,0,,no,,no,,,,
A1762,"ANEJA MASTERJI'S PLYWOOD",9872797328,RAJPURA,"RAJPURA",,Y,2000000,30,0,N,0,454,D,"",,"PLOT NO.P-4ADALIMA-III NEAR UNDER BRIDGE India",,"PHALLAV ANEJA JI",,,,,,ABIFA2904Q,RAJPURA,0,,,raunaq.amp@gmail.com,,,0,0,,0,,,,0,0000-00-00,0000-00-00,0000-00-00,,,,140401,0,0,,no,,no,,,,
A1783,"ADITI SALES",9122171068,GOPALGANJ,"GOPALGANJ",,Y,0,30,0,N,0,219,D,"",,"SHYAM CINEMA ROADGOPALGANJIndia",,"LALITA DEVI",,,,,,AGQPD1858F,GOPALGANJ,0,,,rk.aditisales@gmail.com,,,0,0,,0,,,,0,0000-00-00,0000-00-00,0000-00-00,,,,841428,0,0,,no,,no,,,,
A1785,"AGRAWAL PLYWOOD AND HARDWARE PRIVATE LIMITED",9885024542,HYDERABAD,"HYDERABAD",S01700,Y,3000000,45,0,N,0,554,D,"",,"14-1-336 & 336/1 SEETARAMPET MANGALHAT",,"KRISHNA RAO",9394747537,,,,,AACCD2061P,HYDERABAD,0,,,info@agrawalgrp.com,,,0,0,,0,,,,0,0000-00-00,0000-00-00,0000-00-00,,,,500001,0,0,,no,,no,,,,
A1786,"AMBIKA PLYWOOD INDUSTRIES PVT.LTD.",9012950505,DITT:-RAMPUR,"DITT:-RAMPUR",,Y,0,45,0,N,0,,O,"",,"VILL:-INDERPURTEH:-BILASPUR  India",,"VIRENDER KUMAR",,,,,,AABCA5010A,DITT:-RAMPUR,0,,,ambikaplywood@gmail.com,,,0,0,,0,,,,0,0000-00-00,0000-00-00,0000-00-00,,,,,0,0,,no,,no,,,,
A1787,"ANAND TIMBER & FURNITURE",9891198211,NEW DELHI (NORTH),"NEW DELHI (NORTH)",S10015,Y,500000,30,4458,N,0,441,D,"",,"E-15 CHANDBAGH COLONY MAIN WAZIRABAD ROAD",,"PRABLEEN SINGH",,,,,,FXRPS9498K,NEW DELHI (NORTH),0,,,mohantimberstore@gmail.com,,,0,0,,0,,,,0,0000-00-00,0000-00-00,0000-00-00,,,,110053,0,0,no,no,,no,,,,
A1795,"ANIL HARDWARE STORE",9918242487,RAEBARELI,"RAEBARELI",,Y,0,0,0,N,0,,D,"",,"JAGATPURRAEBARELI MAIN ROAD",,"ANIL KUMAR",,,,,,BBKPK1560M,RAEBARELI,0,,,anilmaurya118@yahoo.com,,,0,0,,0,,,,0,0000-00-00,0000-00-00,0000-00-00,,,,229402,0,0,,no,,no,,,,
A1813,"ANAGRAM SYSTEMS",9717991241,NOIDA (G.B.NAGAR),"NOIDA (G.B.NAGAR)",,Y,0,30,0,N,0,,P,"",,"B-57SECTOR-2",,"AMBA CHARAN",,,,,,AAEPC7504K,NOIDA (G.B.NAGAR),0,,,anagramsystems1@gmail.com,,,0,0,,0,,,,0,0000-00-00,0000-00-00,0000-00-00,,,,,0,0,,no,,no,,,,
A1817,"AGRAWAL PLYWOOD STORE",8791242994,KASGANJ,"KASGANJ",,Y,0,0,0,N,0,,D,"",,"BILRAM GATE NEAR LAXMI TALKIES India",,"GAURAV AGRAWAL",,,,,,ANFPA0027P,KASGANJ,0,,,gauravagrawal.ksj@gmail.com,,,0,0,,0,,,,0,0000-00-00,0000-00-00,0000-00-00,,,,,0,0,,no,,no,,,,
A1820,"ARCHI HIVES",1126181524,NEW DELHI,"NEW DELHI",,Y,0,0,0,N,0,,O,"",,"403 & 404SOMDUTT CHEMBER-2 9BHIKAJI CAMA PLACE",,"SURJEET HKAUR WAHI",,,,,,AFYPK9236K,NEW DELHI,0,,,archihives@gmail.com,,,0,0,,0,,,,0,0000-00-00,0000-00-00,0000-00-00,,,,,0,0,,no,,no,,,,
A1825,"AANAND PLYWOOD AND HARDWARE",9406536500,VIDISHA,"VIDISHA",,Y,1000000,30,0,N,0,,S,"",,"1HOSPITAL ROAD",,"DINESH THAVRANI",,,,,,AAHPT8883H,VIDISHA,0,,,dinesh.thavrani9@gmail.com,,,0,0,,0,,,,0,0000-00-00,0000-00-00,0000-00-00,,,,,0,0,,no,,no,,,,
A1826,"ANKITA MUKESHBHAI KORAT",9998018598,RAJKOT,"RAJKOT",,Y,0,0,0,N,0,332,O,"",,"VERAVAL MAIN ROADPANCHAYAT NAGAR-5      SHAPAR-VERAVAL TALUKA.KOTALA SANGA",,"0",,,,,,EJUPK3020B,RAJKOT,0,,,,,,0,0,,0,,,,0,1971-01-01,1971-01-01,1971-01-01,,,,360024,0,0,no,no,no,no,,,,
A1830,"AAGAMJOT PLY AND DOORS",7860995009,LUCKNOW,"LUCKNOW",S10221,Y,0,0,0,N,0,447,D,"",,"54C GF HIGHWAY PLAZA UDYAN-II ELDECO RAIBAREILLY ROAD India",,"RAJINDER SINGH",,,,,,BPBPS5907M,LUCKNOW,0,,,rajindersingh_dhilon1979@yahoo,,,0,0,,0,,,,0,0000-00-00,0000-00-00,0000-00-00,,,,226001,0,0,,,,no,,,,
A1837,"A.S.CONSTRUCTION CO.",9910365271,GHAZIABAD,"GHAZIABAD",,Y,0,30,0,N,0,,O,"",,"9/41JUDGE COLONY VAISHALI",,"HITENDRA SINGH",,,,,,AAJFA5144J,GHAZIABAD,0,,,ascivitech@gmail.com,,,0,0,,0,,,,0,0000-00-00,0000-00-00,0000-00-00,,,,,0,0,,no,,no,,,,
A1842,"AMMAR PLYWOOD CENTRE",9639726945,PILIBHIT,"PILIBHIT",,Y,0,0,0,N,0,,O,"",,"LAKRI MANDIBAREILLY ROAD  India",,"LIYAKAT ALI KHAN",,,,,,ANYPK0024H,PILIBHIT,0,,,rifaqatakhan@gmail.com,,,0,0,,0,,,,0,0000-00-00,0000-00-00,0000-00-00,,,,,0,0,,no,,no,,,,
A1843,"APPOLO ARTS & CRAFTS",9829043337,UDAIPUR,"UDAIPUR",,Y,3600000,0,0,N,0,427,O,"",,"28-APANCHWATIGIRWA 27UDAIPUR",,"MOHAMMED SHAHID",8107896033,,,,,ABHPM2978F,UDAIPUR,0,,,accounts@apolloartsandcrafts.com,,,0,0,,0,,,,0,0000-00-00,0000-00-00,0000-00-00,,,,313001,0,0,,,,,,,,
A1851,"ALAKHNANDA ENTERPRISES",9616553553,GORAKHPUR,"GORAKHPUR",,Y,0,0,0,N,0,,D,"",,"SHOP NO.- 7 BLOCK-A ST ANDRW CHURCHCOMPD. SHASTRI CHOWKIndia",,"RAVI KUMAR GUPTA",,,,,,AQBPG8139P,GORAKHPUR,0,,,gkpplywood@gmail.com,,,0,0,,0,,,,0,0000-00-00,0000-00-00,0000-00-00,,,,273001,0,0,,no,,no,,,,
A1852,"ANKUR PLYWOOD HOUSE",,JHANSI,"JHANSI",S10317;,Y,0,0,0,N,0,447,D,"",,"NEAR VR PETROL PUMP                      JHOKANBAGH",,"",,,,,,ANTPA0986D,JHANSI,0,,,,,,0,0,,0,,,,0,0000-00-00,0000-00-00,0000-00-00,,,,284001,0,0,,,,,,,,
A1857,"AGRAWAL ENTERPRISES",9897934041,HATHRAS,"HATHRAS",,Y,0,0,0,N,0,,D,"",,"DEVI DASS AGRAWAL KHATI KHANAOPP.THEKA",,"VINAY AGRAWAL",,,,,,BIIPA9368J,HATHRAS,0,,,vinayagrawal1993@gmail.com,,,0,0,,0,,,,0,0000-00-00,0000-00-00,0000-00-00,,,,,0,0,,no,,no,,,,
A1870,"ARORA PLY & HARDWARE STORE",9813600515,KAITHAL,"KAITHAL",D10350,Y,0,0,0,N,0,443,D,"",,"CHATRAWAS ROAD  India",,"BHARAT ARORA",9416035317,,,,,AALPB4309E,KAITHAL,0,,,aroraplykt1@gmail.com,,,0,0,,0,,,,0,0000-00-00,0000-00-00,0000-00-00,,,,136027,0,0,,,,,,,,
A1871,"AGAM PLY TRADERS",9839593277,LUCKNOW,"LUCKNOW",,Y,0,0,0,N,0,,D,"",,"NEAR PNBGOODS SHED ROADAISH BAGH",,"AMAR JEET SINGH",,,,,,BBMPS4630Q,LUCKNOW,0,,,agamply@gmail.com,,,0,0,,0,,,,0,0000-00-00,0000-00-00,0000-00-00,,,,226004,0,0,,no,,no,,,,
A1875,"ARCHNA TRADERS",9152355620,JAUNPUR,"JAUNPUR",,Y,0,0,0,N,0,,O,"",,"1 VAIBHAV PROP NAKHAS SADAR",,"VAIBHAV .",,,,,,AXFPV6580N,JAUNPUR,0,,,archnatradersjnp@gmail.com,,,0,0,,0,,,,0,0000-00-00,0000-00-00,0000-00-00,,,,,0,0,,no,,no,,,,
A1876,"AGARVAK TRADERS",9897006711,AGRA,"Agra",,Y,0,0,0,N,0,,D,"",,"33/10 SANJAY PALACE",,"SANJAY GARG",,,,,,ADZPG6688A,AGRA,0,,,sanjaygarg50@gmail.com,,,0,0,,0,,,,0,0000-00-00,0000-00-00,0000-00-00,,,,282002,0,0,,no,,no,,,,
A1882,"ASHOK KUMAR BAWA",9899695933,NEW DELHI,"NEW DELHI",S10056,Y,0,0,0,N,0,,O,"",,"K-54 GROUND FLOOR KIRTI NAGAR.",,"ASHOK KUMAR BAWA",,,,,,AFPPB4926A,NEW DELHI,0,,,,,,0,0,,0,,,,0,0000-00-00,0000-00-00,0000-00-00,,,,,0,0,,no,,no,,,,
A1883,"A K JAIN & ASSOCIATES",9314515012,NOIDA (G B NAGAR),"NOIDA (G B NAGAR)",S10155,Y,0,0,0,N,0,441,P,"",,"C-37THE ICSI SECTOR-62",,"AKLANK JAIN",,,,,,ABTPJ7664B,NOIDA (G B NAGAR),0,,,alkankj@gmail.com,,,0,0,,0,,,,0,0000-00-00,0000-00-00,0000-00-00,,,,,0,0,,no,,no,,,,
A1911,"A2 ENTERPRISE",6033124532,AIZWAL,"AIZWAL",D02014,Y,0,0,0,N,0,215,O,"",,"M8-C BUNGKAWN TLANG VENG",,"VANLALMUANSANGI",,,,,,BGXPV2274F,AIZWAL,0,,,avs.valc@gmail.com,,,0,0,,0,,,,0,0000-00-00,0000-00-00,0000-00-00,,,,796001,0,0,,,,,,,,
A1924,"AGGARWAL TIMBER",9417411090,HOSHIARPUR,"HOSHIARPUR",,Y,0,0,0,N,0,454,D,"",,"CHAND NAGARBAHADURPUR",,"",,,,,,AATFA2194A,HOSHIARPUR,0,,,manu_233296@yahoo.co.in,,,0,0,,0,,,,0,0000-00-00,0000-00-00,0000-00-00,,,,146001,0,0,,no,,no,,,,
A1932,"ASHIRWAD GLASS PLY & DOORS",7906557037,LUCKNOW,"LUCKNOW",,Y,500000,30,0,N,0,,D,"",,"GANGA COMPLEX NEAR JAGRANI HOSPITAL RING ROAD KALYANPUR",,"MANISH KUMAR MAHESHWARI",7906557037,,,,,AGJPM5429Q,LUCKNOW,0,,,ashirwadgroup001@gmail.com,,,0,0,,0,,,,0,0000-00-00,0000-00-00,0000-00-00,,,,226022,0,0,,no,,no,,,,
A1938,"ARASS GENNXXT",7350939696,KOLHAPUR,"KOLHAPUR",,Y,5000000,60,0,N,0,331,O,"",,"550 VYAPARI PETH SHAHUPURI",,"PRASHANT GHORPADEY",7507605030,,,,,BOSPG2367F,KOLHAPUR,0,,,prashantghorpadey@gmail.com,,,0,0,,0,,,,0,0000-00-00,0000-00-00,0000-00-00,,,,416001,0,0,,no,,no,,,,
A1940,"ARASS SILICON",7507605030,KOLHAPUR,"KOLHAPUR",,Y,2500000,45,0,N,0,331,O,"",,"550 VYAPARI PETH SHAHUPURI",,"MR.AJITSSINH GHORPADEY",7507605030,,,,,AEXPG4031J,KOLHAPUR,0,,,prashantghorpadey@gmail.com,,,0,0,,0,,,,0,0000-00-00,0000-00-00,0000-00-00,,,,416001,0,0,,no,,no,,,,
A1943,"ANAND TIMBER AND FURNITURE",9811913301,GREATER NOIDA,"GREATER NOIDA",S10015;S01852,Y,0,0,0,N,0,451,D,"",,"E-56 SITE-IV NEAR HALDIRAM KASNA GAUTAM BUDDHA NAGAR",,"SHAILENDRA SINGHAL",,,,,,AANPS5971K,GREATER NOIDA,0,,,anandtimber1@gmail.com,,,0,0,,0,,,,0,0000-00-00,0000-00-00,0000-00-00,,,,201308,0,0,,,,no,,,,
A1943,"ANAND TIMBER AND FURNITURE",9811913301,Gulbarga,"GULBARGA",S10015;S01852,Y,0,0,0,N,0,451,D,"",,"E-56 SITE-IV NEAR HALDIRAM KASNA GAUTAM BUDDHA NAGAR",,"SHAILENDRA SINGHAL",,,,,,AANPS5971K,GREATER NOIDA,0,,,anandtimber1@gmail.com,,,0,0,,0,,,,0,0000-00-00,0000-00-00,0000-00-00,,,,201308,0,0,,,,no,,,,
A1946,"ASHWANI KUMAR AND SONS",9828457487,HANUMNAGARH,"HANUMNAGARH",D02008,Y,0,0,0,N,0,427,O,"",,"HMHSHOP NO 8 BNEW DHAN MANDI          HANUMANGARH JUNCATION",,"ASHWANI KUMAR",,,,,,AAAHA9196D,HANUMNAGARH,0,,,singladeepakrd@gmail.com,,,0,0,,0,,,,0,1971-01-01,1971-01-01,1971-01-01,,,,335512,0,0,no,no,no,no,,,,
A1957,"AVON CREATIONS",9554144333,LUCKNOW,"LUCKNOW",S10221,Y,0,0,0,N,0,,D,"",,"BASMENT 1181 SA AURANGABAD KHALSA BIJNORE SAROJNI NAGAR",,"VIDHI AGARWAL",,,,,,BGDPA6581Q,LUCKNOW,0,,,avoncreations@hotmail.com,,,0,0,,0,,,,0,0000-00-00,0000-00-00,0000-00-00,,,,226012,0,0,,no,,no,,,,
A1963,"ATLANTA INTERIORS",9810631984,DELHI,"DELHI",S10014;S10014,Y,0,0,0,N,0,441,O,"",,"MG ROAD NEAREST TOGHITORNI METRO        STATION  OPP. PILLAR NO. 111           SOUTH WEST DELHI",,"KAPIL SURI",,,,,,AAIFA1314R,DELHI,0,,,,,,0,0,,0,,,,0,1971-01-01,1971-01-01,1971-01-01,,,,110030,0,0,no,no,no,no,,,,
A1963,"ATLANTA INTERIORS",9810631984,SOUTH WEST DELHI,"SOUTH WEST DELHI",S10014;S10014,Y,0,0,0,N,0,441,O,"",,"MG ROAD NEAREST TOGHITORNI METRO        STATION  OPP. PILLAR NO. 111           SOUTH WEST DELHI",,"KAPIL SURI",,,,,,AAIFA1314R,DELHI,0,,,,,,0,0,,0,,,,0,1971-01-01,1971-01-01,1971-01-01,,,,110030,0,0,no,no,no,no,,,,
A1966,"ADYANT ENTERPRISES",9934190100,PATNA,"PATNA",S01386,Y,0,0,0,N,0,219,D,"",,"PARWATI SADAN  ROAD NO -2 VRINDAWAN COLONY OPP WALMI PHULWARI",,"SUDHIR KUMAR SHARMA",993419020,,,,,ABDFA1382M,PATNA,0,,,adyantenterpries@gmail.com,,,0,0,,0,,,,0,0000-00-00,0000-00-00,0000-00-00,,,,801505,0,0,,no,,no,,,,
A1967,"AAR ESS ENTERPRISES",9814073125,PANCHKULA,"PANCHKULA",D10350,Y,0,0,0,N,0,443,D,"",,"PLOT NO.-34 PHASE-2",,"ASHWANI KUMAR",,,,,,AASPK5342H,PANCHKULA,0,,,aaressenterprises101@gmail.com,,,0,0,,0,,,,0,0000-00-00,0000-00-00,0000-00-00,,,,134112,0,0,,no,,no,,,,
A1970,"ANAND PLYWOOD",9896688844,KARNAL,"KARNAL",D10350,Y,1000000,30,0,N,0,443,D,"",,"SHOP NO-23 SHARDANAND ANATHALYA TRUST SADAR BAZAR",,"ANKUSH GOEL",9896688844,,,,,AIAPG0401F,KARNAL,0,,,anandplywood04@gmail.com,,,0,0,,0,,,,0,0000-00-00,0000-00-00,0000-00-00,,,,132001,0,0,,,,,,,,
A1980,"ANANAT BUILD CORP LLP",9909888800,RAJKOT,"RAJKOT",,Y,0,0,0,N,0,332,O,"",,"BASMATI HOUSE C/O SHREE JAGDISH TR DANAPITH NR PARA BAZAR",,"VIKRAM LALWANI",,,,,,ABKFA9084D,RAJKOT,0,,,anantbuildcorp@gmail.com,,,0,0,,0,,,,0,0000-00-00,0000-00-00,0000-00-00,,,,360001,0,0,,no,,no,,,,
A1982,"ADARSH JAISWAL",9554356000,FAIZABAD,"FAIZABAD",S10221,Y,0,0,0,N,0,447,O,"",,"C/O MAHAVEER JAISWAL 198-A SAGAR BUILDING FAIZABAD",,"ADARSH JAISWAL",,,,,,ASCPJ3485E,FAIZABAD,0,,,adarshj882@gmail.com,,,0,0,,0,,,,0,0000-00-00,0000-00-00,0000-00-00,,,,224001,0,0,,no,,no,,,,
A1985,"ASSAM TIMBER TARDERS",2205525,JAIPUR,"JAIPUR",S10109,Y,0,0,0,N,0,427,O,"",,"D-8 KALIV MARG BANIPARK JAIPUR",,"MANOJ KUMAR JAIN",,,,,,AACFA8222C,JAIPUR,0,,,assmtimber@gmail.com,,,0,0,,0,,,,0,0000-00-00,0000-00-00,0000-00-00,,,,302016,0,0,,no,,no,,,,
A1989,"AHUJA SAW MILLS",9968311292,EAST DELHI,"EAST DELHI",S10015,Y,0,0,0,N,0,451,D,"",,"1X/6079 MAIN ROAD GANDHI NAGAR",,"ASHOK AHUJA",,,,,,AFRPA6865R,EAST DELHI,0,,,sunnyahuja512@gmail.com,,,0,0,,0,,,,0,0000-00-00,0000-00-00,0000-00-00,,,,110031,0,0,,,,no,,,,
A1996,"ADARSH ENTERPRISES",7007464369,UNCHAHAR-RAEBARELI,"UNCHAHAR-RAEBARELI",S10221,Y,0,0,0,N,0,447,D,"",,"UNCHAHAR TOWN STATION ROAD",,"SUNITA SINGH",,,,,,CWLPS4385K,UNCHAHAR-RAEBARELI,0,,,apoorvacv67@gmail.com,,,0,0,,0,,,,0,0000-00-00,0000-00-00,0000-00-00,,,,229404,0,0,,no,,no,,,,
A1998,"ANANT WORKS LLP",9898581626,AHMEDABAD,"AHMEDABAD",,Y,1000,0,0,N,0,332,P,"",,"B/301 MARUTI TOWERS OPP SIDDHI VINAYAK COMPLEX",,"KOMAL LADHA",,,,,,ABJFA1919Q,AHMEDABAD,0,,,anantworksllp@gmail.com,,,0,0,,0,,,,0,0000-00-00,0000-00-00,0000-00-00,,,,380015,0,0,,,,no,,,,
A1999,"ATUL WOOD WORKS",8090702500,KANPUR,"KANPUR",S10221,Y,0,0,0,N,0,447,D,"",,"N.E. RAILWAY PLOT NO.-13 COOPERGANJ ROAD JHHAKARKATI",,"OM PRAKASH GUPTA",,,,,,ACDPG9968N,KANPUR,0,,,atulwoodworks@gmail.com,,,0,0,,0,,,,0,0000-00-00,0000-00-00,0000-00-00,,,,208001,0,0,,no,,no,,,,
A2004,"ADARSH TRADERS",9334732914,PATNA,"PATNA",S01386,Y,0,0,0,N,0,219,O,"",,"SHREE NIWAS S/O ANIL KUMAR SALIMPUR AHRA GALI NO 01 KADAMKUAN",,"RAVI KISHOR",,,,,,BETPK0617K,PATNA,0,,,aadarshtraders786@gmail.com,,,0,0,,0,,,,0,0000-00-00,0000-00-00,0000-00-00,,,,800003,0,0,,no,,no,,,,
A2010,"ART'S & CRAFT",9785618382,BHILWARA,"BHILWARA",S10109,Y,0,0,0,N,0,427,O,"",,"DANGI FACTORYMOKHAMPURA ROAD BHILWARA",,"GOPAL LAL JANGID",,,,,,AOPPJ7134K,BHILWARA,0,,,artsandcraft18@gmail.com,,,0,0,,0,,,,0,0000-00-00,0000-00-00,0000-00-00,,,,311803,0,0,,no,,no,,,,
A2016,"ASK SYNERGIES",9827308234,SAGAR,"SAGAR",S01883,Y,0,0,0,N,0,446,P,"",,"PILI KOTHI",,"SUDHANSHU SHRIVASTAVA",,,,,,ABSFA9284H,SAGAR,0,,,HARSHSALE@YAHOO.CO.IN,,,0,0,,0,,,,0,0000-00-00,0000-00-00,0000-00-00,,,,470001,0,0,,no,,no,,,,
A2017,"A.M ENTERPRISES",7005697432,PASIGHAT EAST SIANG,"PASIGHAT, EAST SIANG",S01825;S01785,Y,0,0,0,N,0,215,D,"",,"BANSKOTA NEAR TVS DEALER SHOWROOM",,"BINDESHWAR PANDIT",,,,,,CCKPP2720A,PASIGHAT, EAST SIANG,0,,,bindeshwarpandit77@gmail.com,,,0,0,,0,,,,0,0000-00-00,0000-00-00,0000-00-00,,,,791102,0,0,,,,,,,,
A2025,"ASHISH JAYANTIBHAI THUMAR",9727200002,SHAPAR,"SHAPAR",,Y,50000,30,0,N,0,317,O,"",,"C/O SHIV KANTA RAJKOT GONDAL HIGHWAY SHAPAR",,"ASHISH JAYANTIBHAI THUMAR",,,,,,ADJPT1857C,SHAPAR,0,,,0,,,0,0,,0,,,,0,0000-00-00,0000-00-00,0000-00-00,,,,360024,0,0,,no,,no,,,,
A2032,"ASIAN STEEL",9265761450,RAJKOT,"RAJKOT",,Y,200000,30,0,N,0,317,O,"",,"12 ASIAN STEEL BHAKTI NAGAR STATION PLOT GONDAL ROAD",,"MILAN VAGHELA",,,,,,ABGFA1896D,RAJKOT,0,,,0,,,0,0,,0,,,,0,0000-00-00,0000-00-00,0000-00-00,,,,360003,0,0,,,,no,,,,
A2034,"AGRAWAL AGENCY",9931155488,BOKARO,"BOKARO",D01932,Y,0,0,0,N,0,222,D,"",,"MAIN ROAD CHAS BOKARO STEEL CITY",,"RAJESH AGRAWAL",,,,,,ABUPA6045Q,BOKARO,0,,,agrawalagency.chas@gmail.com,,,0,0,,0,,,,0,0000-00-00,0000-00-00,0000-00-00,,,,827013,0,0,,,,,,,,
A2036,"ANAND TIMBER & TRADERS",8527271764,DELHI,"DELHI",S10015,Y,0,0,0,N,0,451,D,"",,"1/2456-C GALI NO.-24 RAM NAGAR NEAR GOPAL VATIKA SHAHDARA",,"SEHAJLEEN SINGH",,,,,,NIMPS8525R,DELHI,0,,,harpreetsinghanand1970@gmail.com,,,0,0,,0,,,,0,0000-00-00,0000-00-00,0000-00-00,,,,110032,0,0,,,,no,,,,
A2048,"ATS ENTERPRISES",9565217213,VARANASI,"VARANASI",S10221,Y,0,0,0,N,0,447,D,"",,"94 KUNDAN NAGAR SHIVPUR",,"TUSHAR SINGH",,,,,,CNTPS0074C,VARANASI,0,,,tush251990@gmail.com,,,0,0,,0,,,,0,0000-00-00,0000-00-00,0000-00-00,,,,221003,0,0,,,,no,,,,
A2056,"ASSAM HARDWARE STORE",+91-99541-82658,LAKHIMPUR,"LAKHIMPUR",S01825;S01785,Y,0,0,0,N,0,215,D,"",,"N.T ROAD WARD NO-06                    NORTH LAKHIMPUR",,"MRINAL DAS",,,,,,ABMFA8400B,LAKHIMPUR,0,,,,,,0,0,,0,,,,0,0000-00-00,0000-00-00,0000-00-00,,,,787001,0,0,,,,,,,,
A2070,"ANANYA PLYWOOD TRADERS",9454924422,GHAZIPUR,"GHAZIPUR",S10221,Y,0,0,0,N,0,447,D,"",,"CHAWANI LINE PEERNAGAR PEERNAGAR",,"RAMNATH SINGH YADAV",,,,,,AGOPY1726F,GHAZIPUR,0,,,mintusinghgzp1983@gmail.com,,,0,0,,0,,,,0,0000-00-00,0000-00-00,0000-00-00,,,,233001,0,0,,,,,,,,
A2072,"ARTS & CRAFT INDUSTRIES",9784516300,BHILWARA,"BHILWARA",S10109,Y,0,0,0,N,0,427,O,"",,"MAUKHAMPURA ROADOPP DANGI FACTORY NEAR OLD BUS STANDKUMBHA CIRCLE",,"MUKESH KUMAR JANGID",9784516300,,,,,AVUPK0323K,BHILWARA,0,,,mukesh.jangid@artsandcraft.in,,,0,0,,0,,,,0,0000-00-00,0000-00-00,0000-00-00,,,,311001,0,0,,,,no,,,,
A2080,"AAGYA TRADERS",8826063376,ARARIA,"ARARIA",S01386,Y,0,0,0,N,0,219,O,"",,"WARD NO -16 UATTER MAHESWARI BEHIND CENTRALBANK OF INDIAJAGBANI",,"ADARSH KUMAR ANAND",,,,,,AOXPA7967F,ARARIA,0,,,adarsg42@gmail.com,,,0,0,,0,,,,0,0000-00-00,0000-00-00,0000-00-00,,,,854328,0,0,,,,no,,,,
A2081,"AVNI TILES & SANITARY",8585988801,EAST DELHI,"EAST DELHI",S10155,Y,0,0,0,N,0,441,P,"",,"85-ARADHEY PURI EXTN.1 GROUND FLOORKRISHNA NAGAR",,"PRADEEP MITTAL",,,,,,AHPPM4491H,EAST DELHI,0,,,avnitiles179@gmail.com,,,0,0,,0,,,,0,0000-00-00,0000-00-00,0000-00-00,,,,110051,0,0,,,,,,,,
A2083,"AADHUNIK ENTERPRISES",9792416868,BASTI,"BASTI",S10221,Y,0,0,0,N,0,447,D,"",,"AADHUNIK MARKET GANDHI NAGAR NEAR PARAS ELECTRICAL",,"MOH. WASEEM KHAN",,,,,,AWSPK5997Q,BASTI,0,,,waseemkhan8738@gmail.com,,,0,0,,0,,,,0,0000-00-00,0000-00-00,0000-00-00,,,,272001,0,0,,,,,,,,
A2088,"ATUL INFRAESTATE LLP",9319518242,AGRA,"Agra",S10221,Y,0,0,0,N,0,447,O,"",,"106 NEHRU NAGAR AGRA",,"MOHIT GOYAL",,,,,,ABMFA7261N,AGRA,0,,,opchainsgroup@gmail.com,,,0,0,,0,,,,0,0000-00-00,0000-00-00,0000-00-00,,,,282002,0,0,,,,,,,,
A2093,"ALUXE LIFESTYLE (OPC) PRIVATE LIMITED",9832763934,SOUTH ANDAMAN & NICO,"SOUTH ANDAMAN & NICOBAR ISLAND",S01700,Y,0,0,0,N,0,525,O,"",,"GROUND FLOOR. SHOP NO 1 & 2 S SQUARE COMPLEXSHADIPURPORT BLAI",,"MR.ANDAMAN AMAAN SALAM",,,,,,AAWCA7010K,SOUTH ANDAMAN & NICOBAR ISLAND,0,,,amaanpb@gmail.com,,,0,0,,0,,,,0,0000-00-00,0000-00-00,0000-00-00,,,,744106,0,0,,,,,,,,
A2095,"ATHINATH GLASS &  PLYWOOD.",9363205759,COIMBATORE,"COIMBATORE",S01700,Y,0,0,0,N,0,525,O,"",,"NO.1- ALOGAMANYA STREET (EAST) METTUPALAYAM ROAD",,"ANITHA VIMALCHAND VAJAWAT",,,,,,ARRPA3874G,COIMBATORE,0,,,agpglass@gmail.com,,,0,0,,0,,,,0,0000-00-00,0000-00-00,0000-00-00,,,,641002,0,0,,,,,,,,
A2097,"AHUJA TIMBER & PLYWOODS",9810121109,DELHI,"DELHI",S10251;S10137,Y,0,0,0,N,0,441,O,"",,"5-A GALI NO.1                          NEAR JAGATPURI RED LIGHT CHOWK          JAGATPURIEAST DELHI",,"ANIL KUMAR AHUJA",,,,,,ADIPA3059N,DELHI,0,,,manan.a22@mhrod.in,,,0,0,,0,,,,0,1971-01-01,1971-01-01,1971-01-01,,,,110051,0,0,no,no,no,no,,,,
A2097,"AHUJA TIMBER & PLYWOODS",9810121109,JAGATPURI,"JAGATPURI",S10251;S10137,Y,0,0,0,N,0,441,O,"",,"5-A GALI NO.1                          NEAR JAGATPURI RED LIGHT CHOWK          JAGATPURIEAST DELHI",,"ANIL KUMAR AHUJA",,,,,,ADIPA3059N,DELHI,0,,,manan.a22@mhrod.in,,,0,0,,0,,,,0,1971-01-01,1971-01-01,1971-01-01,,,,110051,0,0,no,no,no,no,,,,
A2098,"ANAND WOOD AND FURNITURE",9811913301,GREATER NOIDA,"GREATER NOIDA",S10015,Y,0,0,0,N,0,441,D,"",,"E-55 SITE-4 UPSIDC GAUTAM BUDDHA NAGAR",,"SHAILENDRA SINGHAL",,,,,,AATPS1758C,GREATER NOIDA,0,,,anandtimber1@gmail.com,,,0,0,,0,,,,0,0000-00-00,0000-00-00,0000-00-00,,,,201306,0,0,,,,,,,,
A2101,"ARTE DI LUSSO LLP",9967537000,MUMBAI,"MUMBAI",S01430,Y,2500000,30,0,N,0,331,O,"",,"B 804HUBTOWN SOLARIS NS PADKE RD OPP:TELI GALI ANDHERI",,"VIPUL CHHEDA",,,,,,ABQFA5139B,MUMBAI,0,,,artedilusso@sourcesunlimited.co.in,,,0,0,,0,,,,0,0000-00-00,0000-00-00,0000-00-00,,,,400069,0,0,,,,,,,,
A2105,"ASSAM TIMBER TRADERS",9999617695,NEW DELHI,"NEW DELHI",S10015,Y,0,0,0,N,0,441,D,"",,"KHASRA NO-49/4 ASSAM TIMBER MARKET SWARN PARK VILLAGE MUNDKA NANGLOI",,"SUNNY MITTAL",,,,,,AUPPM4715R,NEW DELHI,0,,,sunny14725@gmail.com,,,0,0,,0,,,,0,0000-00-00,0000-00-00,0000-00-00,,,,110041,0,0,,,,,,,,
A211,"AGARWAL PLYWOOD",9425274383,RAIGARH,"RAIGARH",S10014,Y,0,0,0,N,0,420,D,"",,"PLOT NO. 606 ITWARI BAZAR SUNDAY MARKET",,"SANJAY KUMAR AGRAWAL",,,,,,ADZPA7020J,RAIGARH,0,,,agrawal_plywood383@yahoo.com,,,0,0,,0,,,,0,0000-00-00,0000-00-00,0000-00-00,,,,496001,0,0,,,,,,,,
A2110,"AHIR AMARDIPBHAI TAPUBHAI",9099010007,RAJKOT,"RAJKOT",,Y,50000,30,0,N,0,317,O,"",,"AKSHARDHAM SOSA STREET-6 BLOK-36 ANKUR SCHOLL MAIN ROAD  RAJKOT",,"V B BARBASIYA",,,,,,AXBPA5950D,RAJKOT,0,,,0,,,0,0,,0,,,,0,0000-00-00,0000-00-00,0000-00-00,,,,360004,0,0,,,,,,,,
A2117,"AUM DECOR",9825215812,RAJKOT,"RAJKOT",,Y,0,0,0,N,0,332,O,"",,"GF SHOP NO 3 PRIME SQUARE GODOWN ROAD CORNER TAGORE ROAD",,"ANAND BHAI",,,,,,ABAFA0710E,RAJKOT,0,,,aumdecor@gmail.com,,,0,0,,0,,,,0,0000-00-00,0000-00-00,0000-00-00,,,,360002,0,0,,,,,,,,
A2118,"ADITYA PLYWOODS",9980010030,BENGALURU,"BENGALURU",D02026,Y,0,0,0,N,0,553,O,"",,"#3SY NO-103/2HARALUR ROAD H S R LAYOUT EXTENSION",,"SANKAR KISHORE KUMAR",,,,,,ABTFA7648G,BENGALURU,0,,,adityaplywoods.nk@gmail.com,,,0,0,,0,,,,0,0000-00-00,0000-00-00,0000-00-00,,,,560068,0,0,,,,,,,,
A2122,"ARORA PLYWOOD & TIMBER",9810712021,GURGAON,"GURGAON",S10223,Y,0,0,0,N,0,441,D,"",,"K.NO. 185 189 KILA NO. 87/22 SEC. 92 PATAUDI ROAD WAZIRPUR",,"BHARTI",,,,,,AYUPB1535B,GURGAON,0,,,dines.aroraply@gmail.com,,,0,0,,0,,,,0,0000-00-00,0000-00-00,0000-00-00,,,,122505,0,0,,,,,,,,
A2129,"AGARWAL PLYWOOD CO.",,ALIGARH,"ALIGARH",S10230,Y,0,0,0,N,0,447,O,"",,"MAMU BHANJA ROAD                        MAMU BHANJA",,"DEEPAK MITTAL",,,,,,AXSPM8680R,ALIGARH,0,,,deepak.agarwaltimber@gmail.com,,,0,0,,0,,,,0,0000-00-00,0000-00-00,0000-00-00,,,,202001,0,0,,,,,,,,
A213,"ANIL TRADERS,",,MEERUT,"MEERUT",,Y,0,,0,N,0,,O,"",,"38GEETA COLONY GARH  ROAD",,"",,,,,,,MEERUT,0,,,,,,0,0,,0,,,,0,0000-00-00,0000-00-00,0000-00-00,,,,,0,0,,no,,no,,,,
A2130,"AAYUSH PLY & HARDWARE",,PATNA,"PATNA",S01386,Y,0,0,0,N,0,219,O,"",,"HOLDING NO 722A ROAD NO 01             POST LOHIYA NAGAR KANKARBAGH",,"ADITI SINGH",,,,,,ODAPS5090D,PATNA,0,,,anuranjan98350@gmail.com,,,0,0,,0,,,,0,0000-00-00,0000-00-00,0000-00-00,,,,800020,0,0,,,,,,,,
A2131,"ARORA TIMBER CORPORATION",9810150898,NEW DELHI,"NEW DELHI",S10015,Y,0,0,0,N,0,441,D,"",,"193 RAMA MARKET PITAMPURA",,"GOPAL KISHAN ARORA",,,,,,AAEPA8859L,NEW DELHI,0,,,atc@aroratimber.com,,,0,0,,0,,,,0,0000-00-00,0000-00-00,0000-00-00,,,,110034,0,0,,,,,,,,
A2132,"AARATI ENTERPRISE",9140907310,LUCKNOW,"LUCKNOW",S10221,Y,0,0,0,N,0,447,O,"",,"VARD NO. 6 BAJRANG CHAURAHA AMARI GAON INDIRA NAGAR",,"RAMESH KUMAR YADAV",,,,,,ADFPY2350M,LUCKNOW,0,,,0,,,0,0,,0,,,,0,0000-00-00,0000-00-00,0000-00-00,,,,226016,0,0,,,,,,,,
A215,"ASSAM PLYWOOD PRODUCTS",09873347777,DELHI,"DELHI",S10152,Y,1500000,45,0,N,0,441,P,"",,"G.T. ROAD SHAHADRA",,"",,,,,,,DELHI,0,,,uniquetimbernoida@gmail.com,,,0,0,,0,,,,0,0000-00-00,0000-00-00,0000-00-00,,,,110032,0,0,no,no,,no,,,,
A2161,"ASHITHA PLYWOOD AND HARDWARE",9703350354,HYDERABAD,"HYDERABAD",S01700,Y,1500000,30,0,N,0,554,D,"",,"#5-3-246 & 247 OPP.MATHA TEMPLE GOSHAMAHALCHAKNAWADI",,"VEERA BABU",9553589470,,,,,AFGPK1907F,HYDERABAD,0,,,ashithaplywood@gmail.com,,,0,0,,0,,,,0,0000-00-00,0000-00-00,0000-00-00,,,,500012,0,0,,,,,,,,
A2166,"AHUJA TIMBER",9992005755,FATEHABAD,"FATEHABAD",D10350,Y,0,0,0,N,0,443,D,"",,"BIGHAR  ROAD NEAR KATH MANDI SEWA SADAN",,"KRISHAN AHUJA",9416049768,,,,,AEJPA2217A,FATEHABAD,0,,,manshuahuja@gmail.com,,,0,0,,0,,,,0,0000-00-00,0000-00-00,0000-00-00,,,,125050,0,0,,,,,,,,
A2174,"AVDHUT PLAYWOOD & HARDWEAR",9637579100,BEED,"BEED",S01430,Y,2500000,30,0,N,0,331,O,"",,"HOUSE NO.1-2-285WARD NO.1GAT 2 ANAND NAGARDHANORA ROADP NAGARI",,"SACHIN KASHID",,,,,,DNHPK3159K,BEED,0,,,avdhutply@gmail.com,,,0,0,,0,,,,0,0000-00-00,0000-00-00,0000-00-00,,,,431122,0,0,,,,,,,,
A2181,"A M D ENTERPRISES",8826146822,NEW DELHI,"NEW DELHI",S10014,Y,0,0,0,N,0,441,O,"",,"SHOP NO. 1 1/11 W.H.S KIRTI NAGAR",,"",,,,,,AAWFA6827D,NEW DELHI,0,,,amdknnewdelhi@gmail.com,,,0,0,,0,,,,0,0000-00-00,0000-00-00,0000-00-00,,,,110015,0,0,,,,,,,,
A2189,"AHIL PLY & HARDWARE",8825299640,HAZIPUR,"HAZIPUR",S01386,Y,0,0,0,N,0,219,O,"",,"AWAR SUB POST OFFICE 1 LALGANJ ROAD 			 HATHSAR GANJ HAJIPURI",,"MD LADLE",,,,,,AQIPL2383H,HAZIPUR,0,,,mdladle2019@gmail.com,,,0,0,,0,,,,0,0000-00-00,0000-00-00,0000-00-00,,,,844101,0,0,,,,,,,,
A2204,"ACCHYUT PLYWOOD AND HARDWARES",7618732655,DAVANAGERE,"DAVANAGERE",D01951,Y,0,0,0,N,0,,O,"",,"DOOR NO-117/10-8 RMC LINK ROAD					    NEAR DECCAN PLYWOOD AND INTERIOR					   MANDIPET",,"SHWETHA SHIVANAND JARALI",,,,,,GEZPS2049Q,DAVANAGERE,0,,,mmouneshwarachariky@gmail.com,,,0,0,,0,,,,0,0000-00-00,0000-00-00,0000-00-00,,,,577001,0,0,,,,,,,,
A2209,"AROHI STEEL & WORKS",9709245215,CHATRA,"CHATRA",D01932;D02097,Y,0,0,0,N,0,222,D,"",,"KHARIK TAPEJ CHATRA",,"RANJIT KUMAR 					 SINGH",,,,,,GUVPS5432M,CHATRA,0,,,gopaltambi42@gmail.com,,,0,0,,0,,,,0,0000-00-00,0000-00-00,0000-00-00,,,,825401,0,0,,,,,,,,
A2210,"ARATI PLY WOOD CENTRE",9883292974,KOLKATA,"KOLKATA",S01519;D02091,Y,0,0,0,N,0,457,D,"",,"JAGATPUR NETAJI PALLY					               1 NO ROW KOLKATA					                    NORTH 24 PARGANAS",,"AMARESH HALDER",,,,,,ACJPH5472J,KOLKATA,0,,,halder.amaresh1985@gmail.com,,,0,0,,0,,,,0,1971-01-01,1971-01-01,1971-01-01,,,,700059,0,0,no,no,no,no,,,,
A2211,"ASSAM PLY AND DÉCOR",9508855031,GUWAHATI,"GUWAHATI",S10222,Y,0,0,0,N,0,215,D,"",,"House No. 8 Bishnupur Main Road					   Bishnupur Kamrup Metropolitan",,"",,,,,,ADOPI7417G,Guwahati,0,,,assamplyanddecor@gmail.com,,,0,0,,0,,,,0,0000-00-00,0000-00-00,0000-00-00,,,,781016,0,0,,,,,,,,
A2213,"ABODE INTERIORS",9315304509,NOIDA,"NOIDA",S10221,Y,0,0,0,N,0,441,D,"",,"GROUND FLOOR 36 B BLOCK SECTOR-9					 GAUTAM BUDDHA NAGAR",,"AKSHAT JAIN",,,,,,CDIPJ0390K,NOIDA,0,,,abodeinteriors09@gmail.com,,,0,0,,0,,,,0,0000-00-00,0000-00-00,0000-00-00,,,,201301,0,0,,,,,,,,
A2221,"ARUN INFRA",9887023700,AJMER,"AJMER",S10173,Y,0,0,0,N,0,427,D,"",,"NEAR MUKL GARDAN						                   ADARSH NAGAR",,"RAVI PRAKASH ACHARYA",,,,,,AIUPA4786H,AJMER,0,,,aruninfra900@gmail.com,,,0,0,,0,,,,0,1971-01-01,1971-01-01,1971-01-01,,,,305001,0,0,no,no,no,no,,,,
A2222,"AJEET KUMAR",8460682857,GAYA,"GAYA",,Y,0,0,0,N,0,331,O,"",,"VILL-SOHIA PAKRI SALAIYA",,"AJEET KUMAR",,,,,,CWLPK3751R,GAYA,0,,,ajeet11ak@gmail.com,,,0,0,,0,,,,0,0000-00-00,0000-00-00,0000-00-00,,,,824210,0,0,,,,,,,,
A2228,"AA AND AYSHA TRADING COMPANY",7906503531,HARIDWAR,"HARIDWAR",S10230,Y,0,0,0,N,0,448,O,"",,"GALI NO 03 MOHA MUSTQUEEM						         GREEN PARK COLONY RAMPUR CHUNNGI RAMPUR",,"NASREEN",,,,,,BMLPN0569H,HARIDWAR,0,,,muntajeer333@gmail.com,,,0,0,,0,,,,0,0000-00-00,0000-00-00,0000-00-00,,,,247667,0,0,,,,,,,,
A2229,"ARORA TIMBER CORPORATION",9810150898,NEW DELHI,"NEW DELHI",S10042,Y,0,0,0,N,0,441,O,"",,"193 RAMA MARKET						                   PITAMPURA",,"GOPAL KRISHAN ARORA",,,,,,AAEPA9959L,NEW DELHI,0,,,dpk.atc@gmail.com,,,0,0,,0,,,,0,0000-00-00,0000-00-00,0000-00-00,,,,110034,0,0,,,,,,,,
A2232,"AMAZE TRADERS",7012995439,THIRUVANANTHAPURAM,"THIRUVANANTHAPURAM",D02026,Y,0,0,0,N,0,,O,"",,"VALLAKKADAVU JUMA MASJIDGROUND FLOOR   TC-88/1183DEPOT ROADVALLAKKADAVU",,"Mr. ASHIQ AK",,,,,,ABDFA2690L,THIRUVANANTHAPURAM,0,,,amazetraderstvm@gmail.com,,,0,0,,0,,,,0,0000-00-00,0000-00-00,0000-00-00,,,,695008,0,0,,,,,,,,
A2236,"ABHILASH HARDWARE & PLYWOOD",7204105849,RAICHUR,"RAICHUR",S01858,Y,0,0,0,N,0,553,O,"",,"#12-1-125/3/7 OPP. MUNNURWADI SCHOOL		 BASAVAN BHAVI CHOWK",,"ABHILASH",917204105849,,,,,BEVPN8545P,RAICHUR,0,,,abhilash.123@gmail.com,,,0,0,,0,,,,0,0000-00-00,0000-00-00,0000-00-00,,,,584102,0,0,,,,,,,,
A2240,"A J INDUSTRIES",9825511860,KHEDA,"KHEDA",,Y,0,0,0,N,0,317,O,"",,"SURVEY NO 441 ANDHAJ					               RAILWAY APPROACH ROAD ANDHAJ KHEDA",,"Mr. YOGESH KUMAR",,,,,,AGBPS9236P,KHEDA,0,,,darshansadrani76@gmail.com,,,0,0,,0,,,,0,0000-00-00,0000-00-00,0000-00-00,,,,387320,0,0,,,,,,,,
A2243,"ASHOK KUMAR",9837053809,MORADABAD,"MORADABAD",S10230,Y,0,0,0,N,0,448,O,"",,"House No.-9A Police line mandir						   Civil Line Moradabad",,"ASHOK KUMAR",,,,,,,Moradabad,0,,,ashokgupta@gmail.com,,,0,0,,0,,,,0,0000-00-00,0000-00-00,0000-00-00,,,,244001,0,0,,,,,,,,
A2244,"ABHINANDAN TRADERS",8757907847,GODDA,"GODDA",D01932,Y,0,0,0,N,0,222,D,"",,"KADWA TOLA GANGTA KHURD					            GODDA",,"MUKESH NANDAN SHARMA",,,,,,IAVPS3345P,GODDA,0,,,mukeshnandansharma@gmail.com,,,0,0,,0,,,,0,0000-00-00,0000-00-00,0000-00-00,,,,815353,0,0,,,,,,,,
A225,"ANUPAM  GLASS & PLYWOOD CO.",9212655703,FARIDABAD,"Faridabad",S10152,Y,0,30,0,N,0,441,D,"",,"87 GOPI COLONY OLD FARIDABAD",,"NARESH KUMAR",,,,,,ADPPK5931Q,FARIDABAD,0,,,anupamdecorative@gmail.com,,,0,0,,0,,,,0,0000-00-00,0000-00-00,0000-00-00,,,,121002,0,0,no,no,,no,,,,
A2254,"ANNAPURNA PROJECTS & MARKETING",9672155445,JAIPUR,"JAIPUR",S10305,Y,0,0,0,N,0,427,O,"",,"PLOT NO 9-10 VARDHMAN NAGAR - B 						 BADARWAS						                          SANGANER",,"MANOHARBHAI",,,,,,AMCPG8445K,JAIPUR,0,,,annapurnawoods@gmail.com,,,0,0,,0,,,,0,0000-00-00,0000-00-00,0000-00-00,,,,302019,0,0,,,,,,,,
A2256,"AMBICA TIMBER MART",9887852740,AHMEDABAD,"AHMEDABAD",D02039,Y,0,0,0,N,0,332,O,"",,"16/5 AMBICA HOUSE 						               OPP GRAND BHAGWATI HOTEL						          S G HIGHWAY BODAKDEV",,"ROHITASH GUPTA",,,,,,AAGFA6799J,AHMEDABAD,0,,,ambica9002@yahoo.co.in,,,0,0,,0,,,,0,0000-00-00,0000-00-00,0000-00-00,,,,380054,0,0,,,,,,,,
A226,"AGARWAL PLYWOOD HOUSE",,BHATINDA (PUNJAB),"BHATINDA (PUNJAB)",,Y,0,,0,N,0,,O,"",,"DHOBI BAZAR DR.RADHA KRISHAN MARG",,"",,,,,,,BHATINDA (PUNJAB),0,,,,,,0,0,,0,,,,0,0000-00-00,0000-00-00,0000-00-00,,,,,0,0,,no,,no,,,,
A2264,"ARVIND SAW MILLS",9660411906,BHILWARA,"BHILWARA",S10314,Y,0,0,0,N,0,427,O,"",,"64 KUMBHA CIRCLE KE PASS						          AZAD NAGAR						                        BHILWARA",,"VISHAL RATHI",,,,,,DUZPR6145D,BHILWARA,0,,,asmbhl22@gmail.com,,,0,0,,0,,,,0,0000-00-00,0000-00-00,0000-00-00,,,,311001,0,0,,,,,,,,
A2269,"AGRAWAL PAPER HOUSE",9425113303,GWALIOR,"GWALIOR",S01630,Y,0,0,0,N,0,446,O,"",,"1 LAXMINARAYAN MANDIR HUJRAT ROAD      NAYA BAZAR LASHKAR GWALIOR",,"SANJAY AGRAWAL",,,,,,ABNPA8768M,GWALIOR,0,,,agrawalpaper@gmail.com,,,0,0,,0,,,,0,0000-00-00,0000-00-00,0000-00-00,,,,474009,0,0,,,,,,,,
A227,"AHUJA & CO.",9873121335,NEW DELHI,"NEW DELHI",,Y,0,,0,N,0,,O,"",,"MANDIR MARGPANCHKUIA ROA",,"",,,,,,,NEW DELHI,0,,,,,,0,0,,0,,,,0,0000-00-00,0000-00-00,0000-00-00,,,,,0,0,,no,,no,,,,
A2277,"AASHVI TRADERS",8077024958,BIJNOR,"BIJNOR",S10230;S10110,Y,0,0,0,N,0,448,D,"",,"B-14 Nai Basti Near Gurudwara Road",,"NEERAV ARORA",,,,,,ABZPA4335L,BIJNOR,0,,,neerav.arora@rediffmail.com,,,0,0,,0,,,,0,1971-01-01,1971-01-01,1971-01-01,,,,246701,0,0,no,no,no,no,,,,
A2279,"AADVIK GLASS & PLYWOOD",8670593298,UKHRA,"UKHRA",,Y,0,0,0,N,0,,D,"",,"MG ROAD NATUN HATTALA						             UKHRA PASCHIM BARDHAMAN",,"CHANDAN SHARMA",,,,,,EUIPS2146R,UKHRA,0,,,sharmachandan@gmail.com,,,0,0,,0,,,,0,1971-01-01,1971-01-01,1971-01-01,,,,713363,0,0,no,no,no,no,,,,
A2283,"AGARWAL TRADERS",9721211111,LUCKNOW,"LUCKNOW",D10484,Y,0,0,0,N,0,447,D,"",,"UGF AND LGF 6D/859 SECTOR 6 VISTAR				 HDFC BANK GOMTI NAGAR",,"ANKUR AGARWAL",,,,,,ACBFA6105B,LUCKNOW,0,,,agarwaltraders2917@gmail.com,,,0,0,,0,,,,0,1971-01-01,1971-01-01,1971-01-01,,,,226010,0,0,no,no,no,no,,,,
A2285,"APPLE PLY HOUSE",7257843802,GAYA,"GAYA",D02143,Y,0,0,0,N,0,219,O,"",,"PANCHAYATI AKHARA MORIYA GHAT MASJID			 GAYA",,"MD AAMIR ALAM",,,,,,BSUPA2465C,GAYA,0,,,aamiralam45@gmail.com,,,0,0,,0,,,,0,1971-01-01,1971-01-01,1971-01-01,,,,823001,0,0,no,no,no,no,,,,
A2296,"ANMOL INTERIOR FURNITURE",9576125221,RANCHI,"RANCHI",D02132,Y,0,0,0,N,0,222,O,"",,"ROAD NO.8 SWRAN REKHA NAGAR              KATHARI BAGAN                            NAMKUM",,"ASHWINI KUMAR",,,,,,EBJPK1766B,RANCHI,0,,,ashwinisinghkumar@gmail.com,,,0,0,,0,,,,0,1971-01-01,1971-01-01,1971-01-01,,,,834010,0,0,no,no,no,no,,,,
A2297,"ASHOKA MANUFACTURING CO.",9413650877,SIKAR,"SIKAR",D10322,Y,0,0,0,N,0,427,D,"",,"E-49 						                             INDUSTRIAL AREA",,"JAGDISH PRASAD MOR",,,,,,ACLPM1689C,SIKAR,0,,,asheeshmor@gmail.com,,,0,0,,0,,,,0,1971-01-01,1971-01-01,1971-01-01,,,,332001,0,0,no,no,no,no,,,,
A2299,"ARIHANT ENTERPRISES",7000516972,RATLAM,"RATLAM",D02105;D02169,Y,0,0,0,N,0,446,P,"",,"45/211 & 45/211/1                        LOHAR ROAD",,"YASH KOTADIYA",,,,,,FMOPK6772G,RATLAM,0,,,yash.kotadiya.15@gmail.com,,,0,0,,0,,,,0,1971-01-01,1971-01-01,1971-01-01,,,,457001,0,0,no,no,no,no,,,,
A230,"AHUJA FURNISHERS (P) LTD.",9818432408,NEW DELHI,"NEW DELHI",,Y,0,,0,N,0,,O,"",,"E-40/1OKHLA IND.AREA PHASE-II",,"",,,,,,,NEW DELHI,0,,,,,,0,0,,0,,,,0,0000-00-00,0000-00-00,0000-00-00,,,,,0,0,,no,,no,,,,
A2300,"ASM ENTERPRISES",9868440641,NEW DELHI,"NEW DELHI",S10042,Y,0,0,0,N,0,441,O,"",,"GALI NO.5SHOP NO.2ASSAM TIMBER MARKET  KHASRA NO.49/18SWARN PARKMUNDAKA						 WEST DELHI",,"Suresh Garg",,,,,,AICPG1332K,NEW DELHI,0,,,sureshgarg5@gmail.com,,,0,0,,0,,,,0,1971-01-01,1971-01-01,1971-01-01,,,,110041,0,0,no,no,no,no,,,,
A2303,"ADAV SPACE PRIVATE LIMITED",9414287250,BHILWARA,"BHILWARA",D10464,Y,0,0,0,N,0,427,P,"",,"GRANDE VASAANTE 50-A-PARAS VILLA						  NIRMAL APPT DWARIKA COLONY						       GANDHINAGAR",,"MANISH SANKHLA",,,,,,AAXCA0893R,BHILWARA,0,,,adavspacepvtltd@gmail.com,,,0,0,,0,,,,0,1971-01-01,1971-01-01,1971-01-01,,,,311001,0,0,no,no,no,no,,,,
A2308,"AS PLYWOOD & HOME DECOR",7800112273,LALITPUR,"LALITPUR",S10317,Y,0,0,0,N,0,447,D,"",,"0 INSIDE BAJAJ AGENCY            HARDEELA",,"",,,,,,AXOPJ4614Q,LALITPUR,0,,,asplywoodhd@gmail.com,,,0,0,,0,,,,0,1971-01-01,1971-01-01,1971-01-01,,,,284403,0,0,no,no,no,no,,,,
A2312,"ACP WORLD",9847422768,KOZHIKODE,"KOZHIKODE",D02107,Y,0,0,0,N,0,529,D,"",,"749/35 /OLD NO.1062/D1 IN WARD NO 24 KALOOR ROAD NEAR MOORIYAD BRIDGE VALAYANADU MANKAVU",,"KAMAL MUHAMMED THAYALPUTHIYA",,,,,,AATFA6687L,KOZHIKODE,0,,,acpworldknr@gmail.com,,,0,0,,0,,,,0,1971-01-01,1971-01-01,1971-01-01,,,,673007,0,0,no,no,no,no,,,,
A2316,"AURA",9314107172,KOTA,"KOTA",D10441,Y,0,0,0,N,0,427,D,"",,"A-93 NEW DHANMANDI",,"SHUBHAM HANDA",,,,,,ABSFA5574A,KOTA,0,,,aurashowroom93@gmail.com,,,0,0,,0,,,,0,1971-01-01,1971-01-01,1971-01-01,,,,324007,0,0,no,no,no,no,,,,
A2336,"ARUN PLYWOOD & HARDWARE",9728457575,BHIWANI,"BHIWANI",D10397,Y,0,0,0,N,0,443,O,"",,"NAYA BAZAR						                        OPP.KISHORI LAL SEWA SADAN",,"ANUP KUMAR",,,,,,ABJPK6058L,BHIWANI,0,,,lalitpankaj98@gmail.com,,,0,0,,0,,,,0,1971-01-01,1971-01-01,1971-01-01,,,,127021,0,0,no,no,no,no,,,,
A2338,"AMAN HARDWARE",9410025364,PURANPUR,"PURANPUR",D10342,Y,0,0,0,N,0,448,D,"",,"STATION ROAD MOH GANESHGANJ PURVI  PURANPUR PILIBHIT",,"AMAN PRAJAPATI",,,,,,FCCPP9077F,PURANPUR,0,,,prajapatiaman456@gmail.com,,,0,0,,0,,,,0,1971-01-01,1971-01-01,1971-01-01,,,,262122,0,0,no,no,no,no,,,,
A2343,"AMBEY REALTORS LLP",9073120497,KOLKATA,"KOLKATA",D01997,Y,0,0,0,N,0,457,P,"",,"2ND FLOOR UNIT NO 205 PS IXL BUILDING  NEW TOWN ROAD R-GOPALPUR CHINARPARK    NORTH 24 PARGANAS",,"AAKANSHA SHARMA",,,,,,ABCFA8196Q,KOLKATA,0,,,purchase@ambeygroup.net,,,0,0,,0,,,,0,1971-01-01,1971-01-01,1971-01-01,,,,700136,0,0,no,no,no,no,,,,
A2348,"A.G. BOX WORKS",8511147777,RAJKOT,"RAJKOT",,Y,0,0,0,N,0,332,O,"",,"16 SAMRAT INDUSTRIAL AREA           B/H S.T WORK SHOP OPP. HERO PUMP    GONDAL ROAD RAJKOT",,"ASHWANI BHAI",,,,,,ABIPA3784E,RAJKOT,0,,,agboxworks99@gmail.com,,,0,0,,0,,,,0,1971-01-01,1971-01-01,1971-01-01,,,,360004,0,0,no,no,no,no,,,,
A2357,"ARIHANT STEEL & SANITARY HOUSE",9928363145,BARMER,"BARMER",D10354,Y,0,0,0,N,0,427,D,"",,"PRATAP JI KI PROLL",,"ARVIND BOHRA",,,,,,ARJPB0002D,BARMER,0,,,destinyicr8@gmail.com,,,0,0,,0,,,,0,1971-01-01,1971-01-01,1971-01-01,,,,344001,0,0,no,no,no,no,,,,
A2361,"ASHISH SHAW",8777835215,KOLKATA,"KOLKATA",S01519,Y,0,0,0,N,0,457,O,"",,"HOLDING NO 33/1 B.L. NO 09         MOTI BHAWAN JAGATDAL               BHATPARA (M)",,"ASHISH SHAW",,,,,,FAGPS3510E,KOLKATA,0,,,ashishshawsh@gmail.com,,,0,0,,0,,,,0,1971-01-01,1971-01-01,1971-01-01,,,,743125,0,0,no,no,no,no,,,,
A2365,"AGGARWAL TIMBER STORE",8810543316,MAHENDRAGARH,"MAHENDRAGARH",D10344,Y,0,0,0,N,0,443,D,"",,"NEAR TALAB BAHADUR SINGH          NARNAUL",,"PRAHLAD RAI AGGARWAL",,,,,,AARPA7575K,MAHENDRAGARH,0,,,lovegarg134@gmail.com,,,0,0,,0,,,,0,1971-01-01,1971-01-01,1971-01-01,,,,123001,0,0,no,no,no,no,,,,
A2370,"AJIT TRADERS",7020568624,SANGLI,"SANGLI",D02186,Y,0,0,0,N,0,331,O,"",,"PL NO. 66                          MEHTA HOSPITAL                     TIMBER AREA SANGLI",,"SHIRISH LALCHAND MEHATA",,,,,,ABKPM4838K,SANGLI,0,,,paragsmehta13@gmail.com,,,0,0,,0,,,,0,1971-01-01,1971-01-01,1971-01-01,,,,416416,0,0,no,no,no,no,,,,
A2371,"AYKA INTERIORS",9753424426,RAIPUR,"RAIPUR",D10447,Y,0,0,0,N,0,420,D,"",,"8 801 GANPATI TOWER  STREET NO.1 BENGAL SWEET & SNACKS CORNER       MOWA",,"KALPESH RAMANBHAI MEWADA",,,,,,AUKPM7774P,RAIPUR,0,,,aykainteriors311@gmail.com,,,0,0,,0,,,,0,1971-01-01,1971-01-01,1971-01-01,,,,492005,0,0,no,no,no,no,,,,
A238,"AJAY ENTERPRSE",,DELHI,"DELHI",,Y,0,,0,N,0,,O,"",,"",,"",,,,,,,DELHI,0,,,,,,0,0,,0,,,,0,0000-00-00,0000-00-00,0000-00-00,,,,,0,0,,no,,no,,,,
A281,"AGRAWAL TIMBER & PLYBOARDS",9719538912,ALIGARH,"ALIGARH",S10230,Y,0,0,0,N,0,448,D,"",,"NEAR THANA SANSI GATE JAIGANJ",,"SUNITA AGRAWAL",,,,,,AFZPA3553Q,ALIGARH,0,,,aligarhankur@gmail.com,,,0,0,,0,,,,0,0000-00-00,0000-00-00,0000-00-00,,,,202001,0,0,,,,no,,,,
A467,"ANKIT ENTERPRISE",,NEW DELHI,"NEW DELHI",,Y,0,,0,N,0,,O,"",,"T932/3 FAIZ ROAD KAROL BAGH",,"",,,,,,,NEW DELHI,0,,,,,,0,0,,0,,,,0,0000-00-00,0000-00-00,0000-00-00,,,,,0,0,,no,,no,,,,
A544,"ALPLY SALES CORPORATION",9830068184,KOLKATA,"KOLKATA",,Y,300000,45,0,N,0,,D,"",,"47A C.R AVENUE",,"RAJU BUBNA",,,,,,AEHPB2112B,KOLKATA,0,,,shreevatsaboobna@gmail.com,,,0,0,,0,,,,0,0000-00-00,0000-00-00,0000-00-00,,,,,0,0,,no,,no,,,,
A554,"A+B INCORPORATION",,,"",,Y,0,,0,N,0,,O,"",,"NAYAPALLI BHUBANESWAR",,"",,,,,,,,0,,,,,,0,0,,0,,,,0,0000-00-00,0000-00-00,0000-00-00,,,,,0,0,,no,,no,,,,
A554,"A+B INCORPORATION",,NULL,"NULL",,Y,0,,0,N,0,,O,"",,"NAYAPALLI BHUBANESWAR",,"",,,,,,,,0,,,,,,0,0,,0,,,,0,0000-00-00,0000-00-00,0000-00-00,,,,,0,0,,no,,no,,,,
A555,"AJAY DEEP CONSTRUCTION PVT LTD",,Aurangabad,"AURANGABAD",,Y,0,,0,N,0,,O,"",,"407 AKSHAY DEEP 9 TOWN CIDCO JALNA ROA",,"",,,,,,,AURANGABAD,0,,,,,,0,0,,0,,,,0,0000-00-00,0000-00-00,0000-00-00,,,,,0,0,,no,,no,,,,
A562,"A.R.S.INTERIORS",,NEW DELHI,"NEW DELHI",,Y,0,,0,N,0,,O,"",,"J4/52-KHIRKI EXTENTION MALVIYA NAGAR",,"",,,,,,,NEW DELHI,0,,,,,,0,0,,0,,,,0,0000-00-00,0000-00-00,0000-00-00,,,,,0,0,,no,,no,,,,
A570,"A.D. TRADELINKS PVT LTD.",,NEW DELHI,"NEW DELHI",,Y,0,,0,N,0,,O,"",,"A-44PANCHSHEEL VIHAR",,"",,,,,,,NEW DELHI,0,,,,,,0,0,,0,,,,0,0000-00-00,0000-00-00,0000-00-00,,,,,0,0,,no,,no,,,,
A585,"AKRITI BUILD PVT LTD",,PATNA,"PATNA",S01386,Y,0,,0,N,0,219,O,"",,"PATNA",,"GOPAL PRASAD",933411390,,,,,,PATNA,0,,,,,,0,0,,0,,,,0,0000-00-00,0000-00-00,0000-00-00,,,,,0,0,,no,,no,,,,
A677,"ALTOS COPUMTER PVT LTD.",,,"",,Y,0,,0,N,0,,O,"",,"",,"",,,,,,,,0,,,,,,0,0,,0,,,,0,0000-00-00,0000-00-00,0000-00-00,,,,,0,0,,no,,no,,,,
A688,"ANKUR DRUGS & PHARMA LTD",,DISTT-SOLAN(HIMANCHA,"DISTT-SOLAN(HIMANCHA",,Y,0,,0,N,0,,O,"",,"VILL-MAKHANU MAJRA P.O.BADDI - TEH-NALAGARH",,"",,,,,,,DISTT-SOLAN(HIMANCHA,0,,,,,,0,0,,0,,,,0,0000-00-00,0000-00-00,0000-00-00,,,,,0,0,,no,,no,,,,
A691,"AJAY ENTERPRISES PVT LTD.",,FARIDABAD (HARYANA),"FARIDABAD (HARYANA)",,Y,0,,0,N,0,,O,"",,"CHARMSWOOD VILLAGE SURAJ KUND ROAD",,"",,,,,,,FARIDABAD (HARYANA),0,,,,,,0,0,,0,,,,0,0000-00-00,0000-00-00,0000-00-00,,,,,0,0,,no,,no,,,,
A6924,"ANEJA PLYWOODS PVT.LTD.",9814140328,RAJPURA,"RAJPURA",D10380,Y,0,0,0,N,0,454,D,"",,"NEAR LUXMI PALACE                        ROTARY CLUB ROAD",,"",,,,,,AAHCA1176D,RAJPURA,0,,,anejaplywoods@gmail.com,,,0,0,,0,,,,0,1971-01-01,1971-01-01,1971-01-01,,,,140401,0,0,no,no,no,no,,,,
A6931,"ANAND PLYWOOD( PVT)LTD.",9810181687,FARIDABAD,"Faridabad",S10153,Y,0,45,0,N,0,441,D,"",,"SCO-107 SET-16 MKT BEHIND SAGAR CINEMA",,"RAJAN MIGLANI",,,,,,AAFCA9749J,FARIDABAD,0,,,anandplywoodpltd@gmail.com,,,0,0,,0,,,,0,0000-00-00,0000-00-00,0000-00-00,,,,121002,0,0,no,no,,no,,,,
A738,"ASSAM PLY & GLASS HARDWARE",,PATNA,"PATNA",,Y,0,0,0,N,0,219,D,"",,"4M/10  BAHADURPUR HOUSING COLONYBHAGWAT NAGAR",,"AJAY KUMAR",9431084023,,,,,,PATNA,0,,,,,,0,0,,0,,,,0,0000-00-00,0000-00-00,0000-00-00,,,,800020,0,0,,no,,no,,,,
A739,"ANAND PLYWOOD PVT LTD.",9810006554,NEW DELHI,"NEW DELHI",S10153,Y,0,0,0,N,0,441,D,"A6931",,"C-1 AMAR COLONY RAGUNATH LAJPAT NAGAR",,"MANISH MIGLANI",,,,,,AAFCA9749J,NEW DELHI,0,,,anandplywoodpltd@gmail.com,,,0,0,,0,,,,0,0000-00-00,0000-00-00,0000-00-00,,,,110024,0,0,no,no,,no,,,,
A761,"AGRA ARCHITECHTS ASSOCIATION",,AGRA (U.P),"AGRA (U.P)",,Y,0,,0,N,0,,O,"",,"",,"",,,,,,,AGRA (U.P),0,,,,,,0,0,,0,,,,0,0000-00-00,0000-00-00,0000-00-00,,,,,0,0,,no,,no,,,,
A762,"ANALCO INDIA PVT LTD.",,NOIDA  (U.P.),"NOIDA  (U.P.)",,Y,0,,0,N,0,,O,"",,"SHOP NO.4SHARMA MKT SECTOR-53GIJHOR",,"",,,,,,,NOIDA  (U.P.),0,,,,,,0,0,,0,,,,0,0000-00-00,0000-00-00,0000-00-00,,,,,0,0,,no,,no,,,,
A810,"ASSOCIATED COMMERCIAL CORPN",09822049091,NASHIK,"NASHIK",,Y,2500000,30,0,N,0,331,D,"",,"8 DR.AMBEDKAR COLONYTILAK PATH  OPP:REDCROSS",,"SANDEEP BRAMHECHA",442532575621,,,,,AAACB9398K,NASHIK,0,,,sandipbramhecha@yahoo.com,,,0,0,,0,,,,0,0000-00-00,0000-00-00,0000-00-00,,,,422001,0,0,,no,,no,,,,
A831,"AMRIT BORTHAKUR",,FARIDABAD,"Faridabad",,Y,0,,0,N,0,,O,"",,"",,"",,,,,,,FARIDABAD,0,,,,,,0,0,,0,,,,0,0000-00-00,0000-00-00,0000-00-00,,,,,0,0,,no,,no,,,,
A841,"ANIL TRADER",,FARIDABAD,"Faridabad",,Y,0,,0,N,0,,O,"",,"",,"",,,,,,,FARIDABAD,0,,,,,,0,0,,0,,,,0,0000-00-00,0000-00-00,0000-00-00,,,,,0,0,,no,,no,,,,
A854,"ANIL HARDWARE STORE",,,"",,Y,0,,0,N,0,,O,"",,"NEAR THANA SASNI-GATE JAIGANJALIGARH",,"",,,,,,,,0,,,,,,0,0,,0,,,,0,0000-00-00,0000-00-00,0000-00-00,,,,,0,0,,no,,no,,,,
A895,"ASSAM TIMBER MERCHAT,N.DELHI",,NEW DELHI,"NEW DELHI",,Y,0,,0,N,0,,O,"",,"3/2 INDUSTRIAL AREA KIRTI NAGAR",,"",,,,,,,NEW DELHI,0,,,,,,0,0,,0,,,,0,0000-00-00,0000-00-00,0000-00-00,,,,,0,0,,no,,no,,,,
B0006,"BHAWANI TRADING",,PATNA,"PATNA",S01386,Y,0,,0,N,0,219,O,"",,"EXHIBITION ROAD PATNA",,"ALOK KUMAR",,,,,,,PATNA,0,,,,,,0,0,,0,,,,0,0000-00-00,0000-00-00,0000-00-00,,,,,0,0,,no,,no,,,,
B0015,"BHUSHAN STEEL & STRIPS LTD",,ORISSA,"ORISSA",,Y,5000000,60,0,N,0,331,D,"",,"NARENDERPURP.O.KUSHU PANGAVIA MERAMANDALIDIST.DHENKANAL",,"",,,,,,,ORISSA,0,,,,,,0,0,,0,,,,0,0000-00-00,0000-00-00,0000-00-00,,,,799121,0,0,,no,,no,,,,
B0016,"BOTHRA MEGA BAZAR",,,"",,Y,0,,0,N,0,,O,"",,"POWER HOUSE ROAD ROURKELA ORISSA",,"",,,,,,,,0,,,,,,0,0,,0,,,,0,0000-00-00,0000-00-00,0000-00-00,,,,,0,0,,no,,no,,,,
B0016,"BOTHRA MEGA BAZAR",,NULL,"NULL",,Y,0,,0,N,0,,O,"",,"POWER HOUSE ROAD ROURKELA ORISSA",,"",,,,,,,,0,,,,,,0,0,,0,,,,0,0000-00-00,0000-00-00,0000-00-00,,,,,0,0,,no,,no,,,,
B0022,"BALAJI TIMBER",,BARMER,"BARMER",,Y,0,,0,N,0,,O,"",,"",,"",,,,,,,BARMER,0,,,,,,0,0,,0,,,,0,0000-00-00,0000-00-00,0000-00-00,,,,,0,0,,no,,no,,,,
B0046,"BAKSHI RAM GOYAL",,KAITHAL,"KAITHAL",,Y,0,0,0,N,0,,O,"",,"MAIN BAZAR KAITHAL (HARYANA) 136027 CST NO. KR-N-148 DT.05/07",,"",,,,,,,KAITHAL,0,,,amitgoel05764@gmail.com,,,0,0,,0,,,,0,0000-00-00,0000-00-00,0000-00-00,,,,,0,0,,no,,no,,,,
B0049,"BHAVISHI PLYWOOD MARKETING",,RAJKOT,"RAJKOT",S01769,Y,0,0,0,N,0,332,O,"",,"TAGORE ROADOPP. ASHOK METALNR.SHANTWAN SCHOOL",,"ROHIT BHAI",9824180333,,,,,,RAJKOT,0,,,,,,0,0,,0,,,,0,0000-00-00,0000-00-00,0000-00-00,,,,,0,0,,no,,no,,,,
B025,"BIJU HAZARIKA",,GUWAHATI,"GUWAHATI",,Y,0,,0,N,0,,O,"",,"GUWAHATI  ASSAM",,"",,,,,,,GUWAHATI,0,,,,,,0,0,,0,,,,0,0000-00-00,0000-00-00,0000-00-00,,,,,0,0,,no,,no,,,,
B094,"BARGI PLYWOODS",9342111729,MYSORE,"MYSORE",S01405,Y,1500000,60,0,N,0,553,D,"",,"NO-60 DEVRAJ URS ROAD",,"NAGESH",08212435650,,,,,AABFB1096J,MYSORE,0,,,bargiplywoods@gmail.com,,,0,0,,0,,,,0,0000-00-00,0000-00-00,0000-00-00,,,,570001,0,0,,no,,no,,,,
B098,"B.S.N.L.",,,"",,Y,0,,0,N,0,,O,"",,"",,"",,,,,,,,0,,,,,,0,0,,0,,,,0,0000-00-00,0000-00-00,0000-00-00,,,,,0,0,,no,,no,,,,
B100,"BHARAT TEA CENTRE,DELHI",,DELHI,"DELHI",,Y,0,,0,N,0,,O,"",,"482 KHARI BAWARI",,"",,,,,,,DELHI,0,,,,,,0,0,,0,,,,0,0000-00-00,0000-00-00,0000-00-00,,,,,0,0,,no,,no,,,,
B1009,"B N PARIDA",,,"",,Y,0,,0,N,0,,O,"",,"A/12 SURYA NAGAR BHUBANESWAR 9437006644",,"",,,,,,,,0,,,,,,0,0,,0,,,,0,0000-00-00,0000-00-00,0000-00-00,,,,,0,0,,no,,no,,,,
B1009,"B N PARIDA",,NULL,"NULL",,Y,0,,0,N,0,,O,"",,"A/12 SURYA NAGAR BHUBANESWAR 9437006644",,"",,,,,,,,0,,,,,,0,0,,0,,,,0,0000-00-00,0000-00-00,0000-00-00,,,,,0,0,,no,,no,,,,
B1018,"BHARAT PLY AND LAM",,,"",,Y,0,,0,N,0,,O,"",,"RASULGARH BHUBANESWAR",,"",,,,,,,,0,,,,,,0,0,,0,,,,0,0000-00-00,0000-00-00,0000-00-00,,,,,0,0,,no,,no,,,,
B1018,"BHARAT PLY AND LAM",,NULL,"NULL",,Y,0,,0,N,0,,O,"",,"RASULGARH BHUBANESWAR",,"",,,,,,,,0,,,,,,0,0,,0,,,,0,0000-00-00,0000-00-00,0000-00-00,,,,,0,0,,no,,no,,,,
B1029,"BALAJI TRADERS",,,"",,Y,0,,0,N,0,,O,"",,"BOMIKHAL CUTTACK ROAD BHUBANESWAR",,"",,,,,,,,0,,,,,,0,0,,0,,,,0,0000-00-00,0000-00-00,0000-00-00,,,,,0,0,,no,,no,,,,
B1029,"BALAJI TRADERS",,NULL,"NULL",,Y,0,,0,N,0,,O,"",,"BOMIKHAL CUTTACK ROAD BHUBANESWAR",,"",,,,,,,,0,,,,,,0,0,,0,,,,0,0000-00-00,0000-00-00,0000-00-00,,,,,0,0,,no,,no,,,,
B1030,"BENGAL AMBUJA HOUSING DEVELOP. LTD",,KOLKATA,"KOLKATA",,Y,4000000,30,0,N,0,,O,"",,"VISWAKARMA 86 TOPSIA ROAD(SOUTH)",,"",,,,,,,KOLKATA,0,,,,,,0,0,,0,,,,0,0000-00-00,0000-00-00,0000-00-00,,,,,0,0,,no,,no,,,,
B1032,"BHARAT TIMBER STORE",,ALLAHABAD,"ALLAHABAD",S10265,Y,0,0,0,N,0,447,D,"",,"186 BANS MANDI",,"PARTEEK BHAGAT",,,,,,AALFB7507J,ALLAHABAD,0,,,,,,0,0,,0,,,,0,0000-00-00,0000-00-00,0000-00-00,,,,211003,0,0,,,,,,,,
B1043,"BABA JOGINDER SINGH BHALLA & SONS",,NEW DELHI,"NEW DELHI",S10042,Y,0,0,0,N,0,441,D,"",,"65 WAZIR NAGAR KOTLA MUBARAKPUR",,"",,,,,,,NEW DELHI,0,,,,,,0,0,,0,,,,0,0000-00-00,0000-00-00,0000-00-00,,,,,0,0,,no,,no,,,,
B1044,"BIRDHI CHAND & SONS",,GORAKHPUR (U.P.),"GORAKHPUR (U.P.)",,Y,0,,0,N,0,,O,"",,"SUMER NAGAR",,"",,,,,,,GORAKHPUR (U.P.),0,,,,,,0,0,,0,,,,0,0000-00-00,0000-00-00,0000-00-00,,,,,0,0,,no,,no,,,,
B1045,"B.R.MARKETING",,INDIRE (M.P),"INDIRE (M.P)",,Y,0,,0,N,0,,O,"",,"",,"",,,,,,,INDIRE (M.P),0,,,,,,0,0,,0,,,,0,0000-00-00,0000-00-00,0000-00-00,,,,,0,0,,no,,no,,,,
B1052,"BARNALA TRADING CO.-",,PUNJAB,"PUNJAB",,Y,0,,0,N,0,,O,"",,"",,"",,,,,,,PUNJAB,0,,,,,,0,0,,0,,,,0,0000-00-00,0000-00-00,0000-00-00,,,,,0,0,,no,,no,,,,
B1053,"BEDI ELECTRONICS WORLD",,PUNJAB,"PUNJAB",,Y,0,,0,N,0,,O,"",,"",,"",,,,,,,PUNJAB,0,,,,,,0,0,,0,,,,0,0000-00-00,0000-00-00,0000-00-00,,,,,0,0,,no,,no,,,,
B1058,"BALAJI STEEL & PLYWOOD",0,GUWAHATI,"GUWAHATI",S01657;D02002,Y,0,0,0,N,0,457,O,"",,"DHANUKA COMPLEX BLOCK CS.J ROAD GUWAHATI-781001",,"0",,,,,,0,GUWAHATI,0,,,0,,,0,0,,0,,,,0,0000-00-00,0000-00-00,0000-00-00,,,,0,0,0,,no,,no,,,,
B106,"BAKSHI RAM GOYAL & SONS",9996106660,KAITHAL(HARYANA),"KAITHAL(HARYANA)",S10281,Y,1500000,30,0,N,0,443,D,"",,"OLD SUBZI MANDI CHATRAWAS ROAD",,"SUMIT GOEL",9996106660,,,,,ATYPG8650R,KAITHAL(HARYANA),0,,,sumit85465@gmail.com,,,0,0,,0,,,,0,0000-00-00,0000-00-00,0000-00-00,,,,136027,0,0,,,,,,,,
B1062,"BENGAL UNITECH UNV INFRAST. PVT LTD",,KOLKATA,"KOLKATA",,Y,0,,0,N,0,,O,"",,"ACTION AREA-ID PLOT-D4 NEW TOWN RAJARHAT",,"",,,,,,,KOLKATA,0,,,,,,0,0,,0,,,,0,0000-00-00,0000-00-00,0000-00-00,,,,,0,0,,no,,no,,,,
B1064,"BISWAS ENTERPRISES",,SILIGURI,"SILIGURI",,Y,0,30,267609.6,N,0,,O,"",,"RAJA RAMMOHAN ROY ROAD (BY-LANE) HAKIMPARA",,"KOUSIK BISWAS",,,,,,,SILIGURI,0,,,,,,0,0,,0,,,,0,0000-00-00,0000-00-00,0000-00-00,,,,,0,0,,no,,no,,,,
B1069,"BAJRANG GOYAL",,NOIDA,"NOIDA",,Y,0,,0,N,0,,O,"",,"",,"",,,,,,,NOIDA,0,,,,,,0,0,,0,,,,0,0000-00-00,0000-00-00,0000-00-00,,,,,0,0,,no,,no,,,,
B1070,"BALAJI ENTERPRISES",9302686288,NEW DELHI,"NEW DELHI",,Y,0,,0,N,0,,O,"",,"F-22KRISHNA VIHAR OPP. BUDH VIHAR",,"",,,,,,AHIPJ9006A,NEW DELHI,0,,,,,,0,0,,0,,,,0,0000-00-00,0000-00-00,0000-00-00,,,,,0,0,,no,,no,,,,
B1071,"BENGAL & ASSAM COMPANY LIMITED",,DELHI,"DELHI",,Y,0,,0,N,0,,O,"",,"",,"",,,,,,,DELHI,0,,,,,,0,0,,0,,,,0,0000-00-00,0000-00-00,0000-00-00,,,,,0,0,,no,,no,,,,
B1074,"BHARAT TRADERS",9871197214,JAGATPURI,"JAGATPURI",S10152,Y,0,45,0,N,0,441,P,"",,"F-71 MAIN ROAD",,"",,,,,,AAKPA0396A,JAGATPURI,0,,,jindal.naveen17@gmail.com,,,0,0,,0,,,,0,0000-00-00,0000-00-00,0000-00-00,,,,110051,0,0,no,no,,no,,,,
B1079,"BABA SHANKER TRADING COMPANY",9810273116,NEW DELHI,"NEW DELHI",,Y,0,0,0,N,0,,O,"",,"B-131MANGE RAM PARK POOTH KALAN",,"RAM CHANDRA",,,,,,AEQPG6244J,NEW DELHI,0,,,bstcmrp@gmail.com,,,0,0,,0,,,,0,0000-00-00,0000-00-00,0000-00-00,,,,,0,0,,no,,no,,,,
B1082,"BABA GLASS HOUSE",+91-94302-05643,SIWAN,"SIWAN",S01386,Y,0,0,0,N,0,219,D,"",,"NEAR GYSPY CAFF STATION ROAD            SIWAN",,"MANOJ KUMAR GUPTA",,,,,,APMPK7250D,SIWAN,0,,,,,,0,0,,0,,,,0,0000-00-00,0000-00-00,0000-00-00,,,,841226,0,0,,,,,,,,
B1086,"BHUSAN STEEL LTD",9811798072,KUSHU PANGA,"KUSHU PANGA",,Y,5000000,60,0,N,0,331,O,"",,"INTEGRATED STEEL PLANTNARENDRAPURPO:KUSHU PANGAMERAMANDALIDHENKANAL",,"",,,,,,,KUSHU PANGA,0,,,mgogia@bhushansteel.com,,,0,0,,0,,,,0,0000-00-00,0000-00-00,0000-00-00,,,,799121,0,0,,no,,no,,,,
B1089,"BHARAT PLY",9570267515,NALANDA,"NALANDA",D01926,Y,0,0,0,N,0,219,D,"",,"BHARAOPAR RANCHI ROAD BIHARSARIF",,"VINAY KUMAR",9334291062,,,,,AEXPK2462F,NALANDA,0,,,sandeepkr9570@gmail.com,,,0,0,,0,,,,0,0000-00-00,0000-00-00,0000-00-00,,,,803101,0,0,,,,no,,,,
B110,"BHARAT TOOLS SUPPLY AGENCIES.",9431163323,HAZARIBAGH,"HAZARIBAGH",,Y,1200000,30,0,N,0,222,D,"",,"GURU GOVIND SINGH ROADHAZARIBAGH",,"SIMARJIT SINGHSIMARJIT SINGH",65462227306546222730,,,,,AIEPS1745E,HAZARIBAGH,0,,,btsa@live.in,,,0,0,,0,,,,0,0000-00-00,0000-00-00,0000-00-00,,,,825301,0,0,,no,,no,,,,
B1101,"BITTU MAHAJAN",,NEW DELHI,"NEW DELHI",,Y,0,,0,N,0,,O,"",,"10130MOTIA KHAN",,"",,,,,,,NEW DELHI,0,,,,,,0,0,,0,,,,0,0000-00-00,0000-00-00,0000-00-00,,,,,0,0,,no,,no,,,,
B1104,"BHAGWATI PLYWOOD",,HAZI PUR,"HAZI PUR",,Y,0,,0,N,0,219,O,"",,"HAZI PUR",,"",,,,,,,HAZI PUR,0,,,,,,0,0,,0,,,,0,0000-00-00,0000-00-00,0000-00-00,,,,803213,0,0,,no,,no,,,,
B1126,"BISHNU SULTANIA",,Bangalore,"BANGALORE",,Y,0,,0,N,0,553,D,"",,"# 10/26 WEST OF CHORD ROADRAJA JINAGAR 1STR BLOCK",,"",,,,,,,BANGALORE,0,,,,,,0,0,,0,,,,0,0000-00-00,0000-00-00,0000-00-00,,,,560010,0,0,,no,,no,,,,
B1127,"BRIGHT INTERIOR",0,KOLKATA,"KOLKATA",D02002,Y,0,0,0,N,0,457,D,"",,"2 KASBA ROAD",,"0",,,,,,0,KOLKATA,0,,,0,,,0,0,,0,,,,0,0000-00-00,0000-00-00,0000-00-00,,,,700027,0,0,,no,,no,,,,
B1128,"BHAVIK TRADERS",09374101314,RAJKOT,"RAJKOT",,Y,1000000,45,0,N,0,332,D,"",,"KARANSINHJI MAIN ROADOPP. VRAJ BHOOMI APPARTMENTSRAJKOT (GUJARAT)",,"BHAVIK DOSHI",02812220974,,,,,ACOPD6314Q,RAJKOT,0,,,bhavikbijal@yahoo.co.in,,,0,0,,0,,,,0,0000-00-00,0000-00-00,0000-00-00,,,,360001,0,0,,no,,no,,,,
B1129,"BHASKAR HOMES PVT LTD",,PATNA,"PATNA",,Y,0,,0,N,0,219,D,"",,"EXHIBITION ROAD",,"",,,,,,,PATNA,0,,,,,,0,0,,0,,,,0,0000-00-00,0000-00-00,0000-00-00,,,,80001,0,0,,no,,no,,,,
B1138,"BHAGWATI PLYWOOD & HARDWARE STORE",9812087534,NARWANA,"NARWANA",,Y,2000000,45,0,N,0,,D,"",,"NEAR SURJEWALA BHAWAN RAILWAY ROAD DIST:-JIND",,"MANIRAM SINGAL",,,,,,AEXPR0547N,NARWANA,0,,,shivaling.singla10@gmail.com,,,0,0,,0,,,,0,0000-00-00,0000-00-00,0000-00-00,,,,,0,0,,no,,no,,,,
B1152,"BATRA TIMBER PVT LTD",9416032744,KARNAL (HAR),"KARNAL (HAR)",,Y,3000000,45,0,N,0,443,D,"",,"IMAM BARA SADAR BAZAR",,"PARMESH BATRA",,,,,,AAECB4869M,KARNAL (HAR),0,,,batratimberpvtltd@gmail.com,,,0,0,,0,,,,0,0000-00-00,0000-00-00,0000-00-00,,,,132001,0,0,,,,,,,,
B1155,"BORDIA & ASSOCIATES",9829107451,UDAIPUR,"UDAIPUR",,Y,0,0,0,N,0,,D,"",,"11-ASHUBHAM COMPLEX NEAR FATEHPURA",,"SANJEEV JODHAWAT",02942418942,,,,,ABJPB9107H,UDAIPUR,0,,,sanjeevjodhawat@gmail.com,,,0,0,,0,,,,0,0000-00-00,0000-00-00,0000-00-00,,,,313001,0,0,,no,,no,,,,
B1157,"BHARAT INDUSTRIES",9897245481,AGRA,"Agra",,Y,0,45,0,N,0,,O,"",,"B-12FOUNDRY NAGAR",,"KULDEEP TIWARI",,,,,,AAKFB3099G,AGRA,0,,,plybankindiapvtltd@gmail.com,,,0,0,,0,,,,0,0000-00-00,0000-00-00,0000-00-00,,,,282002,0,0,,no,,no,,,,
B116,"BHARAT PLYWOOD HOUSE",,KARNAL(HARYANA),"KARNAL(HARYANA)",,Y,0,,0,N,0,,O,"",,"NOVELTY CHOWK SADAR BAZAR",,"",,,,,,,KARNAL(HARYANA),0,,,,,,0,0,,0,,,,0,0000-00-00,0000-00-00,0000-00-00,,,,,0,0,,no,,no,,,,
B1170,"BANSAL PLYWOOD AND HARDWARE",9425149024,VIDISHA,"VIDISHA",S01883,Y,1000000,30,0,N,0,446,D,"",,"3BANSAL COMPLEX TILAK CHOWK",,"VISHAL KUMAR BANSAL",,,,,,AHYPB9453F,VIDISHA,0,,,bansal_plywood@yahoo.co.in,,,0,0,,0,,,,0,0000-00-00,0000-00-00,0000-00-00,,,,464001,0,0,,no,,no,,,,
B1175,"BHARAT REST HOUSE",,NEW DELHI,"NEW DELHI",,Y,0,30,0,N,0,,O,"",,"454/2 IST FLOOR TIMBER MARKET AZADPUR",,"",,,,,,UNREG,NEW DELHI,0,,,,,,0,0,,0,,,,0,0000-00-00,0000-00-00,0000-00-00,,,,,0,0,,no,,no,,,,
B1180,"BRIGHTSTAR INFRASTRUCTURE PRIVATE LIMITED",7552499400,BHOPAL,"BHOPAL",,Y,9000000,30,0,N,0,446,O,"",,"JATKHEDI HOSHANGABAD ROAD",,"RAJENDRA SHUKLA",,,,,,AACCB8367Q,BHOPAL,0,,,rajendra_shukla@ruchirealty.com,,,0,0,,0,,,,0,0000-00-00,0000-00-00,0000-00-00,,,,462052,0,0,,no,,no,,,,
B1183,"BRIJ HARDWARE STORE",,MATHURA,"MATHURA",,Y,0,0,0,N,0,,O,"",,"KOTWALI ROAD",,"",,,,,,AAWPA0962H,MATHURA,0,,,,,,0,0,,0,,,,0,0000-00-00,0000-00-00,0000-00-00,,,,,0,0,,no,,no,,,,
B1188,"BSR INFRATECH INDIA LTD",9449871590,BELGAUM,"BELGAUM",,Y,15000000,60,0,N,0,553,O,"",,"SUVARNA SOUDHA PROJECTS",,"B.SRINIVASA RAO",08023623700,,,,,,BELGAUM,0,,,purchase@bsriil.com,,,0,0,,0,,,,0,0000-00-00,0000-00-00,0000-00-00,,,,,0,0,,no,,no,,,,
B119,"BOMBAY GLASS HOUSE (LUDHIANA)",,LUDHIANA  (PUNJAB),"LUDHIANA  (PUNJAB)",,Y,0,,0,N,0,,O,"",,"477/42-A BHARAT NAGAR L NEAR BUS STAND",,"",,,,,,,LUDHIANA  (PUNJAB),0,,,,,,0,0,,0,,,,0,0000-00-00,0000-00-00,0000-00-00,,,,,0,0,,no,,no,,,,
B1191,"B L KASHYAP & SONS LTD",9342676403,Bangalore,"BANGALORE",,Y,2000000,60,0,N,0,553,O,"",,"2ND FLR EAST WING SOUL SPACEPARADIGM NEAR INNOVATIVE MULTIPLEXOUTER RING ROAD MARATHALLI",,"M.L.AGRAWAL",08030742400,,,,,,BANGALORE,0,,,robangalore@blkashyap.com,,,0,0,,0,,,,0,0000-00-00,0000-00-00,0000-00-00,,,,560037,0,0,,no,,no,,,,
B1192,"BHUSHAN STEEL LIMITED",07838292222,NEW DELHI,"NEW DELHI",,Y,5000000,60,0,N,0,331,P,"",,"DISTRICT CENTREBHIKAJI CAMA PLACER.K.PURAM",,"",,,,,,,NEW DELHI,0,,,,,,0,0,,0,,,,0,0000-00-00,0000-00-00,0000-00-00,,,,,0,0,,no,,no,,,,
B1197,"BHARAT GLASS & PLYWOOD CENTRE",9435050376,JORHAT,"JORHAT",,Y,500000,30,0,N,0,,D,"",,"BARUANI BAT JORHAT",,"RAKESH AGARWAL",,,,,,AACHS9311L,JORHAT,0,,,bobby.agarwalla@gmail.com,,,0,0,,0,,,,0,0000-00-00,0000-00-00,0000-00-00,,,,,0,0,,no,,no,,,,
B1199,"BHARAT INTERIOR  SOLUTIONS",9811020015,NEW DELHI,"NEW DELHI",S10152,Y,0,0,0,N,0,441,O,"B1200",,"2783STREET NO.6 PAHARGANJ",,"R S MITTAL",,,,,,AAGPM2855H,NEW DELHI,0,,,bharatinteriorsolutions@gmail.com,,,0,0,,0,,,,0,0000-00-00,0000-00-00,0000-00-00,,,,201301,0,0,no,no,,no,,,,
B1200,"BHARAT INTERIOR SOLUTIONS",9811020015,NOIDA,"NOIDA",S10152,Y,0,45,0,N,0,441,D,"",,"C-64 SECTOR-10",,"TARUN MITTAL",,,,,,AAGPM2855H,NOIDA,0,,,bharatinteriorsolutions@gmail.com,,,0,0,,0,,,,0,0000-00-00,0000-00-00,0000-00-00,,,,201301,0,0,no,no,,no,,,,
B1209,"B V F C MODEL SCHOOL",,NAMRUP,"NAMRUP",,Y,0,0,0,N,0,,O,"",,"NAMRUP ASSAM ASSAM",,"",,,,,,AABTB0192P,NAMRUP,0,,,,,,0,0,,0,,,,0,0000-00-00,0000-00-00,0000-00-00,,,,,0,0,,no,,no,,,,
B1212,"BHUPESH INTERIOR",9850755297,Margao,"Margao,",,Y,1000000,60,0,N,0,553,D,"",,"Shop no.G.12 Kurtarkar Modern HomeQuepem Rd MES RawanfondIndia",,"",,,,,,BBFPM8943R,Margao,,0,,,,,,0,0,,0,,,,0,0000-00-00,0000-00-00,0000-00-00,,,,,0,0,,no,,no,,,,
B1213,"BHARAT PLYWOOD & HARDWARE",9414103806,BANSWARA,"BANSWARA",,Y,0,0,0,N,0,,D,"",,"OPP VIRANGANA TALKIESDAHOD ROADIndia",,"GAURAV JAIN",,,,,,AHXPJ7359R,BANSWARA,0,,,rohitmer3519@gmail.com,,,0,0,,0,,,,0,0000-00-00,0000-00-00,0000-00-00,,,,327001,0,0,,no,,no,,,,
B1214,"BENGAL UNIVERSAL CONSULTANTS PVT LTD",9903019356,KOLKATA,"KOLKATA",,Y,1500000,30,0,N,0,,O,"",,"22 CAMAC STREET BLOCK-C-4TH FLOOR",,"",,,,,,AACCB3304R,KOLKATA,0,,,,,,0,0,,0,,,,0,0000-00-00,0000-00-00,0000-00-00,,,,,0,0,,no,,no,,,,
B1221,"BYAHUT PLY",9471666688,PATNA,"PATNA",,Y,0,30,0,N,0,219,D,"",,"ZUBAIDA COMPLEXNEAR PANDY MOTERSEXHIBITION ROAD",,"SANJEEV KUMAR",,,,,,AFZPK6921N,PATNA,0,,,golu1812@gmail.com,,,0,0,,0,,,,0,0000-00-00,0000-00-00,0000-00-00,,,,800001,0,0,,no,,no,,,,
B1226,"BANOX EXIM PVT LTD",,GURGAON,"GURGAON",,Y,500000,0,0,N,0,454,O,"",,"PLOT NO.19SECTOR-4IMT MANESER",,"RAGHAV AGGARWAL",,,,,,,GURGAON,0,,,,,,0,0,,0,,,,0,0000-00-00,0000-00-00,0000-00-00,,,,122050,0,0,,no,,no,,,,
B1230,"BRAJMOHANDAS RATHI",9425493908,BARELI,"BARELI",,Y,1000000,30,0,N,0,446,P,"",,"BARELI DIST. RAISEN",,"",,,,,,AAXPR4387E,BARELI,0,,,,,,0,0,,0,,,,0,0000-00-00,0000-00-00,0000-00-00,,,,464668,0,0,,no,,no,,,,
B1239,"BALAJI PLYWOOD.",9098008922,MORENA,"MORENA",,Y,1000000,30,0,N,0,446,O,"",,"CENTRAL WARE HOUSEIndia",,"MOHIT PATIDAR",9575405060,,,,,ADBPM9085F,MORENA,0,,,balajiplywoodmorena@rediffmail.com,,,0,0,,0,,,,0,0000-00-00,0000-00-00,0000-00-00,,,,476001,0,0,,no,,no,,,,
B1246,"BRAHMECHAS",9822049091,NASHIK,"NASHIK",SAA004,Y,2500000,30,0,N,0,331,D,"",,"SHOP NO:5 & 6 CROWN COMPLEX OPP: RAJEEV GANDHI BHUVAN SHARANPUR ROAD",,"RAJENDRA BRAHMECHA",,,,,,AADHB4233M,NASHIK,0,,,rajendrabramhecha@gmail.com,,,0,0,,0,,,,0,0000-00-00,0000-00-00,0000-00-00,,,,422001,0,0,,,,no,,,,
B1251,"BALGOVIND BHAGWATIPRASAD",,,"",,Y,0,,0,N,0,,O,"",,"KANPUR",,"",,,,,,,,0,,,,,,0,0,,0,,,,0,0000-00-00,0000-00-00,0000-00-00,,,,,0,0,,no,,no,,,,
B1252,"BRAWN GLOBUS TURNKEY SOLUTION PVT LTD",9650690039,KOLKATA,"KOLKATA",,Y,600000,30,0,N,0,331,O,"",,"1 GRAHAM ROAD",,"",,,,,,AAECB5127C,KOLKATA,0,,,samir.brawnglobus@life.in,,,0,0,,0,,,,0,0000-00-00,0000-00-00,0000-00-00,,,,700040,0,0,,no,,no,,,,
B1254,"BANSAL SALES CORPORATION PVT.LTD.",9810012641,GREATER NOIDA,"GREATER NOIDA",S10152,Y,0,45,0,N,0,441,D,"",,"D15SITE-4SECTOR-3 KASNA INDUSTRIAL AREA India",,"ANIL KUMAR BANSAL",,,,,,AAECB9278Q,GREATER NOIDA,0,,,info@bansalsales.net,,,0,0,,0,,,,0,0000-00-00,0000-00-00,0000-00-00,,,,,0,0,,no,,no,,,,
B1257,"BANSAL SALES CORPORATION PVT.LTD",9810012641,DELHI,"DELHI",S10152,Y,0,0,0,N,0,441,O,"B1254",,"C-15/219GURU NANAK PURA LAXMI NAGAR India",,"",,,,,,AAECB9278Q,DELHI,0,,,info@bansalsales.net,,,0,0,,0,,,,0,0000-00-00,0000-00-00,0000-00-00,,,,110092,0,0,no,no,,no,,,,
B1259,"BANASHANKARI GLASS & PLYWOODS",9845020706,Bangalore,"BANGALORE",,Y,1500000,21,0,N,0,553,D,"",,"# 91 BHIMAJYOTHI NAGAR LIC COLONY2ND STAGE WEST OF CHORD ROADIndia",,"B.S. KRISHNA",080 - 23221425,,,,,AAHFB1033H,BANGALORE,0,,,bsk_durga87@yahoo.in,,,0,0,,0,,,,0,0000-00-00,0000-00-00,0000-00-00,,,,560079,0,0,,no,,no,,,,
B1260,"BHARAT TIMBER MART",9414101707,BANSWARA,"BANSWARA",,Y,0,0,0,N,0,,P,"",,"OPP. VIRANGANA TOKIEJCHETAK COMPLEX DAHOD ROAD",,"",,,,,,AHXPJ7360E,BANSWARA,0,,,rohitmer3519@gmail.com,,,0,0,,0,,,,0,0000-00-00,0000-00-00,0000-00-00,,,,,0,0,,no,,no,,,,
B1263,"BAJAJ WOODS",9927421000,SAHARANPUR,"Saharanpur",,Y,0,45,0,N,0,,D,"",,"DELHI ROAD HASANPUR CHUNGI  India",,"TAJINDERPAL SINGH",,,,,,AFVPB6918G,SAHARANPUR,0,,,ccssre@gmail.com,,,0,0,,0,,,,0,0000-00-00,0000-00-00,0000-00-00,,,,,0,0,,no,,no,,,,
B1269,"BALAJI GLASS & PLYWOODS",9448950755,TUMKUR,"TUMKUR",,Y,1000000,60,0,N,0,553,O,"",,"RAILWAY STATION ROADIndia",,"MOHAN",0816-2272017,,,,,,TUMKUR,0,,,,,,0,0,,0,,,,0,0000-00-00,0000-00-00,0000-00-00,,,,572101,0,0,,no,,no,,,,
B1270,"THE BUREAU OF INDIAN STANDARDS",7016176885,RAJKOT,"RAJKOT",,Y,0,0,0,N,0,332,O,"",,"NSIC ADMIN. BUILDING NSIC CAMPUS         AJI IND.  AREA BHAVANAGAR ROAD",,"0",,,,,,AAATB0431G,RAJKOT,0,,,qmanager.rajkot@duroply.com,,,0,0,,0,,,,0,1971-01-01,1971-01-01,1971-01-01,,,,360002,0,0,no,no,no,no,,,,
B1270,"THE BUREAU OF INDIAN STANDARDS",7016176885,RAJKLOT,"RAJKLOT",,Y,0,0,0,N,0,332,O,"",,"NSIC ADMIN. BUILDING NSIC CAMPUS         AJI IND.  AREA BHAVANAGAR ROAD",,"0",,,,,,AAATB0431G,RAJKOT,0,,,qmanager.rajkot@duroply.com,,,0,0,,0,,,,0,1971-01-01,1971-01-01,1971-01-01,,,,360002,0,0,no,no,no,no,,,,
B1272,"BAVEJA PLYWOOD HOUSE.",,NEW DELHI,"NEW DELHI",S10042,Y,0,30,0,N,0,441,O,"",,"1/119WHS TIMBER MARKET KIRTI NAGAR India",,"",,,,,,AALFB9794K,NEW DELHI,0,,,baveja.plywood@gmail.com,,,0,0,,0,,,,0,0000-00-00,0000-00-00,0000-00-00,,,,110015,0,0,no,no,,no,,,,
B1278,"BHARATH PLYWOOD CENTRE",8494935037,MOODIBIDRI,"MOODIBIDRI",,Y,500000,60,0,N,0,553,O,"",,"J.M.ROADVIJAYANAGARIndia",,"PAWAN",9538539804,,,,,AGRPJ9754D,MOODIBIDRI,0,,,,,,0,0,,0,,,,0,0000-00-00,0000-00-00,0000-00-00,,,,57427,0,0,,no,,no,,,,
B1281,"BISHAN DASS NAYAR & SONS",1732236570,YAMUNANAGAR,"YAMUNANAGAR",,Y,0,0,0,N,0,,O,"",,"SAHARANPUR ROAD",,"",,,,,,,YAMUNANAGAR,0,,,,,,0,0,,0,,,,0,0000-00-00,0000-00-00,0000-00-00,,,,,0,0,,no,,no,,,,
B1282,"BALAJI PLYWOOD & HARDWARE",9423747674,JALNA,"JALNA",,Y,1500000,30,0,N,0,331,O,"",,"MAIN ROADMANTHA",,"",,,,,,,JALNA,0,,,,,,0,0,,0,,,,0,0000-00-00,0000-00-00,0000-00-00,,,,431504,0,0,,no,,no,,,,
B1284,"BLDE UNIVERSITY",,Vijaypur,"VIJAYPUR",,Y,1000000,45,0,N,0,553,O,"",,"Bangaramma Sajjan CampusOpp. BLDE UniversityIndia",,"",0835-2262770,,,,,,Vijaypur,0,,,cell@yahoo.com,,,0,0,,0,,,,0,0000-00-00,0000-00-00,0000-00-00,,,,586103,0,0,,no,,no,,,,
B1286,"BAJAJ PLYWOODS",9837064683,SAHARANPUR,"Saharanpur",S10230,Y,0,45,0,N,0,,O,"B1263",,"NEAR NIRMALA TOWER DELHI ROAD India",,"",,,,,,AJEPB1708M,SAHARANPUR,0,,,,,,0,0,,0,,,,0,0000-00-00,0000-00-00,0000-00-00,,,,,0,0,,no,,no,,,,
B1296,"BONTON TECHNOMAKE PVT. LTD",9826038315,INDORE,"INDORE",,Y,2000000,45,0,N,0,446,P,"",,"7-A SCHEME NO 71NEAR CHANDAN NAGAR POLICE STATION",,"",,,,,,AABCB4237A,INDORE,0,,,amitdubey@bontonfurniture.net,,,0,0,,0,,,,0,0000-00-00,0000-00-00,0000-00-00,,,,452009,0,0,,no,,no,,,,
B1297,"BHAGWATI TIMBER  TRADERS",9876077852,JALLANDHAR CITY,"JALLANDHAR CITY",,Y,0,0,0,N,0,454,D,"",,"BYE PASS AMRATSAR ROADOPP.TRANSPORT NAGAR",,"RAJEEV PARBHAKAR",01812291418,,,,,AAAFB6728N,JALLANDHAR CITY,0,,,bahgwatitimbertraders@yahoo.com,,,0,0,,0,,,,0,0000-00-00,0000-00-00,0000-00-00,,,,144001,0,0,,no,,no,,,,
B1301,"BANSAL HARDWARE & PLYWOOD",,MATHURA,"MATHURA",S10290,Y,0,0,0,N,0,447,D,"",,"AZAD NAGARSONKH ROAD",,"VIVEK KUMAR",,,,,,BUFPK5497R,MATHURA,0,,,vivek.gla@gmail.com,,,0,0,,0,,,,0,0000-00-00,0000-00-00,0000-00-00,,,,281001,0,0,,,,,,,,
B1303,"BANSAL PLYBOARD  & HARDWARE",8307644445,AGRA,"Agra",,Y,500000,45,0,N,0,,D,"",,"PASCHIMPURI ROADOPP.M.K.PURAMPANKI TANKIIndia",,"ANSHUL AGARWAL",8307644445,,,,,AAQFB4031Q,AGRA,0,,,bansalply23@gmail.com,,,0,0,,0,,,,0,0000-00-00,0000-00-00,0000-00-00,,,,282007,0,0,,no,,no,,,,
B1304,"BABA TRADERS",8936893339,KATIHAR,"KATIHAR",,Y,0,0,0,N,0,219,D,"",,"RAJENDRA GRAM DURGA ASTANTINGACHIA NEAR VYAPAR MANDALIndia",,"BIPUL MISHRA",8936893339,,,,,AKXPM6840K,KATIHAR,0,,,avinashm825@gmail.com,,,0,0,,0,,,,0,0000-00-00,0000-00-00,0000-00-00,,,,854105,0,0,,no,,no,,,,
B1311,"BANSAL TIMBER PRODUCTS",9837073807,AGRA,"Agra",,Y,1000000,30,0,N,0,,D,"",,"21/18D.MANGAL SEN BHAWANCHIMMANLAL ROADFREE GANJ",,"PRATEEK BANASL",,,,,,AABFB2920K,AGRA,0,,,bansalprateek85@gmail.com,,,0,0,,0,,,,0,0000-00-00,0000-00-00,0000-00-00,,,,282004,0,0,,no,,no,,,,
B1312,"B&B DEVELOPERS & BUILDERS PVT LTD",8012521611,Vellore,"Vellore",,Y,2000000,60,0,N,0,553,O,"",,"Wood Concepts Division46 Katpadi Thiruvalam RoadIndia",,"BOBBY BENEDICT",,,,,,AADCB4217G,Vellore,0,,,thiyagu.boobalan@bbwoodconcepts.com,,,0,0,,0,,,,0,0000-00-00,0000-00-00,0000-00-00,,,,632007,0,0,,no,,no,,,,
B1313,"BARCELONA PLY AND HARDWARE",9825585923,AHMEDABAD,"AHMEDABAD",,Y,2000000,45,0,N,0,332,D,"",,"BARCELONA COMPLEX C 7/8RING ROADODHAV CIRCLEIndia",,"MAHENDRABHAI PATEL",,,,,,AANFB7195G,AHMEDABAD,0,,,barcelonaply@mail.com,,,0,0,,0,,,,0,0000-00-00,0000-00-00,0000-00-00,,,,382415,0,0,,no,,no,,,,
B1314,"BHAGWATI HARDWARE & PLYWOOD",9416445173,REWARI,"REWARI",S10244,Y,1500000,30,0,N,0,441,D,"",,"45 NEW GRAIN MARKET  India",,"MUKESH GUPTA",,,,,,AGGPG3362F,REWARI,0,,,bhagwatihardwarerewari@gmail.com,,,0,0,,0,,,,0,0000-00-00,0000-00-00,0000-00-00,,,,,0,0,,,,,,,,
B1316,"BHANU ENTERPRISES",9419194071,JAMMU,"JAMMU",,Y,3000000,45,0,N,0,454,D,"",,"BYE PASS ROADN-HIGHWAYKUNJWANI TALABIndia",,"BHANU SONDHI",,,,,,AMPPS8225C,JAMMU,0,,,harsumansondhi@yahoo.co.in,,,0,0,,0,,,,0,0000-00-00,0000-00-00,0000-00-00,,,,180010,0,0,,,,,,,,
B1319,"BABA PLYWOOD",9871875699,NEW DELHI,"NEW DELHI",S10015,Y,0,30,0,N,0,441,D,"",,"PLOT NO.5MASOOD PUR VASANT KUNJ India",,"YOGENDER GOYAL",,,,,,AJZPG9342D,NEW DELHI,0,,,babaplywood70@gmail.com,,,0,0,,0,,,,0,0000-00-00,0000-00-00,0000-00-00,,,,110070,0,0,no,,,,,,,
B1327,"BHAWARLAL MISTRY AND ASSOCIATES.",9822168758,Panjim,"PANJIM",S01698,Y,1500000,45,0,N,0,553,D,"",,"#14 JOSLYN APPARTMENTS ANGOD MAPUSA BARDEZ",,"BHAWARLAL SUTHAR",,,,,,AIXPM0208K,GOA,0,,,bsuthar058@gmail.com,,,0,0,,0,,,,0,0000-00-00,0000-00-00,0000-00-00,,,,,0,0,,,,,,,,
B1327,"BHAWARLAL MISTRY AND ASSOCIATES.",9822168758,Goa,"GOA",S01698,Y,1500000,45,0,N,0,553,D,"",,"#14 JOSLYN APPARTMENTS ANGOD MAPUSA BARDEZ",,"BHAWARLAL SUTHAR",,,,,,AIXPM0208K,GOA,0,,,bsuthar058@gmail.com,,,0,0,,0,,,,0,0000-00-00,0000-00-00,0000-00-00,,,,,0,0,,,,,,,,
B1328,"BALAJEE PLY",9308198701,RAJKOT,"RAJKOT",,Y,1250000,30,0,N,0,222,D,"",,"DEBDAS PALACE DIAGONAL ROADBISTUPUR",,"SAMIR DIWAN",,,,,,ABQPD1111N,JAMSHEDPUR,0,,,samir.balajeeply@gmail.com,,,0,0,,0,,,,0,0000-00-00,0000-00-00,0000-00-00,,,,831001,0,0,,no,,no,,,,
B1328,"BALAJEE PLY",9308198701,JAMSHEDPUR,"JAMSHEDPUR",,Y,1250000,30,0,N,0,222,D,"",,"DEBDAS PALACE DIAGONAL ROADBISTUPUR",,"SAMIR DIWAN",,,,,,ABQPD1111N,JAMSHEDPUR,0,,,samir.balajeeply@gmail.com,,,0,0,,0,,,,0,0000-00-00,0000-00-00,0000-00-00,,,,831001,0,0,,no,,no,,,,
B1338,"BALAJI SHATTERS",7389997770,MANARI,"MANARI",,Y,0,30,0,N,0,317,O,"",,"PLOT NO 3-4-9-10 CECTORE-C INDUSTRIAL AREA DSIT MANDLA",,"KAILASH PRITWANI",,,,,,AKVPP0001H,MANARI,0,,,balajiply143@gmail.com,,,0,0,,0,,,,0,0000-00-00,0000-00-00,0000-00-00,,,,481885,0,0,,,,,,,,
B1339,"BANARSI DAS LALJI DAS & BROS.",9876210096,LUDHIANA,"LUDHIANA",,Y,1500000,30,0,N,0,454,D,"",,"B-XX-1445/856KRISHNA NAGARNEAR AARTI CHOWKFIROZPUR RD.",,"DEEPAK-AKASH GOYAL",01612422400,,,,,AAQFB8014M,LUDHIANA,0,,,banarsidaslaljidasbros@gmail.com,,,0,0,,0,,,,0,0000-00-00,0000-00-00,0000-00-00,,,,141001,0,0,,no,,no,,,,
B1342,"BHAWANA TRADERS",9219720345,MODI NAGAR,"MODI NAGAR",,Y,0,30,0,N,0,,D,"",,"KASBA RAODANANDIPURA",,"PRAVEEN KUMAR",,,,,,AIJPK4969M,MODI NAGAR,0,,,praveenkhatana450@gmail.com,,,0,0,,0,,,,0,0000-00-00,0000-00-00,0000-00-00,,,,,0,0,,no,,no,,,,
B1348,"BHAGWATI PLYWOOD HOUSE",9828457487,HANUMANGARH,"HANUMANGARH",,Y,1500000,45,0,N,0,,O,"",,"7-DURGA COLONYNR RAILWAY CROSSINGGANGANAGAR RD.HANUMANGARH JUNCTION",,"VISHAL JI",9837094688,,,,,AAGFB5022K,HANUMANGARH,0,,,singladeepakrd@gmail.com,,,0,0,,0,,,,0,0000-00-00,0000-00-00,0000-00-00,,,,335512,0,0,,no,,no,,,,
B1378,"BANSAL IMPEX",9927900020,AGRA,"Agra",,Y,2000000,30,0,N,0,,D,"",,"21/33FREEGANJIndia",,"ATUL KUMAR BANSAL",5624010808,,,,,AATPB6051B,AGRA,0,,,prerakbansal06@gmail.com,,,0,0,,0,,,,0,0000-00-00,0000-00-00,0000-00-00,,,,282002,0,0,,no,,no,,,,
B1380,"BALAJI TRADERS (MZN)",7599346836,MUZAFFAR NAGAR,"MUZAFFAR NAGAR",,Y,1000000,30,0,N,0,448,D,"",,"50-C NEW MANDI",,"RAKESH KUMAR",,,,,,ACDPK1594N,MUZAFFAR NAGAR,0,,,bjtmzn@gmail.com,,,0,0,,0,,,,0,0000-00-00,0000-00-00,0000-00-00,,,,251001,0,0,,,,no,,,,
B1383,"B NAGABHUSHANAM PLYWOOD AND HARDWARE",9849274293,JAGTIAL,"JAGTIAL",S01700,Y,1100000,45,0,N,0,554,D,"",,"NEAR DEVI SREE GARDEN OPPOSIT TO SBI BANK BYPASS ROAD India",,"",,,,,,ANQPB0927J,JAGTIAL,0,,,batturamesh77@gmail.com,,,0,0,,0,,,,0,0000-00-00,0000-00-00,0000-00-00,,,,505327,0,0,,,,,,,,
B1388,"BAKSHI RAM GOEL",9996106660,KAITHAL,"KAITHAL",D10350,Y,2000000,30,0,N,0,443,D,"",,"CHHATRAWAS ROAD NEAR BITTU OHOTOSTATE India",,"SUMIT GOEL",,,,,,AUCPG0051H,KAITHAL,0,,,sumit85465@gmail.com,,,0,0,,0,,,,0,0000-00-00,0000-00-00,0000-00-00,,,,136027,0,0,,,,no,,,,
B1397,"BALAJI ENTERPRISES.",9415301413,VARANASI,"VARANASI",,Y,1000000,0,0,N,0,,D,"",,"B-21/8 KAMACHHA RATHYATRAGURUBAGH ROADIndia",,"MANOJ KUMAR GINODIA",,,,,,ACDPG1600M,VARANASI,0,,,manojginodia66@gmail.com,,,0,0,,0,,,,0,0000-00-00,0000-00-00,0000-00-00,,,,221010,0,0,,no,,no,,,,
B1401,"BHARAT PLYWOODS",9358805600,MEERUT,"MEERUT",,Y,0,0,0,N,0,,D,"",,"119 PURWA MAHAVIR NAGAR DELHI ROAD India",,"MUKTA GUPTA",,,,,,ACCPG0038L,MEERUT,0,,,nikunjsinghal7777@gmail.com,,,0,0,,0,,,,0,0000-00-00,0000-00-00,0000-00-00,,,,,0,0,,no,,no,,,,
B1402,"BAIJNATH RAJARAM",9837057543,MORADABAD,"MORADABAD",S10230;;D10396,Y,400000,30,0,N,0,448,D,"",,"KATRA NAAZ  India",,"ASHISH KUMAR AGARWAL",,,,,,ABHPA6379E,MORADABAD,0,,,mbd.ashish@gmail.com,,,0,0,,0,,,,0,0000-00-00,0000-00-00,0000-00-00,,,,,0,0,,no,,no,,,,
B1405,"BABA AKHANDALAMANI COMPANY",9915817244,CHANDIGARH,"CHANDIGARH",,Y,0,0,0,N,0,,O,"",,"SCO-387 SECTOR-37D  India",,"SUKHWINDER SINGH",,,,,,AAYHS4140R,CHANDIGARH,0,,,mani.company17@gmail.com,,,0,0,,0,,,,0,0000-00-00,0000-00-00,0000-00-00,,,,,0,0,,no,,no,,,,
B1408,"BABA CONSTRUCTION PVT.LTD.",8826778882,GURGAON,"GURGAON",,Y,0,0,0,N,0,,P,"",,"VILLAGE ?WAZIRPURTEHSIL:-HASSARU OPP.RELIANCE PETROL PUMP",,"SAURABH SINGHAL",,,,,,AAACB0894Q,GURGAON,0,,,babagzb@yahoo.com,,,0,0,,0,,,,0,0000-00-00,0000-00-00,0000-00-00,,,,,0,0,,no,,no,,,,
B1410,"BANSAL PLYBOARD & HARDWARE STORE",9897905732,BULANDSHAHAR,"BULANDSHAHAR",,Y,0,0,0,N,0,,D,"",,"SATA ROAD  India",,"RINKU BANSAL",,,,,,AQDPB2578F,BULANDSHAHAR,0,,,rinku143000@gmail.com,,,0,0,,0,,,,0,0000-00-00,0000-00-00,0000-00-00,,,,,0,0,,no,,no,,,,
B1414,"BIHAR PLY HARDWARE & PAINTS",7488590434,PATNA,"PATNA",,Y,400000,30,0,N,0,219,D,"",,"232 SHOBHA PALACE CANTT ROADKHAGAUL DANAPURIndia",,"ADITYA PRAKASH",7488590434,,,,,CGQPP9202D,PATNA,0,,,adityaprakash93@gmail.com,,,0,0,,0,,,,0,0000-00-00,0000-00-00,0000-00-00,,,,801105,0,0,,no,,no,,,,
B1415,"BALAJI TIMBER & PLYWOOD",,KOLKATA,"KOLKATA",S01885,Y,0,0,0,N,0,457,D,"",,"33/1 SASHI BHUSHAN DEY STREET            GROUND FLOOR",,"RITESH KUMAR SHAW",,,,,,AATFB4172H,KOLKATA,0,,,,,,0,0,,0,,,,0,0000-00-00,0000-00-00,0000-00-00,,,,700012,0,0,,,,,,,,
B1422,"BALAJI PLYWOOD ENTERPRISES",9897152010,ROORKEE,"ROORKEE",,Y,0,0,0,N,0,448,D,"",,"GOTI HOSPITAL OPP. CAFE COFFEE DAY 907 NEW ADRASH NAGARHARIDWAR ROAD India",,"MUKESH ARORA",,,,,,AAUFB3688B,ROORKEE,0,,,bpgrok@gmail.com,,,0,0,,0,,,,0,0000-00-00,0000-00-00,0000-00-00,,,,247667,0,0,,no,,no,,,,
B1423,"BHAGWATI PLYWOOD AND HARDWARE STORE",9837049841,PILIBHIT,"PILIBHIT",,Y,0,0,0,N,0,,D,"",,"MOHALLA:-PAKARIYA GURUDWARA ROAD",,"ASHOK KUMAR AGARWAL",,,,,,ABVPA1948D,PILIBHIT,0,,,bhagwatiplywood.pbt27@gmail.com,,,0,0,,0,,,,0,0000-00-00,0000-00-00,0000-00-00,,,,,0,0,,no,,no,,,,
B1424,"BANSAL FURNITURE",9897905732,BULAND SHAHAR,"BULAND SHAHAR",S10230,Y,0,0,0,N,0,447,O,"",,"NEAR RAJRAJESHWER MANDIR SATHA",,"POOJA GUPTA",,,,,,BEGPG1933R,BULAND SHAHAR,0,,,rinku143000@gmail.com,,,0,0,,0,,,,0,0000-00-00,0000-00-00,0000-00-00,,,,203001,0,0,,no,,no,,,,
B1438,"BROWN LEAF PLY AND GALLERY",9898024521,VADODARA,"VADODARA",,Y,1000000,45,0,N,0,332,O,"",,"SHOP NO 7-8-9SHANTAM GREEN COMPLEXBHAYLI VASNA",,"VIRALKUMAR NARESHBHAI GANDHI",9898024521,,,,,AKNPG0401G,VADODARA,0,,,brownleafgallery@gmail.com,,,0,0,,0,,,,0,0000-00-00,0000-00-00,0000-00-00,,,,391410,0,0,,no,,no,,,,
B1439,"BASUDEV BUILDCON",8986888000,MADHUBANI,"MADHUBANI",,Y,300000,30,0,N,0,219,D,"",,"SAPTA MADHUBANI",,"RAVI KUMAR SHARMA",7677113638,,,,,DTFPS0622M,MADHUBANI,0,,,basudev.duild@gmail.com,,,0,0,,0,,,,0,0000-00-00,0000-00-00,0000-00-00,,,,847211,0,0,,no,,no,,,,
B1442,"BROWN LEAF PLY AND VENEER",9898024251,VADODARA,"VADODARA",,Y,1000000,30,0,N,0,332,O,"",,"SHOP NO GF 14-15-16SHANTM GREEN COMPLEX VASNA BHAILI",,"NEHABEN VIRALKUMAR GANDHI",9898024251,,,,,BOOPG0086H,VADODARA,0,,,brownleafgallery@gmail.com,,,0,0,,0,,,,0,0000-00-00,0000-00-00,0000-00-00,,,,390015,0,0,,no,,no,,,,
B1443,"BNP INTERIORS",9320310554,BHUBANESWAR,"BHUBANESWAR",S01430,Y,0,0,0,N,0,216,O,"",,"PLOT NO:1257-P NEW FOREST PARK         BHIMPUR MOUZA DIST: KHURDA",,"SURENDRA GAUTAM",,,,,,AHHPK2614G,BHUBANESWAR,0,,,punamkularia@bnpinteriors.com,,,0,0,,0,,,,0,1971-01-01,1971-01-01,1971-01-01,,,,751009,0,0,no,no,no,no,,,,
B1444,"BNP INTERIORS HEAD OFFICE",8291211586,MUMBAI,"MUMBAI",,Y,10000000,90,0,N,0,331,O,"",," NEW LINK ROADLAXMI INDL ESTATE ANDHERI(W)",,"SURENDRA GAUTAM",67413789,,,,,AHHPK2614G,MUMBAI,0,,,punamkularia@bnpinteriors.com,,,0,0,,0,,,,0,0000-00-00,0000-00-00,0000-00-00,,,,400053,0,0,,no,,no,,,,
B1446,"BHAVEN PLY AND HARDWARE",-166535,DAHOD,"DAHOD",S01769;S01801,Y,0,0,0,N,0,332,D,"",,"DOLAT GANJ BAZAR",,"BHAVENBHAI",,,,,,CJPPS4587Q,DAHOD,0,,,,,,0,0,,0,,,,0,0000-00-00,0000-00-00,0000-00-00,,,,389151,0,0,,,,,,,,
B1453,"BIJAYALAXMI TRADERS",9937440770,JAGATSINGHPUR,"JAGATSINGHPUR",S01519;D02050,Y,0,0,0,N,0,216,D,"",,"KATIYA PADA JAGATSINGHPUR JAGATSINGHPUR",,"NARAYAN NAYAK",,,,,,AXDPN2776J,JAGATSINGHPUR,0,,,narayannayak1972@gmail.com,,,0,0,,0,,,,0,0000-00-00,0000-00-00,0000-00-00,,,,754103,0,0,,,,,,,,
B1459,"BABA GLASS HOUSE PROP. VINAY KUMAR OJHA",9771729537,BUXAR,"BUXAR",S01386,Y,300000,30,0,N,0,219,D,"",,"PASTAKALYA ROAD  BUXAR",,"VINAY KUMAR OJHA",7488084019,,,,,AAYPO5357Q,BUXAR,0,,,babaglass0111@gmail.com,,,0,0,,0,,,,0,0000-00-00,0000-00-00,0000-00-00,,,,802101,0,0,,no,,no,,,,
B1465,"BROTHERS PLYWOOD COMPANY",9017200036,KALAWALI (SIRSA),"KALAWALI (SIRSA)",D10350,Y,0,0,0,N,0,443,D,"",,"NEAR ESSAR PETROL PUMP BYPASS ROAD",,"NISHANT JAIN",9017200036,,,,,BSPPJ6739R,KALAWALI (SIRSA),0,,,nishant1995@icloud.com,,,0,0,,0,,,,0,0000-00-00,0000-00-00,0000-00-00,,,,125201,0,0,,no,,no,,,,
B1466,"BHAVYA INTERIOR GALLERY",9829021690,JODHPUR,"JODHPUR",S10109,Y,2500000,30,0,N,0,427,D,"",,"229230 BEFOREDAU JIKIPAUL CHOPASNI ROAD CHUNGI CHAWK SUNTHALA",,"JEETU JI SUTHAR",9784666001,,,,,AAGHN3082B,JODHPUR,0,,,bigstudio93@gmail.com,,,0,0,,0,,,,0,0000-00-00,0000-00-00,0000-00-00,,,,342001,0,0,,,,,,,,
B1470,"BEECEE DECOR",9977293456,BHOPAL,"BHOPAL",S01883,Y,1000000,30,0,N,0,446,P,"",,"PLOT NO.22 M.P. NAGAR ZONE-2",,"DEEPENDRA SINGH",,,,,,BPDPS4908A,BHOPAL,0,,,beecee.bpl@gmail.com,,,0,0,,0,,,,0,0000-00-00,0000-00-00,0000-00-00,,,,462011,0,0,,no,,no,,,,
B1481,"BALAJI HARDWARE",7002186161,DHUBRI,"DHUBRI",S01825;S10222,Y,0,0,0,N,0,215,D,"",,"B.N BOSE ROAD DHUBRI",,"KARAN AGARWALA",,,,,,BBAPA6966R,DHUBRI,0,,,balajihardware261@gmail.com,,,0,0,,0,,,,0,0000-00-00,0000-00-00,0000-00-00,,,,783301,0,0,,,,,,,,
B1482,"BNP INTERIORS.",9654898876,BHOPAL,"BHOPAL",S01883,Y,2500000,15,0,N,0,446,P,"",,"HOUSE NO 85 SHARDA VIHAR COLONY KERWA DAM ROAD MENDOR",,"DAVENDRA SUTHAR",,,,,,AHHPK2614G,BHOPAL,0,,,purchase@bnpinteriors.com,,,0,0,,0,,,,0,0000-00-00,0000-00-00,0000-00-00,,,,462044,0,0,,no,,no,,,,
B1488,"BABITA PLY & FURNITURE",9905368265,PATNA,"PATNA",S01386,Y,200000,30,0,N,0,219,O,"",,"VISHNU PLACE EAST BORING CANALROAD",,"RAMNARAYAN SUTIHAR",,,,,,AYPPS1347B,PATNA,0,,,ramnarayan45321@gmail.com,,,0,0,,0,,,,0,0000-00-00,0000-00-00,0000-00-00,,,,800001,0,0,,,,no,,,,
B1489,"BABA BAIDYNATH PLYWOOD",8581001099,Deoghar,"DEOGHAR",,Y,0,0,0,N,0,222,O,"",,"0CIRCULAR ROAD BARAMASIA DEOGHAR",,"PRADEEP KUMAR RANA",,,,,,BXVPR5471F,DEOGHAR,0,,,pradeepkumar.53@rediffmail.com,,,0,0,,0,,,,0,0000-00-00,0000-00-00,0000-00-00,,,,814112,0,0,,no,,no,,,,
B1492,"BADAL KUMAR SAHU",9102667713,JAMSHEDPUR,"JAMSHEDPUR",D01932,Y,0,0,0,N,0,222,O,"",,"CARRIAGE COLONY                         NEAR FOOTBALL MAIDANTATANAGAR",,"BADAL KUMAR SAHU",,,,,,FWEPS4921K,JAMSHEDPUR,0,,,badalkumar80830.in@gmail.com,,,0,0,,0,,,,0,0000-00-00,0000-00-00,0000-00-00,,,,831002,0,0,,,,,,,,
B1494,"BOMBAY PLYWOOD",9824752655,VERAVAL,"VERAVAL",,Y,500000,45,0,N,0,332,O,"",,"SURVEY NO 1217/2/1/1 V J INTERIOR MALL NR HOTEL DAKSH",,"ASHOKBHAI GAJJAR",,,,,,AAXFB7681H,VERAVAL,0,,,bombay_plywood@ymail.com,,,0,0,,0,,,,0,0000-00-00,0000-00-00,0000-00-00,,,,362266,0,0,,,,,,,,
B1497,"BEARTH SOLUTIONS",9556361073,ROURKELA,"ROURKELA",S01519;D02050,Y,0,0,0,N,0,216,D,"",,"VEDVYAS SHARDAR LANE ROURKELA SUNDARGARH ODISHA",,"GOURI SHANKAR AGARWAL",,,,,,AAUFB4432F,ROURKELA,0,,,shankar.ccs@gmail.com,,,0,0,,0,,,,0,0000-00-00,0000-00-00,0000-00-00,,,,769004,0,0,,,,,,,,
B1500,"BALAJI TRADING  COMPANY",7985220600,DEORIA,"DEORIA",S10221,Y,0,0,0,N,0,447,D,"",,"NEAR HANUMAN MANDIR C.C. ROAD",,"ANIL KUMAR GUPTA",,,,,,AAXPG2846H,DEORIA,0,,,ag515100g@gmail.com,,,0,0,,0,,,,0,0000-00-00,0000-00-00,0000-00-00,,,,274001,0,0,,,,no,,,,
B1501,"BOMBAY MOTOR HOUSE",7908549816,ASANSOL,"ASANSOL",S01519,Y,0,0,0,N,0,221,D,"",,"G T ROAD EAST MURGASOLE ASANSOL",,"PRAMOD KUMAR SAPRA",,,,,,AJFPS5901E,ASANSOL,0,,,bmh_0987@yahoo.com,,,0,0,,0,,,,0,0000-00-00,0000-00-00,0000-00-00,,,,713303,0,0,,,,no,,,,
B1506,"BOSK INFRACON PRIVATE LIMITED",9925021312,Bhavnagar,"BHAVNAGAR",,Y,0,0,0,N,0,332,P,"",,"PLOT NO 870 A B/H MAHILA COLLEGE KRISHNA NAGAR",,"MR. PRANAV CHHAGANI",,,,,,AAICB7454L,BHAVNAGAR,0,,,boskinfracon@gmail.com,,,0,0,,0,,,,0,0000-00-00,0000-00-00,0000-00-00,,,,364001,0,0,,,,no,,,,
B1510,"B L GOEL & CO.",9716316344,SOUTH DELHI,"SOUTH DELHI",S10155,Y,0,0,0,N,0,441,O,"",,"A-15 (GROUND FLOOR) MASJID ROAD JANGPURA EXTENTION",,"SANJAY GOEL",,,,,,AAEFB5679E,SOUTH DELHI,0,,,blgoelcompany@yahoo.co.in,,,0,0,,0,,,,0,0000-00-00,0000-00-00,0000-00-00,,,,110014,0,0,,,,,,,,
B1511,"BHAWANISHANKAR IMPEX",9886741402,BANGALURU,"BANGALURU",,Y,0,0,0,N,0,221,O,"",,"3122/3123 NETRAVATI NANDI ENCLAVE KATTRIGUPPEBANSHANKARI 3RD STAGE",,"NIKHAR VIJAY LOHIA",,,,,,ABJPL7972N,BANGALURU,0,,,0,,,0,0,,0,,,,0,0000-00-00,0000-00-00,0000-00-00,,,,560085,0,0,,,,,,,,
B1512,"BALAJI  ENTERPRISES",9813333633,GURGAON,"GURGAON",S10015,Y,0,0,0,N,0,441,D,"",,"SHOP NO.15 MAIN ROAD OPP DEVILAL STADIUM SOHNA",,"NEELAM JAIN",,,,,,AGNPJ0789J,GURGAON,0,,,s.j.9813333633@gmail.com,,,0,0,,0,,,,0,0000-00-00,0000-00-00,0000-00-00,,,,122103,0,0,,,,,,,,
B1514,"B.S.B INTERNATIONAL",9819619018,MUMBAI,"MUMBAI",,Y,0,0,0,N,0,221,O,"",,"75 7TH FLOOR 227  NARIMAN POINT",,"BHAVESH SURESH DOSHI",,,,,,AAHPD5320P,MUMBAI,0,,,scdoshi1942@gmail.com,,,0,0,,0,,,,0,0000-00-00,0000-00-00,0000-00-00,,,,400021,0,0,,,,,,,,
B1522,"BISHESHWAR NATH MOOLCHANDRA",9839212202,KANPUR,"KANPUR",S10221,Y,0,0,0,N,0,447,D,"",,"26/81 KARACHI KHANA BIRHANA ROAD",,"CHITRAANK JAIN",,,,,,AACFB3616P,KANPUR,0,,,fusionbnmc@rediffmail.com,,,0,0,,0,,,,0,0000-00-00,0000-00-00,0000-00-00,,,,208001,0,0,,,,,,,,
B1525,"BANSAL PLYWOODS",9992112299,REWARI,"REWARI",D10350,Y,0,0,0,N,0,443,D,"",,"SCO-34 BRASS MARKET",,"MOHIT BANSAL",9992112299,,,,,ANXPB3581D,REWARI,0,,,bansalplywoods@gmail.com,,,0,0,,0,,,,0,0000-00-00,0000-00-00,0000-00-00,,,,123401,0,0,,,,,,,,
B1526,"BHAGWATI TIMBER & PLYWOOD CO.",9810033064,SOUTH DELHI,"SOUTH DELHI",S10223,Y,0,0,0,N,0,441,D,"",,"GROUND FLOOR 1463 A/1GALI NO. 5 KOTLA MUBARAKPUR",,"JATIN BATRA",,,,,,AAEFB0097Q,SOUTH DELHI,0,,,bhagwati1999@yahoo.com,,,0,0,,0,,,,0,0000-00-00,0000-00-00,0000-00-00,,,,110003,0,0,,,,,,,,
B1532,"BALAJI INDUSTRIESS",9910053059,NEW DELHI,"NEW DELHI",S10223,Y,0,0,0,N,0,441,D,"",,"1523/A GALI NO.-1 WAZIR NAGAR KOTLA MUBARAKPUR",,"DEEPAK GUPTA",,,,,,AGHPG3938N,NEW DELHI,0,,,balajiindustriess86@gmail.com,,,0,0,,0,,,,0,0000-00-00,0000-00-00,0000-00-00,,,,110003,0,0,,,,,,,,
B1534,"BABA GANPATI ENTERPRISES",8809539672,Deoghar,"DEOGHAR",D01932,Y,0,0,0,N,0,222,D,"",,"DURGA BADI MORE NEAR SARITA HOTEL BELABAGAN",,"RAJENDRA SHREEGANESH MIST",,,,,,BBUPM1512M,DEOGHAR,0,,,rajendermistry0@gmail.com,,,0,0,,0,,,,0,0000-00-00,0000-00-00,0000-00-00,,,,814112,0,0,,,,,,,,
B1535,"BUXAR PLY HOUSE",,BUXAR,"BUXAR",S01386,Y,0,0,0,N,0,219,O,"",,"TARKA NALA P.P ROAD                      BUXAR",,"VISHNU KUMAR CHOUDHARY",,,,,,ATSPC1469N,BUXAR,0,,,elanbishnu@gmail.com,,,0,0,,0,,,,0,0000-00-00,0000-00-00,0000-00-00,,,,802101,0,0,,,,,,,,
B1542,"BUILD INTERIO HQ",9425353600,INDORE,"INDORE",D01931;D02169,Y,0,0,0,N,0,446,P,"",,"114 EW SCHEME NO.94                      BEHIND MEDINOVA HOSPITAL",,"VYANJAL BADJATIYA",9406606560,,,,,AIYPB6139K,INDORE,0,,,buildinteriohq@gmail.com,,,0,0,,0,,,,0,1971-01-01,1971-01-01,1971-01-01,,,,452001,0,0,no,no,no,no,,,,
B155,"BAKSHI PLYWOOD CO",9814125869,PATHANKOT,"PATHANKOT",,Y,1500000,30,0,N,0,454,D,"",,"DHANGU ROAD",,"",,,,,,AAXPG2912L,PATHANKOT,0,,,b_plywood@yahoo.co.in,,,0,0,,0,,,,0,0000-00-00,0000-00-00,0000-00-00,,,,145001,0,0,,no,,no,,,,
B156,"BIRDI TIMBERS",9815300667,LUDHIANA,"LUDHIANA",S10257,Y,2500000,60,0,N,0,454,D,"",,"CHET SINGH NAGARB-XXII-3719/A OPP-DANA MANDI",,"",,,,,,AAQFB9407N,LUDHIANA,0,,,birditimbers@gmail.com,,,0,0,,0,,,,0,0000-00-00,0000-00-00,0000-00-00,,,,141003,0,0,,no,,no,,,,
B1563,"BOINGG KIDS PRIVATE LIMITED",9930195630,GURUGRAM,"GURUGRAM",S10223,Y,0,0,0,N,0,441,O,"",,"PLOT NO. 587 IMT MANESAR SECTOR - 8 MANESAR",,"DHRUVAN BARAR",,,,,,AAJCB0237A,GURUGRAM,0,,,dhruvan@boingg.in,,,0,0,,0,,,,0,0000-00-00,0000-00-00,0000-00-00,,,,122052,0,0,,,,,,,,
B1565,"BANSAL PLYWOOD & HARDWARE",8929280008,SIRSA,"SIRSA",D10350,Y,0,0,0,N,0,443,D,"",,"OLD GRAIN MARKET SHOP NO. 2043 GOLE BAZAAR MANDI DABWALI",,"GOURAV BANSAL",,,,,,CQHPB8562M,SIRSA,0,,,gouravbsl786@gmail.com,,,0,0,,0,,,,0,0000-00-00,0000-00-00,0000-00-00,,,,125104,0,0,,,,,,,,
B1569,"BAJRANG SONS AND CO",,NALHATI,"NALHATI",S01519,Y,0,0,0,N,0,457,D,"",,"COLLEGE MOREGR FL HOLDING NO 472       WARD NO 14 NH 60 KARIMPUR",,"SITARAM BISHNOI",,,,,,BSIPB2227D,NALHATI,0,,,sitarambishnoi.bishnoi29@gmail.com,,,0,0,,0,,,,0,0000-00-00,0000-00-00,0000-00-00,,,,731220,0,0,,,,,,,,
B1570,"BRAHAM DEV HEM CHAND",9045465100,KOTDWARA,"KOTDWARA",S10230,Y,0,0,0,N,0,447,O,"",,"1 GOKHLE MARG KOTDWARA PAURI GARHWAL",,"ALOK AGARWAL",,,,,,AACFB3558N,KOTDWARA,0,,,aryanagarwal2095@gmail.com,,,0,0,,0,,,,0,0000-00-00,0000-00-00,0000-00-00,,,,246149,0,0,,,,,,,,
B1574,"BENCHMARK PANELS INC",9837057055,AGRA,"Agra",S10221,Y,0,0,0,N,0,447,D,"",,"B-10 BASEMENT KAILASH TOWER SANJAY PALACE ROAD",,"NIDHI BANSAL",,,,,,ABCPA2143B,AGRA,0,,,benchmarkagra@gmail.com,,,0,0,,0,,,,0,0000-00-00,0000-00-00,0000-00-00,,,,282002,0,0,,,,,,,,
B1577,"BEYOND INTERIORS & INFRASTRUCTURES",9354913050,PANIPAT,"PANIPAT",D10350,Y,0,0,0,N,0,443,D,"",,"48D HUDA SECTOR-25 PART II",,"DHIRAJ MALIK",,,,,,ABAFB3437F,PANIPAT,0,,,maliktimber@gmail.com,,,0,0,,0,,,,0,0000-00-00,0000-00-00,0000-00-00,,,,132103,0,0,,,,,,,,
B1579,"BOMBAY FURNITURE",8815863282,ASHOK NAGAR,"ASHOK NAGAR",D02072,Y,1000000,30,0,N,0,446,D,"",,"GUNA ROAD SONI COLONY",,"",,,,,,AOWPJ3434R,ASHOK NAGAR,0,,,pk.jn87@gmail.com,,,0,0,,0,,,,0,0000-00-00,0000-00-00,0000-00-00,,,,473331,0,0,,,,,,,,
B1583,"BHARAT PLY CENTER",9829453777,Sriganganagar,"Sriganganagar",D10390,Y,0,0,0,N,0,427,O,"",,"CGR Mall K.No.10 M.No.16					          Chak 6E Choti Hanumangarh Road					    Jawahar Nagar",,"Upasna Kumari",,,,,,CMXPK0450P,Sriganganagar,0,,,sunilrid16@gmail.com,,,0,0,,0,,,,0,0000-00-00,0000-00-00,0000-00-00,,,,335001,0,0,,,,,,,,
B1587,"BAKAMA COMMERCIAL",8414842151,ZIRO,"ZIRO",S01785,Y,0,0,0,N,0,215,O,"",,"05POLICE POINT					                     HAPOLI					                              ZIRO LOWER SUBANSIRI",,"TASSO TANA",,,,,,AILPT2176R,ZIRO,0,,,ar.anjuhage@gmail.com,,,0,0,,0,,,,0,0000-00-00,0000-00-00,0000-00-00,,,,791120,0,0,,,,,,,,
B1589,"BHAVESH HARDWARE",9687600018,SURENDRANAGAR,"SURENDRANAGAR",D10375,Y,0,0,0,N,0,332,O,"",,"MATUSRI COMPLEX 					                   NEAR FATAK					                         JORAVARNAGAR",,"BHAVESH BHAI",9687600018,,,,,AMHPP5441M,SURENDRANAGAR,0,,,bhaveshprajapati763@gmail.com,,,0,0,,0,,,,0,0000-00-00,0000-00-00,0000-00-00,,,,363001,0,0,,,,,,,,
B1590,"BHARAT ALMUNIUM AND HARDWARE",9931708958,HAJIPUR,"HAJIPUR",,Y,0,0,0,N,0,219,O,"",,"BAGMALI NEAR ST PAUL SCHOOL",,"PRINCE KUMAR SINGH",,,,,,EAMPS3647M,HAJIPUR,0,,,princekumar123singh@gmail.com,,,0,0,,0,,,,0,0000-00-00,0000-00-00,0000-00-00,,,,844101,0,0,,,,,,,,
B1592,"BELLE CUCINE",8554938599,SURAT,"SURAT",S01801,Y,0,0,0,N,0,332,O,"",,"1ST FLOOR OFFICE NO F/6 						         OFIRA BUSINESS HUB 						               VIP ROAD BHARTHANA",,"PAYAL MALHOTRA",,,,,,AFUPA8908G,SURAT,0,,,bellecucine@gmail.com,,,0,0,,0,,,,0,0000-00-00,0000-00-00,0000-00-00,,,,395007,0,0,,,,,,,,
B1595,"BHARGAVA ENTERPRISES",9760291723,AGRA,"Agra",D10359,Y,0,0,0,N,0,447,D,"",,"21/4 Freeganj",,"Karan Bhargava",,,,,,ATUPB1010E,Agra,0,,,bhargavapolytex@gmail.com,,,0,0,,0,,,,0,0000-00-00,0000-00-00,0000-00-00,,,,282004,0,0,,,,,,,,
B1596,"BABLU JANA",9830326882,KOLKATA,"KOLKATA",,Y,0,0,0,N,0,221,O,"",,"BATANAGAR NANGI					                    CHAKRABORTY PARA					                    SOUTH 24 PARGANAS",,"BABLU JANA",,,,,,ANOPJ1279R,KOLKATA,0,,,0,,,0,0,,0,,,,0,0000-00-00,0000-00-00,0000-00-00,,,,700140,0,0,,,,,,,,
B1597,"BOMBAY PLYWOOD CENTER",9838724155,BHADOHI,"BHADOHI",S10221,Y,0,0,0,N,0,447,D,"",,"54 MAHARAJGANJ TITRAHI						           BHADOHI",,"BHASHKAR K TRIPATHTHI",,,,,,AIKPT8059L,BHADOHI,0,,,bombayplywoodcenter@gmail.com,,,0,0,,0,,,,0,0000-00-00,0000-00-00,0000-00-00,,,,221314,0,0,,,,,,,,
B1612,"BHAGWATI TRADERS",9926084585,GWALIOR,"GWALIOR",D02072,Y,0,0,0,N,0,446,D,"",,"73 NEAR SAI BABA MANDIR						           VIKAS NAGAR",,"VIKRAM PURI",9826084585,,,,,AIDPP7147G,GWALIOR,0,,,bhagwati.traders0124@gmail.com,,,0,0,,0,,,,0,0000-00-00,0000-00-00,0000-00-00,,,,474002,0,0,,,,,,,,
B1615,"BANSAL PLYWOOD & HARDWARE STORE",7206166619,KURUKSHETRA,"KURUKSHETRA",D10478,Y,0,0,0,N,0,443,D,"",,"NEAR ASHMIT MOTORS						                 KDB ROAD",,"ANKUSH",,,,,,AYFPA3026M,KURUKSHETRA,0,,,ankubansal131@gmail.com,,,0,0,,0,,,,0,1971-01-01,1971-01-01,1971-01-01,,,,136118,0,0,no,no,no,no,,,,
B1616,"B. R. MARKETING",8109041000,INDORE,"INDORE",D02105,Y,0,0,0,N,0,446,P,"",,"MAURYA ARCADE						                      6 UG MORIYA ARCADE 1/2 OLD PALASIA				 ITARSI",,"BHANWARLAL MAROTHIYA",,,,,,ACRPM6289J,INDORE,0,,,brmarketing2000@gmail.com,,,0,0,,0,,,,0,1971-01-01,1971-01-01,1971-01-01,,,,452001,0,0,no,no,no,no,,,,
B1618,"BENGAL TRADERS",9831514860,KOLKATA,"KOLKATA",D02091,Y,0,0,0,N,0,457,D,"",,"DURGANAGAR STATION ROAD                 KOLKATA NORTH 24 PARGANAS",,"DEBASISH DHALI",,,,,,ALSPD2538D,KOLKATA,0,,,debjanidhali32@gmail.com,,,0,0,,0,,,,0,1971-01-01,1971-01-01,1971-01-01,,,,700065,0,0,no,no,no,no,,,,
B1621,"BALKRISHNA ENTERPRISES",8877887756,PATNA,"PATNA",,Y,0,0,0,N,0,219,O,"",,"1270 MATRI CHHAYA						                EXHIBITION ROAD",,"AMAN PACHISIA",,,,,,BFKPP4047L,PATNA,0,,,shakun9@gmail.com,,,0,0,,0,,,,0,1971-01-01,1971-01-01,1971-01-01,,,,800001,0,0,no,no,no,no,,,,
B1627,"BLUE STAR AND COMPANY",9950289840,JAIPUR,"JAIPUR",S10305,Y,0,0,0,N,0,427,D,"",,"A-210 ASARPURA						                    SANGANER",,"BUTA SINGH",,,,,,AAVFB4752H,JAIPUR,0,,,bluestarandcompany@gmail.com,,,0,0,,0,,,,0,1971-01-01,1971-01-01,1971-01-01,,,,302020,0,0,no,no,no,no,,,,
B1629,"BAJRANG PLYWOOD",9795530227,LUCKNOW,"LUCKNOW",D10494,Y,0,0,0,N,0,447,O,"",,"KHASRA NO. 586 BARIGAWAN						          KANPUR ROAD",,"ANMOL AGARWAL",,,,,,ATFPA0626A,LUCKNOW,0,,,bajrangplywood8@gmail.com,,,0,0,,0,,,,0,1971-01-01,1971-01-01,1971-01-01,,,,226012,0,0,no,no,no,no,,,,
B1631,"BAL KRISHAN YADAV RAI",9779727354,BARNALA,"BARNALA",D10373,Y,0,0,0,N,0,454,D,"",,"SHOP NO.B002/00122-00123          SADAR BAZAR",,"PANKAJ KUMAR",9779727354,,,,,AAYFB0167B,BARNALA,0,,,pankaj.sunny354@gmail.com,,,0,0,,0,,,,0,1971-01-01,1971-01-01,1971-01-01,,,,148101,0,0,no,no,no,no,,,,
B1641,"BRIJ BEHARI AGRO FOODS PRIVATE LIMITED",7355991635,KANPUR,"KANPUR",D10360,Y,0,0,0,N,0,447,O,"",,"NEAR RAJENDRA CHAURAHA             FATEHPUR ROSHANAI                  KANPUR ROAD KANPUR DEHAT",,"AMAN GUPTA",,,,,,AALCB0689G,KANPUR,0,,,gupta.aman1602@gmail.com,,,0,0,,0,,,,0,1971-01-01,1971-01-01,1971-01-01,,,,209121,0,0,no,no,no,no,,,,
B1648,"BRAMHECHAS",9822049091,NASHIK,"NASHIK",D01978,Y,0,0,0,N,0,331,O,"",,"5-6 &7 CROWN COMPLEX                OPP-RAJIVGANDHI BHAVAN              SHARANPUR ROAD",,"RAJENDRA BRAMHECHA",,,,,,AADHB4233M,NASHIK,0,,,rajendrabramhecha@gmail.com,,,0,0,,0,,,,0,1971-01-01,1971-01-01,1971-01-01,,,,422001,0,0,no,no,no,no,,,,
B1649,"BALARAM PLY AND HARDWARE",7788866321,BHUBANESWAR,"BHUBANESWAR",D02147,Y,0,0,0,N,0,216,D,"",,"FLOOR NO GROUND FLOOR              BUILDING/FLAT NO PLOT NO 1182/4767 KHATA NO 1640/80 HOLDING NO 120",,"SRINIVAS SAHU",,,,,,GZTPS5587J,BHUBANESWAR,0,,,srinivas.sainathtrd@gmail.com,,,0,0,,0,,,,0,1971-01-01,1971-01-01,1971-01-01,,,,751006,0,0,no,no,no,no,,,,
B1651,"BHAGWATI PLYWOOD AND HARDWARE",8769804230,GUWAHATI,"GUWAHATI",S01785,Y,0,0,0,N,0,215,O,"",,"GROUND FLOORNEAR BASISTHA CHARALI CHILARAI PATH                      BASISTHA CHARALIKAMRUP METROPOLAN",,"GIRISH KUMAR SHARMA",,,,,,KQBPS9198J,GUWAHATI,0,,,bhagwatiplywoodandhardwaree@gmail.com,,,0,0,,0,,,,0,1971-01-01,1971-01-01,1971-01-01,,,,781029,0,0,no,no,no,no,,,,
B1652,"BHATTAD PLYWOODS AND HARDWARES",9379682920,BAGALKOTE,"BAGALKOTE",S01904,Y,0,0,0,N,0,553,O,"",,"SHOP NO-25 APMC YARD             MUCHKHANDI ROADNEAR APMC          NAVANAGAR",,"YOGESH R BHATTAD",,,,,,CESPB1680R,BAGALKOTE,0,,,yogeshbhattad15@gmail.com,,,0,0,,0,,,,0,1971-01-01,1971-01-01,1971-01-01,,,,587103,0,0,no,no,no,no,,,,
B1656,"BALANI PLYWOOD",9881147736,NANDURBAR,"NANDURBAR",D01978,Y,0,0,0,N,0,331,O,"",,"STATION ROAD                        NEAR NEHRU PUTLA",,"SHATRU BALANI",,,,,,AADPB0337J,NANDURBAR,0,,,balaniplywood99@gmail.com,,,0,0,,0,,,,0,1971-01-01,1971-01-01,1971-01-01,,,,425412,0,0,no,no,no,no,,,,
B1657,"BHADANI ENTERPRISES",9234291437,GAYA,"GAYA",D02143,Y,0,0,0,N,0,219,O,"",,"C/o AKSHYWAT PRASAD AJMATGANJ    JAMALPUR TOLA PARAIYA",,"ANUP KUMAR",,,,,,FSOPK7223J,GAYA,0,,,anup6201677982@gmail.com,,,0,0,,0,,,,0,1971-01-01,1971-01-01,1971-01-01,,,,844209,0,0,no,no,no,no,,,,
B1661,"BLAZON INTERIOR DESIGNERS",9705000035,ANANTAPUR,"ANANTAPUR",S01889,Y,0,0,0,N,0,525,O,"",,"D. NO 6-83 SATYDEVA NAGAR               REVENUE WARD 6 ANANTAPUR",,"VIKRAM REDDY NATTIKANTI",,,,,,AHMPN8738P,ANANTAPUR,0,,,animvikram@gmail.com,,,0,0,,0,,,,0,1971-01-01,1971-01-01,1971-01-01,,,,515001,0,0,no,no,no,no,,,,
B174,"BALAJI SALES",,KOLKATA,"KOLKATA",,Y,0,,0,N,0,,O,"",,"49B C.R. AVENUE KOLKATA - 700 012",,"",,,,,,,KOLKATA,0,,,,,,0,0,,0,,,,0,0000-00-00,0000-00-00,0000-00-00,,,,,0,0,,no,,no,,,,
B182,"BABLANI PLYWOOD",9999043333,NEW DELHI,"NEW DELHI",S10152;S10042,Y,0,0,0,N,0,441,D,"",,"4/5 D. B. GUPTA ROAD                    PAHAR GANJ                               NEW DELHI",,"DHEERAJ BABLANI",,,,,,AAAHJ1122J,DELHI,0,,,bablaniplywood@gmail.com,,,0,0,,0,,,,0,1971-01-01,1971-01-01,1971-01-01,,,,110055,0,0,no,no,no,no,,,,
B182,"BABLANI PLYWOOD",9999043333,DELHI,"DELHI",S10152;S10042,Y,0,0,0,N,0,441,D,"",,"4/5 D. B. GUPTA ROAD                    PAHAR GANJ                               NEW DELHI",,"DHEERAJ BABLANI",,,,,,AAAHJ1122J,DELHI,0,,,bablaniplywood@gmail.com,,,0,0,,0,,,,0,1971-01-01,1971-01-01,1971-01-01,,,,110055,0,0,no,no,no,no,,,,
B183,"BABLANI PLYWOOD SALES CORPORATION",9818463600,NEW DELHI,"NEW DELHI",S10152;S10042,Y,0,0,0,N,0,441,D,"",,"3/8 DESH BANDHU GUPTA RO                PAHARGANJ                                NEXT TO STATE BANK OF INDIA",,"PRAKASH BABLANI",,,,,,AADPB4974B,DELHI,0,,,bpsc.pg@gmail.com,,,0,0,,0,,,,0,1971-01-01,1971-01-01,1971-01-01,,,,110055,0,0,no,no,no,no,,,,
B183,"BABLANI PLYWOOD SALES CORPORATION",9818463600,DELHI,"DELHI",S10152;S10042,Y,0,0,0,N,0,441,D,"",,"3/8 DESH BANDHU GUPTA RO                PAHARGANJ                                NEXT TO STATE BANK OF INDIA",,"PRAKASH BABLANI",,,,,,AADPB4974B,DELHI,0,,,bpsc.pg@gmail.com,,,0,0,,0,,,,0,1971-01-01,1971-01-01,1971-01-01,,,,110055,0,0,no,no,no,no,,,,
B187,"BAGAI CONSTRUCTION (NOIDA)",,NOIDA (U.P.),"NOIDA (U.P.)",,Y,0,,0,N,0,,P,"",,"C-11/22 SETCOR-18",,"",,,,,,AAAPB2886L,NOIDA (U.P.),0,,,,,,0,0,,0,,,,0,0000-00-00,0000-00-00,0000-00-00,,,,,0,0,,no,,no,,,,
B188,"BHALLA & COMPANY PVT LTD.",,NEW DELHI,"NEW DELHI",,Y,0,,0,N,0,,O,"",,"95-96-97WAZIR NAGAR KOTLA MUBARAKPUR",,"",,,,,,,NEW DELHI,0,,,,,,0,0,,0,,,,0,0000-00-00,0000-00-00,0000-00-00,,,,,0,0,,no,,no,,,,
B194,"BAGAI CONSTRUCTION",,NEW DELHI,"NEW DELHI",,Y,0,,0,N,0,,O,"",,"GRATER KAILASH PART -2",,"",,,,,,,NEW DELHI,0,,,,,,0,0,,0,,,,0,0000-00-00,0000-00-00,0000-00-00,,,,,0,0,,no,,no,,,,
B195,"BABUKHAN",,NAHARKATIA,"NAHARKATIA",,Y,0,,0,N,0,,O,"",,"",,"",,,,,,,NAHARKATIA,0,,,,,,0,0,,0,,,,0,0000-00-00,0000-00-00,0000-00-00,,,,,0,0,,no,,no,,,,
B205,"SRI BHAGAWAN TIMBER",9341214258,Banagalore,"Banagalore",,Y,500000,45,0,N,0,553,D,"",,"No.15 80ft RoadBSK 1ST STAGESRINIVASNAGAR",,"JAGDISH PATEL",,,,,,,Banagalore,0,,,bhagawantimber@gmail.com,,,0,0,,0,,,,0,0000-00-00,0000-00-00,0000-00-00,,,,560050,0,0,,no,,no,,,,
B217,"BHAGWATI TIMBER TRADERS",9810072852,NEW DELHI,"NEW DELHI",S10042,Y,6000000,45,0,N,0,441,D,"",,"220-A/23 RAMA MARKET PITAMPUR",,"ASHOK GULATI",,,,,,AAEPG5821F,NEW DELHI,0,,,btt_ashokgulati@yahoo.co.in,,,0,0,,0,,,,0,0000-00-00,0000-00-00,0000-00-00,,,,110034,0,0,,,,,,,,
B222,"BRIJ LAL ARORA",,GURGAON  (HARYANA,"GURGAON  (HARYANA",,Y,0,,0,N,0,,O,"",,"707-P SECT-15 PART II ",,"",,,,,,,GURGAON  (HARYANA,0,,,,,,0,0,,0,,,,0,0000-00-00,0000-00-00,0000-00-00,,,,,0,0,,no,,no,,,,
B224,"BHAGAWATI PLYWOOD",9810072852,DELHI,"DELHI",,Y,0,0,0,N,0,,D,"",,"B-44 RAJAN BABU ROAD ADARSH NAGAR",,"SUBHAS KHEMKA",,,,,,AAHFB3694C,DELHI,0,,,,,,0,0,,0,,,,0,0000-00-00,0000-00-00,0000-00-00,,,,,0,0,,no,,no,,,,
B226,"BALAJI PLY & ALMINATES",,NEW  DELHI,"NEW  DELHI",,Y,0,,0,N,0,,O,"",,"C-73MANSAROVER GARDEN",,"",,,,,,,NEW  DELHI,0,,,,,,0,0,,0,,,,0,0000-00-00,0000-00-00,0000-00-00,,,,,0,0,,no,,no,,,,
B230,"BIRDI CRAFTS",,LUDHIANA-3 (PB),"LUDHIANA-3 (PB)",,Y,0,,0,N,0,,O,"",,"458/464 INDUSTRIAL AREA-B NEAR  O.B.C. BANK   GILL",,"",,,,,,,LUDHIANA-3 (PB),0,,,,,,0,0,,0,,,,0,0000-00-00,0000-00-00,0000-00-00,,,,,0,0,,no,,no,,,,
B271,"BIMALA PLYWOOD",,,"",,Y,0,,0,N,0,,O,"",,"DAMANA SQUARE BHUBANESWAR",,"",,,,,,,,0,,,,,,0,0,,0,,,,0,0000-00-00,0000-00-00,0000-00-00,,,,,0,0,,no,,no,,,,
B271,"BIMALA PLYWOOD",,NULL,"NULL",,Y,0,,0,N,0,,O,"",,"DAMANA SQUARE BHUBANESWAR",,"",,,,,,,,0,,,,,,0,0,,0,,,,0,0000-00-00,0000-00-00,0000-00-00,,,,,0,0,,no,,no,,,,
B275,"BASUDEV SARKAR",,,"",,Y,0,,0,N,0,,O,"",,"TROLLER ASSOCIATION BALARAM GADI BALASORE",,"",,,,,,,,0,,,,,,0,0,,0,,,,0,0000-00-00,0000-00-00,0000-00-00,,,,,0,0,,no,,no,,,,
B275,"BASUDEV SARKAR",,NULL,"NULL",,Y,0,,0,N,0,,O,"",,"TROLLER ASSOCIATION BALARAM GADI BALASORE",,"",,,,,,,,0,,,,,,0,0,,0,,,,0,0000-00-00,0000-00-00,0000-00-00,,,,,0,0,,no,,no,,,,
B279,"BANSAL ENTERPRISES",9434753002,SILIGURI,"SILIGURI",,Y,0,0,288124,N,0,,O,"",,"10 KAPIL CENTRE SAVOPE ROAD",,"",,,,,,,SILIGURI,0,,,,,,0,0,,0,,,,0,0000-00-00,0000-00-00,0000-00-00,,,,,0,0,,no,,no,,,,
B283,"BERIWAL PLYWOOD",,,"",,Y,0,,0,N,0,,O,"",,"MAIN ROAD BARGARH",,"",,,,,,,,0,,,,,,0,0,,0,,,,0,0000-00-00,0000-00-00,0000-00-00,,,,,0,0,,no,,no,,,,
B283,"BERIWAL PLYWOOD",,NULL,"NULL",,Y,0,,0,N,0,,O,"",,"MAIN ROAD BARGARH",,"",,,,,,,,0,,,,,,0,0,,0,,,,0,0000-00-00,0000-00-00,0000-00-00,,,,,0,0,,no,,no,,,,
B284,"BOTHRA ISPAT PVT LTD.",,,"",,Y,0,,0,N,0,,O,"",,"POWER HOUSE ROAD ROURKELA PH:9437041701",,"",,,,,,,,0,,,,,,0,0,,0,,,,0,0000-00-00,0000-00-00,0000-00-00,,,,,0,0,,no,,no,,,,
B284,"BOTHRA ISPAT PVT LTD.",,NULL,"NULL",,Y,0,,0,N,0,,O,"",,"POWER HOUSE ROAD ROURKELA PH:9437041701",,"",,,,,,,,0,,,,,,0,0,,0,,,,0,0000-00-00,0000-00-00,0000-00-00,,,,,0,0,,no,,no,,,,
B296,"BHARTIYA HARDWARE BHANDAR",9431178820,RANCHI,"RANCHI",,Y,250000,30,0,N,0,222,D,"",,"OLD RANCHI ROADCHAKARDHARPURWEST SINGHBHUM.",,"MADHAV JHUNJHUNWALA",06587239553,,,,,AAKFB8566G,RANCHI,0,,,bharatiyahardware@rediffmail.com,,,0,0,,0,,,,0,0000-00-00,0000-00-00,0000-00-00,,,,833102,0,0,,no,,no,,,,
B299,"BHOLE BABA MILK FOOD INDUSTRIES LTD",,CHHATA (MATHURA-U.P.,"CHHATA (MATHURA-U.P.",,Y,0,,0,N,0,,O,"",,"109 KM-STONENEAR HIGHWAY DELHI AGRA RD.DAUTANA",,"",,,,,,,CHHATA (MATHURA-U.P.,0,,,,,,0,0,,0,,,,0,0000-00-00,0000-00-00,0000-00-00,,,,,0,0,,no,,no,,,,
B300,"BIHAR PLY",,NAUGACHIA,"NAUGACHIA",,Y,0,,0,N,0,219,O,"",,"NAUGACHIA",,"",,,,,,,NAUGACHIA,0,,,,,,0,0,,0,,,,0,0000-00-00,0000-00-00,0000-00-00,,,,853204,0,0,,no,,no,,,,
B305,"B P ENTERPRISES",,RAJASTHAN,"",,Y,0,,0,N,0,,O,"",,"",,"",,,,,,,RAJASTHAN,0,,,,,,0,0,,0,,,,0,0000-00-00,0000-00-00,0000-00-00,,,,,0,0,,no,,no,,,,
B549,"BHAVISHI PLYWOOD AGENCY",9824210365,RAJKOT,"RAJKOT",,Y,1000000,45,0,N,0,332,D,"",,"TAGORE ROADGODOWN ROAD CORNEROPP.BHALODIA SCHOOL",,"KALPESH BHAI",,,,,,AAIFB5080B,RAJKOT,0,,,bavishiply@yahoo.com,,,0,0,,0,,,,0,0000-00-00,0000-00-00,0000-00-00,,,,360002,0,0,,no,,no,,,,
B552,"BHUSHAN STEEL LTD",9811798072,NARENDRAPUR,"NARENDRAPUR",,Y,5000000,60,0,N,0,331,O,"",,"INTEGRATED STEEL PLANTP.O.KUSHU PANGA ?DIST:DHENKANAL",,"MUNISH GOGIA",,,,,,AAACB1247M,NARENDRAPUR,0,,,mgogia@bhushansteel.com,,,0,0,,0,,,,0,0000-00-00,0000-00-00,0000-00-00,,,,759121,0,0,,no,,no,,,,
B555,"BIJCO AGENCIES",,NEW DELHI,"NEW DELHI",,Y,0,,0,N,0,,O,"",,"1993LAL KUAN",,"",,,,,,,NEW DELHI,0,,,,,,0,0,,0,,,,0,0000-00-00,0000-00-00,0000-00-00,,,,,0,0,,no,,no,,,,
B705,"BUILDAIDS TIMBER (P) LTD.",,NEW DELHI,"NEW DELHI",,Y,0,0,0,N,0,,D,"",,"X-F-13 SHIVA ENCLEVE A-4 PASCHIM VIHAR",,"",,,,,,AAACB2511J,NEW DELHI,0,,,buildaids@gmail.com,,,0,0,,0,,,,0,0000-00-00,0000-00-00,0000-00-00,,,,,0,0,,no,,no,,,,
B710,"BUILDAIDS TIMBER (P) LTD",1242387401,GURGAON,"GURGAON",,Y,0,0,0,N,0,,O,"",,"THE BRISTAL ROAD DLF CITY PHASE-I",,"RAJKUMAR BANTA",,,,,,AAACB2511J,GURGAON,0,,,buildaids@gmail.com,,,0,0,,0,,,,0,0000-00-00,0000-00-00,0000-00-00,,,,,0,0,,no,,no,,,,
B715,"BOLIN BORTHAKUR",,,"",,Y,0,,0,N,0,,O,"",,"INTEGRATED STEEL PLANT AT.NARENDRAPUR PO. KUSHU PANGA VIA-MERAMANDALI DIST.DHENKANAL ORIS",,"",,,,,,,,0,,,,,,0,0,,0,,,,0,0000-00-00,0000-00-00,0000-00-00,,,,,0,0,,no,,no,,,,
B715,"BOLIN BORTHAKUR",,NULL,"NULL",,Y,0,,0,N,0,,O,"",,"INTEGRATED STEEL PLANT AT.NARENDRAPUR PO. KUSHU PANGA VIA-MERAMANDALI DIST.DHENKANAL ORIS",,"",,,,,,,,0,,,,,,0,0,,0,,,,0,0000-00-00,0000-00-00,0000-00-00,,,,,0,0,,no,,no,,,,
B722,"BHARTI CELLULAR LIMITED.(AIR-T)",,NEW DELHI,"NEW DELHI",,Y,0,,0,N,0,,O,"",,"",,"",,,,,,,NEW DELHI,0,,,,,,0,0,,0,,,,0,0000-00-00,0000-00-00,0000-00-00,,,,,0,0,,no,,no,,,,
B729,"BALAJI PLY EMPORIUM",9868222441,NEW DELHI,"NEW DELHI",S10042,Y,1500000,45,0,N,0,451,D,"",,"GROUND FLOOR 1/69 W.H.S KIRTI NAGAR",,"RAKESH RUNGTA",,,,,,AAAFB3257G,NEW DELHI,0,,,balajiply_emporium@yahoo.com,,,0,0,,0,,,,0,0000-00-00,0000-00-00,0000-00-00,,,,110015,0,0,,,,no,,,,
B734,"B OJHA",,JEYPORE,"JEYPORE",,Y,0,,0,N,0,,O,"",,"JEYPORE ASSAM ASSAM",,"",,,,,,,JEYPORE,0,,,,,,0,0,,0,,,,0,0000-00-00,0000-00-00,0000-00-00,,,,,0,0,,no,,no,,,,
B735,"BUSINESS INDIA EXHIBITIONS",,ANDHERI(E) MUMBAI,"ANDHERI(E) MUMBAI",,Y,0,,0,N,0,,O,"",,"TRANSMISSION HOUSE6/82 M CO-OP IND.EST.OFF SIR M.V",,"",,,,,,,ANDHERI(E) MUMBAI,0,,,,,,0,0,,0,,,,0,0000-00-00,0000-00-00,0000-00-00,,,,,0,0,,no,,no,,,,
B760,"BHARAT WOOD CRAFT",,DELHI,"DELHI",,Y,0,,0,N,0,,O,"",,"SHAHBAD DAULATPUR",,"",,,,,,,DELHI,0,,,,,,0,0,,0,,,,0,0000-00-00,0000-00-00,0000-00-00,,,,,0,0,,no,,no,,,,
B816,"BOMBAY PLYWOOD.",9824752655,VERAVAL,"VERAVAL",S01769,Y,500000,45,0,N,0,332,D,"",,"SATTA BAZAR VERAVAL",,"ASHOK BHAI",,,,,,AATPN1643F,VERAVAL,0,,,bombay_plywood@ymail.com,,,0,0,,0,,,,0,0000-00-00,0000-00-00,0000-00-00,,,,362265,0,0,,,,,,,,
B920,"BASANT TRADING CO",9814061203,JALLANDHAR,"JALLANDHAR",,Y,3000000,45,0,N,0,454,D,"",,"WF-155 G.T.ROADNEAR ADDA BASTIAN",,"DHANIRAM GUPTA",01812280896,,,,,AAHFB1165G,JALLANDHAR,0,,,dhaniramgupta@gmail.com,,,0,0,,0,,,,0,0000-00-00,0000-00-00,0000-00-00,,,,144001,0,0,,no,,no,,,,
B9998,"BHUSHAN STEEL LIMITED",9711901764,SAVROLI,"SAVROLI",,Y,5000000,60,0,N,0,331,O,"",,"ISAMBA PHATTAKHAPOLI PEN ROADPOST SAJGAON TAL: KHALAPUR",,"",,,,,,AAACB1247M,SAVROLI,0,,,kishor@bhushansteel.com,,,0,0,,0,,,,0,0000-00-00,0000-00-00,0000-00-00,,,,410203,0,0,,no,,no,,,,
BH001,"MR. P.K.RATH",,,"",,Y,0,,0,N,0,,O,"",,"PLOT NO.588/D NICCO PARK ROAD BHUBANESWAR",,"",,,,,,,,0,,,,,,0,0,,0,,,,0,0000-00-00,0000-00-00,0000-00-00,,,,,0,0,,no,,no,,,,
BH001,"MR. P.K.RATH",,NULL,"NULL",,Y,0,,0,N,0,,O,"",,"PLOT NO.588/D NICCO PARK ROAD BHUBANESWAR",,"",,,,,,,,0,,,,,,0,0,,0,,,,0,0000-00-00,0000-00-00,0000-00-00,,,,,0,0,,no,,no,,,,
BH002,"MR. MANABHANJAN PRADHAN",,,"",,Y,0,,0,N,0,,O,"",,"JODA KEONJHAR",,"",,,,,,,,0,,,,,,0,0,,0,,,,0,0000-00-00,0000-00-00,0000-00-00,,,,,0,0,,no,,no,,,,
BH002,"MR. MANABHANJAN PRADHAN",,NULL,"NULL",,Y,0,,0,N,0,,O,"",,"JODA KEONJHAR",,"",,,,,,,,0,,,,,,0,0,,0,,,,0,0000-00-00,0000-00-00,0000-00-00,,,,,0,0,,no,,no,,,,
BH003,"KOUSTAV INSTITUTE OF SELF DOMAIN",,,"",,Y,0,,0,N,0,,O,"",,"PLOT NO.1 SECTOR-B CNI COMPLEXPATIA BHUBANESWAR-24",,"",,,,,,,,0,,,,,,0,0,,0,,,,0,0000-00-00,0000-00-00,0000-00-00,,,,,0,0,,no,,no,,,,
BH003,"KOUSTAV INSTITUTE OF SELF DOMAIN",,NULL,"NULL",,Y,0,,0,N,0,,O,"",,"PLOT NO.1 SECTOR-B CNI COMPLEXPATIA BHUBANESWAR-24",,"",,,,,,,,0,,,,,,0,0,,0,,,,0,0000-00-00,0000-00-00,0000-00-00,,,,,0,0,,no,,no,,,,
BH004,"LAXMI FURNITURE",,,"",,Y,0,,0,N,0,,O,"",,"NICCO PARK ROAD BHUBANESWAR",,"",,,,,,,,0,,,,,,0,0,,0,,,,0,0000-00-00,0000-00-00,0000-00-00,,,,,0,0,,no,,no,,,,
BH004,"LAXMI FURNITURE",,NULL,"NULL",,Y,0,,0,N,0,,O,"",,"NICCO PARK ROAD BHUBANESWAR",,"",,,,,,,,0,,,,,,0,0,,0,,,,0,0000-00-00,0000-00-00,0000-00-00,,,,,0,0,,no,,no,,,,
BH006,"MOTIF - INC DESIGN",,,"",,Y,0,,0,N,0,,O,"",,"BACK SIDE OF BEHERA MALL P.PUMP JHARSUGUDA PH.9437059220",,"",,,,,,,,0,,,,,,0,0,,0,,,,0,0000-00-00,0000-00-00,0000-00-00,,,,,0,0,,no,,no,,,,
BH006,"MOTIF - INC DESIGN",,NULL,"NULL",,Y,0,,0,N,0,,O,"",,"BACK SIDE OF BEHERA MALL P.PUMP JHARSUGUDA PH.9437059220",,"",,,,,,,,0,,,,,,0,0,,0,,,,0,0000-00-00,0000-00-00,0000-00-00,,,,,0,0,,no,,no,,,,
BH007,"HINDUSTAN PLYWOOD",,,"",,Y,0,,0,N,0,,O,"",,"ANANDA BAZAR DHENKANAL",,"",,,,,,,,0,,,,,,0,0,,0,,,,0,0000-00-00,0000-00-00,0000-00-00,,,,,0,0,,no,,no,,,,
BH007,"HINDUSTAN PLYWOOD",,NULL,"NULL",,Y,0,,0,N,0,,O,"",,"ANANDA BAZAR DHENKANAL",,"",,,,,,,,0,,,,,,0,0,,0,,,,0,0000-00-00,0000-00-00,0000-00-00,,,,,0,0,,no,,no,,,,
BH008,"MR. BISWARANJAN PANI",,,"",,Y,0,,0,N,0,,O,"",,"METRO RESIDENCY BEHERA SAHINAYAPALLI BHUBANESWAR",,"",,,,,,,,0,,,,,,0,0,,0,,,,0,0000-00-00,0000-00-00,0000-00-00,,,,,0,0,,no,,no,,,,
BH008,"MR. BISWARANJAN PANI",,NULL,"NULL",,Y,0,,0,N,0,,O,"",,"METRO RESIDENCY BEHERA SAHINAYAPALLI BHUBANESWAR",,"",,,,,,,,0,,,,,,0,0,,0,,,,0,0000-00-00,0000-00-00,0000-00-00,,,,,0,0,,no,,no,,,,
BH009,"DR. BIJAY KUMAR MISHRA",,,"",,Y,0,,0,N,0,,O,"",,"DUPLEX - 15 PHASE II SRUSTI VILLA RASULGARH",,"",,,,,,,,0,,,,,,0,0,,0,,,,0,0000-00-00,0000-00-00,0000-00-00,,,,,0,0,,no,,no,,,,
BH009,"DR. BIJAY KUMAR MISHRA",,NULL,"NULL",,Y,0,,0,N,0,,O,"",,"DUPLEX - 15 PHASE II SRUSTI VILLA RASULGARH",,"",,,,,,,,0,,,,,,0,0,,0,,,,0,0000-00-00,0000-00-00,0000-00-00,,,,,0,0,,no,,no,,,,
BH014,"ORUPA",,,"",,Y,0,,0,N,0,,O,"",,"02/AKRISHNA TOWER 1ST FLOOR NAYAPALLI BHUBANESWAR",,"",,,,,,,,0,,,,,,0,0,,0,,,,0,0000-00-00,0000-00-00,0000-00-00,,,,,0,0,,no,,no,,,,
BH014,"ORUPA",,NULL,"NULL",,Y,0,,0,N,0,,O,"",,"02/AKRISHNA TOWER 1ST FLOOR NAYAPALLI BHUBANESWAR",,"",,,,,,,,0,,,,,,0,0,,0,,,,0,0000-00-00,0000-00-00,0000-00-00,,,,,0,0,,no,,no,,,,
BH015,"KALYAN KUMAR PADHI",,,"",,Y,0,,0,N,0,,O,"",,"H8/1 PANCHASAKHA NAGAR BHUBANESWAR 9437230819",,"",,,,,,,,0,,,,,,0,0,,0,,,,0,0000-00-00,0000-00-00,0000-00-00,,,,,0,0,,no,,no,,,,
BH015,"KALYAN KUMAR PADHI",,NULL,"NULL",,Y,0,,0,N,0,,O,"",,"H8/1 PANCHASAKHA NAGAR BHUBANESWAR 9437230819",,"",,,,,,,,0,,,,,,0,0,,0,,,,0,0000-00-00,0000-00-00,0000-00-00,,,,,0,0,,no,,no,,,,
BH016,"S.K.MISHRA",,,"",,Y,0,,0,N,0,,O,"",,"TATA BENZ SQUARE OPP.UTKAL AUTOMOBILES BERHAMPUR - 760005",,"",,,,,,,,0,,,,,,0,0,,0,,,,0,0000-00-00,0000-00-00,0000-00-00,,,,,0,0,,no,,no,,,,
BH016,"S.K.MISHRA",,NULL,"NULL",,Y,0,,0,N,0,,O,"",,"TATA BENZ SQUARE OPP.UTKAL AUTOMOBILES BERHAMPUR - 760005",,"",,,,,,,,0,,,,,,0,0,,0,,,,0,0000-00-00,0000-00-00,0000-00-00,,,,,0,0,,no,,no,,,,
BH017,"GOPIKISHAN KEDIA",,,"",,Y,0,,0,N,0,,O,"",,"C/O KEDIA & SONS KISHAN CHOWK BEHERA MALA9861353332",,"",,,,,,,,0,,,,,,0,0,,0,,,,0,0000-00-00,0000-00-00,0000-00-00,,,,,0,0,,no,,no,,,,
BH017,"GOPIKISHAN KEDIA",,NULL,"NULL",,Y,0,,0,N,0,,O,"",,"C/O KEDIA & SONS KISHAN CHOWK BEHERA MALA9861353332",,"",,,,,,,,0,,,,,,0,0,,0,,,,0,0000-00-00,0000-00-00,0000-00-00,,,,,0,0,,no,,no,,,,
BH018,"DIBYAJYOTI BARAL",,,"",,Y,0,,0,N,0,,O,"",,"PATRA PADA BARMUNDA BHUBANESWAR",,"",,,,,,,,0,,,,,,0,0,,0,,,,0,0000-00-00,0000-00-00,0000-00-00,,,,,0,0,,no,,no,,,,
BH018,"DIBYAJYOTI BARAL",,NULL,"NULL",,Y,0,,0,N,0,,O,"",,"PATRA PADA BARMUNDA BHUBANESWAR",,"",,,,,,,,0,,,,,,0,0,,0,,,,0,0000-00-00,0000-00-00,0000-00-00,,,,,0,0,,no,,no,,,,
BH019,"ARANYAK PATNAIK",,,"",,Y,0,,0,N,0,,O,"",,"109 SAHID NAGAR BHUBANESWAR ORISSA",,"",,,,,,,,0,,,,,,0,0,,0,,,,0,0000-00-00,0000-00-00,0000-00-00,,,,,0,0,,no,,no,,,,
BH019,"ARANYAK PATNAIK",,NULL,"NULL",,Y,0,,0,N,0,,O,"",,"109 SAHID NAGAR BHUBANESWAR ORISSA",,"",,,,,,,,0,,,,,,0,0,,0,,,,0,0000-00-00,0000-00-00,0000-00-00,,,,,0,0,,no,,no,,,,
BH022,"SAGAR FURNITURE",,,"",,Y,0,,0,N,0,,O,"",,"VIVEKANANDA MARG BALASORE",,"",,,,,,,,0,,,,,,0,0,,0,,,,0,0000-00-00,0000-00-00,0000-00-00,,,,,0,0,,no,,no,,,,
BH022,"SAGAR FURNITURE",,NULL,"NULL",,Y,0,,0,N,0,,O,"",,"VIVEKANANDA MARG BALASORE",,"",,,,,,,,0,,,,,,0,0,,0,,,,0,0000-00-00,0000-00-00,0000-00-00,,,,,0,0,,no,,no,,,,
BH023,"MR.A.PARIJA",,,"",,Y,0,,0,N,0,,O,"",,"MARKET BUILDING BHUBANESWAR",,"",,,,,,,,0,,,,,,0,0,,0,,,,0,0000-00-00,0000-00-00,0000-00-00,,,,,0,0,,no,,no,,,,
BH023,"MR.A.PARIJA",,NULL,"NULL",,Y,0,,0,N,0,,O,"",,"MARKET BUILDING BHUBANESWAR",,"",,,,,,,,0,,,,,,0,0,,0,,,,0,0000-00-00,0000-00-00,0000-00-00,,,,,0,0,,no,,no,,,,
BH024,"ASHOK KUMAR SAHOO",,,"",,Y,0,,0,N,0,,O,"",,"RANGOLI BHUBANESWAR",,"",,,,,,,,0,,,,,,0,0,,0,,,,0,0000-00-00,0000-00-00,0000-00-00,,,,,0,0,,no,,no,,,,
BH024,"ASHOK KUMAR SAHOO",,NULL,"NULL",,Y,0,,0,N,0,,O,"",,"RANGOLI BHUBANESWAR",,"",,,,,,,,0,,,,,,0,0,,0,,,,0,0000-00-00,0000-00-00,0000-00-00,,,,,0,0,,no,,no,,,,
BH025,"S.K.ENTERPRISERS",,,"",,Y,0,,0,N,0,,O,"",,"ASHOK NAGAR FIRST LANE BERHAMPUR",,"",,,,,,,,0,,,,,,0,0,,0,,,,0,0000-00-00,0000-00-00,0000-00-00,,,,,0,0,,no,,no,,,,
BH025,"S.K.ENTERPRISERS",,NULL,"NULL",,Y,0,,0,N,0,,O,"",,"ASHOK NAGAR FIRST LANE BERHAMPUR",,"",,,,,,,,0,,,,,,0,0,,0,,,,0,0000-00-00,0000-00-00,0000-00-00,,,,,0,0,,no,,no,,,,
BH026,"UMESH EARTH MOVERS & CONSTRUCTIONS",,,"",,Y,0,,0,N,0,,O,"",,"HIG-93 LUMBINIVIHAR CHANDRASEKHARPUR BHUBANESWAR",,"",,,,,,,,0,,,,,,0,0,,0,,,,0,0000-00-00,0000-00-00,0000-00-00,,,,,0,0,,no,,no,,,,
BH026,"UMESH EARTH MOVERS & CONSTRUCTIONS",,NULL,"NULL",,Y,0,,0,N,0,,O,"",,"HIG-93 LUMBINIVIHAR CHANDRASEKHARPUR BHUBANESWAR",,"",,,,,,,,0,,,,,,0,0,,0,,,,0,0000-00-00,0000-00-00,0000-00-00,,,,,0,0,,no,,no,,,,
BH027,"BINOD KUMAR SAHOO",,,"",,Y,0,,0,N,0,,O,"",,"BOLANGIR 9437030703",,"",,,,,,,,0,,,,,,0,0,,0,,,,0,0000-00-00,0000-00-00,0000-00-00,,,,,0,0,,no,,no,,,,
BH027,"BINOD KUMAR SAHOO",,NULL,"NULL",,Y,0,,0,N,0,,O,"",,"BOLANGIR 9437030703",,"",,,,,,,,0,,,,,,0,0,,0,,,,0,0000-00-00,0000-00-00,0000-00-00,,,,,0,0,,no,,no,,,,
BH028,"SARADA PRASHAD DAS",,,"",,Y,0,,0,N,0,,O,"",,"C.D.A.SECTOR-7 NEAR IPSAR COLLEGE CUTTACK",,"",,,,,,,,0,,,,,,0,0,,0,,,,0,0000-00-00,0000-00-00,0000-00-00,,,,,0,0,,no,,no,,,,
BH028,"SARADA PRASHAD DAS",,NULL,"NULL",,Y,0,,0,N,0,,O,"",,"C.D.A.SECTOR-7 NEAR IPSAR COLLEGE CUTTACK",,"",,,,,,,,0,,,,,,0,0,,0,,,,0,0000-00-00,0000-00-00,0000-00-00,,,,,0,0,,no,,no,,,,
BH029,"CONSTRUCTION ENTERPRISE",,,"",,Y,0,,0,N,0,,O,"",,"IDBI BANKBOLANGIR BRANCH KHATAL PARABOLANGIRORISSA PH-09437030616",,"",,,,,,,,0,,,,,,0,0,,0,,,,0,0000-00-00,0000-00-00,0000-00-00,,,,,0,0,,no,,no,,,,
BH029,"CONSTRUCTION ENTERPRISE",,NULL,"NULL",,Y,0,,0,N,0,,O,"",,"IDBI BANKBOLANGIR BRANCH KHATAL PARABOLANGIRORISSA PH-09437030616",,"",,,,,,,,0,,,,,,0,0,,0,,,,0,0000-00-00,0000-00-00,0000-00-00,,,,,0,0,,no,,no,,,,
BH030,"SIBANARAYAN MISHRA",,,"",,Y,0,,0,N,0,,O,"",,"M/155 KAPILPRASHAD BHIMTANGI BHUBANESWAR",,"",,,,,,,,0,,,,,,0,0,,0,,,,0,0000-00-00,0000-00-00,0000-00-00,,,,,0,0,,no,,no,,,,
BH030,"SIBANARAYAN MISHRA",,NULL,"NULL",,Y,0,,0,N,0,,O,"",,"M/155 KAPILPRASHAD BHIMTANGI BHUBANESWAR",,"",,,,,,,,0,,,,,,0,0,,0,,,,0,0000-00-00,0000-00-00,0000-00-00,,,,,0,0,,no,,no,,,,
BH031,"PRIYABRAT SAMAL",,,"",,Y,0,,0,N,0,,O,"",,"PLOT NO 4773 CHAKEISIANI BHUBANESWAR",,"",,,,,,,,0,,,,,,0,0,,0,,,,0,0000-00-00,0000-00-00,0000-00-00,,,,,0,0,,no,,no,,,,
BH031,"PRIYABRAT SAMAL",,NULL,"NULL",,Y,0,,0,N,0,,O,"",,"PLOT NO 4773 CHAKEISIANI BHUBANESWAR",,"",,,,,,,,0,,,,,,0,0,,0,,,,0,0000-00-00,0000-00-00,0000-00-00,,,,,0,0,,no,,no,,,,
BH039,"B.K.PATNAIK",,BHUBANESWAR,"BHUBANESWAR",,Y,0,,0,N,0,,O,"",,"PLOT NO 46/3 TYPE IV-BUNIT III BHUBANESWAR",,"",,,,,,,BHUBANESWAR,0,,,,,,0,0,,0,,,,0,0000-00-00,0000-00-00,0000-00-00,,,,,0,0,,no,,no,,,,
BH040,"SUBASH MOHARANA",,,"",,Y,0,,0,N,0,,O,"",,"BHUBANESWAR",,"",,,,,,,,0,,,,,,0,0,,0,,,,0,0000-00-00,0000-00-00,0000-00-00,,,,,0,0,,no,,no,,,,
BH040,"SUBASH MOHARANA",,NULL,"NULL",,Y,0,,0,N,0,,O,"",,"BHUBANESWAR",,"",,,,,,,,0,,,,,,0,0,,0,,,,0,0000-00-00,0000-00-00,0000-00-00,,,,,0,0,,no,,no,,,,
BH041,"ASISH KUMAR PRATIHARI",,BHUBANESWAR,"BHUBANESWAR",,Y,0,,0,N,0,,O,"",,"SAMATARAIPUR BHUBANESWAR",,"",,,,,,,BHUBANESWAR,0,,,,,,0,0,,0,,,,0,0000-00-00,0000-00-00,0000-00-00,,,,,0,0,,no,,no,,,,
BH042,"RAJEEV KARNANY",,,"",,Y,0,,0,N,0,,O,"",,"GANDARPUR CUTTACK 9437039222",,"",,,,,,,,0,,,,,,0,0,,0,,,,0,0000-00-00,0000-00-00,0000-00-00,,,,,0,0,,no,,no,,,,
BH042,"RAJEEV KARNANY",,NULL,"NULL",,Y,0,,0,N,0,,O,"",,"GANDARPUR CUTTACK 9437039222",,"",,,,,,,,0,,,,,,0,0,,0,,,,0,0000-00-00,0000-00-00,0000-00-00,,,,,0,0,,no,,no,,,,
BH044,"P K ACHARYA",,,"",,Y,0,,0,N,0,,O,"",,"378GGPBRAHMASWAR BANK COLONY PALASUNI CANAL ROAD BHUBANESWAR",,"",,,,,,,,0,,,,,,0,0,,0,,,,0,0000-00-00,0000-00-00,0000-00-00,,,,,0,0,,no,,no,,,,
BH044,"P K ACHARYA",,NULL,"NULL",,Y,0,,0,N,0,,O,"",,"378GGPBRAHMASWAR BANK COLONY PALASUNI CANAL ROAD BHUBANESWAR",,"",,,,,,,,0,,,,,,0,0,,0,,,,0,0000-00-00,0000-00-00,0000-00-00,,,,,0,0,,no,,no,,,,
BH047,"RAJENDRA PRASHAD BEHERA",,,"",,Y,0,,0,N,0,,O,"",,"836 MAHAVIR NAGAR JHARPADA BHUBANESWAR",,"",,,,,,,,0,,,,,,0,0,,0,,,,0,0000-00-00,0000-00-00,0000-00-00,,,,,0,0,,no,,no,,,,
BH047,"RAJENDRA PRASHAD BEHERA",,NULL,"NULL",,Y,0,,0,N,0,,O,"",,"836 MAHAVIR NAGAR JHARPADA BHUBANESWAR",,"",,,,,,,,0,,,,,,0,0,,0,,,,0,0000-00-00,0000-00-00,0000-00-00,,,,,0,0,,no,,no,,,,
BH048,"K C OJHA",,,"",,Y,0,,0,N,0,,O,"",,"PLOT NO 669/3 PRACHI VIHAR BHUBANESWAR",,"",,,,,,,,0,,,,,,0,0,,0,,,,0,0000-00-00,0000-00-00,0000-00-00,,,,,0,0,,no,,no,,,,
BH048,"K C OJHA",,NULL,"NULL",,Y,0,,0,N,0,,O,"",,"PLOT NO 669/3 PRACHI VIHAR BHUBANESWAR",,"",,,,,,,,0,,,,,,0,0,,0,,,,0,0000-00-00,0000-00-00,0000-00-00,,,,,0,0,,no,,no,,,,
BH051,"RAJESH SETHI",,BHBANESWAR,"BHBANESWAR",,Y,0,,0,N,0,,O,"",,"JANPATH BEHIND NOKIA CARE BHUBANESWAR",,"",,,,,,,BHBANESWAR,0,,,,,,0,0,,0,,,,0,0000-00-00,0000-00-00,0000-00-00,,,,,0,0,,no,,no,,,,
C010,"CHADHA PLYWOOD CO.",,NEW DELHI,"NEW DELHI",,Y,0,,0,N,0,,O,"",,"8931/1MULTANI DHANDA GAL PAHARGANJ",,"",,,,,,,NEW DELHI,0,,,,,,0,0,,0,,,,0,0000-00-00,0000-00-00,0000-00-00,,,,,0,0,,no,,no,,,,
C011,"CHANDALAL KALAYANMAL",+91-0141-250246,JAIPUR,"JAIPUR",S10314,Y,0,0,0,N,0,427,D,"",,"PLOT NO 26 DR RAJENDRA PRASAD           NAGAR GOPALPURA BYPASS",,"MAHAVEER JAIN",,,,,,AABFC2171P,JAIPUR,0,,,,,,0,0,,0,,,,0,0000-00-00,0000-00-00,0000-00-00,,,,302019,0,0,,,,,,,,
C060,"CITIBANK (DL 3CAP 1669)",,,"",,Y,0,,0,N,0,,O,"",,"",,"",,,,,,,,0,,,,,,0,0,,0,,,,0,0000-00-00,0000-00-00,0000-00-00,,,,,0,0,,no,,no,,,,
C061,"CITIBANK DL 3C AP 1691",,,"",,Y,0,,0,N,0,,O,"",,"",,"",,,,,,,,0,,,,,,0,0,,0,,,,0,0000-00-00,0000-00-00,0000-00-00,,,,,0,0,,no,,no,,,,
C062,"CITIBANK DL CP 1692",,,"",,Y,0,,0,N,0,,O,"",,"",,"",,,,,,,,0,,,,,,0,0,,0,,,,0,0000-00-00,0000-00-00,0000-00-00,,,,,0,0,,no,,no,,,,
C063,"CITI BANK DL2CAG4916",,,"",,Y,0,,0,N,0,,O,"",,"",,"",,,,,,,,0,,,,,,0,0,,0,,,,0,0000-00-00,0000-00-00,0000-00-00,,,,,0,0,,no,,no,,,,
C073,"CH. ATMARAM & SONS",,SONEPAT (HARYANA),"SONEPAT (HARYANA)",,Y,0,,0,N,0,,O,"",,"",,"",,,,,,,SONEPAT (HARYANA),0,,,,,,0,0,,0,,,,0,0000-00-00,0000-00-00,0000-00-00,,,,,0,0,,no,,no,,,,
C075,"CHOPRA TRADING.",,GURGAON (HARYANA),"GURGAON (HARYANA)",,Y,0,,0,N,0,,O,"",,"NEW RAJENDRA MARKET SIKANDURPUR BY PASS",,"",,,,,,,GURGAON (HARYANA),0,,,,,,0,0,,0,,,,0,0000-00-00,0000-00-00,0000-00-00,,,,,0,0,,no,,no,,,,
C076,"CAPITAL PLYWOOD",9568877000,SAHARANPUR,"Saharanpur",S10230,Y,0,0,0,N,0,448,O,"",,"4/2483 LINK ROAD OPP.VARDAN HOSPITAL",,"ABHISHEK SODHI",9568877000,,,,,AAJFC7951M,SAHARANPUR,0,,,abhishek.sondhi77@gmail.com,,,0,0,,0,,,,0,0000-00-00,0000-00-00,0000-00-00,,,,247001,0,0,,,,,,,,
C079,"CHITRA INFRASTRUCTURE PVT LTD.",,,"",,Y,0,,0,N,0,,O,"",,"BHUBANESWAR SITE AT:-MATHANI ISPAT PLANT DUBURI",,"",,,,,,,,0,,,,,,0,0,,0,,,,0,0000-00-00,0000-00-00,0000-00-00,,,,,0,0,,no,,no,,,,
C079,"CHITRA INFRASTRUCTURE PVT LTD.",,NULL,"NULL",,Y,0,,0,N,0,,O,"",,"BHUBANESWAR SITE AT:-MATHANI ISPAT PLANT DUBURI",,"",,,,,,,,0,,,,,,0,0,,0,,,,0,0000-00-00,0000-00-00,0000-00-00,,,,,0,0,,no,,no,,,,
C1014,"CHABRA TRADING CO.",,DELHI,"DELHI",,Y,0,,0,N,0,,O,"",,"412-A/2 IST FLOOR JHEEL KHUREJI",,"",,,,,,,DELHI,0,,,,,,0,0,,0,,,,0,0000-00-00,0000-00-00,0000-00-00,,,,,0,0,,no,,no,,,,
C1018,"CHOICE INTERIOR & ART SHOPPE",,NEW DELHI,"NEW DELHI",,Y,0,,0,N,0,,P,"",,"WZ-276A MADI PUR",,"",,,,,,AADFT3464E,NEW DELHI,0,,,,,,0,0,,0,,,,0,0000-00-00,0000-00-00,0000-00-00,,,,,0,0,,no,,no,,,,
C1038,"CHAWLA PLYWOODS",9814721197,JALLANDHER,"JALLANDHER",,Y,6000000,60,0,N,0,454,O,"",,"NR.WADALA CHOWKOPP.HAMILTON TOWERNAKODAR ROAD",,"",,,,,,AAGFC5948K,JALLANDHER,0,,,chawlabrothers@yahoo.com,,,0,0,,0,,,,0,0000-00-00,0000-00-00,0000-00-00,,,,144001,0,0,,no,,no,,,,
C1041,"CHANDRA TRADING",,NAHARKATIA,"NAHARKATIA",,Y,0,,0,N,0,,O,"",,"P.O. NAHARKATIA DIST DIBRUGARH ASSAM",,"",,,,,,,NAHARKATIA,0,,,,,,0,0,,0,,,,0,0000-00-00,0000-00-00,0000-00-00,,,,,0,0,,no,,no,,,,
C1047,"CAPITAL RESIDENCES (P) LTD.",,NEW DELHI,"NEW DELHI",,Y,0,30,0,N,0,,P,"",,"C-96 PANCHSHEEL ENCLAVE",,"",,,,,,,NEW DELHI,0,,,,,,0,0,,0,,,,0,0000-00-00,0000-00-00,0000-00-00,,,,,0,0,,no,,no,,,,
C1071,"COAST TO COAST DESIGNS PVT LTD",9811449059,DELHI,"DELHI",,Y,0,30,0,N,0,,O,"",,"203-208 ADITYA CHAMBER D-BLOCKCENTRAL MARKET PRASHANT VIHAR",,"",,,,,,AADCC2313C,DELHI,0,,,nandan@coasttocoast.in,,,0,0,,0,,,,0,0000-00-00,0000-00-00,0000-00-00,,,,,0,0,,no,,no,,,,
C1073,"CHARBHUJA TIMBER",9414110766,BHILWARA,"BHILWARA",S10173,Y,2000000,45,0,N,0,427,D,"",,"OPP. BEEJ GODOWN AZAD NAGAR OLD BUS STAND",,"ARVIND RATHI",9660411906,,,,,AAOPR4171M,BHILWARA,0,,,charbhujatimbers2008@gmail.com,,,0,0,,0,,,,0,0000-00-00,0000-00-00,0000-00-00,,,,311001,0,0,,,,,,,,
C1079,"CHARANJIT SINGH & SONS",9855540283,KAPURTHALA,"KAPURTHALA",S10313,Y,500000,0,0,N,0,454,D,"",,"PHUWARA CHOWKFURNITURE MARKET",,"PARMINDER",,,,,,ALNPS8296A,KAPURTHALA,0,,,singh.parminder0987@gmail.com,,,0,0,,0,,,,0,0000-00-00,0000-00-00,0000-00-00,,,,,0,0,,no,,no,,,,
C1085,"CHINTPURNI TRADING CO",,GHAZIABAD,"GHAZIABAD",,Y,0,45,0,N,0,,P,"",,"141 NAVYUG MARKET HAPUR ROAD",,"MANOJ GUPTA",,,,,,,GHAZIABAD,0,,,mgmanojgupta766@gmail.com,,,0,0,,0,,,,0,0000-00-00,0000-00-00,0000-00-00,,,,,0,0,,no,,no,,,,
C1104,"COAST TO COAST DESIGNS PVT. LTD.",9811449059,NATHUPUR SONEPAT,"NATHUPUR ,SONEPAT",S10056,Y,1000000,30,0,N,0,451,O,"",,"KH.NO.7/21/1/1 & 7/21/2/1 NATHUPUR VILLAGEDISTT. SONEPAT",,"VINEET AGARWAL",,,,,,AADCC2313C,NATHUPUR,0,,,sandeep@coasttocoast.in,,,0,0,,0,,,,0,0000-00-00,0000-00-00,0000-00-00,,,,131028,0,0,,,,no,,,,
C1104,"COAST TO COAST DESIGNS PVT. LTD.",9811449059,NATHUPUR,"NATHUPUR",S10056,Y,1000000,30,0,N,0,451,O,"",,"KH.NO.7/21/1/1 & 7/21/2/1 NATHUPUR VILLAGEDISTT. SONEPAT",,"VINEET AGARWAL",,,,,,AADCC2313C,NATHUPUR,0,,,sandeep@coasttocoast.in,,,0,0,,0,,,,0,0000-00-00,0000-00-00,0000-00-00,,,,131028,0,0,,,,no,,,,
C1115,"CALI LABS PVT LTD",,BHOPAL,"BHOPAL",,Y,500000,30,0,N,0,446,O,"",,"HX 21 E-7 ARERA COLONY",,"",,,,,,AABCC4713G,BHOPAL,0,,,,,,0,0,,0,,,,0,0000-00-00,0000-00-00,0000-00-00,,,,462016,0,0,,no,,no,,,,
C1117,"CRAFTSMEN",9810044490,RUDRAPUR,"RUDRAPUR",,Y,0,0,0,N,0,,O,"",,"PLOT NO.60SECTOR-6 DISSUDHAMSING NAGAR India",,"",,,,,,AACFC9432C,RUDRAPUR,0,,,prakashbhakuni@craftsmenworks.com,,,0,0,,0,,,,0,0000-00-00,0000-00-00,0000-00-00,,,,,0,0,,no,,no,,,,
C1118,"CHOUDHARY GLASS & PLYWOOD CO.",9818313397,NEW DELHI,"NEW DELHI",S10042,Y,0,30,0,N,0,441,O,"",,"69/1BLOCK-2WHS KIRTI NAGAR",,"K.C.CHOPRA",,,,,,AADPC9160G,NEW DELHI,0,,,mohitchopra28@yahoo.com,,,0,0,,0,,,,0,0000-00-00,0000-00-00,0000-00-00,,,,110015,0,0,no,no,,no,,,,
C1127,"COSMO INTERNATIONAL",09711601242,NEW DELHI,"NEW DELHI",S10008,Y,500000,45,0,N,0,441,P,"",,"SHOP NO.1H.NO.12ND FLOOR GORA MOHALLA AYA NAGAR",,"",,,,,,AAIFC3463H,NEW DELHI,0,,,shashi@alsorg.com,,,0,0,,0,,,,0,0000-00-00,0000-00-00,0000-00-00,,,,110047,0,0,no,no,,no,,,,
C1129,"CHOKSI LABORATORIES LTD.",7314243888,INDORE,"INDORE",,Y,0,30,0,N,0,446,O,"",,"6/3 MANORAMAGANJ",,"",,,,,,AABCC2523L,INDORE,0,,,,,,0,0,,0,,,,0,0000-00-00,0000-00-00,0000-00-00,,,,452001,0,0,,no,,no,,,,
C1132,"COLLEAGUES INFRA",9958577222,FARIDABAD,"Faridabad",S10008,Y,0,0,0,N,0,441,P,"",,"4805ACHIEVER BUILDERS SOCIETY SECTOR -49",,"",,,,,,AAHFC4354N,FARIDABAD,0,,,kuldeep@achieversbuilders.com,,,0,0,,0,,,,0,0000-00-00,0000-00-00,0000-00-00,,,,121001,0,0,no,no,,no,,,,
C1136,"CHITSONS DESIGN SPACE LTD.",,NEW DELHI,"NEW DELHI",S10008,Y,0,0,0,N,0,441,P,"",,"DELHI AEROCITYHOTEL PRIDE ASSEST HOSPITALITY DISTRICTIGI AIRPORT",,"",,,,,,AADCC7686C,NEW DELHI,0,,,,,,0,0,,0,,,,0,0000-00-00,0000-00-00,0000-00-00,,,,110037,0,0,no,no,,no,,,,
C1139,"C&C CONSTRUCTIONS LTD.",09818137487,GURGAON,"GURGAON",S10008,Y,0,0,0,N,0,441,P,"",,"PLOT NO.70SECTOR-32",,"",,,,,,AAACC4543R,GURGAON,0,,,jasbir@candcinfrastructure.com,,,0,0,,0,,,,0,0000-00-00,0000-00-00,0000-00-00,,,,122001,0,0,no,no,,no,,,,
C1141,"CREATIVE CERAMICS.",7870336767,JAMSHEDPUR,"JAMSHEDPUR",,Y,0,30,0,N,0,222,D,"",,"SHOP NO 4HEAVEN PALACE BEHIND M.P.TOWERADITYAPUR",,"ABHISHEK KABRA",6576452511,,,,,AAIFC7468G,JAMSHEDPUR,0,,,creativeceramics@live.com,,,0,0,,0,,,,0,0000-00-00,0000-00-00,0000-00-00,,,,831013,0,0,,no,,no,,,,
C1142,"CREATIVE INDIA INFRA-CONTRACTS PVT. LTD.",,JAIPUR,"JAIPUR",,Y,0,0,0,N,0,,P,"",,"B-80 RAMAN MARGTILAK NAGAR",,"",01044002454,,,,,AADCC2506K,JAIPUR,0,,,creative.india09@gmail.com,,,0,0,,0,,,,0,0000-00-00,0000-00-00,0000-00-00,,,,302004,0,0,,no,,no,,,,
C1153,"CREATIVE INTERIOR & FURNISHERS",9810449285,FARIDABAD,"Faridabad",S10153,Y,0,45,0,N,0,441,P,"",,"PLOT NO.187SECTOR-59 HUDA IND.AREA",,"",,,,,,AGTPD0518K,FARIDABAD,0,,,creativeinterior73@gmail.com,,,0,0,,0,,,,0,0000-00-00,0000-00-00,0000-00-00,,,,121001,0,0,no,no,,no,,,,
C1157,"CYNOSURE",9810273116,NEW DELHI,"NEW DELHI",S10008,Y,0,0,0,N,0,441,P,"",,"E-235KRISHNA VIHAR  India",,"",,,,,,ADFPC7620J,NEW DELHI,0,,,stcramamarket@gmail.com,,,0,0,,0,,,,0,0000-00-00,0000-00-00,0000-00-00,,,,DELHI,0,0,no,no,,no,,,,
C1159,"CV & CO",9246497476,VIJAYAWADA,"VIJAYAWADA",,Y,200000,30,0,N,0,,S,"M1295",,"CMR RESIDENCY SURYA RAO PETA India",,"",,,,,,,VIJAYAWADA,0,,,chvenkat444@gmail.com,,,0,0,,0,,,,0,0000-00-00,0000-00-00,0000-00-00,,,,,0,0,,no,,no,,,,
C1160,"CHINTAN PLYWOOD",9821032268,MUMBAI,"MUMBAI",,Y,2500000,30,0,N,0,331,O,"",,"Ghaswala EstateS.V.Road Jogeshwari (W)",,"",,,,,,,Mumbai,0,,,chintanplywood@gmail.com,,,0,0,,0,,,,0,0000-00-00,0000-00-00,0000-00-00,,,,400063,0,0,,no,,no,,,,
C1165,"CLASSIC PLY HOUSE",9431637126,RAXAUL,"RAXAUL",,Y,500000,30,0,N,0,219,D,"",,"LOHAPATTIRAXAULIndia",,"VIJAY CHAURASIYA",,,,,,ANEPC300J,RAXAUL,0,,,no email,,,0,0,,0,,,,0,0000-00-00,0000-00-00,0000-00-00,,,,845305,0,0,,no,,no,,,,
C1178,"CHANDRIKA SAW MILL & PLYWOOD",09423778595,JALGAON,"JALGAON",,Y,0,30,0,N,0,331,O,"",,"521 JOSHI PETHIndia",,"PRADIP GANGWAL",,,,,,AAVPP2004L,JALGAON,0,,,ganwalpradeep919@gmail.com,,,0,0,,0,,,,0,0000-00-00,0000-00-00,0000-00-00,,,,425001,0,0,,no,,no,,,,
C1180,"CHAMPAK SINH RANUBHA",9824242196,RAJKOT,"RAJKOT",,Y,0,30,0,N,0,,O,"",,"VILLAGE PADAVLA TALUKA KOTDA SANGANI",,"",,,,,,AHYPJ7552R,RAJKOT,0,,,,,,0,0,,0,,,,0,0000-00-00,0000-00-00,0000-00-00,,,,,0,0,,no,,no,,,,
C1182,"CITIZEN INDUSTRIES",9108001454,Bangalore,"BANGALORE",,Y,3000000,60,0,N,0,553,O,"",,"Survey # 85 Industrial Plot No.33A34C KIADB RoadIndia",,"SARAVANA SELVAN",,,,,,AAVPM5024D,Bangalore,0,,,saravana@citizenindia.com,,,0,0,,0,,,,0,0000-00-00,0000-00-00,0000-00-00,,,,562114,0,0,,no,,no,,,,
C1186,"CHINTAMANI PLYWOOD",9423778595,Aurangabad,"AURANGABAD",,Y,0,30,0,N,0,331,O,"",,"9 AGARWAL PLAZA JALNA ROADSFS COMPOUND NYAY NAGARIndia",,"PRADEEP GANGWAL",,,,,,AAGFC6844C,AURANGABAD,0,,,gangwalpradeep919@gmail.com,,,0,0,,0,,,,0,0000-00-00,0000-00-00,0000-00-00,,,,431005,0,0,,no,,no,,,,
C1192,"CHITRA HANDICRAFT",9314883530,JAIPUR,"JAIPUR",,Y,5000000,45,0,N,0,,D,"",,"A-213SUNDER NAGAR200 FT.BYPASSAJMER ROADIndia",,"SEEMA CHOTIA",,,,,,ANWPS7272D,JAIPUR,0,,,pkchotia933@gmail.com,,,0,0,,0,,,,0,0000-00-00,0000-00-00,0000-00-00,,,,302019,0,0,,no,,no,,,,
C1197,"CAPITAL GLASS HOUSE",9568877000,SAHARANPUR,"Saharanpur",,Y,1000000,45,0,N,0,448,D,"",,"40-ABNEHRU MARKET  India",,"ANURADHA SODHI",,,,,,AHNPS9568H,SAHARANPUR,0,,,abhishek.sodhi77@gmail.com,,,0,0,,0,,,,0,0000-00-00,0000-00-00,0000-00-00,,,,247001,0,0,,,,no,,,,
C1198,"CUBOID INFRASTRUCTURE",9840390296,SOLAN,"SOLAN",,Y,0,0,0,N,0,,P,"",,"HARI NIWAS BTPASS ROAD",,"PRIYA SINGH",,,,,,AAFFC4576Q,SOLAN,0,,,gopi@cuboidindia.com,,,0,0,,0,,,,0,0000-00-00,0000-00-00,0000-00-00,,,,,0,0,,no,,no,,,,
C1200,"CH. K. KISHORE KUMAR JAIN",8003103030,BHINMAL,"BHINMAL",S01700,Y,0,30,0,N,0,554,O,"",,"MAGH COLONY BHINMAL JALORE DISTRICT",,"CH.K.KIRSHORE KUMAR JAIN",,,,,,AGNPJ3045K,BHINMAL,0,,,ms@agrawalgrp.com,,,0,0,,0,,,,0,0000-00-00,0000-00-00,0000-00-00,,,,,0,0,,no,,no,,,,
C1205,"CLASSIC ENGINEERS.",9560934545,SAMBA,"SAMBA",,Y,0,0,0,N,0,,P,"",,"MOMATHGHAGWAL  India",,"BHANU BHATT",,,,,,AABPT9675R,SAMBA,0,,,bhanu.bhatt@classicengineers.in,,,0,0,,0,,,,0,0000-00-00,0000-00-00,0000-00-00,,,,,0,0,,no,,no,,,,
C1206,"CLASSIC ENGINEERS",9560934545,GURGAON ( E ),"GURGAON ( E )",,Y,0,0,0,N,0,,P,"",,"PLOT NO.183 MARUTI UDYOG LTD. India",,"BHANU BHATT",,,,,,AABPT9675R,GURGAON ( E ),0,,,bhanu.bhatt@classicengineers.in,,,0,0,,0,,,,0,0000-00-00,0000-00-00,0000-00-00,,,,,0,0,,no,,no,,,,
C1210,"CORPSON ENTERPRISES",9822102185,SALCETE,"SALCETE",S10223,Y,2000000,60,0,N,0,553,D,"",,"# 9 Lake Plaza Opp Nehru Stadium Fatorda Margao India",,"VISHWESH KARPE",,,,,,AFMPK4404P,Salcete,0,,,karpevishwesh@gmail.com,,,0,0,,0,,,,0,0000-00-00,0000-00-00,0000-00-00,,,,,0,0,,no,,no,,,,
C1214,"CONSTRUCTION POINT",9413353344,KOTA,"KOTA",,Y,600000,45,0,N,0,,D,"",,"1 KA 13 TEACHERS COLONYRANGBARI MAIN ROAD KESHAVPURA",,"VINOD SINGRIYA",07442400410,,,,,BDSPS5821B,KOTA,0,,,singriyavinod@gmail.com,,,0,0,,0,,,,0,0000-00-00,0000-00-00,0000-00-00,,,,324005,0,0,,no,,no,,,,
C1216,"CASHDEV ASSOCIATES",9036524918,Bangalore,"BANGALORE",,Y,2000000,60,0,N,0,553,O,"",,"# 21 5th Cross Yelchenahalli Opp. Supreme Leather Garments India",,"GIRI GOWDA",,,,,,AAJFC2928G,Bangalore,0,,,cashdevassociates@gmail.com,,,0,0,,0,,,,0,0000-00-00,0000-00-00,0000-00-00,,,,560078,0,0,,,,,,,,
C1218,"CHOLA PLY HOME",9621555559,LUCKNOW,"LUCKNOW",,Y,700000,30,0,N,0,,D,"",,"54 MANGALPURIFAIZABAD ROADIndia",,"AKASH CHOLA",,,,,,AMYPC6193J,LUCKNOW,0,,,cholaakash001@gmail.com,,,0,0,,0,,,,0,0000-00-00,0000-00-00,0000-00-00,,,,226016,0,0,,no,,no,,,,
C1233,"CHANDRA SHOBHA ENTERPRISES",9161915862,JAUNPUR,"JAUNPUR",,Y,0,0,0,N,0,,D,"",,"RUHATTAIN FRONT OF NATIONAL INSURENCEIndia",,"AKHILESH CHANDRA JAISWAL",,,,,,APNPC8154K,JAUNPUR,0,,,chandrashobhaenterprises@gmail.com,,,0,0,,0,,,,0,0000-00-00,0000-00-00,0000-00-00,,,,222002,0,0,,no,,no,,,,
C1239,"CENTURY PLYBOARDS INDIA LTD",9992700541,KARNAL,"KARNAL",,Y,0,0,0,N,0,,O,"",,"VILL: GANGER RAMBHA ROAD TARAORI KARNAL",,"SANTOSH",,,,,,AABCC1682J,KARNAL,0,,,santosh@centurykarnal.com,,,0,0,,0,,,,0,0000-00-00,0000-00-00,0000-00-00,,,,,0,0,,no,,no,,,,
C1243,"CONSOLIDATED CONSTRUCTION CONSORTIUM LTD.",9650832327,DEHRADUN,"DEHRADUN",,Y,0,30,0,N,0,,P,"",,"ONGC-TEL BHAVAN NEAR DUN SCHOOL",,"NARAYAN MURLI",,,,,,AAACC4214B,DEHRADUN,0,,,prodro@ccclindia.com,,,0,0,,0,,,,0,0000-00-00,0000-00-00,0000-00-00,,,,,0,0,,no,,no,,,,
C1250,"CHARAN DAS ANIL KUMAR",9012824920,MEERUT,"MEERUT",,Y,0,0,0,N,0,,D,"",,"HASTINAPUR ROAD MAWANA India",,"ANIL KUMAR SACHDEVA",,,,,,AOOPS3984B,MEERUT,0,,,sachdeva.ar87@gmail.com,,,0,0,,0,,,,0,0000-00-00,0000-00-00,0000-00-00,,,,,0,0,,no,,no,,,,
C1256,"CENTURY PLYWOOD",9435071172,SILCHAR,"SILCHAR",S01825,Y,1000000,30,0,N,0,215,D,"",,"HOSPITAL ROAD OPP- HOLY CHILD SCHOOL India",,"ANKIT AJMERA",9864472990,,,,,AAMFC7615F,SILCHAR,0,,,bimal8626silchar@gmail.com,,,0,0,,0,,,,0,0000-00-00,0000-00-00,0000-00-00,,,,788005,0,0,,,,no,,,,
C1262,"CHARU TRADING COMPANY",9660696969,JAIPUR,"JAIPUR",,Y,0,0,0,N,0,,D,"",,"121315GANESH VIHARJANPAT ROADSHYAM NAGAR",,"SHUSHIL KR.GUPTA",9829050302,,,,,AAKFC0273F,JAIPUR,0,,,charumetal@yahoo.co.in,,,0,0,,0,,,,0,0000-00-00,0000-00-00,0000-00-00,,,,302019,0,0,,no,,no,,,,
C1271,"CLASSIC CREATIONS",9839128958,LUCKNOW,"LUCKNOW",S10221,Y,0,0,0,N,0,447,D,"",,"ASHOP NO.-83 AGRASEN NAGAR TARI KHANA NR BESAN FACTORY STN RD",,"ASHOK KUMAR AGARWAL",,,,,,ABWPA3175B,LUCKNOW,0,,,classic_creationlko@yahoo.co.in,,,0,0,,0,,,,0,0000-00-00,0000-00-00,0000-00-00,,,,226024,0,0,,,,,,,,
C1282,"CASH SALE - KOLKATA",9999999999,KOLKATA,"KOLKATA",,Y,20000,30,0,N,0,221,O,"",,"",,"0",,,,,,XXXXX9999X,KOLKATA,0,,,0,,,0,0,,0,,,,0,0000-00-00,0000-00-00,0000-00-00,,,,700016,0,0,,no,,no,,,,
C1284,"CHALO INTERNATIONAL PVT. LTD.",8958200058,HALDWANI,"HALDWANI",S10230,Y,0,0,0,N,0,448,D,"",,"SAMTA ASHRAM GALI RAMPURA ROAD",,"BHAWESH NARULA",,,,,,AAGCC0582N,HALDWANI,0,,,director@chalointernational.com,,,0,0,,0,,,,0,0000-00-00,0000-00-00,0000-00-00,,,,263139,0,0,,no,,no,,,,
C1290,"CHIRAG TRADING COMPANY",9828174404,SAGWARA,"SAGWARA",S10109,Y,0,0,0,N,0,427,O,"",,"OBRISAGWARAOBRIDUNGARPUR",,"CHIRAG KUMAR KALAL",,,,,,BCMPK8928E,SAGWARA,0,,,0,,,0,0,,0,,,,0,0000-00-00,0000-00-00,0000-00-00,,,,314401,0,0,,no,,no,,,,
C1292,"COAST TO COAST DESIGNS PVT.LTD.PLANT-2",9873556165,SONEPAT,"SONEPAT",,Y,0,0,0,N,0,451,O,"",,"KH.NO.38/7/2/17/129/24/124/2 REVENUE ESTATENATHUPUR VILLAGE",,"VENEET AGARWAL",,,,,,AADCC2313C,SONEPAT,0,,,sandeep@coasttocoast.in,,,0,0,,0,,,,0,0000-00-00,0000-00-00,0000-00-00,,,,131029,0,0,,,,no,,,,
C1295,"CHHABRA PLY",9584755555,BILASPUR,"Bilaspur",S10014,Y,0,0,0,N,0,420,D,"",,"AGMAL CHOWK DAYALBAND",,"SURENDAR SINGH CHHABRA",,,,,,ABYPC4730G,BILASPUR,0,,,chhabrass123@gmail.com,,,0,0,,0,,,,0,0000-00-00,0000-00-00,0000-00-00,,,,495004,0,0,,no,,no,,,,
C1296,"COLLAB MERCHANDISE PRIVATE LIMITED",9811413436,MOHALI,"MOHALI",S10015,Y,0,0,0,N,0,443,O,"",,"SCO-519 SILVER ENCLAVE FATEHULLAPUR SAS NAGAR",,"ARJUN MALHOTRA",,,,,,AAICC4085A,MOHALI,0,,,arjun@collabmarketing.co.in,,,0,0,,0,,,,0,0000-00-00,0000-00-00,0000-00-00,,,,140301,0,0,,no,,no,,,,
C1299,"CHIRANJIV NATOOBHAI PATEL",9824936237,VADODARA,"VADODARA",,Y,0,0,0,N,0,332,O,"",,"LOTUS RESIDENCY KHANPUR-SEVASI ROAD SEVASI",,"JATINBHAI",,,,,,AFNPP2152A,VADODARA,0,,,karanenterprise@gmail.com,,,0,0,,0,,,,0,0000-00-00,0000-00-00,0000-00-00,,,,391101,0,0,,,,no,,,,
C1306,"CHAUDHARY PLYWOOD",8299308297,AMBEDKAR NAGAR,"AMBEDKAR NAGAR",S10221,Y,0,0,0,N,0,447,O,"",,"309 CHAJJAPUR SOUTH TANDA AMBEDKAR NAGAR",,"ABDUL HABEEB",,,,,,AFPPH0192A,AMBEDKAR NAGAR,0,,,abdulhabeeb7080@gmail.com,,,0,0,,0,,,,0,0000-00-00,0000-00-00,0000-00-00,,,,224190,0,0,,,,,,,,
C1313,"CHATURVEDI HARDWARE & PLYWOOD STORE",9672180777,JHUNJHUNU,"JHUNJHUNU",D10350,Y,0,0,0,N,0,443,D,"",,"KHETRI ROAD SINGHANA BUHANA",,"PANKAJ",,,,,,CIBPP8437R,JHUNJHUNU,0,,,pankajchaturvedi007@gmail.com,,,0,0,,0,,,,0,0000-00-00,0000-00-00,0000-00-00,,,,333516,0,0,,,,,,,,
C1323,"CENTURY UDYOG",9864472990,SILCHAR,"SILCHAR",S01825;D02014,Y,1200000,30,0,N,0,215,D,"",,"HOSPITAL ROADHOSPITAL ROAD CACHAR ASSAM",,"ANKIT AJMERA",9864472990,,,,,AAPFC8351F,SILCHAR,0,,,ankit.ajmera2a@gmailcom,,,0,0,,0,,,,0,0000-00-00,0000-00-00,0000-00-00,,,,788005,0,0,,,,,,,,
C1328,"CENTURY PLYWOOD & DECORATIVES",9837067879,HAPUR,"HAPUR",S10230,Y,0,0,0,N,0,448,O,"",,"1 SAKET GARH ROAD",,"UMA AGARWAL",,,,,,AGYPA2694N,HAPUR,0,,,shntn.grwl11@gmail.com,,,0,0,,0,,,,0,0000-00-00,0000-00-00,0000-00-00,,,,245101,0,0,,,,,,,,
C1337,"CAREER SOCIETY",9752717096,BHOPAL,"BHOPAL",S01883,Y,1000000,30,0,N,0,446,P,"",,"D-SECTOR GOVINDPURA CAREER SOCIETY BHEL",,"HARISH DONGRE",,,,,,AAAAC4147M,BHOPAL,0,,,HDONGRE96@GMAIL.COM,,,0,0,,0,,,,0,0000-00-00,0000-00-00,0000-00-00,,,,462023,0,0,,,,,,,,
C134,"CHIRAG AGARWAL",,,"",,Y,0,,0,N,0,,O,"",,"NEW DELHI",,"",,,,,,,,0,,,,,,0,0,,0,,,,0,0000-00-00,0000-00-00,0000-00-00,,,,,0,0,,no,,no,,,,
C1348,"CITY MOTORS",9425009887,BHOPAL,"BHOPAL",D02049,Y,1500000,30,0,N,0,446,P,"",,"R 84 ZONE - 2 M. P NAGAR",,"ANAND SHIVSANKARAN RAMAKULATH",,,,,,AAFFC2640H,BHOPAL,0,,,citymotors.bhopal.shweta@gmail.com,,,0,0,,0,,,,0,0000-00-00,0000-00-00,0000-00-00,,,,462011,0,0,,,,,,,,
C1349,"CHAHAT PLY",7903475036,DHANBAD,"DHANBAD",D01932,Y,0,0,0,N,0,222,O,"",,"SHYAMDIH MORE NEAR SHIV PLAZA           KATRAS",,"MD. WASIM",,,,,,,DHANBAD,0,,,mdwasimguddu786@gmail.com,,,0,0,,0,,,,0,0000-00-00,0000-00-00,0000-00-00,,,,828113,0,0,,,,,,,,
C1354,"CENTURY PLYBOARDS (INDIA) LIMITED",8588876607,NEW DELHI,"NEW DELHI",,Y,0,0,0,N,0,441,O,"",,"KHASRA NO-58/18 MIN (1-13)              Village Mundka. P.O. Nangloi New Delhi",,"NAGENDER KUMAR",,,,,,AABCC1682J,NEW DELHI,0,,,NAGENDER.KUMAR@CENTURYPLY.COM,,,0,0,,0,,,,0,0000-00-00,0000-00-00,0000-00-00,,,,110041,0,0,,,,,,,,
C1358,"CENTRAL SAW MILLS",9433388810,KOLKATA,"KOLKATA",S01519,Y,0,0,0,N,0,457,D,"",,"29 D. D. C ROAD",,"DIPESH PATEL",,,,,,AJDPP5331P,KOLKATA,0,,,dipeshpatelkolkata@gmail.com,,,0,0,,0,,,,0,0000-00-00,0000-00-00,0000-00-00,,,,700074,0,0,,,,,,,,
C1365,"CROSS ANGLE INTERIOR",9304853659,JAMSHEDPUR,"JAMSHEDPUR",D01932,Y,0,0,0,N,0,222,O,"",,"HOUSE No.02 ANGEL GUEST HOUSE KASIDIH		 ROAD NO.13 KASHIDIH SAKCHI JAMSHEDPUR",,"SHRIKANT KUMAR SHARMA",,,,,,EXAPS8107M,JAMSHEDPUR,0,,,crossangleinteriors@gmail.com,,,0,0,,0,,,,0,0000-00-00,0000-00-00,0000-00-00,,,,831001,0,0,,,,,,,,
C1366,"CHEM - MART",9899412344,ROHTAK,"ROHTAK",,Y,0,0,0,N,0,441,O,"",,"VAKYA MOUJA KHERI                       DEKHORA ROAD                            SAMPLA",,"Mr. RAJENDER MITTAL",,,,,,AAGPM2833H,ROHTAK,0,,,rajendermittal27@gmail.com,,,0,0,,0,,,,0,0000-00-00,0000-00-00,0000-00-00,,,,124001,0,0,,,,,,,,
C1377,"CONVI DOMESTICS",8789171013,RANCHI,"RANCHI",D02112,Y,0,0,0,N,0,222,D,"",,"55 INDUSTRIAL AREA 						               KOKAR",,"NISHAT NAIYER",,,,,,BEJPN4349R,RANCHI,0,,,instadecor.in@gmail.com,,,0,0,,0,,,,0,0000-00-00,0000-00-00,0000-00-00,,,,834001,0,0,,,,,,,,
C1394C,"CRAFT INTERIORS",8700782255,GHAZIABAD,"GHAZIABAD",S10042,Y,0,0,0,N,0,441,O,"",,"KNO - 163 SHAH ENCLAVE RAMESHWAR PARK  LONI DEHAT BUS STOP RAM PARK EXTENSION  LONI GHAZIABAD",,"MOHD IRFAN",,,,,,AFQPI0654F,GHAZIABAD,0,,,craftinteriors2024@gmail.com,,,0,0,,0,,,,0,1971-01-01,1971-01-01,1971-01-01,,,,201102,0,0,no,no,no,no,,,,
C1395,"CAPITAL DISTRIBUTORS",9831822826,Howrah,"HOWRAH",D02133,Y,0,0,0,N,0,457,O,"",,"GROUND FLOOR. 20 SWAPNALOK APPARTMENT   SALKIA SCHOOL ROAD SALKIA HOWRAH",,"NANDA KISHORE AGARWALLA",,,,,,AAOPA1369E,HOWRAH,0,,,akash@agarwalla.in,,,0,0,,0,,,,0,1971-01-01,1971-01-01,1971-01-01,,,,711106,0,0,no,no,no,no,,,,
C1397,"CITY PLY AND HARDWARE",9610615000,HANUMANGARH,"HANUMANGARH",D10465,Y,0,0,0,N,0,427,D,"",,"SHOP NO 240 GENERAL MARKET        HANUMANGARH TOWN",,"BANEET GARG",,,,,,AALFC4694B,HANUMANGARH,0,,,rgbaneet@gmail.com,,,0,0,,0,,,,0,1971-01-01,1971-01-01,1971-01-01,,,,335513,0,0,no,no,no,no,,,,
C1403,"CHARANJIT SINGH & SONS",9855540283,KAPURTHALA,"KAPURTHALA",S10198,Y,0,0,0,N,0,454,O,"",,"NEAR PHUWARA CHOWK",,"CHARANJIT SINGH",,,,,,ALNPS8296A,KAPURTHALA,0,,,Singh.parminder0987@gmail.com,,,0,0,,0,,,,0,1971-01-01,1971-01-01,1971-01-01,,,,144601,0,0,no,no,no,no,,,,
C1405,"CITY DECOR",9439799565,CUTTACK,"CUTTACK",D02205,Y,0,0,0,N,0,216,D,"",,"KHATA NO 669 HOLDING NO 38 WORD NO 27   PLOT NO 1042 JOBRA CUTTACK",,"",,,,,,AAIFC7255P,CUTTACK,0,,,citydecor13@gmail.com,,,0,0,,0,,,,0,1971-01-01,1971-01-01,1971-01-01,,,,753003,0,0,no,no,no,no,,,,
C1406,"CHAWLA PANELS",9814121197,LUDHIANA,"LUDHIANA",D10372,Y,0,0,0,N,0,454,O,"",,"SCF-6D MARKETDUGRI ROAD         MODEL TOWN EXTN",,"BIRJOT SINGH",,,,,,ATJPS5043D,LUDHIANA,0,,,chawlapanels@gmail.com,,,0,0,,0,,,,0,1971-01-01,1971-01-01,1971-01-01,,,,141002,0,0,no,no,no,no,,,,
C167,"CENTRAL SALES TAX SECURITY",,,"",,Y,0,,0,N,0,,O,"",,"",,"",,,,,,,,0,,,,,,0,0,,0,,,,0,0000-00-00,0000-00-00,0000-00-00,,,,,0,0,,no,,no,,,,
C3623,"CONVEYANCE PAYBLE",,,"",,Y,0,,0,N,0,,O,"",,"",,"",,,,,,,,0,,,,,,0,0,,0,,,,0,0000-00-00,0000-00-00,0000-00-00,,,,,0,0,,no,,no,,,,
C5806,"CAPITAL SALES CORPORATION",,SAHARANPUR(U.P.),"SAHARANPUR(U.P.)",,Y,0,,0,N,0,,O,"",,"39-ABNEHRU MARKET",,"",,,,,,,SAHARANPUR(U.P.),0,,,,,,0,0,,0,,,,0,0000-00-00,0000-00-00,0000-00-00,,,,,0,0,,no,,no,,,,
C655,"CHANDRAKA GLASS & PLYWOOD SYNDICATE",9927079791,MATHURA,"MATHURA",,Y,0,45,0,N,0,,D,"",,"N.H-2 GOVERDHAN CROSSINGSHREE RADHA PURAM",,"VARUN GARG",,,,,,AAEFC0390B,MATHURA,0,,,chandrika_mth21@yahoo.co.in,,,0,0,,0,,,,0,0000-00-00,0000-00-00,0000-00-00,,,,281001,0,0,,no,,no,,,,
C709,"CAPITAL PLYWOOD (P) LTD",9999276568,NEW DELHI,"NEW DELHI",S10042,Y,0,0,0,N,0,441,D,"",,"A-11 RING RD MKT. RAJOURI GARDEN",,"KRISHAN KUMAR BABLANI",,,,,,AAACC0916E,NEW DELHI,0,,,capital.plywood@yahoo.com,,,0,0,,0,,,,0,0000-00-00,0000-00-00,0000-00-00,,,,110027,0,0,no,no,,no,,,,
C719,"CHITLANGIA CHARITABLE TRUST",,,"",,Y,0,,0,N,0,,O,"",,"",,"",,,,,,,,0,,,,,,0,0,,0,,,,0,0000-00-00,0000-00-00,0000-00-00,,,,,0,0,,no,,no,,,,
C803,"CHIRAG ENTERPRISES",9825017120,ANAND,"ANAND",S01801,Y,1000000,45,0,N,0,332,D,"",,"4/1/827 KRISHNA JIVAN DEEP SOCIETY OPP. NEHRUBAL VATIKA",,"CHIRAG PATEL",,,,,,AEIPP4445G,ANAND,0,,,patelply_and@yahoo.co.in,,,0,0,,0,,,,0,0000-00-00,0000-00-00,0000-00-00,,,,388001,0,0,,,,,,,,
C950,"CHAWLA BROTHERS",9814721197,JALANDHAR,"JALANDHAR",S10262,Y,6000000,60,0,N,0,454,D,"",,"NAKODAR ROADOPP.HAMILTON ?TOWER NEAR WADALA CHOWK",,"",,,,,,AAFFM6335B,JALANDHAR,0,,,chawlabrothers@yahoo.com,,,0,0,,0,,,,0,0000-00-00,0000-00-00,0000-00-00,,,,144001,0,0,,no,,no,,,,
D001,"DELHI SALES TAX SECURITY",,,"",,Y,0,,0,N,0,,O,"",,"",,"",,,,,,,,0,,,,,,0,0,,0,,,,0,0000-00-00,0000-00-00,0000-00-00,,,,,0,0,,no,,no,,,,
D0011,"D.S.ENTERPRISES",9412919863,HARIDWAR,"HARIDWAR",,Y,0,45,0,N,0,,D,"",,"CHANDWANI BHAWAN BHALLA ROAD",,"",,,,,,AAJPC9729R,HARIDWAR,0,,,,,,0,0,,0,,,,0,0000-00-00,0000-00-00,0000-00-00,,,,,0,0,,no,,no,,,,
D004,"DEVI DESIGNER DECORATORS , GURGAON",,UDYOG VIHARGURGAON,"UDYOG VIHAR,GURGAON",,Y,0,,0,N,0,,O,"",,"C% HCLPLOT NO.567BEHIND ATLAUS TUBES COMPANY.PHAS",,"",,,,,,,UDYOG VIHAR,GURGAON,0,,,,,,0,0,,0,,,,0,0000-00-00,0000-00-00,0000-00-00,,,,,0,0,,no,,no,,,,
D009,"DARSHAN DISTRIBUTORS.",9886303369,Bangalore,"BANGALORE",S01405,Y,2000000,60,0,N,0,553,D,"",,"NO.326 3RD MAIN ROAD1ST BLOCK R.T.NAGAR",,"AJIT MALHOTRA",,,,,,AAGFD9282P,BANGALORE,0,,,darshan_laminates@yahoo.com,,,0,0,,0,,,,0,0000-00-00,0000-00-00,0000-00-00,,,,560002,0,0,,no,,no,,,,
D1014,"DEVESH AHLUWALIA",9268574227,,"",,Y,0,,0,N,0,,O,"",,"DELHI",,"",,,,,,,,0,,,,,,0,0,,0,,,,0,0000-00-00,0000-00-00,0000-00-00,,,,,0,0,,no,,no,,,,
D1026,"DELHI TRADING SYNDICATE",,DELHI,"DELHI",,Y,0,,0,N,0,,O,"",,"SHAHBADDAULATPUR NEAR VIKRAM DHARAM KANATA",,"",,,,,,,DELHI,0,,,,,,0,0,,0,,,,0,0000-00-00,0000-00-00,0000-00-00,,,,,0,0,,no,,no,,,,
D1029,"SMT.DURGESH MISHRA",,LUCKNOW,"LUCKNOW",,Y,0,,0,N,0,,O,"",,"",,"",,,,,,,LUCKNOW,0,,,,,,0,0,,0,,,,0,0000-00-00,0000-00-00,0000-00-00,,,,,0,0,,no,,no,,,,
D1033,"DECOR INDIA",,NEW DELHI,"NEW DELHI",,Y,0,,0,N,0,,O,"",,"2/6363-BLOCK NO.7 DEV NAGARKAROL BAGH",,"",,,,,,,NEW DELHI,0,,,,,,0,0,,0,,,,0,0000-00-00,0000-00-00,0000-00-00,,,,,0,0,,no,,no,,,,
D1035,"D P KANUNGO",,,"",,Y,0,,0,N,0,,O,"",,"A-55BJB NAGAR BHUBANESWAR 9937221222",,"",,,,,,,,0,,,,,,0,0,,0,,,,0,0000-00-00,0000-00-00,0000-00-00,,,,,0,0,,no,,no,,,,
D1035,"D P KANUNGO",,NULL,"NULL",,Y,0,,0,N,0,,O,"",,"A-55BJB NAGAR BHUBANESWAR 9937221222",,"",,,,,,,,0,,,,,,0,0,,0,,,,0,0000-00-00,0000-00-00,0000-00-00,,,,,0,0,,no,,no,,,,
D1036,"DEVANAND MISHRA",9826481250,JABALPUR,"JABALPUR",S01438;D01941,Y,0,0,0,N,0,446,O,"",,"MADATAL GURUDWRE KE PASS",,"DEVA NAND MISHRA",,,,,,AKTPM6711D,JABALPUR,0,,,mishra_devanand@rediffmail.com,,,0,0,,0,,,,0,1971-01-01,1971-01-01,1971-01-01,,,,482001,0,0,no,no,no,no,,,,
D1053,"DHINGRA HARDWARE STORES",9837028086,MURADABAD,"MURADABAD",,Y,0,0,0,N,0,,D,"D1166",,"MANPUR LANE NO.2 BUDH BAZAR",,"AJAY DHINGRA",,,,,,AAEFD5614K,MURADABAD,0,,,ajaydhingra078@gmail.com,,,0,0,,0,,,,0,0000-00-00,0000-00-00,0000-00-00,,,,,0,0,,no,,no,,,,
D1062,"DEVINE WOOD CRAFT",9437002439,BHUBANESWAR,"BHUBANESWAR",,Y,0,30,0,N,0,,O,"",,"SC-7 V.S.S. NAGAR",,"",,,,,,,BHUBANESWAR,0,,,,,,0,0,,0,,,,0,0000-00-00,0000-00-00,0000-00-00,,,,,0,0,,no,,no,,,,
D1063,"DECOR HOME (I) PVT LTD",,MUMBAI,"MUMBAI",,Y,5000000,45,0,N,0,331,O,"",,"BHATIA HOSPITALTARDEO ROAD",,"",,,,,,,MUMBAI,0,,,,,,0,0,,0,,,,0,0000-00-00,0000-00-00,0000-00-00,,,,400007,0,0,,no,,no,,,,
D1066,"D K S K ENTERPRISES",9472316312,MADHUBANI,"MADHUBANI",,Y,0,30,0,N,0,219,D,"",,"THANA CHOWK",,"SHEKHAR KUMAR",,,,,,AAHFD1716B,MADHUBANI,0,,,shekharply@yahoo.com,,,0,0,,0,,,,0,0000-00-00,0000-00-00,0000-00-00,,,,847211,0,0,,no,,no,,,,
D1069,"D KUMAR FLOAT GLASS CO",,NEW DELHI,"NEW DELHI",,Y,0,0,0,N,0,,O,"",,"511/5A GOVIND PURI",,"",,,,,,AANPG7660H,NEW DELHI,0,,,dkumarfloatglassco@yahoo.com,,,0,0,,0,,,,0,0000-00-00,0000-00-00,0000-00-00,,,,,0,0,,no,,no,,,,
D110,"DELHI PLYWOOD HOUSE",-2543384,NEW DELHI,"NEW DELHI",S10042,Y,0,0,0,N,0,441,O,"",,"1/67-W H S TIMBER BLOCK                  KIRTI NAGAR",,"VIJAY PAL SETH",,,,,,AAMPS6599J,NEW DELHI,0,,,,,,0,0,,0,,,,0,1971-01-01,1971-01-01,1971-01-01,,,,110015,0,0,no,no,no,no,,,,
D1103,"DHB MULTIPURPOSE ENGG ENTERPRISE",,JOREHAT,"JOREHAT",,Y,0,,0,N,0,,O,"",,"JOREHAT",,"",,,,,,,JOREHAT,0,,,,,,0,0,,0,,,,0,0000-00-00,0000-00-00,0000-00-00,,,,,0,0,,no,,no,,,,
D1104,"DIN DAYAL AJAY KUMAR",9855324620,MOGA (PUNJAB),"MOGA (PUNJAB)",,Y,0,,0,N,0,,D,"",,"OLD GRAIN MARKET",,"",,,,,,AAQPJ0169F,MOGA (PUNJAB),0,,,,,,0,0,,0,,,,0,0000-00-00,0000-00-00,0000-00-00,,,,,0,0,,no,,no,,,,
D1106,"DEEPAK PLY HOUSE",,RAXOUL,"RAXOUL",,Y,0,,0,N,0,219,D,"",,"ASHRAM ROAD",,"",,,,,,,RAXOUL,0,,,,,,0,0,,0,,,,0,0000-00-00,0000-00-00,0000-00-00,,,,845305,0,0,,no,,no,,,,
D111,"DURGA PLY & TIMBER",9871716140,NEW DELHI,"NEW DELHI",S10042;S10042,Y,0,0,0,N,0,441,D,"",,"SHOP NO.1-2 SHIVAJI MKT.                PITAMPURA                                NEW DELHI",,"RAJINDER CHAUDHARY",,,,,,ARCPS6623G,DELHI,0,,,durgaplyandtimber@gmail.com,,,0,0,,0,,,,0,1971-01-01,1971-01-01,1971-01-01,,,,110034,0,0,no,no,no,no,,,,
D111,"DURGA PLY & TIMBER",9871716140,DELHI,"DELHI",S10042;S10042,Y,0,0,0,N,0,441,D,"",,"SHOP NO.1-2 SHIVAJI MKT.                PITAMPURA                                NEW DELHI",,"RAJINDER CHAUDHARY",,,,,,ARCPS6623G,DELHI,0,,,durgaplyandtimber@gmail.com,,,0,0,,0,,,,0,1971-01-01,1971-01-01,1971-01-01,,,,110034,0,0,no,no,no,no,,,,
D1126,"DESH BANDHU ENTERPRISES LTD",,NEW DELHI,"NEW DELHI",,Y,0,30,0,N,0,,O,"",,"65/2/9ROHTAK ROADMUNDKA",,"",,,,,,AAACD6869M,NEW DELHI,0,,,,,,0,0,,0,,,,0,0000-00-00,0000-00-00,0000-00-00,,,,,0,0,,no,,no,,,,
D1128,"DELHI ASSAM ROADWAYS CORP. LTD",0,NEW DELHI,"NEW DELHI",,Y,0,0,0,N,0,441,O,"",,"M-2 HIMLAND HOUSE",,"0",,,,,,AAACD2086J,NEW DELHI,0,,,0,,,0,0,,0,,,,0,0000-00-00,0000-00-00,0000-00-00,,,,110015,0,0,,,,,,,,
D1135,"DELHI TEST HOUSE",,DELHI,"DELHI",,Y,0,45,0,N,0,,O,"",,"A-62/3 G.T. KARNAL ROAD INDUSTRIAL AREA OPP HANS CINEMA AZADPUR",,"",,,,,,AACFD6829J,DELHI,0,,,,,,0,0,,0,,,,0,0000-00-00,0000-00-00,0000-00-00,,,,,0,0,,no,,no,,,,
D1136,"DISTRICT INDUSTRIES & COMMERCE CENTRE",,DIBRUGARH,"DIBRUGARH",,Y,0,,0,N,0,,O,"",,"THE GENERAL MANAGER GOVT OF ASSAM ASSAM",,"",,,,,,,DIBRUGARH,0,,,,,,0,0,,0,,,,0,0000-00-00,0000-00-00,0000-00-00,,,,,0,0,,no,,no,,,,
D1148,"DURGA PRASANNA PARIJA",,BHUBANESWAR,"BHUBANESWAR",,Y,100000,0,0,N,0,,O,"",,"C/O RANGOLI 8 WESTERN MARKET BUILDING",,"DURGA PRASANNA PARIJA",,,,,,ABDPP0465A,BHUBANESWAR,0,,,,,,0,0,,0,,,,0,0000-00-00,0000-00-00,0000-00-00,,,,,0,0,,no,,no,,,,
D1151,"DHALL TRADERS",,NEW DELHI,"NEW DELHI",S10042,Y,0,0,0,N,0,441,D,"",,"D-155 FATEH NAGAR JAIL ROAD",,"",,,,,,AAAPD1139M,NEW DELHI,0,,,,,,0,0,,0,,,,0,0000-00-00,0000-00-00,0000-00-00,,,,110018,0,0,no,no,,no,,,,
D1152,"D KUMAR FLOAT GLASS CO.",,NOIDA,"NOIDA",S10152,Y,0,0,0,N,0,441,O,"",,"1-18 SECTOR-9",,"",,,,,,AANPG7660H,NOIDA,0,,,dkumarfloatglassco@yahoo.com,,,0,0,,0,,,,0,0000-00-00,0000-00-00,0000-00-00,,,,201301,0,0,no,no,,no,,,,
D1153,"DARGSHETTY SALES CORPORATION",9964676225,BELGAUM,"BELGAUM",,Y,1000000,60,0,N,0,553,O,"",,"NO.1  BALWAN COMPLEXBASAVANAGALLI",,"",,,,,,,BELGAUM,0,,,abhi_ad1008@rediffmail.com,,,0,0,,0,,,,0,0000-00-00,0000-00-00,0000-00-00,,,,590002,0,0,,no,,no,,,,
D1158,"DEEPAK & BROTHERS",6388071415,GORAKHPUR,"GORAKHPUR",,Y,1000000,30,0,N,0,,D,"",,"A-30 TRASPORT NAGAR",,"KRISHANA KUMAR BANKA",05512345860,,,,,ACIPB1452B,GORAKHPUR,0,,,srishyamplywood@gmail.com,,,0,0,,0,,,,0,0000-00-00,0000-00-00,0000-00-00,,,,273001,0,0,,no,,no,,,,
D1166,"DHINGRAS",9837028086,MORADABAD,"MORADABAD",,Y,0,45,18479,N,0,,D,"",,"OP.MANSAROVER CLNYNR KRIPAL?ASHRAM DELHI ROAD MORADABAD",,"AJAY DHINGRA",,,,,,AAEFD5614K,MORADABAD,0,,,ajaydhingra078@gmail.com,,,0,0,,0,,,,0,0000-00-00,0000-00-00,0000-00-00,,,,,0,0,,no,,no,,,,
D1167,"DURGA TRADING CO.",9416035747,KURUKSHETRA,"KURUKSHETRA",,Y,0,0,0,N,0,,D,"",,"SCF-51SECTOR-7  India",,"",,,,,,AAPPG2997M,KURUKSHETRA,0,,,,,,0,0,,0,,,,0,0000-00-00,0000-00-00,0000-00-00,,,,,0,0,,no,,no,,,,
D1168,"DHARAM DAS RAMESH CHAND SHARMA",8057109999,HAPUR (U.P.),"HAPUR (U.P.)",,Y,0,45,0,N,0,,D,"",,"SAHARA CHOWKGARH ROAD  India",,"VINOD SHARMA",,,,,,AITPS0597D,HAPUR (U.P.),0,,,vinod_timber@yahoo.co.in,,,0,0,,0,,,,0,0000-00-00,0000-00-00,0000-00-00,,,,,0,0,,no,,no,,,,
D1169,"DIVINE INFRACON PRIVATE LTD.",,NEW DELHI,"NEW DELHI",S10008,Y,0,30,0,N,0,441,P,"",,"PLOT NO.4SECTOR-13 DWARKA India",,"",,,,,,AACCD4476A,NEW DELHI,0,,,,,,0,0,,0,,,,0,0000-00-00,0000-00-00,0000-00-00,,,,110075,0,0,no,no,,no,,,,
D1176,"DEOKI NANDAN GARODIA",,NAMRUP,"NAMRUP",,Y,0,0,0,N,0,,O,"",,"P.O. PARBATPUR DIST. DIBRUGARH (ASSAM) ASSAM",,"",,,,,,AGQPG0840C,NAMRUP,0,,,,,,0,0,,0,,,,0,0000-00-00,0000-00-00,0000-00-00,,,,,0,0,,no,,no,,,,
D1187,"DURGA WOODEN INDUSTRIES",9896941399,HISSAR,"HISSAR",,Y,0,30,0,N,0,317,O,"",,"PLOT NO. 50 SECTOR-27 INDUSTRIAL AREA",,"0",,,,,,AAAFD8072H,HISSAR,0,,,tushar99goyal@gmail.com,,,0,0,,0,,,,0,0000-00-00,0000-00-00,0000-00-00,,,,125001,0,0,,,,,,,,
D1190,"DINESH PARASAMAL JAIN",9980855140,HUBLI,"HUBLI",,Y,2000000,0,0,N,0,553,P,"",,"# 31 SUVIDHA COLONYKESHAVAPUR",,"",,,,,,ADGPJ0475P,HUBLI,0,,,,,,0,0,,0,,,,0,0000-00-00,0000-00-00,0000-00-00,,,,580023,0,0,,no,,no,,,,
D1201,"DREAM CONCEPT RETAIL",9899977482,NEW DELHI,"NEW DELHI",,Y,1000000,30,0,N,0,331,P,"",,"677/1 SAI NAGARBADARPUR",,"PANKAJ RAI",,,,,,,NEW DELHI,0,,,,,,0,0,,0,,,,0,0000-00-00,0000-00-00,0000-00-00,,,,110044,0,0,,no,,no,,,,
D1202,"DREAM CONCEPT RETAIL PATNA",9911918063,PATNA,"PATNA",,Y,500000,10,0,N,0,331,P,"",,"BIBA APPARELS PVT.LTDRAJA BAZARASHIANA MOD",,"",,,,,,,PATNA,0,,,,,,0,0,,0,,,,0,0000-00-00,0000-00-00,0000-00-00,,,,800014,0,0,,no,,no,,,,
D1205,"DURGA PLYWOOD CENTRE",09422211355,Aurangabad,"AURANGABAD",,Y,1500000,21,0,N,0,331,D,"",,"TILAK ROAD",,"YOGESH PATEL",02402333744,,,,,AABFD7288E,AURANGABAD,0,,,durgaply@yahoo.com,,,0,0,,0,,,,0,0000-00-00,0000-00-00,0000-00-00,,,,431001,0,0,,no,,no,,,,
D1207,"DECOFUR SALES PVT LTD",,KOLKATA,"KOLKATA",,Y,300000,21,0,N,0,,O,"",,"227/2  A J C Bose Road Opp Minto Park India",,"ANAND GUPTA",,,,,,,Kolkata,0,,,furniture@decofur.com,,,0,0,,0,,,,0,0000-00-00,0000-00-00,0000-00-00,,,,,0,0,,no,,no,,,,
D1208,"DELHI PLYWOODS",9810165389,NEW DELHI,"NEW DELHI",S10042,Y,0,30,0,N,0,441,O,"",,"1/23WHS KIRTI NAGAR India",,"",,,,,,AAAFD2344Q,NEW DELHI,0,,,delhiplywoods_2010@yahoo.com,,,0,0,,0,,,,0,0000-00-00,0000-00-00,0000-00-00,,,,110015,0,0,no,no,,no,,,,
D1210,"DELHI WOODS",9810033318,NEW DELHI,"NEW DELHI",S10008,Y,0,0,0,N,0,441,P,"",,"B-4WHS KIRTI NAGAR",,"D.K. GULATI",,,,,,AAIFD7498M,NEW DELHI,0,,,dkgulati47@gmail.com,,,0,0,,0,,,,0,0000-00-00,0000-00-00,0000-00-00,,,,110015,0,0,no,no,,no,,,,
D1213,"D. H. B. MULTIPURPOSE",,GUWAHATI,"GUWAHATI",,Y,0,0,0,N,0,,O,"",,"ENGINEEING ENTERPRISE GUWAHATI ASSAM",,"",,,,,,AAEFD2326E,GUWAHATI,0,,,,,,0,0,,0,,,,0,0000-00-00,0000-00-00,0000-00-00,,,,,0,0,,no,,no,,,,
D1214,"DECORA KITCHEN INTERIORS P.LTD",9810269528,GURGAON,"GURGAON",,Y,2500000,30,0,N,0,331,O,"",,"2ND MILE STONEVIKAS NAGAR BASAI ROAD",,"",,,,,,AAECD5577C,GURGAON,0,,,sj@decora.in,,,0,0,,0,,,,0,0000-00-00,0000-00-00,0000-00-00,,,,122006,0,0,,no,,no,,,,
D1218,"DWIVEDY CONSTRUCTIONS",9958569870,GWALIOR,"GWALIOR",,Y,500000,30,0,N,0,446,P,"",,"108 PAN IN PLAZA COMPLEXSHINDE KI CHAWARI LASHKAR",,"",,,,,,AAAPD1457C,GWALIOR,0,,,dwivedyconstructions@gmail.com,,,0,0,,0,,,,0,0000-00-00,0000-00-00,0000-00-00,,,,474001,0,0,,no,,no,,,,
D1219,"DARSHNLAL GOKULDAS",9425154108,KANTI,"KANTI",,Y,200000,30,0,N,0,446,P,"",,"29 JAWAHARLAL NEHRU WARDNEAR MADHAV NAGAR",,"",,,,,,AABHD2601M,KANTI,0,,,,,,0,0,,0,,,,0,0000-00-00,0000-00-00,0000-00-00,,,,483501,0,0,,no,,no,,,,
D1223,"DCR DESIGN PVT.LTD",,NEW DELHI,"NEW DELHI",,Y,1000000,15,0,N,0,331,O,"",,"J-272 BASEMENT FLOORSAKETIndia",,"",,,,,,,NEW DELHI,0,,,,,,0,0,,0,,,,0,0000-00-00,0000-00-00,0000-00-00,,,,110017,0,0,,no,,no,,,,
D1226,"DILIP SURYAVANSHI",9826021905,BHOPAL,"BHOPAL",,Y,1500000,30,0,N,0,446,P,"",,"E-5/90ARERA COLONYIndia",,"",,,,,,ANRPS2215H,BHOPAL,0,,,db@dilipbuildcon.co.in,,,0,0,,0,,,,0,0000-00-00,0000-00-00,0000-00-00,,,,462003,0,0,,no,,no,,,,
D1230,"DILIP BUILDCON LIMITED",9826021905,BHOPAL,"BHOPAL",,Y,1500000,30,0,N,0,446,P,"",,"E-5/99ARERA COLONYIndia",,"",,,,,,AACCD6124B,BHOPAL,0,,,db@dilipbuildcon.co.in,,,0,0,,0,,,,0,0000-00-00,0000-00-00,0000-00-00,,,,462016,0,0,,no,,no,,,,
D1233,"DURGA PLY",9422211355,Aurangabad,"AURANGABAD",,Y,2500000,3,0,N,0,331,O,"",,"Kranti ChowkAjab Nagar",,"",,,,,,,Aurangabad,0,,,durgaply@yahoo.com,,,0,0,,0,,,,0,0000-00-00,0000-00-00,0000-00-00,,,,431001,0,0,,no,,no,,,,
D1241,"DECOR INDIA.",9312220550,AHMEDABAD,"AHMEDABAD",,Y,2500000,30,0,N,0,331,O,"",,"B-1062nd Flr Kankaria RdSumel Business Park 2",,"",,,,,,,Ahmedabad,0,,,decore_india@yahoo.com,,,0,0,,0,,,,0,0000-00-00,0000-00-00,0000-00-00,,,,380002,0,0,,no,,no,,,,
D1242,"DILIP M. SHETH",9879188071,RAJKOT,"RAJKOT",S01769,Y,0,30,0,N,0,332,O,"",,"STREE NO 6HARIHAR SOCAKSHAR MARGBH SHILPA LIFESTYLE JEWELLWARYIndia",,"",,,,,,,RAJKOT,0,,,,,,0,0,,0,,,,0,0000-00-00,0000-00-00,0000-00-00,,,,360004,0,0,,no,,no,,,,
D1243,"DHARMA SAW & GENERAL MILLS",,HISSAR,"HISSAR",,Y,0,30,0,N,0,,O,"",,"PLOT NO.49 SECTOR-27 & 28 INDUSTRIAL AREA",,"",,,,,,,HISSAR,0,,,sksaraf1964@gmail.com,,,0,0,,0,,,,0,0000-00-00,0000-00-00,0000-00-00,,,,,0,0,,no,,no,,,,
D1250,"DHEERAJ PLY AND VENEER",9630064954,INDORE,"INDORE",S01630,Y,0,30,0,N,0,446,D,"",,"178/1 PATHAR MUNDLA ROADROSHANLAL COMPOUND PALDAIndia",,"DHEERAJ SAWLANI",07314022228,,,,,AYGPS8904D,INDORE,0,,,dheeraj.sawlani@gmail.com,,,0,0,,0,,,,0,0000-00-00,0000-00-00,0000-00-00,,,,452020,0,0,,no,,no,,,,
D1257,"DIAMOND WOOD",9782900092,RANI,"RANI",,Y,1500000,30,0,N,0,,P,"",,"SILAVAT GALIPRATAP BAZARDISTRICT :-PALI",,"MOHDAMMED SHARIF",,,,,,ATAPS1776Q,RANI,0,,,m.sharifwc@gmail.com,,,0,0,,0,,,,0,0000-00-00,0000-00-00,0000-00-00,,,,,0,0,,no,,no,,,,
D1261,"DEEPAK GOVINDDAS JAWANDHIYA",8989800038,HOSANGABAD,"HOSANGABAD",,Y,500000,30,0,N,0,446,P,"",,"KRISHI PARAMARSHMAIN MARKET BANKHEDIIndia",,"KUNJAN MAHESHWARI",,,,,,AAAHD6156N,HOSANGABAD,0,,,maheshwari.21km@gmail.com,,,0,0,,0,,,,0,0000-00-00,0000-00-00,0000-00-00,,,,461990,0,0,,no,,no,,,,
D1263,"DARSHAN PLY & HARDWARE",9820133885,Pune,"PUNE",,Y,2500000,30,0,N,0,331,D,"",,"Plot 28 SN:62/2/C Adarsh ColonyAirport Road No5 Tingare NagarIndia",,"DURGARAM SHARMA",44202661 0808,,,,,BGXPS6555E,Pune,0,,,sharmadurgaram07@gmail.com,,,0,0,,0,,,,0,0000-00-00,0000-00-00,0000-00-00,,,,411015,0,0,,no,,no,,,,
D1270,"DHANSUDHA TRADERS",9810833515,GHAZIABAD,"GHAZIABAD",,Y,0,15,0,N,0,,D,"",,"248LOHA MANDI  India",,"ANKI GUPTA",,,,,,ABOPG5511D,GHAZIABAD,0,,,dhansudhatraders@gmail.com,,,0,0,,0,,,,0,0000-00-00,0000-00-00,0000-00-00,,,,,0,0,,no,,no,,,,
D1281,"DIVA'S",9794661111,CHANDAULIVARANSI,"CHANDAULI,VARANSI",,Y,0,30,0,N,0,,O,"",,"C/O SUNBEAM DALINN SCHOOL CHAKIABUDHAWAL VILLAGE",,"DIVAS TRUST",,,,,,AABTD7974P,CHANDAULI,VARANSI,0,,,dalimsssunbeamchakia@gmail.com,,,0,0,,0,,,,0,0000-00-00,0000-00-00,0000-00-00,,,,,0,0,,no,,no,,,,
D1295,"DHARTI ENTERPRISES",9462204400,KOLHAPUR,"KOLHAPUR",,Y,2500000,30,0,N,0,,D,"",,"PURNIMA  576/2 E-WARD 1ST LANE SAHAPURI",,"SABIHA ASIF FARAS",,,,,,AAGPF1097A,KOLHAPUR,0,,,dhartitrade@gmail.com,,,0,0,,0,,,,0,0000-00-00,0000-00-00,0000-00-00,,,,,0,0,,no,,no,,,,
D1297,"DALAL & SONS",9822052350,Pune,"PUNE",,Y,5000000,30,0,N,0,331,S,"",,"753 RAVIWAR PETH",,"NAND KUMAR DALAL",,,,,,AAAFD8913H,PUNE,0,,,dalalco60@gmail.com,,,0,0,,0,,,,0,0000-00-00,0000-00-00,0000-00-00,,,,411002,0,0,,no,,no,,,,
D1304,"DEEP INDUSTRIES",8488998777,JUNAGARH,"JUNAGARH",S01769,Y,200000,30,0,N,0,317,O,"",,"AT:- KANZA DHAR VERAVAL HIGHWAY VANTHALI DIST- JUNAGARH",,"HASMUKH BHAI",,,,,,AGBPS9237N,JUNAGARH,0,,,industriesdeep191@gmail.com,,,0,0,,0,,,,0,0000-00-00,0000-00-00,0000-00-00,,,,362001,0,0,,,,,,,,
D131,"DAKSHIN CONSTRUCTION COMPANY",,,"",,Y,0,,0,N,0,,O,"",,"NOIDA UTTAR PRADESH",,"",,,,,,,,0,,,,,,0,0,,0,,,,0,0000-00-00,0000-00-00,0000-00-00,,,,,0,0,,no,,no,,,,
D1314,"DHARTI TRADERS",9422044000,KOLHAPUR,"KOLHAPUR",,Y,2500000,30,0,N,0,,D,"D1295",,"576/2 E Ward Lane No:1 Shahupuri India",,"ASIF FARAS",,,,,,AABPF7023K,KOLHAPUR,0,,,dhartitrade@gmail.com,,,0,0,,0,,,,0,0000-00-00,0000-00-00,0000-00-00,,,,,0,0,,no,,no,,,,
D133,"DAYA RAM PATEL",9810120651,NEW DELHI,"NEW DELHI",,Y,0,,0,N,0,,O,"",,"1/7 D.B GUPTA ROAD PAHARGANJ",,"",,,,,,,NEW DELHI,0,,,,,,0,0,,0,,,,0,0000-00-00,0000-00-00,0000-00-00,,,,,0,0,,no,,no,,,,
D1340,"DIVYANSH HARDWARE AND PLY CENTRE",9425177371,SIDHI,"SIDHI",,Y,2000000,30,0,N,0,,S,"",,"NEW GALLA MANDIR BEHIND KHADI GUDAM",,"PANKAJ GUPTA",,,,,,AMMPG4834E,SIDHI,0,,,divyanshhardwareandplycentre@g?mail.com,,,0,0,,0,,,,0,0000-00-00,0000-00-00,0000-00-00,,,,,0,0,,no,,no,,,,
D1343,"DEV TRADERS",8960816023,FARRUKHABAD,"FARRUKHABAD",S10177,Y,0,0,0,N,0,447,D,"",,"INFRONT OF THAKURDWARA MANDIR NAVADIA KANPUR ROAD FATEHGARH India",,"PRADEEP SHARMA",,,,,,DDMPS6637B,FARRUKHABAD,0,,,ajgrp148@gmail.com,,,0,0,,0,,,,0,0000-00-00,0000-00-00,0000-00-00,,,,209601,0,0,,,,,,,,
D1348,"DURGA TRADERS",9971600322,GHAZIABAD,"GHAZIABAD",,Y,0,0,0,N,0,,D,"",,"113/3-4NAVYUG MARKET  India",,"DHEERAJ KUMAR GUPTA",,,,,,ABWPK2156N,GHAZIABAD,0,,,durgatraders_66@yahoo.co.in,,,0,0,,0,,,,0,0000-00-00,0000-00-00,0000-00-00,,,,,0,0,,no,,no,,,,
D1357,"DISHI MARKETING",9825438008,AHMEDABAD,"AHMEDABAD",SAA004,Y,0,0,0,N,0,332,O,"",,"1062/N/42 LATI BAZAR ZONE 2              NEAR GITA MANDIR",,"Mr. RAJA THAKKAR",,,,,,AAMHR1714E,AHMEDABAD,0,,,rajathakkar@gmail.com,,,0,0,,0,,,,0,1971-01-01,1971-01-01,1971-01-01,,,,380022,0,0,no,no,no,no,,,,
D1361,"DOMET PLYWOOD WALL FURNITURE PLUS",9795376376,JHANSI,"JHANSI",,Y,0,0,0,N,0,,D,"",,"NEAR RAMPYARI MARKETJOKHANBAGH",,"AMIT RAWAL",9795376376,,,,,BUIPR4837B,JHANSI,0,,,ankurawal6@gmail.com,,,0,0,,0,,,,0,0000-00-00,0000-00-00,0000-00-00,,,,284001,0,0,,no,,no,,,,
D1365,"DELHI SALES",9818830313,NEW DELHI,"NEW DELHI",S10042,Y,0,0,0,N,0,441,D,"",,"1/110 TIMBER MARKET  WHS KIRTI NAGAR",,"RAGHAV BANSALRAGHAV BANSAL",,,,,,AAOFD9683N,NEW DELHI,0,,,delhisalescorp11@gmail.com,,,0,0,,0,,,,0,0000-00-00,0000-00-00,0000-00-00,,,,110015,0,0,no,no,,no,,,,
D137,"DEV PRIYA INDUSTRIES LTD.",,MEERUT   (U.P.),"MEERUT   (U.P.)",,Y,0,,0,N,0,,O,"",,"A-1SHAMBHU NAGAR SITE:-8KM MAWANA ROAD",,"",,,,,,,MEERUT   (U.P.),0,,,,,,0,0,,0,,,,0,0000-00-00,0000-00-00,0000-00-00,,,,,0,0,,no,,no,,,,
D1383,"DECENTS AGENCIE",9352931661,PALI,"PALI",,Y,0,0,0,N,0,,O,"",,"204ADINATH NAGAROPP. NEW BUS STAND",,"DHARMENDRA NAHAR",2932231661,,,,,ACKPN8168L,PALI,0,,,decentpali@gmail.com,,,0,0,,0,,,,0,0000-00-00,0000-00-00,0000-00-00,,,,306401,0,0,,no,,no,,,,
D1390,"DEEP JYOTI GLASS HOUSE",9864339577,GUWAHATI,"GUWAHATI",S01825;S01785,Y,250000,30,0,N,0,215,D,"",,"1 OPP CENTRAL BANK OF INDIA BHETAPARA CHARALI KAMRUP(METRO)",,"",,,,,,DHAPS9534P,GUWAHATI,0,,,deepjyotiglasshouse@gmail.com,,,0,0,,0,,,,0,0000-00-00,0000-00-00,0000-00-00,,,,781028,0,0,,,,,,,,
D1394,"DAZZLE INTERNATIONAL  PVT.LTD.",8477841111,SAHARANPUR,"Saharanpur",S10230,Y,0,0,0,N,0,447,O,"",,"SARAK DUDHLI5KM MILES STONE DEHRADUN ROAD",,"AKSHAT GUPTA",,,,,,AABCG9976H,SAHARANPUR,0,,,dazzlekitchen@gmail.com,,,0,0,,0,,,,0,0000-00-00,0000-00-00,0000-00-00,,,,247001,0,0,,no,,no,,,,
D1396,"DHARAMBIR KUMAR SINGH",7352164936,BHAGALPUR,"BHAGALPUR",S01386,Y,300000,30,0,N,0,219,D,"",,"KOHRA MIRJANHAT",,"DHARAMBIR KUMAR SINGH",,,,,,EBGPS3054F,BHAGALPUR,0,,,singhhardwaremirjanhat@gmail.com,,,0,0,,0,,,,0,0000-00-00,0000-00-00,0000-00-00,,,,812005,0,0,,,,no,,,,
D1398,"DHAWAN PLYWOOD CO.",9871909324,DELHI (EAST),"DELHI (EAST)",S10152;S10015,Y,0,0,0,N,0,441,D,"",,"210 KARKARDOOMA PHOOL SINGH MARG         VIKAS MARG EXTN. EAST DELHI",,"ASHWANI KUMAR DHWAN",,,,,,AAHFD1640E,DELHI (EAST),0,,,,,,0,0,,0,,,,0,0000-00-00,0000-00-00,0000-00-00,,,,110092,0,0,,,,,,,,
D1399,"DECOR INDIA.",9811044674,GURGAON,"GURGAON",S10015,Y,0,0,0,N,0,451,O,"",,"SHOP NO.4RAJENDRA MARKET M.G.ROAD",,"MANISH KUMAR AGGARWAL",,,,,,AAKPA2741G,GURGAON,0,,,contact.decoindia@gmail.com,,,0,0,,0,,,,0,0000-00-00,0000-00-00,0000-00-00,,,,122002,0,0,,,,no,,,,
D1401,"DHAVAL ELECTRIC STORES",9898067568,RAJKOT,"RAJKOT",,Y,0,0,0,N,0,332,O,"",,"OPP MITESH GAS SERVICE KOTAK STREET CORNER",,"PRAFFUL BHAI",,,,,,ADDPR2377M,RAJKOT,0,,,raichuramiku@gmail.com,,,0,0,,0,,,,0,0000-00-00,0000-00-00,0000-00-00,,,,360001,0,0,,no,,no,,,,
D1403,"DARSHAN PLYWOOD & HARDWARE",9886766470,Bangalore,"BANGALORE",S10223,Y,0,0,0,N,0,553,O,"",,"GROUND FLOOR#840/1022/139 YELHANKA BYPASS ROADYELAHANKA",,"MR.RAJEEV KUMAR MALHOTRA",,,,,,AAEFD0242M,BANGALORE,0,,,darshanhardware.sales@gmail.com,,,0,0,,0,,,,0,0000-00-00,0000-00-00,0000-00-00,,,,560064,0,0,,no,,no,,,,
D1405,"DM TIMBERS",7978504226,BHUBANESWAR,"BHUBANESWAR",S01519;D02050,Y,0,0,0,N,0,216,D,"",,"PLOT NO 283/1863 PATRAPADA IGINIA KHORDHA",,"HARAPRASAD DASH",,,,,,AGOPD9675N,BHUBANESWAR,0,,,haraprasaddash@live.com,,,0,0,,0,,,,0,0000-00-00,0000-00-00,0000-00-00,,,,751019,0,0,,,,,,,,
D1406,"DAKSH TRADERS",9935052999,LUCKNOW,"LUCKNOW",S10221,Y,0,0,0,N,0,447,D,"",,"ED-270 SECTOR Q ALIGANJ",,"VIVEK VERMA",,,,,,AVOPV0194R,LUCKNOW,0,,,dakshalko@gmail.com,,,0,0,,0,,,,0,0000-00-00,0000-00-00,0000-00-00,,,,226024,0,0,,,,,,,,
D1410,"DEV MATA ENTERPRISES",7763006826,PATNA,"PATNA",S01386,Y,0,0,0,N,0,219,O,"",,"SABAJPURA MORE PHULWARISARIF",,"RAHUL KUMAR",,,,,,DILPK4026E,PATNA,0,,,rkrahul018@gmail.com,,,0,0,,0,,,,0,0000-00-00,0000-00-00,0000-00-00,,,,801505,0,0,,,,no,,,,
D1412,"DEY INTERNATIONAL",9434000965,BONGAON,"BONGAON",S01519,Y,0,0,0,N,0,221,O,"",,"MOTIGANJ MILITARY ROAD BONGAON NORTH 24 PGS",,"PRADIP KUMAR DEY",,,,,,ACTPD4522F,BONGAON,0,,,deyinternational@gmail.com,,,0,0,,0,,,,0,0000-00-00,0000-00-00,0000-00-00,,,,743235,0,0,,no,,no,,,,
D1413,"DREAM ENTERPRISE",9726218822,RAJKOT,"RAJKOT",,Y,500000,0,0,N,0,317,O,"",,"301 FLOOR NO.3 RADHESHYAM COMPLEX 150 FEET ROAD NEAR BALAJI HALL",,"KETAN KHIMAJIBHAI BORSADI",,,,,,ATZPB3861G,RAJKOT,0,,,0,,,0,0,,0,,,,0,0000-00-00,0000-00-00,0000-00-00,,,,360005,0,0,,no,,no,,,,
D1415,"DURGA PLYWOOD AND VENEER PRIVATE LIMITED",9830014500,KOLKATA,"KOLKATA",S01519,Y,2500000,21,0,N,0,457,D,"",,"GROUND FLOOR 82/1 NIMTOLLA GHAT STREET",,"NITIN KUMAR BAJAJ",,,,,,AACCD2482J,KOLKATA,0,,,initinbajaj@gmail.com,,,0,0,,0,,,,0,0000-00-00,0000-00-00,0000-00-00,,,,700006,0,0,,,,no,,,,
D1419,"DHRUV GLOBAL",7837290033,MOHALI,"MOHALI",S10074,Y,0,0,0,N,0,443,O,"",,"PLOT NO.406SECTOR-82 JLPLSAS NAGAR",,"BIMALA DEVI",,,,,,AAOPD5929P,MOHALI,0,,,dhruvglobal021@gmail.com,,,0,0,,0,,,,0,0000-00-00,0000-00-00,0000-00-00,,,,160055,0,0,,,,no,,,,
D1424,"DIAMOND PLYWOOD CENTRE",7798786110,CHANDRAPUR,"CHANDRAPUR",S01430,Y,2500000,15,0,N,0,331,O,"",,"OPP SRI RAM MARKET BINBA ROAD",,"NOORUDDIN HUSAIN",,,,,,AAHPH2414A,CHANDRAPUR,0,,,abdqadir7866@gmail.com,,,0,0,,0,,,,0,0000-00-00,0000-00-00,0000-00-00,,,,442402,0,0,,,,no,,,,
D1427,"DEV PLYWOODS",8249098606,BHUBANESWAR,"BHUBANESWAR",S01519;D02050,Y,0,0,0,N,0,216,D,"",,"KHATA NO 731/1031 PLOT NO 1328 LINGIPUR PS DHAULI KHORDHA",,"SURESH KUMAR MOHANTY",,,,,,AMTPM6446R,BHUBANESWAR,0,,,sureshmohanty929@gmail.com,,,0,0,,0,,,,0,0000-00-00,0000-00-00,0000-00-00,,,,751002,0,0,,,,,,,,
D1432,"DEV RAJ RAM RAJ",9810430737,NORTH WEST DELHI,"NORTH WEST DELHI",S10015,Y,0,0,0,N,0,451,O,"",,"GROUND FLOOR218 PITAMPURA",,"ANKIT SINGHAL",,,,,,AWTPS2835C,NORTH WEST DELHI,0,,,ankittimber85@gmail.com,,,0,0,,0,,,,0,0000-00-00,0000-00-00,0000-00-00,,,,110034,0,0,,,,no,,,,
D1437,"DHRU ENTERPRISES",8769762522,SHIV VIHAR COLONY BH,"SHIV VIHAR COLONY BH",S10109;S10109;S10109;S10109;S10109;S10109;S10109;S10109,Y,0,0,0,N,0,427,O,"",,"HOUSE NO 186/37 KHASRA NO2075NEAR       RAILWAY CROSSING ANNAPURNA COLONY",,"SUNITA JI",8769762522,,,,,AXUPT9703G,SHIV VIHAR COLONY BH,0,,,,,,0,0,,0,,,,0,0000-00-00,0000-00-00,0000-00-00,,,,305001,0,0,,,,,,,,
D1437,"DHRU ENTERPRISES",8769762522,SHIV VIHAR COLONY BH,"SHIV VIHAR COLONY BHATA AJMER",S10109;S10109;S10109;S10109;S10109;S10109;S10109;S10109,Y,0,0,0,N,0,427,O,"",,"HOUSE NO 186/37 KHASRA NO2075NEAR       RAILWAY CROSSING ANNAPURNA COLONY",,"SUNITA JI",8769762522,,,,,AXUPT9703G,SHIV VIHAR COLONY BH,0,,,,,,0,0,,0,,,,0,0000-00-00,0000-00-00,0000-00-00,,,,305001,0,0,,,,,,,,
D1437,"DHRU ENTERPRISES",8769762522,SHIV VIHAR COLONY BH,"SHIV VIHAR COLONY BHATA AJMER",S10109;S10109;S10109;S10109;S10109;S10109;S10109;S10109,Y,0,0,0,N,0,427,O,"",,"HOUSE NO 186/37 KHASRA NO2075NEAR       RAILWAY CROSSING ANNAPURNA COLONY",,"SUNITA JI",8769762522,,,,,AXUPT9703G,SHIV VIHAR COLONY BH,0,,,,,,0,0,,0,,,,0,0000-00-00,0000-00-00,0000-00-00,,,,305001,0,0,,,,,,,,
D1444,"DHAWAN PLYWOOD",9719690907,MORADABAD,"MORADABAD",S10230,Y,0,0,0,N,0,447,O,"",,"0RAM GANGA VIHAR PHASE-IIKANTH ROAD",,"GAURAV DHAWAN",,,,,,AGMPD6183D,MORADABAD,0,,,gauravdhawan5813@gmail.com,,,0,0,,0,,,,0,0000-00-00,0000-00-00,0000-00-00,,,,244001,0,0,,,,,,,,
D1445,"DEEPIKA DECOR",7023044271,BHOPAL,"BHOPAL",S01883,Y,1000000,30,0,N,0,446,P,"",,"B-4/TRIBHUVAN COLONY SAOLAIYA",,"HIMTARAM SUTHAR",,,,,,BOVPS1327E,BHOPAL,0,,,deepikadecore2009@gmail.com,,,0,0,,0,,,,0,0000-00-00,0000-00-00,0000-00-00,,,,470664,0,0,,,,no,,,,
D145,"DEBENDRA PAL SINGH",,,"",,Y,0,,0,N,0,,O,"",,"NEW DELHI",,"",,,,,,,,0,,,,,,0,0,,0,,,,0,0000-00-00,0000-00-00,0000-00-00,,,,,0,0,,no,,no,,,,
D1452,"DAKSH TRADING CO.",9990942555,GURGAON,"GURGAON",S10015,Y,0,0,0,N,0,441,D,"",,"KHASRA NO.33-2/1 OLD DELHI ROAD OPP. MARUTI GATE NO.-2",,"VINAY GARG",,,,,,AAPFD3374D,GURGAON,0,,,dakshtrading03@gmail.com,,,0,0,,0,,,,0,0000-00-00,0000-00-00,0000-00-00,,,,122017,0,0,,,,,,,,
D1493,"DEEPAK GLASS",9864035547,GUWAHATI,"GUWAHATI",S01825,Y,0,0,0,N,0,215,O,"",,"3 PRANABANDA SARANI PANDU PORT RD ADABARI TINIALI JHALUKBARI",,"PRABHU DAYAL DEEPAK KUMAR",,,,,,AADHP8496E,GUWAHATI,0,,,deepakglass1992@gmail.com,,,0,0,,0,,,,0,0000-00-00,0000-00-00,0000-00-00,,,,781012,0,0,,,,,,,,
D1494,"DILIP SUNMICA CENTRE",9825268422,JUNAGADH,"JUNAGADH",,Y,0,0,0,N,0,332,D,"",,"PARAGON COMPLEX                         M G ROAD",,"",,,,,,AABFD4314P,JUNAGADH,0,,,dilipsunmica@gmail.com,,,0,0,,0,,,,0,1971-01-01,1971-01-01,1971-01-01,,,,362001,0,0,no,no,no,no,,,,
D1504,"DESIGN & BUILD",9435085065,GUWAHATI,"GUWAHATI",S01785,Y,0,0,0,N,0,215,O,"",,"2nd Floor					                           House no 15 Above Mira Musical Mart					 Rajgarh Main Road",,"Chinmoy Nanda 					 Phukan",,,,,,AANFD2030J,Guwahati,0,,,cphukan@yahoo.com,,,0,0,,0,,,,0,0000-00-00,0000-00-00,0000-00-00,,,,781003,0,0,,,,,,,,
D1506,"D K PLYWOOD PVT. LTD.",,BHIWADI,"BHIWADI",,Y,0,0,0,N,0,441,O,"",,"G1/415-416 & 402-403                    RIICO INDUSTRIAL AREA",,"0",,,,,,AAACD6154D,BHIWADI,0,,,DKPLYWOOD@YAHOO.IN,,,0,0,,0,,,,0,0000-00-00,0000-00-00,0000-00-00,,,,301019,0,0,,,,,,,,
D1509,"DURGA HARDWARE",9955310120,RANCHI,"RANCHI",D01932,Y,0,0,0,N,0,222,D,"",,"GROUND FLOOR RAVI LATA COMPLEX					     NEAR POLICE STATIONJHUMRI TELAIYA					  KODERMA",,"ANAND KUMAR SINHA",,,,,,ATFPS0073F,RANCHI,0,,,anandkumarsinha15@gmail.com,,,0,0,,0,,,,0,0000-00-00,0000-00-00,0000-00-00,,,,825409,0,0,,,,,,,,
D1510,"DHINGRA PLYWOOD AND HARDWARE",9997777737,HARIDWAR,"HARIDWAR",S10110,Y,0,0,0,N,0,448,O,"",,"Shri Ramnagar Colony					                Railway Road Jwalapur-Haridwar",,"Utkarsh Dhingra",,,,,,CLYPD5136P,Haridwar,0,,,ud4319@gmail.com,,,0,0,,0,,,,0,0000-00-00,0000-00-00,0000-00-00,,,,249407,0,0,,,,,,,,
D1512,"DECORA",9825073947,AHMEDABAD,"AHMEDABAD",D10375,Y,0,0,0,N,0,332,P,"",,"40 MAHAVIR NAGAR SOC. 					            NEAR L J COLLEGE					                   VASTRAPUR",,"DILIPBHAI SHARMA",,,,,,ARPPS6536B,AHMEDABAD,0,,,decora1967@gmail.com,,,0,0,,0,,,,0,0000-00-00,0000-00-00,0000-00-00,,,,380015,0,0,,,,,,,,
D1514,"DEZINE DEZIRE",6204750154,PATNA,"PATNA",S01386,Y,0,0,0,N,0,219,O,"",,"CO NIKHIL NATRAJ GROUND FLOOR					      BHAIRAV ARCADE EXHIBTION ROAD",,"NIKHIL NATRAJ",,,,,,ACJPN7485K,PATNA,0,,,dezinedezire@gmail.com,,,0,0,,0,,,,0,0000-00-00,0000-00-00,0000-00-00,,,,800001,0,0,,,,,,,,
D1516,"DECO HUB",8868080802,GHAZIABAD,"GHAZIABAD",S10221,Y,0,0,0,N,0,448,O,"",,"ESHF -21 Chhabil Das School Road						   GDA Market Patel Nagar-I",,"Harshit Sharma",,,,,,CHMPS3502G,Ghaziabad,0,,,decohubgzb@gmail.com,,,0,0,,0,,,,0,0000-00-00,0000-00-00,0000-00-00,,,,201001,0,0,,,,,,,,
D1518,"DE STIZAL INTERIOR",9810084946,DELHI,"DELHI",S10042,Y,0,0,0,N,0,441,O,"",,"PLOT-4 VIDYA VIHAR VILLAGE HASTSAL   UTTAM NAGAR SOUTH WEST DELHI            NEW DELHI",,"RAJU",,,,,,AATPS2272H,DELHI,0,,,0,,,0,0,,0,,,,0,1971-01-01,1971-01-01,1971-01-01,,,,110059,0,0,no,no,no,no,,,,
D1527,"DIGNITY",7980347362,KOLKATA,"KOLKATA",D02122,Y,0,0,0,N,0,457,D,"",,"171 30 ANUKUL CHANDRA ROAD						       KOLKATA SOUTH TWENTY FOUR PARGANAS",,"HARADHAN MAITY",,,,,,AATFD6381J,KOLKATA,0,,,haradhanmaity1976@gmail.com,,,0,0,,0,,,,0,0000-00-00,0000-00-00,0000-00-00,,,,700084,0,0,,,,,,,,
D1539,"DEEP JYOTI PAINTS",9806022819,BHOPAL,"BHOPAL",D02049,Y,0,0,0,N,0,446,D,"",,"SHOP NO.205						                        ZONE-II						                            M.P. NAGAR",,"",,,,,,DMXPS6599Q,BHOPAL,0,,,djp.suthar@gmail.com,,,0,0,,0,,,,0,1971-01-01,1971-01-01,1971-01-01,,,,462011,0,0,no,no,no,no,,,,
D1542,"D. K. CONSTRUCTIONS",6294253146,BHOPAL,"BHOPAL",S01883,Y,0,0,0,N,0,446,P,"",,"R-1 NO.54 D.K. KARET						              BAWADIYA KALAN",,"JITENDRA KASHYAP",,,,,,AAAFD7121P,BHOPAL,0,,,info@dkconstructionsbhopal.com,,,0,0,,0,,,,0,1971-01-01,1971-01-01,1971-01-01,,,,462026,0,0,no,no,no,no,,,,
D1555,"DHARAM CHAND TIMBER & PLY WOOD",7206109000,KARNAL,"KARNAL",D10344,Y,0,0,0,N,0,443,D,"",,"BUILDING NO./FLAT NO.203 WARD NO.3 NASEEB VIHAR COLONY               NEAR NEW GRAIN MARKET GHARAUNDA",,"SUMIT JAIN",,,,,,AITPJ5116H,KARNAL,0,,,sumitjain002@gmail.com,,,0,0,,0,,,,0,1971-01-01,1971-01-01,1971-01-01,,,,132114,0,0,no,no,no,no,,,,
D1567,"D. S. DISTRIBUTORS",9822029684,Pune,"PUNE",D02117,Y,0,0,0,N,0,331,O,"",,"FLAT NO.82SNEH SHANTI CHS          LAKERYA MARUTI ROADRASTA PETH",,"SURESH GHANSHYAMDAS DALAL",,,,,,AAPFD3745G,PUNE,0,,,dsdistributors2018@gmail.com,,,0,0,,0,,,,0,1971-01-01,1971-01-01,1971-01-01,,,,411011,0,0,no,no,no,no,,,,
D1568,"DHANUKA ENTERPRISES PRIVATE LIMITED",9886274928,BENGALURU,"BENGALURU",D02062,Y,0,0,0,N,0,553,O,"",,"SHED NO-1 CHUNCHGHATTA MAIN ROAD SHIVA SHAKTHI ROAD                KONANKUNTE CROSS",,"AMIT DHANUKA",,,,,,AABCK4261B,BENGALURU,0,,,dhanukaenterprises@hotmail.com,,,0,0,,0,,,,0,1971-01-01,1971-01-01,1971-01-01,,,,560062,0,0,no,no,no,no,,,,
D1574,"DEY'SNURSINGHOME",9739871728,Sriganganagar,"Sriganganagar",D02203,Y,0,0,0,N,0,427,O,"",,"S.DOHATIA ROAD                     BORPATHAR",,"KAUSHIK DEY",,,,,,AOIPD3128A,Sriganganagar,0,,,deysnursingclinictinsukia@gmail.com,,,0,0,,0,,,,0,1971-01-01,1971-01-01,1971-01-01,,,,786125,0,0,no,no,no,no,,,,
D1576,"DADI JI SALES",9560439482,PATNA,"PATNA",,Y,0,0,0,N,0,219,O,"",,"JANAK KISHORE ROAD KADAM KUAN",,"SHIVAM MODI",,,,,,FHZPM0637N,PATNA,0,,,salesdadiji@gmail.com,,,0,0,,0,,,,0,1971-01-01,1971-01-01,1971-01-01,,,,800003,0,0,no,no,no,no,,,,
D159,"DINABANDHU STEEL & POWER LTD",,,"",,Y,0,,0,N,0,,O,"",,"DUBURI JAJPUR ROAD",,"",,,,,,,,0,,,,,,0,0,,0,,,,0,0000-00-00,0000-00-00,0000-00-00,,,,,0,0,,no,,no,,,,
D159,"DINABANDHU STEEL & POWER LTD",,NULL,"NULL",,Y,0,,0,N,0,,O,"",,"DUBURI JAJPUR ROAD",,"",,,,,,,,0,,,,,,0,0,,0,,,,0,0000-00-00,0000-00-00,0000-00-00,,,,,0,0,,no,,no,,,,
D166,"DAINIK BHASKAR",,,"",,Y,0,,0,N,0,,O,"",,"",,"",,,,,,,,0,,,,,,0,0,,0,,,,0,0000-00-00,0000-00-00,0000-00-00,,,,,0,0,,no,,no,,,,
D168,"DUA FURNISHERS",,REWARI (HARYANA),"REWARI (HARYANA)",,Y,0,,0,N,0,,O,"",,"KATH MANDI",,"",,,,,,,REWARI (HARYANA),0,,,,,,0,0,,0,,,,0,0000-00-00,0000-00-00,0000-00-00,,,,,0,0,,no,,no,,,,
D169,"DUA PLYWOOD & TIMBER TRADERS",,REWARIHARYANA,"REWARI,HARYANA",,Y,0,,0,N,0,,O,"",,"BEHIND CO-OPRATIVE BANK CIRCULAR ROAD",,"",,,,,,,REWARI,HARYANA,0,,,,,,0,0,,0,,,,0,0000-00-00,0000-00-00,0000-00-00,,,,,0,0,,no,,no,,,,
D177,"DARSHAN LAMINATES",9886303369,Bangalore,"BANGALORE",S01405,Y,2000000,60,0,N,0,553,D,"",,"# 32 RING ROADNAGAVARA",,"AJIT MALHOTRA",08041656379,,,,,AAFFD1390P,BANGALORE,0,,,darshan_laminates@yahoo.com,,,0,0,,0,,,,0,0000-00-00,0000-00-00,0000-00-00,,,,560022,0,0,,no,,no,,,,
D182,"DEEPAK KUMAR",,DELHI,"DELHI",,Y,0,,0,N,0,,O,"",,"1/67 WHS KIRTI NAGAR NEW DELHI",,"",,,,,,,DELHI,0,,,,,,0,0,,0,,,,0,0000-00-00,0000-00-00,0000-00-00,,,,,0,0,,no,,no,,,,
D185,"DAMA MAHARAJ",,,"",,Y,0,,0,N,0,,O,"",,"RAJMAHAL SQUARE BHUBANESWAR",,"",,,,,,,,0,,,,,,0,0,,0,,,,0,0000-00-00,0000-00-00,0000-00-00,,,,,0,0,,no,,no,,,,
D185,"DAMA MAHARAJ",,NULL,"NULL",,Y,0,,0,N,0,,O,"",,"RAJMAHAL SQUARE BHUBANESWAR",,"",,,,,,,,0,,,,,,0,0,,0,,,,0,0000-00-00,0000-00-00,0000-00-00,,,,,0,0,,no,,no,,,,
D196,"DEVJANI INTERIORS",,,"",,Y,0,,0,N,0,,O,"",,"MADHUSUDHAN NAGAR CUTTACK",,"",,,,,,,,0,,,,,,0,0,,0,,,,0,0000-00-00,0000-00-00,0000-00-00,,,,,0,0,,no,,no,,,,
D196,"DEVJANI INTERIORS",,NULL,"NULL",,Y,0,,0,N,0,,O,"",,"MADHUSUDHAN NAGAR CUTTACK",,"",,,,,,,,0,,,,,,0,0,,0,,,,0,0000-00-00,0000-00-00,0000-00-00,,,,,0,0,,no,,no,,,,
D400,"DURGA PLYWOOD CENTRE.",,,"",,Y,0,,0,N,0,,O,"",,"CHANDWANI BHAWAN BHALLA ROADHARIDWAR.",,"",,,,,,,,0,,,,,,0,0,,0,,,,0,0000-00-00,0000-00-00,0000-00-00,,,,,0,0,,no,,no,,,,
D450,"DECO PLY AGENCY",9824029837,VADODARA,"VADODARA",,Y,0,45,0,N,0,,O,"",,"OLD LAKKAD PITHA  VADODARA",,"YOGESH  GUPTA",,,,,,AACHG8714P,VADODARA,0,,,decoply@gmail.com,,,0,0,,0,,,,0,0000-00-00,0000-00-00,0000-00-00,,,,,0,0,,no,,no,,,,
D564,"DARSHAN GLASS & PLYWOODS",9845101284,Bangalore,"BANGALORE",,Y,500000,60,0,N,0,553,D,"",,"NO.12 22ND CROSSB.V.K.IYENGAR ROAD",,"RAJEEV R.MALHOTRA",22268819,,,,,,BANGALORE,0,,,dgp2264577@gmail.com,,,0,0,,0,,,,0,0000-00-00,0000-00-00,0000-00-00,,,,560053,0,0,,no,,no,,,,
D5993,"DIPALI MECH",,JEYPORE,"JEYPORE",,Y,0,,0,N,0,,O,"",,"",,"",,,,,,,JEYPORE,0,,,,,,0,0,,0,,,,0,0000-00-00,0000-00-00,0000-00-00,,,,,0,0,,no,,no,,,,
D666,"DAVINDER KUMAR",,,"",,Y,0,,0,N,0,,O,"",,"",,"",,,,,,,,0,,,,,,0,0,,0,,,,0,0000-00-00,0000-00-00,0000-00-00,,,,,0,0,,no,,no,,,,
D701,"DRAWBACK CLAIM RECEIVABLE CAL",,,"",,Y,0,,0,N,0,,O,"",,"",,"",,,,,,,,0,,,,,,0,0,,0,,,,0,0000-00-00,0000-00-00,0000-00-00,,,,,0,0,,no,,no,,,,
D741,"DECOR INDIA (P) LTD.",,NEW DELHI,"NEW DELHI",,Y,0,,0,N,0,,O,"",,"C-197 DEFENCE COLONY",,"",,,,,,,NEW DELHI,0,,,,,,0,0,,0,,,,0,0000-00-00,0000-00-00,0000-00-00,,,,,0,0,,no,,no,,,,
D742,"DECOR INDIA",,DELHI,"DELHI",,Y,0,7,0,N,0,,O,"",,"70/1/2 MANGOL PUR KALAN",,"",,,,,,,DELHI,0,,,,,,0,0,,0,,,,0,0000-00-00,0000-00-00,0000-00-00,,,,,0,0,,no,,no,,,,
D762,"DHINGRA HARDWARE",,MORADABAD,"MORADABAD",,Y,0,,0,N,0,,O,"",,"ASSAM",,"",,,,,,,MORADABAD,0,,,,,,0,0,,0,,,,0,0000-00-00,0000-00-00,0000-00-00,,,,,0,0,,no,,no,,,,
D804,"DURGA TIMBER TRADERS",9822087881,SOLAPUR,"SOLAPUR",SAA004,Y,2500000,45,0,N,0,331,D,"",,"56 C+2+3 BHAVANI PETH RING ROAD",,"PRAVEEN PATEL",,,,,,AABFD0190R,SOLAPUR,0,,,durgatimbertraders@gmail.com,,,0,0,,0,,,,0,0000-00-00,0000-00-00,0000-00-00,,,,413002,0,0,,,,no,,,,
D821,"DALAL & COMPANY",9822052350,Pune,"PUNE",,Y,5000000,30,0,N,0,331,D,"",,"289/4 FATEH DURG NEXT ALLIANCE HOS NEW TIMBER MARKET",,"NAND KUMAR DALAL",,,,,,AAAFD8890P,PUNE,0,,,dalalco60@gmail.com,,,0,0,,0,,,,0,0000-00-00,0000-00-00,0000-00-00,,,,411042,0,0,,,,no,,,,
D830,"DALAL & ASSOCIATES,",9822029684,Pune,"PUNE",S01752,Y,5000000,30,0,N,0,331,D,"",,"296 M G ROAD CAMP",,"SURESH DALAL",,,,,,AACFD4612M,PUNE,0,,,info@dalalply.com,,,0,0,,0,,,,0,0000-00-00,0000-00-00,0000-00-00,,,,411001,0,0,,,,,,,,
D851,"DALAL LAMINATES.",9881463671,Pune,"PUNE",,Y,0,30,0,N,0,331,O,"",,"753 RAVIWAR PETH",,"",,,,,,,PUNE,0,,,dalallaminates@gmail.com,,,0,0,,0,,,,0,0000-00-00,0000-00-00,0000-00-00,,,,411002,0,0,,no,,no,,,,
D893,"DALAL LAMINATES",09881463671,Pune,"PUNE",,Y,3000000,45,0,N,0,331,D,"",,"SHANTI CHAMBERSPLOT NO: 31.S. NO:1",,"DHARMENDRA SHAH",,,,,,AABFD1685M,PUNE,0,,,dalallaminates@gmail.com,,,0,0,,0,,,,0,0000-00-00,0000-00-00,0000-00-00,,,,411033,0,0,,no,,no,,,,
D900,"DELHI SALES CORPORATION",,NEW DELHI,"NEW DELHI",,Y,0,,0,N,0,,O,"",,"4/1 BLOCK NO.2 WHS KIRTI NAGAR TIMBER MARKET",,"",,,,,,,NEW DELHI,0,,,,,,0,0,,0,,,,0,0000-00-00,0000-00-00,0000-00-00,,,,,0,0,,no,,no,,,,
E047,"EMM KAY FORMS PVT LTD",,,"",,Y,0,,0,N,0,,O,"",,"PLOT 28/29 SECTOR - A MANCHESWAR INDUSTRIAL ESTATE ZONE - D",,"",,,,,,,,0,,,,,,0,0,,0,,,,0,0000-00-00,0000-00-00,0000-00-00,,,,,0,0,,no,,no,,,,
E047,"EMM KAY FORMS PVT LTD",,NULL,"NULL",,Y,0,,0,N,0,,O,"",,"PLOT 28/29 SECTOR - A MANCHESWAR INDUSTRIAL ESTATE ZONE - D",,"",,,,,,,,0,,,,,,0,0,,0,,,,0,0000-00-00,0000-00-00,0000-00-00,,,,,0,0,,no,,no,,,,
E048,"EMPRA INTERNATIONAL,",9560824333,NEW DELHI,"NEW DELHI",S10008,Y,2500000,60,0,N,0,451,O,"",,"1/120 W.H.S KIRTI NAGAR",,"MANISH MAHESHWARI",,,,,,AAAHK7866A,NEW DELHI,0,,,accounts@venturaindia.com,,,0,0,,0,,,,0,0000-00-00,0000-00-00,0000-00-00,,,,110015,0,0,,no,,no,,,,
E1003,"EVERGREEN SHIPPING AGENCY",,DELHI,"DELHI",,Y,0,,0,N,0,,O,"",,"",,"",,,,,,,DELHI,0,,,,,,0,0,,0,,,,0,0000-00-00,0000-00-00,0000-00-00,,,,,0,0,,no,,no,,,,
E1007,"ELITE INTERIORS PVT LTD",,KOLKATA,"KOLKATA",,Y,1500000,30,0,N,0,,O,"",,"19/13/H/9 CANEL WEST ROAD",,"",,,,,,,KOLKATA,0,,,,,,0,0,,0,,,,0,0000-00-00,0000-00-00,0000-00-00,,,,,0,0,,no,,no,,,,
E1010,"EXCELLENT TRADING CO.PANIPAT HR.",,PANIPAT (HARYANA),"PANIPAT (HARYANA)",,Y,0,,0,N,0,,O,"",,"SIGHPURA VILLAGE NEAR IOCL REFINERY",,"",,,,,,,PANIPAT (HARYANA),0,,,,,,0,0,,0,,,,0,0000-00-00,0000-00-00,0000-00-00,,,,,0,0,,no,,no,,,,
E1011,"ELITE FURNITURE PRIVATE LIMITED",,KOLKATA,"KOLKATA",,Y,0,,0,N,0,,O,"",,"19/D/H/2/1 CANAL WEST ROAD",,"",,,,,,,KOLKATA,0,,,,,,0,0,,0,,,,0,0000-00-00,0000-00-00,0000-00-00,,,,,0,0,,no,,no,,,,
E1015,"EMPIRE SAFE CO.",,KIRTI NAGAR(NEW DELH,"KIRTI NAGAR(NEW DELH",,Y,0,,0,N,0,,O,"",,"19FURNITURE BLOCK A-UNIT OF R.R.BUILDERS &F",,"",,,,,,,KIRTI NAGAR(NEW DELH,0,,,,,,0,0,,0,,,,0,0000-00-00,0000-00-00,0000-00-00,,,,,0,0,,no,,no,,,,
E1017,"EMERALD HOMES PVT.LTD.",,NEW DELHI,"NEW DELHI",S10008,Y,1000000,45,0,N,0,441,P,"",,"B-93 HILL VIEW APPARTMENT VASANT VIHAR",,"",,,,,,,NEW DELHI,0,,,,,,0,0,,0,,,,0,0000-00-00,0000-00-00,0000-00-00,,,,110057,0,0,no,no,,no,,,,
E1026,"EDEN FOREST PRODUCT",,NAGALAND,"NAGALAND",,Y,0,,0,N,0,,O,"",,"MILAK INDUSTRIAL ESTATE TULI 10THMILE DIST MOKOKCHUNG",,"",,,,,,,NAGALAND,0,,,,,,0,0,,0,,,,0,0000-00-00,0000-00-00,0000-00-00,,,,,0,0,,no,,no,,,,
E1029,"EVO GREEN SOLUTIONS PVT LTD",,NEW DELHI,"NEW DELHI",,Y,0,0,0,N,0,,P,"",,"1/5 W.H.S. KIRTI NAGAR",,"KARAN BANSALKUNAL BANSAL",,,,,,AACCE0426H,NEW DELHI,0,,,,,,0,0,,0,,,,0,0000-00-00,0000-00-00,0000-00-00,,,,,0,0,,no,,no,,,,
E1030,"EXCLUSIVE RESIDENCE INDIA LLP",,NEW DELHI,"NEW DELHI",,Y,0,,0,N,0,,P,"",,"5TH FLOOR NBCC BUILDING LODHI ROAD",,"",,,,,,AAOFE0342E,NEW DELHI,0,,,,,,0,0,,0,,,,0,0000-00-00,0000-00-00,0000-00-00,,,,,0,0,,no,,no,,,,
E1036,"EVERASSAM TEA PRIVATE LIMITED",,TINSUKIA,"TINSUKIA",,Y,0,,0,N,0,,O,"",,"LAIPULI  ASSAM",,"",,,,,,AAACE7963R,TINSUKIA,0,,,,,,0,0,,0,,,,0,0000-00-00,0000-00-00,0000-00-00,,,,,0,0,,no,,no,,,,
E1059,"ELECTROSPARK",9911889540,GURGAON,"GURGAON",,Y,0,45,0,N,0,,P,"",,"PLOT NO.77SECTOR-8 IMT MANESAR",,"",,,,,,ABNPN6370Q,GURGAON,0,,,sukram@electrospark.co.in,,,0,0,,0,,,,0,0000-00-00,0000-00-00,0000-00-00,,,,,0,0,,no,,no,,,,
E1060,"ENART INTERIORS",9930259513,SALCETE,"SALCETE",S01698,Y,0,0,0,N,0,553,O,"",,"SURVEYNO.41/1/2/3 MAHARANI BUNGLOWH.NO.8 (OLD) ASCONWADDO",,"",,,,,,,SALCETE,0,,,atifk@enartinteriors.com,,,0,0,,0,,,,0,0000-00-00,0000-00-00,0000-00-00,,,,403713,0,0,,no,,no,,,,
E1062,"EM PEE PLYWOOD CORPORATION",9555146234,GHAZIABAD,"GHAZIABAD",,Y,0,45,0,N,0,,D,"",,"167HAPUR ROAD",,"BHABYA BANSAL",,,,,,AAAFE5653K,GHAZIABAD,0,,,bbansal28@gmail.com,,,0,0,,0,,,,0,0000-00-00,0000-00-00,0000-00-00,,,,,0,0,,no,,no,,,,
E1065,"ESSA INFRABUILD PVT.LTD.",9899071974,GURGAON,"GURGAON",S10155,Y,0,30,0,N,0,441,P,"",,"DHARAMBIR APARTMENTSEC-55 VILLAGE:-GHATA India",,"KAUSHALCHAUDHARY / DIVEDI JI",,,,,,AADCE5373L,GURGAON,0,,,essainfrabuild@gmail.com,,,0,0,,0,,,,0,0000-00-00,0000-00-00,0000-00-00,,,,122001,0,0,no,no,,no,,,,
E1066,"ELECTRO FAB ENGINEERS",9826228300,GWALIOR,"GWALIOR",,Y,1500000,30,0,N,0,446,P,"",,"3 INDUSTRIAL ESTATEBIRLANAGAR",,"",,,,,,AAMFM1160H,GWALIOR,0,,,woodfabgwalior@gmail.com,,,0,0,,0,,,,0,0000-00-00,0000-00-00,0000-00-00,,,,474004,0,0,,no,,no,,,,
E1069,"EMPHATIC SYSTEMS",9898022256,AHMEDABAD,"AHMEDABAD",,Y,0,0,0,N,0,332,P,"",,"403 SAHAJANAND PALACEOPP RAHUL TOWERS SATELLITE",,"",,,,,,ADFPM1479H,AHMEDABAD,0,,,,,,0,0,,0,,,,0,0000-00-00,0000-00-00,0000-00-00,,,,380015,0,0,,no,,no,,,,
E1075,"EMM DEE PLYWOOD INDUSTRIES",9996000330,YAMUNA NAGAR,"YAMUNA NAGAR",,Y,1000000,30,0,N,0,,O,"",,"VILLAGE :-JORIAN",,"HIMANSHU KUMAR",,,,,,AACFE5903A,YAMUNA NAGAR,0,,,emmdeeplywood1@gmail.com,,,0,0,,0,,,,0,0000-00-00,0000-00-00,0000-00-00,,,,,0,0,,no,,no,,,,
E1085,"EUROPLAK SV CUCINE INDIA LIMITED",9823076142,Pune,"PUNE",,Y,2000000,7,0,N,0,331,O,"",,"S.NO37/1-4/3/1 KONDHWA PISOLI ROADPISOLI",,"ABHISHEK BHUTADA",9823076142,,,,,AABCE4739Q,PUNE,0,,,sales@europlak.in,,,0,0,,0,,,,0,0000-00-00,0000-00-00,0000-00-00,,,,411060,0,0,,no,,no,,,,
E1099,"EUTAIR EQUIPMENTS LLP",9582911766,WEST DELHI,"WEST DELHI",S10008;S10155,Y,0,0,0,N,0,441,O,"",,"A-3/37CGREEN APARTMENTS                 PASCHIM VIHAR                            WEST DELHI",,"RISHI RAJ",,,,,,AAGFE0760M,DELHI,0,,,,,,0,0,,0,,,,0,1971-01-01,1971-01-01,1971-01-01,,,,110063,0,0,no,no,no,no,,,,
E1099,"EUTAIR EQUIPMENTS LLP",9582911766,DELHI,"DELHI",S10008;S10155,Y,0,0,0,N,0,441,O,"",,"A-3/37CGREEN APARTMENTS                 PASCHIM VIHAR                            WEST DELHI",,"RISHI RAJ",,,,,,AAGFE0760M,DELHI,0,,,,,,0,0,,0,,,,0,1971-01-01,1971-01-01,1971-01-01,,,,110063,0,0,no,no,no,no,,,,
E1105,"ELECTRO COPPER & ALLOYS MANUFACTURING CO.",3322101495,KOLKATA,"KOLKATA",,Y,0,0,0,N,0,221,O,"",,"36 STRAND ROAD 2ND FLOOR ROOM NO. 2",,"AMAR NATH SHARMA",,,,,,AAAFE7251P,KOLKATA,0,,,info@electrocopperalloys.com,,,0,0,,0,,,,0,0000-00-00,0000-00-00,0000-00-00,,,,700001,0,0,,,,no,,,,
E1108,"ENDAVIA",-159152,AHMEDABAD,"AHMEDABAD",,Y,0,0,0,N,0,332,O,"",,"6 NEW ANAND SHOPPING CENTRE            HANSOL ROADSARDARNAGAR",,"SANJAY SANCHANIA",,,,,,BJOPS8240Q,AHMEDABAD,0,,,,,,0,0,,0,,,,0,0000-00-00,0000-00-00,0000-00-00,,,,382475,0,0,,,,,,,,
E1112,"EXCELLENT CUSTOMER SERVICES",9725417979,RAJKOT,"RAJKOT",,Y,0,0,0,N,0,332,O,"",,"OPP ADICO SPARES BHAKTINAGAR STATI NEAR VASANT BRASS",,"CHIRAGBHAI DOSHI",9725417979,,,,,AAMPD0719R,RAJKOT,0,,,ecsgodrej@gmail.com,,,0,0,,0,,,,0,0000-00-00,0000-00-00,0000-00-00,,,,360002,0,0,,,,,,,,
E1117,"EUROCOUSTIC PRODUCTS LTD.",9869930826,DAMAN,"DAMAN",S01430,Y,0,0,0,N,0,,O,"",,"SURVEY NO.-355 VAPI KACHIGAM ROAD					 KACHIGAM DAMAN (U.T)",,"Mr. GANGA VASUDEVAN",,,,,,AAACE0096R,DAMAN,0,,,purchase.mumbai@eplgroup.co.in,,,0,0,,0,,,,0,0000-00-00,0000-00-00,0000-00-00,,,,396210,0,0,,,,,,,,
E1121,"EHOME DÉCOR BUSINESS BRIDGE PRIVATE LIMITED",9879031002,JUNAGADH,"JUNAGADH",,Y,0,0,0,N,0,332,P,"",,"KARIMABAD SOC                           BLOCK A-5                                NEAR HONDA SHOWROOM",,"AMINBHAI KOTADIYA",,,,,,AAHCE2929A,JUNAGADH,0,,,amin@ehomedecor.in,,,0,0,,0,,,,0,0000-00-00,0000-00-00,0000-00-00,,,,362001,0,0,,,,,,,,
E1123,"ELAMII PLYWOODS PRIVATE LIMITED",9300470727,INDORE,"INDORE",S01630;D02169,Y,0,0,0,N,0,446,P,"",,"FLAT NO.101-B                      170-A SAI REGENCY MAHALAXMI",,"SHAKTI KOTHARI",9300470727,,,,,AAECE5728J,INDORE,0,,,lamiindore@gmail.com,,,0,0,,0,,,,0,1971-01-01,1971-01-01,1971-01-01,,,,452016,0,0,no,no,no,no,,,,
E1124,"EXCELLENT NEXGEN LLP",9725417979,RAJKOT,"RAJKOT",,Y,0,0,0,N,0,332,D,"",,"JAY PARK 3 NEAR SAVAN SIGNET						      BUSINESS MARKET-3 RAIYA ROAD						     OPP TULSHI SUPER MARKET",,"",,,,,,AAKFE3861H,RAJKOT,0,,,excellentrajkot@gmail.com,,,0,0,,0,,,,0,0000-00-00,0000-00-00,0000-00-00,,,,360005,0,0,,,,,,,,
E1131,"EDHA ENGINEERING",9480727273,SIRSI,"SIRSI",D01951,Y,0,0,0,N,0,553,O,"",,"#55 JUMMANAKOPPA ROAD            JUMMANAKOPPA BUS STOP             PO: HUNASEKOPPAYACHADI UTTARA KANNADA",,"PAVANKUMAR HEGDE",,,,,,ABYFM0868K,SIRSI,0,,,hegdepavankumar61@gmail.com,,,0,0,,0,,,,0,1971-01-01,1971-01-01,1971-01-01,,,,581403,0,0,no,no,no,no,,,,
E1132,"EVERGREENS TIMBER TRADER",9871760021,GREATER NOIDA,"GREATER NOIDA",S10152,Y,0,0,0,N,0,448,O,"",,"G-006 SITE 4 KASNA INDUSTRIAL AREA GREATER NOIDA GAUTAMBUDHA NAGAR",,"PURUSHOTTAM SHARMA",,,,,,AALFE4631N,GREATER NOIDA,0,,,purushottamsharma801@gmail.com,,,0,0,,0,,,,0,1971-01-01,1971-01-01,1971-01-01,,,,201308,0,0,no,no,no,no,,,,
E1134,"E3 ECOGREEN PRIVATE LIMITED",9818311099,GURUGRAM,"GURUGRAM",S10137,Y,0,0,0,N,0,441,D,"",,"GROUND FLOOR KH 89/11/3 SHOP NO. 7 OPP PALAM VIHAR C-1 SECTOR 1-2 ROAD  ASHOK VIHAR PHASE - 3",,"KSHITIJ MITTAL",,,,,,AAFCE6836L,GURUGRAM,0,,,e3kitchenstudio@gmail.com,,,0,0,,0,,,,0,1971-01-01,1971-01-01,1971-01-01,,,,122001,0,0,no,no,no,no,,,,
E1136,"ECO PIPE COMPANY",9822511300,HISAR,"HISAR",D01978,Y,0,0,0,N,0,443,D,"",,"PLOT NO 16/1/P                     NEAR ESDS CIRCLE                    M.I.D.C  SATPUR NASHIK",,"CHITRAGUPTA BHAGATRAM",,,,,,AAFFE8592E,HISAR,0,,,support@clarusgroup.in,,,0,0,,0,,,,0,1971-01-01,1971-01-01,1971-01-01,,,,422007,0,0,no,no,no,no,,,,
E712,"EKAL VIDYALAYA FOUNDATION OF INDIA",,NEW DELHI,"NEW DELHI",,Y,0,,0,N,0,,O,"",,"I-FLRPLOT NO.8 UNIVERSAL PH-IILSCOKHLA IND.AREA",,"",,,,,,,NEW DELHI,0,,,,,,0,0,,0,,,,0,0000-00-00,0000-00-00,0000-00-00,,,,,0,0,,no,,no,,,,
E810,"EFTIST BROTHERS.",09870566063,MUMBAI,"MUMBAI",,Y,1500000,45,0,N,0,331,D,"",,"145 BAPUKHOTE STREETJAMLI MOHALLA",,"TURAB ARSIWALLA",,,,,,AAAFE0787C,MUMBAI,0,,,mva.mumbai@gmail.com,,,0,0,,0,,,,0,0000-00-00,0000-00-00,0000-00-00,,,,400003,0,0,,no,,no,,,,
F1003,"FAIR DESIGN INDIA PVT.LTD",,,"",,Y,0,,0,N,0,,O,"",,"",,"",,,,,,,,0,,,,,,0,0,,0,,,,0,0000-00-00,0000-00-00,0000-00-00,,,,,0,0,,no,,no,,,,
F1014,"FRICK INDIA LTD",,NEW DELHI,"NEW DELHI",,Y,0,,0,N,0,,O,"",,"198 GOLF LINK",,"",,,,,,AAACF0410C,NEW DELHI,0,,,,,,0,0,,0,,,,0,0000-00-00,0000-00-00,0000-00-00,,,,,0,0,,no,,no,,,,
F1015,"FALCON REAL ESTATE PVT LTD",,BHUBANESWAR,"BHUBANESWAR",,Y,0,,0,N,0,,O,"",,"A/22CUTTACK ROAD FALCON HOUSE 1ST FLOOR",,"",,,,,,,BHUBANESWAR,0,,,,,,0,0,,0,,,,0,0000-00-00,0000-00-00,0000-00-00,,,,,0,0,,no,,no,,,,
F1020,"FLOOR CARE SYSTEM",,,"",S01405,Y,0,,0,N,0,553,O,"",,"# 92/1 ORC RoadAustin Town Bangalore",,"",,,,,,,,0,,,,,,0,0,,0,,,,0,0000-00-00,0000-00-00,0000-00-00,,,,,0,0,,no,,no,,,,
F1020,"FLOOR CARE SYSTEM",,,"",S01405,Y,0,,0,N,0,553,O,"",,"# 92/1 ORC RoadAustin Town Bangalore",,"",,,,,,,,0,,,,,,0,0,,0,,,,0,0000-00-00,0000-00-00,0000-00-00,,,,,0,0,,no,,no,,,,
F1020,"FLOOR CARE SYSTEM",,NULL,"NULL",S01405,Y,0,,0,N,0,553,O,"",,"# 92/1 ORC RoadAustin Town Bangalore",,"",,,,,,,,0,,,,,,0,0,,0,,,,0,0000-00-00,0000-00-00,0000-00-00,,,,,0,0,,no,,no,,,,
F1025,"FREE SAMPLE DISTRIBUTION",,.,".",S10042,Y,0,0,0,N,0,457,O,"",,"INDIA",,"0",,,,,,,KOLKATA,0,,,,,,0,0,,0,,,,0,1971-01-01,1971-01-01,1971-01-01,,,,700017,0,0,no,no,no,no,,,,
F1025,"FREE SAMPLE DISTRIBUTION",,KOLKATA,"KOLKATA",S10042,Y,0,0,0,N,0,457,O,"",,"INDIA",,"0",,,,,,,KOLKATA,0,,,,,,0,0,,0,,,,0,1971-01-01,1971-01-01,1971-01-01,,,,700017,0,0,no,no,no,no,,,,
F1036,"FRONTIER EMPORIO.",9810558000,NEW DELHI,"NEW DELHI",S10056,Y,0,30,0,N,0,,P,"",,"B-223NARAINA INDUSTRIAL AREA PHASE-2NEAR BIKANER SWEETS",,"",,,,,,AADFF0140R,NEW DELHI,0,,,satish@frontierraas.com,,,0,0,,0,,,,0,0000-00-00,0000-00-00,0000-00-00,,,,,0,0,,no,,no,,,,
F1037,"FRONTIER EMPORIO",9810558000,CHANDIGARH,"CHANDIGARH",S10056,Y,0,0,0,N,0,,P,"",,"SCO-1-2-3SEC-17D OPP RBI & TAJ PALACE HOTEL",,"",,,,,,AADFF0140R,CHANDIGARH,0,,,satish@frontierraas.com,,,0,0,,0,,,,0,0000-00-00,0000-00-00,0000-00-00,,,,,0,0,,no,,no,,,,
F1043,"FORMICA LAMINATES ( I ) PVT.LTD.",1146521555,NEW DELHI,"NEW DELHI",,Y,0,0,0,N,0,,O,"",,"B-127 IST FLOOR WHS KIRTI NAGAR India",,"",,,,,,AABCF8143R,NEW DELHI,0,,,ARUN.DUBEY@FORMICA.COM,,,0,0,,0,,,,0,0000-00-00,0000-00-00,0000-00-00,,,,,0,0,,no,,no,,,,
F1045,"FAST STEP CO",9130059261,Goa,"GOA",S01698,Y,1000000,45,0,N,0,553,O,"",,"P.O.BOX No.6ChicalimIndia",,"",,,,,,,Goa,0,,,,,,0,0,,0,,,,0,0000-00-00,0000-00-00,0000-00-00,,,,403911,0,0,,no,,no,,,,
F1050,"FRIENDS DESIGN STUDIO",9922166866,NAGPUR,"NAGPUR",D01982,Y,0,0,0,N,0,331,D,"",,"100 AVG Layout                          Chaprunagar Square                       LAKADGANJ",,"SHANKAR MISHRA",,,,,,AACFF8146J,NAGPUR,0,,,friendsdesignstore@gmail.com,,,0,0,,0,,,,0,1971-01-01,1971-01-01,1971-01-01,,,,440008,0,0,no,no,no,no,,,,
F1053,"FRONTIER RAAS PVT.LTD.",9810558000,NEW DELHI,"NEW DELHI",,Y,0,0,0,N,0,,P,"",,"D-3SOUTH EXTENTIONPART-II  India",,"SATISH JI",,,,,,AABCF8220F,NEW DELHI,0,,,satish@frontierraas.com,,,0,0,,0,,,,0,0000-00-00,0000-00-00,0000-00-00,,,,,0,0,,no,,no,,,,
F1056,"17000 FT FOUNDATION",9811646467,NEW DELHI,"NEW DELHI",,Y,1000000,30,0,N,0,,O,"",,"11CSC 6 PARK PLAZADDA MKT. SEC-9ROHINI",,"S. SAHU",,,,,,AAACZ5957C,NEW DELHI,0,,,reach.us@17000ft.org,,,0,0,,0,,,,0,0000-00-00,0000-00-00,0000-00-00,,,,,0,0,,no,,no,,,,
F1060,"FATEH PLYWOOD AND GLASSES",9027195194,BADAUN,"BADAUN",,Y,0,0,0,N,0,,D,"",,"SIX ROAD STATION ROAD India",,"HYDER ALI KHAN",,,,,,AQPPK89141,BADAUN,0,,,hyderalisasaaim@gmail.com,,,0,0,,0,,,,0,0000-00-00,0000-00-00,0000-00-00,,,,,0,0,,no,,no,,,,
F1079,"FANCY HARDWARE STORE",7006974955,JAMMU,"JAMMU",S10074,Y,0,0,0,N,0,454,D,"",,"R. N. BAZAR CITY CHOWK",,"KANAV SHARMA",,,,,,BHUPS0176F,JAMMU,0,,,sharma.kanav@yahoo.co.in,,,0,0,,0,,,,0,0000-00-00,0000-00-00,0000-00-00,,,,180001,0,0,,,,,,,,
F1114,"4 ARCHS PROJECT PVT LTD",9076078018,MUMBAI,"MUMBAI",S01430,Y,0,0,0,N,0,331,O,"",,"OFF S.V.ROADKW/345ROAD OVER BRIDGE NEAR HABIBA MASJIDOPP -RAILWAY STATION OSHIWARA",,"FIROZ BHAI",,,,,,AABCZ6862F,MUMBAI,0,,,info@4archs.com,,,0,0,,0,,,,0,1971-01-01,1971-01-01,1971-01-01,,,,400102,0,0,no,no,no,no,,,,
G0008,"GOLD MOHAR PANELS PVT LTD",9158881302,NAGPUR,"NAGPUR",,Y,1500000,30,0,N,0,331,O,"",,"PLOT NO 16OLD UMIYA IND.AREAKAPSI KHURDBADNERA ROAD",,"",,,,,,AACCS2219Q,NAGPUR,0,,,arungoenka@mpveneers.com,,,0,0,,0,,,,0,0000-00-00,0000-00-00,0000-00-00,,,,440001,0,0,,no,,no,,,,
G006,"GLASS & PLYWOOD EMPORIUM",8022261003,Bangalore,"BANGALORE",D10378,Y,0,0,0,N,0,553,D,"",,"NO.65 MISSION MARVEL",,"SHABBIR ABBAS",,,,,,AABFG1243Q,BENGALURU,0,,,mustloks@gmail.com,,,0,0,,0,,,,0,1971-01-01,1971-01-01,1971-01-01,,,,560027,0,0,no,no,no,no,,,,
G006,"GLASS & PLYWOOD EMPORIUM",8022261003,BENGALURU,"BENGALURU",D10378,Y,0,0,0,N,0,553,D,"",,"NO.65 MISSION MARVEL",,"SHABBIR ABBAS",,,,,,AABFG1243Q,BENGALURU,0,,,mustloks@gmail.com,,,0,0,,0,,,,0,1971-01-01,1971-01-01,1971-01-01,,,,560027,0,0,no,no,no,no,,,,
G008,"GOEL HARDWARE STORES, ORISSA",,,"",,Y,0,,0,N,0,,O,"",,"",,"",,,,,,,,0,,,,,,0,0,,0,,,,0,0000-00-00,0000-00-00,0000-00-00,,,,,0,0,,no,,no,,,,
G083,"GANESH SINGH",,,"",,Y,0,,0,N,0,,O,"",,"",,"",,,,,,,,0,,,,,,0,0,,0,,,,0,0000-00-00,0000-00-00,0000-00-00,,,,,0,0,,no,,no,,,,
G089,"GULSHAN KUMAR PAHWA",,,"",,Y,0,,0,N,0,,O,"",,"",,"",,,,,,,,0,,,,,,0,0,,0,,,,0,0000-00-00,0000-00-00,0000-00-00,,,,,0,0,,no,,no,,,,
G090,"G P AGARWAL",,NEW DELHI,"NEW DELHI",,Y,0,,0,N,0,,O,"",,"C%ALLIANZ SECURITY LTD. 2nd FLOOR3 SINDHIYA HOUS",,"",,,,,,,NEW DELHI,0,,,,,,0,0,,0,,,,0,0000-00-00,0000-00-00,0000-00-00,,,,,0,0,,no,,no,,,,
G100,"GUPTA AGENCIES",9419184762,JAMMU,"JAMMU",S10074,Y,0,0,0,N,0,454,D,"",,"PARADE ROAD",,"SUNIL GUPTASUNIL GUPTA",01912545430,,,,,AABFG2439C,JAMMU,0,,,skguptajk@gmail.com,,,0,0,,0,,,,0,0000-00-00,0000-00-00,0000-00-00,,,,180001,0,0,,,,,,,,
G1008,"GURU NANAK TIMBER",+91-0162-822844,KHANNA,"KHANNA",S10074,Y,0,0,0,N,0,454,D,"",,"SAMRALA  ROAD",,"",,,,,,ATMPS3308N,KHANNA,0,,,,,,0,0,,0,,,,0,0000-00-00,0000-00-00,0000-00-00,,,,141401,0,0,,,,,,,,
G1008,"GURU NANAK TIMBER",+91-0162-822844,KHANNA (PUN),"KHANNA (PUN)",S10074,Y,0,0,0,N,0,454,D,"",,"SAMRALA  ROAD",,"",,,,,,ATMPS3308N,KHANNA,0,,,,,,0,0,,0,,,,0,0000-00-00,0000-00-00,0000-00-00,,,,141401,0,0,,,,,,,,
G1015,"GUJRAL BROTHERS",,NEW DELHI,"NEW DELHI",,Y,0,,0,N,0,,O,"",,"142ARJUN NAGAR KOTLA MUBARAKPUR",,"",,,,,,,NEW DELHI,0,,,,,,0,0,,0,,,,0,0000-00-00,0000-00-00,0000-00-00,,,,,0,0,,no,,no,,,,
G1017,"GLASS EMPORIUM",8271111132,GOPALGANJ,"GOPALGANJ",,Y,0,30,0,N,0,219,D,"",,"SHYAM CINEMA ROAD",,"RAJESH KUMAR",,,,,,,GOPALGANJ,0,,,rk.glassemporium@rediffmail.com,,,0,0,,0,,,,0,0000-00-00,0000-00-00,0000-00-00,,,,841413,0,0,,no,,no,,,,
G1025,"GUPTA GLASS & PLYWOOD STORE,AMBALA",,AMBALA CITY (HARYANA,"AMBALA CITY (HARYANA",,Y,0,,0,N,0,,O,"",,"HISSAR ROAD",,"",,,,,,,AMBALA CITY (HARYANA,0,,,,,,0,0,,0,,,,0,0000-00-00,0000-00-00,0000-00-00,,,,,0,0,,no,,no,,,,
G1034,"GANGA FLOUR MILLS PVT.LTD.",,NEW DELHI,"NEW DELHI",,Y,0,,0,N,0,,O,"",,"B-37LAWRENCE ROAD",,"",,,,,,,NEW DELHI,0,,,,,,0,0,,0,,,,0,0000-00-00,0000-00-00,0000-00-00,,,,,0,0,,no,,no,,,,
G1040,"GANPATI TRADERS",9826360703,BILASPUR,"Bilaspur",,Y,0,0,0,N,0,420,O,"",,"MUNGELI ROAD CHATTISGARH",,"YOGESH PATEL",,,,,,AJVPP5167H,BILASPUR,0,,,yogesh.patel382@gmail.com,,,0,0,,0,,,,0,0000-00-00,0000-00-00,0000-00-00,,,,495001,0,0,,,,,,,,
G1044,"GARG PLYWOOD",,NEW DELHI,"NEW DELHI",,Y,0,,0,N,0,,O,"",,"SHASTRI  NAGAR TRI NAGAR",,"",,,,,,,NEW DELHI,0,,,,,,0,0,,0,,,,0,0000-00-00,0000-00-00,0000-00-00,,,,,0,0,,no,,no,,,,
G1051,"GREEN MARKETING (P) LTD",,GHAZIABAD,"GHAZIABAD",,Y,1000000,0,0,N,0,454,O,"",,"2 JAGDISH NAGARHAPUR ROAD",,"",,,,,,,GHAZIABAD,0,,,,,,0,0,,0,,,,0,0000-00-00,0000-00-00,0000-00-00,,,,245101,0,0,,no,,no,,,,
G1055,"GUPTA & COMPANY",,LUDHIANA (PUNJAB),"LUDHIANA (PUNJAB)",,Y,0,,0,N,0,,O,"",,"S.C.F.-38NEW GRAIN MARKE BEHIND ARORA PALACEGILL",,"",,,,,,,LUDHIANA (PUNJAB),0,,,,,,0,0,,0,,,,0,0000-00-00,0000-00-00,0000-00-00,,,,,0,0,,no,,no,,,,
G1056,"GEETHA PLYWOOD & HARDWARE",9448147038,DHARWAD,"DHARWAD",S01797,Y,3000000,45,0,N,0,553,D,"",,"OPP.VRL OFFICE SAUDAFI ROADDHARWAD-01",,"PURSHOTHAM PATEL",08362447038,,,,,ABZPP2425L,DHARWAD,0,,,geeta643@gmail.com,,,0,0,,0,,,,0,0000-00-00,0000-00-00,0000-00-00,,,,580001,0,0,,no,,no,,,,
G1068,"GUJARAT TIMBER STORE",,ALLAHABAD (U.P.),"ALLAHABAD (U.P.)",,Y,0,,0,N,0,,O,"",,"197TILAK ROAD BANS MANDI",,"",,,,,,,ALLAHABAD (U.P.),0,,,,,,0,0,,0,,,,0,0000-00-00,0000-00-00,0000-00-00,,,,,0,0,,no,,no,,,,
G1075,"G M VENEERS & PLY",9860098686,Pune,"PUNE",SAA004,Y,5000000,30,0,N,0,331,D,"",,"267/1 MAHAVIR DARSHAN COMPLEX TIMBER MARKET",,"ASHWIN SHAH",9860098686,,,,,AHOPS2409N,PUNE,0,,,gmveneers@gmail.com,,,0,0,,0,,,,0,0000-00-00,0000-00-00,0000-00-00,,,,411042,0,0,,no,,no,,,,
G1079,"GUPTA PLYWOOD MART",0,ASSANSOL,"ASSANSOL",S01657;D02002,Y,0,0,0,N,0,457,O,"",,"SHANKAR PLAZA MURGASOL",,"0",,,,,,0,ASSANSOL,0,,,0,,,0,0,,0,,,,0,0000-00-00,0000-00-00,0000-00-00,,,,713031,0,0,,no,,no,,,,
G1082,"GANESH SAW MILL",09890670909,LATUR,"LATUR",,Y,2500000,45,0,N,0,331,D,"",,"SAHU CIRCLENANDED ROAD",,"",,,,,,,LATUR,0,,,,,,0,0,,0,,,,0,0000-00-00,0000-00-00,0000-00-00,,,,413512,0,0,,no,,no,,,,
G1085,"GLASS CENTRE",,BHUBANESWAR,"BHUBANESWAR",,Y,0,,0,N,0,,O,"",,"DAMANA SQUARE",,"",,,,,,,BHUBANESWAR,0,,,,,,0,0,,0,,,,0,0000-00-00,0000-00-00,0000-00-00,,,,,0,0,,no,,no,,,,
G1089,"GREEN MARKETING SERVICES",9877000154,PATIALA,"PATIALA",,Y,1500000,0,0,N,0,,D,"",,"SCF# 9MUNGFALI MARKET NABHA GATE",,"SUNIL KUMAR",,,,,,AHPPK6478C,PATIALA,0,,,rakeshmadaan.rm@gmail.com,,,0,0,,0,,,,0,0000-00-00,0000-00-00,0000-00-00,,,,,0,0,,no,,no,,,,
G1093,"GODDONE INFRASTRUCTURES PVT LTD",,NOIDA (U.P.),"NOIDA (U.P.)",,Y,0,0,0,N,0,,P,"",,"F-45SECTOR-11",,"",,,,,,,NOIDA (U.P.),0,,,,,,0,0,,0,,,,0,0000-00-00,0000-00-00,0000-00-00,,,,,0,0,,no,,no,,,,
G1099,"GINNI CONSUMERS PRODUCTS",,HARIDWAR,"HARIDWAR",,Y,0,,0,N,0,,O,"",,"D-38 BAHDRABAD INDL. AREA",,"",,,,,,,HARIDWAR,0,,,,,,0,0,,0,,,,0,0000-00-00,0000-00-00,0000-00-00,,,,,0,0,,no,,no,,,,
G1102,"GREEN INITIATIVES CERTIFICATION & INSPE.AGY",,NOIDA,"NOIDA",,Y,0,,0,N,0,,O,"",,"C-103SEC-44",,"",,,,,,,NOIDA,0,,,,,,0,0,,0,,,,0,0000-00-00,0000-00-00,0000-00-00,,,,,0,0,,no,,no,,,,
G1110,"GEMINI DISTRIBUTORS",,Pune,"PUNE",,Y,2500000,30,0,N,0,331,D,"",,"557/23 HANDE WADINEAR MAYUR MANGAL KARYALAY",,"KISHORE MUTHA",0942391319,,,,,,PUNE,0,,,,,,0,0,,0,,,,0,0000-00-00,0000-00-00,0000-00-00,,,,412308,0,0,,no,,no,,,,
G1114,"GUPTA INDUSTRIES",9215978001,KAITHA,"KAITHA",,Y,0,,0,N,0,,O,"",,"KAITHAL ROAD PEEDAL CHEEKA DISTRICT KAITHAL",,"",,,,,,,KAITHA,0,,,,,,0,0,,0,,,,0,0000-00-00,0000-00-00,0000-00-00,,,,,0,0,,no,,no,,,,
G1116,"G S TIMBER & PLYWOOD",9996375349,AMBALA CANTT,"AMBALA CANTT",,Y,0,0,0,N,0,,D,"",,"2693TIMBER MARKET",,"",,,,,,AAJFG2727M,AMBALA CANTT,0,,,saurabhgupta_1984@yahoo.com,,,0,0,,0,,,,0,0000-00-00,0000-00-00,0000-00-00,,,,,0,0,,no,,no,,,,
G1119,"G G MARKETING",9431360035,RANCHI,"RANCHI",,Y,2300000,30,0,N,0,222,D,"",,"BARALAL STREET UPPER BAZAR RANCHI",,"RAKESH CHITLANGIA",9835193625,,,,,ADHPC7854N,RANCHI,0,,,ggmarketingranchi@gmail.com,,,0,0,,0,,,,0,0000-00-00,0000-00-00,0000-00-00,,,,834001,0,0,,,,,,,,
G1120,"GANESH PLYWOOD",-262967,JUNAGADH,"JUNAGADH",S01769,Y,0,0,0,N,0,332,O,"",,"18 SARDAR PATEL BHAVAN                  JAYSHREE ROAD",,"PRATIK PATEL",,,,,,AABFG8668H,JUNAGADH,0,,,,,,0,0,,0,,,,0,1971-01-01,1971-01-01,1971-01-01,,,,362001,0,0,no,no,no,no,,,,
G1122,"GANNON INTERNATIONAL",9821732988,BELGAUM,"BELGAUM",,Y,1000000,60,0,N,0,553,O,"",,"PLOT 1 & 2 SUVARNA NAGARBASTWADANEAR SUVARNA SOUDHA",,"GANESH PATAK",,,,,,,BELGAUM,0,,,,,,0,0,,0,,,,0,0000-00-00,0000-00-00,0000-00-00,,,,,0,0,,no,,no,,,,
G1141,"GREEN PLY INDUSTRIES LIMITED",9662050835,SURENDRANAGAR,"SURENDRANAGAR",,Y,0,0,0,N,0,332,O,"",,"PLOT NO 829 TO 832910 TO 913           1003 TO 1005 GIDC ESTATE BAMANBORE",,"0",,,,,,AAACG7284R,SURENDRANAGAR,0,,,bamanbore@greenply.com,,,0,0,,0,,,,0,1971-01-01,1971-01-01,1971-01-01,,,,365520,0,0,no,no,no,no,,,,
G1143,"GOPAL SWAROOP ARUN KUMAR",9837067114,BULANDSHAHAR,"BULANDSHAHAR",S10230,Y,0,0,0,N,0,447,D,"",,"NEAR ANOOPSHAHR BUS STAND PUKTHA BAZAR JAHANGIRABAD JAHANGIRABAD",,"GOPAL SWAROOP",,,,,,AGJPS1581P,BULANDSHAHAR,0,,,rohanaggarwal006@gmail.com,,,0,0,,0,,,,0,0000-00-00,0000-00-00,0000-00-00,,,,202394,0,0,,,,,,,,
G1147,"GARNET INTERIORS PVT LTD",9871896919,DEHRADUN,"DEHRADUN",S10008,Y,0,0,0,N,0,441,P,"",,"SHOP NO.6UDAY  VIHAR BRAHAMANWALA",,"",,,,,,AACCG0151H,DEHRADUN,0,,,purchase@garnetid.com,,,0,0,,0,,,,0,0000-00-00,0000-00-00,0000-00-00,,,,248001,0,0,no,no,,no,,,,
G1150,"GARNET INTERIORS PRIVATE LIMITED",9833886838,THANE,"THANE",S01430;S01430,Y,0,0,0,N,0,331,P,"",,"DAMJI SHAMJI BUSINESS GALLERIA           1101-1104 11TH FLR LBS MARG            KANJURMARG (W)",,"PRASAD PAWAR",,,,,,AACCG0151H,Thane,0,,,purchase@garnetid.com,,,0,0,,0,,,,0,1971-01-01,1971-01-01,1971-01-01,,,,400078,0,0,no,no,no,no,,,,
G1150,"GARNET INTERIORS PRIVATE LIMITED",9833886838,KANJURMARG (W),"KANJURMARG (W)",S01430;S01430,Y,0,0,0,N,0,331,P,"",,"DAMJI SHAMJI BUSINESS GALLERIA           1101-1104 11TH FLR LBS MARG            KANJURMARG (W)",,"PRASAD PAWAR",,,,,,AACCG0151H,Thane,0,,,purchase@garnetid.com,,,0,0,,0,,,,0,1971-01-01,1971-01-01,1971-01-01,,,,400078,0,0,no,no,no,no,,,,
G1151,"GANTAVYA MARKETING",9422803916,NAGPUR,"NAGPUR",,Y,1500000,90,0,N,0,331,P,"",,"104 AVG LAYOUTCHHAPRU NAGAR CHOWKLAKADGANJ",,"",,,,,,,NAGPUR,0,,,gantavya.nagpur@gmail.com,,,0,0,,0,,,,0,0000-00-00,0000-00-00,0000-00-00,,,,440008,0,0,,no,,no,,,,
G1152,"GODREJ & BOYCE MANUFACTUING CO. LTD",07873078747,BHUBANESWAR,"BHUBANESWAR",,Y,2500000,60,0,N,0,331,P,"",,"NH-5 HAYWAY COMPLEXRURDRAPURPAHALA",,"",,,,,,AAACG1395D,BHUBANESWAR,0,,,,,,0,0,,0,,,,0,0000-00-00,0000-00-00,0000-00-00,,,,752101,0,0,,no,,no,,,,
G1158,"GARNET INTERIORS PVT. LTD.",9833886838,NEW DELHI,"NEW DELHI",S10008;S01430,Y,0,0,0,N,0,441,P,"",,"HOUSE NO.110/BGALA NO.1                 SIDHU FARM ROAD                          MEETHAPUR EXTENTIONBADARPUR",,"MR. ABDULLAH",,,,,,AACCG0151H,DELHI,0,,,purchase@garnetid.com,,,0,0,,0,,,,0,1971-01-01,1971-01-01,1971-01-01,,,,110044,0,0,no,no,no,no,,,,
G1158,"GARNET INTERIORS PVT. LTD.",9833886838,DELHI,"DELHI",S10008;S01430,Y,0,0,0,N,0,441,P,"",,"HOUSE NO.110/BGALA NO.1                 SIDHU FARM ROAD                          MEETHAPUR EXTENTIONBADARPUR",,"MR. ABDULLAH",,,,,,AACCG0151H,DELHI,0,,,purchase@garnetid.com,,,0,0,,0,,,,0,1971-01-01,1971-01-01,1971-01-01,,,,110044,0,0,no,no,no,no,,,,
G1163,"GROVER TIMBER TRADERS",9897598561,ROORKEE,"ROORKEE",,Y,0,0,0,N,0,,D,"",,"RAM NAGAR CHOWK DEHRADUAN ROAD",,"GAGAN GROVER",,,,,,AFJPG2335Q,ROORKEE,0,,,,,,0,0,,0,,,,0,0000-00-00,0000-00-00,0000-00-00,,,,,0,0,,no,,no,,,,
G1165,"GREEN WOODS",,Pune,"PUNE",,Y,5000000,30,0,N,0,331,O,"",,"159/1 GODOWN NO:108A/7381NR.APEKSHA MANGAL KARYALAYOPP:MALDHAKA FURSUNGI",,"",,,,,,ADEPS6477N,PUNE,0,,,,,,0,0,,0,,,,0,0000-00-00,0000-00-00,0000-00-00,,,,412308,0,0,,no,,no,,,,
G1168,"GEETA SALES",,NEW DELHI,"NEW DELHI",S10042,Y,0,0,0,N,0,441,O,"",,"1/112WHSKIRTI NAGAR",,"CHAGAN BHAI PATEL",,,,,,AADFG9631N,NEW DELHI,0,,,,,,0,0,,0,,,,0,0000-00-00,0000-00-00,0000-00-00,,,,110015,0,0,no,no,,no,,,,
G1173,"GLOBAL INTERNATIONAL SOLUTIONS",9811653975,NEW DELHI,"NEW DELHI",,Y,0,0,0,N,0,,P,"",,"3513RD FLOORA. CYBER PLAZA-1 NETAJI SUBHASH PLACEPITAMPURA India",,"",,,,,,FEIPS1826H,NEW DELHI,0,,,niranjan@globalinternat,,,0,0,,0,,,,0,0000-00-00,0000-00-00,0000-00-00,,,,,0,0,,no,,no,,,,
G1174,"GANGOTRI HARDWARES",9414242826,BIKANER,"BIKANER",S10206,Y,0,0,0,N,0,427,D,"",,"JAI JINENDRA PLAZA BACK SIDE OF OLD BUS GHARSISAR ROADGANGASHAHAR",,"ASHOK KUMAR BAFNA",,,,,,ADGPB6850N,BIKANER,0,,,ashok_bkh@yahoo.com,,,0,0,,0,,,,0,1971-01-01,1971-01-01,1971-01-01,,,,334401,0,0,no,no,no,no,,,,
G1178,"GAURI PLYWOOD CENTRE",9422931634,BEED,"BEED",,Y,1500000,30,0,N,0,331,D,"",,"Near Vrindawan LawnsMIDC Road",,"KAMLESH MUNDADA",,,,,,,BEED,0,,,mundadanil@gmail.com,,,0,0,,0,,,,0,0000-00-00,0000-00-00,0000-00-00,,,,431122,0,0,,no,,no,,,,
G1179,"GAYATRI AND SONS",9006046040,BHAGALPUR,"BHAGALPUR",,Y,0,30,0,N,0,219,D,"",,"SARAI CHOWK59 UPPAR KLIVE LAND ROADIndia",,"SUMIT KUMAR SALAMPURIA",919934453124,,,,,BPQPS4079P,BHAGALPUR,0,,,salampuriasumit@gmail.com,,,0,0,,0,,,,0,0000-00-00,0000-00-00,0000-00-00,,,,812002,0,0,,no,,no,,,,
G1181,"G.V.BAILWAD & SONS",9980734810,RAMDURG,"RAMDURG",,Y,1500000,30,0,N,0,553,O,"",,"# 101 GURUPURNA NAVI PETHIndia",,"",,,,,,AAAFG9897P,RAMDURG,0,,,,,,0,0,,0,,,,0,0000-00-00,0000-00-00,0000-00-00,,,,591123,0,0,,no,,no,,,,
G1183,"GARG SONS INDIA PVT.LTD.",9717777377,KUNDLI,"KUNDLI",S10004,Y,0,45,0,N,0,,P,"",,"87HSIDCIND.ESTATES PHASE-IDISTT:-SONEPAT",,"",,,,,,AABCG3918M,KUNDLI,0,,,,,,0,0,,0,,,,0,0000-00-00,0000-00-00,0000-00-00,,,,,0,0,,no,,no,,,,
G1186,"GARG ENTERPRISES",9411053880,BULAND SHAHAR,"BULAND SHAHAR",,Y,0,0,0,N,0,,D,"",,"MOTI BAGH OPP.SAINT PAL SCHOOL MARKET India",,"ARUN GARG",,,,,,ABRPK1068L,BULAND SHAHAR,0,,,ssharad.840@gmail.com,,,0,0,,0,,,,0,0000-00-00,0000-00-00,0000-00-00,,,,,0,0,,no,,no,,,,
G1191,"GUNJAN PLYWOOD CENTRE",9450163612,MIRZAPUR,"MIRZAPUR",,Y,0,0,0,N,0,,O,"",,"TIWARANI TOLA  India",,"",,,,,,ABNPA7886Q,MIRZAPUR,0,,,,,,0,0,,0,,,,0,0000-00-00,0000-00-00,0000-00-00,,,,,0,0,,no,,no,,,,
G1193,"GUPTA PLYWOODS",+91-94173-73518,HOSHIARPUR,"HOSHIARPUR",S10074,Y,0,0,0,N,0,454,D,"",,"WARD NO.3CLOCK TOWER",,"",,,,,,AAAFG6460E,HOSHIARPUR,0,,,guptaplywood@gmail.com,,,0,0,,0,,,,0,0000-00-00,0000-00-00,0000-00-00,,,,146001,0,0,,,,,,,,
G1197,"GOLDEN PLYWOOD INDUSTRIES PVT LTD",,LUDHIANA,"LUDHIANA",,Y,0,15,0,N,0,,O,"",,"MULLANPUR RAOD VILLAGE  HAMBRAN India",,"",,,,,,,LUDHIANA,0,,,sksaraf1964@gmail.com,,,0,0,,0,,,,0,0000-00-00,0000-00-00,0000-00-00,,,,,0,0,,no,,no,,,,
G1203,"GOURAV GUPTA",9810559525,GADARWARA,"GADARWARA",,Y,1500000,45,0,N,0,446,P,"",,"269/4 AMAGANV NAKA RANILAKSHMBHIIndia",,"",,,,,,AUVPG7294F,GADARWARA,0,,,gupta_gourav2003@yahoo.co.in,,,0,0,,0,,,,0,0000-00-00,0000-00-00,0000-00-00,,,,487551,0,0,,no,,no,,,,
G1204,"GANESH HARDWARE",9422240769,DIST:BEED,"DIST:BEED",,Y,0,30,0,N,0,331,O,"",,"NEW MONDHAAMBAJOGAIIndia",,"JUGAL KISHOR SARDA",,,,,,AWYPS1351C,DIST:BEED,0,,,sarda109@gmail.com,,,0,0,,0,,,,0,0000-00-00,0000-00-00,0000-00-00,,,,431517,0,0,,no,,no,,,,
G1205,"GOYAL INDUSTRIES",9810265080,SONEPAT,"SONEPAT",,Y,0,15,0,N,0,,O,"",,"VILLAGE FEROZPUR BANGER KHARKHODA India",,"",,,,,,AAEFG8104B,SONEPAT,0,,,sksaraf1964@gmail.com,,,0,0,,0,,,,0,0000-00-00,0000-00-00,0000-00-00,,,,,0,0,,no,,no,,,,
G1208,"GANESH HOUSING CORPORATION LTD",9979860609,AHMEDABAD,"AHMEDABAD",,Y,0,30,0,N,0,331,O,"",,"CORPORATE HOUSEOPP ZYDUS HOSPITALIndia",,"",,,,,,AAACG5590Q,AHMEDABAD,0,,,tejas@ganeshhousing.com,,,0,0,,0,,,,0,0000-00-00,0000-00-00,0000-00-00,,,,394024,0,0,,no,,no,,,,
G1217,"GOYAL PLY AND HARDWARE",9956299720,LUCKNOW,"LUCKNOW",,Y,0,45,0,N,0,,D,"",,"MAHALAXMI MKT.CHANDAN ROADFARID NAGARINDRA NAGARIndia",,"HARSHIT GOEL",,,,,,BOZPG1575C,LUCKNOW,0,,,harshigoel@gmail.com,,,0,0,,0,,,,0,0000-00-00,0000-00-00,0000-00-00,,,,226015,0,0,,no,,no,,,,
G1219,"GURUBAKSH SINGH KALYAN SAMITI",9424901234,GWALIOR,"GWALIOR",,Y,1500000,30,0,N,0,446,P,"",,"26 C BHAGAT SINGH NAGARBHIND ROADIndia",,"SUNIL RATHORE",,,,,,AAATG8497K,GWALIOR,0,,,sunil.rathore2006@gmail.com,,,0,0,,0,,,,0,0000-00-00,0000-00-00,0000-00-00,,,,475001,0,0,,no,,no,,,,
G1222,"GARNET INTERIORS PVT.LTD",9833886838,INDORE,"INDORE",,Y,2500000,45,0,N,0,331,P,"",,"224 STARLIT TOWER 29 Y-N. ROAD",,"TUSHAR MHATRE",,,,,,AACCG0151H,INDORE,0,,,purchase.garnet@gmail.com,,,0,0,,0,,,,0,0000-00-00,0000-00-00,0000-00-00,,,,452001,0,0,,,,,,,,
G1225,"GUPTA TIMBER TRADERS",9873676999,DELHI,"DELHI",S10251;S10014,Y,0,0,0,N,0,441,O,"",,"156MASTER BLOCKPATPARGANJ RD.          MADHUBAN PARKSHAKARPUR EXT.             EAST DELHI",,"ARUN KUMAR GUPTA",,,,,,AAIPG0161C,DELHI,0,,,ankit.9999852876@gmail.com,,,0,0,,0,,,,0,1971-01-01,1971-01-01,1971-01-01,,,,110092,0,0,no,no,no,no,,,,
G1225,"GUPTA TIMBER TRADERS",9873676999,EAST DELHI,"EAST DELHI",S10251;S10014,Y,0,0,0,N,0,441,O,"",,"156MASTER BLOCKPATPARGANJ RD.          MADHUBAN PARKSHAKARPUR EXT.             EAST DELHI",,"ARUN KUMAR GUPTA",,,,,,AAIPG0161C,DELHI,0,,,ankit.9999852876@gmail.com,,,0,0,,0,,,,0,1971-01-01,1971-01-01,1971-01-01,,,,110092,0,0,no,no,no,no,,,,
G1230,"GORAKH TIMBER WORKS",9331847409,MORBI,"MORBI",S01915;S01519,Y,0,0,0,N,0,457,D,"",,"45 CHETLA ROAD",,"GORAKH PRASAD",,,,,,AACFG8590K,KOLKATA,0,,,aloklooku@yahoo.com,,,0,0,,0,,,,0,0000-00-00,0000-00-00,0000-00-00,,,,700027,0,0,,no,,no,,,,
G1230,"GORAKH TIMBER WORKS",9331847409,KOLKATA,"KOLKATA",S01915;S01519,Y,0,0,0,N,0,457,D,"",,"45 CHETLA ROAD",,"GORAKH PRASAD",,,,,,AACFG8590K,KOLKATA,0,,,aloklooku@yahoo.com,,,0,0,,0,,,,0,0000-00-00,0000-00-00,0000-00-00,,,,700027,0,0,,no,,no,,,,
G1235,"GLOBE CIVIL PROJECTS PVT.LTD.",9818678428,NEW DELHI,"NEW DELHI",,Y,0,0,0,N,0,,P,"",,"B-28SHIVALIK  India",,"CHIRAG MENDIRATTA",,,,,,AABCG6312K,NEW DELHI,0,,,globecivil@gmail.com,,,0,0,,0,,,,0,0000-00-00,0000-00-00,0000-00-00,,,,,0,0,,no,,no,,,,
G1244,"GANPATI GLASS & PLY",9435684531,TINSUKIA,"TINSUKIA",,Y,800000,30,0,N,0,,D,"",,"R.C COMPLEX S.R LOHIA ROAD BEHIND ATC MALL",,"SANTOSH AGARWAL",,,,,,AHLPA2030L,TINSUKIA,0,,,ganpatiglassply@gmail.com,,,0,0,,0,,,,0,0000-00-00,0000-00-00,0000-00-00,,,,,0,0,,no,,no,,,,
G1257,"GAYTRI PLYLAM",9890451716,MARGAO,"Margao",S01698,Y,700000,60,0,N,0,553,D,"",,"Shop no.2 Palacio de santanaGodinho gogolIndia",,"CHANDRESH PATEL",,,,,,,Margao,0,,,chandreshpatel27985@gmail.com,,,0,0,,0,,,,0,0000-00-00,0000-00-00,0000-00-00,,,,403601,0,0,,no,,no,,,,
G1266,"GANPATI PLYWOOD & MOULDING",9811031913,NEW DELHI,"NEW DELHI",S10015,Y,0,30,0,N,0,441,D,"",,"220-A/2RAMA MARKET PITAMPURA",,"D.P. GARG",,,,,,AAIPG3086A,NEW DELHI,0,,,gargh76@gmail.com,,,0,0,,0,,,,0,0000-00-00,0000-00-00,0000-00-00,,,,110034,0,0,no,no,,no,,,,
G1267,"GOYAL AND SONS",9999967122,NAJAFGARHDELHI,"NAJAFGARH,DELHI",S10015,Y,500000,45,0,N,0,441,D,"",,"PLOT NO.7SHOP NO.7/8/9/10 K.NO.10/1MIN MAKSUDABAD COLONY India",,"RAJU GOYAL",9811296551,,,,,ACFPG6053Q,NAJAFGARH,DELHI,0,,,goyalplywoodhouse@yahoo.com,,,0,0,,0,,,,0,0000-00-00,0000-00-00,0000-00-00,,,,110043,0,0,no,no,,no,,,,
G1288,"GIMATEX INDUSTRIES PVT LIMITED",8806949449,HINGANGHAT,"HINGANGHAT",,Y,1000000,30,0,N,0,331,O,"",,"RAM MANDIR WARD",,"S PARATHE",,,,,,AAACV5657K,HINGANGHAT,0,,,purchase@gimatex.co.in,,,0,0,,0,,,,0,0000-00-00,0000-00-00,0000-00-00,,,,422301,0,0,,,,,,,,
G1289,"GANGA PLYWOOD & HARDWARE STORE",9837043229,MORADABAD,"MORADABAD",,Y,500000,30,0,N,0,,D,"",,"STATION ROAD BUDH BAZAR India",,"NIRU AGARWAL",,,,,,ACIPA2551L,MORADABAD,0,,,gangaplywoodmbd@gmail.com,,,0,0,,0,,,,0,0000-00-00,0000-00-00,0000-00-00,,,,,0,0,,no,,no,,,,
G1293,"GOYAL PLYWOOD HOUSE",9312247642,NEW DELHI,"NEW DELHI",S10015,Y,500000,7,0,N,0,441,D,"",,"WZ-1390/6 PANKHA ROAD NANGAL RAYA",,"KRISHAN KUMAR GOYAL",,,,,,AEAPG7374P,NEW DELHI,0,,,goyplywood1@gmail.com,,,0,0,,0,,,,0,0000-00-00,0000-00-00,0000-00-00,,,,110046,0,0,no,no,,no,,,,
G1295,"GANDHI TRADERS",9312301359,FARIDABAD,"Faridabad",,Y,1000000,30,0,N,0,,O,"",,"H.O. : SCF 36 SEC.-11D DLF MKT NEAR AGARWAL SEWA SADAN India",,"RAJEEV GANDHI",,,,,,AEBPG6661E,FARIDABAD,0,,,rajeevgandhi0072@gmail.com,,,0,0,,0,,,,0,0000-00-00,0000-00-00,0000-00-00,,,,,0,0,,no,,no,,,,
G1296,"GLAMOUR ENTERPRISES",9437021601,CUTTACK,"CUTTACK",,Y,1500000,30,0,N,0,216,D,"",,"APARNA NAGAR CHAULIAGANJ India",,"NIRUPAMA MISRA",,,,,,AGEPM5453F,CUTTACK,0,,,enterpriseglamour@gmail.com,,,0,0,,0,,,,0,0000-00-00,0000-00-00,0000-00-00,,,,753004,0,0,,no,,no,,,,
G1300,"GANESH ENTERPRISES",9866425542,MANCHERIAL DISTRICT,"MANCHERIAL DISTRICT",S01700,Y,1000000,45,0,N,0,554,D,"",,"6-117 BEET BAZAR LUXETTIPET",,"",,,,,,ACSPV0098F,MANCHERIAL DISTRICT,0,,,vuthuri.venu@gmail.com,,,0,0,,0,,,,0,0000-00-00,0000-00-00,0000-00-00,,,,,0,0,,no,,no,,,,
G1301,"GAYATRI WOOD AND PLY",9327171932,AHMEDABAD,"AHMEDABAD",S10109,Y,100000,30,0,N,0,332,O,"",,"GN-1 PRAGATI ESTATENR HYUNDAI WORKSHOP SARKHEJ",,"HETAL PATEL",,,,,,BBNPP7049D,AHMEDABAD,0,,,,,,0,0,,0,,,,0,0000-00-00,0000-00-00,0000-00-00,,,,382210,0,0,,no,,no,,,,
G1306,"GOYAL PAINT & H/W STORE",9417556933,PALIALA,"PALIALA",,Y,1000000,30,0,N,0,454,D,"",,"JAKHAL ROADPATRANIndia",,"DAVINDER KUMAR",7889114426,,,,,CMPPK9571H,PALIALA,0,,,goyaldavinder81@gmail.com,,,0,0,,0,,,,0,0000-00-00,0000-00-00,0000-00-00,,,,147105,0,0,,no,,no,,,,
G1328,"GANGOTRI TRADERS",9437303199,BHUBANESWAR,"BHUBANESWAR",,Y,1500000,30,2352,N,0,,D,"",,"PLOT NO-626 MAHARSHI COLLEGE ROAD SAHID NAGAR",,"SRIKANTA NAYAK",,,,,,ACWPN3824B,BHUBANESWAR,0,,,gangotritraders626@gmail.com,,,0,0,,0,,,,0,0000-00-00,0000-00-00,0000-00-00,,,,,0,0,,no,,no,,,,
G1332,"GANPATI PLYWOOD CENTRE",9334382221,DHANBAD,"DHANBAD",,Y,800000,30,0,N,0,222,D,"",,"SHOP NO 5 DEVENTI COMPLEXNEAR BHUIPHORE MANDIR DHANBADIndia",,"CHANDRA BHUSHAN PRASAD",9334382221,,,,,AOCPP1314A,DHANBAD,0,,,cbprasad84@rediffmail.com,,,0,0,,0,,,,0,0000-00-00,0000-00-00,0000-00-00,,,,828109,0,0,,no,,no,,,,
G1340,"GM CARPENTER",9829069805,JAIPUR,"JAIPUR",,Y,0,,0,N,0,,O,"",,"B-43 VED VILLA COLONYRAMNAGARSODALA",,"GOUTAM MAITY",9829069805,,,,,AFWPM4008B,JAIPUR,0,,,gautamcarpenter@gmail.com,,,0,0,,0,,,,0,0000-00-00,0000-00-00,0000-00-00,,,,302019,0,0,,no,,no,,,,
G1344,"GOLDEN TREE",9310651000,NOIDA,"NOIDA",S10137,Y,0,0,0,N,0,441,P,"",,"C-1/12SECTOR-31 GAUTAM BUDH NAGAR",,"FUDIN HUSSAIN",,,,,,AAQFG5075M,NOIDA,0,,,furdinghussain@gmail.com,,,0,0,,0,,,,0,0000-00-00,0000-00-00,0000-00-00,,,,201301,0,0,no,no,,no,,,,
G1348,"GAURAV TIMBER TRADING CO.",9997011401,ALIGARH,"ALIGARH",S10230,Y,600000,30,0,N,0,,D,"",,"QAYAMPUR MODNEAR TEACHER COLONY POST QWARSI",,"DHARMVEER SINGH",,,,,,AONPS7874M,ALIGARH,0,,,blynarora@gmail.com,,,0,0,,0,,,,0,0000-00-00,0000-00-00,0000-00-00,,,,202001,0,0,,no,,no,,,,
G135,"G.S.DEVELOPERS & CONTRACTORS P.LTD.",,GURGAON HARYANA,"GURGAON ,HARYANA",,Y,0,,0,N,0,,O,"",,"C/o AlohaAEZ Insptrtion SEC.8 SHUSHANT LOK PHASE-",,"",,,,,,,GURGAON ,HARYANA,0,,,,,,0,0,,0,,,,0,0000-00-00,0000-00-00,0000-00-00,,,,,0,0,,no,,no,,,,
G1351,"GARG PLYWOOD HOUSE",9855583137,BHAWANIGARH (SANGRUR,"BHAWANIGARH (SANGRUR)",,Y,500000,30,0,N,0,454,D,"",,"IST FLOORBOOTH NO.13ANAJ MANDI",,"AJAY KUMAR JINDAL",8289079601,,,,,BBNPK0131K,BHAWANIGARH (SANGRUR),0,,,ajayjindal2008@rediffmail.com,,,0,0,,0,,,,0,0000-00-00,0000-00-00,0000-00-00,,,,148026,0,0,,no,,no,,,,
G1356,"GREYVOID CONCEPTS",9810984110,NOIDA,"NOIDA",S10155,Y,0,0,0,N,0,451,P,"",,"H.NO.102A SAGARPUR JAGIR SEC.-128 GAUTAM BUDDHA NAGAR",,"ARUN SHARMA",,,,,,CXBPS5678G,NOIDA,0,,,ar.arunsharma@hotmail.com,,,0,0,,0,,,,0,0000-00-00,0000-00-00,0000-00-00,,,,201304,0,0,,,,no,,,,
G1357,"GREYVOID CONCEPTS .",9810984110,DELHI,"DELHI",S10155,Y,0,0,0,N,0,451,P,"",,"B-2/9 IIND FLOOR VASANT VIHAR SOUTH WEST DELHI",,"ARUN SHARMA",,,,,,CXBPS5678G,DELHI,0,,,ar.arunsharma@hotmail.com,,,0,0,,0,,,,0,0000-00-00,0000-00-00,0000-00-00,,,,110057,0,0,,,,no,,,,
G1359,"GIRIJA SHANKAR MISHRA",9437406738,ROURKELA,"ROURKELA",D02050,Y,0,0,0,N,0,216,D,"",,"JB-64 JAGDA ROURKELA SUNDARGARH",,"GIRIJA SHANKAR MISHRA",,,,,,AMUPM9358B,ROURKELA,0,,,girija2687@gmail.com,,,0,0,,0,,,,0,0000-00-00,0000-00-00,0000-00-00,,,,769042,0,0,,,,,,,,
G1361,"G.M.TRADING CORPORATION",9212398678,NORTH WEST DELHI,"NORTH WEST DELHI",S10155;S10155,Y,0,0,0,N,0,451,P,"",,"BU-199PITAMPURA",,"CHANDER SHEKHAR SHARMA",,,,,,AAZPS4296B,DELHI (NORTH WEST),0,,,0,,,0,0,,0,,,,0,0000-00-00,0000-00-00,0000-00-00,,,,110034,0,0,,,,no,,,,
G1361,"G.M.TRADING CORPORATION",9212398678,DELHI (NORTH WEST),"DELHI (NORTH WEST)",S10155;S10155,Y,0,0,0,N,0,451,P,"",,"BU-199PITAMPURA",,"CHANDER SHEKHAR SHARMA",,,,,,AAZPS4296B,DELHI (NORTH WEST),0,,,0,,,0,0,,0,,,,0,0000-00-00,0000-00-00,0000-00-00,,,,110034,0,0,,,,no,,,,
G1362,"GAJENDRA SINGH",9412463063,BAREILLY,"BAREILLY",S10230,Y,0,0,0,N,0,447,O,"",,"90 - AVAS VIKAS COLONY CIVIL LINES",,"GAJENDRA SINGH",,,,,,AJLPS5748R,BAREILLY,0,,,harjeetmickybindra@gmail.com,,,0,0,,0,,,,0,0000-00-00,0000-00-00,0000-00-00,,,,243001,0,0,,no,,no,,,,
G1363,"GOYAL PLY N WOOD PVT.LTD.",9810466731,SOUTH DELHI,"SOUTH DELHI",S10015,Y,0,0,0,N,0,441,D,"",,"KISHAN GARHKHASRA NO.1234JNU ROAD OPP.VASANT PLAZAVASANT KUNJ",,"RAJNISH GOYAL",9810466731,,,,,AAACG5902G,SOUTH DELHI,0,,,goyalply@yahoo.com,,,0,0,,0,,,,0,0000-00-00,0000-00-00,0000-00-00,,,,110070,0,0,,no,,no,,,,
G1372,"GOODLUCK INTERIORS",9416437071,TOSHAM (BHIWANI),"TOSHAM (BHIWANI)",D10350,Y,0,0,0,N,0,443,D,"",,"NEAR PNB BANK SIWANI ROAD TOSHAM",,"RAJ KUMAR BANSAL",,,,,,ACHPB0547Q,TOSHAM (BHIWANI),0,,,goodluckinterior.2018@gmail.com,,,0,0,,0,,,,0,0000-00-00,0000-00-00,0000-00-00,,,,127040,0,0,,no,,no,,,,
G1373,"GAURI ENTERPRISES",9412741347,PILIBHIT,"PILIBHIT",S10230,Y,700000,15,0,N,0,447,D,"",,"MOHALLA PAKADIYAGURUDWARA ROAD",,"RENU AGARWAL",,,,,,CABPA8851J,PILIBHIT,0,,,renumann17@gmail.com,,,0,0,,0,,,,0,0000-00-00,0000-00-00,0000-00-00,,,,262001,0,0,,,,,,,,
G1377,"GOPI RAM & CO.",9814716360,SANGRUR,"SANGRUR",S10074,Y,800000,30,0,N,0,454,D,"",,"PARTAP NAGAR",,"",,,,,,AAPPL6520M,SANGRUR,0,,,mandeepgarg25581@gmail.com,,,0,0,,0,,,,0,0000-00-00,0000-00-00,0000-00-00,,,,148001,0,0,,no,,no,,,,
G1378,"G S PLYWOOD & DECOR",+91-80940-00007,JAIPUR,"JAIPUR",S10109,Y,0,0,0,N,0,427,D,"",,"223UNIVERSITY NAGAR YOJNA              JAGATPURAJAIPUR",,"SAURABH BADAYA",,,,,,AQHPB8722H,JAIPUR,0,,,Gsplywoodanddecorjgt@yahoo.com,,,0,0,,0,,,,0,1971-01-01,1971-01-01,1971-01-01,,,,302017,0,0,no,no,no,no,,,,
G1380,"GAJJAR PLYWOOD",+91-98251-28081,SURAT,"SURAT",,Y,0,0,0,N,0,332,O,"",,"5/377 BARANPURI BHAGAL                 BHAJIWALI POLE",,"GAJJAR PLYWOOD",9227588564,,,,,AACFG2858C,SURAT,0,,,,,,0,0,,0,,,,0,0000-00-00,0000-00-00,0000-00-00,,,,395003,0,0,,,,,,,,
G1381,"GAYATRI HOME DECOR",9556384382,SAMBALPUR,"SAMBALPUR",S01519;D02050,Y,0,0,0,N,0,216,D,"",,"TALI CHOWK AINTHAPALI SAMBALPUR",,"9556384382",,,,,,CSNPP2941L,SAMBALPUR,0,,,sasanka1230@gmail.com,,,0,0,,0,,,,0,0000-00-00,0000-00-00,0000-00-00,,,,768004,0,0,,,,,,,,
G1383,"GIRDHARI LAL PLYWOOD & HARDWARE",9837051885,DANKAUR,"DANKAUR",S10230,Y,0,0,0,N,0,448,O,"",,"GIRDHARI LAL VIHARDHANORI ROAD GAUTAM BUDH NAGAR",,"TARUN GOEL",,,,,,AIGPG5170M,DANKAUR,0,,,tarungoyal2k@gmail.com,,,0,0,,0,,,,0,0000-00-00,0000-00-00,0000-00-00,,,,203201,0,0,,,,,,,,
G1384,"GRAINS VENEERS INDUSTRIES",9824092594,KHALOL,"KHALOL",,Y,0,0,0,N,0,332,O,"",,"573/P-17 OM INDUSTRIAL ESTATE           NEAR NIKKI CABLE RANAKPUR",,"HIREN CHANDRAKANTBHAI KHA",,,,,,AHFPK8566M,KHALOL,0,,,,,,0,0,,0,,,,0,1971-01-01,1971-01-01,1971-01-01,,,,380061,0,0,no,no,no,no,,,,
G1385,"GUPTA FURNISHERS",9419151562,KATHUA,"KATHUA",S10074,Y,1500000,30,0,N,0,454,D,"",,"OPP. DELHI PUBLIC SCHOOL NEAR CAPTAIN SUNIL CHOUDHURY CHOWK",,"",,,,,,ABCPG9679E,KATHUA,0,,,guptasleepwell@gmail.com,,,0,0,,0,,,,0,0000-00-00,0000-00-00,0000-00-00,,,,184101,0,0,,no,,no,,,,
G1386,"GEETA INTERIORS",9623695001,SANGLI,"SANGLI",S01430,Y,5000000,30,0,N,0,331,D,"",,"329 VAKHAR BHAG OPP: GUJARATI HIGH SCHOOL",,"VIKARAM TARACHAND PUROHIT",,,,,,BCGPP7298J,SANGLI,0,,,vpurohit1877@gmail.com,,,0,0,,0,,,,0,0000-00-00,0000-00-00,0000-00-00,,,,416416,0,0,,no,,no,,,,
G1387,"GEM PLYWOOD",9383491833,ERNAKULAM,"ERNAKULAM",S01700,Y,0,0,0,N,0,525,O,"",,"11/215 ALANGAD PARAVUR ERNAKULAM",,"THIKOOTTATTIL KUTTYAMMOO MASOOD",,,,,,ACRPM8917F,ERNAKULAM,0,,,gemply7@gmail.com,,,0,0,,0,,,,0,0000-00-00,0000-00-00,0000-00-00,,,,683511,0,0,,no,,no,,,,
G1391,"GURUDEV PLY",9827993666,DURG,"DURG",S10014,Y,0,0,0,N,0,420,D,"",,"SHOP NO.-5 MAHAVIR LAKE VIEW OPP. BANDHA TALAB GANJPARA",,"SIDHARTH JAIN",,,,,,ALUPJ1661K,DURG,0,,,lodha.sidharth@yahoo.com,,,0,0,,0,,,,0,0000-00-00,0000-00-00,0000-00-00,,,,491001,0,0,,,,,,,,
G1397,"GOKUL PLYWOOD",9999984802,GHAZIABAD,"GHAZIABAD",S10015,Y,0,0,0,N,0,451,D,"",,"PLOT NO.-99 MAIN ROAD DEEPAK VIHAR KHORA COLONY",,"SANJAY KUMAR KATARIA",,,,,,AAJFG5099A,GHAZIABAD,0,,,gokulplywood33@gmail.com,,,0,0,,0,,,,0,0000-00-00,0000-00-00,0000-00-00,,,,201001,0,0,,,,no,,,,
G1398,"GARG TRADERS",9873159036,NOIDA,"NOIDA",S10015,Y,0,0,0,N,0,451,D,"",,"PLOT NO.-PKP001G022 KENSINGTON PARK PLOT NO.-1 SECTOR-133",,"GAGAN GARG",,,,,,BCIPG2936A,NOIDA,0,,,gagangrg75@gmail.com,,,0,0,,0,,,,0,0000-00-00,0000-00-00,0000-00-00,,,,201304,0,0,,,,no,,,,
G1399,"GANGOTRI PLYWOOD",9473630121,VARANASI,"VARANASI",S10221,Y,0,0,0,N,0,447,D,"",,"B-38/218 A TULSIPUR MAHMOORGANJ",,"VISHAL BIND",7905184269,,,,,HFJPK5066P,VARANASI,0,,,vishal10220@gmail.com,,,0,0,,0,,,,0,0000-00-00,0000-00-00,0000-00-00,,,,221010,0,0,,,,,,,,
G1402,"GANPATI TRADING COMPANY",8765168491,KANPUR,"KANPUR",S10221,Y,0,0,0,N,0,447,D,"",,"11/267 A SOUTER GANJ",,"SANDEEP GUPTA",,,,,,AOBPG4103P,KANPUR,0,,,sandeep.deep1@rediffmail.com,,,0,0,,0,,,,0,0000-00-00,0000-00-00,0000-00-00,,,,208001,0,0,,,,no,,,,
G1404,"GEETA PLY & DECOR",9663987905,Vijaypur,"VIJAYPUR",D02026,Y,0,0,0,N,0,553,D,"",,"C/O BASAVRAJ BAGALISY NO-737/A NEAR TOWN PALACE HOTELATHANI ROAD",,"MEET NAKARANI",,,,,,AAVFG9945M,VIJAYPUR,0,,,geetaplydecor@gmail.com,,,0,0,,0,,,,0,0000-00-00,0000-00-00,0000-00-00,,,,586103,0,0,,,,,,,,
G1405,"GOVIND MARKETING",7992266029,PATNA,"PATNA",S01386,Y,0,0,0,N,0,219,O,"",,"GROUND RAMPRAKASH NARAYA DIGHA ASHIYANA RD RAJIV NAGAR NR DONBOSKO",,"SANJAY KUMAR",,,,,,ALUPK5425E,PATNA,0,,,sanjaykumar17021963@gmail.com,,,0,0,,0,,,,0,0000-00-00,0000-00-00,0000-00-00,,,,800025,0,0,,,,no,,,,
G1408,"GARNET INTERIORS PVT LTD -",,KOLKATA,"KOLKATA",S01519;S01430,Y,0,0,0,N,0,457,P,"",,"I-24KASAIPARA LANESOUTH 24PARGANA      NAWAB WAJIDALISHAH RD GARDEN REACH",,"TUSHAR MHATRE",,,,,,AACCG0151H,KOLKATA,0,,,purchase.garnet@gmail.com,,,0,0,,0,,,,0,1971-01-01,1971-01-01,1971-01-01,,,,700024,0,0,no,no,no,no,,,,
G1409,"GARUDA PLYWOODS AND HARDWARES",+91-97046-30269,TIRUPATI CHITTOOR,"TIRUPATI, CHITTOOR",S01700,Y,0,0,0,N,0,525,D,"",,"22-1L-16 RENIGUNTA MAIN ROAD           POOLAVANIGUNTA AREA",,"BALA",9704630269,,,,,AAVFG6201E,TIRUPATI, CHITTOOR,0,,,,,,0,0,,0,,,,0,0000-00-00,0000-00-00,0000-00-00,,,,517501,0,0,,,,,,,,
G1415,"GEETA MEGA MART",8862893841,BHAGALPUR,"BHAGALPUR",S01386,Y,0,0,0,N,0,219,O,"",,"WARD 1 PURANI DURGA STHAN SULTANGANJ",,"GITA DEVI",,,,,,AGPPD2561C,BHAGALPUR,0,,,advrajkumarsgg@gmail.com,,,0,0,,0,,,,0,0000-00-00,0000-00-00,0000-00-00,,,,813213,0,0,,,,no,,,,
G1416,"GOLCHA ENTERPRISES",7020135858,NAGPUR,"NAGPUR",S01430;D01982,Y,0,0,0,N,0,331,D,"",,"210 HEERA PLAZA BUILDING                 C.A.ROAD",,"MOHIT GOLCHA",,,,,,BHKPG0718B,NAGPUR,0,,,golchaenterprises237@gmail.com,,,0,0,,0,,,,0,1971-01-01,1971-01-01,1971-01-01,,,,440002,0,0,no,no,no,no,,,,
G1419,"GANGA TRADERS",9812087535,ZIRAKPUR (SAS NAGAR),"ZIRAKPUR (SAS NAGAR)",S10074;D10482,Y,0,0,0,N,0,454,D,"",,"GROUND FLOORSHOWROOM PLOT NO.21         CHANDIGARH AMBALA ROADROYAL LOGARH      ZIRAKPUR",,"MANI RAM",,,,,,AEXPR0547N,SAS NAGAR,0,,,,,,0,0,,0,,,,0,1971-01-01,1971-01-01,1971-01-01,,,,140603,0,0,no,no,no,no,,,,
G1419,"GANGA TRADERS",9812087535,SAS NAGAR,"SAS NAGAR",S10074;D10482,Y,0,0,0,N,0,454,D,"",,"GROUND FLOORSHOWROOM PLOT NO.21         CHANDIGARH AMBALA ROADROYAL LOGARH      ZIRAKPUR",,"MANI RAM",,,,,,AEXPR0547N,SAS NAGAR,0,,,,,,0,0,,0,,,,0,1971-01-01,1971-01-01,1971-01-01,,,,140603,0,0,no,no,no,no,,,,
G1433,"GARNET INTERIORS PVT LTD GOA",9833886838,SOUTH GOA,"SOUTH GOA",S01430,Y,5000000,45,0,N,0,331,O,"",,"1ST FLR OFF:25/26 QUEENYELITE BLD VASCO DAGAMA NEXT TO HOTEL SUPREME",,"TUSHAR MHATRE",,,,,,AACCG0151H,SOUTH GOA,0,,,purchase.garnet@gmail.com,,,0,0,,0,,,,0,0000-00-00,0000-00-00,0000-00-00,,,,403802,0,0,,,,,,,,
G1438,"G S ENTERPRISES",9955661500,MUZAFFARPUR,"MUZAFFARPUR",S01386,Y,500000,30,0,N,0,219,O,"",,"BADA JAGRNATH PO BHIKHANPUR PRAGATINAGAR AHIYARPUR",,"HEMANT KUMAR",,,,,,CHVPK0223M,MUZAFFARPUR,0,,,gsemuz@gmail.com,,,0,0,,0,,,,0,0000-00-00,0000-00-00,0000-00-00,,,,842004,0,0,,,,,,,,
G1444,"GOLDEN PLYWOODS",8688664364,CHITTOOR,"CHITTOOR",D02106;S01700,Y,0,0,0,N,0,525,D,"",,"TIMES KIDS D NO 19-12-110/41            BAIRAGIPATTEDA                           TIRUPATI",,"KOTI",8688664364,,,,,AHGPN0357C,CHITTOOR,0,,,nannoorukoti@gmail.com,,,0,0,,0,,,,0,1971-01-01,1971-01-01,1971-01-01,,,,517501,0,0,no,no,no,no,,,,
G1444,"GOLDEN PLYWOODS",8688664364,TIRUPATI CHITTOOR,"TIRUPATI, CHITTOOR",D02106;S01700,Y,0,0,0,N,0,525,D,"",,"TIMES KIDS D NO 19-12-110/41            BAIRAGIPATTEDA                           TIRUPATI",,"KOTI",8688664364,,,,,AHGPN0357C,CHITTOOR,0,,,nannoorukoti@gmail.com,,,0,0,,0,,,,0,1971-01-01,1971-01-01,1971-01-01,,,,517501,0,0,no,no,no,no,,,,
G1445,"GEE PLYWOOD",9323207953,MUMBAI,"MUMBAI",S01430,Y,2500000,30,0,N,0,331,O,"",,"387/A KALSEKAR COMPOUND NO:4 GANPATRAO KADAM MARG WORLI",,"MANOJ GANGAR",,,,,,AACPG1654Q,MUMBAI,0,,,0,,,0,0,,0,,,,0,0000-00-00,0000-00-00,0000-00-00,,,,400018,0,0,,,,,,,,
G1448,"GAURAV PLY & HARDWARE",8989607294,GUNA,"GUNA",S01630;D02072,Y,0,0,0,N,0,446,O,"",,"WARD NO. 4                               MANTRI COMPLEX HATT ROAD",,"",,,,,,GRCPS7499C,GUNA,0,,,manojshivhare10@gmail.com,,,0,0,,0,,,,0,0000-00-00,0000-00-00,0000-00-00,,,,473001,0,0,,,,,,,,
G1464,"GALAXY TECHNOFORGE INDIA PVT LTD",9510102010,SHAPAR,"SHAPAR",,Y,400000,30,0,N,0,317,O,"",,"SURVEY NO 26 PLOT NO 12 BEHIND TILA TILARA POLYPLAST SHAPAR MAIN ROAD",,"MITESH BHAI",,,,,,AAECG6078R,SHAPAR,0,,,mitesh@galaxytechnoforge.com,,,0,0,,0,,,,0,0000-00-00,0000-00-00,0000-00-00,,,,360024,0,0,,,,,,,,
G1466,"G D CHOUDAHA MEMORIAL MULTISPECIALITY HOSPITAL PVT LTD",8319994375,KATNI,"KATNI",S01438;D02181,Y,0,0,0,N,0,446,O,"",,"1609 DAN COLONY                          BARNGAVA",,"ASHOK CHOUDHA",,,,,,AAJCG0494N,KATNI,0,,,drashokchoudaha@gmail.com,,,0,0,,0,,,,0,1971-01-01,1971-01-01,1971-01-01,,,,483501,0,0,no,no,no,no,,,,
G1469,"GARG  PLYWOOD",9023892651,BARNALA,"BARNALA",S10074,Y,0,0,0,N,0,454,D,"",,"SHOP NO.30 NEAR PRTC WORKSHOP ANAJ MANDI ROAD",,"",,,,,,BDNPG7122E,BARNALA,0,,,gargashu09876@gmail.com,,,0,0,,0,,,,0,0000-00-00,0000-00-00,0000-00-00,,,,148101,0,0,,,,,,,,
G1472,"G.P. TRADERS",,Deoghar,"DEOGHAR",D01932,Y,0,0,0,N,0,,D,"",,"COLLEGE ROAD DEOGHAR",,"PRITAM KUMAR",,,,,,EGLPK5875G,DEOGHAR,0,,,abhishekbarnwal78690@gmail.com,,,0,0,,0,,,,0,0000-00-00,0000-00-00,0000-00-00,,,,814112,0,0,,,,,,,,
G1473,"GURBACHAN SINGH",9811610362,GHAZIABAD,"GHAZIABAD",S10230,Y,0,0,0,N,0,447,O,"",,"R-6/72 RAJ NAGAR",,"GURBACHAN SINGH",,,,,,AFJPS2212N,GHAZIABAD,0,,,chawla.paramjeet@gmail.com,,,0,0,,0,,,,0,0000-00-00,0000-00-00,0000-00-00,,,,201001,0,0,,,,,,,,
G1474,"GOEL MARBO GRANIT(A DIV OF SITARAM COMPUTECH PVT LTD)",9415089700,LUCKNOW,"LUCKNOW",S10221,Y,0,0,0,N,0,447,O,"",,"GOEL MARBO GRANITKAMTA NEAR SHAHEED PATH FAIZABAD ROAD",,"MANOJ KUMAR GOEL",,,,,,AAECS7800F,LUCKNOW,0,,,gmgindac@gmail.com,,,0,0,,0,,,,0,0000-00-00,0000-00-00,0000-00-00,,,,226028,0,0,,,,,,,,
G1482,"GUPTA CREATION",9831239533,KOLKATA,"KOLKATA",S01519,Y,0,0,0,N,0,457,D,"",,"226 BIPIN BEHARI GANGULY STREET",,"RAHUL GUPTA",,,,,,AAHFG4286D,KOLKATA,0,,,guptacreation2016@gmail.com,,,0,0,,0,,,,0,0000-00-00,0000-00-00,0000-00-00,,,,700012,0,0,,,,,,,,
G1487,"GRATIS INDUSTRIES PVT LTD (WOODMALL BRANCH)",9526518877,ERNAKULAM,"ERNAKULAM",D02026,Y,0,0,0,N,0,551,O,"",,"#21/229-A7 ROYAL BUILDING						        NEAR CUSAT BUS STOP						               SEAPORT-AIRPORT ROADKALAMASSERY",,"NOORUDHEEN THEYYAL",,,,,,AAFCN6861J,ERNAKULAM,0,,,accounts@woodmall.co.in,,,0,0,,0,,,,0,0000-00-00,0000-00-00,0000-00-00,,,,683503,0,0,,,,,,,,
G1488,"GURU NANAK PLYWOOD & HARDWARE",9918611278,Bahraich,"Bahraich",D10394,Y,0,0,0,N,0,215,D,"",,"Jasveer Singh Kanoongopura South        Kanoongopura South",,"GURPREET KAUR",,,,,,DJQPK7397C,Bahraich,0,,,vishuguru.singh@gmail.com,,,0,0,,0,,,,0,0000-00-00,0000-00-00,0000-00-00,,,,271801,0,0,,,,,,,,
G1491,"GANAPATI BUILD MART",9437040874,ROURKELA,"ROURKELA",D01975,Y,0,0,0,N,0,216,O,"",,"PLOT NO-94/95CANAL ROAD						          BRAHMANI TARANG						                   VEDVYAS",,"RAJESH KUMAR AGARWAL",,,,,,AAOFG6787A,ROURKELA,0,,,gbmrkl@gmail.com,,,0,0,,0,,,,0,0000-00-00,0000-00-00,0000-00-00,,,,769041,0,0,,,,,,,,
G1492,"GOYAL TRADING COMPANY",9810466731,DELHI,"DELHI",S10223,Y,0,0,0,N,0,441,O,"",,"GROUND FLOOR HOUSE NO-RZ-74-A						     KHASRA NO-1675/2 KISHANGARH						       VASANT KUNJ SOUTH DELHI",,"RAJNISH GOYAL",,,,,,AHXPG1089M,DELHI,0,,,goyaltrading731@yahoo.com,,,0,0,,0,,,,0,0000-00-00,0000-00-00,0000-00-00,,,,110070,0,0,,,,,,,,
G1497,"GHANSHYAM PRASAD SANITARY",7250898917,Deoghar,"DEOGHAR",D01932,Y,0,0,0,N,0,222,D,"",,"HADHADIYAPUL DEOGHAR",,"PRIYAM KUMAR",,,,,,EGMPK5971A,DEOGHAR,0,,,pk.barnwal119@gmail.com,,,0,0,,0,,,,0,0000-00-00,0000-00-00,0000-00-00,,,,814112,0,0,,,,,,,,
G1500,"GANAPATI PLYWOOD",9831230442,KOLKATA,"KOLKATA",S01519,Y,0,0,0,N,0,331,D,"",,"1 V.I.P NAGAR KOLKATA",,"SANDEEP GUPTA",,,,,,AFTPG6383E,KOLKATA,0,,,ganapati_ply@rediffmail.com,,,0,0,,0,,,,0,0000-00-00,0000-00-00,0000-00-00,,,,700100,0,0,,,,,,,,
G1504,"GANI WOOD INDUSTRIES",9844811534,Vijayapura,"VIJAYAPURA",D02026,Y,0,0,0,N,0,553,O,"",,"SY NO-99/1 PLOT NO-28						            HANCHINAL KHB COLONY						              SOLAPUR BY PASS ROAD",,"AJISH JOSEPH",,,,,,AVJPG8090L,VIJAYAPURA,0,,,ganiwoodindustries@gmail.com,,,0,0,,0,,,,0,0000-00-00,0000-00-00,0000-00-00,,,,586101,0,0,,,,,,,,
G1507,"GOSWAMI TRACTOR SPEARS",9430202196,RAXAUL,"RAXAUL",S01386,Y,0,0,0,N,0,219,O,"",,"TEMPO STAND MAIN ROAD                   PURBI CHAMPARAN",,"SHIV SHANKER BHARTI",,,,,,ADOPB0186B,RAXAUL,0,,,goswamitractorspares@gmail.com,,,0,0,,0,,,,0,0000-00-00,0000-00-00,0000-00-00,,,,845305,0,0,,,,,,,,
G1508,"GITA SALES",9810692855,NEW DELHI,"NEW DELHI",S10042;S10042,Y,0,0,0,N,0,441,O,"",,"1/112 W.H.S. KIRTI NAGAR  WEST DELHI",,"CHHAGAN LAL PATEL",,,,,,AADFG9631N,DELHI,0,,,gitasalesp@gmail.com,,,0,0,,0,,,,0,0000-00-00,0000-00-00,0000-00-00,,,,110015,0,0,,,,,,,,
G1508,"GITA SALES",9810692855,DELHI,"DELHI",S10042;S10042,Y,0,0,0,N,0,441,O,"",,"1/112 W.H.S. KIRTI NAGAR  WEST DELHI",,"CHHAGAN LAL PATEL",,,,,,AADFG9631N,DELHI,0,,,gitasalesp@gmail.com,,,0,0,,0,,,,0,0000-00-00,0000-00-00,0000-00-00,,,,110015,0,0,,,,,,,,
G1521,"GANINATH HARDWARE",7870993041,BHOJPUR,"BHOJPUR",D02141,Y,0,0,0,N,0,219,O,"",,"S/O LATE RAMESHWAR PRASAD						          GANINATH HARDWARE ARASASARAM ROADPIRO",,"UMESH KUMAR",,,,,,BZBPK7407E,BHOJPUR,0,,,umeshpiro1@gmail.com,,,0,0,,0,,,,0,1971-01-01,1971-01-01,1971-01-01,,,,802207,0,0,no,no,no,no,,,,
G1522,"GUPTA MASTER CRAFTS",8083839380,BABHNE,"BABHNE",D02112,Y,0,0,0,N,0,222,O,"",,"S/O MOHAN PRASAD                         PARTAPPUR CHARKA KALAN ROAD              NEAR PRINCE VASTRALAY PARTAPPUR",,"MUKUL ANAND",,,,,,CQKPA5396M,BABHNE,0,,,guptamastercrafts@gmail.com,,,0,0,,0,,,,0,1971-01-01,1971-01-01,1971-01-01,,,,825404,0,0,no,no,no,no,,,,
G1524,"GULSAN INTERIORS & DESIGNER",8514077348,Howrah,"HOWRAH",D02133,Y,0,0,0,N,0,457,O,"",,"CHAKKAMALA SUB HEALTH CENTRE 						     UTTAR CHAKKAMALA UNNAMED ROAD						    NAUPALA HOWRAH",,"SEKH GOLAM RASUL",,,,,,ATUPR0615H,HOWRAH,0,,,rasulg402@gmail.com,,,0,0,,0,,,,0,1971-01-01,1971-01-01,1971-01-01,,,,711303,0,0,no,no,no,no,,,,
G1525,"GUJARAT ENTERPRISE",9574295791,THARAD,"THARAD",D02142,Y,0,0,0,N,0,332,O,"",,"S.N.14143 SERVE NO. 290						           POT NO 39						                         HIGHWAY ROAD",,"VISHNU SUTHAR",,,,,,GKRPS2573D,THARAD,0,,,vishnusuthar1353@gmail.com,,,0,0,,0,,,,0,1971-01-01,1971-01-01,1971-01-01,,,,385565,0,0,no,no,no,no,,,,
G1526,"GEETA INTERIOR",9954555134,TINSUKIA,"TINSUKIA",S10222,Y,0,0,0,N,0,215,D,"",,"S R LOHIA ROADTINSUKIA",,"ANKIT AGARWAL",,,,,,AATFG5031G,TINSUKIA,0,,,geetainteriortsk@gmail.com,,,0,0,,0,,,,0,1971-01-01,1971-01-01,1971-01-01,,,,786125,0,0,no,no,no,no,,,,
G1531,"GANPATI DOORS AND ALUMINIUM",8982490511,REWA,"REWA",D02162,Y,0,0,0,N,0,446,D,"",,"SHOP NO 325/12						                     NEAR NEW BUS STAND						                 RTO ROAD SAMAN TIRAHA",,"RAKESH JAISWAL",,,,,,AQQPJ1840B,REWA,0,,,jaiswalsaurabh80@gmail.com,,,0,0,,0,,,,0,1971-01-01,1971-01-01,1971-01-01,,,,486001,0,0,no,no,no,no,,,,
G1536,"G FOCUSS INTERIORS PVT. LTD.",9769059572,MUMBAI,"MUMBAI",S01430,Y,0,0,0,N,0,331,O,"",,"FLAT NO.B/116GHATKOPAR IND ESTATE  L B S ROADNEAR R CITY MALL         GHATKOPAR WEST",,"OJAS CHANDEKAR",,,,,,AAKCG7079G,MUMBAI,0,,,ojas.garnet@gmail.com,,,0,0,,0,,,,0,1971-01-01,1971-01-01,1971-01-01,,,,400086,0,0,no,no,no,no,,,,
G1541,"GARG PLYWOOD HOUSE.",9888072977,SANGRUR,"SANGRUR",S10209,Y,0,0,0,N,0,454,O,"",,"GAUSHALLA ROAD",,"VISHAL GARG",9876563154,,,,,AJGPK4250M,SANGRUR,0,,,kamalgarg444@gmail.com,,,0,0,,0,,,,0,1971-01-01,1971-01-01,1971-01-01,,,,148001,0,0,no,no,no,no,,,,
G1542,"GODREJ AND BOYCE MANUFACTURING CO LTD",9769372816,THANE,"THANE",S01430;S01430,Y,0,0,0,N,0,331,P,"",,"GODREJ & BOYCE I 4 WAREHOUSE INTERIO     SAI DHARA - I4 MUMBAI NASHIK HIGHWAY     NEAR SHANGRILA SAI DHARA COMPLEX",,"0",,,,,,AAACG1395D,THANE,0,,,vmirgal@godrej.com,,,0,0,,0,,,,0,1971-01-01,1971-01-01,1971-01-01,,,,421302,0,0,no,no,no,no,,,,
G1542,"GODREJ AND BOYCE MANUFACTURING CO LTD",9769372816,MUMBAI,"MUMBAI",S01430;S01430,Y,0,0,0,N,0,331,P,"",,"GODREJ & BOYCE I 4 WAREHOUSE INTERIO     SAI DHARA - I4 MUMBAI NASHIK HIGHWAY     NEAR SHANGRILA SAI DHARA COMPLEX",,"0",,,,,,AAACG1395D,THANE,0,,,vmirgal@godrej.com,,,0,0,,0,,,,0,1971-01-01,1971-01-01,1971-01-01,,,,421302,0,0,no,no,no,no,,,,
G1546,"GULLAPUDI GLASS AND PLYWOOD CENTRE",9989102882,KAKINADA,"KAKINADA",D02047,Y,0,0,0,N,0,525,D,"",,"34/1/9 TEMPLE STREET KAKINADA    EAST GODAVARI",,"SATYANARAYANA GULLAPUDI",,,,,,AFBPG9432L,KAKINADA,0,,,ayyappagullapudi@gmail.com,,,0,0,,0,,,,0,1971-01-01,1971-01-01,1971-01-01,,,,533001,0,0,no,no,no,no,,,,
G1548,"GOPAL PLYWOODS",9880744922,BELAGAVI,"BELAGAVI",S01904,Y,0,0,0,N,0,553,O,"",,"2070/1 BHATKANDE GALLI BELGAUM   BELAGAVI",,"VISHAL CHABADA",,,,,,AAIFM8505E,BELAGAVI,0,,,gstorebgm@gmail.com,,,0,0,,0,,,,0,1971-01-01,1971-01-01,1971-01-01,,,,590001,0,0,no,no,no,no,,,,
G155,"GREEN TIMBER & PLYWOOD",,NEW DELHI,"NEW DELHI",,Y,0,,0,N,0,,O,"",,"1496 WAZIR NAGAR GALI NO.-05 KOTLA MUBARK",,"",,,,,,,NEW DELHI,0,,,,,,0,0,,0,,,,0,0000-00-00,0000-00-00,0000-00-00,,,,,0,0,,no,,no,,,,
G1553,"GANESH DAS RAJ RATAN",9352251701,BIKANER,"BIKANER",D10465,Y,0,0,0,N,0,427,O,"",,"0 PETTI PERA                     RANI BAZAR",,"GIRIRAJ KUMAR BAGREE",,,,,,AIFPB6823R,BIKANER,0,,,ganeshdasrajratan@gmail.com,,,0,0,,0,,,,0,1971-01-01,1971-01-01,1971-01-01,,,,334001,0,0,no,no,no,no,,,,
G166,"G.D.BUILDERS",,GREATER NOIDA  (U P),"GREATER NOIDA  (U P)",,Y,0,,0,N,0,,O,"",,"S-1 GSM GAMA-1",,"",,,,,,,GREATER NOIDA  (U P),0,,,,,,0,0,,0,,,,0,0000-00-00,0000-00-00,0000-00-00,,,,,0,0,,no,,no,,,,
G169,"GLOBE PLY PALACE",,AMRITSAR  (PUNJAB),"AMRITSAR  (PUNJAB)",,Y,0,,0,N,0,,O,"",,"CHOWK REGENT CINEMA",,"",,,,,,,AMRITSAR  (PUNJAB),0,,,,,,0,0,,0,,,,0,0000-00-00,0000-00-00,0000-00-00,,,,,0,0,,no,,no,,,,
G178,"GYANA BHARATI INST. OF SC. TECH.",,,"",,Y,0,,0,N,0,,O,"",,"MANCHESWAR C/O.250/ASAHID NAGAR BHUBANESWAR",,"",,,,,,,,0,,,,,,0,0,,0,,,,0,0000-00-00,0000-00-00,0000-00-00,,,,,0,0,,no,,no,,,,
G178,"GYANA BHARATI INST. OF SC. TECH.",,NULL,"NULL",,Y,0,,0,N,0,,O,"",,"MANCHESWAR C/O.250/ASAHID NAGAR BHUBANESWAR",,"",,,,,,,,0,,,,,,0,0,,0,,,,0,0000-00-00,0000-00-00,0000-00-00,,,,,0,0,,no,,no,,,,
G5872,"GAJANAN WOODCRAFT",9374100749,RAJKOT,"RAJKOT",,Y,0,0,0,N,0,332,O,"",,"BAMANBOR G.I.D.C. ROAD                   SURVEY NO. 44 HIRDSAR BAMANBOR",,"0",,,,,,ABKPR8262L,RAJKOT,0,,,,,,0,0,,0,,,,0,1971-01-01,1971-01-01,1971-01-01,,,,363520,0,0,no,no,no,no,,,,
G745,"GUPTA PLYWOOD,CHD",9417373518,CHANDIGARH,"CHANDIGARH",,Y,0,45,0,N,0,,D,"",,"SCO-2914 SECTOR - 22C",,"SACHIN GOYAL",,,,,,AAGFG3466Q,CHANDIGARH,0,,,goyalsachin7772@gmail.com,,,0,0,,0,,,,0,0000-00-00,0000-00-00,0000-00-00,,,,,0,0,,no,,no,,,,
G870,"GLOBE TIMBER TRADERS",,NEW DELHI,"NEW DELHI",,Y,0,,0,N,0,,O,"",,"1/117-118 W H S TIMBER B KIRTI NAGAR",,"",,,,,,,NEW DELHI,0,,,,,,0,0,,0,,,,0,0000-00-00,0000-00-00,0000-00-00,,,,,0,0,,no,,no,,,,
G880,"GLASS HOME",9818629952,NEW DELHI,"NEW DELHI",S10152,Y,1500000,45,0,N,0,441,D,"",,"1 M C D BUILDING D. B. GUPTA ROAD  PAHARGANJ",,"ABHINAV GUPTA",,,,,,AANPG3106C,NEW DELHI,0,,,abhinav.gh@gmail.com,,,0,0,,0,,,,0,0000-00-00,0000-00-00,0000-00-00,,,,110055,0,0,no,no,,no,,,,
G892,"GUPTA PLYWOOD-KOL",0,KOLKATA,"KOLKATA",S01657;D02002,Y,0,0,0,N,0,457,O,"",,"98/4 S.N. BANERJEE ROAD TALTALLA",,"0",,,,,,0,KOLKATA,0,,,0,,,0,0,,0,,,,0,0000-00-00,0000-00-00,0000-00-00,,,,700014,0,0,,no,,no,,,,
G930,"GOYAL TIMBER TRADING COMPANY",+91-0157-225102,SIKAR,"SIKAR",,Y,0,0,0,N,0,427,D,"",,"KOTWALI ROAD                             OPP. P N B",,"RAMESH GOYAL",,,,,,AAAFG8774D,SIKAR,0,,,,,,0,0,,0,,,,0,0000-00-00,0000-00-00,0000-00-00,,,,332001,0,0,,,,,,,,
H0006,"HITKAR PRODUCTS",,BHILWARA,"BHILWARA",,Y,0,,0,N,0,,O,"",,"",,"",,,,,,,BHILWARA,0,,,,,,0,0,,0,,,,0,0000-00-00,0000-00-00,0000-00-00,,,,,0,0,,no,,no,,,,
H036,"HARYANA TEA SUPPLIER",,INDORE,"INDORE",,Y,0,,0,N,0,,O,"",,"20 SIYAGANJKIRANA GALI",,"",,,,,,ACBPM9408P,INDORE,0,,,,,,0,0,,0,,,,0,0000-00-00,0000-00-00,0000-00-00,,,,,0,0,,no,,no,,,,
H043,"HELPLINE",9903025253,KOLKATA,"KOLKATA",,Y,500000,30,194603.08,N,0,,O,"",,"P-32 DALIMTALA LANE",,"D J BHADURI",,,,,,,KOLKATA,0,,,,,,0,0,,0,,,,0,0000-00-00,0000-00-00,0000-00-00,,,,,0,0,,no,,no,,,,
H050,"HEPPLE WHITE INDIA P LTD",,MUMBAI,"MUMBAI",,Y,0,,0,N,0,,O,"",,"301RAM-NIMI8MANDLIK RO COLABAMUMBAI",,"",,,,,,,MUMBAI,0,,,,,,0,0,,0,,,,0,0000-00-00,0000-00-00,0000-00-00,,,,,0,0,,no,,no,,,,
H053,"HARDWARE HOUSE",9334108182,PATNA,"PATNA",S01386,Y,600000,30,0,N,0,219,D,"",,"HOTEL RAJKUMAR BLDG EXHIBITION ROAD PATNA",,"RAMESH SULTANIA",,,,,,AGKPR5507K,PATNA,0,,,hardwarehouse8@gmail.com,,,0,0,,0,,,,0,0000-00-00,0000-00-00,0000-00-00,,,,800001,0,0,,,,,,,,
H067,"HINDUSTAN ENGINEERS & CONSTRUCTIONS",,,"",,Y,0,,0,N,0,,O,"",,"GOLIUNDI MAIN ROAD BEHERAMPUR",,"",,,,,,,,0,,,,,,0,0,,0,,,,0,0000-00-00,0000-00-00,0000-00-00,,,,,0,0,,no,,no,,,,
H067,"HINDUSTAN ENGINEERS & CONSTRUCTIONS",,NULL,"NULL",,Y,0,,0,N,0,,O,"",,"GOLIUNDI MAIN ROAD BEHERAMPUR",,"",,,,,,,,0,,,,,,0,0,,0,,,,0,0000-00-00,0000-00-00,0000-00-00,,,,,0,0,,no,,no,,,,
H086,"HARI KISHAN MANDAL",,,"",,Y,0,,0,N,0,,O,"",,"NEW DELHI",,"",,,,,,,,0,,,,,,0,0,,0,,,,0,0000-00-00,0000-00-00,0000-00-00,,,,,0,0,,no,,no,,,,
H088,"HARI OM PLY",,RAJGIR,"RAJGIR",,Y,0,,0,N,0,219,O,"",,"RAJGIR",,"MANOJ KUMAR",,,,,,,RAJGIR,0,,,,,,0,0,,0,,,,0,0000-00-00,0000-00-00,0000-00-00,,,,803116,0,0,,no,,no,,,,
H092,"HINDUSTAN GLASS",9431429957,SASARAM,"SASARAM",S01386,Y,0,30,0,N,0,219,D,"",,"DHARAMSALA ROAD",,"",,,,,,ADBPC8739N,SASARAM,0,,,rajukumarhgh@gmail.com,,,0,0,,0,,,,0,0000-00-00,0000-00-00,0000-00-00,,,,821115,0,0,,no,,no,,,,
H094,"HOTEL SWOSTI PVT LTD",,LUDHIANA,"LUDHIANA",,Y,0,,0,N,0,,O,"",,"",,"",,,,,,,LUDHIANA,0,,,,,,0,0,,0,,,,0,0000-00-00,0000-00-00,0000-00-00,,,,,0,0,,no,,no,,,,
H1004,"HOLLYWOOD HOSPITALITY (P) LTD.",,NEW DELHI,"NEW DELHI",,Y,0,,0,N,0,,O,"",,"",,"",,,,,,,NEW DELHI,0,,,,,,0,0,,0,,,,0,0000-00-00,0000-00-00,0000-00-00,,,,,0,0,,no,,no,,,,
H1014,"HOTEL THE MARRIOT INTERNATIONAL",,,"",,Y,500000,30,0,N,0,,O,"",,"JODA KEONJHAR",,"",,,,,,,,0,,,,,,0,0,,0,,,,0,0000-00-00,0000-00-00,0000-00-00,,,,,0,0,,no,,no,,,,
H1014,"HOTEL THE MARRIOT INTERNATIONAL",,NULL,"NULL",,Y,500000,30,0,N,0,,O,"",,"JODA KEONJHAR",,"",,,,,,,,0,,,,,,0,0,,0,,,,0,0000-00-00,0000-00-00,0000-00-00,,,,,0,0,,no,,no,,,,
H1017,"HINDUSTAN PLYWOOD",9354913050,NEW DELHI,"NEW DELHI",,Y,7000000,45,0,N,0,,O,"",,"9-10SHANTI MARKET MANGOL PURI KALAN",,"",,,,,,AAKPG3738P,NEW DELHI,0,,,info@hply.in,,,0,0,,0,,,,0,0000-00-00,0000-00-00,0000-00-00,,,,,0,0,,no,,no,,,,
H1018,"HANU LAMINATES - GURGAON",9811627271,GURGAON,"GURGAON",S10015;S10042,Y,7000000,45,0,N,0,451,D,"",,"K.NO.6KHATA NO.76KHASRA NO.347/2 RAJENDRA MARKETM.G.ROAD M G ROAD",,"RAHUL GUPTA",,,,,,AHYPG9329F,GURGAON,0,,,gupta_rahul85@yahoo.com,,,0,0,,0,,,,0,0000-00-00,0000-00-00,0000-00-00,,,,122002,0,0,,no,,no,,,,
H1021,"HANU LAMINATES",9811627271,NEW DELHI,"NEW DELHI",S10015,Y,1000000,45,0,N,0,441,D,"H1018",,"MANSAROVER GARDEN",,"RAHUL GUPTA",,,,,,AJPKR6056R,NEW DELHI,0,,,gupta_rahul85@yahoo.com,,,0,0,,0,,,,0,0000-00-00,0000-00-00,0000-00-00,,,,110015,0,0,no,no,,no,,,,
H1027,"HARI RAM TIMBER",9835225765,HISWA,"HISWA",,Y,300000,30,0,N,0,219,D,"",,"MAHAJE MORE HISWA",,"AMRESH KUMAR",,,,,,,HISWA,0,,,no email,,,0,0,,0,,,,0,0000-00-00,0000-00-00,0000-00-00,,,,845449,0,0,,no,,no,,,,
H1030,"HOTEL BENZ",,NEW DELHI,"NEW DELHI",,Y,0,,0,N,0,,O,"",,"E-1GURU NANAKPURA JAIL ROADJANAKPURI",,"",,,,,,,NEW DELHI,0,,,,,,0,0,,0,,,,0,0000-00-00,0000-00-00,0000-00-00,,,,,0,0,,no,,no,,,,
H1039,"HINDUSTAN PLYWOOD EMPORIUM",,SAMBALPUR,"SAMBALPUR",,Y,0,,0,N,0,,O,"",,"SANSADAKDALIPARA SAMBALPUR",,"",,,,,,,SAMBALPUR,0,,,,,,0,0,,0,,,,0,0000-00-00,0000-00-00,0000-00-00,,,,,0,0,,no,,no,,,,
H1045,"HYDERABAD INSULATION CORPORATION",,NEW DELHI,"NEW DELHI",,Y,0,,0,N,0,,P,"",,"IGI AIRPORTT-3",,"",,,,,,,NEW DELHI,0,,,,,,0,0,,0,,,,0,0000-00-00,0000-00-00,0000-00-00,,,,,0,0,,no,,no,,,,
H1053,"HOLZ FURNITURE SYSTEMS",9810127077,PANIPAT-(HARYANA),"PANIPAT-(HARYANA)",S10056,Y,0,0,0,N,0,,O,"O721",,"VILLAGE:-KACHRAULI",,"",,,,,,AAGPB2099G,PANIPAT-(HARYANA),0,,,,,,0,0,,0,,,,0,0000-00-00,0000-00-00,0000-00-00,,,,,0,0,,no,,no,,,,
H1054,"HUNSPAL INDUSTRIES",,MUMBAI,"MUMBAI",S10042,Y,0,0,0,N,0,331,O,"",,"162 AC L.B.S.MARG                       OPP: BANK OF MAHARASHTRA                 KURLA (WEST)",,"TEJINDER SINGH",,,,,,AABFH1323C,MUMBAI,0,,,,,,0,0,,0,,,,0,1971-01-01,1971-01-01,1971-01-01,,,,400070,0,0,no,no,no,no,,,,
H1055,"HANU WOOD WORLD INDUSTRIES",,MOHALI (PUNJAB),"MOHALI (PUNJAB)",,Y,0,,0,N,0,,O,"",,"F-170PHASE-8B INDUSTRIAL AREA",,"",,,,,,,MOHALI (PUNJAB),0,,,,,,0,0,,0,,,,0,0000-00-00,0000-00-00,0000-00-00,,,,,0,0,,no,,no,,,,
H1057,"HANUMAN MAL VERMA",0,KOLKATA,"KOLKATA",S01657;D02002,Y,0,0,0,N,0,457,O,"",,"64/11 H SUREN SARKAR ROAD BEHIND I D HOSPITAL BELIAGHATA",,"0",,,,,,0,KOLKATA,0,,,0,,,0,0,,0,,,,0,0000-00-00,0000-00-00,0000-00-00,,,,700010,0,0,,no,,no,,,,
H1062,"HOTEL SWATI DELUXE",,NEW DELHI,"NEW DELHI",,Y,0,,0,N,0,,O,"",,"PUSA ROAD METRO PILLAR NO.98-99 GURUDWARA ROAD OPP JESSARAM HOSPIL KAROL BAGH",,"",,,,,,,NEW DELHI,0,,,,,,0,0,,0,,,,0,0000-00-00,0000-00-00,0000-00-00,,,,,0,0,,no,,no,,,,
H1067,"HONEY ENTERPRISES",9314754164,NEW DELHI,"NEW DELHI",S10042,Y,0,30,0,N,0,441,O,"",,"A1/1 WHS KIRTI NAGAR",,"TESTTEST",2222,,,,,AMFPG1950L,NEW DELHI,0,,,,,,0,0,,0,,,,0,0000-00-00,0000-00-00,0000-00-00,,,,110015,0,0,no,no,,no,,,,
H1069,"HEDA PLYWOODS",9845109711,BELGAUM,"BELGAUM",,Y,2000000,60,0,N,0,553,D,"",,"OPP.INDIAN OIL BUILDINGHEDA MANSION18 KHANAPUR ROADTILAKAWADI",,"SHANKAR PATEL",08312486764,,,,,,BELGAUM,0,,,hedaply@gmail.com,,,0,0,,0,,,,0,0000-00-00,0000-00-00,0000-00-00,,,,590006,0,0,,no,,no,,,,
H1070,"HANUMAN TIMBER CO",,VISAKHAPATNAM,"VISAKHAPATNAM",,Y,0,,0,N,0,,O,"",,"H.O D.NO-50-92-35/2 SANTIPURAM",,"",,,,,,,VISAKHAPATNAM,0,,,,,,0,0,,0,,,,0,0000-00-00,0000-00-00,0000-00-00,,,,,0,0,,no,,no,,,,
H1073,"HEMANT ENTERPRISES",7742771106,UDAIPUR,"UDAIPUR",,Y,0,0,0,N,0,,D,"",,"1-2VIDHYA NIKETANSHOPPING CENTREH.M.MAIN ROADSECTOR-4MAIN ROAD",,"HEMANT JAIN",2942100028,,,,,AFDPJ9858F,UDAIPUR,0,,,hemant1jain@gmail.com,,,0,0,,0,,,,0,0000-00-00,0000-00-00,0000-00-00,,,,313002,0,0,,no,,no,,,,
H1074,"HARMONY SURFACE DEKOR",9922781355,NASIK,"NASIK",,Y,5000000,30,0,N,0,331,D,"",,"1/2 MAYA CO.OP. HOUSING SOCINFR.DONGRE VASATIGRUHA MAIDANNEAR VASANT MARKET",,"SANJAY SHIMPI",,,,,,,NASIK,0,,,sanjayshimpi15@gmail.com,,,0,0,,0,,,,0,0000-00-00,0000-00-00,0000-00-00,,,,411002,0,0,,no,,no,,,,
H1080,"HARSUMAN SINGH SONDHI,HUF",9906299722,JAMMU,"JAMMU",,Y,3000000,45,0,N,0,454,D,"",,"C/O SONDHI ENTERPRISES NATIONAL HIGHWAY KUNJWANI BYE PASS",,"HARSUMAN SINGH SONDHI",,,,,,AADHH8207H,JAMMU,0,,,harsumansondhi@yahoo.co.in,,,0,0,,0,,,,0,0000-00-00,0000-00-00,0000-00-00,,,,180010,0,0,,,,,,,,
H1087,"HINDUSTAN GLASS HOUSE",+91-94314-29957,ROHTAS,"ROHTAS",S01386,Y,0,0,0,N,0,219,D,"",,"SAPNA MARKET DHARAMSALA ROAD            SASARAM",,"BALIRAM CHAURASIA",,,,,,ADBPC8739N,ROHTAS,0,,,,,,0,0,,0,,,,0,0000-00-00,0000-00-00,0000-00-00,,,,821115,0,0,,,,,,,,
H1090,"HORUJAN TEA COMPANY",,JEYPORE,"JEYPORE",,Y,0,,0,N,0,,O,"",,"JEYPORE",,"",,,,,,,JEYPORE,0,,,,,,0,0,,0,,,,0,0000-00-00,0000-00-00,0000-00-00,,,,,0,0,,no,,no,,,,
H1092,"HIMALAYAN PLY BOARDS",9996155722,JAGADHRI,"JAGADHRI",,Y,0,,0,N,0,,O,"",,"NEAR SAMTA YOG ASHRAM CHHACHHRULI ROAD",,"RAKESH",,,,,,,JAGADHRI,0,,,,,,0,0,,0,,,,0,0000-00-00,0000-00-00,0000-00-00,,,,,0,0,,no,,no,,,,
H1101,"HARESHWAR ENTERPRISE",9428800567,AHMEDABAD,"AHMEDABAD",,Y,3500000,45,0,N,0,332,D,"",,"LATI BAZAR - 3 GITA MANDIR",,"NIMESH PATELNIMESH PATEL",98987607289898760728,,,,,ACPPP9256Q,AHMEDABAD,0,,,info@hareshwar.com,,,0,0,,0,,,,0,0000-00-00,0000-00-00,0000-00-00,,,,380022,0,0,,,,no,,,,
H1103,"HUKUM CHAND SOOD & SONS TRADING PVT.LTD",9815609777,KHANNA,"KHANNA",,Y,3000000,0,0,N,0,454,O,"",,"SAMRALA ROAD",,"VIKAS SOOD",,,,,,AAIFH06446M,KHANNA,0,,,hukamsood@rediffmail.com,,,0,0,,0,,,,0,0000-00-00,0000-00-00,0000-00-00,,,,141401,0,0,,no,,no,,,,
H1111,"HARDAS HARDWARE & PAINT STORE",9919046362,LUCKNOW,"LUCKNOW",,Y,0,45,0,N,0,,D,"",,"C-46SINGAR NAGARALAM BAGH",,"VIJAY KUMAR",05222455711,,,,,ADIPC3308G,LUCKNOW,0,,,vijaychawla_hardas@yahoo.com,,,0,0,,0,,,,0,0000-00-00,0000-00-00,0000-00-00,,,,226005,0,0,,no,,no,,,,
H1112,"HARYANA PANAL PRODUCTS",9355421542,YAMUNANAGAR,"YAMUNANAGAR",,Y,0,15,0,N,0,,O,"",,"P.O.KARERA KHURD KARERA BUS STOP KHAJURI ROAD",,"",,,,,,AACFH5556L,YAMUNANAGAR,0,,,hpp_ynr@yahoo.co.in,,,0,0,,0,,,,0,0000-00-00,0000-00-00,0000-00-00,,,,,0,0,,no,,no,,,,
H1114,"HITESH PARSAMAL JAIN",9845255140,HUBLI,"HUBLI",,Y,2000000,30,0,N,0,553,P,"",,"# 30 SUVIDHA COLONYKESHAVAPUR",,"",,,,,,ADRPJ1592N,HUBLI,0,,,,,,0,0,,0,,,,0,0000-00-00,0000-00-00,0000-00-00,,,,580038,0,0,,no,,no,,,,
H1117,"HUKAM CHAND TIMBER MERCHANT",9992020360,FATEHABAD,"FATEHABAD",,Y,0,0,0,N,0,,D,"",,"NEW KATH MANDI BIGHAR ROAD",,"SURENDER MOHAN (PROP)",,,,,,ABZPM9482E,FATEHABAD,0,,,lalit_kaun@rediffmail.com,,,0,0,,0,,,,0,0000-00-00,0000-00-00,0000-00-00,,,,,0,0,,no,,no,,,,
H1134,"HARSH PLYWOOD",09335902120,LUCKNOW,"LUCKNOW",,Y,1500000,45,0,N,0,,D,"",,"43 SHIVAJI MARGIndia",,"HARIRAM AGARWAL",,,,,,AACFH4360E,LUCKNOW,0,,,harshplywood@hotmail.com,,,0,0,,0,,,,0,0000-00-00,0000-00-00,0000-00-00,,,,226018,0,0,,no,,no,,,,
H1144,"HARMONY",09922781355,NASHIK,"NASHIK",,Y,1500000,30,0,N,0,331,D,"",,"SHOP NO:5 TO 8 GANGAPUR ROADSHREE GANESH PRESTIGE",,"SANJAY SHIMPI",,,,,,AAHFH3022J,NASHIK,0,,,sanjayshimpi15@gmail.com,,,0,0,,0,,,,0,0000-00-00,0000-00-00,0000-00-00,,,,422013,0,0,,no,,no,,,,
H1151,"HARYANA PLYWOOD CENTRE",9810417130,NEW DELHI,"NEW DELHI",S10042,Y,1500000,30,0,N,0,441,D,"",,"C-8/4SECTOR-7 ROHINI India",,"RAJ KUMAR SINGHAL",,,,,,AMFPS7523P,NEW DELHI,0,,,rksinghal1968@gmail.com,,,0,0,,0,,,,0,0000-00-00,0000-00-00,0000-00-00,,,,110085,0,0,no,no,,no,,,,
H1156,"HOTEL EXCELSIOR LTD.",9910583700,FARIDABAD ( E),"FARIDABAD ( E)",S10008,Y,0,45,0,N,0,441,P,"",,"(UNIT- HOTEL RADISSON BLU) PLOT NO.4SEC-20BMATHURA RD. India",,"ANAND  KANDPAL",,,,,,AABCH1744C,FARIDABAD ( E),0,,,purchase@eros-group.com,,,0,0,,0,,,,0,0000-00-00,0000-00-00,0000-00-00,,,,121001,0,0,no,no,,no,,,,
H1158,"HANUMAN PLY PRODUCTS PVT LTD",8222028803,JHAJJAR,"JHAJJAR",,Y,0,0,0,N,0,,O,"",,"NH 10 43 KM MILES TONE DELHI ROTAK RD VILL & POST ROHAD",,"",,,,,,AACCH4490G,JHAJJAR,0,,,sksaraf1964@gmail.com,,,0,0,,0,,,,0,0000-00-00,0000-00-00,0000-00-00,,,,,0,0,,no,,no,,,,
H1171,"HINDUSTAAN TEST HOUSE",787619988,AMBALA CANTT,"AMBALA CANTT",S01512,Y,0,30,0,N,0,317,O,"",,"80 2ND FLOOR INDUSTRIAL AREA PHASE-I",,"AMIT KHAN",,,,,,AAFFH7492E,AMBALA CANTT,0,,,hindustantesthouse@gmail.com,,,0,0,,0,,,,0,0000-00-00,0000-00-00,0000-00-00,,,,133001,0,0,,no,,no,,,,
H1172,"H P G K JJEWELS",9984559999,GORAKHPUR,"GORAKHPUR",,Y,0,0,0,N,0,,O,"",,"GOPI GALIHINDI BAZAR",,"SAUMITRA SARAF",,,,,,AAIFH4179F,GORAKHPUR,0,,,saumitra3000@gmail.com,,,0,0,,0,,,,0,0000-00-00,0000-00-00,0000-00-00,,,,,0,0,,no,,no,,,,
H1175,"HITECH BUILDERS & CO.",8808466786,RAEBARELI,"RAEBARELI",,Y,0,0,0,N,0,,O,"",,"910GANDHI NAGAR",,"SHYAM KISHOR",,,,,,EDYPS2102A,RAEBARELI,0,,,skishor489@gmail.com,,,0,0,,0,,,,0,0000-00-00,0000-00-00,0000-00-00,,,,,0,0,,no,,no,,,,
H1184,"HONEY HARDWARE",9887632626,BANSWARA,"BANSWARA",,Y,800000,30,0,N,0,,D,"",,"NEAR BURHANI CIRCLEGOL CHOURAHA NAI ABADI",,"MOHAMMED KUWALA",02962245553,,,,,DOUPK2022D,BANSWARA,0,,,cleverboyhoney52@gmail.com,,,0,0,,0,,,,0,0000-00-00,0000-00-00,0000-00-00,,,,327001,0,0,,no,,no,,,,
H1186,"HARDWARES (A UNIT OF HOME DESIGNZ)",7781015558,PATNA,"PATNA",S01386,Y,1500000,30,0,N,0,219,D,"",,"JAMAL ROAD  NEW DAKBANGLOW ROAD India",,"MOHIT SURI",,,,,,AAGFH0840K,PATNA,0,,,hardwarespatna@gmail.com,,,0,0,,0,,,,0,0000-00-00,0000-00-00,0000-00-00,,,,800001,0,0,,,,,,,,
H1211,"HAT PLATINUM HOTELS PVT.LTD.",9792203141,DISTT:-SHRAWASTI,"DISTT:-SHRAWASTI",,Y,0,7,0,N,0,447,P,"",,"GATE NO.155 & 156GRAM KHARGUPUR PARGANA & TEHSIL:-EKAUNA India",,"GAURAV SINGH",,,,,,AADCH3153M,DISTT:-SHRAWASTI,0,,,janhveevns@gmail.com,,,0,0,,0,,,,0,0000-00-00,0000-00-00,0000-00-00,,,,271845,0,0,,,,,,,,
H1213,"HARDAS HARDWARE & PLYWOOD CENTRE",7860455554,LUCKNOW,"LUCKNOW",,Y,0,0,0,N,0,447,D,"",,"A-35 SEC-B LDA COLONY KANPUR ROAD India",,"VIJAY CHAWLA",,,,,,ADIPC3308G,LUCKNOW,0,,,hardashardware2@gmail.com,,,0,0,,0,,,,0,0000-00-00,0000-00-00,0000-00-00,,,,226012,0,0,,,,,,,,
H1225,"HIMALAYA PLYWOOD",9358300038,SAHARANPUR,"Saharanpur",,Y,0,0,0,N,0,448,D,"",,"DELHI ROAD  India",,"MOHIT THAKRAL",9358300038,,,,,ADWPT3792M,SAHARANPUR,0,,,thakralmohit21@gmail.com,,,0,0,,0,,,,0,0000-00-00,0000-00-00,0000-00-00,,,,247001,0,0,,,,,,,,
H1229,"HARDWARE & PLYWOOD SYNDICATE",9410252317,MATHURA,"MATHURA",,Y,600000,30,0,N,0,,D,"",,"OM NAGAR OPP. BASERA RESTAURANTNEAR ALWAR BRIDGE NH-2",,"AKHILESH KUMAR KHANDELWAL",,,,,,ABVPK6983G,MATHURA,0,,,shashankkhandelwal2002@gmail.com,,,0,0,,0,,,,0,0000-00-00,0000-00-00,0000-00-00,,,,281001,0,0,,no,,no,,,,
H1230,"HAFIZ BROTHERS",9821927191,MUMBAI,"MUMBAI",,Y,10000000,30,407256,N,0,,D,"",,"63-A SANT SAVTA MARG MUSTAFA BAZAR BYCULLA (E)",,"SALMAN MERCHANT",,,,,,AAAFH2039J,MUMBAI,0,,,hafizbros1998@gmail.com,,,0,0,,0,,,,0,0000-00-00,0000-00-00,0000-00-00,,,,,0,0,,no,,no,,,,
H1239,"HOGAN INDUSTRIES PRIVATE LIMITED",9327272932,AHMEDABAD,"AHMEDABAD",S01769,Y,5000000,30,0,N,0,332,D,"",,"3/2 LAXMI IND ESTATE BHADAJ GAM NR SCIENCE CITY CIRCLE RAKANPUR",,"SANJAY BHIMJI PATEL",,,,,,AAECH9110R,AHMEDABAD,0,,,sanjay@hoganply.com,,,0,0,,0,,,,0,0000-00-00,0000-00-00,0000-00-00,,,,382722,0,0,,no,,no,,,,
H1246,"HOME DECOR",9891017298,EAST DELHI,"EAST DELHI",S10015,Y,0,0,0,N,0,441,D,"",,"B-733 734 GD COLONY MAYUR VIHAR PHASE - 3",,"KRISHAN KUMARKRISHAN KUMAR",,,,,,ABWPA2542G,EAST DELHI,0,,,arunmurliwala@gmail.com,,,0,0,,0,,,,0,0000-00-00,0000-00-00,0000-00-00,,,,110096,0,0,no,no,,no,,,,
H1248,"HARI HARA PAINTS AND HARDWARE",+91-99491-17211,KAMAREDDY TELANGANA,"KAMAREDDY, TELANGANA",S01700;S01700,Y,0,0,0,N,0,554,D,"",,"1/8/19 SUBHASH ROAD                     KAMAREDDY",,"SRINIVAS",8336801700,,,,,ALEPM4916E,KAMAREDDY, TELANGANA,0,,,,,,0,0,,0,,,,0,0000-00-00,0000-00-00,0000-00-00,,,,503111,0,0,,,,,,,,
H1248,"HARI HARA PAINTS AND HARDWARE",+91-99491-17211,KAMAREDDY,"KAMAREDDY",S01700;S01700,Y,0,0,0,N,0,554,D,"",,"1/8/19 SUBHASH ROAD                     KAMAREDDY",,"SRINIVAS",8336801700,,,,,ALEPM4916E,KAMAREDDY, TELANGANA,0,,,,,,0,0,,0,,,,0,0000-00-00,0000-00-00,0000-00-00,,,,503111,0,0,,,,,,,,
H1252,"HINDUSTAN GLASS AND HOME DECOR",9431429957,SASARAM,"SASARAM",S01386,Y,0,0,0,N,0,219,O,"",,"G T ROAD SASARAM                        SASARAM  ROHTAS",,"GAURAV KUMAR",,,,,,BOUPK4214D,SASARAM,0,,,rajukumarhgh@gmail.com,,,0,0,,0,,,,0,0000-00-00,0000-00-00,0000-00-00,,,,821115,0,0,,,,,,,,
H1262,"HANU LAMINATES & PLYWOOD",9811044674,GURGAON,"GURGAON",S10015,Y,3000000,30,0,N,0,441,D,"",,"KHASRA NO.333-334 RAJENDRA MARKETM.G.ROAD",,"TUSHAR AGGARWAL",,,,,,BNXPA5300G,GURGAON,0,,,hanulaminatesandplywoods@gmail.com,,,0,0,,0,,,,0,0000-00-00,0000-00-00,0000-00-00,,,,122002,0,0,,no,,no,,,,
H1264,"HARSHITAA KITCHENS AND HARDWARE",9956344766,LUCKNOW,"LUCKNOW",,Y,0,0,0,N,0,,D,"",,"LGF 102.20 102/134ASHIVAJI MARG",,"PUNEET KUMAR",9415101173,,,,,ABRPK0835D,LUCKNOW,0,,,harshitaakitchens@gmail.com,,,0,0,,0,,,,0,0000-00-00,0000-00-00,0000-00-00,,,,226018,0,0,,no,,no,,,,
H1271,"HAZI ALMUNIUM PLYWOOD",9984132123,BHADOHI,"BHADOHI",,Y,0,0,0,N,0,,D,"",,"CHAURI ROAD BISMILLAH COMPLEXPAYAL TALKIES SANT RAVIDAS NAGAR",,"TABSSUM SABA",9984132123,,,,,AXTPS6308R,BHADOHI,0,,,ahmedajaz102@gmail.com,,,0,0,,0,,,,0,0000-00-00,0000-00-00,0000-00-00,,,,221401,0,0,,no,,no,,,,
H1273,"HARYANA TRADING CO.",8295192222,AMBALA CANTT,"AMBALA CANTT",D10478;D10350,Y,0,0,0,N,0,443,D,"",,"5355/5 PUNJABI MOHALA",,"ASHWANI GUPTA",,,,,,AFHPG5983N,AMBALA CANTT,0,,,,,,0,0,,0,,,,0,1971-01-01,1971-01-01,1971-01-01,,,,133001,0,0,no,no,no,no,,,,
H1273,"HARYANA TRADING CO.",8295192222,AMBALA CANT,"AMBALA CANT",D10478;D10350,Y,0,0,0,N,0,443,D,"",,"5355/5 PUNJABI MOHALA",,"ASHWANI GUPTA",,,,,,AFHPG5983N,AMBALA CANTT,0,,,,,,0,0,,0,,,,0,1971-01-01,1971-01-01,1971-01-01,,,,133001,0,0,no,no,no,no,,,,
H1276,"HIRA SONS",9425208073,RAIPUR,"RAIPUR",S01512,Y,0,0,0,N,0,420,O,"",,"JANAK BADA K.K ROAD",,"JAYA WADHWA",,,,,,AAPPW2432B,RAIPUR,0,,,0,,,0,0,,0,,,,0,0000-00-00,0000-00-00,0000-00-00,,,,492001,0,0,,no,,no,,,,
H1278,"HIMALAYAN PANELS",9759548077,YAMUNA NAGAR,"YAMUNA NAGAR",,Y,0,0,0,N,0,451,O,"",,"VILLAGE KAMI MAJRA KHAJURI ROAD",,"RAJEEV",,,,,,AALFH2874E,YAMUNA NAGAR,0,,,auro_rajeev@rediffmail.com,,,0,0,,0,,,,0,0000-00-00,0000-00-00,0000-00-00,,,,135001,0,0,,,,no,,,,
H1279,"HARI OM PLYWOOD",161406405,LUDHIANA,"LUDHIANA",S10074,Y,0,0,0,N,0,454,D,"",,"6E/2 MALHAR ROAD                         SARABHA NAGAR",,"",,,,,,AMSPG5179Q,LUDHIANA,0,,,,,,0,0,,0,,,,0,0000-00-00,0000-00-00,0000-00-00,,,,141001,0,0,,,,,,,,
H1280,"HOTEL ELITE(A UNIT OF ACG HOTELS & RESORTS PVT LTD.)",9910588887,GHAZIABAD,"GHAZIABAD",S10230,Y,0,0,0,N,0,448,O,"",,"343RAILWAY ROAD BAJARIA",,"VEDPAL YADAV",,,,,,AAFCA8873R,GHAZIABAD,0,,,hotelelitegzb@gmail.com,,,0,0,,0,,,,0,0000-00-00,0000-00-00,0000-00-00,,,,201001,0,0,,no,,no,,,,
H1286,"HANUMAT PLYWOOD COMPANY",9891209227,DELHI,"DELHI",S10015,Y,0,0,0,N,0,441,D,"",,"HOUSE NO. 238 GF NEAR JAGDAMBA SANITARY AND SBI PITAMPURA VILLAGE",,"ASHUTOSH TYAGI",9891209227,,,,,BFFPA5251J,DELHI,0,,,ashutoshtyagi87@gmail.com,,,0,0,,0,,,,0,0000-00-00,0000-00-00,0000-00-00,,,,110034,0,0,,,,,,,,
H1288,"H M ENTERPRISES",7008140844,CUTTACK,"CUTTACK",S01519;D02050,Y,0,0,0,N,0,216,D,"",,"KHATA NO-820 PLOT NO 1490 JHANJIRI MANGALA TELENGA BAZAR",,"JAGADHATRI CHINARA",,,,,,BQRPD2575H,CUTTACK,0,,,hmenterprisesctc@gmail.com,,,0,0,,0,,,,0,0000-00-00,0000-00-00,0000-00-00,,,,753009,0,0,,,,,,,,
H1289,"HOME DECOR AND GLASS ART",7501433566,GHATAL,"GHATAL",S01519,Y,0,0,0,N,0,221,D,"",,"344/4344/5 KUSHPATA WORD NO17 ROOM NO 13 SERVICE CENTRE BUS STOP",,"SHAIKH RAJU M",,,,,,BHTPS2738C,GHATAL,0,,,rajusk1242@gmail.com,,,0,0,,0,,,,0,0000-00-00,0000-00-00,0000-00-00,,,,721212,0,0,,,,no,,,,
H1292,"HEBUNI DESIGN STUDIO",9620338000,Bangalore,"BANGALORE",D02026;D02007,Y,0,0,0,N,0,553,D,"",,"SECOND FLOORNO-20212TH MAIN           3RD PHASEPEENYA IND AREA",,"CHETAN  SHAH",,,,,,AANFH3557L,BENGALURU,0,,,hebunidesign@gmail.com,,,0,0,,0,,,,0,1971-01-01,1971-01-01,1971-01-01,,,,560058,0,0,no,no,no,no,,,,
H1292,"HEBUNI DESIGN STUDIO",9620338000,BENGALURU,"BENGALURU",D02026;D02007,Y,0,0,0,N,0,553,D,"",,"SECOND FLOORNO-20212TH MAIN           3RD PHASEPEENYA IND AREA",,"CHETAN  SHAH",,,,,,AANFH3557L,BENGALURU,0,,,hebunidesign@gmail.com,,,0,0,,0,,,,0,1971-01-01,1971-01-01,1971-01-01,,,,560058,0,0,no,no,no,no,,,,
H1318,"HABIQO",9737231000,SURAT,"SURAT",,Y,0,0,0,N,0,332,O,"",,"PLOT NO 16/A 17-B17-C17-D GIRDHAR IND EST-2 UDHNA MAGDALLA",,"VED NARANG",,,,,,AALFH8421P,SURAT,0,,,habiqointeriors@gmail.com,,,0,0,,0,,,,0,0000-00-00,0000-00-00,0000-00-00,,,,395007,0,0,,,,,,,,
H1326,"HARYANA TIMBER STORE",9811205197,GURGAON,"GURGAON",S10223,Y,1000000,30,0,N,0,441,D,"",,"BASAI ROAD BADA BAZAR",,"SURENDER WASAN",,,,,,AAAFH8159H,GURGAON,0,,,haryana.t.s.2008@gmail.com,,,0,0,,0,,,,0,0000-00-00,0000-00-00,0000-00-00,,,,122001,0,0,,,,,,,,
H1341,"HANEEFA",9837384886,BULANDSHAHR,"BULANDSHAHR",S10221;S10230,Y,0,0,0,N,0,447,O,"",,"MAUKHERA                                BULANDSHAHR",,"HANEEFA",,,,,,BKYPH1089K,BULANDSHAHR,0,,,majidansari122@gmail.com,,,0,0,,0,,,,0,0000-00-00,0000-00-00,0000-00-00,,,,203001,0,0,,,,,,,,
H1359,"HIDDENELEMENTS PRIVATE LIMITED",9425432205,BHOPAL,"BHOPAL",S01883,Y,0,0,0,N,0,446,P,"",,"E-3/119 ARERA COLONY",,"RAHUL MAHESHWARI",,,,,,AAFCH1441J,BHOPAL,0,,,samadhanvds@gmail.com,,,0,0,,0,,,,0,0000-00-00,0000-00-00,0000-00-00,,,,462039,0,0,,,,,,,,
H1379,"HINDUSTAN ENTERPRISES",9690699656,MANGALURU,"MANGALURU",D02026,Y,0,0,0,N,0,553,O,"",,"GROUND FLOOR D NO-10-19-931						      CASBA BAZAR VILLAGE",,"MOHAMMADFURKAN JAMALUDDIN ANSARI",,,,,,BENPA8100B,MANGALURU,0,,,hindustantradersbunder@gmail.com,,,0,0,,0,,,,0,1971-01-01,1971-01-01,1971-01-01,,,,575001,0,0,no,no,no,no,,,,
H1382,"HIMALAY PLY",9635576852,HOOGHLY,"HOOGHLY",D02133,Y,0,0,0,N,0,457,D,"",,"KANANADI DHANIAKHALI                    GHANA SHYAMPUR",,"SOMNATH SAHANA",,,,,,FBQPS2110K,HOOGHLY,0,,,himalayply2022@gmail.com,,,0,0,,0,,,,0,1971-01-01,1971-01-01,1971-01-01,,,,712302,0,0,no,no,no,no,,,,
H1384,"HOMEWORKS",9760505344,RISHIKESH,"RISHIKESH",S10230,Y,0,0,0,N,0,448,D,"",,"HARIDWAR ROAD SHYAMPUR						             TULSI VIHAR COLONY RISHIKESHDEHARADUN",,"MONA MENDIRATTA TANEJA",,,,,,AXJPM6252A,RISHIKESH,0,,,homeworks.rishikesh@gmail.com,,,0,0,,0,,,,0,1971-01-01,1971-01-01,1971-01-01,,,,249202,0,0,no,no,no,no,,,,
H1386,"HARMONY INST. OF EXCELLENCE IN REPRODUCTIVE HEALTH",8109002618,BHOPAL,"BHOPAL",D02049,Y,0,0,0,N,0,446,P,"",,"Flat No.: 33344041						              CHINAR FORTUNE CITY						                HOSHANGABAD ROAD BAWARIA KALAN",,"JITENDRA KASHYAP",,,,,,AEZPB2247K,BHOPAL,0,,,antu.aq.corporation@gmail.com,,,0,0,,0,,,,0,1971-01-01,1971-01-01,1971-01-01,,,,462026,0,0,no,no,no,no,,,,
H1387,"HARISH CHAND RAMESH CHAND",9414183030,KOTA,"KOTA",D10441,Y,0,0,0,N,0,427,D,"",,"20 INDUSTRIAL AREA",,"RAJENDRA SADHWANI",,,,,,AADFH1242C,KOTA,0,,,hcrckota@gmail.com,,,0,0,,0,,,,0,1971-01-01,1971-01-01,1971-01-01,,,,324005,0,0,no,no,no,no,,,,
H1393,"HARISH KUMAR MAHESHWARI",9268574225,NOIDA,"NOIDA",,Y,0,0,0,N,0,441,O,"",,"J-6 ANUKAMPA                           SECTOR -12 GAUTAM BUDDHA NAGAR",,"HARISH KUMAR MAHESHWARI",,,,,,AAIPM1019K,NOIDA,0,,,hkmaheshwari@duroply.com,,,0,0,,0,,,,0,1971-01-01,1971-01-01,1971-01-01,,,,201301,0,0,no,no,no,no,,,,
H1400,"HARDWARE SPOT",9037007977,THIRUVANTHAPURAM,"THIRUVANTHAPURAM",D02107,Y,0,0,0,N,0,529,O,"",,"BUILDING NO-/FLAT NO.: TC 71/351   POWER HOUSE ROAD",,"SARIN MAHAMMAD",,,,,,APQPM7755R,THIRUVANTHAPURAM,0,,,hardwarespot07@gmail.com,,,0,0,,0,,,,0,1971-01-01,1971-01-01,1971-01-01,,,,695036,0,0,no,no,no,no,,,,
H1404,"HARYANA GLASS & PLYWOOD",9416358121,ROHTAK,"ROHTAK",D10397;D10397,Y,0,0,0,N,0,446,O,"",,"MAIN BAZARKALANAUR",,"GULSHAN KUMAR",,,,,,ALWPK1659E,MANDAPETA,0,,,haryana.gp@gmail.com,,,0,0,,0,,,,0,1971-01-01,1971-01-01,1971-01-01,,,,124113,0,0,no,no,no,no,,,,
H1404,"HARYANA GLASS & PLYWOOD",9416358121,MANDAPETA,"MANDAPETA",D10397;D10397,Y,0,0,0,N,0,446,O,"",,"MAIN BAZARKALANAUR",,"GULSHAN KUMAR",,,,,,ALWPK1659E,MANDAPETA,0,,,haryana.gp@gmail.com,,,0,0,,0,,,,0,1971-01-01,1971-01-01,1971-01-01,,,,124113,0,0,no,no,no,no,,,,
H1632,"HARYANA PLYWOOD",9802888888,HISAR,"HISAR",S10239,Y,0,0,0,N,0,443,D,"",,"14 CH.DEVILAL MARKET                   JIND CHOWK                              HANSIHISAR",,"NITESH KAUSHIK",,,,,,BDDPK5905P,HISAR,0,,,haryanaply@gmail.com,,,0,0,,0,,,,0,1971-01-01,1971-01-01,1971-01-01,,,,125033,0,0,no,no,no,no,,,,
H180,"HITKAR POUCHER (P) LTD.",,BHILWARA,"BHILWARA",,Y,0,,0,N,0,,O,"",,"",,"",,,,,,,BHILWARA,0,,,,,,0,0,,0,,,,0,0000-00-00,0000-00-00,0000-00-00,,,,,0,0,,no,,no,,,,
H456,"HAZARA SINGH INDER SINGH",,CHANDIGRAH,"CHANDIGRAH",,Y,0,,0,N,0,,O,"",,"SCF-94 GRAIN MATKET SEC",,"",,,,,,ACBPM4290K,CHANDIGRAH,0,,,,,,0,0,,0,,,,0,0000-00-00,0000-00-00,0000-00-00,,,,,0,0,,no,,no,,,,
H830,"HARICHAND BHAGATRAM",9810161493,NEW DELHI,"NEW DELHI",,Y,1000000,45,0,N,0,,O,"",,"8722 D.B GUPTA ROAD PAHARGANJ",,"",,,,,,AAAFH2514E,NEW DELHI,0,,,harichandbhagatram@gmail.com,,,0,0,,0,,,,0,0000-00-00,0000-00-00,0000-00-00,,,,,0,0,,no,,no,,,,
H900,"HEMKUND TIMBERS.",,NEW DELHI,"NEW DELHI",,Y,0,,0,N,0,,O,"",,"45/1-TIMBER BLOCK KIRTI NAGAR",,"",,,,,,,NEW DELHI,0,,,,,,0,0,,0,,,,0,0000-00-00,0000-00-00,0000-00-00,,,,,0,0,,no,,no,,,,
H901,"HARIOM TIMBER TRADERS",9301101911,GWALIOR,"GWALIOR",S01865,Y,3000000,30,0,N,0,446,D,"",,"HUZRAT ROAD DAULAT GANJ LASHKAR",,"HARIOM AGRAWAL",9301101911,,,,,ABVPA0237H,GWALIOR,0,,,httgwalior@gmail.com,,,0,0,,0,,,,0,0000-00-00,0000-00-00,0000-00-00,,,,474001,0,0,,no,,no,,,,
I008,"ISRAIL PLYWOOD",0,KOLKATA,"KOLKATA",S01657;D02002,Y,0,0,0,N,0,457,O,"",,"157/C LANIN SARANI CALCUTTA - 700 013.",,"0",,,,,,0,KOLKATA,0,,,0,,,0,0,,0,,,,0,0000-00-00,0000-00-00,0000-00-00,,,,0,0,0,,no,,no,,,,
I022,"IDEAL REAL ESTATES PVT LTD.",0,KOLKATA,"KOLKATA",S01657;D02002,Y,0,0,0,N,0,457,O,"",,"50 JAWAHAR LAL NEHRU ROAD 11TH FLOOR KOLKATA - 700071",,"0",,,,,,0,KOLKATA,0,,,0,,,0,0,,0,,,,0,0000-00-00,0000-00-00,0000-00-00,,,,700071,0,0,,no,,no,,,,
I039,"INTERIOR SHOPPEE ,AHMEDABAD",9429901291,AHMEDABAD,"AHMEDABAD",,Y,1000000,30,0,N,0,332,D,"",,"18GROUND FLOORGRAND MONARCH BESIDE SEEMA HALLANAND NAGAR SATELITE",,"SHRAMIK THAKKAR",,,,,,ABEPT4360R,AHMEDABAD,0,,,shamrut@gmail.com,,,0,0,,0,,,,0,0000-00-00,0000-00-00,0000-00-00,,,,380015,0,0,,,,,,,,
I048,"INDOO INGOTS & RE-ROLLERS PVT LTD",,,"",,Y,0,,0,N,0,,O,"",,"BANSPANI NEAR PATTNAIK FILEX JODA",,"",,,,,,,,0,,,,,,0,0,,0,,,,0,0000-00-00,0000-00-00,0000-00-00,,,,,0,0,,no,,no,,,,
I048,"INDOO INGOTS & RE-ROLLERS PVT LTD",,NULL,"NULL",,Y,0,,0,N,0,,O,"",,"BANSPANI NEAR PATTNAIK FILEX JODA",,"",,,,,,,,0,,,,,,0,0,,0,,,,0,0000-00-00,0000-00-00,0000-00-00,,,,,0,0,,no,,no,,,,
I049,"IDEA CELLULAR LTD",,,"",,Y,0,,0,N,0,,O,"",,"",,"",,,,,,,,0,,,,,,0,0,,0,,,,0,0000-00-00,0000-00-00,0000-00-00,,,,,0,0,,no,,no,,,,
I061,"INDEK",,,"",,Y,0,,0,N,0,,O,"",,"PLOT NO 352LG-1METRO CLASSIC SAHID NAGAR BHUBANESWAR",,"",,,,,,,,0,,,,,,0,0,,0,,,,0,0000-00-00,0000-00-00,0000-00-00,,,,,0,0,,no,,no,,,,
I061,"INDEK",,NULL,"NULL",,Y,0,,0,N,0,,O,"",,"PLOT NO 352LG-1METRO CLASSIC SAHID NAGAR BHUBANESWAR",,"",,,,,,,,0,,,,,,0,0,,0,,,,0,0000-00-00,0000-00-00,0000-00-00,,,,,0,0,,no,,no,,,,
I064,"INTER WOOD MATERIAL",,RAJKOT,"RAJKOT",D02029,Y,0,0,0,N,0,332,D,"",,"30/31/32 GOLDEN PLAZA                  GROUND FLOOR TAGORE ROAD               BHAKTINAGAR",,"",,,,,,AAAFI7617M,RAJKOT,0,,,,,,0,0,,0,,,,0,0000-00-00,0000-00-00,0000-00-00,,,,360002,0,0,,,,,,,,
I064,"INTER WOOD MATERIAL",,GROUND FLOOR TAGORE,"BHAKTINAGAR",D02029,D,0,0,0,N,0,332,D,"",,"30/31/32 GOLDEN PLAZA                  GROUND FLOOR TAGORE ROAD               BHAKTINAGAR",,"",,,,,,AAAFI7617M,RAJKOT,0,,,,,,0,0,,0,,,,0,0000-00-00,0000-00-00,0000-00-00,,,,360002,0,0,,,,,,,,
I1010,"INFINITY INTERIORS PVT. LTD.,GURGAO",0,GURGAON (HARYANA),"GURGAON (HARYANA)",S01657;D02002,Y,0,0,0,N,0,443,O,"",,"PLOT NO.43-47 SECTOR-29 CITY CENTRE",,"0",,,,,,0,GURGAON (HARYANA),0,,,0,,,0,0,,0,,,,0,0000-00-00,0000-00-00,0000-00-00,,,,122001,0,0,,no,,no,,,,
I1011,"ITJ RETAILS PVT.LTD",,PUNJAB,"PUNJAB",,Y,0,,0,N,0,,O,"",,"",,"",,,,,,,PUNJAB,0,,,,,,0,0,,0,,,,0,0000-00-00,0000-00-00,0000-00-00,,,,,0,0,,no,,no,,,,
I1012,"INFINITY INTERIORS PVT LTD.",9702485200,MUMBAI,"MUMBAI",S01430,Y,0,0,0,N,0,331,O,"",,"PLOT NO 43-47 SECTOR 29 CITY CENTRE",,"LALITKUMAR MISHRA",,,,,,AAACN7891F,MUMBAI,0,,,lalit@infinityinteriors.co.in,,,0,0,,0,,,,0,1971-01-01,1971-01-01,1971-01-01,,,,122002,0,0,no,no,no,no,,,,
I1013,"ISHAN INDUSTRIES (YAMUNA NAGAR)HR.",,YAMUNA NAGAR (HARYAN,"YAMUNA NAGAR (HARYAN",,Y,0,,0,N,0,,O,"",,"VILLAGE JOURIAN",,"",,,,,,,YAMUNA NAGAR (HARYAN,0,,,,,,0,0,,0,,,,0,0000-00-00,0000-00-00,0000-00-00,,,,,0,0,,no,,no,,,,
I1029,"IVRCL INFRASTRUCTURE & PROJECTS LTD",,JAGATSINGHPUR,"JAGATSINGHPUR",,Y,0,,0,N,0,,O,"",,"PLOT#454 BIJAYCHANDRAPUR PARADEEP ORISSA",,"",,,,,,,JAGATSINGHPUR,0,,,,,,0,0,,0,,,,0,0000-00-00,0000-00-00,0000-00-00,,,,,0,0,,no,,no,,,,
I1030,"INFINITY INTERIORS PVT.LTD.",,NOIDA (U.P.),"NOIDA (U.P.)",,Y,0,,0,N,0,,O,"",,"A-44ASECTOR-16",,"",,,,,,,NOIDA (U.P.),0,,,,,,0,0,,0,,,,0,0000-00-00,0000-00-00,0000-00-00,,,,,0,0,,no,,no,,,,
I1034,"INTERFURN",9425301192,BHOPAL,"BHOPAL",,Y,9000000,30,0,N,0,446,O,"",,"F-1 1ST FLOOR E-7 / 159ARERA COLONY",,"",,,,,,,BHOPAL,0,,,interfurn1@rediffmail.com,,,0,0,,0,,,,0,0000-00-00,0000-00-00,0000-00-00,,,,462016,0,0,,no,,no,,,,
I1040,"IRCON EMPLOYEES CO-OP HOUSING SOC L",0,KOLKATA,"KOLKATA",S01657;D02002,Y,0,0,0,N,0,457,O,"",,"34/A BELVEDERE ROAD ALIPORE",,"0",,,,,,0,KOLKATA,0,,,0,,,0,0,,0,,,,0,0000-00-00,0000-00-00,0000-00-00,,,,700027,0,0,,no,,no,,,,
I1045,"INTERGLOBE AVIATION LTD.",,GURGAON,"GURGAON",,Y,0,,0,N,0,,O,"",,"GLOBAL BUSINESS PARK GURGAON",,"",,,,,,,GURGAON,0,,,,,,0,0,,0,,,,0,0000-00-00,0000-00-00,0000-00-00,,,,,0,0,,no,,no,,,,
I1049,"INSTITUTE OF INDIAN INTERIOR DESIGN",,JAIPUR,"JAIPUR",,Y,0,,0,N,0,,O,"",,"100MAUJI COLONYPRADHAN MARG MALVIYA NAGAR",,"",,,,,,AAATI0712K,JAIPUR,0,,,,,,0,0,,0,,,,0,0000-00-00,0000-00-00,0000-00-00,,,,,0,0,,no,,no,,,,
I1052,"INSPACE DESIGN CONSULTANT",7042674749,DELHI,"DELHI",,Y,0,45,0,N,0,,O,"",,"RU-178 PITAMPURA",,"VIVEK SINGHAL",,,,,,ACDPS6379K,DELHI,0,,,inspace@mail.com,,,0,0,,0,,,,0,0000-00-00,0000-00-00,0000-00-00,,,,,0,0,,no,,no,,,,
I1062,"INTERIOR ESSENTIALS",9822100539,MARGOA,"MARGOA",S01698,Y,1500000,60,0,N,0,553,O,"",,"GROUND FLOOR GAURI APPARTMENTSCOLOMOROD NAVELIM",,"KIRAN",,,,,,,MARGOA,0,,,,,,0,0,,0,,,,0,0000-00-00,0000-00-00,0000-00-00,,,,403707,0,0,,no,,no,,,,
I1071,"INTERSCAPE",9911142905,DELHI,"DELHI",,Y,0,0,0,N,0,,O,"",,"21621ST FLOOR GRAN ROAD LAL KUAN",,"VINOD NAIK",,,,,,AACPN2962L,DELHI,0,,,,,,0,0,,0,,,,0,0000-00-00,0000-00-00,0000-00-00,,,,,0,0,,no,,no,,,,
I1072,"INTERSCAPE",9911142905,DEHRADUN,"DEHRADUN",S10008,Y,0,0,99716,N,0,441,O,"",,"67/6MOTI BAZAAR",,"",,,,,,AACPN2962L,DEHRADUN,0,,,shashi@alsorg.com,,,0,0,,0,,,,0,0000-00-00,0000-00-00,0000-00-00,,,,248001,0,0,no,no,,no,,,,
I1075,"IBD UNIVERSAL PVT. LTD.",7554222000,BHOPAL,"BHOPAL",,Y,2000000,30,0,N,0,446,O,"",,"74 KOCHHAR ARCADEZONE II MP NAGAR",,"",,,,,,AAACI5777R,BHOPAL,0,,,,,,0,0,,0,,,,0,0000-00-00,0000-00-00,0000-00-00,,,,46201,0,0,,no,,no,,,,
I1080,"INTERSCAPE (MUMBAI)",,MUMBAI,"MUMBAI",,Y,2500000,30,0,N,0,331,P,"",,"236 BLUE INDUSTRIAL ESTATENR. CABLE CORPORATIONBORIVALI (EAST)",,"",28540577,,,,,,MUMBAI,0,,,,,,0,0,,0,,,,0,0000-00-00,0000-00-00,0000-00-00,,,,400066,0,0,,no,,no,,,,
I1087,"I SHREE KHODIYAR INTERIOR MALL",9924590671,SURAT,"SURAT",S01801,Y,1000000,45,0,N,0,332,D,"",,"A/1GOPINATH SOC.SURAT KAMREJ ROAD RAJHANS SWAPN TOWER KAMREJ India",,"RAJESH DOBARIYA",,,,,,AGVPD5613K,SURAT,0,,,iskinterior@yahoo.com,,,0,0,,0,,,,0,0000-00-00,0000-00-00,0000-00-00,,,,394185,0,0,,,,,,,,
I1089,"INDRAPRASTH ASHIYANA(INDIA)PVT.LTD.",,AGRA,"Agra",,Y,0,0,0,N,0,,O,"",,"KRISHNA INDRAPRASTHA APARTMENTSHASHTRI PURAMIndia",,"",,,,,,AACCI2793K,AGRA,0,,,,,,0,0,,0,,,,0,0000-00-00,0000-00-00,0000-00-00,,,,282002,0,0,,no,,no,,,,
I1092,"INDDEX INTERIOR PRODUCTS PVT.LTD",9833508949,MUMBAI,"MUMBAI",,Y,2500000,30,0,N,0,331,O,"",,"Lotus Pride Shop No:7Gr.Floor V.P.Road Vile Parle (W)",,"",,,,,,,Mumbai,0,,,inddexinterior2011@gmail.com,,,0,0,,0,,,,0,0000-00-00,0000-00-00,0000-00-00,,,,400056,0,0,,no,,no,,,,
I1099,"ISHITA CONSTRUCTION",8588806157,GURGAON,"GURGAON",S10008,Y,0,45,0,N,0,441,P,"",,"A-63FF-SOUTH CITY PHASE-II India",,"",,,,,,ALPPK5063P,GURGAON,0,,,ishita.construction@outlook.com,,,0,0,,0,,,,0,0000-00-00,0000-00-00,0000-00-00,,,,122018,0,0,no,no,,no,,,,
I1100,"INDIABULLS CONSTRUCTIONS LTD",09810967999,GURGAON,"GURGAON",S10008,Y,0,45,0,N,0,441,P,"",,"ENIGMASECTOR-110 PAWALA KHUSURPUR India",,"",,,,,,AABC15408A,GURGAON,0,,,manoj.agrawal@indiabulls.com,,,0,0,,0,,,,0,0000-00-00,0000-00-00,0000-00-00,,,,122001,0,0,no,no,,no,,,,
I1113,"INODAY",7766912152,DARBHANGA,"DARBHANGA",S01675,Y,800000,30,0,N,0,219,D,"",,"WARD NO-6/12 KADIRABADLALBAGH L.N.M.U BOLOCK-SADAR India",,"PALLAV PRIYANK",,,,,,CKJPP7963A,DARBHANGA,0,,,inoday@outlook.com,,,0,0,,0,,,,0,0000-00-00,0000-00-00,0000-00-00,,,,846004,0,0,,,,,,,,
I1115,"INOXAGE INDIA",9958300557,BARHI (SONIPAT),"BARHI (SONIPAT)",,Y,1000000,30,0,N,0,,P,"",,"27PHASE-IHSIIDC IND.AREA DISTRICT:-SONIPAT",,"S.K. JAIN",,,,,,AACFI9986K,BARHI (SONIPAT),0,,,accounts@inoxage.com,,,0,0,,0,,,,0,0000-00-00,0000-00-00,0000-00-00,,,,,0,0,,no,,no,,,,
I1133,"INDERJEET BHATIA",9837074794,BAREILLY,"BAREILLY",,Y,0,30,0,N,0,,O,"",,"2-ASHAHDANA COLONY MODEL TOWN",,"INDERJEET BHATIA",,,,,,AEYPB6579H,BAREILLY,0,,,mnt1966@rediffmail.com,,,0,0,,0,,,,0,0000-00-00,0000-00-00,0000-00-00,,,,,0,0,,no,,no,,,,
I1143,"INTER DECOR INCORPORATION",9811190777,GHAZIABAD,"GHAZIABAD",,Y,0,0,0,N,0,,P,"",,"E-86PATEL NAGAR-II",,"DEVENDRA KUMAR MITTAL",,,,,,ACMPM0978M,GHAZIABAD,0,,,interdecorinc.noida1968@gmail.com,,,0,0,,0,,,,0,0000-00-00,0000-00-00,0000-00-00,,,,,0,0,,no,,no,,,,
I1144,"INDIA TOURISM DEVELOPMENT CORPORATION LTD.",1124123463,NEW DELHI,"NEW DELHI",,Y,0,0,0,N,0,,P,"",,"50B CHANAKYAPURI  India",,"MANAGER MMD",,,,,,AAACI0825J,NEW DELHI,0,,,purchase.ashok@gmail.com,,,0,0,,0,,,,0,0000-00-00,0000-00-00,0000-00-00,,,,,0,0,,no,,no,,,,
I1150,"INTERIOR WORLD",8889997891,RATLAM,"RATLAM",,Y,1500000,30,0,N,0,446,D,"",,"1/ARAJENDRA PRASAD MARG",,"VAIBHAV PATWA",7354599777,,,,,CZWPP6048L,RATLAM,0,,,interiorworld16@gmail.com,,,0,0,,0,,,,0,0000-00-00,0000-00-00,0000-00-00,,,,457001,0,0,,no,,no,,,,
I1160,"INFORMALINTERIORS (P) LTD.",8285190000,NEW DELHI,"NEW DELHI",S10014,Y,0,0,0,N,0,451,P,"",,"C-203 1ST FLOOR NARAINA INDUSTRIAL AREA PH.-1",,"MANMEET AHUJA",,,,,,AABCI0732R,NEW DELHI,0,,,0,,,0,0,,0,,,,0,0000-00-00,0000-00-00,0000-00-00,,,,110028,0,0,,no,,no,,,,
I1161,"INDIAN WOODS",7006297243,JAMMU,"JAMMU",S10074,Y,0,0,0,N,0,454,D,"",,"OPPOSITE PILLER NO.-30 AKHNOOR ROAD OPP RAJPURA CHUNGI",,"PUNEET JAMWAL",,,,,,AKXPJ2950P,JAMMU,0,,,puneetsinghjamwal@gmail.com,,,0,0,,0,,,,0,0000-00-00,0000-00-00,0000-00-00,,,,180001,0,0,,no,,no,,,,
I1162,"ISHWAR & SONS TIMBER TRADERS",9899199955,DELHI,"DELHI",S10251;S10008,Y,0,0,0,N,0,441,D,"",,"1/3730LONI ROADTIMBER MARKET           SHAHDARA                                 EAST DELHI",,"MANISH MITTAL",,,,,,AARPM8054B,DELHI,0,,,ishwartimber@gmail.com,,,0,0,,0,,,,0,1971-01-01,1971-01-01,1971-01-01,,,,110032,0,0,no,no,no,no,,,,
I1162,"ISHWAR & SONS TIMBER TRADERS",9899199955,EAST DELHI,"EAST DELHI",S10251;S10008,Y,0,0,0,N,0,441,D,"",,"1/3730LONI ROADTIMBER MARKET           SHAHDARA                                 EAST DELHI",,"MANISH MITTAL",,,,,,AARPM8054B,DELHI,0,,,ishwartimber@gmail.com,,,0,0,,0,,,,0,1971-01-01,1971-01-01,1971-01-01,,,,110032,0,0,no,no,no,no,,,,
I1163,"INTERIOR TOUCH",7007221726,JHANSI,"JHANSI",S10221,Y,0,0,0,N,0,447,D,"",,"176/11 MADHIYA COURT CROSSING KACHEHARI CHAURAHA",,"UDITA GUPTA",,,,,,ALMPG9007G,JHANSI,0,,,udita_interiortouch@ymail.com,,,0,0,,0,,,,0,0000-00-00,0000-00-00,0000-00-00,,,,284001,0,0,,,,no,,,,
I1169,"IHA PLY INDUSTRIES",9765857857,NAGPUR,"NAGPUR",,Y,0,0,0,N,0,317,O,"",,"21B OLD BHANDARA ROADNR.LAKADGANJ POLICE STATION BHANDARA ROAD",,".",,,,,,AAHFT7428C,NAGPUR,0,,,ihaplyindustry@gmail.com,,,0,0,,0,,,,0,0000-00-00,0000-00-00,0000-00-00,,,,440008,0,0,,no,,no,,,,
I1185,"INTERIORS & CONSTRUCTION ESSENTIALS",9810001571,GREATER NOIDA (G.B.N,"GREATER NOIDA (G.B.NAGAR)",S10155;S10155,Y,0,0,0,N,0,441,P,"",,"SITE-5H-074 KASNA INDUSTRIAL AREA",,"HITESH KUMAR",,,,,,AAEF18604E,GREATER NOIDA (G.B.NAGAR),0,,,iceinteriorsnoida@gmail.com,,,0,0,,0,,,,0,0000-00-00,0000-00-00,0000-00-00,,,,201308,0,0,,,,,,,,
I1185,"INTERIORS & CONSTRUCTION ESSENTIALS",9810001571,GREATER NOIDA (G.B.N,"GREATER NOIDA (G.B.NAGAR)",S10155;S10155,Y,0,0,0,N,0,441,P,"",,"SITE-5H-074 KASNA INDUSTRIAL AREA",,"HITESH KUMAR",,,,,,AAEF18604E,GREATER NOIDA (G.B.NAGAR),0,,,iceinteriorsnoida@gmail.com,,,0,0,,0,,,,0,0000-00-00,0000-00-00,0000-00-00,,,,201308,0,0,,,,,,,,
I1219,"ITD CEMENTATION INDIA LIMITED",9748277802,GANGTOK,"GANGTOK",S01519,Y,0,0,0,N,0,221,P,"",,"INDIRA BYE PASS ROAD SICHEY GANGTOK EAST SIKKIM",,"SWAGATA BANERJEE",,,,,,AAACT1426A,GANGTOK,0,,,swagata.banerjee@itdcem.co.in,,,0,0,,0,,,,0,0000-00-00,0000-00-00,0000-00-00,,,,737101,0,0,,,,,,,,
I1223,"I2HUB (IVAAN INTERIORS HUB)",9873731445,NOIDA,"NOIDA",S10014,Y,0,0,0,N,0,441,D,"",,"A-132 TRANSPORT NAGAR SECTOR-69 GROUND FLOOR GOUTAM BUDDHA NAGAR",,"ABHIMANYU TYAGI",,,,,,AHFPT6907P,NOIDA,0,,,sales.i2hub@gmail.com,,,0,0,,0,,,,0,0000-00-00,0000-00-00,0000-00-00,,,,201307,0,0,,,,,,,,
I1228,"ISHITA PLYWOOD",9437049964,CUTTACK,"CUTTACK",D02050;D02050,Y,0,0,0,N,0,216,O,"",,"2ND FLR FLAT NO A/203 KIRAN COMPLEX BUXI BAZAR WARD NO7(15) MISSION RD",,"",,,,,,AEWPD6288F,CUTTACK,0,,,ishitaplywood@gmail.com,,,0,0,,0,,,,0,0000-00-00,0000-00-00,0000-00-00,,,,753001,0,0,,,,,,,,
I1228,"ISHITA PLYWOOD",9437049964,CUTTACT,"CUTTACT",D02050;D02050,Y,0,0,0,N,0,216,O,"",,"2ND FLR FLAT NO A/203 KIRAN COMPLEX BUXI BAZAR WARD NO7(15) MISSION RD",,"",,,,,,AEWPD6288F,CUTTACK,0,,,ishitaplywood@gmail.com,,,0,0,,0,,,,0,0000-00-00,0000-00-00,0000-00-00,,,,753001,0,0,,,,,,,,
I1229,"INDIA TIMBER",9415060503,SHAHJAHANPUR,"Shahjahanpur",S10230,Y,0,0,0,N,0,448,O,"",,"LAKDI MANDI 					                        CHAMKANI BAHADURGANJ					                SHAHJAHANPUR",,"ARISH JAMAL",,,,,,AEHPJ1871P,SHAHJAHANPUR,0,,,jamalarish@gmail.com,,,0,0,,0,,,,0,0000-00-00,0000-00-00,0000-00-00,,,,242001,0,0,,,,,,,,
I1232,"INAVIL INFRAA PRIVATE LIMITED",8670934233,BOLPUR,"BOLPUR",S01519,Y,0,0,0,N,0,457,D,"",,"PRANTIK BISWABANGALA HAT					           NA BOLPUR PO - SANTINIKETAN					       BIRBHUM",,"0",,,,,,AAGCI7882R,BOLPUR,0,,,inavilinfraapvtltd@gmail.com,,,0,0,,0,,,,0,0000-00-00,0000-00-00,0000-00-00,,,,731235,0,0,,,,,,,,
I1238,"INDIAN PLY WOOD",9831363099,KOLKATA,"KOLKATA",D02091,Y,0,0,0,N,0,457,O,"",,"DC2/11 SASTRI BAGAN               DESH BANDHU NAGAR                  BAGUIATI",,"PARTHA DEY",,,,,,AGXPD9930F,KOLKATA,0,,,indianplywoods1@gmail.com,,,0,0,,0,,,,0,1971-01-01,1971-01-01,1971-01-01,,,,700059,0,0,no,no,no,no,,,,
I1240,"INTERIORS & MORE",9989339228,HYDERABAD,"HYDERABAD",,Y,0,0,0,N,0,,D,"",,"PLOT NO 125 MIG COLONY                  NALLAGANDLASERILINGAMPALLY",,"SHUBNIT MEHTA",,,,,,AAFFI8386Q,HYDERABAD,0,,,interiorsandmore16@gmail.com,,,0,0,,0,,,,0,1971-01-01,1971-01-01,1971-01-01,,,,500019,0,0,no,no,no,no,,,,
I1241,"INDIA IRON STORE",9829076729,SRI GANGANAGAR,"SRI GANGANAGAR",D10465,Y,0,0,0,N,0,427,D,"",,"16 LOHA MANDI						                     OLD DHAN MANDI",,"",,,,,,ABFPB2340G,SRI GANGANAGAR,0,,,indiaironstore729@gmail.com,,,0,0,,0,,,,0,1971-01-01,1971-01-01,1971-01-01,,,,335001,0,0,no,no,no,no,,,,
I1243,"INTERIOR STUDIO",9960033529,CHANDRAPUR,"CHANDRAPUR",D01982,Y,0,0,0,N,0,331,O,"",,"SHOP NO.15SUNDRY SHOP WING .4					      DATALA ROAD",,"POOJA ANIKET JAIN",,,,,,BVEPK2106B,CHANDRAPUR,0,,,aniketjain06@gmail.com,,,0,0,,0,,,,0,0000-00-00,0000-00-00,0000-00-00,,,,442401,0,0,,,,,,,,
I1252,"INTERSCAPE",9892977257,MUMBAI,"MUMBAI",S01430,Y,0,0,0,N,0,331,O,"",,"236Blue Rose Industrial Estate					     Besides Metro Cah & Carry					           Western Express HighwayBORIVALI EAST",,"KISHANLAL",,,,,,AACPN2962L,MUMBAI,0,,,interscape3006@gmail.com,,,0,0,,0,,,,0,1971-01-01,1971-01-01,1971-01-01,,,,400066,0,0,no,no,no,no,,,,
I1258C,"INXS CREATIONS PRIVATE LIMITED",9958982555,NEW DELHI,"NEW DELHI",S10042,Y,0,0,0,N,0,441,O,"",,"M-33 LAJPAT NAGAR-II                   LAJPAT NAGAR South Delhi",,"KALIM AHMED",,,,,,AAECI0834R,NEW DELHI,0,,,kalim@inxsinternational.com,,,0,0,,0,,,,0,1971-01-01,1971-01-01,1971-01-01,,,,110024,0,0,no,no,no,no,,,,
I1265,"INNOVATIVE DESIGN ASSOCIATE",7838776003,NEW DELHI,"NEW DELHI",S10155,Y,0,0,0,N,0,441,P,"",,"R-194 GREATER KAILASH-1            SOUTH DELHI",,"BASPANAND SHARMA",,,,,,ADFPJ0720L,NEW DELHI,0,,,accounts@innovativedesign.co.in,,,0,0,,0,,,,0,1971-01-01,1971-01-01,1971-01-01,,,,110048,0,0,no,no,no,no,,,,
I1268,"INTERNATIONAL TRADING CO.",9811130111,GURGAON,"GURGAON",S10155,Y,0,0,0,N,0,441,P,"",,"OPP. MARUTI UDYOGLTD. OLD DELHI ROAD",,"NAVEEN NAYYAR",,,,,,AJMPN8578K,GURGAON,0,,,anshul.nayyar@gmail.com,,,0,0,,0,,,,0,1971-01-01,1971-01-01,1971-01-01,,,,122001,0,0,no,no,no,no,,,,
I1271,"INSIGNIA INTERIORS & ARCHITECT",9954496850,SILCHAR,"SILCHAR",D02014;D02014,Y,0,0,0,N,0,446,D,"",,"DARPAYAN COMMERCIAL                SHYAMANANDA ASHRAM ROAD            PUBLIC SCHOOL ROADCACHAR",,"DEBASISH PAUL",9954496850,,,,,ASWPP7900Q,SHAHDOL,0,,,devpaul83@gmail.com,,,0,0,,0,,,,0,1971-01-01,1971-01-01,1971-01-01,,,,788005,0,0,no,no,no,no,,,,
I1271,"INSIGNIA INTERIORS & ARCHITECT",9954496850,SHAHDOL,"SHAHDOL",D02014;D02014,Y,0,0,0,N,0,446,D,"",,"DARPAYAN COMMERCIAL                SHYAMANANDA ASHRAM ROAD            PUBLIC SCHOOL ROADCACHAR",,"DEBASISH PAUL",9954496850,,,,,ASWPP7900Q,SHAHDOL,0,,,devpaul83@gmail.com,,,0,0,,0,,,,0,1971-01-01,1971-01-01,1971-01-01,,,,788005,0,0,no,no,no,no,,,,
I1274,"IKN INTERIORS",9423683452,NAGPUR,"NAGPUR",D02116,Y,0,0,0,N,0,331,O,"",,"SHOP NO.2-3PLOT NO.U/20            ASHWINI APARTMENTS                  NARENDRA NAGAR RING ROADOPP SBI",,"INDRAJIT KRUSHNARAO NASRE",,,,,,AAHFI4936N,NAGPUR,0,,,inka.office@gmail.com,,,0,0,,0,,,,0,1971-01-01,1971-01-01,1971-01-01,,,,440015,0,0,no,no,no,no,,,,
I3604,"PREPAID INSURANCE",,,"",,Y,0,,0,N,0,,O,"",,"",,"",,,,,,,,0,,,,,,0,0,,0,,,,0,0000-00-00,0000-00-00,0000-00-00,,,,,0,0,,no,,no,,,,
I380,"INDIAN PLYWOOD IND.RESC.& TRAINING",,Bangalore,"BANGALORE",,Y,0,0,0,N,0,553,O,"",,"POST BOX NO-2273                         TUMKUR ROADBANGALORE-22",,"0",,,,,,AAAAI0707P,BENGALURU,0,,,,,,0,0,,0,,,,0,1971-01-01,1971-01-01,1971-01-01,,,,560022,0,0,no,no,no,no,,,,
I380,"INDIAN PLYWOOD IND.RESC.& TRAINING",,BENGALURU,"BENGALURU",,Y,0,0,0,N,0,553,O,"",,"POST BOX NO-2273                         TUMKUR ROADBANGALORE-22",,"0",,,,,,AAAAI0707P,BENGALURU,0,,,,,,0,0,,0,,,,0,1971-01-01,1971-01-01,1971-01-01,,,,560022,0,0,no,no,no,no,,,,
I561,"ISHAQ ALI",,NAMRUP,"NAMRUP",,Y,0,,0,N,0,,O,"",,"NAMRUP  ASSAM",,"",,,,,,,NAMRUP,0,,,,,,0,0,,0,,,,0,0000-00-00,0000-00-00,0000-00-00,,,,,0,0,,no,,no,,,,
I795,"INDE SERVE",,DELHI,"DELHI",,Y,0,0,0,N,0,,O,"M650",,"A/218 RAMA MARKET PITAMPURA",,"",,,,,,AABFI4203L,DELHI,0,,,,,,0,0,,0,,,,0,0000-00-00,0000-00-00,0000-00-00,,,,,0,0,,no,,no,,,,
I897,"INDO BURMA AGENCIES",9845022646,Bangalore,"BANGALORE",,Y,2000000,60,0,N,0,553,D,"",,"19 J.C.ROADOPP. S.B.I. PETROL PUMP",,"KAMAL SHAH",08022222984,,,,,,BANGALORE,0,,,enquiries@indoburmaagencies.com,,,0,0,,0,,,,0,0000-00-00,0000-00-00,0000-00-00,,,,560002,0,0,,no,,no,,,,
J0022,"JALARAM WOOD CRAFT PVT.LTD.",9879525335,ORAN,"ORAN",,Y,0,15,0,N,0,,O,"",,"VILL-ORANN.H.-8 NR-TAJPUR KUI SITWADAGANDHINAGAR",,"",,,,,,,ORAN,0,,,,,,0,0,,0,,,,0,0000-00-00,0000-00-00,0000-00-00,,,,,0,0,,no,,no,,,,
J008,"JYOTHI SALES CORPORATION",9945571221,Gulbarga,"GULBARGA",,Y,1500000,60,0,N,0,553,D,"",,"GUNJ ROAD",,"VINOD SHAH",08472220761,,,,,,GULBARGA,0,,,,,,0,0,,0,,,,0,0000-00-00,0000-00-00,0000-00-00,,,,585104,0,0,,no,,no,,,,
J018,"JYOTHI GLASS & PLYWOOD",9845242060,Bangalore,"BANGALORE",,Y,500000,45,0,N,0,553,D,"",,"13/1 B.V.K.IYENGAR ROAD",,"RITESH B.R",08022875541,,,,,AACFJ8831A,BANGALORE,0,,,jyothiglassply@gmail.com,,,0,0,,0,,,,0,0000-00-00,0000-00-00,0000-00-00,,,,560053,0,0,,no,,no,,,,
J070,"JAGDISH RAI GOEL,ADVOCATE",,,"",,Y,0,,0,N,0,,O,"",,"",,"",,,,,,,,0,,,,,,0,0,,0,,,,0,0000-00-00,0000-00-00,0000-00-00,,,,,0,0,,no,,no,,,,
J084,"JAIN PLYWOOD COMPANY",9812594617,ROHTAK,"ROHTAK",,Y,1000000,30,0,N,0,,O,"",,"CIVIL ROAD",,"RAVINDER KUMAR JAIN",,,,,,AATPJ5067D,ROHTAK,0,,,jain.jain19@gmail.com,,,0,0,,0,,,,0,0000-00-00,0000-00-00,0000-00-00,,,,,0,0,,no,,no,,,,
J089,"JWALA PARSHAD FATEH CHAND",9350947662,NEW DELHI,"NEW DELHI",,Y,0,,0,N,0,,O,"",,"KHASRA NO.897SWARAN PARK MUNDKA",,"",,,,,,AAGHM8979J,NEW DELHI,0,,,,,,0,0,,0,,,,0,0000-00-00,0000-00-00,0000-00-00,,,,,0,0,,no,,no,,,,
J098,"JANGID INTERIOR DECORATOR P LTD",9811038827,NEW DELHI,"NEW DELHI",,Y,0,,0,N,0,,O,"",,"A357E SANGAM VIHAR NEAR SANGAM LADGE",,"",,,,,,,NEW DELHI,0,,,,,,0,0,,0,,,,0,0000-00-00,0000-00-00,0000-00-00,,,,,0,0,,no,,no,,,,
J1015,"JAI SHREE RAM PLYWOOD",0,KOLKATA,"KOLKATA",S01657;D02002,Y,0,0,0,N,0,457,O,"",,"79C NIMTALLA GHAT STREET",,"0",,,,,,0,KOLKATA,0,,,0,,,0,0,,0,,,,0,0000-00-00,0000-00-00,0000-00-00,,,,700006,0,0,,no,,no,,,,
J1016,"J.M.D. PLYWOOD AGENCY",,FARIDABAD,"Faridabad",,Y,0,,0,N,0,,O,"",,"NEAR LAKHANI COMMUNITY CENTER NIT",,"",,,,,,AINPK7989F,FARIDABAD,0,,,,,,0,0,,0,,,,0,0000-00-00,0000-00-00,0000-00-00,,,,,0,0,,no,,no,,,,
J1027,"JAI SHRI SHYAM PLYWOOD,DELHI",,DELHI,"DELHI",,Y,0,,0,N,0,,O,"",,"495GANESH NAGAR-II MADHUBAN ROADSHAKAR PUR",,"",,,,,,,DELHI,0,,,,,,0,0,,0,,,,0,0000-00-00,0000-00-00,0000-00-00,,,,,0,0,,no,,no,,,,
J1033,"JAI JAI RAM SINGH (PROJECT-VATIKA)",9810730750,GURGAON (HARYANA),"GURGAON (HARYANA)",,Y,0,,0,N,0,,O,"",,"SOHNA ROAD",,"",,,,,,,GURGAON (HARYANA),0,,,,,,0,0,,0,,,,0,0000-00-00,0000-00-00,0000-00-00,,,,,0,0,,no,,no,,,,
J1035,"JAIN SONS -PANCHKULA ,HARYANA",,PUNCHKULA,"PUNCHKULA",,Y,0,,0,N,0,,O,"",,"193INDUSTRIAL AREA PHASE-II",,"",,,,,,,PUNCHKULA,0,,,,,,0,0,,0,,,,0,0000-00-00,0000-00-00,0000-00-00,,,,,0,0,,no,,no,,,,
J1037,"JAWALA PARSHAD & SONS",9810149717,NEW DELHI,"NEW DELHI",,Y,0,,0,N,0,,O,"",,"830/6MAIN MARKET MAHRAULI",,"",,,,,,,NEW DELHI,0,,,,,,0,0,,0,,,,0,0000-00-00,0000-00-00,0000-00-00,,,,,0,0,,no,,no,,,,
J1038,"JUNEJA PROJECT SERVICES PVT.LTD",,NEW DELHI,"NEW DELHI",,Y,0,,0,N,0,,O,"",,"23D.S.I.D.CPHASE-IISCH NEW OKHLA INDUSTRIAL COMP",,"",,,,,,,NEW DELHI,0,,,,,,0,0,,0,,,,0,0000-00-00,0000-00-00,0000-00-00,,,,,0,0,,no,,no,,,,
J1040,"JAYPEE GREENS",,GREATOR NOIDA (U.P.),"GREATOR NOIDA (U.P.)",,Y,0,,0,N,0,,O,"",,"G-BLOCK SURAJPUR KASNA ROAD",,"",,,,,,,GREATOR NOIDA (U.P.),0,,,,,,0,0,,0,,,,0,0000-00-00,0000-00-00,0000-00-00,,,,,0,0,,no,,no,,,,
J1041,"JAJU DEVELOPERS LIMITED",,NEW DELHI,"NEW DELHI",,Y,0,,0,N,0,,O,"",,"6-DSAINIK FARMS",,"",,,,,,,NEW DELHI,0,,,,,,0,0,,0,,,,0,0000-00-00,0000-00-00,0000-00-00,,,,,0,0,,no,,no,,,,
J1043,"JEWEL MERCHANT PVT.LTD",,JAGADHARI (HARYANA),"JAGADHARI (HARYANA)",,Y,0,,0,N,0,,O,"",,"OPP.DIMPAL CINEMA",,"",,,,,,,JAGADHARI (HARYANA),0,,,,,,0,0,,0,,,,0,0000-00-00,0000-00-00,0000-00-00,,,,,0,0,,no,,no,,,,
J1045,"JAY PLY",9304870946,SAHARSA,"SAHARSA",,Y,300000,30,0,N,0,219,D,"",,"D.B. ROADSAHARSA",,"SUNIL SINGH",8271707853,,,,,ADYPT5101E,SAHARSA,0,,,aryantulsyan@gmail.com,,,0,0,,0,,,,0,0000-00-00,0000-00-00,0000-00-00,,,,852201,0,0,,no,,no,,,,
J1050,"JAIN PLYWOOD CO.",9417223363,CHANDIGARH,"CHANDIGARH",,Y,0,0,0,N,0,454,D,"",,"PLOT NO.48INDUSTRIAL AREAPHASE-1",,"AMIT JAIN",,,,,,AAAFJ6499A,CHANDIGARH,0,,,jainplywoodco@yahoo.co.in,,,0,0,,0,,,,0,0000-00-00,0000-00-00,0000-00-00,,,,160002,0,0,,no,,no,,,,
J1058,"JAI FINE ART",,JAIPUR (RAJASTHAN,"JAIPUR (RAJASTHAN",,Y,0,,0,N,0,,O,"",,"VILL:-BASADIPOST-BHANKRO TAHSIL:-SANGANER",,"",,,,,,AAYPJ9716G,JAIPUR (RAJASTHAN,0,,,,,,0,0,,0,,,,0,0000-00-00,0000-00-00,0000-00-00,,,,,0,0,,no,,no,,,,
J1064,"JAI SHREE BUJRANG TIMBER & HARD.MERCHANT",9413367369,JHUNJHUNU,"JHUNJHUNU",,Y,0,0,0,N,0,,D,"",,"NEAR GAYATRI MANDIR STATION ROAD",,"NAVIN KEJRIWAL",,,,,,AATPK6865A,JHUNJHUNU,0,,,jsbt2009@yahoo.co.in,,,0,0,,0,,,,0,0000-00-00,0000-00-00,0000-00-00,,,,,0,0,,no,,no,,,,
J1068,"JAGDISH TANTI",,ASSAM,"ASSAM",,Y,0,,0,N,0,,O,"",,"P.O. JEYPORE DIST. DIBRUGARH",,"",,,,,,,ASSAM,0,,,,,,0,0,,0,,,,0,0000-00-00,0000-00-00,0000-00-00,,,,,0,0,,no,,no,,,,
J1080,"JAIN PLY & HARDWARE STORE",9814552583,MANSA,"MANSA",,Y,600000,45,0,N,0,454,D,"",,"GAUSHALA ROAD",,"RAVINDER JAIN",9814552583,,,,,AITPS3212P,MANSA,0,,,jainplymansa@gmail.com,,,0,0,,0,,,,0,0000-00-00,0000-00-00,0000-00-00,,,,151505,0,0,,no,,no,,,,
J1082,"JOSHI TRADERS",9850981677,MAPUSA,"MAPUSA",S01698,Y,2000000,60,0,N,0,553,D,"",,"JOSHI BUILDINGANGUD MAPUSA",,"SATISH JOSHI",0832-2262255,,,,,AABFJ8597J,MAPUSA,0,,,,,,0,0,,0,,,,0,0000-00-00,0000-00-00,0000-00-00,,,,403507,0,0,,no,,no,,,,
J1083,"JOSHI PLYWOOD AGENCY",9431378152,BOKARO,"BOKARO",,Y,650000,30,0,N,0,222,D,"",,"BY PASS ROAD CHAS",,"SACHIN AGARWAL",,,,,,AGSPJ1277A,BOKARO,0,,,advsekhar@gmail.com,,,0,0,,0,,,,0,0000-00-00,0000-00-00,0000-00-00,,,,827013,0,0,,,,,,,,
J1084,"J.B.INTERIORS",,NEW DELHI,"NEW DELHI",,Y,0,45,0,N,0,,P,"",,"HOTEL IBIS AT-ASSAR-9DELHI AEROCITY INDRA GANDHI AIRPORT",,"",,,,,,AGJPJ3409M,NEW DELHI,0,,,,,,0,0,,0,,,,0,0000-00-00,0000-00-00,0000-00-00,,,,,0,0,,no,,no,,,,
J1085,"J B INTERIORS",9845069732,Bangalore,"BANGALORE",S01405,Y,3000000,60,0,N,0,553,D,"",,"1098/12ND FLOOR1ST A CROSSSHAMANNA COMPBHND DURGA TEMPLENEW THIPPASANDRA",,"JITENDRA SHARMA",,,,,,AGJPJ3409M,BANGALORE,0,,,jb.interiors86@gmail.com,,,0,0,,0,,,,0,0000-00-00,0000-00-00,0000-00-00,,,,560075,0,0,,no,,no,,,,
J109,"JAI JALARAM PLYWOOD",09898028177,DEESA,"DEESA",,Y,0,45,0,N,0,332,O,"",,"DEV BHUMI COMPLEXNR SUBHASH CHOWK RISALA LINE",,"MONTUBHAI",02774226177,,,,,AABFJ4749G,DEESA,0,,,montubhaishah@yahoo.com,,,0,0,,0,,,,0,0000-00-00,0000-00-00,0000-00-00,,,,385534,0,0,,no,,no,,,,
J1096,"J. H & COMPANY",9815860603,LUDHIANA,"LUDHIANA",,Y,50000,0,0,N,0,454,O,"",,"NEAR A.T.I.GILL ROAD",,"BONNY JI",,,,,,AKFPS7447A,LUDHIANA,0,,,jhcompany74@gmail.com,,,0,0,,0,,,,0,0000-00-00,0000-00-00,0000-00-00,,,,141122,0,0,,,,no,,,,
J1099,"JAYASHREE ENTERPRISES",9448190062,RAICHUR,"RAICHUR",,Y,1500000,60,0,N,0,553,D,"",,"M.G.ROADMAHAVEER CHOWK",,"MADHU",9448220825,,,,,AADPI0833L,RAICHUR,0,,,madhubirc@gmail.com,,,0,0,,0,,,,0,0000-00-00,0000-00-00,0000-00-00,,,,590006,0,0,,no,,no,,,,
J1100,"JYOTI PLYWOOD & VENEERS",9448147038,DHARWAD,"DHARWAD",,Y,3000000,45,0,N,0,553,D,"",,"KILLEDAR AVENUESAUDATHI ROADDHARWAD",,"PURUSHATTAM PATEL",0836-2447038,,,,,ABZPP1633J,DHARWAD,0,,,geeta643@gmail.com,,,0,0,,0,,,,0,0000-00-00,0000-00-00,0000-00-00,,,,580025,0,0,,no,,no,,,,
J1101,"JAGAN NATH DHARAM CHAND",,NAWANSHAHAR,"NAWANSHAHAR",,Y,0,,0,N,0,,O,"",,"DHAN MANDI",,"",,,,,,AAAJ8300N,NAWANSHAHAR,0,,,,,,0,0,,0,,,,0,0000-00-00,0000-00-00,0000-00-00,,,,,0,0,,no,,no,,,,
J1108,"JAINSONS SALES CORPORATION",9815730308,FARIDKOT,"FARIDKOT",,Y,0,0,0,N,0,,O,"",,"33 PURANI DANA MANDI",,"",,,,,,,FARIDKOT,0,,,,,,0,0,,0,,,,0,0000-00-00,0000-00-00,0000-00-00,,,,,0,0,,no,,no,,,,
J1109,"JEYPORE ARMY CAMP",,JEYPORE,"JEYPORE",,Y,0,,0,N,0,,O,"",,"JEYPORE  ASSAM",,"",,,,,,,JEYPORE,0,,,,,,0,0,,0,,,,0,0000-00-00,0000-00-00,0000-00-00,,,,,0,0,,no,,no,,,,
J1111,"JAIN SONS CONST. CO",9414129069,JODHPUR,"JODHPUR",,Y,0,0,0,N,0,,D,"",,"21ASHAKUNTLA SADAN HIGH COURT COLONY",,"",,,,,,,JODHPUR,0,,,,,,0,0,,0,,,,0,0000-00-00,0000-00-00,0000-00-00,,,,,0,0,,no,,no,,,,
J1120,"JALARAM TIMBERS",9886145921,Bangalore,"BANGALORE",,Y,500000,45,0,N,0,553,O,"",,"NO.29/2 ITPL MAIN ROADKUNDANAHALLI GATEMARATHAHALLI",,"JALARAM",08041688389,,,,,,BANGALORE,0,,,dineshkalariya@gmail.com,,,0,0,,0,,,,0,0000-00-00,0000-00-00,0000-00-00,,,,560002,0,0,,no,,no,,,,
J1124,"JAYANT  K. FURNISHERS",,HYDERABAD,"HYDERABAD",,Y,2500000,45,0,N,0,331,O,"",,"C/O TRIDENT & THE OBEROI HOTELSSURVEY NO-64MADHAPURBEHIND SHILPAKALAVEDIKA",,"PUJARI",02223400455,,,,,,HYDERABAD,0,,,,,,0,0,,0,,,,0,0000-00-00,0000-00-00,0000-00-00,,,,500081,0,0,,no,,no,,,,
J1130,"JAY TRADERS",7314249612,INDORE,"INDORE",,Y,1500000,30,0,N,0,446,O,"",,"SHOP NO -4 SACHIDANAND NAGARANNAPURNA ROAD",,"JAGDISH PATEL",,,,,,AFJPP7928Q,INDORE,0,,,jaytraders29@yahoo.in,,,0,0,,0,,,,0,0000-00-00,0000-00-00,0000-00-00,,,,452002,0,0,,no,,no,,,,
J1133,"JAI DURGA PLY",9334882374,PATNA,"PATNA",,Y,0,30,0,N,0,219,D,"",,"EXIHIBITION ROAD",,"SANTOSH KUMAR",9334882374,,,,,AXCPK5742Q,PATNA,0,,,san.kr1973@gmail.com,,,0,0,,0,,,,0,0000-00-00,0000-00-00,0000-00-00,,,,800001,0,0,,no,,no,,,,
J1134,"JITU GOGOI",9954470456,ASSAM,"ASSAM",,Y,0,,0,N,0,,O,"",,"VILLAGE : LEBANGKULA DIST. DIBRUGARH",,"",,,,,,AHUPG2957P,ASSAM,0,,,,,,0,0,,0,,,,0,0000-00-00,0000-00-00,0000-00-00,,,,,0,0,,no,,no,,,,
J1137,"JAI SHIV PLYWOOD PVT LTD",32 K.M.MILE STONE,CHARKI DADRIDISTT:-,"CHARKI DADRI,DISTT:-BHIWANI",,Y,0,,0,N,0,,8,"",,"",,"",,,,,,,,0,N,,,,,0,0,,0,,,451,0,0000-00-00,0000-00-00,0000-00-00,,,,,0,0,,no,,no,,,,
J1139,"J C TRADING COMPANY",,JABALPUR,"JABALPUR",,Y,200000,30,0,N,0,446,O,"",,"9 ANJUMAN ISLAMIA SHOPPING CENTREMARHATAL",,"PARAS SHAH",07614082436,,,,,AADFJ7693K,JABALPUR,0,,,,,,0,0,,0,,,,0,0000-00-00,0000-00-00,0000-00-00,,,,482002,0,0,,no,,no,,,,
J1140,"JAYANT K. FURNISHERS",,MUMBAI,"MUMBAI",,Y,2500000,60,0,N,0,331,O,"",,"JYOTI STUDIO COMPOUNDNEAR KENNEDY BRIDGE NANA CHOWKGRANT ROAD (WEST)",,"",23824724,,,,,,MUMBAI,0,,,,,,0,0,,0,,,,0,0000-00-00,0000-00-00,0000-00-00,,,,400007,0,0,,no,,no,,,,
J1145,"JANGID TRADERS",9414106494,BARMER,"BARMER",,Y,2000000,30,0,N,0,,D,"",,"MAL GODOWN ROAD",,"DHIRAJ KUMAR",02982221868,,,,,ABDPK0567C,BARMER,0,,,dhiraj.jangid@gmail.com,,,0,0,,0,,,,0,0000-00-00,0000-00-00,0000-00-00,,,,344001,0,0,,no,,no,,,,
J1146,"JAI RAJENDRA PLYWOOD",9030230330,NELLORE,"NELLORE",S01889,Y,1500000,45,0,N,0,525,D,"",,"door no.18/198-1 sikharamavari street NELLORE",,"ROHIT",9030230330,,,,,ANUPD1938P,NELLORE,0,,,jairajendraplywood@gmail.com,,,0,0,,0,,,,0,0000-00-00,0000-00-00,0000-00-00,,,,524001,0,0,,,,,,,,
J115,"JAYSHREE AGENCIES,ROURKELLA",,ROURKELA,"ROURKELA",,Y,0,,0,N,0,,O,"",,"UDIT NAGAR ROURKELA",,"",,,,,,,ROURKELA,0,,,,,,0,0,,0,,,,0,0000-00-00,0000-00-00,0000-00-00,,,,,0,0,,no,,no,,,,
J1158,"JMC PROJECTS (INDIA) P LTD",08462990286,BHOPAL,"BHOPAL",,Y,2500000,30,0,N,0,446,O,"",,"AIHB BHOPAL PROJECT",,"",,,,,,,BHOPAL,0,,,,,,0,0,,0,,,,0,0000-00-00,0000-00-00,0000-00-00,,,,462013,0,0,,no,,no,,,,
J1161,"JAIN PLYWOOD.",9822739662,Amravati,"AMRAVATI",,Y,0,30,0,N,0,331,O,"",,"NEAR AGARWAL DHARAM KANDAJAFFARJI PLOT",,"GAUTAM CHOPRA",07212671768,,,,,AALPC8017E,AMRAVATI,0,,,,,,0,0,,0,,,,0,0000-00-00,0000-00-00,0000-00-00,,,,444603,0,0,,no,,no,,,,
J1165,"JINDAL STAINLESS LIMITED",1662222471,HISSAR,"HISSAR",,Y,0,0,0,N,0,,P,"",,"HOT ROLLING DIVISION (HRD) O.P.JINDAL MARG",,"",,,,,,AABCJ1969M,HISSAR,0,,,hsr.purchase@jslhsr.com,,,0,0,,0,,,,0,0000-00-00,0000-00-00,0000-00-00,,,,,0,0,,no,,no,,,,
J1166,"JAWALA PARSHAD & CO. (P) LTD",9810149717,NOIDA,"NOIDA",,Y,0,0,0,N,0,,O,"",,"C-6SECTOR-10",,"SUBHASH  BANSAL",,,,,,AAACJ0156B,NOIDA,0,,,jawalaparshadandco@gmail.com,,,0,0,,0,,,,0,0000-00-00,0000-00-00,0000-00-00,,,,,0,0,,no,,no,,,,
J1168,"JUPITER LANDMARK INC",9945210701,Bangalore,"BANGALORE",,Y,2000000,30,0,N,0,553,P,"",,"ABBIGERE MAIN ROADSINGAPURA LAYOUT",,"",080-41121000,,,,,,BANGALORE,0,,,,,,0,0,,0,,,,0,0000-00-00,0000-00-00,0000-00-00,,,,560097,0,0,,no,,no,,,,
J1171,"JAGDISH PRASAD NIGOTIA",9826214580,GWALIOR,"GWALIOR",,Y,1000000,30,0,N,0,446,P,"",,"01 CITI CENTREOPP HOTEL CENTRAL PARK",,"",,,,,,ACSPN6935D,GWALIOR,0,,,,,,0,0,,0,,,,0,0000-00-00,0000-00-00,0000-00-00,,,,474002,0,0,,no,,no,,,,
J1176,"J.K.TIMBER STORE",9814126363,MOGA,"MOGA",S10257,Y,1500000,45,0,N,0,454,D,"",,"OPP.GILL DHARAM KANTA AKALSAR ROAD",,"",,,,,,ACPPH1755G,MOGA,0,,,jktimbers@gmail.com,,,0,0,,0,,,,0,0000-00-00,0000-00-00,0000-00-00,,,,142001,0,0,,,,,,,,
J1180,"JANGID HARDWARE & PLYWOOD",9822227759,Hingoli,"Hingoli",,Y,1500000,30,0,N,0,331,D,"",,"Balsond Station RoadHingoli",,"BHAVERLAL JANGID",,,,,,AFAPJ4347L,Hingoli,0,,,bjangid059@gmail.com,,,0,0,,0,,,,0,0000-00-00,0000-00-00,0000-00-00,,,,431513,0,0,,no,,no,,,,
J1182,"J. B. INTERIORS",9845069732,Chennai,"CHENNAI",,Y,1500000,30,0,N,0,553,P,"",,"#15 N/NO.20 ASPABUJAN ROADCHOOLAI",,"",,,,,,AGJPJ3409M,CHENNAI,0,,,info@jbinterior.co.in,,,0,0,,0,,,,0,0000-00-00,0000-00-00,0000-00-00,,,,600112,0,0,,no,,no,,,,
J1191,"J P G ENGINEERS PVT.LTD.",9871006148,GUNA,"GUNA",S10155,Y,0,30,0,N,0,441,P,"",,"C/O FDDIHARIPUR PHAWA NO.42 PURAPOSAR ROAD",,"J.P GUPTA",,,,,,AACCJ1320M,GUNA,0,,,jpgengineerspvtltd@gmial.com,,,0,0,,0,,,,0,0000-00-00,0000-00-00,0000-00-00,,,,473001,0,0,no,no,,no,,,,
J1192,"JALARAM ENTERPRISES.",9880116305,SHAHAPUR,"SHAHAPUR",,Y,1500000,30,0,N,0,553,D,"",,"BEHIND BUS STAND",,"ARVIND PATEL",08479243149,,,,,AJUPP3017B,SHAHAPUR,0,,,msjalan@yahoo.com,,,0,0,,0,,,,0,0000-00-00,0000-00-00,0000-00-00,,,,585223,0,0,,no,,no,,,,
J1193,"JMC PROJECTS (INDIA) LTD.",9015131010,GURGAON,"GURGAON",S10155,Y,0,0,0,N,0,441,P,"",,"PLOT NO.1SECTOR-29",,"RAJENDER BISTH",,,,,,AAACJ3814E,GURGAON,0,,,sandeep.ray@jmcprojects.com,,,0,0,,0,,,,0,0000-00-00,0000-00-00,0000-00-00,,,,122001,0,0,no,no,,no,,,,
J1195,"JMC PROJECTS (INDIA) LTD",9015131010,AHMEDABAD,"AHMEDABAD",,Y,0,30,0,N,0,,P,"",,"A/104SHAPATH-4S.G.HIGHWAY ROAD OPP.KARNAVATI CLUB India",,"SANDEEP RAY",,,,,,AAACJ3814E,AHMEDABAD,0,,,sandeep.ray@jmcprojects.com,,,0,0,,0,,,,0,0000-00-00,0000-00-00,0000-00-00,,,,,0,0,,no,,no,,,,
J1196,"J.B. INTERIORS",9845069732,GURGAON,"GURGAON",,Y,500000,30,0,N,0,553,P,"",,"BADHSAPURSOHNA ROADIndia",,"",,,,,,AGJPJ3409M,GURGAON,0,,,info@jbinterior.co.in,,,0,0,,0,,,,0,0000-00-00,0000-00-00,0000-00-00,,,,122001,0,0,,no,,no,,,,
J1200,"JMC PROJECTS (INDIA) LTD,",,Bangalore,"BANGALORE",,Y,1000000,60,0,N,0,553,O,"",,"Engineers & ConstructorsGold Tower # 50 2nd FloorIndia",,"",080-30771526,,,,,,Bangalore,0,,,radha@jmcprojects.com,,,0,0,,0,,,,0,0000-00-00,0000-00-00,0000-00-00,,,,560025,0,0,,no,,no,,,,
J1204,"JAIN PLYWOOD..",9822739662,Amravati,"AMRAVATI",,Y,2500000,45,0,N,0,331,O,"",,"Jafarjin PlotNear Adarsh Hotel",,"",,,,,,,Amravati,0,,,,,,0,0,,0,,,,0,0000-00-00,0000-00-00,0000-00-00,,,,444603,0,0,,no,,no,,,,
J1207,"JANESHWAR DASS NARENDER KUMAR JAIN",9034999998,AMBALA CANTT,"AMBALA CANTT",,Y,1500000,30,0,N,0,,D,"",,"NARENDER COMPLEX NEAR SADAR POLICE STATION",,"NARENDER KUMAR JAIN",,,,,,AEFPJ4708R,AMBALA CANTT,0,,,janeshwar.dnj@gmail.com,,,0,0,,0,,,,0,0000-00-00,0000-00-00,0000-00-00,,,,,0,0,,no,,no,,,,
J1208,"J B INTERIORS.",9845069732,HYDERABAD,"HYDERABAD",S01405,Y,1500000,60,0,N,0,553,O,"",,"#607 Near Nampally Rly Station RdFS Lane NampallyIndia",,"",,,,,,AGJPJ3409M,Hyderabad,0,,,,,,0,0,,0,,,,0,0000-00-00,0000-00-00,0000-00-00,,,,500001,0,0,,no,,no,,,,
J1212,"JAIN BROTHERS",9310270788,NOIDA,"NOIDA",S10152,Y,2500000,30,3840,N,0,441,D,"",,"H-90SECTOR-9  India",,"AMIT JAIN",,,,,,AABFJ1189J,NOIDA,0,,,jainbrothersnoida@gmail.com,,,0,0,,0,,,,0,0000-00-00,0000-00-00,0000-00-00,,,,201301,0,0,no,no,,no,,,,
J1214,"JIWANSAAGAAR REALTY PVT LTD",7631855556,BHAGALPUR,"BHAGALPUR",,Y,0,30,0,N,0,219,O,"",,"D N SINGH ROAD2ND FLOOR",,"ADITYA JHUNJHUN WALA",8444828330,,,,,AADCJ2300A,BHAGALPUR,0,,,JAYANTA@JSREALTY.IN,,,0,0,,0,,,,0,0000-00-00,0000-00-00,0000-00-00,,,,812002,0,0,,no,,no,,,,
J1215,"JAIN PLY & LAMINATES",9415005860,LUCKNOW,"LUCKNOW",,Y,300000,45,0,N,0,,D,"",,"OPP SAHANI TPT.NEAR DOODH MANDICHANDRA BHAWAN CHARBAGH",,"SANAT JAIN",,,,,,AAMPJ4432B,LUCKNOW,0,,,jainply_laminates@yahoo.co.in,,,0,0,,0,,,,0,0000-00-00,0000-00-00,0000-00-00,,,,226004,0,0,,no,,no,,,,
J1219,"JAS TRADING COMPANY",9745575844,PERUMBVOOR,"PERUMBVOOR",,Y,0,30,0,N,0,,O,"",,"XVII/1619 O.M. ROAD PERUMBVOOR DIST ERNAKULAM",,"ABHISHEK  AGARWAL",,,,,,BSUPS7417J,PERUMBVOOR,0,,,abhiaggarwal1614@gmail.com,,,0,0,,0,,,,0,0000-00-00,0000-00-00,0000-00-00,,,,,0,0,,no,,no,,,,
J122,"JAIPRAKASH ASSOCIATES LTD.",,DEHRADUN,"DEHRADUN",,Y,0,,0,N,0,,O,"",,"113RAJPUR ROAD PARLOGANJMASOORIE",,"",,,,,,,DEHRADUN,0,,,,,,0,0,,0,,,,0,0000-00-00,0000-00-00,0000-00-00,,,,,0,0,,no,,no,,,,
J1223,"JMC PROJECTS  (INDIA) LTD",9015131010,DEHRADUAN,"DEHRADUAN",,Y,0,30,0,N,0,,P,"",,"STREET NO.7HOUSE NO.74 VANI VIHAR",,"SANDEEP RAY",,,,,,AAACJ3814E,DEHRADUAN,0,,,sandeep.ray@jmcprojects.com,,,0,0,,0,,,,0,0000-00-00,0000-00-00,0000-00-00,,,,,0,0,,no,,no,,,,
J1224,"JEET PLYWOOD & HARDWARE STORE",9997715700,BADAUN,"BADAUN",,Y,0,30,0,N,0,,D,"",,"KANSEN STREETCHOONA MANDI  India",,"AJEET KUMAR VAISH",,,,,,AEUPV9324G,BADAUN,0,,,ranjeetvaish.rv9@gmail.com,,,0,0,,0,,,,0,0000-00-00,0000-00-00,0000-00-00,,,,,0,0,,no,,no,,,,
J1225,"JUNEJA SUNMICA & PLYWOOD",9996668968,AMBALA CITY,"AMBALA CITY",,Y,1500000,45,0,N,0,,D,"",,"RATTAN GARH ROAD NEAR MANAV CHOWK India",,"JASBIR SINGH",,,,,,AFTPJ8369M,AMBALA CITY,0,,,junejaply@gmail.com,,,0,0,,0,,,,0,0000-00-00,0000-00-00,0000-00-00,,,,,0,0,,no,,no,,,,
J1247,"JAIN PLYWOODS.",9440133228,TIRUPATI CHITTOOR D,"TIRUPATI, CHITTOOR DISTRICT",S01891,Y,2300000,45,0,N,0,525,D,"",,"GROUND FLOOR 10-5-243 DODDAPURAM STREET CHITTOR DISTRICT",,"RANJITH JAIN",7981533633,,,,,ATUPK1902A,TIRUPATI, CHITTOOR DISTRICT,0,,,rankavitpt@gmail.com,,,0,0,,0,,,,0,0000-00-00,0000-00-00,0000-00-00,,,,517501,0,0,,no,,no,,,,
J1250,"J.K. PLYWOODS",9414166622,UDAIPUR,"UDAIPUR",,Y,1000000,30,0,N,0,,D,"",,"101 - 103IN SIDE SURAJPOLE",,"SATENDRAPAL SINGH CHHABRA",02942418400,,,,,AARPC0629C,UDAIPUR,0,,,jkplywoods@gmail.com,,,0,0,,0,,,,0,0000-00-00,0000-00-00,0000-00-00,,,,313001,0,0,,no,,no,,,,
J1253,"J. K. INTERIOR & HANDICRAFTS",9414060713,JAIPUR,"JAIPUR",,Y,5000000,45,0,N,0,427,D,"",,"E-42 (B) ROAD NO. 01 VKI AREA JAIPUR",,"SURESH KABRA",,,,,,AAIFJ4600M,JAIPUR,0,,,jkvkia@gmail.com,,,0,0,,0,,,,0,0000-00-00,0000-00-00,0000-00-00,,,,302013,0,0,,,,,,,,
J1264,"JEEVA JOTHI TIMBERS",9003114488,Chennai,"CHENNAI",S01908,Y,3000000,45,0,N,0,551,D,"",,"#198 DEMELLOWS ROAD CHOOLAI India",,"",,,,,,AAAHB3067N,CHENNAI,0,,,shrinidhiply@gmail.com,,,0,0,,0,,,,0,0000-00-00,0000-00-00,0000-00-00,,,,600112,0,0,,,,,,,,
J1267,"JOSHI PLYWOOD",9830154747,KOLKATA,"KOLKATA",,Y,500000,30,0,N,0,,D,"",,"245 B. B. GANGULY STREET NERA FIRANGI KALI MANDIR India",,"VIJAY JOSHI",,,,,,AEOPJ9552Q,KOLKATA,0,,,sanjay_joshi132@yahoo.co.in,,,0,0,,0,,,,0,0000-00-00,0000-00-00,0000-00-00,,,,,0,0,,no,,no,,,,
J1274,"J.P. TIMBER TRADERS",9596492525,JAMMU,"JAMMU",S10313,Y,0,0,0,N,0,454,D,"",,"NH-1A NEAR TB HOSPITALUDHAMPURIndia",,"JOGINDER PRAKASH SHARMA",9596492525,,,,,AFGPS4812M,JAMMU,0,,,sahil.timberworks@gmail.com,,,0,0,,0,,,,0,0000-00-00,0000-00-00,0000-00-00,,,,182101,0,0,,no,,no,,,,
J1275,"JOY PLYWOOD",8121189396,HYDERABAD,"HYDERABAD",S01700,Y,1000000,45,0,N,0,554,D,"",,"DR. 1-111/1/B/19 RAGHAVENDRA NAGAR COLONY KONDAPUR",,"MANGILAL ROOPARAM",,,,,,AJXPR2640F,HYDERABAD,0,,,mrooparam@gmail.com,,,0,0,,0,,,,0,0000-00-00,0000-00-00,0000-00-00,,,,,0,0,,no,,no,,,,
J1293,"JAIWANT KUMAR JAIN & CO.",9810254569,EAST DELHI,"EAST DELHI",,Y,0,0,0,N,0,,O,"",,"22KARKARDUMA OPP.METRO PILLAR NO.12",,"PARDUMAN KUMAR JAIN",,,,,,ADJPJ2990C,EAST DELHI,0,,,anmol@jaiwantgroup.com,,,0,0,,0,,,,0,0000-00-00,0000-00-00,0000-00-00,,,,,0,0,,no,,no,,,,
J1302,"JAI MAHAKAL TRADERS",9998315158,SAGAR,"SAGAR",S01630;D02103,Y,0,0,0,N,0,446,D,"",,"ICICI BANK KE SAMNE                      JABALPUR ROAD MAKRONIYA",,"JUGAL KISHORE MAHESHWARI",,,,,,AAOFJ9557H,SAGAR,0,,,amitmor2006@gmail.com,,,0,0,,0,,,,0,1971-01-01,1971-01-01,1971-01-01,,,,470004,0,0,no,no,no,no,,,,
J1304,"JAS ENTERPRISES",7999149665,GWALIOR,"GWALIOR",,Y,1500000,30,0,N,0,446,P,"",,"BH- 139 DEENDAYAL NAGAR",,"JAYDEEP SINGH",,,,,,BBNPS1899E,GWALIOR,0,,,jasenterprises.gwalior@gmail.com,,,0,0,,0,,,,0,0000-00-00,0000-00-00,0000-00-00,,,,474020,0,0,,no,,no,,,,
J1309,"JAWALA PARSHAD & CO.",9810064026,NEW DELHI,"NEW DELHI",S10015,Y,0,0,0,N,0,451,O,"",,"51/1GROUND FLOOR BLOCK-1 WHSKIRTI NAGAR IND.AREA",,"PARITOSH BANSAL",,,,,,AAPFJ2783A,NEW DELHI,0,,,jpc.paritosh@gmail.com,,,0,0,,0,,,,0,0000-00-00,0000-00-00,0000-00-00,,,,110015,0,0,,,,no,,,,
J1310,"JP TIMBER TRADERS",9596492525,UDHAMPUR,"UDHAMPUR",S10074;D10469,Y,0,0,0,N,0,441,D,"",,"NH-1A NEAR TB HOSPITAL",,"J P SHARMA",,,,,,AAOFJ2409A,UDHAMPUR,0,,,sahil.timberworks@gmail.com,,,0,0,,0,,,,0,1971-01-01,1971-01-01,1971-01-01,,,,182101,0,0,no,no,no,no,,,,
J1311,"JYOTI SHREE BALAJEE PLY",9798383466,DHANBAD,"DHANBAD",,Y,400000,30,0,N,0,222,D,"",,"SHOP NO.-02 LALITA COMPLEXDHAIYA ROADDHANBAD JHARKHAND",,"JYOTI CHOUDHARY",9798383466,,,,,ACPPC4452M,DHANBAD,0,,,jsbply@gmail.com,,,0,0,,0,,,,0,0000-00-00,0000-00-00,0000-00-00,,,,826004,0,0,,no,,no,,,,
J1312,"JALARAM ENTERPRISES",9880116305,SAHAPUR,"SAHAPUR",,Y,2000000,60,0,N,0,553,O,"",,"NO. 50-02 BEHIND OLD BUS STANDCOURT ROADSAHAPUR",,"HIMANSHU PATEL",,,,,,AZUPH5504K,SAHAPUR,0,,,msjalan@yahoo.com,,,0,0,,0,,,,0,0000-00-00,0000-00-00,0000-00-00,,,,585223,0,0,,no,,no,,,,
J1314,"JAIN TIMBER MART",-162915,ETAWAH,"ETAWAH",S10221,Y,0,0,0,N,0,447,D,"",,"RAJAGANJ                                 GWALIOR ROAD",,"VIVEK KUMAR JAIN",,,,,,ACYPJ9161B,ETAWAH,0,,,,,,0,0,,0,,,,0,0000-00-00,0000-00-00,0000-00-00,,,,206001,0,0,,,,,,,,
J1332,"JAIN OVERSEAS",9810435108,NEW DELHI,"NEW DELHI",S10008,Y,0,0,0,N,0,451,O,"",,"132GROUND FLOORARIHANT NAGAR PUNJABI BAGH WEST",,"NIKITA JAIN",,,,,,AUFPJ9042A,NEW DELHI,0,,,0,,,0,0,,0,,,,0,0000-00-00,0000-00-00,0000-00-00,,,,110026,0,0,,,,no,,,,
J1339,"JAGDISH ENTERPRISES",9897561066,KHURJA - BULANDSHAHR,"KHURJA - BULANDSHAHR",S10230,Y,0,0,0,N,0,447,D,"",,"VAISHALI COLONY GATE NO. 1 CITY STATION ROAD",,"RAJEEV KUMAR MITTAL",,,,,,ACFPM9993H,KHURJA - BULANDSHAHR,0,,,umangmittal555@gmail.com,,,0,0,,0,,,,0,0000-00-00,0000-00-00,0000-00-00,,,,203131,0,0,,no,,no,,,,
J1341,"JITENDRA KUMAR MISHRA",8400442424,FAIZABAD,"FAIZABAD",S10221,Y,0,0,0,N,0,447,O,"",,"RAJKUMAR MISHRAKALI PANDEY PURWA BIHARIPURJYOTISADANTONIYA",,"JITENDRA KUMAR MISHRA",,,,,,BJOPM0450L,FAIZABAD,0,,,MISHRAJITENDRA220@GMAIL.COM,,,0,0,,0,,,,0,0000-00-00,0000-00-00,0000-00-00,,,,224001,0,0,,,,no,,,,
J1342,"JAGMOHAN PLYWOOD LLP",9871200718,DELHI,"DELHI",S10015,Y,0,0,0,N,0,451,D,"",,"9/6086 MAIN ROAD NEAR POLIC STATION GANDHI NAGAR",,"MANPREET SINGH",,,,,,AAOFJ3967D,DELHI,0,,,singhrickykaran@gmail.com,,,0,0,,0,,,,0,0000-00-00,0000-00-00,0000-00-00,,,,110031,0,0,,,,no,,,,
J1343,"JAY HANUMAN FURNITURE",9784179325,JALORE,"JALORE,",,Y,100000,0,0,N,0,317,O,"",,"MEHTA MARKET SANCHORE SANCHORE",,"ADURAM KASHABA RAMJI",,,,,,BJKPK3038C,JALORE,,0,,,0,,,0,0,,0,,,,0,0000-00-00,0000-00-00,0000-00-00,,,,343041,0,0,,no,,no,,,,
J1349,"JHARKHAND PLY",9905317328,JAMSHEDPUR,"JAMSHEDPUR",,Y,0,0,0,N,0,222,O,"",,"ARJUN TOWER BESIDE RELIANCE FRESH MANGO",,"MAQSOOD ALAM",,,,,,AKNPA5568N,JAMSHEDPUR,0,,,tahiraanjum1989@gmail.com,,,0,0,,0,,,,0,0000-00-00,0000-00-00,0000-00-00,,,,831012,0,0,,,,no,,,,
J135,"J L GUPTA",,,"",,Y,0,,0,N,0,,O,"",,"DELHI",,"",,,,,,,,0,,,,,,0,0,,0,,,,0,0000-00-00,0000-00-00,0000-00-00,,,,,0,0,,no,,no,,,,
J1350,"JASPAL SINGH AND SONS",9888880010,PATIALA,"PATIALA",S10074,Y,1500000,30,0,N,0,454,D,"",,"NABHA GATE",,"GURKIRET SINGH",,,,,,AAAFJ5818K,PATIALA,0,,,jaspalsinghandsons@yahoo.co.in,,,0,0,,0,,,,0,0000-00-00,0000-00-00,0000-00-00,,,,147001,0,0,,,,,,,,
J1354,"JAIN ENTERPRISES",9991871880,CHEEKA-KAITHAL,"CHEEKA-KAITHAL",D10350,Y,800000,30,0,N,0,443,D,"",,"WARD NO.-14 PLOT NO.-42 HAFEAD ROAD INDUSTRIAL AREA",,"ABHINAV JAIN",,,,,,BEUPJ4626J,CHEEKA-KAITHAL,0,,,thejainenterprises@gmail.com,,,0,0,,0,,,,0,0000-00-00,0000-00-00,0000-00-00,,,,136034,0,0,,,,no,,,,
J1364,"JOSTARS ORGOTECH PRIVATE LTD",9820127202,LOWER PAREL(WEST) MU,"LOWER PAREL(WEST) MUMBAI",,Y,0,0,0,N,0,331,O,"",,"A-501 INNOVA MARATHON NEST GEN. OFF. GANPATRAO KADAM MARG",,"NIKHAR LOHIA",,,,,,AABCJ2496H,LOWER PAREL(WEST) MUMBAI,0,,,0,,,0,0,,0,,,,0,0000-00-00,0000-00-00,0000-00-00,,,,400013,0,0,,,,no,,,,
J1365,"JAGAT SINGH SETHI & SONS",9810125840,DELHI,"DELHI",S10042;S10015;S10042,Y,0,0,0,N,0,441,O,"",,"4/1D.B.GUPTA ROAD                       PAHARGANJ                                CENTRAL DELHI",,"TANMEET SETHI",,,,,,BARPS6302P,DELHI,0,,,jagatsinghsethi92@gmail.com,,,0,0,,0,,,,0,1971-01-01,1971-01-01,1971-01-01,,,,110055,0,0,no,no,no,no,,,,
J1365,"JAGAT SINGH SETHI & SONS",9810125840,CENTRAL DELHI,"CENTRAL DELHI",S10042;S10015;S10042,Y,0,0,0,N,0,441,O,"",,"4/1D.B.GUPTA ROAD                       PAHARGANJ                                CENTRAL DELHI",,"TANMEET SETHI",,,,,,BARPS6302P,DELHI,0,,,jagatsinghsethi92@gmail.com,,,0,0,,0,,,,0,1971-01-01,1971-01-01,1971-01-01,,,,110055,0,0,no,no,no,no,,,,
J1366,"JUNEJA TIMBER TRADERS",9891511490,DELHI,"DELHI",S10015,Y,0,0,0,N,0,441,D,"",,"GROUND FLOOR 13/1 GALI NO.1              GOVINDPURI KALKAJI SOUTH DELHI",,"MUKESH JUNEJA",,,,,,AALFJ6888Q,DELHI,0,,,,,,0,0,,0,,,,0,0000-00-00,0000-00-00,0000-00-00,,,,110019,0,0,,,,,,,,
J1372,"JC ANANYA PLYWOODS AND HARDWARE",8341542594,KRISHNA,"KRISHNA",S01700;S01700;S01700,Y,0,0,0,N,0,525,D,"",,"GROUND FLOOR 8-135 SAIBABA TEMPLE       NEAR ST. ANNS HOSPITAL                   JAGGAIAHPET",,"SK. TASWEER",,,,,,PMIPS6434R,KRISHNA,0,,,,,,0,0,,0,,,,0,1971-01-01,1971-01-01,1971-01-01,,,,521175,0,0,no,no,no,no,,,,
J1372,"JC ANANYA PLYWOODS AND HARDWARE",8341542594,JAGGAIAHPET KRISHNA,"JAGGAIAHPET, KRISHNA",S01700;S01700;S01700,Y,0,0,0,N,0,525,D,"",,"GROUND FLOOR 8-135 SAIBABA TEMPLE       NEAR ST. ANNS HOSPITAL                   JAGGAIAHPET",,"SK. TASWEER",,,,,,PMIPS6434R,KRISHNA,0,,,,,,0,0,,0,,,,0,1971-01-01,1971-01-01,1971-01-01,,,,521175,0,0,no,no,no,no,,,,
J1372,"JC ANANYA PLYWOODS AND HARDWARE",8341542594,JAGGAIAHPET KRISHNA,"JAGGAIAHPET, KRISHNA DISTRICT",S01700;S01700;S01700,Y,0,0,0,N,0,525,D,"",,"GROUND FLOOR 8-135 SAIBABA TEMPLE       NEAR ST. ANNS HOSPITAL                   JAGGAIAHPET",,"SK. TASWEER",,,,,,PMIPS6434R,KRISHNA,0,,,,,,0,0,,0,,,,0,1971-01-01,1971-01-01,1971-01-01,,,,521175,0,0,no,no,no,no,,,,
J1373,"JAI MAA VAISHNO DEVI PLYWOOD HOUSE",9958187444,SIWAN,"SIWAN",S01386,Y,0,0,0,N,0,219,O,"",,"PANCH-RAMPURVILL:KHORI PAKAR JADDI BARHARIA",,"HARE RAM GUPTA",,,,,,ALDPG5585C,SIWAN,0,,,jaimaavaishnodeviplywoodhouse@yahoo.com,,,0,0,,0,,,,0,0000-00-00,0000-00-00,0000-00-00,,,,841413,0,0,,,,,,,,
J1374,"JANTA PLY HARDWARE N GLASS",9838443366,GORAKHPUR,"GORAKHPUR",S10221,Y,0,0,0,N,0,447,O,"",,"1 GOLGHAR VEENUS COMPOUND",,"EHTESHAM HUSSAIN KHAN",,,,,,APYPK9562L,GORAKHPUR,0,,,mehkhan13881@gmail.com,,,0,0,,0,,,,0,0000-00-00,0000-00-00,0000-00-00,,,,273001,0,0,,,,,,,,
J1375,"JAVA HARDWARE",8837350693,,"",S01825;S10222,O,0,0,0,N,0,215,O,"",,"20JAVA HOUSE ARBUTHNOT ROAD SHILLONG EAST KHASI HILLS",,"VERNON ONEIL NONGRUM",,,,,,AKEPN0879Q,SHILLONG,0,,,javahardwares04@gmail.com,,,0,0,,0,,,,0,0000-00-00,0000-00-00,0000-00-00,,,,793003,0,0,,,,,,,,
J1375,"JAVA HARDWARE",8837350693,SHILLONG,"SHILLONG",S01825;S10222,Y,0,0,0,N,0,215,O,"",,"20JAVA HOUSE ARBUTHNOT ROAD SHILLONG EAST KHASI HILLS",,"VERNON ONEIL NONGRUM",,,,,,AKEPN0879Q,SHILLONG,0,,,javahardwares04@gmail.com,,,0,0,,0,,,,0,0000-00-00,0000-00-00,0000-00-00,,,,793003,0,0,,,,,,,,
J1376,"JAI AMBEY PLY AND PAINT STORE",9792336536,LUCKNOW,"LUCKNOW",S10221,Y,0,0,0,N,0,447,D,"",,"5/214 SECTOR-H JANKIPURAM",,"ANUPAM SHARMA",,,,,,AARFJ6709J,LUCKNOW,0,,,anupamsharma554@gmail.com,,,0,0,,0,,,,0,0000-00-00,0000-00-00,0000-00-00,,,,226021,0,0,,,,,,,,
J1377,"JAP BUILDCON PRIVATE LIMITED",9999989054,WEST DELHI,"WEST DELHI",S10155,Y,0,0,0,N,0,441,O,"",,"A-2-A-263 JANAK PURI",,"PRADEEP KAWATRA",,,,,,AADCJ4047J,WEST DELHI,0,,,japbuildcon@gmail.com,,,0,0,,0,,,,0,0000-00-00,0000-00-00,0000-00-00,,,,110058,0,0,,,,,,,,
J1380,"JAIN DISTRIBUTORS",5453015862,LUCKNOW,"LUCKNOW",S10221,Y,0,0,0,N,0,447,O,"",,"72/8/5B CHANDRA BHAWAN CHARBAGH",,"VINEETA JAIN",,,,,,AAMPJ4431C,LUCKNOW,0,,,jain_distributor@yahoo.in,,,0,0,,0,,,,0,0000-00-00,0000-00-00,0000-00-00,,,,226004,0,0,,,,,,,,
J1386,"JINDAL PLYWOOD & LAMINATES",8851632856,RAIPUR,"RAIPUR",S10014,Y,0,0,0,N,0,420,D,"",,"KHASRA NO-475/3 NEAR HOTAL GOLDEN HARITAGE NAHAR PARA ROAD",,"SOURABH JINDAL",,,,,,ASFPJ9360H,RAIPUR,0,,,sourabh005ss@yahoo.com,,,0,0,,0,,,,0,0000-00-00,0000-00-00,0000-00-00,,,,492001,0,0,,,,,,,,
J1391,"JAI MARBLE",9262813168,PATNA,"PATNA",S01386,Y,500000,30,0,N,0,219,O,"",,"SIPARA",,"JAI PRAKASH YADAV",,,,,,ABLPY2727Q,PATNA,0,,,maniyadav.1961@gmail.com,,,0,0,,0,,,,0,0000-00-00,0000-00-00,0000-00-00,,,,800001,0,0,,,,,,,,
J1402,"JAINSONS PLYWOOD CORPORATION",8750244762,DELHI,"DELHI",S10015,Y,0,0,0,N,0,441,D,"",,"481 LAL BATTI CHOWK PANDAV ROAD VISHWAS NAGAR SHAHDARA",,"YASH KUMAR JAIN",,,,,,AAIPJ8003E,DELHI,0,,,yashjn1167@gmail.com,,,0,0,,0,,,,0,0000-00-00,0000-00-00,0000-00-00,,,,110032,0,0,,,,,,,,
J1409,"JAI VISHWAKARMA FURNITURE AND PLY HOUSE",8294947870,BETTIAH,"BETTIAH",D02037,Y,0,0,0,N,0,219,O,"",,"VASANT VIHAR NEAR                        NEAR - MUFFASIL POLICE STATION",,"MR. JAYPRAKASH SHARMA",,,,,,IGNPS2727H,BETTIAH,0,,,jayprakashsharma1236@gmail.com,,,0,0,,0,,,,0,0000-00-00,0000-00-00,0000-00-00,,,,845438,0,0,,,,,,,,
J1410,"JINDAL TIMBER AND PLYWOOD",9871197214,DELHI,"DELHI",S10223,Y,0,0,0,N,0,441,D,"",,"F-63 PARWANA ROAD JAGATPURI					         EAST DELHI",,"NAVEEN JINDAL",,,,,,AHOPJ7812L,DELHI,0,,,jindal.timber.ply@gmail.com,,,0,0,,0,,,,0,0000-00-00,0000-00-00,0000-00-00,,,,110051,0,0,,,,,,,,
J1416,"JAY HIND SHOWMILL",9227107777,GIR SOMNATH,"GIR SOMNATH",,Y,0,0,0,N,0,332,O,"",,"CHARAZAPA 					                         KODINAR",,"VALLABHBHAI SUDRA",,,,,,BQQPS0198N,GIR SOMNATH,0,,,rajni242404@gmail.com,,,0,0,,0,,,,0,0000-00-00,0000-00-00,0000-00-00,,,,362720,0,0,,,,,,,,
J1424,"J. K. GREEN AGENCIES",9434133208,DURGAPUR,"DURGAPUR",S01519,Y,0,0,0,N,0,457,D,"",,"BHIRINGI MORE G T ROAD						            DURGAPUR",,"JITENDRA PATEL",,,,,,AAGFJ4351D,DURGAPUR,0,,,patelamy2913@gmail.com,,,0,0,,0,,,,0,0000-00-00,0000-00-00,0000-00-00,,,,713213,0,0,,,,,,,,
J1433,"JAYARAJ OPTICALS",9901366889,KALABURAGI,"KALABURAGI",D02057,Y,0,0,0,N,0,553,O,"",,"16/2/AOPP.TIRANDAZ TALKIES DARGA ROAD",,"SANTOSH V PATIL",,,,,,APBPP8965K,KALABURAGI,0,,,drshrupatil@gmail.com,,,0,0,,0,,,,0,0000-00-00,0000-00-00,0000-00-00,,,,585102,0,0,,,,,,,,
J1436,"JANTA PLYWOOD HOUSE",9837004264,SAMBHAL,"SAMBHAL",S10230,Y,0,0,0,N,0,448,O,"",,"PANJU SARAI SAMBHAL UTTAR PRADESH",,"ATAUR RAHMAN",,,,,,AAEFJ4930E,SAMBHAL,0,,,jantaplywoodhouse@gmail.com,,,0,0,,0,,,,0,0000-00-00,0000-00-00,0000-00-00,,,,244302,0,0,,,,,,,,
J144,"JMC PROJECTS (INDIA)  LTD",9015131010,NEW DELHI,"NEW DELHI",,Y,1500000,45,0,N,0,441,P,"",,"C/O.SUPREME COURT ADNL OFICE COMP CPWDGATE NO.9PRAGATI MAIDAN",,"SANDEEP RAY",,,,,,AAACJ3214E,NEW DELHI,0,,,sandeep.ray@jmcprojects.com,,,0,0,,0,,,,0,0000-00-00,0000-00-00,0000-00-00,,,,110001,0,0,,,,,,,,
J1440,"JAY INTERNATIONAL PLYWOOD",9311081071,DELHI,"DELHI",,Y,0,0,0,N,0,441,O,"",,"B-108 WHS TIMBER MARKET                 KIRTI NAGAR                              WEST DELHI",,"VARUN MADHOGARIA",,,,,,BOAPM8809J,DELHI,0,,,0,,,0,0,,0,,,,0,1971-01-01,1971-01-01,1971-01-01,,,,110015,0,0,no,no,no,no,,,,
J1444,"JEMINI TRADERS",9314507350,JAIPUR,"JAIPUR",S10305,Y,0,0,0,N,0,427,D,"",,"KHASRA NO 297						                     NARSINGHPURA JAIPURA 						            JAGATPURA",,"VIJAY PRAKASH ACHARYA",,,,,,ADQPA2789K,JAIPUR,0,,,jeminitraders@gmail.com,,,0,0,,0,,,,0,1971-01-01,1971-01-01,1971-01-01,,,,302017,0,0,no,no,no,no,,,,
J1446,"JAI SHREE HARDWARE AND IRON",9425047423,MANASA,"MANASA",D02105,Y,0,0,0,N,0,446,D,"",,"1 USHAGANJ COLONY						                 DIST- NEEMUCH",,"PANKAJ CHHABRA",,,,,,AHWPC5815E,MANASA,0,,,pankaj.jaishreeganesh@gmail.com,,,0,0,,0,,,,0,1971-01-01,1971-01-01,1971-01-01,,,,458110,0,0,no,no,no,no,,,,
J145,"JINDAL COMBINES PVT LTD",,GURGAON (HARYANA),"GURGAON (HARYANA)",,Y,0,,0,N,0,,O,"",,"247PHASE-4 UDHYOG VIHAR",,"",,,,,,,GURGAON (HARYANA),0,,,,,,0,0,,0,,,,0,0000-00-00,0000-00-00,0000-00-00,,,,,0,0,,no,,no,,,,
J1451,"J.S.HARDWARE",9815628780,FEROZEPUR,"FEROZEPUR",D10372,Y,0,0,0,N,0,454,D,"",,"MALWAL ROAD",,"SATINDER PAL SINGH",,,,,,ATMPS2966E,FEROZEPUR,0,,,jshardware98@gmail.com,,,0,0,,0,,,,0,1971-01-01,1971-01-01,1971-01-01,,,,152002,0,0,no,no,no,no,,,,
J1457,"JITENDER KUMAR GAHLYAN",7015517635,PANIPAT,"PANIPAT",S10042,Y,0,0,0,N,0,443,O,"",,"BPO-DIKADLA						                        TEHSIL-SAMALAKHA",,"JITENDER KUMAR GAHLYAN",,,,,,ALPPG5882L,PANIPAT,0,,,jitenderkumarghahlyan@gmail.com,,,0,0,,0,,,,0,1971-01-01,1971-01-01,1971-01-01,,,,132122,0,0,no,no,no,no,,,,
J1460,"JAI MAA GLASS HOUSE",9888192092,SRI MUKTSAR SAHIB,"SRI MUKTSAR SAHIB",S10209,Y,0,0,0,N,0,454,O,"",,"NEAR CHHABRA SWEETS               MALOUT",,"ASHUDEEP GARG",,,,,,AMWPG0895P,SRI MUKTSAR SAHIB,0,,,rgupta536@gmail.com,,,0,0,,0,,,,0,1971-01-01,1971-01-01,1971-01-01,,,,152107,0,0,no,no,no,no,,,,
J1463,"JALARAM PLYWOOD",9879098699,MEHSANA,"MEHSANA",D02142,Y,0,0,0,N,0,332,O,"",,"1 JALARAM PLYWOOD                 SURESHMARG                        KHERALU",,"VINODBHAI PATEL",,,,,,BHKPP0625C,MEHSANA,0,,,dhaval.bhagat1995@yahoo.com.au,,,0,0,,0,,,,0,1971-01-01,1971-01-01,1971-01-01,,,,384325,0,0,no,no,no,no,,,,
J1465,"JINDAL INDIA LIMITED",7604028763,Howrah,"HOWRAH",D01997,Y,0,0,0,N,0,457,P,"",,"N.H.6 JANGALPUR                  ARGORI ANDUL HOWRAH",,"DINESH BAKSHI",,,,,,AAACJ2054J,HOWRAH,0,,,purchase@jindalindia.com,,,0,0,,0,,,,0,1971-01-01,1971-01-01,1971-01-01,,,,711302,0,0,no,no,no,no,,,,
J158,"JMC PROJECTS INDIA LTD",9015131010,NOIDA,"NOIDA",S10155,Y,1000000,45,0,N,0,441,P,"",,"B-21SECTOR-58 G.B NAGAR India",,"SANDEEP RAY",,,,,,AAACJ3814E,NOIDA,0,,,sandeep.ray@jmcprojects.com,,,0,0,,0,,,,0,0000-00-00,0000-00-00,0000-00-00,,,,201301,0,0,no,no,,no,,,,
J165,"JATINDER MITTAL ENG. & CONSTRUCTION",,JALLANDHAR (PB),"JALLANDHAR (PB)",,Y,0,,0,N,0,,O,"",,"BARRIERS NO.1 BHEEM ROAD",,"",,,,,,,JALLANDHAR (PB),0,,,,,,0,0,,0,,,,0,0000-00-00,0000-00-00,0000-00-00,,,,,0,0,,no,,no,,,,
J174,"JAI BHAWANI ENTERPRISES",9876002763,AMRITSAR,"AMRITSAR",S10167,Y,2500000,60,0,N,0,454,D,"",,"OPP. ASHOK VATIKA SCHOOL G.T. ROAD NEW AMRITSAR",,"",,,,,,AADFJ7613D,AMRITSAR,0,,,puneet_mundra@hotmail.com,,,0,0,,0,,,,0,0000-00-00,0000-00-00,0000-00-00,,,,143001,0,0,,,,,,,,
J176,"JAIKISHAN DASS MUNSHILAL",,NEW DELHI,"NEW DELHI",,Y,0,,0,N,0,,O,"",,"69-AWAZIR NAGARKOTLA MU",,"",,,,,,,NEW DELHI,0,,,,,,0,0,,0,,,,0,0000-00-00,0000-00-00,0000-00-00,,,,,0,0,,no,,no,,,,
J178,"JATAN CONSTRUCTION PVT LTD.",,,"",,Y,0,,0,N,0,,O,"",,"",,"",,,,,,,,0,,,,,,0,0,,0,,,,0,0000-00-00,0000-00-00,0000-00-00,,,,,0,0,,no,,no,,,,
J184,"JALARAM TIMBER DEPOT",,,"",,Y,0,,0,N,0,,O,"",,"SAMANTARAPUR BHUBANESWAR",,"",,,,,,,,0,,,,,,0,0,,0,,,,0,0000-00-00,0000-00-00,0000-00-00,,,,,0,0,,no,,no,,,,
J184,"JALARAM TIMBER DEPOT",,NULL,"NULL",,Y,0,,0,N,0,,O,"",,"SAMANTARAPUR BHUBANESWAR",,"",,,,,,,,0,,,,,,0,0,,0,,,,0,0000-00-00,0000-00-00,0000-00-00,,,,,0,0,,no,,no,,,,
J189,"JALANDHAR JEWELLARY HOUSE",,NEW DELHI,"NEW DELHI",,Y,0,,0,N,0,,O,"",,"2637 BANK STREET KAROL BAGH",,"",,,,,,,NEW DELHI,0,,,,,,0,0,,0,,,,0,0000-00-00,0000-00-00,0000-00-00,,,,,0,0,,no,,no,,,,
J190,"J K PAINTS & DECORATERS",9815145707,PUNJAB,"PUNJAB",,Y,1500000,0,0,N,0,,O,"",,"G.T.ROADSIRHIND SIDE MANDI GOBINDGARH",,"GIRISH GUPTA",,,,,,AADFJ8454G,PUNJAB,0,,,jkpaints@rediffmail.com,,,0,0,,0,,,,0,0000-00-00,0000-00-00,0000-00-00,,,,,0,0,,no,,no,,,,
J191,"JAIN STORES",,NEW DELHI,"NEW DELHI",,Y,0,,0,N,0,,O,"",,"B-582BUNKAR COLONY ASHOK VIHAR PHASE-IV",,"",,,,,,.,NEW DELHI,0,,,,,,0,0,,0,,,,0,0000-00-00,0000-00-00,0000-00-00,,,,,0,0,,no,,no,,,,
J197,"JAGAT ENTERPRISES",+91-94153-36186,VARANASI,"VARANASI",S10221,Y,0,0,0,N,0,447,D,"",,"D47/194-BRAMAPUR                        LUXA ROAD",,"HARI LAL HOTWANI",917905248653,,,,,AAIPH3175P,VARANASI,0,,,,,,0,0,,0,,,,0,0000-00-00,0000-00-00,0000-00-00,,,,221001,0,0,,,,,,,,
J207,"JAY DURGA GLASS & PLY",,PATNA,"PATNA",,Y,0,,0,N,0,219,D,"",,"EXHIBITION ROAD PATNA",,"",,,,,,,PATNA,0,,,,,,0,0,,0,,,,0,0000-00-00,0000-00-00,0000-00-00,,,,800001,0,0,,no,,no,,,,
J279,"JITENDER DHARIWAL",,JAIPUR,"JAIPUR",,Y,0,,0,N,0,,O,"",,"",,"",,,,,,,JAIPUR,0,,,,,,0,0,,0,,,,0,0000-00-00,0000-00-00,0000-00-00,,,,,0,0,,no,,no,,,,
J5898,"J.M.INDUSTRIES,",9712359999,RAJKOT,"RAJKOT",,Y,0,30,0,N,0,317,O,"",,"VERAVAL (SHAPAR). RAJKOT.",,"MIHIR RUGHANI",,,,,,0,RAJKOT,0,,,avrughani@yahoo.co.in,,,0,0,,0,,,,0,0000-00-00,0000-00-00,0000-00-00,,,,360001,0,0,,,,,,,,
J701,"JATAN CONSTRUCTION PVT LTD.",,AJMER,"AJMER",,Y,0,,0,N,0,,O,"",,"",,"",,,,,,,AJMER,0,,,,,,0,0,,0,,,,0,0000-00-00,0000-00-00,0000-00-00,,,,,0,0,,no,,no,,,,
J770,"J GOGOI",,KOMARGOAN,"KOMARGOAN",,Y,0,,0,N,0,,O,"",,"",,"",,,,,,,KOMARGOAN,0,,,,,,0,0,,0,,,,0,0000-00-00,0000-00-00,0000-00-00,,,,,0,0,,no,,no,,,,
J806,"J.S.M. & COMPANY,",,NEW DELHI,"NEW DELHI",S10042,Y,0,0,0,N,0,441,O,"",,"1/35W.H.S.                              KIRTI NAGAR                              NEW DELHI",,"0",,,,,,AAGFJ0538G,DELHI,0,,,jsmnco113@gmail.com,,,0,0,,0,,,,0,1971-01-01,1971-01-01,1971-01-01,,,,110015,0,0,no,no,no,no,,,,
J806,"J.S.M. & COMPANY,",,DELHI,"DELHI",S10042,Y,0,0,0,N,0,441,O,"",,"1/35W.H.S.                              KIRTI NAGAR                              NEW DELHI",,"0",,,,,,AAGFJ0538G,DELHI,0,,,jsmnco113@gmail.com,,,0,0,,0,,,,0,1971-01-01,1971-01-01,1971-01-01,,,,110015,0,0,no,no,no,no,,,,
J821,"JAIN PLYWOOD",,ROHTAK (HARYANA),"ROHTAK (HARYANA)",,Y,1500000,45,0,N,0,331,D,"",,"OLD CIVIL ROAD",,"",,,,,,,ROHTAK (HARYANA),0,,,,,,0,0,,0,,,,0,0000-00-00,0000-00-00,0000-00-00,,,,,0,0,,no,,no,,,,
J831,"JAIN PLYWOOD HOUSE",+91-0141-270859,JAIPUR,"JAIPUR",S10314,Y,0,0,0,N,0,427,D,"",,"ARUN OIL INDUSTRIES PREMISES             NEAR GLASS FACTORY TONK ROAD",,"PAWAN JAIN",,,,,,AABFJ2482Q,JAIPUR,0,,,,,,0,0,,0,,,,0,0000-00-00,0000-00-00,0000-00-00,,,,302018,0,0,,,,,,,,
J925,"JAIHIND PLYWOOD AGENCY",,NEW DELHI,"NEW DELHI",,Y,0,,0,N,0,,O,"",,"23 DSIDC PHASE-IISCHM=II NEW OKHLA IND.COMPLEX",,"",,,,,,,NEW DELHI,0,,,,,,0,0,,0,,,,0,0000-00-00,0000-00-00,0000-00-00,,,,,0,0,,no,,no,,,,
J930,"JAYHIND TIMBER STORES",,DELHI,"DELHI",,Y,0,,0,N,0,,O,"",,"6926/137JAIPURIAMIL SUBJI CLOCK TOWER",,"",,,,,,AAAFJ5269L,DELHI,0,,,,,,0,0,,0,,,,0,0000-00-00,0000-00-00,0000-00-00,,,,,0,0,,no,,no,,,,
J940,"JAWALA PARSHAD & CO.PVT.LTD.",9810064026,NEW DELHI,"NEW DELHI",S10244;S10042;S10042,Y,0,0,0,N,0,441,D,"",,"58 ARJUN NAGAR                          KOTLA MUBARAK PUR                        NEW DELHI",,"PARITOSH BANSAL",,,,,,AAACJ0156B,DELHI,0,,,jawalaparshadandco@gmail.com,,,0,0,,0,,,,0,1971-01-01,1971-01-01,1971-01-01,,,,110003,0,0,no,no,no,no,,,,
J940,"JAWALA PARSHAD & CO.PVT.LTD.",9810064026,DELHI,"DELHI",S10244;S10042;S10042,Y,0,0,0,N,0,441,D,"",,"58 ARJUN NAGAR                          KOTLA MUBARAK PUR                        NEW DELHI",,"PARITOSH BANSAL",,,,,,AAACJ0156B,DELHI,0,,,jawalaparshadandco@gmail.com,,,0,0,,0,,,,0,1971-01-01,1971-01-01,1971-01-01,,,,110003,0,0,no,no,no,no,,,,
J950,"JAGAT DECORE",9425004360,INDORE,"INDORE",,Y,3000000,30,0,N,0,446,D,"",,"LG-6&7TRADE CENTRE18SOUTH TUKOGANJ",,"RUBAN KHANUJA",07312528376,,,,,ABGPK5768G,INDORE,0,,,jagatdecor@gmail.com,,,0,0,,0,,,,0,0000-00-00,0000-00-00,0000-00-00,,,,452001,0,0,,no,,no,,,,
J992,"JANTA HARDWARE STORE ( BHOPAL)",9425004360,BHOPAL,"BHOPAL",S01883,Y,0,0,0,N,0,446,D,"",,"77 MARWARI ROAD",,"VIJAY BAJAJ",,,,,,AFAPB6089D,BHOPAL,0,,,vijaybaja.jhs@gmail.com,,,0,0,,0,,,,0,1971-01-01,1971-01-01,1971-01-01,,,,462003,0,0,no,no,no,no,,,,
K015,"KRISHNA PLY & HARDWARE",,LUCKNOW,"LUCKNOW",,Y,0,0,0,N,0,,D,"",,"102/25 SHIVAJI MARG",,"ANURAG AGARWAL",,,,,,ABSPA4338E,LUCKNOW,0,,,krishnaply@yahoo.com,,,0,0,,0,,,,0,0000-00-00,0000-00-00,0000-00-00,,,,,0,0,,no,,no,,,,
K018,"KUCHHAL TIMBER TRADERS",9899019584,NEW DELHI,"NEW DELHI",S10152;S10042;S10042,Y,0,0,0,N,0,441,D,"",,"A-39 GROUND FLOOR                       W H S KIRTI NAGAR                       NEW DELHI",,"VINOD KUCHHAL",,,,,,AAAFK4991Q,DELHI,0,,,kuchhaltimber@yahoo.in,,,0,0,,0,,,,0,1971-01-01,1971-01-01,1971-01-01,,,,110015,0,0,no,no,no,no,,,,
K018,"KUCHHAL TIMBER TRADERS",9899019584,DELHI,"DELHI",S10152;S10042;S10042,Y,0,0,0,N,0,441,D,"",,"A-39 GROUND FLOOR                       W H S KIRTI NAGAR                       NEW DELHI",,"VINOD KUCHHAL",,,,,,AAAFK4991Q,DELHI,0,,,kuchhaltimber@yahoo.in,,,0,0,,0,,,,0,1971-01-01,1971-01-01,1971-01-01,,,,110015,0,0,no,no,no,no,,,,
K083,"K C GUPTA",,,"",,Y,0,,0,N,0,,O,"",,"",,"",,,,,,,,0,,,,,,0,0,,0,,,,0,0000-00-00,0000-00-00,0000-00-00,,,,,0,0,,no,,no,,,,
K084,"K.K.MAHESHWARI",,,"",,Y,0,,0,N,0,,O,"",,"",,"",,,,,,,,0,,,,,,0,0,,0,,,,0,0000-00-00,0000-00-00,0000-00-00,,,,,0,0,,no,,no,,,,
K089,"KAMAL ENTERPRISES",,,"",,Y,0,,0,N,0,,O,"",,"",,"",,,,,,,,0,,,,,,0,0,,0,,,,0,0000-00-00,0000-00-00,0000-00-00,,,,,0,0,,no,,no,,,,
K096,"KESHAVA SINGH & CO.",,NEW DELHI,"NEW DELHI",,Y,1500000,30,0,N,0,,O,"",,"3608 NETAJI SUBHASH MARG DARYA GANJ",,"",,,,,,AADFK4868M,NEW DELHI,0,,,keshava_ksc@hotmail.com,,,0,0,,0,,,,0,0000-00-00,0000-00-00,0000-00-00,,,,,0,0,,no,,no,,,,
K097,"KHURANA TRADERS",09893122848,SATNA,"SATNA",,Y,3000000,30,0,N,0,446,D,"",,"KRISHNA SAW MILL COMP.JAGATDEV TALAB ROAD",,"LALIT KHURANA",07672233338,,,,,AEWPK7920H,SATNA,0,,,khuranatraders1996@yahoo.co.in,,,0,0,,0,,,,0,0000-00-00,0000-00-00,0000-00-00,,,,485001,0,0,,no,,no,,,,
K1005,"KUNI GLASS HOUSE",,,"",,Y,0,,0,N,0,,O,"",,"TATA BENZ SQUARE OPP.UTKAL AUTOMOBILES BERHAMPUR - 760005",,"",,,,,,,,0,,,,,,0,0,,0,,,,0,0000-00-00,0000-00-00,0000-00-00,,,,,0,0,,no,,no,,,,
K1005,"KUNI GLASS HOUSE",,NULL,"NULL",,Y,0,,0,N,0,,O,"",,"TATA BENZ SQUARE OPP.UTKAL AUTOMOBILES BERHAMPUR - 760005",,"",,,,,,,,0,,,,,,0,0,,0,,,,0,0000-00-00,0000-00-00,0000-00-00,,,,,0,0,,no,,no,,,,
K101,"KELA BROTHERS (CALCUTTA)",0,KOLKATA,"KOLKATA",D02002,Y,0,0,0,N,0,457,O,"",,"2CHOWRINGHEE ROAD",,"0",,,,,,0,KOLKATA,0,,,kelabrotherscalcutta@gmail.com,,,0,0,,0,,,,0,0000-00-00,0000-00-00,0000-00-00,,,,700013,0,0,,no,,no,,,,
K1016,"KEITH ELECTRONICS",,NEW DELHI,"NEW DELHI",,Y,0,,0,N,0,,O,"",,"426ANSAL CHAMBER-II 6BHIKAJI CAMA PALACE",,"",,,,,,,NEW DELHI,0,,,,,,0,0,,0,,,,0,0000-00-00,0000-00-00,0000-00-00,,,,,0,0,,no,,no,,,,
K1019,"KARAM SINGH GRAND SONS",9810431321,NEW DELHI,"NEW DELHI",S10015;S10042,Y,0,0,0,N,0,441,D,"",,"1/19 W.H.S.                             KIRTI NAGAR                              NEW DELHI",,"SATWANT KAUR",,,,,,AAUPK7433K,DELHI,0,,,karamsinghgrandsons@gmail.com,,,0,0,,0,,,,0,1971-01-01,1971-01-01,1971-01-01,,,,110015,0,0,no,no,no,no,,,,
K1019,"KARAM SINGH GRAND SONS",9810431321,DELHI,"DELHI",S10015;S10042,Y,0,0,0,N,0,441,D,"",,"1/19 W.H.S.                             KIRTI NAGAR                              NEW DELHI",,"SATWANT KAUR",,,,,,AAUPK7433K,DELHI,0,,,karamsinghgrandsons@gmail.com,,,0,0,,0,,,,0,1971-01-01,1971-01-01,1971-01-01,,,,110015,0,0,no,no,no,no,,,,
K1020,"KAMRUP HARDWARE",,MORBI,"MORBI",,Y,400000,30,0,N,0,219,D,"",,"BANK ROAD MOTIHARI",,"",,,,,,,MOTIHARI,0,,,,,,0,0,,0,,,,0,0000-00-00,0000-00-00,0000-00-00,,,,845401,0,0,,no,,no,,,,
K1020,"KAMRUP HARDWARE",,MOTIHARI,"MOTIHARI",,Y,400000,30,0,N,0,219,D,"",,"BANK ROAD MOTIHARI",,"",,,,,,,MOTIHARI,0,,,,,,0,0,,0,,,,0,0000-00-00,0000-00-00,0000-00-00,,,,845401,0,0,,no,,no,,,,
K1023,"KALYAN BHARATI TRUST",,,"",,Y,1000000,0,0,N,0,,O,"",,"",,"",,,,,,,,0,,,,,,0,0,,0,,,,0,0000-00-00,0000-00-00,0000-00-00,,,,,0,0,,no,,no,,,,
K1023,"KALYAN BHARATI TRUST",,NULL,"NULL",,Y,1000000,0,0,N,0,,O,"",,"",,"",,,,,,,,0,,,,,,0,0,,0,,,,0,0000-00-00,0000-00-00,0000-00-00,,,,,0,0,,no,,no,,,,
K1027,"KASHYAP ENTERPRISES",09212278080,NEW DELHI,"NEW DELHI",S10042,Y,0,45,0,N,0,441,P,"",,"73/1 SWARAN PARK MAIN ROHATAK ROAD NAGLOI",,"",,,,,,AAAFK2992D,NEW DELHI,0,,,kashyapenterprises72@gmail.com,,,0,0,,0,,,,0,0000-00-00,0000-00-00,0000-00-00,,,,110041,0,0,no,no,,no,,,,
K1040,"KHEM CHAND GOPAL DASS RATHI",9414217569,BIKANER,"BIKANER",,Y,0,0,0,N,0,,D,"",,"DAUJI ROAD",,"NAND KISHORE RATHI",01512203472,,,,,ABIPR6063K,BIKANER,0,,,rathi_nankihore@yahoo.com,,,0,0,,0,,,,0,0000-00-00,0000-00-00,0000-00-00,,,,334005,0,0,,no,,no,,,,
K1042,"KEDIA TIMBER",0,GUWAHATI,"GUWAHATI",S01657;D02002,Y,0,0,0,N,0,220,O,"",,"F.A. ROAD KUMARPARA ASSAM",,"0",,,,,,0,GUWAHATI,0,,,0,,,0,0,,0,,,,0,0000-00-00,0000-00-00,0000-00-00,,,,781001,0,0,,no,,no,,,,
K1047,"KAILASH AGARWAL",,,"",,Y,0,,0,N,0,,O,"",,"",,"",,,,,,,,0,,,,,,0,0,,0,,,,0,0000-00-00,0000-00-00,0000-00-00,,,,,0,0,,no,,no,,,,
K1049,"KRISHAN LAL DHOOMRA",,BIKANER (RAJASTHAN),"BIKANER (RAJASTHAN)",,Y,0,,0,N,0,,O,"",,"SECTOR-1B/C J.N.V.COLONY",,"",,,,,,,BIKANER (RAJASTHAN),0,,,,,,0,0,,0,,,,0,0000-00-00,0000-00-00,0000-00-00,,,,,0,0,,no,,no,,,,
K1072,"KHADI GRAM UDYOG VIKAS SANSTHAN",,BIKANER (RAJ),"BIKANER (RAJ)",,Y,0,,0,N,0,,O,"",,"SHIV BARIRAILWAY SIDING RANI BAZAR",,"",,,,,,,BIKANER (RAJ),0,,,,,,0,0,,0,,,,0,0000-00-00,0000-00-00,0000-00-00,,,,,0,0,,no,,no,,,,
K1075,"KALI PLY",,NAUGACHIYA,"NAUGACHIYA",,Y,0,,0,N,0,219,O,"",,"NAUGACHIYA",,"",,,,,,,NAUGACHIYA,0,,,,,,0,0,,0,,,,0,0000-00-00,0000-00-00,0000-00-00,,,,853204,0,0,,no,,no,,,,
K1078,"KREST ARTIFACT",,INDRAPURAMGHAZIABAD,"INDRAPURAM,GHAZIABAD",,Y,0,0,0,N,0,,O,"",,"SHRI RAM MARKET SHOP NO.10 KALA PATHAR ROAD NAYA KHAND-II",,"",,,,,,ACSPG8446Q,INDRAPURAM,GHAZIABAD,0,,,dkumarfloatglassco@yahoo.com,,,0,0,,0,,,,0,0000-00-00,0000-00-00,0000-00-00,,,,,0,0,,no,,no,,,,
K1079,"KOKAL INTERIOR CONTRACTS PVT LTD",,Bangalore,"BANGALORE",S01405,Y,0,,0,N,0,553,O,"",,"C/O.THE LEMON TREE HOTELNEAR ULSOOR LAKEBANGALORE",,"",,,,,,,BANGALORE,0,,,,,,0,0,,0,,,,0,0000-00-00,0000-00-00,0000-00-00,,,,,0,0,,no,,no,,,,
K1083,"KAILASH PARBAT TRADING COMPANY",09822096968,AMBERNATH (W),"AMBERNATH (W)",,Y,1500000,45,0,N,0,331,D,"",,"SHOP NO.18OPP-NARAYAN TALKIESKALYAN - BADLAPUR ROADDIST - THANE",,"DINESH KHATWANI",,,,,,ACGPK4265K,AMBERNATH (W),0,,,khatwanidinesh1@gmail.com,,,0,0,,0,,,,0,0000-00-00,0000-00-00,0000-00-00,,,,421501,0,0,,no,,no,,,,
K1092,"KOKAL & ASSOCIATES",,JAIPUR-RAJASTHAN,"JAIPUR-RAJASTHAN",,Y,5000000,90,0,N,0,331,O,"",,"302 OCEAN APARTMENTKANTI CHANDRA ROADBANI PARK",,"",,,,,,,JAIPUR-RAJASTHAN,0,,,,,,0,0,,0,,,,0,0000-00-00,0000-00-00,0000-00-00,,,,302014,0,0,,no,,no,,,,
K1093,"KIRAN KHEREMIA",,NAHARAKATIA,"NAHARAKATIA",,Y,0,,0,N,0,,O,"",,"NAHARAKATIA",,"",,,,,,,NAHARAKATIA,0,,,,,,0,0,,0,,,,0,0000-00-00,0000-00-00,0000-00-00,,,,,0,0,,no,,no,,,,
K1096,"KUMAR RAJESH MOHANTY",,ROURKELLA,"ROURKELLA",,Y,0,,0,N,0,,O,"",,"",,"",,,,,,,ROURKELLA,0,,,,,,0,0,,0,,,,0,0000-00-00,0000-00-00,0000-00-00,,,,,0,0,,no,,no,,,,
K1097,"KRISHNA CONTINENTAL LIMITED",,NEW DELHI,"NEW DELHI",,Y,0,,0,N,0,,O,"",,"310-311BHANOT CORNER-1 PAMOSH ENCLAVE GREATOR KAILASH",,"",,,,,,AAACK5682K,NEW DELHI,0,,,,,,0,0,,0,,,,0,0000-00-00,0000-00-00,0000-00-00,,,,,0,0,,no,,no,,,,
K1101,"K.K.ENTERPRISES",9837812354,BULANDSHAHAR,"BULANDSHAHAR",S10014,Y,1500000,0,0,N,0,448,O,"",,"YADGAR POLICE CHOWKI KOTWALI CITY",,"BANSAL PLYWOOD",9897905732,,,,,AEYPK7934F,BULANDSHAHAR,0,,,kkplysanjiv@gmail.com,,,0,0,,0,,,,0,0000-00-00,0000-00-00,0000-00-00,,,,203001,0,0,,,,,,,,
K1102,"KAMAL TRADING CO",8322513504,Goa,"GOA",S01698;S01904,Y,0,0,0,N,0,553,D,"",,"SHOP NO 2 SANTOSH COMPLEX               QUEENY NAGAR VELSAO PALE               CANSAULIM",,"SITHSEN.L VISHWAKARMA",,,,,,ALSPV1886G,GOA,0,,,,,,0,0,,0,,,,0,1971-01-01,1971-01-01,1971-01-01,,,,403712,0,0,no,no,no,no,,,,
K1103,"KALIKA",0,BANKURA,"BANKURA",S01657;D02002,Y,0,0,0,N,0,457,O,"",,"LAL BAZAR  OPP POLICE PHARI",,"BIKASH BARAT",,,,,,0,BANKURA,0,,,0,,,0,0,,0,,,,0,0000-00-00,0000-00-00,0000-00-00,,,,722101,0,0,,no,,no,,,,
K1105,"KAMAL PLYWOOD ENTERPRISES",,NEW DELHI,"NEW DELHI",,Y,0,,0,N,0,,O,"",,"A218 RAMA MARKET PITAMPURA",,"",,,,,,AAQPB2922G,NEW DELHI,0,,,,,,0,0,,0,,,,0,0000-00-00,0000-00-00,0000-00-00,,,,,0,0,,no,,no,,,,
K1108,"KHANDELWAL TIMBER & PLYWOOD",9810422240,GURGAON,"GURGAON",,Y,0,0,0,N,0,,D,"",,"M.G.ROADVILLAGE-SIKANDERPUR ADJOINING-SIKANDERPUR METRO STATION",,"VIPUL KHANDELWAL",,,,,,AAVPK024414,GURGAON,0,,,,,,0,0,,0,,,,0,0000-00-00,0000-00-00,0000-00-00,,,,,0,0,,no,,no,,,,
K1114,"KONKAR PLYWOOD CENTRE",9822100539,Goa,"GOA",,Y,500000,60,0,N,0,553,D,"",,"GR. FLOOR GAURI APPTSCOLOMORODNAVELIM MARGAO",,"KIRAN KONKAR",0832-2939591,,,,,,GOA,0,,,,,,0,0,,0,,,,0,0000-00-00,0000-00-00,0000-00-00,,,,403707,0,0,,no,,no,,,,
K1121,"KHUSHIRAM SURENDER KUMAR",,GIDDARBAHAMUKTSAR,"GIDDARBAHA,MUKTSAR",,Y,0,,0,N,0,,O,"",,"MAIN BAZAR DISTRICT :-MUKTSAR",,"",,,,,,AAFFK6562N,GIDDARBAHA,MUKTSAR,0,,,,,,0,0,,0,,,,0,0000-00-00,0000-00-00,0000-00-00,,,,,0,0,,no,,no,,,,
K1129,"KOKAL INTERIOR CONTRACTS PVT LTD",,Chennai,"CHENNAI",,Y,2500000,60,0,N,0,331,O,"",,"MAYAPURI APPARTMENT BLOCK AFLAT NO.3 1ST FLOORSABARI STREETCHIPLAPAKKAM",,"IRSHAD",984969511,,,,,,CHENNAI,0,,,tc.harikesh@gmail.com,,,0,0,,0,,,,0,0000-00-00,0000-00-00,0000-00-00,,,,600064,0,0,,no,,no,,,,
K1137,"KHANDELWAL ENTERPRISES",9005096575,SHAHJAHANPUR,"Shahjahanpur",,Y,0,0,18361,N,0,,D,"",,"NEAR BANWARI LAL JEWELLERS SADAR BAZAR",,"SHUBHAM KHANDELWAL",,,,,,ABUPG7668M,SHAHJAHANPUR,0,,,shahjahanpur@sify.com,,,0,0,,0,,,,0,0000-00-00,0000-00-00,0000-00-00,,,,,0,0,,no,,no,,,,
K1145,"KWALITY PLYWOOD",9837610037,SAHARANPUR,"Saharanpur",,Y,0,0,0,N,0,,D,"",,"NEAR SWATI AUTO MOBILES DELHI ROAD",,"MONTI ARORA",,,,,,AGZPA9968J,SAHARANPUR,0,,,kwalityddn@yahoo.com,,,0,0,,0,,,,0,0000-00-00,0000-00-00,0000-00-00,,,,,0,0,,no,,no,,,,
K1158,"KANANHITH PRODUCTS",,BELGAUM,"BELGAUM",,Y,1500000,60,0,N,0,553,D,"",,"C19 K S S I D C KHANAPURDIST-BELGAUM",,"",,,,,,,BELGAUM,0,,,,,,0,0,,0,,,,0,0000-00-00,0000-00-00,0000-00-00,,,,591302,0,0,,no,,no,,,,
K1167,"K.P.INTERIORS",,MUMBAI,"MUMBAI",,Y,2000000,45,0,N,0,331,P,"",,"116 BHOLA BHAGWAN INDUSTRIAL EST.I.B.PATEL ROAD GOREGAON (EAST)",,"JATIN MISTRY",26852232,,,,,AFPPM4427F,MUMBAI,0,,,kpinterior@gmail.com,,,0,0,,0,,,,0,0000-00-00,0000-00-00,0000-00-00,,,,400063,0,0,,no,,no,,,,
K1169,"KRAFT CONSTRUCTIONS",9416013131,SONEPAT,"SONEPAT",,Y,7000000,45,0,N,0,,O,"P566",,"447/31NEW COURT ROAD ASHOK VIHAR SONEPAT(HR)",,"",,,,,,AAIFK1492J,SONEPAT,0,,,rajivmittal1984@gmail.com,,,0,0,,0,,,,0,0000-00-00,0000-00-00,0000-00-00,,,,,0,0,,no,,no,,,,
K1171,"KRISHNA PLY & HARDWARE PVT.LTD.",,LUCKNOW,"LUCKNOW",,Y,0,0,0,N,0,447,D,"",,"102/25KRISHNA PLAZA                    SHIVAJI MARG HEWETT ROAD",,"ANURAG AGARWAL",9839122490,,,,,AAECK5421G,LUCKNOW,0,,,,,,0,0,,0,,,,0,0000-00-00,0000-00-00,0000-00-00,,,,226001,0,0,,,,,,,,
K1173,"KAMINI DREAM HOME (P) LTD",8271048161,PATNA,"PATNA",,Y,100000,30,0,N,0,219,P,"",,"NEAR R.P.S. MORE BAILEY ROAD",,"",6126570951,,,,,ACKPN7063J,PATNA,0,,,,,,0,0,,0,,,,0,0000-00-00,0000-00-00,0000-00-00,,,,831503,0,0,,no,,no,,,,
K1181,"KASHYAPI INFRASTRUCTURE (P) LTD.",8595421905,GHAZIABAD,"GHAZIABAD",S10155,Y,0,0,0,N,0,441,P,"",,"12/45VASUNDHRA",,"VINOD PANDEY",9599255812,,,,,AADCK3785A,GHAZIABAD,0,,,kashyapi.infra@ymail.com,,,0,0,,0,,,,0,0000-00-00,0000-00-00,0000-00-00,,,,201012,0,0,no,no,,no,,,,
K119,"KAPOOR JEWELLERS",,,"",,Y,0,,0,N,0,,O,"",,"",,"",,,,,,,,0,,,,,,0,0,,0,,,,0,0000-00-00,0000-00-00,0000-00-00,,,,,0,0,,no,,no,,,,
K1191,"KALAKRITI CONSTRUCTION",9304377767,PATNA,"PATNA",S01386,Y,300000,30,0,N,0,219,O,"",,"79 GANDHI PATH NEHRUNAGARIndia",,"SHYAM PRASD",,,,,,AAJFK9813E,PATNA,0,,,,,,0,0,,0,,,,0,0000-00-00,0000-00-00,0000-00-00,,,,800013,0,0,,no,,no,,,,
K1193,"KOKAL INTERIOR CONTRACTS PVT. LTD.",,Pune,"PUNE",,Y,5000000,30,0,N,0,331,P,"",,"SURVEY NO:32/3ABAVDHAN BUDRUKMUMBAI BANGALORE NATIONAL HIGHWAY",,"P.T. RAKSHE",64730321,,,,,,PUNE,0,,,,,,0,0,,0,,,,0,0000-00-00,0000-00-00,0000-00-00,,,,411021,0,0,,no,,no,,,,
K1194,"KAMLESHRATHORESIKSHAWAVMSAMAJUTTHANSEVASAMITI",9329413039,SAGAR,"SAGAR",,Y,1000000,30,0,N,0,446,P,"",,"17/39 SADAR BAZAR",,"",,,,,,ABGFS7950L,SAGAR,0,,,,,,0,0,,0,,,,0,0000-00-00,0000-00-00,0000-00-00,,,,,0,0,,no,,no,,,,
K1196,"KOKAL INTERIOR CONTRACTS PVT.LTD (GUWAHATI)",9508599240,GUWAHATI,"GUWAHATI",,Y,5000000,45,0,N,0,331,P,"",,"DR.BINOY KUMAR TAMULY PETHPAUDBARI GOTA NAGAR BASANT KUNJ",,"",,,,,,,GUWAHATI,0,,,,,,0,0,,0,,,,0,0000-00-00,0000-00-00,0000-00-00,,,,786125,0,0,,no,,no,,,,
K1205,"KANHAIYA TIMBER & PLYWOOD",9999057612,GREATER NOIDA,"GREATER NOIDA",S10155,Y,0,0,0,N,0,441,P,"",,"U V B-11UDYOG VIHAR BUILDING MKT  India",,"AJAY KUMAR",,,,,,ASNPK9440K,GREATER NOIDA,0,,,contact@kanhaiyagroup.com,,,0,0,,0,,,,0,0000-00-00,0000-00-00,0000-00-00,,,,201306,0,0,no,no,,no,,,,
K1206,"KUTIR PROJECTS PVT LTD",9334102353,PATNA,"PATNA",,Y,200000,30,0,N,0,219,D,"",,"13/1 ANANDPURIWEST BORING CANAL ROADIndia",,"ASHOK KUMAR SINHA",,,,,,AAECK8390C,PATNA,0,,,kutirhousing@gmail.com,,,0,0,,0,,,,0,0000-00-00,0000-00-00,0000-00-00,,,,800001,0,0,,no,,no,,,,
K1209,"KALPATARU PLYWOOD",8421494984,KOLHAPUR,"KOLHAPUR",,Y,1500000,30,0,N,0,331,D,"",,"VIJAYA HSG.SOCIETYWADANGETAL:KARVEER DIST:KOLHAPUR",,"YASHWANT PARIT",,,,,,AATFM8407C,KOLHAPUR,0,,,sandipkolekar07@gmail.com,,,0,0,,0,,,,0,0000-00-00,0000-00-00,0000-00-00,,,,416005,0,0,,no,,no,,,,
K1210,"KHIMJI FLOW EQUIPMENTS PRIVATE LIMITED",,HUBLI,"HUBLI",,Y,0,0,0,N,0,553,P,"",,"AKSHAY ENCLAVEKUSUGAL ROADIndia",,"",,,,,,,HUBLI,0,,,,,,0,0,,0,,,,0,0000-00-00,0000-00-00,0000-00-00,,,,580023,0,0,,no,,no,,,,
K1218,"KWALITY MART PVT.LTD.",9358101490,DEHRADUN,"DEHRADUN",,Y,5000000,45,0,N,0,,O,"K975",,"12GANDHI ROAD  India",,"SUNIL GOYAL",,,,,,AADCK6345A,DEHRADUN,0,,,kwalityddn@yahoo.com,,,0,0,,0,,,,0,0000-00-00,0000-00-00,0000-00-00,,,,,0,0,,no,,no,,,,
K1223,"KBR GROUP",9718651416,NEW DELHI,"NEW DELHI",,Y,1000000,30,0,N,0,331,O,"",,"Village - Dhool SirasSector - 24 Dwarka Phase - 2",,"",,,,,,ALVPC82994,New Delhi,0,,,kbrgroup82@yahoo.in,,,0,0,,0,,,,0,0000-00-00,0000-00-00,0000-00-00,,,,110077,0,0,,no,,no,,,,
K1225,"KESHARWANI HARDWARE CENTRE",,SULTANPUR,"Sultanpur",,Y,0,0,0,N,0,447,D,"",,"NEAR BADAM MANDISHAHGANJ",,"SANJAY KESWAWANI",7007672494,,,,,AFFPK8149A,SULTANPUR,0,,,kesarwanihardwares@gmail.com,,,0,0,,0,,,,0,0000-00-00,0000-00-00,0000-00-00,,,,228001,0,0,,,,,,,,
K1227,"KEDIA TIMBER AND PLYWOOD",9425056185,INDORE,"INDORE",,Y,0,30,0,N,0,446,D,"",,"508 G.N.T MARKET LABHIRYA BHERUBEHIND UIOIN HOSPITAL",,"VIKAS KEDIA",07314057322,,,,,AGAPK9480A,INDORE,0,,,vikaskedia999@gmail.com,,,0,0,,0,,,,0,0000-00-00,0000-00-00,0000-00-00,,,,452001,0,0,,no,,no,,,,
K1230,"KHAZANA JEWELLERY PVT LTD",9884686776,PITAMPURA,"PITAMPURA",S01405,Y,0,30,0,N,0,553,O,"",,"PLOT NO.370 KOHAT ENCLAVEKOHAT ENCLAVE KOHAT ENCLAVEIndia",,"",,,,,,,PITAMPURA,0,,,s.arun@khazanajwellery.com,,,0,0,,0,,,,0,0000-00-00,0000-00-00,0000-00-00,,,,110034,0,0,,no,,no,,,,
K1232,"KAARMIK INDUSTRIES PVT.LTD.",9810006554,NEW DELHI,"NEW DELHI",S10153,Y,0,0,0,N,0,441,P,"",,"TA-3107STREET NO.4 GF-TUGHLAKABAD EXTN. India",,"",,,,,,AAECK9026F,NEW DELHI,0,,,,,,0,0,,0,,,,0,0000-00-00,0000-00-00,0000-00-00,,,,110019,0,0,no,no,,no,,,,
K1234,"KIARRA DESIGNS",,MUMBAI,"MUMBAI",,Y,1500000,30,0,N,0,331,O,"",,"Shop No:7 Chheda Arcade S.V.RoadKhira Nagar  Santacruz (W)India",,"",,,,,,,Mumbai,0,,,kiarasibu@gmail.com,,,0,0,,0,,,,0,0000-00-00,0000-00-00,0000-00-00,,,,400054,0,0,,no,,no,,,,
K1235,"KMV PROJECTS LTD.",09676802929,JAIPUR,"JAIPUR",S10010,Y,0,0,0,N,0,441,P,"",,"14/159NITI NAGAR MALVIYA NAGAR India",,"",,,,,,AADCK0785C,JAIPUR,0,,,purchase@kmvprojects.com,,,0,0,,0,,,,0,0000-00-00,0000-00-00,0000-00-00,,,,302017,0,0,no,no,,no,,,,
K1237,"K.H.JANGID",09448655951,BIJAPUR,"BIJAPUR",,Y,1500000,60,0,N,0,553,O,"",,"R.S.#52 SHOP #4 P.D.CHAVAN COMPLEXBANJARA CROSS SOLAPUR ROADIndia",,"",,,,,,AIIPJ3623Q,BIJAPUR,0,,,ramgopaljangid42@gmail.com,,,0,0,,0,,,,0,0000-00-00,0000-00-00,0000-00-00,,,,586101,0,0,,no,,no,,,,
K124,"KHUSI RAM SOOD & SONS",9811161188,NEW DELHI,"NEW DELHI",S10042,Y,0,0,0,N,0,441,O,"",,"1/66WHS KIRTI NAGAR MAIN ROAD",,"",,,,,,AAFFK8239G,NEW DELHI,0,,,,,,0,0,,0,,,,0,0000-00-00,0000-00-00,0000-00-00,,,,110015,0,0,no,no,,no,,,,
K1243,"KARTHIKEY OVERSEAS",7869912209,BHOPAL,"BHOPAL",,Y,1500000,30,0,N,0,446,P,"",,"32A MAHABALI NAGARKOLAR ROADIndia",,"",,,,,,AHVPP4463G,BHOPAL,0,,,sales@karthikeyaoverseas.com,,,0,0,,0,,,,0,0000-00-00,0000-00-00,0000-00-00,,,,462042,0,0,,no,,no,,,,
K1244,"K.K.CORPORATION",9820093148,GURGAON,"GURGAON",S10008,Y,0,45,0,N,0,441,P,"",,"SKYCON B-BLOCKSECTOR-60",,"SAILESH KUMAR",,,,,,AAIFK5629B,GURGAON,0,,,kkcorporation2007@gmail.com,,,0,0,,0,,,,0,0000-00-00,0000-00-00,0000-00-00,,,,122001,0,0,no,no,,no,,,,
K1248,"KAMLADITYA CONSTRUCTION PVT LTD.",9470924195,BOKARO,"BOKARO",,Y,0,0,0,N,0,222,P,"",,"kamla awas201co opeartive colonyIndia",,"",,,,,,,BOKARO,0,,,kcpl19@gamil.com,,,0,0,,0,,,,0,0000-00-00,0000-00-00,0000-00-00,,,,827001,0,0,,no,,no,,,,
K1249,"KASHMIR TIMBER TRADERS",9334800467,JAMSHEDPUR,"JAMSHEDPUR",,Y,0,30,0,N,0,222,D,"",,"near railway crossingjugsalaiIndia",,"U.K. CHAPRATH",6572293031,,,,,AABFK6155D,jamshedpur,0,,,ktt_jsr@yahoo.co.in,,,0,0,,0,,,,0,0000-00-00,0000-00-00,0000-00-00,,,,831006,0,0,,no,,no,,,,
K1256,"KAMDHENU LAMINATES & PLYWOOD",09422045521,Nanded,"Nanded",,Y,1500000,7,0,N,0,331,D,"",,"Shop No:51/52Tarasing Market",,"TEST FP",9999888899,,,,,AAEPK50539,Nanded,0,,,ckamdhenu@gmail.com,,,0,0,,0,,,,0,0000-00-00,0000-00-00,0000-00-00,,,,431601,0,0,,no,,no,,,,
K1257,"KUBER HARDWARE",9950028985,SUMERPUR,"SUMERPUR",,Y,1000000,30,0,N,0,,D,"",,"NO.12GANESH MARGGANDHI CHOWKSUMERPUR (PALI)India",,"SURESH SUTHAR",02933-254046,,,,,BHXPS3752A,SUMERPUR,0,,,kuberhardware@gmail.com,,,0,0,,0,,,,0,0000-00-00,0000-00-00,0000-00-00,,,,306902,0,0,,no,,no,,,,
K1258,"KHUSHBOO PLYWOOD INDUSTRIES",9996155722,YAMUNANAGAR,"YAMUNANAGAR",,Y,0,30,0,N,0,,O,"",,"KAMI MAZRA KHAJURI ROAD  India",,"",,,,,,AHAPD7256Q,YAMUNANAGAR,0,,,khusbooplywood43@gmail.com,,,0,0,,0,,,,0,0000-00-00,0000-00-00,0000-00-00,,,,,0,0,,no,,no,,,,
K126,"KANWAR SAIN BABU LAL TIMBERS(P)LTD.",,MEERUT,"MEERUT",S10142,Y,0,0,0,N,0,448,D,"",,"MOHKAMPUR IND.AREANEAR A                NEAR AMAR UJALADELHI ROAD",,"AMIT BANSAL",,,,,,AABCK5387L,MEERUT,0,,,,,,0,0,,0,,,,0,0000-00-00,0000-00-00,0000-00-00,,,,250003,0,0,,,,,,,,
K1261,"KRISHNA TIMBER CO.",9831028837,KOLKATA,"KOLKATA",D02002,Y,0,45,0,N,0,457,D,"",,"19 Rakhal Das Auddy Road  India",,"PARESH PATEL",,,,,,AAGFK2695B,Kolkata,0,,,ktcomp@gmail.com,,,0,0,,0,,,,0,0000-00-00,0000-00-00,0000-00-00,,,,700027,0,0,,no,,no,,,,
K1264,"KMA TRADERS",9846162184,PERUMBAVOOR,"PERUMBAVOOR",,Y,0,15,0,N,0,,O,"",,"VATTAKKATTUPADY OM ROAD PERUMBAVOOR India",,"",,,,,,AMWPM7777L,PERUMBAVOOR,0,,,ramjaju67@gmail.com,,,0,0,,0,,,,0,0000-00-00,0000-00-00,0000-00-00,,,,,0,0,,no,,no,,,,
K1266,"KAMLAWATI PLY CENTRE",9835109294,DHANBAD,"DHANBAD",,Y,0,30,0,N,0,222,D,"",,"BARWA ROADBARTANDIndia",,"ANANT KUMAR SINHA",,,,,,ASHPS5037L,DHANBAD,0,,,anantkumarsinha726@gmail.com,,,0,0,,0,,,,0,0000-00-00,0000-00-00,0000-00-00,,,,826001,0,0,,no,,no,,,,
K127,"KAMALESHWARI BHATT",,,"",,Y,0,,0,N,0,,O,"",,"NEW DELHI",,"",,,,,,,,0,,,,,,0,0,,0,,,,0,0000-00-00,0000-00-00,0000-00-00,,,,,0,0,,no,,no,,,,
K1274,"KULDEEP TRADING COMPANY",9896442502,HISAR,"HISAR",,Y,0,0,0,N,0,,D,"",,"DOGRAN BAZAR  India",,"SANJAY SHARMA",,,,,,AALFK6655J,HISAR,0,,,kuldeep.greenply@gmail.com,,,0,0,,0,,,,0,0000-00-00,0000-00-00,0000-00-00,,,,,0,0,,no,,no,,,,
K1275,"KALKA PLY WORLD",9872833444,CHANDIGARH,"CHANDIGARH",,Y,3000000,30,0,N,0,,D,"",,"SCO-2943-44SECTOR-22C",,"AMIT GUPTA",,,,,,AANHA5157K,CHANDIGARH,0,,,kalkaplyworld@gmail.com,,,0,0,,0,,,,0,0000-00-00,0000-00-00,0000-00-00,,,,,0,0,,no,,no,,,,
K1276,"KULTURE INTERIOR INFRASTRUCTURE",8886664444,HYDERABAD,"HYDERABAD",S01700,Y,4000000,45,0,N,0,554,O,"",,"8-3-833/3/1 KMALAPURI COLONY YELLAREDDYGUDA",,"PRAFUL JAIN",,,,,,AGTPJ1456C,HYDERABAD,0,,,vaibhavlaminates@yahoo.co.in,,,0,0,,0,,,,0,0000-00-00,0000-00-00,0000-00-00,,,,,0,0,,no,,no,,,,
K1277,"KASANA BUILDERS PVT.LTD.",9555703175,EAST DELHI,"EAST DELHI",S10008,Y,0,30,0,N,0,441,P,"",,"F-149NEW SEELAMPUR SHAHDRA",,"NARENDER PANWAR",,,,,,AADCK2960P,EAST DELHI,0,,,superid4@gmail.com,,,0,0,,0,,,,0,0000-00-00,0000-00-00,0000-00-00,,,,110053,0,0,no,no,,no,,,,
K1280,"KRISLUR CASTOMECH PVT LTD",9825205843,Bhavnagar,"BHAVNAGAR",,Y,40000,45,0,N,0,332,P,"",,"PLOT NO K 1/184 GIDC CHITRA",,"NALIN MEHTA",,,,,,AADCK1995Q,BHAVNAGAR,0,,,nalin@krislur.com,,,0,0,,0,,,,0,0000-00-00,0000-00-00,0000-00-00,,,,364004,0,0,,,,no,,,,
K1284,"KANSAL TIMBERS",9837035492,PILAKHWA-HAPUR,"PILAKHWA-HAPUR",,Y,500000,30,0,N,0,,O,"",,"MALIYON KA MANDIR GARH ROAD",,"ANUJ KUMAR GARG",,,,,,AAQFK1715Q,PILAKHWA-HAPUR,0,,,akinternational@gmail.com,,,0,0,,0,,,,0,0000-00-00,0000-00-00,0000-00-00,,,,,0,0,,no,,no,,,,
K1298,"KOHLI TIMBER & PLYWOOD",9896900004,KURUKSHETRA,"KURUKSHETRA",,Y,0,30,0,N,0,,D,"",,"PLOT NO.21IND.AREA SECTOR-2 India",,"ANMOL KOHLI",,,,,,DUMPK9465E,KURUKSHETRA,0,,,kohliplywood@gmail.com,,,0,0,,0,,,,0,0000-00-00,0000-00-00,0000-00-00,,,,,0,0,,no,,no,,,,
K1304,"K.S.TRADING COMPANY",9419181167,JAMMU,"JAMMU",,Y,3000000,0,0,N,0,454,D,"",,"OPP.BAKSHI NAGAR BRIDGEAKHNOOR ROAD",,"KAPIL SARAFKAPIL SARAF",,,,,,ACLPS5300C,JAMMU,0,,,me.amitmahajan@gmail.com,,,0,0,,0,,,,0,0000-00-00,0000-00-00,0000-00-00,,,,180016,0,0,,no,,no,,,,
K1306,"KANTI TRADING COMPANY",9214401401,BIKANER,"BIKANER",S10109,Y,0,0,0,N,0,427,D,"",,"DAUJI ROAD DO PEER KE PASS DAUJI ROAD",,"SHANTI LAL NAHATA",,,,,,BEYPD4382K,BIKANER,0,,,kantitrading3@gmail.com,,,0,0,,0,,,,0,0000-00-00,0000-00-00,0000-00-00,,,,334001,0,0,,,,,,,,
K1307,"KALYANI SALES",9970886766,NAGPUR,"NAGPUR",,Y,1500000,30,0,N,0,,D,"",,"PLOT NO 43 TO 48 BHANDARA ROAD NEAR LAKHADGANJ POLICE STN",,"VIPUL PATEL",,,,,,ABCFM7383H,NAGPUR,0,,,ngp.kalyanisales@gmail.com,,,0,0,,0,,,,0,0000-00-00,0000-00-00,0000-00-00,,,,,0,0,,no,,no,,,,
K1310,"KUMAR TIMBER TRADERS",9811394513,GHAZIABAD,"GHAZIABAD",,Y,1000000,30,0,N,0,,D,"",,"346SEWA NAGAR MEERUT ROAD India",,"ANISH AGARWAL",,,,,,ABCPA7915K,GHAZIABAD,0,,,kumartimbertraders@gmail.com,,,0,0,,0,,,,0,0000-00-00,0000-00-00,0000-00-00,,,,,0,0,,no,,no,,,,
K1317,"K.R.GLASS  PLYWOOD",9837069031,HALDWANI,"HALDWANI",S10282,Y,1000000,30,0,N,0,448,D,"",,"SEESH MAHAL ROAD  India",,"RAJAT KUMAR GARG",,,,,,AAEFK5560F,HALDWANI,0,,,krplyglass@gmail.com,,,0,0,,0,,,,0,0000-00-00,0000-00-00,0000-00-00,,,,263139,0,0,,,,,,,,
K1329,"KRISHNA BUILDER",7978229578,JATNIDistt:-KHURDA,"JATNI,Distt:-KHURDA",,Y,1000000,30,0,N,0,,P,"",,"Ist Floor PLOT No.260 WARD No.10HOLDING No.437 India",,"PARVEEN MITTAL",,,,,,AFCPP1603F,JATNI,Distt:-KHURDA,0,,,kbpurchase1@gmail.com,,,0,0,,0,,,,0,0000-00-00,0000-00-00,0000-00-00,,,,,0,0,,no,,no,,,,
K1335,"KUMAR INTERIOR & EXTERIORS",9315396933,TOHANA,"TOHANA",,Y,0,0,0,N,0,,O,"",,"NEAR JAGGAN NATH PATROL PUMP WARD NO-2 OPP. UBOI CHANDIGARH ROAD",,"PARUSHOTAM KUMAR",,,,,,AGKPJ5668B,TOHANA,0,,,parushotam@gmail.com,,,0,0,,0,,,,0,0000-00-00,0000-00-00,0000-00-00,,,,,0,0,,no,,no,,,,
K1346,"KOHLI WOODS",9896900004,KURUKSHETRA,"KURUKSHETRA",,Y,0,0,0,N,0,,D,"",,"PLOT NO - 21 INDUSTRIAL AREA SECTOR-2 India",,"SANDEEP KOHLI",,,,,,AATFK2548L,KURUKSHETRA,0,,,anmolkohli33@gmail.com,,,0,0,,0,,,,0,0000-00-00,0000-00-00,0000-00-00,,,,,0,0,,no,,no,,,,
K1347,"KAPIL TIMBER & PLYWOOD",9837221822,MATHURA,"MATHURA",,Y,700000,30,0,N,0,,D,"",,"VIKAS NAGARHIGHWAY PLAZA NH-2India",,"KAPIL KUMAR AGRAWAL",,,,,,AAOFK4928R,MATHURA,0,,,prateek_mittal31@yahoo.co.in,,,0,0,,0,,,,0,0000-00-00,0000-00-00,0000-00-00,,,,281004,0,0,,no,,no,,,,
K1348,"KANDAKATLA GLASS AND PLYWOODS",,WARANGAL URBAN,"WARANGAL URBAN",S01700,Y,0,0,0,N,0,554,D,"",,"SURVEY NO 564/C/1 NH 163               WARANGAL TO HYD ROAD RAMPUR",,"KANDAKATLA NARSIMHA RAO",9866671098,,,,,ADFPK3878E,WARANGAL URBAN,0,,,,,,0,0,,0,,,,0,0000-00-00,0000-00-00,0000-00-00,,,,506151,0,0,,,,,,,,
K1351,"KALYANI SALES.",9338414057,BHUBANESWAR,"BHUBANESWAR",,Y,0,30,900046,N,0,,D,"",,"PLOT NO 1013 NEAR RAJDHANI GAS NH- 5 NAYAPALLI India",,"VIKASH AGARWAL",,,,,,AFTPA3611D,BHUBANESWAR,0,,,kalyanisales7@gmail.com,,,0,0,,0,,,,0,0000-00-00,0000-00-00,0000-00-00,,,,,0,0,,no,,no,,,,
K1368,"K.P. LIME AND PLASTER",9437020362,CUTTACK,"CUTTACK",,Y,2800000,30,1929304,N,0,,D,"",,"Plot No-1046  Mahanadi Vihar  India",,"PUSHPA AGARWAL",,,,,,AASPA3551C,Cuttack,0,,,kplimeplaster@gmail.com,,,0,0,,0,,,,0,0000-00-00,0000-00-00,0000-00-00,,,,,0,0,,no,,no,,,,
K1375,"KUMAR ALUMINIUM & PLYWOOD",9835223011,PATNA,"PATNA",D01926,Y,500000,30,0,N,0,219,D,"",,"BYPASS ROAD BEUR MORE NEAR PUNJAB NATIONAL BANK",,"SANTOSH KUMAR",,,,,,ABFFM6245B,PATNA,0,,,santoshkmr287@gmail.com,,,0,0,,0,,,,0,0000-00-00,0000-00-00,0000-00-00,,,,800002,0,0,,,,no,,,,
K1383,"K J PACKAGING",9978441404,RAJKOT,"RAJKOT",,Y,500000,45,0,N,0,332,O,"",,"RAMESHWARE 2 PLOT NO 30-BSURVEY NO 133B/H SANGAM TECHNOCAST",,"KRUNAL PANSURIYA",9978441404,,,,,AIEPP6674R,RAJKOT,0,,,krunalpansuriya@yahoo.com,,,0,0,,0,,,,0,0000-00-00,0000-00-00,0000-00-00,,,,360024,0,0,,no,,no,,,,
K1387,"KAMLA PLYWOOD AND HARDWARE",9897467755,FIROZABAD,"FIROZABAD",,Y,300000,30,0,N,0,,D,"",,"45/46 VIMAL JAIN SHOPPING COMPLEXBYEPASS ROAD",,"ANKUR MITTAL",8476954856,,,,,AKKPM7260J,FIROZABAD,0,,,ankurkamlaplywood@gmail.com,,,0,0,,0,,,,0,0000-00-00,0000-00-00,0000-00-00,,,,283203,0,0,,no,,no,,,,
K1392,"K PLY HOME",,GORAKHPUR,"GORAKHPUR",S10221,Y,0,0,0,N,0,447,D,"",,"SHOP NO. - 2 CHINMAY NURSING HOME        BETIAHATA CHOWK BETIAHATA",,"RAJ KUMAR NEMANI",,,,,,ADFPN5679Q,GORAKHPUR,0,,,,,,0,0,,0,,,,0,0000-00-00,0000-00-00,0000-00-00,,,,273001,0,0,,,,,,,,
K1394,"KAMLESH ENTERPRISES",9837094688,KASGANJ,"KASGANJ",S10230;D10503,Y,0,0,0,N,0,448,O,"",,"SORON GATE KASGANJ                     KANSHIRAM NAGAR",,"KAMLESH AGARWAL",,,,,,AAWPA2500P,KASGANJ,0,,,viahalb2@gmail.com,,,0,0,,0,,,,0,1971-01-01,1971-01-01,1971-01-01,,,,207123,0,0,no,no,no,no,,,,
K1402,"KAPOOR PLYWOOD STORE",9837408950,MUZAFFARNAGAR,"MUZAFFARNAGAR",S10230,Y,0,0,0,N,0,448,D,"",,"43 PEERJADGAYAN LOHIT BAZAR",,"SANJAY KAPOOR",9837408950,,,,,ABBPK6260A,MUZAFFARNAGAR,0,,,ajaykapoor2805@gmail.com,,,0,0,,0,,,,0,0000-00-00,0000-00-00,0000-00-00,,,,251001,0,0,,,,,,,,
K1408,"K.K PLYWOOD & HARDWARE",9177745119,VISAKHAPATNAM,"VISAKHAPATNAM",S01700,Y,1500000,45,0,N,0,525,D,"",,"4-55/1 CHANDRAM PALEM MADURAVADA",,"PARAMESH",,,,,,AZJPA5676L,VISAKHAPATNAM,0,,,kkarisetty@gmail.com,,,0,0,,0,,,,0,0000-00-00,0000-00-00,0000-00-00,,,,530041,0,0,,no,,no,,,,
K1411,"KUMAR SALES",9810148122,NOIDA,"NOIDA",S10015,Y,0,0,0,N,0,451,O,"",,"C-70SECTOR-4",,"MUKESH GUPTA",,,,,,AAGFK3989G,NOIDA,0,,,kumarsalesnoida@gmail.com,,,0,0,,0,,,,0,0000-00-00,0000-00-00,0000-00-00,,,,201301,0,0,,,,no,,,,
K1414,"KANSAL GREENTECH INDIA",7777008001,EAST DELHI,"EAST DELHI",S10015,Y,500000,15,0,N,0,451,D,"",,"GROUND FLOOR F-4A MADHU VIHAR",,"PARDEEP GUPTA",,,,,,AAEPG4458J,EAST DELHI,0,,,kartikgupta0181@gmail.com,,,0,0,,0,,,,0,0000-00-00,0000-00-00,0000-00-00,,,,110092,0,0,,,,no,,,,
K1416,"KESHAV PLY AND DOORS LLP",9212332803,NOIDA,"NOIDA",S10015,Y,0,0,0,N,0,451,D,"",,"B-19 SECTOR-8 GAUTAM BUDDHA NAGAR",,"MAYANK KUMAR SINGHAL",,,,,,AAQFK6109C,NOIDA,0,,,keshavply@yahoo.com,,,0,0,,0,,,,0,0000-00-00,0000-00-00,0000-00-00,,,,201301,0,0,,,,no,,,,
K1420,"KRISHNA TRADING COMPANY.",7417107699,PATNA,"PATNA",S01386,Y,0,0,0,N,0,219,O,"",,"C/O RAKHI GUPTA EXIBITION ROAD EXIBITION ROADPILER NO 12",,"AKASH JAISWAL",7417107699,,,,,AZWPJ2508D,PATNA,0,,,login2krishnatraders@gmail.com,,,0,0,,0,,,,0,0000-00-00,0000-00-00,0000-00-00,,,,800001,0,0,,no,,no,,,,
K1422,"K B INTERIORS",9800370300,PURULIA,"PURULIA",S01519,Y,0,0,0,N,0,221,D,"",,"OLD POLICE LINE NEAR SHIV DURGA MANDIR",,"MONIMALA DUTTA",,,,,,AQDPD2333G,PURULIA,0,,,kbinteriorsprl@gmail.com,,,0,0,,0,,,,0,0000-00-00,0000-00-00,0000-00-00,,,,723101,0,0,,,,no,,,,
K1424,"KAMLA TIMBER PRODUCTS",9997688144,MATHURA,"MATHURA",S10221,Y,0,0,0,N,0,447,O,"",,"0BHUTESHWAR ROAD",,"AARAT MITTAL",,,,,,AAHFK0856H,MATHURA,0,,,ktpsanjay@gmail.com,,,0,0,,0,,,,0,0000-00-00,0000-00-00,0000-00-00,,,,281001,0,0,,no,,no,,,,
K1426,"KAJAL FURNITURE",8292210400,Deoghar,"DEOGHAR",,Y,0,0,0,N,0,222,D,"",,"HOUSE NO-158 WARD NO.33 NEW COLONYCBBIT KARNIBAG",,"MANISH SHARMA",,,,,,CPAPS8964Q,DEOGHAR,0,,,smk33852@gmail.com,,,0,0,,0,,,,0,0000-00-00,0000-00-00,0000-00-00,,,,814112,0,0,,no,,no,,,,
K1433,"KASAMBHAI ISMAILBHAI TRAPBAN",9377771231,RAJKOT,"RAJKOT",,Y,0,0,0,N,0,332,O,"",,"POLICE HEADQUTERS BLOCK NO 13/618        JAMNAGAR ROAD RAJKOT",,"SAMBHAI ISMAILBHAI TRAPBAN",,,,,,ACDPT6678A,RAJKOT,0,,,,,,0,0,,0,,,,0,1971-01-01,1971-01-01,1971-01-01,,,,360002,0,0,no,no,no,no,,,,
K1434,"KAKA PLY",9831252712,KOLKATA,"KOLKATA",S01519,Y,2000000,30,0,N,0,457,D,"",,"22/H/S CANAL EAST ROAD",,"SUSHIL KUMAR BOTHRA",,,,,,ABCPB8281B,KOLKATA,0,,,kakaply103@gmail.com,,,0,0,,0,,,,0,0000-00-00,0000-00-00,0000-00-00,,,,700067,0,0,,,,no,,,,
K1439,"KRISHNA ASSOCIATES",9826541850,JABALPUR,"JABALPUR",S01438;D01941,Y,0,0,0,N,0,446,D,"",,"1108 NARSINGH WARD                      MADAN MAHAL",,"RAJESH KUMAR GULATEE",,,,,,AAWHR6742J,JABALPUR,0,,,krishnatrdcomp@ymail.com,,,0,0,,0,,,,0,1971-01-01,1971-01-01,1971-01-01,,,,482001,0,0,no,no,no,no,,,,
K1440,"KRISHNA BEARING CO.",8905009990,SHAPAR(VERAVAL),"SHAPAR(VERAVAL)",,Y,300000,30,0,N,0,317,O,"",,"SURVEY NO 116 PLOT NO 3-B OPP OPP SHANTIDHAM S.I.D.C.MAIN ROAD",,"BHARAT BHAI",,,,,,AAIFK6223B,SHAPAR(VERAVAL),0,,,hemanshuraval@gmail.com,,,0,0,,0,,,,0,0000-00-00,0000-00-00,0000-00-00,,,,360024,0,0,,,,no,,,,
K1441,"KHUSBHU PLYOOD EMPORIUM",9414675601,JHUNJHUNU,"JHUNJHUNU",D10344;D10350,Y,0,0,0,N,0,427,D,"",,"NARNAUL ROAD BHUANA STAND               SINGHANA",,"BABU LAL",,,,,,AIDPL4780H,JHUNJHUNU,0,,,deepujangir935826@gmail.com,,,0,0,,0,,,,0,1971-01-01,1971-01-01,1971-01-01,,,,333516,0,0,no,no,no,no,,,,
K1441,"KHUSBHU PLYOOD EMPORIUM",9414675601,SINGHANA-JHUNJHUNU,"SINGHANA-JHUNJHUNU",D10344;D10350,Y,0,0,0,N,0,427,D,"",,"NARNAUL ROAD BHUANA STAND               SINGHANA",,"BABU LAL",,,,,,AIDPL4780H,JHUNJHUNU,0,,,deepujangir935826@gmail.com,,,0,0,,0,,,,0,1971-01-01,1971-01-01,1971-01-01,,,,333516,0,0,no,no,no,no,,,,
K1445,"KRISHNA HARDWARE AND GLASS",9044253109,MIRZAPUR,"MIRZAPUR",S10221,Y,0,0,0,N,0,447,D,"",,"INFRONT OF DR. KASHI PRASAD JAISWAL INTER COLLEGE LALDIGGI ROAD",,"KRISHNA KASERA",,,,,,EJJPK7435R,MIRZAPUR,0,,,kk.hardwaremzp@gmail.com,,,0,0,,0,,,,0,0000-00-00,0000-00-00,0000-00-00,,,,231001,0,0,,,,,,,,
K1448,"KAKA PLYWOOD COMPANY",8273545728,CHANDAUSISAMBHAL,"CHANDAUSI,SAMBHAL",S10230;D10396,Y,0,0,0,N,0,447,O,"",,"AZAD ROAD                               CHANDAUSI",,"CHHITA SINGH",,,,,,AAVFK9721D,SAMBHAL,0,,,kakaptc28@gmail.com,,,0,0,,0,,,,0,1971-01-01,1971-01-01,1971-01-01,,,,244412,0,0,no,no,no,no,,,,
K1448,"KAKA PLYWOOD COMPANY",8273545728,SAMBHAL,"SAMBHAL",S10230;D10396,Y,0,0,0,N,0,447,O,"",,"AZAD ROAD                               CHANDAUSI",,"CHHITA SINGH",,,,,,AAVFK9721D,SAMBHAL,0,,,kakaptc28@gmail.com,,,0,0,,0,,,,0,1971-01-01,1971-01-01,1971-01-01,,,,244412,0,0,no,no,no,no,,,,
K1450,"KHANDELWAL HARDWARE",8602277464,SHEOPUR,"SHEOPUR",S01865,Y,0,0,0,N,0,446,D,"",,"16TODI BAZAR",,"PURUSHOTTAM KHANDELWAL",8602277464,,,,,AIWPK7067M,SHEOPUR,0,,,purshottam.khandelwal.77@gmail.com,,,0,0,,0,,,,0,0000-00-00,0000-00-00,0000-00-00,,,,476337,0,0,,,,,,,,
K1453,"KRISHAN PLY STORE",9873338878,GURGAON,"GURGAON",S10223;S10175,Y,0,0,0,N,0,443,D,"",,"OLD RAILWAY ROAD                         NAI BASTI",,"KRISHAN KUMAR",,,,,,ACUPK3347A,GURUGRAM,0,,,krishanplystore@yahoo.com,,,0,0,,0,,,,0,1971-01-01,1971-01-01,1971-01-01,,,,122001,0,0,no,no,no,no,,,,
K1453,"KRISHAN PLY STORE",9873338878,GURUGRAM,"GURUGRAM",S10223;S10175,Y,0,0,0,N,0,443,D,"",,"OLD RAILWAY ROAD                         NAI BASTI",,"KRISHAN KUMAR",,,,,,ACUPK3347A,GURUGRAM,0,,,krishanplystore@yahoo.com,,,0,0,,0,,,,0,1971-01-01,1971-01-01,1971-01-01,,,,122001,0,0,no,no,no,no,,,,
K146,"KAMAL NAYAN MARKETING PVT LTD",,NEW DELHI,"NEW DELHI",,Y,0,,0,N,0,,O,"",,"126-NDMC MARKETSUPER BAZ CANNAUGHT CIRCUS",,"",,,,,,,NEW DELHI,0,,,,,,0,0,,0,,,,0,0000-00-00,0000-00-00,0000-00-00,,,,,0,0,,no,,no,,,,
K1463,"K.P. PANEL INDUSTRIES",9424283344,BASTAR,"BASTAR",S10014,Y,0,0,0,N,0,420,O,"",,"LUNIA BHAWAN MOTITALAB PARA JAGDALPUR",,"AKASH LUNIA",,,,,,AAIFK2041F,BASTAR,0,,,saubhagyaventures@gmail.com,,,0,0,,0,,,,0,0000-00-00,0000-00-00,0000-00-00,,,,494001,0,0,,,,no,,,,
K1466,"KESHAV SALES",9811971901,NEW DELHI,"NEW DELHI",S10015,Y,0,0,0,N,0,441,O,"",,"GROUND FLOOR1/18W.H.S. KIRTI NAGAR",,"KISHAN BALDEWA",,,,,,AICPB1400D,NEW DELHI,0,,,keshavsales@hotmail.com,,,0,0,,0,,,,0,0000-00-00,0000-00-00,0000-00-00,,,,110015,0,0,,,,,,,,
K1469,"KATARIA PLYWOOD & LAMINATES",9811622697,,"",S10015,D,0,0,0,N,0,441,D,"",,"HOUSE NO.-1/1B SHIVAJI NAGAR",,"SANDEEP KATARIA",,,,,,APQPK6996N,GURGAON,0,,,sandeep.kataria26@gmail.com,,,0,0,,0,,,,0,0000-00-00,0000-00-00,0000-00-00,,,,122001,0,0,,,,,,,,
K1469,"KATARIA PLYWOOD & LAMINATES",9811622697,GURGAON,"GURGAON",S10015,Y,0,0,0,N,0,441,D,"",,"HOUSE NO.-1/1B SHIVAJI NAGAR",,"SANDEEP KATARIA",,,,,,APQPK6996N,GURGAON,0,,,sandeep.kataria26@gmail.com,,,0,0,,0,,,,0,0000-00-00,0000-00-00,0000-00-00,,,,122001,0,0,,,,,,,,
K1476,"KRISHNA TIMBER MERCHANT",9927048951,CHANDAUSI SAMBHAL,"CHANDAUSI, SAMBHAL",S10230,Y,0,0,0,N,0,447,O,"",,"RAMBAGH ROAD NEAR RAMBAGH DEVIMATA KA MANDIR",,"SHYAM BABU",,,,,,AQAPB4941K,CHANDAUSI, SAMBHAL,0,,,krishnahardware.chandausi88@gmail.com,,,0,0,,0,,,,0,0000-00-00,0000-00-00,0000-00-00,,,,244412,0,0,,,,,,,,
K1486,"KARNVA ENTERPRISE",8192827521,KOTDWARA,"KOTDWARA",S10230;S10110,Y,0,0,0,N,0,448,D,"",,"NEAR PRIMARY SCHOOL                     PADAMPUR CHAURAHA MOTADHANK",,"NITIN KUMAR KOTHARI",,,,,,AAUFK4379E,KOTDWARA,0,,,gaurav.negi31@gmail.com,,,0,0,,0,,,,0,1971-01-01,1971-01-01,1971-01-01,,,,246149,0,0,no,no,no,no,,,,
K1511,"KUMAR ENGINEERING INDIA PVT. LTD.",8222931402,SAMPLA,"SAMPLA",S10014,Y,0,0,0,N,0,443,O,"",,"KHATRI INDUSTRIAL AREA BERI ROAD",,"ASHOK",,,,,,AAICK0404B,SAMPLA,0,,,0,,,0,0,,0,,,,0,0000-00-00,0000-00-00,0000-00-00,,,,124501,0,0,,,,,,,,
K1515,"KAPES WOOD CRAFT",9855255555,SAS NAGAR,"SAS NAGAR",D10350,Y,0,0,0,N,0,443,D,"",,"PLOT NO. 10-11 SECTOR-127                GILLCO VALLEY KHARAR                     MOHALI",,"KARTIK",,,,,,AJBPP2356G,SAS NAGAR,0,,,kartik_mogla@yahoo.com,,,0,0,,0,,,,0,0000-00-00,0000-00-00,0000-00-00,,,,140301,0,0,,,,,,,,
K1524,"KALIMATA TRADERS",9732937053,HABRA,"HABRA",S01519,Y,0,0,0,N,0,457,D,"",,"HABRA JESSORE ROAD GANGULY MANSION				 HABRANORTH 24 PARGANAS",,"ARJUN DEY",,,,,,ADOPD0860C,HABRA,0,,,kalimatatraders.adk@gmail.com,,,0,0,,0,,,,0,0000-00-00,0000-00-00,0000-00-00,,,,743263,0,0,,,,,,,,
K1534,"KENCHETTY MERCHANTS",9482391719,MYSURU,"MYSURU",D02026,Y,0,0,0,N,0,553,O,"",,"29/629/5 BOGADI HINKAL RING ROAD						 BOGAFADI RING ROAD						                BHOGADI",,"ARVIND",,,,,,AAJFK4728N,MYSURU,0,,,saleskenchetty@gmail.com,,,0,0,,0,,,,0,0000-00-00,0000-00-00,0000-00-00,,,,570026,0,0,,,,,,,,
K154,"KUALITY METAL & PLYWOOD",0,KOLKATA,"KOLKATA",S01657;D02002,Y,0,0,0,N,0,457,O,"",,"LAXMI APPARTMENT ATGHARAOPP. GREEN VISTA RAJARHAT ROAD",,"0",,,,,,0,KOLKATA,0,,,0,,,0,0,,0,,,,0,0000-00-00,0000-00-00,0000-00-00,,,,700136,0,0,,no,,no,,,,
K1542,"KRISHOK EXIM",8780292487,KACHCHH,"KACHCHH",,Y,0,0,0,N,0,332,O,"",,"SURVEY NO 12/2 MUNDRA ROAD					         GALPADAR KACHCHH",,"AMIT KODWANI",,,,,,APEPK6023N,KACHCHH,0,,,amitkodwani21@gmail.com,,,0,0,,0,,,,0,0000-00-00,0000-00-00,0000-00-00,,,,370201,0,0,,,,,,,,
K1543,"KPC PROJECTS LIMITED",8125786018,MUMBAI,"MUMBAI",S01430,Y,0,0,0,N,0,331,O,"",,"FLAT NO.604BLDG NO.3HIGH LANDS					   LOKHANDWALA TOWNSHIPAKURLI ROAD					    GREATER MUMBAI",,"YOGESH KURADHE",,,,,,AACCK7073N,MUMBAI,0,,,yogesh.k@kpc.co,,,0,0,,0,,,,0,0000-00-00,0000-00-00,0000-00-00,,,,400101,0,0,,,,,,,,
K1544,"KBL TEXTILES PRIVATE LIMITED",9810000899,NOIDA,"NOIDA",S10155,Y,0,0,0,N,0,441,P,"",,"A 104 HAROLA SECTOR 05 NOIDA           GAUTAM BUDDHA NAGAR",,"ANURAG KAPOOR",,,,,,AAFCK0333C,NOIDA,0,,,account@damya.in,,,0,0,,0,,,,0,0000-00-00,0000-00-00,0000-00-00,,,,201301,0,0,,,,,,,,
K1552,"KUNWARJI TRADERS",9302103311,INDORE,"INDORE",D02105,Y,0,0,0,N,0,446,D,"",,"123 G.N.T MARKET						                 DHAR ROAD",,"SHEIKH NAJMUDDIN KUNWARJI",,,,,,AASPN2913R,INDORE,0,,,nazamhussain@yahoo.com,,,0,0,,0,,,,0,1971-01-01,1971-01-01,1971-01-01,,,,452001,0,0,no,no,no,no,,,,
K1554,"KOTTY LIFESTYLE PRIVATE LIMITED",6291957164,FARIDABAD,"Faridabad",S10155,Y,0,0,0,N,0,441,P,"",,"GB 65 Bharat Vihar Lakkarpur",,"MUKESH",,,,,,AAGCK0951K,Faridabad,0,,,info@kotty.in,,,0,0,,0,,,,0,1971-01-01,1971-01-01,1971-01-01,,,,121009,0,0,no,no,no,no,,,,
K1555,"KUNDU SUNMICA HOUSE",9332050539,NADIA,"NADIA",D02091,Y,0,0,0,N,0,457,D,"",,"BAGULA SUPER MARKET                      BAGULA HANSKHALI",,"SUBHAS CHANDRA KUNDU",,,,,,AOBPK8409E,NADIA,0,,,,,,0,0,,0,,,,0,1971-01-01,1971-01-01,1971-01-01,,,,741502,0,0,no,no,no,no,,,,
K1557,"KANCHAN HARDWARE",8292261200,LOHARDAGA,"LOHARDAGA",D02132,Y,0,0,0,N,0,222,D,"",,"PATRATOLI BANJAR KISKO                  PO- KISKO                                PS- LOHARDAGA",,"KUNDAN KUMAR",,,,,,HKBPK2819F,LOHARDAGA,0,,,kanchanhardware10@gmail.com,,,0,0,,0,,,,0,1971-01-01,1971-01-01,1971-01-01,,,,835302,0,0,no,no,no,no,,,,
K156,"DR. K.P.MISHRA",,,"",,Y,0,,0,N,0,,O,"",,"DUPLEX-12 PHASE-1 SRUSTI VILLA G.G.P.COLONY RASULGARH",,"",,,,,,,,0,,,,,,0,0,,0,,,,0,0000-00-00,0000-00-00,0000-00-00,,,,,0,0,,no,,no,,,,
K156,"DR. K.P.MISHRA",,NULL,"NULL",,Y,0,,0,N,0,,O,"",,"DUPLEX-12 PHASE-1 SRUSTI VILLA G.G.P.COLONY RASULGARH",,"",,,,,,,,0,,,,,,0,0,,0,,,,0,0000-00-00,0000-00-00,0000-00-00,,,,,0,0,,no,,no,,,,
K1568,"KANODIA ASSOCIATES",8004575609,GORAKHPUR,"GORAKHPUR",S10319,Y,0,0,0,N,0,447,O,"",,"NEAR STATE BANK OF INDIA           JUNGLE SHIVPUR BYE PASS ROAD       PADRI BAZAR",,"SHUBHAM KANODIA",,,,,,EIFPK5051N,GORAKHPUR,0,,,kanodia.associates@gmail.com,,,0,0,,0,,,,0,1971-01-01,1971-01-01,1971-01-01,,,,273014,0,0,no,no,no,no,,,,
K1569,"KRISHNA PLYWOOD & HARDWARE",7383629611,MAHISAGAR,"MAHISAGAR",S01801,Y,0,0,0,N,0,332,O,"",,"32 2947 SAIFY SHOPPING CENTRE   MODASA ROAD                       LUNAWADA",,"RAJESH KUMAR PATEL",,,,,,ATFPP5419E,MAHISAGAR,0,,,rm26473@gmail.com,,,0,0,,0,,,,0,1971-01-01,1971-01-01,1971-01-01,,,,389230,0,0,no,no,no,no,,,,
K1575,"KWALITY HOMES",6397004878,DEHRADUN,"DEHRADUN",S10110,Y,0,0,0,N,0,448,O,"",,"3RD FLOOR 14 GANDHI ROAD",,"SARTHAK GOYAL",,,,,,BGHPG3435M,DEHRADUN,0,,,KwalityHomesDehradun@Gmail.com,,,0,0,,0,,,,0,1971-01-01,1971-01-01,1971-01-01,,,,248001,0,0,no,no,no,no,,,,
K1580,"KWALITY PLY CO",7781015558,PATNA,"PATNA",,Y,0,0,0,N,0,219,O,"",,"JAMAL ROAD SUB POST OFFICE         KWALITY PLY CO OPP WEST SIDE      FRASER ROAD",,"MOHIT SURI",,,,,,AAZFK9919P,PATNA,0,,,hardwarespatna@gmail.com,,,0,0,,0,,,,0,1971-01-01,1971-01-01,1971-01-01,,,,800001,0,0,no,no,no,no,,,,
K1585,"KOTHARI ARCHITECTS",9610659000,KOTA,"KOTA",D10441,Y,0,0,0,N,0,427,O,"",,"4-E-12                            RANGBARI YOJNA",,"TUSHAR KOTHARI",,,,,,AVZPK5964H,KOTA,0,,,kothariarchitects@gmail.com,,,0,0,,0,,,,0,1971-01-01,1971-01-01,1971-01-01,,,,324005,0,0,no,no,no,no,,,,
K160,"KAMALA CONSTRUCTION CO.",,NEW DELHI,"NEW DELHI",,Y,0,,0,N,0,,O,"",,"MAP FOR ORs(539) ALLIED E SERVICS OPP WESTERN AIR C",,"",,,,,,,NEW DELHI,0,,,,,,0,0,,0,,,,0,0000-00-00,0000-00-00,0000-00-00,,,,,0,0,,no,,no,,,,
K161,"MR. KRISHNA",,,"",,Y,0,,0,N,0,,O,"",,"NEW DELHI",,"",,,,,,,,0,,,,,,0,0,,0,,,,0,0000-00-00,0000-00-00,0000-00-00,,,,,0,0,,no,,no,,,,
K166,"KRISHNA PLYWOOD",,DELHI,"DELHI",,Y,0,,0,N,0,,O,"",,"11/73GEETA COLONY",,"",,,,,,,DELHI,0,,,,,,0,0,,0,,,,0,0000-00-00,0000-00-00,0000-00-00,,,,,0,0,,no,,no,,,,
K194,"KRISHNA TIMBER EMPORIUM",,NEW DELHI,"NEW DELHI",,Y,0,,0,N,0,,O,"",,"BLOCK NO.2 PLOT NO.71/1 W.H.S.KIRTI NAGAR",,"",,,,,,,NEW DELHI,0,,,,,,0,0,,0,,,,0,0000-00-00,0000-00-00,0000-00-00,,,,,0,0,,no,,no,,,,
K196,"KALYAN BHARTI TRUST",,KOLKATA,"KOLKATA",,Y,0,,0,N,0,,O,"",,"994 MADUR DAHA MISSION BEHIND RUBY GENERAL HOSPITAL KASBA CHOWBAKHA ROAD",,"",,,,,,,KOLKATA,0,,,kalyanbhartitrust@vsnl.net,,,0,0,,0,,,,0,0000-00-00,0000-00-00,0000-00-00,,,,,0,0,,no,,no,,,,
K207,"K.D.S. ENTERPRISES",,DELHI,"DELHI",,Y,0,,0,N,0,,O,"",,"2479 NAI WARA CHQWRI BA",,"",,,,,,,DELHI,0,,,,,,0,0,,0,,,,0,0000-00-00,0000-00-00,0000-00-00,,,,,0,0,,no,,no,,,,
K226,"KAPOOR PLYWOOD CO.",9897044165,BAREILLY,"BAREILLY",,Y,600000,45,0,N,0,448,D,"",,"D-1-2-3B BUTLER PLAZA",,"SURESH KAPOOR",,,,,,AERPK8460M,BAREILLY,0,,,kplywood.suresh@gmail.com,,,0,0,,0,,,,0,0000-00-00,0000-00-00,0000-00-00,,,,243001,0,0,,,,no,,,,
K229,"KANCHAN TALWAR",,,"",,Y,0,,0,N,0,,O,"",,"",,"",,,,,,,,0,,,,,,0,0,,0,,,,0,0000-00-00,0000-00-00,0000-00-00,,,,,0,0,,no,,no,,,,
K474,"KRISHNA TIMBER EMPORIUM",,DELHI,"DELHI",,Y,0,,0,N,0,,O,"",,"BLOCK NO-2 PLOT NO 71/1 W.H.S TIMBER MARKET NEW-DELHI-15",,"",,,,,,,DELHI,0,,,,,,0,0,,0,,,,0,0000-00-00,0000-00-00,0000-00-00,,,,,0,0,,no,,no,,,,
K830,"KAPOORCHAND MAHESHWARI & CO.",,AGRA (U.P.),"AGRA (U.P.)",,Y,0,,0,N,0,,O,"",,"KASERAT BAZAR  KINARI BAZAR",,"",,,,,,,AGRA (U.P.),0,,,,,,0,0,,0,,,,0,0000-00-00,0000-00-00,0000-00-00,,,,,0,0,,no,,no,,,,
K850,"KASHMIR TIMBER & PLYWOOD CO",9810001414,NEW DELHI,"NEW DELHI",S10042,Y,1500000,45,0,N,0,441,D,"",,"96 WAZIR NAGAR KOTLA MUBARAKPUR",,"HARDEEP BHALLA",9810001414,,,,,AAAFK5687R,NEW DELHI,0,,,info@kashmirtimber.com,,,0,0,,0,,,,0,0000-00-00,0000-00-00,0000-00-00,,,,110003,0,0,no,no,,no,,,,
K888,"KRISHNA TIMBER DEPOT",,Bangalore,"BANGALORE",D02069,Y,0,0,0,N,0,553,O,"",,"DR.RAJGOPAL ROADIIND MAIN              SANJAYNAGAR",,"0",,,,,,AABFK5436D,BENGALURU,0,,,,,,0,0,,0,,,,0,1971-01-01,1971-01-01,1971-01-01,,,,560094,0,0,no,no,no,no,,,,
K888,"KRISHNA TIMBER DEPOT",,BENGALURU,"BENGALURU",D02069,Y,0,0,0,N,0,553,O,"",,"DR.RAJGOPAL ROADIIND MAIN              SANJAYNAGAR",,"0",,,,,,AABFK5436D,BENGALURU,0,,,,,,0,0,,0,,,,0,1971-01-01,1971-01-01,1971-01-01,,,,560094,0,0,no,no,no,no,,,,
K975,"KWALITY HARDWARE AGENCIES",9358101490,DEHRADUN,"DEHRADUN",S10259,Y,5000000,45,0,N,0,448,D,"",,"DIV.KWALITY MART PVT.LTD 12 GANDHI ROAD",,"SUNIL GOYAL",,,,,,AADCK6345A,DEHRADUN,0,,,kwalityddn@yahoo.com,,,0,0,,0,,,,0,0000-00-00,0000-00-00,0000-00-00,,,,248001,0,0,,,,,,,,
L074,"LEATHER TALKS",9830030260,KOLKATA,"KOLKATA",,Y,300000,30,0,N,0,457,O,"",,"D-5 AC Market 1 Shakespeare Sarani KOLKATA",,"RAMESH KUMAR JAGGI",,,,,,ACHPJ2536M,KOLKATA,0,,,rk.jaggi@leathertalks.com,,,0,0,,0,,,,0,0000-00-00,0000-00-00,0000-00-00,,,,700071,0,0,,,,,,,,
L076,"L.N.T.C.",,,"",,Y,0,,0,N,0,,O,"",,"",,"",,,,,,,,0,,,,,,0,0,,0,,,,0,0000-00-00,0000-00-00,0000-00-00,,,,,0,0,,no,,no,,,,
L1015,"L/C NO. 085211FLCU0035",,GURGAON  (HARYANA),"GURGAON  (HARYANA)",,Y,0,,0,N,0,,O,"",,"PLOT NO.121SECTOR-5 IMT MANESAR",,"",,,,,,,GURGAON  (HARYANA),0,,,,,,0,0,,0,,,,0,0000-00-00,0000-00-00,0000-00-00,,,,,0,0,,no,,no,,,,
L1035,"LAXMI GANESH COMMERCIALS",09448042425,Mangalore,"MANGALORE",,Y,1000000,45,0,N,0,553,D,"",,"M P T CROSS ROADBUNDER",,"GANESH KAMAT",08242421425,,,,,,MANGALORE,0,,,laxmiganeshcommercials@yahoo.com,,,0,0,,0,,,,0,0000-00-00,0000-00-00,0000-00-00,,,,575001,0,0,,no,,no,,,,
L1049,"LIFE STYLE PROPERRTIES PVT LTD",6742550037,BHUBANESWAR,"BHUBANESWAR",,Y,0,30,0,N,0,,O,"",,"N5/100 IRCVILLAGE",,"",,,,,,,BHUBANESWAR,0,,,lifestyle.bbsr@gmail.com,,,0,0,,0,,,,0,0000-00-00,0000-00-00,0000-00-00,,,,,0,0,,no,,no,,,,
L1093,"LOFT FURNITURE DESIGN PVT.LTD.",9899210616,GREATER NOIDA (G.B.N,"GREATER NOIDA (G.B.NAGAR)",,Y,1500000,30,0,N,0,,P,"",,"PLOT No.72 ECOTECH EXT. 1 Greater Noida G.B Nagar 201306 India",,"AJAY RASTOGI",,,,,,AAACL9807D,GREATER NOIDA (G.B.NAGAR),0,,,arastogi@urbanist.in,,,0,0,,0,,,,0,0000-00-00,0000-00-00,0000-00-00,,,,,0,0,,no,,no,,,,
L1109,"LIONS VIDHYA MANDIR",,NEW DELHI,"NEW DELHI",,Y,0,,0,N,0,,O,"",,"KUSHUK LANE KUSHAK ROAD NEAR TEEN MURTI HOUSE",,"",,,,,,,NEW DELHI,0,,,,,,0,0,,0,,,,0,0000-00-00,0000-00-00,0000-00-00,,,,,0,0,,no,,no,,,,
L1117,"LAJPAT RAI CHANANA",9896610002,HISSAR,"HISSAR",,Y,4000000,45,0,N,0,,O,"",,"1654SECTOR-13",,"",,,,,,AAAFL1583B,HISSAR,0,,,,,,0,0,,0,,,,0,0000-00-00,0000-00-00,0000-00-00,,,,,0,0,,no,,no,,,,
L1125,"LAXMI HARDWARE STORE",,JODHPUR (RAJ),"JODHPUR (RAJ)",,Y,0,,0,N,0,,O,"",,"CHOPASNI ROAD",,"",,,,,,,JODHPUR (RAJ),0,,,,,,0,0,,0,,,,0,0000-00-00,0000-00-00,0000-00-00,,,,,0,0,,no,,no,,,,
L1127,"LOGS",9891150445,NEW DELHI,"NEW DELHI",S10042;S10042,Y,0,0,0,N,0,441,D,"",,"C-15 JEEVAN PARK                        PUNKHA ROAD                              UTTAM NAGARNEW DELHI",,"INDERPAL SINGH",,,,,,ATAPS3888B,DELHI,0,,,inderpalsingh196868@yahoo.com,,,0,0,,0,,,,0,1971-01-01,1971-01-01,1971-01-01,,,,110059,0,0,no,no,no,no,,,,
L1127,"LOGS",9891150445,DELHI,"DELHI",S10042;S10042,Y,0,0,0,N,0,441,D,"",,"C-15 JEEVAN PARK                        PUNKHA ROAD                              UTTAM NAGARNEW DELHI",,"INDERPAL SINGH",,,,,,ATAPS3888B,DELHI,0,,,inderpalsingh196868@yahoo.com,,,0,0,,0,,,,0,1971-01-01,1971-01-01,1971-01-01,,,,110059,0,0,no,no,no,no,,,,
L1140,"LAMBORIA WOOD CRAFT",9314509119,JAIPUR,"JAIPUR",,Y,0,15,0,N,0,,O,"",,"F-118RIICO INDL.AREA KALADERA JAIPUR (RAJ.)",,"",,,,,,ABEPA2632H,JAIPUR,0,,,lamboria_plywood@yahoo.com,,,0,0,,0,,,,0,0000-00-00,0000-00-00,0000-00-00,,,,,0,0,,no,,no,,,,
L1153,"L K MAHESHWARI & CO",09425010428,BHOPAL,"BHOPAL",,Y,0,30,0,N,0,446,O,"",,"E-7/574ARERA COLONY",,"",,,,,,AABFL3096Q,BHOPAL,0,,,lkmandcobpl@gmail.com,,,0,0,,0,,,,0,0000-00-00,0000-00-00,0000-00-00,,,,462016,0,0,,no,,no,,,,
L1164,"LAXMAN PRAHLAD MULAY",09881065225,PANDHARPUR,"PANDHARPUR",,Y,1500000,45,0,N,0,331,O,"",,"1502 M.G.ROAD",,"",,,,,,,PANDHARPUR,0,,,,,,0,0,,0,,,,0,0000-00-00,0000-00-00,0000-00-00,,,,416001,0,0,,no,,no,,,,
L1186,"LAXMI PLYWOOD COMPANY",9812323314,SIRSA,"SIRSA",,Y,1000000,45,0,N,0,,D,"",,"OUTSIDE RANIA GATE KHALSA ACHOOL ROAD",,"RAJESH THIRANI",,,,,,ACYPT4562E,SIRSA,0,,,rajeshthirani@gmail.com,,,0,0,,0,,,,0,0000-00-00,0000-00-00,0000-00-00,,,,,0,0,,no,,no,,,,
L1187,"LAXMI ENTERPRISE",9830236554,SILIGURI,"SILIGURI",D02002,Y,0,0,0,N,0,457,D,"",,"26 NAZRUL SARANI ASHRAMPARA OPP. RAMKRISHNA SEVA SADAN NEAR PAKURTALLA MORE",,"0",,,,,,0,SILIGURI,0,,,0,,,0,0,,0,,,,0,0000-00-00,0000-00-00,0000-00-00,,,,734001,0,0,,no,,no,,,,
L1195,"LEISURE BUILDERS PVT LTD",,NEW DELHI,"NEW DELHI",,Y,0,,0,N,0,,O,"",,"A-108BASEMENTLAJPAT NAGAR",,"",,,,,,,NEW DELHI,0,,,,,,0,0,,0,,,,0,0000-00-00,0000-00-00,0000-00-00,,,,,0,0,,no,,no,,,,
L1236,"LARSEN & TOUBRO LIMITED",9681686422,KOLKATA,"KOLKATA",,Y,1500000,30,0,N,0,,O,"",,"EMAMI CITY PROJECT 2 JESSORE ROAD DUMDUM",,"KORIPELLY SRIKANTH REDDY",,,,,,,KOLKATA,0,,,sudiptamallick@lntecc.com,,,0,0,,0,,,,0,0000-00-00,0000-00-00,0000-00-00,,,,,0,0,,no,,no,,,,
L1241,"LORD KRISHNA SALES CORPORATION",9355336366,JAGADHARI,"JAGADHARI",,Y,1000000,45,0,N,0,,D,"",,"BURIA GATE DIST - YAMUNA NAGAR",,"HARSH NAYYAR",,,,,,AIKPK9668E,JAGADHARI,0,,,nayyarply@gmail.com,,,0,0,,0,,,,0,0000-00-00,0000-00-00,0000-00-00,,,,,0,0,,no,,no,,,,
L1245,"LAXMI METAL PRODUCTS PVT LTD.",09900555195,Bangalore,"BANGALORE",,Y,1000000,45,0,N,0,553,D,"",,"# 159 AVENUE ROAD CROSSKILARI ROADIndia",,"PUNAM JAIN",08040959315,,,,,,BANGALORE,0,,,laxmihardware2011@yahoo.com,,,0,0,,0,,,,0,0000-00-00,0000-00-00,0000-00-00,,,,560053,0,0,,no,,no,,,,
L1308,"LAXMI PLYWOOD EMPORIUM",9899997871,NEW DELHI,"NEW DELHI",S10152,Y,0,45,0,N,0,441,O,"",,"8990/5D.B.GUPTA ROAD PAHARGANJ",,"",,,,,,,NEW DELHI,0,,,brc0007@yahoo.com,,,0,0,,0,,,,0,0000-00-00,0000-00-00,0000-00-00,,,,110055,0,0,no,no,,no,,,,
L1338,"LLOYDS PROPERTIES PVT LTD",9831027576,KOLKATA,"KOLKATA",,Y,150000,30,0,N,0,,O,"",,"19A JAWARLAL NEHRU ROAD",,"",,,,,,AAACL5644C,KOLKATA,0,,,rajeshsinghania@rediffmail.com,,,0,0,,0,,,,0,0000-00-00,0000-00-00,0000-00-00,,,,,0,0,,no,,no,,,,
L1439,"LIVING ROOM LIFESTYLE PVT LTD",,MAPUSA,"MAPUSA",S01698,Y,1000000,60,0,N,0,553,O,"",,"TIVIM INDUSTRIAL ESTATE# 26 & 27A KARASWADAIndia",,"",0832227660,,,,,,MAPUSA,0,,,irlsmapusa@gmail.com,,,0,0,,0,,,,0,0000-00-00,0000-00-00,0000-00-00,,,,403526,0,0,,no,,no,,,,
L1667,"LALIT KUMAR CONTRACTOR",9416057677,CHARKI DADRIDISTT:-,"CHARKI DADRI,DISTT:-BHIWANI",,Y,0,30,0,N,0,,P,"",,"GHIKARA ROAD OPP.K.N.HIGH SCHOOL",,"LALIT KUMAR",,,,,,AEUPK1252L,CHARKI DADRI,DISTT:-BHIWANI,0,,,pwd-eepd-dadri@hry.nic.in,,,0,0,,0,,,,0,0000-00-00,0000-00-00,0000-00-00,,,,,0,0,,no,,no,,,,
L1684,"LAXMI HARDWARE & PLYWOOD",9849002925,KARIMNAGAR,"KARIMNAGAR",,Y,1500000,45,0,N,0,554,D,"",,"3-1-11 TO 17 CVRN ROAD India",,"KAUSHIK REDDY",9866200204,,,,,AAGFL2591M,KARIMNAGAR,0,,,kaushik200204@gmail.com,,,0,0,,0,,,,0,0000-00-00,0000-00-00,0000-00-00,,,,505001,0,0,,,,,,,,
L1784,"LAGGAR INDUSTRIES LTD",9416032744,KARNAL,"KARNAL",,Y,1000000,0,0,N,0,,O,"",,"NEAR NEW GRAIN MARKET OPP.BANSAL RICE MILL India",,"PARMESH BATRA",,,,,,AAACL4030G,KARNAL,0,,,batratimberpvtltd@gmail.com,,,0,0,,0,,,,0,0000-00-00,0000-00-00,0000-00-00,,,,,0,0,,no,,no,,,,
L1846,"L.N.ENTERPRISES",9386806884,RANCHI,"RANCHI",,Y,400000,30,0,N,0,222,O,"",,"98 UPPER BURDWAN COMPUNDLALPUR",,"ARUP CHAKRABORTY",,,,,,AFIPC9369R,RANCHI,0,,,lnenterprises44@gmail.com,,,0,0,,0,,,,0,0000-00-00,0000-00-00,0000-00-00,,,,834001,0,0,,no,,no,,,,
L1870,"LAXMI LUMBER INDUSTRIES PVT.LTD.",9810207810,NEW DELHI,"NEW DELHI",S10042,Y,0,0,0,N,0,441,O,"",,"1/34W.H.S.KIRTI NAGAR                   NEW DELHI",,"KISHOR BHAI PATEL",,,,,,AABCL4439L,DELHI,0,,,laxmilumber@gmail.com,,,0,0,,0,,,,0,1971-01-01,1971-01-01,1971-01-01,,,,110015,0,0,no,no,no,no,,,,
L1870,"LAXMI LUMBER INDUSTRIES PVT.LTD.",9810207810,DELHI,"DELHI",S10042,Y,0,0,0,N,0,441,O,"",,"1/34W.H.S.KIRTI NAGAR                   NEW DELHI",,"KISHOR BHAI PATEL",,,,,,AABCL4439L,DELHI,0,,,laxmilumber@gmail.com,,,0,0,,0,,,,0,1971-01-01,1971-01-01,1971-01-01,,,,110015,0,0,no,no,no,no,,,,
L1906,"LEKHESHWAR EDUCATIONAL TRUST",8960701888,FAIZABAD,"FAIZABAD",,Y,0,30,0,N,0,,O,"",,"U/G (LEKHESHWAR EDUCATIONAL TRUST) SH15RAIBAREILY ROAD",,"BRIJESH YADAV",,,,,,AAATL9836B,FAIZABAD,0,,,ydv.brijesh@outlook.com,,,0,0,,0,,,,0,0000-00-00,0000-00-00,0000-00-00,,,,,0,0,,no,,no,,,,
L2221,"LIRA CONSTRUCTIONS PRIVATE LIMITED",9439844416,KARWAR UTTAR KANNAD,"KARWAR, UTTAR KANNADA",,Y,1500000,60,0,N,0,553,P,"",,"SATAPPA C TANDEL NEW KHB COLONYHABBUWADA KARWAR",,"SANJAY KUMAR RANA",06782-240794,,,,,AAACL8573G,KARWAR, UTTAR KANNADA,0,,,liraconstruction@yahoo.co.in,,,0,0,,0,,,,0,0000-00-00,0000-00-00,0000-00-00,,,,581301,0,0,,no,,no,,,,
L2329,"LORD GEM",9810344454,NEW DELHI,"NEW DELHI",S10056,Y,0,0,0,N,0,451,O,"",,"C-61MALVIYA NAGAR",,"VINAY KALRA",,,,,,AKJPK3872H,NEW DELHI,0,,,vinaylordinterior@hotmail.com,,,0,0,,0,,,,0,0000-00-00,0000-00-00,0000-00-00,,,,110017,0,0,,,,no,,,,
L2334,"LIGNUM PRO INDUSTRIES PVT.LTD.",9716522001,NOIDA-G.B.NAGAR,"NOIDA-G.B.NAGAR",S10155,Y,0,0,0,N,0,451,P,"",,"437F-BLOCK SECTOR-63",,"ANIL KUMAR GUPTA",,,,,,AAECM8572C,NOIDA-G.B.NAGAR,0,,,meghabuildtech@gmail.com,,,0,0,,0,,,,0,0000-00-00,0000-00-00,0000-00-00,,,,201301,0,0,,,,no,,,,
L2346,"LAKSHMI HARDWARES",9415404908,FAIZABAD,"FAIZABAD",S10221,Y,0,0,0,N,0,447,O,"",,"714REKAB GANG",,"VARUN MISHRA",,,,,,AHZPM8311J,FAIZABAD,0,,,varunmishra281@gmail.com,,,0,0,,0,,,,0,0000-00-00,0000-00-00,0000-00-00,,,,224001,0,0,,no,,no,,,,
L2351,"LAKECITY INTERIORS",2942980021,UDAIPUR,"UDAIPUR",S10109,Y,2000000,45,0,N,0,427,D,"",,"M/S LAKECITY INTERIORS100 FT ROAD UDAIPUR",,"KAVISH KHAMESRA",9462191469,,,,,ASLPK4406F,UDAIPUR,0,,,lkachhara@yahoo.com,,,0,0,,0,,,,0,0000-00-00,0000-00-00,0000-00-00,,,,313001,0,0,,,,,,,,
L2366,"LAXMAN AND KOTIANS BUILDING SOLUTION",8884440101,SHIMOGA,"SHIMOGA",S10223,Y,0,0,0,N,0,553,O,"",,"#109/200-01B.H ROAD SAGAR MAIN ROADAUTO COMLEX",,"CHETAN KRISHNAMURTHY AND APPU ABHISHEK",,,,,,AAHFL8414A,SHIMOGA,0,,,landkbs2019@mail.com,,,0,0,,0,,,,0,0000-00-00,0000-00-00,0000-00-00,,,,577201,0,0,,no,,no,,,,
L2392,"LIMRA TRADERS",8099308297,FAIZABAD,"FAIZABAD",S10221,Y,0,0,0,N,0,447,O,"",,"2/6/42 NIYAWAAN ROAD",,"DASTGEER AHAMAD QURESHI",,,,,,AAEPQ1000A,FAIZABAD,0,,,abdulhabib7080@gmail.com,,,0,0,,0,,,,0,0000-00-00,0000-00-00,0000-00-00,,,,224001,0,0,,no,,no,,,,
L2395,"LIMBANI TRADERS",9423145004,KOLHAPUR,"KOLHAPUR",S01430,Y,5000000,30,0,N,0,331,O,"",,"43 ASHAPURI TOWERS OLD SBI ROAD TIMBER MARKET",,"VASANT LIMBANI",,,,,,ACPPP4411R,KOLHAPUR,0,,,limbanishantilal@gmail.com,,,0,0,,0,,,,0,0000-00-00,0000-00-00,0000-00-00,,,,416012,0,0,,no,,no,,,,
L2397,"LAXMI  TRADERS",9719600233,MORADABAD,"MORADABAD",S10230,Y,0,0,0,N,0,448,D,"",,"3B/C-14 BEHIND KUNDAN PETROL PUMP BUDHI VIHAR DELHI ROAD",,"BHAGYA LAXMI",,,,,,ADFPL3594G,MORADABAD,0,,,laxmitraders2005@gmail.com,,,0,0,,0,,,,0,0000-00-00,0000-00-00,0000-00-00,,,,244001,0,0,,,,,,,,
L2413,"LOK RAJ RAM NIWAS",9315153981,NARWANA - JIND,"NARWANA - JIND",D10350,Y,0,0,0,N,0,443,D,"",,"MAL GODAM ROAD",,"RAVI SHANKAR",,,,,,AHAPR1197C,NARWANA - JIND,0,,,ravilrrm@gmail.com,,,0,0,,0,,,,0,0000-00-00,0000-00-00,0000-00-00,,,,126116,0,0,,,,no,,,,
L2441,"L P TRADERS",8488988914,RAJKOT,"RAJKOT",,Y,30000,0,0,N,0,317,O,"",,"VRAJ HEIGHT SHOP NO. 14 OPP MODI SCHOOL JIVRAJ PARK",,"ISHAAN N GUPTA",,,,,,0,RAJKOT,0,,,0,,,0,0,,0,,,,0,0000-00-00,0000-00-00,0000-00-00,,,,360005,0,0,,,,no,,,,
L2445,"LAKSHMI ENTERPRISES",9891010203,GHAZIABAD,"GHAZIABAD",S10015,Y,0,0,0,N,0,451,D,"",,"441/5 NYAY KHAND III INDIRAPURAM",,"ANIL MENDIRATA",,,,,,AGZPM5107F,GHAZIABAD,0,,,lakshmiply2001@gmail.com,,,0,0,,0,,,,0,0000-00-00,0000-00-00,0000-00-00,,,,201014,0,0,,,,no,,,,
L2447,"LIRA CONSTRUCTIONS PRIVATE LIMITED.",9437579756,TEZPURSONITPUR,"TEZPUR,SONITPUR",S01825;S01785,Y,0,0,0,N,0,215,P,"",,"BISHNU JYOTI PATHDIPUMONI SAIKIA BUILDINGBORJHARGAONDEKARGAON",,"SANJAY KUMAR RANA",,,,,,AAACL8573G,TEZPUR,SONITPUR,0,,,liraconstruction@yahoo.co.in,,,0,0,,0,,,,0,0000-00-00,0000-00-00,0000-00-00,,,,784501,0,0,,,,,,,,
L2675,"LALAN INTERIORS",9899942208,JAITPUR BADARPUR,"JAITPUR, BADARPUR",S10155,Y,0,0,0,N,0,441,O,"",,"K.NO. 302 GALI NO. 5MANBHARI KUNJ NEAR SINDHU FARM ROAD MEETHAPUR",,"LALAN KUMAR SHARMA",,,,,,BMRPS7894A,JAITPUR, BADARPUR,0,,,lalaninteriors@gmail.com,,,0,0,,0,,,,0,0000-00-00,0000-00-00,0000-00-00,,,,110044,0,0,,,,,,,,
L2774,"LAMINART",7567740497,SURAT,"SURAT",,Y,0,0,0,N,0,332,O,"",,"PL 26/27/28 PKY 26/A WEST AMBIKA IND CO OP SOC U M ROAD",,"VAIBHAV BANTHIA",,,,,,AAJFL2043H,SURAT,0,,,laminart_vsw@yahoo.com,,,0,0,,0,,,,0,0000-00-00,0000-00-00,0000-00-00,,,,395007,0,0,,,,,,,,
L2845,"L.S WOOD DECORS",9412276135,HATHRAS,"HATHRAS",S10230,Y,0,0,0,N,0,447,O,"",,"5212 L.S.WOOD DECORS MATHURA ROAD MADHUGARI",,"PAWAN KUMAR AGRAWAL",,,,,,AAWPA1521E,HATHRAS,0,,,lswooddecors@gmail.com,,,0,0,,0,,,,0,0000-00-00,0000-00-00,0000-00-00,,,,204101,0,0,,,,,,,,
L2849,"LAXMI WOOD CRAFT",9448452781,RAICHUR,"RAICHUR",D02026,Y,0,0,0,N,0,553,O,"",,"SY.NO.81/3HUNSIHAL LINGASUGUR ROAD",,"RAMA RAO",,,,,,AAHFL2592B,RAICHUR,0,,,laxmi.wood@rediffmail.com,,,0,0,,0,,,,0,0000-00-00,0000-00-00,0000-00-00,,,,584101,0,0,,,,,,,,
L2889,"LAXMI TIMBER & PLY",9561666666,NASHIK,"NASHIK",D01978,Y,0,0,0,N,0,331,O,"",,"1LAXMI BUILDINGOPP.VASANT MARKET					  CANADA CORNERNASHIK",,"ALPESH PATEL",,,,,,CPBPP9486B,NASHIK,0,,,laxmiply.nsk@gmail.com,,,0,0,,0,,,,0,0000-00-00,0000-00-00,0000-00-00,,,,422005,0,0,,,,,,,,
L2896,"LAXMI TRADING COMPANY",9836541545,KOLKATA,"KOLKATA",S01519,Y,0,0,0,N,0,457,D,"",,"RAJARHAT ROAD CHINAR PARK",,"DEEPAK KUMAR JAISWAL",,,,,,AGHPJ0835H,KOLKATA,0,,,djaiswal3005@gmail.com,,,0,0,,0,,,,0,0000-00-00,0000-00-00,0000-00-00,,,,700157,0,0,,,,,,,,
L2909,"LOG WOOD IMPORTS AND EXPORTS PRIVATE LIMITED",9995656869,MALAPURAM,"MALAPURAM",D02107,Y,0,0,0,N,0,529,O,"",,"KM322C-F 						                         NEAR FAROOK ENGLISH MEDIUM SCHOOL						 KOTTAKKAL MALAPURAM",,"ANWAR SADIQUE",,,,,,AADCL3614R,MALAPURAM,0,,,mail@logwoodtraders.com,,,0,0,,0,,,,0,1971-01-01,1971-01-01,1971-01-01,,,,676503,0,0,no,no,no,no,,,,
L2913,"LEVIGO ENGINEERING INDIA PVT. LTD.",9686449483,Bangalore,"BANGALORE",,Y,0,0,0,N,0,317,O,"",,"NO.38/1SHED NO.1NADKERAPPA IND. ESTATE ANDRAHALLI MAIN ROADVISHWANEEDAM POST NEAR PEENYA 2ND STAGE BANGALORE",,"DEEPAK S",,,,,,AABCL6177F,BANGALORE,0,,,vasanth@levigo.co.in,,,0,0,,0,,,,0,1971-01-01,1971-01-01,1971-01-01,,,,560091,0,0,no,no,no,no,,,,
L2914,"LAKSHMI ENTERPRISES",9891010203,GHAZIABAD,"GHAZIABAD",D10412,Y,0,0,0,N,0,448,O,"",,"441/5 NYAY KHAND-III KALA PATHAR ROAD  INDIRAPURAM GHAZIABAD",,"ANIL MENDIRATTA",,,,,,AGZPM5107F,GHAZIABAD,0,,,lakshmiply2001@gmail.com,,,0,0,,0,,,,0,1971-01-01,1971-01-01,1971-01-01,,,,201014,0,0,no,no,no,no,,,,
L2918,"LAKSHMI GRUHASOBHA",9666683555,VIJAYAWADA,"VIJAYAWADA",D02078,Y,0,0,0,N,0,525,O,"",,"22C/10/30 22C/10/30 ANDHRA BANK ROAD POWER PET ELURU WEST GODAVARI",,"GUNENDRANAGA BHUSHANAM YEDLAPALLI",,,,,,AANPY4799B,VIJAYAWADA,0,,,lakshmi.gruhasobha@gmail.com,,,0,0,,0,,,,0,1971-01-01,1971-01-01,1971-01-01,,,,534002,0,0,no,no,no,no,,,,
L2919,"LAKHI TIMBER TRADERS PVT. LTD.",9811170981,NEW DELHI,"NEW DELHI",S10042,Y,0,0,0,N,0,441,O,"",,"BUILDING NO. 2/1W.H.S.KIRTI NAGAR WEST DELHI",,"DALIP PAHWA",,,,,,AAACL1429P,NEW DELHI,0,,,lakhish@hotmail.com,,,0,0,,0,,,,0,1971-01-01,1971-01-01,1971-01-01,,,,110015,0,0,no,no,no,no,,,,
L720,"LAXMI PUBLICASHRES",,NEW DELHI,"NEW DELHI",,Y,0,,0,N,0,,O,"",,"U-113/2DARYA GANJ NEAR DMA HALLAMBICA HOUS",,"",,,,,,,NEW DELHI,0,,,,,,0,0,,0,,,,0,0000-00-00,0000-00-00,0000-00-00,,,,,0,0,,no,,no,,,,
L806,"LAXMI PLYWOOD AGENCY",9829022287,JODHPUR,"JODHPUR",,Y,0,0,0,N,0,,D,"",,"NEAR LUNI PANCHAYAT SAMITPAL ROADJODHPUR",,"KANTILAL JANGID",0291620360,,,,,AAMPJ4799H,JODHPUR,0,,,apc.jodhpur@gmail.com,,,0,0,,0,,,,0,0000-00-00,0000-00-00,0000-00-00,,,,342003,0,0,,no,,no,,,,
L900,"LAXMI TIMBER MARCHANT",9810862147,NEW DELHI,"NEW DELHI",S10042;S10042,Y,0,0,0,N,0,441,D,"",,"A-35 GANESH NAGARTIMBER MARKET         OPP.METRO PILLER NO.539                  NEW DELHI",,"SURINDER DABAR",,,,,,AEMPD2111B,DELHI,0,,,laxmitimbermerchants@gmail.com,,,0,0,,0,,,,0,1971-01-01,1971-01-01,1971-01-01,,,,110018,0,0,no,no,no,no,,,,
L900,"LAXMI TIMBER MARCHANT",9810862147,DELHI,"DELHI",S10042;S10042,Y,0,0,0,N,0,441,D,"",,"A-35 GANESH NAGARTIMBER MARKET         OPP.METRO PILLER NO.539                  NEW DELHI",,"SURINDER DABAR",,,,,,AEMPD2111B,DELHI,0,,,laxmitimbermerchants@gmail.com,,,0,0,,0,,,,0,1971-01-01,1971-01-01,1971-01-01,,,,110018,0,0,no,no,no,no,,,,
L920,"L M DAS & SONS",,NEW DELHI,"NEW DELHI",,Y,0,,0,N,0,,O,"",,"A-37 W.H.S. KIRTI NAGAR",,"",,,,,,,NEW DELHI,0,,,,,,0,0,,0,,,,0,0000-00-00,0000-00-00,0000-00-00,,,,,0,0,,no,,no,,,,
M0019,"MADAN LAL & DWARIKA PRASAD",,LUCKNOW (U.P.),"LUCKNOW (U.P.)",,Y,0,0,0,N,0,,O,"",,"102/25SHIVAJI MARG",,"",,,,,,ABSPA4362L,LUCKNOW (U.P.),0,,,,,,0,0,,0,,,,0,0000-00-00,0000-00-00,0000-00-00,,,,,0,0,,no,,no,,,,
M0020,"MAHADEV PLYWOOD CENTRE",,BALOTRA,"BALOTRA",,Y,0,0,0,N,0,,O,"",,"2ND RAILWAY CROSSING KHER ROAD OPP. DHARM KANTA",,"SHANKAR LAL CHOUDHRY",,,,,,AFQPP4796R,BALOTRA,0,,,shankarlal.choudhry@gmail.com,,,0,0,,0,,,,0,0000-00-00,0000-00-00,0000-00-00,,,,,0,0,,no,,no,,,,
M0024,"MISTRY MOOLCHAND HIRALAL",9414122858,RANI,"RANI",D10323,Y,1500000,30,0,N,0,427,D,"",,"PRATAP BAZAR RANI 360115 DIST. PALI",,"SUKUNRAJ SUTHAR",,,,,,AQGPS5261F,RANI,0,,,mistrymoolchand@yahoo.com,,,0,0,,0,,,,0,0000-00-00,0000-00-00,0000-00-00,,,,306115,0,0,,,,,,,,
M0050,"MAYUR ENTERPRISES",9724219999,VALVDI,"VALVDI",,Y,0,30,0,N,0,,O,"",,"SURVEY NO 42 GONDAL ROAD BEHIND PERFECT MARUTI SHOWROOM",,"RAJULBEN GIRISHKUMAR RUGH",,,,,,ABKPR8260J,VALVDI,0,,,,,,0,0,,0,,,,0,0000-00-00,0000-00-00,0000-00-00,,,,,0,0,,no,,no,,,,
M016,"MALPANI WOOD IND (P) LTD NAGPUR",,,"",,Y,0,,0,N,0,,O,"",,"",,"",,,,,,,,0,,,,,,0,0,,0,,,,0,0000-00-00,0000-00-00,0000-00-00,,,,,0,0,,no,,no,,,,
M046,"MANN PLYWOOD",9811516467,NEW DELHI,"NEW DELHI",S10042,Y,500000,30,0,N,0,441,O,"",,"SHOP NO.25 PITAMPURA",,"SANJAY MANN",,,,,,AOCPK3466J,NEW DELHI,0,,,mannplywood@gmail.com,,,0,0,,0,,,,0,0000-00-00,0000-00-00,0000-00-00,,,,110034,0,0,no,no,,no,,,,
M048,"MALIK BROTHERS",9354913050,PANIPAT (HARYANA),"PANIPAT (HARYANA)",,Y,1500000,0,0,N,0,,O,"M650",,"MAIN ROAD BISHEN SAROOP COLONY",,"DHEERAJ MALIK",,,,,,AALFM2326A,PANIPAT (HARYANA),0,,,maliktimber@gmail.com,,,0,0,,0,,,,0,0000-00-00,0000-00-00,0000-00-00,,,,,0,0,,no,,no,,,,
M049,"MAHALAXMI LUMERS PVT.LTD.",,NEW DELHI,"NEW DELHI",,Y,0,,0,N,0,,O,"",,"1/57AW.H.S.KIRTI NAGAR",,"",,,,,,,NEW DELHI,0,,,,,,0,0,,0,,,,0,0000-00-00,0000-00-00,0000-00-00,,,,,0,0,,no,,no,,,,
M100,"MTNL DOLPHIN",,,"",,Y,0,,0,N,0,,O,"",,"",,"",,,,,,,,0,,,,,,0,0,,0,,,,0,0000-00-00,0000-00-00,0000-00-00,,,,,0,0,,no,,no,,,,
M1001,"MAYANK PLYWOODS",332212172,KOLKATA,"KOLKATA",S01885,Y,0,0,0,N,0,457,D,"",,"34 CHITTARANJAN AVENUE                  KOLKATA",,"UMANG CHOWDHARY",,,,,,AAFFM1878D,KOLKATA,0,,,,,,0,0,,0,,,,0,0000-00-00,0000-00-00,0000-00-00,,,,700012,0,0,,,,,,,,
M1018,"MUKESH JANGID",,,"",,Y,0,,0,N,0,,O,"",,"NEW DELHI",,"",,,,,,,,0,,,,,,0,0,,0,,,,0,0000-00-00,0000-00-00,0000-00-00,,,,,0,0,,no,,no,,,,
M1041,"MADEVANS TRADINGS PVT LTD.",,Bangalore,"BANGALORE",,Y,0,0,0,N,0,553,O,"",,"84S.T.HOUSERECHMOND ROAD",,"0",,,,,,,BANGALORE,0,,,0,,,0,0,,0,,,,0,0000-00-00,0000-00-00,0000-00-00,,,,560025,0,0,,,,,,,,
M1043,"MAHAVIR TIMBER TRDING CO. (NAGPUR)",8554055552,NAGPUR,"NAGPUR",D01982,Y,0,0,0,N,0,331,O,"",,"SHOP NO: 1.2                             JANAK APPARTMENTS",,"0",,,,,,AIUPP9862F,NAGPUR,0,,,0,,,0,0,,0,,,,0,1971-01-01,1971-01-01,1971-01-01,,,,440020,0,0,no,no,no,no,,,,
M1056,"MOHIDIN WOODS & PLYWOODS",09922369900,VASCO,"VASCO",S01698,Y,1500000,60,0,N,0,553,D,"",,"NEXT TO CHICALIM PANCHAYATCHICALIM VASCO-DA-GAMA",,"ADNAN",0832-2540092,,,,,AAJFM4130G,VASCO,0,,,adnan@mohidins.com,,,0,0,,0,,,,0,0000-00-00,0000-00-00,0000-00-00,,,,403711,0,0,,no,,no,,,,
M1062,"MAIZON INTERIORS PVT LTD",,NEW DELHI,"NEW DELHI",,Y,0,30,0,N,0,,P,"",,"K-66 UDYOG NAGAR",,"",,,,,,AAECM8454H,NEW DELHI,0,,,,,,0,0,,0,,,,0,0000-00-00,0000-00-00,0000-00-00,,,,,0,0,,no,,no,,,,
M1064,"MAHALAXMI PLYWOOD",,KATIHAR,"KATIHAR",,Y,0,30,0,N,0,219,D,"",,"KATIHAR",,"",,,,,,,KATIHAR,0,,,,,,0,0,,0,,,,0,0000-00-00,0000-00-00,0000-00-00,,,,845105,0,0,,no,,no,,,,
M1068,"M T D ENTERPRISES",9425010007,Bangalore,"BANGALORE",,Y,9000000,30,0,N,0,446,P,"",,"MTD HOUSE B-269 SHAPURANEAR MANISHA MARKET",,"MAMTA YADAV",,,,,,AASPY3720H,BHOPAL,0,,,mpbhopal1976@gmail.com,,,0,0,,0,,,,0,0000-00-00,0000-00-00,0000-00-00,,,,462016,0,0,,no,,no,,,,
M1068,"M T D ENTERPRISES",9425010007,BHOPAL,"BHOPAL",,Y,9000000,30,0,N,0,446,P,"",,"MTD HOUSE B-269 SHAPURANEAR MANISHA MARKET",,"MAMTA YADAV",,,,,,AASPY3720H,BHOPAL,0,,,mpbhopal1976@gmail.com,,,0,0,,0,,,,0,0000-00-00,0000-00-00,0000-00-00,,,,462016,0,0,,no,,no,,,,
M1069,"MOHAN LAL GHANSHAM DASS",9817162217,BATHINDA,"BATHINDA",S10074,Y,1500000,0,0,N,0,454,D,"",,"MOHAN LAL GHANSHAM DASS OPP.HDFC BANKNR BUS STANDG T ROAD",,"RAJIV BANSAL",9855053500,,,,,AAOPB2500N,BATHINDA,0,,,mlgd777@gmail.com,,,0,0,,0,,,,0,0000-00-00,0000-00-00,0000-00-00,,,,151001,0,0,,no,,no,,,,
M1074,"MOBILE WORLD COMMUNICATION",,,"",,Y,0,,0,N,0,,O,"",,"",,"",,,,,,,,0,,,,,,0,0,,0,,,,0,0000-00-00,0000-00-00,0000-00-00,,,,,0,0,,no,,no,,,,
M1076,"MARCURY VIDEO",,PUNJAB,"PUNJAB",,Y,0,,0,N,0,,O,"",,"",,"",,,,,,,PUNJAB,0,,,,,,0,0,,0,,,,0,0000-00-00,0000-00-00,0000-00-00,,,,,0,0,,no,,no,,,,
M1086,"M.K.JAIN BUILDERS (P) LTD",,JIND (HARYANA),"JIND (HARYANA)",,Y,0,,0,N,0,,O,"",,"GOHANA ROAD OPP.BAL BHAWAN",,"",,,,,,,JIND (HARYANA),0,,,,,,0,0,,0,,,,0,0000-00-00,0000-00-00,0000-00-00,,,,,0,0,,no,,no,,,,
M1088,"MALHOTRA CONSTRUCTION (P) LTD",,,"",,Y,0,,0,N,0,,O,"",,"12/AGREEN PARK HISSAR HARYANA-125001",,"",,,,,,,,0,,,,,,0,0,,0,,,,0,0000-00-00,0000-00-00,0000-00-00,,,,,0,0,,no,,no,,,,
M1093,"MADHYA BHARAT VENTURES PRIVATE LIMITED",8349553699,BHOPAL,"BHOPAL",S01883,Y,0,0,0,N,0,446,O,"",,"E-1/186 ARERA COLONY                     BHOPAL",,"0",,,,,,AACCM7952N,BHOPAL,0,,,lmbhopal@gmail.com,,,0,0,,0,,,,0,1971-01-01,1971-01-01,1971-01-01,,,,462016,0,0,no,no,no,no,,,,
M1095,"MULTIPLY & LAMINATES",,LUCKNOW (U.P.),"LUCKNOW (U.P.)",,Y,0,,0,N,0,,O,"",,"102/11SHIVAJI MARG",,"",,,,,,,LUCKNOW (U.P.),0,,,,,,0,0,,0,,,,0,0000-00-00,0000-00-00,0000-00-00,,,,,0,0,,no,,no,,,,
M1097,"MILLENNIUM CONSTRUCTION PVT LTD",,NOIDA,"NOIDA",,Y,0,,0,N,0,,P,"",,"PLOT NO.A 2 SECTOR-38A",,"",,,,,,,NOIDA,0,,,,,,0,0,,0,,,,0,0000-00-00,0000-00-00,0000-00-00,,,,,0,0,,no,,no,,,,
M1102,"MC WELL EXIM PVT LTD",,NOIDA (U.P.),"NOIDA (U.P.)",,Y,0,,0,N,0,,O,"",,"C-89SECTOR-65",,"",,,,,,,NOIDA (U.P.),0,,,,,,0,0,,0,,,,0,0000-00-00,0000-00-00,0000-00-00,,,,,0,0,,no,,no,,,,
M1128,"MOHAN LAL & SONS",9812320297,KURUKSHETRA,"KURUKSHETRA",,Y,7000000,45,0,N,0,,D,"",,"45 ARYA SAMAJ MARKET OPP.GITA SCHOOL",,"ANUJ SINGLA",,,,,,APUPS7366G,KURUKSHETRA,0,,,singlaanuj9@gmail.com,,,0,0,,0,,,,0,0000-00-00,0000-00-00,0000-00-00,,,,,0,0,,no,,no,,,,
M113,"SRI MAHALAXMI TIMBER DEPOT",9449863353,Bangalore,"BANGALORE",S01405,Y,3000000,60,0,N,0,553,D,"",,"113/3 OLD MADRAS ROADULSOOR",,"VIJAY S PATEL",08025367836,,,,,AALFS7150C,BANGALORE,0,,,smtd08@gmail.com,,,0,0,,0,,,,0,0000-00-00,0000-00-00,0000-00-00,,,,560008,0,0,,no,,no,,,,
M1131,"MINATI KAKOTI",,JEYPORE,"JEYPORE",,Y,0,,0,N,0,,O,"",,"",,"",,,,,,,JEYPORE,0,,,,,,0,0,,0,,,,0,0000-00-00,0000-00-00,0000-00-00,,,,,0,0,,no,,no,,,,
M1133,"MANAV DISTRIBUTORS PVT LTD",,Bangalore,"BANGALORE",,Y,1000000,,0,N,0,553,P,"",,"# 56 TIMBER YARD LAYOUTMYSORE ROADIndia",,"",,,,,,,BANGALORE,0,,,,,,0,0,,0,,,,0,0000-00-00,0000-00-00,0000-00-00,,,,560026,0,0,,no,,no,,,,
M114,"MAHESH BUILDING MATERIAL STORE",9996019516,JIND,"JIND",S10197,Y,2000000,45,0,N,0,443,D,"",,"ANAJ MANDI",,"MAHESH AGGARWAL",,,,,,AAWPK7966M,JIND,0,,,maheshbuilding@gmail.com,,,0,0,,0,,,,0,0000-00-00,0000-00-00,0000-00-00,,,,126102,0,0,,,,,,,,
M1141,"MANJEET INDUSTRIES",9814129252,TRAJPURA (PUNJAB),"TRAJPURA (PUNJAB)",,Y,0,,0,N,0,,O,"",,"CALIBER MARKET",,"",,,,,,,TRAJPURA (PUNJAB),0,,,,,,0,0,,0,,,,0,0000-00-00,0000-00-00,0000-00-00,,,,,0,0,,no,,no,,,,
M1143,"DR. M. VORA",0,KOLKATA,"KOLKATA",S01657;D02002,Y,0,0,0,N,0,457,O,"",,"TIVOLI COURT 8 BULLYGANJ CIRCULAR ROAD FLAT NO 74C",,"0",,,,,,0,KOLKATA,0,,,0,,,0,0,,0,,,,0,0000-00-00,0000-00-00,0000-00-00,,,,700019,0,0,,no,,no,,,,
M1148,"MAA GOJABAYANI DEVELOPERS",,BHUBANESWAR,"BHUBANESWAR",,Y,0,,0,N,0,,O,"",,"PLOT NO 3701/7759 PRACHI VIHAR BHUBANESWAR",,"",,,,,,,BHUBANESWAR,0,,,,,,0,0,,0,,,,0,0000-00-00,0000-00-00,0000-00-00,,,,,0,0,,no,,no,,,,
M117,"MARUTI PLYWOOD & HARDWARE",,RAIPUR  ( C.G.),"RAIPUR  ( C.G.)",,Y,0,,0,N,0,,O,"",,"JANAK BADAGOPAL BAGH RAIPUR",,"",,,,,,,RAIPUR  ( C.G.),0,,,,,,0,0,,0,,,,0,0000-00-00,0000-00-00,0000-00-00,,,,,0,0,,no,,no,,,,
M1170,"MAHAVIR TIMBER & PLYWOOD",,NAGPUR,"NAGPUR",,Y,0,,0,N,0,,O,"",,"SHOP-NO.-12 JANAK APARTMENT LAKADGANJ GARDEN LAKADGANJ",,"",,,,,,,NAGPUR,0,,,,,,0,0,,0,,,,0,0000-00-00,0000-00-00,0000-00-00,,,,,0,0,,no,,no,,,,
M1171,"MAHENDRA CONSTRUCTION",9425007097,BHOPAL,"BHOPAL",S01883,Y,0,0,0,N,0,446,O,"",,"204 ZONE II                              M.P. NAGAR",,"0",,,,,,AARPA4435C,BHOPAL,0,,,mahendra.ag@gmail.com,,,0,0,,0,,,,0,1971-01-01,1971-01-01,1971-01-01,,,,462001,0,0,no,no,no,no,,,,
M118,"MAYA UDYOG",,NEW DELHI,"NEW DELHI",,Y,0,,0,N,0,,O,"",,"2045/2ST.NO.6CHUNAMANDI PAHARGANJ",,"",,,,,,,NEW DELHI,0,,,,,,0,0,,0,,,,0,0000-00-00,0000-00-00,0000-00-00,,,,,0,0,,no,,no,,,,
M1182,"MANISH MAHESHWARI",9811085359,NEW DELHI,"NEW DELHI",S10056;S10056,Y,0,0,0,N,0,441,O,"",,"NAVJEEVAN VIHAR                          NEW DELHI",,"0",,,,,,,DELHI,0,,,,,,0,0,,0,,,,0,1971-01-01,1971-01-01,1971-01-01,,,,110017,0,0,no,no,no,no,,,,
M1182,"MANISH MAHESHWARI",9811085359,DELHI,"DELHI",S10056;S10056,Y,0,0,0,N,0,441,O,"",,"NAVJEEVAN VIHAR                          NEW DELHI",,"0",,,,,,,DELHI,0,,,,,,0,0,,0,,,,0,1971-01-01,1971-01-01,1971-01-01,,,,110017,0,0,no,no,no,no,,,,
M1192,"MAHAVIR PLYWOOD & LAMINATES",9422247508,NASHIK,"NASHIK",D01978,Y,0,0,0,N,0,331,D,"",,"SHOP NO 3GAVKARI COMPLEX                OPPO RED CROSS                           TILAK PATH",,"SANDEEP BHANDARI",,,,,,AAHFM2709H,NASHIK,0,,,sandeep.mahavirply2506@gamil.com,,,0,0,,0,,,,0,1971-01-01,1971-01-01,1971-01-01,,,,422001,0,0,no,no,no,no,,,,
M1192,"MAHAVIR PLYWOOD & LAMINATES",9422247508,NASIK,"NASIK",D01978,Y,0,0,0,N,0,331,D,"",,"SHOP NO 3GAVKARI COMPLEX                OPPO RED CROSS                           TILAK PATH",,"SANDEEP BHANDARI",,,,,,AAHFM2709H,NASHIK,0,,,sandeep.mahavirply2506@gamil.com,,,0,0,,0,,,,0,1971-01-01,1971-01-01,1971-01-01,,,,422001,0,0,no,no,no,no,,,,
M1196,"MNIT JAIPUR ALUMNI ASSOCIATION",,JAIPUR,"JAIPUR",,Y,0,,0,N,0,,O,"",,"MNIT CAMPUSJAWAHAR NEHRU MARG",,"",,,,,,AACTM2584M,JAIPUR,0,,,,,,0,0,,0,,,,0,0000-00-00,0000-00-00,0000-00-00,,,,,0,0,,no,,no,,,,
M1200,"M D ENTERPRISES",09811146553,NEW DELHI,"NEW DELHI",S10042,Y,0,0,0,N,0,441,D,"",,"1/50/1WHSKIRTI NAGAR",,"",,,,,,AADPA8167H,NEW DELHI,0,,,,,,0,0,,0,,,,0,0000-00-00,0000-00-00,0000-00-00,,,,110015,0,0,no,no,,no,,,,
M1201,"MARWARI RESORT PVT LTD",,JODHPUR-RAJASTHAN,"JODHPUR-RAJASTHAN",,Y,0,,0,N,0,,D,"",,"39A-SHAKTI NAGAR ROAD NO.2PAWTA C ROAD",,"",,,,,,AAGCM5155M,JODHPUR-RAJASTHAN,0,,,,,,0,0,,0,,,,0,0000-00-00,0000-00-00,0000-00-00,,,,,0,0,,no,,no,,,,
M1203,"MAHAVEER HARDWARE & PLYWOOD",,,"",,Y,1000000,45,0,N,0,553,D,"",,"# 24 ASHOKA ROADMYSORE",,"",,,,,,,,0,,,,,,0,0,,0,,,,0,0000-00-00,0000-00-00,0000-00-00,,,,570001,0,0,,no,,no,,,,
M1208,"MANOJ KHANDELWAL",9810061080,NEW DELHI,"NEW DELHI",,Y,0,,0,N,0,,O,"",,"1318D.B.GUPTA ROAD KAROL BAGH",,"",,,,,,AFMPK7419N,NEW DELHI,0,,,,,,0,0,,0,,,,0,0000-00-00,0000-00-00,0000-00-00,,,,,0,0,,no,,no,,,,
M1209,"M P PLYWOOD",,NEW DELHI,"NEW DELHI",,Y,0,,0,N,0,,P,"",,"C561 CHIRAG DELHI",,"",,,,,,AACPT6992J,NEW DELHI,0,,,,,,0,0,,0,,,,0,0000-00-00,0000-00-00,0000-00-00,,,,,0,0,,no,,no,,,,
M1211,"MALPANI TRADE LINKS PRIVATE LIMITED",,KOLKATA,"KOLKATA",,Y,0,0,0,N,0,457,O,"",,"P-400B KEYATALA LANE                    1ST FLOOR",,"0",,,,,,AACCM5730M,KOLKATA,0,,,0,,,0,0,,0,,,,0,0000-00-00,0000-00-00,0000-00-00,,,,700029,0,0,,,,,,,,
M1213,"MAHENDRA GLASS & PLYWOOD CO",9416553325,AMBALA CITY,"AMBALA CITY",,Y,2000000,45,0,N,0,,D,"",,"SARAFA BAZAR",,"NAVEEN MITTAL",,,,,,ABRPR7397D,AMBALA CITY,0,,,mahendra.glass2@gmail.com,,,0,0,,0,,,,0,0000-00-00,0000-00-00,0000-00-00,,,,,0,0,,no,,no,,,,
M1216,"MASTER TEA COMPANY",9810068144,DELHI,"DELHI",,Y,0,,0,N,0,,O,"",,"E-1/235 SECTOR-11 ROHINI",,"",,,,,,,DELHI,0,,,,,,0,0,,0,,,,0,0000-00-00,0000-00-00,0000-00-00,,,,,0,0,,no,,no,,,,
M1240,"MONTU GOGOI",,JEYPORE,"JEYPORE",,Y,0,,0,N,0,,O,"",,"VILL. NAGAGHAT P.O. JEYPORE ASSAM",,"",,,,,,,JEYPORE,0,,,,,,0,0,,0,,,,0,0000-00-00,0000-00-00,0000-00-00,,,,,0,0,,no,,no,,,,
M1242,"MAWLONG SAW CUM VENEER MILL",,MEGHALAYA,"MEGHALAYA",,Y,0,,0,N,0,,O,"",,"UMIAM INDUSTRIAL AREA UMIAM BARAPAN",,"",,,,,,,MEGHALAYA,0,,,,,,0,0,,0,,,,0,0000-00-00,0000-00-00,0000-00-00,,,,,0,0,,no,,no,,,,
M1246,"MUNINDRA URANGIA",,NAHARKATIA,"NAHARKATIA",,Y,0,,0,N,0,,O,"",,"NAHARKATIA  ASSAM",,"",,,,,,,NAHARKATIA,0,,,,,,0,0,,0,,,,0,0000-00-00,0000-00-00,0000-00-00,,,,,0,0,,no,,no,,,,
M1247,"MAHAVIR OVERSEAS",9811618114,DELHI,"DELHI",,Y,0,0,0,N,0,457,O,"",,"878-A SHYAM MARKET                      1ST FLOOR                                S P MUKHERJEE MARG",,"0",,,,,,AKBPJ3770H,DELHI,0,,,,,,0,0,,0,,,,0,1971-01-01,1971-01-01,1971-01-01,,,,110006,0,0,no,no,no,no,,,,
M1253,"MEHTA DECOR",9974999234,JAMNAGAR,"JAMNAGAR",S01769;D02029,Y,0,0,0,N,0,332,D,"",,"NEAR RAILWAY SIDING                      GALAXY TALKIES ROAD",,"CHINTANBHAI MEHTA",9974999234,,,,,ANCPM4915H,JAMNAGAR,0,,,mehtadecor9@gmail.com,,,0,0,,0,,,,0,1971-01-01,1971-01-01,1971-01-01,,,,361001,0,0,no,no,no,no,,,,
M1255,"MAHARAJ  GLASS & PLYWOOD CO",9811644745,DELHI,"DELHI",S10152,Y,1500000,30,0,N,0,441,O,"",,"412 JHEEL KURANJA",,"YASH KUMAR",,,,,,AAMPM8465F,DELHI,0,,,mgpc999@gmail.com,,,0,0,,0,,,,0,0000-00-00,0000-00-00,0000-00-00,,,,110051,0,0,no,no,,no,,,,
M1268,"MAZAGON DOCK LTD",,MUMBAI,"MUMBAI",,Y,1000000,45,0,N,0,331,O,"",,"DOCKYARD ROAD",,"",2223763249,,,,,,MUMBAI,0,,,,,,0,0,,0,,,,0,0000-00-00,0000-00-00,0000-00-00,,,,400010,0,0,,no,,no,,,,
M1280,"M M PLYWOOD AND HARDWARE",7552571707,BHOPAL,"BHOPAL",S01883;D02049,Y,2500000,30,0,N,0,446,D,"",,"2/4AMBER COMPLEX ZONE-IIM.P.NAGAR",,"",,,,,,AAVPT5056G,BHOPAL,0,,,mmplywood2013@gmail.com,,,0,0,,0,,,,0,0000-00-00,0000-00-00,0000-00-00,,,,462011,0,0,,,,,,,,
M1285,"MOHINDER BANSAL",9810137175,DELHI,"DELHI",,Y,0,,0,N,0,,O,"",,"H.NO.1/3 MODEL TOWN",,"",,,,,,AAAPB5140Q,DELHI,0,,,,,,0,0,,0,,,,0,0000-00-00,0000-00-00,0000-00-00,,,,,0,0,,no,,no,,,,
M1287,"MAHESHWARI TIMBERS",9837546888,MEERUT,"MEERUT",S10142;S10142,Y,0,0,0,N,0,448,D,"",,"210 WESTEND ROAD                        MEERUT CANTT",,"SHUBHAM MAHESHWARI",,,,,,AJVPM3299B,MEERUT,0,,,maheshwaritimbers@yahoo.in,,,0,0,,0,,,,0,1971-01-01,1971-01-01,1971-01-01,,,,250001,0,0,no,no,no,no,,,,
M1287,"MAHESHWARI TIMBERS",9837546888,MEERUT CANTT,"MEERUT CANTT",S10142;S10142,Y,0,0,0,N,0,448,D,"",,"210 WESTEND ROAD                        MEERUT CANTT",,"SHUBHAM MAHESHWARI",,,,,,AJVPM3299B,MEERUT,0,,,maheshwaritimbers@yahoo.in,,,0,0,,0,,,,0,1971-01-01,1971-01-01,1971-01-01,,,,250001,0,0,no,no,no,no,,,,
M1294,"M KARTHIK PLYWOODS",9842107887,MADURAI,"MADURAI",,Y,0,30,0,N,0,,D,"",,"130 SOUTHVELI STREET",,"MURUGAVEL",,,,,,,MADURAI,0,,,,,,0,0,,0,,,,0,0000-00-00,0000-00-00,0000-00-00,,,,,0,0,,no,,no,,,,
M1295,"MAYURI CHAITANYA KIRAN INTERIORS",9246747425,VIJAYAWADA,"VIJAYAWADA",D01987,Y,2000000,45,0,N,0,525,D,"",,"GROUND FLOOR 27-4-2/1 TADANKIVARI STREET GOVERNORPET VIJAYAWADA KRISHNA DISTRICT",,"",9246747425,,,,,BIPPK3630J,VIJAYAWADA,0,,,mck.duroply@gmail.com,,,0,0,,0,,,,0,0000-00-00,0000-00-00,0000-00-00,,,,520002,0,0,,,,,,,,
M1298,"MAMTA TRADING COMPANY",8989141100,JABALPUR,"JABALPUR",,Y,2000000,30,0,N,0,446,D,"",,"678 G/FLOOR  KACHNAR SHIKHAROLD VINIT  TALKIESMARHATAL",,"SHREE P S BINDRA",,,,,,AEIPD1354E,JABALPUR,0,,,,,,0,0,,0,,,,0,0000-00-00,0000-00-00,0000-00-00,,,,482001,0,0,,no,,no,,,,
M1306,"MAHESH GLASS & PLYWOOD",9964795765,MYSORE,"MYSORE",S01405,Y,500000,30,0,N,0,553,D,"",,"# 2043 GADDIGE MAIN ROAD BOGADI",,"MAHESH",,,,,,BKSPP7157A,MYSORE,0,,,maheshpanwar111@gmail.com,,,0,0,,0,,,,0,0000-00-00,0000-00-00,0000-00-00,,,,,0,0,,no,,no,,,,
M1307,"MARUTI GLASS",9435056749,SIBSAGAR,"SIBSAGAR",,Y,0,30,0,N,0,,O,"",,"A T ROAD",,"AJAY KR.AGARWAL",,,,,,,SIBSAGAR,0,,,,,,0,0,,0,,,,0,0000-00-00,0000-00-00,0000-00-00,,,,,0,0,,no,,no,,,,
M1326,"MAHESH TIMBER MART",9414243201,BALOTRA,"BALOTRA",,Y,0,0,0,N,0,,D,"",,"AASU JI KA AARA",,"BHANWARLAL SUTHAR",02988222304,,,,,ABNPS1920P,BALOTRA,0,,,maheshtimberblt@gmail.com,,,0,0,,0,,,,0,0000-00-00,0000-00-00,0000-00-00,,,,344022,0,0,,no,,no,,,,
M1330,"MARUTI PLYWOOD.",,RAJKOT,"RAJKOT",S01915,Y,0,0,0,N,0,332,D,"",,"6/7 Silver Chambers                    Tagore Road",,"JITEN GAJJAR",,,,,,AADFM2266M,Rajkot,0,,,,,,0,0,,0,,,,0,1971-01-01,1971-01-01,1971-01-01,,,,360001,0,0,no,no,no,no,,,,
M1334,"MID INDIA TRADING CORPORATION",09425069616,INDORE,"INDORE",S01630,Y,2000000,30,0,N,0,446,D,"",,"90/B SNEH NAGARBEHIND NAVLAKHA COMPLEX",,"MURTAZA ALI",07314021780,,,,,ABTPA4930B,INDORE,0,,,mar_mur24@yahoo.com,,,0,0,,0,,,,0,0000-00-00,0000-00-00,0000-00-00,,,,452001,0,0,,no,,no,,,,
M1336,"MAHALAXMI PLY CENTRE",8986037260,ROSRA,"ROSRA",,Y,100000,30,0,N,0,219,O,"",,"CINEMA CHOWK BAHIRI  ROSRAIndia",,"",,,,,,AQAPJ9689D,ROSRA,0,,,,,,0,0,,0,,,,0,0000-00-00,0000-00-00,0000-00-00,,,,848210,0,0,,no,,no,,,,
M1340,"M M ENTERPRISES",9712359999,RAJKOT,"RAJKOT",,Y,0,15,0,N,0,,O,"",,"SHRI GIRIRAJ 150 FT RING ROAD NEAR MAVDI CIRCLE",,"",,,,,,,RAJKOT,0,,,avrughani@yahoo.co.in,,,0,0,,0,,,,0,0000-00-00,0000-00-00,0000-00-00,,,,,0,0,,no,,no,,,,
M1348,"MAHAVIR TRADERS",9719700450,RUDRAPUR,"RUDRAPUR",,Y,0,0,0,N,0,,D,"",,"OLD ALLAHABAD BANK STREET",,"",,,,,,BZFPS6305F,RUDRAPUR,0,,,,,,0,0,,0,,,,0,0000-00-00,0000-00-00,0000-00-00,,,,,0,0,,no,,no,,,,
M135,"MULTI CHANNEL CREATIONS",,,"",,Y,0,,0,N,0,,O,"",,"",,"",,,,,,,,0,,,,,,0,0,,0,,,,0,0000-00-00,0000-00-00,0000-00-00,,,,,0,0,,no,,no,,,,
M1350,"MATESHWARI DEVELOPERS",9386365701,PATNA,"PATNA",S01386,Y,100000,0,0,N,0,219,O,"",,"101B.P. COMPLEX KADAMKUAN",,"BIJAY KUMAR",,,,,,,PATNA,0,,,,,,0,0,,0,,,,0,0000-00-00,0000-00-00,0000-00-00,,,,800003,0,0,,no,,no,,,,
M1351,"MATESWARI PLYWOOD HOME",7631760406,Chapra,"CHAPRA",,Y,100000,30,0,N,0,219,D,"",,"HARI MOHAN GALIGANGA GOPAL COMPLEXMUNICIPAL CHOWK",,"RAJNISH KUMAR",,,,,,CSWPK4205P,CHAPRA,0,,,,,,0,0,,0,,,,0,0000-00-00,0000-00-00,0000-00-00,,,,841301,0,0,,no,,no,,,,
M1356,"MORAN BLIND SCHOOL JAAB",,MORAN,"MORAN",,Y,0,0,0,N,0,,O,"",,"MORAN  ASSAM",,"",,,,,,AAAAJ4016A,MORAN,0,,,,,,0,0,,0,,,,0,0000-00-00,0000-00-00,0000-00-00,,,,,0,0,,no,,no,,,,
M1372,"MURALI KRISHNA PLYWOODS & HARDWARE",09393626638,VIZIANAGARAM,"Vizianagaram",S01888,Y,1500000,30,0,N,0,525,D,"",,"DR NO: 17-10-5AYODYA ROAD OPP. TTD KALYANAMANDAPAM",,"CH RAM MOHAN",9393626638,,,,,AAXPC8444P,VIZIANAGARAM,0,,,mohan.mkply@gmail.com,,,0,0,,0,,,,0,0000-00-00,0000-00-00,0000-00-00,,,,535002,0,0,,no,,no,,,,
M1388,"M.S.PLY",09422030732,Pune,"PUNE",,Y,1500000,30,0,N,0,331,O,"",,"47 NEW TIMBER MARKET",,"DINESH SHANTILAL PORWAL",02026444233,,,,,ABGPP3823M,PUNE,0,,,porwal.dinesh@gmail.com,,,0,0,,0,,,,0,0000-00-00,0000-00-00,0000-00-00,,,,411002,0,0,,no,,no,,,,
M1389,"M.S.ENTERPRISES",9818975451,WEST DELHI,"WEST DELHI",S10042,Y,0,0,0,N,0,441,O,"B729",,"A-2/4 WHS KIRTI NAGAR",,"MUKESH SWAMI",,,,,,CDAPS1177H,WEST DELHI,0,,,msenterprises25@gmail.com,,,0,0,,0,,,,0,0000-00-00,0000-00-00,0000-00-00,,,,110015,0,0,no,no,,no,,,,
M1392,"MULJI MARKETING",09657003102,Pune,"PUNE",,Y,2000000,30,0,N,0,331,D,"",,"Plot no:59 New Timber MarketBhawani Peth",,"VIRAL CHANDRAKANT SEJPAL",02026437831,,,,,AALFM1000H,PUNE,0,,,muljimarketing@gmail.com,,,0,0,,0,,,,0,0000-00-00,0000-00-00,0000-00-00,,,,411042,0,0,,no,,no,,,,
M1396,"MODERN TRADING CORPORATION",9837546888,MEERUT,"MEERUT",,Y,0,45,0,N,0,,O,"M1287",,"B-2SPORTS COMPLEX DELHI ROAD India",,"",,,,,,AAEFM0469K,MEERUT,0,,,maheshwaritimbers@gmail.com,,,0,0,,0,,,,0,0000-00-00,0000-00-00,0000-00-00,,,,,0,0,,no,,no,,,,
M1399,"MELFRANK ENGINEERS",9819354395,MUMBAI,"MUMBAI",,Y,3000000,30,0,N,0,331,O,"",,"A DIV OF NUWAVE MARKETING PVT.LTD.UNIT:8 J.K.INDL ESTATE ANDHERI EIndia",,"RAJESH PAWAR",02240154850,,,,,AAACN5153A,MUMBAI,0,,,coolingtower@melfrank.in,,,0,0,,0,,,,0,0000-00-00,0000-00-00,0000-00-00,,,,400093,0,0,,no,,no,,,,
M1406,"MITTAL CONSTRUCTION UNIT",,MUZAFFAR NAGAR,"MUZAFFAR NAGAR",,Y,0,0,0,N,0,,P,"",,"S.D.COLLEGE MARKETUPPER STOREY NEAR TOWN HALL India",,"",,,,,,AABFM3190L,MUZAFFAR NAGAR,0,,,,,,0,0,,0,,,,0,0000-00-00,0000-00-00,0000-00-00,,,,,0,0,,no,,no,,,,
M1422,"M SQUARE ENGINEERS",,Pune,"PUNE",,Y,500000,7,0,N,0,331,O,"",,"Siddharth Park B-2Bhusari Colony KothrudIndia",,"",,,,,,,Pune,0,,,msquare@pn3.vsnl.net.in,,,0,0,,0,,,,0,0000-00-00,0000-00-00,0000-00-00,,,,411029,0,0,,no,,no,,,,
M1427,"MBL INFRASTRUCTURES LTD.",9891525644,SONEPAT,"SONEPAT",S10155,Y,0,45,0,N,0,441,P,"",,"LEVEL CROSSING NO.27GOHANA ROAD NEAR OLD HINDU COLLEGE India",,"MR. TANUJ JI",,,,,,AACCM0564C,SONEPAT,0,,,delhi@mblindia.com,,,0,0,,0,,,,0,0000-00-00,0000-00-00,0000-00-00,,,,999999,0,0,no,no,,no,,,,
M1432,"MANISH VASU & CO.",9313373467,GHAZIABAD,"GHAZIABAD",S10152;S10015;S10230,Y,0,0,0,N,0,451,O,"",,"PLOT NO.1VASUNDHRA PRAHALAD GADHI",,"MANISH KUMAR GOYAL",,,,,,AHLPG5124B,GHAZIABAD,0,,,manishvasuandco@gmail.com,,,0,0,,0,,,,0,0000-00-00,0000-00-00,0000-00-00,,,,201012,0,0,,,,no,,,,
M1435,"MAHARAJA ENTERPRISES",9422284145,BHUSAVAL,"BHUSAVAL",,Y,1500000,30,0,N,0,331,P,"",,"WEEKLY BAZAR",,"SUDAMDAS BATHEJA",442582224033,,,,,AAZPB4271B,BHUSAVAL,0,,,,,,0,0,,0,,,,0,0000-00-00,0000-00-00,0000-00-00,,,,425201,0,0,,no,,no,,,,
M1441,"MAGANLAL & SONS",9422030732,Pune,"PUNE",S10042,Y,2500000,30,0,N,0,331,S,"",,"47 Timber MarketIndia",,"",,,,,,,Pune,0,,,porwal.dinesh@gmail.com,,,0,0,,0,,,,0,0000-00-00,0000-00-00,0000-00-00,,,,411002,0,0,,no,,no,,,,
M1443,"MAHENDRA GARG",9617755441,INDORE,"INDORE",,Y,2000000,30,0,N,0,446,P,"",,"153-154NEMI NAGAR R.T.O. ROAD",,"",,,,,,ACHPG3448B,INDORE,0,,,,,,0,0,,0,,,,0,0000-00-00,0000-00-00,0000-00-00,,,,452001,0,0,,no,,no,,,,
M1454,"MAA VAISHNO PLYWOOD & GLASS EMPORIUM",9452332163,AZAM GARH,"AZAM GARH",,Y,0,0,0,N,0,,O,"",,"MUKHERI GANJ  India",,"",,,,,,BRVPS9580G,AZAM GARH,0,,,,,,0,0,,0,,,,0,0000-00-00,0000-00-00,0000-00-00,,,,,0,0,,no,,no,,,,
M1457,"MOUNIKA ENTERPRISES (VIZAG BRANCH)",9885443388,VISAKHAPATNAM,"VISAKHAPATNAM",S01859,Y,3000000,30,0,N,0,525,D,"",,"NO: 50-92-35/6 SANTHIPURAM",,"TILAK",9885443388,,,,,AADFM5668D,VISAKHAPATNAM,0,,,mounikaenterprisesvsp@gmail.com,,,0,0,,0,,,,0,0000-00-00,0000-00-00,0000-00-00,,,,530016,0,0,,,,,,,,
M1462,"MUAZZAM MOHD KHAN",9039591150,BHOPAL,"BHOPAL",,Y,1000000,30,0,N,0,446,P,"",,"29 ARABIAN COTTAGE OPPPOLYTECHNIC AQUAREIndia",,"",,,,,,BVEPK7546R,BHOPAL,0,,,,,,0,0,,0,,,,0,0000-00-00,0000-00-00,0000-00-00,,,,462002,0,0,,no,,no,,,,
M1463,"MITALI INTERNATIONAL",,MUMBAI,"MUMBAI",,Y,0,0,0,N,0,332,P,"",,"1 MANDAR 193TURNER ROAD BANDRA (W)India",,"",,,,,,,MUMBAI,0,,,,,,0,0,,0,,,,0,0000-00-00,0000-00-00,0000-00-00,,,,400050,0,0,,no,,no,,,,
M1465,"MAYUR PLY AGENCIES",,Goregaon (East),"Goregaon (East)",,Y,0,30,0,N,0,331,O,"",,"Punjab Diary CompoundPimpripada Road GokuldhamIndia",,"",02264460661,,,,,,Goregaon (East),0,,,,,,0,0,,0,,,,0,0000-00-00,0000-00-00,0000-00-00,,,,400097,0,0,,no,,no,,,,
M1466,"MURARI FURNITURE HOUSE",9729367933,PALWAL,"PALWAL",S10153,Y,0,45,0,N,0,441,D,"",,"JHABAR NAGARKITHWARI ROAD",,"BRIJESH SHARMA",,,,,,AAFPL5190F,PALWAL,0,,,mfh.pwl@gmail.com,,,0,0,,0,,,,0,0000-00-00,0000-00-00,0000-00-00,,,,121102,0,0,no,no,,no,,,,
M1476,"MAHARAJ TRADING COMPANY",9811644745,MANDOLIDELHI,"MANDOLI,DELHI",S10152,Y,0,45,0,N,0,441,O,"",,"H-6J.R.COMPLEX GATE NO.4 India",,"",,,,,,ALTPM0529N,MANDOLI,DELHI,0,,,,,,0,0,,0,,,,0,0000-00-00,0000-00-00,0000-00-00,,,,110092,0,0,no,no,,no,,,,
M1479,"MEGHA DOORS INC.",1302469124,DISTT.SONIPAT,"DISTT.SONIPAT",,Y,500000,0,0,N,0,,O,"",,"BHIGAN CHOWKDHATURI RD VILL.& P.O.MALICKPUR",,"",,,,,,AAJFM4993R,DISTT.SONIPAT,0,,,info@meghadoors.com,,,0,0,,0,,,,0,0000-00-00,0000-00-00,0000-00-00,,,,,0,0,,no,,no,,,,
M1482,"MARUTI BITUMEN PVT LTD",9828452111,AHMEDABAD,"AHMEDABAD",,Y,0,30,0,N,0,332,P,"",,"21 4TH FLOOR 4D SQUAREVISAT KOBA ROAD SABARMATI",,"TEJSINGH CHOUDHARY",,,,,,AAGCM2215E,AHMEDABAD,0,,,,,,0,0,,0,,,,0,0000-00-00,0000-00-00,0000-00-00,,,,380005,0,0,,no,,no,,,,
M1483,"MOLDEX COMPOSITES PVT.LTD",9825852191,SURAT,"SURAT",,Y,0,30,0,N,0,331,O,"",,"Plot No 194 195 Surat SpecialEconomic Zone Diamond Park  GIDCIndia",,"AJAY SHETH",,,,,,AAFCM3809D,SURAT,0,,,ajay.moldex@gmail.com,,,0,0,,0,,,,0,0000-00-00,0000-00-00,0000-00-00,,,,394230,0,0,,no,,no,,,,
M1485,"MUKUND RETAIL INDIA PVT.LTD.",9990224805,NEW DELHI,"NEW DELHI",S10042,Y,600000,30,0,N,0,441,O,"S2585",,"1/66/7AMAR COLONYMAIN ROHTAK ROAD OPP.METRO PILLOR NO.444NANGLOI",,"SAURABH GOYAL",,,,,,AAOCS4565P,NEW DELHI,0,,,saurabh.slpl@yahoo.com,,,0,0,,0,,,,0,0000-00-00,0000-00-00,0000-00-00,,,,110041,0,0,no,no,,no,,,,
M1489,"MBL INFRASTRUCTURES LIMITED",8800244155,NEW DELHI,"NEW DELHI",S10008,Y,0,0,0,N,0,441,P,"",,"BAANI CORPORATATE COMM.CENTRE JASOLA",,"TANUJ",,,,,,AACCM0564C,NEW DELHI,0,,,parul@mblinfra.com,,,0,0,,0,,,,0,0000-00-00,0000-00-00,0000-00-00,,,,110076,0,0,no,no,,no,,,,
M1490,"MODERN ENTERPRISES PRIVATE LIMITED",9873435068,NOIDA,"NOIDA",S10152,Y,3000000,45,0,N,0,441,D,"",,"B-43 SECTOR-9",,"VARUN RAHEJA",,,,,,AAECM9269J,NOIDA,0,,,modernenterprises2009@gmail.com,,,0,0,,0,,,,0,0000-00-00,0000-00-00,0000-00-00,,,,201301,0,0,no,no,,no,,,,
M1491,"MARUTI ENTERPRISES",9456947173,AONLA,"AONLA",,Y,0,45,0,N,0,,D,"",,"NEAR HP GAS AGENCY RAM NAGAR ROAD BAREILLY",,"RAJAT SHARMA",,,,,,EIKPS5212J,AONLA,0,,,preetisharma5486@gmail.com,,,0,0,,0,,,,0,0000-00-00,0000-00-00,0000-00-00,,,,,0,0,,no,,no,,,,
M1497,"MITTAL HARDWARE & PLYWOOD CENTRE",9413304790,ALWAR,"ALWAR",S10015,Y,0,0,0,N,0,441,D,"",,"OLD STATION ROAD SHIVAJI MARKET India",,"MUKESH KUMAR JAIN",,,,,,ABPPJ0259C,ALWAR,0,,,mittalw72@gmail.com,,,0,0,,0,,,,0,0000-00-00,0000-00-00,0000-00-00,,,,301001,0,0,,,,,,,,
M1498,"MIGLANI PLYWOOD",7027031100,ROHTAK,"ROHTAK",,Y,3000000,30,0,N,0,,D,"",,"1131A/18JHAJJAR ROAD",,"RAHUL MIGLANI",,,,,,BEGPM0368Q,ROHTAK,0,,,miglanirahul35@gmail.com,,,0,0,,0,,,,0,0000-00-00,0000-00-00,0000-00-00,,,,,0,0,,no,,no,,,,
M1500,"MEHTA PLYWOOD & HARDWARE",9416708387,SIRSA,"SIRSA",,Y,1500000,30,0,N,0,,D,"",,"CIRCULAR ROADOPP.BIKANER NURSING HOMESHIV CHOWK India",,"MUKESH CHAWLA",,,,,,ATWPC3390G,SIRSA,0,,,mukeshmehta85@gmail.com,,,0,0,,0,,,,0,0000-00-00,0000-00-00,0000-00-00,,,,,0,0,,no,,no,,,,
M1506,"MAHESHWARI TRADERS",9849644476,NIZAMABAD,"NIZAMABAD",,Y,2600000,45,0,N,0,554,D,"",,"NO: 5-6-687/3 PHULONG X ROAD India",,"VAMSHI REDDY VADIYALA",8336801700,,,,,AANFM9756A,NIZAMABAD,0,,,vamshi.vadiyala@gmail.com,,,0,0,,0,,,,0,0000-00-00,0000-00-00,0000-00-00,,,,503002,0,0,,,,,,,,
M1513,"MADULIC INTERNATIONAL TRENDS (MINT)",9837021370,DEHRADUN,"DEHRADUN",,Y,1000000,0,0,N,0,,O,"",,"C-2 MEEDO PLAZA 26/11 RAJPURA ROAD",,"AMIT SHARMA",,,,,,ADWPS5661A,DEHRADUN,0,,,ams@minttrends.com,,,0,0,,0,,,,0,0000-00-00,0000-00-00,0000-00-00,,,,,0,0,,no,,no,,,,
M1523,"M.P.VENEERS & PLYWOOD COMPANY",9810132212,GHAZIABAD,"GHAZIABAD",S10263,Y,2500000,45,0,N,0,448,D,"",,"173-175HAPUR ROAD",,"PRAVEEN KUMAR GUPTA",,,,,,ACEPG1352K,GHAZIABAD,0,,,praveenrocks13@gmail.com,,,0,0,,0,,,,0,0000-00-00,0000-00-00,0000-00-00,,,,210001,0,0,,,,,,,,
M1524,"MODI TRADERS",9425454281,PANNA,"PANNA",,Y,1500000,30,0,N,0,,S,"",,"WARD NO 15 MOHALLA KATRA India",,"ASHISH GUPTA",,,,,,AWEPG6596K,PANNA,0,,,,,,0,0,,0,,,,0,0000-00-00,0000-00-00,0000-00-00,,,,,0,0,,no,,no,,,,
M1529,"M D WOODS",9425900543,INDORE,"INDORE",,Y,1500000,30,0,N,0,446,D,"",,"UG-11 SILVER ESTATEMEENA SHREE19/1 Y.N. ROADIndia",,"ANIT JAIN",9425900543,,,,,AESPJ1407J,INDORE,0,,,aneetj@gmail.com,,,0,0,,0,,,,0,0000-00-00,0000-00-00,0000-00-00,,,,452003,0,0,,no,,no,,,,
M1538,"M.G.ENTERPRISES",9250083284,NEW DELHI,"NEW DELHI",,Y,1000000,30,0,N,0,,P,"",,"A-10W.H.S.TIMBER MARKET KIRTI NAGAR India",,"AMIT GAUR",,,,,,AJUPG7460R,NEW DELHI,0,,,m.g.enterprises001@gmail.com,,,0,0,,0,,,,0,0000-00-00,0000-00-00,0000-00-00,,,,,0,0,,no,,no,,,,
M1549,"MOHAN LAL MIGLANI & SONS",9215544861,ROHTAK,"ROHTAK",D10350,Y,2000000,30,0,N,0,443,D,"",,"JHAJJAR ROAD",,"MOHAN MIGLANI",,,,,,AADPL4556F,GHANIPURA,0,,,robin.miglani@yahoo.com,,,0,0,,0,,,,0,0000-00-00,0000-00-00,0000-00-00,,,,124001,0,0,,,,,,,,
M1549,"MOHAN LAL MIGLANI & SONS",9215544861,GHANIPURA,"GHANIPURA",D10350,Y,2000000,30,0,N,0,443,D,"",,"JHAJJAR ROAD",,"MOHAN MIGLANI",,,,,,AADPL4556F,GHANIPURA,0,,,robin.miglani@yahoo.com,,,0,0,,0,,,,0,0000-00-00,0000-00-00,0000-00-00,,,,124001,0,0,,,,,,,,
M1551,"MITTAL TIMBER & HARDWARE",9837777440,ALIGARH,"ALIGARH",,Y,500000,30,0,N,0,,D,"",,"MAMU BHANJA ROAD COMPANY BAGH India",,"KALPANA MITTAL",,,,,,ABUPM7113R,ALIGARH,0,,,chiragmster@gmail.com,,,0,0,,0,,,,0,0000-00-00,0000-00-00,0000-00-00,,,,,0,0,,no,,no,,,,
M1553,"M.H.ENTERPRISES",9814959697,BATALA,"BATALA",,Y,1000000,30,0,N,0,454,D,"",,"HASSANPURADERA BABA NANAK ROADIndia",,"NANDAN MAHAJAN",,,,,,BIWPM8926N,BATALA,0,,,nandanmahajan88@gmail.com,,,0,0,,0,,,,0,0000-00-00,0000-00-00,0000-00-00,,,,143505,0,0,,no,,no,,,,
M1556,"MAA BHAGWATI PLYWOOD HOUSE",9828457487,HANUMAN GARH,"HANUMAN GARH",S10206,Y,0,0,0,N,0,427,D,"",,"SHOP NO. 7 HANUMANGARH JUNCTION India",,"DEEPAK KUMAR",,,,,,AJCPK0906G,HANUMAN GARH,0,,,singladeepakrd@gmail.com,,,0,0,,0,,,,0,0000-00-00,0000-00-00,0000-00-00,,,,335512,0,0,,,,,,,,
M1564,"MAHALAXMI LUMBERS PVT.LTD.",9810207810,NEW DELHI,"NEW DELHI",,Y,1000000,30,0,N,0,,O,"",,"1/57WHSKIRTI NAGAR",,"KISHORE PATEL",,,,,,AAFCM4822J,NEW DELHI,0,,,laxmilumber@gmail.com,,,0,0,,0,,,,0,0000-00-00,0000-00-00,0000-00-00,,,,,0,0,,no,,no,,,,
M1568,"M S P TRADERS",9927066012,KASGANJ,"KASGANJ",,Y,500000,30,346675,N,0,,D,"",,"GALI KHERIYA MOHALLA-NATHURAM  India",,"PRERIT AGARWAL",,,,,,ANEPA9835A,KASGANJ,0,,,preritagarwal795@yahoo.com,,,0,0,,0,,,,0,0000-00-00,0000-00-00,0000-00-00,,,,,0,0,,no,,no,,,,
M1572,"MADHU PLYWOOD",9827373888,BHOPAL,"BHOPAL",,Y,2000000,30,0,N,0,446,D,"",,"23 B-2 VILLA REGENCY NEAR PUNJABPETROL PUMP VIJAY NAGAR LALGHATIiIndia",,"NALIN JAIN",,,,,,AEMPJ7856H,BHOPAL,0,,,nalinjain2012@gmail.com,,,0,0,,0,,,,0,0000-00-00,0000-00-00,0000-00-00,,,,462032,0,0,,no,,no,,,,
M1580,"MODERN PLYWOOD",9432334718,KOLKATA,"KOLKATA",,Y,500000,30,0,N,0,,D,"",,"113/2 HAZRA ROAD",,"AJAY KUMAR GUPTA",,,,,,ADTPG3743L,KOLKATA,0,,,ajaygupta37019@gmail.com,,,0,0,,0,,,,0,0000-00-00,0000-00-00,0000-00-00,,,,,0,0,,no,,no,,,,
M1582,"MATARANI SALES",9804307773,KOLKATA,"KOLKATA",S01657;D02002,Y,500000,30,0,N,0,457,O,"",,"BARASAT ROAD MOHNAPUR",,"SAJJAN KUMAR",,,,,,BJAPP1080M,KOLKATA,0,,,matadisales@gmail.com,,,0,0,,0,,,,0,0000-00-00,0000-00-00,0000-00-00,,,,700121,0,0,,no,,no,,,,
M1585,"MATESHWARI PLYWOOD HOME",7631760406,Chapra,"CHAPRA",S01386,Y,300000,30,0,N,0,219,D,"",,"Ganga Gopal Complex Municipal Chowk  Saran India",,"RAJNISH KUMAR",,,,,,CSWPK4205P,Chapra,0,,,vinay230290@gmail.com,,,0,0,,0,,,,0,0000-00-00,0000-00-00,0000-00-00,,,,841301,0,0,,,,,,,,
M1588,"MAHALAXMI PLYWOOD.",9826938738,ITARSI,"ITARSI",D02049,Y,2000000,30,0,N,0,446,D,"",,"LAKKAD GANJ 02 MAHALAXMI PLYWOOD NEAR CORPORATION BANK",,"",,,,,,BBKPP1755R,ITARSI,0,,,pallupatel875@gmail.com,,,0,0,,0,,,,0,0000-00-00,0000-00-00,0000-00-00,,,,461111,0,0,,,,,,,,
M1608,"MOHAN  TIMBER STORE",9350572525,EAST DELHI,"EAST DELHI",,Y,0,0,0,N,0,,O,"",,"SHOP NO.2PANDIT PARKKRISHNA ?NGR OPP.GEETA COLONY POLICE ?STATION",,"JASVINDER SINGH",,,,,,ABAPS1643J,EAST DELHI,0,,,mohantimberstore@gmail.com,,,0,0,,0,,,,0,0000-00-00,0000-00-00,0000-00-00,,,,,0,0,,no,,no,,,,
M1612,"MODERN PLY HOUSE",9308465032,GAYA,"GAYA",D01921,Y,0,0,0,N,0,219,D,"",,"RAI SITAL PRASAD ROAD GAYA India",,"FAISAL AZIZ",,,,,,ARXPA9658A,GAYA,0,,,modernplyhouse18@gmail.com,,,0,0,,0,,,,0,0000-00-00,0000-00-00,0000-00-00,,,,823001,0,0,,,,no,,,,
M1613,"MAHESHWARI PLYWOOD & HARDWARE",9897979513,AMROHA,"AMROHA",,Y,300000,30,0,N,0,,D,"",,"BAZAR JAT  India",,"SANDEEP MAHESHWARI",,,,,,ACDPM1543K,AMROHA,0,,,rishbh.maheshwari17@gmail.com,,,0,0,,0,,,,0,0000-00-00,0000-00-00,0000-00-00,,,,,0,0,,no,,no,,,,
M1622,"MODI HARDWARE",9414307559,DHOLPUR,"DHOLPUR",,Y,0,0,0,N,0,,D,"",,"BHAMTIPURA ROAD",,"PANKAJ MODI",,,,,,ANHPM6594K,DHOLPUR,0,,,modihardware123@gmail.com,,,0,0,,0,,,,0,0000-00-00,0000-00-00,0000-00-00,,,,328001,0,0,,no,,no,,,,
M1624,"MITHILA PLY HOUSE",9431608576,DARBHANGA,"DARBHANGA",S01675,Y,500000,30,0,N,0,219,D,"",,"SUPAUL BAZAR BIRAUL  India",,"RAM PRAWESH SHARMA",,,,,,GPIPS6972A,DARBHANGA,0,,,rampraweshsharma9393@gmail.com,,,0,0,,0,,,,0,0000-00-00,0000-00-00,0000-00-00,,,,847203,0,0,,,,,,,,
M1625,"MANISH HARDWARE STORE",8923889400,MEERUT,"MEERUT",S10230,Y,0,0,0,N,0,447,D,"",,"PLAHRA CHOWK 132 MODIPURAM India",,"MANISH JAIN",,,,,,AEPPJ0355N,MEERUT,0,,,manthanjain694@gmail.com,,,0,0,,0,,,,0,0000-00-00,0000-00-00,0000-00-00,,,,250110,0,0,,no,,no,,,,
M1628,"M.S.TIMBER",9873091499,NEW DELHI,"NEW DELHI",S10015,Y,0,0,0,N,0,441,D,"",,"GROUND FLOOR 67 MAYUR VIHAR PH.-1 CHILLA VILL. EAST DELHI",,"IMRAN KHAN SAIFY",,,,,,CUAPS8460C,NEW DELHI,0,,,imrankhansaify0807@gmail.com,,,0,0,,0,,,,0,0000-00-00,0000-00-00,0000-00-00,,,,110091,0,0,no,no,,no,,,,
M1639,"MANOJ KUMAR TULSYAN HUF",,RANCHI,"RANCHI",,Y,0,0,0,N,0,222,O,"",,"LAKE ROAD UPPER BAZAR",,"MANOJ TULSYAN",,,,,,AAAHT2999H,RANCHI,0,,,udittulsyan16@gmail.com,,,0,0,,0,,,,0,0000-00-00,0000-00-00,0000-00-00,,,,834001,0,0,,no,,no,,,,
M1646,"MAHADEO DOOR HOUSE",9472526948,SAMASTIPUR,"SAMASTIPUR",,Y,0,,0,N,0,219,O,"",,"0 RAM DAYAL CHOWK MOTIPURTAJPUR SAMASTIPUR",,"SHRAVAN KUMAR SHARMA",9472526948,,,,,EEPPS8424R,SAMASTIPUR,0,,,sharavn9472526948@gmail.com,,,0,0,,0,,,,0,0000-00-00,0000-00-00,0000-00-00,,,,848130,0,0,,no,,no,,,,
M1654,"MAA KAMAKHYA FURNITURE HOUSE",9435541538,GUWAHATI,"GUWAHATI",S01825;S01785,Y,150000,30,0,N,0,215,D,"",,"RGB ROAD KRISHNA BHAWAN CHANDMARI",,"MAA KAMAKHYA FURNITURE HO",,,,,,ADJPD8653J,GUWAHATI,0,,,jayantadhar85@gmail.com,,,0,0,,0,,,,0,0000-00-00,0000-00-00,0000-00-00,,,,781003,0,0,,,,,,,,
M1674,"MODERN GLASS HOUSE",9435328172,BARPETA ROAD,"BARPETA ROAD",S01825;S10222,Y,1000000,30,0,N,0,215,D,"",,"BARPETA ROADWARD N0-5 MAIN ROAD",,"",,,,,,AJAPB1962B,BARPETA ROAD,0,,,goutam77basak@gmail.com,,,0,0,,0,,,,0,0000-00-00,0000-00-00,0000-00-00,,,,781315,0,0,,,,,,,,
M1683,"MITTAL TIMBER TRADERS",9811106888,GURGAON,"GURGAON",S10015,Y,1500000,30,0,N,0,441,D,"",,"H 36/27 DLF PHASE I SIKANDERPUR",,"PRAVEEN MITTAL",9811106888,,,,,AAAFM6621P,GURGAON,0,,,mittaltimber@gmail.com,,,0,0,,0,,,,0,0000-00-00,0000-00-00,0000-00-00,,,,122001,0,0,,no,,no,,,,
M1688,"MADHURAM GLASS & PLYWOOD",9928951245,JHALAWAR,"JHALAWAR",S10109,Y,1000000,30,0,N,0,427,D,"",,"OPP. PETROL PUMP LAL BHAG JHALRAPATAN",,"MANISH TIWARI",9928951245,,,,,AQHPT0172F,JHALAWAR,0,,,madhuramwala@gmail.com,,,0,0,,0,,,,0,0000-00-00,0000-00-00,0000-00-00,,,,326023,0,0,,,,no,,,,
M1690,"MITTAL TIMBER COMPANY",9811308033,DELHI,"DELHI",S10015,Y,0,0,0,N,0,451,D,"",,"1/2726 RAM NAGAR TIMBER MARKET LONI ROAD SHAHDARA",,"MONIKA MITTAL",,,,,,ANYPM6036B,DELHI,0,,,0,,,0,0,,0,,,,0,0000-00-00,0000-00-00,0000-00-00,,,,110032,0,0,,,,no,,,,
M1694,"MAA NIRDOS GLASS HOUSE",9431454702,BHAGALPUR,"BHAGALPUR",S01386,Y,300000,30,0,N,0,219,D,"",,"H NO.19 RATAN SINGH COMPLEX GURUDDWARA ROAD",,"AKSHAYA KUMAR",,,,,,CKEPK5314D,BHAGALPUR,0,,,joshiravi75@gmail.com,,,0,0,,0,,,,0,0000-00-00,0000-00-00,0000-00-00,,,,812001,0,0,,,,no,,,,
M1695,"MITTAL PLYWOOD",9415402030,LUCKNOW,"LUCKNOW",S10221,Y,0,0,0,N,0,447,D,"",,"11-A KULBHASKER COMPLEX 78 GB MARG",,"SARVESH AGARWAL",,,,,,AAUPA0697B,LUCKNOW,0,,,mittalplywood@gmail.com,,,0,0,,0,,,,0,0000-00-00,0000-00-00,0000-00-00,,,,226018,0,0,,no,,no,,,,
M1696,"MAHAKALI PLYWOOD",9825970389,VADODARA,"VADODARA",,Y,0,0,0,N,0,332,D,"",,"G-1 ELIGANS COMPLEX NR URMI CHAR RASTA AKOTA",,"RAJUBHAI KUKADIYA",,,,,,AAMFM9360R,VADODARA,0,,,mahakaliplywood@gmail.com,,,0,0,,0,,,,0,0000-00-00,0000-00-00,0000-00-00,,,,390020,0,0,,no,,no,,,,
M1698,"MUHAMMAD HUMAYUN",7275912556,FAIZABAD,"FAIZABAD",S10221,Y,0,0,0,N,0,447,O,"",,"MUHAMMAD SOHAIL209 SHAHJAHANPUR FAIJABAD",,"MUHAMMAD HUMAYUN",,,,,,AOEPH5179K,FAIZABAD,0,,,mohdhumayun1234@gmail.com,,,0,0,,0,,,,0,0000-00-00,0000-00-00,0000-00-00,,,,224001,0,0,,no,,no,,,,
M1700,"MITTAL GREENTECH INDIA",9810005738,DELHI SOUTH,"DELHI SOUTH",S10015,Y,1000000,30,0,N,0,451,D,"",,"B-137PHASE-1OKHLA INDUSTRIAL AREA",,"VINOD MITTAL",,,,,,ABHFM7373A,DELHI SOUTH,0,,,harsh.mittal101@gmail.com,,,0,0,,0,,,,0,0000-00-00,0000-00-00,0000-00-00,,,,110020,0,0,,,,no,,,,
M1701,"MUKHI PLYWOOD & DECOR",8860902431,DELHI,"DELHI",S10015,Y,500000,15,0,N,0,451,D,"",,"PROPERTY NO. 8721 PLOT NO. 66 DB GUPTA ROAD PAHARGANJ",,"NITIN ANEJA",,,,,,BTBPA3341M,DELHI,0,,,nitinaneja04@gmail.com,,,0,0,,0,,,,0,0000-00-00,0000-00-00,0000-00-00,,,,110055,0,0,,,,no,,,,
M1702,"MOHAMMAD SUFIYAN",9838387666,FAIZABAD,"FAIZABAD",S10221,Y,0,0,0,N,0,447,O,"",,"C/O MOHAMMAD RAMZAN DAAL MANDIFAIZABAD",,"MOHAMMAD SUFIYAN",,,,,,JHHPS3596A,FAIZABAD,0,,,NA,,,0,0,,0,,,,0,0000-00-00,0000-00-00,0000-00-00,,,,224001,0,0,,no,,no,,,,
M1705,"MUKESH MANEKCHAND SHETH",9879188071,RAJKOT,"RAJKOT",,Y,0,0,0,N,0,332,P,"",,"SILVER CLASSIC GF OPP GANGA APPTS JANKI PARK MAIN ROAD OFF AMIN MARG",,"MUKESH MANEKCHAND SHETH",,,,,,AFUPS1512C,RAJKOT,0,,,mail@mukeshsheth.com,,,0,0,,0,,,,0,0000-00-00,0000-00-00,0000-00-00,,,,360005,0,0,,,,no,,,,
M1707,"MICA HOUSE AND HARDWARE GALLERY",9672245005,BANSWARA,"BANSWARA",S10109,Y,0,0,0,N,0,427,O,"",,"A-7 MAHAVEER PLAZACHETAK COMPLEX DAHOD ROADBANSWARA",,"UMANG JAIN",,,,,,AUXPJ4955G,BANSWARA,0,,,micahousebsw@gmail.com,,,0,0,,0,,,,0,0000-00-00,0000-00-00,0000-00-00,,,,327001,0,0,,no,,no,,,,
M1708,"MAHESHWARI BROTHERS",9837056699,MEERUT,"MEERUT",S10230,Y,1000000,15,0,N,0,,D,"",,"182ABU LANE MEERUT CANTT",,"SANJAY MAHESHWARI",,,,,,AATPM0597R,MEERUT,0,,,maheshwariply99@gmail.com,,,0,0,,0,,,,0,0000-00-00,0000-00-00,0000-00-00,,,,250001,0,0,,no,,no,,,,
M1709,"MURALI KRISHNA PLYWOODS",+91-98486-39162,CHINNAMIRAM WEST GO,"CHINNAMIRAM, WEST GO",S01700;S01700;S01700;S01700;S01700;S01700;S01700;S01700;S01700,Y,0,0,0,N,0,525,D,"",,"R SURVEY NO 65/123DOOR NO 7-76/6      NEAR SRR MESSOPPOSIT SRKR COLLEGE",,"MURALI VENKATA PRAVEEN K",9848639162,,,,,CXAPK7331M,CHINNAMIRAM, WEST GO,0,,,,,,0,0,,0,,,,0,0000-00-00,0000-00-00,0000-00-00,,,,534204,0,0,,,,,,,,
M1709,"MURALI KRISHNA PLYWOODS",+91-98486-39162,CHINNAMIRAM WEST GO,"CHINNAMIRAM, WEST GODAVARI",S01700;S01700;S01700;S01700;S01700;S01700;S01700;S01700;S01700,Y,0,0,0,N,0,525,D,"",,"R SURVEY NO 65/123DOOR NO 7-76/6      NEAR SRR MESSOPPOSIT SRKR COLLEGE",,"MURALI VENKATA PRAVEEN K",9848639162,,,,,CXAPK7331M,CHINNAMIRAM, WEST GO,0,,,,,,0,0,,0,,,,0,0000-00-00,0000-00-00,0000-00-00,,,,534204,0,0,,,,,,,,
M1709,"MURALI KRISHNA PLYWOODS",+91-98486-39162,CHINNAMIRAM WEST GO,"CHINNAMIRAM, WEST GODAVARI",S01700;S01700;S01700;S01700;S01700;S01700;S01700;S01700;S01700,Y,0,0,0,N,0,525,D,"",,"R SURVEY NO 65/123DOOR NO 7-76/6      NEAR SRR MESSOPPOSIT SRKR COLLEGE",,"MURALI VENKATA PRAVEEN K",9848639162,,,,,CXAPK7331M,CHINNAMIRAM, WEST GO,0,,,,,,0,0,,0,,,,0,0000-00-00,0000-00-00,0000-00-00,,,,534204,0,0,,,,,,,,
M1711,"MEGHRAJ MAN SUKH DAS",9413904401,BARMER,"BARMER",S10109;D10354,Y,0,0,0,N,0,427,D,"",,"SUBHASH CHOWKBARMER",,"GANPAT JI",,,,,,AAVPB9613P,BARMER,0,,,mj3570046@gmail.com,,,0,0,,0,,,,0,1971-01-01,1971-01-01,1971-01-01,,,,344001,0,0,no,no,no,no,,,,
M1718,"MEHUL ENTERPRISES",9816538522,SOLAN,"SOLAN",D10350,Y,600000,30,0,N,0,443,D,"",,"THE MALL SOLAN",,"RAVINDER KUMAR",,,,,,ACIPK3782B,SOLAN,0,,,goodwood94@gmail.com,,,0,0,,0,,,,0,0000-00-00,0000-00-00,0000-00-00,,,,173212,0,0,,no,,no,,,,
M1720,"MARUTI PLY AND HARDWARE",9574943631,SURAT,"SURAT",,Y,47000,0,0,N,0,332,O,"",,"24 NAVSARJAN IND SOC. NR JALARAM IND. U.M. ROAD",,"PUSHKAR SUTHAR",,,,,,DLJPS2118J,SURAT,0,,,marutiphsurat@gmail.com,,,0,0,,0,,,,0,0000-00-00,0000-00-00,0000-00-00,,,,395007,0,0,,,,no,,,,
M1721,"M S TIMBERS",9811207388,DELHI,"DELHI",S10015,Y,0,0,0,N,0,451,D,"",,"KHASRA NO.-74/20/2 & 74/21 REVENUE ESTATE AMAR COLONY VILLAGE MUNDKA",,"MANJEET",,,,,,AIWPM7557Q,DELHI,0,,,mstimber12@gmail.com,,,0,0,,0,,,,0,0000-00-00,0000-00-00,0000-00-00,,,,110041,0,0,,,,no,,,,
M1725,"MAXBOND INFRA PRIVATE LIMITED",9812711000,PANIPAT,"PANIPAT",D10344,Y,0,0,0,N,0,443,O,"",,"C-1302 ANSAL SUSHANT CITY",,"PRASHANT NANDWANI",,,,,,AAMCM4410H,PANIPAT,0,,,0,,,0,0,,0,,,,0,0000-00-00,0000-00-00,0000-00-00,,,,132103,0,0,,no,,no,,,,
M1728,"MATURI PURNA CHANDRA RAO SONS",9247338710,KRISHNA,"KRISHNA",S01700,Y,2000000,45,0,N,0,525,D,"",,"11/93611/93711/938JUTE SHOP LANE ROBERTSON PET MACHILIPATNAM",,"PURNA CHANDRA RAO",,,,,,AAEHM8996F,KRISHNA,0,,,maturipurnachandrarao@gmail.com,,,0,0,,0,,,,0,0000-00-00,0000-00-00,0000-00-00,,,,521001,0,0,,no,,no,,,,
M1730,"M.H.D TRADERS",9864077218,GUWAHATI,"GUWAHATI",S01825;S01785,Y,0,0,0,N,0,215,D,"",,"24 MAIN ROAD KAHILIPARA ROAD           JATIADISPUR",,"DEVA KUMAR SARMAH",,,,,,BBZPS8271A,GUWAHATI,0,,,devasarmah220975@gmail.com,,,0,0,,0,,,,0,1971-01-01,1971-01-01,1971-01-01,,,,781006,0,0,no,no,no,no,,,,
M1735,"MILAN TRADERS",9265761450,RAJKOT,"RAJKOT",,Y,200000,30,0,N,0,317,O,"",,"BHAGYALAXMI IND AREA OPP BALAJI TRA RADDI BHANGA DELA B/H MAHESH TIMBER",,"MILAN RAMESHBHAI VAGHELA",,,,,,BAMPV0602G,RAJKOT,0,,,prakash.10fiz@gmail.com,,,0,0,,0,,,,0,0000-00-00,0000-00-00,0000-00-00,,,,360003,0,0,,,,no,,,,
M1743,"MOHAN LAL GHANSHAM DASS.",164501115,BATHINDA,"BATHINDA",S10074,Y,0,0,0,N,0,454,D,"",,"OPPOSITE MANN PETROL PUMP                NEAR TINKONI AMRIK SINGH ROAD",,"RAJEEV BANSAL",9855053500,,,,,ABQFM1363D,BATHINDA,0,,,,,,0,0,,0,,,,0,0000-00-00,0000-00-00,0000-00-00,,,,151001,0,0,,,,,,,,
M1744,"MASTERCRAFT",8408992758,Goa,"GOA",D02026,Y,1500000,30,0,N,0,553,D,"",,"PLOT 322BEHIND HIDUSTHAN UNILEVER KUNDAIM IND ESTATEKUNDAIMN-GOA",,"BHWARLAL SUTHAR",,,,,,ABFFM0493H,GOA,0,,,mastercraft058@gmail.com,,,0,0,,0,,,,0,0000-00-00,0000-00-00,0000-00-00,,,,403115,0,0,,,,no,,,,
M1747,"M A HARDWARES AND PLY BOARD",8088244281,KALIGANJ,"KALIGANJ",S01519,Y,0,0,0,N,0,221,D,"",,"CHHOTOCHANDGHAR DUBTALA PARA BARACHANDGHAR KALIGANJ NADIA",,"MOHSIN MANDAL",,,,,,BQAPM1183P,KALIGANJ,0,,,kiratulislam123@gmail.com,,,0,0,,0,,,,0,0000-00-00,0000-00-00,0000-00-00,,,,741156,0,0,,,,no,,,,
M1748,"MAHAJAN GLASS & PLYWOOD CENTER",9621960005,VARANASI,"VARANASI",S10221,Y,0,0,0,N,0,447,D,"",,"SH 9/129 1A SUDDHIPUR SHIVPUR",,"BALWANT MAURYA",9721377773,,,,,BMLPM6721Q,VARANASI,0,,,balwant.mourya@gmail.com,,,0,0,,0,,,,0,0000-00-00,0000-00-00,0000-00-00,,,,221003,0,0,,,,no,,,,
M1750,"MELFRANK ENGINEERING INDUSTRIES LLP",9819354395,MUMBAI,"MUMBAI",S01430,Y,5000000,30,0,N,0,331,O,"",,"08 J K INDUSTRIAL ESTATEANDHERI E MAHAL INDUSTRIAL AREA",,"RAJESH PAWAR",,,,,,ABMFM7628R,MUMBAI,0,,,coolingtower@melfrank.in,,,0,0,,0,,,,0,0000-00-00,0000-00-00,0000-00-00,,,,400093,0,0,,,,,,,,
M1753,"M.S. TRADING CORPORATION",8651488999,DARBHANGA,"DARBHANGA",S01386,Y,0,0,0,N,0,219,O,"",,"SHIVDHARA CHOWK DARBHANGA",,"MOHAMMAD MERAJUDDIN",,,,,,AKGPM2500D,DARBHANGA,0,,,merajuddin0911@gmail.com,,,0,0,,0,,,,0,0000-00-00,0000-00-00,0000-00-00,,,,846004,0,0,,,,no,,,,
M1758,"M/S PATLIPUTRA GLASS HOUSE",8340540765,PATNA,"PATNA",S01386,Y,0,0,0,N,0,219,O,"",,"POLYTECHNIQUE MORE PATLIPUTRA",,"ALOK KUMAR SINGH",,,,,,AOLPS8908J,PATNA,0,,,patliputraglasshouse@gmail.com,,,0,0,,0,,,,0,0000-00-00,0000-00-00,0000-00-00,,,,800013,0,0,,,,no,,,,
M1763,"MANGLAM PLYWOOD AND HARDWARE",9893853398,UJJAIN,"UJJAIN",S01883,Y,0,0,0,N,0,446,O,"",,"101/3 SUBHASH NAGAR HARIHAR COMPLEX",,"ANAND AGRAWAL",,,,,,AJLPA8484E,UJJAIN,0,,,anandagrawal564@gmail.com,,,0,0,,0,,,,0,0000-00-00,0000-00-00,0000-00-00,,,,456010,0,0,,,,no,,,,
M1766,"M/S SHREE TRADING  COMPANY",9334314553,PATNA,"PATNA",S01386,Y,0,0,0,N,0,219,O,"",,"LOHA SINGH LANE KADAMKUAN",,"JYOTI KUMAR AGARWAL",,,,,,ACZPA4390C,PATNA,0,,,shreetradingcompany786@gmail.com,,,0,0,,0,,,,0,0000-00-00,0000-00-00,0000-00-00,,,,800003,0,0,,,,no,,,,
M1769,"M/S KUMAR FURNITURE",-182911,NOKHA,"NOKHA",S01386,Y,0,0,0,N,0,,D,"",,"NOKHA ROHTAS",,"ARUN KUMAR",,,,,,DWTPK9053H,NOKHA,0,,,,,,0,0,,0,,,,0,1971-01-01,1971-01-01,1971-01-01,,,,802215,0,0,no,no,no,no,,,,
M1771,"MODERN PLY HOUSE.",8863956395,GAYA,"GAYA",S01386,Y,0,0,0,N,0,219,O,"",,"NAND VILAS 24/30 RAI SHITAL PRASAD RAI SHITAL PRASAD ROAD",,"FAISAL AZIZ",,,,,,ABOFM1040P,GAYA,0,,,modernplyhouse18@gmail.com,,,0,0,,0,,,,0,0000-00-00,0000-00-00,0000-00-00,,,,823001,0,0,,,,,,,,
M1773,"MAHALAKSHMI PLYWOOD",9310602275,NOIDA,"NOIDA",S10015,Y,0,0,0,N,0,441,D,"",,"GROUND FLOOR B-35 SECTOR-9 GAUTAM BUDDHA NAGAR",,"MANU SHARMA",,,,,,ATFPS8712B,NOIDA,0,,,mahalakshmiplywoods@gmail.com,,,0,0,,0,,,,0,0000-00-00,0000-00-00,0000-00-00,,,,201301,0,0,,,,,,,,
M1775,"MAHADEV LAMINATES",9506883742,JHANSI,"JHANSI",S10221,Y,0,0,0,N,0,447,O,"",,"HOUSE NO.1046/3 CIVIL LINE KRICHAN SCHOOL CAMPUS JHOKANBAGH",,"ANUJ AGARWAL",,,,,,CRHPA5620C,JHANSI,0,,,ankuragarwal909@gmail.com,,,0,0,,0,,,,0,0000-00-00,0000-00-00,0000-00-00,,,,284001,0,0,,,,no,,,,
M1778,"MURLIWALA PLY & DECOR",9891017298,NOIDA,"NOIDA",S10015,Y,0,0,0,N,0,441,D,"",,"A-3 SECTOR-5 GAUTAM BUDDHA NAGAR",,"ARUN GOYAL",,,,,,AHKPG3553B,NOIDA,0,,,arunmurliwala9@gmail.com,,,0,0,,0,,,,0,0000-00-00,0000-00-00,0000-00-00,,,,201301,0,0,,,,,,,,
M1779,"M. P. TIMBER & IRON MERCHANT",9814024395,LUDHIANA,"LUDHIANA",S10074,Y,500000,30,0,N,0,454,D,"",,"OPP GEREWAL PETROL PUMP SAMRALA CHOWK NEAR SHINGHAR CINEMA ROAD",,"JITENDER PAL SINGH",9814033254,,,,,AEBPS1298H,LUDHIANA,0,,,mptimber0505@gmail.com,,,0,0,,0,,,,0,0000-00-00,0000-00-00,0000-00-00,,,,141011,0,0,,,,,,,,
M1782,"MAHADEV PLYWOOD HOUSE",9891455007,GHAZIABAD,"GHAZIABAD",S10015,Y,0,0,0,N,0,441,D,"",,"PLOT NO.-36 SHAKTI KHAND-3 INDRAPURAM",,"NIDHI GARG",,,,,,ANKPG2389P,GHAZIABAD,0,,,ankitnira@gmail.com,,,0,0,,0,,,,0,0000-00-00,0000-00-00,0000-00-00,,,,201001,0,0,,,,,,,,
M1784,"MEENAKSHI DISTRIBUTORS",9740028117,BENGALURU,"BENGALURU",D10378;D02026,Y,0,0,0,N,0,553,O,"",,"BYRATHI VILLAGENO-420 1-3              HENNUR MAIN ROADOPP.BABC COLLEGE       KOTHNUR POST",,"MUKESH KUMAR",,,,,,AAYFM4815D,BENGALURU,0,,,,,,0,0,,0,,,,0,1971-01-01,1971-01-01,1971-01-01,,,,560077,0,0,no,no,no,no,,,,
M1784,"MEENAKSHI DISTRIBUTORS",9740028117,KOTHNUR POSTBANGALO,"KOTHNUR POST,BANGALORE",D10378;D02026,Y,0,0,0,N,0,553,O,"",,"BYRATHI VILLAGENO-420 1-3              HENNUR MAIN ROADOPP.BABC COLLEGE       KOTHNUR POST",,"MUKESH KUMAR",,,,,,AAYFM4815D,BENGALURU,0,,,,,,0,0,,0,,,,0,1971-01-01,1971-01-01,1971-01-01,,,,560077,0,0,no,no,no,no,,,,
M1786,"MAHAJAN TRADERS",9988106987,GURDASPUR,"GURDASPUR",S10074,Y,1000000,15,0,N,0,454,D,"",,"2527/08 G.T. ROAD MANDI MAIN ROAD BLOCK 10-A1",,"RAMAN",,,,,,ALBPM5964D,GURDASPUR,0,,,mahajantraders69@gmail.com,,,0,0,,0,,,,0,0000-00-00,0000-00-00,0000-00-00,,,,143521,0,0,,,,,,,,
M1790,"MITC ROLLING MILLS PVT LTD",9821913890,MUMBAI,"MUMBAI",,Y,0,0,0,N,0,221,O,"",,"GARODIA MARKET GROUND FLOOR PLOT 8 DR SANDHU MARG NEAR PEARL HOTEL",,"ATUL BHAI",,,,,,AAACN1731C,MUMBAI,0,,,0,,,0,0,,0,,,,0,0000-00-00,0000-00-00,0000-00-00,,,,400071,0,0,,,,,,,,
M1791,"MAHALAXMI PLY AND HARDWARE",-170462,RANCHI,"RANCHI",D01932,Y,0,0,0,N,0,222,D,"",,"OPP. CANARA BANK                         S.N. GANGULY ROAD",,"MAHENDRA KR ARORA",,,,,,AAVFM8906A,RANCHI,0,,,,,,0,0,,0,,,,0,0000-00-00,0000-00-00,0000-00-00,,,,834001,0,0,,,,,,,,
M1793,"M/S M.B TRADERS",9854077344,GUWAHATI,"GUWAHATI",S01825;S01785,Y,0,0,0,N,0,215,D,"",,"UPPER CHACHALM/S M.B TRADERS            AMTOLSIX MILEVIP ROADKAMRUP METR",,"BUDDHA DEV THAKURIA",,,,,,ABHFM4359A,GUWAHATI,0,,,buddhadev_t@rediffmail.com,,,0,0,,0,,,,0,1971-01-01,1971-01-01,1971-01-01,,,,781022,0,0,no,no,no,no,,,,
M1794,"M/S DREAM DECOR",,GONDA,"GONDA",S10221,Y,0,0,0,N,0,,D,"",,"AMBEDKAR CHAURAHA LUCKNOW ROAD",,"SANTOSH KUMAR JAISWAL",,,,,,AHEPJ4506D,GONDA,0,,,model007jaiswal@gmail.com,,,0,0,,0,,,,0,0000-00-00,0000-00-00,0000-00-00,,,,271001,0,0,,,,,,,,
M1795,"M/S JAIN PLY AND LAMINATES",9415005860,LUCKNOW,"LUCKNOW",S10221,Y,0,0,0,N,0,447,D,"",,"72/8/5B MLD ROAD CHARBAGH",,"SHANTUN",,,,,,AAMPJ4432B,LUCKNOW,0,,,jainply_laminates@yahoo.co.in,,,0,0,,0,,,,0,0000-00-00,0000-00-00,0000-00-00,,,,226004,0,0,,,,,,,,
M1797,"M M PLYWOOD",9416709016,GURGAON,"GURGAON",S10223,Y,0,0,0,N,0,441,D,"",,"VILLAGE ISLAMPUR SOHANA ROAD",,"MUKESH KUMAR",,,,,,AJAPK1947P,GURGAON,0,,,mukeshgoyelggn@rediffmail.com,,,0,0,,0,,,,0,0000-00-00,0000-00-00,0000-00-00,,,,122001,0,0,,,,,,,,
M1806,"MAHARAJA TRADING COMPANY",9911319683,GHAZIABAD,"GHAZIABAD",S10230,Y,0,0,0,N,0,448,O,"",,"MUKUND NAGAR BASEMENT SHOP NO. B 9 & 10",,"BHAVYA JAIN",,,,,,BDJPJ8972K,GHAZIABAD,0,,,parasjain.jain425@gmail.com,,,0,0,,0,,,,0,0000-00-00,0000-00-00,0000-00-00,,,,201001,0,0,,,,,,,,
M1811,"M/S HITENDRA ENTERPRISES",8756290720,VARANASI,"VARANASI",S10221,Y,0,0,0,N,0,447,D,"",,"C-14/175-33A SONIA",,"SHOBHRAJ MOTWANI",,,,,,ADXPM9645B,VARANASI,0,,,motwani.sobhraj@gmail.com,,,0,0,,0,,,,0,0000-00-00,0000-00-00,0000-00-00,,,,221001,0,0,,,,,,,,
M1813,"MANGILAL AND COMPANY",9371008100,Pune,"PUNE",S01430,Y,2500000,30,0,N,0,331,O,"",,"37 B NEW TIMBER MARKET BHAWANI PETH",,"MANGILAL V SANGHVI",,,,,,AKHPS8113P,PUNE,0,,,nileshsanghvi2812@gmail.com,,,0,0,,0,,,,0,0000-00-00,0000-00-00,0000-00-00,,,,411042,0,0,,,,,,,,
M1814,"MADHUBAN TRADERS",,NEW DELHI,"NEW DELHI",S10223,Y,0,0,0,N,0,441,D,"",,"KHASRA NO. 40 VILLAGE SATBARI            MAIN ROAD",,"RAJESH SAINI",,,,,,AAXPS5241E,NEW DELHI,0,,,madhuban_traders@rediffmail.com,,,0,0,,0,,,,0,0000-00-00,0000-00-00,0000-00-00,,,,110074,0,0,,,,,,,,
M1815,"M/S SHREE SHYAM PLYWOOD AND LAMINATES",9812440757,ROHTAK,"ROHTAK",D10350,Y,0,0,0,N,0,443,D,"",,"GROUND FLOOR SCF NO.48 HUDA COMPLEX",,"RUKMANI DEVI",,,,,,ADFPD5848R,ROHTAK,0,,,shreeshyaminteriorsrtk@gmail.com,,,0,0,,0,,,,0,0000-00-00,0000-00-00,0000-00-00,,,,124001,0,0,,,,,,,,
M1820,"MAHALAXMI PLYWOOD .",,GUWAHATI,"GUWAHATI",S01825,Y,0,0,0,N,0,,D,"",,"GROUND FLRSHOP N0-12 DHANUKA COMP      BLK CS.J RD ATHGAONKAMRUP METRO",,"ASHOK KUMAR BHARTIA",,,,,,AAFHA8100C,GUWAHATI,0,,,mlplywood@gmail.com,,,0,0,,0,,,,0,0000-00-00,0000-00-00,0000-00-00,,,,781001,0,0,,,,,,,,
M1821,"MANI TIMBER",8826707423,NEW DELHI,"NEW DELHI",S10223,Y,0,0,0,N,0,441,D,"",,"KHASRA NO 254 PLOT NO 4 ROAD NO 5 BAKSHI FARM ROAD GHITORNI",,"BALMIKI SHARMA",,,,,,BHHPS3226B,NEW DELHI,0,,,manitimber21@gmail.com,,,0,0,,0,,,,0,0000-00-00,0000-00-00,0000-00-00,,,,110030,0,0,,,,,,,,
M183,"MINAKSHI SALES",7752220419,BILASPUR,"Bilaspur",S01657,Y,1500000,30,0,N,0,221,D,"",,"OPP. HIGH COURT BILASPUR",,"VIKAS AGRAWAL",9874450813,,,,,,BILASPUR,0,,,vikasag_2007@yahoo.co.in,,,0,0,,0,,,,0,0000-00-00,0000-00-00,0000-00-00,,,,,0,0,,no,,no,,,,
M1871,"M/S VENTURE",7668200050,BAREILLY,"BAREILLY",S10230,Y,0,0,0,N,0,447,O,"",,"129 OFFICERS ENCLAVE KARMACHARI NAGAR IJJATNAGAR",,"YOGESH SHARMA",,,,,,GSCPS6632C,BAREILLY,0,,,msventure9@gmail.com,,,0,0,,0,,,,0,0000-00-00,0000-00-00,0000-00-00,,,,243122,0,0,,,,,,,,
M1873,"M/S GOVIND PLYWOOD",9839906579,LUCKNOW,"LUCKNOW",S10221,Y,0,0,0,N,0,447,D,"",,"55 MANGALPURI ISMILEGANJ FAIZABAD ROAD",,"RACHIT RAJ",,,,,,AAGFG7973C,LUCKNOW,0,,,rachit.govindplywood@gmail.com,,,0,0,,0,,,,0,0000-00-00,0000-00-00,0000-00-00,,,,226016,0,0,,,,,,,,
M1874,"MAA BHAGWATI ENTERPRISES",9199208820,BHAGALPUR,"BHAGALPUR",S01386,Y,0,0,0,N,0,219,O,"",,"PAITHANPURA KAHALGAON",,"ABHISHEK KUMAR",,,,,,BFKPK5275D,BHAGALPUR,0,,,abhishekkclg56@gmail.com,,,0,0,,0,,,,0,0000-00-00,0000-00-00,0000-00-00,,,,813203,0,0,,,,,,,,
M1876,"MIURA TRADING AND FINVEST PVT.LTD.",9821210364,MUMBAI,"MUMBAI",S01430,Y,2500000,30,0,N,0,331,O,"",,"201CREATIVE INDUSTRIAL CENTRE 12 N.M.JOSHI MARGLOWER PAREL",,"VIVEK HIMATSINGKA",,,,,,AAACM9750A,MUMBAI,0,,,0,,,0,0,,0,,,,0,0000-00-00,0000-00-00,0000-00-00,,,,400011,0,0,,,,,,,,
M1878,"M/S SHYAM SUNDER LAL SUMIT KUMAR",8191004499,ALIGARH,"ALIGARH",S10230,Y,0,0,0,N,0,448,D,"",,"NEAR HIGHWAY CHOURAHA KHAIR ROAD",,"SUMIT AGARWAL",,,,,,AUGPA1650A,ALIGARH,0,,,subodhtimber@gmail.com,,,0,0,,0,,,,0,0000-00-00,0000-00-00,0000-00-00,,,,202001,0,0,,,,,,,,
M1880,"M/S SUN INTERIOWOODS PRIVATE LIMITED",9811818384,GHAZIABAD,"GHAZIABAD",S10230,Y,0,0,0,N,0,448,D,"",,"142 NAVYUG MARKET HAPUR ROAD",,"SANJAY AGARWAL",,,,,,AARCS9517J,GHAZIABAD,0,,,sarthak@suninterio.com,,,0,0,,0,,,,0,0000-00-00,0000-00-00,0000-00-00,,,,201001,0,0,,,,,,,,
M1884,"MATAJI HARDWARE & PLYWOODS",9602338876,RAJAHMUNDRY,"RAJAHMUNDRY",S01700;D02078,Y,0,0,0,N,0,525,D,"",,"GROUND & 1ST FLOOR 33-02-12 KANCHUM      ARTHI VARI MUDDUKRISHNA STREET",,"BHARAT KUMAR",,,,,,FSKPK9807A,HYDERABAD,0,,,bharatsingh1811997@gmail.com,,,0,0,,0,,,,0,1971-01-01,1971-01-01,1971-01-01,,,,533101,0,0,no,no,no,no,,,,
M1884,"MATAJI HARDWARE & PLYWOODS",9602338876,HYDERABAD,"HYDERABAD",S01700;D02078,Y,0,0,0,N,0,525,D,"",,"GROUND & 1ST FLOOR 33-02-12 KANCHUM      ARTHI VARI MUDDUKRISHNA STREET",,"BHARAT KUMAR",,,,,,FSKPK9807A,HYDERABAD,0,,,bharatsingh1811997@gmail.com,,,0,0,,0,,,,0,1971-01-01,1971-01-01,1971-01-01,,,,533101,0,0,no,no,no,no,,,,
M1889,"M/S RULIA RAM BALBIR CHAND",9417317946,MANSA,"MANSA",S10074,Y,1000000,30,0,N,0,454,D,"",,"GANDHI BAZAR BIASAN WALE GALI BUDHLADA",,"ASHU BANSAL",,,,,,CILPB6645M,MANSA,0,,,rajivbansal1213@gmail.com,,,0,0,,0,,,,0,0000-00-00,0000-00-00,0000-00-00,,,,151502,0,0,,,,,,,,
M1890,"M/S SHREE SHYAM TIMBER AND PLYWOOD",9818766566,NOIDA,"NOIDA",S10223,Y,0,0,0,N,0,441,D,"",,"G-116 SECTOR-9 BASEMENT & G-FLOOR GAUTAM BUDDHA NAGAR",,"RAKESH KUMAR GUPTA",,,,,,AANPG3062H,NOIDA,0,,,shreeshyamtp@gmail.com,,,0,0,,0,,,,0,0000-00-00,0000-00-00,0000-00-00,,,,201301,0,0,,,,,,,,
M1897,"MAA LAXMI HARDWARE AND PLY",7908536591,BANKURA,"BANKURA",S01519,Y,400000,30,0,N,0,221,D,"",,"STALL NO 2 MUNICIPAL MARKET COMPLEX BANKURA",,"VIVEKANANDA PATRO",919800276103,,,,,CMNPB9510P,BANKURA,0,,,akashbarui12345@yahoo.com,,,0,0,,0,,,,0,0000-00-00,0000-00-00,0000-00-00,,,,722101,0,0,,,,,,,,
M1902,"MARUTI TIMBER",9732376818,NALHATI,"NALHATI",S01519,Y,0,0,0,N,0,457,D,"",,"NH-60 PO NALHATI PS NALHATI					       BIRBHUM",,"RAJENDRA PRASHAD MASKARA",,,,,,AAVFM6198E,NALHATI,0,,,mrm_9@rediffmail.com,,,0,0,,0,,,,0,0000-00-00,0000-00-00,0000-00-00,,,,731220,0,0,,,,,,,,
M1903,"MAHAMAYA INTERIOR DÉCORS",9041933100,NABHA,"NABHA",S10074,Y,0,0,0,N,0,454,D,"",,"KHEVAT NO 680 KHATOUNI NO 927           KHASRA NO 366/14/1 0-13                 NEAR ATMA RAM COLONY CIRCULAR ROAD",,"MUKESH GOYAL",,,,,,ASYPG5826C,NABHA,0,,,mid.nabha@gmail.com,,,0,0,,0,,,,0,0000-00-00,0000-00-00,0000-00-00,,,,147201,0,0,,,,,,,,
M1906,"MIRANI HARDWARE & PLYWOOD",8770555318,SATNA,"SATNA",D02181,Y,0,0,0,N,0,446,D,"",,"SHIV CHOWK                              SINDHI CAMP",,"RAMAN MIRANI",,,,,,DDHPM8319D,SATNA,0,,,ramanmirani8@gmail.com,,,0,0,,0,,,,0,1971-01-01,1971-01-01,1971-01-01,,,,485001,0,0,no,no,no,no,,,,
M1907,"M/S RISHABH ENTERPRISES",8102057752,PATNA,"PATNA",S01386,Y,0,0,0,N,0,219,D,"",,"C/o Mr. RANJAN KUMAR Near P.C.S					   NEW JAGANPURA RAMKRISHNA NAGAR",,"RAJENDRA YADAV",,,,,,CWTPK7079Q,PATNA,0,,,RISHABHENTERPRISES03@GMAIL.COM,,,0,0,,0,,,,0,0000-00-00,0000-00-00,0000-00-00,,,,800027,0,0,,,,,,,,
M1908,"MAA MANASA PLYWOOD",9903427269,KOLKATA,"KOLKATA",S01519,Y,0,0,0,N,0,457,D,"",,"179 GOURI NATH SHASTRI SARANI 					    SHYAMNAGAR ROAD					                     SHYAMNAGAR NORTH 24 PARAGANAS",,"PRITI GHOSH",,,,,,ALHPG3565C,KOLKATA,0,,,sanjibchakraborty1982@gmail.com,,,0,0,,0,,,,0,0000-00-00,0000-00-00,0000-00-00,,,,700055,0,0,,,,,,,,
M1910,"M/S JAIN PLYWOOD & GLASS HOUSE",7206605252,HISAR,"HISAR",D10350,Y,0,0,0,N,0,443,D,"",,"260/18OLD BUS STAND					               HANSIHISAR",,"ATUL 					 JAIN",,,,,,ADEPJ9802A,HISAR,0,,,jainplywood52@gmail.com,,,0,0,,0,,,,0,0000-00-00,0000-00-00,0000-00-00,,,,125033,0,0,,,,,,,,
M1911,"MAHALAXMI HARDWARE",9985802043,MANDAPETA,"MANDAPETA",D02047,Y,0,0,0,N,0,446,D,"",,"34-16-10 BESIDE VIJAYA MAHAL MAIN ROAD MANDAPETA EAST GODAVARI ANDHRA PRADESH",,"Mr. BHAGAVANA RAM",,,,,,ASTPR3714P,MANDAPETA,0,,,virkaramdewasi333@gmail.com,,,0,0,,0,,,,0,0000-00-00,0000-00-00,0000-00-00,,,,533308,0,0,,,,,,,,
M1913,"MAA PURNIMA PLY & HARDWARE",6294358919,BOLPUR,"BOLPUR",S01519,Y,0,0,0,N,0,457,D,"",,"BANDHGORA BYPASS MORE                    RABINDRA BITHI BYE PASS                  BOLPUR BIRBHUM",,"SAMORESH 					 PAUL",,,,,,BSUPP3305G,BOLPUR,0,,,samareshpaul1971@gmail.com,,,0,0,,0,,,,0,0000-00-00,0000-00-00,0000-00-00,,,,731204,0,0,,,,,,,,
M1916,"M/S NEW NAVEEN HARDWARE & PAINTS",9935401530,SULTANPUR,"Sultanpur",D10346,Y,0,0,0,N,0,,O,"",,"Kurwar Road",,"Praveen Kumar Agrahari",,,,,,AZCPK7531P,Sultanpur,0,,,praveen12801@yahoo.com,,,0,0,,0,,,,0,0000-00-00,0000-00-00,0000-00-00,,,,228001,0,0,,,,,,,,
M1917,"M/S OM PLYWOOD TIMBER & HARDWARE STORE",9520960000,GHAZIABAD,"GHAZIABAD",S10110,Y,0,0,0,N,0,448,O,"",,"Panga Road Near Bus Stand 					          Niwari Modi Nagar",,"Amit Gupta",,,,,,ALQPG1036R,Ghaziabad,0,,,amitgupta.33997@gmail.com,,,0,0,,0,,,,0,0000-00-00,0000-00-00,0000-00-00,,,,201204,0,0,,,,,,,,
M1918,"M/S VIJAYA LAXMI TIMBER AND PLYWOOD",9887266621,GREATER NOIDA,"GREATER NOIDA",S10042,Y,0,0,0,N,0,441,D,"",,"PLOT NO. D 78/1 SITE-4 KASANA					     GAUTAM BUDDHA NAGAR",,"VIJAY KUMAR 					 GUPTA",,,,,,AHGPG2192Q,GREATER NOIDA,0,,,vijayagarwalbansur1@gmail.com,,,0,0,,0,,,,0,0000-00-00,0000-00-00,0000-00-00,,,,201308,0,0,,,,,,,,
M1923,"M/S SS BROS CO",9807112711,NEW DELHI,"NEW DELHI",S10155,Y,0,0,0,N,0,441,P,"",,"236 BLOCK F-2 SANGAM VIHAR						       SOUTH DELHI",,"SATEESH KUMAR",,,,,,AEBFS0324N,NEW DELHI,0,,,ssbrosco1@gmail.com,,,0,0,,0,,,,0,0000-00-00,0000-00-00,0000-00-00,,,,110062,0,0,,,,,,,,
M1925,"M/S ASIAN ENTERPRISES",9304785061,PATNA,"PATNA",D02015,Y,0,0,0,N,0,219,O,"",,"8 A ASHOK NAGAR						                    KANKARBAGH",,"SANJAY KUMAR SINHA",,,,,,AQTPS6294F,PATNA,0,,,enterprises.asian@Ofradifmail.com,,,0,0,,0,,,,0,0000-00-00,0000-00-00,0000-00-00,,,,800020,0,0,,,,,,,,
M1926,"MAHESH TIMBER & ASSOCIATES LLP",9833099888,MUMBAI,"MUMBAI",S01430,Y,0,0,0,N,0,331,O,"",,"SHIVALAYA HEIGHTBLDG NO.35FLAT NO.503  AZAD NAGARV.D.ROAD                      ANDHERI WEST",,"DEEPAK PATEL",,,,,,ABFFM9816J,MUMBAI,0,,,info@maheshtimber.in,,,0,0,,0,,,,0,1971-01-01,1971-01-01,1971-01-01,,,,400053,0,0,no,no,no,no,,,,
M1927,"M/S SHARMA PLY AND HARDWARE",8051777464,BIKRAMGANJ,"BIKRAMGANJ",S01386,Y,0,0,0,N,0,219,D,"",,"BIKRAMGANJ						                         ROHTAS",,"UMESH KUMAR",,,,,,DIVPK2340K,BIKRAMGANJ,0,,,rkumarbkj1999@gmail.com,,,0,0,,0,,,,0,0000-00-00,0000-00-00,0000-00-00,,,,802212,0,0,,,,,,,,
M1930,"M/S PREMI GLASS CENTER",9415174380,BASTI,"BASTI",D10349,Y,0,0,0,N,0,447,D,"",,"Pikaura Dattu Rai						                 Gandhi Nagar",,"Pawan Kumar Naroola",,,,,,AAUPN6498F,Basti,0,,,premiglassbst@gmail.com,,,0,0,,0,,,,0,0000-00-00,0000-00-00,0000-00-00,,,,272001,0,0,,,,,,,,
M1931,"M/S MALHOTRA GLASS HOUSE",9897910980,BADAUN,"BADAUN",D10342,Y,0,0,0,N,0,448,O,"",,"JOGIPURA COURTROAD						                 BADAUN",,"SHITENDRA MALHOTRA",,,,,,AAMFM9157A,BADAUN,0,,,malhotra.shitendra.1978@gmail.com,,,0,0,,0,,,,0,0000-00-00,0000-00-00,0000-00-00,,,,243601,0,0,,,,,,,,
M1932,"MAA BHAGWATI COLLECTION",9435056203,SIVASAGAR,"SIVASAGAR",S01785,Y,0,0,0,N,0,215,D,"",,"PACHIPOTHAR MAA BHAGWATI COLLECTION				 CHAULKORA",,"",,,,,,AANHA6489E,SIVASAGAR,0,,,ashok785640@gmail.com,,,0,0,,0,,,,0,0000-00-00,0000-00-00,0000-00-00,,,,785640,0,0,,,,,,,,
M1933,"MANOKAMANA PLYWOOD AND HARDWARE",8305547773,MANDLA,"MANDLA",D01931;D01941,Y,0,0,0,N,0,446,P,"",,"1 OPPOSITE KRISHI UPAJ MANDI       DINDORI ROAD PADAW WARD",,"HEMANT CHHATRI",,,,,,BMLPC1508H,MANDLA,0,,,coolhemant.chhatri@gmail.com,,,0,0,,0,,,,0,1971-01-01,1971-01-01,1971-01-01,,,,481661,0,0,no,no,no,no,,,,
M1939,"M/S ASHOK KUMAR & SONS",9319299574,SAHARANPUR,"Saharanpur",S10230,Y,0,0,0,N,0,448,O,"",,"Pul Dal Mandi Saharanpur",,"PRABHAT JAIN",9319299574,,,,,AJMPJ2028C,Saharanpur,0,,,jainp1971@gmail.com,,,0,0,,0,,,,0,0000-00-00,0000-00-00,0000-00-00,,,,247001,0,0,,,,,,,,
M1940,"MEHTA & SONS",9414164999,UDAIPUR,"UDAIPUR",S10314,Y,0,0,0,N,0,427,O,"",,"GROUND FLOOR PLOT NO 04						           100 FEET ROAD KAMLA NAGAR						         NEW BHUPALPURA",,"PRADEEP MEHTA",,,,,,AFCPM8806R,UDAIPUR,0,,,sjmehtasons@gmail.com,,,0,0,,0,,,,0,0000-00-00,0000-00-00,0000-00-00,,,,313001,0,0,,,,,,,,
M1941,"MAGNUM WUDS",9899412344,WEST DELHI,"WEST DELHI",,Y,0,0,0,N,0,,O,"",,"GROUND FLOOR PLOT NO. 59 KH NO.50/24/2 ASSAM TIMBER MARKET ROAD                MERTO PILLAR NO. 482",,"Ms. VIKAS MITTAL",,,,,,ALBPM0460C,WEST DELHI,0,,,magnumwuds2013@gmail.com,,,0,0,,0,,,,0,0000-00-00,0000-00-00,0000-00-00,,,,110041,0,0,,,,,,,,
M1942,"MISHRA ENTERPRISES",9411222322,BAREILLY,"BAREILLY",S10230,Y,0,0,0,N,0,448,O,"",,"283 Rajendra Nagar Bareilly						        Gurudwara guru Arjun Devji Indra Nagar",,"CHITRANGAD BHARDWAJ",,,,,,ANSPB4891R,Bareilly,0,,,mishraanshu41@gmail.com,,,0,0,,0,,,,0,0000-00-00,0000-00-00,0000-00-00,,,,243122,0,0,,,,,,,,
M1943,"MITTAL BUILDING SOLUTIONS",9811424164,GURUGRAM,"GURUGRAM",S10223,Y,0,0,0,N,0,441,O,"",,"H-36/27 DLF PHASE-1						               SIKANDARPUR GURUGRAM EAST",,"RAJESH MITTAL",,,,,,ABBFM6218L,GURUGRAM,0,,,rajeshmittal1975@gmail.com,,,0,0,,0,,,,0,0000-00-00,0000-00-00,0000-00-00,,,,122002,0,0,,,,,,,,
M1944,"MANOJ ENTERPRISE",9706234536,GOALPARA,"GOALPARA",S10222,Y,0,0,0,N,0,215,D,"",,"GOALPARA						                           GOALPARA ASSAM",,"",,,,,,BJCPS6847R,GOALPARA,0,,,rishabsurana12345@gmail.com,,,0,0,,0,,,,0,0000-00-00,0000-00-00,0000-00-00,,,,783101,0,0,,,,,,,,
M1945,"MAIZON INTERIORS PRIVATE LIMITED",9599811356,GURUGRAM,"GURUGRAM",S10056,Y,0,0,0,N,0,441,O,"",,"PLOT NO. 517-518 SECTOR - 8						      PHASE IV IMT MANESAR",,"Mr. RAVISH VOHRA",,,,,,AAECM8454H,GURUGRAM,0,,,purchase@ravishvohrahome.com,,,0,0,,0,,,,0,0000-00-00,0000-00-00,0000-00-00,,,,122052,0,0,,,,,,,,
M1946,"M/S MANGLAM HARDWARE",7985575593,Hardoi,"HARDOI",D10358,Y,0,0,0,N,0,447,D,"",,"398 Dr. Bhoora Road						              White Ganj",,"AMIT CHAURASIA",,,,,,AHJPC2350B,Hardoi,0,,,amitchaurasia707@gmail.com,,,0,0,,0,,,,0,0000-00-00,0000-00-00,0000-00-00,,,,241001,0,0,,,,,,,,
M1947,"M/S RIDHI ENTERPRISES",9818818110,GAUTAM BUDDHA NAGAR,"GAUTAM BUDDHA NAGAR",S10223,Y,0,0,0,N,0,441,D,"",,"C-17 SECTOR-4						                     NOIDA",,"OM PRAKASH ARORA",,,,,,AGZPA9069Q,GAUTAM BUDDHA NAGAR,0,,,ridhienterprises2011@gmail.com,,,0,0,,0,,,,0,0000-00-00,0000-00-00,0000-00-00,,,,201301,0,0,,,,,,,,
M1954,"M/S RAJ PLYWOOD COM.",9897672310,HARIDWAR,"HARIDWAR",S10230,Y,0,0,0,N,0,448,O,"",,"RAILWAY ROAD JWALAPUR HARIDWAR",,"RAJ BALA MITTAL",,,,,,ACQPM4815K,HARIDWAR,0,,,saurabhmittal2601@gmail.com,,,0,0,,0,,,,0,0000-00-00,0000-00-00,0000-00-00,,,,249407,0,0,,,,,,,,
M1955,"M/S SHYAM SUNDAR LAL SUBODH KUMAR",8191004499,ALIGARH,"ALIGARH",S10230,Y,0,0,0,N,0,448,O,"",,"SARAI LAVARIA GOPAL GANJ ALIGARH",,"SUBODH KUMAR",,,,,,ABRPK4168M,ALIGARH,0,,,sumit.ag1008@gmail.com,,,0,0,,0,,,,0,0000-00-00,0000-00-00,0000-00-00,,,,202001,0,0,,,,,,,,
M1957,"M/S BHARAT HARDWARE",9838743244,BASTI,"BASTI",D10349,Y,0,0,0,N,0,447,D,"",,"DAKHIN DARWAZA PURANI BASTI						       HOSPITAL ROAD",,"MOHAMMED SHARIQ",,,,,,BJBPS9876B,BASTI,0,,,mshariq103@gmail.com,,,0,0,,0,,,,0,0000-00-00,0000-00-00,0000-00-00,,,,272002,0,0,,,,,,,,
M1960,"MAA SHYAMA TULSI ENTERPRISES",7004800818,DARBHANGA,"DARBHANGA",S01386,Y,0,0,0,N,0,219,O,"",,"NEAR MARWARI COLLEGE NEW GANGASAGAR",,"SWARNLATA AGRAWAL",,,,,,ABXFM6631M,DARBHANGA,0,,,maashyamatulsienterprises@gmail.com,,,0,0,,0,,,,0,0000-00-00,0000-00-00,0000-00-00,,,,846004,0,0,,,,,,,,
M1961,"M/S PATNA PLY HOUSE",8340540765,PATNA,"PATNA",D02015,Y,0,0,0,N,0,219,D,"",,"EXHIBITION ROAD",,"ALOK KUMAR SINGH",,,,,,AOLPS8908J,PATNA,0,,,patnaplyhouse.pph@gmail.com,,,0,0,,0,,,,0,0000-00-00,0000-00-00,0000-00-00,,,,800001,0,0,,,,,,,,
M1967,"MODI ASSOCIATES",8400469999,LUCKNOW,"LUCKNOW",D10358;D10430,Y,0,0,0,N,0,447,D,"",,"PLOT NO. GGP-A-A05/08 SECTOR-A						    EMAAR MGF INTEGRATED TOWNSHIP						      GOMTI NAGAR EXTENTION",,"ANSHUL MODI",,,,,,ADJPM6746P,LUCKNOW,0,,,modiassociateslko@yahoo.com,,,0,0,,0,,,,0,0000-00-00,0000-00-00,0000-00-00,,,,226010,0,0,,,,,,,,
M1969,"M/S U.P. PLYWOOD CENTRE",9565324970,VARANASI,"VARANASI",D10430,Y,0,0,0,N,0,447,D,"",,"CK-67/74 NAI SARAK",,"ATIF AHMAD",,,,,,AABFU9605L,VARANASI,0,,,upplywood@gmail.com,,,0,0,,0,,,,0,0000-00-00,0000-00-00,0000-00-00,,,,221001,0,0,,,,,,,,
M1970,"M/S S.B. ENTERPRISES",9031562555,JAMSHEDPUR,"JAMSHEDPUR",D02095,Y,0,0,0,N,0,222,D,"",,"12A T.M.G. AREA BURMAMINES 						     JAMSHEDPUR						                         EAST SINGHBHUM",,"ABHISHEK KUMAR SHARMA",6201279105,,,,,ASXPS4500Q,JAMSHEDPUR,0,,,sbenterprises.abhishek@gmail.com,,,0,0,,0,,,,0,0000-00-00,0000-00-00,0000-00-00,,,,831007,0,0,,,,,,,,
M1971,"M/S SAANVI ENTERPRISES",9835325171,RANCHI,"RANCHI",D02095;D02112,Y,0,0,0,N,0,222,D,"",,"S/o BABLU CHOUDHARYGROUND FLOOR						   TANK ROAD CHUTIA ROAD						             MAHARISHI MAHI PATANJALI GOSAINTOLA",,"RIMA KUMARI SAHANI",,,,,,LBRPS3226F,RANCHI,0,,,enterprisessaanvi567@gmail.com,,,0,0,,0,,,,0,0000-00-00,0000-00-00,0000-00-00,,,,834001,0,0,,,,,,,,
M1972,"MITTAL LUMBER PRODUCTS",9811106888,NEW DELHI,"NEW DELHI",S10042,Y,0,0,0,N,0,441,D,"",,"GODOWN PLOT NO. 64 KH NO. 75/4 						  AMAR COLONY NANGLOI						               WEST DELHI",,"PRAVEEN MITTAL",,,,,,AAMPM7648C,NEW DELHI,0,,,bobmittal@outlook.com,,,0,0,,0,,,,0,0000-00-00,0000-00-00,0000-00-00,,,,110041,0,0,,,,,,,,
M1974,"M/S CLASSIC HARDWARE",9760043626,MUZAFFARNAGAR,"MUZAFFARNAGAR",S10230;D10437,Y,0,0,0,N,0,448,D,"",,"16-17 ROORKEE ROAD                NEAR NAGAR PALIKA BAZAR",,"RAMAN GOYAL",9760043626,,,,,AMVPG3525D,MUZAFFARNAGAR,0,,,classic.mzn@gmail.com,,,0,0,,0,,,,0,1971-01-01,1971-01-01,1971-01-01,,,,251001,0,0,no,no,no,no,,,,
M1976,"MULTIPLY",8498999722,SURAT,"SURAT",D02123,Y,0,0,0,N,0,332,O,"",,"GROUND FLOOR PLOT NO-126               RUPAL INDUSTRIAL SOCIETY                MAGDALLA ROAD MANHAR DYEINGUDHANA",,"RAHUL JAIN",,,,,,BEXPJ8591R,SURAT,0,,,multiply.surat@gmail.com,,,0,0,,0,,,,0,0000-00-00,0000-00-00,0000-00-00,,,,395017,0,0,,,,,,,,
M1977,"M/S SHREE KRISHNA PLYWOOD AND FURNITURE",9732846180,AKUI,"AKUI",D02082,Y,0,0,0,N,0,457,D,"",,"AKUI INDAS AKUI						                  BANKURA",,"MITHU HATI",,,,,,AJVPH0195B,AKUI,0,,,shreekrishna2023@gmail.com,,,0,0,,0,,,,0,0000-00-00,0000-00-00,0000-00-00,,,,722201,0,0,,,,,,,,
M1978,"MANIDHARI TIMBER CRAFTS",9828575547,JODHPUR,"JODHPUR",D10354,Y,0,0,0,N,0,427,O,"",,"16 SHYAM NAGAR						                    PAL LINK ROAD",,"GOVIND JI KUMAR",9414721386,,,,,AAKFM5707C,JODHPUR,0,,,manidharitimber@gmail.com,,,0,0,,0,,,,0,0000-00-00,0000-00-00,0000-00-00,,,,342008,0,0,,,,,,,,
M1980,"M/S KENGE CONSTRUCTION & CO",9691058066,LAKHIMPUR,"LAKHIMPUR",S10222,Y,0,0,0,N,0,215,O,"",,"252 C D ROAD						                       NORTH LAKHIMPUR						                    LAKHIMPUR",,"HA TATU",,,,,,AGQPT0537P,LAKHIMPUR,0,,,kengeconstructionco@gmail.com,,,0,0,,0,,,,0,0000-00-00,0000-00-00,0000-00-00,,,,787001,0,0,,,,,,,,
M1982,"M K LUMBERS PRIVATE LIMITED",9312266745,DELHI,"DELHI",S10042,Y,0,0,0,N,0,441,D,"",,"GROUND FLOOR RZ-A1/14						             PALAM DABRI ROAD VIJAY ENCLAVE						    WEST DELHI",,"",,,,,,AAACM9646H,DELHI,0,,,shobhitbansal43@gmail.com,,,0,0,,0,,,,0,0000-00-00,0000-00-00,0000-00-00,,,,110045,0,0,,,,,,,,
M1984,"M/S MAA JAYANTI PLY HOUSE",6207156415,SAHIBGANJ,"SAHIBGANJ",D02077,Y,0,0,0,N,0,222,D,"",,"SAKRUGARH SAHIBGANJ",,"RAJESH KUMAR SHARMA",,,,,,EOAPS1304P,SAHIBGANJ,0,,,rajeshsbg8888@gmail.com,,,0,0,,0,,,,0,0000-00-00,0000-00-00,0000-00-00,,,,816109,0,0,,,,,,,,
M1987,"M/S AMBIKA GLASS & FITTINGS",8823012396,AMBIKAPUR,"AMBIKAPUR",D10447,Y,0,0,0,N,0,364,D,"",,"IMLIPARA WARD SADAR ROAD AMBIKAPUR",,"SHREYANSH GUPTA",,,,,,BSJPG9701Q,AMBIKAPUR,0,,,shreyanshguptaips@gmail.com,,,0,0,,0,,,,0,0000-00-00,0000-00-00,0000-00-00,,,,497001,0,0,,,,,,,,
M1991,"M/S. GOPAL HARDWARE GLASS AND PLYWOOD",9963245564,SIDDIPET,"SIDDIPET",D01958,Y,0,0,0,N,0,554,D,"",,"10-18/3/1PREGNAPUR ROAD                GAJWEL VILLAGE AND MANDAL               SIDDIPET-TELANGANA",,"VR.DEWASI",9963245564,,,,,BKTPD9539B,SIDDIPET,0,,,plywoodgopal@gmail.com,,,0,0,,0,,,,0,1971-01-01,1971-01-01,1971-01-01,,,,502278,0,0,no,no,no,no,,,,
M1995,"M B ENTERPRISES",9721429775,FAIZABAD,"FAIZABAD",,Y,0,0,0,N,0,,O,"",,"63 BENIGANJ ROAD						                 DEOKALI",,"HIMANSHU SRIVASTAVA",,,,,,AAWFM3799A,FAIZABAD,0,,,snd.decoline@gmail.com,,,0,0,,0,,,,0,1971-01-01,1971-01-01,1971-01-01,,,,224001,0,0,no,no,no,no,,,,
M1996,"MIRA PLY & LAMINATES",9831785934,KOLKATA,"KOLKATA",D02122,Y,0,0,0,N,0,457,D,"",,"GROUND FLOOR 2A CHOWBAGA ROAD",,"SEKH ALIMUDDIN RAHAMAN",,,,,,BEGPS8756C,KOLKATA,0,,,miraply2019@gmail.com,,,0,0,,0,,,,0,1971-01-01,1971-01-01,1971-01-01,,,,700039,0,0,no,no,no,no,,,,
M2000,"M/S DEWAL TRADERS",8787297057,SHAHJAHANPUR,"Shahjahanpur",S10230,Y,0,0,0,N,0,448,O,"",,"00 BILSANDA ROAD BANDA						           SHAHJAHANPUR",,"ANURODH KUMAR GUPTA",,,,,,AKJPG2220M,SHAHJAHANPUR,0,,,devalvirender@gmail.com,,,0,0,,0,,,,0,1971-01-01,1971-01-01,1971-01-01,,,,242042,0,0,no,no,no,no,,,,
M2001,"MILAN TRADERS",9662777771,RAJKOT,"RAJKOT",,Y,0,0,0,N,0,332,O,"",,"OPP BALAJI TRADERS RADDI BHANGAR DELA BHAGALAXMI IND AREA BEHIND MAHESH TIMBER BHAVNAGAR ROAD RAJKOT",,"DAYA BHAI",,,,,,BAMPV0602G,RAJKOT,0,,,,,,0,0,,0,,,,0,1971-01-01,1971-01-01,1971-01-01,,,,360003,0,0,no,no,no,no,,,,
M2004,"M/S SHUBHAN TRADING",7000338464,INDORE,"INDORE",D02105;D02169,Y,0,0,0,N,0,446,P,"",,"283 MALVI NAGAR                         KHAKUSHAM MANDIR KE AAGE",,"MITTHU SHARMA",8109003332,,,,,AVQPS7144C,INDORE,0,,,shubhamjamrid526@gmail.com,,,0,0,,0,,,,0,1971-01-01,1971-01-01,1971-01-01,,,,452010,0,0,no,no,no,no,,,,
M2007,"M/S KHUSBU FURNITURE SHOP",9143302346,KOLKATA,"KOLKATA",D02091,Y,0,0,0,N,0,457,D,"",,"4/1 PAPER MILL ROAD						               KANKINARA NORTH 24 PARGANAS",,"RITESH KUMAR GUPTA",,,,,,AZIPG9309D,KOLKATA,0,,,ritesh3593@gmail.com,,,0,0,,0,,,,0,1971-01-01,1971-01-01,1971-01-01,,,,743126,0,0,no,no,no,no,,,,
M2012,"MANN INTERIOR PVT LTD",9426006361,AHMEDABAD,"AHMEDABAD",D02039,Y,0,0,0,N,0,332,P,"",,"54-A 						                             CHANGODAR INDUSTRIAL ESTATE						       CHANGODAR SANAND",,"TEJAS SANANDIYA",,,,,,AAFCM1249R,AHMEDABAD,0,,,infomanninterior@gmail.com,,,0,0,,0,,,,0,1971-01-01,1971-01-01,1971-01-01,,,,382110,0,0,no,no,no,no,,,,
M2013,"MANGALAM PLYWOOD AND SUNMIACA",9822227611,YAVATMAL,"YAVATMAL",D02136,Y,0,0,0,N,0,331,O,"",,"Mahadev Mandir RoadCivil Lines					     Peshave Plot",,"DEVESH AGARWAL",,,,,,AKAPA9372R,YAVATMAL,0,,,devesh12333@gmail.com,,,0,0,,0,,,,0,1971-01-01,1971-01-01,1971-01-01,,,,445001,0,0,no,no,no,no,,,,
M2014,"MEGHALAYA GLASS HOUSE",9366215207,SHILLONG,"SHILLONG",S10222,Y,0,0,0,N,0,215,D,"",,"GROUND FLOORGORKHA PATHSALA BUILDING			 LUCKIER ROAD SHILLONG						             EAST KHASI HILLS",,"",,,,,,ABCPP4527G,SHILLONG,0,,,dineshpoddar.mgh@gmail.com,,,0,0,,0,,,,0,1971-01-01,1971-01-01,1971-01-01,,,,793002,0,0,no,no,no,no,,,,
M2016,"MEHI DOOR FITTINGS & PLY",6299680529,Deoghar,"DEOGHAR",D02077,Y,0,0,0,N,0,222,O,"",,"0000 00 BAJLA CHOWK DEOGHAR					       BAJLA CHOWK DEOGHAR",,"SANJEEV KUMAR BARNWAL",,,,,,BOQPB9664E,DEOGHAR,0,,,sanjeevkumar209@gmail.com,,,0,0,,0,,,,0,1971-01-01,1971-01-01,1971-01-01,,,,814112,0,0,no,no,no,no,,,,
M2017,"M R PLYDECOR LLP",8959108000,JABALPUR,"JABALPUR",D01931,Y,0,0,0,N,0,446,D,"",,"SHOP NO 95/2						                       RAJUL COMPLEX AAGA CHOWK						          KASTURBA GANDHI WARD",,"MAHESH KUMAR SADANI",,,,,,ABYFM8973F,JABALPUR,0,,,mrplydecor@gmail.com,,,0,0,,0,,,,0,1971-01-01,1971-01-01,1971-01-01,,,,482002,0,0,no,no,no,no,,,,
M2020,"M/S SHRI BALAJI PLYWOOD & HARDWARE",8929899915,JIND,"JIND",D10404,Y,0,0,0,N,0,443,D,"",,"BAKSHI CINEMA CHOWKSHOP NO.3           HOUSING BOARD HANUMAN NAGAR ROAD       NARWANA",,"VIKRAM SINGH",,,,,,ARBPS1141C,JIND,0,,,write2vikramdhariwal@gmail.com,,,0,0,,0,,,,0,1971-01-01,1971-01-01,1971-01-01,,,,126116,0,0,no,no,no,no,,,,
M2021,"M/S GAUTAM TRADERS",9431923991,RAMGARH,"RAMGARH",D02132,Y,0,0,0,N,0,222,D,"",,"SHASTRI CHOUK                            BHURKUNDA BAZAR",,"GAUTAM KUMAR PATRA",,,,,,AEHPP9085M,RAMGARH,0,,,gautamdaply@gmail.com,,,0,0,,0,,,,0,1971-01-01,1971-01-01,1971-01-01,,,,829106,0,0,no,no,no,no,,,,
M2022,"MEWAR TIMBER",7665227222,UDAIPUR,"UDAIPUR",D10491,Y,0,0,0,N,0,427,D,"",,"152 ASHWANI BAZAR						                 GIRWA",,"SHEERAZ HUSSAIN",7014542839,,,,,ALUPH7321L,UDAIPUR,0,,,sheeraz.be@gmail.com,,,0,0,,0,,,,0,1971-01-01,1971-01-01,1971-01-01,,,,313001,0,0,no,no,no,no,,,,
M2023,"MAHADEV PLYWOOD",6263119455,AMBIKAPUR,"AMBIKAPUR",D10447,Y,0,0,0,N,0,364,D,"",,"C/O- KIRAN GUPTA BAREPARA SBI SARGUJA",,"RITIK GUPTA",,,,,,CNAPG1909H,AMBIKAPUR,0,,,mahadevplywoodabkp@gmail.com,,,0,0,,0,,,,0,1971-01-01,1971-01-01,1971-01-01,,,,497001,0,0,no,no,no,no,,,,
M2024,"MOOLCHAND RADHEYLAL & SONS",9829177110,JAIPUR,"JAIPUR",D10322,Y,0,0,0,N,0,427,O,"",,"144 LIONS LANE						                    PANCHEWALA						                         SIRSI ROAD",,"AKASH JAIN",,,,,,AAQFM7803B,JAIPUR,0,,,mrsons_123@yahoo.com,,,0,0,,0,,,,0,1971-01-01,1971-01-01,1971-01-01,,,,302019,0,0,no,no,no,no,,,,
M2025,"M/S SARDAR TIMBER COMPANY",9839068699,KANPUR,"KANPUR",D10360,Y,0,0,0,N,0,447,O,"",,"118/5 GUMTI NO. 5						                 KANPUR NAGAR",,"RAGBHIR SINGH SALUJA",,,,,,AAFFS6994L,KANPUR,0,,,rajpritpoojan@yahoo.com,,,0,0,,0,,,,0,1971-01-01,1971-01-01,1971-01-01,,,,208012,0,0,no,no,no,no,,,,
M2026,"M/S SIDDHARTH GUPTA NAMAN GUPTA",9837021781,BIJNOR,"BIJNOR",S10110,Y,0,0,0,N,0,448,O,"",,"CHOWK BAZAAR 						                      MOHI TAKSAL NAJIBABAD BIJNOR",,"VIJAY GUPTA",,,,,,ACEPG0991J,BIJNOR,0,,,naman577@yahoo.com,,,0,0,,0,,,,0,1971-01-01,1971-01-01,1971-01-01,,,,246763,0,0,no,no,no,no,,,,
M2030,"M/S PRAGATI TRADERS",9721486071,SHAHJAHANPUR,"Shahjahanpur",S10142,Y,0,0,0,N,0,448,O,"",,"Dakhinaua AlhaganjShahjahanpur",,"SAURABH MISHRA",,,,,,AXJPM9634N,Shahjahanpur,0,,,msaurav289@gmail.com,,,0,0,,0,,,,0,1971-01-01,1971-01-01,1971-01-01,,,,242001,0,0,no,no,no,no,,,,
M2032,"M/S PATNA GLASS EMPORIUM",9709497878,KHAGARIA,"KHAGARIA",D02015,Y,0,0,0,N,0,219,O,"",,"KHAGARIA  GOSHALA ROAD",,"PRABHAT KUMAR SHARMA",,,,,,DDCPS0129C,KHAGARIA,0,,,patnaglassemporium2425@gmail.com,,,0,0,,0,,,,0,1971-01-01,1971-01-01,1971-01-01,,,,851204,0,0,no,no,no,no,,,,
M2033,"MAKE WELL INDIA",9825425593,ANAND,"ANAND",,Y,0,0,0,N,0,332,O,"",,"1 GANESH PEMPLE					                    NADIAD PETLAD ROAD					                  PETLAD ANAND (GUJARAT)",,"KARAMSHI PATEL",,,,,,AAFFM8134N,ANAND,0,,,maestroply@gmail.com,,,0,0,,0,,,,0,1971-01-01,1971-01-01,1971-01-01,,,,388450,0,0,no,no,no,no,,,,
M2037,"MAKANI TIMBERS",9422062287,Goa,"GOA",S01904,Y,0,0,0,N,0,553,O,"",,"NEAR FISH JETTYMALIM						             BETIMNORTH GOA",,"PURUSHOTTAM JIVRAJ PATEL",,,,,,AAFFM2378C,GOA,0,,,makani8487@gmail.com,,,0,0,,0,,,,0,1971-01-01,1971-01-01,1971-01-01,,,,403101,0,0,no,no,no,no,,,,
M2040,"MATERIAL CONNECTION",9825425593,SAYLI,"SAYLI",,Y,0,0,0,N,0,317,O,"",,"400 SQARE METERS SURVEY NO-263/3/2					 B  ADMEASURING 1647 SQARE METERS					   SAYLI DADAR & NAGAR HAVELI",,"MILAN BHAI",,,,,,ABOFM5227E,SAYLI,0,,,maestroply@gmail.com,,,0,0,,0,,,,0,1971-01-01,1971-01-01,1971-01-01,,,,396230,0,0,no,no,no,no,,,,
M2041,"MAA MANOKAMNA GLASS AND PLYWOOD CENTRE",9263905111,PATNA,"PATNA",D02150,Y,0,0,0,N,0,219,O,"",,"GROUND FLOOR PATNA GAYA ROAD						     HANUMAN MANDIR						                     ABDULLAHCHAK BAIRIYA",,"NIBHA KUMARI",,,,,,LUFPK5977G,PATNA,0,,,maamanokamnaglass@Gmail.com,,,0,0,,0,,,,0,1971-01-01,1971-01-01,1971-01-01,,,,800007,0,0,no,no,no,no,,,,
M2044,"M/S GARG PLY HOUSE",9678555591,LUCKNOW,"LUCKNOW",D10394,Y,0,0,0,N,0,447,D,"",,"11 CHANDRALOK COLONY						              ALIGANJ",,"ARUN KUMAR AGARWAL",,,,,,ACLPA9954G,LUCKNOW,0,,,accounts@gargplyhouse.com,,,0,0,,0,,,,0,1971-01-01,1971-01-01,1971-01-01,,,,226024,0,0,no,no,no,no,,,,
M2053,"M/S SURYA TRADER",9835499498,NAWADA,"NAWADA",D02143,Y,0,0,0,N,0,219,O,"",,"10 UNNAMED ROAD UMS LEDAHA             LAKHMOHNA",,"SURYADEV SHARMA",,,,,,CJVPS6074E,NAWADA,0,,,sdsharmalic2793@gmail.com,,,0,0,,0,,,,0,1971-01-01,1971-01-01,1971-01-01,,,,805121,0,0,no,no,no,no,,,,
M2059,"M P PLYWOOD AND VENEER",9826927222,INDORE,"INDORE",D02144;D02169,Y,0,0,0,N,0,446,D,"",,"ED-95 SCHEME NO.94                RING ROAD SECTOR-D",,"SATISH PATWARI",9826927222,,,,,ALSPP3089R,INDORE,0,,,mpply.veneer@gmail.com,,,0,0,,0,,,,0,1971-01-01,1971-01-01,1971-01-01,,,,452010,0,0,no,no,no,no,,,,
M2060,"M/S - SUBHASH FURNITURE",7903989809,TEKARI,"TEKARI",D02143,Y,0,0,0,N,0,219,O,"",,"MAIN ROAD TEKARI                   TEKARI",,"SUBHASH CHANDRA SHARMA",,,,,,BGEPS4175F,TEKARI,0,,,rajababuk345@gmail.com,,,0,0,,0,,,,0,1971-01-01,1971-01-01,1971-01-01,,,,824236,0,0,no,no,no,no,,,,
M2064,"M/S VASUDHA SALES CORPORATION",9839661199,LUCKNOW,"LUCKNOW",S10232,Y,0,0,0,N,0,447,D,"",,"SHOP NO. 1-2 CHINHAT PLAZA        FAIZABAD ROAD",,"SANDEEP CHATURVEDI",,,,,,AECPC6447H,LUCKNOW,0,,,vasudha789@gmail.com,,,0,0,,0,,,,0,1971-01-01,1971-01-01,1971-01-01,,,,226010,0,0,no,no,no,no,,,,
M2065,"M/S RANI SATI STEEL",9801030149,GOPALGANJ,"GOPALGANJ",D02015,Y,0,0,0,N,0,219,O,"",,"P MUHALLA  MEERGANJ MAIN ROAD          GOPALGANJ",,"SANJAY KUMAR SARAOGI",,,,,,AKGPS0941L,GOPALGANJ,0,,,saraogisanjay5@gmail.com,,,0,0,,0,,,,0,1971-01-01,1971-01-01,1971-01-01,,,,841438,0,0,no,no,no,no,,,,
M2068,"M/S PLY GHAR",9415101105,LUCKNOW,"LUCKNOW",D10349,Y,0,0,0,N,0,447,O,"",,"UG-25 GOYAL PLAZA                FAIZABAD ROAD                      INDIRA NAGAR",,"ANURAG KUMAR AGARWAL",,,,,,ACMPA1654L,LUCKNOW,0,,,anuragpkp@gmail.com,,,0,0,,0,,,,0,1971-01-01,1971-01-01,1971-01-01,,,,226016,0,0,no,no,no,no,,,,
M2069,"M/S SANCHI PLY AND DOORS",8562985386,LUCKNOW,"LUCKNOW",D10508,Y,0,0,0,N,0,447,D,"",,"3/31 VIBHUTI KHAND               GOMTI NAGAR",,"VINOD KUMAR YADAV",,,,,,ACIPY6941J,LUCKNOW,0,,,vinod4u.2010@rediffmail.com,,,0,0,,0,,,,0,1971-01-01,1971-01-01,1971-01-01,,,,226010,0,0,no,no,no,no,,,,
M2070,"M/S YASHODA HARDWARE",9450676881,DEORIA,"DEORIA",S10319,Y,0,0,0,N,0,447,D,"",,"0 CC ROAD                        DEORIA",,"ABHISHEK KUMAR YADAV",,,,,,AGEPY3176B,DEORIA,0,,,abhishekyadav.bpharm@gmail.com,,,0,0,,0,,,,0,1971-01-01,1971-01-01,1971-01-01,,,,274201,0,0,no,no,no,no,,,,
M2071,"M/S GOYAL TIMBAR POINT",7900921633,ALIGARH,"ALIGARH",D10503,Y,0,0,0,N,0,448,O,"",,"RAGHUVEER PURI EXBHITION ROAD",,"PRAVEEN GOYAL",,,,,,ANAPG4540J,ALIGARH,0,,,goyalpraveengpt12345@gmail.com,,,0,0,,0,,,,0,1971-01-01,1971-01-01,1971-01-01,,,,202001,0,0,no,no,no,no,,,,
M2072,"MOOL CHAND HARDWARE AGENCIES",9619326274,DEHRADUN,"DEHRADUN",S10110,Y,0,0,0,N,0,448,O,"",,"LAKHI BAGH 18 ABDUL KALAM AJAD ROAD LAKHI BAGH DEHRADUN",,"VAIBHAV GUPTA",,,,,,BGFPG5642C,DEHRADUN,0,,,moolchandhardwareagencies@gmail.com,,,0,0,,0,,,,0,1971-01-01,1971-01-01,1971-01-01,,,,248001,0,0,no,no,no,no,,,,
M2073,"M/S PRAKASH AGENCIES",7033753001,GARHWA,"GARHWA",D01932,Y,0,0,0,N,0,222,D,"",,"GARHWA CHOUDHARANA BAZAR",,"YAGYA PRAKASH",,,,,,AKIPP1792N,GARHWA,0,,,prakashagencies777@gmail.com,,,0,0,,0,,,,0,1971-01-01,1971-01-01,1971-01-01,,,,822114,0,0,no,no,no,no,,,,
M2074,"M/S MANGALAM ENTERPRISES",9756504400,DEHRADUN,"DEHRADUN",S10110,Y,0,0,0,N,0,448,O,"",,"21/2 E.C. ROAD",,"ABHINAV AGGARWAL",,,,,,AVQPA4136J,DEHRADUN,0,,,mangalamenterprises555@gmail.com,,,0,0,,0,,,,0,1971-01-01,1971-01-01,1971-01-01,,,,248001,0,0,no,no,no,no,,,,
M2075,"MESSERS. DESRAJ",7677107775,HAZARIBAG,"HAZARIBAG",D01932;D02176,Y,0,0,0,N,0,222,D,"",,"255 SUBHAS MARG",,"AMRIT PAL SINGH",,,,,,AHVPS6440C,HAZARIBAG,0,,,desrajtimber@gmail.com,,,0,0,,0,,,,0,1971-01-01,1971-01-01,1971-01-01,,,,825301,0,0,no,no,no,no,,,,
M2077,"M/S SUDHIR TRADERS",9010129562,DEHRADUN,"DEHRADUN",S10110,Y,0,0,0,N,0,448,O,"",,"1/2/3 RAJA ROAD OPP CIVIL COURT",,"SARTHAK MITTAL",,,,,,AAWFS0668L,DEHRADUN,0,,,sudhirtraders@rediffmail.com,,,0,0,,0,,,,0,1971-01-01,1971-01-01,1971-01-01,,,,248001,0,0,no,no,no,no,,,,
M2078,"M/S ASHOKA PLYWOOD CENTRE",9935172676,FAIZABAD,"FAIZABAD",D10346,Y,0,0,0,N,0,447,O,"",,"709/3 REKABGANJ",,"GAVRAV AHUJA",919935172676,,,,,ALPPA3090G,FAIZABAD,0,,,sharadaahuja20021974@gmail.com,,,0,0,,0,,,,0,1971-01-01,1971-01-01,1971-01-01,,,,224001,0,0,no,no,no,no,,,,
M2080,"M/S RAM IRON HARDWARE & PAINT STORE",8896613636,KANNAUJ,"KANNAUJ",D10360,Y,0,0,0,N,0,447,O,"",,"KHAIRNAGAR ROAD KALIKA NAGAR       TIRWA GANJ TIRWA",,"YOGESH KUMAR",,,,,,AKDPK2305H,KANNAUJ,0,,,yogeshgupta315@gmail.com,,,0,0,,0,,,,0,1971-01-01,1971-01-01,1971-01-01,,,,209732,0,0,no,no,no,no,,,,
M2081,"MODERN FURNITURE MAKER",7677107775,RAMGARH,"RAMGARH",D02176,Y,0,0,0,N,0,222,D,"",,"0 PLOT NO 1074 1075 NH23            NEAR HP PETROL PUMP                 KOTHAR",,"UPENDRA KUMAR RANA",,,,,,DHPPR4719L,RAMGARH,0,,,urana376@gmail.com,,,0,0,,0,,,,0,1971-01-01,1971-01-01,1971-01-01,,,,829122,0,0,no,no,no,no,,,,
M2082,"M/S R.K TRADERS",8210270543,PALAMU,"PALAMU",D01932,Y,0,0,0,N,0,222,O,"",,"HOLDING NO 160A NEAR SAI MANDIR          KHATA NO 151B PLOT NO 1324/1325          SAI BHAJAN KENDRA NAWATOLI DALTONGANJ",,"ASUTOSH KUMAR",,,,,,LCDPK8697M,PALAMU,0,,,rakeshsharma66088@gmail.com,,,0,0,,0,,,,0,1971-01-01,1971-01-01,1971-01-01,,,,822101,0,0,no,no,no,no,,,,
M2084,"MAA SHARDA FURNITURE",8809809772,DHANBAD,"DHANBAD",D01932,Y,0,0,0,N,0,222,D,"",,"RAHARGORA DHAIYA                        BARWADDA ROAD NEAR SHIV MANDIR",,"INDRADEO RANA",,,,,,AILPR3749N,DHANBAD,0,,,ranabhai00045@gmail.com,,,0,0,,0,,,,0,1971-01-01,1971-01-01,1971-01-01,,,,826004,0,0,no,no,no,no,,,,
M2086,"M/S RADHEY ENTERPRISES",6396001097,DEHRADUN,"DEHRADUN",S10110,Y,0,0,0,N,0,448,O,"",,"KHASRA NO. 465 GRAM NIRANJANPUR PARGANA PANCHWADOON TEHSIL DEHRADUN",,"VIDIT SUKHIJA",,,,,,JBMPS9814N,DEHRADUN,0,,,viditsukhija@gmail.com,,,0,0,,0,,,,0,1971-01-01,1971-01-01,1971-01-01,,,,248001,0,0,no,no,no,no,,,,
M2087,"MAA KALI PLYWOOD",9708051012,SAMASTIPUR,"SAMASTIPUR",S01386,Y,0,0,0,N,0,219,O,"",,"GROUNDSARDARGANJ NEAR BUS STAND N H 28 DALSINGSARAI N H 28 SARDARGANJ BUS STAND",,"SUJIT KUMAR SHARMA",,,,,,CNZPS8319C,SAMASTIPUR,0,,,sharmasujeet562@gmail.com,,,0,0,,0,,,,0,1971-01-01,1971-01-01,1971-01-01,,,,848114,0,0,no,no,no,no,,,,
M2088,"M/S PRAKASH HARDWARE",9661194896,CHATRA,"CHATRA",D01932,Y,0,0,0,N,0,222,O,"",,"S/O HARICHARAN SAHU NEAR BANK OF INDIA MAIN ROAD TANDWA                    TANDWA",,"SAROJ KUMAR GUPTA",,,,,,BOCPG6044P,CHATRA,0,,,gsarojkumar30@gmail.com,,,0,0,,0,,,,0,1971-01-01,1971-01-01,1971-01-01,,,,825321,0,0,no,no,no,no,,,,
M2089,"M/S LAVI ENTERPRISES",8858149628,Hardoi,"HARDOI",D10349,Y,0,0,0,N,0,447,O,"",,"0 NAGHETA ROAD                    NEAR RAJWADA RESTAURANT",,"PRIYA BAJPAI",,,,,,AALFL8641B,HARDOI,0,,,lavienterprises540@gmail.com,,,0,0,,0,,,,0,1971-01-01,1971-01-01,1971-01-01,,,,241001,0,0,no,no,no,no,,,,
M2092,"M/S MAPLE DECOR",7000519085,DURG,"DURG",D10447,Y,0,0,0,N,0,420,D,"",,"SHOP NO.-2 DURG BEMETARA ROAD      IMA CHOWK",,"KIRAN RATHI",,,,,,BMCPR8322K,DURG,0,,,mapledecor.durg@gmail.com,,,0,0,,0,,,,0,1971-01-01,1971-01-01,1971-01-01,,,,191001,0,0,no,no,no,no,,,,
M2094,"METAMORPHOSIS CONSTRUCTIONS",8866011585,GOPALGANJ,"GOPALGANJ",D02146;D02146,Y,0,0,0,N,0,219,O,"",,"4TH FLOOR 405                    SHREEJI SIGNATURE                 SARGASAN",,"JAYWANT KOTAD",,,,,,AAUFM7027R,GOPALGANJ,0,,,jaywant@metamorphosis.in,,,0,0,,0,,,,0,1971-01-01,1971-01-01,1971-01-01,,,,382421,0,0,no,no,no,no,,,,
M2094,"METAMORPHOSIS CONSTRUCTIONS",8866011585,GANDHINAGAR,"GANDHINAGAR",D02146;D02146,Y,0,0,0,N,0,219,O,"",,"4TH FLOOR 405                    SHREEJI SIGNATURE                 SARGASAN",,"JAYWANT KOTAD",,,,,,AAUFM7027R,GOPALGANJ,0,,,jaywant@metamorphosis.in,,,0,0,,0,,,,0,1971-01-01,1971-01-01,1971-01-01,,,,382421,0,0,no,no,no,no,,,,
M2095,"MAMAJI HARDWARE & PLYWOOD",9727097344,DHANERA,"DHANERA",D02142;D02142,Y,0,0,0,N,0,441,O,"",,"462 COTTAGE AREA                  STATION ROAD                      BANASKANTHA",,"KIRTIBHAI MALI",,,,,,AQZPM8715F,NEW DELHI,0,,,kirtibhaimail46@gmail.com,,,0,0,,0,,,,0,1971-01-01,1971-01-01,1971-01-01,,,,385310,0,0,no,no,no,no,,,,
M2095,"MAMAJI HARDWARE & PLYWOOD",9727097344,NEW DELHI,"NEW DELHI",D02142;D02142,Y,0,0,0,N,0,441,O,"",,"462 COTTAGE AREA                  STATION ROAD                      BANASKANTHA",,"KIRTIBHAI MALI",,,,,,AQZPM8715F,NEW DELHI,0,,,kirtibhaimail46@gmail.com,,,0,0,,0,,,,0,1971-01-01,1971-01-01,1971-01-01,,,,385310,0,0,no,no,no,no,,,,
M2097,"M/S LAXMI NARAYAN PLY AND MICA",9122037655,BIKANER,"BIKANER",S01386,Y,0,0,0,N,0,219,O,"",,"HOUSE OF SMT REKHA                 SINHA ZEROMILE SABOUR            Chanakya Vihar Colony",,"VIKASH KUMAR",,,,,,ERJPK9102D,Bikaner,0,,,vikashsbg55@gmail.com,,,0,0,,0,,,,0,1971-01-01,1971-01-01,1971-01-01,,,,812003,0,0,no,no,no,no,,,,
M2098,"M/S SHRI HANUMANT TRADERS",6387838004,JABALPUR,"JABALPUR",D10360,Y,0,0,0,N,0,446,D,"",,"GHANDHIGANG ALLAHABAD ROAD        KARWI",,"SHUBHAM KESHARWANI",,,,,,CBXPK3558D,JABALPUR,0,,,hanumatg8@gmail.com,,,0,0,,0,,,,0,1971-01-01,1971-01-01,1971-01-01,,,,210205,0,0,no,no,no,no,,,,
M2102,"M/S RAM GOPAL TULSIAN",7903910718,DHANBAD,"DHANBAD",D01932,Y,0,0,0,N,0,222,O,"",,"OPP RAM MANDIR JORAPHATAK ROAD",,"ALOK KUMAR TULSIAN",,,,,,AAGFR0333K,DHANBAD,0,,,ramgopaltulsian@yahoo.in,,,0,0,,0,,,,0,1971-01-01,1971-01-01,1971-01-01,,,,826001,0,0,no,no,no,no,,,,
M2103,"M STUDIO",9825310871,GANDHINAGAR,"GANDHINAGAR",D02039,Y,0,0,0,N,0,332,O,"",,"BLOCK NO - 831 25 SHIV ESTATE    B/H GANESH MANDIR                 VADSAR GANV KALOL",,"RAMAVTAR JANGID",,,,,,ADBPJ1904E,GANDHINAGAR,0,,,mahavir4575@gmail.com,,,0,0,,0,,,,0,1971-01-01,1971-01-01,1971-01-01,,,,382165,0,0,no,no,no,no,,,,
M212,"MAYANK DALMIA",,,"",,Y,0,,0,N,0,,O,"",,"",,"",,,,,,,,0,,,,,,0,0,,0,,,,0,0000-00-00,0000-00-00,0000-00-00,,,,,0,0,,no,,no,,,,
M217,"M N PATEL & CO.",9811183280,NEW DELHI,"NEW DELHI",,Y,0,0,0,N,0,,O,"",,"1/45/2 WHS KIRTI NAGAR NEAR MAYAPURI CHOWK",,"",,,,,,AAAFM5350P,NEW DELHI,0,,,veerjidelhi@gmail.com,,,0,0,,0,,,,0,0000-00-00,0000-00-00,0000-00-00,,,,,0,0,,no,,no,,,,
M288,"MAHESHWARI MANDAL",,KALYAN VIHARDELHI,"KALYAN VIHAR,DELHI",,Y,0,,0,N,0,,O,"",,"MAHESHWARI DHARM SHALA OPP.RAM LILA MAIDAN",,"",,,,,,,KALYAN VIHAR,DELHI,0,,,,,,0,0,,0,,,,0,0000-00-00,0000-00-00,0000-00-00,,,,,0,0,,no,,no,,,,
M301,"M K ENTERPRISES",,JEYPORE,"JEYPORE",,Y,0,,0,N,0,,O,"",,"",,"",,,,,,,JEYPORE,0,,,,,,0,0,,0,,,,0,0000-00-00,0000-00-00,0000-00-00,,,,,0,0,,no,,no,,,,
M400,"MORVI HOROLOGICAL INDUSTRIES",,LUCKNOW(U.P.),"LUCKNOW(U.P.)",,Y,0,,0,N,0,,O,"",,"",,"",,,,,,,LUCKNOW(U.P.),0,,,,,,0,0,,0,,,,0,0000-00-00,0000-00-00,0000-00-00,,,,,0,0,,no,,no,,,,
M607,"MAITHAN ISPAT LTD",,,"",,Y,0,,0,N,0,,O,"",,"KALINGA NAGAR INDUSTRIAL COMPLEX DASMANIA JAKHAPURA",,"",,,,,,,,0,,,,,,0,0,,0,,,,0,0000-00-00,0000-00-00,0000-00-00,,,,,0,0,,no,,no,,,,
M607,"MAITHAN ISPAT LTD",,NULL,"NULL",,Y,0,,0,N,0,,O,"",,"KALINGA NAGAR INDUSTRIAL COMPLEX DASMANIA JAKHAPURA",,"",,,,,,,,0,,,,,,0,0,,0,,,,0,0000-00-00,0000-00-00,0000-00-00,,,,,0,0,,no,,no,,,,
M616,"MAYA DEVI",,,"",,Y,0,,0,N,0,,O,"",,"BEHERAMPUR",,"",,,,,,,,0,,,,,,0,0,,0,,,,0,0000-00-00,0000-00-00,0000-00-00,,,,,0,0,,no,,no,,,,
M622,"MANOJ KUMAR GAUTAM",,,"",,Y,0,,0,N,0,,O,"",,"",,"",,,,,,,,0,,,,,,0,0,,0,,,,0,0000-00-00,0000-00-00,0000-00-00,,,,,0,0,,no,,no,,,,
M629,"M P KHAITAN (AGARTALA)",,AGARTALA,"AGARTALA",,Y,300000,30,0,N,0,,O,"",,"C/O DAS GUPTA HOUSE 79 HARISH THAKUR ROAD BIJOYKUMAR CHOWMUHANI",,"M. P. KHAITAN",,,,,,,AGARTALA,0,,,mpkhatian@yahoo.com,,,0,0,,0,,,,0,0000-00-00,0000-00-00,0000-00-00,,,,,0,0,,no,,no,,,,
M632,"MAA SYS INFOTECH PVT LTD",,,"",,Y,0,,0,N,0,,O,"",,"E-50 INFOCITY PATIA INDUSTRIAL ESTATE PATIA",,"",,,,,,,,0,,,,,,0,0,,0,,,,0,0000-00-00,0000-00-00,0000-00-00,,,,,0,0,,no,,no,,,,
M632,"MAA SYS INFOTECH PVT LTD",,NULL,"NULL",,Y,0,,0,N,0,,O,"",,"E-50 INFOCITY PATIA INDUSTRIAL ESTATE PATIA",,"",,,,,,,,0,,,,,,0,0,,0,,,,0,0000-00-00,0000-00-00,0000-00-00,,,,,0,0,,no,,no,,,,
M637,"MIRZA PROJECTS",,NEW DELHI,"NEW DELHI",,Y,0,,0,N,0,,O,"",,"FLAT-13;K-38 KHIRKI.EXT. MALVIYA NAGER",,"",,,,,,,NEW DELHI,0,,,,,,0,0,,0,,,,0,0000-00-00,0000-00-00,0000-00-00,,,,,0,0,,no,,no,,,,
M644,"MUSTAN ALUMINIUM AND HARDWARE",,RAJASTHAN,"",,Y,0,,0,N,0,,O,"",,"",,"",,,,,,,RAJASTHAN,0,,,,,,0,0,,0,,,,0,0000-00-00,0000-00-00,0000-00-00,,,,,0,0,,no,,no,,,,
M647,"MANISH LAMINATE HOUSE",,NEW DELHI,"NEW DELHI",,Y,0,,0,N,0,,O,"",,"2941/3CHUNA MANDI PAHARGANJ",,"",,,,,,,NEW DELHI,0,,,,,,0,0,,0,,,,0,0000-00-00,0000-00-00,0000-00-00,,,,,0,0,,no,,no,,,,
M650,"MALIK TIMBER & PLYWOOD",9354913050,PANIPAT,"PANIPAT",,Y,7000000,45,0,N,0,443,D,"",,"MAIN ROAD BISHAN SARUP COLONY PANIPAT(HR)",,"MR. DHEERAJ MALIK",9354913050,,,,,AAEHD1601E,PANIPAT,0,,,maliktimber@gmail.com,,,0,0,,0,,,,0,0000-00-00,0000-00-00,0000-00-00,,,,132103,0,0,,no,,no,,,,
M6803,"MAHESHWARI PLYWOODS",9999999999,ALIGARH,"ALIGARH",S10230,Y,0,0,0,N,0,447,O,"",,"SHIVPURNEAR RAGHIVEER PURU  NEEMUCH - 458 441",,"ABHINAV MAHESHWARI",,,,,,BABPM9937N,ALIGARH,0,,,0,,,0,0,,0,,,,0,0000-00-00,0000-00-00,0000-00-00,,,,202001,0,0,,,,,,,,
M743,"MLK & CO.",,CHANDIGARH (PUNJAB),"CHANDIGARH (PUNJAB)",,Y,0,,0,N,0,,O,"",,"PLOT NO.11PHASE-2 IND.AREA",,"",,,,,,,CHANDIGARH (PUNJAB),0,,,,,,0,0,,0,,,,0,0000-00-00,0000-00-00,0000-00-00,,,,,0,0,,no,,no,,,,
M819,"MEHTA METALS",9426248614,JAMNAGAR,"JAMNAGAR",,Y,0,30,0,N,0,332,D,"",,"TOWN HALL ROADNEAR BEDI GATE",,"RAJESH MEHTA",,,,,,,JAMNAGAR,0,,,mehtadecor9@gmail.com,,,0,0,,0,,,,0,0000-00-00,0000-00-00,0000-00-00,,,,361001,0,0,,no,,no,,,,
M856,"MURTHY GLASS & PLYWOOD PVT LTD",9844040405,Bangalore,"BANGALORE",,Y,500000,45,0,N,0,553,D,"",,"NO:800 POBBATHI BUILDING#1/2 DASAPPA LANE",,"S RAMA MURTHY",08022875653,,,,,AABCM5144R,BANGALORE,0,,,mgp1964@gmail.com,,,0,0,,0,,,,0,0000-00-00,0000-00-00,0000-00-00,,,,560053,0,0,,no,,no,,,,
M874,"MAHAVIR INDUSTRIES (PUNJAB)",,,"",,Y,0,,0,N,0,,O,"",,"BLOCK NO.272 ZAK G.I.D.C ZAKGAM",,"",,,,,,,,0,,,,,,0,0,,0,,,,0,0000-00-00,0000-00-00,0000-00-00,,,,,0,0,,no,,no,,,,
M913,"MARUDHAR PLYWOOD",8022262330,Bangalore,"BANGALORE",D10378,Y,0,0,0,N,0,553,D,"",,"NO.364/277TH CROSS                     WILSONGARDEN",,"MUKESH BUMB",,,,,,AAQFM7159N,BENGALURU,0,,,marudharplywoods@gmail.com,,,0,0,,0,,,,0,1971-01-01,1971-01-01,1971-01-01,,,,560002,0,0,no,no,no,no,,,,
M913,"MARUDHAR PLYWOOD",8022262330,BENGALURU,"BENGALURU",D10378,Y,0,0,0,N,0,553,D,"",,"NO.364/277TH CROSS                     WILSONGARDEN",,"MUKESH BUMB",,,,,,AAQFM7159N,BENGALURU,0,,,marudharplywoods@gmail.com,,,0,0,,0,,,,0,1971-01-01,1971-01-01,1971-01-01,,,,560002,0,0,no,no,no,no,,,,
M941,"M S N PLYWOODS",09886000297,Bangalore,"BANGALORE",,Y,500000,45,0,N,0,553,D,"",,"297 1ST CROSS 7TH MAINMICO LAYOUT",,"M.S. NAGENDRA",08026781874,,,,,AABHN0329Q,BANGALORE,0,,,plyminister@gmail.com,,,0,0,,0,,,,0,0000-00-00,0000-00-00,0000-00-00,,,,560076,0,0,,no,,no,,,,
M950,"MAHESHWARY GLASS WORKS",9814227320,BATHINDA CITY,"BATHINDA CITY",,Y,0,0,0,N,0,454,D,"",,"DHOBI BAZAR",,"VIJAY MAHESHWARY",9814227320,,,,,AABFM9633J,BATHINDA CITY,0,,,ashishmaheshwary@gmail.com,,,0,0,,0,,,,0,0000-00-00,0000-00-00,0000-00-00,,,,151005,0,0,,no,,no,,,,
M988,"M J ENTERPRISE & CO",9830094117,KOLKATA,"KOLKATA",,Y,800000,60,229351,N,0,,D,"",,"89 SARAT BOSE ROAD",,"B L JOSHI",,,,,,AAFFM4524N,KOLKATA,0,,,bhanwarlaljoshi5@gmail.com,,,0,0,,0,,,,0,0000-00-00,0000-00-00,0000-00-00,,,,,0,0,,no,,no,,,,
M995,"MEDIA TARNSASIA INDIA LTD.",,,"",,Y,0,,0,N,0,,O,"",,"",,"",,,,,,,,0,,,,,,0,0,,0,,,,0,0000-00-00,0000-00-00,0000-00-00,,,,,0,0,,no,,no,,,,
N001,"NAVIN PRABHUDAYAL SHAH",,,"",,Y,0,,0,N,0,,O,"",,"",,"",,,,,,,,0,,,,,,0,0,,0,,,,0,0000-00-00,0000-00-00,0000-00-00,,,,,0,0,,no,,no,,,,
N0029,"NEW MARBEL SANITATIONS",,KURUKSHETRA (HARYANA,"KURUKSHETRA (HARYANA",,Y,0,,0,N,0,,O,"",,"SCF-51 SECTOR-7",,"",,,,,,,KURUKSHETRA (HARYANA,0,,,,,,0,0,,0,,,,0,0000-00-00,0000-00-00,0000-00-00,,,,,0,0,,no,,no,,,,
N1013,"NANA LAL KESHAV LAL",,AHMEDABAD,"AHMEDABAD",D02052,Y,0,0,0,N,0,332,D,"",,"305 SEARS TOWER                        GULBAI TEKRA                            AMBAWADI",,"SACHIN SHAH",,,,,,AABFN3089K,AHMEDABAD,0,,,,,,0,0,,0,,,,0,0000-00-00,0000-00-00,0000-00-00,,,,380006,0,0,,,,,,,,
N1016,"NIRMAN TRADERS",9811627271,NEW DELHI,"NEW DELHI",S10042,Y,7000000,30,0,N,0,441,D,"",,"W.P-480 SHIV MARKET WAZIRPUR",,"RAHUL GUPTA",,,,,,AAXPG0639C,NEW DELHI,0,,,gupta_rahul85@yahoo.com,,,0,0,,0,,,,0,0000-00-00,0000-00-00,0000-00-00,,,,110052,0,0,,,,,,,,
N1020,"NIRMAL DISTRIBUTOR",9335904352,LUCKNOW,"LUCKNOW",,Y,3000000,45,0,N,0,447,D,"",,"4/255VIJYANT KHAND GOMTI NAGAR",,"PANKAJ JAIN",,,,,,ADIPJ9671P,LUCKNOW,0,,,netupankaj@gmail.com,,,0,0,,0,,,,0,0000-00-00,0000-00-00,0000-00-00,,,,226001,0,0,,,,,,,,
N1042,"NORTHERN EXIM (P) LTD",,NEW DELHI,"NEW DELHI",,Y,0,,0,N,0,,O,"",,"SEVEN-A SAGAR 6 TILAK MARG",,"",,,,,,,NEW DELHI,0,,,,,,0,0,,0,,,,0,0000-00-00,0000-00-00,0000-00-00,,,,,0,0,,no,,no,,,,
N1045,"NEW GLASS CORNER",8051872046,MUZAFFARPUR,"MUZAFFARPUR",S01675,Y,1000000,30,0,N,0,219,D,"",,"CHANDRA LOK CHAUK MUZAFFARPUR",,"CHANDAN KUMAR",,,,,,AAXPY9782E,MUZAFFARPUR,0,,,umesh.ngc@gmail.com,,,0,0,,0,,,,0,0000-00-00,0000-00-00,0000-00-00,,,,842001,0,0,,,,no,,,,
N1049,"NAVEEN PLYWOOD",9877000154,PATIALA,"PATIALA",S10258,Y,4000000,45,0,N,0,454,D,"",,"NABHA GATE",,"RAKESH",,,,,,AEDPM9978A,PATIALA,0,,,rakeshmadaan.rm@gmail.com,,,0,0,,0,,,,0,0000-00-00,0000-00-00,0000-00-00,,,,147001,0,0,,no,,no,,,,
N1054,"NAVFAIR INTERNATIONAL",,PITAMPURANEW DELHI,"PITAMPURA,NEW DELHI",,Y,0,,0,N,0,,O,"",,"67-ABLOCK-PB NEAR KOHAT METRO STATION",,"",,,,,,,PITAMPURA,NEW DELHI,0,,,,,,0,0,,0,,,,0,0000-00-00,0000-00-00,0000-00-00,,,,,0,0,,no,,no,,,,
N1056,"NLDK TIMBERS PVT. LTD.",,CHANDIGARH  (PUNJAB),"CHANDIGARH  (PUNJAB)",,Y,0,,0,N,0,,O,"",,"PLOT NO.6SECTOR35-B",,"",,,,,,,CHANDIGARH  (PUNJAB),0,,,,,,0,0,,0,,,,0,0000-00-00,0000-00-00,0000-00-00,,,,,0,0,,no,,no,,,,
N1057,"NIAGAREE BUILDERS& DEVELOPERS P LTD",,,"",S01386,Y,0,,0,N,0,219,O,"",,"PATNA",,"",,,,,,,,0,,,,,,0,0,,0,,,,0,0000-00-00,0000-00-00,0000-00-00,,,,800008,0,0,,no,,no,,,,
N1057,"NIAGAREE BUILDERS& DEVELOPERS P LTD",,,"",S01386,Y,0,,0,N,0,219,O,"",,"PATNA",,"",,,,,,,,0,,,,,,0,0,,0,,,,0,0000-00-00,0000-00-00,0000-00-00,,,,800008,0,0,,no,,no,,,,
N1057,"NIAGAREE BUILDERS& DEVELOPERS P LTD",,NULL,"NULL",S01386,Y,0,,0,N,0,219,O,"",,"PATNA",,"",,,,,,,,0,,,,,,0,0,,0,,,,0,0000-00-00,0000-00-00,0000-00-00,,,,800008,0,0,,no,,no,,,,
N1062,"NCS PROJECTS PVT LTD",0,KOLKATA,"KOLKATA",S01657;D02002,Y,0,0,0,N,0,457,O,"",,"C/O BELLVIEW CLINIC PRIYAMVADA BIRLA EYE CLINIC ROWDON STREET",,"0",,,,,,0,KOLKATA,0,,,0,,,0,0,,0,,,,0,0000-00-00,0000-00-00,0000-00-00,,,,700016,0,0,,no,,no,,,,
N1065,"NLDK TIMBERS PVT.LTD",,MANESARGURGAON,"MANESAR,GURGAON",S10008,Y,0,0,0,N,0,441,P,"",,"PLOT NO.282SECTOR-7",,"",,,,,,AABCN0913B,MANESAR,GURGAON,0,,,,,,0,0,,0,,,,0,0000-00-00,0000-00-00,0000-00-00,,,,122050,0,0,no,no,,no,,,,
N1078,"NIRANKARI GENERAL STORE",,NEW DELHI,"NEW DELHI",,Y,0,,0,N,0,,O,"",,"E-37HAUS KHASMAIN MARKET",,"",,,,,,,NEW DELHI,0,,,,,,0,0,,0,,,,0,0000-00-00,0000-00-00,0000-00-00,,,,,0,0,,no,,no,,,,
N1095,"NARAYAN BHAI",,DELHI,"DELHI",,Y,0,,0,N,0,,O,"",,"2884/87CHELPURI KINARI BAZAR NEAR SHILPI CRYSTEL COLLECTION CHANDNI CHOWK",,"",,,,,,,DELHI,0,,,,,,0,0,,0,,,,0,0000-00-00,0000-00-00,0000-00-00,,,,,0,0,,no,,no,,,,
N1098,"NAKODA GLASS & PLYWOOD",09448125108,SHIMOGA,"SHIMOGA",,Y,1500000,60,0,N,0,553,D,"",,"3RD CROSS GARDEN AREA",,"GAUTHAM JAIN",08181271662,,,,,ACSPG7945C,SHIMOGA,0,,,mahaveerhardwarepalace@gmail.com,,,0,0,,0,,,,0,0000-00-00,0000-00-00,0000-00-00,,,,577201,0,0,,no,,no,,,,
N1101,"NEW BHANU TIMBER & PLYWOOD CENTRE",9436581729,TRIPURA(W),"TRIPURA(W)",S01815,Y,2200000,45,0,N,0,458,D,"",,"21 MANTRI BARI ROAD NEAR P.O.CHOWMANI AGARTALA",,"PRASANJIT SAHA",,,,,,AHDPS9189E,TRIPURA(W),0,,,nbtplywoodcentre@gmail.com,,,0,0,,0,,,,0,0000-00-00,0000-00-00,0000-00-00,,,,799001,0,0,,no,,no,,,,
N1103,"NAVIN GLASS & PLYWOODS",09886509098,DAVANGERE,"DAVANGERE",,Y,2500000,60,0,N,0,553,D,"",,"#635/4MANDIPETDAVANGERE-01(KT)",,"NAVEEN",08192-253547,,,,,ABNPN4470H,DAVANGERE,0,,,prashanthls10477@gmail.com,,,0,0,,0,,,,0,0000-00-00,0000-00-00,0000-00-00,,,,577002,0,0,,no,,no,,,,
N1105,"NESTLE INDIA LIMITED",9996548136,SAMALKHA,"SAMALKHA",,Y,0,0,0,N,0,,P,"",,"POST BOX NO.1PATTIKALYANA KIWANA ROAD DIST:-PANIPAT",,"SURENDER GOYAL",,,,,,AAACN0757G,SAMALKHA,0,,,,,,0,0,,0,,,,0,0000-00-00,0000-00-00,0000-00-00,,,,,0,0,,no,,no,,,,
N1106,"NCC LIMITED",9612900150,AGARTALA,"AGARTALA",,Y,0,,0,N,0,,O,"",,"NATIONAL INST. OF TECHNOLOGY PROJECT- PHASE II JIRANIA",,"I S RAJU",,,,,,,AGARTALA,0,,,,,,0,0,,0,,,,0,0000-00-00,0000-00-00,0000-00-00,,,,,0,0,,no,,no,,,,
N1107,"NCC LIMITED",8011068373,TURA,"TURA",,Y,2000000,,0,N,0,,O,"",,"ICFAI-TURA PRJECT ICFAI CAMPUSDANAK GURI BSF CAMP",,"SHAKTHI KUMAR RAJU",,,,,,,TURA,0,,,,,,0,0,,0,,,,0,0000-00-00,0000-00-00,0000-00-00,,,,,0,0,,no,,no,,,,
N1111,"NEETA MAHESHWARI",,NOIDA,"NOIDA",,Y,0,,0,N,0,,O,"",,"J-6SECTOR-12",,"H K MAHESHWARI",,,,,,AAOPM9853B,NOIDA,0,,,,,,0,0,,0,,,,0,0000-00-00,0000-00-00,0000-00-00,,,,,0,0,,no,,no,,,,
N1114,"NAHARKATIA COLLAGE",7086134084,NAHARKATIA,"NAHARKATIA",,Y,0,30,0,N,0,,O,"",,"P.O.NAHARKATIA DIST.DIBRUGARH",,"N CHANGMAI",,,,,,AAALN0432B,NAHARKATIA,0,,,,,,0,0,,0,,,,0,0000-00-00,0000-00-00,0000-00-00,,,,,0,0,,no,,no,,,,
N1118,"NLDK TIMBERS PVT LIMITED",1129521045,NEW DELHI,"NEW DELHI",,Y,0,,0,N,0,,P,"",,"F-230 LADO SARAI",,"",,,,,,AABCN0913B,NEW DELHI,0,,,,,,0,0,,0,,,,0,0000-00-00,0000-00-00,0000-00-00,,,,,0,0,,no,,no,,,,
N1124,"NARSI ASSOCIATES",9867515572,BHUBANESWAR,"BHUBANESWAR",,Y,0,30,0,N,0,,O,"",,"TCS BUILDING KALINGA COMPLEX NEAR INFOCITY",,"RAWA RAM",,,,,,,BHUBANESWAR,0,,,,,,0,0,,0,,,,0,0000-00-00,0000-00-00,0000-00-00,,,,,0,0,,no,,no,,,,
N113,"NARESH PRASAD",,DELHI,"DELHI",,Y,0,,0,N,0,,O,"",,"BLOCK-2 10/1 W.H.S. KIRTI NAGAR NEW DELHI",,"",,,,,,,DELHI,0,,,,,,0,0,,0,,,,0,0000-00-00,0000-00-00,0000-00-00,,,,,0,0,,no,,no,,,,
N1131,"NAVNEEL PARIVAR",9830005830,KOLKATA,"KOLKATA",,Y,1000000,,0,N,0,,O,"",,"BHUBANESWAR APARTMENT FLAT NO-601BLOCK-C 36 PALM AVENUE",,"SAYED HASAN ALI",,,,,,ADDPA0032E,KOLKATA,0,,,ali_hassan1960@yahoo.com,,,0,0,,0,,,,0,0000-00-00,0000-00-00,0000-00-00,,,,,0,0,,no,,no,,,,
N1134,"NEHRU SCIENCE CENTRE",8668552516,MUMBAI,"MUMBAI",S01430,Y,1000000,45,0,N,0,331,O,"",,"DR. E. MOSES ROAD WORLI",,"RAJENDRA KUMAR BHOYAR",,,,,,AAAAN2541C,MUMBAI,0,,,nscm@giasbm01.vsnl.net.in,,,0,0,,0,,,,0,0000-00-00,0000-00-00,0000-00-00,,,,400018,0,0,,no,,no,,,,
N1143,"NEHA PLY & LAMINATES",,AHMEDABAD,"AHMEDABAD",D02039,Y,0,0,0,N,0,332,D,"",,"12 DHANANJAY TOWER                     NEAR SHYAMAL RAW HOUSE                   VIBHAG - 3 SATELLITE",,"ASHISHBHAI",9879003131,,,,,AAKFN1404B,AHMEDABAD,0,,,nehaplyahmedabad@yahoo.com,,,0,0,,0,,,,0,0000-00-00,0000-00-00,0000-00-00,,,,380015,0,0,,,,,,,,
N1145,"NOHRIA BUILDING MATERIAL STORE",9876429410,MOGA(PUN),"MOGA(PUN)",,Y,0,0,0,N,0,,O,"",,"AKALSAR ROAD",,"",,,,,,AKWPK2658J,MOGA(PUN),0,,,dhakas32@yahoo.com,,,0,0,,0,,,,0,0000-00-00,0000-00-00,0000-00-00,,,,,0,0,,no,,no,,,,
N1146,"NISHANT ENGICON (P) LTD",9798244272,PATNA,"PATNA",S01386,Y,200000,30,0,N,0,219,O,"",,"SOUTH GHANDHI MAIDAN",,"ARCH R . LALL",,,,,,AADCN3116A,PATNA,0,,,,,,0,0,,0,,,,0,0000-00-00,0000-00-00,0000-00-00,,,,800001,0,0,,no,,no,,,,
N1156,"NANDSONS ENTERPRISES",9810026464,NEW DELHI,"NEW DELHI",S10042,Y,0,0,0,N,0,441,D,"",,"ROADNO.7UDYOG NAGARMUNDKA KH NO.63/24-25",,"",,,,,,AODPS0733D,NEW DELHI,0,,,nandsons@yahoo.com,,,0,0,,0,,,,0,0000-00-00,0000-00-00,0000-00-00,,,,110041,0,0,no,no,,no,,,,
N1158,"NUWUD VARDHMAN TRADERS",9417157071,CHANDIGARH,"CHANDIGARH",,Y,1500000,0,0,N,0,,O,"",,"SCO-24SECTOR-26 MADHYA MARG",,"",,,,,,AAEFN9664R,CHANDIGARH,0,,,nuwudvardhmantraders@yahoo.com,,,0,0,,0,,,,0,0000-00-00,0000-00-00,0000-00-00,,,,,0,0,,no,,no,,,,
N1164,"NEMINATH TRADING CO.",7503111325,NEW DELHI,"NEW DELHI",S10155,Y,0,0,0,N,0,441,P,"",,"22AMAR COLONY MAIN ROHTAK ROAD",,"",,,,,,ACAPJ7610H,NEW DELHI,0,,,n.parasnath@gmail.com,,,0,0,,0,,,,0,0000-00-00,0000-00-00,0000-00-00,,,,110041,0,0,no,no,,no,,,,
N1167,"NANDINI PLY & GLASS ENTERPRISES",8651606094,KHAGARIA,"KHAGARIA",,Y,300000,30,0,N,0,219,D,"",,"GOUSHALA ROADKHAGARIA",,"ABHISHEK KUMAR",,,,,,CWMPK5693R,KHAGARIA,0,,,,,,0,0,,0,,,,0,0000-00-00,0000-00-00,0000-00-00,,,,851204,0,0,,no,,no,,,,
N1170,"N.P.TIMBER TRADERS",9810064212,NEW DELHI,"NEW DELHI",S10008,Y,0,0,0,N,0,441,P,"",,"1/59 W.H.S. KIRTI NAGAR",,"PANKAJ GRAG/ SOHIT GARG",,,,,,AACFN2760Q,NEW DELHI,0,,,nptimbertraders@yahoo.in,,,0,0,,0,,,,0,0000-00-00,0000-00-00,0000-00-00,,,,110015,0,0,no,no,,no,,,,
N1188,"NATRAJ LAMINATES",,AHMEDNAGAR,"AHMEDNAGAR",,Y,1500000,30,0,N,0,331,P,"",,"3497 PARDESHI LANE",,"",,,,,,,AHMEDNAGAR,0,,,natraj_laminates@rediffmail.com,,,0,0,,0,,,,0,0000-00-00,0000-00-00,0000-00-00,,,,414001,0,0,,no,,no,,,,
N1195,"NEWS HOTELS PVT LTD.",9823562367,BARDEZ-GOA,"BARDEZ-GOA",S10056,Y,0,0,0,N,0,,P,"",,"SURVEY NO.190/5PORBA VADDO CALANGUTE",,"SURENDRA PAL SINGH",,,,,,AADCN1247J,BARDEZ-GOA,0,,,spsingh.newsbuilder@gmail.com,,,0,0,,0,,,,0,0000-00-00,0000-00-00,0000-00-00,,,,,0,0,,no,,no,,,,
N1196,"NARAYAN PRASAD AGRAWAL HUF",9302253005,SATNA,"SATNA",,Y,1500000,30,0,N,0,446,P,"",,"C/O BHOLA PRASAD AGRAWAL & SONSPANNILAL CHOWK",,"",,,,,,AABHN2884E,SATNA,0,,,deepakneha@rediffmail.com,,,0,0,,0,,,,0,0000-00-00,0000-00-00,0000-00-00,,,,485001,0,0,,no,,no,,,,
N1198,"NEW PRAGATI PLYWOOD INDUSTRIES",9468200985,YAMUNANAGAR,"YAMUNANAGAR",,Y,1000000,30,0,N,0,,O,"",,"VILLAGE PANJUPUR KHAJURI ROAD India",,"BINOD .",,,,,,AAKFN7824R,YAMUNANAGAR,0,,,newpragatiplywoodind@gmail.com,,,0,0,,0,,,,0,0000-00-00,0000-00-00,0000-00-00,,,,,0,0,,no,,no,,,,
N1204,"NEW ALIGARH ALUMINIUM & HARDWARE",9304814932,PATNA,"PATNA",,Y,0,30,0,N,0,219,D,"",,"CHANDI VYAPAR BHAWANEXHIBITION ROADIndia",,"RAVI KANT GUPTA",,,,,,AKOPG0006C,PATNA,0,,,guptaravikant40@yahoo.com,,,0,0,,0,,,,0,0000-00-00,0000-00-00,0000-00-00,,,,800001,0,0,,no,,no,,,,
N1206,"NEELKANTH ENTERPRISES PVT.LTD.",9999107562,NEW DELHI,"NEW DELHI",S10155;S10008;S10155,Y,1500000,45,0,N,0,441,P,"",,"61/15 GALI NO. 11 MUNDKA UDYOG NAGAR MUNDKA India",,"RAKESH GARG",,,,,,AACCN7969C,WEST DELHI,0,,,rakesh9035@yahoo.com,,,0,0,,0,,,,0,0000-00-00,0000-00-00,0000-00-00,,,,110041,0,0,,,,,,,,
N1206,"NEELKANTH ENTERPRISES PVT.LTD.",9999107562,WEST DELHI,"WEST DELHI",S10155;S10008;S10155,Y,1500000,45,0,N,0,441,P,"",,"61/15 GALI NO. 11 MUNDKA UDYOG NAGAR MUNDKA India",,"RAKESH GARG",,,,,,AACCN7969C,WEST DELHI,0,,,rakesh9035@yahoo.com,,,0,0,,0,,,,0,0000-00-00,0000-00-00,0000-00-00,,,,110041,0,0,,,,,,,,
N1219,"NATIONAL PLYWOOD HOUSE",9412071600,HARIDWAR,"HARIDWAR",S10259,Y,2000000,45,0,N,0,448,D,"",,"GURUDWARA ROADJWALAPUR",,"GAURAV ARORA",,,,,,AANPA7699C,HARIDWAR,0,,,gaurav.nationalplywood@gmail.com,,,0,0,,0,,,,0,0000-00-00,0000-00-00,0000-00-00,,,,249407,0,0,,,,,,,,
N1223,"NARESH KUMAR AMANDEEP JASUJA",9414212041,GANGANAGAR,"GANGANAGAR",,Y,3000000,45,0,N,0,,D,"",,"10LAKKAR MANDIIndia",,"AMAN JASUJA",,,,,,AAJHA2339H,GANGANAGAR,0,,,amandeepjasuja@gmail.com,,,0,0,,0,,,,0,0000-00-00,0000-00-00,0000-00-00,,,,335001,0,0,,no,,no,,,,
N1224,"NITSON AND AMITSU PVT.LTD.",9126383321,NEW DELHI,"NEW DELHI",S10008,Y,0,30,0,N,0,441,P,"",,"A-116DDA SHED OKHLA IND.AREA PHASE-II India",,"",,,,,,AAACN9866G,NEW DELHI,0,,,delhi@nitsonamitsu.in,,,0,0,,0,,,,0,0000-00-00,0000-00-00,0000-00-00,,,,110020,0,0,no,no,,no,,,,
N1226,"NATIONAL TRADING COMPANY",9821352341,SANTACRUZ (WEST),"SANTACRUZ (WEST)",,Y,2500000,45,0,N,0,331,O,"",,"5 NARENDRA NIWAS6 GOLIBAR ROADIndia",,"JAYANTI KARIA",,,,,,AAIFN5204D,SANTACRUZ (WEST),0,,,jantikaria@gmail.com,,,0,0,,0,,,,0,0000-00-00,0000-00-00,0000-00-00,,,,400054,0,0,,no,,no,,,,
N1230,"NARSI & ASSOCIATES",9930872665,MUMBAI,"MUMBAI",,Y,5000000,45,0,N,0,331,P,"",,"522 LAXMI MALL LAXMI IND ESTATENEW LINK ROAD ANDHERI W",,"NAGAJI SUTHAR",02228602974,,,,,AARPS9656F,MUMBAI,0,,,factory@narsi.in,,,0,0,,0,,,,0,0000-00-00,0000-00-00,0000-00-00,,,,400053,0,0,,no,,no,,,,
N1233,"N.G.CONSTRUCTIONS",8588933303,GURGAON,"GURGAON",S10155,Y,0,45,0,N,0,441,P,"",,"GH-7SEC-39",,"AMIT BANSAL",,,,,,AAAFN6072B,GURGAON,0,,,amit.ngc@gmail.com,,,0,0,,0,,,,0,0000-00-00,0000-00-00,0000-00-00,,,,122022,0,0,no,no,,no,,,,
N1234,"NEELKANTH PLYWOOD PVT LTD",9350364111,DELHI,"DELHI",,Y,0,30,0,N,0,,O,"",,"VILL & PO MAZRA DABAS VIA CHANDPUR VILLAGE KANJUALA",,"ANIL BHAI",,,,,,AAACN0805B,DELHI,0,,,gauravagarwal.150778@gmail.com,,,0,0,,0,,,,0,0000-00-00,0000-00-00,0000-00-00,,,,,0,0,,no,,no,,,,
N1239,"NANDA'S",9872484004,MOHALI,"MOHALI",,Y,0,30,0,N,0,454,O,"",,"VILLAGE :-JHANJERIDISTT-MOHALIIndia",,"SANTOSH KUMAR NANDA",,,,,,ADIPN0446Q,MOHALI,0,,,build.nandas@gmail.com,,,0,0,,0,,,,0,0000-00-00,0000-00-00,0000-00-00,,,,160071,0,0,,no,,no,,,,
N1262,"NIDHI ENTERPRISE",9435510166,BONGAIGAON,"BONGAIGAON",S10222,Y,1000000,30,0,N,0,458,D,"",,"SATATION ROAD HOUSE NO-78 C WARD NO-4 India",,"MADAN LAL AGARWAL",,,,,,AEVPA0512J,BONGAIGAON,0,,,madanagarwal25@gmail.com,,,0,0,,0,,,,0,0000-00-00,0000-00-00,0000-00-00,,,,783380,0,0,,,,,,,,
N1268,"NATURAL CRAFTWOODS PVT.LTD.",9837546888,MEERUT,"MEERUT",,Y,0,30,0,N,0,,O,"",,"SEC-7VILL:-BHOOR BHARAL NEAR JAIN MANDIRDELHI ROAD",,"SHUBHAM MAHESHWARI",,,,,,AAECN3809M,MEERUT,0,,,maheshwaritimbers@gmail.com,,,0,0,,0,,,,0,0000-00-00,0000-00-00,0000-00-00,,,,,0,0,,no,,no,,,,
N1270,"NAKSH CONTRACTS",8527799778,NEW DELHI,"NEW DELHI",,Y,0,0,0,N,0,,P,"",,"24AVIJAY MANDAL ENCLAVE SARVAPRIYA VIHAR India",,"SULEKHA PASRICHA",,,,,,AAGPP6782L,NEW DELHI,0,,,abhinav.pasricha88@gmail.com,,,0,0,,0,,,,0,0000-00-00,0000-00-00,0000-00-00,,,,,0,0,,no,,no,,,,
N1272,"NAKSH  CONTRACTS",8527799778,IMT MANESAR,"IMT MANESAR",,Y,0,30,0,N,0,,P,"",,"PLOT 209SECTOR-8 DITRICT:GURGAON(WEST) India",,"SULEKHA PASRICHA",,,,,,AAGPP6782L,IMT MANESAR,0,,,abhinav.pasricha88@gmail.com,,,0,0,,0,,,,0,0000-00-00,0000-00-00,0000-00-00,,,,,0,0,,no,,no,,,,
N1276,"NARAYAN TIMBER TRADERS",9358458287,JAHAGIRABAD (BULANDS,"JAHAGIRABAD (BULANDSHAHAR)",S10263;S10263;S10263;S10263;S10263,Y,0,0,0,N,0,448,D,"",,"RAMA GANJNEAR POWER HOUSE",,"NEERAJ KUMAR",,,,,,ANEPK5532A,JAHAGIRABAD (BULANDSHAHAR),0,,,timbernarayan@gmail.com,,,0,0,,0,,,,0,0000-00-00,0000-00-00,0000-00-00,,,,202394,0,0,,,,,,,,
N1276,"NARAYAN TIMBER TRADERS",9358458287,,"",S10263;S10263;S10263;S10263;S10263,D,0,0,0,N,0,448,D,"",,"RAMA GANJNEAR POWER HOUSE",,"NEERAJ KUMAR",,,,,,ANEPK5532A,JAHAGIRABAD (BULANDSHAHAR),0,,,timbernarayan@gmail.com,,,0,0,,0,,,,0,0000-00-00,0000-00-00,0000-00-00,,,,202394,0,0,,,,,,,,
N128,"NARINDER KUMAR JATINDER KUMAR",9896699337,AMBALA,"AMBALA",,Y,0,0,0,N,0,454,D,"",,"MARKET THAKURDWARAAMBALA CITY",,"",,,,,,AABFN9692A,AMBALA,0,,,,,,0,0,,0,,,,0,0000-00-00,0000-00-00,0000-00-00,,,,134002,0,0,,no,,no,,,,
N1285,"NIRMAL AUTO & COMPONENT",9368573050,HARIDWAR,"HARIDWAR",,Y,1000000,30,0,N,0,,O,"",,"F-109INDUSRIAL AREA BAHADURABAD",,"RAHUL SHARMA",,,,,,AAHFN3546K,HARIDWAR,0,,,nirmalautocomponent@gmail.com,,,0,0,,0,,,,0,0000-00-00,0000-00-00,0000-00-00,,,,,0,0,,no,,no,,,,
N1287,"NEW SUPER PLY & HARDWARE",9431421882,PATNA,"PATNA",,Y,0,30,0,N,0,219,D,"",,"MAHARANI CHOWK GOVINDPURFATUWAIndia",,"MANOJ KUMAR",,,,,,AVZPK4298G,PATNA,0,,,kunal99053@gmail.com,,,0,0,,0,,,,0,0000-00-00,0000-00-00,0000-00-00,,,,803201,0,0,,no,,no,,,,
N1289,"NITIN HARDWARE STORE",9931732005,PURNEA,"PURNEA",S01386;S01675,Y,500000,30,0,N,0,219,D,"",,"STATION CLUB DURGA MANDIR India",,"MUKESH MANJHI",,,,,,AXAPM4460H,PURNEA,0,,,manjhimk3@gmail.com,,,0,0,,0,,,,0,0000-00-00,0000-00-00,0000-00-00,,,,854301,0,0,,,,,,,,
N1295,"NATIONAL  TIMBERS",9368773466,ALIGARH,"ALIGARH",S10008,Y,0,0,0,N,0,441,D,"",,"13/160 SARAI DUBEY GT ROAD GANDHI PARK India",,"KRISHAN KUMAR AGRAWAL",,,,,,ADMPA2001L,ALIGARH,0,,,nationaltimber1996@yahoo.in,,,0,0,,0,,,,0,0000-00-00,0000-00-00,0000-00-00,,,,202001,0,0,no,no,,no,,,,
N131,"NETWORK TOURISM & HOSPITALITIES",,,"",,Y,0,,0,N,0,,O,"",,"",,"",,,,,,,,0,,,,,,0,0,,0,,,,0,0000-00-00,0000-00-00,0000-00-00,,,,,0,0,,no,,no,,,,
N1327,"NEW BHARAT PLYWOOD",9903917603,KOLKATA,"KOLKATA",,Y,0,0,0,N,0,,D,"",,"889/1C DIAMOND HARBOUR ROAD PALLYMONGAL COLONY THAKURPUKUR",,"NUPUR LAKHOTIA",,,,,,BRBPK7807A,KOLKATA,0,,,saketlakhotia7@gmail.com,,,0,0,,0,,,,0,0000-00-00,0000-00-00,0000-00-00,,,,,0,0,,no,,no,,,,
N1330,"N T WOODS PVT.LTD.",9045619396,ALIGARH,"ALIGARH",S10230,Y,0,0,0,N,0,,O,"",,"13/160SARAI DUBEYGANDHI PARK DELHI G.T.ROAD",,"KRISHAN KUMAR AGRAWAL",,,,,,AAECN3805H,ALIGARH,0,,,nationaltimber1996@yahoo.in,,,0,0,,0,,,,0,0000-00-00,0000-00-00,0000-00-00,,,,,0,0,,no,,no,,,,
N1340,"NANDNI ENTERPRISES",8210471279,KHAGARIA,"KHAGARIA",D01921,Y,500000,30,0,N,0,219,D,"",,"GOSHALA ROAD KHAGARIA",,"ABHISHEK KUMAR",,,,,,CWMPK5693R,KHAGARIA,0,,,abhishek505@gmail.com,,,0,0,,0,,,,0,0000-00-00,0000-00-00,0000-00-00,,,,851204,0,0,,,,,,,,
N1346,"NEERAJ FURNITURE AND ELECTRICAL WORK",9386591592,PATNA,"PATNA",,Y,300000,30,0,N,0,219,D,"",,"PLOT NO -5643 KESHARI NAGAR NALA",,"PREM CHAND SHARMA",9386591592,,,,,AYBPS3992A,PATNA,0,,,kumar.neerajfurniture55@gmail.,,,0,0,,0,,,,0,0000-00-00,0000-00-00,0000-00-00,,,,800024,0,0,,no,,no,,,,
N1353,"NARESH MOHAN BAWA",9899198613,NEW DELHI,"NEW DELHI",S10056,Y,0,,0,N,0,,O,"",,"K-54KIRTI NAGARRAMESH NAGAR H.O.",,"NARESH MOHAN BAWA",,,,,,AAGPB3706L,NEW DELHI,0,,,,,,0,0,,0,,,,0,0000-00-00,0000-00-00,0000-00-00,,,,,0,0,,no,,no,,,,
N1355,"NEW PUJA FURNITURE",863872286,GUWAHATI,"GUWAHATI",,Y,100000,30,0,N,0,215,D,"",,"NARKASUR KAHILIPARAKAMRUP ( M )",,"SUMAN BHOWAL",863872286,,,,,BLRPB4513L,GUWAHATI,0,,,bhowal45@gmail.com,,,0,0,,0,,,,0,0000-00-00,0000-00-00,0000-00-00,,,,781019,0,0,,no,,no,,,,
N1358,"NISHIKA ENTERPRISES",9636521099,JAIPUR,"JAIPUR",,Y,1000000,0,0,N,0,,O,"",,"S-119PARMANAND NAGAR PARMANAND NAGAR",,"MENAKA BHARTI",9636521099,,,,,BPDPB1290J,JAIPUR,0,,,panditarts@gmail.com,,,0,0,,0,,,,0,0000-00-00,0000-00-00,0000-00-00,,,,302012,0,0,,no,,no,,,,
N1360,"NEW GANAPATHI TIMBER DEPOT",9246547948,HYDERABAD,"HYDERABAD",S01700,Y,1600000,45,0,N,0,554,D,"",,"H NO 23-3/4 CHAITANYAPURI DILSUKHNAGAR",,"KETAN PATEL",9000218433,,,,,AADFN6677K,HYDERABAD,0,,,KETANPATEL170@GMAIL.COM,,,0,0,,0,,,,0,0000-00-00,0000-00-00,0000-00-00,,,,500060,0,0,,,,,,,,
N1363,"NIKHIL PLYWOOD",8770811798,SAGAR,"SAGAR",S01883;D02103,Y,0,0,0,N,0,446,D,"",,"BEHIND SHUKLA GALI                      SHASTRI WARD",,"NIKHIL JAIN",,,,,,ATGPJ6395L,SAGAR,0,,,nikhiljainlalu@gmail.com,,,0,0,,0,,,,0,1971-01-01,1971-01-01,1971-01-01,,,,470002,0,0,no,no,no,no,,,,
N1366,"NATURE DECO WOOD",9811054871,GURGAON,"GURGAON",S10015;S10175,Y,0,0,0,N,0,443,O,"",,"RAVI NAGARMAIN BASAI ROAD               NEAR LADY FLORENCE SCHOOL",,"SANJEEV AGGARWAL",,,,,,AAOPG8787G,GURUGRAM,0,,,naturedeco.info@gmail.com,,,0,0,,0,,,,0,1971-01-01,1971-01-01,1971-01-01,,,,122001,0,0,no,no,no,no,,,,
N1366,"NATURE DECO WOOD",9811054871,GURUGRAM,"GURUGRAM",S10015;S10175,Y,0,0,0,N,0,443,O,"",,"RAVI NAGARMAIN BASAI ROAD               NEAR LADY FLORENCE SCHOOL",,"SANJEEV AGGARWAL",,,,,,AAOPG8787G,GURUGRAM,0,,,naturedeco.info@gmail.com,,,0,0,,0,,,,0,1971-01-01,1971-01-01,1971-01-01,,,,122001,0,0,no,no,no,no,,,,
N1375,"NARULA PLYWOOD COMPANY",9896335580,SIRSA,"SIRSA",D10350,Y,0,0,0,N,0,443,D,"",,"CIRCULAR ROAD RORI GATE",,"DEVANAND NARULA",9896335580,,,,,AAEFN4778N,SIRSA,0,,,lovishnarula262@yahoo.in,,,0,0,,0,,,,0,0000-00-00,0000-00-00,0000-00-00,,,,125055,0,0,,,,,,,,
N1378,"NEW NATIONAL PLYWOOD",9439782427,SUNDARGARH,"SUNDARGARH",S01519;D02050,Y,0,0,0,N,0,216,D,"",,"SCR- 8 KALINGA VIHAR CHHEND COLONY ROURKELA",,"BABULA SUBUDHI",,,,,,AAMFN5028K,SUNDARGARH,0,,,newnationalplywood@gmail.com,,,0,0,,0,,,,0,0000-00-00,0000-00-00,0000-00-00,,,,769015,0,0,,,,,,,,
N1388,"NANDINI TRADERS",9437073131,CUTTACK,"CUTTACK",S01519;D02050,Y,0,0,0,N,0,216,D,"",,"PLOT NO 216 KHATA NO 375/230 KESHPUR PO CRRI",,"NAINA PATEL",,,,,,AUYPP8986G,CUTTACK,0,,,hpatel9861@gmail.com,,,0,0,,0,,,,0,0000-00-00,0000-00-00,0000-00-00,,,,753006,0,0,,,,,,,,
N1390,"NEW JANTA PLYWOOD HOUSE",9837204229,BILARI (MURADABAD),"BILARI (MURADABAD)",S10230,Y,0,0,0,N,0,447,O,"",,"MURADABAD ROAD",,"MOHD AKIL HUSAIN",,,,,,AKXPH3868G,BILARI (MURADABAD),0,,,akhilhusain123@gmail.com,,,0,0,,0,,,,0,0000-00-00,0000-00-00,0000-00-00,,,,244411,0,0,,no,,no,,,,
N1391,"NEW CHIRAG ENTERPRISE",9830538924,Howrah,"HOWRAH",S01519;D02005;D02133,Y,0,0,0,N,0,457,D,"",,"101/A/3/1 BRINDABAN MULLICK LANE        KADAMTALA",,"SOMNATH SAMANTA",,,,,,BVHPS1365K,HOWRAH,0,,,somnathgply@gmail.com,,,0,0,,0,,,,0,1971-01-01,1971-01-01,1971-01-01,,,,711101,0,0,no,no,no,no,,,,
N1393,"NEW VIKAS PLYWOOD CENTRE",9837344974,MEERUT,"MEERUT",S10230,Y,0,0,0,N,0,,D,"",,"182 PANCHSHEEL COLONY GARH ROAD",,"VIKASH BHUTANI",,,,,,AGPPB7348M,MEERUT,0,,,bhutanivikas34@gmail.com,,,0,0,,0,,,,0,0000-00-00,0000-00-00,0000-00-00,,,,250004,0,0,,no,,no,,,,
N1400,"NATIONAL CENT FOR QUAL SUPER& INSP OF FUR & INDOOR ENV.",67809800,BEIJING CHINA,"BEIJING, CHINA",,Y,10000,30,0,N,0,317,O,"",,"7KECHUANGSAN ROAD BEIJING ECONOMIC & TECH. DEVP. AREA",,"WANG YUFAN",,,,,,0,BEIJING, CHINA,0,,,fs_carb76230460@126.com,,,0,0,,0,,,,0,0000-00-00,0000-00-00,0000-00-00,,,,999999,0,0,,no,,no,,,,
N1403,"NANU RAM GOYAL & CO.",9871592301,GURGAON,"GURGAON",S10155,Y,0,0,0,N,0,451,P,"",,"1081 SEC.-15 PART-2 GURGAON",,"SUNIL SHARMA",,,,,,AEUPG1907J,GURGAON,0,,,0,,,0,0,,0,,,,0,0000-00-00,0000-00-00,0000-00-00,,,,122001,0,0,,,,no,,,,
N1423,"NARAYANI PLY",9621921197,GORAKHPUR,"GORAKHPUR",S10221,Y,0,0,0,N,0,447,O,"",,"NIL 548 NARAYANI PLY BETIHATA",,"ANAND AGRAWAL",,,,,,ABLPA8623P,GORAKHPUR,0,,,adityaagrawal767@gmail.com,,,0,0,,0,,,,0,0000-00-00,0000-00-00,0000-00-00,,,,273001,0,0,,,,,,,,
N1427,"NEW BHANU TIMBER AND PLYWOOD CENTRE",9774012621,AGARTALA,"AGARTALA",S01825;S01815,Y,0,0,0,N,0,,D,"",,"WARD NO 21MANTRIBARI ROAD              H NO-324376 M B ROAD                    NEAR POST OFFICE ( CHOWMUHANI)",,"",,,,,,BUSPS8310L,AGARTALA,0,,,nbtply@gmail.com,,,0,0,,0,,,,0,1971-01-01,1971-01-01,1971-01-01,,,,799001,0,0,no,no,no,no,,,,
N1434,"NARSI INTERIOR INFRASTRUCTURES PVT LTD",9867644442,MUMBAI,"MUMBAI",S01430,Y,5000000,30,0,N,0,331,P,"",,"515 LAXMI MALL LAXMI INDL ESTATE NEW LINK ROAD ANDHERI (W)",,"DINESH SUTHAR",,,,,,AACCN8311Q,MUMBAI,0,,,procurement@narsi.in,,,0,0,,0,,,,0,0000-00-00,0000-00-00,0000-00-00,,,,400053,0,0,,,,no,,,,
N1447,"NIBEDITA INTERIOR",7002418544,GUWAHATI,"GUWAHATI",S01825;S01785,Y,0,0,0,N,0,215,D,"",,"HOUSE NO-17 URBORA PATH LAKHIMI NAGAR DISPUR",,"",,,,,,ENTPP6927F,GUWAHATI,0,,,nibeditainterior@gmail.com,,,0,0,,0,,,,0,0000-00-00,0000-00-00,0000-00-00,,,,781006,0,0,,,,,,,,
N1453,"NATWOOD CO",9930066300,MUMBAI,"MUMBAI",S01430,Y,0,0,0,N,0,331,O,"",,"37/EGROUND FLOORDOCTOR COMPOUND        NEAR LIBERTY LIGHTCHINCHPOKLI EAST",,"AMIT JANAK KHANDAR",,,,,,AISPK9652Q,MUMBAI,0,,,netwoodco1@yahoo.com,,,0,0,,0,,,,0,1971-01-01,1971-01-01,1971-01-01,,,,400012,0,0,no,no,no,no,,,,
N1456,"NEW MODEL TIMBER INDUSTRIES",7696347872,ZIRAKPUR-SAS NAGAR,"ZIRAKPUR-SAS NAGAR",D10350,Y,0,0,0,N,0,443,D,"",,"CHANDIGARH AMBALA ROAD PHABAT",,"PRAKASH CHAND",,,,,,ADSPC6796Q,ZIRAKPUR-SAS NAGAR,0,,,tanviraspali5339@gmail.com,,,0,0,,0,,,,0,0000-00-00,0000-00-00,0000-00-00,,,,140603,0,0,,,,,,,,
N1461,"NISHCHAY EXIM",9027951575,HAPUR,"HAPUR",S10230,Y,0,0,0,N,0,447,D,"",,"0 NEAR L N PUBLIC ROAD GARH ROAD HAPUR",,"NISHCHAY KANSAL",,,,,,CNUPK8827Q,HAPUR,0,,,nishchayexim@gmail.com,,,0,0,,0,,,,0,0000-00-00,0000-00-00,0000-00-00,,,,245101,0,0,,,,,,,,
N1463,"NEW VIANJAL BROTHERS",9826093891,INDORE,"INDORE",D01931;D02169,Y,0,0,0,N,0,446,P,"",,"EW114 SCH NO.94                         SECTOR-E",,"VIANJAL BADJATYA",,,,,,ACIPB0891J,INDORE,0,,,newvianjalb205@yahoo.com,,,0,0,,0,,,,0,1971-01-01,1971-01-01,1971-01-01,,,,452016,0,0,no,no,no,no,,,,
N1465,"NAVPAD INTERIOR SOLUTIONS PRIVATE LIMITED",9764429278,Pune,"PUNE",S01430,Y,2500000,30,0,N,0,331,O,"",,"B-10 KALPATARU PLAZA 224 BHAVANI PETH",,"ASHOK BHAI",,,,,,AAHCN3676M,PUNE,0,,,connect@navpadsolutions.com,,,0,0,,0,,,,0,0000-00-00,0000-00-00,0000-00-00,,,,411002,0,0,,,,,,,,
N1472,"NEW HORIZON",9885341741,BADRADRI,"BADRADRI",S01700,Y,0,0,0,N,0,554,O,"",,"7/7/110/1 OPP. SHANKER SAW MILL MEDHARA BASTHIKOTHAGUDEM",,"SHEETAL SONI",,,,,,ARLPS1384D,BADRADRI,0,,,newhorizonkgm@gmail.com,,,0,0,,0,,,,0,0000-00-00,0000-00-00,0000-00-00,,,,507101,0,0,,,,,,,,
N1496,"NAYEK TIMBER TREADERS AND BABA TARAKNATH VANDAR",9800474536,TARAKESWAR,"TARAKESWAR",S01519,Y,0,0,0,N,0,441,D,"",,"7 CHAULPATTY TARAKESWAR					           HOOGHLY WEST BENGAL",,"DEBASIS 					 NAYEK",,,,,,ABJPN1400F,TARAKESWAR,0,,,debasis.arya@gmail.com,,,0,0,,0,,,,0,0000-00-00,0000-00-00,0000-00-00,,,,712410,0,0,,,,,,,,
N1502,"NIRANJAN TRADERS",9861381717,BERHAMPUR,"BERHAMPUR",D02050,Y,0,0,0,N,0,216,D,"",,"GROUND FLOUR ASST - 410 WORD NO - 1			 KATHAMENTU SAHI					                     BERHAMPUR GANJAM",,"NIRANJAN SAHU",,,,,,FCNPS5156K,BERHAMPUR,0,,,niranjantraders2701@gmail.com,,,0,0,,0,,,,0,0000-00-00,0000-00-00,0000-00-00,,,,760006,0,0,,,,,,,,
N1516,"NAVKAR INTERIORS PRIVATE LIMITED",9632925900,BELAGAVI,"BELAGAVI",S01904,Y,0,0,0,N,0,553,O,"",,"CTS NO-5437 SHANTA ARCADE 						       MAHATMA PHULE ROAD SHAHAPUR						      BELAGAVI (BELGAUM)",,"Mr. JUGAL BOTHRA",,,,,,AAHCN8364Q,BELAGAVI,0,,,jugaljain24@gmail.com,,,0,0,,0,,,,0,0000-00-00,0000-00-00,0000-00-00,,,,590003,0,0,,,,,,,,
N1518,"NANDI LAMINATES",9502107348,ANANTHAPURAMU,"ANANTHAPURAMU",D02111,Y,0,0,0,N,0,525,O,"",,"11-1-581st MAIN RAOD						              GAYATHRI MILK DAIRY SHARADA NAGAR",,"K.P.AJAY REDDY",,,,,,DBTPA3975F,ANANTHAPURAMU,0,,,nandilaminates@gmail.com,,,0,0,,0,,,,0,0000-00-00,0000-00-00,0000-00-00,,,,515001,0,0,,,,,,,,
N1519,"NEW PATEL TIMBER COMPANY",9985181234,KHAMMAM,"KHAMMAM",D02111,Y,0,0,0,N,0,554,D,"",,"4-2-6 AND 7TIMBER DEPOT ROAD           KHAMMAM",,"DAMODER",9849856480,,,,,AABFN4508R,KHAMMAM,0,,,geetadoorskhammam@gmail.com,,,0,0,,0,,,,0,0000-00-00,0000-00-00,0000-00-00,,,,507003,0,0,,,,,,,,
N1521,"NANDISHWARA PLYWOODS AND HARDWARE",9502107348,ANANTHAPURAMU,"ANANTHAPURAMU",D02111,Y,0,0,0,N,0,525,D,"",,"11-1-581st MAIN ROAD                    GAYATHRI MILK DAIRY SHARADA NAGAR						 ANANTHAPURAMU ANDHRA PRADESH",,"K. P. AJAY REDDY",,,,,,DBTPA3975F,ANANTHAPURAMU,0,,,ajayreddykp@gmail.com,,,0,0,,0,,,,0,0000-00-00,0000-00-00,0000-00-00,,,,515001,0,0,,,,,,,,
N1527,"NAVIN PLYWOOD PRIVATE LIMITED",9836066934,KOLKATA,"KOLKATA",D02122,Y,0,0,0,N,0,457,D,"",,"191 ANANDA PALLY EAST						            BANSDRONI KOLKATA",,"NAWAL KISHORE SHARMA",,,,,,AAECN6988K,KOLKATA,0,,,navinplywoodpvt.ltd@gmail.com,,,0,0,,0,,,,0,0000-00-00,0000-00-00,0000-00-00,,,,700070,0,0,,,,,,,,
N1528,"NIKET & COMPANY",8509948588,ASANSOL,"ASANSOL",D02082,Y,0,0,0,N,0,457,D,"",,"GROUND 23/A OLD 183						              KAMLA PUKUR BY-LANE N. S. ROAD						    NEAR C M C CLUB ASANSOL BURDWAN",,"NIKET SHROFF",,,,,,BZPPS0647L,ASANSOL,0,,,niketshroff@outlook.com,,,0,0,,0,,,,0,0000-00-00,0000-00-00,0000-00-00,,,,713301,0,0,,,,,,,,
N1534,"NANDITA GLASS HOUSE",9732623474,KELOMAL,"KELOMAL",D02133,Y,0,0,0,N,0,457,D,"",,"JAYRAMBATI KELOMAL                      PURBA MEDINIPUR",,"MANOJ KUMAR DINDA",,,,,,ARJPD2496D,KELOMAL,0,,,manojdinda1980@gmail.com,,,0,0,,0,,,,0,1971-01-01,1971-01-01,1971-01-01,,,,721653,0,0,no,no,no,no,,,,
N1538,"NEW GANESH PLYWOOD",9764270198,WANI,"WANI",D01982,Y,0,0,0,N,0,331,D,"",,"1 NEAR SAIBABA MANDIR						             WANI MAHARASHTRA",,"AJAY LAL",,,,,,AAHFN3897K,WANI,0,,,lalajay395@gmail.com,,,0,0,,0,,,,0,1971-01-01,1971-01-01,1971-01-01,,,,445304,0,0,no,no,no,no,,,,
N1539,"NANDANI FURNITURE",7250833547,MUNGER,"MUNGER",D02141,Y,0,0,0,N,0,219,O,"",,"REFLUGEE COLONY  PURABSARAI            SADAR",,"VIJAY SHARMA",,,,,,FIUPS1359K,MUNGER,0,,,vs2144328@gmail.com,,,0,0,,0,,,,0,1971-01-01,1971-01-01,1971-01-01,,,,811201,0,0,no,no,no,no,,,,
N154,"NEVIL ENTERPRISES",9426449900,RAJKOT,"RAJKOT",,Y,0,0,0,N,0,332,O,"",,"GOLDSON CERAMIC COMPOUND                 SHAPAR MAIN ROAD                         SHAPAR (VERAVAL)",,"0",,,,,,,RAJKOT,0,,,0,,,0,0,,0,,,,0,1971-01-01,1971-01-01,1971-01-01,,,,360024,0,0,no,no,no,no,,,,
N154,"NEVIL ENTERPRISES",9426449900,SHAPAR (VERAVAL),"SHAPAR (VERAVAL)",,Y,0,0,0,N,0,332,O,"",,"GOLDSON CERAMIC COMPOUND                 SHAPAR MAIN ROAD                         SHAPAR (VERAVAL)",,"0",,,,,,,RAJKOT,0,,,0,,,0,0,,0,,,,0,1971-01-01,1971-01-01,1971-01-01,,,,360024,0,0,no,no,no,no,,,,
N1546,"NEW MODERN GLASS HOUSE",9434175545,PANSKURA,"PANSKURA",D02133,Y,0,0,0,N,0,457,D,"",,"NARANDA PURBA MEDINIPUR						           NH 6",,"JOYDIP PATTANAYAK",,,,,,ANDPP9943P,PANSKURA,0,,,joydippattanayak78@yahoo.com,,,0,0,,0,,,,0,1971-01-01,1971-01-01,1971-01-01,,,,721139,0,0,no,no,no,no,,,,
N1550,"NATIONAL TIMBERS.",9890011989,Pune,"PUNE",D02117,Y,0,0,0,N,0,331,O,"",,"257/A.TIMBER MARKET					                 BHAWANI PETH",,"RAMANLAL BABULAL JAIN",,,,,,AABFN0650N,PUNE,0,,,citiply@gmail.com,,,0,0,,0,,,,0,1971-01-01,1971-01-01,1971-01-01,,,,411042,0,0,no,no,no,no,,,,
N1557,"NOVA INTERNATIONAL INDIA",9888893455,GURDASPUR,"GURDASPUR",D10436,Y,0,0,0,N,0,454,O,"",,"BEHRAMPUR ROAD                    DINANAGAR",,"ROHIT SHARMA",,,,,,AABFN0531G,GURDASPUR,0,,,rohit.sharma3355@gmail.com,,,0,0,,0,,,,0,1971-01-01,1971-01-01,1971-01-01,,,,143531,0,0,no,no,no,no,,,,
N1567,"NATKHAT PLY CENTRE",9931915520,RAMGARH,"RAMGARH",D02176,Y,0,0,0,N,0,222,O,"",,"MAIN ROAD                           CHITARPUR",,"SHRIKANT KUMAR PODDAR",,,,,,BNKPP9745H,RAMGARH,0,,,srikant29101982@gmail.com,,,0,0,,0,,,,0,1971-01-01,1971-01-01,1971-01-01,,,,825101,0,0,no,no,no,no,,,,
N1572,"NAVKAR LAMINATE & PLYWOOD",7000319559,INDORE,"INDORE",D02183,Y,0,0,0,N,0,446,P,"",,"PRABHU TOLL KANTA KE ANDAR         SURVEY NO-339/2 UDHYOG NAGAR      PALDA",,"MOHIT JAIN",7000319559,,,,,ARHPJ4812D,INDORE,0,,,mohitjainniky143@gmail.com,,,0,0,,0,,,,0,1971-01-01,1971-01-01,1971-01-01,,,,452001,0,0,no,no,no,no,,,,
N1575,"NEW VINAYAK PLYWOOD",9460640008,HANUMANGARH,"HANUMANGARH",D10465,Y,0,0,0,N,0,427,O,"",,"SHOP NO 04 B/H SOHAN DOCTOR CLINIC BHAGAT SINGH CHOWK KE PASS        HANUMANGARH JUNCTION",,"RITU RANI",,,,,,CMEPR8627Q,HANUMANGARH,0,,,krishansinghalplywood@gmail.com,,,0,0,,0,,,,0,1971-01-01,1971-01-01,1971-01-01,,,,335512,0,0,no,no,no,no,,,,
N172,"NEW BRIJENDRA STORES, GUNA",9425131051,GUNA,"GUNA",D02072,Y,3000000,30,0,N,0,446,O,"",,"MAYA COMPLEX A.B.ROAD",,"RAJESH AGARWAL",,,,,,AAWPA6029K,GUNA,0,,,rajeshagrawalnbs@gmail.com,,,0,0,,0,,,,0,0000-00-00,0000-00-00,0000-00-00,,,,473001,0,0,,,,,,,,
N176,"NORTH DELHI POWER LTD.",,,"",,Y,0,,0,N,0,,O,"",,"",,"",,,,,,,,0,,,,,,0,0,,0,,,,0,0000-00-00,0000-00-00,0000-00-00,,,,,0,0,,no,,no,,,,
N178,"NAGARJUN CONSTRUCTION PVT LTD",,NEW DELHI,"NEW DELHI",,Y,0,,0,N,0,,O,"",,"DISTRICT COURTSECTOR-10 NEAR NHAIDWARKA",,"",,,,,,,NEW DELHI,0,,,,,,0,0,,0,,,,0,0000-00-00,0000-00-00,0000-00-00,,,,,0,0,,no,,no,,,,
N183,"NADEEM AHMED KHAN",,,"",,Y,0,,0,N,0,,O,"",,"",,"",,,,,,,,0,,,,,,0,0,,0,,,,0,0000-00-00,0000-00-00,0000-00-00,,,,,0,0,,no,,no,,,,
N190,"NATURE TRADING COMPANY PVT LTD",,NEW DELHI,"NEW DELHI",,Y,0,,0,N,0,,O,"",,"294/1 VISHWA KARMA COLON M.B.ROAD LAL KUAN",,"",,,,,,,NEW DELHI,0,,,,,,0,0,,0,,,,0,0000-00-00,0000-00-00,0000-00-00,,,,,0,0,,no,,no,,,,
N200,"NEW ARISTCRAT FURNITURE",,,"",,Y,0,,0,N,0,,O,"",,"BOMIKHAL BHUBANESWAR PH.9938830337",,"",,,,,,,,0,,,,,,0,0,,0,,,,0,0000-00-00,0000-00-00,0000-00-00,,,,,0,0,,no,,no,,,,
N200,"NEW ARISTCRAT FURNITURE",,NULL,"NULL",,Y,0,,0,N,0,,O,"",,"BOMIKHAL BHUBANESWAR PH.9938830337",,"",,,,,,,,0,,,,,,0,0,,0,,,,0,0000-00-00,0000-00-00,0000-00-00,,,,,0,0,,no,,no,,,,
N203,"MR.NIRMAL ROUT",,,"",,Y,0,,0,N,0,,O,"",,"GA-54NEELADRI VIHAR BHUBANESWAR PH.NO.9437189444",,"",,,,,,,,0,,,,,,0,0,,0,,,,0,0000-00-00,0000-00-00,0000-00-00,,,,,0,0,,no,,no,,,,
N203,"MR.NIRMAL ROUT",,NULL,"NULL",,Y,0,,0,N,0,,O,"",,"GA-54NEELADRI VIHAR BHUBANESWAR PH.NO.9437189444",,"",,,,,,,,0,,,,,,0,0,,0,,,,0,0000-00-00,0000-00-00,0000-00-00,,,,,0,0,,no,,no,,,,
N345,"NARAYAN STORE",,JEYPORE,"JEYPORE",,Y,0,,0,N,0,,O,"",,"",,"",,,,,,,JEYPORE,0,,,,,,0,0,,0,,,,0,0000-00-00,0000-00-00,0000-00-00,,,,,0,0,,no,,no,,,,
N820,"NATIONAL PLYWOOD INDUSTRIES LTD",09619351218,MUMBAI,"MUMBAI",,Y,5000000,30,0,N,0,331,O,"",,"39 ABDUL REHMAN STREET1ST FLOOR ROOM NO. 5",,"",,,,,,,MUMBAI,0,,,npil.mumbai@nationalplywood.net,,,0,0,,0,,,,0,0000-00-00,0000-00-00,0000-00-00,,,,400009,0,0,,no,,no,,,,
N901,"NITIN ENTERPRISES",9810137175,NEW DELHI,"NEW DELHI",S10042,Y,0,0,0,N,0,441,D,"",,"1/51 WHS TIMBER BLOCK KIRTI NAGAR",,"MAHENDRA BANSAL",,,,,,AAFFM9703N,NEW DELHI,0,,,bansalne@yahoo.co.in,,,0,0,,0,,,,0,0000-00-00,0000-00-00,0000-00-00,,,,110015,0,0,no,no,,no,,,,
N960,"NATIONAL TIMBERS",9810772244,SHAHDARA,"SHAHDARA",S10152,Y,3000000,45,0,N,0,451,D,"",,"1/4998TIMBER MARKET LONI ROAD NEAR RATHI STEEL MILL",,"VINESH JAINVINESH JAIN",,,,,,AAGPJ2436H,SHAHDARA,0,,,nationaltimbers.delhi@gmail.com,,,0,0,,0,,,,0,0000-00-00,0000-00-00,0000-00-00,,,,110032,0,0,,no,,no,,,,
O002,"ONKAR PLYWOOD CO",9813086103,ROHTAK,"ROHTAK",,Y,0,0,0,N,0,,D,"",,"CIVIL ROAD",,"GULSHAN MAGOO",,,,,,ABJPK5122P,ROHTAK,0,,,,,,0,0,,0,,,,0,0000-00-00,0000-00-00,0000-00-00,,,,,0,0,,no,,no,,,,
O016,"OGAAN PUBLICATION PVT LTD",,NEW DELHI,"NEW DELHI",,Y,0,,0,N,0,,O,"",,"H-2 HAUZ KHAS VILLAGE",,"",,,,,,,NEW DELHI,0,,,,,,0,0,,0,,,,0,0000-00-00,0000-00-00,0000-00-00,,,,,0,0,,no,,no,,,,
O025,"O TERONG",,NEW DELHI,"NEW DELHI",,Y,0,,0,N,0,,O,"",,"B-24MANSROVER  GARDEN",,"",,,,,,,NEW DELHI,0,,,,,,0,0,,0,,,,0,0000-00-00,0000-00-00,0000-00-00,,,,,0,0,,no,,no,,,,
O027,"OM PLYWOOD HOUSE",9896690502,HISSAR,"HISSAR",S10239,Y,4000000,45,0,N,0,443,D,"",,"SHOP NO.40 SUBHASH MARKET NEAR PARIJAT CHOWK HISSAR (HARYANA)",,"KAILASH AGGARWAL",9896693502,,,,,ACBPC6979R,HISSAR,0,,,sunilplywoodagency@gmail.com,,,0,0,,0,,,,0,0000-00-00,0000-00-00,0000-00-00,,,,125001,0,0,,no,,no,,,,
O032,"ORIENTAL INTERIOR",,BHUBANESWAR,"BHUBANESWAR",,Y,500000,30,0,N,0,,O,"",,"FLACON HOUSE PLOT NO - 22A CUTTACK-PURI ROAD",,"",,,,,,ABMPP5776F,BHUBANESWAR,0,,,,,,0,0,,0,,,,0,0000-00-00,0000-00-00,0000-00-00,,,,,0,0,,no,,no,,,,
O1006,"OM BRIDHI HARDWARE & ELECTRICAL",9450434619,GORAKHPUR,"GORAKHPUR",,Y,600000,45,0,N,0,,D,"",,"KARORI LAL KA HATASUMER SAGAR",,"DHARAM PAL GOYAL",,,,,,ABYPG6561B,GORAKHPUR,0,,,bridhiplywood@rediffmail.com,,,0,0,,0,,,,0,0000-00-00,0000-00-00,0000-00-00,,,,273001,0,0,,no,,no,,,,
O1007,"OM TIMBER & PLYWOOD CO",9818122270,NOIDA,"NOIDA",S10152,Y,0,0,0,N,0,441,D,"O820",,"SHOP NO.1OPP.POLICE FIRE STATION VILL.HAROLASECTOR-5",,"GAURAV SETH",,,,,,AVTPS1953Q,NOIDA,0,,,gs_1179@yahoo.co.in,,,0,0,,0,,,,0,0000-00-00,0000-00-00,0000-00-00,,,,,0,0,,no,,no,,,,
O1011,"OPTUS HOTELS PVT LTD",,GURGAON(HARYANA),"GURGAON(HARYANA)",,Y,0,,0,N,0,,O,"",,"OPTUS HOUSE SCO-313 SECTOR-29 CITY CENTRE",,"",,,,,,,GURGAON(HARYANA),0,,,,,,0,0,,0,,,,0,0000-00-00,0000-00-00,0000-00-00,,,,,0,0,,no,,no,,,,
O1014,"OSWAL HANDICRAFT",,JODHPUR (RAJASTHAN),"JODHPUR (RAJASTHAN)",,Y,0,,0,N,0,,O,"",,"G281-282PHASE-III G793-IVTH FLOORBORANAD",,"",,,,,,AFFPJ4990J,JODHPUR (RAJASTHAN),0,,,,,,0,0,,0,,,,0,0000-00-00,0000-00-00,0000-00-00,,,,,0,0,,no,,no,,,,
O1021,"OM PLYWOODS",9312212643,NOIDA,"NOIDA",,Y,0,45,0,N,0,,O,"",,"MAIN ROAD VILLAGE:-HOSHIYARPUR SECTOR-52",,"VIKASH SHARMA",,,,,,AAAFO7205K,NOIDA,0,,,omplywoods@yahoo.co.in,,,0,0,,0,,,,0,0000-00-00,0000-00-00,0000-00-00,,,,,0,0,,no,,no,,,,
O1037,"OM PRAKASH GUPTA",9213133459,NEW DELHI,"NEW DELHI",S10017,Y,0,30,0,N,0,,O,"",,"4NORTH EXTENTION MODEL TOWN-II",,"",,,,,,,NEW DELHI,0,,,,,,0,0,,0,,,,0,0000-00-00,0000-00-00,0000-00-00,,,,,0,0,,no,,no,,,,
O1039,"OM PARKASH MAHENDRA KUMAR",9811614134,GURGAON,"GURGAON",S10042,Y,1500000,30,45101,N,0,441,O,"N901",,"RAJENDRA MARKET M.G.ROAD SIKANDER PUR",,"KSHITIZ BANSAL",9811614134,,,,,ADAPB5241K,GURGAON,0,,,bansalne@yahoo.co.in,,,0,0,,0,,,,0,0000-00-00,0000-00-00,0000-00-00,,,,122004,0,0,no,no,,no,,,,
O1042,"OM LAXMI HARDWARE.",9425185125,REWA,"REWA",S01438,Y,0,0,0,N,0,446,D,"",,"INFRONT OF MISHRA PETROL PUMP            NH-7 ALLAHABAD ROAD",,"DINESH ASNANI",,,,,,AGLPA6829J,REWA,0,,,omlaxmihardware@gmail.com,,,0,0,,0,,,,0,1971-01-01,1971-01-01,1971-01-01,,,,486001,0,0,no,no,no,no,,,,
O1043,"OSCORP INTERNATIONAL",,NEW DELHI,"NEW DELHI",S10008,Y,0,0,0,N,0,441,P,"",,"182-CGG-1 VIKAS PURI",,"",,,,,,AABFO1903F,NEW DELHI,0,,,,,,0,0,,0,,,,0,0000-00-00,0000-00-00,0000-00-00,,,,110018,0,0,no,no,,no,,,,
O1048,"OIC CRF,CABINET SECRETARIAT",9818108942,NEW DELHI,"NEW DELHI",S10155,Y,0,0,0,N,0,441,O,"",,"ROOM NO.7BIKANER HOUSE (A) SHAHJAHAN ROAD",,"TEST",,,,,,,NEW DELHI,0,,,,,,0,0,,0,,,,0,0000-00-00,0000-00-00,0000-00-00,,,,110011,0,0,no,no,,no,,,,
O1050,"OMKAR INTERIORS",9926443020,JABALPUR,"JABALPUR",,Y,400000,30,0,N,0,446,O,"",,"1329 ANAND TAKIES ROADOPP. MAHARSHI NAPIERTOWNIndia",,"MEHUL PATEL",9165111144,,,,,CAYPS8207B,JABALPUR,0,,,dennim76@yahoo.co.in,,,0,0,,0,,,,0,0000-00-00,0000-00-00,0000-00-00,,,,482001,0,0,,no,,no,,,,
O1052,"ORIENTAL LOGISTICS",7004517460,PATNA,"PATNA",,Y,100000,1,0,N,0,219,O,"",,"60 KAVI RAMAN PATH  EAST BORING CANAL ROAD India",,"SUNIL KUMAR",,,,,,AADFO3051E,PATNA,0,,,orientallogistics.patna@gmail.com,,,0,0,,0,,,,0,0000-00-00,0000-00-00,0000-00-00,,,,800001,0,0,,,,no,,,,
O1055,"ORIENTAL TIMBER & HARDWARE",9888498807,PATHANKOT,"PATHANKOT",,Y,0,0,0,N,0,454,D,"",,"C/O KHOSLA & CO. COLLEGE ROADIndia",,"RAHUL KHOSLA",01862257268,,,,,ABHPK8518K,PATHANKOT,0,,,ca.rahulkhosla@gmail.com,,,0,0,,0,,,,0,0000-00-00,0000-00-00,0000-00-00,,,,145001,0,0,,no,,no,,,,
O1056,"O.P.ENTERPRISES",,AGRA,"Agra",,Y,0,0,0,N,0,,O,"",,"PRIMARY  SCHOOL .TEDI BAGIAHATHRAS ROADIndia",,"",,,,,,BHMPA6729C,AGRA,0,,,,,,0,0,,0,,,,0,0000-00-00,0000-00-00,0000-00-00,,,,282002,0,0,,no,,no,,,,
O1058,"OSWAL MOTEL & RESORTS LTD.",,AGRA,"Agra",,Y,0,0,0,N,0,,O,"",,"30MUNRO ROAD  India",,"",,,,,,AAACO3316Q,AGRA,0,,,,,,0,0,,0,,,,0,0000-00-00,0000-00-00,0000-00-00,,,,,0,0,,no,,no,,,,
O1059,"ORCHHA PALACE,DIRECTOR SMT.USHA JAIN",,ORCHHA,"ORCHHA",S10221,Y,0,45,0,N,0,,O,"",,"SAWANT NAGARTIKAM GARH CIRCLEDISTRCT:-TIKAMGARHIndia",,"",,,,,,AAACO3316Q,ORCHHA,0,,,pradeepgarg20@gmail.com,,,0,0,,0,,,,0,0000-00-00,0000-00-00,0000-00-00,,,,472246,0,0,,no,,no,,,,
O1060,"O P JINDAL MODERN SCHOOL",,HISSAR,"HISSAR",,Y,0,0,0,N,0,,O,"",,"A UNIT OF OP J.C.TRUST 6TH K.M.STONEOP JINDAL MARG India",,"",,,,,,AAATO0100H,HISSAR,0,,,,,,0,0,,0,,,,0,0000-00-00,0000-00-00,0000-00-00,,,,,0,0,,no,,no,,,,
O1061,"OM TIMBER",9416126096,HISSAR,"HISSAR",,Y,3000000,0,0,N,0,,O,"",,"KATH MANDI ROAD  India",,"",,,,,,AAVPK9410H,HISSAR,0,,,caskgoyal74@gmail.com,,,0,0,,0,,,,0,0000-00-00,0000-00-00,0000-00-00,,,,,0,0,,no,,no,,,,
O1068,"OMEGA ENTERPRISES",9846162184,ASAMANNOOR,"ASAMANNOOR",,Y,0,15,0,N,0,,O,"",,"A P 1X/17 WARD METHALA",,"",,,,,,AAEFO2422L,ASAMANNOOR,0,,,ramjaju67@gmail.com,,,0,0,,0,,,,0,0000-00-00,0000-00-00,0000-00-00,,,,,0,0,,no,,no,,,,
O1072,"OMNI DECORATIVES PVT.LTD.",9810013239,NEW DELHI,"NEW DELHI",S10042;S10042,Y,0,0,0,N,0,441,O,"",,"1/51WHSKIRTI NAGAR                     NEW DELHI",,"NITIN BANSAL",,,,,,AABCO7662G,DELHI,0,,,0,,,0,0,,0,,,,0,1971-01-01,1971-01-01,1971-01-01,,,,110015,0,0,no,no,no,no,,,,
O1072,"OMNI DECORATIVES PVT.LTD.",9810013239,DELHI,"DELHI",S10042;S10042,Y,0,0,0,N,0,441,O,"",,"1/51WHSKIRTI NAGAR                     NEW DELHI",,"NITIN BANSAL",,,,,,AABCO7662G,DELHI,0,,,0,,,0,0,,0,,,,0,1971-01-01,1971-01-01,1971-01-01,,,,110015,0,0,no,no,no,no,,,,
O1073,"ONKAR LAMINATES",9891084763,NEW DELHI,"NEW DELHI",S10042,Y,500000,30,0,N,0,441,O,"",,"C-55(BASEMENT) MANSAROVER GARDEN INDIA",,"PAWAN MAGGU",,,,,,AADFO5709R,NEW DELHI,0,,,optema.wood@ymail.com,,,0,0,,0,,,,0,0000-00-00,0000-00-00,0000-00-00,,,,110015,0,0,no,no,,no,,,,
O1076,"OM GALLERY",9377599000,JUNAGADH,"JUNAGADH",,Y,1000000,30,0,N,0,332,O,"",,"101 KALPVRUKSHA SHOPPING ?CENTREZANZARDA ROAD",,"VIRAL KAMANI",,,,,,AAFFO4089A,JUNAGADH,0,,,patterns.jnd@gmail.com,,,0,0,,0,,,,0,0000-00-00,0000-00-00,0000-00-00,,,,362001,0,0,,no,,no,,,,
O1078,"OM ENTERPRISES",8381940607,RAIBARELLY,"RAIBARELLY",,Y,300000,30,0,N,0,,D,"",,"SUNITA RAJSADANRAILWAY STATION RD.UNCHAHARIndia",,"RAJ BHAWAN SINGH",,,,,,BJFPS0715M,RAIBARELLY,0,,,rajbhawan404@gmail.com,,,0,0,,0,,,,0,0000-00-00,0000-00-00,0000-00-00,,,,229404,0,0,,no,,no,,,,
O1079,"OM PARKASH MAHENDER KUMAR",9811614134,NEW DELHI,"NEW DELHI",,Y,1000000,30,0,N,0,,O,"",,"1/512ND FLOOR WHSKIRTI NAGAR",,"CHITIJ BANSAL",,,,,,ADAPB5241K,NEW DELHI,0,,,bansal.opmk@gmail.com,,,0,0,,0,,,,0,0000-00-00,0000-00-00,0000-00-00,,,,,0,0,,no,,no,,,,
O1080,"OM PLY & MARBAL",9415772940,GONDA,"GONDA",S10232,Y,300000,30,0,N,0,447,D,"",,"HEMRAJ MARKET STATION ROAD India",,"VINOD KUMAR NAG",,,,,,AGIPN0506G,GONDA,0,,,omply.vinod@gmail.com,,,0,0,,0,,,,0,0000-00-00,0000-00-00,0000-00-00,,,,271001,0,0,,,,no,,,,
O1081,"OM PLYWOOD & TIMBER",9312265836,GHAZIABAD,"GHAZIABAD",S10152;S10263,Y,0,0,0,N,0,448,D,"",,"KALA PATHAR ROAD                         NYAY KHAND-II INDIRAPURAM",,"AMIT GUPTA",9852642135,,,,,ADDPT3912E,GHAZIABAD,0,,,omplywood1818@gmail.com,,,0,0,,0,,,,0,0000-00-00,0000-00-00,0000-00-00,,,,201012,0,0,,,,,,,,
O1086,"OM TRADING COMPANY",9258039899,MODINAGAR,"MODINAGAR",S10142,Y,0,0,0,N,0,448,D,"",,"8-BHRAM LOK NEAR AMBER CINEMA GT ROAD",,"0",,,,,,ADQPK7868K,MODINAGAR,0,,,addi.deepak@yahoo.co.in,,,0,0,,0,,,,0,0000-00-00,0000-00-00,0000-00-00,,,,201201,0,0,,,,,,,,
O1095,"OM CONSTR CO.",9839502891,BASTI,"BASTI",S10221,Y,0,0,0,N,0,447,O,"",,"010101 BASTIHAWELI KHAS GANDHI NAGAR",,"PANKAJ KUMAR SRIVASTAV",,,,,,AABFO7603G,BASTI,0,,,NA,,,0,0,,0,,,,0,0000-00-00,0000-00-00,0000-00-00,,,,272001,0,0,,no,,no,,,,
O1099,"OM PLYWOOD",9312265837,GHAZIABAD,"GHAZIABAD",S10015,Y,0,0,0,N,0,451,D,"",,"MAKANPUR NEAR KANTI SHOP INDIRAPURAM",,"SACHIN TYAGI",,,,,,ADRPT7958A,GHAZIABAD,0,,,sachin.tyagi1818@gmail.com,,,0,0,,0,,,,0,0000-00-00,0000-00-00,0000-00-00,,,,201014,0,0,,,,no,,,,
O1100,"OM TIMBER AND FURNITURE HOUSE",9557650238,KHURJA,"KHURJA",S10230;D10412,Y,0,0,0,N,0,448,D,"",,"LAXMAN GANJ                              DISTRICT:-BULADSHAHAR                    KHURJA",,"KUSHAGRA AGRWAL",,,,,,ALAPA3890K,BULANDSHAHR,0,,,kushagra9557@gmail.com,,,0,0,,0,,,,0,1971-01-01,1971-01-01,1971-01-01,,,,203131,0,0,no,no,no,no,,,,
O1100,"OM TIMBER AND FURNITURE HOUSE",9557650238,BULANDSHAHR,"BULANDSHAHR",S10230;D10412,Y,0,0,0,N,0,448,D,"",,"LAXMAN GANJ                              DISTRICT:-BULADSHAHAR                    KHURJA",,"KUSHAGRA AGRWAL",,,,,,ALAPA3890K,BULANDSHAHR,0,,,kushagra9557@gmail.com,,,0,0,,0,,,,0,1971-01-01,1971-01-01,1971-01-01,,,,203131,0,0,no,no,no,no,,,,
O1105,"ORIENT PLYWOOD AND HARDWARE STORE",9548720104,MORADABAD,"MORADABAD",D10396;S10230,Y,0,0,0,N,0,447,O,"",,"NEAR PRATHMA BANKHARTHALA               KANTH ROAD                               HARTHALA",,"KALLAN",,,,,,CWTPK6741H,MORADABAD,0,,,zrhussain786@gmail.com,,,0,0,,0,,,,0,1971-01-01,1971-01-01,1971-01-01,,,,244001,0,0,no,no,no,no,,,,
O1105,"ORIENT PLYWOOD AND HARDWARE STORE",9548720104,HARTHALA (MURADABAF),"HARTHALA (MURADABAF)",D10396;S10230,Y,0,0,0,N,0,447,O,"",,"NEAR PRATHMA BANKHARTHALA               KANTH ROAD                               HARTHALA",,"KALLAN",,,,,,CWTPK6741H,MORADABAD,0,,,zrhussain786@gmail.com,,,0,0,,0,,,,0,1971-01-01,1971-01-01,1971-01-01,,,,244001,0,0,no,no,no,no,,,,
O1106,"OM PARKASH SATISH KUMAR & CO.",9818261466,CENTRAL DELHI,"CENTRAL DELHI",S10015,Y,0,0,0,N,0,451,O,"",,"61ARJUN NAGAR KOTLA MUBARAKPUR",,"HARI PARKASH",,,,,,AAAPS6058C,CENTRAL DELHI,0,,,opsk.timber@gmail.com,,,0,0,,0,,,,0,0000-00-00,0000-00-00,0000-00-00,,,,110003,0,0,,,,no,,,,
O1108,"OM BANA PLYWOOD",9945605681,SINDHANUR,"SINDHANUR",D02026,Y,0,0,0,N,0,553,O,"",,"D NO-6-1-2995/1BESIDE UNION BANK KUSHTAGI ROAD",,"ON BANA",919739604361,,,,,CITPK5616D,SINDHANUR,0,,,vagasingh151@mail.com,,,0,0,,0,,,,0,0000-00-00,0000-00-00,0000-00-00,,,,584128,0,0,,,,,,,,
O1109,"OM DURGA PLYWOODS",9886352349,UDUPI,"UDUPI",D02026,Y,0,0,0,N,0,553,O,"",,"VYAVAHAR COMPLEXKEDAR BUILING MARKETSHIROORKUNDAPURA",,"RAGHURAMA MESTHA",,,,,,APVPM9035M,UDUPI,0,,,raghuramamestha@gmail.com,,,0,0,,0,,,,0,0000-00-00,0000-00-00,0000-00-00,,,,576228,0,0,,,,,,,,
O1113,"ONKAR NATH SUNIL KUMAR",+91-99186-47667,KANPUR,"KANPUR",S10221,Y,0,0,0,N,0,447,D,"",,"NEAR RAILWAY PLOT NO.61 JHAKERKATTI      COOPERGANJ",,"ONKAR NATH",,,,,,AABFO0977B,KANPUR,0,,,,,,0,0,,0,,,,0,0000-00-00,0000-00-00,0000-00-00,,,,208022,0,0,,,,,,,,
O1116,"OM ENGINEERING AND INFRASTRUCTURE",9009090072,KATNI,"KATNI",S01438;D02181,Y,0,0,0,N,0,446,P,"",,"SHAKTI NAGAR COLONY                      JALPA DEVI WARD",,"VIKRAM GUPTA",,,,,,AJAPG7584J,KATNI,0,,,omengineeringandinfra@gmail.com,,,0,0,,0,,,,0,1971-01-01,1971-01-01,1971-01-01,,,,483501,0,0,no,no,no,no,,,,
O1121,"OSHO HARDWARE",9812590997,HISSAR,"HISSAR",D10350,Y,0,0,0,N,0,443,D,"",,"OSHO CHOWK BHADRA ROAD MANDI ADAMPUR",,"PREM JANGRA",9812590997,,,,,BDZPK4944G,HISSAR,0,,,oshohardware@gmail.com,,,0,0,,0,,,,0,0000-00-00,0000-00-00,0000-00-00,,,,125052,0,0,,,,,,,,
O1124,"OM HARDWARE & SANITARYWARE",8770519256,SHAHDOL,"SHAHDOL",S01438;D02162,Y,0,0,0,N,0,446,D,"",,"BEHIND CIRCUIT HOUSE                REWA ROAD",,"SUSHIL  GUPTA",,,,,,ADBPG3256G,SHAHDOL,0,,,shantanukeshri27@gmail.com,,,0,0,,0,,,,0,1971-01-01,1971-01-01,1971-01-01,,,,484001,0,0,no,no,no,no,,,,
O1129,"ORIENT KAGAZ CONVERTERS PVT LTD",9425019361,MANDIDEEP,"MANDIDEEP",S01883,Y,0,0,0,N,0,446,P,"",,"12-A 141516 SECTOR A INDUSTRIAL AREA",,"ADITYA RAJ MODI",,,,,,AAACO9479J,MANDIDEEP,0,,,okcpl_bpl@yahoo.co.in,,,0,0,,0,,,,0,0000-00-00,0000-00-00,0000-00-00,,,,462046,0,0,,,,,,,,
O1139,"OLD PATNA HARDWARE",7250423729,PATNA,"PATNA",,Y,0,0,0,N,0,219,O,"",,"AH COMPLEX EAST SIDE OF EXHIBITION ROAD NEAR HOTEL GARGEE GRAND HOTEL",,"ARBIND SHARMA",,,,,,AAFFO4053N,PATNA,0,,,aksharma5517@gmail.com,,,0,0,,0,,,,0,1971-01-01,1971-01-01,1971-01-01,,,,800001,0,0,no,no,no,no,,,,
O1141,"OME ENTERPRISES",9247324762,VISAKHAPATNAM,"VISAKHAPATNAM",D02153,Y,0,0,0,N,0,525,D,"",,"11-21-1 KANITHI ROAD GAJUWAKA",,"KANAKA PARDHA SARADHI TEDLAPU",,,,,,ANIPT2416J,VISAKHAPATNAM,0,,,t.k.p.saradhi@gmail.com,,,0,0,,0,,,,0,1971-01-01,1971-01-01,1971-01-01,,,,530026,0,0,no,no,no,no,,,,
O190C,"OVERSEAS AGENCIES",9898555989,RAJKOT,"RAJKOT",,Y,0,0,0,N,0,331,O,"",,"NEAR MALAVIYA CHOWK                      YAGRIK ROAD",,"PRANAB BHAI",,,,,,AAFFO5954L,RAJKOT,0,,,pranav_exidecare@yahoo.co.in,,,0,0,,0,,,,0,0000-00-00,0000-00-00,0000-00-00,,,,360001,0,0,,,,,,,,
O701,"OM PLYWOOD CENTRE",7552574441,BHOPAL,"BHOPAL",S01883,Y,0,0,0,N,0,446,D,"",,"167 ZONE II                            M.P.NAGAR",,"",,,,,,ABAPK6999F,BHOPAL,0,,,,,,0,0,,0,,,,0,0000-00-00,0000-00-00,0000-00-00,,,,462011,0,0,,,,,,,,
O721,"OM PLYWOODS.",9811646247,DELHI,"DELHI",S10251;S10152;S10015,Y,0,0,0,N,0,441,O,"",,"A-23 MAIN ROAD                           JAGAT PURI                               EAST DELHI",,"VIKASH SHARMA",,,,,,AAAFO7205K,DELHI,0,,,,,,0,0,,0,,,,0,1971-01-01,1971-01-01,1971-01-01,,,,110051,0,0,no,no,no,no,,,,
O721,"OM PLYWOODS.",9811646247,EAST DELHI,"EAST DELHI",S10251;S10152;S10015,Y,0,0,0,N,0,441,O,"",,"A-23 MAIN ROAD                           JAGAT PURI                               EAST DELHI",,"VIKASH SHARMA",,,,,,AAAFO7205K,DELHI,0,,,,,,0,0,,0,,,,0,1971-01-01,1971-01-01,1971-01-01,,,,110051,0,0,no,no,no,no,,,,
O810,"OM PARKASH BANSAL & SONS",9810041922,NEW DELHI,"NEW DELHI",S10042;S10042,Y,0,0,0,N,0,441,D,"",,"1/32TIMBER BLOCK                        W H S KIRTI NAGAR                       NEW DELHI",,"NARESH BANSAL",,,,,,AABFO0584C,DELHI,0,,,opbansal_sons2004@yahoo.co.in,,,0,0,,0,,,,0,1971-01-01,1971-01-01,1971-01-01,,,,110015,0,0,no,no,no,no,,,,
O810,"OM PARKASH BANSAL & SONS",9810041922,DELHI,"DELHI",S10042;S10042,Y,0,0,0,N,0,441,D,"",,"1/32TIMBER BLOCK                        W H S KIRTI NAGAR                       NEW DELHI",,"NARESH BANSAL",,,,,,AABFO0584C,DELHI,0,,,opbansal_sons2004@yahoo.co.in,,,0,0,,0,,,,0,1971-01-01,1971-01-01,1971-01-01,,,,110015,0,0,no,no,no,no,,,,
O820,"OM TIMBERS",9818122270,DELHI,"DELHI",S10251;S10152,Y,0,0,0,N,0,441,D,"",,"NEAR GIANAND CINEMA                      G.T.ROAD                                 SHAHDARA",,"GAURAV SETH",,,,,,AVTPS1953Q,DELHI,0,,,gs_1179@yahoo.co.in,,,0,0,,0,,,,0,1971-01-01,1971-01-01,1971-01-01,,,,110032,0,0,no,no,no,no,,,,
O820,"OM TIMBERS",9818122270,SHAHDARA,"SHAHDARA",S10251;S10152,Y,0,0,0,N,0,441,D,"",,"NEAR GIANAND CINEMA                      G.T.ROAD                                 SHAHDARA",,"GAURAV SETH",,,,,,AVTPS1953Q,DELHI,0,,,gs_1179@yahoo.co.in,,,0,0,,0,,,,0,1971-01-01,1971-01-01,1971-01-01,,,,110032,0,0,no,no,no,no,,,,
O834,"OM PRAKASH HARI PARKASH (P) LTD.",,NEW DELHI,"NEW DELHI",S10042,Y,0,30,0,N,0,441,D,"",,"55 ARJUN NAGAR KOTLA MUBARAKPUR",,"",,,,,,,NEW DELHI,0,,,,,,0,0,,0,,,,0,0000-00-00,0000-00-00,0000-00-00,,,,,0,0,,no,,no,,,,
O851,"OM PRAKASH SATISH KUIMAR & CO.",,NEW DELHI,"NEW DELHI",,Y,1000000,30,0,N,0,,D,"",,"61 ARJUN NAGAR KOTLA MUBARAKPUR",,"",,,,,,AAAPS6058C,NEW DELHI,0,,,,,,0,0,,0,,,,0,0000-00-00,0000-00-00,0000-00-00,,,,,0,0,,no,,no,,,,
P0032,"PRABHAT INDUSTRIES",9215748008,KAITHAL,"KAITHAL",,Y,1000000,30,0,N,0,,O,"",,"4 KM STONE KARNAL ROAD",,"GAURAV JINDAL",,,,,,AADFP6949G,KAITHAL,0,,,gauravjindal01@gmail.com,,,0,0,,0,,,,0,0000-00-00,0000-00-00,0000-00-00,,,,,0,0,,no,,no,,,,
P0034,"PAHARPUR COOLING TOWERS LTD.",9830896090,NANICHIRAI,"NANICHIRAI",,Y,0,0,0,N,0,,P,"",,"SURVEY NO. 350                           NANI CHIRAI                              TAK- BACHAU KUTCH",,"0",,,,,,AABCP8017C,NANICHIRAI,0,,,,,,0,0,,0,,,,0,1971-01-01,1971-01-01,1971-01-01,,,,370201,0,0,no,no,no,no,,,,
P023,"PLYWOOD SALES CORPORATION-ROHTAK",+91-0126-224744,ROHTAK,"ROHTAK",S10197,Y,0,0,0,N,0,443,D,"",,"QUTER QUILLA ROAD                        ROHTAK",,"YOGINDER JAIN",,,,,,AAMPJ6012F,ROHTAK,0,,,,,,0,0,,0,,,,0,0000-00-00,0000-00-00,0000-00-00,,,,124001,0,0,,,,,,,,
P071,"PLYWOOD-N-HARDWARE",9820101618,MUMBAI,"MUMBAI",S01430,Y,5000000,45,0,N,0,331,O,"",,"39 ABDUL REHMAN STREET",,"NARESH PACHISIA",,,,,,0,MUMBAI,0,,,nareshp252@gmail.com,,,0,0,,0,,,,0,0000-00-00,0000-00-00,0000-00-00,,,,400003,0,0,,,,,,,,
P079,"PLYWOOD HOME.",9425171404,SAGAR,"SAGAR",,Y,9000000,30,0,N,0,446,D,"",,"10 SAVERA COMLEX GUJARATI BAZARNEAR OLD STATE BANK OF INDIA",,"DEVENDRA JAIN",,,,,,ABZPJ8328A,SAGAR,0,,,plywoodhome16@yahoo.com,,,0,0,,0,,,,0,0000-00-00,0000-00-00,0000-00-00,,,,470001,0,0,,no,,no,,,,
P1042,"PLY POINT",,KATIHAR,"KATIHAR",,Y,0,,0,N,0,219,D,"",,"DR RAJENDRA PD ROAD KATIHAR",,"",,,,,,,KATIHAR,0,,,,,,0,0,,0,,,,0,0000-00-00,0000-00-00,0000-00-00,,,,854105,0,0,,no,,no,,,,
P1043,"PUJA PLY & HARDWARE",,BODH GAYA,"BODH GAYA",,Y,400000,30,0,N,0,219,D,"",,"PACHATTI BODH GAYA",,"",,,,,,,BODH GAYA,0,,,,,,0,0,,0,,,,0,0000-00-00,0000-00-00,0000-00-00,,,,824231,0,0,,no,,no,,,,
P1050,"PLYWOOD CENTRE (DALSINGARAI)",,DALSINGSARAI,"DALSINGSARAI",,Y,0,,0,N,0,219,O,"",,"DALSINGSARAI",,"",,,,,,,DALSINGSARAI,0,,,,,,0,0,,0,,,,0,0000-00-00,0000-00-00,0000-00-00,,,,848114,0,0,,no,,no,,,,
P1051,"P.S.PLY LAM PVT.LTD",,NEW DELHI,"NEW DELHI",,Y,0,,0,N,0,,O,"",,"93/2BLOCK-2IIND FLOOR KIRTI NAGAR",,"",,,,,,,NEW DELHI,0,,,,,,0,0,,0,,,,0,0000-00-00,0000-00-00,0000-00-00,,,,,0,0,,no,,no,,,,
P1062,"PRAJAPITA CONSTRUCTIONS",,,"",,Y,0,,0,N,0,,O,"",,"JETHI BUILDING LINK ROAD CUTTACK",,"",,,,,,,,0,,,,,,0,0,,0,,,,0,0000-00-00,0000-00-00,0000-00-00,,,,,0,0,,no,,no,,,,
P1062,"PRAJAPITA CONSTRUCTIONS",,NULL,"NULL",,Y,0,,0,N,0,,O,"",,"JETHI BUILDING LINK ROAD CUTTACK",,"",,,,,,,,0,,,,,,0,0,,0,,,,0,0000-00-00,0000-00-00,0000-00-00,,,,,0,0,,no,,no,,,,
P1065,"PURSHOTTAM LAL SULTANIA",0,KOLKATA,"KOLKATA",,Y,0,,0,N,0,457,O,"",,"P-44 RABINDRA SARANI 1ST FLOOR ROOM NO-206&207",,"PURSHOTTAM SULTANIA",,,,,,AADHP2080E,KOLKATA,0,,,0,,,0,0,,0,,,,0,0000-00-00,0000-00-00,0000-00-00,,,,700001,0,0,,no,,no,,,,
P1074,"PRASHANT PLYWOODS",,NEW DELHI,"NEW DELHI",,Y,0,,0,N,0,,O,"",,"211RAZAPUR MARKET SECTOR-9 ROHINI",,"",,,,,,,NEW DELHI,0,,,,,,0,0,,0,,,,0,0000-00-00,0000-00-00,0000-00-00,,,,,0,0,,no,,no,,,,
P1084,"PACIFIC MARKETING",09826055351,BHOPAL,"BHOPAL",,Y,1500000,30,0,N,0,446,O,"",,"S -4 SHRISHTI COMPLEXPLOT#206M.P NAGAR ZONE -1",,"",,,,,,,BHOPAL,0,,,pacificbpl@yahoo.com,,,0,0,,0,,,,0,0000-00-00,0000-00-00,0000-00-00,,,,462011,0,0,,no,,no,,,,
P1096,"PRATIK VENEERS",,NEW DELHI,"NEW DELHI",,Y,0,,0,N,0,,O,"",,"1/93 BASMENT W.H.S. KIRTI NAGAR",,"",,,,,,,NEW DELHI,0,,,,,,0,0,,0,,,,0,0000-00-00,0000-00-00,0000-00-00,,,,,0,0,,no,,no,,,,
P1099,"PRE-SCIENCE TECHNO INDUSTRIES",0,KOLKATA,"KOLKATA",S01657;D02002,Y,0,0,0,N,0,457,O,"",,"PATULI",,"0",,,,,,0,KOLKATA,0,,,0,,,0,0,,0,,,,0,0000-00-00,0000-00-00,0000-00-00,,,,700119,0,0,,no,,no,,,,
P1100,"PRABHAT CHADDA",,DELHI,"DELHI",,Y,0,,0,N,0,,O,"",,"",,"",,,,,,,DELHI,0,,,,,,0,0,,0,,,,0,0000-00-00,0000-00-00,0000-00-00,,,,,0,0,,no,,no,,,,
P1104,"PRASANNA TRADERS",9415031073,JHANSI (U.P.),"JHANSI (U.P.)",,Y,0,0,0,N,0,,O,"",,"314JHOKAN BAGH",,"",,,,,,AGJPJ4419P,JHANSI (U.P.),0,,,,,,0,0,,0,,,,0,0000-00-00,0000-00-00,0000-00-00,,,,284001,0,0,,no,,no,,,,
P1110,"PANKAJ SULTANIA",,DELHI,"DELHI",,Y,0,0,0,N,0,,P,"",,"B3/46A NEAR IBP PETROL P YAMUNA VIHAR BHAJANPURA",,"",,,,,,,DELHI,0,,,,,,0,0,,0,,,,0,0000-00-00,0000-00-00,0000-00-00,,,,,0,0,,no,,no,,,,
P1112,"PRASANT GOHAIN",,NAHARKATIA,"NAHARKATIA",,Y,0,,0,N,0,,O,"",,"",,"",,,,,,,NAHARKATIA,0,,,,,,0,0,,0,,,,0,0000-00-00,0000-00-00,0000-00-00,,,,,0,0,,no,,no,,,,
P1115,"PARAS NATH ENTERPRSES",7503111324,NOIDA,"NOIDA",S10155,Y,0,45,0,N,0,441,P,"",,"B-36 SECTOR-9",,"AMIT JAIN",,,,,,,NOIDA,0,,,n.parasnath@gmail.com,,,0,0,,0,,,,0,0000-00-00,0000-00-00,0000-00-00,,,,201301,0,0,no,no,,no,,,,
P1129,"PAWAN MAHAJAN & NEELAM MAHAJAN",,NEW DELHI,"NEW DELHI",,Y,0,,0,N,0,,P,"",,"10830 JHANDEWALAN ROAD CHOWK MOTIA KHAAN",,"",,,,,,,NEW DELHI,0,,,,,,0,0,,0,,,,0,0000-00-00,0000-00-00,0000-00-00,,,,,0,0,,no,,no,,,,
P113,"PATEL GOLDEN TIMBER (P) LTD.",,NEW DELHI,"NEW DELHI",S10042,Y,0,30,0,N,0,441,O,"",,"13/1BLOCK-2  WHS KIRTI NAGAR",,"",,,,,,AAACP5563G,NEW DELHI,0,,,,,,0,0,,0,,,,0,0000-00-00,0000-00-00,0000-00-00,,,,110015,0,0,no,no,,no,,,,
P1130,"PLY SALES",,DHARBANGA,"DHARBANGA",,Y,0,,0,N,0,219,O,"",,"LALBAGH DHARBANGA",,"",,,,,,,DHARBANGA,0,,,,,,0,0,,0,,,,0,0000-00-00,0000-00-00,0000-00-00,,,,846004,0,0,,no,,no,,,,
P1131,"PLY HOUSE.",,KHAGARIA,"KHAGARIA",S01386,Y,0,30,0,N,0,219,O,"",,"MAIN ROAD KHAGARIA",,"INDU BHUSHAN SHARMA",8409326100,,,,,,KHAGARIA,0,,,,,,0,0,,0,,,,0,0000-00-00,0000-00-00,0000-00-00,,,,851204,0,0,,no,,no,,,,
P115,"PEARL AGENCIES",9755409777,JABALPUR,"JABALPUR",D01931;D01941;D01941,Y,0,0,0,N,0,446,O,"",,"MALVIYA CHOWK",,"SANJEEV LAL",,,,,,AAWPL0607N,JABALPUR,0,,,pearlagenciesjbp@rediffmail.com,,,0,0,,0,,,,0,1971-01-01,1971-01-01,1971-01-01,,,,482002,0,0,no,no,no,no,,,,
P115,"PEARL AGENCIES",9755409777,,"",D01931;D01941;D01941,O,0,0,0,N,0,446,O,"",,"MALVIYA CHOWK",,"SANJEEV LAL",,,,,,AAWPL0607N,JABALPUR,0,,,pearlagenciesjbp@rediffmail.com,,,0,0,,0,,,,0,1971-01-01,1971-01-01,1971-01-01,,,,482002,0,0,no,no,no,no,,,,
P115,"PEARL AGENCIES",9755409777,JABALPUR (M.P.),"JABALPUR (M.P.)",D01931;D01941;D01941,Y,0,0,0,N,0,446,O,"",,"MALVIYA CHOWK",,"SANJEEV LAL",,,,,,AAWPL0607N,JABALPUR,0,,,pearlagenciesjbp@rediffmail.com,,,0,0,,0,,,,0,1971-01-01,1971-01-01,1971-01-01,,,,482002,0,0,no,no,no,no,,,,
P1150,"PLYWOOD & TIMBER PRODUCTS AGENCIES",9323223991,MUMBAI,"MUMBAI",S01430,Y,2500000,30,0,N,0,331,O,"",,"39ABDUL REHMAN STREETIST FLOOR ROOM NO.5 PYDHONIE",,"SRIGOPAL PACHISIA",,,,,,AGJPP4269R,MUMBAI,0,,,sgpachisia@gmail.com,,,0,0,,0,,,,0,0000-00-00,0000-00-00,0000-00-00,,,,400003,0,0,,no,,no,,,,
P1152,"PARVEEN KUMAR CONTRACTOR",,SUNAMSANGRUR,"SUNAM,SANGRUR",,Y,1000000,0,0,N,0,,P,"",,"GOPAL NAGAR OPPOSITE SAHIB GURDWARA 3/120",,"",,,,,,,SUNAM,SANGRUR,0,,,,,,0,0,,0,,,,0,0000-00-00,0000-00-00,0000-00-00,,,,,0,0,,no,,no,,,,
P1155,"P B NIRMAN UDYOG PVT LTD",0,KOLKATA,"KOLKATA",D02002,Y,0,0,0,N,0,457,D,"",,"36/C CENTRAL ROAD JAVADPUR",,"0",,,,,,0,KOLKATA,0,,,0,,,0,0,,0,,,,0,0000-00-00,0000-00-00,0000-00-00,,,,700032,0,0,,no,,no,,,,
P116,"PEEKAY ENTERPRISES,FARIDABAD",,FARIDABAD,"Faridabad",,Y,0,,0,N,0,,O,"",,"S.C.O.106 SECTOR 16 MKT COMPLX",,"",,,,,,,FARIDABAD,0,,,,,,0,0,,0,,,,0,0000-00-00,0000-00-00,0000-00-00,,,,,0,0,,no,,no,,,,
P1167,"PAWAN MITTAL",,SONIPAT (HARYANA),"SONIPAT (HARYANA)",,Y,0,,0,N,0,,O,"",,"",,"",,,,,,,SONIPAT (HARYANA),0,,,,,,0,0,,0,,,,0,0000-00-00,0000-00-00,0000-00-00,,,,,0,0,,no,,no,,,,
P1177,"PEARL ENTERPRISES",,MUMBAI,"MUMBAI",,Y,0,,0,N,0,331,D,"",,"105 UNIT NO:203CHAMPAKLAL UDYOG BHAVANSION (EAST)",,"",,,,,,,MUMBAI,0,,,,,,0,0,,0,,,,0,0000-00-00,0000-00-00,0000-00-00,,,,400022,0,0,,no,,no,,,,
P1184,"PRADIP DEB",,ASSAM,"ASSAM",,Y,0,,0,N,0,,O,"",,"VILL. TANTIPATHER P.O.JEYPORE DIST DIBRUGARH",,"",,,,,,,ASSAM,0,,,,,,0,0,,0,,,,0,0000-00-00,0000-00-00,0000-00-00,,,,,0,0,,no,,no,,,,
P1189,"PLYWOOD & HARDWARE COMPANY",9830041257,Howrah,"HOWRAH",S01519,Y,0,0,0,N,0,457,D,"",,"161 SHYAM APPARTMENT						              161 SHIBPUR",,"SUBRATO DEY",,,,,,AAHFP6320M,HOWRAH,0,,,plywoodhardware@yahoo.in,,,0,0,,0,,,,0,0000-00-00,0000-00-00,0000-00-00,,,,711103,0,0,,,,,,,,
P1190,"PARRIYS AGENCIES",09448387214,Bangalore,"BANGALORE",,Y,500000,45,0,N,0,553,D,"",,"NO.16 RACE COURSE ROADMADHAVNAGAR",,"VINITH SHAH",080-41138884,,,,,,BANGALORE,0,,,vinmsi@yahoo.co.in,,,0,0,,0,,,,0,0000-00-00,0000-00-00,0000-00-00,,,,560001,0,0,,no,,no,,,,
P1193,"PULIN ARANDHARA",,ASSAM,"ASSAM",,Y,0,,0,N,0,,O,"",,"JEYPORE",,"",,,,,,,ASSAM,0,,,,,,0,0,,0,,,,0,0000-00-00,0000-00-00,0000-00-00,,,,,0,0,,no,,no,,,,
P1195,"PRAKASH GLASS & PLYWOOD",09341223440,Bangalore,"BANGALORE",,Y,500000,45,0,N,0,553,D,"",,"# 4 LAKSH COMPLEXCHRUCH STREET ROADMURUGESHPALYA",,"RITESH JAIN",,,,,,,BANGALORE,0,,,,,,0,0,,0,,,,0,0000-00-00,0000-00-00,0000-00-00,,,,560080,0,0,,no,,no,,,,
P1199,"PLYWOOD PALACE & HARDWARE",,NEW DELHI,"NEW DELHI",,Y,0,0,0,N,0,,D,"",,"C-71 MALVIYA NAGAR GEETANJALI ROAD",,"ASWANI WADHWA",,,,,,AAMFP7735P,NEW DELHI,0,,,ashwanipw@gmail.com,,,0,0,,0,,,,0,0000-00-00,0000-00-00,0000-00-00,,,,,0,0,,no,,no,,,,
P120,"PLY BANK KAPOORCHAND MAHESHWARI",9897706666,AGRA,"Agra",S10290,Y,5000000,45,0,N,0,447,D,"",,"SAR COMPLEX OPP SOOR SAD M.G. ROAD",,"YATINDRA MAHESHWARI",,,,,,ABFPM3903J,AGRA,0,,,plybankindiapvtltd@gmail.com,,,0,0,,0,,,,0,0000-00-00,0000-00-00,0000-00-00,,,,282002,0,0,,,,no,,,,
P1202,"PLY & SANITARY PLACE",9230065961,KOLKATA,"KOLKATA",D02002,Y,0,30,0,N,0,457,D,"",,"115 COLLAGE STREET WHITE TOWER",,"RAJ KUMAR JHAWAR",,,,,,ACVPJ3635M,KOLKATA,0,,,plypalace@rediffmail.com,,,0,0,,0,,,,0,0000-00-00,0000-00-00,0000-00-00,,,,700012,0,0,,no,,no,,,,
P1226,"PLY HOME (BHAGALPUR)",9431295914,BHAGALPUR,"BHAGALPUR",,Y,200000,30,0,N,0,219,D,"",,"GUPTA MARKETMAIN ROADKAHALGAON",,"RAKESH KUMAR",9006534800,,,,,AXOPM9163B,BHAGALPUR,0,,,,,,0,0,,0,,,,0,0000-00-00,0000-00-00,0000-00-00,,,,813203,0,0,,no,,no,,,,
P1233,"PREM GLASS & PLYWOOD",,Bangalore,"BANGALORE",,Y,500000,60,0,N,0,553,D,"",,"# 1-3/36 KATRIGUPPE MAIN ROADOPP. SBI BANASHANKARI 3RD STAGE",,"JAYANTHI JAIN",08026891902,,,,,,BANGALORE,0,,,,,,0,0,,0,,,,0,0000-00-00,0000-00-00,0000-00-00,,,,560085,0,0,,no,,no,,,,
P1235,"POUSHALI SALES PVT LTD",0,KOLKATA,"KOLKATA",S01657;D02002,Y,0,0,0,N,0,457,O,"",,"113 PARK STREET",,"0",,,,,,0,KOLKATA,0,,,0,,,0,0,,0,,,,0,0000-00-00,0000-00-00,0000-00-00,,,,700016,0,0,,no,,no,,,,
P1243,"PREM MOTORS",9926809818,GWALIOR,"GWALIOR",,Y,3000000,30,0,N,0,446,O,"",,"SHIVPURI LINK ROAD",,"CHARANJEET NAGPAL",,,,,,AABCP2035Q,GWALIOR,0,,,,,,0,0,,0,,,,0,0000-00-00,0000-00-00,0000-00-00,,,,474001,0,0,,no,,no,,,,
P125,"PLY SALES.",,KANPUR,"KANPUR",,Y,0,0,0,N,0,,O,"",,"110/180 R. K. NAGAR80 FEET ROAD",,"MANISH JHAWAR",,,,,,ACCPJ7225N,KANPUR,0,,,ajantaagencies2006@yahoo.co.in,,,0,0,,0,,,,0,0000-00-00,0000-00-00,0000-00-00,,,,208012,0,0,,no,,no,,,,
P1250,"PHOOL CHAND MADAN LAL",9837042365,HATHRAS,"HATHRAS",,Y,0,45,0,N,0,,D,"",,"MURSAN GATE CHINTA HARAN ROAD",,"AMIT BANSAL",,,,,,AAPPB7893K,HATHRAS,0,,,amitbansal65365@gmail.com,,,0,0,,0,,,,0,0000-00-00,0000-00-00,0000-00-00,,,,,0,0,,no,,no,,,,
P126,"PLY PLAZA",,,"",,Y,0,,0,N,0,,O,"",,"",,"",,,,,,,,0,,,,,,0,0,,0,,,,0,0000-00-00,0000-00-00,0000-00-00,,,,,0,0,,no,,no,,,,
P1261,"PRINCE PLY & LAMINATES",09004183241,NAVI MUMBAI,"NAVI MUMBAI",,Y,2500000,45,0,N,0,331,D,"",,"SHOP NO:29 JIMMY TOWER 1&2SECTOR - 18 KOPER KHAIRNE",,"LAL BAHADUR PRAJAPATI",27544254,,,,,,NAVI MUMBAI,0,,,,,,0,0,,0,,,,0,0000-00-00,0000-00-00,0000-00-00,,,,400709,0,0,,no,,no,,,,
P1264,"PRIDE & EXPERT PROPERTIES PVT LTD",09964064811,Bangalore,"BANGALORE",,Y,2000000,60,0,N,0,553,P,"",,"901 9TH FLOORPRIDE HULKUL 116LALBAGH ROAD",,"",080-22223013,,,,,,BANGALORE,0,,,anuragjain@pridegroup.net,,,0,0,,0,,,,0,0000-00-00,0000-00-00,0000-00-00,,,,560027,0,0,,no,,no,,,,
P1265,"PRITI INTERNATIONAL",9314225699,JODHPUR,"JODHPUR",,Y,0,0,0,N,0,,P,"",,"1 ABHAY CHAMBER CHOPASNI ROAD",,"GOVERDHAN LOHIYA",,,,,,AAHPL5238Q,JODHPUR,0,,,g.d.lohiya@gmail.com,,,0,0,,0,,,,0,0000-00-00,0000-00-00,0000-00-00,,,,342001,0,0,,no,,no,,,,
P1268,"PRAKASH GOYAL",9425764611,SHIVPURI,"SHIVPURI",,Y,1000000,30,0,N,0,446,O,"",,"GOKUL NIWAS A.B. ROAD",,"PRAKASH GOYAL",7492230179,,,,,AFVPG7660J,SHIVPURI,0,,,,,,0,0,,0,,,,0,0000-00-00,0000-00-00,0000-00-00,,,,461001,0,0,,no,,no,,,,
P127,"PLY SAMRAT(INDIA) PVT.LTD.",9810130147,NEW DELHI,"NEW DELHI",S10042,Y,8000000,45,0,N,0,441,D,"",,"A-41 W.H.S. KIRTI NAGAR",,"VISHAL JHAWAR",,,,,,AABCP8916E,NEW DELHI,0,,,plysamrat@gmail.com,,,0,0,,0,,,,0,0000-00-00,0000-00-00,0000-00-00,,,,110015,0,0,,no,,no,,,,
P128,"PLYWOOD SALES CORPORATION-PANIPAT",,PANIPAT(HARYANA),"PANIPAT(HARYANA)",,Y,0,,0,N,0,,O,"",,"ASSANDH ROAD",,"",,,,,,,PANIPAT(HARYANA),0,,,,,,0,0,,0,,,,0,0000-00-00,0000-00-00,0000-00-00,,,,,0,0,,no,,no,,,,
P1289,"PARUL ASSOCIATES INTERIORS PVT LTD",09620001719,Bangalore,"BANGALORE",,Y,1000000,60,0,N,0,553,P,"",,"# 191 WEST OF CHORD ROAD2ND STAGEIndia",,"",,,,,,,BANGALORE,0,,,,,,0,0,,0,,,,0,0000-00-00,0000-00-00,0000-00-00,,,,560086,0,0,,no,,no,,,,
P1294,"PRAGATHI CONCEPTS",09945287292,Bangalore,"BANGALORE",,Y,2000000,45,0,N,0,553,O,"",,"NO.123 6TH MAIN 2ND STAGEPOSTAL COLONY SANJAYNAGAR",,"YATISH",080-41713785,,,,,AAMFP0635N,BANGALORE,0,,,,,,0,0,,0,,,,0,0000-00-00,0000-00-00,0000-00-00,,,,560094,0,0,,no,,no,,,,
P1295,"PADUMI HAZARIKA",,DIBRUGARH,"DIBRUGARH",,Y,0,,0,N,0,,O,"",,"Dibrugarh  ASSAM",,"",,,,,,AAIPH3109F,Dibrugarh,0,,,,,,0,0,,0,,,,0,0000-00-00,0000-00-00,0000-00-00,,,,,0,0,,no,,no,,,,
P1302,"PAWANSUT INTERIOR",9828089707,JAIPUR,"JAIPUR",,Y,0,0,0,N,0,,P,"",,"B-12/2A HARI NAGARSHASTRI NAGARIndia",,"",,,,,,ACIPL1387K,JAIPUR,0,,,pawansutinterior@gmail.com,,,0,0,,0,,,,0,0000-00-00,0000-00-00,0000-00-00,,,,302016,0,0,,no,,no,,,,
P1307,"PINE HOUSE",9891247788,GURGAON,"GURGAON",,Y,0,0,0,N,0,,O,"",,"MAIN NATHUPUR  ROADDLF PHASE-III NEAR BALVENDER PALACE",,"BIRENDER SHARMA",,,,,,ANLPS8320F,GURGAON,0,,,,,,0,0,,0,,,,0,0000-00-00,0000-00-00,0000-00-00,,,,,0,0,,no,,no,,,,
P1314,"PRABHU TRADERS",9964071282,UDUPI,"UDUPI",,Y,1800000,60,0,N,0,553,D,"",,"PRABHU BUILDING AMBAGILUSANTHEKATTE POSTIndia",,"K B S PRABHU",,,,,,AHIPP4501E,UDUPI,0,,,sadashivprabhu@gmail.com,,,0,0,,0,,,,0,0000-00-00,0000-00-00,0000-00-00,,,,576105,0,0,,no,,no,,,,
P1315,"PYROTECH WORKSPACE SOLUTION PVT. LTD.",9001899020,NEEMUCH,"NEEMUCH",,Y,2000000,30,0,N,0,446,P,"",,"11 KAMAL CHOWKNEAR CENTRAL BANK OF iNDIAIndia",,"KUBER JI",,,,,,AAECP0655M,NEEMUCH,0,,,hanif@pyrotechworkspace.com,,,0,0,,0,,,,0,0000-00-00,0000-00-00,0000-00-00,,,,458441,0,0,,no,,no,,,,
P1317,"PLYBANK INDIA PRIVATE LIMITED",256225254,AGRA,"Agra",S10290,Y,0,0,0,N,0,447,D,"",,"SHOP NO.1 & 2/218 SAAR COMPLEX          OPP.NAGAR NIGAMM.G.ROAD",,"YATINDRA MAHESHWARI",,,,,,AAGCP9709G,AGRA,0,,,,,,0,0,,0,,,,0,0000-00-00,0000-00-00,0000-00-00,,,,282002,0,0,,,,,,,,
P1322,"PARAS NATH ENTERPRISES",7503111324,GURGAON,"GURGAON",S10155,Y,0,30,0,N,0,441,P,"",,"B-63/26 GALI NO.15 BALDEV NAGAR",,"AJAY JAIN",,,,,,ACAPJ7611G,GURGAON,0,,,n.parasnath@gmail.com,,,0,0,,0,,,,0,0000-00-00,0000-00-00,0000-00-00,,,,122001,0,0,no,no,,no,,,,
P1325,"PARNIKA COMMERCIAL & ESTATES PVT.LTD.",8130596102,NEW DELHI,"NEW DELHI",S10008,Y,0,0,0,N,0,441,P,"",,"D-646TH FLOOR HIMALAYA ROAD 23K.G.MARGCANNAUGHT PLACE India",,"DHEERA JI / PRASANT /TARUN AGGARWAL",,,,,,AAACP0555C,NEW DELHI,0,,,parnikapurchase@gmail.com,,,0,0,,0,,,,0,0000-00-00,0000-00-00,0000-00-00,,,,110001,0,0,no,no,,no,,,,
P1326,"PRAKASH TIMBER STORES",9936495000,VARANASI,"VARANASI",,Y,0,0,0,N,0,,D,"",,"B-15/36A1SONARPURAIndia",,"ASHISH OJHA",,,,,,AAGP09174P,VARANASI,0,,,ashish.ojha20@gmail.com,,,0,0,,0,,,,0,0000-00-00,0000-00-00,0000-00-00,,,,221005,0,0,,no,,no,,,,
P1329,"PRAKASHPUNJ PLYWOOD PVT.LTD.",9198522222,VARANASI,"VARANASI",,Y,0,45,0,N,0,,O,"",,"B-15/36A1SONARPURA",,"",,,,,,AAHCP1636P,VARANASI,0,,,ashish.ojha20@gmail.com,,,0,0,,0,,,,0,0000-00-00,0000-00-00,0000-00-00,,,,221001,0,0,,no,,no,,,,
P1330,"PURBANCHAL ROLLING MILLS & INDS",9811798072,GUWAHATI,"GUWAHATI",,Y,3000000,30,0,N,0,331,O,"",,"PLOT NO: 199 PUB BORAGAONNATIONAL HIGHWAY - 37",,"",,,,,,,GUWAHATI,0,,,mgogia@bhushansteel.com,,,0,0,,0,,,,0,0000-00-00,0000-00-00,0000-00-00,,,,781035,0,0,,no,,no,,,,
P1335,"PALGHAR PLYWOOD PRODUCT PVT LTD",,THANE,"THANE",,Y,0,30,0,N,0,,O,"",,"PLOT NO.11VILLAGE ALYALI TALUKA PALGHAR India",,"",,,,,,AABCP4964C,THANE,0,,,,,,0,0,,0,,,,0,0000-00-00,0000-00-00,0000-00-00,,,,,0,0,,no,,no,,,,
P1336,"PLY AND GLASS",9308661011,PATNA,"PATNA",,Y,0,30,0,N,0,219,D,"",,"KHAJPURA NEAR MOURYA PATHJAGDEO PATHIndia",,"VIKASH KUMAR",,,,,,AUKPK3595N,PATNA,0,,,vikash_kumar_07@yahoo.com,,,0,0,,0,,,,0,0000-00-00,0000-00-00,0000-00-00,,,,800014,0,0,,no,,no,,,,
P1337,"PATRAVALI FURNITURES",9448141788,BELGAUM,"BELGAUM",,Y,0,0,0,N,0,553,O,"",,"23 BEMCIEIUDYAMBAGIndia",,"",0831-2440621,,,,,BQJPP2944J,BELGAUM,0,,,patravalifurnitures@gmail.com,,,0,0,,0,,,,0,0000-00-00,0000-00-00,0000-00-00,,,,590008,0,0,,no,,no,,,,
P1343,"PLY TRADERS",9234449226,NALANDA,"NALANDA",,Y,350000,30,0,N,0,219,D,"",,"RANCHI ROADMURADPUR  BIHARSARIFIndia",,"RANJIT BARNWAL",9386581313,,,,,AJQPK6414M,NALANDA,0,,,plytraders221@gmail.com,,,0,0,,0,,,,0,0000-00-00,0000-00-00,0000-00-00,,,,803101,0,0,,no,,no,,,,
P1347,"PYRAMID PLY & WOOD PRODUCTS PVT.LTD.",9990135794,NEW DELHI,"NEW DELHI",S10008,Y,0,45,0,N,0,441,P,"",,"A-1/AB-4MAIN ROAD CHATTARPUR EXTN. India",,"0",,,,,,AAECP6925E,NEW DELHI,0,,,pyramidtimber21@gmail.com,,,0,0,,0,,,,0,0000-00-00,0000-00-00,0000-00-00,,,,110074,0,0,,,,,,,,
P1348,"PANORAMA SOLUTIONS PRIVATE LIMITED",09342272571,Bangalore,"BANGALORE",,Y,1000000,60,0,N,0,553,O,"",,"47/3 1ST FLOOR SUBALAXMI COMPLEXKUDLU MAIN ROAD KUDLU",,"",,,,,,AABCP9010B,BANGALORE,0,,,accounts@panoramaindia.com,,,0,0,,0,,,,0,0000-00-00,0000-00-00,0000-00-00,,,,560068,0,0,,no,,no,,,,
P1350,"P.K.TRADERS",9899059960,NOIDA,"NOIDA",S10153,Y,0,0,0,N,0,441,D,"",,"SHOP NO.F/7 & 8 SECTOR-9  India",,"",,,,,,AAQFP3613A,NOIDA,0,,,pk.traders789@gmail.com,,,0,0,,0,,,,0,0000-00-00,0000-00-00,0000-00-00,,,,201301,0,0,no,no,,no,,,,
P1351,"PARITOSH SARKAR",7690859940,JAIPUR,"JAIPUR",,Y,0,30,0,N,0,,P,"",,"C/O HOTEL LILCHA HAVELI 14SIKKAR ROAD",,"",,,,,,CKXPS3738J,JAIPUR,0,,,,,,0,0,,0,,,,0,0000-00-00,0000-00-00,0000-00-00,,,,,0,0,,no,,no,,,,
P1360,"PRASHANT MAHESHWARI",9810031122,NEW DELHI,"NEW DELHI",,Y,0,30,0,N,0,,P,"",,"30TOGOR PARKMODEL TOWN",,"",,,,,,,NEW DELHI,0,,,prashant@venturaindia.com,,,0,0,,0,,,,0,0000-00-00,0000-00-00,0000-00-00,,,,,0,0,,no,,no,,,,
P1361,"PLY WORLD",9815600908,LUDHIANA,"LUDHIANA",,Y,0,0,0,N,0,454,D,"",,"SHOP NO.343BHARAT NAGAR ROADBUS STAND ROADIndia",,"SUNIL SHARDA",9815600908,,,,,AQAPS6615B,LUDHIANA,0,,,plyworldldh@aol.com,,,0,0,,0,,,,0,0000-00-00,0000-00-00,0000-00-00,,,,141001,0,0,,no,,no,,,,
P1362,"PRESTIGE INTERIO CONCEPTS PVT.LTD",09833508006,VAPI,"VAPI",,Y,0,60,0,N,0,331,O,"",,"A1-2212/2212GIDC Phase-3India",,"",,,,,,,VAPI,0,,,ops@prestigeinterin.in,,,0,0,,0,,,,0,0000-00-00,0000-00-00,0000-00-00,,,,396195,0,0,,no,,no,,,,
P1365,"PLY KING",9310160770,NEW DELHI,"NEW DELHI",,Y,0,0,0,N,0,,O,"",,"197-C3RD FLOOROLD GUPTA COLONY VIJAY NAGAR India",,"",,,,,,AASPG4184F,NEW DELHI,0,,,,,,0,0,,0,,,,0,0000-00-00,0000-00-00,0000-00-00,,,,,0,0,,no,,no,,,,
P137,"PREMIER SALES CORPORATION",9811141890,DELHI,"DELHI",S10042,Y,2500000,0,0,N,0,441,D,"",,"93/2 BLOCK 2 W H S KIRTI NAGAR",,"SOURAV SIR",8882116363,,,,,AAEFP8738J,DELHI,0,,,psc_premier@yahoo.co.in,,,0,0,,0,,,,0,0000-00-00,0000-00-00,0000-00-00,,,,110015,0,0,no,no,,no,,,,
P1370,"PLY DECOR",,NEW DELHI,"NEW DELHI",S10042,Y,0,30,0,N,0,441,O,"",,"1/11W.H.S.KIRTI NAGAR  India",,"",,,,,,AOGPA8477D,NEW DELHI,0,,,,,,0,0,,0,,,,0,0000-00-00,0000-00-00,0000-00-00,,,,110015,0,0,no,no,,no,,,,
P1371,"PATEL & CO",9163645233,KOLKATA,"KOLKATA",D02002,Y,0,45,0,N,0,457,D,"",,"40 S P MUKHERJEE RD",,"UMED PATAL",,,,,,AADFP9483F,KOLKATA,0,,,umedpatel76@gmail.com,,,0,0,,0,,,,0,0000-00-00,0000-00-00,0000-00-00,,,,700025,0,0,,no,,no,,,,
P1374,"P.G.POLYCHEM PVT.LTD.",+91-95829-45541,NEW DELHI,"NEW DELHI",S10155;S10155,Y,0,0,0,N,0,441,O,"",,"61/15GALI NO.11                        UDYOG NAGARMUNDKA",,"MANISH BEGANI",,,,,,AAGCP0428G,WEST DELHI,0,,,,,,0,0,,0,,,,0,0000-00-00,0000-00-00,0000-00-00,,,,110041,0,0,,,,,,,,
P1374,"P.G.POLYCHEM PVT.LTD.",+91-95829-45541,WEST DELHI,"WEST DELHI",S10155;S10155,Y,0,0,0,N,0,441,O,"",,"61/15GALI NO.11                        UDYOG NAGARMUNDKA",,"MANISH BEGANI",,,,,,AAGCP0428G,WEST DELHI,0,,,,,,0,0,,0,,,,0,0000-00-00,0000-00-00,0000-00-00,,,,110041,0,0,,,,,,,,
P1375,"PARASNATH ENTERPRISES",7503111324,DELHI,"DELHI",S10155,Y,0,0,0,N,0,441,P,"",,"B-422METRO ROAD NEW ASHOK NAGAR India",,"AJAY JAIN",,,,,,ACAPJ7611G,DELHI,0,,,n.parasnath@gmail.com,,,0,0,,0,,,,0,0000-00-00,0000-00-00,0000-00-00,,,,110096,0,0,no,no,,no,,,,
P1379,"P.V.KRISHNA",9441260000,VIJAYAWADA,"VIJAYAWADA",,Y,0,45,0,N,0,,O,"",,"48/11/1/6 NEAR MAHITHA SCHOOL P GOPALAKRISHNAIAH STREET CURRENCY NAGAR4TH LEFT",,"",,,,,,,VIJAYAWADA,0,,,pvk_rrc@yahoo.co.in,,,0,0,,0,,,,0,0000-00-00,0000-00-00,0000-00-00,,,,,0,0,,no,,no,,,,
P1384,"P. K.TRADERS",9899059960,FARDABAD,"FARDABAD",S10153,Y,0,30,0,N,0,441,O,"",,"SHOP NO.142GOPI COLONY CHOWK  India",,"",,,,,,AAQFP3613A,FARDABAD,0,,,pk.traders789@gmail.com,,,0,0,,0,,,,0,0000-00-00,0000-00-00,0000-00-00,,,,121002,0,0,no,no,,no,,,,
P1387,"PLY HOMES",9300829993,JABALPUR,"JABALPUR",,Y,2000000,45,0,N,0,446,D,"",,"1448GUPTESHWAR ROADMAHANADDAIndia",,"SUNIL PAREKH",,,,,,AJRPP8281G,JABALPUR,0,,,plyhomesjbp@gmail.com,,,0,0,,0,,,,0,0000-00-00,0000-00-00,0000-00-00,,,,482001,0,0,,no,,no,,,,
P1388,"PATEL WOOD PRODUCTS LTD",9811368085,GANDHIDHAM,"GANDHIDHAM",S01769,Y,0,45,0,N,0,332,O,"",,"6TH MILESTONE NH8AMITHIROAHAR ROAD",,"",,,,,,AABCP2054K,GANDHIDHAM,0,,,,,,0,0,,0,,,,0,0000-00-00,0000-00-00,0000-00-00,,,,370201,0,0,,no,,no,,,,
P1393,"PRINCE INDIA PLYWOOD & PAINTS",9881423081,Margo,"Margo",S01698,Y,2000000,60,0,N,0,553,O,"",,"Shop no.19 & 20 Cross Road AvenueCommercial ComplexIndia",,"RAYEES ANJUM",,,,,,AGDPD4201D,Margo,0,,,princeindiatp@rediffmail.com,,,0,0,,0,,,,0,0000-00-00,0000-00-00,0000-00-00,,,,403602,0,0,,no,,no,,,,
P1398,"PRAGATI PLY AND HARDWARE",9900465655,Vijaypur,"VIJAYPUR",S01852,Y,1500000,60,0,N,0,553,D,"",,"Shivakrupa ComplesxRam Mandir RoadIndia",,"RAJESH.P SHINDHE",9900465655,,,,,CRGPS9723R,Vijaypur,0,,,rajeshpshindhe@gmail.com,,,0,0,,0,,,,0,0000-00-00,0000-00-00,0000-00-00,,,,586101,0,0,,no,,no,,,,
P1408,"PACIFIC PLY AND LAM STUDIO",9825068505,BHARUCH,"BHARUCH",S01801,Y,500000,45,0,N,0,332,D,"",,"B-23OPP COLLECTOR OFFICE M G ROAD RAJPIPLA NANDOD",,"LADURAM MISTRY",,,,,,AGCPM0067D,BHARUCH,0,,,pacificply1@gmail.com,,,0,0,,0,,,,0,0000-00-00,0000-00-00,0000-00-00,,,,393145,0,0,,,,no,,,,
P1410,"PASHUPATI CONSTRUCTIONS & ENGINEERING",9958893051,GURGAON,"GURGAON",,Y,0,30,0,N,0,,P,"",,"N-9/1DLF CITYPHASE-2  India",,"AJAY DHILLON",,,,,,AAFPP8136M,GURGAON,0,,,a.dhillon@pashupaticonstruction.com,,,0,0,,0,,,,0,0000-00-00,0000-00-00,0000-00-00,,,,,0,0,,no,,no,,,,
P1413,"PRAJ CORPORATION",9824275701,VADODARA,"VADODARA",,Y,0,45,0,N,0,332,O,"",,"MUKHI COMPOUND BAJWA",,"REJESH MATHURIA",,,,,,ACEPM2257M,VADODARA,0,,,rajeshmathuria4@gmail.com,,,0,0,,0,,,,0,0000-00-00,0000-00-00,0000-00-00,,,,391310,0,0,,,,,,,,
P1415,"PRAGATI CONSTRUCTION",9810100226,NEW DELHI,"NEW DELHI",,Y,0,45,0,N,0,,P,"",,"A-2/25SECTOR-18 ROHINI India",,"V.K. GUPTA",,,,,,AAHFP4261B,NEW DELHI,0,,,director@suneharibaghbuilders.com,,,0,0,,0,,,,0,0000-00-00,0000-00-00,0000-00-00,,,,,0,0,,no,,no,,,,
P1418,"PLY HOUSE",9472495392,SHARSHA,"SHARSHA",,Y,0,30,0,N,0,219,D,"",,"D B ROADSHARSHAIndia",,"DILIP GUPTA",,,,,,ADNPG8426E,SHARSHA,0,,,deepakkumar735786@gmail.com,,,0,0,,0,,,,0,0000-00-00,0000-00-00,0000-00-00,,,,852201,0,0,,no,,no,,,,
P1429,"PLY HOUSE..",-110102,JEHANABAD,"JEHANABAD",D01926,Y,0,0,0,N,0,219,D,"",,"AT- PREM NAGAR HORILGANJ                 JEHANABAD",,"INDU BHUSHAN GAURANG",8409326100,,,,,AKVPG0806F,JEHANABAD,0,,,,,,0,0,,0,,,,0,0000-00-00,0000-00-00,0000-00-00,,,,804408,0,0,,,,,,,,
P1447,"PADAM SHREE ENTERPRISES",8755061000,RUDRAPUR,"RUDRAPUR",,Y,500000,30,0,N,0,,D,"",,"E-18 BHAGAT SINGH CHOWK",,"ANKUSH JAIN",,,,,,ALIPJ7091F,RUDRAPUR,0,,,padamshree.ent001@rediffmail.com,,,0,0,,0,,,,0,0000-00-00,0000-00-00,0000-00-00,,,,,0,0,,no,,no,,,,
P1466,"PLY  MART",7087412017,MOHALI,"MOHALI",,Y,800000,30,0,N,0,,D,"",,"PLOT NO.707IND.ESTATE JLPLSECTOR-82 India",,"SATISH-VISHAL MEHTA",,,,,,AGEPM4230C,MOHALI,0,,,mehta.plymart@gmail.com,,,0,0,,0,,,,0,0000-00-00,0000-00-00,0000-00-00,,,,,0,0,,no,,no,,,,
P1468,"PADAM SHREE PLY & DECOR",8755061000,UDHAMSINGH NAGAR,"UDHAMSINGH NAGAR",,Y,1000000,30,0,N,0,,O,"",,"E71-AGARWAL DHARAMSHALA GALI NEAR SANATAN DHRAM KANTA",,"SUBHASH JAIN",,,,,,AXGPJ5698A,UDHAMSINGH NAGAR,0,,,padamshree.ent001@rediffmail.com,,,0,0,,0,,,,0,0000-00-00,0000-00-00,0000-00-00,,,,,0,0,,no,,no,,,,
P1469,"PUNJAB PLY HOUSE",9335205730,LUCKNOW,"LUCKNOW",,Y,600000,30,0,N,0,,D,"",,"LDA TURN OPP. BALAJI ENCLAVEKRISHNA NAGARIndia",,"BALBIR SINGH",,,,,,AOTPS0692B,LUCKNOW,0,,,99335205730@gmail.com,,,0,0,,0,,,,0,0000-00-00,0000-00-00,0000-00-00,,,,226005,0,0,,no,,no,,,,
P148,"PUNJAB AGRO INDUSTRIAL CORPN.LTD.",,,"",,Y,0,,0,N,0,,O,"",,"",,"",,,,,,,,0,,,,,,0,0,,0,,,,0,0000-00-00,0000-00-00,0000-00-00,,,,,0,0,,no,,no,,,,
P1485,"PARMANAND ASHOKANAND",9837290450,MEERUT,"MEERUT",,Y,500000,30,0,N,0,,O,"",,"173 A/1 ABULANE MEERUT CANTT India",,"ASHOK KUMAR ANAND",,,,,,ACBPA6821G,MEERUT,0,,,parmanandashokanand@gmail.com,,,0,0,,0,,,,0,0000-00-00,0000-00-00,0000-00-00,,,,,0,0,,no,,no,,,,
P1498,"PARAS NATH TRADING COMPANY",9760315060,SHAMLI,"SHAMLI",,Y,0,0,0,N,0,,D,"",,"BUDHANA BUS STAND HOSPITAL ROAD",,"PARAS JAIN",,,,,,AXAPJ0387L,SHAMLI,0,,,paras12794@gmail.com,,,0,0,,0,,,,0,0000-00-00,0000-00-00,0000-00-00,,,,,0,0,,no,,no,,,,
P1502,"PANKAJ PLYWOOD AND GLASS DEPOT",9448376754,Bellary,"BELLARY",S10223,Y,2000000,30,713928,N,0,553,D,"",,"# 33/2 BANGALORE ROAD",,"LALITH JAIN",,,,,,ADOPS7922A,BELLARY,0,,,pankajply@yahoo.com,,,0,0,,0,,,,0,0000-00-00,0000-00-00,0000-00-00,,,,,0,0,,no,,no,,,,
P1505,"PG ASSOCIATES PRIVATE LIMITED",9310194219,NEW DELHI,"NEW DELHI",S10015,Y,2000000,30,0,N,0,441,D,"",,"B-198 MANSAROVER GARDEN  India",,"NARYAN PATELNARYAN PATEL",,,,,,AADCP2612H,NEW DELHI,0,,,pgdecowood@gmail.com,,,0,0,,0,,,,0,0000-00-00,0000-00-00,0000-00-00,,,,110015,0,0,no,no,,no,,,,
P1507,"PRASANN TRADERS",9616477999,JHANSI,"JHANSI",,Y,500000,30,0,N,0,,D,"",,"314 JHOKAN BAGHIndia",,"JYOTI JAIN",,,,,,AGDPJ6631P,JHANSI,0,,,ankurjain177@gmail.com,,,0,0,,0,,,,0,0000-00-00,0000-00-00,0000-00-00,,,,284001,0,0,,no,,no,,,,
P1508,"PREM CONSTRUCTION METAL STORE",8950477777,AMBALA CANTT,"AMBALA CANTT",,Y,0,0,0,N,0,,D,"",,"PRABHU PREM PURAM NEAR JAIN SAMADHI JAGADHARI ROAD India",,"HIMANSHU GUPTA",,,,,,AAVFP6783G,AMBALA CANTT,0,,,himanshuguptaiyc@gmail.com,,,0,0,,0,,,,0,0000-00-00,0000-00-00,0000-00-00,,,,,0,0,,no,,no,,,,
P1526,"PARAS  PLYWOOD",9760315060,SHAMLI,"SHAMLI",,Y,0,0,0,N,0,448,O,"",,"BUDHANA ROAD WARDNO.5",,"PARAS JAIN",,,,,,BGTPJ0486R,SHAMLI,0,,,paras12794@gmail.com,,,0,0,,0,,,,0,0000-00-00,0000-00-00,0000-00-00,,,,247776,0,0,,,,,,,,
P1533,"PLYWOOD POINT",9424822000,GWALIOR,"GWALIOR",S01865,Y,2000000,30,0,N,0,446,D,"",,"KASHISH TOWER OPP. INDERGANJ POLICE STATION LASHKAR India",,"KASHISH AGRAWAL",9424822000,,,,,BDSPA4189C,GWALIOR,0,,,kagrawal94@yahoo.com,,,0,0,,0,,,,0,0000-00-00,0000-00-00,0000-00-00,,,,474002,0,0,,,,,,,,
P1534,"PRITI GUPTA",9810374350,NEW DELHI,"NEW DELHI",,Y,0,0,0,N,0,,O,"",,"D-71PREET VIHAR",,"PRITI GUPTA",,,,,,AAIPG0936F,NEW DELHI,0,,,,,,0,0,,0,,,,0,0000-00-00,0000-00-00,0000-00-00,,,,,0,0,,no,,no,,,,
P1535,"POPULER FURNITURE WORKS",9454146412,KANPUR,"KANPUR",,Y,0,0,0,N,0,,D,"",,"107/262NEHRU NAGARIndia",,"JITENDER VEER SHARMA",,,,,,BBDPS1659A,KANPUR,0,,,popularfurnitureworks@rediffmail.com,,,0,0,,0,,,,0,0000-00-00,0000-00-00,0000-00-00,,,,208012,0,0,,no,,no,,,,
P1537,"PARTH OVERSEAS",7533804400,MURADABAD,"MURADABAD",,Y,0,0,0,N,0,,O,"",,"DELHI ROAD NEAR MARUTI SHOWROOM",,"VASU GOAL",,,,,,AADFP8382M,MURADABAD,0,,,vasu@parthoverseas.com,,,0,0,,0,,,,0,0000-00-00,0000-00-00,0000-00-00,,,,,0,0,,no,,no,,,,
P1538,"PANKAJ GOAL",5912478541,MURADABAD,"MURADABAD",,Y,0,0,0,N,0,,O,"",,"PARTAMPARA-II COLONYNEAR IDI ?CITY KANTH ROAD",,"PANKAJ GOEL",,,,,,ADTPG2261R,MURADABAD,0,,,vasu@parthoverseas.com,,,0,0,,0,,,,0,0000-00-00,0000-00-00,0000-00-00,,,,,0,0,,no,,no,,,,
P1544,"PLY TRADERS",9386581313,PATNA,"PATNA",,Y,400000,30,0,N,0,219,D,"",,"SANDALPUR SANDALPUR ROADKADAMKUAN",,"RANJEET KUMAR",9386581313,,,,,AGYPK3367Q,PATNA,0,,,plytraders.patna@gmail.com,,,0,0,,0,,,,0,0000-00-00,0000-00-00,0000-00-00,,,,800004,0,0,,no,,no,,,,
P1549,"POUSHALI SALES PVT.LTD.DELHI",9015412900,NEW DELHI,"NEW DELHI",S10008,Y,0,0,0,N,0,441,O,"",,"1/353RD FLOOR                           KIRTI NAGAR                              NEW DELHI",,"VIMAL MALPANI",,,,,,AABCP8286B,DELHI,0,,,vimal.malpani@duroply.com,,,0,0,,0,,,,0,1971-01-01,1971-01-01,1971-01-01,,,,110015,0,0,no,no,no,no,,,,
P1549,"POUSHALI SALES PVT.LTD.DELHI",9015412900,DELHI,"DELHI",S10008,Y,0,0,0,N,0,441,O,"",,"1/353RD FLOOR                           KIRTI NAGAR                              NEW DELHI",,"VIMAL MALPANI",,,,,,AABCP8286B,DELHI,0,,,vimal.malpani@duroply.com,,,0,0,,0,,,,0,1971-01-01,1971-01-01,1971-01-01,,,,110015,0,0,no,no,no,no,,,,
P1550,"PATIL PLYWOOD AND HARDWARE",9845198798,BAGALKOT,"BAGALKOT",,Y,0,0,0,N,0,553,D,"",,"SEC NO.4 NAVANAGARBAGALKOT",,"RAJ PATEL",,,,,,AHMPP7791C,BAGALKOT,0,,,patilplywood@gmail.com,,,0,0,,0,,,,0,0000-00-00,0000-00-00,0000-00-00,,,,587103,0,0,,no,,no,,,,
P1554,"PRADHAN TRADERS",8979396111,BAREILLY,"BAREILLY",,Y,0,0,0,N,0,,O,"",,"455-I MOHALLA KANUN GOYAN",,"ARPI PRADHAN",8979896111,,,,,BRQPP6139K,BAREILLY,0,,,pradhan.arpit7@gmail.com,,,0,0,,0,,,,0,0000-00-00,0000-00-00,0000-00-00,,,,243005,0,0,,no,,no,,,,
P1555,"PUNJAB PLYWOOD",9855427111,DHURI,"DHURI",S10074,Y,0,0,0,N,0,454,D,"",,"MK ROAD NEAR PNB MAIN BANK",,"VISHAL JI",,,,,,AABFP3537A,DHURI,0,,,punjabplydhuri@gmail.com,,,0,0,,0,,,,0,0000-00-00,0000-00-00,0000-00-00,,,,148024,0,0,,,,,,,,
P1560,"PLY PALACE,",9893204786,PIPARIYA,"PIPARIYA",,Y,2000000,30,0,N,0,446,P,"",,"ABDULLAH MARKET",,"TARIQ KHAN",9893204786,,,,,AFBPA1058A,PIPARIYA,0,,,plypalace.pipariya@gmail.com,,,0,0,,0,,,,0,0000-00-00,0000-00-00,0000-00-00,,,,461775,0,0,,no,,no,,,,
P1567,"PADMAVATI PLY & HARDWARE",9448149324,VIJAYAPUR,"VIJAYAPUR",,Y,1700000,45,0,N,0,553,D,"",,"CTS # 1022/2 WARD NO.3AKKAMAHADEVI ROAD",,"VIKASHKUMAR P SHAH",9448149324,,,,,AZVPS1095H,VIJAYAPUR,0,,,pankajpadmavati@gmail.com,,,0,0,,0,,,,0,0000-00-00,0000-00-00,0000-00-00,,,,586101,0,0,,no,,no,,,,
P1568,"PLANET INTERIOR HUB",9722136696,AHMEDABAD,"AHMEDABAD",,Y,1000000,45,0,N,0,332,O,"",,"1 16 DHANANJAY TOWER100 FOOT RING ROAD SATELLITE",,"DHAVAL SHAH",9722136696,,,,,AAXFP4848G,AHMEDABAD,0,,,planetinteriorhub@gmail.com,,,0,0,,0,,,,0,0000-00-00,0000-00-00,0000-00-00,,,,380015,0,0,,no,,no,,,,
P1578,"PRITAM SAW MILLS",9839068699,KANPUR,"KANPUR",S10221,Y,0,0,0,N,0,447,D,"",,"122/236 KALPI ROAD FAZAL GANJ",,"RAJPRIT SINGH SALUJA",,,,,,AABFP9380R,KANPUR,0,,,salujarajprit@gmail.com,,,0,0,,0,,,,0,0000-00-00,0000-00-00,0000-00-00,,,,208012,0,0,,,,,,,,
P1579,"PRELAM TRADING CORPORATION",9963929393,KUKATPALLY HYDERABA,"KUKATPALLY, HYDERABAD",S01700;S01700;S01700;S01700;S01700,Y,2500000,21,0,N,0,554,D,"",,"SURVEY NO: 620 NEAR MARBLE HOUSE RAGHAVENDRA NAGAR",,"VENKAT",,,,,,ALEPM3679G,KUKATPALLY, HYDERABAD,0,,,prelam_agencies04@yahoo.co.in,,,0,0,,0,,,,0,0000-00-00,0000-00-00,0000-00-00,,,,500072,0,0,,no,,no,,,,
P1584,"PANKAJ PLYWOODS",9940742522,TAMILNAIDU,"TAMILNAIDU",S01700,Y,0,0,0,N,0,525,O,"",,"736 METTUPALAYAM ROAD R S PURAM COIMBATORE",,"ML JAIN",,,,,,AABFP6005H,TAMILNAIDU,0,,,pankaj.plywoods@gmail.com,,,0,0,,0,,,,0,0000-00-00,0000-00-00,0000-00-00,,,,641002,0,0,,no,,no,,,,
P1591,"PUSHPA ENTERPRISES",6206052936,PATNA,"PATNA",S01386,Y,500000,30,0,N,0,219,D,"",,"NAHAR ROAD DEVI ASTHAN GULGARBAGH ALAMGAJ",,"JAI PRAKASH KUMAR",,,,,,ETWPK3566C,PATNA,0,,,jaibarnwal8146@gmail.com,,,0,0,,0,,,,0,0000-00-00,0000-00-00,0000-00-00,,,,800007,0,0,,,,,,,,
P1593,"PLYWOOD HOUSE",9927219333,AGRA,"Agra",S10221,Y,500000,30,0,N,0,447,D,"",,"SHOP NO. 7 BALAJI MKT BYE PASS ROAD",,"SACHIN GOYAL",,,,,,AFMPG5197H,AGRA,0,,,sachin2382@gmail.com,,,0,0,,0,,,,0,0000-00-00,0000-00-00,0000-00-00,,,,282001,0,0,,,,,,,,
P1596,"PLY  WORLD",9756603772,AGRA,"Agra",S10221,Y,300000,30,0,N,0,447,D,"",,"B-62TRANS YAMUNA COLONY PHASE-1 NARAICH",,"YASH AGARWAL",,,,,,APUPA4431J,AGRA,0,,,plyworldagra@gmail.com,,,0,0,,0,,,,0,0000-00-00,0000-00-00,0000-00-00,,,,282006,0,0,,,,no,,,,
P1601,"PAVAIYA AGENCY",9450504540,LALITPUR,"LALITPUR",S10221,Y,0,0,0,N,0,447,D,"",,"01 NEW BUS STAND TALBEHAT",,"SAURABH JAIN",,,,,,AQDPJ6633R,LALITPUR,0,,,priteshpavaiya745@gmail.com,,,0,0,,0,,,,0,0000-00-00,0000-00-00,0000-00-00,,,,284126,0,0,,,,no,,,,
P1604,"PREM PLYWOOD",9086025250,JAMMU,"JAMMU",S10074,Y,2000000,30,0,N,0,454,D,"",,"SHIVAJI CHOWK RAILWAY ROAD NANAK NAGAR",,"RISHU MAHAJAN",9086025250,,,,,AJHPM5365Q,JAMMU,0,,,premplywood@gmail.com,,,0,0,,0,,,,0,0000-00-00,0000-00-00,0000-00-00,,,,180015,0,0,,no,,no,,,,
P1605,"PLYWOOD GLASS GALARY",7384099222,DURGAPUR,"DURGAPUR",S01519;D02010,Y,500000,21,0,N,0,457,D,"",,"GOPAL MATH DURGAPUR - 17 MEJEDIHI OYARIA WEST BURDWAN",,"PRABIR SAMANTA",,,,,,AXNPS9036J,DURGAPUR,0,,,plywoodglass.galary@gmail.com,,,0,0,,0,,,,0,0000-00-00,0000-00-00,0000-00-00,,,,713217,0,0,,no,,no,,,,
P1607,"PAL PLY GALLERY",-94983,GHAZIPUR,"GHAZIPUR",S10221,Y,0,0,0,N,0,447,D,"",,"128/A MAHADEWAKALA                       PEERNAGAR",,"DINESH KUMAR PAL",,,,,,ARWPP6965G,GHAZIPUR,0,,,,,,0,0,,0,,,,0,0000-00-00,0000-00-00,0000-00-00,,,,233001,0,0,,,,,,,,
P1608,"POOJA PLYWOOD",9040000721,JHARSUGDA,"JHARSUGDA",S01519;D02050,Y,0,0,0,N,0,216,D,"",,"P. NO 2361/8738 K. NO - 1067/3660 MALI PODA JHARSUGDA",,"SATYENDRA PROJAPOTI",,,,,,BFRPP4200A,JHARSUGDA,0,,,poojaplywoodjsg123@gmail.com,,,0,0,,0,,,,0,0000-00-00,0000-00-00,0000-00-00,,,,768201,0,0,,,,,,,,
P1609,"PARAS HARDWARE AND PLYWOOD AGENCY",8077500738,BAGPAT,"BAGPAT",S10230,Y,0,0,0,N,0,447,D,"",,"MAIN MARKET RAILWAY ROAD AGGARWAL MANDI TATIRI",,"PARAG JAIN",,,,,,BFVPJ3873D,BAGPAT,0,,,paragjain8077@gmail.com,,,0,0,,0,,,,0,0000-00-00,0000-00-00,0000-00-00,,,,250601,0,0,,no,,no,,,,
P1613,"POOJA PLY",9824133550,SURAT,"SURAT",,Y,500000,30,0,N,0,332,D,"",,"GROUND FLOOR PLOT NO 13-C OPP SHANIDEV TEMPLENR SOSYO CIRCLE",,"RAJESH PATEL",9824133550,,,,,AAGFP5143D,SURAT,0,,,poojaply@yahoo.co.in,,,0,0,,0,,,,0,0000-00-00,0000-00-00,0000-00-00,,,,395007,0,0,,,,,,,,
P1614,"PLY ZONE",9879570445,SURAT,"SURAT",,Y,0,0,0,N,0,332,O,"",,"2ND FLOOR PLOT NO 16GF UDHNA MAGDALL ROAD",,"HEMA THAKKAR",,,,,,AFLPT7935B,SURAT,0,,,plyzone24@gmail.com,,,0,0,,0,,,,0,0000-00-00,0000-00-00,0000-00-00,,,,394210,0,0,,no,,no,,,,
P1615,"POPULAR PAPER TRADERS",7312532527,INDORE,"INDORE",S01630,Y,0,0,0,N,0,446,O,"",,"283 JAWAHAR MARG                        NEAR PIPLI BAZARCHOURAHA",,"0",,,,,,AAGFP7592N,INDORE,0,,,jaiheema@gmail.com,,,0,0,,0,,,,0,0000-00-00,0000-00-00,0000-00-00,,,,452004,0,0,,,,,,,,
P1616,"PATIDAR ASSOCIATES",9822056565,Pune,"PUNE",S01430,Y,2000000,30,0,N,0,,D,"",,"PLOT NO.11TIMBER MARKET",,"TUSHAR PATEL",,,,,,AABFP4633P,PUNE,0,,,patidarpune11@gmail.com,,,0,0,,0,,,,0,0000-00-00,0000-00-00,0000-00-00,,,,411002,0,0,,no,,no,,,,
P1620,"PRAYOSHA PLY LAM",9726003703,MEHSANA,"MEHSANA",,Y,0,0,0,N,0,332,O,"",,"1 TO 4 KRUSHNAM SKY WALK OPP NILKANTH RESTAURANTS",,"GOVINDBHAI",,,,,,AAXFP3904F,MEHSANA,0,,,prayoshaplylam@gmail.com,,,0,0,,0,,,,0,0000-00-00,0000-00-00,0000-00-00,,,,384002,0,0,,,,,,,,
P1622,"PLYCRAFT-AUNIT OF NAMAN TRADING COMPANY",9822471118,NAGPUR,"NAGPUR",S10014,Y,1000000,0,0,N,0,331,O,"",,"PLOT NO.-13 CR SCHEME SECTOR - III WARD-23 MOUZA",,"NAMAN KATHURIA",,,,,,BLOPK0684G,NAGPUR,0,,,namantrading99@gmail.com,,,0,0,,0,,,,0,0000-00-00,0000-00-00,0000-00-00,,,,440008,0,0,,no,,no,,,,
P1643,"PUJA GLASS HOUSE",+91-99346-99012,GOPALGANJ,"GOPALGANJ",S01386,Y,0,0,0,N,0,219,D,"",,"01 AARAR MORE",,"UPENDRA SINGH",,,,,,CREPS8083G,GOPALGANJ,0,,,upendrasingh99346@gmail.com,,,0,0,,0,,,,0,1971-01-01,1971-01-01,1971-01-01,,,,841428,0,0,no,no,no,no,,,,
P1648,"P S PLYWOOD AND HARDWARE",9116392764,JAIPUR,"JAIPUR",S10109,Y,0,0,0,N,0,427,O,"",,"S-1PLOT NO H-52H-53 MANGLAM CITY NIWARU KALWAR ROAD",,"MUKESH KUMAR KHATIK",,,,,,BAQPK3164E,JAIPUR,0,,,mukesh.psp21@gmail.com,,,0,0,,0,,,,0,0000-00-00,0000-00-00,0000-00-00,,,,302012,0,0,,,,no,,,,
P1650,"PAUL HARDWARE",+91-86388-34839,NAGAON,"NAGAON",S01825;S01785,Y,0,0,0,N,0,215,D,"",,"LACHITNAGAON NEAR KALIMANDIR            HAIBARGAON",,"",,,,,,GEHPP8921L,NAGAON,0,,,,,,0,0,,0,,,,0,0000-00-00,0000-00-00,0000-00-00,,,,782002,0,0,,,,,,,,
P1653,"POKAR BHAI & BROTHERS",+91-99933-60007,RAIPUR,"RAIPUR",S10014,Y,0,0,0,N,0,364,D,"",,"NEW TIMBER MARKET                        FAFADIAH",,"DEEPA BIPIN PATEL",,,,,,AHFPP9120Q,RAIPUR,0,,,,,,0,0,,0,,,,0,0000-00-00,0000-00-00,0000-00-00,,,,492001,0,0,,,,,,,,
P1655,"PHANTOM HEALTHCARE IND PVT.LTD.",8588080537,FARIDABAD,"Faridabad",S10008,Y,0,0,0,N,0,441,O,"",,"PLOT NO.51SECTOR-27C AMAR NAGARNEAR NHPC CHOWK",,"PRAVEEN POONIYA",,,,,,AAFCP8618K,FARIDABAD,0,,,brijeshsuneja@gmail.com,,,0,0,,0,,,,0,0000-00-00,0000-00-00,0000-00-00,,,,121003,0,0,,,,,,,,
P1657,"PACHISIA MERCANTILE LTD",9820101618,MUMBAI,"MUMBAI",S01430,Y,5000000,45,0,N,0,331,O,"",,"2ND FLOOR ROOM 6 39 ABDUL REHMAN STREET PYDHONIE",,"NARESH PACHISIA",,,,,,AADCP0741R,MUMBAI,0,,,pachisiamercantile@gmail.com,,,0,0,,0,,,,0,0000-00-00,0000-00-00,0000-00-00,,,,400003,0,0,,,,,,,,
P1661,"PLY STUDIO",-157364,BHOPAL,"BHOPAL",S01883,Y,0,0,0,N,0,446,P,"",,"153 ZOE--2                              M.P. NAGAR",,"VINIT THAVRANI",7999277463,,,,,AJQPT9377G,BHOPAL,0,,,,,,0,0,,0,,,,0,0000-00-00,0000-00-00,0000-00-00,,,,462011,0,0,,,,,,,,
P1664,"PLYWOOD HOUSE.",9831145773,KOLKATA,"KOLKATA",S01519,Y,0,0,0,N,0,221,D,"",,"191/3 N S C BOSE ROAD KOLKATA",,"SUBDH AGARWAL",,,,,,AADFP3813D,KOLKATA,0,,,plywoodhouse82@gmail.com,,,0,0,,0,,,,0,0000-00-00,0000-00-00,0000-00-00,,,,700040,0,0,,,,,,,,
P1667,"PANCHRATNA TRADERS",9623188000,KOLHAPUR,"KOLHAPUR",S01430,Y,2500000,30,0,N,0,331,O,"",,"VAKHAR BHAG INDUSTRIAL ESTATE PLOT NO 36. ICHALKARANJI",,"HITEN UMARANIYA",,,,,,AFBPU2538R,KOLHAPUR,0,,,p.traders88@gmail.com,,,0,0,,0,,,,0,0000-00-00,0000-00-00,0000-00-00,,,,416115,0,0,,,,,,,,
P1668,"PLANK AND WEAVE INDIA PVT LTD",9035558810,,"",D02026;D02026;D02026;D02026;D02026;D02026,O,0,0,0,N,0,553,O,"",,"ANEKALSURVEY NO-51/11/1 KALLUBALU POST OFFICE JIGANI HOBLI",,"SAMIR MAHENDRA SHAH",,,,,,AAMCP6898E,JIGANI IND AREA,BENGALURU,0,,,samir@plankandweave.com,,,0,0,,0,,,,0,0000-00-00,0000-00-00,0000-00-00,,,,560105,0,0,,,,,,,,
P1668,"PLANK AND WEAVE INDIA PVT LTD",9035558810,JIGANI IND AREABENG,"JIGANI IND AREA,BENGALURU",D02026;D02026;D02026;D02026;D02026;D02026,Y,0,0,0,N,0,553,O,"",,"ANEKALSURVEY NO-51/11/1 KALLUBALU POST OFFICE JIGANI HOBLI",,"SAMIR MAHENDRA SHAH",,,,,,AAMCP6898E,JIGANI IND AREA,BENGALURU,0,,,samir@plankandweave.com,,,0,0,,0,,,,0,0000-00-00,0000-00-00,0000-00-00,,,,560105,0,0,,,,,,,,
P1668,"PLANK AND WEAVE INDIA PVT LTD",9035558810,JIGANI IND AREABENG,"JIGANI IND AREA,BENGALURU",D02026;D02026;D02026;D02026;D02026;D02026,Y,0,0,0,N,0,553,O,"",,"ANEKALSURVEY NO-51/11/1 KALLUBALU POST OFFICE JIGANI HOBLI",,"SAMIR MAHENDRA SHAH",,,,,,AAMCP6898E,JIGANI IND AREA,BENGALURU,0,,,samir@plankandweave.com,,,0,0,,0,,,,0,0000-00-00,0000-00-00,0000-00-00,,,,560105,0,0,,,,,,,,
P1670,"PLYWOOD CORPORATION",7870756647,JAMSHEDPUR,"JAMSHEDPUR",D01932,Y,0,0,0,N,0,222,D,"",,"MAIN ROAD GOLUMURI MARKET SMT SARJIT KAUR ADD-0000J",,"NISHIKANT TIWARI",8797875005,,,,,AFOPT0699H,JAMSHEDPUR,0,,,plywoodcorporationjsr@gmail.com,,,0,0,,0,,,,0,0000-00-00,0000-00-00,0000-00-00,,,,831003,0,0,,,,,,,,
P1672,"PRAMUKH PLY & HARDWARE",,GANDHINAGAR,"GANDHINAGAR",D10375,Y,0,0,0,N,0,332,D,"",,"C-23 HARI GOLD NR SHIVALAY RESI.       KUDASAN",,"BHARATBHAI PATEL",8140891222,,,,,AAYFP5163B,GANDHINAGAR,0,,,pramukh.ply2022@gmail.com,,,0,0,,0,,,,0,0000-00-00,0000-00-00,0000-00-00,,,,382421,0,0,,,,,,,,
P1673,"PRABHAT HARDWARE",8884746555,VIJAYPURA,"VIJAYPURA",D02026,Y,0,0,0,N,0,553,O,"",,"CTS NO-1267/1BWARD NO-2 NEAR NARASAPUR HOSPITALUPLI BURZ R",,"NARAYANLAL SAMARTHMAL BHA",,,,,,AITPB9652Q,VIJAYPURA,0,,,anilbhati3377@gmail.com,,,0,0,,0,,,,0,0000-00-00,0000-00-00,0000-00-00,,,,586101,0,0,,,,,,,,
P1679,"PRAKRITI HOMES",9435085065,GUWAHATI,"GUWAHATI",S01825;S01785,Y,0,0,0,N,0,215,O,"",,"HOUSE NO 15MERA MUSICAL MART RAJGARH ROADGUWAHATI KAMRUP METRO",,"CHINMOYNANDA PHUKAN",,,,,,AAYFP1391H,GUWAHATI,0,,,cphukan@yahoo.com,,,0,0,,0,,,,0,0000-00-00,0000-00-00,0000-00-00,,,,781003,0,0,,,,,,,,
P1682,"PARASRAM TRADELINK",9713671235,JABALPUR,"JABALPUR",S01438;D01941,Y,0,0,0,N,0,446,P,"",,"58/1                                     GOPAL BAGH",,"AAYUSH AGRAWAL",,,,,,ACQPA9086J,JABALPUR,0,,,parasramtradelink@gmail.com,,,0,0,,0,,,,0,1971-01-01,1971-01-01,1971-01-01,,,,482002,0,0,no,no,no,no,,,,
P1683,"PLY HOUSE .",8486776155,BONGAIGAON ASSAM,"BONGAIGAON, ASSAM",S01825;S10222,Y,0,0,0,N,0,215,O,"",,"WARD NO 12 SALBARI SALBARI KODOMTOLI BONGAIGAON",,"SK MAHIDUL ISLAM",,,,,,ADFPI1334K,BONGAIGAON, ASSAM,0,,,mahiduli649@gmail.com,,,0,0,,0,,,,0,0000-00-00,0000-00-00,0000-00-00,,,,783380,0,0,,,,,,,,
P1684,"PLY PLANET",7828903834,INDORE,"INDORE",D01931;D02169,Y,0,0,0,N,0,446,D,"",,"31SIDDHARTH COMPOUND KHASRA NO76/9      LASUDIA MORI DEWAS NAKA",,"JINENDRA JAIN",,,,,,AJHPB6420D,INDORE,0,,,plyplanet108@gmail.com,,,0,0,,0,,,,0,1971-01-01,1971-01-01,1971-01-01,,,,453771,0,0,no,no,no,no,,,,
P1711,"PATEL SAW MILLS & COMPANY",9810152834,KIRTI NAGAR,"KIRTI NAGAR",S10223,Y,0,0,0,N,0,441,O,"",,"A-2 WHS KIRTI NAGAR NORTH WEST DELHI",,"BHIMJI BHAI PATEL",,,,,,AAAFP9229N,KIRTI NAGAR,0,,,patelsawmills@yahoo.com,,,0,0,,0,,,,0,0000-00-00,0000-00-00,0000-00-00,,,,110015,0,0,,,,,,,,
P1715,"PRABHA FURNITURE & CO",8210344478,MUNGER,"MUNGER",S01386,Y,0,0,0,N,0,219,D,"",,"C/O ARTI GUPTAW/O SATYADEV PRASAD       BHARATMATACHOWK  KESHOPUR JAMALPUR",,"Mr. MITHILESH KUMAR",,,,,,DEQPK1750C,MUNGER,0,,,kumarrajmith@gmail.com,,,0,0,,0,,,,0,0000-00-00,0000-00-00,0000-00-00,,,,811214,0,0,,,,,,,,
P1720,"PARWATI PLY CENTER",7250447190,ARA,"ARA",S01386,Y,0,0,0,N,0,219,D,"",,"C/O RAJENDRA YADAV                       S/O RAMBIHARI SINGH YADAV                SHIVGANJ JAIL RAOD",,"ANIMESH AMAN",7250447190,,,,,AAZPY3304N,ARA,0,,,amananimesh29@gmail.com,,,0,0,,0,,,,0,0000-00-00,0000-00-00,0000-00-00,,,,802301,0,0,,,,,,,,
P1721,"PATEL GLASS",9932796074,PANAGARH,"PANAGARH",S01519,Y,0,0,0,N,0,457,D,"",,"G T ROAD PANAGARH BAZAR PANAGARH					  BURDWAN",,"MANSUKH PATEL",,,,,,AFYPP8654A,PANAGARH,0,,,mansukhpatel.38@gmail.com,,,0,0,,0,,,,0,0000-00-00,0000-00-00,0000-00-00,,,,713148,0,0,,,,,,,,
P1729,"PLY HOUSE",9661112121,DUMKA,"DUMKA",D01932,Y,0,0,0,N,0,222,D,"",,"BHAGALPUR ROAD DUMKA",,"SANJIV KUMAR 					 JAISWAL",,,,,,ANOPJ8514B,DUMKA,0,,,plyhousedumka@gmail.com,,,0,0,,0,,,,0,0000-00-00,0000-00-00,0000-00-00,,,,814101,0,0,,,,,,,,
P1733,"PARMANAND DECORATIVES",7830988467,MEERUT,"MEERUT",S10230,Y,0,0,0,N,0,448,D,"",,"House No. 300 Naya Bazar Sadar						   Meerut Cantt",,"Gurpreet Kaur",,,,,,CFYPS5345M,Meerut,0,,,nitinsonirathore2may@gmail.com,,,0,0,,0,,,,0,0000-00-00,0000-00-00,0000-00-00,,,,250001,0,0,,,,,,,,
P1737,"PRAKASH UNIVERSAL TRADING",9110160004,RANCHI,"RANCHI",D02061,Y,0,0,0,N,0,222,D,"",,"House No.108 Ward No.-51 					         Near NIFFT Gate Kachnar Toli Hatia",,"PANKAJ KUMAR",,,,,,APEPK4746G,RANCHI,0,,,ptc.ranchi@gmail.com,,,0,0,,0,,,,0,0000-00-00,0000-00-00,0000-00-00,,,,831003,0,0,,,,,,,,
P1744,"PRAGATI INDIA CONSTRUCTION CO",9425173201,SATNA,"SATNA",S01438;D02181,Y,0,0,0,N,0,446,P,"",,"PREM VIHAR COLONY                   PREM NAGAR                          RAGHURAJ NAGAR",,"AJAY KUMAR TRIPATHI",,,,,,AAHFP9444L,SATNA,0,,,pragati.india@rediffmail.com,,,0,0,,0,,,,0,1971-01-01,1971-01-01,1971-01-01,,,,485001,0,0,no,no,no,no,,,,
P1747,"PRASAD IDEAL HEALTHCARE PRIVATE LIMITED",6204450550,MUZAFFARPUR,"MUZAFFARPUR",S01386,Y,0,0,0,N,0,219,O,"",,"PRASAD HOSPITAL BRAHAMPURA M.I.T.     MUZAFFARPUR",,"ABHISHEK KUMAR SINGH",,,,,,AAHCP7189F,MUZAFFARPUR,0,,,prasadhospitalmuzaffarpur@gmail.com,,,0,0,,0,,,,0,0000-00-00,0000-00-00,0000-00-00,,,,842003,0,0,,,,,,,,
P1757,"PLY DECOR",9899719604,DELHI,"DELHI",S10042,Y,0,0,0,N,0,441,D,"",,"SHOP NO. 5 AND 6 BHOLA MARKET						     VILLAGE PITAMPURA 						                 NORTH WEST DELHI",,"PURSHOTTAM DASS GUPTA",,,,,,AHBPG5471F,DELHI,0,,,plydecor7@gmail.com,,,0,0,,0,,,,0,0000-00-00,0000-00-00,0000-00-00,,,,110034,0,0,,,,,,,,
P1758,"PRADEEP KUMAR AND COMPANY",9810132212,GHAZIABAD,"GHAZIABAD",S10230,Y,0,0,0,N,0,448,D,"",,"PLOT NO. B-02 GOLF LINK LAND CRAFT						 NH-24 GHAZIABAD",,"PARAG GUPTA",,,,,,BDVPG1450P,GHAZIABAD,0,,,pradeepkumarcompany2012@gmail.com,,,0,0,,0,,,,0,0000-00-00,0000-00-00,0000-00-00,,,,201001,0,0,,,,,,,,
P1762,"PRAKASH HARDWARE",9162268326,MOTIHARI,"MOTIHARI",S01386,Y,0,0,0,N,0,219,O,"",,"JASAULI PATTI  CHITARIYA						         KOTWA  EAST CHAMPARAN",,"SANTOSH KUMAR",,,,,,DFVPK1503K,MOTIHARI,0,,,santoshyadav161994@gmail.com,,,0,0,,0,,,,0,0000-00-00,0000-00-00,0000-00-00,,,,845437,0,0,,,,,,,,
P1767,"PARAG PLYWOOD",9932321014,PURULIA,"PURULIA",D02082,Y,0,0,0,N,0,457,D,"",,"HOLDING NO 728/D						                   N.C.DAS GUPTA ROAD MAIN ROAD",,"SOURABH SARAWGI",,,,,,BAGPS8116Q,PURULIA,0,,,sonu_sourabh4u@yahoo.co.in,,,0,0,,0,,,,0,1971-01-01,1971-01-01,1971-01-01,,,,723101,0,0,no,no,no,no,,,,
P1777,"PRIMESLOTS HOTELS AND RESORTS PRIVATE LIMITED",9403456789,PANAJI,"PANAJI",S01904,Y,0,0,0,N,0,553,O,"",,"3 4TH FLOOR SIDDHARTH BANDODKAR BHAVAN OPP -MAHALAXMI TEMPLE",,"Mr. PRADEEP DATTARAM PALYEKAR",,,,,,AADCP8786E,PANAJI,0,,,pratik.primeslots@gmail.com,,,0,0,,0,,,,0,1971-01-01,1971-01-01,1971-01-01,,,,403001,0,0,no,no,no,no,,,,
P1778,"PVR ENTERPRISES",8790063114,VIZIANAGARAM,"Vizianagaram",D02153,Y,0,0,0,N,0,525,D,"",,"Survey No 102-4 2-1 Patha Bobbili",,"POLA KARTHIK",,,,,,GDPPK2589J,Vizianagaram,0,,,pvrenterprises114@gmail.com,,,0,0,,0,,,,0,1971-01-01,1971-01-01,1971-01-01,,,,535558,0,0,no,no,no,no,,,,
P1781,"PLYLAM DECOR",7875660088,Amravati,"AMRAVATI",D02136,Y,0,0,0,N,0,331,O,"",,"KAILASH TOWERRAMAN COMPUTERS SHOP					 BNANDA MARKET RAJA PETH",,"SANWAD KISHOR KALE",,,,,,DDBPK7255Q,AMRAVATI,0,,,plylamd@gmail.com,,,0,0,,0,,,,0,1971-01-01,1971-01-01,1971-01-01,,,,444602,0,0,no,no,no,no,,,,
P1783,"PAYAL GLASS HOUSE & HARDWARE",9891185530,GAYA,"GAYA",D02143,Y,0,0,0,N,0,219,O,"",,"HOSPITAL ROAD   BUS STAND  RANIGANJ",,"SANJEEV KUMAR",,,,,,BJQPK4273D,GAYA,0,,,sanjeev2636gupta@gmail.com,,,0,0,,0,,,,0,1971-01-01,1971-01-01,1971-01-01,,,,824210,0,0,no,no,no,no,,,,
P1785,"PATEL JIVA SALES PRIVATE LIMITED",9810203111,NEW DELHI,"NEW DELHI",S10042,Y,0,0,0,N,0,441,D,"",,"GROUND FLOORHOUSE NO.-14BLOCK NO.-1			 WHS KIRTI NAGAR WEST DELHINEW DELHI",,"JAGDISH PATEL",,,,,,AAFCP3433N,NEW DELHI,0,,,psc@patelsales.com,,,0,0,,0,,,,0,1971-01-01,1971-01-01,1971-01-01,,,,110015,0,0,no,no,no,no,,,,
P1792,"PADHARIYA ENTERPRISES",9879013999,VADODARA,"VADODARA",S01801,Y,0,0,0,N,0,332,O,"",,"TOWER - J GF-15 						                 DARSHANAM TRADE CENTER - 2 						        NR SURYA PALACE HOTEL SAYAJIGANJ",,"PARESH PADHARIYA",,,,,,BBRPP0160P,VADODARA,0,,,woodinterior.in@gmail.com,,,0,0,,0,,,,0,1971-01-01,1971-01-01,1971-01-01,,,,390020,0,0,no,no,no,no,,,,
P1801,"PANACHE LIVING",9016901828,RAJKOT,"RAJKOT",,Y,0,0,0,N,0,332,O,"",,"FIRST FLOOR SHOP NO 101 SHOP NO 1 2 PRIDE PLAZA GROUND FLOOR         TAGORE ROAD",,"VIRAJ MEHTA",,,,,,ABFFP1708G,RAJKOT,0,,,panacheliv@gmail.com,,,0,0,,0,,,,0,1971-01-01,1971-01-01,1971-01-01,,,,360002,0,0,no,no,no,no,,,,
P1813,"POPULAR GLASS PAINTS AND PLY SOTRE",9996544704,KAITHAL,"KAITHAL",D10404,Y,0,0,0,N,0,443,D,"",,"RAILWAY ROAD                      KALAYAT",,"SARAD GARG",,,,,,AZHPG5761G,KAITHAL,0,,,saradgarg6666@gmail.com,,,0,0,,0,,,,0,1971-01-01,1971-01-01,1971-01-01,,,,136117,0,0,no,no,no,no,,,,
P1817,"PURVANCHAL DISTRIBUTORS",7311100907,LUCKNOW,"LUCKNOW",D10349,Y,0,0,0,N,0,447,D,"",,"8 PURVANCHAL CITY                CHAK MALHAUR ROAD                  CHINHAT",,"SHOBHIT",7860986590,,,,,AALFP4153A,LUCKNOW,0,,,harshitsingh259@gmail.com,,,0,0,,0,,,,0,1971-01-01,1971-01-01,1971-01-01,,,,226010,0,0,no,no,no,no,,,,
P1822,"PLY AND DECOR",9212332807,DELHI,"DELHI",S10042,Y,0,0,0,N,0,441,D,"",,"GROUND FLOOR C-33-34 MAIN ROAD     JAGATPURI EAST DELHI",,"VIKASH GOEL",,,,,,AAPFP8072Q,DELHI,0,,,plynddecor@gmail.com,,,0,0,,0,,,,0,1971-01-01,1971-01-01,1971-01-01,,,,110051,0,0,no,no,no,no,,,,
P1824,"PRINCE ALLUMINIUM & GLASS WORKS",7903665601,Aurangabad,"AURANGABAD",D02143,Y,0,0,0,N,0,219,O,"",,"FULWAYA PIPRABAGAHI               AURANGABAD",,"SAHENDRA KUMAR MEHTA",,,,,,ATRPM6904H,AURANGABAD,0,,,sahendra.kumar4692@gmail.com,,,0,0,,0,,,,0,1971-01-01,1971-01-01,1971-01-01,,,,824101,0,0,no,no,no,no,,,,
P1829,"PANELCO INDIA PRIVATE LIMITED",9392948884,HYDERABAD,"HYDERABAD",D02175,Y,0,0,0,N,0,554,O,"",,"8-6/2 Sy no 345 BACHUPALLY        BACHUPALLY HYDERABAD             MEDCHALMALKAJGIRI",,"DASARI BABU RAO",,,,,,AANCP9836F,HYDERABAD,0,,,purchase@panelco.in,,,0,0,,0,,,,0,1971-01-01,1971-01-01,1971-01-01,,,,500090,0,0,no,no,no,no,,,,
P185,"POLO SINGH & COMPANY",,,"",,Y,0,,0,N,0,,O,"",,"",,"",,,,,,,,0,,,,,,0,0,,0,,,,0,0000-00-00,0000-00-00,0000-00-00,,,,,0,0,,no,,no,,,,
P189,"PATEL SAW MILL & CO.",09818317417,NEW DELHI,"NEW DELHI",S10042,Y,0,0,0,N,0,441,P,"",,"A-2 WHS KIRTI NAGAR",,"",,,,,,AAAFP9229N,NEW DELHI,0,,,,,,0,0,,0,,,,0,0000-00-00,0000-00-00,0000-00-00,,,,110015,0,0,no,no,,no,,,,
P213,"PATEL SALES CORPORATION",,NEW DELHI,"NEW DELHI",,Y,0,,0,N,0,,O,"",,"1/41-WHS KIRTI NAGAR TIMBER MARKET",,"",,,,,,,NEW DELHI,0,,,,,,0,0,,0,,,,0,0000-00-00,0000-00-00,0000-00-00,,,,,0,0,,no,,no,,,,
P223,"PUSHPAK",8867557301,HUBLI,"HUBLI",S01797,Y,3000000,60,0,N,0,553,D,"",,"B-21EUREKA CENTRE KOPPIKAR ROAD",,"ADITYA MODI",8867557301,,,,,AECPM9416Q,HUBLI,0,,,pushpaaditya@gmail.com,,,0,0,,0,,,,0,0000-00-00,0000-00-00,0000-00-00,,,,580020,0,0,,,,,,,,
P227,"PLYWOOD N HARDWARE BOMBAY",,,"",,Y,0,,0,N,0,,O,"",,"",,"",,,,,,,,0,,,,,,0,0,,0,,,,0,0000-00-00,0000-00-00,0000-00-00,,,,,0,0,,no,,no,,,,
P229,"PRAVEEN MAHESHWARI",,,"",,Y,0,,0,N,0,,O,"",,"NEW DELHI",,"",,,,,,,,0,,,,,,0,0,,0,,,,0,0000-00-00,0000-00-00,0000-00-00,,,,,0,0,,no,,no,,,,
P248,"PLYWOOD-N-HARDWARE.",9820101618,MUMBAI,"MUMBAI",SAA004,Y,5000000,60,0,N,0,331,O,"",,"39 ABDUL REHMAN STREET ROOM NO.5 PYDHONIE",,"NARESH PACHISIA",,,,,,AFRPP4518G,MUMBAI,0,,,nareshp25@gmail.com,,,0,0,,0,,,,0,0000-00-00,0000-00-00,0000-00-00,,,,400003,0,0,,,,no,,,,
P258,"PRASHANSA ADVERTISING (JAIPUR)",,,"",,Y,0,,0,N,0,,O,"",,"",,"",,,,,,,,0,,,,,,0,0,,0,,,,0,0000-00-00,0000-00-00,0000-00-00,,,,,0,0,,no,,no,,,,
P261,"PLYMINES",,DELHI,"DELHI",,Y,0,,0,N,0,,O,"",,"PLOT NO.155POCKET-00 BLOCK A SEC-2AVANTIKAR",,"",,,,,,,DELHI,0,,,,,,0,0,,0,,,,0,0000-00-00,0000-00-00,0000-00-00,,,,,0,0,,no,,no,,,,
P288,"PLY HOUSE(BARIPADA)",,,"",,Y,0,,0,N,0,,O,"",,"K.C.CIRCLE UDALA ROAD BARIPADA",,"",,,,,,,,0,,,,,,0,0,,0,,,,0,0000-00-00,0000-00-00,0000-00-00,,,,,0,0,,no,,no,,,,
P288,"PLY HOUSE(BARIPADA)",,NULL,"NULL",,Y,0,,0,N,0,,O,"",,"K.C.CIRCLE UDALA ROAD BARIPADA",,"",,,,,,,,0,,,,,,0,0,,0,,,,0,0000-00-00,0000-00-00,0000-00-00,,,,,0,0,,no,,no,,,,
P289,"PRAKASH ENTERPRISES",,,"",,Y,0,,0,N,0,,O,"",,"KACHERI ROAD UDIT NAGAR ROURKELA",,"",,,,,,,,0,,,,,,0,0,,0,,,,0,0000-00-00,0000-00-00,0000-00-00,,,,,0,0,,no,,no,,,,
P289,"PRAKASH ENTERPRISES",,NULL,"NULL",,Y,0,,0,N,0,,O,"",,"KACHERI ROAD UDIT NAGAR ROURKELA",,"",,,,,,,,0,,,,,,0,0,,0,,,,0,0000-00-00,0000-00-00,0000-00-00,,,,,0,0,,no,,no,,,,
P529,"PATEL SAW MILL",09886793442,Bangalore,"BANGALORE",,Y,500000,45,0,N,0,553,D,"",,"# 25 3RD PHASEJ.P.NAGARBANNERGATTA ROAD",,"VIJAY PATEL",080-26589899,,,,,AADFP7670A,BANGALORE,0,,,psmtimber@yaoo.co.in,,,0,0,,0,,,,0,0000-00-00,0000-00-00,0000-00-00,,,,560078,0,0,,no,,no,,,,
P563,"PRADEEP KUMAR GOYAL",,,"",,Y,0,,0,N,0,,O,"",,"",,"",,,,,,,,0,,,,,,0,0,,0,,,,0,0000-00-00,0000-00-00,0000-00-00,,,,,0,0,,no,,no,,,,
P566,"PAWAN TIMBER STORE",9068350901,SONIPAT(HARYANA),"SONIPAT(HARYANA)",D10350,Y,7000000,45,0,N,0,443,D,"",,"KATH MANDI SONEPAT (HR)",,"ARUN MITTAL",,,,,,AAEFP7549K,SONIPAT(HARYANA),0,,,rajivmittal1984@gmail.com,,,0,0,,0,,,,0,0000-00-00,0000-00-00,0000-00-00,,,,131001,0,0,,no,,no,,,,
P569,"PANA PLYWOOD",,,"",,Y,0,,0,N,0,,O,"",,"BHUBANESWAR",,"",,,,,,,,0,,,,,,0,0,,0,,,,0,0000-00-00,0000-00-00,0000-00-00,,,,,0,0,,no,,no,,,,
P569,"PANA PLYWOOD",,NULL,"NULL",,Y,0,,0,N,0,,O,"",,"BHUBANESWAR",,"",,,,,,,,0,,,,,,0,0,,0,,,,0,0000-00-00,0000-00-00,0000-00-00,,,,,0,0,,no,,no,,,,
P5693,"PARCON INDIA (P) LTD, GUWAHATI",,GUWAHATI,"GUWAHATI",,Y,0,0,0,N,0,457,O,"",,"G.S.ROAD                                 ULUBARI                                 NR LACHITNAGAR POLICE PT.",,"0",,,,,,AABCP6453A,GUWAHATI,0,,,,,,0,0,,0,,,,0,0000-00-00,0000-00-00,0000-00-00,,,,781007,0,0,,,,,,,,
P572,"PLY SAMRAT",-190611,PATNA,"PATNA",D01926,Y,0,0,0,N,0,219,D,"",,"EXHIBITION ROAD PATNA",,"PAWAN MAHESWARI",,,,,,AHBPM3056C,PATNA,0,,,,,,0,0,,0,,,,0,0000-00-00,0000-00-00,0000-00-00,,,,800001,0,0,,,,,,,,
P6003,"PLY HOUSE",,,"",,Y,0,,0,N,0,,O,"",,"GRAND ROAD PURI PH:06752-227009",,"",,,,,,,,0,,,,,,0,0,,0,,,,0,0000-00-00,0000-00-00,0000-00-00,,,,,0,0,,no,,no,,,,
P6003,"PLY HOUSE",,NULL,"NULL",,Y,0,,0,N,0,,O,"",,"GRAND ROAD PURI PH:06752-227009",,"",,,,,,,,0,,,,,,0,0,,0,,,,0,0000-00-00,0000-00-00,0000-00-00,,,,,0,0,,no,,no,,,,
P6007,"PLYWOOD HOME",9425171404,SAGAR,"SAGAR",,Y,1500000,30,0,N,0,446,O,"",,"10SAVERA COMPLEXNEAR STATE BANK OF INDIAGUJARATI BAZAR",,"DEVENDRA JAIN",07582224744,,,,,,SAGAR,0,,,plywoodhome16@yahoo.com,,,0,0,,0,,,,0,0000-00-00,0000-00-00,0000-00-00,,,,470002,0,0,,no,,no,,,,
P6008,"PLY PALACE.",,JALANDHAR,"JALANDHAR",,Y,0,,0,N,0,,O,"",,"NAKODAR ROAD JALANDHAR CITY. CST NO:-28048113 Dt.-13/5/85",,"",,,,,,,JALANDHAR,0,,,,,,0,0,,0,,,,0,0000-00-00,0000-00-00,0000-00-00,,,,,0,0,,no,,no,,,,
P601,"PHONIX FURNISHERS",9827278898,BHOPAL,"BHOPAL",,Y,3000000,30,0,N,0,446,O,"",,"E - 4/141 ARERA COLONY",,"PRAKASH BINZANI",,,,,,AABFP2006J,BHOPAL,0,,,phonixfurnishers@gmail.com,,,0,0,,0,,,,0,0000-00-00,0000-00-00,0000-00-00,,,,462016,0,0,,no,,no,,,,
P606,"PARAMOUNT STURCTURAL",,,"",,Y,0,,0,N,0,,O,"",,"N-3/296 IRC VILLAGE BHUBANESWAR",,"",,,,,,,,0,,,,,,0,0,,0,,,,0,0000-00-00,0000-00-00,0000-00-00,,,,,0,0,,no,,no,,,,
P606,"PARAMOUNT STURCTURAL",,NULL,"NULL",,Y,0,,0,N,0,,O,"",,"N-3/296 IRC VILLAGE BHUBANESWAR",,"",,,,,,,,0,,,,,,0,0,,0,,,,0,0000-00-00,0000-00-00,0000-00-00,,,,,0,0,,no,,no,,,,
P610,"PATEL & COMPANY",,NEW DELHI,"NEW DELHI",S10042,Y,0,30,0,N,0,441,P,"",,"45/3  BLOCK-1 W.H.S. KIRTI NAGAR",,"",,,,,,AADFP6030G,NEW DELHI,0,,,,,,0,0,,0,,,,0,0000-00-00,0000-00-00,0000-00-00,,,,110015,0,0,no,no,,no,,,,
P611,"PEE CEE MERCANTILES PVT.LTD.",,,"",,Y,0,,0,N,0,,O,"",,"BHAINI MAJRA KAITHAL (HARYANA)",,"",,,,,,,,0,,,,,,0,0,,0,,,,0,0000-00-00,0000-00-00,0000-00-00,,,,,0,0,,no,,no,,,,
P617,"PLY SAMRAT",,CHANDIGARH (PB ),"CHANDIGARH (PB )",,Y,0,,0,N,0,,O,"",,"S C O 2925-26 SECTOR-22C",,"",,,,,,,CHANDIGARH (PB ),0,,,,,,0,0,,0,,,,0,0000-00-00,0000-00-00,0000-00-00,,,,,0,0,,no,,no,,,,
P709,"PLY HOME.",9810061080,NEW DELHI,"NEW DELHI",S10152;S10042,Y,2500000,45,0,N,0,441,D,"",,"1318 D.B.GUPTA ROAD KAROL BAGH NEW DELHI",,"",,,,,,AACFT7785M,NEW DELHI,0,,,plyhome_1318@yahoo.com,,,0,0,,0,,,,0,0000-00-00,0000-00-00,0000-00-00,,,,110005,0,0,,no,,no,,,,
P724,"POONAM PLYWOOD",9822602744,KOLHAPUR,"KOLHAPUR",,Y,3000000,45,0,N,0,331,D,"",,"SHOP NO:14/15 1090/E-WARD SAHAJI LAW COLLEGE COMPLEX RAJARAMPURI",,"PURSHOTTAM PATEL",,,,,,AHEPP9727E,KOLHAPUR,0,,,poonamply@gmail.com,,,0,0,,0,,,,0,0000-00-00,0000-00-00,0000-00-00,,,,416012,0,0,,,,,,,,
P750,"PAHARPUR COOLING TOWER LTD.",9871046512,GHAZIABAD (U.P.),"GHAZIABAD (U.P.)",,Y,10000000,30,0,N,0,,O,"",,"PLOT NO 9 SITE NO-4 SAHIBABAD",,"pctccu@paharpur.com",,,,,,0,GHAZIABAD (U.P.),0,,,0,,,0,0,,0,,,,0,0000-00-00,0000-00-00,0000-00-00,,,,201010,0,0,,,,,,,,
P751,"PRADEEP TRADING CO",,DELHI,"DELHI",,Y,0,,0,N,0,,O,"",,"WZ-538GALI  NO.1 SRI NAGARSHAKUR BASTI",,"",,,,,,AFYPB6257R,DELHI,0,,,,,,0,0,,0,,,,0,0000-00-00,0000-00-00,0000-00-00,,,,,0,0,,no,,no,,,,
P806,"PAHARPUR COOLING TOWER LTD,KOLKATA",9331076616,KOLKATA,"KOLKATA",S01519,Y,0,0,0,N,0,457,O,"",,"8/1/B DIMOND HARBOUR ROAD",,"0",,,,,,AABCP8017C,KOLKATA,0,,,purchase@paharpur.com,,,0,0,,0,,,,0,1971-01-01,1971-01-01,1971-01-01,,,,700027,0,0,no,no,no,no,,,,
P835,"PATEL PLYWOOD AGENCY,",9825017120,ANAND,"ANAND",,Y,1000000,45,0,N,0,332,D,"",,"JUNA RASTANEAR ICE FACTORY",,"CHIRAG PATEL",,,,,,ADUPP4416C,ANAND,0,,,patelply_and@yahoo.co.in,,,0,0,,0,,,,0,0000-00-00,0000-00-00,0000-00-00,,,,388001,0,0,,no,,no,,,,
P840,"PATEL PLYWOOD CENTRE",9825017120,ANAND,"ANAND",,Y,2000000,45,0,N,0,332,D,"",,"JUNA RASTANEAR ICE FACTORY",,"CHIRAG PATEL",,,,,,ADUPP4387N,ANAND,0,,,patelply_and@yahoo.co.in,,,0,0,,0,,,,0,0000-00-00,0000-00-00,0000-00-00,,,,388001,0,0,,no,,no,,,,
P874,"PLYWOOD ASSOCIATES",09845044987,Bangalore,"BANGALORE",S01405,Y,2000000,60,0,N,0,553,D,"",,"134 MBC COMPLEXINFANTRY ROAD",,"SHASHIKANT CHATURBHUJ",08022862487,,,,,AEUPS9290L,BANGALORE,0,,,shashi1609@yahoo.co.in,,,0,0,,0,,,,0,0000-00-00,0000-00-00,0000-00-00,,,,560001,0,0,,no,,no,,,,
P889,"PLY CENTRE.",9934306551,JAMSHEDPUR,"JAMSHEDPUR",,Y,1000000,30,0,N,0,222,D,"",,"522-A STRAIGHT MILE ROAD SAKCHIJAMSHEDPUR",,"MOHIT KUMAR",840993460,,,,,,JAMSHEDPUR,0,,,plycentre@rediffmail.com,,,0,0,,0,,,,0,0000-00-00,0000-00-00,0000-00-00,,,,825302,0,0,,no,,no,,,,
P908,"PLY PALACE.",,JALANDHAR CITY (PB),"JALANDHAR CITY (PB)",,Y,0,,0,N,0,,O,"",,"NAKODAR ROAD",,"",,,,,,,JALANDHAR CITY (PB),0,,,,,,0,0,,0,,,,0,0000-00-00,0000-00-00,0000-00-00,,,,,0,0,,no,,no,,,,
P977,"PLYWOOD AGENCIES",9431301967,JAMSHEDPUR,"JAMSHEDPUR",,Y,0,30,0,N,0,222,D,"",,"NEAR MILKHIRAM MARKETSAKCHI",,"",,,,,,AAHFM9187D,JAMSHEDPUR,0,,,plywoodagencies@gmail.com,,,0,0,,0,,,,0,0000-00-00,0000-00-00,0000-00-00,,,,831001,0,0,,no,,no,,,,
P982,"PRAKASH PLY CENTRE PVT LTD",9830250034,KOLKATA,"KOLKATA",D02002,Y,0,30,0,N,0,457,P,"",,"61 Chittaranjan Avenue Kolkata India",,"SATTYA PRAKASH PANDEY",,,,,,AADCP7132J,Kolkata,0,,,prakashply@hotmail.com,,,0,0,,0,,,,0,0000-00-00,0000-00-00,0000-00-00,,,,700012,0,0,,no,,no,,,,
P988,"PREMIER PLYWOOD",,DELHI,"DELHI",,Y,0,,0,N,0,,O,"",,"C-6 RANA PRATAP BAGH",,"",,,,,,,DELHI,0,,,,,,0,0,,0,,,,0,0000-00-00,0000-00-00,0000-00-00,,,,,0,0,,no,,no,,,,
PARTY_CODE,"PARTY_NAME",PARTY_TEL,CITY,"CITY",,Y,0,CREDIT_DAYS,0,N,0,,PARTY_TYPE,"",,"PARTY_ADDR1 PARTY_ADDR2 PARTY_ADDR3",,"BRANCH1_CONTACT",,,,,,PANNO,CITY,0,,,BRANCH2,,,0,0,,0,,,,0,0000-00-00,0000-00-00,0000-00-00,,,,PINCODE,0,0,,,,,,,,
Q1000,"QVC INTERIORS",,RISHIKESH -(UTTRANCH,"RISHIKESH -(UTTRANCH",,Y,0,,0,N,0,,O,"",,"ADRELA NAND MARG",,"",,,,,,,RISHIKESH -(UTTRANCH,0,,,,,,0,0,,0,,,,0,0000-00-00,0000-00-00,0000-00-00,,,,,0,0,,no,,no,,,,
Q1011,"QUALITY  PLYWOOD",9996442224,FATEHABAD,"FATEHABAD",D10350,Y,0,0,0,N,0,443,D,"",,"BIGHAR ROAD",,"ASHISH GROVER",9996442224,,,,,AUNPG9632R,FATEHABAD,0,,,qualityft@gmail.com,,,0,0,,0,,,,0,0000-00-00,0000-00-00,0000-00-00,,,,125050,0,0,,no,,no,,,,
Q1013,"QUALITY HARDWARE AND GLASS HOUSE",8292239855,BETTIAH WEST CHAMPA,"BETTIAH, WEST CHAMPARAN",S01386,Y,300000,30,0,N,0,219,D,"",,"SARISWA ROAD BASANT BIHAR",,"RAJESH SHARMA",9525046840,,,,,EWKPS7577E,BETTIAH, WEST CHAMPARAN,0,,,rajeshsharmabth0022@gmail.com,,,0,0,,0,,,,0,0000-00-00,0000-00-00,0000-00-00,,,,845438,0,0,,,,no,,,,
Q1017,"QUAINT DESIGN STUDIO",9032888999,HYDERABAD,"HYDERABAD",S01700,Y,0,0,0,N,0,554,O,"",,"3rd 7-66/3/305/3 SAIRAM RESIDENCY				 PRASHANT HILLS						                    SERILINGAMPALLI MANDAL Ranga Reddy",,"MADHUSUDHANA REDDY LANKAPOTHU",,,,,,ALQPL4896C,HYDERABAD,0,,,quaintdesignstudio@gmail.com,,,0,0,,0,,,,0,0000-00-00,0000-00-00,0000-00-00,,,,500008,0,0,,,,,,,,
R024,"RAJA TRADING CO.",,HARYANA,"HARYANA",,Y,0,,0,N,0,,O,"",,"LAXMI MARKET RAILWAY ROAD DIST - JIND NARWANA",,"",,,,,,AAVPG8109R,HARYANA,0,,,,,,0,0,,0,,,,0,0000-00-00,0000-00-00,0000-00-00,,,,,0,0,,no,,no,,,,
R1009,"RAGHU SHARMA",9811255528,,"",,Y,0,,0,N,0,,O,"",,"NEW DELHI",,"",,,,,,,,0,,,,,,0,0,,0,,,,0,0000-00-00,0000-00-00,0000-00-00,,,,,0,0,,no,,no,,,,
R1016,"ROYAL TIMBER STORE",9958072012,NEW DELHI,"NEW DELHI",S10042;S10042,Y,0,0,0,N,0,441,D,"",,"56 ARJUN NAGAR                          KOTLA MUBARAKPUR                         NEW DELHI",,"MANISH AJMANI",,,,,,AADPA8167H,DELHI,0,,,dpa@royaltimber.in,,,0,0,,0,,,,0,1971-01-01,1971-01-01,1971-01-01,,,,110003,0,0,no,no,no,no,,,,
R1016,"ROYAL TIMBER STORE",9958072012,DELHI,"DELHI",S10042;S10042,Y,0,0,0,N,0,441,D,"",,"56 ARJUN NAGAR                          KOTLA MUBARAKPUR                         NEW DELHI",,"MANISH AJMANI",,,,,,AADPA8167H,DELHI,0,,,dpa@royaltimber.in,,,0,0,,0,,,,0,1971-01-01,1971-01-01,1971-01-01,,,,110003,0,0,no,no,no,no,,,,
R1017,"RAJIV KARNANI",,,"",,Y,0,,0,N,0,,O,"",,"BHUBANESWAR",,"",,,,,,,,0,,,,,,0,0,,0,,,,0,0000-00-00,0000-00-00,0000-00-00,,,,,0,0,,no,,no,,,,
R1017,"RAJIV KARNANI",,NULL,"NULL",,Y,0,,0,N,0,,O,"",,"BHUBANESWAR",,"",,,,,,,,0,,,,,,0,0,,0,,,,0,0000-00-00,0000-00-00,0000-00-00,,,,,0,0,,no,,no,,,,
R1043,"R.U.PLYWOOD PVT.LTD.",,SAMPLA,"SAMPLA",S10004,Y,1500000,30,0,N,0,,O,"",,"48 K.M.STONE DELHI-ROHTAK ROAD",,"",,,,,,AACCR3518H,SAMPLA,0,,,arrajan2008@yahoo.com,,,0,0,,0,,,,0,0000-00-00,0000-00-00,0000-00-00,,,,,0,0,,no,,no,,,,
R1044,"RAJ ENTERPRISES",,LUCKNOW (U.P.),"LUCKNOW (U.P.)",,Y,0,,0,N,0,,O,"",,"44/75VIJYANI KHAND GOMTI NAGAR",,"",,,,,,,LUCKNOW (U.P.),0,,,,,,0,0,,0,,,,0,0000-00-00,0000-00-00,0000-00-00,,,,,0,0,,no,,no,,,,
R1049,"RAJESH TEZWANI",,BHOPAL,"BHOPAL",,Y,1500000,30,0,N,0,446,O,"",,"E-5/1AJAY TOWER",,"",,,,,,,BHOPAL,0,,,,,,0,0,,0,,,,0,0000-00-00,0000-00-00,0000-00-00,,,,462016,0,0,,no,,no,,,,
R1051,"RAJKUMAR CONSTRUCTION",,,"",,Y,0,,0,N,0,,O,"",,"PLOT NO 43/167 GAYATRI VIHAR BARMUNDA",,"",,,,,,,,0,,,,,,0,0,,0,,,,0,0000-00-00,0000-00-00,0000-00-00,,,,,0,0,,no,,no,,,,
R1051,"RAJKUMAR CONSTRUCTION",,NULL,"NULL",,Y,0,,0,N,0,,O,"",,"PLOT NO 43/167 GAYATRI VIHAR BARMUNDA",,"",,,,,,,,0,,,,,,0,0,,0,,,,0,0000-00-00,0000-00-00,0000-00-00,,,,,0,0,,no,,no,,,,
R1075,"RAJPAL PLYWOOD AGENCIES",+91-01274-25327,RIWARI,"RIWARI",S10042;D10350,Y,0,0,0,N,0,443,D,"",,"SECTOR 1 123                             SECTOR 1",,"AADARSH",9416195950,,,,,AAUPR0637G,RIWARI,0,,,,,,0,0,,0,,,,0,0000-00-00,0000-00-00,0000-00-00,,,,123401,0,0,,,,,,,,
R1092,"RAJ MAN PLY HOUSE",,DHARAMSHALA (UTTRANC,"DHARAMSHALA (UTTRANC",,Y,0,,0,N,0,,O,"",,"NEAR CLUB MAHINDRA SIDHPUR",,"",,,,,,,DHARAMSHALA (UTTRANC,0,,,,,,0,0,,0,,,,0,0000-00-00,0000-00-00,0000-00-00,,,,,0,0,,no,,no,,,,
R1095,"RANJEET SINGH BHALLA & SONS",,NEW DELHI,"NEW DELHI",,Y,0,,0,N,0,,O,"",,"1/12W.H.S.KIRTI NAGAR TIMBER MARKET",,"",,,,,,,NEW DELHI,0,,,,,,0,0,,0,,,,0,0000-00-00,0000-00-00,0000-00-00,,,,,0,0,,no,,no,,,,
R1097,"RATHI AND COMPANY",,BIKANER (RAJ),"BIKANER (RAJ)",,Y,0,,0,N,0,,O,"",,"DAUJI RAOD",,"",,,,,,,BIKANER (RAJ),0,,,,,,0,0,,0,,,,0,0000-00-00,0000-00-00,0000-00-00,,,,,0,0,,no,,no,,,,
R1099,"RAJESH GLASS HOUSE",,BETIAH,"BETIAH",,Y,300000,30,0,N,0,219,D,"",,"BETIAH",,"",,,,,,,BETIAH,0,,,,,,0,0,,0,,,,0,0000-00-00,0000-00-00,0000-00-00,,,,845438,0,0,,no,,no,,,,
R1102,"RAJAT ENTERPRISES",9460968753,AJMER,"AJMER",,Y,3000000,60,0,N,0,,D,"",,"NEAR KUTTI KI TALLANAND NAGARAJMER",,"JITENDRA",01452629587,,,,,AUPPK7594N,AJMER,0,,,sgplywoods@gmail.com,,,0,0,,0,,,,0,0000-00-00,0000-00-00,0000-00-00,,,,305001,0,0,,no,,no,,,,
R1112,"R. J. INTERIORS",,NOIDA,"NOIDA",,Y,0,,0,N,0,,P,"",,"C-47 SECTOR-6",,"",,,,,,ADKPC8475G,NOIDA,0,,,,,,0,0,,0,,,,0,0000-00-00,0000-00-00,0000-00-00,,,,,0,0,,no,,no,,,,
R1118,"RATUL ROY",,JEYPORE,"JEYPORE",,Y,0,,0,N,0,,O,"",,"JEYPORE  ASSAM",,"",,,,,,,JEYPORE,0,,,,,,0,0,,0,,,,0,0000-00-00,0000-00-00,0000-00-00,,,,,0,0,,no,,no,,,,
R1124,"REEVANJLI CONTRACTS",,NOIDA,"NOIDA",S10056,Y,0,0,0,N,0,,P,"",,"D-11 PHASE-II EXTENTION HOSIERY COMPLEX",,"",,,,,,AAFPN6680C,NOIDA,0,,,reevanjli@yahoo.com,,,0,0,,0,,,,0,0000-00-00,0000-00-00,0000-00-00,,,,,0,0,,no,,no,,,,
R1125,"REEVANJLI CONTRACTS.",9212679215,NEW DELHI,"NEW DELHI",,Y,0,,0,N,0,,P,"",,"E-406 GROUND FLOOR",,"",,,,,,AAFPN6680C,NEW DELHI,0,,,,,,0,0,,0,,,,0,0000-00-00,0000-00-00,0000-00-00,,,,,0,0,,no,,no,,,,
R1134,"RAJEEV TLSYAN",0,KOLKATA,"KOLKATA",S01657;D02002,Y,0,0,0,N,0,457,O,"",,"1 NATHER BAGAN STREET",,"0",,,,,,0,KOLKATA,0,,,0,,,0,0,,0,,,,0,0000-00-00,0000-00-00,0000-00-00,,,,700006,0,0,,no,,no,,,,
R1135,"RAJASTHAN ARTS & CRAFTS HOUSE",,JODHPUR,"JODHPUR",,Y,0,,0,N,0,,O,"",,"NEAR CIRCUIT HOUSE  UMAID BHAWAN ROAD",,"",,,,,,,JODHPUR,0,,,,,,0,0,,0,,,,0,0000-00-00,0000-00-00,0000-00-00,,,,,0,0,,no,,no,,,,
R1141,"ROYAL INFRACONSTRU LTD",0,Deoghar,"DEOGHAR",D02002,Y,0,0,0,N,0,222,D,"",,"DEOGHAR KATURIA SITE NR GREENWICH SCHOOLTIWARI CHK JHARKHAND",,"0",,,,,,0,DEOGHAR,0,,,0,,,0,0,,0,,,,0,0000-00-00,0000-00-00,0000-00-00,,,,0,0,0,,no,,no,,,,
R1159,"RAVINDER INTERIORS",,DELHI,"DELHI",,Y,0,,0,N,0,,O,"",,"THE PARK INN HOTEL CBD-SHAHDRA OPP.CROSS RIVER MALL",,"",,,,,,,DELHI,0,,,,,,0,0,,0,,,,0,0000-00-00,0000-00-00,0000-00-00,,,,,0,0,,no,,no,,,,
R1160,"RAVINDRA INTERIORS",,DELHI,"DELHI",,Y,0,,0,N,0,,P,"",,"THE PARK INN HOTEL CBD-SHAHDRA OPPOSITE CROSS RIVER MALL",,"",,,,,,AFDPJ1120N,DELHI,0,,,,,,0,0,,0,,,,0,0000-00-00,0000-00-00,0000-00-00,,,,,0,0,,no,,no,,,,
R1161,"RATHI SONS ALGLAZE PVT LTD",09425011500,BHOPAL,"BHOPAL",,Y,2000000,30,0,N,0,446,P,"",,"U-20 RADHA KRISHNA COMPLEXBEHIND SARGAM CINEMAZONE-II M.P. NAGAR",,"",,,,,,,BHOPAL,0,,,rathisonsagpl@gmail.com,,,0,0,,0,,,,0,0000-00-00,0000-00-00,0000-00-00,,,,462011,0,0,,no,,no,,,,
R1172,"RAM GLASS HOUSE.",,BAREILLY (U.P.),"BAREILLY (U.P.)",,Y,0,0,0,N,0,,D,"",,"C-290 RAJENDRA NAGAR",,"",,,,,,AHQPG9062K,BAREILLY (U.P.),0,,,,,,0,0,,0,,,,0,0000-00-00,0000-00-00,0000-00-00,,,,,0,0,,no,,no,,,,
R1185,"RAM GLASS & PLYWOOD",9415035708,BAREILLY,"BAREILLY",,Y,500000,30,77229,N,0,,D,"",,"C-290 RAJENDRA NAGAR OPP. SURI COLOR LAB",,"NITIN GUPTA",,,,,,AHQPG9062K,BAREILLY,0,,,nitinguptaspn@gmail.com,,,0,0,,0,,,,0,0000-00-00,0000-00-00,0000-00-00,,,,,0,0,,no,,no,,,,
R1199,"RUBY GLASS HOUSE",9864094479,GUWAHATI,"GUWAHATI",S10222,Y,1000000,45,0,N,0,458,D,"",,"S.M.MARKET MALIGAON CHARALI",,"RATAN MITRA",,,,,,AGFPM3459C,GUWAHATI,0,,,sameer37123@gmail.com,,,0,0,,0,,,,0,0000-00-00,0000-00-00,0000-00-00,,,,781011,0,0,,,,,,,,
R1200,"RASHMI TRAVELS",,BHUBANESWAR,"BHUBANESWAR",,Y,0,,0,N,0,,O,"",,"PLOT NO-1690/3882 JHARPORA NEAR SBO COLONYKESURA",,"",,,,,,,BHUBANESWAR,0,,,,,,0,0,,0,,,,0,0000-00-00,0000-00-00,0000-00-00,,,,,0,0,,no,,no,,,,
R1209,"RAJASTHAN PLYWOOD",9414101896,BANSWADA,"BANSWADA",,Y,0,0,0,N,0,427,D,"",,"M.G. HOSPITAL ROAD                      NR. JAWAHAR POOL",,"0",,,,,,APQPM3458M,BANSWADA,0,,,rahulmer21@gmail.com,,,0,0,,0,,,,0,1971-01-01,1971-01-01,1971-01-01,,,,327001,0,0,no,no,no,no,,,,
R1211,"RAHUL & ASSOCIATES",9945068033,Bangalore,"BANGALORE",S01405,Y,500000,60,0,N,0,553,O,"",,"3/18/10 VINAYAKA LAYOUTDODDANAGAMANGALAELECTRONIC CITY",,"RAHUL T SUTHAR",,,,,,,BANGALORE,0,,,,,,0,0,,0,,,,0,0000-00-00,0000-00-00,0000-00-00,,,,560100,0,0,,no,,no,,,,
R1218,"RAHUL & ASSOCIATES",9945068033,JAIPUR,"JAIPUR",,Y,0,,0,N,0,,O,"",,"112/69 VIJAY PATH AGARWAL FARM  MANSAROVAR",,"RAHUL SUTHAR",,,,,,CNGPS9933P,JAIPUR,0,,,,,,0,0,,0,,,,0,0000-00-00,0000-00-00,0000-00-00,,,,,0,0,,no,,no,,,,
R1219,"RONAK HOMES PVT LTD",9334661719,PATNA,"PATNA",,Y,100000,30,0,N,0,219,D,"",,"CHINTAMANI NIKETANL/26 ROAD NO 2SRI KRISHNA NAGAR",,"AWSANI KR SINHA",,,,,,AAECR1016J,PATNA,0,,,,,,0,0,,0,,,,0,0000-00-00,0000-00-00,0000-00-00,,,,800001,0,0,,no,,no,,,,
R1223,"RAM KRISHNA PLYWOOD",07879290001,GWALIOR,"GWALIOR",,Y,1500000,30,0,N,0,446,D,"",,"RAM SQUAREPATANKAR BAZAR",,"BHARAT KUMAR KATHURIA",7512634534,,,,,ADJPK8702F,GWALIOR,0,,,,,,0,0,,0,,,,0,0000-00-00,0000-00-00,0000-00-00,,,,474001,0,0,,no,,no,,,,
R1225,"RAGHAV TIMBER CO",1141062888,NEW DELHI,"NEW DELHI",,Y,0,0,0,N,0,,O,"",,"1/50 W.H.S. KIRTI NAGAR",,"VIJAY PATEL",,,,,,AKCPP2382C,NEW DELHI,0,,,,,,0,0,,0,,,,0,0000-00-00,0000-00-00,0000-00-00,,,,,0,0,,no,,no,,,,
R1230,"RUKMA DECOR & CONSTRUCTION CO",,NEW DELHI,"NEW DELHI",,Y,0,0,0,N,0,,P,"",,"3/6185 BLOCK -1 DEV NAGAR KAROLBAGH",,"",,,,,,AAIPG0808Q,NEW DELHI,0,,,,,,0,0,,0,,,,0,0000-00-00,0000-00-00,0000-00-00,,,,,0,0,,no,,no,,,,
R1233,"RAMA IRON STORE",9466615196,TOHANA,"TOHANA",,Y,2000000,45,0,N,0,443,D,"",,"509/19 RAILWAY ROAD  DISTRICT:-FATEHABAD",,"PARDEEP PAHWA",9466615196,,,,,ACFPK1776J,TOHANA,0,,,niveshpahwa@gmail.com,,,0,0,,0,,,,0,0000-00-00,0000-00-00,0000-00-00,,,,125120,0,0,,,,,,,,
R1234,"RAMESH CHANDER JAIN",,LUCKNOW,"LUCKNOW",,Y,0,,0,N,0,,O,"",,"C-1482 INDRA NAGAR",,"",,,,,,AFKPJ5613D,LUCKNOW,0,,,,,,0,0,,0,,,,0,0000-00-00,0000-00-00,0000-00-00,,,,,0,0,,no,,no,,,,
R1239,"RAJASTHAN DECORATORS",09899353686,NEW DELHI,"NEW DELHI",S10008,Y,0,0,0,N,0,441,P,"",,"408/2E-1STREET NO.29 ANAND PARBAT",,"",,,,,,ABKPS1501R,NEW DELHI,0,,,plyhome_1318@yahoo.com,,,0,0,,0,,,,0,0000-00-00,0000-00-00,0000-00-00,,,,110005,0,0,no,no,,no,,,,
R1240,"RICKWOOD",9467763063,KURUKSHETRA,"KURUKSHETRA",,Y,0,0,0,N,0,,D,"",,"MAHAVIR COMPLEX NEAR HERITAGE HOTEL PIPLI ROAD",,"JAGJEET SINGHSOMBIR",,,,,,AAUFM0078J,KURUKSHETRA,0,,,,,,0,0,,0,,,,0,0000-00-00,0000-00-00,0000-00-00,,,,,0,0,,no,,no,,,,
R1242,"R V INTERIOR PVT. LTD.",8130595912,NEW DELHI,"NEW DELHI",S10056,Y,2000000,60,0,N,0,,P,"",,"K-74 UDHYOG NAGAR INDUSTRIAL AREA PIRAGARHI",,"ANIL KUMAR",,,,,,AAECR9860J,NEW DELHI,0,,,store@ravishvohrahome.com,,,0,0,,0,,,,0,0000-00-00,0000-00-00,0000-00-00,,,,,0,0,,no,,no,,,,
R1245,"RAHEJA CONTINENTAL",,NEW DELHI,"NEW DELHI",S10015,Y,0,0,0,N,0,441,P,"",,"SHED NO.2  DSIDC SECTOR-III PHASE-II OKHLA",,"",,,,,,AEOPR9752C,NEW DELHI,0,,,,,,0,0,,0,,,,0,0000-00-00,0000-00-00,0000-00-00,,,,110020,0,0,no,no,,no,,,,
R1250,"ROHIT ENTERPRISES",09900143467,Mangalore,"MANGALORE",,Y,1000000,60,0,N,0,553,D,"",,"ASHOK RESIDENCYALAKE",,"KIRIT PATEL",08242493716,,,,,AEDPP3818E,MANGALORE,0,,,rohitenterprises91@gmail.com,,,0,0,,0,,,,0,0000-00-00,0000-00-00,0000-00-00,,,,575003,0,0,,no,,no,,,,
R1262,"RATTAN PLYWOOD HOUSE",9781222250,PATIALA,"PATIALA",,Y,0,0,0,N,0,454,D,"",,"SCO-136CHOTI BARADARI",,"ANAND JAIN",01752302040,,,,,AASFR2803C,PATIALA,0,,,rattanplywood@gmail.com,,,0,0,,0,,,,0,0000-00-00,0000-00-00,0000-00-00,,,,147001,0,0,,no,,no,,,,
R1269,"R K PROMOTERS & DEVELOPERS",9300102008,JABALPUR,"JABALPUR",,Y,2000000,30,0,N,0,446,O,"",,"HOTEL ARIHANT PALACERUSSEL CROSSING",,"RAJESH KUMAR JAIN",,,,,,AAMFR0972J,JABALPUR,0,,,,,,0,0,,0,,,,0,0000-00-00,0000-00-00,0000-00-00,,,,482002,0,0,,no,,no,,,,
R1271,"RAMDEV TIMBER & PLYWOOD",9008243911,Bangalore,"BANGALORE",,Y,1000000,,0,N,0,553,O,"",,"#139/140 SONNATHAMMANAHALLIT.C.PALYA MAIN ROADANANDPURA K.R.PURAM",,"CHETAN PATEL",,,,,,ADPPN5477L,BANGALORE,0,,,,,,0,0,,0,,,,0,0000-00-00,0000-00-00,0000-00-00,,,,,0,0,,no,,no,,,,
R1276,"RAJA TRADELINK",09825438008,AHMEDABAD,"AHMEDABAD",,Y,1500000,30,0,N,0,331,D,"",,"20 LATI BAZAR - 3GITA MANDIRIndia",,"",447925325121,,,,,,AHMEDABAD,0,,,rajathakkar@gmail.com,,,0,0,,0,,,,0,0000-00-00,0000-00-00,0000-00-00,,,,380022,0,0,,no,,no,,,,
R1285,"RAJMONI GOGOI",,JEYPORE,"JEYPORE",,Y,0,0,1298,N,0,,O,"",,"JEYPORE  ASSAM",,"",,,,,,,JEYPORE,0,,,,,,0,0,,0,,,,0,0000-00-00,0000-00-00,0000-00-00,,,,,0,0,,no,,no,,,,
R1286,"RAJEN TANTI",,JEYPORE,"JEYPORE",,Y,0,0,0,N,0,,O,"",,"",,"",,,,,,,JEYPORE,0,,,,,,0,0,,0,,,,0,0000-00-00,0000-00-00,0000-00-00,,,,,0,0,,no,,no,,,,
R1295,"R R AGENCIES",9811070242,NEW DELHI,"NEW DELHI",S10042;S10042,Y,0,0,0,N,0,441,O,"B729",,"49/11ASSAM GALI NO.6 SWARN PARKMUNDKA",,"",,,,,,AALPR8721Q,NEW DELHI,0,,,,,,0,0,,0,,,,0,0000-00-00,0000-00-00,0000-00-00,,,,,0,0,,no,,no,,,,
R1295,"R R AGENCIES",9811070242,MORBI,"MORBI",S10042;S10042,Y,0,0,0,N,0,441,O,"B729",,"49/11ASSAM GALI NO.6 SWARN PARKMUNDKA",,"",,,,,,AALPR8721Q,NEW DELHI,0,,,,,,0,0,,0,,,,0,0000-00-00,0000-00-00,0000-00-00,,,,,0,0,,no,,no,,,,
R1303,"RABI MOHAN RATHI",9425493802,BARELI,"BARELI",,Y,1000000,30,0,N,0,446,P,"",,"BARELI DIST. RAISEN",,"",,,,,,AEWPR4924E,BARELI,0,,,,,,0,0,,0,,,,0,0000-00-00,0000-00-00,0000-00-00,,,,464668,0,0,,no,,no,,,,
R1304,"RAMAKANT RATHI",9425493802,BARELI,"BARELI",,Y,1000000,30,0,N,0,446,P,"",,"BARELI DIST. RAISEN",,"",,,,,,AAXPR4385G,BARELI,0,,,,,,0,0,,0,,,,0,0000-00-00,0000-00-00,0000-00-00,,,,464668,0,0,,no,,no,,,,
R1306,"RAJEEV KAPOOR",9425300315,BHOPAL,"BHOPAL",,Y,1000000,30,0,N,0,446,P,"",,"ARERA AUTO CENTRE  E-5  ARERA COLONY BHOPAL India",,"0",,,,,,ADUPK1034D,BHOPAL,0,,,0,,,0,0,,0,,,,0,0000-00-00,0000-00-00,0000-00-00,,,,462016,0,0,,,,,,,,
R1307,"ROHINI PLYWOOD & LAMINATES HOUSE",09341223917,Bangalore,"BANGALORE",,Y,2500000,30,0,N,0,553,P,"",,"# 310 100 FEET RING ROADJ.P.NAGAR 5TH PHASE",,"",8026590310,,,,,ABWPS3017Q,BANGALORE,0,,,,,,0,0,,0,,,,0,0000-00-00,0000-00-00,0000-00-00,,,,560078,0,0,,no,,no,,,,
R1312,"RIYU ENTERPRISES",8980481707,JAMNAGAR,"JAMNAGAR",,Y,0,30,0,N,0,,O,"",,"SHADE NO. H581 Q-ROAD PHASE III DAVED GIDC JAMNAGAR",,"ASHISH R. ATARA",,,,,,,JAMNAGAR,0,,,,,,0,0,,0,,,,0,0000-00-00,0000-00-00,0000-00-00,,,,,0,0,,no,,no,,,,
R1314,"RAMPRASTHA PROMOTORS &  DEVELOPRS(P)LTD.",8527799897,GURGAON,"GURGAON",S10008,Y,0,45,0,N,0,441,P,"",,"PLOT NO.114SECTOR-44",,"",,,,,,AADCR6481J,GURGAON,0,,,sksharma@ramprastha.com,,,0,0,,0,,,,0,0000-00-00,0000-00-00,0000-00-00,,,,122001,0,0,no,no,,no,,,,
R1322,"REEVANJLI CONTRACTS",1206492064,GANDHI NAGAR,"GANDHI NAGAR",S10056,Y,0,0,0,N,0,,P,"",,"UNIT NO.38BLOCK-EANANT DHARA VIJAPUR HIGHWAYRANASAN JIJAPURMEHSANA",,"",,,,,,,GANDHI NAGAR,0,,,reevanjli@yahoo.com,,,0,0,,0,,,,0,0000-00-00,0000-00-00,0000-00-00,,,,,0,0,,no,,no,,,,
R1323,"RAJ KUMAR",9268574223,MURADABAD,"MURADABAD",S10017,Y,0,0,0,N,0,,O,"",,"RAJENDRA NAGARCIVIL LINES",,"",,,,,,ALBPK9467B,MURADABAD,0,,,,,,0,0,,0,,,,0,0000-00-00,0000-00-00,0000-00-00,,,,,0,0,,no,,no,,,,
R1324,"RAJ KAMAL TIMBER TRADERS",9312226920,NEW DELHI,"NEW DELHI",S10042,Y,0,30,0,N,0,441,O,"",,"KHASRA NO.87/2/1 & 87/1 GALI NO.9VILLAGE MUNDKA India",,"RAMESH KUMAR BAWEJA",,,,,,AAJPK5275A,NEW DELHI,0,,,hiteshbaweja25@gmail.com,,,0,0,,0,,,,0,0000-00-00,0000-00-00,0000-00-00,,,,110041,0,0,no,no,,no,,,,
R1327,"RAJDHANI ENTERPRISES",09916695343,KARNATAKA,"KARNATAKA",,Y,1000000,60,0,N,0,553,O,"",,"SRI MARIKAMBA NILAYA#2 S#16BANNERGHATTA ROADAREKERE VILLAGE",,"",,,,,,AHMTG1383M,KARNATAKA,0,,,ckgadiya@gmail.com,,,0,0,,0,,,,0,0000-00-00,0000-00-00,0000-00-00,,,,560076,0,0,,no,,no,,,,
R1337,"RAJASTHAN DECORATORS.",09899353686,NEW DELHI,"NEW DELHI",S10008,Y,0,0,0,N,0,441,P,"",,"B-93FIRST FLOORWHS KIRTI NAGAR India",,"",,,,,,ACSPS5237K,NEW DELHI,0,,,plyhome_1318@yahoo.com,,,0,0,,0,,,,0,0000-00-00,0000-00-00,0000-00-00,,,,110015,0,0,no,no,,no,,,,
R1338,"RAJIV KUMAR JAIN",9425407835,GUNA,"GUNA",,Y,1000000,30,0,N,0,446,P,"",,"MIL ROAD SUBHAS GANJ WARD NO.18ASHOKNAGARIndia",,"",,,,,,AHRPJ3605Q,GUNA,0,,,laliapperal@gmail.com,,,0,0,,0,,,,0,0000-00-00,0000-00-00,0000-00-00,,,,473331,0,0,,no,,no,,,,
R1351,"RAMESH TRADERS",,LUCKNOW,"LUCKNOW",,Y,0,0,0,N,0,,D,"",,"45-C  SINGAR NAGAR KANPUR ROAD India",,"",,,,,,APHPK0316F,LUCKNOW,0,,,,,,0,0,,0,,,,0,0000-00-00,0000-00-00,0000-00-00,,,,,0,0,,no,,no,,,,
R1355,"RAJAT BATRA",8962444444,GWALIOR,"GWALIOR",,Y,1000000,30,0,N,0,446,P,"",,"PAWAR KOTHIMANDRE KE MATAIndia",,"",,,,,,,GWALIOR,0,,,,,,0,0,,0,,,,0,0000-00-00,0000-00-00,0000-00-00,,,,474001,0,0,,no,,no,,,,
R1356,"RAJIV PLY",9386819499,GAYA,"GAYA",,Y,0,30,0,N,0,219,D,"",,"188 RAMNA CHOWK RAMNA ROADIndia",,"RAJIV JAIN",,,,,,ADQPJ6971J,GAYA,0,,,,,,0,0,,0,,,,0,0000-00-00,0000-00-00,0000-00-00,,,,823001,0,0,,no,,no,,,,
R1357,"RIC PROJECTS PVT.LTD.",9490563610,VISAKHAPATNAM,"VISAKHAPATNAM",,Y,0,0,0,N,0,,P,"",,"10/50/11/6/13WALTAIR MAIN ROAD SIRIPURAM India",,"",,,,,,AABCA1246Q,VISAKHAPATNAM,0,,,ricgroupdelhi@gmail.com,,,0,0,,0,,,,0,0000-00-00,0000-00-00,0000-00-00,,,,,0,0,,no,,no,,,,
R1358,"RAMESHWAR PLY & HARDWARE",09898729467,VADODARA,"VADODARA",,Y,0,30,0,N,0,332,D,"",,"6SHREEKUNJ HEIGHTSMANJALPUR GIDC ROADIndia",,"SACHIN BHAI",,,,,,ALLPG0156D,VADODARA,0,,,rameshwarplyvadodra@yahoo.com,,,0,0,,0,,,,0,0000-00-00,0000-00-00,0000-00-00,,,,390011,0,0,,no,,no,,,,
R1360,"RATHOD PLY",8805100000,DHULE,"DHULE",,Y,2500000,30,0,N,0,331,D,"",,"1684 KHOL GALLI LANE-4",,"YOGESH RATHOD",442562238076,,,,,,DHULE,0,,,rathodply@gmail.com,,,0,0,,0,,,,0,0000-00-00,0000-00-00,0000-00-00,,,,424001,0,0,,no,,no,,,,
R1361,"RAZA TRADERS",9219271655,PILIBHIT,"PILIBHIT",,Y,500000,45,0,N,0,,D,"",,"MOHALLA:-BHOOREY KHAN  India",,"RIFAQAT ALI KHAN",,,,,,AEAPK0943G,PILIBHIT,0,,,rifaqatkhan@gmail.com,,,0,0,,0,,,,0,0000-00-00,0000-00-00,0000-00-00,,,,,0,0,,no,,no,,,,
R1364,"R.K.JOINERY PVT.LTD.",9414047827,JAIPUR,"JAIPUR",,Y,0,0,0,N,0,,P,"",,"69MOZI COLONYMALVIYA NAGARIndia",,"",,,,,,AAACR8270N,JAIPUR,0,,,rtalwar@gmail.com,,,0,0,,0,,,,0,0000-00-00,0000-00-00,0000-00-00,,,,302014,0,0,,no,,no,,,,
R1366,"R.V.INTERIORS PVT.LTD.",8130595914,GURGAON,"GURGAON",S10056,Y,7500000,75,0,N,0,441,O,"",,"PLOT NO.198SECTOR-4 IMT MANESAR",,"RAVISH VOHRA",,,,,,AAECR9860J,GURGAON,0,,,accounts@ravishvohrahome.com,,,0,0,,0,,,,0,0000-00-00,0000-00-00,0000-00-00,,,,122052,0,0,,,,,,,,
R1367,"RAVINDRA INTERIORS PVT. LTD",09845171821,Bangalore,"BANGALORE",,Y,1500000,60,0,N,0,553,P,"",,"# 3 13TH CROSS AKSHAYANAGART.C.PALYA MAIN ROAD RAMAMURTYNAGAR",,"",28474212,,,,,AAFCR8320J,BANGALORE,0,,,,,,0,0,,0,,,,0,0000-00-00,0000-00-00,0000-00-00,,,,560016,0,0,,no,,no,,,,
R1369,"REDDY GLASS, PLYWOODS & HARDWARE",9985560668,KARNOOL,"KARNOOL",,Y,0,45,0,N,0,,O,"",,"# 40-319-5 SHOP NO.1 AND 2 SOMA ARCADE RS ROAD OPP ZP OFFICE India",,"",,,,,,AFAPG3366C,KARNOOL,0,,,happyhomeatkarnool@gmail.com,,,0,0,,0,,,,0,0000-00-00,0000-00-00,0000-00-00,,,,,0,0,,no,,no,,,,
R1380,"RANCHHOD CHAKUBHAI LIMBASIA",9879608383,RAJKOT,"RAJKOT",,Y,0,0,0,N,0,332,P,"",,"1 MAYUR PARK OPP JANPATH HOSPITALBHAKTINAGAR KOTDA SANGNI",,"RANCHHOD LIMBASIA",,,,,,AAMPL3876H,RAJKOT,0,,,,,,0,0,,0,,,,0,0000-00-00,0000-00-00,0000-00-00,,,,360002,0,0,,no,,no,,,,
R1384,"RAJESH KUMAR CHATURVEDI",9425337049,GWALIOR,"GWALIOR",,Y,1500000,30,0,N,0,446,P,"",,"WARD NO 54PWD QUATAR LASHKAR",,"RAJESH CHATURVEDI",,,,,,ADXPC4309E,GWALIOR,0,,,rkchaturvedi64@gmail.com,,,0,0,,0,,,,0,0000-00-00,0000-00-00,0000-00-00,,,,474001,0,0,,no,,no,,,,
R1390,"RAHUL ENTERPRISES",9414101896,BANSWARA,"BANSWARA",,Y,600000,30,0,N,0,,O,"",,"RAHUL COMPLEX M.G.HOSPITAL ROADIndia",,"RAHUL MER",,,,,,AGRPM6778L,BANSWARA,0,,,rahulmer21@gmail.com,,,0,0,,0,,,,0,0000-00-00,0000-00-00,0000-00-00,,,,327001,0,0,,no,,no,,,,
R1403,"R S G TIMBER & PLYWOOD CO.",9871741925,NEW DELHI,"NEW DELHI",S10155,Y,500000,30,0,N,0,441,D,"",,"1496WAZIR NAGAR KOTLA MUBARAKPUR India",,"RAJ BAHADUR SINGHRAJ BAHADUR SINGHRAJ BAHADUR SINGHRAJ BAHADUR SINGHRAJ BAHADUR SINGH",,,,,,AAIFR3248K,NEW DELHI,0,,,rsgtimber@gmail.com,,,0,0,,0,,,,0,0000-00-00,0000-00-00,0000-00-00,,,,110003,0,0,no,no,,no,,,,
R1420,"R.K.KHOSLA & COMPANY",9888498807,PATHANKOT,"PATHANKOT",,Y,0,0,0,N,0,,O,"",,"NEAR MUNICIPAL COLONY COLLEGE ROAD India",,"RAHUL KHOSLA",,,,,,AASFR5644K,PATHANKOT,0,,,ca.rahulkhosla@gmail.com,,,0,0,,0,,,,0,0000-00-00,0000-00-00,0000-00-00,,,,,0,0,,no,,no,,,,
R1425,"RAJDHANI TIMBER TRADING CO.",9810042434,NEW DELHI,"NEW DELHI",S10251;S10015,Y,0,0,0,N,0,441,O,"",,"F-74MAIN ROADJAGATPURI                 2ND-3RD FLOOR                            EAST DELHI",,"SANGEETA KHOSLA",,,,,,AWMPK2035K,DELHI,0,,,simran_rajdhanitimber@yahoo.com,,,0,0,,0,,,,0,1971-01-01,1971-01-01,1971-01-01,,,,110051,0,0,no,no,no,no,,,,
R1425,"RAJDHANI TIMBER TRADING CO.",9810042434,DELHI,"DELHI",S10251;S10015,Y,0,0,0,N,0,441,O,"",,"F-74MAIN ROADJAGATPURI                 2ND-3RD FLOOR                            EAST DELHI",,"SANGEETA KHOSLA",,,,,,AWMPK2035K,DELHI,0,,,simran_rajdhanitimber@yahoo.com,,,0,0,,0,,,,0,1971-01-01,1971-01-01,1971-01-01,,,,110051,0,0,no,no,no,no,,,,
R1425,"RAJDHANI TIMBER TRADING CO.",9810042434,EAST DELHI,"EAST DELHI",S10251;S10015,Y,0,0,0,N,0,441,O,"",,"F-74MAIN ROADJAGATPURI                 2ND-3RD FLOOR                            EAST DELHI",,"SANGEETA KHOSLA",,,,,,AWMPK2035K,DELHI,0,,,simran_rajdhanitimber@yahoo.com,,,0,0,,0,,,,0,1971-01-01,1971-01-01,1971-01-01,,,,110051,0,0,no,no,no,no,,,,
R1463,"RUNGTA AGENCIES PVT LTD",9864063622,Athgaon Guwahati,"Athgaon, Guwahati",S10222,Y,1000000,30,0,N,0,458,D,"",,"c/o Assam Glass & Plywood centre Sati Jaymati Road India",,"ARUN RUNGTA",,,,,,AAACR9536R,Athgaon, Guwahati,0,,,anup.rungta11@gmail.com,,,0,0,,0,,,,0,0000-00-00,0000-00-00,0000-00-00,,,,781001,0,0,,,,,,,,
R1468,"RYKA CONSTRUCTIONS",9386745376,RANCHI,"RANCHI",,Y,800000,30,0,N,0,222,O,"",,"NIRVANA APPARTMENTTAGORE HILLMORABADIIndia",,"RUPA CHAKRAVARTY",,,,,,ADPPC7180B,RANCHI,0,,,rupac4507@gmail.com,,,0,0,,0,,,,0,0000-00-00,0000-00-00,0000-00-00,,,,834009,0,0,,no,,no,,,,
R1476,"RED APPLE PLYWOOD",,RAJKOT,"RAJKOT",D02029,Y,0,0,0,N,0,332,D,"",,"GF SHOP NO 21 RAJRATNA COMPLEX        TAGORE ROAD",,"PRABHUBHAI BAR",,,,,,AAWFR1736N,RAJKOT,0,,,,,,0,0,,0,,,,0,0000-00-00,0000-00-00,0000-00-00,,,,360002,0,0,,,,,,,,
R1476,"RED APPLE PLYWOOD",,TAGORE ROAD,"India",D02029,D,0,0,0,N,0,332,D,"",,"GF SHOP NO 21 RAJRATNA COMPLEX        TAGORE ROAD",,"PRABHUBHAI BAR",,,,,,AAWFR1736N,RAJKOT,0,,,,,,0,0,,0,,,,0,0000-00-00,0000-00-00,0000-00-00,,,,360002,0,0,,,,,,,,
R1485,"R.S.ENTERPRISES",9868959238,NEW DELHI,"NEW DELHI",,Y,1000000,30,0,N,0,,O,"",,"F-227PHASE-6AYA NAGAR EXTN. AYA NAGAR",,"NIKHIL YADAV",,,,,,CTGPK9466F,NEW DELHI,0,,,rsinfo116@gmail.com,,,0,0,,0,,,,0,0000-00-00,0000-00-00,0000-00-00,,,,,0,0,,no,,no,,,,
R1487,"RAJARAM HARDWARE",9964040442,Mandya,"Mandya",,Y,2000000,60,0,N,0,553,D,"",,"PLD Complex 100 Feet RoadIndia",,"RAJARAM RAJARAM",08232230074,,,,,AGDPR3270Q,Mandya,0,,,rajaramhemaram@gmail.com,,,0,0,,0,,,,0,0000-00-00,0000-00-00,0000-00-00,,,,571401,0,0,,no,,no,,,,
R1488,"RELIANCE HARDWARE & PLYWOODS",9901444194,Vijayapura,"VIJAYAPURA",S01852,Y,1500000,60,0,N,0,553,D,"",,"# B-117 S.S.High School ComplexS.S.RoadIndia",,"DINESH KUMAR PUROHIT",,,,,,CETPP5145N,Vijayapura,0,,,dmpurohit24@gmail.com,,,0,0,,0,,,,0,0000-00-00,0000-00-00,0000-00-00,,,,586101,0,0,,no,,no,,,,
R1489,"RANYA FURNITURE",9926336337,KHURI,"KHURI",,Y,1500000,30,0,N,0,,S,"",,"GALLA MANDI ROAD KHURI",,"SHUBHA JAIN",,,,,,BDPPJ5357Q,KHURI,0,,,,,,0,0,,0,,,,0,0000-00-00,0000-00-00,0000-00-00,,,,,0,0,,no,,no,,,,
R1508,"RAJEEV KUMAR MADAN",9415104444,FAIZABAD,"FAIZABAD",,Y,0,30,0,N,0,,O,"",,"4/6/18AKHAWASPURA GUDDI BAZAR",,"RAJEEV MADAN",,,,,,AMAPM4872C,FAIZABAD,0,,,srirajeevmadan@gmail.com,,,0,0,,0,,,,0,0000-00-00,0000-00-00,0000-00-00,,,,,0,0,,no,,no,,,,
R1509,"RAJ KUMAR DUGGAL",9810154433,NEW DELHI,"NEW DELHI",,Y,0,0,0,N,0,,O,"",,"452 BHERA ENCLAVE  PASCHIM VIHAR",,"RAJ KUMAR DUGGAL",,,,,,AAKPD4072D,NEW DELHI,0,,,,,,0,0,,0,,,,0,0000-00-00,0000-00-00,0000-00-00,,,,,0,0,,no,,no,,,,
R1519,"RAVI TIMBER TRADERS",9411023164,BARAUT (BAGHPAT),"BARAUT (BAGHPAT)",S10142,Y,0,0,0,N,0,448,D,"",,"SAHARAPUR ROAD  India",,"RAVI KANT SHARMA",,,,,,BUOPS2246F,BARAUT (BAGHPAT),0,,,rahulrts1991@gmail.com,,,0,0,,0,,,,0,0000-00-00,0000-00-00,0000-00-00,,,,250611,0,0,,,,,,,,
R1530,"RISHI INTERIORS",9448176931,Mangalore,"MANGALORE",,Y,2000000,60,962509,N,0,,D,"",,"NEAR NANADA ENGINEERING WORKS JAPPU KUDPADI KAKANADY POST",,"SATHISH NARAYAN KUMAR",,,,,,AAOFR8407N,MANGALORE,0,,,shilpi889@gmail.com,,,0,0,,0,,,,0,0000-00-00,0000-00-00,0000-00-00,,,,,0,0,,no,,no,,,,
R1534,"RULIA RAM AMAR NATH",9417317946,MANSA,"MANSA",,Y,1000000,30,0,N,0,454,D,"",,"GANDHI BAZARBUDHLADA",,"RAJEEV KUMAR",01652253035,,,,,ADJPK4945J,MANSA,0,,,rajivbansal1213@gmail.com,,,0,0,,0,,,,0,0000-00-00,0000-00-00,0000-00-00,,,,151502,0,0,,no,,no,,,,
R1543,"RUKMINI CRAFTS & CREATIONS",8287440469,EAST DELHI,"EAST DELHI",S10155,Y,0,0,0,N,0,441,P,"",,"9/2410SECOND FLOOR KAILASH NAGAR GANDHI NAGAR India",,"UTKARSH JAIN",,,,,,AFNPJ8376G,EAST DELHI,0,,,rukminicc15@gmail.com,,,0,0,,0,,,,0,0000-00-00,0000-00-00,0000-00-00,,,,,0,0,,no,,no,,,,
R1548,"RADHA SHYAM TRADERS",9756601578,CHANDAUSI (SAMBHAL),"CHANDAUSI (SAMBHAL)",D10396,Y,0,0,0,N,0,448,O,"",,"11NAMAK MANDI  India",,"SHIVA GOYAL",,,,,,ANXPG1209P,CHANDAUSI (SAMBHAL),0,,,shiva.agarwal99@gmail.com,,,0,0,,0,,,,0,0000-00-00,0000-00-00,0000-00-00,,,,244412,0,0,,,,,,,,
R1549,"RAJEEV GOEL",5912478541,MURADABAD,"MURADABAD",,Y,0,0,0,N,0,,O,"",,"PARAMPARA-II COLONYNEAR IDI ?CITY KANTH ROAD",,"RAJESH GOEL",,,,,,ADPPG4766M,MURADABAD,0,,,vasu@parthoverseas.com,,,0,0,,0,,,,0,0000-00-00,0000-00-00,0000-00-00,,,,,0,0,,no,,no,,,,
R1552,"RAMA PLYWOOD AGENCY",,GURGAON,"GURGAON",S10015;S10223,Y,0,0,0,N,0,443,D,"",,"514/7 BASEMENT JAWAHAR NAGAR             NEAR TMB BANK NEW RAILWAY ROAD",,"TARSEM BANSAL",9911448899,,,,,AAGPL8029A,GURGAON,0,,,ramaplywood@gmail.com,,,0,0,,0,,,,0,0000-00-00,0000-00-00,0000-00-00,,,,122001,0,0,,,,,,,,
R1554,"RANGOLI GLASS TRADERS",+91-96876-00018,SURENDRANAGAR,"SURENDRANAGAR",S01769;D10375,Y,0,0,0,N,0,332,D,"",,"17 BAHUCHAR NIVAS                      STREET NO 17 JORAVARNAGAR",,"VIJAY CHANDRALA",9714717153,,,,,APWPP8483R,SURENDRANAGAR,0,,,,,,0,0,,0,,,,0,0000-00-00,0000-00-00,0000-00-00,,,,363020,0,0,,,,,,,,
R1568,"RAM LUBHAYA RAKESH CHANDER",9814519108,NAKODAR,"NAKODAR",,Y,0,0,0,N,0,454,D,"",,"RAM LUBHAYA RAKESH CHANDERSHANKAR ROAD",,"RAKESH",,,,,,AAAFR9514L,NAKODAR,0,,,rlrcnkd@rediffmail.com,,,0,0,,0,,,,0,0000-00-00,0000-00-00,0000-00-00,,,,144040,0,0,,no,,no,,,,
R1570,"ROSHAN HARDWARE AND PAINTS",9415003604,LUCKNOW,"LUCKNOW",S10221,Y,300000,30,0,N,0,447,D,"",,"SONIA NAGAR NEAR PARA POLICE CHOWKI RAJAJIPURAM",,"HANSRAJ KHATNANI",,,,,,ABZPK3234A,LUCKNOW,0,,,hansrajkhatnani@gmail.com,,,0,0,,0,,,,0,0000-00-00,0000-00-00,0000-00-00,,,,226017,0,0,,,,,,,,
R1579,"RAJU PLY AND HARDWARE CENTER",9304040159,EAST SINGHBHUM,"EAST SINGHBHUM",,Y,0,0,0,N,0,222,D,"",,"H.NO.-89A OSWAL COLONY GAUSHALANALA ROAD JUGSALI",,"PINTOO",7004351931,,,,,AFMPP5809H,EAST SINGHBHUM,0,,,pawanjsr229@gmail.com,,,0,0,,0,,,,0,0000-00-00,0000-00-00,0000-00-00,,,,831006,0,0,,no,,no,,,,
R1582,"REALPLY INDUSTRIES PVT.LTD.",9205695688,SONIPAT,"SONIPAT",S10014,Y,0,0,0,N,0,443,O,"",,"VILLAGE:-HALALPUR JATOLA ROAD",,"SATYANARAYAN AGARWAL",,,,,,AAACU1538L,SONIPAT,0,,,asheem@realply.in,,,0,0,,0,,,,0,0000-00-00,0000-00-00,0000-00-00,,,,131103,0,0,,,,no,,,,
R1583,"RIDHIMA ENTERPRISES",9425405711,DAMOH,"DAMOH",D02103,Y,0,0,0,N,0,446,O,"",,"119 PURANA BAZA NO.1 NEAR               SETH DHARCHAND",,"ANUJ SARAF",,,,,,AOCPS5170D,DAMOH,0,,,anujnehasaraf@gmail.com,,,0,0,,0,,,,0,1971-01-01,1971-01-01,1971-01-01,,,,470661,0,0,no,no,no,no,,,,
R1584,"RADHE KRISHNA TRADELINK",9824060538,AHMEDABAD,"AHMEDABAD",,Y,1000000,45,0,N,0,332,O,"",,"SOLA TIMBER MARKET NR SOLA BRIDGES G HIGHWAY SOLA",,"",,,,,,AFBPP0245A,AHMEDABAD,0,,,jagdishpatel1806@gmail.com,,,0,0,,0,,,,0,0000-00-00,0000-00-00,0000-00-00,,,,380060,0,0,,no,,no,,,,
R1589,"RELIABLE DESIGNER",9560957104,NEW DELHI,"NEW DELHI",S10155,Y,0,0,0,N,0,451,P,"",,"D-124KH.NO.418/305F/F NEW ASHOK NAGARNEAR MASJID",,"RAJESH KUMAR SINGH",,,,,,BFQPS7970P,NEW DELHI,0,,,rajeshsingh1231@gmail.com,,,0,0,,0,,,,0,0000-00-00,0000-00-00,0000-00-00,,,,110096,0,0,,,,no,,,,
R1591,"RK TIMBER & PLYWOODS",9790934400,Chennai,"CHENNAI",S01700;S01908;S01700;S01700;S01700,Y,0,0,0,N,0,551,D,"",,"NO.113 MARIAMMAN STREET THIRUMURUGAN NAGAR 2ND STREET ALAPAKKAM MAIN ROADPORUR",,"SHERIFF",9940538744,,,,,AAYFR6783P,CHENNAI,0,,,rktimply@gmail.com,,,0,0,,0,,,,0,0000-00-00,0000-00-00,0000-00-00,,,,600116,0,0,,,,no,,,,
R1591,"RK TIMBER & PLYWOODS",9790934400,KOLATHURCHENNAITAM,"KOLATHUR,CHENNAI,TAMIL NADU",S01700;S01908;S01700;S01700;S01700,Y,0,0,0,N,0,551,D,"",,"NO.113 MARIAMMAN STREET THIRUMURUGAN NAGAR 2ND STREET ALAPAKKAM MAIN ROADPORUR",,"SHERIFF",9940538744,,,,,AAYFR6783P,CHENNAI,0,,,rktimply@gmail.com,,,0,0,,0,,,,0,0000-00-00,0000-00-00,0000-00-00,,,,600116,0,0,,,,no,,,,
R1592,"RSC INFRATECH DEVELOPERS LLP",9829598367,BHOPAL,"BHOPAL",S10109,Y,0,0,0,N,0,427,O,"",,"M.P. NAGAR 239ZONE II BHOPAL MADHYA PRADESH 462011",,"RANJEET SINGH CHOUDHARY",,,,,,AAVFR4445B,BHOPAL,0,,,rsgroup1966@gmail.com,,,0,0,,0,,,,0,0000-00-00,0000-00-00,0000-00-00,,,,462011,0,0,,no,,no,,,,
R1594,"RAJ SHRI HARD WEAR",9450493967,Bangalore,"BANGALORE",S10223;S10221,Y,0,0,0,N,0,447,D,"",,"0 NAI SARAK SHAHZADPUR AKBARPUR",,"ANJAY MODANWAL",9450493967,,,,,BGIPK0709H,LUCKNOW,0,,,anjaymodenwal@gmail.com,,,0,0,,0,,,,0,0000-00-00,0000-00-00,0000-00-00,,,,224122,0,0,,,,,,,,
R1594,"RAJ SHRI HARD WEAR",9450493967,LUCKNOW,"LUCKNOW",S10223;S10221,Y,0,0,0,N,0,447,D,"",,"0 NAI SARAK SHAHZADPUR AKBARPUR",,"ANJAY MODANWAL",9450493967,,,,,BGIPK0709H,LUCKNOW,0,,,anjaymodenwal@gmail.com,,,0,0,,0,,,,0,0000-00-00,0000-00-00,0000-00-00,,,,224122,0,0,,,,,,,,
R1597,"RISHABH ENTERPRISES",8002244933,DHANBAD,"DHANBAD",,Y,0,0,0,N,0,222,D,"",,"BHULI BASTI ROAD BHULI",,"SANJEEV KUMAR",9308647733,,,,,DUYPK0931D,DHANBAD,0,,,rishabhenterprisesbhuli@gmail.com,,,0,0,,0,,,,0,0000-00-00,0000-00-00,0000-00-00,,,,828104,0,0,,no,,no,,,,
R1598,"RAJKUMAR",7248151516,BIJNOR,"BIJNOR",,Y,50000,0,0,N,0,447,O,"",,"VILL MIRZAPUR BELA POST DARWARA TEH CHANDPUR DIST BIJNOR",,"RAJKUMAR",,,,,,CJAPR7677F,BIJNOR,0,,,0,,,0,0,,0,,,,0,0000-00-00,0000-00-00,0000-00-00,,,,246725,0,0,,no,,no,,,,
R1603,"RUCHIKA PLY HOUSE",9955986086,DUMKA,"DUMKA",,Y,0,0,0,N,0,222,D,"",,"TATA SHOWROOM CHOWK BHAGALPUR ROAD",,"RAJESH KUMAR",,,,,,ANEPK2366E,DUMKA,0,,,rajesh9955986086@gmail.com,,,0,0,,0,,,,0,0000-00-00,0000-00-00,0000-00-00,,,,814101,0,0,,no,,no,,,,
R1607,"RASTOGI GLASSES PVT. LTD.",9984168000,FAIZABAD,"FAIZABAD",S10221,Y,0,0,0,N,0,447,D,"",,"5/12/17A JAMUNIA BAGH CHOWK AYODHYA",,"GOPAL RASTOGI",998416800,,,,,AAECR4888E,FAIZABAD,0,,,rgplfzd@gmail.com,,,0,0,,0,,,,0,0000-00-00,0000-00-00,0000-00-00,,,,224001,0,0,,no,,no,,,,
R1608,"ROYAL FURNISHING",9627747573,ALIGARH,"ALIGARH",S10230,Y,0,0,0,N,0,448,D,"",,"KRISHNA APARTMENT MARRIS ROAD LAKHNAU COMPOUND",,"PRAMOD CHOUDHARY",9627747573,,,,,ERUPK7240D,ALIGARH,0,,,royalfurnishingaligarh@gmail.com,,,0,0,,0,,,,0,0000-00-00,0000-00-00,0000-00-00,,,,202001,0,0,,,,no,,,,
R1609,"RAGHAV TIMBER & PLYWOOD",+91-80106-35265,GREATER NOIDA WEST,"GREATER NOIDA WEST",S10152;S10015,Y,0,0,0,N,0,447,D,"",,"SHOP NO 7 & 8 YADAV COMPLEX              OPP. GAUR CITY GAUTAM BUDDHA NAGAR",,"VINEET MAHESHWARI",,,,,,AAIPM8442N,GREATER NOIDA WEST,0,,,,,,0,0,,0,,,,0,0000-00-00,0000-00-00,0000-00-00,,,,201308,0,0,,,,,,,,
R1615,"RASHID AHAMAD",9838387666,FAIZABAD,"FAIZABAD",S10221,Y,0,0,0,N,0,447,O,"",,"RAIS AHAMAD7/1/621 WAZEERGANJFAIZABAD",,"RASHID AHAMAD",,,,,,BRJPA9465Q,FAIZABAD,0,,,NA,,,0,0,,0,,,,0,0000-00-00,0000-00-00,0000-00-00,,,,224001,0,0,,no,,no,,,,
R1618,"RSC INFRATECH DEVELOPERS LLP.",9829598367,AJMER,"AJMER",S10109,Y,0,0,0,N,0,427,O,"",,"H.NO. S-90VIJAY SARITA.ST STEPHENS SCHOOL ROADMAKARWALI ROAD",,"RAKESH GOYAL",,,,,,AAVFR4445B,AJMER,0,,,rsgroup1966@gmail.com,,,0,0,,0,,,,0,0000-00-00,0000-00-00,0000-00-00,,,,305001,0,0,,no,,no,,,,
R1623,"RAJRATAN INTERIOR SOLUTIONS",,COIMBATORE,"COIMBATORE",S01700;D02113,Y,0,0,0,N,0,551,O,"",,"17/51 NA MILL ROAD COIMBATORE",,"VIKRAM BHANDARI",,,,,,ADSPB7957N,COIMBATORE,0,,,rrinteriorsolutions2015@gmail.com,,,0,0,,0,,,,0,1971-01-01,1971-01-01,1971-01-01,,,,641001,0,0,no,no,no,no,,,,
R1633,"RAKHAL PLY",9434059065,NALHATI,"NALHATI",S01519,Y,0,0,0,N,0,221,O,"",,"NALHATI BUS STAND BIRBHUM",,"MANJU SARDA",,,,,,DKAPS8785K,NALHATI,0,,,bijoysarda30@gmail.com,,,0,0,,0,,,,0,0000-00-00,0000-00-00,0000-00-00,,,,731220,0,0,,no,,no,,,,
R1638,"RAJ TIMBER MERCHENT",7250706903,SARAN,"SARAN",D02100;S01386,Y,0,0,0,N,0,219,O,"",,"SHYAMCHAK BHAWAN BAZAR SARAN",,"ASHWINI KUMAR GUPTA",,,,,,AITPG1718J,SARAN,0,,,princeraj0796@gmail.com,,,0,0,,0,,,,0,1971-01-01,1971-01-01,1971-01-01,,,,841301,0,0,no,no,no,no,,,,
R1638,"RAJ TIMBER MERCHENT",7250706903,BIHAR,"BIHAR",D02100;S01386,Y,0,0,0,N,0,219,O,"",,"SHYAMCHAK BHAWAN BAZAR SARAN",,"ASHWINI KUMAR GUPTA",,,,,,AITPG1718J,SARAN,0,,,princeraj0796@gmail.com,,,0,0,,0,,,,0,1971-01-01,1971-01-01,1971-01-01,,,,841301,0,0,no,no,no,no,,,,
R1639,"RAMKRISHNA PLY HOUSE",9474920696,BURDWAN,"BURDWAN",S01519,Y,0,0,0,N,0,457,D,"",,"BARANILPUR BAZAR                         BURDWAN",,"KOUSHIK DUTTA",,,,,,AJEPD5658A,BURDWAN,0,,,,,,0,0,,0,,,,0,0000-00-00,0000-00-00,0000-00-00,,,,713103,0,0,,,,,,,,
R1640,"R.K PLYWOOD",9826422555,GWALIOR,"GWALIOR",S01865,Y,0,0,0,N,0,446,D,"",,"NEAR KAILASH TALKIES LASKAR GWALIOR (M.P.)",,"NAMAN KATHURIA",8085238333,,,,,ALGPK5280P,GWALIOR,0,,,RKPLYWOOD99@GMAIL.COM,,,0,0,,0,,,,0,0000-00-00,0000-00-00,0000-00-00,,,,474001,0,0,,no,,no,,,,
R1643,"RAJESH VITHALBHAI CHAUHAN",9825867238,RAJKOT,"RAJKOT",,Y,200000,30,0,N,0,317,O,"",,"B-104 SHASHTRI NAGAR 150 FEET ROAD NANA MOVA",,"RAJESH VITHALBHAI CHAUHAN",,,,,,ABAPC8257G,RAJKOT,0,,,rajvchauhan@yahoo.com,,,0,0,,0,,,,0,0000-00-00,0000-00-00,0000-00-00,,,,360005,0,0,,no,,no,,,,
R1645,"RONAK ENTERPRISES",1452630417,AJMER,"AJMER",S10109,Y,2000000,30,0,N,0,427,D,"",,"26/33SUBHASH COLONYTOPDARAAJMER RAJASTHAN",,"PRAMOD ARORA",9829073943,,,,,AGCPA4805D,AJMER,0,,,arorabrothers54@gmail.com,,,0,0,,0,,,,0,0000-00-00,0000-00-00,0000-00-00,,,,305001,0,0,,,,,,,,
R1647,"RAMESH KUMAR MAHESHWARI",8305005051,BHOPAL,"BHOPAL",S01883,Y,2000000,30,0,N,0,446,P,"",,"E-3/100101 ARERA COLONY",,"SUSEN MAHESHWARI",,,,,,AARPM6827E,BHOPAL,0,,,jama151@gmail.com,,,0,0,,0,,,,0,0000-00-00,0000-00-00,0000-00-00,,,,462016,0,0,,no,,no,,,,
R1648,"RAJESHBHAI BABULAL MANEK",9824043110,RAJKOT,"RAJKOT",,Y,100000,30,0,N,0,317,O,"",,"FLAT NO.603 6TH FLOOR JAYWARDHANI HEIGHTS SADHUVASVANI ROAD",,"RAJESHBHAI BABULAL MANEK",,,,,,ACKPM8920H,RAJKOT,0,,,0,,,0,0,,0,,,,0,0000-00-00,0000-00-00,0000-00-00,,,,360005,0,0,,no,,no,,,,
R1651,"RAJESH GLASS & PLYWOOD",9932564241,DURGAPUR,"DURGAPUR",S01519,Y,1000000,30,0,N,0,221,D,"",,"ZONAL CENTREB-1SAGARBHANGA DURGAPUR",,"RAJESH KUMAR RAJORIA",,,,,,AMIPR4619L,DURGAPUR,0,,,RAJESHMFIS@GMAIL.COM,,,0,0,,0,,,,0,0000-00-00,0000-00-00,0000-00-00,,,,713211,0,0,,,,no,,,,
R1653,"RAMESHWAR ENTERPRISE",9925128107,RAJKOT,"RAJKOT",,Y,100000,30,0,N,0,317,O,"",,"PLOT NO 1006 GAYATRI FOUNDRY AJI VASAHAT-6 RAJKOT",,"BHAVIKABEN HEMANSHU RAVAL",,,,,,CLLPR2019E,RAJKOT,0,,,0,,,0,0,,0,,,,0,0000-00-00,0000-00-00,0000-00-00,,,,360002,0,0,,,,no,,,,
R1655,"RAJESH KUMAR",7015593600,ROHTAK,"ROHTAK",D10350,Y,0,0,0,N,0,443,O,"",,"WARD NO.6140-C-39-U-15 CHANAKYAPURI COLONY",,"RAJESH KUMAR",,,,,,AILPK3959M,ROHTAK,0,,,0,,,0,0,,0,,,,0,0000-00-00,0000-00-00,0000-00-00,,,,124001,0,0,,,,no,,,,
R1659,"RATHI SALES CORPORATION",7225050801,PIPARIYA,"PIPARIYA",S01883,Y,0,0,0,N,0,446,P,"",,"SANDIYA ROAD",,"",,,,,,AQKPR9096D,PIPARIYA,0,,,,,,0,0,,0,,,,0,0000-00-00,0000-00-00,0000-00-00,,,,461775,0,0,,,,,,,,
R1667,"RR HOME DEPOT",8985621152,MUTHYALAPALEM NELLO,"MUTHYALAPALEM, NELLORE",S01700;S01700;S01700;S01700;S01700;S01700;S01700;S01700;S01700;S01700,Y,1600000,45,0,N,0,525,D,"",,"16-10-3/7 PUTCHAKAYALA SUBBAREDDY NAGAR BANK COLONY",,"ABLISH",8985621152,,,,,AAYPE9267F,MUTHYALAPALEM, NELLORE,0,,,RRhomedepots@gmail.com,,,0,0,,0,,,,0,0000-00-00,0000-00-00,0000-00-00,,,,524003,0,0,,,,,,,,
R1668,"RADHE SHYAM ENTERPRISES",7988748930,CHARKHI DADARI-BHIWA,"CHARKHI DADARI-BHIWANI",D10350,Y,0,0,0,N,0,443,D,"",,"JIWAN SINGH JAIN MARG OLD DELHI ROAD",,"RAJESH",,,,,,AMTPG9730C,CHARKHI DADARI-BHIWANI,0,,,rajeshgarg1031985@gmail.com,,,0,0,,0,,,,0,0000-00-00,0000-00-00,0000-00-00,,,,127306,0,0,,,,no,,,,
R1674,"ROHINI PLYWOOD AND DECO PANNEL",9845945712,Bangalore,"BANGALORE",D02026;D02032,Y,0,0,0,N,0,553,D,"",,"# 670/177/3BBILEKAHALLI VILLAGE        BEGUR HOBLI",,"SULTANIYA AJAY KUMAR",,,,,,ABWPS3015N,BENGALURU,0,,,rpdpsales@gmail.com,,,0,0,,0,,,,0,1971-01-01,1971-01-01,1971-01-01,,,,560076,0,0,no,no,no,no,,,,
R1674,"ROHINI PLYWOOD AND DECO PANNEL",9845945712,BENGALURU,"BENGALURU",D02026;D02032,Y,0,0,0,N,0,553,D,"",,"# 670/177/3BBILEKAHALLI VILLAGE        BEGUR HOBLI",,"SULTANIYA AJAY KUMAR",,,,,,ABWPS3015N,BENGALURU,0,,,rpdpsales@gmail.com,,,0,0,,0,,,,0,1971-01-01,1971-01-01,1971-01-01,,,,560076,0,0,no,no,no,no,,,,
R1677,"RAJDHANI TIMBERS",9810042434,DELHI,"DELHI",S10251;S10015,Y,0,0,0,N,0,441,O,"",,"F-97JAGATPURI                           EAST DELHI",,"MANU KHOSLA",,,,,,AKAPK4422E,DELHI,0,,,rajdhanitimber51@gmail.com,,,0,0,,0,,,,0,1971-01-01,1971-01-01,1971-01-01,,,,110051,0,0,no,no,no,no,,,,
R1677,"RAJDHANI TIMBERS",9810042434,EAST DELHI,"EAST DELHI",S10251;S10015,Y,0,0,0,N,0,441,O,"",,"F-97JAGATPURI                           EAST DELHI",,"MANU KHOSLA",,,,,,AKAPK4422E,DELHI,0,,,rajdhanitimber51@gmail.com,,,0,0,,0,,,,0,1971-01-01,1971-01-01,1971-01-01,,,,110051,0,0,no,no,no,no,,,,
R168,"RAKESH SINGH",,NEW DELHI,"NEW DELHI",,Y,0,,0,N,0,,O,"",,"",,"",,,,,,,NEW DELHI,0,,,,,,0,0,,0,,,,0,0000-00-00,0000-00-00,0000-00-00,,,,,0,0,,no,,no,,,,
R1680,"RADHA KRISHNA TRADING",6206344510,RANCHI,"RANCHI",D01932,Y,0,0,0,N,0,222,D,"",,"ANITA XALXO PLOT NO.35 KHATA N141 KATHAL MORE ARGORA ROAD",,"DEVENDRA PRASAD",,,,,,ABEFR1104K,PUNDAG, RANCHI,0,,,radhakrishnatrading2@gmail.com,,,0,0,,0,,,,0,0000-00-00,0000-00-00,0000-00-00,,,,835303,0,0,,,,,,,,
R1680,"RADHA KRISHNA TRADING",6206344510,PUNDAG RANCHI,"PUNDAG, RANCHI",D01932,Y,0,0,0,N,0,222,D,"",,"ANITA XALXO PLOT NO.35 KHATA N141 KATHAL MORE ARGORA ROAD",,"DEVENDRA PRASAD",,,,,,ABEFR1104K,PUNDAG, RANCHI,0,,,radhakrishnatrading2@gmail.com,,,0,0,,0,,,,0,0000-00-00,0000-00-00,0000-00-00,,,,835303,0,0,,,,,,,,
R1681,"R V WOODMART",9759330755,AGRA,"Agra",S10221,Y,0,0,0,N,0,447,D,"",,"21/35F/1A FREEGANJ ROAD AGRA",,"REENA JINDAL",,,,,,ADUPJ7730M,AGRA,0,,,RVWOODMART2018@GMAIL.COM,,,0,0,,0,,,,0,0000-00-00,0000-00-00,0000-00-00,,,,282004,0,0,,,,,,,,
R1683,"RAM DEO PRASAD AND SONS",9437049964,CUTTACK,"CUTTACK",S01519;D02050,Y,0,0,0,N,0,216,O,"",,"COLLEGE SQUARE FLAT NO- 404 HOLDING NO-458/B/8 BHARTIA MANSION",,"RAM DEO PRASAD",,,,,,AAMFR9193H,CUTTACK,0,,,rdpsons77@gmail.com,,,0,0,,0,,,,0,0000-00-00,0000-00-00,0000-00-00,,,,753003,0,0,,,,,,,,
R1690,"RAJPAL TRADERS",9424656161,SATNA,"SATNA",S01438;D02181,Y,0,0,0,N,0,446,D,"",,"JAGATDEV TALAB                           KHERMAI ROAD",,"NIKHIL RAJPAL",,,,,,DXAPR4965M,SATNA,0,,,nikh17rajpal@gmail.com,,,0,0,,0,,,,0,1971-01-01,1971-01-01,1971-01-01,,,,485001,0,0,no,no,no,no,,,,
R1694,"ROHIT KUMAR",9534100339,JAMSHEDPUR,"JAMSHEDPUR",D01932,Y,0,0,0,N,0,222,O,"",,"H.NO.-45POST OFFICE ROAD NO-1           ADARSH COLONY MANGO",,"ROHIT KUMAR",,,,,,EDRPK6636N,JAMSHEDPUR,0,,,meenadevi59861@gmail.com,,,0,0,,0,,,,0,0000-00-00,0000-00-00,0000-00-00,,,,831012,0,0,,,,,,,,
R1695,"RIA PLY HOUSE",9835643199,PATNA,"PATNA",S01386,Y,0,0,0,N,0,219,O,"",,"OPP SENT PAULS SCHOOL SANDALPUR SANICHRA",,"RASHID KHAN",,,,,,BOOPK3406H,PATNA,0,,,atifrashid222@gmail.com,,,0,0,,0,,,,0,0000-00-00,0000-00-00,0000-00-00,,,,800006,0,0,,,,,,,,
R1698,"RUDRA TRADE LINKS",9871120089,BHUBANESWAR,"BHUBANESWAR",D02050,Y,0,0,0,N,0,216,D,"",,"PLOT NO-886/2230 UNIT-32 GOVINDA PRASADKHORDHA",,"ANIKET WIDGE",,,,,,AAUPW7343Q,BHUBANESWAR,0,,,rudratl2016@gmail.com,,,0,0,,0,,,,0,0000-00-00,0000-00-00,0000-00-00,,,,751006,0,0,,,,,,,,
R1703,"RECLINERS INDIA PVT LTD",9034815955,,"",S10008,O,0,0,0,N,0,441,O,"",,"IP-38 RAIPUR BHAGWANPUR SAHAKARI AUDOYGIC ROORKEE",,"MR. VIKAS",,,,,,AABCR6505R,HARIDWAR,0,,,sonu.pankej@reclinersindia.com,,,0,0,,0,,,,0,0000-00-00,0000-00-00,0000-00-00,,,,247661,0,0,,,,,,,,
R1703,"RECLINERS INDIA PVT LTD",9034815955,HARIDWAR,"HARIDWAR",S10008,Y,0,0,0,N,0,441,O,"",,"IP-38 RAIPUR BHAGWANPUR SAHAKARI AUDOYGIC ROORKEE",,"MR. VIKAS",,,,,,AABCR6505R,HARIDWAR,0,,,sonu.pankej@reclinersindia.com,,,0,0,,0,,,,0,0000-00-00,0000-00-00,0000-00-00,,,,247661,0,0,,,,,,,,
R1709C,"RADHE ENGINEERING CO.",9898607770,RAJKOT,"RAJKOT",,Y,0,0,0,N,0,332,O,"",,"D-111RAJDOOT INDUSTRIAL ESTATE         4 UMAKANT UDHYOG NAGARNR MOVDI PLOT",,"VIMALKUMAR CHHGANLAL KALAVADIA",,,,,,AHGPK9910L,RAJKOT,0,,,,,,0,0,,0,,,,0,1971-01-01,1971-01-01,1971-01-01,,,,360004,0,0,no,no,no,no,,,,
R1711,"RAJDHANI FURNITURES PRIVATE LIMITED",9810110971,DELHI,"DELHI",S10042;S10015,Y,0,0,0,N,0,441,O,"",,"FIRST FLOOR B-2 KAILASH PARK          KIRTI NAGAR",,"ARUN ANAND",,,,,,AAFCR8970G,DELHI,0,,,rajdhanifurniturespvtltd@gmail.com,,,0,0,,0,,,,0,1971-01-01,1971-01-01,1971-01-01,,,,110015,0,0,no,no,no,no,,,,
R1711,"RAJDHANI FURNITURES PRIVATE LIMITED",9810110971,KIRTI NAGAR,"KIRTI NAGAR,",S10042;S10015,Y,0,0,0,N,0,441,O,"",,"FIRST FLOOR B-2 KAILASH PARK          KIRTI NAGAR",,"ARUN ANAND",,,,,,AAFCR8970G,DELHI,0,,,rajdhanifurniturespvtltd@gmail.com,,,0,0,,0,,,,0,1971-01-01,1971-01-01,1971-01-01,,,,110015,0,0,no,no,no,no,,,,
R1713,"R.K.ENTERPRISES",9437579427,BHUBANESWAR,"BHUBANESWAR",D02050,Y,0,0,0,N,0,216,D,"",,"PHASE-IIPLOT NO.32INDRAPRASTHA POKHARIPUT",,"CHANDAN PRASAD PRADHAN",,,,,,FPBPP7868J,BHUBANESWAR,0,,,rkpradhan9000@gmail.com,,,0,0,,0,,,,0,0000-00-00,0000-00-00,0000-00-00,,,,751020,0,0,,,,,,,,
R1717,"R.K. SALES",9304077341,SASARAM,"SASARAM",S01386,Y,0,0,0,N,0,219,O,"",,"K. NO.-40 P.NO.-346                    DHANPURWA                                G.T. ROAD",,"0",,,,,,AFMPC7069N,SASARAM,0,,,hindustanglass160@gmail.com,,,0,0,,0,,,,0,0000-00-00,0000-00-00,0000-00-00,,,,821115,0,0,,,,,,,,
R1718,"ROYAL TRADERS",,BIJNOR,"BIJNOR",S10230,Y,0,0,0,N,0,448,D,"",,"MAIN CHOCK CHAHSHIRIN",,"JAHIR",9917330044,,,,,ABOPA5521D,BIJNOR,0,,,zaid53540@gmail.com,,,0,0,,0,,,,0,0000-00-00,0000-00-00,0000-00-00,,,,246701,0,0,,,,,,,,
R1722,"ROYAL WOOD",9963229288,BENGALURU,"BENGALURU",D02026,Y,0,0,0,N,0,553,O,"",,"#42/5OLD SURVEY NO-42/3 HUSKUR VILLAGEBIDARAHALLI",,"PYARAJAN SHAIK",,,,,,ABBFR7705F,BENGALURU,0,,,spjanretail1981@gmail.com,,,0,0,,0,,,,0,0000-00-00,0000-00-00,0000-00-00,,,,560049,0,0,,,,,,,,
R1724,"ROYAL PLYWOOD.",9872636090,SAS NAGAR,"SAS NAGAR",D10350,Y,0,0,0,N,0,443,D,"",,"SHOWROOM NO. 2-3 BAIDWAN COMPLEX SEC 69",,"KULDEEP SINGH KAMBOJ",,,,,,AGFPK8618K,SAS NAGAR,0,,,royalplywood08@rocketmail.com,,,0,0,,0,,,,0,0000-00-00,0000-00-00,0000-00-00,,,,160069,0,0,,,,,,,,
R1728,"RAJ PLYWOOD",9810621450,GURGAON,"GURGAON",S10223,Y,0,0,0,N,0,441,D,"",,"BARA BAZAR BASAI ROAD",,"VIVEK SINGHAL",,,,,,ATTPS6069H,GURGAON,0,,,viveksinghal1982@gmail.com,,,0,0,,0,,,,0,0000-00-00,0000-00-00,0000-00-00,,,,122001,0,0,,,,,,,,
R1729,"RAJ INTERIOR COLLECTION",9568500086,ALIGARH,"ALIGARH",S10230,Y,0,0,0,N,0,447,O,"",,"NEW ETAH CHUNGI G.T. ROAD",,"KULDEEP RAJ",,,,,,CINPR7330F,ALIGARH,0,,,rajgroup.harish@gmail.com,,,0,0,,0,,,,0,0000-00-00,0000-00-00,0000-00-00,,,,202001,0,0,,,,,,,,
R1768,"RAKESH PLYWOOD AGENCY",9780122333,PATHANKOT,"PATHANKOT",S10074;S10262,Y,0,0,0,N,0,454,D,"",,"RAILWAY ROAD                             PATHANKOT",,"",,,,,,AAVFR7245M,PATHANKOT,0,,,mahajang36@yahoo.com,,,0,0,,0,,,,0,1971-01-01,1971-01-01,1971-01-01,,,,145001,0,0,no,no,no,no,,,,
R1774,"RAJVEER ENTERPRISE",9726060505,MEHSANA,"MEHSANA",,Y,0,0,0,N,0,332,O,"",,"1RAILWAY FATAK ROAD                     AMBALIYASAN",,"PANKAJ BHADANI",,,,,,AARFR3775Q,MEHSANA,0,,,0,,,0,0,,0,,,,0,1971-01-01,1971-01-01,1971-01-01,,,,382732,0,0,no,no,no,no,,,,
R1779,"REFERENCE INTERIOR HUB",9925445968,SURAT,"SURAT",,Y,0,0,0,N,0,332,O,"",,"G-5 WESTERN PLAZAOPP KIRAN EXPORT BRTS ROAD SIMADA NAKA",,"ROHIT PATEL",,,,,,AAWFR5991H,SURAT,0,,,rohitkachhadiya1999@gmail.com,,,0,0,,0,,,,0,0000-00-00,0000-00-00,0000-00-00,,,,395006,0,0,,,,,,,,
R1783,"REAL ART VISION",8005107719,BAREILLY,"BAREILLY",S10230,Y,0,0,0,N,0,448,O,"",,"190 NEAR HEARTMAN COLLEGE SAI DHARAMKANT ASHRAF KHAN CHHAWANI",,"VINOD KUMAR SINGH",,,,,,CAFPS2505D,BAREILLY,0,,,realartvision2018@gmail.com,,,0,0,,0,,,,0,0000-00-00,0000-00-00,0000-00-00,,,,243001,0,0,,,,,,,,
R1786,"RUDRA TRADERS",9973494540,GOPALGANJ,"GOPALGANJ",S01386,Y,0,0,0,N,0,219,O,"",,"OPP PAWAN TAKIES  KHATA 207 103 KHESRA NH 28  KUCHAIKOTE  SASAMUSA",,"DHARMENDRA 				 PRASAD",,,,,,AWOPP6839J,GOPALGANJ,0,,,0,,,0,0,,0,,,,0,0000-00-00,0000-00-00,0000-00-00,,,,841505,0,0,,,,,,,,
R1787,"RIDVI ENTERPRISES",9250083284,NEW DELHI,"NEW DELHI",S10042,Y,0,0,0,N,0,441,O,"",,"GROUND FLOORHOUSE NO.-279K.H.NO.30/19	 BLOCK-BRAJEEV GANDHI MARG",,"AMIT GOUR",,,,,,AWDPG4276F,NEW DELHI,0,,,amitgour1061@gmail.com,,,0,0,,0,,,,0,0000-00-00,0000-00-00,0000-00-00,,,,110042,0,0,,,,,,,,
R1791,"RAM PRASAD & SONS",9831288706,Howrah,"HOWRAH",S01519,Y,0,0,0,N,0,457,D,"",,"66/5 KHETRA MITRA LANE                  SALKIA HOWRAH",,"RAJESH KUMAR JAISWAL",,,,,,ACOPJ1927B,HOWRAH,0,,,ramprasadsons@gmail.com,,,0,0,,0,,,,0,0000-00-00,0000-00-00,0000-00-00,,,,711106,0,0,,,,,,,,
R1795,"RESHAMTARA BANQUET EVM GARDEN",9425109226,GWALIOR,"GWALIOR",D02072,Y,0,0,0,N,0,446,P,"",,"A UNIT OF GULAB CHAND RESHAM CHAND (HUF) 9720 DONGARPUR NEW CITY CENTRE          WARD NO.60",,"ANIL JAIN",,,,,,AABHA0803J,GWALIOR,0,,,anilgrj61@gmail.com,,,0,0,,0,,,,0,0000-00-00,0000-00-00,0000-00-00,,,,474011,0,0,,,,,,,,
R1796,"ROHATGI HOME BAZAR",9117120482,RANCHI,"RANCHI",D01932,Y,0,0,0,N,0,222,D,"",,"KATHAL MORE ITKI ROAD 					            NEAR DAV SCHOOL",,"SHIVAKSH ROHATGI",,,,,,ABGFR9897K,RANCHI,0,,,rohatgihomebazar@gmail.com,,,0,0,,0,,,,0,0000-00-00,0000-00-00,0000-00-00,,,,834005,0,0,,,,,,,,
R1797,"RIDDHI SIDDHI SALES",8087996177,NAGPUR,"NAGPUR",,Y,0,0,0,N,0,331,D,"",,"HOUSE NO 1307 DALMIA CHAMBERS						     KORADI ROAD MANKAPUR",,"ANKIT PANKAJ DALMIA",,,,,,BUIPD2830E,NAGPUR,0,,,riddhisiddhisales@gmail.com,,,0,0,,0,,,,0,0000-00-00,0000-00-00,0000-00-00,,,,440030,0,0,,,,,,,,
R1801,"R.K.TIMBER",7888934992,LUDHIANA,"LUDHIANA",S10209,Y,0,0,0,N,0,454,D,"",,"810/20/B/3                              NEW DEEP NAGAR CIVIL LINES             NEAR CHANDER NAGAR CHOTI PULI",,"VARUN",7888934992,,,,,AAZFR9491D,LUDHIANA,0,,,varunaggwl@gmail.com,,,0,0,,0,,,,0,0000-00-00,0000-00-00,0000-00-00,,,,141001,0,0,,,,,,,,
R1805,"RAHUL PLY STORE.",8210660620,Aurangabad,"AURANGABAD",S01386,Y,0,0,0,N,0,,D,"",,"M G ROAD                                 AURANGABAD",,"SANTOSH KUMAR SINGH",,,,,,PLWPS1775J,AURANGABAD,0,,,santkumarsingh1262@gmail.com,,,0,0,,0,,,,0,1971-01-01,1971-01-01,1971-01-01,,,,824101,0,0,no,no,no,no,,,,
R1807,"RONAK ENTERPRISE",9409610882,RAJKOT,"RAJKOT",,Y,0,0,0,N,0,317,O,"",,"PLOT NO 14 SURVEY NO 72/1               PAIKI 3/PAIKI 1SHAPAR VERAVAL          TALUKO KOTDASANGANI",,"MASTARAM BIKAVLAL GUPTA",,,,,,BUUPM9455L,RAJKOT,0,,,,,,0,0,,0,,,,0,1971-01-01,1971-01-01,1971-01-01,,,,360024,0,0,no,no,no,no,,,,
R1811,"R K PLYWOOD",7059690000,NARSINGPUR,"NARSINGPUR",S01883,Y,0,0,0,N,0,446,O,"",,"IN FRONT OF ANAND BHAWAN					            AAM GAON NAKA GADARWARA",,"SAGAR JAIN",,,,,,AXLPJ1092M,NARSINGPUR,0,,,rkplywood04@gmail.com,,,0,0,,0,,,,0,0000-00-00,0000-00-00,0000-00-00,,,,487551,0,0,,,,,,,,
R1822,"RUNKINI TRADERS",7909024501,GHATSILA,"GHATSILA",D02095,Y,0,0,0,N,0,222,D,"",,"H NO 135 NUVAGRAM						                GHATSILA						                           EAST SINGHBHUM",,"TAPAS",9608552698,,,,,ABEPJ0265D,GHATSILA,0,,,udayjain512@gmail.com,,,0,0,,0,,,,0,0000-00-00,0000-00-00,0000-00-00,,,,832303,0,0,,,,,,,,
R1824,"RAGA PROJECTS LLP",9945227409,KOLKATA,"KOLKATA",D02066,Y,0,0,0,N,0,457,O,"",,"9TH FLOOR 16A BRABOURNE ROAD",,"RAJEEV JOSHI",,,,,,AAYFR8934L,KOLKATA,0,,,rjoshi@gayatrigroup.com,,,0,0,,0,,,,0,0000-00-00,0000-00-00,0000-00-00,,,,700001,0,0,,,,,,,,
R1850,"RATH AGENCY",7978686224,BERHAMPUR,"BERHAMPUR",D02140,Y,0,0,0,N,0,216,D,"",,"PLOT NO. 1895/6192BRAJANAGAR            NEAR DHOBA NALALOCHAPADABERHAMPUR      GANJAM",,"CHANDRIKA PRUSTY",8527090441,,,,,AXWPR3914R,BERHAMPUR,0,,,rathabam1973@yahoo.com,,,0,0,,0,,,,0,1971-01-01,1971-01-01,1971-01-01,,,,760001,0,0,no,no,no,no,,,,
R1854,"RAJ KUMAR GARG CONTRACTOR",9784039793,BHARATPUR,"BHARATPUR",D10366,Y,0,0,0,N,0,427,O,"",,"1 1 PAI BHAG",,"RAJ KUMAR GARG",,,,,,AABFR4319N,BHARATPUR,0,,,rajkumargarg505@gmail.com,,,0,0,,0,,,,0,1971-01-01,1971-01-01,1971-01-01,,,,321001,0,0,no,no,no,no,,,,
R1858C,"RATANLAL CHOWDHURY",9831017838,KOLKATA,"KOLKATA",,Y,0,0,0,N,0,457,O,"",,"34/1B LOWER RANGE                  BALLYGUNGE S.O",,"RATANLAL CHOWDHURY",,,,,,AMHPC1932C,KOLKATA,0,,,khandelai03@gmail.com,,,0,0,,0,,,,0,1971-01-01,1971-01-01,1971-01-01,,,,700019,0,0,no,no,no,no,,,,
R1859,"RAINBOW TRADERS",9994315531,COIMBATORE,"COIMBATORE",S01908,Y,0,0,0,N,0,551,O,"",,"FLAT NO-4/121-B7						                  VADAVALLI ROAD						                    SOMAIYAMPALAYAMKALAPPANAICKANPALAYAM",,"THIYAGARAJAN",9994315531,,,,,AIVPT8199G,COIMBATORE,0,,,rainbowtradercbe@gmail.com,,,0,0,,0,,,,0,1971-01-01,1971-01-01,1971-01-01,,,,641108,0,0,no,no,no,no,,,,
R1862,"RYAN PLY PRIVATE LIMITED",9874462846,KOLKATA,"KOLKATA",D02134,Y,0,0,0,N,0,457,D,"",,"2 BENIA PARA LANE",,"VISHAL GUPTA",,,,,,AAICR2816G,KOLKATA,0,,,guptaplywood123@gmail.com,,,0,0,,0,,,,0,1971-01-01,1971-01-01,1971-01-01,,,,700014,0,0,no,no,no,no,,,,
R1868,"R M INTERIOR",9864094479,GUWAHATI,"GUWAHATI",S10222,Y,0,0,0,N,0,215,D,"",,"OPPOSITE POLICE POINTASSAM TRUNK ROAD		 KAMRUP METRO						                       ADABARI",,"",,,,,,DJXPM6010H,GUWAHATI,0,,,mitraratan22@gmail.com,,,0,0,,0,,,,0,1971-01-01,1971-01-01,1971-01-01,,,,781012,0,0,no,no,no,no,,,,
R1869,"RADHE KRISHNA PLY & VENEER",9824060538,AHMEDABAD,"AHMEDABAD",D02039,Y,0,0,0,N,0,332,O,"",,"380/1/2 SOLA TIMBER MARKET						       B/H RAMDEV MASALA NR SOLA BRIDGE						  B/H ISHWAR PETROL PUMP SOLA",,"JAGDISHBHAI",,,,,,AAYFR8008H,AHMEDABAD,0,,,jagishpatel1806@gmail.com,,,0,0,,0,,,,0,1971-01-01,1971-01-01,1971-01-01,,,,380060,0,0,no,no,no,no,,,,
R1870,"R S ENTERPRISE",8132847274,AGARTALA,"AGARTALA",S01815,Y,0,0,0,N,0,215,D,"",,"MOTOR STANDAGARTALA ASSAM ROAD						   SHANITALAMOTOR STAND						              AGARTALAWEST TRIPURATRIPURA",,"",,,,,,BWZPB5400M,AGARTALA,0,,,biswasratan775a@gmail.com,,,0,0,,0,,,,0,1971-01-01,1971-01-01,1971-01-01,,,,799001,0,0,no,no,no,no,,,,
R1873,"RAVI PLY & GLASS",9709832299,SHEIKHPURA,"SHEIKHPURA",D02150,Y,0,0,0,N,0,219,O,"",,"BARBIGHA PROP. RAVISHANKAR KUMAR						  MAIN ROAD SHEIKHPURA",,"RAVISHANKAR KUMAR",,,,,,AEVPK6106N,SHEIKHPURA,0,,,raviply2002@gmail.com,,,0,0,,0,,,,0,1971-01-01,1971-01-01,1971-01-01,,,,811101,0,0,no,no,no,no,,,,
R1874,"RADIANT INTERIOR HUB",9638444558,HIMATNAGAR,"HIMATNAGAR",D02142,Y,0,0,0,N,0,332,O,"",,"1ST FLOOR 37 38 TULSI LANDMARK						  SAHKARI JIN CROSS ROAD						            KANKNOL",,"BHAVESH BHAI",,,,,,AAWFR8937P,HIMATNAGAR,0,,,radiantinteriorhub@gmail.com,,,0,0,,0,,,,0,1971-01-01,1971-01-01,1971-01-01,,,,383001,0,0,no,no,no,no,,,,
R1878,"R.K. TRADING",9451319799,GHAZIPUR,"GHAZIPUR",D10430,Y,0,0,0,N,0,447,D,"",,"HOUSE NO. 35                       MAHADEVA KALAN                     PEERNAGAR",,"RAVI CHAURASIA",,,,,,AXAPC1266H,GHAZIPUR,0,,,vandanaprinted5@gmail.com,,,0,0,,0,,,,0,1971-01-01,1971-01-01,1971-01-01,,,,233001,0,0,no,no,no,no,,,,
R1879,"RAJAWAT SALES",9829694384,TONK,"TONK",S10305,Y,0,0,0,N,0,427,O,"",,"DEOLI AGENCY AREA                DEOLI",,"YOGENDRA SINGH RAJAWAT",,,,,,AIYPR9120L,TONK,0,,,y.rajawatsalesdeoli@gmail.com,,,0,0,,0,,,,0,1971-01-01,1971-01-01,1971-01-01,,,,304804,0,0,no,no,no,no,,,,
R1883,"RAJVI ENTERPRISES",7008661842,ROURKELA,"ROURKELA",D01975,Y,0,0,0,N,0,216,D,"",,"LCR-438CHHEND COLONY             ROURKELA                           SUNDERGARH",,"ANRASI TAPAN KUMAR PATRA",,,,,,ANFPP4670D,ROURKELA,0,,,rajvienterprises.rkl@gmail.com,,,0,0,,0,,,,0,1971-01-01,1971-01-01,1971-01-01,,,,769015,0,0,no,no,no,no,,,,
R1888,"RAVI SHANKAR",7979966415,PATNA,"PATNA",,Y,0,0,0,N,0,219,O,"",,"MAHENDRU GULBI GHAT",,"RAVI SHANKAR",,,,,,NHBPS5887Q,PATNA,0,,,ravishankar6641@gmail.com,,,0,0,,0,,,,0,1971-01-01,1971-01-01,1971-01-01,,,,800006,0,0,no,no,no,no,,,,
R1891,"RAKESH PLYLAM",9825012563,PATAN,"PATAN",D02142,Y,0,0,0,N,0,332,O,"",,"FATIPAL GATE                      3/4 PATEL NAGAR",,"RAKESHBHAI PATEL",,,,,,AAKFR8514Q,PATAN,0,,,alkarakesh24370@gmail.com,,,0,0,,0,,,,0,1971-01-01,1971-01-01,1971-01-01,,,,384265,0,0,no,no,no,no,,,,
R1892,"REFLECTIONS",9864139736,GUWAHATI,"GUWAHATI",D02182,Y,0,0,0,N,0,215,D,"",,"11 N S ROAD                             CHABIPUL                                 KAMRUP METROPOLITAN",,"RAHUL BAJAJ",9864139736,,,,,ABWPB3463D,GUWAHATI,0,,,reflections.ghy@gmail.com,,,0,0,,0,,,,0,1971-01-01,1971-01-01,1971-01-01,,,,781008,0,0,no,no,no,no,,,,
R1894,"RAJA RAJESWARI PLYWOOD & HARDWARE",9290123101,RAJAHMUNDRY,"RAJAHMUNDRY",D02078,Y,0,0,0,N,0,525,D,"",,"17/1/37 A P P MILLS ROAD SEETHAMPETA   RAJAHMUNDRY EAST GODAVARI",,"MURALI KRISHNA VANUM",,,,,,AEXPV2980F,RAJAHMUNDRY,0,,,rrmuraliplay@gmail.com,,,0,0,,0,,,,0,1971-01-01,1971-01-01,1971-01-01,,,,533105,0,0,no,no,no,no,,,,
R1895,"RADIANT PLY AND HARDWARE",9638444558,HIMATNAGAR,"HIMATNAGAR",D02142,Y,0,0,0,N,0,332,O,"",,"SHOP NO 7 SECOND FLOOR SURVEY NO 1584 BLOCK - C KESHAV DEVELOPERS       HADIYAL ROAD KESHAV PRIME KANKNOL",,"BHAVESH BHAI",,,,,,ABKFR1331E,HIMATNAGAR,0,,,radiantinteriorhub@gmail.com,,,0,0,,0,,,,0,1971-01-01,1971-01-01,1971-01-01,,,,383001,0,0,no,no,no,no,,,,
R1896,"RISHAV ENTERPRISES",9560439482,ARWAL,"ARWAL",D02143,Y,0,0,0,N,0,219,O,"",,"1 65 UMAIRABAD NH 33                  Rahul Poultry Feeds",,"RAMESH KUMAR",,,,,,DSVPK2021P,ARWAL,0,,,rameshumairabad196@gmail.com,,,0,0,,0,,,,0,1971-01-01,1971-01-01,1971-01-01,,,,804401,0,0,no,no,no,no,,,,
R224,"RHEA ENTERPRISES",9471700269,RANCHI,"RANCHI",,Y,1500000,30,0,N,0,222,O,"",,"BURDWAN COMPOUND",,"",6512200758,,,,,,RANCHI,0,,,reha.enterprises@gmail.com,,,0,0,,0,,,,0,0000-00-00,0000-00-00,0000-00-00,,,,834001,0,0,,no,,no,,,,
R240,"RELENZU INTL H.K.(P) LTD.",,NEW DELHI,"NEW DELHI",,Y,0,,0,N,0,,O,"",,"30JAGRATI ENCLAVE",,"",,,,,,,NEW DELHI,0,,,,,,0,0,,0,,,,0,0000-00-00,0000-00-00,0000-00-00,,,,,0,0,,no,,no,,,,
R265,"RAJENDRA SINGH",,NEW DELHI,"NEW DELHI",,Y,0,,0,N,0,,O,"",,"",,"",,,,,,,NEW DELHI,0,,,,,,0,0,,0,,,,0,0000-00-00,0000-00-00,0000-00-00,,,,,0,0,,no,,no,,,,
R276,"RAHEJA DESIGN & CONTRACT LTD.",09869030500,NEW DELHI,"NEW DELHI",,Y,5000000,45,0,N,0,331,O,"",,"A-201 PHASE-IOKHLA IND.",,"",,,,,,,NEW DELHI,0,,,,,,0,0,,0,,,,0,0000-00-00,0000-00-00,0000-00-00,,,,110001,0,0,,no,,no,,,,
R282,"RAJ CARPENTER",,,"",,Y,0,,0,N,0,,O,"",,"BHUBANESWAR",,"",,,,,,,,0,,,,,,0,0,,0,,,,0,0000-00-00,0000-00-00,0000-00-00,,,,,0,0,,no,,no,,,,
R282,"RAJ CARPENTER",,NULL,"NULL",,Y,0,,0,N,0,,O,"",,"BHUBANESWAR",,"",,,,,,,,0,,,,,,0,0,,0,,,,0,0000-00-00,0000-00-00,0000-00-00,,,,,0,0,,no,,no,,,,
R4202,"RAJEN TANTI",,JEYPORE,"JEYPORE",,Y,0,0,0,N,0,,O,"",,"JEYPORE",,"",,,,,,,JEYPORE,0,,,,,,0,0,,0,,,,0,0000-00-00,0000-00-00,0000-00-00,,,,,0,0,,no,,no,,,,
R546,"RAMESH KUMAR",,,"",,Y,0,,0,N,0,,O,"",,"ROURKELA",,"",,,,,,,,0,,,,,,0,0,,0,,,,0,0000-00-00,0000-00-00,0000-00-00,,,,,0,0,,no,,no,,,,
R546,"RAMESH KUMAR",,NULL,"NULL",,Y,0,,0,N,0,,O,"",,"ROURKELA",,"",,,,,,,,0,,,,,,0,0,,0,,,,0,0000-00-00,0000-00-00,0000-00-00,,,,,0,0,,no,,no,,,,
R548,"R C MISHRA",,,"",,Y,0,,0,N,0,,O,"",,"B/25 LINGARAJ VIHAR BHUBANESWAR",,"",,,,,,,,0,,,,,,0,0,,0,,,,0,0000-00-00,0000-00-00,0000-00-00,,,,,0,0,,no,,no,,,,
R548,"R C MISHRA",,NULL,"NULL",,Y,0,,0,N,0,,O,"",,"B/25 LINGARAJ VIHAR BHUBANESWAR",,"",,,,,,,,0,,,,,,0,0,,0,,,,0,0000-00-00,0000-00-00,0000-00-00,,,,,0,0,,no,,no,,,,
R5513,"RAJMONI GOGOI",,JEYPORE,"JEYPORE",,Y,0,0,0,N,0,,O,"",,"JEYPORE",,"",,,,,,BAUPG8760Q,JEYPORE,0,,,,,,0,0,,0,,,,0,0000-00-00,0000-00-00,0000-00-00,,,,,0,0,,no,,no,,,,
R563,"RUGHANI TIMBERS",9724219999,RAJKOT,"RAJKOT",,Y,0,0,0,N,0,332,O,"",,"NEAR RAILWAY CROSSING                   GONDAL ROADRAJKOT (GUJ)",,"GIRISH RUGHANI",,,,,,AABHR9898E,RAJKOT,0,,,,,,0,0,,0,,,,0,1971-01-01,1971-01-01,1971-01-01,,,,360001,0,0,no,no,no,no,,,,
R574,"REGAL PLYWOOD",,,"",,Y,0,,0,N,0,,O,"",,"",,"",,,,,,,,0,,,,,,0,0,,0,,,,0,0000-00-00,0000-00-00,0000-00-00,,,,,0,0,,no,,no,,,,
R654,"RAJLAXMI CONSTRUCTION CO.",,,"",,Y,0,,0,N,0,,O,"",,"",,"",,,,,,,,0,,,,,,0,0,,0,,,,0,0000-00-00,0000-00-00,0000-00-00,,,,,0,0,,no,,no,,,,
R666,"REGENCY (BHUBANESWAR)",,,"",,Y,0,,0,N,0,,O,"",,"A-1 SAHID NAGAR BHUBANESWAR",,"",,,,,,,,0,,,,,,0,0,,0,,,,0,0000-00-00,0000-00-00,0000-00-00,,,,,0,0,,no,,no,,,,
R666,"REGENCY (BHUBANESWAR)",,NULL,"NULL",,Y,0,,0,N,0,,O,"",,"A-1 SAHID NAGAR BHUBANESWAR",,"",,,,,,,,0,,,,,,0,0,,0,,,,0,0000-00-00,0000-00-00,0000-00-00,,,,,0,0,,no,,no,,,,
R679,"RAMA GLASS & PLYWOODS",9815761643,BATINDA,"BATINDA",,Y,0,0,0,N,0,454,O,"",,"AMRIK SINGH ROADNEAR ANPURNA MANDIR",,"",0164-2236516,,,,,,BATINDA,0,,,ramaplyg@gmail.com,,,0,0,,0,,,,0,0000-00-00,0000-00-00,0000-00-00,,,,151001,0,0,,no,,no,,,,
R682,"ROYAL TIMBER STORE",9811146553,,"",,Y,0,,0,N,0,,O,"",,"NEW DELHI",,"",,,,,,,,0,,,,,,0,0,,0,,,,0,0000-00-00,0000-00-00,0000-00-00,,,,,0,0,,no,,no,,,,
R684,"RAHUL PLY STORE",8210660620,Aurangabad,"AURANGABAD",S01386,Y,0,0,0,N,0,219,O,"",,"M G ROAD",,"SANT KUMAR SINGH",,,,,,DNVPS0839G,AURANGABAD,0,,,rishukumarsingh13@gmail.com,,,0,0,,0,,,,0,1971-01-01,1971-01-01,1971-01-01,,,,824101,0,0,no,no,no,no,,,,
R687,"RAJDHANI PLYWOOD",,,"",,Y,0,,0,N,0,,O,"",,"RASULGARH BHUBANESWAR",,"",,,,,,,,0,,,,,,0,0,,0,,,,0,0000-00-00,0000-00-00,0000-00-00,,,,,0,0,,no,,no,,,,
R687,"RAJDHANI PLYWOOD",,NULL,"NULL",,Y,0,,0,N,0,,O,"",,"RASULGARH BHUBANESWAR",,"",,,,,,,,0,,,,,,0,0,,0,,,,0,0000-00-00,0000-00-00,0000-00-00,,,,,0,0,,no,,no,,,,
R716,"RAJKAMAL TIMBER TRADERS",9312226920,NEW DELHI,"NEW DELHI",,Y,0,30,0,N,0,,O,"",,"1/120 W H S TIMBER BLOCK KIRTI NAGAR",,"RAMESH KUMAR BAWEJA",,,,,,AAJPK5275A,NEW DELHI,0,,,hiteshbaweja25@gmail.com,,,0,0,,0,,,,0,0000-00-00,0000-00-00,0000-00-00,,,,,0,0,,no,,no,,,,
R811,"RAM HUSIYAR SINGH",,,"",,Y,0,,0,N,0,,O,"",,"AMRIK SINGH ROAD NEAR ANNAPURNA MANDIR BHATINDA(PB)",,"",,,,,,,,0,,,,,,0,0,,0,,,,0,0000-00-00,0000-00-00,0000-00-00,,,,,0,0,,no,,no,,,,
R812,"RAJ KAMAL TIMBER TRADERS",,,"",,Y,0,,0,N,0,,O,"",,"1/120W.H.S TIMBER MARKET KIRTI NAGAR NEW-DELHI-15",,"",,,,,,,,0,,,,,,0,0,,0,,,,0,0000-00-00,0000-00-00,0000-00-00,,,,,0,0,,no,,no,,,,
R870,"R.ASHUTOSH & CO,BHAVNAGAR",9825204867,Bhavnagar,"BHAVNAGAR",,Y,500000,45,0,N,0,332,D,"",,"LATI BAZARBHAVNAGAR",,"DHRUV THAKKAR",02812466434,,,,,AAFPT9481R,BHAVNAGAR,0,,,plypointbhavnagar@gmail.com,,,0,0,,0,,,,0,0000-00-00,0000-00-00,0000-00-00,,,,364001,0,0,,no,,no,,,,
R875,"R.ASHUTOSH & CO. - RAJKOT",9327780065,RAJKOT,"RAJKOT",D02029,Y,0,0,0,N,0,332,D,"",,"4SILVER ARC                             BESIDE MALAVIYA PETROL PUMP             GONDAL ROAD",,"ASHUTOSH THAKKAR",,,,,,AAPPT9678Q,RAJKOT,0,,,shamrut@gmail.com,,,0,0,,0,,,,0,1971-01-01,1971-01-01,1971-01-01,,,,360001,0,0,no,no,no,no,,,,
R930,"RAMDAYAL BEHARILAL",9312216841,DELHI,"DELHI",S10042,Y,0,0,0,N,0,441,D,"",,"1993 LAL KUAN",,"KISHAN GUPTA",,,,,,AAEFR2003A,DELHI,0,,,kkhandelwal2007@rediffmail.com,,,0,0,,0,,,,0,0000-00-00,0000-00-00,0000-00-00,,,,,0,0,,no,,no,,,,
R948,"RAWAL PICTURE HOUSE",9815132241,PATIALA,"PATIALA",,Y,3000000,45,0,N,0,454,O,"",,"SADAR BAZAR",,"BHUPINDER SINGH",,,,,,AFCPR6870A,PATIALA,0,,,sargun.jaggi@gmail.com,,,0,0,,0,,,,0,0000-00-00,0000-00-00,0000-00-00,,,,147001,0,0,,no,,no,,,,
R950,"RAMDAYAL BEHARI LAL & CO.",9811071440,GHAZIABAD,"GHAZIABAD",S10230,Y,0,0,0,N,0,,D,"",,"2 JAGDISH NAGAR HAPUR ROAD",,"",,,,,,AABFR8853R,GHAZIABAD,0,,,hima_vas@rediffmail.com,,,0,0,,0,,,,0,0000-00-00,0000-00-00,0000-00-00,,,,,0,0,,no,,no,,,,
R978,"RELIANCE INDUSTRIES LTD",,,"",,Y,0,,0,N,0,,O,"",,"",,"",,,,,,,,0,,,,,,0,0,,0,,,,0,0000-00-00,0000-00-00,0000-00-00,,,,,0,0,,no,,no,,,,
R997,"REGAL PLYWOOD",9322224489,MUMBAI,"MUMBAI",,Y,1500000,45,0,N,0,331,O,"",,"SHOP NO:2HOTEL SANGAM BLDGDAFTARY ROAD MALAD (E)",,"BIMRAJ BHAI",,,,,,,MUMBAI,0,,,,,,0,0,,0,,,,0,0000-00-00,0000-00-00,0000-00-00,,,,400064,0,0,,no,,no,,,,
REGD,"REGISTERED PARTIES",,,"",,Y,0,,0,N,0,,O,"",,"",,"",,,,,,,,0,,,,,,0,0,,0,,,,0,0000-00-00,0000-00-00,0000-00-00,,,,,0,0,,no,,no,,,,
S0015,"SAJAWAT",,NADIAD,"NADIAD",,Y,0,0,0,N,0,332,O,"",,"SHREYASH SOCIETY                         V.K.V. ROAD                              NADIAD",,"0",,,,,,ADHPP7840F,NADIAD,0,,,,,,0,0,,0,,,,0,1971-01-01,1971-01-01,1971-01-01,,,,387001,0,0,no,no,no,no,,,,
S0026,"SANTOSH TEA CO",,,"",,Y,0,,0,N,0,,O,"",,"",,"",,,,,,,,0,,,,,,0,0,,0,,,,0,0000-00-00,0000-00-00,0000-00-00,,,,,0,0,,no,,no,,,,
S0072,"S M CORPORATION",09243524053,Bangalore,"BANGALORE",,Y,3000000,60,0,N,0,553,D,"",,"# 3 QUEENS ROAD CROSS",,"MANISH RUNGTA",080-41518679,,,,,ABYPR3289H,BANGALORE,0,,,smcorpblr@gmail.com,,,0,0,,0,,,,0,0000-00-00,0000-00-00,0000-00-00,,,,560052,0,0,,no,,no,,,,
S0076,"S G KREATIVE",,,"",,Y,0,,0,N,0,,O,"",,"C-2/2016 VASANT KUNJ NEW DELHI. SITE AT: NARULA COMPLEX SRIYA SQUARE",,"",,,,,,,,0,,,,,,0,0,,0,,,,0,0000-00-00,0000-00-00,0000-00-00,,,,,0,0,,no,,no,,,,
S0076,"S G KREATIVE",,NULL,"NULL",,Y,0,,0,N,0,,O,"",,"C-2/2016 VASANT KUNJ NEW DELHI. SITE AT: NARULA COMPLEX SRIYA SQUARE",,"",,,,,,,,0,,,,,,0,0,,0,,,,0,0000-00-00,0000-00-00,0000-00-00,,,,,0,0,,no,,no,,,,
S0080,"SARASWATI PLYHOUSE",9437227668,JAJPUR,"JAJPUR",,Y,200000,30,0,N,0,,O,"",,"SARADA MARKET COMPLEX HOTEL SURYANSH COMPLEX JAJPUR ROAD",,"MANOJ KUMAR BOTHRA",,,,,,,JAJPUR,0,,,,,,0,0,,0,,,,0,0000-00-00,0000-00-00,0000-00-00,,,,,0,0,,no,,no,,,,
S0081,"SHREE GANESH PAPER MART",,,"",,Y,0,,0,N,0,,O,"",,"BUXI BAZAR CUTTACK - 1.",,"",,,,,,,,0,,,,,,0,0,,0,,,,0,0000-00-00,0000-00-00,0000-00-00,,,,,0,0,,no,,no,,,,
S0081,"SHREE GANESH PAPER MART",,NULL,"NULL",,Y,0,,0,N,0,,O,"",,"BUXI BAZAR CUTTACK - 1.",,"",,,,,,,,0,,,,,,0,0,,0,,,,0,0000-00-00,0000-00-00,0000-00-00,,,,,0,0,,no,,no,,,,
S0092,"SRI LAXMI GLASS PLYWOODS & HARDWARE",09341214187,Bangalore,"BANGALORE",S01405,Y,2000000,60,0,N,0,553,D,"",,"# 724/21 K.H.NO.151 7TH CROSS22ND MAIN SECTOR IHSR LAYOUT AGARA",,"BELLE GOWDA",22587477,,,,,AETPG6291G,BANGALORE,0,,,slgp2002@gmail.com,,,0,0,,0,,,,0,0000-00-00,0000-00-00,0000-00-00,,,,560102,0,0,,no,,no,,,,
S0095,"S K BUILDERS",,,"",,Y,0,,0,N,0,,O,"",,"SITE AT:M.E.S. GOLABANDH GOPALPUR",,"",,,,,,,,0,,,,,,0,0,,0,,,,0,0000-00-00,0000-00-00,0000-00-00,,,,,0,0,,no,,no,,,,
S0095,"S K BUILDERS",,NULL,"NULL",,Y,0,,0,N,0,,O,"",,"SITE AT:M.E.S. GOLABANDH GOPALPUR",,"",,,,,,,,0,,,,,,0,0,,0,,,,0,0000-00-00,0000-00-00,0000-00-00,,,,,0,0,,no,,no,,,,
S0137,"SREERAM PLYWOODS",332237378,KOLKATA,"KOLKATA",S01519;S01885,Y,0,0,0,N,0,457,D,"",,"51 CHITTARANJAN AVENUE",,"PAWAN TEKARIWAL",,,,,,AAMFS0536P,KOLKATA,0,,,,,,0,0,,0,,,,0,1971-01-01,1971-01-01,1971-01-01,,,,700012,0,0,no,no,no,no,,,,
S0161,"SHREE BALAJI PLYWOOD & GLASS",,CHANDAUSI,"CHANDAUSI",S10221,Y,0,0,0,N,0,,D,"",,"OPP.APSARA TAKIES STATION ROAD",,"",,,,,,,CHANDAUSI,0,,,,,,0,0,,0,,,,0,0000-00-00,0000-00-00,0000-00-00,,,,,0,0,,no,,no,,,,
S0168,"SHREE SHYAM PLYWOOD AGENCIES",,DELHI,"DELHI",,Y,0,,0,N,0,,O,"",,"",,"",,,,,,,DELHI,0,,,,,,0,0,,0,,,,0,0000-00-00,0000-00-00,0000-00-00,,,,,0,0,,no,,no,,,,
S0169,"SUBHAM INDUSTRIES",,YAMUNA NAGAR (HARYAN,"YAMUNA NAGAR (HARYAN",,Y,0,,0,N,0,,O,"",,"TIMBER MARKET SAHARANPUR ROAD",,"",,,,,,,YAMUNA NAGAR (HARYAN,0,,,,,,0,0,,0,,,,0,0000-00-00,0000-00-00,0000-00-00,,,,,0,0,,no,,no,,,,
S0172,"SUMIT ENTERPRENOUR",,JAGADHARI (HARYANA),"JAGADHARI (HARYANA)",,Y,0,,0,N,0,,O,"",,"OPP.DIMPLE CINEMA",,"",,,,,,,JAGADHARI (HARYANA),0,,,,,,0,0,,0,,,,0,0000-00-00,0000-00-00,0000-00-00,,,,,0,0,,no,,no,,,,
S0180,"SWASTIK PLYWOOD",,NAGPUR,"NAGPUR",,Y,0,,0,N,0,331,D,"",,"F/2 ANJUMAN COMPLEXSADAR",,"",,,,,,,NAGPUR,0,,,,,,0,0,,0,,,,0,0000-00-00,0000-00-00,0000-00-00,,,,440001,0,0,,no,,no,,,,
S0184,"SHARMA HARDWARE & TIMBER.",,ALWAR (RAJASTHAN),"ALWAR (RAJASTHAN)",,Y,0,,0,N,0,,O,"",,"CHURCH ROADMANNIKA BAR",,"",,,,,,,ALWAR (RAJASTHAN),0,,,,,,0,0,,0,,,,0,0000-00-00,0000-00-00,0000-00-00,,,,,0,0,,no,,no,,,,
S0220,"SINGH STATIONERY STORE",,DELHI,"DELHI",,Y,0,,0,N,0,,O,"",,"SHOP NO. 15/2 NARAINA INDUSTR IAL AREAPHASE-1 NEW DELHI 110028",,"",,,,,,,DELHI,0,,,,,,0,0,,0,,,,0,0000-00-00,0000-00-00,0000-00-00,,,,,0,0,,no,,no,,,,
S0277,"SONA PROCESSARS (I) LTD.",,BHILWARA,"BHILWARA",,Y,0,,0,N,0,,O,"",,"",,"",,,,,,,BHILWARA,0,,,,,,0,0,,0,,,,0,0000-00-00,0000-00-00,0000-00-00,,,,,0,0,,no,,no,,,,
S0284,"SIMPLEX INFRASTRUCTURE LTD-DELHI",,NEW   DELHI,"NEW   DELHI",,Y,0,,0,N,0,,O,"",,"NBCC COMPLEX GURGAON ROA MAHRAULI",,"",,,,,,,NEW   DELHI,0,,,,,,0,0,,0,,,,0,0000-00-00,0000-00-00,0000-00-00,,,,,0,0,,no,,no,,,,
S0286,"SIMPLEX INFRASTRUCTURE LTD-KOTPUTLI",,BIKANER,"BIKANER",,Y,0,,0,N,0,,O,"",,"",,"",,,,,,,BIKANER,0,,,,,,0,0,,0,,,,0,0000-00-00,0000-00-00,0000-00-00,,,,,0,0,,no,,no,,,,
S0290,"SHIV WOOD INDUSTRIES",9825176249,RAJKOT,"RAJKOT",SAA001,Y,0,0,0,N,0,332,O,"",,"PLOT NO.G-718 G.I.D.C ME                RAJKOT.",,".",,,,,,,RAJKOT,0,,,,,,0,0,,0,,,,0,0000-00-00,0000-00-00,0000-00-00,,,,360001,0,0,,,,,,,,
S0304,"SHYAM TRADERS - KATNI",9893307666,KATNI,"KATNI",D02070;D02181,Y,0,0,0,N,0,446,D,"",,"OPP SANSKAR BHARTI SCHOOL                JALPA WARD",,"SUMIT BALANI",8889338333,,,,,ADDPB2886R,KATNI,0,,,st.katni@gmail.com,,,0,0,,0,,,,0,1971-01-01,1971-01-01,1971-01-01,,,,483501,0,0,no,no,no,no,,,,
S0323,"SUMIT ENTERPRISES.",,BHOPAL,"BHOPAL",,Y,0,,0,N,0,,O,"",,"18ZONE-II M.P.NSGSR",,"",,,,,,,BHOPAL,0,,,,,,0,0,,0,,,,0,0000-00-00,0000-00-00,0000-00-00,,,,,0,0,,no,,no,,,,
S0324,"S.K.PLYWOOD CO.",9837048035,HALDWANI,"HALDWANI",,Y,0,45,0,N,0,,D,"",,"NEAR LAXMI TAKIES RAMPURA ROAD NAINITAL",,"AJAY KHANNA",,,,,,ABEPK8578J,HALDWANI,0,,,ajay.khanna1965@gmail.com,,,0,0,,0,,,,0,0000-00-00,0000-00-00,0000-00-00,,,,,0,0,,no,,no,,,,
S0337,"SINGLA DECORATORS",,SANGRUR (PUNJAB),"SANGRUR (PUNJAB)",,Y,0,,0,N,0,454,O,"",,"OPP.RANI KOTHIGAUSHALLA ROAD",,"",,,,,,,SANGRUR (PUNJAB),0,,,,,,0,0,,0,,,,0,0000-00-00,0000-00-00,0000-00-00,,,,,0,0,,no,,no,,,,
S0342,"SRINIVASA GLASS & PLYWOOD",9448686169,Bangalore,"BANGALORE",S01405,Y,3000000,60,0,N,0,553,D,"",,"# 679 9TH MAIN 7TH SECTORHSR LAYOUT",,"SANTOSH REDDY",08025732617,,,,,ABAPH4913Q,BANGALORE,0,,,hvsreddy@yahoo.com,,,0,0,,0,,,,0,0000-00-00,0000-00-00,0000-00-00,,,,560102,0,0,,no,,no,,,,
S1003,"S.SEN",,ROHAD (HR),"ROHAD (HR)",,Y,0,,0,N,0,,O,"",,"ROHAD BYE PASS ROAD VILL-ROHAD DIST. JHAJJAR (HR)",,"",,,,,,,ROHAD (HR),0,,,,,,0,0,,0,,,,0,0000-00-00,0000-00-00,0000-00-00,,,,,0,0,,no,,no,,,,
S1006,"SREE BALAJI PLYWOODS",09845005138,Bangalore,"BANGALORE",S01405,Y,2000000,60,0,N,0,553,D,"",,"119/2 INFANTRY ROAD",,"M.ASHOK KUMAR",08022865138,,,,,AAJFS3285J,BANGALORE,0,,,sreebalajiplywoods@gmail.com,,,0,0,,0,,,,0,0000-00-00,0000-00-00,0000-00-00,,,,560001,0,0,,no,,no,,,,
S1013,"SHANKAR & CO.",,BHILWARA,"BHILWARA",,Y,0,,0,N,0,,O,"",,"BHILWARA",,"",,,,,,,BHILWARA,0,,,,,,0,0,,0,,,,0,0000-00-00,0000-00-00,0000-00-00,,,,,0,0,,no,,no,,,,
S1019,"SANJAY AGARWAL",,JEYPORE,"JEYPORE",,Y,0,,0,N,0,,O,"",,"JEYPORE  ASSAM",,"",,,,,,,JEYPORE,0,,,,,,0,0,,0,,,,0,0000-00-00,0000-00-00,0000-00-00,,,,,0,0,,no,,no,,,,
S1022,"SRI KRISHNA ENTERPRISES",,BHUBNESHWAR(ORISSA),"BHUBNESHWAR(ORISSA)",,Y,0,,0,N,0,,O,"",,"28-A-KHARVEL NAGARUNIT-I",,"",,,,,,,BHUBNESHWAR(ORISSA),0,,,,,,0,0,,0,,,,0,0000-00-00,0000-00-00,0000-00-00,,,,,0,0,,no,,no,,,,
S1024,"SIRAJ",,,"",,Y,0,,0,N,0,,O,"",,"TIMBER MARKET SAHARANPUR ROAD YAMUNA NAGAR.135001(HR)",,"",,,,,,,,0,,,,,,0,0,,0,,,,0,0000-00-00,0000-00-00,0000-00-00,,,,,0,0,,no,,no,,,,
S1032,"SHASHI MITTAL",0,AHMEDABAD,"AHMEDABAD",,Y,0,0,0,N,0,332,O,"",,"AHMEDABAD",,"0",,,,,,0,AHMEDABAD,0,,,0,,,0,0,,0,,,,0,0000-00-00,0000-00-00,0000-00-00,,,,0,0,0,,,,no,,,,
S1033,"SEKHAR PLYWOOD",,GURGAON,"GURGAON",,Y,0,,0,N,0,,O,"",,"GURGAON",,"",,,,,,,GURGAON,0,,,,,,0,0,,0,,,,0,0000-00-00,0000-00-00,0000-00-00,,,,,0,0,,no,,no,,,,
S1051,"SAGAR GLASS & PLYWOOD CENTRE.",,DELHI,"DELHI",,Y,0,,0,N,0,,O,"",,"851-AHANUMAN MANDIR ROAD CHIRAG DELHI NEW DELHI-110017",,"",,,,,,,DELHI,0,,,,,,0,0,,0,,,,0,0000-00-00,0000-00-00,0000-00-00,,,,,0,0,,no,,no,,,,
S1053,"SREE RAJA RAJESHWARI AGENCIES",09845022357,Bangalore,"BANGALORE",S01405,Y,2000000,60,0,N,0,553,D,"",,"73/1 INFANTRY ROAD",,"V.B. NARENDRAN",08025598409,,,,,ABHPN4744L,BANGALORE,0,,,vbnaren2003@yahoo.co.in,,,0,0,,0,,,,0,0000-00-00,0000-00-00,0000-00-00,,,,560001,0,0,,no,,no,,,,
S1081,"SWETA PLYWOOD",,JABALPUR,"JABALPUR",,Y,0,,0,N,0,,O,"",,"",,"",,,,,,,JABALPUR,0,,,,,,0,0,,0,,,,0,0000-00-00,0000-00-00,0000-00-00,,,,,0,0,,no,,no,,,,
S1083,"SUMAN SRIVASTAVA",,,"",,Y,0,,0,N,0,,O,"",,"VILLAGE-JORIANRADAUR ROAD YAMUNANAGAR.(HR) TIN NO:-06651610816",,"",,,,,,,,0,,,,,,0,0,,0,,,,0,0000-00-00,0000-00-00,0000-00-00,,,,,0,0,,no,,no,,,,
S1118,"SARDA ENTERPRISES",,KANPUR (U.P),"KANPUR (U.P)",,Y,0,,0,N,0,,O,"",,"111-A/418 ASHOK NAGAR",,"",,,,,,,KANPUR (U.P),0,,,,,,0,0,,0,,,,0,0000-00-00,0000-00-00,0000-00-00,,,,,0,0,,no,,no,,,,
S1134,"SETHIA SALES CORPORATION",,BHILWARA,"BHILWARA",,Y,0,,0,N,0,,O,"",,"",,"",,,,,,,BHILWARA,0,,,,,,0,0,,0,,,,0,0000-00-00,0000-00-00,0000-00-00,,,,,0,0,,no,,no,,,,
S1163,"SHREE DURGA FURNITURE WORKS",,,"",,Y,0,,0,N,0,,O,"",,"UTKAL ASHRAM ROAD BERHEMPUR",,"",,,,,,,,0,,,,,,0,0,,0,,,,0,0000-00-00,0000-00-00,0000-00-00,,,,,0,0,,no,,no,,,,
S1163,"SHREE DURGA FURNITURE WORKS",,NULL,"NULL",,Y,0,,0,N,0,,O,"",,"UTKAL ASHRAM ROAD BERHEMPUR",,"",,,,,,,,0,,,,,,0,0,,0,,,,0,0000-00-00,0000-00-00,0000-00-00,,,,,0,0,,no,,no,,,,
S1172,"SHANTANU PRATAP SINGH",,AGRA(U.P),"AGRA(U.P)",,Y,0,,0,N,0,,O,"",,"",,"",,,,,,,AGRA(U.P),0,,,,,,0,0,,0,,,,0,0000-00-00,0000-00-00,0000-00-00,,,,,0,0,,no,,no,,,,
S1175,"SUNIL KR AGARWAL & SURESH KR AGARWL",,,"",,Y,0,,0,N,0,,O,"",,"BISRA DAHAR ROURKELA",,"",,,,,,,,0,,,,,,0,0,,0,,,,0,0000-00-00,0000-00-00,0000-00-00,,,,,0,0,,no,,no,,,,
S1175,"SUNIL KR AGARWAL & SURESH KR AGARWL",,NULL,"NULL",,Y,0,,0,N,0,,O,"",,"BISRA DAHAR ROURKELA",,"",,,,,,,,0,,,,,,0,0,,0,,,,0,0000-00-00,0000-00-00,0000-00-00,,,,,0,0,,no,,no,,,,
S1193,"SINGH TRADING HOUSE",,PATNA,"PATNA",S01386,Y,0,,0,N,0,219,O,"",,"KANKARBAGH PATNA",,"ARUN SINGH",9431225765,,,,,,PATNA,0,,,,,,0,0,,0,,,,0,0000-00-00,0000-00-00,0000-00-00,,,,,0,0,,no,,no,,,,
S1204,"SAGUN PLY",,,"",,Y,0,,0,N,0,,O,"",,"JHAULIAPATI CUTTACK",,"",,,,,,,,0,,,,,,0,0,,0,,,,0,0000-00-00,0000-00-00,0000-00-00,,,,,0,0,,no,,no,,,,
S1204,"SAGUN PLY",,NULL,"NULL",,Y,0,,0,N,0,,O,"",,"JHAULIAPATI CUTTACK",,"",,,,,,,,0,,,,,,0,0,,0,,,,0,0000-00-00,0000-00-00,0000-00-00,,,,,0,0,,no,,no,,,,
S1253,"SUDARSHAN ENTERPRISES",,KOLKATA,"KOLKATA",,Y,0,0,0,N,0,,O,"",,"2 CHOWRINGHEE ROAD",,"",,,,,,,KOLKATA,0,,,kelabrothers@vsnl.net,,,0,0,,0,,,,0,0000-00-00,0000-00-00,0000-00-00,,,,,0,0,,no,,no,,,,
S1307,"SHRI RATHI STEEL LTD",,GHAZIABAD (U.P.),"GHAZIABAD (U.P.)",,Y,0,,0,N,0,,O,"",,"PLOT-EMASURI GULAWATHI ROADIND.AREAPHASE-III",,"",,,,,,,GHAZIABAD (U.P.),0,,,,,,0,0,,0,,,,0,0000-00-00,0000-00-00,0000-00-00,,,,,0,0,,no,,no,,,,
S1313,"SHAKTI PLY",9879081155,VADODARA,"VADODARA",,Y,0,0,0,N,0,332,O,"",,"SB-116AVISHKAR COMPLEX OLD PADARA ROAD VADODARA-15",,"NARSIHBHAI",,,,,,ALMPP3443P,VADODARA,0,,,shaktiply@gmail.com,,,0,0,,0,,,,0,0000-00-00,0000-00-00,0000-00-00,,,,390015,0,0,,,,no,,,,
S1323,"S N AGARWAL",,,"",,Y,0,,0,N,0,,O,"",,"E.M.-61 BASANTI COLONY ROURKELA",,"",,,,,,,,0,,,,,,0,0,,0,,,,0,0000-00-00,0000-00-00,0000-00-00,,,,,0,0,,no,,no,,,,
S1323,"S N AGARWAL",,NULL,"NULL",,Y,0,,0,N,0,,O,"",,"E.M.-61 BASANTI COLONY ROURKELA",,"",,,,,,,,0,,,,,,0,0,,0,,,,0,0000-00-00,0000-00-00,0000-00-00,,,,,0,0,,no,,no,,,,
S1331,"SHREE KRISHNA AGENCY",9825009695,AHMEDABAD,"AHMEDABAD",,Y,0,45,0,N,0,332,D,"",,"22-23ADITYA COMPLEXNEAR SAL HOSPITALTHLTEJ",,"UMAKANTBHAI",,,,,,AAZPP4068N,AHMEDABAD,0,,,sk-agency@hotmail.com,,,0,0,,0,,,,0,0000-00-00,0000-00-00,0000-00-00,,,,380054,0,0,,no,,no,,,,
S1355,"SKIL CRAFT",,TINSUKIA,"TINSUKIA",,Y,0,,0,N,0,,O,"",,"",,"",,,,,,,TINSUKIA,0,,,,,,0,0,,0,,,,0,0000-00-00,0000-00-00,0000-00-00,,,,,0,0,,no,,no,,,,
S1379,"SHREE CHAITANYA TIMBERS",9830273976,KOLKATA,"KOLKATA",,Y,0,0,114954,N,0,,O,"",,"29 DUM DUM ROAD",,"SANDEEP KHAMKA",,,,,,,KOLKATA,0,,,,,,0,0,,0,,,,0,0000-00-00,0000-00-00,0000-00-00,,,,,0,0,,no,,no,,,,
S1381,"SHIV SHAKTI PLY & GLASS CENTER",9525221248,DEHRI ON SONE,"DEHRI ON SONE",,Y,0,30,0,N,0,219,D,"",,"PALI ROADDEHRI ON SONE",,"SUNIL SHARMA",9334072721,,,,,BMJPS3427B,DEHRI ON SONE,0,,,baijnathkumarraj@gmail.com,,,0,0,,0,,,,0,0000-00-00,0000-00-00,0000-00-00,,,,821307,0,0,,no,,no,,,,
S1382,"SAPTGIRI TRADERS",,BARILLY (U.P),"BARILLY (U.P)",,Y,0,,0,N,0,,D,"",,"H.O.189B.O.988 ADARSH MANDI",,"",,,,,,AKWPK4925A,BARILLY (U.P),0,,,,,,0,0,,0,,,,0,0000-00-00,0000-00-00,0000-00-00,,,,,0,0,,no,,no,,,,
S1386,"STUDIO 7",,NEW DELHI,"NEW DELHI",,Y,0,,0,N,0,,O,"",,"",,"",,,,,,,NEW DELHI,0,,,,,,0,0,,0,,,,0,0000-00-00,0000-00-00,0000-00-00,,,,,0,0,,no,,no,,,,
S1395,"SAROVAR HOMETEL",,CHANDIGRAH(P.B),"CHANDIGRAH(P.B)",,Y,0,,0,N,0,,O,"",,"PLOT NO.146-147 IND. AREAPHASE-I",,"",,,,,,,CHANDIGRAH(P.B),0,,,,,,0,0,,0,,,,0,0000-00-00,0000-00-00,0000-00-00,,,,,0,0,,no,,no,,,,
S1422,"SHIMMER",,NEW DELHI,"NEW DELHI",,Y,0,30,0,N,0,,P,"",,"K-74 UDYOG VIHAR",,"",,,,,,ACRPV7649F,NEW DELHI,0,,,,,,0,0,,0,,,,0,0000-00-00,0000-00-00,0000-00-00,,,,,0,0,,no,,no,,,,
S1424,"SHREE SAI BUILDERS",,NEW DELHI,"NEW DELHI",,Y,0,0,0,N,0,,O,"",,"222/4 RAMA MARKET PITAMPURA",,"",,,,,,,NEW DELHI,0,,,,,,0,0,,0,,,,0,0000-00-00,0000-00-00,0000-00-00,,,,,0,0,,no,,no,,,,
S1427,"SHRI RAM HARDWARE & PLYWOOD",,GURGAON (HARYANA),"GURGAON (HARYANA)",,Y,0,,0,N,0,,O,"",,"1/7BARA BAZARJAIL ROAD SHIVAJI NAGAR",,"",,,,,,,GURGAON (HARYANA),0,,,,,,0,0,,0,,,,0,0000-00-00,0000-00-00,0000-00-00,,,,,0,0,,no,,no,,,,
S1430,"S.S. ENTERPRISES",,,"",,Y,0,,0,N,0,,O,"",,"PLOT NO 86 GROUND FLOOR SATYA NAGAR BHUBANESWAR",,"",,,,,,,,0,,,,,,0,0,,0,,,,0,0000-00-00,0000-00-00,0000-00-00,,,,,0,0,,no,,no,,,,
S1430,"S.S. ENTERPRISES",,NULL,"NULL",,Y,0,,0,N,0,,O,"",,"PLOT NO 86 GROUND FLOOR SATYA NAGAR BHUBANESWAR",,"",,,,,,,,0,,,,,,0,0,,0,,,,0,0000-00-00,0000-00-00,0000-00-00,,,,,0,0,,no,,no,,,,
S1433,"SAGAR GLASS & PLY",,PATNA,"PATNA",,Y,0,,0,N,0,219,D,"",,"RPS MORE BAILEY ROAD",,"",,,,,,,PATNA,0,,,,,,0,0,,0,,,,0,0000-00-00,0000-00-00,0000-00-00,,,,800020,0,0,,no,,no,,,,
S1438,"SAMRAT PLYWOOD AGENCIES",,LUDHIANA (PUNJAB),"LUDHIANA (PUNJAB)",,Y,0,,0,N,0,,O,"",,"21/1-B-XXVI BHARAT NAGAR  CHOWK NEAR RAILWAY CROSSING",,"",,,,,,,LUDHIANA (PUNJAB),0,,,,,,0,0,,0,,,,0,0000-00-00,0000-00-00,0000-00-00,,,,,0,0,,no,,no,,,,
S144,"SANJAY AGARWAL",,DELHI,"DELHI",,Y,0,,0,N,0,,O,"",,"1/7D.B.GUPTA ROAD NEW-DELHI-110055",,"",,,,,,,DELHI,0,,,,,,0,0,,0,,,,0,0000-00-00,0000-00-00,0000-00-00,,,,,0,0,,no,,no,,,,
S1455,"SHYAM PLYWOOD CENTRE - KATNI",,KATNI (M.P.),"KATNI (M.P.)",,Y,0,,0,N,0,,O,"",,"",,"",,,,,,,KATNI (M.P.),0,,,,,,0,0,,0,,,,0,0000-00-00,0000-00-00,0000-00-00,,,,,0,0,,no,,no,,,,
S1461,"SHREE KRISHNA PLY",+91-94719-80100,PATNA,"PATNA",S01386,Y,0,0,0,N,0,219,D,"",,"S. NO. R/05 CHANDI VAYAPAR BHAWAN       EXHIBITION ROAD",,"ARBIND KUMAR CHOUBEY",,,,,,ADBPC8836G,PATNA,0,,,shreekrishnaply@gmail.com,,,0,0,,0,,,,0,1971-01-01,1971-01-01,1971-01-01,,,,800001,0,0,no,no,no,no,,,,
S1468,"SINGLA PLYWOOD HOUSE",9254127809,SIRSA,"SIRSA",,Y,0,0,0,N,0,,D,"",,"HISSARIA BAZAR",,"JAGDISH SINGLA",,,,,,AAPFS7700D,SIRSA,0,,,saketsingla85@yahoo.co.in,,,0,0,,0,,,,0,0000-00-00,0000-00-00,0000-00-00,,,,,0,0,,no,,no,,,,
S1481,"SHREE PLYWOOD EMPORIUM-AJMER",,AJMER (RAJASTHAN),"AJMER (RAJASTHAN)",,Y,0,,0,N,0,,O,"",,"MADAR GATE",,"",,,,,,,AJMER (RAJASTHAN),0,,,,,,0,0,,0,,,,0,0000-00-00,0000-00-00,0000-00-00,,,,,0,0,,no,,no,,,,
S1483,"SADHWANI BROTHERS,KOTA",,KOTA-(RAJASTHAN),"KOTA-(RAJASTHAN)",,Y,0,,0,N,0,,O,"",,"20SMALL SCALE INDS.AREA INFRONT OF INDANE GAS AGE",,"",,,,,,,KOTA-(RAJASTHAN),0,,,,,,0,0,,0,,,,0,0000-00-00,0000-00-00,0000-00-00,,,,,0,0,,no,,no,,,,
S1491,"SUMIT & COMPANY",9315531029,JAGADHARI (HARYANA),"JAGADHARI (HARYANA)",,Y,0,,0,N,0,,O,"",,"OPPOSITE DIMPLE CINEMA",,"",,,,,,,JAGADHARI (HARYANA),0,,,,,,0,0,,0,,,,0,0000-00-00,0000-00-00,0000-00-00,,,,,0,0,,no,,no,,,,
S1499,"SUNCITY DHHT COLONIZER (P) LTD.",,INDORE (M.P.),"INDORE (M.P.)",,Y,0,,0,N,0,,O,"",,"C/O VISTNA PROJECTS AB BYPASS ROADVIJAY NAGA",,"",,,,,,,INDORE (M.P.),0,,,,,,0,0,,0,,,,0,0000-00-00,0000-00-00,0000-00-00,,,,,0,0,,no,,no,,,,
S1504,"SARASWATI WOOD PRODUCTS",9215923478,PEEDAL (KAITHAL),"PEEDAL (KAITHAL)",S10004,Y,1000000,30,0,N,0,,O,"",,"KAITHAL ROAD PEEDAL CHEEKA",,"PUNIT BANSAL",,,,,,ABAFS8117M,PEEDAL (KAITHAL),0,,,saraswatiwood2011@gmail.com,,,0,0,,0,,,,0,0000-00-00,0000-00-00,0000-00-00,,,,,0,0,,no,,no,,,,
S1521,"SARASWATI BRIQUEDED INDUSTRIES",9215921127,KAITHAL (HARYANA),"KAITHAL (HARYANA)",S10004,Y,3000000,30,0,N,0,,O,"",,"PEEDAL (CHEEKA) KAITHAL ROAD",,"NARESH JAIN",,,,,,AAFFS7198Q,KAITHAL (HARYANA),0,,,sbiplyworld@gmail.com,,,0,0,,0,,,,0,0000-00-00,0000-00-00,0000-00-00,,,,,0,0,,no,,no,,,,
S1526,"SKYLINE ENGG.CONTRACTS(I) PVT LTD.",,ROHININEW DELHI,"ROHINI,NEW DELHI",,Y,0,,0,N,0,,O,"",,"C/O RAJIV GANDHI CANCER I RESEARCH CENTRE SECTOR-V",,"",,,,,,,ROHINI,NEW DELHI,0,,,,,,0,0,,0,,,,0,0000-00-00,0000-00-00,0000-00-00,,,,,0,0,,no,,no,,,,
S1527,"SAHIB ADVERTISERS",,NEW DELHI,"NEW DELHI",,Y,0,,0,N,0,,O,"",,"825/5 ARJUN NAGAR KOTLA MUBARAKPUR",,"",,,,,,,NEW DELHI,0,,,,,,0,0,,0,,,,0,0000-00-00,0000-00-00,0000-00-00,,,,,0,0,,no,,no,,,,
S1528,"SWADESHI AUTO PVT LTD",,,"",,Y,0,,0,N,0,,O,"",,"",,"",,,,,,,,0,,,,,,0,0,,0,,,,0,0000-00-00,0000-00-00,0000-00-00,,,,,0,0,,no,,no,,,,
S1530,"SUDARSHAN LAL AGGARWAL & SONS",,PATHANKOT,"PATHANKOT",,Y,0,,0,N,0,,O,"",,"PATHANKOT",,"",,,,,,,PATHANKOT,0,,,,,,0,0,,0,,,,0,0000-00-00,0000-00-00,0000-00-00,,,,,0,0,,no,,no,,,,
S1531,"SH.ADYA KATYAYANI SHAKTIPEETH(MANDI",,DELHI,"DELHI",,Y,0,,0,N,0,,O,"",,"NEW DELHI",,"",,,,,,,DELHI,0,,,,,,0,0,,0,,,,0,0000-00-00,0000-00-00,0000-00-00,,,,,0,0,,no,,no,,,,
S1532,"SHARMA ALUMINIUM FABRICATORS",,DELHI,"DELHI",,Y,0,,0,N,0,,O,"",,"E-430JAGAT NAGAR",,"",,,,,,,DELHI,0,,,,,,0,0,,0,,,,0,0000-00-00,0000-00-00,0000-00-00,,,,,0,0,,no,,no,,,,
S1534,"SHRI BALAJI TIMBER & PLYWOOD TRADER",,DELHI,"DELHI",,Y,0,,0,N,0,,O,"",,"D-1/7RANA PARTAP BAGH",,"",,,,,,,DELHI,0,,,,,,0,0,,0,,,,0,0000-00-00,0000-00-00,0000-00-00,,,,,0,0,,no,,no,,,,
S1535,"SHREE BALAJI EMPORIUM",,BAREILLY (U.P.),"BAREILLY (U.P.)",,Y,0,,0,N,0,,O,"",,"E-10EKTA NAGAR",,"",,,,,,,BAREILLY (U.P.),0,,,,,,0,0,,0,,,,0,0000-00-00,0000-00-00,0000-00-00,,,,,0,0,,no,,no,,,,
S1536,"SHREE BALAJI DEPARTMENTAL STORE",,DELHI,"DELHI",,Y,0,,0,N,0,,O,"",,"D-14/60  SECTOR-7 ROHINI",,"",,,,,,,DELHI,0,,,,,,0,0,,0,,,,0,0000-00-00,0000-00-00,0000-00-00,,,,,0,0,,no,,no,,,,
S1537,"SAUBHAGYA BANQUET",,,"",,Y,0,,0,N,0,,O,"",,"",,"",,,,,,,,0,,,,,,0,0,,0,,,,0,0000-00-00,0000-00-00,0000-00-00,,,,,0,0,,no,,no,,,,
S1538,"SUPREME COLLECTION (INDIA) PVT LTD",,NEW DELHI,"NEW DELHI",,Y,0,,0,N,0,,O,"",,"1/32C GOVIND PURI KALKAJI",,"",,,,,,,NEW DELHI,0,,,,,,0,0,,0,,,,0,0000-00-00,0000-00-00,0000-00-00,,,,,0,0,,no,,no,,,,
S1539,"SANT PARMANAND HOSPITAL",,DELHI,"DELHI",,Y,0,,0,N,0,,O,"",,"18 SHAM NATH MARG CIVIL LINE NEAR I.P.COLL",,"",,,,,,,DELHI,0,,,,,,0,0,,0,,,,0,0000-00-00,0000-00-00,0000-00-00,,,,,0,0,,no,,no,,,,
S1540,"SHARMA CONSTRUCTIONS",,NOIDA  ( U.P ),"NOIDA  ( U.P )",,Y,0,,0,N,0,,O,"",,"SITE : STAR HOTEL SECTOR-18",,"",,,,,,,NOIDA  ( U.P ),0,,,,,,0,0,,0,,,,0,0000-00-00,0000-00-00,0000-00-00,,,,,0,0,,no,,no,,,,
S1541,"SUSHIL CONSTRACTION",,NEW DELHI,"NEW DELHI",,Y,0,,0,N,0,,O,"",,"184/3 NEB SARAI",,"",,,,,,,NEW DELHI,0,,,,,,0,0,,0,,,,0,0000-00-00,0000-00-00,0000-00-00,,,,,0,0,,no,,no,,,,
S1543,"SRI DURGA AUTOMOBILES",,,"",,Y,0,,0,N,0,,O,"",,"",,"",,,,,,,,0,,,,,,0,0,,0,,,,0,0000-00-00,0000-00-00,0000-00-00,,,,,0,0,,no,,no,,,,
S1544,"SKYLINE ENGG.CONTRACTS(INDIA) PVT.L",,GURGAON  (HARYANA,"GURGAON  (HARYANA",,Y,0,,0,N,0,,O,"",,"M/S TODAY HOTELS PVT.LTD. OPP.SIGNATURE TOWER SEC-",,"",,,,,,,GURGAON  (HARYANA,0,,,,,,0,0,,0,,,,0,0000-00-00,0000-00-00,0000-00-00,,,,,0,0,,no,,no,,,,
S1545,"SUSHMA PRAKASH",,FARIDABAD (HARYANA),"FARIDABAD (HARYANA)",,Y,0,,0,N,0,,O,"",,"PLOT NO.20BLOCK-IV EROS GRADE SURAJ KUND ROA",,"",,,,,,,FARIDABAD (HARYANA),0,,,,,,0,0,,0,,,,0,0000-00-00,0000-00-00,0000-00-00,,,,,0,0,,no,,no,,,,
S1550,"SARASWATI PLYWOOD PVT LTD.",,KOLKATA,"KOLKATA",,Y,0,30,0,N,0,,O,"",,"44/2/1 JHEEL ROAD JADAVPUR",,"",,,,,,,KOLKATA,0,,,,,,0,0,,0,,,,0,0000-00-00,0000-00-00,0000-00-00,,,,,0,0,,no,,no,,,,
S1552,"SKYLINE ENGINERING CONTRACTS(I) PVT",,ROHTAK (HR),"ROHTAK (HR)",,Y,0,,0,N,0,,O,"",,"C/O.DELHI CATHOLIC ARCHIO SCONDRY SCHOOLBABU AKBAR",,"",,,,,,,ROHTAK (HR),0,,,,,,0,0,,0,,,,0,0000-00-00,0000-00-00,0000-00-00,,,,,0,0,,no,,no,,,,
S1553,"SHYAMA ENTERPRISES",,NEW DELHI,"NEW DELHI",,Y,0,,0,N,0,,O,"",,"334-A POCKET-E G.T.B. ENCLAVE",,"",,,,,,,NEW DELHI,0,,,,,,0,0,,0,,,,0,0000-00-00,0000-00-00,0000-00-00,,,,,0,0,,no,,no,,,,
S1554,"SMC ENTERPRISES PVT LTD",,,"",,Y,0,,0,N,0,,O,"",,"",,"",,,,,,,,0,,,,,,0,0,,0,,,,0,0000-00-00,0000-00-00,0000-00-00,,,,,0,0,,no,,no,,,,
S1557,"SKYLINE ENGINEERING CONTRACTS (I) P",,RUDRAPUR(UTTRANCHAL),"RUDRAPUR(UTTRANCHAL)",,Y,0,,0,N,0,,O,"",,"C/O.M/S.PRICOL LTD.P-NO.1 I.I.ESTATESIDCHULPANT N",,"",,,,,,,RUDRAPUR(UTTRANCHAL),0,,,,,,0,0,,0,,,,0,0000-00-00,0000-00-00,0000-00-00,,,,,0,0,,no,,no,,,,
S1561,"SHIV FURNITURE MART",,BANSWARA,"BANSWARA",,Y,0,,0,N,0,,O,"",,"",,"",,,,,,,BANSWARA,0,,,,,,0,0,,0,,,,0,0000-00-00,0000-00-00,0000-00-00,,,,,0,0,,no,,no,,,,
S1563,"SAGAR INST. OF RES.&TECH. -EXCELLENCE",7553983180,BHOPAL,"BHOPAL",,Y,2500000,30,0,N,0,446,O,"",,"A UNIT OF SHRI AGRAWAL HEALTH &EDUCATION SOCIETYAYODHYA BY PASS",,"SHRI SANJEEV AGRAWAL",,,,,,AADAS0337G,BHOPAL,0,,,sirtebhopal@gmail.com,,,0,0,,0,,,,0,0000-00-00,0000-00-00,0000-00-00,,,,462041,0,0,,no,,no,,,,
S1566,"SARVODAYA FURNISHERS PVT LTD",,NEW DELHI,"NEW DELHI",,Y,0,,0,N,0,,O,"",,"406SANT NAGAREAST OF KA",,"",,,,,,,NEW DELHI,0,,,,,,0,0,,0,,,,0,0000-00-00,0000-00-00,0000-00-00,,,,,0,0,,no,,no,,,,
S1567,"SIKKIM GENERAL STORE",,DELHI,"DELHI",,Y,0,,0,N,0,,O,"",,"CD-101APITAMPURA",,"",,,,,,,DELHI,0,,,,,,0,0,,0,,,,0,0000-00-00,0000-00-00,0000-00-00,,,,,0,0,,no,,no,,,,
S1573,"SCRAANO GRAPHICS",,,"",,Y,0,,0,N,0,,O,"",,"",,"",,,,,,,,0,,,,,,0,0,,0,,,,0,0000-00-00,0000-00-00,0000-00-00,,,,,0,0,,no,,no,,,,
S1575,"SHIVAM GLASS & PLYWOOD",9927233844,HALDWANI,"HALDWANI",,Y,0,45,0,N,0,,O,"",,"TERIPULIA NAINITAL ROAD KATHGODAM",,"",,,,,,AHLPB3500A,HALDWANI,0,,,shobhibansal_36@rediffmail.com,,,0,0,,0,,,,0,0000-00-00,0000-00-00,0000-00-00,,,,,0,0,,no,,no,,,,
S1576,"SAMARA HYUNDAI`",,,"",,Y,0,,0,N,0,,O,"",,"",,"",,,,,,,,0,,,,,,0,0,,0,,,,0,0000-00-00,0000-00-00,0000-00-00,,,,,0,0,,no,,no,,,,
S1577,"SHREE HARI COLLECTIONS",,DELHI,"DELHI",,Y,0,,0,N,0,,O,"",,"DEPARTMENTAL STORES CD-234PITAMPURA",,"",,,,,,,DELHI,0,,,,,,0,0,,0,,,,0,0000-00-00,0000-00-00,0000-00-00,,,,,0,0,,no,,no,,,,
S1578,"SUNAIR HOTELS LIMITED",,,"",,Y,0,,0,N,0,,O,"",,"",,"",,,,,,,,0,,,,,,0,0,,0,,,,0,0000-00-00,0000-00-00,0000-00-00,,,,,0,0,,no,,no,,,,
S1579,"SAIFY INTERIOR DECORATOR",,DELHI,"DELHI",,Y,0,,0,N,0,,O,"",,"NO.32-33 GALI NO.4 ARAM PARKSHASHTRI NAGAR",,"",,,,,,,DELHI,0,,,,,,0,0,,0,,,,0,0000-00-00,0000-00-00,0000-00-00,,,,,0,0,,no,,no,,,,
S1580,"SHARAD INSULATIONS & INTERIORS PVT",,MOHALI (PUNJAB),"MOHALI (PUNJAB)",,Y,0,,0,N,0,,O,"",,"1175PHASE III B-2MOHALI (SITE KHALSA H",,"",,,,,,,MOHALI (PUNJAB),0,,,,,,0,0,,0,,,,0,0000-00-00,0000-00-00,0000-00-00,,,,,0,0,,no,,no,,,,
S1581,"SHARAD INSULATIONS & INTERIORS PVT",,NOIDA   UP,"NOIDA   UP",,Y,0,,0,N,0,,O,"",,"C-73 SECTOR-56",,"",,,,,,,NOIDA   UP,0,,,,,,0,0,,0,,,,0,0000-00-00,0000-00-00,0000-00-00,,,,,0,0,,no,,no,,,,
S1582,"SHARAD INSULATIONS & INTERIORS (P)",,NEW DELHI,"NEW DELHI",,Y,0,,0,N,0,,O,"",,"B-13AMAR COLONY LAJPAT NAGAR-4",,"",,,,,,,NEW DELHI,0,,,,,,0,0,,0,,,,0,0000-00-00,0000-00-00,0000-00-00,,,,,0,0,,no,,no,,,,
S1583,"SHRISTI INFRASTRUCTURE DEV.CORP.LTD",,BHOPAL,"BHOPAL",,Y,0,,0,N,0,,O,"",,"NEORI HILLS BEHIND NEW CENTRAL JAIL",,"",,,,,,,BHOPAL,0,,,,,,0,0,,0,,,,0,0000-00-00,0000-00-00,0000-00-00,,,,,0,0,,no,,no,,,,
S1584,"SURAJ INFRASTRUCTURES PVT LTD",,,"",,Y,0,,0,N,0,,O,"",,"",,"",,,,,,,,0,,,,,,0,0,,0,,,,0,0000-00-00,0000-00-00,0000-00-00,,,,,0,0,,no,,no,,,,
S1585,"SHAPOORJI PALLONJI & CO LTD",,GURGAON (HARYAN),"GURGAON (HARYAN)",,Y,0,,0,N,0,,O,"",,"A.E.P.C PROJECT SECTOR-44",,"",,,,,,,GURGAON (HARYAN),0,,,,,,0,0,,0,,,,0,0000-00-00,0000-00-00,0000-00-00,,,,,0,0,,no,,no,,,,
S1586,"S KAY ENGINEERING  & FURNISHERS",,NEW DELHI,"NEW DELHI",,Y,0,,0,N,0,,O,"",,"10JANGPURA BHOGAL",,"",,,,,,,NEW DELHI,0,,,,,,0,0,,0,,,,0,0000-00-00,0000-00-00,0000-00-00,,,,,0,0,,no,,no,,,,
S1589,"SRI MAHALAXMI TIMBER MART",9845324588,Bangalore,"BANGALORE",S01405,Y,1000000,60,0,N,0,553,D,"",,"1ST CROSS M.S NAGARKAMMANAHALLI MAIN ROADJANAKI RAMA LAYOUT",,"ARVIND PATEL",08025467713,,,,,AABFM4841J,BANGALORE,0,,,patelofpatel@gmail.com,,,0,0,,0,,,,0,0000-00-00,0000-00-00,0000-00-00,,,,560033,0,0,,no,,no,,,,
S1591,"SACHIN ENTERPRISES",9825030301,AHMEDABAD,"AHMEDABAD",,Y,1500000,30,0,N,0,332,D,"",,"305 SEARS TOWERGULBAI TAKRA AMBAWADI",,"SACHIN SHAH",,,,,,AAHFS1618M,AHMEDABAD,0,,,sachinent@hotmail.com,,,0,0,,0,,,,0,0000-00-00,0000-00-00,0000-00-00,,,,380001,0,0,,no,,no,,,,
S1593,"SHREE LAXMI VIJAYA SAWMILL.",8025732902,Bangalore,"BANGALORE",S01405;D02062,Y,0,0,0,N,0,553,D,"",,"# 4/10HOSUR ROAD                       BOMMANAHALLI",,"BHAVESH PATEL",,,,,,AEDPP3540H,BENGALURU,0,,,bhaveshp@gmail.com,,,0,0,,0,,,,0,1971-01-01,1971-01-01,1971-01-01,,,,560068,0,0,no,no,no,no,,,,
S1593,"SHREE LAXMI VIJAYA SAWMILL.",8025732902,BENGALURU,"BENGALURU",S01405;D02062,Y,0,0,0,N,0,553,D,"",,"# 4/10HOSUR ROAD                       BOMMANAHALLI",,"BHAVESH PATEL",,,,,,AEDPP3540H,BENGALURU,0,,,bhaveshp@gmail.com,,,0,0,,0,,,,0,1971-01-01,1971-01-01,1971-01-01,,,,560068,0,0,no,no,no,no,,,,
S160,"S.B.SONS DEHARADUN",,DEHRADUN (U.P.),"DEHRADUN (U.P.)",,Y,0,,0,N,0,,O,"",,"69GANDHI ROAD",,"",,,,,,,DEHRADUN (U.P.),0,,,,,,0,0,,0,,,,0,0000-00-00,0000-00-00,0000-00-00,,,,,0,0,,no,,no,,,,
S1604,"SWEDESH KUMAR PREM SINGH",,GURGAON,"GURGAON",,Y,0,,0,N,0,,O,"",,"GURGAON (HARYANA",,"",,,,,,,GURGAON,0,,,,,,0,0,,0,,,,0,0000-00-00,0000-00-00,0000-00-00,,,,,0,0,,no,,no,,,,
S1605,"SHRI KRISHNA PLYWOOD",,BHUBNESHWAR,"BHUBNESHWAR",,Y,0,,0,N,0,,O,"",,"BHUBNESHWAR ORISSA",,"",,,,,,,BHUBNESHWAR,0,,,,,,0,0,,0,,,,0,0000-00-00,0000-00-00,0000-00-00,,,,,0,0,,no,,no,,,,
S1606,"SONI KUMAR (IVD)",,NEW DELHI,"NEW DELHI",,Y,0,,0,N,0,,O,"",,"",,"",,,,,,,NEW DELHI,0,,,,,,0,0,,0,,,,0,0000-00-00,0000-00-00,0000-00-00,,,,,0,0,,no,,no,,,,
S1607,"SHREE MAHABIR PLYWOOD",981030458,DELHI,"DELHI",,Y,0,0,0,N,0,,D,"",,"222/1-2 RAMA MARKET PITAM PURA",,"",,,,,,AEJPG8830P,DELHI,0,,,shreemahabeerplywood@yahoo.com,,,0,0,,0,,,,0,0000-00-00,0000-00-00,0000-00-00,,,,,0,0,,no,,no,,,,
S1608,"SPENTA MULTIMEDIA ,MUMBAI",,,"",,Y,0,,0,N,0,,O,"",,"",,"",,,,,,,,0,,,,,,0,0,,0,,,,0,0000-00-00,0000-00-00,0000-00-00,,,,,0,0,,no,,no,,,,
S1609,"SHREE NATH LUMBER PRODUCTS",,NEW DELHI,"NEW DELHI",,Y,0,,0,N,0,,O,"",,"1/50/1BASMENTWHS TIMBER KIRTI  NAGAR",,"",,,,,,,NEW DELHI,0,,,,,,0,0,,0,,,,0,0000-00-00,0000-00-00,0000-00-00,,,,,0,0,,no,,no,,,,
S1610,"SUMEET OVERSEAS",,DELHI,"DELHI",,Y,0,,0,N,0,,O,"",,"A-23-24101SATIJA HOUSE DR.MUKHERJEE NAGAR",,"",,,,,,,DELHI,0,,,,,,0,0,,0,,,,0,0000-00-00,0000-00-00,0000-00-00,,,,,0,0,,no,,no,,,,
S1611,"SUNIL PLYWOOD AGENCY",9896690502,HISSAR,"HISSAR",S10239,Y,0,0,0,N,0,443,D,"",,"348LOHA MANDI  India",,"SUNIL AGGARWAL",9896690502,,,,,AFPPA9977C,HISSAR,0,,,sunilplywoodagency@gmail.com,,,0,0,,0,,,,0,0000-00-00,0000-00-00,0000-00-00,,,,125001,0,0,,no,,no,,,,
S1612,"SRISTHI PLYWOOD -RAIPUR",,RAIPUR-CHATTISGARH,"RAIPUR-CHATTISGARH",,Y,0,,0,N,0,,O,"",,"JANAK BADA K.K.ROAD MOUDHA PARA",,"",,,,,,,RAIPUR-CHATTISGARH,0,,,,,,0,0,,0,,,,0,0000-00-00,0000-00-00,0000-00-00,,,,,0,0,,no,,no,,,,
S1613,"SHREE PARKASH SATISH KUMAR",,NEW DELHI,"NEW DELHI",,Y,0,,0,N,0,,O,"",,"7265-66 PREM NAGAR SHAKTI NAGAR",,"",,,,,,,NEW DELHI,0,,,,,,0,0,,0,,,,0,0000-00-00,0000-00-00,0000-00-00,,,,,0,0,,no,,no,,,,
S1614,"SEWA RAM & COMPANY",,NEW DELHI,"NEW DELHI",,Y,0,30,0,N,0,,O,"",,"1495WAZIR NAGAR KOTLA MUBARAKPUR",,"",,,,,,AANFS6549M,NEW DELHI,0,,,,,,0,0,,0,,,,0,0000-00-00,0000-00-00,0000-00-00,,,,,0,0,,no,,no,,,,
S1615,"SHEKHAR RESORT LTD",,AGRA  UP,"AGRA  UP",,Y,0,,0,N,0,,O,"",,"FATEHABAD ROAD (H.O.GULMOHAR ENCL.BULAND",,"",,,,,,,AGRA  UP,0,,,,,,0,0,,0,,,,0,0000-00-00,0000-00-00,0000-00-00,,,,,0,0,,no,,no,,,,
S1621,"STANDARD SHIPPING AGENCY,MUMBAI",,MUMBAI,"MUMBAI",,Y,0,,0,N,0,,O,"",,"13 ANAND BHAVAN290 S.B. ROAD IInd FLOOROOP.",,"",,,,,,,MUMBAI,0,,,,,,0,0,,0,,,,0,0000-00-00,0000-00-00,0000-00-00,,,,,0,0,,no,,no,,,,
S1622,"SWARAJ SUCHI ARON",,BAREILLY,"BAREILLY",,Y,0,,0,N,0,,O,"",,"BAREILLY UP",,"",,,,,,,BAREILLY,0,,,,,,0,0,,0,,,,0,0000-00-00,0000-00-00,0000-00-00,,,,,0,0,,no,,no,,,,
S1623,"SEATTLE SERVICE",,DELHI,"DELHI",,Y,0,,0,N,0,,O,"",,"NEW DELHI",,"",,,,,,,DELHI,0,,,,,,0,0,,0,,,,0,0000-00-00,0000-00-00,0000-00-00,,,,,0,0,,no,,no,,,,
S1625,"SUN SHINE PLYWOOD",,NEW DELHI,"NEW DELHI",,Y,0,,0,N,0,,O,"",,"851-AHANUMAN MANDIR ROAD CHIRAG DELHI",,"",,,,,,,NEW DELHI,0,,,,,,0,0,,0,,,,0,0000-00-00,0000-00-00,0000-00-00,,,,,0,0,,no,,no,,,,
S1626,"SUHRIT SERVICES PVT LTD",,,"",,Y,0,,0,N,0,,O,"",,"",,"",,,,,,,,0,,,,,,0,0,,0,,,,0,0000-00-00,0000-00-00,0000-00-00,,,,,0,0,,no,,no,,,,
S1628,"SURYA SALES",,DELHI,"DELHI",,Y,0,,0,N,0,,O,"",,"NEW DELHI",,"",,,,,,,DELHI,0,,,,,,0,0,,0,,,,0,0000-00-00,0000-00-00,0000-00-00,,,,,0,0,,no,,no,,,,
S1629,"SHREE SHYAM ENTERPRISES",,DELHI,"DELHI",,Y,0,,0,N,0,,O,"",,"882GALI BERI WALI KUCHA SITA RAM BAZAR",,"",,,,,,,DELHI,0,,,,,,0,0,,0,,,,0,0000-00-00,0000-00-00,0000-00-00,,,,,0,0,,no,,no,,,,
S1630,"SAINI STORES",,DELHI,"DELHI",,Y,0,,0,N,0,,O,"",,"GD BLOCK MARKET SHOP NO.13PITAMPURA",,"",,,,,,,DELHI,0,,,,,,0,0,,0,,,,0,0000-00-00,0000-00-00,0000-00-00,,,,,0,0,,no,,no,,,,
S1632,"SHRI SHYAM PROCESS",,NEW DELHI,"NEW DELHI",,Y,0,,0,N,0,,O,"",,"40 MODEL BASTI KAROL BA",,"",,,,,,,NEW DELHI,0,,,,,,0,0,,0,,,,0,0000-00-00,0000-00-00,0000-00-00,,,,,0,0,,no,,no,,,,
S1634,"SHREE TIMBER & PLYWOOD",,JAIPUR,"JAIPUR",,Y,0,,0,N,0,,O,"",,"GOVIND MARG",,"",,,,,,,JAIPUR,0,,,,,,0,0,,0,,,,0,0000-00-00,0000-00-00,0000-00-00,,,,,0,0,,no,,no,,,,
S1636,"STUDIO'69, LUDHIANA",,,"",,Y,0,,0,N,0,,O,"",,"",,"",,,,,,,,0,,,,,,0,0,,0,,,,0,0000-00-00,0000-00-00,0000-00-00,,,,,0,0,,no,,no,,,,
S1637,"SUNNY VALLEY COPR. HOUSING SOCIETY",,NEW DELHI,"NEW DELHI",,Y,0,,0,N,0,,O,"",,"SECT.12PLOT NO.27 PAPPA DAWARKA",,"",,,,,,,NEW DELHI,0,,,,,,0,0,,0,,,,0,0000-00-00,0000-00-00,0000-00-00,,,,,0,0,,no,,no,,,,
S1642,"SATGURU AGRO INDUSTRIES",,DIST.ROPER (PUNJAB),"DIST.ROPER (PUNJAB)",,Y,0,,0,N,0,,O,"",,"VILLAGE:-MATHARI NEA CATOULI RDP.O.KURALI",,"",,,,,,,DIST.ROPER (PUNJAB),0,,,,,,0,0,,0,,,,0,0000-00-00,0000-00-00,0000-00-00,,,,,0,0,,no,,no,,,,
S1644,"S.R.ENTERPRISES",,JAIPUR (RAJASTHAN),"JAIPUR (RAJASTHAN)",,Y,0,,0,N,0,,O,"",,"NEAR SECTOR-IIIPRATAP NA MAIN TANK ROADSANGANER",,"",,,,,,,JAIPUR (RAJASTHAN),0,,,,,,0,0,,0,,,,0,0000-00-00,0000-00-00,0000-00-00,,,,,0,0,,no,,no,,,,
S1645,"SUNDARAM PLY HOUSE",9775352595,BURDWAN,"BURDWAN",,Y,0,0,0,N,0,,O,"",,"GHORDHWR CHATTI G.T. ROADCHANDNI MORE BURDWAN",,"SAILESH  PATEL",,,,,,AKLPP5361N,BURDWAN,0,,,,,,0,0,,0,,,,0,0000-00-00,0000-00-00,0000-00-00,,,,,0,0,,no,,no,,,,
S1662,"SINGHAL TIMBERS PVT LTD",9811085526,NEW DELHI,"NEW DELHI",S10244,Y,0,0,0,N,0,441,D,"",,"A 10/1 MASJID ROAD JUNGPURA BHOGAL",,"SANJAY GUPTA",9873405526,,,,,AALCS7749C,NEW DELHI,0,,,stpl03@yahoo.com,,,0,0,,0,,,,0,0000-00-00,0000-00-00,0000-00-00,,,,,0,0,,no,,no,,,,
S1665,"SWADESHI MANUFACTURES PVT.LTD.",,NOIDA (U.P.),"NOIDA (U.P.)",S10056,Y,0,0,0,N,0,,O,"",,"A-69SECTOR-64",,"",,,,,,,NOIDA (U.P.),0,,,,,,0,0,,0,,,,0,0000-00-00,0000-00-00,0000-00-00,,,,,0,0,,no,,no,,,,
S1673,"SHRI KUTCH KADWA PATIDAR SAMAJ",,NEW DELHI,"NEW DELHI",,Y,0,,0,N,0,,O,"",,"17-A PATEL BLOCKRAGHU N PANKHA ROAD",,"",,,,,,,NEW DELHI,0,,,,,,0,0,,0,,,,0,0000-00-00,0000-00-00,0000-00-00,,,,,0,0,,no,,no,,,,
S1674,"SONI INDUSTRIES",,LUDHIANA (PUNJAB),"LUDHIANA (PUNJAB)",,Y,0,,0,N,0,,O,"",,"MULLANPUR ROAD HAMBRAN",,"",,,,,,,LUDHIANA (PUNJAB),0,,,,,,0,0,,0,,,,0,0000-00-00,0000-00-00,0000-00-00,,,,,0,0,,no,,no,,,,
S1694,"S S PANESAR",,NAMRUP,"NAMRUP",,Y,0,,0,N,0,,O,"",,"NAMRUP ASSAM",,"",,,,,,,NAMRUP,0,,,,,,0,0,,0,,,,0,0000-00-00,0000-00-00,0000-00-00,,,,,0,0,,no,,no,,,,
S1708,"SODI SINGH",,DELHI,"DELHI",,Y,0,,0,N,0,,O,"",,"",,"",,,,,,,DELHI,0,,,,,,0,0,,0,,,,0,0000-00-00,0000-00-00,0000-00-00,,,,,0,0,,no,,no,,,,
S1720,"SHREE VINAYAK AGENCY",9826055351,BHOPAL,"BHOPAL",,Y,1500000,30,0,N,0,446,O,"",,"2/1 ASHOKA SHALIMARE-3 ARERA COLONY",,"",,,,,,,BHOPAL,0,,,,,,0,0,,0,,,,0,0000-00-00,0000-00-00,0000-00-00,,,,462016,0,0,,no,,no,,,,
S1721,"SRI RAGHAVENDRA GLASS & PLYWOODS",09449169608,HOSPET,"HOSPET",S01806,Y,1000000,60,0,N,0,553,D,"",,"NEAR GALEMO TEMPLEDAM ROAD",,"ANAND RAIBAGI",08394220140,,,,,AICPR9775K1ZA,HOSPET,0,,,raghavendraglassplywood@rediffmail.com,,,0,0,,0,,,,0,0000-00-00,0000-00-00,0000-00-00,,,,583201,0,0,,no,,no,,,,
S1725,"SUPERCON CONSTRUCTION",,,"",,Y,0,,0,N,0,,O,"",,"C/O LIC SAMATARAPUR PURI ROAD BHUBANESWAR",,"",,,,,,,,0,,,,,,0,0,,0,,,,0,0000-00-00,0000-00-00,0000-00-00,,,,,0,0,,no,,no,,,,
S1725,"SUPERCON CONSTRUCTION",,NULL,"NULL",,Y,0,,0,N,0,,O,"",,"C/O LIC SAMATARAPUR PURI ROAD BHUBANESWAR",,"",,,,,,,,0,,,,,,0,0,,0,,,,0,0000-00-00,0000-00-00,0000-00-00,,,,,0,0,,no,,no,,,,
S1726,"SHREE SHYAM PLYWOOD",9352028489,JAIPUR,"JAIPUR",,Y,0,15,0,N,0,,O,"",,"B-1A ROAD NO. D VKI AREA NR KRISHANA DHARAM KANTA",,"DEEPAK JSN",,,,,,ABCPM1557F,JAIPUR,0,,,deepakjsn@gmail.com,,,0,0,,0,,,,0,0000-00-00,0000-00-00,0000-00-00,,,,,0,0,,no,,no,,,,
S1727,"SWASTIK PLYWOODS",+91-83124-73444,BELGAUM,"BELGAUM",S01797,Y,0,0,0,N,0,553,D,"",,"975/2 CTS NO 4833/BAMBEDKAR ROAD       NEHRU NAGARBELGAUM BELAGAVI            NEHRU NAGAR",,"RAJESH PATEL",,,,,,ABPFS7293B,BELGAUM,0,,,,,,0,0,,0,,,,0,0000-00-00,0000-00-00,0000-00-00,,,,590010,0,0,,,,,,,,
S1736,"SHARDA TRADERS",,CHANDIGARH (U.T),"CHANDIGARH (U.T)",,Y,0,,0,N,0,,O,"",,"SHOP NO.164GALI NO.6 SHANTI NAGARMANIMAJRA",,"",,,,,,,CHANDIGARH (U.T),0,,,,,,0,0,,0,,,,0,0000-00-00,0000-00-00,0000-00-00,,,,,0,0,,no,,no,,,,
S1737,"SHREE SHYAM TRADING CO.",9355370661,YAMUNANAGAR,"YAMUNANAGAR",,Y,0,15,0,N,0,,O,"",,"E-23IND.AREA",,"",,,,,,AEFPA3836K,YAMUNANAGAR,0,,,agarwalhemant13@gmail.com,,,0,0,,0,,,,0,0000-00-00,0000-00-00,0000-00-00,,,,,0,0,,no,,no,,,,
S1738,"SINCERE DEVELOPERS (P) LTD",,AGRA (U.P.),"AGRA (U.P.)",,Y,0,,0,N,0,,O,"",,"BLOCK-53/4 U.PEE TOWER IIIRD FLOOR SANAJAY PLACE",,"",,,,,,,AGRA (U.P.),0,,,,,,0,0,,0,,,,0,0000-00-00,0000-00-00,0000-00-00,,,,,0,0,,no,,no,,,,
S1741,"STUDIO MODULAR FURNITURE SOLUTIONS",,SAHIBABAD (U.P.),"SAHIBABAD (U.P.)",,Y,0,,0,N,0,,O,"",,"61/10  SITE-4IND.AREA  GHAZIABAD",,"",,,,,,,SAHIBABAD (U.P.),0,,,,,,0,0,,0,,,,0,0000-00-00,0000-00-00,0000-00-00,,,,,0,0,,no,,no,,,,
S1748,"SUDARSHAN LAL AGGARWAL & SONS",,PATHANKOT,"PATHANKOT",,Y,0,,0,N,0,,O,"",,"OUTSIDE OCTROI NEAR A.B.COLLEGEMAMOON",,"",,,,,,,PATHANKOT,0,,,,,,0,0,,0,,,,0,0000-00-00,0000-00-00,0000-00-00,,,,,0,0,,no,,no,,,,
S1749,"SHRI ADHYA KATYANI SHAKTIPEETH MNDR",,NEW DELHI,"NEW DELHI",,Y,0,,0,N,0,,O,"",,"CHATTERPUR",,"",,,,,,,NEW DELHI,0,,,,,,0,0,,0,,,,0,0000-00-00,0000-00-00,0000-00-00,,,,,0,0,,no,,no,,,,
S175,"SALIGRAM OMPRAKASH",9814034620,LUDHIANA,"LUDHIANA",S10257,Y,7500000,60,0,N,0,454,D,"",,"760BHARAT NAGAR CHOWK FEROZPUR ROAD",,"AMI T JI",9878900008,,,,,AAQFS7487R,LUDHIANA,0,,,amitpanesar@yahoo.com,,,0,0,,0,,,,0,0000-00-00,0000-00-00,0000-00-00,,,,141001,0,0,,no,,no,,,,
S1750,"SATYAJIT ADITYA",,,"",,Y,0,,0,N,0,,O,"",,"",,"",,,,,,,,0,,,,,,0,0,,0,,,,0,0000-00-00,0000-00-00,0000-00-00,,,,,0,0,,no,,no,,,,
S1751,"SARASWATI BAL MANDIR",,NEW DELHI,"NEW DELHI",,Y,0,,0,N,0,,O,"",,"NEHRU NAGAR RING ROAD NEAR D.A.V. COLLEGE",,"",,,,,,,NEW DELHI,0,,,,,,0,0,,0,,,,0,0000-00-00,0000-00-00,0000-00-00,,,,,0,0,,no,,no,,,,
S1752,"SOUBHAGYA BANQUET",,,"",,Y,0,,0,N,0,,O,"",,"",,"",,,,,,,,0,,,,,,0,0,,0,,,,0,0000-00-00,0000-00-00,0000-00-00,,,,,0,0,,no,,no,,,,
S1753,"SRI NAGAR GLASS & PLYWOOD (P) LTD",,,"",,Y,0,,0,N,0,,O,"",,"",,"",,,,,,,,0,,,,,,0,0,,0,,,,0,0000-00-00,0000-00-00,0000-00-00,,,,,0,0,,no,,no,,,,
S1754,"SOHAN LAL JANGID",,NEW DELHI,"NEW DELHI",,Y,0,,0,N,0,,O,"",,"A-515ASANGAM VIHAR",,"",,,,,,,NEW DELHI,0,,,,,,0,0,,0,,,,0,0000-00-00,0000-00-00,0000-00-00,,,,,0,0,,no,,no,,,,
S1755,"SWADESH KR PREM SINGH",,GURGAON  (HARYANA,"GURGAON  (HARYANA",,Y,0,,0,N,0,,O,"",,"1593 SECTOR -23 GURGAON",,"",,,,,,,GURGAON  (HARYANA,0,,,,,,0,0,,0,,,,0,0000-00-00,0000-00-00,0000-00-00,,,,,0,0,,no,,no,,,,
S1756,"S K SHARMA",,,"",,Y,0,,0,N,0,,O,"",,"",,"",,,,,,,,0,,,,,,0,0,,0,,,,0,0000-00-00,0000-00-00,0000-00-00,,,,,0,0,,no,,no,,,,
S1757,"SACHINDRA MAHESHWARI",,NEW DELHI,"NEW DELHI",,Y,0,,0,N,0,,O,"",,"4PURBI MARG BASANT VIHAR",,"",,,,,,,NEW DELHI,0,,,,,,0,0,,0,,,,0,0000-00-00,0000-00-00,0000-00-00,,,,,0,0,,no,,no,,,,
S1758,"SACHIN PRATISHAN",,ALLAHABAD (UP),"ALLAHABAD (UP)",,Y,0,,0,N,0,,O,"",,"189/199 TILAK ROAD BAS MANDI",,"",,,,,,,ALLAHABAD (UP),0,,,,,,0,0,,0,,,,0,0000-00-00,0000-00-00,0000-00-00,,,,,0,0,,no,,no,,,,
S1759,"S P CONSTRUCTION CO",,BATHINDA    PB,"BATHINDA    PB",,Y,0,,0,N,0,,O,"",,"H.N.21783 GALI NO.02 POWER HOUSE ROAD",,"",,,,,,,BATHINDA    PB,0,,,,,,0,0,,0,,,,0,0000-00-00,0000-00-00,0000-00-00,,,,,0,0,,no,,no,,,,
S1760,"SANRACHNA",,NEW DELHI,"NEW DELHI",,Y,0,,0,N,0,,O,"",,"213-215RAJPUR EXT. NEAR CHATTERPUR MANDIR",,"",,,,,,,NEW DELHI,0,,,,,,0,0,,0,,,,0,0000-00-00,0000-00-00,0000-00-00,,,,,0,0,,no,,no,,,,
S1762,"SHAKUNTALA SWEETS & NAMKEEN",,NOIDA    (U.P.),"NOIDA    (U.P.)",,Y,0,,0,N,0,,O,"",,"(UNITS OF SUNAGAR TRADING C-58/15AC BLACK MAIN MKT",,"",,,,,,,NOIDA    (U.P.),0,,,,,,0,0,,0,,,,0,0000-00-00,0000-00-00,0000-00-00,,,,,0,0,,no,,no,,,,
S1763,"SWARJ SUCJHI ARON",,BAREILLY      UP,"BAREILLY      UP",,Y,0,,0,N,0,,O,"",,"W/o LATE SH. G.C.ARON 297CIVIL LINE",,"",,,,,,,BAREILLY      UP,0,,,,,,0,0,,0,,,,0,0000-00-00,0000-00-00,0000-00-00,,,,,0,0,,no,,no,,,,
S1764,"SETTLE SERVICE",,NEW DELHI,"NEW DELHI",,Y,0,,0,N,0,,O,"",,"202OKHLA IND.ESTATE PHASE-IIIOKHLA",,"",,,,,,,NEW DELHI,0,,,,,,0,0,,0,,,,0,0000-00-00,0000-00-00,0000-00-00,,,,,0,0,,no,,no,,,,
S1765,"SURYA SALES",9810120651,NEW DELHI,"NEW DELHI",S10152;S10042,Y,0,0,0,N,0,441,D,"",,"1/99 W.H.S.                              KIRTI NAGAR                              NEW DELHI",,"DAYARAM PATEL",,,,,,AAMFS9968D,DELHI,0,,,suryasales99@gmail.com,,,0,0,,0,,,,0,1971-01-01,1971-01-01,1971-01-01,,,,110015,0,0,no,no,no,no,,,,
S1765,"SURYA SALES",9810120651,DELHI,"DELHI",S10152;S10042,Y,0,0,0,N,0,441,D,"",,"1/99 W.H.S.                              KIRTI NAGAR                              NEW DELHI",,"DAYARAM PATEL",,,,,,AAMFS9968D,DELHI,0,,,suryasales99@gmail.com,,,0,0,,0,,,,0,1971-01-01,1971-01-01,1971-01-01,,,,110015,0,0,no,no,no,no,,,,
S1766,"SUNITA TAYAL",,NEW DELHI,"NEW DELHI",,Y,0,,0,N,0,,O,"",,"D-32P.R.ROADGURU NANAK ADARSH NAGAR EXT.",,"",,,,,,,NEW DELHI,0,,,,,,0,0,,0,,,,0,0000-00-00,0000-00-00,0000-00-00,,,,,0,0,,no,,no,,,,
S1782,"S K ENTERPRISES",,BERHAMPER,"BERHAMPER",,Y,250000,30,0,N,0,,O,"",,"TATA BENZ SQUARE BERHAMPUR",,"KUNI MISHRA",,,,,,,BERHAMPER,0,,,,,,0,0,,0,,,,0,0000-00-00,0000-00-00,0000-00-00,,,,,0,0,,no,,no,,,,
S1793,"SINGLA PLYWOOD AGENCY",9034085880,SAFIDON (JIND),"SAFIDON (JIND)",,Y,0,0,0,N,0,,O,"",,"PNB BANK RAILWAY ROAD DISTT. JIND",,"AJAY SINGLA",,,,,,ACUPS0517N,SAFIDON (JIND),0,,,,,,0,0,,0,,,,0,0000-00-00,0000-00-00,0000-00-00,,,,,0,0,,no,,no,,,,
S1796,"SCG CONTRACTS INDIA P.LTD.",9810481640,AHMEDABAD,"AHMEDABAD",,Y,0,0,0,N,0,,O,"",,"RUCHI MALL PLOT NO.216 SCHEME NO.1 VASTRAPUR",,"",,,,,,,AHMEDABAD,0,,,,,,0,0,,0,,,,0,0000-00-00,0000-00-00,0000-00-00,,,,,0,0,,no,,no,,,,
S1801,"SAIFY INTERIOR DECORATORS",,AGRA,"Agra",,Y,0,,0,N,0,,P,"",,"E-65 KAMAL NAGAR-AGRA C/O JAY PEE GREEN GREATER NOIDA",,"",,,,,,ADVPJ0673N,AGRA,0,,,,,,0,0,,0,,,,0,0000-00-00,0000-00-00,0000-00-00,,,,,0,0,,no,,no,,,,
S1810,"SADHWANI WOOD PRODUCTS PVT LTD",9828024552,KOTA,"KOTA",S10250,Y,8000000,60,0,N,0,427,D,"",,"20SMALL SCALE INDUSTRIAL AREA INFRONT OF INDIAN GAS FURNITURE IND. AREA",,"JITENDRA SADHWANI",9828024552,,,,,AANCS1938F,KOTA,0,,,swpkota@gmail.com,,,0,0,,0,,,,0,0000-00-00,0000-00-00,0000-00-00,,,,324007,0,0,,,,,,,,
S1813,"SANDEEP MITTAL",,ROHINI-NEW DELHI,"ROHINI-NEW DELHI",,Y,0,,0,N,0,,O,"",,"331SECTOR-10",,"",,,,,,,ROHINI-NEW DELHI,0,,,,,,0,0,,0,,,,0,0000-00-00,0000-00-00,0000-00-00,,,,,0,0,,no,,no,,,,
S1819,"SAMPDA ASSOCIATES",,CHANDIGARH,"CHANDIGARH",,Y,0,,0,N,0,,O,"",,"JW-MARRIOR HOTEL PLOT NO.6 SECTOR-35",,"",,,,,,,CHANDIGARH,0,,,,,,0,0,,0,,,,0,0000-00-00,0000-00-00,0000-00-00,,,,,0,0,,no,,no,,,,
S1821,"SHIVAM GLASS",,PATNA,"PATNA",,Y,0,,0,N,0,219,D,"",,"GOLA ROADDANAPUR",,"",,,,,,,PATNA,0,,,,,,0,0,,0,,,,0,0000-00-00,0000-00-00,0000-00-00,,,,801503,0,0,,no,,no,,,,
S1825,"SHIVANG TRADING CO.",,GURGAON,"GURGAON",,Y,0,0,0,N,0,,D,"",,"ISLAMPUR SONA ROAD",,"",,,,,,AAHPG2469C,GURGAON,0,,,,,,0,0,,0,,,,0,0000-00-00,0000-00-00,0000-00-00,,,,,0,0,,no,,no,,,,
S1828,"SHRAVAN MUNDHA",0,Howrah,"HOWRAH",S01657;D02002,Y,0,0,0,N,0,457,O,"",,"5 AAINUDDIN GHAT MAJHI LANE",,"0",,,,,,0,HOWRAH,0,,,0,,,0,0,,0,,,,0,0000-00-00,0000-00-00,0000-00-00,,,,711101,0,0,,no,,no,,,,
S1829,"SHREE SHYAM BASTRALAY",0,BIRBHUM,"BIRBHUM",S01657;D02002,Y,0,0,0,N,0,457,O,"",,"HATTOLA MAIN ROAD P O - SAINTHIA",,"0",,,,,,0,BIRBHUM,0,,,0,,,0,0,,0,,,,0,0000-00-00,0000-00-00,0000-00-00,,,,731234,0,0,,no,,no,,,,
S1832,"SHAPOORJI PALLONJI & CO LTD",09212576913,GREATER NOIDA,"GREATER NOIDA",S10008,Y,0,0,0,N,0,441,P,"",,"TCSC-56 PHASE-II KASNA ROAD BY PASS HAPUR ROAD",,"PARUL",,,,,,,GREATER NOIDA,0,,,vinodsinha@shapoorji.com,,,0,0,,0,,,,0,0000-00-00,0000-00-00,0000-00-00,,,,201308,0,0,no,no,,no,,,,
S1834,"SHAW ASSOCIATES",,KOLKATA,"KOLKATA",,Y,0,0,0,N,0,,O,"",,"NUNGI STATION ROAD PARBANGLA BATANAGAR",,"PRAMOD SHAW",,,,,,,KOLKATA,0,,,,,,0,0,,0,,,,0,0000-00-00,0000-00-00,0000-00-00,,,,,0,0,,no,,no,,,,
S1842,"SWARAN LATA GUPTA",,DELHI,"DELHI",,Y,0,,0,N,0,,O,"",,"4CAVLARY LANEMALL ROAD",,"",,,,,,,DELHI,0,,,,,,0,0,,0,,,,0,0000-00-00,0000-00-00,0000-00-00,,,,,0,0,,no,,no,,,,
S1857,"SHIVA PLYWOOD",,SAMALKHA,"SAMALKHA",,Y,0,0,0,N,0,,D,"",,"BLUE JAY ROADKRISHNA COLONY MODEL TOWN SAMALKHA NEAR HANUMAN MANDIR",,"KARMAVIR DHANDA",,,,,,AQPPS8527F,SAMALKHA,0,,,,,,0,0,,0,,,,0,0000-00-00,0000-00-00,0000-00-00,,,,,0,0,,no,,no,,,,
S1864,"SNEHA ENTERPRISES",09886045668,Bellary,"BELLARY",S01806,Y,1000000,60,0,N,0,553,D,"",,"INFANTRY ROADNEAR DURGAMBA TEMPLE",,"JADAHAV MURARI",08392268093,,,,,AFAPJ2628G,BELLARY,0,,,snehajadhav2007@yahoo.co.in,,,0,0,,0,,,,0,0000-00-00,0000-00-00,0000-00-00,,,,583104,0,0,,no,,no,,,,
S1866,"SAVEENA AHUJA",,NEW DELHI,"NEW DELHI",,Y,0,,0,N,0,,O,"",,"C-2/22 S.D.A. ARVINDO MARKET",,"",,,,,,,NEW DELHI,0,,,,,,0,0,,0,,,,0,0000-00-00,0000-00-00,0000-00-00,,,,,0,0,,no,,no,,,,
S1872,"SCG CONTRACTS INDIA PVT.LTD.",9560739341,FARIDABAD,"Faridabad",S10155,Y,0,30,0,N,0,441,P,"",,"5481ST FLOOR SECTOR-23",,"VINAY GUPTA",,,,,,AAGCS3020B,FARIDABAD,0,,,scgindia@hotmail.com,,,0,0,,0,,,,0,0000-00-00,0000-00-00,0000-00-00,,,,121005,0,0,no,no,,no,,,,
S1875,"SURAJ LAL JANGID",,RAJASTHAN,"",,Y,0,,0,N,0,,O,"",,"AJMER",,"",,,,,,,RAJASTHAN,0,,,,,,0,0,,0,,,,0,0000-00-00,0000-00-00,0000-00-00,,,,,0,0,,no,,no,,,,
S1891,"SHANKAR PLYWOOD",,NARKATIAGANJ,"NARKATIAGANJ",,Y,0,,0,N,0,219,D,"",,"MAIN ROAD",,"",,,,,,,NARKATIAGANJ,0,,,,,,0,0,,0,,,,0,0000-00-00,0000-00-00,0000-00-00,,,,845455,0,0,,no,,no,,,,
S1900,"SARDA PLYWOOD IND.LTD.,JEYPORE",,JEYPORE (ASSAM),"JEYPORE (ASSAM)",,Y,0,,0,N,0,,O,"",,"DIST.DIBRUGARH ASSAM",,"",,,,,,,JEYPORE (ASSAM),0,,,sarda.jeypore@duroply.com,,,0,0,,0,,,,0,0000-00-00,0000-00-00,0000-00-00,,,,,0,0,,no,,no,,,,
S1901,"DUROPLY INDUSTRIES LTD.,KOLKATA",9230065961,KOLKATA,"KOLKATA",S01657;D02002,Y,500000,0,0,N,0,221,O,"",,"113PARK STREET NORTH BLOCK 4th FLOOR PODDAR POINT",,"KRISHNENDU DASTIDAR",9830198208,,,,,0,KOLKATA,0,,,corp@duroply.com,,,0,0,,0,,,,0,0000-00-00,0000-00-00,0000-00-00,,,,700016,0,0,,,,,,,,
S1902,"SARDA PLYWOOD IND.LTD.,DELHI",9268574219,NEW DELHI,"NEW DELHI",,Y,5000,0,0,N,0,441,O,"",,"1/35IST/IINDFLOOR WHSTIMBER MKT KIRTI NAGAR",,"0",,,,,,AADCS7642C,NEW DELHI,0,,,naval.dixit@duroply.com,,,0,0,,0,,,,0,0000-00-00,0000-00-00,0000-00-00,,,,110015,0,0,,,,,,,,
S1909,"SARDA PLYWOOD IND.LTD.,HYDERABAD",9052621218,HYDERABAD,"HYDERABAD",,Y,0,30,0,N,0,554,O,"",,"#1-111/4/1/491st FloorPlot No:49 Ravi Enclave Beside Health Valley Kondapur Hitec City",,"",,,,,,AADCS7642C,HYDERABAD,0,,,sardahyd@duroply.com,,,0,0,,0,,,,0,0000-00-00,0000-00-00,0000-00-00,,,,500084,0,0,,,,,,,,
S1910,"DUROPLY IND.LTD.-RANCHI",,RANCHI,"RANCHI",D01932,Y,0,0,0,N,0,222,O,"",,"PULSAR PLAZA 2ND FLOOR                  LINE TANK ROAD BEHIND FIRAYALAL        MAIN ROAD",,"0",,,,,,AADCS7642C,RANCHI,0,,,ranchi@duroply.com,,,0,0,,0,,,,0,0000-00-00,0000-00-00,0000-00-00,,,,834001,0,0,,,,,,,,
S1911,"SARDA PLYWOOD IND.LTD.,GUWAHATI",0,GUWAHATI,"GUWAHATI",,Y,0,0,0,N,0,215,O,"",,"Opp. PUB BARAGAON L.P. SCHOOL GOSAIGAON P.O. & P.S. GARCHUK DIST. KAMRUP(METRO)",,"0",,,,,,0,GUWAHATI,0,,,sales.guwahati@duroply.com,,,0,0,,0,,,,0,0000-00-00,0000-00-00,0000-00-00,,,,781035,0,0,,,,,,,,
S1912,"SARDA PLYWOOD IND.LTD.,LUCKNOW",7852866066,LUCKNOW,"LUCKNOW",,Y,0,1,0,N,0,,O,"",,"E-79TRANSPORT NAGAR",,"",,,,,,AADCS7642C,LUCKNOW,0,,,sales.lucknow@duroply.com,,,0,0,,0,,,,0,0000-00-00,0000-00-00,0000-00-00,,,,,0,0,,no,,no,,,,
S1913,"DUROPLY IND.LTD.-GHAZIABAD",7852866066,GHAZIABAD,"GHAZIABAD",S10230,Y,0,0,0,N,0,448,O,"",,"A-1/308 Sector-17Swadeshi Polytech     Maharana Pratap Marg                     Kavinagar Industrial Area",,"Mr. MUKESH TIWARI",,,,,,AADCS7642C,GHAZIABAD,0,,,sales.ghaziabad@duroply.com,,,0,0,,0,,,,0,1971-01-01,1971-01-01,1971-01-01,,,,201002,0,0,no,no,no,no,,,,
S1914,"SARDA PLYWOOD IND.LTD.,BHUBNESHWAR",9238450312,BHUBNESHWAR,"BHUBNESHWAR",,Y,0,30,0,N,0,,O,"",,"Plot No- 35 1st FLOOR  BAPUJI NAGAR",,"",,,,,,,BHUBNESHWAR,0,,,dillip.dash@duroply.com,,,0,0,,0,,,,0,0000-00-00,0000-00-00,0000-00-00,,,,,0,0,,no,,no,,,,
S1917,"SARDA PLYWOOD IND.LTD.,PATNA",9263630857,PATNA,"PATNA",,Y,0,30,0,N,0,219,O,"",,"BARI PAHARIi NEAR SHIV MANDIR AGAMKUANWORD NO 56",,"0",,,,,,0,PATNA,0,,,patna@duroply.com,,,0,0,,0,,,,0,0000-00-00,0000-00-00,0000-00-00,,,,800030,0,0,,,,no,,,,
S1941,"SUN EVENT MANAGEMENT PVT.LTD",,KARNAL (HARYANA),"KARNAL (HARYANA)",,Y,0,,0,N,0,,O,"",,"786TAGORE ENCLAVESECTOR-6 URBAN ESTATE",,"",,,,,,AAMC5483L,KARNAL (HARYANA),0,,,,,,0,0,,0,,,,0,0000-00-00,0000-00-00,0000-00-00,,,,,0,0,,no,,no,,,,
S1943,"SAHNI TRADING CO",,ROORKI DEHRADUAN,"ROORKI, DEHRADUAN",,Y,0,0,0,N,0,,D,"",,"797 DEHRADUN ROAD NEAR TELE EXCHANGE",,"ASHISH SAHNI",,,,,,AGJPS3018D,ROORKI, DEHRADUAN,0,,,,,,0,0,,0,,,,0,0000-00-00,0000-00-00,0000-00-00,,,,,0,0,,no,,no,,,,
S1955,"SAHNI PLYWOOD CO",,ROORKIDEHRADUAN(UK),"ROORKI,DEHRADUAN(UK)",,Y,0,,0,N,0,,O,"",,"797DEHRADUN ROAD NEAR TELE EXCHANGE",,"",,,,,,,ROORKI,DEHRADUAN(UK),0,,,,,,0,0,,0,,,,0,0000-00-00,0000-00-00,0000-00-00,,,,,0,0,,no,,no,,,,
S1963,"SHIVAM ENTERPRISES",9334135335,PATNA,"PATNA",S01386,Y,3000000,30,0,N,0,219,D,"",,"SHOP NO 6 KALYANI COMPLEX EXHIBTION RAOD",,"MANOJ RANA",,,,,,ADTPR2502C,PATNA,0,,,mkrshivam@gmail.com,,,0,0,,0,,,,0,0000-00-00,0000-00-00,0000-00-00,,,,800001,0,0,,,,no,,,,
S1964,"SOMA ENTERPRISE",0,MURSHIDABAD,"MURSHIDABAD",S01657;D02002,Y,500000,30,0,N,0,457,O,"",,"SWANRALATA APPARTMENT 128 PILKHANA ROAD RANIBAGAN BERHAMPUR",,"SUBHANDU ROY",,,,,,0,MURSHIDABAD,0,,,0,,,0,0,,0,,,,0,0000-00-00,0000-00-00,0000-00-00,,,,742101,0,0,,no,,no,,,,
S1965,"SPACE & AMBIENCE",,KOLKATA,"KOLKATA",,Y,0,,0,N,0,,O,"",,"8/1 ABDUL RASUL AVENUE",,"",,,,,,,KOLKATA,0,,,,,,0,0,,0,,,,0,0000-00-00,0000-00-00,0000-00-00,,,,,0,0,,no,,no,,,,
S1966,"SCG CONTRACTS INDIA PVT LTD",,NEW DELHI,"NEW DELHI",,Y,0,0,0,N,0,,P,"",,"67 3RD FLOOR SATYA NIKETAN",,"",,,,,,AAGCS3020B,NEW DELHI,0,,,,,,0,0,,0,,,,0,0000-00-00,0000-00-00,0000-00-00,,,,,0,0,,no,,no,,,,
S1974,"SURENDER KHANDELWAL",,NEW DELHI,"NEW DELHI",,Y,0,,0,N,0,,O,"",,"1318D.B.GUPTA ROAD KAROL BAGH",,"",,,,,,AAIPK3048G,NEW DELHI,0,,,,,,0,0,,0,,,,0,0000-00-00,0000-00-00,0000-00-00,,,,,0,0,,no,,no,,,,
S1976,"SANGHVI LAMINATES",,Pune,"PUNE",,Y,2500000,45,0,N,0,331,D,"",,"37C NEW TIMBER MARKETPUNE",,"MITESHBHAI",9011033600,,,,,,PUNE,0,,,,,,0,0,,0,,,,0,0000-00-00,0000-00-00,0000-00-00,,,,411042,0,0,,no,,no,,,,
S1979,"SALUJA CONSTRUCTION CO. LTD",,NEW DELHI,"NEW DELHI",,Y,0,,0,N,0,,O,"",,"3MUNIRKA MARG",,"",,,,,,,NEW DELHI,0,,,,,,0,0,,0,,,,0,0000-00-00,0000-00-00,0000-00-00,,,,,0,0,,no,,no,,,,
S1980,"SANDY RESORTS PVT LTD",,BHUBANESWAR,"BHUBANESWAR",,Y,0,,0,N,0,,O,"",,"XAVIER SQUARE NEAR FORTUNE TOWER JAYDEV VIHAR",,"",,,,,,,BHUBANESWAR,0,,,,,,0,0,,0,,,,0,0000-00-00,0000-00-00,0000-00-00,,,,,0,0,,no,,no,,,,
S1982,"SALUJA TIMBER & PLYWOOD",,NEW DELHI,"NEW DELHI",,Y,0,30,0,N,0,,O,"",,"1495 STREET NO.5 WAZIR NAGAR KOTLA MUBARAKPUR",,"",,,,,,,NEW DELHI,0,,,,,,0,0,,0,,,,0,0000-00-00,0000-00-00,0000-00-00,,,,,0,0,,no,,no,,,,
S1983,"SWATI TOURS & TRAVELS",,NEW DELHI,"NEW DELHI",,Y,0,,0,N,0,,O,"",,"PUSA ROAD METRO PILLAR NO.98-99 GURUDWARA ROAD KAROL BAGH",,"",,,,,,,NEW DELHI,0,,,,,,0,0,,0,,,,0,0000-00-00,0000-00-00,0000-00-00,,,,,0,0,,no,,no,,,,
S1998,"SURENDER KUMAR GUPTA CONTRACTOR",,HISSAR,"HISSAR",,Y,0,,0,N,0,,D,"",,"51D.C.COLONY",,"",,,,,,ADGPG5344N,HISSAR,0,,,,,,0,0,,0,,,,0,0000-00-00,0000-00-00,0000-00-00,,,,,0,0,,no,,no,,,,
S1999,"SHYAM PLYWOOD",9837636783,SHAMLI,"SHAMLI",,Y,0,45,0,N,0,,D,"A1232",,"DHIMANPURA MUZAFAR NAGAR",,"AMIT KUMAR",,,,,,AKAPS4102K,SHAMLI,0,,,amitshyam51@gmail.com,,,0,0,,0,,,,0,0000-00-00,0000-00-00,0000-00-00,,,,,0,0,,no,,no,,,,
S2003,"SANJAY AGARWAL",,DELHI,"DELHI",,Y,0,0,0,N,0,,O,"",,"1/6068EAST ROHTASH NAGAR SHAHADRA",,"",,,,,,,DELHI,0,,,,,,0,0,,0,,,,0,0000-00-00,0000-00-00,0000-00-00,,,,,0,0,,no,,no,,,,
S2004,"SUBODH KUMAR",9900709910,Bangalore,"BANGALORE",S01405,Y,500000,60,0,N,0,553,O,"",,"501 SYED BLOCK3RD CROSS ANNASANDRA PALYAHAL MARATHALLI",,"SUBODH KUMAR",,,,,,BMDPK7016C,BANGALORE,0,,,,,,0,0,,0,,,,0,0000-00-00,0000-00-00,0000-00-00,,,,560017,0,0,,no,,no,,,,
S2006,"SRI MAHALAXMI WOOD WORKS",09945091118,Bangalore,"BANGALORE",S01405,Y,500000,45,0,N,0,553,D,"",,"# 4 VENKATESWARA COMPLEXKONENA AGRAHARAOLD AIRPORT ROAD",,"VINAY PATEL",,,,,,AABFM8914A,BANGALORE,0,,,smwwblr17@gmail.com,,,0,0,,0,,,,0,0000-00-00,0000-00-00,0000-00-00,,,,560017,0,0,,no,,no,,,,
S2008,"SUMA AGENCIES",09448387040,Bangalore,"BANGALORE",S01405,Y,1000000,60,0,N,0,553,O,"",,"NO.14 3RD CROSS M.M.LAYOUTKAVALBYRASANDRAR.T.NAGAR",,"",8022862459,,,,,,BANGALORE,0,,,,,,0,0,,0,,,,0,0000-00-00,0000-00-00,0000-00-00,,,,560032,0,0,,no,,no,,,,
S2009,"SWASTIK PLYWOODS,",9845966694,HUBLI,"HUBLI",S01797,Y,1200000,60,0,N,0,553,D,"",,"NEW COTTON MARKETBESIDE KARNATAKA BANKIndia",,"NITIN SHARMA",08362366694,,,,,AGZPS6792E,HUBLI,0,,,admin@swastikplywoods.in,,,0,0,,0,,,,0,0000-00-00,0000-00-00,0000-00-00,,,,580020,0,0,,no,,no,,,,
S2015,"SIDDHARTH ENTERPRISES",3322875199,KOLKATA,"KOLKATA",,Y,2000000,60,0,N,0,,D,"",,"FORTUNE TOWER 23-A NETAJI SUBHAS ROAD 3RD FLOOR ROOM NUMBER -8",,"SIDDHARTH BHAWSINGKA",,,,,,ADFPB3891C,KOLKATA,0,,,siddharthbhawsingka@gmail.com,,,0,0,,0,,,,0,0000-00-00,0000-00-00,0000-00-00,,,,,0,0,,no,,no,,,,
S2022,"SWASTIK HARDWARE",9448248749,KARWAR,"KARWAR",D02026,Y,0,0,0,N,0,553,D,"",,"M.H.NO-1282A CUTINHO ROAD UTTARA KANNADA",,"RAMESH PAKARAM BHATI",,,,,,ABXFS0805M,KARWAR,0,,,rameshbhati14@gmail.com,,,0,0,,0,,,,0,0000-00-00,0000-00-00,0000-00-00,,,,581303,0,0,,,,,,,,
S2025,"SRI KRISHNA FRAME WORKS",,Bellary,"BELLARY",,Y,500000,60,0,N,0,553,D,"",,"#93 BHRAMIN STREET",,"SRINIVAS",08392230994,,,,,,BELLARY,0,,,,,,0,0,,0,,,,0,0000-00-00,0000-00-00,0000-00-00,,,,583101,0,0,,no,,no,,,,
S2031,"SHREE HARESHWAR SAW MILL",,AHMEDABAD,"AHMEDABAD",D10375,Y,0,0,0,N,0,332,D,"",,"GITA MANDIR                              LATI BAZAR - 3                           AHMEDABAD (GUJARAT)",,"NIMESH PATEL",9428800567,,,,,AGOPP5314Q,AHMEDABAD,0,,,,,,0,0,,0,,,,0,0000-00-00,0000-00-00,0000-00-00,,,,380022,0,0,,,,,,,,
S2034,"SUSHEEL KUMAR KHANDELWAL",,NEW DELHI,"NEW DELHI",,Y,0,,0,N,0,,O,"",,"1318D.B.GUPTA ROAD KAROL BAGH",,"SUSHEEL KUMAR KHANDELWAL",,,,,,AAIPK3047K,NEW DELHI,0,,,,,,0,0,,0,,,,0,0000-00-00,0000-00-00,0000-00-00,,,,,0,0,,no,,no,,,,
S2045,"SWASTIK ELECTRONICS",9093957444,CONTAI,"CONTAI",,Y,0,0,0,N,0,,O,"",,"DHANAPUKUR ATHILAGORY EAST MIDNAPUR",,"SUROJIT BHUNIA",,,,,,,CONTAI,0,,,,,,0,0,,0,,,,0,0000-00-00,0000-00-00,0000-00-00,,,,,0,0,,no,,no,,,,
S2048,"SAAKAAR CONSTRUCTION PVT LTD",,PATNA,"PATNA",,Y,0,,0,N,0,219,D,"",,"PANDOOI PLACEBOARIG ROAD",,"",,,,,,,PATNA,0,,,,,,0,0,,0,,,,0,0000-00-00,0000-00-00,0000-00-00,,,,800001,0,0,,no,,no,,,,
S2052,"SHRI MAHAVEER CONSTRUCTION CO",,KOTA-RAJ,"KOTA-RAJ",,Y,0,,0,N,0,,D,"",,"3JA-4VIGYAN NAGAR",,"",,,,,,ABHFS2723C,KOTA-RAJ,0,,,,,,0,0,,0,,,,0,0000-00-00,0000-00-00,0000-00-00,,,,,0,0,,no,,no,,,,
S2069,"SHREE RAGHUVAMSHI TIMBERS",09448395566,Bangalore,"BANGALORE",,Y,5000000,45,0,N,0,553,O,"",,"NO.106 107 MAHADEVAPURA POSTWHITEFIELD ROAD",,"DINESH",080-28532187,,,,,,BANGALORE,0,,,srtimport@gmail.com,,,0,0,,0,,,,0,0000-00-00,0000-00-00,0000-00-00,,,,560048,0,0,,no,,no,,,,
S2085,"SOUNDARYA DECORATORS PVT.LTD",9871042698,NOIDA,"NOIDA",,Y,20000,0,0,N,0,551,P,"",,"PLOT NO 26 SURVEY NO 2 & 3 PORNUR VILLAGE KOLATHUR POST KEEZZHKOTTAIYUR",,"0",,,,,,0,CHENNAI,0,,,0,,,0,0,,0,,,,0,0000-00-00,0000-00-00,0000-00-00,,,,600127,0,0,,,,no,,,,
S2085,"SOUNDARYA DECORATORS PVT.LTD",9871042698,Chennai,"CHENNAI",,Y,20000,0,0,N,0,551,P,"",,"PLOT NO 26 SURVEY NO 2 & 3 PORNUR VILLAGE KOLATHUR POST KEEZZHKOTTAIYUR",,"0",,,,,,0,CHENNAI,0,,,0,,,0,0,,0,,,,0,0000-00-00,0000-00-00,0000-00-00,,,,600127,0,0,,,,no,,,,
S2088,"SRI VEERABHADRAESHWARA FRAME WORKS",9844168927,SHIMOGA,"SHIMOGA",,Y,1000000,60,0,N,0,553,D,"",,"B.H.ROAD OPP MANIPAL OFFICE",,"S.B. RAVI",,,,,,ABAFS1182N,SHIMOGA,0,,,svg.glass@gmail.com,,,0,0,,0,,,,0,0000-00-00,0000-00-00,0000-00-00,,,,577201,0,0,,,,,,,,
S2089,"SUMIT SINDHI",,NEW DELHI,"NEW DELHI",,Y,0,,0,N,0,,O,"",,"10 CGO COMPLEX LODHI ROAD",,"",,,,,,NA,NEW DELHI,0,,,,,,0,0,,0,,,,0,0000-00-00,0000-00-00,0000-00-00,,,,,0,0,,no,,no,,,,
S2093,"S.P DESIGNERS & CONTRACTRS",,NEW DELHI,"NEW DELHI",,Y,0,,0,N,0,,O,"",,"RRZ B-43A RAGHU NAGAR OPP. JANAK CINEMA PANKHA ROAD",,"",,,,,,,NEW DELHI,0,,,,,,0,0,,0,,,,0,0000-00-00,0000-00-00,0000-00-00,,,,,0,0,,no,,no,,,,
S2094,"SURYA GLASS & PLYWOODS",09886067505,Bangalore,"BANGALORE",,Y,500000,60,0,N,0,553,D,"",,"# 28 POOVAIAH PLAZASUBRAMANYAPURA MAIN ROADUTTARAHALLI",,"MAHESH R",08040940635,,,,,AHSPK0520A,BANGALORE,0,,,suryaply@sify.com,,,0,0,,0,,,,0,0000-00-00,0000-00-00,0000-00-00,,,,560061,0,0,,no,,no,,,,
S2101,"SRI RAM PLYWOOD",,DHARBHANGA,"DHARBHANGA",,Y,0,,0,N,0,219,D,"",,"LAHARIA SARAI",,"",,,,,,,DHARBHANGA,0,,,,,,0,0,,0,,,,0,0000-00-00,0000-00-00,0000-00-00,,,,846001,0,0,,no,,no,,,,
S2113,"SHREE SHYAM ROADWAYS",9426481355,RAJKOT,"RAJKOT",D02029,Y,0,0,0,N,0,220,O,"",,"OM SHANTI PARK AHMEDABAD HIGHWAY OPP. I.O.C PLANT",,"RANBIR CHOUDHARY",,,,,,AHXPC5026G,RAJKOT,0,,,cmtcrandir6255@gmail.com,,,0,0,,0,,,,0,0000-00-00,0000-00-00,0000-00-00,,,,360320,0,0,,,,no,,,,
S2121,"SHREE MAHABIR SAW MILL",9835115017,RANCHI,"RANCHI",,Y,2000000,30,0,N,0,222,D,"",,"DANGRA TOLI CHOWK PURULIA ROAD RANCHI",,"SACHIN AGARWAL",966116444,,,,,AALFS4510J,RANCHI,0,,,agarwalsanjay0104@yahoo.co.in,,,0,0,,0,,,,0,0000-00-00,0000-00-00,0000-00-00,,,,834001,0,0,,no,,no,,,,
S2126,"SALUJA TIMBER CORPORATION",9431192419,GIRIDIH,"GIRIDIH",,Y,400000,30,0,N,0,222,D,"",,"KUTCHERY ROADGIRIDIH",,"HARJINDER SINGH SALUJA",9431920545,,,,,AAFFS5060H,GIRIDIH,0,,,coolaashu2@yahoo.co.in,,,0,0,,0,,,,0,0000-00-00,0000-00-00,0000-00-00,,,,815301,0,0,,no,,no,,,,
S2129,"SKYLINE ENGINEERING CONTRACTS (INDIA) PVT.LTD",,KOLKATA,"KOLKATA",,Y,0,30,0,N,0,,O,"",,"(INDIA) PVT.LTD NITA BHABANGROUND FLOOR NEW TOWNRAJARHAT",,"C SENGUPTA/TARUN MITRA",,,,,,,KOLKATA,0,,,skyline.unitech@rediffmail.com,,,0,0,,0,,,,0,0000-00-00,0000-00-00,0000-00-00,,,,,0,0,,no,,no,,,,
S2138,"SONDHI ENTERPRISES",9906299722,JAMMU,"JAMMU",,Y,0,0,0,N,0,,O,"",,"BYE PASSNATIONAL HIGHWAY KUNJWANI TALAB",,"HARSUMAN SINGH SODHI",,,,,,AFQPS5229C,JAMMU,0,,,harsumansondhi@yahoo.co.in,,,0,0,,0,,,,0,0000-00-00,0000-00-00,0000-00-00,,,,,0,0,,no,,no,,,,
S2148,"SHRI KRISHNA HARDWARE & PLY",7504514556,BHUBANESWAR,"BHUBANESWAR",,Y,150000,30,0,N,0,,O,"",,"PLOT NO -87 UDAYAGIRIVIHAR PATRAPADA",,"SHEO BACHAN SHARMA",,,,,,BHCPS9243K,BHUBANESWAR,0,,,,,,0,0,,0,,,,0,0000-00-00,0000-00-00,0000-00-00,,,,,0,0,,no,,no,,,,
S2160,"SHEHANSHAH PLYWOOD",9872505500,LUDHIANA,"LUDHIANA",,Y,0,0,0,N,0,,O,"",,"MULLANPUR ROAD P.O.LUDHIANA HAMBRAN",,"",,,,,,,LUDHIANA,0,,,shehanshahplywood@yahoo.com,,,0,0,,0,,,,0,0000-00-00,0000-00-00,0000-00-00,,,,,0,0,,no,,no,,,,
S2172,"SATARA PLYWOOD CENTRE",9822455552,SATARA,"SATARA",,Y,2500000,30,0,N,0,331,O,"",,"214/B BHAWANI PETH",,"SACHIN LOYA",,,,,,,SATARA,0,,,,,,0,0,,0,,,,0,0000-00-00,0000-00-00,0000-00-00,,,,415002,0,0,,no,,no,,,,
S2185,"SRI SHAKTHI TRADERS",09343410383,BHATKAL,"BHATKAL",,Y,500000,60,0,N,0,553,D,"",,"HOUSE OF DECORMISBA TOWERCAR STREET",,"RAMESH PRABHU",,,,,,ABZPP2586N,BHATKAL,0,,,rameshprabhu@gmail.com,,,0,0,,0,,,,0,0000-00-00,0000-00-00,0000-00-00,,,,581320,0,0,,no,,no,,,,
S2190,"S ANSAR BASHA",,KARNUL,"KARNUL",,Y,1000000,0,0,N,0,331,O,"",,"INTERNATIONAL FUNCTION HALLS.K.D COLONY 3RD ROADADONI",,"ANSAR BASHA",,,,,,AGDPB7988F,KARNUL,0,,,,,,0,0,,0,,,,0,0000-00-00,0000-00-00,0000-00-00,,,,,0,0,,no,,no,,,,
S2199,"SHREE MAHABIR TRADERS",,RAIGUNGE,"RAIGUNGE",,Y,600000,0,0,N,0,,O,"",,"OPP.ASHA TALKIES CINEMA HALL N.S.ROAD",,"",,,,,,,RAIGUNGE,0,,,,,,0,0,,0,,,,0,0000-00-00,0000-00-00,0000-00-00,,,,,0,0,,no,,no,,,,
S2206,"SANJAY KHURANA",,NEW DELHI,"NEW DELHI",,Y,0,,0,N,0,,O,"",,"R/O C-76 DEFENCE COLONEY",,"",,,,,,AAGPK4239D,NEW DELHI,0,,,,,,0,0,,0,,,,0,0000-00-00,0000-00-00,0000-00-00,,,,,0,0,,no,,no,,,,
S2211,"SRINIVAS GLASS TRADERS",09901980644,KARKALA,"KARKALA",,Y,1000000,60,0,N,0,553,D,"",,"SRINIVAS COMPLEXA.S.ROAD",,"SANTOSH REDDY",,,,,,AAFFS4514A,KARKALA,0,,,infobhagavathi@gmail.com,,,0,0,,0,,,,0,0000-00-00,0000-00-00,0000-00-00,,,,574104,0,0,,no,,no,,,,
S2214,"SHREE JI ENTERPRISES",9839090790,VARANASI,"VARANASI",,Y,0,0,0,N,0,,D,"",,"GROUND FLOORJ. 12/79A-1D-5DHOOP CHANDI NATIIMLIIndia",,"NITIN AGARWAL",9935040475,,,,,AATHS7879A,VARANASI,0,,,shreeji_enterprises@yahoo.co.in,,,0,0,,0,,,,0,0000-00-00,0000-00-00,0000-00-00,,,,221002,0,0,,no,,no,,,,
S2218,"SHARMA CONTRACTS (INDIA) PVT LTD",9899723339,HARIDWAR,"HARIDWAR",S10008,Y,0,30,0,N,0,441,P,"",,"2ND FLOORSHOPPING PLAZA RANIPUR MORE",,"",,,,,,AAIC51039E,HARIDWAR,0,,,,,,0,0,,0,,,,0,0000-00-00,0000-00-00,0000-00-00,,,,249401,0,0,no,no,,no,,,,
S2221,"SUM DECOR PVT. LTD.",,AHMEDABAD,"AHMEDABAD",S10042,Y,0,0,0,N,0,332,O,"",,"5-6-7:SAMAAN-2                          PRAHLADNAGAR ROAD SATELLITE",,"UTPAL BHATT",,,,,,AAOCS6827L,AHMEDABAD,0,,,,,,0,0,,0,,,,0,1971-01-01,1971-01-01,1971-01-01,,,,380015,0,0,no,no,no,no,,,,
S2226,"SWASTIK PAINT & MARBLE HOUSE",9045209999,KICCHA,"KICCHA",,Y,0,45,0,N,0,,D,"",,"NEAR NEW GALLA MKT.DARAU CHORAHA BAREILLY ROAD India",,"VISHAL DUA",,,,,,AGMPD4170A,KICCHA,0,,,swastikcustomercare1111@gmail.com,,,0,0,,0,,,,0,0000-00-00,0000-00-00,0000-00-00,,,,,0,0,,no,,no,,,,
S2237,"SHREE HARDWARE",9308923190,ARA,"ARA",,Y,100000,30,0,N,0,219,D,"",,"RAMNA ROAD NAGRIK PANCHARMI",,"SUMANT KR SINGH",6182222027,,,,,BNLPS9652K,ARA,0,,,,,,0,0,,0,,,,0,0000-00-00,0000-00-00,0000-00-00,,,,802301,0,0,,no,,no,,,,
S224,"S.K.PLYWOOD HOUSE",,NEW DELHI,"NEW DELHI",,Y,0,,0,N,0,,O,"",,"412-AJHEEL KHURAJEE SHAHDRA",,"",,,,,,,NEW DELHI,0,,,,,,0,0,,0,,,,0,0000-00-00,0000-00-00,0000-00-00,,,,,0,0,,no,,no,,,,
S2242,"SRI SIDDHI ENTERPRISE",9325005889,NAGPUR,"NAGPUR",,Y,1000000,45,0,N,0,331,D,"",,"SHOP NO - G-01PREMIUNM PLAZAMATA MANDIR ROADKHARA TOWN DHARAPMPETH",,"SANDEEP MALPANI",,,,,,,NAGPUR,0,,,,,,0,0,,0,,,,0,0000-00-00,0000-00-00,0000-00-00,,,,440010,0,0,,no,,no,,,,
S2246,"SATYA ENTERPRISES",9009822444,INDORE,"INDORE",D02105;D02169,Y,0,0,0,N,0,446,D,"",,"183 SCH. NO.91                           MALWAMILL ANAJ MANDI",,"PRADEEP NARSARIYA",,,,,,ABTPN0430H,INDORE,0,,,satya_enterprises@ymail.com,,,0,0,,0,,,,0,1971-01-01,1971-01-01,1971-01-01,,,,452003,0,0,no,no,no,no,,,,
S2251,"SARTHAK PLYWOOD & HARDWARE",9837188355,BARAUT,"BARAUT",,Y,400000,45,0,N,0,,D,"",,"BHAGWAN MAHAVIR MARG RAILWAY ROAD BAGPAT",,"NEERAJ KUMAR JAIN",,,,,,AFGPJ4537C,BARAUT,0,,,sarthak11vkp@gmail.com,,,0,0,,0,,,,0,0000-00-00,0000-00-00,0000-00-00,,,,,0,0,,no,,no,,,,
S2253,"SHREE SHYAM PLY LAM",9227539473,VALSAD,"VALSAD",S01769,Y,500000,45,0,N,0,332,D,"",,"SHIV COMPLEX 3 DHARAMPUR ROAD",,"SHUBHAAHBHAI",9227539473,,,,,AGQPJ8116N,VALSAD,0,,,subhashget88@gmail.com,,,0,0,,0,,,,0,0000-00-00,0000-00-00,0000-00-00,,,,396001,0,0,,,,,,,,
S2261,"S G PLYWOODS",9460968753,AJMER,"AJMER",,Y,6000000,60,0,N,0,427,D,"",,"675/25 NEAR KUTTI KI TAAL ANAND NAGAR VAISHALI NAGAR",,"JITENDRA KHANDELWAL",9982068904,,,,,ACJFS5249L,AJMER,0,,,sgplywoods@gmail.com,,,0,0,,0,,,,0,0000-00-00,0000-00-00,0000-00-00,,,,305001,0,0,,,,,,,,
S2262,"SURYA HARDWARE",9414220713,GANGANAGAR,"GANGANAGAR",,Y,1000000,30,0,N,0,,D,"",,"25 INDUSTRIAL AREAKRISHNA TALKIES ROAD",,"",,,,,,AKPPK2779K,GANGANAGAR,0,,,suryamanoj_goyal@yahoo.com,,,0,0,,0,,,,0,0000-00-00,0000-00-00,0000-00-00,,,,335001,0,0,,no,,no,,,,
S2270,"SRI MAHALAKSHMI FRAME WORKS",9844413764,CHITRADURGA,"CHITRADURGA",S01700,Y,500000,60,0,N,0,553,D,"",,"CHICKPET",,"MANJUNATHA.A",08194222642,,,,,ACRPM3022B,CHITRADURGA,0,,,manjunatha_cta123@rediffmail.com,,,0,0,,0,,,,0,0000-00-00,0000-00-00,0000-00-00,,,,577501,0,0,,,,,,,,
S2272,"SINGHAL HARDWARE &  PLYWOOD",9414715283,BHARATPUR,"BHARATPUR",,Y,0,0,0,N,0,,O,"",,"INFRONT OF SIGHAL OIL MILLCIRCULAR ROAD",,"SUSHIL SINGHAL",,,,,,BABPS7972R,BHARATPUR,0,,,jcsushil@rediffmail.com,,,0,0,,0,,,,0,0000-00-00,0000-00-00,0000-00-00,,,,321001,0,0,,no,,no,,,,
S2275,"SINGH ENTERPRISES",8651606094,KHAGARIA,"KHAGARIA",,Y,200000,30,0,N,0,219,D,"",,"GAUSHALA ROAD",,"ABHISHEK KUMAR SINGH",,,,,,,KHAGARIA,0,,,,,,0,0,,0,,,,0,0000-00-00,0000-00-00,0000-00-00,,,,851216,0,0,,no,,no,,,,
S2280,"SHAPOORJI PALLONJI & COMPANY LTD",9320196524,MUMBAI,"MUMBAI",,Y,2500000,45,0,N,0,331,P,"",,"NEW INDIA CENTRE 10TH FLOORSOUTH WING 17 COOPERAGE ROAD",,"",2266239100,,,,,,MUMBAI,0,,,,,,0,0,,0,,,,0,0000-00-00,0000-00-00,0000-00-00,,,,400039,0,0,,no,,no,,,,
S2286,"SRI SAPTHAGIRI SILKS & TEXTILES",09036403484,BHARAVATHI,"BHARAVATHI",,Y,1000000,45,0,N,0,553,O,"",,"C.N.ROAD",,"D.S.MANOHAR RAO",08282-265821,,,,,AAXFS4692R,BHARAVATHI,0,,,,,,0,0,,0,,,,0,0000-00-00,0000-00-00,0000-00-00,,,,577301,0,0,,no,,no,,,,
S2287,"SHREE LAXMI PLYWOOD & VENEERS",09900465655,BIJAPUR,"BIJAPUR",,Y,3000000,60,0,N,0,553,D,"",,"PLOT NO.4 HATTI BUILDINGOPP. ITI COLLEGE SOLAPUR ROAD",,"RAJESH SHINDE",,,,,,ACFFS7350G,BIJAPUR,0,,,rajeshpshindhe@gmail.com,,,0,0,,0,,,,0,0000-00-00,0000-00-00,0000-00-00,,,,586103,0,0,,no,,no,,,,
S2295,"SIGNATURE BUILDRE AND COLONISERS",9826386671,BHOPAL,"BHOPAL",,Y,2500000,30,0,N,0,446,P,"",,"KOLAR CASTLECHUNNA BHATTI SQUAREKOLAR ROAD",,"",,,,,,ACCFS9498Q,BHOPAL,0,,,,,,0,0,,0,,,,0,0000-00-00,0000-00-00,0000-00-00,,,,462042,0,0,,no,,no,,,,
S2297,"STAR AUTOMOBILES (M.P) LTD",7612673216,SATNA,"SATNA",,Y,1000000,30,0,N,0,446,P,"",,"M.G. ROAD MUKHTIYARGANI",,"",,,,,,AAKCS6583K,SATNA,0,,,info@stargroupindia.org,,,0,0,,0,,,,0,0000-00-00,0000-00-00,0000-00-00,,,,485001,0,0,,no,,no,,,,
S2298,"SHREE RAM PLYWOOD",9810820616,NOIDA,"NOIDA",S10155,Y,0,0,0,N,0,441,O,"",,"F-1SECTOR-3  India",,"",,,,,,AAGPA4938D,NOIDA,0,,,shreeramplywood3@gmail.com,,,0,0,,0,,,,0,0000-00-00,0000-00-00,0000-00-00,,,,201301,0,0,no,no,,no,,,,
S2307,"SUNRAY ENVIRO SYSTEM",09448054923,Bangalore,"BANGALORE",,Y,500000,30,0,N,0,553,P,"",,"# 25 3rd CROSSK.G.ROAD",,"",080-22264923,,,,,,BANGALORE,0,,,sunrayenvirosystmes@gmail.com,,,0,0,,0,,,,0,0000-00-00,0000-00-00,0000-00-00,,,,560009,0,0,,no,,no,,,,
S2308,"SANJAY JAIN",9448143013,HUBLI,"HUBLI",,Y,2000000,0,0,N,0,553,P,"",,"# 29 SUVIDHA COLONYKESHAVAPUR",,"",,,,,,AFJPJ6219C,HUBLI,0,,,,,,0,0,,0,,,,0,0000-00-00,0000-00-00,0000-00-00,,,,580023,0,0,,no,,no,,,,
S2315,"S J DEVELOPERS",,,"",,Y,0,,0,N,0,,O,"",,"S.G.COMPLEX PATIA BHUBANESWAR",,"",,,,,,,,0,,,,,,0,0,,0,,,,0,0000-00-00,0000-00-00,0000-00-00,,,,,0,0,,no,,no,,,,
S2315,"S J DEVELOPERS",,NULL,"NULL",,Y,0,,0,N,0,,O,"",,"S.G.COMPLEX PATIA BHUBANESWAR",,"",,,,,,,,0,,,,,,0,0,,0,,,,0,0000-00-00,0000-00-00,0000-00-00,,,,,0,0,,no,,no,,,,
S2326,"SINEWAVE (REWA) ELECTRONICS PVT LTD",9329529204,REWA,"REWA",,Y,1000000,30,0,N,0,446,P,"",,"47UDYOG VIHARTOWN/CITY-CHORHATA",,"",,,,,,AANCS9838E,REWA,0,,,khuranasine_w@rediffmail.com,,,0,0,,0,,,,0,0000-00-00,0000-00-00,0000-00-00,,,,486001,0,0,,no,,no,,,,
S2332,"STAR MEDIA COMMUNICATION LIMITED",7612673216,SATNA,"SATNA",,Y,1000000,30,0,N,0,446,P,"",,"MUKHTIYARGANGIndia",,"",,,,,,AANCS7890N,SATNA,0,,,,,,0,0,,0,,,,0,0000-00-00,0000-00-00,0000-00-00,,,,485001,0,0,,no,,no,,,,
S2348,"SAGAR INDUSTRY",9355589188,YAMUNA NAGAR,"YAMUNA NAGAR",,Y,0,30,0,N,0,,O,"",,"VILLAGE NAHARPUR KHAJURI ROAD India",,"ASHWANI SAKHUJA",,,,,,AAEFS4272N,YAMUNA NAGAR,0,,,puneetsakhuja787@gmail.com,,,0,0,,0,,,,0,0000-00-00,0000-00-00,0000-00-00,,,,,0,0,,no,,no,,,,
S2362,"SANSKRITI TRADE LINK PRIVATE LIMITED",09223173029,KOLKATA,"KOLKATA",,Y,5000000,45,0,N,0,331,O,"",,"VIP Towers Block - BFlat No:3A 80 Golaghata RoadIndia",,"",,,,,,,Kolkata,0,,,,,,0,0,,0,,,,0,0000-00-00,0000-00-00,0000-00-00,,,,700048,0,0,,no,,no,,,,
S2365,"S C G CONTRACTS INDIA PVT LTD",8053955186,RAIPUR,"RAIPUR",S10008,Y,0,0,0,N,0,441,O,"",,"C/O R K HOTEL LABHANDI MORE NATIONAL HIGHWAY 6 RAIPUR",,"V K SHARMA",,,,,,,RAIPUR,0,,,,,,0,0,,0,,,,0,0000-00-00,0000-00-00,0000-00-00,,,,492006,0,0,no,no,,no,,,,
S2367,"S.S.WOOD & BUILDING MATERIAL",9812544430,BHIWANI,"BHIWANI",,Y,0,0,0,N,0,,D,"",,"LOHARU ROADNEAR RAILWAY CROSSING",,"RAJENDRA KUMAR",,,,,,AEZPS5997M,BHIWANI,0,,,sswoodsbwn@gmail.com,,,0,0,,0,,,,0,0000-00-00,0000-00-00,0000-00-00,,,,,0,0,,no,,no,,,,
S2372,"SOM DISTILLERIES PRIVATE LIMITED",9179008666,BHOPAL,"BHOPAL",,Y,2000000,30,0,N,0,446,P,"",,"23 ZONE 2 MAHARANA PRATAP NAGAR India",,"0",,,,,,AACCS0397P,BHOPAL,0,,,0,,,0,0,,0,,,,0,0000-00-00,0000-00-00,0000-00-00,,,,462011,0,0,,,,,,,,
S2373,"SECRETARY, ASAM SAHITYA SABHA",,NAMRUP,"NAMRUP",,Y,0,0,0,N,0,,O,"",,"NAMRUP  ASSAM",,"",,,,,,AJOPD0481M,NAMRUP,0,,,,,,0,0,,0,,,,0,0000-00-00,0000-00-00,0000-00-00,,,,,0,0,,no,,no,,,,
S2375,"SATYAM SALES",9926317022,JABALPUR,"JABALPUR",,Y,1000000,30,0,N,0,446,D,"",,"04-05 ANJUMAN SHOPPING COMPLEXMALVIYA CHOWK India",,"SHORABH SUHANE",07614064664,,,,,APZPS1856E,JABALPUR,0,,,s_satyam24@yahoo.in,,,0,0,,0,,,,0,0000-00-00,0000-00-00,0000-00-00,,,,482002,0,0,,no,,no,,,,
S2383,"SAVINDAR SINGH",,KOKATA,"KOKATA",,Y,0,0,0,N,0,,O,"",,"",,"",,,,,,,KOKATA,0,,,,,,0,0,,0,,,,0,0000-00-00,0000-00-00,0000-00-00,,,,,0,0,,no,,no,,,,
S2386,"SHRI KRISHNA PLYWOOD",,NEW DELHI,"NEW DELHI",,Y,0,45,0,N,0,,O,"",,"220-A/10RAMA MARKET PITAMPURA India",,"",,,,,,,NEW DELHI,0,,,,,,0,0,,0,,,,0,0000-00-00,0000-00-00,0000-00-00,,,,,0,0,,no,,no,,,,
S2387,"SWASTIK GLASS HOUSE",09823068381,JALNA,"JALNA",,Y,3000000,30,0,N,0,331,D,"",,"SUBASH CHANDRA BOSE CHOWK STATION ROAD",,"PRABHAKAR SONI",,,,,,ADFPS5836C,JALNA,0,,,deepaksoni.044@gmail.com,,,0,0,,0,,,,0,0000-00-00,0000-00-00,0000-00-00,,,,431203,0,0,,no,,no,,,,
S2392,"SHRI GANESH PLYWOOD",9897902926,ROORKIE,"ROORKIE",S10259,Y,2100000,45,0,N,0,448,D,"",,"DEHRADUN ROAD RAMPUR CHUNGI OPP.NEW MANDI SAMITI",,"DEEPAK KALRA",,,,,,AOIPK9120K,ROORKIE,0,,,shriganesh.plywood@yahoo.com,,,0,0,,0,,,,0,0000-00-00,0000-00-00,0000-00-00,,,,247667,0,0,,,,,,,,
S2399,"SAI INDUSTRIES",,Pune,"PUNE",,Y,2000000,15,0,N,0,331,O,"",,"SR.NO:100KONDHANPUR TAL:HAWELI",,"",30249301,,,,,ALQPB0231R,PUNE,0,,,,,,0,0,,0,,,,0,0000-00-00,0000-00-00,0000-00-00,,,,412205,0,0,,no,,no,,,,
S2404,"SEJPAL & OTHERS",9702439021,VASAI (EAST),"VASAI (EAST)",,Y,2500000,30,0,N,0,331,O,"",,"M.M.SEJPAL & OTHERS ESTATESATIVALI VILLAGEIndia",,"",,,,,,,VASAI (EAST),0,,,sejpalworks@mulji.com,,,0,0,,0,,,,0,0000-00-00,0000-00-00,0000-00-00,,,,401220,0,0,,no,,no,,,,
S2408,"SHREE RAM PLYWOOD & LAMINATES",09422175827,PARBHANI,"PARBHANI",,Y,3000000,30,0,N,0,331,D,"",,"JINTUR ROAD",,"ASHOK KUMAR JANGID",02452242476,,,,,ABEPJ4091P,PARBHANI,0,,,ved.jangid@gmail.com,,,0,0,,0,,,,0,0000-00-00,0000-00-00,0000-00-00,,,,431401,0,0,,no,,no,,,,
S2409,"S S FURNITURE",09739062425,Bangalore,"BANGALORE",,Y,100000,60,0,N,0,553,P,"",,"NO.30/1 GROUND FLOORAGA ABDULLA STREETRICHMOND TOWN",,"",,,,,,,BANGALORE,0,,,,,,0,0,,0,,,,0,0000-00-00,0000-00-00,0000-00-00,,,,560025,0,0,,no,,no,,,,
S2411,"SHRI BANSAL PLY HOUSE",9713292140,JABALPUR,"JABALPUR",,Y,2000000,30,0,N,0,446,D,"",,"13 SUPPLY ROAD SADARJABALPUR",,"ADITYA BANSAL",,,,,,BXCPB05163,JABALPUR,0,,,aditya.bansal76@yahoo.com,,,0,0,,0,,,,0,0000-00-00,0000-00-00,0000-00-00,,,,482001,0,0,,no,,no,,,,
S2413,"SWASTIK PLYWOOD.",9414163939,UDAIPUR,"UDAIPUR",,Y,0,0,0,N,0,,D,"",,"140 Ashok NagarOpp. Nav Bharat School Road No.-7India",,"PANKAJ KUMAR OJHA",,,,,,AAOPO0725G,UDAIPUR,0,,,swastikplywood2012@gmail.com,,,0,0,,0,,,,0,0000-00-00,0000-00-00,0000-00-00,,,,313001,0,0,,no,,no,,,,
S2414,"SMT.SHAKUNTLA EDUCATIONAL & WELFARE SOCIETY",09911548007,GREATER NOIDA,"GREATER NOIDA",S10155,Y,0,30,0,N,0,441,P,"",,"C/O GALGOTIAS UNIVERSITY PLOT NO.2SECTOR-17A India",,"",,,,,,AABT57575D,GREATER NOIDA,0,,,vivek.varshney@galgotiauniversity.edu.in,,,0,0,,0,,,,0,0000-00-00,0000-00-00,0000-00-00,,,,201312,0,0,no,no,,no,,,,
S2415,"SAHEBA ART & CRAFT",9871331341,NEW DELHI,"NEW DELHI",S10008,Y,1500000,45,0,N,0,441,P,"",,"WZ-26AAADARSH GALIPALAM VILLAGE DWARKA India",,"",,,,,,AAEPC4226C,NEW DELHI,0,,,shibart13@yahoo.com,,,0,0,,0,,,,0,0000-00-00,0000-00-00,0000-00-00,,,,110045,0,0,no,no,,no,,,,
S2418,"SARASWATI PLY HOUSE",,PUNCHKULA,"PUNCHKULA",S10004,Y,1500000,0,0,N,0,,O,"",,"PLOT NO.359I.A.PHASE-II",,"",,,,,,ABGPK2682K,PUNCHKULA,0,,,,,,0,0,,0,,,,0,0000-00-00,0000-00-00,0000-00-00,,,,,0,0,,no,,no,,,,
S2419,"SANGAM PLAI & GLASS",9931063670,ARWAL,"ARWAL",,Y,0,30,0,N,0,219,D,"",,"J. B.  RAODARWALIndia",,"ANIL KUMAR",,,,,,AOZPK4286M,ARWAL,0,,,anilsangam.arwal@gmail.com,,,0,0,,0,,,,0,0000-00-00,0000-00-00,0000-00-00,,,,804401,0,0,,no,,no,,,,
S2427,"SHRI SAI TIMBER INDUSTRIES",9215922478,PEEDALDISTT:-KAITHA,"PEEDAL,DISTT:-KAITHAL",,Y,0,45,0,N,0,,O,"",,"KAITHAL ROAD  India",,"PUNIT BANSAL RAJBIR",,,,,,ABXFS8091B,PEEDAL,DISTT:-KAITHAL,0,,,saraswatiwood2011@gmail.com,,,0,0,,0,,,,0,0000-00-00,0000-00-00,0000-00-00,,,,,0,0,,no,,no,,,,
S2428,"S.S.D MADULAR KITCHEN & TILES",9415029712,LUCKNOW,"LUCKNOW",,Y,0,45,0,N,0,,D,"",,"569-KA/195SNEH NAGARALAM BAGHINDIA",,"VIJAY KR. CHAWLA",,,,,,AERPC3101M,LUCKNOW,0,,,pawan.chawla.lko@gmail.com,,,0,0,,0,,,,0,0000-00-00,0000-00-00,0000-00-00,,,,226005,0,0,,no,,no,,,,
S2429,"S.K.TIMBER TRADERS",,HAPUR,"HAPUR",,Y,0,0,0,N,0,,O,"",,"GARH ROAD  India",,"",,,,,,AFIPG5327F,HAPUR,0,,,,,,0,0,,0,,,,0,0000-00-00,0000-00-00,0000-00-00,,,,,0,0,,no,,no,,,,
S2431,"SHUBHAM GLASS",9623055099,Panjim,"PANJIM",S01698,Y,1500000,45,0,N,0,553,D,"",,"SHOP NO.6 PISSURLEKAR TOWERST.INEZIndia",,"RAJESH PATEL",08322423046,,,,,ABHPP0652K,PANJIM,0,,,rajeshspatel@gmail.com,,,0,0,,0,,,,0,0000-00-00,0000-00-00,0000-00-00,,,,403001,0,0,,no,,no,,,,
S2433,"SUPER PLY AND HARDWARE",9204541931,FATUHA,"FATUHA",,Y,0,30,0,N,0,219,D,"",,"GOVINDPUR FATUHAIndia",,"KUNAL KUMAR",8863802376,,,,,CPBPK5774D,FATUHA,0,,,kunal99053@gmail.com,,,0,0,,0,,,,0,0000-00-00,0000-00-00,0000-00-00,,,,803201,0,0,,no,,no,,,,
S2435,"SHRI GAJANAN URBAN CO-OPERATIVE SOCIETY LTD.,",,HUBLI,"HUBLI",,Y,0,0,0,N,0,553,O,"",,"WALVEKAR GALLIIndia",,"",08362213533,,,,,AABTS6499J,HUBLI,0,,,,,,0,0,,0,,,,0,0000-00-00,0000-00-00,0000-00-00,,,,580020,0,0,,no,,no,,,,
S2437,"STAR AUTOMOBILES",9425813103,SATNA,"SATNA",,Y,1000000,30,0,N,0,446,P,"",,"M.G ROADMUKTIYARGANJIndia",,"",,,,,,AAJFS3825J,SATNA,0,,,rkpaul@gmail.com,,,0,0,,0,,,,0,0000-00-00,0000-00-00,0000-00-00,,,,458001,0,0,,no,,no,,,,
S2437,"STAR AUTOMOBILES",9425813103,Gulbarga,"GULBARGA",,Y,1000000,30,0,N,0,446,P,"",,"M.G ROADMUKTIYARGANJIndia",,"",,,,,,AAJFS3825J,SATNA,0,,,rkpaul@gmail.com,,,0,0,,0,,,,0,0000-00-00,0000-00-00,0000-00-00,,,,458001,0,0,,no,,no,,,,
S2440,"SHREE AMBIKA AGENCIES",9730088822,KOLHAPUR,"KOLHAPUR",,Y,0,30,0,N,0,331,O,"",,"Shop No: S 7 & 8 Royal CourtsPach Bunglow 1114/E-Sahupuri",,"",,,,,,,Kolhapur,0,,,ambikaagencies26@gmail.com,,,0,0,,0,,,,0,0000-00-00,0000-00-00,0000-00-00,,,,416008,0,0,,no,,no,,,,
S2445,"SHREYAS ENTERPRISES",9921400999,Pune,"PUNE",,Y,2500000,30,0,N,0,331,D,"",,"Shreyas ComplexOpp:Kumar Park InfinitaBhekrainagar Phursungi",,"",,,,,,,PUNE,0,,,,,,0,0,,0,,,,0,0000-00-00,0000-00-00,0000-00-00,,,,412308,0,0,,no,,no,,,,
S2446,"SHAKTI HARDWARE HOUSE",09574007361,PALANPUR,"PALANPUR",,Y,1200000,30,0,N,0,332,D,"",,"PLOT NO 6 JUNA GANJ BAZAR1/570 OPP. STATE BANK",,"NARESH PATEL",,,,,,ABVFS0488E,PALANPUR,0,,,shakti6537@yahoo.com,,,0,0,,0,,,,0,0000-00-00,0000-00-00,0000-00-00,,,,385001,0,0,,no,,no,,,,
S2448,"SNEHA PLYWOOD CENTRE",9908822098,ONGOLE,"ONGOLE",S01700,Y,2800000,45,0,N,0,525,D,"",,"NO: 5-343(A) SNEHA COMPLEX NORTH BY PASS ROAD PRAKASAM DISTRICT",,"B SUNDAR REDDY",9908822098,,,,,AOVPB4082N,ONGOLE,0,,,snehaplywood@gmail.com,,,0,0,,0,,,,0,0000-00-00,0000-00-00,0000-00-00,,,,523001,0,0,,no,,no,,,,
S2457,"SHREE VINAYAK PAINTS",09886067847,YADGIRI,"Yadgiri",,Y,1500000,30,0,N,0,553,O,"",,"BUS STAND ROADNEAR ANEKAL PETROL BUNK",,"CHANDRAKANTH PATEL",,,,,,ASNPP4266G,YADGIRI,0,,,keertiptl98@gmail.com,,,0,0,,0,,,,0,0000-00-00,0000-00-00,0000-00-00,,,,585202,0,0,,no,,no,,,,
S2459,"SHRI HITECH INDIA PVT.LTD.",,MATHURA,"MATHURA",,Y,0,0,0,N,0,,O,"",,"84JAMUNA DHAMGOVERDHAN XINGIndia",,"",,,,,,AAMCS6884K,MATHURA,0,,,ravikant.goyal@yahoo.com,,,0,0,,0,,,,0,0000-00-00,0000-00-00,0000-00-00,,,,281004,0,0,,no,,no,,,,
S2462,"SWASTIK HARDWARE & PLYWOOD HOUSE",7351809999,RUDRAPUR,"RUDRAPUR",,Y,0,45,0,N,0,,D,"",,"NEAR MAHAVIR VATIKJAIN MANDIR ADARSH COLONY India",,"GEETA NARENDRA KUMAR",,,,,,AERPD4513Q,RUDRAPUR,0,,,swastikcustomercare1111@gmail.com,,,0,0,,0,,,,0,0000-00-00,0000-00-00,0000-00-00,,,,,0,0,,no,,no,,,,
S2463,"STAR TRADING CO.",9811888742,NEW DELHI,"NEW DELHI",S10056,Y,0,45,0,N,0,,O,"",,"2/62KIRTI NAGAR TIMBER MARKET India",,"",,,,,,,NEW DELHI,0,,,rameshbaweja1958@gmail.com,,,0,0,,0,,,,0,0000-00-00,0000-00-00,0000-00-00,,,,,0,0,,no,,no,,,,
S2467,"SHIVAM SALES",9424957360,JABALPUR,"JABALPUR",,Y,1500000,30,0,N,0,446,O,"",,"2UKHARI ROAD SANGAM COLONY",,"ANIL SUHANE",07614063761,,,,,BTUPS2874L,JABALPUR,0,,,anilsuhane15@gmail.com,,,0,0,,0,,,,0,0000-00-00,0000-00-00,0000-00-00,,,,482002,0,0,,no,,no,,,,
S2472,"S.K.TRADERS",9448548698,BELTHANGADY,"BELTHANGADY",,Y,500000,15,0,N,0,553,O,"",,"SHREE KRISHNA GLASS & PLYWOOD SANTHAKATTE India",,"0",,,,,,AFHPR8839J,BELTHANGADY,0,,,0,,,0,0,,0,,,,0,0000-00-00,0000-00-00,0000-00-00,,,,574214,0,0,,,,,,,,
S2480,"SWAMI PLY",9204004001,MYSORE,"MYSORE",,Y,0,30,0,N,0,222,D,"",,"R.R.Bakshi RoadNear Hotel MadhumalaIndia",,"ASHISH L KUMAR",,,,,,AQUPK9891K,Deoghar,0,,,alwaysasish@gmail.com,,,0,0,,0,,,,0,0000-00-00,0000-00-00,0000-00-00,,,,814112,0,0,,no,,no,,,,
S2480,"SWAMI PLY",9204004001,Deoghar,"DEOGHAR",,Y,0,30,0,N,0,222,D,"",,"R.R.Bakshi RoadNear Hotel MadhumalaIndia",,"ASHISH L KUMAR",,,,,,AQUPK9891K,Deoghar,0,,,alwaysasish@gmail.com,,,0,0,,0,,,,0,0000-00-00,0000-00-00,0000-00-00,,,,814112,0,0,,no,,no,,,,
S2488,"SIGNATURE INFRASTRUCTURE",9826386671,BHOPAL,"BHOPAL",,Y,9000000,30,0,N,0,446,P,"",,"18/19 KOLAR CASTLECHUNNA BHATTI SQUAREIndia",,"",,,,,,ABWFS9995F,BHOPAL,0,,,dimensions_bpl@yahoo.com,,,0,0,,0,,,,0,0000-00-00,0000-00-00,0000-00-00,,,,462021,0,0,,no,,no,,,,
S2489,"SIGNATURE DEVELOPERS",9826386671,BHOPAL,"BHOPAL",,Y,9000000,30,0,N,0,446,P,"",,"A-101 FIRST FLOOR ORCHARD POINTKOLAR ROADIndia",,"",,,,,,ABZFS6075M,BHOPAL,0,,,dimensions_bpl@yahoo.com,,,0,0,,0,,,,0,0000-00-00,0000-00-00,0000-00-00,,,,462042,0,0,,no,,no,,,,
S2491,"SURYA PLYWOOD & GLASS CENTRE",9844090653,BIDAR,"BIDAR",S10223,Y,1000000,30,0,N,0,553,D,"",,"PARVATHI COMPLEXBVB COLLEGE ROAD",,"LEELADHAR PATEL",9844090653,,,,,ADMPP5197J,BIDAR,0,,,suryaplywoodbdr@gmail.com,,,0,0,,0,,,,0,0000-00-00,0000-00-00,0000-00-00,,,,585403,0,0,,no,,no,,,,
S2495,"SHRI BALAJI BUILDMATE PVT.LTD.",,GURGAON,"GURGAON",,Y,0,0,0,N,0,,P,"",,"510-5115th FLOORSEC-47 ILD TRADE CENTRE India",,"",,,,,,AASCS3421L,GURGAON,0,,,,,,0,0,,0,,,,0,0000-00-00,0000-00-00,0000-00-00,,,,,0,0,,no,,no,,,,
S2496,"SIS TRADELINK PVT LTD",8000888102,RAJKOT,"RAJKOT",,Y,0,30,0,N,0,,O,"",,"OPP MOTA MAWA CHECKPOST KALAWAD ROAD",,"",,,,,,AAPTCS8126F,RAJKOT,0,,,,,,0,0,,0,,,,0,0000-00-00,0000-00-00,0000-00-00,,,,,0,0,,no,,no,,,,
S2497,"SHAHDRA TIMBER TRADING CO.",,SHAHDARA,"SHAHDARA",S10152,Y,0,30,0,N,0,441,O,"",,"1942/95/1G.T.ROAD NEAR POLICE STATION",,"MEHTA",,,,,,AGEPM4681P,SHAHDARA,0,,,,,,0,0,,0,,,,0,0000-00-00,0000-00-00,0000-00-00,,,,110032,0,0,no,no,,no,,,,
S2498,"SNEHA HARDWARE",09886045668,Bellary,"BELLARY",S01806,Y,1000000,60,0,N,0,553,O,"",,"# 35/11 Infantry RoadNear Bellary ClubIndia",,"",,,,,,ACJFS1640K,Bellary,0,,,,,,0,0,,0,,,,0,0000-00-00,0000-00-00,0000-00-00,,,,583103,0,0,,no,,no,,,,
S2499,"SHIV DARSHAN ASSOCIATES",9416152393,PANIPAT,"PANIPAT",,Y,7000000,45,0,N,0,,O,"M650",,"H.NO.20MODEL TOWN EXTENTION MODEL TOWN India",,"",,,,,,ANNPP7312G,PANIPAT,0,,,maliktimber@gmail.com,,,0,0,,0,,,,0,0000-00-00,0000-00-00,0000-00-00,,,,,0,0,,no,,no,,,,
S2500,"SANDEEP MACHHAR",09552533325,Aurangabad,"AURANGABAD",,Y,0,15,0,N,0,331,O,"",,"Bunglow No:24 40 Green Layout Paithar Road",,"",,,,,,AFGPM8579K,Aurangabad,0,,,sandeepmachhar@gmail.com,,,0,0,,0,,,,0,0000-00-00,0000-00-00,0000-00-00,,,,331210,0,0,,no,,no,,,,
S2502,"SIYARAM PLY",9430615521,MUZAFFARPUR,"MUZAFFARPUR",,Y,500000,30,0,N,0,219,D,"",,"DIWAN ROAD NEAR KALYANIMUZAFFARPURIndia",,"OM PRAKASH SHARMA",9430615521,,,,,BT0PK4451R,MUZAFFARPUR,0,,,siyaramply@india.com,,,0,0,,0,,,,0,0000-00-00,0000-00-00,0000-00-00,,,,842001,0,0,,no,,no,,,,
S2503,"S.K. ENTERPRISES",,MUZAFFARPR,"MUZAFFARPR",,Y,0,30,0,N,0,219,D,"",,"LAKHAN RAI COMPLEXFARDUGOLA REWA ROAD BHAGWANPURIndia",,"SAILENDRA KUMAR SINGH",,,,,,BFCPS7187A,MUZAFFARPR,0,,,,,,0,0,,0,,,,0,0000-00-00,0000-00-00,0000-00-00,,,,842001,0,0,,no,,no,,,,
S2507,"SUJAKO INTERIORS PVT.LTD",09925170413,AHMEDABAD,"AHMEDABAD",,Y,1500000,30,0,N,0,331,O,"",,"L/534 GIDC EstateOpp:Adinathnagar ODHAVIndia",,"",,,,,,AACCS6430M,Ahmedabad,0,,,info@sujako.com,,,0,0,,0,,,,0,0000-00-00,0000-00-00,0000-00-00,,,,382415,0,0,,no,,no,,,,
S2509,"SHEOPARSHAD JAIPRAKASH & CO(HUF)",,KOLKATA,"KOLKATA",,Y,0,30,0,N,0,,O,"",,"60 Lake Place 2nd Floor Flat no.7 India",,"",,,,,,,KOLKATA,0,,,surya@wahtea.com,,,0,0,,0,,,,0,0000-00-00,0000-00-00,0000-00-00,,,,,0,0,,no,,no,,,,
S2510,"SIGNATURE MEGAVENTURES",9826386671,BHOPAL,"BHOPAL",,Y,2500000,30,0,N,0,446,P,"",,"161ST FLOOR KOLAR CASTLECHUNNA BHATTI",,"",,,,,,ACNFS9034P,BHOPAL,0,,,dimensions_bpl@yahoo.com,,,0,0,,0,,,,0,0000-00-00,0000-00-00,0000-00-00,,,,462016,0,0,,no,,no,,,,
S2511,"SHREE SHIVDHAM PLYWOOD",,NEW DELHI,"NEW DELHI",,Y,0,15,0,N,0,,O,"",,"KHASARA NO. 6/16 DHANSA ROAD VILLAGE MITRAON India",,"",,,,,,,NEW DELHI,0,,,sksaraf1964@gmail.com,,,0,0,,0,,,,0,0000-00-00,0000-00-00,0000-00-00,,,,,0,0,,no,,no,,,,
S2515,"SONI RUBBER INDUSTRIES",,JALANDHAR,"JALANDHAR",,Y,0,15,0,N,0,,O,"",,"VILLAGE RAOWALI PATHANKOT ROAD  India",,"",,,,,,,JALANDHAR,0,,,sksaraf1964@gmail.com,,,0,0,,0,,,,0,0000-00-00,0000-00-00,0000-00-00,,,,,0,0,,no,,no,,,,
S2518,"SARASWATI PLYWOOD INDUSTRIES",9812022352,JAGADHRI,"JAGADHRI",,Y,1000000,0,0,N,0,,O,"",,"AMADALPUR ROADVILL:-SUGH  India",,"",,,,,,ABFFS5867F,JAGADHRI,0,,,,,,0,0,,0,,,,0,0000-00-00,0000-00-00,0000-00-00,,,,,0,0,,no,,no,,,,
S2519,"SNOWPARK ENGINEERS",9414010291,BEAWAR,"BEAWAR",,Y,0,0,0,N,0,,O,"",,"34GANPATI PLAZABHAGAT CHOURAHAIndia",,"",,,,,,ACZPJ6558P,BEAWAR,0,,,snowparkeng@gmail.com,,,0,0,,0,,,,0,0000-00-00,0000-00-00,0000-00-00,,,,305901,0,0,,no,,no,,,,
S2520,"SANJEEV KUMAR NIGOTIA",9826061546,GWALIOR,"GWALIOR",,Y,500000,30,0,N,0,446,P,"",,"SABI MOTORS ESCORT TRACTORS OPP HOTEL CENTRAL PARK CITY CENTERIndia",,"",,,,,,ADCPN0120B,GWALIOR,0,,,,,,0,0,,0,,,,0,0000-00-00,0000-00-00,0000-00-00,,,,474003,0,0,,no,,no,,,,
S2522,"SWASTIK PLY-N-WOOD",9821352341,MUMBAI,"MUMBAI",,Y,0,30,0,N,0,331,O,"",,"11/12 PODDAR CHAWLTILAK ROAD SANTACRUZ (WEST)India",,"",,,,,,,MUMBAI,0,,,jantikaria@gmail.com,,,0,0,,0,,,,0,0000-00-00,0000-00-00,0000-00-00,,,,400054,0,0,,no,,no,,,,
S2523,"SPACEWOOD FURNISHERS PVT.LTD",08007778498,NAGPUR,"NAGPUR",,Y,1500000,30,0,N,0,331,P,"",,"T-48 MIDCHINGNA ROAD",,"BHANOO DUBEY",447104235968,,,,,AACCS4955RXM002,NAGPUR,0,,,paragtare@spacewood.in,,,0,0,,0,,,,0,0000-00-00,0000-00-00,0000-00-00,,,,440016,0,0,,no,,no,,,,
S2524,"SRI LAKSHMI NARASIMHA FRAME WORKS",9676622666,BHIMAVARAM WEST GOD,"BHIMAVARAM, WEST GODAVARI",,Y,2000000,30,0,N,0,,O,"",,"No: 16/14/6  VIVEKANANDA CENTRE HARIJANA DOCTORS STREET India",,"",,,,,,AAQFS6257B,BHIMAVARAM, WEST GODAVARI,0,,,slnfworks@yahoo.com,,,0,0,,0,,,,0,0000-00-00,0000-00-00,0000-00-00,,,,,0,0,,no,,no,,,,
S2526,"SILVER HEIGHTS",9879188071,RAJKOT,"RAJKOT",S01769,Y,100000,45,0,N,0,332,O,"",,"NANA MOVA CIRCLE150 FEET RING ROADIndia",,"HARDIK SHETH",,,,,,AFUPS1512C,RAJKOT,0,,,shrajkot@gmail.com,,,0,0,,0,,,,0,0000-00-00,0000-00-00,0000-00-00,,,,360005,0,0,,no,,no,,,,
S2527,"SWARAN PROJECTECH  ( P ) LTD.",9711260614,GURGAON,"GURGAON",S10008,Y,0,90,0,N,0,441,P,"",,"PLOT NO.129SECTOR-5 IMT MANESAR India",,"",,,,,,AAKCS1881L,GURGAON,0,,,info@swarangroup.com,,,0,0,,0,,,,0,0000-00-00,0000-00-00,0000-00-00,,,,122052,0,0,no,no,,no,,,,
S2528,"SHREE KRISHNA PLYWOOD",9414214614,HANUMAN GARH,"HANUMAN GARH",,Y,0,0,0,N,0,,D,"",,"COLLEGE ROADNEAR INDRA CHOWKIndia",,"SUSHIL KHADRIA",,,,,,ABLPK5739Q,HANUMAN GARH,0,,,sushilkhadriaskp@gmail.com,,,0,0,,0,,,,0,0000-00-00,0000-00-00,0000-00-00,,,,335513,0,0,,no,,no,,,,
S2530,"SADHNA BUILDCON PVT.LTD.",09999290155,GURGAON (W),"GURGAON (W)",S10008,Y,0,30,0,N,0,441,P,"",,"H.NO.545/20OM NAGAR  India",,"ARJUN SINGH",,,,,,AASCS7721D,GURGAON (W),0,,,pankajranjna@gmail.com,,,0,0,,0,,,,0,0000-00-00,0000-00-00,0000-00-00,,,,122001,0,0,no,no,,no,,,,
S2532,"SHANKAR TR.COMPANY",,Aurangabad,"AURANGABAD",,Y,1500000,30,0,N,0,331,D,"",,"KRANTI CHOWKIndia",,"",,,,,,,AURANGABAD,0,,,,,,0,0,,0,,,,0,0000-00-00,0000-00-00,0000-00-00,,,,431001,0,0,,no,,no,,,,
S2533,"SURYA MANUFACTURING PVT LTD",,SAMPLA,"SAMPLA",,Y,0,15,0,N,0,,O,"",,"ROHAD NAGAR VILLAGE & PO-SAMPLA DISTRICT - JHAJJAR India",,"",,,,,,AACCS2412B,SAMPLA,0,,,,,,0,0,,0,,,,0,0000-00-00,0000-00-00,0000-00-00,,,,,0,0,,no,,no,,,,
S2536,"SHREE SHYAM PLY & LAMINATES",9831029087,KOLKATA,"KOLKATA",D02002,Y,500000,45,0,N,0,457,D,"",,"D D /1/ NARYAN TALLA EAST BAGUIHATI OPP UMASHANKAR COLLEGE India",,"SANJAY AGARWAL",,,,,,ABTFS0868A,KOLKATA,0,,,shreeshyamply@gmail.com,,,0,0,,0,,,,0,0000-00-00,0000-00-00,0000-00-00,,,,700059,0,0,,no,,no,,,,
S2539,"SARADA GLASS HOUSE",9615202748,UDAIPUR,"UDAIPUR",S01815,Y,1500000,45,0,N,0,215,D,"",,"Central Road Gomti India",,"",,,,,,BDPPR2605P,Udaipur,0,,,sukumarroy94@gmail.com,,,0,0,,0,,,,0,0000-00-00,0000-00-00,0000-00-00,,,,799120,0,0,,,,,,,,
S2540,"SAMADH PLYWOOD",9804407921,Howrah,"HOWRAH",S01519;D02022;D02133,Y,0,0,0,N,0,457,D,"",,"102 G T ROAD NORTH                     SALKIA HOWRAH",,"PAWAN AGARWAL",,,,,,AGJPA6308G,HOWRAH,0,,,samadhply@hotmail.com,,,0,0,,0,,,,0,1971-01-01,1971-01-01,1971-01-01,,,,711106,0,0,no,no,no,no,,,,
S2541,"SHRI GEETA PLYWOOD & HARDWARE",9845895936,Gulbarga,"GULBARGA",,Y,1500000,60,0,N,0,553,O,"",,"Alanda Road Beside BSNLExchange OfficeIndia",,"",,,,,,,Gulbarga,0,,,,,,0,0,,0,,,,0,0000-00-00,0000-00-00,0000-00-00,,,,585101,0,0,,no,,no,,,,
S2548,"SHANKHESWAR HARDWARE & PLYWOODS",9440859654,GUNTUR,"GUNTUR",,Y,1500000,30,0,N,0,,D,"S3124",,"#6-21-19/1 CHINTA CITADEL 8/2 ARUNDELPET India",,"LALITH JAIN",,,,,,BWIPM9899J,GUNTUR,0,,,shankheswarhardware@gmail.com,,,0,0,,0,,,,0,0000-00-00,0000-00-00,0000-00-00,,,,,0,0,,no,,no,,,,
S2549,"SANJAY BHAI MEHTA",9825399444,RAJKOT,"RAJKOT",,Y,0,45,0,N,0,,O,"",,"101RAJPATH APPTPANCHVATI MAIN RD NEAR SHREE NATHJI TOWER India",,"",,,,,,,RAJKOT,0,,,,,,0,0,,0,,,,0,0000-00-00,0000-00-00,0000-00-00,,,,,0,0,,no,,no,,,,
S2553,"SHUBHAM SHREE ENTERPRISE",9832365834,SILIGURI,"SILIGURI",S01519,Y,0,0,0,N,0,457,D,"",,"SHEFALI SADAN GROUND FLOOR SAHARA BUILDING S.F.ROAD India",,"RATNESH SINGH",,,,,,AZRPS0729G,SILIGURI,0,,,shubhamshreeratnesh@gmail.com,,,0,0,,0,,,,0,0000-00-00,0000-00-00,0000-00-00,,,,734005,0,0,,no,,no,,,,
S2559,"SHRI BALAJI TIMBER TRADERS",9971600486,NEW DELHI,"NEW DELHI",S10042,Y,1500000,45,0,N,0,441,O,"",,"9TEMPLE ROADJANGPURA BHOGAL",,"AKHIL GUPTA",9971600486,,,,,AAAPK9253F,NEW DELHI,0,,,shribalajitimbertraders@gmail.com,,,0,0,,0,,,,0,0000-00-00,0000-00-00,0000-00-00,,,,110014,0,0,no,no,,no,,,,
S2564,"SUPREME BUILDCON (P) LTD.",9826293478,BHOPAL,"BHOPAL",,Y,1500000,45,0,N,0,446,P,"",,"SF-12 PLOT NO.138 ZONE-2 M.P. NAGAR India",,"0",,,,,,AEVPA1661C,BHOPAL,0,,,supremebuildcon2004@gmail.com,,,0,0,,0,,,,0,0000-00-00,0000-00-00,0000-00-00,,,,462011,0,0,,,,,,,,
S2565,"SYMPHONY INTERIORS TURNKEY SOLUTIONS PVT.LTD.",9987983949,BENGALURU,"BENGALURU",,Y,2500000,60,0,N,0,553,P,"",,"NO:591 4TH CROSS 10TH MAIN5TH BLOCK JAYANAGAR",,"",,,,,,,BENGALURU,0,,,procurement@symphonyinteriors.in,,,0,0,,0,,,,0,0000-00-00,0000-00-00,0000-00-00,,,,560041,0,0,,no,,no,,,,
S2569,"STUDIO THREE INTERIOR CONTRACTORS",9825385785,AHMEDABAD,"AHMEDABAD",,Y,0,7,0,N,0,332,P,"",,"B-204 KANAK KALA-IOPP SEEMA HALLANANDNAGAR ROAD SATELLITEIndia",,"",,,,,,BIMPS0912G,AHMEDABAD,0,,,,,,0,0,,0,,,,0,0000-00-00,0000-00-00,0000-00-00,,,,380015,0,0,,no,,no,,,,
S2571,"SPACEWOOD OFFICE SOLUTIONS PVT.LTD.",8007772532,NAGPUR,"NAGPUR",S01430,Y,2500000,60,0,N,0,331,O,"",,"SZ-13 MIDC BUTIBORI INDUSTRIAL AREA India",,"VIDYADHAR CHOUKONE",,,,,,AABCI8134K,NAGPUR,0,,,vsc@spacewood.in,,,0,0,,0,,,,0,0000-00-00,0000-00-00,0000-00-00,,,,441122,0,0,,,,no,,,,
S2575,"S S D PLYWOOD INDUSTRIES",9425206606,RAIPUR,"RAIPUR",,Y,0,15,0,N,0,,O,"",,"RING ROAD NO-2 BEHIND RAIPUR MADRAS ROAD LINES",,"",,,,,,ADJPG6424E,RAIPUR,0,,,ramjaju67@gmail.com,,,0,0,,0,,,,0,0000-00-00,0000-00-00,0000-00-00,,,,,0,0,,no,,no,,,,
S2577,"S.K.HARDWARE & PLYWOOD STORE",9415162340,SHAHJAHANPUR,"Shahjahanpur",,Y,0,45,0,N,0,,D,"",,"MOH:-BABU ZAI NEAR KAMLA HOSPITAL India",,"MOHD.YASEEN KHAN",,,,,,AXIPK2126J,SHAHJAHANPUR,0,,,kgn.javed@rediffmail.com,,,0,0,,0,,,,0,0000-00-00,0000-00-00,0000-00-00,,,,,0,0,,no,,no,,,,
S2578,"SETH MURLIDHAR MANSINGKA YATRI NIWAS",9425921764,UJJAIN,"UJJAIN",,Y,0,30,0,N,0,331,O,"",,"CHARDHAM MANDIR PARISARJAI SINGH PURAIndia",,"",,,,,,AAATM5239M,UJJAIN,0,,,pkm6080@gmail.com,,,0,0,,0,,,,0,0000-00-00,0000-00-00,0000-00-00,,,,456001,0,0,,no,,no,,,,
S2580,"SINGAL AND SONS CONSTRUCTION PVT.LTD",9728136955,HISSAR,"HISSAR",,Y,1000000,30,0,N,0,,O,"",,"DELHI ROAD BEHIND SBI MAIN BRANCH India",,"",,,,,,AACCS0362C,HISSAR,0,,,isingal42@yahoo.com,,,0,0,,0,,,,0,0000-00-00,0000-00-00,0000-00-00,,,,,0,0,,no,,no,,,,
S2581,"SHREE MAHAVEER PLYWOOD",9811085026,GHAZIABAD,"GHAZIABAD",S10152,Y,0,45,0,N,0,441,P,"",,"SHOP NO.1GYAN KHAND-III NEAR MASJID INDRAPURAM India",,"",,,,,,ASGPK3715Q,GHAZIABAD,0,,,ajitsinghsmp@yahoo.com,,,0,0,,0,,,,0,0000-00-00,0000-00-00,0000-00-00,,,,201014,0,0,no,no,,no,,,,
S2582,"SHUBHAM SALES",9836392922,Howrah,"HOWRAH",,Y,2800000,45,354355,N,0,,D,"",,"40 Narayan chandra Sen Lane Salkia Howrah India",,"PAWAN KR AGARWAL",,,,,,AFFPA1951C,Howrah,0,,,shubhamsaleshowrah@gmail.com,,,0,0,,0,,,,0,0000-00-00,0000-00-00,0000-00-00,,,,,0,0,,no,,no,,,,
S2584,"S.S.TRADERS",9818836999,NEW DELHI,"NEW DELHI",,Y,0,0,0,N,0,,O,"",,"1/37W.H.S.TIMBER MARKET KIRTI NAGAR",,"",,,,,,AAGFV0575M,NEW DELHI,0,,,,,,0,0,,0,,,,0,0000-00-00,0000-00-00,0000-00-00,,,,,0,0,,no,,no,,,,
S2585,"SANJAY LUMBERS PVT.LTD.",9718606656,NEW DELHI,"NEW DELHI",S10042,Y,1000000,30,0,N,0,441,D,"",,"1/66/7AMAR COLONYMAIN ROHTAK RD METRO PILAR NO.444NANGLOI",,"SAURABH GOYAL",,,,,,AAOCS4565P,NEW DELHI,0,,,mukund@akiraindia.com,,,0,0,,0,,,,0,0000-00-00,0000-00-00,0000-00-00,,,,110041,0,0,no,no,,no,,,,
S2588,"S.J AND SONS.",9822588865,Panjim,"PANJIM",S01698,Y,1500000,60,0,N,0,553,D,"",,"Shop # BG 1&2 Campal Trade CentreBehind Military Hospital CampalIndia",,"TULSIDAS SHAMJI BHAI",,,,,,AANFS4082K,Panjim,0,,,yashpra@yahoo.co.in,,,0,0,,0,,,,0,0000-00-00,0000-00-00,0000-00-00,,,,403001,0,0,,no,,no,,,,
S2589,"S.S. PLYWOOD & VENEER INDUSTRIES",9811160678,RAMPUR,"RAMPUR",,Y,0,15,0,N,0,,O,"",,"JUDGES ROAD",,"GAURAV AGARWAL",,,,,,AATPG0732E,RAMPUR,0,,,gauravagarwal.150778@gmail.com,,,0,0,,0,,,,0,0000-00-00,0000-00-00,0000-00-00,,,,,0,0,,no,,no,,,,
S2592,"SWASTIK PLY & HARDWARE",9898357272,MORBI,"MORBI",S01769,Y,700000,45,0,N,0,332,D,"",,"OPP AMBE PAN 6 LATI PLOT India",,"PRAYAGBHAI PATEL",9898357272,,,,,ACNFS7930A,MORBI,0,,,prayaggambhava7272@gmail.com,,,0,0,,0,,,,0,0000-00-00,0000-00-00,0000-00-00,,,,363641,0,0,,,,,,,,
S2594,"SANTOSH KUMAR MANOJ KUMAR SINGH",9845341111,Bangalore,"BANGALORE",,Y,500000,60,0,N,0,553,O,"",,"799 1ST CROSS 12TH MAINHAL 2ND STAGE INDIRANAGAR",,"SANTOSH KUMAR MANOJ KUMAR",,,,,,AGCPS0386F,BANGALORE,0,,,,,,0,0,,0,,,,0,0000-00-00,0000-00-00,0000-00-00,,,,560038,0,0,,no,,no,,,,
S2595,"SARA PLYWOOD & HARDWARE",9413055852,BHILWARA,"BHILWARA",S10173,Y,600000,30,0,N,0,427,D,"",,"NEAR KAMAL KA KUWA BHOPAL GUNJ India",,"KUTUB JI",9413149152,,,,,ACHFS1395R,BHILWARA,0,,,kutubgha@gmail.com,,,0,0,,0,,,,0,0000-00-00,0000-00-00,0000-00-00,,,,311001,0,0,,,,,,,,
S2597,"SHREE VISWAKARMA FURNITURE",9422474411,Dhanu road,"Dhanu road",,Y,1500000,30,0,N,0,331,O,"",,"Shop No:9 Annapurna ParkMain RoadIndia",,"RAMESH MISTRY",,,,,,ADZPM6274E,Dhanu road,0,,,,,,0,0,,0,,,,0,0000-00-00,0000-00-00,0000-00-00,,,,401602,0,0,,no,,no,,,,
S2598,"SS INFRA",,ONGOLE PRAKASAM DIS,"ONGOLE, PRAKASAM DIS",,Y,0,0,0,N,0,525,O,"",,"No:7/670/8/A/TF2 MM ROAD                GANDHI NAGAR",,"P. SIVA SHANKARA VARA PRA",,,,,,ACHFS8003Q,ONGOLE, PRAKASAM DIS,0,,,,,,0,0,,0,,,,0,1971-01-01,1971-01-01,1971-01-01,,,,523001,0,0,no,no,no,no,,,,
S2598,"SS INFRA",,ONGOLE PRAKASAM DIS,"ONGOLE, PRAKASAM DISTRICT",,Y,0,0,0,N,0,525,O,"",,"No:7/670/8/A/TF2 MM ROAD                GANDHI NAGAR",,"P. SIVA SHANKARA VARA PRA",,,,,,ACHFS8003Q,ONGOLE, PRAKASAM DIS,0,,,,,,0,0,,0,,,,0,1971-01-01,1971-01-01,1971-01-01,,,,523001,0,0,no,no,no,no,,,,
S2599,"SHANKAR PLYWOOD CENTRE",9919775107,LUCKNOW,"LUCKNOW",S10221,Y,0,0,0,N,0,,D,"",,"SITARAM BHAWAN 007CCADIL NAGARKURSI ROADIndia",,"MADAN LAL GUPTA",9919775107,,,,,CQSPK2627P,LUCKNOW,0,,,madanlalspc@gmail.com,,,0,0,,0,,,,0,0000-00-00,0000-00-00,0000-00-00,,,,226024,0,0,,no,,no,,,,
S2605,"SARASWATI ENTERPRISES",9215937000,YAMUNA NAGAR,"YAMUNA NAGAR",,Y,0,30,0,N,0,,O,"",,"E-25INDUSTRIAL AREA",,"ANURAG SINGHAL",,,,,,AXBPS0624E,YAMUNA NAGAR,0,,,sbiplyworld@gmail.com,,,0,0,,0,,,,0,0000-00-00,0000-00-00,0000-00-00,,,,,0,0,,no,,no,,,,
S2609,"SOFAKINGS PRIVATE LIMITED",9841561641,Chennai,"CHENNAI",,Y,3000000,30,0,N,0,553,O,"",,"# 19 Whites RoadRoyapettahIndia",,"SENTHIL KUMAR",,,,,,AARCS9213R,Chennai,0,,,senthil.sofakings@gmail.com,,,0,0,,0,,,,0,0000-00-00,0000-00-00,0000-00-00,,,,600014,0,0,,no,,no,,,,
S2610,"SHREE BALAJI TIMBER CO.",9355022535,YAMUNA NAGAR,"YAMUNA NAGAR",,Y,500000,30,0,N,0,,O,"",,"VILL:-KAMI MAJRAKHAJURI ROAD  India",,"PURSHOTTAM SINGHAL",,,,,,AZPS7810H,YAMUNA NAGAR,0,,,gshankar.singhal@gmail.com,,,0,0,,0,,,,0,0000-00-00,0000-00-00,0000-00-00,,,,,0,0,,no,,no,,,,
S2616,"SHREE AMBIKA HARDWARE & PLY",9879957414,VADODARA,"VADODARA",,Y,200000,30,0,N,0,332,D,"",,"FF-17 TAKSH COMPLEX DABHOI ROAD India",,"KAMLESH PATEL",,,,,,ANAPP5591Q,VADODARA,0,,,kamlesh@shreeambika.com,,,0,0,,0,,,,0,0000-00-00,0000-00-00,0000-00-00,,,,390025,0,0,,,,,,,,
S2617,"SRI MAHALAXMI ASSOCIATES",9449863353,Bangalore,"BANGALORE",S01405,Y,1500000,45,0,N,0,553,D,"",,"# 3 Morphy RoadHoysala Nagar HalasuruIndia",,"JETHALAL PATEL",,,,,,ACYFS8539G,Bangalore,0,,,smtd08@gmail.com,,,0,0,,0,,,,0,0000-00-00,0000-00-00,0000-00-00,,,,560008,0,0,,no,,no,,,,
S2618,"SSC PROJECTS PVT.LTD",,NAGPUR,"NAGPUR",S01430,Y,0,0,0,N,0,331,P,"",,"Plot No:276 Behind Ram Mandir           Ram Nagar",,"SREE DEVI",,,,,,AAFCS9870A,NAGPUR,0,,,purchasessc@ssgroup.co.in,,,0,0,,0,,,,0,1971-01-01,1971-01-01,1971-01-01,,,,440033,0,0,no,no,no,no,,,,
S2620,"SHREE HARDWARE.",9404545380,Amravati,"AMRAVATI",,Y,1500000,30,0,N,0,331,D,"",,"H-5 Khatri ComplexWalcut RoadIndia",,"AVI SIRWANI",447212590754,,,,,BMAPS3585H,AMRAVATI,0,,,shreehardware2013@gmail.com,,,0,0,,0,,,,0,0000-00-00,0000-00-00,0000-00-00,,,,444601,0,0,,no,,no,,,,
S2623,"SUKHMANI VENEERS",9355560820,YAMUNA NAGAR,"YAMUNA NAGAR",,Y,0,30,0,N,0,,O,"",,"E-25 INDUSTRIAL AREA YAMUNA NAGAR India",,"AMARJEET SINGH LAMBA",,,,,,ASTPS8981M,YAMUNA NAGAR,0,,,amarjeetlamba27@gmail.com,,,0,0,,0,,,,0,0000-00-00,0000-00-00,0000-00-00,,,,,0,0,,no,,no,,,,
S2624,"SHREE PLYWOODS",9430354888,DHANBAD,"DHANBAD",,Y,1250000,30,0,N,0,222,D,"",,"SHAKTI TOWERZORA PHATAK ROADIndia",,"PRAVEEN JOSHI",,,,,,ACTFS6515M,Dhanbad,0,,,kuldeep_joshi@yahoo.com,,,0,0,,0,,,,0,0000-00-00,0000-00-00,0000-00-00,,,,826001,0,0,,no,,no,,,,
S2625,"SHRI BALAJI PLYWOOD & HARDWARE STORE",9466597220,PEHOWA,"PEHOWA",D10350,Y,1500000,30,0,N,0,443,D,"",,"AMBALA ROAD  KURUKSHETRA",,"MANDEEP GARG",8059253470,,,,,ATYPG3122C,PEHOWA,0,,,shribalajipehwa@gmail.com,,,0,0,,0,,,,0,0000-00-00,0000-00-00,0000-00-00,,,,136128,0,0,,,,,,,,
S2627,"SURRINDER KUMARI BAJAJ",9935047400,KANPUR,"KANPUR",,Y,0,30,0,N,0,,O,"",,"117/623PANDU NAGAR",,"SURRENDER KUMARI BAJAJ",,,,,,ADHPB2565R,KANPUR,0,,,rajan1971@gmail.com,,,0,0,,0,,,,0,0000-00-00,0000-00-00,0000-00-00,,,,208012,0,0,,no,,no,,,,
S2628,"SHRI SHYAM GLOBAL",9837340448,RAMPUR,"RAMPUR",,Y,0,30,0,N,0,,O,"",,"JUDGES ROAD CIVIL LINES PANWARIA India",,"MAMRAJ LAL AGARWAL",,,,,,ACWPA5317Q,RAMPUR,0,,,gauravagarwal.150778@gmail.com,,,0,0,,0,,,,0,0000-00-00,0000-00-00,0000-00-00,,,,,0,0,,no,,no,,,,
S2631,"SHRIJI PLYWOOD",9758147474,MATHURA,"MATHURA",S10221,Y,0,45,0,N,0,447,O,"",,"NH-2GANESHRA CHAUR NEAR RADH PURAM",,"MANISH BHATIA",,,,,,ACVFS0611A,MATHURA,0,,,shreeji717@gmail.com,,,0,0,,0,,,,0,0000-00-00,0000-00-00,0000-00-00,,,,281001,0,0,,,,no,,,,
S2634,"SHUBH PLYWOOD",,DHORAJI,"DHORAJI",S01769;D02029,Y,0,0,0,N,0,332,O,"",,"OPP BLUE STAR CINEMA",,"PIYUSH PATEL",,,,,,AAHFS2966G,DHORAJI,0,,,shubh.plywood@yahoo.co.in,,,0,0,,0,,,,0,0000-00-00,0000-00-00,0000-00-00,,,,360410,0,0,,,,,,,,
S2635,"SINGLA TIMBERS",9255720164,SONEPAT,"SONEPAT",,Y,2000000,30,0,N,0,,D,"",,"OPP.IND.AREANEAR TATA MOTOR SHOWROOMROHTAK ROAD",,"ROSHAN SINGLA",,,,,,AAWPL3027C,SONEPAT,0,,,singlaramneek@gmail.com,,,0,0,,0,,,,0,0000-00-00,0000-00-00,0000-00-00,,,,,0,0,,no,,no,,,,
S2636,"SAROVAR PLYWOOD AND HARDWARE CENTER",9825014829,MAHESANA,"MAHESANA",,Y,2000000,45,0,N,0,332,D,"",,"8/A GOVIND SHOPPING CENTERNR B K CINEMA S.T. WORKSHOP RD",,"KIRIT BHAI PATEL",,,,,,AARFS0474R,MAHESANA,0,,,sarovarply@yahoo.com,,,0,0,,0,,,,0,0000-00-00,0000-00-00,0000-00-00,,,,384002,0,0,,no,,no,,,,
S2637,"SIDDHI VINAYAK TIMBER & PLYWOOD",9829048929,JAIPUR,"JAIPUR",,Y,500000,30,0,N,0,,D,"",,"3GOVIND NAGARNEAR SHANI DEVMANDIRDCM AJMER ROADIndia",,"BAJRANG LAL PANWAR",,,,,,ACPPP3735J,JAIPUR,0,,,deepakpanwar19@gmail.com,,,0,0,,0,,,,0,0000-00-00,0000-00-00,0000-00-00,,,,302021,0,0,,no,,no,,,,
S2644,"SHREE RAM PLYWOOD TRADERS",8295428888,JHAJJAR,"JHAJJAR",,Y,0,30,0,N,0,,D,"",,"BACK SIDE BUS STANDP.B.ROAD P.S.BUILDINGOPP DR.N.D.HOSPITAL",,"VINOD KUMAR JINDAL",,,,,,ADAFS4772N,JHAJJAR,0,,,rn34656@gmail.com,,,0,0,,0,,,,0,0000-00-00,0000-00-00,0000-00-00,,,,,0,0,,no,,no,,,,
S2645,"SABOO ENTERPRISES",9810168466,FARIDABAD,"Faridabad",S10152;S10153,Y,8000000,30,0,N,0,,D,"",,"SCF NO.12SECTOR-11D MARKET",,"ANAND SABOO",,,,,,AVTPS8020J,FARIDABAD,0,,,sabooak@yahoo.com,,,0,0,,0,,,,0,0000-00-00,0000-00-00,0000-00-00,,,,121006,0,0,,no,,no,,,,
S2648,"SHADAB RABBANI",8936032344,GAYA,"GAYA",,Y,500000,30,0,N,0,219,D,"",,"RIVER SIDE ROAD MORYA GHATGAYAIndia",,"SHADAB RABBANI",,,,,,AKRPR7208L,GAYA,0,,,rabbanitimbergaya786@gmail.com,,,0,0,,0,,,,0,0000-00-00,0000-00-00,0000-00-00,,,,823001,0,0,,no,,no,,,,
S2656,"SHREE LAMINATES",9437965581,BHUBANESWAR,"BHUBANESWAR",,Y,1300000,45,0,N,0,,D,"",,"26-A Kharvel Nagar Unit III Master Canteen Station Square India",,"VINAY BANSAL",,,,,,AANFM0848F,Bhubaneswar,0,,,shreelaminates.bbsr@gmail.com,,,0,0,,0,,,,0,0000-00-00,0000-00-00,0000-00-00,,,,,0,0,,no,,no,,,,
S2665,"SHREE GANESH PLYWOOD",9829040942,UDAIPUR,"UDAIPUR",,Y,1000000,45,0,N,0,,D,"",,"24-CASHWINI BAZAR",,"VISHAL BANTHIA",,,,,,AADFS9545F,UDAIPUR,0,,,vishalbanthia@yahoo.com,,,0,0,,0,,,,0,0000-00-00,0000-00-00,0000-00-00,,,,313001,0,0,,no,,no,,,,
S2666,"S.V.TRADERS",9935443581,KANPUR,"KANPUR",,Y,500000,45,0,N,0,,D,"",,"4C/321 & 322AWAS VIKAS COLONYHANSPURAMNAU BASTAIndia",,"MAN MOHAN SHARMA",,,,,,CWZPS5025C,KANPUR,0,,,manmohansharma3781@gmail.com,,,0,0,,0,,,,0,0000-00-00,0000-00-00,0000-00-00,,,,208021,0,0,,no,,no,,,,
S2673,"SREE MANJUNATHA HARDWARE & PAINTS",9591111459,Bellary,"BELLARY",S10223;D02057,Y,0,0,0,N,0,553,D,"",,"Abhi complex Parvathinagar Main Rd      Near S.P.Circle",,"VINAY",9591111457,,,,,ACOFS6977J,BELLARY,0,,,jithumahraj@gmail.com,,,0,0,,0,,,,0,1971-01-01,1971-01-01,1971-01-01,,,,583103,0,0,no,no,no,no,,,,
S2678,"SUNEHARI BAGH BUILDERS PVT.LTD",9313701541,NEW DELHI,"NEW DELHI",,Y,0,45,0,N,0,,P,"",,"603ANUSHKA TOWERG3S MALL SECTOR-11ROHINI India",,"S.S. ARORA",,,,,,AACCS0523K,NEW DELHI,0,,,director@suneharibaghbuilders.com,,,0,0,,0,,,,0,0000-00-00,0000-00-00,0000-00-00,,,,,0,0,,no,,no,,,,
S2679,"SANMATI INFRAPROJECT PVT.LTD.",9350531358,NEW DELHI,"NEW DELHI",,Y,0,45,0,N,0,,P,"",,"609-DLF PLACESAKET  India",,"PRAVEEN AGGARWAL",,,,,,AAACM6551H,NEW DELHI,0,,,praveen@jajubuilders.com,,,0,0,,0,,,,0,0000-00-00,0000-00-00,0000-00-00,,,,,0,0,,no,,no,,,,
S2694,"SNEHA PLYWOOD CENTRE.",9908822098,VIJAYAWADA-KRISHNA D,"VIJAYAWADA-KRISHNA DISTRICT",D01987,Y,3000000,45,0,N,0,525,D,"",,"27/37/24 GOVERNORPET BUNDER ROAD",,"SNEHA PLYWOOD",7377277292,,,,,AOVPB4082N,VIJAYAWADA-KRISHNA DISTRICT,0,,,snehaplywood@gmail.com,,,0,0,,0,,,,0,0000-00-00,0000-00-00,0000-00-00,,,,520002,0,0,,,,,,,,
S2694,"SNEHA PLYWOOD CENTRE.",9908822098,VIJAYAWADA-KRISHNA D,"VIJAYAWADA-KRISHNA DISTRICT",D01987,Y,3000000,45,0,N,0,525,D,"",,"27/37/24 GOVERNORPET BUNDER ROAD",,"SNEHA PLYWOOD",7377277292,,,,,AOVPB4082N,VIJAYAWADA-KRISHNA DISTRICT,0,,,snehaplywood@gmail.com,,,0,0,,0,,,,0,0000-00-00,0000-00-00,0000-00-00,,,,520002,0,0,,,,,,,,
S2698,"SURYA PLYWOODS",7032087500,RAJAHMUNDRY,"RAJAHMUNDRY",,Y,1500000,45,0,N,0,,D,"",,"8/24/18 MIRYALAVARI STREET MAIN ROAD EAST GODAVARI India",,"PVVS SUBRAHMANYAM",,,,,,AGNPP8895M,RAJAHMUNDRY,0,,,srinupynda@gmail.com,,,0,0,,0,,,,0,0000-00-00,0000-00-00,0000-00-00,,,,,0,0,,no,,no,,,,
S2704,"SHREE SHYAM PLYWOOD",9312246579,NEW DELHI,"NEW DELHI",S10015,Y,500000,30,0,N,0,441,D,"",,"A-12 WHS KIRTI NAGAR",,"VED KUMAR GUPTA",,,,,,ADFPG7949G,NEW DELHI,0,,,plywoodshreeshyam@gmail.com,,,0,0,,0,,,,0,0000-00-00,0000-00-00,0000-00-00,,,,110015,0,0,no,no,,no,,,,
S2720,"SANCHAR ARCADE SHAKARI AWAS SAMITI LTD.",9069699676,GHAZIABAD,"GHAZIABAD",,Y,0,0,0,N,0,,O,"",,"KHASRA NO.236&237 VILLAGE MORTARAJ NAGAR EXTN. India",,"D.D. BANSAL",,,,,,AAABS3096G,GHAZIABAD,0,,,ddbansal5173@rediffmail.com,,,0,0,,0,,,,0,0000-00-00,0000-00-00,0000-00-00,,,,,0,0,,no,,no,,,,
S2723,"SHREE MAHAVIR TRADERS",9215939184,KAITHAL,"KAITHAL",,Y,0,30,0,N,0,,O,"",,"KAITHAL ROAD OPP. OBC BANK CHEEKA",,"AKUL AGGARWAL",,,,,,AYTPA6890K,KAITHAL,0,,,pandit981@gmail.com,,,0,0,,0,,,,0,0000-00-00,0000-00-00,0000-00-00,,,,,0,0,,no,,no,,,,
S2724,"SHIVAM PLYWOOD & GLASS",9837183119,MUZAFFAR NAGAR,"MUZAFFAR NAGAR",,Y,0,0,0,N,0,448,O,"",,"C-138NEW MANDI",,"ANAND PARKASH BANSAL",,,,,,AAPPB2565E,MUZAFFARNAGAR,0,,,spagmg@gmail.com,,,0,0,,0,,,,0,1971-01-01,1971-01-01,1971-01-01,,,,251001,0,0,no,no,no,no,,,,
S2724,"SHIVAM PLYWOOD & GLASS",9837183119,MUZAFFARNAGAR,"MUZAFFARNAGAR",,Y,0,0,0,N,0,448,O,"",,"C-138NEW MANDI",,"ANAND PARKASH BANSAL",,,,,,AAPPB2565E,MUZAFFARNAGAR,0,,,spagmg@gmail.com,,,0,0,,0,,,,0,1971-01-01,1971-01-01,1971-01-01,,,,251001,0,0,no,no,no,no,,,,
S2726,"SUPER INTERIOR & DECORATOR",9555703175,NOIDA,"NOIDA",S10155,Y,0,30,0,N,0,441,P,"",,"SHOP NO. 4 SEC.-49 GBN SHARMA MARKET",,"ALI MUDDIN",,,,,,AAJPA7840D,NOIDA,0,,,superid4@gmail.com,,,0,0,,0,,,,0,0000-00-00,0000-00-00,0000-00-00,,,,,0,0,,no,,no,,,,
S2735,"SPARSH",7874252188,SURAT,"SURAT",,Y,3000000,60,484454,N,0,,D,"",,"HARIHAR STREETOPP SURYA PLAZA NR BHATAR CHAR RASTA India",,"VIJAYBHAI GOYANI",,,,,,AHGPG9686B,SURAT,0,,,sparshinsurat@gmail.com,,,0,0,,0,,,,0,0000-00-00,0000-00-00,0000-00-00,,,,,0,0,,no,,no,,,,
S2747,"SHREE MUFATLAL HARDWARE & PLYWOOD",9414404804,PALI,"PALI",S10314;,Y,0,0,0,N,0,427,D,"",,"OPP AGARSEN BHAWAN                      RADHA KRISHAN GARDEN",,"SURENDRA BANSAL",,,,,,AGSPB5307P,PALI,0,,,mufatlal64234@gmail.com,,,0,0,,0,,,,0,1971-01-01,1971-01-01,1971-01-01,,,,306401,0,0,no,no,no,no,,,,
S2748,"SONIJI PLYWOOD",8826362639,DADRI (G.B.NAGAR),"DADRI (G.B.NAGAR)",,Y,500000,0,0,N,0,,D,"",,"SONIJI MARKETNEAR PNB RAILWAY ROAD India",,"JHANESHWAR SINGH VERMA",,,,,,AIMPV1194Q,DADRI (G.B.NAGAR),0,,,sonijiplywood@gmail.com,,,0,0,,0,,,,0,0000-00-00,0000-00-00,0000-00-00,,,,,0,0,,no,,no,,,,
S2763,"SHRI RAM PLYWOOD",9810636912,DELHI,"DELHI",S10015,Y,1000000,0,0,N,0,441,D,"",,"2387BAWANA ROAD NARELA",,"P R ASSOCIATES",9811333408,,,,,AARPK9411C,DELHI,0,,,nitingarg5676@yahoo.com,,,0,0,,0,,,,0,0000-00-00,0000-00-00,0000-00-00,,,,110040,0,0,no,no,,no,,,,
S2765,"SHREE AMBIKA PLYWOOD INDUSTRIES",9825093415,Bhavnagar,"BHAVNAGAR",,Y,0,30,0,N,0,317,O,"",,"PLOT NO 2 & 3 SURVEY NO 274 NH 8E TALAJA ROADUKHARALLA BHAVNAGAR",,"ALPESH BHAI",,,,,,AARPM7279E,BHAVNAGAR,0,,,0,,,0,0,,0,,,,0,0000-00-00,0000-00-00,0000-00-00,,,,364050,0,0,,,,,,,,
S2767,"SRI HARIHAR PLYWOOD",9721601132,LUCKNOW,"LUCKNOW",,Y,500000,0,0,N,0,,D,"",,"363/1MAUSAM BAGHSITAPUR ROAD",,"GOVIND KR. SINGHAL",5222758553,,,,,ACUFS4394R,LUCKNOW,0,,,srihariharplywood@gmail.com,,,0,0,,0,,,,0,0000-00-00,0000-00-00,0000-00-00,,,,226020,0,0,,no,,no,,,,
S2769,"SOHAN LAL PLYWOOD INDUSTRIES",9812160432,HISSAR,"HISSAR",,Y,1000000,30,0,N,0,317,O,"",,"OLD INDUTRIAL AREA OPPOSITE DAINIK JAGRAN India",,"PRATEEK JAIN",,,,,,ABZPM8586D,HISSAR,0,,,prateekjainhsr@gmail.com,,,0,0,,0,,,,0,0000-00-00,0000-00-00,0000-00-00,,,,125005,0,0,,,,,,,,
S2770,"SHREE AADESH ENTERPRISE",9662710350,VADODARA,"VADODARA",,Y,1200000,60,0,N,0,332,D,"",,"GF-4/5 SHREEKUNJ HEIGHTSMANJALPUR GIDC ROAD",,"BHARGAV PATEL",,,,,,BGVPP0424R,VADODARA,0,,,aadesh.bhargav@gmail.com,,,0,0,,0,,,,0,0000-00-00,0000-00-00,0000-00-00,,,,390011,0,0,,no,,no,,,,
S2788,"SHREE VINAYAK PAINTS & PLYWOOD",9886067842,YADGIRI,"Yadgiri",,Y,1000000,60,0,N,0,553,D,"",,"Shop # 5-2-6 Near PWD OfficeBusstand RoadIndia",,"CHANDRAKANTH PATEL",,,,,,BJXPC2985F,Yadgiri,0,,,keertiptl98@gmail.com,,,0,0,,0,,,,0,0000-00-00,0000-00-00,0000-00-00,,,,585202,0,0,,no,,no,,,,
S2800,"SHAPAR GRAM PANCHYAT",9909200057,RAJKOT,"RAJKOT",,Y,0,0,0,N,0,332,O,"",,"SHAPAR VERVAL ROAD SHAPAR",,"KAMLESH BHAI",,,,,,AAALS5522K,RAJKOT,0,,,,,,0,0,,0,,,,0,1971-01-01,1971-01-01,1971-01-01,,,,360024,0,0,no,no,no,no,,,,
S2802,"SHUBHAM FURNITURES",9414339202,BIKANER,"BIKANER",,Y,0,0,0,N,0,,D,"",,"OPP. KHOTHARI HOSPITALNEW GAJNER ROAD",,"INDARJEET KHATRI",,,,,,AJFPK5068A,BIKANER,0,,,indra.jeet31@ymail.com,,,0,0,,0,,,,0,0000-00-00,0000-00-00,0000-00-00,,,,334001,0,0,,no,,no,,,,
S2804,"SAIDATTA PLY & HARDWARE",9922730333,SATARA,"SATARA",,Y,1500000,30,137511,N,0,,D,"",,"GALA NO:3 ANJIRA COMPLEX GANESH CHOWK MIDC KUDOLI",,"GANESH KATE",,,,,,APNPK7239R,SATARA,0,,,saidattaply@gmail.com,,,0,0,,0,,,,0,0000-00-00,0000-00-00,0000-00-00,,,,,0,0,,no,,no,,,,
S2807,"SULTANPUR SOCIETY OF HEALTH CARE & EDUCATION",8886010123,SULTANPUR,"Sultanpur",,Y,1000000,45,0,N,0,,O,"",,"NURSING INSTT C/O DR.A.K.SINGH TANTIYA NAGARSAIFULLAGANJ India",,"DR ABHISHEK SINGH",,,,,,AAOAS9026M,SULTANPUR,0,,,abhisheksingh.iitkgp06@gmail.com,,,0,0,,0,,,,0,0000-00-00,0000-00-00,0000-00-00,,,,,0,0,,no,,no,,,,
S2808,"SINGHAL PLYWOOD HOME",9456841500,SHIKARPUR (BULAND SH,"SHIKARPUR (BULAND SHAHAR)",,Y,300000,30,0,N,0,,D,"",,"NEW GANJPAITH ROAD",,"ANIL KUMAR SINGHAL",,,,,,AGBPS5634H,SHIKARPUR (BULAND SHAHAR),0,,,sandeepsinghal@gmail.com,,,0,0,,0,,,,0,0000-00-00,0000-00-00,0000-00-00,,,,,0,0,,no,,no,,,,
S2810,"SHARDA PLYWOODS",,,"",,D,0,0,0,N,0,447,D,"",,"5SHIVAJI MARG",,"SANJAY KUMAR GOEL",,,,,,ACRFS9162L,LUCKNOW,0,,,,,,0,0,,0,,,,0,0000-00-00,0000-00-00,0000-00-00,,,,226001,0,0,,,,,,,,
S2810,"SHARDA PLYWOODS",,LUCKNOW,"LUCKNOW",,Y,0,0,0,N,0,447,D,"",,"5SHIVAJI MARG",,"SANJAY KUMAR GOEL",,,,,,ACRFS9162L,LUCKNOW,0,,,,,,0,0,,0,,,,0,0000-00-00,0000-00-00,0000-00-00,,,,226001,0,0,,,,,,,,
S2821,"SHRI BALAJI ENTERPRISES",9811076342,JAGATPURIDELHI,"JAGATPURI,DELHI",S10015,Y,800000,45,0,N,0,441,D,"",,"87A-88ANARKALI GARDEN",,"ABHISHEK AGGARWAL",,,,,,AFSPA0584Q,JAGATPURI,DELHI,0,,,aggarwal_rk1@redifmail.com,,,0,0,,0,,,,0,0000-00-00,0000-00-00,0000-00-00,,,,110051,0,0,no,no,,no,,,,
S2824,"SPACEWOOD FURNISHERS PVT LTD - BUTIBORI",8007778682,NAGPUR,"NAGPUR",,Y,1000000,45,0,N,0,331,P,"",,"PLOT NO: SZ-25/1 BUTIBORI INDUSTRIAL AREA BUTIBORI",,"BHANOO DUBEY",,,,,,AACCS4955R,NAGPUR,0,,,aditya.k@spacewood.in,,,0,0,,0,,,,0,0000-00-00,0000-00-00,0000-00-00,,,,441122,0,0,,,,no,,,,
S2829,"SHREE PAWAN PLYWOOD",9999871901,NEW DELHI,"NEW DELHI",S10015,Y,1500000,45,0,N,0,441,D,"",,"1482B/5 WAZIR NAGAR KOTLA MUBARAKPUR",,"KANHAIYA LAL BALDEWA",,,,,,AAKPB4586G,NEW DELHI,0,,,sppkotla@gmail.com,,,0,0,,0,,,,0,0000-00-00,0000-00-00,0000-00-00,,,,110003,0,0,no,no,,no,,,,
S2845,"SHRI NATH JI ENTERPRISES",9837206633,MORADABAD,"MORADABAD",S10230;;D10396,Y,500000,30,0,N,0,448,D,"",,"A-1/68 COMMERCIAL COMPLEX RAM GANGA VIHAR II India",,"NALINI MAHESHWARI",,,,,,AKYPM5353N,MORADABAD,0,,,purneshm@rediffmail.com,,,0,0,,0,,,,0,0000-00-00,0000-00-00,0000-00-00,,,,,0,0,,no,,no,,,,
S2847,"SUNEJA PLYWOOD",9927041672,MORADABAD,"MORADABAD",,Y,700000,30,0,N,0,448,D,"",,"JAIL ROAD CIVIL LINE India",,"PREM SUNEJA",,,,,,AWJPS0633A,MORADABAD,0,,,sunejaplywood12@gmail.com,,,0,0,,0,,,,0,0000-00-00,0000-00-00,0000-00-00,,,,244001,0,0,,,,,,,,
S286,"SHANTI PLYWOOD CO.",,NEW DELHI,"NEW DELHI",S10042,Y,2500000,0,0,N,0,441,D,"",,"58/4 BLOCK NO.2 W.H.S. KIRTI NAGAR",,"",,,,,,AACFS6187Q,NEW DELHI,0,,,,,,0,0,,0,,,,0,0000-00-00,0000-00-00,0000-00-00,,,,110015,0,0,no,no,,no,,,,
S2860,"SAMRAT FURNISHERS & DECORATORS",8590000041,CHANDIGARH,"CHANDIGARH",,Y,1500000,30,0,N,0,,O,"",,"SCO-18SECTOR-7C MADHHYA MARG",,"YOGESH GUPTA",,,,,,AAAHY2157A,CHANDIGARH,0,,,kalkaplyworld@gmail.com,,,0,0,,0,,,,0,0000-00-00,0000-00-00,0000-00-00,,,,,0,0,,no,,no,,,,
S2877,"SAGAR SHETH",9879188071,AHMEDABAD,"AHMEDABAD",S01769,Y,0,0,0,N,0,332,O,"",,"C-41 SAMPRAT RESIDENCYOPP PARIVAR SOC. SATELLITE",,"SAGAR SHETH",,,,,,APPPS3313C,AHMEDABAD,0,,,shrajkot@gmail.com,,,0,0,,0,,,,0,0000-00-00,0000-00-00,0000-00-00,,,,380015,0,0,,no,,no,,,,
S2888,"SHRI BANKEY BIHARI TIMBER & TRADERS",9412574410,PILKHUA,"PILKHUA",,Y,400000,30,0,N,0,,D,"",,"NEAR CHANDI SCHOOL NH-24 DELHI GARH ROAD",,"KUSHAGRA KANSAL",,,,,,EKTPK3248F,PILKHUA,0,,,sbbmaruti@rediffmail.com,,,0,0,,0,,,,0,0000-00-00,0000-00-00,0000-00-00,,,,,0,0,,no,,no,,,,
S2899C,"SHREE RAM ROADLINES",9712125712,RAJKOT,"RAJKOT",S01386,Y,0,0,0,N,0,332,O,"",,"NEAR MAHARANA PRATAP HALL						         KANAKNAGAR SOCIETY SANT KABIR ROAD",,"ASHOKBHAI KANJIBHAI MANGE",,,,,,BCAPM0219E,RAJKOT,0,,,shreeramroadlines5511@gmail.com,,,0,0,,0,,,,0,0000-00-00,0000-00-00,0000-00-00,,,,360003,0,0,,,,,,,,
S290,"SHANTI  ENTERPRISES",9810056749,GHAZIABAD,"GHAZIABAD",,Y,1500000,30,0,N,0,,D,"",,"A-5 PATEL NAGAR-II OPP. NEW BUS STANDG.T.ROAD",,"VIKAS AGARWAL",,,,,,AANPA4734G,GHAZIABAD,0,,,comfortzonegzb@yahoo.com,,,0,0,,0,,,,0,0000-00-00,0000-00-00,0000-00-00,,,,,0,0,,no,,no,,,,
S2921,"SHREE GANESH ENTERPRISES.",8601232682,VARANASI,"VARANASI",,Y,0,0,0,N,0,,D,"",,"RAJI NO. 86RAJNAHIYA SHIVPURIndia",,"ALOK KUMAR",,,,,,BSMPK4730J,VARANASI,0,,,alok3367@gmail.com,,,0,0,,0,,,,0,0000-00-00,0000-00-00,0000-00-00,,,,221001,0,0,,no,,no,,,,
S2926,"SHREE PLYWOOD AGENCY",9455228647,VARANASI,"VARANASI",,Y,0,0,0,N,0,,D,"",,"MAUJA BISHOKHER PARGANA DEHATAMANAT SADARIndia",,"MAMTA OJHA",,,,,,ABLPO0743Q,VARANASI,0,,,shreeplywoodagency@gmail.com,,,0,0,,0,,,,0,0000-00-00,0000-00-00,0000-00-00,,,,221005,0,0,,no,,no,,,,
S2935,"SUPREME COLLECTION (I) PVT. LTD.",9810366641,NEW DELHI,"NEW DELHI",S10015,Y,500000,7,0,N,0,441,D,"",,"F-38/1 OKHLA INDUSTRIAL AREA PHASE-II OKHLA India",,"PRAMOD AGGARWAL",,,,,,AACCS7646F,NEW DELHI,0,,,supreme66641@yahoo.com,,,0,0,,0,,,,0,0000-00-00,0000-00-00,0000-00-00,,,,110020,0,0,no,no,,no,,,,
S2940,"SHIV SHAKTI ENTERPRISE",,GUWAHATI,"GUWAHATI",S01785,Y,0,0,0,N,0,215,O,"",,"SAUKUCHI                                 HOCKEY STADIUM ROAD",,"DIPUL NATH",,,,,,ADNFS6627H,GUWAHATI,0,,,,,,0,0,,0,,,,0,0000-00-00,0000-00-00,0000-00-00,,,,781040,0,0,,,,,,,,
S2951,"SAIFI PLYWOODS",9911611097,NOIDA,"NOIDA",S10015,Y,0,0,0,N,0,441,D,"",,"B-15 SECTOR-9  India",,"TAJ MOHAMMAD",,,,,,BRFPM8466B,NOIDA,0,,,mohdtaj.1015@gmail.com,,,0,0,,0,,,,0,0000-00-00,0000-00-00,0000-00-00,,,,301201,0,0,no,no,,no,,,,
S2980,"SUDHIR PLYWOOD",9456252072,KASGANJ,"KASGANJ",,Y,0,0,0,N,0,,D,"",,"RAILWAY ROAD GANDI ROAD DUNDWARA India",,"SUDHIR KUMAR BHARDWAJ",,,,,,AUQPB2432B,KASGANJ,0,,,bhardwajaryan29@gmail.com,,,0,0,,0,,,,0,0000-00-00,0000-00-00,0000-00-00,,,,,0,0,,no,,no,,,,
S2983,"S.R.GLASS AND PLYWOOD",9849897776,CHITTOOR DISTRICT,"CHITTOOR DISTRICT",S01700,Y,1000000,45,0,N,0,554,D,"",,"17/107 MAREMMA GUDI STREET NEWPET PALAMANER",,"RAVICHANDRA REDDY POTHULA",,,,,,BGQPP4782D,CHITTOOR DISTRICT,0,,,ravichandrareddy121970@gmail.com,,,0,0,,0,,,,0,0000-00-00,0000-00-00,0000-00-00,,,,,0,0,,no,,no,,,,
S2985,"SHIVANI PLYWOOD",9897072349,MEERUT,"MEERUT",,Y,0,0,0,N,0,,D,"",,"A-49/50 SUREKHA PLAZA MAWANA ROAD RAJENDRAPURAM GANGA NAGAR India",,"PANKAJ BANSAL",,,,,,ADCFS7279J,MEERUT,0,,,prernatradersmrt@yahoo.in,,,0,0,,0,,,,0,0000-00-00,0000-00-00,0000-00-00,,,,,0,0,,no,,no,,,,
S2986,"SENATE ASSOCIATES",9986962679,Bangalore,"BANGALORE",,Y,0,0,0,N,0,,O,"",,"52/1NELGADRANHALLI MAI ROAD NAGASANDRA POST India",,"AMRIT PATEL",,,,,,ABSFS7399P,BANGALORE,0,,,senategold@gmail.com,,,0,0,,0,,,,0,0000-00-00,0000-00-00,0000-00-00,,,,,0,0,,no,,no,,,,
S3001,"SUPER SERVICE STATION",7583808574,SATNA,"SATNA",,Y,3000000,30,0,N,0,,S,"",,"NH 75 REWA ROAD IN FRONT OF SITARAM PETROL PUMP India",,"ASHISH CHOUDHA",,,,,,ACPPC4970J,SATNA,0,,,superservicesatna@gmail.com,,,0,0,,0,,,,0,0000-00-00,0000-00-00,0000-00-00,,,,,0,0,,no,,no,,,,
S3002,"17000 FT FOUNDATION",9811646467,GURGAON,"GURGAON",,Y,0,30,0,N,0,,O,"",,"Q-139SOUTH CITY-1",,"S. SAHU",,,,,,AAACZ5957C,GURGAON,0,,,reach.us@17000ft.org,,,0,0,,0,,,,0,0000-00-00,0000-00-00,0000-00-00,,,,,0,0,,no,,no,,,,
S301,"S J NARAIN & BROS",,,"",,Y,0,,0,N,0,,O,"",,"",,"",,,,,,,,0,,,,,,0,0,,0,,,,0,0000-00-00,0000-00-00,0000-00-00,,,,,0,0,,no,,no,,,,
S3038,"SANJAY MADANN",9415104444,FAIZABAD,"FAIZABAD",,Y,0,30,0,N,0,,O,"",,"4/6/18-AKHWASPURA GUDDI BAJAR",,"SANJAY MADAN",,,,,,ACMPM2392M,FAIZABAD,0,,,sanjaymadann@gmail.com,,,0,0,,0,,,,0,0000-00-00,0000-00-00,0000-00-00,,,,,0,0,,no,,no,,,,
S3058C,"SUJAY MANAGEMENT SERVICES LLP",9830159689,KOLKATA,"KOLKATA",,Y,0,0,0,N,0,457,O,"",,"113 PARK STREET                         NORTH BLOCK 4TH FLOOR",,"0",,,,,,ADQFS5166A,KOLKATA,0,,,corp@duroply.com,,,0,0,,0,,,,0,1971-01-01,1971-01-01,1971-01-01,,,,700016,0,0,no,no,no,no,,,,
S3059,"SHREE RAM SALES.",8541063557,SAHARSA,"SAHARSA",S01386,Y,400000,30,0,N,0,219,D,"",,"D B ROAD REFUGEE COLONY  India",,"DEEPAK KUMAR",,,,,,EQSPK8676Q,SAHARSA,0,,,aniket.kr098@gmail.com,,,0,0,,0,,,,0,0000-00-00,0000-00-00,0000-00-00,,,,852201,0,0,,no,,no,,,,
S3071,"SANWARIA ENTERPRISE",9435516536,SIVASAGAR,"SIVASAGAR",,Y,400000,30,181539,N,0,,D,"",,"SANWARIA ENTERPRISE BABUPATTY India",,"PANKAJ BIHANI",,,,,,AJUPB5938M,SIVASAGAR,0,,,sanwariaenterprise1@gmail.com,,,0,0,,0,,,,0,0000-00-00,0000-00-00,0000-00-00,,,,,0,0,,no,,no,,,,
S3078,"SHREE VISHWAKARMA HARDWARE",7050641438,RAJGIR,"RAJGIR",S01386,Y,1000000,30,0,N,0,219,D,"",,"DHARAMSHALA ROAD RAJGIR India",,"NAVIN KUMAR",,,,,,FFQPS7021B,RAJGIR,0,,,Vishwakarmahardware1984@gmail.,,,0,0,,0,,,,0,0000-00-00,0000-00-00,0000-00-00,,,,803116,0,0,,,,,,,,
S3099,"SRI VINAYAK ENTERPRISES",8933939999,GORAKHPUR,"GORAKHPUR",,Y,0,0,0,N,0,,D,"",,"C-119/634 JATEPUR SOUTHGOLGHAR",,"AKHILESH SINGH",,,,,,BXNPS1167D,GORAKHPUR,0,,,akhileshsingh23@gmail.com,,,0,0,,0,,,,0,0000-00-00,0000-00-00,0000-00-00,,,,273001,0,0,,no,,no,,,,
S3105,"SHIVSHAKTI PLYWOOD CENTER",9743476249,BIDAR,"BIDAR",S10223,Y,1000000,30,0,N,0,553,D,"",,"J.S.PAWAR COMPLEX OPP. UNION ?BANK BVB COLLEGE ROAD",,"SAWLARAM DEWASI",,,,,,ADPFS0198F,BIDAR,0,,,shivshaktiplywood153@gmail.com,,,0,0,,0,,,,0,0000-00-00,0000-00-00,0000-00-00,,,,585403,0,0,,,,,,,,
S3118,"SHRI HARDAS TILES & PLYWOOD",9839099711,LUCKNOW,"LUCKNOW",,Y,0,0,0,N,0,,O,"",,"IST FLOOR 27-A SINGAR NAGAR HARDOI RING ROAD ALAMBAGH India",,"PAWAN CHAWLA",,,,,,ADPFS9423F,LUCKNOW,0,,,pawan.chawla.lko@gmail.com,,,0,0,,0,,,,0,0000-00-00,0000-00-00,0000-00-00,,,,,0,0,,no,,no,,,,
S3122,"SUKHMANI PLYLAM",,UDAIPUR,"UDAIPUR",S10109,Y,0,0,0,N,0,427,D,"",,"1-B MEERA NAGAR                         A BLOCK MOKSH MARG                      SHBHAGPURA 100 FEET",,"NAVDEEP SINGH NAYYAR ( KAKU JI)",9928008181,,,,,ABNFS1417K,UDAIPUR,0,,,,,,0,0,,0,,,,0,0000-00-00,0000-00-00,0000-00-00,,,,313001,0,0,,,,,,,,
S3124,"SREE SHANKHESWAR HARDWARE AND PLYWOODS",9440859654,GUNTUR,"GUNTUR",,Y,2500000,45,0,N,0,525,D,"",,"D.NO. 6-21-19/1 CHINTA CITADEL 8/2 ARUNDEL PET",,"LALITHA",9440859654,,,,,ABUPJ3716B,GUNTUR,0,,,shankheswarhardware@gmail.com,,,0,0,,0,,,,0,0000-00-00,0000-00-00,0000-00-00,,,,522002,0,0,,,,,,,,
S3135,"SWADESHI CIVIL INFRASTRUCTURE PVT LTD",9811309664,NEW DELHI,"NEW DELHI",,Y,1500000,45,0,N,0,,P,"",,"302  DLF TOWER B  JASOLA",,"DEEPAK RAJESH",,,,,,AALCS7613M,NEW DELHI,0,,,thomasvargis@swadeshicipl.com,,,0,0,,0,,,,0,0000-00-00,0000-00-00,0000-00-00,,,,,0,0,,no,,no,,,,
S3141,"SILIGURI DECOR HOUSE",9641328353,SILIGURI,"SILIGURI",,Y,0,0,0,N,0,,D,"",,"ASHRAMPARA NEAR AMTALA CLUB RAMKRISHNA ROAD SILIGURI India",,"DEBLINA BISWAS",,,,,,BIQPB1081F,SILIGURI,0,,,slgdecorhouse@gmail.com,,,0,0,,0,,,,0,0000-00-00,0000-00-00,0000-00-00,,,,,0,0,,no,,no,,,,
S3148,"SRI SHYAM ENTERPRISES",9097723386,BEGUSARAI,"BEGUSARAI",,Y,500000,30,0,N,0,219,D,"",,"GOUSHALA CHOWK NR SL DHARAMSHALAMARWARI MOHALLAIndia",,"AJAY SHARMA",6201908167,,,,,DDPPS2768C,BEGUSARAI,0,,,shyam.bgs2019@gmail.com,,,0,0,,0,,,,0,0000-00-00,0000-00-00,0000-00-00,,,,851101,0,0,,no,,no,,,,
S3149,"STREAM ENTERPRISE",0,MEHSANA,"MEHSANA",,Y,0,0,0,N,0,,O,"",,"11/GIDC PHASE-1 MADHERA ROAD",,"PRAGNESHKUMAR ARUNBHAI PA",,,,,,ABHPP6124E,MEHSANA,0,,,manaliply@gmail.com,,,0,0,,0,,,,0,0000-00-00,0000-00-00,0000-00-00,,,,384001,0,0,,,,,,,,
S3153,"SAILENDRA KUMAR JHA",9711088775,WEST DELHI,"WEST DELHI",,Y,0,0,0,N,0,,O,"",,"H.NO. : 143 P C KAUSHIK ROAD NANGLOI",,"SAILENDRA KUMAR JHA",,,,,,AMMPJ3500E,WEST DELHI,0,,,csskjha@gmail.com,,,0,0,,0,,,,0,0000-00-00,0000-00-00,0000-00-00,,,,,0,0,,no,,no,,,,
S3154,"SHREE HARI ENTERPRISES",9810730355,GHAZIABAD,"GHAZIABAD",S10263,Y,0,0,0,N,0,448,D,"",,"J-251 MUKAND NAGAR  India",,"SAHIL AHUJA",,,,,,ACQFS8272E,GHAZIABAD,0,,,sahuja212@gmail.com,,,0,0,,0,,,,0,0000-00-00,0000-00-00,0000-00-00,,,,201001,0,0,,,,,,,,
S3157,"SWADESHI CIVIL INFRASTRUCTURE ?PVT. LTD.",9811309664,NOIDA (G.B.NAGAR),"NOIDA (G.B.NAGAR)",,Y,0,0,0,N,0,,P,"",,"A-39 SEC.-63 NOIDA",,"DEEPAK RAJESH",,,,,,AALCS7613M,NOIDA (G.B.NAGAR),0,,,thomasvargis@swadeshicipl.com,,,0,0,,0,,,,0,0000-00-00,0000-00-00,0000-00-00,,,,,0,0,,no,,no,,,,
S3163,"SRI SHYAM ENTEPRISES UNIT-1",+91-82106-64576,BEGUSARAI,"BEGUSARAI",D01921,Y,0,0,0,N,0,219,D,"",,"NEAR VIKASH VIDYALAYA                    DUMRI ROAD DUMRI",,"VEEVEK",9097310826,,,,,DBJPS2237G,BEGUSARAI,0,,,,,,0,0,,0,,,,0,0000-00-00,0000-00-00,0000-00-00,,,,851101,0,0,,,,,,,,
S3170,"SUDHIR TRADERS",9719400778,MEERUT,"MEERUT",S10142,Y,800000,30,0,N,0,448,D,"",,"OPP. CITY LOAK PUBLIC SCHOOL SARDA ROAD India",,"SUDHIR KUMAR",,,,,,AAJFS5497C,MEERUT,0,,,sudhirtraders@gmail.com,,,0,0,,0,,,,0,0000-00-00,0000-00-00,0000-00-00,,,,250002,0,0,,,,,,,,
S3172,"SAMPARK PLYWOOD & VENEERS PVT. LTD.",9810166221,DELHI,"DELHI",S10015,Y,0,0,0,N,0,441,D,"",,"73/3/1 GALI NO.-2 ASSAM TIMBER MARKET NANGLOI",,"GOPAL ARORA",,,,,,AAMCS1321D,DELHI,0,,,sampark.atc@gmail.com,,,0,0,,0,,,,0,0000-00-00,0000-00-00,0000-00-00,,,,110041,0,0,no,no,,no,,,,
S3181,"SHREE SHYAM PLYWOOD.",9415245953,GORAKHPUR,"GORAKHPUR",,Y,1500000,30,0,N,0,447,D,"",,"BANKA KATRA MAYA BAZAR RETI ROAD",,"ALOK AGRAWAL",9336918340,,,,,ACVPB0516B,GORAKHPUR,0,,,srishyamplywood@gmail.com,,,0,0,,0,,,,0,0000-00-00,0000-00-00,0000-00-00,,,,273001,0,0,,,,,,,,
S3190,"SRI NIDHI PLYWOOD AND HARDWARE",9886244633,RAICHUR,"RAICHUR",S10223,Y,2000000,45,0,N,0,553,D,"",,"OPP. BANK OF INDIA GUNJ ROAD",,"ARJUN",9886244633,,,,,ARQPB0724M,RAICHUR,0,,,arjun.badnal@gmail.com,,,0,0,,0,,,,0,0000-00-00,0000-00-00,0000-00-00,,,,584101,0,0,,,,,,,,
S3192,"SAI ALUMINIUM",7979957103,ARA,"ARA",D01926;D02015,Y,1000000,30,0,N,0,219,D,"",,"KATIRA KATIRA ARA BHOJPUR",,"DHARMENDRA KUMAR SHARMA",,,,,,BYRPS3581E,ARA,0,,,dksharma20080@gmail.com,,,0,0,,0,,,,0,0000-00-00,0000-00-00,0000-00-00,,,,802301,0,0,,,,,,,,
S3193,"S. K. FURNITURE & TIMBER",9414004438,RAMGANJ,"RAMGANJ",,Y,1500000,30,0,N,0,,O,"",,"0GUPTA WALI GALIRAMGANJ",,"SHAMASHER KOR",,,,,,AOVPK9053J,RAMGANJ,0,,,skft0000@gmail.com,,,0,0,,0,,,,0,0000-00-00,0000-00-00,0000-00-00,,,,305001,0,0,,no,,no,,,,
S3201,"SUBBU PLYWOOD CENTRE",8309002015,GUDUR,"GUDUR",S01700,Y,1500000,45,0,N,0,525,D,"",,"#3766 VIVEKANANDA ROAD UNDER BRIDGE",,"SUBBU",9849666617,,,,,ADQPY4554N,GUDUR,0,,,subbu.yakkala007@gmail.com,,,0,0,,0,,,,0,0000-00-00,0000-00-00,0000-00-00,,,,524101,0,0,,,,no,,,,
S3213,"SREE GANESH PLYWWOODS",9966367686,KURNOOL ANDHRAPRADE,"KURNOOL, ANDHRAPRADESH",S01700,Y,2000000,30,0,N,0,525,D,"",,"D.NO:51/15/A4/6 GVR COMPLEX RAJIV NAGAR BELLARY ROAD",,"MURALI MOHAN GAJULA",,,,,,ADDFS8952R,KURNOOL, ANDHRAPRADESH,0,,,sreeganeshplywwoodsknl@gmail.com,,,0,0,,0,,,,0,0000-00-00,0000-00-00,0000-00-00,,,,518004,0,0,,no,,no,,,,
S3214,"SRI LAKSHMI GANAPATHI TRADERS",9133532445,HYDERABAD,"HYDERABAD",S01700,Y,2000000,30,0,N,0,554,D,"",,"SURVEY-112113PLOT#33PASHA COLONY POPPALAGUDARAJENDRA NAGAR MANDAL",,"LOKESH",9133532445,,,,,ITSPK9735F,HYDERABAD,0,,,Lmoakm@gmail.com,,,0,0,,0,,,,0,0000-00-00,0000-00-00,0000-00-00,,,,500089,0,0,,,,,,,,
S3215,"SHREE BALAJEE",7543837135,BOKARO,"BOKARO",,Y,0,0,0,N,0,222,D,"",,"PLOT NO JB-1 CITY CENTRE SECTOR-4BOKARO STEEL CITY",,"LALITA DEVI AGARWAL",7543837135,,,,,ACUPA6856C,BOKARO,0,,,shree.balajee.bks@gmail.com,,,0,0,,0,,,,0,0000-00-00,0000-00-00,0000-00-00,,,,827004,0,0,,no,,no,,,,
S3218,"SHREE AADESH APPLIANCES",+91-97251-21921,VADODARA,"VADODARA",S01769;S01801,Y,0,0,0,N,0,332,D,"",,"SHOP NO C5                              SHRIKUNJ HEIGHTS MANJALPUR",,"AJAY PATEL",,,,,,ACPFS1559R,VADODARA,0,,,,,,0,0,,0,,,,0,0000-00-00,0000-00-00,0000-00-00,,,,390011,0,0,,,,,,,,
S3220,"STYLE MY SPACE",9621555559,LUCKNOW,"LUCKNOW",,Y,0,0,0,N,0,,O,"",,"54 MANGALPURI COLONYISMAILGANJ",,"SWATI TIWARI",9621555559,,,,,AQTPT7520M,LUCKNOW,0,,,stylemyspace121@gmail.com,,,0,0,,0,,,,0,0000-00-00,0000-00-00,0000-00-00,,,,226010,0,0,,no,,no,,,,
S3222,"SASTHI PLYWOOD",9837899800,BAREILLY,"BAREILLY",S10230,Y,1000000,30,0,N,0,447,D,"",,"NIRMAN NAGARPLOT NO.1 NAWADA JOGIYAN",,"SIDDHARTH AGARWAL",,,,,,ADRFS5070L,BAREILLY,0,,,Siddh_agrl12@yahoo.com,,,0,0,,0,,,,0,0000-00-00,0000-00-00,0000-00-00,,,,243001,0,0,,,,,,,,
S3224,"SANJAY PLYWOOD",9891119683,,"",S10230,D,500000,30,0,N,0,448,D,"",,"G-11 YATENDER SAGAR COMPLEX HAPUR ROAD MUKAND NAGAR",,"SANJEEV KUMAR JAIN",,,,,,ADIPJ5264G,GHAZIABAD,0,,,parasjain.jain425@gmail.com,,,0,0,,0,,,,0,0000-00-00,0000-00-00,0000-00-00,,,,201001,0,0,,,,,,,,
S3224,"SANJAY PLYWOOD",9891119683,GHAZIABAD,"GHAZIABAD",S10230,Y,500000,30,0,N,0,448,D,"",,"G-11 YATENDER SAGAR COMPLEX HAPUR ROAD MUKAND NAGAR",,"SANJEEV KUMAR JAIN",,,,,,ADIPJ5264G,GHAZIABAD,0,,,parasjain.jain425@gmail.com,,,0,0,,0,,,,0,0000-00-00,0000-00-00,0000-00-00,,,,201001,0,0,,,,,,,,
S3226,"SINGH PLYWOOD",9414004438,AJMER,"AJMER",,Y,1000000,45,0,N,0,,D,"",,"52 CINEMA ROAD",,"AMRIK SINGH",01452626800,,,,,ASYPS9892C,AJMER,0,,,amriksingh25plywood@gmail.com,,,0,0,,0,,,,0,0000-00-00,0000-00-00,0000-00-00,,,,305001,0,0,,no,,no,,,,
S3231,"SRI BALAJI INTERIORS",9394235444,RAJAMUNDRY,"RAJAMUNDRY",S01700,Y,1000000,21,0,N,0,525,D,"",,"PLOT NO 30/31/32 LALACHRUVU RAJAMUNDRY EAST GODAVARI",,"BALAJI",9849370059,,,,,AERPK0518G,RAJAMUNDRY,0,,,0,,,0,0,,0,,,,0,0000-00-00,0000-00-00,0000-00-00,,,,533101,0,0,,no,,no,,,,
S3235,"SRI MAHALAXMI TIMBER AND PLY",9449863355,Bangalore,"BANGALORE",,Y,600000,30,0,N,0,553,D,"",,"2374/AOLD MADRAS ROADHOSKOTE TOWNOPP:INDIAN OIL PETROL PUMP",,"VIJAY S PATEL",7676655555,,,,,ACKFS2414A,BANGALORE,0,,,smtply@gmail.com,,,0,0,,0,,,,0,0000-00-00,0000-00-00,0000-00-00,,,,562114,0,0,,no,,no,,,,
S3248,"SWATI INTERIORS",9111010970,GURGAON,"GURGAON",S01430,Y,0,0,0,N,0,443,O,"",,"BLOCK-JMAYFIELD GARDEN                  SECTOR-51",,"0",,,,,,AAVFS9372A,GURGAON,0,,,0,,,0,0,,0,,,,0,0000-00-00,0000-00-00,0000-00-00,,,,122001,0,0,,,,,,,,
S3261,"SADANJANA ENTERPRISES PRIVATE LIMITED",9100023630,HYDERABAD,"HYDERABAD",S01700,Y,1800000,45,0,N,0,554,D,"",,"SHOP NO. G3 PRIME LOTUS APARTMENT BACHUPALLYQUTHBULLAPUR",,"VIJAY SIR",,,,,,ABCCS3530M,HYDERABAD,0,,,RSVRAO@SADANJANA.COM,,,0,0,,0,,,,0,0000-00-00,0000-00-00,0000-00-00,,,,500070,0,0,,no,,no,,,,
S3267,"SAPNA KITCHENS",8750046600,GURGAON,"GURGAON",S10056,Y,0,0,0,N,0,451,O,"",,"98IDCMEHRAULI ROAD",,"MR.SUNIL",,,,,,AAMFS8458A,GURGAON,0,,,sapna3940@gmail.com,,,0,0,,0,,,,0,0000-00-00,0000-00-00,0000-00-00,,,,122001,0,0,,,,no,,,,
S3273,"SINGHAL TIMBER",9999983672,NOIDA,"NOIDA",S10152;S10015,Y,0,0,0,N,0,447,D,"",,"D-27 SITE-IV KASNA INDUSTRIAL AREA       GAUTAM BUDDHA NAGAR                      GREATER NOIDA",,"GAURAV SINGHAL",,,,,,GAMPS8047B,NOIDA,0,,,timber.singhal17@gmail.com,,,0,0,,0,,,,0,1971-01-01,1971-01-01,1971-01-01,,,,201308,0,0,no,no,no,no,,,,
S3273,"SINGHAL TIMBER",9999983672,GREATER NOIDA,"GREATER NOIDA",S10152;S10015,Y,0,0,0,N,0,447,D,"",,"D-27 SITE-IV KASNA INDUSTRIAL AREA       GAUTAM BUDDHA NAGAR                      GREATER NOIDA",,"GAURAV SINGHAL",,,,,,GAMPS8047B,NOIDA,0,,,timber.singhal17@gmail.com,,,0,0,,0,,,,0,1971-01-01,1971-01-01,1971-01-01,,,,201308,0,0,no,no,no,no,,,,
S3274,"SHRI VINAYAK PILLAI BORD AND HARDWARE",9826053572,SEHORE,"SEHORE",S01883,Y,0,0,0,N,0,446,O,"",,"ENGLISH PURA                             MAIN ROAD",,"JEETMAL MEADA",,,,,,AGYPM1232E,SEHORE,0,,,,,,0,0,,0,,,,0,1971-01-01,1971-01-01,1971-01-01,,,,466001,0,0,no,no,no,no,,,,
S3278,"SHRI BALAJI TRADING COMPANY",8756556547,ORAI,"ORAI",S10221,Y,0,0,0,N,0,447,D,"",,"NEAR RAILWAY CROSSING RATH ROADDISTT:- JALAUN",,"",,,,,,BXSPK2206G,ORAI,0,,,shribalajitradingcompanyorai@gmail.com,,,0,0,,0,,,,0,0000-00-00,0000-00-00,0000-00-00,,,,285001,0,0,,,,,,,,
S3279,"SAM (INDIA) BUILTWELL PVT. LTD.",9646124128,UNA,"UNA",S10008,Y,0,0,0,N,0,451,O,"",,"VILLAGE:-DHARANDRI",,"ASHWANI KUMAR",,,,,,AABCS7627K,UNA,0,,,ashwanigarg1@gmail.com,,,0,0,,0,,,,0,0000-00-00,0000-00-00,0000-00-00,,,,174303,0,0,,,,no,,,,
S3280,"SHREE BALAJI TIMBER & PLY",9830923040,KOLKATA,"KOLKATA",S01519,Y,0,0,0,N,0,221,D,"",,"SHOP - 5 KHATIAN 789/DAG 4599 SECTOR -V SALFT LAKE",,"RAKESH CHOUDHURY",,,,,,ACNPC6760E,KOLKATA,0,,,rakesh76.choudhury@gmail.com,,,0,0,,0,,,,0,0000-00-00,0000-00-00,0000-00-00,,,,700102,0,0,,no,,no,,,,
S3285,"SHREE SAI INTERIO",9771234493,PATNA,"PATNA",S01386,Y,300000,30,0,N,0,219,D,"",,"LAXMI MARKET PIRMUHANI KADAMKUAN",,"PRAKASH CHANDRA RAI",9771234493,,,,,AGQPR3541R,PATNA,0,,,shreesaiinterio93@gmail.com,,,0,0,,0,,,,0,0000-00-00,0000-00-00,0000-00-00,,,,800003,0,0,,,,no,,,,
S3291,"SWOSTI INFRASTRUCTURES (P) LTD",9437139372,SUNDARGARH,"SUNDARGARH",S01519;D02050,Y,0,0,0,N,0,216,O,"",,"PLOT NO-HIG-14 PHASE-1 CHHEND COL ROURKELA SUNDARGARH",,"UMAKANTA MISHRA",,,,,,AAMCS7218R,SUNDARGARH,0,,,swosti.infrastructure73@gmail.com,,,0,0,,0,,,,0,0000-00-00,0000-00-00,0000-00-00,,,,769015,0,0,,,,,,,,
S3295,"SRI VISHNU HARDWARES",9036259123,YADGIR,"YADGIR",S10223;S01858,Y,0,0,0,N,0,553,O,"",,"9-1/162 SY NO.391/2                     CHITTAPUR ROAD",,"MUKESH",8105078111,,,,,AGKPC3710B,YADGIR,0,,,vishnuh@gmail.com,,,0,0,,0,,,,0,1971-01-01,1971-01-01,1971-01-01,,,,585202,0,0,no,no,no,no,,,,
S3297,"SHREE PLYWOOD.",9830142142,Bangalore,"BANGALORE",S10223;S01519,Y,0,0,0,N,0,221,D,"",,"86 C.R.AVENUE BOWBAZAR KOLKATA",,"BALKRISHNA BHIMSARIA",,,,,,ADSPB4750D,KOLKATA,0,,,vms.bhimsaria@gmail.com,,,0,0,,0,,,,0,0000-00-00,0000-00-00,0000-00-00,,,,700012,0,0,,no,,no,,,,
S3297,"SHREE PLYWOOD.",9830142142,KOLKATA,"KOLKATA",S10223;S01519,Y,0,0,0,N,0,221,D,"",,"86 C.R.AVENUE BOWBAZAR KOLKATA",,"BALKRISHNA BHIMSARIA",,,,,,ADSPB4750D,KOLKATA,0,,,vms.bhimsaria@gmail.com,,,0,0,,0,,,,0,0000-00-00,0000-00-00,0000-00-00,,,,700012,0,0,,no,,no,,,,
S3306,"SUNIL KUMAR AGARWAL LLP",9098555955,RAIPUR,"RAIPUR",S10008;D10447;S01852,Y,0,0,0,N,0,420,P,"",,"ANJANI TOWER                            TELIBANDHA RAIPUR",,"SUNIL KUMAR AGARWAL",,,,,,AAWFS9330B,RAIPUR,0,,,,,,0,0,,0,,,,0,1971-01-01,1971-01-01,1971-01-01,,,,492006,0,0,no,no,no,no,,,,
S3306,"SUNIL KUMAR AGARWAL LLP",9098555955,Gulbarga,"GULBARGA",S10008;D10447;S01852,Y,0,0,0,N,0,420,P,"",,"ANJANI TOWER                            TELIBANDHA RAIPUR",,"SUNIL KUMAR AGARWAL",,,,,,AAWFS9330B,RAIPUR,0,,,,,,0,0,,0,,,,0,1971-01-01,1971-01-01,1971-01-01,,,,492006,0,0,no,no,no,no,,,,
S3314,"SHUBHAM SALES CORPORATION",9829091180,JAIPUR,"JAIPUR",S10109,Y,1500000,30,0,N,0,,D,"",,"247-48SHIV VIHAR COLONY OPP. ROAD NO-5 VKI JAIPUR",,"SHANKAR LAL PAREEK",,,,,,ACLPP3827B,JAIPUR,0,,,ssc.jaipur247@gmail.com,,,0,0,,0,,,,0,0000-00-00,0000-00-00,0000-00-00,,,,302029,0,0,,no,,no,,,,
S3323,"SIDDHIVINAYAK PLY & HARDWARE",9794336000,LUCKNOW,"LUCKNOW",S10221,Y,0,0,0,N,0,447,D,"",,"SHOP NO-G1 GROUND FLOOR VIMAL PLAZA 102/50 SHIVAJI MARG",,"AMIT MALIK",9839641216,,,,,ADLFS5185L,LUCKNOW,0,,,vibhor79.agarwal@gmail.com,,,0,0,,0,,,,0,0000-00-00,0000-00-00,0000-00-00,,,,226018,0,0,,no,,no,,,,
S3324,"SHREE CONSTRUCTIONS",9301640565,BHOPAL,"BHOPAL",S01883,Y,1500000,30,0,N,0,446,P,"",,"MF-103 AJAY TOWER E-5/1 COMMERCIAL AREA BITTAN MARKET",,"RAJESH TEJWANI",,,,,,ACXPT4789J,BHOPAL,0,,,shreeconstructions.bhopal@gmail.com,,,0,0,,0,,,,0,0000-00-00,0000-00-00,0000-00-00,,,,462016,0,0,,no,,no,,,,
S3326,"SANTLADEVI RESORTS",9719243355,DEHRADUN,"DEHRADUN",S10008,Y,0,0,0,N,0,447,P,"",,"101/L-10 CHANDRA LOK COLONY RAJPUR ROAD",,"ANTRIKSH SAINI",,,,,,ADGFS9492K,DEHRADUN,0,,,avishkarsaini@gmail.com,,,0,0,,0,,,,0,0000-00-00,0000-00-00,0000-00-00,,,,248001,0,0,,no,,no,,,,
S3329,"SAHJANAND PLYWOOD",+91-98794-70211,SURAT,"SURAT",S01801,Y,0,0,0,N,0,332,D,"",,"SHOP NO. 2 PARTH COMPLEX               SINGANPORE ROAD KATARGAM",,"SAHJANAND PLYWOOD",9879470211,,,,,AONPS4901H,SURAT,0,,,,,,0,0,,0,,,,0,0000-00-00,0000-00-00,0000-00-00,,,,395004,0,0,,,,,,,,
S3330,"SAGAR TILES AND MARBLE",9838387666,FAIZABAD,"FAIZABAD",S10221,Y,0,0,0,N,0,447,O,"",,"1/8/67KUMHAR TOLA TOGPUR",,"ANOOP SAGAR",,,,,,AXSPS4265Q,FAIZABAD,0,,,0,,,0,0,,0,,,,0,0000-00-00,0000-00-00,0000-00-00,,,,224001,0,0,,no,,no,,,,
S3332,"SIDDHARTH PLYWOOD",9811038992,GURGAON,"GURGAON",S10015;S10175,Y,0,0,0,N,0,443,D,"",,"SHOP NO-2 MG ROAD GROUND FLOOR           LINK-H METRO PILAR NO54 SIKANDERPUR",,"RAJESH KUMAR JAIN",,,,,,AAQFS2057M,GURUGRAM,0,,,raj2siddh@yahoo.co.in,,,0,0,,0,,,,0,1971-01-01,1971-01-01,1971-01-01,,,,122001,0,0,no,no,no,no,,,,
S3332,"SIDDHARTH PLYWOOD",9811038992,GURUGRAM,"GURUGRAM",S10015;S10175,Y,0,0,0,N,0,443,D,"",,"SHOP NO-2 MG ROAD GROUND FLOOR           LINK-H METRO PILAR NO54 SIKANDERPUR",,"RAJESH KUMAR JAIN",,,,,,AAQFS2057M,GURUGRAM,0,,,raj2siddh@yahoo.co.in,,,0,0,,0,,,,0,1971-01-01,1971-01-01,1971-01-01,,,,122001,0,0,no,no,no,no,,,,
S3338,"SHREE RAGHUVANSH TIMBER CO",9824097093,AHMEDABAD,"AHMEDABAD",,Y,3000000,30,0,N,0,332,D,"",,"OPP SAHAKARI LATI BAZAR - 2 NALA ROAD GITA MANDIR",,"VIKASH THAKKAR",,,,,,AAFFR3652N,AHMEDABAD,0,,,raghuvanshtimber@gmail.com,,,0,0,,0,,,,0,0000-00-00,0000-00-00,0000-00-00,,,,380022,0,0,,no,,no,,,,
S3344,"SOHAM MARKETING",+91-99250-35286,PALANPUR,"PALANPUR",D01990,Y,0,0,0,N,0,332,D,"",,"10099/6923/G/1F/1B/1                   OPP SHIV PLAZA",,"ANILBHAI",9313523802,,,,,AEFFS0807L,PALANPUR,0,,,,,,0,0,,0,,,,0,0000-00-00,0000-00-00,0000-00-00,,,,385001,0,0,,,,,,,,
S3345,"SATYA NARAYAN SHARMA SAW MILL",-108159,MUZAFFARPUR,"MUZAFFARPUR",S01386,Y,0,0,0,N,0,219,O,"",,"WARD NO -30 KALAMBAG ROAD               SANICHARA ASTHAN",,"SANJAY SHARMA",,,,,,AVWPS3234R,MUZAFFARPUR,0,,,,,,0,0,,0,,,,0,0000-00-00,0000-00-00,0000-00-00,,,,842002,0,0,,,,,,,,
S3346,"SHIRDI SALES PVT.LTD.",9872699115,CHANDIGARH,"CHANDIGARH",D10350,Y,0,0,0,N,0,443,D,"",,"6MWINDUSTRIAL AREA PHASE-1",,"SANJAY BAJAJ",,,,,,AAICS6461L,CHANDIGARH,0,,,sanjay.shirdisales@gmail.com,,,0,0,,0,,,,0,0000-00-00,0000-00-00,0000-00-00,,,,160002,0,0,,no,,no,,,,
S3347,"STENCIL",9243445444,,"",S10223;D10378,D,0,0,0,N,0,553,D,"",,"#67-68/511ST FLOORSUDHEV COMPLEX      BASAVANGUDI S.KARIYAPPA ROAD",,"NITIN KUMAR LUNIA",,,,,,AAWPL0203G,BENGALURU,0,,,accounts@stencilindia.com,,,0,0,,0,,,,0,1971-01-01,1971-01-01,1971-01-01,,,,560004,0,0,no,no,no,no,,,,
S3347,"STENCIL",9243445444,Bangalore,"BANGALORE",S10223;D10378,Y,0,0,0,N,0,553,D,"",,"#67-68/511ST FLOORSUDHEV COMPLEX      BASAVANGUDI S.KARIYAPPA ROAD",,"NITIN KUMAR LUNIA",,,,,,AAWPL0203G,BENGALURU,0,,,accounts@stencilindia.com,,,0,0,,0,,,,0,1971-01-01,1971-01-01,1971-01-01,,,,560004,0,0,no,no,no,no,,,,
S3347,"STENCIL",9243445444,BENGALURU,"BENGALURU",S10223;D10378,Y,0,0,0,N,0,553,D,"",,"#67-68/511ST FLOORSUDHEV COMPLEX      BASAVANGUDI S.KARIYAPPA ROAD",,"NITIN KUMAR LUNIA",,,,,,AAWPL0203G,BENGALURU,0,,,accounts@stencilindia.com,,,0,0,,0,,,,0,1971-01-01,1971-01-01,1971-01-01,,,,560004,0,0,no,no,no,no,,,,
S3348,"SHRI SHYAMJI TIMBER & PLYWOOD",9255196707,ASSANDH,"ASSANDH",D10350,Y,0,0,0,N,0,443,D,"",,"NEAR SINGLA WALI GALI KARNAL ROAD",,"RAKESH KUMAR",,,,,,AQJPK8277E,ASSANDH,0,,,monubindal1989@gmail.com,,,0,0,,0,,,,0,0000-00-00,0000-00-00,0000-00-00,,,,132039,0,0,,no,,no,,,,
S3349,"SHAKUNTALAM INTERIORS PRIVATE LIMITED",9829059622,Bangalore,"BANGALORE",S10223;S10109,Y,0,0,0,N,0,427,O,"",,"95/100A TARA NAGAR CIVIL LINES AJMER ROADJAIPUR",,"SANDEEP THOLIA",9829059622,,,,,AAQCS8199H,JAIPUR,0,,,th_sandeep@yahoo.com,,,0,0,,0,,,,0,0000-00-00,0000-00-00,0000-00-00,,,,302006,0,0,,no,,no,,,,
S3349,"SHAKUNTALAM INTERIORS PRIVATE LIMITED",9829059622,JAIPUR,"JAIPUR",S10223;S10109,Y,0,0,0,N,0,427,O,"",,"95/100A TARA NAGAR CIVIL LINES AJMER ROADJAIPUR",,"SANDEEP THOLIA",9829059622,,,,,AAQCS8199H,JAIPUR,0,,,th_sandeep@yahoo.com,,,0,0,,0,,,,0,0000-00-00,0000-00-00,0000-00-00,,,,302006,0,0,,no,,no,,,,
S3351,"SHRI LAXMI PLYWOODS",9810168021,DELHI EAST,"DELHI EAST",S10015,Y,0,0,0,N,0,441,D,"",,"FLR-1.A-1NEAR PATPARGANJ BUS DEPO MADHU VIHAR",,"VISHAL GUPTA",,,,,,AASPG1436E,DELHI EAST,0,,,shrilaxmiplywood@gmail.com,,,0,0,,0,,,,0,0000-00-00,0000-00-00,0000-00-00,,,,110092,0,0,,,,,,,,
S3358,"SANTUSHTI ENTERPRISES",9936995995,CHANDAULI,"CHANDAULI",S10221,Y,0,0,0,N,0,447,D,"",,"312 ALINAGAR MUGHALCHAK MUGHALSARAI",,"RAHUL",9936249797,,,,,AHLPS1932M,CHANDAULI,0,,,santushtienterprisesmgs@gmail.com,,,0,0,,0,,,,0,0000-00-00,0000-00-00,0000-00-00,,,,232101,0,0,,,,,,,,
S3362,"S.T.ADVANI & CO.",9044444994,KANPUR,"KANPUR",S10221,Y,0,0,0,N,0,447,O,"",,"122/721EKTA BHAWAN SHASHTRI NAGAR",,"RISHI ADVANI",,,,,,AADFS5547B,KANPUR,0,,,hnadvani@gmail.com,,,0,0,,0,,,,0,0000-00-00,0000-00-00,0000-00-00,,,,208005,0,0,,no,,no,,,,
S3366,"SIDHWALI HARDWARE STORE",9927083935,CHANDAUSI,"CHANDAUSI",S10230;D10396,Y,0,0,0,N,0,448,O,"",,"SAMBHAL GATE",,"RAGHVENDRA KUMAR AGARWAL",,,,,,AAQPA6376D,CHANDAUSI,0,,,gaurav83935@gmail.com,,,0,0,,0,,,,0,0000-00-00,0000-00-00,0000-00-00,,,,244412,0,0,,,,,,,,
S3367,"SWAGATAM PLY HOME",9334756500,DHANBAD,"DHANBAD",,Y,0,0,0,N,0,222,D,"",,"SHAKTI TOWER OPP. PUNJAB SWEET JORAPHATAK ROAD",,"DINESH KUMAR SAHU",,,,,,AIMPS8346M,DHANBAD,0,,,swagatamplyhome@gmail.com,,,0,0,,0,,,,0,0000-00-00,0000-00-00,0000-00-00,,,,826001,0,0,,no,,no,,,,
S3368,"SANJIVANI CROP GENIC LLP",9051605224,KOLKATA,"KOLKATA",S01519,Y,0,0,0,N,0,221,D,"",,"2ND FLOOR ROOM NO 10 17 BAL MUKUND MACKAR ROAD",,"KARAN BHAWSINGHKA",,,,,,ADYFS5445A,KOLKATA,0,,,sanjivani.crop@gmail.com,,,0,0,,0,,,,0,0000-00-00,0000-00-00,0000-00-00,,,,700007,0,0,,no,,no,,,,
S3371,"SKY TRADERS",9893147959,SHAHDOL,"SHAHDOL",S01438,Y,0,0,0,N,0,446,D,"",,"WARD NO.8ITWARI MOHALLA",,"SHABNAM SHEKH",,,,,,DIZPS7988R,SHAHDOL,0,,,skytraders7988@gmail.com,,,0,0,,0,,,,0,0000-00-00,0000-00-00,0000-00-00,,,,784001,0,0,,no,,no,,,,
S3374,"SHREE GANPATI DECOR",9775397754,SILIGURI,"SILIGURI",S01519;D02009,Y,0,0,0,N,0,221,D,"",,"1ST FLOOR DURGA TOWER BURDWAN ROAD SILIGURIDARJEELING",,"NAYAN BHALOTIA",,,,,,AECFS7662E,SILIGURI,0,,,bhalotianayan1992@gmail.com,,,0,0,,0,,,,0,0000-00-00,0000-00-00,0000-00-00,,,,734005,0,0,,no,,no,,,,
S3375,"SWATI INTERIORS.",9833803580,Bangalore,"BANGALORE",S01430;D02032,Y,0,0,0,N,0,553,O,"",,"34/3-26 2ND FLOOR                       DINNUR R.T.NAGAR",,"RAVI GARG",,,,,,AAVFS9372A,BENGALURU,0,,,purchase@swatiinterior.com,,,0,0,,0,,,,0,1971-01-01,1971-01-01,1971-01-01,,,,560032,0,0,no,no,no,no,,,,
S3375,"SWATI INTERIORS.",9833803580,BENGALURU,"BENGALURU",S01430;D02032,Y,0,0,0,N,0,553,O,"",,"34/3-26 2ND FLOOR                       DINNUR R.T.NAGAR",,"RAVI GARG",,,,,,AAVFS9372A,BENGALURU,0,,,purchase@swatiinterior.com,,,0,0,,0,,,,0,1971-01-01,1971-01-01,1971-01-01,,,,560032,0,0,no,no,no,no,,,,
S3376,"SHIV SHAKTI PLY & HARDWARE",9631128690,,"",S01386,O,500000,30,0,N,0,219,O,"",,"BAHADURPUR HOUSING COLONY M/19 MAHATAMA GANDHI NAGAR B H COLONY",,"SUNIL KUMAR",,,,,,CYGPK6563E,PATNA,0,,,sunil961128@gmail.com,,,0,0,,0,,,,0,0000-00-00,0000-00-00,0000-00-00,,,,800001,0,0,,,,,,,,
S3376,"SHIV SHAKTI PLY & HARDWARE",9631128690,PATNA,"PATNA",S01386,Y,500000,30,0,N,0,219,O,"",,"BAHADURPUR HOUSING COLONY M/19 MAHATAMA GANDHI NAGAR B H COLONY",,"SUNIL KUMAR",,,,,,CYGPK6563E,PATNA,0,,,sunil961128@gmail.com,,,0,0,,0,,,,0,0000-00-00,0000-00-00,0000-00-00,,,,800001,0,0,,,,,,,,
S3377,"SAUBHAGYA VENTURES PRIVATE LIMITED",9425204021,RAIPUR,"RAIPUR",S10014,Y,0,0,0,N,0,420,D,"",,"93 SHOPPERS PARADISE NEAR CITY CENTRE MALL",,"KESHAV LUNIA",,,,,,AATCS6907J,RAIPUR,0,,,saubhagyaventures@gmail.com,,,0,0,,0,,,,0,0000-00-00,0000-00-00,0000-00-00,,,,492001,0,0,,no,,no,,,,
S3380,"SAM (INDIA) INFRASTRUCTURE LLP",9549650261,EAST DELHI,"EAST DELHI",S10155,Y,0,0,0,N,0,441,P,"",,"2ND FLOOR 434 JAGRITI ENCLAVE",,"GIRISH KANDPAL",,,,,,ADZFS8826J,EAST DELHI,0,,,girish@samindia.com,,,0,0,,0,,,,0,0000-00-00,0000-00-00,0000-00-00,,,,110092,0,0,,,,,,,,
S3385,"SIDHI NIDHI INFRA",9439511131,KORAPUT,"KORAPUT",S01519;D02050,Y,0,0,0,N,0,216,D,"",,"NEAR BHARAT GAS POWER HOUSE JEYPORE KORAPUT",,"BHARADWAJ BOXI",,,,,,CBKPB8574P,KORAPUT,0,,,bharadwaj.boxi1@gmail.com,,,0,0,,0,,,,0,0000-00-00,0000-00-00,0000-00-00,,,,764001,0,0,,,,,,,,
S3393,"S K LUMBER PRIVATE LIMITED",9810034778,NEW DELHI,"NEW DELHI",S10137;S10015,Y,0,0,0,N,0,441,D,"",,"9/1 TEMPLE ROAD JANGPURA                 BHOGAL",,"RAJESH GUPTA",,,,,,AALCS7750D,NEW DELHI,0,,,,,,0,0,,0,,,,0,0000-00-00,0000-00-00,0000-00-00,,,,110014,0,0,,,,,,,,
S3394,"SIDDHI VINAYAK ENTERPRISES",-177492,PATNA,"PATNA",S01386;D02015,Y,0,0,0,N,0,219,O,"",,"C/O ASHOK KR SINGH S/O AWDESH KR S      WEST LOHANIPUR KADAMKUAN",,"MANOJ KUMAR",,,,,,CLJPK4960M,PATNA,0,,,,,,0,0,,0,,,,0,0000-00-00,0000-00-00,0000-00-00,,,,800001,0,0,,,,,,,,
S3395,"SUBHAS GLASS AND PLYWOOD COMPANY",9434006822,DURGAPUR,"DURGAPUR",S01519;D02010,Y,0,0,0,N,0,457,D,"",,"NACHAN ROAD  BENACHITY                  BURDWAN",,"HARIDAS KARMAKAR",,,,,,AFCPK4847A,DURGAPUR,0,,,,,,0,0,,0,,,,0,0000-00-00,0000-00-00,0000-00-00,,,,713213,0,0,,,,,,,,
S3396,"SAI ENTERPRISES",9837114173,KASGANJ,"KASGANJ",S10230,Y,0,0,0,N,0,447,D,"",,"GALI CHOKARIYA WALA PECH NEAR STATE BANK LAXMIGANJ",,"AKHIL KUMAR AGARWAL",,,,,,ADGPA0843A,KASGANJ,0,,,akhilagarwal2131@gmail.com,,,0,0,,0,,,,0,0000-00-00,0000-00-00,0000-00-00,,,,207123,0,0,,,,no,,,,
S3398,"SHUBHAM HARDWARE AND PLYWOOD",7535964860,MATHURA,"MATHURA",S10221,Y,400000,30,0,N,0,447,D,"",,"NH-2 GOVERDHAN CHAURAHA NEAR ASHIRVAD HOSPITAL",,"BAL KISHAN KHANDELWAL",,,,,,AGZPK7235Q,MATHURA,0,,,shubhamkhaldelwal488@gmail.com,,,0,0,,0,,,,0,0000-00-00,0000-00-00,0000-00-00,,,,281001,0,0,,no,,no,,,,
S3401,"SMT LEENEYA LLP",9811737600,GHAZIABAD,"GHAZIABAD",S10155,Y,0,0,0,N,0,451,O,"",,"56/55 SITE-4 INDUSTRIAL AREA",,"HEMANT SETHI",,,,,,AEEFS6829M,GHAZIABAD,0,,,smtleeneya@gmail.com,,,0,0,,0,,,,0,0000-00-00,0000-00-00,0000-00-00,,,,201002,0,0,,,,no,,,,
S3402,"SAI PLY.",-181138,PATNA,"PATNA",S01386,Y,0,0,0,N,0,219,D,"",,"SHOP NO G-7 GRAND SHREE APARTMENT       EXHINBTION ROAD",,"PAWAN KUMAR",,,,,,ARCPK0411E,PATNA,0,,,,,,0,0,,0,,,,0,0000-00-00,0000-00-00,0000-00-00,,,,800001,0,0,,,,,,,,
S3408,"SAI NATHA PLY & HARDWARE",7978356141,CUTTACK,"CUTTACK",S01519;D02050,Y,0,0,0,N,0,216,D,"",,"SECTOR 10 PLOT NO 10-5B-1650 CDA MARKAT NAGAR BIDANASI",,"SAGARIKA MOHARANA",,,,,,FCBPM2045B,CUTTACK,0,,,sainathaplyhardware@gmail.com,,,0,0,,0,,,,0,0000-00-00,0000-00-00,0000-00-00,,,,753014,0,0,,,,,,,,
S3418,"SHREE RAM STORE",8083698120,Aurangabad,"AURANGABAD",S01386,Y,300000,0,0,N,0,219,D,"",,"OLD G.T. ROAD AURANGABAD",,"NIRAJ KUMAR GUPTA",8083698120,,,,,AEPPG1127D,AURANGABAD,0,,,vishuvk34@gmail.com,,,0,0,,0,,,,0,0000-00-00,0000-00-00,0000-00-00,,,,824101,0,0,,,,no,,,,
S3421,"SHANDILYA FURNITURE MALL",9685326999,DHAMTARI,"DHAMTARI",S10014,Y,0,0,0,N,0,420,D,"",,"GALI NO. 3 NEAR SBI MAIN BRANCH VIVEKANAND NAGAR RATNABANDHA ROAD",,"SANJAY KUMAR SHANDILYA",,,,,,AUOPS4384H,DHAMTARI,0,,,san77751@gmail.com,,,0,0,,0,,,,0,0000-00-00,0000-00-00,0000-00-00,,,,493773,0,0,,no,,no,,,,
S3422,"SEN GLASS & PLY",9832241356,GALSI,"GALSI",S01519,Y,0,0,0,N,0,221,D,"",,"GALSI CHOWMATHA EAST BURDWAN G T ROAD",,"JOYPRAKASH SEN",,,,,,BNQPS9498N,GALSI,0,,,senglass.2006@gmail.com,,,0,0,,0,,,,0,0000-00-00,0000-00-00,0000-00-00,,,,713428,0,0,,no,,no,,,,
S3427,"SOUTH INDIA INTERIOR SOLUTIONS",9790693109,COIMBATORE,"COIMBATORE",S01700,Y,1500000,45,0,N,0,525,D,"",,"101110121013 METTUPALAYAM ROAD R S PURAM",,"JINESHVRANGA",,,,,,ADXFS7631R,COIMBATORE,0,,,siiscoimbatore@gmail.com,,,0,0,,0,,,,0,0000-00-00,0000-00-00,0000-00-00,,,,641002,0,0,,,,,,,,
S3431,"SHREE SHYAM INTERIOR",8638171725,GUWAHATI,"GUWAHATI",S01825;S10222,Y,0,0,0,N,0,215,D,"",,"JYOTIKUCHIDHUPOLIA KAMRUP METRO",,"SHYAM KUMAR SHARMA",,,,,,CHIPS2248K,GUWAHATI,0,,,shreeshyaminteriorghy1@gmail.com,,,0,0,,0,,,,0,0000-00-00,0000-00-00,0000-00-00,,,,781040,0,0,,,,,,,,
S3432,"SAUMITRA CHATTERJEE",9334730640,RANCHI,"RANCHI",,Y,0,0,0,N,0,222,O,"",,"CHATTERJEE MANSION CHARCH ROAD",,"SAUMITRA CHATTERJEE",,,,,,AEEPC6218E,RANCHI,0,,,saumitrachatterjee@yahoo.co.in,,,0,0,,0,,,,0,0000-00-00,0000-00-00,0000-00-00,,,,834001,0,0,,,,no,,,,
S3434,"SHARDA KUMAR TIWARI",9431679200,ARA,"ARA",,Y,0,0,0,N,0,219,O,"",,"NEAR SANKATMOCHAB TEMPLE                 NEW POLICE LINE ARA BHOJPUR",,"SHARDA KUMAR TIWARI",,,,,,AKBPT9569J,ARA,0,,,sharda.tiwary@duroply.com,,,0,0,,0,,,,0,1971-01-01,1971-01-01,1971-01-01,,,,802301,0,0,no,no,no,no,,,,
S3434,"SHARDA KUMAR TIWARI",9431679200,BHOJPUR,"BHOJPUR",,Y,0,0,0,N,0,219,O,"",,"NEAR SANKATMOCHAB TEMPLE                 NEW POLICE LINE ARA BHOJPUR",,"SHARDA KUMAR TIWARI",,,,,,AKBPT9569J,ARA,0,,,sharda.tiwary@duroply.com,,,0,0,,0,,,,0,1971-01-01,1971-01-01,1971-01-01,,,,802301,0,0,no,no,no,no,,,,
S3435,"SHREE BALAJI TIMBER MART",9867711006,MUMBAI,"MUMBAI",S01430,Y,2500000,30,0,N,0,331,O,"",,"UNIT NO4 NEW APOLLO ESTATE OLD NAGARDAS ROAD ANDHERI (EAST)",,"PREM SUTHAR",,,,,,AAPFS2638M,MUMBAI,0,,,prem_sbtm@yahoo.com,,,0,0,,0,,,,0,0000-00-00,0000-00-00,0000-00-00,,,,400069,0,0,,,,no,,,,
S3439,"SURAJ INFRAVENTURES PRIVATE LIMITED",9839010552,GOMTI NAGARLUCKNOW,"GOMTI NAGAR,LUCKNOW",S10221,Y,0,0,0,N,0,447,O,"",,"7TH FLOOR701SHALIMAR TITANIUM PLOT NO TCG1/1 VIBHUTI KHNAND",,"RAVINDRA GUPTA",,,,,,AATCS1277P,GOMTI NAGAR,LUCKNOW,0,,,CHAPANBHOG@GMAIL.COM,,,0,0,,0,,,,0,0000-00-00,0000-00-00,0000-00-00,,,,226010,0,0,,,,,,,,
S3440,"SODHA RAJESHREEBA  NARENDRASINH",9427942239,JAMNAGAR,"JAMNAGAR",,Y,0,0,0,N,0,332,O,"",,"BABA RAMDEV KRUPA STREET NO.3            MOMAI NAGAR NEAR SHREERAJ PAN",,"SODHA RAJESHREEBA",,,,,,DQVPS4965N,JAMNAGAR,0,,,kanji.sodha@duroply.com,,,0,0,,0,,,,0,1971-01-01,1971-01-01,1971-01-01,,,,361002,0,0,no,no,no,no,,,,
S3446,"SWARAJ PLY AND VENEER",9823119708,NAGPUR,"NAGPUR",S01430,Y,2500000,30,0,N,0,331,D,"",,"PLOT NO 116 NEAR KACCHIVISA GROUND LAKADGANJ",,"",,,,,,AEJFS7503P,NAGPUR,0,,,samir.guru@rediffmail.com,,,0,0,,0,,,,0,0000-00-00,0000-00-00,0000-00-00,,,,440008,0,0,,,,no,,,,
S3459,"SHREE NAV DURGA PLYWOOD & HARDWARE CENTRE",9415076595,FAIZABAD-AYODHYA,"FAIZABAD-AYODHYA",S10221,Y,0,0,0,N,0,447,D,"",,"6/1/18 SHYAM BHAWAN REEDGANJ",,"HIMANSHU SRIVASTAVA",9721429775,,,,,AARFS9135M,FAIZABAD-AYODHYA,0,,,snd.decoline@gmail.com,,,0,0,,0,,,,0,0000-00-00,0000-00-00,0000-00-00,,,,224001,0,0,,,,,,,,
S3460,"SHREE SHYAM PLY & HARDWARE",9835074989,MUZAFFARPUR,"MUZAFFARPUR",S01386,Y,0,0,0,N,0,219,O,"",,"OM BUILDING ZERO MILE ROAD AHIYAPUR",,"SHYAM SUNDER KEJARIWAL",,,,,,ALRPK4857B,MUZAFFARPUR,0,,,shyamsunderkejriwal54@gmail.com,,,0,0,,0,,,,0,0000-00-00,0000-00-00,0000-00-00,,,,842001,0,0,,,,no,,,,
S3470,"SHREE PARASNATH TIMBER PVT. LTD.",9312258067,DELHI,"DELHI",S10152;S10015,Y,0,0,0,N,0,441,D,"",,"1/2726 TIMBER MARKET LONI ROAD           SHAHDARA",,"SANDEEP JAIN",,,,,,AAPCS6573A,DELHI,0,,,,,,0,0,,0,,,,0,0000-00-00,0000-00-00,0000-00-00,,,,110032,0,0,,,,,,,,
S3474,"SURESH CHANDRA GUPTA",7860057103,JHANSI,"JHANSI",S10221,Y,50000,0,0,N,0,447,O,"",,"00 OUT SIDE KHANDERAO GATE BEHIND SHREE RAM LODGE",,"SURESH CHANDRA GUPTA",,,,,,AAFFS9843N,JHANSI,0,,,scg1955_gupta@rediffmail.com,,,0,0,,0,,,,0,0000-00-00,0000-00-00,0000-00-00,,,,284002,0,0,,,,no,,,,
S3477,"SHIV STEELS",9872980148,PANCHKULA,"PANCHKULA",D10350,Y,0,0,0,N,0,443,O,"",,"PLOT NO.256INDUSTRIAL AREA PHASE-1",,"BIMLA RANI",,,,,,ABHPR1829A,PANCHKULA,0,,,narinder800@gmail.com,,,0,0,,0,,,,0,0000-00-00,0000-00-00,0000-00-00,,,,134109,0,0,,,,no,,,,
S3478,"SHARMA POINT",7209886598,CHAIBASA,"CHAIBASA",D01932,Y,0,0,0,N,0,222,D,"",,"PLOT NO-684 KHATA NO.-02 SHYAM TOWER TATA MAIN ROAD",,"AJAY SHARMA",9931354570,,,,,AWPPS6413A,CHAIBASA,0,,,sharmapoint30@gmail.com,,,0,0,,0,,,,0,0000-00-00,0000-00-00,0000-00-00,,,,833201,0,0,,,,,,,,
S3482,"SAFAL MARKETING",+91-98250-16481,,"",D02039,O,0,0,0,N,0,332,D,"",,"GROUND 3 K-158                         NR HOF SHOWROOM BODAKDEV",,"VIRAJ PATEL",9913807408,,,,,AJGPP6248Q,AHMEDABAD,0,,,,,,0,0,,0,,,,0,0000-00-00,0000-00-00,0000-00-00,,,,380054,0,0,,,,,,,,
S3482,"SAFAL MARKETING",+91-98250-16481,AHMEDABAD,"AHMEDABAD",D02039,Y,0,0,0,N,0,332,D,"",,"GROUND 3 K-158                         NR HOF SHOWROOM BODAKDEV",,"VIRAJ PATEL",9913807408,,,,,AJGPP6248Q,AHMEDABAD,0,,,,,,0,0,,0,,,,0,0000-00-00,0000-00-00,0000-00-00,,,,380054,0,0,,,,,,,,
S3484,"SHAPOORJI PALLONJI AND COMPANY PRIVATE LIMITED",8130090324,NEW DELHI,"NEW DELHI",S10155,Y,0,0,0,N,0,441,P,"",,"7 TH FLOOR KANCHANJUNGA BUILDING        706 TO 712 Barakhamba Road",,"PARUL",,,,,,AAACS6994C,NEW DELHI,0,,,0,,,0,0,,0,,,,0,1971-01-01,1971-01-01,1971-01-01,,,,110001,0,0,no,no,no,no,,,,
S3487,"SUJAY WOODS LLP",9327691708,GANDHINAGAR,"GANDHINAGAR",,Y,0,0,0,N,0,332,P,"",,"DANTALI IND ESTATE BLOCK NO 207/7 OPP HETAL GRAVOTECH PVT LTD",,"SURESHBHAI CHAUHAN",,,,,,ADCFS5864K,GANDHINAGAR,0,,,sujaywoods@gmail.com,,,0,0,,0,,,,0,0000-00-00,0000-00-00,0000-00-00,,,,382721,0,0,,,,,,,,
S3489,"SHREE RAM PLY AND HARDWARE",+91-98352-55002,MADHUBANI,"MADHUBANI",S01386,Y,0,0,0,N,0,219,O,"",,"PRAVATE BUS STAND NEAR TILAK CHOWK",,"DEVANAND SHARMA",,,,,,ADUFS7534C,MADHUBANI,0,,,,,,0,0,,0,,,,0,0000-00-00,0000-00-00,0000-00-00,,,,847211,0,0,,,,,,,,
S3494,"SILICON DISTRIBUTORS",9066666609,BENGALURU,"BENGALURU",D02026,Y,0,0,0,N,0,553,O,"",,"GROUND FLOOR4380 FEET MAIN ROAD SRINIVASANAGARBENGALURU URBAN",,"DODDALA HARATHI",,,,,,ACGPH5964G,BENGALURU,0,,,silicondistributor@gmail.com,,,0,0,,0,,,,0,0000-00-00,0000-00-00,0000-00-00,,,,560050,0,0,,,,no,,,,
S3495,"SAMIR PLYWOOD",8980461333,RAJKOT,"RAJKOT",,Y,0,0,0,N,0,317,O,"",,"GEBANSHA SOCIETY SAMSAN ROAD             SAMSAN ROAD JASDAN RAJKOT",,"NAGANI MAHAMAD",,,,,,BNAPN4589D,RAJKOT,0,,,samirmemon653@gmail.com,,,0,0,,0,,,,0,1971-01-01,1971-01-01,1971-01-01,,,,360050,0,0,no,no,no,no,,,,
S3496,"SHEKHAWATI ELECTRICAL ENGINEERS",7976077213,INDORE,"INDORE",S10109,Y,0,0,0,N,0,427,O,"",,"4TH FLOOR PODDAR PLAZABLOCK NO.C2 C4SHOP1CABIN NO2NEW SIYAGANJ",,"JITENDRA SINGH SHEKHAWAT",,,,,,AGWPS9218G,INDORE,0,,,deepa.mukherjee@pratap.co.in,,,0,0,,0,,,,0,0000-00-00,0000-00-00,0000-00-00,,,,452001,0,0,,,,no,,,,
S3498,"SNEHA PLYWOOD MALL",9030250021,ROAD ONGOLE POST PRA,"ROAD ONGOLE POST PRAKASAM",S01700;S01700;S01700;S01700;S01700,Y,2500000,45,0,N,0,525,D,"",,"1ST FLOOR SNEHA COMPLEX 5-343/A SHOP NO 1 NGO COLONY NORTH BYPASS",,"AZAD",9030250021,,,,,BNKPB7093L,ROAD ONGOLE POST PRAKASAM,0,,,snehaplywoodmall@gmail.com,,,0,0,,0,,,,0,0000-00-00,0000-00-00,0000-00-00,,,,523001,0,0,,,,no,,,,
S3499,"SHAYONAM BUILDCON LLP",9859882000,RAJKOT,"RAJKOT",,Y,500000,0,0,N,0,317,O,"",,"4 BHAGVAT PARA PATEL SOCIETY GONDAL DIST RAJKOT",,"JAYESH BHAI",,,,,,AEAFS5646E,RAJKOT,0,,,0,,,0,0,,0,,,,0,0000-00-00,0000-00-00,0000-00-00,,,,360311,0,0,,,,no,,,,
S3501,"SRI VENKATESHWARA HARDWARE COLLECTION",9246577071,KHAIRTABAD HYDERABA,"KHAIRTABAD, HYDERABA",S01700;S01700;S01700;S01700;S01700;S01700,Y,0,0,0,N,0,554,D,"",,"6-1-624 MARKET RAOD KHAIRTABAD         KHAIRTABAD",,"VARUN",9849811220,,,,,ACGPD0654H,KHAIRTABAD, HYDERABA,0,,,,,,0,0,,0,,,,0,0000-00-00,0000-00-00,0000-00-00,,,,500004,0,0,,,,,,,,
S3501,"SRI VENKATESHWARA HARDWARE COLLECTION",9246577071,KHAIRTABAD HYDERABA,"KHAIRTABAD, HYDERABAD",S01700;S01700;S01700;S01700;S01700;S01700,Y,0,0,0,N,0,554,D,"",,"6-1-624 MARKET RAOD KHAIRTABAD         KHAIRTABAD",,"VARUN",9849811220,,,,,ACGPD0654H,KHAIRTABAD, HYDERABA,0,,,,,,0,0,,0,,,,0,0000-00-00,0000-00-00,0000-00-00,,,,500004,0,0,,,,,,,,
S3503,"SHIV KRIPA AGENCY",7398224262,FAIZABAD,"FAIZABAD",S10221,Y,0,0,0,N,0,447,D,"",,"LATA DEVI MUKERI TOLA RIKABGANJ CIVIL LINES FAIZABAD",,"PUNEET MODWANI",7398224262,,,,,AATPW0338C,FAIZABAD,0,,,PUNEET.WADHWANI@GMAIL.COM,,,0,0,,0,,,,0,0000-00-00,0000-00-00,0000-00-00,,,,224001,0,0,,,,,,,,
S3515,"SHREE PARAS MOULDING",9036245436,HUBBALLI,"HUBBALLI",D02026,Y,0,0,0,N,0,553,O,"",,"GROUND FLOORB28EUREKA CENTER KOPPIKAR ROAD",,"VIMAL MANGILAL SANGHAVI",,,,,,AFLPJ3692P,HUBBALLI,0,,,vimalsanghvi1974@gmail.com,,,0,0,,0,,,,0,0000-00-00,0000-00-00,0000-00-00,,,,580020,0,0,,,,no,,,,
S3516,"SRI RANGA ENTERPRISES",9448599240,SIRA,"SIRA",D02026,Y,1000000,30,0,N,0,553,D,"",,"11300/1247/1195SOPPINHATTI ROAD NEW BUSTAND ROADBELOW RAJU STUDIO",,"NAGENDRAPPA ARUN KUMAR",,,,,,BMWPA8732L,SIRA,0,,,arunaaru24793@gmail.com,,,0,0,,0,,,,0,0000-00-00,0000-00-00,0000-00-00,,,,572137,0,0,,,,,,,,
S3519,"SHREE ARUNACHAL PLYWOOD & HARDWARE",+91-96940-95854,JODHPUR,"JODHPUR",S10109,Y,0,0,0,N,0,427,D,"",,"NEAR NEHRU PARK P-1 GANESH BHAWAN      FIRST C ROAD SARDARPURA",,"BHAWAR LAL JI",9460921871,,,,,AEQFS2736B,JODHPUR,0,,,,,,0,0,,0,,,,0,0000-00-00,0000-00-00,0000-00-00,,,,342001,0,0,,,,,,,,
S3523,"SHREE SANWARIYA SETH TRADERS",7000355637,INDORE,"INDORE",S01883,Y,500000,30,0,N,0,446,O,"",,"143/2 G.N.T MARKET LAKDI MANDI LABRIYA BHERU",,"VIVEK SHAKAR KABRA",,,,,,AWSPK7495B,INDORE,0,,,vivekkabra4213@gmail.com,,,0,0,,0,,,,0,0000-00-00,0000-00-00,0000-00-00,,,,452002,0,0,,,,no,,,,
S3527,"SAHIBZADA PLY WORLD",9876052045,MOHALI,"MOHALI",D10482;D10350,Y,0,0,0,N,0,443,D,"",,"PLOT NO. B-43 PHASE - 3                  INDL. AREA                               MOHALISAS NAGAR",,"NARINDER SINGH SANDHU",,,,,,AEIFS9958K,MOHALI,0,,,sahibzadaplyworld@gmail.com,,,0,0,,0,,,,0,1971-01-01,1971-01-01,1971-01-01,,,,160055,0,0,no,no,no,no,,,,
S3527,"SAHIBZADA PLY WORLD",9876052045,MOHALI SAS NAGAR,"MOHALI SAS NAGAR",D10482;D10350,Y,0,0,0,N,0,443,D,"",,"PLOT NO. B-43 PHASE - 3                  INDL. AREA                               MOHALISAS NAGAR",,"NARINDER SINGH SANDHU",,,,,,AEIFS9958K,MOHALI,0,,,sahibzadaplyworld@gmail.com,,,0,0,,0,,,,0,1971-01-01,1971-01-01,1971-01-01,,,,160055,0,0,no,no,no,no,,,,
S3529,"SHASHIBHUSHAN PRASAD",9934804223,NAWADA,"NAWADA",S01386,Y,0,0,0,N,0,219,O,"",,"BICH BAZAR HISUA NAWADA",,"SHASHI BHUSHAN PRASAD",,,,,,AOBPP4708F,NAWADA,0,,,shashibhushanprasad8@gmail.com,,,0,0,,0,,,,0,0000-00-00,0000-00-00,0000-00-00,,,,805103,0,0,,,,no,,,,
S3536,"SRI BAJRANG PLY HARDWARE & GLASS",+91-93868-70477,PATNA,"PATNA",S01386,Y,0,0,0,N,0,219,D,"",,"SABAJPURA MORE PHULWARISARIF",,"ATUL SRIVASTAVA",,,,,,BYWPS1857G,PATNA,0,,,as1905301@gmail.com,,,0,0,,0,,,,0,1971-01-01,1971-01-01,1971-01-01,,,,801505,0,0,no,no,no,no,,,,
S3543,"SURYA PLYWOOD AND HARDWARE",9949805605,NIZAMABAD,"NIZAMABAD",S01700;D02093,Y,0,0,0,N,0,554,D,"",,"6-30/A MAMIDIPALLY                      OPP SRINIVASA HOSPITAL                   ARMUR",,"RAVINDAR BHUMENI",,,,,,BSFPB2796A,NIZAMABAD,0,,,ravindarbhumeni333@gmail.com,,,0,0,,0,,,,0,1971-01-01,1971-01-01,1971-01-01,,,,503224,0,0,no,no,no,no,,,,
S3548,"SAKAT BIHARI SARAD KUMAR",9412291275,BAREILLY,"BAREILLY",S10230,Y,0,0,0,N,0,448,O,"",,"KOHARAPEER NANITAL ROAD",,"SHARAD AGARWAL",,,,,,AETPA4740E,BAREILLY,0,,,sakatbehari@gmail.com,,,0,0,,0,,,,0,0000-00-00,0000-00-00,0000-00-00,,,,243001,0,0,,,,,,,,
S3549,"SAURABH PLY HOUSE",7053959648,PATNA,"PATNA",S01386,Y,0,0,0,N,0,219,O,"",,"GROUND FLOOR B-8 CHANDI VYPAR BHAWAN EXHIBITION ROAD",,"SAURABH KUMAR",,,,,,DHVPS9068H,PATNA,0,,,sunnysinghkeshri@gmail.com,,,0,0,,0,,,,0,0000-00-00,0000-00-00,0000-00-00,,,,800001,0,0,,,,,,,,
S3550,"SHREE TIRUPATI BALAJI PLYWOOD",9736000077,PANCHKULA,"PANCHKULA",D10350,Y,0,0,0,N,0,443,D,"",,"PLOT NO.-290 PHASE-II INDUSTRIAL AREA",,"LUV GOEL",,,,,,ADHFS4789G,PANCHKULA,0,,,stbpinfo@gmail.com,,,0,0,,0,,,,0,0000-00-00,0000-00-00,0000-00-00,,,,134113,0,0,,,,,,,,
S3553,"SHREE VEER TIMBER TRADERS",9818088010,DELHI,"DELHI",S10015,Y,0,0,0,N,0,441,D,"",,"C-35 MAIN WAZIRABAD ROAD NEAR PETROL PUMP BHAJANPURA",,"SANDEEP JAIN",,,,,,AAHPJ8204E,DELHI,0,,,sand.jain123@gmail.com,,,0,0,,0,,,,0,0000-00-00,0000-00-00,0000-00-00,,,,110053,0,0,,,,,,,,
S3555,"SUMIT MEHARCHANDANI",9303888880,JABALPUR,"JABALPUR",S01438,Y,100000,0,0,N,0,446,P,"",,"G-23 ABHINAV COMPLEX CIVIL LINE",,"SUMIT MEHARCHANDANI",9303888880,,,,,AUDPM8150A,JABALPUR,0,,,sumitmeharchandani89@gmail.com,,,0,0,,0,,,,0,0000-00-00,0000-00-00,0000-00-00,,,,482001,0,0,,,,,,,,
S3556,"SHUBH INTERIORS",9068047777,MEERUT CANTT,"MEERUT CANTT",S10230,Y,0,0,0,N,0,448,O,"",,"210 A NEAR CASTLE VIEW WEST END ROAD",,"SUBHAM MAHESHWARI",,,,,,AIWPM5961A,MEERUT CANTT,0,,,maheshwaritimbers@gmail.com,,,0,0,,0,,,,0,0000-00-00,0000-00-00,0000-00-00,,,,250001,0,0,,,,,,,,
S3557,"SAYSHA INTERIORS PRIVATE LIMITED",9650122907,BHADURGARH-JHAJJAR,"BHADURGARH-JHAJJAR",D10350,Y,0,0,0,N,0,443,D,"",,"KHATAUNI NO-835 KHEWAT NO-0428 KHASRA NO-154 RAKBA PATEL NAGAR",,"JITENDER JUNEJA",,,,,,ABBCS5594C,BHADURGARH-JHAJJAR,0,,,jitender@saysha.in,,,0,0,,0,,,,0,0000-00-00,0000-00-00,0000-00-00,,,,124507,0,0,,,,,,,,
S3558,"SHIVALAY PLY HOUSE",+91-70043-98402,SAHARSA,"SAHARSA",S01386,Y,0,0,0,N,0,219,O,"",,"NAYA BAZAR NARIYAR ROAD WORD NO2",,"PANKAJ KUMAR",,,,,,AKBPK6006D,SAHARSA,0,,,,,,0,0,,0,,,,0,0000-00-00,0000-00-00,0000-00-00,,,,852201,0,0,,,,,,,,
S3560,"SWAROOP NARAIN SATISH KUMAR GOYAL",9783830009,,"",S10109,O,3000000,45,0,N,0,427,D,"",,"P.NO. 12-13 VIJAYNAGAR GAJSINGH PURA BHANKROTA",,"SATISH KUMAR",,,,,,AAHHS5399M,JAIPUR,0,,,snsn.aman@gmail.com,,,0,0,,0,,,,0,0000-00-00,0000-00-00,0000-00-00,,,,302026,0,0,,,,,,,,
S3560,"SWAROOP NARAIN SATISH KUMAR GOYAL",9783830009,JAIPUR,"JAIPUR",S10109,Y,3000000,45,0,N,0,427,D,"",,"P.NO. 12-13 VIJAYNAGAR GAJSINGH PURA BHANKROTA",,"SATISH KUMAR",,,,,,AAHHS5399M,JAIPUR,0,,,snsn.aman@gmail.com,,,0,0,,0,,,,0,0000-00-00,0000-00-00,0000-00-00,,,,302026,0,0,,,,,,,,
S3567,"SHIV PLY & HARDWARE",9696416888,LUCKNOW,"LUCKNOW",S10221,Y,0,0,0,N,0,447,D,"",,"PLOT NO-5A KHASRA NO-437SA BIJNAUR",,"NITIN SAHITYA",,,,,,CQCPS4580H,LUCKNOW,0,,,nitinstyle007@gmail.com,,,0,0,,0,,,,0,0000-00-00,0000-00-00,0000-00-00,,,,226002,0,0,,,,,,,,
S3569,"SHIV SHAKTI TRADERS",8116680500,KHARAGPUR,"KHARAGPUR",S01519,Y,0,0,0,N,0,221,D,"",,"HNO 430/324 MAYAPUR DVC MARKET TALBAGICHA KHARAGPUR",,"RANABIR GHOSH",,,,,,ALNPG7321A,KHARAGPUR,0,,,ranabir721@gmail.com,,,0,0,,0,,,,0,0000-00-00,0000-00-00,0000-00-00,,,,721306,0,0,,,,,,,,
S3573,"SONIS IMPEX",9768075152,MUMBAI,"MUMBAI",S10109,Y,0,0,0,N,0,332,O,"",,"GF 3A PLOT-14 BOMBAY TIMBER MARKET SINGNAL HILL AVENUE ROAD DARUKHANA",,"SHABBIR ALI HUSAIN SONI",,,,,,AABPS9884K,MUMBAI,0,,,coo@sonisimpex.in,,,0,0,,0,,,,0,0000-00-00,0000-00-00,0000-00-00,,,,400010,0,0,,,,,,,,
S3574,"SHRI VIDHYA PURNA PLYWOOD & HARDWARE",+91-83183-24484,LALITPUR,"LALITPUR",S10221,Y,0,0,0,N,0,447,D,"",,"0 NAJHAI BAZAR",,"",,,,,,AVSPJ5007D,LALITPUR,0,,,,,,0,0,,0,,,,0,0000-00-00,0000-00-00,0000-00-00,,,,284403,0,0,,,,,,,,
S3586,"SHRIKRISHNA KASHTHAKALA UDYOG",9425126061,MORENA,"MORENA",S01865;D02072,Y,1000000,30,0,N,0,446,D,"",,"AYODHYAPURI NEAR HIGH SCHOOL NO.1 GANESH PURA",,"",,,,,,BBNPS1840P,MORENA,0,,,manish.shivhare29@gmail.com,,,0,0,,0,,,,0,0000-00-00,0000-00-00,0000-00-00,,,,476001,0,0,,,,,,,,
S3587,"SUKHANANDI JIGNESHBHAI P",8347131313,RAJKOT,"RAJKOT",,Y,50000,30,0,N,0,317,O,"",,"SHREE HARI NAGAR GUJARAT HOUSING BOARDBLOCK-101 LOTHADA RAJKOT",,"SUKHANANDI BHAI",,,,,,CDJPS8469K,RAJKOT,0,,,0,,,0,0,,0,,,,0,0000-00-00,0000-00-00,0000-00-00,,,,360024,0,0,,,,,,,,
S3598,"SHIV HARDWARE",7781901292,BHAGALPUR,"BHAGALPUR",S01386,Y,500000,30,0,N,0,219,O,"",,"SGANBHU PD SHARMA KAJICHAK",,"SHIV SHANKAR SHARMA",7781901292,,,,,EMNPS5599M,BHAGALPUR,0,,,shivshankar8873@gmail.com,,,0,0,,0,,,,0,0000-00-00,0000-00-00,0000-00-00,,,,812005,0,0,,,,,,,,
S3604,"SWATI INTERIORS_",9930598440,MUMBAI,"MUMBAI",S01430,Y,2500000,45,0,N,0,331,O,"",,"305 SUN INDUSTRIAL ESTATE SUNMILL COMPOUND LOWER PAREL",,"PANKAJ JOSHI",,,,,,AAVFS9372A,MUMBAI,0,,,purchase@swatiinterior.com,,,0,0,,0,,,,0,0000-00-00,0000-00-00,0000-00-00,,,,400013,0,0,,,,,,,,
S3605,"SHREE MAYA LAMINATES",9893354299,BHOPAL,"BHOPAL",D02049,Y,1500000,30,0,N,0,446,S,"",,"SHOP NO.1 PLOT NO-102 ZONE-II M.P. NAGAR",,"RAJESH THEWANI",,,,,,AEFPT3800G,BHOPAL,0,,,mmplywood2013@gmail.com,,,0,0,,0,,,,0,0000-00-00,0000-00-00,0000-00-00,,,,462011,0,0,,,,,,,,
S3610,"SHREESH IMPEX PRIVATE LIMITED",,BENGALURU,"BENGALURU",D02026,Y,0,0,0,N,0,553,D,"",,"#131 NEW MUNCIPAL NO-131ST BLOCK       3RD STAGEMANJUNATHNAGAR",,"DANANJAY PODDAR",,,,,,AAKCS5566N,BENGALURU,0,,,shreeshimpex2@yahoo.cmom,,,0,0,,0,,,,0,0000-00-00,0000-00-00,0000-00-00,,,,560010,0,0,,,,,,,,
S3611,"SHARMA PLYWOOD AND HARDWARE",9334403958,MUZAFFARPUR,"MUZAFFARPUR",S01386;D02100,Y,0,0,0,N,0,219,O,"",,"WARD NO 30 KALAMBAG ROAD                 SANICHARA ROAD",,"SUJEET KUMAR",,,,,,BNYPK5759A,MUZAFFARPUR,0,,,sharmaply325@gmail.com,,,0,0,,0,,,,0,1971-01-01,1971-01-01,1971-01-01,,,,842002,0,0,no,no,no,no,,,,
S3619,"SHREE PLY",7903248251,RANCHI,"RANCHI",D01932,Y,0,0,0,N,0,222,D,"",,"64 BIRU BHAWAN HARMU ROAD KISHOREGANJ CHOWK",,"AJIT KUMAR MUNDRA",,,,,,ADLPM4326P,RANCHI,0,,,shreeplyranchi@gmail.com,,,0,0,,0,,,,0,0000-00-00,0000-00-00,0000-00-00,,,,834001,0,0,,,,,,,,
S3621,"SAHAJANAND LAMINATE",9879470211,SURAT,"SURAT",,Y,0,0,0,N,0,332,O,"",,"GF SHOP NO 2 NANIVED NITYANANDESHWAR MAHADEV MANDIR VED",,"DIPAKBHAI SAVANI",9723370705,,,,,AYBPS3519D,SURAT,0,,,dipaksavani41@yahoo.com,,,0,0,,0,,,,0,0000-00-00,0000-00-00,0000-00-00,,,,395004,0,0,,,,,,,,
S3622,"SRI SAI PLY",9386044808,BOKARO,"BOKARO",D01932,Y,0,0,0,N,0,222,O,"",,"BARI COOPERATIVE BOKARO",,"BABLU KESHARI",9234780015,,,,,AMLPG5322L,BOKARO,0,,,saiply.rk@gmail.com,,,0,0,,0,,,,0,0000-00-00,0000-00-00,0000-00-00,,,,827012,0,0,,,,,,,,
S3623,"S S INTERIOR SOLUTIONS",9972744838,UDUPI,"UDUPI",D02026,Y,0,0,0,N,0,553,O,"",,"16-152-26BINDUSTRIAL ESTATE SHIVALLI VILLAGEMANIPAL",,"SURESH SUTHAR",,,,,,CUNPS2068H,UDUPI,0,,,ssinterior101@gmail.com,,,0,0,,0,,,,0,0000-00-00,0000-00-00,0000-00-00,,,,576104,0,0,,,,,,,,
S3633,"SHIVA TRADING COMPANY",9312209496,DELHI,"DELHI",S10015,Y,0,0,0,N,0,441,O,"",,"H.NO. 460/1 RAMA MARKET PITAMPURA NORTH WEST DELHI",,"VINOD GOYAL",,,,,,AEQPG6247M,DELHI,0,,,stcramamarket@gmail.com,,,0,0,,0,,,,0,0000-00-00,0000-00-00,0000-00-00,,,,110034,0,0,,,,,,,,
S3647,"SAMRAT AGENCY",,SAMASTIPUR,"SAMASTIPUR",D01921,Y,0,0,0,N,0,219,O,"",,"GANESH CHOWK SAMASTIPUR",,"PARAS KUMAR",,,,,,ALOPK8235E,SAMASTIPUR,0,,,paraskumar.samratagency@gmail.com,,,0,0,,0,,,,0,0000-00-00,0000-00-00,0000-00-00,,,,848101,0,0,,,,,,,,
S3650,"SAI KRIPA GLASS & HARDWARE",9801284637,PATNA,"PATNA",S01386,Y,0,0,0,N,0,219,O,"",,"BESIDE N.R.L. PETROL PUMP AADHARSH COLONY TRANSPORT NAGAR",,"PRIYANKA JEEVAN",,,,,,AIOPJ8369F,PATNA,0,,,jiwansundeep248@gmail.com,,,0,0,,0,,,,0,0000-00-00,0000-00-00,0000-00-00,,,,800020,0,0,,,,,,,,
S3651,"SHRI SHIV SHAKTI ENTERPRISES",,BHAGALPUR,"BHAGALPUR",S01386,Y,0,0,0,N,0,219,O,"",,"SHOP NO. 04 KAUSHALYA MARKET            RANGRA",,"MUKESH KUMAR JHA",,,,,,BHYPJ8225L,BHAGALPUR,0,,,Mukeshkumarjha4u@gmail.com,,,0,0,,0,,,,0,0000-00-00,0000-00-00,0000-00-00,,,,853204,0,0,,,,,,,,
S3654,"SAKET PLY",7033069359,RANCHI,"RANCHI",D01932,Y,0,0,0,N,0,222,D,"",,"PURNIMA TOWER LAKE ROAD",,"PRAKASH KUMAR DALANIA",,,,,,AJBPD4062F,RANCHI,0,,,saketply@gmail.com,,,0,0,,0,,,,0,0000-00-00,0000-00-00,0000-00-00,,,,834001,0,0,,,,,,,,
S3655,"SHIVAM PLYWOOD AND DOORS",9845385305,BENGALURU RURAL,"BENGALURU RURAL",D02026,Y,0,0,0,N,0,553,O,"",,"SY. NO-187/76/3.BEEDIGANAHAALI VIJAYPURA ROADDEVANHALLI TALUK",,"ARJUN SHAITHAN RAM",,,,,,ARIPR2381Q,BENGALURU RURAL,0,,,pramlal33@gmail.com,,,0,0,,0,,,,0,0000-00-00,0000-00-00,0000-00-00,,,,562135,0,0,,,,,,,,
S3698,"SHREE GANPATI VENEER WORLD",,KOLKATA,"KOLKATA",S01519;D02134,Y,0,0,0,N,0,457,D,"",,"32 BARANASHI GHOSH STREET               GIRISH PARK KOLKATA",,"SASHIKANT ACHARYA",,,,,,ACXFS5873L,KOLKATA,0,,,shreeganpativeneerworld@gmail.com,,,0,0,,0,,,,0,1971-01-01,1971-01-01,1971-01-01,,,,700007,0,0,no,no,no,no,,,,
S3702,"SPINDLE TREE PLYBOARDS",9666656664,ALWALMEDCHAL-MALKAJ,"ALWAL,MEDCHAL-MALKAJGIRI,HYD.",S01700,Y,0,0,0,N,0,554,O,"",,"H.NO 5-534/2/137 PART PLOT NO.143 SY.NO.583SHAKTHI GANESH NAGAR",,"SANTHOSH GANRA",,,,,,AEEFS5750H,ALWAL,MEDCHAL-MALKAJGIRI,HYD.,0,,,ganra.santhosh@gmail.com,,,0,0,,0,,,,0,0000-00-00,0000-00-00,0000-00-00,,,,500010,0,0,,,,,,,,
S3705,"SREE KARTHIKEYA ENTERPRISE",8555918685,SRIKAKULAMANDHRA PR,"SRIKAKULAM,ANDHRA PRADESH",S01700;S01700,Y,0,0,0,N,0,525,O,"",,"SY.NO.173/1 NARAYANA MILL JUNCTION ARASAVILLI SRIKAKULAM",,"ANAND KUMAR GANGU",,,,,,DEBPG7200C,SRIKAKULAM,ANDHRA PRADESH,0,,,ANANDDADDY143@GMAIL.COM,,,0,0,,0,,,,0,0000-00-00,0000-00-00,0000-00-00,,,,532001,0,0,,,,,,,,
S3706,"SHRI GANESH ENTERPRISES",9896208969,MAHENDRAGARH,"MAHENDRAGARH",D10350,Y,0,0,0,N,0,443,O,"",,"KOSLI ROAD KANINA",,"DESHRAJ",,,,,,BEIPD7105N,MAHENDRAGARH,0,,,dv2460@gmail.com,,,0,0,,0,,,,0,0000-00-00,0000-00-00,0000-00-00,,,,123027,0,0,,,,,,,,
S3709,"SINNI PLYWOOD",9997070720,HARIDWAR,"HARIDWAR",S10230,Y,0,0,0,N,0,447,O,"",,"OPPOSITE HOLY GANGES PUBLIC SCHOOL VILLAGE SARAI JWALAPUR",,"SAJID",,,,,,JQHPS8705Q,HARIDWAR,0,,,saajidrke@gmail.com,,,0,0,,0,,,,0,0000-00-00,0000-00-00,0000-00-00,,,,249404,0,0,,,,,,,,
S3712,"SHREELAXMI PLYWOOD & HARDWARE",7978043360,ANGUL,"ANGUL",D02050,Y,0,0,0,N,0,216,D,"",,"GROUND FLOOR 24/1686/2818 HULURSHNGHA GANDHI MARG ANGUL",,"ARUN GOEL",9437121999,,,,,AHOPG0741K,ANGUL,0,,,laxmisales.angul@gmail.com,,,0,0,,0,,,,0,0000-00-00,0000-00-00,0000-00-00,,,,759122,0,0,,,,,,,,
S3713,"SINGH GLASS",,PATNA,"PATNA",S01386,Y,0,0,0,N,0,219,O,"",,"OPP PETROL PUMP ILLAHIBAGH              PATNA SADAR GAYA ROAD",,"PRASHANT KUMAR",,,,,,GWQPK2177C,PATNA,0,,,sgsinghglass@gmail.com,,,0,0,,0,,,,0,0000-00-00,0000-00-00,0000-00-00,,,,800007,0,0,,,,,,,,
S3724,"SOMESH HARDWARES",,MAHENDRAGARH,"MAHENDRAGARH",D10350,Y,0,0,0,N,0,554,D,"",,"TALAB BHADUR SINGH MANDIR               SHREE SITARAMJI TRUST NARNAUL",,"SITA RAM",,,,,,AAKPR8319R,MAHENDRAGARH,0,,,someshiron@gmail.com,,,0,0,,0,,,,0,0000-00-00,0000-00-00,0000-00-00,,,,123001,0,0,,,,,,,,
S3725,"SRISHTI ENTERPRISES",9814194694,HANUMANGARH,"HANUMANGARH",S01430,Y,5000000,45,0,N,0,331,O,"",,"C-275 BYPASS ROAD CIVIL LINE",,"SANDEEP GUPTHA",,,,,,AAQPG1644L,HANUMANGARH,0,,,srishti_group@yahoo.com,,,0,0,,0,,,,0,0000-00-00,0000-00-00,0000-00-00,,,,335512,0,0,,,,,,,,
S3730,"SANKHALA DECORS LLP",8801102020,VISAKHAPATNAM,"VISAKHAPATNAM",S01700,Y,2000000,30,0,N,0,525,D,"",,"PLOT NO C4B NEAR 5TH POLICE STATION MARRIPALEM INDUSTRIAL ESTATE",,"RAJESH SANKHALA",,,,,,AELFS1125D,VISAKHAPATNAM,0,,,sankhaladecors@gmail.com,,,0,0,,0,,,,0,0000-00-00,0000-00-00,0000-00-00,,,,530007,0,0,,,,,,,,
S3737,"SURABHI MAHESHWARI",8349553699,BHOPAL,"BHOPAL",S01883,Y,0,0,0,N,0,446,O,"",,"E-1/186 ARERA COLONY",,"8349553699",,,,,,BKRPM2966D,BHOPAL,0,,,lmbhopal@gmail.com,,,0,0,,0,,,,0,0000-00-00,0000-00-00,0000-00-00,,,,462016,0,0,,,,,,,,
S3744,"SHANTIVILAS MEDICARE PRIVATE LIMITED",9839484619,ALLAHABAD,"ALLAHABAD",S10221,Y,0,0,0,N,0,447,O,"",,"18/14/1D A.N.JHA MARG GEORGE TOWAN",,"MANISH GUPTA",9839484619,,,,,AAXCS2395E,ALLAHABAD,0,,,mkgupta4999@gmail.com,,,0,0,,0,,,,0,0000-00-00,0000-00-00,0000-00-00,,,,211001,0,0,,,,,,,,
S3749,"SABOO PLYWOOD",9810168466,FARIDABAD,"Faridabad",S10014,Y,0,0,0,N,0,441,O,"",,"IE-19 B.P NIT FARIDABAD",,"SABOO ENTERPRISES(S2645)",,,,,,BRGPS1626A,FARIDABAD,0,,,sabooak@yahoo.com,,,0,0,,0,,,,0,0000-00-00,0000-00-00,0000-00-00,,,,121004,0,0,,,,,,,,
S3752,"SHASHI KANT MISHRA AND ASSOCIATES",8670934233,BOLEPUR,"BOLEPUR",D02082,Y,0,0,0,N,0,457,D,"",,"PRANTIK GROUND FLOOR                    NEAR BISWABANGLA HAT                     P.O.SHANTINIKETAN",,"Mr. SHASHI KANT MISHRA",,,,,,BFFPM7256F,BOLEPUR,0,,,inavilinfraapvtltd@gmail.com,,,0,0,,0,,,,0,0000-00-00,0000-00-00,0000-00-00,,,,731235,0,0,,,,,,,,
S3756,"SHREE BALAJI COOLING SOLUTION",9301835550,INDORE,"INDORE",D01931;D02169,Y,0,0,0,N,0,446,O,"",,"PLOT NO 14 SCH NO 94                   EASTERN RING ROAD BETWEEN                BANGALI AND PIPLIYANA SERVICE ROAD",,"VIKRAM BATRA",,,,,,BDKPB3958E,INDORE,0,,,theconcept555@gmail.com,,,0,0,,0,,,,0,1971-01-01,1971-01-01,1971-01-01,,,,452016,0,0,no,no,no,no,,,,
S3759,"SAKET INTERIORS PVT LTD",8779620516,MUMBAI,"MUMBAI",S01519,Y,0,0,0,N,0,331,P,"",,"SPACE HOUSE ASHOKVAN DAHISAR (E)       NEAR BAJRANGDAS BAPPA MANDIR",,"PREM YADAV",,,,,,AAICS3718G,MUMBAI,0,,,info@saketinteriors.com,,,0,0,,0,,,,0,0000-00-00,0000-00-00,0000-00-00,,,,400068,0,0,,,,,,,,
S3761,"SWAROOP NARAIN SATISH KUMAR",9787830009,JAIPUR,"JAIPUR",S10305,Y,0,0,0,N,0,427,D,"",,"12-13 Vijay NagarGopalpura Bypass     Gajesinghpura Bhankrota",,"Aman Jain",,,,,,AELFS8262B,JAIPUR,0,,,snsn.aman@gmail.com,,,0,0,,0,,,,0,1971-01-01,1971-01-01,1971-01-01,,,,302020,0,0,no,no,no,no,,,,
S3762,"SHREE GOPAL UDYOG",9903706774,KOLKATA,"KOLKATA",S01519,Y,0,0,0,N,0,457,D,"",,"33 AND 34 GROUND FLOOR					             BIDISHA APARTMENT					                  RAJARHAT ROAD CHINAR PARK",,"GOPAL PRASAD JAISWAL",,,,,,AALPP3958M,KOLKATA,0,,,srigopaludyog.j@gmail.com,,,0,0,,0,,,,0,0000-00-00,0000-00-00,0000-00-00,,,,700157,0,0,,,,,,,,
S3769,"Sonawat Plywood & Hardware",7737758248,BIKANER,"BIKANER",S10314,Y,0,0,0,N,0,,O,"",,"Near Karni Mata Temple 					            New Line					                            Gangashahar",,"Jirendra 					 Sonawat",,,,,,BAQPS2570C,Bikaner,0,,,jitendarb99.js@gmail.com,,,0,0,,0,,,,0,0000-00-00,0000-00-00,0000-00-00,,,,304401,0,0,,,,,,,,
S3770,"S V ENTERPRISES",9713434374,JABALPUR,"JABALPUR",S01438;D01941,Y,0,0,0,N,0,446,D,"",,"1332 WRIGHT TOWN                    NEAR IDBI BANK",,"SURAJ  AMBWANI",,,,,,CZSPA6234P,JABALPUR,0,,,surajambwani@gmail.com,,,0,0,,0,,,,0,1971-01-01,1971-01-01,1971-01-01,,,,482001,0,0,no,no,no,no,,,,
S3772,"SHREE KRISHNA ENTERPRISES",8051132259,KHUNTI,"KHUNTI",D02061,Y,0,0,0,N,0,222,D,"",,"OPP.-JAIPAL SINGH MARKET					            MAIN ROAD KHUNTI",,"RAHUL 					 KUMAR",,,,,,BTQPK4250E,KHUNTI,0,,,kumarrahul00@gmail.com,,,0,0,,0,,,,0,0000-00-00,0000-00-00,0000-00-00,,,,835210,0,0,,,,,,,,
S3773,"SHIV HARDWARE STORES",8092850954,KHUNTI,"KHUNTI",D02061,Y,0,0,0,N,0,222,D,"",,"LOHAR TOLA ROAD					                     RAMGARH CANTT					                       RAMGARH",,"JAGDISH PD. 					 GUPTA",,,,,,,KHUNTI,0,,,tonay954@gmail.com,,,0,0,,0,,,,0,0000-00-00,0000-00-00,0000-00-00,,,,829122,0,0,,,,,,,,
S3776,"SURYA TIMBER COMPANY",9811113339,NEW DELHI,"NEW DELHI",S10292,Y,0,0,0,N,0,441,P,"",,"1/44 WHS TIMBER BLOCK KIRTI NAGAR					  WEST DELHI",,"JAI 					 PATEL",,,,,,AABFS6693Q,NEW DELHI,0,,,suryatimbercompany@gmail.com,,,0,0,,0,,,,0,0000-00-00,0000-00-00,0000-00-00,,,,110015,0,0,,,,,,,,
S3777,"SHRI DEEP PLYWOOD",9837302545,AGRA,"Agra",D10359,Y,0,0,0,N,0,447,O,"",,"B-659 KAMLA NAGAR",,"SANDEEP 					 AGARWAL",,,,,,ABHPA1392D,AGRA,0,,,sandeepagarwal800@gmail.com,,,0,0,,0,,,,0,0000-00-00,0000-00-00,0000-00-00,,,,282005,0,0,,,,,,,,
S3788,"S S PLYWOOD & HARDWARE",8053388763,GURGAON,"GURGAON",S10223,Y,0,0,0,N,0,441,D,"",,"GROUND FLOOR OFFICE NO. 1 					         MAIN GURUGRAM ROAD PATAUDI",,"DHARMESH YADAV",,,,,,AIJPY9557B,GURGAON,0,,,dharmesh94yadav@gmail.com,,,0,0,,0,,,,0,0000-00-00,0000-00-00,0000-00-00,,,,122503,0,0,,,,,,,,
S3794,"SUDARSHAN ENTERPRISES.",9372011011,SANGAMNER,"SANGAMNER",D01978,Y,0,0,0,N,0,331,D,"",,"SHIVAJI NAGAR MALDAD ROAD					          NEAR MARKET YARD 					                  SANGAMNER",,"NAVNEET KOTHARI",,,,,,ACCFS4193E,SANGAMNER,0,,,navneetbkothari@gmail.com,,,0,0,,0,,,,0,0000-00-00,0000-00-00,0000-00-00,,,,422605,0,0,,,,,,,,
S3795,"SURYA PLY AND HARDWARE",8235317582,JAMSHEDPUR,"JAMSHEDPUR",D01932,Y,0,0,0,N,0,222,D,"",,"PLOT NO.402N-1475 TIYASHA COMPLEX					  RIT MORE TATA KANDRA MAIN ROAD					     ADITYAPUR JAMSHEDPUR",,"SANJAY KUMAR 					 AGARWAL",,,,,,ABLPA6386P,JAMSHEDPUR,0,,,suryaply17@gmail.com,,,0,0,,0,,,,0,0000-00-00,0000-00-00,0000-00-00,,,,831013,0,0,,,,,,,,
S3801,"SHYAM PLY LAM MARKETING",9484485538,AHMEDABAD,"AHMEDABAD",D02039,Y,0,0,0,N,0,332,O,"",,"SOLA TIMBER MARKET SURVEY NO 380/1     FP NO 240 B/H RAMDEV MASALA					        S G HIGHWAY SOLA",,"AJITBHAI PATEL",,,,,,DCZPP4675L,AHMEDABAD,0,,,jagdishpatel1806@gmail.Com,,,0,0,,0,,,,0,0000-00-00,0000-00-00,0000-00-00,,,,380060,0,0,,,,,,,,
S3802,"SADGURU PLYWOOD",9823119708,NAGPUR,"NAGPUR",,Y,0,0,0,N,0,331,D,"",,"PLOT NO 217 GOKULPETH BAZAR ROAD 						  NEAR RAMNAGAR CHOWK NAGPUR",,"SAMIR SHESHRAO GOTMARE",,,,,,AGJPG5892M,NAGPUR,0,,,samir.guru@rediffmail.com,,,0,0,,0,,,,0,0000-00-00,0000-00-00,0000-00-00,,,,440010,0,0,,,,,,,,
S3805,"SYH PROJECTS PRIVATE LIMITED",6003302202,GUWAHATI,"GUWAHATI",S01785,Y,0,0,0,N,0,215,O,"",,"HOUSE NO 4 MAJ JALUKBARIEAC ROAD					  GUWAHATI KAMRUP METROPOLITIAN",,"SABINA YASMIN",,,,,,ABBCS5482P,GUWAHATI,0,,,tzhussain2017@gmail.com,,,0,0,,0,,,,0,0000-00-00,0000-00-00,0000-00-00,,,,781014,0,0,,,,,,,,
S3812,"SUNSHINE PLYLAM MARKETING CO",9428024552,KOTA,"KOTA",D10441,Y,0,0,0,N,0,427,D,"",,"23 B INDUSTRIAL AREA 						            SHREE DHANOP MATA MANDIR						           HADOTI INSDUSTRIAL AREA",,"JITENDRA SADHWANI",,,,,,AQJPS2734A,KOTA,0,,,sunshineplylamkota@gmail.Com,,,0,0,,0,,,,0,1971-01-01,1971-01-01,1971-01-01,,,,324007,0,0,no,no,no,no,,,,
S3815,"SHRI DURGA ELECTRICALS",9999877638,BHOPAL,"BHOPAL",S01883,Y,0,0,0,N,0,446,P,"",,"FLAT NO. 203						                       SK HEIGHTS RATANPUR ROAD",,"DEEPAK SHARMA",,,,,,AUGPS6712B,BHOPAL,0,,,shridurgaelectricalsmp@gmail.com,,,0,0,,0,,,,0,0000-00-00,0000-00-00,0000-00-00,,,,462026,0,0,,,,,,,,
S3827,"SHREE SAI PLY",9234780015,Deoghar,"DEOGHAR",D01932,Y,0,0,0,N,0,222,O,"",,"NAZAMAT HUSSAIN ROAD NEAR MADARSA",,"BABLU KESHRI",,,,,,AKHPK2962L,DEOGHAR,0,,,plywoodemporium18@gmail.com,,,0,0,,0,,,,0,0000-00-00,0000-00-00,0000-00-00,,,,814112,0,0,,,,,,,,
S3829,"STAR AUTOMOBILES (MP) LIMITED",7241115571,JABALPUR,"JABALPUR",S01438;D02181,Y,0,0,0,N,0,446,P,"",,"60 TRIPURI CHOWK NAGPUR ROAD       GARHA",,"RUDENDRA SINGH PARIHAR",,,,,,AAKCS6583K,JABALPUR,0,,,rudendraparihar1982@gmail.com,,,0,0,,0,,,,0,1971-01-01,1971-01-01,1971-01-01,,,,482003,0,0,no,no,no,no,,,,
S3830,"SUPREME SALES CORPORATION",9350050035,DELHI,"DELHI",S10223,Y,0,0,0,N,0,441,D,"",,"GROUND FLOOR H.NO. 1445 C						         KHASRA NO 330 WAJIR NAGAR						          KOTLA MUBARAKPUR SOUTH DELHI",,"RASHEE JAIN",,,,,,AAGPJ5996E,DELHI,0,,,supremesakescorpn@gmail.com,,,0,0,,0,,,,0,0000-00-00,0000-00-00,0000-00-00,,,,110003,0,0,,,,,,,,
S3831,"SRI SAI GLOBAL",7011636354,NEW DELHI,"NEW DELHI",S10155,Y,0,0,0,N,0,441,P,"",,"A-2/484 SECTOR-8 ROHINI                NORTH WEST DELHI",,"AMIL GUPTA",,,,,,DCIPS7515D,NEW DELHI,0,,,srisaiglobal@gmail.com,,,0,0,,0,,,,0,0000-00-00,0000-00-00,0000-00-00,,,,110085,0,0,,,,,,,,
S3833,"SINGHAL STAR",9818731241,GURUGRAM,"GURUGRAM",S10223,Y,0,0,0,N,0,441,D,"",,"HERO HONDA CHOWK						                   KHASRA NO 383/677 NH8",,"AJAY KUMAR AGGARWAL",,,,,,ADSPA8758N,GURUGRAM,0,,,ajayaggarwal.1972@gmail.com,,,0,0,,0,,,,0,0000-00-00,0000-00-00,0000-00-00,,,,122004,0,0,,,,,,,,
S3838,"SACHI DESIGN AND BUILD PRIVATE LIMITED",9999727007,GAUTAM BUDDHA NAGAR,"GAUTAM BUDDHA NAGAR",S10223,Y,0,0,0,N,0,441,O,"",,"C 156 HOSIERY COMPLEX PHASE 2						    NOIDA",,"RANJEET SINGH",,,,,,AAZCS1842G,GAUTAM BUDDHA NAGAR,0,,,ranjeet@sdabpl.com,,,0,0,,0,,,,0,0000-00-00,0000-00-00,0000-00-00,,,,201305,0,0,,,,,,,,
S3839,"SHRI DIGAMBAR JAIN SIDDHA KSHETRA KUNDALGIRI",9165661763,DAMOH,"DAMOH",S01438;D02103,Y,0,0,0,N,0,446,P,"",,"POST KUNDALPUR                     TAHISEL PATERA",,"RISABH JAIN",,,,,,AAHTS0546A,DAMOH,0,,,d-badebaba.kundalpur@gmail.com,,,0,0,,0,,,,0,1971-01-01,1971-01-01,1971-01-01,,,,470773,0,0,no,no,no,no,,,,
S3850,"SHRI SAI LAMINATE",9350156070,GAUTAM BUDDHA NAGAR,"GAUTAM BUDDHA NAGAR",S10223,Y,0,0,0,N,0,441,D,"",,"GROUND FLOOR PLOT NO I 72                SECTOR 9 NOIDA",,"KANCHAN AGGARWAL",,,,,,CNSPA1595F,GAUTAM BUDDHA NAGAR,0,,,srisailamnoida@gmail.com,,,0,0,,0,,,,0,0000-00-00,0000-00-00,0000-00-00,,,,201301,0,0,,,,,,,,
S3852,"SHREE BHAWANI TIMBER",9504242660,Chapra,"CHAPRA",S01386,Y,0,0,0,N,0,219,O,"",,"GANDHI CHOWK GARKHA ROAD						          CHAPRA",,"ALOK KUMAR SINGH",,,,,,AYDPJ3013H,CHAPRA,0,,,Shreebhawani2014@gmail.com,,,0,0,,0,,,,0,0000-00-00,0000-00-00,0000-00-00,,,,841301,0,0,,,,,,,,
S3863,"SREE GANESH PLYLAM HOUSE",9642075672,NIRMAL,"NIRMAL",S01700,Y,0,0,0,N,0,554,O,"",,"1-3-155/17/A NEAR MAREMMA TEMPLE       NIRMAL TOWN NIRMAL 						              NIRMAL TELANGANA",,"ANIRUDH",9642075672,,,,,BGXPP1610B,NIRMAL,0,,,podelly@gmail.com,,,0,0,,0,,,,0,0000-00-00,0000-00-00,0000-00-00,,,,504106,0,0,,,,,,,,
S3869,"SHREE RAM PLYWOOD",7986247694,PATIALA,"PATIALA",S10209,Y,0,0,0,N,0,454,D,"",,"KHEWAT KHATONI 344/626/1						          VILLAGE.JASSOWAL						                  BHADSON ROAD",,"RINKUJASWINDER SINGH",,,,,,AFDFS3013F,PATIALA,0,,,Shreeramply123@gmail.com,,,0,0,,0,,,,0,0000-00-00,0000-00-00,0000-00-00,,,,147001,0,0,,,,,,,,
S3870,"SHAW ASSOCIATE",9830184229,NANGI,"NANGI",S01519,Y,0,0,0,N,0,457,D,"",,"NANGI STATION ROADPARBANGLA						       BATANAGAR MAHESHTALA 						             24 PARGANAS",,"PRAMOD SHAW",,,,,,AMAPS2142P,NANGI,0,,,shawassociate@gmail.com,,,0,0,,0,,,,0,0000-00-00,0000-00-00,0000-00-00,,,,700140,0,0,,,,,,,,
S3872,"SHREE KRISHNA PLYWOOD AND INTERIO",9810038021,GAUTAM BUDDHA NAGAR,"GAUTAM BUDDHA NAGAR",S10152,Y,0,0,0,N,0,441,D,"",,"PLOT NO-14 MAIN ROAD SHAHBERI 						    VI STORE GREATER NOIDA",,"KRISHNA GARG",,,,,,BOHPG5794P,GAUTAM BUDDHA NAGAR,0,,,garg.sgt@gmail.com,,,0,0,,0,,,,0,0000-00-00,0000-00-00,0000-00-00,,,,201306,0,0,,,,,,,,
S3880,"STREAM DESIGNS PRIVATE LIMITED",7573003058,MEHSANA,"MEHSANA",,Y,0,0,0,N,0,317,O,"",,"11 C/O STREAM WOODEN INDUSTRIES					    GIDC HIGHWAY MEHSANA (GUJARAT)",,"0",,,,,,ABECS4473M,MEHSANA,0,,,streamdesginespvtltd@gmail.com,,,0,0,,0,,,,0,0000-00-00,0000-00-00,0000-00-00,,,,384002,0,0,,,,,,,,
S3881,"SWASTIKA ARCHITECTS & INTERIOR DESIGNER",9793453511,LUCKNOW,"LUCKNOW",D10358,Y,0,0,0,N,0,447,O,"",,"DURGA MANDIR 591/585                    NEW BALDEO VIHAR",,"PRAPHULLA KUMAR GUPTA",,,,,,ALKPG3268R,LUCKNOW,0,,,swastikaarchitect@gmail.com,,,0,0,,0,,,,0,0000-00-00,0000-00-00,0000-00-00,,,,226002,0,0,,,,,,,,
S3884,"SAVITA PLYWOOD & HARDWARE",9997013032,MORADABAD,"MORADABAD",S10230;D10396,Y,0,0,0,N,0,448,D,"",,"Ram Ganga Vihar A-6 Opp Sanchetna        Vidyalay Kanth Road Moradabad",,"RAHUL KUMAR",,,,,,CFAPK3586C,MORADABAD,0,,,info.sph01@gmail.com,,,0,0,,0,,,,0,1971-01-01,1971-01-01,1971-01-01,,,,244001,0,0,no,no,no,no,,,,
S3890,"SHREYAS AGENCIES",9400156555,ALAPPUZHA,"ALAPPUZHA",D02026,Y,0,0,0,N,0,454,O,"",,"11/34 SHREYAS VETTUVENI						         HARIPAD",,"Mr. JANARDHANAN SURESH",,,,,,AVWPS4163P,ALAPPUZHA,0,,,shreyasharipad@gmail.com,,,0,0,,0,,,,0,0000-00-00,0000-00-00,0000-00-00,,,,690514,0,0,,,,,,,,
S3899,"SARASWATI PRATHMIK VIDYA MANDIR",9429314776,RAJKOT,"RAJKOT",J0002,Y,0,0,0,N,0,317,O,"",,"PRAVINAKA MANIAR CAMPUS             1 MARUTI NAGAR RACE COURSE          RING ROAD RAJKOT",,"0",,,,,,PANNOTAVBL,RAJKOT,0,,,,,,0,0,,0,,,,0,1971-01-01,1971-01-01,1971-01-01,,,,360001,0,0,no,no,no,no,,,,
S3902,"SHRI RAM TIMBER & PLYWOOD",9810894999,NEW DELHI,"NEW DELHI",S10223;S10223,Y,0,0,0,N,0,441,D,"",,"GROUND FLOOR RZ-429-A GALI NO. 13      TUGHLAKABAD EXTN.                        SOUTH DELHI",,"VICKY CHOUDHARY",,,,,,AHAPC5374J,DELHI,0,,,vickssmailbox@gmail.com,,,0,0,,0,,,,0,0000-00-00,0000-00-00,0000-00-00,,,,110019,0,0,,,,,,,,
S3902,"SHRI RAM TIMBER & PLYWOOD",9810894999,DELHI,"DELHI",S10223;S10223,Y,0,0,0,N,0,441,D,"",,"GROUND FLOOR RZ-429-A GALI NO. 13      TUGHLAKABAD EXTN.                        SOUTH DELHI",,"VICKY CHOUDHARY",,,,,,AHAPC5374J,DELHI,0,,,vickssmailbox@gmail.com,,,0,0,,0,,,,0,0000-00-00,0000-00-00,0000-00-00,,,,110019,0,0,,,,,,,,
S3917,"SHANKAR TIMBERS AND FURNITURE",8377875583,NOIDA,"NOIDA",S10152,Y,0,0,0,N,0,441,D,"",,"SHOP NO C7 SEC-9						                  GAUTAM BUDDHA NAGAR",,"HARI SHANKAR SHARMA",,,,,,AQPPS3980C,NOIDA,0,,,shreeramply@yahoo.co.in,,,0,0,,0,,,,0,0000-00-00,0000-00-00,0000-00-00,,,,201301,0,0,,,,,,,,
S3918,"SYED MODASSIR ALI",6202476662,BHAGALPUR,"BHAGALPUR",S01386,Y,0,0,0,N,0,219,O,"",,"SAZANGI HABIBPUR						                   BHAGALPUR",,"SYED MODASSIR ALI",,,,,,AOGPS3428E,BHAGALPUR,0,,,modassirali706@gmail.com,,,0,0,,0,,,,0,0000-00-00,0000-00-00,0000-00-00,,,,813113,0,0,,,,,,,,
S3920,"SIDDHA INFRADEV LLP",9679650354,KOLKATA,"KOLKATA",D02066,Y,0,0,0,N,0,457,P,"",,"6TH 99A SIDDHA PARK						             PARK STREET KOLKATA",,"Mr. PRITAM DEY",,,,,,ACIFS4407P,KOLKATA,0,,,jit@siddhagroup.com,,,0,0,,0,,,,0,0000-00-00,0000-00-00,0000-00-00,,,,700016,0,0,,,,,,,,
S3921,"SIDDHA REAL ESTATE DEVELOPEMENT PVT LTD",6289192829,KOLKATA,"KOLKATA",D02066,Y,0,0,0,N,0,457,P,"",,"6 99A SIDDHA PARK 						               PARK STREET",,"Mr. CHANDAN SINGH",,,,,,AAJCS6830L,KOLKATA,0,,,jit@siddhagroup.com,,,0,0,,0,,,,0,0000-00-00,0000-00-00,0000-00-00,,,,700016,0,0,,,,,,,,
S3928,"SUKHANANDI JIGNESHBHAI PARESHBHAI",9904800080,RAJKOT,"RAJKOT",,Y,0,0,0,N,0,317,O,"",,"SHRI HARI NAGAR GUJARAT HOUSING BOARD BLOCK-101 LOTHADA                  RAJKOT VERAVAL (SHAPAR)",,"SUKHANANDI JIGNESHBHAI PARESHBHAI",,,,,,CDJPS8469K,RAJKOT,0,,,,,,0,0,,0,,,,0,1971-01-01,1971-01-01,1971-01-01,,,,360024,0,0,no,no,no,no,,,,
S3932,"SARKAR WOODS & FURNITURE",9836354354,KOLKATA,"KOLKATA",D02091,Y,0,0,0,N,0,457,D,"",,"21B JESSORE ROAD SOUTH RATHTALA						    BARASAT KOLKATA						                    NORTH 24 PARGANAS",,"ABHIJIT SARKAR",,,,,,AYAPS6743G,KOLKATA,0,,,sarkar.abhijit84@gmail.com,,,0,0,,0,,,,0,0000-00-00,0000-00-00,0000-00-00,,,,700124,0,0,,,,,,,,
S3933,"SAWARIA PLYWOOD",9255892608,KARNAL,"KARNAL",D10344,Y,0,0,0,N,0,443,D,"",,"KAITHAL ROAD                             KAITHAL ROAD ASSANDH",,"TINKU GARG",,,,,,AXKPG8125F,KARNAL,0,,,tinkuga77@gmail.com,,,0,0,,0,,,,0,0000-00-00,0000-00-00,0000-00-00,,,,132039,0,0,,,,,,,,
S3934,"SACHDEVA PLYWOOD",9996666649,FATEHABAD,"FATEHABAD",S10239,Y,0,0,0,N,0,443,D,"",,"OPP.STATE BANK OF IINDIA						           G.T.ROAD",,"NITISH SACHDEVA",9996666649,,,,,EQSPS7022A,FATEHABAD,0,,,nitishsachdeva786@gmail.com,,,0,0,,0,,,,0,0000-00-00,0000-00-00,0000-00-00,,,,125050,0,0,,,,,,,,
S3941,"SENGANI AND COMPANY",9871406006,NEW DELHI,"NEW DELHI",S10042,Y,0,0,0,N,0,441,O,"",,"1/75WHS KIRTI NAGAR",,"VASU PATEL",,,,,,AACFS5747G,NEW DELHI,0,,,SENGANIPATEL@GMAIL.COM,,,0,0,,0,,,,0,0000-00-00,0000-00-00,0000-00-00,,,,110015,0,0,,,,,,,,
S3943,"SHIVAY SALES AGENCY",9300321290,BILASPUR,"Bilaspur",D10447,Y,0,0,0,N,0,364,D,"",,"G-2 R-3 Near Samudayik Bhawan           Ring Road 2 Shantinagar",,"VIKASH TRADERS",7942698539,,,,,CJKPP7244L,Bilaspur,0,,,shivay.sales82@gmail.com,,,0,0,,0,,,,0,0000-00-00,0000-00-00,0000-00-00,,,,495001,0,0,,,,,,,,
S3944,"SHIVDAS MANJI & CO",9822056565,Pune,"PUNE",D01968,Y,0,0,0,N,0,331,O,"",,"PLOT NO.11					                          TIMBER  MARKET",,"TUSHAR PATEL",,,,,,AAEFS2190K,PUNE,0,,,shivdasmanji@gmail.com,,,0,0,,0,,,,0,0000-00-00,0000-00-00,0000-00-00,,,,411002,0,0,,,,,,,,
S3945,"SATISH KUMAR MALPANI",9810442214,DELHI,"DELHI",,Y,0,0,0,N,0,,O,"",,"E-913						                              SARASWATI VIHAR						                    PITAMPURA",,"SATISH KUMAR MALPANI",,,,,,ADJPM3166D,DELHI,0,,,satishmalpani@hotmail.com,,,0,0,,0,,,,0,1971-01-01,1971-01-01,1971-01-01,,,,110034,0,0,no,no,no,no,,,,
S3948,"SKIL CRAFT INTERIORS",9435036050,TINSUKIA,"TINSUKIA",,Y,0,0,0,N,0,,D,"",,"NEAR STEELS WORTH WARD NO 5						      MAKUM ROAD TINSUKIA						               TINSUKIA  ASSAM",,"SANJAY AGARWAL",,,,,,ABPPA9291F,TINSUKIA,0,,,sanjayagarwalnilu@gmail.com,,,0,0,,0,,,,0,1971-01-01,1971-01-01,1971-01-01,,,,786125,0,0,no,no,no,no,,,,
S3951,"SRINATH ENTERPRISES",9329093961,ITARSI,"ITARSI",,Y,0,0,0,N,0,,P,"",,"INFRONT TRACTOR SCHEME 						            BETUL ROAD",,"GARIMA BIJLANI",,,,,,BBRPB2340B,ITARSI,0,,,deepakkumarbijlani@yahoo.co.in,,,0,0,,0,,,,0,1971-01-01,1971-01-01,1971-01-01,,,,461111,0,0,no,no,no,no,,,,
S3955,"SABOO PLYWOOD.",9373118530,NAGPUR,"NAGPUR",D01982,Y,0,0,0,N,0,331,O,"",,"PALIWAL BHAWAN					                      INFRONT OF GANDHIBAGH GARDEN					        GANDHIBAGH",,"PARAG  S SABOO",,,,,,AFPPS7299H,NAGPUR,0,,,paragsaboo2011@gmail.com,,,0,0,,0,,,,0,1971-01-01,1971-01-01,1971-01-01,,,,440002,0,0,no,no,no,no,,,,
S3956,"SANGAM TIMBER MART",9982297332,PALI,"PALI",D10354,Y,0,0,0,N,0,427,D,"",,"GAJANIPURA ROAD						                   KHINWARA",,"CHUNNI LAL",,,,,,ADBPL5456F,PALI,0,,,jagdishchoudhary3848@gmai.com,,,0,0,,0,,,,0,1971-01-01,1971-01-01,1971-01-01,,,,306502,0,0,no,no,no,no,,,,
S3965,"SEEMA INFRATECH",7470950908,SATNA,"SATNA",D10360,Y,0,0,0,N,0,447,O,"",,"INFRONT OF HOTEL PARTH                   RAJAULA BYPASS ROAD                     CHITRAKOOT MAJHGAWAN",,"SEEMA DWIVEDI",,,,,,AJHPD0734E,SATNA,0,,,padam.chitrakoot2018@gmail.com,,,0,0,,0,,,,0,1971-01-01,1971-01-01,1971-01-01,,,,485334,0,0,no,no,no,no,,,,
S3969,"SUMANJAI TRADERS",9917647040,HAPUR,"HAPUR",S10230,Y,0,0,0,N,0,448,O,"",,"SHANKAR GANJ GARH ROAD            GALAXY APARTMENT SECTOR-43",,"HARSHIT GARG",,,,,,BPWPG0919J,HAPUR,0,,,,,,0,0,,0,,,,0,1971-01-01,1971-01-01,1971-01-01,,,,245101,0,0,no,no,no,no,,,,
S3973,"SAI PLY & HARDWARE",9835720080,ARA,"ARA",S01386,Y,0,0,0,N,0,219,O,"",,"KHATA NO- 116 KHESRA NO- 279						      ANAITH NEAR BANK COLONY MORE",,"DHARMENDRA KUMAR SHARMA",,,,,,BYRPS3581E,ARA,0,,,bksharma2280@gmail.com,,,0,0,,0,,,,0,1971-01-01,1971-01-01,1971-01-01,,,,802301,0,0,no,no,no,no,,,,
S3979,"SIDDHI VINAYAK TRADERS",8087996177,NAGPUR,"NAGPUR",D02116,Y,0,0,0,N,0,331,O,"",,"HOUSE NO.1307DALMIA CHAMBERS					       OPP-VISHAL SABHAGRUHMANKAPUR",,"PANKAJ  SHIVRATAN DALMIA",,,,,,AAAHP9883J,NAGPUR,0,,,riddhisiddhisales@gmail.com,,,0,0,,0,,,,0,1971-01-01,1971-01-01,1971-01-01,,,,440013,0,0,no,no,no,no,,,,
S3991,"SHIVAM HARDWARE",9979600837,RAJKOT,"RAJKOT",,Y,0,0,0,N,0,332,O,"",,"J K HALL						                          SARDAR PATEL PARK						                 NEAR BAPA SITARAM PETROL PUMP",,"SURESHBHAI VEJAPARA",,,,,,AEHPV5843F,RAJKOT,0,,,shivamhardware66@gmail.com,,,0,0,,0,,,,0,1971-01-01,1971-01-01,1971-01-01,,,,360004,0,0,no,no,no,no,,,,
S3992,"SHIVAAY DECOR",8858104444,PRATAPGARH,"PRATAPGARH",D10346,Y,0,0,0,N,0,447,O,"",,"K.N. HEIGHTS COMPLEX						              VRINDAVAN PALACE						                   SADAR",,"SAGAR GUPTA",8858104444,,,,,BFRPG6283G,PRATAPGARH,0,,,shivaaydecor72@gmail.com,,,0,0,,0,,,,0,1971-01-01,1971-01-01,1971-01-01,,,,230001,0,0,no,no,no,no,,,,
S3993,"SATGURU ENTERPRISES",7999669760,CHHATARPUR,"CHHATARPUR",D02072,Y,0,0,0,N,0,446,D,"",,"01 WARD NO.18						                     SURENDRA VILLAS COLONY ROAD						        INFRONT OF CHATRASAL COLONY",,"",,,,,,EEDPP1580K,CHHATARPUR,0,,,pawanpurshwani9@gmail.com,,,0,0,,0,,,,0,1971-01-01,1971-01-01,1971-01-01,,,,471001,0,0,no,no,no,no,,,,
S3994,"SHREE JIN KUSHAL ENTERPRISES",9414242630,BARMER,"BARMER",D10354,Y,0,0,0,N,0,427,D,"",,"NEAR AIRTEL TOWER						                 CHOHTAN ROAD",,"RAKESH KUMAR",,,,,,AXYPK1313P,BARMER,0,,,hardwareplyhouse@gmail.com,,,0,0,,0,,,,0,1971-01-01,1971-01-01,1971-01-01,,,,344001,0,0,no,no,no,no,,,,
S3996,"SHRI SAI INTERIOR",7209373211,DANAPUR,"DANAPUR",D02015,Y,0,0,0,N,0,219,O,"",,"GROUND FLOOR C/O-KUM KUM DEVI 						    W/O-AJAY KUMAR NAYA TOLA 						         NEAR CIRSO HOSPITALSAGUNA MORE",,"KAUSHAL KISHOR SINGH",,,,,,BHKPS2204Q,DANAPUR,0,,,kaushalkishore8967@gmail.com,,,0,0,,0,,,,0,1971-01-01,1971-01-01,1971-01-01,,,,801503,0,0,no,no,no,no,,,,
S4003,"SAKAT BEHARI SHARAD KUMAR PRIVATE LIMITED",9412291275,BAREILLY,"BAREILLY",S10230,Y,0,0,0,N,0,448,O,"",,"Koharapeer Ninital Road Bareilly",,"Sharad Agarwal",,,,,,ABKCS3691R,BAREILLY,0,,,sakatbehari@gmail.com,,,0,0,,0,,,,0,1971-01-01,1971-01-01,1971-01-01,,,,243003,0,0,no,no,no,no,,,,
S4008,"SHREE SHYAM TRADERS",9336918340,VARANASI,"VARANASI",D10483,Y,0,0,0,N,0,447,D,"",,"FIT 'n' FINE FITNESS CENTER						        A-16/11-A16-1						                      ADAMPURA SUZABAD",,"ALOK AGRAWAL",9336918340,,,,,CMTPA7042K,VARANASI,0,,,shreeshyamplywoodvns@gmail.com,,,0,0,,0,,,,0,1971-01-01,1971-01-01,1971-01-01,,,,221001,0,0,no,no,no,no,,,,
S4009,"SHREESH VENEERS PRIVATE LIMITED",9845300184,BENGALURU,"BENGALURU",D02026,Y,0,0,0,N,0,553,O,"",,"NO 275/8NEW TIMBER YARD LAYOUT         MYSORE ROAD",,"DHANANJAY PODDAR",,,,,,ABCCS8214J,BENGALURU,0,,,shreeshimpex2@yahoo.com,,,0,0,,0,,,,0,1971-01-01,1971-01-01,1971-01-01,,,,560026,0,0,no,no,no,no,,,,
S4010,"SAIN OVERSEAS BUILDWELL PRIVATE LIMITED",7004860721,RANCHI,"RANCHI",D01932,Y,0,0,0,N,0,222,P,"",,"THIRD 3C SARASWATI BLOCK					          SAROJNI ENCLAVE DIPATOLI					           KOKAR RANCHI",,"AJIT KUMAR SINHA",,,,,,ABACS7555E,RANCHI,0,,,ajit@sainoverseas.com,,,0,0,,0,,,,0,1971-01-01,1971-01-01,1971-01-01,,,,834009,0,0,no,no,no,no,,,,
S4013,"SRI AGHORESHWAR SAI DEVELOPERS PRIVATE LIMITED",9534099111,RANCHI,"RANCHI",D02132,Y,0,0,0,N,0,222,P,"",,"SARVESHWARI KHADGARHA LANE					         RATU ROAD",,"AJIT KUMAR SINHA",,,,,,AAICS7299A,RANCHI,0,,,sasdevelopersranchi@gmail.com,,,0,0,,0,,,,0,1971-01-01,1971-01-01,1971-01-01,,,,834001,0,0,no,no,no,no,,,,
S4016,"SHREE HOME DECOR",6201271259,RANCHI,"RANCHI",D02112,Y,0,0,0,N,0,222,D,"",,"KHATA NO.24 PLOT NO.135/B                RADIO STATION ROAD                       STENFORD PUBLIC SCHOOL RATU PIRRA",,"SAURABH KUMAR DUBEY",,,,,,BZAPD9147B,RANCHI,0,,,sauravpirra@gmail.com,,,0,0,,0,,,,0,1971-01-01,1971-01-01,1971-01-01,,,,835222,0,0,no,no,no,no,,,,
S4020,"SURPRISE SANITATION PRIVATE LIMITED",9825987770,KACHCHH,"KACHCHH",,Y,0,0,0,N,0,332,O,"",,"45 JUBLEE COLONY						                 NEAR JUBLEE CIRCLE						                 BHUJ",,"DEEPAK PAREKH",,,,,,AAKCS5619Q,KACHCHH,0,,,thedecordestination@hotmail.com,,,0,0,,0,,,,0,1971-01-01,1971-01-01,1971-01-01,,,,370001,0,0,no,no,no,no,,,,
S4021,"SINGHAL BROTHERS",9825028300,AHMEDABAD,"AHMEDABAD",D02039,Y,0,0,0,N,0,332,O,"",,"4 GANESH ESTATE						                   NR SANAND SARKHEJ RAILWAY CROSSING						 SARKHEJ",,"MANOJ KUMAR AGGARWAL",,,,,,AAGPA0695K,AHMEDABAD,0,,,singhalbros11@rediffmail.com,,,0,0,,0,,,,0,1971-01-01,1971-01-01,1971-01-01,,,,382210,0,0,no,no,no,no,,,,
S4022,"SHRI NATH PLYWOODS & HARDWARE",9024240942,ALWAR,"ALWAR",S10305,Y,0,0,0,N,0,427,D,"",,"SHOP NO GF-1  						                    OLD STATION ROAD",,"SANJAY SAINI",,,,,,CTAPS9422F,ALWAR,0,,,malichirag001@gmail.com,,,0,0,,0,,,,0,1971-01-01,1971-01-01,1971-01-01,,,,301001,0,0,no,no,no,no,,,,
S4025,"SRI SAPTAGIRI ENTERPRISES",9133391666,SRIKAKULAM,"SRIKAKULAM",D02153,Y,0,0,0,N,0,525,D,"",,"FLAT NO : ASSMT NO. 1085006003						     PEDDA BARATAM VEEDHI NEAR OLD BUS STAND SRIKAKULAM DISTRICT ANDHRA PRADESH",,"POGIRI INDUSEKHAR",,,,,,ABKPI6403L,SRIKAKULAM,0,,,srisaptagiri24@gmail.com,,,0,0,,0,,,,0,1971-01-01,1971-01-01,1971-01-01,,,,532001,0,0,no,no,no,no,,,,
S4026,"SHIV SHAKTI TRADERS.",9955755018,PATNA,"PATNA",D02141,Y,0,0,0,N,0,219,O,"",,"NEAR PILAR NO 26 27 PO  KURTHAUL						   NEW ETWARPUR MAIN PATNA						           PS- PARSA BAZAR NEW ETWARPUR",,"ABHISHEK KUMAR",,,,,,LVCPK7534B,PATNA,0,,,shivshaktitraders1803@gmail.com,,,0,0,,0,,,,0,1971-01-01,1971-01-01,1971-01-01,,,,804453,0,0,no,no,no,no,,,,
S4039,"SATYA HARDWARE AND PAINTS",9666294444,AMALAPURAM,"AMALAPURAM",D02047,Y,0,0,0,N,0,525,D,"",,"5-2-131/25E1 BYPASS ROAD GOLLAGUDEM    AMALAPURAM EAST GODAVARI",,"SATYANARAYANA MURTY REPAKA",,,,,,ADAFS9541H,AMALAPURAM,0,,,rsnmurthy4444@gmail.com,,,0,0,,0,,,,0,1971-01-01,1971-01-01,1971-01-01,,,,533201,0,0,no,no,no,no,,,,
S4041,"SHARDINDU VAJPAYEE",9820037339,MUMBAI,"MUMBAI",,Y,0,0,0,N,0,446,P,"",,"CRESCENT BAT 50TH FLOOR FLAT NO.5001		 TOWER-5 JERBAI WADIA ROAD MAHATMA					 PHULE EDUCATION SOCIETY PAREL",,"SHARDINDU VAJPAYEE",,,,,,ABXPV6073C,MUMBAI,0,,,sharadvajpayee1@gmail.com,,,0,0,,0,,,,0,1971-01-01,1971-01-01,1971-01-01,,,,400012,0,0,no,no,no,no,,,,
S4043,"SHREE SHYAM HARDWARE & PLYWOOD",9667450937,CHOMU,"CHOMU",D10366,Y,0,0,0,N,0,427,D,"",,"SHOP NO 34 A 35 A                 SHARMA HOSPITAL KE PASS            JAIPUR ROAD",,"RUDMAL YADAV",,,,,,AHNPY9043R,CHOMU,0,,,kamujadam@gmail.com,,,0,0,,0,,,,0,1971-01-01,1971-01-01,1971-01-01,,,,303702,0,0,no,no,no,no,,,,
S4044,"SHREE ADINATH PLYWOOD AND HARDWARE",9694516162,ALWAR,"ALWAR",S10305,Y,0,0,0,N,0,427,D,"",,"OLD STATION ROAD 						                 C/O MORE COMPOUND 						                OPP GENERAL HOSPITAL",,"RAVINDRA JAIN",,,,,,ABHPJ3861A,ALWAR,0,,,adinath.namo@yahoo.com,,,0,0,,0,,,,0,1971-01-01,1971-01-01,1971-01-01,,,,301001,0,0,no,no,no,no,,,,
S4045,"SWASTIK PLYWOOD AND HARDWARE",9887188414,JHALAWAR,"JHALAWAR",D10441,Y,0,0,0,N,0,427,D,"",,"01 NEAR PASHUPAINATH MANDIR       JHALRAPATAN",,"VIKAS JAIN",,,,,,AHMPT0769Q,JHALAWAR,0,,,sonusharma095@gmail.com,,,0,0,,0,,,,0,1971-01-01,1971-01-01,1971-01-01,,,,326023,0,0,no,no,no,no,,,,
S4046,"SRI KRISHNA DOORS PLYWOOD & LAMINATIONS",9182332173,ELURU,"ELURU",D02078,Y,0,0,0,N,0,525,O,"",,"FLAT NO : 15-2-92 GOPISETTY COMPLEX				 BUTTAYAGUDEM ROAD NEAR ZPP HIGH SCHOOL	 JANGAREDDIGUDEM ELURU DISTRICT AP",,"RAMADEVI PITTALA",,,,,,EXQPP7527G,ELURU,0,,,varunp24312@gmail.com,,,0,0,,0,,,,0,1971-01-01,1971-01-01,1971-01-01,,,,534447,0,0,no,no,no,no,,,,
S4057,"S V R PLY AND DECORS",9010877555,HYDERABAD,"HYDERABAD",D02111,Y,0,0,0,N,0,554,D,"",,"H No 14-1-181 SITARAMPET                MANGALHAT HYDERABAD",,"DASARIRAJU PARVATHI",,,,,,BSBPD0088D,HYDERABAD,0,,,mraju2666@gmail.com,,,0,0,,0,,,,0,1971-01-01,1971-01-01,1971-01-01,,,,500001,0,0,no,no,no,no,,,,
S4060,"SAI DECOR & FURNITURE",7070991355,RANCHI,"RANCHI",D02112,Y,0,0,0,N,0,222,O,"",,"PLOT NO 642 THIRD FLOOR                MIKADO TOWER                             MAIN ROAD",,"MAYA PATIL",,,,,,CTGPM3845N,RANCHI,0,,,saidecorand_furnitureindia@gmail.com,,,0,0,,0,,,,0,1971-01-01,1971-01-01,1971-01-01,,,,834001,0,0,no,no,no,no,,,,
S4061,"SHRI SHYAM PLYWOOD",8218848178,MORADABAD,"MORADABAD",D10396,Y,0,0,0,N,0,448,O,"",,"170A HANUMAN NAGAR LINE PAR       RAILWAY STATION AREA",,"NEETA GIRI",,,,,,ATQPG8672B,MORADABAD,0,,,srishyamplywood10@gmail.com,,,0,0,,0,,,,0,1971-01-01,1971-01-01,1971-01-01,,,,244001,0,0,no,no,no,no,,,,
S4062,"SINGHAL ELECTRIC CO.",9872500895,FARIDKOT,"FARIDKOT",S10209,Y,0,0,0,N,0,454,O,"",,"RAILWAY ROAD                            KOTKAPURA",,"ABHISHEK SINGLA",,,,,,AARFS5996E,FARIDKOT,0,,,abhisheksingla0207@gmail.com,,,0,0,,0,,,,0,1971-01-01,1971-01-01,1971-01-01,,,,151204,0,0,no,no,no,no,,,,
S4064,"SWASH PRODUCTS PRIVATE LIMITED",9755139527,GURUGRAM,"GURUGRAM",S10155,Y,0,0,0,N,0,441,P,"",,"Building No./Flat No.: PLOT NO 57  Name Of Premises/Building: URBAN ESTATE SECTOR 18",,"0",,,,,,ABMCS2892N,GURUGRAM,0,,,mohit.goyal@officebanao.in,,,0,0,,0,,,,0,1971-01-01,1971-01-01,1971-01-01,,,,122007,0,0,no,no,no,no,,,,
S4066,"SHREE PLY LAM",9825569569,NAVSARI,"NAVSARI",S01801,Y,0,0,0,N,0,332,O,"",,"NEAR SUPREME HOTEL                16 KAILASH TOWER SAMROLI         CHIKHLI",,"NIMESH MISTRY",,,,,,BDCPM4898N,NAVSARI,0,,,nimeshnmistry@rediffmail.com,,,0,0,,0,,,,0,1971-01-01,1971-01-01,1971-01-01,,,,396521,0,0,no,no,no,no,,,,
S4068,"SAHU BROTHERS",7007791863,MAHOBA,"MAHOBA",D10360,Y,0,0,0,N,0,447,D,"",,"RAM KATHA MARG                    NARUPURA",,"JEEVAN PRASAD SAHU",,,,,,FXJPS7717D,MAHOBA,0,,,shivamsahu81116@gmail.com,,,0,0,,0,,,,0,1971-01-01,1971-01-01,1971-01-01,,,,210427,0,0,no,no,no,no,,,,
S4084,"SAHA ENTERPRISE",9831570925,KOLKATA,"KOLKATA",D02122,Y,0,0,0,N,0,457,D,"",,"ANANDA PARK RAKSHITER MORE        BORAL 24 PG (S)",,"SAMIRAN SAHA",,,,,,BLSPS6139L,KOLKATA,0,,,saha.info154@gmail.com,,,0,0,,0,,,,0,1971-01-01,1971-01-01,1971-01-01,,,,700154,0,0,no,no,no,no,,,,
S4089,"SREE NAGASIVASAI HARDWARE & NEW WOOD",9052430794,PRODDATUR,"PRODDATUR",S01889,Y,0,0,0,N,0,525,O,"",,"15/240 MYDUKUR ROAD PRODDATUR    YSR DISTRICT KADAPA",,"NARAYANA SWAMY",,,,,,AHJPK1383L,PRODDATUR,0,,,narayanaswamykarumuru@gmail.com,,,0,0,,0,,,,0,1971-01-01,1971-01-01,1971-01-01,,,,516360,0,0,no,no,no,no,,,,
S4093,"SRI R R ASSOCIATES",9490166398,HYDERABAD,"HYDERABAD",D02080,Y,0,0,0,N,0,554,D,"",,"5-6/15 IDA PHASE 11 MUMBAI HIGHWAY       MUTHANGI PATANCHERU                     SANGAREDDY",,"ALLAMPATI MALLIKARJUNAREDDY",,,,,,AEUPA2796P,HYDERABAD,0,,,rrassociateshyds@gmail.com,,,0,0,,0,,,,0,1971-01-01,1971-01-01,1971-01-01,,,,502300,0,0,no,no,no,no,,,,
S4095,"SHIVA BALAJI TRADERS",9642157888,HYDERABAD,"HYDERABAD",D02080,Y,0,0,0,N,0,554,O,"",,"PLOT NO.C1-3 INDRESHAM ROAD      PARVATHIPURAM COLONY Indresham   Hyderabad Sangareddy",,"NARESH NAIDU POLINA",,,,,,AEWFS4682Q,HYDERABAD,0,,,traders.shivabalaji@gmail.com,,,0,0,,0,,,,0,1971-01-01,1971-01-01,1971-01-01,,,,502319,0,0,no,no,no,no,,,,
S4096,"SHREE ASHAPURA TIMBER MART",9820805098,MUMBAI,"MUMBAI",S01430,Y,0,0,0,N,0,331,O,"",,"47 NEW NAGARDAS ROAD                NEAR ANDHERI SUBWAY                 ANDHER EAST",,"DAYARAM PATEL",,,,,,AABFS2808P,MUMBAI,0,,,ashatimb@gmail.com,,,0,0,,0,,,,0,1971-01-01,1971-01-01,1971-01-01,,,,400069,0,0,no,no,no,no,,,,
S4104,"7SPECIES",8955957995,SURAT,"SURAT",S01801,Y,0,0,0,N,0,332,O,"",,"SHOP NO 4 MADHAV BAUG SOCIETY     GANDHI KUTIR                      TOWARDS PANDESARA ROAD",,"SOURABH KOTHARI",,,,,,ERJPK2827M,SURAT,0,,,info@7species.in,,,0,0,,0,,,,0,1971-01-01,1971-01-01,1971-01-01,,,,395007,0,0,no,no,no,no,,,,
S4114,"SHARMA ALUMINIUM FURNITURE",9430100486,GUMLA,"GUMLA",D02184,Y,0,0,0,N,0,222,O,"",,"MISSION CHAWK                       SHARMA ALUMINIUM FURNITURE DUNDURIA LOHARDAGA ROAD",,"GAUTAM SHARMA",,,,,,GDWPS2268M,GUMLA,0,,,sharmagautamagumla@gmail.com,,,0,0,,0,,,,0,1971-01-01,1971-01-01,1971-01-01,,,,835207,0,0,no,no,no,no,,,,
S4119,"SAAJ CASA",8709366794,JALANDHAR CITY,"JALANDHAR CITY",S01386;S01386,Y,0,0,0,N,0,454,D,"",,"GROUND FLOOR RG SUPER MARKET            RG COMPLEX OPPOSITE VISHNU VIHAR COLONY  GOLA ROAD  BANK OF INDIA",,"PARITOSH PRABHAKAR",,,,,,CXGPP0743L,JALANDHAR CITY,0,,,saajcasa@gmail.com,,,0,0,,0,,,,0,1971-01-01,1971-01-01,1971-01-01,,,,801503,0,0,no,no,no,no,,,,
S4119,"SAAJ CASA",8709366794,PATNA,"PATNA",S01386;S01386,Y,0,0,0,N,0,454,D,"",,"GROUND FLOOR RG SUPER MARKET            RG COMPLEX OPPOSITE VISHNU VIHAR COLONY  GOLA ROAD  BANK OF INDIA",,"PARITOSH PRABHAKAR",,,,,,CXGPP0743L,JALANDHAR CITY,0,,,saajcasa@gmail.com,,,0,0,,0,,,,0,1971-01-01,1971-01-01,1971-01-01,,,,801503,0,0,no,no,no,no,,,,
S4122,"SHREE GURU PLYWOOD",8800441949,LAKHIMPUR,"LAKHIMPUR",D10519,Y,0,0,0,N,0,215,D,"",,"BEHIND IDBI BANK NEAR METRO PILLER NO 52 MG ROAD VILLAGE SIKENDEROUR",,"MAYANK AGARWAL",,,,,,AVMPA5873C,LAKHIMPUR,0,,,shreeguruolywood@gmail.com,,,0,0,,0,,,,0,1971-01-01,1971-01-01,1971-01-01,,,,122002,0,0,no,no,no,no,,,,
S4123,"SREE SURYA DOORS",9989955659,DAHOD,"DAHOD",S01889,Y,0,0,0,N,0,332,D,"",,"GROUND FLOOR FLAT NO : 13-1-132/1 OPP : GOVT HOSPITAL MAIN ROAD    SRI SAI SUDHA MEDICALS GUTLA VEEDHI",,"GUTHURTHI INDIRAKUMARI",,,,,,DKRPG9588K,DAHOD,0,,,gpvenkatesh999@mail.com,,,0,0,,0,,,,0,1971-01-01,1971-01-01,1971-01-01,,,,533450,0,0,no,no,no,no,,,,
S4126,"SHIVOHAM INTERIOIR PRIVATE LIMITED",9080034587,Chennai,"CHENNAI",D02204,Y,0,0,0,N,0,551,O,"",,"FLAT NO51-BMOUNT POONAMALLEE ROAD SAINT THOMAS MOUNT",,"THOMAS MICHEAL",,,,,,ABKCS9101J,CHENNAI,0,,,thomas@shivohaminterior.com,,,0,0,,0,,,,0,1971-01-01,1971-01-01,1971-01-01,,,,600016,0,0,no,no,no,no,,,,
S4127,"SHRI KRISHNA MARBLE & SANITATION",9888215253,TARN TARAN,"TARN TARAN",D10436,Y,0,0,0,N,0,454,O,"",,"AMRITSAR ROAD",,"HARSH KUMAR",,,,,,ACYFS4284N,TARN TARAN,0,,,puneetgpt299@gmail.com,,,0,0,,0,,,,0,1971-01-01,1971-01-01,1971-01-01,,,,143401,0,0,no,no,no,no,,,,
S4128,"SHREE RADHIKA TIMBER AND PLYWOOD SUPPLIERS",9996557573,ELLENABAD,"ELLENABAD",S10239,Y,0,0,0,N,0,443,O,"",,"NEAR SARASWATI SCHOOL             OPP.GOVT.ANIMAL HOSPITALMAMERAN ROAD",,"MANOJ KUMAR",,,,,,EHRPK1063D,ELLENABAD,0,,,manojsaini006@gmail.com,,,0,0,,0,,,,0,1971-01-01,1971-01-01,1971-01-01,,,,125102,0,0,no,no,no,no,,,,
S4134,"SWASTIK WOOD WORLD",9963110922,VIJAYAWADA,"VIJAYAWADA",D02075,Y,0,0,0,N,0,525,O,"",,"76-16-60D/12 URMILA SUBBA RAO NAGAR     SAMSKRUTHI FUNCTION HALL ROAD            BHAVANIPURAM",,"JATIN KUMAR BENANI",,,,,,AEPFS4331B,VIJAYAWADA,0,,,swastikwordworld.vjd@gmail.com,,,0,0,,0,,,,0,1971-01-01,1971-01-01,1971-01-01,,,,520012,0,0,no,no,no,no,,,,
S4135,"SHREE WOODS AND INTERIO",9691068877,RAIPUR,"RAIPUR",D10447,Y,0,0,0,N,0,420,D,"",,"SHOP NO.3 HI-TECH TOWER AGRASEN CHOWK OPP DESHBANDU PRESS",,"SAKET SINGH BAGHEL",,,,,,ACSFS5454J,RAIPUR,0,,,shreewoodsinterio@gmail.com,,,0,0,,0,,,,0,1971-01-01,1971-01-01,1971-01-01,,,,492001,0,0,no,no,no,no,,,,
S4137,"S K V PLY & HARDWARE",8797296563,HAZARIBAGH,"HAZARIBAGH",D02176,Y,0,0,0,N,0,219,O,"",,"NH33 NEAR NIRMAL MAHTO PARK             DIPUGARHA",,"KRISHNA KUMAR MEHTA",,,,,,CXDPM8801P,HAZARIBAGH,0,,,vikasraj902@gmail.com,,,0,0,,0,,,,0,1971-01-01,1971-01-01,1971-01-01,,,,825301,0,0,no,no,no,no,,,,
S4139,"SRI SHAKAMBHARI DECOR & DEIGNS",7799000027,HYDERABAD,"HYDERABAD",D02080,Y,0,0,0,N,0,554,O,"",,"Flat No: 5-5-212/5/8 PATEL NAGAR        DARUS SALAM STREET NUMBER 1              NAMPALLY HYDERABAD",,"NANAG RAM GOYL",,,,,,AGIPA3200E,HYDERABAD,0,,,ssddhyd@gmail.com,,,0,0,,0,,,,0,1971-01-01,1971-01-01,1971-01-01,,,,500001,0,0,no,no,no,no,,,,
S4141,"SATYANAM MARKETING",9879509443,SURAT,"SURAT",S01801,Y,0,0,0,N,0,332,O,"",,"PLOT NO 1-2 MAHALAXMI IND SOCIETY - 2  NR SUPREME LAMINATIONS            120 FT ROAD",,"SHAILESH PATEL",,,,,,ABSFS1351B,SURAT,0,,,satyanamsurat@gmail.com,,,0,0,,0,,,,0,1971-01-01,1971-01-01,1971-01-01,,,,394210,0,0,no,no,no,no,,,,
S488,"SEHGAL GLASS CO.",,KARNAL(HARYANA),"KARNAL(HARYANA)",,Y,0,,0,N,0,,O,"",,"SADAR BAZAR OPP DAYALPURA GATE",,"",,,,,,,KARNAL(HARYANA),0,,,,,,0,0,,0,,,,0,0000-00-00,0000-00-00,0000-00-00,,,,,0,0,,no,,no,,,,
S548,"SRI SRINIVASA GLASS & PLYWOODS.",,Bangalore,"BANGALORE",,Y,1000000,60,0,N,0,553,O,"",,"NO:4903RD STAGE3RD BLOCK8TH MAINBASAVESWARANAGAR",,"",,,,,,,BANGALORE,0,,,harsha.reddy78@yahoo.com,,,0,0,,0,,,,0,0000-00-00,0000-00-00,0000-00-00,,,,560079,0,0,,no,,no,,,,
S552,"SUPERINTENDENT OF TAXES",,JALANDHUR CITY,"JALANDHUR CITY",,Y,0,,0,N,0,,O,"",,"ALI MOHALLA PULI G.T.ROAD",,"",,,,,,,JALANDHUR CITY,0,,,,,,0,0,,0,,,,0,0000-00-00,0000-00-00,0000-00-00,,,,,0,0,,no,,no,,,,
S588,"SHRESID INTERIOR PVT.LTD.",,NOIDA (U.P.),"NOIDA (U.P.)",,Y,0,,0,N,0,,O,"",,"D-149-153 PHASE -II EXT",,"",,,,,,,NOIDA (U.P.),0,,,,,,0,0,,0,,,,0,0000-00-00,0000-00-00,0000-00-00,,,,,0,0,,no,,no,,,,
S676,"SARAT DUTTA (ASSAM)",,KANPUR,"KANPUR",,Y,0,,0,N,0,,O,"",,"111-A/418ASHOK NAGAR KANPUR-208012.(U.P.) CST NO:KR-5553710 DT.24.10.2000",,"",,,,,,,KANPUR,0,,,,,,0,0,,0,,,,0,0000-00-00,0000-00-00,0000-00-00,,,,,0,0,,no,,no,,,,
S707,"SHREE MAHABIR UDYOG",,ALLAHABAD (U.P.),"ALLAHABAD (U.P.)",,Y,0,,0,N,0,,O,"",,"189/199TILAK ROAD BANS MANDI",,"",,,,,,,ALLAHABAD (U.P.),0,,,,,,0,0,,0,,,,0,0000-00-00,0000-00-00,0000-00-00,,,,,0,0,,no,,no,,,,
S717,"SAURASHTRA PLYWOOD AGENCIES",,DEHRADUN,"DEHRADUN",,Y,0,,0,N,0,,O,"",,"DISPENSARY ROAD",,"",,,,,,,DEHRADUN,0,,,,,,0,0,,0,,,,0,0000-00-00,0000-00-00,0000-00-00,,,,,0,0,,no,,no,,,,
S781,"SAFIULLAH",,BARODA,"BARODA",,Y,0,,0,N,0,,O,"",,"SURAT HIGHWAY BARODA. GUJARAT",,"",,,,,,,BARODA,0,,,,,,0,0,,0,,,,0,0000-00-00,0000-00-00,0000-00-00,,,,,0,0,,no,,no,,,,
S789,"S PHUKAN",,,"",,Y,0,,0,N,0,,O,"",,"",,"",,,,,,,,0,,,,,,0,0,,0,,,,0,0000-00-00,0000-00-00,0000-00-00,,,,,0,0,,no,,no,,,,
S789,"S PHUKAN",,NULL,"NULL",,Y,0,,0,N,0,,O,"",,"",,"",,,,,,,,0,,,,,,0,0,,0,,,,0,0000-00-00,0000-00-00,0000-00-00,,,,,0,0,,no,,no,,,,
S814,"SARDA SURGICAL",,BHILWARA(RAJ),"BHILWARA(RAJ)",,Y,0,,0,N,0,,O,"",,"BHILWARA",,"",,,,,,,BHILWARA(RAJ),0,,,,,,0,0,,0,,,,0,0000-00-00,0000-00-00,0000-00-00,,,,,0,0,,no,,no,,,,
S822,"SIWNATH SHARMA",,,"",,Y,0,,0,N,0,,O,"",,"VILL. JORIAN BEHIND CHANDERPUR WORKS YAMUNA NAGAR-135001 (HR)",,"",,,,,,,,0,,,,,,0,0,,0,,,,0,0000-00-00,0000-00-00,0000-00-00,,,,,0,0,,no,,no,,,,
S836,"SANTOSH TIMBER TRADING CO.",,NEW DELHI,"NEW DELHI",,Y,0,,0,N,0,,O,"",,"A-1 W H S TIMER BLOCK KIRTI NAGAR",,"",,,,,,,NEW DELHI,0,,,,,,0,0,,0,,,,0,0000-00-00,0000-00-00,0000-00-00,,,,,0,0,,no,,no,,,,
S838,"SUJAN TIMBER TRADERS PVT LTD",9810010564,NEW DELHI,"NEW DELHI",S10244;S10042,Y,0,0,0,N,0,441,D,"",,"E-24 KHAN PUR EXTENTION                 DEVLI ROAD                               NEW DELHI",,"HITESH ARORA",,,,,,AAGCS2980Q,DELHI,0,,,sujantimber.pvt@gmail.com,,,0,0,,0,,,,0,1971-01-01,1971-01-01,1971-01-01,,,,110062,0,0,no,no,no,no,,,,
S838,"SUJAN TIMBER TRADERS PVT LTD",9810010564,DELHI,"DELHI",S10244;S10042,Y,0,0,0,N,0,441,D,"",,"E-24 KHAN PUR EXTENTION                 DEVLI ROAD                               NEW DELHI",,"HITESH ARORA",,,,,,AAGCS2980Q,DELHI,0,,,sujantimber.pvt@gmail.com,,,0,0,,0,,,,0,1971-01-01,1971-01-01,1971-01-01,,,,110062,0,0,no,no,no,no,,,,
S882,"SHAH JASHVANTILAL AMRATLAL",,,"",,Y,0,,0,N,0,,O,"",,"",,"",,,,,,,,0,,,,,,0,0,,0,,,,0,0000-00-00,0000-00-00,0000-00-00,,,,,0,0,,no,,no,,,,
S884,"S P DUTTA & CO",,,"",,Y,0,,0,N,0,,O,"",,"",,"",,,,,,,,0,,,,,,0,0,,0,,,,0,0000-00-00,0000-00-00,0000-00-00,,,,,0,0,,no,,no,,,,
S901,"S P TRADING COMPANY",,ZAKGAM,"ZAKGAM",,Y,0,,0,N,0,,O,"",,"INDUSTRIAL AREA ZAKGAM.",,"",,,,,,,ZAKGAM,0,,,,,,0,0,,0,,,,0,0000-00-00,0000-00-00,0000-00-00,,,,,0,0,,no,,no,,,,
S908,"S.S.SALES",0,KOLKATA,"KOLKATA",S01657;D02002,Y,0,0,0,N,0,457,O,"",,"84B C.R. AVENUE KOLKATA - 12",,"0",,,,,,0,KOLKATA,0,,,0,,,0,0,,0,,,,0,0000-00-00,0000-00-00,0000-00-00,,,,700012,0,0,,no,,no,,,,
S921,"SIMPLEX CONCRETE PILES (INDIA) LTD",,,"",,Y,0,,0,N,0,,O,"",,"",,"",,,,,,,,0,,,,,,0,0,,0,,,,0,0000-00-00,0000-00-00,0000-00-00,,,,,0,0,,no,,no,,,,
S935,"SURYA VIJYA SAW MILLS",9810120652,NEW DELHI,"NEW DELHI",S10042;S10042,Y,0,0,0,N,0,441,D,"",,"1/43 W. H. S TIMBER BLOCK                KIRTI NAGAR                              NEW DELHI",,"",,,,,,AABFS3482P,DELHI,0,,,svsm_143@yahoo.com,,,0,0,,0,,,,0,1971-01-01,1971-01-01,1971-01-01,,,,110015,0,0,no,no,no,no,,,,
S935,"SURYA VIJYA SAW MILLS",9810120652,DELHI,"DELHI",S10042;S10042,Y,0,0,0,N,0,441,D,"",,"1/43 W. H. S TIMBER BLOCK                KIRTI NAGAR                              NEW DELHI",,"",,,,,,AABFS3482P,DELHI,0,,,svsm_143@yahoo.com,,,0,0,,0,,,,0,1971-01-01,1971-01-01,1971-01-01,,,,110015,0,0,no,no,no,no,,,,
S936,"SURYA VIJAY SAW MILL & COMPANY",9810120651,NEW DELHI,"NEW DELHI",S10152;S10042;S10042,Y,0,0,0,N,0,441,D,"",,"1/7 D B GUPTA ROAD                       PAHARGANJ                                NEW DELHI",,"DAYARAM PATEL",,,,,,AAEPR4156J,DELHI,0,,,suryavijaysawmill@gmail.com,,,0,0,,0,,,,0,1971-01-01,1971-01-01,1971-01-01,,,,110055,0,0,no,no,no,no,,,,
S936,"SURYA VIJAY SAW MILL & COMPANY",9810120651,DELHI,"DELHI",S10152;S10042;S10042,Y,0,0,0,N,0,441,D,"",,"1/7 D B GUPTA ROAD                       PAHARGANJ                                NEW DELHI",,"DAYARAM PATEL",,,,,,AAEPR4156J,DELHI,0,,,suryavijaysawmill@gmail.com,,,0,0,,0,,,,0,1971-01-01,1971-01-01,1971-01-01,,,,110055,0,0,no,no,no,no,,,,
S940,"S.S.GLASS HOUSE",9312836052,EAST DELHI,"EAST DELHI",S10152,Y,0,30,0,N,0,441,O,"",,"18 MAHILA COLONY GANDHI NAGAR India",,"RAKESH KUMAR",,,,,,AAIPK1662J,EAST DELHI,0,,,ssglasshouse@gmail.com,,,0,0,,0,,,,0,0000-00-00,0000-00-00,0000-00-00,,,,110031,0,0,no,no,,no,,,,
S960,"SINGH TRADERS",9855150291,PATIALA,"PATIALA",,Y,3000000,45,0,N,0,454,D,"",,"SADAR BAZAR",,"BHUPINDER SINGHBHUPINDER SINGH",,,,,,ABZFS0192H,PATIALA,0,,,mohinder.jaggi09@gmail.com,,,0,0,,0,,,,0,0000-00-00,0000-00-00,0000-00-00,,,,147001,0,0,,no,,no,,,,
S963,"SHIV SHAKTI MACHINERY STORE",,HASANPUR,"HASANPUR",,Y,0,,0,N,0,,O,"",,"",,"",,,,,,,HASANPUR,0,,,,,,0,0,,0,,,,0,0000-00-00,0000-00-00,0000-00-00,,,,,0,0,,no,,no,,,,
S984,"S K GOEAL",,TINSUKIA,"TINSUKIA",,Y,0,,0,N,0,,O,"",,"TINSUKIA  ASSAM",,"",,,,,,,TINSUKIA,0,,,,,,0,0,,0,,,,0,0000-00-00,0000-00-00,0000-00-00,,,,,0,0,,no,,no,,,,
SB06,"SHREE BALAJI DEPARTMENTAL STORE",,DELHI,"DELHI",,Y,0,,0,N,0,,O,"",,"D-14/60 SECTOR - 7 ROHINI",,"",,,,,,.,DELHI,0,,,,,,0,0,,0,,,,0,0000-00-00,0000-00-00,0000-00-00,,,,,0,0,,no,,no,,,,
SP62,"S.P. DIWEDI",,,"",,Y,0,,0,N,0,,O,"",,"NEW DELHI",,"",,,,,,,,0,,,,,,0,0,,0,,,,0,0000-00-00,0000-00-00,0000-00-00,,,,,0,0,,no,,no,,,,
SP63,"SUMAN PRATAP SINGH",,,"",,Y,0,,0,N,0,,O,"",,"NEW DELHI",,"",,,,,,,,0,,,,,,0,0,,0,,,,0,0000-00-00,0000-00-00,0000-00-00,,,,,0,0,,no,,no,,,,
SP64,"SHRITHI PLYWOOD",,RAIPUR-CHATTISGARH,"RAIPUR-CHATTISGARH",,Y,0,,0,N,0,,O,"",,"RAIPUR CHHATTISGARH",,"",,,,,,,RAIPUR-CHATTISGARH,0,,,,,,0,0,,0,,,,0,0000-00-00,0000-00-00,0000-00-00,,,,,0,0,,no,,no,,,,
T0024,"THE SECRETARY B.W.C.S ALKA LTD.",,,"",,Y,0,,0,N,0,,O,"",,"MARKET BUILDING BHUBANESWAR ORISSA",,"",,,,,,,,0,,,,,,0,0,,0,,,,0,0000-00-00,0000-00-00,0000-00-00,,,,,0,0,,no,,no,,,,
T0024,"THE SECRETARY B.W.C.S ALKA LTD.",,NULL,"NULL",,Y,0,,0,N,0,,O,"",,"MARKET BUILDING BHUBANESWAR ORISSA",,"",,,,,,,,0,,,,,,0,0,,0,,,,0,0000-00-00,0000-00-00,0000-00-00,,,,,0,0,,no,,no,,,,
T049,"TEAK HOUSE",,JALANDHAR CITY(PUNJA,"JALANDHAR CITY(PUNJA",,Y,0,,0,N,0,,O,"",,"HOSHIARPUR ROAD",,"",,,,,,,JALANDHAR CITY(PUNJA,0,,,,,,0,0,,0,,,,0,0000-00-00,0000-00-00,0000-00-00,,,,,0,0,,no,,no,,,,
T1010,"TARA GLASS HOUSE",9835080814,PATNA,"PATNA",,Y,500000,30,0,N,0,219,D,"",,"RAJIV NAGAR ROAD NO-8KESHRI NAGAR",,"NARENDRA SINGH",,,,,,BLDPS2351F,PATNA,0,,,narendra.tara.9835@gmail.com,,,0,0,,0,,,,0,0000-00-00,0000-00-00,0000-00-00,,,,800024,0,0,,no,,no,,,,
T1015,"TODAY HOTEL NEWDELHI (P) LTD.",,NEW DELHI,"NEW DELHI",,Y,0,,0,N,0,,O,"",,"STATEMENT HOUSE16 FLOOR BARAKHAMBA ROAD",,"",,,,,,,NEW DELHI,0,,,,,,0,0,,0,,,,0,0000-00-00,0000-00-00,0000-00-00,,,,,0,0,,no,,no,,,,
T1024,"T K ENTERPRISE",,,"",,Y,0,,0,N,0,,O,"",,"BHUBANESWAR",,"",,,,,,,,0,,,,,,0,0,,0,,,,0,0000-00-00,0000-00-00,0000-00-00,,,,,0,0,,no,,no,,,,
T1024,"T K ENTERPRISE",,NULL,"NULL",,Y,0,,0,N,0,,O,"",,"BHUBANESWAR",,"",,,,,,,,0,,,,,,0,0,,0,,,,0,0000-00-00,0000-00-00,0000-00-00,,,,,0,0,,no,,no,,,,
T1034,"TAKSHIKA INTERIOR PVT LTD",9560691004,GURGAON,"GURGAON",,Y,0,0,0,N,0,,O,"",,"PLOT NO.154SECTOR-4 TMTMANESAR",,"",,,,,,,GURGAON,0,,,ajay@takshaka.com,,,0,0,,0,,,,0,0000-00-00,0000-00-00,0000-00-00,,,,,0,0,,no,,no,,,,
T1035,"TIME & TONE (PUNJAB)",,PUNJAB,"PUNJAB",,Y,0,,0,N,0,,O,"",,"",,"",,,,,,,PUNJAB,0,,,,,,0,0,,0,,,,0,0000-00-00,0000-00-00,0000-00-00,,,,,0,0,,no,,no,,,,
T1048,"TAN SINGH CHOUHAN",,BARMER,"BARMER",,Y,0,0,0,N,0,,O,"",,"KRASHI MANDI ROAD GANDHI NAGAR",,"TAN SINGH CHOUHAN",,,,,,ABZPC2737N,BARMER,0,,,apc.jodhpur@gmail.com,,,0,0,,0,,,,0,0000-00-00,0000-00-00,0000-00-00,,,,,0,0,,no,,no,,,,
T1049,"THE ASSOCIATED CHAMBERS OF COMMERCE",,DELHI,"DELHI",,Y,0,,0,N,0,,O,"",,"1 COMMUNITY CENTRE ZAMRUDPUR KAILASH COLONY",,"",,,,,,,DELHI,0,,,,,,0,0,,0,,,,0,0000-00-00,0000-00-00,0000-00-00,,,,,0,0,,no,,no,,,,
T1050,"T G LEISURE & RESORTS PVT LTD",,NEW DELHI,"NEW DELHI",,Y,0,,0,N,0,,O,"",,"CHATTARPUR  HILLS MEHRAULI",,"",,,,,,,NEW DELHI,0,,,,,,0,0,,0,,,,0,0000-00-00,0000-00-00,0000-00-00,,,,,0,0,,no,,no,,,,
T1065,"TANISHAA TRADING CO",,BHUBANESWAR,"BHUBANESWAR",,Y,0,,0,N,0,,O,"",,"11 ACHARYA VIHAR BHUBANESWAR",,"",,,,,,,BHUBANESWAR,0,,,,,,0,0,,0,,,,0,0000-00-00,0000-00-00,0000-00-00,,,,,0,0,,no,,no,,,,
T1066,"ANNAPURNA TRADING",9434665973,BURDWAN,"BURDWAN",,Y,400000,45,86814,N,0,,D,"",,"MEHEDI BAGAN NEAR STATION BAZAR",,"KANCHAN RUJ",,,,,,AVKPR0682C,BURDWAN,0,,,annapurnatrading14@gmail.com,,,0,0,,0,,,,0,0000-00-00,0000-00-00,0000-00-00,,,,,0,0,,no,,no,,,,
T1068,"TANVEE HOUSING DEVELOPMENT PVT LTD",,DURGAPUR,"DURGAPUR",,Y,1500000,30,0,N,0,,O,"",,"9 PUNJABI GALI SUBHAS PALLY BENACHITI",,"",,,,,,,DURGAPUR,0,,,,,,0,0,,0,,,,0,0000-00-00,0000-00-00,0000-00-00,,,,,0,0,,no,,no,,,,
T1069,"THE RANGE OFFICER",,JEYPORE,"JEYPORE",,Y,0,,0,N,0,,O,"",,"JEYPORE FOREST RANGE P.O. JEYPORE DIST DIBRUGARH ASSAM",,"",,,,,,,JEYPORE,0,,,,,,0,0,,0,,,,0,0000-00-00,0000-00-00,0000-00-00,,,,,0,0,,no,,no,,,,
T1071,"TRENDZ",,NOIDA,"NOIDA",,Y,0,,0,N,0,,P,"",,"MAIN ROADSECTOR-52 VILLAGE:-HOSHIYARPUR",,"",,,,,,,NOIDA,0,,,,,,0,0,,0,,,,0,0000-00-00,0000-00-00,0000-00-00,,,,,0,0,,no,,no,,,,
T1075,"THULASI INTERIORS",,MUMBAI,"MUMBAI",,Y,1000000,45,0,N,0,331,O,"",,"A2 LAXMI WADICHENDANI KOLIWAMEETH BUNDER ROAD.OPP.RIZVI PLTHANE(EAST)",,"",,,,,,,MUMBAI,0,,,,,,0,0,,0,,,,0,0000-00-00,0000-00-00,0000-00-00,,,,400063,0,0,,no,,no,,,,
T1076,"TM TECHNIQUE & COMFORT INDIA PVT LTD",,KOLKATA,"KOLKATA",,Y,0,0,182284,N,0,,O,"",,"2/102A SREE COLONY REGENT ESTATE",,"",,,,,,,KOLKATA,0,,,,,,0,0,,0,,,,0,0000-00-00,0000-00-00,0000-00-00,,,,,0,0,,no,,no,,,,
T1078,"TAYAL TIMBER & PLYWOOD STORE",9897059737,BULAND SHAHAR,"BULAND SHAHAR",,Y,1500000,45,285430,N,0,,D,"",,"KABARI BAZAR KHURJA",,"ASHISH TAYAL",,,,,,ADSPT1514B,BULAND SHAHAR,0,,,manoj.kumar603@gmail.com,,,0,0,,0,,,,0,0000-00-00,0000-00-00,0000-00-00,,,,,0,0,,no,,no,,,,
T1081,"THE UPPAL",,NEW DELHI,"NEW DELHI",,Y,0,,0,N,0,,O,"",,"NATIONAL HIGHWAY-8 NEAR IGI AIRPORT",,"",,,,,,,NEW DELHI,0,,,,,,0,0,,0,,,,0,0000-00-00,0000-00-00,0000-00-00,,,,,0,0,,no,,no,,,,
T1093,"TRIVENI ENTERPRISES",,KOTA (RAJ),"KOTA (RAJ)",,Y,0,0,0,N,0,,D,"",,"A-473INDRA VIHAR",,"",,,,,,,KOTA (RAJ),0,,,swpkota@gmail.com,,,0,0,,0,,,,0,0000-00-00,0000-00-00,0000-00-00,,,,,0,0,,no,,no,,,,
T1097,"TAMMANA ENTERPRISES",9573691616,RAJAHMUNDRY,"RAJAHMUNDRY",D02078,Y,0,0,0,N,0,525,O,"",,"D NO : 10-7-22/1 RANGREEJ PETA          RAJAMAHENDRAVARAM EAST GODAVARI",,"T NAGARAJU",,,,,,AACFT7562N,RAJAHMUNDRY,0,,,tammanaenterprisesrjy@gmail.com,,,0,0,,0,,,,0,1971-01-01,1971-01-01,1971-01-01,,,,533101,0,0,no,no,no,no,,,,
T1098,"TRIMURTHY GLASS & PLYWOODS",,Bangalore,"BANGALORE",,Y,200000,60,0,N,0,553,D,"",,"#596/597 AVENUE ROAD",,"VIJAYA KUMAR.O.S",22204048,,,,,,BANGALORE,0,,,,,,0,0,,0,,,,0,0000-00-00,0000-00-00,0000-00-00,,,,560002,0,0,,no,,no,,,,
T1105,"THAKUR DASS & SONS",9415101173,LUCKNOW,"LUCKNOW",,Y,0,,0,N,0,,O,"",,"102/11RAJRANI COMPLEX SHIVAJI MARG HEWETT ROAD",,"",,,,,,AAXPN4572D,LUCKNOW,0,,,,,,0,0,,0,,,,0,0000-00-00,0000-00-00,0000-00-00,,,,,0,0,,no,,no,,,,
T1110,"TARA CHAND KUKREJA TIMBERS PVT LTD",9810140310,NEW DELHI,"NEW DELHI",S10223,Y,500000,15,0,N,0,441,D,"",,"824 TEMPLE ROAD BHOGAL",,"CHETAN KUKREJA",,,,,,AADCT7889C,SOUTH DELHI,0,,,sales.tektimbers@gmail.com,,,0,0,,0,,,,0,0000-00-00,0000-00-00,0000-00-00,,,,110014,0,0,,,,,,,,
T1110,"TARA CHAND KUKREJA TIMBERS PVT LTD",9810140310,SOUTH DELHI,"SOUTH DELHI",S10223,Y,500000,15,0,N,0,441,D,"",,"824 TEMPLE ROAD BHOGAL",,"CHETAN KUKREJA",,,,,,AADCT7889C,SOUTH DELHI,0,,,sales.tektimbers@gmail.com,,,0,0,,0,,,,0,0000-00-00,0000-00-00,0000-00-00,,,,110014,0,0,,,,,,,,
T1126,"THE PLY POINT",9825204867,Bhavnagar,"BHAVNAGAR",S01801;D02039,Y,0,0,0,N,0,332,D,"",,"SHOP G-1 PLOT NO.213/A                 SHRI VALLABH FLAT/COMPLEX               ATABHAI ROAD",,"DARSSHAK THAKKER",9825206599,,,,,AAFPT9484L,BHAVNAGAR,0,,,plypointbhavnagar@gmail.com,,,0,0,,0,,,,0,0000-00-00,0000-00-00,0000-00-00,,,,364002,0,0,,,,,,,,
T1133,"TALWAR PLYWOOD CO",,NEW DELHI,"NEW DELHI",S10008,Y,0,0,0,N,0,441,P,"",,"1/121 WHS KIRTI NAGAR",,"",,,,,,,NEW DELHI,0,,,,,,0,0,,0,,,,0,0000-00-00,0000-00-00,0000-00-00,,,,110015,0,0,no,no,,no,,,,
T1134,"TIRTH PLYLAM",9427666926,SURENDRANAGAR,"SURENDRANAGAR",,Y,500000,30,0,N,0,332,D,"",,"50 NEW SARVODAY SOCIETYNEAR CHHABILA HAMUMAN TEMPLE",,"NIRAV CHUDGAR",223926,,,,,ARTPC2833K,SURENDRANAGAR,0,,,tirthplylam@gmail.com,,,0,0,,0,,,,0,0000-00-00,0000-00-00,0000-00-00,,,,363001,0,0,,no,,no,,,,
T1143,"TDI INFRASTRUCTURE LTD.",09811218288,SONIPAT,"SONIPAT",S10008,Y,0,0,0,N,0,441,P,"",,"SONIPAT SUNGHU BORDERKARNAL ROAD CHETAK LOGISTIC BUILDING",,"",,,,,,AAACI5799P,SONIPAT,0,,,sk.srivastava@tdiinfracorp.com,,,0,0,,0,,,,0,0000-00-00,0000-00-00,0000-00-00,,,,131001,0,0,no,no,,no,,,,
T1147,"TRIMURTI INDUSTRIES (P) LTD.",,RUDRAPUR,"RUDRAPUR",,Y,1000000,0,0,N,0,,O,"",,"37/3BHURARANI ROAD U.S.NAGAR India",,"",,,,,,AAACT4586H,RUDRAPUR,0,,,info@trimurtiplywood.com,,,0,0,,0,,,,0,0000-00-00,0000-00-00,0000-00-00,,,,,0,0,,no,,no,,,,
T1152,"TIRUPATI ENTERPRIES",9334334732,PATNA,"PATNA",,Y,0,30,0,N,0,219,D,"",,"PARK ROAD KADAM KUANIndia",,"VIJAT PRASAD",,,,,,AQOPK4083F,PATNA,0,,,,,,0,0,,0,,,,0,0000-00-00,0000-00-00,0000-00-00,,,,800008,0,0,,no,,no,,,,
T1154,"THAR INTERIORS",9620550518,Bangalore,"BANGALORE",S01405,Y,0,0,0,N,0,553,O,"",,"287B 3RD FLOOR ABOVE PIZZA HUTRAJARAJESHWARI NAGAR",,"",,,,,,,BANGALORE,0,,,,,,0,0,,0,,,,0,0000-00-00,0000-00-00,0000-00-00,,,,560098,0,0,,no,,no,,,,
T116,"TRISHAKTI ENGINEERING (P) LTD",,,"",,Y,0,,0,N,0,,O,"",,"POLISH LINE BALASORE",,"",,,,,,,,0,,,,,,0,0,,0,,,,0,0000-00-00,0000-00-00,0000-00-00,,,,,0,0,,no,,no,,,,
T116,"TRISHAKTI ENGINEERING (P) LTD",,NULL,"NULL",,Y,0,,0,N,0,,O,"",,"POLISH LINE BALASORE",,"",,,,,,,,0,,,,,,0,0,,0,,,,0,0000-00-00,0000-00-00,0000-00-00,,,,,0,0,,no,,no,,,,
T1163,"TOTAL ENVIRONMENT WOODWORKS PVT LTD",,Bangalore,"BANGALORE",,Y,1500000,60,0,N,0,553,O,"",,"Survey # 6/2 KaikondrahalliCarmelram Post Sarjapur RoadIndia",,"MARSHAL/",080-43535700,,,,,,Bangalore,0,,,varsha@quetzel.com,,,0,0,,0,,,,0,0000-00-00,0000-00-00,0000-00-00,,,,560035,0,0,,no,,no,,,,
T1166,"TANISHQ AGENCIES",9719560800,ALIGARH,"ALIGARH",,Y,0,45,241258.25,N,0,,D,"",,"NO.3GRD FLRKAVERI ROYAL APTMT SWARN JAYANTI NAGARRAMGHAT RD India",,"RAJNEES VARSHNEY",,,,,,ADYPG0620P,ALIGARH,0,,,tanishqagencies@gmail.com,,,0,0,,0,,,,0,0000-00-00,0000-00-00,0000-00-00,,,,,0,0,,no,,no,,,,
T1169,"THE STATUS INTERIOR HOUSE",7575010147,MAHESANA,"MAHESANA",,Y,0,45,0,N,0,332,D,"",,"F-1 GOLDEN SQUARERADHANPUR ROADIndia",,"NIMESHBHAI",7575010147,,,,,AAJFT4683P,MAHESANA,0,,,thestatusih@outlook.com,,,0,0,,0,,,,0,0000-00-00,0000-00-00,0000-00-00,,,,384002,0,0,,no,,no,,,,
T1170,"TECHNO PEARL",09448328054,Mangalore,"MANGALORE",,Y,500000,60,0,N,0,553,O,"",,"New Padil Jouse KulaiIndia",,"",,,,,,,Mangalore,0,,,,,,0,0,,0,,,,0,0000-00-00,0000-00-00,0000-00-00,,,,575019,0,0,,no,,no,,,,
T1171,"TRISHUL BUILDTECH & INFRASTRUCTURES P LTD",09972037070,Bangalore,"BANGALORE",,Y,1500000,45,0,N,0,553,O,"",,"379 Vishwanatha Krupa 13th CrossUpper Palace Orchard SadashivnagarIndia",,"",,,,,,,Bangalore,0,,,,,,0,0,,0,,,,0,0000-00-00,0000-00-00,0000-00-00,,,,560080,0,0,,no,,no,,,,
T1172,"TITU PLYWOOD",9811806395,BALRAMPUR,"BALRAMPUR",,Y,0,30,0,N,0,,O,"",,"BY PASS BARHNI ROAD VILLAGE TULSIPUR India",,"AMIT MITTAL",,,,,,AADFT8859P,BALRAMPUR,0,,,tituplywood@gmail.com,,,0,0,,0,,,,0,0000-00-00,0000-00-00,0000-00-00,,,,,0,0,,no,,no,,,,
T1173,"THE MEERUT TIMBER STORE",9837546888,MEERUT CITY,"MEERUT CITY",,Y,0,30,0,N,0,,O,"",,"PATEL GANJ KABARI BAZAR India",,"",,,,,,AAHFM5199F,MEERUT CITY,0,,,maheshwaritimbers@gmail.com,,,0,0,,0,,,,0,0000-00-00,0000-00-00,0000-00-00,,,,,0,0,,no,,no,,,,
T1182,"TIARA FURNITURE SYSTEMS",9979880919,GANDHINAGAR,"GANDHINAGAR",,Y,0,30,0,N,0,332,P,"",,"PLOT NO 812NR RAJA TYRERAKANPURPO SANTEJTA KALOL",,"LAVRAJ SHARMA",,,,,,AHXPP9356J,GANDHINAGAR,0,,,account.tfs@tiarafurniture.co.in,,,0,0,,0,,,,0,0000-00-00,0000-00-00,0000-00-00,,,,382721,0,0,,no,,no,,,,
T1187,"THE AMBIENCE DESIGN CO.",9810398105,NEW DELHI,"NEW DELHI",,Y,0,45,0,N,0,,P,"",,"W-49GREATER KAILASH PART-II India",,"SAHIL KHANNA",,,,,,AAEFT2804M,NEW DELHI,0,,,ambiencedesignco@hotmail.com,,,0,0,,0,,,,0,0000-00-00,0000-00-00,0000-00-00,,,,,0,0,,no,,no,,,,
T1194,"TRISHAKTI",9431293521,MADHUBANI,"MADHUBANI",,Y,500000,30,0,N,0,219,D,"",,"TILAK CHOWK WARD NO 6MADHUBANI (BIHAR)India",,"SANTOSH KUMAR",9431293521,,,,,AAHFT3269M,MADHUBANI,0,,,santoshtrishakti@yahoo.co.in,,,0,0,,0,,,,0,0000-00-00,0000-00-00,0000-00-00,,,,847211,0,0,,no,,no,,,,
T1224,"THE TIMBERLAND",9327171932,AHMEDABAD,"AHMEDABAD",,Y,1000000,45,0,N,0,332,D,"",,"GN 1 PRAGATI ESTATENR HYUNDAI MOTORS SARKHEJIndia",,"SANJAY PATEL",,,,,,BPMPP7902J,AHMEDABAD,0,,,thetimberland@yahoo.com,,,0,0,,0,,,,0,0000-00-00,0000-00-00,0000-00-00,,,,382210,0,0,,no,,no,,,,
T1250,"TEAM TRADING ESTABLISHMENT",9821927191,MUMBAI,"MUMBAI",,Y,10000000,30,454370,N,0,,D,"H1230",,"130E CHANDI BAZAAR SANT SAVTA MARG BYCULLA (E)",,"SALMAN MERCHANT",,,,,,AACFT2588C,MUMBAI,0,,,teamtrading2000@gmail.com,,,0,0,,0,,,,0,0000-00-00,0000-00-00,0000-00-00,,,,,0,0,,no,,no,,,,
T1258,"TOLLY PLY CORNER",9830116878,KOLKATA,"KOLKATA",S01885,Y,0,0,0,N,0,457,D,"",,"B L SAHA ROAD TOLLYGUNGE PHARI SOUTH 24 PARAGANAS",,"DINESH KUMAR GUPTA",9830317115,,,,,AEAPG8647K,KOLKATA,0,,,dinesh.gupta131269@gmail.com,,,0,0,,0,,,,0,0000-00-00,0000-00-00,0000-00-00,,,,700053,0,0,,no,,no,,,,
T1259,"TIRUPATI GLASS AND PLYWOOD",9835919191,RANCHI,"RANCHI",,Y,0,0,0,N,0,222,D,"",,"LALJIHIRJI ROAD BY LANE",,"SUMEET KATARUKASUMEET KATARUKA",,,,,,AVEPK8532A,RANCHI,0,,,tirupatiply@gmail.com,,,0,0,,0,,,,0,0000-00-00,0000-00-00,0000-00-00,,,,834001,0,0,,no,,no,,,,
T1260,"TATA STEEL BSL LIMITED",9975492514,KHALAPUR (TAL),"KHALAPUR (TAL)",,Y,5000000,30,0,N,0,331,P,"",,"ISAMBA PHATA KHAPOLI PEN RDSAVROLI POST SAJGAONDIST: RAIGAD",,"VIJAY SINGH",,,,,,AAACB1247M,KHALAPUR (TAL),0,,,singh.vijay@tatasteelbsl.co.in,,,0,0,,0,,,,0,0000-00-00,0000-00-00,0000-00-00,,,,410203,0,0,,no,,no,,,,
T1269,"THE VENEER GALERY",9424342271,JABALPUR,"JABALPUR",D01941,Y,0,0,0,N,0,446,D,"",,"BLOCK NO.1 SHOP NO.18 MUSKAN PLAZA      MR 4 ROAD VIVEKANAND WARD",,"CHEEMAN JAISWAL",,,,,,AAPFT6863P,JABALPUR,0,,,theveneergallery@gmail.com,,,0,0,,0,,,,0,1971-01-01,1971-01-01,1971-01-01,,,,482002,0,0,no,no,no,no,,,,
T128,"TEEKAY MARINES PVT LTD.",,,"",,Y,0,,0,N,0,,O,"",,"IDCO PLOT NO:-58 PATIA INDUSTRIAL ESTATE PATIA BHUBANESWAR",,"",,,,,,,,0,,,,,,0,0,,0,,,,0,0000-00-00,0000-00-00,0000-00-00,,,,,0,0,,no,,no,,,,
T128,"TEEKAY MARINES PVT LTD.",,NULL,"NULL",,Y,0,,0,N,0,,O,"",,"IDCO PLOT NO:-58 PATIA INDUSTRIAL ESTATE PATIA BHUBANESWAR",,"",,,,,,,,0,,,,,,0,0,,0,,,,0,0000-00-00,0000-00-00,0000-00-00,,,,,0,0,,no,,no,,,,
T1282,"THE RAMAYANA HOTEL",8299682862,AYODHYAFAIZABAD,"AYODHYA,FAIZABAD",S10221,Y,0,0,0,N,0,447,O,"",,"BOOTH NO. 4 SHAHNAWAJPUR MANJHA DARSHAN NAGAR",,"BABU RAM PANDEY",,,,,,AAPFT4018A,AYODHYA,FAIZABAD,0,,,rameshytradelhi@gmail.com,,,0,0,,0,,,,0,0000-00-00,0000-00-00,0000-00-00,,,,224135,0,0,,no,,no,,,,
T1288,"TIMBER LAND",9426102869,SURAT,"SURAT",,Y,0,0,0,N,0,332,O,"",,"2020-2021 VAIBHAV APPT. BHATAR",,"SUNIL NAHATA",,,,,,AAMFT1231E,SURAT,0,,,shivshaktilaminates@yahoo.com,,,0,0,,0,,,,0,0000-00-00,0000-00-00,0000-00-00,,,,395007,0,0,,no,,no,,,,
T1291,"TIMBER WORLD",9911151115,DELHI,"DELHI",S10015,Y,0,0,0,N,0,451,D,"",,"PLOT NO-1 S.C.NO-11 MAIN ROAD DALLUPURA VASUNDHRA ENC. MAYUR VIHR",,"VARUN AGGARWAL",,,,,,AGOPA8360R,DELHI,0,,,timberworld01@gmail.com,,,0,0,,0,,,,0,0000-00-00,0000-00-00,0000-00-00,,,,110001,0,0,,,,no,,,,
T1304,"THE COLLECTIVES",9822045809,Pune,"PUNE",S01430,Y,5000000,30,0,N,0,331,O,"",,"PLOT NO 2 NEW TIMBER MARKET BHAWANI PETH",,"BHAVESH PATEL",,,,,,AAOFT6232F,PUNE,0,,,info@thecollectives.co.in,,,0,0,,0,,,,0,0000-00-00,0000-00-00,0000-00-00,,,,411042,0,0,,,,no,,,,
T1311,"TRITON HOTELS AND RESORTS PRIVATE LIMITED",9799911911,AJMER,"AJMER",S10109,Y,0,0,0,N,0,427,P,"",,"KHASARA NO 2060 KUKUS",,"OM SHARMA",,,,,,AACCT6262A,AJMER,0,,,thrplpurchase@gmail.com,,,0,0,,0,,,,0,0000-00-00,0000-00-00,0000-00-00,,,,302028,0,0,,,,,,,,
T1314,"THE WOODPECKER",9146655599,KOLHAPUR,"KOLHAPUR",S01430,Y,2500000,30,0,N,0,331,O,"",,"RAJARAMPURI 8TH LANE NEAR CITI HOSPITAL",,"AKSHAY OSWAL",,,,,,BBTPJ3694Q,KOLHAPUR,0,,,thewoodpeckerkolhapur@gmail.com,,,0,0,,0,,,,0,0000-00-00,0000-00-00,0000-00-00,,,,416008,0,0,,,,,,,,
T1318,"THE BEST HARDWARE",8277256163,BENGALURU,"BENGALURU",D02026,Y,1500000,0,0,N,0,553,O,"",,"#18YESHWANTHPURA 1ST MAIN ROAD",,"SRIRAM S",,,,,,AAKFT1412B,BENGALURU,0,,,virtue4wealth@gmail.com,,,0,0,,0,,,,0,0000-00-00,0000-00-00,0000-00-00,,,,560022,0,0,,,,,,,,
T132,"TYBAX PROJECTS PVT LTD.",,,"",,Y,0,,0,N,0,,O,"",,"74 SATYA NAGAR BHUBANESWAR",,"",,,,,,,,0,,,,,,0,0,,0,,,,0,0000-00-00,0000-00-00,0000-00-00,,,,,0,0,,no,,no,,,,
T132,"TYBAX PROJECTS PVT LTD.",,NULL,"NULL",,Y,0,,0,N,0,,O,"",,"74 SATYA NAGAR BHUBANESWAR",,"",,,,,,,,0,,,,,,0,0,,0,,,,0,0000-00-00,0000-00-00,0000-00-00,,,,,0,0,,no,,no,,,,
T1321,"THE DECONS COMPANY",9873338878,GURUGRAM,"GURUGRAM",S10223,Y,0,0,0,N,0,441,O,"",,"FIRST FLOOR 176/15 OLD RAILWAY ROAD NAI BASTI",,"PRATEEK CHHOKRA",,,,,,AKIPC1862G,GURUGRAM,0,,,thedeconscompany@gmail.com,,,0,0,,0,,,,0,0000-00-00,0000-00-00,0000-00-00,,,,122006,0,0,,,,,,,,
T1323,"TIRUPATI ENTERPRISES",9312606726,NOIDA,"NOIDA",S10014,Y,0,0,0,N,0,441,O,"",,"2ND C-25 SECTOR - 9 GAUTAM BUDHA NAGAR",,"BHAVESH GUPTA",,,,,,AJYPG0331M,NOIDA,0,,,tirupatienterprises11@yahoo.com,,,0,0,,0,,,,0,0000-00-00,0000-00-00,0000-00-00,,,,201301,0,0,,,,,,,,
T1330,"TANDAVA KRISHNA PLYWOOD & HARDWARE",9133214911,MACHILIPATNAM KRISH,"MACHILIPATNAM, KRISHNA",S01700;S01700;S01700,Y,1000000,20,0,N,0,525,D,"",,"D NO 3-84 SULTANAGARAM OPP: VARALAKSHMI ENTERPRISES",,"PULI SHYAM KUMAR",,,,,,JEZPK2779Q,MACHILIPATNAM, KRISHNA,0,,,pulishyamkumar@gmail.com,,,0,0,,0,,,,0,0000-00-00,0000-00-00,0000-00-00,,,,521001,0,0,,,,,,,,
T1330,"TANDAVA KRISHNA PLYWOOD & HARDWARE",9133214911,MACHILIPATNAM KRISH,"MACHILIPATNAM, KRISHNA",S01700;S01700;S01700,Y,1000000,20,0,N,0,525,D,"",,"D NO 3-84 SULTANAGARAM OPP: VARALAKSHMI ENTERPRISES",,"PULI SHYAM KUMAR",,,,,,JEZPK2779Q,MACHILIPATNAM, KRISHNA,0,,,pulishyamkumar@gmail.com,,,0,0,,0,,,,0,0000-00-00,0000-00-00,0000-00-00,,,,521001,0,0,,,,,,,,
T1342,"TODI PLYWOODS",,KOLKATA,"KOLKATA",S01519,Y,0,0,0,N,0,457,D,"",,"GROUND FLOOR 40 B C R AVENUE           CENTRAL KOLKATA",,"ROHIT TODI",,,,,,AACFT2002M,KOLKATA,0,,,rohittodi1992@gmail.com,,,0,0,,0,,,,0,0000-00-00,0000-00-00,0000-00-00,,,,700012,0,0,,,,,,,,
T1346,"TURAKHIA DECOR LLP",9099986722,MEHSANA AHMEDABAD HI,"MEHSANA AHMEDABAD HIGHWAY",,Y,1000000,30,0,N,0,332,O,"",,"PLOT NO-1412 VILLAGE RAJPUR NEAR JAINSION CABLE CHANDRADAPATIYA",,"9099986722",,,,,,AALFT0798B,MEHSANA AHMEDABAD HIGHWAY,0,,,factory@turakhiadecor.com,,,0,0,,0,,,,0,0000-00-00,0000-00-00,0000-00-00,,,,382715,0,0,,,,,,,,
T1350,"TIRTH INDUSTRIES",9925919031,KUTCH,"KUTCH",,Y,0,0,0,N,0,332,O,"",,"Survey No. 259/2 Nr Lodheshwar HotelTa Bhachau – Kharoi Road Bhachau Dist-Kutc",,"Mr. Bhavesh Mehta",,,,,,AAIFT6185B,KUTCH,0,,,tirthindustriesbhachau@gmail.com,,,0,0,,0,,,,0,0000-00-00,0000-00-00,0000-00-00,,,,370140,0,0,,,,,,,,
T1351,"TIRUPATI HARDWARE",9570224555,RANCHI,"RANCHI",D01932,Y,0,0,0,N,0,222,D,"",,"SATYA GANGA ARKED					                   LALJI HIRJI ROAD",,"SHUBHAM 					 AGRAWAL",,,,,,AATPA8644B,RANCHI,0,,,shubham052@gmail.com,,,0,0,,0,,,,0,0000-00-00,0000-00-00,0000-00-00,,,,834001,0,0,,,,,,,,
T1353,"TRIPURA TRADE AGENCY",7042202348,AGARTALA,"AGARTALA",S01815,Y,0,0,0,N,0,215,D,"",,"169533 Near Prachyabharati School      Dhaleswar Road no 2 Dhalweswar          West Tripura",,"Purabi 					 Deb",,,,,,ABSPD8897K,Agartala,0,,,tripuratradeagency56@gmail.com,,,0,0,,0,,,,0,0000-00-00,0000-00-00,0000-00-00,,,,799007,0,0,,,,,,,,
T1358,"3D LIVE",9835325171,RANCHI,"RANCHI",D01932,Y,0,0,0,N,0,222,O,"",,"TANK ROAD GOSAI TOLI CHUTIA",,"SUJIT KUMAR CHOUDHARY",,,,,,AKYPC5322K,RANCHI,0,,,3dliveranchi@gmail.com,,,0,0,,0,,,,0,0000-00-00,0000-00-00,0000-00-00,,,,834001,0,0,,,,,,,,
T1361,"TILAK RAJ & BROTHERS",8930000986,SIRSA,"SIRSA",S10239,Y,0,0,0,N,0,443,D,"",,"NEAR ARORWANSH GURDWARA						           SHRI MAHADEV TIMBER TRADERS						       NEW ANAJ MANDI ROAD MANDI DABWALI",,"TILAK RAJ",8930000986,,,,,BVAPR5319D,SIRSA,0,,,trbhardware@gmail.com,,,0,0,,0,,,,0,0000-00-00,0000-00-00,0000-00-00,,,,125104,0,0,,,,,,,,
T1372,"THE PREMIER WOOD PRODUCTS",9811008485,NEW DELHI,"NEW DELHI",S10042;S10042,Y,0,0,0,N,0,441,O,"",,"1/11W.H.S.TIMBER MARKET KIRTI NAGAR    WEST DELHI",,"HARISH CHAWLA",,,,,,AAFPC9450M,DELHI,0,,,tpwp_harishchawla@yahoo.com,,,0,0,,0,,,,0,0000-00-00,0000-00-00,0000-00-00,,,,110015,0,0,,,,,,,,
T1372,"THE PREMIER WOOD PRODUCTS",9811008485,DELHI,"DELHI",S10042;S10042,Y,0,0,0,N,0,441,O,"",,"1/11W.H.S.TIMBER MARKET KIRTI NAGAR    WEST DELHI",,"HARISH CHAWLA",,,,,,AAFPC9450M,DELHI,0,,,tpwp_harishchawla@yahoo.com,,,0,0,,0,,,,0,0000-00-00,0000-00-00,0000-00-00,,,,110015,0,0,,,,,,,,
T1375,"TIRUPATI TRADING COMPANY",9166575653,SIKAR,"SIKAR",D10322,Y,0,0,0,N,0,427,O,"",,"RAJ AUTOMOBILES						                    JAIPUR BY PASS SIKAR						               RADHAKISHANPURA",,"DINDAYAL JANGID",,,,,,BLGPJ3228M,SIKAR,0,,,dindayaljangir1994@gmail.com,,,0,0,,0,,,,0,0000-00-00,0000-00-00,0000-00-00,,,,332001,0,0,,,,,,,,
T1382,"TRADE CENTRE",7278782323,KOLKATA,"KOLKATA",D02122,Y,0,0,0,N,0,457,D,"",,"60 KACHARI BAZAR WARD NO 12						      BARUIPUR SOUTH 24 PARGANAS",,"RABIN KUMAR MITRA",,,,,,AEVPM3947F,KOLKATA,0,,,tradecentre83@gmail.com,,,0,0,,0,,,,0,1971-01-01,1971-01-01,1971-01-01,,,,700144,0,0,no,no,no,no,,,,
T1387,"TOP DOORS",9881265207,AKOLA,"AKOLA",D02136,Y,0,0,0,N,0,331,D,"",,"NAZUL SHEET NO.18 DPLOT NO.38					      POLA CHAUK",,"SHAIKH MOHSIN MEHBOOB",,,,,,BJYPS8812C,AKOLA,0,,,mohasin10@gmail.com,,,0,0,,0,,,,0,1971-01-01,1971-01-01,1971-01-01,,,,444001,0,0,no,no,no,no,,,,
T1395,"THE NORTH EAST ENGINEER & DEVELOPERS",9613524502,GUWAHATI,"GUWAHATI",S10222,Y,0,0,0,N,0,215,O,"",,"2ND FLOOR                          KUNDA PLAZA COMMERCIAL COMPLEX     A.T ROAD MALIGAON KAMRUP METROPOLITIAN",,"DILIP KUMAR ACHARJEE",,,,,,AFLPA6696Q,GUWAHATI,0,,,needind@gmail.com,,,0,0,,0,,,,0,1971-01-01,1971-01-01,1971-01-01,,,,781012,0,0,no,no,no,no,,,,
T1400,"TARINI ENTERPRISES",9861424534,ROURKELA,"ROURKELA",D01975,Y,0,0,0,N,0,216,D,"",,"P.S JHIRPANI P O JHIRPANI         SHOP NO 5 BARA MARKET COMPLEX     NEAR BIG CHURCH JHIRPANI ROURKELA",,"RAJENDRA PRAJAPATI",,,,,,AWLPP2081M,ROURKELA,0,,,p12k28628@gmail.com,,,0,0,,0,,,,0,1971-01-01,1971-01-01,1971-01-01,,,,769042,0,0,no,no,no,no,,,,
T157,"THE PLY REPORTER",,,"",,Y,0,,0,N,0,,O,"",,"",,"",,,,,,,,0,,,,,,0,0,,0,,,,0,0000-00-00,0000-00-00,0000-00-00,,,,,0,0,,no,,no,,,,
T161,"THAPAR HOMES LIMITED",,NEW DELHI,"NEW DELHI",,Y,0,,0,N,0,,O,"",,"B-1010SHIVALIKA MALVIYA NAGAR",,"",,,,,,,NEW DELHI,0,,,,,,0,0,,0,,,,0,0000-00-00,0000-00-00,0000-00-00,,,,,0,0,,no,,no,,,,
T169,"THE PLY POINT (SURAT)",9825206599,SURAT,"SURAT",,Y,300000,30,0,N,0,332,D,"",,"G/20SILVER POINTOPP.VIDHYABHARTI SCHOOLBHATAR ROAD",,"DARSHAK BHAI",9825206599,,,,,AAFPT9483P,SURAT,0,,,plypointsurat@gmail.com,,,0,0,,0,,,,0,0000-00-00,0000-00-00,0000-00-00,,,,395007,0,0,,no,,no,,,,
T170,"TEEKAY FORMS PVT LTD",,,"",,Y,0,,0,N,0,,O,"",,"PLOT NO.3512 MANCHESWAR INDUSTRIAL ESTATE NEAR MANCHESWAR RAILWAY STATION",,"",,,,,,,,0,,,,,,0,0,,0,,,,0,0000-00-00,0000-00-00,0000-00-00,,,,,0,0,,no,,no,,,,
T170,"TEEKAY FORMS PVT LTD",,NULL,"NULL",,Y,0,,0,N,0,,O,"",,"PLOT NO.3512 MANCHESWAR INDUSTRIAL ESTATE NEAR MANCHESWAR RAILWAY STATION",,"",,,,,,,,0,,,,,,0,0,,0,,,,0,0000-00-00,0000-00-00,0000-00-00,,,,,0,0,,no,,no,,,,
T171,"MR. TARUN",,,"",,Y,0,,0,N,0,,O,"",,"",,"",,,,,,,,0,,,,,,0,0,,0,,,,0,0000-00-00,0000-00-00,0000-00-00,,,,,0,0,,no,,no,,,,
T172,"TRUHOMZ",,GURGAON (HARYANA),"GURGAON (HARYANA)",,Y,0,,0,N,0,,O,"",,"UG-203C-206C SHSHANT SH ARCADESHUSHAT LOKPHASE-",,"",,,,,,,GURGAON (HARYANA),0,,,,,,0,0,,0,,,,0,0000-00-00,0000-00-00,0000-00-00,,,,,0,0,,no,,no,,,,
T3621,"TRAVELLING PAYABLE",,,"",,Y,0,,0,N,0,,O,"",,"",,"",,,,,,,,0,,,,,,0,0,,0,,,,0,0000-00-00,0000-00-00,0000-00-00,,,,,0,0,,no,,no,,,,
T487C,"TAPAS SENGUPTA",9230064795,Howrah,"HOWRAH",,Y,0,0,0,N,0,457,O,"",,"11/7/1 OLABIBI TALA 1ST BYE LANE       HAORA CORPORATION                        SANTRAGACHI",,"TAPAS SENGUPTA",,,,,,FJEPS4056J,HOWRAH,0,,,0,,,0,0,,0,,,,0,1971-01-01,1971-01-01,1971-01-01,,,,711104,0,0,no,no,no,no,,,,
T649,"TRENDZ.",,DELHI,"DELHI",,Y,0,0,0,N,0,,P,"",,"A-23 MAIN ROAD JAGATPURI",,"",,,,,,AABFT6645B,DELHI,0,,,omplywoods@yahoo.co.in,,,0,0,,0,,,,0,0000-00-00,0000-00-00,0000-00-00,,,,,0,0,,no,,no,,,,
T737,"TARUN BORA",,JEYPORE,"JEYPORE",,Y,0,,0,N,0,,O,"",,"JEYPORE  ASSAM",,"",,,,,,,JEYPORE,0,,,,,,0,0,,0,,,,0,0000-00-00,0000-00-00,0000-00-00,,,,,0,0,,no,,no,,,,
test,"Test fp",9425415777,BHOPAL,"BHOPAL",S01883,Y,0,0,0,N,0,446,P,"",,"C-9 74 BUNGLOW",,"VIPIN KUMAR MAHESHWARI",,,,,,ADRPM6645F,BHOPAL,0,,,vipinkmaheshwari@yahoo.co.in,,,0,0,,0,,,,0,1971-01-01,1971-01-01,1971-01-01,,,,462003,0,0,no,no,no,no,,,,
U029,"UNITED LAMINATES",,GURGAON,"GURGAON",,Y,0,30,0,N,0,,D,"",,"SOHNA RD NEAR RAJIV CHOWK VILLAGE:=ISLAMPUR",,"",,,,,,ADAPB5241K,GURGAON,0,,,,,,0,0,,0,,,,0,0000-00-00,0000-00-00,0000-00-00,,,,,0,0,,no,,no,,,,
U032,"UNICORN CONSTRUCTION",,,"",,Y,0,,0,N,0,,O,"",,"N1/183 IRC VILLAGE NAYAPALLI BHUBANESWAR",,"",,,,,,,,0,,,,,,0,0,,0,,,,0,0000-00-00,0000-00-00,0000-00-00,,,,,0,0,,no,,no,,,,
U032,"UNICORN CONSTRUCTION",,NULL,"NULL",,Y,0,,0,N,0,,O,"",,"N1/183 IRC VILLAGE NAYAPALLI BHUBANESWAR",,"",,,,,,,,0,,,,,,0,0,,0,,,,0,0000-00-00,0000-00-00,0000-00-00,,,,,0,0,,no,,no,,,,
U033,"UNNATI ART INTERIOR",,,"",S01405,Y,0,,0,N,0,553,O,"",,"38/411TH KMHOSUR ROADBOMMANAHALLIG.V.PALYABANGALORE-68.",,"",,,,,,,,0,,,,,,0,0,,0,,,,0,0000-00-00,0000-00-00,0000-00-00,,,,,0,0,,no,,no,,,,
U033,"UNNATI ART INTERIOR",,,"",S01405,Y,0,,0,N,0,553,O,"",,"38/411TH KMHOSUR ROADBOMMANAHALLIG.V.PALYABANGALORE-68.",,"",,,,,,,,0,,,,,,0,0,,0,,,,0,0000-00-00,0000-00-00,0000-00-00,,,,,0,0,,no,,no,,,,
U033,"UNNATI ART INTERIOR",,NULL,"NULL",S01405,Y,0,,0,N,0,553,O,"",,"38/411TH KMHOSUR ROADBOMMANAHALLIG.V.PALYABANGALORE-68.",,"",,,,,,,,0,,,,,,0,0,,0,,,,0,0000-00-00,0000-00-00,0000-00-00,,,,,0,0,,no,,no,,,,
U1009,"UPPAL HOUSING PVT. LTD.",,NEW DELHI,"NEW DELHI",,Y,0,0,0,N,0,,P,"",,"NBCC BUILDING 5TH FLOOR LODHI ROAD",,"",,,,,,AAACU1786A,NEW DELHI,0,,,,,,0,0,,0,,,,0,0000-00-00,0000-00-00,0000-00-00,,,,,0,0,,no,,no,,,,
U1012,"UNITED LAMINATES",,HAPUR (U.P.),"HAPUR (U.P.)",,Y,0,,0,N,0,,O,"",,"97RAGHUBIR GANJ OLD MEERUT ROAD",,"",,,,,,,HAPUR (U.P.),0,,,,,,0,0,,0,,,,0,0000-00-00,0000-00-00,0000-00-00,,,,,0,0,,no,,no,,,,
U1014,"UTTAM INDUSTRIAL ENGG.LTD.GHAZIABAD",,GHAZIABAD (U.P.),"GHAZIABAD (U.P.)",,Y,0,,0,N,0,,O,"",,"A-8MEERUT ROAD INDUSTRIAL AREA",,"",,,,,,,GHAZIABAD (U.P.),0,,,,,,0,0,,0,,,,0,0000-00-00,0000-00-00,0000-00-00,,,,,0,0,,no,,no,,,,
U1017,"U P TIMBER STORES",9335919867,LUCKNOW,"LUCKNOW",,Y,0,0,0,N,0,,D,"",,"NEHRU CROSS RAKAB GANJ FAIZABAD ROAD",,"",,,,,,AABFU0745P,LUCKNOW,0,,,,,,0,0,,0,,,,0,0000-00-00,0000-00-00,0000-00-00,,,,,0,0,,no,,no,,,,
U1021,"UNIQUE",,,"",,Y,0,,0,N,0,,O,"",,"SITE AT LIC OFFICE KANIKA CHOWK CUTTACK",,"",,,,,,,,0,,,,,,0,0,,0,,,,0,0000-00-00,0000-00-00,0000-00-00,,,,,0,0,,no,,no,,,,
U1021,"UNIQUE",,NULL,"NULL",,Y,0,,0,N,0,,O,"",,"SITE AT LIC OFFICE KANIKA CHOWK CUTTACK",,"",,,,,,,,0,,,,,,0,0,,0,,,,0,0000-00-00,0000-00-00,0000-00-00,,,,,0,0,,no,,no,,,,
U1035,"UNIQUE TIMBER & FURNITURE COMPANY",9810416387,NOIDA,"NOIDA",S10152,Y,3000000,45,747302,N,0,441,D,"",,"B-13 SECTOR-9 NEXT TO JKM MOTORS",,"PARDEEP GHAI",,,,,,ALWPG3754A,NOIDA,0,,,ghaisunique@gmail.com,,,0,0,,0,,,,0,0000-00-00,0000-00-00,0000-00-00,,,,201301,0,0,no,no,,no,,,,
U1036,"UNIQUE TIMBER & FURNISHERS",9310454501,NOIDA,"NOIDA",S10152,Y,1500000,45,0,N,0,441,D,"",,"E-93 SECTOR-9 NOIDA U.P.",,"ANIL BATTA",,,,,,AACFU7280J,NOIDA,0,,,uniquetimbernoida@gmail.com,,,0,0,,0,,,,0,0000-00-00,0000-00-00,0000-00-00,,,,201301,0,0,no,no,,no,,,,
U1046,"UNITECH HI-TECH STRUCTURES LTD (IT&ITES SEZ)",,KOLKATA,"KOLKATA",,Y,0,30,33137,N,0,,O,"",,"PLOT DH01 (PART); DH 0303/1 ACTION AREA ID NEW TOWN",,"",,,,,,,KOLKATA,0,,,,,,0,0,,0,,,,0,0000-00-00,0000-00-00,0000-00-00,,,,,0,0,,no,,no,,,,
U1049,"UTTAM SONI",9826724744,BHOPAL,"BHOPAL",,Y,1000000,30,0,N,0,446,O,"",,"E-8/86AMBA HOMESTRILANGA COLONY",,"",,,,,,ATPES2668H,BHOPAL,0,,,,,,0,0,,0,,,,0,0000-00-00,0000-00-00,0000-00-00,,,,462039,0,0,,no,,no,,,,
U1050,"UPPAL HOUSING PVT LTD",,NEW DELHI,"NEW DELHI",,Y,0,0,0,N,0,,P,"",,"S-39A PANCHSEEL PARK",,"",,,,,,,NEW DELHI,0,,,,,,0,0,,0,,,,0,0000-00-00,0000-00-00,0000-00-00,,,,,0,0,,no,,no,,,,
U1061,"UNIQUE PROPERTIES",,Bangalore,"BANGALORE",,Y,1500000,60,0,N,0,553,P,"",,"G-2 PRIDE ELITE NO.10MUSEUM ROAD",,"",080253209614,,,,,,BANGALORE,0,,,anuragjain@pridegroup.net,,,0,0,,0,,,,0,0000-00-00,0000-00-00,0000-00-00,,,,560001,0,0,,no,,no,,,,
U1063,"ULTIMATE BUILDERS",9039010082,BHOPAL,"BHOPAL",,Y,2000000,30,0,N,0,446,P,"",,"KAMDHENU TOWERE2/21 ARERE COLONY",,"MANVENDRA SINGH",,,,,,AACFU8239M,BHOPAL,0,,,,,,0,0,,0,,,,0,0000-00-00,0000-00-00,0000-00-00,,,,462016,0,0,,no,,no,,,,
U1069,"UNIQUE COLLECTION INDIA PRIVATE LTD.",,NEW DELHI,"NEW DELHI",S10042,Y,0,30,0,N,0,441,O,"U1073",,"E-42/5OKHLA INDUSTRIAL AREA PHASE-II India",,"ASHU MOTTAL",9818311007,,,,,AAACU4516C,NEW DELHI,0,,,,,,0,0,,0,,,,0,0000-00-00,0000-00-00,0000-00-00,,,,110020,0,0,no,no,,no,,,,
U1072,"UNIVERSAL TRADING & MFG. CO.",9811146553,GREATER NOIDA,"GREATER NOIDA",S10042,Y,3000000,45,2524038,N,0,441,D,"R1016",,"D-9/2IND.AREA SURAJ PUR SITE -5KASNA India",,"MANISH AJMANI",,,,,,AADPA8167H,GREATER NOIDA,0,,,royalmdf@gmail.com,,,0,0,,0,,,,0,0000-00-00,0000-00-00,0000-00-00,,,,201301,0,0,no,no,,no,,,,
U1073,"UNIQUE COLLECTION (INDIA) PVT.LTD.",9818311060,NEW DELHI,"NEW DELHI",S10042,Y,1000000,45,0,N,0,441,D,"",,"D-14/1OKHLA IND.AREA PHASE-II India",,"AJAY GARG",,,,,,AAACU4516C,NEW DELHI,0,,,123plywood@gmail.com,,,0,0,,0,,,,0,0000-00-00,0000-00-00,0000-00-00,,,,110020,0,0,no,no,,no,,,,
U1074,"UNITEX INTERIORS PVT LTD.",9811413811,GURGAON,"GURGAON",,Y,0,45,0,N,0,,P,"",,"130/7BSHEETLA COLONY BLOCK-A India",,"",,,,,,AABCU6204E,GURGAON,0,,,unitexinteriors@gmail.com,,,0,0,,0,,,,0,0000-00-00,0000-00-00,0000-00-00,,,,,0,0,,no,,no,,,,
U1076,"UNIQUE PLYWOOD (P) LTD.",9991128208,SONIPAT,"SONIPAT",,Y,1000000,0,0,N,0,,O,"",,"VILLAGE HALALPUR JALOTA ROAD India",,"",,,,,,AAACU1538L,SONIPAT,0,,,unique.plywood@gmail.com,,,0,0,,0,,,,0,0000-00-00,0000-00-00,0000-00-00,,,,,0,0,,no,,no,,,,
U1081,"UDAIPUR TIMBERS",9672984667,UDAIPUR,"UDAIPUR",,Y,1500000,45,579047,N,0,,D,"",,"155CHETAK MARG OPP.HATHIPOLE POLICE STATION India",,"SHAILENDRA LODHA",,,,,,ABDPL1029J,UDAIPUR,0,,,udaipurtimbers@outlook.com,,,0,0,,0,,,,0,0000-00-00,0000-00-00,0000-00-00,,,,,0,0,,no,,no,,,,
U1082,"USHA FREIGHT CARRIERS",,RAJKOT,"RAJKOT",,Y,0,0,0,N,0,332,O,"",,"203 SHILP TOWER TAGORE ROAD            CORNER BHAKTINAGAR STATION",,"0",,,,,,AGCPB5640H,RAJKOT,0,,,autotrpt@gmail.com,,,0,0,,0,,,,0,0000-00-00,0000-00-00,0000-00-00,,,,360004,0,0,,,,,,,,
U1083,"ULTIMATE CONSTRUCTION",7747010886,BHOPAL,"BHOPAL",,Y,1500000,30,0,N,0,446,P,"",,"G 1 KAMDHENU TOWERE-2/21  ARERA COLONYIndia",,"",,,,,,AABFU9241J,BHOPAL,0,,,guptasamir23@gmail.com,,,0,0,,0,,,,0,0000-00-00,0000-00-00,0000-00-00,,,,462016,0,0,,no,,no,,,,
U1104,"UNITED GLASS & PLYWOOD",9927085822,MATHURA,"MATHURA",,Y,0,0,0,N,0,447,D,"",,"BHOOTESHVAR ROAD NEAR SHRIJI BABA ASHRAM",,"SAURABH AGARWAL",,,,,,AEZPA3895A,MATHURA,0,,,unitedglassandplywood@yahoo.com,,,0,0,,0,,,,0,0000-00-00,0000-00-00,0000-00-00,,,,281001,0,0,,,,no,,,,
U1111,"UNIQUE TIMBER TRADERS",9811717777,NOIDA,"NOIDA",S10152;S10015,Y,3000000,45,0,N,0,441,D,"",,"E-93 SECTOR-9 GAUTAM BUDH NAGAR India",,"VIKRAM BATTA",,,,,,AAFFU5712N,NOIDA,0,,,uniquetimbers7@gmail.com,,,0,0,,0,,,,0,0000-00-00,0000-00-00,0000-00-00,,,,201301,0,0,,,,,,,,
U1112,"UNIQUE TIMBER & PLYWOOD",9310454501,NOIDA (G.B.NAGAR),"NOIDA (G.B.NAGAR)",S10152;S10015,Y,2000000,30,0,N,0,441,D,"",,"H-9SECTOR-9  India",,"AHWANI KUMAR BATTA",,,,,,AAFFU5713P,NOIDA (G.B.NAGAR),0,,,uniquetimberandplywood@gmail.com,,,0,0,,0,,,,0,0000-00-00,0000-00-00,0000-00-00,,,,201301,0,0,,,,,,,,
U1162,"ULTRA DECO PANELS",9945695400,Bangalore,"BANGALORE",S01405,Y,2000000,60,0,N,0,553,D,"",,"#339 ANANTHARAMAIAH WOOLEN FACTORY MYSORE ROAD BAPUJINAGAR India",,"ASHOK KUMAR MOHTA",,,,,,ABTPM6814C,BANGALORE,0,,,ultradp@yahoo.co.in,,,0,0,,0,,,,0,0000-00-00,0000-00-00,0000-00-00,,,,,0,0,,no,,no,,,,
U1228,"UNITED GLASS & PLYWOOD CO.",8840756306,KANPUR,"KANPUR",,Y,0,30,0,N,0,,O,"",,"111/42580 FEET ROADASHOK NAGAR",,"RAJENDRA KUMAR AJMANI",,,,,,AALPA4341H,KANPUR,0,,,atul.unitedagencies@gmail.com,,,0,0,,0,,,,0,0000-00-00,0000-00-00,0000-00-00,,,,208012,0,0,,no,,no,,,,
U1238,"UNITED PLYWOOD AGENCIES",9886366042,BENGALURU,"BENGALURU",D02032;S10223,Y,0,0,0,N,0,553,D,"",,"#113/9 OLD MADRAS ROAD                 ULSOOR",,"MR.NASEER AHMED",,,,,,AAIPA9792K,BENGALURU,0,,,accounts.blr@unitedply.com,,,0,0,,0,,,,0,1971-01-01,1971-01-01,1971-01-01,,,,560008,0,0,no,no,no,no,,,,
U1238,"UNITED PLYWOOD AGENCIES",9886366042,BANGALURU,"BANGALURU",D02032;S10223,Y,0,0,0,N,0,553,D,"",,"#113/9 OLD MADRAS ROAD                 ULSOOR",,"MR.NASEER AHMED",,,,,,AAIPA9792K,BENGALURU,0,,,accounts.blr@unitedply.com,,,0,0,,0,,,,0,1971-01-01,1971-01-01,1971-01-01,,,,560008,0,0,no,no,no,no,,,,
U1247,"UTTAM KUMAR GUPTA",9427255959,RAJKOT,"RAJKOT",,Y,0,0,0,N,0,317,O,"",,"SRI SAI BLOCK NO 13 STREET NO 1 MAVDI",,"UTTAM KUMAR GUPTA",,,,,,AIPPG8426R,RAJKOT,0,,,0,,,0,0,,0,,,,0,0000-00-00,0000-00-00,0000-00-00,,,,360004,0,0,,no,,no,,,,
U1249,"UNITED TRADERS",7091662354,BHAGALPUR,"BHAGALPUR",S01386,Y,0,0,0,N,0,219,O,"",,"115 SHAH MARKET D N SINGH ROAD BHAGALPUR",,"SYED MOZAMMIL ALI",,,,,,AHUPA0931D,BHAGALPUR,0,,,smozammilbgp64@gmail.com,,,0,0,,0,,,,0,0000-00-00,0000-00-00,0000-00-00,,,,812001,0,0,,no,,no,,,,
U1250,"URBO DECOR",9822147100,Pune,"PUNE",D02117;S01430,Y,0,0,0,N,0,331,O,"",,"PLOT NO.2 NEW TIMBER MARKET            BHAVANI PATH",,"BHAVESH DHANJIBHAI PATEL",,,,,,AAGFU6063K,PUNE,0,,,info@urbodecor.com,,,0,0,,0,,,,0,1971-01-01,1971-01-01,1971-01-01,,,,411042,0,0,no,no,no,no,,,,
U1250,"URBO DECOR",9822147100,PUNE MAHARASHTRA,"PUNE, MAHARASHTRA",D02117;S01430,Y,0,0,0,N,0,331,O,"",,"PLOT NO.2 NEW TIMBER MARKET            BHAVANI PATH",,"BHAVESH DHANJIBHAI PATEL",,,,,,AAGFU6063K,PUNE,0,,,info@urbodecor.com,,,0,0,,0,,,,0,1971-01-01,1971-01-01,1971-01-01,,,,411042,0,0,no,no,no,no,,,,
U1255,"UMIYA TRADERS",9839565778,VARANASI,"VARANASI",S10221,Y,0,0,0,N,0,447,D,"",,"IST FLOOR C-27/274-A-A1 SHOP NO 106 JAISINGH BUILDING MALDAHIYA",,"ROHAN PATEL",,,,,,AXPPP2593K,VARANASI,0,,,umiyatraders18@gmail.com,,,0,0,,0,,,,0,0000-00-00,0000-00-00,0000-00-00,,,,221002,0,0,,,,no,,,,
U1257,"UNIQUE ASSOCIATES",9927650635,DEHRADUN,"DEHRADUN",D01931,Y,0,0,0,N,0,446,P,"",,"208-A VIJAYPUR GOPIWALA",,"DIVESH KUMAR RUSTOGI",,,,,,AREPR5758H,DEHRADUN,0,,,divesh.rustogi@gmail.com,,,0,0,,0,,,,0,0000-00-00,0000-00-00,0000-00-00,,,,248003,0,0,,,,,,,,
U1262,"UNIQUE ASSOCIATES.",9927650635,INDORE,"INDORE",D01931;D02169,Y,0,0,0,N,0,446,P,"",,"33 PATEL NAGAR                          AIRPORT ROAD",,"DIVESH KUMAR RUSTOGI",,,,,,AREPR5758H,INDORE,0,,,divesh.rustogi@gmail.com,,,0,0,,0,,,,0,1971-01-01,1971-01-01,1971-01-01,,,,452005,0,0,no,no,no,no,,,,
U1265,"UCK BUILDCON PRIVATE LIMITED",9981317777,GWALIOR,"GWALIOR",D02072,Y,0,0,0,N,0,446,P,"",,"RAJA MANSINGH TOMAR                      MUSIC AND ARTS UNIVERSITY                ROSHNI GHAR",,"LUV KHANDUJA",,,,,,AADCU0506D,GWALIOR,0,,,luv.khanduja@gmail.com,,,0,0,,0,,,,0,0000-00-00,0000-00-00,0000-00-00,,,,474009,0,0,,,,,,,,
U1266,"UMA SALES",9979993232,MEHSANA,"MEHSANA",D01990,Y,0,0,0,N,0,332,O,"",,"34-A ABHAY SHOPPING CENTER 						      DAGALA ROAD						                       VISNAGAR",,"KHIMJIBHAI VALJIBHAI PATEL",,,,,,ABNPP8950A,MEHSANA,0,,,umasales01@gmail.com,,,0,0,,0,,,,0,0000-00-00,0000-00-00,0000-00-00,,,,384315,0,0,,,,,,,,
U1268,"UMIYA PLYWOOD",9426242901,AMRELI,"AMRELI",,Y,0,0,0,N,0,332,O,"",,"LATI BAZAR						                         MANEKPARA",,"GOPALBHAI POKAR",,,,,,AKOPP6828K,AMRELI,0,,,upamreli@gmail.com,,,0,0,,0,,,,0,0000-00-00,0000-00-00,0000-00-00,,,,365601,0,0,,,,,,,,
U1269,"URBAN CAFES INDIA",9807048940,LUCKNOW,"LUCKNOW",D10358,Y,0,0,0,N,0,215,D,"",,"Waltz Living Warehouse						            1 Halwasiya Court Hazratganj",,"Ishan Jaiswal",,,,,,AAFFU2288P,Lucknow,0,,,urbancafesindia.bills@gmail.com,,,0,0,,0,,,,0,0000-00-00,0000-00-00,0000-00-00,,,,226001,0,0,,,,,,,,
U1270,"UDAY DECOR",8777450383,KOLKATA,"KOLKATA",D02122,Y,0,0,0,N,0,457,D,"",,"FLAT NO 042 ROAD BISHNUPUR						        NANDABHANGA KANYANAGAR						            DIST - 24 PG (S)",,"ANJALI JAISWAL",,,,,,AOLPJ4265M,KOLKATA,0,,,shashijaiswal672@gmail.com,,,0,0,,0,,,,0,0000-00-00,0000-00-00,0000-00-00,,,,743503,0,0,,,,,,,,
U1272,"U P NATIONAL MANUFACTURERS LIMITED",9935562210,VARANASI,"VARANASI",D10430,Y,0,0,0,N,0,447,O,"",,"C26/34 B-D SHREE DHAM COMPLEX						     RAMKATORA ROAD",,"RAM KUMAR SHARMA",,,,,,AAACU2759F,VARANASI,0,,,sales@tulluqreen.com,,,0,0,,0,,,,0,1971-01-01,1971-01-01,1971-01-01,,,,221002,0,0,no,no,no,no,,,,
U1280,"UMA PLY LAM",9879993232,VISNAGAR,"VISNAGAR",D02142,Y,0,0,0,N,0,332,O,"",,"SHOP NO 25 B                      ABHAY SHOPPING CENTRE              DAGALA MAHESANA",,"PIYUSH PATEL",,,,,,CWMPP5659L,VISNAGAR,0,,,piyushpatel881@gmail.com,,,0,0,,0,,,,0,1971-01-01,1971-01-01,1971-01-01,,,,384315,0,0,no,no,no,no,,,,
U1281,"UMIYA TRADERS",9839565778,VARANASI,"VARANASI",D10430,Y,0,0,0,N,0,447,O,"",,"1ST FLOOR C-27/274-A-A-1 SHOP NO. 106 JAI SINGH BUILDING                 MALDAHIYA",,"ROHAN PATEL",,,,,,AXPPP2593K,VARANASI,0,,,umiyatraders18@gmail.com,,,0,0,,0,,,,0,1971-01-01,1971-01-01,1971-01-01,,,,221002,0,0,no,no,no,no,,,,
U1284,"URBAN ASSOCIATES",9718616179,NEW DELHI,"NEW DELHI",S10137;S10137,Y,0,0,0,N,0,441,D,"",,"FIRST FLOOR J-7ABUL FAZAL ENCLAVE-1 OKLALASOUTH DELHI                 DELHI",,"RAZAB ANSARI",,,,,,BYFPA4758M,NEW DELHI,0,,,razab.ansari3@gmail.com,,,0,0,,0,,,,0,1971-01-01,1971-01-01,1971-01-01,,,,110025,0,0,no,no,no,no,,,,
U1284,"URBAN ASSOCIATES",9718616179,AHMEDABAD,"AHMEDABAD",S10137;S10137,Y,0,0,0,N,0,441,D,"",,"FIRST FLOOR J-7ABUL FAZAL ENCLAVE-1 OKLALASOUTH DELHI                 DELHI",,"RAZAB ANSARI",,,,,,BYFPA4758M,NEW DELHI,0,,,razab.ansari3@gmail.com,,,0,0,,0,,,,0,1971-01-01,1971-01-01,1971-01-01,,,,110025,0,0,no,no,no,no,,,,
U1285,"UMIYA WOOD AND PLY",9979863592,AHMEDABAD,"AHMEDABAD",D02039,Y,0,0,0,N,0,332,O,"",,"OPP GHUMA BRTS BUS STAND          SUHAG FARM                        GHUMA",,"PRAVIN POKAR",,,,,,AAMPP7795D,AHMEDABAD,0,,,umiyawoodply@yahoo.co.in,,,0,0,,0,,,,0,1971-01-01,1971-01-01,1971-01-01,,,,380058,0,0,no,no,no,no,,,,
U801,"UJAGAR SINGH & SONS",,KARNAL,"KARNAL",,Y,0,0,0,N,0,,O,"",,"OPP.S.D.GIRLS SCHOOL RAILWAY ROAD",,"VIKRAM JEET SINGH",,,,,,AMMPS4120M,KARNAL,0,,,,,,0,0,,0,,,,0,0000-00-00,0000-00-00,0000-00-00,,,,,0,0,,no,,no,,,,
U810,"UNIVERSAL PLYWOOD CENTRE",9427666926,SURENDRANAGAR,"SURENDRANAGAR",,Y,0,45,0,N,0,332,D,"",,"KACHWALA BUILDINGJAWAHAR CHOWKSURENDRANAGAR",,"NARENDRA CHUDGAR",2752222926,,,,,AAWPC0048C,SURENDRANAGAR,0,,,tirthplylam@gmail.com,,,0,0,,0,,,,0,0000-00-00,0000-00-00,0000-00-00,,,,363001,0,0,,no,,no,,,,
U860,"UJAGAR SINGH & SONS,",9896692505,KARNAL(HARYANA),"KARNAL(HARYANA)",,Y,0,0,0,N,0,,O,"",,"OPP. S.D.GIRLS HIGH SCHOO RAILWAY ROAD",,"",,,,,,AMMPS4120M,KARNAL(HARYANA),0,,,,,,0,0,,0,,,,0,0000-00-00,0000-00-00,0000-00-00,,,,,0,0,,no,,no,,,,
U960,"UNIQUE TIMBER & FURNITURE,",,NOIDA (U.P),"NOIDA (U.P)",,Y,0,,0,N,0,,O,"",,"E-93 SECTOR-9",,"",,,,,,AACFU7280J,NOIDA (U.P),0,,,,,,0,0,,0,,,,0,0000-00-00,0000-00-00,0000-00-00,,,,,0,0,,no,,no,,,,
U9999,"UNNAMED PARTY",,KOLKATA,"KOLKATA",,Y,0,0,0,N,0,457,O,"",,"NOT AVAILABLE",,"0",,,,,,,KOLKATA,0,,,0,,,0,0,,0,,,,0,0000-00-00,0000-00-00,0000-00-00,,,,700016,0,0,,,,,,,,
UNRG,"UNREGISTERED PARTIES",,,"",,Y,0,,0,N,0,,O,"",,"",,"",,,,,,,,0,,,,,,0,0,,0,,,,0,0000-00-00,0000-00-00,0000-00-00,,,,,0,0,,no,,no,,,,
V011,"V.K.KHANNA",,,"",,Y,0,,0,N,0,,O,"",,"",,"",,,,,,,,0,,,,,,0,0,,0,,,,0,0000-00-00,0000-00-00,0000-00-00,,,,,0,0,,no,,no,,,,
V017,"SRI VENKATARAMANA GLASS & PLYWOOD.",09845076411,Bangalore,"BANGALORE",,Y,500000,60,0,N,0,553,D,"",,"#16 KAMMANAHALLI MAIN ROADHENNUR BANASVADI LAYOUTNEAR CHURCH",,"DEEPAK",,,,,,,BANGALORE,0,,,,,,0,0,,0,,,,0,0000-00-00,0000-00-00,0000-00-00,,,,560084,0,0,,no,,no,,,,
V023,"VIRAL BUILDING WARE HIMATNAGAR",9426281539,HIMATNAGAR,"HIMATNAGAR",,Y,1000000,45,0,N,0,332,D,"",,"7 OLD MARKET YARDOPP. RAILWAY CROSINGHIMATNAGAR",,"HIMANSU PATEL",02772243939,,,,,ACOPP9312J,HIMATNAGAR,0,,,vbhware@yahoo.com,,,0,0,,0,,,,0,0000-00-00,0000-00-00,0000-00-00,,,,383001,0,0,,no,,no,,,,
V046,"VIVEKANAND KENDRA PRAKASHAN",,,"",,Y,0,,0,N,0,,O,"",,"",,"",,,,,,,,0,,,,,,0,0,,0,,,,0,0000-00-00,0000-00-00,0000-00-00,,,,,0,0,,no,,no,,,,
V079,"VISVESVARAYA IND. & TECH MUSEUM",09448881066,Bangalore,"BANGALORE",,Y,500000,45,0,N,0,553,P,"",,"TECHNOLOGICAL MUSEUMKASTURBA ROAD",,"",,,,,,,BANGALORE,0,,,vitmuseum@gmail.com,,,0,0,,0,,,,0,0000-00-00,0000-00-00,0000-00-00,,,,560001,0,0,,no,,no,,,,
V087,"VYSYA RAJU & VYSYA RAJU",,BEHRAMPUR,"BEHRAMPUR",,Y,150000,30,0,N,0,,O,"",,"ALUMUNIUM & PLYLAND BADA BAZAR GANJAM",,"SAIRAM RAJU",,,,,,,BEHRAMPUR,0,,,,,,0,0,,0,,,,0,0000-00-00,0000-00-00,0000-00-00,,,,,0,0,,no,,no,,,,
V097,"VISHWA SHANTI BUILDERS",,NEW DELHI,"NEW DELHI",,Y,0,,0,N,0,,O,"",,"88DESHBANDHU APARTMENTS KALKAJI",,"",,,,,,,NEW DELHI,0,,,,,,0,0,,0,,,,0,0000-00-00,0000-00-00,0000-00-00,,,,,0,0,,no,,no,,,,
V098,"VINAYAK PLYWOOD",,NEW DELHI,"NEW DELHI",,Y,0,,0,N,0,,O,"",,"575 MAIN ROAD CHIRAG DELHI",,"",,,,,,AIZPG9516A,NEW DELHI,0,,,,,,0,0,,0,,,,0,0000-00-00,0000-00-00,0000-00-00,,,,,0,0,,no,,no,,,,
V1000,"V N ENTERPRISES",,Pune,"PUNE",,Y,0,,0,N,0,,O,"",,"296M.G.ROAD",,"",,,,,,AEXPD7972D,PUNE,0,,,,,,0,0,,0,,,,0,0000-00-00,0000-00-00,0000-00-00,,,,,0,0,,no,,no,,,,
V1008,"VENUS PLYWOODS",,GHAZIABAD(U.P),"GHAZIABAD(U.P)",,Y,0,,0,N,0,,O,"",,"SHOP NO.-3 SHRIRAM TIMBE",,"",,,,,,,GHAZIABAD(U.P),0,,,,,,0,0,,0,,,,0,0000-00-00,0000-00-00,0000-00-00,,,,,0,0,,no,,no,,,,
V1021,"VENTURA INTERNATIONAL PVT. LTD.",9560824333,NEW DELHI,"NEW DELHI",S10056,Y,60000000,60,0,N,0,,D,"",,"1/120 WHS TIMBER MKT KIRTI NAGAR",,"MANISH MAHESHWARI",,,,,,AAACV9516B,NEW DELHI,0,,,accounts@venturaindia.com,,,0,0,,0,,,,0,0000-00-00,0000-00-00,0000-00-00,,,,110015,0,0,,,,no,,,,
V1032,"VASTUSHILP",,AKOLA,"AKOLA",,Y,1000000,45,0,N,0,331,D,"",,"SHAWAGI PLOTNEAR TOWERAKOLA",,"",,,,,,,AKOLA,0,,,,,,0,0,,0,,,,0,0000-00-00,0000-00-00,0000-00-00,,,,444001,0,0,,no,,no,,,,
V1033,"VICKY TRADERS JHANSI (U.P.)",,JHANSI (U.P.),"JHANSI (U.P.)",,Y,0,,0,N,0,,O,"",,"SHOP NO.2-3KASTURI COMPL JHOKAN BAGH",,"",,,,,,,JHANSI (U.P.),0,,,,,,0,0,,0,,,,0,0000-00-00,0000-00-00,0000-00-00,,,,,0,0,,no,,no,,,,
V1044,"VICTORA HOSPITILITIES PVT.LTD.",,GREATOR NOIDA (U.P.),"GREATOR NOIDA (U.P.)",,Y,0,,0,N,0,,O,"",,"C-8SITE-IVSECOND CROSS AVENUE ROADKASNA",,"",,,,,,,GREATOR NOIDA (U.P.),0,,,,,,0,0,,0,,,,0,0000-00-00,0000-00-00,0000-00-00,,,,,0,0,,no,,no,,,,
V1050,"VAGESWARI GLASS HOUSE",,,"",,Y,0,,0,N,0,,O,"",,"NEW COLONY RAYAGADA ORISSA",,"",,,,,,,,0,,,,,,0,0,,0,,,,0,0000-00-00,0000-00-00,0000-00-00,,,,,0,0,,no,,no,,,,
V1050,"VAGESWARI GLASS HOUSE",,NULL,"NULL",,Y,0,,0,N,0,,O,"",,"NEW COLONY RAYAGADA ORISSA",,"",,,,,,,,0,,,,,,0,0,,0,,,,0,0000-00-00,0000-00-00,0000-00-00,,,,,0,0,,no,,no,,,,
V1052,"VIJENDRA KUMAR",,DELHI,"DELHI",,Y,0,,0,N,0,,O,"",,"",,"",,,,,,,DELHI,0,,,,,,0,0,,0,,,,0,0000-00-00,0000-00-00,0000-00-00,,,,,0,0,,no,,no,,,,
V107,"VINOD SALES CORPORATION",9810026263,DELHI,"DELHI",S10042,Y,8000000,45,0,N,0,441,D,"",,"WP-480/3 SHIV MARKET WAZIRPUR",,"ANIL BANSAL",,,,,,AAAFV3928N,DELHI,0,,,vinodsalescorp@gmail.com,,,0,0,,0,,,,0,0000-00-00,0000-00-00,0000-00-00,,,,110052,0,0,,,,,,,,
V1070,"VISHAL PLYWOOD",9931535656,DHANBAD,"DHANBAD",,Y,700000,30,0,N,0,222,D,"",,"SHASTRI NAGAR NEAR SKYLARK HOTEL",,"VINOD KAKKAR",3262305522,,,,,ACIPM9400A,DHANBAD,0,,,vpkakkar2004@yahoo.co.in,,,0,0,,0,,,,0,0000-00-00,0000-00-00,0000-00-00,,,,826001,0,0,,,,,,,,
V1072,"VAISHNAVI PLYWOOD & HARDWARE CENTRE",,SOLAPUR,"SOLAPUR",,Y,1000000,45,0,N,0,331,D,"",,"SHOP NO:519 SHASWAT HEIGHTSMANIK CHOWKSHUKRAWAR PETH",,"",,,,,,,SOLAPUR,0,,,,,,0,0,,0,,,,0,0000-00-00,0000-00-00,0000-00-00,,,,413003,0,0,,no,,no,,,,
V1073,"VIKASH",,DELHI,"DELHI",,Y,0,,0,N,0,,O,"",,"SHAHDRA",,"",,,,,,,DELHI,0,,,,,,0,0,,0,,,,0,0000-00-00,0000-00-00,0000-00-00,,,,,0,0,,no,,no,,,,
V1074,"VINEET SHARMA",,RAJASTHAN,"",,Y,0,,0,N,0,,O,"",,"BHADADA BAGH BHILWAR",,"",,,,,,,RAJASTHAN,0,,,,,,0,0,,0,,,,0,0000-00-00,0000-00-00,0000-00-00,,,,,0,0,,no,,no,,,,
V1081,"VIJAY ANAND & ASSOCIATES (P) LTD.",9810610966,NEW DELHI,"NEW DELHI",S10008,Y,0,60,0,N,0,441,P,"",,"B104 PHASE-I MAYAPURI INDUSTRIAL AREA",,"",,,,,,,NEW DELHI,0,,,vaapl@airtelmail.in,,,0,0,,0,,,,0,0000-00-00,0000-00-00,0000-00-00,,,,110064,0,0,no,no,,no,,,,
V1084,"VIVEKANANDA TIMBER CO",9436122109,AGARTALA,"AGARTALA",S01815,Y,2500000,45,0,N,0,215,D,"",,"GANGAIL ROAD OPP. R.K.MISSION TRIPURA WEST",,"",,,,,,AAFFV5932P,AGARTALA,0,,,vivekanandatimberco@gmail.com,,,0,0,,0,,,,0,0000-00-00,0000-00-00,0000-00-00,,,,799001,0,0,,,,,,,,
V1087,"VISWAKARMA HARDWARE",9546654333,Bangalore,"BANGALORE",,Y,0,30,0,N,0,219,D,"",,"DHARAM SALA ROAD",,"UTTAM KUMAR",8294999641,,,,,,RAJGIR,0,,,,,,0,0,,0,,,,0,0000-00-00,0000-00-00,0000-00-00,,,,803116,0,0,,no,,no,,,,
V1087,"VISWAKARMA HARDWARE",9546654333,RAJGIR,"RAJGIR",,Y,0,30,0,N,0,219,D,"",,"DHARAM SALA ROAD",,"UTTAM KUMAR",8294999641,,,,,,RAJGIR,0,,,,,,0,0,,0,,,,0,0000-00-00,0000-00-00,0000-00-00,,,,803116,0,0,,no,,no,,,,
V109,"VIJAYALAXMI GLASS & PLYWOOD",09844166024,Bangalore,"BANGALORE",,Y,1000000,60,0,N,0,553,O,"",,"Bvk Iyengar RoadBANGALORE",,"",080-22876280,,,,,,BANGALORE,0,,,vigp84@gmail.com,,,0,0,,0,,,,0,0000-00-00,0000-00-00,0000-00-00,,,,560053,0,0,,no,,no,,,,
V1100,"VARINDERA CONSTRUCTIONS LTD",,NEW DELHI,"NEW DELHI",S10008,Y,0,0,0,N,0,,D,"",,"BATHINDA HOUSESHIKARGARH CHOWKARMY AREA",,"SHAILENDRA SINGH",2912577315,,,,,AABCV3315P,JODHPUR,0,,,apc.jodhpur@gmail.com,,,0,0,,0,,,,0,0000-00-00,0000-00-00,0000-00-00,,,,342001,0,0,,no,,no,,,,
V1100,"VARINDERA CONSTRUCTIONS LTD",,JODHPUR,"JODHPUR",S10008,Y,0,0,0,N,0,,D,"",,"BATHINDA HOUSESHIKARGARH CHOWKARMY AREA",,"SHAILENDRA SINGH",2912577315,,,,,AABCV3315P,JODHPUR,0,,,apc.jodhpur@gmail.com,,,0,0,,0,,,,0,0000-00-00,0000-00-00,0000-00-00,,,,342001,0,0,,no,,no,,,,
V1100,"VARINDERA CONSTRUCTIONS LTD",,Panjim,"PANJIM",S10008,Y,0,0,0,N,0,,D,"",,"BATHINDA HOUSESHIKARGARH CHOWKARMY AREA",,"SHAILENDRA SINGH",2912577315,,,,,AABCV3315P,JODHPUR,0,,,apc.jodhpur@gmail.com,,,0,0,,0,,,,0,0000-00-00,0000-00-00,0000-00-00,,,,342001,0,0,,no,,no,,,,
V1109,"VIJAY PLYWOODS",9838618399,JHANSI,"JHANSI",,Y,1500000,45,0,N,0,,D,"",,"MADHUR PLAZA COMPLEXJHOKHAN BAGH",,"MANISH VIJAYWARGIA",,,,,,ABBPV1392E,JHANSI,0,,,vijayplywoods@gmail.com,,,0,0,,0,,,,0,0000-00-00,0000-00-00,0000-00-00,,,,284001,0,0,,no,,no,,,,
V1118,"VIJAY SALES CORPORATION",9810066203,NEW DELHI,"NEW DELHI",S10042,Y,0,0,0,N,0,441,O,"",,"GROUND FLOOR SHOP NO. 108               H.NO. 190 SHIVA MARKET PITAMPURA",,"LOVEKESH G",,,,,,ADEPG6307P,DELHI,0,,,vijaysalescorporation.108@gmail.com,,,0,0,,0,,,,0,0000-00-00,0000-00-00,0000-00-00,,,,110034,0,0,,,,,,,,
V1118,"VIJAY SALES CORPORATION",9810066203,DELHI,"DELHI",S10042,Y,0,0,0,N,0,441,O,"",,"GROUND FLOOR SHOP NO. 108               H.NO. 190 SHIVA MARKET PITAMPURA",,"LOVEKESH G",,,,,,ADEPG6307P,DELHI,0,,,vijaysalescorporation.108@gmail.com,,,0,0,,0,,,,0,0000-00-00,0000-00-00,0000-00-00,,,,110034,0,0,,,,,,,,
V1121,"VANDANA GUJRATI",,INDORE,"INDORE",,Y,500000,30,0,N,0,446,O,"",,"44&45MTD COMPOUND",,"VANDANA GUJRATI",07314006758,,,,,ABOPG8966E,INDORE,0,,,,,,0,0,,0,,,,0,0000-00-00,0000-00-00,0000-00-00,,,,452001,0,0,,no,,no,,,,
V1122,"VARUN LAMINATES",9825151841,VADODARA,"VADODARA",S01801,Y,0,0,0,N,0,332,D,"",,"PLOT#25PRAMUKH SWAMI NAGAR PART 3 T.P.-13 CHHANI JAKAT NAKA",,"SURESH UDHWANI",,,,,,AAJPU0491N,VADODARA,0,,,varunlaminates@gmail.com,,,0,0,,0,,,,0,0000-00-00,0000-00-00,0000-00-00,,,,390024,0,0,,,,,,,,
V1137,"VIJAY LAXMI SALES CORPORATION",-723377,NAVSARI,"NAVSARI",S10042,Y,0,0,0,N,0,332,O,"",,"12 SWEET HOME APPARTMENT                NEAR AXIS BANK GANDEVI ROAD             LUNCIKUI ROAD NAVSARI",,"0",,,,,,ABOPC4405A,NAVSARI,0,,,,,,0,0,,0,,,,0,1971-01-01,1971-01-01,1971-01-01,,,,396445,0,0,no,no,no,no,,,,
V1148,"VERTEX CONSTRUCTION COMPANY",9212212292,MEERUT,"MEERUT",S10008,Y,0,45,0,N,0,441,P,"",,"SUBHARTI UNIVERSITYSUBHARTI PURAM MEERUT BY PASS ROAD",,"",,,,,,AAJPA3831G,MEERUT,0,,,info@vertexconstruction.in,,,0,0,,0,,,,0,0000-00-00,0000-00-00,0000-00-00,,,,250110,0,0,no,no,,no,,,,
V1158,"VIDYA DEVI JINDAL SCHOOL",9896419611,HISSAR,"HISSAR",,Y,0,0,0,N,0,,P,"",,"DELHI ROAD  India",,"",,,,,,AAATV0599H,HISSAR,0,,,pinkitolani@vdjs.in,,,0,0,,0,,,,0,0000-00-00,0000-00-00,0000-00-00,,,,,0,0,,no,,no,,,,
V1163,"VENKATADRI ASSOCIATES",09422174898,LATUR,"LATUR",,Y,0,30,0,N,0,331,D,"",,"Lahoti CompoundDayaram Road",,"MANISH BANDEWAR",,,,,,ALRPB7472M,Latur,0,,,venkatadriplywoodlatur@gmail.com,,,0,0,,0,,,,0,0000-00-00,0000-00-00,0000-00-00,,,,413512,0,0,,no,,no,,,,
V1164,"VARSHA CEMENT PIPE INDUSTRIES",,VADODARA,"VADODARA",,Y,0,15,0,N,0,,O,"",,"BH ASHAPURA WEIGH BRIDGE MANJUSAR SAVLI RD MANJUSAR TA SARLI India",,"",,,,,,,VADODARA,0,,,,,,0,0,,0,,,,0,0000-00-00,0000-00-00,0000-00-00,,,,,0,0,,no,,no,,,,
V1165,"VENEER SPOT",9820810745,MUMBAI,"MUMBAI",,Y,2500000,30,0,N,0,331,O,"",,"(DIV OF JINENDRA TRADING HOUSE LLP)SHOP# 4 MOHAN CENTREV.P.RDVILE PARLE (WEST)",,"",,,,,,,Mumbai,0,,,dhirajvsp@gmail.com,,,0,0,,0,,,,0,0000-00-00,0000-00-00,0000-00-00,,,,400056,0,0,,no,,no,,,,
V1168,"VARIETY PLYWOOD",9822053151,Pune,"PUNE",,Y,1500000,30,0,N,0,331,D,"",,"PLOT NO:60 NEW TIMBER MARKETBHAWANI PETH",,"",,,,,,,PUNE,0,,,varietyplylam@yahoo.co.in,,,0,0,,0,,,,0,0000-00-00,0000-00-00,0000-00-00,,,,411042,0,0,,no,,no,,,,
V1170,"VENUS LAMINATES",9915445566,JALLANDHAR,"JALLANDHAR",S10004,Y,1000000,0,0,N,0,454,O,"",,"VILLAGE & P.O.RAIPUR-RASULPURPATHANKOT ROAD",,"",,,,,,AAEFV4111H,JALLANDHAR,0,,,,,,0,0,,0,,,,0,0000-00-00,0000-00-00,0000-00-00,,,,144001,0,0,,no,,no,,,,
V1171,"V R URBAN INTERIORS LLP",9810589222,GURGAON,"GURGAON",S10008,Y,0,45,0,N,0,441,P,"",,"595SECTOR-14 BASEMENT India",,"",,,,,,AAKFV9616R,GURGAON,0,,,vru.interiors@gmail.com,,,0,0,,0,,,,0,0000-00-00,0000-00-00,0000-00-00,,,,122002,0,0,no,no,,no,,,,
V1173,"VISHWAKARMA SALES",9667761700,BUNDI,"BUNDI",,Y,0,0,0,N,0,,D,"",,"MADHUBAN NEAR DWARIKA HOTELCHHATRAPURA ROADIndia",,"VIKAS SHARMA",,,,,,BCJPS3214A,BUNDI,0,,,vikassharma2604@gmail.com,,,0,0,,0,,,,0,0000-00-00,0000-00-00,0000-00-00,,,,323001,0,0,,no,,no,,,,
V1174,"VAHINI PAINTS",09965531949,Tiruchengode,"TIRUCHENGODE",S01405,Y,1500000,45,0,N,0,553,D,"",,"100/3 Bungalow StreetIndia",,"MOHANA SUNDARAM",,,,,,AHAPN3689D,Tiruchengode,0,,,vahinilaminates@gmail.com,,,0,0,,0,,,,0,0000-00-00,0000-00-00,0000-00-00,,,,637211,0,0,,no,,no,,,,
V1179,"VENEER WORLD",,AHMEDABAD,"AHMEDABAD",,Y,0,30,0,N,0,332,O,"",,"89 RIVERA ARCADE 100FT ROADPRAHLADNAGAR GARDEN SATELLITEIndia",,"DEVESH",,,,,,AAFFV1816L,AHMEDABAD,0,,,,,,0,0,,0,,,,0,0000-00-00,0000-00-00,0000-00-00,,,,380015,0,0,,no,,no,,,,
V1182,"VENKATADRI INFRASTRUCTURE",09422174898,LATUR,"LATUR",,Y,0,7,0,N,0,331,O,"",,"LAHOTI COMPOUNDDAYARAM ROADIndia",,"",,,,,,ALRPB7472M,LATUR,0,,,venkatadriplywoodlatur@gmail.com,,,0,0,,0,,,,0,0000-00-00,0000-00-00,0000-00-00,,,,413512,0,0,,no,,no,,,,
V1184,"VALUE LINE INTERIORS PVT.LTD.",9899588389,NEW DELHI,"NEW DELHI",S10008,Y,0,45,0,N,0,441,P,"",,"B-4/156BASEMENT SAFDARJUNG",,"",,,,,,AAACV2679M,NEW DELHI,0,,,purchase@valuelineinteriors.com,,,0,0,,0,,,,0,0000-00-00,0000-00-00,0000-00-00,,,,110029,0,0,no,no,,no,,,,
V1186,"VINAYAK MARKETING",9216450091,PANCHKULA,"PANCHKULA",,Y,0,45,0,N,0,,D,"",,"PLOT NO.337PHASE-I  India",,"SACHIN SINGHAL",,,,,,AYJPS5376C,PANCHKULA,0,,,shamsalona@yahoo.co.in,,,0,0,,0,,,,0,0000-00-00,0000-00-00,0000-00-00,,,,,0,0,,no,,no,,,,
V1187,"VIVEK INDUSTRIES",9431269208,ARARIA,"ARARIA",,Y,0,15,0,N,0,,O,"",,"BAIJNATHPUR R.S.ROAD India",,"",,,,,,ADDPB3624K,ARARIA,0,,,ramjaju67@gmail.com,,,0,0,,0,,,,0,0000-00-00,0000-00-00,0000-00-00,,,,,0,0,,no,,no,,,,
V1188,"VARSHA NAGPAL",9926200005,GWALIOR,"GWALIOR",,Y,1000000,30,0,N,0,446,P,"",,"B27-28DB CITYIndia",,"BHARAT NAGPAL",,,,,,ACWPN7006K,GWALIOR,0,,,tanushuk17@rediffmail.com,,,0,0,,0,,,,0,0000-00-00,0000-00-00,0000-00-00,,,,474003,0,0,,no,,no,,,,
V119,"VAIBHAV HEALTH AND CARE LTD.",,BADDI  (H.P.),"BADDI  (H.P.)",,Y,0,,0,N,0,,O,"",,"P.O.MANPURA TAHSEEL:-NALAGARH",,"",,,,,,,BADDI  (H.P.),0,,,,,,0,0,,0,,,,0,0000-00-00,0000-00-00,0000-00-00,,,,,0,0,,no,,no,,,,
V1190,"VEENA VADINI SAMAJ KALYAN VIKAS SAMITI",9425112011,GWALIOR,"GWALIOR",,Y,1000000,30,0,N,0,446,P,"",,"KALYAN VIKAS SAMITIGUPTA TRANSPORT NAGARIndia",,"VIVEK GUPTA",,,,,,AAAAV2713J,GWALIOR,0,,,venuspublic@gmail.com,,,0,0,,0,,,,0,0000-00-00,0000-00-00,0000-00-00,,,,474003,0,0,,no,,no,,,,
V1199,"VIJAYNATH ROOF & WALL CLADDING SYSTEM (P)LTD.",8884616177,EAST DELHI,"EAST DELHI",S10008,Y,0,0,0,N,0,441,P,"",,"3/43 RAM MOHALLA JOHARIPUR",,"DEEPAK VETKAR",,,,,,AABCV6494M,EAST DELHI,0,,,deepak@vijaynat.in,,,0,0,,0,,,,0,0000-00-00,0000-00-00,0000-00-00,,,,110094,0,0,no,no,,no,,,,
V1209,"VISHANU HARDWARE AND GLASS HOUSE",7277825708,GOPALGANJ,"GOPALGANJ",S01386,Y,300000,30,0,N,0,219,D,"",,"N H 28 SASAMUSAGOPALGANJIndia",,"DHARMENDRA PRASAD",,,,,,AWOPP6839J,GOPALGANJ,0,,,vishanuhardwareandglasshouse123@gmail.com,,,0,0,,0,,,,0,0000-00-00,0000-00-00,0000-00-00,,,,841505,0,0,,no,,no,,,,
V1221,"VINAYAK SALES",8601878900,LUCKNOW,"LUCKNOW",,Y,500000,45,0,N,0,,D,"",,"AHIMAMANNEAR SAHEED PATHSILTANPUR ROADIndia",,"SHAILENDRA PATHAK",,,,,,AFDPD6943D,LUCKNOW,0,,,vinayaksales9999@gmail.com,,,0,0,,0,,,,0,0000-00-00,0000-00-00,0000-00-00,,,,226002,0,0,,no,,no,,,,
V1228,"VIJETA PLYWOODS",9900514379,Bangalore,"BANGALORE",,Y,3000000,60,0,N,0,553,D,"",,"# 42/A Malagala Main RoadNagarbhavi 2nd StageIndia",,"SANJEEV KUMAR",,,,,,AOXPK5171K,Bangalore,0,,,vijetaplywood4379@gmail.com,,,0,0,,0,,,,0,0000-00-00,0000-00-00,0000-00-00,,,,560091,0,0,,no,,no,,,,
V1233,"VAHINI MODULAR KITCHEN PRODUCTS",7373551199,Tiruchengode,"TIRUCHENGODE",S01405,Y,1000000,60,0,N,0,553,D,"",,"100/2 Bungalow StreetTiruchengodeIndia",,"VAHINI MOHANA",,,,,,AELPV7285D,TIRUCHENGODE,0,,,vahinilaminates@gmail.com,,,0,0,,0,,,,0,0000-00-00,0000-00-00,0000-00-00,,,,637211,0,0,,no,,no,,,,
V1234,"VEE KAY PLY STORE",9812178219,KURUKSHETRA,"KURUKSHETRA",,Y,600000,30,0,N,0,,D,"",,"AMBEDKAR CHOWK NEAR RAILWAY CROSSING India",,"ANIRUDH GOYAL",,,,,,AATPG3336L,KURUKSHETRA,0,,,vkplystore@gmail.com,,,0,0,,0,,,,0,0000-00-00,0000-00-00,0000-00-00,,,,,0,0,,no,,no,,,,
V1239,"VIJAY PLYWOOD & HARDWARE",9423149968,Aurangabad,"AURANGABAD",S01386,Y,0,30,0,N,0,221,D,"",,"N-6 M-5 BAJRANG CHOWK CIDCO",,"VIJAYPRAKASH VISHWAKARMA",,,,,,ADAPV5888N,AURANGABAD,0,,,vijayplywood@yahoo.com,,,0,0,,0,,,,0,0000-00-00,0000-00-00,0000-00-00,,,,,0,0,,no,,no,,,,
V1244,"VIKASH HARDWARE",7667654131,JAMSHEDPUR,"JAMSHEDPUR",,Y,0,0,0,N,0,222,D,"",,"SHOP NO.-16 HOLDING NO. - 501KADIR MARKET SAKCHIIndia",,"VIKASH",9431131156,,,,,AICPA1317Q,JAMSHEDPUR,0,,,vikashag15@gmail.com,,,0,0,,0,,,,0,0000-00-00,0000-00-00,0000-00-00,,,,831001,0,0,,no,,no,,,,
V1254,"VISHAL PLYWOODS",,DHANBAD,"DHANBAD",,Y,0,0,0,N,0,222,O,"",,"SHASTRI NAGAR",,"AJAY KUMAR MEHTA",,,,,,ACIPM9400A,DHANBAD,0,,,,,,0,0,,0,,,,0,0000-00-00,0000-00-00,0000-00-00,,,,826001,0,0,,,,,,,,
V1263,"VISHWAKARMA TIMBER & STONE MERCHANT",9728880084,BHIWANI,"BHIWANI",,Y,0,0,0,N,0,,D,"",,"PLOT NO-1 NEW KATH MANDI BHIWANI India",,"RAMESH CHANDER",,,,,,AALPC8374J,BHIWANI,0,,,bhupenderj58@gmail.com,,,0,0,,0,,,,0,0000-00-00,0000-00-00,0000-00-00,,,,,0,0,,no,,no,,,,
V1267,"VARDHMAN ENTERPRISES",9889550911,LALITPUR,"LALITPUR",S10317;,Y,0,0,0,N,0,447,D,"",,"SHAHI ROAD KATRA BAZAR SAVARKAR CHOWK LALITPUR",,"NILESH KUMAR JAIN",,,,,,AENPJ2798H,LALITPUR,0,,,nkjain1978@rediffmail.com,,,0,0,,0,,,,0,0000-00-00,0000-00-00,0000-00-00,,,,284403,0,0,,,,,,,,
V1301,"VENEER KHAZANA",+91-92740-01212,RAJKOT,"RAJKOT",S01769;D02029,Y,0,0,0,N,0,332,D,"",,"FIRST FLOOR SHOP NO-21                 RAJ RATANA COMPLEX TAGORE ROAD",,"PRABHUBHAI BAR",,,,,,AASFV2692P,RAJKOT,0,,,,,,0,0,,0,,,,0,0000-00-00,0000-00-00,0000-00-00,,,,360002,0,0,,,,,,,,
V1303,"VEE KAY TRADERS",9915321200,AMRITSAR,"AMRITSAR",,Y,2000000,30,0,N,0,454,D,"",,"8 MISSION SHOP MISSION COMPOUNDCOURT ROAD",,"",,,,,,AEQPK5544K,AMRITSAR,0,,,khanna.vishal1980@gmail.com,,,0,0,,0,,,,0,0000-00-00,0000-00-00,0000-00-00,,,,143001,0,0,,no,,no,,,,
V1308,"VEER TEJA PAINTS HARDWARE",9866418199,BANSWADA,"BANSWADA,",S01700;S01700,Y,0,0,0,N,0,554,D,"",,"MAIN ROAD D.NO: 5-5-125/2/1            BANSWADAKAMAREDDY",,"VAMSHI REDDY VADIYALA",8336801700,,,,,AKQPD6897G,BANSWADA,0,,,veertejap@gmail.com,,,0,0,,0,,,,0,1971-01-01,1971-01-01,1971-01-01,,,,503187,0,0,no,no,no,no,,,,
V1308,"VEER TEJA PAINTS HARDWARE",9866418199,BANSWADA,"BANSWADA",S01700;S01700,Y,0,0,0,N,0,554,D,"",,"MAIN ROAD D.NO: 5-5-125/2/1            BANSWADAKAMAREDDY",,"VAMSHI REDDY VADIYALA",8336801700,,,,,AKQPD6897G,BANSWADA,0,,,veertejap@gmail.com,,,0,0,,0,,,,0,1971-01-01,1971-01-01,1971-01-01,,,,503187,0,0,no,no,no,no,,,,
V1310,"VIJAY NIRMAN COMPANY PVT LTD",1128742564,NEW DELHI,"NEW DELHI",S10155;S10155,Y,0,0,0,N,0,451,P,"",,"GROUND FLOOR FLAT NO. 2 POCKET NO. 7 SECTOR-12DWARKA",,"ADITYA",,,,,,AABCV6001E,NEW DELHI,0,,,nnbuildcon@gmail.com,,,0,0,,0,,,,0,0000-00-00,0000-00-00,0000-00-00,,,,110075,0,0,,,,no,,,,
V1310,"VIJAY NIRMAN COMPANY PVT LTD",1128742564,DWARKA,"DWARKA",S10155;S10155,Y,0,0,0,N,0,451,P,"",,"GROUND FLOOR FLAT NO. 2 POCKET NO. 7 SECTOR-12DWARKA",,"ADITYA",,,,,,AABCV6001E,NEW DELHI,0,,,nnbuildcon@gmail.com,,,0,0,,0,,,,0,0000-00-00,0000-00-00,0000-00-00,,,,110075,0,0,,,,no,,,,
V1312,"VAISHNAVI HARDWARE & PAINTS",8543898519,GORAKHPUR,"GORAKHPUR",S10221,Y,0,0,0,N,0,447,O,"",,"NEAR ENGINEERING COLLEGE GATE SHOP 01DEORIA ROADKHURAGHAT",,"RAVI KUMAR SHARMA",,,,,,BXUPS3508M,GORAKHPUR,0,,,0,,,0,0,,0,,,,0,0000-00-00,0000-00-00,0000-00-00,,,,273008,0,0,,no,,no,,,,
V1316,"VISHWAKARMA ENTERPRISES",9155865659,RANCHI,"RANCHI",,Y,0,0,0,N,0,222,D,"",,"NEAR BANDHU NAGARVISHWAKARMA NIWAS BIRSA CHOWK DORANDA",,"SATENDRA SHARMA",89874433439,,,,,AZBPS5090G,RANCHI,0,,,satendrasharma.3454@gmail.com,,,0,0,,0,,,,0,0000-00-00,0000-00-00,0000-00-00,,,,834003,0,0,,,,no,,,,
V1322,"VISION INTERIORS",7020308630,KOLHAPUR,"KOLHAPUR",S01430,Y,5000000,30,0,N,0,331,D,"",,"1 FLR ADINATH BHAVAN VYAPARI PETH SHAHUPURI",,"SHAILESH PATIL",,,,,,EQVPP5761G,KOLHAPUR,0,,,visioninteriorskop@gmail.com,,,0,0,,0,,,,0,0000-00-00,0000-00-00,0000-00-00,,,,416001,0,0,,no,,no,,,,
V1323,"V.K.TRADERS",7288916195,CHITTOOR,"CHITTOOR",S01700,Y,1500000,45,0,N,0,525,D,"",,"8/51 PRAKASAM ROAD NAGARI",,"CHIRANJEEVI KUMMARIGUNTA",9959708772,,,,,CYXPK5141B,CHITTOOR,0,,,vktradesnagari@gmail.com,,,0,0,,0,,,,0,0000-00-00,0000-00-00,0000-00-00,,,,517590,0,0,,no,,no,,,,
V1327,"VATSALYA SR SEC. SCHOOL",9827308234,SAGAR,"SAGAR",S01883,Y,0,0,0,N,0,446,P,"",,"PILI KOTHI",,"SUDHANSHU SHRIVASTAVA",,,,,,AAAAV9604L,SAGAR,0,,,HARSHSALE@YAHOO.CO.IN,,,0,0,,0,,,,0,0000-00-00,0000-00-00,0000-00-00,,,,470001,0,0,,no,,no,,,,
V1329,"VISION INFRA",9432321807,DURGAPUR,"DURGAPUR",S01519,Y,0,0,0,N,0,221,D,"",,"3RD FLOOR CITIRESIDENCI HOTEL SAHID KHUDIRAM SARANI DURGAPUR",,"PRITHWIJIT MAJUMDAR",,,,,,AAOFV6930E,DURGAPUR,0,,,prithwijitm18@gmail.com,,,0,0,,0,,,,0,0000-00-00,0000-00-00,0000-00-00,,,,713216,0,0,,no,,no,,,,
V1330,"VIJAY TIMBER",+91-99735-64571,PATNA,"PATNA",S01386,Y,0,0,0,N,0,219,O,"",,"SHIPARA                                  PATNA",,"URMILA SINHA",,,,,,CPAPS7430B,PATNA,0,,,,,,0,0,,0,,,,0,0000-00-00,0000-00-00,0000-00-00,,,,800001,0,0,,,,,,,,
V1334,"V K AND SONS SAW MILL",9837038812,MORADABAD,"MORADABAD",S10230,Y,0,0,0,N,0,447,D,"",,"MEHLAKPUR ROAD AGWANPUR PAPER MILL CHAURAHA",,"VIVEK AGARWAL",,,,,,AALFV4610Q,MORADABAD,0,,,vksplywood,,,0,0,,0,,,,0,0000-00-00,0000-00-00,0000-00-00,,,,244001,0,0,,,,no,,,,
V1341,"VARUN KHETAWAT",9669003500,RAIPUR,"RAIPUR",S01883,Y,0,0,0,N,0,446,P,"",,"4037 SWARNBHOOMI",,"VARUN KHETAWAT",,,,,,ALLPK7132R,RAIPUR,0,,,varunkhetawat@gmail.com,,,0,0,,0,,,,0,0000-00-00,0000-00-00,0000-00-00,,,,492001,0,0,,,,no,,,,
V1343,"VED ENTERPRISE",9998898617,HIMATNAGAR,"HIMATNAGAR",,Y,0,0,0,N,0,332,O,"",,"GC 4 NEW DURGAZAAZAR NEAR RAILWAY CROSSING",,"DAXESH PATEL",,,,,,AAPFV3850J,HIMATNAGAR,0,,,dmpatel7777@gmail.com,,,0,0,,0,,,,0,0000-00-00,0000-00-00,0000-00-00,,,,383001,0,0,,,,,,,,
V1345,"VIVEK TIMBER",9479240837,AMBIKAPUR,"AMBIKAPUR",S10014,Y,0,0,0,N,0,420,O,"",,"RAMANUJGANJ ROAD SURGUJA",,"VIVEK KUMAR AGARWAL",,,,,,AHDPA5917E,AMBIKAPUR,0,,,vivek.amb.lafarge@gmail.com,,,0,0,,0,,,,0,0000-00-00,0000-00-00,0000-00-00,,,,497001,0,0,,,,no,,,,
V1349,"VENEER SHOPPI",+91-98060-22819,BHOPAL,"BHOPAL",S01883;D02049,Y,0,0,0,N,0,446,P,"",,"PLOT NO.205 ARYA PALACE HOTEL           OPP RAILWAY LINE M.P. NAGAR - 2",,"MOTARAM SUTHAR",,,,,,AAKFV9486B,BHOPAL,0,,,,,,0,0,,0,,,,0,0000-00-00,0000-00-00,0000-00-00,,,,462011,0,0,,,,,,,,
V1350,"VIJAYALAXMI SALES CORPORATION",9998891949,NAVSARI,"NAVSARI",,Y,0,0,0,N,0,332,O,"",,"LUNSIKUI GF SHOP NO G2 SWEET HOME APPTS. GANDEVI ROAD",,"DINESHBHAI CHOUDHARY",9998891949,,,,,AGGPC9370B,NAVSARI,0,,,vijaylaxmisc@gmail.com,,,0,0,,0,,,,0,0000-00-00,0000-00-00,0000-00-00,,,,396445,0,0,,,,,,,,
V1353,"VRINDAVAN PLYWOOD AND TIMBERS",9821985800,GREATER NOIDA,"GREATER NOIDA",S10015,Y,0,0,0,N,0,441,D,"",,"E-44 SITE-4 KASNA IND. AREA UPSIDC IND. AREA G.B. NAGAR",,"SOMESH SHUKLA",,,,,,CNXPS8125G,GREATER NOIDA,0,,,vrindavanplywoodgn@gmail.com,,,0,0,,0,,,,0,0000-00-00,0000-00-00,0000-00-00,,,,201308,0,0,,,,,,,,
V1354,"VIKASH GLASS HOUSE",9352849861,JORHAT,"JORHAT",S01825;S01785,Y,0,0,0,N,0,215,D,"",,"HOLDING NO-828VIKASH GLASS HOUSE WARD NO-8BABUPATTY",,"",,,,,,BIVPP6112J,JORHAT,0,,,dkvikashglass@gmail.com,,,0,0,,0,,,,0,0000-00-00,0000-00-00,0000-00-00,,,,785001,0,0,,,,,,,,
V1356,"VIJENDRA KUMAR ANUJ KUMAR",9837023692,HAPUR,"HAPUR",S10230,Y,0,0,0,N,0,448,O,"",,"122 CHANDI ROAD",,"VIJENDER KUMAR",,,,,,AADHV4711L,HAPUR,0,,,akinternational10210@gmail.com,,,0,0,,0,,,,0,0000-00-00,0000-00-00,0000-00-00,,,,245101,0,0,,,,,,,,
V136,"VIJAY KUMAR SHARMA",,,"",,Y,0,,0,N,0,,O,"",,"",,"",,,,,,,,0,,,,,,0,0,,0,,,,0,0000-00-00,0000-00-00,0000-00-00,,,,,0,0,,no,,no,,,,
V1360,"VANI ENGINEERING",9990606232,GURUGRAM,"GURUGRAM",S10223,Y,0,0,0,N,0,441,O,"",,"V.P.O.BHANGROLA IIT MANESAR NEAR RADHA KRISHAN MANDIR",,"DHARMENDRA SINGH TOMAR",,,,,,APQPT3961G,GURUGRAM,0,,,vaniengineering123@gmail.com,,,0,0,,0,,,,0,0000-00-00,0000-00-00,0000-00-00,,,,122050,0,0,,,,,,,,
V1361,"VIRAT MARKETING",9035431624,Bangalore,"BANGALORE",D02026;D02032,Y,0,0,0,N,0,553,O,"",,"268/103RD MAIN3RD CROSS               PIPELINE WESTKASTURBA NAGAR",,"KUMAR NARENDRA",,,,,,AASFV6219Q,BENGALURU,0,,,,,,0,0,,0,,,,0,1971-01-01,1971-01-01,1971-01-01,,,,560026,0,0,no,no,no,no,,,,
V1361,"VIRAT MARKETING",9035431624,BENGALURU,"BENGALURU",D02026;D02032,Y,0,0,0,N,0,553,O,"",,"268/103RD MAIN3RD CROSS               PIPELINE WESTKASTURBA NAGAR",,"KUMAR NARENDRA",,,,,,AASFV6219Q,BENGALURU,0,,,,,,0,0,,0,,,,0,1971-01-01,1971-01-01,1971-01-01,,,,560026,0,0,no,no,no,no,,,,
V137,"VISSU VIRGINCAR & SONS.",9822100145,MARGAO,"Margao",,Y,5000000,45,0,N,0,331,D,"",,"JOSE INACIO LOYOLA ROADBEHND TELEPHONE EXCHANGE",,"ATUL VIRGINCAR",,,,,,AABFV2748M,MARGAO,0,,,vvsply@yahoo.com,,,0,0,,0,,,,0,0000-00-00,0000-00-00,0000-00-00,,,,403601,0,0,,no,,no,,,,
V1374,"VIKASH HARDWARE.",,DARBHANGA,"DARBHANGA",S01386,Y,0,0,0,N,0,219,O,"",,"BELA CHOWK NEAR DURGA MANDIR            LALBAGH",,"VIKASH KUMAR",,,,,,BDBPK2812B,DARBHANGA,0,,,vikashmah85@gmail.com,,,0,0,,0,,,,0,0000-00-00,0000-00-00,0000-00-00,,,,846004,0,0,,,,,,,,
V1376,"VIVEK PLY AND HARDWARE",7765020203,DARBHANGA,"DARBHANGA",S01386,Y,0,0,0,N,0,219,O,"",,"VIVEK TRADE CENTRE BELA CHOWK NEAR DURGA MANDIR LALBAGH",,"VIVEK KUMAR",,,,,,EFMPK4612F,DARBHANGA,0,,,vivekdbg799@gmail.com,,,0,0,,0,,,,0,0000-00-00,0000-00-00,0000-00-00,,,,846004,0,0,,,,,,,,
V1388,"VANI PLYWOOD & HARDWARE",9990606232,GURUGRAM,"GURUGRAM",S10223,Y,0,0,0,N,0,441,O,"",,"SHOP NO.-5 NEAR ORRIS CORNATION RESIDENCY MANESAR SIKANDERPUR BADHA",,"SARITA TOMER",,,,,,BNGPT2219E,GURUGRAM,0,,,vaniplywoodhardware@gmail.com,,,0,0,,0,,,,0,0000-00-00,0000-00-00,0000-00-00,,,,122012,0,0,,,,,,,,
V1389,"VARSHA PLYWOOD MART",,BHUBANESWAR,"BHUBANESWAR",D02050,Y,0,0,0,N,0,,D,"",,"PS NEW CAPITAL PLOT NO 1675 1674         PANDARA MANCHESWAR KHURDHA",,"VISHAL CHHAPOLIA",,,,,,AEYPC2176D,BHUBANESWAR,0,,,varshaplywoodmart@gmail.com,,,0,0,,0,,,,0,0000-00-00,0000-00-00,0000-00-00,,,,751017,0,0,,,,,,,,
V1390,"VISHAL PLY",,RUPNARAYANPUR,"RUPNARAYANPUR",S01519,Y,0,0,0,N,0,457,D,"",,"DABOUR MORE RUPNARAYANPUR               BURDHAMAN",,"DWARIKA SHAW",,,,,,ETRPS8652E,RUPNARAYANPUR,0,,,dwarika357@gmail.com,,,0,0,,0,,,,0,0000-00-00,0000-00-00,0000-00-00,,,,713364,0,0,,,,,,,,
V1394,"VIZARK MODULARS",,HYDERABAD,"HYDERABAD",S01700;S01700,Y,0,0,0,N,0,554,D,"",,"78/A/5ST.NO-79PHASE VI INDL.PARK      JEEDIMETLA QUTHBULLAPUR MANDAL",,"KOTA KIRAN PRAJWALA CHOUDARY",,,,,,CWQPK6457B,HYDERABAD,0,,,vizark.design@gmail.com,,,0,0,,0,,,,0,0000-00-00,0000-00-00,0000-00-00,,,,500055,0,0,,,,,,,,
V1394,"VIZARK MODULARS",,QUTHBULLAPUR MANDAL,"QUTHBULLAPUR MANDAL, HYDERABAD",S01700;S01700,Y,0,0,0,N,0,554,D,"",,"78/A/5ST.NO-79PHASE VI INDL.PARK      JEEDIMETLA QUTHBULLAPUR MANDAL",,"KOTA KIRAN PRAJWALA CHOUDARY",,,,,,CWQPK6457B,HYDERABAD,0,,,vizark.design@gmail.com,,,0,0,,0,,,,0,0000-00-00,0000-00-00,0000-00-00,,,,500055,0,0,,,,,,,,
V1396,"V S DECOR & COLORS",9838589748,LUCKNOW,"LUCKNOW",S10221,Y,0,0,0,N,0,447,D,"",,"46/12 ODEON COLONY CANNT ROAD UDAIGANJ",,"VIKASH  SOOD & KOMAL SOOD",,,,,,BSZPS1348M,LUCKNOW,0,,,komalvikashsood@gmail.com,,,0,0,,0,,,,0,0000-00-00,0000-00-00,0000-00-00,,,,226001,0,0,,,,,,,,
V1400C,"V.I. PLY INDUSTRIES",9674144142,MUMBAI,"MUMBAI",,Y,0,0,0,N,0,331,O,"",,"3KALINDI BLDG82 LALA LAJPATRAI ROAD		 OPP HDFC BANK VILE PARLE WEST",,"KRITIKA KHETAN",,,,,,AAFFV1497H,MUMBAI,0,,,accounts@viply.co.in,,,0,0,,0,,,,0,0000-00-00,0000-00-00,0000-00-00,,,,400056,0,0,,,,,,,,
V1405,"VIRENDER KUMAR & CO",9028019297,PANAJI,"PANAJI",S01904;D02026,Y,0,0,0,N,0,553,O,"",,"SECOND FLOOR & 3RD FLOOR201 AND 301    SHANTA BUILDINGST.INEZPANAJI",,"Mr. VIRENDER KUMAR",,,,,,AAHPK9480H,PANAJI,0,,,virenderkumarandco@gmail.com,,,0,0,,0,,,,0,1971-01-01,1971-01-01,1971-01-01,,,,403001,0,0,no,no,no,no,,,,
V1406,"VIMAL TRADERS",9425234360,DURG,"DURG",,Y,0,0,0,N,0,364,O,"",,"7/1B AKASH GANGA						                  SUPELA DURG",,"KRISHNA PLY & H/W",8839594709,,,,,AJEPS7134E,DURG,0,,,vimaltrader@rediffmail.com,,,0,0,,0,,,,0,0000-00-00,0000-00-00,0000-00-00,,,,490023,0,0,,,,,,,,
V1412,"V V TIMBER INDUSTRIES",9423666789,NAGPUR,"NAGPUR",D01982,Y,0,0,0,N,0,331,D,"",,"21SARDAR PATEL TIMBER MARKET						      GHAT ROAD",,"BHARAT DEVSHI PATEL",,,,,,AABFV1825D,NAGPUR,0,,,vvtimberindustries@gmail.com,,,0,0,,0,,,,0,0000-00-00,0000-00-00,0000-00-00,,,,440003,0,0,,,,,,,,
V1417C,"VENUS DATA PRODUCTS PRIVATE LIMITED",9712000674,SURAT,"SURAT",,Y,0,0,0,N,0,332,O,"",,"1ST AND 2ND FLOOR 908-909               HIRA MODI NI SHERI                       OPP SUB JAIL GALI SAGRAMPURA",,"Priti Amratlal Mujaria",,,,,,AAHCV9600M,SURAT,0,,,sales.rajkot@ivenus.in,,,0,0,,0,,,,0,1971-01-01,1971-01-01,1971-01-01,,,,395001,0,0,no,no,no,no,,,,
V1421,"VIPIN KUMAR MAHESHWARI",9425415777,BHOPAL,"BHOPAL",,Y,0,0,0,N,0,,P,"",,"C-9 74 BUNGLOW",,"VIPIN KUMAR MAHESHWARI",,,,,,ADRPM6645F,BHOPAL,0,,,vipinkmaheshwari@yahoo.co.in,,,0,0,,0,,,,0,1971-01-01,1971-01-01,1971-01-01,,,,462003,0,0,no,no,no,no,,,,
V1424,"VINAYAK DECOR AND PLYWOOD",9414308627,BARAN,"BARAN",D10441,Y,0,0,0,N,0,427,D,"",,"MANDI ROAD",,"BHARAT KUMAR BANSAL",,,,,,AAMFV9473A,BARAN,0,,,vinayakdecorandplywood@gmail.com,,,0,0,,0,,,,0,1971-01-01,1971-01-01,1971-01-01,,,,325205,0,0,no,no,no,no,,,,
V1429,"VAISHNAVI PLY HARDWARE",8789822494,BIHARSHARIF,"BIHARSHARIF",D02150,Y,0,0,0,N,0,219,O,"",,"S/O-AWADHESH PRASAD BIHARSHARIF						   DEVISARAI ROAD NALANDA",,"SHUBHAM KUMAR NIRALA",,,,,,CJQPN9648Q,BIHARSHARIF,0,,,shubhamnirala2002@gmail.com,,,0,0,,0,,,,0,1971-01-01,1971-01-01,1971-01-01,,,,803101,0,0,no,no,no,no,,,,
V1441,"VK PLYWOOD",9832103797,KOLKATA,"KOLKATA",D02134,Y,0,0,0,N,0,457,D,"",,"2ND FLOOR 11 B B GANGULY STREET   BOWBAZAR",,"NIPUN KOTHARI",,,,,,AINPK1131F,KOLKATA,0,,,info@vkgroupindia.co.in,,,0,0,,0,,,,0,1971-01-01,1971-01-01,1971-01-01,,,,700012,0,0,no,no,no,no,,,,
V1443,"VISHWAS MARKETING",9726461011,MEHSANA,"MEHSANA",D02142,Y,0,0,0,N,0,332,O,"",,"F/2                               NARAYAN AVANUE                     PILAJI GUNJ",,"VIJAY CHAUDHARI",,,,,,AAOFV7385D,MEHSANA,0,,,vijay.vc31@gmail.com,,,0,0,,0,,,,0,1971-01-01,1971-01-01,1971-01-01,,,,384001,0,0,no,no,no,no,,,,
V1445,"VED CREATION",8007799777,YAVATMAL,"YAVATMAL",D02207,Y,0,0,0,N,0,331,D,"",,"MAHABALI NAGAR SHOP NO.55/42        NEAR STATE BANKARNI ROAD           WADGAONYAVATMAL",,"SHILPA VINAY MUNDHADA",,,,,,DEPPM8513C,YAVATMAL,0,,,vgmperfect@gmail.com,,,0,0,,0,,,,0,1971-01-01,1971-01-01,1971-01-01,,,,445001,0,0,no,no,no,no,,,,
V145,"V.P.JAIN",,SINGRAULI(M.P.),"SINGRAULI(M.P.)",,Y,0,,0,N,0,,O,"",,"",,"",,,,,,,SINGRAULI(M.P.),0,,,,,,0,0,,0,,,,0,0000-00-00,0000-00-00,0000-00-00,,,,,0,0,,no,,no,,,,
V157,"V.G.COMMUNICATIONS",,,"",,Y,0,,0,N,0,,O,"",,"",,"",,,,,,,,0,,,,,,0,0,,0,,,,0,0000-00-00,0000-00-00,0000-00-00,,,,,0,0,,no,,no,,,,
V158,"VARUN KUMAR",,,"",,Y,0,,0,N,0,,O,"",,"NEW DELHI",,"",,,,,,,,0,,,,,,0,0,,0,,,,0,0000-00-00,0000-00-00,0000-00-00,,,,,0,0,,no,,no,,,,
V268,"VISSU VIRGINCAR & SONS",09822100145,Goa,"GOA",,Y,5000000,45,0,N,0,331,O,"",,"JOSE INACIO LOYALA ROADBEHIND TELEPHONE EXCHANGE",,"ATUL VIRGINCAR",08322737934,,,,,AADFV2748M1Z3,GOA,0,,,vvsply@yahoo.com,,,0,0,,0,,,,0,0000-00-00,0000-00-00,0000-00-00,,,,403601,0,0,,no,,no,,,,
V3631,"VEHCLE RUNNING & MAINTENCE PAYABLE",,,"",,Y,0,,0,N,0,,O,"",,"",,"",,,,,,,,0,,,,,,0,0,,0,,,,0,0000-00-00,0000-00-00,0000-00-00,,,,,0,0,,no,,no,,,,
V703,"VADHERA BUILDERS PVT.LTD.",9810141320,GURGAON,"GURGAON",S10008,Y,0,60,0,N,0,441,P,"",,"PLOT NO.-3UDOG VIHAR PHASE-I",,"SANDEEP GUPTA",,,,,,AAACV0694C,GURGAON,0,,,sureshdhingra@vadherabuilders.com,,,0,0,,0,,,,0,0000-00-00,0000-00-00,0000-00-00,,,,122001,0,0,no,no,,no,,,,
V705,"VADEHRA FURNISHERS",9311503412,NEW DELHI,"NEW DELHI",,Y,0,30,0,N,0,,O,"",,"UNIT OF (VADEHRA BUILDERS PVT LTD) D-178OKHLA IND.AREA-1",,"SANDEEP GUPTA",,,,,,AAACV0694C,NEW DELHI,0,,,sandeepgupta@vadehrabuilders.com,,,0,0,,0,,,,0,0000-00-00,0000-00-00,0000-00-00,,,,,0,0,,no,,no,,,,
V706,"VADHERA BUILDERS LTD, LUCKNOW",,NOIDA    (U.P.),"NOIDA    (U.P.)",,Y,0,,0,N,0,,O,"",,"SITE:-H C L TECH.LTD A-5 SECTER - 24",,"",,,,,,,NOIDA    (U.P.),0,,,,,,0,0,,0,,,,0,0000-00-00,0000-00-00,0000-00-00,,,,,0,0,,no,,no,,,,
V897,"VISWAS PLYWOOD",9448387040,Bangalore,"BANGALORE",S01405,Y,2000000,60,0,N,0,553,D,"",,"NO.25 INFANTRY ROADBEHIND VIJAYA BANK",,"E.K SURENDRAN",08022862459,,,,,AELPS7930N,BANGALORE,0,,,eksviswas25@rediffmail.com,,,0,0,,0,,,,0,0000-00-00,0000-00-00,0000-00-00,,,,560001,0,0,,no,,no,,,,
W022,"WOOD MART",,,"",,Y,0,,0,N,0,,O,"",,"PATTNAYAK FILLEX CAMPUS BANSAPANI JODA KEONJHAR - 758034",,"",,,,,,,,0,,,,,,0,0,,0,,,,0,0000-00-00,0000-00-00,0000-00-00,,,,,0,0,,no,,no,,,,
W022,"WOOD MART",,NULL,"NULL",,Y,0,,0,N,0,,O,"",,"PATTNAYAK FILLEX CAMPUS BANSAPANI JODA KEONJHAR - 758034",,"",,,,,,,,0,,,,,,0,0,,0,,,,0,0000-00-00,0000-00-00,0000-00-00,,,,,0,0,,no,,no,,,,
W024,"WOOD PACKERS INDIA PVT LTD",,NEW DELHI,"NEW DELHI",,Y,0,,0,N,0,,O,"",,"2033CHITRA GUPTA ROAD PAHARGANJ",,"",,,,,,,NEW DELHI,0,,,,,,0,0,,0,,,,0,0000-00-00,0000-00-00,0000-00-00,,,,,0,0,,no,,no,,,,
W025,"WINDOW STYLE",,,"",,Y,0,,0,N,0,,O,"",,"",,"",,,,,,,,0,,,,,,0,0,,0,,,,0,0000-00-00,0000-00-00,0000-00-00,,,,,0,0,,no,,no,,,,
W026,"WOODKRAFT INDIA LTD",09845696703,Bangalore,"BANGALORE",S01405,Y,750000,60,0,N,0,553,O,"",,"No.56 New Timber Yard LayoutMysore Road",,"",,,,,,AAACW1398L,BANGALORE,0,,,purchase@woodkraft.co.in,,,0,0,,0,,,,0,0000-00-00,0000-00-00,0000-00-00,,,,560026,0,0,,no,,no,,,,
W028,"WOOD SMITH",,NEW DELHI,"NEW DELHI",,Y,0,,0,N,0,,O,"",,"H-4/13MALVIYA NAGAR",,"",,,,,,,NEW DELHI,0,,,,,,0,0,,0,,,,0,0000-00-00,0000-00-00,0000-00-00,,,,,0,0,,no,,no,,,,
W029,"WOODKRAFT (INDIA) LTD.-ROTHAK",09845696703,ROHTAK,"ROHTAK",S01405,Y,750000,60,0,N,0,553,O,"",,"NARAIN COMPLEXCIVIL ROAD",,"",,,,,,AAACW1398L,ROHTAK,0,,,,,,0,0,,0,,,,0,0000-00-00,0000-00-00,0000-00-00,,,,,0,0,,no,,no,,,,
W031,"WEALTH CREATOR",,,"",,Y,0,,0,N,0,,O,"",,"29 / A BAPUJINAGAR JANPATH BHUBANESWAR",,"",,,,,,,,0,,,,,,0,0,,0,,,,0,0000-00-00,0000-00-00,0000-00-00,,,,,0,0,,no,,no,,,,
W031,"WEALTH CREATOR",,NULL,"NULL",,Y,0,,0,N,0,,O,"",,"29 / A BAPUJINAGAR JANPATH BHUBANESWAR",,"",,,,,,,,0,,,,,,0,0,,0,,,,0,0000-00-00,0000-00-00,0000-00-00,,,,,0,0,,no,,no,,,,
W1008,"WOOD CRAFT FURNISHERS",,NEW DELHI,"NEW DELHI",,Y,0,,0,N,0,,O,"",,"PLOT NO.59 WHSKIRTI NAGAR",,"",,,,,,,NEW DELHI,0,,,,,,0,0,,0,,,,0,0000-00-00,0000-00-00,0000-00-00,,,,,0,0,,no,,no,,,,
W1010,"WINDCHIMES CONSTRUCTION PVT LTD.",,NEW DELHI,"NEW DELHI",S10008,Y,0,0,0,N,0,441,P,"",,"A-158 BASMENT VASANT VIHAR",,"",,,,,,,NEW DELHI,0,,,,,,0,0,,0,,,,0,0000-00-00,0000-00-00,0000-00-00,,,,110057,0,0,no,no,,no,,,,
W1011,"WOODKRAFT(INDIA)LTD",09845696703,NOIDA,"NOIDA",S01405,Y,0,30,0,N,0,553,O,"",,"IST FLOORHARBANS MARKETSECTOR-27",,"",,,,,,AAACW1398L,NOIDA,0,,,,,,0,0,,0,,,,0,0000-00-00,0000-00-00,0000-00-00,,,,,0,0,,no,,no,,,,
W1012,"WOOD HOME",9810128609,FARIDABAD,"Faridabad",S10042,Y,0,0,552240,N,0,441,O,"R1075",,"16/6MATHURA ROAD",,"",,,,,,AYEPS2584D,FARIDABAD,0,,,rajpal.plywood74@gmail.com,,,0,0,,0,,,,0,0000-00-00,0000-00-00,0000-00-00,,,,121001,0,0,no,no,,no,,,,
W1013,"WADHAWA SINGH SOKHI & CO.",9814005037,MOHALI,"MOHALI",,Y,3000000,45,105992,N,0,,D,"",,"C-37INDUSTRIAL AREA PHASE-II",,"KULWINDER SINGH",,,,,,AAAFW4585E,MOHALI,0,,,wssokhi.co@gmail.com,,,0,0,,0,,,,0,0000-00-00,0000-00-00,0000-00-00,,,,,0,0,,no,,no,,,,
W1019,"WOODCRAFT FURNITURE",9831274343,KOLKATA,"KOLKATA",,Y,400000,45,435,N,0,,O,"",,"1 MUNNA PARA ANANDPUR",,"SOMESH RANJAN SHASMAL",,,,,,BGXPS0671P,KOLKATA,0,,,woodcraft.kol@gmail.com,,,0,0,,0,,,,0,0000-00-00,0000-00-00,0000-00-00,,,,,0,0,,no,,no,,,,
W1022,"WILLO WOOD CHEMICALS PVT LTD",,NEW DELHI,"NEW DELHI",,Y,0,,0,N,0,,P,"",,"922B89 HEMKUNT CHEMBER NEHRU PALACE",,"",,,,,,,NEW DELHI,0,,,,,,0,0,,0,,,,0,0000-00-00,0000-00-00,0000-00-00,,,,,0,0,,no,,no,,,,
W1028,"WALI AGENCIES",09448111601,GOKAK,"GOKAK",,Y,500000,60,0,N,0,553,O,"",,"WALI BUILDINGOPPO.BDO BUILDINGBUS STAND ROAD",,"",,,,,,,GOKAK,0,,,appugkk@gmail.com,,,0,0,,0,,,,0,0000-00-00,0000-00-00,0000-00-00,,,,591307,0,0,,no,,no,,,,
W1030,"WOOD CRAFT",9425103112,RATLAM,"RATLAM",S10004,Y,0,30,0,N,0,,O,"",,"197LAKKAD PITHA",,"",,,,,,,RATLAM,0,,,megjitsingh@woodcraftfurnishers.com,,,0,0,,0,,,,0,0000-00-00,0000-00-00,0000-00-00,,,,,0,0,,no,,no,,,,
W1031,"WOODKRAFT (INDIA) LTD",09810064193,LUDHIANA,"LUDHIANA",S01405,Y,750000,60,0,N,0,553,O,"",,"B-1-1185 SATSUNG ROADCIVIL LINES",,"",,,,,,AAACW1398L,LUDHIANA,0,,,,,,0,0,,0,,,,0,0000-00-00,0000-00-00,0000-00-00,,,,141001,0,0,,no,,no,,,,
W1032,"WOOD RICH",09886067505,Bangalore,"BANGALORE",,Y,500000,60,0,N,0,553,D,"",,"NO.28 POOVIAH PLAZASUBRAMANYAPURA MAIN RDUTTARAHALLI",,"MAHESH",40940635,,,,,AEOPR2324G,BANGALORE,0,,,,,,0,0,,0,,,,0,0000-00-00,0000-00-00,0000-00-00,,,,560061,0,0,,no,,no,,,,
W1036,"WOODKRAFT (INDIA)LTD.",09845696703,NEW DELHI,"NEW DELHI",,Y,750000,60,0,N,0,553,P,"",,"10REKHA ENC.MANSAROVERWHS ROADKIRTI NAGAR",,"",,,,,,AAACW1398L,NEW DELHI,0,,,,,,0,0,,0,,,,0,0000-00-00,0000-00-00,0000-00-00,,,,110015,0,0,,no,,no,,,,
W1043,"WOOD VENEER DECOR",9825030301,AHMEDABAD,"AHMEDABAD",,Y,5000000,45,0,N,0,332,D,"",,"2/8/A GANDHI PARK S.M.ROAD NEAR NEHRUNAGAR India",,"SACHIN SHAH",,,,,,AABFW8233C,AHMEDABAD,0,,,woodveneerdecor@gmail.com,,,0,0,,0,,,,0,0000-00-00,0000-00-00,0000-00-00,,,,380006,0,0,,,,,,,,
W1047,"WAVE MEGACITY CENTRE PVT.LTD.",8588820493,NOIDA,"NOIDA",S10155,Y,0,45,0,N,0,441,P,"",,"PLOT NO.01BLOCK-CC-1 SECTORE-25A & 32 India",,"",,,,,,AABCW1076G,NOIDA,0,,,ekta@waveinfratech.com,,,0,0,,0,,,,0,0000-00-00,0000-00-00,0000-00-00,,,,201301,0,0,no,no,,no,,,,
W105,"WOOD HOUSE LTD",8606466066,RAJKOT,"RAJKOT",,Y,0,0,0,N,0,317,O,"",,"",,"0",,,,,,0,RAJKOT,0,,,sales@woodhouse.in,,,0,0,,0,,,,0,0000-00-00,0000-00-00,0000-00-00,,,,0,0,0,,,,no,,,,
W1050,"WOOD CRAFT",9826053499,BHOPAL,"BHOPAL",,Y,1500000,30,0,N,0,446,P,"",,"39NADIR COLONY SHYMLA HILLSIndia",,"RUCKIKA SETH",,,,,,AAPPS0676R,BHOPAL,0,,,woodcraft284@gmail.com,,,0,0,,0,,,,0,0000-00-00,0000-00-00,0000-00-00,,,,462002,0,0,,no,,no,,,,
W1055,"WOOD STUFF",9797000200,SRINAGAR,"SRINAGAR",,Y,0,0,0,N,0,454,D,"",,"MOMIAN ABADBATAMALOO BYE PASSIndia",,"MEHRAJ UD DIN GANAIE",,,,,,AAAFW9863H,SRINAGAR,0,,,woodstuff12@gmail.com,,,0,0,,0,,,,0,0000-00-00,0000-00-00,0000-00-00,,,,190009,0,0,,no,,no,,,,
W1056,"WOOD HOMES",9888851166,PATHANKOT,"PATHANKOT",,Y,1000000,30,0,N,0,454,D,"",,"NEAR A.B. COLLEGEJALLANDHAR DALHOUSIE BYE PASS ROADIndia",,"VIKRANT SHARMA",1862226222,,,,,BCIPS2723R,PATHANKOT,0,,,woodhomespathankot@gmail.com,,,0,0,,0,,,,0,0000-00-00,0000-00-00,0000-00-00,,,,145001,0,0,,no,,no,,,,
W1060,"WADHWA PLYWOOD TRADERS",9897123545,MEERUT,"MEERUT",S10230,Y,1000000,30,0,N,0,,D,"",,"348 IDGAH CHOWK DELHI ROAD MEERUT CITY",,"MOHAN LAL WADHWA",,,,,,AABPW2369K,MEERUT,0,,,rajat_wadh@yahoo.com,,,0,0,,0,,,,0,0000-00-00,0000-00-00,0000-00-00,,,,250002,0,0,,no,,no,,,,
W1062,"WONDER WOOD EMPORIO",9758289000,AGRA,"Agra",S10221,Y,0,0,0,N,0,447,D,"",,"PLOT NO. - 61 YOJANA MAUZA DETHORA PASHCHIMPURI",,"NIDHI AGARWAL",,,,,,AIHPG7581R,AGRA,0,,,wonderwoodemporio@gmail.com,,,0,0,,0,,,,0,0000-00-00,0000-00-00,0000-00-00,,,,282004,0,0,,,,,,,,
W1064,"WOOD STAR PLYLAM",9983386101,KOTA,"KOTA",S10109,Y,1500000,30,0,N,0,427,D,"",,"402SHOPING CENTERKOTA RAJASTHAN",,"PIYUSH SHARMA",9983386101,,,,,BILPS5491M,KOTA,0,,,woodstarplylam@gmail.com,,,0,0,,0,,,,0,0000-00-00,0000-00-00,0000-00-00,,,,324007,0,0,,,,,,,,
W1064,"WOOD STAR PLYLAM",9983386101,RAJASTHAN,"",S10109,D,1500000,30,0,N,0,427,D,"",,"402SHOPING CENTERKOTA RAJASTHAN",,"PIYUSH SHARMA",9983386101,,,,,BILPS5491M,KOTA,0,,,woodstarplylam@gmail.com,,,0,0,,0,,,,0,0000-00-00,0000-00-00,0000-00-00,,,,324007,0,0,,,,,,,,
W1066,"WEST BENGAL MANUFACTURING CO PVT LTD",,SIVSAGAR,"SIVSAGAR",,Y,0,0,0,N,0,457,O,"",,"SONARI SIVSAGAR",,"0",,,,,,,SIVSAGAR,0,,,,,,0,0,,0,,,,0,0000-00-00,0000-00-00,0000-00-00,,,,785690,0,0,,,,,,,,
W1072,"WOODCRAFT TIMBER",9041294086,MOHALI,"MOHALI",S10074;D10350;D10482,Y,0,0,0,N,0,443,D,"",,"PLOT NO. 637 SECTOR-82                 SAS MAGAR",,"GURPREET SINGH",,,,,,AAEFW0401D,MOHALI,0,,,gurpreetigopi7056@gmail.com,,,0,0,,0,,,,0,1971-01-01,1971-01-01,1971-01-01,,,,160055,0,0,no,no,no,no,,,,
W1073,"WOOD VENEER DECOR.",9825030301,AHMEDABAD,"AHMEDABAD",D02052,Y,0,0,0,N,0,332,D,"",,"2/8/A GANDHI PARK                      S.M.ROAD NEAR NEHRUNAGAR",,"0",,,,,,AABFW8233C,AHMEDABAD,0,,,woodveneerdecor@gmail.com,,,0,0,,0,,,,0,1971-01-01,1971-01-01,1971-01-01,,,,380006,0,0,no,no,no,no,,,,
W1078,"WOOD WORKS",9977155591,SATNA,"SATNA",S01438;D02181,Y,0,0,0,N,0,446,P,"",,"INFRONT OF SITARAM PETROL PUMP      RAGHURAJ NAGAR INDUSTRIAL AREA      REWA ROAD",,"APOORV GUPTA",,,,,,ADCPG8426H,SATNA,0,,,m123.apoorv@gmail.com,,,0,0,,0,,,,0,1971-01-01,1971-01-01,1971-01-01,,,,485001,0,0,no,no,no,no,,,,
W1085,"WOOD POINT",9811054871,GURUGRAM,"GURUGRAM",S10175;S10223,Y,0,0,0,N,0,441,O,"",,"OPP. MALWA HONDA SHOWROOM                KRISHNA NAGAR BASAI ROAD",,"MANAN AGGARWAL",,,,,,DFRPA9424M,GURUGRAM,0,,,naturedeco.info@gmail.com,,,0,0,,0,,,,0,1971-01-01,1971-01-01,1971-01-01,,,,122001,0,0,no,no,no,no,,,,
W1086,"WHITEHOUSE INTERIORS",9007407800,KOLKATA,"KOLKATA",S10008,Y,0,0,0,N,0,441,O,"",,"WEST BENGAL BOARD OF SECONDARY EDUCATION BASEMENT 46/D B-5 SATYAM BUILDING        RAFI AHMED KIDWAI ROAD PARK STREET AREA",,"ANJU SINGH",,,,,,ALMPS5559F,KOLKATA,0,,,whitehouse_interiors@yahoo.com,,,0,0,,0,,,,0,0000-00-00,0000-00-00,0000-00-00,,,,700016,0,0,,,,,,,,
W1087,"WOOD LAND MARKETING CENTRE",9830019187,KOLKATA,"KOLKATA",D02122,Y,0,0,0,N,0,457,D,"",,"3/85 CHITTARANJAN COLONY						          BAGHAJATIN KOLKATA",,"ARABINDO GUHATHAKURTA",,,,,,ADYPG8761B,KOLKATA,0,,,woodland.mc@gmail.com,,,0,0,,0,,,,0,0000-00-00,0000-00-00,0000-00-00,,,,700032,0,0,,,,,,,,
W1088,"WOODFLIP TIMBER TRADERS",9990669069,MAHENDRAGARH,"MAHENDRAGARH",D10344,Y,0,0,0,N,0,,D,"",,"NO.2515 OPP.MARUTI PLATINUM SHOWROOM			 REWARI ROAD						                        KAILASH NAGAR NARNAUL",,"RAM GOPAL SHARMA",,,,,,ARRPR1680D,MAHENDRAGARH,0,,,woodfliptimber@gmail.com,,,0,0,,0,,,,0,1971-01-01,1971-01-01,1971-01-01,,,,123001,0,0,no,no,no,no,,,,
W1093,"WOODTECH MANUFACTURERS",9888553588,MOHALI,"MOHALI",D10355,Y,0,0,0,N,0,443,D,"",,"SHED NO.F-182 INDUSTRIAL AREA          PHASE 8 B                               SAS NAGAR",,"JAGJIT SINGH",,,,,,BJWPS0390B,MOHALI,0,,,woodtechhdoors5535@gmail.com,,,0,0,,0,,,,0,1971-01-01,1971-01-01,1971-01-01,,,,160062,0,0,no,no,no,no,,,,
W1097,"WOOD PLANET",8946902173,KOTA,"KOTA",D10441,Y,0,0,0,N,0,427,O,"",,"P.NO.90-A                          NEW DHAN MANDI                     FIRST FLOOR",,"VIKAS MANDAL",,,,,,AYIPG8077F,KOTA,0,,,woodplanetkota@gmail.com,,,0,0,,0,,,,0,1971-01-01,1971-01-01,1971-01-01,,,,324007,0,0,no,no,no,no,,,,
X1003,"XOTEAK",7925323688,AHMEDABAD,"AHMEDABAD",,Y,3500000,45,0,N,0,332,D,"",,"23-A S.P. TIMBER MARKETGITAMANDIR",,"NIMESH PATEL",,,,,,AAXPP1381Q,AHMEDABAD,0,,,info@hareshwar.com,,,0,0,,0,,,,0,0000-00-00,0000-00-00,0000-00-00,,,,380022,0,0,,no,,no,,,,
Y1001,"YAGODA SATSANGA SOCIETY OF INDIA",,NOIDA-U.P.,"NOIDA-U.P.",,Y,0,,0,N,0,,O,"",,"",,"",,,,,,,NOIDA-U.P.,0,,,,,,0,0,,0,,,,0,0000-00-00,0000-00-00,0000-00-00,,,,,0,0,,no,,no,,,,
Y1006,"YEWANKAR HARDWARE N SANITARY",9326064971,BARSI,"BARSI",,Y,1000000,45,0,N,0,,D,"",,"1949 SHRI HANUMAN BUILDING  LOKHAND GALLI  DIST: SOLAPUR",,"AMOL YEVEANKAR",,,,,,AAAFY5472G,BARSI,0,,,amolyevankar@ymail.com,,,0,0,,0,,,,0,0000-00-00,0000-00-00,0000-00-00,,,,,0,0,,no,,no,,,,
Y1008,"YASEEN AHMED",,NEW DELHI,"NEW DELHI",,Y,0,,0,N,0,,O,"",,"13-Jan-11",,"",,,,,,,NEW DELHI,0,,,,,,0,0,,0,,,,0,0000-00-00,0000-00-00,0000-00-00,,,,,0,0,,no,,no,,,,
Y1015,"YES OFFICE SOLUTION PVT. LTD.",,KOLKATA,"KOLKATA",,Y,0,0,0,N,0,457,O,"",,"36 STRAND ROAD                          1ST FLOOR                                ROOM NO. 2 & 3",,"0",,,,,,AAACY5263G,KOLKATA,0,,,0,,,0,0,,0,,,,0,0000-00-00,0000-00-00,0000-00-00,,,,700001,0,0,,,,,,,,
Y1048,"YASH LAMINATES",9818627489,NOIDA,"NOIDA",S10015,Y,0,0,0,N,0,441,D,"",,"C-25 SECTOR-9 GAUTAM BUDDHA NAGAR",,"RAJIV AGARWAL",,,,,,AHSPA9571H,NOIDA,0,,,yashlaminates9@gmail.com,,,0,0,,0,,,,0,0000-00-00,0000-00-00,0000-00-00,,,,201301,0,0,,,,,,,,
Y1056,"YOU WE TRADERS",7841034770,INDORE,"INDORE",D01931,Y,0,0,0,N,0,446,D,"",,"334 SAI KRIPA COLONY",,"PRIYA 		 JANGDE",,,,,,ASJPJ5637K,INDORE,0,,,tradersyouwe@gmail.com,,,0,0,,0,,,,0,0000-00-00,0000-00-00,0000-00-00,,,,452010,0,0,,,,,,,,
Y1062,"YAMUNA NAGAR PLY HOUSE",7061011024,PATNA,"PATNA",D02015,Y,0,0,0,N,0,219,O,"",,"WARD NO.-37SHOP NO.-05 HOLDING-8226/43 CHANDRAWATI MARKET BRIJ KISHORE PATH   P.OP.S-GANDHI MAIDANEAST EXHIBITION RD",,"RAHUL KUMAR SINGH",,,,,,ELWPS2016D,PATNA,0,,,rahulraj2494@gmail.com,,,0,0,,0,,,,0,1971-01-01,1971-01-01,1971-01-01,,,,800001,0,0,no,no,no,no,,,,
Y1063,"YUVRAJ HARDWARE",9340357048,SINGRAULI,"SINGRAULI",D02181,Y,0,0,0,N,0,446,P,"",,"07 YUVRAJ HARDWARE VIDHYA NAGAR  WAIDHAN ROAD IN FRONT OF SHIVRAJI COMPLEX BIHAR SEC NO.1",,"YUVRAJ SHAH",919340357048,,,,,CKSPS5221B,SINGRAULI,0,,,yuvraj13290@gmail.com,,,0,0,,0,,,,0,1971-01-01,1971-01-01,1971-01-01,,,,486886,0,0,no,no,no,no,,,,
Z1011,"ZACK INTERNATIONAL",9650482868,NEW DELHI,"NEW DELHI",S10015,Y,0,0,0,N,0,441,D,"",,"KH-24/11MASTER MOHALLA GALI NO.6RAJIV NAGARLIBASPUR",,"MANISH GUPTA",,,,,,AAGPG5928B,NEW DELHI,0,,,harsh.cool0803@gmail.com,,,0,0,,0,,,,0,0000-00-00,0000-00-00,0000-00-00,,,,110042,0,0,no,no,,no,,,,
Z1020,"Z AXIS CARPENTER LLP",9810004491,GHAZIABAD,"GHAZIABAD",S10230,Y,0,0,0,N,0,448,O,"",,"C-171 B.S.ROAD INDUSTRIAL AREA",,"SANDEEP GOYAL",,,,,,AACFZ5515F,GHAZIABAD,0,,,zaxissarpenter@gmail.com,,,0,0,,0,,,,0,0000-00-00,0000-00-00,0000-00-00,,,,201009,0,0,,,,,,,,
Z1024,"ZAMYA DESIGNS PRIVATE LIMITED",9999013855,NOIDA,"NOIDA",S10152,Y,0,0,0,N,0,448,O,"",,"PLOT NO.12 SECTOR-138						             GAUTAM BUDDHA NAGAR",,"VIKASH SHARMA",,,,,,AABCZ4784A,NOIDA,0,,,accounts@zamya.com,,,0,0,,0,,,,0,0000-00-00,0000-00-00,0000-00-00,,,,201305,0,0,,,,,,,,
